,Dataset,R1InputReads,R1InputReadsBP,R1WithAdapters,R1QualTrimBP,R1TrimmedReads,R1TrimmedReadsBP,R1TrimmedReadsRate,R1UniqueMappedReads,R1UniqueMappedReadsMapQ30,R1DeduppedReads,R1DeduppedReadsMapQ30,R2InputReads,R2InputReadsBP,R2WithAdapters,R2QualTrimBP,R2TrimmedReads,R2TrimmedReadsBP,R2TrimmedReadsRate,R2UniqueMappedReads,R2UniqueMappedReadsMapQ30,R2DeduppedReads,R2DeduppedReadsMapQ30,CisShortContact,CisLongContact,TransContact,mCHmC,mCHCov,mCHFrac,mCGmC,mCGCov,mCGFrac,mCCCmC,mCCCCov,mCCCFrac,GenomeCov,LambdaCYCov,LambdaCYFrac,FinalmCReads,CellInputReadPairs,R1MappingRate,R2MappingRate,R1DuplicationRate,R2DuplicationRate,R1MappingRateMapQ30,R2MappingRateMapQ30,TotalContacts,CisShortRatio,CisLongRatio,TransRatio
sc_49_CKDL200165520-1a-D707-AK1680_HF2L3CCX2_L7,methylhic_new,26353.0,3952950.0,5233.0,32241.0,22132.0,2893645.0,0.8398284825257086,53.0,51.0,50.0,48.0,26353.0,3952950.0,1816.0,538388.0,24775.0,2878685.0,0.940120669373506,27.0,26.0,27.0,26.0,1.0,0.0,1.0,24.0,817.0,0.02937576499388,9.0,39.0,0.2307692307692307,2.0,116.0,0.0172413793103448,1.2402632859758725e-06,0.0,0.0,77.0,26353.0,0.2394722573649015,0.1089808274470232,5.660377358490565,0.0,0.2304355684077353,0.1049445005045408,2.0,0.5,0.0,0.5
sc_18_CKDL200165520-1a-DY0088-AK1681_HF2L3CCX2_L7,methylhic_new,14461249.0,2169187350.0,4698640.0,9328720.0,10712456.0,1382455062.0,0.7407697633862745,67006.0,65653.0,28434.0,27729.0,14461249.0,2169187350.0,4264640.0,104370094.0,10970088.0,1367238199.0,0.7585850987006724,36539.0,36069.0,26411.0,26028.0,2455.0,79.0,1168.0,15714.0,565153.0,0.0278048599228881,6579.0,25883.0,0.2541822818065912,2068.0,65434.0,0.0316043647033652,0.0007117631880434,0.0,0.0,54845.0,14461249.0,0.6254961513960944,0.3330784584408074,57.56499417962571,27.71832836147677,0.6128659945021011,0.3287940807767449,3702.0,0.6631550513236089,0.0213398163155051,0.315505132360886
sc_28_CKDL200165520-1a-D704-AK1780_HF2L3CCX2_L7,methylhic_new,532715.0,79907250.0,284175.0,723791.0,287022.0,35452591.0,0.5387909107121068,1082.0,1052.0,945.0,917.0,532715.0,79907250.0,164677.0,12905733.0,384455.0,39213689.0,0.7216898341514694,226.0,225.0,219.0,218.0,27.0,0.0,14.0,929.0,10781.0,0.086170114089602,122.0,478.0,0.2552301255230125,129.0,1091.0,0.1182401466544454,1.7535059850085805e-05,0.0,0.0,1164.0,532715.0,0.3769745873138644,0.0587845131419802,12.661737523105366,3.097345132743368,0.366522426852297,0.0585244046767502,41.0,0.6585365853658537,0.0,0.3414634146341463
sc_80_CKDL200165520-1a-D710-AK1546_HF2L3CCX2_L7,methylhic_new,2338119.0,350717850.0,1097936.0,790783.0,1470483.0,182643448.0,0.6289170910462641,2628.0,2572.0,1630.0,1586.0,2338119.0,350717850.0,958683.0,13457532.0,1579439.0,190531109.0,0.6755169433206779,1778.0,1751.0,1508.0,1484.0,123.0,4.0,73.0,3351.0,28969.0,0.1156753771272739,331.0,1094.0,0.3025594149908592,326.0,2960.0,0.1101351351351351,4.390832302769262e-05,0.0,0.0,3138.0,2338119.0,0.1787167889734189,0.1125716156179504,37.97564687975646,15.185601799775029,0.1749085164534374,0.1108621478892188,200.0,0.615,0.02,0.365
sc_82_CKDL200165520-1a-D711-AK1681_HF2L3CCX2_L7,methylhic_new,17489634.0,2623445100.0,8543184.0,7952243.0,10629492.0,1317450831.0,0.6077595448824143,44673.0,43709.0,16529.0,16115.0,17489634.0,2623445100.0,7397675.0,114742493.0,11499521.0,1379543133.0,0.6575049540773695,25844.0,25550.0,17577.0,17366.0,1621.0,53.0,824.0,16568.0,341541.0,0.0485095493659619,4188.0,15033.0,0.2785871083616045,2226.0,39992.0,0.0556611322264452,0.0004384233677315,0.0,0.0,34106.0,17489634.0,0.4202740827125135,0.2247397956836636,63.000022384885725,31.98808234019501,0.4112049757410796,0.2221831674554096,2498.0,0.6489191353082466,0.021216973578863,0.3298638911128903
sc_92_CKDL200165520-1a-D712-AK1780_HF2L3CCX2_L7,methylhic_new,143659.0,21548850.0,43661.0,191580.0,109724.0,14071290.0,0.7637808978205334,544.0,531.0,491.0,478.0,143659.0,21548850.0,21069.0,2947735.0,126708.0,14438808.0,0.8820053042273718,200.0,196.0,192.0,188.0,25.0,0.0,9.0,204.0,6656.0,0.0306490384615384,92.0,343.0,0.2682215743440233,18.0,610.0,0.0295081967213114,1.016305498641109e-05,0.0,0.0,683.0,143659.0,0.4957894353104152,0.1578432301038608,9.742647058823527,4.000000000000004,0.4839415260107177,0.1546863655017836,34.0,0.7352941176470589,0.0,0.2647058823529412
sc_68_CKDL200165520-1a-D709-AK1780_HF2L3CCX2_L7,methylhic_new,943206.0,141480900.0,90117.0,791020.0,890333.0,117843236.0,0.9439433167303856,5750.0,5635.0,3595.0,3509.0,943206.0,141480900.0,79652.0,9203577.0,886559.0,112801984.0,0.9399420699189784,2954.0,2919.0,2538.0,2507.0,248.0,8.0,105.0,1894.0,61961.0,0.0305676151127322,760.0,2895.0,0.2625215889464594,188.0,6568.0,0.0286236297198538,8.569754253133967e-05,0.0,0.0,6133.0,943206.0,0.6458257752998036,0.3331983545370359,37.47826086956522,14.082599864590383,0.6329092597938074,0.3292505067344644,361.0,0.6869806094182825,0.0221606648199446,0.2908587257617728
sc_88_CKDL200165520-1a-D711-AK1546_HF2L3CCX2_L7,methylhic_new,136566.0,20484900.0,37946.0,122339.0,106757.0,13828926.0,0.7817245873789962,294.0,287.0,267.0,261.0,136566.0,20484900.0,18325.0,2383595.0,121375.0,14300469.0,0.8887644069534145,113.0,110.0,107.0,104.0,4.0,0.0,7.0,372.0,3599.0,0.1033620450125034,63.0,162.0,0.3888888888888889,33.0,379.0,0.0870712401055409,5.865892405682758e-06,0.0,0.0,374.0,136566.0,0.2753917775883548,0.0930998970133882,9.183673469387754,5.309734513274334,0.2688348305029178,0.0906282183316168,11.0,0.3636363636363636,0.0,0.6363636363636364
sc_81_CKDL200165520-1a-D711-AK1680_HF2L3CCX2_L7,methylhic_new,107332.0,16099800.0,28642.0,106820.0,84606.0,10954746.0,0.7882644504900682,308.0,302.0,266.0,262.0,107332.0,16099800.0,11315.0,2001512.0,97817.0,11486113.0,0.911349830432676,130.0,128.0,128.0,126.0,13.0,1.0,3.0,167.0,3722.0,0.0448683503492745,39.0,168.0,0.2321428571428571,14.0,359.0,0.0389972144846796,5.888961961932087e-06,0.0,0.0,394.0,107332.0,0.3640403753870884,0.1329012339368412,13.636363636363637,1.538461538461533,0.3569486797626646,0.1308565995685821,17.0,0.7647058823529411,0.0588235294117647,0.1764705882352941
sc_19_CKDL200165520-1a-DY0088-AK1682_HF2L3CCX2_L7,methylhic_new,84462.0,12669300.0,17788.0,156228.0,73276.0,9405490.0,0.8675617437427482,460.0,450.0,434.0,424.0,84462.0,12669300.0,13652.0,1902219.0,73922.0,8197543.0,0.8752101536785774,104.0,103.0,104.0,103.0,19.0,0.0,3.0,84.0,5270.0,0.0159392789373814,60.0,302.0,0.1986754966887417,13.0,520.0,0.025,8.11792051573638e-06,0.0,0.0,538.0,84462.0,0.6277635242098367,0.1406888341765645,5.652173913043479,0.0,0.6141164910748403,0.1393360569248667,22.0,0.8636363636363636,0.0,0.1363636363636363
sc_69_CKDL200165520-1a-D709-AK1543_HF2L3CCX2_L7,methylhic_new,983564.0,147534600.0,131947.0,495266.0,895881.0,118563695.0,0.9108517595194618,2321.0,1796.0,940.0,900.0,983564.0,147534600.0,98707.0,8067330.0,912789.0,116542463.0,0.9280423032969892,990.0,901.0,732.0,714.0,75.0,4.0,51.0,2848.0,15593.0,0.1826460591290964,358.0,812.0,0.4408866995073892,387.0,1587.0,0.2438563327032136,2.311166734407061e-05,0.0,0.0,1672.0,983564.0,0.2590745869150032,0.108458800445667,59.50021542438604,26.060606060606062,0.2004730538988995,0.0987084638399454,130.0,0.5769230769230769,0.0307692307692307,0.3923076923076923
sc_54_CKDL200165520-1a-D707-AK1544_HF2L3CCX2_L7,methylhic_new,45104.0,6765600.0,7684.0,36714.0,39606.0,5193949.0,0.878103937566513,85.0,84.0,73.0,72.0,45104.0,6765600.0,6273.0,433643.0,40657.0,5057527.0,0.901405640297978,42.0,41.0,42.0,41.0,3.0,0.0,5.0,67.0,1049.0,0.0638703527168732,21.0,37.0,0.5675675675675675,7.0,104.0,0.0673076923076923,1.7455964228659531e-06,0.0,0.0,115.0,45104.0,0.2146139473817098,0.1033032442137885,14.117647058823534,0.0,0.2120890774125133,0.1008436431610792,8.0,0.375,0.0,0.625
sc_57_CKDL200165520-1a-D708-AK1680_HF2L3CCX2_L7,methylhic_new,29572.0,4435800.0,8350.0,37205.0,22860.0,2950855.0,0.7730285405112944,94.0,92.0,85.0,84.0,29572.0,4435800.0,2087.0,759116.0,27652.0,3083305.0,0.9350737183822536,33.0,33.0,33.0,33.0,4.0,0.0,1.0,74.0,1120.0,0.0660714285714285,21.0,70.0,0.3,8.0,124.0,0.064516129032258,1.8382408312958013e-06,0.0,0.0,118.0,29572.0,0.4111986001749781,0.1193403732098944,9.57446808510638,0.0,0.4024496937882764,0.1193403732098944,5.0,0.8,0.0,0.2
sc_36_CKDL200165520-1a-D705-AK1780_HF2L3CCX2_L7,methylhic_new,1232501.0,184875150.0,629267.0,1361033.0,713613.0,87350221.0,0.5789958791108486,2375.0,2317.0,1984.0,1933.0,1232501.0,184875150.0,366695.0,27071771.0,922417.0,96615354.0,0.7484107517965503,676.0,673.0,625.0,622.0,60.0,1.0,21.0,1470.0,25137.0,0.0584795321637426,324.0,1168.0,0.2773972602739726,183.0,2766.0,0.0661605206073752,3.77062742309482e-05,0.0,0.0,2609.0,1232501.0,0.3328134437012778,0.0732857265206517,16.463157894736845,7.544378698224852,0.3246857890761519,0.0729604940065068,82.0,0.7317073170731707,0.0121951219512195,0.2560975609756097
sc_96_CKDL200165520-1a-D712-AK1546_HF2L3CCX2_L7,methylhic_new,85005.0,12750750.0,24472.0,88216.0,66003.0,8505275.0,0.7764602082230457,199.0,191.0,181.0,174.0,85005.0,12750750.0,15263.0,1367013.0,72819.0,8532201.0,0.8566437268395977,86.0,85.0,86.0,85.0,7.0,0.0,9.0,133.0,2505.0,0.0530938123752495,33.0,96.0,0.34375,9.0,222.0,0.0405405405405405,4.187307550969619e-06,0.0,0.0,267.0,85005.0,0.3015014469039286,0.1181010450569219,9.045226130653262,0.0,0.2893807857218611,0.1167277770911437,16.0,0.4375,0.0,0.5625
sc_45_CKDL200165520-1a-D706-AK1543_HF2L3CCX2_L7,methylhic_new,673540.0,101031000.0,112826.0,391729.0,595822.0,78263158.0,0.88461264364403,1469.0,1439.0,977.0,958.0,673540.0,101031000.0,87928.0,5869513.0,612205.0,77152091.0,0.9089363660658608,786.0,775.0,683.0,673.0,68.0,2.0,22.0,1365.0,16029.0,0.0851581508515815,301.0,813.0,0.3702337023370233,93.0,1629.0,0.0570902394106814,2.4039942345531748e-05,0.0,0.0,1660.0,673540.0,0.2465501441705744,0.1283883666418928,33.49217154526889,13.104325699745544,0.2415150833638234,0.126591582884818,92.0,0.7391304347826086,0.0217391304347826,0.2391304347826087
sc_5_CKDL200165520-1a-D701-AK1543_HF2L3CCX2_L7,methylhic_new,832719.0,124907850.0,302207.0,543454.0,580757.0,75140717.0,0.6974225398964117,3142.0,3073.0,2063.0,2013.0,832719.0,124907850.0,242811.0,7755911.0,627061.0,76989151.0,0.7530283324867092,1718.0,1694.0,1480.0,1457.0,143.0,1.0,74.0,990.0,36371.0,0.0272194880536691,435.0,1543.0,0.2819183408943616,140.0,3901.0,0.0358882337862086,5.019862203167654e-05,0.0,0.0,3543.0,832719.0,0.5410180161410022,0.2739765349782557,34.34118395926161,13.853317811408616,0.5291369712289306,0.2701491561427038,218.0,0.6559633027522935,0.0045871559633027,0.3394495412844037
sc_6_CKDL200165520-1a-D701-AK1544_HF2L3CCX2_L7,methylhic_new,65792.0,9868800.0,8080.0,64282.0,61115.0,8030515.0,0.9289123297665368,347.0,338.0,301.0,294.0,65792.0,9868800.0,7267.0,598350.0,61404.0,7728648.0,0.933304961089494,197.0,193.0,186.0,183.0,24.0,1.0,6.0,96.0,4952.0,0.0193861066235864,63.0,233.0,0.2703862660944206,1.0,436.0,0.0022935779816513,7.370906313377129e-06,0.0,0.0,487.0,65792.0,0.567782050233167,0.3208260048205328,13.256484149855908,5.58375634517766,0.5530557146363413,0.3143117712201159,31.0,0.7741935483870968,0.032258064516129,0.1935483870967742
sc_90_CKDL200165520-1a-D712-AK1681_HF2L3CCX2_L7,methylhic_new,6214721.0,932208150.0,673125.0,5697051.0,5887507.0,774789345.0,0.9473485615846632,50724.0,49701.0,28008.0,27311.0,6214721.0,932208150.0,706993.0,49984513.0,5796003.0,740142012.0,0.9326248113149408,27317.0,26963.0,21589.0,21290.0,2416.0,50.0,904.0,7473.0,507201.0,0.0147338037582733,6315.0,25245.0,0.2501485442661913,890.0,54440.0,0.0163482733284349,0.0006548095802318,0.0,0.0,49597.0,6214721.0,0.8615531157754887,0.4713075545337019,44.78353442157559,20.9686275945382,0.8441773402562408,0.4651998972395287,3370.0,0.716913946587537,0.0148367952522255,0.2682492581602373
sc_48_CKDL200165520-1a-D706-AK1546_HF2L3CCX2_L7,methylhic_new,61888.0,9283200.0,11378.0,66041.0,53266.0,6991360.0,0.8606838159255429,243.0,236.0,206.0,200.0,61888.0,9283200.0,4903.0,1043982.0,58388.0,6973447.0,0.9434462254395036,114.0,110.0,108.0,105.0,17.0,1.0,3.0,71.0,3104.0,0.0228737113402061,58.0,207.0,0.2801932367149758,13.0,276.0,0.0471014492753623,4.867310185176054e-06,0.0,0.0,314.0,61888.0,0.4562009537040513,0.1952455984106323,15.226337448559669,5.263157894736848,0.4430593624450869,0.188394875659382,21.0,0.8095238095238095,0.0476190476190476,0.1428571428571428
sc_13_CKDL200165520-1a-D702-AK1543_HF2L3CCX2_L7,methylhic_new,849966.0,127494900.0,150235.0,613249.0,735545.0,96879456.0,0.865381674090493,3553.0,3469.0,2190.0,2134.0,849966.0,127494900.0,122365.0,7956446.0,750228.0,94785218.0,0.8826564827298974,2041.0,2005.0,1747.0,1717.0,136.0,3.0,73.0,1160.0,38124.0,0.0304270275941664,436.0,1782.0,0.244668911335578,125.0,3917.0,0.0319121776870053,5.559287017626189e-05,0.0,0.0,3937.0,849966.0,0.483043185665051,0.272050629941831,38.36194764987335,14.404703576678102,0.4716230822043518,0.267252088698369,212.0,0.6415094339622641,0.0141509433962264,0.3443396226415094
sc_31_CKDL200165520-1a-D704-AK1545_HF2L3CCX2_L7,methylhic_new,69305.0,10395750.0,30095.0,100424.0,44376.0,5557330.0,0.6403001226462737,162.0,160.0,153.0,151.0,69305.0,10395750.0,18793.0,1584453.0,52772.0,5573600.0,0.7614457831325301,32.0,32.0,32.0,32.0,2.0,0.0,2.0,88.0,1669.0,0.0527261833433193,14.0,64.0,0.21875,10.0,117.0,0.0854700854700854,2.823640448231459e-06,0.0,0.0,185.0,69305.0,0.3650621957815035,0.0606382172364132,5.555555555555558,0.0,0.360555255092843,0.0606382172364132,4.0,0.5,0.0,0.5
sc_21_CKDL200165520-1a-DY0088-AK1543_HF2L3CCX2_L7,methylhic_new,1248382.0,187257300.0,259472.0,953217.0,1054500.0,137949368.0,0.8446933710995512,4221.0,4145.0,2893.0,2838.0,1248382.0,187257300.0,177940.0,14443715.0,1110169.0,137203250.0,0.8892862921765934,1996.0,1969.0,1760.0,1739.0,188.0,1.0,73.0,1762.0,45516.0,0.0387116618332015,522.0,2215.0,0.2356659142212189,192.0,4824.0,0.0398009950248756,6.567902664184188e-05,0.0,0.0,4653.0,1248382.0,0.400284495021337,0.1797924460149761,31.46173892442549,11.82364729458918,0.3930772878141299,0.1773603838694829,262.0,0.7175572519083969,0.0038167938931297,0.2786259541984733
sc_71_CKDL200165520-1a-D709-AK1545_HF2L3CCX2_L7,methylhic_new,187129.0,28069350.0,15766.0,135843.0,177876.0,23592975.0,0.9505528271940746,967.0,950.0,722.0,706.0,187129.0,28069350.0,16202.0,1548537.0,175387.0,22510927.0,0.937251842311988,443.0,435.0,404.0,397.0,48.0,2.0,15.0,255.0,11350.0,0.0224669603524229,177.0,593.0,0.2984822934232715,29.0,1125.0,0.0257777777777777,1.625415020309921e-05,0.0,0.0,1126.0,187129.0,0.5436371404798849,0.2525842850382297,25.33609100310238,8.803611738148987,0.5340799208437338,0.2480229435476973,65.0,0.7384615384615385,0.0307692307692307,0.2307692307692307
sc_42_CKDL200165520-1a-D706-AK1681_HF2L3CCX2_L7,methylhic_new,283798.0,42569700.0,83623.0,361495.0,219947.0,28162009.0,0.7750125088971733,784.0,772.0,706.0,694.0,283798.0,42569700.0,39528.0,6042305.0,253588.0,28503647.0,0.8935510468713662,223.0,221.0,216.0,214.0,14.0,0.0,12.0,368.0,8384.0,0.0438931297709923,77.0,368.0,0.2092391304347826,48.0,785.0,0.0611464968152866,1.368427487361038e-05,0.0,0.0,922.0,283798.0,0.3564495082906336,0.0879379150432985,9.948979591836736,3.139013452914796,0.3509936484698586,0.0871492341908923,26.0,0.5384615384615384,0.0,0.4615384615384615
sc_55_CKDL200165520-1a-D707-AK1545_HF2L3CCX2_L7,methylhic_new,73958.0,11093700.0,9158.0,55175.0,67606.0,8927917.0,0.9141134157224372,199.0,190.0,165.0,157.0,73958.0,11093700.0,7756.0,733535.0,67983.0,8564524.0,0.9192109034857622,113.0,110.0,106.0,103.0,7.0,1.0,2.0,52.0,2773.0,0.0187522538766678,52.0,170.0,0.3058823529411765,2.0,242.0,0.0082644628099173,4.337442758306527e-06,0.0,0.0,271.0,73958.0,0.2943525722569002,0.1662180250945089,17.085427135678387,6.194690265486724,0.2810401443658847,0.1618051571716458,10.0,0.7,0.1,0.2
sc_94_CKDL200165520-1a-D712-AK1544_HF2L3CCX2_L7,methylhic_new,17380.0,2607000.0,5504.0,19321.0,13130.0,1671015.0,0.7554660529344074,41.0,40.0,40.0,39.0,17380.0,2607000.0,4255.0,268918.0,13979.0,1601187.0,0.8043153049482163,20.0,19.0,17.0,16.0,1.0,0.0,0.0,29.0,461.0,0.0629067245119305,2.0,11.0,0.1818181818181818,1.0,53.0,0.0188679245283018,8.283069243806978e-07,0.0,0.0,57.0,17380.0,0.3122619954303123,0.1430717504828671,2.4390243902439046,15.000000000000002,0.3046458492003046,0.1359181629587238,1.0,1.0,0.0,0.0
sc_53_CKDL200165520-1a-D707-AK1543_HF2L3CCX2_L7,methylhic_new,1179932.0,176989800.0,257506.0,624379.0,992392.0,129567315.0,0.8410586372774024,2353.0,2300.0,1416.0,1379.0,1179932.0,176989800.0,208518.0,9919117.0,1020986.0,128296466.0,0.8652922371797697,1437.0,1413.0,1229.0,1210.0,77.0,4.0,54.0,5168.0,23800.0,0.2171428571428571,375.0,1015.0,0.3694581280788177,361.0,2372.0,0.1521922428330522,3.706948124178019e-05,0.0,0.0,2645.0,1179932.0,0.2371038863674838,0.140746298186263,39.82150446238843,14.474599860821158,0.2317632548428443,0.1383956293230269,135.0,0.5703703703703704,0.0296296296296296,0.4
sc_23_CKDL200165520-1a-DY0088-AK1545_HF2L3CCX2_L7,methylhic_new,173461.0,26019150.0,15729.0,143876.0,163503.0,21667590.0,0.9425922829915658,675.0,663.0,551.0,540.0,173461.0,26019150.0,13869.0,1751075.0,162953.0,20657655.0,0.939421541441592,380.0,376.0,359.0,355.0,34.0,0.0,9.0,323.0,8952.0,0.0360813226094727,112.0,527.0,0.2125237191650854,29.0,852.0,0.034037558685446,1.349605658929045e-05,0.0,0.0,910.0,173461.0,0.4128364617162988,0.2331960749418543,18.37037037037037,5.52631578947368,0.4054971468413423,0.2307413794161507,43.0,0.7906976744186046,0.0,0.2093023255813953
sc_2_CKDL200165520-1a-D701-AK1681_HF2L3CCX2_L7,methylhic_new,241924.0,36288600.0,70109.0,343919.0,188134.0,24117531.0,0.7776574461401101,776.0,763.0,689.0,676.0,241924.0,36288600.0,30599.0,5521504.0,217869.0,24329635.0,0.9005679469585489,173.0,172.0,167.0,166.0,17.0,1.0,11.0,318.0,8330.0,0.0381752701080432,120.0,366.0,0.3278688524590163,38.0,798.0,0.0476190476190476,1.2552401883663104e-05,0.0,0.0,856.0,241924.0,0.4124719614742683,0.079405514322827,11.211340206185572,3.4682080924855474,0.4055619930475087,0.0789465229105563,29.0,0.5862068965517241,0.0344827586206896,0.3793103448275862
sc_84_CKDL200165520-1a-D711-AK1780_HF2L3CCX2_L7,methylhic_new,958185.0,143727750.0,300013.0,537308.0,734668.0,94169066.0,0.7667287632346572,1411.0,1371.0,1028.0,1000.0,958185.0,143727750.0,233054.0,8869254.0,784052.0,95781100.0,0.8182678710269937,779.0,763.0,712.0,697.0,76.0,1.0,18.0,1167.0,15918.0,0.0733132303053147,241.0,766.0,0.314621409921671,168.0,1720.0,0.0976744186046511,2.480709663668009e-05,0.0,0.0,1740.0,958185.0,0.1920595425416651,0.0993556549820675,27.143869596031177,8.600770218228494,0.1866149063250338,0.097314974006826,95.0,0.8,0.0105263157894736,0.1894736842105263
sc_46_CKDL200165520-1a-D706-AK1544_HF2L3CCX2_L7,methylhic_new,45166.0,6774900.0,6342.0,35855.0,40966.0,5395790.0,0.9070096975601116,94.0,92.0,81.0,79.0,45166.0,6774900.0,5274.0,442717.0,41642.0,5194623.0,0.9219767081432936,47.0,47.0,45.0,45.0,7.0,0.0,1.0,20.0,1304.0,0.0153374233128834,24.0,66.0,0.3636363636363636,4.0,159.0,0.0251572327044025,2.069668760654157e-06,0.0,0.0,126.0,45166.0,0.2294585754039935,0.1128668171557562,13.829787234042556,4.255319148936165,0.2245764780549724,0.1128668171557562,8.0,0.875,0.0,0.125
sc_27_CKDL200165520-1a-D704-AK1682_HF2L3CCX2_L7,methylhic_new,103119.0,15467850.0,23191.0,305631.0,86789.0,11092060.0,0.8416392711333508,560.0,551.0,487.0,478.0,103119.0,15467850.0,14146.0,3219936.0,91657.0,9282461.0,0.8888468662419147,50.0,50.0,50.0,50.0,7.0,0.0,5.0,163.0,5210.0,0.0312859884836852,60.0,231.0,0.2597402597402597,18.0,522.0,0.0344827586206896,8.152707941826639e-06,0.0,0.0,537.0,103119.0,0.6452430607565475,0.0545512072182157,13.035714285714285,0.0,0.6348730829943886,0.0545512072182157,12.0,0.5833333333333334,0.0,0.4166666666666667
sc_29_CKDL200165520-1a-D704-AK1543_HF2L3CCX2_L7,methylhic_new,924046.0,138606900.0,543218.0,1119480.0,458176.0,55026781.0,0.4958367873460845,1372.0,1346.0,993.0,969.0,924046.0,138606900.0,307946.0,20295484.0,652373.0,67142792.0,0.7059962382825098,351.0,350.0,330.0,329.0,26.0,2.0,17.0,1583.0,11898.0,0.1330475710203395,169.0,508.0,0.3326771653543307,231.0,1209.0,0.1910669975186104,1.910232494131012e-05,0.0,0.0,1323.0,924046.0,0.2994482469618661,0.0538035755618334,27.62390670553936,5.982905982905984,0.293773571727895,0.0536502890217712,45.0,0.5777777777777777,0.0444444444444444,0.3777777777777777
sc_25_CKDL200165520-1a-D704-AK1680_HF2L3CCX2_L7,methylhic_new,81710.0,12256500.0,31599.0,158104.0,55821.0,7003686.0,0.6831599559417452,152.0,147.0,145.0,140.0,81710.0,12256500.0,6208.0,2847153.0,76432.0,7697042.0,0.9354057030963162,26.0,26.0,25.0,25.0,2.0,1.0,3.0,132.0,1574.0,0.0838627700127064,20.0,110.0,0.1818181818181818,13.0,177.0,0.0734463276836158,2.604662755579091e-06,0.0,0.0,170.0,81710.0,0.2722989555901901,0.0340171655850952,4.605263157894735,3.846153846153844,0.2633417531036707,0.0340171655850952,6.0,0.3333333333333333,0.1666666666666666,0.5
sc_3_CKDL200165520-1a-D701-AK1682_HF2L3CCX2_L7,methylhic_new,84433.0,12664950.0,18087.0,89944.0,71872.0,9322995.0,0.8512311536958298,370.0,364.0,330.0,324.0,84433.0,12664950.0,15955.0,996839.0,72461.0,8796649.0,0.8582070991200124,134.0,132.0,129.0,127.0,12.0,0.0,7.0,116.0,4324.0,0.0268270120259019,50.0,232.0,0.2155172413793103,12.0,409.0,0.0293398533007334,7.174265810109032e-06,0.0,0.0,459.0,84433.0,0.5148040961709707,0.1849270642138529,10.81081081081081,3.731343283582089,0.5064559216384684,0.1821669587778253,19.0,0.631578947368421,0.0,0.3684210526315789
sc_77_CKDL200165520-1a-D710-AK1543_HF2L3CCX2_L7,methylhic_new,638161.0,95724150.0,168568.0,550702.0,508553.0,65834493.0,0.7969039160964083,1914.0,1873.0,1508.0,1473.0,638161.0,95724150.0,78226.0,9760944.0,577299.0,69445994.0,0.9046290826296184,948.0,935.0,879.0,867.0,87.0,0.0,36.0,984.0,23343.0,0.0421539647860172,325.0,1187.0,0.2737994945240101,143.0,2271.0,0.0629678555702333,3.454098464016714e-05,0.0,0.0,2387.0,638161.0,0.3763619524415351,0.1642129988099754,21.21212121212121,7.278481012658233,0.3682998625511992,0.161961132792539,123.0,0.7073170731707317,0.0,0.2926829268292683
sc_75_CKDL200165520-1a-D710-AK1682_HF2L3CCX2_L7,methylhic_new,109458.0,16418700.0,21778.0,120467.0,95941.0,12428162.0,0.8765097114875112,322.0,317.0,307.0,302.0,109458.0,16418700.0,18517.0,1504468.0,96674.0,11550513.0,0.8832063439858211,87.0,87.0,84.0,84.0,12.0,0.0,3.0,77.0,3600.0,0.0213888888888888,58.0,168.0,0.3452380952380952,8.0,328.0,0.024390243902439,5.976479802306529e-06,0.0,0.0,391.0,109458.0,0.3356229349287583,0.0899931729317086,4.6583850931677055,3.4482758620689613,0.3304113986721005,0.0899931729317086,15.0,0.8,0.0,0.2
sc_89_CKDL200165520-1a-D712-AK1680_HF2L3CCX2_L7,methylhic_new,265195.0,39779250.0,21023.0,247371.0,253434.0,33604197.0,0.9556515017251456,1891.0,1845.0,1446.0,1411.0,265195.0,39779250.0,20821.0,2277621.0,251890.0,32240538.0,0.949829370840325,992.0,982.0,906.0,900.0,96.0,5.0,36.0,501.0,23715.0,0.0211258697027197,317.0,1218.0,0.2602627257799672,59.0,2488.0,0.0237138263665594,3.387929117758716e-05,0.0,0.0,2352.0,265195.0,0.7461508716273271,0.3938227003850887,23.532522474881013,8.669354838709676,0.7280001893984233,0.3898527134860455,137.0,0.7007299270072993,0.0364963503649635,0.2627737226277372
sc_16_CKDL200165520-1a-D702-AK1546_HF2L3CCX2_L7,methylhic_new,69367.0,10405050.0,20796.0,56689.0,53568.0,6891409.0,0.7722404024968645,196.0,178.0,189.0,173.0,69367.0,10405050.0,10910.0,1114406.0,60801.0,7199549.0,0.8765118860553289,104.0,95.0,104.0,95.0,43.0,0.0,2.0,2078.0,3658.0,0.5680699835975943,92.0,150.0,0.6133333333333333,113.0,279.0,0.4050179211469534,6.457278649217164e-06,0.0,0.0,293.0,69367.0,0.3658900836320191,0.171049818259568,3.57142857142857,0.0,0.3322879330943847,0.1562474301409516,45.0,0.9555555555555556,0.0,0.0444444444444444
sc_37_CKDL200165520-1a-D705-AK1543_HF2L3CCX2_L7,methylhic_new,11075795.0,1661369250.0,9090943.0,4919999.0,3153114.0,323497226.0,0.2846851174114364,6745.0,6635.0,4128.0,4033.0,11075795.0,1661369250.0,7434980.0,106299971.0,4537536.0,442461023.0,0.409680388631245,3232.0,3211.0,2752.0,2731.0,166.0,10.0,107.0,12444.0,61651.0,0.2018458743572691,867.0,2433.0,0.3563501849568434,1743.0,6492.0,0.2684842883548983,9.653730450106445e-05,0.0,0.0,6880.0,11075795.0,0.2139155133623459,0.0712280850223557,38.7991104521868,14.851485148514854,0.2104268986151468,0.0707652787768515,283.0,0.5865724381625441,0.0353356890459364,0.3780918727915194
sc_26_CKDL200165520-1a-D704-AK1681_HF2L3CCX2_L7,methylhic_new,1347794.0,202169100.0,716744.0,1813712.0,714657.0,89455394.0,0.530242010277535,3403.0,3342.0,2906.0,2849.0,1347794.0,202169100.0,429120.0,31621573.0,946749.0,97921348.0,0.7024434001041702,746.0,741.0,702.0,697.0,92.0,3.0,32.0,1635.0,34837.0,0.0469328587421419,517.0,1847.0,0.2799133730373578,220.0,3573.0,0.0615729079205149,5.116278300952551e-05,0.0,0.0,3608.0,1347794.0,0.4761724855420152,0.0787959638721561,14.604760505436376,5.898123324396787,0.467636922327774,0.0782678407899031,127.0,0.7244094488188977,0.0236220472440944,0.2519685039370078
sc_56_CKDL200165520-1a-D707-AK1546_HF2L3CCX2_L7,methylhic_new,43341.0,6501150.0,10245.0,54393.0,35052.0,4568651.0,0.8087492212916176,158.0,156.0,145.0,143.0,43341.0,6501150.0,3145.0,1010167.0,40286.0,4602410.0,0.9295124708705385,55.0,54.0,52.0,51.0,4.0,0.0,4.0,106.0,1805.0,0.0587257617728531,24.0,79.0,0.3037974683544304,6.0,175.0,0.0342857142857142,2.936058762017876e-06,0.0,0.0,197.0,43341.0,0.4507588725322378,0.1365238544407486,8.227848101265822,5.454545454545457,0.4450530640191715,0.1340416025418259,8.0,0.5,0.0,0.5
sc_38_CKDL200165520-1a-D705-AK1544_HF2L3CCX2_L7,methylhic_new,197956.0,29693400.0,46142.0,224333.0,163813.0,21219916.0,0.8275222776778678,843.0,831.0,662.0,653.0,197956.0,29693400.0,34515.0,2827355.0,172100.0,20406081.0,0.869385115884338,374.0,370.0,338.0,334.0,36.0,0.0,18.0,309.0,9599.0,0.0321908532138764,129.0,475.0,0.271578947368421,33.0,1038.0,0.0317919075144508,1.4575199164953542e-05,0.0,0.0,1000.0,197956.0,0.5146111724954674,0.2173155142359093,21.470937129300115,9.625668449197866,0.5072857465524714,0.2149912841371296,54.0,0.6666666666666666,0.0,0.3333333333333333
sc_85_CKDL200165520-1a-D711-AK1543_HF2L3CCX2_L7,methylhic_new,3495562.0,524334300.0,943240.0,2474679.0,2819771.0,363518672.0,0.8066717168798608,16888.0,16523.0,8166.0,7966.0,3495562.0,524334300.0,782706.0,30579885.0,2916520.0,361598348.0,0.8343493835898205,8952.0,8855.0,6866.0,6781.0,716.0,16.0,278.0,6696.0,148736.0,0.0450193631669535,1933.0,6830.0,0.2830161054172767,720.0,16326.0,0.0441014332965821,0.0002020255968268,0.0,0.0,15032.0,3495562.0,0.598913883432378,0.3069411490406374,51.64613927048792,23.302055406613043,0.5859695698693262,0.3036152675105948,1010.0,0.7089108910891089,0.0158415841584158,0.2752475247524752
sc_91_CKDL200165520-1a-D712-AK1682_HF2L3CCX2_L7,methylhic_new,3577864.0,536679600.0,434962.0,3178410.0,3521233.0,456353074.0,0.984171841076128,30680.0,30036.0,23479.0,22891.0,3577864.0,536679600.0,474105.0,24868763.0,3448283.0,436537440.0,0.9637825808918392,16827.0,16666.0,14878.0,14720.0,1991.0,36.0,630.0,3803.0,385472.0,0.0098658268304831,5508.0,21145.0,0.2604871127926224,365.0,39004.0,0.0093580145626089,0.0005131522517248,0.0,0.0,38357.0,3577864.0,0.8712857115675106,0.4879819898772809,23.471316818774447,11.582575622511438,0.8529966633846723,0.4833129995420909,2657.0,0.7493413624388408,0.0135491155438464,0.2371095220173127
sc_79_CKDL200165520-1a-D710-AK1545_HF2L3CCX2_L7,methylhic_new,274337.0,41150550.0,86211.0,138529.0,211560.0,27092845.0,0.7711683075924867,425.0,416.0,346.0,337.0,274337.0,41150550.0,74791.0,1982541.0,219212.0,27053702.0,0.7990610089051058,241.0,237.0,231.0,227.0,18.0,1.0,8.0,306.0,5339.0,0.0573141037647499,62.0,240.0,0.2583333333333333,38.0,487.0,0.0780287474332648,8.354475013150142e-06,0.0,0.0,577.0,274337.0,0.2008886367933446,0.1099392369030892,18.58823529411765,4.149377593360992,0.1966345244847797,0.1081145192781417,27.0,0.6666666666666666,0.037037037037037,0.2962962962962963
sc_22_CKDL200165520-1a-DY0088-AK1544_HF2L3CCX2_L7,methylhic_new,279599.0,41939850.0,57720.0,182471.0,235860.0,31002152.0,0.8435652488027496,1116.0,1086.0,873.0,849.0,279599.0,41939850.0,53207.0,2007972.0,238642.0,30287823.0,0.8535152128584151,591.0,578.0,554.0,543.0,62.0,2.0,14.0,525.0,14302.0,0.0367081527059152,179.0,636.0,0.2814465408805031,57.0,1490.0,0.0382550335570469,2.0905412163083127e-05,0.0,0.0,1427.0,279599.0,0.473162045281099,0.2476512935694471,21.7741935483871,6.260575296108295,0.4604426354617145,0.2422038031863628,78.0,0.7948717948717948,0.0256410256410256,0.1794871794871795
sc_78_CKDL200165520-1a-D710-AK1544_HF2L3CCX2_L7,methylhic_new,326900.0,49035000.0,67966.0,195859.0,280113.0,36563457.0,0.8568767207096971,1235.0,1216.0,952.0,937.0,326900.0,49035000.0,62932.0,2071441.0,283251.0,35911487.0,0.8664759865402264,656.0,648.0,602.0,594.0,60.0,2.0,32.0,386.0,15408.0,0.0250519210799584,199.0,742.0,0.2681940700808625,36.0,1552.0,0.0231958762886597,2.237930047901253e-05,0.0,0.0,1554.0,326900.0,0.4408934965531767,0.2315967110442681,22.914979757085018,8.231707317073166,0.4341105196831279,0.2287723609095819,94.0,0.6382978723404256,0.0212765957446808,0.3404255319148936
sc_14_CKDL200165520-1a-D702-AK1544_HF2L3CCX2_L7,methylhic_new,12406.0,1860900.0,2761.0,15091.0,10488.0,1357544.0,0.8453973883604707,51.0,48.0,51.0,48.0,12406.0,1860900.0,1878.0,199122.0,11024.0,1301731.0,0.888602289214896,18.0,18.0,18.0,18.0,2.0,0.0,0.0,21.0,703.0,0.0298719772403982,4.0,28.0,0.1428571428571428,4.0,96.0,0.0416666666666666,1.121986037268991e-06,0.0,0.0,69.0,12406.0,0.4862700228832952,0.1632801161103048,0.0,0.0,0.4576659038901602,0.1632801161103048,2.0,1.0,0.0,0.0
sc_64_CKDL200165520-1a-D708-AK1546_HF2L3CCX2_L7,methylhic_new,69546.0,10431900.0,13096.0,58340.0,59586.0,7825036.0,0.8567854369769649,112.0,107.0,98.0,95.0,69546.0,10431900.0,5420.0,1134659.0,65376.0,7859102.0,0.9400396859632474,49.0,47.0,48.0,46.0,5.0,0.0,0.0,72.0,1407.0,0.0511727078891258,27.0,75.0,0.36,6.0,119.0,0.0504201680672268,2.2707034651126023e-06,0.0,0.0,146.0,69546.0,0.187963615614406,0.0749510523739598,12.5,2.0408163265306145,0.1795723827744772,0.0718918257464513,5.0,1.0,0.0,0.0
sc_30_CKDL200165520-1a-D704-AK1544_HF2L3CCX2_L7,methylhic_new,109722.0,16458300.0,56543.0,145753.0,60666.0,7536426.0,0.5529064362662001,224.0,218.0,171.0,165.0,109722.0,16458300.0,44054.0,1764213.0,70964.0,7612438.0,0.6467618162264632,68.0,66.0,66.0,64.0,6.0,0.0,2.0,104.0,2186.0,0.0475754803293687,27.0,90.0,0.3,8.0,183.0,0.0437158469945355,3.6805096803494224e-06,0.0,0.0,237.0,109722.0,0.3692348267563379,0.0958232343159912,23.66071428571429,2.941176470588236,0.3593446081825075,0.0930049038949326,8.0,0.75,0.0,0.25
sc_93_CKDL200165520-1a-D712-AK1543_HF2L3CCX2_L7,methylhic_new,220071.0,33010650.0,74394.0,339575.0,158791.0,20235856.0,0.7215444106674664,976.0,955.0,894.0,873.0,220071.0,33010650.0,26896.0,5634979.0,194770.0,21444536.0,0.8850325576745687,239.0,239.0,237.0,237.0,33.0,0.0,13.0,515.0,10848.0,0.0474741887905604,145.0,572.0,0.2534965034965035,67.0,1021.0,0.0656219392752203,1.7269576861502248e-05,0.0,0.0,1131.0,220071.0,0.614644406798874,0.1227088360630487,8.401639344262291,0.8368200836820106,0.6014194759148818,0.1227088360630487,46.0,0.717391304347826,0.0,0.2826086956521739
sc_95_CKDL200165520-1a-D712-AK1545_HF2L3CCX2_L7,methylhic_new,111220.0,16683000.0,11725.0,87993.0,104078.0,13751472.0,0.9357849307678476,482.0,479.0,398.0,395.0,111220.0,16683000.0,11075.0,988245.0,103383.0,13146287.0,0.9295360546664267,256.0,253.0,246.0,243.0,25.0,1.0,3.0,187.0,6319.0,0.0295932900775439,96.0,328.0,0.2926829268292683,13.0,634.0,0.0205047318611987,9.518205961727444e-06,0.0,0.0,644.0,111220.0,0.4631142028094314,0.2476229167271214,17.427385892116188,3.90625,0.4602317492649744,0.2447210856717255,29.0,0.8620689655172413,0.0344827586206896,0.1034482758620689
sc_86_CKDL200165520-1a-D711-AK1544_HF2L3CCX2_L7,methylhic_new,130323.0,19548450.0,16810.0,98579.0,119694.0,15776330.0,0.9184411040261504,541.0,529.0,433.0,422.0,130323.0,19548450.0,15252.0,1036934.0,120483.0,15308294.0,0.9244952924656432,326.0,323.0,297.0,294.0,31.0,0.0,7.0,205.0,7067.0,0.0290080656572803,111.0,364.0,0.3049450549450549,18.0,726.0,0.024793388429752,1.0760300164865962e-05,0.0,0.0,730.0,130323.0,0.451985897371631,0.2705775918594324,19.9630314232902,8.895705521472397,0.4419603321803934,0.2680876140202352,38.0,0.8157894736842105,0.0,0.1842105263157894
sc_43_CKDL200165520-1a-D706-AK1682_HF2L3CCX2_L7,methylhic_new,27388.0,4108200.0,5967.0,57336.0,23271.0,2989522.0,0.8496786913976924,116.0,112.0,112.0,108.0,27388.0,4108200.0,4429.0,638567.0,23993.0,2612965.0,0.8760406017233825,22.0,22.0,22.0,22.0,2.0,0.0,0.0,46.0,1267.0,0.0363062352012628,12.0,39.0,0.3076923076923077,15.0,101.0,0.1485148514851485,2.119835890910636e-06,0.0,0.0,134.0,27388.0,0.4984744961540114,0.0916934105780852,3.4482758620689613,0.0,0.4812857204245627,0.0916934105780852,2.0,1.0,0.0,0.0
sc_83_CKDL200165520-1a-D711-AK1682_HF2L3CCX2_L7,methylhic_new,159071.0,23860650.0,15437.0,168326.0,151105.0,19911487.0,0.9499217330625946,978.0,960.0,821.0,806.0,159071.0,23860650.0,14366.0,1859692.0,149459.0,18612393.0,0.9395741524225032,426.0,421.0,403.0,400.0,53.0,1.0,13.0,377.0,11840.0,0.0318412162162162,158.0,523.0,0.3021032504780114,33.0,1042.0,0.0316698656429942,1.7910764051860605e-05,0.0,0.0,1224.0,159071.0,0.647232057178783,0.2850280009902381,16.05316973415133,5.39906103286385,0.6353198107276397,0.2816826019175827,67.0,0.7910447761194029,0.0149253731343283,0.1940298507462686
sc_87_CKDL200165520-1a-D711-AK1545_HF2L3CCX2_L7,methylhic_new,1008310.0,151246500.0,363165.0,541023.0,741476.0,93792610.0,0.7353651158869792,2524.0,2475.0,1520.0,1480.0,1008310.0,151246500.0,315384.0,6887252.0,774993.0,94866485.0,0.7686058850948617,1413.0,1386.0,1191.0,1169.0,104.0,3.0,65.0,1962.0,25481.0,0.076998547937679,463.0,1459.0,0.317340644276902,194.0,2601.0,0.0745866974240676,3.7325443461118e-05,0.0,0.0,2711.0,1008310.0,0.3404021168588059,0.1823242274446349,39.77812995245642,15.71125265392781,0.3337936763968085,0.1788403250093871,172.0,0.6046511627906976,0.0174418604651162,0.377906976744186
sc_34_CKDL200165520-1a-D705-AK1681_HF2L3CCX2_L7,methylhic_new,2586627.0,387994050.0,1172971.0,3856111.0,1618942.0,201198237.0,0.6258892372189728,7436.0,7280.0,6097.0,5948.0,2586627.0,387994050.0,639155.0,66538020.0,2026280.0,208840368.0,0.7833676830868928,1378.0,1372.0,1282.0,1277.0,172.0,3.0,70.0,2881.0,71013.0,0.0405700364721952,977.0,3506.0,0.2786651454649173,346.0,6990.0,0.0494992846924177,0.0001055465154915,0.0,0.0,7379.0,2586627.0,0.4593123163152231,0.0680063959571233,18.00699300699301,6.966618287373006,0.4496763935953233,0.0677102868310401,245.0,0.7020408163265306,0.0122448979591836,0.2857142857142857
sc_65_CKDL200165520-1a-D709-AK1680_HF2L3CCX2_L7,methylhic_new,108586.0,16287900.0,12295.0,88466.0,100084.0,13240978.0,0.9217026135965962,439.0,436.0,351.0,348.0,108586.0,16287900.0,7824.0,1184743.0,103072.0,12944325.0,0.9492199731088722,241.0,239.0,225.0,224.0,25.0,1.0,5.0,168.0,5482.0,0.0306457497263772,67.0,326.0,0.205521472392638,18.0,523.0,0.034416826003824,8.421852764735485e-06,0.0,0.0,576.0,108586.0,0.4386315494984213,0.233817137534927,20.04555808656037,6.639004149377592,0.4356340673833979,0.2318767463520645,31.0,0.8064516129032258,0.032258064516129,0.1612903225806451
sc_32_CKDL200165520-1a-D704-AK1546_HF2L3CCX2_L7,methylhic_new,911771.0,136765650.0,810308.0,286263.0,116787.0,14472450.0,0.1280880835209718,382.0,371.0,353.0,342.0,911771.0,136765650.0,677818.0,8457028.0,238273.0,24328343.0,0.2613298734002288,230.0,229.0,201.0,200.0,10.0,0.0,7.0,868.0,4604.0,0.1885317115551694,50.0,155.0,0.3225806451612903,131.0,512.0,0.255859375,8.114991048276146e-06,0.0,0.0,554.0,911771.0,0.3270912002192024,0.0965279322457852,7.59162303664922,12.608695652173918,0.3176723436683877,0.096108245583847,17.0,0.5882352941176471,0.0,0.4117647058823529
sc_50_CKDL200165520-1a-D707-AK1681_HF2L3CCX2_L7,methylhic_new,663700.0,99555000.0,205450.0,525668.0,510991.0,65270879.0,0.7699126111194817,1263.0,1230.0,994.0,965.0,663700.0,99555000.0,150727.0,8332110.0,551011.0,65342352.0,0.8302109386771132,556.0,551.0,514.0,509.0,46.0,1.0,26.0,803.0,14313.0,0.0561028435687836,172.0,677.0,0.2540620384047267,85.0,1419.0,0.0599013389711064,2.20006668097775e-05,0.0,0.0,1508.0,663700.0,0.2471667798454375,0.1009054265704314,21.298495645288995,7.5539568345323715,0.2407087404670532,0.0999980036696182,73.0,0.6301369863013698,0.0136986301369863,0.3561643835616438
sc_39_CKDL200165520-1a-D705-AK1545_HF2L3CCX2_L7,methylhic_new,342574.0,51386100.0,150263.0,267895.0,224027.0,27799248.0,0.6539521388079655,474.0,461.0,366.0,353.0,342574.0,51386100.0,117377.0,4427662.0,247997.0,28159715.0,0.7239224226006644,215.0,215.0,196.0,196.0,15.0,1.0,8.0,445.0,5313.0,0.0837568228872576,61.0,276.0,0.2210144927536232,42.0,541.0,0.077634011090573,8.47787882991243e-06,0.0,0.0,562.0,342574.0,0.2115816397130702,0.0866945971120618,22.78481012658228,8.837209302325578,0.2057787677378173,0.0866945971120618,24.0,0.625,0.0416666666666666,0.3333333333333333
sc_9_CKDL200165520-1a-D702-AK1680_HF2L3CCX2_L7,methylhic_new,3803796.0,570569400.0,1941365.0,1351043.0,2161102.0,268906240.0,0.5681435071702058,5764.0,5638.0,3077.0,2995.0,3803796.0,570569400.0,1710720.0,21569438.0,2354595.0,283587061.0,0.6190119028465249,3328.0,3268.0,2672.0,2622.0,232.0,7.0,127.0,4412.0,54278.0,0.0812852352702752,790.0,2464.0,0.3206168831168831,493.0,5650.0,0.0872566371681416,7.87385925795577e-05,0.0,0.0,5749.0,3803796.0,0.2667157774135603,0.1413406551869854,46.61693268563497,19.71153846153846,0.260885418642896,0.1387924462593354,366.0,0.6338797814207651,0.0191256830601092,0.3469945355191257
sc_35_CKDL200165520-1a-D705-AK1682_HF2L3CCX2_L7,methylhic_new,252099.0,37814850.0,74779.0,544648.0,198323.0,25097042.0,0.7866869761482592,1303.0,1276.0,1198.0,1173.0,252099.0,37814850.0,54210.0,6931348.0,206995.0,21180366.0,0.821086160595639,156.0,156.0,153.0,153.0,28.0,0.0,11.0,205.0,12767.0,0.0160570220098691,149.0,652.0,0.2285276073619632,37.0,1168.0,0.0316780821917808,1.974204739793836e-05,0.0,0.0,1351.0,252099.0,0.65700902063805,0.0753641392304162,8.05832693783577,1.9230769230769276,0.6433948659509992,0.0753641392304162,39.0,0.717948717948718,0.0,0.282051282051282
sc_7_CKDL200165520-1a-D701-AK1545_HF2L3CCX2_L7,methylhic_new,30898.0,4634700.0,7063.0,29579.0,25848.0,3346487.0,0.8365590005825619,72.0,72.0,65.0,65.0,30898.0,4634700.0,5024.0,419606.0,27245.0,3262074.0,0.8817722829956631,22.0,22.0,22.0,22.0,2.0,0.0,2.0,42.0,749.0,0.0560747663551401,7.0,32.0,0.21875,1.0,72.0,0.0138888888888888,1.345357931111708e-06,0.0,0.0,87.0,30898.0,0.2785515320334262,0.0807487612405946,9.72222222222222,0.0,0.2785515320334262,0.0807487612405946,4.0,0.5,0.0,0.5
sc_66_CKDL200165520-1a-D709-AK1681_HF2L3CCX2_L7,methylhic_new,2415648.0,362347200.0,644513.0,1459775.0,1939928.0,250682066.0,0.8030673343136087,7468.0,7331.0,3658.0,3582.0,2415648.0,362347200.0,554743.0,19532325.0,1994798.0,247825840.0,0.8257817364119275,4092.0,4032.0,3147.0,3095.0,260.0,13.0,151.0,2360.0,67589.0,0.0349169243515956,698.0,2634.0,0.2649962034927866,244.0,7379.0,0.0330668112210326,9.303512615235663e-05,0.0,0.0,6805.0,2415648.0,0.3849627408852287,0.2051335523697136,51.01767541510445,23.09384164222874,0.3779006231159094,0.2021257290211841,424.0,0.6132075471698113,0.0306603773584905,0.3561320754716981
sc_20_CKDL200165520-1a-DY0088-AK1780_HF2L3CCX2_L7,methylhic_new,8939293.0,1340893950.0,3631835.0,4100437.0,5985846.0,763024132.0,0.6696106727903426,26256.0,25738.0,12466.0,12174.0,8939293.0,1340893950.0,3264747.0,55326272.0,6259146.0,772400691.0,0.7001835603777614,14719.0,14531.0,11320.0,11161.0,1069.0,26.0,467.0,8335.0,237600.0,0.0350799663299663,2803.0,11213.0,0.2499777044501917,1018.0,26272.0,0.0387484774665042,0.0003149620601703,0.0,0.0,23786.0,8939293.0,0.4386347393501269,0.2351598764432081,52.521328458257166,23.092601399551604,0.4299809918263851,0.2321562717981015,1562.0,0.6843790012804097,0.0166453265044814,0.2989756722151088
sc_59_CKDL200165520-1a-D708-AK1682_HF2L3CCX2_L7,methylhic_new,35056.0,5258400.0,2949.0,49974.0,33766.0,4442597.0,0.9632017343678686,205.0,199.0,194.0,188.0,35056.0,5258400.0,2401.0,617593.0,33375.0,3974515.0,0.952048151528982,77.0,77.0,73.0,73.0,8.0,0.0,2.0,38.0,2594.0,0.0146491904394757,46.0,137.0,0.3357664233576642,7.0,280.0,0.025,4.144097905931193e-06,0.0,0.0,267.0,35056.0,0.6071195877509922,0.2307116104868914,5.36585365853659,5.1948051948051965,0.5893502339631582,0.2307116104868914,10.0,0.8,0.0,0.2
sc_60_CKDL200165520-1a-D708-AK1780_HF2L3CCX2_L7,methylhic_new,319174.0,47876100.0,57579.0,259564.0,279335.0,36558981.0,0.8751809357905093,1077.0,1055.0,849.0,829.0,319174.0,47876100.0,38788.0,3718999.0,292045.0,36084467.0,0.9150024751389524,595.0,589.0,521.0,515.0,49.0,2.0,20.0,400.0,12873.0,0.0310727880059038,123.0,623.0,0.1974317817014446,34.0,1279.0,0.0265832681782642,1.9721541125716728e-05,0.0,0.0,1370.0,319174.0,0.3855585587198167,0.203735725658717,21.169916434540397,12.436974789915968,0.377682710723683,0.2016812477529148,71.0,0.6901408450704225,0.028169014084507,0.2816901408450704
sc_17_CKDL200165520-1a-DY0088-AK1680_HF2L3CCX2_L7,methylhic_new,667790.0,100168500.0,253229.0,324066.0,468686.0,59478311.0,0.7018463888348133,676.0,664.0,495.0,484.0,667790.0,100168500.0,215061.0,5121300.0,498266.0,60439118.0,0.7461417511493134,371.0,368.0,335.0,332.0,26.0,0.0,13.0,596.0,7726.0,0.0771421175252394,123.0,377.0,0.3262599469496021,68.0,792.0,0.0858585858585858,1.2103460995382497e-05,0.0,0.0,830.0,667790.0,0.1442330259491429,0.0744582211108123,26.77514792899408,9.703504043126689,0.1416726763760812,0.0738561330694849,39.0,0.6666666666666666,0.0,0.3333333333333333
sc_10_CKDL200165520-1a-D702-AK1681_HF2L3CCX2_L7,methylhic_new,426004.0,63900600.0,136084.0,454522.0,323107.0,41164474.0,0.7584600144599581,1436.0,1407.0,1225.0,1199.0,426004.0,63900600.0,78462.0,7318332.0,364466.0,42278396.0,0.8555459573149548,613.0,606.0,585.0,578.0,61.0,1.0,25.0,641.0,17315.0,0.037019924920589,258.0,912.0,0.2828947368421052,82.0,1782.0,0.0460157126823793,2.651351143226544e-05,0.0,0.0,1810.0,426004.0,0.444434815711204,0.1681912716138131,14.69359331476323,4.567699836867867,0.4354594607978162,0.1662706535040305,87.0,0.7011494252873564,0.0114942528735632,0.2873563218390804
sc_1_CKDL200165520-1a-D701-AK1680_HF2L3CCX2_L7,methylhic_new,13550.0,2032500.0,4793.0,25302.0,9600.0,1218117.0,0.7084870848708487,42.0,37.0,42.0,37.0,13550.0,2032500.0,952.0,469006.0,12684.0,1290348.0,0.9360885608856088,9.0,9.0,9.0,9.0,0.0,0.0,1.0,48.0,476.0,0.1008403361344537,15.0,30.0,0.5,0.0,31.0,0.0,9.165571316201974e-07,0.0,0.0,51.0,13550.0,0.4375,0.0709555345316934,0.0,0.0,0.3854166666666667,0.0709555345316934,1.0,0.0,0.0,1.0
sc_63_CKDL200165520-1a-D708-AK1545_HF2L3CCX2_L7,methylhic_new,89548.0,13432200.0,36486.0,115944.0,59827.0,7518468.0,0.6680997900567294,189.0,184.0,139.0,134.0,89548.0,13432200.0,25511.0,1577117.0,68174.0,7521443.0,0.7613123687854558,57.0,56.0,56.0,55.0,2.0,1.0,4.0,130.0,1885.0,0.0689655172413793,28.0,120.0,0.2333333333333333,19.0,166.0,0.1144578313253012,3.1209813954450428e-06,0.0,0.0,195.0,89548.0,0.3159108763601718,0.0836095872326693,26.45502645502645,1.7543859649122862,0.3075534457686329,0.0821427523689383,7.0,0.2857142857142857,0.1428571428571428,0.5714285714285714
sc_4_CKDL200165520-1a-D701-AK1780_HF2L3CCX2_L7,methylhic_new,320697.0,48104550.0,35544.0,327567.0,298335.0,39348552.0,0.9302706292855872,2022.0,1970.0,1548.0,1503.0,320697.0,48104550.0,23301.0,4044695.0,304588.0,37936201.0,0.9497687848654648,1006.0,996.0,938.0,928.0,95.0,5.0,34.0,349.0,25323.0,0.01378193736919,277.0,1236.0,0.2241100323624595,35.0,2589.0,0.0135187331015836,3.638471822295088e-05,0.0,0.0,2486.0,320697.0,0.6777615767509679,0.3302822172902412,23.44213649851632,6.759443339960236,0.6603315065278965,0.3269990938579327,134.0,0.7089552238805971,0.0373134328358208,0.2537313432835821
sc_11_CKDL200165520-1a-D702-AK1682_HF2L3CCX2_L7,methylhic_new,22651.0,3397650.0,3449.0,36827.0,20603.0,2674713.0,0.9095845658028344,92.0,90.0,92.0,90.0,22651.0,3397650.0,2183.0,465451.0,20941.0,2421605.0,0.924506644298265,24.0,24.0,24.0,24.0,2.0,0.0,3.0,41.0,1102.0,0.0372050816696914,21.0,74.0,0.2837837837837837,4.0,111.0,0.036036036036036,1.815537458479001e-06,0.0,0.0,116.0,22651.0,0.4465369121001795,0.1146077073683205,0.0,0.0,0.4368295879240887,0.1146077073683205,5.0,0.4,0.0,0.6
sc_41_CKDL200165520-1a-D706-AK1680_HF2L3CCX2_L7,methylhic_new,19063.0,2859450.0,6483.0,30342.0,13797.0,1753267.0,0.72375806536222,26.0,26.0,26.0,26.0,19063.0,2859450.0,1424.0,580077.0,17874.0,1882284.0,0.93762786549861,7.0,7.0,7.0,7.0,0.0,0.0,0.0,23.0,259.0,0.0888030888030888,1.0,20.0,0.05,2.0,21.0,0.0952380952380952,5.287688765719397e-07,0.0,0.0,33.0,19063.0,0.1884467637892295,0.0391630300995859,0.0,0.0,0.1884467637892295,0.0391630300995859,0.0,,,
sc_72_CKDL200165520-1a-D709-AK1546_HF2L3CCX2_L7,methylhic_new,95477.0,14321550.0,14440.0,87759.0,85015.0,11204302.0,0.8904238717177959,298.0,289.0,264.0,255.0,95477.0,14321550.0,6927.0,1378897.0,90183.0,11054790.0,0.944552091079527,157.0,153.0,149.0,146.0,18.0,0.0,3.0,134.0,4364.0,0.0307057745187901,49.0,160.0,0.30625,8.0,363.0,0.0220385674931129,6.291397554281507e-06,0.0,0.0,413.0,95477.0,0.3505263776980533,0.174090460508078,11.409395973154355,5.095541401273884,0.3399400105863671,0.1696550347626492,21.0,0.8571428571428571,0.0,0.1428571428571428
sc_40_CKDL200165520-1a-D705-AK1546_HF2L3CCX2_L7,methylhic_new,407796.0,61169400.0,161691.0,579798.0,276923.0,34913343.0,0.6790723793269183,941.0,915.0,820.0,796.0,407796.0,61169400.0,66126.0,11101547.0,352521.0,37108150.0,0.8644542859665126,232.0,230.0,224.0,222.0,16.0,0.0,12.0,627.0,9997.0,0.0627188156446934,99.0,353.0,0.2804532577903683,74.0,988.0,0.0748987854251012,1.5797519462735493e-05,0.0,0.0,1044.0,407796.0,0.3398056499460138,0.0658116821409221,12.8586609989373,3.4482758620689613,0.3304167584490995,0.0652443400535003,28.0,0.5714285714285714,0.0,0.4285714285714285
sc_61_CKDL200165520-1a-D708-AK1543_HF2L3CCX2_L7,methylhic_new,432730.0,64909500.0,86436.0,356028.0,370533.0,48409722.0,0.8562683428465787,1703.0,1676.0,1338.0,1316.0,432730.0,64909500.0,55362.0,5256226.0,391665.0,48286912.0,0.9051024888498602,905.0,898.0,841.0,834.0,80.0,0.0,35.0,627.0,20881.0,0.0300272975432211,316.0,1156.0,0.273356401384083,85.0,2106.0,0.040360873694207,3.085278510773461e-05,0.0,0.0,2179.0,432730.0,0.4596081860455074,0.2310648130417576,21.432765707574863,7.071823204419891,0.4523213856795481,0.2292775713939208,115.0,0.6956521739130435,0.0,0.3043478260869565
sc_67_CKDL200165520-1a-D709-AK1682_HF2L3CCX2_L7,methylhic_new,44858.0,6728700.0,4050.0,67223.0,43212.0,5667045.0,0.963306433635026,257.0,249.0,236.0,230.0,44858.0,6728700.0,3350.0,798706.0,42554.0,5062512.0,0.9486379241160996,104.0,103.0,101.0,100.0,11.0,2.0,4.0,52.0,3268.0,0.0159118727050183,34.0,148.0,0.2297297297297297,3.0,293.0,0.0102389078498293,4.9899816350732845e-06,0.0,0.0,337.0,44858.0,0.5947422012403961,0.2443953564882267,8.171206225680939,2.884615384615385,0.5762288253262983,0.2420454011373783,17.0,0.6470588235294118,0.1176470588235294,0.2352941176470588
sc_51_CKDL200165520-1a-D707-AK1682_HF2L3CCX2_L7,methylhic_new,47870.0,7180500.0,8258.0,69860.0,42763.0,5544676.0,0.8933152287445164,216.0,212.0,211.0,207.0,47870.0,7180500.0,6696.0,794351.0,42999.0,5050985.0,0.8982452475454356,73.0,72.0,71.0,70.0,9.0,0.0,3.0,105.0,2852.0,0.0368162692847124,32.0,98.0,0.3265306122448979,15.0,289.0,0.0519031141868512,4.275557758209119e-06,0.0,0.0,282.0,47870.0,0.5051095573275962,0.1697713900323263,2.314814814814814,2.73972602739726,0.4957556766363445,0.1674457545524314,12.0,0.75,0.0,0.25
sc_52_CKDL200165520-1a-D707-AK1780_HF2L3CCX2_L7,methylhic_new,283206.0,42480900.0,69335.0,199114.0,231620.0,30066550.0,0.817849904309937,504.0,485.0,376.0,366.0,283206.0,42480900.0,48730.0,3236124.0,246933.0,30123392.0,0.8719200864388467,262.0,259.0,230.0,227.0,14.0,1.0,14.0,342.0,5484.0,0.062363238512035,55.0,268.0,0.2052238805970149,35.0,596.0,0.0587248322147651,8.989070901722974e-06,0.0,0.0,606.0,283206.0,0.2175977894827735,0.106101655104826,25.396825396825395,12.213740458015266,0.2093946982125896,0.1048867506570608,29.0,0.4827586206896552,0.0344827586206896,0.4827586206896552
sc_58_CKDL200165520-1a-D708-AK1681_HF2L3CCX2_L7,methylhic_new,513525.0,77028750.0,134324.0,481684.0,413046.0,53375311.0,0.8043347451438586,1299.0,1268.0,1086.0,1056.0,513525.0,77028750.0,74599.0,8382347.0,454848.0,53802501.0,0.8857368190448371,458.0,454.0,430.0,426.0,34.0,2.0,20.0,440.0,14262.0,0.0308512130136025,127.0,630.0,0.2015873015873016,50.0,1492.0,0.0335120643431635,2.216068896979269e-05,0.0,0.0,1516.0,513525.0,0.3144928167806975,0.1006929787533417,16.3972286374134,6.113537117903933,0.3069875994441297,0.0998135640917405,56.0,0.6071428571428571,0.0357142857142857,0.3571428571428571
sc_24_CKDL200165520-1a-DY0088-AK1546_HF2L3CCX2_L7,methylhic_new,3683006.0,552450900.0,1058214.0,2022285.0,2896986.0,374035581.0,0.7865819387750115,13548.0,13254.0,7580.0,7380.0,3683006.0,552450900.0,978709.0,22806036.0,2942561.0,369454822.0,0.7989563416404969,7599.0,7485.0,6265.0,6163.0,583.0,18.0,277.0,5104.0,138718.0,0.0367940714254819,1684.0,6663.0,0.2527390064535494,496.0,14166.0,0.0350134123958774,0.0001901228043525,0.0,0.0,13845.0,3683006.0,0.4676584560643372,0.2582444340151317,44.05078240330676,17.554941439663118,0.4575099776112139,0.2543702577448692,878.0,0.664009111617312,0.020501138952164,0.3154897494305239
sc_33_CKDL200165520-1a-D705-AK1680_HF2L3CCX2_L7,methylhic_new,297741.0,44661150.0,112729.0,422788.0,207989.0,26203229.0,0.6985567993658919,804.0,786.0,694.0,677.0,297741.0,44661150.0,57325.0,6995336.0,251531.0,27066047.0,0.8447979955733339,297.0,296.0,287.0,286.0,26.0,1.0,9.0,1089.0,9423.0,0.1155682903533906,146.0,421.0,0.346793349168646,72.0,848.0,0.0849056603773584,1.4682490910684552e-05,0.0,0.0,981.0,297741.0,0.3865589045574525,0.1180768970822681,13.681592039800991,3.367003367003363,0.3779046007240767,0.1176793317722268,36.0,0.7222222222222222,0.0277777777777777,0.25
sc_47_CKDL200165520-1a-D706-AK1545_HF2L3CCX2_L7,methylhic_new,57315.0,8597250.0,8507.0,44197.0,51358.0,6755092.0,0.8960656023728518,147.0,144.0,121.0,118.0,57315.0,8597250.0,6935.0,606809.0,52090.0,6493627.0,0.9088371281514438,67.0,66.0,65.0,64.0,6.0,0.0,4.0,95.0,1785.0,0.0532212885154061,36.0,85.0,0.4235294117647059,4.0,137.0,0.0291970802919708,2.7738395014075093e-06,0.0,0.0,186.0,57315.0,0.286226099147163,0.128623536187368,17.68707482993197,2.985074626865669,0.280384750184976,0.1267037819159147,10.0,0.6,0.0,0.4
sc_12_CKDL200165520-1a-D702-AK1780_HF2L3CCX2_L7,methylhic_new,368099.0,55214850.0,75479.0,282012.0,314715.0,41026284.0,0.8549737978098283,1327.0,1301.0,1017.0,997.0,368099.0,55214850.0,51430.0,4128038.0,330672.0,40931056.0,0.8983235488278969,749.0,743.0,672.0,666.0,51.0,1.0,26.0,721.0,16267.0,0.0443228622364295,229.0,750.0,0.3053333333333333,107.0,1608.0,0.0665422885572139,2.44793624645666e-05,0.0,0.0,1689.0,368099.0,0.4216513353351445,0.226508443412203,23.360964581763376,10.280373831775702,0.4133898924423684,0.2246939565490879,78.0,0.6538461538461539,0.0128205128205128,0.3333333333333333
sc_70_CKDL200165520-1a-D709-AK1544_HF2L3CCX2_L7,methylhic_new,68073.0,10210950.0,7680.0,46017.0,63191.0,8360780.0,0.9282828727983194,154.0,149.0,125.0,121.0,68073.0,10210950.0,6926.0,549053.0,63524.0,8082444.0,0.9331746801228094,83.0,82.0,82.0,81.0,9.0,0.0,0.0,76.0,1670.0,0.0455089820359281,24.0,86.0,0.2790697674418604,5.0,114.0,0.043859649122807,3.0422519574512985e-06,0.0,0.0,207.0,68073.0,0.2437055909860581,0.1306592783829733,18.83116883116883,1.2048192771084376,0.235793071798199,0.1290850702096845,9.0,1.0,0.0,0.0
sc_74_CKDL200165520-1a-D710-AK1681_HF2L3CCX2_L7,methylhic_new,5498078.0,824711700.0,2597713.0,2609844.0,3440170.0,427696389.0,0.6257041096906956,11291.0,11048.0,6497.0,6338.0,5498078.0,824711700.0,2231056.0,39156887.0,3720600.0,444721921.0,0.676709206380848,6265.0,6179.0,5098.0,5024.0,519.0,11.0,225.0,6852.0,113368.0,0.0604403358972549,1671.0,5806.0,0.2878057182225284,720.0,12455.0,0.0578081091930951,0.0001570795099513,0.0,0.0,11595.0,5498078.0,0.3282105244798949,0.1683868193302155,42.45859534142237,18.627294493216283,0.3211469200649968,0.1660753641885717,755.0,0.6874172185430464,0.014569536423841,0.2980132450331126
sc_44_CKDL200165520-1a-D706-AK1780_HF2L3CCX2_L7,methylhic_new,93022.0,13953300.0,24564.0,118462.0,73713.0,9527975.0,0.7924254477435445,235.0,232.0,207.0,204.0,93022.0,13953300.0,8666.0,2152163.0,86063.0,9674885.0,0.9251897400614908,72.0,72.0,68.0,68.0,11.0,0.0,1.0,79.0,2368.0,0.0333614864864864,43.0,147.0,0.2925170068027211,5.0,227.0,0.0220264317180616,4.030947225279718e-06,0.0,0.0,275.0,93022.0,0.3188040101474638,0.083659644678898,11.91489361702127,5.555555555555558,0.3147341717200494,0.083659644678898,12.0,0.9166666666666666,0.0,0.0833333333333333
sc_73_CKDL200165520-1a-D710-AK1680_HF2L3CCX2_L7,methylhic_new,233862.0,35079300.0,56848.0,171767.0,192890.0,25027618.0,0.8248026613986026,788.0,760.0,694.0,671.0,233862.0,35079300.0,41796.0,2497690.0,203561.0,25028173.0,0.8704321351908391,411.0,408.0,386.0,383.0,48.0,0.0,19.0,336.0,10631.0,0.0316056814975072,187.0,645.0,0.289922480620155,32.0,1115.0,0.0286995515695067,1.617688549883558e-05,0.0,0.0,1080.0,233862.0,0.4085229923790762,0.2019050800497148,11.92893401015228,6.082725060827254,0.3940069469645912,0.2004313203413227,67.0,0.7164179104477612,0.0,0.2835820895522388
sc_62_CKDL200165520-1a-D708-AK1544_HF2L3CCX2_L7,methylhic_new,11532.0,1729800.0,1566.0,12131.0,10431.0,1374153.0,0.9045265348595212,33.0,32.0,31.0,30.0,11532.0,1729800.0,873.0,198175.0,10833.0,1289631.0,0.9393860561914672,10.0,10.0,9.0,9.0,1.0,0.0,0.0,8.0,401.0,0.0199501246882793,1.0,21.0,0.0476190476190476,0.0,26.0,0.0,6.697494980956217e-07,0.0,0.0,40.0,11532.0,0.3163646821972965,0.0923105326317732,6.060606060606055,9.999999999999998,0.3067778736458633,0.0923105326317732,1.0,1.0,0.0,0.0
sc_15_CKDL200165520-1a-D702-AK1545_HF2L3CCX2_L7,methylhic_new,56038.0,8405700.0,13216.0,44028.0,46188.0,5999553.0,0.8242264177879296,106.0,105.0,100.0,99.0,56038.0,8405700.0,9983.0,627192.0,48198.0,5906539.0,0.8600949355794283,68.0,66.0,64.0,62.0,7.0,0.0,2.0,133.0,1433.0,0.0928122819260293,18.0,84.0,0.2142857142857142,15.0,114.0,0.131578947368421,2.549369057267205e-06,0.0,0.0,164.0,56038.0,0.2294968390058023,0.1410846923108842,5.660377358490565,5.882352941176472,0.2273317744868797,0.1369351425370347,9.0,0.7777777777777778,0.0,0.2222222222222222
sc_8_CKDL200165520-1a-D701-AK1546_HF2L3CCX2_L7,methylhic_new,53427.0,8014050.0,12257.0,52984.0,44242.0,5762512.0,0.828083178917027,168.0,164.0,143.0,140.0,53427.0,8014050.0,5188.0,968825.0,49794.0,5851338.0,0.9320006738166096,56.0,56.0,54.0,54.0,8.0,0.0,1.0,151.0,1811.0,0.0833793484262838,18.0,98.0,0.1836734693877551,21.0,180.0,0.1166666666666666,2.8921167501143903e-06,0.0,0.0,197.0,53427.0,0.3797296686406582,0.1124633489978712,14.880952380952383,3.57142857142857,0.3706884860539758,0.1124633489978712,9.0,0.8888888888888888,0.0,0.1111111111111111
sc_76_CKDL200165520-1a-D710-AK1780_HF2L3CCX2_L7,methylhic_new,4592098.0,688814700.0,2639428.0,1568126.0,2437687.0,294138660.0,0.5308438539421415,5195.0,5088.0,2984.0,2915.0,4592098.0,688814700.0,2280660.0,28699302.0,2727515.0,318005576.0,0.5939583606447424,3092.0,3048.0,2534.0,2497.0,213.0,7.0,92.0,3566.0,51540.0,0.0691889794334497,569.0,2378.0,0.2392767031118587,496.0,5558.0,0.0892407340770061,7.501450707073734e-05,0.0,0.0,5518.0,4592098.0,0.2131118556237942,0.1133632628968126,42.56015399422522,18.04657179818887,0.2087224487803397,0.1117500728685268,312.0,0.6826923076923077,0.0224358974358974,0.2948717948717949
scNH_GM_4plex_17_S16,scnomehic,,,,,,,,,,,,,,,,,,,,,,,,,,7939725.0,50020276.0,0.1587301317569699,1368432.0,2524529.0,0.5420543792525259,598360.0,3484634.0,0.1717138729634159,0.0673269935747081,0.0,0.0,,,,,,,,,0.0,,,
scNH_GM_4plex_17_S16.GCCAAT,scnomehic,6672348.0,954145764.0,2283826.0,1668459.0,4729845.0,564296532.0,0.7088726487287533,3271685.0,2940213.0,1230013.0,1088032.0,6672348.0,1000852200.0,2396071.0,2883698.0,4815088.0,597926837.0,0.7216482113942498,3157232.0,2830505.0,1183343.0,1061612.0,1054052.0,30681.0,35738.0,,,,,,,,,,,,,2413356.0,6672348.0,69.17108277332555,65.56955968405977,62.40429625712744,62.51960578126663,62.16298842773917,58.78407622041383,1120471.0,0.9407222498395764,0.0273822347923328,0.0318955153680907
scNH_GM_4plex_24_S23,scnomehic,,,,,,,,,,,,,,,,,,,,,,,,,,11941898.0,72819214.0,0.1639937777960635,2159047.0,3848622.0,0.560992220072535,932662.0,5317965.0,0.175379491967322,0.0909250706338858,0.0,0.0,,,,,,,,,0.0,,,
scNH_GM_4plex_24_S23.GCCAAT,scnomehic,11364091.0,1625065013.0,2315811.0,3597313.0,9450392.0,1142494647.0,0.8316012252981783,6944743.0,6239898.0,1776979.0,1550260.0,11364091.0,1704613650.0,2551028.0,5602966.0,9509113.0,1205706855.0,0.8367684665671896,6738112.0,6039570.0,1679345.0,1507518.0,1586552.0,55838.0,56368.0,,,,,,,,,,,,,3456324.0,11364091.0,73.48629559493405,70.85952180818548,74.41260245339532,75.07692065670622,66.02792773040525,63.5134948969478,1698758.0,0.9339482139304128,0.0328698967127748,0.0331818893568124
scNH_GM_4plex_2_S2,scnomehic,,,,,,,,,,,,,,,,,,,,,,,,,,6981594.0,52413231.0,0.133202892987078,1569085.0,2712402.0,0.5784854162472967,528919.0,3674810.0,0.1439309787444793,0.0685467782467407,0.0,0.0,,,,,,,,,0.0,,,
scNH_GM_4plex_2_S2.ATCACG,scnomehic,8314674.0,1188998382.0,3556240.0,1722379.0,5115016.0,613296223.0,0.6151793804543629,3525079.0,3139725.0,1279230.0,1117970.0,8314674.0,1247201100.0,3665130.0,3203080.0,5189622.0,650046116.0,0.6241521916553794,3390916.0,3011593.0,1223015.0,1085011.0,1102362.0,23035.0,36055.0,,,,,,,,,,,,,2502245.0,8314674.0,68.9162849148468,65.34032729166016,63.71060052838532,63.93260700058627,61.38250593937536,58.03106661718329,1161452.0,0.9491240275103922,0.0198329332594028,0.0310430392302049
scNH_GM_4plex_10_S9,scnomehic,,,,,,,,,,,,,,,,,,,,,,,,,,12667474.0,81861761.0,0.1547422611639151,2201635.0,4198097.0,0.5244364291725513,976878.0,5792502.0,0.1686452589917103,0.1051312362452994,0.0,0.0,,,,,,,,,0.0,,,
scNH_GM_4plex_10_S9.TGACCA,scnomehic,9711913.0,1388803559.0,1791851.0,2934526.0,8236545.0,998944766.0,0.8480867775483574,6315725.0,5659831.0,1985749.0,1741847.0,9711913.0,1456786950.0,1995280.0,4828346.0,8264328.0,1054339881.0,0.8509474909834962,6135729.0,5484634.0,1903516.0,1703534.0,1747657.0,48607.0,60761.0,,,,,,,,,,,,,3889265.0,9711913.0,76.67929939070326,74.24353196049334,68.55865320291812,68.97653074312767,68.71608180371746,66.36515394839121,1857025.0,0.94110580094506,0.0261746610842611,0.0327195379706789
scNH_GM_4plex_22_S21,scnomehic,,,,,,,,,,,,,,,,,,,,,,,,,,4904484.0,29311721.0,0.1673215980733441,845876.0,1537552.0,0.5501446455144281,374999.0,2090883.0,0.1793495857970053,0.0404538288752035,0.0,0.0,,,,,,,,,0.0,,,
scNH_GM_4plex_22_S21.CGATGT,scnomehic,4160552.0,594958936.0,1389199.0,1048647.0,2965468.0,355361673.0,0.7127583070707926,1916274.0,1708778.0,705320.0,619400.0,4160552.0,624082800.0,1458573.0,1864875.0,2994102.0,375223684.0,0.7196405669247734,1849001.0,1646117.0,678612.0,604995.0,603158.0,21932.0,20900.0,,,,,,,,,,,,,1383932.0,4160552.0,64.61961484662791,61.75477655737848,63.193155049851946,63.29845143404466,57.62254052311473,54.97865470181043,645990.0,0.9336955680428488,0.0339509899534048,0.0323534420037461
scNH_GM_4plex_42_S41,scnomehic,,,,,,,,,,,,,,,,,,,,,,,,,,7744410.0,42138838.0,0.1837831883261707,1208392.0,2148559.0,0.5624197427205863,572858.0,2943105.0,0.1946440918689615,0.0570643590800612,0.0,0.0,,,,,,,,,0.0,,,
scNH_GM_4plex_42_S41.TGACCA,scnomehic,5195047.0,742891721.0,1802077.0,1196701.0,3644124.0,436801792.0,0.701461218733921,2499294.0,2243078.0,1026068.0,908701.0,5195047.0,779257050.0,1883233.0,2098819.0,3682561.0,461578332.0,0.7088599968392971,2408252.0,2151979.0,986873.0,881935.0,864186.0,31442.0,27785.0,,,,,,,,,,,,,2012941.0,5195047.0,68.58421941734146,65.3961197112553,58.94568626180033,59.02119047342222,61.55328413632467,58.43702249602926,923413.0,0.9358607686917988,0.0340497697130103,0.0300894615951908
scNH_GM_4plex_17_S16,scnomehic,,,,,,,,,,,,,,,,,,,,,,,,,,8480563.0,48440375.0,0.175072199585573,1481900.0,2635276.0,0.5623319910324384,656943.0,3536754.0,0.1857474396013972,0.0642962859116162,0.0,0.0,,,,,,,,,0.0,,,
scNH_GM_4plex_17_S16.CGATGT,scnomehic,6741191.0,963990313.0,2795872.0,1562746.0,4230625.0,505719526.0,0.6275782721480522,3173599.0,2844993.0,1168963.0,1031890.0,6741191.0,1011178650.0,2893555.0,2891959.0,4292084.0,535192494.0,0.6366952071228956,3068614.0,2745592.0,1128958.0,1010602.0,995630.0,40701.0,34348.0,,,,,,,,,,,,,2297921.0,6741191.0,75.0148973260452,71.49473309469246,63.1660143578316,63.20951413243894,67.24758162210075,63.96873872925134,1070679.0,0.9299052283644303,0.0380141947306335,0.032080576904936
scNH_GM_4plex_21_S20,scnomehic,,,,,,,,,,,,,,,,,,,,,,,,,,6657216.0,40891362.0,0.1628025009291693,1162178.0,2071006.0,0.5611659261247915,500576.0,2854335.0,0.1753739487481322,0.054788370274959,0.0,0.0,,,,,,,,,0.0,,,
scNH_GM_4plex_21_S20.GCCAAT,scnomehic,6237549.0,891969507.0,1990977.0,1606553.0,4581045.0,546889161.0,0.7344303026717706,2983970.0,2672270.0,1004030.0,881634.0,6237549.0,935632350.0,2099744.0,2587071.0,4650237.0,578434381.0,0.7455231213414115,2888630.0,2578023.0,957417.0,855076.0,867205.0,23111.0,30973.0,,,,,,,,,,,,,1961447.0,6237549.0,65.13732128804672,62.117909259248506,66.35254375881794,66.85567206599669,58.33319690158032,55.43852926205697,921289.0,0.9412952938762972,0.0250855051997798,0.0336192009239229
scNH_GM_4plex_42_S41,scnomehic,,,,,,,,,,,,,,,,,,,,,,,,,,15376257.0,93730567.0,0.1640474126226079,2568532.0,4893960.0,0.5248371461965361,1176156.0,6607985.0,0.1779901134763472,0.1197491834361289,0.0,0.0,,,,,,,,,0.0,,,
scNH_GM_4plex_42_S41.CGATGT,scnomehic,8594490.0,1229012070.0,1960343.0,2525976.0,6987580.0,843004798.0,0.813030208889649,5546878.0,4969530.0,2260454.0,1999350.0,8594490.0,1289173500.0,2140535.0,4554880.0,7024013.0,889085945.0,0.8172693202272618,5361584.0,4792142.0,2181853.0,1951034.0,1934245.0,53648.0,65933.0,,,,,,,,,,,,,4442307.0,8594490.0,79.38196056431555,76.33220496602155,59.24817527986013,59.30581335664983,71.1194719774228,68.22512999335281,2053826.0,0.9417764698664832,0.0261210053821501,0.0321025247513664
scNH_GM_4plex_16_S15,scnomehic,,,,,,,,,,,,,,,,,,,,,,,,,,8363252.0,51419441.0,0.162647664722765,1477176.0,2699074.0,0.5472899223956068,640949.0,3641861.0,0.1759949102944895,0.0691156969783136,0.0,0.0,,,,,,,,,0.0,,,
scNH_GM_4plex_16_S15.CGATGT,scnomehic,7021129.0,1004021447.0,2694166.0,1684094.0,4604975.0,552291972.0,0.6558738630211751,3478019.0,3113975.0,1244653.0,1095312.0,7021129.0,1053169350.0,2803304.0,2960760.0,4658398.0,584102073.0,0.6634827532723013,3370597.0,3013234.0,1194426.0,1067560.0,1072797.0,30417.0,38401.0,,,,,,,,,,,,,2439079.0,7021129.0,75.52742414453934,72.35528179429924,64.21373776278968,64.56336963451875,67.62197406066265,64.68391064911157,1141615.0,0.9397187317966216,0.0266438335165533,0.0336374346868252
scNH_GM_4plex_26_S25,scnomehic,,,,,,,,,,,,,,,,,,,,,,,,,,9952766.0,58022502.0,0.1715328649564267,1778871.0,3068272.0,0.5797631370360907,770016.0,4194822.0,0.1835634503680966,0.0761684154610623,0.0,0.0,,,,,,,,,0.0,,,
scNH_GM_4plex_26_S25.ATCACG,scnomehic,7158931.0,1023727133.0,2544055.0,1808954.0,4891801.0,589177838.0,0.6833144501602264,3654908.0,3278117.0,1391456.0,1229204.0,7158931.0,1073839650.0,2653934.0,3205703.0,4949850.0,623505843.0,0.6914230630243537,3530833.0,3161494.0,1336607.0,1197361.0,1188429.0,45914.0,34014.0,,,,,,,,,,,,,2728063.0,7158931.0,74.71497716280773,71.33212117538915,61.92911011713564,62.14471202687864,67.01247659093245,63.87050112629675,1268357.0,0.9369830418407435,0.0361995873401573,0.026817370819099
scNH_GM_4plex_5_S4,scnomehic,,,,,,,,,,,,,,,,,,,,,,,,,,5078690.0,30837612.0,0.1646914164430112,863402.0,1603979.0,0.5382875960346114,387973.0,2183929.0,0.177649090240571,0.0429628447932241,0.0,0.0,,,,,,,,,0.0,,,
scNH_GM_4plex_5_S4.TGACCA,scnomehic,3773825.0,539656975.0,1251871.0,887287.0,2683858.0,322566268.0,0.7111771213556537,1707398.0,1528861.0,736770.0,651046.0,3773825.0,566073750.0,1310323.0,1533775.0,2709742.0,341153704.0,0.7180359449630017,1649236.0,1470938.0,713170.0,636507.0,625107.0,17582.0,22397.0,,,,,,,,,,,,,1449940.0,3773825.0,63.61730017012823,60.863211331558496,56.84837395850294,56.75755319432756,56.96504807631402,54.28332291413721,665086.0,0.9398889767639071,0.0264356789948969,0.0336753442411958
scNH_GM_4plex_12_S11,scnomehic,,,,,,,,,,,,,,,,,,,,,,,,,,9729794.0,63367207.0,0.1535462025334334,1758962.0,3334340.0,0.527529286155581,753708.0,4536558.0,0.1661409376888822,0.0822847473207234,0.0,0.0,,,,,,,,,0.0,,,
scNH_GM_4plex_12_S11.CGATGT,scnomehic,9282575.0,1327408225.0,2486241.0,2547827.0,7140717.0,861398256.0,0.7692603614837478,5422008.0,4853969.0,1554007.0,1359025.0,9282575.0,1392386250.0,2670015.0,4553821.0,7183102.0,908808274.0,0.7738264436322896,5256318.0,4696288.0,1481528.0,1325610.0,1360128.0,48216.0,51386.0,,,,,,,,,,,,,3035535.0,9282575.0,75.93086240499377,73.17615704190196,71.33890248778681,71.81433847799924,67.9759329490302,65.37966466298265,1459730.0,0.9317668335925136,0.0330307659635686,0.0352024004439177
scNH_GM_4plex_16_S15,scnomehic,,,,,,,,,,,,,,,,,,,,,,,,,,18299737.0,103857870.0,0.1761998103754679,3002538.0,5325984.0,0.5637527262567819,1372941.0,7337096.0,0.1871232160516913,0.1320950083700817,0.0,0.0,,,,,,,,,0.0,,,
scNH_GM_4plex_16_S15.GCCAAT,scnomehic,11245320.0,1608080760.0,2627537.0,3368037.0,9137716.0,1099157602.0,0.8125794552756169,6918743.0,6206163.0,2520575.0,2222809.0,11245320.0,1686798000.0,2847329.0,5461701.0,9223128.0,1162029864.0,0.8201747927137689,6682295.0,5974792.0,2408112.0,2153969.0,2157394.0,83504.0,57867.0,,,,,,,,,,,,,4928687.0,11245320.0,75.71632780007607,72.45150452211007,63.56888816364476,63.96280020561797,67.91809900854875,64.78053866323876,2298765.0,0.9385013257118496,0.0363255922201703,0.0251730820679799
scNH_GM_4plex_9_S8,scnomehic,,,,,,,,,,,,,,,,,,,,,,,,,,8336877.0,50792769.0,0.1641351153743951,1485524.0,2656108.0,0.5592859928888434,643703.0,3618902.0,0.177872459657653,0.067657866035692,0.0,0.0,,,,,,,,,0.0,,,
scNH_GM_4plex_9_S8.TGACCA,scnomehic,7200958.0,1029736994.0,2552004.0,1622375.0,4936438.0,593765615.0,0.6855251759557548,3389908.0,3044660.0,1230971.0,1087073.0,7200958.0,1080143700.0,2661527.0,2957429.0,4983560.0,628138011.0,0.6920690274821767,3275639.0,2936378.0,1184232.0,1062031.0,1063969.0,34549.0,35123.0,,,,,,,,,,,,,2415203.0,7200958.0,68.67113493575732,65.72889661206045,63.687185610936936,63.84729819128421,61.67726607728083,58.92129321208132,1133641.0,0.938541390087338,0.0304761383894901,0.0309824715231718
scNH_GM_4plex_24_S23,scnomehic,,,,,,,,,,,,,,,,,,,,,,,,,,6936337.0,41588114.0,0.1667865246305711,1203249.0,2181082.0,0.5516752694304937,533368.0,2981804.0,0.1788742653776036,0.0544830636140724,0.0,0.0,,,,,,,,,0.0,,,
scNH_GM_4plex_24_S23.ATCACG,scnomehic,9350186.0,1337076598.0,3721392.0,2083939.0,5899712.0,713057955.0,0.6309726886716478,3966446.0,3547521.0,1020317.0,887920.0,9350186.0,1402527900.0,3847938.0,3884462.0,5963906.0,754514113.0,0.6378382205444897,3835393.0,3426995.0,975438.0,873605.0,913181.0,33136.0,30921.0,,,,,,,,,,,,,1995755.0,9350186.0,67.23118009828276,64.31008469952411,74.27629167269642,74.56745632064302,60.13040975559485,57.462257118069935,977238.0,0.9344509730485306,0.0339078095612327,0.0316412173902365
scNH_GM_4plex_43_S42,scnomehic,,,,,,,,,,,,,,,,,,,,,,,,,,9196930.0,58996529.0,0.1558893405406952,1684223.0,3057887.0,0.5507799993917368,712210.0,4174848.0,0.170595432456463,0.0778267598009636,0.0,0.0,,,,,,,,,0.0,,,
scNH_GM_4plex_43_S42.ATCACG,scnomehic,10532457.0,1506141351.0,6165631.0,1879567.0,4811897.0,569519705.0,0.4568636738797034,3429983.0,3073314.0,1434350.0,1267654.0,10532457.0,1579868550.0,6247637.0,3363218.0,4980126.0,608102334.0,0.4728361103206972,3299121.0,2946591.0,1371380.0,1224765.0,1215408.0,31749.0,38753.0,,,,,,,,,,,,,2805730.0,10532457.0,71.28130548097766,66.24573354168147,58.182008482257785,58.43195808823016,63.86907284175035,59.16699697959449,1285910.0,0.945173456929334,0.0246899083139566,0.0301366347567092
scNH_GM_4plex_7_S6,scnomehic,,,,,,,,,,,,,,,,,,,,,,,,,,7562704.0,45506510.0,0.1661894968434186,1292188.0,2271952.0,0.5687567342972034,564455.0,3158367.0,0.1787173561527207,0.0617683572629629,0.0,0.0,,,,,,,,,0.0,,,
scNH_GM_4plex_7_S6.TGACCA,scnomehic,6731539.0,962610077.0,1677018.0,1785229.0,5284016.0,639586158.0,0.7849640327419926,3613482.0,3238593.0,1117508.0,980835.0,6731539.0,1009730850.0,1796831.0,3422752.0,5312872.0,675523178.0,0.7892507196348413,3486753.0,3117630.0,1081283.0,968882.0,977886.0,33971.0,37537.0,,,,,,,,,,,,,2198791.0,6731539.0,68.38514493521595,65.6284021147131,69.07392924608453,68.98882714089585,61.29037080886962,58.6806909709099,1049394.0,0.9318578150818472,0.0323720166114919,0.0357701683066608
scNH_GM_4plex_17_S16,scnomehic,,,,,,,,,,,,,,,,,,,,,,,,,,14358033.0,79620245.0,0.1803314345490898,2321400.0,4217566.0,0.5504122519955823,1106222.0,5734669.0,0.1929007585267781,0.1030025301525751,0.0,0.0,,,,,,,,,0.0,,,
scNH_GM_4plex_17_S16.TGACCA,scnomehic,8656087.0,1237820441.0,2406060.0,2346766.0,6583479.0,794609556.0,0.7605606320731296,5176196.0,4637749.0,1922107.0,1694827.0,8656087.0,1298413050.0,2560733.0,4232767.0,6630898.0,839567464.0,0.7660387424479445,4996094.0,4462581.0,1849931.0,1654358.0,1638843.0,59489.0,56107.0,,,,,,,,,,,,,3772038.0,8656087.0,78.62402234441699,75.34566208076191,62.8664177322497,62.97245408112817,70.44526154028897,67.29979860947944,1754439.0,0.934112271786024,0.0339077049700787,0.0319800232438973
scNH_GM_4plex_30_S29,scnomehic,,,,,,,,,,,,,,,,,,,,,,,,,,9008607.0,54640089.0,0.1648717482872328,1560420.0,2905988.0,0.5369671175517586,703888.0,3960698.0,0.1777181698781376,0.072168221315566,0.0,0.0,,,,,,,,,0.0,,,
scNH_GM_4plex_30_S29.TGACCA,scnomehic,5783253.0,827005179.0,1687615.0,1561658.0,4348320.0,523303398.0,0.7518813373718909,3210492.0,2878151.0,1302369.0,1151274.0,5783253.0,867487950.0,1790242.0,2501222.0,4386153.0,552998389.0,0.7584231573476035,3116813.0,2790193.0,1254518.0,1123185.0,1111565.0,35604.0,35385.0,,,,,,,,,,,,,2556887.0,5783253.0,73.83292857931339,71.06028905056435,59.43397460576136,59.74997537548772,66.18995382124591,63.61367239127317,1182554.0,0.9399697603661228,0.0301077160112772,0.0299225236225998
scNH_GM_4plex_31_S30,scnomehic,,,,,,,,,,,,,,,,,,,,,,,,,,12795113.0,77410320.0,0.1652894988678512,1998290.0,3914151.0,0.5105296142126351,959016.0,5350782.0,0.1792291294992021,0.1024866717790675,0.0,0.0,,,,,,,,,0.0,,,
scNH_GM_4plex_31_S30.GCCAAT,scnomehic,6921368.0,989755624.0,1312579.0,2211595.0,5888957.0,711416340.0,0.8508371466449985,4477489.0,4024654.0,1877798.0,1666108.0,6921368.0,1038205200.0,1458733.0,3472263.0,5926540.0,751411703.0,0.8562671425648802,4346586.0,3894986.0,1807342.0,1620200.0,1600797.0,39607.0,51995.0,,,,,,,,,,,,,3685140.0,6921368.0,76.03195268703779,73.34103878485591,58.06135983806995,58.4192743454288,68.3423906814059,65.72107840325046,1692399.0,0.9458744657731422,0.023402873672225,0.0307226605546328
scNH_GM_4plex_14_S13,scnomehic,,,,,,,,,,,,,,,,,,,,,,,,,,5228010.0,32777328.0,0.15950079884486,934171.0,1700991.0,0.5491922061903913,400427.0,2322181.0,0.1724357403664916,0.0437696478558558,0.0,0.0,,,,,,,,,0.0,,,
scNH_GM_4plex_14_S13.CGATGT,scnomehic,6256843.0,894728549.0,1706968.0,1675702.0,4789000.0,577624563.0,0.7654019766837685,3264522.0,2915372.0,807241.0,701213.0,6256843.0,938526450.0,1822757.0,2859356.0,4817590.0,609614815.0,0.7699713737423171,3177521.0,2835532.0,770156.0,688738.0,723677.0,23333.0,25599.0,,,,,,,,,,,,,1577397.0,6256843.0,68.16709125078305,65.95665052443233,75.27230632846094,75.76236317556987,60.87642514094801,58.85789367712903,772609.0,0.9366665415494771,0.0302002694765398,0.0331331889739829
scNH_GM_4plex_25_S24,scnomehic,,,,,,,,,,,,,,,,,,,,,,,,,,5980334.0,38468504.0,0.1554605294762697,963353.0,1949398.0,0.4941797416433175,453712.0,2683817.0,0.1690547455359288,0.052673659370639,0.0,0.0,,,,,,,,,0.0,,,
scNH_GM_4plex_25_S24.ATCACG,scnomehic,6616505.0,946160215.0,3571417.0,1095209.0,3314681.0,394704263.0,0.500971585451836,2275908.0,2044797.0,940075.0,832896.0,6616505.0,992475750.0,3638968.0,1925424.0,3401504.0,419870047.0,0.5140937700492934,2206053.0,1977766.0,907077.0,813444.0,798296.0,23929.0,26439.0,,,,,,,,,,,,,1847152.0,6616505.0,68.66144886943873,64.8552228661204,58.69450786235648,58.88235686087325,61.68910371767298,58.14386812421799,848664.0,0.9406502455624368,0.0281960823129059,0.0311536721246571
scNH_GM_4plex_33_S32,scnomehic,,,,,,,,,,,,,,,,,,,,,,,,,,5064757.0,29064501.0,0.1742592105744392,858708.0,1565166.0,0.5486370135819459,391360.0,2096400.0,0.1866819309292119,0.0397618844889711,0.0,0.0,,,,,,,,,0.0,,,
scNH_GM_4plex_33_S32.CGATGT,scnomehic,3327028.0,475765004.0,1409371.0,723148.0,2095582.0,249216495.0,0.6298660546289361,1483016.0,1328746.0,693425.0,615364.0,3327028.0,499054200.0,1457227.0,1231717.0,2128673.0,263879102.0,0.6398121686983097,1438366.0,1286591.0,669827.0,598951.0,582761.0,19361.0,16321.0,,,,,,,,,,,,,1363252.0,3327028.0,70.76869337491924,67.57101724877424,53.24224418347476,53.43139367866036,63.40701533034737,60.44098835283766,618443.0,0.942303494420666,0.0313060379048675,0.0263904676744663
scNH_GM_4plex_28_S27,scnomehic,,,,,,,,,,,,,,,,,,,,,,,,,,4194233.0,24062523.0,0.1743056204039784,674254.0,1259716.0,0.5352428642646437,317263.0,1700635.0,0.1865556101103411,0.0334817249873986,0.0,0.0,,,,,,,,,0.0,,,
scNH_GM_4plex_28_S27.CGATGT,scnomehic,4250584.0,607833512.0,2274602.0,820886.0,2212681.0,259684040.0,0.5205592925583873,1397808.0,1250909.0,581550.0,513989.0,4250584.0,637587600.0,2323197.0,1261123.0,2264414.0,275034075.0,0.5327300907357672,1354431.0,1209725.0,559979.0,500063.0,490954.0,16124.0,15525.0,,,,,,,,,,,,,1141529.0,4250584.0,63.172594693948206,59.81375313878116,58.39557364101508,58.65577500810304,56.5336349885049,53.42331393464269,522603.0,0.939439689400941,0.030853248067845,0.0297070625312139
scNH_GM_4plex_42_S41,scnomehic,,,,,,,,,,,,,,,,,,,,,,,,,,11653535.0,75713039.0,0.1539171476131079,2063422.0,3852482.0,0.5356084726677502,880181.0,5269218.0,0.1670420544376793,0.0997198471611746,0.0,0.0,,,,,,,,,0.0,,,
scNH_GM_4plex_42_S41.ATCACG,scnomehic,8788461.0,1256749923.0,3301469.0,2117032.0,5815958.0,700395303.0,0.6617720668044155,4385789.0,3933429.0,1839660.0,1628661.0,8788461.0,1318269150.0,3438940.0,3996156.0,5886076.0,741132769.0,0.6697504830481696,4218854.0,3774969.0,1773828.0,1588344.0,1564905.0,48607.0,49087.0,,,,,,,,,,,,,3613488.0,8788461.0,75.40957138961457,71.67515336193416,58.05406963262483,57.95474316010936,67.63166102643795,64.13388138379457,1662599.0,0.94124019080969,0.0292355522889163,0.0295242569013935
scNH_GM_4plex_47_S46,scnomehic,,,,,,,,,,,,,,,,,,,,,,,,,,5794573.0,36219767.0,0.1599837182828923,972063.0,1922617.0,0.5055936777839788,448966.0,2595315.0,0.1729909471489973,0.0489160425766909,0.0,0.0,,,,,,,,,0.0,,,
scNH_GM_4plex_47_S46.CGATGT,scnomehic,4773891.0,682666413.0,1710195.0,1210988.0,3280473.0,392841351.0,0.6871696484063,2295260.0,2054174.0,871437.0,768230.0,4773891.0,716083650.0,1787238.0,2132811.0,3314397.0,414953363.0,0.6942758014374438,2225587.0,1990249.0,840278.0,752106.0,749140.0,22710.0,26532.0,,,,,,,,,,,,,1711715.0,4773891.0,69.96734922067641,67.14907719262358,62.03319013967917,62.24465725222154,62.61822609117649,60.04860009226415,798382.0,0.9383227577776052,0.0284450300733232,0.0332322121490714
scNH_GM_4plex_19_S18,scnomehic,,,,,,,,,,,,,,,,,,,,,,,,,,4613225.0,34501462.0,0.1337110004207937,1054239.0,1786481.0,0.5901204658767711,347964.0,2432474.0,0.1430494221109866,0.0466133872988279,0.0,0.0,,,,,,,,,0.0,,,
scNH_GM_4plex_19_S18.ATCACG,scnomehic,4530431.0,647851633.0,1990778.0,1002777.0,2722463.0,326320095.0,0.6009280353237915,1853950.0,1654060.0,830819.0,731406.0,4530431.0,679564650.0,2050616.0,1704593.0,2765101.0,345691219.0,0.6103395019149392,1790380.0,1593761.0,798668.0,709962.0,689935.0,4449.0,45175.0,,,,,,,,,,,,,1629487.0,4530431.0,68.09826249245627,64.74917191089946,55.18654764152216,55.39114601369541,60.7560139476643,57.638437076982,739559.0,0.9329005528970644,0.0060157472223311,0.0610836998806045
scNH_GM_4plex_22_S21,scnomehic,,,,,,,,,,,,,,,,,,,,,,,,,,4454.0,284926.0,0.0156321290440324,11614.0,14942.0,0.7772721188595905,315.0,20507.0,0.0153606085726824,0.0003527884924657,0.0,0.0,,,,,,,,,0.0,,,
scNH_GM_4plex_22_S21.TGACCA,scnomehic,1980360.0,283191480.0,1198136.0,174153.0,910959.0,105963483.0,0.4599966672726171,13517.0,11641.0,7065.0,5998.0,1980360.0,297054000.0,1208817.0,294718.0,938878.0,112732387.0,0.4740946090609788,12963.0,10997.0,6494.0,5491.0,5557.0,28.0,77.0,,,,,,,,,,,,,13559.0,1980360.0,1.4838208964399056,1.380690568955711,47.732485018865134,49.90357170408084,1.2778840760122026,1.1712916907202002,5662.0,0.9814553161427058,0.0049452490286117,0.0135994348286824
scNH_GM_4plex_32_S31,scnomehic,,,,,,,,,,,,,,,,,,,,,,,,,,9216196.0,55530267.0,0.1659670752168362,1530077.0,2910471.0,0.5257145664739488,705179.0,3944783.0,0.1787624312921648,0.073914422689441,0.0,0.0,,,,,,,,,0.0,,,
scNH_GM_4plex_32_S31.CGATGT,scnomehic,6567369.0,939133767.0,1786150.0,1853372.0,5045406.0,607955689.0,0.7682537710306822,3841179.0,3440164.0,1342430.0,1182924.0,6567369.0,985105350.0,1911891.0,3060730.0,5080629.0,641897409.0,0.7736171060283045,3742447.0,3346447.0,1291240.0,1155090.0,1161949.0,38016.0,37350.0,,,,,,,,,,,,,2633670.0,6567369.0,76.1322081909761,73.66109589973998,65.0516156627952,65.49744057831681,68.18408667211321,65.86678539212369,1237315.0,0.9390890759426662,0.0307245931715044,0.0301863308858293
scNH_GM_4plex_20_S19,scnomehic,,,,,,,,,,,,,,,,,,,,,,,,,,8560789.0,49222168.0,0.1739214128073351,1358340.0,2568572.0,0.5288308055993758,651430.0,3492692.0,0.1865122948144296,0.0655359946298735,0.0,0.0,,,,,,,,,0.0,,,
scNH_GM_4plex_20_S19.CGATGT,scnomehic,8140035.0,1164025005.0,3347015.0,1897844.0,5168147.0,616323319.0,0.6349047639230052,3663466.0,3269921.0,1205912.0,1057241.0,8140035.0,1221005250.0,3467394.0,3231316.0,5238651.0,651524609.0,0.6435661517425908,3546011.0,3159070.0,1156234.0,1030552.0,1038678.0,41537.0,29067.0,,,,,,,,,,,,,2362146.0,8140035.0,70.88548371398879,67.68939179189452,67.08275714855823,67.3933893606083,63.27066548223184,60.30312002078397,1109282.0,0.9363516220402026,0.0374449418632953,0.026203436096502
scNH_GM_4plex_34_S33,scnomehic,,,,,,,,,,,,,,,,,,,,,,,,,,6530319.0,42035758.0,0.1553515223872018,1174841.0,2112483.0,0.5561422269433648,492453.0,2909072.0,0.169281819081824,0.0570964679468744,0.0,0.0,,,,,,,,,0.0,,,
scNH_GM_4plex_34_S33.TGACCA,scnomehic,5122538.0,732522934.0,1662415.0,1279832.0,3728050.0,446248921.0,0.727774005776043,2553885.0,2294692.0,1019797.0,903339.0,5122538.0,768380700.0,1751430.0,2053739.0,3766015.0,471178525.0,0.7351853710016402,2471660.0,2213578.0,977754.0,875018.0,873253.0,20586.0,29843.0,,,,,,,,,,,,,1997551.0,5122538.0,68.50458014243371,65.63064671808264,60.06879714630846,60.441403752943366,61.55207145826906,58.77772658898066,923682.0,0.9454043707682948,0.0222868909429868,0.0323087382887184
scNH_GM_4plex_43_S42,scnomehic,,,,,,,,,,,,,,,,,,,,,,,,,,9101517.0,59016347.0,0.1542202705294517,1682603.0,3074282.0,0.5473157634855879,707939.0,4215932.0,0.1679199284997955,0.0772734550079198,0.0,0.0,,,,,,,,,0.0,,,
scNH_GM_4plex_43_S42.GCCAAT,scnomehic,7774178.0,1111707454.0,3338364.0,2024857.0,4967375.0,581639730.0,0.6389582281239251,3494202.0,3140329.0,1437807.0,1273392.0,7774178.0,1166126700.0,3456869.0,3013403.0,5117611.0,617063519.0,0.6582832294295294,3372635.0,3018500.0,1371515.0,1227420.0,1215665.0,32372.0,40434.0,,,,,,,,,,,,,2809322.0,7774178.0,70.34302825939254,65.90252756608504,58.85163479386711,59.33402221111979,63.21908452653564,58.98259949808612,1288471.0,0.9434942656838996,0.0251243528181852,0.0313813814979149
scNH_GM_4plex_12_S11,scnomehic,,,,,,,,,,,,,,,,,,,,,,,,,,8432216.0,58863130.0,0.1432512338368687,1809693.0,3157326.0,0.5731726783993797,670470.0,4279114.0,0.1566843042742025,0.0750087564849253,0.0,0.0,,,,,,,,,0.0,,,
scNH_GM_4plex_12_S11.ATCACG,scnomehic,10125684.0,1447972812.0,4232125.0,2272384.0,6239612.0,751409902.0,0.6162163464710138,4649998.0,4154303.0,1436232.0,1253525.0,10125684.0,1518852600.0,4373564.0,4073176.0,6319082.0,795526533.0,0.6240647051596712,4485268.0,3996773.0,1362542.0,1214252.0,1255141.0,34733.0,43534.0,,,,,,,,,,,,,2798774.0,10125684.0,74.52383257164067,70.97974041166107,69.11327703796861,69.62183753568348,66.57950846943687,63.24926627000568,1333408.0,0.9413030370299263,0.0260482912956874,0.0326486716743862
scNH_GM_4plex_13_S12,scnomehic,,,,,,,,,,,,,,,,,,,,,,,,,,7128200.0,43132214.0,0.1652639486579566,1271769.0,2316257.0,0.5490621291160696,558232.0,3131912.0,0.1782400016347841,0.0584419483402827,0.0,0.0,,,,,,,,,0.0,,,
scNH_GM_4plex_13_S12.ATCACG,scnomehic,5798023.0,829117289.0,2686947.0,1254493.0,3295985.0,396509378.0,0.5684670447150693,2409421.0,2157112.0,1026355.0,906961.0,5798023.0,869703450.0,2761065.0,2132815.0,3347544.0,420188722.0,0.5773595585943692,2329992.0,2082104.0,992472.0,887205.0,873879.0,28610.0,27373.0,,,,,,,,,,,,,2018827.0,5798023.0,73.10169797496044,69.60302836945533,57.40242157763213,57.4044889424513,65.44665706913108,62.19795766687458,929862.0,0.9397942920562408,0.0307680064353635,0.0294377015083958
scNH_GM_4plex_37_S36,scnomehic,,,,,,,,,,,,,,,,,,,,,,,,,,6049107.0,37281609.0,0.1622544509814477,1063997.0,1966752.0,0.5409919501797888,467144.0,2663864.0,0.1753633068354841,0.0504918351764712,0.0,0.0,,,,,,,,,0.0,,,
scNH_GM_4plex_37_S36.CGATGT,scnomehic,3937887.0,563117841.0,1391361.0,1108059.0,2774148.0,329520322.0,0.7044762838547678,1986132.0,1779791.0,890717.0,789574.0,3937887.0,590683050.0,1461604.0,1734877.0,2804918.0,347388227.0,0.7122901190409984,1924829.0,1722204.0,860778.0,769771.0,752358.0,23824.0,23667.0,,,,,,,,,,,,,1751495.0,3937887.0,71.5943057111589,68.62336082552146,55.15318216513303,55.28028723590512,64.15631033383944,61.39944198012206,799849.0,0.940625042976862,0.0297856220361593,0.0295893349869787
scNH_GM_4plex_15_S14,scnomehic,,,,,,,,,,,,,,,,,,,,,,,,,,7452124.0,38807755.0,0.1920266709579051,1083486.0,2067210.0,0.5241296239859521,570261.0,2799788.0,0.2036800643477291,0.0524516264033966,0.0,0.0,,,,,,,,,0.0,,,
scNH_GM_4plex_15_S14.ATCACG,scnomehic,5190170.0,742194310.0,2318036.0,1110697.0,3036947.0,365733549.0,0.5851343982952388,2190921.0,1976352.0,971007.0,866729.0,5190170.0,778525500.0,2381874.0,2078301.0,3079066.0,387224631.0,0.5932495467393168,2101191.0,1891404.0,942369.0,849082.0,802408.0,21360.0,36325.0,,,,,,,,,,,,,1913376.0,5190170.0,72.14222046021877,68.24118092954163,55.68041933050074,55.15072166214304,65.07693417106061,61.42784857486004,860093.0,0.9329316713425176,0.0248345237084826,0.0422338049489997
scNH_GM_4plex_37_S36,scnomehic,,,,,,,,,,,,,,,,,,,,,,,,,,13111930.0,76985401.0,0.1703170968739904,2152957.0,4015889.0,0.5361096882906873,996809.0,5485067.0,0.1817314173190591,0.1000945458785255,0.0,0.0,,,,,,,,,0.0,,,
scNH_GM_4plex_37_S36.ATCACG,scnomehic,7191518.0,1028387074.0,2258362.0,2019186.0,5216619.0,629221212.0,0.7253849604492404,4041029.0,3625677.0,1843266.0,1635272.0,7191518.0,1078727700.0,2382772.0,3463953.0,5264829.0,665125007.0,0.7320886911497684,3905660.0,3494529.0,1780884.0,1593182.0,1550184.0,26990.0,76122.0,,,,,,,,,,,,,3624150.0,7191518.0,77.46452251927924,74.1839858426551,54.386221925158175,54.40248255096449,69.50243059728916,66.37497628128092,1653296.0,0.937632462668512,0.0163249654024445,0.0460425719290435
scNH_GM_4plex_6_S5,scnomehic,,,,,,,,,,,,,,,,,,,,,,,,,,11957849.0,75718846.0,0.1579243429040109,2246331.0,3948518.0,0.568904839739872,932892.0,5410752.0,0.1724144813881693,0.1001557922475844,0.0,0.0,,,,,,,,,0.0,,,
scNH_GM_4plex_6_S5.GCCAAT,scnomehic,6323761.0,904297823.0,1245269.0,2071686.0,5293678.0,640746510.0,0.8371091190827736,4120670.0,3698387.0,1808235.0,1602575.0,6323761.0,948564150.0,1378292.0,3407015.0,5323018.0,676583320.0,0.8417487631173917,3985169.0,3567250.0,1746581.0,1564700.0,1536280.0,46095.0,50979.0,,,,,,,,,,,,,3554816.0,6323761.0,77.8413420687847,74.86672034548822,56.11793713158298,56.17297534935155,69.86422294669227,67.0155539582996,1633354.0,0.9405676907761576,0.0282210714884832,0.0312112377353592
scNH_GM_4plex_10_S9,scnomehic,,,,,,,,,,,,,,,,,,,,,,,,,,8374253.0,53464517.0,0.1566319770549877,1475137.0,2677188.0,0.5510023950503289,632633.0,3715805.0,0.1702546285394416,0.0711357716470116,0.0,0.0,,,,,,,,,0.0,,,
scNH_GM_4plex_10_S9.GCCAAT,scnomehic,8184707.0,1170413101.0,2337102.0,2185458.0,6223205.0,746457180.0,0.7603454833508395,4169473.0,3742817.0,1314318.0,1154561.0,8184707.0,1227706050.0,2484564.0,3458126.0,6301319.0,789050145.0,0.7698893802795873,4041304.0,3619300.0,1257343.0,1127109.0,1150282.0,27932.0,44937.0,,,,,,,,,,,,,2571661.0,8184707.0,66.9988052779878,64.13425506628056,68.47759896754337,68.8876907057722,60.14291671252996,57.43718100924584,1223151.0,0.9404251805378075,0.0228361011845634,0.0367387182776288
scNH_GM_4plex_34_S33,scnomehic,,,,,,,,,,,,,,,,,,,,,,,,,,7696070.0,47259716.0,0.1628463023349526,1439172.0,2550297.0,0.5643154503181395,606208.0,3429194.0,0.1767785666252769,0.0626037162004042,0.0,0.0,,,,,,,,,0.0,,,
scNH_GM_4plex_34_S33.CGATGT,scnomehic,5382813.0,769742259.0,1672401.0,1514455.0,4005876.0,478646331.0,0.7441975041674307,2849818.0,2553938.0,1127595.0,996843.0,5382813.0,807421950.0,1768065.0,2470405.0,4040238.0,504977631.0,0.7505811552435502,2757946.0,2463249.0,1082314.0,966950.0,967231.0,27661.0,30196.0,,,,,,,,,,,,,2209909.0,5382813.0,71.14094395333255,68.26196872560479,60.43273640632489,60.75651952576302,63.75479420730946,60.96791822659953,1025088.0,0.943558992008491,0.0269840247861647,0.0294569832053443
scNH_GM_4plex_36_S35,scnomehic,,,,,,,,,,,,,,,,,,,,,,,,,,15171369.0,94460478.0,0.160610758289832,2815092.0,4772025.0,0.5899156018671319,1140929.0,6569394.0,0.1736734012300069,0.1207050192548666,0.0,0.0,,,,,,,,,0.0,,,
scNH_GM_4plex_36_S35.TGACCA,scnomehic,10118826.0,1446992118.0,2175565.0,2986573.0,8401787.0,1013823760.0,0.8303124295249271,6310905.0,5657888.0,2302056.0,2029523.0,10118826.0,1517823900.0,2383735.0,4939417.0,8444784.0,1070035244.0,0.8345616378817068,6103160.0,5451967.0,2197787.0,1962304.0,1975026.0,54874.0,68814.0,,,,,,,,,,,,,4499843.0,10118826.0,75.11384185292962,72.27135708858864,63.52256926700688,63.98935961043132,67.3414834248952,64.56017110680392,2098714.0,0.9410648616247854,0.0261464878015775,0.032788650573637
scNH_GM_4plex_23_S22,scnomehic,,,,,,,,,,,,,,,,,,,,,,,,,,12346811.0,69572531.0,0.1774667504909373,2058617.0,3738458.0,0.5506593895130024,960220.0,5074244.0,0.1892341006857376,0.0893306820855818,0.0,0.0,,,,,,,,,0.0,,,
scNH_GM_4plex_23_S22.GCCAAT,scnomehic,8285126.0,1184773018.0,2354700.0,2418721.0,6309674.0,757675713.0,0.7615664505283324,4653751.0,4165131.0,1680222.0,1478282.0,8285126.0,1242768900.0,2509251.0,3772507.0,6379043.0,800558474.0,0.7699391656807634,4497256.0,4017882.0,1603615.0,1433600.0,1431988.0,54619.0,44723.0,,,,,,,,,,,,,3283837.0,8285126.0,73.75580735232914,70.50048102826709,63.89531799187365,64.34236787943581,66.01182565058036,62.98565474476344,1531330.0,0.9351269811209864,0.0356676875657108,0.0292053313133028
scNH_GM_4plex_30_S29,scnomehic,,,,,,,,,,,,,,,,,,,,,,,,,,5803862.0,36126773.0,0.1606526550267858,986812.0,1804231.0,0.546943268350893,435170.0,2488627.0,0.1748634889840864,0.0495252558634819,0.0,0.0,,,,,,,,,0.0,,,
scNH_GM_4plex_30_S29.GCCAAT,scnomehic,4619835.0,660636405.0,1642518.0,1207966.0,3233548.0,384448540.0,0.6999271619008038,2181227.0,1959844.0,882847.0,782109.0,4619835.0,692975250.0,1720959.0,1845731.0,3299548.0,407057330.0,0.7142133864088219,2110941.0,1892811.0,848686.0,761117.0,754254.0,18328.0,25099.0,,,,,,,,,,,,,1731533.0,4619835.0,67.45615033393659,63.97667195628007,59.52521218561846,59.79584460200451,60.609707974027295,57.3657664625579,797681.0,0.9455584375207632,0.0229766034291903,0.0314649590500463
scNH_GM_4plex_39_S38,scnomehic,,,,,,,,,,,,,,,,,,,,,,,,,,11907450.0,71280181.0,0.1670513434863472,1998939.0,3566699.0,0.5604451062452985,888933.0,4924268.0,0.1805208408640634,0.095108852269867,0.0,0.0,,,,,,,,,0.0,,,
scNH_GM_4plex_39_S38.GCCAAT,scnomehic,6007025.0,859004575.0,1103117.0,1895718.0,5146122.0,621856110.0,0.8566839658566429,3951228.0,3551653.0,1726037.0,1531772.0,6007025.0,901053750.0,1231771.0,3178896.0,5179214.0,656646316.0,0.8621928492057216,3819730.0,3422400.0,1666534.0,1493730.0,1469584.0,44473.0,42042.0,,,,,,,,,,,,,3392571.0,6007025.0,76.78069039171632,73.7511522018592,56.316441369619774,56.37037172784464,69.01610571999653,66.0795248082045,1556099.0,0.9444026376213852,0.0285798011566102,0.0270175612220045
scNH_GM_4plex_16_S15,scnomehic,,,,,,,,,,,,,,,,,,,,,,,,,,7250151.0,42481778.0,0.1706649613394241,1191605.0,2245515.0,0.5306600044978547,561234.0,3047188.0,0.1841809563440129,0.057358823857141,0.0,0.0,,,,,,,,,0.0,,,
scNH_GM_4plex_16_S15.TGACCA,scnomehic,6293907.0,900028701.0,2549815.0,1411163.0,3991108.0,478898868.0,0.6341224933892414,2833773.0,2539396.0,1025728.0,903832.0,6293907.0,944086050.0,2637769.0,2438517.0,4042223.0,506842845.0,0.642243839955055,2737966.0,2444873.0,981675.0,876987.0,879984.0,26211.0,30070.0,,,,,,,,,,,,,2007403.0,6293907.0,71.002162807922,67.73416508688412,63.80345214666101,64.14582942227916,63.62634135683625,60.48337758703565,936265.0,0.9398877454566816,0.0279952791143533,0.032116975428965
scNH_GM_4plex_2_S2,scnomehic,,,,,,,,,,,,,,,,,,,,,,,,,,9551118.0,58678780.0,0.1627695395166702,1687596.0,3060509.0,0.5514102392771921,743182.0,4207749.0,0.176622227228858,0.0770062157498276,0.0,0.0,,,,,,,,,0.0,,,
scNH_GM_4plex_2_S2.GCCAAT,scnomehic,6730076.0,962400868.0,1428919.0,1986465.0,5588605.0,674170363.0,0.8303925542594169,4200146.0,3767849.0,1428035.0,1256879.0,6730076.0,1009511400.0,1567168.0,3349220.0,5631175.0,712444309.0,0.8367178914472883,4062588.0,3639584.0,1369594.0,1227955.0,1236017.0,39961.0,41296.0,,,,,,,,,,,,,2797629.0,6730076.0,75.15553523643199,72.14458794123783,66.00034855931199,66.28764718450407,67.42020593690197,64.63276314445919,1317274.0,0.9383142763009062,0.0303361335606715,0.0313495901384222
scNH_GM_4plex_47_S46,scnomehic,,,,,,,,,,,,,,,,,,,,,,,,,,16393011.0,102492191.0,0.1599440000263044,2620189.0,5181843.0,0.5056480869837238,1235391.0,7150395.0,0.1727724132722737,0.1295898148056339,0.0,0.0,,,,,,,,,0.0,,,
scNH_GM_4plex_47_S46.GCCAAT,scnomehic,10149128.0,1451325304.0,1944403.0,3246587.0,8622100.0,1041032193.0,0.849540965489843,6622916.0,5960690.0,2513854.0,2225833.0,10149128.0,1522369200.0,2162415.0,5415507.0,8679063.0,1099110943.0,0.8551535659024105,6401005.0,5742701.0,2413580.0,2167708.0,2154671.0,69759.0,67722.0,,,,,,,,,,,,,4927434.0,10149128.0,76.81325895083563,73.75225874037325,62.043094008741775,62.29373356215157,69.13269389127939,66.16729248307104,2292152.0,0.9400209933721672,0.0304338455739409,0.0295451610538917
scNH_GM_4plex_16_S15,scnomehic,,,,,,,,,,,,,,,,,,,,,,,,,,7946699.0,45752273.0,0.1736897093615436,1382181.0,2455934.0,0.5627924040304014,618379.0,3318290.0,0.1863547188461526,0.0610431814012219,0.0,0.0,,,,,,,,,0.0,,,
scNH_GM_4plex_16_S15.ATCACG,scnomehic,8616114.0,1232104302.0,4631223.0,1589946.0,4286857.0,512580436.0,0.4975394940224792,2976805.0,2666106.0,1102417.0,970921.0,8616114.0,1292417100.0,4712583.0,2927857.0,4383210.0,544869823.0,0.5087223776287082,2861768.0,2555529.0,1055429.0,942782.0,944595.0,25405.0,34504.0,,,,,,,,,,,,,2157846.0,8616114.0,69.4402682431441,65.28931992763295,62.96643549039994,63.11968685092573,62.19255739111428,58.302682280794215,1004504.0,0.9403596202703024,0.0252910889354348,0.0343492907942626
scNH_GM_4plex_40_S39,scnomehic,,,,,,,,,,,,,,,,,,,,,,,,,,6415738.0,38088514.0,0.1684428539270395,1058506.0,1938064.0,0.5461666900577071,479896.0,2675086.0,0.1793946063790098,0.0508005899880322,0.0,0.0,,,,,,,,,0.0,,,
scNH_GM_4plex_40_S39.ATCACG,scnomehic,7475737.0,1069030391.0,3911265.0,1415314.0,3873351.0,461773120.0,0.518122962324651,2551216.0,2300568.0,959930.0,852618.0,7475737.0,1121360550.0,3989083.0,2569404.0,3966595.0,490560383.0,0.5305958462690702,2449960.0,2204369.0,920373.0,828288.0,809903.0,5175.0,49615.0,,,,,,,,,,,,,1880303.0,7475737.0,65.86586136913489,61.76481339788912,62.37362888912581,62.43314176557985,59.39477212367276,55.57333178708691,864693.0,0.9366364709787172,0.0059847830386044,0.0573787459826782
scNH_GM_4plex_8_S7,scnomehic,,,,,,,,,,,,,,,,,,,,,,,,,,8899567.0,50965819.0,0.1746183456798761,1398649.0,2684090.0,0.521088711630385,679988.0,3632375.0,0.1872020372345917,0.0685003077307537,0.0,0.0,,,,,,,,,0.0,,,
scNH_GM_4plex_8_S7.CGATGT,scnomehic,6209230.0,887919890.0,1783596.0,1587472.0,4645285.0,561098582.0,0.7481257740492783,3443404.0,3079416.0,1231870.0,1084408.0,6209230.0,931384500.0,1893018.0,3097824.0,4675244.0,592508623.0,0.7529506879274886,3332856.0,2977419.0,1206399.0,1080389.0,1067966.0,43453.0,33410.0,,,,,,,,,,,,,2438269.0,6209230.0,74.12686196864132,71.28731676892158,64.22522596825699,63.80284656762849,66.29121786930189,63.6847830829792,1144829.0,0.9328607154430923,0.0379558868617059,0.0291833976952016
scNH_GM_4plex_29_S28,scnomehic,,,,,,,,,,,,,,,,,,,,,,,,,,3271838.0,20521326.0,0.1594359935610398,598696.0,1068901.0,0.5601042566149719,248833.0,1441479.0,0.1726233958316423,0.0290898004086612,0.0,0.0,,,,,,,,,0.0,,,
scNH_GM_4plex_29_S28.CGATGT,scnomehic,3093229.0,442331747.0,1736711.0,570099.0,1515276.0,177933909.0,0.489868677682771,982812.0,879425.0,492783.0,437037.0,3093229.0,463984350.0,1768277.0,908180.0,1553081.0,188736281.0,0.5020905338725326,953282.0,851672.0,477162.0,426104.0,411480.0,10436.0,14953.0,,,,,,,,,,,,,969945.0,3093229.0,64.86026308078529,61.3800568032189,49.85989182061269,49.945346707480056,58.037281656939065,54.83757769234187,436869.0,0.9418841803835932,0.0238881678489432,0.0342276517674634
scNH_GM_4plex_41_S40,scnomehic,,,,,,,,,,,,,,,,,,,,,,,,,,6108736.0,35637429.0,0.1714134877687164,1128262.0,1908271.0,0.5912483080233363,479028.0,2585427.0,0.1852800330467655,0.0478023479748618,0.0,0.0,,,,,,,,,0.0,,,
scNH_GM_4plex_41_S40.ATCACG,scnomehic,5293700.0,756999100.0,2554265.0,1129272.0,2971793.0,354602324.0,0.5613829646561006,2012179.0,1804676.0,851292.0,753382.0,5293700.0,794055000.0,2613459.0,1896235.0,3032160.0,376313907.0,0.5727865198254529,1948044.0,1743521.0,820781.0,734601.0,723494.0,19669.0,24769.0,,,,,,,,,,,,,1672073.0,5293700.0,67.70925835009369,64.24608200094983,57.69302830414193,57.866403428259325,60.72684066487807,57.50095641390956,767932.0,0.9421328971836048,0.0256129448961626,0.0322541579202325
scNH_GM_4plex_5_S4,scnomehic,,,,,,,,,,,,,,,,,,,,,,,,,,8230887.0,52682200.0,0.1562365846528808,1452727.0,2671538.0,0.5437792762071885,626217.0,3680644.0,0.1701378889129185,0.0718074832696279,0.0,0.0,,,,,,,,,0.0,,,
scNH_GM_4plex_5_S4.ATCACG,scnomehic,6614567.0,945883081.0,2924144.0,1495306.0,3911961.0,470134600.0,0.5914160367564498,2908847.0,2607337.0,1273316.0,1127343.0,6614567.0,992185050.0,3010558.0,2763467.0,3977828.0,498276470.0,0.6013739070146239,2797252.0,2502201.0,1232588.0,1103449.0,1078830.0,33119.0,35646.0,,,,,,,,,,,,,2505904.0,6614567.0,74.357770949148,70.32108980076565,56.22609233142891,55.93575409008555,66.65038327324838,62.9037002102655,1147595.0,0.9400790348511452,0.0288594843999843,0.0310614807488704
scNH_GM_4plex_23_S22,scnomehic,,,,,,,,,,,,,,,,,,,,,,,,,,10613609.0,62113915.0,0.1708732898256373,1808093.0,3251755.0,0.5560360482262655,812908.0,4439855.0,0.1830933667878793,0.0813510859270209,0.0,0.0,,,,,,,,,0.0,,,
scNH_GM_4plex_23_S22.ATCACG,scnomehic,9203973.0,1316168139.0,3934690.0,2096227.0,5581847.0,672146934.0,0.6064606013077178,4176496.0,3737645.0,1514990.0,1333039.0,9203973.0,1380595950.0,4060115.0,3803558.0,5657137.0,711575536.0,0.6146407643742544,4018701.0,3590501.0,1452822.0,1299064.0,1293771.0,48405.0,41459.0,,,,,,,,,,,,,2967812.0,9203973.0,74.82283194075366,71.03771748854588,63.72581225984653,63.8484674525425,66.96072106598407,63.46851773255624,1383635.0,0.9350522355968156,0.034983937237783,0.0299638271654012
scNH_GM_4plex_32_S31,scnomehic,,,,,,,,,,,,,,,,,,,,,,,,,,11779400.0,68451290.0,0.172084412141831,1954744.0,3572031.0,0.5472360122294572,906786.0,4893713.0,0.1852961136053544,0.0884477690566914,0.0,0.0,,,,,,,,,0.0,,,
scNH_GM_4plex_32_S31.GCCAAT,scnomehic,8362689.0,1195864527.0,2524705.0,2389175.0,6239497.0,747318653.0,0.7461113285451605,4581359.0,4121571.0,1659593.0,1467139.0,8362689.0,1254403350.0,2671560.0,3412820.0,6335844.0,791079439.0,0.7576323835550981,4455349.0,3998476.0,1580480.0,1418449.0,1431349.0,39690.0,43038.0,,,,,,,,,,,,,3240073.0,8362689.0,73.4251334682908,70.31973956429482,63.77509380950064,64.52623576738881,66.0561420255511,63.10881391650426,1514077.0,0.9453607709515434,0.0262139904377386,0.0284252386107179
scNH_GM_4plex_36_S35,scnomehic,,,,,,,,,,,,,,,,,,,,,,,,,,7968754.0,50933336.0,0.1564545860494981,1433220.0,2573674.0,0.5568770559130644,604199.0,3553469.0,0.1700307502330821,0.0677970837078409,0.0,0.0,,,,,,,,,0.0,,,
scNH_GM_4plex_36_S35.GCCAAT,scnomehic,6595700.0,943185100.0,2103598.0,1837224.0,4885357.0,581372543.0,0.7406881756295769,3357136.0,3013969.0,1249528.0,1103690.0,6595700.0,989355000.0,2227715.0,2670299.0,4968964.0,614892655.0,0.7533641614991585,3247000.0,2907091.0,1189524.0,1064625.0,1066483.0,26449.0,39275.0,,,,,,,,,,,,,2439052.0,6595700.0,68.718335220947,65.34561329081878,62.77994099732629,63.365445026178,61.69393557113636,58.50497206258689,1132207.0,0.9419505443792522,0.0233605692245322,0.0346888863962155
scNH_GM_4plex_21_S20,scnomehic,,,,,,,,,,,,,,,,,,,,,,,,,,6930301.0,43288027.0,0.1600974098449901,1287473.0,2278242.0,0.5651168752046534,537812.0,3096703.0,0.1736724509906181,0.0574185840600331,0.0,0.0,,,,,,,,,0.0,,,
scNH_GM_4plex_21_S20.TGACCA,scnomehic,6683658.0,955763094.0,2338697.0,1536241.0,4648694.0,557873114.0,0.6955313991230551,3078427.0,2750458.0,1048807.0,919270.0,6683658.0,1002548700.0,2442704.0,2501359.0,4696238.0,589932417.0,0.7026448690223228,2986878.0,2659097.0,998636.0,888876.0,905008.0,23245.0,32554.0,,,,,,,,,,,,,2047443.0,6683658.0,66.2213301198143,63.601504012360536,65.93042485659072,66.56589254733538,59.166251854822015,56.62185349209303,960807.0,0.941924861080321,0.0241932042543403,0.0338819346653386
scNH_GM_4plex_41_S40,scnomehic,,,,,,,,,,,,,,,,,,,,,,,,,,11618851.0,72837895.0,0.159516567577907,2049601.0,3776038.0,0.5427914125864199,893238.0,5145704.0,0.1735890754695567,0.0952090741289267,0.0,0.0,,,,,,,,,0.0,,,
scNH_GM_4plex_41_S40.CGATGT,scnomehic,6869659.0,982361237.0,1663879.0,2103834.0,5490571.0,661681733.0,0.7992494241708359,4297517.0,3846957.0,1749733.0,1546236.0,6869659.0,1030448850.0,1802172.0,3569702.0,5524577.0,698261819.0,0.8041995970979054,4177247.0,3736730.0,1690886.0,1512973.0,1498243.0,47105.0,46027.0,,,,,,,,,,,,,3440619.0,6869659.0,78.27085743905324,75.61206948513886,59.28502435243421,59.52152218913558,70.06478925415955,67.63830063369558,1591375.0,0.9414770245856572,0.0296001885162202,0.0289227868981226
scNH_GM_4plex_48_S47,scnomehic,,,,,,,,,,,,,,,,,,,,,,,,,,6389366.0,39125858.0,0.1633028980476287,1173563.0,2115198.0,0.5548241819441962,504832.0,2846236.0,0.1773682856938075,0.0528479214668222,0.0,0.0,,,,,,,,,0.0,,,
scNH_GM_4plex_48_S47.CGATGT,scnomehic,5003331.0,715476333.0,1868582.0,1223611.0,3371263.0,403016879.0,0.6738037119670875,2370390.0,2120281.0,935923.0,825567.0,5003331.0,750499650.0,1946679.0,2098144.0,3411703.0,426019854.0,0.6818863273287336,2295939.0,2050963.0,901599.0,806038.0,803131.0,23714.0,26839.0,,,,,,,,,,,,,1837522.0,5003331.0,70.31163098221646,67.29598092213772,60.51607541375048,60.730707566708,62.892779353019925,60.11552002035347,853684.0,0.9407825378008724,0.0277784285520169,0.0314390336471106
scNH_GM_4plex_18_S17,scnomehic,,,,,,,,,,,,,,,,,,,,,,,,,,15494982.0,93153224.0,0.1663386551172936,2762205.0,4864000.0,0.5678875411184211,1193630.0,6665848.0,0.179066489364894,0.1179352668218815,0.0,0.0,,,,,,,,,0.0,,,
scNH_GM_4plex_18_S17.ATCACG,scnomehic,13614925.0,1946934275.0,5961217.0,2962387.0,8162283.0,980444998.0,0.5995099495590317,6011415.0,5377729.0,2259406.0,1989363.0,13614925.0,2042238750.0,6140529.0,5323651.0,8281790.0,1039002162.0,0.608287596149079,5795254.0,5172942.0,2169663.0,1938512.0,1936148.0,62651.0,63564.0,,,,,,,,,,,,,4429069.0,13614925.0,73.64869608172125,69.97586270600921,62.41473929183062,62.56138212406221,65.88510836980291,62.46164174653064,2062363.0,0.9388007833732472,0.0303782602771675,0.0308209563495854
scNH_GM_4plex_1_S1,scnomehic,,,,,,,,,,,,,,,,,,,,,,,,,,3588967.0,22676846.0,0.1582657041459822,657434.0,1170183.0,0.5618215270602974,272815.0,1587391.0,0.171863768913897,0.0319406764815676,0.0,0.0,,,,,,,,,0.0,,,
scNH_GM_4plex_1_S1.CGATGT,scnomehic,3279072.0,468907296.0,1225212.0,732360.0,2169277.0,260961696.0,0.6615521098652302,1530243.0,1370166.0,547980.0,483084.0,3279072.0,491860800.0,1277797.0,1296755.0,2191015.0,275714458.0,0.6681814245005904,1487065.0,1329260.0,533285.0,477561.0,474644.0,14918.0,18017.0,,,,,,,,,,,,,1081265.0,3279072.0,70.54161363440446,67.87105519587953,64.19000119588848,64.13842031114982,63.162334731802346,60.66868551789924,507579.0,0.935113548826882,0.029390498818903,0.0354959523542148
scNH_GM_4plex_35_S34,scnomehic,,,,,,,,,,,,,,,,,,,,,,,,,,5407905.0,33037645.0,0.1636891794194168,906800.0,1712570.0,0.5294966045183555,411652.0,2328977.0,0.1767522822252001,0.0450109317747626,0.0,0.0,,,,,,,,,0.0,,,
scNH_GM_4plex_35_S34.CGATGT,scnomehic,4989284.0,713467612.0,2118331.0,1198474.0,3108462.0,370234035.0,0.6230276729085776,2155167.0,1930290.0,800959.0,706768.0,4989284.0,748392600.0,2192840.0,1900902.0,3153734.0,391403036.0,0.632101519977616,2091945.0,1869737.0,771014.0,689416.0,688513.0,18536.0,24084.0,,,,,,,,,,,,,1571973.0,4989284.0,69.33226142059964,66.33232225672806,62.83540904254752,63.143677295531184,62.09791208642731,59.28645218651922,731133.0,0.9417069124222268,0.0253524324575692,0.0329406551202038
scNH_GM_4plex_25_S24,scnomehic,,,,,,,,,,,,,,,,,,,,,,,,,,9964387.0,58590415.0,0.1700685513150913,1760479.0,3075174.0,0.572481101882365,772933.0,4215362.0,0.1833610019732587,0.076909823663881,0.0,0.0,,,,,,,,,0.0,,,
scNH_GM_4plex_25_S24.GCCAAT,scnomehic,6835946.0,977540278.0,2508969.0,1665875.0,4713625.0,559603741.0,0.6895351426123026,3446288.0,3094016.0,1411270.0,1249269.0,6835946.0,1025391900.0,2619834.0,2497022.0,4823890.0,593652649.0,0.7056653168412974,3344830.0,2996848.0,1355037.0,1213859.0,1200660.0,39322.0,33204.0,,,,,,,,,,,,,2766307.0,6835946.0,73.11332573125779,69.3388530833,59.04956289201599,59.48861377110346,65.63984194754568,62.12513137737387,1273186.0,0.9430358172333028,0.0308847254054003,0.0260794573612967
scNH_GM_4plex_33_S32,scnomehic,,,,,,,,,,,,,,,,,,,,,,,,,,7741380.0,51644118.0,0.1498985808993775,1512393.0,2756927.0,0.5485792695998116,604040.0,3695852.0,0.1634372804971627,0.0690251905233008,0.0,0.0,,,,,,,,,0.0,,,
scNH_GM_4plex_33_S32.ATCACG,scnomehic,5935697.0,848804671.0,2734726.0,1190411.0,3484241.0,415782973.0,0.586997786443614,2547472.0,2286171.0,1236104.0,1098283.0,5935697.0,890354550.0,2811917.0,2188055.0,3554784.0,441235652.0,0.5988823216548957,2454438.0,2196247.0,1190546.0,1064723.0,1040284.0,27121.0,32256.0,,,,,,,,,,,,,2426650.0,5935697.0,73.1141158146064,69.04605174322828,51.47722919035027,51.49415059577793,65.61460587829602,61.78285375426468,1099661.0,0.9460042685882284,0.0246630552506636,0.0293326761611078
scNH_GM_4plex_36_S35,scnomehic,,,,,,,,,,,,,,,,,,,,,,,,,,12925861.0,79703483.0,0.1621743556677441,2226228.0,4092085.0,0.5440326874930506,979282.0,5602499.0,0.174793783988181,0.1026881455229239,0.0,0.0,,,,,,,,,0.0,,,
scNH_GM_4plex_36_S35.ATCACG,scnomehic,10647766.0,1522630538.0,4012076.0,2640144.0,7080874.0,851244699.0,0.6650102941781403,5262222.0,4717272.0,1950285.0,1719695.0,10647766.0,1597164900.0,4178360.0,4660354.0,7171053.0,900855209.0,0.6734795824776766,5067820.0,4533238.0,1865820.0,1669522.0,1671036.0,49096.0,54066.0,,,,,,,,,,,,,3816105.0,10647766.0,74.31599545479838,70.67051380041397,62.93799463420586,63.18298597819181,66.6199116097815,63.2157927155189,1774198.0,0.9418542913474144,0.0276722214769715,0.0304734871756139
scNH_GM_4plex_26_S25,scnomehic,,,,,,,,,,,,,,,,,,,,,,,,,,7103521.0,38999051.0,0.1821459963218079,1168725.0,2118916.0,0.5515674052204051,548414.0,2846602.0,0.1926556645431992,0.0524283406602707,0.0,0.0,,,,,,,,,0.0,,,
scNH_GM_4plex_26_S25.CGATGT,scnomehic,4870832.0,696528976.0,1551179.0,1300814.0,3553419.0,425829066.0,0.729530191145989,2541212.0,2271570.0,936525.0,824924.0,4870832.0,730624800.0,1635682.0,2172191.0,3587340.0,449653515.0,0.7364942991258988,2464794.0,2199673.0,903017.0,806107.0,793782.0,35385.0,25171.0,,,,,,,,,,,,,1839542.0,4870832.0,71.51456104669897,68.70812356788038,63.14652221066168,63.36338858338668,63.92631997521261,61.31766155424353,854338.0,0.929119388345128,0.0414180336119896,0.0294625780428823
scNH_GM_4plex_31_S30,scnomehic,,,,,,,,,,,,,,,,,,,,,,,,,,7784461.0,43505523.0,0.1789304084449232,1367558.0,2366890.0,0.577786884899594,603320.0,3155956.0,0.1911686981694295,0.058842249955432,0.0,0.0,,,,,,,,,0.0,,,
scNH_GM_4plex_31_S30.CGATGT,scnomehic,4282469.0,612393067.0,1127937.0,1232945.0,3321781.0,400906024.0,0.7756695962072346,2519076.0,2255178.0,1035708.0,915833.0,4282469.0,642370350.0,1207160.0,2085201.0,3342213.0,423411431.0,0.780440675694325,2448394.0,2188434.0,1002070.0,896184.0,878671.0,31568.0,28754.0,,,,,,,,,,,,,2037778.0,4282469.0,75.8351017120033,73.2566715526509,58.88540083744992,59.07235518466391,67.89062855137048,65.47859157989033,938993.0,0.9357588395227654,0.0336189939648112,0.0306221665124234
scNH_GM_4plex_41_S40,scnomehic,,,,,,,,,,,,,,,,,,,,,,,,,,5509522.0,32248463.0,0.1708460338094252,915013.0,1663226.0,0.5501435162749981,419380.0,2271565.0,0.1846216154941637,0.0441485679690084,0.0,0.0,,,,,,,,,0.0,,,
scNH_GM_4plex_41_S40.GCCAAT,scnomehic,4245144.0,607055592.0,1637998.0,1138504.0,2879535.0,339412828.0,0.6783126791458665,1862529.0,1671198.0,774460.0,685599.0,4245144.0,636771600.0,1708061.0,1610381.0,2948448.0,359133653.0,0.6945460507346747,1802496.0,1614924.0,743317.0,665835.0,659472.0,20207.0,18407.0,,,,,,,,,,,,,1517777.0,4245144.0,64.68158921492532,61.13372187672972,58.41890247078032,58.76179475571652,58.0370789033646,54.77200208380816,698086.0,0.9446858982990636,0.0289462902851511,0.0263678114157854
scNH_GM_4plex_10_S9,scnomehic,,,,,,,,,,,,,,,,,,,,,,,,,,15159988.0,95519898.0,0.1587102616043413,2918379.0,5091097.0,0.5732318594597589,1195117.0,6936977.0,0.1722821050149078,0.1186499353243033,0.0,0.0,,,,,,,,,0.0,,,
scNH_GM_4plex_10_S9.ATCACG,scnomehic,12996114.0,1858444302.0,4016287.0,3483334.0,9387491.0,1136142633.0,0.7223306135972646,7224519.0,6482136.0,2322612.0,2041592.0,12996114.0,1949417100.0,4239895.0,6297743.0,9458879.0,1200819434.0,0.7278236402050644,6985668.0,6259335.0,2225001.0,1996381.0,2028861.0,60895.0,73819.0,,,,,,,,,,,,,4547613.0,12996114.0,76.95899788346003,73.8530221181601,67.85098080578098,68.14905890173996,69.05078257864642,66.17417349349749,2163575.0,0.9377354609847128,0.028145546144691,0.0341189928705961
scNH_GM_4plex_24_S23,scnomehic,,,,,,,,,,,,,,,,,,,,,,,,,,11611823.0,69521544.0,0.1670248146387543,2121525.0,3747196.0,0.5661633392008317,917828.0,5130426.0,0.1788989842169051,0.0874994372964237,0.0,0.0,,,,,,,,,0.0,,,
scNH_GM_4plex_24_S23.TGACCA,scnomehic,10964102.0,1567866586.0,1985463.0,3253203.0,9281358.0,1128172506.0,0.8465224055741182,6720591.0,6015126.0,1683050.0,1463572.0,10964102.0,1644615300.0,2208892.0,5683205.0,9304744.0,1190314539.0,0.8486553663948037,6510146.0,5819329.0,1600705.0,1434422.0,1505128.0,58878.0,55867.0,,,,,,,,,,,,,3283755.0,10964102.0,72.40956549677321,69.96587977057725,74.9568155538702,75.41214897484633,64.8086842464217,62.54152720375756,1619873.0,0.9291641999094992,0.0363472938927928,0.034488506197708
scNH_GM_4plex_44_S43,scnomehic,,,,,,,,,,,,,,,,,,,,,,,,,,9976039.0,67762061.0,0.1472215994138667,1919512.0,3433559.0,0.5590444200900582,759241.0,4716336.0,0.1609811090643245,0.0879816796686856,0.0,0.0,,,,,,,,,0.0,,,
scNH_GM_4plex_44_S43.GCCAAT,scnomehic,6383679.0,912866097.0,1553024.0,2020034.0,5225632.0,624344103.0,0.8185925388792262,3774129.0,3356885.0,1652594.0,1447402.0,6383679.0,957551850.0,1683894.0,3060447.0,5285053.0,659507572.0,0.8279008076690573,3649787.0,3236719.0,1583620.0,1401022.0,1393615.0,34939.0,38366.0,,,,,,,,,,,,,3236214.0,6383679.0,72.22339805022628,69.05866412314124,56.2125724902355,56.610618647060775,64.23883273831758,61.242886305965136,1466920.0,0.950027949717776,0.0238179314482044,0.0261541188340195
scNH_GM_4plex_11_S10,scnomehic,,,,,,,,,,,,,,,,,,,,,,,,,,6134456.0,39702899.0,0.1545090196058479,1079659.0,2002829.0,0.5390669897430085,463803.0,2755720.0,0.1683055607971782,0.0542625106838113,0.0,0.0,,,,,,,,,0.0,,,
scNH_GM_4plex_11_S10.GCCAAT,scnomehic,8083154.0,1155891022.0,4849337.0,1310782.0,3577840.0,421795274.0,0.4426292014231078,2278064.0,2044258.0,966488.0,855208.0,8083154.0,1212473100.0,4917217.0,1986912.0,3684839.0,449333009.0,0.4558664847904667,2203874.0,1969648.0,926710.0,828179.0,819482.0,18493.0,29304.0,,,,,,,,,,,,,1893198.0,8083154.0,63.67148894304944,59.80923454186193,57.574150682333766,57.95086288962072,57.13665228182367,53.45275600914993,867279.0,0.9448885537410684,0.0213230113954102,0.0337884348635214
scNH_GM_4plex_18_S17,scnomehic,,,,,,,,,,,,,,,,,,,,,,,,,,12634984.0,73884954.0,0.1710088903892394,2070461.0,3832726.0,0.5402058482656992,963899.0,5241467.0,0.1838987062209873,0.0955052147543321,0.0,0.0,,,,,,,,,0.0,,,
scNH_GM_4plex_18_S17.GCCAAT,scnomehic,9789742.0,1399933106.0,3641419.0,2456994.0,6620716.0,790344924.0,0.676291162729314,4825832.0,4327128.0,1797799.0,1586267.0,9789742.0,1468461300.0,3797300.0,3894978.0,6741458.0,837311106.0,0.6886246848997655,4666421.0,4179003.0,1719489.0,1540810.0,1543902.0,46903.0,45600.0,,,,,,,,,,,,,3517288.0,9789742.0,72.88988079234935,69.21975928649262,62.74634094183138,63.151867351874166,65.35740243200281,61.98960224924638,1636405.0,0.9434718177957168,0.0286622199272185,0.0278659622770646
scNH_GM_4plex_7_S6,scnomehic,,,,,,,,,,,,,,,,,,,,,,,,,,5593026.0,32896578.0,0.1700184742619734,949691.0,1706914.0,0.5563789388334738,424257.0,2330430.0,0.1820509519702372,0.0450425454679127,0.0,0.0,,,,,,,,,0.0,,,
scNH_GM_4plex_7_S6.CGATGT,scnomehic,5862908.0,838395844.0,2108451.0,1388333.0,3984007.0,478663876.0,0.6795274631633312,2557905.0,2288222.0,798731.0,700195.0,5862908.0,879436200.0,2196359.0,2519585.0,4025871.0,506098538.0,0.6866679470324283,2478459.0,2213759.0,770421.0,689400.0,698401.0,23813.0,24538.0,,,,,,,,,,,,,1569152.0,5862908.0,64.20432996227166,61.56329897306695,68.77401623594308,68.91532198031115,57.43519024941472,54.98832426573033,746752.0,0.9352515962461432,0.0318887662838532,0.0328596374700034
scNH_GM_4plex_13_S12,scnomehic,,,,,,,,,,,,,,,,,,,,,,,,,,11408866.0,68252648.0,0.1671563863719983,1872477.0,3511909.0,0.5331792480955515,863575.0,4813463.0,0.1794082555532264,0.0904356958253428,0.0,0.0,,,,,,,,,0.0,,,
scNH_GM_4plex_13_S12.GCCAAT,scnomehic,6575488.0,940294784.0,1609456.0,1974804.0,5241630.0,631244693.0,0.7971469189815266,3898388.0,3499790.0,1640361.0,1452652.0,6575488.0,986323200.0,1739401.0,2962627.0,5289499.0,667011626.0,0.8044268349360534,3786906.0,3389215.0,1581420.0,1415890.0,1394116.0,46677.0,41683.0,,,,,,,,,,,,,3221781.0,6575488.0,74.37358226353253,71.59290511256359,57.922069327116745,58.2397873092176,66.76911571400498,64.0744047782219,1482476.0,0.9403970114861894,0.0314858385565769,0.0281171499572337
scNH_GM_4plex_2_S2,scnomehic,,,,,,,,,,,,,,,,,,,,,,,,,,11908861.0,74324307.0,0.1602283489841351,1987694.0,3761743.0,0.5283970755046264,902256.0,5195699.0,0.1736544014578211,0.0967488013114196,0.0,0.0,,,,,,,,,0.0,,,
scNH_GM_4plex_2_S2.TGACCA,scnomehic,9699998.0,1387099714.0,2942128.0,2479225.0,7131867.0,859578232.0,0.7352441722152933,5411968.0,4856346.0,1826146.0,1607721.0,9699998.0,1454999700.0,3113966.0,4516149.0,7193926.0,908291323.0,0.7416420085859812,5219920.0,4674416.0,1755514.0,1573189.0,1579078.0,54659.0,50909.0,,,,,,,,,,,,,3581660.0,9699998.0,75.88430911569158,72.56010139665045,66.25726537924837,66.36894818311391,68.09361419667529,64.9772599829356,1684646.0,0.9373352027666346,0.0324453920883081,0.0302194051450571
scNH_GM_4plex_34_S33,scnomehic,,,,,,,,,,,,,,,,,,,,,,,,,,11696944.0,70902412.0,0.1649724412760457,2118423.0,3730650.0,0.5678428692050983,910991.0,5089802.0,0.178983583251372,0.0912713460603853,0.0,0.0,,,,,,,,,0.0,,,
scNH_GM_4plex_34_S33.GCCAAT,scnomehic,7372777.0,1054307111.0,2004733.0,2207342.0,5809035.0,692957250.0,0.7879032554490663,4228326.0,3804667.0,1709512.0,1515889.0,7372777.0,1105916550.0,2148366.0,3356300.0,5888924.0,732075323.0,0.7987389283576596,4087227.0,3664765.0,1632031.0,1463099.0,1458984.0,38479.0,44918.0,,,,,,,,,,,,,3341543.0,7372777.0,72.788785056382,69.40532769653676,59.5700047725743,60.06996919916608,65.49568043573503,62.23148744999936,1542381.0,0.9459297021942048,0.0249477917583268,0.0291225060474681
scNH_GM_4plex_10_S9,scnomehic,,,,,,,,,,,,,,,,,,,,,,,,,,5108354.0,31962108.0,0.1598253156518963,917292.0,1669481.0,0.5494474031150999,394044.0,2270448.0,0.1735534132470772,0.0433760286657433,0.0,0.0,,,,,,,,,0.0,,,
scNH_GM_4plex_10_S9.CGATGT,scnomehic,5609499.0,802158357.0,2057712.0,1340781.0,3798020.0,454629231.0,0.6770693782100683,2520188.0,2251667.0,776045.0,679693.0,5609499.0,841424850.0,2146279.0,2225115.0,3836613.0,479910814.0,0.683949315259705,2448036.0,2185385.0,746498.0,666999.0,681972.0,17874.0,26113.0,,,,,,,,,,,,,1522543.0,5609499.0,66.35531145175644,63.80721745977507,69.20686075800695,69.50624909110815,59.28528549086103,56.96130936323263,725959.0,0.9394084238917074,0.0246212251656085,0.035970350942684
scNH_GM_4plex_12_S11,scnomehic,,,,,,,,,,,,,,,,,,,,,,,,,,9266576.0,57502464.0,0.1611509378102475,1473890.0,2875127.0,0.5126347462216452,696065.0,4002010.0,0.1739288507524968,0.0753798389828863,0.0,0.0,,,,,,,,,0.0,,,
scNH_GM_4plex_12_S11.GCCAAT,scnomehic,9368398.0,1339680914.0,2799442.0,2483101.0,7015882.0,840204483.0,0.7488881236685291,4899237.0,4397890.0,1428527.0,1251464.0,9368398.0,1405259700.0,2971373.0,4063706.0,7110104.0,888095392.0,0.7589455529109673,4730665.0,4232723.0,1355174.0,1214394.0,1251318.0,34916.0,47324.0,,,,,,,,,,,,,2783701.0,9368398.0,69.83066419874223,66.53439949682874,70.84184741419939,71.35341437197519,62.68477719551156,59.5310982792938,1333558.0,0.938330391329061,0.0261825882338825,0.0354870204370563
scNH_GM_4plex_23_S22,scnomehic,,,,,,,,,,,,,,,,,,,,,,,,,,14693784.0,82548621.0,0.178001568312086,2395499.0,4326862.0,0.5536342504105747,1115395.0,5890053.0,0.1893692637400716,0.1064367762858884,0.0,0.0,,,,,,,,,0.0,,,
scNH_GM_4plex_23_S22.TGACCA,scnomehic,9415103.0,1346359729.0,2310796.0,2614383.0,7464629.0,902379650.0,0.7928356174117267,5571582.0,4981417.0,1990819.0,1748407.0,9415103.0,1412265450.0,2490190.0,4372761.0,7502276.0,952656998.0,0.7968341928919949,5392087.0,4803072.0,1903657.0,1696797.0,1702092.0,67940.0,49911.0,,,,,,,,,,,,,3894476.0,9415103.0,74.6397711125362,71.87268236999012,64.26833527712597,64.69535821658664,66.73361797351215,64.02153159921069,1819943.0,0.9352446752453236,0.0373308394823354,0.0274244852723409
scNH_GM_4plex_14_S13,scnomehic,,,,,,,,,,,,,,,,,,,,,,,,,,14130150.0,84925815.0,0.1663822713976898,2490095.0,4462896.0,0.5579549691500766,1095034.0,6103434.0,0.1794127699259138,0.1055523922525004,0.0,0.0,,,,,,,,,0.0,,,
scNH_GM_4plex_14_S13.GCCAAT,scnomehic,13317771.0,1904441253.0,2589635.0,3974072.0,11252829.0,1360001173.0,0.8449483776226517,8165469.0,7329879.0,2093797.0,1825526.0,13317771.0,1997665650.0,2859351.0,6239754.0,11324787.0,1436566978.0,0.8503515340517569,7940986.0,7115249.0,1981198.0,1776340.0,1861309.0,50322.0,72334.0,,,,,,,,,,,,,4074995.0,13317771.0,72.5636993150789,70.12040049848179,74.35790889659859,75.05098233393184,65.1380999391353,62.82898742378112,1983965.0,0.9381763287154764,0.025364358746248,0.0364593125382756
scNH_GM_4plex_38_S37,scnomehic,,,,,,,,,,,,,,,,,,,,,,,,,,23536658.0,144066415.0,0.1633736634593149,4140024.0,7455824.0,0.555273836936065,1804636.0,10190177.0,0.1770956480932568,0.1729369598464428,0.0,0.0,,,,,,,,,0.0,,,
scNH_GM_4plex_38_S37.ATCACG,scnomehic,14105883.0,2017141269.0,3107378.0,4225919.0,11474044.0,1391475133.0,0.8134225982166448,9263171.0,8321432.0,3503653.0,3097992.0,14105883.0,2115882450.0,3394209.0,8065597.0,11527228.0,1468650365.0,0.8171929399953197,8906003.0,7975815.0,3367487.0,3017616.0,3010688.0,95399.0,94490.0,,,,,,,,,,,,,6871140.0,14105883.0,80.73152761136353,77.26057817195947,62.17652680707286,62.18857101215888,72.52396800988387,69.19109260266215,3200577.0,0.9406703853711378,0.0298068129590383,0.0295228016698239
scNH_GM_4plex_4_S3,scnomehic,,,,,,,,,,,,,,,,,,,,,,,,,,8371132.0,52826444.0,0.158464802211559,1559707.0,2713175.0,0.5748641351921642,639684.0,3728122.0,0.1715834406706647,0.0695379188185979,0.0,0.0,,,,,,,,,0.0,,,
scNH_GM_4plex_4_S3.ATCACG,scnomehic,9107675.0,1302397525.0,3170012.0,2116161.0,6258532.0,755421739.0,0.6871712045060896,4120036.0,3688562.0,1297121.0,1137149.0,9107675.0,1366151250.0,3310669.0,4181215.0,6316095.0,798553097.0,0.6934914783410695,3946098.0,3526013.0,1249328.0,1119297.0,1139776.0,35535.0,40698.0,,,,,,,,,,,,,2546449.0,9107675.0,65.83070918228108,62.47686268176776,68.51675567883387,68.34016793298088,58.93653655521774,55.8258385917248,1216009.0,0.9373088521548772,0.0292226455560772,0.0334685022890455
scNH_GM_4plex_22_S21,scnomehic,,,,,,,,,,,,,,,,,,,,,,,,,,5716528.0,32571562.0,0.1755067196347537,955723.0,1693860.0,0.5642278582645555,432895.0,2299395.0,0.1882647392031382,0.0448145917075674,0.0,0.0,,,,,,,,,0.0,,,
scNH_GM_4plex_22_S21.ATCACG,scnomehic,5364827.0,767170261.0,2337199.0,1108349.0,3237191.0,388633848.0,0.6034101379224344,2088787.0,1863254.0,789267.0,693411.0,5364827.0,804724050.0,2405019.0,2127401.0,3288004.0,411852155.0,0.6128816455777605,2005509.0,1785132.0,759562.0,676859.0,676542.0,21539.0,21360.0,,,,,,,,,,,,,1548829.0,5364827.0,64.5246758686775,60.994725067244445,62.21409842171557,62.12622331787093,57.557740646134256,54.29226971743344,719441.0,0.940371760853218,0.0299385217133858,0.0296897174333962
scNH_GM_4plex_29_S28,scnomehic,,,,,,,,,,,,,,,,,,,,,,,,,,12206168.0,72231638.0,0.1689864488466951,1986448.0,3698321.0,0.5371215748984471,922598.0,5027613.0,0.1835061688320083,0.0963062805768345,0.0,0.0,,,,,,,,,0.0,,,
scNH_GM_4plex_29_S28.TGACCA,scnomehic,5977314.0,854755902.0,1895713.0,1547085.0,4358425.0,523549226.0,0.7291611248798373,3404240.0,3051563.0,1731517.0,1538351.0,5977314.0,896597100.0,1999917.0,2541856.0,4400102.0,553643802.0,0.7361336546816848,3294151.0,2943306.0,1671635.0,1492689.0,1454310.0,37765.0,42058.0,,,,,,,,,,,,,3403152.0,5977314.0,78.1071143819155,74.86533266728816,49.136459239066575,49.2544512986806,70.01526927731922,66.89176750902593,1534133.0,0.9479686572155088,0.0246165097810946,0.0274148330033967
scNH_GM_4plex_31_S30,scnomehic,,,,,,,,,,,,,,,,,,,,,,,,,,13262208.0,82188576.0,0.1613631558721737,2167987.0,4156706.0,0.5215637093410023,998879.0,5695523.0,0.1753796797941119,0.1080859116860107,0.0,0.0,,,,,,,,,0.0,,,
scNH_GM_4plex_31_S30.TGACCA,scnomehic,7805031.0,1116119433.0,1909699.0,2247799.0,6183508.0,747450667.0,0.792246436945606,4741344.0,4256741.0,1979574.0,1754119.0,7805031.0,1170754650.0,2062638.0,3745456.0,6220139.0,789373573.0,0.7969396918474764,4596645.0,4113754.0,1910528.0,1709835.0,1691278.0,49398.0,52981.0,,,,,,,,,,,,,3890102.0,7805031.0,76.67725181240164,73.89939356660679,58.24867379375974,58.43646833723292,68.84022790946499,66.13604615588173,1793657.0,0.9429216399791042,0.027540382581508,0.0295379774393877
scNH_GM_4plex_38_S37,scnomehic,,,,,,,,,,,,,,,,,,,,,,,,,,15075050.0,93490463.0,0.1612469284701264,2438616.0,4686463.0,0.5203531960030411,1134123.0,6474008.0,0.1751809698103555,0.1195894652517383,0.0,0.0,,,,,,,,,0.0,,,
scNH_GM_4plex_38_S37.GCCAAT,scnomehic,9507429.0,1359562347.0,1901757.0,2957122.0,8014634.0,966711504.0,0.8429864687919311,6119743.0,5501530.0,2290271.0,2025489.0,9507429.0,1426114350.0,2107524.0,5149485.0,8072727.0,1020247557.0,0.8490967431889315,5898834.0,5284329.0,2198554.0,1971114.0,1969267.0,59942.0,59614.0,,,,,,,,,,,,,4488825.0,9507429.0,76.35711125423819,73.07114436051162,62.57569966581931,62.72900712242453,68.64355877011977,65.45903261685922,2088823.0,0.9427639393093624,0.0286965434601208,0.0285395172305168
scNH_GM_4plex_40_S39,scnomehic,,,,,,,,,,,,,,,,,,,,,,,,,,12565477.0,76182050.0,0.1649401269721673,2177782.0,4022852.0,0.5413527517293701,968033.0,5462926.0,0.1772004599732817,0.0984746379828979,0.0,0.0,,,,,,,,,0.0,,,
scNH_GM_4plex_40_S39.CGATGT,scnomehic,7983868.0,1141693124.0,1938072.0,2347486.0,6355986.0,767455247.0,0.7961035928950729,4988328.0,4468794.0,1836314.0,1619812.0,7983868.0,1197580200.0,2096704.0,4211017.0,6392450.0,809987340.0,0.8006708026735913,4830177.0,4324391.0,1767741.0,1583436.0,1583076.0,54713.0,47893.0,,,,,,,,,,,,,3604055.0,7983868.0,78.4823629252802,75.56065358352431,63.18778556662673,63.40214861691405,70.30843050944416,67.64841336263873,1685682.0,0.9391308680996772,0.0324574860501565,0.0284116458501662
scNH_GM_4plex_9_S8,scnomehic,,,,,,,,,,,,,,,,,,,,,,,,,,9530878.0,54325074.0,0.1754416017914674,1593002.0,2846131.0,0.5597078981958314,722460.0,3875549.0,0.1864148795435175,0.0723589538232916,0.0,0.0,,,,,,,,,0.0,,,
scNH_GM_4plex_9_S8.GCCAAT,scnomehic,6845634.0,978925662.0,2021701.0,1861820.0,5146514.0,616738452.0,0.7517950857437018,3666982.0,3293156.0,1323154.0,1167583.0,6845634.0,1026845100.0,2143986.0,3160061.0,5215510.0,652377543.0,0.7618739184712475,3536056.0,3166613.0,1269443.0,1138150.0,1128376.0,44991.0,38803.0,,,,,,,,,,,,,2592597.0,6845634.0,71.25176381527379,67.79885380336727,63.917084948876216,64.10003122122501,63.98808980214569,60.71530876175101,1212170.0,0.930872732372522,0.0371160810777366,0.0320111865497413
scNH_GM_4plex_13_S12,scnomehic,,,,,,,,,,,,,,,,,,,,,,,,,,10130671.0,58839750.0,0.1721739300387918,1655292.0,3021371.0,0.5478612192941549,756714.0,4127644.0,0.1833283102903254,0.0795069698485088,0.0,0.0,,,,,,,,,0.0,,,
scNH_GM_4plex_13_S12.TGACCA,scnomehic,5751782.0,822504826.0,1353996.0,1643674.0,4603889.0,557158218.0,0.8004282846603018,3405438.0,3045881.0,1408588.0,1243042.0,5751782.0,862767300.0,1464034.0,2736515.0,4625463.0,588316447.0,0.804179122226816,3304260.0,2948155.0,1363097.0,1217073.0,1196968.0,47297.0,34457.0,,,,,,,,,,,,,2771685.0,5751782.0,73.96872513650959,71.43630810580476,58.63709748936847,58.74728380938545,66.1588713368198,63.73751125022511,1278722.0,0.9360658532503546,0.0369877111678691,0.0269464355817761
scNH_GM_4plex_35_S34,scnomehic,,,,,,,,,,,,,,,,,,,,,,,,,,19250081.0,117906854.0,0.1632651567482243,3358255.0,5935024.0,0.5658368020078773,1443405.0,8175631.0,0.1765496754929374,0.1472538858512078,0.0,0.0,,,,,,,,,0.0,,,
scNH_GM_4plex_35_S34.TGACCA,scnomehic,11505066.0,1645224438.0,2278515.0,3545460.0,9677955.0,1170999120.0,0.8411907415394227,7671859.0,6887515.0,2875316.0,2540387.0,11505066.0,1725759900.0,2523137.0,5889263.0,9719477.0,1236142691.0,0.844799760383817,7438265.0,6657793.0,2762164.0,2472045.0,2472767.0,81182.0,69447.0,,,,,,,,,,,,,5637480.0,11505066.0,79.27148865643619,76.52947787211184,62.5212611441373,62.865480054824616,71.16704923715805,68.49949848124545,2623396.0,0.94258243894555,0.0309453852944808,0.0264721757599691
scNH_GM_4plex_45_S44,scnomehic,,,,,,,,,,,,,,,,,,,,,,,,,,12096888.0,75691985.0,0.159817291090992,1992617.0,3881020.0,0.5134261096309733,925329.0,5338827.0,0.1733206563913758,0.0974610426564203,0.0,0.0,,,,,,,,,0.0,,,
scNH_GM_4plex_45_S44.GCCAAT,scnomehic,8306333.0,1187805619.0,2044300.0,2562745.0,6710394.0,803393898.0,0.8078647942479551,4891063.0,4393418.0,1846241.0,1631625.0,8306333.0,1245949950.0,2215825.0,3977312.0,6794044.0,848840005.0,0.817935423489523,4731968.0,4236733.0,1765431.0,1580589.0,1580990.0,47430.0,47053.0,,,,,,,,,,,,,3611672.0,8306333.0,72.88786619682838,69.64876883340762,62.252765912031805,62.69140027996808,65.47183369560715,62.35951665900309,1675473.0,0.9436081631873506,0.0283084239495354,0.0280834128631138
scNH_GM_4plex_30_S29,scnomehic,,,,,,,,,,,,,,,,,,,,,,,,,,6478866.0,36012700.0,0.1799050335020701,996081.0,1851867.0,0.5378793401469976,488743.0,2534230.0,0.1928566073324047,0.0489548925796852,0.0,0.0,,,,,,,,,0.0,,,
scNH_GM_4plex_30_S29.ATCACG,scnomehic,5494862.0,785765266.0,2509029.0,1128798.0,3221540.0,385317710.0,0.5862822396631617,2142638.0,1918100.0,869231.0,767980.0,5494862.0,824229300.0,2575377.0,2044968.0,3282111.0,408425679.0,0.5973054464334137,2065187.0,1843865.0,838997.0,749764.0,742032.0,21715.0,23468.0,,,,,,,,,,,,,1708228.0,5494862.0,66.50974378713286,62.92252151130781,59.43173788572778,59.3742842657832,59.53984740217412,56.17923951993093,787215.0,0.9426039900154342,0.0275845861676924,0.0298114238168734
scNH_GM_4plex_42_S41,scnomehic,,,,,,,,,,,,,,,,,,,,,,,,,,12603075.0,72543371.0,0.1737315874113432,1875870.0,3622422.0,0.5178496597028176,929265.0,5013036.0,0.185369704107451,0.095415177665886,0.0,0.0,,,,,,,,,0.0,,,
scNH_GM_4plex_42_S41.GCCAAT,scnomehic,7434330.0,1063109190.0,2053570.0,2082940.0,5760202.0,689919817.0,0.7748111800256379,4290450.0,3858497.0,1771803.0,1571947.0,7434330.0,1115149500.0,2193817.0,3600751.0,5835499.0,729093837.0,0.7849394632737584,4130281.0,3703362.0,1703915.0,1528383.0,1501726.0,55026.0,42432.0,,,,,,,,,,,,,3475718.0,7434330.0,74.48436704129473,70.77854010428243,58.70356256336749,58.74578509307236,66.98544599651193,63.46264475411615,1599184.0,0.9390576694113998,0.0344087984872284,0.0265335321013717
scNH_GM_4plex_44_S43,scnomehic,,,,,,,,,,,,,,,,,,,,,,,,,,4016954.0,26538067.0,0.1513657343618885,797293.0,1408438.0,0.5660831360698874,313269.0,1894864.0,0.1653253215006459,0.0365716186454866,0.0,0.0,,,,,,,,,0.0,,,
scNH_GM_4plex_44_S43.CGATGT,scnomehic,3605407.0,515573201.0,1601566.0,822871.0,2192454.0,260047942.0,0.608101665082472,1493318.0,1334251.0,633070.0,558982.0,3605407.0,540811050.0,1651559.0,1350417.0,2228851.0,275058809.0,0.6181967805576458,1450460.0,1295366.0,611878.0,546141.0,540973.0,13860.0,18073.0,,,,,,,,,,,,,1244948.0,3605407.0,68.11171408841416,65.07657981623716,57.60648435229469,57.81490010065773,60.85651055848834,58.118106593935615,572906.0,0.944261362247908,0.0241924504194405,0.0315461873326514
scNH_GM_4plex_15_S14,scnomehic,,,,,,,,,,,,,,,,,,,,,,,,,,15224564.0,93907686.0,0.1621226616104671,2472709.0,4718282.0,0.5240697779403605,1146404.0,6495698.0,0.1764866531664495,0.1232825717241042,0.0,0.0,,,,,,,,,0.0,,,
scNH_GM_4plex_15_S14.GCCAAT,scnomehic,7465691.0,1067593813.0,1196885.0,2356250.0,6510523.0,789404135.0,0.8720589962804515,5162700.0,4638047.0,2272018.0,2016623.0,7465691.0,1119853650.0,1365756.0,4128031.0,6539401.0,833090466.0,0.8759270910087225,4988094.0,4472651.0,2209621.0,1983409.0,1933207.0,62260.0,59809.0,,,,,,,,,,,,,4481639.0,7465691.0,79.29777684527033,76.27753673463364,55.99167102485134,55.70209783536557,71.23923838376733,68.39542337287467,2055276.0,0.9406070036335752,0.0302927684651599,0.0291002279012648
scNH_GM_4plex_17_S16,scnomehic,,,,,,,,,,,,,,,,,,,,,,,,,,6081003.0,32492290.0,0.1871521828716905,868051.0,1662798.0,0.5220423647370276,448876.0,2276627.0,0.1971671248737715,0.0445995347210838,0.0,0.0,,,,,,,,,0.0,,,
scNH_GM_4plex_17_S16.ATCACG,scnomehic,7711104.0,1102687872.0,4813286.0,1129411.0,3168005.0,376053803.0,0.4108367621549391,2125999.0,1906614.0,800521.0,707377.0,7711104.0,1156665600.0,4863909.0,2235857.0,3279810.0,401569070.0,0.4253359830187739,2038327.0,1824244.0,772742.0,692122.0,677084.0,31723.0,18574.0,,,,,,,,,,,,,1573263.0,7711104.0,67.10844837681759,62.14771587378537,62.3461252803976,62.0893997871784,60.18342774080217,55.62041703635272,727381.0,0.9308519194204964,0.0436126321693857,0.0255354484101179
scNH_GM_4plex_26_S25,scnomehic,,,,,,,,,,,,,,,,,,,,,,,,,,13420168.0,74800538.0,0.179412720266798,2024249.0,3794704.0,0.5334405529390435,995254.0,5223014.0,0.1905516623160497,0.0977294348465463,0.0,0.0,,,,,,,,,0.0,,,
scNH_GM_4plex_26_S25.GCCAAT,scnomehic,8191044.0,1171319292.0,2028671.0,2496870.0,6559115.0,787020583.0,0.8007666666178328,4868591.0,4374478.0,1822987.0,1612201.0,8191044.0,1228656600.0,2192461.0,3874687.0,6639396.0,831671210.0,0.8105677371529197,4709252.0,4215289.0,1746729.0,1564014.0,1548444.0,61411.0,44778.0,,,,,,,,,,,,,3569716.0,8191044.0,74.22633998641585,70.92892184771024,62.556168714932106,62.908568069833606,66.6931133239774,63.48904328044298,1654633.0,0.9358232308916842,0.0371145746519016,0.0270621944564142
scNH_GM_4plex_27_S26,scnomehic,,,,,,,,,,,,,,,,,,,,,,,,,,11097419.0,69318493.0,0.1600931947554024,1850816.0,3518538.0,0.5260184769924326,839126.0,4824053.0,0.1739462646865612,0.091601143655802,0.0,0.0,,,,,,,,,0.0,,,
scNH_GM_4plex_27_S26.TGACCA,scnomehic,7149686.0,1022405098.0,2430622.0,1738864.0,5085051.0,608734988.0,0.7112271783683927,3732509.0,3350587.0,1673554.0,1485159.0,7149686.0,1072452900.0,2550317.0,2834952.0,5141380.0,643792632.0,0.719105706180663,3619482.0,3237920.0,1608761.0,1438134.0,1417436.0,39338.0,39565.0,,,,,,,,,,,,,3282315.0,7149686.0,73.4016040350431,70.39903683446856,55.16276049166928,55.55272826332608,65.89092223460491,62.97764413445417,1496339.0,0.947269301942942,0.0262894972329131,0.0264412008241447
scNH_GM_4plex_32_S31,scnomehic,,,,,,,,,,,,,,,,,,,,,,,,,,6892147.0,42171216.0,0.1634324938602671,1155862.0,2123863.0,0.544226251881595,515537.0,2918302.0,0.1766564940845738,0.0574212218678789,0.0,0.0,,,,,,,,,0.0,,,
scNH_GM_4plex_32_S31.TGACCA,scnomehic,6161540.0,881100220.0,2291032.0,1403184.0,4131210.0,495813294.0,0.6704833531876772,2864991.0,2570244.0,1022209.0,901002.0,6161540.0,924231000.0,2384039.0,2233340.0,4180900.0,524566409.0,0.678547895493659,2784645.0,2491048.0,978929.0,875299.0,884346.0,21025.0,31573.0,,,,,,,,,,,,,2001138.0,6161540.0,69.34992411424255,66.60396086966921,64.32069071072127,64.84546504132483,62.21528317369487,59.58162118204214,936944.0,0.9438621731928484,0.0224399750678802,0.0336978517392715
scNH_GM_4plex_47_S46,scnomehic,,,,,,,,,,,,,,,,,,,,,,,,,,8967156.0,60609252.0,0.1479502832339854,1806405.0,3216927.0,0.5615312377309153,703460.0,4358510.0,0.1613991937611706,0.0787887773870669,0.0,0.0,,,,,,,,,0.0,,,
scNH_GM_4plex_47_S46.ATCACG,scnomehic,8245348.0,1179084764.0,3591685.0,1846327.0,4946119.0,595112702.0,0.5998678285015987,3710967.0,3320784.0,1461564.0,1287559.0,8245348.0,1236802200.0,3697964.0,3363644.0,5018400.0,630961328.0,0.6086341049522712,3588140.0,3207920.0,1404450.0,1255089.0,1255743.0,33170.0,40849.0,,,,,,,,,,,,,2866014.0,8245348.0,75.02785517291436,71.49968117328233,60.61500951099808,60.85855066970631,67.139185288506,63.92316276103938,1329762.0,0.9443366557323792,0.02494431334329,0.0307190309243308
scNH_GM_4plex_31_S30,scnomehic,,,,,,,,,,,,,,,,,,,,,,,,,,5407408.0,33891205.0,0.1595519545557616,938601.0,1717875.0,0.5463732809430255,410770.0,2352466.0,0.1746125129969997,0.0471624716638363,0.0,0.0,,,,,,,,,0.0,,,
scNH_GM_4plex_31_S30.ATCACG,scnomehic,5026935.0,718851705.0,2412460.0,1002646.0,2787815.0,334697844.0,0.5545755017719545,1934716.0,1734606.0,817001.0,723200.0,5026935.0,754040250.0,2468763.0,1838266.0,2838403.0,355244064.0,0.5646388902979649,1869287.0,1673173.0,789794.0,707111.0,698516.0,16013.0,24552.0,,,,,,,,,,,,,1606795.0,5026935.0,69.39900961864399,65.85699775542795,57.77152822429752,57.74891710047735,62.22098668670626,58.947689951004136,739081.0,0.9451142702897248,0.0216660961383123,0.033219633571963
scNH_GM_4plex_44_S43,scnomehic,,,,,,,,,,,,,,,,,,,,,,,,,,12138290.0,72992583.0,0.1662948412169494,2041971.0,3827784.0,0.5334603519947834,936611.0,5199280.0,0.1801424427997723,0.094822242527769,0.0,0.0,,,,,,,,,0.0,,,
scNH_GM_4plex_44_S43.ATCACG,scnomehic,7850297.0,1122592471.0,2809575.0,1930915.0,5370497.0,646112897.0,0.6841138621889082,4097469.0,3670033.0,1756849.0,1554353.0,7850297.0,1177544550.0,2930896.0,3548924.0,5436330.0,683834637.0,0.6924999143344513,3950253.0,3530295.0,1693726.0,1514351.0,1496481.0,39882.0,47227.0,,,,,,,,,,,,,3450575.0,7850297.0,76.29589961599457,72.66396631551065,57.123556029343966,57.12360701960102,68.33693417946235,64.93893858540596,1583590.0,0.9449927064454816,0.0251845490309991,0.0298227445235193
scNH_GM_4plex_4_S3,scnomehic,,,,,,,,,,,,,,,,,,,,,,,,,,7745832.0,46024741.0,0.1682971339262941,1339609.0,2430663.0,0.5511290540893575,601860.0,3303376.0,0.1821954267391904,0.0607042690619281,0.0,0.0,,,,,,,,,0.0,,,
scNH_GM_4plex_4_S3.TGACCA,scnomehic,7608437.0,1088006491.0,2789346.0,1757493.0,5117646.0,615017091.0,0.6726277683576798,3550186.0,3180467.0,1119168.0,981199.0,7608437.0,1141265550.0,2904321.0,2997435.0,5172304.0,649855377.0,0.6798116354252522,3426817.0,3058586.0,1073492.0,959735.0,978566.0,29043.0,36370.0,,,,,,,,,,,,,2192660.0,7608437.0,69.37146492742953,66.25320166796074,68.47579253594037,68.6737867823114,62.1470691798534,59.13391788263026,1043979.0,0.9373426093819894,0.02781952510539,0.0348378655126204
scNH_GM_4plex_19_S18,scnomehic,,,,,,,,,,,,,,,,,,,,,,,,,,6198905.0,36962084.0,0.1677098347593171,1110085.0,1978522.0,0.5610678071813202,484458.0,2664254.0,0.181836266361991,0.049953483982876,0.0,0.0,,,,,,,,,0.0,,,
scNH_GM_4plex_19_S18.GCCAAT,scnomehic,3977821.0,568828403.0,1072011.0,1163870.0,3113668.0,372556917.0,0.782757192945585,2067221.0,1852138.0,882721.0,780427.0,3977821.0,596673150.0,1149056.0,1730196.0,3150899.0,393480703.0,0.7921168398477458,2003987.0,1789856.0,850131.0,758990.0,745552.0,20488.0,26695.0,,,,,,,,,,,,,1732852.0,3977821.0,66.39182469036518,63.60048354453761,57.29914701911407,57.57801822067707,59.4841196941999,56.804613540453055,792735.0,0.9404807407267246,0.0258447022018707,0.0336745570714046
scNH_GM_4plex_1_S1,scnomehic,,,,,,,,,,,,,,,,,,,,,,,,,,14214405.0,86662210.0,0.1640207998388224,2414156.0,4522186.0,0.5338471261465141,1092983.0,6148730.0,0.1777575206587376,0.112306073585856,0.0,0.0,,,,,,,,,0.0,,,
scNH_GM_4plex_1_S1.ATCACG,scnomehic,8960742.0,1281386106.0,2150957.0,2601496.0,7061151.0,857263165.0,0.7880096313452614,5650471.0,5067046.0,2094526.0,1848495.0,8960742.0,1344111300.0,2329001.0,4639302.0,7096491.0,905223896.0,0.7919535011721127,5465151.0,4893601.0,2035797.0,1826128.0,1810337.0,59413.0,64875.0,,,,,,,,,,,,,4130323.0,8960742.0,80.02195392790779,77.01201903870518,62.93183347016558,62.74948304264603,71.759490768573,68.95803855736588,1934625.0,0.935756025069458,0.0307103443819861,0.0335336305485559
scNH_GM_4plex_7_S6,scnomehic,,,,,,,,,,,,,,,,,,,,,,,,,,9964495.0,61308926.0,0.1625292702077345,1830557.0,3245772.0,0.5639820048974481,775614.0,4440977.0,0.1746494071011851,0.0798413536875533,0.0,0.0,,,,,,,,,0.0,,,
scNH_GM_4plex_7_S6.GCCAAT,scnomehic,7954809.0,1137537687.0,1983708.0,2375603.0,6279661.0,757048054.0,0.7894169426318093,4581106.0,4106234.0,1478041.0,1296897.0,7954809.0,1193221350.0,2133542.0,3951702.0,6344195.0,800407626.0,0.7975295195648318,4431937.0,3966440.0,1416225.0,1268905.0,1290602.0,44333.0,42088.0,,,,,,,,,,,,,2894266.0,7954809.0,72.95148575695409,69.858145911341,67.73615367118771,68.04501056761411,65.38942149902678,62.52077686767195,1377023.0,0.9372406996833024,0.0321948144656988,0.0305644858509988
scNH_GM_4plex_15_S14,scnomehic,,,,,,,,,,,,,,,,,,,,,,,,,,15598260.0,95496902.0,0.1633378640911304,2645071.0,4842026.0,0.5462736053048869,1176891.0,6647725.0,0.1770366553971471,0.1229584010434794,0.0,0.0,,,,,,,,,0.0,,,
scNH_GM_4plex_15_S14.TGACCA,scnomehic,7351879.0,1051318697.0,1053042.0,2262996.0,6508699.0,791414345.0,0.8853109524789513,5246165.0,4708723.0,2304119.0,2043497.0,7351879.0,1102781850.0,1220870.0,4149007.0,6520338.0,834857617.0,0.8868940851719675,5076333.0,4546030.0,2241794.0,2009101.0,1954513.0,72897.0,58926.0,,,,,,,,,,,,,4545913.0,7351879.0,80.60236001081014,77.85383211729207,56.07993648693855,55.83831872337768,72.34507234087796,69.72077214402076,2086336.0,0.9368160257983372,0.0349402013865456,0.028243772815117
scNH_GM_4plex_21_S20,scnomehic,,,,,,,,,,,,,,,,,,,,,,,,,,12614496.0,73654340.0,0.1712661602832908,2091303.0,3835998.0,0.5451783342952734,956625.0,5227015.0,0.1830155452012286,0.0954373759624853,0.0,0.0,,,,,,,,,0.0,,,
scNH_GM_4plex_21_S20.ATCACG,scnomehic,10643704.0,1522049672.0,3858674.0,2559825.0,7184078.0,865948902.0,0.6749603333576356,5249477.0,4686832.0,1790345.0,1568767.0,10643704.0,1596555600.0,4020584.0,4651162.0,7259343.0,916318962.0,0.6820316498842884,5072132.0,4515835.0,1714021.0,1527381.0,1540184.0,58803.0,47657.0,,,,,,,,,,,,,3504366.0,10643704.0,73.07099115571964,69.8704001174762,65.8947929479451,66.20709003630031,65.2391580380948,62.207213517807325,1646644.0,0.9353472881812948,0.0357108154525203,0.0289418963661847
scNH_GM_4plex_40_S39,scnomehic,,,,,,,,,,,,,,,,,,,,,,,,,,7889963.0,45817179.0,0.1722053424546282,1258475.0,2303925.0,0.5462308885922936,588051.0,3189784.0,0.1843544892067926,0.061441059407426,0.0,0.0,,,,,,,,,0.0,,,
scNH_GM_4plex_40_S39.GCCAAT,scnomehic,5707677.0,816197811.0,1642034.0,1602320.0,4365345.0,522135633.0,0.7648199083444981,3035047.0,2726991.0,1120353.0,990449.0,5707677.0,856151550.0,1748669.0,2604421.0,4428480.0,552100528.0,0.7758813261507265,2927540.0,2624238.0,1074707.0,964193.0,962210.0,33707.0,26429.0,,,,,,,,,,,,,2195060.0,5707677.0,69.52593666709046,66.1071067273647,63.08614001694208,63.28975863694433,62.469083199609656,59.25821049208759,1022346.0,0.9411784268730938,0.0329702468635863,0.0258513262633198
scNH_GM_4plex_26_S25,scnomehic,,,,,,,,,,,,,,,,,,,,,,,,,,5930997.0,36236936.0,0.1636726957268131,1015654.0,1832362.0,0.5542867621135998,449122.0,2524573.0,0.1779001835161827,0.0495250194059607,0.0,0.0,,,,,,,,,0.0,,,
scNH_GM_4plex_26_S25.TGACCA,scnomehic,4905632.0,701505376.0,1645975.0,1174909.0,3489739.0,418575901.0,0.7113739881018388,2336906.0,2095663.0,877754.0,774793.0,4905632.0,735844800.0,1725551.0,1921868.0,3527829.0,442467793.0,0.7191385330167448,2262367.0,2020594.0,841340.0,751322.0,752304.0,18950.0,27091.0,,,,,,,,,,,,,1719094.0,4905632.0,66.96506529571408,64.12915705381411,62.43948194749811,62.81151554986437,60.052141435219085,57.275848687677325,798345.0,0.9423294440373524,0.0237366051018043,0.0339339508608433
scNH_GM_4plex_48_S47,scnomehic,,,,,,,,,,,,,,,,,,,,,,,,,,7175020.0,41633602.0,0.172337238560334,1100652.0,2097151.0,0.5248320221099959,532913.0,2895142.0,0.1840714548716436,0.0566313185823567,0.0,0.0,,,,,,,,,0.0,,,
scNH_GM_4plex_48_S47.GCCAAT,scnomehic,7502935.0,1072919705.0,2169592.0,1471321.0,5756477.0,688723422.0,0.7672300239839476,2534518.0,2272774.0,1015205.0,897693.0,7502935.0,1125440250.0,2263405.0,2739189.0,5842272.0,728863038.0,0.7786648824759911,2447470.0,2190346.0,973063.0,871249.0,863711.0,26978.0,26520.0,,,,,,,,,,,,,1988268.0,7502935.0,44.02897814062317,41.89243499789123,59.94484947433792,60.24208672629287,39.48203041547808,37.49133898592876,917209.0,0.941673053796899,0.029413143569241,0.0289138026338598
scNH_GM_4plex_39_S38,scnomehic,,,,,,,,,,,,,,,,,,,,,,,,,,9169284.0,56618007.0,0.1619499605487702,1704948.0,2945575.0,0.5788166996257097,713138.0,4042331.0,0.1764175175165022,0.0758521549780878,0.0,0.0,,,,,,,,,0.0,,,
scNH_GM_4plex_39_S38.TGACCA,scnomehic,4975345.0,711474335.0,1126114.0,1415796.0,4037310.0,488418579.0,0.8114633256588236,3071510.0,2758223.0,1347867.0,1195539.0,4975345.0,746301750.0,1223319.0,2428657.0,4056846.0,515752825.0,0.8153898875354373,2975913.0,2663672.0,1304522.0,1168254.0,1151324.0,32708.0,36266.0,,,,,,,,,,,,,2652389.0,4975345.0,76.07813123094338,73.35533564744632,56.11712154607994,56.16397387961274,68.3183357235387,65.6586915056672,1220298.0,0.9434777406830136,0.0268032890326789,0.0297189702843076
scNH_GM_4plex_46_S45,scnomehic,,,,,,,,,,,,,,,,,,,,,,,,,,6426937.0,35567203.0,0.1806984091495752,1015129.0,1793208.0,0.5660966268274511,475182.0,2474738.0,0.1920130535030375,0.0489252853882841,0.0,0.0,,,,,,,,,0.0,,,
scNH_GM_4plex_46_S45.GCCAAT,scnomehic,4188698.0,598983814.0,1383844.0,1124738.0,3023094.0,360813044.0,0.7217264171348711,2003036.0,1796010.0,862265.0,763840.0,4188698.0,628304700.0,1454118.0,1854818.0,3068592.0,381387699.0,0.7325885036352585,1934562.0,1729212.0,832510.0,744941.0,727050.0,25941.0,21921.0,,,,,,,,,,,,,1694775.0,4188698.0,66.25781401438394,63.04396283376871,56.95209671718331,56.96648647083939,59.40966440342245,56.3519685901547,774912.0,0.9382355673934588,0.0334760592170465,0.0282883733894945
scNH_GM_4plex_9_S8,scnomehic,,,,,,,,,,,,,,,,,,,,,,,,,,10919777.0,61245673.0,0.1782946690780914,1688002.0,3158739.0,0.5343910972068284,814425.0,4322974.0,0.1883946098218495,0.0812432942013953,0.0,0.0,,,,,,,,,0.0,,,
scNH_GM_4plex_9_S8.ATCACG,scnomehic,10863727.0,1553512961.0,5556583.0,1989754.0,5621695.0,676784059.0,0.5174738835024113,4111690.0,3687717.0,1502276.0,1325551.0,10863727.0,1629559050.0,5668819.0,3965034.0,5705805.0,717986430.0,0.525216162004071,3956152.0,3540011.0,1449790.0,1299088.0,1274905.0,60268.0,38720.0,,,,,,,,,,,,,2952066.0,10863727.0,73.13968473921122,69.33556264190592,63.46329611424986,63.35353141133101,65.59795577668301,62.04227098542625,1373893.0,0.9279507210532408,0.0438665893195467,0.0281826896272125
scNH_GM_4plex_28_S27,scnomehic,,,,,,,,,,,,,,,,,,,,,,,,,,11126080.0,64731903.0,0.1718793899817838,1747727.0,3298110.0,0.5299177407666815,828673.0,4503867.0,0.1839914455733262,0.0857028672446432,0.0,0.0,,,,,,,,,0.0,,,
scNH_GM_4plex_28_S27.TGACCA,scnomehic,7703393.0,1101585199.0,3026853.0,1822758.0,5070410.0,604992053.0,0.6582047676913277,3677167.0,3297905.0,1569111.0,1389759.0,7703393.0,1155508950.0,3144650.0,2829785.0,5142265.0,640052637.0,0.667532475624702,3562910.0,3182825.0,1506781.0,1344428.0,1325284.0,44360.0,34930.0,,,,,,,,,,,,,3075892.0,7703393.0,72.52208401292992,69.28678315878314,57.32826385094829,57.709260127255526,65.04217607649085,61.89539045537327,1404574.0,0.9435487201101544,0.0315825296495592,0.0248687502402863
scNH_GM_4plex_2_S2,scnomehic,,,,,,,,,,,,,,,,,,,,,,,,,,5035833.0,28507829.0,0.1766473693945617,810753.0,1473845.0,0.5500938022655029,378922.0,2014041.0,0.18814016199273,0.0390321504488198,0.0,0.0,,,,,,,,,0.0,,,
scNH_GM_4plex_2_S2.CGATGT,scnomehic,5783422.0,827029346.0,2843863.0,1152593.0,3241067.0,382592154.0,0.5604064514054136,2099479.0,1875917.0,694429.0,609299.0,5783422.0,867513300.0,2913128.0,2052683.0,3306541.0,404631153.0,0.5717274305765687,2024455.0,1806375.0,670004.0,598266.0,597672.0,26318.0,17314.0,,,,,,,,,,,,,1364433.0,5783422.0,64.77740200989366,61.22576432592247,66.92374631992033,66.9044755255118,57.879611868560566,54.63035238335166,641304.0,0.931963624115864,0.0410382595461746,0.0269981163379614
scNH_GM_4plex_32_S31,scnomehic,,,,,,,,,,,,,,,,,,,,,,,,,,7667821.0,42954347.0,0.1785109432579664,1191027.0,2215762.0,0.5375247883121022,576273.0,3029597.0,0.1902144080549327,0.0577893939705379,0.0,0.0,,,,,,,,,0.0,,,
scNH_GM_4plex_32_S31.ATCACG,scnomehic,7270376.0,1039663768.0,3363579.0,1451227.0,4182673.0,501656616.0,0.5753035331322617,2847727.0,2550288.0,1035768.0,912572.0,7270376.0,1090556400.0,3448197.0,2482927.0,4258376.0,532140800.0,0.5857160620028455,2759727.0,2467090.0,993750.0,888587.0,891831.0,26711.0,28116.0,,,,,,,,,,,,,2029518.0,7270376.0,68.08390232753074,64.8070297221288,63.6282550960819,63.99100345795073,60.97268421413771,57.93499681568748,946658.0,0.9420836247092405,0.0282161033868619,0.0297002719038977
scNH_GM_4plex_33_S32,scnomehic,,,,,,,,,,,,,,,,,,,,,,,,,,4226837.0,25274206.0,0.1672391607475226,675428.0,1261677.0,0.5353414542707841,310706.0,1728517.0,0.1797529327163111,0.0352537666843592,0.0,0.0,,,,,,,,,0.0,,,
scNH_GM_4plex_33_S32.GCCAAT,scnomehic,3090475.0,441937925.0,1287683.0,705601.0,2010190.0,236478852.0,0.650446937768466,1295990.0,1164921.0,614340.0,546174.0,3090475.0,463571250.0,1335053.0,1081918.0,2068495.0,251028370.0,0.6693129696891255,1252108.0,1120994.0,592004.0,529689.0,518639.0,12469.0,14525.0,,,,,,,,,,,,,1206344.0,3090475.0,64.47102015232392,60.53231939163498,52.59685645722575,52.71941398026369,57.95079072127511,54.19370121755189,545633.0,0.9505271858556942,0.0228523568039323,0.0266204573403734
scNH_GM_4plex_34_S33,scnomehic,,,,,,,,,,,,,,,,,,,,,,,,,,7585721.0,46605337.0,0.162765071305031,1326511.0,2419291.0,0.5483056812925771,580336.0,3280529.0,0.1769031762865074,0.0623290070782449,0.0,0.0,,,,,,,,,0.0,,,
scNH_GM_4plex_34_S33.ATCACG,scnomehic,6501444.0,929706492.0,2779692.0,1453616.0,4021072.0,481030856.0,0.6184890618145753,2786528.0,2499038.0,1129360.0,999114.0,6501444.0,975216600.0,2869195.0,2553947.0,4086825.0,509304554.0,0.628602661193421,2680939.0,2397008.0,1082788.0,968735.0,962514.0,24193.0,32582.0,,,,,,,,,,,,,2212148.0,6501444.0,69.298137412113,65.59955466651985,59.47071050425477,59.61161369206833,62.14855143106117,58.6520832186355,1019289.0,0.94429940870548,0.0237351722622337,0.0319654190322862
scNH_GM_4plex_9_S8,scnomehic,,,,,,,,,,,,,,,,,,,,,,,,,,11104378.0,67907418.0,0.1635223120985103,1893361.0,3601927.0,0.5256522411475857,858558.0,4844229.0,0.1772331572268776,0.0891346546068423,0.0,0.0,,,,,,,,,0.0,,,
scNH_GM_4plex_9_S8.CGATGT,scnomehic,7595289.0,1086126327.0,1894693.0,2115801.0,5966051.0,721044575.0,0.7854936132120844,4644289.0,4155373.0,1638156.0,1441611.0,7595289.0,1139293350.0,2045035.0,4011447.0,5999218.0,761142415.0,0.7898603989920594,4497566.0,4016211.0,1582675.0,1415265.0,1415666.0,43729.0,54421.0,,,,,,,,,,,,,3220831.0,7595289.0,77.84527822507718,74.96920431962965,64.72751803343849,64.81041078663436,69.65030972748976,66.94557523997294,1513816.0,0.9351638508246708,0.0288866018062961,0.0359495473690329
scNH_GM_4plex_11_S10,scnomehic,,,,,,,,,,,,,,,,,,,,,,,,,,11386641.0,69711569.0,0.163339330377143,1876273.0,3557055.0,0.5274793333248994,859885.0,4864468.0,0.1767685592751355,0.0924482854683045,0.0,0.0,,,,,,,,,0.0,,,
scNH_GM_4plex_11_S10.TGACCA,scnomehic,7778032.0,1112258576.0,2504581.0,1913659.0,5613061.0,675257764.0,0.7216556835970848,4070218.0,3643920.0,1690044.0,1492562.0,7778032.0,1166704800.0,2633640.0,3153704.0,5658051.0,714196067.0,0.7274399231065133,3946197.0,3522517.0,1627093.0,1452436.0,1435229.0,37713.0,48972.0,,,,,,,,,,,,,3317137.0,7778032.0,72.51333986927987,69.74481142004552,58.47780143471431,58.76807468050885,64.91858898380046,62.25672055624808,1521914.0,0.9430421167030464,0.0247799809976122,0.0321779022993414
scNH_GM_4plex_22_S21,scnomehic,,,,,,,,,,,,,,,,,,,,,,,,,,7848505.0,49386665.0,0.1589195180520895,1427548.0,2551158.0,0.5595686351060969,603106.0,3488528.0,0.1728826599643173,0.0664109016522681,0.0,0.0,,,,,,,,,0.0,,,
scNH_GM_4plex_22_S21.GCCAAT,scnomehic,5931435.0,848195205.0,1645921.0,1692546.0,4578829.0,548560946.0,0.7719597365561622,3153623.0,2822853.0,1195824.0,1053064.0,5931435.0,889715250.0,1757793.0,2762440.0,4640352.0,579896300.0,0.782332100073591,3040913.0,2714962.0,1146123.0,1024429.0,1025404.0,28488.0,36405.0,,,,,,,,,,,,,2341947.0,5931435.0,68.87400686944196,65.53194671438717,62.08094626402711,62.30990495288751,61.650107483813,58.50767355579921,1090297.0,0.9404813550803128,0.0261286603558479,0.033389984563839
scNH_GM_4plex_5_S4,scnomehic,,,,,,,,,,,,,,,,,,,,,,,,,,5562089.0,33146552.0,0.1678029437269976,914248.0,1671388.0,0.5469992604948701,416039.0,2292270.0,0.1814965078284844,0.0463106148948126,0.0,0.0,,,,,,,,,0.0,,,
scNH_GM_4plex_5_S4.GCCAAT,scnomehic,3886784.0,555810112.0,1256629.0,1004309.0,2815764.0,336947939.0,0.7244457114159161,1860015.0,1669913.0,801976.0,710697.0,3886784.0,583017600.0,1322101.0,1672925.0,2858570.0,356650969.0,0.7354589295417496,1795178.0,1606057.0,775597.0,694145.0,682376.0,16241.0,25097.0,,,,,,,,,,,,,1577573.0,3886784.0,66.0572050782665,62.79986146919614,56.883358467539246,56.79553782410436,59.30585801935106,56.18393112640236,723714.0,0.9428807512359856,0.0224411853301165,0.0346780634338979
scNH_GM_4plex_35_S34,scnomehic,,,,,,,,,,,,,,,,,,,,,,,,,,11213828.0,65229952.0,0.1719122528252052,1972024.0,3435989.0,0.5739319887228975,863227.0,4684862.0,0.1842587892663647,0.0845177995691086,0.0,0.0,,,,,,,,,0.0,,,
scNH_GM_4plex_35_S34.ATCACG,scnomehic,9391514.0,1342986502.0,4119899.0,2217276.0,5646154.0,677124968.0,0.6011974214168238,4131994.0,3710912.0,1588382.0,1404778.0,9391514.0,1408727100.0,4245154.0,3719018.0,5741747.0,717552859.0,0.6113760784469895,3991138.0,3577459.0,1525877.0,1367498.0,1350692.0,47106.0,41768.0,,,,,,,,,,,,,3114259.0,9391514.0,73.18245304679965,69.51086489878429,61.5589470846279,61.76837283000487,65.7245976641799,62.306106486405625,1439566.0,0.9382633377003904,0.0327223621563721,0.0290143001432376
scNH_GM_4plex_41_S40,scnomehic,,,,,,,,,,,,,,,,,,,,,,,,,,5857477.0,36062447.0,0.1624259440852696,869312.0,1804253.0,0.481812694782827,438015.0,2484609.0,0.1762913198817198,0.0498001220863408,0.0,0.0,,,,,,,,,0.0,,,
scNH_GM_4plex_41_S40.TGACCA,scnomehic,4434774.0,634172682.0,1523610.0,1098716.0,3122580.0,374234814.0,0.7041125432772899,2118066.0,1900101.0,872455.0,772224.0,4434774.0,665216100.0,1595372.0,1778976.0,3156210.0,395644377.0,0.7116957932918341,2056168.0,1839799.0,841507.0,752447.0,745008.0,19585.0,25339.0,,,,,,,,,,,,,1713962.0,4434774.0,67.8306400476529,65.14674245376575,58.80888508667813,59.0740153528311,60.85035451453605,58.291400128635296,789932.0,0.943129282014148,0.0247932733450474,0.0320774446408045
scNH_GM_4plex_5_S4,scnomehic,,,,,,,,,,,,,,,,,,,,,,,,,,3366527.0,22136407.0,0.1520810039316678,593619.0,1135352.0,0.5228501821461538,258132.0,1546714.0,0.1668905822278714,0.0316325300723054,0.0,0.0,,,,,,,,,0.0,,,
scNH_GM_4plex_5_S4.CGATGT,scnomehic,2867110.0,409996730.0,1069747.0,646104.0,1923528.0,230251869.0,0.6708943849381432,1247121.0,1114044.0,528135.0,466025.0,2867110.0,430066500.0,1113974.0,1153660.0,1945082.0,243345451.0,0.6784120595303285,1206396.0,1076293.0,512487.0,457575.0,451395.0,11237.0,17093.0,,,,,,,,,,,,,1040622.0,2867110.0,64.83508428263066,62.02288643872084,57.65166331093775,57.51917280892841,57.91670305813068,55.33406817810251,479725.0,0.9409453332638492,0.0234238365730366,0.0356308301631142
scNH_GM_4plex_28_S27,scnomehic,,,,,,,,,,,,,,,,,,,,,,,,,,4787175.0,28861586.0,0.1658666644307073,788731.0,1459512.0,0.5404073416319976,358458.0,1988930.0,0.1802265539762585,0.0397077305551938,0.0,0.0,,,,,,,,,0.0,,,
scNH_GM_4plex_28_S27.GCCAAT,scnomehic,5075354.0,725775622.0,2787405.0,1057196.0,2671937.0,305982144.0,0.5264533271964872,1645226.0,1481760.0,708684.0,630153.0,5075354.0,761303100.0,2854480.0,1444619.0,2807001.0,325631575.0,0.5530650669884307,1586227.0,1421014.0,677104.0,606324.0,596793.0,13719.0,19534.0,,,,,,,,,,,,,1385788.0,5075354.0,61.57428113013144,56.50966992886715,56.92482370203243,57.31354970001141,55.45639736266237,50.62392211474096,630046.0,0.9472213139992952,0.0217746005847192,0.0310040854159855
scNH_GM_4plex_46_S45,scnomehic,,,,,,,,,,,,,,,,,,,,,,,,,,22988261.0,139633142.0,0.164633271662683,3827212.0,7224781.0,0.5297339808639182,1775709.0,9896598.0,0.1794262028224244,0.1715477212628842,0.0,0.0,,,,,,,,,0.0,,,
scNH_GM_4plex_46_S45.TGACCA,scnomehic,10749766.0,1537216538.0,1486835.0,3611997.0,9604279.0,1166901631.0,0.8934407502451681,7804549.0,6990245.0,3353377.0,2966592.0,10749766.0,1612464900.0,1728776.0,6257714.0,9623081.0,1231072819.0,0.8951898115735728,7560572.0,6755698.0,3235933.0,2892625.0,2840669.0,88337.0,96055.0,,,,,,,,,,,,,6589310.0,10749766.0,81.26116494533322,78.56706183809531,57.03304572756223,57.199891754221774,72.78261075089551,70.20306698031534,3025061.0,0.9390451961134006,0.0292017251883515,0.0317530786982477
scNH_GM_4plex_38_S37,scnomehic,,,,,,,,,,,,,,,,,,,,,,,,,,7548955.0,44120394.0,0.1710989933589441,1313371.0,2278277.0,0.5764755558696331,573693.0,3114217.0,0.1842174132374205,0.0595651335018309,0.0,0.0,,,,,,,,,0.0,,,
scNH_GM_4plex_38_S37.TGACCA,scnomehic,5354027.0,765625861.0,1395565.0,1379757.0,4189574.0,505372326.0,0.782508941400557,2881032.0,2582731.0,1064188.0,938727.0,5354027.0,803104050.0,1491592.0,2558120.0,4214104.0,533408337.0,0.7870905395135288,2778298.0,2481619.0,1024057.0,915009.0,917631.0,27467.0,29648.0,,,,,,,,,,,,,2088245.0,5354027.0,68.7667051590448,65.92855800426378,63.06226379991614,63.1408509814282,61.64662564738086,58.88841376482403,974746.0,0.9414052481364376,0.0281786229438233,0.030416128919739
scNH_GM_4plex_39_S38,scnomehic,,,,,,,,,,,,,,,,,,,,,,,,,,7722745.0,47021751.0,0.1642377162858099,1349863.0,2433716.0,0.5546509946107105,585304.0,3314171.0,0.1766064575424744,0.0644322128563792,0.0,0.0,,,,,,,,,0.0,,,
scNH_GM_4plex_39_S38.CGATGT,scnomehic,4464135.0,638371305.0,1188565.0,1245112.0,3447251.0,415956156.0,0.7722102938195193,2597992.0,2324065.0,1122788.0,993002.0,4464135.0,669620250.0,1272314.0,2227607.0,3468041.0,438957258.0,0.7768674110437969,2518548.0,2249356.0,1090207.0,974755.0,952712.0,36592.0,28192.0,,,,,,,,,,,,,2212995.0,4464135.0,75.36416698406934,72.62163278923173,56.78246892215218,56.71287583162997,67.41792228068104,64.8595561586498,1017496.0,0.9363299708303522,0.0359627949397344,0.0277072342299134
scNH_GM_4plex_8_S7,scnomehic,,,,,,,,,,,,,,,,,,,,,,,,,,10386055.0,64174315.0,0.1618413067595657,1781020.0,3314201.0,0.5373904600233963,801070.0,4577177.0,0.1750139878794287,0.0844067767950076,0.0,0.0,,,,,,,,,0.0,,,
scNH_GM_4plex_8_S7.GCCAAT,scnomehic,7381762.0,1055591966.0,2081605.0,2030770.0,5598986.0,673827377.0,0.7584890978603753,4194309.0,3772602.0,1560826.0,1379830.0,7381762.0,1107264300.0,2216116.0,3401496.0,5663578.0,712832594.0,0.7672393122400858,4061849.0,3647413.0,1511968.0,1359110.0,1346990.0,44818.0,45241.0,,,,,,,,,,,,,3072794.0,7381762.0,74.91193941188637,71.71877918870368,62.78705264681261,62.77636120889771,67.38009346692418,64.40121421475965,1437049.0,0.9373305990261988,0.0311875238770563,0.0314818770967447
scNH_GM_4plex_25_S24,scnomehic,,,,,,,,,,,,,,,,,,,,,,,,,,5662695.0,34754176.0,0.1629356713852171,1072513.0,1906714.0,0.5624928541983748,451489.0,2551151.0,0.1769746283148273,0.0468719331138926,0.0,0.0,,,,,,,,,0.0,,,
scNH_GM_4plex_25_S24.CGATGT,scnomehic,4526459.0,647283637.0,1921262.0,988550.0,2815680.0,335798456.0,0.622049155863336,2053821.0,1839851.0,831280.0,734962.0,4526459.0,678968850.0,1985969.0,1645430.0,2860628.0,355672951.0,0.6319792137739456,2000241.0,1790934.0,802955.0,718973.0,707628.0,21977.0,24387.0,,,,,,,,,,,,,1634235.0,4526459.0,72.94227326968974,69.92314275047298,59.525197181253866,59.85708722098987,65.3430432435504,62.60632280743948,753992.0,0.9385086313913144,0.0291475241116616,0.0323438444970238
scNH_GM_4plex_28_S27,scnomehic,,,,,,,,,,,,,,,,,,,,,,,,,,10515221.0,60852351.0,0.1727989276864586,1638605.0,3133884.0,0.5228671514325355,787938.0,4264804.0,0.1847536252545251,0.0810748303146068,0.0,0.0,,,,,,,,,0.0,,,
scNH_GM_4plex_28_S27.ATCACG,scnomehic,8787571.0,1256622653.0,4468155.0,1743774.0,4686453.0,559207452.0,0.5333047095721901,3409550.0,3059026.0,1479709.0,1312051.0,8787571.0,1318135650.0,4567922.0,2958913.0,4791030.0,594027037.0,0.5452052677582918,3289749.0,2942668.0,1423554.0,1273294.0,1245414.0,45713.0,31051.0,,,,,,,,,,,,,2903263.0,8787571.0,72.75331684751772,68.6647547604586,56.60104705899606,56.72758012845357,65.27380088950001,61.42036263600937,1322178.0,0.9419412514805116,0.0345740134838123,0.0234847350356759
scNH_GM_4plex_37_S36,scnomehic,,,,,,,,,,,,,,,,,,,,,,,,,,7666604.0,47147113.0,0.1626102535695027,1460534.0,2501749.0,0.5838051699031358,593035.0,3380776.0,0.1754138694784865,0.0624775165954703,0.0,0.0,,,,,,,,,0.0,,,
scNH_GM_4plex_37_S36.GCCAAT,scnomehic,4424875.0,632757125.0,1140783.0,1382744.0,3555129.0,424245736.0,0.8034416791434786,2445757.0,2185344.0,1120218.0,988864.0,4424875.0,663731250.0,1231539.0,2066472.0,3594209.0,447594605.0,0.8122735670499167,2359943.0,2101546.0,1074560.0,956323.0,948500.0,24914.0,26603.0,,,,,,,,,,,,,2194778.0,4424875.0,68.79516889541843,65.65959297302967,54.19749386386301,54.46669686513614,61.47017449999704,58.47033380640914,1000017.0,0.948483875774112,0.0249135764692,0.0266025477566881
scNH_GM_4plex_36_S35,scnomehic,,,,,,,,,,,,,,,,,,,,,,,,,,4752213.0,28927572.0,0.1642797051892222,835775.0,1501454.0,0.5566437599819908,360439.0,2032661.0,0.1773237150710325,0.0395207110434699,0.0,0.0,,,,,,,,,0.0,,,
scNH_GM_4plex_36_S35.CGATGT,scnomehic,4494766.0,642751538.0,1696755.0,1144351.0,3076965.0,364939075.0,0.6845662265844318,1942123.0,1737335.0,702860.0,618810.0,4494766.0,674214900.0,1770926.0,1804420.0,3114546.0,384966923.0,0.6929272847574267,1882108.0,1678280.0,674698.0,601856.0,606068.0,14826.0,21269.0,,,,,,,,,,,,,1377558.0,4494766.0,63.11813751537635,60.42960996562581,63.80970721215906,64.15200402952435,56.462618196827066,53.88522115261743,642163.0,0.9437915295649236,0.0230875961399208,0.0331208742951555
scNH_GM_4plex_47_S46,scnomehic,,,,,,,,,,,,,,,,,,,,,,,,,,7312310.0,47489193.0,0.153978400938504,1281116.0,2393436.0,0.5352622756572559,554164.0,3310758.0,0.1673828168655033,0.0644015578968623,0.0,0.0,,,,,,,,,0.0,,,
scNH_GM_4plex_47_S46.TGACCA,scnomehic,5625070.0,804385010.0,1558996.0,1473140.0,4286304.0,517585308.0,0.7620001173318732,3033608.0,2720676.0,1150742.0,1015490.0,5625070.0,843760500.0,1658137.0,2557338.0,4313326.0,546831911.0,0.7668039686617233,2937991.0,2626667.0,1107509.0,991201.0,989758.0,23273.0,41075.0,,,,,,,,,,,,,2258251.0,5625070.0,70.77444810260775,68.1142811834765,62.06688537213773,62.30386682600457,63.47370601805192,60.89655639290886,1054106.0,0.9389549058633572,0.022078424750452,0.0389666693861907
scNH_GM_4plex_4_S3,scnomehic,,,,,,,,,,,,,,,,,,,,,,,,,,4733919.0,29550911.0,0.1601953658890584,800895.0,1526307.0,0.5247273320504984,364291.0,2090426.0,0.174266393548492,0.0404104903729592,0.0,0.0,,,,,,,,,0.0,,,
scNH_GM_4plex_4_S3.CGATGT,scnomehic,5283340.0,755517620.0,1922442.0,1218561.0,3589261.0,430045328.0,0.6793545370920667,2340072.0,2092779.0,722299.0,632884.0,5283340.0,792501000.0,2007132.0,2183722.0,3624571.0,453882249.0,0.6860378094160133,2260546.0,2018444.0,696239.0,622886.0,632907.0,20834.0,23806.0,,,,,,,,,,,,,1418538.0,5283340.0,65.1964847359944,62.36727049904665,69.13347110687192,69.200405565735,58.30668207188053,55.68780415668503,677547.0,0.9341152717080882,0.0307491583609697,0.035135569930942
scNH_GM_4plex_43_S42,scnomehic,,,,,,,,,,,,,,,,,,,,,,,,,,8167096.0,48869543.0,0.1671203677922668,1381004.0,2593166.0,0.5325551854374151,627150.0,3505158.0,0.1789220343276965,0.0650629634555117,0.0,0.0,,,,,,,,,0.0,,,
scNH_GM_4plex_43_S42.CGATGT,scnomehic,6921914.0,989833702.0,3130067.0,1672072.0,4195192.0,494892984.0,0.6060739847389032,2968799.0,2652343.0,1184673.0,1043959.0,6921914.0,1038287100.0,3221647.0,2796916.0,4276272.0,524051566.0,0.6177875079060503,2870218.0,2559182.0,1138895.0,1015356.0,1000409.0,37349.0,30342.0,,,,,,,,,,,,,2323568.0,6921914.0,70.76670150019355,67.11963130502457,60.09588389109535,60.32026138781096,63.22339954881684,59.8460995932906,1068100.0,0.9366248478606872,0.0349676996535904,0.0284074524857223
scNH_GM_4plex_45_S44,scnomehic,,,,,,,,,,,,,,,,,,,,,,,,,,9621410.0,61072655.0,0.1575403918496747,1661452.0,3197827.0,0.5195565613774604,739408.0,4357066.0,0.1697031901743053,0.0802035285435862,0.0,0.0,,,,,,,,,0.0,,,
scNH_GM_4plex_45_S44.CGATGT,scnomehic,7202856.0,1030008408.0,2070083.0,2154497.0,5496130.0,658009110.0,0.7630487128994388,4030152.0,3610691.0,1483015.0,1308130.0,7202856.0,1080428400.0,2212547.0,3537477.0,5543102.0,693750774.0,0.7695700150051591,3902156.0,3485428.0,1425913.0,1274857.0,1267144.0,46662.0,41069.0,,,,,,,,,,,,,2908928.0,7202856.0,73.32708651360139,70.39661186101212,63.20200826172313,63.45832919032453,65.69515277113169,62.87865530888661,1354875.0,0.9352479010978872,0.0344400774979241,0.0303120214041885
scNH_GM_4plex_48_S47,scnomehic,,,,,,,,,,,,,,,,,,,,,,,,,,10523199.0,68443783.0,0.1537495231670639,2031114.0,3587891.0,0.566102481931586,824329.0,4914506.0,0.1677338475118353,0.0894266683549368,0.0,0.0,,,,,,,,,0.0,,,
scNH_GM_4plex_48_S47.TGACCA,scnomehic,7278110.0,1040769730.0,2206225.0,1914921.0,5389420.0,648246625.0,0.7404971895176082,4069143.0,3652043.0,1644418.0,1454009.0,7278110.0,1091716500.0,2332483.0,3188273.0,5440163.0,685508317.0,0.7474691918643713,3946381.0,3530568.0,1577534.0,1411225.0,1406346.0,38031.0,49492.0,,,,,,,,,,,,,3221952.0,7278110.0,75.5024288327872,72.54159480147929,59.588100000417775,60.02580592193202,67.76319158647868,64.8982024987119,1493869.0,0.9414118640925008,0.0254580555590885,0.0331300803484107
scNH_GM_4plex_11_S10,scnomehic,,,,,,,,,,,,,,,,,,,,,,,,,,6726548.0,40753956.0,0.1650526393069669,1267329.0,2234081.0,0.567270837539015,534034.0,3003031.0,0.1778316640753958,0.054570761611814,0.0,0.0,,,,,,,,,0.0,,,
scNH_GM_4plex_11_S10.CGATGT,scnomehic,6791924.0,971245132.0,3638795.0,1594457.0,3537542.0,414413065.0,0.5208453451481495,2357701.0,2106112.0,968284.0,853788.0,6791924.0,1018788600.0,3722545.0,2165178.0,3604240.0,436573800.0,0.5306655374824572,2287634.0,2039747.0,934508.0,833155.0,823744.0,27735.0,24925.0,,,,,,,,,,,,,1902792.0,6791924.0,66.64800022162281,63.47063458593213,58.93100948763224,59.14958424293397,59.53602812348235,56.59298492886157,876404.0,0.9399135558486724,0.0316463640056412,0.0284400801456862
scNH_GM_4plex_14_S13,scnomehic,,,,,,,,,,,,,,,,,,,,,,,,,,8899420.0,52592691.0,0.1692140073228046,1631009.0,2832900.0,0.5757382893854354,700270.0,3846259.0,0.1820652223368213,0.0667624830177974,0.0,0.0,,,,,,,,,0.0,,,
scNH_GM_4plex_14_S13.ATCACG,scnomehic,10664590.0,1525036370.0,3974835.0,2519440.0,7060815.0,851779542.0,0.6620803050093815,4943534.0,4422315.0,1291187.0,1124019.0,10664590.0,1599688500.0,4129537.0,4400852.0,7135622.0,901102996.0,0.6690948268991119,4783976.0,4270906.0,1228202.0,1098582.0,1148382.0,32297.0,43168.0,,,,,,,,,,,,,2519389.0,10664590.0,70.01364573353077,67.04357377674994,73.88129625486545,74.32675247534686,62.63179250553937,59.853310615388544,1223847.0,0.9383378804703528,0.0263897366255749,0.0352723829040721
scNH_GM_4plex_6_S5,scnomehic,,,,,,,,,,,,,,,,,,,,,,,,,,9482528.0,60180491.0,0.1575681394822784,1602437.0,3013725.0,0.5317130793287377,713608.0,4169506.0,0.1711492920264415,0.0823613250406052,0.0,0.0,,,,,,,,,0.0,,,
scNH_GM_4plex_6_S5.TGACCA,scnomehic,5894886.0,842968698.0,1566647.0,1596400.0,4516348.0,546747859.0,0.7661467923213443,3340590.0,2999159.0,1450303.0,1285693.0,5894886.0,884232900.0,1676208.0,2851100.0,4538898.0,577282247.0,0.769972141954908,3234644.0,2896105.0,1406600.0,1259806.0,1231743.0,38742.0,42965.0,,,,,,,,,,,,,2856903.0,5894886.0,73.96662081841346,71.26496343385553,56.585423532968726,56.51453452064585,66.40672950800072,63.80634682691701,1313450.0,0.9377920743081198,0.0294963645361452,0.0327115611557349
scNH_GM_4plex_14_S13,scnomehic,,,,,,,,,,,,,,,,,,,,,,,,,,13337553.0,86121816.0,0.1548684598104619,2214011.0,4352228.0,0.5087074941845877,1009156.0,6018993.0,0.1676619328183302,0.1082431714218758,0.0,0.0,,,,,,,,,0.0,,,
scNH_GM_4plex_14_S13.TGACCA,scnomehic,13267982.0,1897321426.0,2617166.0,3929438.0,11064445.0,1342468461.0,0.833920712283149,8417907.0,7544487.0,2135597.0,1859774.0,13267982.0,1990197300.0,2891660.0,6437676.0,11104617.0,1417066786.0,0.8369484522966643,8186999.0,7322442.0,2025692.0,1813786.0,1904825.0,55096.0,73798.0,,,,,,,,,,,,,4161289.0,13267982.0,76.08069812810314,73.72608168296124,74.6303089354634,75.25720963200312,68.18676399945953,65.94051825470433,2033719.0,0.9366215293263228,0.0270912549865541,0.0362872156871229
scNH_GM_4plex_23_S22,scnomehic,,,,,,,,,,,,,,,,,,,,,,,,,,6268672.0,38353072.0,0.1634464118024235,1165562.0,2086063.0,0.5587376795427559,496601.0,2798603.0,0.1774460328956983,0.05147220902769,0.0,0.0,,,,,,,,,0.0,,,
scNH_GM_4plex_23_S22.CGATGT,scnomehic,5415516.0,774418788.0,1792684.0,1373164.0,3861946.0,463733697.0,0.7131261360874938,2597264.0,2319447.0,920819.0,807803.0,5415516.0,812327400.0,1883486.0,2314423.0,3893539.0,489723839.0,0.7189599292108083,2518696.0,2244272.0,882146.0,786098.0,794730.0,24163.0,26814.0,,,,,,,,,,,,,1802965.0,5415516.0,67.25272699307551,64.68911702181485,64.546576705333,64.97608286192538,60.05902205779159,57.640927700993885,845707.0,0.9397226226104312,0.0285713610032789,0.0317060163862898
scNH_GM_4plex_45_S44,scnomehic,,,,,,,,,,,,,,,,,,,,,,,,,,6961221.0,45407201.0,0.1533065427221554,1258181.0,2318452.0,0.5426814961017092,529020.0,3174209.0,0.1666619935864336,0.0613258420123859,0.0,0.0,,,,,,,,,0.0,,,
scNH_GM_4plex_45_S44.ATCACG,scnomehic,7737162.0,1106414166.0,3788528.0,1556977.0,4285976.0,511275437.0,0.5539467830711055,2884188.0,2583970.0,1102511.0,972055.0,7737162.0,1160574300.0,3879228.0,2684635.0,4380538.0,542515332.0,0.5661685770570656,2780616.0,2483398.0,1056249.0,943634.0,944523.0,26007.0,32429.0,,,,,,,,,,,,,2158760.0,7737162.0,67.29361060351248,63.47658666583877,61.77395509585366,62.01384872992172,60.28895168801692,56.69162098354129,1002959.0,0.941736401986522,0.0259302723241927,0.0323333256892854
scNH_GM_4plex_15_S14,scnomehic,,,,,,,,,,,,,,,,,,,,,,,,,,3422670.0,19159921.0,0.1786369578454942,518400.0,992451.0,0.5223431685796075,258165.0,1343295.0,0.1921878664031355,0.0273170228868631,0.0,0.0,,,,,,,,,0.0,,,
scNH_GM_4plex_15_S14.CGATGT,scnomehic,2341674.0,334859382.0,873376.0,503233.0,1557719.0,187130615.0,0.6652159950531116,1070481.0,957877.0,460291.0,407370.0,2341674.0,351251100.0,910113.0,922743.0,1572411.0,197634893.0,0.6714901391056142,1037663.0,927347.0,449231.0,401823.0,390258.0,13236.0,13314.0,,,,,,,,,,,,,909522.0,2341674.0,68.7210594465369,65.99184309954586,57.00147877449483,56.70742813418229,61.492284551963486,58.97612011109055,416808.0,0.9363016064950768,0.0317556284908159,0.0319427650141072
scNH_GM_4plex_1_S1,scnomehic,,,,,,,,,,,,,,,,,,,,,,,,,,8043678.0,46862899.0,0.1716427743832066,1308409.0,2358041.0,0.5548711833254808,596927.0,3257359.0,0.1832549006726001,0.0637301720888386,0.0,0.0,,,,,,,,,0.0,,,
scNH_GM_4plex_1_S1.GCCAAT,scnomehic,5895407.0,843043201.0,1415938.0,1559153.0,4724109.0,569605132.0,0.8013202481185777,3088113.0,2775800.0,1140999.0,1008839.0,5895407.0,884311050.0,1526010.0,2509423.0,4767958.0,602209808.0,0.8087580721738126,3000355.0,2690360.0,1104005.0,990645.0,980092.0,35459.0,31458.0,,,,,,,,,,,,,2245004.0,5895407.0,65.3692156552696,62.92746286775177,63.05190256962747,63.20418750447864,58.758170059158246,56.42583261010269,1047009.0,0.936087464386648,0.0338669486126671,0.0300455870006848
scNH_GM_4plex_40_S39,scnomehic,,,,,,,,,,,,,,,,,,,,,,,,,,17260396.0,106935722.0,0.1614090752573775,2963012.0,5583280.0,0.5306937857316846,1333510.0,7613475.0,0.1751512942513109,0.1340851119673186,0.0,0.0,,,,,,,,,0.0,,,
scNH_GM_4plex_40_S39.TGACCA,scnomehic,10646967.0,1522516281.0,2277755.0,3230426.0,8776629.0,1061519448.0,0.8243313800070949,6899516.0,6194250.0,2577070.0,2275431.0,10646967.0,1597045050.0,2493094.0,5535488.0,8822335.0,1120784790.0,0.8286242457593792,6673944.0,5976294.0,2473772.0,2215143.0,2221285.0,62095.0,77932.0,,,,,,,,,,,,,5050842.0,10646967.0,78.61236928210135,75.64827225445417,62.64853940479303,62.93388137509095,70.57664166959775,67.7405018059278,2361312.0,0.9406994924855334,0.0262968214280874,0.033003686086379
scNH_GM_4plex_24_S23,scnomehic,,,,,,,,,,,,,,,,,,,,,,,,,,9904064.0,64858011.0,0.1527037885882747,1678835.0,3397591.0,0.4941251021679772,765690.0,4652367.0,0.1645807392237112,0.0834181640282475,0.0,0.0,,,,,,,,,0.0,,,
scNH_GM_4plex_24_S23.CGATGT,scnomehic,10274895.0,1469309985.0,1934874.0,3178953.0,8608490.0,1045840321.0,0.8378178073839198,6491494.0,5809730.0,1591441.0,1384253.0,10274895.0,1541234250.0,2154677.0,5693388.0,8631579.0,1102837009.0,0.8400649349701383,6297310.0,5631765.0,1523240.0,1366096.0,1436267.0,49952.0,54560.0,,,,,,,,,,,,,3114681.0,10274895.0,75.40804484874816,72.95663979904488,75.48421056847623,75.81125909316835,67.48837484855066,65.24605752898745,1540779.0,0.932169376659469,0.0324199641869469,0.035410659153584
scNH_GM_4plex_35_S34,scnomehic,,,,,,,,,,,,,,,,,,,,,,,,,,12070952.0,76697353.0,0.1573842059451517,2196329.0,3863525.0,0.5684780090720262,914499.0,5335967.0,0.1713839309725866,0.0996658209725247,0.0,0.0,,,,,,,,,0.0,,,
scNH_GM_4plex_35_S34.GCCAAT,scnomehic,8648051.0,1236671293.0,2379017.0,2582789.0,6700690.0,802794233.0,0.774820823790239,4936318.0,4437073.0,1873261.0,1656550.0,8648051.0,1297207650.0,2549755.0,3915452.0,6788239.0,848562527.0,0.7849443764843662,4780667.0,4281079.0,1791512.0,1604610.0,1608387.0,45799.0,46523.0,,,,,,,,,,,,,3664773.0,8648051.0,73.66880127270475,70.42573191662815,62.05145211471383,62.52589858277098,66.21815066806552,63.06612068314036,1700709.0,0.9457155809724064,0.0269293571092997,0.027355061918294
scNH_GM_4plex_43_S42,scnomehic,,,,,,,,,,,,,,,,,,,,,,,,,,10141569.0,59522855.0,0.1703810914311821,1724347.0,3116092.0,0.5533684499687429,769767.0,4232256.0,0.1818810109785419,0.0781394695500554,0.0,0.0,,,,,,,,,0.0,,,
scNH_GM_4plex_43_S42.TGACCA,scnomehic,7628064.0,1090813152.0,3101980.0,1842041.0,4905150.0,585252030.0,0.6430399640065946,3580940.0,3214407.0,1449618.0,1282325.0,7628064.0,1144209600.0,3206862.0,3047207.0,4983162.0,620317699.0,0.6532669364074554,3457304.0,3089435.0,1387599.0,1239835.0,1226370.0,33423.0,43396.0,,,,,,,,,,,,,2837217.0,7628064.0,73.00367980591827,69.37972315569914,59.5185063139846,59.86470961188255,65.53126815693709,61.99748272281737,1303189.0,0.9410530629095244,0.0256470857258617,0.033299851364614
scNH_GM_4plex_27_S26,scnomehic,,,,,,,,,,,,,,,,,,,,,,,,,,7480076.0,43709587.0,0.1711312440449277,1316325.0,2372725.0,0.5547735198980076,583055.0,3181406.0,0.1832695984102626,0.0586488699621994,0.0,0.0,,,,,,,,,0.0,,,
scNH_GM_4plex_27_S26.CGATGT,scnomehic,5312888.0,759742984.0,2281272.0,1230479.0,3325490.0,394139483.0,0.6259288733359333,2372476.0,2122628.0,1042655.0,922691.0,5312888.0,796933200.0,2358523.0,2009136.0,3377593.0,416654672.0,0.6357357806149876,2302951.0,2056064.0,1005940.0,898097.0,876478.0,32541.0,26414.0,,,,,,,,,,,,,2048595.0,5312888.0,71.34214807441911,68.18320028493665,56.05203171707532,56.319522213021465,63.82902970690033,60.873645818190646,935433.0,0.9369757107136482,0.0347870985949822,0.0282371906913696
scNH_GM_4plex_45_S44,scnomehic,,,,,,,,,,,,,,,,,,,,,,,,,,12877006.0,83961192.0,0.1533685467447865,2279189.0,4318714.0,0.527747148804019,995230.0,5946549.0,0.1673626165360783,0.1081008988346847,0.0,0.0,,,,,,,,,0.0,,,
scNH_GM_4plex_45_S44.TGACCA,scnomehic,8489754.0,1214034822.0,1771798.0,2559433.0,7079402.0,855019753.0,0.8338759874549958,5385801.0,4830194.0,2018313.0,1780945.0,8489754.0,1273463100.0,1947415.0,4118039.0,7117506.0,902750457.0,0.8383642211541111,5221654.0,4665781.0,1930594.0,1725149.0,1745154.0,44290.0,57405.0,,,,,,,,,,,,,3948907.0,8489754.0,76.07706131111074,73.36353492360948,62.52529568025258,63.02715576328879,68.22884192760914,65.55359419437089,1846849.0,0.9449359422454136,0.0239813866753589,0.0310826710792273
scNH_GM_4plex_48_S47,scnomehic,,,,,,,,,,,,,,,,,,,,,,,,,,7196721.0,54760845.0,0.1314209267588913,1633595.0,2803464.0,0.5827058952781273,541477.0,3814768.0,0.1419423147095708,0.0717736869412957,0.0,0.0,,,,,,,,,0.0,,,
scNH_GM_4plex_48_S47.ATCACG,scnomehic,8365788.0,1196307684.0,4078758.0,1656164.0,4717347.0,560606609.0,0.5638855538772917,3155876.0,2802935.0,1341457.0,1173411.0,8365788.0,1254868200.0,4173924.0,3005240.0,4819730.0,595331827.0,0.5761238510944815,3034345.0,2685959.0,1279985.0,1131239.0,1136418.0,22793.0,34011.0,,,,,,,,,,,,,2621442.0,8365788.0,66.89938221631778,62.95674239013389,57.493355252234245,57.81676111318917,59.4176133322395,55.72841217246609,1193222.0,0.9523944412691016,0.0191020614772439,0.0285034972536543
scNH_GM_4plex_27_S26,scnomehic,,,,,,,,,,,,,,,,,,,,,,,,,,7964181.0,39012873.0,0.2041423865399505,1082464.0,1954664.0,0.5537852029811773,556682.0,2662905.0,0.2090506420619586,0.0535534261918836,0.0,0.0,,,,,,,,,0.0,,,
scNH_GM_4plex_27_S26.GCCAAT,scnomehic,5729917.0,819378131.0,2366404.0,1237507.0,3733472.0,439894198.0,0.651575232241584,2131217.0,1911339.0,954265.0,846248.0,5729917.0,859487550.0,2451214.0,1946079.0,3834427.0,466636746.0,0.6691941611021591,2057822.0,1836579.0,915499.0,817301.0,802823.0,21773.0,22972.0,,,,,,,,,,,,,1869764.0,5729917.0,57.08404937816596,53.66700161458283,55.22440933982791,55.51126385080926,51.19467884050021,47.89709127335063,847568.0,0.947207775659298,0.0256887942914314,0.0271034300492703
scNH_GM_4plex_33_S32,scnomehic,,,,,,,,,,,,,,,,,,,,,,,,,,5424606.0,33608837.0,0.1614041568888563,908711.0,1690038.0,0.5376867265706452,405347.0,2313916.0,0.1751779234855543,0.0465256309125306,0.0,0.0,,,,,,,,,0.0,,,
scNH_GM_4plex_33_S32.TGACCA,scnomehic,3885469.0,555622067.0,1595839.0,817623.0,2506022.0,298350266.0,0.6449728462638615,1707522.0,1532296.0,812446.0,721767.0,3885469.0,582820350.0,1652118.0,1318438.0,2545790.0,316040373.0,0.6552079041165945,1657360.0,1483047.0,783402.0,700008.0,682287.0,16708.0,23013.0,,,,,,,,,,,,,1595848.0,3885469.0,68.13675219132155,65.10199191606534,52.41958815171928,52.73193512574215,61.144554995925816,58.25488355284607,722008.0,0.9449853741232784,0.0231410178280573,0.0318736080486642
scNH_GM_4plex_6_S5,scnomehic,,,,,,,,,,,,,,,,,,,,,,,,,,13113562.0,72181365.0,0.1816751733636514,2044025.0,3780973.0,0.5406081979426989,989988.0,5134871.0,0.1927970537137155,0.0966643501689999,0.0,0.0,,,,,,,,,0.0,,,
scNH_GM_4plex_6_S5.CGATGT,scnomehic,6291259.0,899650037.0,1426505.0,1813974.0,5053393.0,612800874.0,0.8032403371089952,3998232.0,3572961.0,1716607.0,1516970.0,6291259.0,943688850.0,1550484.0,3336781.0,5073278.0,646677903.0,0.8064010717091762,3872975.0,3455439.0,1669747.0,1491808.0,1458195.0,49753.0,50509.0,,,,,,,,,,,,,3386354.0,6291259.0,79.11975181823381,76.34068150809003,57.06584810486235,56.887224936902506,70.70419814963927,68.11057860420817,1558457.0,0.9356658541108288,0.031924525347828,0.0324096205413431
scNH_GM_4plex_11_S10,scnomehic,,,,,,,,,,,,,,,,,,,,,,,,,,8206759.0,50540518.0,0.162379795949064,1434354.0,2750084.0,0.5215673412157592,650577.0,3682905.0,0.1766477821176489,0.0667922037604229,0.0,0.0,,,,,,,,,0.0,,,
scNH_GM_4plex_11_S10.ATCACG,scnomehic,10083238.0,1441903034.0,6208570.0,1521700.0,4247933.0,504925673.0,0.4212865946435064,2797558.0,2505065.0,1213509.0,1072660.0,10083238.0,1512485700.0,6277563.0,2754147.0,4361505.0,538346218.0,0.4325500399772374,2700939.0,2412318.0,1167543.0,1042878.0,1026506.0,28069.0,33166.0,,,,,,,,,,,,,2381052.0,10083238.0,65.8569238262468,61.92676610481932,56.62256153402361,56.77270016094403,58.9713867897634,55.30930263750701,1087741.0,0.9437044296390408,0.0258048561192416,0.0304907142417174
scNH_GM_4plex_19_S18,scnomehic,,,,,,,,,,,,,,,,,,,,,,,,,,5560977.0,36853785.0,0.1508929679814434,1067064.0,1875573.0,0.5689269359283803,422856.0,2562321.0,0.1650285034544852,0.0511530897636064,0.0,0.0,,,,,,,,,0.0,,,
scNH_GM_4plex_19_S18.TGACCA,scnomehic,3832596.0,548061228.0,1049026.0,1019069.0,2934106.0,353953253.0,0.7655662115182503,2076745.0,1860952.0,882734.0,780931.0,3832596.0,574889400.0,1119109.0,1672911.0,2953845.0,373873191.0,0.7707165065141225,2014839.0,1800405.0,851379.0,760778.0,752699.0,16752.0,28887.0,,,,,,,,,,,,,1734113.0,3832596.0,70.77948104124391,68.21072195731327,57.49434812651529,57.74456420587452,63.424838775422565,60.95123474657608,798338.0,0.9428324844865208,0.0209835934153203,0.0361839220981589
scNH_GM_4plex_30_S29,scnomehic,,,,,,,,,,,,,,,,,,,,,,,,,,8628206.0,47050630.0,0.1833813064777241,1358794.0,2467390.0,0.5507009431018202,651399.0,3339223.0,0.1950750219437276,0.0637050466223246,0.0,0.0,,,,,,,,,0.0,,,
scNH_GM_4plex_30_S29.CGATGT,scnomehic,5336099.0,763062157.0,1646298.0,1388317.0,3926804.0,471829773.0,0.7358941428935257,2881687.0,2574251.0,1133582.0,999735.0,5336099.0,800414850.0,1739315.0,2332818.0,3960519.0,498277786.0,0.7422124289673037,2799924.0,2497472.0,1096346.0,978128.0,960333.0,38267.0,30267.0,,,,,,,,,,,,,2229928.0,5336099.0,73.38504799322808,70.69588606947725,60.662556342864434,60.84372290105018,65.55588208629716,63.05921016917228,1028867.0,0.9333888636723696,0.0371933398583101,0.0294177964693201
scNH_GM_4plex_18_S17,scnomehic,,,,,,,,,,,,,,,,,,,,,,,,,,7642871.0,46866296.0,0.1630781958958309,1467730.0,2552766.0,0.5749567332062555,605557.0,3428875.0,0.176605154751923,0.062188925836131,0.0,0.0,,,,,,,,,0.0,,,
scNH_GM_4plex_18_S17.CGATGT,scnomehic,7241606.0,1035549658.0,3203478.0,1566706.0,4348923.0,519429662.0,0.6005467571696113,3105632.0,2771253.0,1124304.0,987348.0,7241606.0,1086240900.0,3300429.0,2685766.0,4407472.0,549660977.0,0.6086318421631887,3014777.0,2689087.0,1081011.0,964708.0,966985.0,32674.0,31630.0,,,,,,,,,,,,,2205315.0,7241606.0,71.41151958772322,68.40150090573462,63.79790007315741,64.14292002360374,63.7227423893226,61.01200416020794,1031289.0,0.9376469641390532,0.0316826806065031,0.0306703552544437
scNH_GM_4plex_20_S19,scnomehic,,,,,,,,,,,,,,,,,,,,,,,,,,10851688.0,65729660.0,0.1650957573795452,1783148.0,3469011.0,0.5140220080017043,846372.0,4738917.0,0.1786003004483936,0.0850154781335228,0.0,0.0,,,,,,,,,0.0,,,
scNH_GM_4plex_20_S19.ATCACG,scnomehic,12141449.0,1736227207.0,6143355.0,2478062.0,6463156.0,772555199.0,0.5323216364043534,4545323.0,4062912.0,1592875.0,1398974.0,12141449.0,1821217350.0,6278979.0,4206984.0,6593095.0,820091677.0,0.5430237362937488,4381250.0,3908155.0,1519523.0,1355950.0,1369991.0,38771.0,48853.0,,,,,,,,,,,,,3112398.0,12141449.0,70.32667941173013,66.4520987487667,64.95573581899461,65.31759201141227,62.86266337993389,59.276485474576056,1457615.0,0.939885360674801,0.0265989304445961,0.0335157088806029
scNH_GM_4plex_4_S3,scnomehic,,,,,,,,,,,,,,,,,,,,,,,,,,12888055.0,69762641.0,0.1847415008270687,1987532.0,3627727.0,0.5478725383690669,945935.0,4988480.0,0.1896238934505099,0.0900971228493673,0.0,0.0,,,,,,,,,0.0,,,
scNH_GM_4plex_4_S3.GCCAAT,scnomehic,8412987.0,1203057141.0,1587427.0,2617716.0,7141595.0,863638597.0,0.848877455771654,5422656.0,4879294.0,1709767.0,1506047.0,8412987.0,1261948050.0,1763777.0,4364676.0,7184688.0,911703071.0,0.8539996555325713,5224091.0,4681014.0,1637267.0,1470611.0,1499706.0,48913.0,51553.0,,,,,,,,,,,,,3347034.0,8412987.0,75.9306009371856,72.71145246669028,68.46993429050265,68.65929402837739,68.32218853071338,65.15264128379687,1600172.0,0.9372154993338216,0.0305673390110563,0.032217161655122
scNH_GM_4plex_20_S19,scnomehic,,,,,,,,,,,,,,,,,,,,,,,,,,12076719.0,64720260.0,0.1865987404871364,1940935.0,3418055.0,0.5678477964807471,920905.0,4656442.0,0.1977701000033931,0.0832948477211644,0.0,0.0,,,,,,,,,0.0,,,
scNH_GM_4plex_20_S19.TGACCA,scnomehic,9156361.0,1309359623.0,3213889.0,2274565.0,6341952.0,761453129.0,0.6926279992673946,4682262.0,4186131.0,1580816.0,1387519.0,9156361.0,1373454150.0,3356917.0,3712435.0,6407082.0,805241425.0,0.699741087097811,4530081.0,4040943.0,1509038.0,1346023.0,1346448.0,53796.0,44251.0,,,,,,,,,,,,,3089854.0,9156361.0,73.82998168387273,70.70427692356677,66.23819854591648,66.68849850587661,66.0069801852805,63.06994354060086,1444495.0,0.93212368336339,0.0372420811425446,0.0306342354940654
scNH_GM_4plex_39_S38,scnomehic,,,,,,,,,,,,,,,,,,,,,,,,,,5701188.0,36300422.0,0.157055694834622,923259.0,1821371.0,0.5069033162381524,429438.0,2507256.0,0.1712780824933712,0.0504428068546374,0.0,0.0,,,,,,,,,0.0,,,
scNH_GM_4plex_39_S38.ATCACG,scnomehic,4979484.0,712066212.0,2331408.0,997469.0,2828658.0,339584783.0,0.5680624739430833,1966883.0,1765630.0,875972.0,777029.0,4979484.0,746922600.0,2391458.0,1840881.0,2876461.0,360059373.0,0.5776624646248487,1895821.0,1699155.0,847669.0,759953.0,745549.0,18185.0,26297.0,,,,,,,,,,,,,1723641.0,4979484.0,69.53413951067962,65.9081072192531,55.4639498129782,55.287498134053806,62.41935221578572,59.07102512427598,790031.0,0.9436958802882418,0.0230180841004973,0.0332860356112608
scNH_GM_4plex_8_S7,scnomehic,,,,,,,,,,,,,,,,,,,,,,,,,,6642880.0,39494860.0,0.1681960639941501,1104644.0,1978653.0,0.5582808102279683,493403.0,2740766.0,0.1800237597810247,0.0545121572442541,0.0,0.0,,,,,,,,,0.0,,,
scNH_GM_4plex_8_S7.TGACCA,scnomehic,5367751.0,767588393.0,1696500.0,1236444.0,3879245.0,467824624.0,0.7226946629975943,2622593.0,2348430.0,954893.0,840776.0,5367751.0,805162650.0,1781267.0,2300979.0,3909745.0,494599836.0,0.7283767447484059,2535420.0,2265507.0,930229.0,832276.0,830492.0,21592.0,33121.0,,,,,,,,,,,,,1885122.0,5367751.0,67.60575833699599,64.84873054380785,63.58973733247972,63.31065464498978,60.5383264011425,57.945134529234,885205.0,0.93819171830254,0.0243920899678605,0.0374161917295993
scNH_GM_4plex_20_S19,scnomehic,,,,,,,,,,,,,,,,,,,,,,,,,,15058111.0,96241745.0,0.1564613255921326,2721049.0,4935640.0,0.5513062135812175,1163595.0,6847227.0,0.1699366765553413,0.1208963014537465,0.0,0.0,,,,,,,,,0.0,,,
scNH_GM_4plex_20_S19.GCCAAT,scnomehic,12013030.0,1717863290.0,3647710.0,3547307.0,9002304.0,1073999559.0,0.7493783000625155,6800742.0,6083294.0,2356618.0,2068924.0,12013030.0,1801954500.0,3878238.0,5243146.0,9144314.0,1136084847.0,0.7611996307342943,6582559.0,5875520.0,2236939.0,1996356.0,2027553.0,57497.0,66443.0,,,,,,,,,,,,,4593557.0,12013030.0,75.54446061808177,71.98526865984698,65.34763412580568,66.01718267925894,67.57485639231913,64.25326164433986,2151493.0,0.9423934914034114,0.0267242328931583,0.0308822757034301
scNH_GM_4plex_25_S24,scnomehic,,,,,,,,,,,,,,,,,,,,,,,,,,11402620.0,72890255.0,0.1564354521739565,1956994.0,3681802.0,0.531531570681965,861053.0,5068353.0,0.1698881273660299,0.0959593257785211,0.0,0.0,,,,,,,,,0.0,,,
scNH_GM_4plex_25_S24.TGACCA,scnomehic,7640987.0,1092661141.0,2266260.0,1931728.0,5706572.0,686814538.0,0.74683702511207,4386933.0,3942613.0,1770886.0,1569091.0,7640987.0,1146148050.0,2404753.0,3208338.0,5756758.0,726332924.0,0.7534050247697058,4270520.0,3829585.0,1711817.0,1534033.0,1513883.0,45474.0,47885.0,,,,,,,,,,,,,3482703.0,7640987.0,76.87510119910867,74.182725763355,59.63270922988795,59.91549038524582,69.08899072858452,66.52329314520429,1607242.0,0.9419135388448036,0.028293187958005,0.0297932731971912
scNH_GM_4plex_46_S45,scnomehic,,,,,,,,,,,,,,,,,,,,,,,,,,10358722.0,64054575.0,0.1617171294946535,1841583.0,3296323.0,0.5586779572268858,794029.0,4522761.0,0.1755628917822542,0.0854644164478173,0.0,0.0,,,,,,,,,0.0,,,
scNH_GM_4plex_46_S45.ATCACG,scnomehic,7204454.0,1030236922.0,2781064.0,1731218.0,4654673.0,562074140.0,0.6460826871821237,3536688.0,3171079.0,1540763.0,1364968.0,7204454.0,1080668100.0,2884695.0,3307427.0,4706592.0,595028717.0,0.6532892013745941,3410814.0,3054075.0,1490209.0,1335031.0,1310306.0,42065.0,40093.0,,,,,,,,,,,,,3030972.0,7204454.0,75.98144918021093,72.46886919452547,56.43486222137775,56.3092857013018,68.1267835570834,64.8893084422869,1392464.0,0.9409981155706718,0.0302090395155637,0.0287928449137643
scNH_GM_4plex_18_S17,scnomehic,,,,,,,,,,,,,,,,,,,,,,,,,,11765234.0,71395046.0,0.1647906214669292,2018781.0,3669595.0,0.5501372767294483,895550.0,5033075.0,0.1779329733810841,0.0924665439890422,0.0,0.0,,,,,,,,,0.0,,,
scNH_GM_4plex_18_S17.TGACCA,scnomehic,10154546.0,1452100078.0,3959824.0,2232636.0,6630821.0,795745444.0,0.6529903946468901,4641580.0,4155511.0,1739036.0,1531734.0,10154546.0,1523181900.0,4108113.0,3573618.0,6697340.0,842165045.0,0.6595410567838287,4508068.0,4022704.0,1661907.0,1481912.0,1480120.0,37021.0,58966.0,,,,,,,,,,,,,3400943.0,10154546.0,70.0000799297704,67.31132061385566,62.53353383977007,63.134828489721095,62.66963020114704,60.06420459465996,1576107.0,0.9390986779450888,0.0234888874930445,0.0374124345618666
scNH_GM_4plex_6_S5,scnomehic,,,,,,,,,,,,,,,,,,,,,,,,,,5172583.0,29870986.0,0.1731641198586481,847722.0,1522791.0,0.5566896573462806,388647.0,2096407.0,0.1853871886518219,0.0420858544929687,0.0,0.0,,,,,,,,,0.0,,,
scNH_GM_4plex_6_S5.ATCACG,scnomehic,4527695.0,647460385.0,2120962.0,907081.0,2559991.0,307747930.0,0.5654071221670187,1655044.0,1483635.0,718588.0,636178.0,4527695.0,679154250.0,2172787.0,1742053.0,2596328.0,326115340.0,0.5734326185840698,1592149.0,1422486.0,698219.0,624995.0,608851.0,22300.0,18055.0,,,,,,,,,,,,,1416807.0,4527695.0,64.65038353650462,61.3231070958677,56.58193981549735,56.14612702705588,57.9546959344779,54.78837804776592,649206.0,0.9378394531165762,0.034349651728419,0.0278108951550047
scNH_GM_4plex_19_S18,scnomehic,,,,,,,,,,,,,,,,,,,,,,,,,,7493806.0,45864499.0,0.1633901201013882,1365392.0,2426578.0,0.5626820979997346,579423.0,3288386.0,0.1762028545310678,0.0622436065572646,0.0,0.0,,,,,,,,,0.0,,,
scNH_GM_4plex_19_S18.CGATGT,scnomehic,4787523.0,684615789.0,1524235.0,1299708.0,3459272.0,415801410.0,0.7225598707306471,2580152.0,2309088.0,1088882.0,962765.0,4787523.0,718128450.0,1609701.0,2193880.0,3481663.0,438395900.0,0.7272368195411281,2502605.0,2234556.0,1053678.0,940606.0,926701.0,28275.0,32591.0,,,,,,,,,,,,,2142560.0,4787523.0,74.58656040924218,71.87958742704276,57.7977576514872,57.8967515848486,66.75069205312563,64.18070904622303,987567.0,0.9383677259365694,0.0286309688355321,0.0330013052278984
scNH_GM_4plex_1_S1,scnomehic,,,,,,,,,,,,,,,,,,,,,,,,,,6416666.0,38292546.0,0.1675695839080535,1137621.0,2034524.0,0.5591583092654596,500494.0,2759470.0,0.181373234715362,0.0519866667210379,0.0,0.0,,,,,,,,,0.0,,,
scNH_GM_4plex_1_S1.TGACCA,scnomehic,4900760.0,700808680.0,1306160.0,1266696.0,3763305.0,455400990.0,0.7679023253536186,2508460.0,2248816.0,917410.0,808795.0,4900760.0,735114000.0,1394143.0,2132415.0,3785397.0,481105988.0,0.7724101976020046,2432486.0,2176741.0,890125.0,797152.0,794958.0,25918.0,26224.0,,,,,,,,,,,,,1807535.0,4900760.0,66.65577198765446,64.2597328628939,63.42736180764293,63.40677808628704,59.75641092071995,57.50363832380064,847100.0,0.9384464644079802,0.030596151575965,0.0309573840160547
scNH_GM_4plex_38_S37,scnomehic,,,,,,,,,,,,,,,,,,,,,,,,,,4691405.0,29195436.0,0.160689670810191,757718.0,1495652.0,0.5066138379783532,353479.0,2042429.0,0.17306794997525,0.040194141096121,0.0,0.0,,,,,,,,,0.0,,,
scNH_GM_4plex_38_S37.CGATGT,scnomehic,3941161.0,563586023.0,1364773.0,969472.0,2763955.0,330969542.0,0.7013047678082677,1913153.0,1718674.0,711003.0,628627.0,3941161.0,591174150.0,1430542.0,1701319.0,2790772.0,349408858.0,0.7081091079506775,1851643.0,1657386.0,685650.0,613732.0,610050.0,19216.0,20371.0,,,,,,,,,,,,,1396653.0,3941161.0,69.21795036460435,66.34877374432594,62.836061726375256,62.97072383823448,62.18169253840964,59.38808329738151,649637.0,0.9390628920458656,0.0295795959897604,0.0313575119643739
scNH_GM_4plex_27_S26,scnomehic,,,,,,,,,,,,,,,,,,,,,,,,,,6080649.0,41239105.0,0.1474486170347295,1188125.0,2100535.0,0.5656297086218511,455889.0,2846962.0,0.1601317474557089,0.055967582642898,0.0,0.0,,,,,,,,,0.0,,,
scNH_GM_4plex_27_S26.ATCACG,scnomehic,5532542.0,791153506.0,2591233.0,1102185.0,3219479.0,383449565.0,0.5819167753267847,2197115.0,1959447.0,1007731.0,887769.0,5532542.0,829881300.0,2659455.0,1936048.0,3279778.0,406871125.0,0.5928157436491218,2119987.0,1884717.0,966395.0,857924.0,844008.0,18881.0,27742.0,,,,,,,,,,,,,1974126.0,5532542.0,68.24442712625242,64.63812489747782,54.13389831665616,54.41505065832951,60.862238890205525,57.464773530403576,890631.0,0.9476517210831422,0.0211995764800461,0.0311487024368116
scNH_GM_4plex_7_S6,scnomehic,,,,,,,,,,,,,,,,,,,,,,,,,,9882720.0,56751447.0,0.1741404056182038,1584149.0,2911043.0,0.5441860529026882,741519.0,4000948.0,0.1853358254093779,0.0755169540218521,0.0,0.0,,,,,,,,,0.0,,,
scNH_GM_4plex_7_S6.ATCACG,scnomehic,10761109.0,1538838587.0,4587925.0,2267129.0,6545510.0,787673549.0,0.6082560821565881,4323726.0,3874470.0,1387180.0,1217970.0,10761109.0,1614166350.0,4718709.0,4401176.0,6644582.0,835094373.0,0.6174625682167144,4162190.0,3722929.0,1339425.0,1199929.0,1203130.0,55255.0,34981.0,,,,,,,,,,,,,2726605.0,10761109.0,66.05636535579352,62.640358716319554,67.91702341915283,67.81922497531347,59.19279017219438,56.02954407064282,1293366.0,0.9302316590972702,0.0427218590870642,0.0270464818156654
scNH_GM_4plex_8_S7,scnomehic,,,,,,,,,,,,,,,,,,,,,,,,,,9638039.0,59773827.0,0.1612417923316169,1775205.0,3167630.0,0.5604205667959957,759599.0,4323164.0,0.1757044146370575,0.0787092747553913,0.0,0.0,,,,,,,,,0.0,,,
scNH_GM_4plex_8_S7.ATCACG,scnomehic,10024332.0,1433479476.0,5022620.0,1895045.0,5321116.0,639049488.0,0.530820008754698,3801945.0,3408513.0,1436155.0,1267007.0,10024332.0,1503649800.0,5130516.0,3678887.0,5419559.0,678179323.0,0.540640413745275,3658319.0,3275511.0,1399771.0,1256326.0,1248131.0,34587.0,46889.0,,,,,,,,,,,,,2835926.0,10024332.0,71.45014316545627,67.5021528504441,62.22578180378727,61.737317057369786,64.05635584715688,60.43869990159716,1329607.0,0.9387217425901035,0.0260129496911493,0.0352653077187469
scNH_GM_4plex_12_S11,scnomehic,,,,,,,,,,,,,,,,,,,,,,,,,,15965752.0,92100928.0,0.1733506094531425,2372742.0,4792621.0,0.4950823359493688,1213643.0,6595130.0,0.184021088287873,0.1155839354890513,0.0,0.0,,,,,,,,,0.0,,,
scNH_GM_4plex_12_S11.TGACCA,scnomehic,12265764.0,1754004252.0,2484579.0,3419294.0,10192733.0,1236069396.0,0.8309904707118122,7819463.0,6998532.0,2248861.0,1965102.0,12265764.0,1839864600.0,2732410.0,6333603.0,10223662.0,1304432149.0,0.8335120421361442,7541670.0,6733062.0,2142538.0,1915809.0,1963137.0,82812.0,65864.0,,,,,,,,,,,,,4391399.0,12265764.0,76.71605839179738,73.76681662598,71.24021176390245,71.59066891020159,68.66197711644169,65.85763496484918,2111813.0,0.929597933150331,0.0392136993190211,0.0311883675306478
scNH_GM_4plex_37_S36,scnomehic,,,,,,,,,,,,,,,,,,,,,,,,,,5332583.0,33541822.0,0.1589831047341435,892248.0,1687836.0,0.5286342985929913,399744.0,2316041.0,0.1725979807784059,0.0464267774747601,0.0,0.0,,,,,,,,,0.0,,,
scNH_GM_4plex_37_S36.TGACCA,scnomehic,3549406.0,507565058.0,1026673.0,909680.0,2702631.0,324484064.0,0.7614319128327388,1801496.0,1615192.0,807631.0,715918.0,3549406.0,532410900.0,1090490.0,1517575.0,2722740.0,342485431.0,0.7670973678412669,1745788.0,1560131.0,779826.0,696751.0,685020.0,16485.0,24379.0,,,,,,,,,,,,,1587457.0,3549406.0,66.65712041340457,64.11879209913542,55.16887076074551,55.3310023897518,59.76368953068325,57.30003599315396,725884.0,0.9437045037499104,0.0227102402036689,0.0335852560464206
scNH_GM_4plex_21_S20,scnomehic,,,,,,,,,,,,,,,,,,,,,,,,,,4205391.0,25979146.0,0.161875644411098,712542.0,1351116.0,0.5273729272690132,321311.0,1831001.0,0.1754837927450613,0.0356564509396881,0.0,0.0,,,,,,,,,0.0,,,
scNH_GM_4plex_21_S20.CGATGT,scnomehic,5100900.0,729428700.0,2343463.0,1055309.0,3016391.0,357614621.0,0.5913448607108549,1908684.0,1703294.0,630491.0,552197.0,5100900.0,765135000.0,2410075.0,1737265.0,3066973.0,378193989.0,0.6012611499931385,1852722.0,1649053.0,602903.0,536920.0,547405.0,14456.0,19783.0,,,,,,,,,,,,,1233394.0,5100900.0,63.277075153718464,60.40881351091125,66.96724025558972,67.45852858658775,56.467944639802994,53.76809642602005,581644.0,0.9411340957699212,0.0248536905736154,0.0340122136564634
scNH_GM_4plex_29_S28,scnomehic,,,,,,,,,,,,,,,,,,,,,,,,,,6765812.0,40595926.0,0.1666623394672657,1252883.0,2160313.0,0.5799543862394014,527391.0,2899527.0,0.1818886321803521,0.0549431754333631,0.0,0.0,,,,,,,,,0.0,,,
scNH_GM_4plex_29_S28.GCCAAT,scnomehic,4125488.0,589944784.0,1691951.0,1005109.0,2677141.0,316630137.0,0.6489271087444686,1891536.0,1698214.0,971944.0,865203.0,4125488.0,618823200.0,1755841.0,1487872.0,2745189.0,335964688.0,0.6654216422396575,1830461.0,1639231.0,936281.0,837920.0,812295.0,22379.0,22248.0,,,,,,,,,,,,,1908225.0,4125488.0,70.65507569455625,66.67886983373458,48.61615110682536,48.84998915573727,63.43386470865748,59.71286494299663,856922.0,0.947921747837026,0.0261155624432562,0.0259626897197177
scNH_GM_4plex_46_S45,scnomehic,,,,,,,,,,,,,,,,,,,,,,,,,,3550502.0,22385247.0,0.1586090160184518,646807.0,1157425.0,0.5588327537421431,271117.0,1572666.0,0.1723932481531361,0.0315065759573764,0.0,0.0,,,,,,,,,0.0,,,
scNH_GM_4plex_46_S45.CGATGT,scnomehic,3056081.0,437019583.0,1276744.0,732742.0,1923782.0,229230513.0,0.6294931318901561,1264829.0,1129497.0,536956.0,473778.0,3056081.0,458412150.0,1319804.0,1236838.0,1949712.0,242228461.0,0.6379778546445595,1227079.0,1094379.0,520081.0,464065.0,456291.0,11981.0,17318.0,,,,,,,,,,,,,1057037.0,3056081.0,65.74700251899644,62.93642343074259,57.54714668939438,57.61633929029835,58.71231771583266,56.13029001206332,485590.0,0.9396630902613315,0.0246730781111637,0.0356638316275046
scNH_GM_4plex_13_S12,scnomehic,,,,,,,,,,,,,,,,,,,,,,,,,,3894409.0,25003684.0,0.1557534081777709,690644.0,1285723.0,0.5371639147779109,294112.0,1746508.0,0.1684000302317538,0.0350985921618871,0.0,0.0,,,,,,,,,0.0,,,
scNH_GM_4plex_13_S12.CGATGT,scnomehic,3299747.0,471863821.0,1336906.0,783989.0,2111237.0,251925704.0,0.639817840579899,1455343.0,1302164.0,601981.0,531230.0,3299747.0,494962050.0,1387684.0,1292042.0,2137096.0,266053638.0,0.6476545019966682,1414070.0,1262535.0,583303.0,521005.0,512268.0,13527.0,20413.0,,,,,,,,,,,,,1185284.0,3299747.0,68.9331894050739,66.16782774381684,58.636486381560914,58.75006187812484,61.67777468848832,59.07713083548891,546208.0,0.9378624992676784,0.0247652908782002,0.0373722098541215
scNH_GM_4plex_29_S28,scnomehic,,,,,,,,,,,,,,,,,,,,,,,,,,10950821.0,68165341.0,0.1606508650781927,1896414.0,3501310.0,0.5416298471143658,832607.0,4760637.0,0.1748940320381495,0.090859550609655,0.0,0.0,,,,,,,,,0.0,,,
scNH_GM_4plex_29_S28.ATCACG,scnomehic,7395067.0,1057494581.0,3597124.0,1558468.0,4093572.0,489547692.0,0.553554416748354,3167672.0,2839222.0,1644792.0,1461530.0,7395067.0,1109260050.0,3688290.0,2717330.0,4174981.0,519551711.0,0.564562971505194,3055765.0,2732051.0,1587859.0,1419456.0,1376016.0,37668.0,38509.0,,,,,,,,,,,,,3232651.0,7395067.0,77.38161195161585,73.19230913865236,48.07568460370896,48.03726726368029,69.35805697322533,65.4386451100017,1452193.0,0.9475434739046394,0.0259387009853373,0.0265178251100232
scNH_GM_4plex_44_S43,scnomehic,,,,,,,,,,,,,,,,,,,,,,,,,,4614693.0,31176799.0,0.1480168955125893,875879.0,1564456.0,0.5598617027260594,350429.0,2152486.0,0.1628019880268675,0.0431004504896111,0.0,0.0,,,,,,,,,0.0,,,
scNH_GM_4plex_44_S43.TGACCA,scnomehic,3977689.0,568809527.0,1488342.0,896390.0,2685628.0,321278353.0,0.6751729458989881,1774602.0,1588582.0,752997.0,665388.0,3977689.0,596653350.0,1548448.0,1493579.0,2720020.0,339898369.0,0.6838191723887915,1722157.0,1537722.0,725827.0,648248.0,640712.0,14884.0,23881.0,,,,,,,,,,,,,1478824.0,3977689.0,66.07772930577131,63.31413004316144,57.56811949947087,57.85361032704917,59.1512301778206,56.5334813714605,679477.0,0.942948767949467,0.0219050828799208,0.0351461491706121
