,Dataset,R1InputReads,R1InputReadsBP,R1WithAdapters,R1QualTrimBP,R1TrimmedReads,R1TrimmedReadsBP,R1TrimmedReadsRate,R1UniqueMappedReads,R1UniqueMappedReadsMapQ30,R1DeduppedReads,R1DeduppedReadsMapQ30,R2InputReads,R2InputReadsBP,R2WithAdapters,R2QualTrimBP,R2TrimmedReads,R2TrimmedReadsBP,R2TrimmedReadsRate,R2UniqueMappedReads,R2UniqueMappedReadsMapQ30,R2DeduppedReads,R2DeduppedReadsMapQ30,CisShortContact,CisLongContact,TransContact,mCHmC,mCHCov,mCHFrac,mCGmC,mCGCov,mCGFrac,mCCCmC,mCCCCov,mCCCFrac,GenomeCov,LambdaCYCov,LambdaCYFrac,FinalmCReads,CellInputReadPairs,R1MappingRate,R2MappingRate,R1DuplicationRate,R2DuplicationRate,R1MappingRateMapQ30,R2MappingRateMapQ30,TotalContacts,CisShortRatio,CisLongRatio,TransRatio
SRR7770877,MethylHiC,14838585.0,1494161675.0,8785136.0,6077289.0,7342077.0,567955506.0,0.4947963030167634,1103479.0,733552.0,902482.0,579396.0,14838585.0,1495874233.0,8512494.0,29689737.0,7424211.0,569023131.0,0.5003314669154775,998682.0,727108.0,698258.0,520171.0,361332.0,33947.0,25816.0,184689.0,20260565.0,0.0091156885308973,186165.0,1085089.0,0.1715665719586135,10324.0,1291811.0,0.0079918811652788,0.0351294692461821,0.0,0.0,1600740.0,14838585.0,15.0295209380125,13.451692038386302,18.21484595538293,30.082048139447792,9.991069284617964,9.79374104534475,421095.0,0.8580771559861788,0.0806160130136905,0.0613068310001306
SRR7770833,MethylHiC,78797615.0,7926846995.0,67846425.0,18897820.0,23121458.0,1430384045.0,0.2934283988163855,4251403.0,2562452.0,3438533.0,2068671.0,78797615.0,7940956931.0,67479100.0,30183090.0,23570428.0,1470554122.0,0.2991261601001502,3701339.0,2849352.0,2990734.0,2308488.0,1892580.0,94589.0,60609.0,5663624.0,89215976.0,0.0634821727444869,2558940.0,4132350.0,0.6192457076481905,367598.0,6070704.0,0.0605527793811063,0.1340252411280003,0.0,0.0,6429267.0,78797615.0,18.38726173755997,15.703316885039168,19.120041078204064,19.19859272549744,11.082571003956584,12.08867314585887,2047778.0,0.9242115112087346,0.0461910421930502,0.0295974465982152
SRR7770878,MethylHiC,45416709.0,4574089846.0,20338119.0,18408826.0,28177716.0,2278240933.0,0.6204261960064081,1802891.0,1190613.0,1379191.0,871972.0,45416709.0,4577603374.0,19968446.0,102556824.0,27876868.0,2220514210.0,0.6138020260340749,1978197.0,1425569.0,1103590.0,831165.0,586112.0,46609.0,38767.0,317102.0,31209932.0,0.0101602912816343,389924.0,1643526.0,0.2372484524126785,20657.0,1982638.0,0.0104189468778465,0.0531952149431092,0.0,0.0,2482781.0,45416709.0,6.398286504129717,7.096195311467558,23.50114344128402,44.21233072338093,4.2253708568856325,5.1138061851137655,671488.0,0.872855508959207,0.069411515916889,0.0577329751239039
SRR7770875,MethylHiC,17287964.0,1740927545.0,9078705.0,7403150.0,9826893.0,767005470.0,0.5684239624747021,1275377.0,845539.0,998298.0,633615.0,17287964.0,1742624202.0,8720550.0,39347584.0,9902016.0,765309072.0,0.572769355604859,1196990.0,870953.0,750650.0,568220.0,384618.0,37985.0,26813.0,221372.0,21951779.0,0.0100844674137799,240983.0,1195116.0,0.2016398408187991,13448.0,1417637.0,0.0094862083876196,0.0378063528954252,0.0,0.0,1748948.0,17287964.0,12.97843580875461,12.088346453893834,21.725262412604277,37.28853206793708,8.604337098205914,8.795713923306122,449416.0,0.8558173273759724,0.0845208003275361,0.0596618722964914
SRR7770869,MethylHiC,36845468.0,3714476119.0,14409079.0,22509366.0,24222452.0,1981906433.0,0.6574065499724416,1895487.0,1324559.0,1202718.0,760995.0,36845468.0,3718153724.0,14261302.0,85966487.0,24093946.0,1947072883.0,0.6539188483099196,2628205.0,1818002.0,918000.0,685916.0,479637.0,41236.0,44912.0,503080.0,26705889.0,0.0188377926681264,464216.0,1352319.0,0.3432740351943587,31926.0,1665545.0,0.0191685004007697,0.0462789495293234,0.0,0.0,2120718.0,36845468.0,7.825330812916875,10.908155102530737,36.5483382370863,65.07121780835209,5.468310970334465,7.54547221115213,565785.0,0.8477372146663485,0.072882808840814,0.0793799764928373
SRR7770827,MethylHiC,43156835.0,4343626148.0,36856645.0,8515377.0,11622272.0,760417583.0,0.269303159047692,3120121.0,1876464.0,2476129.0,1485136.0,43156835.0,4350424725.0,36734085.0,12615512.0,11856586.0,776531975.0,0.2747325191942366,2821688.0,2101144.0,2239202.0,1672263.0,1431896.0,80336.0,48161.0,3829071.0,66526865.0,0.0575567629708689,1716911.0,3067120.0,0.5597795325908344,248417.0,4445528.0,0.055880201406897,0.103426206491671,0.0,0.0,4715331.0,43156835.0,26.84605041079748,23.79848634337068,20.63996877044192,20.643175290818828,16.14541459707706,17.721323827955196,1560393.0,0.9176508738503696,0.0514844657724047,0.0308646603772254
SRR7770867,MethylHiC,18194948.0,1832343925.0,14084971.0,4774270.0,6368322.0,445341557.0,0.3500049574200486,563045.0,377020.0,456949.0,292002.0,18194948.0,1834486342.0,13815718.0,25157520.0,6410453.0,444858770.0,0.3523204902811483,585541.0,425659.0,371578.0,279223.0,179747.0,12832.0,26132.0,239050.0,10363067.0,0.0230674953659954,375804.0,518547.0,0.7247250490312354,11300.0,649728.0,0.0173918932230102,0.0183682879136162,0.0,0.0,828527.0,18194948.0,8.841339995056781,9.134159473597265,18.843254091591252,36.54107910462291,5.920240842093097,6.640076762125859,218711.0,0.8218470950249416,0.0586710316353544,0.1194818733397039
SRR7770838,MethylHiC,10581738.0,1064112028.0,9513347.0,1728922.0,3103021.0,176893869.0,0.2932430381474196,485410.0,290147.0,457948.0,271980.0,10581738.0,1066068036.0,9422011.0,4472447.0,3180205.0,183056147.0,0.3005371140355204,426886.0,326416.0,406220.0,310322.0,249436.0,11865.0,8553.0,113595.0,11671113.0,0.0097330048985045,324610.0,550460.0,0.5897067906841551,4393.0,785207.0,0.0055947030528255,0.0198611928675637,0.0,0.0,864168.0,10581738.0,15.643142601999791,13.423222716774546,5.657485424692532,4.841105119399558,9.350468462830255,10.263992415583273,269854.0,0.9243368636373744,0.0439682198522163,0.0316949165104093
SRR7770835,MethylHiC,68921042.0,6931582759.0,60760611.0,7546387.0,19550074.0,1176947280.0,0.2836590021375474,4232084.0,2548164.0,3465990.0,2084244.0,68921042.0,6945451875.0,60502058.0,19909201.0,19899021.0,1201481607.0,0.2887219987184755,3721860.0,2870440.0,3048195.0,2357882.0,1946256.0,107047.0,65683.0,5791653.0,91113341.0,0.0635653674471228,2444323.0,4405089.0,0.5548861782361264,368534.0,6271807.0,0.0587604178508681,0.1350338384653867,0.0,0.0,6514185.0,68921042.0,21.64740655201612,18.703734218884435,18.10205090447165,18.100224081507637,13.034037620522565,14.425031261588195,2118986.0,0.918484595934093,0.0505180307939741,0.0309973732719328
SRR7770856,MethylHiC,26114973.0,2630614976.0,15546119.0,9924112.0,13168212.0,1007277940.0,0.5042399239700535,838554.0,596318.0,545326.0,345526.0,26114973.0,2634664714.0,14665305.0,67106763.0,13257990.0,1002109195.0,0.5076777218954046,1127168.0,845279.0,392270.0,355016.0,186116.0,16980.0,25600.0,300255.0,10378524.0,0.0289304143826231,360014.0,523133.0,0.6881882809916408,17476.0,652753.0,0.026772760906499,0.0185892807136978,0.0,0.0,937596.0,26114973.0,6.368017161327597,8.501801555137694,34.96829065271885,65.1986216784011,4.528465975487029,6.375619532070849,228696.0,0.8138139713855949,0.0742470353657256,0.1119389932486794
SRR7770850,MethylHiC,22862241.0,2301138589.0,18473269.0,4890976.0,7642691.0,509887594.0,0.3342931692479315,646838.0,426931.0,535652.0,339177.0,22862241.0,2305103713.0,17297751.0,43215434.0,7960661.0,537937756.0,0.3482012546364112,578888.0,484629.0,378295.0,342726.0,186004.0,15922.0,18522.0,370575.0,10369977.0,0.0357353733764308,359619.0,532557.0,0.6752685628017283,21878.0,665218.0,0.0328884666380043,0.0181871076748695,0.0,0.0,913947.0,22862241.0,8.463484916503885,7.271858454970008,17.189157099613816,34.651435165351494,5.586134517279319,6.087798488090374,220448.0,0.8437545362171578,0.072225649586297,0.0840198141965452
SRR7770861,MethylHiC,18910175.0,1905221286.0,10740876.0,8345468.0,9952176.0,769463066.0,0.5262868270653233,558850.0,405947.0,333805.0,216758.0,18910175.0,1907666832.0,10580992.0,36141712.0,9893392.0,756947017.0,0.5231782360554569,880650.0,610204.0,279715.0,211962.0,128899.0,12536.0,19254.0,301282.0,7483003.0,0.0402621781656375,238216.0,372226.0,0.6399767882952829,17535.0,468665.0,0.0374147845475979,0.0133468401361857,0.0,0.0,613520.0,18910175.0,5.61535487314533,8.901396002503489,40.26930303301423,68.23766536081304,4.078977301044516,6.167793614161857,160689.0,0.8021644294257853,0.0780140519886239,0.1198215185855908
SRR7770836,MethylHiC,5338439.0,537113895.0,4282042.0,1333882.0,1865582.0,124011602.0,0.3494620805819828,530636.0,312920.0,501818.0,294052.0,5338439.0,537987894.0,4233481.0,3288820.0,1913117.0,127779552.0,0.3583663688954767,462501.0,352553.0,441272.0,336101.0,271587.0,13319.0,9414.0,106675.0,12887764.0,0.0082772310231627,330375.0,597175.0,0.5532297902624859,4354.0,863271.0,0.0050436073955918,0.0221360558102864,0.0,0.0,943090.0,5338439.0,28.44345625118596,24.175259537184605,5.430841480789095,4.590044129634318,16.77331792437963,18.42819858900423,294320.0,0.9227609404729546,0.0452534656156564,0.0319855939113889
SRR7770851,MethylHiC,18489918.0,1862709244.0,11033649.0,7765441.0,9235146.0,706780703.0,0.4994692783386059,565227.0,410455.0,343308.0,221590.0,18489918.0,1865217573.0,10865070.0,33217560.0,9202121.0,697701773.0,0.4976831698226028,853025.0,589206.0,281754.0,217232.0,130947.0,15312.0,16987.0,395179.0,7624631.0,0.0518292622947917,221200.0,375889.0,0.5884715966681653,24013.0,474304.0,0.0506278673593307,0.0136688530583494,0.0,0.0,625062.0,18489918.0,6.1203905168364425,9.269873760625403,39.26192485496978,66.9700184637027,4.444488479120958,6.402936888136986,163246.0,0.8021452286732906,0.0937970915060705,0.1040576798206388
SRR7770825,MethylHiC,124590656.0,12533123416.0,112929156.0,29602863.0,32559220.0,1858270565.0,0.2613295494647688,5243186.0,3168622.0,4182493.0,2524288.0,124590656.0,12554447051.0,112444852.0,36794325.0,33238203.0,1911224229.0,0.266779259914965,4705447.0,3603344.0,3770148.0,2896626.0,2435355.0,123723.0,74881.0,5211206.0,110800956.0,0.0470321393255848,3051932.0,5241860.0,0.5822231040126978,325104.0,7568527.0,0.042954725536422,0.1601474262408924,0.0,0.0,7952641.0,124590656.0,16.103536878340453,14.156743070616663,20.22993271648193,19.876942615653725,9.731873183694203,10.840971155991795,2633959.0,0.9245986744668389,0.0469722573510066,0.0284290681821546
SRR7770857,MethylHiC,24388888.0,2457729256.0,12834221.0,11377672.0,13811579.0,1076957801.0,0.5663062210954432,779122.0,569302.0,441190.0,283478.0,24388888.0,2460469897.0,12532678.0,53567833.0,13746987.0,1062485195.0,0.5636578018645213,1228380.0,848865.0,356673.0,275402.0,164869.0,19286.0,22801.0,234398.0,9661291.0,0.024261560903196,312383.0,468283.0,0.6670816578863635,13006.0,597859.0,0.021754293236365,0.0174342649308147,0.0,0.0,797863.0,24388888.0,5.641078402404244,8.935630767672945,43.37343830619594,70.96395252283496,4.121918283202811,6.174916729025786,206956.0,0.7966379327006706,0.0931888903921606,0.1101731769071686
SRR7770831,MethylHiC,69544318.0,6996039549.0,58328507.0,10120482.0,21808485.0,1404797619.0,0.3135911836823247,4513893.0,2705531.0,3634752.0,2174865.0,69544318.0,7008531332.0,58215880.0,17830693.0,22102319.0,1425503096.0,0.3178163167837809,4099750.0,3167946.0,3312916.0,2568169.0,2142043.0,122098.0,69626.0,4765578.0,96942904.0,0.0491586057706709,2603887.0,4565295.0,0.5703655514046737,296897.0,6540729.0,0.0453920350468579,0.1460382573788321,0.0,0.0,6947668.0,69544318.0,20.697875161892263,18.548958595702107,19.47633672309025,19.192243429477408,12.40586404786944,14.333093283107532,2333767.0,0.9178478399943096,0.0523179906134588,0.0298341693922315
SRR7770874,MethylHiC,15427243.0,1552795567.0,10097877.0,5219648.0,6917661.0,518467491.0,0.4484055252127681,1280972.0,822984.0,1069444.0,669679.0,15427243.0,1555022075.0,9803121.0,26072969.0,7026490.0,523488369.0,0.4554598640858901,1039012.0,764987.0,823010.0,611668.0,441783.0,36313.0,26773.0,171988.0,24265550.0,0.0070877437354603,195860.0,1303364.0,0.1502726790060182,9532.0,1546615.0,0.006163136915134,0.0416919062564524,0.0,0.0,1892454.0,15427243.0,18.517415062692432,14.787070073393686,16.51308537579276,20.789172791074595,11.89685357521856,10.887185493752929,504869.0,0.8750448136051134,0.0719255886180375,0.053029597776849
SRR7770854,MethylHiC,25205943.0,2539244829.0,15740106.0,11592177.0,12025743.0,907269881.0,0.4770995078422577,752051.0,537183.0,505353.0,326232.0,25205943.0,2542093096.0,14891257.0,58441664.0,12137068.0,910970023.0,0.4815161249868731,1053654.0,787342.0,359565.0,329480.0,166141.0,19103.0,21760.0,280848.0,9462009.0,0.0296816458322962,306639.0,467773.0,0.6555294982822865,15076.0,594148.0,0.0253741492018823,0.0169840724275617,0.0,0.0,864918.0,25205943.0,6.25367596829568,8.681289418498768,32.803360410397694,65.87447112619513,4.466942292047984,6.4870856783532895,207004.0,0.8025980174296149,0.0922832409035574,0.1051187416668276
SRR7770858,MethylHiC,32981658.0,3323424659.0,17683546.0,13895280.0,18450635.0,1433948591.0,0.5594210879271139,1108924.0,795592.0,684818.0,433646.0,32981658.0,3326105317.0,16482936.0,95796177.0,18478892.0,1421405033.0,0.5602778368510158,1589946.0,1172299.0,462751.0,424307.0,214314.0,23837.0,30851.0,312397.0,12731939.0,0.0245364826205969,409928.0,624422.0,0.6564919237310665,17156.0,799853.0,0.0214489412429533,0.0228335253942245,0.0,0.0,1147569.0,32981658.0,6.010221328425824,8.604119770817428,38.24482110586478,70.89517505625977,4.312003353814109,6.343989672108047,269002.0,0.7967003962795816,0.088612724068966,0.1146868796514524
SRR7770834,MethylHiC,6780066.0,681866421.0,6071619.0,959158.0,1840671.0,107855267.0,0.2714827554776015,341565.0,202986.0,326547.0,193086.0,6780066.0,683167104.0,6002318.0,2783651.0,1901560.0,112665024.0,0.2804633465219955,302506.0,230333.0,290853.0,221367.0,179760.0,8712.0,6354.0,81855.0,8459382.0,0.0096762387607037,219986.0,411802.0,0.5342033307269027,3235.0,576925.0,0.0056073146422845,0.0144540279685793,0.0,0.0,617400.0,6780066.0,18.556548128372757,15.908306863838112,4.396820517324662,3.8521549985785386,11.027826265530342,12.112844191085214,194826.0,0.9226694589017892,0.0447168242431708,0.0326137168550398
SRR7770849,MethylHiC,16051347.0,1615458324.0,13429009.0,3471082.0,4972039.0,321134675.0,0.3097583648275749,413883.0,274677.0,350751.0,224497.0,16051347.0,1618073002.0,13071521.0,17650585.0,5135166.0,334319153.0,0.3199211879227332,403662.0,297214.0,290808.0,219916.0,143972.0,13034.0,13430.0,162458.0,8014315.0,0.0202709776194222,275663.0,408230.0,0.6752639443450996,7903.0,505637.0,0.0156297897503545,0.0141487364466787,0.0,0.0,641559.0,16051347.0,8.324210650801412,7.860739068610441,15.253586158407083,27.95754864218083,5.52443373835161,5.787816791122234,170436.0,0.8447276397005328,0.0764744537539017,0.0787979065455655
SRR7770876,MethylHiC,17178494.0,1729227417.0,10874729.0,5998246.0,8183913.0,613338099.0,0.4764045672455338,1339381.0,872449.0,1045033.0,659398.0,17178494.0,1731493369.0,10607876.0,34375101.0,8202498.0,608351090.0,0.4774864432237191,1089673.0,813873.0,787169.0,597582.0,398694.0,45567.0,32762.0,181661.0,22858307.0,0.0079472639859111,243439.0,1193178.0,0.2040257195489692,10123.0,1440490.0,0.0070274698192976,0.0393833412553335,0.0,0.0,1832202.0,17178494.0,16.366021975062537,13.28464816449818,21.97642045093965,27.760988847112845,10.660536102961997,9.922257829261282,477023.0,0.8357961775428019,0.0955236959224188,0.0686801265347792
SRR7770828,MethylHiC,7593304.0,763562160.0,6862763.0,1822556.0,2112285.0,119467319.0,0.2781773257069649,311761.0,186546.0,296761.0,176451.0,7593304.0,765025146.0,6733102.0,3636375.0,2222448.0,129139198.0,0.2926852395215574,272145.0,206647.0,261154.0,198069.0,160762.0,8394.0,5557.0,72123.0,7618576.0,0.0094667297405709,191255.0,359945.0,0.5313450666073983,2730.0,510916.0,0.0053433441113607,0.0130709703545385,0.0,0.0,557915.0,7593304.0,14.759419301846105,12.245280879462648,4.81137794656804,4.038655863602125,8.831478706708612,9.29817030589692,174713.0,0.92014904443287,0.0480445072776496,0.0318064482894804
SRR7770837,MethylHiC,55400907.0,5574160753.0,43319267.0,10683539.0,20288866.0,1378474593.0,0.3662190223708792,6253394.0,3670334.0,4623932.0,2709973.0,55400907.0,5584050283.0,43251068.0,22493111.0,20554623.0,1398685374.0,0.3710160015972302,5859981.0,4529834.0,4390532.0,3410845.0,2838661.0,152676.0,89783.0,2438531.0,124965395.0,0.0195136501589099,3201889.0,5763614.0,0.555534947343802,137790.0,8508853.0,0.0161937219975477,0.1815815003549852,0.0,0.0,9014464.0,55400907.0,30.821801474759603,28.509309073681383,26.057241875371997,25.07600280615244,18.090385140303063,22.03803008208908,3081120.0,0.9213081606688476,0.0495521109207041,0.0291397284104481
SRR7770829,MethylHiC,75218980.0,7563964052.0,67210566.0,14756585.0,21617473.0,1250830764.0,0.2873938599007857,3772579.0,2275747.0,3077135.0,1851155.0,75218980.0,7579285704.0,66431302.0,21386578.0,22455598.0,1323975367.0,0.2985363268685643,3314477.0,2552327.0,2706044.0,2088138.0,1722672.0,99635.0,56527.0,4788213.0,80562109.0,0.0594350502914465,2082262.0,3768045.0,0.552610703959215,305402.0,5470828.0,0.0558237254031748,0.1225290400617689,0.0,0.0,5783179.0,75218980.0,17.45152636480684,14.760136870993149,18.43417990716696,18.35683276728123,10.527349797083128,11.366105681086738,1878834.0,0.9168835565036612,0.0530302304514395,0.0300862130448991
SRR7770823,MethylHiC,71065314.0,7147397196.0,63198600.0,13598225.0,20022189.0,1176678916.0,0.2817434817779036,3563023.0,2156552.0,2889083.0,1744885.0,71065314.0,7160777712.0,62861771.0,24088562.0,20425564.0,1208285719.0,0.2874195982585822,3064344.0,2364031.0,2468468.0,1907940.0,1555223.0,84950.0,52988.0,5686568.0,73981066.0,0.0768651806125637,2019835.0,3429260.0,0.5890002507829678,369689.0,4999441.0,0.0739460671703096,0.1134893812850255,0.0,0.0,5357551.0,71065314.0,17.795371924618234,15.002493933582445,18.91483720425044,19.445466958017764,10.7708103244855,11.573883590191194,1693161.0,0.9185322600744996,0.0501724289657037,0.0312953109597965
SRR7770860,MethylHiC,31550827.0,3178136182.0,19345504.0,11801864.0,15505499.0,1174271826.0,0.4914450895375896,1023115.0,717036.0,690304.0,435941.0,31550827.0,3182782388.0,18282180.0,82128548.0,15535760.0,1164694784.0,0.4924042086123448,1335707.0,1008332.0,486040.0,443021.0,232603.0,20629.0,31919.0,223670.0,13167223.0,0.0169868771873917,306600.0,690505.0,0.4440228528395884,11761.0,843673.0,0.0139402351384956,0.0232811593738344,0.0,0.0,1176344.0,31550827.0,6.598400993092837,8.597628954103307,32.5291878234607,63.61178012842637,4.62439809257348,6.490393775393029,285151.0,0.8157186893961444,0.0723441264452868,0.1119371841585686
SRR7770847,MethylHiC,17948490.0,1807490516.0,14047338.0,4384177.0,6032677.0,420445396.0,0.3361105586040943,510528.0,342800.0,414881.0,264958.0,17948490.0,1809594552.0,13669384.0,27813184.0,6137895.0,426366340.0,0.341972778768576,546747.0,398472.0,334736.0,256860.0,160129.0,16689.0,17320.0,219934.0,9271966.0,0.0237203199407763,282169.0,470115.0,0.6002127139104262,11071.0,583615.0,0.0189696974889267,0.0164912876645375,0.0,0.0,749617.0,17948490.0,8.462710667254354,8.907728138066878,18.734917575529654,38.77680170170116,5.682386111505721,6.491997663694149,194138.0,0.8248204885184766,0.0859646231031534,0.08921488837837
SRR7770840,MethylHiC,13076.0,1314981.0,11134.0,1665.0,4534.0,274559.0,0.3467421229733863,627.0,356.0,620.0,350.0,13076.0,1318090.0,10657.0,8485.0,4851.0,306045.0,0.3709850107066381,425.0,347.0,417.0,342.0,236.0,13.0,10.0,270.0,13079.0,0.0206437801055126,406.0,738.0,0.5501355013550135,16.0,838.0,0.0190930787589498,2.3861611013890102e-05,0.0,0.0,1037.0,13076.0,13.828848698720778,8.761080189651619,1.1164274322169043,1.8823529411764683,7.851786501985002,7.153164296021439,259.0,0.9111969111969112,0.0501930501930501,0.0386100386100386
SRR7770870,MethylHiC,41872959.0,4220763251.0,18959652.0,23322190.0,25391496.0,2051099908.0,0.6063936393890864,1971250.0,1364754.0,1278446.0,808967.0,41872959.0,4224869598.0,18600690.0,99354423.0,25279940.0,2016772042.0,0.6037294856568413,2663432.0,1854676.0,974475.0,738126.0,504676.0,47345.0,43771.0,687400.0,28229880.0,0.0243500857956179,467022.0,1449638.0,0.3221645679817996,43742.0,1777598.0,0.0246073634196258,0.0485697780697044,0.0,0.0,2252921.0,41872959.0,7.763425991127108,10.535752853843798,35.1454153455929,63.41280723517626,5.3748467597182925,7.336552222829643,595792.0,0.8470674329296131,0.0794656524424631,0.0734669146279238
SRR7770853,MethylHiC,18052236.0,1818795500.0,10838674.0,7725653.0,8936452.0,683158481.0,0.4950329698769726,515069.0,374157.0,315648.0,205279.0,18052236.0,1820991081.0,10653083.0,33648903.0,8902039.0,674547995.0,0.4931266686298584,805661.0,556571.0,255903.0,197222.0,117873.0,14204.0,15838.0,345971.0,6940577.0,0.0498475847181005,226827.0,337100.0,0.6728774844259864,20581.0,430364.0,0.0478223085574072,0.0124471842008939,0.0,0.0,571551.0,18052236.0,5.763685632732096,9.050297353224355,38.71733690049295,68.23688871622183,4.186862974254211,6.252174361401922,147915.0,0.7968968664435656,0.096028124260555,0.1070750092958793
SRR7770871,MethylHiC,37497709.0,3778943078.0,17428478.0,20311224.0,22551955.0,1809568032.0,0.601422209554189,1761099.0,1216310.0,1166912.0,736073.0,37497709.0,3783436103.0,17049596.0,78590402.0,22613755.0,1795938144.0,0.6030703102421537,2387571.0,1657928.0,885781.0,668465.0,465968.0,39326.0,39219.0,700612.0,25940310.0,0.0270086209455476,359067.0,1328711.0,0.2702370944471747,46126.0,1632759.0,0.0282503419059395,0.0447757877774308,0.0,0.0,2052693.0,37497709.0,7.809074645634935,10.558047524614995,33.73955694711087,62.900328409081865,5.393368335472467,7.331502441766085,544513.0,0.8557518369625702,0.0722223344529882,0.0720258285844415
SRR7770846,MethylHiC,19980493.0,2011358120.0,15574118.0,4761794.0,7387438.0,498156576.0,0.3697325186120282,611661.0,407178.0,504058.0,320352.0,19980493.0,2014020754.0,14645811.0,40424060.0,7562541.0,513130378.0,0.3784962162845531,563739.0,464194.0,340128.0,310065.0,160212.0,17116.0,19065.0,293984.0,9463525.0,0.0310649572965676,341604.0,462395.0,0.7387709642189038,17040.0,595627.0,0.0286085083449877,0.0169037771892104,0.0,0.0,844186.0,19980493.0,8.279744615115552,7.454359586281913,17.591934094212313,39.6656963594855,5.5117619938062425,6.1380692018727565,196393.0,0.8157724562484406,0.0871517823955028,0.0970757613560564
SRR7770844,MethylHiC,9014.0,907386.0,7112.0,1933.0,3000.0,206328.0,0.3328156201464389,411.0,237.0,393.0,221.0,9014.0,908828.0,6811.0,8849.0,3217.0,225259.0,0.3568892833370313,351.0,260.0,310.0,237.0,151.0,10.0,12.0,112.0,8968.0,0.0124888492417484,268.0,450.0,0.5955555555555555,2.0,602.0,0.0033222591362126,1.6773764493857925e-05,0.0,0.0,703.0,9014.0,13.7,10.91078644700031,4.379562043795615,11.680911680911676,7.9,8.082064034815046,173.0,0.8728323699421965,0.0578034682080924,0.0693641618497109
SRR7770864,MethylHiC,31699008.0,3193020721.0,22745524.0,8218749.0,11977870.0,889123056.0,0.3778626132401367,1206239.0,802659.0,973178.0,614777.0,31699008.0,3196902192.0,21564303.0,73213526.0,12145193.0,891170415.0,0.3831411064977175,1144096.0,924590.0,646883.0,582068.0,317699.0,35729.0,30241.0,686356.0,18668772.0,0.0367649248702592,578830.0,941877.0,0.6145494581564259,38659.0,1183630.0,0.0326613891165313,0.0324628899987304,0.0,0.0,1620061.0,31699008.0,10.07056346412175,9.420154953486536,19.321295365180536,43.4590279137415,6.701183098497479,7.612806153018729,383669.0,0.8280549119162611,0.093124542248657,0.0788205458350818
SRR7770880,MethylHiC,37228303.0,3749826917.0,22065219.0,17293976.0,19612533.0,1474627434.0,0.5268178084829706,1594235.0,1048969.0,1246298.0,786828.0,37228303.0,3754955412.0,21562303.0,66561501.0,19661477.0,1468295083.0,0.5281325071411394,1872138.0,1326475.0,956564.0,710695.0,514487.0,41114.0,34787.0,500312.0,28330872.0,0.0176596046884825,279731.0,1500091.0,0.186476020454759,31917.0,1810324.0,0.0176305456923733,0.0482197627342718,0.0,0.0,2202862.0,37228303.0,8.128654264087153,9.521858403618404,21.824699620821274,48.90526232574736,5.348462638660697,6.746568429218212,590388.0,0.8714387826310833,0.0696389493011375,0.0589222680677791
SRR7770852,MethylHiC,25219784.0,2540490794.0,15456569.0,9481997.0,12302990.0,934898512.0,0.4878309029133635,813149.0,576960.0,538327.0,341420.0,25219784.0,2544175154.0,14672050.0,60741332.0,12355415.0,929101526.0,0.4899096280919773,1093187.0,814232.0,378871.0,344455.0,176956.0,20162.0,23401.0,266753.0,10189136.0,0.0261801393170137,290355.0,511630.0,0.5675097238238571,14252.0,639948.0,0.0222705594829579,0.0182933814306581,0.0,0.0,917198.0,25219784.0,6.609360813915967,8.847837162895782,33.79724995050108,65.34252602711156,4.689591717135428,6.590082162355534,220519.0,0.8024523963921476,0.0914297634217459,0.1061178401861064
SRR7770868,MethylHiC,25524422.0,2570532095.0,19290424.0,6263491.0,9355332.0,663788613.0,0.3665247346247449,868844.0,575882.0,700493.0,443562.0,25524422.0,2573832586.0,18167638.0,52871050.0,9558702.0,676319290.0,0.3744923979081681,771331.0,636797.0,472498.0,424499.0,230610.0,15853.0,34182.0,458545.0,13404272.0,0.0342088701273743,487802.0,672869.0,0.7249583499908601,25753.0,849952.0,0.0302993580813975,0.0235200742896542,0.0,0.0,1172991.0,25524422.0,9.287153037433626,8.069411516333494,19.37643581586568,38.74251132133934,6.155655405922526,6.661961006839631,280645.0,0.821714265353026,0.05648773361364,0.1217980010333339
SRR7770822,MethylHiC,6897513.0,693708425.0,6215168.0,1622243.0,1876227.0,107399447.0,0.2720150001891986,277636.0,166049.0,264449.0,157093.0,6897513.0,694914081.0,6129519.0,3565806.0,1947187.0,113291374.0,0.2823027662289292,240325.0,183311.0,230598.0,175680.0,140153.0,6869.0,5014.0,63955.0,6641007.0,0.0096303166071049,174737.0,311090.0,0.5616927577228454,2508.0,441881.0,0.0056757362276268,0.0115063831627562,0.0,0.0,495047.0,6897513.0,14.797569803653824,12.342163336135666,4.749744269475142,4.047435764069485,8.850155125152767,9.41414460963431,152036.0,0.9218408797916284,0.0451800889263069,0.0329790312820647
SRR7770859,MethylHiC,23049909.0,2322037118.0,13702546.0,10098453.0,11636024.0,888212024.0,0.5048186524293871,695004.0,499809.0,426404.0,273614.0,23049909.0,2325182921.0,13480954.0,47539165.0,11536367.0,871085304.0,0.5004951212605655,1034234.0,720823.0,360986.0,278263.0,170932.0,15670.0,23611.0,161331.0,9616361.0,0.0167767204247011,224912.0,495766.0,0.4536656406449817,8519.0,609332.0,0.0139808839844288,0.0170985054825939,0.0,0.0,787390.0,23049909.0,5.972864957995962,8.96498871785199,38.6472595841175,65.09629348870757,4.295358964539778,6.248266893728329,210213.0,0.8131371513655198,0.0745434392734987,0.1123194093609814
SRR7770855,MethylHiC,19366569.0,1950945706.0,11243743.0,8480972.0,9975213.0,767199999.0,0.5150738367751149,608691.0,442741.0,370757.0,240737.0,19366569.0,1953729129.0,11038808.0,34820472.0,9983556.0,760602125.0,0.5155046306860033,890274.0,618212.0,303327.0,232592.0,143612.0,14055.0,19396.0,642739.0,8270966.0,0.0777102698765779,290008.0,408726.0,0.7095413553334018,40744.0,518330.0,0.0786062932880597,0.0146922885146053,0.0,0.0,674084.0,19366569.0,6.1020351144381575,8.917403778773815,39.08945589798436,65.92880394125854,4.438411490561655,6.192302622432328,177063.0,0.8110785426656049,0.0793785262872536,0.1095429310471414
SRR7770865,MethylHiC,18767473.0,1890126386.0,14624743.0,4791271.0,6281375.0,441668709.0,0.3346947668447425,636573.0,421947.0,533215.0,339239.0,18767473.0,1892176716.0,14201010.0,29023447.0,6423856.0,451253639.0,0.3422866786594018,626346.0,460969.0,426281.0,325076.0,208753.0,20569.0,22209.0,300452.0,11998207.0,0.025041408270419,366752.0,594759.0,0.6166396809464001,17309.0,745853.0,0.0232069858269659,0.0213144057345257,0.0,0.0,959496.0,18767473.0,10.13429384489861,9.750311962161044,16.236629577440453,31.94161054752485,6.717430498895545,7.175892485759332,251531.0,0.8299295116705296,0.0817752086223964,0.0882952797070738
SRR7770845,MethylHiC,13984850.0,1407702343.0,11305779.0,3397447.0,4836179.0,316618835.0,0.3458155790015624,384339.0,257541.0,320024.0,205606.0,13984850.0,1409810236.0,11045660.0,18931746.0,4904291.0,320813768.0,0.3506859923417126,396145.0,289420.0,261698.0,198802.0,122797.0,14295.0,13962.0,150938.0,7160637.0,0.0210788509458027,257705.0,348000.0,0.7405316091954023,7845.0,443479.0,0.0176896763995589,0.0128976377929343,0.0,0.0,581722.0,13984850.0,7.94716241892618,8.077518238620017,16.733924998503923,33.93883552739527,5.325299166966317,5.901362704619281,151054.0,0.8129344472837529,0.0946350311809021,0.0924305215353449
SRR7770843,MethylHiC,7944.0,799120.0,6778.0,1283.0,2685.0,162190.0,0.3379909365558912,273.0,167.0,270.0,166.0,7944.0,800761.0,6470.0,6455.0,2883.0,181690.0,0.3629154078549849,199.0,153.0,192.0,148.0,105.0,7.0,5.0,63.0,5637.0,0.0111761575306013,204.0,303.0,0.6732673267326733,0.0,331.0,0.0,1.074125862637445e-05,0.0,0.0,462.0,7944.0,10.167597765363128,6.902532084634062,1.098901098901095,3.5175879396984966,6.219739292364991,5.30697190426639,117.0,0.8974358974358975,0.0598290598290598,0.0427350427350427
SRR7770872,MethylHiC,14322731.0,1441526765.0,8682414.0,4674328.0,7155486.0,544131344.0,0.4995894986787086,1018769.0,656894.0,850704.0,536395.0,14322731.0,1443143465.0,8446131.0,25377415.0,7199750.0,541913105.0,0.5026799707402171,862230.0,626864.0,674957.0,495749.0,352143.0,34193.0,22560.0,249419.0,19520524.0,0.0127772697085385,264606.0,1050208.0,0.2519558030409214,15494.0,1243627.0,0.0124587195356807,0.0337828487145951,0.0,0.0,1525661.0,14322731.0,14.237593365426193,11.975832494183829,16.496870242420016,21.71961077670691,9.180284889104668,8.706746762040348,408896.0,0.8612043160118954,0.0836227304742526,0.0551729535138519
SRR7770842,MethylHiC,18125.0,1823019.0,15885.0,2257.0,5879.0,342426.0,0.3243586206896551,559.0,337.0,547.0,326.0,18125.0,1827109.0,15255.0,11801.0,6270.0,382279.0,0.3459310344827586,392.0,320.0,352.0,300.0,200.0,3.0,8.0,218.0,11491.0,0.0189713688973979,374.0,653.0,0.5727411944869831,17.0,790.0,0.0215189873417721,2.085597739969171e-05,0.0,0.0,899.0,18125.0,9.508419799285592,6.251993620414672,2.146690518783545,10.20408163265306,5.732267392413676,5.103668261562999,211.0,0.9478672985781992,0.0142180094786729,0.0379146919431279
SRR7770866,MethylHiC,27209761.0,2740702118.0,19990839.0,6394063.0,10152636.0,738205767.0,0.3731247768034419,1011815.0,670442.0,826575.0,522553.0,27209761.0,2743866386.0,18660515.0,64836337.0,10467892.0,758479442.0,0.3847109131168039,916933.0,749631.0,536960.0,485523.0,262680.0,24953.0,30382.0,702314.0,15702108.0,0.0447273703632658,483803.0,783203.0,0.6177236297613773,43190.0,989364.0,0.0436543072115015,0.0273862891374261,0.0,0.0,1363535.0,27209761.0,9.966032466839154,8.759480896440277,18.30769458843761,41.439559924225655,6.60362491081134,7.161241250865026,318015.0,0.8259987736427526,0.0784648522868418,0.0955363740704054
SRR7770830,MethylHiC,6912394.0,695349758.0,5913271.0,1313907.0,2065523.0,129849384.0,0.2988144194326886,374525.0,223622.0,356782.0,211933.0,6912394.0,696520773.0,5865932.0,3405044.0,2108354.0,132873959.0,0.3050106808147799,329526.0,251052.0,315976.0,240657.0,198047.0,9878.0,6812.0,97194.0,9219846.0,0.0105418246682211,242719.0,437699.0,0.5545340519398034,3945.0,615361.0,0.0064108710171752,0.0159324694093088,0.0,0.0,672758.0,6912394.0,18.13221155126329,15.629538493061412,4.737467458781119,4.111966885769258,10.82641055074187,11.907488021461292,214737.0,0.9222770179335652,0.0460004563722134,0.0317225256942213
SRR7770841,MethylHiC,14701.0,1479310.0,11939.0,2768.0,5237.0,337918.0,0.3562342697775661,628.0,404.0,603.0,387.0,14701.0,1482105.0,11428.0,12887.0,5576.0,370173.0,0.3792939255832936,478.0,367.0,419.0,334.0,220.0,16.0,15.0,160.0,12556.0,0.012742911755336,366.0,665.0,0.5503759398496241,3.0,827.0,0.0036275695284159,2.3377150332654176e-05,0.0,0.0,1022.0,14701.0,11.991598243269047,8.57245337159254,3.980891719745228,12.343096234309623,7.714340271147603,6.581779053084648,251.0,0.8764940239043825,0.0637450199203187,0.0597609561752988
SRR7770839,MethylHiC,103179309.0,10376258898.0,91728518.0,13315079.0,31089374.0,1809558245.0,0.3013140357433485,5534758.0,3303805.0,4284220.0,2553359.0,103179309.0,10396324963.0,91356042.0,29250808.0,31607712.0,1847493590.0,0.3063376979971827,5061228.0,3920262.0,3926265.0,3051602.0,2504475.0,133158.0,81829.0,4129381.0,112753325.0,0.0366231417122288,3168523.0,5284510.0,0.5995869058815292,249957.0,7691821.0,0.032496466051407,0.1650435338235694,0.0,0.0,8210485.0,103179309.0,17.802732213263607,16.01263640974709,22.59426699414861,22.424656624834927,10.626798082200049,12.402865477893496,2719462.0,0.920945025155711,0.0489648320145675,0.0300901428297214
SRR7770863,MethylHiC,21908679.0,2206645766.0,16522311.0,6214469.0,7561067.0,548572935.0,0.3451174304028098,758387.0,507867.0,622241.0,397940.0,21908679.0,2209061417.0,16229310.0,34306611.0,7578605.0,544822552.0,0.345917935079518,792075.0,575757.0,501152.0,380488.0,245098.0,28641.0,21222.0,428915.0,14097056.0,0.0304258562922641,436430.0,704807.0,0.6192191621252343,22885.0,883745.0,0.0258954788994562,0.0248554434690934,0.0,0.0,1123393.0,21908679.0,10.030158441923604,10.451461713600327,17.952048228674812,36.72922387400183,6.716869457710136,7.59713694010969,294961.0,0.8309505324432722,0.0971009726709632,0.0719484948857645
SRR7770873,MethylHiC,18001931.0,1812205874.0,12639554.0,5712210.0,7423026.0,542174369.0,0.4123460977602903,1244626.0,807003.0,1055805.0,668521.0,18001931.0,1814166950.0,12315447.0,25743778.0,7555792.0,549346873.0,0.4197211954650865,990272.0,727213.0,803509.0,592760.0,418312.0,39413.0,27986.0,182417.0,23657073.0,0.007710886296035,340280.0,1226528.0,0.2774335359649351,9968.0,1487779.0,0.0066999198133593,0.040989578516915,0.0,0.0,1859314.0,18001931.0,16.767097407445426,13.106131031664187,15.17090274508166,18.859767821366248,10.871617585604575,9.6245767485394,485711.0,0.8612364142463317,0.0811449606864987,0.0576186250671695
SRR7770832,MethylHiC,7578703.0,762387156.0,6646758.0,2198219.0,2123519.0,127528974.0,0.2801955690835226,332681.0,198375.0,317596.0,188147.0,7578703.0,763643138.0,6554864.0,4378603.0,2198898.0,134141488.0,0.2901417300559212,284940.0,216565.0,274308.0,208253.0,167580.0,7579.0,5778.0,71809.0,8023844.0,0.0089494511608151,223180.0,372073.0,0.5998285282726776,2900.0,540606.0,0.0053643503771693,0.0138008603548589,0.0,0.0,591904.0,7578703.0,15.66649509611169,12.958309116657526,4.534373769466848,3.731311855127395,9.341804806078963,9.8487969883096,180937.0,0.9261787251916412,0.0418875078065846,0.0319337670017741
SRR7770824,MethylHiC,12455331.0,1252905059.0,11376828.0,3472693.0,3180647.0,178165553.0,0.2553643094671671,443617.0,267290.0,421761.0,252634.0,12455331.0,1254876737.0,11228611.0,6334950.0,3301232.0,188306148.0,0.265045706131776,379606.0,287290.0,363783.0,274956.0,227341.0,10508.0,7526.0,107078.0,10718282.0,0.0099902204476426,289239.0,510572.0,0.5664999255736703,4046.0,722213.0,0.0056022253822625,0.0180840105603581,0.0,0.0,785544.0,12455331.0,13.947382403643031,11.498919191380672,4.92677241855024,4.168269205439323,8.403636115545044,8.70250863919894,245375.0,0.9265043301069792,0.042824248599083,0.0306714212939378
SRR7770826,MethylHiC,4187860.0,421491412.0,3630486.0,1040775.0,1079033.0,69098140.0,0.2576573715453716,253609.0,151220.0,240609.0,142428.0,4187860.0,422099520.0,3597593.0,2153134.0,1112113.0,71346356.0,0.2655563939577732,224016.0,164799.0,214209.0,157220.0,131618.0,6716.0,4790.0,53003.0,6263317.0,0.0084624488908991,156675.0,290821.0,0.5387334477221384,2107.0,412420.0,0.0051088695989525,0.0108631197123354,0.0,0.0,454818.0,4187860.0,23.503359026090955,20.14327680730285,5.126001048858675,4.377812299121486,14.014399930307968,14.818548115164557,143124.0,0.9196081719348256,0.0469243453229367,0.0334674827422375
SRR7770862,MethylHiC,25533072.0,2572163622.0,15091098.0,10558563.0,12994893.0,995184176.0,0.5089435771770824,791215.0,563993.0,523396.0,336565.0,25533072.0,2574921307.0,14229406.0,63927449.0,13049087.0,990111810.0,0.5110660793186186,1120784.0,841445.0,380174.0,347742.0,176494.0,15845.0,25878.0,325688.0,9910541.0,0.0328627872080848,314574.0,498206.0,0.6314135116799076,18921.0,630122.0,0.0300275184805482,0.0176016407865219,0.0,0.0,903570.0,25533072.0,6.088661137879319,8.588984041565514,33.84908021207889,66.07963711116504,4.34011268888478,6.448305540456585,218217.0,0.8088004142665328,0.072611208109359,0.1185883776241081
SRR7770848,MethylHiC,25293141.0,2547246717.0,19243870.0,5712056.0,8989183.0,637840489.0,0.3554000272247721,792351.0,526247.0,644931.0,406565.0,25293141.0,2550589520.0,18017403.0,57910041.0,9277046.0,657002291.0,0.3667810968989577,743207.0,602572.0,424137.0,382151.0,203247.0,20408.0,23782.0,395985.0,12215779.0,0.0324158614853788,374893.0,627904.0,0.5970546452960962,21856.0,776187.0,0.0281581629169259,0.02159939531456,0.0,0.0,1069068.0,25293141.0,8.814494042450798,8.011246252309194,18.605390792716868,42.93151167844221,5.854225016889744,6.495300335904338,247437.0,0.8214090859491507,0.0824775599445515,0.0961133541062977
SRR7770879,MethylHiC,40314019.0,4062807945.0,20080530.0,19754639.0,23281801.0,1848702711.0,0.5775112870785718,1834000.0,1251999.0,1277944.0,805408.0,40314019.0,4067098568.0,19577148.0,81456075.0,23388950.0,1838618010.0,0.5801691466186986,2476423.0,1725079.0,997059.0,750076.0,526721.0,43258.0,39247.0,304447.0,28908123.0,0.0105315381424107,240159.0,1564114.0,0.1535431560615147,17591.0,1855279.0,0.0094815927954771,0.0493877263971457,0.0,0.0,2275003.0,40314019.0,7.877397457353064,10.588004164359663,30.31930207197383,59.73793653184452,5.377586553548843,7.375615408130763,609226.0,0.8645740661101134,0.0710048487753313,0.0644210851145551
SRR21549383,snm3C-seq3,1355056.0,193542987.0,1401.0,337416.0,1339517.0,165917059.0,0.98853257725142,1028507.0,928540.0,807475.0,732335.0,1355056.0,201709024.0,18285.0,357769.0,1340176.0,173929867.0,0.989018904015775,940955.0,823434.0,739069.0,650012.0,658766.0,8946.0,10056.0,794616.0,33956193.0,0.0234012099059514,1013593.0,1406964.0,0.7204114675286646,15585.0,2323175.0,0.0067084916116952,0.0589350289282385,0.0,0.0,1546544.0,1355056.0,76.7819296059699,70.21130060529363,21.49056836754636,21.45543623233842,69.31901573477604,61.44222848342308,677768.0,0.9719638578392606,0.0131992068082293,0.01483693535251
SRR21549344,snm3C-seq3,1598059.0,226592023.0,2098.0,436383.0,1564215.0,193818368.0,0.97882180820608,1190049.0,1076785.0,888763.0,808168.0,1598059.0,236217710.0,21396.0,415583.0,1564990.0,203210961.0,0.9793067715272088,1107279.0,978276.0,824320.0,732703.0,742224.0,11316.0,10810.0,1398870.0,37670737.0,0.0371341288066649,1160931.0,1578706.0,0.7353687133639829,23000.0,2570290.0,0.0089484066000334,0.0649926242197851,0.0,0.0,1713083.0,1598059.0,76.07963099701767,70.75310385369875,25.31710879131868,25.55444472441002,68.83868266191028,62.510047987527074,764350.0,0.9710525282920128,0.0148047360502387,0.0141427356577484
SRR21549372,snm3C-seq3,1787229.0,254755254.0,2309.0,488273.0,1761814.0,218230524.0,0.9857796622592851,1344434.0,1214866.0,969086.0,879827.0,1787229.0,265540360.0,23999.0,473854.0,1762640.0,228824452.0,0.9862418302299256,1242736.0,1095300.0,891626.0,791159.0,811203.0,12943.0,12273.0,1387994.0,40650856.0,0.0341442748462664,1215197.0,1680990.0,0.7229055497058281,23105.0,2765296.0,0.0083553442380128,0.0699802183388783,0.0,0.0,1860712.0,1787229.0,76.30964449141622,70.50424363454817,27.91866316978,28.252983739104685,68.95540618930262,62.139744928062456,836419.0,0.9698524304206384,0.0154743017554598,0.0146732678239016
SRR21549338,snm3C-seq3,1975727.0,281920098.0,2323.0,515631.0,1949034.0,241568440.0,0.9864895301830668,1444342.0,1306706.0,1018364.0,925873.0,1975727.0,293856869.0,27279.0,495588.0,1950028.0,253296057.0,0.986992636128372,1323873.0,1162473.0,929582.0,822502.0,855653.0,12130.0,14101.0,1352104.0,42766437.0,0.0316160076650762,1425920.0,1756484.0,0.8118035803343497,22427.0,2913771.0,0.0076968986238108,0.0731666451359352,0.0,0.0,1947946.0,1975727.0,74.10553125291811,67.88994824689696,29.492876340922024,29.78314385141173,67.04377655802823,59.61314401639362,881884.0,0.9702557252427756,0.0137546434678483,0.0159896312893759
SRR21549360,snm3C-seq3,2468059.0,347769945.0,2328.0,686747.0,2398081.0,296971360.0,0.9716465449164708,1818439.0,1643194.0,1298851.0,1178263.0,2468059.0,362709742.0,32783.0,692027.0,2399526.0,311419422.0,0.9722320252473704,1663821.0,1459998.0,1181039.0,1043812.0,1088104.0,13934.0,16917.0,1024222.0,54332851.0,0.0188508790013614,1667735.0,2242362.0,0.7437403059809254,22259.0,3717731.0,0.0059872540536149,0.0919602012774694,0.0,0.0,2479890.0,2468059.0,75.82892320984988,69.33956956498909,28.573298306954488,29.01646270842837,68.52120508022873,60.84526694022069,1118955.0,0.9724287393148072,0.012452690233298,0.0151185704518948
SRR21549293,snm3C-seq3,1075639.0,153036895.0,1322.0,252135.0,1063529.0,131109465.0,0.988741575937652,773583.0,693361.0,623446.0,561368.0,1075639.0,159548393.0,14346.0,265996.0,1064381.0,137509850.0,0.9895336632457544,708966.0,617842.0,573197.0,501799.0,502878.0,6399.0,7797.0,721380.0,26167888.0,0.0275673757087312,860301.0,1082966.0,0.7943933604563763,12654.0,1793711.0,0.00705464815681,0.0454064347438672,0.0,0.0,1196643.0,1075639.0,72.73736776336142,66.60829157980083,19.40800146849142,19.150283652530582,65.19436705534123,58.04707149037797,517074.0,0.97254551572889,0.0123754046809547,0.0150790795901553
SRR21549320,snm3C-seq3,764969.0,108634911.0,778.0,194474.0,749668.0,92970496.0,0.9799978822671246,484303.0,434209.0,346010.0,313375.0,764969.0,113245693.0,10513.0,187672.0,749954.0,97467331.0,0.9803717536266175,449265.0,394780.0,320778.0,284265.0,287150.0,5151.0,6233.0,321198.0,14284910.0,0.0224851259125888,415572.0,552820.0,0.7517311240548461,5967.0,921524.0,0.0064751433494949,0.0253959239903879,0.0,0.0,666788.0,764969.0,64.60233063169296,59.90567421468517,28.55505747434973,28.599378985676605,57.92017266309887,52.64056195446653,298534.0,0.9618669900245868,0.0172543160912994,0.0208786938841137
SRR21549381,snm3C-seq3,1439593.0,204428660.0,1997.0,368338.0,1413280.0,174950813.0,0.98172191723633,1073462.0,969518.0,842727.0,764533.0,1439593.0,213127450.0,18850.0,371787.0,1414182.0,183451326.0,0.9823484832171316,980559.0,858131.0,770632.0,678028.0,687734.0,8993.0,10605.0,1275633.0,35379098.0,0.0360561199157762,1161728.0,1454126.0,0.7989183880901655,20644.0,2414105.0,0.0085514093214669,0.0616419842933277,0.0,0.0,1613359.0,1439593.0,75.95536624023548,69.33753929833642,21.49447302279913,21.40891063158872,68.6005603985056,60.68037918740304,707332.0,0.9722930674704382,0.0127139730706372,0.0149929594589245
SRR21549309,snm3C-seq3,3642232.0,521727814.0,4808.0,936025.0,3614558.0,447592031.0,0.9924019117947456,2732256.0,2447782.0,1627924.0,1460664.0,3642232.0,543675886.0,49004.0,863880.0,3616463.0,469351746.0,0.9929249427274264,2522206.0,2194187.0,1484016.0,1303087.0,1413280.0,20897.0,23394.0,2871049.0,67815365.0,0.0423362611113277,2237799.0,2786919.0,0.8029652099684275,41419.0,4660707.0,0.0088868491411281,0.1113174715467252,0.0,0.0,3111940.0,3642232.0,75.59032114023346,69.7423421724486,40.41832097724372,41.161982803942266,67.720091917186,60.672181631610776,1457571.0,0.9696131440595348,0.0143368659228264,0.0160499900176389
SRR21549307,snm3C-seq3,3869565.0,552116911.0,4951.0,1095184.0,3819997.0,473020100.0,0.9871902914151848,2891914.0,2612767.0,1728775.0,1566225.0,3869565.0,575399698.0,53027.0,959137.0,3821859.0,495999161.0,0.987671482453454,2664804.0,2339077.0,1569339.0,1391238.0,1514397.0,21656.0,24743.0,2572501.0,72104466.0,0.0356774155986399,2357950.0,2958969.0,0.7968822924471328,39820.0,4939883.0,0.0080609196614575,0.1185385872313754,0.0,0.0,3298114.0,3869565.0,75.70461442770767,69.72533523607228,40.22038691330378,41.10865189334751,68.3970955998133,61.20259800269974,1560796.0,0.970272220072322,0.0138749714889069,0.0158528084387709
SRR21549363,snm3C-seq3,1646570.0,234860124.0,1545.0,418472.0,1624490.0,201260782.0,0.9865903059086464,1242912.0,1136127.0,913110.0,837467.0,1646570.0,244783970.0,21957.0,446531.0,1625267.0,210964903.0,0.987062195958872,1128734.0,998410.0,826986.0,736487.0,758202.0,11197.0,10726.0,804296.0,38110832.0,0.0211041312349202,1226614.0,1595565.0,0.7687646695684601,15825.0,2613276.0,0.0060556175467114,0.06553420146046,0.0,0.0,1740096.0,1646570.0,76.51090496094159,69.44914281776471,26.534621920135937,26.733313606217237,69.93745729428929,61.43052187732846,780125.0,0.9718980932542862,0.0143528280724242,0.0137490786732895
SRR21549352,snm3C-seq3,1517865.0,216756741.0,1555.0,435003.0,1498274.0,185740456.0,0.987093055047715,1143539.0,1029532.0,871222.0,788446.0,1517865.0,225872291.0,21115.0,396619.0,1498798.0,194709952.0,0.9874382767900968,1063266.0,936906.0,806161.0,714961.0,725102.0,10424.0,10651.0,821654.0,36713494.0,0.022380163544227,1155697.0,1512572.0,0.7640608182618744,15870.0,2480897.0,0.0063968798382198,0.0639620496513286,0.0,0.0,1677383.0,1517865.0,76.32375653585393,70.94124758639924,23.813529752811224,24.18068479571433,68.71453419067541,62.51049174071489,746177.0,0.9717560310757368,0.0139698757801433,0.0142740931441199
SRR21549387,snm3C-seq3,1397169.0,199540037.0,1227.0,387984.0,1381082.0,171021652.0,0.988486002767024,1074329.0,982280.0,756843.0,693626.0,1397169.0,207974421.0,18224.0,396000.0,1381731.0,179303758.0,0.9889505135026616,967936.0,855414.0,677122.0,603004.0,630552.0,9112.0,8975.0,511328.0,31154869.0,0.0164124586753999,957834.0,1308712.0,0.7318905916656988,12939.0,2134935.0,0.006060606060606,0.0533887165219936,0.0,0.0,1433965.0,1397169.0,77.78893650051192,70.05241975464111,29.55202735847212,30.044755025125625,71.12394484903865,61.90886648703692,648639.0,0.9721154602174708,0.0140478756288166,0.0138366641537126
SRR21549290,snm3C-seq3,1143589.0,161698788.0,1600.0,292543.0,1117407.0,138234901.0,0.9771054111223524,847175.0,764221.0,685205.0,621685.0,1143589.0,168623676.0,15135.0,300212.0,1118263.0,144965545.0,0.9778539317884308,780690.0,687588.0,633262.0,560522.0,557540.0,8527.0,8203.0,987766.0,28865210.0,0.0342199485124133,950520.0,1193818.0,0.79620176609835,15684.0,1967772.0,0.0079704355992462,0.0505877197586795,0.0,0.0,1318467.0,1143589.0,75.81615293263779,69.8127363598724,19.11883613184997,18.884320280777256,68.39235837971303,61.48714568934142,574270.0,0.9708673620422448,0.0148484162501959,0.0142842217075591
SRR21549355,snm3C-seq3,487161.0,69937205.0,528.0,131854.0,484275.0,60024895.0,0.9940758804584112,360262.0,325210.0,275804.0,249930.0,487161.0,72861893.0,6741.0,120223.0,484411.0,62924455.0,0.9943550489468574,330556.0,290353.0,251812.0,222325.0,224338.0,3783.0,3549.0,318258.0,11429475.0,0.0278453734751596,374779.0,480199.0,0.7804660151312268,5401.0,780588.0,0.0069191430050167,0.0201358330052445,0.0,0.0,527616.0,487161.0,74.39202932218264,68.23874767501151,23.44349390166046,23.821682256561672,67.15399308244284,59.9393903111201,231670.0,0.9683515345102948,0.0163292614494755,0.0153192040402296
SRR21549306,snm3C-seq3,3903676.0,556705408.0,3508.0,1153532.0,3848510.0,476843750.0,0.9858681919298632,2969897.0,2680938.0,1770573.0,1601694.0,3903676.0,580211273.0,53460.0,1062271.0,3850456.0,499978134.0,0.9863666964164034,2751157.0,2423622.0,1610490.0,1433481.0,1551993.0,25368.0,23988.0,1377582.0,73477925.0,0.0187482430947798,2257940.0,3023290.0,0.7468486317885482,28814.0,5032203.0,0.0057259216291552,0.1201014793600484,0.0,0.0,3381063.0,3903676.0,77.17004762882257,71.4501607082382,40.38267993805847,41.461356076734255,69.66171323447257,62.94376562152638,1601349.0,0.9691784863886636,0.0158416435143119,0.0149798700970244
SRR21549326,snm3C-seq3,1821300.0,260272481.0,1919.0,486132.0,1802610.0,223123926.0,0.9897380991599408,1384534.0,1249599.0,1049162.0,950752.0,1821300.0,271281789.0,24396.0,502731.0,1803544.0,233951632.0,0.9902509196727612,1261423.0,1103617.0,955759.0,841434.0,865759.0,10229.0,12868.0,996359.0,43897728.0,0.0226972794582899,1354740.0,1836033.0,0.7378625547580027,19947.0,3005060.0,0.0066378042368538,0.0751844652520107,0.0,0.0,2004921.0,1821300.0,76.80718513710674,69.94134881100766,24.22273486963845,24.23168120448097,69.32165027376969,61.19157614119756,888856.0,0.9740149135518014,0.0115080507978795,0.014477035650319
SRR21549296,snm3C-seq3,1124180.0,158988125.0,1311.0,283752.0,1100422.0,135952828.0,0.9788663737123948,827361.0,736949.0,669585.0,599448.0,1124180.0,165761470.0,15404.0,285549.0,1101018.0,142532587.0,0.9793965379209736,761667.0,663446.0,617940.0,540711.0,540342.0,6620.0,8347.0,577572.0,28138620.0,0.0205259532983493,872391.0,1154227.0,0.7558227281115413,11899.0,1908886.0,0.0062334785838441,0.0490677857070267,0.0,0.0,1287525.0,1124180.0,75.1857923596584,69.17843305014088,19.069789366431344,18.870057387283424,66.96967163506365,60.25750714338912,555309.0,0.9730474384531856,0.0119212906687988,0.0150312708780156
SRR21549334,snm3C-seq3,464137.0,64608238.0,601.0,127177.0,445226.0,55008002.0,0.9592555646285472,326401.0,290926.0,260652.0,233172.0,464137.0,67423417.0,6042.0,122474.0,445600.0,57700557.0,0.9600613611929236,295284.0,255824.0,235630.0,205365.0,207703.0,2709.0,3146.0,332429.0,10603169.0,0.0313518533940183,336045.0,439392.0,0.7647954446143762,5279.0,719329.0,0.0073387837832201,0.0187702566220892,0.0,0.0,496282.0,464137.0,73.31130706652353,66.26660682226212,20.143627010946663,20.20224597336801,65.34344355450939,57.41113105924596,213558.0,0.9725835604379138,0.0126850785266765,0.0147313610354095
SRR21549348,snm3C-seq3,1390787.0,193099519.0,1648.0,375784.0,1328298.0,164282657.0,0.955069324058968,1005387.0,908187.0,761963.0,690384.0,1390787.0,201499536.0,18509.0,363989.0,1329408.0,172267705.0,0.9558674333309126,921730.0,808655.0,695897.0,613845.0,624956.0,7942.0,9015.0,878065.0,31970725.0,0.027464657119912,1047126.0,1331295.0,0.7865469336247789,15193.0,2188548.0,0.0069420455936995,0.055032334886918,0.0,0.0,1457860.0,1390787.0,75.68986778569267,69.33386891007125,24.21197011697983,24.50099269851258,68.37223273693101,60.82820323031003,641913.0,0.9735836476282612,0.0123723931436191,0.0140439592281196
SRR21549295,snm3C-seq3,1163666.0,166208488.0,1284.0,297167.0,1153603.0,142507970.0,0.991352329620355,867020.0,771280.0,701571.0,626868.0,1163666.0,173261216.0,15556.0,310480.0,1154445.0,149460191.0,0.992075904941796,794431.0,689907.0,644098.0,561658.0,561792.0,6980.0,9055.0,667272.0,29314696.0,0.022762371474021,908933.0,1198623.0,0.7583143323630532,13330.0,2003367.0,0.0066537983305105,0.0509121125069711,0.0,0.0,1345669.0,1163666.0,75.15757153890897,68.81497169635625,19.08248944661023,18.92335520643077,66.85835595087738,59.76092408040227,577827.0,0.9722494795154952,0.0120797401298312,0.0156707803546736
SRR21549366,snm3C-seq3,2034012.0,288385870.0,2126.0,525944.0,1992802.0,246727355.0,0.9797395492258648,1513226.0,1367470.0,1105184.0,1002914.0,2034012.0,300678641.0,27363.0,547650.0,1993950.0,258694894.0,0.9803039510091386,1385296.0,1213768.0,1007907.0,889006.0,920674.0,11333.0,13878.0,1175688.0,46321463.0,0.0253810636335039,1445474.0,1900297.0,0.7606568867919067,21222.0,3155730.0,0.0067249099257541,0.0793407123918664,0.0,0.0,2113091.0,2034012.0,75.93458858431495,69.47496175932196,26.965040251753532,27.242481029325138,68.62046505372837,60.872539431781135,945885.0,0.9733466541915772,0.011981371942678,0.0146719738657447
SRR21549335,snm3C-seq3,1573028.0,224844553.0,1592.0,459786.0,1557644.0,192736057.0,0.9902201359416362,1151413.0,1018523.0,907970.0,807430.0,1573028.0,234326082.0,21467.0,430547.0,1558545.0,202103817.0,0.9907929165914402,1053638.0,911062.0,828521.0,721076.0,731985.0,8742.0,11746.0,768408.0,37311220.0,0.0205945557395335,1173153.0,1527341.0,0.7681015568887367,16000.0,2526680.0,0.0063324204093909,0.0649515915352531,0.0,0.0,1736491.0,1573028.0,73.92016404261821,67.60395112107767,21.142978236306178,21.36568726640459,65.38868958503997,58.45593165420312,752473.0,0.9727724449913816,0.0116176925949502,0.015609862413668
SRR21549380,snm3C-seq3,1372508.0,194339972.0,1485.0,373485.0,1341594.0,166168402.0,0.9774762697193752,1026983.0,927721.0,806239.0,732047.0,1372508.0,202611883.0,18562.0,373661.0,1342407.0,174210612.0,0.9780686159934951,947686.0,835123.0,743187.0,658483.0,660852.0,9479.0,9857.0,817761.0,33933480.0,0.0240989429908161,1090797.0,1400180.0,0.7790405519290377,15379.0,2310335.0,0.0066566104049845,0.0591558195950653,0.0,0.0,1549426.0,1372508.0,76.54946280320276,70.59602639139993,21.4944161685247,21.5787718716959,69.15065213469947,62.21086451426431,680188.0,0.9715725652319652,0.0139358530288684,0.0144915817391662
SRR21549349,snm3C-seq3,1512129.0,216399783.0,1435.0,401224.0,1499350.0,185598020.0,0.9915490014410148,1134958.0,1017517.0,856655.0,771205.0,1512129.0,225520390.0,20637.0,393554.0,1500226.0,194609760.0,0.9921283170946394,1053210.0,923581.0,791480.0,697812.0,706740.0,9010.0,11025.0,583782.0,36036794.0,0.0161996097655079,1104517.0,1490496.0,0.7410398954442011,13294.0,2458622.0,0.0054070938924324,0.0618915822446081,0.0,0.0,1648135.0,1512129.0,75.69666855637442,70.20342268431557,24.52099549058203,24.85069454334843,67.86387434554973,61.56279120612494,726775.0,0.9724330088404252,0.0123972343572632,0.0151697568023115
SRR21549375,snm3C-seq3,1986656.0,284832395.0,2018.0,494152.0,1975118.0,244445132.0,0.994192250696648,1517794.0,1364798.0,1093559.0,986245.0,1986656.0,296826131.0,26578.0,505521.0,1976104.0,256305948.0,0.9946885620862392,1397765.0,1222159.0,1003747.0,882930.0,907740.0,13395.0,13609.0,1032973.0,45574796.0,0.0226654442951318,1435531.0,1875718.0,0.7653234654676236,19902.0,3116645.0,0.0063857128418539,0.077367940527844,0.0,0.0,2097306.0,1986656.0,76.84573782427177,70.73337233263027,27.950762751730476,28.189144813326998,69.09956772202978,61.84689672203487,934744.0,0.9711108068091372,0.0143301267512816,0.0145590664395813
SRR21549379,snm3C-seq3,1098988.0,155373366.0,1414.0,315755.0,1073349.0,132794554.0,0.976670354908334,827644.0,756341.0,655845.0,601401.0,1098988.0,161948067.0,15383.0,301405.0,1073803.0,139151723.0,0.977083462239806,746358.0,659395.0,591009.0,524894.0,531884.0,7032.0,7734.0,814654.0,27377137.0,0.0297567273013244,906708.0,1146484.0,0.7908597067207218,13887.0,1882895.0,0.0073753448811537,0.0477639577375484,0.0,0.0,1246854.0,1098988.0,77.10856394332133,69.50604533606257,20.757596261194426,20.814274115102936,70.46552426098128,61.40744624479537,546650.0,0.9729882008597824,0.0128638068233787,0.0141479923168389
SRR21549390,snm3C-seq3,492695.0,69832727.0,510.0,108225.0,482954.0,59759691.0,0.98022914785009,288297.0,256410.0,190678.0,171521.0,492695.0,72821990.0,6225.0,120843.0,483290.0,62667158.0,0.980911111336628,263404.0,228379.0,174968.0,153146.0,156797.0,2994.0,4611.0,169357.0,7705697.0,0.0219781546043141,232257.0,293869.0,0.7903419550888321,3144.0,494095.0,0.0063631487871765,0.0135602115604861,0.0,0.0,365646.0,492695.0,59.69450506673514,54.50226572037493,33.860567400978844,33.574281332098224,53.09201290392046,47.2550642471394,164402.0,0.9537414386686294,0.0182114572815415,0.028047104049829
SRR21549308,snm3C-seq3,4105098.0,582386433.0,4678.0,1164011.0,4026115.0,498236773.0,0.9807597772330892,3043360.0,2739455.0,1838143.0,1658510.0,4105098.0,607020378.0,56317.0,1060652.0,4027404.0,522304454.0,0.9810737770450304,2788987.0,2434895.0,1656880.0,1461146.0,1598855.0,19845.0,26068.0,2272664.0,76433539.0,0.029733858064586,2436813.0,3124920.0,0.7798001228831458,39967.0,5264071.0,0.0075924127923046,0.1246909822870357,0.0,0.0,3495023.0,4105098.0,75.59048859756862,69.2502415948338,39.60152594500816,40.59205008843713,68.04214484683125,60.45817603597752,1644768.0,0.9720854248137124,0.0120655314305725,0.015849043755715
SRR21549377,snm3C-seq3,1784278.0,255779280.0,2042.0,474369.0,1774293.0,219481406.0,0.9944038989439986,1342018.0,1200778.0,970529.0,871313.0,1784278.0,266555119.0,23944.0,466111.0,1775284.0,230161762.0,0.9949593056687356,1240927.0,1083168.0,893444.0,784170.0,804687.0,10902.0,12288.0,1203489.0,40541205.0,0.0296855754534183,1290619.0,1648290.0,0.7830048110465998,19954.0,2767026.0,0.0072113525496327,0.069309004473236,0.0,0.0,1863973.0,1784278.0,75.63677476042571,69.9001962502901,27.681372380996383,28.00188891046774,67.67642097443883,61.01378708984028,827877.0,0.9719885925083074,0.0131686228751372,0.0148427846165553
SRR21549343,snm3C-seq3,1483934.0,210959908.0,1341.0,404722.0,1458203.0,180590235.0,0.9826602800394088,1132806.0,1036537.0,859739.0,789041.0,1483934.0,219904867.0,19914.0,400409.0,1459019.0,189336068.0,0.9832101697245296,1033447.0,916702.0,781514.0,697644.0,710938.0,9290.0,9475.0,578413.0,36064749.0,0.0160381817713468,1120175.0,1521909.0,0.7360328377058024,14181.0,2478901.0,0.0057206802530637,0.061806675658291,0.0,0.0,1641253.0,1483934.0,77.68506853983979,70.83163413224914,24.10536314249748,24.377931330779425,71.08317566209918,62.83002483175339,729703.0,0.9742840580345702,0.0127312070801408,0.0129847348852889
SRR21549341,snm3C-seq3,1807716.0,259384194.0,1739.0,478770.0,1796422.0,222609662.0,0.9937523372034104,1367010.0,1226507.0,977379.0,879378.0,1807716.0,270288715.0,24778.0,466872.0,1797250.0,233400011.0,0.9942103737533992,1259514.0,1100034.0,894278.0,786042.0,814403.0,11074.0,12518.0,993118.0,40958174.0,0.0242471258606401,1307873.0,1679072.0,0.7789260972727793,17823.0,2794190.0,0.0063785927227568,0.0700734270359777,0.0,0.0,1871657.0,1807716.0,76.09626245948891,70.08006676867437,28.502425000548648,28.998169135079088,68.27499329222199,61.20650994575045,837995.0,0.9718470873931228,0.0132148759837469,0.0149380366231302
SRR21549324,snm3C-seq3,1380760.0,197261686.0,1445.0,374690.0,1365607.0,169093875.0,0.9890256090848518,1061146.0,970418.0,810065.0,743198.0,1380760.0,205585816.0,18573.0,387898.0,1366185.0,177256711.0,0.9894442191256988,954776.0,841773.0,728646.0,646551.0,664677.0,8826.0,9133.0,847826.0,33726260.0,0.0251384529443822,1058038.0,1425956.0,0.7419850261859412,15512.0,2319313.0,0.0066881874072192,0.0581324280808213,0.0,0.0,1538711.0,1380760.0,77.70507913330849,69.8862891921665,23.66130579580944,23.684089252348198,71.06129362254295,61.61486182325234,682636.0,0.9736916892751042,0.0129292917455276,0.0133790189793682
SRR21549354,snm3C-seq3,1589388.0,225921006.0,1763.0,454193.0,1560265.0,193361743.0,0.9816765950164466,1177288.0,1066089.0,898943.0,818389.0,1589388.0,235496385.0,21781.0,418553.0,1560849.0,202740069.0,0.982044032042522,1083595.0,953143.0,822706.0,728616.0,747108.0,9437.0,11170.0,1112935.0,37953423.0,0.0293237055324364,1215320.0,1566585.0,0.7757766096317786,19791.0,2585056.0,0.0076559269895893,0.0659657002994824,0.0,0.0,1721649.0,1589388.0,75.45436191928935,69.42343557897016,23.64289791452898,24.07624619899501,68.3274315581007,61.065676436349705,767715.0,0.9731580078544771,0.0122923220205414,0.0145496701249812
SRR21549300,snm3C-seq3,1754358.0,244223499.0,1381.0,467948.0,1680461.0,207884708.0,0.9578780385759348,1248537.0,1128106.0,871126.0,789314.0,1754358.0,254825696.0,23530.0,482845.0,1681530.0,217971755.0,0.95848737828881,1141595.0,1000541.0,789709.0,696845.0,728901.0,9268.0,11201.0,281409.0,36105432.0,0.0077940903739913,1024976.0,1450335.0,0.7067167240671983,12075.0,2436189.0,0.004956511994759,0.0615309823770583,0.0,0.0,1660835.0,1754358.0,74.29729104097031,67.89025470850952,30.228259154514447,30.824066328251263,67.1307456703845,59.50182274476221,749370.0,0.9726850554465752,0.0123677222199981,0.0149472223334267
SRR21549347,snm3C-seq3,1689925.0,241528398.0,1732.0,431215.0,1672202.0,207087355.0,0.989512552332204,1273634.0,1149634.0,954118.0,864680.0,1689925.0,251709700.0,22787.0,418659.0,1673033.0,217127099.0,0.9900042901312188,1178268.0,1034957.0,880534.0,778020.0,789910.0,11468.0,12060.0,1084321.0,40208990.0,0.0269671284953936,1282568.0,1676279.0,0.7651280007683685,19431.0,2750150.0,0.0070654327945748,0.0688384177498917,0.0,0.0,1834652.0,1689925.0,76.16508053452873,70.4270627058761,25.08695590727006,25.26878435126814,68.7497084682353,61.86112288281224,813438.0,0.971075853353298,0.0140981857252796,0.0148259609214224
SRR21549315,snm3C-seq3,3287602.0,470768918.0,2587.0,847949.0,3263718.0,403861275.0,0.9927351303472866,2491478.0,2230893.0,1577093.0,1414899.0,3287602.0,490620113.0,43996.0,890721.0,3265330.0,423429303.0,0.9932254573394224,2282303.0,1984982.0,1433423.0,1257385.0,1343718.0,18273.0,22639.0,689249.0,65270410.0,0.0105598999607938,1981338.0,2686785.0,0.7374382393827568,21026.0,4478985.0,0.0046943671389834,0.1070546196212579,0.0,0.0,3010516.0,3287602.0,76.33864200277107,69.89501826767892,36.7005046803544,37.19400973490373,68.35434311420289,60.789629225836286,1384630.0,0.9704527563320164,0.0131970273647111,0.0163502163032723
SRR21549303,snm3C-seq3,2057944.0,294377094.0,2303.0,530498.0,2040106.0,252468620.0,0.9913321256555088,1542689.0,1380255.0,1068309.0,958731.0,2057944.0,306809311.0,28171.0,525048.0,2041240.0,264737775.0,0.9918831610578324,1421919.0,1237421.0,977999.0,856825.0,894141.0,11681.0,14338.0,1294194.0,44730724.0,0.0289329991618289,1454533.0,1827126.0,0.7960770083727121,22425.0,3073278.0,0.007296769117535,0.0756752488225761,0.0,0.0,2046308.0,2057944.0,75.61808062914378,69.65956967333582,30.750203054536595,31.219781154904048,67.65604336245273,60.62104407125081,920160.0,0.9717233959311424,0.0126945313858459,0.0155820726830116
SRR21549362,snm3C-seq3,2040229.0,289087205.0,2062.0,547848.0,1996470.0,247253515.0,0.9785519174563247,1506737.0,1351397.0,1074525.0,967415.0,2040229.0,301396246.0,28140.0,544020.0,1997542.0,259228759.0,0.9790773486701738,1391489.0,1217704.0,987226.0,869635.0,897925.0,12695.0,14313.0,894500.0,45024486.0,0.0198669674985295,1395875.0,1856964.0,0.7516973942413531,17888.0,3062929.0,0.0058401614924799,0.0768205750256511,0.0,0.0,2061751.0,2040229.0,75.47005464645099,69.66006221646404,28.68529809781004,29.052547307237063,67.68932165271706,60.96011998746459,924933.0,0.9708000471385496,0.0137253184825279,0.0154746343789225
SRR21549317,snm3C-seq3,3390376.0,486101996.0,2874.0,931453.0,3370217.0,417095424.0,0.9940540518219808,2559161.0,2285893.0,1620466.0,1450960.0,3390376.0,506576887.0,46105.0,942691.0,3371930.0,437334683.0,0.9945593055165562,2345932.0,2040744.0,1471886.0,1291629.0,1380213.0,18654.0,23602.0,799024.0,67076749.0,0.0119120859599203,2002002.0,2744240.0,0.7295287584176311,22956.0,4598802.0,0.0049917348039772,0.1102160822289856,0.0,0.0,3092352.0,3390376.0,75.93460599124626,69.57238139581783,36.67979466708034,37.257942685465736,67.82628536975513,60.521541075882354,1422469.0,0.970293904471732,0.0131138182976219,0.0165922772306461
SRR21549346,snm3C-seq3,1876304.0,264436713.0,2067.0,502491.0,1824285.0,225847729.0,0.9722758145801532,1378192.0,1250044.0,1037590.0,945069.0,1876304.0,275766568.0,24928.0,496313.0,1825424.0,236824579.0,0.9728828590676136,1268235.0,1117453.0,950406.0,842602.0,863338.0,10589.0,12775.0,1136847.0,43883362.0,0.0259061053708692,1380938.0,1817814.0,0.7596695811562679,21877.0,3007508.0,0.0072741286141217,0.0750181571871927,0.0,0.0,1987996.0,1876304.0,75.54696771611891,69.47618745014856,24.71368285405807,25.06073401222959,68.52240740893008,61.21607911367442,886702.0,0.9736506740708828,0.011942005318585,0.014407320610532
SRR21549316,snm3C-seq3,3019301.0,423959290.0,2570.0,847076.0,2926005.0,361763696.0,0.969100132779077,2251933.0,2029278.0,1438080.0,1297452.0,3019301.0,442232776.0,40347.0,881202.0,2928378.0,379321468.0,0.9698860762805696,2038752.0,1777839.0,1289796.0,1134779.0,1218972.0,15035.0,19588.0,415705.0,59235424.0,0.0070178445924519,1780448.0,2450059.0,0.7266959693623705,18696.0,4078325.0,0.0045842349493971,0.0976712852428493,0.0,0.0,2727876.0,3019301.0,76.96271879234656,69.62052030168236,36.14019600050268,36.736003201958844,69.35319659399079,60.710707429163854,1253595.0,0.9723810321515322,0.0119935066748032,0.0156254611736645
SRR21549369,snm3C-seq3,1808008.0,259227327.0,1583.0,454540.0,1796383.0,222459414.0,0.9935702718129564,1374924.0,1239147.0,1034974.0,936505.0,1808008.0,270138069.0,24249.0,489045.0,1797173.0,233208669.0,0.9940072167822266,1264760.0,1107603.0,950691.0,837553.0,851326.0,12304.0,13215.0,752300.0,43216040.0,0.0174078883673747,1341826.0,1775587.0,0.7557083939001581,16366.0,2932063.0,0.0055817354538425,0.0742571628337464,0.0,0.0,1985665.0,1808008.0,76.53846646288682,70.37497224808074,24.725002981983003,24.83230019924729,68.98011170223721,61.63029380031861,876845.0,0.9708967947584808,0.0140321265446002,0.015071078696919
SRR21549291,snm3C-seq3,1302190.0,184562928.0,1906.0,323606.0,1278485.0,157899575.0,0.9817960512674802,970794.0,873179.0,785266.0,709305.0,1302190.0,192472422.0,17268.0,331778.0,1279669.0,165637456.0,0.9827052887827428,887985.0,777049.0,719659.0,632698.0,638342.0,6727.0,9294.0,1084206.0,32997961.0,0.0328567574220722,1040905.0,1353437.0,0.7690827131222214,17653.0,2255733.0,0.0078258375437163,0.0572726524507994,0.0,0.0,1504925.0,1302190.0,75.93315525798113,69.391772403645,19.110954538243952,18.9559508325028,68.29794639749392,60.72265562422783,654363.0,0.9755166474877094,0.0102802267243105,0.01420312578798
SRR21549301,snm3C-seq3,1867607.0,266518824.0,1874.0,461152.0,1845054.0,228436352.0,0.98792411893937,1406840.0,1266751.0,972390.0,877956.0,1867607.0,277779638.0,24812.0,472219.0,1846059.0,239497982.0,0.9884622407176672,1293557.0,1130264.0,889053.0,782084.0,815241.0,12237.0,12666.0,989485.0,40733551.0,0.0242916459701733,1284321.0,1706076.0,0.7527923726727297,17100.0,2822692.0,0.0060580467156884,0.0687166998416528,0.0,0.0,1861443.0,1867607.0,76.24925882928088,70.07127074486786,30.8812658155867,31.27067458179269,68.65658132499102,61.22577880771958,840144.0,0.9703586528023768,0.0145653602239616,0.0150759869736616
SRR21549302,snm3C-seq3,2148329.0,298850408.0,2678.0,554655.0,2058338.0,254412267.0,0.9581111645376476,1561411.0,1406193.0,1085190.0,979855.0,2148329.0,311865969.0,28565.0,554556.0,2060548.0,266823551.0,0.9591398710346508,1422518.0,1240180.0,983655.0,863440.0,903904.0,11564.0,13841.0,1369302.0,45240674.0,0.0302670557030162,1464417.0,1863303.0,0.7859253164944188,22444.0,3109474.0,0.0072179410408319,0.0764939668675926,0.0,0.0,2068845.0,2148329.0,75.85785230608384,69.03590695290768,30.499400862425077,30.851138614766217,68.31691393736111,60.18690173681952,929309.0,0.9726624836303104,0.012443654371151,0.0148938619985387
SRR21549384,snm3C-seq3,934891.0,127665127.0,1393.0,257035.0,875159.0,108115476.0,0.9361080596561524,675333.0,610624.0,538563.0,488120.0,934891.0,133329427.0,12226.0,256889.0,876141.0,113385255.0,0.9371584494876944,612051.0,535051.0,487141.0,427734.0,433038.0,5215.0,5666.0,728149.0,22482963.0,0.0323867009877657,688515.0,943480.0,0.7297610972145674,12159.0,1550217.0,0.0078434180505051,0.0391099358881871,0.0,0.0,1025704.0,934891.0,77.16689195906116,69.85759141508045,20.2522311215356,20.408430016452872,69.77292126345041,61.06905167090685,443919.0,0.9754887716002244,0.0117476386457889,0.0127635897539866
SRR21549336,snm3C-seq3,1423976.0,201345985.0,1798.0,400775.0,1391533.0,172103358.0,0.97721661039231,1025880.0,906920.0,807526.0,718002.0,1423976.0,209892643.0,20218.0,360977.0,1392072.0,180407739.0,0.9775951280077754,940288.0,813130.0,738639.0,643134.0,652627.0,7797.0,10461.0,1000931.0,33345274.0,0.0300171772467666,1075793.0,1355835.0,0.7934542182492708,16670.0,2244530.0,0.0074269446164675,0.0584793850522254,0.0,0.0,1546165.0,1423976.0,73.72300908422581,67.54593153227707,21.284555698522244,21.445450755513207,65.17416403347963,58.41149021027648,670885.0,0.9727852016366442,0.0116219620352221,0.0155928363281337
SRR21549356,snm3C-seq3,1095146.0,153814053.0,1028.0,324646.0,1060176.0,131234162.0,0.9680681845160372,789383.0,712165.0,604938.0,548295.0,1095146.0,160361159.0,15334.0,295232.0,1060412.0,137518697.0,0.9682836808973416,721431.0,633387.0,550030.0,485776.0,493294.0,7069.0,7811.0,346339.0,25209284.0,0.0137385496549604,773709.0,1059195.0,0.7304688938297481,8987.0,1713745.0,0.0052440707339773,0.0438515554410648,0.0,0.0,1154968.0,1095146.0,74.45773154646021,68.03308525365613,23.365717275391027,23.758474476422556,67.17422390244639,59.73027464796702,508174.0,0.9707186908421132,0.0139105896799127,0.015370719477974
SRR21549328,snm3C-seq3,1563522.0,224271411.0,1698.0,408384.0,1555556.0,192483572.0,0.9949050924771126,1165594.0,1041558.0,883359.0,792683.0,1563522.0,233718662.0,20907.0,428296.0,1556289.0,201817154.0,0.995373905835671,1066921.0,926818.0,809455.0,707267.0,722590.0,9173.0,11512.0,1046551.0,36911288.0,0.0283531422691074,1212099.0,1518848.0,0.7980383817208831,18208.0,2516113.0,0.0072365589303819,0.0635113302101162,0.0,0.0,1692814.0,1563522.0,74.9310214482796,68.55545467454952,24.21383431966877,24.131683601691226,66.95728086934832,59.55307786664302,743275.0,0.972170461807541,0.0123413272341999,0.015488210958259
SRR21549345,snm3C-seq3,1544544.0,218542245.0,1576.0,419351.0,1508574.0,186815262.0,0.976711573124495,1127282.0,1022867.0,842262.0,768321.0,1544544.0,227870186.0,20521.0,400713.0,1509590.0,195907419.0,0.9773693724490852,1036663.0,915499.0,772540.0,686780.0,700099.0,9641.0,10892.0,678559.0,35445530.0,0.0191437114919709,1103134.0,1472940.0,0.7489334256656754,15194.0,2417505.0,0.0062849921716811,0.0609309157552558,0.0,0.0,1614802.0,1544544.0,74.72500520358962,68.6718248001113,25.283824278219647,25.47819300968589,67.80356813785734,60.6455395173524,720632.0,0.9715069550061612,0.0133785343975843,0.0151145105962544
SRR21549318,snm3C-seq3,1896111.0,268127139.0,1814.0,532706.0,1852445.0,229187567.0,0.9769707575136688,1406994.0,1256011.0,898279.0,802391.0,1896111.0,279559972.0,25396.0,525987.0,1853369.0,240288500.0,0.977458070756406,1289782.0,1119226.0,815730.0,713726.0,764045.0,10457.0,11284.0,421699.0,37203686.0,0.011334871496335,1087986.0,1520617.0,0.7154898307726403,13368.0,2544837.0,0.0052529886982938,0.0625260946433583,0.0,0.0,1714009.0,1896111.0,75.95334814258993,69.59121470144369,36.15615986990704,36.75442826772276,67.80287673858064,60.38872992911827,785786.0,0.9723321616826972,0.0133076944613418,0.0143601438559607
SRR21549342,snm3C-seq3,1817861.0,259273195.0,1716.0,470337.0,1793252.0,222166519.0,0.9864626613365928,1333128.0,1193714.0,947837.0,852399.0,1817861.0,270242241.0,25497.0,455160.0,1794049.0,232931056.0,0.9869010886971006,1229564.0,1073614.0,869301.0,763956.0,791088.0,10731.0,13033.0,663522.0,39729482.0,0.0167009980145223,1202657.0,1621621.0,0.7416387676281943,15462.0,2690095.0,0.0057477524027961,0.0682014424013743,0.0,0.0,1817138.0,1817861.0,74.34136418082902,68.53569774292674,28.90127579647266,29.30006083457225,66.5669967188103,59.843070061074144,814852.0,0.9708364218287492,0.013169262639105,0.0159943155321457
SRR21549374,snm3C-seq3,1904813.0,270256650.0,2298.0,506699.0,1869017.0,231251863.0,0.9812076041060198,1417740.0,1280780.0,1028045.0,932409.0,1904813.0,281784959.0,25024.0,500035.0,1870129.0,242526768.0,0.9817913884460048,1297737.0,1136158.0,936946.0,825491.0,856594.0,11170.0,12990.0,1469303.0,43042985.0,0.0341357134037056,1393906.0,1761402.0,0.7913616539552016,25252.0,2951222.0,0.0085564555970374,0.0736100343171953,0.0,0.0,1964991.0,1904813.0,75.85484776221939,69.3929135369806,27.487056865151583,27.801549928837662,68.5269315367383,60.75292132253978,880754.0,0.9725689579610196,0.0126823153797768,0.0147487266592033
SRR21549376,snm3C-seq3,1561324.0,219487082.0,1652.0,413203.0,1515597.0,187377852.0,0.9707126771893598,1154259.0,1037655.0,841354.0,758020.0,1561324.0,228946239.0,20610.0,411142.0,1516795.0,196515128.0,0.9714799746881492,1052447.0,918304.0,764053.0,670784.0,691758.0,8268.0,10320.0,701101.0,34978323.0,0.0200438711712965,1085037.0,1441297.0,0.7528198560046958,14381.0,2399499.0,0.005993334441898,0.059787194900349,0.0,0.0,1605407.0,1561324.0,76.15870181849132,69.38623874683131,27.108733828369548,27.402234981904076,68.46509989132996,60.542393665590936,710346.0,0.9738324703735926,0.0116393982650708,0.0145281313613365
SRR21549389,snm3C-seq3,1978854.0,282163544.0,1963.0,553350.0,1952821.0,241713644.0,0.986844405903619,1494613.0,1352526.0,1046682.0,949881.0,1978854.0,294117993.0,26620.0,540770.0,1953883.0,253466473.0,0.9873810801605374,1369564.0,1203850.0,952731.0,843453.0,881765.0,11728.0,12755.0,947005.0,43718692.0,0.0216613296664959,1367374.0,1809211.0,0.7557847039400047,19409.0,2989471.0,0.0064924530125898,0.0743090535894198,0.0,0.0,1999413.0,1978854.0,76.53609829062674,70.09447341524545,29.96969784151483,30.435452450560906,69.26011139781885,61.613208160365794,906248.0,0.9729842162410288,0.0129412699393543,0.0140745138196167
SRR21549314,snm3C-seq3,2785771.0,393703515.0,2408.0,789049.0,2719634.0,336469178.0,0.9762589961630012,2053385.0,1854900.0,1305529.0,1182300.0,2785771.0,410517376.0,36998.0,810454.0,2720956.0,352767322.0,0.9767335506041236,1862750.0,1629056.0,1171916.0,1034939.0,1121417.0,11304.0,18649.0,659336.0,54205315.0,0.0121636780452249,1654287.0,2233110.0,0.7407996023482946,19136.0,3719159.0,0.0051452492351093,0.089997299155504,0.0,0.0,2477445.0,2785771.0,75.50225508285307,68.45939441872636,36.42064201306623,37.08678029794659,68.20403039526643,59.870721908035264,1151370.0,0.9739849049393332,0.0098178691471898,0.0161972259134769
SRR21549297,snm3C-seq3,2071902.0,294486788.0,2093.0,537983.0,2035807.0,252109641.0,0.982578809229394,1581035.0,1446481.0,1100710.0,1009668.0,2071902.0,306980630.0,27838.0,550399.0,2036905.0,264295735.0,0.9831087570744176,1432966.0,1266868.0,990762.0,882640.0,923187.0,14470.0,13073.0,1090382.0,45756233.0,0.0238302396965239,1453344.0,1916784.0,0.7582200185310395,20794.0,3148295.0,0.0066048448445904,0.0776218839779183,0.0,0.0,2091472.0,2071902.0,77.66134019580441,70.3501636060592,30.380415360823765,30.859350466096192,71.05197103654717,62.1957332325268,950730.0,0.9710296298633682,0.015219883668339,0.0137504864682927
SRR21549332,snm3C-seq3,1770172.0,247867886.0,2316.0,527859.0,1707382.0,211268266.0,0.964528870640819,1268763.0,1135980.0,1000532.0,901057.0,1770172.0,258570450.0,23520.0,483118.0,1708624.0,221591927.0,0.9652304973753962,1153639.0,1003239.0,905770.0,793272.0,812387.0,10019.0,12479.0,1438612.0,41237756.0,0.0348857973746195,1295081.0,1692693.0,0.7651009367912551,22939.0,2806031.0,0.0081748918668396,0.0719722653664221,0.0,0.0,1906302.0,1770172.0,74.31043550886679,67.51859976214779,21.141142987303382,21.48583742401219,66.5334412568482,58.71619502008634,834885.0,0.9730525761032957,0.012000455152506,0.0149469687441983
SRR21549368,snm3C-seq3,1751466.0,246221009.0,1764.0,450655.0,1698650.0,210199682.0,0.9698446901053176,1308284.0,1181012.0,960782.0,869762.0,1751466.0,256803903.0,23657.0,481969.0,1699953.0,220375522.0,0.9705886383178436,1190780.0,1042616.0,871202.0,767114.0,789671.0,10563.0,11689.0,821890.0,39907964.0,0.0205946361984289,1211951.0,1661928.0,0.7292439865024237,16204.0,2730597.0,0.0059342334295394,0.0683166297942775,0.0,0.0,1831984.0,1751466.0,77.01904453536632,70.04781896911267,26.56166398121509,26.837703018189764,69.5265063432726,61.33204859193165,811923.0,0.9725934602172868,0.0130098543827431,0.0143966853999701
SRR21549323,snm3C-seq3,1914979.0,274579885.0,2117.0,496273.0,1900186.0,235608193.0,0.9922751111108792,1449988.0,1296434.0,1070667.0,960045.0,1914979.0,286100393.0,26532.0,470528.0,1900712.0,246990722.0,0.9925497877522416,1344476.0,1171664.0,986264.0,864234.0,889542.0,10789.0,12508.0,1219126.0,45136830.0,0.0270095618145979,1473980.0,1841927.0,0.8002380116041515,21425.0,3066250.0,0.0069873624133713,0.0773088875904138,0.0,0.0,2056931.0,1914979.0,76.3076877737232,70.73538758107489,26.160285464431432,26.6432424230704,68.22668938724946,61.64342625289891,912839.0,0.9744785224995864,0.0118191707409521,0.0137023067594614
SRR21549304,snm3C-seq3,2346939.0,332890010.0,2780.0,589669.0,2301364.0,284853507.0,0.9805810888139828,1742629.0,1557648.0,1204389.0,1079960.0,2346939.0,347056530.0,32306.0,595178.0,2302565.0,298660173.0,0.9810928191998172,1607389.0,1398222.0,1104534.0,967205.0,1008273.0,14091.0,15833.0,1281591.0,50331543.0,0.0254629785540252,1548526.0,2046852.0,0.7565402872313192,23604.0,3425359.0,0.0068909565391539,0.0853185785646484,0.0,0.0,2308923.0,2346939.0,75.721572076386,69.80862646657098,30.88666606604159,31.28396424263199,67.68368671796378,60.72453980669385,1038197.0,0.9711769538921804,0.0135725685972893,0.0152504775105302
SRR21549350,snm3C-seq3,1623750.0,230478303.0,1747.0,427171.0,1592998.0,197233012.0,0.9810611239414936,1208492.0,1087982.0,908446.0,821400.0,1623750.0,240261466.0,22294.0,414071.0,1593961.0,206794984.0,0.981654195535027,1122302.0,986511.0,840527.0,742849.0,753585.0,10245.0,11163.0,842572.0,38348409.0,0.0219714982178269,1213833.0,1579887.0,0.768303682478557,16893.0,2601423.0,0.0064937536110044,0.0660873995323663,0.0,0.0,1748973.0,1623750.0,75.86274433489558,70.40962733718077,24.828132912754075,25.10687854071364,68.2977630857038,61.89053559026853,774993.0,0.9723765246911908,0.0132194742404124,0.0144040010683967
SRR21549299,snm3C-seq3,2064812.0,292412248.0,2143.0,530790.0,2019951.0,250056893.0,0.9782735667944588,1481083.0,1337262.0,1011527.0,918283.0,2064812.0,304894533.0,27540.0,531396.0,2021317.0,262211639.0,0.9789351282344348,1359437.0,1193232.0,922907.0,816635.0,853864.0,12456.0,14956.0,834850.0,42257196.0,0.0197563984131838,1307763.0,1741930.0,0.7507551968219159,17376.0,2882099.0,0.0060289393251238,0.0717525355329993,0.0,0.0,1934434.0,2064812.0,73.322719214476,67.25501244980376,31.70355746436898,32.11108716328892,66.2026950158692,59.03240313122583,881276.0,0.9688951021019522,0.0141340510804787,0.016970846817569
SRR21549357,snm3C-seq3,1746511.0,247628432.0,1642.0,509539.0,1709818.0,211787541.0,0.9789906848568374,1322202.0,1208120.0,949649.0,869988.0,1746511.0,258097142.0,24105.0,494687.0,1710495.0,221951203.0,0.979378314823096,1201947.0,1063584.0,857636.0,764623.0,794090.0,11241.0,11268.0,668926.0,39604178.0,0.0168902886963087,1226150.0,1669576.0,0.7344080173648878,15463.0,2718005.0,0.0056890991738425,0.0677802355139066,0.0,0.0,1807285.0,1746511.0,77.32998482879464,70.26895723167856,28.17670824881523,28.64610502792553,70.65781270287246,62.17989529346768,816599.0,0.9724356752824824,0.013765630376721,0.0137986943407964
SRR21549312,snm3C-seq3,3611736.0,514327508.0,3702.0,964740.0,3559672.0,440528267.0,0.985584771422939,2675855.0,2371597.0,1612267.0,1431028.0,3611736.0,536090264.0,49208.0,907063.0,3561544.0,461913000.0,0.9861030817313337,2476678.0,2143862.0,1470310.0,1283295.0,1389111.0,17831.0,23185.0,1404748.0,66963663.0,0.0209777652097675,2105679.0,2693736.0,0.7816946426821336,28188.0,4567945.0,0.0061708273632891,0.1099035450355055,0.0,0.0,3082577.0,3611736.0,75.17139219568546,69.5394469364972,39.74759469403237,40.63378444836188,66.62403165235449,60.19473576628563,1430127.0,0.9713200296197472,0.012468123460364,0.0162118469198889
SRR21549327,snm3C-seq3,875005.0,125023293.0,680.0,236016.0,866190.0,107179477.0,0.9899257718527322,692558.0,624854.0,537545.0,484802.0,875005.0,130306286.0,11667.0,247101.0,866654.0,112374116.0,0.9904560545368312,633693.0,553813.0,490492.0,430395.0,440170.0,5119.0,4734.0,243659.0,22379813.0,0.0108874457530096,662278.0,920765.0,0.7192693032424126,7190.0,1524270.0,0.0047170120779127,0.0386388244239841,0.0,0.0,1028037.0,875005.0,79.95451344393263,73.11949174641784,22.382674086502508,22.59785100987387,72.13821447950218,63.90243395865016,450023.0,0.9781055634934216,0.0113749741679869,0.0105194623385915
SRR21549331,snm3C-seq3,1698506.0,240502661.0,1657.0,510478.0,1660701.0,205576898.0,0.977742204031072,1237122.0,1106399.0,971887.0,874293.0,1698506.0,250762362.0,22864.0,470056.0,1661918.0,215603552.0,0.9784587160716536,1127671.0,983354.0,882901.0,775806.0,790002.0,10262.0,12462.0,572495.0,39928845.0,0.0143378802968129,1218463.0,1642511.0,0.7418294306704796,14396.0,2699753.0,0.0053323396621839,0.0696278572323769,0.0,0.0,1854788.0,1698506.0,74.49396369364504,67.8535884441952,21.43968016088955,21.70579894313146,66.62240824808319,59.16982667014858,812726.0,0.972039777243499,0.0126266416972017,0.0153335810592991
SRR21549305,snm3C-seq3,3445914.0,491682145.0,3353.0,972567.0,3401548.0,421280857.0,0.9871250414258742,2609485.0,2378985.0,1581710.0,1443613.0,3445914.0,512428519.0,46054.0,922442.0,3403226.0,441682767.0,0.9876119949598278,2373372.0,2095409.0,1415088.0,1262193.0,1371590.0,21415.0,20481.0,1632456.0,65387949.0,0.0249657012487117,2148920.0,2725444.0,0.7884660260860249,28215.0,4514394.0,0.0062500083067627,0.1074851154838586,0.0,0.0,2996798.0,3445914.0,76.71463110325064,69.73888892480252,39.38612408195487,40.37647701245317,69.93830456015908,61.57125621395699,1413486.0,0.9703598054738428,0.015150486103152,0.0144897084230052
SRR21549333,snm3C-seq3,138216.0,19567414.0,149.0,45032.0,135589.0,16728047.0,0.980993517393066,99374.0,88861.0,79292.0,71154.0,138216.0,20364654.0,2196.0,36702.0,135371.0,17489836.0,0.979416275973838,90196.0,78333.0,71943.0,62801.0,62332.0,1033.0,1102.0,95659.0,3183815.0,0.0300454015073111,106271.0,133823.0,0.7941161085911989,1616.0,214105.0,0.0075476985591181,0.0056553658604697,0.0,0.0,151235.0,138216.0,73.29060617011704,66.62874618640625,20.208505242820053,20.237039336555934,65.53702733997596,57.86542169297708,64467.0,0.9668822808568726,0.0160237020491103,0.017094017094017
SRR21549319,snm3C-seq3,136693.0,19669227.0,167.0,38516.0,136190.0,16890000.0,0.9963202212256664,106578.0,97697.0,80038.0,73508.0,136693.0,20490836.0,1790.0,34409.0,136234.0,17708079.0,0.9966421104226258,96923.0,85938.0,72234.0,64270.0,64488.0,1263.0,919.0,124926.0,3247444.0,0.0384690236382829,110461.0,139265.0,0.7931712921408824,1987.0,223057.0,0.0089080369591629,0.0057169494916021,0.0,0.0,152272.0,136693.0,78.25684705191277,71.14450137263826,24.90194974572614,25.472797994284125,71.73581026507085,63.08116916481935,66670.0,0.967271636418179,0.0189440527973601,0.0137843107844607
SRR21549358,snm3C-seq3,2177983.0,308811980.0,1953.0,615834.0,2130942.0,264117152.0,0.9784015761371876,1626093.0,1469047.0,1152435.0,1046244.0,2177983.0,321954745.0,29861.0,622951.0,2132049.0,276891626.0,0.9789098445671982,1504074.0,1327532.0,1059646.0,942627.0,971404.0,15038.0,14776.0,739303.0,48292260.0,0.0153089335640949,1484810.0,2009608.0,0.7388555379954698,18249.0,3289685.0,0.0055473396389015,0.082339365085107,0.0,0.0,2212081.0,2177983.0,76.30864659854656,70.54593961020595,29.128592276087527,29.54828020429846,68.93885427196047,62.265548305878525,1001218.0,0.9702222692760218,0.0150197059980943,0.0147580247258838
SRR21549378,snm3C-seq3,1639800.0,233619554.0,1761.0,420218.0,1617524.0,200146748.0,0.986415416514209,1201856.0,1074002.0,867583.0,778244.0,1639800.0,243527298.0,21804.0,423814.0,1618416.0,209870362.0,0.9869593852908892,1110555.0,969353.0,799071.0,701748.0,720175.0,9330.0,11217.0,635206.0,36286756.0,0.0175051746152232,1095100.0,1488780.0,0.7355687206974838,15080.0,2472364.0,0.006099425489127,0.0621237875813937,0.0,0.0,1666654.0,1639800.0,74.30220509865696,68.61987276448083,27.813065791575696,28.04759782271027,66.39790197857961,59.89516910361736,740722.0,0.9722608481994596,0.0125958186742124,0.015143333126328
SRR21549322,snm3C-seq3,2286548.0,328936632.0,2174.0,579537.0,2278283.0,282510004.0,0.9963853809323048,1739459.0,1558227.0,1273288.0,1145321.0,2286548.0,342691043.0,31488.0,570228.0,2278788.0,296136712.0,0.9966062378747352,1606268.0,1400517.0,1169531.0,1026224.0,1056599.0,13468.0,16372.0,1118273.0,53510958.0,0.0208980186824537,1674377.0,2198874.0,0.7614701888330118,21383.0,3650335.0,0.0058578185289843,0.0905867922306922,0.0,0.0,2442819.0,2286548.0,76.34955797853033,70.48782071873293,26.79976935357488,27.189547447872958,68.39479555437143,61.45885444367796,1086439.0,0.9725341229466172,0.0123964622035843,0.0150694148497982
SRR21549298,snm3C-seq3,2634981.0,373896113.0,2483.0,739994.0,2581952.0,319861909.0,0.9798749972011184,1976746.0,1787747.0,1364112.0,1239507.0,2634981.0,389767252.0,35785.0,713403.0,2583240.0,335340546.0,0.9803638052798104,1824932.0,1609371.0,1251010.0,1111869.0,1152127.0,20190.0,17946.0,1026428.0,56983281.0,0.018012792208297,1739991.0,2350710.0,0.7401980678178083,22290.0,3883341.0,0.0057399028310931,0.0963086423551719,0.0,0.0,2615122.0,2634981.0,76.56013744639715,70.64508137068178,30.992044501417997,31.448952618508528,69.24013304662519,62.30048311422864,1190263.0,0.96796002228079,0.0169626376691537,0.0150773400500561
SRR21549371,snm3C-seq3,1461675.0,208540828.0,1287.0,388142.0,1443268.0,178708817.0,0.9874069133015204,1126140.0,1029831.0,821143.0,753215.0,1461675.0,217361192.0,19367.0,398971.0,1443933.0,187353412.0,0.9878618707989122,1021891.0,905529.0,741923.0,662266.0,682415.0,9489.0,9395.0,595063.0,34169557.0,0.0174150048243235,1053996.0,1431730.0,0.7361695291710029,14003.0,2346856.0,0.0059667060953036,0.0586357102243058,0.0,0.0,1563066.0,1461675.0,78.02708852409947,70.77135850486137,27.08339993251283,27.397051153205187,71.35410748384915,62.71267434153801,701299.0,0.9730728262837962,0.0135306053480755,0.0133965683681282
SRR21549385,snm3C-seq3,1351631.0,193516452.0,1307.0,359966.0,1340417.0,165984213.0,0.9917033569073216,1018907.0,912859.0,801148.0,721061.0,1351631.0,201672145.0,17976.0,373749.0,1341129.0,174020308.0,0.9922301278973328,933680.0,814138.0,734275.0,643053.0,648140.0,9070.0,10313.0,570415.0,33523752.0,0.0170152493670756,1022819.0,1374720.0,0.7440198731378026,13630.0,2289055.0,0.0059544222397452,0.0582607285024434,0.0,0.0,1535423.0,1351631.0,76.01418066168961,69.61895537267482,21.371822943605256,21.356888869848344,68.10261284361509,60.70542058221096,667523.0,0.9709627982856022,0.0135875467961403,0.0154496549182574
SRR21549329,snm3C-seq3,445571.0,63231180.0,486.0,128199.0,436917.0,54094512.0,0.9805777305973684,331376.0,299634.0,264030.0,239574.0,445571.0,65925077.0,5799.0,128630.0,437156.0,56718426.0,0.9811141209818413,295250.0,258795.0,234688.0,207066.0,208776.0,3126.0,3139.0,228512.0,10592098.0,0.0215738185201836,339149.0,449557.0,0.7544071163389737,4770.0,725013.0,0.0065791923731022,0.0187239659096494,0.0,0.0,498718.0,445571.0,75.84415346621898,67.53881909432789,20.323137463183816,20.512108382726502,68.57915805519126,59.19969072825262,215041.0,0.9708660208983404,0.0145367627568696,0.01459721634479
SRR21549359,snm3C-seq3,2208176.0,313632925.0,2312.0,603366.0,2166230.0,268374006.0,0.9810042315467608,1658288.0,1501972.0,1181670.0,1074354.0,2208176.0,326977881.0,29827.0,609723.0,2167509.0,281395725.0,0.9815834426241388,1524082.0,1342000.0,1080317.0,958264.0,994573.0,13504.0,14799.0,1037592.0,49498896.0,0.0209619220598374,1562620.0,2041835.0,0.7653017996067263,21100.0,3368399.0,0.0062641035103026,0.0844059443561409,0.0,0.0,2261987.0,2208176.0,76.55179736223762,70.31490988042034,28.741569618787565,29.116871664385517,69.3357584374697,61.91439112824907,1022876.0,0.9723299793914414,0.013201991248206,0.0144680293603525
SRR21549364,snm3C-seq3,1883081.0,268219606.0,2175.0,511654.0,1853671.0,229715447.0,0.984381978257972,1412679.0,1276892.0,1029161.0,935262.0,1883081.0,279568705.0,25875.0,512980.0,1854548.0,240818862.0,0.9848477043738426,1307438.0,1153046.0,949844.0,843626.0,860112.0,14865.0,12886.0,1197563.0,43155590.0,0.0277498928875726,1351701.0,1798241.0,0.7516795579680365,20501.0,2930768.0,0.0069950948010896,0.0744139570868038,0.0,0.0,1979005.0,1883081.0,76.2098020630414,70.49901107978872,27.148276430809823,27.35074244438359,68.88450000026974,62.17396368279494,887863.0,0.9687440517287014,0.0167424478776568,0.0145135003936418
SRR21549388,snm3C-seq3,2212792.0,315648197.0,2808.0,616792.0,2183068.0,270428890.0,0.986567196555302,1673514.0,1510575.0,1168040.0,1058844.0,2212792.0,328996532.0,29899.0,593859.0,2184068.0,283549775.0,0.9870191143135008,1547663.0,1361531.0,1073245.0,951532.0,989458.0,15448.0,14553.0,1742388.0,49039600.0,0.0355302245532182,1625247.0,2015263.0,0.8064689323428257,27939.0,3330359.0,0.0083891856703736,0.083666721804859,0.0,0.0,2241285.0,2212792.0,76.65881227703397,70.8614841662439,30.20434845480826,30.653830969662,69.1950502687044,62.33922203887424,1019459.0,0.970571646333987,0.0151531351432475,0.0142752185227655
SRR21549373,snm3C-seq3,1802625.0,257068882.0,1502.0,499376.0,1779705.0,220236930.0,0.987285209070106,1350264.0,1220410.0,974916.0,884899.0,1802625.0,267975689.0,23999.0,490967.0,1780755.0,230964503.0,0.9878676929477844,1240803.0,1092238.0,891334.0,790199.0,813097.0,11162.0,12650.0,445715.0,40552619.0,0.0109910287175287,1186914.0,1659438.0,0.7152505848365531,14494.0,2749360.0,0.0052717723397445,0.0695145948657785,0.0,0.0,1866250.0,1802625.0,75.87010206747748,69.67847907207899,27.798119478857465,28.16474492727693,68.57372429700428,61.33566942111632,836909.0,0.9715476832009214,0.0133371728586978,0.0151151439403806
SRR21549339,snm3C-seq3,2293122.0,326042678.0,2251.0,620210.0,2252411.0,279112303.0,0.982246474457094,1711900.0,1552608.0,1222428.0,1113250.0,2293122.0,339908912.0,30998.0,615103.0,2253435.0,292662986.0,0.9826930272353586,1566268.0,1376047.0,1110149.0,982643.0,1028528.0,12415.0,15344.0,1270902.0,51339387.0,0.0247549118574399,1605802.0,2112900.0,0.7599990534336694,24029.0,3508173.0,0.0068494341641646,0.0873916623519944,0.0,0.0,2332577.0,2293122.0,76.00300300433625,69.50579892475265,28.592324318009236,29.12138918754644,68.93093667185963,61.06441943078011,1056287.0,0.9737202105109692,0.0117534344359061,0.0145263550531247
SRR21549367,snm3C-seq3,1758518.0,252011272.0,1934.0,451353.0,1745824.0,216224617.0,0.9927814216288944,1406970.0,1275939.0,1035566.0,940683.0,1758518.0,262606529.0,23796.0,463506.0,1746703.0,226683688.0,0.9932812743457844,1298714.0,1142403.0,951566.0,841567.0,863396.0,12672.0,10985.0,1077394.0,43398109.0,0.0248258282405807,1380352.0,1802548.0,0.7657782206077175,20408.0,2964981.0,0.0068830120665191,0.0741837818709682,0.0,0.0,1987132.0,1758518.0,80.5905979067764,74.35230832030403,26.397435624071587,26.730134579283813,73.0852021738732,65.40339141800294,887053.0,0.9733307930867716,0.0142855049247339,0.0123837019884944
SRR21549386,snm3C-seq3,1292859.0,183201698.0,1688.0,328546.0,1265911.0,156715794.0,0.979156273035188,948430.0,847223.0,744197.0,668296.0,1292859.0,190998809.0,17469.0,330784.0,1266684.0,164309478.0,0.9797541727288126,871226.0,758293.0,684613.0,598827.0,603469.0,8156.0,9546.0,899307.0,31293189.0,0.0287381065573086,1017215.0,1280305.0,0.794509901937429,15701.0,2128170.0,0.0073777000897484,0.0545429607563844,0.0,0.0,1428810.0,1292859.0,74.920748773018,68.78005879919537,21.533797960840552,21.419585733208145,66.92595293034029,59.864417644811176,621171.0,0.9715022111463671,0.0131300398762981,0.0153677489773347
SRR21549294,snm3C-seq3,920940.0,126363919.0,1357.0,236488.0,869574.0,107184387.0,0.9442243794384,649139.0,584165.0,529810.0,478416.0,920940.0,131985783.0,12089.0,241492.0,871016.0,112466392.0,0.9457901709123288,588822.0,513851.0,481215.0,421890.0,424765.0,4094.0,5872.0,448582.0,22134140.0,0.0202665204069369,694436.0,923368.0,0.7520685143951275,9300.0,1522318.0,0.0061091046680128,0.0384113076998685,0.0,0.0,1011025.0,920940.0,74.65023103266657,67.6017432515591,18.3826576434323,18.27496255235028,67.17829649920536,58.99443867850878,434731.0,0.9770754788593408,0.009417317835627,0.0135072033050323
SRR21549310,snm3C-seq3,3384393.0,475859980.0,3261.0,932886.0,3284611.0,406212095.0,0.9705170173794828,2498818.0,2237840.0,1519274.0,1361327.0,3384393.0,496294727.0,45403.0,897363.0,3286977.0,425956307.0,0.9712161087675102,2283335.0,1985428.0,1366892.0,1199161.0,1301770.0,15781.0,21123.0,977479.0,62616782.0,0.0156104956016423,1880827.0,2573752.0,0.7307724287343924,23624.0,4307231.0,0.0054847302129837,0.1027422974126063,0.0,0.0,2886166.0,3384393.0,76.07652778365535,69.46610822041043,39.20029389895543,40.1361604845544,68.13105113512681,60.402856484849146,1338674.0,0.9724324219339436,0.0117885310389235,0.0157790470271328
SRR21549340,snm3C-seq3,152999.0,20184818.0,205.0,38247.0,136960.0,16931744.0,0.8951692494722188,89480.0,80698.0,64744.0,58461.0,152999.0,21127636.0,1893.0,39120.0,137180.0,17769668.0,0.896607167367107,81009.0,70591.0,58552.0,51340.0,52776.0,761.0,810.0,90263.0,2674591.0,0.0337483375962904,88447.0,111545.0,0.7929266215428751,1425.0,181358.0,0.0078573870466149,0.0046899466763465,0.0,0.0,123296.0,152999.0,65.33294392523365,59.05306896048986,27.644166294143947,27.721611179004803,58.92085280373832,51.45866744423385,54347.0,0.9710931606160412,0.0140026128397151,0.0149042265442434
SRR21549353,snm3C-seq3,1512392.0,216103521.0,1584.0,420882.0,1494213.0,185212620.0,0.987979968156404,1132176.0,1025139.0,862218.0,784821.0,1512392.0,225204995.0,20913.0,392435.0,1494943.0,194181520.0,0.9884626472501838,1045332.0,921795.0,792293.0,702998.0,716347.0,10129.0,10934.0,870640.0,36321677.0,0.0239702588622215,1167916.0,1501858.0,0.7776474207281914,16227.0,2461621.0,0.0065919977120767,0.0633066937254154,0.0,0.0,1654511.0,1512392.0,75.77072345107425,69.924538928909,23.8441726374698,24.206567865520235,68.60728691291,61.66087937800973,737410.0,0.9714365142864892,0.013735913535211,0.0148275721782997
SRR21549361,snm3C-seq3,1993442.0,285473942.0,2605.0,540218.0,1976535.0,244859013.0,0.9915186897838012,1489149.0,1340263.0,1058182.0,956550.0,1993442.0,297491099.0,26952.0,527548.0,1977544.0,256728249.0,0.9920248494814496,1372741.0,1202095.0,971068.0,856327.0,885752.0,13479.0,13792.0,1736871.0,44393053.0,0.0391248378434346,1474606.0,1838243.0,0.8021823012517931,25857.0,3031556.0,0.0085292833119361,0.0758713543318493,0.0,0.0,2029250.0,1993442.0,75.34139289210664,69.41645799031527,28.940488829526124,29.26065441332341,67.80871575762635,60.78726946151388,913023.0,0.9701310919878252,0.0147630453997325,0.0151058626124424
SRR21549370,snm3C-seq3,1526967.0,214764443.0,1924.0,396681.0,1481903.0,183366729.0,0.9704879018341588,1107838.0,1003115.0,840846.0,763901.0,1526967.0,224011931.0,20451.0,412197.0,1483075.0,192275404.0,0.9712554364305188,1007448.0,882434.0,763638.0,672431.0,685412.0,9593.0,9959.0,1130958.0,34986769.0,0.0323253056033839,1146645.0,1450474.0,0.7905312332382379,19554.0,2389481.0,0.0081833670156824,0.0606166380919209,0.0,0.0,1604484.0,1526967.0,74.75779453850893,67.92967314532306,24.10027458888393,24.20075279319628,67.69100271745182,59.50029499519579,704964.0,0.9722652504241353,0.0136077870643039,0.0141269625115608
SRR21549311,snm3C-seq3,3352201.0,480554059.0,3169.0,931000.0,3330503.0,412300169.0,0.9935272377760164,2489173.0,2219129.0,1494029.0,1334366.0,3352201.0,500782465.0,45687.0,863813.0,3332257.0,432368548.0,0.9940504760901868,2305424.0,2004968.0,1360904.0,1194127.0,1289601.0,17593.0,22292.0,1297486.0,61920707.0,0.0209539920143353,1899280.0,2521550.0,0.7532192500644445,25868.0,4248374.0,0.0060889177836037,0.1017312481109558,0.0,0.0,2854933.0,3352201.0,74.73865058821445,69.18505985582745,39.97890062281729,40.96947025796557,66.63044591162355,60.16846839844586,1329486.0,0.9699996840884372,0.0132329336299893,0.0167673822815734
SRR21549313,snm3C-seq3,3307823.0,471295265.0,2557.0,943189.0,3261781.0,403630761.0,0.9860808755486614,2509430.0,2269795.0,1594256.0,1445039.0,3307823.0,491273809.0,45242.0,948677.0,3263684.0,423213198.0,0.9866561783989046,2290921.0,2011263.0,1440924.0,1276625.0,1372581.0,16767.0,22044.0,540016.0,66115326.0,0.0081677885094297,1907963.0,2731496.0,0.698504775405126,20120.0,4527766.0,0.004443692540648,0.1089746259173866,0.0,0.0,3035180.0,3307823.0,76.93434966970499,70.19432641150307,36.46939743288316,37.10285077486304,69.58759646953612,61.62554340432468,1411392.0,0.9725016154264726,0.0118797612569718,0.0156186233165555
SRR21549330,snm3C-seq3,413743.0,57563781.0,534.0,124695.0,395394.0,48964982.0,0.9556512134344268,287318.0,257194.0,225137.0,202774.0,413743.0,60056068.0,5792.0,112934.0,395660.0,51340791.0,0.9562941246135886,261938.0,229004.0,204779.0,180220.0,181269.0,3038.0,2820.0,272808.0,9162630.0,0.0297739841071832,301852.0,380612.0,0.7930701081416246,4669.0,615294.0,0.0075882423686887,0.0164115186317788,0.0,0.0,429916.0,413743.0,72.66625189051933,66.20280038416823,21.641874160338027,21.821576098160637,65.04752221834423,57.878987009048174,187127.0,0.9686950573674564,0.0162349634205646,0.015069979211979
SRR21549289,snm3C-seq3,991589.0,140364771.0,1183.0,253704.0,971331.0,120047061.0,0.9795701646549124,751705.0,686243.0,611949.0,560784.0,991589.0,146380528.0,13151.0,265052.0,972243.0,125904825.0,0.980489900553556,679022.0,600176.0,553828.0,491994.0,493498.0,6841.0,6616.0,675680.0,25567726.0,0.026427066685555,816148.0,1079716.0,0.7558913640253548,12018.0,1761711.0,0.0068217772381508,0.0445422107175069,0.0,0.0,1165777.0,991589.0,77.38917011811628,69.84077026010988,18.59186782048809,18.43739967188103,70.64975790950767,61.7310692902906,506955.0,0.9734552376443668,0.0134942943653775,0.0130504679902555
SRR21549292,snm3C-seq3,1343557.0,188539019.0,1651.0,333897.0,1302953.0,160885859.0,0.9697787291495634,980667.0,883738.0,793687.0,718745.0,1343557.0,196703404.0,17302.0,359000.0,1304153.0,168757353.0,0.9706718806868632,891931.0,779968.0,722893.0,635465.0,642618.0,7118.0,9663.0,874336.0,33329371.0,0.0262331983402867,1059053.0,1369544.0,0.7732887734895703,16636.0,2283290.0,0.0072859776900875,0.057718228113335,0.0,0.0,1516580.0,1343557.0,75.26495583493802,68.3915920908053,19.06661486518869,18.9519144418122,67.82577729204353,59.806479761193664,659399.0,0.974551068472958,0.0107946781842253,0.0146542533428167
SRR21549325,snm3C-seq3,1773333.0,253431381.0,1987.0,478925.0,1753642.0,217254924.0,0.9888960505443704,1341616.0,1211376.0,1012260.0,918838.0,1773333.0,264138266.0,24275.0,491023.0,1754409.0,227774594.0,0.9893285694226636,1232068.0,1083108.0,929527.0,822338.0,839261.0,12450.0,12158.0,1234020.0,42484379.0,0.029046440810633,1395849.0,1770639.0,0.7883306535098346,21711.0,2897759.0,0.0074923414956178,0.0731780997198882,0.0,0.0,1941787.0,1773333.0,76.50455452139035,70.22695392009503,24.549200367318225,24.55554401218114,69.07772510010595,61.73634540178488,863869.0,0.971514199490895,0.014411907360954,0.0140738931481509
SRR21549337,snm3C-seq3,2117845.0,302447510.0,2325.0,588430.0,2090130.0,259184689.0,0.9869135843274648,1597132.0,1444721.0,1137389.0,1033663.0,2117845.0,315213041.0,29222.0,561519.0,2090958.0,271728703.0,0.987304547783242,1474775.0,1299506.0,1044802.0,927527.0,957816.0,15706.0,14231.0,1335577.0,47835129.0,0.0279204222486783,1556661.0,1969242.0,0.7904874058140137,23523.0,3256141.0,0.0072241957581075,0.0820617127225102,0.0,0.0,2182191.0,2117845.0,76.41304607847358,70.53106757763666,28.78553557251373,29.15515926158228,69.12110729954595,62.148833214249166,987753.0,0.9696918156664672,0.0159007363176826,0.0144074480158501
SRR21549382,snm3C-seq3,1537591.0,216076171.0,1843.0,404405.0,1490153.0,184409258.0,0.9691478423065693,1130742.0,1021172.0,892010.0,809209.0,1537591.0,225366200.0,19912.0,418615.0,1491089.0,193353544.0,0.9697565867646208,1029284.0,900465.0,811144.0,713530.0,726816.0,8673.0,11128.0,1120425.0,37476362.0,0.0298968453768271,1227558.0,1539326.0,0.7974646046386535,19256.0,2563698.0,0.0075110250895386,0.0650508561739596,0.0,0.0,1703154.0,1537591.0,75.88093303170882,69.02901168206593,21.11286217368772,21.193373257526595,68.52799678959141,60.38975540695425,746617.0,0.9734790394539636,0.0116163976978825,0.0149045628481537
SRR21549365,snm3C-seq3,2062070.0,294118762.0,1922.0,536825.0,2034759.0,252010401.0,0.986755541761434,1554324.0,1408519.0,1132424.0,1030111.0,2062070.0,306551570.0,27916.0,554471.0,2035799.0,264197078.0,0.9872598893345036,1428925.0,1258292.0,1036800.0,919139.0,946998.0,12782.0,14449.0,807996.0,47364400.0,0.0170591414648976,1448754.0,1955547.0,0.740843354826041,18249.0,3217456.0,0.0056718724358623,0.0811497760934417,0.0,0.0,2169224.0,2062070.0,76.3886042523955,70.1898861331595,27.143632859043542,27.44195811536645,69.22289076986513,61.80826299649426,974229.0,0.9720486661760224,0.0131201185758173,0.0148312152481603
sc_23_CKDL200165520-1a-DY0088-AK1545_HF2L3CCX2_L7,methylhic_new,173461.0,26019150.0,15729.0,143876.0,163503.0,21667590.0,0.9425922829915658,71750.0,61605.0,57919.0,49657.0,173461.0,26019150.0,13869.0,1751075.0,162953.0,20657655.0,0.939421541441592,33421.0,29551.0,30821.0,27413.0,23043.0,3162.0,1894.0,56040.0,1585109.0,0.0353540355899815,44510.0,81131.0,0.5486189002970504,3022.0,114607.0,0.0263683719144554,0.0024610463323186,0.0,0.0,88740.0,173461.0,43.88298685651028,20.50959479113609,19.27665505226481,7.779539810298919,37.67820773930753,18.13467687001773,28099.0,0.8200647709882914,0.1125306950425282,0.0674045339691803
sc_68_CKDL200165520-1a-D709-AK1780_HF2L3CCX2_L7,methylhic_new,943206.0,141480900.0,90117.0,791020.0,890333.0,117843236.0,0.9439433167303856,555196.0,481310.0,367842.0,318224.0,943206.0,141480900.0,79652.0,9203577.0,886559.0,112801984.0,0.9399420699189784,269095.0,238122.0,230955.0,206104.0,172334.0,19510.0,19344.0,236404.0,10460511.0,0.0225996607622706,285492.0,529950.0,0.5387149731106708,12959.0,757406.0,0.0171097139447007,0.0152676398761668,0.0,0.0,598797.0,943206.0,62.35824124232169,30.35274584094234,33.74556012651389,14.173433174157823,54.059548506008426,26.859126126969556,211188.0,0.8160217436596776,0.0923821429247874,0.0915961134155349
sc_90_CKDL200165520-1a-D712-AK1681_HF2L3CCX2_L7,methylhic_new,6214721.0,932208150.0,673125.0,5697051.0,5887507.0,774789345.0,0.9473485615846632,4837871.0,4182835.0,3071573.0,2650002.0,6214721.0,932208150.0,706993.0,49984513.0,5796003.0,740142012.0,0.9326248113149408,2498206.0,2203469.0,2081587.0,1854358.0,1571222.0,147566.0,172855.0,646251.0,89617602.0,0.0072112061199762,2470124.0,4569520.0,0.5405653110173497,34964.0,6522312.0,0.0053606757849057,0.117012459247768,0.0,0.0,5153160.0,6214721.0,82.171808882775,43.10222061651797,36.50982012542294,16.67672721945268,71.04594525322857,38.01704381450458,1891643.0,0.8306123301278306,0.078009434126841,0.0913782357453282
sc_37_CKDL200165520-1a-D705-AK1543_HF2L3CCX2_L7,methylhic_new,11075795.0,1661369250.0,9090943.0,4919999.0,3153114.0,323497226.0,0.2846851174114364,429281.0,360584.0,376221.0,314857.0,11075795.0,1661369250.0,7434980.0,106299971.0,4537536.0,442461023.0,0.409680388631245,100180.0,90246.0,87489.0,79475.0,85350.0,6878.0,8391.0,308056.0,8080988.0,0.0381210812341263,220805.0,389100.0,0.5674762271909535,16780.0,573876.0,0.0292397660818713,0.0128923382669773,0.0,0.0,463710.0,11075795.0,13.614509339021676,2.207806174981312,12.360202291738975,12.668197244959078,11.435806000036788,1.988876782465197,100619.0,0.8482493366064063,0.0683568709687037,0.0833937924248899
sc_46_CKDL200165520-1a-D706-AK1544_HF2L3CCX2_L7,methylhic_new,45166.0,6774900.0,6342.0,35855.0,40966.0,5395790.0,0.9070096975601116,7448.0,6342.0,6643.0,5647.0,45166.0,6774900.0,5274.0,442717.0,41642.0,5194623.0,0.9219767081432936,3205.0,2833.0,3041.0,2698.0,2343.0,274.0,180.0,4458.0,175476.0,0.0254051836148533,4611.0,8737.0,0.5277555224905573,259.0,12607.0,0.0205441421432537,0.0002794231109144,0.0,0.0,9684.0,45166.0,18.180930527754725,7.696556361365929,10.808270676691734,5.117004680187209,15.481130693746032,6.803227510686326,2797.0,0.8376832320343225,0.0979621022524133,0.0643546657132642
sc_70_CKDL200165520-1a-D709-AK1544_HF2L3CCX2_L7,methylhic_new,68073.0,10210950.0,7680.0,46017.0,63191.0,8360780.0,0.9282828727983194,12969.0,11127.0,11050.0,9468.0,68073.0,10210950.0,6926.0,549053.0,63524.0,8082444.0,0.9331746801228094,6357.0,5639.0,5896.0,5257.0,4288.0,428.0,485.0,17556.0,302525.0,0.0580315676390381,8529.0,15682.0,0.5438719551077669,922.0,21877.0,0.0421447181971934,0.0004724040619181,0.0,0.0,16946.0,68073.0,20.523492269468758,10.007241357597128,14.79682319376976,7.251848356142831,17.608520200661488,8.876959889175746,5201.0,0.8244568352239954,0.0822918669486637,0.0932512978273409
sc_22_CKDL200165520-1a-DY0088-AK1544_HF2L3CCX2_L7,methylhic_new,279599.0,41939850.0,57720.0,182471.0,235860.0,31002152.0,0.8435652488027496,107234.0,92943.0,86749.0,75097.0,279599.0,41939850.0,53207.0,2007972.0,238642.0,30287823.0,0.8535152128584151,55175.0,48728.0,50689.0,44990.0,37145.0,4543.0,3587.0,79035.0,2470186.0,0.0319955663257746,69710.0,126464.0,0.5512240637651822,4335.0,180920.0,0.0239608666814061,0.0037495404631144,0.0,0.0,137438.0,279599.0,45.46510641906216,23.120406298975038,19.10308297741388,8.130493883099232,39.40600356143475,20.418870106687,45275.0,0.8204307012700166,0.1003423522915516,0.0792269464384318
sc_9_CKDL200165520-1a-D702-AK1680_HF2L3CCX2_L7,methylhic_new,3803796.0,570569400.0,1941365.0,1351043.0,2161102.0,268906240.0,0.5681435071702058,488277.0,418352.0,258826.0,220885.0,3803796.0,570569400.0,1710720.0,21569438.0,2354595.0,283587061.0,0.6190119028465249,254046.0,223525.0,194786.0,174215.0,148693.0,12220.0,18047.0,512219.0,7670191.0,0.0667804752189352,215223.0,384331.0,0.5599938594596845,27549.0,537727.0,0.0512323167704058,0.010717738124283,0.0,0.0,453612.0,3803796.0,22.59388959891759,10.789371420562771,46.99197381814011,23.326484180030395,19.358271844642225,9.493140009216022,178960.0,0.8308728207420653,0.0682834152883326,0.1008437639696021
sc_67_CKDL200165520-1a-D709-AK1682_HF2L3CCX2_L7,methylhic_new,44858.0,6728700.0,4050.0,67223.0,43212.0,5667045.0,0.963306433635026,23892.0,20350.0,22686.0,19309.0,44858.0,6728700.0,3350.0,798706.0,42554.0,5062512.0,0.9486379241160996,7108.0,6406.0,6895.0,6229.0,5900.0,623.0,674.0,7944.0,519464.0,0.0152926863074245,13903.0,26351.0,0.5276080604151645,443.0,37876.0,0.011696060830077,0.0008496544559304,0.0,0.0,29581.0,44858.0,55.29019716745348,16.703482633829957,5.047714716223006,2.99662352279122,47.09339998148662,15.053813977534428,7197.0,0.8197860219535917,0.086563846046964,0.0936501319994442
sc_26_CKDL200165520-1a-D704-AK1681_HF2L3CCX2_L7,methylhic_new,1347794.0,202169100.0,716744.0,1813712.0,714657.0,89455394.0,0.530242010277535,293876.0,245800.0,283028.0,236525.0,1347794.0,202169100.0,429120.0,31621573.0,946749.0,97921348.0,0.7024434001041702,43774.0,40992.0,42369.0,39804.0,48554.0,4604.0,5315.0,79029.0,5749528.0,0.0137453022230694,160419.0,289356.0,0.5544001161199353,4317.0,427650.0,0.0100947036127674,0.0094658868445577,0.0,0.0,325397.0,1347794.0,41.12126516636652,4.623611960509068,3.691352815473192,3.2096678393567,34.39412193541797,4.329764277543467,58473.0,0.8303661518991672,0.0787371949446753,0.0908966531561575
sc_73_CKDL200165520-1a-D710-AK1680_HF2L3CCX2_L7,methylhic_new,233862.0,35079300.0,56848.0,171767.0,192890.0,25027618.0,0.8248026613986026,70923.0,60811.0,64617.0,55388.0,233862.0,35079300.0,41796.0,2497690.0,203561.0,25028173.0,0.8704321351908391,34896.0,30648.0,33533.0,29535.0,25559.0,2530.0,1788.0,36871.0,1785358.0,0.02065188046319,50250.0,89984.0,0.5584326102418208,1958.0,129861.0,0.0150776599594951,0.0027668778450293,0.0,0.0,98150.0,233862.0,36.768624604696974,17.142772928016665,8.891332853940192,3.9058917927556114,31.526258489294417,15.05592918093348,29877.0,0.8554741105197978,0.0846805234795996,0.0598453660006024
sc_25_CKDL200165520-1a-D704-AK1680_HF2L3CCX2_L7,methylhic_new,81710.0,12256500.0,31599.0,158104.0,55821.0,7003686.0,0.6831599559417452,13224.0,10877.0,13129.0,10799.0,81710.0,12256500.0,6208.0,2847153.0,76432.0,7697042.0,0.9354057030963162,1106.0,1089.0,1101.0,1084.0,1694.0,134.0,219.0,12493.0,248956.0,0.0501815581869888,6826.0,12125.0,0.5629690721649484,630.0,17995.0,0.0350097249235898,0.0004337092240912,0.0,0.0,14230.0,81710.0,23.69000913634654,1.4470378898890517,0.7183908045977017,0.4520795660036159,19.485498289174323,1.4247958970064896,2047.0,0.827552515876893,0.0654616511968734,0.1069858329262335
sc_74_CKDL200165520-1a-D710-AK1681_HF2L3CCX2_L7,methylhic_new,5498078.0,824711700.0,2597713.0,2609844.0,3440170.0,427696389.0,0.6257041096906956,980723.0,843523.0,605108.0,517871.0,5498078.0,824711700.0,2231056.0,39156887.0,3720600.0,444721921.0,0.676709206380848,473684.0,419405.0,380214.0,340828.0,300665.0,27327.0,24368.0,826069.0,17013332.0,0.0485542161876344,486324.0,886415.0,0.5486414377013025,43841.0,1241996.0,0.0352988254390513,0.0233845423687959,0.0,0.0,985322.0,5498078.0,28.5079807102556,12.731387410632694,38.29980534768737,19.732564325584143,24.51980570727609,11.27250981024566,352360.0,0.8532892496310591,0.0775542059257577,0.0691565444431831
sc_21_CKDL200165520-1a-DY0088-AK1543_HF2L3CCX2_L7,methylhic_new,1248382.0,187257300.0,259472.0,953217.0,1054500.0,137949368.0,0.8446933710995512,381889.0,327585.0,284947.0,243839.0,1248382.0,187257300.0,177940.0,14443715.0,1110169.0,137203250.0,0.8892862921765934,161801.0,144052.0,142009.0,127555.0,113495.0,12834.0,8388.0,213377.0,7655935.0,0.0278707956637562,207145.0,391312.0,0.5293602036226848,11596.0,561388.0,0.0206559456204977,0.0114489889765281,0.0,0.0,426956.0,1248382.0,36.21517306780465,14.574447674182938,25.384863140860304,12.232310059888384,31.065433854907536,12.97568208083634,134717.0,0.8424697699622171,0.0952663732119925,0.0622638568257903
sc_41_CKDL200165520-1a-D706-AK1680_HF2L3CCX2_L7,methylhic_new,19063.0,2859450.0,6483.0,30342.0,13797.0,1753267.0,0.72375806536222,2813.0,2339.0,2807.0,2333.0,19063.0,2859450.0,1424.0,580077.0,17874.0,1882284.0,0.93762786549861,294.0,287.0,293.0,286.0,384.0,37.0,40.0,3012.0,54352.0,0.05541654400942,1522.0,2772.0,0.549062049062049,170.0,4029.0,0.0421940928270042,9.422461243363049e-05,0.0,0.0,3100.0,19063.0,20.38849025150395,1.6448472641826115,0.2132954141485954,0.3401360544217691,16.952960788577226,1.6056842340830255,461.0,0.8329718004338394,0.0802603036876355,0.0867678958785249
sc_43_CKDL200165520-1a-D706-AK1682_HF2L3CCX2_L7,methylhic_new,27388.0,4108200.0,5967.0,57336.0,23271.0,2989522.0,0.8496786913976924,9878.0,8252.0,9828.0,8207.0,27388.0,4108200.0,4429.0,638567.0,23993.0,2612965.0,0.8760406017233825,1114.0,1071.0,1103.0,1061.0,1453.0,114.0,277.0,2264.0,187541.0,0.0120720269167808,4985.0,9088.0,0.5485255281690141,139.0,13425.0,0.0103538175046554,0.0003196847620845,0.0,0.0,10931.0,27388.0,42.447681663873496,4.643020881090318,0.5061753391374824,0.987432675044886,35.460444329852606,4.463801942233151,1844.0,0.7879609544468547,0.061822125813449,0.1502169197396963
sc_49_CKDL200165520-1a-D707-AK1680_HF2L3CCX2_L7,methylhic_new,26353.0,3952950.0,5233.0,32241.0,22132.0,2893645.0,0.8398284825257086,5576.0,4692.0,5168.0,4339.0,26353.0,3952950.0,1816.0,538388.0,24775.0,2878685.0,0.940120669373506,1836.0,1632.0,1765.0,1574.0,1404.0,155.0,133.0,5392.0,124650.0,0.0432571199358203,3394.0,6291.0,0.5395008742648227,273.0,8757.0,0.0311750599520383,0.0002080190686932,0.0,0.0,6933.0,26353.0,25.194288812579067,7.4106962663975775,7.317073170731703,3.867102396514166,21.200072293511656,6.587285570131181,1692.0,0.8297872340425532,0.0916075650118203,0.0786052009456264
sc_18_CKDL200165520-1a-DY0088-AK1681_HF2L3CCX2_L7,methylhic_new,14461249.0,2169187350.0,4698640.0,9328720.0,10712456.0,1382455062.0,0.7407697633862745,6151796.0,5319051.0,2754913.0,2368217.0,14461249.0,2169187350.0,4264640.0,104370094.0,10970088.0,1367238199.0,0.7585850987006724,3044677.0,2685901.0,2186898.0,1965682.0,1697147.0,187882.0,186311.0,1050702.0,84316639.0,0.0124613838082421,2460631.0,4374789.0,0.5624570693580879,58898.0,6274110.0,0.009387466907657,0.1017683393141274,0.0,0.0,4941811.0,14461249.0,57.42656959337803,27.75435347464852,55.21774454159403,28.173070575302404,49.65295540070363,24.48386011124068,2071340.0,0.8193473789913776,0.0907055336159201,0.0899470873927023
sc_31_CKDL200165520-1a-D704-AK1545_HF2L3CCX2_L7,methylhic_new,69305.0,10395750.0,30095.0,100424.0,44376.0,5557330.0,0.6403001226462737,11111.0,9276.0,10927.0,9118.0,69305.0,10395750.0,18793.0,1584453.0,52772.0,5573600.0,0.7614457831325301,2020.0,1877.0,1993.0,1857.0,1997.0,180.0,246.0,9210.0,227127.0,0.0405500006604234,6601.0,11256.0,0.5864427860696517,451.0,16143.0,0.0279378058601251,0.000383855075171,0.0,0.0,12920.0,69305.0,25.038308995853612,3.827787463048586,1.6560165601655965,1.3366336633663378,20.90319091400757,3.5568104297733645,2423.0,0.8241848947585637,0.0742880726372265,0.1015270326042096
sc_82_CKDL200165520-1a-D711-AK1681_HF2L3CCX2_L7,methylhic_new,17489634.0,2623445100.0,8543184.0,7952243.0,10629492.0,1317450831.0,0.6077595448824143,4075779.0,3517013.0,1470618.0,1259273.0,17489634.0,2623445100.0,7397675.0,114742493.0,11499521.0,1379543133.0,0.6575049540773695,2055188.0,1819736.0,1275741.0,1158771.0,1044220.0,82055.0,119002.0,613196.0,44773579.0,0.013695487689291,1243881.0,2279780.0,0.545614489117371,33999.0,3260931.0,0.0104261635710783,0.0520360863429716,0.0,0.0,2746359.0,17489634.0,38.344061973987095,17.871944405336535,63.9181123412236,37.92582479072474,33.087310287264906,15.824450427109094,1245277.0,0.8385443559946903,0.0658929699978398,0.0955626740074698
sc_63_CKDL200165520-1a-D708-AK1545_HF2L3CCX2_L7,methylhic_new,89548.0,13432200.0,36486.0,115944.0,59827.0,7518468.0,0.6680997900567294,14086.0,11875.0,13536.0,11404.0,89548.0,13432200.0,25511.0,1577117.0,68174.0,7521443.0,0.7613123687854558,3866.0,3491.0,3730.0,3375.0,3374.0,295.0,325.0,8088.0,302414.0,0.0267447935611446,8322.0,14983.0,0.5554294867516518,430.0,21775.0,0.0197474167623421,0.0004971750034447,0.0,0.0,17266.0,89548.0,23.544553462483496,5.670783583184205,3.904586113871933,3.5178479048111777,19.848897654904977,5.120720509285065,3994.0,0.8447671507260891,0.0738607911867801,0.0813720580871307
sc_66_CKDL200165520-1a-D709-AK1681_HF2L3CCX2_L7,methylhic_new,2415648.0,362347200.0,644513.0,1459775.0,1939928.0,250682066.0,0.8030673343136087,670473.0,579657.0,324166.0,277954.0,2415648.0,362347200.0,554743.0,19532325.0,1994798.0,247825840.0,0.8257817364119275,320377.0,283922.0,223337.0,201859.0,178245.0,15184.0,21221.0,209053.0,9304251.0,0.0224685469039904,250347.0,471507.0,0.5309507600099256,11548.0,676595.0,0.0170678175274721,0.0125761716573162,0.0,0.0,547503.0,2415648.0,34.5617466215241,16.060623682197395,51.65114777179692,30.289315400294026,29.8803357650387,14.233120346019998,214650.0,0.830398322851153,0.0707384113673421,0.0988632657815047
sc_14_CKDL200165520-1a-D702-AK1544_HF2L3CCX2_L7,methylhic_new,12406.0,1860900.0,2761.0,15091.0,10488.0,1357544.0,0.8453973883604707,4538.0,3854.0,4451.0,3781.0,12406.0,1860900.0,1878.0,199122.0,11024.0,1301731.0,0.888602289214896,1768.0,1588.0,1746.0,1567.0,1434.0,130.0,94.0,2551.0,110844.0,0.0230143264407635,3131.0,5759.0,0.5436707761764196,155.0,8007.0,0.0193580616960159,0.0001776050829393,0.0,0.0,6197.0,12406.0,43.26849733028223,16.037735849056602,1.9171441163508107,1.2443438914027103,36.74675819984745,14.404934687953554,1658.0,0.864897466827503,0.0784077201447527,0.0566948130277442
sc_72_CKDL200165520-1a-D709-AK1546_HF2L3CCX2_L7,methylhic_new,95477.0,14321550.0,14440.0,87759.0,85015.0,11204302.0,0.8904238717177959,26021.0,22136.0,23264.0,19771.0,95477.0,14321550.0,6927.0,1378897.0,90183.0,11054790.0,0.944552091079527,10864.0,9667.0,10293.0,9197.0,8101.0,864.0,581.0,13808.0,608530.0,0.0226907465531691,16687.0,30858.0,0.5407673860911271,798.0,44653.0,0.0178711396770653,0.000957506505644,0.0,0.0,33557.0,95477.0,30.607539845909542,12.046616324584456,10.595288420890814,5.255891016200298,26.037758042698343,10.719315170264906,9546.0,0.8486276974649067,0.0905091137649277,0.0608631887701655
sc_10_CKDL200165520-1a-D702-AK1681_HF2L3CCX2_L7,methylhic_new,426004.0,63900600.0,136084.0,454522.0,323107.0,41164474.0,0.7584600144599581,125637.0,106994.0,114107.0,96992.0,426004.0,63900600.0,78462.0,7318332.0,364466.0,42278396.0,0.8555459573149548,44721.0,40218.0,42621.0,38445.0,34380.0,3255.0,3771.0,53699.0,2768106.0,0.0193991848578053,77540.0,140028.0,0.5537463935784271,2844.0,202129.0,0.0140702224816824,0.0043887283698421,0.0,0.0,156728.0,426004.0,38.88402293976918,12.270280355369223,9.177232821541423,4.695780505802638,33.114107710448856,11.034774162747691,41406.0,0.8303144471815679,0.0786117953919721,0.0910737574264599
sc_54_CKDL200165520-1a-D707-AK1544_HF2L3CCX2_L7,methylhic_new,45104.0,6765600.0,7684.0,36714.0,39606.0,5193949.0,0.878103937566513,7174.0,6200.0,6309.0,5448.0,45104.0,6765600.0,6273.0,433643.0,40657.0,5057527.0,0.901405640297978,3080.0,2741.0,2890.0,2574.0,2190.0,195.0,298.0,7886.0,160973.0,0.048989582103831,4343.0,7475.0,0.5810033444816054,415.0,11332.0,0.0366219555241793,0.0002595645501969,0.0,0.0,9199.0,45104.0,18.113417159016308,7.575571242344492,12.05742960691386,6.1688311688311686,15.654193809018835,6.741766485476056,2683.0,0.8162504658963846,0.0726798360044726,0.1110696980991427
sc_62_CKDL200165520-1a-D708-AK1544_HF2L3CCX2_L7,methylhic_new,11532.0,1729800.0,1566.0,12131.0,10431.0,1374153.0,0.9045265348595212,3214.0,2737.0,3082.0,2618.0,11532.0,1729800.0,873.0,198175.0,10833.0,1289631.0,0.9393860561914672,1033.0,929.0,1014.0,914.0,824.0,103.0,75.0,1312.0,73618.0,0.0178217283816457,1910.0,3579.0,0.533668622520257,67.0,5357.0,0.0125070001866716,0.0001214633575581,0.0,0.0,4096.0,11532.0,30.812002684306396,9.53567802086218,4.107031736154321,1.839303000968051,26.239095005272745,8.575648481491738,1002.0,0.8223552894211577,0.1027944111776447,0.0748502994011976
sc_69_CKDL200165520-1a-D709-AK1543_HF2L3CCX2_L7,methylhic_new,983564.0,147534600.0,131947.0,495266.0,895881.0,118563695.0,0.9108517595194618,96836.0,83471.0,66177.0,56590.0,983564.0,147534600.0,98707.0,8067330.0,912789.0,116542463.0,0.9280423032969892,39544.0,35312.0,33097.0,29839.0,26456.0,2525.0,2748.0,92125.0,1724397.0,0.0534244724387713,48189.0,85793.0,0.5616891821011039,5113.0,120409.0,0.0424636032190284,0.0026476126069112,0.0,0.0,99274.0,983564.0,10.809024859328416,4.332216974569151,31.6607460035524,16.30335828444265,9.31719726168989,3.868582991249894,31729.0,0.833811339783794,0.0795801947744965,0.0866084654417094
sc_51_CKDL200165520-1a-D707-AK1682_HF2L3CCX2_L7,methylhic_new,47870.0,7180500.0,8258.0,69860.0,42763.0,5544676.0,0.8933152287445164,14973.0,12679.0,14468.0,12235.0,47870.0,7180500.0,6696.0,794351.0,42999.0,5050985.0,0.8982452475454356,3239.0,2987.0,3146.0,2907.0,3092.0,280.0,386.0,7869.0,304525.0,0.0258402430013956,8582.0,15244.0,0.5629755969561795,455.0,22175.0,0.0205186020293122,0.0005053439172369,0.0,0.0,17614.0,47870.0,35.01391389752824,7.53273331937952,3.3727375943364724,2.8712565606668683,29.649463321095336,6.94667317844601,3758.0,0.8227780734433209,0.0745077168706759,0.1027142096860032
sc_93_CKDL200165520-1a-D712-AK1543_HF2L3CCX2_L7,methylhic_new,220071.0,33010650.0,74394.0,339575.0,158791.0,20235856.0,0.7215444106674664,92957.0,78987.0,92477.0,78563.0,220071.0,33010650.0,26896.0,5634979.0,194770.0,21444536.0,0.8850325576745687,18161.0,17767.0,18129.0,17736.0,18972.0,1930.0,2193.0,23756.0,1945298.0,0.0122120107047866,52497.0,98196.0,0.5346144445802273,1223.0,141070.0,0.0086694548805557,0.0032394912670174,0.0,0.0,110606.0,220071.0,58.54047143729808,9.32433126251476,0.5163677829534086,0.1762017510049007,49.74274360637568,9.12204138214304,23095.0,0.8214765100671141,0.0835678718337302,0.0949556180991556
sc_6_CKDL200165520-1a-D701-AK1544_HF2L3CCX2_L7,methylhic_new,65792.0,9868800.0,8080.0,64282.0,61115.0,8030515.0,0.9289123297665368,31131.0,26781.0,27116.0,23283.0,65792.0,9868800.0,7267.0,598350.0,61404.0,7728648.0,0.933304961089494,15920.0,13940.0,15075.0,13229.0,11208.0,1366.0,828.0,5269.0,771316.0,0.0068311820317483,21056.0,39832.0,0.5286202048604137,299.0,56825.0,0.0052617685877694,0.001180563369438,0.0,0.0,42191.0,65792.0,50.93839482941994,25.926649729659307,12.897112203270057,5.307788944723613,43.82066595762088,22.70210409745293,13402.0,0.836293090583495,0.1019250858080883,0.0617818236084166
sc_38_CKDL200165520-1a-D705-AK1544_HF2L3CCX2_L7,methylhic_new,197956.0,29693400.0,46142.0,224333.0,163813.0,21219916.0,0.8275222776778678,72787.0,62626.0,60339.0,51733.0,197956.0,29693400.0,34515.0,2827355.0,172100.0,20406081.0,0.869385115884338,31850.0,28256.0,29181.0,26049.0,22334.0,2205.0,2617.0,26606.0,1591161.0,0.0167211237580609,43103.0,80235.0,0.5372094472487069,1383.0,115269.0,0.011998022018062,0.0024565368648029,0.0,0.0,89520.0,197956.0,44.432981509404016,18.50668216153399,17.101955019440286,8.37990580847724,38.23017709217218,16.41836141778036,27156.0,0.8224333480630431,0.0811975254087494,0.0963691265282074
sc_32_CKDL200165520-1a-D704-AK1546_HF2L3CCX2_L7,methylhic_new,911771.0,136765650.0,810308.0,286263.0,116787.0,14472450.0,0.1280880835209718,33154.0,27650.0,32532.0,27117.0,911771.0,136765650.0,677818.0,8457028.0,238273.0,24328343.0,0.2613298734002288,5573.0,5259.0,5466.0,5163.0,5582.0,570.0,568.0,33286.0,673476.0,0.0494241814110673,17991.0,33536.0,0.5364682729007634,1809.0,49388.0,0.0366283307686077,0.0011297585516024,0.0,0.0,37998.0,911771.0,28.3884336441556,2.3389137669815714,1.8760933823972925,1.9199712901489363,23.67558033000248,2.2071321551329777,6720.0,0.830654761904762,0.0848214285714285,0.0845238095238095
sc_45_CKDL200165520-1a-D706-AK1543_HF2L3CCX2_L7,methylhic_new,673540.0,101031000.0,112826.0,391729.0,595822.0,78263158.0,0.88461264364403,129071.0,110271.0,83982.0,71559.0,673540.0,101031000.0,87928.0,5869513.0,612205.0,77152091.0,0.9089363660658608,62956.0,55440.0,52781.0,47012.0,41401.0,3360.0,3050.0,307791.0,2426409.0,0.1268504196942889,68173.0,118637.0,0.5746352318416683,15797.0,169259.0,0.0933303398932996,0.0036298510208484,0.0,0.0,136763.0,673540.0,21.66267777960532,10.283483473673034,34.93348622076221,16.162081453713707,18.507373007374685,9.055790135657174,47811.0,0.8659304344188575,0.0702767145635941,0.0637928510175482
sc_39_CKDL200165520-1a-D705-AK1545_HF2L3CCX2_L7,methylhic_new,342574.0,51386100.0,150263.0,267895.0,224027.0,27799248.0,0.6539521388079655,36340.0,30617.0,31753.0,26703.0,342574.0,51386100.0,117377.0,4427662.0,247997.0,28159715.0,0.7239224226006644,10897.0,9704.0,9995.0,8967.0,8631.0,635.0,1064.0,48341.0,734325.0,0.0658305246314642,19619.0,36006.0,0.5448814086541132,2446.0,51526.0,0.0474711795986492,0.0011852428412016,0.0,0.0,41748.0,342574.0,16.221259044668724,4.394004766186688,12.622454595487064,8.277507570891075,13.66665625125543,3.9129505598858048,10330.0,0.8355275895450145,0.0614714424007744,0.103000968054211
sc_64_CKDL200165520-1a-D708-AK1546_HF2L3CCX2_L7,methylhic_new,69546.0,10431900.0,13096.0,58340.0,59586.0,7825036.0,0.8567854369769649,12201.0,10353.0,10877.0,9207.0,69546.0,10431900.0,5420.0,1134659.0,65376.0,7859102.0,0.9400396859632474,4037.0,3600.0,3774.0,3384.0,3123.0,268.0,399.0,9136.0,258939.0,0.0352824410382368,6827.0,12654.0,0.5395131974079342,434.0,18568.0,0.0233735458853942,0.000420656317296,0.0,0.0,14651.0,69546.0,20.47628637599436,6.17504894762604,10.851569543480045,6.514738667327224,17.37488671835666,5.506607929515418,3790.0,0.8240105540897098,0.0707124010554089,0.1052770448548812
sc_94_CKDL200165520-1a-D712-AK1544_HF2L3CCX2_L7,methylhic_new,17380.0,2607000.0,5504.0,19321.0,13130.0,1671015.0,0.7554660529344074,3742.0,3164.0,3732.0,3156.0,17380.0,2607000.0,4255.0,268918.0,13979.0,1601187.0,0.8043153049482163,801.0,751.0,801.0,751.0,781.0,66.0,89.0,3091.0,80083.0,0.0385974551402919,2246.0,4060.0,0.5532019704433497,160.0,5776.0,0.0277008310249307,0.0001331726823944,0.0,0.0,4533.0,17380.0,28.499619192688503,5.73002360683883,0.2672367717797996,0.0,24.097486671744097,5.372344230631662,936.0,0.8344017094017094,0.0705128205128205,0.09508547008547
sc_34_CKDL200165520-1a-D705-AK1681_HF2L3CCX2_L7,methylhic_new,2586627.0,387994050.0,1172971.0,3856111.0,1618942.0,201198237.0,0.6258892372189728,625261.0,522250.0,593880.0,495629.0,2586627.0,387994050.0,639155.0,66538020.0,2026280.0,208840368.0,0.7833676830868928,71672.0,68022.0,68574.0,65424.0,90053.0,8345.0,10555.0,180124.0,11835438.0,0.0152190396333452,325927.0,592816.0,0.5497945399584356,9856.0,880114.0,0.0111985492788434,0.0191657121151273,0.0,0.0,662454.0,2586627.0,38.62158125491833,3.5371222141066387,5.0188641223425146,4.322469025560894,32.25872205427989,3.356989162405985,108953.0,0.8265307059007094,0.0765926592200306,0.0968766348792598
sc_4_CKDL200165520-1a-D701-AK1780_HF2L3CCX2_L7,methylhic_new,320697.0,48104550.0,35544.0,327567.0,298335.0,39348552.0,0.9302706292855872,202955.0,174270.0,167896.0,143992.0,320697.0,48104550.0,23301.0,4044695.0,304588.0,37936201.0,0.9497687848654648,95271.0,84143.0,88921.0,78874.0,66339.0,9213.0,5524.0,33216.0,4591190.0,0.0072347256375798,126791.0,234315.0,0.5411134583786783,1738.0,336454.0,0.0051656392850137,0.0070485177326242,0.0,0.0,256817.0,320697.0,68.02922888698946,31.27864525194689,17.2742726220098,6.665197174376258,58.41419880335864,27.625185496473925,81076.0,0.818232275889289,0.1136341210715871,0.0681336030391237
sc_15_CKDL200165520-1a-D702-AK1545_HF2L3CCX2_L7,methylhic_new,56038.0,8405700.0,13216.0,44028.0,46188.0,5999553.0,0.8242264177879296,10565.0,8978.0,9818.0,8335.0,56038.0,8405700.0,9983.0,627192.0,48198.0,5906539.0,0.8600949355794283,4471.0,3971.0,4334.0,3859.0,3299.0,321.0,384.0,10973.0,254817.0,0.0430622760647837,7322.0,12783.0,0.57279198936087,610.0,18272.0,0.0333844133099824,0.0004068508110506,0.0,0.0,14152.0,56038.0,22.873906642417943,9.27631851944064,7.070515854235682,3.0641914560501027,19.43794925088768,8.238931075978256,4004.0,0.823926073926074,0.0801698301698301,0.0959040959040959
sc_78_CKDL200165520-1a-D710-AK1544_HF2L3CCX2_L7,methylhic_new,326900.0,49035000.0,67966.0,195859.0,280113.0,36563457.0,0.8568767207096971,113923.0,98443.0,93618.0,80847.0,326900.0,49035000.0,62932.0,2071441.0,283251.0,35911487.0,0.8664759865402264,61449.0,54277.0,56772.0,50313.0,41542.0,4613.0,3824.0,64594.0,2680222.0,0.0241002424426036,78699.0,137903.0,0.5706837414704539,3618.0,196389.0,0.0184226204115301,0.0040173661874733,0.0,0.0,150390.0,326900.0,40.67037231403041,21.69418642829152,17.82344214952205,7.61118976712396,35.14403115885375,19.162156532545342,49979.0,0.8311890994217571,0.0922987654815022,0.0765121350967406
sc_24_CKDL200165520-1a-DY0088-AK1546_HF2L3CCX2_L7,methylhic_new,3683006.0,552450900.0,1058214.0,2022285.0,2896986.0,374035581.0,0.7865819387750115,1230685.0,1060871.0,747746.0,642894.0,3683006.0,552450900.0,978709.0,22806036.0,2942561.0,369454822.0,0.7989563416404969,636968.0,560707.0,526030.0,468280.0,400589.0,42072.0,35160.0,690005.0,22359946.0,0.0308589743463602,599326.0,1133596.0,0.528694526092188,37158.0,1628667.0,0.0228149769105655,0.0306118565044493,0.0,0.0,1273776.0,3683006.0,42.48156532340854,21.64672202207533,39.241479338742245,17.41657351703696,36.61981797633816,19.055068017281545,477821.0,0.838366250122954,0.0880497089914424,0.0735840408856036
sc_5_CKDL200165520-1a-D701-AK1543_HF2L3CCX2_L7,methylhic_new,832719.0,124907850.0,302207.0,543454.0,580757.0,75140717.0,0.6974225398964117,279072.0,239927.0,194089.0,166337.0,832719.0,124907850.0,242811.0,7755911.0,627061.0,76989151.0,0.7530283324867092,138883.0,122212.0,120448.0,106907.0,94156.0,9194.0,5697.0,56828.0,5684543.0,0.0099969337904559,161418.0,287925.0,0.5606251628028133,3105.0,417091.0,0.0074444186040935,0.0082051388909204,0.0,0.0,314537.0,832719.0,48.05314443045887,22.14824395074801,30.45199805068226,13.273762807543044,41.31280380606691,19.489650927102787,109047.0,0.8634442029583574,0.0843122690216145,0.052243528020028
sc_52_CKDL200165520-1a-D707-AK1780_HF2L3CCX2_L7,methylhic_new,283206.0,42480900.0,69335.0,199114.0,231620.0,30066550.0,0.817849904309937,43741.0,37223.0,33727.0,28641.0,283206.0,42480900.0,48730.0,3236124.0,246933.0,30123392.0,0.8719200864388467,17154.0,15194.0,14861.0,13284.0,12339.0,1223.0,801.0,36057.0,860980.0,0.0418790215800599,22307.0,41026.0,0.5437283673767854,1880.0,60359.0,0.0311469706257558,0.0013401689703704,0.0,0.0,48588.0,283206.0,18.884811328900785,6.946823632321318,22.89385244964679,13.367144689285292,16.0707192815819,6.153086059781398,14363.0,0.8590823644085498,0.0851493420594583,0.0557682935319919
sc_40_CKDL200165520-1a-D705-AK1546_HF2L3CCX2_L7,methylhic_new,407796.0,61169400.0,161691.0,579798.0,276923.0,34913343.0,0.6790723793269183,78798.0,65943.0,75032.0,62744.0,407796.0,61169400.0,66126.0,11101547.0,352521.0,37108150.0,0.8644542859665126,13918.0,12881.0,13394.0,12438.0,13998.0,1322.0,1574.0,64934.0,1581202.0,0.0410662268324983,41841.0,77447.0,0.5402533345384586,3313.0,115589.0,0.0286618968933029,0.0025993181743827,0.0,0.0,88426.0,407796.0,28.45484123745589,3.948133586367904,4.779309119520803,3.764908751257368,23.812756614654614,3.653966714039731,16894.0,0.8285781934414586,0.0782526340712679,0.0931691724872735
sc_95_CKDL200165520-1a-D712-AK1545_HF2L3CCX2_L7,methylhic_new,111220.0,16683000.0,11725.0,87993.0,104078.0,13751472.0,0.9357849307678476,45474.0,39187.0,38103.0,32802.0,111220.0,16683000.0,11075.0,988245.0,103383.0,13146287.0,0.9295360546664267,21832.0,19323.0,20399.0,18144.0,15176.0,1476.0,1799.0,27196.0,1042284.0,0.026092696424391,29513.0,53299.0,0.5537252106043266,1511.0,75391.0,0.020042180101073,0.0016105112092218,0.0,0.0,58502.0,111220.0,43.69223082687984,21.11759186713483,16.20926243567753,6.563759618908027,37.65156901554603,18.690693827805347,18451.0,0.8225028453742345,0.0799956641916427,0.0975014904341228
sc_96_CKDL200165520-1a-D712-AK1546_HF2L3CCX2_L7,methylhic_new,85005.0,12750750.0,24472.0,88216.0,66003.0,8505275.0,0.7764602082230457,16799.0,14202.0,16106.0,13609.0,85005.0,12750750.0,15263.0,1367013.0,72819.0,8532201.0,0.8566437268395977,5105.0,4617.0,4976.0,4512.0,4243.0,392.0,415.0,26701.0,373615.0,0.0714666167043614,10400.0,18725.0,0.5554072096128171,1412.0,26399.0,0.053486874502822,0.0006132666138769,0.0,0.0,21082.0,85005.0,25.45187339969395,7.010532965297518,4.125245550330381,2.52693437806073,21.517203763465297,6.340378197997776,5050.0,0.8401980198019802,0.0776237623762376,0.0821782178217821
sc_12_CKDL200165520-1a-D702-AK1780_HF2L3CCX2_L7,methylhic_new,368099.0,55214850.0,75479.0,282012.0,314715.0,41026284.0,0.8549737978098283,121584.0,104442.0,96178.0,82488.0,368099.0,55214850.0,51430.0,4128038.0,330672.0,40931056.0,0.8983235488278969,56604.0,50129.0,51752.0,46103.0,39073.0,3981.0,4286.0,44867.0,2618113.0,0.0171371518341645,73431.0,136033.0,0.5398028419574662,2427.0,191577.0,0.0126685353669803,0.0039742289805814,0.0,0.0,147930.0,368099.0,38.63304894904914,17.117869066627957,20.895841558099747,8.571832379337152,33.18621610028121,15.159735326849566,47340.0,0.825369666244191,0.0840937896070976,0.0905365441487114
sc_3_CKDL200165520-1a-D701-AK1682_HF2L3CCX2_L7,methylhic_new,84433.0,12664950.0,18087.0,89944.0,71872.0,9322995.0,0.8512311536958298,35493.0,30303.0,32767.0,27942.0,84433.0,12664950.0,15955.0,996839.0,72461.0,8796649.0,0.8582070991200124,13729.0,12253.0,13192.0,11809.0,10602.0,1070.0,988.0,32810.0,808136.0,0.0405996020471801,22850.0,40244.0,0.5677865023357519,1797.0,57810.0,0.031084587441619,0.0012916829201507,0.0,0.0,45959.0,84433.0,49.38362644701692,18.94674376561185,7.680387682078161,3.911428363318525,42.16245547640249,16.909785953823437,12660.0,0.8374407582938389,0.084518167456556,0.078041074249605
sc_75_CKDL200165520-1a-D710-AK1682_HF2L3CCX2_L7,methylhic_new,109458.0,16418700.0,21778.0,120467.0,95941.0,12428162.0,0.8765097114875112,30322.0,25598.0,29676.0,25046.0,109458.0,16418700.0,18517.0,1504468.0,96674.0,11550513.0,0.8832063439858211,6368.0,5866.0,6228.0,5749.0,6327.0,537.0,605.0,12600.0,623830.0,0.0201978103008832,17384.0,31911.0,0.5447651280122842,681.0,46272.0,0.0147173236514522,0.0010274014779003,0.0,0.0,35904.0,109458.0,31.604840474875186,6.587086496886443,2.1304663280786174,2.198492462311563,26.680981019584955,6.067815545027619,7469.0,0.8471013522559915,0.0718971749899585,0.08100147275405
sc_77_CKDL200165520-1a-D710-AK1543_HF2L3CCX2_L7,methylhic_new,638161.0,95724150.0,168568.0,550702.0,508553.0,65834493.0,0.7969039160964083,180111.0,154687.0,151405.0,129775.0,638161.0,95724150.0,78226.0,9760944.0,577299.0,69445994.0,0.9046290826296184,79006.0,69860.0,73442.0,65251.0,57997.0,6154.0,3435.0,85821.0,4067598.0,0.0210986926436683,109753.0,208913.0,0.5253526587622599,4713.0,296149.0,0.0159142863896214,0.0062626632579462,0.0,0.0,224847.0,638161.0,35.41636761556809,13.68545589027523,15.937949375662786,7.042503101030306,30.417085338204668,12.101181536777302,67586.0,0.858121504453585,0.0910543603704909,0.050824135175924
sc_65_CKDL200165520-1a-D709-AK1680_HF2L3CCX2_L7,methylhic_new,108586.0,16287900.0,12295.0,88466.0,100084.0,13240978.0,0.9217026135965962,43666.0,37718.0,35809.0,30878.0,108586.0,16287900.0,7824.0,1184743.0,103072.0,12944325.0,0.9492199731088722,20999.0,18552.0,19488.0,17306.0,14499.0,1398.0,1804.0,19271.0,983504.0,0.0195942263580015,27085.0,51050.0,0.5305582761998041,1070.0,71780.0,0.0149066592365561,0.0015210489738491,0.0,0.0,55297.0,108586.0,43.62935134487031,20.37313722446445,17.9934044794577,7.195580741940089,37.68634347148395,17.999068612232225,17701.0,0.8191062651827581,0.0789785887802949,0.101915146036947
sc_83_CKDL200165520-1a-D711-AK1682_HF2L3CCX2_L7,methylhic_new,159071.0,23860650.0,15437.0,168326.0,151105.0,19911487.0,0.9499217330625946,88761.0,76053.0,75191.0,64276.0,159071.0,23860650.0,14366.0,1859692.0,149459.0,18612393.0,0.9395741524225032,38675.0,34219.0,36143.0,32122.0,28649.0,2648.0,2177.0,103914.0,1975913.0,0.0525903721469518,55173.0,98942.0,0.5576297224636656,5443.0,140278.0,0.0388015226906571,0.0030911427215561,0.0,0.0,111334.0,159071.0,58.741272624995865,25.876661826989334,15.28824596388053,6.546864899806071,50.331226630488736,22.89524217343887,33474.0,0.8558582780665591,0.0791061719543526,0.0650355499790882
sc_55_CKDL200165520-1a-D707-AK1545_HF2L3CCX2_L7,methylhic_new,73958.0,11093700.0,9158.0,55175.0,67606.0,8927917.0,0.9141134157224372,19507.0,16950.0,15792.0,13635.0,73958.0,11093700.0,7756.0,733535.0,67983.0,8564524.0,0.9192109034857622,8668.0,7636.0,8038.0,7114.0,5963.0,499.0,947.0,14072.0,418168.0,0.033651546746762,11789.0,20408.0,0.5776656213249706,735.0,29177.0,0.0251910751619426,0.0006656185671447,0.0,0.0,23830.0,73958.0,28.853947874449016,12.750246385125694,19.04444558363664,7.268112598061838,25.07173919474603,11.2322198196608,7409.0,0.8048319611283574,0.0673505196382777,0.1278175192333648
sc_8_CKDL200165520-1a-D701-AK1546_HF2L3CCX2_L7,methylhic_new,53427.0,8014050.0,12257.0,52984.0,44242.0,5762512.0,0.828083178917027,13121.0,11106.0,12322.0,10440.0,53427.0,8014050.0,5188.0,968825.0,49794.0,5851338.0,0.9320006738166096,4779.0,4253.0,4630.0,4123.0,3648.0,411.0,381.0,7633.0,303906.0,0.0251163188617533,8279.0,15655.0,0.5288406259980837,404.0,22268.0,0.0181426261900485,0.0004865669964493,0.0,0.0,16952.0,53427.0,29.657339179964737,9.59754187251476,6.089474887584789,3.1178070726093354,25.102843451923512,8.54118970157047,4440.0,0.8216216216216217,0.0925675675675675,0.0858108108108108
sc_35_CKDL200165520-1a-D705-AK1682_HF2L3CCX2_L7,methylhic_new,252099.0,37814850.0,74779.0,544648.0,198323.0,25097042.0,0.7866869761482592,118310.0,99086.0,117458.0,98345.0,252099.0,37814850.0,54210.0,6931348.0,206995.0,21180366.0,0.821086160595639,11425.0,10942.0,11298.0,10837.0,16969.0,1653.0,2112.0,18933.0,2244646.0,0.0084347375933666,61589.0,112400.0,0.5479448398576513,1035.0,166498.0,0.006216290886377,0.003766583792198,0.0,0.0,128756.0,252099.0,59.65520892685166,5.519456991714776,0.7201419998309477,1.1115973741794294,49.96193078967139,5.286118022174448,20734.0,0.8184141989003569,0.0797241246262178,0.1018616764734253
sc_91_CKDL200165520-1a-D712-AK1682_HF2L3CCX2_L7,methylhic_new,3577864.0,536679600.0,434962.0,3178410.0,3521233.0,456353074.0,0.984171841076128,2965764.0,2573639.0,2771266.0,2403867.0,3577864.0,536679600.0,474105.0,24868763.0,3448283.0,436537440.0,0.9637825808918392,1567916.0,1393813.0,1523936.0,1355961.0,1105218.0,100548.0,132420.0,349959.0,74570987.0,0.0046929645707921,2068675.0,3838146.0,0.5389776730744479,19848.0,5444649.0,0.0036454140569943,0.1045955583443076,0.0,0.0,4295202.0,3577864.0,84.22515635858235,45.46946987819735,6.558107792798074,2.8049972064829958,73.08914235439688,40.42049332957881,1338186.0,0.8259076092561124,0.0751375369343275,0.0989548538095601
sc_53_CKDL200165520-1a-D707-AK1543_HF2L3CCX2_L7,methylhic_new,1179932.0,176989800.0,257506.0,624379.0,992392.0,129567315.0,0.8410586372774024,215341.0,182876.0,131451.0,111375.0,1179932.0,176989800.0,208518.0,9919117.0,1020986.0,128296466.0,0.8652922371797697,105927.0,93534.0,87851.0,78405.0,70566.0,4120.0,3227.0,1527882.0,3838312.0,0.3980609184454,123477.0,178203.0,0.6929007929159442,78104.0,242434.0,0.3221660328171791,0.0060156661185425,0.0,0.0,219302.0,1179932.0,21.699187417875194,10.37497086150055,38.95681732693728,17.064582212278268,18.42779869245218,9.161144227246997,77913.0,0.9057025143429208,0.0528794937943603,0.0414179918627186
sc_33_CKDL200165520-1a-D705-AK1680_HF2L3CCX2_L7,methylhic_new,297741.0,44661150.0,112729.0,422788.0,207989.0,26203229.0,0.6985567993658919,76027.0,64317.0,70776.0,59787.0,297741.0,44661150.0,57325.0,6995336.0,251531.0,27066047.0,0.8447979955733339,27342.0,24107.0,26246.0,23205.0,21945.0,1547.0,1740.0,299683.0,1736532.0,0.1725755701593751,50576.0,84684.0,0.5972320627273157,15129.0,119638.0,0.1264564770390678,0.0028334320886503,0.0,0.0,97022.0,297741.0,36.55337541889235,10.870230707149418,6.906756810080628,4.008485114475901,30.92326998062397,9.58410692916579,25232.0,0.8697289156626506,0.0613110336081166,0.0689600507292327
sc_57_CKDL200165520-1a-D708-AK1680_HF2L3CCX2_L7,methylhic_new,29572.0,4435800.0,8350.0,37205.0,22860.0,2950855.0,0.7730285405112944,7202.0,6098.0,6914.0,5850.0,29572.0,4435800.0,2087.0,759116.0,27652.0,3083305.0,0.9350737183822536,2321.0,2114.0,2274.0,2077.0,1905.0,211.0,164.0,4954.0,163782.0,0.0302475241479527,4574.0,8788.0,0.5204824761037778,294.0,11844.0,0.0248226950354609,0.0002699312608404,0.0,0.0,9188.0,29572.0,31.504811898512685,8.393606249095905,3.9988891974451546,2.0249892287806937,26.675415573053368,7.64501663532475,2280.0,0.8355263157894737,0.0925438596491228,0.0719298245614035
sc_11_CKDL200165520-1a-D702-AK1682_HF2L3CCX2_L7,methylhic_new,22651.0,3397650.0,3449.0,36827.0,20603.0,2674713.0,0.9095845658028344,8662.0,7240.0,8577.0,7172.0,22651.0,3397650.0,2183.0,465451.0,20941.0,2421605.0,0.924506644298265,1420.0,1328.0,1405.0,1316.0,1578.0,140.0,202.0,3033.0,173259.0,0.0175055841254999,4719.0,8972.0,0.5259696834596522,169.0,12862.0,0.0131394806406468,0.0002902259614879,0.0,0.0,9982.0,22651.0,42.04242100664952,6.780956019292297,0.9812976217963508,1.056338028169013,35.14051351744891,6.341626474380401,1920.0,0.821875,0.0729166666666666,0.1052083333333333
sc_61_CKDL200165520-1a-D708-AK1543_HF2L3CCX2_L7,methylhic_new,432730.0,64909500.0,86436.0,356028.0,370533.0,48409722.0,0.8562683428465787,165394.0,143010.0,135234.0,116692.0,432730.0,64909500.0,55362.0,5256226.0,391665.0,48286912.0,0.9051024888498602,76343.0,67751.0,70811.0,63133.0,53164.0,6104.0,5382.0,82206.0,3652127.0,0.0225090748487114,97542.0,188059.0,0.5186776490356749,4475.0,265946.0,0.0168267242222105,0.0055803813712131,0.0,0.0,206045.0,432730.0,44.63677998990644,19.49191273154354,18.23524432567082,7.246243925441753,38.59575260503113,17.298201268941572,64650.0,0.8223356535189482,0.0944160866202629,0.0832482598607888
sc_20_CKDL200165520-1a-DY0088-AK1780_HF2L3CCX2_L7,methylhic_new,8939293.0,1340893950.0,3631835.0,4100437.0,5985846.0,763024132.0,0.6696106727903426,2426151.0,2099146.0,1223722.0,1053922.0,8939293.0,1340893950.0,3264747.0,55326272.0,6259146.0,772400691.0,0.7001835603777614,1232169.0,1085692.0,935920.0,837913.0,722371.0,87582.0,61000.0,477990.0,37115469.0,0.0128784577664908,1076331.0,1931515.0,0.5572470314752928,26753.0,2740445.0,0.0097622831328488,0.0480271548823838,0.0,0.0,2159642.0,8939293.0,40.531463722922375,19.68589644657594,49.56117735458345,24.042886974108256,35.068493242225074,17.34568901252663,870953.0,0.829402964339063,0.1005588131621338,0.070038222498803
sc_2_CKDL200165520-1a-D701-AK1681_HF2L3CCX2_L7,methylhic_new,241924.0,36288600.0,70109.0,343919.0,188134.0,24117531.0,0.7776574461401101,64202.0,54124.0,60929.0,51304.0,241924.0,36288600.0,30599.0,5521504.0,217869.0,24329635.0,0.9005679469585489,12061.0,11180.0,11477.0,10695.0,11859.0,1018.0,1446.0,42456.0,1285570.0,0.0330250394766523,36364.0,64891.0,0.5603858778567136,2345.0,94966.0,0.0246930480382452,0.002117677107468,0.0,0.0,72406.0,241924.0,34.12567637960177,5.535895423396629,5.0979720257935845,4.842052897769666,28.768856240764563,5.131523989186163,14323.0,0.827969000907631,0.0710744955665712,0.1009565035257976
sc_79_CKDL200165520-1a-D710-AK1545_HF2L3CCX2_L7,methylhic_new,274337.0,41150550.0,86211.0,138529.0,211560.0,27092845.0,0.7711683075924867,34158.0,29171.0,29927.0,25567.0,274337.0,41150550.0,74791.0,1982541.0,219212.0,27053702.0,0.7990610089051058,16147.0,14246.0,15286.0,13527.0,11526.0,780.0,1297.0,25195.0,812520.0,0.0310084674838773,24040.0,42332.0,0.567891902107153,1325.0,60225.0,0.0220008302200083,0.0012355563564386,0.0,0.0,45213.0,274337.0,16.14577424844016,7.36592887250698,12.386556589964282,5.332259862513156,13.788523350349784,6.4987318212506615,13603.0,0.8473130927001397,0.0573402925825185,0.0953466147173417
sc_36_CKDL200165520-1a-D705-AK1780_HF2L3CCX2_L7,methylhic_new,1232501.0,184875150.0,629267.0,1361033.0,713613.0,87350221.0,0.5789958791108486,187962.0,157553.0,176090.0,147382.0,1232501.0,184875150.0,366695.0,27071771.0,922417.0,96615354.0,0.7484107517965503,30837.0,28541.0,29013.0,26980.0,32087.0,3456.0,2790.0,85282.0,3683490.0,0.0231524993959532,101172.0,184233.0,0.5491524319747276,4530.0,271659.0,0.0166753172175411,0.0059885283436828,0.0,0.0,205103.0,1232501.0,26.339486528412458,3.3430650128954693,6.31617028973942,5.914972273567464,22.078213261249445,3.094153728736569,38333.0,0.837059452690893,0.0901573057157018,0.0727832415934051
sc_89_CKDL200165520-1a-D712-AK1680_HF2L3CCX2_L7,methylhic_new,265195.0,39779250.0,21023.0,247371.0,253434.0,33604197.0,0.9556515017251456,185987.0,160537.0,148389.0,127964.0,265195.0,39779250.0,20821.0,2277621.0,251890.0,32240538.0,0.949829370840325,97391.0,85850.0,89019.0,78835.0,66210.0,6543.0,6212.0,97461.0,4263108.0,0.0228614897863249,118879.0,218705.0,0.5435586749274136,5181.0,309078.0,0.0167627589152252,0.0064457478326391,0.0,0.0,237408.0,265195.0,73.38675947189405,38.66409940847196,20.215391398323533,8.596276863365194,63.34469723872882,34.08233752828615,78965.0,0.8384727410878238,0.0828594947128474,0.0786677641993288
sc_44_CKDL200165520-1a-D706-AK1780_HF2L3CCX2_L7,methylhic_new,93022.0,13953300.0,24564.0,118462.0,73713.0,9527975.0,0.7924254477435445,18706.0,15776.0,17660.0,14883.0,93022.0,13953300.0,8666.0,2152163.0,86063.0,9674885.0,0.9251897400614908,4313.0,3990.0,4110.0,3821.0,3829.0,361.0,419.0,8003.0,385345.0,0.0207684023407595,10580.0,19275.0,0.5488975356679637,405.0,27845.0,0.0145448015801759,0.0006388375753934,0.0,0.0,21770.0,93022.0,25.37679920773812,5.011445104167877,5.591788730888481,4.706700672385811,21.40192367696336,4.6361386426222655,4609.0,0.8307658928183987,0.0783250162725103,0.0909090909090909
sc_47_CKDL200165520-1a-D706-AK1545_HF2L3CCX2_L7,methylhic_new,57315.0,8597250.0,8507.0,44197.0,51358.0,6755092.0,0.8960656023728518,13690.0,11817.0,11733.0,10121.0,57315.0,8597250.0,6935.0,606809.0,52090.0,6493627.0,0.9088371281514438,5938.0,5265.0,5616.0,5002.0,4237.0,434.0,544.0,10354.0,308382.0,0.0335752410970808,8447.0,15168.0,0.5568960970464135,570.0,22169.0,0.0257115792322612,0.0004921658460239,0.0,0.0,17349.0,57315.0,26.656022430780013,11.399500863889422,14.295105916727536,5.422701246210848,23.0090735620546,10.10750623920138,5215.0,0.812464046021093,0.0832214765100671,0.1043144774688398
sc_60_CKDL200165520-1a-D708-AK1780_HF2L3CCX2_L7,methylhic_new,319174.0,47876100.0,57579.0,259564.0,279335.0,36558981.0,0.8751809357905093,97941.0,84503.0,78986.0,68085.0,319174.0,47876100.0,38788.0,3718999.0,292045.0,36084467.0,0.9150024751389524,45177.0,40060.0,41340.0,36819.0,31813.0,2705.0,3358.0,47043.0,2141878.0,0.0219634358259434,59917.0,108360.0,0.5529438907345884,2573.0,154796.0,0.0166218765342773,0.0032553855351316,0.0,0.0,120326.0,319174.0,35.06220129951492,15.469191391737574,19.353488324603585,8.4932598446112,30.25149014624018,13.717064151072607,37876.0,0.8399250184813603,0.0714172563100644,0.0886577252085753
sc_48_CKDL200165520-1a-D706-AK1546_HF2L3CCX2_L7,methylhic_new,61888.0,9283200.0,11378.0,66041.0,53266.0,6991360.0,0.8606838159255429,21702.0,18507.0,18987.0,16153.0,61888.0,9283200.0,4903.0,1043982.0,58388.0,6973447.0,0.9434462254395036,9047.0,8025.0,8512.0,7591.0,6661.0,801.0,507.0,8894.0,493402.0,0.018025869372236,13807.0,25123.0,0.5495760856585599,459.0,35487.0,0.0129343139741313,0.0007843054037136,0.0,0.0,27499.0,61888.0,40.74268764314948,15.494622182640269,12.510367708045344,5.913562506908365,34.744489918522135,13.744262519695829,7969.0,0.835863972894968,0.1005144936629439,0.0636215334420881
sc_92_CKDL200165520-1a-D712-AK1780_HF2L3CCX2_L7,methylhic_new,143659.0,21548850.0,43661.0,191580.0,109724.0,14071290.0,0.7637808978205334,46756.0,39084.0,44299.0,37059.0,143659.0,21548850.0,21069.0,2947735.0,126708.0,14438808.0,0.8820053042273718,16578.0,14607.0,15998.0,14136.0,13797.0,591.0,821.0,19661.0,1098739.0,0.0178941495660024,35029.0,54711.0,0.6402551589259929,1169.0,78433.0,0.0149044407328547,0.0017403609053597,0.0,0.0,60297.0,143659.0,42.61237286281944,13.083625343309023,5.254940542390285,3.4986126191337896,35.62028362072108,11.528080310635476,15209.0,0.9071602340719312,0.0388585705832073,0.0539811953448615
sc_56_CKDL200165520-1a-D707-AK1546_HF2L3CCX2_L7,methylhic_new,43341.0,6501150.0,10245.0,54393.0,35052.0,4568651.0,0.8087492212916176,14017.0,11923.0,12856.0,10917.0,43341.0,6501150.0,3145.0,1010167.0,40286.0,4602410.0,0.9295124708705385,4366.0,3910.0,4249.0,3805.0,3384.0,496.0,406.0,8890.0,302696.0,0.0293694003224357,8275.0,15218.0,0.5437639637271652,446.0,21765.0,0.0204916149781759,0.0005023202932992,0.0,0.0,17105.0,43341.0,39.98915896382517,10.83751179069652,8.282799457801238,2.679798442510306,34.01517745064476,9.705604924787767,4286.0,0.7895473635090994,0.1157256182921138,0.0947270181987867
sc_87_CKDL200165520-1a-D711-AK1545_HF2L3CCX2_L7,methylhic_new,1008310.0,151246500.0,363165.0,541023.0,741476.0,93792610.0,0.7353651158869792,218214.0,187475.0,135781.0,116449.0,1008310.0,151246500.0,315384.0,6887252.0,774993.0,94866485.0,0.7686058850948617,112791.0,99505.0,91855.0,81991.0,72221.0,6270.0,5030.0,397076.0,3922136.0,0.1012397326354823,119519.0,198559.0,0.6019319194798524,20761.0,276719.0,0.0750255674529035,0.0055972956648144,0.0,0.0,227636.0,1008310.0,29.429678101516437,14.553808873112404,37.77621967426471,18.56176467980601,25.28402807373401,12.83947080812343,83521.0,0.864704685049269,0.0750709402425737,0.0602243747081572
sc_50_CKDL200165520-1a-D707-AK1681_HF2L3CCX2_L7,methylhic_new,663700.0,99555000.0,205450.0,525668.0,510991.0,65270879.0,0.7699126111194817,111207.0,94152.0,94737.0,79952.0,663700.0,99555000.0,150727.0,8332110.0,551011.0,65342352.0,0.8302109386771132,34882.0,31340.0,31604.0,28544.0,26648.0,2140.0,3583.0,64121.0,2225675.0,0.0288096869489031,61100.0,112022.0,0.5454285765296103,3325.0,161448.0,0.0205948664585501,0.0035234986860273,0.0,0.0,126341.0,663700.0,21.763005610666333,6.330545125233435,14.81021878119183,9.397396938248958,18.42537344101951,5.6877267422973405,32371.0,0.8232059559482252,0.0661085539526119,0.1106854900991628
sc_81_CKDL200165520-1a-D711-AK1680_HF2L3CCX2_L7,methylhic_new,107332.0,16099800.0,28642.0,106820.0,84606.0,10954746.0,0.7882644504900682,26593.0,22785.0,24247.0,20740.0,107332.0,16099800.0,11315.0,2001512.0,97817.0,11486113.0,0.911349830432676,9540.0,8584.0,9148.0,8251.0,7438.0,605.0,981.0,14601.0,580585.0,0.0251487723589138,15804.0,28797.0,0.5488071674132722,741.0,41272.0,0.0179540608645086,0.0009435429309328,0.0,0.0,33395.0,107332.0,31.431576956717016,9.752905936595887,8.821870417027034,4.109014675052414,26.93071413374938,8.775570708568042,9024.0,0.8242464539007093,0.067043439716312,0.1087101063829787
sc_86_CKDL200165520-1a-D711-AK1544_HF2L3CCX2_L7,methylhic_new,130323.0,19548450.0,16810.0,98579.0,119694.0,15776330.0,0.9184411040261504,53161.0,45857.0,41983.0,36160.0,130323.0,19548450.0,15252.0,1036934.0,120483.0,15308294.0,0.9244952924656432,27509.0,24426.0,24940.0,22270.0,18709.0,1692.0,1853.0,30085.0,1179778.0,0.0255005602748991,34142.0,60788.0,0.5616569059682832,1589.0,85811.0,0.0185174394891097,0.001776416644986,0.0,0.0,66923.0,130323.0,44.41408926094875,22.832266792825543,21.026692500141078,9.338761859754984,38.31186191454877,20.27339956674385,22254.0,0.8407027950031455,0.0760312752763548,0.0832659297204996
sc_85_CKDL200165520-1a-D711-AK1543_HF2L3CCX2_L7,methylhic_new,3495562.0,524334300.0,943240.0,2474679.0,2819771.0,363518672.0,0.8066717168798608,1596047.0,1381817.0,789811.0,680335.0,3495562.0,524334300.0,782706.0,30579885.0,2916520.0,361598348.0,0.8343493835898205,798622.0,706819.0,591457.0,532107.0,464433.0,50638.0,38379.0,933796.0,23404919.0,0.039897424981475,667532.0,1200795.0,0.5559083773666612,54469.0,1696598.0,0.0321048356770431,0.0309682576678292,0.0,0.0,1381268.0,3495562.0,56.60200775169331,27.382702673048705,50.51455251631061,25.94030717911603,49.00458228700132,24.235012960651737,553450.0,0.8391598157015088,0.0914951666817237,0.0693450176167675
sc_13_CKDL200165520-1a-D702-AK1543_HF2L3CCX2_L7,methylhic_new,849966.0,127494900.0,150235.0,613249.0,735545.0,96879456.0,0.865381674090493,343909.0,295764.0,221599.0,190080.0,849966.0,127494900.0,122365.0,7956446.0,750228.0,94785218.0,0.8826564827298974,166885.0,147336.0,141079.0,125810.0,108062.0,13599.0,7479.0,118708.0,6384825.0,0.0185922088702509,169107.0,314227.0,0.5381682668898599,6285.0,450168.0,0.0139614543903609,0.0094004768230755,0.0,0.0,362678.0,849966.0,46.75567096506672,22.244570983754272,35.56464064621746,15.46334302064296,40.21018428512191,19.63882979574209,129140.0,0.8367817872076816,0.1053043208920551,0.0579138919002632
sc_30_CKDL200165520-1a-D704-AK1544_HF2L3CCX2_L7,methylhic_new,109722.0,16458300.0,56543.0,145753.0,60666.0,7536426.0,0.5529064362662001,15113.0,12586.0,14616.0,12165.0,109722.0,16458300.0,44054.0,1764213.0,70964.0,7612438.0,0.6467618162264632,3264.0,2997.0,3155.0,2901.0,3122.0,301.0,307.0,6880.0,310307.0,0.0221715913595246,8597.0,15560.0,0.5525064267352185,347.0,22360.0,0.0155187835420393,0.0005183087573154,0.0,0.0,17771.0,109722.0,24.91181221771668,4.599515247167578,3.2885595182955085,3.3394607843137303,20.74638182837174,4.22326813595626,3730.0,0.8369973190348525,0.0806970509383378,0.0823056300268096
sc_1_CKDL200165520-1a-D701-AK1680_HF2L3CCX2_L7,methylhic_new,13550.0,2032500.0,4793.0,25302.0,9600.0,1218117.0,0.7084870848708487,2843.0,2344.0,2840.0,2341.0,13550.0,2032500.0,952.0,469006.0,12684.0,1290348.0,0.9360885608856088,372.0,361.0,372.0,361.0,458.0,33.0,50.0,2288.0,56357.0,0.0405983285128732,1486.0,2612.0,0.5689127105666156,90.0,3958.0,0.0227387569479535,9.734727110395884e-05,0.0,0.0,3212.0,13550.0,29.61458333333333,2.9328287606433303,0.1055223355610257,0.0,24.416666666666668,2.8461053295490384,541.0,0.8465804066543438,0.0609981515711645,0.0924214417744916
sc_84_CKDL200165520-1a-D711-AK1780_HF2L3CCX2_L7,methylhic_new,958185.0,143727750.0,300013.0,537308.0,734668.0,94169066.0,0.7667287632346572,131301.0,113068.0,103707.0,88960.0,958185.0,143727750.0,233054.0,8869254.0,784052.0,95781100.0,0.8182678710269937,56461.0,50299.0,50237.0,45092.0,40021.0,3377.0,3871.0,103226.0,2671113.0,0.0386453137699528,74192.0,132036.0,0.56190735859917,5678.0,186386.0,0.0304636614337986,0.0040774612374419,0.0,0.0,153944.0,958185.0,17.872154496997283,7.201180533944178,21.015833847419284,11.023538371619344,15.390353193551372,6.415263273354318,47269.0,0.8466648331887706,0.0714421714019759,0.0818929954092534
sc_71_CKDL200165520-1a-D709-AK1545_HF2L3CCX2_L7,methylhic_new,187129.0,28069350.0,15766.0,135843.0,177876.0,23592975.0,0.9505528271940746,89187.0,77504.0,68040.0,59052.0,187129.0,28069350.0,16202.0,1548537.0,175387.0,22510927.0,0.937251842311988,43783.0,38760.0,39725.0,35352.0,29450.0,3227.0,3264.0,38789.0,1918113.0,0.0202224790718794,51702.0,98967.0,0.5224165630967899,2072.0,140646.0,0.0147320222402343,0.0028961201066346,0.0,0.0,107765.0,187129.0,50.1399851582001,24.96365180999732,23.710854720979512,9.26843752141242,43.57192651060289,22.09969952162931,35941.0,0.819398458584903,0.0897860382293202,0.0908155031857766
sc_80_CKDL200165520-1a-D710-AK1546_HF2L3CCX2_L7,methylhic_new,2338119.0,350717850.0,1097936.0,790783.0,1470483.0,182643448.0,0.6289170910462641,215419.0,184492.0,138934.0,118640.0,2338119.0,350717850.0,958683.0,13457532.0,1579439.0,190531109.0,0.6755169433206779,112207.0,98797.0,93538.0,83263.0,72176.0,4529.0,7153.0,562235.0,3995184.0,0.1407281867368311,117804.0,194477.0,0.605747723381171,29964.0,273810.0,0.1094335488112194,0.0057587987325132,0.0,0.0,232472.0,2338119.0,14.64954032110538,7.104231312510328,35.50522470162799,16.637999411801406,12.54635381707915,6.255195673907001,83858.0,0.860693076391042,0.0540079658470271,0.0852989577619308
sc_42_CKDL200165520-1a-D706-AK1681_HF2L3CCX2_L7,methylhic_new,283798.0,42569700.0,83623.0,361495.0,219947.0,28162009.0,0.7750125088971733,64950.0,54653.0,61875.0,52022.0,283798.0,42569700.0,39528.0,6042305.0,253588.0,28503647.0,0.8935510468713662,12804.0,11774.0,12225.0,11296.0,12420.0,1116.0,1271.0,22614.0,1323983.0,0.0170802797316883,36783.0,67034.0,0.5487215442909569,1287.0,98452.0,0.013072360134888,0.002174722081225,0.0,0.0,74100.0,283798.0,29.529841279944712,5.04913481710491,4.734411085450352,4.522024367385191,24.84825889873469,4.642964178115683,14807.0,0.8387924630242453,0.075369757547106,0.0858377794286486
sc_76_CKDL200165520-1a-D710-AK1780_HF2L3CCX2_L7,methylhic_new,4592098.0,688814700.0,2639428.0,1568126.0,2437687.0,294138660.0,0.5308438539421415,432105.0,372539.0,262280.0,224902.0,4592098.0,688814700.0,2280660.0,28699302.0,2727515.0,318005576.0,0.5939583606447424,208972.0,185086.0,168275.0,150848.0,129683.0,8384.0,16962.0,168530.0,7354721.0,0.0229145333997034,211017.0,382323.0,0.551933836049623,9189.0,536816.0,0.0171175970909957,0.0101701221830626,0.0,0.0,430555.0,4592098.0,17.726024711129853,7.661626058885103,39.30179007417178,19.474857875696262,15.282478841623226,6.785883853984305,155029.0,0.8365080081791149,0.0540802043488637,0.1094117874720213
sc_16_CKDL200165520-1a-D702-AK1546_HF2L3CCX2_L7,methylhic_new,69367.0,10405050.0,20796.0,56689.0,53568.0,6891409.0,0.7722404024968645,10223.0,8682.0,9854.0,8346.0,69367.0,10405050.0,10910.0,1114406.0,60801.0,7199549.0,0.8765118860553289,3218.0,2927.0,3154.0,2868.0,2656.0,244.0,258.0,13296.0,231092.0,0.0575355269762691,6560.0,11729.0,0.5592974678148179,759.0,17023.0,0.0445867355930212,0.0003755129312439,0.0,0.0,13008.0,69367.0,19.084154719235364,5.292676107300866,3.6095079722195056,1.9888129272840227,16.207437275985665,4.814065558132268,3158.0,0.8410386320455985,0.0772640911969601,0.0816972767574414
sc_19_CKDL200165520-1a-DY0088-AK1682_HF2L3CCX2_L7,methylhic_new,84462.0,12669300.0,17788.0,156228.0,73276.0,9405490.0,0.8675617437427482,41868.0,35166.0,41496.0,34837.0,84462.0,12669300.0,13652.0,1902219.0,73922.0,8197543.0,0.8752101536785774,7700.0,7217.0,7632.0,7159.0,7985.0,729.0,883.0,7179.0,850838.0,0.0084375639075828,23550.0,43436.0,0.542176996040151,445.0,62915.0,0.007073035047286,0.0014189938431755,0.0,0.0,49128.0,84462.0,57.13739832960314,10.416384838072563,0.8885067354542864,0.8831168831168856,47.99115672252852,9.762993425502556,9597.0,0.832030842971762,0.0759612378868396,0.0920079191413983
sc_29_CKDL200165520-1a-D704-AK1543_HF2L3CCX2_L7,methylhic_new,924046.0,138606900.0,543218.0,1119480.0,458176.0,55026781.0,0.4958367873460845,91695.0,76081.0,89898.0,74535.0,924046.0,138606900.0,307946.0,20295484.0,652373.0,67142792.0,0.7059962382825098,11117.0,10579.0,10825.0,10330.0,13567.0,1381.0,1225.0,91976.0,1779712.0,0.0516802718642117,49495.0,88340.0,0.5602784695494679,4875.0,128719.0,0.0378731966531747,0.0030290979454508,0.0,0.0,100723.0,924046.0,20.01305175303813,1.7040864658715182,1.959757893014891,2.62660789781416,16.605191018298644,1.6216183073180526,16173.0,0.838867247882273,0.08538922896185,0.075743523155877
sc_58_CKDL200165520-1a-D708-AK1681_HF2L3CCX2_L7,methylhic_new,513525.0,77028750.0,134324.0,481684.0,413046.0,53375311.0,0.8043347451438586,113653.0,96662.0,98788.0,83753.0,513525.0,77028750.0,74599.0,8382347.0,454848.0,53802501.0,0.8857368190448371,33344.0,30255.0,30620.0,27968.0,26557.0,2386.0,3459.0,50765.0,2269683.0,0.0223665595591983,61156.0,113096.0,0.5407441465657494,2826.0,164883.0,0.0171394261385345,0.0036264890013585,0.0,0.0,129408.0,513525.0,27.51582148235305,7.330800619107921,13.079285192647792,8.169385796545104,23.402236070558725,6.651672646686365,32402.0,0.8196099006234183,0.0736374297882846,0.106752669588297
sc_59_CKDL200165520-1a-D708-AK1682_HF2L3CCX2_L7,methylhic_new,35056.0,5258400.0,2949.0,49974.0,33766.0,4442597.0,0.9632017343678686,18475.0,15782.0,17419.0,14850.0,35056.0,5258400.0,2401.0,617593.0,33375.0,3974515.0,0.952048151528982,5729.0,5156.0,5553.0,5003.0,4641.0,533.0,546.0,6060.0,406084.0,0.0149230208528284,11381.0,21169.0,0.5376257735367754,308.0,29909.0,0.0102979036410445,0.0006580070866357,0.0,0.0,22972.0,35056.0,54.71480187170526,17.16554307116105,5.715832205683357,3.072089369872577,46.73932357993248,15.44868913857678,5720.0,0.8113636363636364,0.0931818181818181,0.0954545454545454
sc_7_CKDL200165520-1a-D701-AK1545_HF2L3CCX2_L7,methylhic_new,30898.0,4634700.0,7063.0,29579.0,25848.0,3346487.0,0.8365590005825619,5606.0,4792.0,5141.0,4384.0,30898.0,4634700.0,5024.0,419606.0,27245.0,3262074.0,0.8817722829956631,2074.0,1829.0,1974.0,1745.0,1589.0,132.0,181.0,11549.0,125494.0,0.0920283041420307,3584.0,6240.0,0.5743589743589743,667.0,8490.0,0.0785630153121319,0.0002055783625465,0.0,0.0,7115.0,30898.0,21.688331785824825,7.612405946045146,8.294684266856944,4.821600771456125,18.539151965335808,6.713158377683978,1902.0,0.8354363827549948,0.0694006309148265,0.0951629863301787
sc_17_CKDL200165520-1a-DY0088-AK1680_HF2L3CCX2_L7,methylhic_new,667790.0,100168500.0,253229.0,324066.0,468686.0,59478311.0,0.7018463888348133,50297.0,42819.0,41284.0,35040.0,667790.0,100168500.0,215061.0,5121300.0,498266.0,60439118.0,0.7461417511493134,18993.0,16990.0,17019.0,15342.0,13765.0,899.0,1923.0,21775.0,1039381.0,0.0209499692605502,29548.0,53294.0,0.5544338949975607,1178.0,77505.0,0.015199019418102,0.0015974676574991,0.0,0.0,58303.0,667790.0,10.73149187302373,3.8118193896432833,17.919557826510523,10.393302795766855,9.135967364077445,3.409825274050407,16587.0,0.8298667631277507,0.0541990715620666,0.1159341653101826
sc_27_CKDL200165520-1a-D704-AK1682_HF2L3CCX2_L7,methylhic_new,103119.0,15467850.0,23191.0,305631.0,86789.0,11092060.0,0.8416392711333508,43148.0,35843.0,43085.0,35788.0,103119.0,15467850.0,14146.0,3219936.0,91657.0,9282461.0,0.8888468662419147,2818.0,2764.0,2802.0,2748.0,5294.0,513.0,692.0,7231.0,786155.0,0.0091979317055796,20921.0,38768.0,0.5396460998761865,385.0,59224.0,0.0065007429420505,0.0013563967952062,0.0,0.0,45887.0,103119.0,49.71597783129199,3.074506038818639,0.146009085009735,0.5677785663591228,41.29901254767309,3.015590735022966,6499.0,0.8145868595168487,0.0789352208032004,0.1064779196799507
sc_88_CKDL200165520-1a-D711-AK1546_HF2L3CCX2_L7,methylhic_new,136566.0,20484900.0,37946.0,122339.0,106757.0,13828926.0,0.7817245873789962,23173.0,19561.0,22196.0,18712.0,136566.0,20484900.0,18325.0,2383595.0,121375.0,14300469.0,0.8887644069534145,6673.0,6057.0,6551.0,5949.0,5576.0,518.0,597.0,36725.0,506304.0,0.0725354727594488,14018.0,25273.0,0.5546630791754046,1950.0,36248.0,0.0537960715073935,0.0008405939069559,0.0,0.0,28747.0,136566.0,21.70630497297601,5.49783728115345,4.216113580460023,1.828263150007492,18.322920276890507,4.990319258496395,6691.0,0.8333582424151845,0.0774174263936631,0.0892243311911522
sc_28_CKDL200165520-1a-D704-AK1780_HF2L3CCX2_L7,methylhic_new,532715.0,79907250.0,284175.0,723791.0,287022.0,35452591.0,0.5387909107121068,83081.0,69269.0,81529.0,67961.0,532715.0,79907250.0,164677.0,12905733.0,384455.0,39213689.0,0.7216898341514694,9513.0,9112.0,9376.0,8994.0,12252.0,1331.0,1197.0,27571.0,1605475.0,0.0171731107616126,45333.0,81540.0,0.5559602649006623,1582.0,118799.0,0.0133166104091785,0.0027070092523321,0.0,0.0,90905.0,532715.0,28.945864776916054,2.4744118297329987,1.8680564750063189,1.4401345527173317,24.13369010041042,2.370108335175768,14780.0,0.828958051420839,0.0900541271989174,0.0809878213802435
scNH_GM_4plex_17_S16,scnomehic,,,,,,,,,,,,,,,,,,,,,,,,,,7939725.0,50020276.0,0.1587301317569699,1368432.0,2524529.0,0.5420543792525259,598360.0,3484634.0,0.1717138729634159,0.0673269935747081,0.0,0.0,,,,,,,,,0.0,,,
scNH_GM_4plex_17_S16.GCCAAT,scnomehic,6672348.0,954145764.0,2283826.0,1668459.0,4729845.0,564296532.0,0.7088726487287533,3271685.0,2940213.0,1230013.0,1088032.0,6672348.0,1000852200.0,2396071.0,2883698.0,4815088.0,597926837.0,0.7216482113942498,3157232.0,2830505.0,1183343.0,1061612.0,1054052.0,30681.0,35738.0,,,,,,,,,,,,,2413356.0,6672348.0,69.17108277332555,65.56955968405977,62.40429625712744,62.51960578126663,62.16298842773917,58.78407622041383,1120471.0,0.9407222498395764,0.0273822347923328,0.0318955153680907
scNH_GM_4plex_24_S23,scnomehic,,,,,,,,,,,,,,,,,,,,,,,,,,11941898.0,72819214.0,0.1639937777960635,2159047.0,3848622.0,0.560992220072535,932662.0,5317965.0,0.175379491967322,0.0909250706338858,0.0,0.0,,,,,,,,,0.0,,,
scNH_GM_4plex_24_S23.GCCAAT,scnomehic,11364091.0,1625065013.0,2315811.0,3597313.0,9450392.0,1142494647.0,0.8316012252981783,6944743.0,6239898.0,1776979.0,1550260.0,11364091.0,1704613650.0,2551028.0,5602966.0,9509113.0,1205706855.0,0.8367684665671896,6738112.0,6039570.0,1679345.0,1507518.0,1586552.0,55838.0,56368.0,,,,,,,,,,,,,3456324.0,11364091.0,73.48629559493405,70.85952180818548,74.41260245339532,75.07692065670622,66.02792773040525,63.5134948969478,1698758.0,0.9339482139304128,0.0328698967127748,0.0331818893568124
scNH_GM_4plex_2_S2,scnomehic,,,,,,,,,,,,,,,,,,,,,,,,,,6981594.0,52413231.0,0.133202892987078,1569085.0,2712402.0,0.5784854162472967,528919.0,3674810.0,0.1439309787444793,0.0685467782467407,0.0,0.0,,,,,,,,,0.0,,,
scNH_GM_4plex_2_S2.ATCACG,scnomehic,8314674.0,1188998382.0,3556240.0,1722379.0,5115016.0,613296223.0,0.6151793804543629,3525079.0,3139725.0,1279230.0,1117970.0,8314674.0,1247201100.0,3665130.0,3203080.0,5189622.0,650046116.0,0.6241521916553794,3390916.0,3011593.0,1223015.0,1085011.0,1102362.0,23035.0,36055.0,,,,,,,,,,,,,2502245.0,8314674.0,68.9162849148468,65.34032729166016,63.71060052838532,63.93260700058627,61.38250593937536,58.03106661718329,1161452.0,0.9491240275103922,0.0198329332594028,0.0310430392302049
scNH_GM_4plex_10_S9,scnomehic,,,,,,,,,,,,,,,,,,,,,,,,,,12667474.0,81861761.0,0.1547422611639151,2201635.0,4198097.0,0.5244364291725513,976878.0,5792502.0,0.1686452589917103,0.1051312362452994,0.0,0.0,,,,,,,,,0.0,,,
scNH_GM_4plex_10_S9.TGACCA,scnomehic,9711913.0,1388803559.0,1791851.0,2934526.0,8236545.0,998944766.0,0.8480867775483574,6315725.0,5659831.0,1985749.0,1741847.0,9711913.0,1456786950.0,1995280.0,4828346.0,8264328.0,1054339881.0,0.8509474909834962,6135729.0,5484634.0,1903516.0,1703534.0,1747657.0,48607.0,60761.0,,,,,,,,,,,,,3889265.0,9711913.0,76.67929939070326,74.24353196049334,68.55865320291812,68.97653074312767,68.71608180371746,66.36515394839121,1857025.0,0.94110580094506,0.0261746610842611,0.0327195379706789
scNH_GM_4plex_22_S21,scnomehic,,,,,,,,,,,,,,,,,,,,,,,,,,4904484.0,29311721.0,0.1673215980733441,845876.0,1537552.0,0.5501446455144281,374999.0,2090883.0,0.1793495857970053,0.0404538288752035,0.0,0.0,,,,,,,,,0.0,,,
scNH_GM_4plex_22_S21.CGATGT,scnomehic,4160552.0,594958936.0,1389199.0,1048647.0,2965468.0,355361673.0,0.7127583070707926,1916274.0,1708778.0,705320.0,619400.0,4160552.0,624082800.0,1458573.0,1864875.0,2994102.0,375223684.0,0.7196405669247734,1849001.0,1646117.0,678612.0,604995.0,603158.0,21932.0,20900.0,,,,,,,,,,,,,1383932.0,4160552.0,64.61961484662791,61.75477655737848,63.193155049851946,63.29845143404466,57.62254052311473,54.97865470181043,645990.0,0.9336955680428488,0.0339509899534048,0.0323534420037461
scNH_GM_4plex_42_S41,scnomehic,,,,,,,,,,,,,,,,,,,,,,,,,,7744410.0,42138838.0,0.1837831883261707,1208392.0,2148559.0,0.5624197427205863,572858.0,2943105.0,0.1946440918689615,0.0570643590800612,0.0,0.0,,,,,,,,,0.0,,,
scNH_GM_4plex_42_S41.TGACCA,scnomehic,5195047.0,742891721.0,1802077.0,1196701.0,3644124.0,436801792.0,0.701461218733921,2499294.0,2243078.0,1026068.0,908701.0,5195047.0,779257050.0,1883233.0,2098819.0,3682561.0,461578332.0,0.7088599968392971,2408252.0,2151979.0,986873.0,881935.0,864186.0,31442.0,27785.0,,,,,,,,,,,,,2012941.0,5195047.0,68.58421941734146,65.3961197112553,58.94568626180033,59.02119047342222,61.55328413632467,58.43702249602926,923413.0,0.9358607686917988,0.0340497697130103,0.0300894615951908
scNH_GM_4plex_17_S16,scnomehic,,,,,,,,,,,,,,,,,,,,,,,,,,8480563.0,48440375.0,0.175072199585573,1481900.0,2635276.0,0.5623319910324384,656943.0,3536754.0,0.1857474396013972,0.0642962859116162,0.0,0.0,,,,,,,,,0.0,,,
scNH_GM_4plex_17_S16.CGATGT,scnomehic,6741191.0,963990313.0,2795872.0,1562746.0,4230625.0,505719526.0,0.6275782721480522,3173599.0,2844993.0,1168963.0,1031890.0,6741191.0,1011178650.0,2893555.0,2891959.0,4292084.0,535192494.0,0.6366952071228956,3068614.0,2745592.0,1128958.0,1010602.0,995630.0,40701.0,34348.0,,,,,,,,,,,,,2297921.0,6741191.0,75.0148973260452,71.49473309469246,63.1660143578316,63.20951413243894,67.24758162210075,63.96873872925134,1070679.0,0.9299052283644303,0.0380141947306335,0.032080576904936
scNH_GM_4plex_21_S20,scnomehic,,,,,,,,,,,,,,,,,,,,,,,,,,6657216.0,40891362.0,0.1628025009291693,1162178.0,2071006.0,0.5611659261247915,500576.0,2854335.0,0.1753739487481322,0.054788370274959,0.0,0.0,,,,,,,,,0.0,,,
scNH_GM_4plex_21_S20.GCCAAT,scnomehic,6237549.0,891969507.0,1990977.0,1606553.0,4581045.0,546889161.0,0.7344303026717706,2983970.0,2672270.0,1004030.0,881634.0,6237549.0,935632350.0,2099744.0,2587071.0,4650237.0,578434381.0,0.7455231213414115,2888630.0,2578023.0,957417.0,855076.0,867205.0,23111.0,30973.0,,,,,,,,,,,,,1961447.0,6237549.0,65.13732128804672,62.117909259248506,66.35254375881794,66.85567206599669,58.33319690158032,55.43852926205697,921289.0,0.9412952938762972,0.0250855051997798,0.0336192009239229
scNH_GM_4plex_42_S41,scnomehic,,,,,,,,,,,,,,,,,,,,,,,,,,15376257.0,93730567.0,0.1640474126226079,2568532.0,4893960.0,0.5248371461965361,1176156.0,6607985.0,0.1779901134763472,0.1197491834361289,0.0,0.0,,,,,,,,,0.0,,,
scNH_GM_4plex_42_S41.CGATGT,scnomehic,8594490.0,1229012070.0,1960343.0,2525976.0,6987580.0,843004798.0,0.813030208889649,5546878.0,4969530.0,2260454.0,1999350.0,8594490.0,1289173500.0,2140535.0,4554880.0,7024013.0,889085945.0,0.8172693202272618,5361584.0,4792142.0,2181853.0,1951034.0,1934245.0,53648.0,65933.0,,,,,,,,,,,,,4442307.0,8594490.0,79.38196056431555,76.33220496602155,59.24817527986013,59.30581335664983,71.1194719774228,68.22512999335281,2053826.0,0.9417764698664832,0.0261210053821501,0.0321025247513664
scNH_GM_4plex_16_S15,scnomehic,,,,,,,,,,,,,,,,,,,,,,,,,,8363252.0,51419441.0,0.162647664722765,1477176.0,2699074.0,0.5472899223956068,640949.0,3641861.0,0.1759949102944895,0.0691156969783136,0.0,0.0,,,,,,,,,0.0,,,
scNH_GM_4plex_16_S15.CGATGT,scnomehic,7021129.0,1004021447.0,2694166.0,1684094.0,4604975.0,552291972.0,0.6558738630211751,3478019.0,3113975.0,1244653.0,1095312.0,7021129.0,1053169350.0,2803304.0,2960760.0,4658398.0,584102073.0,0.6634827532723013,3370597.0,3013234.0,1194426.0,1067560.0,1072797.0,30417.0,38401.0,,,,,,,,,,,,,2439079.0,7021129.0,75.52742414453934,72.35528179429924,64.21373776278968,64.56336963451875,67.62197406066265,64.68391064911157,1141615.0,0.9397187317966216,0.0266438335165533,0.0336374346868252
scNH_GM_4plex_26_S25,scnomehic,,,,,,,,,,,,,,,,,,,,,,,,,,9952766.0,58022502.0,0.1715328649564267,1778871.0,3068272.0,0.5797631370360907,770016.0,4194822.0,0.1835634503680966,0.0761684154610623,0.0,0.0,,,,,,,,,0.0,,,
scNH_GM_4plex_26_S25.ATCACG,scnomehic,7158931.0,1023727133.0,2544055.0,1808954.0,4891801.0,589177838.0,0.6833144501602264,3654908.0,3278117.0,1391456.0,1229204.0,7158931.0,1073839650.0,2653934.0,3205703.0,4949850.0,623505843.0,0.6914230630243537,3530833.0,3161494.0,1336607.0,1197361.0,1188429.0,45914.0,34014.0,,,,,,,,,,,,,2728063.0,7158931.0,74.71497716280773,71.33212117538915,61.92911011713564,62.14471202687864,67.01247659093245,63.87050112629675,1268357.0,0.9369830418407435,0.0361995873401573,0.026817370819099
scNH_GM_4plex_5_S4,scnomehic,,,,,,,,,,,,,,,,,,,,,,,,,,5078690.0,30837612.0,0.1646914164430112,863402.0,1603979.0,0.5382875960346114,387973.0,2183929.0,0.177649090240571,0.0429628447932241,0.0,0.0,,,,,,,,,0.0,,,
scNH_GM_4plex_5_S4.TGACCA,scnomehic,3773825.0,539656975.0,1251871.0,887287.0,2683858.0,322566268.0,0.7111771213556537,1707398.0,1528861.0,736770.0,651046.0,3773825.0,566073750.0,1310323.0,1533775.0,2709742.0,341153704.0,0.7180359449630017,1649236.0,1470938.0,713170.0,636507.0,625107.0,17582.0,22397.0,,,,,,,,,,,,,1449940.0,3773825.0,63.61730017012823,60.863211331558496,56.84837395850294,56.75755319432756,56.96504807631402,54.28332291413721,665086.0,0.9398889767639071,0.0264356789948969,0.0336753442411958
scNH_GM_4plex_12_S11,scnomehic,,,,,,,,,,,,,,,,,,,,,,,,,,9729794.0,63367207.0,0.1535462025334334,1758962.0,3334340.0,0.527529286155581,753708.0,4536558.0,0.1661409376888822,0.0822847473207234,0.0,0.0,,,,,,,,,0.0,,,
scNH_GM_4plex_12_S11.CGATGT,scnomehic,9282575.0,1327408225.0,2486241.0,2547827.0,7140717.0,861398256.0,0.7692603614837478,5422008.0,4853969.0,1554007.0,1359025.0,9282575.0,1392386250.0,2670015.0,4553821.0,7183102.0,908808274.0,0.7738264436322896,5256318.0,4696288.0,1481528.0,1325610.0,1360128.0,48216.0,51386.0,,,,,,,,,,,,,3035535.0,9282575.0,75.93086240499377,73.17615704190196,71.33890248778681,71.81433847799924,67.9759329490302,65.37966466298265,1459730.0,0.9317668335925136,0.0330307659635686,0.0352024004439177
scNH_GM_4plex_16_S15,scnomehic,,,,,,,,,,,,,,,,,,,,,,,,,,18299737.0,103857870.0,0.1761998103754679,3002538.0,5325984.0,0.5637527262567819,1372941.0,7337096.0,0.1871232160516913,0.1320950083700817,0.0,0.0,,,,,,,,,0.0,,,
scNH_GM_4plex_16_S15.GCCAAT,scnomehic,11245320.0,1608080760.0,2627537.0,3368037.0,9137716.0,1099157602.0,0.8125794552756169,6918743.0,6206163.0,2520575.0,2222809.0,11245320.0,1686798000.0,2847329.0,5461701.0,9223128.0,1162029864.0,0.8201747927137689,6682295.0,5974792.0,2408112.0,2153969.0,2157394.0,83504.0,57867.0,,,,,,,,,,,,,4928687.0,11245320.0,75.71632780007607,72.45150452211007,63.56888816364476,63.96280020561797,67.91809900854875,64.78053866323876,2298765.0,0.9385013257118496,0.0363255922201703,0.0251730820679799
scNH_GM_4plex_9_S8,scnomehic,,,,,,,,,,,,,,,,,,,,,,,,,,8336877.0,50792769.0,0.1641351153743951,1485524.0,2656108.0,0.5592859928888434,643703.0,3618902.0,0.177872459657653,0.067657866035692,0.0,0.0,,,,,,,,,0.0,,,
scNH_GM_4plex_9_S8.TGACCA,scnomehic,7200958.0,1029736994.0,2552004.0,1622375.0,4936438.0,593765615.0,0.6855251759557548,3389908.0,3044660.0,1230971.0,1087073.0,7200958.0,1080143700.0,2661527.0,2957429.0,4983560.0,628138011.0,0.6920690274821767,3275639.0,2936378.0,1184232.0,1062031.0,1063969.0,34549.0,35123.0,,,,,,,,,,,,,2415203.0,7200958.0,68.67113493575732,65.72889661206045,63.687185610936936,63.84729819128421,61.67726607728083,58.92129321208132,1133641.0,0.938541390087338,0.0304761383894901,0.0309824715231718
scNH_GM_4plex_24_S23,scnomehic,,,,,,,,,,,,,,,,,,,,,,,,,,6936337.0,41588114.0,0.1667865246305711,1203249.0,2181082.0,0.5516752694304937,533368.0,2981804.0,0.1788742653776036,0.0544830636140724,0.0,0.0,,,,,,,,,0.0,,,
scNH_GM_4plex_24_S23.ATCACG,scnomehic,9350186.0,1337076598.0,3721392.0,2083939.0,5899712.0,713057955.0,0.6309726886716478,3966446.0,3547521.0,1020317.0,887920.0,9350186.0,1402527900.0,3847938.0,3884462.0,5963906.0,754514113.0,0.6378382205444897,3835393.0,3426995.0,975438.0,873605.0,913181.0,33136.0,30921.0,,,,,,,,,,,,,1995755.0,9350186.0,67.23118009828276,64.31008469952411,74.27629167269642,74.56745632064302,60.13040975559485,57.462257118069935,977238.0,0.9344509730485306,0.0339078095612327,0.0316412173902365
scNH_GM_4plex_43_S42,scnomehic,,,,,,,,,,,,,,,,,,,,,,,,,,9196930.0,58996529.0,0.1558893405406952,1684223.0,3057887.0,0.5507799993917368,712210.0,4174848.0,0.170595432456463,0.0778267598009636,0.0,0.0,,,,,,,,,0.0,,,
scNH_GM_4plex_43_S42.ATCACG,scnomehic,10532457.0,1506141351.0,6165631.0,1879567.0,4811897.0,569519705.0,0.4568636738797034,3429983.0,3073314.0,1434350.0,1267654.0,10532457.0,1579868550.0,6247637.0,3363218.0,4980126.0,608102334.0,0.4728361103206972,3299121.0,2946591.0,1371380.0,1224765.0,1215408.0,31749.0,38753.0,,,,,,,,,,,,,2805730.0,10532457.0,71.28130548097766,66.24573354168147,58.182008482257785,58.43195808823016,63.86907284175035,59.16699697959449,1285910.0,0.945173456929334,0.0246899083139566,0.0301366347567092
scNH_GM_4plex_7_S6,scnomehic,,,,,,,,,,,,,,,,,,,,,,,,,,7562704.0,45506510.0,0.1661894968434186,1292188.0,2271952.0,0.5687567342972034,564455.0,3158367.0,0.1787173561527207,0.0617683572629629,0.0,0.0,,,,,,,,,0.0,,,
scNH_GM_4plex_7_S6.TGACCA,scnomehic,6731539.0,962610077.0,1677018.0,1785229.0,5284016.0,639586158.0,0.7849640327419926,3613482.0,3238593.0,1117508.0,980835.0,6731539.0,1009730850.0,1796831.0,3422752.0,5312872.0,675523178.0,0.7892507196348413,3486753.0,3117630.0,1081283.0,968882.0,977886.0,33971.0,37537.0,,,,,,,,,,,,,2198791.0,6731539.0,68.38514493521595,65.6284021147131,69.07392924608453,68.98882714089585,61.29037080886962,58.6806909709099,1049394.0,0.9318578150818472,0.0323720166114919,0.0357701683066608
scNH_GM_4plex_17_S16,scnomehic,,,,,,,,,,,,,,,,,,,,,,,,,,14358033.0,79620245.0,0.1803314345490898,2321400.0,4217566.0,0.5504122519955823,1106222.0,5734669.0,0.1929007585267781,0.1030025301525751,0.0,0.0,,,,,,,,,0.0,,,
scNH_GM_4plex_17_S16.TGACCA,scnomehic,8656087.0,1237820441.0,2406060.0,2346766.0,6583479.0,794609556.0,0.7605606320731296,5176196.0,4637749.0,1922107.0,1694827.0,8656087.0,1298413050.0,2560733.0,4232767.0,6630898.0,839567464.0,0.7660387424479445,4996094.0,4462581.0,1849931.0,1654358.0,1638843.0,59489.0,56107.0,,,,,,,,,,,,,3772038.0,8656087.0,78.62402234441699,75.34566208076191,62.8664177322497,62.97245408112817,70.44526154028897,67.29979860947944,1754439.0,0.934112271786024,0.0339077049700787,0.0319800232438973
scNH_GM_4plex_30_S29,scnomehic,,,,,,,,,,,,,,,,,,,,,,,,,,9008607.0,54640089.0,0.1648717482872328,1560420.0,2905988.0,0.5369671175517586,703888.0,3960698.0,0.1777181698781376,0.072168221315566,0.0,0.0,,,,,,,,,0.0,,,
scNH_GM_4plex_30_S29.TGACCA,scnomehic,5783253.0,827005179.0,1687615.0,1561658.0,4348320.0,523303398.0,0.7518813373718909,3210492.0,2878151.0,1302369.0,1151274.0,5783253.0,867487950.0,1790242.0,2501222.0,4386153.0,552998389.0,0.7584231573476035,3116813.0,2790193.0,1254518.0,1123185.0,1111565.0,35604.0,35385.0,,,,,,,,,,,,,2556887.0,5783253.0,73.83292857931339,71.06028905056435,59.43397460576136,59.74997537548772,66.18995382124591,63.61367239127317,1182554.0,0.9399697603661228,0.0301077160112772,0.0299225236225998
scNH_GM_4plex_31_S30,scnomehic,,,,,,,,,,,,,,,,,,,,,,,,,,12795113.0,77410320.0,0.1652894988678512,1998290.0,3914151.0,0.5105296142126351,959016.0,5350782.0,0.1792291294992021,0.1024866717790675,0.0,0.0,,,,,,,,,0.0,,,
scNH_GM_4plex_31_S30.GCCAAT,scnomehic,6921368.0,989755624.0,1312579.0,2211595.0,5888957.0,711416340.0,0.8508371466449985,4477489.0,4024654.0,1877798.0,1666108.0,6921368.0,1038205200.0,1458733.0,3472263.0,5926540.0,751411703.0,0.8562671425648802,4346586.0,3894986.0,1807342.0,1620200.0,1600797.0,39607.0,51995.0,,,,,,,,,,,,,3685140.0,6921368.0,76.03195268703779,73.34103878485591,58.06135983806995,58.4192743454288,68.3423906814059,65.72107840325046,1692399.0,0.9458744657731422,0.023402873672225,0.0307226605546328
scNH_GM_4plex_14_S13,scnomehic,,,,,,,,,,,,,,,,,,,,,,,,,,5228010.0,32777328.0,0.15950079884486,934171.0,1700991.0,0.5491922061903913,400427.0,2322181.0,0.1724357403664916,0.0437696478558558,0.0,0.0,,,,,,,,,0.0,,,
scNH_GM_4plex_14_S13.CGATGT,scnomehic,6256843.0,894728549.0,1706968.0,1675702.0,4789000.0,577624563.0,0.7654019766837685,3264522.0,2915372.0,807241.0,701213.0,6256843.0,938526450.0,1822757.0,2859356.0,4817590.0,609614815.0,0.7699713737423171,3177521.0,2835532.0,770156.0,688738.0,723677.0,23333.0,25599.0,,,,,,,,,,,,,1577397.0,6256843.0,68.16709125078305,65.95665052443233,75.27230632846094,75.76236317556987,60.87642514094801,58.85789367712903,772609.0,0.9366665415494771,0.0302002694765398,0.0331331889739829
scNH_GM_4plex_25_S24,scnomehic,,,,,,,,,,,,,,,,,,,,,,,,,,5980334.0,38468504.0,0.1554605294762697,963353.0,1949398.0,0.4941797416433175,453712.0,2683817.0,0.1690547455359288,0.052673659370639,0.0,0.0,,,,,,,,,0.0,,,
scNH_GM_4plex_25_S24.ATCACG,scnomehic,6616505.0,946160215.0,3571417.0,1095209.0,3314681.0,394704263.0,0.500971585451836,2275908.0,2044797.0,940075.0,832896.0,6616505.0,992475750.0,3638968.0,1925424.0,3401504.0,419870047.0,0.5140937700492934,2206053.0,1977766.0,907077.0,813444.0,798296.0,23929.0,26439.0,,,,,,,,,,,,,1847152.0,6616505.0,68.66144886943873,64.8552228661204,58.69450786235648,58.88235686087325,61.68910371767298,58.14386812421799,848664.0,0.9406502455624368,0.0281960823129059,0.0311536721246571
scNH_GM_4plex_33_S32,scnomehic,,,,,,,,,,,,,,,,,,,,,,,,,,5064757.0,29064501.0,0.1742592105744392,858708.0,1565166.0,0.5486370135819459,391360.0,2096400.0,0.1866819309292119,0.0397618844889711,0.0,0.0,,,,,,,,,0.0,,,
scNH_GM_4plex_33_S32.CGATGT,scnomehic,3327028.0,475765004.0,1409371.0,723148.0,2095582.0,249216495.0,0.6298660546289361,1483016.0,1328746.0,693425.0,615364.0,3327028.0,499054200.0,1457227.0,1231717.0,2128673.0,263879102.0,0.6398121686983097,1438366.0,1286591.0,669827.0,598951.0,582761.0,19361.0,16321.0,,,,,,,,,,,,,1363252.0,3327028.0,70.76869337491924,67.57101724877424,53.24224418347476,53.43139367866036,63.40701533034737,60.44098835283766,618443.0,0.942303494420666,0.0313060379048675,0.0263904676744663
scNH_GM_4plex_28_S27,scnomehic,,,,,,,,,,,,,,,,,,,,,,,,,,4194233.0,24062523.0,0.1743056204039784,674254.0,1259716.0,0.5352428642646437,317263.0,1700635.0,0.1865556101103411,0.0334817249873986,0.0,0.0,,,,,,,,,0.0,,,
scNH_GM_4plex_28_S27.CGATGT,scnomehic,4250584.0,607833512.0,2274602.0,820886.0,2212681.0,259684040.0,0.5205592925583873,1397808.0,1250909.0,581550.0,513989.0,4250584.0,637587600.0,2323197.0,1261123.0,2264414.0,275034075.0,0.5327300907357672,1354431.0,1209725.0,559979.0,500063.0,490954.0,16124.0,15525.0,,,,,,,,,,,,,1141529.0,4250584.0,63.172594693948206,59.81375313878116,58.39557364101508,58.65577500810304,56.5336349885049,53.42331393464269,522603.0,0.939439689400941,0.030853248067845,0.0297070625312139
scNH_GM_4plex_42_S41,scnomehic,,,,,,,,,,,,,,,,,,,,,,,,,,11653535.0,75713039.0,0.1539171476131079,2063422.0,3852482.0,0.5356084726677502,880181.0,5269218.0,0.1670420544376793,0.0997198471611746,0.0,0.0,,,,,,,,,0.0,,,
scNH_GM_4plex_42_S41.ATCACG,scnomehic,8788461.0,1256749923.0,3301469.0,2117032.0,5815958.0,700395303.0,0.6617720668044155,4385789.0,3933429.0,1839660.0,1628661.0,8788461.0,1318269150.0,3438940.0,3996156.0,5886076.0,741132769.0,0.6697504830481696,4218854.0,3774969.0,1773828.0,1588344.0,1564905.0,48607.0,49087.0,,,,,,,,,,,,,3613488.0,8788461.0,75.40957138961457,71.67515336193416,58.05406963262483,57.95474316010936,67.63166102643795,64.13388138379457,1662599.0,0.94124019080969,0.0292355522889163,0.0295242569013935
scNH_GM_4plex_47_S46,scnomehic,,,,,,,,,,,,,,,,,,,,,,,,,,5794573.0,36219767.0,0.1599837182828923,972063.0,1922617.0,0.5055936777839788,448966.0,2595315.0,0.1729909471489973,0.0489160425766909,0.0,0.0,,,,,,,,,0.0,,,
scNH_GM_4plex_47_S46.CGATGT,scnomehic,4773891.0,682666413.0,1710195.0,1210988.0,3280473.0,392841351.0,0.6871696484063,2295260.0,2054174.0,871437.0,768230.0,4773891.0,716083650.0,1787238.0,2132811.0,3314397.0,414953363.0,0.6942758014374438,2225587.0,1990249.0,840278.0,752106.0,749140.0,22710.0,26532.0,,,,,,,,,,,,,1711715.0,4773891.0,69.96734922067641,67.14907719262358,62.03319013967917,62.24465725222154,62.61822609117649,60.04860009226415,798382.0,0.9383227577776052,0.0284450300733232,0.0332322121490714
scNH_GM_4plex_19_S18,scnomehic,,,,,,,,,,,,,,,,,,,,,,,,,,4613225.0,34501462.0,0.1337110004207937,1054239.0,1786481.0,0.5901204658767711,347964.0,2432474.0,0.1430494221109866,0.0466133872988279,0.0,0.0,,,,,,,,,0.0,,,
scNH_GM_4plex_19_S18.ATCACG,scnomehic,4530431.0,647851633.0,1990778.0,1002777.0,2722463.0,326320095.0,0.6009280353237915,1853950.0,1654060.0,830819.0,731406.0,4530431.0,679564650.0,2050616.0,1704593.0,2765101.0,345691219.0,0.6103395019149392,1790380.0,1593761.0,798668.0,709962.0,689935.0,4449.0,45175.0,,,,,,,,,,,,,1629487.0,4530431.0,68.09826249245627,64.74917191089946,55.18654764152216,55.39114601369541,60.7560139476643,57.638437076982,739559.0,0.9329005528970644,0.0060157472223311,0.0610836998806045
scNH_GM_4plex_22_S21,scnomehic,,,,,,,,,,,,,,,,,,,,,,,,,,4454.0,284926.0,0.0156321290440324,11614.0,14942.0,0.7772721188595905,315.0,20507.0,0.0153606085726824,0.0003527884924657,0.0,0.0,,,,,,,,,0.0,,,
scNH_GM_4plex_22_S21.TGACCA,scnomehic,1980360.0,283191480.0,1198136.0,174153.0,910959.0,105963483.0,0.4599966672726171,13517.0,11641.0,7065.0,5998.0,1980360.0,297054000.0,1208817.0,294718.0,938878.0,112732387.0,0.4740946090609788,12963.0,10997.0,6494.0,5491.0,5557.0,28.0,77.0,,,,,,,,,,,,,13559.0,1980360.0,1.4838208964399056,1.380690568955711,47.732485018865134,49.90357170408084,1.2778840760122026,1.1712916907202002,5662.0,0.9814553161427058,0.0049452490286117,0.0135994348286824
scNH_GM_4plex_32_S31,scnomehic,,,,,,,,,,,,,,,,,,,,,,,,,,9216196.0,55530267.0,0.1659670752168362,1530077.0,2910471.0,0.5257145664739488,705179.0,3944783.0,0.1787624312921648,0.073914422689441,0.0,0.0,,,,,,,,,0.0,,,
scNH_GM_4plex_32_S31.CGATGT,scnomehic,6567369.0,939133767.0,1786150.0,1853372.0,5045406.0,607955689.0,0.7682537710306822,3841179.0,3440164.0,1342430.0,1182924.0,6567369.0,985105350.0,1911891.0,3060730.0,5080629.0,641897409.0,0.7736171060283045,3742447.0,3346447.0,1291240.0,1155090.0,1161949.0,38016.0,37350.0,,,,,,,,,,,,,2633670.0,6567369.0,76.1322081909761,73.66109589973998,65.0516156627952,65.49744057831681,68.18408667211321,65.86678539212369,1237315.0,0.9390890759426662,0.0307245931715044,0.0301863308858293
scNH_GM_4plex_20_S19,scnomehic,,,,,,,,,,,,,,,,,,,,,,,,,,8560789.0,49222168.0,0.1739214128073351,1358340.0,2568572.0,0.5288308055993758,651430.0,3492692.0,0.1865122948144296,0.0655359946298735,0.0,0.0,,,,,,,,,0.0,,,
scNH_GM_4plex_20_S19.CGATGT,scnomehic,8140035.0,1164025005.0,3347015.0,1897844.0,5168147.0,616323319.0,0.6349047639230052,3663466.0,3269921.0,1205912.0,1057241.0,8140035.0,1221005250.0,3467394.0,3231316.0,5238651.0,651524609.0,0.6435661517425908,3546011.0,3159070.0,1156234.0,1030552.0,1038678.0,41537.0,29067.0,,,,,,,,,,,,,2362146.0,8140035.0,70.88548371398879,67.68939179189452,67.08275714855823,67.3933893606083,63.27066548223184,60.30312002078397,1109282.0,0.9363516220402026,0.0374449418632953,0.026203436096502
scNH_GM_4plex_34_S33,scnomehic,,,,,,,,,,,,,,,,,,,,,,,,,,6530319.0,42035758.0,0.1553515223872018,1174841.0,2112483.0,0.5561422269433648,492453.0,2909072.0,0.169281819081824,0.0570964679468744,0.0,0.0,,,,,,,,,0.0,,,
scNH_GM_4plex_34_S33.TGACCA,scnomehic,5122538.0,732522934.0,1662415.0,1279832.0,3728050.0,446248921.0,0.727774005776043,2553885.0,2294692.0,1019797.0,903339.0,5122538.0,768380700.0,1751430.0,2053739.0,3766015.0,471178525.0,0.7351853710016402,2471660.0,2213578.0,977754.0,875018.0,873253.0,20586.0,29843.0,,,,,,,,,,,,,1997551.0,5122538.0,68.50458014243371,65.63064671808264,60.06879714630846,60.441403752943366,61.55207145826906,58.77772658898066,923682.0,0.9454043707682948,0.0222868909429868,0.0323087382887184
scNH_GM_4plex_43_S42,scnomehic,,,,,,,,,,,,,,,,,,,,,,,,,,9101517.0,59016347.0,0.1542202705294517,1682603.0,3074282.0,0.5473157634855879,707939.0,4215932.0,0.1679199284997955,0.0772734550079198,0.0,0.0,,,,,,,,,0.0,,,
scNH_GM_4plex_43_S42.GCCAAT,scnomehic,7774178.0,1111707454.0,3338364.0,2024857.0,4967375.0,581639730.0,0.6389582281239251,3494202.0,3140329.0,1437807.0,1273392.0,7774178.0,1166126700.0,3456869.0,3013403.0,5117611.0,617063519.0,0.6582832294295294,3372635.0,3018500.0,1371515.0,1227420.0,1215665.0,32372.0,40434.0,,,,,,,,,,,,,2809322.0,7774178.0,70.34302825939254,65.90252756608504,58.85163479386711,59.33402221111979,63.21908452653564,58.98259949808612,1288471.0,0.9434942656838996,0.0251243528181852,0.0313813814979149
scNH_GM_4plex_12_S11,scnomehic,,,,,,,,,,,,,,,,,,,,,,,,,,8432216.0,58863130.0,0.1432512338368687,1809693.0,3157326.0,0.5731726783993797,670470.0,4279114.0,0.1566843042742025,0.0750087564849253,0.0,0.0,,,,,,,,,0.0,,,
scNH_GM_4plex_12_S11.ATCACG,scnomehic,10125684.0,1447972812.0,4232125.0,2272384.0,6239612.0,751409902.0,0.6162163464710138,4649998.0,4154303.0,1436232.0,1253525.0,10125684.0,1518852600.0,4373564.0,4073176.0,6319082.0,795526533.0,0.6240647051596712,4485268.0,3996773.0,1362542.0,1214252.0,1255141.0,34733.0,43534.0,,,,,,,,,,,,,2798774.0,10125684.0,74.52383257164067,70.97974041166107,69.11327703796861,69.62183753568348,66.57950846943687,63.24926627000568,1333408.0,0.9413030370299263,0.0260482912956874,0.0326486716743862
scNH_GM_4plex_13_S12,scnomehic,,,,,,,,,,,,,,,,,,,,,,,,,,7128200.0,43132214.0,0.1652639486579566,1271769.0,2316257.0,0.5490621291160696,558232.0,3131912.0,0.1782400016347841,0.0584419483402827,0.0,0.0,,,,,,,,,0.0,,,
scNH_GM_4plex_13_S12.ATCACG,scnomehic,5798023.0,829117289.0,2686947.0,1254493.0,3295985.0,396509378.0,0.5684670447150693,2409421.0,2157112.0,1026355.0,906961.0,5798023.0,869703450.0,2761065.0,2132815.0,3347544.0,420188722.0,0.5773595585943692,2329992.0,2082104.0,992472.0,887205.0,873879.0,28610.0,27373.0,,,,,,,,,,,,,2018827.0,5798023.0,73.10169797496044,69.60302836945533,57.40242157763213,57.4044889424513,65.44665706913108,62.19795766687458,929862.0,0.9397942920562408,0.0307680064353635,0.0294377015083958
scNH_GM_4plex_37_S36,scnomehic,,,,,,,,,,,,,,,,,,,,,,,,,,6049107.0,37281609.0,0.1622544509814477,1063997.0,1966752.0,0.5409919501797888,467144.0,2663864.0,0.1753633068354841,0.0504918351764712,0.0,0.0,,,,,,,,,0.0,,,
scNH_GM_4plex_37_S36.CGATGT,scnomehic,3937887.0,563117841.0,1391361.0,1108059.0,2774148.0,329520322.0,0.7044762838547678,1986132.0,1779791.0,890717.0,789574.0,3937887.0,590683050.0,1461604.0,1734877.0,2804918.0,347388227.0,0.7122901190409984,1924829.0,1722204.0,860778.0,769771.0,752358.0,23824.0,23667.0,,,,,,,,,,,,,1751495.0,3937887.0,71.5943057111589,68.62336082552146,55.15318216513303,55.28028723590512,64.15631033383944,61.39944198012206,799849.0,0.940625042976862,0.0297856220361593,0.0295893349869787
scNH_GM_4plex_15_S14,scnomehic,,,,,,,,,,,,,,,,,,,,,,,,,,7452124.0,38807755.0,0.1920266709579051,1083486.0,2067210.0,0.5241296239859521,570261.0,2799788.0,0.2036800643477291,0.0524516264033966,0.0,0.0,,,,,,,,,0.0,,,
scNH_GM_4plex_15_S14.ATCACG,scnomehic,5190170.0,742194310.0,2318036.0,1110697.0,3036947.0,365733549.0,0.5851343982952388,2190921.0,1976352.0,971007.0,866729.0,5190170.0,778525500.0,2381874.0,2078301.0,3079066.0,387224631.0,0.5932495467393168,2101191.0,1891404.0,942369.0,849082.0,802408.0,21360.0,36325.0,,,,,,,,,,,,,1913376.0,5190170.0,72.14222046021877,68.24118092954163,55.68041933050074,55.15072166214304,65.07693417106061,61.42784857486004,860093.0,0.9329316713425176,0.0248345237084826,0.0422338049489997
scNH_GM_4plex_37_S36,scnomehic,,,,,,,,,,,,,,,,,,,,,,,,,,13111930.0,76985401.0,0.1703170968739904,2152957.0,4015889.0,0.5361096882906873,996809.0,5485067.0,0.1817314173190591,0.1000945458785255,0.0,0.0,,,,,,,,,0.0,,,
scNH_GM_4plex_37_S36.ATCACG,scnomehic,7191518.0,1028387074.0,2258362.0,2019186.0,5216619.0,629221212.0,0.7253849604492404,4041029.0,3625677.0,1843266.0,1635272.0,7191518.0,1078727700.0,2382772.0,3463953.0,5264829.0,665125007.0,0.7320886911497684,3905660.0,3494529.0,1780884.0,1593182.0,1550184.0,26990.0,76122.0,,,,,,,,,,,,,3624150.0,7191518.0,77.46452251927924,74.1839858426551,54.386221925158175,54.40248255096449,69.50243059728916,66.37497628128092,1653296.0,0.937632462668512,0.0163249654024445,0.0460425719290435
scNH_GM_4plex_6_S5,scnomehic,,,,,,,,,,,,,,,,,,,,,,,,,,11957849.0,75718846.0,0.1579243429040109,2246331.0,3948518.0,0.568904839739872,932892.0,5410752.0,0.1724144813881693,0.1001557922475844,0.0,0.0,,,,,,,,,0.0,,,
scNH_GM_4plex_6_S5.GCCAAT,scnomehic,6323761.0,904297823.0,1245269.0,2071686.0,5293678.0,640746510.0,0.8371091190827736,4120670.0,3698387.0,1808235.0,1602575.0,6323761.0,948564150.0,1378292.0,3407015.0,5323018.0,676583320.0,0.8417487631173917,3985169.0,3567250.0,1746581.0,1564700.0,1536280.0,46095.0,50979.0,,,,,,,,,,,,,3554816.0,6323761.0,77.8413420687847,74.86672034548822,56.11793713158298,56.17297534935155,69.86422294669227,67.0155539582996,1633354.0,0.9405676907761576,0.0282210714884832,0.0312112377353592
scNH_GM_4plex_10_S9,scnomehic,,,,,,,,,,,,,,,,,,,,,,,,,,8374253.0,53464517.0,0.1566319770549877,1475137.0,2677188.0,0.5510023950503289,632633.0,3715805.0,0.1702546285394416,0.0711357716470116,0.0,0.0,,,,,,,,,0.0,,,
scNH_GM_4plex_10_S9.GCCAAT,scnomehic,8184707.0,1170413101.0,2337102.0,2185458.0,6223205.0,746457180.0,0.7603454833508395,4169473.0,3742817.0,1314318.0,1154561.0,8184707.0,1227706050.0,2484564.0,3458126.0,6301319.0,789050145.0,0.7698893802795873,4041304.0,3619300.0,1257343.0,1127109.0,1150282.0,27932.0,44937.0,,,,,,,,,,,,,2571661.0,8184707.0,66.9988052779878,64.13425506628056,68.47759896754337,68.8876907057722,60.14291671252996,57.43718100924584,1223151.0,0.9404251805378075,0.0228361011845634,0.0367387182776288
scNH_GM_4plex_34_S33,scnomehic,,,,,,,,,,,,,,,,,,,,,,,,,,7696070.0,47259716.0,0.1628463023349526,1439172.0,2550297.0,0.5643154503181395,606208.0,3429194.0,0.1767785666252769,0.0626037162004042,0.0,0.0,,,,,,,,,0.0,,,
scNH_GM_4plex_34_S33.CGATGT,scnomehic,5382813.0,769742259.0,1672401.0,1514455.0,4005876.0,478646331.0,0.7441975041674307,2849818.0,2553938.0,1127595.0,996843.0,5382813.0,807421950.0,1768065.0,2470405.0,4040238.0,504977631.0,0.7505811552435502,2757946.0,2463249.0,1082314.0,966950.0,967231.0,27661.0,30196.0,,,,,,,,,,,,,2209909.0,5382813.0,71.14094395333255,68.26196872560479,60.43273640632489,60.75651952576302,63.75479420730946,60.96791822659953,1025088.0,0.943558992008491,0.0269840247861647,0.0294569832053443
scNH_GM_4plex_36_S35,scnomehic,,,,,,,,,,,,,,,,,,,,,,,,,,15171369.0,94460478.0,0.160610758289832,2815092.0,4772025.0,0.5899156018671319,1140929.0,6569394.0,0.1736734012300069,0.1207050192548666,0.0,0.0,,,,,,,,,0.0,,,
scNH_GM_4plex_36_S35.TGACCA,scnomehic,10118826.0,1446992118.0,2175565.0,2986573.0,8401787.0,1013823760.0,0.8303124295249271,6310905.0,5657888.0,2302056.0,2029523.0,10118826.0,1517823900.0,2383735.0,4939417.0,8444784.0,1070035244.0,0.8345616378817068,6103160.0,5451967.0,2197787.0,1962304.0,1975026.0,54874.0,68814.0,,,,,,,,,,,,,4499843.0,10118826.0,75.11384185292962,72.27135708858864,63.52256926700688,63.98935961043132,67.3414834248952,64.56017110680392,2098714.0,0.9410648616247854,0.0261464878015775,0.032788650573637
scNH_GM_4plex_23_S22,scnomehic,,,,,,,,,,,,,,,,,,,,,,,,,,12346811.0,69572531.0,0.1774667504909373,2058617.0,3738458.0,0.5506593895130024,960220.0,5074244.0,0.1892341006857376,0.0893306820855818,0.0,0.0,,,,,,,,,0.0,,,
scNH_GM_4plex_23_S22.GCCAAT,scnomehic,8285126.0,1184773018.0,2354700.0,2418721.0,6309674.0,757675713.0,0.7615664505283324,4653751.0,4165131.0,1680222.0,1478282.0,8285126.0,1242768900.0,2509251.0,3772507.0,6379043.0,800558474.0,0.7699391656807634,4497256.0,4017882.0,1603615.0,1433600.0,1431988.0,54619.0,44723.0,,,,,,,,,,,,,3283837.0,8285126.0,73.75580735232914,70.50048102826709,63.89531799187365,64.34236787943581,66.01182565058036,62.98565474476344,1531330.0,0.9351269811209864,0.0356676875657108,0.0292053313133028
scNH_GM_4plex_30_S29,scnomehic,,,,,,,,,,,,,,,,,,,,,,,,,,5803862.0,36126773.0,0.1606526550267858,986812.0,1804231.0,0.546943268350893,435170.0,2488627.0,0.1748634889840864,0.0495252558634819,0.0,0.0,,,,,,,,,0.0,,,
scNH_GM_4plex_30_S29.GCCAAT,scnomehic,4619835.0,660636405.0,1642518.0,1207966.0,3233548.0,384448540.0,0.6999271619008038,2181227.0,1959844.0,882847.0,782109.0,4619835.0,692975250.0,1720959.0,1845731.0,3299548.0,407057330.0,0.7142133864088219,2110941.0,1892811.0,848686.0,761117.0,754254.0,18328.0,25099.0,,,,,,,,,,,,,1731533.0,4619835.0,67.45615033393659,63.97667195628007,59.52521218561846,59.79584460200451,60.609707974027295,57.3657664625579,797681.0,0.9455584375207632,0.0229766034291903,0.0314649590500463
scNH_GM_4plex_39_S38,scnomehic,,,,,,,,,,,,,,,,,,,,,,,,,,11907450.0,71280181.0,0.1670513434863472,1998939.0,3566699.0,0.5604451062452985,888933.0,4924268.0,0.1805208408640634,0.095108852269867,0.0,0.0,,,,,,,,,0.0,,,
scNH_GM_4plex_39_S38.GCCAAT,scnomehic,6007025.0,859004575.0,1103117.0,1895718.0,5146122.0,621856110.0,0.8566839658566429,3951228.0,3551653.0,1726037.0,1531772.0,6007025.0,901053750.0,1231771.0,3178896.0,5179214.0,656646316.0,0.8621928492057216,3819730.0,3422400.0,1666534.0,1493730.0,1469584.0,44473.0,42042.0,,,,,,,,,,,,,3392571.0,6007025.0,76.78069039171632,73.7511522018592,56.316441369619774,56.37037172784464,69.01610571999653,66.0795248082045,1556099.0,0.9444026376213852,0.0285798011566102,0.0270175612220045
scNH_GM_4plex_16_S15,scnomehic,,,,,,,,,,,,,,,,,,,,,,,,,,7250151.0,42481778.0,0.1706649613394241,1191605.0,2245515.0,0.5306600044978547,561234.0,3047188.0,0.1841809563440129,0.057358823857141,0.0,0.0,,,,,,,,,0.0,,,
scNH_GM_4plex_16_S15.TGACCA,scnomehic,6293907.0,900028701.0,2549815.0,1411163.0,3991108.0,478898868.0,0.6341224933892414,2833773.0,2539396.0,1025728.0,903832.0,6293907.0,944086050.0,2637769.0,2438517.0,4042223.0,506842845.0,0.642243839955055,2737966.0,2444873.0,981675.0,876987.0,879984.0,26211.0,30070.0,,,,,,,,,,,,,2007403.0,6293907.0,71.002162807922,67.73416508688412,63.80345214666101,64.14582942227916,63.62634135683625,60.48337758703565,936265.0,0.9398877454566816,0.0279952791143533,0.032116975428965
scNH_GM_4plex_2_S2,scnomehic,,,,,,,,,,,,,,,,,,,,,,,,,,9551118.0,58678780.0,0.1627695395166702,1687596.0,3060509.0,0.5514102392771921,743182.0,4207749.0,0.176622227228858,0.0770062157498276,0.0,0.0,,,,,,,,,0.0,,,
scNH_GM_4plex_2_S2.GCCAAT,scnomehic,6730076.0,962400868.0,1428919.0,1986465.0,5588605.0,674170363.0,0.8303925542594169,4200146.0,3767849.0,1428035.0,1256879.0,6730076.0,1009511400.0,1567168.0,3349220.0,5631175.0,712444309.0,0.8367178914472883,4062588.0,3639584.0,1369594.0,1227955.0,1236017.0,39961.0,41296.0,,,,,,,,,,,,,2797629.0,6730076.0,75.15553523643199,72.14458794123783,66.00034855931199,66.28764718450407,67.42020593690197,64.63276314445919,1317274.0,0.9383142763009062,0.0303361335606715,0.0313495901384222
scNH_GM_4plex_47_S46,scnomehic,,,,,,,,,,,,,,,,,,,,,,,,,,16393011.0,102492191.0,0.1599440000263044,2620189.0,5181843.0,0.5056480869837238,1235391.0,7150395.0,0.1727724132722737,0.1295898148056339,0.0,0.0,,,,,,,,,0.0,,,
scNH_GM_4plex_47_S46.GCCAAT,scnomehic,10149128.0,1451325304.0,1944403.0,3246587.0,8622100.0,1041032193.0,0.849540965489843,6622916.0,5960690.0,2513854.0,2225833.0,10149128.0,1522369200.0,2162415.0,5415507.0,8679063.0,1099110943.0,0.8551535659024105,6401005.0,5742701.0,2413580.0,2167708.0,2154671.0,69759.0,67722.0,,,,,,,,,,,,,4927434.0,10149128.0,76.81325895083563,73.75225874037325,62.043094008741775,62.29373356215157,69.13269389127939,66.16729248307104,2292152.0,0.9400209933721672,0.0304338455739409,0.0295451610538917
scNH_GM_4plex_16_S15,scnomehic,,,,,,,,,,,,,,,,,,,,,,,,,,7946699.0,45752273.0,0.1736897093615436,1382181.0,2455934.0,0.5627924040304014,618379.0,3318290.0,0.1863547188461526,0.0610431814012219,0.0,0.0,,,,,,,,,0.0,,,
scNH_GM_4plex_16_S15.ATCACG,scnomehic,8616114.0,1232104302.0,4631223.0,1589946.0,4286857.0,512580436.0,0.4975394940224792,2976805.0,2666106.0,1102417.0,970921.0,8616114.0,1292417100.0,4712583.0,2927857.0,4383210.0,544869823.0,0.5087223776287082,2861768.0,2555529.0,1055429.0,942782.0,944595.0,25405.0,34504.0,,,,,,,,,,,,,2157846.0,8616114.0,69.4402682431441,65.28931992763295,62.96643549039994,63.11968685092573,62.19255739111428,58.302682280794215,1004504.0,0.9403596202703024,0.0252910889354348,0.0343492907942626
scNH_GM_4plex_40_S39,scnomehic,,,,,,,,,,,,,,,,,,,,,,,,,,6415738.0,38088514.0,0.1684428539270395,1058506.0,1938064.0,0.5461666900577071,479896.0,2675086.0,0.1793946063790098,0.0508005899880322,0.0,0.0,,,,,,,,,0.0,,,
scNH_GM_4plex_40_S39.ATCACG,scnomehic,7475737.0,1069030391.0,3911265.0,1415314.0,3873351.0,461773120.0,0.518122962324651,2551216.0,2300568.0,959930.0,852618.0,7475737.0,1121360550.0,3989083.0,2569404.0,3966595.0,490560383.0,0.5305958462690702,2449960.0,2204369.0,920373.0,828288.0,809903.0,5175.0,49615.0,,,,,,,,,,,,,1880303.0,7475737.0,65.86586136913489,61.76481339788912,62.37362888912581,62.43314176557985,59.39477212367276,55.57333178708691,864693.0,0.9366364709787172,0.0059847830386044,0.0573787459826782
scNH_GM_4plex_8_S7,scnomehic,,,,,,,,,,,,,,,,,,,,,,,,,,8899567.0,50965819.0,0.1746183456798761,1398649.0,2684090.0,0.521088711630385,679988.0,3632375.0,0.1872020372345917,0.0685003077307537,0.0,0.0,,,,,,,,,0.0,,,
scNH_GM_4plex_8_S7.CGATGT,scnomehic,6209230.0,887919890.0,1783596.0,1587472.0,4645285.0,561098582.0,0.7481257740492783,3443404.0,3079416.0,1231870.0,1084408.0,6209230.0,931384500.0,1893018.0,3097824.0,4675244.0,592508623.0,0.7529506879274886,3332856.0,2977419.0,1206399.0,1080389.0,1067966.0,43453.0,33410.0,,,,,,,,,,,,,2438269.0,6209230.0,74.12686196864132,71.28731676892158,64.22522596825699,63.80284656762849,66.29121786930189,63.6847830829792,1144829.0,0.9328607154430923,0.0379558868617059,0.0291833976952016
scNH_GM_4plex_29_S28,scnomehic,,,,,,,,,,,,,,,,,,,,,,,,,,3271838.0,20521326.0,0.1594359935610398,598696.0,1068901.0,0.5601042566149719,248833.0,1441479.0,0.1726233958316423,0.0290898004086612,0.0,0.0,,,,,,,,,0.0,,,
scNH_GM_4plex_29_S28.CGATGT,scnomehic,3093229.0,442331747.0,1736711.0,570099.0,1515276.0,177933909.0,0.489868677682771,982812.0,879425.0,492783.0,437037.0,3093229.0,463984350.0,1768277.0,908180.0,1553081.0,188736281.0,0.5020905338725326,953282.0,851672.0,477162.0,426104.0,411480.0,10436.0,14953.0,,,,,,,,,,,,,969945.0,3093229.0,64.86026308078529,61.3800568032189,49.85989182061269,49.945346707480056,58.037281656939065,54.83757769234187,436869.0,0.9418841803835932,0.0238881678489432,0.0342276517674634
scNH_GM_4plex_41_S40,scnomehic,,,,,,,,,,,,,,,,,,,,,,,,,,6108736.0,35637429.0,0.1714134877687164,1128262.0,1908271.0,0.5912483080233363,479028.0,2585427.0,0.1852800330467655,0.0478023479748618,0.0,0.0,,,,,,,,,0.0,,,
scNH_GM_4plex_41_S40.ATCACG,scnomehic,5293700.0,756999100.0,2554265.0,1129272.0,2971793.0,354602324.0,0.5613829646561006,2012179.0,1804676.0,851292.0,753382.0,5293700.0,794055000.0,2613459.0,1896235.0,3032160.0,376313907.0,0.5727865198254529,1948044.0,1743521.0,820781.0,734601.0,723494.0,19669.0,24769.0,,,,,,,,,,,,,1672073.0,5293700.0,67.70925835009369,64.24608200094983,57.69302830414193,57.866403428259325,60.72684066487807,57.50095641390956,767932.0,0.9421328971836048,0.0256129448961626,0.0322541579202325
scNH_GM_4plex_5_S4,scnomehic,,,,,,,,,,,,,,,,,,,,,,,,,,8230887.0,52682200.0,0.1562365846528808,1452727.0,2671538.0,0.5437792762071885,626217.0,3680644.0,0.1701378889129185,0.0718074832696279,0.0,0.0,,,,,,,,,0.0,,,
scNH_GM_4plex_5_S4.ATCACG,scnomehic,6614567.0,945883081.0,2924144.0,1495306.0,3911961.0,470134600.0,0.5914160367564498,2908847.0,2607337.0,1273316.0,1127343.0,6614567.0,992185050.0,3010558.0,2763467.0,3977828.0,498276470.0,0.6013739070146239,2797252.0,2502201.0,1232588.0,1103449.0,1078830.0,33119.0,35646.0,,,,,,,,,,,,,2505904.0,6614567.0,74.357770949148,70.32108980076565,56.22609233142891,55.93575409008555,66.65038327324838,62.9037002102655,1147595.0,0.9400790348511452,0.0288594843999843,0.0310614807488704
scNH_GM_4plex_23_S22,scnomehic,,,,,,,,,,,,,,,,,,,,,,,,,,10613609.0,62113915.0,0.1708732898256373,1808093.0,3251755.0,0.5560360482262655,812908.0,4439855.0,0.1830933667878793,0.0813510859270209,0.0,0.0,,,,,,,,,0.0,,,
scNH_GM_4plex_23_S22.ATCACG,scnomehic,9203973.0,1316168139.0,3934690.0,2096227.0,5581847.0,672146934.0,0.6064606013077178,4176496.0,3737645.0,1514990.0,1333039.0,9203973.0,1380595950.0,4060115.0,3803558.0,5657137.0,711575536.0,0.6146407643742544,4018701.0,3590501.0,1452822.0,1299064.0,1293771.0,48405.0,41459.0,,,,,,,,,,,,,2967812.0,9203973.0,74.82283194075366,71.03771748854588,63.72581225984653,63.8484674525425,66.96072106598407,63.46851773255624,1383635.0,0.9350522355968156,0.034983937237783,0.0299638271654012
scNH_GM_4plex_32_S31,scnomehic,,,,,,,,,,,,,,,,,,,,,,,,,,11779400.0,68451290.0,0.172084412141831,1954744.0,3572031.0,0.5472360122294572,906786.0,4893713.0,0.1852961136053544,0.0884477690566914,0.0,0.0,,,,,,,,,0.0,,,
scNH_GM_4plex_32_S31.GCCAAT,scnomehic,8362689.0,1195864527.0,2524705.0,2389175.0,6239497.0,747318653.0,0.7461113285451605,4581359.0,4121571.0,1659593.0,1467139.0,8362689.0,1254403350.0,2671560.0,3412820.0,6335844.0,791079439.0,0.7576323835550981,4455349.0,3998476.0,1580480.0,1418449.0,1431349.0,39690.0,43038.0,,,,,,,,,,,,,3240073.0,8362689.0,73.4251334682908,70.31973956429482,63.77509380950064,64.52623576738881,66.0561420255511,63.10881391650426,1514077.0,0.9453607709515434,0.0262139904377386,0.0284252386107179
scNH_GM_4plex_36_S35,scnomehic,,,,,,,,,,,,,,,,,,,,,,,,,,7968754.0,50933336.0,0.1564545860494981,1433220.0,2573674.0,0.5568770559130644,604199.0,3553469.0,0.1700307502330821,0.0677970837078409,0.0,0.0,,,,,,,,,0.0,,,
scNH_GM_4plex_36_S35.GCCAAT,scnomehic,6595700.0,943185100.0,2103598.0,1837224.0,4885357.0,581372543.0,0.7406881756295769,3357136.0,3013969.0,1249528.0,1103690.0,6595700.0,989355000.0,2227715.0,2670299.0,4968964.0,614892655.0,0.7533641614991585,3247000.0,2907091.0,1189524.0,1064625.0,1066483.0,26449.0,39275.0,,,,,,,,,,,,,2439052.0,6595700.0,68.718335220947,65.34561329081878,62.77994099732629,63.365445026178,61.69393557113636,58.50497206258689,1132207.0,0.9419505443792522,0.0233605692245322,0.0346888863962155
scNH_GM_4plex_21_S20,scnomehic,,,,,,,,,,,,,,,,,,,,,,,,,,6930301.0,43288027.0,0.1600974098449901,1287473.0,2278242.0,0.5651168752046534,537812.0,3096703.0,0.1736724509906181,0.0574185840600331,0.0,0.0,,,,,,,,,0.0,,,
scNH_GM_4plex_21_S20.TGACCA,scnomehic,6683658.0,955763094.0,2338697.0,1536241.0,4648694.0,557873114.0,0.6955313991230551,3078427.0,2750458.0,1048807.0,919270.0,6683658.0,1002548700.0,2442704.0,2501359.0,4696238.0,589932417.0,0.7026448690223228,2986878.0,2659097.0,998636.0,888876.0,905008.0,23245.0,32554.0,,,,,,,,,,,,,2047443.0,6683658.0,66.2213301198143,63.601504012360536,65.93042485659072,66.56589254733538,59.166251854822015,56.62185349209303,960807.0,0.941924861080321,0.0241932042543403,0.0338819346653386
scNH_GM_4plex_41_S40,scnomehic,,,,,,,,,,,,,,,,,,,,,,,,,,11618851.0,72837895.0,0.159516567577907,2049601.0,3776038.0,0.5427914125864199,893238.0,5145704.0,0.1735890754695567,0.0952090741289267,0.0,0.0,,,,,,,,,0.0,,,
scNH_GM_4plex_41_S40.CGATGT,scnomehic,6869659.0,982361237.0,1663879.0,2103834.0,5490571.0,661681733.0,0.7992494241708359,4297517.0,3846957.0,1749733.0,1546236.0,6869659.0,1030448850.0,1802172.0,3569702.0,5524577.0,698261819.0,0.8041995970979054,4177247.0,3736730.0,1690886.0,1512973.0,1498243.0,47105.0,46027.0,,,,,,,,,,,,,3440619.0,6869659.0,78.27085743905324,75.61206948513886,59.28502435243421,59.52152218913558,70.06478925415955,67.63830063369558,1591375.0,0.9414770245856572,0.0296001885162202,0.0289227868981226
scNH_GM_4plex_48_S47,scnomehic,,,,,,,,,,,,,,,,,,,,,,,,,,6389366.0,39125858.0,0.1633028980476287,1173563.0,2115198.0,0.5548241819441962,504832.0,2846236.0,0.1773682856938075,0.0528479214668222,0.0,0.0,,,,,,,,,0.0,,,
scNH_GM_4plex_48_S47.CGATGT,scnomehic,5003331.0,715476333.0,1868582.0,1223611.0,3371263.0,403016879.0,0.6738037119670875,2370390.0,2120281.0,935923.0,825567.0,5003331.0,750499650.0,1946679.0,2098144.0,3411703.0,426019854.0,0.6818863273287336,2295939.0,2050963.0,901599.0,806038.0,803131.0,23714.0,26839.0,,,,,,,,,,,,,1837522.0,5003331.0,70.31163098221646,67.29598092213772,60.51607541375048,60.730707566708,62.892779353019925,60.11552002035347,853684.0,0.9407825378008724,0.0277784285520169,0.0314390336471106
scNH_GM_4plex_18_S17,scnomehic,,,,,,,,,,,,,,,,,,,,,,,,,,15494982.0,93153224.0,0.1663386551172936,2762205.0,4864000.0,0.5678875411184211,1193630.0,6665848.0,0.179066489364894,0.1179352668218815,0.0,0.0,,,,,,,,,0.0,,,
scNH_GM_4plex_18_S17.ATCACG,scnomehic,13614925.0,1946934275.0,5961217.0,2962387.0,8162283.0,980444998.0,0.5995099495590317,6011415.0,5377729.0,2259406.0,1989363.0,13614925.0,2042238750.0,6140529.0,5323651.0,8281790.0,1039002162.0,0.608287596149079,5795254.0,5172942.0,2169663.0,1938512.0,1936148.0,62651.0,63564.0,,,,,,,,,,,,,4429069.0,13614925.0,73.64869608172125,69.97586270600921,62.41473929183062,62.56138212406221,65.88510836980291,62.46164174653064,2062363.0,0.9388007833732472,0.0303782602771675,0.0308209563495854
scNH_GM_4plex_1_S1,scnomehic,,,,,,,,,,,,,,,,,,,,,,,,,,3588967.0,22676846.0,0.1582657041459822,657434.0,1170183.0,0.5618215270602974,272815.0,1587391.0,0.171863768913897,0.0319406764815676,0.0,0.0,,,,,,,,,0.0,,,
scNH_GM_4plex_1_S1.CGATGT,scnomehic,3279072.0,468907296.0,1225212.0,732360.0,2169277.0,260961696.0,0.6615521098652302,1530243.0,1370166.0,547980.0,483084.0,3279072.0,491860800.0,1277797.0,1296755.0,2191015.0,275714458.0,0.6681814245005904,1487065.0,1329260.0,533285.0,477561.0,474644.0,14918.0,18017.0,,,,,,,,,,,,,1081265.0,3279072.0,70.54161363440446,67.87105519587953,64.19000119588848,64.13842031114982,63.162334731802346,60.66868551789924,507579.0,0.935113548826882,0.029390498818903,0.0354959523542148
scNH_GM_4plex_35_S34,scnomehic,,,,,,,,,,,,,,,,,,,,,,,,,,5407905.0,33037645.0,0.1636891794194168,906800.0,1712570.0,0.5294966045183555,411652.0,2328977.0,0.1767522822252001,0.0450109317747626,0.0,0.0,,,,,,,,,0.0,,,
scNH_GM_4plex_35_S34.CGATGT,scnomehic,4989284.0,713467612.0,2118331.0,1198474.0,3108462.0,370234035.0,0.6230276729085776,2155167.0,1930290.0,800959.0,706768.0,4989284.0,748392600.0,2192840.0,1900902.0,3153734.0,391403036.0,0.632101519977616,2091945.0,1869737.0,771014.0,689416.0,688513.0,18536.0,24084.0,,,,,,,,,,,,,1571973.0,4989284.0,69.33226142059964,66.33232225672806,62.83540904254752,63.143677295531184,62.09791208642731,59.28645218651922,731133.0,0.9417069124222268,0.0253524324575692,0.0329406551202038
scNH_GM_4plex_25_S24,scnomehic,,,,,,,,,,,,,,,,,,,,,,,,,,9964387.0,58590415.0,0.1700685513150913,1760479.0,3075174.0,0.572481101882365,772933.0,4215362.0,0.1833610019732587,0.076909823663881,0.0,0.0,,,,,,,,,0.0,,,
scNH_GM_4plex_25_S24.GCCAAT,scnomehic,6835946.0,977540278.0,2508969.0,1665875.0,4713625.0,559603741.0,0.6895351426123026,3446288.0,3094016.0,1411270.0,1249269.0,6835946.0,1025391900.0,2619834.0,2497022.0,4823890.0,593652649.0,0.7056653168412974,3344830.0,2996848.0,1355037.0,1213859.0,1200660.0,39322.0,33204.0,,,,,,,,,,,,,2766307.0,6835946.0,73.11332573125779,69.3388530833,59.04956289201599,59.48861377110346,65.63984194754568,62.12513137737387,1273186.0,0.9430358172333028,0.0308847254054003,0.0260794573612967
scNH_GM_4plex_33_S32,scnomehic,,,,,,,,,,,,,,,,,,,,,,,,,,7741380.0,51644118.0,0.1498985808993775,1512393.0,2756927.0,0.5485792695998116,604040.0,3695852.0,0.1634372804971627,0.0690251905233008,0.0,0.0,,,,,,,,,0.0,,,
scNH_GM_4plex_33_S32.ATCACG,scnomehic,5935697.0,848804671.0,2734726.0,1190411.0,3484241.0,415782973.0,0.586997786443614,2547472.0,2286171.0,1236104.0,1098283.0,5935697.0,890354550.0,2811917.0,2188055.0,3554784.0,441235652.0,0.5988823216548957,2454438.0,2196247.0,1190546.0,1064723.0,1040284.0,27121.0,32256.0,,,,,,,,,,,,,2426650.0,5935697.0,73.1141158146064,69.04605174322828,51.47722919035027,51.49415059577793,65.61460587829602,61.78285375426468,1099661.0,0.9460042685882284,0.0246630552506636,0.0293326761611078
scNH_GM_4plex_36_S35,scnomehic,,,,,,,,,,,,,,,,,,,,,,,,,,12925861.0,79703483.0,0.1621743556677441,2226228.0,4092085.0,0.5440326874930506,979282.0,5602499.0,0.174793783988181,0.1026881455229239,0.0,0.0,,,,,,,,,0.0,,,
scNH_GM_4plex_36_S35.ATCACG,scnomehic,10647766.0,1522630538.0,4012076.0,2640144.0,7080874.0,851244699.0,0.6650102941781403,5262222.0,4717272.0,1950285.0,1719695.0,10647766.0,1597164900.0,4178360.0,4660354.0,7171053.0,900855209.0,0.6734795824776766,5067820.0,4533238.0,1865820.0,1669522.0,1671036.0,49096.0,54066.0,,,,,,,,,,,,,3816105.0,10647766.0,74.31599545479838,70.67051380041397,62.93799463420586,63.18298597819181,66.6199116097815,63.2157927155189,1774198.0,0.9418542913474144,0.0276722214769715,0.0304734871756139
scNH_GM_4plex_26_S25,scnomehic,,,,,,,,,,,,,,,,,,,,,,,,,,7103521.0,38999051.0,0.1821459963218079,1168725.0,2118916.0,0.5515674052204051,548414.0,2846602.0,0.1926556645431992,0.0524283406602707,0.0,0.0,,,,,,,,,0.0,,,
scNH_GM_4plex_26_S25.CGATGT,scnomehic,4870832.0,696528976.0,1551179.0,1300814.0,3553419.0,425829066.0,0.729530191145989,2541212.0,2271570.0,936525.0,824924.0,4870832.0,730624800.0,1635682.0,2172191.0,3587340.0,449653515.0,0.7364942991258988,2464794.0,2199673.0,903017.0,806107.0,793782.0,35385.0,25171.0,,,,,,,,,,,,,1839542.0,4870832.0,71.51456104669897,68.70812356788038,63.14652221066168,63.36338858338668,63.92631997521261,61.31766155424353,854338.0,0.929119388345128,0.0414180336119896,0.0294625780428823
scNH_GM_4plex_31_S30,scnomehic,,,,,,,,,,,,,,,,,,,,,,,,,,7784461.0,43505523.0,0.1789304084449232,1367558.0,2366890.0,0.577786884899594,603320.0,3155956.0,0.1911686981694295,0.058842249955432,0.0,0.0,,,,,,,,,0.0,,,
scNH_GM_4plex_31_S30.CGATGT,scnomehic,4282469.0,612393067.0,1127937.0,1232945.0,3321781.0,400906024.0,0.7756695962072346,2519076.0,2255178.0,1035708.0,915833.0,4282469.0,642370350.0,1207160.0,2085201.0,3342213.0,423411431.0,0.780440675694325,2448394.0,2188434.0,1002070.0,896184.0,878671.0,31568.0,28754.0,,,,,,,,,,,,,2037778.0,4282469.0,75.8351017120033,73.2566715526509,58.88540083744992,59.07235518466391,67.89062855137048,65.47859157989033,938993.0,0.9357588395227654,0.0336189939648112,0.0306221665124234
scNH_GM_4plex_41_S40,scnomehic,,,,,,,,,,,,,,,,,,,,,,,,,,5509522.0,32248463.0,0.1708460338094252,915013.0,1663226.0,0.5501435162749981,419380.0,2271565.0,0.1846216154941637,0.0441485679690084,0.0,0.0,,,,,,,,,0.0,,,
scNH_GM_4plex_41_S40.GCCAAT,scnomehic,4245144.0,607055592.0,1637998.0,1138504.0,2879535.0,339412828.0,0.6783126791458665,1862529.0,1671198.0,774460.0,685599.0,4245144.0,636771600.0,1708061.0,1610381.0,2948448.0,359133653.0,0.6945460507346747,1802496.0,1614924.0,743317.0,665835.0,659472.0,20207.0,18407.0,,,,,,,,,,,,,1517777.0,4245144.0,64.68158921492532,61.13372187672972,58.41890247078032,58.76179475571652,58.0370789033646,54.77200208380816,698086.0,0.9446858982990636,0.0289462902851511,0.0263678114157854
scNH_GM_4plex_10_S9,scnomehic,,,,,,,,,,,,,,,,,,,,,,,,,,15159988.0,95519898.0,0.1587102616043413,2918379.0,5091097.0,0.5732318594597589,1195117.0,6936977.0,0.1722821050149078,0.1186499353243033,0.0,0.0,,,,,,,,,0.0,,,
scNH_GM_4plex_10_S9.ATCACG,scnomehic,12996114.0,1858444302.0,4016287.0,3483334.0,9387491.0,1136142633.0,0.7223306135972646,7224519.0,6482136.0,2322612.0,2041592.0,12996114.0,1949417100.0,4239895.0,6297743.0,9458879.0,1200819434.0,0.7278236402050644,6985668.0,6259335.0,2225001.0,1996381.0,2028861.0,60895.0,73819.0,,,,,,,,,,,,,4547613.0,12996114.0,76.95899788346003,73.8530221181601,67.85098080578098,68.14905890173996,69.05078257864642,66.17417349349749,2163575.0,0.9377354609847128,0.028145546144691,0.0341189928705961
scNH_GM_4plex_24_S23,scnomehic,,,,,,,,,,,,,,,,,,,,,,,,,,11611823.0,69521544.0,0.1670248146387543,2121525.0,3747196.0,0.5661633392008317,917828.0,5130426.0,0.1788989842169051,0.0874994372964237,0.0,0.0,,,,,,,,,0.0,,,
scNH_GM_4plex_24_S23.TGACCA,scnomehic,10964102.0,1567866586.0,1985463.0,3253203.0,9281358.0,1128172506.0,0.8465224055741182,6720591.0,6015126.0,1683050.0,1463572.0,10964102.0,1644615300.0,2208892.0,5683205.0,9304744.0,1190314539.0,0.8486553663948037,6510146.0,5819329.0,1600705.0,1434422.0,1505128.0,58878.0,55867.0,,,,,,,,,,,,,3283755.0,10964102.0,72.40956549677321,69.96587977057725,74.9568155538702,75.41214897484633,64.8086842464217,62.54152720375756,1619873.0,0.9291641999094992,0.0363472938927928,0.034488506197708
scNH_GM_4plex_44_S43,scnomehic,,,,,,,,,,,,,,,,,,,,,,,,,,9976039.0,67762061.0,0.1472215994138667,1919512.0,3433559.0,0.5590444200900582,759241.0,4716336.0,0.1609811090643245,0.0879816796686856,0.0,0.0,,,,,,,,,0.0,,,
scNH_GM_4plex_44_S43.GCCAAT,scnomehic,6383679.0,912866097.0,1553024.0,2020034.0,5225632.0,624344103.0,0.8185925388792262,3774129.0,3356885.0,1652594.0,1447402.0,6383679.0,957551850.0,1683894.0,3060447.0,5285053.0,659507572.0,0.8279008076690573,3649787.0,3236719.0,1583620.0,1401022.0,1393615.0,34939.0,38366.0,,,,,,,,,,,,,3236214.0,6383679.0,72.22339805022628,69.05866412314124,56.2125724902355,56.610618647060775,64.23883273831758,61.242886305965136,1466920.0,0.950027949717776,0.0238179314482044,0.0261541188340195
scNH_GM_4plex_11_S10,scnomehic,,,,,,,,,,,,,,,,,,,,,,,,,,6134456.0,39702899.0,0.1545090196058479,1079659.0,2002829.0,0.5390669897430085,463803.0,2755720.0,0.1683055607971782,0.0542625106838113,0.0,0.0,,,,,,,,,0.0,,,
scNH_GM_4plex_11_S10.GCCAAT,scnomehic,8083154.0,1155891022.0,4849337.0,1310782.0,3577840.0,421795274.0,0.4426292014231078,2278064.0,2044258.0,966488.0,855208.0,8083154.0,1212473100.0,4917217.0,1986912.0,3684839.0,449333009.0,0.4558664847904667,2203874.0,1969648.0,926710.0,828179.0,819482.0,18493.0,29304.0,,,,,,,,,,,,,1893198.0,8083154.0,63.67148894304944,59.80923454186193,57.574150682333766,57.95086288962072,57.13665228182367,53.45275600914993,867279.0,0.9448885537410684,0.0213230113954102,0.0337884348635214
scNH_GM_4plex_18_S17,scnomehic,,,,,,,,,,,,,,,,,,,,,,,,,,12634984.0,73884954.0,0.1710088903892394,2070461.0,3832726.0,0.5402058482656992,963899.0,5241467.0,0.1838987062209873,0.0955052147543321,0.0,0.0,,,,,,,,,0.0,,,
scNH_GM_4plex_18_S17.GCCAAT,scnomehic,9789742.0,1399933106.0,3641419.0,2456994.0,6620716.0,790344924.0,0.676291162729314,4825832.0,4327128.0,1797799.0,1586267.0,9789742.0,1468461300.0,3797300.0,3894978.0,6741458.0,837311106.0,0.6886246848997655,4666421.0,4179003.0,1719489.0,1540810.0,1543902.0,46903.0,45600.0,,,,,,,,,,,,,3517288.0,9789742.0,72.88988079234935,69.21975928649262,62.74634094183138,63.151867351874166,65.35740243200281,61.98960224924638,1636405.0,0.9434718177957168,0.0286622199272185,0.0278659622770646
scNH_GM_4plex_7_S6,scnomehic,,,,,,,,,,,,,,,,,,,,,,,,,,5593026.0,32896578.0,0.1700184742619734,949691.0,1706914.0,0.5563789388334738,424257.0,2330430.0,0.1820509519702372,0.0450425454679127,0.0,0.0,,,,,,,,,0.0,,,
scNH_GM_4plex_7_S6.CGATGT,scnomehic,5862908.0,838395844.0,2108451.0,1388333.0,3984007.0,478663876.0,0.6795274631633312,2557905.0,2288222.0,798731.0,700195.0,5862908.0,879436200.0,2196359.0,2519585.0,4025871.0,506098538.0,0.6866679470324283,2478459.0,2213759.0,770421.0,689400.0,698401.0,23813.0,24538.0,,,,,,,,,,,,,1569152.0,5862908.0,64.20432996227166,61.56329897306695,68.77401623594308,68.91532198031115,57.43519024941472,54.98832426573033,746752.0,0.9352515962461432,0.0318887662838532,0.0328596374700034
scNH_GM_4plex_13_S12,scnomehic,,,,,,,,,,,,,,,,,,,,,,,,,,11408866.0,68252648.0,0.1671563863719983,1872477.0,3511909.0,0.5331792480955515,863575.0,4813463.0,0.1794082555532264,0.0904356958253428,0.0,0.0,,,,,,,,,0.0,,,
scNH_GM_4plex_13_S12.GCCAAT,scnomehic,6575488.0,940294784.0,1609456.0,1974804.0,5241630.0,631244693.0,0.7971469189815266,3898388.0,3499790.0,1640361.0,1452652.0,6575488.0,986323200.0,1739401.0,2962627.0,5289499.0,667011626.0,0.8044268349360534,3786906.0,3389215.0,1581420.0,1415890.0,1394116.0,46677.0,41683.0,,,,,,,,,,,,,3221781.0,6575488.0,74.37358226353253,71.59290511256359,57.922069327116745,58.2397873092176,66.76911571400498,64.0744047782219,1482476.0,0.9403970114861894,0.0314858385565769,0.0281171499572337
scNH_GM_4plex_2_S2,scnomehic,,,,,,,,,,,,,,,,,,,,,,,,,,11908861.0,74324307.0,0.1602283489841351,1987694.0,3761743.0,0.5283970755046264,902256.0,5195699.0,0.1736544014578211,0.0967488013114196,0.0,0.0,,,,,,,,,0.0,,,
scNH_GM_4plex_2_S2.TGACCA,scnomehic,9699998.0,1387099714.0,2942128.0,2479225.0,7131867.0,859578232.0,0.7352441722152933,5411968.0,4856346.0,1826146.0,1607721.0,9699998.0,1454999700.0,3113966.0,4516149.0,7193926.0,908291323.0,0.7416420085859812,5219920.0,4674416.0,1755514.0,1573189.0,1579078.0,54659.0,50909.0,,,,,,,,,,,,,3581660.0,9699998.0,75.88430911569158,72.56010139665045,66.25726537924837,66.36894818311391,68.09361419667529,64.9772599829356,1684646.0,0.9373352027666346,0.0324453920883081,0.0302194051450571
scNH_GM_4plex_34_S33,scnomehic,,,,,,,,,,,,,,,,,,,,,,,,,,11696944.0,70902412.0,0.1649724412760457,2118423.0,3730650.0,0.5678428692050983,910991.0,5089802.0,0.178983583251372,0.0912713460603853,0.0,0.0,,,,,,,,,0.0,,,
scNH_GM_4plex_34_S33.GCCAAT,scnomehic,7372777.0,1054307111.0,2004733.0,2207342.0,5809035.0,692957250.0,0.7879032554490663,4228326.0,3804667.0,1709512.0,1515889.0,7372777.0,1105916550.0,2148366.0,3356300.0,5888924.0,732075323.0,0.7987389283576596,4087227.0,3664765.0,1632031.0,1463099.0,1458984.0,38479.0,44918.0,,,,,,,,,,,,,3341543.0,7372777.0,72.788785056382,69.40532769653676,59.5700047725743,60.06996919916608,65.49568043573503,62.23148744999936,1542381.0,0.9459297021942048,0.0249477917583268,0.0291225060474681
scNH_GM_4plex_10_S9,scnomehic,,,,,,,,,,,,,,,,,,,,,,,,,,5108354.0,31962108.0,0.1598253156518963,917292.0,1669481.0,0.5494474031150999,394044.0,2270448.0,0.1735534132470772,0.0433760286657433,0.0,0.0,,,,,,,,,0.0,,,
scNH_GM_4plex_10_S9.CGATGT,scnomehic,5609499.0,802158357.0,2057712.0,1340781.0,3798020.0,454629231.0,0.6770693782100683,2520188.0,2251667.0,776045.0,679693.0,5609499.0,841424850.0,2146279.0,2225115.0,3836613.0,479910814.0,0.683949315259705,2448036.0,2185385.0,746498.0,666999.0,681972.0,17874.0,26113.0,,,,,,,,,,,,,1522543.0,5609499.0,66.35531145175644,63.80721745977507,69.20686075800695,69.50624909110815,59.28528549086103,56.96130936323263,725959.0,0.9394084238917074,0.0246212251656085,0.035970350942684
scNH_GM_4plex_12_S11,scnomehic,,,,,,,,,,,,,,,,,,,,,,,,,,9266576.0,57502464.0,0.1611509378102475,1473890.0,2875127.0,0.5126347462216452,696065.0,4002010.0,0.1739288507524968,0.0753798389828863,0.0,0.0,,,,,,,,,0.0,,,
scNH_GM_4plex_12_S11.GCCAAT,scnomehic,9368398.0,1339680914.0,2799442.0,2483101.0,7015882.0,840204483.0,0.7488881236685291,4899237.0,4397890.0,1428527.0,1251464.0,9368398.0,1405259700.0,2971373.0,4063706.0,7110104.0,888095392.0,0.7589455529109673,4730665.0,4232723.0,1355174.0,1214394.0,1251318.0,34916.0,47324.0,,,,,,,,,,,,,2783701.0,9368398.0,69.83066419874223,66.53439949682874,70.84184741419939,71.35341437197519,62.68477719551156,59.5310982792938,1333558.0,0.938330391329061,0.0261825882338825,0.0354870204370563
scNH_GM_4plex_23_S22,scnomehic,,,,,,,,,,,,,,,,,,,,,,,,,,14693784.0,82548621.0,0.178001568312086,2395499.0,4326862.0,0.5536342504105747,1115395.0,5890053.0,0.1893692637400716,0.1064367762858884,0.0,0.0,,,,,,,,,0.0,,,
scNH_GM_4plex_23_S22.TGACCA,scnomehic,9415103.0,1346359729.0,2310796.0,2614383.0,7464629.0,902379650.0,0.7928356174117267,5571582.0,4981417.0,1990819.0,1748407.0,9415103.0,1412265450.0,2490190.0,4372761.0,7502276.0,952656998.0,0.7968341928919949,5392087.0,4803072.0,1903657.0,1696797.0,1702092.0,67940.0,49911.0,,,,,,,,,,,,,3894476.0,9415103.0,74.6397711125362,71.87268236999012,64.26833527712597,64.69535821658664,66.73361797351215,64.02153159921069,1819943.0,0.9352446752453236,0.0373308394823354,0.0274244852723409
scNH_GM_4plex_14_S13,scnomehic,,,,,,,,,,,,,,,,,,,,,,,,,,14130150.0,84925815.0,0.1663822713976898,2490095.0,4462896.0,0.5579549691500766,1095034.0,6103434.0,0.1794127699259138,0.1055523922525004,0.0,0.0,,,,,,,,,0.0,,,
scNH_GM_4plex_14_S13.GCCAAT,scnomehic,13317771.0,1904441253.0,2589635.0,3974072.0,11252829.0,1360001173.0,0.8449483776226517,8165469.0,7329879.0,2093797.0,1825526.0,13317771.0,1997665650.0,2859351.0,6239754.0,11324787.0,1436566978.0,0.8503515340517569,7940986.0,7115249.0,1981198.0,1776340.0,1861309.0,50322.0,72334.0,,,,,,,,,,,,,4074995.0,13317771.0,72.5636993150789,70.12040049848179,74.35790889659859,75.05098233393184,65.1380999391353,62.82898742378112,1983965.0,0.9381763287154764,0.025364358746248,0.0364593125382756
scNH_GM_4plex_38_S37,scnomehic,,,,,,,,,,,,,,,,,,,,,,,,,,23536658.0,144066415.0,0.1633736634593149,4140024.0,7455824.0,0.555273836936065,1804636.0,10190177.0,0.1770956480932568,0.1729369598464428,0.0,0.0,,,,,,,,,0.0,,,
scNH_GM_4plex_38_S37.ATCACG,scnomehic,14105883.0,2017141269.0,3107378.0,4225919.0,11474044.0,1391475133.0,0.8134225982166448,9263171.0,8321432.0,3503653.0,3097992.0,14105883.0,2115882450.0,3394209.0,8065597.0,11527228.0,1468650365.0,0.8171929399953197,8906003.0,7975815.0,3367487.0,3017616.0,3010688.0,95399.0,94490.0,,,,,,,,,,,,,6871140.0,14105883.0,80.73152761136353,77.26057817195947,62.17652680707286,62.18857101215888,72.52396800988387,69.19109260266215,3200577.0,0.9406703853711378,0.0298068129590383,0.0295228016698239
scNH_GM_4plex_4_S3,scnomehic,,,,,,,,,,,,,,,,,,,,,,,,,,8371132.0,52826444.0,0.158464802211559,1559707.0,2713175.0,0.5748641351921642,639684.0,3728122.0,0.1715834406706647,0.0695379188185979,0.0,0.0,,,,,,,,,0.0,,,
scNH_GM_4plex_4_S3.ATCACG,scnomehic,9107675.0,1302397525.0,3170012.0,2116161.0,6258532.0,755421739.0,0.6871712045060896,4120036.0,3688562.0,1297121.0,1137149.0,9107675.0,1366151250.0,3310669.0,4181215.0,6316095.0,798553097.0,0.6934914783410695,3946098.0,3526013.0,1249328.0,1119297.0,1139776.0,35535.0,40698.0,,,,,,,,,,,,,2546449.0,9107675.0,65.83070918228108,62.47686268176776,68.51675567883387,68.34016793298088,58.93653655521774,55.8258385917248,1216009.0,0.9373088521548772,0.0292226455560772,0.0334685022890455
scNH_GM_4plex_22_S21,scnomehic,,,,,,,,,,,,,,,,,,,,,,,,,,5716528.0,32571562.0,0.1755067196347537,955723.0,1693860.0,0.5642278582645555,432895.0,2299395.0,0.1882647392031382,0.0448145917075674,0.0,0.0,,,,,,,,,0.0,,,
scNH_GM_4plex_22_S21.ATCACG,scnomehic,5364827.0,767170261.0,2337199.0,1108349.0,3237191.0,388633848.0,0.6034101379224344,2088787.0,1863254.0,789267.0,693411.0,5364827.0,804724050.0,2405019.0,2127401.0,3288004.0,411852155.0,0.6128816455777605,2005509.0,1785132.0,759562.0,676859.0,676542.0,21539.0,21360.0,,,,,,,,,,,,,1548829.0,5364827.0,64.5246758686775,60.994725067244445,62.21409842171557,62.12622331787093,57.557740646134256,54.29226971743344,719441.0,0.940371760853218,0.0299385217133858,0.0296897174333962
scNH_GM_4plex_29_S28,scnomehic,,,,,,,,,,,,,,,,,,,,,,,,,,12206168.0,72231638.0,0.1689864488466951,1986448.0,3698321.0,0.5371215748984471,922598.0,5027613.0,0.1835061688320083,0.0963062805768345,0.0,0.0,,,,,,,,,0.0,,,
scNH_GM_4plex_29_S28.TGACCA,scnomehic,5977314.0,854755902.0,1895713.0,1547085.0,4358425.0,523549226.0,0.7291611248798373,3404240.0,3051563.0,1731517.0,1538351.0,5977314.0,896597100.0,1999917.0,2541856.0,4400102.0,553643802.0,0.7361336546816848,3294151.0,2943306.0,1671635.0,1492689.0,1454310.0,37765.0,42058.0,,,,,,,,,,,,,3403152.0,5977314.0,78.1071143819155,74.86533266728816,49.136459239066575,49.2544512986806,70.01526927731922,66.89176750902593,1534133.0,0.9479686572155088,0.0246165097810946,0.0274148330033967
scNH_GM_4plex_31_S30,scnomehic,,,,,,,,,,,,,,,,,,,,,,,,,,13262208.0,82188576.0,0.1613631558721737,2167987.0,4156706.0,0.5215637093410023,998879.0,5695523.0,0.1753796797941119,0.1080859116860107,0.0,0.0,,,,,,,,,0.0,,,
scNH_GM_4plex_31_S30.TGACCA,scnomehic,7805031.0,1116119433.0,1909699.0,2247799.0,6183508.0,747450667.0,0.792246436945606,4741344.0,4256741.0,1979574.0,1754119.0,7805031.0,1170754650.0,2062638.0,3745456.0,6220139.0,789373573.0,0.7969396918474764,4596645.0,4113754.0,1910528.0,1709835.0,1691278.0,49398.0,52981.0,,,,,,,,,,,,,3890102.0,7805031.0,76.67725181240164,73.89939356660679,58.24867379375974,58.43646833723292,68.84022790946499,66.13604615588173,1793657.0,0.9429216399791042,0.027540382581508,0.0295379774393877
scNH_GM_4plex_38_S37,scnomehic,,,,,,,,,,,,,,,,,,,,,,,,,,15075050.0,93490463.0,0.1612469284701264,2438616.0,4686463.0,0.5203531960030411,1134123.0,6474008.0,0.1751809698103555,0.1195894652517383,0.0,0.0,,,,,,,,,0.0,,,
scNH_GM_4plex_38_S37.GCCAAT,scnomehic,9507429.0,1359562347.0,1901757.0,2957122.0,8014634.0,966711504.0,0.8429864687919311,6119743.0,5501530.0,2290271.0,2025489.0,9507429.0,1426114350.0,2107524.0,5149485.0,8072727.0,1020247557.0,0.8490967431889315,5898834.0,5284329.0,2198554.0,1971114.0,1969267.0,59942.0,59614.0,,,,,,,,,,,,,4488825.0,9507429.0,76.35711125423819,73.07114436051162,62.57569966581931,62.72900712242453,68.64355877011977,65.45903261685922,2088823.0,0.9427639393093624,0.0286965434601208,0.0285395172305168
scNH_GM_4plex_40_S39,scnomehic,,,,,,,,,,,,,,,,,,,,,,,,,,12565477.0,76182050.0,0.1649401269721673,2177782.0,4022852.0,0.5413527517293701,968033.0,5462926.0,0.1772004599732817,0.0984746379828979,0.0,0.0,,,,,,,,,0.0,,,
scNH_GM_4plex_40_S39.CGATGT,scnomehic,7983868.0,1141693124.0,1938072.0,2347486.0,6355986.0,767455247.0,0.7961035928950729,4988328.0,4468794.0,1836314.0,1619812.0,7983868.0,1197580200.0,2096704.0,4211017.0,6392450.0,809987340.0,0.8006708026735913,4830177.0,4324391.0,1767741.0,1583436.0,1583076.0,54713.0,47893.0,,,,,,,,,,,,,3604055.0,7983868.0,78.4823629252802,75.56065358352431,63.18778556662673,63.40214861691405,70.30843050944416,67.64841336263873,1685682.0,0.9391308680996772,0.0324574860501565,0.0284116458501662
scNH_GM_4plex_9_S8,scnomehic,,,,,,,,,,,,,,,,,,,,,,,,,,9530878.0,54325074.0,0.1754416017914674,1593002.0,2846131.0,0.5597078981958314,722460.0,3875549.0,0.1864148795435175,0.0723589538232916,0.0,0.0,,,,,,,,,0.0,,,
scNH_GM_4plex_9_S8.GCCAAT,scnomehic,6845634.0,978925662.0,2021701.0,1861820.0,5146514.0,616738452.0,0.7517950857437018,3666982.0,3293156.0,1323154.0,1167583.0,6845634.0,1026845100.0,2143986.0,3160061.0,5215510.0,652377543.0,0.7618739184712475,3536056.0,3166613.0,1269443.0,1138150.0,1128376.0,44991.0,38803.0,,,,,,,,,,,,,2592597.0,6845634.0,71.25176381527379,67.79885380336727,63.917084948876216,64.10003122122501,63.98808980214569,60.71530876175101,1212170.0,0.930872732372522,0.0371160810777366,0.0320111865497413
scNH_GM_4plex_13_S12,scnomehic,,,,,,,,,,,,,,,,,,,,,,,,,,10130671.0,58839750.0,0.1721739300387918,1655292.0,3021371.0,0.5478612192941549,756714.0,4127644.0,0.1833283102903254,0.0795069698485088,0.0,0.0,,,,,,,,,0.0,,,
scNH_GM_4plex_13_S12.TGACCA,scnomehic,5751782.0,822504826.0,1353996.0,1643674.0,4603889.0,557158218.0,0.8004282846603018,3405438.0,3045881.0,1408588.0,1243042.0,5751782.0,862767300.0,1464034.0,2736515.0,4625463.0,588316447.0,0.804179122226816,3304260.0,2948155.0,1363097.0,1217073.0,1196968.0,47297.0,34457.0,,,,,,,,,,,,,2771685.0,5751782.0,73.96872513650959,71.43630810580476,58.63709748936847,58.74728380938545,66.1588713368198,63.73751125022511,1278722.0,0.9360658532503546,0.0369877111678691,0.0269464355817761
scNH_GM_4plex_35_S34,scnomehic,,,,,,,,,,,,,,,,,,,,,,,,,,19250081.0,117906854.0,0.1632651567482243,3358255.0,5935024.0,0.5658368020078773,1443405.0,8175631.0,0.1765496754929374,0.1472538858512078,0.0,0.0,,,,,,,,,0.0,,,
scNH_GM_4plex_35_S34.TGACCA,scnomehic,11505066.0,1645224438.0,2278515.0,3545460.0,9677955.0,1170999120.0,0.8411907415394227,7671859.0,6887515.0,2875316.0,2540387.0,11505066.0,1725759900.0,2523137.0,5889263.0,9719477.0,1236142691.0,0.844799760383817,7438265.0,6657793.0,2762164.0,2472045.0,2472767.0,81182.0,69447.0,,,,,,,,,,,,,5637480.0,11505066.0,79.27148865643619,76.52947787211184,62.5212611441373,62.865480054824616,71.16704923715805,68.49949848124545,2623396.0,0.94258243894555,0.0309453852944808,0.0264721757599691
scNH_GM_4plex_45_S44,scnomehic,,,,,,,,,,,,,,,,,,,,,,,,,,12096888.0,75691985.0,0.159817291090992,1992617.0,3881020.0,0.5134261096309733,925329.0,5338827.0,0.1733206563913758,0.0974610426564203,0.0,0.0,,,,,,,,,0.0,,,
scNH_GM_4plex_45_S44.GCCAAT,scnomehic,8306333.0,1187805619.0,2044300.0,2562745.0,6710394.0,803393898.0,0.8078647942479551,4891063.0,4393418.0,1846241.0,1631625.0,8306333.0,1245949950.0,2215825.0,3977312.0,6794044.0,848840005.0,0.817935423489523,4731968.0,4236733.0,1765431.0,1580589.0,1580990.0,47430.0,47053.0,,,,,,,,,,,,,3611672.0,8306333.0,72.88786619682838,69.64876883340762,62.252765912031805,62.69140027996808,65.47183369560715,62.35951665900309,1675473.0,0.9436081631873506,0.0283084239495354,0.0280834128631138
scNH_GM_4plex_30_S29,scnomehic,,,,,,,,,,,,,,,,,,,,,,,,,,6478866.0,36012700.0,0.1799050335020701,996081.0,1851867.0,0.5378793401469976,488743.0,2534230.0,0.1928566073324047,0.0489548925796852,0.0,0.0,,,,,,,,,0.0,,,
scNH_GM_4plex_30_S29.ATCACG,scnomehic,5494862.0,785765266.0,2509029.0,1128798.0,3221540.0,385317710.0,0.5862822396631617,2142638.0,1918100.0,869231.0,767980.0,5494862.0,824229300.0,2575377.0,2044968.0,3282111.0,408425679.0,0.5973054464334137,2065187.0,1843865.0,838997.0,749764.0,742032.0,21715.0,23468.0,,,,,,,,,,,,,1708228.0,5494862.0,66.50974378713286,62.92252151130781,59.43173788572778,59.3742842657832,59.53984740217412,56.17923951993093,787215.0,0.9426039900154342,0.0275845861676924,0.0298114238168734
scNH_GM_4plex_42_S41,scnomehic,,,,,,,,,,,,,,,,,,,,,,,,,,12603075.0,72543371.0,0.1737315874113432,1875870.0,3622422.0,0.5178496597028176,929265.0,5013036.0,0.185369704107451,0.095415177665886,0.0,0.0,,,,,,,,,0.0,,,
scNH_GM_4plex_42_S41.GCCAAT,scnomehic,7434330.0,1063109190.0,2053570.0,2082940.0,5760202.0,689919817.0,0.7748111800256379,4290450.0,3858497.0,1771803.0,1571947.0,7434330.0,1115149500.0,2193817.0,3600751.0,5835499.0,729093837.0,0.7849394632737584,4130281.0,3703362.0,1703915.0,1528383.0,1501726.0,55026.0,42432.0,,,,,,,,,,,,,3475718.0,7434330.0,74.48436704129473,70.77854010428243,58.70356256336749,58.74578509307236,66.98544599651193,63.46264475411615,1599184.0,0.9390576694113998,0.0344087984872284,0.0265335321013717
scNH_GM_4plex_44_S43,scnomehic,,,,,,,,,,,,,,,,,,,,,,,,,,4016954.0,26538067.0,0.1513657343618885,797293.0,1408438.0,0.5660831360698874,313269.0,1894864.0,0.1653253215006459,0.0365716186454866,0.0,0.0,,,,,,,,,0.0,,,
scNH_GM_4plex_44_S43.CGATGT,scnomehic,3605407.0,515573201.0,1601566.0,822871.0,2192454.0,260047942.0,0.608101665082472,1493318.0,1334251.0,633070.0,558982.0,3605407.0,540811050.0,1651559.0,1350417.0,2228851.0,275058809.0,0.6181967805576458,1450460.0,1295366.0,611878.0,546141.0,540973.0,13860.0,18073.0,,,,,,,,,,,,,1244948.0,3605407.0,68.11171408841416,65.07657981623716,57.60648435229469,57.81490010065773,60.85651055848834,58.118106593935615,572906.0,0.944261362247908,0.0241924504194405,0.0315461873326514
scNH_GM_4plex_15_S14,scnomehic,,,,,,,,,,,,,,,,,,,,,,,,,,15224564.0,93907686.0,0.1621226616104671,2472709.0,4718282.0,0.5240697779403605,1146404.0,6495698.0,0.1764866531664495,0.1232825717241042,0.0,0.0,,,,,,,,,0.0,,,
scNH_GM_4plex_15_S14.GCCAAT,scnomehic,7465691.0,1067593813.0,1196885.0,2356250.0,6510523.0,789404135.0,0.8720589962804515,5162700.0,4638047.0,2272018.0,2016623.0,7465691.0,1119853650.0,1365756.0,4128031.0,6539401.0,833090466.0,0.8759270910087225,4988094.0,4472651.0,2209621.0,1983409.0,1933207.0,62260.0,59809.0,,,,,,,,,,,,,4481639.0,7465691.0,79.29777684527033,76.27753673463364,55.99167102485134,55.70209783536557,71.23923838376733,68.39542337287467,2055276.0,0.9406070036335752,0.0302927684651599,0.0291002279012648
scNH_GM_4plex_17_S16,scnomehic,,,,,,,,,,,,,,,,,,,,,,,,,,6081003.0,32492290.0,0.1871521828716905,868051.0,1662798.0,0.5220423647370276,448876.0,2276627.0,0.1971671248737715,0.0445995347210838,0.0,0.0,,,,,,,,,0.0,,,
scNH_GM_4plex_17_S16.ATCACG,scnomehic,7711104.0,1102687872.0,4813286.0,1129411.0,3168005.0,376053803.0,0.4108367621549391,2125999.0,1906614.0,800521.0,707377.0,7711104.0,1156665600.0,4863909.0,2235857.0,3279810.0,401569070.0,0.4253359830187739,2038327.0,1824244.0,772742.0,692122.0,677084.0,31723.0,18574.0,,,,,,,,,,,,,1573263.0,7711104.0,67.10844837681759,62.14771587378537,62.3461252803976,62.0893997871784,60.18342774080217,55.62041703635272,727381.0,0.9308519194204964,0.0436126321693857,0.0255354484101179
scNH_GM_4plex_26_S25,scnomehic,,,,,,,,,,,,,,,,,,,,,,,,,,13420168.0,74800538.0,0.179412720266798,2024249.0,3794704.0,0.5334405529390435,995254.0,5223014.0,0.1905516623160497,0.0977294348465463,0.0,0.0,,,,,,,,,0.0,,,
scNH_GM_4plex_26_S25.GCCAAT,scnomehic,8191044.0,1171319292.0,2028671.0,2496870.0,6559115.0,787020583.0,0.8007666666178328,4868591.0,4374478.0,1822987.0,1612201.0,8191044.0,1228656600.0,2192461.0,3874687.0,6639396.0,831671210.0,0.8105677371529197,4709252.0,4215289.0,1746729.0,1564014.0,1548444.0,61411.0,44778.0,,,,,,,,,,,,,3569716.0,8191044.0,74.22633998641585,70.92892184771024,62.556168714932106,62.908568069833606,66.6931133239774,63.48904328044298,1654633.0,0.9358232308916842,0.0371145746519016,0.0270621944564142
scNH_GM_4plex_27_S26,scnomehic,,,,,,,,,,,,,,,,,,,,,,,,,,11097419.0,69318493.0,0.1600931947554024,1850816.0,3518538.0,0.5260184769924326,839126.0,4824053.0,0.1739462646865612,0.091601143655802,0.0,0.0,,,,,,,,,0.0,,,
scNH_GM_4plex_27_S26.TGACCA,scnomehic,7149686.0,1022405098.0,2430622.0,1738864.0,5085051.0,608734988.0,0.7112271783683927,3732509.0,3350587.0,1673554.0,1485159.0,7149686.0,1072452900.0,2550317.0,2834952.0,5141380.0,643792632.0,0.719105706180663,3619482.0,3237920.0,1608761.0,1438134.0,1417436.0,39338.0,39565.0,,,,,,,,,,,,,3282315.0,7149686.0,73.4016040350431,70.39903683446856,55.16276049166928,55.55272826332608,65.89092223460491,62.97764413445417,1496339.0,0.947269301942942,0.0262894972329131,0.0264412008241447
scNH_GM_4plex_32_S31,scnomehic,,,,,,,,,,,,,,,,,,,,,,,,,,6892147.0,42171216.0,0.1634324938602671,1155862.0,2123863.0,0.544226251881595,515537.0,2918302.0,0.1766564940845738,0.0574212218678789,0.0,0.0,,,,,,,,,0.0,,,
scNH_GM_4plex_32_S31.TGACCA,scnomehic,6161540.0,881100220.0,2291032.0,1403184.0,4131210.0,495813294.0,0.6704833531876772,2864991.0,2570244.0,1022209.0,901002.0,6161540.0,924231000.0,2384039.0,2233340.0,4180900.0,524566409.0,0.678547895493659,2784645.0,2491048.0,978929.0,875299.0,884346.0,21025.0,31573.0,,,,,,,,,,,,,2001138.0,6161540.0,69.34992411424255,66.60396086966921,64.32069071072127,64.84546504132483,62.21528317369487,59.58162118204214,936944.0,0.9438621731928484,0.0224399750678802,0.0336978517392715
scNH_GM_4plex_47_S46,scnomehic,,,,,,,,,,,,,,,,,,,,,,,,,,8967156.0,60609252.0,0.1479502832339854,1806405.0,3216927.0,0.5615312377309153,703460.0,4358510.0,0.1613991937611706,0.0787887773870669,0.0,0.0,,,,,,,,,0.0,,,
scNH_GM_4plex_47_S46.ATCACG,scnomehic,8245348.0,1179084764.0,3591685.0,1846327.0,4946119.0,595112702.0,0.5998678285015987,3710967.0,3320784.0,1461564.0,1287559.0,8245348.0,1236802200.0,3697964.0,3363644.0,5018400.0,630961328.0,0.6086341049522712,3588140.0,3207920.0,1404450.0,1255089.0,1255743.0,33170.0,40849.0,,,,,,,,,,,,,2866014.0,8245348.0,75.02785517291436,71.49968117328233,60.61500951099808,60.85855066970631,67.139185288506,63.92316276103938,1329762.0,0.9443366557323792,0.02494431334329,0.0307190309243308
scNH_GM_4plex_31_S30,scnomehic,,,,,,,,,,,,,,,,,,,,,,,,,,5407408.0,33891205.0,0.1595519545557616,938601.0,1717875.0,0.5463732809430255,410770.0,2352466.0,0.1746125129969997,0.0471624716638363,0.0,0.0,,,,,,,,,0.0,,,
scNH_GM_4plex_31_S30.ATCACG,scnomehic,5026935.0,718851705.0,2412460.0,1002646.0,2787815.0,334697844.0,0.5545755017719545,1934716.0,1734606.0,817001.0,723200.0,5026935.0,754040250.0,2468763.0,1838266.0,2838403.0,355244064.0,0.5646388902979649,1869287.0,1673173.0,789794.0,707111.0,698516.0,16013.0,24552.0,,,,,,,,,,,,,1606795.0,5026935.0,69.39900961864399,65.85699775542795,57.77152822429752,57.74891710047735,62.22098668670626,58.947689951004136,739081.0,0.9451142702897248,0.0216660961383123,0.033219633571963
scNH_GM_4plex_44_S43,scnomehic,,,,,,,,,,,,,,,,,,,,,,,,,,12138290.0,72992583.0,0.1662948412169494,2041971.0,3827784.0,0.5334603519947834,936611.0,5199280.0,0.1801424427997723,0.094822242527769,0.0,0.0,,,,,,,,,0.0,,,
scNH_GM_4plex_44_S43.ATCACG,scnomehic,7850297.0,1122592471.0,2809575.0,1930915.0,5370497.0,646112897.0,0.6841138621889082,4097469.0,3670033.0,1756849.0,1554353.0,7850297.0,1177544550.0,2930896.0,3548924.0,5436330.0,683834637.0,0.6924999143344513,3950253.0,3530295.0,1693726.0,1514351.0,1496481.0,39882.0,47227.0,,,,,,,,,,,,,3450575.0,7850297.0,76.29589961599457,72.66396631551065,57.123556029343966,57.12360701960102,68.33693417946235,64.93893858540596,1583590.0,0.9449927064454816,0.0251845490309991,0.0298227445235193
scNH_GM_4plex_4_S3,scnomehic,,,,,,,,,,,,,,,,,,,,,,,,,,7745832.0,46024741.0,0.1682971339262941,1339609.0,2430663.0,0.5511290540893575,601860.0,3303376.0,0.1821954267391904,0.0607042690619281,0.0,0.0,,,,,,,,,0.0,,,
scNH_GM_4plex_4_S3.TGACCA,scnomehic,7608437.0,1088006491.0,2789346.0,1757493.0,5117646.0,615017091.0,0.6726277683576798,3550186.0,3180467.0,1119168.0,981199.0,7608437.0,1141265550.0,2904321.0,2997435.0,5172304.0,649855377.0,0.6798116354252522,3426817.0,3058586.0,1073492.0,959735.0,978566.0,29043.0,36370.0,,,,,,,,,,,,,2192660.0,7608437.0,69.37146492742953,66.25320166796074,68.47579253594037,68.6737867823114,62.1470691798534,59.13391788263026,1043979.0,0.9373426093819894,0.02781952510539,0.0348378655126204
scNH_GM_4plex_19_S18,scnomehic,,,,,,,,,,,,,,,,,,,,,,,,,,6198905.0,36962084.0,0.1677098347593171,1110085.0,1978522.0,0.5610678071813202,484458.0,2664254.0,0.181836266361991,0.049953483982876,0.0,0.0,,,,,,,,,0.0,,,
scNH_GM_4plex_19_S18.GCCAAT,scnomehic,3977821.0,568828403.0,1072011.0,1163870.0,3113668.0,372556917.0,0.782757192945585,2067221.0,1852138.0,882721.0,780427.0,3977821.0,596673150.0,1149056.0,1730196.0,3150899.0,393480703.0,0.7921168398477458,2003987.0,1789856.0,850131.0,758990.0,745552.0,20488.0,26695.0,,,,,,,,,,,,,1732852.0,3977821.0,66.39182469036518,63.60048354453761,57.29914701911407,57.57801822067707,59.4841196941999,56.804613540453055,792735.0,0.9404807407267246,0.0258447022018707,0.0336745570714046
scNH_GM_4plex_1_S1,scnomehic,,,,,,,,,,,,,,,,,,,,,,,,,,14214405.0,86662210.0,0.1640207998388224,2414156.0,4522186.0,0.5338471261465141,1092983.0,6148730.0,0.1777575206587376,0.112306073585856,0.0,0.0,,,,,,,,,0.0,,,
scNH_GM_4plex_1_S1.ATCACG,scnomehic,8960742.0,1281386106.0,2150957.0,2601496.0,7061151.0,857263165.0,0.7880096313452614,5650471.0,5067046.0,2094526.0,1848495.0,8960742.0,1344111300.0,2329001.0,4639302.0,7096491.0,905223896.0,0.7919535011721127,5465151.0,4893601.0,2035797.0,1826128.0,1810337.0,59413.0,64875.0,,,,,,,,,,,,,4130323.0,8960742.0,80.02195392790779,77.01201903870518,62.93183347016558,62.74948304264603,71.759490768573,68.95803855736588,1934625.0,0.935756025069458,0.0307103443819861,0.0335336305485559
scNH_GM_4plex_7_S6,scnomehic,,,,,,,,,,,,,,,,,,,,,,,,,,9964495.0,61308926.0,0.1625292702077345,1830557.0,3245772.0,0.5639820048974481,775614.0,4440977.0,0.1746494071011851,0.0798413536875533,0.0,0.0,,,,,,,,,0.0,,,
scNH_GM_4plex_7_S6.GCCAAT,scnomehic,7954809.0,1137537687.0,1983708.0,2375603.0,6279661.0,757048054.0,0.7894169426318093,4581106.0,4106234.0,1478041.0,1296897.0,7954809.0,1193221350.0,2133542.0,3951702.0,6344195.0,800407626.0,0.7975295195648318,4431937.0,3966440.0,1416225.0,1268905.0,1290602.0,44333.0,42088.0,,,,,,,,,,,,,2894266.0,7954809.0,72.95148575695409,69.858145911341,67.73615367118771,68.04501056761411,65.38942149902678,62.52077686767195,1377023.0,0.9372406996833024,0.0321948144656988,0.0305644858509988
scNH_GM_4plex_15_S14,scnomehic,,,,,,,,,,,,,,,,,,,,,,,,,,15598260.0,95496902.0,0.1633378640911304,2645071.0,4842026.0,0.5462736053048869,1176891.0,6647725.0,0.1770366553971471,0.1229584010434794,0.0,0.0,,,,,,,,,0.0,,,
scNH_GM_4plex_15_S14.TGACCA,scnomehic,7351879.0,1051318697.0,1053042.0,2262996.0,6508699.0,791414345.0,0.8853109524789513,5246165.0,4708723.0,2304119.0,2043497.0,7351879.0,1102781850.0,1220870.0,4149007.0,6520338.0,834857617.0,0.8868940851719675,5076333.0,4546030.0,2241794.0,2009101.0,1954513.0,72897.0,58926.0,,,,,,,,,,,,,4545913.0,7351879.0,80.60236001081014,77.85383211729207,56.07993648693855,55.83831872337768,72.34507234087796,69.72077214402076,2086336.0,0.9368160257983372,0.0349402013865456,0.028243772815117
scNH_GM_4plex_21_S20,scnomehic,,,,,,,,,,,,,,,,,,,,,,,,,,12614496.0,73654340.0,0.1712661602832908,2091303.0,3835998.0,0.5451783342952734,956625.0,5227015.0,0.1830155452012286,0.0954373759624853,0.0,0.0,,,,,,,,,0.0,,,
scNH_GM_4plex_21_S20.ATCACG,scnomehic,10643704.0,1522049672.0,3858674.0,2559825.0,7184078.0,865948902.0,0.6749603333576356,5249477.0,4686832.0,1790345.0,1568767.0,10643704.0,1596555600.0,4020584.0,4651162.0,7259343.0,916318962.0,0.6820316498842884,5072132.0,4515835.0,1714021.0,1527381.0,1540184.0,58803.0,47657.0,,,,,,,,,,,,,3504366.0,10643704.0,73.07099115571964,69.8704001174762,65.8947929479451,66.20709003630031,65.2391580380948,62.207213517807325,1646644.0,0.9353472881812948,0.0357108154525203,0.0289418963661847
scNH_GM_4plex_40_S39,scnomehic,,,,,,,,,,,,,,,,,,,,,,,,,,7889963.0,45817179.0,0.1722053424546282,1258475.0,2303925.0,0.5462308885922936,588051.0,3189784.0,0.1843544892067926,0.061441059407426,0.0,0.0,,,,,,,,,0.0,,,
scNH_GM_4plex_40_S39.GCCAAT,scnomehic,5707677.0,816197811.0,1642034.0,1602320.0,4365345.0,522135633.0,0.7648199083444981,3035047.0,2726991.0,1120353.0,990449.0,5707677.0,856151550.0,1748669.0,2604421.0,4428480.0,552100528.0,0.7758813261507265,2927540.0,2624238.0,1074707.0,964193.0,962210.0,33707.0,26429.0,,,,,,,,,,,,,2195060.0,5707677.0,69.52593666709046,66.1071067273647,63.08614001694208,63.28975863694433,62.469083199609656,59.25821049208759,1022346.0,0.9411784268730938,0.0329702468635863,0.0258513262633198
scNH_GM_4plex_26_S25,scnomehic,,,,,,,,,,,,,,,,,,,,,,,,,,5930997.0,36236936.0,0.1636726957268131,1015654.0,1832362.0,0.5542867621135998,449122.0,2524573.0,0.1779001835161827,0.0495250194059607,0.0,0.0,,,,,,,,,0.0,,,
scNH_GM_4plex_26_S25.TGACCA,scnomehic,4905632.0,701505376.0,1645975.0,1174909.0,3489739.0,418575901.0,0.7113739881018388,2336906.0,2095663.0,877754.0,774793.0,4905632.0,735844800.0,1725551.0,1921868.0,3527829.0,442467793.0,0.7191385330167448,2262367.0,2020594.0,841340.0,751322.0,752304.0,18950.0,27091.0,,,,,,,,,,,,,1719094.0,4905632.0,66.96506529571408,64.12915705381411,62.43948194749811,62.81151554986437,60.052141435219085,57.275848687677325,798345.0,0.9423294440373524,0.0237366051018043,0.0339339508608433
scNH_GM_4plex_48_S47,scnomehic,,,,,,,,,,,,,,,,,,,,,,,,,,7175020.0,41633602.0,0.172337238560334,1100652.0,2097151.0,0.5248320221099959,532913.0,2895142.0,0.1840714548716436,0.0566313185823567,0.0,0.0,,,,,,,,,0.0,,,
scNH_GM_4plex_48_S47.GCCAAT,scnomehic,7502935.0,1072919705.0,2169592.0,1471321.0,5756477.0,688723422.0,0.7672300239839476,2534518.0,2272774.0,1015205.0,897693.0,7502935.0,1125440250.0,2263405.0,2739189.0,5842272.0,728863038.0,0.7786648824759911,2447470.0,2190346.0,973063.0,871249.0,863711.0,26978.0,26520.0,,,,,,,,,,,,,1988268.0,7502935.0,44.02897814062317,41.89243499789123,59.94484947433792,60.24208672629287,39.48203041547808,37.49133898592876,917209.0,0.941673053796899,0.029413143569241,0.0289138026338598
scNH_GM_4plex_39_S38,scnomehic,,,,,,,,,,,,,,,,,,,,,,,,,,9169284.0,56618007.0,0.1619499605487702,1704948.0,2945575.0,0.5788166996257097,713138.0,4042331.0,0.1764175175165022,0.0758521549780878,0.0,0.0,,,,,,,,,0.0,,,
scNH_GM_4plex_39_S38.TGACCA,scnomehic,4975345.0,711474335.0,1126114.0,1415796.0,4037310.0,488418579.0,0.8114633256588236,3071510.0,2758223.0,1347867.0,1195539.0,4975345.0,746301750.0,1223319.0,2428657.0,4056846.0,515752825.0,0.8153898875354373,2975913.0,2663672.0,1304522.0,1168254.0,1151324.0,32708.0,36266.0,,,,,,,,,,,,,2652389.0,4975345.0,76.07813123094338,73.35533564744632,56.11712154607994,56.16397387961274,68.3183357235387,65.6586915056672,1220298.0,0.9434777406830136,0.0268032890326789,0.0297189702843076
scNH_GM_4plex_46_S45,scnomehic,,,,,,,,,,,,,,,,,,,,,,,,,,6426937.0,35567203.0,0.1806984091495752,1015129.0,1793208.0,0.5660966268274511,475182.0,2474738.0,0.1920130535030375,0.0489252853882841,0.0,0.0,,,,,,,,,0.0,,,
scNH_GM_4plex_46_S45.GCCAAT,scnomehic,4188698.0,598983814.0,1383844.0,1124738.0,3023094.0,360813044.0,0.7217264171348711,2003036.0,1796010.0,862265.0,763840.0,4188698.0,628304700.0,1454118.0,1854818.0,3068592.0,381387699.0,0.7325885036352585,1934562.0,1729212.0,832510.0,744941.0,727050.0,25941.0,21921.0,,,,,,,,,,,,,1694775.0,4188698.0,66.25781401438394,63.04396283376871,56.95209671718331,56.96648647083939,59.40966440342245,56.3519685901547,774912.0,0.9382355673934588,0.0334760592170465,0.0282883733894945
scNH_GM_4plex_9_S8,scnomehic,,,,,,,,,,,,,,,,,,,,,,,,,,10919777.0,61245673.0,0.1782946690780914,1688002.0,3158739.0,0.5343910972068284,814425.0,4322974.0,0.1883946098218495,0.0812432942013953,0.0,0.0,,,,,,,,,0.0,,,
scNH_GM_4plex_9_S8.ATCACG,scnomehic,10863727.0,1553512961.0,5556583.0,1989754.0,5621695.0,676784059.0,0.5174738835024113,4111690.0,3687717.0,1502276.0,1325551.0,10863727.0,1629559050.0,5668819.0,3965034.0,5705805.0,717986430.0,0.525216162004071,3956152.0,3540011.0,1449790.0,1299088.0,1274905.0,60268.0,38720.0,,,,,,,,,,,,,2952066.0,10863727.0,73.13968473921122,69.33556264190592,63.46329611424986,63.35353141133101,65.59795577668301,62.04227098542625,1373893.0,0.9279507210532408,0.0438665893195467,0.0281826896272125
scNH_GM_4plex_28_S27,scnomehic,,,,,,,,,,,,,,,,,,,,,,,,,,11126080.0,64731903.0,0.1718793899817838,1747727.0,3298110.0,0.5299177407666815,828673.0,4503867.0,0.1839914455733262,0.0857028672446432,0.0,0.0,,,,,,,,,0.0,,,
scNH_GM_4plex_28_S27.TGACCA,scnomehic,7703393.0,1101585199.0,3026853.0,1822758.0,5070410.0,604992053.0,0.6582047676913277,3677167.0,3297905.0,1569111.0,1389759.0,7703393.0,1155508950.0,3144650.0,2829785.0,5142265.0,640052637.0,0.667532475624702,3562910.0,3182825.0,1506781.0,1344428.0,1325284.0,44360.0,34930.0,,,,,,,,,,,,,3075892.0,7703393.0,72.52208401292992,69.28678315878314,57.32826385094829,57.709260127255526,65.04217607649085,61.89539045537327,1404574.0,0.9435487201101544,0.0315825296495592,0.0248687502402863
scNH_GM_4plex_2_S2,scnomehic,,,,,,,,,,,,,,,,,,,,,,,,,,5035833.0,28507829.0,0.1766473693945617,810753.0,1473845.0,0.5500938022655029,378922.0,2014041.0,0.18814016199273,0.0390321504488198,0.0,0.0,,,,,,,,,0.0,,,
scNH_GM_4plex_2_S2.CGATGT,scnomehic,5783422.0,827029346.0,2843863.0,1152593.0,3241067.0,382592154.0,0.5604064514054136,2099479.0,1875917.0,694429.0,609299.0,5783422.0,867513300.0,2913128.0,2052683.0,3306541.0,404631153.0,0.5717274305765687,2024455.0,1806375.0,670004.0,598266.0,597672.0,26318.0,17314.0,,,,,,,,,,,,,1364433.0,5783422.0,64.77740200989366,61.22576432592247,66.92374631992033,66.9044755255118,57.879611868560566,54.63035238335166,641304.0,0.931963624115864,0.0410382595461746,0.0269981163379614
scNH_GM_4plex_32_S31,scnomehic,,,,,,,,,,,,,,,,,,,,,,,,,,7667821.0,42954347.0,0.1785109432579664,1191027.0,2215762.0,0.5375247883121022,576273.0,3029597.0,0.1902144080549327,0.0577893939705379,0.0,0.0,,,,,,,,,0.0,,,
scNH_GM_4plex_32_S31.ATCACG,scnomehic,7270376.0,1039663768.0,3363579.0,1451227.0,4182673.0,501656616.0,0.5753035331322617,2847727.0,2550288.0,1035768.0,912572.0,7270376.0,1090556400.0,3448197.0,2482927.0,4258376.0,532140800.0,0.5857160620028455,2759727.0,2467090.0,993750.0,888587.0,891831.0,26711.0,28116.0,,,,,,,,,,,,,2029518.0,7270376.0,68.08390232753074,64.8070297221288,63.6282550960819,63.99100345795073,60.97268421413771,57.93499681568748,946658.0,0.9420836247092405,0.0282161033868619,0.0297002719038977
scNH_GM_4plex_33_S32,scnomehic,,,,,,,,,,,,,,,,,,,,,,,,,,4226837.0,25274206.0,0.1672391607475226,675428.0,1261677.0,0.5353414542707841,310706.0,1728517.0,0.1797529327163111,0.0352537666843592,0.0,0.0,,,,,,,,,0.0,,,
scNH_GM_4plex_33_S32.GCCAAT,scnomehic,3090475.0,441937925.0,1287683.0,705601.0,2010190.0,236478852.0,0.650446937768466,1295990.0,1164921.0,614340.0,546174.0,3090475.0,463571250.0,1335053.0,1081918.0,2068495.0,251028370.0,0.6693129696891255,1252108.0,1120994.0,592004.0,529689.0,518639.0,12469.0,14525.0,,,,,,,,,,,,,1206344.0,3090475.0,64.47102015232392,60.53231939163498,52.59685645722575,52.71941398026369,57.95079072127511,54.19370121755189,545633.0,0.9505271858556942,0.0228523568039323,0.0266204573403734
scNH_GM_4plex_34_S33,scnomehic,,,,,,,,,,,,,,,,,,,,,,,,,,7585721.0,46605337.0,0.162765071305031,1326511.0,2419291.0,0.5483056812925771,580336.0,3280529.0,0.1769031762865074,0.0623290070782449,0.0,0.0,,,,,,,,,0.0,,,
scNH_GM_4plex_34_S33.ATCACG,scnomehic,6501444.0,929706492.0,2779692.0,1453616.0,4021072.0,481030856.0,0.6184890618145753,2786528.0,2499038.0,1129360.0,999114.0,6501444.0,975216600.0,2869195.0,2553947.0,4086825.0,509304554.0,0.628602661193421,2680939.0,2397008.0,1082788.0,968735.0,962514.0,24193.0,32582.0,,,,,,,,,,,,,2212148.0,6501444.0,69.298137412113,65.59955466651985,59.47071050425477,59.61161369206833,62.14855143106117,58.6520832186355,1019289.0,0.94429940870548,0.0237351722622337,0.0319654190322862
scNH_GM_4plex_9_S8,scnomehic,,,,,,,,,,,,,,,,,,,,,,,,,,11104378.0,67907418.0,0.1635223120985103,1893361.0,3601927.0,0.5256522411475857,858558.0,4844229.0,0.1772331572268776,0.0891346546068423,0.0,0.0,,,,,,,,,0.0,,,
scNH_GM_4plex_9_S8.CGATGT,scnomehic,7595289.0,1086126327.0,1894693.0,2115801.0,5966051.0,721044575.0,0.7854936132120844,4644289.0,4155373.0,1638156.0,1441611.0,7595289.0,1139293350.0,2045035.0,4011447.0,5999218.0,761142415.0,0.7898603989920594,4497566.0,4016211.0,1582675.0,1415265.0,1415666.0,43729.0,54421.0,,,,,,,,,,,,,3220831.0,7595289.0,77.84527822507718,74.96920431962965,64.72751803343849,64.81041078663436,69.65030972748976,66.94557523997294,1513816.0,0.9351638508246708,0.0288866018062961,0.0359495473690329
scNH_GM_4plex_11_S10,scnomehic,,,,,,,,,,,,,,,,,,,,,,,,,,11386641.0,69711569.0,0.163339330377143,1876273.0,3557055.0,0.5274793333248994,859885.0,4864468.0,0.1767685592751355,0.0924482854683045,0.0,0.0,,,,,,,,,0.0,,,
scNH_GM_4plex_11_S10.TGACCA,scnomehic,7778032.0,1112258576.0,2504581.0,1913659.0,5613061.0,675257764.0,0.7216556835970848,4070218.0,3643920.0,1690044.0,1492562.0,7778032.0,1166704800.0,2633640.0,3153704.0,5658051.0,714196067.0,0.7274399231065133,3946197.0,3522517.0,1627093.0,1452436.0,1435229.0,37713.0,48972.0,,,,,,,,,,,,,3317137.0,7778032.0,72.51333986927987,69.74481142004552,58.47780143471431,58.76807468050885,64.91858898380046,62.25672055624808,1521914.0,0.9430421167030464,0.0247799809976122,0.0321779022993414
scNH_GM_4plex_22_S21,scnomehic,,,,,,,,,,,,,,,,,,,,,,,,,,7848505.0,49386665.0,0.1589195180520895,1427548.0,2551158.0,0.5595686351060969,603106.0,3488528.0,0.1728826599643173,0.0664109016522681,0.0,0.0,,,,,,,,,0.0,,,
scNH_GM_4plex_22_S21.GCCAAT,scnomehic,5931435.0,848195205.0,1645921.0,1692546.0,4578829.0,548560946.0,0.7719597365561622,3153623.0,2822853.0,1195824.0,1053064.0,5931435.0,889715250.0,1757793.0,2762440.0,4640352.0,579896300.0,0.782332100073591,3040913.0,2714962.0,1146123.0,1024429.0,1025404.0,28488.0,36405.0,,,,,,,,,,,,,2341947.0,5931435.0,68.87400686944196,65.53194671438717,62.08094626402711,62.30990495288751,61.650107483813,58.50767355579921,1090297.0,0.9404813550803128,0.0261286603558479,0.033389984563839
scNH_GM_4plex_5_S4,scnomehic,,,,,,,,,,,,,,,,,,,,,,,,,,5562089.0,33146552.0,0.1678029437269976,914248.0,1671388.0,0.5469992604948701,416039.0,2292270.0,0.1814965078284844,0.0463106148948126,0.0,0.0,,,,,,,,,0.0,,,
scNH_GM_4plex_5_S4.GCCAAT,scnomehic,3886784.0,555810112.0,1256629.0,1004309.0,2815764.0,336947939.0,0.7244457114159161,1860015.0,1669913.0,801976.0,710697.0,3886784.0,583017600.0,1322101.0,1672925.0,2858570.0,356650969.0,0.7354589295417496,1795178.0,1606057.0,775597.0,694145.0,682376.0,16241.0,25097.0,,,,,,,,,,,,,1577573.0,3886784.0,66.0572050782665,62.79986146919614,56.883358467539246,56.79553782410436,59.30585801935106,56.18393112640236,723714.0,0.9428807512359856,0.0224411853301165,0.0346780634338979
scNH_GM_4plex_35_S34,scnomehic,,,,,,,,,,,,,,,,,,,,,,,,,,11213828.0,65229952.0,0.1719122528252052,1972024.0,3435989.0,0.5739319887228975,863227.0,4684862.0,0.1842587892663647,0.0845177995691086,0.0,0.0,,,,,,,,,0.0,,,
scNH_GM_4plex_35_S34.ATCACG,scnomehic,9391514.0,1342986502.0,4119899.0,2217276.0,5646154.0,677124968.0,0.6011974214168238,4131994.0,3710912.0,1588382.0,1404778.0,9391514.0,1408727100.0,4245154.0,3719018.0,5741747.0,717552859.0,0.6113760784469895,3991138.0,3577459.0,1525877.0,1367498.0,1350692.0,47106.0,41768.0,,,,,,,,,,,,,3114259.0,9391514.0,73.18245304679965,69.51086489878429,61.5589470846279,61.76837283000487,65.7245976641799,62.306106486405625,1439566.0,0.9382633377003904,0.0327223621563721,0.0290143001432376
scNH_GM_4plex_41_S40,scnomehic,,,,,,,,,,,,,,,,,,,,,,,,,,5857477.0,36062447.0,0.1624259440852696,869312.0,1804253.0,0.481812694782827,438015.0,2484609.0,0.1762913198817198,0.0498001220863408,0.0,0.0,,,,,,,,,0.0,,,
scNH_GM_4plex_41_S40.TGACCA,scnomehic,4434774.0,634172682.0,1523610.0,1098716.0,3122580.0,374234814.0,0.7041125432772899,2118066.0,1900101.0,872455.0,772224.0,4434774.0,665216100.0,1595372.0,1778976.0,3156210.0,395644377.0,0.7116957932918341,2056168.0,1839799.0,841507.0,752447.0,745008.0,19585.0,25339.0,,,,,,,,,,,,,1713962.0,4434774.0,67.8306400476529,65.14674245376575,58.80888508667813,59.0740153528311,60.85035451453605,58.291400128635296,789932.0,0.943129282014148,0.0247932733450474,0.0320774446408045
scNH_GM_4plex_5_S4,scnomehic,,,,,,,,,,,,,,,,,,,,,,,,,,3366527.0,22136407.0,0.1520810039316678,593619.0,1135352.0,0.5228501821461538,258132.0,1546714.0,0.1668905822278714,0.0316325300723054,0.0,0.0,,,,,,,,,0.0,,,
scNH_GM_4plex_5_S4.CGATGT,scnomehic,2867110.0,409996730.0,1069747.0,646104.0,1923528.0,230251869.0,0.6708943849381432,1247121.0,1114044.0,528135.0,466025.0,2867110.0,430066500.0,1113974.0,1153660.0,1945082.0,243345451.0,0.6784120595303285,1206396.0,1076293.0,512487.0,457575.0,451395.0,11237.0,17093.0,,,,,,,,,,,,,1040622.0,2867110.0,64.83508428263066,62.02288643872084,57.65166331093775,57.51917280892841,57.91670305813068,55.33406817810251,479725.0,0.9409453332638492,0.0234238365730366,0.0356308301631142
scNH_GM_4plex_28_S27,scnomehic,,,,,,,,,,,,,,,,,,,,,,,,,,4787175.0,28861586.0,0.1658666644307073,788731.0,1459512.0,0.5404073416319976,358458.0,1988930.0,0.1802265539762585,0.0397077305551938,0.0,0.0,,,,,,,,,0.0,,,
scNH_GM_4plex_28_S27.GCCAAT,scnomehic,5075354.0,725775622.0,2787405.0,1057196.0,2671937.0,305982144.0,0.5264533271964872,1645226.0,1481760.0,708684.0,630153.0,5075354.0,761303100.0,2854480.0,1444619.0,2807001.0,325631575.0,0.5530650669884307,1586227.0,1421014.0,677104.0,606324.0,596793.0,13719.0,19534.0,,,,,,,,,,,,,1385788.0,5075354.0,61.57428113013144,56.50966992886715,56.92482370203243,57.31354970001141,55.45639736266237,50.62392211474096,630046.0,0.9472213139992952,0.0217746005847192,0.0310040854159855
scNH_GM_4plex_46_S45,scnomehic,,,,,,,,,,,,,,,,,,,,,,,,,,22988261.0,139633142.0,0.164633271662683,3827212.0,7224781.0,0.5297339808639182,1775709.0,9896598.0,0.1794262028224244,0.1715477212628842,0.0,0.0,,,,,,,,,0.0,,,
scNH_GM_4plex_46_S45.TGACCA,scnomehic,10749766.0,1537216538.0,1486835.0,3611997.0,9604279.0,1166901631.0,0.8934407502451681,7804549.0,6990245.0,3353377.0,2966592.0,10749766.0,1612464900.0,1728776.0,6257714.0,9623081.0,1231072819.0,0.8951898115735728,7560572.0,6755698.0,3235933.0,2892625.0,2840669.0,88337.0,96055.0,,,,,,,,,,,,,6589310.0,10749766.0,81.26116494533322,78.56706183809531,57.03304572756223,57.199891754221774,72.78261075089551,70.20306698031534,3025061.0,0.9390451961134006,0.0292017251883515,0.0317530786982477
scNH_GM_4plex_38_S37,scnomehic,,,,,,,,,,,,,,,,,,,,,,,,,,7548955.0,44120394.0,0.1710989933589441,1313371.0,2278277.0,0.5764755558696331,573693.0,3114217.0,0.1842174132374205,0.0595651335018309,0.0,0.0,,,,,,,,,0.0,,,
scNH_GM_4plex_38_S37.TGACCA,scnomehic,5354027.0,765625861.0,1395565.0,1379757.0,4189574.0,505372326.0,0.782508941400557,2881032.0,2582731.0,1064188.0,938727.0,5354027.0,803104050.0,1491592.0,2558120.0,4214104.0,533408337.0,0.7870905395135288,2778298.0,2481619.0,1024057.0,915009.0,917631.0,27467.0,29648.0,,,,,,,,,,,,,2088245.0,5354027.0,68.7667051590448,65.92855800426378,63.06226379991614,63.1408509814282,61.64662564738086,58.88841376482403,974746.0,0.9414052481364376,0.0281786229438233,0.030416128919739
scNH_GM_4plex_39_S38,scnomehic,,,,,,,,,,,,,,,,,,,,,,,,,,7722745.0,47021751.0,0.1642377162858099,1349863.0,2433716.0,0.5546509946107105,585304.0,3314171.0,0.1766064575424744,0.0644322128563792,0.0,0.0,,,,,,,,,0.0,,,
scNH_GM_4plex_39_S38.CGATGT,scnomehic,4464135.0,638371305.0,1188565.0,1245112.0,3447251.0,415956156.0,0.7722102938195193,2597992.0,2324065.0,1122788.0,993002.0,4464135.0,669620250.0,1272314.0,2227607.0,3468041.0,438957258.0,0.7768674110437969,2518548.0,2249356.0,1090207.0,974755.0,952712.0,36592.0,28192.0,,,,,,,,,,,,,2212995.0,4464135.0,75.36416698406934,72.62163278923173,56.78246892215218,56.71287583162997,67.41792228068104,64.8595561586498,1017496.0,0.9363299708303522,0.0359627949397344,0.0277072342299134
scNH_GM_4plex_8_S7,scnomehic,,,,,,,,,,,,,,,,,,,,,,,,,,10386055.0,64174315.0,0.1618413067595657,1781020.0,3314201.0,0.5373904600233963,801070.0,4577177.0,0.1750139878794287,0.0844067767950076,0.0,0.0,,,,,,,,,0.0,,,
scNH_GM_4plex_8_S7.GCCAAT,scnomehic,7381762.0,1055591966.0,2081605.0,2030770.0,5598986.0,673827377.0,0.7584890978603753,4194309.0,3772602.0,1560826.0,1379830.0,7381762.0,1107264300.0,2216116.0,3401496.0,5663578.0,712832594.0,0.7672393122400858,4061849.0,3647413.0,1511968.0,1359110.0,1346990.0,44818.0,45241.0,,,,,,,,,,,,,3072794.0,7381762.0,74.91193941188637,71.71877918870368,62.78705264681261,62.77636120889771,67.38009346692418,64.40121421475965,1437049.0,0.9373305990261988,0.0311875238770563,0.0314818770967447
scNH_GM_4plex_25_S24,scnomehic,,,,,,,,,,,,,,,,,,,,,,,,,,5662695.0,34754176.0,0.1629356713852171,1072513.0,1906714.0,0.5624928541983748,451489.0,2551151.0,0.1769746283148273,0.0468719331138926,0.0,0.0,,,,,,,,,0.0,,,
scNH_GM_4plex_25_S24.CGATGT,scnomehic,4526459.0,647283637.0,1921262.0,988550.0,2815680.0,335798456.0,0.622049155863336,2053821.0,1839851.0,831280.0,734962.0,4526459.0,678968850.0,1985969.0,1645430.0,2860628.0,355672951.0,0.6319792137739456,2000241.0,1790934.0,802955.0,718973.0,707628.0,21977.0,24387.0,,,,,,,,,,,,,1634235.0,4526459.0,72.94227326968974,69.92314275047298,59.525197181253866,59.85708722098987,65.3430432435504,62.60632280743948,753992.0,0.9385086313913144,0.0291475241116616,0.0323438444970238
scNH_GM_4plex_28_S27,scnomehic,,,,,,,,,,,,,,,,,,,,,,,,,,10515221.0,60852351.0,0.1727989276864586,1638605.0,3133884.0,0.5228671514325355,787938.0,4264804.0,0.1847536252545251,0.0810748303146068,0.0,0.0,,,,,,,,,0.0,,,
scNH_GM_4plex_28_S27.ATCACG,scnomehic,8787571.0,1256622653.0,4468155.0,1743774.0,4686453.0,559207452.0,0.5333047095721901,3409550.0,3059026.0,1479709.0,1312051.0,8787571.0,1318135650.0,4567922.0,2958913.0,4791030.0,594027037.0,0.5452052677582918,3289749.0,2942668.0,1423554.0,1273294.0,1245414.0,45713.0,31051.0,,,,,,,,,,,,,2903263.0,8787571.0,72.75331684751772,68.6647547604586,56.60104705899606,56.72758012845357,65.27380088950001,61.42036263600937,1322178.0,0.9419412514805116,0.0345740134838123,0.0234847350356759
scNH_GM_4plex_37_S36,scnomehic,,,,,,,,,,,,,,,,,,,,,,,,,,7666604.0,47147113.0,0.1626102535695027,1460534.0,2501749.0,0.5838051699031358,593035.0,3380776.0,0.1754138694784865,0.0624775165954703,0.0,0.0,,,,,,,,,0.0,,,
scNH_GM_4plex_37_S36.GCCAAT,scnomehic,4424875.0,632757125.0,1140783.0,1382744.0,3555129.0,424245736.0,0.8034416791434786,2445757.0,2185344.0,1120218.0,988864.0,4424875.0,663731250.0,1231539.0,2066472.0,3594209.0,447594605.0,0.8122735670499167,2359943.0,2101546.0,1074560.0,956323.0,948500.0,24914.0,26603.0,,,,,,,,,,,,,2194778.0,4424875.0,68.79516889541843,65.65959297302967,54.19749386386301,54.46669686513614,61.47017449999704,58.47033380640914,1000017.0,0.948483875774112,0.0249135764692,0.0266025477566881
scNH_GM_4plex_36_S35,scnomehic,,,,,,,,,,,,,,,,,,,,,,,,,,4752213.0,28927572.0,0.1642797051892222,835775.0,1501454.0,0.5566437599819908,360439.0,2032661.0,0.1773237150710325,0.0395207110434699,0.0,0.0,,,,,,,,,0.0,,,
scNH_GM_4plex_36_S35.CGATGT,scnomehic,4494766.0,642751538.0,1696755.0,1144351.0,3076965.0,364939075.0,0.6845662265844318,1942123.0,1737335.0,702860.0,618810.0,4494766.0,674214900.0,1770926.0,1804420.0,3114546.0,384966923.0,0.6929272847574267,1882108.0,1678280.0,674698.0,601856.0,606068.0,14826.0,21269.0,,,,,,,,,,,,,1377558.0,4494766.0,63.11813751537635,60.42960996562581,63.80970721215906,64.15200402952435,56.462618196827066,53.88522115261743,642163.0,0.9437915295649236,0.0230875961399208,0.0331208742951555
scNH_GM_4plex_47_S46,scnomehic,,,,,,,,,,,,,,,,,,,,,,,,,,7312310.0,47489193.0,0.153978400938504,1281116.0,2393436.0,0.5352622756572559,554164.0,3310758.0,0.1673828168655033,0.0644015578968623,0.0,0.0,,,,,,,,,0.0,,,
scNH_GM_4plex_47_S46.TGACCA,scnomehic,5625070.0,804385010.0,1558996.0,1473140.0,4286304.0,517585308.0,0.7620001173318732,3033608.0,2720676.0,1150742.0,1015490.0,5625070.0,843760500.0,1658137.0,2557338.0,4313326.0,546831911.0,0.7668039686617233,2937991.0,2626667.0,1107509.0,991201.0,989758.0,23273.0,41075.0,,,,,,,,,,,,,2258251.0,5625070.0,70.77444810260775,68.1142811834765,62.06688537213773,62.30386682600457,63.47370601805192,60.89655639290886,1054106.0,0.9389549058633572,0.022078424750452,0.0389666693861907
scNH_GM_4plex_4_S3,scnomehic,,,,,,,,,,,,,,,,,,,,,,,,,,4733919.0,29550911.0,0.1601953658890584,800895.0,1526307.0,0.5247273320504984,364291.0,2090426.0,0.174266393548492,0.0404104903729592,0.0,0.0,,,,,,,,,0.0,,,
scNH_GM_4plex_4_S3.CGATGT,scnomehic,5283340.0,755517620.0,1922442.0,1218561.0,3589261.0,430045328.0,0.6793545370920667,2340072.0,2092779.0,722299.0,632884.0,5283340.0,792501000.0,2007132.0,2183722.0,3624571.0,453882249.0,0.6860378094160133,2260546.0,2018444.0,696239.0,622886.0,632907.0,20834.0,23806.0,,,,,,,,,,,,,1418538.0,5283340.0,65.1964847359944,62.36727049904665,69.13347110687192,69.200405565735,58.30668207188053,55.68780415668503,677547.0,0.9341152717080882,0.0307491583609697,0.035135569930942
scNH_GM_4plex_43_S42,scnomehic,,,,,,,,,,,,,,,,,,,,,,,,,,8167096.0,48869543.0,0.1671203677922668,1381004.0,2593166.0,0.5325551854374151,627150.0,3505158.0,0.1789220343276965,0.0650629634555117,0.0,0.0,,,,,,,,,0.0,,,
scNH_GM_4plex_43_S42.CGATGT,scnomehic,6921914.0,989833702.0,3130067.0,1672072.0,4195192.0,494892984.0,0.6060739847389032,2968799.0,2652343.0,1184673.0,1043959.0,6921914.0,1038287100.0,3221647.0,2796916.0,4276272.0,524051566.0,0.6177875079060503,2870218.0,2559182.0,1138895.0,1015356.0,1000409.0,37349.0,30342.0,,,,,,,,,,,,,2323568.0,6921914.0,70.76670150019355,67.11963130502457,60.09588389109535,60.32026138781096,63.22339954881684,59.8460995932906,1068100.0,0.9366248478606872,0.0349676996535904,0.0284074524857223
scNH_GM_4plex_45_S44,scnomehic,,,,,,,,,,,,,,,,,,,,,,,,,,9621410.0,61072655.0,0.1575403918496747,1661452.0,3197827.0,0.5195565613774604,739408.0,4357066.0,0.1697031901743053,0.0802035285435862,0.0,0.0,,,,,,,,,0.0,,,
scNH_GM_4plex_45_S44.CGATGT,scnomehic,7202856.0,1030008408.0,2070083.0,2154497.0,5496130.0,658009110.0,0.7630487128994388,4030152.0,3610691.0,1483015.0,1308130.0,7202856.0,1080428400.0,2212547.0,3537477.0,5543102.0,693750774.0,0.7695700150051591,3902156.0,3485428.0,1425913.0,1274857.0,1267144.0,46662.0,41069.0,,,,,,,,,,,,,2908928.0,7202856.0,73.32708651360139,70.39661186101212,63.20200826172313,63.45832919032453,65.69515277113169,62.87865530888661,1354875.0,0.9352479010978872,0.0344400774979241,0.0303120214041885
scNH_GM_4plex_48_S47,scnomehic,,,,,,,,,,,,,,,,,,,,,,,,,,10523199.0,68443783.0,0.1537495231670639,2031114.0,3587891.0,0.566102481931586,824329.0,4914506.0,0.1677338475118353,0.0894266683549368,0.0,0.0,,,,,,,,,0.0,,,
scNH_GM_4plex_48_S47.TGACCA,scnomehic,7278110.0,1040769730.0,2206225.0,1914921.0,5389420.0,648246625.0,0.7404971895176082,4069143.0,3652043.0,1644418.0,1454009.0,7278110.0,1091716500.0,2332483.0,3188273.0,5440163.0,685508317.0,0.7474691918643713,3946381.0,3530568.0,1577534.0,1411225.0,1406346.0,38031.0,49492.0,,,,,,,,,,,,,3221952.0,7278110.0,75.5024288327872,72.54159480147929,59.588100000417775,60.02580592193202,67.76319158647868,64.8982024987119,1493869.0,0.9414118640925008,0.0254580555590885,0.0331300803484107
scNH_GM_4plex_11_S10,scnomehic,,,,,,,,,,,,,,,,,,,,,,,,,,6726548.0,40753956.0,0.1650526393069669,1267329.0,2234081.0,0.567270837539015,534034.0,3003031.0,0.1778316640753958,0.054570761611814,0.0,0.0,,,,,,,,,0.0,,,
scNH_GM_4plex_11_S10.CGATGT,scnomehic,6791924.0,971245132.0,3638795.0,1594457.0,3537542.0,414413065.0,0.5208453451481495,2357701.0,2106112.0,968284.0,853788.0,6791924.0,1018788600.0,3722545.0,2165178.0,3604240.0,436573800.0,0.5306655374824572,2287634.0,2039747.0,934508.0,833155.0,823744.0,27735.0,24925.0,,,,,,,,,,,,,1902792.0,6791924.0,66.64800022162281,63.47063458593213,58.93100948763224,59.14958424293397,59.53602812348235,56.59298492886157,876404.0,0.9399135558486724,0.0316463640056412,0.0284400801456862
scNH_GM_4plex_14_S13,scnomehic,,,,,,,,,,,,,,,,,,,,,,,,,,8899420.0,52592691.0,0.1692140073228046,1631009.0,2832900.0,0.5757382893854354,700270.0,3846259.0,0.1820652223368213,0.0667624830177974,0.0,0.0,,,,,,,,,0.0,,,
scNH_GM_4plex_14_S13.ATCACG,scnomehic,10664590.0,1525036370.0,3974835.0,2519440.0,7060815.0,851779542.0,0.6620803050093815,4943534.0,4422315.0,1291187.0,1124019.0,10664590.0,1599688500.0,4129537.0,4400852.0,7135622.0,901102996.0,0.6690948268991119,4783976.0,4270906.0,1228202.0,1098582.0,1148382.0,32297.0,43168.0,,,,,,,,,,,,,2519389.0,10664590.0,70.01364573353077,67.04357377674994,73.88129625486545,74.32675247534686,62.63179250553937,59.853310615388544,1223847.0,0.9383378804703528,0.0263897366255749,0.0352723829040721
scNH_GM_4plex_6_S5,scnomehic,,,,,,,,,,,,,,,,,,,,,,,,,,9482528.0,60180491.0,0.1575681394822784,1602437.0,3013725.0,0.5317130793287377,713608.0,4169506.0,0.1711492920264415,0.0823613250406052,0.0,0.0,,,,,,,,,0.0,,,
scNH_GM_4plex_6_S5.TGACCA,scnomehic,5894886.0,842968698.0,1566647.0,1596400.0,4516348.0,546747859.0,0.7661467923213443,3340590.0,2999159.0,1450303.0,1285693.0,5894886.0,884232900.0,1676208.0,2851100.0,4538898.0,577282247.0,0.769972141954908,3234644.0,2896105.0,1406600.0,1259806.0,1231743.0,38742.0,42965.0,,,,,,,,,,,,,2856903.0,5894886.0,73.96662081841346,71.26496343385553,56.585423532968726,56.51453452064585,66.40672950800072,63.80634682691701,1313450.0,0.9377920743081198,0.0294963645361452,0.0327115611557349
scNH_GM_4plex_14_S13,scnomehic,,,,,,,,,,,,,,,,,,,,,,,,,,13337553.0,86121816.0,0.1548684598104619,2214011.0,4352228.0,0.5087074941845877,1009156.0,6018993.0,0.1676619328183302,0.1082431714218758,0.0,0.0,,,,,,,,,0.0,,,
scNH_GM_4plex_14_S13.TGACCA,scnomehic,13267982.0,1897321426.0,2617166.0,3929438.0,11064445.0,1342468461.0,0.833920712283149,8417907.0,7544487.0,2135597.0,1859774.0,13267982.0,1990197300.0,2891660.0,6437676.0,11104617.0,1417066786.0,0.8369484522966643,8186999.0,7322442.0,2025692.0,1813786.0,1904825.0,55096.0,73798.0,,,,,,,,,,,,,4161289.0,13267982.0,76.08069812810314,73.72608168296124,74.6303089354634,75.25720963200312,68.18676399945953,65.94051825470433,2033719.0,0.9366215293263228,0.0270912549865541,0.0362872156871229
scNH_GM_4plex_23_S22,scnomehic,,,,,,,,,,,,,,,,,,,,,,,,,,6268672.0,38353072.0,0.1634464118024235,1165562.0,2086063.0,0.5587376795427559,496601.0,2798603.0,0.1774460328956983,0.05147220902769,0.0,0.0,,,,,,,,,0.0,,,
scNH_GM_4plex_23_S22.CGATGT,scnomehic,5415516.0,774418788.0,1792684.0,1373164.0,3861946.0,463733697.0,0.7131261360874938,2597264.0,2319447.0,920819.0,807803.0,5415516.0,812327400.0,1883486.0,2314423.0,3893539.0,489723839.0,0.7189599292108083,2518696.0,2244272.0,882146.0,786098.0,794730.0,24163.0,26814.0,,,,,,,,,,,,,1802965.0,5415516.0,67.25272699307551,64.68911702181485,64.546576705333,64.97608286192538,60.05902205779159,57.640927700993885,845707.0,0.9397226226104312,0.0285713610032789,0.0317060163862898
scNH_GM_4plex_45_S44,scnomehic,,,,,,,,,,,,,,,,,,,,,,,,,,6961221.0,45407201.0,0.1533065427221554,1258181.0,2318452.0,0.5426814961017092,529020.0,3174209.0,0.1666619935864336,0.0613258420123859,0.0,0.0,,,,,,,,,0.0,,,
scNH_GM_4plex_45_S44.ATCACG,scnomehic,7737162.0,1106414166.0,3788528.0,1556977.0,4285976.0,511275437.0,0.5539467830711055,2884188.0,2583970.0,1102511.0,972055.0,7737162.0,1160574300.0,3879228.0,2684635.0,4380538.0,542515332.0,0.5661685770570656,2780616.0,2483398.0,1056249.0,943634.0,944523.0,26007.0,32429.0,,,,,,,,,,,,,2158760.0,7737162.0,67.29361060351248,63.47658666583877,61.77395509585366,62.01384872992172,60.28895168801692,56.69162098354129,1002959.0,0.941736401986522,0.0259302723241927,0.0323333256892854
scNH_GM_4plex_15_S14,scnomehic,,,,,,,,,,,,,,,,,,,,,,,,,,3422670.0,19159921.0,0.1786369578454942,518400.0,992451.0,0.5223431685796075,258165.0,1343295.0,0.1921878664031355,0.0273170228868631,0.0,0.0,,,,,,,,,0.0,,,
scNH_GM_4plex_15_S14.CGATGT,scnomehic,2341674.0,334859382.0,873376.0,503233.0,1557719.0,187130615.0,0.6652159950531116,1070481.0,957877.0,460291.0,407370.0,2341674.0,351251100.0,910113.0,922743.0,1572411.0,197634893.0,0.6714901391056142,1037663.0,927347.0,449231.0,401823.0,390258.0,13236.0,13314.0,,,,,,,,,,,,,909522.0,2341674.0,68.7210594465369,65.99184309954586,57.00147877449483,56.70742813418229,61.492284551963486,58.97612011109055,416808.0,0.9363016064950768,0.0317556284908159,0.0319427650141072
scNH_GM_4plex_1_S1,scnomehic,,,,,,,,,,,,,,,,,,,,,,,,,,8043678.0,46862899.0,0.1716427743832066,1308409.0,2358041.0,0.5548711833254808,596927.0,3257359.0,0.1832549006726001,0.0637301720888386,0.0,0.0,,,,,,,,,0.0,,,
scNH_GM_4plex_1_S1.GCCAAT,scnomehic,5895407.0,843043201.0,1415938.0,1559153.0,4724109.0,569605132.0,0.8013202481185777,3088113.0,2775800.0,1140999.0,1008839.0,5895407.0,884311050.0,1526010.0,2509423.0,4767958.0,602209808.0,0.8087580721738126,3000355.0,2690360.0,1104005.0,990645.0,980092.0,35459.0,31458.0,,,,,,,,,,,,,2245004.0,5895407.0,65.3692156552696,62.92746286775177,63.05190256962747,63.20418750447864,58.758170059158246,56.42583261010269,1047009.0,0.936087464386648,0.0338669486126671,0.0300455870006848
scNH_GM_4plex_40_S39,scnomehic,,,,,,,,,,,,,,,,,,,,,,,,,,17260396.0,106935722.0,0.1614090752573775,2963012.0,5583280.0,0.5306937857316846,1333510.0,7613475.0,0.1751512942513109,0.1340851119673186,0.0,0.0,,,,,,,,,0.0,,,
scNH_GM_4plex_40_S39.TGACCA,scnomehic,10646967.0,1522516281.0,2277755.0,3230426.0,8776629.0,1061519448.0,0.8243313800070949,6899516.0,6194250.0,2577070.0,2275431.0,10646967.0,1597045050.0,2493094.0,5535488.0,8822335.0,1120784790.0,0.8286242457593792,6673944.0,5976294.0,2473772.0,2215143.0,2221285.0,62095.0,77932.0,,,,,,,,,,,,,5050842.0,10646967.0,78.61236928210135,75.64827225445417,62.64853940479303,62.93388137509095,70.57664166959775,67.7405018059278,2361312.0,0.9406994924855334,0.0262968214280874,0.033003686086379
scNH_GM_4plex_24_S23,scnomehic,,,,,,,,,,,,,,,,,,,,,,,,,,9904064.0,64858011.0,0.1527037885882747,1678835.0,3397591.0,0.4941251021679772,765690.0,4652367.0,0.1645807392237112,0.0834181640282475,0.0,0.0,,,,,,,,,0.0,,,
scNH_GM_4plex_24_S23.CGATGT,scnomehic,10274895.0,1469309985.0,1934874.0,3178953.0,8608490.0,1045840321.0,0.8378178073839198,6491494.0,5809730.0,1591441.0,1384253.0,10274895.0,1541234250.0,2154677.0,5693388.0,8631579.0,1102837009.0,0.8400649349701383,6297310.0,5631765.0,1523240.0,1366096.0,1436267.0,49952.0,54560.0,,,,,,,,,,,,,3114681.0,10274895.0,75.40804484874816,72.95663979904488,75.48421056847623,75.81125909316835,67.48837484855066,65.24605752898745,1540779.0,0.932169376659469,0.0324199641869469,0.035410659153584
scNH_GM_4plex_35_S34,scnomehic,,,,,,,,,,,,,,,,,,,,,,,,,,12070952.0,76697353.0,0.1573842059451517,2196329.0,3863525.0,0.5684780090720262,914499.0,5335967.0,0.1713839309725866,0.0996658209725247,0.0,0.0,,,,,,,,,0.0,,,
scNH_GM_4plex_35_S34.GCCAAT,scnomehic,8648051.0,1236671293.0,2379017.0,2582789.0,6700690.0,802794233.0,0.774820823790239,4936318.0,4437073.0,1873261.0,1656550.0,8648051.0,1297207650.0,2549755.0,3915452.0,6788239.0,848562527.0,0.7849443764843662,4780667.0,4281079.0,1791512.0,1604610.0,1608387.0,45799.0,46523.0,,,,,,,,,,,,,3664773.0,8648051.0,73.66880127270475,70.42573191662815,62.05145211471383,62.52589858277098,66.21815066806552,63.06612068314036,1700709.0,0.9457155809724064,0.0269293571092997,0.027355061918294
scNH_GM_4plex_43_S42,scnomehic,,,,,,,,,,,,,,,,,,,,,,,,,,10141569.0,59522855.0,0.1703810914311821,1724347.0,3116092.0,0.5533684499687429,769767.0,4232256.0,0.1818810109785419,0.0781394695500554,0.0,0.0,,,,,,,,,0.0,,,
scNH_GM_4plex_43_S42.TGACCA,scnomehic,7628064.0,1090813152.0,3101980.0,1842041.0,4905150.0,585252030.0,0.6430399640065946,3580940.0,3214407.0,1449618.0,1282325.0,7628064.0,1144209600.0,3206862.0,3047207.0,4983162.0,620317699.0,0.6532669364074554,3457304.0,3089435.0,1387599.0,1239835.0,1226370.0,33423.0,43396.0,,,,,,,,,,,,,2837217.0,7628064.0,73.00367980591827,69.37972315569914,59.5185063139846,59.86470961188255,65.53126815693709,61.99748272281737,1303189.0,0.9410530629095244,0.0256470857258617,0.033299851364614
scNH_GM_4plex_27_S26,scnomehic,,,,,,,,,,,,,,,,,,,,,,,,,,7480076.0,43709587.0,0.1711312440449277,1316325.0,2372725.0,0.5547735198980076,583055.0,3181406.0,0.1832695984102626,0.0586488699621994,0.0,0.0,,,,,,,,,0.0,,,
scNH_GM_4plex_27_S26.CGATGT,scnomehic,5312888.0,759742984.0,2281272.0,1230479.0,3325490.0,394139483.0,0.6259288733359333,2372476.0,2122628.0,1042655.0,922691.0,5312888.0,796933200.0,2358523.0,2009136.0,3377593.0,416654672.0,0.6357357806149876,2302951.0,2056064.0,1005940.0,898097.0,876478.0,32541.0,26414.0,,,,,,,,,,,,,2048595.0,5312888.0,71.34214807441911,68.18320028493665,56.05203171707532,56.319522213021465,63.82902970690033,60.873645818190646,935433.0,0.9369757107136482,0.0347870985949822,0.0282371906913696
scNH_GM_4plex_45_S44,scnomehic,,,,,,,,,,,,,,,,,,,,,,,,,,12877006.0,83961192.0,0.1533685467447865,2279189.0,4318714.0,0.527747148804019,995230.0,5946549.0,0.1673626165360783,0.1081008988346847,0.0,0.0,,,,,,,,,0.0,,,
scNH_GM_4plex_45_S44.TGACCA,scnomehic,8489754.0,1214034822.0,1771798.0,2559433.0,7079402.0,855019753.0,0.8338759874549958,5385801.0,4830194.0,2018313.0,1780945.0,8489754.0,1273463100.0,1947415.0,4118039.0,7117506.0,902750457.0,0.8383642211541111,5221654.0,4665781.0,1930594.0,1725149.0,1745154.0,44290.0,57405.0,,,,,,,,,,,,,3948907.0,8489754.0,76.07706131111074,73.36353492360948,62.52529568025258,63.02715576328879,68.22884192760914,65.55359419437089,1846849.0,0.9449359422454136,0.0239813866753589,0.0310826710792273
scNH_GM_4plex_48_S47,scnomehic,,,,,,,,,,,,,,,,,,,,,,,,,,7196721.0,54760845.0,0.1314209267588913,1633595.0,2803464.0,0.5827058952781273,541477.0,3814768.0,0.1419423147095708,0.0717736869412957,0.0,0.0,,,,,,,,,0.0,,,
scNH_GM_4plex_48_S47.ATCACG,scnomehic,8365788.0,1196307684.0,4078758.0,1656164.0,4717347.0,560606609.0,0.5638855538772917,3155876.0,2802935.0,1341457.0,1173411.0,8365788.0,1254868200.0,4173924.0,3005240.0,4819730.0,595331827.0,0.5761238510944815,3034345.0,2685959.0,1279985.0,1131239.0,1136418.0,22793.0,34011.0,,,,,,,,,,,,,2621442.0,8365788.0,66.89938221631778,62.95674239013389,57.493355252234245,57.81676111318917,59.4176133322395,55.72841217246609,1193222.0,0.9523944412691016,0.0191020614772439,0.0285034972536543
scNH_GM_4plex_27_S26,scnomehic,,,,,,,,,,,,,,,,,,,,,,,,,,7964181.0,39012873.0,0.2041423865399505,1082464.0,1954664.0,0.5537852029811773,556682.0,2662905.0,0.2090506420619586,0.0535534261918836,0.0,0.0,,,,,,,,,0.0,,,
scNH_GM_4plex_27_S26.GCCAAT,scnomehic,5729917.0,819378131.0,2366404.0,1237507.0,3733472.0,439894198.0,0.651575232241584,2131217.0,1911339.0,954265.0,846248.0,5729917.0,859487550.0,2451214.0,1946079.0,3834427.0,466636746.0,0.6691941611021591,2057822.0,1836579.0,915499.0,817301.0,802823.0,21773.0,22972.0,,,,,,,,,,,,,1869764.0,5729917.0,57.08404937816596,53.66700161458283,55.22440933982791,55.51126385080926,51.19467884050021,47.89709127335063,847568.0,0.947207775659298,0.0256887942914314,0.0271034300492703
scNH_GM_4plex_33_S32,scnomehic,,,,,,,,,,,,,,,,,,,,,,,,,,5424606.0,33608837.0,0.1614041568888563,908711.0,1690038.0,0.5376867265706452,405347.0,2313916.0,0.1751779234855543,0.0465256309125306,0.0,0.0,,,,,,,,,0.0,,,
scNH_GM_4plex_33_S32.TGACCA,scnomehic,3885469.0,555622067.0,1595839.0,817623.0,2506022.0,298350266.0,0.6449728462638615,1707522.0,1532296.0,812446.0,721767.0,3885469.0,582820350.0,1652118.0,1318438.0,2545790.0,316040373.0,0.6552079041165945,1657360.0,1483047.0,783402.0,700008.0,682287.0,16708.0,23013.0,,,,,,,,,,,,,1595848.0,3885469.0,68.13675219132155,65.10199191606534,52.41958815171928,52.73193512574215,61.144554995925816,58.25488355284607,722008.0,0.9449853741232784,0.0231410178280573,0.0318736080486642
scNH_GM_4plex_6_S5,scnomehic,,,,,,,,,,,,,,,,,,,,,,,,,,13113562.0,72181365.0,0.1816751733636514,2044025.0,3780973.0,0.5406081979426989,989988.0,5134871.0,0.1927970537137155,0.0966643501689999,0.0,0.0,,,,,,,,,0.0,,,
scNH_GM_4plex_6_S5.CGATGT,scnomehic,6291259.0,899650037.0,1426505.0,1813974.0,5053393.0,612800874.0,0.8032403371089952,3998232.0,3572961.0,1716607.0,1516970.0,6291259.0,943688850.0,1550484.0,3336781.0,5073278.0,646677903.0,0.8064010717091762,3872975.0,3455439.0,1669747.0,1491808.0,1458195.0,49753.0,50509.0,,,,,,,,,,,,,3386354.0,6291259.0,79.11975181823381,76.34068150809003,57.06584810486235,56.887224936902506,70.70419814963927,68.11057860420817,1558457.0,0.9356658541108288,0.031924525347828,0.0324096205413431
scNH_GM_4plex_11_S10,scnomehic,,,,,,,,,,,,,,,,,,,,,,,,,,8206759.0,50540518.0,0.162379795949064,1434354.0,2750084.0,0.5215673412157592,650577.0,3682905.0,0.1766477821176489,0.0667922037604229,0.0,0.0,,,,,,,,,0.0,,,
scNH_GM_4plex_11_S10.ATCACG,scnomehic,10083238.0,1441903034.0,6208570.0,1521700.0,4247933.0,504925673.0,0.4212865946435064,2797558.0,2505065.0,1213509.0,1072660.0,10083238.0,1512485700.0,6277563.0,2754147.0,4361505.0,538346218.0,0.4325500399772374,2700939.0,2412318.0,1167543.0,1042878.0,1026506.0,28069.0,33166.0,,,,,,,,,,,,,2381052.0,10083238.0,65.8569238262468,61.92676610481932,56.62256153402361,56.77270016094403,58.9713867897634,55.30930263750701,1087741.0,0.9437044296390408,0.0258048561192416,0.0304907142417174
scNH_GM_4plex_19_S18,scnomehic,,,,,,,,,,,,,,,,,,,,,,,,,,5560977.0,36853785.0,0.1508929679814434,1067064.0,1875573.0,0.5689269359283803,422856.0,2562321.0,0.1650285034544852,0.0511530897636064,0.0,0.0,,,,,,,,,0.0,,,
scNH_GM_4plex_19_S18.TGACCA,scnomehic,3832596.0,548061228.0,1049026.0,1019069.0,2934106.0,353953253.0,0.7655662115182503,2076745.0,1860952.0,882734.0,780931.0,3832596.0,574889400.0,1119109.0,1672911.0,2953845.0,373873191.0,0.7707165065141225,2014839.0,1800405.0,851379.0,760778.0,752699.0,16752.0,28887.0,,,,,,,,,,,,,1734113.0,3832596.0,70.77948104124391,68.21072195731327,57.49434812651529,57.74456420587452,63.424838775422565,60.95123474657608,798338.0,0.9428324844865208,0.0209835934153203,0.0361839220981589
scNH_GM_4plex_30_S29,scnomehic,,,,,,,,,,,,,,,,,,,,,,,,,,8628206.0,47050630.0,0.1833813064777241,1358794.0,2467390.0,0.5507009431018202,651399.0,3339223.0,0.1950750219437276,0.0637050466223246,0.0,0.0,,,,,,,,,0.0,,,
scNH_GM_4plex_30_S29.CGATGT,scnomehic,5336099.0,763062157.0,1646298.0,1388317.0,3926804.0,471829773.0,0.7358941428935257,2881687.0,2574251.0,1133582.0,999735.0,5336099.0,800414850.0,1739315.0,2332818.0,3960519.0,498277786.0,0.7422124289673037,2799924.0,2497472.0,1096346.0,978128.0,960333.0,38267.0,30267.0,,,,,,,,,,,,,2229928.0,5336099.0,73.38504799322808,70.69588606947725,60.662556342864434,60.84372290105018,65.55588208629716,63.05921016917228,1028867.0,0.9333888636723696,0.0371933398583101,0.0294177964693201
scNH_GM_4plex_18_S17,scnomehic,,,,,,,,,,,,,,,,,,,,,,,,,,7642871.0,46866296.0,0.1630781958958309,1467730.0,2552766.0,0.5749567332062555,605557.0,3428875.0,0.176605154751923,0.062188925836131,0.0,0.0,,,,,,,,,0.0,,,
scNH_GM_4plex_18_S17.CGATGT,scnomehic,7241606.0,1035549658.0,3203478.0,1566706.0,4348923.0,519429662.0,0.6005467571696113,3105632.0,2771253.0,1124304.0,987348.0,7241606.0,1086240900.0,3300429.0,2685766.0,4407472.0,549660977.0,0.6086318421631887,3014777.0,2689087.0,1081011.0,964708.0,966985.0,32674.0,31630.0,,,,,,,,,,,,,2205315.0,7241606.0,71.41151958772322,68.40150090573462,63.79790007315741,64.14292002360374,63.7227423893226,61.01200416020794,1031289.0,0.9376469641390532,0.0316826806065031,0.0306703552544437
scNH_GM_4plex_20_S19,scnomehic,,,,,,,,,,,,,,,,,,,,,,,,,,10851688.0,65729660.0,0.1650957573795452,1783148.0,3469011.0,0.5140220080017043,846372.0,4738917.0,0.1786003004483936,0.0850154781335228,0.0,0.0,,,,,,,,,0.0,,,
scNH_GM_4plex_20_S19.ATCACG,scnomehic,12141449.0,1736227207.0,6143355.0,2478062.0,6463156.0,772555199.0,0.5323216364043534,4545323.0,4062912.0,1592875.0,1398974.0,12141449.0,1821217350.0,6278979.0,4206984.0,6593095.0,820091677.0,0.5430237362937488,4381250.0,3908155.0,1519523.0,1355950.0,1369991.0,38771.0,48853.0,,,,,,,,,,,,,3112398.0,12141449.0,70.32667941173013,66.4520987487667,64.95573581899461,65.31759201141227,62.86266337993389,59.276485474576056,1457615.0,0.939885360674801,0.0265989304445961,0.0335157088806029
scNH_GM_4plex_4_S3,scnomehic,,,,,,,,,,,,,,,,,,,,,,,,,,12888055.0,69762641.0,0.1847415008270687,1987532.0,3627727.0,0.5478725383690669,945935.0,4988480.0,0.1896238934505099,0.0900971228493673,0.0,0.0,,,,,,,,,0.0,,,
scNH_GM_4plex_4_S3.GCCAAT,scnomehic,8412987.0,1203057141.0,1587427.0,2617716.0,7141595.0,863638597.0,0.848877455771654,5422656.0,4879294.0,1709767.0,1506047.0,8412987.0,1261948050.0,1763777.0,4364676.0,7184688.0,911703071.0,0.8539996555325713,5224091.0,4681014.0,1637267.0,1470611.0,1499706.0,48913.0,51553.0,,,,,,,,,,,,,3347034.0,8412987.0,75.9306009371856,72.71145246669028,68.46993429050265,68.65929402837739,68.32218853071338,65.15264128379687,1600172.0,0.9372154993338216,0.0305673390110563,0.032217161655122
scNH_GM_4plex_20_S19,scnomehic,,,,,,,,,,,,,,,,,,,,,,,,,,12076719.0,64720260.0,0.1865987404871364,1940935.0,3418055.0,0.5678477964807471,920905.0,4656442.0,0.1977701000033931,0.0832948477211644,0.0,0.0,,,,,,,,,0.0,,,
scNH_GM_4plex_20_S19.TGACCA,scnomehic,9156361.0,1309359623.0,3213889.0,2274565.0,6341952.0,761453129.0,0.6926279992673946,4682262.0,4186131.0,1580816.0,1387519.0,9156361.0,1373454150.0,3356917.0,3712435.0,6407082.0,805241425.0,0.699741087097811,4530081.0,4040943.0,1509038.0,1346023.0,1346448.0,53796.0,44251.0,,,,,,,,,,,,,3089854.0,9156361.0,73.82998168387273,70.70427692356677,66.23819854591648,66.68849850587661,66.0069801852805,63.06994354060086,1444495.0,0.93212368336339,0.0372420811425446,0.0306342354940654
scNH_GM_4plex_39_S38,scnomehic,,,,,,,,,,,,,,,,,,,,,,,,,,5701188.0,36300422.0,0.157055694834622,923259.0,1821371.0,0.5069033162381524,429438.0,2507256.0,0.1712780824933712,0.0504428068546374,0.0,0.0,,,,,,,,,0.0,,,
scNH_GM_4plex_39_S38.ATCACG,scnomehic,4979484.0,712066212.0,2331408.0,997469.0,2828658.0,339584783.0,0.5680624739430833,1966883.0,1765630.0,875972.0,777029.0,4979484.0,746922600.0,2391458.0,1840881.0,2876461.0,360059373.0,0.5776624646248487,1895821.0,1699155.0,847669.0,759953.0,745549.0,18185.0,26297.0,,,,,,,,,,,,,1723641.0,4979484.0,69.53413951067962,65.9081072192531,55.4639498129782,55.287498134053806,62.41935221578572,59.07102512427598,790031.0,0.9436958802882418,0.0230180841004973,0.0332860356112608
scNH_GM_4plex_8_S7,scnomehic,,,,,,,,,,,,,,,,,,,,,,,,,,6642880.0,39494860.0,0.1681960639941501,1104644.0,1978653.0,0.5582808102279683,493403.0,2740766.0,0.1800237597810247,0.0545121572442541,0.0,0.0,,,,,,,,,0.0,,,
scNH_GM_4plex_8_S7.TGACCA,scnomehic,5367751.0,767588393.0,1696500.0,1236444.0,3879245.0,467824624.0,0.7226946629975943,2622593.0,2348430.0,954893.0,840776.0,5367751.0,805162650.0,1781267.0,2300979.0,3909745.0,494599836.0,0.7283767447484059,2535420.0,2265507.0,930229.0,832276.0,830492.0,21592.0,33121.0,,,,,,,,,,,,,1885122.0,5367751.0,67.60575833699599,64.84873054380785,63.58973733247972,63.31065464498978,60.5383264011425,57.945134529234,885205.0,0.93819171830254,0.0243920899678605,0.0374161917295993
scNH_GM_4plex_20_S19,scnomehic,,,,,,,,,,,,,,,,,,,,,,,,,,15058111.0,96241745.0,0.1564613255921326,2721049.0,4935640.0,0.5513062135812175,1163595.0,6847227.0,0.1699366765553413,0.1208963014537465,0.0,0.0,,,,,,,,,0.0,,,
scNH_GM_4plex_20_S19.GCCAAT,scnomehic,12013030.0,1717863290.0,3647710.0,3547307.0,9002304.0,1073999559.0,0.7493783000625155,6800742.0,6083294.0,2356618.0,2068924.0,12013030.0,1801954500.0,3878238.0,5243146.0,9144314.0,1136084847.0,0.7611996307342943,6582559.0,5875520.0,2236939.0,1996356.0,2027553.0,57497.0,66443.0,,,,,,,,,,,,,4593557.0,12013030.0,75.54446061808177,71.98526865984698,65.34763412580568,66.01718267925894,67.57485639231913,64.25326164433986,2151493.0,0.9423934914034114,0.0267242328931583,0.0308822757034301
scNH_GM_4plex_25_S24,scnomehic,,,,,,,,,,,,,,,,,,,,,,,,,,11402620.0,72890255.0,0.1564354521739565,1956994.0,3681802.0,0.531531570681965,861053.0,5068353.0,0.1698881273660299,0.0959593257785211,0.0,0.0,,,,,,,,,0.0,,,
scNH_GM_4plex_25_S24.TGACCA,scnomehic,7640987.0,1092661141.0,2266260.0,1931728.0,5706572.0,686814538.0,0.74683702511207,4386933.0,3942613.0,1770886.0,1569091.0,7640987.0,1146148050.0,2404753.0,3208338.0,5756758.0,726332924.0,0.7534050247697058,4270520.0,3829585.0,1711817.0,1534033.0,1513883.0,45474.0,47885.0,,,,,,,,,,,,,3482703.0,7640987.0,76.87510119910867,74.182725763355,59.63270922988795,59.91549038524582,69.08899072858452,66.52329314520429,1607242.0,0.9419135388448036,0.028293187958005,0.0297932731971912
scNH_GM_4plex_46_S45,scnomehic,,,,,,,,,,,,,,,,,,,,,,,,,,10358722.0,64054575.0,0.1617171294946535,1841583.0,3296323.0,0.5586779572268858,794029.0,4522761.0,0.1755628917822542,0.0854644164478173,0.0,0.0,,,,,,,,,0.0,,,
scNH_GM_4plex_46_S45.ATCACG,scnomehic,7204454.0,1030236922.0,2781064.0,1731218.0,4654673.0,562074140.0,0.6460826871821237,3536688.0,3171079.0,1540763.0,1364968.0,7204454.0,1080668100.0,2884695.0,3307427.0,4706592.0,595028717.0,0.6532892013745941,3410814.0,3054075.0,1490209.0,1335031.0,1310306.0,42065.0,40093.0,,,,,,,,,,,,,3030972.0,7204454.0,75.98144918021093,72.46886919452547,56.43486222137775,56.3092857013018,68.1267835570834,64.8893084422869,1392464.0,0.9409981155706718,0.0302090395155637,0.0287928449137643
scNH_GM_4plex_18_S17,scnomehic,,,,,,,,,,,,,,,,,,,,,,,,,,11765234.0,71395046.0,0.1647906214669292,2018781.0,3669595.0,0.5501372767294483,895550.0,5033075.0,0.1779329733810841,0.0924665439890422,0.0,0.0,,,,,,,,,0.0,,,
scNH_GM_4plex_18_S17.TGACCA,scnomehic,10154546.0,1452100078.0,3959824.0,2232636.0,6630821.0,795745444.0,0.6529903946468901,4641580.0,4155511.0,1739036.0,1531734.0,10154546.0,1523181900.0,4108113.0,3573618.0,6697340.0,842165045.0,0.6595410567838287,4508068.0,4022704.0,1661907.0,1481912.0,1480120.0,37021.0,58966.0,,,,,,,,,,,,,3400943.0,10154546.0,70.0000799297704,67.31132061385566,62.53353383977007,63.134828489721095,62.66963020114704,60.06420459465996,1576107.0,0.9390986779450888,0.0234888874930445,0.0374124345618666
scNH_GM_4plex_6_S5,scnomehic,,,,,,,,,,,,,,,,,,,,,,,,,,5172583.0,29870986.0,0.1731641198586481,847722.0,1522791.0,0.5566896573462806,388647.0,2096407.0,0.1853871886518219,0.0420858544929687,0.0,0.0,,,,,,,,,0.0,,,
scNH_GM_4plex_6_S5.ATCACG,scnomehic,4527695.0,647460385.0,2120962.0,907081.0,2559991.0,307747930.0,0.5654071221670187,1655044.0,1483635.0,718588.0,636178.0,4527695.0,679154250.0,2172787.0,1742053.0,2596328.0,326115340.0,0.5734326185840698,1592149.0,1422486.0,698219.0,624995.0,608851.0,22300.0,18055.0,,,,,,,,,,,,,1416807.0,4527695.0,64.65038353650462,61.3231070958677,56.58193981549735,56.14612702705588,57.9546959344779,54.78837804776592,649206.0,0.9378394531165762,0.034349651728419,0.0278108951550047
scNH_GM_4plex_19_S18,scnomehic,,,,,,,,,,,,,,,,,,,,,,,,,,7493806.0,45864499.0,0.1633901201013882,1365392.0,2426578.0,0.5626820979997346,579423.0,3288386.0,0.1762028545310678,0.0622436065572646,0.0,0.0,,,,,,,,,0.0,,,
scNH_GM_4plex_19_S18.CGATGT,scnomehic,4787523.0,684615789.0,1524235.0,1299708.0,3459272.0,415801410.0,0.7225598707306471,2580152.0,2309088.0,1088882.0,962765.0,4787523.0,718128450.0,1609701.0,2193880.0,3481663.0,438395900.0,0.7272368195411281,2502605.0,2234556.0,1053678.0,940606.0,926701.0,28275.0,32591.0,,,,,,,,,,,,,2142560.0,4787523.0,74.58656040924218,71.87958742704276,57.7977576514872,57.8967515848486,66.75069205312563,64.18070904622303,987567.0,0.9383677259365694,0.0286309688355321,0.0330013052278984
scNH_GM_4plex_1_S1,scnomehic,,,,,,,,,,,,,,,,,,,,,,,,,,6416666.0,38292546.0,0.1675695839080535,1137621.0,2034524.0,0.5591583092654596,500494.0,2759470.0,0.181373234715362,0.0519866667210379,0.0,0.0,,,,,,,,,0.0,,,
scNH_GM_4plex_1_S1.TGACCA,scnomehic,4900760.0,700808680.0,1306160.0,1266696.0,3763305.0,455400990.0,0.7679023253536186,2508460.0,2248816.0,917410.0,808795.0,4900760.0,735114000.0,1394143.0,2132415.0,3785397.0,481105988.0,0.7724101976020046,2432486.0,2176741.0,890125.0,797152.0,794958.0,25918.0,26224.0,,,,,,,,,,,,,1807535.0,4900760.0,66.65577198765446,64.2597328628939,63.42736180764293,63.40677808628704,59.75641092071995,57.50363832380064,847100.0,0.9384464644079802,0.030596151575965,0.0309573840160547
scNH_GM_4plex_38_S37,scnomehic,,,,,,,,,,,,,,,,,,,,,,,,,,4691405.0,29195436.0,0.160689670810191,757718.0,1495652.0,0.5066138379783532,353479.0,2042429.0,0.17306794997525,0.040194141096121,0.0,0.0,,,,,,,,,0.0,,,
scNH_GM_4plex_38_S37.CGATGT,scnomehic,3941161.0,563586023.0,1364773.0,969472.0,2763955.0,330969542.0,0.7013047678082677,1913153.0,1718674.0,711003.0,628627.0,3941161.0,591174150.0,1430542.0,1701319.0,2790772.0,349408858.0,0.7081091079506775,1851643.0,1657386.0,685650.0,613732.0,610050.0,19216.0,20371.0,,,,,,,,,,,,,1396653.0,3941161.0,69.21795036460435,66.34877374432594,62.836061726375256,62.97072383823448,62.18169253840964,59.38808329738151,649637.0,0.9390628920458656,0.0295795959897604,0.0313575119643739
scNH_GM_4plex_27_S26,scnomehic,,,,,,,,,,,,,,,,,,,,,,,,,,6080649.0,41239105.0,0.1474486170347295,1188125.0,2100535.0,0.5656297086218511,455889.0,2846962.0,0.1601317474557089,0.055967582642898,0.0,0.0,,,,,,,,,0.0,,,
scNH_GM_4plex_27_S26.ATCACG,scnomehic,5532542.0,791153506.0,2591233.0,1102185.0,3219479.0,383449565.0,0.5819167753267847,2197115.0,1959447.0,1007731.0,887769.0,5532542.0,829881300.0,2659455.0,1936048.0,3279778.0,406871125.0,0.5928157436491218,2119987.0,1884717.0,966395.0,857924.0,844008.0,18881.0,27742.0,,,,,,,,,,,,,1974126.0,5532542.0,68.24442712625242,64.63812489747782,54.13389831665616,54.41505065832951,60.862238890205525,57.464773530403576,890631.0,0.9476517210831422,0.0211995764800461,0.0311487024368116
scNH_GM_4plex_7_S6,scnomehic,,,,,,,,,,,,,,,,,,,,,,,,,,9882720.0,56751447.0,0.1741404056182038,1584149.0,2911043.0,0.5441860529026882,741519.0,4000948.0,0.1853358254093779,0.0755169540218521,0.0,0.0,,,,,,,,,0.0,,,
scNH_GM_4plex_7_S6.ATCACG,scnomehic,10761109.0,1538838587.0,4587925.0,2267129.0,6545510.0,787673549.0,0.6082560821565881,4323726.0,3874470.0,1387180.0,1217970.0,10761109.0,1614166350.0,4718709.0,4401176.0,6644582.0,835094373.0,0.6174625682167144,4162190.0,3722929.0,1339425.0,1199929.0,1203130.0,55255.0,34981.0,,,,,,,,,,,,,2726605.0,10761109.0,66.05636535579352,62.640358716319554,67.91702341915283,67.81922497531347,59.19279017219438,56.02954407064282,1293366.0,0.9302316590972702,0.0427218590870642,0.0270464818156654
scNH_GM_4plex_8_S7,scnomehic,,,,,,,,,,,,,,,,,,,,,,,,,,9638039.0,59773827.0,0.1612417923316169,1775205.0,3167630.0,0.5604205667959957,759599.0,4323164.0,0.1757044146370575,0.0787092747553913,0.0,0.0,,,,,,,,,0.0,,,
scNH_GM_4plex_8_S7.ATCACG,scnomehic,10024332.0,1433479476.0,5022620.0,1895045.0,5321116.0,639049488.0,0.530820008754698,3801945.0,3408513.0,1436155.0,1267007.0,10024332.0,1503649800.0,5130516.0,3678887.0,5419559.0,678179323.0,0.540640413745275,3658319.0,3275511.0,1399771.0,1256326.0,1248131.0,34587.0,46889.0,,,,,,,,,,,,,2835926.0,10024332.0,71.45014316545627,67.5021528504441,62.22578180378727,61.737317057369786,64.05635584715688,60.43869990159716,1329607.0,0.9387217425901035,0.0260129496911493,0.0352653077187469
scNH_GM_4plex_12_S11,scnomehic,,,,,,,,,,,,,,,,,,,,,,,,,,15965752.0,92100928.0,0.1733506094531425,2372742.0,4792621.0,0.4950823359493688,1213643.0,6595130.0,0.184021088287873,0.1155839354890513,0.0,0.0,,,,,,,,,0.0,,,
scNH_GM_4plex_12_S11.TGACCA,scnomehic,12265764.0,1754004252.0,2484579.0,3419294.0,10192733.0,1236069396.0,0.8309904707118122,7819463.0,6998532.0,2248861.0,1965102.0,12265764.0,1839864600.0,2732410.0,6333603.0,10223662.0,1304432149.0,0.8335120421361442,7541670.0,6733062.0,2142538.0,1915809.0,1963137.0,82812.0,65864.0,,,,,,,,,,,,,4391399.0,12265764.0,76.71605839179738,73.76681662598,71.24021176390245,71.59066891020159,68.66197711644169,65.85763496484918,2111813.0,0.929597933150331,0.0392136993190211,0.0311883675306478
scNH_GM_4plex_37_S36,scnomehic,,,,,,,,,,,,,,,,,,,,,,,,,,5332583.0,33541822.0,0.1589831047341435,892248.0,1687836.0,0.5286342985929913,399744.0,2316041.0,0.1725979807784059,0.0464267774747601,0.0,0.0,,,,,,,,,0.0,,,
scNH_GM_4plex_37_S36.TGACCA,scnomehic,3549406.0,507565058.0,1026673.0,909680.0,2702631.0,324484064.0,0.7614319128327388,1801496.0,1615192.0,807631.0,715918.0,3549406.0,532410900.0,1090490.0,1517575.0,2722740.0,342485431.0,0.7670973678412669,1745788.0,1560131.0,779826.0,696751.0,685020.0,16485.0,24379.0,,,,,,,,,,,,,1587457.0,3549406.0,66.65712041340457,64.11879209913542,55.16887076074551,55.3310023897518,59.76368953068325,57.30003599315396,725884.0,0.9437045037499104,0.0227102402036689,0.0335852560464206
scNH_GM_4plex_21_S20,scnomehic,,,,,,,,,,,,,,,,,,,,,,,,,,4205391.0,25979146.0,0.161875644411098,712542.0,1351116.0,0.5273729272690132,321311.0,1831001.0,0.1754837927450613,0.0356564509396881,0.0,0.0,,,,,,,,,0.0,,,
scNH_GM_4plex_21_S20.CGATGT,scnomehic,5100900.0,729428700.0,2343463.0,1055309.0,3016391.0,357614621.0,0.5913448607108549,1908684.0,1703294.0,630491.0,552197.0,5100900.0,765135000.0,2410075.0,1737265.0,3066973.0,378193989.0,0.6012611499931385,1852722.0,1649053.0,602903.0,536920.0,547405.0,14456.0,19783.0,,,,,,,,,,,,,1233394.0,5100900.0,63.277075153718464,60.40881351091125,66.96724025558972,67.45852858658775,56.467944639802994,53.76809642602005,581644.0,0.9411340957699212,0.0248536905736154,0.0340122136564634
scNH_GM_4plex_29_S28,scnomehic,,,,,,,,,,,,,,,,,,,,,,,,,,6765812.0,40595926.0,0.1666623394672657,1252883.0,2160313.0,0.5799543862394014,527391.0,2899527.0,0.1818886321803521,0.0549431754333631,0.0,0.0,,,,,,,,,0.0,,,
scNH_GM_4plex_29_S28.GCCAAT,scnomehic,4125488.0,589944784.0,1691951.0,1005109.0,2677141.0,316630137.0,0.6489271087444686,1891536.0,1698214.0,971944.0,865203.0,4125488.0,618823200.0,1755841.0,1487872.0,2745189.0,335964688.0,0.6654216422396575,1830461.0,1639231.0,936281.0,837920.0,812295.0,22379.0,22248.0,,,,,,,,,,,,,1908225.0,4125488.0,70.65507569455625,66.67886983373458,48.61615110682536,48.84998915573727,63.43386470865748,59.71286494299663,856922.0,0.947921747837026,0.0261155624432562,0.0259626897197177
scNH_GM_4plex_46_S45,scnomehic,,,,,,,,,,,,,,,,,,,,,,,,,,3550502.0,22385247.0,0.1586090160184518,646807.0,1157425.0,0.5588327537421431,271117.0,1572666.0,0.1723932481531361,0.0315065759573764,0.0,0.0,,,,,,,,,0.0,,,
scNH_GM_4plex_46_S45.CGATGT,scnomehic,3056081.0,437019583.0,1276744.0,732742.0,1923782.0,229230513.0,0.6294931318901561,1264829.0,1129497.0,536956.0,473778.0,3056081.0,458412150.0,1319804.0,1236838.0,1949712.0,242228461.0,0.6379778546445595,1227079.0,1094379.0,520081.0,464065.0,456291.0,11981.0,17318.0,,,,,,,,,,,,,1057037.0,3056081.0,65.74700251899644,62.93642343074259,57.54714668939438,57.61633929029835,58.71231771583266,56.13029001206332,485590.0,0.9396630902613315,0.0246730781111637,0.0356638316275046
scNH_GM_4plex_13_S12,scnomehic,,,,,,,,,,,,,,,,,,,,,,,,,,3894409.0,25003684.0,0.1557534081777709,690644.0,1285723.0,0.5371639147779109,294112.0,1746508.0,0.1684000302317538,0.0350985921618871,0.0,0.0,,,,,,,,,0.0,,,
scNH_GM_4plex_13_S12.CGATGT,scnomehic,3299747.0,471863821.0,1336906.0,783989.0,2111237.0,251925704.0,0.639817840579899,1455343.0,1302164.0,601981.0,531230.0,3299747.0,494962050.0,1387684.0,1292042.0,2137096.0,266053638.0,0.6476545019966682,1414070.0,1262535.0,583303.0,521005.0,512268.0,13527.0,20413.0,,,,,,,,,,,,,1185284.0,3299747.0,68.9331894050739,66.16782774381684,58.636486381560914,58.75006187812484,61.67777468848832,59.07713083548891,546208.0,0.9378624992676784,0.0247652908782002,0.0373722098541215
scNH_GM_4plex_29_S28,scnomehic,,,,,,,,,,,,,,,,,,,,,,,,,,10950821.0,68165341.0,0.1606508650781927,1896414.0,3501310.0,0.5416298471143658,832607.0,4760637.0,0.1748940320381495,0.090859550609655,0.0,0.0,,,,,,,,,0.0,,,
scNH_GM_4plex_29_S28.ATCACG,scnomehic,7395067.0,1057494581.0,3597124.0,1558468.0,4093572.0,489547692.0,0.553554416748354,3167672.0,2839222.0,1644792.0,1461530.0,7395067.0,1109260050.0,3688290.0,2717330.0,4174981.0,519551711.0,0.564562971505194,3055765.0,2732051.0,1587859.0,1419456.0,1376016.0,37668.0,38509.0,,,,,,,,,,,,,3232651.0,7395067.0,77.38161195161585,73.19230913865236,48.07568460370896,48.03726726368029,69.35805697322533,65.4386451100017,1452193.0,0.9475434739046394,0.0259387009853373,0.0265178251100232
scNH_GM_4plex_44_S43,scnomehic,,,,,,,,,,,,,,,,,,,,,,,,,,4614693.0,31176799.0,0.1480168955125893,875879.0,1564456.0,0.5598617027260594,350429.0,2152486.0,0.1628019880268675,0.0431004504896111,0.0,0.0,,,,,,,,,0.0,,,
scNH_GM_4plex_44_S43.TGACCA,scnomehic,3977689.0,568809527.0,1488342.0,896390.0,2685628.0,321278353.0,0.6751729458989881,1774602.0,1588582.0,752997.0,665388.0,3977689.0,596653350.0,1548448.0,1493579.0,2720020.0,339898369.0,0.6838191723887915,1722157.0,1537722.0,725827.0,648248.0,640712.0,14884.0,23881.0,,,,,,,,,,,,,1478824.0,3977689.0,66.07772930577131,63.31413004316144,57.56811949947087,57.85361032704917,59.1512301778206,56.5334813714605,679477.0,0.942948767949467,0.0219050828799208,0.0351461491706121
