dataset	cell	uniq_preDedup	mapq30_preDedup	rate_preDedup	uniq_postDedup	mapq30_postDedup	rate_postDedup
nagano	SRR921530	5067262	4460004	88.016	1081947	763919	70.606
nagano	SRR921536	1744909	1500687	86.004	333499	183658	55.07
nagano	SRR921528	5250628	4572705	87.089	1086304	705257	64.923
nagano	SRR921529	2637071	2311530	87.655	726127	530500	73.059
nagano	SRR921531	3636519	3085087	84.836	663416	362661	54.666
nagano	SRR921532	2770386	2420125	87.357	470169	304256	64.712
nagano	SRR921540	3458361	3059701	88.473	541126	358484	66.248
nagano	SRR921538	4215102	3683426	87.386	547680	320953	58.602
nagano	SRR921533	25798709	23931735	92.763	1322146	767127	58.021
nagano	SRR921527	11997613	11016741	91.824	947900	533008	56.23
nagano	SRR921537	18828426	17431058	92.578	742219	343542	46.286
nagano	SRR921534	1728555	1479878	85.614	348081	221321	63.583
nagano	SRR921539	7031520	6559683	93.29	395414	227643	57.571
nagano	SRR921535	5079298	4390436	86.438	707298	408663	57.778
nagano	SRR921526	2457163	2101784	85.537	480298	306748	63.866
smallwood	SRR1248475	49680	34412	69.267	39170	27426	70.018
smallwood	SRR1248483	4860016	3656353	75.233	3824247	2840007	74.263
smallwood	SRR1248487	4293484	3227652	75.176	3595115	2652771	73.788
smallwood	SRR1248496	5586727	4309460	77.137	4248224	3153363	74.228
smallwood	SRR1248485	5311896	3999864	75.3	4711503	3512976	74.562
smallwood	SRR1248488	2723467	2108085	77.404	2015367	1495689	74.214
smallwood	SRR1248459	3895058	2902433	74.516	3196311	2329501	72.881
smallwood	SRR1248484	3864999	2927578	75.746	3274615	2455767	74.994
smallwood	SRR1248494	4916195	3793674	77.167	3776526	2819555	74.66
smallwood	SRR1248470	70706	57886	81.869	39112	31307	80.044
smallwood	SRR1248471	189625	166824	87.976	79679	65091	81.692
smallwood	SRR1248452	5405941	4473082	82.744	3659786	3046533	83.243
smallwood	SRR1248480	5704633	4331659	75.932	4895487	3686523	75.305
smallwood	SRR1248444	5312351	4316849	81.261	3692829	2982462	80.764
smallwood	SRR1248478	3772191	2857323	75.747	3083920	2298973	74.547
smallwood	SRR1248455	5483677	4555353	83.071	3671042	3068125	83.576
smallwood	SRR1248458	2691816	2008559	74.617	2373147	1756388	74.011
smallwood	SRR1248450	2013637	1665685	82.72	1482459	1217690	82.14
smallwood	SRR1248491	4150971	3193454	76.933	3318620	2501124	75.366
smallwood	SRR1248464	4206651	3137597	74.587	3612867	2662274	73.689
smallwood	SRR1248466	4426134	3258787	73.626	3612616	2586273	71.59
smallwood	SRR1248449	8340493	6825802	81.839	5407079	4363809	80.705
smallwood	SRR1248473	81419	67522	82.932	50823	40357	79.407
smallwood	SRR1248479	6698299	5107689	76.254	5388234	4044263	75.057
smallwood	SRR1248462	4377262	3237668	73.966	3376834	2406332	71.26
smallwood	SRR1248465	4728979	3438766	72.717	4056559	2930751	72.247
smallwood	SRR1248447	3366502	2740542	81.406	2466333	2001695	81.161
smallwood	SRR1248453	3846543	3229939	83.97	2726241	2269052	83.23
smallwood	SRR1248472	51509	42978	83.438	30253	24210	80.025
smallwood	SRR1248451	3738237	3096533	82.834	2714598	2257183	83.15
smallwood	SRR1248468	3774003	2807987	74.403	3258130	2429934	74.581
smallwood	SRR1248457	4052549	2989281	73.763	3529458	2580560	73.115
smallwood	SRR1248446	16784893	13231258	78.828	9829863	7671973	78.048
smallwood	SRR1248492	6478849	4941715	76.275	5209119	3868361	74.261
smallwood	SRR1248477	6244100	4758757	76.212	4913548	3675586	74.805
smallwood	SRR1248490	7582722	5714188	75.358	6891409	5179110	75.153
smallwood	SRR1248481	4819707	3667232	76.088	3940449	2946579	74.778
smallwood	SRR1248460	5006562	3708802	74.079	4140787	3004646	72.562
smallwood	SRR1248486	5673907	4250962	74.921	4846939	3587012	74.006
smallwood	SRR1248461	4711399	3506683	74.43	3875822	2841714	73.319
smallwood	SRR1248448	7057673	5770058	81.756	5307913	4333478	81.642
smallwood	SRR1248495	5874675	4535988	77.213	4231203	3099142	73.245
smallwood	SRR1248467	3608108	2647990	73.39	2974440	2190683	73.65
smallwood	SRR1248493	5442580	4202911	77.223	4216745	3149451	74.689
smallwood	SRR1248474	295746	269841	91.241	100550	83119	82.664
smallwood	SRR1248454	3578856	3004149	83.942	2578093	2156138	83.633
smallwood	SRR1248445	12956157	10539548	81.348	7277184	5776053	79.372
smallwood	SRR1248489	3204311	2431984	75.897	2643912	1972021	74.587
smallwood	SRR1248476	90333	79052	87.512	49407	40782	82.543
smallwood	SRR1248463	4531742	3331286	73.51	3942333	2875512	72.939
smallwood	SRR1248482	6772643	5139499	75.886	5738296	4294900	74.846
scnome	SRR3729647	7824447	5766679	73.701	2646544	1806545	68.261
scnome	K562_06	15636021	11413219	72.993	3882860	2497982	64.334
scnome	K562_08	11354941	8110694	71.429	3320087	2100726	63.273
scnome	SRR3729649	10645130	8058965	75.706	3286186	2274236	69.206
scnome	K562_11	12767504	9393788	73.576	3399243	2226658	65.505
scnome	SRR3729653	10946822	8364188	76.407	3245658	2264797	69.779
scnome	K562_01	11823676	8819718	74.594	3427714	2282801	66.598
scnome	SRR3729646	5904608	4359788	73.837	2450612	1690417	68.979
scnome	K562_02	10508228	7545537	71.806	3222405	2059965	63.926
scnome	SRR3729643	8504383	6578833	77.358	4114152	3001159	72.947
scnome	K562_10	12398792	9152336	73.816	2474689	1583731	63.997
scnome	SRR3729644	4634493	3444548	74.324	1674385	1157977	69.158
scnome	SRR3729645	9300065	6969532	74.941	2578525	1761970	68.332
scnome	SRR3729651	6359867	4722463	74.254	2190341	1496882	68.34
scnome	K562_07	11405153	8360316	73.303	3386344	2235553	66.017
scnome	SRR3729650	13532726	9956025	73.57	3623822	2425933	66.944
scnome	K562_05	12212529	8832079	72.32	3538228	2295523	64.878
scnome	SRR3729652	15092659	11512392	76.278	4943567	3444929	69.685
scnome	K562_09	12877480	9292711	72.162	3754207	2412174	64.253
scnome	K562_03	10127058	7294146	72.026	3131742	2029030	64.789
scnome	SRR3729648	9887627	7321343	74.046	2887600	1954973	67.702
scnome	K562_04	12039098	8750057	72.68	3413731	2215933	64.912
scnome	SRR3729642	12670192	9550072	75.374	4137118	2858008	69.082
snmCseq3	SRR21549438	886848	661824	74.627	778292	572308	73.534
snmCseq3	SRR21549332	1694317	1243141	73.371	1494559	1084127	72.538
snmCseq3	SRR21549413	1112211	818565	73.598	983147	715463	72.773
snmCseq3	SRR21549344	1557205	1153803	74.094	1319787	962171	72.904
snmCseq3	SRR21549380	1334894	993260	74.407	1167454	857978	73.491
snmCseq3	SRR21549333	134826	96836	71.823	119553	84345	70.55
snmCseq3	SRR21549338	1937356	1383295	71.401	1596081	1118691	70.09
snmCseq3	SRR21549421	850429	646692	76.043	762879	573512	75.177
snmCseq3	SRR21549385	1334440	987910	74.032	1170244	855421	73.098
snmCseq3	SRR21549356	1057907	766892	72.491	913391	651288	71.304
snmCseq3	SRR21549420	1144845	835328	72.964	1029269	743370	72.223
snmCseq3	SRR21549399	1601561	1274360	79.57	1275226	991464	77.748
snmCseq3	SRR21549376	1504374	1122583	74.621	1258121	920069	73.13
snmCseq3	SRR21549316	2887104	2162382	74.898	2236150	1627327	72.774
snmCseq3	SRR21549393	807429	581302	71.994	659399	462228	70.098
snmCseq3	SRR21549342	1785085	1294777	72.533	1472516	1048267	71.189
snmCseq3	SRR21549391	1835672	1372340	74.76	1503906	1099315	73.097
snmCseq3	SRR21549419	1072016	814914	76.017	960578	723269	75.295
snmCseq3	SRR21549357	1702087	1273993	74.849	1409577	1034784	73.411
snmCseq3	SRR21549343	1450903	1089037	75.059	1238746	915575	73.911
snmCseq3	SRR21549340	136487	87203	63.891	114840	70732	61.592
snmCseq3	SRR21549345	1499144	1077685	71.887	1276337	903336	70.776
snmCseq3	SRR21549308	3997832	2936484	73.452	2990443	2128278	71.169
snmCseq3	SRR21549418	1059322	780160	73.647	950122	692986	72.937
snmCseq3	SRR21549431	878963	648611	73.793	779586	568316	72.9
snmCseq3	SRR21549439	908749	674434	74.216	795660	581376	73.068
snmCseq3	SRR21549427	914392	673584	73.665	811901	591392	72.84
snmCseq3	SRR21549318	1842126	1382041	75.024	1421780	1033978	72.724
snmCseq3	SRR21549310	3242903	2418913	74.591	2431504	1754128	72.142
snmCseq3	SRR21549379	1069705	796892	74.496	940274	691286	73.52
snmCseq3	SRR21549291	1269796	936018	73.714	1133046	827155	73.003
snmCseq3	SRR21549430	827352	619426	74.868	735991	544190	73.94
snmCseq3	SRR21549309	3577083	2634073	73.637	2654434	1891771	71.268
snmCseq3	SRR21549301	1833919	1356965	73.993	1485948	1074657	72.321
snmCseq3	SRR21549390	481880	268342	55.686	397450	212735	53.525
snmCseq3	SRR21549423	1020828	753238	73.787	915088	668022	73.001
snmCseq3	SRR21549409	783393	580648	74.12	696762	510528	73.272
snmCseq3	SRR21549373	1769248	1297725	73.349	1473358	1060830	72.001
snmCseq3	SRR21549402	2823203	2138160	75.735	2279331	1696804	74.443
snmCseq3	SRR21549426	186853	142337	76.176	166733	125003	74.972
snmCseq3	SRR21549395	2617631	1927841	73.648	2087574	1502504	71.974
snmCseq3	SRR21549335	1549150	1142463	73.748	1364299	994647	72.905
snmCseq3	SRR21549322	2271472	1684428	74.156	1896167	1384445	73.013
snmCseq3	SRR21549304	2284936	1697019	74.27	1847012	1343551	72.742
snmCseq3	SRR21549387	1375280	1028729	74.801	1127710	825160	73.171
snmCseq3	SRR21549360	2379461	1748972	73.503	1970301	1421214	72.132
snmCseq3	SRR21549362	1984339	1465826	73.87	1638623	1188175	72.511
snmCseq3	SRR21549411	1073290	787670	73.388	953050	691676	72.575
snmCseq3	SRR21549436	1175607	863001	73.409	1032354	747853	72.442
snmCseq3	SRR21549349	1491764	1104872	74.065	1271687	927001	72.895
snmCseq3	SRR21549327	863494	682755	79.069	742988	577104	77.673
snmCseq3	SRR21549382	1482044	1087424	73.373	1303464	944368	72.451
snmCseq3	SRR21549383	1334166	987908	74.047	1168049	854434	73.151
snmCseq3	SRR21549312	3522711	2613712	74.196	2620399	1883505	71.879
snmCseq3	SRR21549337	2080247	1544165	74.23	1716645	1252509	72.963
snmCseq3	SRR21549292	1292798	942778	72.925	1155999	834090	72.153
snmCseq3	SRR21549392	2141284	1590588	74.282	1746490	1269368	72.681
snmCseq3	SRR21549336	1386297	1020361	73.603	1218807	886797	72.759
snmCseq3	SRR21549410	1007490	745324	73.978	894316	654905	73.23
snmCseq3	SRR21549370	1472042	1074680	73.006	1263494	906075	71.712
snmCseq3	SRR21549358	2117365	1569646	74.132	1741514	1267966	72.808
snmCseq3	SRR21549388	2170579	1625867	74.905	1768562	1298613	73.428
snmCseq3	SRR21549437	1018242	752617	73.913	888552	647723	72.896
snmCseq3	SRR21549326	1792233	1337124	74.607	1537251	1131374	73.597
snmCseq3	SRR21549401	2142609	1611918	75.232	1749674	1288353	73.634
snmCseq3	SRR21549289	965851	721904	74.743	863478	638726	73.971
snmCseq3	SRR21549348	1318577	975896	74.011	1128112	820605	72.741
snmCseq3	SRR21549363	1616558	1195085	73.928	1357172	985319	72.601
snmCseq3	SRR21549384	869297	656310	75.499	766158	569542	74.337
snmCseq3	SRR21549396	605284	451155	74.536	487983	351966	72.127
snmCseq3	SRR21549374	1856356	1368082	73.697	1551779	1122103	72.311
snmCseq3	SRR21549397	2531150	1877227	74.165	2010515	1456204	72.429
snmCseq3	SRR21549302	2032592	1504747	74.031	1655369	1197002	72.31
snmCseq3	SRR21549412	1169289	858200	73.395	1041212	755429	72.553
snmCseq3	SRR21549361	1965279	1446224	73.589	1623747	1171170	72.128
snmCseq3	SRR21549415	1118175	826561	73.921	988245	721764	73.035
snmCseq3	SRR21549405	3057510	2269006	74.211	2477400	1801461	72.716
snmCseq3	SRR21549416	959153	703633	73.36	849018	615423	72.486
snmCseq3	SRR21549377	1764002	1311468	74.346	1468074	1070222	72.9
snmCseq3	SRR21549428	1036202	762320	73.569	923065	671308	72.726
snmCseq3	SRR21549354	1554548	1139815	73.321	1338636	966943	72.233
snmCseq3	SRR21549307	3780362	2772970	73.352	2812778	2000003	71.104
snmCseq3	SRR21549331	1648698	1207843	73.26	1448678	1050612	72.522
snmCseq3	SRR21549313	3227144	2401687	74.421	2488371	1803642	72.483
snmCseq3	SRR21549404	3105696	2291698	73.79	2527405	1827563	72.31
snmCseq3	SRR21549371	1437580	1082428	75.295	1201214	887447	73.879
snmCseq3	SRR21549353	1487892	1093049	73.463	1277364	925367	72.443
snmCseq3	SRR21549424	1297163	969877	74.769	1162278	861004	74.079
snmCseq3	SRR21549299	2003872	1408604	70.294	1623694	1116843	68.784
snmCseq3	SRR21549350	1584575	1174664	74.131	1346776	982902	72.982
snmCseq3	SRR21549305	3369795	2503679	74.298	2524737	1815931	71.926
snmCseq3	SRR21549298	2563336	1904270	74.289	2074039	1511837	72.893
snmCseq3	SRR21549329	435895	321241	73.697	386552	280738	72.626
snmCseq3	SRR21549324	1360691	1022377	75.137	1171784	867766	74.055
snmCseq3	SRR21549325	1745497	1300916	74.53	1493933	1098979	73.563
snmCseq3	SRR21549359	2150510	1597584	74.289	1774355	1294003	72.928
snmCseq3	SRR21549317	3339639	2477698	74.191	2570418	1855916	72.203
snmCseq3	SRR21549319	136096	100980	74.198	115410	83695	72.52
scnomehic	scNH_GM_4plex_23_S22.CGATGT	3903178	2759781	70.706	1957685	1106320	56.512
scnomehic	scNH_GM_4plex_39_S38.CGATGT	3471203	2748725	79.187	1868632	1304395	69.805
scnomehic	scNH_GM_4plex_6_S5.CGATGT	5077326	4223039	83.174	2659922	1991920	74.886
scnomehic	scNH_GM_4plex_17_S16.CGATGT	4313133	3348137	77.627	2123115	1391027	65.518
scnomehic	scNH_GM_4plex_2_S2.ATCACG	5233378	3761073	71.867	2653975	1551400	58.456
scnomehic	scNH_GM_4plex_5_S4.GCCAAT	2876833	1968564	68.428	1654068	936434	56.614
scnomehic	scNH_GM_4plex_35_S34.ATCACG	5795448	4348754	75.037	2979437	1871597	62.817
scnomehic	scNH_GM_4plex_23_S22.TGACCA	7516741	5909646	78.62	3557414	2380529	66.917
scnomehic	scNH_GM_4plex_37_S36.GCCAAT	3607037	2596970	71.997	2096071	1295916	61.826
scnomehic	scNH_GM_4plex_9_S8.TGACCA	5002010	3576329	71.498	2538253	1472135	57.998
scnomehic	scNH_GM_4plex_46_S45.TGACCA	9628143	8215009	85.323	4955348	3878846	78.276
scnomehic	scNH_GM_4plex_48_S47.GCCAAT	5877204	2718840	46.261	3393981	1213618	35.758
scnomehic	scNH_GM_4plex_8_S7.CGATGT	4684887	3642818	77.757	2257845	1478744	65.494
scnomehic	scNH_GM_4plex_40_S39.ATCACG	4019303	2652152	65.985	2182762	1133923	51.949
scnomehic	scNH_GM_4plex_7_S6.CGATGT	4033749	2715572	67.321	1931979	982773	50.869
scnomehic	scNH_GM_4plex_7_S6.ATCACG	6691546	4574034	68.355	3260684	1708938	52.41
scnomehic	scNH_GM_4plex_7_S6.TGACCA	5322666	3817727	71.726	2452243	1380745	56.305
scnomehic	scNH_GM_4plex_45_S44.CGATGT	5553060	4247227	76.484	2728370	1759277	64.481
scnomehic	scNH_GM_4plex_47_S46.CGATGT	3316947	2432763	73.343	1703678	1035237	60.765
scnomehic	scNH_GM_4plex_11_S10.ATCACG	4413183	2973160	67.37	2554573	1420451	55.604
scnomehic	scNH_GM_4plex_5_S4.TGACCA	2719452	1812851	66.662	1574798	862340	54.759
scnomehic	scNH_GM_4plex_14_S13.ATCACG	7169794	5220566	72.813	2945963	1629404	55.31
scnomehic	scNH_GM_4plex_32_S31.CGATGT	5089403	4053095	79.638	2356861	1591160	67.512
scnomehic	scNH_GM_4plex_38_S37.CGATGT	2794948	2014414	72.073	1431905	841702	58.782
scnomehic	scNH_GM_4plex_11_S10.TGACCA	5674342	4306339	75.891	3012759	1969600	65.375
scnomehic	scNH_GM_4plex_38_S37.GCCAAT	8095437	6427530	79.397	3954496	2706641	68.445
scnomehic	scNH_GM_4plex_10_S9.GCCAAT	6334363	4400911	69.477	2998047	1598745	53.326
scnomehic	scNH_GM_4plex_25_S24.TGACCA	5780170	4630209	80.105	2944313	2062227	70.041
scnomehic	scNH_GM_4plex_18_S17.TGACCA	6718843	4924268	73.29	3402676	2058816	60.506
scnomehic	scNH_GM_4plex_45_S44.ATCACG	4436431	3055157	68.865	2370912	1310894	55.291
scnomehic	scNH_GM_4plex_47_S46.GCCAAT	8696674	6943654	79.843	4263484	2957850	69.376
scnomehic	scNH_GM_4plex_19_S18.ATCACG	2788141	1966664	70.537	1621742	969499	59.781
scnomehic	scNH_GM_4plex_35_S34.GCCAAT	6825218	5195063	76.116	3429854	2199306	64.122
scnomehic	scNH_GM_4plex_17_S16.GCCAAT	4853577	3452068	71.124	2532784	1462254	57.733
scnomehic	scNH_GM_4plex_28_S27.CGATGT	2280131	1482052	64.999	1303011	677791	52.017
scnomehic	scNH_GM_4plex_18_S17.ATCACG	8346522	6366938	76.283	4190145	2694452	64.305
scnomehic	scNH_GM_4plex_44_S43.CGATGT	2237466	1584299	70.808	1249692	736872	58.964
scnomehic	scNH_GM_4plex_32_S31.ATCACG	4301027	3026118	70.358	2195780	1233108	56.158
scnomehic	scNH_GM_4plex_33_S32.CGATGT	2142705	1570412	73.291	1256519	794064	63.196
scnomehic	scNH_GM_4plex_42_S41.CGATGT	7032093	5846230	83.136	3541001	2637268	74.478
scnomehic	scNH_GM_4plex_24_S23.GCCAAT	9528289	7307618	76.694	3724752	2235584	60.02
scnomehic	scNH_GM_4plex_46_S45.ATCACG	4728196	3731791	78.926	2576752	1792637	69.57
scnomehic	scNH_GM_4plex_1_S1.TGACCA	3795417	2651046	69.849	1912604	1090202	57.001
scnomehic	scNH_GM_4plex_10_S9.TGACCA	8275600	6667692	80.57	3546321	2407794	67.896
scnomehic	scNH_GM_4plex_31_S30.CGATGT	3346457	2660842	79.512	1728752	1202525	69.56
scnomehic	scNH_GM_4plex_19_S18.TGACCA	2961848	2204189	74.419	1615312	1028094	63.647
scnomehic	scNH_GM_4plex_31_S30.GCCAAT	5941702	4711970	79.303	3107723	2168051	69.763
scnomehic	scNH_GM_4plex_44_S43.ATCACG	5472296	4323112	79.0	2942308	2041435	69.382
scnomehic	scNH_GM_4plex_21_S20.CGATGT	3080616	2031805	65.955	1527377	763217	49.969
scnomehic	scNH_GM_4plex_36_S35.ATCACG	7225843	5550938	76.821	3586245	2322118	64.751
scnomehic	scNH_GM_4plex_1_S1.GCCAAT	4788868	3262190	68.12	2462666	1349952	54.817
scnomehic	scNH_GM_4plex_6_S5.ATCACG	2614573	1753733	67.075	1532168	843319	55.041
scnomehic	scNH_GM_4plex_10_S9.CGATGT	3844836	2675398	69.584	1794096	951039	53.009
scnomehic	scNH_GM_4plex_29_S28.ATCACG	4224256	3348377	79.265	2592369	1865327	71.955
scnomehic	scNH_GM_4plex_39_S38.GCCAAT	5193177	4148168	79.877	2804661	1987880	70.878
scnomehic	scNH_GM_4plex_16_S15.CGATGT	4674396	3680072	78.728	2231060	1484820	66.552
scnomehic	scNH_GM_4plex_18_S17.CGATGT	4425361	3295829	74.476	2190582	1340843	61.209
scnomehic	scNH_GM_4plex_48_S47.ATCACG	4875510	3385385	69.437	2767460	1595471	57.651
scnomehic	scNH_GM_4plex_34_S33.CGATGT	4043727	3012281	74.493	2109723	1324956	62.802
scnomehic	scNH_GM_4plex_5_S4.ATCACG	4011658	3066620	76.443	2234301	1482550	66.354
scnomehic	scNH_GM_4plex_15_S14.ATCACG	3104814	2264358	72.931	1781753	1109212	62.254
scnomehic	scNH_GM_4plex_4_S3.ATCACG	6349430	4359546	68.66	3046796	1615151	53.011
scnomehic	scNH_GM_4plex_15_S14.CGATGT	1577055	1131471	71.746	887872	534286	60.176
scnomehic	scNH_GM_4plex_21_S20.GCCAAT	4680084	3158923	67.497	2326898	1211508	52.065
scnomehic	scNH_GM_4plex_21_S20.ATCACG	7303289	5576731	76.359	3437562	2168690	63.088
scnomehic	scNH_GM_4plex_19_S18.CGATGT	3485891	2726623	78.219	1851699	1263883	68.255
scnomehic	scNH_GM_4plex_15_S14.GCCAAT	6554262	5422557	82.733	3499884	2620686	74.879
scnomehic	scNH_GM_4plex_24_S23.TGACCA	9310777	7106590	76.326	3608953	2147739	59.511
scnomehic	scNH_GM_4plex_29_S28.TGACCA	4418190	3596642	81.405	2628585	1959187	74.534
scnomehic	scNH_GM_4plex_12_S11.GCCAAT	7153128	5152317	72.029	3186057	1757560	55.164
scnomehic	scNH_GM_4plex_37_S36.CGATGT	2805504	2096877	74.742	1586737	1026499	64.692
scnomehic	scNH_GM_4plex_19_S18.GCCAAT	3166549	2190950	69.19	1794701	1029079	57.34
scnomehic	scNH_GM_4plex_11_S10.GCCAAT	3705852	2411322	65.068	2137977	1125447	52.641
scnomehic	scNH_GM_4plex_30_S29.CGATGT	3970970	3053146	76.887	2026128	1328424	65.565
scnomehic	scNH_GM_4plex_35_S34.TGACCA	9736236	8075673	82.945	4607118	3384215	73.456
scnomehic	scNH_GM_4plex_34_S33.GCCAAT	5922167	4445943	75.073	3126019	1987977	63.595
scnomehic	scNH_GM_4plex_1_S1.ATCACG	7120556	5939021	83.407	3358041	2476515	73.749
scnomehic	scNH_GM_4plex_4_S3.GCCAAT	7204386	5673866	78.756	3163442	2070489	65.451
scnomehic	scNH_GM_4plex_31_S30.TGACCA	6231011	4994287	80.152	3235985	2291957	70.827
scnomehic	scNH_GM_4plex_31_S30.ATCACG	2861565	2045539	71.483	1593422	953219	59.822
scnomehic	scNH_GM_4plex_46_S45.CGATGT	1951443	1343260	68.834	1105732	628730	56.861
scnomehic	scNH_GM_4plex_42_S41.ATCACG	5926237	4628475	78.101	3171249	2155823	67.98
scnomehic	scNH_GM_4plex_26_S25.GCCAAT	6673380	5128252	76.846	3309954	2145863	64.831
scnomehic	scNH_GM_4plex_40_S39.TGACCA	8841705	7270341	82.228	4210671	3049862	72.432
scnomehic	scNH_GM_4plex_10_S9.ATCACG	9499213	7600859	80.016	4193578	2821378	67.279
scnomehic	scNH_GM_4plex_29_S28.GCCAAT	2777590	1998938	71.967	1747279	1099636	62.934
scnomehic	scNH_GM_4plex_2_S2.TGACCA	7221311	5694172	78.852	3317713	2199655	66.3
scnomehic	scNH_GM_4plex_14_S13.TGACCA	11116237	8863032	79.731	4160297	2677903	64.368
scnomehic	scNH_GM_4plex_12_S11.CGATGT	7195528	5723010	79.536	2948320	1920805	65.149
scnomehic	scNH_GM_4plex_41_S40.ATCACG	3063410	2127336	69.443	1735206	993392	57.249
scnomehic	scNH_GM_4plex_12_S11.ATCACG	6366415	4918283	77.254	2805306	1770489	63.112
scnomehic	scNH_GM_4plex_41_S40.CGATGT	5531388	4533662	81.962	2800359	2036982	72.74
scnomehic	scNH_GM_4plex_17_S16.TGACCA	6651187	5464797	82.163	3166663	2280771	72.024
scnomehic	scNH_GM_4plex_9_S8.GCCAAT	5246050	3868398	73.739	2621519	1581903	60.343
scnomehic	scNH_GM_4plex_13_S12.CGATGT	2142423	1540174	71.889	1173405	703524	59.956
scnomehic	scNH_GM_4plex_8_S7.GCCAAT	5692911	4394938	77.2	2825497	1841657	65.18
scnomehic	scNH_GM_4plex_28_S27.TGACCA	5170566	3888071	75.196	2808880	1817030	64.689
scnomehic	scNH_GM_4plex_28_S27.GCCAAT	2863278	1740577	60.79	1725928	821763	47.613
scnomehic	scNH_GM_4plex_30_S29.GCCAAT	3328046	2299679	69.1	1828311	1030036	56.338
scnomehic	scNH_GM_4plex_22_S21.CGATGT	3003384	2042902	68.02	1569386	848734	54.081
scnomehic	scNH_GM_4plex_8_S7.ATCACG	5471377	4020047	73.474	2838977	1719958	60.584
scnomehic	scNH_GM_4plex_9_S8.CGATGT	6012090	4926494	81.943	2776773	1972369	71.031
scnomehic	scNH_GM_4plex_36_S35.TGACCA	8461751	6656454	78.665	4050710	2728859	67.367
scnomehic	scNH_GM_4plex_28_S27.ATCACG	4854357	3606852	74.301	2700629	1716542	63.561
scnomehic	scNH_GM_4plex_6_S5.TGACCA	4545893	3517290	77.373	2478477	1679900	67.78
scnomehic	scNH_GM_4plex_38_S37.TGACCA	4222634	3048199	72.187	2143779	1268453	59.169
scnomehic	scNH_GM_4plex_43_S42.CGATGT	4288239	3148120	73.413	2269497	1395051	61.47
scnomehic	scNH_GM_4plex_25_S24.ATCACG	3458234	2404306	69.524	1930668	1096425	56.79
scnomehic	scNH_GM_4plex_46_S45.GCCAAT	3082641	2112467	68.528	1764314	1001401	56.759
scnomehic	scNH_GM_4plex_2_S2.GCCAAT	5652937	4421450	78.215	2617248	1714698	65.515
scnomehic	scNH_GM_4plex_38_S37.ATCACG	11559396	9725607	84.136	5515455	4147305	75.194
scnomehic	scNH_GM_4plex_34_S33.ATCACG	4125416	2949764	71.502	2241971	1331062	59.37
scnomehic	scNH_GM_4plex_27_S26.TGACCA	5164502	3942116	76.331	2879311	1920277	66.692
scnomehic	scNH_GM_4plex_37_S36.ATCACG	5290472	4262505	80.569	2940451	2126750	72.327
scnomehic	scNH_GM_4plex_14_S13.CGATGT	4823062	3466821	71.88	1927152	1027054	53.294
scnomehic	scNH_GM_4plex_39_S38.TGACCA	4064123	3232393	79.535	2205054	1553212	70.439
scnomehic	scNH_GM_4plex_43_S42.GCCAAT	5168885	3679709	71.19	2839518	1674118	58.958
scnomehic	scNH_GM_4plex_44_S43.GCCAAT	5307955	4037430	76.064	2936558	1943024	66.167
scnomehic	scNH_GM_4plex_48_S47.CGATGT	3421493	2511211	73.395	1806620	1103961	61.106
scnomehic	scNH_GM_4plex_25_S24.GCCAAT	4873971	3636110	74.603	2607790	1635419	62.713
scnomehic	scNH_GM_4plex_24_S23.CGATGT	8632739	6845935	79.302	3204907	2035370	63.508
scnomehic	scNH_GM_4plex_23_S22.ATCACG	5701476	4401580	77.201	2793886	1812556	64.876
scnomehic	scNH_GM_4plex_26_S25.TGACCA	3542190	2469718	69.723	1844570	1036734	56.205
scnomehic	scNH_GM_4plex_22_S21.ATCACG	3317923	2223293	67.009	1786279	951126	53.246
scnomehic	scNH_GM_4plex_24_S23.ATCACG	5991210	4207477	70.227	2523381	1307770	51.826
scnomehic	scNH_GM_4plex_5_S4.CGATGT	1950653	1324825	67.917	1112233	619158	55.668
scnomehic	scNH_GM_4plex_23_S22.GCCAAT	6409110	4914008	76.672	3115181	2002306	64.276
scnomehic	scNH_GM_4plex_20_S19.GCCAAT	9205802	7176002	77.951	4314637	2810815	65.146
scnomehic	scNH_GM_4plex_1_S1.CGATGT	2198806	1618746	73.619	1088192	652239	59.938
scnomehic	scNH_GM_4plex_33_S32.GCCAAT	2094753	1372745	65.533	1293832	705006	54.49
scnomehic	scNH_GM_4plex_47_S46.ATCACG	5046646	3921623	77.708	2591527	1727204	66.648
scnomehic	scNH_GM_4plex_27_S26.ATCACG	3314576	2345318	70.758	1948522	1172090	60.153
scnomehic	scNH_GM_4plex_42_S41.GCCAAT	5865506	4505112	76.807	3121681	2060343	66.001
scnomehic	scNH_GM_4plex_36_S35.GCCAAT	5005769	3538224	70.683	2586798	1474741	57.01
scnomehic	scNH_GM_4plex_43_S42.ATCACG	5056458	3626890	71.728	2804438	1678104	59.837
scnomehic	scNH_GM_4plex_18_S17.GCCAAT	6794782	5093394	74.96	3410924	2125991	62.329
scnomehic	scNH_GM_4plex_37_S36.TGACCA	2729475	1905752	69.821	1581651	933768	59.038
scnomehic	scNH_GM_4plex_15_S14.TGACCA	6526745	5511556	84.446	3439650	2657091	77.249
scnomehic	scNH_GM_4plex_20_S19.TGACCA	6434140	4940459	76.785	2988544	1895640	63.43
scnomehic	scNH_GM_4plex_35_S34.CGATGT	3164386	2279201	72.027	1614000	947591	58.711
scnomehic	scNH_GM_4plex_12_S11.TGACCA	10236086	8254025	80.637	4158128	2786993	67.025
scnomehic	scNH_GM_4plex_29_S28.CGATGT	1565866	1042205	66.558	994309	561872	56.509
scnomehic	scNH_GM_4plex_16_S15.ATCACG	4435853	3152048	71.058	2308144	1320097	57.193
scnomehic	scNH_GM_4plex_43_S42.TGACCA	5005008	3774685	75.418	2637861	1692925	64.178
scnomehic	scNH_GM_4plex_26_S25.CGATGT	3596506	2686781	74.705	1789366	1108813	61.967
scnomehic	scNH_GM_4plex_20_S19.ATCACG	6665178	4817659	72.281	3299372	1918926	58.16
scnomehic	scNH_GM_4plex_25_S24.CGATGT	2878726	2173549	75.504	1522019	969544	63.701
scnomehic	scNH_GM_4plex_30_S29.TGACCA	4402110	3391376	77.04	2290846	1519034	66.309
scnomehic	scNH_GM_4plex_26_S25.ATCACG	4982493	3851223	77.295	2499347	1639139	65.583
scnomehic	scNH_GM_4plex_13_S12.TGACCA	4632811	3606900	77.856	2433086	1646735	67.681
scnomehic	scNH_GM_4plex_8_S7.TGACCA	3922177	2783231	70.961	1998342	1146049	57.35
scnomehic	scNH_GM_4plex_2_S2.CGATGT	3325763	2228218	66.999	1667047	848384	50.891
scnomehic	scNH_GM_4plex_48_S47.TGACCA	5459157	4286136	78.513	2824353	1919246	67.953
scnomehic	scNH_GM_4plex_16_S15.TGACCA	4062570	2994018	73.698	2026705	1222558	60.322
scnomehic	scNH_GM_4plex_40_S39.CGATGT	6402861	5253676	82.052	3024988	2174444	71.883
scnomehic	scNH_GM_4plex_32_S31.TGACCA	4199585	3030117	72.153	2078256	1212300	58.333
scnomehic	scNH_GM_4plex_41_S40.TGACCA	3168065	2241836	70.764	1735701	1019278	58.724
scnomehic	scNH_GM_4plex_22_S21.GCCAAT	4670117	3334694	71.405	2437089	1421204	58.316
scnomehic	scNH_GM_4plex_11_S10.CGATGT	3620932	2505378	69.192	1987193	1135580	57.145
scnomehic	scNH_GM_4plex_13_S12.GCCAAT	5309206	4107613	77.368	2830717	1901726	67.182
scnomehic	scNH_GM_4plex_27_S26.CGATGT	3392932	2511493	74.021	1899544	1203688	63.367
scnomehic	scNH_GM_4plex_32_S31.GCCAAT	6375905	4805993	75.377	3112725	1944116	62.457
scnomehic	scNH_GM_4plex_41_S40.GCCAAT	2973673	1973166	66.355	1693189	903520	53.362
scnomehic	scNH_GM_4plex_42_S41.TGACCA	3696431	2631850	71.2	2021381	1195601	59.148
scnomehic	scNH_GM_4plex_17_S16.ATCACG	3342086	2245704	67.195	1814971	958561	52.814
scnomehic	scNH_GM_4plex_33_S32.TGACCA	2563741	1811458	70.657	1536451	929937	60.525
scnomehic	scNH_GM_4plex_16_S15.GCCAAT	9262044	7295076	78.763	4462663	2990859	67.02
scnomehic	scNH_GM_4plex_39_S38.ATCACG	2900966	2076519	71.58	1677667	1016876	60.613
scnomehic	scNH_GM_4plex_40_S39.GCCAAT	4455464	3193592	71.678	2281184	1329319	58.273
scnomehic	scNH_GM_4plex_45_S44.GCCAAT	6829378	5154882	75.481	3439347	2177633	63.315
scnomehic	scNH_GM_4plex_4_S3.CGATGT	3632055	2475996	68.171	1728252	891200	51.567
scnomehic	scNH_GM_4plex_9_S8.ATCACG	5738372	4342113	75.668	2865239	1804257	62.971
scnomehic	scNH_GM_4plex_21_S20.TGACCA	4714248	3269172	69.347	2313611	1261427	54.522
scnomehic	scNH_GM_4plex_14_S13.GCCAAT	11352669	8596923	75.726	4444907	2618850	58.918
scnomehic	scNH_GM_4plex_4_S3.TGACCA	5190795	3747268	72.191	2410497	1368705	56.781
scnomehic	scNH_GM_4plex_13_S12.ATCACG	3375974	2545400	75.398	1849443	1196271	64.683
scnomehic	scNH_GM_4plex_47_S46.TGACCA	4319281	3203647	74.171	2201358	1362392	61.889
scnomehic	scNH_GM_4plex_34_S33.TGACCA	3780284	2697928	71.368	2015593	1196244	59.349
scnomehic	scNH_GM_4plex_45_S44.TGACCA	7132871	5680977	79.645	3457877	2378888	68.796
scnomehic	scNH_GM_4plex_6_S5.GCCAAT	5334421	4332145	81.211	2872458	2088072	72.693
scnomehic	scNH_GM_4plex_7_S6.GCCAAT	6370089	4837605	75.943	2910154	1801204	61.894
scnomehic	scNH_GM_4plex_36_S35.CGATGT	3122426	2062448	66.053	1634850	839582	51.355
scnomehic	scNH_GM_4plex_44_S43.TGACCA	2731734	1882748	68.921	1539834	877060	56.958
scnomehic	scNH_GM_4plex_27_S26.GCCAAT	3877710	2266537	58.45	2340029	1104346	47.194
scnomehic	scNH_GM_4plex_20_S19.CGATGT	5260177	3881047	73.782	2469072	1458822	59.084
scnomehic	scNH_GM_4plex_30_S29.ATCACG	3318555	2270108	68.407	1838225	1023241	55.665
scnomehic	scNH_GM_4plex_33_S32.ATCACG	3599629	2694726	74.861	2151542	1414482	65.743
snmCseq2	SRR6911852	1412572	811082	57.419	1160582	688320	59.308
snmCseq2	SRR6911794	2953311	1807358	61.198	2103373	1316928	62.61
snmCseq2	SRR6911790	3010521	1771721	58.851	2133323	1283019	60.142
snmCseq2	SRR6911870	696393	420311	60.355	578241	355055	61.403
snmCseq2	SRR6911827	1444703	803391	55.609	1178480	674494	57.234
snmCseq2	SRR6911824	1598510	952957	59.615	1256753	770414	61.302
snmCseq2	SRR6911780	1470879	769083	52.287	1216186	658781	54.168
snmCseq2	SRR6911868	1643297	985775	59.988	1343427	831755	61.913
snmCseq2	SRR6911817	1748697	1049386	60.01	1323158	813872	61.51
snmCseq2	SRR6911858	1105441	659177	59.63	895240	551100	61.559
snmCseq2	SRR6911825	1640601	934245	56.945	1328616	782606	58.904
snmCseq2	SRR6911789	2717320	1617904	59.54	1928051	1170131	60.69
snmCseq2	SRR6911803	2241677	1360668	60.699	1739730	1083741	62.294
snmCseq2	SRR6911828	2332136	1283547	55.037	1895582	1079832	56.966
snmCseq2	SRR6911837	1975280	1101586	55.769	1588870	918306	57.796
snmCseq2	SRR6911835	3353930	1836286	54.75	2511723	1417204	56.424
snmCseq2	SRR6911793	2511456	1544547	61.5	1791414	1128810	63.012
snmCseq2	SRR6911850	1184864	695056	58.661	972047	586938	60.382
snmCseq2	SRR6911800	2647377	1542840	58.278	1889421	1125630	59.575
snmCseq2	SRR6911864	2669548	1605522	60.142	2022259	1248315	61.729
snmCseq2	SRR6911815	2344681	1427630	60.888	1773220	1110699	62.637
snmCseq2	SRR6911849	1260707	745398	59.125	1037307	632415	60.967
snmCseq2	SRR6911806	1160281	708194	61.036	907778	561748	61.882
snmCseq2	SRR6911839	1914939	1060217	55.366	1539321	881970	57.296
snmCseq2	SRR6911798	2391578	1416043	59.21	1706669	1031423	60.435
snmCseq2	SRR6911809	2293153	1416529	61.772	1685960	1062443	63.017
snmCseq2	SRR6911862	1482739	857623	57.84	1200580	715053	59.559
snmCseq2	SRR6911871	1475922	864544	58.577	1212115	732175	60.405
snmCseq2	SRR6911840	1855208	1016160	54.773	1485156	841337	56.65
snmCseq2	SRR6911811	2835179	1724562	60.827	2078393	1291178	62.124
snmCseq2	SRR6911788	6385357	3718959	58.242	4534094	2697613	59.496
snmCseq2	SRR6911787	3124261	1845079	59.056	2231359	1349383	60.474
snmCseq2	SRR6911869	1320936	789186	59.744	1079610	665532	61.646
snmCseq2	SRR6911854	1319740	753647	57.106	1086647	638057	58.718
snmCseq2	SRR6911859	1730977	1014862	58.629	1405646	850653	60.517
snmCseq2	SRR6911867	1983745	1166315	58.794	1490628	896089	60.115
snmCseq2	SRR6911841	2245109	1243866	55.403	1795656	1025428	57.106
snmCseq2	SRR6911831	2234608	1186005	53.074	1813119	992382	54.733
snmCseq2	SRR6911872	948781	545008	57.443	778703	459462	59.003
snmCseq2	SRR6911832	2252710	1264709	56.142	1711721	992343	57.973
snmCseq2	SRR6911855	1163328	646778	55.597	958754	549441	57.308
snmCseq2	SRR6911783	1355917	702027	51.775	1120917	601066	53.623
snmCseq2	SRR6911818	2343750	1390613	59.333	1778917	1082187	60.834
snmCseq2	SRR6911865	1891385	1143956	60.482	1433581	882490	61.558
snmCseq2	SRR6911847	2200661	1220292	55.451	1743195	999771	57.353
snmCseq2	SRR6911808	2112269	1247918	59.08	1630998	989820	60.688
snmCseq2	SRR6911782	1460821	757283	51.84	1209208	648633	53.641
snmCseq2	SRR6911791	2004293	1155766	57.665	1413474	835386	59.102
snmCseq2	SRR6911814	2087774	1240717	59.428	1530232	927178	60.591
snmCseq2	SRR6911860	1497934	866531	57.848	1220447	725131	59.415
snmCseq2	SRR6911801	2211254	1375667	62.212	1713952	1094693	63.87
snmCseq2	SRR6911833	3349851	1869665	55.813	2524119	1453798	57.596
snmCseq2	SRR6911853	1311799	745437	56.826	1074889	628666	58.487
snmCseq2	SRR6911804	2398147	1453420	60.606	1862746	1158850	62.212
snmCseq2	SRR6911823	1179958	704304	59.689	921132	567106	61.566
snmCseq2	SRR6911778	1324564	728546	55.003	1097053	625056	56.976
snmCseq2	SRR6911812	1854016	1118424	60.324	1348913	833711	61.806
snmCseq2	SRR6911795	2647357	1613757	60.957	1895702	1179280	62.208
snmCseq2	SRR6911863	1207785	698200	57.808	982117	584337	59.498
snmCseq2	SRR6911799	2049904	1187824	57.945	1461711	867573	59.353
snmCseq2	SRR6911802	1923304	1189000	61.821	1489377	945220	63.464
snmCseq2	SRR6911843	900312	489303	54.348	724672	405008	55.888
snmCseq2	SRR6911810	1747133	1093190	62.571	1292224	816488	63.185
snmCseq2	SRR6911844	1538021	864800	56.228	1218143	709612	58.254
snmCseq2	SRR6911777	1153103	639898	55.494	960154	549696	57.251
snmCseq2	SRR6911813	2206881	1319624	59.796	1617232	987806	61.08
snmCseq2	SRR6911822	1542022	940805	61.011	1208078	761722	63.052
snmCseq2	SRR6911830	1805192	982300	54.415	1459933	819098	56.105
snmCseq2	SRR6911829	2180098	1184002	54.31	1769814	991405	56.017
snmCseq2	SRR6911842	2154093	1163386	54.008	1717071	961858	56.017
snmCseq2	SRR6911851	1294297	757783	58.548	1066161	642048	60.221
snmCseq2	SRR6911820	2128027	1271341	59.743	1618386	995343	61.502
snmCseq2	SRR6911838	2038252	1137067	55.786	1636281	943690	57.673
snmCseq2	SRR6911784	2669829	1633685	61.191	1897492	1187460	62.581
snmCseq2	SRR6911826	1365914	770226	56.389	1116702	649648	58.176
snmCseq2	SRR6911834	6119364	3355571	54.835	4579403	2595993	56.688
snmCseq2	SRR6911792	1569137	900433	57.384	1086083	639388	58.871
snmCseq2	SRR6911856	1102100	626830	56.876	909578	529493	58.213
snmCseq2	SRR6911819	2921849	1749869	59.889	2215292	1366304	61.676
snmCseq2	SRR6911816	3026402	1832571	60.553	2308021	1431469	62.021
snmCseq2	SRR6911845	1669728	945478	56.625	1328254	775532	58.387
snmCseq2	SRR6911836	2101464	1192283	56.736	1691836	989322	58.476
snmCseq2	SRR6911786	2980381	1786298	59.935	2126871	1302186	61.225
snmCseq2	SRR6911785	2456184	1484471	60.438	1754773	1082989	61.717
snmCseq2	SRR6911781	1285413	674593	52.481	1062916	577006	54.285
snmCseq2	SRR6911796	3013796	1807684	59.98	2155481	1323428	61.398
snmCseq2	SRR6911807	2274389	1355550	59.601	1761734	1076472	61.103
snmCseq2	SRR6911846	1735996	972765	56.035	1373592	795458	57.911
snmCseq2	SRR6911779	1588481	864080	54.397	1314120	741367	56.415
snmCseq2	SRR6911805	1594273	960624	60.255	1235342	762436	61.719
snmCseq2	SRR6911797	3075710	1828698	59.456	2193141	1329696	60.63
snmCseq2	SRR6911861	1423524	842214	59.164	1151313	700637	60.855
snmCseq2	SRR6911866	2155808	1289166	59.8	1618406	989474	61.139
snmCseq2	SRR6911848	1659469	910140	54.845	1310928	740863	56.514
snmCseq2	SRR6911821	1540315	911001	59.144	1161913	710636	61.161
snmCseq2	SRR6911857	1447423	873387	60.341	1173359	729601	62.181
snmCAT	SRR10471461	1361817	1128916	82.898	1355033	1123839	82.938
snmCAT	SRR10471426	1701981	1397624	82.117	1691707	1390010	82.166
snmCAT	SRR10470937	1214008	986499	81.26	1207088	980762	81.25
snmCAT	SRR10470331	1497266	1219155	81.425	1487013	1211764	81.49
snmCAT	SRR10470918	1453946	1168198	80.347	1438901	1157534	80.446
snmCAT	SRR10471411	1827412	1516513	82.987	1817440	1508923	83.025
snmCAT	SRR10470920	14998541	12113664	80.766	14823373	11986578	80.863
snmCAT	SRR10471428	643246	527058	81.937	639089	524010	81.993
snmCAT	SRR10471400	1414683	1152493	81.467	1403818	1144647	81.538
snmCAT	SRR10471398	1475755	1215190	82.344	1464647	1207015	82.41
snmCAT	SRR10470345	1160063	942496	81.245	1151075	935974	81.313
snmCAT	SRR10470791	1636806	1334400	81.525	1624455	1325381	81.589
snmCAT	SRR10471401	1452871	1192914	82.107	1442413	1184119	82.093
snmCAT	SRR10471449	1531609	1247219	81.432	1520570	1239205	81.496
snmCAT	SRR10470923	1294503	1074134	82.977	1285012	1067000	83.034
snmCAT	SRR10471388	1477359	1205409	81.592	1466774	1197665	81.653
snmCAT	SRR10470775	1238310	1013295	81.829	1227313	1005288	81.91
snmCAT	SRR10470902	1918958	1584198	82.555	1907462	1575551	82.599
snmCAT	SRR10470760	2413134	1966339	81.485	2393714	1952311	81.56
snmCAT	SRR10470343	1836994	1496228	81.45	1823844	1486749	81.517
snmCAT	SRR10471379	2017780	1687251	83.619	2005253	1677611	83.661
snmCAT	SRR10470933	1591432	1297878	81.554	1581639	1290793	81.611
snmCAT	SRR10471384	1594253	1294627	81.206	1581662	1285537	81.278
snmCAT	SRR10470339	2015453	1626952	80.724	2001177	1616712	80.788
snmCAT	SRR10470361	1471235	1192655	81.065	1463125	1186790	81.113
snmCAT	SRR10470786	1237673	1016927	82.164	1227677	1009583	82.235
snmCAT	SRR10471417	1683150	1368882	81.329	1672928	1360329	81.314
snmCAT	SRR10470911	1981377	1602971	80.902	1966481	1592236	80.969
snmCAT	SRR10470337	1725768	1408954	81.642	1713976	1400400	81.705
snmCAT	SRR10470326	674269	551989	81.865	668749	547305	81.84
snmCAT	SRR10471455	1472360	1197168	81.309	1465027	1191926	81.359
snmCAT	SRR10470354	1462770	1175811	80.382	1448854	1165962	80.475
snmCAT	SRR10471456	1510483	1230586	81.47	1502458	1224771	81.518
snmCAT	SRR10471397	1294384	1063758	82.183	1283787	1055916	82.25
snmCAT	SRR10471448	1719908	1404142	81.641	1706635	1394547	81.713
snmCAT	SRR10470342	1505354	1253806	83.29	1495362	1246177	83.336
snmCAT	SRR10470360	1554045	1265420	81.428	1545422	1259177	81.478
snmCAT	SRR10470362	1146516	931708	81.264	1139863	926928	81.319
snmCAT	SRR10470919	1681345	1366871	81.296	1663941	1354186	81.384
snmCAT	SRR10471402	1358817	1132291	83.329	1350368	1125913	83.378
snmCAT	SRR10470928	1423722	1145709	80.473	1411796	1137086	80.542
snmCAT	SRR10471451	1569037	1274908	81.254	1558263	1267117	81.316
snmCAT	SRR10471376	1019943	826523	81.036	1010330	819627	81.125
snmCAT	SRR10470929	1412277	1144790	81.06	1400809	1135191	81.038
snmCAT	SRR10471432	2033918	1664275	81.826	2019727	1653924	81.888
snmCAT	SRR10470352	398658	318024	79.774	388957	311088	79.98
snmCAT	SRR10470764	1808464	1469089	81.234	1795345	1458190	81.221
snmCAT	SRR10470363	1132011	901630	79.649	1125628	897143	79.702
snmCAT	SRR10471410	1735496	1444171	83.214	1725736	1436876	83.262
snmCAT	SRR10470905	1766194	1431309	81.039	1753426	1422086	81.103
snmCAT	SRR10470900	1729105	1408188	81.44	1717484	1398470	81.426
snmCAT	SRR10471421	1518002	1246765	82.132	1508825	1239191	82.13
snmCAT	SRR10470350	1344848	1110486	82.573	1333107	1101495	82.626
snmCAT	SRR10470776	868715	705525	81.215	854595	695161	81.344
snmCAT	SRR10470346	1547600	1250795	80.822	1535328	1242068	80.899
snmCAT	SRR10470334	872968	722483	82.762	867429	718383	82.817
snmCAT	SRR10471452	1391832	1130064	81.193	1381588	1121548	81.178
snmCAT	SRR10470332	1355980	1101450	81.229	1345716	1094076	81.301
snmCAT	SRR10471389	1721657	1414537	82.161	1708323	1404805	82.233
snmCAT	SRR10470335	1593401	1285356	80.667	1574663	1271782	80.765
snmCAT	SRR10470934	1405342	1143735	81.385	1396702	1137454	81.439
snmCAT	SRR10470895	1624100	1317089	81.097	1612336	1308672	81.166
snmCAT	SRR10470323	1502204	1229363	81.837	1490384	1220714	81.906
snmCAT	SRR10471381	2193645	1802742	82.18	2175481	1789408	82.253
snmCAT	SRR10471420	2036761	1662848	81.642	2024875	1654273	81.698
snmCAT	SRR10471454	1666884	1386796	83.197	1659800	1381495	83.233
snmCAT	SRR10470897	1723699	1410201	81.812	1711442	1401251	81.875
snmCAT	SRR10470340	1735122	1399166	80.638	1722684	1388844	80.621
snmCAT	SRR10470355	858358	687117	80.05	850282	681357	80.133
snmCAT	SRR10470324	1290997	1052854	81.554	1281824	1046272	81.624
snmCAT	SRR10471377	1220334	989404	81.076	1208074	979171	81.052
snmCAT	SRR10471378	1556900	1292751	83.034	1545583	1284236	83.091
snmCAT	SRR10470899	1487095	1197264	80.51	1475941	1189257	80.576
snmCAT	SRR10470754	1230972	996475	80.95	1220590	989060	81.031
snmCAT	SRR10471408	1347454	1099102	81.569	1338761	1092843	81.631
snmCAT	SRR10471405	1199451	972205	81.054	1186800	962955	81.139
snmCAT	SRR10470915	1714490	1364857	79.607	1699585	1354352	79.687
snmCAT	SRR10470338	1384476	1124622	81.231	1374562	1117465	81.296
snmCAT	SRR10470333	1804331	1460979	80.971	1791412	1450239	80.955
snmCAT	SRR10470910	1934098	1599491	82.7	1922532	1590811	82.746
snmCAT	SRR10470755	1548098	1237488	79.936	1535510	1228570	80.011
snmCAT	SRR10470325	1847654	1517406	82.126	1836617	1509348	82.181
snmCAT	SRR10471412	676400	554767	82.018	672767	552140	82.07
snmCAT	SRR10470785	1683895	1390470	82.575	1671274	1381163	82.641
snmCAT	SRR10470322	1580873	1294865	81.908	1570142	1287054	81.971
snmCAT	SRR10471393	1118943	918826	82.116	1110365	911660	82.105
snmCAT	SRR10471404	1934966	1579688	81.639	1921044	1569609	81.706
snmCAT	SRR10470796	1399931	1148869	82.066	1389927	1140546	82.058
snmCAT	SRR10471445	1492888	1237306	82.88	1482917	1229835	82.934
snmCAT	SRR10471413	2147893	1752768	81.604	2133819	1742607	81.666
snmCAT	SRR10470364	1175083	944600	80.386	1168094	938807	80.371
snmCAT	SRR10471453	1386912	1150022	82.92	1380354	1145160	82.961
snmCAT	SRR10471434	1768768	1451612	82.069	1754554	1441278	82.145
snmCAT	SRR10471382	1839734	1512206	82.197	1826107	1502119	82.258
snmCAT	SRR10471464	1851212	1501777	81.124	1839903	1493636	81.18
snmCAT	SRR10470341	1265797	1050005	82.952	1257082	1043442	83.005
snmCAT	SRR10470336	2259926	1849952	81.859	2244080	1838328	81.919
snmCAT	SRR10471444	1574636	1291461	82.016	1564382	1282840	82.003
snmCAT	SRR10470770	1186255	960865	81.0	1172391	950938	81.111
snmCAT	SRR10471457	1575970	1286572	81.637	1567786	1280643	81.685
droplethic	BC444399	284548	235144	82.63772720244036	284548	235144	82.63772720244036
droplethic	BC414162	418896	348290	83.1447423704213	418896	348290	83.1447423704213
droplethic	BC481486	338016	286392	84.72735018460665	338016	286392	84.72735018460665
droplethic	BC14456	450674	383288	85.04772851329342	450674	383288	85.04772851329342
droplethic	BC536136	309436	259570	83.88487441668067	309436	259570	83.88487441668067
droplethic	BC641684	269088	227070	84.38503389225829	269088	227070	84.38503389225829
droplethic	BC431981	383554	323346	84.30260145898622	383554	323346	84.30260145898622
droplethic	BC713243	206186	173740	84.2637230461816	206186	173740	84.2637230461816
droplethic	BC314217	195542	168460	86.15028996328155	195542	168460	86.15028996328155
droplethic	BC677672	232184	197940	85.25135237570203	232184	197940	85.25135237570203
droplethic	BC7568	163032	126554	77.62525148437116	163032	126554	77.62525148437116
droplethic	BC304361	245822	205074	83.42377818096021	245822	205074	83.42377818096021
droplethic	BC20071	298624	259596	86.93072224603515	298624	259596	86.93072224603515
droplethic	BC565722	129430	113272	87.51603183187824	129430	113272	87.51603183187824
droplethic	BC584390	250806	206940	82.50998779933495	250806	206940	82.50998779933495
droplethic	BC343302	458674	390414	85.11797049756471	458674	390414	85.11797049756471
droplethic	BC404190	267354	226548	84.73709015013802	267354	226548	84.73709015013802
droplethic	BC545201	293932	247234	84.112651905883	293932	247234	84.112651905883
droplethic	BC27667	100860	85356	84.62819750148721	100860	85356	84.62819750148721
droplethic	BC661652	225914	179760	79.57010189718211	225914	179760	79.57010189718211
droplethic	BC3329	255924	210844	82.38539566433785	255924	210844	82.38539566433785
droplethic	BC232145	262446	222930	84.9431883130244	262446	222930	84.9431883130244
droplethic	BC319973	182446	157874	86.53190533089243	182446	157874	86.53190533089243
droplethic	BC194707	323216	266916	82.58130785604673	323216	266916	82.58130785604673
droplethic	BC285979	292728	235410	80.41936541772567	292728	235410	80.41936541772567
droplethic	BC628580	340384	290218	85.2619394566137	340384	290218	85.2619394566137
droplethic	BC98689	252396	211988	83.99023756319434	252396	211988	83.99023756319434
droplethic	BC90063	284510	237058	83.32150012301852	284510	237058	83.32150012301852
droplethic	BC426852	241498	205366	85.03838541105931	241498	205366	85.03838541105931
droplethic	BC486194	314076	264888	84.33882245061704	314076	264888	84.33882245061704
droplethic	BC500102	319056	271630	85.13552479815455	319056	271630	85.13552479815455
droplethic	BC106021	197516	168110	85.11209218493691	197516	168110	85.11209218493691
droplethic	BC348823	388694	328116	84.41498968340134	388694	328116	84.41498968340134
droplethic	BC487913	199766	171500	85.85044502067419	199766	171500	85.85044502067419
droplethic	BC56608	303568	252140	83.05882042903073	303568	252140	83.05882042903073
droplethic	BC688858	325248	274894	84.51827528532074	325248	274894	84.51827528532074
droplethic	BC191205	254548	218398	85.79835630215126	254548	218398	85.79835630215126
droplethic	BC105739	401326	340518	84.8482281237697	401326	340518	84.8482281237697
droplethic	BC353964	201882	168902	83.66372435383046	201882	168902	83.66372435383046
droplethic	BC56805	245994	206770	84.05489564786133	245994	206770	84.05489564786133
droplethic	BC7543	305542	260206	85.16210537340201	305542	260206	85.16210537340201
droplethic	BC354043	324844	270550	83.28613118912463	324844	270550	83.28613118912463
droplethic	BC138451	455356	382658	84.03490895035972	455356	382658	84.03490895035972
droplethic	BC195978	205904	174902	84.94346880099464	205904	174902	84.94346880099464
droplethic	BC425455	281976	237910	84.37242885919369	281976	237910	84.37242885919369
droplethic	BC687342	368706	308856	83.76755463702787	368706	308856	83.76755463702787
droplethic	BC572593	306648	257022	83.81662362056821	306648	257022	83.81662362056821
droplethic	BC593491	251758	214102	85.04277917682855	251758	214102	85.04277917682855
droplethic	BC438265	263950	221670	83.98181473763971	263950	221670	83.98181473763971
droplethic	BC242373	212164	170204	80.22284647725344	212164	170204	80.22284647725344
droplethic	BC159975	271360	229052	84.4089033018868	271360	229052	84.4089033018868
droplethic	BC654100	368292	320686	87.0738435806371	368292	320686	87.0738435806371
droplethic	BC94506	178994	151028	84.37601260377443	178994	151028	84.37601260377443
droplethic	BC583052	229072	197740	86.3222043724244	229072	197740	86.3222043724244
droplethic	BC475667	373668	307660	82.33512101651733	373668	307660	82.33512101651733
droplethic	BC610337	296754	242434	81.69527622205598	296754	242434	81.69527622205598
droplethic	BC624923	227180	184724	81.31173518795669	227180	184724	81.31173518795669
droplethic	BC127404	312932	259880	83.04679610905883	312932	259880	83.04679610905883
droplethic	BC260556	245192	202996	82.79062938431923	245192	202996	82.79062938431923
droplethic	BC118609	259330	201804	77.81745266648672	259330	201804	77.81745266648672
droplethic	BC31399	194234	161812	83.30776280156924	194234	161812	83.30776280156924
droplethic	BC461356	281474	238182	84.61953857194625	281474	238182	84.61953857194625
droplethic	BC599113	238540	191620	80.33034291942651	238540	191620	80.33034291942651
droplethic	BC633888	263990	226814	85.91764839577257	263990	226814	85.91764839577257
droplethic	BC52976	173532	146682	84.52734942258488	173532	146682	84.52734942258488
droplethic	BC384443	393852	328850	83.49583092125977	393852	328850	83.49583092125977
droplethic	BC409578	302248	254204	84.10444403271485	302248	254204	84.10444403271485
droplethic	BC87482	423252	351756	83.10793569788211	423252	351756	83.10793569788211
droplethic	BC109796	241668	208656	86.33993743482795	241668	208656	86.33993743482795
droplethic	BC161839	215904	177832	82.36623684600563	215904	177832	82.36623684600563
droplethic	BC336696	465464	389734	83.7302132925425	465464	389734	83.7302132925425
droplethic	BC523441	276536	229632	83.03873636705528	276536	229632	83.03873636705528
droplethic	BC726546	371714	310522	83.53788127431305	371714	310522	83.53788127431305
droplethic	BC445876	444514	370216	83.28556580895089	444514	370216	83.28556580895089
droplethic	BC298343	281118	237426	84.45777218107699	281118	237426	84.45777218107699
droplethic	BC621829	294862	252946	85.78453649503835	294862	252946	85.78453649503835
droplethic	BC647703	588944	494960	84.04194626314217	588944	494960	84.04194626314217
droplethic	BC80399	199048	168684	84.74538804710421	199048	168684	84.74538804710421
droplethic	BC180861	391012	328760	84.07926099454748	391012	328760	84.07926099454748
droplethic	BC323212	268738	227116	84.51205263118726	268738	227116	84.51205263118726
droplethic	BC415887	306686	253642	82.70413386982125	306686	253642	82.70413386982125
droplethic	BC686271	262478	214306	81.64722376732526	262478	214306	81.64722376732526
droplethic	BC298853	242950	202994	83.55381765795431	242950	202994	83.55381765795431
droplethic	BC404139	306262	250358	81.7463478982048	306262	250358	81.7463478982048
droplethic	BC728881	266902	226444	84.84162726393957	266902	226444	84.84162726393957
droplethic	BC194362	280742	234796	83.63408396321178	280742	234796	83.63408396321178
droplethic	BC393079	252800	215656	85.30696202531645	252800	215656	85.30696202531645
droplethic	BC320268	321894	267320	83.0459716552654	321894	267320	83.0459716552654
droplethic	BC115860	210370	173646	82.54313828017303	210370	173646	82.54313828017303
droplethic	BC584469	262996	226164	85.99522426196596	262996	226164	85.99522426196596
droplethic	BC419758	167332	137592	82.22695001553797	167332	137592	82.22695001553797
droplethic	BC13905	289704	247694	85.49899207466932	289704	247694	85.49899207466932
droplethic	BC450434	218662	187504	85.75061053132231	218662	187504	85.75061053132231
droplethic	BC621051	407254	347398	85.30253846493834	407254	347398	85.30253846493834
droplethic	BC657117	232820	187416	80.49823898290525	232820	187416	80.49823898290525
droplethic	BC692056	246666	208462	84.51185003202711	246666	208462	84.51185003202711
droplethic	BC261637	269758	231048	85.65010120181793	269758	231048	85.65010120181793
droplethic	BC69848	252214	214390	85.00321155843847	252214	214390	85.00321155843847
droplethic	BC628808	323604	273244	84.4377696196586	323604	273244	84.4377696196586
droplethic	BC252693	220832	185176	83.85378930589769	220832	185176	83.85378930589769
droplethic	BC515731	131972	111514	84.49822689661444	131972	111514	84.49822689661444
droplethic	BC180856	241506	199252	82.50395435310095	241506	199252	82.50395435310095
droplethic	BC441700	187268	153800	82.12828673345152	187268	153800	82.12828673345152
droplethic	BC540314	254792	216914	85.13375616188891	254792	216914	85.13375616188891
droplethic	BC427569	377618	320524	84.88048768861654	377618	320524	84.88048768861654
droplethic	BC594495	322082	272298	84.54306667246229	322082	272298	84.54306667246229
droplethic	BC431908	263250	225418	85.62886989553657	263250	225418	85.62886989553657
droplethic	BC555383	348268	297610	85.45430530510986	348268	297610	85.45430530510986
droplethic	BC114407	409430	341012	83.28945118823731	409430	341012	83.28945118823731
droplethic	BC80285	282356	238644	84.51883437929422	282356	238644	84.51883437929422
droplethic	BC659419	237136	199670	84.20062748802376	237136	199670	84.20062748802376
droplethic	BC615882	366184	310036	84.66672492517424	366184	310036	84.66672492517424
droplethic	BC734829	231098	189280	81.90464651360028	231098	189280	81.90464651360028
droplethic	BC132332	229116	195380	85.275580928438	229116	195380	85.275580928438
droplethic	BC138225	264378	224800	85.02976798372028	264378	224800	85.02976798372028
droplethic	BC209729	358098	302016	84.33892398170333	358098	302016	84.33892398170333
droplethic	BC428446	314078	259186	82.52281280446259	314078	259186	82.52281280446259
droplethic	BC488154	204022	163642	80.20801678250385	204022	163642	80.20801678250385
droplethic	BC723776	291862	249958	85.64252968868848	291862	249958	85.64252968868848
droplethic	BC400009	255772	217338	84.97333562704283	255772	217338	84.97333562704283
droplethic	BC185051	261418	220490	84.34384778400876	261418	220490	84.34384778400876
droplethic	BC483567	227242	191888	84.4421365768652	227242	191888	84.4421365768652
droplethic	BC52738	314564	267620	85.07648681985224	314564	267620	85.07648681985224
droplethic	BC430184	370002	311404	84.16278830925238	370002	311404	84.16278830925238
droplethic	BC77300	435748	362612	83.21598722197233	435748	362612	83.21598722197233
droplethic	BC292771	224632	193818	86.28245307881335	224632	193818	86.28245307881335
droplethic	BC304222	295148	248154	84.07781858592978	295148	248154	84.07781858592978
droplethic	BC311658	240116	204054	84.98142564427194	240116	204054	84.98142564427194
droplethic	BC371339	269064	228696	84.99687806618499	269064	228696	84.99687806618499
droplethic	BC612355	245600	208722	84.98452768729642	245600	208722	84.98452768729642
droplethic	BC576758	409662	337814	82.46163910736168	409662	337814	82.46163910736168
droplethic	BC200816	285282	237922	83.39888250923647	285282	237922	83.39888250923647
droplethic	BC735120	186906	155436	83.16265930467722	186906	155436	83.16265930467722
droplethic	BC383953	266756	224316	84.09032973953725	266756	224316	84.09032973953725
droplethic	BC713869	229710	195120	84.94188324409038	229710	195120	84.94188324409038
droplethic	BC691235	225708	189368	83.89955163308345	225708	189368	83.89955163308345
droplethic	BC239561	358386	298722	83.35202826003248	358386	298722	83.35202826003248
droplethic	BC467099	279748	238148	85.12947366915938	279748	238148	85.12947366915938
droplethic	BC512862	258606	219436	84.85340634014679	258606	219436	84.85340634014679
droplethic	BC683813	239450	199266	83.2182083942368	239450	199266	83.2182083942368
droplethic	BC593919	244286	205992	84.32411190162351	244286	205992	84.32411190162351
droplethic	BC484877	393804	330854	84.01489065626555	393804	330854	84.01489065626555
droplethic	BC122667	316692	264590	83.54805299786544	316692	264590	83.54805299786544
droplethic	BC29871	359892	305190	84.80044013203961	359892	305190	84.80044013203961
droplethic	BC483219	209940	174562	83.14851862436886	209940	174562	83.14851862436886
droplethic	BC620098	202280	174684	86.35752422384813	202280	174684	86.35752422384813
droplethic	BC633067	295680	241488	81.67207792207792	295680	241488	81.67207792207792
droplethic	BC695223	372936	316770	84.93950704678551	372936	316770	84.93950704678551
droplethic	BC645949	426314	354972	83.26538654606698	426314	354972	83.26538654606698
droplethic	BC439155	192906	163782	84.90249136885322	192906	163782	84.90249136885322
droplethic	BC475905	354508	299152	84.38511965879472	354508	299152	84.38511965879472
droplethic	BC565309	295920	254628	86.04622871046229	295920	254628	86.04622871046229
droplethic	BC727715	135614	116024	85.55458875927265	135614	116024	85.55458875927265
droplethic	BC99705	240558	208142	86.52466349071742	240558	208142	86.52466349071742
droplethic	BC179466	503818	428212	84.99339047036827	503818	428212	84.99339047036827
droplethic	BC267963	235872	199604	84.62386379053046	235872	199604	84.62386379053046
droplethic	BC645099	243778	206352	84.6475071581521	243778	206352	84.6475071581521
droplethic	BC337046	343058	295606	86.1679366171318	343058	295606	86.1679366171318
droplethic	BC680147	225152	187570	83.30816515065378	225152	187570	83.30816515065378
droplethic	BC89866	282406	239828	84.9231248627862	282406	239828	84.9231248627862
droplethic	BC318729	224542	187874	83.66987022472411	224542	187874	83.66987022472411
droplethic	BC300357	90838	79002	86.97021070477113	90838	79002	86.97021070477113
droplethic	BC279024	127402	107162	84.11327922638577	127402	107162	84.11327922638577
droplethic	BC440799	346068	291964	84.36607834298462	346068	291964	84.36607834298462
droplethic	BC604186	370674	309794	83.57586450627775	370674	309794	83.57586450627775
droplethic	BC281786	269848	228936	84.83887225400966	269848	228936	84.83887225400966
droplethic	BC568779	236324	195804	82.85404783263655	236324	195804	82.85404783263655
droplethic	BC502986	215078	188192	87.4994188154995	215078	188192	87.4994188154995
droplethic	BC617134	243800	208006	85.31829368334701	243800	208006	85.31829368334701
droplethic	BC222914	407632	339792	83.35753817168427	407632	339792	83.35753817168427
droplethic	BC537765	282888	237500	83.95548768417183	282888	237500	83.95548768417183
droplethic	BC416943	244276	207538	84.96045456778398	244276	207538	84.96045456778398
droplethic	BC22663	262112	220416	84.09229642290319	262112	220416	84.09229642290319
droplethic	BC249091	171812	148370	86.35601704188299	171812	148370	86.35601704188299
droplethic	BC696257	203084	174408	85.87973449410096	203084	174408	85.87973449410096
droplethic	BC46179	202490	172606	85.24174033285594	202490	172606	85.24174033285594
droplethic	BC149026	320326	269010	83.98007030337844	320326	269010	83.98007030337844
droplethic	BC145044	222702	190882	85.71184811990912	222702	190882	85.71184811990912
droplethic	BC337354	243372	209744	86.18246963496212	243372	209744	86.18246963496212
droplethic	BC382272	291372	245564	84.2785168101259	291372	245564	84.2785168101259
droplethic	BC676235	215494	181614	84.27798453785256	215494	181614	84.27798453785256
droplethic	BC141815	341260	285532	83.66992908632714	341260	285532	83.66992908632714
droplethic	BC337641	289216	249984	86.43505200265545	289216	249984	86.43505200265545
droplethic	BC716825	290044	244672	84.35685620112811	290044	244672	84.35685620112811
droplethic	BC93311	320012	271422	84.81619439271027	320012	271422	84.81619439271027
droplethic	BC512796	241088	206042	85.46339925670294	241088	206042	85.46339925670294
droplethic	BC74979	258858	219360	84.74144125350578	258858	219360	84.74144125350578
droplethic	BC369726	289834	242830	83.7824409834595	289834	242830	83.7824409834595
droplethic	BC572614	415202	346288	83.40229575002047	415202	346288	83.40229575002047
droplethic	BC103885	357540	298760	83.55988141187	357540	298760	83.55988141187
droplethic	BC20844	240546	200976	83.549923923075	240546	200976	83.549923923075
droplethic	BC251679	360118	299810	83.25326698471056	360118	299810	83.25326698471056
droplethic	BC616670	397190	337668	85.01422493013419	397190	337668	85.01422493013419
droplethic	BC430153	231934	189816	81.84052359723024	231934	189816	81.84052359723024
droplethic	BC681302	356330	296596	83.23632587769764	356330	296596	83.23632587769764
droplethic	BC249124	265900	227238	85.45994734862731	265900	227238	85.45994734862731
droplethic	BC322912	249420	211716	84.88332932403175	249420	211716	84.88332932403175
droplethic	BC473498	413308	346962	83.9475645281485	413308	346962	83.9475645281485
droplethic	BC152716	243504	199702	82.01179446744202	243504	199702	82.01179446744202
droplethic	BC147707	306008	259666	84.85595147839273	306008	259666	84.85595147839273
droplethic	BC224151	323272	279086	86.33163404192135	323272	279086	86.33163404192135
droplethic	BC268170	321548	271200	84.34199559630288	321548	271200	84.34199559630288
droplethic	BC353645	306548	256282	83.60256795020682	306548	256282	83.60256795020682
droplethic	BC625811	334034	266866	79.89186729494602	334034	266866	79.89186729494602
droplethic	BC137768	260952	223884	85.79508875195438	260952	223884	85.79508875195438
droplethic	BC618844	391508	333196	85.10579605014458	391508	333196	85.10579605014458
droplethic	BC617621	308118	263752	85.60097105654327	308118	263752	85.60097105654327
droplethic	BC700991	351972	294932	83.79416544497857	351972	294932	83.79416544497857
droplethic	BC388094	310026	262062	84.52903949991291	310026	262062	84.52903949991291
droplethic	BC303618	278438	235422	84.55095927998333	278438	235422	84.55095927998333
droplethic	BC533659	190788	158444	83.04715181248297	190788	158444	83.04715181248297
droplethic	BC559750	209096	169062	80.85377051689176	209096	169062	80.85377051689176
droplethic	BC640781	443554	371102	83.66557397746385	443554	371102	83.66557397746385
droplethic	BC382046	240850	208510	86.5725555324891	240850	208510	86.5725555324891
droplethic	BC178105	92040	80244	87.18383311603651	92040	80244	87.18383311603651
droplethic	BC419539	236180	198396	84.002032348209	236180	198396	84.002032348209
droplethic	BC65221	322516	268906	83.37756886480051	322516	268906	83.37756886480051
droplethic	BC370084	153934	130884	85.0260501253784	153934	130884	85.0260501253784
droplethic	BC9820	251554	217052	86.28445582260667	251554	217052	86.28445582260667
droplethic	BC281797	450244	381432	84.71673137232256	450244	381432	84.71673137232256
droplethic	BC283955	364574	309884	84.9989302583289	364574	309884	84.9989302583289
droplethic	BC257152	204946	173550	84.68084275858031	204946	173550	84.68084275858031
droplethic	BC561855	210368	179564	85.357088530575	210368	179564	85.357088530575
droplethic	BC732385	332338	280748	84.47664726874447	332338	280748	84.47664726874447
droplethic	BC78123	242296	204082	84.2283818139796	242296	204082	84.2283818139796
droplethic	BC135238	318678	267552	83.9568467230245	318678	267552	83.9568467230245
droplethic	BC157193	378218	313980	83.01561533295613	378218	313980	83.01561533295613
droplethic	BC410719	282502	233828	82.77038746628342	282502	233828	82.77038746628342
droplethic	BC140217	223562	190834	85.36066057737898	223562	190834	85.36066057737898
droplethic	BC365849	243940	200472	82.18086414692138	243940	200472	82.18086414692138
droplethic	BC395699	240578	202172	84.03594676154927	240578	202172	84.03594676154927
droplethic	BC513150	242624	205144	84.55222896333422	242624	205144	84.55222896333422
droplethic	BC403561	262886	218582	83.14706755019286	262886	218582	83.14706755019286
droplethic	BC736074	290642	246328	84.75306390679943	290642	246328	84.75306390679943
droplethic	BC413704	222202	188012	84.61309979208107	222202	188012	84.61309979208107
droplethic	BC87515	190592	160990	84.46839321692411	190592	160990	84.46839321692411
droplethic	BC680256	239990	206840	86.18692445518563	239990	206840	86.18692445518563
droplethic	BC605708	197716	157740	79.78110016387141	197716	157740	79.78110016387141
droplethic	BC76588	158120	132582	83.84897546167468	158120	132582	83.84897546167468
droplethic	BC518018	217280	177846	81.8510677466863	217280	177846	81.8510677466863
droplethic	BC720662	244882	206216	84.21035437476009	244882	206216	84.21035437476009
droplethic	BC422069	396476	329082	83.00174537676934	396476	329082	83.00174537676934
droplethic	BC592223	222772	190344	85.44341299624729	222772	190344	85.44341299624729
droplethic	BC466419	200728	157220	78.32489737356025	200728	157220	78.32489737356025
droplethic	BC335354	386680	321778	83.21557877314575	386680	321778	83.21557877314575
droplethic	BC695218	206066	169284	82.15037900478488	206066	169284	82.15037900478488
droplethic	BC389871	312128	265102	84.933745130203	312128	265102	84.933745130203
droplethic	BC256571	179826	152538	84.82533115344833	179826	152538	84.82533115344833
droplethic	BC296318	374628	312316	83.36696669763072	374628	312316	83.36696669763072
droplethic	BC439972	174788	146006	83.53319449847815	174788	146006	83.53319449847815
droplethic	BC577818	369736	312068	84.4029253305061	369736	312068	84.4029253305061
droplethic	BC222671	272602	222858	81.75215148825026	272602	222858	81.75215148825026
droplethic	BC191618	287668	239730	83.33565081969492	287668	239730	83.33565081969492
droplethic	BC308710	239976	200366	83.49418275160849	239976	200366	83.49418275160849
droplethic	BC575210	260490	219608	84.3057315060079	260490	219608	84.3057315060079
droplethic	BC469941	317288	267370	84.2672902851668	317288	267370	84.2672902851668
droplethic	BC384131	192214	163744	85.1883837805779	192214	163744	85.1883837805779
droplethic	BC684454	274388	235722	85.90827587212269	274388	235722	85.90827587212269
droplethic	BC665406	258600	218512	84.49806651198763	258600	218512	84.49806651198763
droplethic	BC377420	315480	265566	84.17839482693039	315480	265566	84.17839482693039
droplethic	BC698457	359636	298730	83.0645430379606	359636	298730	83.0645430379606
droplethic	BC466113	211300	178352	84.4070042593469	211300	178352	84.4070042593469
droplethic	BC671276	247526	211102	85.28477816471805	247526	211102	85.28477816471805
droplethic	BC115129	170430	150622	88.37763304582526	170430	150622	88.37763304582526
droplethic	BC315986	250174	210628	84.19260194904346	250174	210628	84.19260194904346
droplethic	BC333448	344138	291276	84.63930167549064	344138	291276	84.63930167549064
droplethic	BC537630	357884	303354	84.76321936716926	357884	303354	84.76321936716926
droplethic	BC60300	202016	175130	86.69115317598606	202016	175130	86.69115317598606
droplethic	BC336791	237276	201930	85.10342386082031	237276	201930	85.10342386082031
droplethic	BC472476	309556	264486	85.44043727144684	309556	264486	85.44043727144684
droplethic	BC624450	387796	333220	85.9266212132152	387796	333220	85.9266212132152
droplethic	BC677899	292102	244798	83.80565692805938	292102	244798	83.80565692805938
droplethic	BC412101	315032	269738	85.62241296122299	315032	269738	85.62241296122299
droplethic	BC704504	348018	281028	80.75099563815665	348018	281028	80.75099563815665
droplethic	BC667993	267148	225504	84.41163699522362	267148	225504	84.41163699522362
droplethic	BC708416	300882	258232	85.82500781037085	300882	258232	85.82500781037085
droplethic	BC654038	303594	252510	83.17358050554358	303594	252510	83.17358050554358
droplethic	BC120119	280224	233254	83.23840927258193	280224	233254	83.23840927258193
droplethic	BC445852	265878	219214	82.44909319311864	265878	219214	82.44909319311864
droplethic	BC31573	230264	198518	86.21321613452385	230264	198518	86.21321613452385
droplethic	BC93478	220324	184044	83.53334180570432	220324	184044	83.53334180570432
droplethic	BC488011	294466	248878	84.5184163876305	294466	248878	84.5184163876305
droplethic	BC180227	325884	277404	85.12354089185109	325884	277404	85.12354089185109
droplethic	BC490515	336012	282832	84.17318429103723	336012	282832	84.17318429103723
droplethic	BC36376	241670	193024	79.8708983324368	241670	193024	79.8708983324368
droplethic	BC532463	278608	232074	83.29767989433182	278608	232074	83.29767989433182
droplethic	BC306848	333468	279582	83.84072834574832	333468	279582	83.84072834574832
droplethic	BC32653	381902	320546	83.9340982765212	381902	320546	83.9340982765212
droplethic	BC304270	125126	106958	85.48023592219043	125126	106958	85.48023592219043
droplethic	BC453386	389216	332714	85.48312505138534	389216	332714	85.48312505138534
droplethic	BC624422	223948	189876	84.78575383571186	223948	189876	84.78575383571186
droplethic	BC454400	266564	227586	85.37762038384778	266564	227586	85.37762038384778
droplethic	BC91273	205084	169356	82.57884574125724	205084	169356	82.57884574125724
droplethic	BC89695	203872	169878	83.32581227436823	203872	169878	83.32581227436823
droplethic	BC102041	211582	172158	81.36703500297757	211582	172158	81.36703500297757
droplethic	BC157005	330988	284010	85.80673619587417	330988	284010	85.80673619587417
droplethic	BC566538	532500	421324	79.1218779342723	532500	421324	79.1218779342723
droplethic	BC645945	349966	289154	82.6234548498997	349966	289154	82.6234548498997
droplethic	BC590990	364192	308862	84.80746419471048	364192	308862	84.80746419471048
droplethic	BC413301	330728	276856	83.71108584698	330728	276856	83.71108584698
droplethic	BC630079	366178	312450	85.32735445602958	366178	312450	85.32735445602958
droplethic	BC123185	378324	318992	84.31714614986096	378324	318992	84.31714614986096
droplethic	BC731329	328420	278430	84.77863711101638	328420	278430	84.77863711101638
droplethic	BC134221	388368	323696	83.347752646974	388368	323696	83.347752646974
droplethic	BC52593	256094	214978	83.94495771084055	256094	214978	83.94495771084055
droplethic	BC706142	252566	213394	84.49039063056784	252566	213394	84.49039063056784
droplethic	BC399888	172624	140842	81.58888682917787	172624	140842	81.58888682917787
droplethic	BC667926	364060	300344	82.4984892600121	364060	300344	82.4984892600121
droplethic	BC521487	287726	242578	84.30868256605243	287726	242578	84.30868256605243
droplethic	BC405991	404482	345504	85.41888143353721	404482	345504	85.41888143353721
droplethic	BC260149	273480	228570	83.57832382623958	273480	228570	83.57832382623958
droplethic	BC540073	305166	264674	86.73115615763224	305166	264674	86.73115615763224
droplethic	BC643974	311764	263880	84.64094635685967	311764	263880	84.64094635685967
droplethic	BC21276	353302	294958	83.48608272809098	353302	294958	83.48608272809098
droplethic	BC445716	304196	259328	85.25029914923273	304196	259328	85.25029914923273
droplethic	BC52318	303916	247090	81.30207030890115	303916	247090	81.30207030890115
droplethic	BC508330	371250	307364	82.79164983164983	371250	307364	82.79164983164983
droplethic	BC53351	289098	243752	84.31466146427854	289098	243752	84.31466146427854
droplethic	BC665503	269468	228664	84.8575712143928	269468	228664	84.8575712143928
droplethic	BC541169	188806	156802	83.04926750209209	188806	156802	83.04926750209209
droplethic	BC607268	222100	187904	84.60333183250788	222100	187904	84.60333183250788
droplethic	BC147611	639708	541096	84.5848418340868	639708	541096	84.5848418340868
droplethic	BC151064	338866	279710	82.54295208135369	338866	279710	82.54295208135369
droplethic	BC228331	228000	192498	84.42894736842105	228000	192498	84.42894736842105
droplethic	BC637442	335056	279800	83.50842844181271	335056	279800	83.50842844181271
droplethic	BC648173	255784	205690	80.4155068338911	255784	205690	80.4155068338911
droplethic	BC730133	199714	167542	83.89096407863245	199714	167542	83.89096407863245
droplethic	BC448678	308236	242002	78.51191943835244	308236	242002	78.51191943835244
droplethic	BC677335	390828	323074	82.66398518018157	390828	323074	82.66398518018157
droplethic	BC301441	320814	274492	85.56110394184792	320814	274492	85.56110394184792
droplethic	BC715238	244410	210444	86.10285994844727	244410	210444	86.10285994844727
droplethic	BC316607	269636	230520	85.4930350546663	269636	230520	85.4930350546663
droplethic	BC687766	262470	223462	85.13811102221206	262470	223462	85.13811102221206
droplethic	BC712527	223204	189758	85.01550151430978	223204	189758	85.01550151430978
droplethic	BC177980	135500	119162	87.94243542435424	135500	119162	87.94243542435424
droplethic	BC265212	343266	291842	85.01919793979013	343266	291842	85.01919793979013
droplethic	BC248715	292292	252590	86.41700764988437	292292	252590	86.41700764988437
droplethic	BC174955	310938	258328	83.08022821269836	310938	258328	83.08022821269836
droplethic	BC121506	212308	177170	83.44951673983081	212308	177170	83.44951673983081
droplethic	BC502270	296692	254098	85.64369784153263	296692	254098	85.64369784153263
droplethic	BC315097	363776	302258	83.08904380717804	363776	302258	83.08904380717804
droplethic	BC652034	226298	192348	84.9976579554393	226298	192348	84.9976579554393
droplethic	BC195227	313304	269670	86.07295151035416	313304	269670	86.07295151035416
droplethic	BC456167	245318	201738	82.23530274990013	245318	201738	82.23530274990013
droplethic	BC602189	281790	235784	83.67365768834948	281790	235784	83.67365768834948
droplethic	BC194797	227582	190550	83.7280628520709	227582	190550	83.7280628520709
droplethic	BC604775	317212	264616	83.41929056908313	317212	264616	83.41929056908313
droplethic	BC124143	176232	150248	85.25579917381633	176232	150248	85.25579917381633
droplethic	BC172281	93354	78512	84.10137755211346	93354	78512	84.10137755211346
droplethic	BC263034	430492	362956	84.31190358938146	430492	362956	84.31190358938146
droplethic	BC29924	426632	354620	83.12081606630538	426632	354620	83.12081606630538
droplethic	BC356740	236534	198780	84.0386582901401	236534	198780	84.0386582901401
droplethic	BC354175	217000	182732	84.20829493087558	217000	182732	84.20829493087558
droplethic	BC113833	377738	315708	83.57856503714214	377738	315708	83.57856503714214
droplethic	BC715928	203396	176698	86.8738814922614	203396	176698	86.8738814922614
droplethic	BC83113	145670	118152	81.10935676529141	145670	118152	81.10935676529141
droplethic	BC678235	249270	213278	85.56103823163637	249270	213278	85.56103823163637
droplethic	BC94519	283060	238308	84.18992439765421	283060	238308	84.18992439765421
droplethic	BC388676	184622	152504	82.60337337912058	184622	152504	82.60337337912058
droplethic	BC203158	322148	274048	85.06897450861095	322148	274048	85.06897450861095
droplethic	BC413525	260446	220188	84.54266911375103	260446	220188	84.54266911375103
droplethic	BC372284	194242	162916	83.87269488576106	194242	162916	83.87269488576106
droplethic	BC357011	172060	141100	82.00627688015808	172060	141100	82.00627688015808
droplethic	BC644045	313794	269080	85.75052422927143	313794	269080	85.75052422927143
droplethic	BC714582	286506	241590	84.32284140646269	286506	241590	84.32284140646269
droplethic	BC568102	237166	202682	85.45997318333994	237166	202682	85.45997318333994
droplethic	BC568647	231702	196202	84.67859578251375	231702	196202	84.67859578251375
droplethic	BC488493	218046	183718	84.25653302514148	218046	183718	84.25653302514148
droplethic	BC107328	434122	362112	83.41249694786258	434122	362112	83.41249694786258
droplethic	BC440692	194638	165852	85.21049332607198	194638	165852	85.21049332607198
droplethic	BC12636	323446	269140	83.21018037013907	323446	269140	83.21018037013907
droplethic	BC665635	172956	141198	81.63810448900298	172956	141198	81.63810448900298
droplethic	BC269661	236706	199642	84.3417572854089	236706	199642	84.3417572854089
droplethic	BC454353	342140	284390	83.12094464254399	342140	284390	83.12094464254399
droplethic	BC99113	184036	152060	82.62513855984699	184036	152060	82.62513855984699
droplethic	BC339079	274286	231980	84.57595356671503	274286	231980	84.57595356671503
droplethic	BC712787	222968	188574	84.57446808510639	222968	188574	84.57446808510639
droplethic	BC651882	233446	198660	85.0989093837547	233446	198660	85.0989093837547
droplethic	BC690712	375924	318286	84.66764558793798	375924	318286	84.66764558793798
droplethic	BC333501	395686	333852	84.37296239947837	395686	333852	84.37296239947837
droplethic	BC463637	334152	280430	83.92288539347363	334152	280430	83.92288539347363
droplethic	BC452586	281652	232280	82.47056651470609	281652	232280	82.47056651470609
droplethic	BC5736	354356	299274	84.45574506992968	354356	299274	84.45574506992968
droplethic	BC140601	145596	122618	84.21797302123684	145596	122618	84.21797302123684
droplethic	BC507703	258834	219552	84.82347759567908	258834	219552	84.82347759567908
droplethic	BC584767	230782	200518	86.88632562331551	230782	200518	86.88632562331551
droplethic	BC375480	355144	300728	84.67776451242312	355144	300728	84.67776451242312
droplethic	BC21878	279738	231896	82.89756843903939	279738	231896	82.89756843903939
droplethic	BC262111	297394	259450	87.24116828180797	297394	259450	87.24116828180797
droplethic	BC368802	410144	344496	83.99391433252711	410144	344496	83.99391433252711
droplethic	BC550073	280896	236264	84.11084529505582	280896	236264	84.11084529505582
droplethic	BC53729	264602	225654	85.28053453866562	264602	225654	85.28053453866562
droplethic	BC125851	289778	254024	87.6615892165727	289778	254024	87.6615892165727
droplethic	BC100762	80802	70566	87.33199673275413	80802	70566	87.33199673275413
droplethic	BC142867	178520	152894	85.64530584808425	178520	152894	85.64530584808425
droplethic	BC690472	292870	244780	83.57974527947553	292870	244780	83.57974527947553
droplethic	BC665341	121028	102200	84.44326932610636	121028	102200	84.44326932610636
droplethic	BC665908	268786	230350	85.70014807318833	268786	230350	85.70014807318833
droplethic	BC499842	313196	265890	84.89572025185507	313196	265890	84.89572025185507
droplethic	BC355030	208238	174662	83.87614172245219	208238	174662	83.87614172245219
droplethic	BC627959	205624	174124	84.68077656304712	205624	174124	84.68077656304712
droplethic	BC734807	314868	267664	85.00832094719057	314868	267664	85.00832094719057
droplethic	BC692439	215294	181520	84.3126143784778	215294	181520	84.3126143784778
droplethic	BC338479	299418	251130	83.87271306334289	299418	251130	83.87271306334289
droplethic	BC220673	401640	339716	84.5822129269993	401640	339716	84.5822129269993
droplethic	BC23769	267176	222782	83.38398658562146	267176	222782	83.38398658562146
droplethic	BC268919	472512	396030	83.81374441284031	472512	396030	83.81374441284031
droplethic	BC686432	340612	282586	82.96419386281164	340612	282586	82.96419386281164
droplethic	BC60126	310818	267920	86.19835402068091	310818	267920	86.19835402068091
droplethic	BC389075	254234	208100	81.85372530818066	254234	208100	81.85372530818066
droplethic	BC586216	320596	275630	85.9742479631686	320596	275630	85.9742479631686
droplethic	BC245886	201278	168648	83.78859090412266	201278	168648	83.78859090412266
droplethic	BC390757	211972	181670	85.70471571717019	211972	181670	85.70471571717019
droplethic	BC311670	234808	199550	84.9843276208647	234808	199550	84.9843276208647
droplethic	BC55722	276084	234488	84.93357094217701	276084	234488	84.93357094217701
droplethic	BC264861	272210	229376	84.26435472613056	272210	229376	84.26435472613056
droplethic	BC266912	217736	185056	84.99099827313812	217736	185056	84.99099827313812
droplethic	BC299943	135948	112232	82.5550945949922	135948	112232	82.5550945949922
droplethic	BC416154	363908	301738	82.9160117392308	363908	301738	82.9160117392308
droplethic	BC435904	258044	211254	81.86743346096014	258044	211254	81.86743346096014
droplethic	BC611517	233982	170226	72.75175013462574	233982	170226	72.75175013462574
droplethic	BC71239	354948	298684	84.14866402966068	354948	298684	84.14866402966068
droplethic	BC134024	266756	225088	84.37973278951551	266756	225088	84.37973278951551
droplethic	BC392167	306206	259708	84.81479788116496	306206	259708	84.81479788116496
droplethic	BC365853	281102	236182	84.02003543197843	281102	236182	84.02003543197843
droplethic	BC632781	252540	213898	84.69866159816267	252540	213898	84.69866159816267
droplethic	BC292913	225508	191314	84.83690157333665	225508	191314	84.83690157333665
droplethic	BC302691	170326	144430	84.79621431842467	170326	144430	84.79621431842467
droplethic	BC341258	402776	343310	85.23596242079965	402776	343310	85.23596242079965
droplethic	BC521924	199546	167942	84.16204784861635	199546	167942	84.16204784861635
droplethic	BC535552	290400	241544	83.1763085399449	290400	241544	83.1763085399449
droplethic	BC398483	266040	215466	80.99007668019847	266040	215466	80.99007668019847
droplethic	BC450777	289402	248184	85.75752759137808	289402	248184	85.75752759137808
droplethic	BC166799	196782	166984	84.85735483936539	196782	166984	84.85735483936539
droplethic	BC551108	219706	189876	86.4227649677296	219706	189876	86.4227649677296
droplethic	BC639909	315086	261166	82.88721174536475	315086	261166	82.88721174536475
droplethic	BC228245	229912	194298	84.50972546017607	229912	194298	84.50972546017607
droplethic	BC698022	384292	317292	82.56534093866122	384292	317292	82.56534093866122
droplethic	BC320238	379416	316574	83.43717713538702	379416	316574	83.43717713538702
droplethic	BC479057	385092	326266	84.72416980877297	385092	326266	84.72416980877297
droplethic	BC187571	320448	273072	85.21569802276812	320448	273072	85.21569802276812
droplethic	BC630715	321350	274036	85.27648980861989	321350	274036	85.27648980861989
droplethic	BC317039	308802	263350	85.28118341202453	308802	263350	85.28118341202453
droplethic	BC123200	347854	293770	84.45209771915803	347854	293770	84.45209771915803
droplethic	BC703625	259264	218644	84.33257220439398	259264	218644	84.33257220439398
droplethic	BC11946	291736	244132	83.68250747250939	291736	244132	83.68250747250939
droplethic	BC576986	238346	204674	85.87263893667189	238346	204674	85.87263893667189
droplethic	BC549937	299110	254294	85.01688342081509	299110	254294	85.01688342081509
droplethic	BC110335	268948	228138	84.82606303077175	268948	228138	84.82606303077175
droplethic	BC17442	372586	315252	84.61187484231829	372586	315252	84.61187484231829
droplethic	BC651608	156230	133084	85.18466363694553	156230	133084	85.18466363694553
droplethic	BC281590	288686	244672	84.75367700546614	288686	244672	84.75367700546614
droplethic	BC211875	261964	221844	84.68491853842512	261964	221844	84.68491853842512
droplethic	BC438468	239912	200580	83.60565540698256	239912	200580	83.60565540698256
droplethic	BC333760	242680	201016	82.83171254326686	242680	201016	82.83171254326686
droplethic	BC684305	318108	269290	84.6536396443975	318108	269290	84.6536396443975
droplethic	BC737116	230122	195892	85.12528137248937	230122	195892	85.12528137248937
droplethic	BC252429	369236	311264	84.29947242414066	369236	311264	84.29947242414066
droplethic	BC624568	186026	153652	82.59705632545989	186026	153652	82.59705632545989
droplethic	BC610238	188174	159642	84.83743769064802	188174	159642	84.83743769064802
droplethic	BC75468	312366	263924	84.4919101310642	312366	263924	84.4919101310642
droplethic	BC648823	294168	247100	83.9996192651818	294168	247100	83.9996192651818
droplethic	BC363941	186850	159034	85.11319240032111	186850	159034	85.11319240032111
droplethic	BC135381	180856	152952	84.57115052859734	180856	152952	84.57115052859734
droplethic	BC542227	175676	147722	84.08775245338009	175676	147722	84.08775245338009
droplethic	BC561860	157786	134798	85.430900079855	157786	134798	85.430900079855
droplethic	BC352497	270090	229172	84.85023510681624	270090	229172	84.85023510681624
droplethic	BC645275	300632	257534	85.66420075041911	300632	257534	85.66420075041911
droplethic	BC616292	354598	297734	83.96381254265394	354598	297734	83.96381254265394
droplethic	BC632971	286860	233692	81.46552325176044	286860	233692	81.46552325176044
droplethic	BC158142	374888	314472	83.88425343035787	374888	314472	83.88425343035787
droplethic	BC77649	178052	152694	85.7580931413295	178052	152694	85.7580931413295
droplethic	BC307911	239698	204164	85.1755125199209	239698	204164	85.1755125199209
droplethic	BC67445	308112	255596	82.9555486316664	308112	255596	82.9555486316664
droplethic	BC150560	230824	190760	82.64305271548886	230824	190760	82.64305271548886
droplethic	BC40759	235066	198218	84.32440250823173	235066	198218	84.32440250823173
droplethic	BC532757	315570	269792	85.49355135152264	315570	269792	85.49355135152264
droplethic	BC233280	372560	309808	83.15653854412712	372560	309808	83.15653854412712
droplethic	BC542513	420346	353600	84.12117636423328	420346	353600	84.12117636423328
droplethic	BC629327	211908	170206	80.32070521169564	211908	170206	80.32070521169564
droplethic	BC1099	421486	352782	83.69957721015645	421486	352782	83.69957721015645
droplethic	BC133313	322056	269762	83.76245125071416	322056	269762	83.76245125071416
droplethic	BC19561	168026	123068	73.24342661254806	168026	123068	73.24342661254806
droplethic	BC161357	465980	395664	84.91008197776729	465980	395664	84.91008197776729
droplethic	BC75021	150746	132114	87.64013638836188	150746	132114	87.64013638836188
droplethic	BC344107	344718	291064	84.43539356807594	344718	291064	84.43539356807594
droplethic	BC716434	201282	173326	86.11102830854225	201282	173326	86.11102830854225
droplethic	BC394483	171202	145746	85.13101482459317	171202	145746	85.13101482459317
droplethic	BC386026	239224	203212	84.94632645553958	239224	203212	84.94632645553958
droplethic	BC195142	377386	317498	84.13083686199276	377386	317498	84.13083686199276
droplethic	BC562051	300296	253760	84.50329008711405	300296	253760	84.50329008711405
droplethic	BC626936	341954	291846	85.34656708212216	341954	291846	85.34656708212216
droplethic	BC207283	212168	179280	84.49907620376305	212168	179280	84.49907620376305
droplethic	BC337275	452118	383968	84.92650148854945	452118	383968	84.92650148854945
droplethic	BC463031	137948	120006	86.99364978107693	137948	120006	86.99364978107693
droplethic	BC177605	313072	258120	82.44748811774927	313072	258120	82.44748811774927
droplethic	BC577644	315950	267636	84.70833992720367	315950	267636	84.70833992720367
droplethic	BC545485	123540	105120	85.08984944147645	123540	105120	85.08984944147645
droplethic	BC643297	346428	290150	83.75477732746775	346428	290150	83.75477732746775
droplethic	BC211025	359516	305934	85.09607361007576	359516	305934	85.09607361007576
droplethic	BC630905	108980	91994	84.41365388144614	108980	91994	84.41365388144614
droplethic	BC149879	240090	206124	85.85280519805073	240090	206124	85.85280519805073
droplethic	BC158423	350190	293776	83.89045946486193	350190	293776	83.89045946486193
droplethic	BC229849	376928	314732	83.49923592834706	376928	314732	83.49923592834706
droplethic	BC148990	300434	251896	83.84403895697558	300434	251896	83.84403895697558
droplethic	BC439466	309712	260756	84.19305677532675	309712	260756	84.19305677532675
droplethic	BC455103	312934	268510	85.804035355698	312934	268510	85.804035355698
droplethic	BC105131	343866	297956	86.64886903619433	343866	297956	86.64886903619433
droplethic	BC29258	298276	255152	85.54224946023146	298276	255152	85.54224946023146
droplethic	BC499100	169652	144524	85.18850352486265	169652	144524	85.18850352486265
droplethic	BC458963	250928	208232	82.98476056876873	250928	208232	82.98476056876873
droplethic	BC431035	178034	150724	84.66023343855667	178034	150724	84.66023343855667
droplethic	BC36528	370028	307282	83.04290486125375	370028	307282	83.04290486125375
droplethic	BC659890	285764	240512	84.16455536736608	285764	240512	84.16455536736608
droplethic	BC2830	282348	236442	83.74134047345828	282348	236442	83.74134047345828
droplethic	BC713979	318482	270664	84.98565068041522	318482	270664	84.98565068041522
droplethic	BC393692	267234	212338	79.45770373530314	267234	212338	79.45770373530314
droplethic	BC459649	281078	237778	84.5950234454493	281078	237778	84.5950234454493
droplethic	BC304198	372314	312162	83.84374479605924	372314	312162	83.84374479605924
droplethic	BC598985	448936	378898	84.39911256838391	448936	378898	84.39911256838391
droplethic	BC205328	121786	102568	84.21986106777462	121786	102568	84.21986106777462
droplethic	BC276967	267170	228888	85.67129542987611	267170	228888	85.67129542987611
droplethic	BC530561	253946	216452	85.23544375575909	253946	216452	85.23544375575909
droplethic	BC412240	303942	259920	85.5163156128472	303942	259920	85.5163156128472
droplethic	BC179676	261862	212180	81.02741138462244	261862	212180	81.02741138462244
droplethic	BC295411	228912	194070	84.77930383728246	228912	194070	84.77930383728246
droplethic	BC123195	271288	225710	83.19940432308101	271288	225710	83.19940432308101
droplethic	BC406337	401424	335698	83.62678863246842	401424	335698	83.62678863246842
droplethic	BC487779	242424	207088	85.42388542388542	242424	207088	85.42388542388542
droplethic	BC694752	364118	303792	83.4322939266941	364118	303792	83.4322939266941
droplethic	BC6113	317706	258872	81.48162137321927	317706	258872	81.48162137321927
droplethic	BC393010	335160	280792	83.77849385368182	335160	280792	83.77849385368182
droplethic	BC64390	381140	320872	84.18743768693918	381140	320872	84.18743768693918
droplethic	BC554357	249532	201094	80.58846160011542	249532	201094	80.58846160011542
droplethic	BC288849	251450	216538	86.11572877311593	251450	216538	86.11572877311593
droplethic	BC9345	192746	166772	86.52423396594482	192746	166772	86.52423396594482
droplethic	BC288932	355008	296758	83.59191905534523	355008	296758	83.59191905534523
droplethic	BC451905	242534	209096	86.2130670339004	242534	209096	86.2130670339004
droplethic	BC210181	304222	257554	84.65988653023122	304222	257554	84.65988653023122
droplethic	BC363521	194478	159958	82.24992029946831	194478	159958	82.24992029946831
droplethic	BC385021	853892	720380	84.36429899799975	853892	720380	84.36429899799975
droplethic	BC465384	318490	271862	85.35966592357688	318490	271862	85.35966592357688
droplethic	BC56544	363484	313318	86.19856719965665	363484	313318	86.19856719965665
droplethic	BC20138	317466	262774	82.77232837532208	317466	262774	82.77232837532208
droplethic	BC232372	226794	193158	85.16891981269346	226794	193158	85.16891981269346
droplethic	BC580821	180166	156826	87.04528046357248	180166	156826	87.04528046357248
droplethic	BC620792	229978	194478	84.56374087956239	229978	194478	84.56374087956239
droplethic	BC695090	259472	222194	85.6331318986249	259472	222194	85.6331318986249
droplethic	BC234926	238916	194088	81.23692008906896	238916	194088	81.23692008906896
droplethic	BC358641	245836	209074	85.0461283131844	245836	209074	85.0461283131844
droplethic	BC163790	678192	569712	84.00452969070706	678192	569712	84.00452969070706
droplethic	BC356925	318648	270802	84.98468529537296	318648	270802	84.98468529537296
droplethic	BC103554	274882	219928	80.00814895118633	274882	219928	80.00814895118633
droplethic	BC441890	323576	272854	84.32454817415383	323576	272854	84.32454817415383
droplethic	BC658611	350528	297778	84.95127350739456	350528	297778	84.95127350739456
droplethic	BC555654	200714	172650	86.01791603973814	200714	172650	86.01791603973814
droplethic	BC627068	259536	213426	82.23367856482338	259536	213426	82.23367856482338
droplethic	BC571003	295320	253078	85.69619395909523	295320	253078	85.69619395909523
droplethic	BC358097	384708	329150	85.55839753787288	384708	329150	85.55839753787288
droplethic	BC662082	376290	317606	84.40458157272316	376290	317606	84.40458157272316
droplethic	BC118762	336388	290972	86.4989238617311	336388	290972	86.4989238617311
droplethic	BC334513	375760	316840	84.31977858207367	375760	316840	84.31977858207367
droplethic	BC163170	315934	269256	85.22539517747377	315934	269256	85.22539517747377
droplethic	BC388178	283512	227250	80.15533734021841	283512	227250	80.15533734021841
droplethic	BC43715	339498	283752	83.57987381368963	339498	283752	83.57987381368963
droplethic	BC91501	251684	217874	86.56648813591647	251684	217874	86.56648813591647
droplethic	BC388322	314974	262204	83.24623619727343	314974	262204	83.24623619727343
droplethic	BC209617	368986	312662	84.73546421815462	368986	312662	84.73546421815462
droplethic	BC67560	220720	189268	85.75027183762232	220720	189268	85.75027183762232
droplethic	BC679996	309606	259842	83.92666808782775	309606	259842	83.92666808782775
droplethic	BC209919	306210	260310	85.01028705790144	306210	260310	85.01028705790144
droplethic	BC273893	356130	304390	85.47159745036925	356130	304390	85.47159745036925
droplethic	BC105093	243280	203208	83.5284445905952	243280	203208	83.5284445905952
droplethic	BC92452	321860	275654	85.64406884981048	321860	275654	85.64406884981048
droplethic	BC639404	339020	290518	85.69346941183412	339020	290518	85.69346941183412
droplethic	BC274636	291494	246794	84.66520751713585	291494	246794	84.66520751713585
droplethic	BC607228	296408	252132	85.06248144449542	296408	252132	85.06248144449542
droplethic	BC628022	322684	271274	84.06800461132254	322684	271274	84.06800461132254
droplethic	BC6312	274578	228052	83.05545236690485	274578	228052	83.05545236690485
droplethic	BC529699	318066	260396	81.86854300679732	318066	260396	81.86854300679732
droplethic	BC538302	228064	194146	85.12785884663954	228064	194146	85.12785884663954
droplethic	BC656863	267194	218230	81.67473820519922	267194	218230	81.67473820519922
droplethic	BC262212	298550	250278	83.83118405627198	298550	250278	83.83118405627198
droplethic	BC393000	293170	250356	85.39618651294471	293170	250356	85.39618651294471
droplethic	BC526990	320262	269330	84.09677076893294	320262	269330	84.09677076893294
droplethic	BC606205	197140	165662	84.03266714010348	197140	165662	84.03266714010348
droplethic	BC637918	155488	132578	85.26574398024285	155488	132578	85.26574398024285
droplethic	BC5319	352780	298260	84.54560916151709	352780	298260	84.54560916151709
droplethic	BC11505	200380	168856	84.26789100708653	200380	168856	84.26789100708653
droplethic	BC474925	306732	254986	83.1298984129468	306732	254986	83.1298984129468
droplethic	BC475208	309702	264652	85.45375877456394	309702	264652	85.45375877456394
droplethic	BC498970	269758	224324	83.15749671928172	269758	224324	83.15749671928172
droplethic	BC522096	257088	217644	84.65739357729649	257088	217644	84.65739357729649
droplethic	BC587375	453860	381350	84.02370775128894	453860	381350	84.02370775128894
droplethic	BC629292	426040	355070	83.34193972396957	426040	355070	83.34193972396957
droplethic	BC669967	213706	176384	82.53582023901996	213706	176384	82.53582023901996
droplethic	BC733690	390764	327938	83.9222651011864	390764	327938	83.9222651011864
droplethic	BC145701	397880	332116	83.47139841158138	397880	332116	83.47139841158138
droplethic	BC103155	348250	298616	85.7475951184494	348250	298616	85.7475951184494
droplethic	BC345830	173726	144200	83.00427109356113	173726	144200	83.00427109356113
droplethic	BC93501	222446	189042	84.98332179495249	222446	189042	84.98332179495249
droplethic	BC537143	210524	181330	86.13269745967206	210524	181330	86.13269745967206
droplethic	BC311374	332874	282082	84.74137361283849	332874	282082	84.74137361283849
droplethic	BC198838	384130	321050	83.57847603675839	384130	321050	83.57847603675839
droplethic	BC139709	318614	266236	83.56067216129863	318614	266236	83.56067216129863
droplethic	BC169190	251952	208984	82.9459579602464	251952	208984	82.9459579602464
droplethic	BC461137	287400	247728	86.19624217118998	287400	247728	86.19624217118998
droplethic	BC549566	299338	253254	84.60469435888527	299338	253254	84.60469435888527
droplethic	BC516968	284776	243356	85.45523499171279	284776	243356	85.45523499171279
droplethic	BC564358	179296	144992	80.86739246832055	179296	144992	80.86739246832055
droplethic	BC691937	293294	245522	83.71190682386957	293294	245522	83.71190682386957
droplethic	BC3160	634214	544180	85.80384538972649	634214	544180	85.80384538972649
droplethic	BC458626	362612	295534	81.50143955522708	362612	295534	81.50143955522708
droplethic	BC548514	300390	250580	83.41822297679683	300390	250580	83.41822297679683
droplethic	BC561177	271540	222058	81.7772703837372	271540	222058	81.7772703837372
droplethic	BC277931	287682	244602	85.02513191649112	287682	244602	85.02513191649112
droplethic	BC324891	212462	171538	80.73820259622897	212462	171538	80.73820259622897
droplethic	BC233783	431580	360520	83.53491820751657	431580	360520	83.53491820751657
droplethic	BC392150	330066	280380	84.94664703422951	330066	280380	84.94664703422951
droplethic	BC268591	279494	234034	83.73489234115938	279494	234034	83.73489234115938
droplethic	BC302659	253676	213452	84.1435531938378	253676	213452	84.1435531938378
droplethic	BC355129	232626	198750	85.43756931727322	232626	198750	85.43756931727322
droplethic	BC477752	311060	260528	83.75490259113997	311060	260528	83.75490259113997
droplethic	BC517235	224308	190796	85.05982845016673	224308	190796	85.05982845016673
droplethic	BC672313	261684	223774	85.51306155515813	261684	223774	85.51306155515813
droplethic	BC446992	243556	194658	79.92330305966595	243556	194658	79.92330305966595
droplethic	BC139575	227770	191118	83.90832857707336	227770	191118	83.90832857707336
droplethic	BC89904	198322	168454	84.93964360988696	198322	168454	84.93964360988696
droplethic	BC536202	351418	295978	84.22391567876431	351418	295978	84.22391567876431
droplethic	BC646719	140014	119324	85.22290628080049	140014	119324	85.22290628080049
droplethic	BC691417	267496	229028	85.61922421269851	267496	229028	85.61922421269851
droplethic	BC195783	273958	235276	85.88031742091853	273958	235276	85.88031742091853
droplethic	BC474538	314048	265490	84.53803240269004	314048	265490	84.53803240269004
droplethic	BC453038	282026	246156	87.28131448873508	282026	246156	87.28131448873508
droplethic	BC74233	283152	240778	85.0348929197039	283152	240778	85.0348929197039
droplethic	BC322986	276302	233524	84.5176654530188	276302	233524	84.5176654530188
droplethic	BC694973	371362	311726	83.9412756286319	371362	311726	83.9412756286319
droplethic	BC543208	351188	298446	84.98183309224689	351188	298446	84.98183309224689
droplethic	BC109541	324876	267896	82.46100050480798	324876	267896	82.46100050480798
droplethic	BC680953	184606	145036	78.56516039565345	184606	145036	78.56516039565345
droplethic	BC48211	215120	184440	85.7381926366679	215120	184440	85.7381926366679
droplethic	BC145152	307992	264686	85.93924517519936	307992	264686	85.93924517519936
droplethic	BC320385	279258	238306	85.33542458944775	279258	238306	85.33542458944775
droplethic	BC735287	272004	226384	83.22818782076735	272004	226384	83.22818782076735
droplethic	BC429804	434900	364874	83.89836744079099	434900	364874	83.89836744079099
droplethic	BC611323	387820	322378	83.12567686039915	387820	322378	83.12567686039915
droplethic	BC726938	332832	266600	80.10047110854725	332832	266600	80.10047110854725
droplethic	BC289015	219836	175382	79.77856220091341	219836	175382	79.77856220091341
droplethic	BC507243	276308	236696	85.66382442781244	276308	236696	85.66382442781244
droplethic	BC158484	397056	330702	83.28850338491296	397056	330702	83.28850338491296
droplethic	BC245999	281284	237624	84.47832084299142	281284	237624	84.47832084299142
droplethic	BC651946	244646	206862	84.55564366472372	244646	206862	84.55564366472372
droplethic	BC121852	339730	287216	84.54243075383393	339730	287216	84.54243075383393
droplethic	BC425587	193334	160846	83.19592001406892	193334	160846	83.19592001406892
droplethic	BC551088	142852	118532	82.97538711393611	142852	118532	82.97538711393611
droplethic	BC162621	280634	238404	84.95193027216945	280634	238404	84.95193027216945
droplethic	BC28713	349702	293940	84.05442348056346	349702	293940	84.05442348056346
droplethic	BC682762	245972	210914	85.74715821312995	245972	210914	85.74715821312995
droplethic	BC717503	158122	135520	85.70597386827892	158122	135520	85.70597386827892
droplethic	BC11679	401106	332990	83.01795535344772	401106	332990	83.01795535344772
droplethic	BC384192	332738	279402	83.9705714405929	332738	279402	83.9705714405929
droplethic	BC371643	291416	246446	84.56845197243803	291416	246446	84.56845197243803
droplethic	BC228195	133554	111898	83.78483609626069	133554	111898	83.78483609626069
droplethic	BC222014	154396	132784	86.00222803699577	154396	132784	86.00222803699577
droplethic	BC296427	240658	201250	83.62489507932419	240658	201250	83.62489507932419
droplethic	BC196068	299056	253032	84.61024022256701	299056	253032	84.61024022256701
droplethic	BC409158	182774	155166	84.89500694847189	182774	155166	84.89500694847189
droplethic	BC514452	385698	322276	83.55656498089179	385698	322276	83.55656498089179
droplethic	BC624658	372986	310086	83.13609626098567	372986	310086	83.13609626098567
droplethic	BC730264	251466	213840	85.03734103218726	251466	213840	85.03734103218726
droplethic	BC409233	276400	196716	71.17076700434153	276400	196716	71.17076700434153
droplethic	BC237216	269410	232190	86.18462566348688	269410	232190	86.18462566348688
droplethic	BC210572	297792	242506	81.4346926713948	297792	242506	81.4346926713948
droplethic	BC508607	179500	154512	86.0791086350975	179500	154512	86.0791086350975
droplethic	BC427916	283778	245378	86.46829563954923	283778	245378	86.46829563954923
droplethic	BC287736	354740	299124	84.32203867621357	354740	299124	84.32203867621357
droplethic	BC464662	376650	317864	84.39240674366123	376650	317864	84.39240674366123
droplethic	BC609773	309040	256214	82.90641988092156	309040	256214	82.90641988092156
droplethic	BC170242	465938	395378	84.85635427889548	465938	395378	84.85635427889548
droplethic	BC352496	253946	216168	85.12360895623479	253946	216168	85.12360895623479
droplethic	BC367476	347898	294496	84.65009859211608	347898	294496	84.65009859211608
droplethic	BC435552	205790	176528	85.78065017736527	205790	176528	85.78065017736527
droplethic	BC373972	426886	364338	85.34784462362317	426886	364338	85.34784462362317
droplethic	BC6293	439420	370224	84.25287879477493	439420	370224	84.25287879477493
droplethic	BC79189	193550	168154	86.87884267631102	193550	168154	86.87884267631102
droplethic	BC652468	347762	291500	83.82169414714662	347762	291500	83.82169414714662
droplethic	BC157300	101750	84372	82.92088452088453	101750	84372	82.92088452088453
droplethic	BC176417	303032	258428	85.28076242773041	303032	258428	85.28076242773041
droplethic	BC58961	275594	232254	84.27396822862617	275594	232254	84.27396822862617
droplethic	BC603484	324198	251662	77.62601866760437	324198	251662	77.62601866760437
droplethic	BC162460	382322	317534	83.0540748374407	382322	317534	83.0540748374407
droplethic	BC451545	228870	195568	85.44938174509547	228870	195568	85.44938174509547
droplethic	BC518190	234958	201086	85.58380646753888	234958	201086	85.58380646753888
droplethic	BC322907	262042	225004	85.86562459453064	262042	225004	85.86562459453064
droplethic	BC376791	120254	105038	87.3467826434048	120254	105038	87.3467826434048
droplethic	BC432954	337220	283586	84.09524939208825	337220	283586	84.09524939208825
droplethic	BC569386	253456	204402	80.64595038192033	253456	204402	80.64595038192033
droplethic	BC459679	247260	208906	84.48839278492275	247260	208906	84.48839278492275
droplethic	BC59896	324148	272778	84.15230080086874	324148	272778	84.15230080086874
droplethic	BC596090	210570	180524	85.73111079451014	210570	180524	85.73111079451014
droplethic	BC424489	277404	234072	84.37946100272526	277404	234072	84.37946100272526
droplethic	BC482226	209474	180346	86.09469432960654	209474	180346	86.09469432960654
droplethic	BC494954	293570	249360	84.94055932145655	293570	249360	84.94055932145655
droplethic	BC341512	275124	231422	84.11552609005393	275124	231422	84.11552609005393
droplethic	BC707084	346984	293216	84.50418463099163	346984	293216	84.50418463099163
droplethic	BC186443	203372	172380	84.76093070825875	203372	172380	84.76093070825875
droplethic	BC454805	267496	228188	85.3052008254329	267496	228188	85.3052008254329
droplethic	BC669665	181104	141912	78.35939570633448	181104	141912	78.35939570633448
droplethic	BC146424	215678	178160	82.60462355919472	215678	178160	82.60462355919472
droplethic	BC309888	246658	207514	84.13025322511332	246658	207514	84.13025322511332
droplethic	BC665912	226390	189514	83.71129466849243	226390	189514	83.71129466849243
droplethic	BC176979	250638	208772	83.29622802607744	250638	208772	83.29622802607744
droplethic	BC665447	220018	189522	86.13931587415576	220018	189522	86.13931587415576
droplethic	BC223659	166072	139230	83.83713088299051	166072	139230	83.83713088299051
droplethic	BC723399	258434	219664	84.99810396464862	258434	219664	84.99810396464862
droplethic	BC180724	254144	216058	85.01400780659783	254144	216058	85.01400780659783
droplethic	BC349165	163898	132032	80.5574198586926	163898	132032	80.5574198586926
droplethic	BC698524	258124	220716	85.50774046582262	258124	220716	85.50774046582262
droplethic	BC243155	317500	268292	84.50141732283464	317500	268292	84.50141732283464
droplethic	BC311052	336666	285786	84.88709878633424	336666	285786	84.88709878633424
droplethic	BC121719	360202	297720	82.65362213424689	360202	297720	82.65362213424689
droplethic	BC331439	232018	195848	84.4106922738753	232018	195848	84.4106922738753
droplethic	BC714916	421780	351442	83.3235335957134	421780	351442	83.3235335957134
droplethic	BC360598	363732	304916	83.82985274872709	363732	304916	83.82985274872709
droplethic	BC607107	316936	267106	84.27758285584471	316936	267106	84.27758285584471
droplethic	BC378264	424432	362346	85.37197949259246	424432	362346	85.37197949259246
droplethic	BC372068	238730	198088	82.97574665940603	238730	198088	82.97574665940603
droplethic	BC555363	383356	324136	84.55221778190507	383356	324136	84.55221778190507
droplethic	BC73190	450650	389636	86.46088982580717	450650	389636	86.46088982580717
droplethic	BC138549	387080	327566	84.62488374496228	387080	327566	84.62488374496228
droplethic	BC345286	216152	181030	83.75124912098893	216152	181030	83.75124912098893
droplethic	BC423117	404758	336804	83.21120274336764	404758	336804	83.21120274336764
droplethic	BC672168	180074	149320	82.92146561968968	180074	149320	82.92146561968968
droplethic	BC231867	342018	284556	83.1991298703577	342018	284556	83.1991298703577
droplethic	BC44565	305900	259198	84.73291925465838	305900	259198	84.73291925465838
droplethic	BC499339	400116	332616	83.12989233122394	400116	332616	83.12989233122394
droplethic	BC699207	179480	149716	83.41653666146645	179480	149716	83.41653666146645
droplethic	BC235575	182352	146586	80.38628586470124	182352	146586	80.38628586470124
droplethic	BC367191	210840	182636	86.62303168279264	210840	182636	86.62303168279264
droplethic	BC498427	186920	147392	78.85298523432485	186920	147392	78.85298523432485
droplethic	BC132072	203554	168514	82.78589465203336	203554	168514	82.78589465203336
droplethic	BC473268	248864	211202	84.86643307187862	248864	211202	84.86643307187862
droplethic	BC593552	211184	178890	84.70812182741116	211184	178890	84.70812182741116
droplethic	BC44867	345290	293528	85.0091227663703	345290	293528	85.0091227663703
droplethic	BC310433	301196	249058	82.68967715374706	301196	249058	82.68967715374706
droplethic	BC216685	404336	342988	84.82747022278501	404336	342988	84.82747022278501
droplethic	BC239696	266246	225444	84.67507493070319	266246	225444	84.67507493070319
droplethic	BC520365	197558	168706	85.39568126828577	197558	168706	85.39568126828577
droplethic	BC355302	380688	325712	85.5587777917875	380688	325712	85.5587777917875
droplethic	BC374004	284120	237966	83.7554554413628	284120	237966	83.7554554413628
droplethic	BC174269	263592	220942	83.81969103766427	263592	220942	83.81969103766427
droplethic	BC205572	353746	295892	83.64532743833146	353746	295892	83.64532743833146
droplethic	BC67230	289048	244858	84.71188176358253	289048	244858	84.71188176358253
droplethic	BC400517	246058	208948	84.91819002023914	246058	208948	84.91819002023914
droplethic	BC412834	237646	197976	83.30710384353198	237646	197976	83.30710384353198
droplethic	BC517958	116808	98876	84.64831175946853	116808	98876	84.64831175946853
droplethic	BC330638	96146	80106	83.3170386703555	96146	80106	83.3170386703555
droplethic	BC576599	370714	312534	84.30596092944965	370714	312534	84.30596092944965
droplethic	BC570626	303996	255394	84.01228963538993	303996	255394	84.01228963538993
droplethic	BC143380	282840	241496	85.38254843727903	282840	241496	85.38254843727903
droplethic	BC183820	198632	169972	85.57130774497563	198632	169972	85.57130774497563
droplethic	BC536385	235198	199442	84.79748977457291	235198	199442	84.79748977457291
droplethic	BC686778	187820	154894	82.46938558194016	187820	154894	82.46938558194016
droplethic	BC5009	159484	133950	83.98961651325524	159484	133950	83.98961651325524
droplethic	BC71587	295888	250408	84.62931920186017	295888	250408	84.62931920186017
droplethic	BC95394	361222	307262	85.06181794021406	361222	307262	85.06181794021406
droplethic	BC695397	397308	323322	81.37817511854783	397308	323322	81.37817511854783
droplethic	BC243958	315884	260634	82.50940218561244	315884	260634	82.50940218561244
droplethic	BC611033	210416	176262	83.768344612577	210416	176262	83.768344612577
droplethic	BC398986	334426	289134	86.456794627212	334426	289134	86.456794627212
droplethic	BC11390	246416	204312	82.91344717875462	246416	204312	82.91344717875462
droplethic	BC145642	356200	302686	84.97641774284111	356200	302686	84.97641774284111
droplethic	BC147076	180944	152554	84.31006278185517	180944	152554	84.31006278185517
droplethic	BC23708	316306	268240	84.80395566318691	316306	268240	84.80395566318691
droplethic	BC36789	191376	162840	85.08903937797842	191376	162840	85.08903937797842
droplethic	BC268449	175328	146454	83.53143821865304	175328	146454	83.53143821865304
droplethic	BC646122	217062	180710	83.25271120693627	217062	180710	83.25271120693627
droplethic	BC626005	363926	306036	84.09291998922858	363926	306036	84.09291998922858
droplethic	BC219139	329548	279170	84.71300083751078	329548	279170	84.71300083751078
droplethic	BC711953	253278	217072	85.70503557355948	253278	217072	85.70503557355948
droplethic	BC520618	181116	148088	81.76417323704145	181116	148088	81.76417323704145
droplethic	BC525515	207920	180172	86.65448249326664	207920	180172	86.65448249326664
droplethic	BC563133	223474	189188	84.65772304608143	223474	189188	84.65772304608143
droplethic	BC553387	209458	174096	83.11737914044821	209458	174096	83.11737914044821
droplethic	BC130484	153458	130506	85.04346466134056	153458	130506	85.04346466134056
droplethic	BC457901	244510	208818	85.40264201873134	244510	208818	85.40264201873134
droplethic	BC729444	330460	284452	86.07758881559039	330460	284452	86.07758881559039
droplethic	BC465622	213640	179028	83.79891406103727	213640	179028	83.79891406103727
droplethic	BC481720	262086	218940	83.53746480163	262086	218940	83.53746480163
droplethic	BC248831	432650	361754	83.6135444354559	432650	361754	83.6135444354559
droplethic	BC219451	206720	173802	84.07604489164086	206720	173802	84.07604489164086
droplethic	BC334703	417026	349910	83.9060394315942	417026	349910	83.9060394315942
droplethic	BC444603	226136	195204	86.32150564262214	226136	195204	86.32150564262214
droplethic	BC540968	282558	239872	84.89301311589125	282558	239872	84.89301311589125
droplethic	BC663210	359388	304562	84.74462141195588	359388	304562	84.74462141195588
droplethic	BC69243	329276	274844	83.46918694347599	329276	274844	83.46918694347599
droplethic	BC172391	303794	254744	83.85419066867681	303794	254744	83.85419066867681
droplethic	BC390727	205844	174192	84.62330697032705	205844	174192	84.62330697032705
droplethic	BC463812	340566	288810	84.80294568453692	340566	288810	84.80294568453692
droplethic	BC97012	274230	234034	85.34223097399993	274230	234034	85.34223097399993
droplethic	BC96395	346736	285510	82.34218540907203	346736	285510	82.34218540907203
droplethic	BC467027	267858	224118	83.67045225455279	267858	224118	83.67045225455279
droplethic	BC585151	314596	266842	84.82053172958334	314596	266842	84.82053172958334
droplethic	BC273852	338414	270100	79.8134828937337	338414	270100	79.8134828937337
droplethic	BC467090	616778	477436	77.40807875767294	616778	477436	77.40807875767294
droplethic	BC671959	137346	115356	83.98934078895635	137346	115356	83.98934078895635
droplethic	BC141202	278636	237008	85.06007838183149	278636	237008	85.06007838183149
droplethic	BC128221	170056	143566	84.42277837888696	170056	143566	84.42277837888696
droplethic	BC347046	208676	178868	85.71565489083555	208676	178868	85.71565489083555
droplethic	BC546033	234334	204486	87.26262514189149	234334	204486	87.26262514189149
droplethic	BC285729	254942	217478	85.30489287759569	254942	217478	85.30489287759569
droplethic	BC60211	196526	162760	82.81855835869045	196526	162760	82.81855835869045
droplethic	BC605675	191918	161412	84.10466970268553	191918	161412	84.10466970268553
droplethic	BC228720	318716	271564	85.20563762095408	318716	271564	85.20563762095408
droplethic	BC561266	280922	244908	87.18007133652758	280922	244908	87.18007133652758
droplethic	BC73045	166906	140724	84.31332606377242	166906	140724	84.31332606377242
droplethic	BC380425	186794	155880	83.45021788708416	186794	155880	83.45021788708416
droplethic	BC84721	282246	244786	86.72788985494923	282246	244786	86.72788985494923
droplethic	BC227683	126430	101236	80.07276753934984	126430	101236	80.07276753934984
droplethic	BC114704	241264	205098	85.00978181577028	241264	205098	85.00978181577028
droplethic	BC736224	358160	302900	84.5711413893232	358160	302900	84.5711413893232
droplethic	BC73277	345188	292162	84.63851582326153	345188	292162	84.63851582326153
droplethic	BC654995	323194	269498	83.385830182491	323194	269498	83.385830182491
droplethic	BC530004	426274	361686	84.84824314877285	426274	361686	84.84824314877285
droplethic	BC330670	318872	265862	83.37577460548434	318872	265862	83.37577460548434
droplethic	BC195729	379592	319468	84.16088853295116	379592	319468	84.16088853295116
droplethic	BC240540	167084	122202	73.13806229202078	167084	122202	73.13806229202078
droplethic	BC461630	329128	281552	85.54483362096205	329128	281552	85.54483362096205
droplethic	BC609600	195234	167296	85.68999252179437	195234	167296	85.68999252179437
droplethic	BC153401	293642	247588	84.31627628200326	293642	247588	84.31627628200326
droplethic	BC671904	124020	104322	84.1170778906628	124020	104322	84.1170778906628
droplethic	BC287643	246262	213960	86.88307574859296	246262	213960	86.88307574859296
droplethic	BC627572	159012	132188	83.13083289311498	159012	132188	83.13083289311498
droplethic	BC478735	259250	215856	83.26171648987464	259250	215856	83.26171648987464
droplethic	BC270033	274416	222622	81.1257361086817	274416	222622	81.1257361086817
droplethic	BC327914	312310	266684	85.3907976049438	312310	266684	85.3907976049438
droplethic	BC103686	243752	191690	78.64140601923266	243752	191690	78.64140601923266
droplethic	BC593778	206356	174158	84.39686754928377	206356	174158	84.39686754928377
droplethic	BC51963	253620	210672	83.06600425833925	253620	210672	83.06600425833925
droplethic	BC599447	216156	179158	82.88365809878051	216156	179158	82.88365809878051
droplethic	BC488373	253764	214574	84.55651707886068	253764	214574	84.55651707886068
droplethic	BC580556	304556	254196	83.46445317117377	304556	254196	83.46445317117377
droplethic	BC88138	206676	173648	84.0194313805183	206676	173648	84.0194313805183
droplethic	BC551679	241578	208358	86.24874781644024	241578	208358	86.24874781644024
droplethic	BC703212	208710	169562	81.24287288582244	208710	169562	81.24287288582244
droplethic	BC674574	239020	198732	83.14450673583801	239020	198732	83.14450673583801
droplethic	BC469	465846	387222	83.12231939310416	465846	387222	83.12231939310416
droplethic	BC679621	177032	145824	82.37154864657236	177032	145824	82.37154864657236
droplethic	BC447765	173934	141812	81.53207538491611	173934	141812	81.53207538491611
droplethic	BC690865	380768	323288	84.90419362971679	380768	323288	84.90419362971679
droplethic	BC307523	355396	299384	84.23955249918401	355396	299384	84.23955249918401
droplethic	BC409648	326604	277576	84.98854882365188	326604	277576	84.98854882365188
droplethic	BC202478	305236	252488	82.71894534065444	305236	252488	82.71894534065444
droplethic	BC184541	94324	80036	84.85221152622874	94324	80036	84.85221152622874
droplethic	BC35911	168942	142260	84.20641403558618	168942	142260	84.20641403558618
droplethic	BC696632	198848	171488	86.24074670099775	198848	171488	86.24074670099775
droplethic	BC405203	220090	171854	78.08351129083557	220090	171854	78.08351129083557
droplethic	BC76339	213314	178158	83.51913142128505	213314	178158	83.51913142128505
droplethic	BC84847	149444	122732	82.12574609887315	149444	122732	82.12574609887315
droplethic	BC322011	270968	228834	84.45056242803578	270968	228834	84.45056242803578
droplethic	BC124028	173840	144312	83.01426599171653	173840	144312	83.01426599171653
droplethic	BC663810	193164	163584	84.68658756289992	193164	163584	84.68658756289992
droplethic	BC726617	263792	222772	84.44986959422576	263792	222772	84.44986959422576
droplethic	BC132611	263900	221950	84.10382720727549	263900	221950	84.10382720727549
droplethic	BC351393	389226	329152	84.56577926448901	389226	329152	84.56577926448901
droplethic	BC199325	404668	344832	85.21355778069923	404668	344832	85.21355778069923
droplethic	BC466279	278474	239426	85.97786507896608	278474	239426	85.97786507896608
droplethic	BC74130	352444	293360	83.23591833028793	352444	293360	83.23591833028793
droplethic	BC659085	273520	238008	87.01667154138637	273520	238008	87.01667154138637
droplethic	BC716167	391402	335168	85.63267433482712	391402	335168	85.63267433482712
droplethic	BC500420	180940	153830	85.01713275118824	180940	153830	85.01713275118824
droplethic	BC623437	226188	188044	83.1361522273507	226188	188044	83.1361522273507
droplethic	BC379569	102786	87418	85.04854746755395	102786	87418	85.04854746755395
droplethic	BC397694	398334	338502	84.97943936495504	398334	338502	84.97943936495504
droplethic	BC706272	253012	208464	82.39292997960571	253012	208464	82.39292997960571
droplethic	BC694006	377630	314254	83.21743505547758	377630	314254	83.21743505547758
droplethic	BC642363	272590	230760	84.65460948677502	272590	230760	84.65460948677502
droplethic	BC659995	297426	246918	83.0182969881584	297426	246918	83.0182969881584
droplethic	BC650771	337308	285920	84.76525905107498	337308	285920	84.76525905107498
droplethic	BC105014	241578	198150	82.0231974765914	241578	198150	82.0231974765914
droplethic	BC355203	297744	254286	85.40423988392713	297744	254286	85.40423988392713
droplethic	BC106201	238598	202486	84.86491923654012	238598	202486	84.86491923654012
droplethic	BC664468	255264	221086	86.61072458317663	255264	221086	86.61072458317663
droplethic	BC725756	137700	121716	88.3921568627451	137700	121716	88.3921568627451
droplethic	BC630595	396592	336224	84.77831121152217	396592	336224	84.77831121152217
droplethic	BC306911	359326	295902	82.34917595720877	359326	295902	82.34917595720877
droplethic	BC279949	246348	212458	86.24303830353809	246348	212458	86.24303830353809
droplethic	BC388808	270568	233310	86.22970935217764	270568	233310	86.22970935217764
droplethic	BC515860	344336	290280	84.30138004739557	344336	290280	84.30138004739557
droplethic	BC525488	194786	160586	82.4422699783352	194786	160586	82.4422699783352
droplethic	BC580442	249322	207472	83.21447766342321	249322	207472	83.21447766342321
droplethic	BC618434	246458	204888	83.13302875134912	246458	204888	83.13302875134912
droplethic	BC429402	239156	201260	84.15427587014334	239156	201260	84.15427587014334
droplethic	BC98579	378754	313908	82.87912470891396	378754	313908	82.87912470891396
droplethic	BC90653	199688	156786	78.51548415528224	199688	156786	78.51548415528224
droplethic	BC438181	159972	134104	83.82967019228364	159972	134104	83.82967019228364
droplethic	BC297078	395282	334938	84.73393678437166	395282	334938	84.73393678437166
droplethic	BC309267	361188	304572	84.32506063324362	361188	304572	84.32506063324362
droplethic	BC655535	247434	206940	83.63442372511457	247434	206940	83.63442372511457
droplethic	BC12408	307658	259482	84.34105402752407	307658	259482	84.34105402752407
droplethic	BC607083	219036	184384	84.17976953560145	219036	184384	84.17976953560145
droplethic	BC300329	258350	223100	86.35571898587187	258350	223100	86.35571898587187
droplethic	BC276092	214982	181220	84.2954293847857	214982	181220	84.2954293847857
droplethic	BC236966	256078	217938	85.10610048500847	256078	217938	85.10610048500847
droplethic	BC48904	111794	95478	85.40529903214842	111794	95478	85.40529903214842
droplethic	BC681211	145032	123868	85.40735837608251	145032	123868	85.40735837608251
droplethic	BC139742	430286	366910	85.2711917189962	430286	366910	85.2711917189962
droplethic	BC539978	215680	183008	84.85163204747775	215680	183008	84.85163204747775
droplethic	BC64321	238024	201260	84.55449870601284	238024	201260	84.55449870601284
droplethic	BC248598	236214	194668	82.41171141422608	236214	194668	82.41171141422608
droplethic	BC287082	226892	187544	82.65782839412584	226892	187544	82.65782839412584
droplethic	BC714575	217342	180154	82.88963937020917	217342	180154	82.88963937020917
droplethic	BC226564	272346	232164	85.24597387147232	272346	232164	85.24597387147232
droplethic	BC539724	214584	182276	84.9438914364538	214584	182276	84.9438914364538
droplethic	BC111179	346598	289258	83.45633846704251	346598	289258	83.45633846704251
droplethic	BC563532	199310	166554	83.56530028598665	199310	166554	83.56530028598665
droplethic	BC192226	187984	160702	85.48706272874287	187984	160702	85.48706272874287
droplethic	BC227724	103550	89468	86.40077257363592	103550	89468	86.40077257363592
droplethic	BC657735	292572	245172	83.79885976785202	292572	245172	83.79885976785202
droplethic	BC331999	354862	298650	84.1594760780247	354862	298650	84.1594760780247
droplethic	BC301302	233952	194504	83.13842155655861	233952	194504	83.13842155655861
droplethic	BC489715	240196	206718	86.06221585705008	240196	206718	86.06221585705008
droplethic	BC234348	308154	262382	85.14638784503852	308154	262382	85.14638784503852
droplethic	BC283165	151348	124258	82.10085366175966	151348	124258	82.10085366175966
droplethic	BC354743	482386	411742	85.35529638090658	482386	411742	85.35529638090658
droplethic	BC173411	354780	295170	83.19803822086926	354780	295170	83.19803822086926
droplethic	BC489925	408064	344898	84.52056540150565	408064	344898	84.52056540150565
droplethic	BC514923	297562	255484	85.85908146873592	297562	255484	85.85908146873592
droplethic	BC549950	160366	137924	86.00576181983712	160366	137924	86.00576181983712
droplethic	BC567036	252162	208710	82.76822042972375	252162	208710	82.76822042972375
droplethic	BC438530	344728	295030	85.58341649068251	344728	295030	85.58341649068251
droplethic	BC386957	295260	247322	83.76414007992955	295260	247322	83.76414007992955
droplethic	BC270148	223470	186322	83.3767396071061	223470	186322	83.3767396071061
droplethic	BC8358	250662	205668	82.04993178064485	250662	205668	82.04993178064485
droplethic	BC545654	308390	258508	83.8250267518402	308390	258508	83.8250267518402
droplethic	BC131541	283772	243546	85.82453519022313	283772	243546	85.82453519022313
droplethic	BC23937	334974	277976	82.9843510242586	334974	277976	82.9843510242586
droplethic	BC457029	82688	71156	86.05359907120743	82688	71156	86.05359907120743
droplethic	BC17928	251322	210784	83.87009493796802	251322	210784	83.87009493796802
droplethic	BC723409	171896	144884	84.28584725648066	171896	144884	84.28584725648066
droplethic	BC108634	211018	173582	82.25933332701476	211018	173582	82.25933332701476
droplethic	BC279383	323310	270718	83.73325910117225	323310	270718	83.73325910117225
droplethic	BC625573	294264	249788	84.88568088519153	294264	249788	84.88568088519153
droplethic	BC478007	344708	293280	85.08070598883693	344708	293280	85.08070598883693
droplethic	BC125052	233206	199354	85.48407845424217	233206	199354	85.48407845424217
droplethic	BC639371	161174	135854	84.29027014282701	161174	135854	84.29027014282701
droplethic	BC599319	244246	205792	84.25603694635736	244246	205792	84.25603694635736
droplethic	BC727550	216292	182584	84.4155123629168	216292	182584	84.4155123629168
droplethic	BC453361	308438	262242	85.0225977343907	308438	262242	85.0225977343907
droplethic	BC554306	157040	134880	85.8889454915945	157040	134880	85.8889454915945
droplethic	BC65474	361126	304896	84.42925737831118	361126	304896	84.42925737831118
droplethic	BC472274	257798	219440	85.12090861837562	257798	219440	85.12090861837562
droplethic	BC685760	341120	287784	84.36444652908068	341120	287784	84.36444652908068
droplethic	BC5876	299130	254000	84.91291411760773	299130	254000	84.91291411760773
droplethic	BC26866	137622	114452	83.16402900699016	137622	114452	83.16402900699016
droplethic	BC22532	380054	319438	84.05068753387677	380054	319438	84.05068753387677
droplethic	BC287149	220760	187808	85.07338285921362	220760	187808	85.07338285921362
droplethic	BC64399	235830	193518	82.05826230759445	235830	193518	82.05826230759445
droplethic	BC459316	231668	198842	85.83058514771137	231668	198842	85.83058514771137
droplethic	BC109120	344628	289186	83.9125085599545	344628	289186	83.9125085599545
droplethic	BC41524	200656	169988	84.71613109002472	200656	169988	84.71613109002472
droplethic	BC499516	260676	225686	86.5772069542267	260676	225686	86.5772069542267
droplethic	BC514484	412088	352296	85.49047776203142	412088	352296	85.49047776203142
droplethic	BC480962	189094	157652	83.37229102985816	189094	157652	83.37229102985816
droplethic	BC103286	410470	341174	83.11788924890979	410470	341174	83.11788924890979
droplethic	BC10062	256842	211814	82.46859937237679	256842	211814	82.46859937237679
droplethic	BC191501	230678	189308	82.06591005644232	230678	189308	82.06591005644232
droplethic	BC140539	343738	284076	82.64317590723167	343738	284076	82.64317590723167
droplethic	BC392397	273294	233774	85.5393824965056	273294	233774	85.5393824965056
droplethic	BC610570	302724	254782	84.16313209392054	302724	254782	84.16313209392054
droplethic	BC127885	207136	177704	85.7909779082342	207136	177704	85.7909779082342
droplethic	BC352770	213830	163712	76.56175466492073	213830	163712	76.56175466492073
droplethic	BC551210	221168	190004	85.90935397525863	221168	190004	85.90935397525863
droplethic	BC147256	228744	180422	78.87507431888923	228744	180422	78.87507431888923
droplethic	BC373741	267672	228864	85.50165874652559	267672	228864	85.50165874652559
droplethic	BC323756	276356	233430	84.46713659193215	276356	233430	84.46713659193215
droplethic	BC405816	202094	168398	83.32657080368541	202094	168398	83.32657080368541
droplethic	BC306322	190572	160476	84.2075436055664	190572	160476	84.2075436055664
droplethic	BC637282	148398	125102	84.30167522473349	148398	125102	84.30167522473349
droplethic	BC678355	321072	266408	82.97453530672247	321072	266408	82.97453530672247
droplethic	BC105847	193892	165048	85.12367709859097	193892	165048	85.12367709859097
droplethic	BC338898	492974	419674	85.13106167870922	492974	419674	85.13106167870922
droplethic	BC192349	414218	350856	84.70322390625226	414218	350856	84.70322390625226
droplethic	BC674767	420224	354608	84.38547060615291	420224	354608	84.38547060615291
droplethic	BC479570	444096	372778	83.94085963395302	444096	372778	83.94085963395302
droplethic	BC633374	191682	159418	83.16795525923143	191682	159418	83.16795525923143
droplethic	BC13548	251774	211622	84.05236442206106	251774	211622	84.05236442206106
droplethic	BC333036	238166	197296	82.83970004114776	238166	197296	82.83970004114776
droplethic	BC687201	167062	137948	82.57293699345153	167062	137948	82.57293699345153
droplethic	BC355902	230182	197224	85.68176486432475	230182	197224	85.68176486432475
droplethic	BC628386	270508	227632	84.14982181673001	270508	227632	84.14982181673001
droplethic	BC142869	366588	313316	85.46815498597881	366588	313316	85.46815498597881
droplethic	BC77854	381684	318602	83.47271564959495	381684	318602	83.47271564959495
droplethic	BC145124	321578	266212	82.78302620204119	321578	266212	82.78302620204119
droplethic	BC370876	198298	166592	84.01093304017186	198298	166592	84.01093304017186
droplethic	BC523321	135556	116334	85.8198825577621	135556	116334	85.8198825577621
droplethic	BC662371	237220	201788	85.06365399207486	237220	201788	85.06365399207486
droplethic	BC291534	280934	233994	83.29144923718738	280934	233994	83.29144923718738
droplethic	BC679004	238920	202558	84.78067972543111	238920	202558	84.78067972543111
droplethic	BC721059	238318	199820	83.84595372569424	238318	199820	83.84595372569424
droplethic	BC288133	253938	217314	85.57758192944735	253938	217314	85.57758192944735
droplethic	BC276950	365588	313638	85.79001498955108	365588	313638	85.79001498955108
droplethic	BC196943	214710	183500	85.46411438684737	214710	183500	85.46411438684737
droplethic	BC649756	223390	183540	82.16124266977036	223390	183540	82.16124266977036
droplethic	BC517836	369408	312372	84.56016112266113	369408	312372	84.56016112266113
droplethic	BC512306	330414	282148	85.39226546090661	330414	282148	85.39226546090661
droplethic	BC671868	418160	358510	85.73512531088579	418160	358510	85.73512531088579
droplethic	BC629967	313704	263114	83.8733328232984	313704	263114	83.8733328232984
droplethic	BC656944	353832	301538	85.22066969635307	353832	301538	85.22066969635307
droplethic	BC128832	381036	320294	84.05872411005784	381036	320294	84.05872411005784
droplethic	BC352468	195790	160392	81.92042494509424	195790	160392	81.92042494509424
droplethic	BC494433	346964	289426	83.41672334882006	346964	289426	83.41672334882006
droplethic	BC375813	302698	256132	84.61635028972772	302698	256132	84.61635028972772
droplethic	BC546112	371934	319984	86.03246812606538	371934	319984	86.03246812606538
droplethic	BC343264	283116	240378	84.90442080278049	283116	240378	84.90442080278049
droplethic	BC132297	333008	274758	82.50792773747177	333008	274758	82.50792773747177
droplethic	BC309261	329694	276384	83.83046097290215	329694	276384	83.83046097290215
droplethic	BC669768	535810	441176	82.33814225191766	535810	441176	82.33814225191766
droplethic	BC192132	290442	241264	83.06787585817479	290442	241264	83.06787585817479
droplethic	BC10351	424640	355396	83.69348153730219	424640	355396	83.69348153730219
droplethic	BC194844	314564	264504	84.0859093856894	314564	264504	84.0859093856894
droplethic	BC554464	97398	80940	83.10232242961868	97398	80940	83.10232242961868
droplethic	BC246316	246654	210876	85.49466053662215	246654	210876	85.49466053662215
droplethic	BC60583	227448	193796	85.20453026625866	227448	193796	85.20453026625866
droplethic	BC322874	390870	329010	84.17376621383069	390870	329010	84.17376621383069
droplethic	BC281331	336908	280060	83.12655086848635	336908	280060	83.12655086848635
droplethic	BC643817	296294	244196	82.41678873011266	296294	244196	82.41678873011266
droplethic	BC664918	297876	250530	84.1054667042662	297876	250530	84.1054667042662
droplethic	BC81830	220960	182776	82.71904417089065	220960	182776	82.71904417089065
droplethic	BC58654	454290	384472	84.6314028484008	454290	384472	84.6314028484008
droplethic	BC289413	191440	153606	80.23715002089428	191440	153606	80.23715002089428
droplethic	BC135966	326444	276514	84.70488046954455	326444	276514	84.70488046954455
droplethic	BC521961	275196	236454	85.92203375049056	275196	236454	85.92203375049056
droplethic	BC534475	90492	77586	85.7379657870309	90492	77586	85.7379657870309
droplethic	BC628809	281234	237526	84.45849363874923	281234	237526	84.45849363874923
droplethic	BC284250	220758	188250	85.27437284266028	220758	188250	85.27437284266028
droplethic	BC604814	312138	263556	84.43573035003749	312138	263556	84.43573035003749
droplethic	BC86088	265016	224240	84.6137591692577	265016	224240	84.6137591692577
droplethic	BC335169	283164	244252	86.25814015905976	283164	244252	86.25814015905976
droplethic	BC642099	321534	269868	83.93140383287616	321534	269868	83.93140383287616
droplethic	BC327267	381526	318442	83.46534705367392	381526	318442	83.46534705367392
droplethic	BC79806	207460	171394	82.61544394100068	207460	171394	82.61544394100068
droplethic	BC279962	377878	315966	83.61587602347848	377878	315966	83.61587602347848
droplethic	BC341907	343642	286560	83.38910843261301	343642	286560	83.38910843261301
droplethic	BC733531	506746	430532	84.96011808677325	506746	430532	84.96011808677325
droplethic	BC307759	252602	213380	84.47280702448911	252602	213380	84.47280702448911
droplethic	BC280321	275442	230398	83.64664793314019	275442	230398	83.64664793314019
droplethic	BC55841	354866	296020	83.41740262521628	354866	296020	83.41740262521628
droplethic	BC685789	192624	163570	84.91672896419968	192624	163570	84.91672896419968
droplethic	BC65704	193810	168398	86.88818946390795	193810	168398	86.88818946390795
droplethic	BC333289	248726	210876	84.7824513721927	248726	210876	84.7824513721927
droplethic	BC277309	219366	184746	84.21815595853505	219366	184746	84.21815595853505
droplethic	BC367356	163232	134546	82.4262399529504	163232	134546	82.4262399529504
droplethic	BC404118	101070	86908	85.9879291580093	101070	86908	85.9879291580093
droplethic	BC271222	193362	161622	83.58519254041641	193362	161622	83.58519254041641
droplethic	BC222638	204302	174514	85.41962389012345	204302	174514	85.41962389012345
droplethic	BC707414	445090	378586	85.05830281516099	445090	378586	85.05830281516099
droplethic	BC621763	188830	157706	83.51744955780332	188830	157706	83.51744955780332
droplethic	BC483084	290556	251452	86.541664945828	290556	251452	86.541664945828
droplethic	BC549535	402618	340718	84.62562528252587	402618	340718	84.62562528252587
droplethic	BC332282	259470	221908	85.52356727174624	259470	221908	85.52356727174624
droplethic	BC544157	286728	242666	84.63282274490109	286728	242666	84.63282274490109
droplethic	BC311054	192250	166472	86.59141742522756	192250	166472	86.59141742522756
droplethic	BC317023	463746	392520	84.64116132538071	463746	392520	84.64116132538071
droplethic	BC461650	102504	87942	85.79372512292203	102504	87942	85.79372512292203
droplethic	BC677940	282464	235678	83.43647332049395	282464	235678	83.43647332049395
droplethic	BC326056	331096	272836	82.40389494285645	331096	272836	82.40389494285645
droplethic	BC164115	208382	174286	83.63774222341661	208382	174286	83.63774222341661
droplethic	BC537181	379024	317926	83.88017645320613	379024	317926	83.88017645320613
droplethic	BC634297	79888	70958	88.82185059082715	79888	70958	88.82185059082715
droplethic	BC414025	292688	243260	83.11239271852621	292688	243260	83.11239271852621
droplethic	BC500468	277204	230720	83.23112220602877	277204	230720	83.23112220602877
droplethic	BC672943	248464	207956	83.69663210766952	248464	207956	83.69663210766952
droplethic	BC61431	197516	170094	86.11656777172482	197516	170094	86.11656777172482
droplethic	BC83075	204958	173732	84.76468349613091	204958	173732	84.76468349613091
droplethic	BC707466	411650	343284	83.39220211344589	411650	343284	83.39220211344589
droplethic	BC236841	190308	161340	84.77835929125418	190308	161340	84.77835929125418
droplethic	BC657083	327174	276032	84.36856229406982	327174	276032	84.36856229406982
droplethic	BC105606	210094	174886	83.24178700962426	210094	174886	83.24178700962426
droplethic	BC31724	252878	212862	84.17576855242449	252878	212862	84.17576855242449
droplethic	BC70950	287590	247994	86.23178830974652	287590	247994	86.23178830974652
droplethic	BC421797	281686	240068	85.22539281327435	281686	240068	85.22539281327435
droplethic	BC396428	320298	261288	81.5765318547103	320298	261288	81.5765318547103
droplethic	BC316857	312848	266020	85.0317086892037	312848	266020	85.0317086892037
droplethic	BC681020	190054	164252	86.42385848232608	190054	164252	86.42385848232608
droplethic	BC297629	290148	250552	86.35317148489736	290148	250552	86.35317148489736
droplethic	BC303597	234254	202800	86.57269459646366	234254	202800	86.57269459646366
droplethic	BC237012	289830	235710	81.32698478418384	289830	235710	81.32698478418384
droplethic	BC700170	275396	232104	84.28009121410624	275396	232104	84.28009121410624
droplethic	BC168549	270608	227924	84.22663040264885	270608	227924	84.22663040264885
droplethic	BC149639	364906	301210	82.54454571862343	364906	301210	82.54454571862343
droplethic	BC89742	295438	255272	86.40459250333403	295438	255272	86.40459250333403
droplethic	BC663549	129902	108412	83.45675971116688	129902	108412	83.45675971116688
droplethic	BC402431	335132	277624	82.84019431149517	335132	277624	82.84019431149517
droplethic	BC250989	297372	251602	84.60850382685659	297372	251602	84.60850382685659
droplethic	BC251113	305664	261590	85.5808992881072	305664	261590	85.5808992881072
droplethic	BC290656	285574	217950	76.31997310679543	285574	217950	76.31997310679543
droplethic	BC594031	237032	205890	86.86168956090317	237032	205890	86.86168956090317
droplethic	BC144950	289868	246170	84.92486235113914	289868	246170	84.92486235113914
droplethic	BC181457	402876	335576	83.29510817224158	402876	335576	83.29510817224158
droplethic	BC323528	265908	226692	85.25204205965973	265908	226692	85.25204205965973
droplethic	BC357620	209344	180944	86.43381228981963	209344	180944	86.43381228981963
droplethic	BC381652	290586	246026	84.6654690866043	290586	246026	84.6654690866043
droplethic	BC551361	163690	141390	86.37668764127314	163690	141390	86.37668764127314
droplethic	BC578554	234828	200092	85.20789684364726	234828	200092	85.20789684364726
droplethic	BC168664	216416	183920	84.98447434570457	216416	183920	84.98447434570457
droplethic	BC212071	109712	93206	84.95515531573574	109712	93206	84.95515531573574
droplethic	BC298592	245634	200066	81.44882223145004	245634	200066	81.44882223145004
droplethic	BC36237	342714	287034	83.75321696808417	342714	287034	83.75321696808417
droplethic	BC51131	478126	402680	84.22047744736743	478126	402680	84.22047744736743
droplethic	BC20509	159982	135118	84.45825155329975	159982	135118	84.45825155329975
droplethic	BC501293	372872	307882	82.57042631251475	372872	307882	82.57042631251475
droplethic	BC676216	222744	188228	84.50418417555579	222744	188228	84.50418417555579
droplethic	BC99288	298510	246634	82.62168771565442	298510	246634	82.62168771565442
droplethic	BC629906	257490	205056	79.63649073750437	257490	205056	79.63649073750437
droplethic	BC729991	260512	220820	84.76384964992016	260512	220820	84.76384964992016
droplethic	BC368739	236516	200958	84.9659219672242	236516	200958	84.9659219672242
droplethic	BC57913	250046	211460	84.56843940714909	250046	211460	84.56843940714909
droplethic	BC366670	387784	325850	84.02873764776267	387784	325850	84.02873764776267
droplethic	BC449590	569384	435116	76.41872620235202	569384	435116	76.41872620235202
droplethic	BC185044	401860	338180	84.15368536306177	401860	338180	84.15368536306177
droplethic	BC149785	269200	225438	83.74368499257058	269200	225438	83.74368499257058
droplethic	BC238116	116482	101382	87.03662368434608	116482	101382	87.03662368434608
droplethic	BC378424	275664	230598	83.65183701897963	275664	230598	83.65183701897963
droplethic	BC593449	193372	164804	85.22640299526302	193372	164804	85.22640299526302
droplethic	BC286769	206162	175328	85.04380050639789	206162	175328	85.04380050639789
droplethic	BC230981	454680	385270	84.73431864168207	454680	385270	84.73431864168207
droplethic	BC657550	381872	319348	83.6269744835966	381872	319348	83.6269744835966
droplethic	BC248103	254956	216556	84.93857763692559	254956	216556	84.93857763692559
droplethic	BC239287	150234	125192	83.33133644847372	150234	125192	83.33133644847372
droplethic	BC327613	273466	228038	83.38806286704745	273466	228038	83.38806286704745
droplethic	BC600934	275170	232254	84.40382309118	275170	232254	84.40382309118
droplethic	BC176937	295790	247466	83.66273369620339	295790	247466	83.66273369620339
droplethic	BC309167	215990	182202	84.35668317977684	215990	182202	84.35668317977684
droplethic	BC247777	391964	327546	83.56532742802911	391964	327546	83.56532742802911
droplethic	BC310084	225262	180926	80.31802967211513	225262	180926	80.31802967211513
droplethic	BC490855	255364	216224	84.67285913441205	255364	216224	84.67285913441205
droplethic	BC199251	315430	265218	84.08141267476144	315430	265218	84.08141267476144
droplethic	BC689994	259482	226714	87.37176374469135	259482	226714	87.37176374469135
droplethic	BC452024	108834	96182	88.37495635555065	108834	96182	88.37495635555065
droplethic	BC478801	99908	87228	87.30832365776514	99908	87228	87.30832365776514
droplethic	BC177002	363892	301728	82.91690941268288	363892	301728	82.91690941268288
droplethic	BC299015	304322	262062	86.11339305078174	304322	262062	86.11339305078174
droplethic	BC720425	280892	236038	84.03158509320308	280892	236038	84.03158509320308
droplethic	BC111599	263916	225198	85.3294229982267	263916	225198	85.3294229982267
droplethic	BC550164	453928	388804	85.65323134946512	453928	388804	85.65323134946512
droplethic	BC672822	256842	208090	81.01868074536097	256842	208090	81.01868074536097
droplethic	BC231476	308736	258984	83.88526119402985	308736	258984	83.88526119402985
droplethic	BC473893	289712	244496	84.39277627436903	289712	244496	84.39277627436903
droplethic	BC554502	230442	194616	84.45335485718749	230442	194616	84.45335485718749
droplethic	BC10086	360632	299120	82.94327735752789	360632	299120	82.94327735752789
droplethic	BC194068	283526	244154	86.11344285885598	283526	244154	86.11344285885598
droplethic	BC192279	291662	245914	84.31472046409885	291662	245914	84.31472046409885
droplethic	BC458896	162228	135490	83.51825825381562	162228	135490	83.51825825381562
droplethic	BC429430	255928	216788	84.70663624144291	255928	216788	84.70663624144291
droplethic	BC321879	203796	170838	83.82794559265147	203796	170838	83.82794559265147
droplethic	BC392677	287530	241926	84.13939415017563	287530	241926	84.13939415017563
droplethic	BC201509	323566	271884	84.02736999561141	323566	271884	84.02736999561141
droplethic	BC205031	286830	237736	82.88393822124604	286830	237736	82.88393822124604
droplethic	BC536212	232374	196372	84.5068725416785	232374	196372	84.5068725416785
droplethic	BC550717	420500	352338	83.79024970273484	420500	352338	83.79024970273484
droplethic	BC3177	304266	259328	85.23068630737578	304266	259328	85.23068630737578
droplethic	BC297464	208822	176136	84.34743465726791	208822	176136	84.34743465726791
droplethic	BC481930	195624	163146	83.39774260826893	195624	163146	83.39774260826893
droplethic	BC29140	313544	258594	82.4745490266119	313544	258594	82.4745490266119
droplethic	BC229711	245456	210056	85.5778632422919	245456	210056	85.5778632422919
droplethic	BC310472	213832	181956	85.09297018219911	213832	181956	85.09297018219911
droplethic	BC625491	302230	255560	84.55811798961057	302230	255560	84.55811798961057
droplethic	BC602170	244446	207310	84.80809667574843	244446	207310	84.80809667574843
droplethic	BC466928	403906	338222	83.73780037929617	403906	338222	83.73780037929617
droplethic	BC707949	103496	91678	88.5812012058437	103496	91678	88.5812012058437
droplethic	BC565700	455456	383724	84.25050937961076	455456	383724	84.25050937961076
droplethic	BC727584	243712	204952	84.09598214285714	243712	204952	84.09598214285714
droplethic	BC396954	358836	304012	84.72171131101673	358836	304012	84.72171131101673
droplethic	BC517200	286460	236114	82.4247713467849	286460	236114	82.4247713467849
droplethic	BC312705	316732	271850	85.82966040690552	316732	271850	85.82966040690552
droplethic	BC102583	245042	209964	85.68490299622106	245042	209964	85.68490299622106
droplethic	BC717301	277646	228098	82.1542539780872	277646	228098	82.1542539780872
droplethic	BC490904	195644	146062	74.65703011592484	195644	146062	74.65703011592484
droplethic	BC208503	202016	167542	82.935015048313	202016	167542	82.935015048313
droplethic	BC396773	287168	244812	85.250445732115	287168	244812	85.250445732115
droplethic	BC262479	295706	246588	83.38958289652561	295706	246588	83.38958289652561
droplethic	BC265328	212122	181344	85.49042532127737	212122	181344	85.49042532127737
droplethic	BC442916	335198	284372	84.83702170060681	335198	284372	84.83702170060681
droplethic	BC141504	213816	180750	84.53530138062634	213816	180750	84.53530138062634
droplethic	BC34366	278182	239132	85.9624274755376	278182	239132	85.9624274755376
droplethic	BC701086	267446	217448	81.30538501230154	267446	217448	81.30538501230154
droplethic	BC400962	121236	102548	84.58543666897621	121236	102548	84.58543666897621
droplethic	BC652320	248950	209376	84.10363526812613	248950	209376	84.10363526812613
droplethic	BC135457	193184	162688	84.21401358290542	193184	162688	84.21401358290542
droplethic	BC233344	222544	184476	82.89416924293623	222544	184476	82.89416924293623
droplethic	BC542154	306786	260046	84.76462420058282	306786	260046	84.76462420058282
droplethic	BC252697	366394	299808	81.82666746726201	366394	299808	81.82666746726201
droplethic	BC29042	287502	244788	85.14305987436609	287502	244788	85.14305987436609
droplethic	BC404410	408352	342614	83.90163388449182	408352	342614	83.90163388449182
droplethic	BC6439	329030	275462	83.7194176822782	329030	275462	83.7194176822782
droplethic	BC55259	180324	150638	83.5374104389876	180324	150638	83.5374104389876
droplethic	BC455568	284476	235644	82.83440430827206	284476	235644	82.83440430827206
droplethic	BC191902	402788	341364	84.75029047538655	402788	341364	84.75029047538655
droplethic	BC410362	342200	294424	86.03857393337229	342200	294424	86.03857393337229
droplethic	BC600363	248460	203370	81.85220961120503	248460	203370	81.85220961120503
droplethic	BC215642	415968	351490	84.49928840680052	415968	351490	84.49928840680052
droplethic	BC66966	460154	385292	83.73109871912446	460154	385292	83.73109871912446
droplethic	BC687066	108230	92880	85.81724106070406	108230	92880	85.81724106070406
droplethic	BC732017	198106	168616	85.11402986280072	198106	168616	85.11402986280072
droplethic	BC509153	325654	274992	84.44299778292297	325654	274992	84.44299778292297
droplethic	BC656151	153462	129678	84.50170074676467	153462	129678	84.50170074676467
droplethic	BC370844	221686	182358	82.25959239645265	221686	182358	82.25959239645265
droplethic	BC268685	161360	135830	84.17823500247893	161360	135830	84.17823500247893
droplethic	BC662014	192142	163992	85.34937702324322	192142	163992	85.34937702324322
droplethic	BC240311	228358	189482	82.97585370339554	228358	189482	82.97585370339554
droplethic	BC317258	273664	232058	84.7966849859682	273664	232058	84.7966849859682
droplethic	BC590478	429532	363616	84.6539955113938	429532	363616	84.6539955113938
droplethic	BC109493	361988	301998	83.4276274351636	361988	301998	83.4276274351636
droplethic	BC218984	362824	307478	84.74577205477036	362824	307478	84.74577205477036
droplethic	BC198390	394104	331306	84.0656273470962	394104	331306	84.0656273470962
droplethic	BC526731	265562	224974	84.71618680383489	265562	224974	84.71618680383489
droplethic	BC4649	225876	197020	87.22484903221236	225876	197020	87.22484903221236
droplethic	BC612045	368700	311698	84.53973420124763	368700	311698	84.53973420124763
droplethic	BC623537	262506	222400	84.7218730238547	262506	222400	84.7218730238547
droplethic	BC480668	328362	281274	85.65972920130831	328362	281274	85.65972920130831
droplethic	BC585817	376410	311040	82.63329879652507	376410	311040	82.63329879652507
droplethic	BC322226	189198	159868	84.49772196323428	189198	159868	84.49772196323428
droplethic	BC372692	267614	221516	82.77444378844156	267614	221516	82.77444378844156
droplethic	BC259417	289210	243212	84.09529407696829	289210	243212	84.09529407696829
droplethic	BC474403	251616	210296	83.57815083301539	251616	210296	83.57815083301539
droplethic	BC99390	198200	173622	87.59939455095862	198200	173622	87.59939455095862
droplethic	BC271964	281308	241914	85.99613235315029	281308	241914	85.99613235315029
droplethic	BC487940	253592	207128	81.67765544654405	253592	207128	81.67765544654405
droplethic	BC646597	225616	192482	85.31398482377136	225616	192482	85.31398482377136
droplethic	BC116046	309904	260464	84.04667251794103	309904	260464	84.04667251794103
droplethic	BC494535	380006	316796	83.3660521149666	380006	316796	83.3660521149666
droplethic	BC123762	271792	232510	85.54703596868194	271792	232510	85.54703596868194
droplethic	BC130615	364774	309250	84.77852039893195	364774	309250	84.77852039893195
droplethic	BC343682	374022	312458	83.54000566811578	374022	312458	83.54000566811578
droplethic	BC594658	171740	145982	85.00174682659835	171740	145982	85.00174682659835
droplethic	BC354525	264284	228836	86.58715624101346	264284	228836	86.58715624101346
droplethic	BC9909	155472	128742	82.8071935782649	155472	128742	82.8071935782649
droplethic	BC384917	338034	287476	85.04351633267659	338034	287476	85.04351633267659
droplethic	BC635174	207938	178310	85.75152208831479	207938	178310	85.75152208831479
droplethic	BC366122	358548	301794	84.1711569998996	358548	301794	84.1711569998996
droplethic	BC643759	317408	260404	82.04078032059684	317408	260404	82.04078032059684
droplethic	BC679408	277020	235466	84.99963901523356	277020	235466	84.99963901523356
droplethic	BC200852	221308	180834	81.71146095034973	221308	180834	81.71146095034973
droplethic	BC280387	240694	202002	83.92481740300963	240694	202002	83.92481740300963
droplethic	BC354838	227558	192690	84.67731303667637	227558	192690	84.67731303667637
droplethic	BC245363	278602	238260	85.5198455143897	278602	238260	85.5198455143897
droplethic	BC380538	259390	214792	82.80658467944022	259390	214792	82.80658467944022
droplethic	BC22774	217312	185484	85.35377705787072	217312	185484	85.35377705787072
droplethic	BC423899	142510	121390	85.17998736930741	142510	121390	85.17998736930741
droplethic	BC41210	222046	189084	85.15532817524297	222046	189084	85.15532817524297
droplethic	BC651815	236158	203108	86.00513215728454	236158	203108	86.00513215728454
droplethic	BC672946	280992	243266	86.57399498918119	280992	243266	86.57399498918119
droplethic	BC10756	289254	245130	84.74558692360348	289254	245130	84.74558692360348
droplethic	BC149865	228286	189790	83.13694225664298	228286	189790	83.13694225664298
droplethic	BC609326	228274	191858	84.0472414729667	228274	191858	84.0472414729667
droplethic	BC101780	358112	279898	78.15934679653293	358112	279898	78.15934679653293
droplethic	BC131255	126660	106878	84.38180956892468	126660	106878	84.38180956892468
droplethic	BC33636	298644	254624	85.26004205676324	298644	254624	85.26004205676324
droplethic	BC343269	263124	225926	85.86293914656208	263124	225926	85.86293914656208
droplethic	BC416676	306144	257982	84.26818751959863	306144	257982	84.26818751959863
droplethic	BC419514	297014	246898	83.12672129933269	297014	246898	83.12672129933269
droplethic	BC325409	250750	211560	84.37088733798605	250750	211560	84.37088733798605
droplethic	BC435003	276484	234190	84.70291228425515	276484	234190	84.70291228425515
droplethic	BC566748	355740	298828	84.00179906673414	355740	298828	84.00179906673414
droplethic	BC574066	301182	260070	86.34978185947368	301182	260070	86.34978185947368
droplethic	BC717569	295448	245168	82.98177682705587	295448	245168	82.98177682705587
droplethic	BC371920	384038	319824	83.2792588233456	384038	319824	83.2792588233456
droplethic	BC289433	229914	197092	85.72422731978044	229914	197092	85.72422731978044
droplethic	BC337145	315578	265308	84.07049921097162	315578	265308	84.07049921097162
droplethic	BC507164	192544	161970	84.12103207578528	192544	161970	84.12103207578528
droplethic	BC141565	186830	157994	84.56564791521704	186830	157994	84.56564791521704
droplethic	BC253821	136272	113758	83.47863097334742	136272	113758	83.47863097334742
droplethic	BC188954	328436	272088	82.84353724926622	328436	272088	82.84353724926622
droplethic	BC399907	372114	314208	84.43863977168287	372114	314208	84.43863977168287
droplethic	BC613637	277970	236804	85.19048818217793	277970	236804	85.19048818217793
droplethic	BC506366	320014	264988	82.80512727568168	320014	264988	82.80512727568168
droplethic	BC681730	277326	236246	85.18710831296019	277326	236246	85.18710831296019
droplethic	BC368279	286766	239962	83.67867878339831	286766	239962	83.67867878339831
droplethic	BC223946	290438	245918	84.6714272925719	290438	245918	84.6714272925719
droplethic	BC131777	230480	193354	83.89187782020132	230480	193354	83.89187782020132
droplethic	BC318791	265108	214410	80.87647298459495	265108	214410	80.87647298459495
droplethic	BC142168	371170	309746	83.45124875394025	371170	309746	83.45124875394025
droplethic	BC518394	308408	266934	86.55222951415008	308408	266934	86.55222951415008
droplethic	BC556984	278708	230434	82.67936334802015	278708	230434	82.67936334802015
droplethic	BC618806	232612	195758	84.15644936632675	232612	195758	84.15644936632675
droplethic	BC59908	208880	179898	86.12504787437763	208880	179898	86.12504787437763
droplethic	BC383191	283604	243434	85.83588383802767	283604	243434	85.83588383802767
droplethic	BC423758	259586	214930	82.79722327090059	259586	214930	82.79722327090059
droplethic	BC732341	363318	309176	85.0979032142641	363318	309176	85.0979032142641
droplethic	BC297574	320634	266406	83.08725836935571	320634	266406	83.08725836935571
droplethic	BC233097	238446	198174	83.11064140308497	238446	198174	83.11064140308497
droplethic	BC452898	240854	201948	83.84664568576814	240854	201948	83.84664568576814
droplethic	BC143435	226992	194262	85.58098963840135	226992	194262	85.58098963840135
droplethic	BC570479	140022	117278	83.75683821113824	140022	117278	83.75683821113824
droplethic	BC159847	378214	320588	84.76365232381667	378214	320588	84.76365232381667
droplethic	BC186722	265632	225126	84.75108420672208	265632	225126	84.75108420672208
droplethic	BC523318	292498	241942	82.71577925319147	292498	241942	82.71577925319147
droplethic	BC570261	326716	273120	83.59553863294114	326716	273120	83.59553863294114
droplethic	BC719342	376602	316708	84.09620766751105	376602	316708	84.09620766751105
droplethic	BC139033	303328	251388	82.87662200654077	303328	251388	82.87662200654077
droplethic	BC321526	392804	329442	83.86930886650849	392804	329442	83.86930886650849
droplethic	BC568420	278872	231304	82.9427120686193	278872	231304	82.9427120686193
droplethic	BC705103	365468	303224	82.96868672496635	365468	303224	82.96868672496635
droplethic	BC729651	297524	252082	84.7266102902623	297524	252082	84.7266102902623
droplethic	BC51166	287794	244720	85.03304446930791	287794	244720	85.03304446930791
droplethic	BC80983	235952	198966	84.32477792093307	235952	198966	84.32477792093307
droplethic	BC254106	315862	267270	84.61606651005819	315862	267270	84.61606651005819
droplethic	BC203117	233370	201916	86.52183228349831	233370	201916	86.52183228349831
droplethic	BC241649	295048	253668	85.97516336324937	295048	253668	85.97516336324937
droplethic	BC153705	288818	239232	82.831402474915	288818	239232	82.831402474915
droplethic	BC139903	331386	274394	82.80192886844948	331386	274394	82.80192886844948
droplethic	BC28349	357278	293920	82.2664703676129	357278	293920	82.2664703676129
droplethic	BC409824	222704	188534	84.65676413535455	222704	188534	84.65676413535455
droplethic	BC64788	365482	308664	84.4539539566928	365482	308664	84.4539539566928
droplethic	BC411221	249628	206474	82.71267646257631	249628	206474	82.71267646257631
droplethic	BC51999	271738	227658	83.77849251852888	271738	227658	83.77849251852888
droplethic	BC592591	257504	216904	84.2332546290543	257504	216904	84.2332546290543
droplethic	BC113144	243508	206962	84.99186885030471	243508	206962	84.99186885030471
droplethic	BC83851	469478	393250	83.7632434320671	469478	393250	83.7632434320671
droplethic	BC701578	233786	199984	85.541478103907	233786	199984	85.541478103907
droplethic	BC154036	335580	279850	83.39293164074141	335580	279850	83.39293164074141
droplethic	BC618757	377868	313216	82.890321487927	377868	313216	82.890321487927
droplethic	BC428636	240274	203164	84.55513288995064	240274	203164	84.55513288995064
droplethic	BC334788	343320	288376	83.99627169987184	343320	288376	83.99627169987184
droplethic	BC205455	335898	282632	84.1422098375102	335898	282632	84.1422098375102
droplethic	BC418458	346664	288006	83.07929291763783	346664	288006	83.07929291763783
droplethic	BC627233	181910	153848	84.57369028640537	181910	153848	84.57369028640537
droplethic	BC527955	259910	214848	82.6624600823362	259910	214848	82.6624600823362
droplethic	BC34399	312990	264346	84.45828940221732	312990	264346	84.45828940221732
droplethic	BC688603	260106	219638	84.44172760336171	260106	219638	84.44172760336171
droplethic	BC691890	179924	147140	81.77897334430092	179924	147140	81.77897334430092
droplethic	BC202715	108104	90826	84.0172426552209	108104	90826	84.0172426552209
droplethic	BC531189	277736	233782	84.17417979664141	277736	233782	84.17417979664141
droplethic	BC368930	400798	335712	83.76089701046412	400798	335712	83.76089701046412
droplethic	BC320264	366778	312420	85.17959092421029	366778	312420	85.17959092421029
droplethic	BC708500	244428	201628	82.48973112736675	244428	201628	82.48973112736675
droplethic	BC319415	188124	154654	82.20854330122685	188124	154654	82.20854330122685
droplethic	BC112998	322706	273530	84.76136173482985	322706	273530	84.76136173482985
droplethic	BC143246	239792	202578	84.4807166210716	239792	202578	84.4807166210716
droplethic	BC69147	219848	189282	86.09675775990685	219848	189282	86.09675775990685
droplethic	BC295085	213294	181898	85.2804110757921	213294	181898	85.2804110757921
droplethic	BC86315	233450	191134	81.8736346112658	233450	191134	81.8736346112658
droplethic	BC721467	180154	149586	83.03229459240427	180154	149586	83.03229459240427
droplethic	BC253623	267126	225690	84.48821904269896	267126	225690	84.48821904269896
droplethic	BC14881	232014	195434	84.23371003473929	232014	195434	84.23371003473929
droplethic	BC242578	296040	249876	84.40616132955006	296040	249876	84.40616132955006
droplethic	BC293706	241532	209478	86.72888064521472	241532	209478	86.72888064521472
droplethic	BC4530	363332	304568	83.82636266555106	363332	304568	83.82636266555106
droplethic	BC450091	373548	308104	82.48043089509247	373548	308104	82.48043089509247
droplethic	BC487499	263964	216072	81.85661681138338	263964	216072	81.85661681138338
droplethic	BC737098	320126	270090	84.36990435016213	320126	270090	84.36990435016213
droplethic	BC168238	207350	174314	84.06751868820834	207350	174314	84.06751868820834
droplethic	BC581103	215492	174268	80.86982347372525	215492	174268	80.86982347372525
droplethic	BC17238	419606	354526	84.49021224672668	419606	354526	84.49021224672668
droplethic	BC227998	395028	334906	84.78031936976619	395028	334906	84.78031936976619
droplethic	BC321132	208218	178676	85.8119855151812	208218	178676	85.8119855151812
droplethic	BC447316	265084	226878	85.5872100918954	265084	226878	85.5872100918954
droplethic	BC462587	210888	179142	84.94651189256857	210888	179142	84.94651189256857
droplethic	BC37833	321858	270898	84.1669307582847	321858	270898	84.1669307582847
droplethic	BC160563	290026	248536	85.69438602056367	290026	248536	85.69438602056367
droplethic	BC600418	206358	169620	82.19695868345303	206358	169620	82.19695868345303
droplethic	BC627158	314456	262498	83.4768616276999	314456	262498	83.4768616276999
droplethic	BC367877	214326	176924	82.54901411867903	214326	176924	82.54901411867903
droplethic	BC374985	287790	246330	85.59366204524132	287790	246330	85.59366204524132
droplethic	BC217440	377652	318560	84.35279039962717	377652	318560	84.35279039962717
droplethic	BC215137	489224	408986	83.59892401026933	489224	408986	83.59892401026933
droplethic	BC241241	146092	123036	84.21816389672261	146092	123036	84.21816389672261
droplethic	BC464555	158710	136970	86.30206036166594	158710	136970	86.30206036166594
droplethic	BC52238	322526	267848	83.04694815301713	322526	267848	83.04694815301713
droplethic	BC104251	241908	204704	84.62059956677746	241908	204704	84.62059956677746
droplethic	BC109934	273202	231428	84.70948236103689	273202	231428	84.70948236103689
droplethic	BC229124	426922	357792	83.80734654105434	426922	357792	83.80734654105434
droplethic	BC29355	270140	226482	83.83875027763382	270140	226482	83.83875027763382
droplethic	BC444403	244404	200360	81.97901834667191	244404	200360	81.97901834667191
droplethic	BC472824	266774	225674	84.59370103533328	266774	225674	84.59370103533328
droplethic	BC198187	293768	247660	84.30462133384167	293768	247660	84.30462133384167
droplethic	BC694505	355380	295476	83.14367719061286	355380	295476	83.14367719061286
droplethic	BC328697	310430	265188	85.42602196952615	310430	265188	85.42602196952615
droplethic	BC416155	230326	195016	84.66955532592934	230326	195016	84.66955532592934
droplethic	BC114903	478434	403710	84.38154478987697	478434	403710	84.38154478987697
droplethic	BC343845	230048	200254	87.04878981777716	230048	200254	87.04878981777716
droplethic	BC185438	342264	290274	84.80997125026296	342264	290274	84.80997125026296
droplethic	BC35459	213574	179830	84.20032400947682	213574	179830	84.20032400947682
droplethic	BC385011	243606	205836	84.4954557769513	243606	205836	84.4954557769513
droplethic	BC604633	318974	267242	83.78175023669641	318974	267242	83.78175023669641
droplethic	BC191300	189068	163424	86.43662597583938	189068	163424	86.43662597583938
droplethic	BC458271	208656	181292	86.88559159573653	208656	181292	86.88559159573653
droplethic	BC172782	210632	177682	84.35660298530138	210632	177682	84.35660298530138
droplethic	BC472321	338276	285714	84.46180042332297	338276	285714	84.46180042332297
droplethic	BC92775	250374	213680	85.34432488996461	250374	213680	85.34432488996461
droplethic	BC239131	331526	283392	85.48107840712342	331526	283392	85.48107840712342
droplethic	BC125996	221960	181472	81.75887547305821	221960	181472	81.75887547305821
droplethic	BC401849	210486	182466	86.6879507425672	210486	182466	86.6879507425672
droplethic	BC544566	277624	232122	83.6102066103795	277624	232122	83.6102066103795
droplethic	BC640065	340490	285728	83.91670827337073	340490	285728	83.91670827337073
droplethic	BC373932	256500	206726	80.59493177387914	256500	206726	80.59493177387914
droplethic	BC435414	328744	283072	86.10712286764169	328744	283072	86.10712286764169
droplethic	BC665187	235266	200930	85.40545595198627	235266	200930	85.40545595198627
droplethic	BC398486	253258	207192	81.8106436914135	253258	207192	81.8106436914135
droplethic	BC396290	313372	264696	84.46702321841134	313372	264696	84.46702321841134
droplethic	BC461867	414120	347576	83.93122766347919	414120	347576	83.93122766347919
droplethic	BC284381	244562	207334	84.77768418642307	244562	207334	84.77768418642307
droplethic	BC45063	154636	128974	83.40489924726454	154636	128974	83.40489924726454
droplethic	BC690550	313188	260758	83.25925642106338	313188	260758	83.25925642106338
droplethic	BC122112	229866	198218	86.23197863102851	229866	198218	86.23197863102851
droplethic	BC483066	396104	333096	84.0930664673924	396104	333096	84.0930664673924
droplethic	BC728362	359532	293294	81.57660514224047	359532	293294	81.57660514224047
droplethic	BC8074	361768	308754	85.34585701333451	361768	308754	85.34585701333451
droplethic	BC201260	208676	174604	83.67229580785524	208676	174604	83.67229580785524
droplethic	BC574646	284354	239762	84.31813865815145	284354	239762	84.31813865815145
droplethic	BC316782	271736	227138	83.58774693084465	271736	227138	83.58774693084465
droplethic	BC734878	277260	236824	85.41585515400708	277260	236824	85.41585515400708
droplethic	BC562206	228190	197150	86.39730049520136	228190	197150	86.39730049520136
droplethic	BC436321	185826	156436	84.18412923918073	185826	156436	84.18412923918073
droplethic	BC191443	265030	214552	80.95385428064748	265030	214552	80.95385428064748
droplethic	BC418374	304434	258928	85.05226091698036	304434	258928	85.05226091698036
droplethic	BC139836	199984	169844	84.92879430354428	199984	169844	84.92879430354428
droplethic	BC63199	144582	118512	81.96870979790015	144582	118512	81.96870979790015
droplethic	BC166578	199346	169538	85.04710403017869	199346	169538	85.04710403017869
droplethic	BC663785	279572	237916	85.10008155323136	279572	237916	85.10008155323136
droplethic	BC571427	278980	237942	85.28998494515736	278980	237942	85.28998494515736
droplethic	BC367618	342986	284986	83.08968879196236	342986	284986	83.08968879196236
droplethic	BC736930	365416	311996	85.38104516496267	365416	311996	85.38104516496267
droplethic	BC697481	244308	209010	85.55184439314309	244308	209010	85.55184439314309
droplethic	BC107737	288696	233038	80.72089672181117	288696	233038	80.72089672181117
droplethic	BC145807	338468	285846	84.45288771759812	338468	285846	84.45288771759812
droplethic	BC592025	256050	215460	84.14762741652021	256050	215460	84.14762741652021
droplethic	BC379939	289172	246930	85.3920849874815	289172	246930	85.3920849874815
droplethic	BC424748	212814	180488	84.81020985461483	212814	180488	84.81020985461483
droplethic	BC55826	405596	344372	84.90517657965069	405596	344372	84.90517657965069
droplethic	BC332827	261138	222168	85.0768559152632	261138	222168	85.0768559152632
droplethic	BC596156	215042	184790	85.93205048316143	215042	184790	85.93205048316143
droplethic	BC696820	191568	161830	84.47653052701912	191568	161830	84.47653052701912
droplethic	BC655795	239938	203632	84.86859105268861	239938	203632	84.86859105268861
droplethic	BC331366	435854	364704	83.67572627531237	435854	364704	83.67572627531237
droplethic	BC419571	188196	158570	84.25790133690408	188196	158570	84.25790133690408
droplethic	BC260028	394552	331702	84.07054076522233	394552	331702	84.07054076522233
droplethic	BC77412	329490	273336	82.95729764181007	329490	273336	82.95729764181007
droplethic	BC502893	219904	187486	85.25811263096624	219904	187486	85.25811263096624
droplethic	BC439686	236366	200198	84.69830686308522	236366	200198	84.69830686308522
droplethic	BC730870	237686	198370	83.45884906978114	237686	198370	83.45884906978114
droplethic	BC341517	360674	305782	84.78071610373911	360674	305782	84.78071610373911
droplethic	BC595996	402770	340398	84.51423889564764	402770	340398	84.51423889564764
droplethic	BC676943	252990	210894	83.36060713862209	252990	210894	83.36060713862209
droplethic	BC315506	329490	271096	82.27745910346293	329490	271096	82.27745910346293
droplethic	BC337577	348580	296438	85.04159733777038	348580	296438	85.04159733777038
droplethic	BC331236	257728	222040	86.15284330767321	257728	222040	86.15284330767321
droplethic	BC564922	238612	198300	83.10562754597422	238612	198300	83.10562754597422
droplethic	BC391055	147238	123988	84.20923946263872	147238	123988	84.20923946263872
droplethic	BC63428	283924	238310	83.93443315816909	283924	238310	83.93443315816909
droplethic	BC162519	368024	301856	82.02073777797101	368024	301856	82.02073777797101
droplethic	BC654739	290370	249440	85.90419120432551	290370	249440	85.90419120432551
droplethic	BC288427	190638	163452	85.73946432505586	190638	163452	85.73946432505586
droplethic	BC351118	389994	326050	83.60385031564589	389994	326050	83.60385031564589
droplethic	BC108209	298876	244186	81.70144140044701	298876	244186	81.70144140044701
droplethic	BC253833	301508	251820	83.52017193573637	301508	251820	83.52017193573637
droplethic	BC157934	383986	325586	84.79111217596476	383986	325586	84.79111217596476
droplethic	BC26403	140726	120686	85.75956113298183	140726	120686	85.75956113298183
droplethic	BC547997	305534	261192	85.4870489045409	305534	261192	85.4870489045409
droplethic	BC367744	215252	182132	84.61338338319737	215252	182132	84.61338338319737
droplethic	BC686491	293580	252836	86.1216704135159	293580	252836	86.1216704135159
droplethic	BC275958	198094	165772	83.68350379112947	198094	165772	83.68350379112947
droplethic	BC333735	299708	252832	84.35944319137293	299708	252832	84.35944319137293
droplethic	BC585446	450922	380186	84.31302974793867	450922	380186	84.31302974793867
droplethic	BC410066	350378	293232	83.69018602766155	350378	293232	83.69018602766155
droplethic	BC298871	401776	344832	85.82692843773646	401776	344832	85.82692843773646
droplethic	BC124295	481214	406676	84.51042571496258	481214	406676	84.51042571496258
droplethic	BC661198	173212	142122	82.05089716647808	173212	142122	82.05089716647808
droplethic	BC337547	248706	209634	84.28988444187112	248706	209634	84.28988444187112
droplethic	BC79219	374180	317564	84.86931423379123	374180	317564	84.86931423379123
droplethic	BC632505	341726	279952	81.92294411311987	341726	279952	81.92294411311987
droplethic	BC7504	383042	321370	83.89941572986774	383042	321370	83.89941572986774
droplethic	BC198266	369074	304140	82.40623831535139	369074	304140	82.40623831535139
droplethic	BC159797	435686	365154	83.81127692879734	435686	365154	83.81127692879734
droplethic	BC295153	215626	180986	83.93514696743435	215626	180986	83.93514696743435
droplethic	BC410155	310106	261612	84.362121339155	310106	261612	84.362121339155
droplethic	BC608062	232302	199560	85.90541622543068	232302	199560	85.90541622543068
droplethic	BC424938	203240	167482	82.40602243652825	203240	167482	82.40602243652825
droplethic	BC83734	290860	248562	85.45760847142955	290860	248562	85.45760847142955
droplethic	BC66774	281650	236334	83.91052725013314	281650	236334	83.91052725013314
droplethic	BC213479	100302	81012	80.76808039720045	100302	81012	80.76808039720045
droplethic	BC155080	418492	352290	84.18082066084895	418492	352290	84.18082066084895
droplethic	BC169978	235960	194600	82.47160535684014	235960	194600	82.47160535684014
droplethic	BC243665	239696	207144	86.41946465522996	239696	207144	86.41946465522996
droplethic	BC257128	372156	312340	83.92717032642226	372156	312340	83.92717032642226
droplethic	BC434565	211798	180580	85.26048404611942	211798	180580	85.26048404611942
droplethic	BC472534	322644	273426	84.74541600029754	322644	273426	84.74541600029754
droplethic	BC507263	309810	264686	85.43494399793421	309810	264686	85.43494399793421
droplethic	BC349658	423592	354614	83.71593420083477	423592	354614	83.71593420083477
droplethic	BC429330	293620	246858	84.0739731625911	293620	246858	84.0739731625911
droplethic	BC724458	225488	189818	84.18097637124814	225488	189818	84.18097637124814
droplethic	BC230758	172674	142358	82.44321669736034	172674	142358	82.44321669736034
droplethic	BC186193	355336	298442	83.98867550712565	355336	298442	83.98867550712565
droplethic	BC567388	303062	257670	85.02220667718157	303062	257670	85.02220667718157
droplethic	BC329179	352126	299832	85.1490659593441	352126	299832	85.1490659593441
droplethic	BC349394	157352	134702	85.60552137881946	157352	134702	85.60552137881946
droplethic	BC351150	313794	263412	83.9442436757873	313794	263412	83.9442436757873
droplethic	BC220085	470210	396476	84.31892133302142	470210	396476	84.31892133302142
droplethic	BC67467	234022	187258	80.01726333421644	234022	187258	80.01726333421644
droplethic	BC112817	234140	191046	81.59477235841804	234140	191046	81.59477235841804
droplethic	BC174544	285010	241508	84.73667590610856	285010	241508	84.73667590610856
droplethic	BC214044	208718	171976	82.39634339156181	208718	171976	82.39634339156181
droplethic	BC301384	237602	207558	87.35532529187465	237602	207558	87.35532529187465
droplethic	BC507574	263280	218520	82.99908842297174	263280	218520	82.99908842297174
droplethic	BC619227	313606	265894	84.78600536979522	313606	265894	84.78600536979522
droplethic	BC561756	307488	263044	85.54610261213446	307488	263044	85.54610261213446
droplethic	BC506052	166766	140898	84.48844488684743	166766	140898	84.48844488684743
droplethic	BC702701	243818	210022	86.13884126684658	243818	210022	86.13884126684658
droplethic	BC417282	437998	364506	83.2209279494427	437998	364506	83.2209279494427
droplethic	BC151241	200462	163210	81.41692689886362	200462	163210	81.41692689886362
droplethic	BC17253	449934	375652	83.49046749078754	449934	375652	83.49046749078754
droplethic	BC497606	320950	275262	85.76476086617853	320950	275262	85.76476086617853
droplethic	BC55328	295362	241014	81.59952871391715	295362	241014	81.59952871391715
droplethic	BC640282	413860	357722	86.43550959261586	413860	357722	86.43550959261586
droplethic	BC353751	245538	209660	85.38800511529783	245538	209660	85.38800511529783
droplethic	BC590729	251740	213718	84.8963216016525	251740	213718	84.8963216016525
droplethic	BC721674	239618	199578	83.2900700281281	239618	199578	83.2900700281281
droplethic	BC7928	350480	294684	84.08011869436201	350480	294684	84.08011869436201
droplethic	BC641210	449034	373048	83.0778961058628	449034	373048	83.0778961058628
droplethic	BC142793	308150	260118	84.41278598085349	308150	260118	84.41278598085349
droplethic	BC400749	144382	123856	85.7835464254547	144382	123856	85.7835464254547
droplethic	BC711858	317802	269046	84.65837219400758	317802	269046	84.65837219400758
droplethic	BC448384	265806	225366	84.78589648089208	265806	225366	84.78589648089208
droplethic	BC271867	239652	202052	84.31058367966885	239652	202052	84.31058367966885
droplethic	BC725378	313242	265386	84.72235523971881	313242	265386	84.72235523971881
droplethic	BC118484	267178	222296	83.20146119815254	267178	222296	83.20146119815254
droplethic	BC11858	340652	290336	85.22950107441025	340652	290336	85.22950107441025
droplethic	BC649255	218230	184112	84.36603583375339	218230	184112	84.36603583375339
droplethic	BC348047	280276	235402	83.98935335169618	280276	235402	83.98935335169618
droplethic	BC608332	244098	203972	83.56152037296496	244098	203972	83.56152037296496
droplethic	BC400970	163744	133814	81.72146765683017	163744	133814	81.72146765683017
droplethic	BC190684	392366	331994	84.61334570273674	392366	331994	84.61334570273674
droplethic	BC460976	228680	194984	85.26499912541543	228680	194984	85.26499912541543
droplethic	BC40780	312736	260654	83.34633684641359	312736	260654	83.34633684641359
droplethic	BC516487	210754	171236	81.24922895888098	210754	171236	81.24922895888098
droplethic	BC41207	250884	210560	83.92723330304045	250884	210560	83.92723330304045
droplethic	BC592620	318762	270672	84.9135091384795	318762	270672	84.9135091384795
droplethic	BC51541	187558	160738	85.70042333571482	187558	160738	85.70042333571482
droplethic	BC428759	265714	228180	85.8742858863289	265714	228180	85.8742858863289
droplethic	BC706267	368456	308618	83.75979764205223	368456	308618	83.75979764205223
droplethic	BC564142	135766	115256	84.89312493555087	135766	115256	84.89312493555087
droplethic	BC545656	324016	273266	84.33719322502593	324016	273266	84.33719322502593
droplethic	BC563664	364940	306614	84.01764673644983	364940	306614	84.01764673644983
droplethic	BC171223	237980	202936	85.27439280611816	237980	202936	85.27439280611816
droplethic	BC641284	220524	184880	83.83667990785584	220524	184880	83.83667990785584
droplethic	BC390557	123980	103240	83.27149540248428	123980	103240	83.27149540248428
droplethic	BC605735	262646	212758	81.00561211668938	262646	212758	81.00561211668938
droplethic	BC656167	295252	248014	84.0007857694444	295252	248014	84.0007857694444
droplethic	BC196103	208894	178540	85.4691853284441	208894	178540	85.4691853284441
droplethic	BC19480	350156	297988	85.10149761820446	350156	297988	85.10149761820446
droplethic	BC212105	350054	293678	83.89505619133048	350054	293678	83.89505619133048
droplethic	BC228188	217004	186976	86.16246705129859	217004	186976	86.16246705129859
droplethic	BC56520	278960	241358	86.52064812159449	278960	241358	86.52064812159449
droplethic	BC51465	231278	197838	85.54121014536618	231278	197838	85.54121014536618
droplethic	BC665124	160576	132476	82.50049820645675	160576	132476	82.50049820645675
droplethic	BC668838	315480	264778	83.92861671104349	315480	264778	83.92861671104349
droplethic	BC128294	271078	228858	84.42514700565889	271078	228858	84.42514700565889
droplethic	BC160325	288722	241070	83.49554242489315	288722	241070	83.49554242489315
droplethic	BC287817	263942	225804	85.55061339233619	263942	225804	85.55061339233619
droplethic	BC259488	299592	246120	82.15172634783305	299592	246120	82.15172634783305
droplethic	BC316665	228450	190648	83.45283431823157	228450	190648	83.45283431823157
droplethic	BC706758	401960	337780	84.03323713802368	401960	337780	84.03323713802368
droplethic	BC40646	247648	206126	83.23346039539992	247648	206126	83.23346039539992
droplethic	BC82988	344480	290464	84.31955411054342	344480	290464	84.31955411054342
droplethic	BC701433	340594	284772	83.61039830413924	340594	284772	83.61039830413924
droplethic	BC211010	310620	251454	80.9522889704462	310620	251454	80.9522889704462
droplethic	BC297306	109874	92526	84.21100533338188	109874	92526	84.21100533338188
droplethic	BC730475	201420	174288	86.52963955913017	201420	174288	86.52963955913017
droplethic	BC20134	289416	244646	84.53091743372862	289416	244646	84.53091743372862
droplethic	BC412604	124946	103550	82.87580234661374	124946	103550	82.87580234661374
droplethic	BC306359	106426	92204	86.63672410877041	106426	92204	86.63672410877041
droplethic	BC554274	386964	323220	83.52714981238564	386964	323220	83.52714981238564
droplethic	BC179684	328010	275402	83.96146458949423	328010	275402	83.96146458949423
droplethic	BC190535	234650	199154	84.8727892606009	234650	199154	84.8727892606009
droplethic	BC611365	197942	165174	83.4456557981631	197942	165174	83.4456557981631
droplethic	BC75594	288534	246388	85.39305593101679	288534	246388	85.39305593101679
droplethic	BC656909	302450	258330	85.41246487022649	302450	258330	85.41246487022649
droplethic	BC361646	259318	215240	83.00233689909686	259318	215240	83.00233689909686
droplethic	BC416850	371270	316358	85.20968567349907	371270	316358	85.20968567349907
droplethic	BC617814	271800	232528	85.55114054451803	271800	232528	85.55114054451803
droplethic	BC174012	284116	227938	80.22709034338087	284116	227938	80.22709034338087
droplethic	BC193211	359630	297542	82.73558935572672	359630	297542	82.73558935572672
droplethic	BC229743	348180	293242	84.22137974610834	348180	293242	84.22137974610834
droplethic	BC159871	274176	233374	85.11831816059757	274176	233374	85.11831816059757
droplethic	BC557871	316608	254996	80.53997372144734	316608	254996	80.53997372144734
droplethic	BC397344	322056	275312	85.48575403035497	322056	275312	85.48575403035497
droplethic	BC244597	289262	243980	84.3456796952244	289262	243980	84.3456796952244
droplethic	BC526027	302360	249130	82.3951580896944	302360	249130	82.3951580896944
droplethic	BC25880	245776	207442	84.402870906842	245776	207442	84.402870906842
droplethic	BC619579	250234	211298	84.44016400648992	250234	211298	84.44016400648992
droplethic	BC90153	191758	156478	81.60181061546324	191758	156478	81.60181061546324
droplethic	BC255260	202918	168380	82.97933155264688	202918	168380	82.97933155264688
droplethic	BC561904	268680	228042	84.87494417150513	268680	228042	84.87494417150513
droplethic	BC665364	258160	221668	85.86458010536101	258160	221668	85.86458010536101
droplethic	BC617473	294570	239164	81.19088841361986	294570	239164	81.19088841361986
droplethic	BC341363	176638	148764	84.21970357454228	176638	148764	84.21970357454228
droplethic	BC267461	330678	278678	84.27473251924833	330678	278678	84.27473251924833
droplethic	BC27800	176518	149672	84.79135272323502	176518	149672	84.79135272323502
droplethic	BC385023	380108	319798	84.13345680701275	380108	319798	84.13345680701275
droplethic	BC472444	324918	279268	85.95030130679125	324918	279268	85.95030130679125
droplethic	BC575564	409086	283058	69.19278586898598	409086	283058	69.19278586898598
droplethic	BC311609	251088	213688	85.10482380679284	251088	213688	85.10482380679284
droplethic	BC639904	339656	283696	83.52450714840897	339656	283696	83.52450714840897
droplethic	BC600783	309570	262494	84.79310010659948	309570	262494	84.79310010659948
droplethic	BC235329	410926	338676	82.41775891523048	410926	338676	82.41775891523048
droplethic	BC567714	218162	185984	85.25041024559731	218162	185984	85.25041024559731
droplethic	BC661872	217244	184094	84.7406602713999	217244	184094	84.7406602713999
droplethic	BC673116	409046	346884	84.8031761708952	409046	346884	84.8031761708952
droplethic	BC64156	292080	250738	85.84565872363736	292080	250738	85.84565872363736
droplethic	BC15114	354742	298894	84.25672742443804	354742	298894	84.25672742443804
droplethic	BC590633	250682	200416	79.94830103477713	250682	200416	79.94830103477713
droplethic	BC94458	213680	185748	86.92811681018345	213680	185748	86.92811681018345
droplethic	BC12224	228382	191612	83.89978194428633	228382	191612	83.89978194428633
droplethic	BC575037	173300	141368	81.57414887478362	173300	141368	81.57414887478362
droplethic	BC684713	269964	222700	82.49248047887866	269964	222700	82.49248047887866
droplethic	BC688832	248540	205888	82.83897964110405	248540	205888	82.83897964110405
droplethic	BC171075	213390	182182	85.37513472983738	213390	182182	85.37513472983738
droplethic	BC144347	212494	174422	82.08325882142555	212494	174422	82.08325882142555
droplethic	BC181627	267548	217992	81.47771614813043	267548	217992	81.47771614813043
droplethic	BC255679	310052	253782	81.85143137280198	310052	253782	81.85143137280198
droplethic	BC337155	341048	285988	83.85564495320307	341048	285988	83.85564495320307
droplethic	BC566727	368632	312684	84.82280431432974	368632	312684	84.82280431432974
droplethic	BC272181	269008	225068	83.66591328138941	269008	225068	83.66591328138941
droplethic	BC702251	214420	181504	84.6488200727544	214420	181504	84.6488200727544
droplethic	BC633942	464934	391242	84.15000838828738	464934	391242	84.15000838828738
droplethic	BC108647	236390	205334	86.86238842590635	236390	205334	86.86238842590635
droplethic	BC206861	240470	201640	83.85245560776812	240470	201640	83.85245560776812
droplethic	BC47702	387032	327254	84.55476549742657	387032	327254	84.55476549742657
droplethic	BC482449	437928	377482	86.19727443780712	437928	377482	86.19727443780712
droplethic	BC548135	297124	252854	85.10049676229453	297124	252854	85.10049676229453
droplethic	BC74287	182512	153908	84.3276058560533	182512	153908	84.3276058560533
droplethic	BC171421	207428	177350	85.49954683070752	207428	177350	85.49954683070752
droplethic	BC279919	366282	311414	85.02028491708575	366282	311414	85.02028491708575
droplethic	BC31756	219722	188500	85.79022583082258	219722	188500	85.79022583082258
droplethic	BC406137	230912	196614	85.1467225609756	230912	196614	85.1467225609756
droplethic	BC294023	360320	306240	84.9911190053286	360320	306240	84.9911190053286
droplethic	BC40007	251820	216646	86.03208641092844	251820	216646	86.03208641092844
droplethic	BC442203	226320	190274	84.07299399080948	226320	190274	84.07299399080948
droplethic	BC488773	255250	209714	82.16023506366308	255250	209714	82.16023506366308
droplethic	BC200491	262972	221890	84.37780448108543	262972	221890	84.37780448108543
droplethic	BC699893	274322	233954	85.28444674506602	274322	233954	85.28444674506602
droplethic	BC154916	201768	173460	85.97002497918402	201768	173460	85.97002497918402
droplethic	BC220736	325344	251464	77.29172814006098	325344	251464	77.29172814006098
droplethic	BC9959	297728	250230	84.0465122527945	297728	250230	84.0465122527945
droplethic	BC209665	136392	109340	80.16599214030148	136392	109340	80.16599214030148
droplethic	BC542578	171858	147956	86.09200619115782	171858	147956	86.09200619115782
droplethic	BC402023	439394	369124	84.00751944723869	439394	369124	84.00751944723869
droplethic	BC273067	350806	296572	84.54017320114251	350806	296572	84.54017320114251
droplethic	BC424802	177826	144700	81.37167793236085	177826	144700	81.37167793236085
droplethic	BC93623	344712	288324	83.64199679732647	344712	288324	83.64199679732647
droplethic	BC99245	305980	262174	85.683377998562	305980	262174	85.683377998562
droplethic	BC106809	254634	218838	85.94217582883668	254634	218838	85.94217582883668
droplethic	BC453954	355686	297498	83.64062684502623	355686	297498	83.64062684502623
droplethic	BC256998	264612	224274	84.75579338805497	264612	224274	84.75579338805497
droplethic	BC176155	263504	221246	83.96305179428016	263504	221246	83.96305179428016
droplethic	BC115627	410978	345786	84.13735041778392	410978	345786	84.13735041778392
droplethic	BC311632	290670	250928	86.32745037327554	290670	250928	86.32745037327554
droplethic	BC661521	186504	156174	83.73761420666581	186504	156174	83.73761420666581
droplethic	BC104328	475824	401984	84.4816570832913	475824	401984	84.4816570832913
droplethic	BC90429	229668	194602	84.73187383527527	229668	194602	84.73187383527527
droplethic	BC368707	284090	240200	84.5506705621458	284090	240200	84.5506705621458
droplethic	BC314756	154718	128992	83.37232901149187	154718	128992	83.37232901149187
droplethic	BC294714	282318	239724	84.91275795379678	282318	239724	84.91275795379678
droplethic	BC1566	339082	284676	83.95491356073163	339082	284676	83.95491356073163
droplethic	BC109276	206206	180088	87.33402519810286	206206	180088	87.33402519810286
droplethic	BC628005	191756	162278	84.62733890986462	191756	162278	84.62733890986462
droplethic	BC670580	268820	227144	84.49668923443197	268820	227144	84.49668923443197
droplethic	BC190610	285532	242864	85.05666615300562	285532	242864	85.05666615300562
droplethic	BC129222	251980	217670	86.38383998730058	251980	217670	86.38383998730058
droplethic	BC330347	329844	274190	83.12717527073404	329844	274190	83.12717527073404
droplethic	BC16546	203928	169786	83.25781648424935	203928	169786	83.25781648424935
droplethic	BC672059	224236	195128	87.01903351825754	224236	195128	87.01903351825754
droplethic	BC613501	245986	211380	85.93171969136455	245986	211380	85.93171969136455
droplethic	BC320613	186244	155804	83.65584931595112	186244	155804	83.65584931595112
droplethic	BC71518	294626	248612	84.38223374719135	294626	248612	84.38223374719135
droplethic	BC517845	239338	202524	84.61840576924683	239338	202524	84.61840576924683
droplethic	BC578112	138558	118054	85.20186492299254	138558	118054	85.20186492299254
droplethic	BC711134	159360	130334	81.78589357429719	159360	130334	81.78589357429719
droplethic	BC38646	283762	246238	86.77624206200971	283762	246238	86.77624206200971
droplethic	BC401306	255126	214174	83.94832357344998	255126	214174	83.94832357344998
droplethic	BC708755	318734	264062	82.8471389936436	318734	264062	82.8471389936436
droplethic	BC26940	392644	330734	84.23253634335428	392644	330734	84.23253634335428
droplethic	BC189532	396914	338234	85.21594098469694	396914	338234	85.21594098469694
droplethic	BC38899	414360	348746	84.16497731441258	414360	348746	84.16497731441258
droplethic	BC342223	200900	169580	84.41015430562469	200900	169580	84.41015430562469
droplethic	BC356573	241778	200292	82.84128415323147	241778	200292	82.84128415323147
droplethic	BC186459	350000	292188	83.48228571428571	350000	292188	83.48228571428571
droplethic	BC472162	168374	140208	83.27176404908121	168374	140208	83.27176404908121
droplethic	BC174181	162524	140706	86.57552115379882	162524	140706	86.57552115379882
droplethic	BC226167	335428	276098	82.3121504465936	335428	276098	82.3121504465936
droplethic	BC229914	260808	224856	86.21514677463881	260808	224856	86.21514677463881
droplethic	BC623570	251544	208592	82.92465731641383	251544	208592	82.92465731641383
droplethic	BC47603	172826	142600	82.51073333873376	172826	142600	82.51073333873376
droplethic	BC674045	341078	292766	85.83549803857183	341078	292766	85.83549803857183
droplethic	BC237085	258464	216764	83.86622508357063	258464	216764	83.86622508357063
droplethic	BC381678	203526	171792	84.40788891836915	203526	171792	84.40788891836915
droplethic	BC448449	285968	242148	84.67660717283053	285968	242148	84.67660717283053
droplethic	BC668496	189018	159376	84.31789565014972	189018	159376	84.31789565014972
droplethic	BC8208	402518	340654	84.63074943232353	402518	340654	84.63074943232353
droplethic	BC496259	298110	246742	82.76877662607762	298110	246742	82.76877662607762
droplethic	BC19874	211952	181672	85.71374650864347	211952	181672	85.71374650864347
droplethic	BC346322	158046	133654	84.56651860850639	158046	133654	84.56651860850639
droplethic	BC560127	186870	157038	84.03596082838337	186870	157038	84.03596082838337
droplethic	BC150239	202362	172014	85.00311323272156	202362	172014	85.00311323272156
droplethic	BC461766	257182	212776	82.73362832546601	257182	212776	82.73362832546601
droplethic	BC640878	191512	161548	84.35398304022725	191512	161548	84.35398304022725
droplethic	BC684659	423200	351654	83.09404536862004	423200	351654	83.09404536862004
droplethic	BC115868	335356	281730	84.00923198034327	335356	281730	84.00923198034327
droplethic	BC613516	317224	262636	82.79197034272312	317224	262636	82.79197034272312
droplethic	BC358320	316694	268622	84.82067863615983	316694	268622	84.82067863615983
droplethic	BC727121	339948	287968	84.70942614752845	339948	287968	84.70942614752845
droplethic	BC542080	418762	356176	85.05451784068278	418762	356176	85.05451784068278
droplethic	BC433702	271844	232184	85.41075028325069	271844	232184	85.41075028325069
droplethic	BC655610	207920	172868	83.14159292035399	207920	172868	83.14159292035399
droplethic	BC348192	215960	183870	85.14076680866827	215960	183870	85.14076680866827
droplethic	BC361425	348018	290612	83.50487618456516	348018	290612	83.50487618456516
droplethic	BC638997	270060	233728	86.54669332740872	270060	233728	86.54669332740872
droplethic	BC539425	208726	179630	86.06019374682599	208726	179630	86.06019374682599
droplethic	BC159464	231084	197988	85.67793529625591	231084	197988	85.67793529625591
droplethic	BC581388	223596	190262	85.0918621084456	223596	190262	85.0918621084456
droplethic	BC594296	318586	266886	83.77204271374134	318586	266886	83.77204271374134
droplethic	BC173707	370360	312038	84.25261907333406	370360	312038	84.25261907333406
droplethic	BC11686	199440	163226	81.84215804251906	199440	163226	81.84215804251906
droplethic	BC228564	351716	293250	83.37692911326184	351716	293250	83.37692911326184
droplethic	BC301972	408344	339982	83.25872303743903	408344	339982	83.25872303743903
droplethic	BC695245	240298	198796	82.728944893424	240298	198796	82.728944893424
droplethic	BC257890	229676	192096	83.63782023372055	229676	192096	83.63782023372055
droplethic	BC19047	291134	250842	86.16032479888986	291134	250842	86.16032479888986
droplethic	BC203992	123974	101680	82.01719715424201	123974	101680	82.01719715424201
droplethic	BC469803	279256	235592	84.36416764545793	279256	235592	84.36416764545793
droplethic	BC267656	321460	270696	84.20829963292478	321460	270696	84.20829963292478
droplethic	BC115670	237528	198962	83.76359839682058	237528	198962	83.76359839682058
droplethic	BC398590	250776	203554	81.16964940823684	250776	203554	81.16964940823684
droplethic	BC551879	234020	196682	84.04495342278437	234020	196682	84.04495342278437
droplethic	BC477692	161324	134928	83.63789640723017	161324	134928	83.63789640723017
droplethic	BC707025	390338	321558	82.37937377349887	390338	321558	82.37937377349887
droplethic	BC154736	230126	191328	83.14054039960718	230126	191328	83.14054039960718
droplethic	BC261554	193562	163874	84.66227875306103	193562	163874	84.66227875306103
droplethic	BC297477	286694	245344	85.57695661576454	286694	245344	85.57695661576454
droplethic	BC181998	260756	216016	82.842197303226	260756	216016	82.842197303226
droplethic	BC409514	223122	185358	83.07473041654342	223122	185358	83.07473041654342
droplethic	BC107113	297470	252542	84.89662823141829	297470	252542	84.89662823141829
droplethic	BC104335	409900	346380	84.50353744815808	409900	346380	84.50353744815808
droplethic	BC370605	173042	142032	82.07949515146612	173042	142032	82.07949515146612
droplethic	BC372355	225706	189144	83.80105092465419	225706	189144	83.80105092465419
droplethic	BC291463	294494	243344	82.63122508438202	294494	243344	82.63122508438202
droplethic	BC232646	232450	197890	85.13228651322865	232450	197890	85.13228651322865
droplethic	BC74906	389804	329048	84.41370534935506	389804	329048	84.41370534935506
droplethic	BC170628	177788	151826	85.39721466015705	177788	151826	85.39721466015705
droplethic	BC397304	389094	325400	83.63017676962379	389094	325400	83.63017676962379
droplethic	BC594198	340938	285786	83.8234517712898	340938	285786	83.8234517712898
droplethic	BC492209	375784	318790	84.83330849637025	375784	318790	84.83330849637025
droplethic	BC150501	241316	209434	86.78827761109913	241316	209434	86.78827761109913
droplethic	BC462115	242048	203630	84.12794156530936	242048	203630	84.12794156530936
droplethic	BC308146	135534	114332	84.3566927855741	135534	114332	84.3566927855741
droplethic	BC400192	349174	293306	83.99995417757336	349174	293306	83.99995417757336
droplethic	BC319729	369906	309242	83.60015787794737	369906	309242	83.60015787794737
droplethic	BC220144	333796	281422	84.30957830531223	333796	281422	84.30957830531223
droplethic	BC181286	334906	281366	84.0134246624426	334906	281366	84.0134246624426
droplethic	BC100691	240130	205928	85.75688168908508	240130	205928	85.75688168908508
droplethic	BC112287	206860	173012	83.63724257952238	206860	173012	83.63724257952238
droplethic	BC377499	84620	72456	85.62514771921532	84620	72456	85.62514771921532
droplethic	BC462301	207996	177888	85.5247216292621	207996	177888	85.5247216292621
droplethic	BC77775	251596	212568	84.48782969522568	251596	212568	84.48782969522568
droplethic	BC435685	345120	287976	83.442280945758	345120	287976	83.442280945758
droplethic	BC354245	227592	188160	82.6742592006749	227592	188160	82.6742592006749
droplethic	BC487965	169948	143072	84.1857509355803	169948	143072	84.1857509355803
droplethic	BC78498	245388	205600	83.7856781912726	245388	205600	83.7856781912726
droplethic	BC336103	145504	122918	84.47740268308775	145504	122918	84.47740268308775
droplethic	BC451920	175810	149926	85.27728798134349	175810	149926	85.27728798134349
droplethic	BC463407	283098	231758	81.8649372302171	283098	231758	81.8649372302171
droplethic	BC15892	436042	364570	83.60891840694245	436042	364570	83.60891840694245
droplethic	BC238752	299062	251408	84.06551149928778	299062	251408	84.06551149928778
droplethic	BC469107	204564	162980	79.67188752664202	204564	162980	79.67188752664202
droplethic	BC465941	248728	215146	86.49850439033804	248728	215146	86.49850439033804
droplethic	BC91417	255750	218090	85.27468230694038	255750	218090	85.27468230694038
droplethic	BC576663	285310	243734	85.42778030913743	285310	243734	85.42778030913743
droplethic	BC599744	250000	210110	84.044	250000	210110	84.044
droplethic	BC268502	387964	329122	84.83312884700642	387964	329122	84.83312884700642
droplethic	BC121936	406380	340220	83.71967124366357	406380	340220	83.71967124366357
droplethic	BC366825	206318	174354	84.50741088998537	206318	174354	84.50741088998537
droplethic	BC515431	388958	323760	83.23777888615223	388958	323760	83.23777888615223
droplethic	BC129442	255580	216538	84.72415681978245	255580	216538	84.72415681978245
droplethic	BC420195	297902	255686	85.82889675128062	297902	255686	85.82889675128062
droplethic	BC71977	365068	307046	84.10652262044331	365068	307046	84.10652262044331
droplethic	BC518211	392490	331456	84.44954011567174	392490	331456	84.44954011567174
droplethic	BC719591	357808	295912	82.70133702991548	357808	295912	82.70133702991548
droplethic	BC111916	245102	206546	84.2694062063957	245102	206546	84.2694062063957
droplethic	BC599181	308186	252480	81.92455205622579	308186	252480	81.92455205622579
droplethic	BC428655	241976	207718	85.84239759314974	241976	207718	85.84239759314974
droplethic	BC550025	292936	247156	84.3720129994265	292936	247156	84.3720129994265
droplethic	BC256495	397644	336538	84.63298830109343	397644	336538	84.63298830109343
droplethic	BC416011	236982	193724	81.74629296739836	236982	193724	81.74629296739836
droplethic	BC719081	321978	270242	83.93182142879327	321978	270242	83.93182142879327
droplethic	BC278561	300218	253930	84.58187050743126	300218	253930	84.58187050743126
droplethic	BC556018	424102	356362	84.02742736417183	424102	356362	84.02742736417183
droplethic	BC336179	278718	235244	84.40215558378002	278718	235244	84.40215558378002
droplethic	BC701866	234842	199276	84.85534955416833	234842	199276	84.85534955416833
droplethic	BC95588	226186	192552	85.12993730823305	226186	192552	85.12993730823305
droplethic	BC503059	190528	157720	82.7804837084313	190528	157720	82.7804837084313
droplethic	BC241720	238924	204034	85.39703001791365	238924	204034	85.39703001791365
droplethic	BC248516	149548	127778	85.44280097360046	149548	127778	85.44280097360046
droplethic	BC350259	297572	251354	84.46829674834999	297572	251354	84.46829674834999
droplethic	BC150396	267946	228880	85.42019660677897	267946	228880	85.42019660677897
droplethic	BC122731	321176	265226	82.57964480534038	321176	265226	82.57964480534038
droplethic	BC551764	240008	193724	80.71564281190626	240008	193724	80.71564281190626
droplethic	BC660184	240504	193748	80.55915909922496	240504	193748	80.55915909922496
droplethic	BC235676	250534	218182	87.08678263229741	250534	218182	87.08678263229741
droplethic	BC463209	220328	186134	84.48041102356487	220328	186134	84.48041102356487
droplethic	BC535380	450188	379770	84.35809039778937	450188	379770	84.35809039778937
droplethic	BC15266	280458	234018	83.44137090045568	280458	234018	83.44137090045568
droplethic	BC159884	220560	187322	84.93017772941603	220560	187322	84.93017772941603
droplethic	BC409689	374568	311532	83.17101300698404	374568	311532	83.17101300698404
droplethic	BC641068	272314	228200	83.80031874967868	272314	228200	83.80031874967868
droplethic	BC620083	166884	142380	85.3167469619616	166884	142380	85.3167469619616
droplethic	BC52729	288698	242030	83.83501098033238	288698	242030	83.83501098033238
droplethic	BC196533	334182	283608	84.86633032299765	334182	283608	84.86633032299765
droplethic	BC383046	193706	161628	83.43985214706824	193706	161628	83.43985214706824
droplethic	BC621568	241406	197244	81.70633704216134	241406	197244	81.70633704216134
droplethic	BC336629	272068	227096	83.47030889336489	272068	227096	83.47030889336489
droplethic	BC227134	215668	182232	84.49654097965391	215668	182232	84.49654097965391
droplethic	BC713012	355164	303110	85.3436722190312	355164	303110	85.3436722190312
droplethic	BC143551	276342	231514	83.77807209906565	276342	231514	83.77807209906565
droplethic	BC582722	231154	191410	82.80626768301651	231154	191410	82.80626768301651
droplethic	BC663667	253960	219134	86.2868168215467	253960	219134	86.2868168215467
droplethic	BC409874	350368	291912	83.31582792949128	350368	291912	83.31582792949128
droplethic	BC165742	248388	202706	81.60861233231878	248388	202706	81.60861233231878
droplethic	BC194404	223376	186142	83.33124418021632	223376	186142	83.33124418021632
droplethic	BC590926	306122	256664	83.84369630408791	306122	256664	83.84369630408791
droplethic	BC735080	265452	225412	84.91629371788497	265452	225412	84.91629371788497
droplethic	BC299998	257768	217534	84.3913907079234	257768	217534	84.3913907079234
droplethic	BC362599	183452	151724	82.70501275538015	183452	151724	82.70501275538015
droplethic	BC508869	216642	181180	83.63105953600872	216642	181180	83.63105953600872
droplethic	BC433205	326438	278188	85.21924530845061	326438	278188	85.21924530845061
droplethic	BC701726	271624	233448	85.94527729508438	271624	233448	85.94527729508438
droplethic	BC285902	171000	142532	83.35204678362572	171000	142532	83.35204678362572
droplethic	BC541495	154292	131804	85.42503823918285	154292	131804	85.42503823918285
droplethic	BC17999	351202	294182	83.76432936031117	351202	294182	83.76432936031117
droplethic	BC149407	289890	239544	82.6327227569078	289890	239544	82.6327227569078
droplethic	BC293029	181826	154468	84.95374698887947	181826	154468	84.95374698887947
droplethic	BC512981	283010	243044	85.8782375181089	283010	243044	85.8782375181089
droplethic	BC627374	322006	273106	84.81394756619441	322006	273106	84.81394756619441
droplethic	BC137276	273252	228688	83.69124471184108	273252	228688	83.69124471184108
droplethic	BC243454	240166	202234	84.20592423573694	240166	202234	84.20592423573694
droplethic	BC426017	246498	204796	83.0822156772063	246498	204796	83.0822156772063
droplethic	BC455532	194002	167916	86.55374686858899	194002	167916	86.55374686858899
droplethic	BC467729	203100	167756	82.59773510585919	203100	167756	82.59773510585919
droplethic	BC272583	327136	279250	85.36205125696958	327136	279250	85.36205125696958
droplethic	BC173980	222700	189126	84.92411315671306	222700	189126	84.92411315671306
droplethic	BC498539	284722	242512	85.1750128195222	284722	242512	85.1750128195222
droplethic	BC328583	248442	212734	85.62722889044525	248442	212734	85.62722889044525
droplethic	BC442149	154676	132944	85.94998577672037	154676	132944	85.94998577672037
droplethic	BC561395	271042	230316	84.97428442824359	271042	230316	84.97428442824359
droplethic	BC312045	108362	94800	87.48454255181706	108362	94800	87.48454255181706
droplethic	BC663431	332372	282350	84.94999578785216	332372	282350	84.94999578785216
droplethic	BC650783	365222	304194	83.29016324317813	365222	304194	83.29016324317813
droplethic	BC610859	290416	244270	84.11037959341083	290416	244270	84.11037959341083
droplethic	BC676270	311158	256358	82.38836861015947	311158	256358	82.38836861015947
droplethic	BC15618	201762	170958	84.73250661670681	201762	170958	84.73250661670681
droplethic	BC599509	281872	238094	84.46883691888517	281872	238094	84.46883691888517
droplethic	BC348331	376982	317608	84.25017640099527	376982	317608	84.25017640099527
droplethic	BC412776	326272	274412	84.10528638681836	326272	274412	84.10528638681836
droplethic	BC173121	279318	232952	83.40028211572474	279318	232952	83.40028211572474
droplethic	BC642707	179482	143662	80.04256694264606	179482	143662	80.04256694264606
droplethic	BC392353	423126	353246	83.48482485122635	423126	353246	83.48482485122635
droplethic	BC186212	225680	177706	78.74246721020914	225680	177706	78.74246721020914
droplethic	BC11119	254804	215054	84.39977394389413	254804	215054	84.39977394389413
droplethic	BC341558	250046	213040	85.20032314054214	250046	213040	85.20032314054214
droplethic	BC696507	242006	203586	84.12436055304414	242006	203586	84.12436055304414
droplethic	BC385999	203586	169010	83.01651390567132	203586	169010	83.01651390567132
droplethic	BC626848	414230	343318	82.88100813557685	414230	343318	82.88100813557685
droplethic	BC10705	177120	149338	84.31458897922313	177120	149338	84.31458897922313
droplethic	BC544976	243816	205530	84.29717491879121	243816	205530	84.29717491879121
droplethic	BC642580	275920	229084	83.0255146419252	275920	229084	83.0255146419252
droplethic	BC496492	256098	211516	82.59182031878422	256098	211516	82.59182031878422
droplethic	BC706794	276236	239036	86.5332541739672	276236	239036	86.5332541739672
droplethic	BC719629	330954	284356	85.92009765707621	330954	284356	85.92009765707621
droplethic	BC581501	244620	212084	86.69937045212983	244620	212084	86.69937045212983
droplethic	BC415087	194048	162562	83.77411774406332	194048	162562	83.77411774406332
droplethic	BC352254	307900	258372	83.91425787593374	307900	258372	83.91425787593374
droplethic	BC651444	363242	304042	83.70232517164865	363242	304042	83.70232517164865
droplethic	BC249083	324516	272090	83.84486435183473	324516	272090	83.84486435183473
droplethic	BC406415	257904	219202	84.99364104472983	257904	219202	84.99364104472983
droplethic	BC381670	232528	189628	81.55060895892107	232528	189628	81.55060895892107
droplethic	BC118569	326066	262890	80.62478148595683	326066	262890	80.62478148595683
droplethic	BC678887	337090	281990	83.65421697469519	337090	281990	83.65421697469519
droplethic	BC137394	244768	205558	83.9807491175317	244768	205558	83.9807491175317
droplethic	BC708	265866	225868	84.9555791263268	265866	225868	84.9555791263268
droplethic	BC554982	208406	174078	83.5283053271019	208406	174078	83.5283053271019
droplethic	BC640030	418502	359312	85.85669841482239	418502	359312	85.85669841482239
droplethic	BC688914	267896	223666	83.48986173739063	267896	223666	83.48986173739063
droplethic	BC489256	206930	174054	84.11250181220703	206930	174054	84.11250181220703
droplethic	BC241748	193464	153688	79.44010255137907	193464	153688	79.44010255137907
droplethic	BC397827	211014	182330	86.40658913626584	211014	182330	86.40658913626584
droplethic	BC662270	213320	180512	84.620288768048	213320	180512	84.620288768048
droplethic	BC43573	353924	298434	84.3214927498559	353924	298434	84.3214927498559
droplethic	BC179957	210764	179936	85.37321364179842	210764	179936	85.37321364179842
droplethic	BC474419	312074	257950	82.65667758288099	312074	257950	82.65667758288099
droplethic	BC631847	264376	225672	85.36024450025721	264376	225672	85.36024450025721
droplethic	BC118572	256922	214472	83.47747565408957	256922	214472	83.47747565408957
droplethic	BC33036	301036	250576	83.23788516988002	301036	250576	83.23788516988002
droplethic	BC543729	376574	320984	85.23796119753355	376574	320984	85.23796119753355
droplethic	BC266172	293818	246646	83.94516333240306	293818	246646	83.94516333240306
droplethic	BC155622	236638	192504	81.34957191997904	236638	192504	81.34957191997904
droplethic	BC32240	226708	192658	84.98067999364822	226708	192658	84.98067999364822
droplethic	BC682761	195722	167244	85.44977059298392	195722	167244	85.44977059298392
droplethic	BC83839	106700	94310	88.3880037488285	106700	94310	88.3880037488285
droplethic	BC611748	339652	288530	84.94871221132217	339652	288530	84.94871221132217
droplethic	BC41888	247830	208500	84.13025057499092	247830	208500	84.13025057499092
droplethic	BC276850	202728	174030	85.84408665798509	202728	174030	85.84408665798509
droplethic	BC281385	343860	278266	80.92421334263945	343860	278266	80.92421334263945
droplethic	BC702195	358064	305804	85.40484382680191	358064	305804	85.40484382680191
droplethic	BC395922	168916	145812	86.3221956475408	168916	145812	86.3221956475408
droplethic	BC350170	270006	224706	83.22259505344326	270006	224706	83.22259505344326
droplethic	BC370893	192356	166110	86.35550749651688	192356	166110	86.35550749651688
droplethic	BC689766	371266	317758	85.58769184358384	371266	317758	85.58769184358384
droplethic	BC149983	262768	222680	84.74395664616696	262768	222680	84.74395664616696
droplethic	BC393455	259788	220084	84.71676905784717	259788	220084	84.71676905784717
droplethic	BC52324	223978	179908	80.32396038896677	223978	179908	80.32396038896677
droplethic	BC334867	230188	198320	86.15566406589396	230188	198320	86.15566406589396
droplethic	BC272958	277848	212090	76.33310299156373	277848	212090	76.33310299156373
droplethic	BC339723	296622	246980	83.26422180418176	296622	246980	83.26422180418176
droplethic	BC408877	368406	307994	83.60178715873249	368406	307994	83.60178715873249
droplethic	BC410962	171914	145804	84.81217352862478	171914	145804	84.81217352862478
droplethic	BC541626	407908	342010	83.84488659207469	407908	342010	83.84488659207469
droplethic	BC45438	281256	238160	84.67730466194499	281256	238160	84.67730466194499
droplethic	BC602049	353078	296664	84.02222738318446	353078	296664	84.02222738318446
droplethic	BC322171	365184	308082	84.36349894847528	365184	308082	84.36349894847528
droplethic	BC112571	410840	343432	83.59263947035342	410840	343432	83.59263947035342
droplethic	BC340485	146694	126616	86.31300530355706	146694	126616	86.31300530355706
droplethic	BC385165	300900	255230	84.82220006646726	300900	255230	84.82220006646726
droplethic	BC162901	92460	82188	88.89033095392602	92460	82188	88.89033095392602
droplethic	BC177409	398870	332980	83.4808333542257	398870	332980	83.4808333542257
droplethic	BC560670	303630	259930	85.60748279155551	303630	259930	85.60748279155551
droplethic	BC321245	174598	146364	83.82913893629939	174598	146364	83.82913893629939
droplethic	BC90729	154704	131142	84.76962457337883	154704	131142	84.76962457337883
droplethic	BC276665	237794	197830	83.19385686770903	237794	197830	83.19385686770903
droplethic	BC277514	345822	291524	84.29885895055838	345822	291524	84.29885895055838
droplethic	BC248976	183518	159498	86.91136564260727	183518	159498	86.91136564260727
droplethic	BC514375	186342	149332	80.13866975775724	186342	149332	80.13866975775724
droplethic	BC253210	193180	163762	84.7717154984988	193180	163762	84.7717154984988
droplethic	BC357040	160106	129314	80.76774137134149	160106	129314	80.76774137134149
droplethic	BC512760	218194	181386	83.13060854102312	218194	181386	83.13060854102312
droplethic	BC684015	268750	226680	84.3460465116279	268750	226680	84.3460465116279
droplethic	BC629599	302514	260320	86.05221576522078	302514	260320	86.05221576522078
droplethic	BC258067	186982	156474	83.68399097239306	186982	156474	83.68399097239306
droplethic	BC124419	290516	246856	84.97156783103168	290516	246856	84.97156783103168
droplethic	BC382368	182332	153628	84.25728890156418	182332	153628	84.25728890156418
droplethic	BC556339	228884	189108	82.62176473672253	228884	189108	82.62176473672253
droplethic	BC93513	391758	325846	83.17532762572813	391758	325846	83.17532762572813
droplethic	BC19496	163160	134846	82.64648198087767	163160	134846	82.64648198087767
droplethic	BC659016	237320	201112	84.74296308781392	237320	201112	84.74296308781392
droplethic	BC439526	356264	297430	83.48584195989491	356264	297430	83.48584195989491
droplethic	BC218221	402040	340144	84.60451696348622	402040	340144	84.60451696348622
droplethic	BC393480	328546	277020	84.31696018213583	328546	277020	84.31696018213583
droplethic	BC735375	283738	243378	85.77560989363427	283738	243378	85.77560989363427
droplethic	BC328384	235052	202958	86.34600003403503	235052	202958	86.34600003403503
droplethic	BC342262	341660	287440	84.13042205701575	341660	287440	84.13042205701575
droplethic	BC201427	195934	163978	83.69042636806272	195934	163978	83.69042636806272
droplethic	BC381596	376844	318638	84.55435140270245	376844	318638	84.55435140270245
droplethic	BC220235	311906	262390	84.12470423781524	311906	262390	84.12470423781524
droplethic	BC299393	265540	223900	84.3187467048279	265540	223900	84.3187467048279
droplethic	BC596181	271342	227070	83.68405923152332	271342	227070	83.68405923152332
droplethic	BC670097	298670	251990	84.37071014832424	298670	251990	84.37071014832424
droplethic	BC216098	195096	165336	84.74597121417149	195096	165336	84.74597121417149
droplethic	BC21405	395372	333988	84.47436844288417	395372	333988	84.47436844288417
droplethic	BC120888	116642	99042	84.91109548876048	116642	99042	84.91109548876048
droplethic	BC26769	325498	272190	83.62263362601307	325498	272190	83.62263362601307
droplethic	BC395332	176540	154052	87.26181035459386	176540	154052	87.26181035459386
droplethic	BC599430	275550	236394	85.78987479586281	275550	236394	85.78987479586281
droplethic	BC692709	141260	120644	85.40563499929209	141260	120644	85.40563499929209
droplethic	BC69678	481964	407692	84.58972039405432	481964	407692	84.58972039405432
droplethic	BC240020	290884	243618	83.75091101607514	290884	243618	83.75091101607514
droplethic	BC551208	408842	343932	84.12345111314396	408842	343932	84.12345111314396
droplethic	BC561000	296332	257088	86.75674581212964	296332	257088	86.75674581212964
droplethic	BC110236	287762	246210	85.56028940582843	287762	246210	85.56028940582843
droplethic	BC177698	329388	272202	82.63871179277933	329388	272202	82.63871179277933
droplethic	BC261145	311916	263486	84.47338385975712	311916	263486	84.47338385975712
droplethic	BC170311	273128	232610	85.1651972701444	273128	232610	85.1651972701444
droplethic	BC52289	320172	273378	85.38473070724486	320172	273378	85.38473070724486
droplethic	BC502736	248326	205616	82.80083438705573	248326	205616	82.80083438705573
droplethic	BC79956	226414	190940	84.33224093916454	226414	190940	84.33224093916454
droplethic	BC731089	259340	220612	85.06670779671474	259340	220612	85.06670779671474
droplethic	BC628178	224226	182132	81.22697635421405	224226	182132	81.22697635421405
droplethic	BC655899	305116	258304	84.65763840637659	305116	258304	84.65763840637659
droplethic	BC620329	235222	196196	83.40886481706643	235222	196196	83.40886481706643
droplethic	BC405793	246374	213528	86.66823609634133	246374	213528	86.66823609634133
droplethic	BC645495	458022	389520	85.04394985393715	458022	389520	85.04394985393715
droplethic	BC671412	364326	305396	83.8249260277883	364326	305396	83.8249260277883
droplethic	BC17434	245740	201798	82.1184992268251	245740	201798	82.1184992268251
droplethic	BC449781	219718	185964	84.63758089915255	219718	185964	84.63758089915255
droplethic	BC264199	294772	248174	84.19184997218188	294772	248174	84.19184997218188
droplethic	BC2767	488340	411908	84.3486095752959	488340	411908	84.3486095752959
droplethic	BC168832	241506	205024	84.89395708595232	241506	205024	84.89395708595232
droplethic	BC541657	214048	178642	83.45885035132306	214048	178642	83.45885035132306
droplethic	BC390347	277976	237054	85.27858520160014	277976	237054	85.27858520160014
droplethic	BC511402	184290	155520	84.38873514569428	184290	155520	84.38873514569428
droplethic	BC433679	254150	212660	83.6749950816447	254150	212660	83.6749950816447
droplethic	BC135002	219752	185924	84.60628344679456	219752	185924	84.60628344679456
droplethic	BC631720	361258	304436	84.27107496581391	361258	304436	84.27107496581391
droplethic	BC149930	240410	204894	85.22690403893348	240410	204894	85.22690403893348
droplethic	BC403829	207988	171208	82.31628747812374	207988	171208	82.31628747812374
droplethic	BC247419	307944	264460	85.87925077286779	307944	264460	85.87925077286779
droplethic	BC658036	511788	429152	83.85347057766106	511788	429152	83.85347057766106
droplethic	BC492354	384504	323362	84.09847491833635	384504	323362	84.09847491833635
droplethic	BC511453	363136	306794	84.48460081071555	363136	306794	84.48460081071555
droplethic	BC269522	222376	192160	86.41220275569306	222376	192160	86.41220275569306
droplethic	BC23041	333026	274652	82.47163885102064	333026	274652	82.47163885102064
droplethic	BC12465	237068	200490	84.5706717060084	237068	200490	84.5706717060084
droplethic	BC591061	261756	225258	86.05648008068583	261756	225258	86.05648008068583
droplethic	BC195799	218024	180070	82.59182475323817	218024	180070	82.59182475323817
droplethic	BC195968	269812	228560	84.71083569300106	269812	228560	84.71083569300106
droplethic	BC230538	251690	215998	85.81906313321943	251690	215998	85.81906313321943
droplethic	BC694130	231038	194040	83.98618409092876	231038	194040	83.98618409092876
droplethic	BC447766	385368	318942	82.76296942143614	385368	318942	82.76296942143614
droplethic	BC189293	252938	214406	84.76622729680791	252938	214406	84.76622729680791
droplethic	BC370183	129690	111626	86.07140103323309	129690	111626	86.07140103323309
droplethic	BC577761	312754	266076	85.0751709010916	312754	266076	85.0751709010916
droplethic	BC565212	210394	172960	82.20766751903571	210394	172960	82.20766751903571
droplethic	BC59428	277428	236340	85.18967083351356	277428	236340	85.18967083351356
droplethic	BC60912	298712	250258	83.77902461233563	298712	250258	83.77902461233563
droplethic	BC200224	244690	206358	84.33446401569333	244690	206358	84.33446401569333
droplethic	BC402961	107682	88358	82.05456808008766	107682	88358	82.05456808008766
droplethic	BC63239	362314	298570	82.4064209497839	362314	298570	82.4064209497839
droplethic	BC423931	287990	238990	82.98552033056703	287990	238990	82.98552033056703
droplethic	BC537517	198592	167858	84.52404930712214	198592	167858	84.52404930712214
droplethic	BC661279	316866	261162	82.42032909810456	316866	261162	82.42032909810456
droplethic	BC492576	219132	183192	83.59892667433328	219132	183192	83.59892667433328
droplethic	BC106387	235330	199928	84.95644414226831	235330	199928	84.95644414226831
droplethic	BC497697	264352	226400	85.64338457813824	264352	226400	85.64338457813824
droplethic	BC387215	310970	259948	83.59262951410103	310970	259948	83.59262951410103
droplethic	BC363231	404792	342884	84.70621949050377	404792	342884	84.70621949050377
droplethic	BC102028	329246	267946	81.38170243526118	329246	267946	81.38170243526118
droplethic	BC638864	214680	184306	85.85149990683809	214680	184306	85.85149990683809
droplethic	BC621386	426060	356586	83.69384593719194	426060	356586	83.69384593719194
droplethic	BC267659	214360	183904	85.7921253965292	214360	183904	85.7921253965292
droplethic	BC588647	240778	199086	82.68446452749005	240778	199086	82.68446452749005
droplethic	BC413508	152500	125468	82.27409836065574	152500	125468	82.27409836065574
droplethic	BC501516	270406	227370	84.08467267738142	270406	227370	84.08467267738142
droplethic	BC501718	187084	161356	86.24788864894913	187084	161356	86.24788864894913
droplethic	BC330557	206298	174760	84.71240632483106	206298	174760	84.71240632483106
droplethic	BC231511	239686	193702	80.814899493504	239686	193702	80.814899493504
droplethic	BC332636	342754	284616	83.0379805924949	342754	284616	83.0379805924949
droplethic	BC274101	125824	107682	85.58144710071211	125824	107682	85.58144710071211
droplethic	BC293345	259008	206390	79.68479738077589	259008	206390	79.68479738077589
droplethic	BC584855	405252	342696	84.56367889609429	405252	342696	84.56367889609429
droplethic	BC263343	295686	247548	83.71989204764513	295686	247548	83.71989204764513
droplethic	BC45026	371880	315296	84.78433903409702	371880	315296	84.78433903409702
droplethic	BC651237	235244	199502	84.80641376613218	235244	199502	84.80641376613218
droplethic	BC680036	236486	200150	84.63503124920715	236486	200150	84.63503124920715
droplethic	BC403096	214374	182786	85.26500415162286	214374	182786	85.26500415162286
droplethic	BC683527	227160	187710	82.63338615953514	227160	187710	82.63338615953514
droplethic	BC66843	315052	262248	83.23959219430444	315052	262248	83.23959219430444
droplethic	BC488617	369400	310882	84.15863562533839	369400	310882	84.15863562533839
droplethic	BC79539	203726	170608	83.7438520365589	203726	170608	83.7438520365589
droplethic	BC575022	321930	272568	84.6668530425869	321930	272568	84.6668530425869
droplethic	BC606287	315354	262800	83.33491885309843	315354	262800	83.33491885309843
droplethic	BC725896	350472	293490	83.7413545161953	350472	293490	83.7413545161953
droplethic	BC427235	349108	295876	84.7519965168372	349108	295876	84.7519965168372
droplethic	BC60486	400534	336870	84.10521953192487	400534	336870	84.10521953192487
droplethic	BC235050	239140	203192	84.96780128794848	239140	203192	84.96780128794848
droplethic	BC301284	263012	221432	84.19083539914529	263012	221432	84.19083539914529
droplethic	BC479988	205032	178024	86.82742206094659	205032	178024	86.82742206094659
droplethic	BC360806	444212	376076	84.66137790064204	444212	376076	84.66137790064204
droplethic	BC154600	321352	274256	85.34441982623416	321352	274256	85.34441982623416
droplethic	BC699435	215510	183952	85.35659598162498	215510	183952	85.35659598162498
droplethic	BC504762	367808	313006	85.10037845832608	367808	313006	85.10037845832608
droplethic	BC545885	264264	219306	82.98746707837617	264264	219306	82.98746707837617
droplethic	BC496953	238680	202592	84.880174291939	238680	202592	84.880174291939
droplethic	BC252292	255098	211712	82.99241859991062	255098	211712	82.99241859991062
droplethic	BC182538	187644	149764	79.81283707446015	187644	149764	79.81283707446015
droplethic	BC684420	336216	275134	81.83251243248388	336216	275134	81.83251243248388
droplethic	BC607659	255978	218408	85.32295744165515	255978	218408	85.32295744165515
droplethic	BC256833	201856	167562	83.01066106531388	201856	167562	83.01066106531388
droplethic	BC215458	404076	340400	84.24157831695028	404076	340400	84.24157831695028
droplethic	BC239586	353796	303718	85.84551549480491	353796	303718	85.84551549480491
droplethic	BC597934	198564	166178	83.68989343486231	198564	166178	83.68989343486231
droplethic	BC489098	171250	144586	84.42978102189781	171250	144586	84.42978102189781
droplethic	BC625023	254646	213272	83.7523463946027	254646	213272	83.7523463946027
droplethic	BC394030	182610	154754	84.74563276928974	182610	154754	84.74563276928974
droplethic	BC613697	342918	288942	84.25979388658513	342918	288942	84.25979388658513
droplethic	BC158426	315292	262910	83.38619438488766	315292	262910	83.38619438488766
droplethic	BC298408	342664	289868	84.59248710106694	342664	289868	84.59248710106694
droplethic	BC319420	413384	352888	85.36566485398563	413384	352888	85.36566485398563
droplethic	BC303196	272666	227096	83.28724520108851	272666	227096	83.28724520108851
droplethic	BC610555	338814	284676	84.02132143299863	338814	284676	84.02132143299863
droplethic	BC431056	260394	223102	85.67862546756069	260394	223102	85.67862546756069
droplethic	BC384258	368760	312272	84.68163575225078	368760	312272	84.68163575225078
droplethic	BC532196	263052	199900	75.99257941395618	263052	199900	75.99257941395618
droplethic	BC682491	392424	331408	84.45151163027745	392424	331408	84.45151163027745
droplethic	BC600503	410998	347704	84.59992506046258	410998	347704	84.59992506046258
droplethic	BC580965	153272	131348	85.69601753744976	153272	131348	85.69601753744976
droplethic	BC427093	78034	67058	85.93433631493964	78034	67058	85.93433631493964
droplethic	BC86038	211840	180612	85.25868580060423	211840	180612	85.25868580060423
droplethic	BC406839	211122	175084	82.93024886084822	211122	175084	82.93024886084822
droplethic	BC12661	259204	220800	85.18387061928057	259204	220800	85.18387061928057
droplethic	BC24933	384944	321626	83.55137370630533	384944	321626	83.55137370630533
droplethic	BC568055	316992	268308	84.64188370684434	316992	268308	84.64188370684434
droplethic	BC444879	200744	167060	83.22042003746064	200744	167060	83.22042003746064
droplethic	BC543899	349906	292244	83.52071699256372	349906	292244	83.52071699256372
droplethic	BC612660	179052	150336	83.96220092487098	179052	150336	83.96220092487098
droplethic	BC675729	188846	161290	85.40821621850608	188846	161290	85.40821621850608
droplethic	BC3632	254692	215402	84.57352409969688	254692	215402	84.57352409969688
droplethic	BC654555	214530	180584	84.17657204120636	214530	180584	84.17657204120636
droplethic	BC688921	251194	211528	84.20901773131524	251194	211528	84.20901773131524
droplethic	BC443222	333966	284920	85.31407388776103	333966	284920	85.31407388776103
droplethic	BC491836	350920	299766	85.42288840761427	350920	299766	85.42288840761427
droplethic	BC603518	233690	196784	84.20728315289486	233690	196784	84.20728315289486
droplethic	BC644504	268798	222652	82.83246155105321	268798	222652	82.83246155105321
droplethic	BC370591	373490	317958	85.13159656215696	373490	317958	85.13159656215696
droplethic	BC65816	314110	260068	82.79519913406132	314110	260068	82.79519913406132
droplethic	BC431212	273198	216022	79.07158910387338	273198	216022	79.07158910387338
droplethic	BC428723	288746	240316	83.22747328101515	288746	240316	83.22747328101515
droplethic	BC52683	299744	243246	81.15124906586954	299744	243246	81.15124906586954
droplethic	BC533545	265976	218740	82.24050290251752	265976	218740	82.24050290251752
droplethic	BC151776	391834	328798	83.91257522318125	391834	328798	83.91257522318125
droplethic	BC243099	215262	177532	82.47252185708578	215262	177532	82.47252185708578
droplethic	BC449480	377416	319332	84.61008542298154	377416	319332	84.61008542298154
droplethic	BC54769	291924	246652	84.49185404420328	291924	246652	84.49185404420328
droplethic	BC98071	183622	151134	82.30713095380727	183622	151134	82.30713095380727
droplethic	BC59866	202230	174562	86.31854818770707	202230	174562	86.31854818770707
droplethic	BC627110	288986	239692	82.94242627670545	288986	239692	82.94242627670545
droplethic	BC675744	183386	151830	82.79257958622796	183386	151830	82.79257958622796
droplethic	BC268057	339236	281270	82.91278048320343	339236	281270	82.91278048320343
droplethic	BC450426	355620	299284	84.15837129520274	355620	299284	84.15837129520274
droplethic	BC589602	337562	285374	84.53972899793223	337562	285374	84.53972899793223
droplethic	BC500572	400190	294910	73.69249606436942	400190	294910	73.69249606436942
droplethic	BC528323	258038	217076	84.12559390477371	258038	217076	84.12559390477371
droplethic	BC557423	178018	150086	84.30945185318339	178018	150086	84.30945185318339
droplethic	BC632078	248914	212890	85.52753159725849	248914	212890	85.52753159725849
droplethic	BC382179	366412	310458	84.72921192537362	366412	310458	84.72921192537362
droplethic	BC135345	392434	325682	82.99026078270487	392434	325682	82.99026078270487
droplethic	BC508250	227284	193366	85.07682018971859	227284	193366	85.07682018971859
droplethic	BC75301	237062	202756	85.52868026086003	237062	202756	85.52868026086003
droplethic	BC290111	351636	290804	82.70029234776871	351636	290804	82.70029234776871
droplethic	BC493553	285140	244496	85.74594935821	285140	244496	85.74594935821
droplethic	BC728784	193870	167080	86.18146180430185	193870	167080	86.18146180430185
droplethic	BC549878	221974	190634	85.88122933316515	221974	190634	85.88122933316515
droplethic	BC278722	353816	294930	83.35688606507337	353816	294930	83.35688606507337
droplethic	BC374200	257750	221330	85.87002909796314	257750	221330	85.87002909796314
droplethic	BC120855	279824	239764	85.6838584252959	279824	239764	85.6838584252959
droplethic	BC281397	386418	327694	84.80298536817644	386418	327694	84.80298536817644
droplethic	BC654319	256138	206674	80.68853508655491	256138	206674	80.68853508655491
droplethic	BC429261	296750	246502	83.06722830665544	296750	246502	83.06722830665544
droplethic	BC568038	354368	298402	84.20681325627596	354368	298402	84.20681325627596
droplethic	BC129771	233442	196342	84.1074014102004	233442	196342	84.1074014102004
droplethic	BC190135	280088	217492	77.65130958841507	280088	217492	77.65130958841507
droplethic	BC528811	311142	257058	82.61758296854812	311142	257058	82.61758296854812
droplethic	BC512996	344052	291226	84.64592561589527	344052	291226	84.64592561589527
droplethic	BC69713	270634	231270	85.4548948025747	270634	231270	85.4548948025747
droplethic	BC115026	409634	343874	83.94664505387736	409634	343874	83.94664505387736
droplethic	BC647130	172972	149382	86.36195453599427	172972	149382	86.36195453599427
droplethic	BC139075	232950	195036	83.72440437862203	232950	195036	83.72440437862203
droplethic	BC53464	251978	215236	85.41856828770766	251978	215236	85.41856828770766
droplethic	BC400656	219528	173332	78.95667067526693	219528	173332	78.95667067526693
droplethic	BC399656	280652	235936	84.0671008936334	280652	235936	84.0671008936334
droplethic	BC467513	417754	355082	84.99786955959728	417754	355082	84.99786955959728
droplethic	BC49962	309966	265320	85.5964847757496	309966	265320	85.5964847757496
droplethic	BC117174	206930	176210	85.15440003866041	206930	176210	85.15440003866041
droplethic	BC36583	340552	290586	85.32793817096949	340552	290586	85.32793817096949
droplethic	BC603629	310892	264020	84.923381753149	310892	264020	84.923381753149
droplethic	BC221454	259012	200004	77.21804395163159	259012	200004	77.21804395163159
droplethic	BC313355	145654	120232	82.54630837464127	145654	120232	82.54630837464127
droplethic	BC320605	475088	404738	85.19221702084667	475088	404738	85.19221702084667
droplethic	BC386642	240290	202204	84.14998543426692	240290	202204	84.14998543426692
droplethic	BC441686	284682	238880	83.91117106104355	284682	238880	83.91117106104355
droplethic	BC478555	292474	249772	85.39972783905579	292474	249772	85.39972783905579
droplethic	BC494323	326832	262890	80.4358202379204	326832	262890	80.4358202379204
droplethic	BC82730	238850	199440	83.5001046682018	238850	199440	83.5001046682018
droplethic	BC86647	263024	226396	86.07427459091186	263024	226396	86.07427459091186
droplethic	BC90350	229890	190986	83.0771238418374	229890	190986	83.0771238418374
droplethic	BC314869	254292	210772	82.88581630566435	254292	210772	82.88581630566435
droplethic	BC439732	279486	231342	82.77409244112407	279486	231342	82.77409244112407
droplethic	BC589516	358496	297022	82.85224939748282	358496	297022	82.85224939748282
droplethic	BC206332	224700	194774	86.68179795282599	224700	194774	86.68179795282599
droplethic	BC725006	359242	301758	83.9985302386692	359242	301758	83.9985302386692
droplethic	BC354604	312662	265586	84.94348529722193	312662	265586	84.94348529722193
droplethic	BC26213	221442	189710	85.67028838251099	221442	189710	85.67028838251099
droplethic	BC721134	367270	310626	84.57701418574891	367270	310626	84.57701418574891
droplethic	BC63651	193368	165598	85.63878201150139	193368	165598	85.63878201150139
droplethic	BC709915	211626	177698	83.96794344740249	211626	177698	83.96794344740249
droplethic	BC665660	171676	148214	86.33355856380624	171676	148214	86.33355856380624
droplethic	BC206324	245742	207026	84.24526535960479	245742	207026	84.24526535960479
droplethic	BC92832	218580	188372	86.1798883703907	218580	188372	86.1798883703907
droplethic	BC398532	312670	265014	84.7583714459334	312670	265014	84.7583714459334
droplethic	BC136073	243042	207658	85.44119946346721	243042	207658	85.44119946346721
droplethic	BC104040	352806	287618	81.52298997182588	352806	287618	81.52298997182588
droplethic	BC100575	405536	342008	84.33480628106999	405536	342008	84.33480628106999
droplethic	BC17216	447142	378362	84.61786188727518	447142	378362	84.61786188727518
droplethic	BC338731	189848	160096	84.3285154439341	189848	160096	84.3285154439341
droplethic	BC83921	348660	276930	79.42694889003614	348660	276930	79.42694889003614
droplethic	BC510717	313878	270062	86.04043609300429	313878	270062	86.04043609300429
droplethic	BC581822	347574	290274	83.51430199036751	347574	290274	83.51430199036751
droplethic	BC14818	308872	261592	84.69268823331348	308872	261592	84.69268823331348
droplethic	BC346273	268342	224600	83.69916002712957	268342	224600	83.69916002712957
droplethic	BC329767	322650	272546	84.47109871377654	322650	272546	84.47109871377654
droplethic	BC708788	301628	254442	84.35622687548901	301628	254442	84.35622687548901
droplethic	BC25084	271180	220112	81.16822774540896	271180	220112	81.16822774540896
droplethic	BC168135	221978	190908	86.00311742605123	221978	190908	86.00311742605123
droplethic	BC507314	321498	271066	84.31343274297197	321498	271066	84.31343274297197
droplethic	BC333070	309900	260408	84.0296869958051	309900	260408	84.0296869958051
droplethic	BC509811	318662	265278	83.24745341458976	318662	265278	83.24745341458976
droplethic	BC406171	242736	205390	84.61456067497198	242736	205390	84.61456067497198
droplethic	BC442955	172828	147506	85.34843891036175	172828	147506	85.34843891036175
droplethic	BC688161	183374	150756	82.2123092695802	183374	150756	82.2123092695802
droplethic	BC102959	344838	295278	85.62803403337219	344838	295278	85.62803403337219
droplethic	BC456608	286364	242492	84.67963850204634	286364	242492	84.67963850204634
droplethic	BC649119	202310	173996	86.00464633483269	202310	173996	86.00464633483269
droplethic	BC120098	204112	174146	85.31884455593008	204112	174146	85.31884455593008
droplethic	BC307126	211774	173786	82.06200950069413	211774	173786	82.06200950069413
droplethic	BC415081	238700	198858	83.30875576036867	238700	198858	83.30875576036867
droplethic	BC301377	247790	212910	85.92356430848703	247790	212910	85.92356430848703
droplethic	BC536253	302576	258368	85.38945587224367	302576	258368	85.38945587224367
droplethic	BC57020	258710	211754	81.84994781802018	258710	211754	81.84994781802018
droplethic	BC16329	252326	205578	81.47317359289174	252326	205578	81.47317359289174
droplethic	BC351259	241696	204636	84.66668873295379	241696	204636	84.66668873295379
droplethic	BC573761	276226	235704	85.33012822833477	276226	235704	85.33012822833477
droplethic	BC541538	222308	187616	84.39462367526134	222308	187616	84.39462367526134
droplethic	BC493068	374360	309896	82.78021156106422	374360	309896	82.78021156106422
droplethic	BC447208	342718	288942	84.30896538845349	342718	288942	84.30896538845349
droplethic	BC371009	186626	157236	84.25192631251808	186626	157236	84.25192631251808
droplethic	BC99842	388692	323806	83.3065769298056	388692	323806	83.3065769298056
droplethic	BC152015	335472	283946	84.64074498020699	335472	283946	84.64074498020699
droplethic	BC14874	212962	176370	82.8175918708502	212962	176370	82.8175918708502
droplethic	BC201877	286710	236920	82.63402043877089	286710	236920	82.63402043877089
droplethic	BC383552	329006	280386	85.22215400327046	329006	280386	85.22215400327046
droplethic	BC289410	352066	300964	85.485107905904	352066	300964	85.485107905904
droplethic	BC43895	247784	213398	86.12259064346367	247784	213398	86.12259064346367
droplethic	BC343773	138958	117272	84.39384562241828	138958	117272	84.39384562241828
droplethic	BC88931	204194	174976	85.69105850318815	204194	174976	85.69105850318815
droplethic	BC321077	256620	217290	84.67383680149638	256620	217290	84.67383680149638
droplethic	BC617676	321978	265336	82.40811484014436	321978	265336	82.40811484014436
droplethic	BC112233	418276	357166	85.3900295498666	418276	357166	85.3900295498666
droplethic	BC729680	220246	184272	83.66644570162455	220246	184272	83.66644570162455
droplethic	BC720733	312544	259636	83.071823487253	312544	259636	83.071823487253
droplethic	BC62821	229672	197592	86.03225469365007	229672	197592	86.03225469365007
droplethic	BC725101	280220	233620	83.37020912140461	280220	233620	83.37020912140461
droplethic	BC272279	315538	266262	84.38349739175631	315538	266262	84.38349739175631
droplethic	BC190218	335654	281692	83.92332580574043	335654	281692	83.92332580574043
droplethic	BC284362	249296	212024	85.04909826070214	249296	212024	85.04909826070214
droplethic	BC516460	267228	224898	84.15959405451524	267228	224898	84.15959405451524
droplethic	BC281308	212904	175352	82.36200353210837	212904	175352	82.36200353210837
droplethic	BC387173	239020	200816	84.01640030123002	239020	200816	84.01640030123002
droplethic	BC485617	313150	266474	85.09468305923679	313150	266474	85.09468305923679
droplethic	BC632480	213350	177478	83.1863135692524	213350	177478	83.1863135692524
droplethic	BC75412	236788	193786	81.8394513235468	236788	193786	81.8394513235468
droplethic	BC13807	359412	307248	85.48629428065841	359412	307248	85.48629428065841
droplethic	BC369286	304040	247674	81.46099197474017	304040	247674	81.46099197474017
droplethic	BC678172	268920	228994	85.1532054142496	268920	228994	85.1532054142496
droplethic	BC393223	289856	248176	85.62044601457275	289856	248176	85.62044601457275
droplethic	BC354143	347018	290262	83.6446524387784	347018	290262	83.6446524387784
droplethic	BC635456	288376	247820	85.93641634532693	288376	247820	85.93641634532693
droplethic	BC286430	272962	207508	76.02083806537173	272962	207508	76.02083806537173
droplethic	BC2931	316782	264780	83.58429456219103	316782	264780	83.58429456219103
droplethic	BC73835	167738	141316	84.24805351202471	167738	141316	84.24805351202471
droplethic	BC215033	225502	192496	85.36332271997587	225502	192496	85.36332271997587
droplethic	BC119363	437822	373484	85.30498695817022	437822	373484	85.30498695817022
droplethic	BC207442	155276	126964	81.7666606558644	155276	126964	81.7666606558644
droplethic	BC426946	210260	176534	83.95985922191572	210260	176534	83.95985922191572
droplethic	BC89980	200402	170204	84.9312881108971	200402	170204	84.9312881108971
droplethic	BC519102	180934	150566	83.21597930737175	180934	150566	83.21597930737175
droplethic	BC394051	227200	194156	85.45598591549296	227200	194156	85.45598591549296
droplethic	BC295080	195890	151788	77.48634437694625	195890	151788	77.48634437694625
droplethic	BC8519	533194	449556	84.31377697423451	533194	449556	84.31377697423451
droplethic	BC671665	274846	232630	84.64012574314343	274846	232630	84.64012574314343
droplethic	BC245444	281348	235534	83.71625175938695	281348	235534	83.71625175938695
droplethic	BC632223	181346	152166	83.9092122241461	181346	152166	83.9092122241461
droplethic	BC249968	234842	199346	84.88515682884663	234842	199346	84.88515682884663
droplethic	BC286868	438634	367324	83.74271032341314	438634	367324	83.74271032341314
droplethic	BC217496	219386	185790	84.68635190941993	219386	185790	84.68635190941993
droplethic	BC356664	340906	284600	83.48342358304049	340906	284600	83.48342358304049
droplethic	BC208752	187532	161960	86.36392722308726	187532	161960	86.36392722308726
droplethic	BC664268	220704	184508	83.59975351602147	220704	184508	83.59975351602147
droplethic	BC18741	234828	201028	85.60648644965677	234828	201028	85.60648644965677
droplethic	BC151857	422968	357296	84.47352991242836	422968	357296	84.47352991242836
droplethic	BC659575	258826	210186	81.2074521106844	258826	210186	81.2074521106844
droplethic	BC384556	279778	238896	85.38770024805382	279778	238896	85.38770024805382
droplethic	BC241070	193276	160146	82.85870982429272	193276	160146	82.85870982429272
droplethic	BC385730	252980	220010	86.96734919756503	252980	220010	86.96734919756503
droplethic	BC233481	327334	275610	84.19840285457667	327334	275610	84.19840285457667
droplethic	BC56766	317588	269260	84.78280035769613	317588	269260	84.78280035769613
droplethic	BC725845	196822	167720	85.21405127475587	196822	167720	85.21405127475587
droplethic	BC492896	316164	265848	84.08547462709227	316164	265848	84.08547462709227
droplethic	BC103559	278194	235196	84.54387945103058	278194	235196	84.54387945103058
droplethic	BC633219	289626	247590	85.48610967247416	289626	247590	85.48610967247416
droplethic	BC274762	270398	228608	84.5450040310949	270398	228608	84.5450040310949
droplethic	BC498088	493516	412686	83.62160497329367	493516	412686	83.62160497329367
droplethic	BC515435	222206	186662	84.00403229435749	222206	186662	84.00403229435749
droplethic	BC6470	133062	113482	85.28505508710225	133062	113482	85.28505508710225
droplethic	BC19205	185818	158710	85.41153171382751	185818	158710	85.41153171382751
droplethic	BC573744	306684	257838	84.07285675157492	306684	257838	84.07285675157492
droplethic	BC552785	341578	291860	85.44461294345655	341578	291860	85.44461294345655
droplethic	BC295151	283124	237682	83.94978878512595	283124	237682	83.94978878512595
droplethic	BC31032	184608	153698	83.25641358987693	184608	153698	83.25641358987693
droplethic	BC106154	259634	224094	86.31150003466418	259634	224094	86.31150003466418
droplethic	BC552740	309504	263816	85.23831679073615	309504	263816	85.23831679073615
droplethic	BC582862	337706	287106	85.01655285958793	337706	287106	85.01655285958793
droplethic	BC62898	114470	97264	84.96898750764393	114470	97264	84.96898750764393
droplethic	BC690342	246806	208218	84.36504785134883	246806	208218	84.36504785134883
droplethic	BC583064	269824	220428	81.6932518975332	269824	220428	81.6932518975332
droplethic	BC73555	288822	251098	86.93866810700015	288822	251098	86.93866810700015
droplethic	BC189071	364636	310180	85.06565451573624	364636	310180	85.06565451573624
droplethic	BC444466	226776	186898	82.41524676332592	226776	186898	82.41524676332592
droplethic	BC323268	326246	272788	83.61420523163503	326246	272788	83.61420523163503
droplethic	BC511072	192604	162238	84.2339722954871	192604	162238	84.2339722954871
droplethic	BC572892	305890	263634	86.1858838144431	305890	263634	86.1858838144431
droplethic	BC599403	188642	158592	84.07035548817336	188642	158592	84.07035548817336
droplethic	BC250436	177012	148652	83.97848733419204	177012	148652	83.97848733419204
droplethic	BC687253	262886	225846	85.91024246251227	262886	225846	85.91024246251227
droplethic	BC187628	253094	214760	84.85384876765154	253094	214760	84.85384876765154
droplethic	BC735867	252058	213034	84.5178490664847	252058	213034	84.5178490664847
droplethic	BC371952	151228	131176	86.74055069167085	151228	131176	86.74055069167085
droplethic	BC493053	152676	127292	83.37394220440672	152676	127292	83.37394220440672
droplethic	BC699432	257056	208586	81.14418648076683	257056	208586	81.14418648076683
droplethic	BC112063	171234	140478	82.0386138266933	171234	140478	82.0386138266933
droplethic	BC360534	180076	151254	83.99453564050734	180076	151254	83.99453564050734
droplethic	BC39775	367618	312340	84.9631954909716	367618	312340	84.9631954909716
droplethic	BC130849	212830	183632	86.28106939811117	212830	183632	86.28106939811117
droplethic	BC497213	224908	185140	82.31810340228004	224908	185140	82.31810340228004
droplethic	BC45377	161688	135018	83.50526940774826	161688	135018	83.50526940774826
droplethic	BC209102	206136	155756	75.55982458182947	206136	155756	75.55982458182947
droplethic	BC536361	346838	288232	83.1027742058252	346838	288232	83.1027742058252
droplethic	BC713499	197322	158988	80.57287073919785	197322	158988	80.57287073919785
droplethic	BC460359	115100	95160	82.67593397046046	115100	95160	82.67593397046046
droplethic	BC399909	297076	252146	84.87592400597826	297076	252146	84.87592400597826
droplethic	BC656150	260020	220198	84.68502422890546	260020	220198	84.68502422890546
droplethic	BC441390	212568	168720	79.37224793948289	212568	168720	79.37224793948289
droplethic	BC681116	286100	246546	86.17476406850751	286100	246546	86.17476406850751
droplethic	BC21785	241048	207782	86.19942915933756	241048	207782	86.19942915933756
droplethic	BC163108	220880	192654	87.2211155378486	220880	192654	87.2211155378486
droplethic	BC555917	288542	247738	85.85855785292955	288542	247738	85.85855785292955
droplethic	BC542016	239528	199238	83.17941952506597	239528	199238	83.17941952506597
droplethic	BC149733	407106	342534	84.13877466802258	407106	342534	84.13877466802258
droplethic	BC427881	278966	238274	85.41327616985582	278966	238274	85.41327616985582
droplethic	BC310186	406944	344924	84.75957379885193	406944	344924	84.75957379885193
droplethic	BC663453	237094	206158	86.9520105949539	237094	206158	86.9520105949539
droplethic	BC677958	249722	214656	85.95798527963095	249722	214656	85.95798527963095
droplethic	BC491776	226236	190554	84.2279743276932	226236	190554	84.2279743276932
droplethic	BC256829	209158	175116	83.72426586599605	209158	175116	83.72426586599605
droplethic	BC271519	157494	131446	83.4609572428156	157494	131446	83.4609572428156
droplethic	BC163908	205472	174366	84.86119763276749	205472	174366	84.86119763276749
droplethic	BC371656	239730	201060	83.86935302214992	239730	201060	83.86935302214992
droplethic	BC691645	269186	225384	83.72797990980214	269186	225384	83.72797990980214
droplethic	BC592570	110534	93240	84.35413537915936	110534	93240	84.35413537915936
droplethic	BC585698	257132	208816	81.20965107415647	257132	208816	81.20965107415647
droplethic	BC485161	220668	188780	85.54933202820527	220668	188780	85.54933202820527
droplethic	BC700728	409974	339298	82.76085800562963	409974	339298	82.76085800562963
droplethic	BC184650	254484	207812	81.66014366325584	254484	207812	81.66014366325584
droplethic	BC199468	384664	323572	84.11808747374332	384664	323572	84.11808747374332
droplethic	BC8429	271788	235808	86.76174076854018	271788	235808	86.76174076854018
droplethic	BC316956	390030	331428	84.97500192292901	390030	331428	84.97500192292901
droplethic	BC513851	174522	145534	83.39005970593965	174522	145534	83.39005970593965
droplethic	BC75083	405954	335848	82.73055567872223	405954	335848	82.73055567872223
droplethic	BC255431	169588	141112	83.20871759794325	169588	141112	83.20871759794325
droplethic	BC116427	262464	222376	84.72628627164106	262464	222376	84.72628627164106
droplethic	BC326587	252280	216748	85.91564927857935	252280	216748	85.91564927857935
droplethic	BC435897	220586	187102	84.82043284705286	220586	187102	84.82043284705286
droplethic	BC415858	288940	245126	84.83629819339656	288940	245126	84.83629819339656
droplethic	BC423372	147112	123882	84.20930991353526	147112	123882	84.20930991353526
droplethic	BC489697	226788	193436	85.29375451963949	226788	193436	85.29375451963949
droplethic	BC406955	416470	343784	82.54712224169808	416470	343784	82.54712224169808
droplethic	BC524395	310036	258254	83.29806861138707	310036	258254	83.29806861138707
droplethic	BC659460	254192	220374	86.69588342670107	254192	220374	86.69588342670107
droplethic	BC10520	353278	292940	82.92053283816145	353278	292940	82.92053283816145
droplethic	BC88435	317652	263220	82.86426655585358	317652	263220	82.86426655585358
droplethic	BC207999	248728	212964	85.6212408735647	248728	212964	85.6212408735647
droplethic	BC600320	162278	139966	86.25075487743256	162278	139966	86.25075487743256
droplethic	BC433894	264670	227598	85.99312351229834	264670	227598	85.99312351229834
droplethic	BC382133	328172	278564	84.88353668198384	328172	278564	84.88353668198384
droplethic	BC648738	262536	222644	84.80513148672944	262536	222644	84.80513148672944
droplethic	BC404857	314186	264966	84.33412055279356	314186	264966	84.33412055279356
droplethic	BC539129	333004	280088	84.10950018618395	333004	280088	84.10950018618395
droplethic	BC70586	321352	274870	85.53548756503771	321352	274870	85.53548756503771
droplethic	BC609757	314894	254612	80.85641517463019	314894	254612	80.85641517463019
droplethic	BC60988	175956	146734	83.39243901884562	175956	146734	83.39243901884562
droplethic	BC164265	294312	249358	84.72573323547799	294312	249358	84.72573323547799
droplethic	BC691985	312202	262280	84.00971166103997	312202	262280	84.00971166103997
droplethic	BC76874	393814	332690	84.47896722818386	393814	332690	84.47896722818386
droplethic	BC40281	226048	187698	83.03457672706682	226048	187698	83.03457672706682
droplethic	BC457176	369122	307304	83.2526915220442	369122	307304	83.2526915220442
droplethic	BC701710	180730	146442	81.02805289658606	180730	146442	81.02805289658606
droplethic	BC63732	247908	209824	84.63784952482372	247908	209824	84.63784952482372
droplethic	BC370586	85000	71950	84.6470588235294	85000	71950	84.6470588235294
droplethic	BC634054	327954	277662	84.66492251962165	327954	277662	84.66492251962165
droplethic	BC64013	303910	258650	85.10743312164786	303910	258650	85.10743312164786
droplethic	BC45953	269772	214574	79.53901813383153	269772	214574	79.53901813383153
droplethic	BC416946	337730	287560	85.14493826429397	337730	287560	85.14493826429397
droplethic	BC590075	235974	199630	84.59830320289524	235974	199630	84.59830320289524
droplethic	BC19414	167044	144118	86.27547233064342	167044	144118	86.27547233064342
droplethic	BC10262	411654	345730	83.9855801231131	411654	345730	83.9855801231131
droplethic	BC4961	299634	252788	84.36559268974815	299634	252788	84.36559268974815
droplethic	BC683953	324436	275254	84.8407698282558	324436	275254	84.8407698282558
droplethic	BC381384	290580	249450	85.84555027875284	290580	249450	85.84555027875284
droplethic	BC297307	178510	150830	84.49386588986611	178510	150830	84.49386588986611
droplethic	BC201815	333312	283354	85.01164074500768	333312	283354	85.01164074500768
droplethic	BC707168	260848	220218	84.42387904066736	260848	220218	84.42387904066736
droplethic	BC61705	292862	240106	81.9860548654315	292862	240106	81.9860548654315
droplethic	BC300960	273254	222990	81.60539278473509	273254	222990	81.60539278473509
droplethic	BC486949	229812	192998	83.98081910431135	229812	192998	83.98081910431135
droplethic	BC727484	83570	71232	85.23632882613379	83570	71232	85.23632882613379
droplethic	BC253718	219664	187582	85.39496685847476	219664	187582	85.39496685847476
droplethic	BC531954	239866	199582	83.20562313958627	239866	199582	83.20562313958627
droplethic	BC271878	289162	246078	85.10039355101985	289162	246078	85.10039355101985
droplethic	BC654859	241032	203780	84.54479073318066	241032	203780	84.54479073318066
droplethic	BC493028	408478	344242	84.27430608257973	408478	344242	84.27430608257973
droplethic	BC252340	226908	191058	84.20064519540959	226908	191058	84.20064519540959
droplethic	BC661986	224108	193762	86.45920716797258	224108	193762	86.45920716797258
droplethic	BC701465	234064	200944	85.85002392508032	234064	200944	85.85002392508032
droplethic	BC449452	398174	335160	84.17425547624907	398174	335160	84.17425547624907
droplethic	BC413770	249786	208522	83.48025910179113	249786	208522	83.48025910179113
droplethic	BC405643	334104	278464	83.34650288532912	334104	278464	83.34650288532912
droplethic	BC276675	406422	343672	84.56038305013016	406422	343672	84.56038305013016
droplethic	BC527480	217066	184134	84.82857748334608	217066	184134	84.82857748334608
droplethic	BC542118	399838	336080	84.05404188696421	399838	336080	84.05404188696421
droplethic	BC633825	385218	320028	83.07711477656807	385218	320028	83.07711477656807
droplethic	BC424038	333876	283172	84.81352358360589	333876	283172	84.81352358360589
droplethic	BC256206	246580	209064	84.7854651634358	246580	209064	84.7854651634358
droplethic	BC294147	219336	185408	84.53149505781084	219336	185408	84.53149505781084
droplethic	BC106395	267064	229908	86.08723002725938	267064	229908	86.08723002725938
droplethic	BC622414	286328	242046	84.53451985135928	286328	242046	84.53451985135928
droplethic	BC200465	294250	254052	86.33882752761258	294250	254052	86.33882752761258
droplethic	BC32919	427052	356766	83.54158275807161	427052	356766	83.54158275807161
droplethic	BC93709	347766	294260	84.61436713192204	347766	294260	84.61436713192204
droplethic	BC111247	293898	244166	83.0784830111127	293898	244166	83.0784830111127
droplethic	BC423692	301624	258600	85.73588308622656	301624	258600	85.73588308622656
droplethic	BC465495	363900	309260	84.98488595768067	363900	309260	84.98488595768067
droplethic	BC594883	410750	347774	84.66804625684723	410750	347774	84.66804625684723
droplethic	BC107753	250226	212026	84.73380064421762	250226	212026	84.73380064421762
droplethic	BC204401	167888	141656	84.37529781759268	167888	141656	84.37529781759268
droplethic	BC641368	192418	164048	85.25605712563274	192418	164048	85.25605712563274
droplethic	BC593439	373898	311152	83.21841785727658	373898	311152	83.21841785727658
droplethic	BC13291	164054	135064	82.32898923525181	164054	135064	82.32898923525181
droplethic	BC697741	286126	239718	83.78057219546633	286126	239718	83.78057219546633
droplethic	BC21205	324044	277762	85.7173717149523	324044	277762	85.7173717149523
droplethic	BC23626	255482	217586	85.16686107044724	255482	217586	85.16686107044724
droplethic	BC573635	135024	110788	82.05059841213414	135024	110788	82.05059841213414
droplethic	BC173309	172958	140748	81.37698169497797	172958	140748	81.37698169497797
droplethic	BC332529	230754	197424	85.55604669908215	230754	197424	85.55604669908215
droplethic	BC469491	223058	187340	83.98712442503744	223058	187340	83.98712442503744
droplethic	BC508597	325740	277884	85.30852827408363	325740	277884	85.30852827408363
droplethic	BC660006	294582	246224	83.58419726935115	294582	246224	83.58419726935115
droplethic	BC158216	224932	178396	79.31108068216172	224932	178396	79.31108068216172
droplethic	BC165620	184986	154454	83.49496718670602	184986	154454	83.49496718670602
droplethic	BC223817	311458	264494	84.92124138728175	311458	264494	84.92124138728175
droplethic	BC159604	244130	207172	84.8613443657068	244130	207172	84.8613443657068
droplethic	BC173072	217158	184210	84.82763702004992	217158	184210	84.82763702004992
droplethic	BC708380	369700	313206	84.71896131998918	369700	313206	84.71896131998918
droplethic	BC571068	225560	185552	82.26281255541763	225560	185552	82.26281255541763
droplethic	BC84858	313024	263624	84.21846248211	313024	263624	84.21846248211
droplethic	BC160766	319442	267512	83.74352777656037	319442	267512	83.74352777656037
droplethic	BC547285	421692	345598	81.95507621676484	421692	345598	81.95507621676484
droplethic	BC707652	122592	103568	84.48185852257896	122592	103568	84.48185852257896
droplethic	BC32832	119448	100460	84.10354296430246	119448	100460	84.10354296430246
droplethic	BC257428	439240	369036	84.01693834805573	439240	369036	84.01693834805573
droplethic	BC364619	190452	156160	81.9944132904879	190452	156160	81.9944132904879
droplethic	BC13544	290864	250272	86.0443368722152	290864	250272	86.0443368722152
droplethic	BC489806	305350	241520	79.09611920746684	305350	241520	79.09611920746684
droplethic	BC81786	263362	222962	84.65989778327929	263362	222962	84.65989778327929
droplethic	BC435840	257510	220462	85.61298590346006	257510	220462	85.61298590346006
droplethic	BC593750	221308	182698	82.55372602888282	221308	182698	82.55372602888282
droplethic	BC393806	249796	214206	85.7523739371327	249796	214206	85.7523739371327
droplethic	BC150484	245156	202680	82.67388927866338	245156	202680	82.67388927866338
droplethic	BC162904	228088	193218	84.71204096664445	228088	193218	84.71204096664445
droplethic	BC33811	187028	163072	87.19122270462177	187028	163072	87.19122270462177
droplethic	BC369869	319724	276234	86.39764296705908	319724	276234	86.39764296705908
droplethic	BC131287	251182	207880	82.7607073755285	251182	207880	82.7607073755285
droplethic	BC638969	432462	366420	84.72883166613482	432462	366420	84.72883166613482
droplethic	BC691704	188910	148510	78.61415488857128	188910	148510	78.61415488857128
droplethic	BC251180	325350	266814	82.00829875518673	325350	266814	82.00829875518673
droplethic	BC114549	401468	342138	85.22173622804308	401468	342138	85.22173622804308
droplethic	BC191589	255390	210568	82.44958690630017	255390	210568	82.44958690630017
droplethic	BC195145	325508	271820	83.50639615616205	325508	271820	83.50639615616205
droplethic	BC105899	267476	222770	83.28597705962405	267476	222770	83.28597705962405
droplethic	BC210533	270196	228934	84.72886349168752	270196	228934	84.72886349168752
droplethic	BC167456	357624	299254	83.67838847504642	357624	299254	83.67838847504642
droplethic	BC321651	293630	241808	82.35125838640465	293630	241808	82.35125838640465
droplethic	BC68032	264476	225500	85.26293501111633	264476	225500	85.26293501111633
droplethic	BC596651	235710	196394	83.32018157905901	235710	196394	83.32018157905901
droplethic	BC533556	326712	276938	84.76517544504028	326712	276938	84.76517544504028
droplethic	BC402119	263824	220330	83.5140093395597	263824	220330	83.5140093395597
droplethic	BC45381	91988	81446	88.53980954037483	91988	81446	88.53980954037483
droplethic	BC61635	391828	331460	84.59323989097257	391828	331460	84.59323989097257
droplethic	BC230366	263628	225822	85.65933815831399	263628	225822	85.65933815831399
droplethic	BC297693	305120	253668	83.13712637650761	305120	253668	83.13712637650761
droplethic	BC41997	210668	178002	84.49408548047164	210668	178002	84.49408548047164
droplethic	BC412614	414928	348208	83.92010180079436	414928	348208	83.92010180079436
droplethic	BC661303	172564	143568	83.19695880948518	172564	143568	83.19695880948518
droplethic	BC86805	226938	191474	84.37282429562259	226938	191474	84.37282429562259
droplethic	BC559929	377378	312920	82.91951306117474	377378	312920	82.91951306117474
droplethic	BC138978	401588	340066	84.68031913304182	401588	340066	84.68031913304182
droplethic	BC158667	119480	97256	81.39939738868429	119480	97256	81.39939738868429
droplethic	BC665408	201760	167936	83.2355273592387	201760	167936	83.2355273592387
droplethic	BC76244	228358	194926	85.35982974102068	228358	194926	85.35982974102068
droplethic	BC433953	424630	353064	83.14626851611992	424630	353064	83.14626851611992
droplethic	BC680659	209834	181706	86.59511804569327	209834	181706	86.59511804569327
droplethic	BC131928	209216	182764	87.35660752523708	209216	182764	87.35660752523708
droplethic	BC534955	198374	171008	86.20484539304546	198374	171008	86.20484539304546
droplethic	BC587710	204742	176108	86.01459397680983	204742	176108	86.01459397680983
droplethic	BC467860	180278	149248	82.78769456062304	180278	149248	82.78769456062304
droplethic	BC381829	362842	299106	82.43422757012694	362842	299106	82.43422757012694
droplethic	BC584538	290600	245594	84.51273227804542	290600	245594	84.51273227804542
droplethic	BC342780	310630	264364	85.10575282490423	310630	264364	85.10575282490423
droplethic	BC671557	87832	76520	87.12086710993715	87832	76520	87.12086710993715
droplethic	BC84170	351252	296752	84.48407411203353	351252	296752	84.48407411203353
droplethic	BC608718	204360	168910	82.6531610882756	204360	168910	82.6531610882756
droplethic	BC594356	317658	270380	85.11669783225985	317658	270380	85.11669783225985
droplethic	BC272797	323440	268962	83.15669057630473	323440	268962	83.15669057630473
droplethic	BC606447	267036	226642	84.87320061714526	267036	226642	84.87320061714526
droplethic	BC257544	387084	321268	82.99697223341704	387084	321268	82.99697223341704
droplethic	BC177593	381616	320384	83.95455117185863	381616	320384	83.95455117185863
droplethic	BC447604	251482	214844	85.43116405945555	251482	214844	85.43116405945555
droplethic	BC553466	271786	231458	85.16185528320075	271786	231458	85.16185528320075
droplethic	BC626431	197810	168164	85.0128911581821	197810	168164	85.0128911581821
droplethic	BC64804	192720	160744	83.40805313408053	192720	160744	83.40805313408053
droplethic	BC727510	295082	249090	84.41382395401956	295082	249090	84.41382395401956
droplethic	BC556979	233564	200334	85.77263619393399	233564	200334	85.77263619393399
droplethic	BC565277	209950	177398	84.49535603715171	209950	177398	84.49535603715171
droplethic	BC248725	135012	114608	84.88726927976772	135012	114608	84.88726927976772
droplethic	BC311567	188202	159096	84.53470207542959	188202	159096	84.53470207542959
droplethic	BC106636	272340	234830	86.2267753543365	272340	234830	86.2267753543365
droplethic	BC479969	313496	265254	84.61160588970831	313496	265254	84.61160588970831
droplethic	BC677564	246418	209572	85.04735855335244	246418	209572	85.04735855335244
droplethic	BC20871	243690	208420	85.52669375025647	243690	208420	85.52669375025647
droplethic	BC167313	402686	338508	84.06252017701136	402686	338508	84.06252017701136
droplethic	BC261436	283874	240580	84.74886745527945	283874	240580	84.74886745527945
droplethic	BC173824	182464	156334	85.67936688881095	182464	156334	85.67936688881095
droplethic	BC333398	333384	275216	82.55225205768723	333384	275216	82.55225205768723
droplethic	BC581746	234298	200350	85.51075980162015	234298	200350	85.51075980162015
droplethic	BC326537	289530	240988	83.23420716333368	289530	240988	83.23420716333368
droplethic	BC161545	395312	330562	83.62053264257094	395312	330562	83.62053264257094
droplethic	BC252087	218944	184066	84.06989915229465	218944	184066	84.06989915229465
droplethic	BC266561	265422	220448	83.055662303803	265422	220448	83.055662303803
droplethic	BC311104	256226	216564	84.52069657255704	256226	216564	84.52069657255704
droplethic	BC451291	286762	241180	84.10458847406561	286762	241180	84.10458847406561
droplethic	BC703486	335800	275076	81.91661703394878	335800	275076	81.91661703394878
droplethic	BC310824	335136	285214	85.10395779623795	335136	285214	85.10395779623795
droplethic	BC7972	162386	128022	78.83807717414062	162386	128022	78.83807717414062
droplethic	BC169280	246438	208542	84.62250139994644	246438	208542	84.62250139994644
droplethic	BC253376	202988	170884	84.18428675586735	202988	170884	84.18428675586735
droplethic	BC290739	355408	308314	86.74931346508801	355408	308314	86.74931346508801
droplethic	BC23191	262340	217764	83.00830982694214	262340	217764	83.00830982694214
droplethic	BC561826	287346	239606	83.3858832209253	287346	239606	83.3858832209253
droplethic	BC266103	259772	209564	80.67228184715827	259772	209564	80.67228184715827
droplethic	BC403533	247766	207862	83.89448108295731	247766	207862	83.89448108295731
droplethic	BC580696	96182	79702	82.86581688881496	96182	79702	82.86581688881496
droplethic	BC334837	212282	183832	86.59801584684523	212282	183832	86.59801584684523
droplethic	BC513647	424084	357176	84.2229369653182	424084	357176	84.2229369653182
droplethic	BC678489	292316	245480	83.97761326783343	292316	245480	83.97761326783343
droplethic	BC633984	228824	191082	83.50610075866167	228824	191082	83.50610075866167
droplethic	BC365271	260930	223160	85.52485340896025	260930	223160	85.52485340896025
droplethic	BC280973	165932	141778	85.4434346599812	165932	141778	85.4434346599812
droplethic	BC289641	334450	286452	85.64867693227687	334450	286452	85.64867693227687
droplethic	BC563144	263916	220438	83.52581882114006	263916	220438	83.52581882114006
droplethic	BC480923	284212	243132	85.54600087258807	284212	243132	85.54600087258807
droplethic	BC243611	244844	209396	85.52221006028329	244844	209396	85.52221006028329
droplethic	BC384752	308856	258736	83.77237288574611	308856	258736	83.77237288574611
droplethic	BC295369	341144	286400	83.95281757850057	341144	286400	83.95281757850057
droplethic	BC50993	178270	146968	82.44124081449486	178270	146968	82.44124081449486
droplethic	BC184767	230540	193122	83.76941094820856	230540	193122	83.76941094820856
droplethic	BC303106	292340	232060	79.38017377026749	292340	232060	79.38017377026749
droplethic	BC474572	388126	328096	84.53337318293543	388126	328096	84.53337318293543
droplethic	BC519720	143582	118040	82.21086208577677	143582	118040	82.21086208577677
droplethic	BC548292	175428	148752	84.7937615431972	175428	148752	84.7937615431972
droplethic	BC144296	194150	164980	84.97553438063353	194150	164980	84.97553438063353
droplethic	BC260796	421200	351792	83.52136752136752	421200	351792	83.52136752136752
droplethic	BC352083	294032	239072	81.30815693529956	294032	239072	81.30815693529956
droplethic	BC392729	294648	252122	85.56718525155439	294648	252122	85.56718525155439
droplethic	BC397997	246616	211452	85.74139552989263	246616	211452	85.74139552989263
droplethic	BC432736	143198	124654	87.05009846506236	143198	124654	87.05009846506236
droplethic	BC638209	347908	284300	81.71700564517056	347908	284300	81.71700564517056
droplethic	BC416496	360596	301336	83.56609612974076	360596	301336	83.56609612974076
droplethic	BC64295	286336	246838	86.20571636119803	286336	246838	86.20571636119803
droplethic	BC66022	306634	257344	83.92546162526008	306634	257344	83.92546162526008
droplethic	BC630833	323708	270704	83.62598391142635	323708	270704	83.62598391142635
droplethic	BC471300	353348	297652	84.23763541890715	353348	297652	84.23763541890715
droplethic	BC660555	298572	250068	83.75467223986175	298572	250068	83.75467223986175
droplethic	BC650204	242830	205546	84.6460486760285	242830	205546	84.6460486760285
droplethic	BC266693	255018	218604	85.72100792885207	255018	218604	85.72100792885207
droplethic	BC259461	210210	177354	84.36991579848723	210210	177354	84.36991579848723
droplethic	BC650101	207508	166632	80.30148235248761	207508	166632	80.30148235248761
droplethic	BC196722	164898	134662	81.66381641984742	164898	134662	81.66381641984742
droplethic	BC194470	203684	172938	84.90504899746666	203684	172938	84.90504899746666
droplethic	BC92324	108042	88102	81.54421428703652	108042	88102	81.54421428703652
droplethic	BC390777	199560	169914	85.14431749849669	199560	169914	85.14431749849669
droplethic	BC371701	269826	228964	84.85616656660218	269826	228964	84.85616656660218
droplethic	BC198973	212994	181202	85.07375794623323	212994	181202	85.07375794623323
droplethic	BC684432	250870	212282	84.61832821780204	250870	212282	84.61832821780204
droplethic	BC623687	226884	191588	84.44315156643924	226884	191588	84.44315156643924
droplethic	BC78551	442964	374092	84.45200964412457	442964	374092	84.45200964412457
droplethic	BC635750	229392	197850	86.24973843900398	229392	197850	86.24973843900398
droplethic	BC347224	355548	298030	83.82271873277307	355548	298030	83.82271873277307
droplethic	BC733462	307930	258548	83.96323839833728	307930	258548	83.96323839833728
droplethic	BC101032	265970	228514	85.917208707749	265970	228514	85.917208707749
droplethic	BC102113	222234	187640	84.43352502317377	222234	187640	84.43352502317377
droplethic	BC46313	463322	386712	83.46506317420715	463322	386712	83.46506317420715
droplethic	BC643174	215058	179928	83.6648718020255	215058	179928	83.6648718020255
droplethic	BC368896	341972	285278	83.42144970933293	341972	285278	83.42144970933293
droplethic	BC50508	281876	243060	86.22940583802807	281876	243060	86.22940583802807
droplethic	BC563371	260620	214792	82.41577776072442	260620	214792	82.41577776072442
droplethic	BC71553	258976	221644	85.58476461139256	258976	221644	85.58476461139256
droplethic	BC626776	204902	172184	84.03236669237	204902	172184	84.03236669237
droplethic	BC248105	239714	206298	86.06005489875434	239714	206298	86.06005489875434
droplethic	BC45825	463604	396004	85.4185900035375	463604	396004	85.4185900035375
droplethic	BC56468	322304	271732	84.3092235901509	322304	271732	84.3092235901509
droplethic	BC663089	234296	201982	86.20804452487452	234296	201982	86.20804452487452
droplethic	BC573568	216724	176120	81.26464996954653	216724	176120	81.26464996954653
droplethic	BC405669	471282	401160	85.12101035049079	471282	401160	85.12101035049079
droplethic	BC308781	316672	263192	83.11186337914309	316672	263192	83.11186337914309
droplethic	BC386412	166076	141892	85.43799224451456	166076	141892	85.43799224451456
droplethic	BC709379	160936	136944	85.09221056817617	160936	136944	85.09221056817617
droplethic	BC127327	183574	154828	84.34091973808927	183574	154828	84.34091973808927
droplethic	BC83400	209292	171816	82.09391663322057	209292	171816	82.09391663322057
droplethic	BC447793	322576	266030	82.47048757502108	322576	266030	82.47048757502108
droplethic	BC78387	362376	303928	83.87089652736384	362376	303928	83.87089652736384
droplethic	BC89188	194294	165980	85.42723913244876	194294	165980	85.42723913244876
droplethic	BC152300	159854	135772	84.93500319041125	159854	135772	84.93500319041125
droplethic	BC54334	287464	245816	85.51192497147468	287464	245816	85.51192497147468
droplethic	BC639805	305828	258320	84.4657781498097	305828	258320	84.4657781498097
droplethic	BC482471	363488	304770	83.84595915133374	363488	304770	83.84595915133374
droplethic	BC420500	509650	426154	83.61699205336996	509650	426154	83.61699205336996
droplethic	BC438960	162890	137786	84.58837252133341	162890	137786	84.58837252133341
droplethic	BC111219	337178	286156	84.86793325780448	337178	286156	84.86793325780448
droplethic	BC135594	468534	393446	83.97384181297409	468534	393446	83.97384181297409
droplethic	BC275253	301062	247096	82.07478858175392	301062	247096	82.07478858175392
droplethic	BC379244	332806	276836	83.18239454817521	332806	276836	83.18239454817521
droplethic	BC485350	181412	151118	83.30099442153771	181412	151118	83.30099442153771
droplethic	BC574460	245244	206824	84.33396943452236	245244	206824	84.33396943452236
droplethic	BC248835	181034	158030	87.29299468608107	181034	158030	87.29299468608107
droplethic	BC232987	229848	190626	82.93567923149212	229848	190626	82.93567923149212
droplethic	BC300335	425898	358432	84.15911791086128	425898	358432	84.15911791086128
droplethic	BC33020	120144	104594	87.05719802903182	120144	104594	87.05719802903182
droplethic	BC554389	270136	225588	83.509047294696	270136	225588	83.509047294696
droplethic	BC29055	412120	345248	83.7736581578181	412120	345248	83.7736581578181
droplethic	BC569533	208118	173160	83.2027984124391	208118	173160	83.2027984124391
droplethic	BC207629	376736	317030	84.15176675443811	376736	317030	84.15176675443811
droplethic	BC45915	294970	250856	85.0445808048276	294970	250856	85.0445808048276
droplethic	BC726513	290222	243300	83.83237659446907	290222	243300	83.83237659446907
droplethic	BC670230	160574	135866	84.6127019318196	160574	135866	84.6127019318196
droplethic	BC565951	375168	319020	85.03390481064483	375168	319020	85.03390481064483
droplethic	BC667575	251866	212192	84.24797312856836	251866	212192	84.24797312856836
droplethic	BC708088	350620	294748	84.06479949803206	350620	294748	84.06479949803206
droplethic	BC257695	108360	88402	81.58176448874123	108360	88402	81.58176448874123
droplethic	BC553999	278766	225690	80.96037536858871	278766	225690	80.96037536858871
droplethic	BC347271	387550	320566	82.71603664043349	387550	320566	82.71603664043349
droplethic	BC338848	236572	202394	85.55281267436553	236572	202394	85.55281267436553
droplethic	BC516538	113772	93224	81.93931723095314	113772	93224	81.93931723095314
droplethic	BC312283	104890	88412	84.29020879016112	104890	88412	84.29020879016112
droplethic	BC340731	302116	257198	85.13220087648453	302116	257198	85.13220087648453
droplethic	BC641661	169720	142628	84.03723780344096	169720	142628	84.03723780344096
droplethic	BC25041	209446	173966	83.0600727633853	209446	173966	83.0600727633853
droplethic	BC229100	139480	110832	79.46085460281044	139480	110832	79.46085460281044
droplethic	BC51955	239828	204724	85.3628433710826	239828	204724	85.3628433710826
droplethic	BC683040	176584	149042	84.40289040909708	176584	149042	84.40289040909708
droplethic	BC647339	292754	244412	83.48715986801206	292754	244412	83.48715986801206
droplethic	BC510549	77210	67620	87.57932910244787	77210	67620	87.57932910244787
droplethic	BC645751	340226	285352	83.87130907102926	340226	285352	83.87130907102926
droplethic	BC536091	389930	327142	83.89762265021928	389930	327142	83.89762265021928
droplethic	BC535148	405924	344404	84.84445364156838	405924	344404	84.84445364156838
droplethic	BC58668	208612	182526	87.49544609130827	208612	182526	87.49544609130827
droplethic	BC416498	314816	263034	83.55166192315511	314816	263034	83.55166192315511
droplethic	BC629243	298632	255836	85.66931876021324	298632	255836	85.66931876021324
droplethic	BC306927	365006	315594	86.46268828457615	365006	315594	86.46268828457615
droplethic	BC439068	390718	330808	84.66669055431282	390718	330808	84.66669055431282
droplethic	BC326551	291216	247664	85.04477775946377	291216	247664	85.04477775946377
droplethic	BC402454	422628	355626	84.14634146341463	422628	355626	84.14634146341463
droplethic	BC286665	350142	290056	82.83953367490903	350142	290056	82.83953367490903
droplethic	BC696772	192192	161326	83.94001831501832	192192	161326	83.94001831501832
droplethic	BC99460	330786	281484	85.09549980954453	330786	281484	85.09549980954453
droplethic	BC606239	188540	157474	83.5228598705845	188540	157474	83.5228598705845
droplethic	BC657068	312116	265388	85.02864319676019	312116	265388	85.02864319676019
droplethic	BC474985	335078	281908	84.1320528354592	335078	281908	84.1320528354592
droplethic	BC242628	203148	174580	85.9373461712643	203148	174580	85.9373461712643
droplethic	BC95252	410696	342586	83.41595730175118	410696	342586	83.41595730175118
droplethic	BC361436	263058	223376	84.91511377718982	263058	223376	84.91511377718982
droplethic	BC374896	206246	173620	84.1810265411208	206246	173620	84.1810265411208
droplethic	BC318106	220974	187782	84.97922832550435	220974	187782	84.97922832550435
droplethic	BC434398	190420	158206	83.08265938451844	190420	158206	83.08265938451844
droplethic	BC95540	276962	228626	82.54778633892015	276962	228626	82.54778633892015
droplethic	BC210292	328056	270972	82.599312312532	328056	270972	82.599312312532
droplethic	BC115604	274356	235592	85.87091224540379	274356	235592	85.87091224540379
droplethic	BC390218	267514	223374	83.49992897567978	267514	223374	83.49992897567978
droplethic	BC91871	378942	311126	82.10385758242687	378942	311126	82.10385758242687
droplethic	BC526945	339430	289298	85.2305335415255	339430	289298	85.2305335415255
droplethic	BC280567	256384	214892	83.81646280579132	256384	214892	83.81646280579132
droplethic	BC724842	237510	201786	84.95894909688013	237510	201786	84.95894909688013
droplethic	BC299315	214896	184886	86.03510535328716	214896	184886	86.03510535328716
droplethic	BC571127	307318	258868	84.23457135605464	307318	258868	84.23457135605464
droplethic	BC112543	178338	150190	84.2164877928428	178338	150190	84.2164877928428
droplethic	BC218391	221250	183712	83.03367231638418	221250	183712	83.03367231638418
droplethic	BC683575	233706	189384	81.03514672280558	233706	189384	81.03514672280558
droplethic	BC266658	217814	184780	84.8338490638802	217814	184780	84.8338490638802
droplethic	BC438727	199742	170198	85.20891950616296	199742	170198	85.20891950616296
droplethic	BC215276	330060	277170	83.97564079258316	330060	277170	83.97564079258316
droplethic	BC139617	228424	193782	84.8343431513326	228424	193782	84.8343431513326
droplethic	BC477989	246468	209808	85.1258581235698	246468	209808	85.1258581235698
droplethic	BC530910	355730	300258	84.40615073229696	355730	300258	84.40615073229696
droplethic	BC481823	368910	309884	83.99989157247025	368910	309884	83.99989157247025
droplethic	BC651267	200924	169838	84.528478429655	200924	169838	84.528478429655
droplethic	BC493738	268474	227606	84.77766934600743	268474	227606	84.77766934600743
droplethic	BC508502	223562	192862	86.26779148513612	223562	192862	86.26779148513612
droplethic	BC197782	288948	243964	84.43180087766657	288948	243964	84.43180087766657
droplethic	BC385410	319058	271848	85.20331726519943	319058	271848	85.20331726519943
droplethic	BC609455	273860	230468	84.15540787263565	273860	230468	84.15540787263565
droplethic	BC728228	358500	298726	83.32663877266388	358500	298726	83.32663877266388
droplethic	BC298878	303856	261400	86.02759201727135	303856	261400	86.02759201727135
droplethic	BC693049	267440	226712	84.7711636254861	267440	226712	84.7711636254861
droplethic	BC262503	245400	209354	85.31132844335778	245400	209354	85.31132844335778
droplethic	BC507427	275920	230842	83.66265584227313	275920	230842	83.66265584227313
droplethic	BC378583	283664	235322	82.95800665576175	283664	235322	82.95800665576175
droplethic	BC548217	411818	343834	83.49173664094333	411818	343834	83.49173664094333
droplethic	BC418722	322602	269216	83.4514355149689	322602	269216	83.4514355149689
droplethic	BC255840	276764	238160	86.05165411686491	276764	238160	86.05165411686491
droplethic	BC290740	208874	176840	84.66348133324396	208874	176840	84.66348133324396
droplethic	BC487066	140226	114808	81.87354698843296	140226	114808	81.87354698843296
droplethic	BC516127	380370	323150	84.95675263559166	380370	323150	84.95675263559166
droplethic	BC536271	238252	191310	80.29733223645552	238252	191310	80.29733223645552
droplethic	BC58336	241120	205798	85.35086264100863	241120	205798	85.35086264100863
droplethic	BC67418	363184	304844	83.93651702718181	363184	304844	83.93651702718181
droplethic	BC496554	397940	327438	82.28325878273107	397940	327438	82.28325878273107
droplethic	BC82410	180212	149126	82.75031629414245	180212	149126	82.75031629414245
droplethic	BC330787	385966	321424	83.27780167164984	385966	321424	83.27780167164984
droplethic	BC20227	287538	246916	85.87247598578274	287538	246916	85.87247598578274
droplethic	BC79978	406136	349852	86.14158803947446	406136	349852	86.14158803947446
droplethic	BC375162	147886	125690	84.99114182546015	147886	125690	84.99114182546015
droplethic	BC450710	237064	198650	83.79593696217056	237064	198650	83.79593696217056
droplethic	BC378318	262882	222272	84.55200432133049	262882	222272	84.55200432133049
droplethic	BC125118	254404	209594	82.38628323454034	254404	209594	82.38628323454034
droplethic	BC643867	369556	311674	84.33742112156209	369556	311674	84.33742112156209
droplethic	BC491611	187636	155346	82.79114882005585	187636	155346	82.79114882005585
droplethic	BC78706	300464	253148	84.2523563555035	300464	253148	84.2523563555035
droplethic	BC727760	185510	156846	84.5485418575818	185510	156846	84.5485418575818
droplethic	BC460447	261152	225142	86.21109545398848	261152	225142	86.21109545398848
droplethic	BC355569	322028	270056	83.86103071782578	322028	270056	83.86103071782578
droplethic	BC82663	277994	237100	85.28961056713455	277994	237100	85.28961056713455
droplethic	BC472743	361710	306692	84.78947222913384	361710	306692	84.78947222913384
droplethic	BC125203	316190	269644	85.2791043360005	316190	269644	85.2791043360005
droplethic	BC302579	317822	266228	83.76638495761779	317822	266228	83.76638495761779
droplethic	BC421805	308322	257950	83.66253462289424	308322	257950	83.66253462289424
droplethic	BC369216	177942	151854	85.33904305897427	177942	151854	85.33904305897427
droplethic	BC426213	167878	141692	84.40176795053551	167878	141692	84.40176795053551
droplethic	BC448050	297936	243308	81.6645185543204	297936	243308	81.6645185543204
droplethic	BC96088	201652	168924	83.77005931009859	201652	168924	83.77005931009859
droplethic	BC568548	171420	143602	83.77202193443006	171420	143602	83.77202193443006
droplethic	BC31221	374582	309086	82.5149099529609	374582	309086	82.5149099529609
droplethic	BC610958	250296	207970	83.08962188768498	250296	207970	83.08962188768498
droplethic	BC672508	264298	223928	84.72557491921997	264298	223928	84.72557491921997
droplethic	BC682108	295078	247786	83.97305119324382	295078	247786	83.97305119324382
droplethic	BC393306	253824	220730	86.96183182047403	253824	220730	86.96183182047403
droplethic	BC141683	300358	259980	86.55670899393391	300358	259980	86.55670899393391
droplethic	BC512583	237134	198256	83.60505030910792	237134	198256	83.60505030910792
droplethic	BC401670	360184	295520	82.04695377917953	360184	295520	82.04695377917953
droplethic	BC667840	201954	169590	83.97456846608634	201954	169590	83.97456846608634
droplethic	BC732250	319248	270136	84.61634841878414	319248	270136	84.61634841878414
droplethic	BC719524	329218	280840	85.30517772418276	329218	280840	85.30517772418276
droplethic	BC469404	270838	228302	84.29467061490632	270838	228302	84.29467061490632
droplethic	BC522180	293074	245214	83.66965339811789	293074	245214	83.66965339811789
droplethic	BC336552	248806	206876	83.14751251979453	248806	206876	83.14751251979453
droplethic	BC42382	306714	255622	83.34213632243718	306714	255622	83.34213632243718
droplethic	BC141838	353262	298086	84.38099767311513	353262	298086	84.38099767311513
droplethic	BC283966	146320	122572	83.76981957353745	146320	122572	83.76981957353745
droplethic	BC181333	88774	78590	88.52817266316714	88774	78590	88.52817266316714
droplethic	BC450632	372576	309764	83.1411577772052	372576	309764	83.1411577772052
droplethic	BC517169	270464	231076	85.43687884524373	270464	231076	85.43687884524373
droplethic	BC298802	424396	354886	83.62142904268654	424396	354886	83.62142904268654
droplethic	BC403896	301494	254658	84.46536249477602	301494	254658	84.46536249477602
droplethic	BC258800	286930	244020	85.04513295925835	286930	244020	85.04513295925835
droplethic	BC374835	328494	273944	83.39391282641388	328494	273944	83.39391282641388
droplethic	BC566684	263168	222688	84.6181906614786	263168	222688	84.6181906614786
droplethic	BC267989	223258	185314	83.00441641508927	223258	185314	83.00441641508927
droplethic	BC451546	348900	294830	84.50272284322155	348900	294830	84.50272284322155
droplethic	BC215128	244106	199778	81.8406757720007	244106	199778	81.8406757720007
droplethic	BC284882	146632	122106	83.27377380108025	146632	122106	83.27377380108025
droplethic	BC467692	99574	86182	86.55070600759234	99574	86182	86.55070600759234
droplethic	BC273275	244270	208772	85.46772014574037	244270	208772	85.46772014574037
droplethic	BC469964	170340	140524	82.49618410238347	170340	140524	82.49618410238347
droplethic	BC498721	261732	218648	83.53888710589457	261732	218648	83.53888710589457
droplethic	BC552499	219072	187070	85.39201723634238	219072	187070	85.39201723634238
droplethic	BC648419	377290	313830	83.18004717856292	377290	313830	83.18004717856292
droplethic	BC69790	245218	207032	84.42773369002275	245218	207032	84.42773369002275
droplethic	BC402574	365204	305962	83.7783813977941	365204	305962	83.7783813977941
droplethic	BC327061	187532	154214	82.2334321609112	187532	154214	82.2334321609112
droplethic	BC351306	309022	259242	83.89111454847875	309022	259242	83.89111454847875
droplethic	BC427711	297032	251078	84.52893964286676	297032	251078	84.52893964286676
droplethic	BC668003	236116	194990	82.58229006081757	236116	194990	82.58229006081757
droplethic	BC53689	158046	140510	88.90449615934601	158046	140510	88.90449615934601
droplethic	BC408808	272524	231550	84.96499390879336	272524	231550	84.96499390879336
droplethic	BC13098	250358	209992	83.87668858195065	250358	209992	83.87668858195065
droplethic	BC49443	122054	101296	82.99277369033379	122054	101296	82.99277369033379
droplethic	BC45411	176774	148582	84.05195334155475	176774	148582	84.05195334155475
droplethic	BC215761	323488	276524	85.48199624097339	323488	276524	85.48199624097339
droplethic	BC490994	217146	185872	85.59770845421974	217146	185872	85.59770845421974
droplethic	BC428284	333380	275678	82.69182314475974	333380	275678	82.69182314475974
droplethic	BC330970	209292	174784	83.51203103797565	209292	174784	83.51203103797565
droplethic	BC172973	184890	156454	84.62004435069501	184890	156454	84.62004435069501
droplethic	BC256187	370692	312486	84.29801560325014	370692	312486	84.29801560325014
droplethic	BC132075	393280	331644	84.32770545158665	393280	331644	84.32770545158665
droplethic	BC583182	333796	280920	84.15918704837685	333796	280920	84.15918704837685
droplethic	BC144633	212864	178420	83.81877630787733	212864	178420	83.81877630787733
droplethic	BC312993	224398	193468	86.21645469210955	224398	193468	86.21645469210955
droplethic	BC373801	335828	285764	85.09236871255524	335828	285764	85.09236871255524
droplethic	BC321090	312170	262356	84.0426690585258	312170	262356	84.0426690585258
droplethic	BC661985	273350	234584	85.81818181818181	273350	234584	85.81818181818181
droplethic	BC648953	236048	196334	83.17545583949027	236048	196334	83.17545583949027
droplethic	BC724213	380098	317132	83.43427221400796	380098	317132	83.43427221400796
droplethic	BC702773	268724	231468	86.13596106041886	268724	231468	86.13596106041886
droplethic	BC269459	294090	250248	85.09231867795573	294090	250248	85.09231867795573
droplethic	BC479991	263370	220742	83.81440558909519	263370	220742	83.81440558909519
droplethic	BC239595	257602	220136	85.45585826197002	257602	220136	85.45585826197002
droplethic	BC549690	384168	326254	84.92482455592345	384168	326254	84.92482455592345
droplethic	BC164496	278868	237750	85.25538964671458	278868	237750	85.25538964671458
droplethic	BC503923	449246	373940	83.23724640842656	449246	373940	83.23724640842656
droplethic	BC633586	220120	184062	83.61893512629474	220120	184062	83.61893512629474
droplethic	BC644876	305362	254582	83.37055691277894	305362	254582	83.37055691277894
droplethic	BC568401	259610	218488	84.16008628327106	259610	218488	84.16008628327106
droplethic	BC395958	329234	272664	82.81769197591986	329234	272664	82.81769197591986
droplethic	BC389507	261968	220078	84.00949734318695	261968	220078	84.00949734318695
droplethic	BC398415	266846	220828	82.75484736514694	266846	220828	82.75484736514694
droplethic	BC419703	347860	292242	84.01138389007072	347860	292242	84.01138389007072
droplethic	BC207440	283030	237768	84.00805568314313	283030	237768	84.00805568314313
droplethic	BC112432	240060	201446	83.91485461967841	240060	201446	83.91485461967841
droplethic	BC356284	238976	194520	81.39729512587039	238976	194520	81.39729512587039
droplethic	BC139230	320480	263902	82.34585621567649	320480	263902	82.34585621567649
droplethic	BC87054	178752	144296	80.72413175796635	178752	144296	80.72413175796635
droplethic	BC227992	315870	272466	86.25890397948523	315870	272466	86.25890397948523
droplethic	BC254924	158372	126502	79.87649331952618	158372	126502	79.87649331952618
droplethic	BC343900	266750	231716	86.86635426429241	266750	231716	86.86635426429241
droplethic	BC330090	193350	167684	86.72562710111197	193350	167684	86.72562710111197
droplethic	BC27785	335208	274360	81.84768859931744	335208	274360	81.84768859931744
droplethic	BC22262	310476	259966	83.73143173707469	310476	259966	83.73143173707469
droplethic	BC393155	257756	210220	81.55775229286613	257756	210220	81.55775229286613
droplethic	BC576747	327126	275610	84.25193961959611	327126	275610	84.25193961959611
droplethic	BC532281	291702	237990	81.58668778410843	291702	237990	81.58668778410843
droplethic	BC77365	242722	203060	83.65949522498991	242722	203060	83.65949522498991
droplethic	BC334762	149912	126744	84.54560008538343	149912	126744	84.54560008538343
droplethic	BC358030	270534	234326	86.61610000961062	270534	234326	86.61610000961062
droplethic	BC202582	406722	342168	84.12822517591869	406722	342168	84.12822517591869
droplethic	BC66408	378514	318472	84.13744273659627	378514	318472	84.13744273659627
droplethic	BC232856	172394	149964	86.98910634940891	172394	149964	86.98910634940891
droplethic	BC594255	278456	235674	84.635992760077	278456	235674	84.635992760077
droplethic	BC728331	200860	170614	84.94175047296625	200860	170614	84.94175047296625
droplethic	BC386857	207080	176256	85.11493142746764	207080	176256	85.11493142746764
droplethic	BC50506	435970	375710	86.1779480239466	435970	375710	86.1779480239466
droplethic	BC219162	255984	218790	85.47018563660228	255984	218790	85.47018563660228
droplethic	BC292722	396706	331856	83.6528814789794	396706	331856	83.6528814789794
droplethic	BC35155	321966	271438	84.30641744780505	321966	271438	84.30641744780505
droplethic	BC142476	188824	159454	84.4458331568021	188824	159454	84.4458331568021
droplethic	BC587956	240494	193294	80.37373073756518	240494	193294	80.37373073756518
droplethic	BC535745	307646	255150	82.93623190290138	307646	255150	82.93623190290138
droplethic	BC60311	429496	363358	84.60102073127572	429496	363358	84.60102073127572
droplethic	BC735662	489890	413108	84.3266855824777	489890	413108	84.3266855824777
droplethic	BC261340	205504	171918	83.65676580504515	205504	171918	83.65676580504515
droplethic	BC719754	203278	168242	82.76449000875648	203278	168242	82.76449000875648
droplethic	BC314924	251826	216414	85.93790950894666	251826	216414	85.93790950894666
droplethic	BC264446	225702	191562	84.87386022277163	225702	191562	84.87386022277163
droplethic	BC33053	116264	99004	85.1544760200922	116264	99004	85.1544760200922
droplethic	BC589445	218446	182476	83.53368795949571	218446	182476	83.53368795949571
droplethic	BC666285	280518	234558	83.61602464013005	280518	234558	83.61602464013005
droplethic	BC66898	243102	201512	82.89195481731947	243102	201512	82.89195481731947
droplethic	BC549382	347634	297724	85.64294631710362	347634	297724	85.64294631710362
droplethic	BC570101	138158	115110	83.31765080559938	138158	115110	83.31765080559938
droplethic	BC325405	347970	297894	85.60910423312355	347970	297894	85.60910423312355
droplethic	BC577795	424880	359220	84.54622481641876	424880	359220	84.54622481641876
droplethic	BC401785	225334	187348	83.14235756698945	225334	187348	83.14235756698945
droplethic	BC153025	439348	369204	84.03452388539381	439348	369204	84.03452388539381
droplethic	BC267780	407976	344864	84.53046257622998	407976	344864	84.53046257622998
droplethic	BC411792	214924	176142	81.95548193780127	214924	176142	81.95548193780127
droplethic	BC411706	195236	156306	80.06002991251613	195236	156306	80.06002991251613
droplethic	BC408570	280854	231976	82.59665164106617	280854	231976	82.59665164106617
droplethic	BC489165	345530	285232	82.54912742743032	345530	285232	82.54912742743032
droplethic	BC229296	330434	278168	84.18262043252207	330434	278168	84.18262043252207
droplethic	BC266065	232548	186018	79.99122761752412	232548	186018	79.99122761752412
droplethic	BC207804	198442	165140	83.21827032583828	198442	165140	83.21827032583828
droplethic	BC653462	296908	247466	83.34770366578199	296908	247466	83.34770366578199
droplethic	BC152142	244474	208360	85.22787699305448	244474	208360	85.22787699305448
droplethic	BC560387	339728	288402	84.89203127207648	339728	288402	84.89203127207648
droplethic	BC702300	274608	232100	84.52048010254617	274608	232100	84.52048010254617
droplethic	BC164921	251982	206458	81.93363017993349	251982	206458	81.93363017993349
droplethic	BC427657	225522	190910	84.65249510025629	225522	190910	84.65249510025629
droplethic	BC64045	331534	278914	84.12832469671285	331534	278914	84.12832469671285
droplethic	BC311566	254222	214360	84.32000377622708	254222	214360	84.32000377622708
droplethic	BC469833	259530	214160	82.51839864370207	259530	214160	82.51839864370207
droplethic	BC28724	324440	276584	85.24966095425965	324440	276584	85.24966095425965
droplethic	BC472746	240734	204084	84.7757275665257	240734	204084	84.7757275665257
droplethic	BC581908	212986	177682	83.42426262759055	212986	177682	83.42426262759055
droplethic	BC41679	225468	192930	85.56868380435361	225468	192930	85.56868380435361
droplethic	BC571841	284726	238752	83.85324838616775	284726	238752	83.85324838616775
droplethic	BC670914	177856	148574	83.53611910759265	177856	148574	83.53611910759265
droplethic	BC430259	320800	268780	83.78428927680798	320800	268780	83.78428927680798
droplethic	BC320533	152514	125396	82.2193372411713	152514	125396	82.2193372411713
droplethic	BC43848	399238	331886	83.12986238784885	399238	331886	83.12986238784885
droplethic	BC651103	239936	199498	83.14633902373967	239936	199498	83.14633902373967
droplethic	BC447838	319774	273348	85.4816213951103	319774	273348	85.4816213951103
droplethic	BC612603	227150	190302	83.77812018489985	227150	190302	83.77812018489985
droplethic	BC460795	494640	413478	83.59170305676857	494640	413478	83.59170305676857
droplethic	BC68447	162248	139894	86.22232631527045	162248	139894	86.22232631527045
droplethic	BC702733	333412	281326	84.37788681871078	333412	281326	84.37788681871078
droplethic	BC91798	391194	334630	85.5406780267591	391194	334630	85.5406780267591
droplethic	BC276871	281636	241922	85.89881975315656	281636	241922	85.89881975315656
droplethic	BC409369	262760	218600	83.19378900898158	262760	218600	83.19378900898158
droplethic	BC670538	326812	276446	84.58869319364038	326812	276446	84.58869319364038
droplethic	BC433403	281256	239806	85.26253662144096	281256	239806	85.26253662144096
droplethic	BC258194	481490	404998	84.11348106918108	481490	404998	84.11348106918108
droplethic	BC450300	390330	326882	83.74503625137704	390330	326882	83.74503625137704
droplethic	BC520325	222272	185860	83.61826950763029	222272	185860	83.61826950763029
droplethic	BC694944	308198	260246	84.4411709355674	308198	260246	84.4411709355674
droplethic	BC86138	245810	209306	85.14950571579675	245810	209306	85.14950571579675
droplethic	BC112831	455902	385076	84.46464371729012	455902	385076	84.46464371729012
droplethic	BC552443	363184	304096	83.73056081765716	363184	304096	83.73056081765716
droplethic	BC379281	398750	333676	83.68050156739812	398750	333676	83.68050156739812
droplethic	BC104851	275080	230442	83.77272066307984	275080	230442	83.77272066307984
droplethic	BC358918	233820	197154	84.31870669745959	233820	197154	84.31870669745959
droplethic	BC174459	291672	250662	85.9396856743191	291672	250662	85.9396856743191
droplethic	BC662894	154042	129294	83.93425169758896	154042	129294	83.93425169758896
droplethic	BC66378	317148	265464	83.70350751068902	317148	265464	83.70350751068902
droplethic	BC526380	259352	222540	85.80616305253092	259352	222540	85.80616305253092
droplethic	BC116424	159670	126524	79.24093442725622	159670	126524	79.24093442725622
droplethic	BC440678	173408	148884	85.85763055914376	173408	148884	85.85763055914376
droplethic	BC87975	306462	255730	83.44590846499729	306462	255730	83.44590846499729
droplethic	BC124937	336284	284400	84.57137419562036	336284	284400	84.57137419562036
droplethic	BC263741	222764	190520	85.5254888581638	222764	190520	85.5254888581638
droplethic	BC273731	250626	212788	84.90260387988477	250626	212788	84.90260387988477
droplethic	BC274924	349744	290890	83.1722631410403	349744	290890	83.1722631410403
droplethic	BC350270	280006	238848	85.30102926365863	280006	238848	85.30102926365863
droplethic	BC658809	343448	286846	83.51948475460622	343448	286846	83.51948475460622
droplethic	BC702817	202910	167102	82.35276723670593	202910	167102	82.35276723670593
droplethic	BC659783	243080	197830	81.38472930722396	243080	197830	81.38472930722396
droplethic	BC26663	234406	200800	85.66333626272365	234406	200800	85.66333626272365
droplethic	BC517763	249412	213438	85.57647587124917	249412	213438	85.57647587124917
droplethic	BC338830	200392	173798	86.72901113816918	200392	173798	86.72901113816918
droplethic	BC599159	336280	279762	83.19317235636969	336280	279762	83.19317235636969
droplethic	BC603939	137740	119290	86.60519819950632	137740	119290	86.60519819950632
droplethic	BC643452	223268	191760	85.88781195693069	223268	191760	85.88781195693069
droplethic	BC66940	344316	292996	85.0950870711788	344316	292996	85.0950870711788
droplethic	BC263897	150136	123822	82.47322427665583	150136	123822	82.47322427665583
droplethic	BC435146	177528	150716	84.8970303276103	177528	150716	84.8970303276103
droplethic	BC695399	412168	342842	83.18015954659265	412168	342842	83.18015954659265
droplethic	BC211179	390888	327092	83.67921245983504	390888	327092	83.67921245983504
droplethic	BC396611	399934	338144	84.54995074187241	399934	338144	84.54995074187241
droplethic	BC440608	322238	268186	83.22606272382525	322238	268186	83.22606272382525
droplethic	BC51916	272234	229758	84.39724648647855	272234	229758	84.39724648647855
droplethic	BC678409	223988	189778	84.72686036751969	223988	189778	84.72686036751969
droplethic	BC54213	506082	426246	84.22469086037441	506082	426246	84.22469086037441
droplethic	BC268903	218160	165774	75.98734873487349	218160	165774	75.98734873487349
droplethic	BC6458	313478	258240	82.37898672315123	313478	258240	82.37898672315123
droplethic	BC416964	273918	233478	85.23645762600486	273918	233478	85.23645762600486
droplethic	BC456651	380796	319000	83.77188836017186	380796	319000	83.77188836017186
droplethic	BC630570	199326	170106	85.34059781463532	199326	170106	85.34059781463532
droplethic	BC433356	254522	221538	87.04080590282962	254522	221538	87.04080590282962
droplethic	BC264110	456624	383916	84.0770524545359	456624	383916	84.0770524545359
droplethic	BC603573	289626	242468	83.7176220366956	289626	242468	83.7176220366956
droplethic	BC631682	156044	127316	81.58980800287098	156044	127316	81.58980800287098
droplethic	BC669620	285226	236204	82.8129272927433	285226	236204	82.8129272927433
droplethic	BC689954	341082	295262	86.56628024932421	341082	295262	86.56628024932421
droplethic	BC75669	269898	225226	83.4485620493668	269898	225226	83.4485620493668
droplethic	BC649207	348294	299988	86.13068269909904	348294	299988	86.13068269909904
droplethic	BC723220	221904	185116	83.42165981685774	221904	185116	83.42165981685774
droplethic	BC699174	381162	325978	85.52216642792304	381162	325978	85.52216642792304
droplethic	BC526047	338752	287316	84.81603060646137	338752	287316	84.81603060646137
droplethic	BC482161	276552	234910	84.94243397263445	276552	234910	84.94243397263445
droplethic	BC253230	398924	337414	84.58102295174018	398924	337414	84.58102295174018
droplethic	BC137917	278022	228594	82.22155081252562	278022	228594	82.22155081252562
droplethic	BC175686	227304	195742	86.11463062682574	227304	195742	86.11463062682574
droplethic	BC346057	275900	234020	84.82058716926423	275900	234020	84.82058716926423
droplethic	BC621329	374793	317141	84.61764227186741	374793	317141	84.61764227186741
droplethic	BC561127	219876	188256	85.61916716694864	219876	188256	85.61916716694864
droplethic	BC698158	161242	137924	85.5385073367981	161242	137924	85.5385073367981
droplethic	BC185010	306684	248130	80.90738349571546	306684	248130	80.90738349571546
droplethic	BC661281	194858	163150	83.7276375617116	194858	163150	83.7276375617116
droplethic	BC287260	199788	159936	80.05285602738903	199788	159936	80.05285602738903
droplethic	BC252055	392002	329730	84.11436676343489	392002	329730	84.11436676343489
droplethic	BC350271	355332	296306	83.38849301498317	355332	296306	83.38849301498317
droplethic	BC611804	222892	180236	80.86248048382176	222892	180236	80.86248048382176
droplethic	BC51275	159056	135436	85.1498843174731	159056	135436	85.1498843174731
droplethic	BC481764	290660	242844	83.54916397165073	290660	242844	83.54916397165073
droplethic	BC488279	162772	124956	76.76750301034576	162772	124956	76.76750301034576
droplethic	BC372679	212652	179410	84.36788744051314	212652	179410	84.36788744051314
droplethic	BC244241	213398	183144	85.82273498345813	213398	183144	85.82273498345813
droplethic	BC654152	331892	280582	84.5401516155858	331892	280582	84.5401516155858
droplethic	BC675372	364766	300782	82.45889145369908	364766	300782	82.45889145369908
droplethic	BC615488	294288	250782	85.2165225901158	294288	250782	85.2165225901158
droplethic	BC27515	216150	177814	82.26416840157299	216150	177814	82.26416840157299
droplethic	BC60722	179878	148986	82.82613771556277	179878	148986	82.82613771556277
droplethic	BC17190	429446	360830	84.02220535294309	429446	360830	84.02220535294309
droplethic	BC241525	226792	187586	82.71279410208473	226792	187586	82.71279410208473
droplethic	BC721337	295970	250646	84.68628577220665	295970	250646	84.68628577220665
droplethic	BC615173	259508	221460	85.33840960586957	259508	221460	85.33840960586957
droplethic	BC540163	219356	186574	85.05534382465034	219356	186574	85.05534382465034
droplethic	BC146555	222002	184592	83.14880046125711	222002	184592	83.14880046125711
droplethic	BC172030	245514	208422	84.89210391260784	245514	208422	84.89210391260784
droplethic	BC358756	217860	185138	84.98026255393371	217860	185138	84.98026255393371
droplethic	BC404151	234094	202788	86.62673968576726	234094	202788	86.62673968576726
droplethic	BC172931	224480	184292	82.09729151817534	224480	184292	82.09729151817534
droplethic	BC565539	159010	134966	84.87893843154518	159010	134966	84.87893843154518
droplethic	BC382886	232272	195180	84.03079148584418	232272	195180	84.03079148584418
droplethic	BC473144	340612	294284	86.39860016675865	340612	294284	86.39860016675865
droplethic	BC20664	333650	281014	84.22418702232879	333650	281014	84.22418702232879
droplethic	BC280046	297570	253622	85.23103807507478	297570	253622	85.23103807507478
droplethic	BC495256	287796	242732	84.34168647236237	287796	242732	84.34168647236237
droplethic	BC375520	166310	137722	82.81041428657326	166310	137722	82.81041428657326
droplethic	BC302225	201228	170674	84.81622835788261	201228	170674	84.81622835788261
droplethic	BC480085	274004	235008	85.76809097677406	274004	235008	85.76809097677406
droplethic	BC48512	476082	398304	83.6628984082574	476082	398304	83.6628984082574
droplethic	BC375567	238838	201290	84.27888359473785	238838	201290	84.27888359473785
droplethic	BC349634	329880	271698	82.36267733721353	329880	271698	82.36267733721353
droplethic	BC150987	322468	265320	82.27793145366363	322468	265320	82.27793145366363
droplethic	BC381635	250524	203634	81.2832303491881	250524	203634	81.2832303491881
droplethic	BC62554	348284	299396	85.96317947422219	348284	299396	85.96317947422219
droplethic	BC474065	251092	212918	84.79680754464499	251092	212918	84.79680754464499
droplethic	BC218969	415852	353148	84.92155863143618	415852	353148	84.92155863143618
droplethic	BC673723	125708	102154	81.26292678270278	125708	102154	81.26292678270278
droplethic	BC430724	264404	225150	85.15377982178786	264404	225150	85.15377982178786
droplethic	BC538938	249020	215174	86.40832061681793	249020	215174	86.40832061681793
droplethic	BC162629	254098	206456	81.25054112980031	254098	206456	81.25054112980031
droplethic	BC385767	217386	179488	82.5664946224688	217386	179488	82.5664946224688
droplethic	BC66284	305152	253928	83.21361157718121	305152	253928	83.21361157718121
droplethic	BC257178	273870	227284	82.98973965750173	273870	227284	82.98973965750173
droplethic	BC53318	272726	231604	84.92186296869386	272726	231604	84.92186296869386
droplethic	BC42321	331164	285568	86.23159522170285	331164	285568	86.23159522170285
droplethic	BC327998	276712	237834	85.95001300991645	276712	237834	85.95001300991645
droplethic	BC429737	297538	236620	79.52597651392428	297538	236620	79.52597651392428
droplethic	BC447697	264846	222014	83.82758282171527	264846	222014	83.82758282171527
droplethic	BC22188	281718	237346	84.24949772467502	281718	237346	84.24949772467502
droplethic	BC467869	286354	240842	84.1063858021889	286354	240842	84.1063858021889
droplethic	BC703024	227146	188716	83.08136616977627	227146	188716	83.08136616977627
droplethic	BC193692	385274	317646	82.446778137118	385274	317646	82.446778137118
droplethic	BC337621	458578	387630	84.52869522742041	458578	387630	84.52869522742041
droplethic	BC458933	285594	237010	82.98843813245377	285594	237010	82.98843813245377
droplethic	BC47302	210394	175992	83.64877325399013	210394	175992	83.64877325399013
droplethic	BC636234	208316	177154	85.04099541081818	208316	177154	85.04099541081818
droplethic	BC640807	188652	158448	83.98956809363273	188652	158448	83.98956809363273
droplethic	BC80400	279964	238592	85.22238573530882	279964	238592	85.22238573530882
droplethic	BC428476	253522	216968	85.58152744140548	253522	216968	85.58152744140548
droplethic	BC488862	240776	202990	84.30657540618667	240776	202990	84.30657540618667
droplethic	BC459132	247172	212812	86.09874904924506	247172	212812	86.09874904924506
droplethic	BC579801	392308	332710	84.80836485618443	392308	332710	84.80836485618443
droplethic	BC523350	323862	275006	84.91456237533271	323862	275006	84.91456237533271
droplethic	BC633719	243830	209846	86.06242053890006	243830	209846	86.06242053890006
droplethic	BC516822	225434	189304	83.97313626161093	225434	189304	83.97313626161093
droplethic	BC441158	291684	244796	83.92506959586402	291684	244796	83.92506959586402
droplethic	BC64407	339622	284964	83.90622515620308	339622	284964	83.90622515620308
droplethic	BC245792	350394	292630	83.5145578976809	350394	292630	83.5145578976809
droplethic	BC606806	262166	212456	81.03873118558471	262166	212456	81.03873118558471
droplethic	BC105410	235196	201296	85.58648956614908	235196	201296	85.58648956614908
droplethic	BC678969	232340	196286	84.48222432641818	232340	196286	84.48222432641818
droplethic	BC116606	308896	258980	83.84051590179219	308896	258980	83.84051590179219
droplethic	BC269785	240394	200426	83.37396108055941	240394	200426	83.37396108055941
droplethic	BC223025	301676	251818	83.4729975205187	301676	251818	83.4729975205187
droplethic	BC200240	450374	378752	84.09721697966579	450374	378752	84.09721697966579
droplethic	BC378147	190652	162306	85.1320730965319	190652	162306	85.1320730965319
droplethic	BC521243	269030	224722	83.53046128684534	269030	224722	83.53046128684534
droplethic	BC7278	286626	238894	83.34693991473209	286626	238894	83.34693991473209
droplethic	BC730942	255168	215574	84.4831640331076	255168	215574	84.4831640331076
droplethic	BC288033	453876	379544	83.62283971833716	453876	379544	83.62283971833716
droplethic	BC89024	269178	231672	86.06646902792947	269178	231672	86.06646902792947
droplethic	BC222035	387562	332520	85.79788524158715	387562	332520	85.79788524158715
droplethic	BC306672	240122	205128	85.42657482446423	240122	205128	85.42657482446423
droplethic	BC39605	445262	376108	84.4689194227219	445262	376108	84.4689194227219
droplethic	BC348750	273530	228626	83.58351917522758	273530	228626	83.58351917522758
droplethic	BC640023	135954	113878	83.7621548464922	135954	113878	83.7621548464922
droplethic	BC586386	203866	173290	85.00191302129831	203866	173290	85.00191302129831
droplethic	BC662048	187098	157186	84.01265646880245	187098	157186	84.01265646880245
droplethic	BC657148	410756	347692	84.64684630291462	410756	347692	84.64684630291462
droplethic	BC574932	151502	126852	83.72958772821481	151502	126852	83.72958772821481
droplethic	BC466505	557882	466992	83.70802427753539	557882	466992	83.70802427753539
droplethic	BC524446	321038	269556	83.9638921249198	321038	269556	83.9638921249198
droplethic	BC56829	243346	207178	85.13721203553787	243346	207178	85.13721203553787
droplethic	BC30536	193064	158330	82.00907471097668	193064	158330	82.00907471097668
droplethic	BC249242	408610	346976	84.91617924181983	408610	346976	84.91617924181983
droplethic	BC365194	278476	233848	83.97420244473491	278476	233848	83.97420244473491
droplethic	BC576520	369030	312622	84.71452185459177	369030	312622	84.71452185459177
droplethic	BC270665	355348	297416	83.6971081869041	355348	297416	83.6971081869041
droplethic	BC134196	311690	264324	84.80349064775899	311690	264324	84.80349064775899
droplethic	BC361164	484182	410500	84.78216868863362	484182	410500	84.78216868863362
droplethic	BC657717	556754	466908	83.86253174651641	556754	466908	83.86253174651641
droplethic	BC700996	116508	99654	85.53404058090432	116508	99654	85.53404058090432
droplethic	BC716786	205416	171118	83.30315067959653	205416	171118	83.30315067959653
droplethic	BC509950	194356	168292	86.58955730720945	194356	168292	86.58955730720945
droplethic	BC600792	345212	290988	84.2925506645192	345212	290988	84.2925506645192
droplethic	BC682145	303962	256650	84.43489646732158	303962	256650	84.43489646732158
droplethic	BC716032	172170	141192	82.00731834814428	172170	141192	82.00731834814428
droplethic	BC709604	358336	303730	84.76122968387212	358336	303730	84.76122968387212
droplethic	BC526528	209108	180754	86.44049964611588	209108	180754	86.44049964611588
droplethic	BC732095	258700	221482	85.61345187475841	258700	221482	85.61345187475841
droplethic	BC733877	263520	226796	86.06405585913782	263520	226796	86.06405585913782
droplethic	BC350332	166608	140714	84.45812926150005	166608	140714	84.45812926150005
droplethic	BC198224	390584	326774	83.66292526063536	390584	326774	83.66292526063536
droplethic	BC486419	229146	194230	84.76255313206427	229146	194230	84.76255313206427
droplethic	BC566608	127034	104796	82.49445030464285	127034	104796	82.49445030464285
droplethic	BC690318	268922	232518	86.46298926826366	268922	232518	86.46298926826366
droplethic	BC154714	189618	154310	81.37940490881667	189618	154310	81.37940490881667
droplethic	BC642649	176656	141182	79.9191649307128	176656	141182	79.9191649307128
droplethic	BC36611	133408	105566	79.13018709522667	133408	105566	79.13018709522667
droplethic	BC571276	422800	355976	84.19489120151371	422800	355976	84.19489120151371
droplethic	BC121886	142336	118498	83.25230440647482	142336	118498	83.25230440647482
droplethic	BC565025	177192	149094	84.14262494920764	177192	149094	84.14262494920764
droplethic	BC676955	224792	191348	85.12224634328624	224792	191348	85.12224634328624
droplethic	BC550794	269356	225566	83.74270482187143	269356	225566	83.74270482187143
droplethic	BC535794	263172	216418	82.23443223443223	263172	216418	82.23443223443223
droplethic	BC627919	375324	311202	82.91556095533458	375324	311202	82.91556095533458
droplethic	BC422838	265752	229352	86.30301935639243	265752	229352	86.30301935639243
droplethic	BC42194	111220	92140	82.84481208415752	111220	92140	82.84481208415752
droplethic	BC254754	234202	200444	85.58594717380723	234202	200444	85.58594717380723
droplethic	BC299745	196226	165470	84.32623607473016	196226	165470	84.32623607473016
droplethic	BC206482	276710	233988	84.56073145170033	276710	233988	84.56073145170033
droplethic	BC392969	260086	219480	84.38747183623879	260086	219480	84.38747183623879
droplethic	BC386227	227578	189838	83.41667472251272	227578	189838	83.41667472251272
droplethic	BC704783	439064	372062	84.7398101415739	439064	372062	84.7398101415739
droplethic	BC229753	230304	196480	85.31332499652633	230304	196480	85.31332499652633
droplethic	BC539755	198048	168352	85.00565519470028	198048	168352	85.00565519470028
droplethic	BC161304	279254	235262	84.24659986965271	279254	235262	84.24659986965271
droplethic	BC427882	201026	166326	82.73855123217892	201026	166326	82.73855123217892
droplethic	BC154842	391252	314626	80.41517998630039	391252	314626	80.41517998630039
droplethic	BC311097	458396	386686	84.35632073578303	458396	386686	84.35632073578303
droplethic	BC613057	223098	183598	82.2947762866543	223098	183598	82.2947762866543
droplethic	BC172282	211510	173258	81.91480308259656	211510	173258	81.91480308259656
droplethic	BC351685	292296	247624	84.71686235870487	292296	247624	84.71686235870487
droplethic	BC675834	221532	185332	83.65924561688605	221532	185332	83.65924561688605
droplethic	BC3791	336814	284690	84.52439625431246	336814	284690	84.52439625431246
droplethic	BC642722	232556	192768	82.89100259722389	232556	192768	82.89100259722389
droplethic	BC43283	790026	664580	84.12128208438709	790026	664580	84.12128208438709
droplethic	BC476692	283846	245018	86.32075139336119	283846	245018	86.32075139336119
droplethic	BC519617	372968	314614	84.35415370755668	372968	314614	84.35415370755668
droplethic	BC499983	265398	222602	83.87478428624179	265398	222602	83.87478428624179
droplethic	BC484651	368322	313066	84.99790943793745	368322	313066	84.99790943793745
droplethic	BC663509	249990	214250	85.70342813712548	249990	214250	85.70342813712548
droplethic	BC28753	82876	72652	87.66349727303441	82876	72652	87.66349727303441
droplethic	BC661671	208396	173562	83.28470795984568	208396	173562	83.28470795984568
droplethic	BC384289	193704	163404	84.35757650848717	193704	163404	84.35757650848717
droplethic	BC33945	188834	157346	83.3250368048127	188834	157346	83.3250368048127
droplethic	BC247407	211160	175518	83.12085622276946	211160	175518	83.12085622276946
droplethic	BC201936	308528	263862	85.52286988539127	308528	263862	85.52286988539127
droplethic	BC660251	218298	188488	86.34435496431483	218298	188488	86.34435496431483
droplethic	BC541570	325726	270274	82.9758754290416	325726	270274	82.9758754290416
droplethic	BC146167	262510	221010	84.19107843510723	262510	221010	84.19107843510723
droplethic	BC599650	175476	143682	81.88128291048349	175476	143682	81.88128291048349
droplethic	BC704768	238868	201190	84.22643468359094	238868	201190	84.22643468359094
droplethic	BC178546	303602	258150	85.02908412988057	303602	258150	85.02908412988057
droplethic	BC345712	312272	260394	83.38691909617256	312272	260394	83.38691909617256
droplethic	BC327163	407728	336620	82.55994192206569	407728	336620	82.55994192206569
droplethic	BC163750	355014	298774	84.15837121916319	355014	298774	84.15837121916319
droplethic	BC349684	236720	202574	85.57536329841163	236720	202574	85.57536329841163
droplethic	BC203907	207548	174788	84.21569950083835	207548	174788	84.21569950083835
droplethic	BC226040	226252	195252	86.29846365998975	226252	195252	86.29846365998975
droplethic	BC372967	394944	334082	84.58971398476746	394944	334082	84.58971398476746
droplethic	BC516373	276506	238894	86.39740186469733	276506	238894	86.39740186469733
droplethic	BC164328	306992	262516	85.51232605409913	306992	262516	85.51232605409913
droplethic	BC618518	240364	200742	83.5158343179511	240364	200742	83.5158343179511
droplethic	BC472374	248392	207166	83.40284711262842	248392	207166	83.40284711262842
droplethic	BC606471	414580	349140	84.2153504751797	414580	349140	84.2153504751797
droplethic	BC37037	239804	198680	82.85099497923304	239804	198680	82.85099497923304
droplethic	BC19255	236600	197788	83.59594251901945	236600	197788	83.59594251901945
droplethic	BC205440	304924	259778	85.1943435085464	304924	259778	85.1943435085464
droplethic	BC628238	190406	151252	79.43657237692089	190406	151252	79.43657237692089
droplethic	BC31550	270152	224450	83.08285705824869	270152	224450	83.08285705824869
droplethic	BC191623	373924	316630	84.67763502743873	373924	316630	84.67763502743873
droplethic	BC515843	96722	81154	83.90438576538946	96722	81154	83.90438576538946
droplethic	BC59280	238222	202974	85.20371754078128	238222	202974	85.20371754078128
droplethic	BC273229	246024	204096	82.95776021851526	246024	204096	82.95776021851526
droplethic	BC133103	242804	209696	86.36431030790267	242804	209696	86.36431030790267
droplethic	BC666489	383564	323406	84.31604634428675	383564	323406	84.31604634428675
droplethic	BC260296	308298	265576	86.14262823631681	308298	265576	86.14262823631681
droplethic	BC647447	334150	271056	81.11806075115966	334150	271056	81.11806075115966
droplethic	BC77177	410798	346198	84.27450961299714	410798	346198	84.27450961299714
droplethic	BC145917	169806	138468	81.54482173774778	169806	138468	81.54482173774778
droplethic	BC120599	366712	307380	83.82054582342546	366712	307380	83.82054582342546
droplethic	BC568341	267542	226412	84.62671281518416	267542	226412	84.62671281518416
droplethic	BC257675	190298	162176	85.22212529821648	190298	162176	85.22212529821648
droplethic	BC658352	209252	175502	83.87112190086594	209252	175502	83.87112190086594
droplethic	BC730868	239650	202406	84.45900271228875	239650	202406	84.45900271228875
droplethic	BC446826	351152	290062	82.60297534970611	351152	290062	82.60297534970611
droplethic	BC335059	292144	239512	81.98422695656936	292144	239512	81.98422695656936
droplethic	BC290043	337198	275412	81.67664102396812	337198	275412	81.67664102396812
droplethic	BC64364	271424	231342	85.23269865597736	271424	231342	85.23269865597736
droplethic	BC155735	244972	208660	85.1770814623712	244972	208660	85.1770814623712
droplethic	BC650939	200576	170370	84.94037172941927	200576	170370	84.94037172941927
droplethic	BC271065	289190	243850	84.32172620076766	289190	243850	84.32172620076766
droplethic	BC453131	222192	183688	82.67084323467992	222192	183688	82.67084323467992
droplethic	BC87263	177674	149742	84.27907290881052	177674	149742	84.27907290881052
droplethic	BC78656	245734	209378	85.20514051779567	245734	209378	85.20514051779567
droplethic	BC430824	288346	243260	84.36392389698487	288346	243260	84.36392389698487
droplethic	BC437222	301702	251712	83.43066999887306	301702	251712	83.43066999887306
droplethic	BC686490	119432	101710	85.16143077232232	119432	101710	85.16143077232232
droplethic	BC538188	387136	329158	85.02386758141841	387136	329158	85.02386758141841
droplethic	BC413062	282472	233424	82.63615508793792	282472	233424	82.63615508793792
droplethic	BC677395	174518	145602	83.43093549089492	174518	145602	83.43093549089492
droplethic	BC416019	241482	200152	82.88485270123653	241482	200152	82.88485270123653
droplethic	BC651171	266356	227406	85.37671387166048	266356	227406	85.37671387166048
droplethic	BC151965	327146	276348	84.47237624791377	327146	276348	84.47237624791377
droplethic	BC293790	349904	296614	84.7701083725822	349904	296614	84.7701083725822
droplethic	BC506570	146920	119770	81.52055540430166	146920	119770	81.52055540430166
droplethic	BC446215	336416	278516	82.78916579473034	336416	278516	82.78916579473034
droplethic	BC263072	279116	233282	83.57887043379813	279116	233282	83.57887043379813
droplethic	BC296900	111250	95352	85.70966292134831	111250	95352	85.70966292134831
droplethic	BC651572	383388	322504	84.1194820912496	383388	322504	84.1194820912496
droplethic	BC431160	359036	297230	82.78557024922291	359036	297230	82.78557024922291
droplethic	BC715495	352402	294462	83.55854961095567	352402	294462	83.55854961095567
droplethic	BC612895	297408	250746	84.3104422207876	297408	250746	84.3104422207876
droplethic	BC713694	270780	221062	81.63896890464584	270780	221062	81.63896890464584
droplethic	BC452089	327896	273976	83.55576158294093	327896	273976	83.55576158294093
droplethic	BC477129	529100	444322	83.97694197694197	529100	444322	83.97694197694197
droplethic	BC666731	396560	331604	83.6201331450474	396560	331604	83.6201331450474
droplethic	BC90194	367472	310922	84.6110724082379	367472	310922	84.6110724082379
droplethic	BC154312	208720	175104	83.89421234189345	208720	175104	83.89421234189345
droplethic	BC411580	297936	256170	85.98155308522635	297936	256170	85.98155308522635
droplethic	BC530917	191460	160716	83.9423378251332	191460	160716	83.9423378251332
droplethic	BC617131	186372	160136	85.92277809971455	186372	160136	85.92277809971455
droplethic	BC639435	389018	329602	84.72667074531256	389018	329602	84.72667074531256
droplethic	BC71392	122598	99922	81.50377657058027	122598	99922	81.50377657058027
droplethic	BC732597	247288	209374	84.6680793245123	247288	209374	84.6680793245123
droplethic	BC89970	263214	225398	85.63298304801417	263214	225398	85.63298304801417
droplethic	BC464613	231516	195774	84.56175815062458	231516	195774	84.56175815062458
droplethic	BC674934	369510	312996	84.70569132093854	369510	312996	84.70569132093854
droplethic	BC100166	132734	109518	82.50937966157879	132734	109518	82.50937966157879
droplethic	BC213040	229028	195468	85.34676982727002	229028	195468	85.34676982727002
droplethic	BC361753	439518	370890	84.38562243184579	439518	370890	84.38562243184579
droplethic	BC450272	344288	285560	82.94218793568176	344288	285560	82.94218793568176
droplethic	BC502207	442828	375100	84.70557417326818	442828	375100	84.70557417326818
droplethic	BC553214	240766	199546	82.87964247443576	240766	199546	82.87964247443576
droplethic	BC272832	464632	391998	84.36741335078084	464632	391998	84.36741335078084
droplethic	BC170717	362822	301400	83.07103758867984	362822	301400	83.07103758867984
droplethic	BC307811	223386	187036	83.72771794114225	223386	187036	83.72771794114225
droplethic	BC245802	352166	297424	84.45562603999251	352166	297424	84.45562603999251
droplethic	BC124015	331632	271744	81.94142905389106	331632	271744	81.94142905389106
droplethic	BC18949	407200	351364	86.28781925343812	407200	351364	86.28781925343812
droplethic	BC518192	238732	198280	83.05547643382538	238732	198280	83.05547643382538
droplethic	BC17908	222668	185294	83.21536996784451	222668	185294	83.21536996784451
droplethic	BC561251	253766	200828	79.13904936043441	253766	200828	79.13904936043441
droplethic	BC21251	151804	121740	80.19551526968986	151804	121740	80.19551526968986
droplethic	BC361554	159908	132958	83.14655927158115	159908	132958	83.14655927158115
droplethic	BC103211	348504	290652	83.39990358790718	348504	290652	83.39990358790718
droplethic	BC92252	251668	212558	84.45968498180142	251668	212558	84.45968498180142
droplethic	BC644796	357032	306902	85.95924174863877	357032	306902	85.95924174863877
droplethic	BC264622	251738	212256	84.31623354439934	251738	212256	84.31623354439934
droplethic	BC17724	189712	154428	81.40128194315594	189712	154428	81.40128194315594
droplethic	BC399109	378078	316698	83.76525478869439	378078	316698	83.76525478869439
droplethic	BC42975	232004	193158	83.25632316684195	232004	193158	83.25632316684195
droplethic	BC708510	443110	370698	83.658233847126	443110	370698	83.658233847126
droplethic	BC530315	223136	187184	83.88785314785602	223136	187184	83.88785314785602
droplethic	BC126291	230822	194294	84.17481869145922	230822	194294	84.17481869145922
droplethic	BC114253	340662	286692	84.1573172235236	340662	286692	84.1573172235236
droplethic	BC675444	240000	201920	84.13333333333334	240000	201920	84.13333333333334
droplethic	BC476594	201152	169098	84.06478682787146	201152	169098	84.06478682787146
droplethic	BC650201	359122	303736	84.57738595797528	359122	303736	84.57738595797528
droplethic	BC688501	291292	244484	83.93090095162243	291292	244484	83.93090095162243
droplethic	BC577358	348814	290664	83.32922417104818	348814	290664	83.32922417104818
droplethic	BC648172	200358	168582	84.14038870421945	200358	168582	84.14038870421945
droplethic	BC515940	366812	310258	84.58229283665747	366812	310258	84.58229283665747
droplethic	BC652808	277628	239304	86.19591683835924	277628	239304	86.19591683835924
droplethic	BC685556	224650	189426	84.32049855330514	224650	189426	84.32049855330514
droplethic	BC386565	205160	174330	84.97270423084422	205160	174330	84.97270423084422
droplethic	BC52903	344664	287014	83.27356497922615	344664	287014	83.27356497922615
droplethic	BC639001	293750	251516	85.62246808510638	293750	251516	85.62246808510638
droplethic	BC675056	342054	288244	84.26856578201102	342054	288244	84.26856578201102
droplethic	BC446382	179298	151454	84.47054624145278	179298	151454	84.47054624145278
droplethic	BC655608	266054	227218	85.4029633082006	266054	227218	85.4029633082006
droplethic	BC56653	187542	156460	83.42664576468205	187542	156460	83.42664576468205
droplethic	BC462630	294628	252980	85.86420842554	294628	252980	85.86420842554
droplethic	BC322684	296152	247672	83.63002782355007	296152	247672	83.63002782355007
droplethic	BC506606	385920	323026	83.7028399668325	385920	323026	83.7028399668325
droplethic	BC134536	276444	238388	86.23373992562689	276444	238388	86.23373992562689
droplethic	BC241172	161948	137504	84.90626620890656	161948	137504	84.90626620890656
droplethic	BC319959	132668	115838	87.31419784725782	132668	115838	87.31419784725782
droplethic	BC176271	242024	205562	84.93455194526163	242024	205562	84.93455194526163
droplethic	BC539599	152014	124086	81.6280079466365	152014	124086	81.6280079466365
droplethic	BC353165	190926	161922	84.80877408001005	190926	161922	84.80877408001005
droplethic	BC680042	351180	290152	82.62201719915713	351180	290152	82.62201719915713
droplethic	BC92623	243644	206718	84.84428100014776	243644	206718	84.84428100014776
droplethic	BC126720	229360	198106	86.37338681548657	229360	198106	86.37338681548657
droplethic	BC306443	165666	135002	81.49046877452223	165666	135002	81.49046877452223
droplethic	BC480649	210440	179554	85.32313248431858	210440	179554	85.32313248431858
droplethic	BC512825	309422	264824	85.58667450924627	309422	264824	85.58667450924627
droplethic	BC15725	274254	235596	85.90430768557614	274254	235596	85.90430768557614
droplethic	BC54448	234411	197977	84.45721403859034	234411	197977	84.45721403859034
droplethic	BC622147	271092	229954	84.82507783335546	271092	229954	84.82507783335546
droplethic	BC328023	263430	227974	86.54063698136127	263430	227974	86.54063698136127
droplethic	BC331958	400470	337004	84.15212125752241	400470	337004	84.15212125752241
droplethic	BC190278	317354	266686	84.03423306465335	317354	266686	84.03423306465335
droplethic	BC112552	418940	355844	84.9391320952881	418940	355844	84.9391320952881
droplethic	BC181940	281478	231886	82.381571561543	281478	231886	82.381571561543
droplethic	BC203581	356844	289676	81.1772090885653	356844	289676	81.1772090885653
droplethic	BC11251	230248	187428	81.40266147805845	230248	187428	81.40266147805845
droplethic	BC321456	335698	275406	82.03980959076313	335698	275406	82.03980959076313
droplethic	BC664526	356880	305674	85.65175969513562	356880	305674	85.65175969513562
droplethic	BC65920	262042	225400	86.01674540722479	262042	225400	86.01674540722479
droplethic	BC681761	253288	216362	85.42133855532043	253288	216362	85.42133855532043
droplethic	BC623775	256808	216530	84.31590916170836	256808	216530	84.31590916170836
droplethic	BC196849	224720	190754	84.88519045923816	224720	190754	84.88519045923816
droplethic	BC35811	223986	190086	84.8651254989151	223986	190086	84.8651254989151
droplethic	BC220708	275920	226310	82.02015076833865	275920	226310	82.02015076833865
droplethic	BC373608	260728	224892	86.2554079347059	260728	224892	86.2554079347059
droplethic	BC137597	362470	308242	85.03931359836676	362470	308242	85.03931359836676
droplethic	BC640875	362694	302018	83.27074613861824	362694	302018	83.27074613861824
droplethic	BC180666	336282	284124	84.48980320088498	336282	284124	84.48980320088498
droplethic	BC2669	280854	240482	85.62527149337379	280854	240482	85.62527149337379
droplethic	BC690941	412300	340232	82.52049478535048	412300	340232	82.52049478535048
droplethic	BC374769	422334	350252	82.93246577353469	422334	350252	82.93246577353469
droplethic	BC499977	236226	197706	83.69358157019126	236226	197706	83.69358157019126
droplethic	BC181791	236264	202910	85.88274134019571	236264	202910	85.88274134019571
droplethic	BC736660	326768	276658	84.66496107329971	326768	276658	84.66496107329971
droplethic	BC504080	288182	242012	83.97887446127794	288182	242012	83.97887446127794
droplethic	BC347054	250182	211196	84.41694446442989	250182	211196	84.41694446442989
droplethic	BC438956	466646	397478	85.17762929501164	466646	397478	85.17762929501164
droplethic	BC304794	280470	238042	84.87253538702892	280470	238042	84.87253538702892
droplethic	BC99368	354794	291650	82.20263025868532	354794	291650	82.20263025868532
droplethic	BC351317	282362	227350	80.5172084062303	282362	227350	80.5172084062303
droplethic	BC713419	186888	151506	81.06780531655323	186888	151506	81.06780531655323
droplethic	BC114218	242698	201100	82.86018014157513	242698	201100	82.86018014157513
droplethic	BC484154	201800	172762	85.61050545094153	201800	172762	85.61050545094153
droplethic	BC258036	242082	209474	86.53018398724399	242082	209474	86.53018398724399
droplethic	BC476591	251558	205170	81.55971982604409	251558	205170	81.55971982604409
droplethic	BC503453	187558	156006	83.17747043581186	187558	156006	83.17747043581186
droplethic	BC564285	218462	189620	86.79770394851279	218462	189620	86.79770394851279
droplethic	BC118445	374744	317824	84.81096428495187	374744	317824	84.81096428495187
droplethic	BC489596	263980	222222	84.18137737707401	263980	222222	84.18137737707401
droplethic	BC718807	213262	179962	84.38540386941884	213262	179962	84.38540386941884
droplethic	BC161406	262782	221294	84.21200843284548	262782	221294	84.21200843284548
droplethic	BC537202	349364	294904	84.41167378436243	349364	294904	84.41167378436243
droplethic	BC387388	354610	293854	82.86681142663771	354610	293854	82.86681142663771
droplethic	BC378279	319640	268446	83.98385683894381	319640	268446	83.98385683894381
droplethic	BC418881	327390	279762	85.45221295702373	327390	279762	85.45221295702373
droplethic	BC524268	278140	238090	85.60077658733012	278140	238090	85.60077658733012
droplethic	BC694644	368306	317172	86.11643578980522	368306	317172	86.11643578980522
droplethic	BC447409	383644	320310	83.49146604664742	383644	320310	83.49146604664742
droplethic	BC547168	389952	341378	87.54359510914163	389952	341378	87.54359510914163
droplethic	BC616755	196462	160232	81.55877472488318	196462	160232	81.55877472488318
droplethic	BC15676	209224	177250	84.71781439987764	209224	177250	84.71781439987764
droplethic	BC312037	232714	199044	85.53159672387567	232714	199044	85.53159672387567
droplethic	BC402295	283542	241662	85.22970141989546	283542	241662	85.22970141989546
droplethic	BC275749	290476	247922	85.35025268869029	290476	247922	85.35025268869029
droplethic	BC357965	278432	234466	84.20942995058039	278432	234466	84.20942995058039
droplethic	BC363610	232538	196634	84.55994289105436	232538	196634	84.55994289105436
droplethic	BC348137	229042	191978	83.81781507321801	229042	191978	83.81781507321801
droplethic	BC620136	222438	185524	83.40481392567817	222438	185524	83.40481392567817
droplethic	BC47133	257812	218368	84.7004794191116	257812	218368	84.7004794191116
droplethic	BC94452	280684	235584	83.93210870587565	280684	235584	83.93210870587565
droplethic	BC602184	199796	169760	84.9666659993193	199796	169760	84.9666659993193
droplethic	BC525583	400338	336968	84.17087561010946	400338	336968	84.17087561010946
droplethic	BC532716	283138	240212	84.83919502150894	283138	240212	84.83919502150894
droplethic	BC707262	254458	212916	83.67431953406849	254458	212916	83.67431953406849
droplethic	BC355520	220352	186554	84.66181382515248	220352	186554	84.66181382515248
droplethic	BC237521	218304	186350	85.36261360304896	218304	186350	85.36261360304896
droplethic	BC449405	213918	173636	81.16942005815312	213918	173636	81.16942005815312
droplethic	BC457292	373574	317568	85.00805730591529	373574	317568	85.00805730591529
droplethic	BC541073	249246	198550	79.66025533007551	249246	198550	79.66025533007551
droplethic	BC225683	440380	369858	83.98610291112222	440380	369858	83.98610291112222
droplethic	BC163123	325068	269428	82.88358128145495	325068	269428	82.88358128145495
droplethic	BC699686	362394	304178	83.93571637499517	362394	304178	83.93571637499517
droplethic	BC394111	98420	85348	86.71814671814671	98420	85348	86.71814671814671
droplethic	BC46466	328480	283460	86.29444715051144	328480	283460	86.29444715051144
droplethic	BC172490	390398	334118	85.58394254068925	390398	334118	85.58394254068925
droplethic	BC95989	286030	244382	85.43928958500857	286030	244382	85.43928958500857
droplethic	BC264910	333572	287444	86.17150120513712	333572	287444	86.17150120513712
droplethic	BC627681	180416	154196	85.46692089393402	180416	154196	85.46692089393402
droplethic	BC254763	299264	249104	83.23887938408896	299264	249104	83.23887938408896
droplethic	BC611913	167332	142828	85.35605861401287	167332	142828	85.35605861401287
droplethic	BC473937	158190	133972	84.6905619824262	158190	133972	84.6905619824262
droplethic	BC636524	168128	141078	83.91106775789875	168128	141078	83.91106775789875
droplethic	BC621454	423486	365830	86.38538227946142	423486	365830	86.38538227946142
droplethic	BC206889	336610	279702	83.0937880633374	336610	279702	83.0937880633374
droplethic	BC236893	324920	273718	84.24165948541179	324920	273718	84.24165948541179
droplethic	BC405605	163762	138222	84.4041963337038	163762	138222	84.4041963337038
droplethic	BC100661	280222	240110	85.68563496085247	280222	240110	85.68563496085247
droplethic	BC681606	418242	350738	83.86006187805147	418242	350738	83.86006187805147
droplethic	BC502685	375830	316810	84.29609131788308	375830	316810	84.29609131788308
droplethic	BC660660	200196	168340	84.08759415772543	200196	168340	84.08759415772543
droplethic	BC518437	156850	129520	82.5757092763787	156850	129520	82.5757092763787
droplethic	BC720932	430522	361474	83.96179521604006	430522	361474	83.96179521604006
droplethic	BC721552	331882	281650	84.86450003314431	331882	281650	84.86450003314431
droplethic	BC417026	240534	201108	83.60897004165732	240534	201108	83.60897004165732
droplethic	BC137748	256454	217234	84.70680901838146	256454	217234	84.70680901838146
droplethic	BC177527	337216	279160	82.78373505408996	337216	279160	82.78373505408996
droplethic	BC508071	369208	310438	84.08214339884293	369208	310438	84.08214339884293
droplethic	BC35388	286232	235950	82.43313116632662	286232	235950	82.43313116632662
droplethic	BC312048	324876	276088	84.98257796820941	324876	276088	84.98257796820941
droplethic	BC140092	214064	182496	85.2530084460722	214064	182496	85.2530084460722
droplethic	BC341431	298514	248668	83.30195568717045	298514	248668	83.30195568717045
droplethic	BC648146	343040	289918	84.51434235074628	343040	289918	84.51434235074628
droplethic	BC536631	224162	189728	84.63878801937884	224162	189728	84.63878801937884
droplethic	BC678926	186372	156088	83.75077801386475	186372	156088	83.75077801386475
droplethic	BC20262	261606	218428	83.49502687247234	261606	218428	83.49502687247234
droplethic	BC582479	200884	155232	77.27444694450529	200884	155232	77.27444694450529
droplethic	BC272346	188626	160860	85.27986597817905	188626	160860	85.27986597817905
droplethic	BC290896	307044	264628	86.18569325568974	307044	264628	86.18569325568974
droplethic	BC416683	270626	229764	84.90093339147015	270626	229764	84.90093339147015
droplethic	BC598295	144530	120464	83.34878571922785	144530	120464	83.34878571922785
droplethic	BC419987	393064	325756	82.87607107239533	393064	325756	82.87607107239533
droplethic	BC652672	223934	189982	84.83838988273331	223934	189982	84.83838988273331
droplethic	BC520596	334702	280448	83.79035679499974	334702	280448	83.79035679499974
droplethic	BC734055	398372	337826	84.80164268573093	398372	337826	84.80164268573093
droplethic	BC159009	334360	279204	83.50400765641824	334360	279204	83.50400765641824
droplethic	BC669484	425392	363592	85.4722232670102	425392	363592	85.4722232670102
droplethic	BC105370	83716	73192	87.42892637010846	83716	73192	87.42892637010846
droplethic	BC733736	220686	187862	85.12637865564649	220686	187862	85.12637865564649
droplethic	BC366091	197842	165940	83.87501137271155	197842	165940	83.87501137271155
droplethic	BC390089	413744	353190	85.36437990641556	413744	353190	85.36437990641556
droplethic	BC682917	284672	235150	82.60383880395683	284672	235150	82.60383880395683
droplethic	BC198303	281646	235246	83.52541843306847	281646	235246	83.52541843306847
droplethic	BC432310	270252	229492	84.91778044195787	270252	229492	84.91778044195787
droplethic	BC517467	286770	247364	86.25867419883531	286770	247364	86.25867419883531
droplethic	BC676999	307426	260018	84.57905317051909	307426	260018	84.57905317051909
droplethic	BC117423	196346	156164	79.535106393815	196346	156164	79.535106393815
droplethic	BC30266	435490	368966	84.72433350938024	435490	368966	84.72433350938024
droplethic	BC708425	240626	206536	85.83278614946016	240626	206536	85.83278614946016
droplethic	BC2997	295114	250054	84.7313241662544	295114	250054	84.7313241662544
droplethic	BC135504	350182	299206	85.44299821235815	350182	299206	85.44299821235815
droplethic	BC354471	437858	372436	85.05862631264017	437858	372436	85.05862631264017
droplethic	BC217259	285944	244202	85.40203676244299	285944	244202	85.40203676244299
droplethic	BC184918	305492	259472	84.9357757322614	305492	259472	84.9357757322614
droplethic	BC237665	387366	323902	83.61652803808285	387366	323902	83.61652803808285
droplethic	BC258046	341744	287524	84.13432276791984	341744	287524	84.13432276791984
droplethic	BC444547	209044	178822	85.54275654886052	209044	178822	85.54275654886052
droplethic	BC595945	343156	293664	85.57740502861672	343156	293664	85.57740502861672
droplethic	BC556223	242064	209946	86.73160816974024	242064	209946	86.73160816974024
droplethic	BC624894	306568	260926	85.11194906187208	306568	260926	85.11194906187208
droplethic	BC515799	276088	238376	86.34058705919851	276088	238376	86.34058705919851
droplethic	BC553038	142334	119992	84.30311801818259	142334	119992	84.30311801818259
droplethic	BC107361	239642	188036	78.46537752146952	239642	188036	78.46537752146952
droplethic	BC735750	249966	208556	83.43374698959059	249966	208556	83.43374698959059
droplethic	BC511550	244850	203228	83.00102103328568	244850	203228	83.00102103328568
droplethic	BC98084	455556	382638	83.99362537207281	455556	382638	83.99362537207281
droplethic	BC34985	282406	237940	84.25458382612267	282406	237940	84.25458382612267
droplethic	BC314750	253470	216964	85.59750660827711	253470	216964	85.59750660827711
droplethic	BC65042	465662	391452	84.06354823885135	465662	391452	84.06354823885135
droplethic	BC17276	259632	220422	84.89785542614162	259632	220422	84.89785542614162
droplethic	BC46824	233224	199412	85.50234967241794	233224	199412	85.50234967241794
droplethic	BC226210	351356	298102	84.843292842587	351356	298102	84.843292842587
droplethic	BC532653	276700	230478	83.29526563064691	276700	230478	83.29526563064691
droplethic	BC452152	322900	264116	81.7949829668628	322900	264116	81.7949829668628
droplethic	BC392759	181660	151644	83.47682483760872	181660	151644	83.47682483760872
droplethic	BC479372	267538	230004	85.97059109360166	267538	230004	85.97059109360166
droplethic	BC177804	180912	149702	82.74851861678606	180912	149702	82.74851861678606
droplethic	BC298039	253908	208920	82.28177135025285	253908	208920	82.28177135025285
droplethic	BC55981	210176	180154	85.71578105968331	210176	180154	85.71578105968331
droplethic	BC58533	376720	314764	83.5538330855808	376720	314764	83.5538330855808
droplethic	BC433458	252038	212144	84.17143446623129	252038	212144	84.17143446623129
droplethic	BC728304	319080	270522	84.78187288454306	319080	270522	84.78187288454306
droplethic	BC49553	190632	163516	85.77573544840321	190632	163516	85.77573544840321
droplethic	BC30300	308754	254468	82.41771766519624	308754	254468	82.41771766519624
droplethic	BC340856	424142	352130	83.02172385663292	424142	352130	83.02172385663292
droplethic	BC144782	202506	172646	85.25475788371702	202506	172646	85.25475788371702
droplethic	BC664475	272912	225662	82.68672685700885	272912	225662	82.68672685700885
droplethic	BC727356	317046	268118	84.56753909527325	317046	268118	84.56753909527325
droplethic	BC282849	285096	243304	85.34107809299324	285096	243304	85.34107809299324
droplethic	BC564141	226730	188862	83.29819609226834	226730	188862	83.29819609226834
droplethic	BC81230	207982	176912	85.06120721985556	207982	176912	85.06120721985556
droplethic	BC319694	249296	211084	84.67203645465631	249296	211084	84.67203645465631
droplethic	BC677530	200202	168632	84.2309267639684	200202	168632	84.2309267639684
droplethic	BC358290	371560	313418	84.35192162773173	371560	313418	84.35192162773173
droplethic	BC603141	590526	490322	83.03139912552538	590526	490322	83.03139912552538
droplethic	BC227882	398878	339566	85.13029046475363	398878	339566	85.13029046475363
droplethic	BC81303	300946	250460	83.22423291886253	300946	250460	83.22423291886253
droplethic	BC103818	304124	252616	83.0634872617748	304124	252616	83.0634872617748
droplethic	BC151069	142702	114204	80.02971226752253	142702	114204	80.02971226752253
droplethic	BC626927	198112	166172	83.87780649329672	198112	166172	83.87780649329672
droplethic	BC339814	178322	150190	84.22404414486154	178322	150190	84.22404414486154
droplethic	BC47391	337544	285806	84.67222051051122	337544	285806	84.67222051051122
droplethic	BC21747	282484	236324	83.65925149742995	282484	236324	83.65925149742995
droplethic	BC288202	217888	190394	87.3815905419298	217888	190394	87.3815905419298
droplethic	BC443268	346612	295402	85.225554799026	346612	295402	85.225554799026
droplethic	BC414119	173258	143868	83.03685832688822	173258	143868	83.03685832688822
droplethic	BC667832	206112	165424	80.25927650985872	206112	165424	80.25927650985872
droplethic	BC318728	183348	155230	84.66413596003228	183348	155230	84.66413596003228
droplethic	BC52696	314004	261694	83.34097654806945	314004	261694	83.34097654806945
droplethic	BC411181	173676	145662	83.86996476197056	173676	145662	83.86996476197056
droplethic	BC131096	238312	198756	83.40159119137937	238312	198756	83.40159119137937
droplethic	BC432314	423376	356964	84.31370696496731	423376	356964	84.31370696496731
droplethic	BC554627	158680	118354	74.58658936223847	158680	118354	74.58658936223847
droplethic	BC604353	183928	156320	84.98977860902092	183928	156320	84.98977860902092
droplethic	BC15581	301480	255012	84.58670558577684	301480	255012	84.58670558577684
droplethic	BC239842	159146	136592	85.82810752390887	159146	136592	85.82810752390887
droplethic	BC245317	334360	286170	85.58739083622443	334360	286170	85.58739083622443
droplethic	BC707464	251188	212322	84.52712709205854	251188	212322	84.52712709205854
droplethic	BC542309	245988	207212	84.23662942907784	245988	207212	84.23662942907784
droplethic	BC642003	125058	105424	84.30008476067106	125058	105424	84.30008476067106
droplethic	BC259175	422242	359364	85.10853965261627	422242	359364	85.10853965261627
droplethic	BC313862	274858	228828	83.25317072815781	274858	228828	83.25317072815781
droplethic	BC34561	184564	160216	86.80782817884311	184564	160216	86.80782817884311
droplethic	BC261332	181104	157190	86.79543245869776	181104	157190	86.79543245869776
droplethic	BC143732	198890	173336	87.15169188998944	198890	173336	87.15169188998944
droplethic	BC325559	314646	263842	83.8536005542737	314646	263842	83.8536005542737
droplethic	BC149163	182100	154912	85.06974190005492	182100	154912	85.06974190005492
droplethic	BC4586	274042	228370	83.33394151261486	274042	228370	83.33394151261486
droplethic	BC180103	158480	134280	84.72993437657749	158480	134280	84.72993437657749
droplethic	BC140540	153120	128474	83.90412748171369	153120	128474	83.90412748171369
droplethic	BC27882	366712	307456	83.84127053382491	366712	307456	83.84127053382491
droplethic	BC665862	322524	270722	83.9385596110677	322524	270722	83.9385596110677
droplethic	BC128768	281138	238260	84.74841536896471	281138	238260	84.74841536896471
droplethic	BC427135	299790	254622	84.93345341739217	299790	254622	84.93345341739217
droplethic	BC60775	263326	218544	82.99370362212619	263326	218544	82.99370362212619
droplethic	BC144372	327402	273018	83.38922792163763	327402	273018	83.38922792163763
droplethic	BC443710	242378	203534	83.97379300101494	242378	203534	83.97379300101494
droplethic	BC3672	190406	158868	83.43644633047278	190406	158868	83.43644633047278
droplethic	BC435287	377358	317144	84.04326925625003	377358	317144	84.04326925625003
droplethic	BC139338	131624	110106	83.65191758341943	131624	110106	83.65191758341943
droplethic	BC217065	255128	219058	85.86199868301402	255128	219058	85.86199868301402
droplethic	BC28600	239554	199510	83.28393598103142	239554	199510	83.28393598103142
droplethic	BC25083	231766	195908	84.52836050154035	231766	195908	84.52836050154035
droplethic	BC691109	298948	251864	84.25010369696402	298948	251864	84.25010369696402
droplethic	BC69459	343482	290460	84.56338323405593	343482	290460	84.56338323405593
droplethic	BC325809	277618	232484	83.74240863344596	277618	232484	83.74240863344596
droplethic	BC114589	320218	264618	82.63682866047505	320218	264618	82.63682866047505
droplethic	BC38238	211410	172714	81.69623007426328	211410	172714	81.69623007426328
droplethic	BC477068	274944	218634	79.51946578212291	274944	218634	79.51946578212291
droplethic	BC492369	296246	248136	83.76011828007805	296246	248136	83.76011828007805
droplethic	BC66044	189074	159852	84.54467562964766	189074	159852	84.54467562964766
droplethic	BC176189	199798	171732	85.95281234046386	199798	171732	85.95281234046386
droplethic	BC657423	216414	181628	83.92617852819134	216414	181628	83.92617852819134
droplethic	BC599160	427258	360848	84.45669829470718	427258	360848	84.45669829470718
droplethic	BC192458	274730	229386	83.49506788483238	274730	229386	83.49506788483238
droplethic	BC468249	178008	148338	83.33220978832412	178008	148338	83.33220978832412
droplethic	BC715087	347306	292212	84.1367554836369	347306	292212	84.1367554836369
droplethic	BC735440	274162	236762	86.35843041705269	274162	236762	86.35843041705269
droplethic	BC286812	230548	190822	82.76888110068185	230548	190822	82.76888110068185
droplethic	BC572339	268426	218498	81.39971537779499	268426	218498	81.39971537779499
droplethic	BC166168	269060	226542	84.19757674868059	269060	226542	84.19757674868059
droplethic	BC206432	241182	204358	84.7318622451095	241182	204358	84.7318622451095
droplethic	BC77920	167946	146246	87.0791802126874	167946	146246	87.0791802126874
droplethic	BC105109	342214	287526	84.01935630921002	342214	287526	84.01935630921002
droplethic	BC110387	221346	190514	86.07067667814191	221346	190514	86.07067667814191
droplethic	BC710360	102074	86330	84.57589591864726	102074	86330	84.57589591864726
droplethic	BC332464	300874	251724	83.66425812798713	300874	251724	83.66425812798713
droplethic	BC242183	159494	135780	85.13172909325742	159494	135780	85.13172909325742
droplethic	BC304160	238396	201476	84.5131629725331	238396	201476	84.5131629725331
droplethic	BC321221	229134	191492	83.57205827157908	229134	191492	83.57205827157908
droplethic	BC200042	238744	195442	81.86258083972791	238744	195442	81.86258083972791
droplethic	BC244026	238338	206432	86.61312925341322	238338	206432	86.61312925341322
droplethic	BC129647	440140	371514	84.4081428636343	440140	371514	84.4081428636343
droplethic	BC228366	234770	198172	84.41112578268093	234770	198172	84.41112578268093
droplethic	BC219966	273894	230522	84.16467684578706	273894	230522	84.16467684578706
droplethic	BC103604	352564	304640	86.40700695476566	352564	304640	86.40700695476566
droplethic	BC323608	244400	209132	85.56955810147299	244400	209132	85.56955810147299
droplethic	BC634240	379050	315144	83.14048278591216	379050	315144	83.14048278591216
droplethic	BC206508	282610	239288	84.67074767347228	282610	239288	84.67074767347228
droplethic	BC398692	291848	246176	84.35075792878484	291848	246176	84.35075792878484
droplethic	BC248683	246708	207248	84.00538288178737	246708	207248	84.00538288178737
droplethic	BC422231	274802	235894	85.84144220202182	274802	235894	85.84144220202182
droplethic	BC62147	300946	260938	86.70592066350774	300946	260938	86.70592066350774
droplethic	BC562497	173582	143864	82.87956124482953	173582	143864	82.87956124482953
droplethic	BC245671	195310	165396	84.6838359531002	195310	165396	84.6838359531002
droplethic	BC687138	237552	200264	84.30322624099145	237552	200264	84.30322624099145
droplethic	BC6251	313702	266312	84.89330638631567	313702	266312	84.89330638631567
droplethic	BC434025	208944	179316	85.82012405237766	208944	179316	85.82012405237766
droplethic	BC654200	267646	226488	84.6222248791314	267646	226488	84.6222248791314
droplethic	BC619814	209126	172078	82.2843644501401	209126	172078	82.2843644501401
droplethic	BC42129	307036	257712	83.93543428132206	307036	257712	83.93543428132206
droplethic	BC242466	308898	263120	85.18022130282488	308898	263120	85.18022130282488
droplethic	BC160806	277216	228204	82.31992381392128	277216	228204	82.31992381392128
droplethic	BC595936	261358	210404	80.50413608919567	261358	210404	80.50413608919567
droplethic	BC439788	197944	165704	83.71256516994706	197944	165704	83.71256516994706
droplethic	BC642726	394016	332740	84.44834727523755	394016	332740	84.44834727523755
droplethic	BC724776	273498	230870	84.41377999107854	273498	230870	84.41377999107854
droplethic	BC394353	171242	151078	88.22485137991848	171242	151078	88.22485137991848
droplethic	BC573374	248020	205100	82.69494395613258	248020	205100	82.69494395613258
droplethic	BC701025	262116	219054	83.57139587053061	262116	219054	83.57139587053061
droplethic	BC181682	347632	292212	84.05785428268975	347632	292212	84.05785428268975
droplethic	BC137683	362686	305516	84.23705353942529	362686	305516	84.23705353942529
droplethic	BC311821	255018	215182	84.37914186449584	255018	215182	84.37914186449584
droplethic	BC119558	242928	209822	86.37209378910623	242928	209822	86.37209378910623
droplethic	BC21948	302420	255460	84.47192645989021	302420	255460	84.47192645989021
droplethic	BC430542	425622	360668	84.73904074507426	425622	360668	84.73904074507426
droplethic	BC611607	254430	215674	84.76751955351178	254430	215674	84.76751955351178
droplethic	BC196164	361816	297518	82.22908881862604	361816	297518	82.22908881862604
droplethic	BC647446	363492	302048	83.09618918710729	363492	302048	83.09618918710729
droplethic	BC360273	395828	331884	83.84550865527451	395828	331884	83.84550865527451
droplethic	BC481257	313116	263788	84.24609409931143	313116	263788	84.24609409931143
droplethic	BC608378	288364	243262	84.35935137534506	288364	243262	84.35935137534506
droplethic	BC183141	223884	183196	81.82630290686248	223884	183196	81.82630290686248
droplethic	BC31958	397686	335412	84.34091217694362	397686	335412	84.34091217694362
droplethic	BC315873	203404	172946	85.02585986509607	203404	172946	85.02585986509607
droplethic	BC403422	315550	265770	84.22437014736175	315550	265770	84.22437014736175
droplethic	BC563683	247520	212384	85.80478345184227	247520	212384	85.80478345184227
droplethic	BC9621	276274	229790	83.17467441742617	276274	229790	83.17467441742617
droplethic	BC304821	262502	219390	83.57650608376318	262502	219390	83.57650608376318
droplethic	BC160145	287776	242544	84.28221950405872	287776	242544	84.28221950405872
droplethic	BC385207	256212	217440	84.86721933398904	256212	217440	84.86721933398904
droplethic	BC563677	257520	218060	84.67691829760795	257520	218060	84.67691829760795
droplethic	BC31874	203590	169712	83.35969350164547	203590	169712	83.35969350164547
droplethic	BC192792	313764	263540	83.9930648512895	313764	263540	83.9930648512895
droplethic	BC413407	301174	249654	82.89360967414186	301174	249654	82.89360967414186
droplethic	BC45439	101882	88286	86.65515007557762	101882	88286	86.65515007557762
droplethic	BC46379	126398	105246	83.26555799933543	126398	105246	83.26555799933543
droplethic	BC412899	201266	167696	83.32058072401698	201266	167696	83.32058072401698
droplethic	BC243431	221384	189828	85.74603404040039	221384	189828	85.74603404040039
droplethic	BC718825	152286	129694	85.16475578845068	152286	129694	85.16475578845068
droplethic	BC326751	332238	276874	83.3360422347835	332238	276874	83.3360422347835
droplethic	BC496303	236662	194536	82.19993070285894	236662	194536	82.19993070285894
droplethic	BC178267	242900	208868	85.98929600658707	242900	208868	85.98929600658707
droplethic	BC14864	229372	192508	83.92829116021136	229372	192508	83.92829116021136
droplethic	BC419171	224624	186284	82.9314766008975	224624	186284	82.9314766008975
droplethic	BC438669	211214	177556	84.06450329997065	211214	177556	84.06450329997065
droplethic	BC641791	241114	200688	83.23365710825584	241114	200688	83.23365710825584
droplethic	BC663491	226004	190156	84.13833383479938	226004	190156	84.13833383479938
droplethic	BC728154	141064	119672	84.83525208416039	141064	119672	84.83525208416039
droplethic	BC12709	211410	180266	85.26843574097725	211410	180266	85.26843574097725
droplethic	BC442394	415160	350430	84.40842084979285	415160	350430	84.40842084979285
droplethic	BC569771	330876	280824	84.87288289268487	330876	280824	84.87288289268487
droplethic	BC306674	262988	225218	85.63812797542093	262988	225218	85.63812797542093
droplethic	BC354811	274446	231630	84.39911676613978	274446	231630	84.39911676613978
droplethic	BC433602	319564	274868	86.01344331651876	319564	274868	86.01344331651876
droplethic	BC293792	245456	206904	84.29372270386546	245456	206904	84.29372270386546
droplethic	BC423821	149784	128378	85.7087539390055	149784	128378	85.7087539390055
droplethic	BC325512	222648	177764	79.84082497933959	222648	177764	79.84082497933959
droplethic	BC652922	118234	100014	84.58988108327554	118234	100014	84.58988108327554
droplethic	BC583891	146278	124130	84.85896717209697	146278	124130	84.85896717209697
droplethic	BC154692	251194	216058	86.01240475489064	251194	216058	86.01240475489064
droplethic	BC48832	332328	278958	83.9405647432657	332328	278958	83.9405647432657
droplethic	BC112744	256490	216240	84.30738040469414	256490	216240	84.30738040469414
droplethic	BC563362	380786	317846	83.47103097277736	380786	317846	83.47103097277736
droplethic	BC241356	361030	302360	83.7492729136083	361030	302360	83.7492729136083
droplethic	BC272277	351756	293350	83.39587668724911	351756	293350	83.39587668724911
droplethic	BC235089	147628	126726	85.84143929335899	147628	126726	85.84143929335899
droplethic	BC526663	261818	223934	85.53040661833793	261818	223934	85.53040661833793
droplethic	BC554672	227384	187922	82.64521690180487	227384	187922	82.64521690180487
droplethic	BC67310	238750	200282	83.88774869109947	238750	200282	83.88774869109947
droplethic	BC585265	483064	403846	83.60093072553533	483064	403846	83.60093072553533
droplethic	BC184515	418050	350404	83.8186819758402	418050	350404	83.8186819758402
droplethic	BC554064	289358	240356	83.06526862917217	289358	240356	83.06526862917217
droplethic	BC213512	289496	247346	85.44021333628099	289496	247346	85.44021333628099
droplethic	BC2066	259330	220236	84.92499903597732	259330	220236	84.92499903597732
droplethic	BC626269	238478	206666	86.66040473335066	238478	206666	86.66040473335066
droplethic	BC1331	257962	221226	85.75914281948504	257962	221226	85.75914281948504
droplethic	BC208273	269104	231952	86.19418514774956	269104	231952	86.19418514774956
droplethic	BC609023	224046	196386	87.65432098765432	224046	196386	87.65432098765432
droplethic	BC502955	305244	255662	83.75660127635597	305244	255662	83.75660127635597
droplethic	BC88159	259492	217956	83.99334083517026	259492	217956	83.99334083517026
droplethic	BC492902	233198	192668	82.61991955334094	233198	192668	82.61991955334094
droplethic	BC98654	306962	256382	83.52239039359921	306962	256382	83.52239039359921
droplethic	BC135889	248346	208240	83.85075660570334	248346	208240	83.85075660570334
droplethic	BC644295	273312	226630	82.9198864301604	273312	226630	82.9198864301604
droplethic	BC241605	316902	270344	85.30839186877962	316902	270344	85.30839186877962
droplethic	BC290508	204180	169716	83.1207757860711	204180	169716	83.1207757860711
droplethic	BC703922	314968	266962	84.75845165223134	314968	266962	84.75845165223134
droplethic	BC576908	447528	374976	83.78827693462756	447528	374976	83.78827693462756
droplethic	BC187058	324458	271246	83.59972631280473	324458	271246	83.59972631280473
droplethic	BC372844	304546	254878	83.69113368752176	304546	254878	83.69113368752176
droplethic	BC392055	384456	320372	83.33125247102399	384456	320372	83.33125247102399
droplethic	BC482695	197676	169142	85.56526841902912	197676	169142	85.56526841902912
droplethic	BC119290	242128	206612	85.33172536840019	242128	206612	85.33172536840019
droplethic	BC440814	251264	204112	81.23408048904737	251264	204112	81.23408048904737
droplethic	BC115892	262242	221856	84.59972086851076	262242	221856	84.59972086851076
droplethic	BC735495	274150	231294	84.36768192595295	274150	231294	84.36768192595295
droplethic	BC597120	274460	234314	85.37273190993223	274460	234314	85.37273190993223
droplethic	BC182728	358728	300228	83.6923797417542	358728	300228	83.6923797417542
droplethic	BC476914	249618	181432	72.68386093951558	249618	181432	72.68386093951558
droplethic	BC153940	247970	207562	83.70448038069121	247970	207562	83.70448038069121
droplethic	BC532549	294432	252746	85.84189218563199	294432	252746	85.84189218563199
droplethic	BC613579	215210	180180	83.72287533107198	215210	180180	83.72287533107198
droplethic	BC522690	327250	277870	84.91061879297173	327250	277870	84.91061879297173
droplethic	BC211937	359478	305792	85.06556729479968	359478	305792	85.06556729479968
droplethic	BC214913	359612	302268	84.05392478560226	359612	302268	84.05392478560226
droplethic	BC106999	405904	337556	83.16153573258701	405904	337556	83.16153573258701
droplethic	BC165034	224944	185706	82.55654740735471	224944	185706	82.55654740735471
droplethic	BC3251	213276	183540	86.05750295391887	213276	183540	86.05750295391887
droplethic	BC504665	325892	253072	77.65517410675929	325892	253072	77.65517410675929
droplethic	BC538708	260210	219862	84.49406248799048	260210	219862	84.49406248799048
droplethic	BC685781	284296	241914	85.09229816810648	284296	241914	85.09229816810648
droplethic	BC341460	252120	215504	85.47675709979374	252120	215504	85.47675709979374
droplethic	BC497847	225608	193362	85.70706712527925	225608	193362	85.70706712527925
droplethic	BC380604	329116	270266	82.11876663547199	329116	270266	82.11876663547199
droplethic	BC333916	538240	447132	83.07297859690844	538240	447132	83.07297859690844
droplethic	BC462784	345112	287288	83.24485963976912	345112	287288	83.24485963976912
droplethic	BC453514	184670	156512	84.75226078951644	184670	156512	84.75226078951644
droplethic	BC464371	185140	154070	83.21810521767311	185140	154070	83.21810521767311
droplethic	BC594019	477682	397390	83.19132812205609	477682	397390	83.19132812205609
droplethic	BC547035	246456	206568	83.81536663745253	246456	206568	83.81536663745253
droplethic	BC574102	196882	162320	82.44532257900671	196882	162320	82.44532257900671
droplethic	BC19572	173356	145924	84.17591545720944	173356	145924	84.17591545720944
