0	9	90
1	9	89
1	8	90
0	7	90
1	9	90
0	11	90
5	6	24
2	7	20
7	12	31
9	10	31
2	10	91
7	8	27
8	11	32
8	9	30
0	4	91
0	4	91
0	11	91
9	13	31
12	14	35
0	36	90
0	7	91
1	6	23
0	12	90
0	27	91
0	8	90
0	5	91
0	6	90
32	41	91
0	34	91
1	2	24
6	16	34
2	9	22
3	6	22
0	10	91
2	6	22
0	9	89
4	9	91
1	9	90
1	6	24
4	35	91
4	5	21
1	8	90
2	13	91
1	14	91
0	1	88
0	-1	90
8	8	30
9	12	30
8	9	27
9	10	33
7	8	27
8	9	28
1	5	55
4	13	90
0	12	91
3	6	24
2	12	90
1	11	91
2	7	91
1	6	90
0	17	91
6	6	28
0	9	90
5	9	26
1	7	91
0	8	91
0	8	89
0	6	90
4	21	90
7	10	27
1	7	91
8	11	29
4	13	90
3	16	90
0	8	90
0	2	57
7	9	27
3	8	23
3	8	23
0	9	91
0	39	90
0	38	90
32	41	91
0	13	90
10	12	30
3	9	23
0	13	91
0	11	91
3	6	25
3	32	91
2	13	90
2	4	20
1	11	91
1	6	91
19	-1	89
1	6	90
1	3	33
29	52	91
18	33	62
5	17	90
2	5	21
3	7	21
0	17	90
0	8	90
0	9	91
1	13	91
5	9	25
5	4	24
0	11	90
7	12	29
7	11	34
2	6	22
1	5	91
0	6	90
1	8	90
15	28	63
0	9	90
0	11	91
0	10	91
10	9	31
1	4	21
7	9	26
2	7	22
3	7	26
2	9	90
0	6	91
0	9	91
5	10	36
3	8	26
18	-1	64
1	10	90
0	11	90
36	37	84
0	4	91
4	8	25
0	7	90
0	8	90
4	7	23
6	7	24
0	8	91
0	10	90
20	-1	74
0	10	91
28	36	91
28	36	91
31	33	90
26	29	90
25	29	90
2	8	22
21	39	91
0	5	90
2	7	91
0	12	91
0	6	91
6	8	24
2	22	90
16	31	49
0	9	91
6	24	91
0	12	90
1	4	91
1	8	91
11	16	44
0	-1	90
0	14	91
0	13	91
1	19	91
0	16	90
2	4	20
3	12	90
0	10	90
9	11	32
1	3	22
8	12	32
3	7	91
3	7	22
5	6	26
0	8	91
0	7	90
10	11	31
0	16	91
0	7	91
5	9	26
0	10	91
0	4	21
33	42	89
0	12	91
0	16	90
1	2	21
4	10	26
0	5	90
0	12	90
13	16	45
3	11	90
0	11	90
2	11	91
0	-1	91
6	13	26
1	16	89
8	9	27
0	10	90
0	12	89
1	7	20
0	7	90
0	10	90
4	7	41
3	7	25
0	11	90
0	12	91
0	14	89
0	8	90
0	13	91
5	6	22
3	15	91
4	5	22
26	33	91
23	29	91
1	3	90
6	8	30
6	6	25
5	7	26
2	8	21
7	9	28
1	5	31
2	15	90
9	13	34
8	13	32
2	19	91
1	7	91
2	8	90
0	16	90
0	14	90
0	15	90
0	10	91
0	6	91
5	8	23
26	29	91
5	8	30
3	15	89
3	14	90
7	9	26
20	24	88
0	33	89
0	9	91
8	8	31
0	9	91
0	8	91
0	9	91
10	14	33
3	6	33
3	38	87
0	27	91
11	10	32
8	10	31
12	12	35
9	10	35
5	7	27
5	7	25
6	10	26
4	8	23
4	7	23
7	10	28
8	10	31
0	9	90
0	8	88
0	14	90
9	11	32
4	6	26
1	21	90
0	11	91
0	11	91
4	10	25
7	11	32
6	8	26
0	11	91
0	11	91
9	12	34
7	12	28
6	9	26
4	5	26
0	6	91
0	8	90
6	5	35
9	10	34
9	10	35
4	6	23
7	14	38
0	6	90
0	3	90
0	6	72
0	4	67
5	7	26
3	23	90
0	10	91
4	8	31
1	8	90
1	9	90
2	5	22
1	11	90
4	7	27
18	18	58
0	7	91
0	15	91
20	29	69
5	7	23
5	16	37
5	8	24
8	10	27
0	6	91
0	10	90
0	10	91
3	5	22
1	6	91
2	7	22
0	10	91
2	6	22
13	13	31
1	25	91
27	24	86
0	12	91
0	9	90
0	7	91
0	11	91
0	8	90
4	9	26
4	8	25
1	5	21
2	7	21
6	10	27
0	12	91
9	19	43
0	10	86
21	25	90
4	10	24
4	7	23
6	11	31
6	11	32
10	13	36
0	7	90
0	9	91
7	11	30
5	6	29
0	8	91
0	9	90
0	33	91
4	9	26
5	11	30
0	6	91
0	13	91
6	11	26
8	10	28
0	10	91
0	9	90
6	9	25
6	10	25
0	3	22
12	15	90
7	7	27
0	15	91
0	13	91
24	28	90
0	6	90
1	10	91
3	8	23
4	9	24
0	10	91
5	10	24
3	8	23
0	13	91
0	8	91
10	13	30
8	11	25
3	23	91
3	22	91
5	11	24
4	6	24
1	6	20
6	7	24
1	9	91
0	2	90
0	11	91
0	11	90
14	20	52
0	3	91
0	7	90
19	28	91
12	15	40
14	14	38
12	15	39
13	13	37
12	15	41
10	14	37
0	15	90
0	15	91
9	13	32
0	4	55
1	9	90
1	13	90
4	16	90
0	27	90
3	6	24
8	11	32
3	7	24
2	7	21
3	7	27
0	13	90
0	6	91
0	2	91
0	16	90
7	9	27
8	8	31
2	27	91
0	11	90
5	11	26
1	10	91
6	8	27
30	27	90
27	25	89
26	26	88
26	22	81
0	7	90
0	8	91
0	12	91
0	-1	90
0	15	91
0	9	90
1	12	90
2	5	90
3	6	24
0	11	89
1	4	21
5	10	26
8	7	47
9	10	37
5	-1	91
0	6	91
1	7	90
0	10	91
0	12	91
0	16	90
0	15	91
1	7	91
2	8	90
0	8	91
0	8	91
22	22	90
22	22	91
0	7	91
0	6	91
5	9	26
2	9	90
1	11	91
0	12	90
0	10	90
0	10	91
2	9	23
0	4	91
16	34	91
2	8	91
0	10	91
0	17	88
0	14	91
0	7	91
0	10	90
0	11	90
0	13	91
0	10	90
0	14	91
1	6	91
1	8	91
0	14	90
0	6	90
0	10	91
0	8	89
0	13	89
0	14	91
0	15	90
0	13	91
12	14	40
0	13	91
0	12	91
0	12	91
0	18	91
1	8	90
22	25	61
0	8	90
0	11	91
5	11	31
21	23	91
8	11	42
4	10	28
6	11	28
12	15	39
0	5	91
0	3	90
0	3	21
0	8	90
2	10	90
13	14	90
0	5	91
0	2	90
0	7	90
7	7	30
11	15	90
7	7	31
3	6	23
4	9	23
3	4	22
0	6	91
3	4	21
3	6	91
5	10	26
28	28	91
26	30	91
28	28	90
26	30	90
6	7	24
0	23	89
2	3	21
0	8	90
8	8	30
0	16	91
0	18	91
7	11	27
2	7	23
2	4	32
1	20	89
3	7	22
0	18	91
0	12	91
0	3	91
3	6	23
0	12	91
0	9	90
0	12	91
0	4	90
8	12	29
0	11	90
2	14	90
3	9	90
1	9	90
5	8	89
2	11	81
15	-1	57
16	18	54
0	10	91
0	9	90
0	38	90
7	26	82
0	23	91
13	13	39
33	37	81
19	20	59
25	27	79
30	-1	91
27	32	90
27	28	83
0	2	91
0	6	91
9	11	30
8	26	91
0	23	73
1	23	91
0	24	91
10	12	38
0	10	91
2	37	91
10	13	32
0	11	91
0	19	91
4	5	23
16	18	43
8	12	32
0	11	85
0	10	90
1	9	65
5	9	30
2	6	22
2	5	21
7	9	32
0	6	91
0	8	89
22	26	75
4	4	30
25	34	90
0	6	91
0	-1	89
2	3	44
1	20	91
1	21	91
1	-1	91
1	-1	87
1	20	91
0	9	91
0	9	90
0	8	91
2	6	21
0	12	90
19	-1	49
4	6	23
4	7	26
5	10	30
1	13	91
0	5	90
1	4	20
4	8	22
0	7	90
0	9	89
0	10	91
0	9	91
0	10	90
3	21	91
1	10	91
1	3	21
0	6	91
0	11	91
0	7	90
5	7	24
0	7	91
1	6	21
3	8	26
6	9	24
4	8	31
0	3	90
5	10	33
6	7	24
3	9	25
5	10	26
2	7	23
8	10	27
2	8	22
0	8	90
0	6	90
4	11	27
3	8	22
3	8	23
3	7	22
0	14	91
0	7	90
24	44	91
27	49	90
29	43	90
26	43	90
24	41	90
25	41	91
27	37	91
22	35	91
26	37	91
24	39	91
23	35	91
7	12	33
1	40	91
2	10	90
1	10	91
2	30	91
10	16	37
10	13	34
10	15	39
6	12	33
6	8	26
14	31	91
6	-1	51
2	5	20
0	7	34
5	6	25
2	5	20
2	4	33
2	25	91
2	13	91
1	9	91
0	7	91
2	3	23
0	-1	90
1	12	91
0	6	91
0	-1	90
0	3	91
0	6	90
13	30	88
1	7	90
0	10	90
4	12	29
1	6	45
0	5	91
0	10	90
3	8	22
6	9	33
0	9	90
3	9	22
0	9	91
0	9	91
5	8	23
3	7	22
0	9	90
0	11	90
1	11	90
3	10	90
1	12	91
1	9	90
1	15	90
0	14	89
12	15	37
0	12	90
0	9	91
10	13	34
10	12	32
3	9	24
2	7	21
9	9	27
7	14	31
0	10	90
8	9	26
10	13	31
0	5	90
4	22	91
0	6	89
0	6	89
7	12	32
11	33	90
5	9	26
0	10	91
17	42	77
0	12	90
18	25	89
8	10	30
7	11	31
5	8	24
39	40	91
5	10	26
4	8	24
3	8	22
0	7	90
0	10	90
6	8	27
0	4	90
0	4	91
5	7	26
0	2	20
27	31	70
7	14	31
7	9	26
3	8	25
6	11	25
0	1	91
0	10	91
2	10	91
0	7	91
1	5	22
0	14	90
1	-1	91
3	43	91
0	9	91
18	14	50
4	38	91
16	20	54
2	6	22
1	6	90
12	13	43
3	12	91
1	12	90
1	12	90
2	12	91
26	44	91
6	10	30
1	8	90
2	8	91
0	15	90
0	14	91
0	5	91
10	11	32
0	11	90
0	10	91
0	9	91
2	7	22
3	6	22
2	9	22
1	10	23
2	6	22
0	4	21
1	9	91
3	26	91
0	11	90
0	8	91
2	7	91
3	7	90
2	5	20
5	9	24
28	32	89
0	9	91
0	7	87
0	10	90
0	10	91
0	11	90
2	13	90
2	7	23
4	7	22
0	10	91
0	9	90
2	8	23
1	7	21
0	8	91
3	5	23
2	8	23
2	5	22
5	14	91
1	12	91
10	10	31
10	10	30
2	22	90
0	5	91
0	6	91
2	4	21
2	7	91
2	7	90
36	34	91
0	7	91
7	9	27
12	12	39
9	12	39
7	8	26
10	10	39
8	10	34
10	11	39
12	11	34
1	6	23
6	7	31
1	11	91
0	6	90
2	5	21
0	9	91
0	5	91
0	22	89
6	8	24
0	10	91
19	19	61
0	17	90
0	10	91
1	7	26
4	7	24
5	7	25
28	-1	91
6	8	25
5	9	26
0	5	90
0	12	90
1	4	83
6	9	26
5	20	58
0	9	90
0	6	90
8	13	31
3	7	22
0	4	90
0	4	91
0	9	91
0	27	91
0	12	90
0	17	90
3	10	24
2	9	24
0	6	79
29	30	90
2	6	24
3	33	90
0	13	91
0	12	90
0	16	90
0	3	91
0	10	91
0	11	91
0	15	91
0	15	91
0	6	91
1	4	30
1	12	90
1	11	90
0	14	90
8	9	27
7	10	90
0	6	91
1	4	91
0	9	91
1	7	91
2	8	90
3	12	91
6	13	91
0	6	91
0	10	90
0	11	91
0	16	91
5	10	26
2	5	91
1	8	90
0	16	91
0	-1	91
8	10	32
7	10	27
6	9	29
0	-1	51
0	7	91
0	24	88
0	16	91
0	12	90
4	7	23
3	5	22
5	14	90
4	8	91
6	11	30
4	9	27
4	7	33
26	34	90
29	29	90
29	29	91
0	13	90
0	16	90
8	14	31
7	9	26
3	3	23
8	5	26
8	11	34
3	6	23
0	8	90
0	11	91
0	12	91
0	12	91
19	35	90
0	10	90
8	8	28
0	11	91
13	15	46
0	10	91
0	10	91
0	13	90
0	12	90
2	5	22
1	12	91
0	9	89
2	13	24
0	6	90
2	12	91
0	6	91
7	8	30
0	36	91
7	12	27
7	14	32
1	4	22
11	14	35
7	10	28
3	5	21
0	9	90
0	8	91
14	19	90
0	-1	91
0	35	90
8	8	25
8	9	28
8	9	30
12	12	36
11	11	34
0	15	90
0	11	90
0	9	91
8	11	27
5	-1	91
29	29	89
4	9	26
7	9	30
7	9	31
2	11	90
0	8	91
0	10	91
2	6	32
4	8	23
4	8	24
7	12	31
2	11	90
2	8	91
6	13	90
6	12	90
0	8	91
10	12	91
0	20	91
0	8	91
2	12	91
4	6	22
11	13	33
7	11	28
4	8	24
2	7	21
3	7	25
9	13	29
33	40	91
30	38	91
36	40	85
0	11	90
0	7	91
5	13	29
0	11	90
0	11	91
0	11	91
2	7	21
2	8	22
7	12	28
0	11	91
4	7	22
0	8	88
2	5	21
10	14	34
2	6	22
2	7	22
2	6	24
0	12	91
0	12	91
4	21	56
2	6	21
4	24	90
10	13	31
3	8	23
5	7	25
4	9	23
9	13	31
7	8	25
6	10	26
4	7	23
0	38	90
0	37	90
0	14	91
0	11	90
29	24	91
8	8	28
12	14	76
4	5	25
5	9	24
5	14	33
7	12	32
8	10	32
6	9	31
0	3	91
18	30	91
5	8	28
2	9	22
6	9	24
8	11	30
1	7	80
0	6	85
5	7	25
8	11	31
0	29	91
8	11	31
6	8	32
0	-1	91
4	7	25
6	12	30
0	9	90
6	11	29
0	10	91
0	14	91
0	8	91
0	13	90
26	31	91
27	31	91
7	10	25
6	9	24
0	3	21
0	16	90
0	18	91
1	6	30
2	6	21
2	5	23
23	-1	90
4	7	23
3	9	22
0	17	90
3	7	22
0	31	91
5	7	25
7	9	27
0	5	90
0	10	91
0	10	90
0	9	89
8	7	28
0	12	90
0	12	91
1	23	91
0	23	90
0	13	91
9	38	88
1	4	50
0	5	30
0	9	90
1	11	89
0	3	37
4	29	91
4	29	91
2	28	91
5	9	24
0	6	91
0	8	90
0	6	91
10	17	37
7	10	27
6	8	25
2	10	90
3	11	90
5	9	29
1	8	91
0	11	90
0	11	91
0	7	91
0	5	90
1	7	23
0	21	90
0	9	91
0	8	91
0	-1	90
0	13	91
11	14	33
12	-1	41
2	5	90
4	6	23
1	9	91
0	7	90
6	25	90
0	5	80
0	6	91
8	7	33
7	12	29
0	12	89
0	8	90
1	11	91
0	13	91
6	-1	91
5	-1	91
4	11	30
1	7	22
9	11	41
0	11	91
0	9	91
0	9	90
0	12	69
0	12	90
2	6	21
26	36	91
1	14	91
0	8	91
0	5	91
3	5	40
2	5	21
9	10	34
3	10	21
24	30	89
0	10	91
7	8	30
11	12	35
0	11	90
2	10	91
1	4	22
1	5	21
0	12	91
0	4	91
0	20	91
6	10	25
1	3	21
4	8	24
21	32	91
5	9	24
1	7	91
0	9	90
0	8	90
35	38	89
1	18	88
1	7	21
4	6	23
0	12	91
7	13	34
8	8	26
9	23	90
8	8	32
0	7	90
0	10	91
5	12	34
1	12	91
1	12	89
2	14	90
0	11	91
0	8	90
0	8	90
2	13	91
4	8	23
16	19	54
1	-1	91
1	-1	91
3	4	31
0	14	91
0	13	91
5	9	26
5	9	28
6	9	25
0	9	91
0	9	91
6	9	26
0	20	90
0	12	91
1	11	89
2	9	91
0	1	90
32	25	91
2	12	91
2	9	91
10	12	36
0	7	90
0	14	91
0	20	90
0	20	90
4	10	25
7	14	31
1	4	21
0	12	90
0	10	91
0	8	91
8	12	28
6	10	26
4	8	21
0	11	91
11	12	27
26	28	91
6	9	31
0	6	91
0	11	90
3	7	72
9	14	35
0	6	91
3	14	33
7	6	32
0	23	90
0	13	91
2	13	91
4	39	91
0	12	77
2	4	22
10	8	33
0	11	90
5	8	26
7	13	32
1	8	90
2	5	23
4	8	23
9	13	34
9	11	31
4	6	29
33	23	91
0	9	91
0	10	90
4	6	22
3	8	25
5	10	25
7	11	28
3	7	24
4	9	26
3	8	27
3	6	24
10	13	30
9	12	33
20	24	62
1	5	20
0	3	91
27	49	90
26	50	89
27	48	90
5	9	26
9	11	33
5	7	24
1	5	21
0	7	90
0	20	91
0	32	90
6	8	23
9	9	30
3	15	91
0	4	91
3	8	90
2	6	90
0	7	91
1	10	91
25	34	90
25	43	90
4	7	23
0	9	91
0	14	90
0	13	91
0	15	91
2	4	21
0	9	90
0	13	91
0	10	91
1	5	86
1	4	20
7	18	90
1	9	91
1	10	90
0	9	91
0	13	91
6	8	24
4	9	23
1	10	87
0	9	91
7	8	30
0	11	90
0	8	89
0	17	91
2	11	91
22	40	90
6	9	25
0	8	90
1	9	91
5	25	91
4	13	91
12	20	57
0	14	91
1	6	91
2	6	21
7	10	30
0	13	87
0	6	91
3	4	23
3	4	22
0	9	60
0	10	91
0	5	23
0	7	90
0	7	90
1	10	90
0	12	90
0	-1	90
27	31	90
24	40	89
0	9	91
0	13	91
0	12	89
0	-1	90
7	10	27
12	9	34
0	0	90
0	0	67
0	-1	91
0	-1	90
26	41	91
0	10	90
0	14	91
0	13	90
0	13	91
0	13	91
0	7	83
0	10	91
0	12	91
0	14	90
0	9	91
0	11	90
0	11	90
8	9	30
4	9	90
1	10	91
0	8	91
29	29	91
0	22	90
6	9	25
0	11	91
0	8	91
2	10	30
0	16	90
4	7	26
4	7	24
3	4	23
8	7	30
5	13	91
1	3	91
0	4	84
2	11	90
1	9	91
0	11	90
0	17	90
0	7	91
1	6	91
1	12	90
17	-1	90
0	10	91
0	7	90
4	33	91
3	5	24
16	18	42
2	7	23
7	13	35
2	6	22
2	5	20
4	7	24
3	6	21
3	8	24
4	6	23
3	7	21
0	11	91
21	24	57
4	6	24
2	9	22
17	23	55
20	29	66
5	31	90
0	9	91
0	8	91
0	8	90
0	14	91
6	5	25
0	10	90
3	4	22
39	42	87
10	10	33
2	6	21
6	9	26
6	9	30
0	6	91
1	6	91
0	6	91
0	12	90
1	4	22
1	10	90
1	5	21
2	8	91
6	7	25
0	11	91
0	8	68
0	10	91
0	8	90
0	8	91
0	7	91
0	7	90
8	9	28
0	13	91
0	10	90
8	11	31
0	17	90
0	3	88
0	11	91
4	12	90
2	9	90
1	1	91
2	8	23
2	7	22
3	8	22
0	12	89
0	9	91
0	20	91
0	11	90
0	10	91
0	11	89
0	13	91
2	8	90
7	11	32
0	10	89
1	3	90
2	12	90
18	21	49
7	8	25
3	8	23
2	5	22
0	6	91
23	22	91
22	23	91
0	14	88
0	-1	91
1	3	88
4	10	32
5	7	29
0	12	91
6	7	26
5	6	23
3	5	22
3	7	23
6	24	53
7	15	31
0	8	90
0	17	91
1	14	90
4	7	23
8	11	33
3	8	23
2	8	24
0	8	91
9	13	33
3	8	22
4	10	26
0	10	91
0	10	90
5	8	24
0	7	91
0	8	90
4	8	91
3	12	91
2	10	90
2	11	91
4	16	90
2	11	89
2	12	91
1	8	91
0	10	90
2	8	21
0	9	90
0	2	23
0	11	90
9	10	30
8	12	33
2	6	23
9	14	32
5	9	25
1	26	90
0	11	91
1	2	45
5	11	33
5	6	22
3	6	21
0	5	91
10	10	28
0	6	90
0	7	91
7	12	37
8	11	30
3	6	22
4	12	89
0	24	91
7	12	37
4	26	91
39	33	88
0	1	90
0	1	91
0	3	90
1	4	90
5	13	34
12	14	35
32	23	88
10	12	33
10	11	33
9	9	30
0	15	91
1	7	91
0	13	90
5	7	25
7	12	26
6	12	31
0	11	91
0	9	90
7	9	27
5	9	24
6	9	25
12	16	38
2	12	90
0	8	89
0	10	91
0	10	90
0	6	91
2	7	22
1	-1	91
0	-1	91
8	10	33
8	12	30
0	11	91
2	7	21
0	11	91
3	6	23
0	11	90
2	11	90
1	14	90
4	6	24
6	5	34
0	33	90
0	7	90
0	7	90
0	10	90
0	12	91
3	10	25
9	14	35
1	7	91
0	8	90
0	12	91
0	3	90
0	7	91
7	18	50
6	9	27
0	6	91
4	9	23
1	13	89
0	11	91
8	10	32
11	12	34
11	11	34
9	9	29
8	10	29
10	9	33
8	9	31
2	6	22
4	6	23
2	5	24
2	4	23
1	3	22
1	4	21
5	7	26
0	6	91
0	16	90
0	18	90
18	20	52
16	17	47
17	17	46
17	18	50
20	20	53
9	11	31
22	40	91
4	7	23
0	9	90
5	7	25
8	9	34
2	6	21
3	6	22
0	6	90
8	11	28
4	6	31
2	5	21
2	6	23
10	14	40
8	10	29
8	10	28
9	12	32
6	12	34
8	11	30
7	9	27
6	9	27
7	9	26
34	42	89
5	9	23
6	9	26
0	10	91
0	6	89
0	12	91
0	10	91
0	12	91
0	12	91
5	6	25
5	13	90
4	6	28
10	16	37
8	9	32
0	10	90
0	11	90
0	10	91
0	11	87
0	12	91
7	33	91
3	10	91
0	15	90
4	7	25
0	-1	90
0	12	91
3	9	91
0	4	23
2	10	91
1	6	90
2	12	90
0	7	91
2	24	90
3	7	26
0	14	90
9	10	32
4	7	23
0	8	91
0	9	91
0	9	90
4	35	88
1	19	91
1	19	91
0	9	90
0	17	88
9	13	31
0	8	91
6	13	26
0	15	91
0	10	90
22	25	91
29	38	91
9	12	28
2	4	20
8	10	31
0	4	91
0	3	88
2	5	22
8	13	29
0	10	71
0	-1	71
0	9	91
0	12	91
4	11	27
0	5	91
7	10	26
9	11	30
8	10	29
8	11	27
10	13	33
8	12	29
4	9	24
0	20	91
0	8	90
0	8	90
0	7	91
9	9	34
0	9	91
0	10	91
0	10	91
23	25	69
1	9	91
0	13	91
4	7	22
4	7	30
0	11	88
5	6	24
3	7	22
0	13	89
0	14	91
0	15	91
6	7	25
7	10	27
5	8	25
10	16	35
0	6	90
8	9	31
0	31	90
5	9	24
3	8	22
4	8	24
3	8	23
3	8	21
3	9	24
0	6	91
0	13	88
5	6	23
3	5	23
0	7	91
0	9	91
7	10	29
0	6	91
0	7	90
26	44	89
6	11	30
13	14	33
0	4	91
27	36	90
6	8	25
2	5	24
2	11	30
5	7	24
7	13	33
8	8	28
0	20	91
0	8	90
0	10	90
10	10	32
2	1	23
7	12	31
7	11	33
20	22	54
33	37	90
31	36	88
33	37	91
17	18	53
26	-1	91
20	27	60
8	12	31
1	7	91
8	13	33
7	8	30
31	31	90
21	21	88
3	29	86
7	11	30
8	10	28
8	10	31
6	9	27
8	10	32
4	6	22
5	9	24
0	8	91
0	9	90
0	4	90
0	9	91
36	41	89
33	37	87
0	5	91
1	11	91
0	9	90
0	23	91
0	8	50
3	24	91
5	12	32
29	39	91
26	39	90
0	7	90
9	13	37
1	11	70
6	9	26
16	40	91
4	6	24
11	15	39
11	14	37
8	11	33
9	12	33
9	11	29
6	9	26
6	9	25
6	10	26
6	10	25
0	9	90
1	32	91
8	10	31
5	6	28
22	35	91
5	7	24
0	11	91
0	13	91
5	5	24
0	10	89
8	11	29
0	21	88
9	11	31
0	6	90
0	8	90
0	6	90
0	10	90
1	9	35
0	10	91
0	12	67
0	14	88
3	8	22
3	7	21
0	12	91
4	10	24
2	11	91
8	10	31
0	3	91
0	1	70
1	10	90
0	9	88
5	4	26
5	7	23
0	5	91
0	7	90
11	14	39
15	14	37
1	9	91
2	11	91
0	11	90
1	6	91
0	11	90
0	14	91
23	42	91
0	12	91
0	11	91
14	15	37
1	5	21
1	7	21
6	29	91
6	9	26
0	0	86
0	6	91
0	0	91
0	5	91
0	2	91
0	5	91
2	2	91
0	3	90
0	7	90
0	-1	89
0	1	91
0	1	89
0	-1	90
1	2	91
0	12	91
1	7	91
1	4	90
0	3	90
1	2	90
1	12	91
0	4	90
0	3	91
0	3	91
1	-1	91
2	3	91
0	4	91
0	2	90
0	5	90
0	5	91
0	5	91
0	3	90
0	-1	90
0	2	91
0	-1	91
0	1	91
1	4	90
1	5	91
1	6	91
1	2	90
1	3	91
1	2	91
0	1	91
0	2	91
0	3	89
1	6	90
0	3	77
0	7	91
0	3	91
0	6	90
0	6	91
0	5	91
0	-1	90
0	9	91
0	0	89
1	20	91
0	-1	91
1	6	91
2	4	74
1	2	91
1	0	91
1	6	90
0	-1	90
1	2	90
0	6	91
0	4	90
0	-1	91
0	3	91
0	1	90
0	-1	90
0	5	91
0	1	89
0	1	91
0	4	91
0	2	91
1	1	91
0	5	91
1	2	88
1	2	83
0	5	91
1	2	56
2	6	22
3	35	91
0	11	61
0	7	61
0	1	90
0	12	90
1	9	90
1	11	91
3	4	24
3	9	23
4	8	24
4	8	24
2	5	91
2	8	91
1	6	20
1	9	90
2	11	88
6	12	90
1	8	91
0	19	90
0	6	91
3	9	91
1	5	91
0	10	90
9	12	28
2	6	23
0	3	91
0	9	90
4	-1	91
0	6	91
0	2	48
8	10	31
28	33	82
6	8	26
0	14	90
2	10	91
0	15	91
0	15	90
4	7	23
0	5	90
0	10	91
4	5	42
5	10	26
4	9	24
7	11	32
5	8	25
5	7	23
5	6	30
2	22	89
4	7	29
4	39	91
3	37	91
1	10	23
4	10	23
0	8	90
1	8	88
0	11	91
0	10	91
1	4	90
3	5	51
1	23	87
1	3	21
7	10	33
6	9	28
6	9	26
6	8	25
8	13	29
0	11	90
0	8	90
3	5	23
28	49	91
29	49	91
25	38	91
4	6	23
10	11	30
25	-1	91
0	11	90
19	36	60
0	13	89
0	13	91
5	7	25
7	8	25
3	7	24
0	17	90
0	10	91
0	5	91
2	9	90
4	7	24
3	6	21
6	11	31
1	6	22
23	14	91
24	16	77
27	16	91
6	8	25
18	-1	90
21	24	50
1	28	91
3	5	22
5	9	30
1	6	91
0	9	90
0	5	91
6	8	26
3	9	24
0	32	90
0	18	91
4	8	26
3	9	22
5	29	91
0	11	90
7	10	26
4	10	30
5	7	24
5	8	32
0	16	90
0	13	91
6	10	26
8	12	34
0	13	90
26	32	91
1	20	90
2	12	91
10	13	48
0	8	91
0	9	90
1	9	90
0	5	90
11	8	36
2	6	21
2	3	22
9	7	34
39	32	89
0	8	90
0	11	90
26	37	91
8	11	28
0	9	91
0	10	90
3	8	22
4	11	28
0	10	91
5	6	26
0	5	91
0	4	90
3	9	23
4	7	23
0	7	91
0	15	91
3	8	26
1	6	20
3	9	89
0	8	83
0	-1	90
5	6	25
2	4	21
3	17	91
2	12	91
3	12	91
3	-1	91
2	-1	90
0	11	90
8	8	26
2	8	22
1	4	21
5	8	23
2	4	23
3	6	23
0	3	91
5	7	31
31	30	91
0	6	91
3	7	21
6	9	27
7	9	25
0	8	90
1	32	90
0	11	91
0	8	91
0	13	90
11	11	38
24	-1	90
9	9	30
8	11	26
0	5	20
1	10	88
0	8	91
5	8	27
6	6	25
0	8	91
0	10	91
0	3	20
4	8	22
2	4	21
0	9	91
5	7	24
4	7	22
3	5	23
1	6	20
0	8	91
31	40	91
3	7	25
0	13	91
0	10	90
10	10	30
0	14	90
0	15	91
0	11	91
0	7	88
0	9	91
0	15	90
1	5	22
1	4	22
3	3	44
0	14	91
0	6	91
0	12	91
4	5	26
5	4	24
5	9	25
4	6	22
3	5	25
0	17	91
0	9	90
0	12	89
21	22	91
21	39	89
19	40	90
1	23	90
7	10	31
5	9	24
1	2	91
0	7	91
1	9	89
0	9	91
0	2	90
1	6	23
5	18	91
2	6	24
0	10	90
0	12	91
0	8	90
3	7	23
6	12	32
5	9	26
3	6	24
1	5	25
0	7	91
0	16	91
8	9	28
2	17	91
0	14	89
0	15	91
0	12	91
0	11	90
0	9	90
2	9	90
4	7	24
5	8	23
6	7	25
4	8	91
0	7	22
0	12	90
0	13	91
2	3	21
5	6	24
4	6	25
30	19	88
32	19	91
0	12	91
0	4	42
8	9	30
8	8	34
0	11	90
0	9	90
0	7	90
0	8	91
0	7	89
0	7	91
7	9	28
0	9	91
0	16	91
0	-1	91
4	9	25
5	9	27
6	11	30
5	9	30
0	10	91
0	8	90
27	29	91
0	9	90
0	18	90
0	2	21
0	8	89
0	8	91
0	6	91
3	12	91
0	3	90
0	-1	90
0	10	90
0	11	90
0	12	91
5	12	30
6	9	27
4	8	25
1	3	20
1	3	21
9	12	29
0	16	90
6	9	30
10	12	27
1	10	90
0	10	89
0	6	91
0	10	91
0	8	91
0	8	90
9	10	27
2	9	91
1	5	90
6	6	23
0	11	91
0	12	91
0	12	90
0	16	91
1	3	22
5	14	91
0	2	89
0	13	90
0	13	90
0	8	90
0	7	91
0	8	91
2	6	22
0	18	90
0	-1	91
0	13	91
1	6	91
2	7	90
0	7	91
11	24	91
0	3	90
0	0	80
3	6	22
0	6	91
0	19	90
1	8	24
4	13	90
0	8	90
0	36	88
2	3	22
4	5	43
9	8	33
9	10	35
0	34	91
1	5	21
4	7	23
1	10	89
0	7	91
8	6	30
0	21	90
0	21	90
0	20	85
5	9	26
6	11	28
5	10	24
5	10	25
0	8	91
0	7	90
4	9	24
3	9	91
4	10	91
0	5	22
3	14	90
0	7	91
1	9	91
3	10	91
1	12	91
0	16	90
2	38	91
1	4	22
4	53	90
4	21	91
7	9	25
0	7	90
1	14	91
7	7	24
6	8	26
5	26	90
1	6	89
8	8	30
20	1	91
2	18	90
2	5	21
4	7	24
3	12	91
0	3	91
9	10	29
9	13	33
6	8	26
23	41	91
2	6	23
2	6	22
4	9	24
7	9	29
6	12	31
6	9	26
4	10	24
0	10	90
0	9	91
0	3	90
6	9	28
3	6	24
0	6	91
3	8	25
0	10	91
0	9	90
2	6	25
2	6	21
4	9	23
4	5	23
7	9	32
22	41	91
11	13	35
5	7	24
7	11	30
0	7	90
6	9	31
3	8	22
8	15	37
7	12	33
11	13	34
8	10	27
7	9	29
6	8	27
7	12	31
0	11	91
0	9	91
0	5	91
0	6	90
1	12	91
5	8	23
6	7	23
5	9	24
4	9	27
5	7	26
6	7	25
0	8	90
0	4	58
12	20	58
3	7	24
8	9	31
0	15	90
0	14	91
5	8	24
7	13	33
4	9	26
0	10	91
10	12	37
1	-1	90
1	13	91
1	13	91
3	5	21
3	10	23
11	13	30
0	14	91
0	12	90
6	7	30
8	12	33
6	8	26
9	13	33
0	10	91
0	12	90
5	8	25
22	26	60
4	8	24
0	11	91
4	9	24
26	47	90
4	8	22
6	9	25
4	7	23
7	10	29
6	7	28
0	11	90
0	8	91
1	6	20
0	15	90
33	35	90
4	8	26
5	6	23
4	9	30
2	4	23
7	12	32
5	9	30
3	5	21
3	6	33
0	10	91
0	7	90
2	5	24
7	11	37
1	10	91
0	10	90
7	8	28
0	12	90
0	9	90
4	6	22
3	6	22
9	16	37
12	17	37
1	11	44
0	5	30
0	8	91
0	14	90
0	11	90
2	10	79
2	12	79
0	10	90
0	-1	90
5	8	23
0	10	90
0	7	90
10	17	36
0	11	50
0	14	90
0	5	90
1	-1	91
0	9	91
7	13	32
9	12	36
0	16	91
9	9	30
0	4	21
20	25	68
0	10	90
0	3	21
1	4	20
3	4	22
14	19	41
9	15	31
2	6	37
0	7	91
0	8	91
2	7	22
7	17	90
3	7	20
5	8	25
0	4	22
4	9	25
5	6	30
0	11	91
5	15	88
2	11	90
2	11	91
1	9	90
6	6	27
1	5	22
0	5	91
1	9	91
17	18	49
0	10	91
0	12	91
3	29	90
6	32	90
13	-1	47
3	8	24
1	5	31
0	14	91
0	6	51
0	15	91
1	10	41
0	19	71
9	12	30
9	14	34
12	17	38
8	11	29
8	12	32
7	13	31
7	10	28
4	8	26
27	30	91
26	32	91
27	30	91
29	30	87
29	31	91
23	30	91
27	29	91
29	33	91
20	25	72
4	10	34
0	6	90
0	6	91
0	8	90
25	42	90
2	5	21
1	22	91
38	40	90
9	13	32
1	8	91
2	11	91
0	5	90
8	15	91
0	11	90
5	8	25
0	8	91
3	7	21
7	11	27
6	10	28
6	7	28
0	8	91
0	7	90
0	6	90
2	8	21
0	10	90
1	11	90
0	6	90
5	6	26
0	13	90
0	8	90
0	11	91
0	9	90
7	8	25
6	8	24
6	8	25
1	11	91
1	10	90
5	8	24
0	10	91
0	11	90
3	9	23
3	6	23
5	41	89
7	9	23
14	19	48
0	7	77
7	10	27
1	4	21
0	13	89
7	9	26
6	9	26
10	10	34
2	4	21
7	10	30
5	7	25
7	11	31
7	11	30
4	9	23
5	10	25
3	6	24
5	9	25
0	9	90
0	11	91
4	7	22
1	5	20
9	13	31
0	9	89
0	6	22
0	12	91
5	8	24
0	8	91
0	10	91
0	1	90
0	11	91
5	10	24
24	41	91
0	7	91
0	11	91
0	10	91
0	11	90
0	7	91
0	6	91
1	12	91
0	12	90
3	6	89
8	8	34
7	8	32
7	6	30
7	7	30
2	7	21
6	7	24
4	7	22
10	13	33
7	14	28
9	12	30
9	10	27
4	-1	90
5	10	26
1	7	90
1	9	85
1	8	89
3	9	90
0	12	91
8	15	52
8	11	41
25	31	90
5	13	49
7	19	68
0	7	91
0	6	90
0	19	80
0	0	70
8	11	35
0	7	91
5	13	31
20	20	52
32	39	91
4	6	24
0	10	91
4	6	24
9	10	28
1	4	20
0	15	91
25	29	89
4	9	27
5	9	29
3	7	24
1	8	90
3	12	91
0	6	28
4	9	25
4	8	24
3	7	22
0	6	91
0	14	91
0	8	90
0	10	91
2	9	24
7	9	33
10	12	37
2	13	91
0	11	91
0	11	90
0	8	90
0	14	91
0	11	90
1	10	89
4	6	23
6	12	27
8	12	31
3	12	24
9	9	31
9	9	30
0	2	91
2	9	90
0	10	90
0	10	91
0	11	90
0	16	90
2	14	91
0	34	91
0	9	90
4	14	90
1	5	22
39	39	91
6	8	27
1	8	90
0	5	81
0	13	91
0	10	90
0	6	90
0	9	91
19	24	72
3	6	24
23	28	91
28	29	91
0	8	91
5	13	91
0	11	90
1	5	21
2	6	23
0	16	90
0	7	89
0	10	91
0	10	90
1	7	91
2	7	22
0	3	26
3	7	25
17	22	63
3	6	23
2	7	21
1	2	22
30	25	91
9	10	90
7	11	29
2	4	21
0	7	91
2	5	90
1	4	90
0	9	91
1	5	91
0	7	91
1	7	21
6	8	26
2	26	90
4	7	24
0	9	90
0	8	89
0	5	21
0	5	90
0	5	91
3	8	23
2	7	89
4	7	23
2	8	22
0	11	91
5	8	28
7	7	28
0	15	91
0	12	90
0	7	91
7	7	27
4	9	24
0	10	91
24	24	89
0	24	90
5	7	21
1	3	21
0	19	86
0	12	90
31	38	91
0	7	91
0	13	90
0	14	91
4	12	91
3	10	89
1	10	91
0	10	91
0	11	91
11	24	43
3	7	23
11	13	35
10	11	33
9	11	32
9	11	31
8	9	30
0	18	91
0	16	91
0	16	89
5	5	25
0	28	91
3	4	21
9	16	34
11	12	35
15	13	46
2	4	90
0	33	90
0	6	90
0	8	91
0	-1	90
4	6	22
33	38	85
9	11	30
8	8	26
0	38	86
4	7	24
0	9	90
0	13	91
5	8	90
6	11	31
0	4	91
1	11	64
1	12	64
8	12	30
2	4	24
0	11	91
0	4	90
0	3	89
0	16	90
4	9	22
2	7	21
7	13	29
5	13	33
6	11	27
4	11	24
4	10	25
5	11	25
8	10	35
0	9	91
3	8	90
4	5	21
3	6	90
2	14	90
0	6	90
0	11	91
0	21	91
0	8	91
0	5	90
4	13	90
1	10	91
0	8	88
0	15	91
2	36	91
0	9	91
0	12	91
0	11	91
6	8	24
5	7	24
4	7	32
0	6	91
0	5	89
4	7	39
1	7	32
0	8	90
0	10	91
0	8	90
0	20	91
0	12	90
30	37	91
5	6	23
2	24	91
2	15	91
1	14	90
0	10	90
0	10	90
0	17	91
0	6	23
0	10	91
0	-1	88
21	24	71
1	8	88
1	9	90
8	6	34
0	4	88
0	10	90
0	10	90
0	8	90
0	8	91
0	8	91
0	8	90
1	5	21
7	13	30
11	15	35
8	14	36
21	32	91
2	7	28
17	13	62
29	18	91
19	18	89
26	18	91
22	19	90
26	18	91
22	17	90
22	18	91
17	15	74
20	19	91
22	18	91
25	18	91
18	17	88
24	18	91
23	18	91
22	19	90
22	18	91
0	11	89
0	-1	90
21	39	90
4	6	23
0	13	90
0	12	90
3	6	24
0	42	91
30	-1	91
35	40	90
0	31	91
2	4	24
7	8	27
1	7	91
3	19	91
31	-1	91
7	10	31
7	9	30
7	9	28
0	12	90
0	8	90
2	5	22
0	24	90
2	5	22
0	15	90
6	10	26
0	9	91
0	0	90
4	6	22
24	33	91
27	-1	91
2	6	22
0	11	90
0	5	90
0	20	91
4	5	23
9	15	34
8	22	90
9	12	30
5	11	31
0	14	90
0	12	91
0	5	91
0	9	90
0	7	91
29	29	72
4	5	22
0	14	89
0	11	90
0	10	91
5	9	31
10	14	29
0	9	90
0	8	91
16	18	51
1	5	23
0	-1	82
7	7	31
1	6	22
0	8	91
0	9	90
0	7	91
6	12	91
3	14	91
1	10	91
1	7	91
7	10	28
2	4	21
5	12	28
3	9	24
2	6	22
0	9	91
1	11	91
0	14	90
0	7	91
7	9	27
5	13	31
29	40	91
8	13	30
9	10	27
7	8	30
8	10	31
0	9	91
0	13	91
0	13	90
0	17	91
0	5	88
0	7	91
0	10	91
4	-1	90
2	4	23
3	5	24
0	8	91
0	8	91
1	10	91
0	3	90
0	7	91
4	9	23
2	11	90
1	8	91
1	-1	91
2	6	23
0	6	90
0	7	90
1	5	20
4	9	31
2	9	90
0	12	91
0	7	91
0	9	91
0	3	90
5	7	26
7	9	27
28	34	91
4	37	91
0	10	90
0	11	91
0	7	91
0	14	90
0	8	91
0	10	91
7	8	91
29	40	91
0	14	91
0	7	90
8	10	29
0	14	89
5	6	25
0	8	91
0	12	90
0	12	91
24	32	91
19	20	64
0	1	91
0	0	90
2	3	24
9	10	30
23	30	91
0	5	45
0	9	90
0	8	90
0	9	91
0	7	91
0	9	91
0	13	91
0	12	90
5	6	25
9	31	91
0	11	91
0	12	91
1	16	91
1	8	91
1	8	90
5	8	26
6	11	31
23	31	91
26	30	90
28	31	91
2	9	90
2	11	90
4	7	23
1	10	91
1	10	90
2	5	21
4	17	91
17	18	53
6	9	24
6	8	27
1	11	91
7	9	27
6	9	27
0	16	91
23	27	91
4	10	91
2	9	90
0	9	90
0	5	90
0	27	90
0	3	90
0	-1	90
2	23	91
2	5	21
28	29	91
0	3	90
32	31	90
5	5	24
20	19	58
11	11	32
7	13	66
7	12	36
5	7	21
21	32	91
0	24	91
3	6	23
3	8	23
2	13	91
4	18	89
0	9	90
1	17	90
0	10	91
2	7	22
0	1	91
0	12	91
0	12	91
2	6	91
8	11	29
22	-1	88
1	2	23
7	9	28
6	10	31
0	10	76
0	10	91
4	10	23
0	13	90
25	42	91
0	30	89
0	29	91
0	29	91
1	-1	91
7	15	91
1	26	90
5	5	26
6	8	23
9	12	31
25	33	91
1	14	90
0	8	91
0	9	91
1	12	91
3	9	91
5	10	91
28	35	91
28	35	91
5	7	30
2	9	22
0	22	90
31	-1	91
1	25	91
3	11	91
0	3	91
10	11	32
20	23	72
3	9	22
3	9	91
2	11	91
4	6	27
2	6	21
3	4	20
0	6	27
1	8	90
6	11	29
0	21	90
2	9	91
1	13	91
3	6	22
6	7	25
0	-1	90
0	18	91
3	5	21
3	8	91
1	9	89
0	8	91
2	10	61
2	5	22
21	37	91
0	8	90
0	6	88
1	2	21
33	43	88
6	5	26
5	5	24
6	5	26
7	6	27
3	38	90
0	8	91
0	11	91
2	6	22
7	7	27
0	14	91
6	8	26
7	8	26
1	7	91
0	10	91
0	22	90
27	35	91
2	7	21
0	10	91
0	12	91
0	10	90
0	10	91
0	10	91
0	13	88
21	-1	90
0	9	91
0	9	91
0	10	90
0	9	91
0	15	91
0	7	91
1	10	91
0	15	91
6	10	26
3	8	23
1	8	91
9	12	30
0	11	90
0	14	90
3	4	24
8	10	33
2	12	30
2	7	23
2	6	22
3	7	20
2	9	22
0	10	91
0	13	90
0	9	90
0	9	91
0	8	90
1	9	91
0	4	20
1	10	91
0	4	90
2	13	90
22	26	91
0	1	91
4	9	91
3	13	91
1	6	23
0	15	91
0	15	90
0	9	91
0	10	90
3	11	90
1	12	90
0	12	91
0	11	91
0	8	90
0	10	91
1	5	20
6	12	30
0	8	90
0	11	90
0	10	91
0	10	91
9	11	30
0	11	41
2	9	90
0	11	91
0	2	91
2	4	22
0	12	90
7	10	34
6	10	28
1	10	91
28	33	90
29	32	91
1	15	91
0	9	91
12	16	40
0	3	33
5	13	46
5	9	23
11	18	31
4	10	27
6	12	32
6	13	32
5	12	31
4	11	31
5	5	61
5	7	27
0	12	90
0	11	90
0	-1	90
0	13	91
8	9	35
5	7	24
2	7	24
2	6	25
0	11	90
0	5	73
0	7	88
0	7	90
0	9	91
0	5	91
0	5	91
0	27	87
4	7	24
6	8	25
3	7	23
1	5	90
4	9	91
1	9	91
0	10	91
0	9	91
20	25	64
5	6	27
0	-1	84
4	16	91
1	6	91
0	21	90
0	21	90
0	14	91
0	15	91
0	12	90
0	13	90
3	27	78
0	14	90
0	16	91
0	13	87
3	35	91
2	10	91
1	8	91
2	9	91
0	8	91
0	13	91
22	26	90
2	6	24
26	26	88
29	28	91
0	5	91
29	29	90
26	29	91
30	29	91
23	29	91
28	29	91
30	29	91
26	28	91
28	30	91
6	6	32
6	11	25
5	9	24
1	9	91
4	8	26
11	13	35
2	8	22
0	12	90
0	10	90
0	11	87
1	13	91
6	7	28
23	35	91
4	8	24
14	15	37
1	4	20
0	7	91
0	3	91
0	3	70
0	19	91
0	-1	90
7	8	23
5	5	26
0	6	91
0	8	91
0	-1	91
11	15	37
5	14	28
0	11	90
1	4	21
8	8	25
6	9	26
12	12	34
5	7	27
0	10	91
7	10	30
2	9	91
14	-1	46
6	8	27
11	11	29
7	8	26
30	21	91
2	23	91
5	26	91
4	26	91
5	22	79
22	25	91
0	9	91
0	15	90
0	8	90
0	9	91
0	9	90
0	16	91
8	9	27
21	23	73
22	29	91
3	8	25
2	4	21
4	5	22
7	8	26
6	7	25
8	9	27
7	10	28
0	4	90
7	11	28
3	7	22
9	11	34
7	10	30
7	10	30
10	14	35
7	11	32
7	10	28
5	12	31
11	13	38
10	11	37
16	24	90
18	28	91
7	9	31
0	10	91
0	14	89
5	12	30
3	25	90
0	10	91
0	11	90
0	11	90
0	7	90
17	18	52
10	11	33
9	16	37
0	1	23
3	8	23
8	8	30
3	6	23
4	10	25
0	7	91
2	17	91
0	2	20
4	31	91
2	30	91
2	8	23
5	13	36
0	9	91
0	7	91
0	8	91
9	14	37
20	24	66
0	7	90
0	9	90
3	5	23
2	3	91
1	11	91
5	9	32
2	2	22
2	2	21
8	7	29
13	18	58
0	16	90
4	6	31
9	14	33
20	20	57
9	14	34
0	23	91
14	16	90
14	16	91
10	12	67
14	15	90
14	15	90
12	13	71
12	13	71
0	8	91
0	5	90
0	8	91
0	12	91
6	13	34
2	6	22
2	10	24
5	7	28
0	8	90
4	32	91
6	33	91
0	12	91
0	11	87
9	12	32
2	8	24
0	4	91
8	29	91
1	32	91
2	6	21
5	7	25
2	9	24
18	36	81
3	32	91
3	31	91
3	33	91
6	9	28
10	11	35
16	17	46
0	20	90
1	15	89
1	16	90
0	10	91
0	9	90
0	8	90
16	33	54
15	31	55
0	12	78
0	10	90
0	8	91
2	12	90
8	14	32
8	13	31
0	12	91
0	12	91
4	6	23
3	6	21
1	14	91
1	8	91
0	11	82
4	8	26
4	7	24
2	5	21
3	8	25
5	9	24
0	8	90
8	13	29
12	17	38
15	27	55
0	6	26
4	5	91
4	7	24
0	6	31
0	12	91
0	9	91
10	21	67
11	-1	74
10	-1	79
7	4	48
4	3	43
0	9	87
0	8	87
5	5	22
16	18	67
16	19	77
7	8	27
0	10	91
3	10	91
3	9	26
0	10	91
2	10	90
1	13	91
3	14	90
0	13	90
4	9	90
4	7	23
8	11	34
9	10	33
7	10	32
5	4	24
3	9	22
3	7	22
0	4	90
0	9	91
0	12	89
0	10	91
7	14	82
6	14	82
29	29	88
0	13	90
0	11	90
1	3	20
31	33	88
34	35	88
0	11	90
0	12	91
4	8	23
37	22	89
8	12	33
9	11	33
31	34	80
1	6	22
4	11	28
2	4	21
7	11	30
7	11	26
5	9	27
0	8	90
0	-1	90
12	18	41
8	13	32
3	6	21
35	39	91
0	5	90
0	7	90
0	12	90
0	14	91
10	10	33
2	7	23
2	14	90
5	8	27
0	2	91
19	19	59
2	7	32
0	14	91
0	11	90
22	-1	74
22	24	72
28	30	90
27	30	91
26	29	91
26	30	91
28	30	91
0	9	88
5	7	23
0	12	90
0	10	90
3	8	25
0	7	91
1	17	91
0	4	90
0	9	91
0	15	91
32	38	91
0	9	89
0	17	90
9	10	34
2	5	20
4	23	90
7	7	32
0	13	91
1	-1	89
2	11	90
0	12	91
0	12	91
7	13	35
2	11	91
2	18	91
1	13	74
1	12	74
0	12	91
2	6	21
26	33	91
27	33	90
27	30	89
28	32	91
21	24	69
0	10	91
0	15	91
0	8	90
9	11	30
0	13	90
0	11	91
4	10	25
4	10	25
7	10	29
0	2	31
4	17	32
10	24	62
13	29	91
0	17	90
0	16	91
3	5	22
1	14	90
0	14	91
0	8	91
0	1	77
0	3	77
0	12	91
1	14	91
0	12	91
0	13	91
0	4	85
7	11	31
2	5	21
0	10	91
1	18	83
0	14	90
0	6	91
0	19	91
0	16	91
1	14	90
38	41	89
0	13	91
0	18	90
1	30	90
6	7	24
5	11	32
0	3	21
3	10	91
0	7	57
2	7	21
19	33	90
1	-1	90
0	10	91
0	10	86
7	10	31
4	10	33
3	7	22
3	12	25
2	3	21
5	6	26
6	6	26
0	11	91
3	3	21
7	9	33
0	12	90
0	11	90
2	15	90
0	15	87
4	4	23
5	7	26
0	6	91
0	10	91
5	7	23
0	12	90
3	3	90
2	5	62
3	7	62
3	10	91
3	17	69
3	10	69
0	18	90
2	14	91
0	6	90
6	9	28
3	14	90
9	12	28
2	7	22
4	9	25
5	10	25
7	13	34
8	10	31
7	9	31
0	15	90
0	12	91
0	10	91
0	5	90
0	14	90
0	6	91
0	3	90
3	6	23
3	7	25
2	10	23
0	26	91
0	18	91
4	6	30
4	6	23
0	11	86
0	9	86
3	9	25
2	7	24
6	10	24
5	9	25
0	6	38
4	9	24
0	9	91
0	9	91
3	10	23
0	4	24
1	8	90
10	11	36
5	11	30
4	8	24
3	5	23
10	11	33
6	10	25
7	10	29
6	9	24
8	10	28
9	10	31
23	27	68
6	5	26
0	12	91
0	7	91
0	9	91
6	12	27
8	13	34
7	10	24
7	9	31
11	10	34
7	9	28
8	26	89
5	8	27
1	3	22
1	11	91
2	11	91
1	14	90
0	27	89
7	11	30
0	10	91
0	10	90
19	31	90
4	7	20
0	7	91
0	11	91
2	4	21
5	9	26
2	11	91
8	9	34
0	8	90
7	10	30
7	10	31
2	4	22
15	30	51
0	11	90
0	4	61
1	5	90
1	7	91
9	10	31
0	12	91
5	12	91
0	7	91
0	7	90
1	5	20
3	7	22
0	20	90
7	10	26
4	8	22
6	10	27
0	19	91
0	15	90
1	7	21
4	7	25
3	8	22
3	6	22
0	16	91
0	9	78
1	9	91
1	11	90
0	7	90
0	5	91
4	13	90
9	11	32
0	10	91
0	8	90
0	15	91
0	8	91
8	8	27
0	5	90
1	6	91
21	33	90
0	11	90
0	12	90
0	12	91
0	6	91
0	11	91
0	11	90
6	9	24
3	5	26
0	11	90
0	12	91
1	10	90
0	10	91
11	13	34
7	11	29
8	9	28
2	5	21
9	10	30
2	5	20
0	11	90
0	8	90
0	5	90
1	8	90
3	6	22
7	10	32
11	16	40
12	12	36
0	12	90
0	30	90
8	7	26
0	4	54
0	13	90
0	11	90
5	8	30
6	10	25
1	5	20
0	7	90
0	12	91
0	9	90
0	7	91
5	9	25
0	8	91
0	5	90
5	5	53
0	12	90
0	15	91
7	9	30
10	13	37
0	4	22
0	4	23
31	32	72
1	2	23
0	2	21
5	11	90
4	8	89
1	5	90
2	12	91
1	10	90
1	10	90
7	15	32
7	12	28
7	16	32
2	5	21
2	5	21
5	7	28
0	11	90
0	8	89
22	34	91
0	-1	90
0	8	91
4	8	25
0	8	90
0	7	91
0	9	91
1	5	21
2	4	23
2	11	90
4	17	90
0	7	90
2	6	24
0	11	90
0	10	90
25	27	91
0	7	70
1	7	70
0	6	34
1	0	20
8	8	30
17	28	88
4	18	76
4	16	76
0	11	91
7	8	31
7	10	31
2	7	23
11	12	33
5	14	91
2	14	91
7	14	31
1	4	23
17	23	61
6	9	30
26	28	91
28	29	91
25	29	91
25	30	90
27	29	91
28	28	90
1	6	23
0	9	85
0	9	90
0	10	48
2	5	20
6	8	30
13	16	52
3	5	22
28	-1	91
29	30	90
0	15	91
2	7	25
2	6	91
2	11	89
6	5	25
24	39	90
21	36	87
0	10	90
0	13	91
14	19	40
2	7	90
4	10	23
3	28	91
1	6	21
24	24	77
3	6	91
3	12	90
2	5	89
0	8	91
0	9	90
3	11	24
8	9	34
0	33	91
19	27	89
14	17	53
0	8	83
0	4	90
1	5	24
4	9	24
11	12	30
2	18	91
0	10	91
6	8	35
2	4	22
3	9	22
0	9	91
0	5	91
0	5	90
0	6	89
0	8	75
0	6	75
0	8	91
0	9	90
0	27	91
8	8	27
4	7	23
5	8	23
0	10	90
0	14	90
9	12	33
2	6	21
7	11	40
7	11	27
6	5	25
5	8	24
2	8	23
0	13	90
0	9	91
5	10	29
8	11	29
3	6	24
5	7	30
7	11	28
6	13	28
7	10	28
0	11	90
10	11	37
0	29	90
0	8	91
1	6	90
0	14	90
0	11	90
1	6	23
8	10	27
0	7	90
0	7	90
8	14	29
9	14	32
0	11	90
0	6	29
19	25	64
32	40	90
0	11	90
4	6	23
4	9	24
0	8	90
1	8	90
1	2	24
3	8	24
0	9	91
0	7	91
5	31	91
2	2	27
4	10	33
5	8	27
4	9	25
2	6	22
0	9	90
2	7	25
0	7	90
1	8	34
2	6	21
2	9	25
7	11	30
6	5	91
7	10	37
0	10	91
0	11	91
6	9	27
4	6	26
0	11	91
0	11	90
1	10	90
0	7	90
0	-1	91
6	11	27
3	3	39
12	17	38
10	14	33
10	14	32
2	4	21
4	6	23
0	38	91
0	12	90
0	6	91
8	12	31
4	12	76
0	8	91
0	8	91
38	39	91
6	8	29
2	22	91
24	28	91
2	7	21
10	11	36
4	7	22
1	7	90
1	9	91
0	10	90
0	8	91
3	7	23
8	11	32
0	8	90
3	4	20
0	9	90
0	6	90
0	11	90
2	5	25
0	30	77
29	37	90
3	7	23
5	9	24
3	5	23
2	4	21
3	5	22
7	11	27
6	12	28
3	11	24
3	8	23
5	8	24
5	7	25
7	10	27
9	12	29
0	20	91
1	11	91
2	5	20
0	12	91
1	3	21
2	5	21
3	6	23
4	5	22
0	5	91
0	14	91
8	10	27
2	6	21
5	27	91
4	9	25
4	7	23
7	19	40
3	7	48
6	9	25
1	3	24
0	10	89
5	9	24
0	12	90
0	7	90
0	4	90
0	6	91
0	9	91
0	5	91
0	12	90
0	20	91
0	17	91
0	18	90
20	20	90
0	10	90
0	12	87
2	11	91
0	8	91
4	7	23
4	7	22
0	8	91
12	10	42
37	30	87
3	5	21
3	5	21
1	9	91
5	15	91
5	4	22
0	7	91
1	9	90
0	14	90
0	13	91
2	7	23
0	8	91
0	19	89
2	6	21
5	9	25
0	14	90
1	2	28
1	3	21
4	25	91
4	25	91
2	18	91
0	3	31
2	5	21
12	15	39
1	6	91
1	6	91
0	10	90
0	13	91
0	7	91
18	32	76
6	8	25
4	13	90
2	10	90
2	6	22
7	7	28
0	17	91
0	9	89
1	6	90
1	7	91
1	11	91
2	14	90
2	5	22
3	25	91
3	3	30
0	13	90
12	18	53
0	7	88
0	8	91
0	17	88
0	12	91
0	13	91
1	8	91
0	4	91
0	14	90
0	14	88
0	3	21
0	9	90
3	4	23
2	4	22
0	9	90
2	11	91
0	5	90
0	9	91
0	6	91
2	4	22
0	1	58
26	28	91
0	11	91
0	6	90
0	5	90
8	13	26
0	12	91
0	14	89
0	8	91
1	8	90
1	10	91
0	8	90
0	7	90
0	3	22
4	58	91
4	7	26
0	12	90
0	8	91
1	14	87
0	16	91
7	13	31
4	10	25
0	15	91
0	8	90
0	5	91
0	7	90
0	10	91
0	17	91
0	6	91
1	8	90
1	12	91
0	12	90
2	16	90
1	38	90
4	-1	90
1	15	91
0	11	91
10	12	32
10	11	33
10	10	31
10	11	31
1	5	90
2	6	21
1	37	90
4	5	22
2	11	91
2	14	91
0	5	90
3	11	89
30	36	91
30	39	91
0	6	91
0	15	91
0	12	91
0	7	90
8	11	28
0	12	54
2	6	24
1	6	21
1	6	22
8	10	26
12	12	54
0	9	91
0	11	91
24	28	72
23	25	67
27	34	88
25	27	75
19	17	58
1	11	91
0	12	90
0	6	91
4	9	24
0	8	91
0	7	90
7	7	31
9	8	35
1	20	91
5	5	24
2	8	22
3	8	24
12	14	45
34	38	90
2	25	90
0	10	90
22	33	91
0	11	90
0	10	90
1	40	91
2	13	91
1	9	91
6	9	25
0	9	90
0	2	90
0	18	90
5	9	30
2	4	22
27	25	79
19	16	58
0	4	91
0	12	91
7	8	26
1	13	91
0	17	91
0	12	91
0	9	91
0	9	90
3	6	24
5	7	25
1	11	91
4	6	24
0	13	91
5	29	91
3	7	23
5	9	27
0	21	91
4	9	32
0	7	90
0	12	91
0	14	91
0	11	90
0	11	91
0	10	91
0	9	90
0	14	91
0	9	91
2	17	87
1	10	91
0	6	91
0	7	91
0	15	91
1	28	90
0	7	91
0	6	91
0	7	91
0	10	90
1	11	91
16	21	56
3	9	24
0	22	91
17	19	48
3	5	34
0	8	91
6	13	31
4	5	25
3	5	23
4	9	25
3	10	26
1	2	22
1	4	21
0	3	21
0	7	91
0	10	91
1	11	91
8	13	35
0	13	91
4	5	39
1	15	91
2	8	21
3	9	26
4	10	28
2	5	22
9	11	29
29	30	86
0	7	91
0	14	90
2	6	20
4	7	23
0	10	91
0	24	90
0	10	90
2	4	22
7	17	33
9	16	33
6	13	35
5	6	26
5	11	27
6	8	25
9	10	30
16	27	69
0	11	91
0	12	91
4	10	25
3	8	25
4	10	27
1	8	90
2	12	91
16	19	56
6	9	30
2	3	23
5	9	26
9	9	27
5	11	26
11	14	37
0	5	34
0	11	90
10	12	33
0	9	90
6	9	25
8	11	27
1	10	90
17	25	62
13	16	44
1	11	91
0	8	88
3	4	23
0	19	90
1	14	91
4	17	90
1	13	91
4	9	91
2	9	89
2	8	90
4	5	24
5	9	26
8	14	91
0	10	90
1	3	21
0	9	90
28	33	64
1	13	90
1	8	91
1	12	91
1	11	91
0	7	91
4	6	25
2	6	23
0	28	89
2	4	20
4	8	22
2	3	22
2	8	22
1	4	48
12	17	91
7	5	26
2	4	22
1	11	91
0	9	91
0	9	90
10	12	35
0	13	91
0	7	90
10	12	29
25	36	90
0	12	90
0	4	91
1	27	91
32	44	91
38	40	91
3	7	21
4	5	51
1	5	90
1	7	90
34	40	90
3	6	23
4	6	24
0	4	90
0	12	91
0	8	91
0	9	91
2	14	91
5	11	91
4	6	23
2	3	22
4	18	91
1	25	90
2	25	91
0	16	90
0	16	91
26	35	91
22	38	90
27	35	90
23	32	90
25	34	91
26	-1	91
25	34	91
22	34	91
26	32	91
26	33	91
23	32	91
25	37	91
15	26	66
20	31	91
28	34	91
26	35	91
24	34	91
24	33	86
24	35	91
21	34	91
26	32	90
22	36	90
18	36	91
27	35	91
21	36	91
24	34	91
24	36	91
22	36	91
0	11	91
0	10	91
0	10	90
14	15	91
1	8	90
0	9	91
0	8	91
0	11	91
2	8	90
2	4	87
3	10	91
0	9	90
1	9	89
0	12	90
0	10	91
0	-1	90
0	7	87
0	13	90
0	4	44
21	33	90
0	10	90
24	37	89
5	9	26
0	9	91
5	10	89
8	11	41
2	8	90
2	13	91
5	15	90
2	9	91
6	18	91
0	10	91
0	10	90
0	10	91
0	8	90
4	9	31
0	26	90
0	4	91
9	10	32
0	26	91
12	15	42
1	14	89
0	8	91
0	9	91
3	6	23
6	8	26
1	18	90
0	10	91
8	11	27
1	11	24
3	6	22
3	6	22
0	4	91
0	11	91
0	10	91
18	23	90
27	23	91
8	16	91
0	5	63
0	11	91
2	11	91
2	10	91
0	3	91
0	13	91
0	1	91
0	7	90
0	11	90
0	11	91
2	8	91
5	6	24
2	10	91
2	13	91
5	7	25
0	13	90
0	15	91
0	8	91
0	10	91
2	9	88
0	8	88
0	9	88
0	6	91
0	13	91
10	11	43
0	6	91
0	8	91
0	7	91
1	6	91
3	9	90
4	9	91
0	7	91
0	7	91
8	11	30
0	7	88
0	9	91
16	20	68
0	9	90
0	9	90
0	15	91
0	8	90
27	17	88
2	10	91
0	5	91
3	4	91
4	7	91
21	25	91
0	9	90
21	25	91
3	12	91
2	8	91
34	31	88
1	6	91
1	7	91
7	10	35
0	11	91
0	7	90
2	8	22
3	7	23
7	9	26
7	10	26
0	9	91
0	8	91
0	9	90
0	9	90
0	12	91
1	11	90
2	12	91
0	-1	91
0	-1	91
8	11	28
6	10	30
0	4	91
1	10	90
5	9	91
5	7	25
2	7	90
2	13	90
0	14	91
0	6	91
0	10	90
0	12	90
0	10	90
0	9	90
1	5	23
6	8	29
0	16	91
0	10	91
12	19	57
8	13	38
23	41	90
0	4	91
0	15	91
0	7	91
8	12	30
0	11	90
0	11	91
0	4	91
0	6	91
2	8	90
5	30	91
2	3	23
9	12	33
9	11	27
9	10	29
11	13	35
9	11	30
3	8	25
3	7	24
5	9	26
6	11	30
5	9	26
7	11	31
2	5	23
3	5	22
8	9	30
24	32	91
29	32	91
30	30	91
29	29	91
0	12	90
5	8	23
0	13	91
9	14	35
2	5	23
3	7	22
0	15	91
0	14	90
36	39	90
0	7	91
0	13	91
8	10	32
3	6	26
0	13	91
0	10	91
0	5	89
1	14	91
0	9	91
35	32	91
9	9	29
0	10	91
2	3	91
0	2	90
0	12	90
0	8	91
0	17	90
3	19	46
0	9	91
0	11	90
6	8	27
5	7	25
8	13	90
15	16	41
0	13	91
0	8	90
0	14	90
0	11	88
0	9	91
0	10	91
1	11	91
6	8	24
0	23	91
1	2	59
1	0	71
7	9	28
8	11	30
5	8	37
5	8	27
7	13	33
0	5	90
1	3	91
0	6	90
5	4	26
0	10	91
0	18	91
0	12	91
3	23	91
2	6	22
0	2	22
17	17	43
2	5	20
3	5	21
3	5	25
7	5	23
7	10	32
1	6	21
2	8	21
3	7	25
0	24	91
26	29	91
30	30	91
29	29	91
0	16	91
0	12	90
0	10	91
5	7	30
5	8	25
0	11	90
0	8	90
5	4	24
5	4	24
6	11	32
43	43	91
4	8	32
3	6	32
0	6	91
0	18	91
5	14	90
0	3	91
4	11	91
2	7	90
4	10	26
6	11	31
29	17	90
29	17	90
32	18	90
0	-1	90
0	8	91
0	12	91
6	13	30
1	8	22
0	8	82
4	6	22
7	8	31
0	10	90
4	8	25
0	13	90
8	11	28
4	9	27
0	7	91
0	17	90
0	40	91
5	7	23
0	12	90
0	12	91
6	9	29
1	20	91
9	10	29
7	10	27
1	8	90
0	3	90
0	0	91
0	3	91
0	0	91
0	0	90
0	2	78
0	0	91
0	3	91
0	2	91
0	0	91
0	1	91
0	2	90
0	0	90
0	0	90
0	3	90
0	3	90
0	2	91
0	1	90
0	0	91
0	3	90
0	0	91
1	1	91
0	2	91
0	0	91
1	1	90
0	2	91
4	6	24
0	13	91
0	12	91
0	8	91
0	20	91
6	10	25
11	11	38
12	11	36
9	10	37
8	11	30
7	10	28
6	9	26
6	9	24
0	10	85
0	10	90
0	11	91
0	8	91
21	-1	91
4	6	21
1	7	24
0	10	91
0	14	91
5	9	25
7	9	31
4	3	30
1	4	21
5	11	28
1	5	90
0	7	91
3	4	21
5	6	91
0	20	90
0	7	90
0	9	90
2	8	22
0	1	22
0	2	24
1	1	25
24	24	91
28	34	91
26	30	91
26	30	90
29	31	90
27	29	91
28	33	90
28	29	91
24	24	80
25	31	90
27	29	91
24	23	72
21	21	71
21	24	72
22	22	72
17	19	57
0	7	91
0	9	91
9	11	30
5	9	25
0	6	91
0	12	91
6	9	24
3	8	26
0	18	91
3	7	23
23	40	89
9	13	34
0	17	89
0	8	91
3	11	26
3	40	87
1	11	90
2	12	91
0	21	90
0	5	90
7	10	28
0	17	91
0	8	91
0	14	90
2	21	90
3	7	24
1	10	90
1	10	90
0	14	91
7	6	30
0	7	90
7	10	30
3	3	21
6	10	40
0	7	91
0	3	49
0	13	91
0	14	90
3	7	21
1	3	24
11	16	36
1	4	20
0	8	91
3	7	31
8	15	26
0	10	91
0	7	90
5	8	26
33	38	91
8	10	28
0	10	91
11	13	35
11	15	36
5	10	29
0	12	90
0	7	91
0	9	91
0	5	91
0	17	91
0	14	91
0	10	90
16	21	55
5	12	26
4	14	30
5	10	27
5	11	26
4	9	25
4	11	25
4	9	23
3	8	24
4	9	25
4	6	28
6	10	27
0	13	91
0	15	91
0	12	90
27	26	83
29	29	91
6	7	27
4	8	22
0	4	90
1	6	21
4	8	22
4	8	22
0	11	90
0	14	90
6	9	25
9	14	44
22	24	73
0	10	90
7	11	26
7	12	34
4	10	24
0	10	90
0	6	91
0	10	91
0	11	91
2	-1	90
17	26	90
5	8	24
12	30	91
0	6	91
6	10	26
8	8	32
1	7	91
6	9	28
0	6	91
1	5	91
3	3	76
0	5	31
0	-1	91
0	-1	91
1	-1	91
9	13	33
8	12	29
8	9	27
28	37	76
0	9	90
0	11	90
0	11	90
0	11	91
11	13	34
0	9	90
0	11	91
0	10	90
0	10	90
39	39	89
27	37	89
5	10	25
1	14	91
0	9	90
0	10	31
0	17	90
9	10	31
7	9	27
9	11	30
11	12	31
27	38	91
27	40	91
5	6	25
7	9	26
13	15	70
16	26	90
2	7	23
6	9	24
5	8	25
31	38	82
2	6	21
1	8	23
6	7	27
6	8	27
4	10	26
0	11	91
2	12	91
5	8	25
3	6	91
0	12	91
0	15	91
0	16	91
0	12	91
0	11	90
0	9	91
13	18	35
1	3	26
3	8	24
7	9	25
11	14	36
0	33	90
1	3	22
22	32	91
0	12	88
2	7	90
0	4	91
1	31	91
0	11	90
0	19	90
3	6	23
7	10	31
4	5	25
0	5	90
1	9	22
9	13	32
6	10	24
6	9	24
7	9	24
0	27	90
1	27	90
0	27	90
0	27	90
0	25	90
2	4	23
0	5	91
0	5	91
6	8	29
3	6	23
2	6	25
6	10	26
6	10	25
3	26	91
5	25	91
6	29	91
6	27	91
6	27	91
7	28	91
6	28	91
0	8	90
0	8	90
7	7	25
4	9	90
4	9	23
3	7	24
8	10	33
27	44	91
7	10	30
7	17	32
8	9	31
0	16	91
0	12	91
5	10	30
1	6	22
1	5	21
0	9	91
23	33	88
8	12	29
9	11	33
9	11	34
10	13	37
9	12	33
9	11	32
9	11	32
8	12	30
8	14	32
7	10	27
7	10	29
4	7	31
11	15	47
4	8	24
3	6	24
3	8	24
10	9	33
0	25	87
7	7	24
5	8	26
7	10	32
5	13	30
5	8	24
22	31	91
8	8	26
1	5	20
7	8	27
0	9	90
0	7	91
10	9	33
0	7	91
0	13	90
0	10	90
5	16	91
0	8	91
0	9	91
0	7	82
0	7	82
5	7	25
4	6	23
4	6	21
2	4	22
20	36	58
31	57	89
7	8	24
0	7	54
1	8	54
0	10	91
0	2	36
1	5	75
0	4	75
0	9	91
0	10	91
0	9	90
0	15	90
3	7	30
1	10	91
1	14	91
1	4	20
0	8	90
8	10	31
3	6	22
2	6	20
2	11	91
2	11	90
6	9	25
6	9	26
2	8	20
7	8	25
10	11	33
0	11	91
10	13	35
4	8	24
4	6	22
0	11	91
2	6	22
0	6	49
0	11	91
3	17	90
2	15	91
18	18	53
4	30	90
23	46	91
3	7	22
11	12	29
10	10	31
9	13	33
9	11	31
6	8	26
7	11	25
11	12	36
0	9	90
10	6	35
6	7	26
5	7	24
0	9	90
0	10	91
5	9	24
0	31	91
0	-1	90
0	-1	90
0	-1	90
0	14	90
0	4	89
1	5	20
0	7	91
3	5	21
6	6	25
7	10	26
6	13	33
4	8	23
6	8	28
5	8	23
7	11	25
0	8	90
0	11	91
0	12	90
0	14	91
15	29	70
28	35	90
29	36	91
26	35	90
26	29	80
18	21	58
7	13	41
3	8	24
0	-1	91
0	0	91
0	-1	89
15	16	40
2	7	21
8	10	30
6	8	24
10	11	34
8	10	31
8	11	34
9	10	31
11	12	38
8	10	28
3	6	22
3	10	25
0	6	91
0	5	91
2	9	91
2	8	23
6	7	26
0	6	67
17	23	67
7	11	26
3	12	91
1	11	91
2	7	20
2	8	91
1	9	91
0	24	91
2	8	90
2	10	89
17	27	89
4	9	24
4	9	22
4	12	27
3	-1	91
0	7	91
23	31	91
0	13	91
0	19	91
0	9	90
4	11	38
0	22	90
3	9	22
10	10	30
8	9	31
0	9	91
0	12	91
9	15	31
0	8	91
0	-1	88
9	16	41
3	7	26
0	10	90
0	10	91
5	8	24
0	10	90
0	11	91
0	18	91
6	7	33
7	9	32
1	0	43
0	18	90
27	32	91
6	6	28
5	6	24
4	6	21
28	31	91
25	26	79
12	16	45
0	10	90
0	12	90
7	9	48
20	33	89
0	17	91
0	15	91
12	26	58
20	40	91
0	6	90
11	13	32
0	12	90
5	8	25
14	15	38
0	12	67
0	11	90
0	6	90
4	7	25
4	10	35
3	7	25
0	32	91
4	9	25
0	14	91
0	13	89
8	13	35
10	14	32
7	6	28
3	8	22
3	4	25
2	11	91
0	16	90
1	14	89
0	11	90
13	15	46
2	6	22
2	7	21
0	24	90
33	27	91
3	6	23
5	5	24
4	13	91
3	6	22
0	8	90
0	3	50
14	31	65
0	10	90
9	10	30
1	4	31
2	6	23
3	7	20
6	9	24
7	8	25
9	12	30
4	8	25
0	4	90
0	1	23
0	24	91
5	9	25
2	2	35
0	13	91
0	19	91
0	19	91
4	14	91
2	13	90
0	5	20
4	7	24
1	4	21
2	5	20
1	25	90
1	11	52
16	25	51
7	12	30
0	2	20
0	6	91
0	8	90
0	10	91
0	13	90
1	8	91
0	9	90
0	10	90
0	11	91
1	9	91
0	6	91
0	15	90
1	9	91
0	8	91
3	13	91
2	11	90
1	6	21
2	8	90
2	14	91
23	30	91
0	12	90
0	13	90
0	4	90
3	8	23
0	17	88
0	11	91
2	11	90
0	17	91
1	10	90
0	26	90
8	9	28
9	10	27
8	9	30
3	7	91
1	4	90
2	15	90
2	11	91
1	8	90
1	27	91
5	26	91
6	8	24
5	9	24
4	9	24
5	8	23
14	17	51
7	7	31
0	14	90
8	10	26
5	10	30
3	7	21
6	11	35
8	11	32
27	28	91
7	9	30
2	3	22
0	12	90
22	26	89
0	11	91
5	13	35
0	7	91
0	10	91
10	12	30
9	14	32
9	11	29
36	37	88
7	7	28
0	6	91
0	16	91
1	30	90
0	3	90
0	10	91
0	5	90
0	13	91
0	21	91
0	10	90
3	5	22
0	12	91
0	9	91
6	8	25
3	5	22
0	13	90
0	-1	91
0	4	89
0	7	91
0	0	90
0	3	90
1	4	91
0	15	90
0	5	90
0	11	91
0	23	91
0	1	91
0	0	91
0	4	91
0	0	90
0	0	90
0	0	90
0	2	91
0	2	91
0	7	90
0	3	91
0	1	91
0	3	91
9	13	30
8	12	36
0	8	91
0	0	91
6	11	90
1	13	91
0	12	91
3	4	26
3	6	24
0	4	91
1	6	91
0	6	91
0	4	91
0	16	90
6	7	25
4	10	91
0	5	57
0	15	91
0	16	90
0	9	91
0	15	90
0	10	91
0	17	91
0	5	91
5	10	24
0	10	91
1	8	90
7	11	31
0	7	90
0	7	91
0	7	90
2	11	91
2	12	91
3	7	90
2	9	25
0	11	91
2	11	90
3	9	91
4	18	91
0	9	91
3	18	90
2	15	91
0	-1	89
0	6	89
4	7	22
4	8	25
6	18	41
8	10	29
11	13	37
0	12	91
0	10	90
5	9	24
0	11	89
0	12	90
0	9	90
10	12	33
8	12	31
11	12	33
11	12	35
8	11	32
9	10	33
0	14	91
0	13	91
0	5	90
1	12	90
0	12	90
0	9	90
4	8	25
3	10	25
1	7	90
0	6	91
8	10	37
9	12	31
19	19	69
20	20	91
15	15	89
15	15	90
15	16	90
16	15	91
20	26	91
9	10	91
19	16	91
0	0	91
0	3	88
15	15	91
14	14	91
14	22	90
0	0	91
7	-1	91
13	21	81
0	11	91
0	11	89
0	12	91
0	5	91
0	10	91
3	5	23
1	8	91
0	5	91
4	8	24
0	23	90
0	16	91
1	9	90
4	6	23
10	9	32
28	29	91
0	8	91
0	9	90
0	7	91
3	11	91
0	9	90
7	10	26
0	11	90
0	14	91
0	7	89
7	9	27
0	2	91
0	5	90
3	10	90
2	9	91
0	10	86
0	7	90
0	7	91
2	4	90
9	10	89
0	13	90
0	12	91
0	10	91
0	14	91
12	12	35
2	7	21
9	8	31
5	11	30
2	7	21
5	9	26
5	10	25
2	4	21
3	15	91
0	8	91
0	6	90
0	11	91
0	7	91
1	12	91
1	13	90
0	-1	91
4	6	25
0	8	90
1	21	91
10	13	41
2	12	91
0	5	90
6	10	28
4	10	91
0	10	91
0	3	90
1	4	90
2	11	90
0	9	62
9	14	31
0	-1	91
0	3	89
3	6	23
0	7	91
2	11	91
0	8	91
9	9	33
0	12	91
0	13	90
0	9	90
8	12	34
0	7	42
0	11	90
0	9	91
0	7	90
0	12	89
0	7	91
0	8	90
0	8	91
5	9	24
2	6	23
7	14	30
2	6	21
0	5	89
0	-1	90
0	9	90
5	7	25
0	18	91
0	9	91
1	7	90
6	7	25
10	12	31
1	-1	91
0	7	91
7	8	23
0	2	30
3	6	22
0	7	91
0	7	89
0	13	90
0	7	89
7	11	33
27	27	90
15	16	60
0	10	91
0	8	91
8	-1	91
5	-1	91
6	-1	91
0	10	91
0	10	90
2	2	26
0	17	91
0	12	91
7	10	29
1	4	21
0	13	91
0	10	91
10	11	29
0	8	90
3	4	23
3	9	33
10	11	37
10	11	32
9	11	31
8	12	33
5	6	27
5	11	91
5	10	91
1	12	90
2	12	91
0	7	90
2	11	91
3	7	22
0	15	90
0	10	90
0	10	91
0	13	90
19	42	91
0	10	90
0	11	90
0	10	90
0	14	90
3	11	90
5	13	31
0	7	91
0	7	91
5	9	25
3	7	23
1	12	91
0	10	91
1	10	91
0	9	91
1	12	90
0	10	91
10	13	33
0	10	91
4	8	25
5	9	24
3	6	27
2	8	23
7	12	31
8	8	26
7	9	30
0	34	89
7	11	30
0	10	91
0	8	90
10	13	36
0	34	90
0	34	90
1	33	90
2	35	90
0	5	91
0	8	90
0	8	91
5	6	22
0	6	38
7	11	32
0	9	91
3	6	25
4	9	26
32	37	90
3	61	91
10	13	37
0	11	91
0	17	90
5	11	30
6	11	32
5	8	25
5	5	22
0	5	91
13	12	38
12	11	37
12	11	40
10	12	34
12	11	36
22	42	91
8	12	32
4	8	25
4	7	24
0	7	52
0	8	52
4	6	22
0	8	91
0	7	91
0	14	90
4	11	90
2	4	22
1	13	81
1	13	81
28	43	91
4	5	21
6	8	27
0	10	91
0	8	91
1	7	91
0	23	89
0	4	40
0	11	91
2	6	22
0	9	90
0	3	91
3	7	88
1	11	90
7	7	25
3	8	23
3	8	21
1	20	91
0	14	91
1	15	91
0	8	91
0	11	88
4	8	24
0	12	91
4	7	22
6	7	25
5	11	28
1	28	91
0	8	91
8	13	31
0	9	66
1	7	66
0	6	90
0	8	91
4	5	91
0	7	91
30	22	91
28	25	82
10	11	33
0	5	91
0	11	90
25	44	91
4	29	91
4	29	91
4	-1	91
5	12	32
0	12	86
20	30	89
0	9	90
0	12	91
0	10	91
2	8	91
0	5	90
6	9	30
2	4	23
0	6	90
1	5	21
1	5	21
2	5	24
4	18	91
5	21	91
6	10	31
5	9	31
2	6	25
2	5	25
1	2	22
1	6	22
0	14	91
0	13	91
4	13	47
3	7	21
2	4	21
3	6	23
1	7	22
8	9	27
0	12	91
1	9	91
4	8	25
0	7	90
0	8	60
3	21	91
0	2	59
1	9	21
0	8	91
0	9	91
0	11	91
8	10	30
7	12	25
1	12	91
0	11	90
11	15	39
11	15	38
7	11	32
1	4	91
2	12	90
7	8	27
2	8	23
1	20	90
7	11	32
4	4	21
0	10	91
0	9	89
5	11	90
3	15	91
5	8	25
1	21	88
0	22	91
6	8	31
2	12	90
2	16	91
2	8	24
5	5	24
7	10	34
8	9	27
6	10	28
8	10	32
7	8	27
5	5	32
0	10	91
5	8	30
0	10	91
0	16	91
6	10	28
0	9	90
0	7	91
10	10	35
0	6	61
12	16	36
0	30	90
10	11	90
10	12	90
0	6	90
0	10	88
0	11	91
0	9	91
7	10	28
0	11	91
5	8	25
19	25	91
30	33	91
10	10	91
0	12	91
1	4	20
1	28	91
3	5	21
5	7	26
0	10	91
0	9	90
5	10	30
7	8	25
1	7	20
0	15	91
0	-1	90
3	40	91
6	8	30
7	9	27
8	11	32
7	10	26
4	8	24
7	9	30
0	-1	89
0	11	90
0	10	91
6	7	27
30	33	90
9	13	33
28	40	91
3	6	20
9	14	32
8	11	28
9	10	32
6	6	22
0	15	90
1	13	90
0	13	91
4	10	30
0	17	90
1	10	90
3	11	90
3	12	91
4	16	90
5	5	26
0	12	91
0	11	91
0	7	90
0	9	89
0	8	90
0	7	89
0	6	90
7	13	32
0	1	88
0	1	91
0	14	91
0	10	91
2	5	22
2	7	91
3	7	90
0	7	90
33	38	90
0	13	91
0	12	91
8	16	37
0	11	90
0	13	91
3	8	24
26	45	91
25	45	90
0	-1	91
0	9	91
7	10	26
2	7	22
1	5	91
1	5	90
6	7	24
3	6	22
2	4	42
1	15	90
0	8	91
2	7	23
0	12	91
0	8	91
0	27	91
4	7	23
0	7	91
0	8	90
6	7	32
22	25	91
19	31	85
20	28	90
6	8	26
5	8	27
6	10	33
0	10	91
1	-1	91
0	4	90
0	15	91
0	12	89
0	10	91
0	11	90
0	11	91
3	15	90
1	6	91
0	9	91
0	4	90
28	31	91
10	16	28
4	8	23
0	15	90
0	14	90
6	21	66
6	-1	91
6	-1	91
5	-1	91
5	-1	91
5	-1	91
0	21	91
0	13	90
0	15	91
0	7	90
0	17	91
18	-1	89
5	6	22
0	11	90
0	22	81
2	8	23
4	8	21
3	7	23
3	9	23
1	8	22
2	8	24
0	9	90
0	17	90
3	10	91
3	11	91
24	22	90
0	15	91
18	16	65
3	6	22
0	-1	90
4	12	26
1	-1	81
0	8	91
0	9	91
4	5	23
5	9	24
9	12	34
22	31	88
0	7	89
0	4	91
0	12	91
0	9	58
0	7	91
0	-1	91
0	10	90
0	11	90
0	9	89
5	9	26
5	7	25
8	11	33
8	8	33
6	9	32
0	12	90
1	10	91
2	9	91
0	7	91
0	8	91
2	6	21
39	39	91
4	7	24
4	7	23
1	35	90
27	40	89
0	8	91
7	30	91
0	8	90
0	10	91
0	10	90
0	5	90
3	6	21
0	7	91
4	13	35
0	5	91
0	10	91
7	9	25
9	10	30
5	11	30
28	42	86
10	12	32
0	9	91
0	7	91
13	14	39
11	14	37
7	12	30
6	9	27
6	10	26
1	5	21
1	5	24
8	11	29
0	18	89
5	11	26
0	10	90
0	13	91
3	7	22
4	27	91
4	27	91
5	28	91
6	27	91
6	7	22
2	6	23
9	10	36
9	9	34
0	34	90
5	9	24
6	8	26
9	10	28
1	-1	91
0	-1	91
1	-1	91
5	9	25
8	10	31
2	4	22
5	6	24
23	28	90
0	10	91
5	7	33
4	6	26
4	8	23
6	10	26
4	8	22
6	10	33
4	7	27
17	16	55
0	10	91
0	4	91
4	9	30
4	12	28
5	10	25
3	10	25
0	7	90
0	10	91
11	12	32
10	9	33
1	-1	91
3	9	23
0	10	91
20	24	61
9	9	31
3	8	22
0	5	22
0	3	21
0	4	21
25	26	89
9	12	30
9	13	30
9	10	32
3	9	22
3	7	22
12	15	37
0	6	91
0	12	91
0	11	91
3	4	26
0	9	91
0	9	90
6	8	25
0	11	91
0	11	91
0	12	91
0	6	90
1	7	90
0	7	90
2	11	90
8	11	31
2	7	27
0	7	91
0	8	91
0	9	91
1	7	90
14	18	37
26	28	91
24	28	90
27	28	90
23	28	91
28	28	91
24	28	91
21	26	90
26	29	91
23	28	89
30	29	91
0	31	90
29	-1	91
23	27	71
21	26	71
4	9	25
4	6	25
4	6	27
24	40	90
4	7	23
15	16	52
29	29	91
28	29	91
28	28	88
29	29	91
29	29	90
1	5	38
0	6	33
4	6	26
6	31	90
1	6	20
27	31	91
25	31	91
0	2	23
2	6	21
3	7	27
0	18	91
0	7	91
5	8	24
5	21	90
0	8	91
0	11	90
12	12	91
0	11	89
0	12	91
1	4	20
0	12	91
3	5	21
7	9	30
4	10	22
4	9	21
1	23	90
0	4	91
0	11	91
1	2	24
0	8	91
1	6	90
3	6	22
3	7	21
5	12	30
0	4	20
10	13	34
8	15	33
7	11	28
2	6	22
8	15	36
0	10	91
10	12	37
1	6	91
0	5	40
0	11	91
7	9	33
22	23	51
0	10	91
20	21	91
0	5	91
0	10	91
5	9	25
0	11	91
0	6	91
0	-1	91
0	-1	91
6	8	25
0	9	91
21	42	91
1	9	90
1	7	20
1	7	90
5	14	90
0	7	91
0	9	91
0	14	91
0	13	91
0	13	91
0	10	90
0	12	90
0	9	91
0	10	91
0	1	22
25	27	88
25	27	91
19	20	66
2	4	23
5	6	29
3	8	40
6	7	26
0	12	91
0	9	91
6	13	30
0	13	89
7	10	26
6	10	25
0	40	90
6	10	26
6	6	27
0	7	90
0	12	91
0	8	91
0	13	91
22	25	91
0	5	71
0	8	90
0	7	91
1	7	91
0	3	23
1	3	90
0	9	91
0	9	91
0	11	90
7	11	32
1	18	90
4	9	34
3	5	26
1	7	90
1	14	90
6	13	90
2	9	90
3	14	90
25	35	89
26	37	91
0	0	90
22	26	64
0	13	90
5	9	32
4	7	25
0	11	90
0	8	90
0	5	91
1	16	90
2	6	22
17	23	63
5	12	91
3	12	91
1	4	20
7	23	91
3	6	22
1	11	90
0	7	91
0	7	90
0	7	91
0	8	90
22	40	84
5	9	24
5	9	24
4	6	23
25	32	89
0	6	91
0	7	91
0	14	91
4	9	26
0	8	91
7	10	32
1	5	38
32	40	91
0	11	90
0	15	91
0	8	91
0	21	90
0	7	90
7	10	39
22	26	77
27	35	90
0	10	90
3	9	24
2	7	90
2	8	91
0	1	67
9	6	35
10	10	36
8	8	31
0	-1	91
0	11	90
7	10	26
0	7	91
0	10	91
0	5	91
0	7	91
0	8	89
7	8	25
3	6	22
2	8	23
0	7	91
0	15	91
0	13	90
0	9	91
3	7	23
3	6	23
3	7	21
8	9	33
0	12	91
0	12	91
1	10	90
6	6	25
0	11	90
1	14	91
1	12	90
2	9	91
0	2	22
0	3	23
0	20	90
6	9	28
0	11	89
11	11	33
0	12	85
0	13	85
3	3	25
0	15	91
0	13	90
5	8	22
3	5	23
0	8	90
0	5	90
0	4	90
0	12	90
0	10	91
1	5	22
3	8	28
0	8	91
4	8	36
0	19	90
2	10	91
29	28	91
8	8	27
3	14	90
2	9	91
5	-1	91
0	17	90
0	15	90
0	20	90
5	7	26
0	10	90
0	9	91
3	3	25
7	10	24
3	4	23
1	4	22
0	11	91
0	10	90
1	16	91
0	9	91
2	4	22
1	7	40
5	8	25
3	8	90
3	11	90
5	10	30
0	7	91
1	5	91
1	10	90
5	7	23
2	11	91
1	5	90
0	8	91
0	14	90
2	4	21
2	6	22
4	10	25
7	22	90
0	7	91
0	6	90
1	12	91
4	15	90
4	19	91
0	12	90
6	11	31
1	29	91
2	7	22
2	3	22
5	10	24
0	10	91
0	13	91
2	11	90
0	7	91
0	8	91
2	4	25
0	14	91
0	13	90
0	9	91
0	10	91
5	27	91
5	27	91
5	27	91
0	14	91
0	13	91
0	2	21
0	9	90
0	10	90
9	10	30
9	11	34
7	7	27
5	5	22
0	15	90
0	15	90
1	6	91
0	7	91
0	-1	88
2	8	90
1	6	91
3	5	21
3	7	24
2	6	23
0	15	91
0	11	90
3	6	43
0	10	91
0	10	91
0	6	90
11	14	40
0	8	91
0	5	91
5	10	24
3	5	23
4	8	22
4	7	25
6	11	26
0	11	90
0	14	90
0	7	91
0	9	91
0	8	91
7	9	30
10	8	31
0	13	90
2	29	91
8	10	27
1	10	91
0	5	90
8	9	28
7	8	25
4	11	27
6	18	91
2	13	91
1	6	91
0	8	91
6	8	24
0	26	91
2	6	21
2	7	91
1	3	91
3	3	75
27	39	91
24	36	81
0	2	57
3	21	84
19	-1	89
3	5	23
0	10	91
3	3	25
9	18	91
0	9	90
6	9	24
10	10	31
8	12	33
4	15	88
8	17	90
19	27	91
5	7	30
0	10	90
0	9	91
0	34	90
0	4	32
0	6	32
2	6	20
0	7	91
0	13	91
0	4	91
0	7	90
0	7	90
4	12	91
0	8	91
9	8	30
1	8	91
1	10	91
5	4	26
0	2	91
4	7	25
3	4	23
1	4	31
6	11	28
5	9	32
6	8	26
6	10	31
9	9	33
14	16	38
27	30	91
0	6	91
28	30	90
27	30	91
28	30	91
29	30	91
13	20	70
0	32	90
0	9	90
10	12	33
2	12	90
0	16	90
0	6	90
0	9	90
0	12	91
0	14	90
0	10	90
0	10	91
11	11	35
4	9	25
35	40	89
0	13	91
0	-1	90
0	11	91
0	11	91
2	5	22
16	21	90
0	15	91
0	12	91
0	25	91
0	10	90
0	14	91
0	19	91
1	32	91
0	12	90
0	13	90
0	14	91
0	18	90
5	8	32
7	10	31
4	11	44
0	12	91
3	8	25
0	8	90
0	9	90
5	12	91
0	11	90
0	5	91
0	8	91
0	7	90
0	8	91
0	10	91
0	13	91
0	14	90
0	8	91
5	7	24
0	16	91
0	12	90
8	13	32
12	19	42
2	15	91
0	11	90
0	15	91
1	9	91
0	6	90
0	5	91
4	7	24
8	12	39
11	14	34
0	4	91
24	30	91
5	8	34
7	11	44
0	5	21
0	8	90
0	9	91
19	22	91
3	5	91
0	6	91
0	11	90
0	12	86
0	6	90
5	4	30
0	15	90
6	7	32
0	7	91
0	6	89
2	3	21
0	15	90
0	12	90
0	12	91
1	12	91
0	5	91
10	41	91
2	25	91
6	9	29
6	12	28
1	3	34
0	2	36
0	5	91
0	11	91
0	6	90
0	12	91
6	7	24
0	15	91
1	18	91
4	14	89
2	12	91
0	18	91
0	16	91
0	11	90
0	11	90
0	7	90
0	8	51
0	7	91
0	11	90
0	13	91
0	8	91
0	6	89
0	5	91
0	4	41
0	10	91
0	8	90
0	10	91
0	8	91
5	10	30
10	11	45
6	22	91
6	13	34
9	11	31
7	11	29
6	8	26
0	14	91
0	13	91
1	15	90
1	1	24
0	6	91
1	6	20
7	10	32
0	4	90
0	9	90
0	14	90
0	12	90
0	7	87
0	15	91
3	11	89
4	15	90
5	7	25
1	10	91
11	15	37
3	8	26
6	7	28
3	5	27
8	8	39
6	11	25
0	9	90
29	33	91
30	33	91
30	33	91
0	21	91
0	12	88
1	3	20
2	28	91
0	11	91
7	11	30
0	11	91
5	9	26
0	8	91
0	11	90
0	10	91
0	5	91
3	5	22
8	12	34
1	14	91
0	3	71
0	2	71
19	38	90
0	25	90
0	11	91
9	15	49
1	7	91
5	18	90
0	9	91
8	9	30
1	4	44
0	5	91
0	8	91
0	11	90
2	8	91
3	12	91
3	13	91
5	6	33
13	-1	91
10	12	33
0	9	91
1	19	91
0	15	91
0	9	76
0	7	76
0	5	91
1	10	90
1	7	90
1	7	90
26	30	89
0	12	90
0	7	90
6	7	26
0	4	89
0	5	59
1	9	91
0	8	90
10	13	34
6	7	23
1	10	90
0	5	91
0	-1	91
5	10	32
3	7	21
1	14	91
0	16	90
0	15	91
0	9	90
0	5	20
0	2	23
4	8	22
3	9	23
0	7	90
0	11	89
2	11	91
7	9	25
6	7	25
5	11	32
2	6	20
2	12	90
4	7	24
6	31	91
3	5	24
9	10	33
4	12	90
3	11	91
0	2	29
20	35	91
2	4	25
0	10	89
0	14	90
0	-1	90
3	9	25
1	10	91
0	6	91
0	6	64
1	4	91
0	11	90
0	12	91
0	3	68
1	4	91
1	4	91
0	11	89
0	7	90
0	9	90
2	5	20
2	5	24
3	5	23
17	24	59
2	11	91
8	12	31
0	8	91
11	11	36
3	29	91
5	-1	91
4	7	26
0	16	91
10	13	37
1	12	91
0	7	91
16	20	51
16	20	53
0	35	90
0	10	91
1	3	21
4	6	23
3	5	24
3	9	90
4	16	91
0	6	44
6	12	28
3	10	91
1	9	91
0	11	91
7	12	27
7	10	26
1	9	91
0	11	90
0	12	91
0	12	91
11	13	31
4	13	90
2	23	91
21	37	84
7	8	26
10	15	41
0	10	91
19	21	90
0	12	84
0	11	91
0	11	91
0	8	90
4	9	30
4	9	30
0	36	90
0	16	91
0	7	91
2	11	26
0	11	91
5	8	23
1	15	85
0	8	91
7	13	28
9	12	30
3	5	91
8	15	35
2	5	21
24	33	90
24	32	91
22	25	70
1	12	91
0	9	91
0	6	91
0	14	91
0	10	91
0	22	91
3	11	91
2	6	91
14	17	91
9	12	32
4	13	90
3	9	91
6	10	34
7	7	32
1	10	90
3	25	91
2	4	23
0	4	91
1	5	90
5	8	32
0	8	90
8	12	34
0	7	91
0	10	91
23	23	64
0	10	84
0	15	91
0	9	91
12	15	43
1	11	90
1	12	91
12	14	34
4	8	25
7	11	31
1	11	90
0	5	91
0	9	89
1	5	89
0	6	91
2	11	90
0	7	83
11	11	35
10	10	32
3	13	91
5	37	90
6	9	32
5	8	27
7	8	32
6	7	26
36	32	91
0	7	89
0	6	91
0	7	91
0	18	91
0	16	91
0	5	24
0	6	22
1	4	21
34	-1	91
0	14	91
0	18	90
0	7	90
0	16	91
0	12	90
0	14	91
0	10	91
0	6	91
0	5	32
0	7	90
6	7	25
9	12	27
6	9	26
8	8	27
2	24	91
0	12	55
0	19	90
0	9	91
0	10	91
1	12	91
1	13	91
7	15	89
6	9	24
2	19	90
1	15	91
3	7	21
6	11	38
7	10	30
4	8	39
0	10	91
0	10	91
6	12	28
0	13	91
0	11	90
0	12	90
0	3	90
6	26	91
4	5	26
0	8	90
1	15	91
4	6	24
1	17	90
0	11	89
2	-1	90
3	4	38
11	14	43
7	10	25
0	8	91
0	9	91
32	40	91
11	12	91
35	-1	91
0	9	90
1	10	90
0	5	90
8	8	26
5	7	26
5	8	27
1	8	90
0	12	90
9	10	31
0	9	89
0	7	91
1	5	90
11	14	34
2	5	23
0	22	91
24	34	89
28	34	90
28	-1	90
3	5	22
0	19	90
0	13	90
0	11	91
0	10	90
0	11	87
0	11	91
40	41	91
0	17	91
39	35	91
0	10	91
0	13	91
0	13	90
0	8	91
27	34	90
23	33	91
9	9	31
4	4	74
26	33	91
6	10	26
6	10	26
0	5	20
8	11	29
9	10	30
6	9	27
7	9	25
20	38	91
29	39	91
0	2	22
9	12	32
2	10	90
1	6	21
4	4	23
0	16	91
0	15	91
6	10	26
12	16	39
8	13	32
7	8	26
33	36	81
32	17	83
0	14	90
0	4	90
5	9	26
1	8	64
25	27	91
25	29	90
22	24	81
12	15	42
2	6	21
9	11	32
8	12	31
6	17	36
28	48	91
25	40	79
0	4	90
0	10	91
7	10	30
4	8	25
1	8	90
3	9	91
4	22	91
0	6	90
3	5	21
5	10	25
0	10	91
0	14	91
0	7	90
22	36	76
2	35	90
9	14	43
30	40	90
1	10	91
0	8	90
4	6	29
2	13	91
1	6	90
5	8	23
3	8	24
25	50	91
0	7	63
6	9	32
0	12	91
1	13	91
29	33	91
8	10	37
8	10	36
4	7	27
6	9	27
0	11	89
0	8	90
9	11	43
0	6	91
0	7	90
0	8	73
0	17	91
6	9	33
0	9	91
0	11	91
0	8	90
2	11	91
1	9	91
0	3	23
7	10	28
0	5	90
1	9	91
0	-1	90
0	7	91
2	7	25
0	5	91
1	5	20
1	15	91
1	10	90
0	10	91
0	10	87
0	9	90
4	2	23
1	9	91
1	7	57
2	15	91
3	10	89
0	10	88
3	12	91
0	5	90
0	10	90
0	-1	91
0	18	91
0	10	90
0	10	90
28	28	68
0	9	91
0	16	91
2	12	91
0	6	89
0	8	91
1	7	91
1	7	91
0	17	90
0	11	73
1	8	90
5	7	25
2	4	20
2	5	33
8	8	27
4	8	23
3	6	26
0	20	90
3	5	22
3	6	23
2	7	90
2	4	91
27	54	91
28	-1	91
1	3	24
2	15	91
0	5	90
5	12	90
0	3	91
0	9	91
4	11	29
4	10	24
1	25	91
0	9	90
0	-1	89
0	9	91
0	8	90
1	4	20
0	10	91
0	4	91
0	8	90
0	7	91
17	21	54
0	10	90
0	8	90
0	8	90
0	11	91
5	7	27
5	7	26
1	7	91
0	7	91
0	4	91
0	4	91
0	13	91
0	14	91
4	7	25
2	6	23
5	6	28
1	3	33
10	10	36
0	8	91
0	8	90
0	9	90
0	12	90
0	13	91
0	7	91
0	9	90
11	16	42
1	22	91
0	17	91
0	9	90
0	11	89
0	13	90
7	10	26
0	12	91
0	7	91
6	22	91
3	7	34
26	32	91
6	10	26
1	4	89
1	5	91
0	15	91
0	12	91
0	9	90
0	4	91
0	17	91
0	10	91
0	9	90
0	5	90
0	5	91
30	26	91
0	15	90
0	8	91
0	9	91
0	-1	90
2	9	90
20	30	68
20	28	75
0	9	91
4	6	25
0	12	91
0	12	90
7	9	28
0	10	91
0	10	90
8	14	27
4	5	24
1	7	22
7	10	32
5	10	25
0	10	90
3	8	26
3	8	25
8	11	34
7	9	29
4	5	23
1	9	82
0	9	82
0	7	90
6	8	32
0	-1	91
0	6	91
0	-1	91
10	13	91
0	12	91
1	5	23
0	11	91
0	7	90
7	11	33
22	22	70
0	9	90
0	26	90
0	27	90
0	26	90
0	26	90
6	8	27
2	9	91
3	11	90
0	8	91
0	10	91
0	11	91
0	11	91
2	6	22
5	4	36
2	3	36
0	-1	90
0	16	91
2	6	22
2	21	91
8	10	30
21	24	51
0	7	91
22	27	91
0	6	90
1	9	89
0	5	90
0	10	91
0	14	90
0	11	85
5	8	31
8	8	25
0	14	91
0	13	91
0	8	90
0	8	91
0	5	51
0	4	51
2	25	87
2	3	21
5	6	23
2	4	23
5	7	27
1	12	90
0	10	90
1	16	90
0	5	91
16	20	91
1	11	91
1	-1	91
0	14	91
1	12	91
2	5	88
0	9	90
1	4	22
0	14	91
0	12	90
0	11	90
0	11	91
3	8	25
0	10	90
2	1	24
5	7	90
3	8	91
0	38	90
3	5	21
0	10	91
0	10	90
0	9	91
0	12	91
0	12	90
3	8	26
0	8	91
0	7	90
1	9	91
0	11	89
8	11	31
3	6	21
1	5	32
0	6	91
1	-1	91
0	12	91
0	5	70
9	15	91
12	13	91
1	12	91
0	11	91
29	32	91
0	12	90
0	11	91
0	13	90
0	18	91
5	-1	91
5	8	25
8	13	31
10	12	29
1	8	36
7	9	91
9	12	32
5	8	25
0	6	90
6	8	28
11	13	32
0	4	91
0	-1	91
0	5	89
0	13	90
0	-1	91
2	14	91
4	18	91
0	7	91
0	7	91
31	-1	75
27	31	65
4	5	21
0	6	91
3	5	24
0	14	91
7	9	31
3	8	26
0	16	90
2	5	21
0	36	85
8	11	27
0	-1	78
0	7	78
2	19	87
5	6	26
0	4	21
0	9	90
0	13	91
6	9	26
10	16	34
6	12	26
8	12	30
0	10	91
0	7	91
2	9	89
1	7	90
0	12	90
0	11	91
2	3	22
2	4	21
0	6	89
22	32	69
3	4	24
0	7	88
0	7	88
0	8	91
0	10	90
1	4	20
5	8	24
4	10	30
6	9	24
0	5	21
8	12	29
0	12	90
0	11	90
4	8	24
0	22	91
1	16	91
3	7	24
0	22	90
4	5	23
5	10	90
5	10	91
4	9	89
0	9	90
0	4	89
0	4	91
0	7	91
0	8	91
0	6	91
0	6	90
3	10	91
2	10	91
1	14	91
0	12	89
0	4	90
0	12	90
0	11	91
8	9	27
7	9	26
0	35	91
7	7	27
0	12	91
0	9	90
8	10	29
8	12	31
9	11	30
0	10	91
0	7	91
0	11	91
22	21	58
7	9	30
5	8	30
6	8	25
9	8	28
1	8	23
3	6	22
9	9	26
0	28	85
0	10	90
7	9	29
6	7	27
5	15	90
2	11	88
0	12	91
3	23	91
2	8	23
0	14	90
0	14	90
7	10	28
3	7	21
1	4	90
0	4	90
1	2	90
0	3	90
1	5	91
2	9	22
0	8	91
0	14	91
4	25	88
13	14	41
3	13	28
6	11	30
3	22	91
2	25	89
10	16	36
16	19	55
0	14	91
0	17	90
3	8	26
0	12	91
0	11	91
14	14	36
5	9	26
0	11	91
4	7	22
25	38	90
0	5	90
25	25	90
17	30	89
15	30	91
8	11	29
3	5	26
29	-1	90
28	36	91
26	35	90
27	35	90
26	-1	91
27	-1	91
28	31	90
20	30	87
0	11	90
1	8	90
1	13	91
35	34	91
3	7	22
0	12	91
0	4	91
2	6	78
0	9	90
6	8	24
6	8	23
21	25	90
0	6	91
0	14	89
2	9	91
0	5	67
3	8	91
1	12	91
0	8	91
0	-1	90
0	1	91
0	0	91
0	11	91
0	25	87
0	11	91
0	8	90
0	7	91
0	8	91
0	10	91
0	8	91
7	9	32
1	-1	91
0	15	91
0	12	91
0	25	90
8	9	26
0	16	90
0	9	91
2	28	91
1	7	91
3	5	24
22	31	91
0	9	91
0	8	70
0	7	70
2	5	24
1	5	22
0	35	90
0	33	90
0	32	90
0	31	90
30	38	91
0	8	91
27	-1	91
27	34	90
27	29	91
2	5	29
3	14	91
1	9	91
1	8	91
0	-1	91
0	10	90
12	12	44
3	6	23
0	2	29
0	14	90
1	-1	91
0	6	90
0	11	91
0	7	90
0	14	90
0	6	91
3	10	91
4	11	91
4	7	28
28	27	89
0	7	91
0	9	90
0	0	20
0	4	91
0	4	90
0	9	91
0	9	90
0	-1	91
0	6	91
0	5	91
1	9	91
1	8	91
1	4	90
5	-1	91
0	11	75
0	17	91
8	6	35
2	4	20
2	10	91
11	11	31
0	9	91
4	6	26
0	9	90
0	11	90
0	7	89
0	12	91
0	15	91
0	9	91
0	12	91
2	24	90
28	27	91
13	11	42
0	4	91
0	10	91
0	3	90
0	-1	91
0	12	91
0	10	90
0	13	77
2	6	91
0	12	88
0	12	91
0	16	91
0	9	90
0	9	91
0	6	89
25	29	90
27	-1	90
0	8	88
0	7	91
1	5	22
18	24	63
29	33	91
6	6	32
0	27	90
1	10	91
1	13	90
1	6	91
3	9	91
6	6	24
6	7	24
1	10	91
2	-1	91
5	9	24
7	10	30
0	6	90
0	7	91
0	9	91
0	13	90
0	7	89
0	10	91
0	6	90
0	9	90
0	14	91
23	29	91
16	19	55
18	21	59
17	23	56
7	10	28
2	5	21
0	8	91
0	6	91
0	7	90
0	12	91
0	6	41
0	-1	91
0	6	90
0	4	59
6	8	24
2	24	91
0	2	91
2	13	91
0	4	91
0	20	91
0	8	90
2	9	24
0	9	91
0	16	91
0	9	90
0	11	91
5	9	26
2	7	23
0	10	91
0	9	91
1	9	91
0	12	90
0	7	91
0	17	91
1	11	91
3	19	91
22	25	90
3	-1	91
2	14	91
0	8	90
1	21	90
8	17	89
0	5	74
0	11	91
0	15	90
0	13	91
0	7	91
0	11	90
0	24	89
0	8	91
2	12	90
1	11	91
4	9	91
0	8	91
0	14	90
1	2	22
2	8	90
0	8	91
5	9	26
1	14	90
0	9	91
0	17	91
0	11	90
7	12	31
2	11	91
0	6	91
0	6	90
0	10	91
1	6	21
1	5	20
8	11	31
3	7	23
6	10	27
2	4	22
0	14	91
0	12	91
0	10	91
0	6	73
1	16	91
0	8	90
0	9	91
7	11	31
0	13	91
0	8	90
0	-1	91
0	14	90
0	14	90
0	13	91
0	14	91
0	15	91
0	15	91
0	13	91
0	15	90
5	7	23
1	8	21
1	11	90
2	22	90
14	16	43
17	18	40
2	6	24
6	9	27
8	12	37
0	-1	90
0	9	55
1	14	91
0	10	91
0	12	90
3	4	23
2	5	39
2	2	31
4	8	23
4	7	24
1	7	90
3	13	91
0	11	90
0	13	91
7	8	29
1	5	21
0	21	91
20	28	90
2	11	91
0	7	88
1	14	91
1	7	91
3	6	20
2	6	22
1	10	90
7	8	32
4	8	26
3	5	24
0	7	89
1	11	90
3	5	25
8	13	32
0	10	90
0	12	91
0	9	90
16	18	46
7	12	30
4	7	23
0	11	91
0	5	91
8	10	27
9	12	29
9	11	27
7	11	26
1	8	26
10	12	33
0	4	90
0	8	89
6	9	29
4	8	22
8	12	35
0	-1	80
3	6	22
2	5	21
2	10	91
1	-1	91
0	12	91
0	10	91
0	22	90
0	15	87
0	10	90
0	8	89
1	9	91
1	32	90
0	12	91
0	13	91
8	10	26
0	9	91
0	10	79
0	10	90
2	10	87
0	12	91
0	10	91
0	11	89
0	11	91
0	14	90
0	11	91
0	-1	91
0	12	91
0	12	91
0	25	91
0	7	90
0	9	91
3	7	91
4	8	30
0	6	91
0	14	90
18	25	91
3	5	23
4	7	24
0	32	91
0	6	90
3	12	90
4	7	23
1	5	88
1	11	90
7	10	29
0	9	91
8	11	34
5	7	24
3	6	23
0	6	90
3	6	22
8	10	28
0	11	90
0	12	89
0	17	90
0	21	90
16	15	60
1	8	91
5	7	26
1	12	91
0	8	91
7	10	26
0	7	90
1	22	91
28	36	89
1	7	22
1	6	90
0	8	90
0	10	91
0	14	91
3	6	22
28	30	90
17	17	53
3	3	22
0	34	91
0	16	91
0	8	89
3	6	23
0	9	91
2	5	24
4	-1	91
1	6	90
1	8	60
0	13	90
0	11	91
0	7	91
0	7	91
0	9	84
1	5	50
3	6	23
3	7	23
7	8	33
0	1	22
4	6	24
1	7	90
2	12	91
1	9	90
3	7	26
1	10	91
0	9	91
1	-1	91
1	-1	91
4	12	91
4	9	90
11	12	35
10	13	33
10	10	30
14	14	44
13	14	43
11	11	34
11	13	39
1	5	22
1	9	91
21	21	52
0	-1	91
2	2	29
8	9	28
5	10	33
4	8	24
0	10	91
4	6	23
4	6	90
1	5	91
2	6	90
0	21	90
0	15	91
0	7	90
15	17	60
1	4	23
6	24	91
23	41	91
2	9	24
5	9	24
28	33	91
1	4	22
3	8	22
4	11	25
3	10	25
5	8	27
4	7	26
0	8	91
0	4	90
7	10	26
7	11	28
7	12	27
4	11	26
0	11	90
0	10	89
1	5	31
2	7	90
1	8	91
0	8	91
9	13	37
2	6	22
2	30	75
7	12	30
4	11	28
17	18	66
20	31	91
3	8	90
0	1	86
4	6	21
0	22	91
0	-1	90
2	7	23
0	8	90
0	17	91
4	6	24
19	25	91
18	24	91
2	5	23
4	7	24
6	7	32
0	0	90
14	17	83
7	7	25
5	9	27
2	3	22
7	9	28
0	2	21
1	2	22
1	2	20
0	7	90
2	3	22
10	8	30
0	5	91
0	8	91
1	8	90
3	9	91
0	15	90
0	8	91
0	17	90
0	7	87
6	9	26
0	16	90
32	34	77
0	5	91
20	21	60
8	12	31
0	4	90
16	18	52
0	9	90
3	8	22
5	21	39
1	31	91
0	9	90
0	6	91
0	3	90
0	12	90
0	8	91
0	10	90
0	14	91
0	13	91
9	15	56
0	9	91
6	8	23
0	9	91
0	-1	91
0	7	91
1	9	80
0	9	80
0	12	91
0	12	90
2	8	91
6	8	26
0	14	91
0	7	90
2	6	23
3	7	22
0	5	91
1	2	23
0	12	91
0	9	90
1	6	90
0	7	90
0	16	91
0	12	89
40	41	90
5	10	30
0	-1	90
6	15	90
5	17	91
1	3	21
0	7	91
6	10	31
1	21	90
0	5	74
9	14	29
0	16	91
0	10	89
4	29	91
0	8	90
0	11	91
18	19	47
0	2	90
0	13	91
1	8	90
21	28	91
1	15	90
5	9	24
5	8	24
5	6	24
0	8	91
0	10	91
0	10	90
0	13	91
3	7	22
2	3	21
8	9	28
3	10	91
0	6	91
0	5	71
11	13	42
1	5	21
29	38	91
2	9	91
5	8	25
5	5	25
10	17	35
2	6	21
0	35	90
1	11	91
3	10	91
4	5	22
7	13	32
8	11	26
8	10	27
4	6	23
6	8	27
9	12	36
9	13	35
0	8	91
1	8	91
2	12	91
36	26	88
0	16	91
0	12	91
10	10	31
29	54	91
29	48	90
28	51	90
30	52	90
6	11	29
3	5	24
30	33	88
39	-1	91
0	1	90
5	8	30
3	6	23
3	6	22
3	6	22
4	5	23
6	10	30
0	5	20
0	8	90
11	12	36
25	54	91
0	10	91
5	11	28
29	33	91
17	33	91
24	33	91
25	32	91
20	32	89
25	31	90
27	31	91
27	31	91
23	31	91
25	31	91
4	18	90
0	3	22
30	26	88
0	3	22
0	10	91
0	8	90
6	6	28
0	9	90
2	11	90
0	5	90
3	6	24
2	12	90
0	6	91
0	9	91
0	11	90
5	10	91
2	16	91
4	4	26
2	7	21
2	6	20
0	9	90
0	8	91
0	6	91
0	12	89
0	11	91
0	9	90
5	8	24
5	9	24
7	12	32
0	12	91
25	34	86
0	16	91
0	11	91
2	5	26
6	9	25
6	8	89
8	11	90
0	12	91
1	6	25
3	7	22
3	2	24
1	10	91
1	9	90
2	7	20
0	22	91
0	25	91
0	9	91
0	10	91
3	4	23
4	8	27
4	5	23
3	7	23
0	12	90
0	11	90
0	10	91
0	11	90
0	11	91
0	16	91
1	4	28
7	8	24
0	17	90
0	7	90
7	12	30
7	10	26
2	7	22
0	7	90
0	15	91
5	8	25
5	8	25
0	10	90
2	3	90
0	6	91
4	7	26
3	6	23
23	32	90
1	25	91
1	25	91
0	-1	91
1	2	90
0	4	88
2	3	37
6	7	24
0	8	91
0	8	91
0	8	89
0	2	91
8	9	26
5	8	24
4	6	24
4	7	22
0	3	21
29	25	70
3	15	91
0	9	90
0	8	90
1	9	91
7	11	29
29	-1	91
27	31	90
0	-1	89
0	8	91
0	12	91
0	7	90
0	10	90
0	8	90
0	14	91
0	16	90
0	12	90
9	12	30
2	30	91
3	10	22
6	10	26
0	6	88
0	5	90
6	10	29
2	35	89
16	22	47
10	29	56
7	9	34
7	11	30
6	10	30
39	37	89
8	9	32
1	9	91
2	10	91
30	38	89
0	10	91
0	11	90
10	11	33
5	9	24
4	8	23
8	10	27
8	12	33
6	10	23
7	10	27
0	7	90
6	8	24
0	8	90
5	10	24
4	10	25
8	9	32
2	5	21
1	5	20
0	8	90
0	-1	91
8	32	91
2	5	21
0	4	21
0	16	90
0	5	76
22	23	53
4	6	25
2	19	91
0	15	89
4	7	30
0	23	91
7	7	26
2	3	22
1	-1	91
0	2	28
3	25	91
0	6	91
0	10	91
0	11	90
0	11	91
0	10	90
0	13	91
0	9	90
0	6	91
7	12	31
3	8	21
3	6	23
0	9	91
0	7	90
4	9	23
8	9	26
6	8	26
5	7	25
6	7	27
3	6	23
0	12	91
0	14	90
3	9	23
0	7	91
0	15	90
10	11	40
5	9	23
1	14	91
0	11	91
0	10	89
4	11	25
0	4	91
0	7	91
6	9	25
0	8	90
4	9	26
3	6	22
7	14	38
0	7	90
0	9	91
8	11	31
8	14	30
6	9	31
6	9	30
5	7	28
6	8	24
8	10	27
0	7	90
4	6	23
1	4	22
2	6	22
3	11	24
2	6	24
2	6	21
11	12	35
12	14	40
5	9	26
6	9	27
3	6	23
0	10	91
0	10	91
1	12	91
4	20	90
2	23	91
3	5	22
0	8	91
0	8	90
0	11	90
0	11	91
4	7	24
0	4	21
0	23	91
0	24	90
0	5	90
0	6	91
5	9	29
0	10	91
0	14	91
11	14	36
5	5	24
5	9	30
5	7	33
5	31	90
7	12	32
10	19	38
16	19	43
5	5	23
6	12	28
6	7	31
0	7	91
0	7	91
10	9	34
0	6	62
0	5	62
5	6	32
1	4	28
6	10	30
3	10	26
4	9	25
3	8	25
4	7	23
4	6	22
3	6	24
3	6	21
0	3	90
0	16	91
6	11	32
0	8	90
7	9	27
8	10	33
8	10	25
4	9	23
15	27	52
4	8	25
0	6	91
13	26	62
3	5	24
6	9	34
3	6	25
5	7	26
0	10	91
0	9	91
17	34	91
2	6	24
8	9	28
9	10	37
6	10	31
5	8	28
5	9	28
6	8	24
4	9	24
4	10	23
11	14	39
9	11	33
11	12	33
0	13	89
0	9	91
0	13	91
0	6	91
0	-1	89
4	6	21
4	25	91
4	26	91
2	6	21
0	12	90
0	14	91
0	8	91
0	7	90
0	13	91
8	11	26
0	0	90
0	0	87
7	16	36
0	8	90
0	6	91
1	10	91
0	8	91
0	4	23
12	13	90
3	8	22
8	12	30
7	12	27
4	7	25
1	-1	91
7	11	27
6	9	27
8	10	28
0	4	91
0	13	91
0	13	90
7	9	26
0	12	91
0	14	91
3	4	24
0	-1	90
2	4	23
2	25	91
26	-1	91
4	16	91
0	6	91
6	11	31
6	12	28
3	7	23
1	8	91
1	8	90
1	3	20
3	6	22
7	9	25
5	8	25
0	7	90
0	10	88
1	13	91
3	4	24
5	9	31
24	19	66
0	4	90
0	14	89
0	6	91
0	9	82
2	10	91
1	9	90
0	11	71
0	11	71
0	11	90
0	14	91
0	7	90
1	13	91
34	43	91
0	7	91
0	5	90
0	12	91
0	10	91
0	27	90
5	9	30
0	5	91
0	9	90
2	5	23
2	6	24
10	12	33
34	35	89
3	8	22
11	13	90
12	14	91
8	11	30
7	9	26
6	9	25
6	8	24
3	5	21
1	3	21
2	4	22
1	3	22
13	16	51
2	26	91
3	6	22
0	13	90
0	10	89
5	13	90
14	23	91
3	6	21
1	3	90
1	13	90
6	7	26
9	14	36
7	11	29
0	8	91
0	11	90
0	8	89
7	8	25
1	9	90
1	8	91
4	8	24
3	12	91
3	12	91
0	-1	90
0	9	91
8	12	29
16	8	45
0	16	91
6	6	30
5	8	30
2	4	22
11	13	33
0	7	91
0	10	69
0	6	90
0	14	90
0	16	91
0	14	90
0	5	91
0	9	90
0	2	90
0	0	91
0	0	91
0	1	90
0	0	90
0	0	90
0	6	70
0	10	90
1	13	90
14	30	57
0	13	91
5	13	33
8	9	30
0	12	89
0	14	91
6	6	33
1	12	91
3	7	24
5	9	27
3	8	25
2	6	22
0	14	91
0	13	91
9	11	33
13	11	35
9	11	34
10	13	34
10	11	32
10	12	32
0	13	90
2	6	21
9	13	33
2	6	22
5	9	30
4	24	91
8	8	30
10	11	32
7	10	29
11	16	35
0	24	91
4	7	25
5	8	24
7	11	33
9	11	30
4	7	23
3	6	20
0	15	77
25	44	91
10	12	37
1	7	90
1	9	90
0	15	91
0	13	91
3	7	22
4	23	91
4	8	24
0	10	91
0	8	90
0	16	90
0	9	91
3	8	26
6	7	61
8	11	28
0	3	21
0	4	90
0	6	90
3	7	22
0	17	90
0	18	91
8	8	29
0	10	91
0	9	90
4	8	22
5	8	26
1	7	25
9	9	31
3	20	91
3	7	23
4	9	24
3	10	23
3	8	25
11	11	42
10	10	38
11	10	37
10	10	36
10	10	35
9	9	33
3	8	21
30	40	91
1	9	21
5	7	24
21	35	91
0	17	91
0	9	91
11	16	37
8	11	26
0	8	91
1	5	20
0	10	90
1	10	90
0	13	91
0	13	90
0	11	91
0	13	90
1	17	90
6	9	26
5	11	27
5	8	31
9	12	35
33	40	84
4	6	27
10	18	38
11	15	34
8	14	31
5	9	24
0	15	90
0	5	91
0	10	90
5	8	21
0	9	91
0	7	90
5	9	27
9	13	32
5	10	27
6	8	26
5	9	25
7	7	27
8	13	27
2	7	90
1	4	22
0	6	91
0	12	90
4	7	23
6	10	24
7	11	30
0	12	90
0	13	91
12	13	44
5	8	26
4	8	23
6	9	27
0	5	33
7	8	28
0	8	91
0	8	90
0	5	38
5	15	91
0	32	90
0	9	90
0	11	90
4	8	24
0	10	91
0	6	91
0	13	90
5	9	27
1	25	90
0	11	90
5	16	38
6	8	29
4	7	27
0	19	91
0	10	91
2	5	38
4	9	23
0	14	91
0	11	91
5	11	31
10	13	33
7	12	28
0	7	91
9	12	33
30	34	91
3	6	21
7	10	30
9	12	35
0	25	88
13	13	34
5	12	90
0	12	90
0	11	91
1	6	31
1	30	90
4	7	22
0	7	90
1	18	91
0	7	91
7	13	30
7	12	31
10	12	36
11	21	51
29	28	73
0	12	90
0	9	91
4	9	25
4	9	23
6	6	26
0	4	90
1	9	91
0	10	91
0	12	90
1	11	91
0	13	91
0	11	91
1	12	90
0	13	90
0	11	91
0	14	91
0	12	90
0	27	91
6	11	27
0	5	90
0	1	51
28	-1	91
27	31	91
30	-1	91
27	27	80
0	13	91
7	9	26
2	12	91
8	7	26
36	37	91
0	3	90
0	-1	76
7	14	30
1	18	91
1	19	91
0	22	91
6	11	31
0	5	91
0	5	90
5	6	26
3	8	23
28	-1	91
0	8	53
25	31	91
8	14	33
8	12	32
8	12	31
2	5	20
21	21	64
5	7	31
3	8	24
10	11	33
9	11	32
10	10	31
2	7	23
6	8	26
8	14	33
7	13	31
8	11	34
0	25	90
0	9	90
1	12	91
29	38	86
0	8	89
2	19	91
7	11	27
6	11	28
5	10	30
3	6	22
5	9	25
11	11	34
0	11	91
0	14	90
9	11	91
0	8	90
0	11	91
7	-1	91
6	8	25
4	6	23
3	11	91
1	10	91
0	11	91
1	6	46
0	6	90
0	10	91
3	6	34
0	27	89
2	7	22
6	8	27
3	17	91
2	11	91
16	18	46
1	11	91
1	10	90
1	12	91
2	11	90
0	5	90
1	14	89
15	17	48
5	9	25
0	8	90
6	13	30
31	-1	88
11	15	39
0	13	91
0	16	91
0	7	91
0	14	91
8	10	32
2	7	23
0	14	90
21	27	91
22	30	86
2	4	21
21	24	86
8	10	31
1	4	23
0	16	91
0	12	91
2	7	25
7	12	32
7	12	26
0	20	90
0	16	90
0	14	91
1	12	89
5	15	91
10	14	37
1	8	91
5	11	26
4	10	90
2	7	90
1	1	90
0	0	91
8	10	28
2	4	22
0	10	90
0	6	90
1	9	83
1	10	83
0	9	89
0	8	90
1	7	90
1	8	91
0	2	33
5	9	28
0	9	89
0	14	90
3	3	22
9	9	32
5	7	24
5	8	23
6	7	44
2	5	24
0	5	88
0	11	90
4	7	42
4	8	22
0	8	45
0	9	90
0	13	90
0	11	90
0	9	91
5	8	25
6	8	25
5	16	90
0	6	91
2	9	32
0	8	90
9	27	91
2	7	91
0	4	91
24	32	91
22	22	88
0	5	22
1	3	21
0	16	91
2	12	90
4	5	22
0	11	90
0	12	91
8	33	91
0	9	89
0	10	91
2	7	24
1	4	21
1	5	24
5	13	87
5	11	87
5	10	90
8	10	34
2	13	91
0	8	91
8	11	30
0	-1	91
0	19	90
0	-1	90
0	7	90
0	7	90
0	6	91
0	11	90
1	-1	91
8	12	33
7	8	28
6	8	27
7	8	26
4	6	24
4	8	24
0	10	90
8	11	29
7	11	27
0	8	91
0	9	90
1	12	90
1	11	91
9	11	28
0	5	90
0	10	91
1	22	91
25	39	91
4	7	23
3	31	91
0	4	29
5	5	34
3	6	23
3	9	91
0	8	90
4	9	26
6	9	26
0	9	91
0	7	90
17	27	57
0	10	90
0	10	91
3	7	21
11	14	36
8	12	31
5	10	25
0	14	90
0	10	90
2	12	90
1	10	91
5	9	24
1	11	91
1	4	91
2	4	22
0	11	90
0	4	90
0	9	91
0	18	90
1	4	21
0	11	91
0	10	91
0	11	91
0	9	91
3	4	25
5	6	23
3	13	47
4	-1	91
5	12	91
8	13	33
0	9	90
0	26	91
1	12	91
0	8	91
2	7	25
0	22	91
0	11	91
2	5	22
1	5	22
0	7	91
0	5	90
0	13	90
2	13	90
1	16	91
0	9	91
0	-1	90
0	9	90
0	13	91
1	-1	90
0	-1	91
0	-1	91
8	11	33
5	8	26
9	12	34
2	10	91
1	10	91
1	6	91
1	10	90
0	14	91
0	13	91
0	7	90
0	12	91
0	14	91
0	12	91
0	8	89
0	12	90
2	36	91
0	11	91
6	9	24
10	11	36
5	12	39
0	13	91
0	14	90
9	11	34
6	8	27
5	8	26
5	9	28
1	12	88
0	12	90
0	15	91
10	13	30
10	12	33
8	10	28
1	11	91
0	12	91
1	11	91
4	-1	45
2	12	91
0	12	91
1	17	90
4	9	24
5	7	24
5	9	27
11	12	57
17	18	91
0	8	91
7	9	28
6	10	27
0	8	90
1	9	90
1	17	91
0	14	91
2	8	23
2	9	24
7	10	24
5	8	25
8	15	44
0	11	91
0	11	90
4	8	23
6	8	25
35	-1	90
0	8	91
0	17	90
10	13	34
9	12	31
3	5	22
0	13	91
0	10	45
8	12	27
0	12	90
30	-1	89
3	14	91
0	10	91
2	11	91
3	10	91
1	33	91
2	11	74
2	7	21
8	9	31
10	11	31
28	32	91
3	6	22
1	5	21
2	4	22
3	18	87
6	7	24
0	8	91
0	9	90
5	13	30
3	11	26
5	12	27
5	12	27
5	9	23
13	16	53
12	16	51
14	15	50
11	13	45
12	-1	56
9	11	40
8	10	39
7	9	40
3	7	20
5	9	27
6	7	26
6	7	25
6	10	26
0	6	91
8	14	32
9	10	33
0	17	91
0	14	91
0	15	90
0	8	90
0	11	91
0	11	91
0	8	90
0	8	91
0	6	90
8	11	32
9	11	30
1	5	91
1	5	90
0	10	89
6	11	33
10	11	29
5	13	30
4	9	22
5	8	30
4	6	23
5	8	23
5	11	25
0	5	91
3	7	22
4	11	28
1	2	21
32	40	90
30	41	90
17	21	50
3	6	20
0	10	90
0	12	91
38	39	90
16	29	52
3	5	23
3	5	22
2	5	20
0	6	91
2	10	90
0	7	91
1	10	88
3	6	21
8	15	27
0	3	21
28	34	87
8	-1	84
10	12	33
6	9	26
7	14	34
6	9	26
3	9	32
5	7	29
4	7	23
0	11	91
0	11	91
7	13	34
16	28	67
4	7	23
3	6	22
2	5	23
2	5	23
2	4	21
0	1	90
0	-1	90
9	10	34
0	12	90
0	22	91
4	7	24
0	13	90
8	10	28
0	-1	88
0	12	91
0	6	90
0	14	90
0	13	91
7	10	30
2	5	22
4	5	22
8	12	30
0	15	91
3	10	90
0	5	91
0	10	91
7	11	28
7	10	26
6	9	27
0	9	91
1	10	91
2	9	91
1	19	91
0	10	91
0	12	90
0	13	91
0	14	91
0	8	91
0	9	90
3	7	23
2	6	25
4	8	28
8	11	30
0	5	90
4	7	22
2	7	27
1	3	22
0	8	90
0	5	91
4	13	91
3	7	22
3	11	25
8	12	30
3	7	24
23	-1	87
0	8	90
0	13	91
4	9	91
2	11	91
0	12	91
1	7	91
1	7	91
2	5	22
0	12	89
6	7	27
6	10	29
8	10	30
10	14	35
0	12	90
2	9	91
8	16	32
6	10	25
7	10	24
0	11	91
0	11	90
0	10	90
0	9	90
0	7	91
9	11	28
9	11	30
1	18	91
2	9	90
0	13	91
2	4	24
2	4	22
6	36	91
0	17	91
2	16	91
8	11	31
6	8	25
9	14	35
10	15	37
11	11	65
16	18	54
0	14	91
0	23	91
32	43	91
6	9	39
1	6	90
0	5	91
2	5	22
3	5	21
0	11	90
0	8	90
0	8	91
0	15	90
0	12	90
4	7	22
5	10	31
0	9	91
0	13	91
0	10	90
11	22	51
0	12	91
0	11	91
6	8	25
12	15	43
0	12	90
6	9	24
0	10	90
7	9	24
0	2	91
0	9	90
0	-1	90
0	15	89
0	9	90
1	13	89
24	-1	91
0	2	20
0	8	91
0	14	90
0	17	91
0	13	90
4	7	24
0	5	91
0	11	91
0	6	91
0	13	90
0	12	91
1	17	90
0	11	91
2	37	90
0	18	91
0	-1	90
22	41	91
3	9	91
0	8	91
25	33	91
29	33	90
21	31	91
24	33	91
3	7	23
1	4	91
0	9	91
1	25	91
2	25	91
1	27	91
1	27	91
1	27	91
0	9	91
0	10	90
0	8	90
13	15	91
0	18	90
0	14	91
0	12	90
2	3	20
0	3	91
1	2	21
22	26	91
0	11	91
4	10	24
3	5	21
0	5	91
0	10	64
8	7	30
0	13	91
0	13	91
4	8	31
0	11	90
0	14	91
0	12	91
0	10	91
22	26	91
0	4	33
4	7	23
3	7	22
0	9	91
0	13	91
4	7	24
3	7	23
22	30	91
4	10	25
3	6	23
0	8	89
1	3	23
0	12	90
1	21	90
0	3	90
0	11	89
0	10	91
0	3	21
0	13	91
0	8	91
0	8	90
0	14	90
0	7	91
0	12	91
0	14	91
22	26	91
0	9	91
0	5	90
29	25	86
0	10	90
9	10	35
7	7	33
9	10	35
1	4	91
4	6	24
0	7	90
1	7	32
0	11	91
0	11	91
3	5	25
6	17	90
4	7	91
25	-1	91
0	6	91
0	7	91
0	5	22
0	17	90
1	14	74
0	9	90
5	18	90
4	16	90
2	5	21
7	12	28
21	22	48
2	7	91
10	15	35
3	9	90
1	8	90
4	10	27
0	8	90
0	10	89
20	33	90
8	11	26
0	26	89
0	13	90
0	13	91
0	6	91
1	9	91
2	11	91
31	36	91
0	-1	90
0	10	89
10	10	33
0	12	90
0	12	91
1	6	90
1	5	91
0	5	88
0	3	91
2	4	22
7	9	29
7	9	28
6	8	25
0	18	90
1	19	90
1	6	91
0	27	90
4	7	24
1	7	90
1	6	91
0	8	91
1	15	87
5	5	21
0	8	91
0	7	91
0	7	91
3	15	91
3	5	26
3	5	24
2	4	24
2	11	91
7	8	26
0	18	90
0	13	91
4	6	23
3	6	22
1	-1	46
5	8	30
0	1	84
8	20	91
2	11	90
0	8	91
0	10	91
0	14	91
0	9	91
0	14	90
0	5	91
0	7	91
0	6	91
8	9	32
0	20	91
0	12	90
0	12	91
0	8	91
5	12	32
0	7	91
1	7	90
2	7	21
1	9	91
0	13	91
0	9	90
7	7	28
0	39	91
0	7	91
0	6	90
0	13	89
0	13	91
0	12	90
0	9	91
0	11	90
21	23	71
0	7	91
0	6	91
0	11	91
0	5	91
3	4	27
0	11	90
0	15	91
0	6	91
2	5	23
1	12	91
2	5	91
1	17	90
0	7	88
0	6	91
0	12	91
0	9	91
7	7	27
0	11	90
0	13	91
0	9	90
0	8	90
0	9	90
4	6	24
0	3	90
0	9	91
8	11	27
0	11	91
0	-1	91
0	7	91
2	10	90
0	9	77
2	9	77
2	16	91
0	19	91
0	10	91
6	11	91
3	15	90
6	10	28
3	4	21
17	35	90
2	6	23
1	7	21
0	6	90
0	7	91
20	49	89
0	7	75
0	5	59
0	11	90
0	13	91
0	9	90
1	19	91
5	8	24
0	6	87
0	8	91
0	15	90
0	17	91
2	6	22
4	7	25
0	11	91
0	22	88
0	2	90
0	5	90
0	40	91
0	37	90
0	6	91
4	11	31
0	11	87
0	3	76
0	4	90
1	14	91
0	11	91
0	12	90
0	7	90
0	7	90
2	24	90
0	11	91
1	8	91
4	5	23
4	8	30
9	10	31
2	11	90
7	8	31
6	8	24
7	19	91
4	8	91
9	13	36
15	15	45
1	5	20
2	11	91
2	15	91
0	15	91
3	8	90
0	13	89
0	13	91
5	9	26
7	12	30
7	8	29
38	34	88
9	9	28
7	9	30
0	9	91
0	7	91
0	4	91
4	14	91
5	5	22
1	11	91
0	14	90
7	10	31
0	38	91
5	7	26
0	15	72
3	8	24
6	8	25
6	8	25
6	10	23
8	10	30
3	8	25
23	29	91
2	6	22
0	7	91
0	8	90
4	5	23
11	11	31
7	12	30
0	3	60
7	11	27
0	15	91
0	11	91
3	7	22
5	9	30
7	9	30
4	9	25
0	9	91
0	7	90
1	9	91
9	9	37
10	9	35
10	9	36
10	9	34
7	12	31
6	11	27
6	9	26
0	4	85
9	15	90
15	18	89
16	22	91
1	7	71
20	24	68
15	15	47
28	35	90
25	33	88
28	32	91
26	31	91
14	28	87
10	21	65
0	8	91
0	14	89
1	7	91
0	10	91
2	11	89
21	17	90
15	21	58
7	9	27
0	14	91
0	11	87
0	8	90
0	8	90
4	33	75
5	11	27
7	10	27
10	12	33
3	13	90
6	9	25
0	7	91
1	-1	91
14	12	47
9	11	35
17	23	52
10	10	31
1	3	24
4	8	26
6	8	26
3	7	26
1	16	89
0	12	90
1	3	21
0	11	90
0	12	90
0	4	91
0	8	89
8	11	26
2	4	21
0	10	91
43	45	91
0	10	90
0	5	91
27	29	91
27	27	91
0	8	90
4	14	91
1	8	90
0	12	90
22	39	91
22	26	74
14	-1	44
11	-1	42
12	12	37
6	11	90
6	10	32
22	24	56
9	12	40
0	2	22
0	5	23
0	8	91
0	9	90
10	12	29
6	11	26
6	11	27
12	14	36
0	10	91
0	3	91
0	4	91
0	18	90
5	8	22
0	12	91
0	14	91
0	7	90
1	18	91
3	9	22
0	6	91
7	10	40
2	7	21
1	5	21
0	23	91
0	8	91
0	4	90
3	6	23
0	8	91
0	10	90
1	3	23
1	6	74
1	8	74
1	6	91
6	9	25
21	26	89
2	7	21
4	9	23
4	5	21
0	2	23
0	2	23
19	14	52
6	12	27
0	11	91
0	6	90
29	24	84
8	8	31
0	8	90
0	7	91
2	23	91
9	22	67
2	9	90
2	6	91
2	7	90
0	9	90
0	21	91
4	10	25
0	3	89
0	7	90
0	14	91
1	11	90
5	11	30
2	39	91
3	6	24
8	15	34
6	12	34
0	13	90
4	26	89
3	6	21
3	32	90
12	36	91
2	6	22
1	6	91
0	14	91
4	35	91
3	-1	91
4	-1	91
8	10	30
7	8	27
1	9	91
21	33	91
0	4	34
0	12	91
2	8	91
0	9	91
0	12	91
0	12	87
0	8	91
0	16	91
0	16	91
0	7	91
0	15	89
0	10	90
0	11	90
3	8	23
3	8	22
4	9	30
4	8	25
0	37	90
0	11	90
27	39	91
0	6	91
0	6	91
6	8	25
0	9	91
1	2	34
28	34	91
1	5	91
0	9	91
14	16	91
0	9	91
0	13	91
0	9	91
2	9	91
0	-1	91
3	8	23
3	7	25
1	10	91
0	5	90
2	7	25
0	3	20
0	8	90
0	13	91
0	9	89
0	22	90
9	11	32
0	8	91
6	27	90
0	12	90
0	13	91
0	12	90
0	11	90
0	10	91
21	9	59
7	13	32
6	8	30
7	9	27
7	8	26
0	6	91
0	5	90
9	10	30
4	6	24
6	8	30
3	8	24
4	8	23
4	7	23
13	16	46
0	20	91
0	19	90
7	8	29
1	9	90
3	13	90
17	30	91
6	16	91
8	9	28
11	16	38
2	5	23
0	14	90
20	27	88
2	4	52
5	8	26
21	41	91
3	5	21
7	12	27
3	6	22
5	9	25
1	7	90
2	10	91
1	8	89
7	9	28
0	11	91
0	-1	90
3	29	90
0	10	90
3	9	91
0	12	91
0	13	90
0	3	91
4	8	22
0	7	91
3	10	25
0	10	88
0	6	91
6	10	26
2	5	20
0	12	91
0	7	90
0	18	91
0	11	91
7	8	27
23	32	91
8	10	29
7	31	91
0	9	91
0	3	89
8	10	29
30	-1	91
2	8	29
6	10	33
21	34	88
26	36	88
7	11	27
6	9	26
6	10	26
3	29	91
5	9	26
4	23	91
8	10	30
2	8	20
3	8	21
10	17	33
1	14	91
0	13	90
0	10	91
1	10	90
0	10	91
3	8	34
0	4	91
7	9	32
0	13	90
7	9	27
32	32	91
5	9	26
0	9	90
0	7	91
0	8	90
3	9	22
4	7	26
5	7	27
0	15	91
0	13	90
5	7	24
5	10	25
8	9	33
7	10	26
9	12	29
8	9	30
4	8	21
11	14	34
7	9	31
7	9	29
0	8	90
0	12	87
0	7	91
1	11	91
0	9	90
0	13	90
3	9	22
4	8	23
2	6	21
2	10	25
0	11	91
3	8	90
4	7	25
11	16	39
32	39	90
6	6	27
29	31	91
29	30	91
2	5	22
0	19	90
0	18	90
8	7	36
0	6	91
0	6	90
3	6	23
3	5	32
0	15	91
0	12	91
2	5	21
0	0	70
0	14	91
0	25	90
6	9	26
2	7	22
2	6	22
4	13	29
22	38	90
6	10	32
7	11	29
0	8	91
0	8	91
8	8	26
0	13	90
0	13	91
3	3	24
5	9	24
0	5	90
2	6	21
7	28	91
25	42	90
3	29	91
0	-1	90
0	13	91
27	53	89
7	11	26
8	12	27
4	6	25
2	11	91
0	7	91
0	12	90
0	8	91
0	10	91
8	10	29
8	12	34
2	5	20
4	6	22
0	11	91
0	7	90
1	8	91
4	7	21
0	2	25
0	12	91
0	13	90
0	-1	91
0	12	91
0	9	86
0	6	90
21	24	91
10	11	37
2	25	90
3	15	90
22	24	91
2	15	90
2	12	91
14	14	49
3	7	25
0	6	79
0	-1	79
0	14	86
0	10	90
0	2	26
29	30	91
1	9	91
2	10	90
3	17	91
2	6	22
0	13	91
0	8	90
0	6	31
0	10	91
0	9	91
4	5	23
1	8	91
0	19	91
3	5	22
6	10	32
1	4	23
2	5	22
0	9	89
0	11	90
5	10	26
4	7	23
16	19	47
0	11	91
3	5	20
6	8	25
4	5	22
2	6	22
0	10	91
0	8	91
0	9	90
0	12	89
0	10	90
0	12	91
6	11	31
0	10	91
6	9	26
2	6	24
1	6	24
1	4	23
0	2	91
19	36	83
0	12	89
0	12	91
0	15	91
14	20	35
0	9	91
0	14	91
0	13	90
8	7	26
2	7	24
1	3	23
4	11	26
27	50	91
25	42	91
27	47	91
27	46	90
25	46	91
27	46	91
26	43	91
25	43	90
26	41	90
26	42	85
0	11	89
3	7	23
0	7	91
1	8	91
1	10	91
1	6	90
2	9	91
3	10	90
1	12	90
1	10	90
5	9	30
6	9	27
5	7	23
0	24	90
9	15	36
0	10	91
0	10	91
4	38	91
32	41	91
0	11	91
0	7	91
4	6	23
0	6	90
10	14	38
7	11	33
10	11	30
5	8	24
3	7	25
0	6	91
24	40	90
5	8	26
3	5	21
3	5	26
1	7	90
10	11	35
1	8	89
0	9	91
0	14	91
0	14	90
0	11	91
0	12	90
1	9	90
9	11	30
7	9	27
12	12	91
2	9	91
4	10	23
16	19	54
2	6	21
0	19	90
0	18	91
1	4	24
5	11	26
0	6	90
5	8	26
0	8	89
10	11	29
0	11	90
0	12	91
1	10	91
1	12	90
12	14	35
5	7	23
4	12	30
0	9	91
0	6	90
7	7	28
4	5	23
8	11	37
0	6	90
0	11	91
8	8	24
7	8	25
7	8	27
0	15	91
3	7	24
10	11	34
9	10	33
11	9	33
9	8	31
0	12	91
0	13	90
0	13	90
0	14	91
1	27	91
1	10	90
1	14	91
7	32	68
7	30	62
6	31	66
5	29	61
6	30	62
0	9	90
0	29	91
1	30	91
0	9	90
7	11	31
6	8	25
6	8	25
0	12	91
0	12	91
7	11	34
5	10	29
11	12	35
0	17	91
2	3	22
1	18	90
0	14	89
27	30	89
28	31	91
28	30	89
4	7	25
0	14	91
0	7	91
32	30	84
5	6	24
7	9	28
0	6	91
0	6	91
0	11	90
9	9	31
8	10	30
8	8	28
7	8	26
7	9	26
5	39	90
4	43	90
0	14	91
0	14	90
16	17	47
0	-1	90
5	8	25
19	22	45
12	13	34
0	5	91
1	1	62
9	13	34
7	10	26
8	11	27
6	7	24
30	34	90
4	13	29
0	10	90
1	8	91
1	10	91
9	11	33
0	16	90
2	6	22
3	10	83
2	7	91
1	3	20
1	3	26
1	7	91
0	10	91
0	6	90
0	6	91
0	1	91
0	8	91
1	2	20
0	8	91
0	11	90
0	8	91
0	5	90
0	8	91
1	12	91
2	8	91
1	9	91
1	25	90
4	10	30
0	10	91
0	7	91
37	40	90
0	14	90
0	12	91
0	11	91
2	6	23
11	-1	91
4	16	90
0	11	87
8	14	29
0	6	90
0	10	91
10	11	34
1	4	90
0	7	90
7	10	33
0	8	91
0	14	91
3	8	31
0	5	90
0	6	91
0	7	91
0	11	91
0	8	90
0	8	34
1	6	62
0	7	91
0	10	90
1	9	90
1	7	91
0	9	90
6	9	27
6	12	34
0	14	91
0	15	91
4	16	90
2	10	24
2	4	91
1	9	91
1	15	91
0	8	91
4	7	22
5	9	23
1	7	90
0	7	90
7	8	25
0	7	90
0	10	88
0	11	91
6	11	30
11	14	36
1	9	90
1	7	91
0	14	91
0	11	91
0	12	91
0	14	90
0	7	91
0	7	90
1	14	91
0	16	83
0	12	90
2	6	29
0	10	90
0	7	91
4	6	22
0	-1	89
0	-1	61
0	12	90
0	15	91
0	0	90
0	12	91
3	6	21
3	7	22
0	8	91
0	10	91
2	15	88
0	12	54
10	15	35
0	11	90
0	7	89
1	8	91
0	4	48
6	8	30
7	7	27
1	7	37
3	12	91
8	8	28
6	6	30
4	8	23
29	38	91
0	8	91
0	5	91
2	8	22
0	13	91
0	2	32
0	11	90
0	11	90
4	8	22
0	12	86
0	16	91
3	18	91
0	27	86
0	20	89
2	8	26
4	6	24
0	10	91
0	9	90
0	15	90
0	11	91
8	13	31
0	9	90
0	8	91
0	16	90
8	6	26
1	5	69
1	5	69
5	6	26
3	15	91
1	8	91
0	5	91
2	5	91
5	12	25
0	19	91
0	-1	91
10	11	33
0	13	91
5	26	80
4	6	23
11	10	36
13	26	90
0	11	90
5	7	23
0	7	90
3	9	25
27	39	87
0	6	90
0	8	91
3	6	22
0	5	90
0	15	90
0	5	91
0	19	91
0	10	91
0	15	90
0	5	91
0	-1	90
1	9	90
4	10	91
0	6	90
3	10	89
2	9	90
3	14	91
0	9	90
0	3	91
0	9	91
0	10	91
0	16	91
0	14	91
0	13	89
0	14	91
0	5	90
0	13	91
0	10	90
0	7	90
1	14	90
0	10	90
0	11	91
3	11	91
2	16	91
0	2	20
5	9	25
1	4	20
2	6	22
1	2	22
6	9	26
6	10	27
0	17	91
0	7	90
0	10	91
0	10	90
0	10	90
0	9	91
2	7	25
4	7	25
1	3	20
10	14	34
8	9	34
9	10	31
0	8	90
0	9	90
0	8	90
0	11	91
0	8	90
0	8	90
0	7	91
0	7	91
0	7	91
0	5	90
0	8	90
0	7	90
0	12	90
0	4	90
0	10	91
0	9	88
6	8	25
6	8	28
1	2	23
0	11	90
0	12	86
0	8	91
0	14	91
3	7	24
9	13	33
0	12	90
0	11	91
0	7	91
0	11	91
0	9	91
0	6	91
0	9	91
2	5	24
0	14	91
0	16	90
0	2	77
0	9	91
3	7	23
0	15	91
0	10	91
0	9	90
0	11	79
0	10	91
0	16	90
1	11	90
0	6	91
0	8	91
0	12	91
12	14	48
4	7	24
6	9	26
1	10	90
0	13	89
3	5	22
7	9	26
14	20	54
0	0	91
0	0	91
0	10	91
0	10	91
0	6	91
14	15	39
0	6	32
0	13	90
0	-1	91
14	15	88
25	20	57
0	10	91
0	11	91
6	14	31
6	11	31
0	12	91
0	11	91
25	41	91
1	13	49
1	11	90
1	10	89
5	7	26
0	20	90
0	9	55
0	6	91
0	6	90
1	4	90
1	7	91
0	8	90
0	0	91
0	4	89
0	-1	91
9	10	29
0	9	91
7	7	27
10	10	33
11	13	33
8	13	31
9	9	30
8	11	33
9	10	32
9	9	28
8	8	30
8	30	90
0	2	91
7	9	30
0	19	90
0	12	90
26	27	89
1	9	91
5	11	27
5	10	25
0	16	91
0	16	90
0	9	90
0	9	89
0	22	91
0	8	91
0	6	91
0	9	90
0	12	90
0	11	89
5	7	26
11	11	38
0	3	90
0	13	90
0	12	91
0	9	91
0	11	90
1	13	90
0	11	86
0	10	90
0	3	43
0	9	73
2	7	73
8	11	26
7	19	36
4	5	22
0	13	90
0	4	90
0	9	91
1	11	91
0	9	91
0	9	90
0	7	91
0	6	90
0	6	90
0	6	91
0	7	91
5	20	90
5	20	90
0	3	90
4	9	25
2	8	91
2	2	22
2	8	91
1	12	91
3	10	91
3	3	44
0	10	90
0	16	91
0	7	91
0	11	91
0	5	91
1	26	91
6	10	31
21	40	91
21	45	87
3	3	22
3	3	22
0	9	90
1	22	89
4	8	24
0	9	91
7	8	32
20	23	49
0	7	88
2	5	22
6	9	91
10	10	90
0	10	90
0	12	90
1	1	21
0	12	91
0	13	91
15	15	41
0	10	91
1	8	91
10	15	31
10	11	40
0	13	91
0	8	90
0	7	90
27	33	90
27	31	89
18	22	64
2	8	23
23	29	91
2	11	91
3	9	91
7	8	26
0	10	91
0	9	91
3	7	25
1	13	74
2	14	74
31	33	75
1	10	91
1	11	90
0	6	88
0	2	90
0	0	91
10	11	36
2	14	91
2	7	90
0	4	90
0	1	20
1	6	91
1	6	91
1	12	90
1	11	91
1	12	91
2	7	90
3	6	24
0	11	91
11	13	39
1	-1	90
0	28	90
29	43	89
28	43	88
1	11	89
2	11	91
4	5	47
5	7	23
0	8	91
0	9	90
33	34	85
0	14	91
0	8	90
0	10	91
0	12	90
3	6	22
2	6	21
0	-1	91
0	11	91
0	15	90
0	10	91
0	4	91
0	16	91
2	7	90
0	8	91
3	5	24
2	5	21
2	8	91
0	11	90
0	15	91
2	9	91
0	7	91
0	4	90
2	4	22
11	16	42
4	7	23
0	15	90
0	12	91
6	44	91
3	5	32
32	29	83
7	8	28
0	6	91
6	6	26
0	11	89
0	11	90
7	11	43
2	5	29
0	8	50
0	1	35
0	16	91
0	6	90
14	17	90
2	6	22
1	-1	90
0	2	90
11	14	37
7	12	30
11	12	33
10	11	32
9	12	31
1	2	91
0	4	90
3	8	24
9	11	32
8	10	27
10	14	35
11	15	37
9	11	30
8	12	28
7	10	29
0	7	90
0	8	91
8	9	26
6	9	27
24	24	91
9	13	49
4	38	91
6	9	26
6	9	30
0	4	22
5	8	24
3	5	30
3	4	22
2	7	23
3	13	90
3	12	91
3	7	23
1	8	91
0	10	90
4	7	30
3	12	91
1	7	67
0	3	21
1	6	22
6	13	51
17	34	91
4	18	69
1	16	91
0	14	90
0	16	90
12	15	37
11	12	32
9	10	27
5	11	37
0	10	90
0	11	91
0	14	90
2	4	23
0	8	90
0	10	91
6	8	26
8	10	27
7	8	25
10	15	38
18	18	43
0	11	89
0	11	90
0	11	91
23	32	90
22	33	91
1	4	23
0	20	90
0	5	91
4	6	23
1	11	90
1	11	91
0	12	89
0	10	91
10	11	35
10	13	35
10	11	33
3	9	22
2	6	20
0	6	91
0	9	91
2	10	91
0	9	90
3	22	91
0	9	91
0	13	89
0	13	90
0	11	90
1	7	91
0	-1	91
1	12	91
4	8	30
8	15	28
3	7	21
4	10	28
0	17	90
0	10	91
2	-1	91
0	15	91
0	5	90
0	13	91
3	7	23
0	18	90
3	6	23
2	6	21
0	26	90
0	27	90
0	6	91
0	6	90
6	10	30
0	15	91
0	6	90
8	21	91
0	8	90
0	6	91
0	8	91
0	7	89
0	12	85
0	11	91
0	15	91
4	8	26
1	9	91
0	20	90
0	23	81
3	12	91
3	11	91
0	12	90
0	7	91
3	4	22
8	14	40
0	10	90
10	12	31
0	10	88
8	12	32
4	6	34
0	15	90
7	10	26
0	11	90
8	13	29
5	9	24
8	9	90
6	6	91
3	5	91
5	5	90
34	40	91
1	12	91
0	10	90
0	11	91
11	13	91
0	9	90
2	8	91
0	11	91
30	23	91
3	9	27
2	5	21
0	9	91
26	36	91
2	4	22
0	8	91
0	11	90
5	7	27
0	10	91
0	14	91
0	7	90
0	11	91
0	6	90
0	7	91
25	29	80
30	21	91
0	13	91
0	12	90
0	11	91
6	8	26
5	7	25
3	8	22
0	7	90
2	6	22
22	23	55
0	6	87
5	5	26
6	10	26
1	4	21
1	4	20
4	8	24
1	7	91
0	12	90
1	10	91
1	3	22
1	6	21
25	28	91
5	9	24
4	6	25
0	10	90
0	9	91
0	5	90
0	7	89
2	6	22
0	8	91
0	12	91
1	5	37
3	12	88
5	15	85
0	6	91
0	9	91
2	10	91
0	14	91
0	15	91
5	10	30
0	6	90
0	15	89
0	6	79
9	10	28
9	13	32
0	-1	91
1	13	90
2	4	25
8	11	27
8	11	29
0	8	91
5	9	25
7	10	31
0	6	91
0	8	91
0	13	91
0	12	90
0	6	90
0	17	91
0	11	91
1	-1	90
0	15	87
1	11	91
1	7	23
6	6	25
0	10	90
0	-1	90
2	-1	91
0	9	90
0	11	91
2	3	22
0	13	91
3	9	90
0	8	91
1	9	90
6	9	26
7	8	26
1	7	91
0	8	91
7	8	24
0	28	90
0	28	90
7	7	33
4	6	23
17	33	73
4	6	23
7	9	31
33	32	91
0	25	90
1	12	91
7	11	28
5	7	24
6	7	91
3	6	22
18	15	46
7	14	31
0	10	90
0	12	90
0	10	91
0	4	90
11	13	47
0	-1	90
7	10	32
0	6	91
0	7	91
0	7	88
0	8	90
1	3	21
1	31	90
1	29	90
2	8	34
7	10	26
9	-1	90
2	11	91
3	6	21
11	12	29
0	3	91
0	-1	80
14	18	42
2	4	20
5	8	22
4	8	24
2	7	21
9	12	38
8	11	36
3	8	21
3	8	22
3	8	21
0	7	70
3	9	27
3	13	91
1	11	91
0	4	90
0	15	90
0	32	91
12	12	90
28	33	91
29	34	91
29	33	89
0	10	91
0	14	90
8	11	32
9	10	28
8	13	31
1	3	89
0	15	90
0	15	90
0	13	90
4	11	30
0	5	91
0	8	91
0	13	91
0	13	90
6	12	26
3	9	90
2	7	90
5	2	37
4	2	34
0	10	91
0	12	91
8	11	33
5	10	27
8	9	30
3	11	91
0	22	91
0	2	20
0	6	90
7	8	26
0	13	88
6	15	30
4	13	91
3	7	22
0	11	91
0	7	90
0	7	89
1	8	89
1	12	90
0	17	91
5	7	24
11	11	38
8	11	31
0	14	89
0	10	91
5	5	26
3	25	91
28	37	91
11	14	34
9	15	32
5	6	22
6	9	27
3	9	21
24	39	91
0	11	91
0	15	89
0	10	91
0	2	66
5	11	27
1	15	91
33	31	91
32	30	88
29	28	85
30	28	88
0	12	91
0	8	91
6	8	27
5	8	24
27	38	91
5	7	22
11	14	36
13	14	36
0	10	91
5	8	25
6	18	91
4	12	91
0	31	91
3	8	24
0	10	91
0	8	91
0	10	91
8	14	29
6	10	28
2	5	22
5	9	26
6	11	28
0	3	91
8	11	31
1	2	30
4	10	25
1	9	91
8	15	37
0	7	82
0	8	90
0	13	91
0	9	91
7	11	24
7	10	25
10	11	37
3	6	23
0	15	90
3	6	24
5	9	26
4	7	24
3	5	23
0	16	88
0	11	90
1	6	91
7	10	28
0	10	90
7	11	31
0	10	90
0	11	91
0	7	90
18	22	61
15	21	56
2	11	91
0	3	90
0	4	85
3	8	25
5	10	26
5	12	28
3	8	26
0	8	91
4	7	25
0	10	91
0	7	91
0	12	90
0	12	90
0	12	90
0	5	91
16	21	91
6	9	26
0	6	90
3	5	25
19	24	59
8	13	31
7	11	29
10	19	43
11	16	40
10	11	33
12	-1	40
10	14	36
11	15	41
10	16	34
13	13	35
10	12	32
9	13	29
12	14	37
9	10	28
11	14	37
9	13	34
10	14	35
6	29	89
0	9	90
0	-1	91
11	16	32
0	11	90
0	11	91
6	11	28
0	12	90
0	6	91
0	13	91
0	11	91
1	6	31
1	4	20
5	7	25
0	6	91
0	7	91
0	5	91
1	13	91
8	11	33
4	11	26
6	8	26
4	9	24
4	8	21
0	-1	90
0	14	90
1	8	91
3	11	91
0	6	90
0	9	90
0	11	90
0	15	88
0	11	85
8	15	30
9	12	28
2	11	91
9	11	29
7	9	31
7	9	26
7	10	27
0	4	91
6	9	23
0	12	91
5	10	26
0	15	91
0	-1	91
4	5	24
3	15	91
3	8	34
5	11	34
0	7	91
1	5	90
0	6	91
6	8	25
6	7	24
2	6	21
5	8	24
3	6	52
1	11	91
2	5	21
4	7	21
6	11	27
0	26	90
1	3	21
1	4	20
0	10	90
0	3	91
24	55	91
26	56	88
28	56	91
28	56	91
24	54	89
20	46	76
29	56	91
24	54	91
29	54	90
25	51	84
0	13	91
0	19	91
0	17	90
1	12	91
0	9	91
0	9	90
3	14	91
2	15	91
2	5	22
5	12	87
5	19	91
2	11	91
4	9	90
2	5	20
0	14	90
0	15	90
4	7	22
0	3	91
7	21	91
0	11	89
0	13	91
7	11	33
4	7	22
0	8	91
5	7	22
0	29	90
2	8	23
2	1	26
0	13	91
0	10	91
0	8	88
1	3	30
0	-1	91
18	15	54
0	9	90
0	-1	91
7	13	29
0	7	91
1	5	91
3	15	91
3	14	90
3	10	91
1	11	91
0	11	90
0	12	91
2	6	22
3	4	27
0	7	90
3	13	91
0	7	90
2	9	91
4	8	23
0	24	90
0	9	91
0	9	91
8	13	32
2	14	91
1	10	89
3	6	22
0	13	91
0	12	91
40	-1	91
0	7	91
23	39	86
0	8	90
6	14	30
5	11	26
0	7	91
1	7	90
24	40	91
1	13	90
0	7	91
0	10	90
1	11	91
13	13	91
2	6	20
15	17	42
6	7	32
4	9	25
4	8	25
8	12	29
3	11	91
3	10	91
4	7	23
0	9	87
0	6	90
3	7	21
0	4	29
2	4	22
3	4	23
2	6	21
0	7	91
0	7	91
6	7	24
1	3	91
8	8	31
0	10	90
0	8	90
2	31	91
3	5	23
0	3	36
0	8	90
0	6	37
3	5	21
3	10	90
0	1	91
1	3	23
0	1	91
0	11	91
13	16	47
15	15	48
15	17	51
29	30	90
26	29	91
17	20	60
14	16	51
0	12	91
0	12	90
0	12	91
0	10	90
1	8	90
4	13	90
4	5	25
3	4	21
6	9	24
8	13	30
6	8	28
7	9	27
6	7	26
7	11	31
3	5	21
2	6	22
0	20	91
0	19	90
38	30	89
0	10	91
0	19	91
2	4	20
0	10	90
2	15	91
0	8	91
0	9	91
11	11	34
3	10	90
0	8	90
25	33	90
30	33	91
30	33	90
29	33	90
22	24	67
29	36	91
29	35	89
27	34	90
1	4	22
2	9	91
0	5	91
2	13	91
4	8	30
3	8	26
20	37	89
8	9	24
8	11	25
3	7	25
26	31	90
24	30	91
5	8	24
2	-1	91
0	14	91
0	8	91
10	17	36
11	19	40
2	5	21
2	6	22
0	6	90
1	13	90
19	23	60
0	11	91
0	8	90
1	7	90
5	8	25
4	8	32
4	10	91
1	11	90
2	10	91
4	6	23
1	33	88
1	5	22
7	13	38
12	17	48
10	12	32
5	9	25
5	8	25
7	9	30
6	9	24
6	10	29
17	22	53
0	5	90
0	9	91
0	13	91
0	14	90
0	6	28
0	2	90
1	15	91
6	12	91
3	12	88
4	11	91
9	9	29
0	11	91
0	4	91
0	10	90
4	10	36
22	40	91
0	7	90
0	9	91
1	13	91
0	5	89
6	9	30
2	4	22
0	9	91
1	7	22
6	10	26
0	11	90
0	14	91
8	13	30
0	7	88
8	17	41
7	13	28
3	5	21
0	12	90
0	11	90
3	9	25
3	9	26
0	13	91
0	11	91
4	8	25
1	6	91
14	18	43
14	16	43
0	5	21
4	8	25
6	7	25
0	12	91
0	7	90
6	8	24
0	10	91
23	23	90
9	16	32
0	8	91
18	18	58
1	4	22
0	10	91
0	14	90
0	16	90
0	15	91
0	14	89
0	13	79
0	5	90
0	7	91
0	-1	91
0	11	90
0	19	91
0	13	91
0	9	90
0	10	91
24	40	91
22	42	90
0	8	87
2	6	21
0	6	90
2	5	22
3	6	22
13	29	91
8	10	32
6	8	25
5	9	23
6	10	29
1	12	91
2	16	91
0	4	91
0	18	90
4	7	25
2	7	23
4	8	23
0	8	90
0	10	90
0	11	91
2	9	23
1	9	91
1	10	91
7	9	30
0	7	90
0	9	90
0	21	91
0	10	91
6	14	31
3	16	91
2	10	90
2	7	68
1	6	68
8	12	31
7	10	31
1	16	90
0	10	90
2	6	22
0	8	91
2	12	90
2	7	90
3	8	27
9	12	33
7	10	31
0	5	90
2	10	91
2	11	89
2	11	90
6	7	23
2	5	23
0	9	91
0	9	91
0	9	91
7	11	29
2	4	29
4	6	25
7	10	30
2	9	22
3	6	23
7	9	25
0	9	90
2	15	89
0	13	89
1	3	22
7	11	26
0	8	91
0	7	91
0	1	72
0	1	89
0	1	83
0	10	90
6	8	24
0	4	21
6	8	24
1	11	91
1	8	91
0	16	88
0	5	90
0	6	91
1	13	91
0	11	90
2	5	22
2	6	91
1	7	90
0	13	91
0	6	91
2	7	21
0	9	90
0	10	89
0	12	90
17	17	40
16	17	40
9	12	68
4	21	91
1	31	91
1	18	91
0	6	90
3	4	24
0	14	91
26	26	90
0	17	90
0	8	90
2	7	21
11	11	31
1	6	91
0	4	91
0	11	90
5	4	27
0	12	91
0	-1	91
0	8	69
20	36	90
7	8	25
5	10	26
0	3	91
1	11	91
22	40	91
5	6	32
0	1	63
0	9	91
3	14	90
3	15	91
5	6	25
0	-1	91
1	-1	91
6	6	25
29	29	90
3	7	21
4	8	23
1	9	91
3	6	21
1	16	83
3	6	20
8	8	29
6	6	28
0	13	90
0	10	84
2	5	22
1	6	21
9	11	91
0	7	91
0	10	90
0	13	90
6	10	25
2	5	22
1	1	90
0	6	90
0	8	90
10	10	33
13	12	37
13	13	40
9	11	33
10	10	32
10	12	32
5	9	31
3	6	21
3	7	21
0	25	90
1	25	90
4	2	46
8	15	34
38	40	90
3	7	24
3	5	22
3	8	25
0	12	90
0	9	91
5	10	27
3	9	24
2	26	91
0	25	90
0	1	91
15	17	91
13	13	74
3	6	23
0	7	91
9	12	33
7	9	30
0	9	91
0	10	91
0	12	91
0	10	90
0	29	91
15	14	89
5	7	23
4	5	23
2	14	91
0	13	91
2	5	91
1	15	90
2	24	90
0	21	90
0	22	90
5	9	26
5	9	22
6	8	24
8	10	36
0	12	91
0	11	91
0	9	91
0	12	91
0	12	91
0	0	90
0	6	91
0	10	91
10	16	33
0	12	89
6	11	30
0	8	90
0	7	91
6	10	29
3	4	25
8	12	32
5	5	24
0	9	91
3	5	22
0	10	90
1	22	91
0	6	91
0	14	91
28	39	89
0	8	91
10	9	34
0	20	91
6	11	31
7	8	25
0	-1	89
0	4	89
0	5	90
0	8	91
0	5	91
0	6	89
0	7	91
0	-1	91
0	9	91
8	15	43
0	11	91
4	8	28
0	19	91
0	9	91
26	38	90
0	13	90
40	35	88
0	10	91
7	6	90
1	14	88
37	38	91
6	9	26
24	28	91
24	29	91
0	14	90
1	7	91
5	8	26
4	8	27
0	23	91
0	0	91
0	1	91
0	1	90
0	1	90
0	1	88
0	1	90
2	12	90
4	6	91
3	11	88
1	6	90
29	34	91
0	5	91
2	5	91
1	9	91
0	12	90
0	-1	90
0	-1	85
6	6	26
4	8	22
7	10	24
4	5	24
0	6	91
15	14	51
0	13	90
0	6	91
0	10	90
3	4	22
0	9	91
0	7	90
0	16	91
0	11	91
3	7	22
3	11	90
6	13	26
2	11	87
2	12	90
0	7	91
0	6	90
0	14	91
0	13	90
6	10	26
2	7	91
2	4	22
7	8	25
4	7	24
8	10	32
7	11	31
5	8	25
5	9	29
6	8	26
6	10	26
6	8	25
1	6	90
11	9	33
12	8	33
6	7	23
2	4	22
6	8	25
3	10	23
6	10	26
0	11	83
4	10	91
23	34	91
21	37	89
1	11	90
1	10	91
2	5	23
0	10	90
2	9	90
0	11	91
1	5	21
3	5	22
0	19	91
5	9	24
0	8	89
0	6	90
3	13	90
5	14	91
2	8	22
1	20	90
7	9	30
7	8	30
3	4	22
2	11	91
2	7	91
7	10	25
0	1	91
0	1	90
0	8	91
10	-1	91
0	10	91
2	7	21
8	9	32
2	22	90
1	15	90
0	8	90
27	35	91
23	34	90
26	33	91
0	21	91
3	11	50
5	4	26
11	12	34
4	9	21
3	8	23
3	7	21
0	11	91
0	11	90
4	6	28
6	7	26
3	16	89
0	6	90
0	11	91
0	11	90
7	12	27
0	7	88
2	5	22
7	10	28
0	28	91
0	26	91
5	8	24
10	16	35
10	15	33
5	6	26
4	7	23
0	8	90
5	10	26
9	13	30
9	11	28
5	13	90
4	13	91
5	8	23
28	29	90
24	28	90
26	29	90
1	11	91
0	14	91
0	7	91
0	4	89
7	9	27
2	41	91
4	8	22
3	6	23
0	7	91
0	13	90
0	9	91
0	8	91
0	4	90
0	5	90
27	33	91
27	33	88
27	32	91
4	30	90
3	8	24
2	14	90
2	14	91
7	3	35
4	8	25
7	12	42
14	22	54
13	18	52
3	4	28
7	9	26
0	34	91
4	8	25
0	12	90
0	11	91
0	-1	90
0	10	90
1	3	21
9	9	29
3	4	35
5	7	23
1	4	21
0	11	91
1	7	91
5	8	28
0	4	20
11	13	34
0	12	91
1	5	90
1	10	87
1	12	91
4	9	23
5	24	90
1	10	91
1	4	23
3	19	88
1	14	90
0	19	90
0	9	91
0	11	91
0	13	91
0	14	91
1	13	90
1	14	90
0	14	91
0	12	91
0	14	90
0	22	90
1	17	90
0	14	90
0	14	91
0	14	90
0	14	91
0	14	91
1	14	91
0	14	90
0	14	90
1	13	91
0	14	90
0	14	91
2	12	90
0	15	91
0	13	90
0	14	91
0	14	91
0	13	90
0	13	90
0	15	91
0	11	91
29	34	69
0	2	91
2	3	23
2	13	90
4	10	31
3	9	24
0	5	91
0	3	91
8	12	31
2	5	22
0	6	90
0	9	90
0	12	91
5	6	24
6	8	23
3	8	90
0	9	90
0	13	91
0	13	90
0	7	91
0	8	89
0	8	90
6	7	25
3	8	22
5	8	25
2	35	90
0	4	26
3	7	22
3	9	91
5	10	26
2	11	91
1	5	20
8	12	31
14	18	52
3	5	22
4	5	23
29	40	91
1	3	24
5	9	25
7	10	31
4	8	27
0	-1	90
0	10	91
0	4	90
0	8	82
2	6	22
0	11	91
0	11	90
0	10	91
0	20	90
0	10	91
0	9	90
7	9	25
3	7	90
0	13	90
0	8	91
0	25	91
6	6	32
7	7	33
4	6	26
0	26	90
4	7	22
1	29	91
4	13	91
3	5	21
9	9	91
5	7	27
4	6	24
5	6	25
5	8	28
4	6	26
4	7	25
4	8	22
20	38	91
20	36	87
5	8	24
1	33	91
22	41	91
0	10	90
0	5	90
0	7	90
0	3	21
2	4	21
0	11	90
0	13	91
24	26	70
1	37	91
6	7	24
0	6	91
0	5	91
2	9	23
3	4	25
0	11	90
0	12	90
0	13	91
13	12	90
1	12	91
0	-1	90
0	7	91
0	5	90
1	10	89
0	-1	90
1	11	91
3	8	90
2	9	91
0	11	91
0	10	91
7	17	90
2	7	90
5	7	25
0	22	91
0	12	77
0	13	90
2	5	26
0	19	91
0	12	87
0	13	91
1	17	89
3	7	25
4	7	24
4	7	23
3	8	24
7	10	32
6	11	32
8	12	34
0	4	71
0	4	63
0	-1	90
0	-1	90
6	7	24
0	14	91
0	16	91
5	13	90
0	10	89
0	11	91
1	9	91
1	-1	91
0	13	90
0	8	91
3	11	89
3	13	90
3	-1	72
2	-1	51
30	31	90
0	4	88
0	13	90
0	10	90
0	12	90
3	8	21
3	12	27
7	10	31
3	4	20
32	39	91
3	10	91
0	13	89
8	10	30
5	7	25
2	11	91
4	11	91
1	21	91
0	6	90
5	7	24
6	8	27
0	10	91
0	11	90
1	11	90
7	8	30
3	5	21
0	3	90
0	12	91
0	13	91
0	19	91
1	11	90
1	12	87
1	3	21
3	30	91
3	7	25
6	9	26
1	7	22
0	19	89
34	28	91
6	7	25
1	3	90
4	9	23
3	7	22
5	9	25
9	14	37
3	5	23
0	5	91
3	8	34
28	29	91
29	30	91
29	29	91
4	8	31
10	9	30
3	5	23
9	10	34
6	12	31
14	21	48
5	8	24
1	11	91
0	6	91
6	10	27
3	9	91
3	8	90
0	4	90
2	9	91
3	13	91
0	6	90
0	11	91
2	8	24
3	9	91
1	10	91
0	12	90
0	15	91
0	7	90
0	7	90
5	8	23
3	6	24
3	8	23
3	9	25
4	10	26
0	14	91
0	9	91
0	9	91
0	9	90
0	5	58
0	7	91
0	15	90
0	9	90
28	30	90
25	30	91
0	25	90
2	6	91
24	25	91
2	8	91
1	4	20
0	-1	91
0	15	90
0	13	90
0	15	90
7	9	26
3	31	91
11	14	39
2	11	90
9	12	27
2	5	20
3	4	20
0	10	91
0	14	90
1	15	91
0	8	90
4	8	22
0	12	91
0	6	91
31	38	91
9	12	33
0	10	73
0	8	73
0	14	91
5	9	26
5	7	25
1	5	20
38	29	89
0	11	91
1	14	90
0	11	91
0	9	90
4	7	22
5	12	27
6	9	30
6	8	26
0	12	91
4	15	90
7	13	34
6	11	31
6	10	32
0	10	90
0	9	91
5	9	26
0	12	91
5	7	31
0	13	91
2	7	22
0	12	90
0	11	90
0	8	90
0	8	90
0	17	90
0	9	90
0	7	91
0	13	91
9	9	30
9	9	27
0	12	91
0	10	91
22	28	90
0	12	90
7	11	28
5	8	31
8	9	35
2	11	91
0	13	91
0	6	90
0	1	89
4	7	24
1	7	91
5	10	29
0	11	90
27	40	91
28	38	89
29	40	91
4	10	90
3	12	90
7	8	27
3	10	91
3	6	28
4	8	25
0	10	91
0	7	90
2	7	21
0	8	90
0	9	90
0	5	90
7	12	30
6	14	91
6	12	33
12	13	34
6	8	24
12	14	34
35	40	91
1	9	90
0	11	91
0	4	20
0	11	91
0	-1	91
0	9	89
2	5	23
10	14	36
6	8	24
6	7	26
2	7	23
2	6	21
5	7	25
3	7	22
6	6	25
0	8	91
0	7	90
0	7	90
7	15	31
3	8	26
4	9	26
4	8	22
4	8	26
5	8	25
4	7	25
7	8	29
4	9	26
4	10	25
1	4	90
3	15	90
0	6	90
22	-1	69
5	8	22
6	10	31
7	6	26
10	13	31
0	8	91
0	10	91
6	9	26
16	26	62
6	11	29
2	4	22
6	7	26
7	8	26
10	11	34
3	6	25
6	10	27
3	7	21
3	6	23
0	16	90
0	9	90
0	10	90
0	12	91
0	9	91
0	10	91
0	16	90
0	3	21
7	12	30
3	4	20
7	11	27
8	10	28
0	24	91
12	13	41
0	15	91
8	12	31
1	9	89
8	13	91
0	9	90
0	10	91
3	9	24
0	9	91
0	11	91
0	12	90
0	4	90
22	22	91
2	4	21
13	23	91
1	14	91
0	12	90
0	9	91
6	6	30
2	6	23
14	17	47
2	8	90
0	8	91
0	6	91
0	10	89
0	7	91
0	9	90
0	7	90
23	30	91
4	6	25
1	19	91
4	6	22
0	14	90
0	11	91
0	12	91
5	7	31
7	10	27
0	11	90
0	11	71
0	5	91
3	5	23
7	10	27
1	5	26
10	11	29
5	9	23
14	14	43
0	2	91
1	5	26
7	11	33
5	9	28
2	11	91
0	12	91
0	1	76
0	10	90
0	10	90
0	9	90
8	15	32
0	26	91
0	20	90
3	6	24
5	26	87
5	8	45
4	8	41
4	7	24
4	6	24
0	5	91
2	6	22
26	32	90
26	30	91
26	30	90
5	8	23
6	8	29
1	7	89
0	6	90
0	16	90
0	10	90
2	11	91
2	11	91
4	6	24
5	6	23
6	10	27
16	22	45
3	4	26
23	36	90
0	13	91
6	8	26
0	14	91
0	12	90
29	34	71
1	10	91
0	4	91
0	7	91
4	5	26
1	9	90
0	8	90
1	9	90
1	22	90
5	9	27
1	-1	90
0	5	30
0	8	91
0	5	91
6	9	24
3	6	23
1	3	22
4	8	33
1	2	40
1	11	90
3	9	91
7	9	30
6	7	25
7	8	25
7	8	25
1	24	90
2	12	91
0	11	91
4	10	26
7	10	36
0	9	91
0	7	90
0	8	90
1	13	91
0	12	91
5	30	90
0	14	91
0	15	91
5	41	90
6	8	26
5	9	26
4	6	34
0	8	90
3	9	41
0	8	90
2	12	91
2	5	31
0	12	91
4	8	31
0	4	91
0	1	62
3	8	25
3	7	22
26	25	91
0	11	90
0	5	91
0	3	91
2	23	86
0	8	90
1	12	91
4	8	90
3	7	22
1	22	87
0	12	91
0	12	90
0	16	90
0	3	91
28	41	90
5	7	25
4	8	27
0	29	91
4	9	27
3	7	24
0	25	90
1	12	90
0	8	91
3	7	22
3	5	21
3	7	23
0	6	90
0	-1	90
0	4	91
9	11	30
21	24	55
3	10	23
5	7	24
5	7	24
11	13	33
3	6	24
0	8	88
0	5	90
3	7	25
0	9	91
0	10	90
0	14	90
0	12	87
0	9	91
5	8	24
0	11	91
2	9	91
12	13	38
8	12	31
9	14	91
0	15	90
0	13	91
6	9	25
0	11	91
0	13	90
0	4	91
0	10	89
0	11	90
0	9	91
0	18	91
0	12	91
0	24	90
0	18	91
0	13	91
0	16	91
0	10	91
0	14	90
9	8	29
0	9	91
0	10	91
0	12	90
0	18	91
4	9	25
3	5	32
3	7	22
5	7	23
5	7	25
24	25	88
3	6	21
0	9	91
0	10	91
0	8	91
0	16	90
25	-1	83
1	9	91
1	9	90
10	16	40
1	10	91
0	12	91
0	14	90
14	17	50
8	13	40
13	14	45
29	27	90
23	27	91
25	30	91
27	28	91
19	29	91
26	26	91
27	25	90
23	26	86
23	28	91
9	11	28
14	23	58
28	28	91
17	15	62
10	14	29
1	4	21
8	11	31
9	14	34
0	4	91
0	5	90
2	20	90
0	3	22
0	8	90
8	12	30
8	12	30
7	11	26
6	12	27
1	9	89
0	9	91
0	8	91
0	9	90
1	9	91
0	11	91
16	17	58
0	13	91
0	10	90
34	36	76
31	39	90
0	7	90
1	10	91
2	6	21
7	5	91
3	7	23
0	3	25
9	9	26
1	8	21
1	4	22
1	2	91
16	16	60
10	13	32
12	13	34
9	11	31
8	13	32
7	12	33
8	12	31
8	12	29
8	10	27
7	11	31
3	9	91
0	15	90
3	14	90
4	12	90
0	11	90
0	12	90
0	21	64
0	21	66
4	7	28
0	9	90
0	-1	80
3	10	90
3	6	90
3	8	22
2	6	90
0	6	90
0	7	90
0	12	91
0	17	90
0	1	36
3	9	25
6	12	27
9	13	28
0	7	91
0	5	91
0	12	90
0	6	90
0	5	91
0	16	91
0	18	90
0	9	91
0	14	91
8	7	25
9	10	31
3	5	22
4	5	25
0	18	90
10	15	34
0	14	90
0	12	90
1	5	23
0	10	91
0	16	90
0	4	91
0	9	91
0	15	90
0	7	91
0	8	91
0	8	91
0	11	91
5	8	24
3	3	90
5	8	24
0	11	91
0	6	91
0	7	91
2	4	21
3	7	22
0	5	89
1	8	91
0	6	91
0	6	91
6	7	24
0	12	91
1	10	91
0	14	90
2	6	23
12	14	46
5	6	23
0	19	91
0	19	91
0	8	91
4	10	26
1	5	20
0	4	91
1	6	89
0	9	91
1	12	91
0	12	90
0	9	90
0	14	90
2	5	26
3	10	91
1	11	91
0	9	89
14	22	49
14	22	51
0	0	20
0	17	90
13	19	45
5	28	91
0	5	89
3	11	90
4	7	91
4	8	91
0	13	90
2	8	22
2	11	84
2	4	21
24	38	90
5	5	25
6	12	33
1	4	21
0	9	91
0	12	91
3	5	23
8	15	29
11	14	35
27	28	91
27	29	91
26	27	88
31	-1	91
0	19	90
0	9	90
0	6	91
0	7	89
0	8	91
23	24	91
2	5	21
16	22	56
16	23	67
0	10	91
2	25	90
0	12	91
8	11	27
7	12	29
7	12	30
20	33	91
0	9	90
0	7	89
0	33	90
14	12	38
6	9	33
0	8	90
0	9	91
1	37	91
1	4	20
4	6	23
4	7	25
3	8	91
3	13	90
0	-1	60
0	10	91
7	9	28
1	11	91
0	27	91
5	6	23
2	5	22
5	9	30
7	9	25
4	8	24
0	10	90
6	10	28
0	10	91
0	11	91
8	14	33
0	25	90
6	7	25
5	8	26
0	10	90
1	13	90
3	2	31
8	11	30
7	10	28
0	11	91
0	13	91
0	17	90
0	9	90
0	9	89
4	9	24
3	7	25
2	6	23
9	10	27
0	-1	91
4	28	91
3	26	91
1	4	25
1	4	22
0	10	90
0	12	89
0	16	91
0	10	91
0	6	22
0	3	20
8	9	34
0	27	91
6	11	32
5	6	28
0	17	91
0	14	90
2	5	23
0	17	90
0	11	91
1	9	90
0	14	91
0	3	89
0	11	91
0	14	90
0	14	90
0	13	91
5	13	89
0	4	91
0	6	91
0	7	90
0	15	91
2	5	29
10	10	36
9	12	36
3	8	26
0	9	91
0	9	91
5	8	26
9	9	91
0	13	88
0	18	90
6	10	31
5	9	26
6	8	24
0	25	90
3	7	22
0	12	91
5	8	25
0	10	90
0	11	91
6	8	25
5	9	26
12	17	50
1	4	90
0	15	90
0	13	91
0	12	91
2	14	91
0	18	88
24	23	68
7	7	91
3	6	23
0	9	90
0	8	91
4	7	22
0	-1	90
0	12	88
8	11	29
0	12	90
9	10	29
28	35	90
28	35	90
15	-1	54
10	52	89
2	6	22
5	5	23
5	7	26
10	15	39
0	10	91
20	37	90
0	8	90
0	13	91
0	16	91
0	4	91
0	1	90
1	2	91
4	14	91
2	12	91
0	19	90
0	14	67
5	10	24
1	4	22
2	4	21
30	30	90
6	9	28
19	-1	91
0	8	91
2	12	89
0	7	22
8	11	27
1	-1	91
0	9	91
0	8	90
0	13	91
0	14	91
2	12	90
7	14	36
12	9	40
1	8	21
1	7	21
3	9	23
3	7	25
9	10	31
32	26	91
1	7	90
2	13	91
0	16	91
0	13	90
0	6	91
0	11	91
5	9	27
0	11	91
0	14	90
0	-1	90
0	8	91
0	8	90
0	18	90
34	28	91
2	12	91
2	11	91
4	-1	91
0	16	90
0	10	90
6	12	33
4	7	30
0	5	49
0	14	91
0	7	91
7	7	25
0	12	91
8	8	28
7	12	32
3	6	24
1	-1	89
3	11	90
4	10	26
7	11	26
1	3	22
5	9	26
4	8	25
4	7	25
1	5	22
8	22	32
2	3	23
6	12	28
2	7	20
7	11	32
31	37	88
3	9	24
5	7	23
5	7	24
6	14	50
8	9	29
27	30	90
0	10	91
0	13	91
0	14	90
0	10	90
1	-1	90
4	6	22
2	4	22
10	14	33
11	16	34
0	34	91
0	7	91
4	4	26
0	7	90
3	16	91
3	14	90
0	9	89
0	7	90
6	9	25
6	11	31
8	14	31
1	8	91
1	10	90
3	10	91
0	10	91
0	2	31
20	24	58
0	12	90
0	7	90
4	6	24
18	43	91
8	9	91
1	19	90
0	11	91
2	7	22
0	13	91
0	12	89
0	10	90
5	7	23
0	6	90
4	5	23
0	12	90
0	7	91
0	13	90
0	11	91
2	6	25
0	14	91
27	26	82
6	6	23
7	10	29
12	12	35
9	12	33
8	9	28
7	8	26
0	-1	68
2	7	25
0	4	91
9	12	31
7	9	26
0	13	91
1	3	20
0	3	21
9	20	42
0	2	91
1	4	91
0	10	91
4	7	21
1	10	90
26	27	70
0	10	91
0	12	91
2	6	26
5	7	24
15	31	59
0	11	91
43	43	91
4	7	24
7	12	30
3	7	24
6	7	25
8	10	25
7	12	27
7	11	31
8	10	35
2	4	21
0	8	91
0	12	90
0	13	91
2	7	22
7	15	34
8	13	32
0	12	90
5	9	30
3	39	91
5	38	91
5	37	91
7	37	91
0	7	90
6	10	27
6	10	25
6	10	25
6	11	30
7	9	28
10	10	31
11	15	35
10	12	37
8	11	29
7	12	31
6	10	25
8	9	27
5	10	29
7	8	30
0	10	91
0	15	91
0	9	91
5	6	24
0	-1	90
9	12	31
4	7	24
22	32	90
6	10	28
8	13	30
25	34	91
0	7	90
0	11	91
0	10	90
26	20	64
26	20	64
22	19	59
23	17	55
0	6	90
0	5	90
1	-1	90
0	12	91
0	15	90
0	15	91
7	11	31
3	3	21
17	18	49
7	8	29
2	5	22
1	7	91
0	9	91
5	-1	91
7	-1	91
24	25	59
21	25	67
8	10	27
0	6	91
0	8	91
10	15	29
0	14	60
9	9	32
9	9	30
7	8	29
7	10	31
7	8	26
0	10	90
3	7	24
3	8	30
6	9	37
5	8	30
5	11	36
6	9	31
6	8	35
5	10	34
3	4	23
0	-1	90
0	9	91
5	9	24
1	5	20
2	8	22
6	9	27
6	10	26
5	13	27
0	11	90
2	8	24
5	38	90
5	4	25
6	8	25
4	8	30
3	7	24
10	12	31
26	51	91
9	10	28
7	10	29
0	5	87
0	5	91
10	11	34
1	6	90
4	7	22
7	9	24
0	14	90
0	11	91
4	10	26
4	8	23
4	8	24
4	11	26
4	10	25
4	6	23
0	8	91
0	12	91
0	4	22
0	7	82
0	-1	82
5	8	24
8	8	33
1	36	90
4	7	26
0	12	91
1	11	91
3	5	21
0	8	91
2	7	24
5	9	27
11	13	72
21	30	91
17	16	91
14	15	83
9	10	63
0	10	90
0	14	87
27	37	88
0	9	91
4	8	26
12	10	43
7	8	31
8	8	33
8	10	35
8	9	30
6	8	32
8	10	34
12	12	38
8	10	33
8	10	29
11	12	36
14	14	43
7	11	32
8	10	33
13	13	39
12	12	35
11	11	36
11	12	37
3	5	24
1	7	21
9	10	31
0	8	91
3	11	91
4	6	22
2	5	22
0	19	90
0	12	90
0	7	90
5	24	91
3	6	25
2	9	22
0	5	91
0	4	91
7	12	30
3	10	26
3	9	25
4	9	24
4	8	21
1	6	91
0	8	91
2	9	22
7	9	26
7	8	26
6	8	25
7	11	27
5	12	25
0	13	91
0	14	90
0	4	91
0	5	91
2	21	88
2	26	91
4	8	23
24	15	71
0	1	88
5	40	91
27	29	90
27	29	91
26	30	90
8	11	32
7	14	31
2	16	91
1	11	91
0	4	91
0	6	91
2	7	23
1	11	90
3	6	27
0	10	91
0	12	89
0	11	90
6	9	24
10	11	28
5	7	22
7	12	30
6	8	23
4	8	23
3	7	20
13	20	45
10	13	43
0	7	90
20	39	91
5	9	26
0	9	89
20	41	91
3	10	24
0	5	91
3	11	90
6	8	31
4	8	27
3	8	22
4	7	25
4	8	25
3	6	22
5	8	24
0	13	91
0	11	91
6	8	26
7	11	28
5	9	33
7	8	26
0	11	90
2	5	22
2	14	90
3	11	91
2	13	91
0	8	91
0	7	90
5	6	23
0	15	91
1	9	91
3	6	23
3	7	23
3	7	23
12	12	82
25	28	91
10	11	89
13	13	39
6	8	26
6	9	30
2	6	22
12	20	52
0	15	91
0	7	90
5	8	24
6	11	91
1	9	91
0	31	90
0	-1	90
0	31	90
4	9	23
2	7	24
3	8	25
0	31	90
26	44	91
27	43	91
24	35	91
1	10	91
4	11	91
14	16	39
10	11	34
4	7	24
0	29	90
0	7	91
0	9	91
3	8	28
3	10	24
19	24	91
5	8	23
8	12	32
7	8	27
0	9	89
0	6	90
32	-1	90
3	9	23
0	12	91
1	13	91
16	-1	40
0	14	90
4	12	28
5	8	31
1	4	21
5	7	25
10	10	42
7	15	30
19	20	59
24	34	91
0	11	91
19	33	71
19	19	58
0	7	90
0	15	91
1	7	22
2	16	90
32	25	91
0	11	91
0	8	91
4	6	21
3	7	22
6	9	26
7	9	28
10	15	35
9	14	36
11	13	36
0	9	91
0	7	90
2	22	90
5	10	25
3	7	24
2	7	23
0	14	91
0	8	91
11	13	42
6	7	26
8	11	33
0	9	91
4	9	24
5	10	25
5	11	26
0	2	90
0	5	91
0	7	91
10	12	34
0	8	90
0	11	91
0	10	91
6	10	27
0	12	89
0	10	90
0	-1	89
0	12	91
22	25	74
19	23	68
29	30	91
25	25	79
30	30	90
27	29	90
29	29	89
26	29	91
30	30	90
21	21	65
23	23	70
15	16	50
1	5	23
3	9	22
0	11	91
0	12	91
1	13	90
0	9	91
0	11	90
2	10	91
0	12	91
0	9	90
1	10	91
24	28	84
5	8	27
6	8	24
7	13	31
7	10	32
12	13	39
0	0	39
5	8	27
0	9	90
0	9	90
0	9	90
0	22	91
6	16	90
5	8	24
2	3	21
4	7	22
0	10	91
0	8	90
1	15	90
5	13	30
0	16	90
14	17	39
0	11	90
0	15	90
4	8	23
10	13	34
10	11	33
0	13	91
0	21	91
0	21	90
0	4	34
11	15	36
7	13	36
3	7	24
3	7	22
0	11	91
0	8	91
5	6	27
0	6	88
0	8	91
0	10	90
0	11	91
3	6	34
0	12	91
0	-1	91
15	31	52
15	32	53
16	31	54
12	23	42
13	26	45
11	19	35
5	11	30
24	33	91
5	11	33
2	40	91
4	10	26
3	5	24
9	12	30
9	12	32
7	12	31
6	8	24
3	10	91
9	17	31
6	9	24
8	14	36
0	4	21
4	11	30
1	4	23
0	8	47
0	3	91
4	7	24
2	4	21
7	12	32
5	9	33
0	5	91
1	8	23
1	9	22
0	10	88
0	11	90
0	8	91
0	13	91
5	10	29
0	11	91
0	4	63
0	8	91
4	10	27
0	12	91
6	9	26
2	25	91
9	8	31
27	23	88
6	11	31
0	9	90
7	10	31
5	7	24
5	8	25
7	9	29
7	6	26
1	6	22
2	6	22
0	13	90
2	6	21
5	9	24
22	28	91
0	12	90
0	-1	89
9	11	29
6	10	25
7	7	28
6	11	91
1	2	67
0	8	91
11	13	55
4	6	22
2	7	23
8	9	27
0	3	90
5	9	27
6	9	26
6	11	28
6	11	29
0	14	91
0	14	91
6	11	27
3	4	29
7	12	26
5	10	25
4	12	27
5	11	30
4	10	26
2	6	22
2	7	48
0	-1	90
0	30	91
7	11	32
0	7	90
0	8	90
3	8	24
11	15	37
12	12	37
11	12	35
9	11	33
8	11	32
8	10	32
5	11	29
0	14	91
0	8	91
0	9	90
8	9	27
4	13	31
3	6	23
0	11	90
0	8	90
0	10	91
1	5	20
2	8	23
2	7	22
2	7	20
23	34	90
5	9	24
5	9	24
0	7	88
0	9	91
2	6	22
2	5	33
5	8	24
6	9	27
6	9	26
0	9	91
0	11	90
5	7	24
3	6	23
3	5	24
10	15	34
4	5	23
3	18	91
3	18	91
4	18	91
3	11	91
3	15	91
6	10	32
12	13	41
12	16	38
12	14	38
12	14	38
12	15	35
12	14	35
12	15	34
3	7	22
2	6	21
7	11	27
4	12	24
0	4	40
0	9	91
0	9	90
0	3	22
27	54	90
6	12	26
24	37	90
24	45	90
40	23	91
20	36	90
5	8	23
0	10	91
0	39	90
8	14	30
4	41	91
4	9	26
0	12	91
0	6	91
7	16	34
8	14	31
5	11	27
27	35	90
27	33	91
27	30	91
29	31	91
0	12	91
0	17	91
0	5	27
2	11	25
5	10	24
1	8	91
0	10	91
0	7	90
1	12	91
1	9	91
0	11	91
0	8	90
0	8	90
0	10	90
0	9	90
0	13	91
0	11	90
3	9	90
3	10	90
1	8	34
0	11	91
0	9	90
8	12	36
4	8	21
0	9	66
6	9	24
1	6	90
0	10	91
1	10	90
0	10	89
0	6	90
0	6	91
0	7	76
3	5	24
2	5	22
2	5	21
0	9	90
0	9	88
0	9	90
23	29	91
25	30	90
26	30	90
26	30	91
24	28	91
25	29	91
27	29	91
24	30	91
29	31	91
0	15	90
4	9	25
0	13	91
0	11	90
3	3	23
2	4	23
1	10	91
10	15	34
0	24	90
0	12	91
5	6	31
0	6	30
0	11	91
9	10	33
5	5	28
2	10	91
7	9	31
0	12	91
5	9	30
4	10	25
5	8	25
13	16	44
0	10	91
0	11	90
0	12	90
0	16	90
0	11	91
0	5	90
0	11	91
6	10	26
0	8	91
0	11	90
4	8	25
21	30	90
13	19	47
0	13	90
0	15	90
0	11	91
4	6	22
8	9	30
0	5	91
0	7	90
0	5	77
3	15	89
3	9	90
29	30	91
28	29	91
0	31	91
2	3	21
1	5	21
0	12	91
0	9	91
5	9	23
0	7	90
0	7	91
0	12	91
0	6	91
0	7	91
0	-1	90
2	14	90
2	11	90
6	9	31
9	8	30
28	29	90
27	48	90
28	30	90
27	29	91
27	29	91
27	31	90
29	41	91
28	30	91
30	31	90
0	17	91
0	11	91
5	6	25
7	8	31
6	7	26
0	9	91
0	10	91
9	16	47
6	11	28
3	7	22
4	13	75
5	13	75
7	6	28
1	5	31
0	2	21
1	10	90
3	10	90
4	12	90
6	38	91
8	-1	91
0	6	90
0	7	91
0	-1	90
6	9	28
3	8	24
0	7	91
7	9	28
0	10	91
30	-1	91
0	5	91
0	3	53
5	9	29
0	8	91
0	9	91
1	8	90
5	7	24
3	6	22
0	10	91
12	16	40
0	6	90
0	9	91
11	15	36
5	11	27
3	7	22
1	9	89
5	7	25
7	10	29
14	-1	90
16	20	90
15	23	87
13	16	77
0	8	91
3	9	24
1	10	90
15	-1	45
3	9	25
0	10	91
3	9	22
0	2	88
0	4	91
0	3	88
0	4	91
0	5	91
0	5	90
0	5	90
0	12	91
0	9	80
1	10	90
8	13	31
2	8	29
10	15	35
10	15	35
11	14	34
8	13	27
0	27	90
0	10	90
0	15	91
0	7	91
0	8	91
0	7	91
0	11	88
1	8	21
0	10	90
10	11	28
12	16	35
10	12	29
11	13	34
9	11	29
9	12	31
8	12	29
0	-1	89
0	9	90
3	5	31
2	8	24
3	8	25
5	8	25
4	7	23
3	7	21
8	11	28
6	9	27
0	9	91
0	17	91
3	6	22
0	9	91
0	9	90
7	11	34
0	8	88
7	9	27
4	8	24
0	8	90
0	8	91
2	6	22
4	29	91
13	24	54
3	6	24
4	7	26
8	11	34
0	10	90
0	11	91
4	6	24
0	25	91
0	25	90
1	13	90
0	10	90
8	13	32
3	9	24
0	18	91
6	8	28
8	12	37
7	12	33
6	9	26
7	10	27
6	10	26
2	10	22
1	-1	90
1	8	91
4	4	26
4	8	23
10	13	36
6	8	24
0	9	88
1	9	91
5	10	27
0	15	90
34	-1	88
2	16	91
3	14	90
0	9	90
0	14	91
0	11	91
0	5	91
0	3	90
3	8	91
0	9	82
2	9	90
0	13	91
0	13	90
7	8	32
2	5	21
21	23	90
7	12	30
0	7	91
14	7	47
0	15	91
0	15	91
24	45	91
0	18	91
1	7	25
11	11	39
1	4	20
7	11	29
7	11	27
23	38	91
23	38	91
14	29	91
7	13	33
0	14	91
0	12	91
0	15	90
0	9	90
1	3	23
0	12	91
0	14	89
5	6	25
30	31	91
1	5	21
4	11	30
3	8	24
3	31	90
29	33	90
28	33	91
26	31	90
25	30	90
28	33	91
6	9	26
3	5	22
8	9	33
7	9	28
6	8	25
5	8	25
5	7	25
28	30	90
19	25	70
27	30	91
26	31	91
1	4	23
16	17	45
7	-1	91
0	13	90
0	13	90
2	7	23
0	7	90
1	5	81
0	5	90
1	8	91
4	10	28
0	7	88
0	8	90
5	7	24
1	15	90
2	8	91
0	12	90
0	0	91
5	10	25
1	22	90
0	12	90
0	13	91
8	9	33
0	9	91
0	5	88
24	27	91
23	27	90
0	6	89
0	7	90
0	16	91
0	10	88
7	13	32
6	12	28
4	9	25
0	-1	90
0	11	91
0	9	90
0	9	91
0	11	90
0	10	90
1	11	90
0	6	91
0	11	90
3	7	23
3	7	31
1	13	90
1	13	90
0	11	91
11	11	32
1	5	21
5	24	91
1	6	25
2	1	23
0	5	90
3	9	24
3	7	23
0	12	91
0	9	90
4	9	24
0	8	91
5	7	31
18	19	52
0	-1	90
0	13	87
7	8	28
6	10	31
0	10	90
0	16	89
0	4	91
8	10	31
9	19	34
7	10	34
3	6	30
3	7	31
8	10	28
1	13	90
5	23	91
8	13	30
10	14	32
10	12	31
10	15	34
8	12	29
7	10	30
6	11	25
6	12	27
9	13	29
6	6	23
6	7	29
1	3	24
3	6	23
0	9	91
0	7	89
6	10	26
0	6	90
0	8	84
6	11	30
0	32	91
5	7	24
2	6	22
0	10	90
0	9	90
0	11	91
0	6	91
6	7	26
4	8	26
5	6	26
7	12	30
3	6	22
5	8	28
9	11	28
0	8	91
0	10	90
7	8	25
4	7	27
14	16	41
0	7	90
7	11	30
6	12	29
4	6	21
5	8	26
5	12	25
3	9	23
3	8	25
0	7	91
6	8	28
3	5	22
0	10	91
0	15	91
0	10	90
0	6	91
3	22	90
0	19	90
5	3	24
9	10	29
0	10	91
6	7	23
8	12	32
8	9	32
8	10	32
9	9	31
10	9	30
8	10	28
8	8	27
12	11	34
9	10	32
0	7	91
0	8	91
0	9	91
3	6	23
4	6	23
0	12	91
0	16	91
0	18	91
7	10	25
5	9	24
9	11	31
29	30	91
0	30	91
0	11	90
0	13	90
0	11	90
0	33	83
0	11	90
0	17	89
0	8	90
15	16	91
13	13	84
0	6	91
0	11	91
9	10	41
6	12	27
6	8	28
6	9	27
5	11	29
4	9	24
3	8	24
42	42	91
1	10	91
2	8	91
5	8	23
29	42	90
0	10	91
1	7	90
0	6	89
0	9	91
0	6	91
2	12	27
0	9	90
7	10	30
3	7	24
3	8	23
4	6	26
4	7	24
11	12	34
5	8	25
0	5	91
0	14	90
0	7	91
9	12	29
2	5	30
6	10	27
8	14	35
3	9	24
6	8	27
6	13	32
7	9	31
0	8	91
32	38	89
6	9	25
3	9	23
3	10	24
1	12	90
1	11	91
0	7	91
0	7	90
3	5	23
9	10	32
5	10	27
8	10	32
8	12	33
6	8	25
4	5	22
0	7	90
6	10	25
1	14	90
0	1	91
3	4	26
0	8	90
0	9	91
1	9	89
1	9	91
4	6	24
25	30	90
0	23	90
0	25	90
2	19	91
1	8	91
0	6	91
0	9	90
0	9	91
1	9	71
0	12	91
2	10	91
1	4	22
0	7	91
0	13	91
5	7	27
4	9	26
3	9	25
4	8	24
2	8	22
7	9	30
6	9	29
5	7	24
4	5	70
4	6	23
0	9	90
0	12	90
0	7	90
0	-1	91
0	8	89
1	6	90
1	9	91
15	-1	49
0	7	91
0	6	91
0	27	91
2	6	22
28	29	90
30	29	91
7	9	24
0	5	90
0	9	90
25	27	91
5	6	23
0	11	89
0	15	90
2	2	24
5	8	27
3	11	91
7	10	25
11	16	66
0	21	86
2	22	89
1	3	39
0	10	90
34	34	88
0	12	91
0	10	90
0	28	90
5	7	24
3	7	27
7	10	28
0	9	91
0	11	91
8	9	27
3	6	21
11	13	31
9	12	30
6	11	25
0	10	91
0	11	91
0	8	90
26	31	90
28	30	91
2	7	24
13	12	43
4	8	24
0	13	90
0	8	91
0	8	90
0	4	22
7	9	26
2	7	22
3	7	25
5	9	26
8	10	31
0	9	91
0	13	91
8	8	27
4	8	23
3	7	23
4	25	90
0	9	86
0	10	86
0	9	91
0	8	91
0	14	90
18	21	64
0	2	21
0	9	89
14	13	37
8	8	29
5	9	24
0	12	91
0	8	91
1	13	91
0	11	91
9	10	29
24	39	91
8	12	32
2	10	91
2	4	22
5	9	30
5	26	90
1	4	21
0	13	90
0	20	90
0	7	91
0	12	91
3	6	22
4	9	27
0	10	91
0	8	90
0	2	90
5	8	23
3	6	21
0	6	91
0	13	91
10	14	40
5	7	25
6	8	26
0	25	87
1	16	91
0	21	90
29	30	91
30	32	90
28	31	91
21	22	67
5	10	30
6	9	27
0	6	91
0	8	91
10	11	34
2	8	22
0	8	91
0	5	91
8	10	29
8	11	31
1	5	91
0	7	91
0	12	91
2	7	22
2	5	21
3	25	91
6	7	23
27	32	91
25	32	91
25	32	91
29	31	90
29	32	91
29	32	91
28	33	90
28	28	91
29	31	90
30	32	91
20	25	70
30	30	90
29	30	91
25	29	91
29	28	91
30	29	90
27	28	90
0	9	91
0	12	90
15	26	91
0	11	91
0	12	91
0	9	91
0	14	90
0	11	91
0	11	90
4	8	30
0	17	90
0	8	90
0	13	91
0	20	90
0	9	90
1	11	90
7	7	25
8	8	27
8	8	25
11	20	35
6	9	27
0	15	90
0	5	91
1	10	91
2	17	90
6	7	25
0	6	90
0	9	91
0	10	90
26	41	91
0	13	91
0	12	90
1	3	20
5	8	24
4	5	23
4	8	23
5	9	34
0	11	85
0	18	91
0	11	89
0	9	91
0	1	48
0	4	91
0	14	91
0	14	91
8	10	29
18	21	57
12	17	47
0	-1	71
0	5	91
3	7	90
1	8	90
0	7	91
1	7	91
1	7	65
9	14	35
8	13	32
0	14	91
0	17	90
0	5	91
7	13	31
17	21	60
9	9	28
2	5	43
0	8	90
0	7	88
5	11	25
7	8	30
0	0	91
0	4	90
1	5	21
2	5	20
6	9	24
2	12	91
1	3	21
5	9	25
2	5	22
2	7	21
1	4	20
5	11	25
5	11	25
23	30	91
6	8	24
8	10	31
7	19	34
5	5	24
3	4	28
2	4	23
2	4	22
1	11	72
1	-1	91
0	16	90
14	17	42
2	37	91
3	6	23
1	-1	91
1	6	91
3	6	22
4	5	23
0	12	91
0	13	90
24	25	67
3	6	21
7	9	25
9	12	33
3	6	23
1	2	91
1	2	91
1	6	29
3	8	23
0	7	64
6	14	32
5	7	24
8	11	28
9	11	29
9	13	31
8	10	29
0	9	91
0	11	91
0	12	90
2	6	21
4	10	25
4	10	24
2	7	22
3	8	25
4	8	24
0	10	91
0	13	89
11	10	36
12	10	35
8	10	29
4	6	23
1	36	90
6	7	24
0	19	90
2	4	21
0	8	91
8	13	36
2	7	21
10	13	36
9	11	29
0	12	91
0	11	90
4	6	31
6	7	23
1	14	91
0	21	90
1	14	90
9	11	32
0	12	91
2	6	89
0	9	91
6	9	28
0	9	91
0	37	91
0	34	87
0	12	90
5	10	38
0	7	91
0	9	91
11	11	35
9	9	32
19	32	61
33	43	90
0	11	90
0	33	91
1	5	21
3	9	30
2	8	23
0	9	89
5	10	25
5	6	25
6	10	26
6	9	30
0	6	89
5	10	25
6	10	25
6	11	26
7	10	24
4	9	25
27	38	91
0	11	90
0	12	91
3	4	23
0	4	91
0	6	90
6	16	42
0	10	91
3	5	22
0	10	90
0	10	90
0	13	90
0	18	90
0	17	89
5	6	24
6	10	31
0	9	90
0	8	91
0	-1	91
0	8	91
7	6	26
7	11	29
0	31	78
3	6	23
4	7	23
2	8	21
0	37	91
8	10	26
4	6	22
0	10	90
0	6	90
0	10	90
1	10	90
6	7	26
3	7	22
3	5	21
3	6	21
3	7	24
10	17	34
8	12	34
0	15	91
0	7	91
0	8	91
0	8	91
1	14	91
7	12	34
0	11	91
0	9	91
6	11	25
0	7	90
5	9	30
5	7	23
3	6	23
0	3	90
0	8	91
0	8	90
2	9	23
27	34	90
7	10	28
7	10	26
5	27	91
1	10	91
1	6	22
23	40	91
6	7	24
8	13	36
0	9	90
0	9	90
3	6	23
5	8	25
6	6	24
5	7	25
4	8	25
5	8	28
6	7	26
5	9	27
5	7	23
5	8	24
3	5	24
27	30	90
23	39	90
7	12	32
0	1	56
3	7	23
0	10	90
5	8	33
0	13	91
0	13	91
9	11	36
0	5	90
2	8	90
2	12	91
2	4	21
2	4	24
6	10	26
0	3	22
0	6	90
2	15	91
2	5	22
20	26	64
0	12	91
0	1	90
0	15	90
0	15	91
0	13	91
0	8	91
6	8	26
1	7	90
0	1	91
9	12	31
0	4	90
0	3	90
8	16	37
0	6	91
0	8	90
6	16	47
5	37	90
8	6	29
3	11	90
3	13	91
7	10	28
0	5	91
0	4	89
1	3	21
3	4	21
3	6	23
7	9	28
18	38	91
4	7	24
10	11	32
0	9	90
13	30	88
0	7	91
1	13	91
0	12	91
0	10	91
5	9	35
0	2	21
19	24	91
3	7	22
0	9	76
0	10	91
3	27	89
0	9	91
0	13	91
0	12	90
0	11	90
0	14	90
0	6	90
0	11	91
13	15	40
0	14	90
0	19	91
5	8	27
0	12	91
0	21	91
5	7	25
23	17	54
8	9	38
3	6	23
2	8	22
0	10	90
0	9	91
6	25	91
6	20	91
4	6	21
3	6	23
0	8	91
0	8	91
0	9	90
0	11	91
3	6	24
0	10	91
0	11	90
0	11	91
4	3	32
1	7	91
0	7	91
0	12	91
0	11	91
1	4	24
5	11	26
2	5	20
3	9	23
3	8	23
3	6	23
8	14	34
7	13	32
6	12	31
5	9	29
7	11	28
10	12	29
6	7	26
7	9	33
8	7	29
6	6	29
6	6	30
6	6	30
4	5	28
6	11	25
0	9	90
0	10	91
5	9	26
7	10	26
3	8	21
0	13	90
0	9	90
0	7	89
0	9	91
0	12	90
19	16	57
3	7	24
3	12	91
0	16	90
6	14	26
2	5	21
4	8	24
5	36	91
8	13	33
4	8	24
6	46	90
4	7	26
0	14	90
0	6	91
2	5	24
3	3	26
0	10	91
0	6	91
0	12	91
10	13	31
1	13	90
0	12	91
0	10	90
0	10	91
1	19	91
5	8	25
0	7	91
5	9	30
0	6	91
0	7	91
0	10	91
0	7	89
2	9	91
0	9	91
4	13	89
1	10	82
5	10	30
2	7	21
31	38	91
1	4	75
1	5	75
8	10	30
5	7	22
6	13	28
2	5	20
9	9	34
11	9	30
7	8	30
5	6	25
5	6	24
6	9	25
0	21	91
0	22	90
18	18	90
8	12	33
6	13	91
1	8	90
4	7	25
5	8	22
6	8	26
8	8	31
16	19	55
0	8	90
1	15	90
0	11	91
0	10	91
8	8	34
28	28	91
6	9	28
6	8	27
12	13	59
6	25	91
6	25	91
4	-1	91
2	7	22
3	5	24
3	6	22
7	10	30
10	13	31
5	5	90
11	14	38
0	9	90
0	8	91
0	6	90
1	9	91
28	48	90
27	51	91
25	51	90
0	4	90
8	11	91
4	6	25
4	7	26
7	10	25
0	5	90
2	5	21
2	6	28
3	7	30
1	9	91
4	7	25
5	8	29
0	11	91
0	10	90
3	7	25
0	7	91
0	16	91
5	7	25
5	7	24
5	8	26
3	10	91
22	31	71
10	14	34
0	10	91
0	9	91
0	12	91
0	12	91
0	4	90
0	4	91
3	7	21
0	14	90
0	11	91
6	5	25
3	7	22
0	9	89
0	11	91
2	6	21
2	11	90
0	11	89
6	8	30
2	7	24
4	7	24
1	10	91
1	8	90
4	8	26
6	14	34
0	9	91
0	13	90
27	25	91
5	9	31
0	13	91
0	16	91
0	17	91
2	15	90
6	11	28
0	1	91
5	21	91
0	7	88
9	8	30
5	8	25
0	11	90
8	11	33
4	6	24
0	8	91
0	7	90
0	16	90
0	9	90
9	14	33
2	8	25
7	10	30
5	9	26
7	9	27
7	11	30
7	8	24
10	11	36
5	10	25
0	4	21
2	5	22
2	7	23
1	18	90
0	20	90
0	21	90
0	13	90
0	13	90
0	33	91
1	6	21
1	6	21
3	7	22
8	7	29
7	11	32
0	11	91
0	14	90
3	43	91
3	29	91
4	9	25
0	9	90
5	10	26
1	4	22
5	12	30
6	8	32
8	8	28
35	44	90
6	9	26
8	10	28
6	11	32
5	12	31
1	3	22
1	9	91
23	30	91
1	19	90
0	9	91
0	10	90
1	10	90
0	8	90
2	12	91
3	16	91
0	10	91
1	5	22
0	3	21
0	28	91
14	31	89
4	5	24
0	8	91
0	6	90
0	-1	91
6	6	25
3	10	90
1	10	91
1	4	21
1	9	90
1	4	21
0	13	91
0	20	90
0	14	90
1	8	91
1	-1	91
19	23	54
5	6	29
8	7	31
2	6	24
5	7	24
1	12	91
0	15	90
0	11	85
0	7	91
0	-1	90
5	9	91
0	12	89
0	14	91
0	15	90
6	8	28
0	3	91
0	4	91
0	4	91
24	25	91
3	3	26
0	1	90
0	8	91
0	8	90
0	10	90
5	8	28
0	6	91
0	14	91
0	12	90
0	12	77
0	13	89
0	10	90
0	15	90
0	14	90
0	14	91
1	9	91
0	11	91
0	11	90
11	12	61
4	5	25
3	5	23
3	4	21
3	5	21
8	8	30
0	9	91
0	10	90
0	11	90
0	6	91
0	14	91
0	11	91
0	10	90
1	6	89
1	7	90
2	11	91
1	1	20
0	1	20
0	23	90
3	4	34
0	10	90
0	8	91
9	13	34
0	11	90
0	12	90
3	9	27
7	8	25
3	11	90
2	8	91
0	10	91
0	7	91
0	10	90
0	5	91
1	6	89
2	3	24
0	9	91
0	11	91
0	11	91
0	11	90
2	5	91
0	6	89
7	11	27
7	9	26
0	22	90
12	12	36
0	5	91
2	12	90
3	12	91
5	11	26
7	10	29
0	8	91
0	9	91
2	3	22
0	12	90
2	6	21
0	10	91
0	5	90
0	6	91
3	7	33
0	11	88
0	6	90
2	3	23
2	7	23
4	7	23
0	8	91
0	8	90
19	36	91
2	5	24
0	5	91
1	19	91
0	-1	90
0	-1	90
0	-1	90
1	17	90
1	13	91
23	38	90
1	28	90
18	22	54
0	9	90
0	8	89
0	10	91
0	14	91
1	9	90
0	13	91
7	11	25
0	12	91
3	6	26
7	7	31
9	6	28
7	7	29
6	6	28
6	6	27
0	15	91
11	14	33
0	10	91
0	9	91
0	30	90
0	11	90
0	13	91
1	7	90
24	37	91
9	9	27
4	6	25
13	36	89
8	10	31
0	11	91
3	4	24
2	4	91
1	-1	87
0	12	91
0	11	90
0	16	91
0	10	91
1	10	90
6	10	30
1	5	91
0	10	91
1	6	90
0	7	90
0	11	88
0	7	91
0	14	90
1	6	90
6	13	31
5	10	26
5	-1	91
0	5	22
1	8	91
5	13	91
0	12	91
12	14	46
10	12	37
7	8	27
8	8	27
0	2	90
4	10	91
3	12	90
1	22	91
0	7	90
0	13	90
7	10	31
5	9	24
2	8	22
4	9	25
3	7	23
0	1	91
1	9	91
0	15	90
1	13	90
2	13	91
8	15	91
1	8	91
8	7	30
2	12	91
34	41	90
5	15	91
2	13	91
10	6	40
0	10	91
0	9	91
4	7	25
9	15	39
0	12	91
13	14	33
4	12	91
3	9	27
0	7	91
1	5	91
1	9	90
0	12	91
0	14	91
4	-1	91
5	6	25
6	9	89
3	4	24
6	12	90
0	12	91
0	13	89
0	13	90
26	27	91
0	5	91
1	12	91
4	8	23
0	10	90
0	13	91
0	15	91
0	13	91
0	12	91
0	18	91
0	15	91
0	9	91
0	10	91
1	14	91
3	6	22
0	7	90
0	14	90
8	12	34
1	7	91
3	15	91
5	14	90
1	13	91
3	9	91
0	16	91
1	10	91
0	8	90
3	19	91
0	9	90
2	7	91
3	5	22
1	11	91
0	11	91
0	8	90
0	11	91
0	9	90
0	13	90
0	10	91
10	11	30
0	12	91
0	9	91
19	21	48
0	6	90
6	12	35
1	9	91
4	14	91
3	13	90
1	12	91
4	17	90
4	6	24
0	5	57
0	4	91
1	6	91
2	17	91
2	10	90
2	10	91
1	4	86
1	4	76
0	14	91
0	14	91
4	30	91
0	9	91
1	9	91
2	3	23
36	36	88
0	3	20
0	37	91
15	18	58
0	3	91
0	2	90
0	4	91
0	10	90
4	39	91
9	13	38
0	1	91
0	13	90
6	9	33
0	13	90
0	9	91
0	22	90
0	8	91
0	10	91
1	3	21
0	-1	70
0	11	91
0	14	91
13	16	36
24	39	91
0	5	91
2	5	91
3	5	91
4	9	22
1	3	20
2	12	91
1	7	91
1	6	90
1	7	90
0	7	90
0	5	90
1	12	89
1	13	89
4	13	90
4	14	91
3	7	30
2	4	22
0	10	91
0	4	91
0	7	90
0	10	91
19	25	61
7	13	31
0	10	90
22	31	91
4	6	25
1	5	20
0	15	91
1	9	90
9	9	32
8	8	28
10	12	33
0	10	91
0	7	91
0	9	89
19	39	91
10	11	35
0	12	90
0	11	88
11	12	35
4	8	30
0	14	91
0	12	91
0	12	90
9	13	37
0	10	91
0	8	88
0	7	90
2	7	22
15	15	91
15	16	91
3	8	24
0	-1	74
0	10	91
0	12	91
4	5	23
0	6	90
0	12	91
0	4	91
0	11	91
0	6	91
23	21	91
7	12	45
0	9	90
0	5	88
11	15	42
24	25	59
6	7	27
5	8	27
6	10	31
6	8	33
7	11	26
5	11	30
3	17	91
0	5	91
1	11	91
0	7	90
0	7	91
12	17	35
2	11	91
1	10	91
28	11	91
2	18	90
2	6	21
0	9	91
0	6	31
7	7	25
5	7	24
21	35	90
4	22	91
34	17	82
8	21	64
0	22	90
20	23	57
0	19	91
17	17	57
1	5	21
5	9	23
4	6	21
5	7	24
4	6	24
0	9	91
0	9	91
0	7	91
2	7	20
6	9	24
0	6	91
0	7	21
5	7	30
7	8	26
0	12	91
0	7	90
1	10	91
3	3	23
1	8	90
0	6	91
8	10	25
5	8	24
7	10	29
6	10	27
7	10	27
3	6	24
8	6	30
7	8	26
17	47	91
4	7	22
5	10	27
1	8	32
28	23	88
21	23	52
0	9	91
0	6	91
2	6	21
4	9	24
0	7	91
0	10	90
0	9	91
0	11	90
0	8	90
0	20	91
2	3	23
4	7	25
4	7	24
6	7	25
9	9	32
10	11	34
9	10	32
7	8	29
1	12	90
0	6	90
0	12	90
1	39	91
28	32	91
3	6	24
4	7	24
0	29	91
22	31	89
24	33	88
4	8	21
0	8	91
21	30	91
2	6	20
6	6	24
3	7	23
5	26	91
13	17	50
0	9	91
0	8	90
0	5	21
3	5	21
2	6	23
1	4	20
0	9	90
0	13	91
8	10	30
0	3	91
0	2	90
19	9	58
0	10	91
0	10	91
1	7	91
0	4	90
0	10	91
0	11	91
5	13	90
4	12	91
0	2	61
1	5	89
1	16	91
0	12	91
0	8	90
5	13	30
5	10	26
0	12	91
0	10	90
1	14	90
3	6	22
6	10	31
0	7	91
0	14	90
0	15	91
0	5	24
2	9	89
4	6	21
24	31	90
28	31	91
27	30	89
0	14	91
0	8	91
0	12	90
0	13	91
0	9	91
3	5	20
0	11	90
0	11	91
0	6	91
0	8	90
3	13	91
0	8	91
0	6	88
2	5	26
0	12	91
0	9	91
0	2	20
0	3	23
0	2	22
0	3	25
4	7	24
1	6	23
0	15	90
0	12	91
0	0	90
0	3	90
0	1	90
3	10	91
0	1	90
1	27	90
0	4	90
1	18	91
1	3	67
1	7	90
0	6	91
0	7	91
2	3	22
3	10	26
0	3	91
0	8	91
9	11	31
3	6	23
4	5	31
0	12	90
7	11	31
3	10	91
2	9	91
3	5	22
0	10	77
0	9	77
0	9	86
16	19	40
3	9	91
1	3	91
0	25	90
5	26	91
2	7	90
7	9	27
5	9	28
0	6	90
0	7	91
0	10	91
0	3	21
0	13	91
0	-1	89
5	8	25
14	18	53
5	9	25
2	11	91
6	5	25
1	22	91
11	14	36
9	14	34
0	12	91
0	12	90
0	15	91
0	17	90
9	9	35
0	4	91
0	10	91
0	17	90
18	34	78
0	14	91
0	23	90
0	11	90
0	7	90
2	7	21
28	31	91
2	7	37
2	4	22
2	3	20
0	7	90
0	11	88
1	10	90
8	9	29
0	4	91
11	13	90
1	4	40
4	10	91
6	9	91
2	12	91
4	13	90
8	5	31
27	34	91
12	14	91
12	13	91
12	13	91
6	9	25
6	7	90
7	8	31
22	29	91
9	-1	91
0	10	90
0	9	91
0	9	91
0	11	90
7	11	31
6	10	28
3	-1	88
0	-1	90
0	9	90
0	5	91
2	13	90
2	9	90
0	8	90
0	6	91
3	6	22
0	17	91
8	10	33
0	9	91
0	12	90
3	6	20
25	26	59
1	8	91
6	8	24
4	6	29
0	7	90
0	6	91
0	8	88
7	11	28
4	8	35
3	7	22
31	40	91
0	7	83
0	8	90
0	22	91
0	8	90
0	8	90
3	4	21
0	5	91
0	5	91
0	5	21
0	15	91
0	9	91
0	5	22
2	5	21
34	36	91
7	8	26
4	10	30
14	17	91
14	15	91
16	13	87
2	9	90
3	15	91
4	9	23
1	5	23
0	7	91
2	12	91
1	8	91
0	13	91
0	10	90
4	6	57
9	16	35
0	12	91
28	-1	91
26	33	90
2	6	25
1	10	91
1	4	90
2	2	91
0	-1	91
0	9	91
1	9	91
17	36	90
0	11	91
2	13	90
3	5	23
0	8	91
0	8	89
0	2	91
0	2	91
0	20	90
0	21	90
0	8	89
4	19	90
3	35	90
0	1	33
29	30	89
28	31	91
29	31	91
28	32	91
28	35	91
0	13	88
19	23	51
0	8	89
0	9	91
1	6	90
0	8	91
1	23	90
0	30	91
0	16	91
0	10	91
0	9	90
0	12	90
0	10	89
3	0	90
3	0	91
0	0	90
2	0	91
0	0	91
1	0	91
1	1	90
2	0	90
2	3	91
0	2	90
1	3	91
2	2	91
9	10	26
0	0	50
9	12	31
3	6	23
10	10	32
8	11	33
9	10	32
2	7	21
0	11	90
0	8	91
8	13	32
3	11	24
3	9	23
4	7	27
3	7	23
21	25	91
2	10	91
2	14	91
2	5	31
0	-1	89
0	7	90
0	6	91
0	8	91
0	-1	90
0	11	90
0	13	87
3	3	20
0	10	91
0	8	91
0	12	91
12	17	33
0	6	90
0	2	90
1	14	91
1	6	90
0	8	91
3	-1	91
0	22	80
0	8	90
7	8	27
0	8	91
4	7	22
3	5	22
0	14	91
1	12	91
7	11	27
10	15	40
10	13	34
4	13	90
16	15	54
3	5	20
0	-1	91
11	10	28
7	9	36
1	12	91
30	33	91
22	26	76
4	8	21
1	13	90
20	38	91
0	11	90
0	10	90
0	9	89
2	7	22
6	18	53
9	13	34
0	8	90
3	10	73
3	10	73
5	10	25
0	39	90
2	3	28
0	6	91
0	8	90
0	8	91
0	17	90
1	10	91
0	4	25
0	10	91
0	11	91
8	11	26
0	13	91
0	11	90
0	8	91
0	7	90
0	11	91
6	11	26
5	10	24
5	31	91
5	30	91
5	9	31
6	10	31
10	10	31
3	8	25
5	10	91
2	9	90
3	11	90
0	11	90
0	12	91
1	6	22
3	17	91
5	17	90
0	16	90
0	18	91
0	14	91
0	10	91
17	18	90
1	11	90
0	5	90
9	10	26
6	6	30
2	5	20
3	9	36
3	9	91
14	29	74
1	11	90
2	13	90
1	5	22
4	8	22
5	12	31
0	9	91
0	13	91
1	11	91
1	10	91
8	11	28
0	5	90
0	8	90
0	15	90
0	8	91
0	11	91
0	5	90
0	8	91
4	8	25
3	7	24
0	5	91
2	22	91
3	3	22
4	11	25
2	11	91
28	25	91
28	25	91
8	10	34
6	14	29
0	-1	90
0	7	91
1	7	90
9	11	31
0	18	91
0	21	90
0	8	90
0	12	90
0	9	91
2	13	90
2	6	90
0	-1	91
13	16	39
0	10	89
0	11	90
3	10	91
4	12	90
20	27	90
2	6	91
2	25	91
6	10	42
0	10	91
0	10	91
5	5	24
0	10	91
0	13	91
0	8	90
0	7	91
5	8	25
4	6	23
3	7	23
3	8	22
0	13	90
9	12	31
0	7	91
0	5	91
0	19	90
0	20	90
18	21	88
1	8	90
1	12	90
2	7	23
0	15	88
0	14	90
0	12	91
0	12	91
0	7	90
7	10	30
9	11	31
8	9	28
10	9	32
12	9	33
9	9	31
5	15	88
2	9	91
6	6	23
0	13	91
0	14	90
0	12	87
2	20	90
9	11	38
5	6	25
4	6	26
0	7	91
0	5	90
23	31	91
3	9	27
4	9	24
4	8	22
3	7	25
9	12	32
0	6	35
6	9	26
2	7	20
15	20	42
4	7	25
9	12	35
8	10	30
5	8	23
0	4	90
0	10	89
0	6	60
0	5	91
0	8	80
0	8	90
4	7	22
2	5	91
1	13	91
2	5	22
4	7	23
0	10	91
0	9	91
0	7	90
0	3	90
2	6	91
0	8	91
3	13	91
1	6	90
1	14	91
8	11	35
22	35	82
4	10	32
0	9	89
5	5	25
0	12	90
0	17	91
0	11	91
0	11	91
0	11	91
2	14	90
0	13	90
9	12	34
1	3	23
1	10	91
0	13	90
0	16	91
0	36	90
0	35	90
0	33	90
5	15	37
0	10	91
0	-1	91
0	4	90
0	10	90
8	9	31
24	36	79
28	39	89
23	33	75
29	39	88
25	31	76
21	28	63
32	40	91
23	29	70
29	38	86
3	8	24
6	8	31
0	9	91
0	10	90
4	9	24
0	10	91
0	7	90
0	9	90
0	6	89
0	8	91
0	5	90
4	9	30
1	4	21
37	24	88
14	23	56
3	6	25
3	7	24
3	8	25
0	2	27
3	8	25
4	9	24
3	6	21
0	5	22
0	4	21
0	5	22
0	16	91
3	11	91
1	20	91
1	-1	91
5	11	24
0	8	91
2	6	20
1	12	88
2	11	91
1	10	91
2	13	90
14	19	88
17	-1	90
1	9	91
23	24	55
0	8	91
0	8	91
3	9	25
0	0	50
20	34	91
0	12	91
0	16	90
4	6	28
9	15	33
4	5	30
3	6	20
0	11	90
0	12	91
1	4	24
6	7	25
10	12	32
9	13	30
8	10	32
9	11	33
3	8	24
1	9	23
4	7	22
1	6	21
0	10	91
3	8	24
0	7	90
0	8	90
0	19	86
6	8	25
3	5	22
9	15	34
8	10	31
1	5	21
29	29	79
33	31	86
0	6	91
0	6	91
5	8	25
0	22	90
0	9	90
0	10	91
0	11	90
0	12	91
1	11	90
0	7	90
6	7	27
26	33	91
5	7	25
3	5	24
6	10	30
3	9	25
6	12	31
9	12	31
2	7	91
3	6	90
1	-1	91
1	-1	91
7	9	26
5	9	25
0	9	91
6	8	27
1	7	91
0	5	90
5	7	29
3	5	25
4	8	25
4	9	23
5	8	26
3	8	27
19	22	58
6	11	27
0	5	91
2	34	91
4	6	24
0	4	91
25	36	91
0	11	91
0	6	90
0	15	91
0	11	91
4	7	21
0	11	91
0	9	91
11	13	40
0	7	90
0	15	90
0	15	91
0	15	91
0	10	79
0	12	79
0	2	89
0	8	91
5	8	30
0	16	91
0	10	90
0	9	90
0	13	90
1	7	90
0	4	60
0	11	91
0	14	90
24	30	91
0	-1	91
29	32	91
28	-1	91
29	31	91
25	29	84
30	32	90
29	31	91
15	16	49
17	20	55
1	5	21
1	7	36
5	6	27
5	9	27
3	6	24
3	8	22
2	5	23
6	10	27
2	7	20
8	10	30
0	14	91
0	11	90
0	13	91
0	18	91
0	20	90
2	15	91
2	15	90
0	10	90
5	5	20
0	12	91
0	15	91
7	12	33
2	5	21
0	6	90
0	8	91
0	11	91
0	10	90
0	8	91
2	8	33
2	6	22
2	6	21
0	-1	90
2	4	63
0	8	91
0	13	91
0	4	22
3	13	91
2	9	90
16	20	48
1	9	90
9	11	35
7	10	32
6	8	26
6	7	27
2	10	90
1	12	91
1	10	90
2	9	91
5	9	32
1	8	91
0	8	90
5	8	24
1	3	21
6	10	26
0	17	91
3	8	24
29	30	90
19	36	87
0	2	21
4	24	91
4	26	90
3	10	91
14	18	48
6	10	29
6	8	25
20	28	90
29	34	89
6	11	30
4	10	26
2	16	90
2	17	91
2	6	26
2	4	21
0	11	90
0	6	90
0	6	91
0	13	90
0	7	91
0	10	90
0	14	90
2	17	90
0	9	91
5	13	90
2	9	91
0	10	90
0	3	91
1	8	91
0	2	31
8	8	30
0	-1	90
0	10	91
0	13	90
8	12	32
0	14	90
0	11	91
9	13	36
4	4	24
0	13	91
0	14	90
6	6	35
2	4	20
23	23	91
1	15	91
1	12	91
0	15	91
0	13	91
1	9	91
0	5	91
12	12	91
8	8	90
9	10	90
9	10	90
3	6	23
0	19	90
7	8	26
0	12	91
0	12	91
0	9	91
0	8	91
5	6	24
0	10	91
5	8	23
0	10	91
8	8	29
1	4	23
1	4	22
5	8	23
3	16	90
2	11	91
0	14	91
10	10	36
4	6	24
7	11	30
0	29	91
6	15	37
0	12	91
0	17	90
3	7	23
2	6	25
7	9	26
0	23	90
0	5	91
0	8	91
10	9	31
22	41	91
0	31	90
2	6	21
4	8	29
5	6	24
0	17	91
1	7	90
1	8	90
8	14	37
3	37	91
1	14	91
0	12	90
2	10	90
2	7	22
5	8	31
5	8	25
0	13	91
0	11	91
0	35	90
0	36	90
2	26	89
8	8	29
1	36	90
2	7	20
5	7	26
5	6	24
0	11	91
0	12	91
1	13	90
1	-1	90
5	10	29
1	5	23
5	9	25
0	8	91
0	7	90
5	10	24
1	4	24
7	11	27
11	17	32
11	17	33
11	16	31
15	22	42
9	12	27
12	20	37
22	36	75
20	35	74
0	14	90
0	14	91
0	6	89
0	10	90
3	7	24
4	24	91
4	25	91
4	26	91
34	39	91
29	29	91
23	23	75
7	9	24
0	16	90
0	12	90
0	8	90
4	12	29
7	8	25
2	8	23
36	36	88
7	9	31
3	6	21
5	10	25
0	5	42
0	12	90
6	12	28
0	-1	91
10	11	33
0	8	91
9	10	56
4	8	24
4	9	24
3	9	24
8	12	32
7	11	27
7	12	31
0	6	90
3	7	22
0	2	24
0	3	23
31	-1	90
0	15	90
0	-1	91
2	9	90
11	16	42
7	12	31
8	10	30
10	13	30
3	9	24
4	9	27
33	40	90
0	5	70
0	5	70
0	8	91
1	9	91
0	6	90
0	8	90
0	0	32
1	11	91
2	13	90
0	40	91
2	37	90
0	6	90
0	5	77
2	6	22
0	2	48
4	9	25
4	8	23
5	11	32
2	8	25
1	8	91
7	12	31
2	43	90
9	10	90
25	32	81
1	16	91
0	12	90
8	14	31
2	6	22
0	5	90
0	12	91
1	4	20
2	3	20
2	7	21
3	8	26
0	17	89
0	7	91
5	30	90
6	6	24
1	9	22
3	9	26
4	9	26
2	9	35
1	9	89
9	11	30
8	10	33
8	9	31
1	15	90
0	14	91
0	12	90
4	8	26
4	8	22
0	23	91
1	11	91
0	3	91
4	38	91
0	8	91
0	11	90
0	8	91
0	10	91
28	31	91
28	31	90
29	31	90
26	32	90
28	30	91
4	9	25
7	9	27
7	9	30
0	8	90
0	12	91
0	2	90
0	15	91
0	8	91
1	9	91
0	13	91
10	11	33
1	15	91
2	13	90
9	8	31
9	13	31
0	10	90
0	8	91
3	7	22
0	4	90
5	9	25
5	9	24
4	8	23
9	12	32
8	12	31
10	10	30
0	9	90
0	16	90
0	5	90
0	10	90
9	14	50
0	13	90
4	7	26
3	6	21
27	26	88
1	14	91
0	16	91
0	2	20
0	12	91
3	8	23
0	3	91
18	37	82
5	7	26
0	6	63
4	37	90
0	12	91
1	7	90
6	12	31
4	9	24
4	7	27
0	13	90
3	11	25
3	9	24
5	8	22
2	4	22
26	30	91
4	7	24
10	13	35
8	12	29
4	8	23
0	19	91
0	7	91
2	7	20
3	6	23
9	13	33
0	18	91
0	11	91
0	7	91
4	6	22
0	10	91
6	11	32
10	15	33
10	13	32
8	12	31
6	9	23
6	10	28
10	13	34
3	11	25
4	8	23
2	6	22
4	7	22
9	10	31
10	10	32
7	9	30
7	8	31
10	12	37
9	13	33
4	8	22
25	26	90
8	13	33
0	10	90
0	7	91
6	8	25
6	10	30
0	10	91
0	11	91
1	11	89
0	25	91
1	17	91
0	11	91
0	7	89
0	5	91
7	13	32
7	9	26
5	7	30
7	10	27
5	6	24
4	8	22
5	8	31
0	10	91
0	1	90
1	10	90
1	13	91
3	15	91
23	24	75
10	11	30
0	24	91
3	6	22
2	9	22
0	8	91
0	6	91
4	9	24
3	10	91
9	14	91
10	12	32
4	8	22
10	14	36
5	5	25
6	6	25
2	7	24
3	8	24
0	6	90
0	9	88
3	5	20
0	9	90
2	7	24
27	38	91
22	34	91
23	29	91
3	7	23
0	7	91
0	9	89
0	9	89
0	9	90
0	7	90
3	7	22
4	8	26
2	6	25
27	40	91
26	42	91
0	21	91
0	20	91
12	18	40
12	18	39
11	17	37
12	16	37
1	7	91
0	8	90
0	5	91
0	21	91
0	26	91
0	21	74
0	24	86
2	27	90
0	26	90
0	4	91
0	12	91
24	44	76
0	11	90
3	7	22
0	11	90
0	13	90
0	13	91
2	6	25
4	10	24
5	8	24
15	19	47
6	10	26
7	11	28
9	12	29
8	12	29
6	10	25
0	7	91
0	-1	90
13	15	44
3	7	24
3	8	24
6	8	25
1	31	88
4	10	25
5	8	24
2	6	24
3	12	91
4	8	29
0	10	91
0	9	91
7	10	26
30	43	91
0	14	90
7	10	27
7	11	31
4	12	25
7	14	30
6	7	26
10	10	32
5	14	31
0	8	90
0	10	91
3	8	91
1	5	90
0	5	90
10	13	34
1	5	57
0	9	91
0	7	91
5	7	30
10	17	43
9	10	31
3	8	26
4	8	22
5	7	30
10	13	34
13	15	40
2	11	91
0	11	90
4	4	26
8	13	38
26	41	91
0	22	91
0	9	90
0	13	91
0	9	88
0	8	91
1	13	90
4	5	24
0	8	88
0	21	90
3	9	24
2	6	21
3	6	20
4	6	22
6	8	27
0	13	91
1	5	22
1	11	89
0	11	90
2	7	22
0	10	90
0	14	91
0	11	91
1	-1	91
1	-1	91
5	8	25
24	31	91
28	32	91
26	29	91
27	30	90
27	30	91
30	30	90
24	29	91
19	-1	60
28	-1	91
2	3	21
0	13	90
0	12	91
0	15	91
0	11	91
0	10	91
0	7	90
7	12	30
3	6	24
7	8	27
4	27	91
3	26	91
4	5	22
8	17	37
6	11	26
6	8	31
10	13	34
1	10	26
3	6	25
19	31	91
1	12	91
5	6	24
8	10	29
2	-1	91
14	17	41
4	8	25
8	9	29
4	-1	90
28	25	89
27	28	91
0	4	91
0	10	91
5	7	22
10	14	35
8	10	28
5	9	23
6	8	24
8	11	30
6	9	26
16	22	42
9	9	30
7	10	28
8	14	31
8	12	29
9	13	30
2	3	26
6	9	30
6	10	31
6	21	48
0	8	91
3	7	22
7	10	26
0	13	91
0	21	90
4	9	22
10	14	39
0	14	91
0	6	91
0	13	89
4	6	25
4	9	25
0	9	91
0	7	90
3	6	24
4	7	23
2	7	22
33	28	91
5	6	25
6	8	25
2	10	90
5	13	36
9	13	33
5	10	29
0	2	38
4	6	22
9	10	31
32	43	91
5	14	25
4	6	24
2	6	21
4	8	26
6	14	30
7	8	26
0	8	91
9	13	32
7	10	34
11	11	38
10	11	37
2	12	90
1	8	90
10	13	33
4	10	26
9	8	31
2	11	90
5	7	24
4	7	25
3	6	24
3	3	22
0	34	90
1	25	85
3	6	25
5	23	90
3	5	23
4	8	24
8	7	27
1	4	21
0	7	91
0	9	90
0	9	63
0	10	90
31	38	74
2	6	22
3	6	24
9	9	33
6	10	24
7	10	25
5	8	24
3	5	21
10	9	30
9	13	33
2	5	20
6	7	24
2	8	22
4	17	91
1	3	91
1	-1	90
2	12	90
5	12	31
0	4	21
6	10	25
2	4	20
0	-1	91
3	8	22
9	13	34
4	8	22
0	4	90
0	14	91
0	16	90
0	12	91
7	10	25
4	7	24
4	8	25
3	8	24
1	19	91
24	31	90
3	8	21
0	7	90
2	12	91
3	5	21
6	9	24
5	9	22
3	7	21
7	9	27
0	30	91
0	11	91
0	15	90
3	10	30
7	12	30
0	16	91
0	9	91
2	4	20
13	14	41
1	20	87
7	10	26
6	10	27
4	10	91
0	11	90
0	13	91
12	12	36
5	5	35
4	7	22
0	9	91
3	8	23
0	20	91
1	10	89
6	11	27
0	6	91
0	5	90
0	12	91
0	11	90
0	11	90
0	10	90
0	9	90
9	10	31
7	11	28
10	12	90
6	7	24
6	8	24
0	36	91
4	26	91
4	-1	91
2	29	91
0	9	90
2	3	22
4	13	34
7	12	31
8	8	26
9	10	32
7	10	29
0	9	91
0	8	91
0	7	90
3	5	21
25	38	91
0	15	91
3	3	23
18	19	48
4	6	24
0	10	90
5	5	22
2	5	26
5	10	27
7	9	24
7	10	29
0	14	91
0	8	91
2	6	24
0	15	91
1	6	23
14	16	49
0	8	91
0	10	91
6	9	26
5	4	24
6	11	31
0	2	90
0	3	90
1	31	91
8	9	26
18	35	91
7	7	25
5	12	91
3	11	91
0	8	90
5	6	25
7	10	24
9	12	37
12	14	42
8	7	24
7	8	26
3	5	21
0	13	66
8	9	27
4	6	22
0	10	90
0	13	91
0	6	90
0	9	91
11	13	33
1	12	90
8	12	30
3	6	22
2	7	21
5	11	32
0	4	91
0	11	91
0	6	91
8	11	28
29	32	91
7	11	27
4	11	25
8	10	31
1	12	91
0	16	90
2	8	22
4	11	25
0	7	91
0	8	91
2	7	21
1	2	91
3	3	90
0	0	90
0	2	90
2	7	91
1	6	91
0	25	91
25	27	88
0	4	21
6	11	33
0	8	91
0	8	90
2	5	20
5	9	24
5	7	25
0	20	88
3	36	90
0	12	90
0	9	90
4	14	31
0	20	90
0	9	90
0	3	90
3	5	23
4	8	30
7	11	28
8	7	27
0	16	91
8	9	28
1	19	90
0	19	90
0	16	91
10	12	32
0	16	90
6	9	24
5	8	26
0	7	91
1	14	90
4	6	21
7	8	27
0	19	87
6	28	91
4	9	31
18	19	51
39	-1	91
0	5	91
0	5	90
0	10	89
8	14	31
3	7	22
2	6	22
28	30	91
27	30	91
29	30	90
28	29	91
27	29	91
28	-1	90
27	31	91
1	2	22
0	-1	90
0	10	91
0	10	91
4	5	21
2	5	22
2	4	21
0	13	84
7	8	26
0	6	90
0	6	91
7	10	24
3	6	23
3	7	25
0	11	91
0	10	90
8	10	26
2	5	21
5	9	26
4	8	25
1	5	21
0	-1	91
0	4	91
0	10	90
0	10	79
0	12	86
0	11	91
4	11	28
4	6	26
7	13	29
3	9	22
11	10	56
11	20	88
8	10	30
9	10	34
10	12	35
8	9	53
7	14	32
10	12	31
2	6	22
2	6	22
8	13	34
6	7	23
1	10	87
1	12	90
1	4	24
2	3	22
5	7	23
0	13	91
5	-1	91
6	26	91
6	25	91
27	35	90
0	5	90
0	7	90
0	12	91
0	15	91
0	7	90
21	27	88
0	1	28
7	10	26
7	10	24
1	10	90
3	21	91
2	6	20
0	10	91
4	6	22
16	16	88
9	15	36
0	6	91
6	10	25
0	13	91
0	13	91
6	13	35
0	7	90
0	8	84
3	21	90
1	5	23
0	9	89
0	6	89
0	14	89
0	12	90
0	8	90
0	10	91
5	9	24
4	5	46
0	14	91
0	13	91
0	10	91
2	3	24
0	7	26
0	10	91
0	10	91
0	8	91
0	11	91
0	11	91
1	8	91
1	7	90
3	6	24
1	12	90
2	8	90
1	11	91
4	8	45
14	16	38
18	18	44
0	12	90
0	10	90
0	10	91
0	9	90
0	6	91
0	8	91
0	4	91
0	7	90
0	10	91
1	-1	91
6	7	26
6	8	30
6	6	26
0	13	90
0	10	91
0	8	87
0	10	89
0	15	91
29	27	90
4	31	91
0	14	91
0	8	91
1	11	91
0	5	91
0	4	90
0	7	90
5	27	91
0	36	91
0	21	91
9	13	29
8	12	28
25	21	89
26	22	91
19	21	91
24	20	91
23	21	90
23	23	90
22	20	91
2	3	20
5	8	30
4	9	24
4	30	90
0	14	91
0	11	91
1	16	91
2	16	91
2	12	90
2	7	64
0	11	70
0	11	70
1	11	90
2	29	90
0	11	90
7	9	27
26	-1	89
0	14	89
0	12	91
0	2	91
0	3	91
0	0	91
4	5	22
6	7	24
5	35	81
0	10	91
0	13	89
16	19	40
0	14	91
0	13	91
0	11	91
0	3	63
6	9	31
14	16	49
0	16	91
0	5	91
0	9	91
0	10	90
6	13	91
12	22	91
0	5	91
4	6	21
18	18	49
8	14	36
0	11	90
0	8	90
0	7	90
3	10	90
2	7	22
12	7	37
8	13	37
2	6	21
2	6	21
0	4	91
1	7	90
5	9	25
5	11	27
10	16	33
6	15	91
5	14	90
8	10	32
8	11	30
1	-1	90
1	-1	91
4	8	24
23	30	91
0	8	51
0	17	90
0	26	90
10	13	60
0	1	91
0	1	90
0	0	91
0	1	87
13	13	81
14	14	90
1	0	90
0	1	90
0	1	89
0	0	91
0	3	91
0	15	91
0	-1	90
0	10	89
0	16	91
7	9	26
10	12	35
0	11	90
0	2	90
1	3	20
0	7	91
4	5	24
2	8	90
4	8	25
0	9	91
0	6	90
2	3	43
7	8	24
11	11	34
3	7	22
2	6	21
7	9	28
7	8	26
0	8	90
0	10	91
3	18	91
2	5	90
2	6	90
0	10	91
5	9	24
6	11	30
9	14	32
0	6	91
1	17	54
0	7	90
9	11	29
0	9	56
6	17	38
0	16	91
0	14	91
1	11	91
6	10	33
5	6	25
1	4	22
37	40	88
7	10	34
4	15	90
7	14	90
0	26	91
0	4	91
0	2	91
4	5	25
1	9	67
5	11	24
8	8	31
6	7	26
0	8	91
1	10	88
1	1	25
0	10	90
0	9	91
0	10	91
0	13	91
27	32	88
0	7	91
22	38	91
22	29	91
3	16	90
1	13	90
0	7	90
0	9	90
16	31	62
4	8	23
0	13	91
0	17	91
2	4	20
0	11	90
0	2	91
0	4	91
0	12	90
0	11	91
5	8	25
6	9	26
0	6	90
0	11	91
0	6	90
25	26	77
3	9	24
0	7	91
0	12	90
26	30	88
33	36	91
1	3	21
17	23	82
15	18	62
15	21	76
0	14	91
0	9	91
6	8	27
0	15	90
0	15	91
0	9	67
1	-1	91
25	49	91
11	13	29
0	11	91
0	11	89
10	8	28
2	8	27
0	8	91
0	10	90
3	5	24
0	17	90
0	8	90
3	6	24
6	11	30
5	6	24
0	8	91
11	25	90
1	-1	91
1	7	91
23	21	59
0	6	91
1	1	90
0	4	91
1	3	90
2	7	21
4	15	91
5	9	26
0	8	90
33	40	90
8	15	34
2	13	90
1	14	91
2	6	21
9	10	27
4	11	29
5	11	24
1	9	91
4	8	31
0	13	91
1	12	91
1	9	91
4	7	22
0	11	90
1	2	22
0	8	90
3	21	90
2	10	91
4	6	23
0	12	90
1	9	91
2	3	90
1	4	89
21	21	89
0	3	20
7	7	27
0	9	90
0	9	91
0	4	91
1	3	60
0	7	91
0	8	91
0	14	91
0	10	91
0	12	91
2	9	90
0	-1	90
0	-1	91
0	6	90
0	25	90
0	-1	91
0	4	70
0	5	89
0	6	90
0	4	79
0	-1	90
0	5	91
1	4	91
1	5	91
0	4	91
0	2	90
0	4	91
0	6	91
0	14	90
0	14	90
12	14	89
0	2	88
3	3	90
1	2	63
1	3	89
1	2	91
1	4	91
2	6	91
1	4	91
1	-1	91
0	15	90
0	16	91
0	15	88
0	11	87
1	10	91
2	8	91
0	10	90
0	10	90
20	26	72
18	25	57
31	31	88
0	6	90
3	5	23
0	7	89
0	8	91
9	11	33
0	6	90
3	16	90
8	9	38
2	11	91
1	10	90
4	4	22
2	4	22
8	11	32
0	11	91
0	8	90
30	-1	81
1	3	21
5	8	24
3	3	23
1	7	90
2	5	21
4	11	24
11	12	90
0	11	90
3	15	90
1	8	86
5	10	28
3	4	22
4	11	51
0	20	90
5	6	25
3	7	23
5	12	27
6	10	25
0	1	73
0	21	91
1	3	91
7	8	30
1	30	91
0	6	91
0	-1	91
0	7	90
1	4	23
4	8	25
0	11	90
10	11	33
0	5	90
8	15	34
7	34	91
7	34	91
6	34	91
5	33	91
6	35	91
4	34	91
4	33	91
4	33	91
5	8	32
0	10	91
0	4	90
22	28	64
12	14	35
2	5	33
10	12	38
6	8	26
6	8	24
7	11	30
4	6	22
4	6	23
0	11	90
0	12	91
0	5	90
0	9	91
2	5	20
5	7	23
8	10	23
9	12	34
10	12	33
8	13	31
9	12	31
10	12	33
9	11	32
9	10	31
8	8	24
6	11	26
2	6	22
0	8	90
0	18	91
0	1	91
0	6	91
1	6	90
0	8	89
6	9	24
0	17	91
0	8	91
8	12	33
0	22	90
8	12	31
0	14	91
0	10	90
6	11	32
0	9	91
0	11	91
5	5	27
5	8	24
8	10	30
3	7	23
0	-1	89
0	14	91
9	10	31
8	8	31
8	8	32
6	7	30
10	8	31
9	9	33
9	9	31
9	9	33
8	8	29
9	9	30
8	8	29
1	5	21
8	9	31
0	17	90
0	11	90
0	10	91
0	12	91
6	11	30
8	8	28
0	10	91
0	11	91
26	36	91
23	24	91
0	9	91
0	6	91
0	10	89
0	4	91
0	15	91
0	11	90
0	12	91
1	8	91
3	9	89
1	10	91
2	7	23
2	6	22
4	5	27
0	11	91
26	31	91
24	29	90
29	29	89
28	31	91
1	11	90
1	11	91
5	7	23
0	10	91
0	13	91
0	5	90
0	6	91
0	4	90
0	4	91
5	6	33
0	9	77
7	10	29
3	11	91
0	13	78
2	9	91
28	32	91
0	10	91
0	6	91
0	7	91
0	12	90
0	10	91
0	15	91
0	15	90
9	11	29
3	19	90
0	14	90
0	11	91
5	11	31
5	19	91
3	11	91
2	7	90
0	12	89
0	7	91
0	3	22
0	8	91
0	12	90
2	4	20
1	6	91
6	14	91
3	11	91
3	11	91
7	11	30
7	12	29
10	13	33
10	12	31
0	2	90
0	7	91
1	17	91
3	13	48
3	9	41
0	10	90
1	9	90
2	16	91
0	22	90
3	12	90
1	9	90
0	9	91
0	14	91
0	12	90
0	7	91
1	5	21
0	16	91
0	4	87
0	7	91
0	11	90
1	2	20
0	10	91
5	6	91
2	12	88
1	4	22
4	8	31
2	6	24
3	8	30
0	16	89
0	13	91
0	5	91
0	11	91
0	3	91
10	13	34
0	4	79
0	7	91
2	5	90
0	5	81
0	10	90
0	7	91
0	1	91
0	1	90
0	11	90
0	9	91
4	11	91
1	10	91
2	5	24
2	9	91
2	9	91
0	4	43
1	6	43
3	5	21
1	4	21
2	9	91
6	9	24
2	4	22
0	11	86
2	7	91
3	10	91
3	10	90
1	3	22
0	0	34
3	8	89
5	26	91
5	26	91
0	14	90
3	7	91
2	8	90
1	5	22
2	12	91
2	13	91
5	8	30
0	4	89
0	9	89
6	6	33
1	13	90
1	15	90
0	4	22
1	4	91
0	11	90
10	10	91
1	1	29
0	8	91
1	9	91
2	2	91
0	11	91
0	-1	91
2	4	86
2	-1	91
0	13	91
0	8	91
0	8	90
1	14	90
5	6	38
1	7	90
0	12	91
0	1	91
0	10	90
0	7	82
0	7	82
0	22	91
0	7	90
0	-1	90
1	7	91
0	8	91
2	12	91
7	8	91
3	9	90
0	10	90
0	5	91
0	10	91
0	13	91
0	9	90
0	10	91
0	12	91
0	9	90
4	5	25
4	9	23
1	7	90
0	9	91
5	7	32
0	9	91
1	9	90
1	9	60
1	10	60
16	18	44
9	15	33
0	7	91
0	15	91
0	15	90
0	4	91
0	12	91
0	16	90
0	14	90
3	14	91
1	8	90
2	6	91
3	13	90
2	4	22
6	7	27
6	8	25
7	8	26
16	19	46
0	7	91
0	6	90
0	22	90
1	10	91
1	12	90
2	9	90
12	25	90
11	13	30
0	30	91
2	21	91
5	15	91
6	15	90
3	6	24
6	9	31
1	12	91
0	7	90
0	8	90
0	9	90
0	8	89
3	7	23
0	10	90
0	10	91
5	7	22
2	4	23
0	12	91
0	5	91
2	4	21
0	10	91
0	14	90
17	24	91
0	7	91
0	12	88
22	23	88
0	7	91
0	7	91
0	3	89
0	4	90
1	30	91
0	5	90
2	9	91
0	13	91
0	7	91
0	2	91
9	12	33
8	7	90
0	13	91
6	40	91
4	14	91
0	7	91
0	11	90
0	10	90
0	21	91
0	7	90
0	9	91
0	28	84
0	30	90
1	9	90
1	4	22
0	8	91
0	6	91
0	5	90
0	11	91
0	7	90
0	6	91
2	5	22
0	17	90
1	13	90
0	7	91
1	12	90
13	14	45
25	28	90
28	27	91
29	26	91
27	26	91
20	21	80
8	9	31
9	9	32
0	10	91
0	8	89
0	13	91
0	12	91
6	8	30
7	9	30
28	27	91
33	38	91
0	7	91
1	5	22
3	21	90
2	14	90
0	13	90
0	16	90
0	8	88
0	8	89
0	8	90
0	2	90
0	12	91
28	27	91
28	28	91
3	7	21
10	12	32
3	12	89
0	6	90
0	9	91
21	38	91
0	9	91
0	30	90
12	14	90
1	1	35
3	7	25
5	8	27
7	10	36
0	5	21
2	4	22
3	8	23
0	-1	91
5	7	26
0	12	91
1	5	22
0	5	21
0	8	90
1	8	90
0	6	90
0	3	91
5	8	24
0	14	91
0	9	89
4	6	26
4	11	35
1	7	21
7	9	30
8	11	31
0	24	90
0	25	90
6	10	26
1	5	91
1	8	91
0	16	91
11	13	41
2	8	90
1	9	91
0	0	41
0	11	91
5	9	30
1	13	91
2	13	91
3	8	26
2	4	21
0	11	87
0	6	91
1	5	91
1	8	91
11	14	37
8	11	30
10	16	36
8	13	31
5	9	24
2	5	21
0	10	90
0	11	91
0	14	91
0	13	91
6	13	31
0	9	90
0	15	91
0	8	89
0	9	90
3	14	91
0	13	91
0	11	91
2	12	91
0	6	91
0	10	91
0	12	91
0	14	90
0	13	91
1	11	91
0	11	90
0	9	91
0	16	91
0	-1	91
0	10	91
0	11	90
0	12	90
0	11	91
0	-1	91
0	-1	91
0	21	89
0	18	91
0	9	91
0	8	91
9	9	91
1	-1	91
6	-1	91
10	11	90
4	14	91
0	13	90
0	8	91
5	10	91
5	17	91
6	9	91
1	2	35
6	6	91
12	14	91
9	9	90
3	11	91
10	10	91
2	10	91
6	10	91
8	7	91
0	9	91
10	9	91
3	11	91
0	9	90
0	8	90
0	8	91
1	8	91
1	8	90
6	7	91
0	10	90
0	10	90
0	3	88
0	14	90
0	15	91
1	-1	91
0	12	90
0	12	90
0	13	91
0	11	91
7	14	32
7	13	31
7	11	26
7	11	25
1	12	90
0	10	91
3	5	23
5	10	25
0	10	91
8	12	29
9	13	31
1	7	20
3	6	23
10	18	35
2	28	90
0	11	91
0	7	91
3	8	25
6	10	23
29	32	89
25	30	91
6	9	25
6	11	27
9	12	37
6	10	31
8	11	32
0	9	89
0	6	90
0	7	90
0	5	91
11	16	44
7	13	32
5	8	25
0	7	91
0	11	91
11	11	40
5	33	90
4	7	25
0	20	90
0	33	90
8	8	25
0	8	91
9	10	37
0	30	90
22	38	91
5	9	27
0	12	91
0	11	91
8	12	30
0	8	90
0	10	90
0	13	91
0	9	35
1	4	91
0	11	90
0	12	90
0	14	90
34	33	91
11	10	30
0	1	91
0	2	91
0	1	90
0	11	91
6	11	29
2	13	91
0	9	91
5	7	23
15	23	45
0	0	91
0	31	91
0	7	90
5	10	27
5	5	23
2	8	90
1	2	21
0	-1	91
0	-1	90
5	12	90
0	12	91
0	9	91
0	15	91
0	8	91
6	10	27
1	9	89
2	12	90
0	10	89
0	11	89
13	11	38
3	7	24
0	15	90
0	17	90
0	10	91
0	14	91
0	7	90
0	8	91
0	6	91
2	6	21
12	16	33
2	8	91
2	-1	91
8	10	27
1	10	91
0	10	91
0	9	91
0	7	90
0	8	90
0	15	90
0	17	89
0	10	91
5	8	23
0	12	91
3	5	24
20	29	69
7	14	91
2	8	91
2	10	91
2	6	20
0	2	60
1	9	90
0	7	91
4	8	30
0	12	91
8	9	46
3	7	23
6	11	34
21	20	64
0	13	90
0	15	91
0	8	91
8	29	90
3	-1	91
0	6	91
1	12	91
6	6	90
3	29	91
3	28	91
0	9	91
0	-1	91
11	14	31
4	8	24
3	9	23
0	19	91
0	15	90
7	11	28
0	10	91
0	16	91
3	6	21
3	6	25
7	7	24
2	12	91
0	11	91
21	39	91
21	38	90
0	12	90
0	6	91
2	6	23
0	10	91
0	11	90
4	6	22
12	16	31
0	9	91
15	18	50
4	7	23
0	10	90
2	16	89
30	-1	91
27	30	90
27	32	91
30	31	90
24	25	76
25	26	80
27	31	91
25	30	90
29	29	91
28	30	91
29	30	91
27	29	91
26	29	90
25	29	91
28	30	91
28	30	90
26	30	91
25	29	90
6	14	31
11	14	33
6	9	24
8	13	31
1	7	90
0	12	90
2	8	91
6	8	30
11	13	38
9	6	30
22	22	72
29	28	90
28	28	91
25	25	79
29	28	91
1	2	57
9	12	34
0	-1	90
12	14	38
0	14	91
0	9	89
0	30	90
6	9	27
0	9	91
0	10	91
0	14	91
0	8	89
6	9	29
6	10	26
0	13	89
28	42	91
0	10	91
0	9	91
0	-1	90
5	9	25
0	11	91
0	11	91
0	15	91
0	12	91
13	13	88
14	14	90
0	9	91
0	13	91
16	24	44
0	13	91
0	6	91
18	21	91
2	10	91
1	1	89
0	29	90
0	5	90
5	6	26
1	13	90
0	17	90
5	10	30
1	2	23
18	34	90
4	7	24
34	39	91
26	29	90
8	10	32
9	11	32
6	7	26
9	10	28
8	10	26
6	7	27
0	-1	90
1	7	90
4	10	38
8	7	28
1	2	90
1	3	91
1	8	90
3	9	24
0	7	91
0	9	91
4	9	25
3	9	24
0	8	91
0	8	90
0	4	91
0	7	90
9	11	29
10	11	29
9	14	31
9	12	29
8	11	27
10	7	33
3	1	91
7	9	30
2	4	20
0	9	90
0	9	91
0	8	90
0	8	90
2	10	91
5	12	91
3	12	91
1	11	91
1	10	90
0	2	22
1	11	91
2	7	90
4	17	90
0	4	91
0	9	91
1	11	91
0	16	91
20	29	91
0	10	90
1	8	91
1	5	21
0	14	91
0	9	91
0	9	91
2	5	20
0	9	90
1	8	91
0	-1	63
0	5	63
0	14	90
0	13	91
1	11	91
4	11	90
1	11	91
0	11	91
3	6	21
5	6	26
10	13	43
0	12	91
0	7	91
0	5	91
0	5	91
7	7	31
2	11	91
2	12	91
4	18	91
0	5	90
0	7	91
0	3	90
0	10	91
3	10	23
23	31	91
23	31	91
5	7	23
17	20	66
9	10	31
0	15	91
0	12	91
36	36	91
3	8	23
6	6	25
0	13	90
0	14	90
0	-1	90
3	6	23
5	8	25
0	9	90
4	19	88
7	9	27
0	13	91
0	7	91
6	9	24
11	12	36
0	9	91
3	11	25
7	12	25
7	10	26
8	11	33
8	11	32
7	9	26
5	10	27
27	53	86
28	55	89
23	46	75
0	41	91
4	8	22
7	6	30
0	8	90
0	11	91
0	16	90
5	8	24
2	7	24
3	7	21
6	11	30
0	16	91
1	17	90
5	6	26
3	6	25
5	11	26
4	4	22
6	9	26
21	20	91
30	44	91
30	44	90
30	44	90
29	45	91
30	44	90
0	10	90
0	9	89
0	13	91
0	12	90
0	13	91
3	7	24
0	10	91
0	9	90
5	11	30
1	7	22
0	4	20
0	11	91
0	9	91
7	11	26
7	11	27
1	4	21
7	10	27
8	8	26
7	12	30
4	7	25
1	25	90
4	33	91
5	32	91
5	35	91
5	31	91
8	13	32
0	9	90
0	15	90
3	8	24
6	8	26
0	9	90
0	3	52
4	7	25
6	9	25
5	11	31
1	14	90
0	16	91
2	8	22
0	2	79
0	11	91
0	31	90
0	10	90
0	12	91
0	6	89
0	15	91
6	9	28
1	5	23
5	10	24
3	8	22
8	13	32
0	2	26
0	11	91
0	8	90
0	8	90
1	9	91
0	9	91
0	10	91
20	23	52
0	-1	90
1	14	91
2	6	23
5	11	31
6	8	26
1	5	21
2	6	22
8	39	91
5	41	91
6	41	91
11	11	33
8	11	29
8	11	28
1	9	91
0	6	90
4	6	25
5	5	25
6	9	25
0	11	89
0	17	90
7	12	29
6	12	27
0	14	87
1	14	91
1	9	90
0	3	23
3	10	88
5	11	91
1	-1	88
1	-1	91
7	14	36
3	6	86
2	7	86
27	32	91
28	31	91
26	31	91
24	29	90
27	31	91
29	32	90
29	29	91
0	5	91
0	14	90
0	8	91
1	9	90
0	10	90
5	14	32
0	9	91
0	9	90
0	3	22
0	8	91
0	11	91
0	9	91
0	10	90
0	11	90
6	7	32
7	45	91
27	32	78
2	12	90
16	10	62
0	-1	90
0	14	91
5	7	24
2	5	22
6	9	26
0	6	90
4	7	27
4	19	86
14	26	61
1	15	91
1	7	91
0	12	90
3	7	24
0	14	90
0	11	91
5	7	22
28	31	90
28	31	91
28	30	91
27	30	91
28	32	91
28	31	91
28	31	91
28	31	91
28	31	90
28	32	91
27	30	89
22	24	74
6	7	30
9	11	60
0	1	47
14	14	90
15	15	90
14	14	91
15	15	89
15	18	91
14	14	91
15	15	91
0	7	91
0	6	90
5	8	31
5	7	24
0	9	89
0	7	90
0	10	91
0	10	91
25	29	91
0	8	91
3	13	90
8	12	33
8	11	33
7	10	28
1	-1	78
0	5	89
17	33	91
4	11	30
4	23	91
6	7	23
0	11	91
0	12	90
0	6	90
0	13	90
0	19	90
7	7	29
4	12	91
0	7	91
0	7	91
4	8	24
7	9	30
0	9	91
0	14	91
0	10	91
3	6	23
7	14	31
1	5	21
1	15	91
0	5	91
4	9	25
0	10	90
5	10	90
1	9	91
3	5	22
0	8	90
0	12	89
0	14	90
1	2	73
1	5	90
0	9	90
0	12	83
0	5	91
0	10	90
1	1	38
0	2	38
4	5	23
1	6	21
4	6	23
0	12	91
0	16	90
0	11	90
0	14	90
0	9	90
3	6	23
5	8	25
0	7	73
0	8	90
1	10	91
1	10	91
0	6	91
0	11	89
0	16	90
0	4	20
0	16	91
0	17	91
0	6	91
0	12	91
0	5	91
1	-1	91
2	21	90
2	5	20
0	8	91
0	5	89
0	2	91
3	6	20
23	39	89
2	5	23
12	13	91
1	4	27
0	8	89
0	8	91
0	7	91
0	14	91
7	9	26
0	8	91
0	8	91
1	5	31
0	6	91
0	10	91
0	19	90
8	8	29
5	8	25
0	9	90
0	15	91
34	27	89
10	12	91
1	7	24
16	20	48
11	16	37
0	13	90
0	8	89
1	10	91
0	15	90
5	8	24
0	11	90
0	9	91
0	10	90
28	-1	91
4	11	29
4	14	90
4	15	91
1	11	91
0	9	90
2	12	90
0	3	91
3	1	91
0	7	63
0	7	63
11	21	91
8	16	89
27	28	90
34	27	89
2	6	91
1	11	90
2	7	90
2	9	91
0	9	91
6	6	24
1	6	23
5	7	24
22	39	91
2	5	22
1	9	91
1	10	91
3	6	22
11	13	37
9	14	36
9	13	35
9	13	37
7	13	35
5	9	27
8	12	35
10	14	37
7	13	35
6	11	31
6	13	34
6	13	33
6	9	28
6	11	29
6	7	26
6	10	30
6	10	30
4	11	31
0	15	91
0	10	90
9	12	32
0	6	90
0	9	91
0	9	90
4	6	22
29	-1	91
8	12	31
6	9	26
5	41	91
4	39	91
0	12	91
0	16	91
2	6	22
1	3	21
9	12	31
9	12	30
10	13	28
12	15	36
10	13	34
9	13	31
10	11	32
7	9	26
18	32	68
4	9	24
0	11	91
4	7	24
6	8	25
3	5	22
2	4	21
5	8	24
4	7	23
3	6	23
2	4	23
10	30	90
10	14	36
3	6	21
2	7	21
6	10	30
29	-1	90
1	4	20
0	9	90
0	8	91
0	19	87
0	12	90
0	11	91
1	5	20
2	8	22
0	26	91
5	9	31
11	13	31
1	8	90
5	11	37
3	4	25
4	6	24
2	5	24
1	5	20
5	12	32
5	14	29
13	16	38
14	16	39
17	19	43
11	14	32
14	15	38
6	9	30
0	8	90
0	14	91
0	10	91
1	9	90
2	9	91
2	9	91
32	-1	91
10	10	32
4	8	21
4	6	22
1	21	90
7	10	29
9	14	33
9	13	34
8	9	31
7	11	28
8	9	29
5	9	26
1	35	90
2	13	74
5	17	91
2	6	22
7	11	27
7	10	27
4	10	24
1	20	90
1	6	90
1	2	25
0	6	90
2	7	91
1	5	91
2	8	91
4	8	24
9	9	31
2	3	26
5	8	25
6	29	91
0	29	91
0	4	91
0	5	91
19	29	61
0	6	90
0	2	91
0	13	91
0	4	88
1	5	91
0	5	65
3	7	24
8	10	32
19	20	50
15	21	39
3	7	21
4	5	24
3	6	22
6	7	26
2	6	21
7	11	32
8	10	31
8	10	29
6	11	28
7	11	27
11	12	38
0	6	90
0	5	90
6	9	25
6	7	24
11	9	37
2	30	91
3	7	24
24	25	88
2	5	22
2	5	21
7	15	35
22	41	91
0	11	88
0	12	90
8	10	29
0	11	90
2	5	21
2	5	23
0	15	91
0	13	91
3	15	90
1	5	91
34	32	91
4	8	25
1	7	90
0	4	66
0	5	89
1	4	91
0	3	91
1	4	90
1	6	88
0	5	91
0	5	91
1	1	90
0	1	91
1	4	91
1	4	90
0	3	90
0	1	90
1	4	91
0	1	91
0	3	90
0	3	91
0	3	91
0	3	91
0	2	91
1	6	90
0	13	91
0	9	91
2	9	22
4	9	26
4	9	91
3	8	90
5	10	26
0	8	91
0	7	91
0	11	91
0	14	91
0	7	89
7	13	33
0	8	91
0	7	91
0	11	91
0	10	91
0	17	91
1	12	90
4	12	91
9	8	30
1	-1	91
0	6	90
5	6	23
7	17	91
0	10	89
0	13	90
0	-1	88
22	22	48
2	3	39
3	5	23
3	14	90
0	9	91
2	5	22
0	7	91
0	6	87
0	13	90
1	1	22
13	14	35
0	13	91
0	10	91
6	10	26
4	-1	91
3	5	31
3	5	21
8	12	34
2	5	21
21	26	91
23	28	91
2	34	90
0	11	90
0	7	90
0	9	91
0	5	91
30	38	89
1	8	91
0	13	91
0	8	91
0	7	90
19	20	61
0	10	91
0	9	91
0	15	91
0	7	91
0	6	88
0	9	90
2	5	30
0	8	90
0	9	91
0	5	91
21	27	61
20	21	68
0	11	91
0	14	91
2	7	21
1	4	22
1	4	23
5	7	29
22	32	91
0	8	91
0	2	91
6	17	90
3	17	91
0	9	91
8	14	28
0	8	91
0	17	90
4	6	23
0	11	91
0	12	90
24	39	90
4	6	27
1	12	91
3	16	90
0	9	91
2	6	21
0	11	91
0	10	90
2	6	91
3	11	90
35	-1	91
2	6	21
0	7	90
0	5	91
0	21	86
21	23	90
2	6	91
3	8	23
14	11	40
7	9	28
3	6	21
1	3	90
0	11	90
0	10	91
0	10	91
1	11	91
1	11	91
0	6	91
7	14	34
0	13	91
0	13	90
3	6	22
0	11	90
0	9	91
0	-1	90
4	22	91
6	22	91
10	13	40
0	9	54
0	7	91
2	5	21
0	11	90
0	9	90
9	12	37
8	14	35
7	9	28
0	12	86
0	-1	90
0	9	90
0	7	91
1	9	89
9	12	30
0	11	91
0	10	90
5	10	27
0	0	90
1	1	91
7	12	27
4	9	23
0	14	90
0	19	90
2	6	21
2	5	20
8	13	31
2	4	23
2	4	22
4	7	24
3	7	31
0	14	90
0	14	91
5	10	27
1	4	31
0	8	91
0	9	90
0	9	91
0	8	90
24	37	91
3	4	22
28	30	90
0	10	90
0	7	91
0	11	90
7	7	27
0	7	90
0	7	91
2	6	24
2	7	22
5	9	28
0	9	91
0	10	90
4	8	22
3	8	23
4	9	24
28	37	91
26	37	90
0	10	90
22	28	88
0	18	91
1	-1	91
0	-1	91
1	19	91
1	-1	71
2	9	25
0	14	90
0	12	90
0	16	90
0	12	60
0	10	91
0	-1	90
11	11	76
0	7	90
0	16	91
7	13	36
1	10	90
0	-1	90
1	11	89
21	35	91
0	11	91
2	15	91
4	10	90
1	12	91
3	6	41
3	6	31
6	-1	91
2	36	90
0	7	90
22	33	90
8	9	30
6	7	24
0	14	91
0	-1	90
1	9	91
0	7	90
0	5	91
0	20	91
0	13	90
6	11	32
0	6	85
0	6	90
1	9	90
1	11	90
0	5	91
0	11	90
0	11	91
0	9	91
2	7	23
2	13	91
0	9	91
0	-1	91
10	12	34
14	16	41
0	4	91
0	6	90
2	13	91
0	7	91
0	9	89
0	13	91
2	6	24
1	6	22
21	29	91
20	24	91
25	23	91
0	3	90
0	8	91
0	14	90
0	1	43
20	31	91
6	7	26
7	10	28
0	25	91
1	26	91
0	5	21
0	3	91
1	14	91
0	8	90
4	8	24
7	8	30
0	13	91
8	9	53
0	6	91
6	8	28
0	3	21
2	11	90
7	20	91
0	27	90
3	6	23
0	9	91
4	7	22
2	9	24
0	8	91
0	9	90
9	12	34
7	8	27
27	42	90
5	12	26
0	7	91
0	7	90
3	7	21
8	11	27
8	13	28
8	15	34
0	6	90
0	7	91
5	7	25
0	14	90
0	18	90
0	18	90
3	8	24
0	10	91
1	13	91
4	5	24
6	10	25
4	22	91
4	23	91
5	6	24
5	6	24
8	7	26
4	6	24
1	4	20
4	7	21
7	8	27
7	11	30
5	14	90
5	14	91
0	13	90
0	11	91
31	27	88
0	6	90
0	11	91
4	11	90
3	6	23
9	11	38
1	7	91
7	13	30
7	11	25
6	11	25
5	7	22
9	10	33
0	11	90
3	12	91
0	16	91
0	17	90
6	8	25
0	22	90
0	9	90
3	15	91
5	15	91
3	4	37
6	5	62
7	11	35
0	11	91
0	9	90
1	7	91
1	13	91
5	7	22
4	6	23
6	9	27
2	5	22
2	4	22
0	21	90
0	22	90
1	5	91
4	11	91
7	7	28
7	10	30
7	10	29
3	12	90
0	8	91
0	11	91
2	9	64
0	7	90
0	13	91
0	9	90
0	9	91
10	12	33
3	8	20
4	7	23
8	11	31
0	13	90
0	10	90
2	5	21
5	7	25
3	9	91
6	9	26
3	6	22
30	32	91
30	32	91
28	30	90
27	28	90
25	32	91
7	8	31
24	43	91
1	11	91
0	10	91
0	22	90
4	33	90
2	5	20
12	8	34
1	4	90
0	10	91
11	10	30
31	45	91
0	8	90
0	12	91
1	21	91
1	8	90
4	-1	91
6	-1	91
6	6	25
27	38	88
0	10	90
1	13	90
0	10	91
3	9	24
29	32	91
0	7	90
0	10	91
8	10	28
8	10	26
2	9	23
2	28	91
7	10	29
11	13	39
0	-1	89
1	12	91
3	8	23
0	7	91
0	1	89
4	4	28
6	6	27
8	9	27
4	8	23
4	25	91
4	26	91
9	13	33
5	6	22
0	-1	90
0	37	90
15	14	72
3	11	26
16	20	51
11	14	29
9	8	33
25	35	90
4	9	24
10	10	27
8	13	28
8	9	33
12	15	36
1	6	21
0	9	90
0	15	90
0	7	90
0	5	90
10	13	33
0	6	90
1	11	57
9	10	35
8	10	32
2	6	33
7	10	27
2	4	22
0	13	91
8	12	33
7	12	29
7	12	30
4	7	22
3	7	21
2	7	23
0	12	90
0	18	91
3	6	23
9	9	27
4	9	30
10	12	39
1	40	91
1	4	90
0	6	90
0	10	91
4	7	24
8	11	29
0	16	91
0	5	91
5	9	38
6	6	24
6	9	28
3	8	21
3	21	90
3	7	23
9	7	35
0	9	89
6	13	40
4	5	29
5	9	25
0	8	91
0	13	91
0	25	90
5	9	25
0	23	90
1	22	89
22	27	87
5	7	26
0	26	90
5	7	25
10	15	36
2	9	22
2	10	91
0	8	90
24	42	90
9	14	36
12	14	37
8	13	34
10	13	33
7	10	28
2	5	21
3	9	23
31	22	89
29	18	82
29	16	74
4	7	22
4	8	24
6	10	30
6	13	28
0	34	90
0	7	71
31	40	91
0	9	91
0	5	91
0	12	91
5	6	25
20	23	61
3	7	25
3	8	23
4	8	24
4	8	22
11	12	34
5	9	25
3	5	24
3	4	24
4	3	25
4	5	27
15	21	49
7	7	23
5	11	26
5	9	25
1	5	91
38	39	89
2	7	21
0	13	90
0	17	90
7	9	25
6	5	26
0	2	22
0	7	90
1	8	27
0	10	90
0	14	91
5	7	26
4	12	90
0	5	91
0	7	91
0	2	31
13	18	42
5	10	26
0	7	91
4	7	22
7	10	26
4	8	24
6	11	26
11	14	37
1	11	90
0	8	90
6	10	27
5	10	30
21	25	91
0	12	90
0	10	91
15	21	53
15	16	50
0	11	90
0	9	91
0	13	90
0	13	91
22	23	91
25	-1	70
3	6	22
5	7	24
17	22	47
0	3	51
0	3	51
3	-1	91
1	2	21
0	10	90
0	10	91
3	26	91
5	11	30
3	7	23
2	7	22
0	13	91
8	13	31
1	4	91
0	10	91
3	7	22
5	9	26
0	24	90
8	12	39
9	14	34
7	10	33
1	8	21
1	5	23
2	6	20
0	8	90
0	21	90
0	4	90
5	5	28
9	10	29
0	11	90
1	9	91
0	24	90
8	9	26
1	12	67
0	14	82
5	9	25
7	10	27
30	40	91
6	7	30
9	9	27
0	7	91
1	12	91
5	10	26
5	7	25
7	15	34
0	5	91
0	6	90
10	12	31
8	15	31
7	12	31
6	10	26
4	11	25
6	12	30
0	6	91
0	9	90
8	11	32
0	13	91
0	-1	89
3	11	90
1	5	87
0	8	91
0	8	91
0	-1	90
0	10	90
0	10	91
0	11	91
0	10	90
0	11	91
0	9	91
0	-1	90
1	-1	90
0	30	90
0	-1	90
8	10	30
0	23	90
0	15	90
0	12	90
6	9	24
6	11	26
6	7	24
12	12	41
0	11	91
0	-1	90
0	8	91
7	11	27
0	2	22
1	3	23
0	3	21
2	2	23
0	18	91
29	29	60
4	8	25
6	7	22
1	5	91
1	7	90
29	29	91
28	29	90
0	11	91
0	9	91
0	7	89
0	14	90
1	9	91
0	12	90
12	14	44
0	9	89
3	5	21
0	16	90
3	8	25
2	10	90
2	9	90
5	10	42
5	7	25
0	8	90
1	5	22
0	2	20
0	19	91
0	15	90
4	8	25
2	9	25
3	15	86
1	13	90
2	5	24
4	5	25
10	13	34
8	9	30
0	15	87
0	4	91
0	5	86
0	9	90
1	5	21
5	8	26
2	10	91
1	9	90
7	13	27
0	13	90
0	7	91
9	13	31
4	6	24
7	13	41
0	12	91
0	10	91
0	11	91
6	7	91
5	6	24
12	14	44
0	16	91
0	10	90
0	12	91
0	14	91
0	13	91
15	23	45
0	5	91
0	-1	91
0	15	90
0	14	91
25	28	89
1	5	22
7	7	27
13	13	91
5	7	24
0	8	91
2	11	91
0	13	91
0	9	90
0	7	89
0	10	91
2	5	21
0	11	90
0	15	91
1	-1	90
0	19	90
3	4	23
2	5	23
7	8	27
0	7	89
0	11	91
2	4	22
0	3	40
0	7	91
0	11	91
0	11	89
0	19	91
0	15	90
0	15	90
0	10	90
0	8	91
0	9	91
5	8	24
0	11	91
1	8	91
2	10	91
0	4	91
9	12	33
9	10	32
8	11	31
8	9	30
8	10	29
8	10	30
6	8	26
2	7	26
6	9	24
2	5	24
6	10	28
4	6	23
20	27	91
0	5	90
9	12	91
4	6	24
7	8	26
2	8	26
7	12	34
6	9	26
3	8	22
7	11	31
0	8	91
0	8	90
17	50	88
0	14	90
0	14	91
3	6	24
0	12	90
0	12	91
0	25	90
0	6	91
5	11	31
3	7	22
10	12	33
2	6	21
0	8	91
0	15	88
8	8	27
10	9	30
0	8	91
0	11	85
0	10	85
0	16	90
0	20	89
7	9	28
3	8	23
0	12	91
0	12	90
0	11	91
0	8	91
5	7	24
5	6	23
0	7	91
1	9	90
0	9	91
3	-1	71
21	17	65
20	14	62
0	14	90
11	26	45
6	9	24
0	10	90
0	7	91
0	8	90
0	13	90
0	10	91
0	9	90
0	8	91
0	17	90
1	4	91
1	6	91
22	35	91
2	13	90
3	5	22
9	10	35
6	7	25
16	17	91
15	16	91
1	1	71
7	11	33
9	10	31
1	11	90
0	-1	85
0	10	91
1	10	90
0	9	90
5	13	32
5	11	24
8	16	35
7	9	26
0	10	90
0	11	91
0	7	90
0	7	91
1	8	90
0	4	88
0	7	89
0	22	91
0	12	90
2	10	90
0	29	90
0	30	90
23	-1	91
12	4	38
6	8	27
10	11	27
25	37	91
6	8	24
0	8	90
7	7	26
9	11	32
7	10	28
3	7	22
0	11	91
2	5	24
5	7	31
3	6	23
9	13	30
4	8	27
7	9	25
8	21	38
0	8	91
4	7	23
5	7	25
3	9	24
0	25	91
3	9	91
1	8	90
5	7	25
28	39	91
0	5	91
2	5	36
1	3	24
3	5	21
2	3	90
0	-1	91
0	22	91
0	21	91
4	5	30
6	9	29
3	5	22
1	19	91
0	24	90
0	36	90
1	15	88
9	10	31
0	15	90
2	17	91
1	6	91
2	6	23
3	8	27
3	6	22
7	9	25
9	11	30
5	12	28
1	7	77
7	10	27
9	14	30
3	7	21
0	10	91
0	10	91
4	7	24
3	5	22
1	32	90
3	7	23
3	6	24
2	8	24
1	5	20
1	8	89
0	4	91
0	3	90
7	8	34
3	8	25
6	12	31
1	8	91
2	8	90
2	5	22
2	10	90
1	7	91
0	11	91
0	14	91
8	10	33
2	5	24
3	8	24
8	13	35
7	10	32
6	9	31
8	11	33
10	13	36
6	10	30
7	9	29
6	10	31
6	10	32
6	11	32
6	10	27
0	15	91
3	8	26
7	11	26
5	8	25
0	7	91
0	9	90
4	6	22
0	5	49
27	-1	85
1	22	91
1	22	90
0	7	90
0	11	91
8	11	36
2	5	30
0	-1	91
11	13	35
1	15	91
6	34	91
4	4	22
20	31	91
3	6	22
0	12	91
0	10	90
0	9	91
0	10	91
2	6	21
0	6	90
1	9	90
1	13	91
0	10	90
2	6	21
0	11	90
0	8	91
1	-1	91
0	-1	91
4	7	34
5	9	24
3	4	21
4	6	22
0	-1	88
0	11	90
28	24	91
1	6	91
0	12	90
0	6	91
2	6	23
9	11	31
7	11	26
3	36	91
3	37	91
3	4	24
5	7	24
5	7	25
3	10	24
0	10	90
0	13	90
2	9	34
2	7	21
3	6	23
3	7	24
4	7	24
0	9	90
0	10	90
6	11	25
2	3	24
1	9	91
0	3	90
0	8	91
0	9	89
1	7	26
0	10	91
0	12	88
0	9	91
0	9	90
0	12	90
29	38	89
28	38	85
30	37	90
30	35	90
20	30	70
18	24	60
32	38	91
25	32	76
31	38	91
16	24	57
36	36	88
15	20	55
27	35	89
21	28	70
17	21	57
28	40	89
1	12	91
2	3	91
9	22	91
3	7	24
3	8	25
4	8	25
3	8	25
14	19	58
4	8	26
1	9	91
0	19	91
1	11	90
0	19	90
1	8	90
5	13	91
1	6	20
4	22	91
1	2	24
0	-1	90
0	13	91
0	4	90
0	7	91
8	8	26
0	13	90
0	11	88
0	9	91
0	11	91
0	8	91
0	5	90
17	27	72
5	10	29
0	7	91
0	9	91
0	10	91
0	11	90
3	6	23
0	9	91
0	8	91
3	6	21
1	5	91
2	13	90
1	12	91
0	9	90
1	4	32
5	6	22
1	5	20
3	6	23
8	8	34
1	4	20
4	6	24
1	2	82
0	1	60
0	8	91
0	12	91
0	9	91
1	9	90
3	6	22
6	8	25
3	8	21
3	6	22
6	8	25
0	12	91
3	8	25
5	7	25
4	9	30
3	8	25
8	13	31
12	15	47
10	8	35
0	7	90
0	3	91
3	7	25
5	5	24
10	12	29
7	10	27
8	11	32
0	22	90
3	5	22
3	5	22
3	11	25
0	7	91
0	10	91
2	5	26
2	5	26
3	5	25
4	5	24
3	7	25
0	11	91
0	7	91
3	59	91
0	35	91
0	-1	89
0	8	90
0	8	90
0	6	90
0	11	91
2	6	26
2	7	24
2	6	24
1	7	23
0	14	91
0	9	90
4	8	22
0	16	90
2	4	24
0	13	89
0	4	91
4	6	25
0	14	91
0	10	91
3	7	22
4	10	30
0	11	90
0	12	90
2	12	91
1	7	90
0	8	91
1	2	21
0	6	90
0	10	91
7	7	25
2	14	90
1	12	88
3	6	25
1	6	21
3	4	91
0	12	91
0	5	91
0	13	90
12	16	43
0	16	91
0	26	88
0	-1	91
0	-1	91
0	9	90
10	10	91
7	8	31
0	8	90
0	9	91
5	12	90
1	5	20
0	11	90
0	7	91
12	13	36
0	10	90
0	10	91
0	8	91
1	36	89
0	13	91
5	6	22
1	3	30
23	34	91
6	8	91
0	11	90
22	39	91
0	11	91
0	5	91
4	10	26
4	9	25
6	13	32
0	6	89
0	13	90
0	14	89
1	9	90
2	10	91
3	4	22
4	10	24
4	8	24
2	5	22
2	7	24
3	7	33
13	11	42
11	9	38
0	13	91
5	7	24
6	8	25
5	13	91
0	12	90
0	15	90
8	8	27
0	9	90
0	11	91
0	8	90
0	9	91
1	8	91
5	8	24
4	22	91
0	-1	89
0	9	90
0	10	91
4	6	33
1	2	33
1	2	21
8	12	42
4	9	25
4	8	22
0	13	91
4	8	22
1	11	62
0	9	62
2	9	90
0	13	89
0	14	90
0	9	89
7	11	26
0	13	91
0	13	90
4	9	23
1	9	84
1	9	91
28	33	72
1	7	91
11	12	41
1	35	90
0	9	91
0	10	91
0	6	91
0	7	91
2	6	21
2	3	31
0	11	90
0	18	89
0	-1	90
0	8	90
2	6	23
1	6	91
4	5	21
8	10	29
2	7	22
6	7	46
6	-1	90
6	6	25
1	4	21
5	7	25
4	8	24
0	2	91
34	38	90
6	8	27
7	9	27
7	11	26
6	9	26
0	9	90
6	6	34
3	8	25
0	12	90
0	10	91
4	8	23
3	5	20
0	3	23
5	6	24
0	17	90
0	15	90
2	8	24
10	9	41
0	6	87
0	6	91
3	6	26
18	18	91
0	7	91
0	5	90
2	7	91
0	6	91
0	10	91
0	37	90
4	8	22
9	10	29
0	27	89
9	14	32
0	9	90
0	13	90
7	11	27
20	25	48
13	16	31
1	3	20
2	6	33
1	5	30
1	4	25
3	5	22
0	11	91
0	10	90
26	27	91
22	24	53
0	9	91
1	14	90
11	13	33
2	4	23
9	10	30
8	9	31
3	8	24
3	6	21
6	7	26
6	7	25
7	9	27
0	4	90
0	9	91
0	10	90
0	5	91
19	31	69
17	19	56
3	7	24
4	6	23
3	6	22
3	7	24
14	13	90
4	8	32
3	8	24
2	8	22
2	6	22
38	43	88
4	8	23
6	10	27
3	7	21
3	9	25
8	10	27
7	10	30
0	7	91
0	9	91
1	18	91
1	25	90
0	11	90
0	9	90
2	4	23
3	5	22
5	10	30
1	9	89
0	10	91
1	2	20
2	10	22
0	8	91
0	11	91
0	11	91
19	23	47
0	5	91
3	7	25
0	11	91
2	10	91
4	20	89
6	12	26
0	10	90
0	2	90
0	1	91
0	1	90
0	0	91
0	0	91
0	7	91
0	1	90
0	2	90
0	0	90
0	3	91
0	1	91
0	6	90
1	5	91
0	2	91
0	3	91
0	1	90
0	4	90
1	-1	91
0	0	91
0	0	90
0	0	69
0	0	90
0	4	91
0	0	90
0	1	91
0	-1	91
0	0	90
0	5	91
0	0	90
0	0	90
0	4	91
0	0	91
0	10	91
8	10	31
6	9	31
1	3	22
0	6	91
0	4	91
1	4	20
0	23	90
10	14	40
10	14	36
7	11	25
1	6	91
2	8	91
0	9	74
4	11	91
1	8	91
4	10	91
2	6	91
3	7	90
0	14	90
0	9	90
1	7	91
3	12	90
0	2	90
0	1	90
0	7	91
0	11	90
0	1	90
4	9	90
6	15	91
1	10	50
1	6	20
0	15	91
0	-1	91
0	8	90
34	28	89
1	6	22
22	29	91
21	37	90
1	10	90
4	14	91
1	9	91
2	12	91
2	7	24
0	12	90
0	8	91
4	6	30
0	-1	91
5	6	23
6	10	32
0	8	91
6	5	25
2	9	33
0	6	90
0	7	91
1	4	20
1	9	90
1	21	88
0	3	90
1	3	91
0	14	90
0	8	91
3	5	22
13	22	52
0	2	86
3	9	39
0	29	91
9	11	34
0	8	91
0	9	91
0	12	91
0	18	91
0	10	90
0	16	90
0	12	89
4	6	23
2	8	90
0	4	91
1	5	91
0	10	90
2	6	26
3	7	26
3	6	23
0	9	91
0	11	88
6	6	24
15	15	91
15	15	91
15	15	91
17	15	91
15	15	90
15	14	91
15	15	91
0	9	91
4	8	23
4	6	22
3	16	91
0	10	91
0	8	91
0	7	90
0	6	91
4	6	23
0	7	90
0	9	90
6	13	30
7	13	31
4	10	26
5	11	26
0	2	20
2	8	23
0	6	53
0	6	90
0	14	91
19	21	78
4	8	23
0	6	90
0	9	90
8	9	30
2	3	21
0	10	90
0	12	90
5	7	26
9	9	28
10	11	30
10	11	31
3	8	23
9	11	31
26	29	91
25	27	91
26	33	90
20	21	71
25	28	91
26	28	90
25	27	91
25	25	83
0	7	91
0	7	91
2	10	91
0	11	90
10	18	38
6	9	25
0	3	90
0	7	90
0	5	90
0	11	91
0	6	91
1	8	91
2	8	90
2	7	86
2	8	90
2	10	91
0	8	91
0	13	91
43	42	90
4	27	90
0	16	91
10	15	35
4	8	28
0	10	91
2	3	22
0	10	87
0	10	90
0	-1	91
23	30	91
4	7	22
0	9	90
5	9	30
1	10	89
1	11	89
0	6	90
22	43	91
5	11	30
7	9	27
0	14	91
0	11	90
0	14	91
0	7	90
1	19	91
0	6	91
7	6	24
0	9	91
0	9	90
6	7	26
1	4	21
5	12	31
30	36	91
1	13	88
0	11	91
0	10	90
0	21	91
1	9	91
0	9	90
4	7	24
38	35	88
7	7	24
0	2	32
28	32	91
27	32	91
29	32	91
17	19	57
7	17	45
0	11	91
0	8	91
0	14	89
0	10	90
3	5	21
3	5	22
27	26	90
1	4	25
0	8	89
0	7	89
1	13	90
0	10	91
0	6	91
0	16	90
0	6	43
0	0	91
0	12	91
0	10	91
25	28	89
28	28	91
0	11	91
0	2	90
1	6	22
2	7	91
2	10	90
28	32	90
0	2	32
2	4	25
0	11	91
2	5	20
0	14	91
0	16	89
1	5	20
3	-1	91
0	6	91
0	16	91
3	5	22
0	11	90
4	9	23
2	7	36
4	10	24
3	10	24
6	8	24
0	7	78
0	7	78
0	-1	90
0	-1	90
0	15	91
0	13	90
29	32	91
6	10	30
0	6	91
1	18	91
1	18	91
1	-1	91
1	-1	91
1	-1	91
0	17	91
2	6	21
1	8	20
6	8	24
38	40	91
25	36	91
5	7	21
2	4	20
2	7	21
10	11	39
3	5	22
8	10	35
0	7	90
0	10	91
2	3	21
4	9	25
4	8	27
3	9	22
3	7	21
0	36	91
3	5	23
29	29	91
27	29	90
28	29	91
16	20	41
4	30	90
2	6	20
2	6	21
9	12	31
3	5	21
8	10	30
10	13	29
2	6	25
0	16	91
3	6	24
1	14	91
1	13	91
4	13	30
7	13	30
0	0	90
0	0	91
4	7	23
3	6	22
1	9	90
24	26	91
0	3	91
0	4	90
1	7	81
1	6	22
4	8	25
3	7	25
3	9	25
9	13	33
6	10	25
10	15	41
3	7	25
8	9	27
0	8	90
0	-1	91
0	0	91
1	5	90
0	10	90
4	7	27
7	8	24
2	13	91
5	7	24
0	9	91
1	12	91
0	6	90
0	7	90
10	18	40
10	15	37
7	9	31
0	5	90
0	6	88
5	10	22
7	3	27
4	16	91
0	10	91
0	9	90
0	5	91
0	4	20
0	7	90
2	16	87
3	12	91
0	3	91
0	7	91
2	16	91
2	-1	90
31	36	83
4	8	24
2	6	90
2	10	91
1	4	24
1	17	91
2	9	90
29	-1	91
28	29	91
28	29	91
26	27	81
0	5	90
1	11	91
1	4	38
4	7	23
7	9	32
4	5	24
35	28	90
0	5	91
1	10	90
11	4	35
6	8	26
1	7	90
0	10	90
0	13	89
0	11	91
1	21	91
2	4	21
3	7	23
4	7	24
0	7	90
0	8	62
0	8	91
0	8	91
0	7	91
0	16	90
0	-1	90
3	6	24
3	6	22
3	6	24
2	6	23
4	9	90
2	6	91
5	7	22
0	10	90
0	2	21
2	8	87
2	-1	87
5	7	24
4	8	25
4	6	22
3	5	25
3	7	23
3	6	22
0	5	75
0	6	75
0	10	90
0	6	91
5	7	24
0	25	90
0	24	90
3	-1	90
15	32	91
0	12	89
0	8	91
0	13	90
0	21	90
1	3	23
0	7	91
3	7	33
25	29	91
27	31	91
25	30	91
28	33	91
27	27	84
29	30	91
1	8	90
0	9	91
0	11	90
0	7	90
0	4	91
0	12	90
0	14	89
0	11	91
0	10	91
6	22	91
3	21	91
4	22	91
0	14	91
0	7	91
1	13	91
0	6	90
4	7	24
0	27	90
17	20	44
6	8	23
0	12	81
0	12	91
0	20	91
0	16	90
2	8	90
0	11	91
0	10	91
0	10	90
2	11	91
1	7	91
1	7	88
1	14	90
0	10	90
1	13	91
0	6	90
10	13	37
1	11	91
0	7	77
0	14	91
1	10	90
3	21	83
0	14	90
1	6	90
1	7	91
12	17	34
0	14	91
0	10	90
0	14	91
0	18	90
1	6	91
0	8	91
0	11	90
0	5	91
0	10	91
0	14	91
1	13	90
0	11	91
0	6	91
0	8	91
16	16	42
4	28	91
7	9	26
0	5	90
5	7	23
2	11	91
1	11	91
7	39	91
1	21	90
0	18	90
1	17	86
0	10	90
3	6	21
0	11	90
0	10	91
4	7	23
3	4	24
0	13	91
0	9	91
9	11	90
0	6	90
0	-1	90
0	5	90
0	16	91
0	5	90
0	13	90
0	10	90
0	5	90
0	9	91
0	12	91
0	13	90
3	7	23
6	10	25
3	15	90
1	17	90
29	36	89
24	25	91
0	11	91
3	6	21
8	11	33
0	2	23
1	5	22
0	8	91
0	20	87
25	34	91
7	8	30
0	1	58
0	20	91
0	15	90
1	10	89
4	7	28
21	19	62
2	5	91
0	6	90
7	8	26
6	10	28
7	9	27
8	10	30
1	8	23
0	2	22
1	9	91
3	5	24
4	13	89
4	32	91
5	7	24
22	28	91
0	4	86
5	6	22
8	10	30
0	12	91
0	6	91
8	8	27
9	10	32
7	14	29
0	8	91
0	16	90
0	15	91
5	10	27
1	5	21
0	8	91
0	4	90
4	4	24
5	8	25
7	10	26
8	7	25
26	-1	88
6	12	27
4	7	21
2	7	22
3	6	24
5	8	28
4	6	24
0	15	91
0	6	91
11	11	31
1	7	24
3	7	22
0	8	91
0	9	91
7	8	31
12	12	39
24	40	90
3	7	23
10	12	37
0	10	91
11	13	45
4	7	25
5	10	32
1	11	91
2	4	23
0	12	91
0	16	91
2	-1	91
2	6	90
5	27	91
0	8	91
0	7	91
1	8	91
0	8	87
3	5	23
0	13	91
0	10	91
8	9	30
7	8	27
29	33	91
15	19	54
5	8	31
1	4	21
5	7	25
4	27	91
7	8	24
27	31	91
0	23	90
0	22	91
0	7	91
0	8	90
0	7	90
0	17	91
3	6	22
1	4	21
4	6	30
0	5	91
0	4	91
1	-1	91
0	7	91
0	-1	91
5	7	33
2	7	20
0	16	91
0	13	91
32	36	91
3	6	24
0	15	91
0	11	91
0	5	28
28	42	90
0	8	90
0	7	90
5	7	24
6	7	24
0	10	87
8	10	30
0	5	91
0	15	90
3	5	21
4	9	22
2	6	22
3	9	22
0	32	90
7	8	25
6	7	25
10	10	32
0	12	90
4	6	24
2	6	22
3	8	22
0	8	91
3	7	21
0	15	91
0	14	90
5	9	26
8	13	31
5	8	24
1	11	89
1	12	91
1	11	60
0	10	91
0	9	90
4	9	24
6	10	31
6	8	26
5	8	25
5	7	24
5	7	24
5	7	26
26	22	91
4	6	25
4	6	23
0	9	91
28	39	82
0	14	90
0	9	90
6	13	32
5	9	25
1	9	91
0	5	90
2	6	22
5	9	24
22	42	91
3	7	26
0	15	90
0	12	91
0	10	90
9	8	32
0	7	90
10	9	34
10	9	33
0	7	67
0	13	91
4	47	91
1	7	22
7	8	31
6	9	23
22	42	91
3	13	90
1	12	91
25	25	62
0	13	90
0	11	87
3	5	37
25	28	76
4	5	23
0	12	91
4	10	22
11	15	40
12	14	41
5	8	26
4	7	25
0	20	91
0	16	91
25	37	91
0	25	91
0	10	91
0	11	91
9	12	33
1	8	60
7	11	32
1	8	91
0	6	91
1	6	90
2	7	90
0	13	88
0	7	90
5	10	24
2	7	22
36	35	88
24	24	60
1	6	21
19	38	88
7	8	26
2	8	22
3	6	22
8	11	31
4	38	91
30	32	87
9	8	32
8	8	30
7	8	28
7	7	25
2	5	22
4	-1	91
4	35	91
2	35	91
7	9	28
0	10	90
9	10	31
0	30	90
3	5	21
7	13	29
1	12	91
1	11	91
0	13	90
2	5	23
2	5	22
3	6	23
31	38	91
7	11	30
8	15	36
7	11	28
8	11	26
8	15	34
32	33	91
0	21	90
0	17	90
6	9	28
4	5	26
0	6	55
2	11	91
1	11	91
0	12	91
34	26	91
4	7	32
7	11	27
3	7	23
0	11	91
8	11	35
7	10	27
0	11	90
0	9	91
0	7	91
0	37	91
0	37	91
0	5	90
1	3	21
2	5	22
0	5	55
0	10	90
0	15	91
0	19	89
1	7	91
29	39	91
5	15	34
0	12	90
1	6	91
0	5	91
6	10	25
1	5	21
4	9	24
3	4	24
6	8	25
0	8	91
0	4	20
3	4	21
0	3	91
0	5	90
4	8	34
0	9	90
0	10	90
6	9	25
1	4	43
0	21	90
0	3	90
0	10	91
0	11	90
0	11	91
0	7	91
1	7	22
0	0	22
1	4	22
2	4	23
6	18	51
1	1	22
7	7	30
2	8	91
0	7	90
0	15	91
0	16	90
7	9	25
5	5	25
4	8	31
0	6	91
2	12	90
0	12	91
35	39	91
0	8	91
6	6	26
7	10	27
6	9	26
13	13	37
3	13	91
1	12	90
0	9	91
0	10	89
1	5	21
1	5	20
22	26	66
0	6	91
2	5	91
7	9	31
9	41	89
1	4	24
1	1	30
0	1	91
2	14	91
5	7	25
6	10	30
2	8	23
0	9	90
2	6	21
0	4	23
6	8	30
2	2	23
7	10	91
3	32	91
4	7	41
4	8	24
7	13	29
7	10	26
9	13	33
9	13	31
8	13	30
4	5	90
7	7	32
11	22	56
0	5	90
13	34	78
9	14	32
12	18	41
11	15	33
4	7	23
4	5	23
5	8	90
0	10	90
0	12	90
3	16	88
2	7	91
0	16	91
0	16	90
0	10	91
0	12	90
0	8	90
0	0	90
0	10	91
2	6	88
3	7	91
8	10	26
0	12	90
0	-1	90
0	10	91
11	11	31
2	21	91
0	11	91
0	11	91
0	9	91
0	17	90
6	8	26
4	14	29
0	15	90
0	8	90
0	7	91
20	21	62
6	14	91
2	8	91
7	9	28
0	9	90
0	15	90
4	6	29
0	3	21
0	10	89
35	39	88
11	13	31
0	9	70
0	8	70
9	10	34
3	22	91
3	21	91
7	13	30
7	10	30
0	31	91
6	8	25
6	10	29
2	6	22
6	14	35
12	16	44
9	15	38
0	-1	91
7	8	26
7	9	26
1	10	91
0	8	91
0	8	91
0	8	91
2	7	33
0	12	90
0	7	90
18	16	91
7	8	24
0	16	87
0	-1	55
0	7	90
0	15	90
1	17	90
9	10	28
8	12	29
1	12	91
2	6	91
5	-1	91
3	7	23
5	5	24
4	7	24
2	10	90
24	25	65
3	6	23
4	7	23
6	10	30
4	4	91
21	29	91
0	11	91
2	9	91
0	5	90
0	6	90
0	6	90
0	14	90
0	14	91
6	6	30
3	8	25
0	9	91
9	8	29
0	9	90
0	6	91
0	9	86
8	10	30
1	14	88
1	8	91
1	11	90
1	7	90
3	6	21
0	10	90
33	45	91
4	9	25
6	7	26
0	7	91
17	18	48
0	12	90
0	16	91
5	8	24
6	9	26
1	8	41
2	3	21
9	12	32
12	19	52
17	19	47
17	18	50
0	14	90
0	9	91
3	7	21
5	7	24
12	13	31
3	10	90
0	9	91
0	15	90
0	17	91
0	15	90
0	10	91
0	11	91
0	10	90
2	7	22
0	4	88
0	8	90
0	6	90
5	14	90
0	15	91
5	5	24
1	11	91
2	12	90
4	9	23
0	6	90
0	9	91
0	10	91
0	8	91
1	13	90
8	12	29
1	7	91
0	11	90
1	9	90
7	9	28
0	10	91
0	11	90
0	8	91
4	7	22
0	10	90
0	8	91
2	4	31
0	9	89
0	23	91
0	31	90
13	12	40
0	8	90
1	18	90
0	11	91
0	9	90
5	8	26
25	33	91
1	11	91
0	5	90
11	15	44
7	12	32
29	30	90
3	4	25
6	9	32
2	6	24
0	7	91
2	10	91
0	6	89
0	6	91
4	15	88
0	15	91
5	9	26
6	9	26
0	9	91
8	5	90
7	10	34
0	10	90
0	12	91
8	9	32
7	9	27
9	11	29
3	8	22
1	5	26
0	6	90
0	10	90
0	16	90
0	14	91
0	6	90
0	9	91
2	5	22
7	8	26
8	8	27
3	6	23
5	7	24
6	8	25
0	11	91
2	11	90
8	12	31
22	20	74
0	8	90
0	7	91
0	5	91
3	6	24
6	9	27
5	23	73
4	21	68
6	23	69
4	20	56
33	-1	90
22	-1	91
4	12	91
3	8	90
6	12	91
3	6	26
0	8	90
0	7	91
2	7	89
3	14	88
3	9	91
5	7	27
0	15	90
3	10	24
3	9	24
0	11	91
0	10	90
22	25	91
3	5	24
4	10	32
0	0	29
0	6	91
29	37	91
1	17	91
0	11	90
0	12	91
0	9	90
0	16	91
0	4	91
0	12	91
0	10	91
0	10	90
1	8	38
1	14	90
6	12	31
4	5	23
3	8	24
6	8	25
1	11	91
0	9	91
0	11	91
0	19	90
7	9	26
5	6	25
40	41	91
7	14	43
21	24	66
4	3	33
28	35	89
34	37	91
2	22	91
0	9	90
0	0	91
5	13	31
2	12	91
6	9	34
0	8	91
8	12	30
0	5	91
28	33	91
27	29	91
23	23	73
3	7	24
5	7	26
1	7	91
1	7	91
6	11	27
0	-1	90
3	6	23
0	12	88
0	11	88
0	1	90
0	1	91
0	1	91
0	1	91
0	2	87
4	7	23
4	8	28
11	14	32
5	7	24
9	12	33
5	6	25
5	8	26
5	11	27
0	4	80
0	5	80
0	15	91
0	7	90
1	7	89
34	41	91
12	16	40
0	8	91
0	8	90
6	8	24
7	9	27
7	11	31
7	10	32
0	14	91
4	12	91
1	4	91
3	7	24
0	9	91
0	11	91
0	28	91
7	10	32
0	14	91
5	6	26
3	7	23
4	6	22
30	25	91
6	10	26
5	10	27
6	10	26
12	9	33
11	11	35
11	10	34
3	7	25
0	7	91
0	7	90
0	23	91
0	10	90
2	8	89
4	12	90
23	38	90
0	12	90
0	9	91
0	14	90
2	5	22
2	6	23
2	6	24
0	11	89
0	12	91
0	10	90
0	10	91
2	6	21
0	8	91
0	8	91
21	42	91
23	39	91
33	34	91
0	15	88
1	12	90
2	10	90
1	8	90
3	8	22
5	7	24
0	6	91
0	6	91
4	13	32
1	6	90
0	1	91
25	35	91
6	13	38
15	18	87
9	10	30
6	8	25
6	7	24
6	7	26
7	11	29
6	9	26
7	12	34
0	9	91
0	7	90
5	12	25
5	9	22
3	7	22
2	8	22
0	4	90
0	5	91
8	15	32
9	11	31
8	12	30
1	3	24
0	10	91
0	14	90
1	11	90
7	7	24
10	10	31
0	3	21
0	10	90
1	10	90
25	29	90
0	4	91
8	11	31
5	10	31
1	11	91
7	12	27
2	15	90
14	16	47
0	11	91
0	10	91
0	12	90
4	7	25
3	6	20
6	6	91
1	10	91
3	11	91
2	9	91
0	6	90
2	23	91
0	10	90
0	9	91
0	8	90
2	7	23
0	-1	90
7	7	24
10	10	33
0	12	90
0	12	91
0	10	91
0	6	88
1	11	90
12	14	32
4	13	91
3	11	91
1	10	90
3	13	89
0	16	90
3	9	23
3	8	24
0	10	91
40	37	91
7	6	30
4	9	25
0	15	91
0	10	90
7	16	32
5	7	30
4	7	25
5	7	24
0	13	91
0	7	91
3	13	31
8	11	42
5	7	24
2	8	21
0	7	90
0	10	91
2	9	90
4	12	91
5	9	24
0	5	91
0	16	89
2	5	23
5	10	29
0	9	90
0	10	90
3	6	20
0	38	91
0	10	91
0	9	90
5	6	25
1	9	90
0	5	91
0	6	90
10	11	39
15	17	44
2	12	91
0	27	91
1	5	22
20	20	51
0	7	91
0	8	90
2	8	25
3	10	26
0	9	90
5	11	33
3	5	25
0	13	89
1	4	23
1	4	21
14	11	39
2	6	20
3	6	24
2	18	91
5	9	31
1	11	89
0	11	91
15	24	50
1	9	91
6	8	25
0	8	90
0	3	91
0	15	90
0	13	89
8	11	32
5	7	26
1	8	90
1	10	90
3	25	91
0	21	90
5	10	26
0	6	90
0	6	88
0	6	91
0	6	91
0	12	91
14	13	85
0	10	90
0	7	90
0	8	91
0	26	89
3	8	91
3	7	37
4	6	27
6	18	91
3	16	91
0	10	91
2	7	91
5	7	23
0	7	91
0	7	90
4	6	23
2	7	24
5	10	30
3	6	21
2	-1	90
2	11	91
26	39	91
0	9	91
0	9	90
7	9	25
0	-1	91
0	10	90
0	7	90
0	7	91
4	5	22
5	5	58
15	22	91
9	15	60
12	16	75
0	11	90
0	21	90
0	10	90
2	9	90
7	9	26
6	9	27
8	11	29
1	2	23
18	29	63
6	10	27
9	10	26
1	9	90
0	7	91
2	4	23
6	8	24
6	9	27
5	7	25
0	8	91
0	11	91
7	6	26
5	4	91
4	6	25
2	5	91
3	5	24
2	6	23
7	10	35
8	13	29
22	26	74
0	10	91
1	10	21
8	8	27
7	5	31
0	8	91
0	8	91
3	7	91
7	12	90
4	9	24
0	15	90
0	8	90
1	12	91
2	9	91
5	10	30
3	7	22
3	7	25
3	6	23
4	8	26
3	6	24
4	14	90
4	12	90
6	9	30
6	-1	91
5	-1	91
7	11	28
2	6	25
1	5	22
0	7	91
0	4	90
0	5	91
2	12	90
8	11	30
10	11	29
7	11	28
5	7	33
0	8	91
0	17	90
0	9	91
2	4	22
8	8	28
24	39	90
3	5	90
1	5	22
6	7	23
6	7	24
36	42	91
1	12	90
5	10	28
25	35	80
1	13	91
0	7	91
26	28	80
1	5	90
3	13	83
15	23	50
21	24	58
2	5	21
8	9	26
8	13	33
5	8	27
0	12	91
1	6	91
0	8	91
37	42	91
0	13	90
3	9	26
0	10	91
0	8	91
2	12	91
6	13	31
7	16	37
0	5	34
33	38	90
0	5	91
0	5	91
0	11	91
0	4	90
0	-1	90
0	8	90
0	14	91
0	6	91
2	5	23
0	13	90
0	13	90
5	9	24
4	24	91
2	4	23
0	11	89
0	10	90
38	30	89
3	6	23
3	5	21
1	5	20
0	14	90
0	15	91
0	7	91
0	15	90
7	8	27
0	34	90
3	6	22
3	4	24
3	6	27
1	4	23
3	14	91
3	12	90
6	12	27
5	9	27
8	12	32
0	20	90
2	6	90
2	7	91
3	7	24
1	5	91
1	14	90
0	11	91
2	7	22
0	9	91
0	14	91
0	10	91
7	7	25
0	9	90
13	15	91
0	11	90
0	12	91
0	9	91
0	12	91
1	8	91
0	5	84
1	7	91
0	-1	90
6	8	30
3	11	91
2	8	90
0	6	60
2	12	91
1	12	90
2	7	23
8	10	30
1	3	21
5	6	24
2	9	21
5	10	90
0	11	91
1	14	88
0	7	90
0	21	91
0	11	91
0	11	91
3	-1	91
6	26	91
0	10	88
0	7	91
3	11	91
0	8	88
0	30	91
6	8	30
0	7	88
1	33	91
7	9	27
6	10	31
0	14	91
0	17	88
0	2	90
2	8	91
2	6	24
2	8	90
0	4	90
0	11	90
3	11	91
2	11	90
11	15	35
1	7	91
0	14	91
0	9	91
1	6	91
3	13	91
1	11	90
6	8	27
8	11	33
1	6	48
14	21	48
6	27	83
2	5	22
1	4	67
0	4	67
3	12	89
1	12	91
6	7	27
0	36	91
1	11	91
3	3	21
0	14	91
0	16	90
0	16	91
6	5	89
1	7	91
0	9	90
0	17	90
0	10	90
0	4	90
0	5	91
0	8	91
0	11	91
0	10	91
0	14	90
0	11	90
8	12	32
3	7	22
0	7	90
0	9	89
1	7	90
0	14	89
0	14	90
0	16	91
1	9	90
1	5	91
22	27	91
0	7	90
0	11	90
1	10	91
0	10	90
1	4	23
0	19	90
0	14	90
0	5	90
0	4	89
4	9	27
7	8	30
0	9	90
1	10	90
0	9	91
4	7	22
7	13	30
5	9	25
5	9	23
21	23	59
20	23	58
21	22	56
0	9	90
0	6	91
2	5	22
3	13	91
1	12	90
2	10	91
1	6	91
0	1	20
7	10	30
1	25	91
0	10	91
2	15	91
0	17	90
0	5	91
0	3	21
0	12	90
0	9	90
1	6	21
8	13	32
0	34	90
0	9	89
4	7	22
0	8	90
0	13	91
0	13	91
0	28	91
0	5	91
0	10	91
0	27	89
4	8	24
4	6	24
8	9	36
1	11	91
1	9	91
0	8	90
1	5	90
1	5	89
2	9	91
22	-1	87
0	8	90
0	17	89
0	7	90
0	10	89
7	10	31
0	8	91
11	13	35
6	9	31
0	16	90
0	10	91
0	12	90
0	7	90
0	7	91
26	28	90
7	11	29
6	22	90
0	13	91
0	10	91
32	-1	90
0	3	90
2	4	21
0	9	90
0	12	90
0	8	91
0	10	91
0	15	90
1	5	20
0	7	91
1	10	91
2	11	88
0	15	91
0	8	77
4	8	25
2	7	24
0	8	91
0	10	90
0	17	91
0	11	90
0	22	90
4	12	91
4	16	90
0	8	90
0	4	90
1	9	90
3	11	91
5	8	25
2	6	20
1	5	20
0	12	49
0	10	90
0	10	90
0	12	91
8	12	29
0	10	91
0	21	91
0	6	90
0	6	91
0	5	67
0	2	90
0	8	91
18	21	43
0	13	90
1	-1	91
3	6	22
1	6	22
1	12	90
0	1	90
0	3	91
0	1	65
0	2	57
0	13	90
0	13	90
0	4	21
0	7	90
0	10	90
6	9	26
3	7	22
3	8	23
0	8	91
0	11	91
6	8	27
2	4	25
0	12	90
0	11	91
4	8	27
8	9	31
0	-1	90
0	8	90
1	1	21
2	4	22
0	14	91
8	13	37
1	13	91
2	8	91
0	12	91
0	13	91
0	10	90
0	10	91
0	15	90
0	10	91
0	10	90
0	10	91
3	4	22
0	11	91
20	33	91
14	17	90
24	26	90
15	22	91
3	14	89
2	11	90
0	3	90
2	5	91
1	9	91
2	15	91
22	22	71
0	7	91
0	13	91
0	11	91
8	11	30
1	10	90
3	18	90
0	15	91
0	8	91
0	12	90
0	9	91
2	9	91
0	6	90
21	30	91
25	30	91
1	13	91
2	11	90
0	10	85
1	11	88
2	10	76
0	9	91
0	15	90
0	14	90
0	7	90
2	9	90
0	13	90
14	16	91
8	10	36
6	15	91
1	10	90
1	7	91
1	7	91
0	12	91
0	11	91
13	12	39
0	5	90
1	8	91
0	11	90
0	7	89
8	11	39
4	39	91
4	-1	91
4	7	90
6	8	31
5	5	24
0	10	91
0	11	91
1	12	90
3	6	21
0	9	90
22	28	90
14	15	51
0	7	90
0	7	91
21	24	85
23	26	90
0	9	90
8	9	26
1	21	91
2	4	21
8	12	32
0	6	91
0	8	90
0	4	91
0	9	91
1	4	24
0	11	91
0	14	91
0	9	91
0	10	90
5	10	32
0	8	91
0	10	90
0	5	90
0	10	91
26	32	90
33	27	85
35	30	91
32	27	84
1	4	20
0	9	91
1	9	91
1	12	90
3	15	90
0	5	90
6	1	26
0	15	91
0	18	90
0	1	26
0	27	90
0	8	91
0	4	20
0	8	89
0	13	91
11	17	46
5	8	33
3	6	20
0	9	91
0	8	91
0	9	91
0	5	22
1	7	91
7	10	28
2	11	90
1	12	91
1	9	91
2	5	91
4	7	90
6	5	28
4	33	90
2	14	55
0	25	91
7	12	44
0	8	91
6	8	49
1	10	90
1	10	90
3	8	22
0	27	90
9	10	32
0	9	90
0	9	90
0	10	90
0	13	91
0	9	91
7	11	32
13	15	34
5	22	91
5	21	91
4	23	91
4	5	24
1	3	20
2	4	22
2	7	23
0	4	90
4	17	91
2	13	90
0	10	90
0	5	91
7	5	25
4	15	32
0	12	90
0	-1	90
0	6	90
0	18	91
0	9	91
2	3	20
8	10	29
7	9	28
0	14	91
0	7	91
4	8	32
0	13	90
0	15	91
0	8	90
0	7	91
0	11	91
1	5	24
0	9	90
5	37	91
8	37	91
7	36	91
0	15	90
0	11	91
5	8	26
6	7	24
0	21	91
0	18	90
0	8	91
0	9	90
6	8	25
5	7	24
0	10	91
1	11	91
0	14	91
0	16	91
9	15	37
0	17	91
2	13	90
3	12	91
3	6	25
0	10	91
0	8	90
5	10	27
3	8	23
1	9	91
0	12	91
5	8	25
0	10	90
1	5	91
2	7	91
0	9	91
9	12	30
2	10	91
6	8	31
0	14	90
0	15	90
0	19	91
0	12	90
0	8	91
2	7	20
1	5	21
1	8	22
6	11	26
0	7	91
0	10	90
5	9	27
4	14	90
5	17	91
0	9	91
4	13	91
2	5	21
1	12	90
0	4	90
0	11	91
0	10	91
0	9	90
4	20	91
0	7	78
10	15	38
3	5	24
0	10	91
0	16	90
0	9	91
0	13	90
15	25	49
4	9	25
4	8	24
7	-1	91
9	9	31
8	11	33
5	11	26
7	8	29
12	11	39
5	8	23
4	7	26
3	10	26
6	10	30
0	6	90
9	13	31
15	19	45
0	9	90
8	11	32
3	29	90
0	4	52
9	9	35
8	9	36
2	8	91
0	5	90
5	6	24
27	43	91
2	21	91
3	9	23
0	9	90
0	15	91
6	6	24
3	5	24
8	10	31
7	10	30
8	11	31
8	10	32
9	11	33
2	12	62
5	9	24
10	12	36
17	34	79
0	5	90
0	11	89
9	-1	90
2	10	90
3	5	22
4	8	24
32	26	91
6	9	28
6	8	25
5	7	25
3	7	25
10	10	90
1	6	22
0	10	91
5	10	26
5	12	35
2	-1	91
7	14	35
5	12	31
0	7	91
0	9	90
6	7	24
6	7	26
37	40	91
6	9	26
0	7	91
2	6	21
36	28	89
35	27	87
0	8	91
0	3	91
1	10	88
11	10	34
0	11	88
0	10	91
2	6	21
2	8	26
1	15	91
1	9	91
8	9	91
7	9	32
0	10	91
0	16	90
9	11	29
10	14	36
8	13	31
6	8	26
3	8	22
11	12	32
8	11	28
9	9	31
10	18	35
0	13	91
8	9	30
7	11	30
3	8	25
0	24	88
3	10	23
6	24	38
6	10	30
8	10	29
0	11	90
0	16	90
5	9	24
1	9	22
2	5	25
2	6	22
7	10	30
7	10	32
12	12	35
12	12	33
0	8	87
0	9	91
8	11	32
12	16	38
1	2	30
0	17	91
0	8	90
5	6	43
0	10	90
0	14	91
0	9	91
6	5	28
0	10	91
1	12	90
6	-1	89
9	10	27
1	5	21
0	12	90
0	6	91
4	7	21
0	12	90
0	12	91
16	18	51
1	4	21
6	14	28
0	13	90
0	10	90
4	8	91
4	27	91
4	27	91
5	27	91
4	27	91
4	27	91
4	27	91
5	26	91
0	10	89
0	8	90
8	11	39
6	9	26
7	11	28
6	10	28
6	8	27
21	33	91
11	17	39
10	12	31
0	9	91
15	19	40
2	5	21
5	9	25
8	9	26
9	10	31
0	9	91
0	13	90
0	2	89
13	15	55
0	13	91
3	4	27
6	8	24
0	6	82
0	6	82
5	6	25
7	9	28
6	6	32
16	19	54
26	31	90
29	33	91
28	31	88
29	-1	91
24	30	90
28	32	91
1	4	22
0	9	91
0	11	91
3	8	23
0	-1	90
4	7	23
4	7	23
5	10	30
8	9	27
0	11	90
0	8	90
6	8	90
0	11	91
0	8	90
0	9	91
0	13	91
3	11	28
0	8	91
7	7	25
1	10	91
4	9	24
1	10	90
0	38	90
0	38	90
0	4	91
0	8	91
8	11	31
7	9	26
6	9	26
3	7	26
3	7	23
11	11	36
8	12	30
4	10	24
4	5	23
1	5	21
7	10	25
0	10	90
9	10	26
22	26	60
6	8	24
6	8	25
0	8	91
13	35	91
3	24	91
0	10	90
0	0	91
0	0	91
0	1	91
0	0	91
2	0	90
0	7	91
1	1	90
0	1	91
0	1	91
0	5	91
0	2	90
0	1	90
0	0	91
0	2	90
0	0	90
0	0	90
0	0	91
1	0	91
0	2	90
0	2	90
0	0	90
0	14	91
2	8	23
0	8	91
19	21	50
3	5	24
5	8	23
1	3	29
0	14	90
0	4	91
13	14	41
0	10	90
0	7	91
2	7	91
4	5	23
4	8	25
3	23	87
15	42	91
14	-1	91
14	14	89
15	15	91
10	12	68
15	15	91
0	-1	90
0	9	91
6	9	24
1	23	91
0	-1	90
0	10	90
0	7	90
4	9	24
9	12	28
0	12	91
1	8	90
7	11	32
0	8	91
0	11	90
2	6	25
7	12	31
6	8	25
0	-1	91
12	12	47
0	7	91
0	7	91
1	10	91
0	3	64
0	2	62
1	4	21
0	2	20
5	8	30
0	11	91
0	-1	91
0	2	90
33	33	91
7	9	30
0	14	91
0	3	90
3	10	91
7	9	25
21	-1	91
14	16	35
1	8	91
3	8	91
4	4	23
2	7	22
9	12	28
5	10	91
5	42	90
0	10	91
0	7	91
3	3	22
0	14	91
0	14	90
0	12	91
5	7	35
0	3	21
20	26	66
27	37	91
29	33	91
2	12	91
1	7	91
2	5	22
2	4	22
2	4	20
4	5	25
5	7	30
4	4	23
1	8	91
0	3	91
9	9	28
4	6	23
10	11	35
0	14	91
0	7	89
2	6	22
4	9	32
0	4	90
4	10	90
3	8	91
3	8	91
0	8	90
0	14	91
3	7	20
0	4	21
8	10	30
0	5	91
0	9	91
0	6	91
0	7	89
9	11	30
0	16	90
0	14	90
0	11	75
0	11	75
6	10	26
5	9	25
13	13	39
6	7	27
8	11	30
0	5	89
0	9	91
0	10	90
0	9	89
0	22	90
0	5	46
0	8	67
4	7	22
5	8	28
5	6	25
5	6	24
6	7	26
0	11	91
0	9	91
2	7	90
1	10	90
2	3	24
0	13	91
0	13	90
0	7	91
0	9	90
2	6	23
3	3	22
1	3	25
0	7	89
0	3	91
0	26	90
37	37	91
7	11	29
8	13	28
8	12	26
3	8	24
0	6	91
4	9	24
3	9	23
6	8	24
0	14	91
3	7	24
21	39	91
0	2	91
0	7	91
0	11	87
0	11	90
0	12	91
1	11	90
3	12	91
0	0	75
0	0	90
8	12	32
0	19	90
6	7	27
0	13	84
2	6	22
3	7	22
0	11	91
5	7	24
7	8	27
6	14	44
2	5	23
12	15	44
8	11	29
4	39	90
0	14	90
6	8	23
4	6	33
4	6	23
0	13	91
0	10	90
0	9	90
0	-1	91
0	9	91
0	8	90
0	8	91
0	6	90
0	10	89
9	14	35
30	30	90
28	30	91
27	27	84
1	5	22
5	13	25
8	12	34
11	15	37
11	16	36
10	15	33
10	12	30
10	14	31
0	13	91
0	12	90
0	9	90
0	6	90
0	9	85
1	9	85
3	6	22
3	6	24
7	10	27
6	9	27
0	10	90
0	12	90
3	6	24
1	6	91
1	7	82
3	11	91
1	7	91
1	3	30
8	14	48
1	4	20
3	7	24
15	17	41
27	30	65
8	9	25
0	11	90
6	8	33
0	10	91
0	12	91
0	4	90
0	11	91
23	17	71
3	4	25
5	9	26
0	14	91
0	6	91
0	12	90
0	18	91
1	13	91
1	9	89
2	4	24
1	14	91
3	8	24
0	12	88
0	-1	90
19	35	62
0	15	90
7	9	25
5	9	25
0	14	89
0	11	91
9	8	38
2	6	21
2	13	91
2	13	91
0	6	90
1	6	91
2	4	20
1	13	91
3	8	24
0	9	91
0	7	91
6	9	29
20	15	60
0	8	91
1	12	91
2	4	21
21	18	65
22	19	69
21	18	66
17	18	61
0	6	91
0	13	90
0	15	91
0	12	89
4	6	24
6	7	25
5	22	51
1	5	22
0	6	55
0	5	89
0	7	90
2	5	22
0	13	91
0	5	22
0	4	90
2	8	23
6	8	26
7	8	26
8	10	31
26	34	90
4	7	24
0	15	90
0	7	91
0	16	90
0	7	91
4	5	23
0	16	91
0	7	91
0	14	91
5	6	32
7	9	28
0	7	90
1	7	90
7	30	91
2	4	30
4	5	23
0	10	90
1	10	91
6	8	30
28	31	91
0	4	90
0	7	91
0	7	90
30	42	90
0	16	91
0	14	89
4	8	26
0	-1	91
8	11	30
0	4	90
9	12	35
1	3	21
0	11	91
3	5	26
0	5	61
0	16	91
2	5	22
9	13	90
1	4	34
1	5	34
3	11	25
3	6	24
23	37	91
3	7	22
1	5	24
1	4	23
0	5	25
1	4	23
0	5	22
10	16	39
2	5	21
0	10	91
1	9	91
3	8	21
6	11	24
2	4	22
1	6	90
0	11	90
3	11	30
7	17	31
28	26	72
7	11	27
7	12	30
6	11	26
6	12	30
9	8	29
7	9	28
1	10	90
1	10	91
24	29	91
21	27	90
0	7	91
1	44	90
0	7	91
0	6	90
2	4	21
0	4	21
0	5	91
0	-1	91
9	9	27
25	40	91
12	16	46
11	15	42
10	12	33
9	11	33
0	13	90
0	9	91
1	5	24
0	4	22
1	5	21
0	16	91
0	7	90
4	6	22
3	8	24
3	7	23
0	12	91
7	10	27
0	18	90
0	7	90
8	10	91
0	11	91
4	6	23
2	8	21
2	15	91
0	7	91
6	11	30
7	7	29
1	7	23
5	12	31
6	-1	91
4	8	24
0	3	91
0	10	91
11	11	32
7	12	31
2	7	23
0	16	90
5	9	26
7	12	25
4	8	25
0	11	91
0	12	91
0	10	91
0	13	91
9	10	28
9	10	29
7	10	27
11	14	35
5	7	25
7	14	33
5	8	24
2	4	21
0	10	90
0	14	90
13	16	41
2	6	20
9	10	33
3	4	32
8	14	32
9	12	30
9	11	30
6	9	30
0	10	91
0	10	90
8	8	27
0	-1	91
11	11	39
0	9	91
0	14	90
3	6	23
1	5	91
2	11	91
6	8	29
11	15	34
4	4	32
0	12	90
2	8	90
2	8	91
4	12	90
2	4	20
0	14	91
0	10	90
0	8	90
0	6	53
0	4	91
0	8	90
30	30	70
0	1	39
36	39	90
4	15	90
4	14	91
5	9	91
0	5	91
2	8	91
10	9	32
0	15	91
7	31	90
0	12	91
0	12	90
1	9	90
0	11	91
0	7	89
0	7	90
0	10	90
0	11	90
7	10	30
0	16	90
0	7	90
22	31	73
7	12	33
5	7	25
5	8	23
0	8	91
7	12	33
8	10	28
3	12	26
8	8	30
22	-1	90
0	17	91
0	11	90
0	11	90
0	14	70
0	9	70
7	8	24
7	7	25
2	5	22
9	13	32
0	3	89
2	6	21
0	7	90
10	13	41
9	10	27
1	9	91
0	10	91
4	40	91
3	39	91
3	38	91
3	39	91
2	39	91
2	-1	91
12	12	36
0	9	91
0	6	91
8	10	24
2	11	90
0	33	90
0	5	91
6	11	36
2	9	31
3	6	23
3	8	24
4	7	23
10	14	36
0	12	90
3	9	91
0	6	91
3	8	91
1	8	91
2	7	20
3	6	26
3	11	89
2	11	90
1	3	20
3	11	32
9	12	35
3	17	90
7	7	91
5	7	25
5	11	91
0	11	90
0	4	90
1	11	91
0	18	91
1	18	90
0	7	89
0	9	90
3	9	23
0	10	90
2	7	90
27	36	91
3	7	23
0	8	89
0	18	91
0	1	30
0	11	91
0	9	91
15	16	91
16	15	89
14	15	90
0	1	58
8	9	24
4	2	24
0	7	91
6	7	24
0	6	89
0	4	88
0	12	90
0	10	91
0	9	91
0	13	91
0	8	90
0	10	91
0	5	91
28	30	91
24	30	90
27	30	91
26	30	91
27	31	90
0	12	91
0	9	91
0	7	90
0	8	91
0	7	91
0	11	90
1	6	23
31	39	91
0	16	91
0	9	90
0	6	91
2	4	21
7	4	48
9	8	30
0	12	90
0	8	90
0	4	57
4	6	21
0	16	90
0	13	91
12	-1	40
1	11	91
0	11	91
4	7	23
3	14	91
3	12	88
1	2	22
5	8	28
0	7	90
0	8	90
1	8	90
0	7	91
0	7	91
4	8	25
0	10	90
0	10	91
6	12	31
4	8	25
3	10	37
0	14	91
0	-1	90
1	9	91
0	4	91
0	12	91
0	12	91
0	9	90
34	36	91
0	8	89
0	7	91
0	6	90
0	5	91
11	13	38
0	7	91
0	24	90
0	8	88
5	14	89
2	3	36
22	38	91
5	21	81
0	7	91
0	8	91
2	25	88
0	22	90
0	23	90
8	13	34
1	7	89
11	8	32
7	9	28
13	16	39
6	10	30
3	7	23
8	13	30
6	10	25
6	9	25
4	7	22
0	12	91
6	12	29
9	11	34
0	15	90
2	18	67
2	24	90
8	9	27
1	16	91
0	12	91
1	13	91
0	11	91
0	9	90
5	8	24
3	5	22
22	39	70
9	12	29
2	5	22
7	8	26
7	8	24
6	12	30
7	9	30
3	9	69
0	7	90
5	8	26
7	10	32
8	10	33
1	5	23
0	8	90
0	13	90
0	12	91
0	12	91
0	13	91
0	11	91
0	13	91
0	12	91
0	12	91
0	12	91
0	10	91
0	11	91
0	11	90
0	11	89
0	13	90
0	14	91
0	14	91
0	14	90
0	12	90
0	15	91
0	15	90
0	15	90
0	17	91
0	18	91
0	14	91
0	15	90
0	16	91
0	15	90
0	13	90
0	14	90
0	16	90
0	13	91
0	15	91
0	15	91
0	14	90
0	11	91
0	14	91
0	14	91
1	14	91
0	15	91
0	12	89
0	13	91
0	17	91
0	18	91
0	14	91
0	13	90
0	14	91
0	15	90
0	16	90
1	16	90
0	16	91
1	17	90
0	10	90
1	13	91
0	15	91
0	14	91
0	14	90
0	16	90
0	14	90
0	13	89
0	14	90
0	13	91
0	12	91
0	13	91
0	14	91
0	14	90
0	15	90
0	14	91
0	12	91
0	12	90
0	14	91
0	14	90
0	14	91
0	7	91
0	16	90
0	17	91
0	15	90
0	13	91
0	14	91
0	12	91
0	11	91
0	13	91
0	14	90
1	12	91
0	13	91
0	10	91
1	10	90
0	12	90
0	11	91
0	14	91
1	13	76
0	8	90
0	14	90
0	12	73
0	10	90
0	12	91
0	13	90
0	12	91
0	12	90
0	10	90
0	13	90
0	15	90
1	9	90
0	13	90
0	12	91
0	14	91
0	14	91
0	14	91
0	14	91
0	13	91
0	10	90
0	13	91
0	10	91
0	9	61
0	13	91
0	10	91
0	12	91
1	14	91
0	14	91
0	10	91
0	13	91
0	14	91
0	13	90
0	14	90
0	14	90
0	14	90
0	9	91
0	15	91
0	11	91
0	10	91
0	14	90
1	14	91
1	10	91
0	13	91
0	9	91
0	13	90
0	13	91
0	10	91
0	13	91
0	12	90
0	9	90
0	13	91
0	10	91
0	13	90
0	13	90
0	16	90
0	9	91
0	13	91
0	-1	90
0	11	90
0	14	91
0	12	90
0	15	90
0	14	91
0	14	90
0	12	91
0	15	91
0	6	91
0	14	91
0	15	90
0	16	90
1	16	91
0	15	90
1	15	91
0	13	91
0	13	90
0	13	91
0	14	91
0	14	91
0	13	90
0	16	91
0	13	91
0	15	90
0	14	90
0	14	91
5	8	29
0	11	90
8	10	27
7	8	25
8	11	32
9	10	30
10	12	34
1	15	91
1	6	91
0	12	91
0	10	91
0	12	90
0	11	90
0	10	91
3	6	24
8	12	27
8	11	26
0	17	72
1	9	91
0	9	90
4	5	22
6	8	27
27	32	91
2	25	90
5	8	25
5	7	26
7	9	32
3	6	21
5	9	28
10	10	30
7	10	27
7	12	30
6	9	25
5	9	28
11	10	33
2	5	27
0	10	91
0	13	91
0	-1	91
0	11	90
1	10	91
8	11	30
4	6	27
2	11	91
7	13	29
0	10	91
0	10	90
0	2	90
0	3	91
19	22	52
9	14	35
4	7	23
2	4	22
0	10	91
1	11	25
4	12	31
4	7	23
1	15	91
0	8	91
16	22	59
0	-1	90
8	13	27
1	5	37
1	4	37
4	6	23
3	36	90
32	33	90
3	6	23
2	18	91
0	15	91
1	4	25
0	2	91
0	6	90
0	8	91
0	12	91
0	13	90
0	12	88
0	9	90
2	9	90
6	-1	91
5	-1	91
4	36	91
4	-1	91
4	37	91
0	13	90
0	6	91
3	8	31
3	15	90
0	10	91
7	7	25
3	9	25
1	27	89
7	9	26
6	8	26
8	12	27
0	19	90
0	12	90
0	1	90
0	9	91
0	9	91
4	7	27
0	27	90
3	5	23
2	29	91
3	5	21
0	7	91
4	7	22
3	4	30
0	9	90
3	9	22
0	4	21
6	10	25
4	6	23
6	11	27
3	9	25
2	5	23
6	10	26
0	9	91
0	8	89
3	5	22
1	19	90
2	11	90
0	13	91
0	4	91
0	2	89
0	4	91
0	3	90
0	1	90
0	3	91
0	3	90
0	4	90
0	2	91
1	0	90
0	2	69
0	11	91
0	9	90
2	3	22
4	12	48
5	13	44
1	9	89
5	10	30
3	9	23
0	2	20
0	34	91
5	10	25
0	0	21
2	34	91
3	5	22
3	5	25
0	16	91
3	9	24
2	7	22
7	7	26
27	-1	88
3	6	22
5	6	24
0	6	90
5	9	24
0	14	90
4	9	23
4	9	24
0	16	91
0	13	91
0	8	91
0	9	91
0	24	91
6	7	26
10	10	29
8	8	30
0	10	90
7	17	36
0	4	91
0	12	90
0	7	91
5	8	25
7	9	91
9	10	91
0	8	91
36	38	90
0	9	90
1	8	22
1	6	21
9	11	31
7	12	33
8	14	34
9	10	32
22	36	67
3	6	21
0	10	91
3	13	42
5	7	22
7	10	30
4	8	24
0	6	90
8	11	29
1	10	40
1	15	90
1	8	91
0	10	91
4	6	24
0	8	90
0	12	91
1	8	90
3	13	91
1	5	21
8	14	33
29	31	91
3	6	20
1	4	24
10	12	35
0	4	90
0	9	90
0	5	91
0	6	90
0	2	91
0	6	91
8	8	91
0	14	91
7	6	26
2	6	22
5	8	24
0	-1	90
0	7	88
6	10	28
0	8	85
8	13	35
0	22	90
6	7	24
5	15	91
1	9	91
1	8	91
2	8	91
14	23	58
16	23	58
0	22	91
7	10	35
0	8	90
0	11	91
0	9	90
1	10	91
4	8	23
8	10	29
8	11	30
3	5	34
0	13	91
0	9	91
6	8	26
3	7	23
19	19	57
6	7	23
2	4	24
8	8	27
1	7	20
0	10	90
1	13	91
28	28	91
28	30	90
21	23	70
4	5	23
5	7	24
3	9	24
0	2	21
5	7	24
5	7	23
11	10	38
7	14	31
18	31	70
31	42	91
4	24	89
3	4	23
2	5	22
0	7	90
13	15	40
6	7	23
4	10	24
1	36	90
0	10	90
0	16	91
0	14	91
0	14	91
0	26	91
4	38	91
3	5	22
0	9	91
1	12	90
19	27	63
0	18	91
0	15	90
4	8	25
0	11	90
0	8	91
3	5	24
4	6	25
3	5	23
0	10	91
0	11	90
2	3	22
7	7	30
7	7	29
0	10	91
0	5	90
3	7	24
2	6	23
3	7	21
0	19	90
0	2	90
0	6	90
0	2	90
1	5	20
11	13	35
1	7	91
5	15	88
8	9	26
0	11	90
0	8	90
2	4	26
0	9	90
0	1	77
5	5	26
0	7	91
0	4	90
0	12	91
5	8	27
0	8	91
1	12	91
1	10	91
1	7	90
0	7	91
2	5	21
2	12	90
5	6	24
0	1	91
0	1	91
20	23	70
21	23	91
0	6	91
0	14	90
0	2	91
0	7	90
0	10	91
14	13	90
4	4	51
14	-1	91
14	-1	90
14	15	91
14	14	90
12	15	82
14	-1	90
8	9	53
14	14	91
5	6	25
1	6	21
6	9	24
0	8	90
4	7	22
1	-1	91
0	10	89
8	12	32
8	11	34
14	17	40
4	8	30
0	2	90
0	3	90
1	37	88
0	15	91
5	9	25
4	8	23
0	14	90
0	11	91
12	26	88
7	8	26
2	6	22
3	7	21
7	10	31
7	11	26
5	6	24
6	10	90
8	13	91
1	11	90
0	5	91
5	7	25
0	10	91
0	12	91
8	10	36
4	7	22
0	7	90
0	10	91
4	8	26
4	6	24
7	10	26
3	8	24
1	4	23
12	12	35
11	12	34
5	12	91
0	10	88
0	13	90
8	10	26
0	6	55
0	6	55
3	7	25
3	12	91
4	12	91
24	42	91
0	9	91
0	6	89
3	7	22
9	10	30
11	13	37
2	5	36
2	9	90
2	10	89
2	5	22
33	25	91
0	35	91
4	35	91
0	9	91
0	6	91
0	9	90
2	6	91
3	13	90
25	42	91
22	41	90
0	35	90
3	9	31
4	9	91
5	19	91
2	8	90
6	10	28
0	15	91
3	6	24
2	5	24
4	8	23
4	6	23
0	7	90
0	10	90
0	15	90
2	6	22
8	9	30
5	7	24
15	21	53
0	6	21
0	13	91
0	10	91
0	11	91
4	6	23
1	14	89
8	11	29
1	3	24
0	2	23
5	8	28
3	9	25
0	13	90
0	14	90
0	11	89
9	10	27
1	11	90
15	19	55
1	5	21
0	11	91
0	5	91
1	5	90
0	10	91
0	6	90
1	-1	90
0	15	91
0	14	91
1	11	91
1	18	91
1	10	32
5	9	23
0	15	91
0	9	89
0	10	90
0	13	91
0	-1	90
0	14	81
1	14	81
3	4	26
0	9	90
0	-1	91
0	-1	91
0	15	91
4	10	90
1	8	22
32	38	90
30	36	89
0	5	90
7	9	26
0	16	90
4	9	91
2	11	91
3	7	23
3	8	25
4	10	25
3	6	23
1	10	90
0	2	20
0	3	21
0	11	90
0	8	91
0	6	90
0	7	91
8	12	32
0	5	90
2	8	23
0	10	90
0	8	91
3	6	24
8	11	27
4	6	26
6	8	23
0	8	90
1	6	90
0	16	90
0	9	91
4	40	91
5	-1	91
2	7	22
0	10	90
6	9	26
29	27	91
0	9	91
0	8	91
0	23	91
0	18	89
8	9	27
0	4	91
5	9	24
2	3	91
0	3	90
2	3	63
1	7	91
3	4	90
1	11	91
1	2	90
2	3	90
3	3	82
2	7	22
2	7	22
0	10	90
6	9	26
0	6	49
6	11	24
8	9	29
0	11	91
8	10	27
0	12	91
4	34	91
6	11	25
2	8	22
7	11	27
1	4	91
3	8	22
4	7	23
25	28	67
0	6	38
0	4	90
6	9	29
0	15	89
8	8	29
7	10	26
3	7	35
5	9	24
3	5	21
4	3	90
6	8	27
0	8	90
0	12	91
0	8	91
0	8	90
37	41	91
0	28	73
1	5	90
0	17	90
0	16	91
2	5	22
5	10	25
9	9	31
5	7	26
0	8	90
0	11	91
9	13	32
0	11	91
0	11	91
3	3	21
0	13	90
6	6	26
0	11	90
2	6	21
1	14	90
0	8	90
0	5	91
0	10	90
0	10	90
1	4	22
2	6	23
2	6	47
2	5	21
0	10	91
14	-1	40
0	10	91
0	11	90
0	11	91
0	12	91
4	10	25
6	8	28
0	13	89
6	10	27
6	10	27
6	11	26
9	11	32
3	5	23
8	9	30
3	7	23
4	9	31
2	8	22
3	8	21
9	13	30
8	12	29
0	10	91
0	8	90
0	5	90
0	11	90
2	13	90
0	9	89
8	10	33
0	3	91
6	7	26
6	7	26
7	10	29
5	9	26
3	7	25
7	8	27
4	6	25
6	9	29
9	11	29
8	11	33
9	11	32
8	11	31
7	8	26
5	9	24
5	10	25
3	6	23
2	6	23
7	7	30
0	20	91
20	30	68
0	6	91
0	10	91
0	6	91
5	8	24
6	9	23
6	8	22
7	9	25
10	15	35
0	12	90
0	8	90
0	12	90
0	11	91
5	6	25
2	8	22
4	8	22
2	5	23
5	9	25
4	8	23
6	11	31
21	17	55
4	7	23
2	11	91
0	14	91
0	6	90
0	18	88
0	10	90
10	12	28
2	5	22
0	24	91
0	10	91
6	9	25
7	8	39
4	8	23
0	10	91
9	12	30
0	-1	90
7	6	30
8	7	28
3	9	24
0	9	80
5	6	26
5	5	25
3	6	24
0	12	90
2	11	87
0	10	90
26	28	91
24	-1	91
28	29	91
3	6	22
9	9	30
0	9	90
0	10	90
1	5	88
8	11	28
3	9	22
4	7	24
0	9	65
5	7	34
0	9	90
0	9	90
0	2	40
7	10	25
3	9	24
27	33	90
0	13	90
0	13	91
2	13	91
1	3	81
0	5	90
2	14	90
6	35	91
6	36	91
12	11	35
1	-1	91
1	21	91
2	6	22
0	7	91
0	15	91
0	8	90
5	12	28
0	7	90
8	13	30
1	17	90
1	9	91
0	19	90
0	14	89
0	14	91
5	9	28
1	6	24
3	6	23
0	0	90
1	6	90
0	0	90
0	11	90
0	13	91
0	16	90
0	6	90
2	3	21
4	9	23
4	7	21
3	5	23
5	11	24
0	8	91
6	10	26
1	5	22
0	13	90
0	16	90
0	10	91
6	9	27
4	5	25
6	11	30
0	12	90
0	14	91
6	8	27
6	10	25
7	8	24
0	4	91
3	3	30
21	34	91
2	3	21
3	6	20
0	5	91
0	1	90
0	6	91
0	12	91
7	9	24
0	9	91
0	9	91
0	8	90
0	33	87
7	10	27
1	-1	91
0	7	91
0	8	87
6	8	25
7	10	27
19	37	91
0	8	90
0	6	91
8	9	26
10	29	90
7	11	26
0	15	91
0	8	90
0	11	90
0	17	90
0	8	91
1	6	91
0	2	91
1	7	90
0	13	91
1	5	91
0	8	91
0	14	87
2	9	91
2	13	90
0	-1	90
0	10	89
0	2	91
10	12	33
4	7	23
5	9	30
10	12	35
9	11	32
10	11	34
11	11	33
0	9	90
0	10	91
0	8	90
0	7	91
0	9	91
7	8	30
0	10	89
0	11	91
5	8	30
0	16	91
0	7	91
5	10	30
0	10	90
0	5	53
0	11	91
3	8	22
2	4	23
4	17	42
23	31	91
11	8	39
0	12	91
0	7	90
1	3	22
1	3	21
1	23	90
8	11	30
0	14	91
0	15	90
6	10	25
4	8	30
0	10	90
0	11	74
3	6	25
1	9	89
1	10	91
0	25	90
1	9	61
2	7	91
2	14	85
4	5	27
0	9	89
0	8	89
0	4	88
0	11	91
0	8	91
0	8	90
5	7	24
2	10	88
2	12	88
7	8	26
0	6	90
0	9	91
6	9	31
0	8	91
11	14	34
0	4	91
4	12	91
3	5	37
6	14	90
3	9	90
0	10	89
0	17	90
0	13	91
0	6	90
0	12	89
0	10	90
1	10	90
7	13	91
4	6	24
2	5	21
1	2	91
1	2	89
0	0	91
0	0	90
0	1	81
28	34	79
0	14	91
0	8	91
0	11	90
0	15	90
0	12	82
0	13	82
0	9	91
6	9	31
3	31	87
9	9	33
2	7	21
2	6	21
0	8	88
0	7	91
1	5	23
1	26	91
2	8	91
1	4	21
3	11	91
0	7	90
0	13	91
1	5	91
6	10	25
0	6	91
0	7	91
0	8	86
0	9	90
0	11	90
1	7	23
28	12	74
3	12	90
1	6	90
2	10	90
5	11	90
7	11	33
0	10	91
2	11	91
0	5	84
0	7	84
0	11	90
0	4	90
5	8	26
0	6	91
0	8	91
7	9	26
7	9	27
0	7	84
0	10	90
0	7	91
0	22	90
7	10	31
0	6	91
0	9	91
0	10	90
0	15	91
0	14	91
6	12	36
0	8	91
0	8	90
3	7	22
0	12	91
0	6	90
0	5	91
0	9	91
4	25	91
3	11	90
2	9	91
0	8	90
0	5	90
3	7	23
7	8	30
0	14	91
7	7	27
4	9	24
3	6	22
0	15	91
0	6	90
0	11	90
27	29	91
28	29	90
27	29	91
29	30	91
24	25	78
25	-1	91
29	30	91
23	26	80
4	11	23
20	23	90
2	18	91
4	8	62
12	16	46
0	15	90
0	9	91
4	6	24
3	4	24
0	13	90
0	9	91
4	5	26
5	8	23
0	3	90
0	0	90
0	10	90
0	11	91
0	7	91
17	17	91
8	10	27
10	11	28
8	10	30
1	3	21
3	6	24
4	8	27
4	8	24
3	8	26
0	9	91
0	9	91
0	11	90
0	13	91
0	19	91
8	12	33
6	11	28
0	11	91
0	10	89
0	20	91
0	14	91
4	7	21
4	9	23
3	9	25
3	5	22
2	6	23
33	42	90
0	16	90
0	15	89
12	12	33
4	27	91
0	9	90
0	14	90
1	5	22
0	9	90
0	13	90
0	4	87
0	7	90
8	7	89
8	7	90
24	28	59
27	28	90
16	20	54
3	7	24
4	6	23
13	17	46
3	12	91
1	8	91
0	10	91
0	10	91
11	10	34
11	11	36
8	10	31
11	11	37
12	13	39
6	11	30
4	10	90
4	12	91
23	29	91
26	29	91
0	12	90
0	23	91
0	6	91
2	15	91
5	5	24
4	7	23
5	8	23
4	8	24
1	5	21
0	14	90
0	7	90
4	8	31
3	5	32
4	7	27
5	10	27
2	9	90
0	6	91
14	19	38
10	21	36
4	10	25
2	9	24
2	9	27
2	8	24
0	7	89
0	10	91
2	5	22
3	9	24
0	7	91
0	6	91
7	10	24
7	10	25
4	6	23
0	10	91
0	14	90
3	14	90
0	2	24
3	5	30
0	15	90
0	12	91
0	11	90
18	21	56
0	7	25
1	5	24
1	7	23
0	5	22
2	5	23
1	9	91
0	7	90
0	6	91
3	5	24
0	17	90
0	4	21
9	11	30
0	19	91
0	13	91
2	15	91
1	11	90
0	13	91
3	8	24
3	8	21
3	7	21
22	35	88
5	8	29
0	1	56
4	9	30
2	7	31
4	6	27
0	13	90
0	10	91
3	4	24
0	15	90
0	4	91
18	56	86
9	9	27
7	12	30
9	10	28
14	16	43
6	8	24
1	13	91
0	12	91
0	7	90
1	12	91
4	8	29
6	9	23
2	9	90
2	19	89
0	10	90
0	8	90
0	9	91
0	8	91
6	9	29
0	8	87
2	26	91
2	11	91
1	7	91
1	13	91
1	5	89
0	2	91
0	2	88
5	5	24
1	8	91
3	12	90
0	15	90
5	6	23
0	16	91
0	10	91
8	8	30
3	4	22
2	9	91
1	3	90
39	18	91
0	8	91
1	11	91
1	14	90
24	25	91
3	35	91
0	5	90
0	12	91
0	13	91
0	12	91
28	50	90
25	48	91
28	50	90
28	52	91
24	49	90
25	38	90
28	45	89
16	31	61
27	-1	89
26	55	91
26	53	90
29	49	90
27	53	90
0	6	90
0	7	91
2	6	22
0	9	89
22	32	91
9	10	32
5	8	25
4	6	25
24	28	62
2	4	20
14	17	55
8	10	33
0	10	91
0	9	73
2	11	90
2	7	91
1	11	91
7	7	28
9	11	29
5	27	73
0	10	91
0	16	91
0	7	91
29	31	91
0	13	90
0	7	91
0	4	75
5	5	40
1	13	90
0	6	90
0	6	91
3	11	90
0	7	91
1	6	91
2	10	91
1	7	91
23	27	91
0	6	50
0	6	50
0	15	90
0	5	91
1	5	91
5	11	90
5	7	27
0	9	90
1	13	91
12	19	51
25	29	91
5	10	32
0	8	91
6	14	91
24	23	90
0	9	90
0	10	91
0	11	91
0	13	90
5	7	23
1	28	91
16	17	57
0	-1	91
0	8	90
2	7	91
0	8	90
0	-1	91
0	13	88
1	15	91
0	2	90
0	13	91
0	9	89
0	10	72
0	11	91
0	10	90
0	12	90
0	14	90
0	13	89
21	23	56
20	22	53
0	1	24
0	7	91
0	13	91
0	8	91
0	8	90
0	12	91
10	11	31
10	12	33
3	5	91
2	8	90
0	7	91
0	11	91
0	8	91
0	10	90
4	6	25
0	15	90
0	-1	91
1	15	91
0	7	90
0	6	37
0	13	91
0	-1	91
0	15	91
2	9	89
2	7	91
2	11	90
3	8	91
3	15	91
3	10	91
5	15	90
1	5	21
0	9	91
0	7	91
0	14	90
0	13	90
0	9	91
6	8	27
22	40	91
4	38	90
0	1	91
0	1	90
30	38	89
4	10	24
5	6	90
2	4	20
0	6	89
0	11	91
4	7	23
4	6	22
23	15	59
7	6	33
0	5	90
0	8	91
2	-1	91
3	5	22
1	11	90
10	14	33
0	6	91
1	12	90
0	7	91
0	7	90
0	8	84
0	8	84
0	4	91
0	4	90
0	5	91
0	8	91
24	27	90
0	23	90
0	8	90
0	10	91
0	7	91
2	6	22
8	12	34
7	11	29
25	45	88
20	34	90
2	8	22
30	31	91
26	31	91
27	30	90
24	31	90
22	24	74
28	38	91
28	29	89
29	29	90
27	34	90
27	31	91
28	34	87
27	29	91
27	33	91
0	6	91
0	14	91
4	4	21
3	7	22
0	9	90
0	17	90
0	27	91
0	28	91
1	28	91
0	7	88
1	11	91
6	10	27
5	8	25
0	1	91
0	0	90
0	11	90
0	0	91
0	0	90
0	0	90
0	16	91
0	14	90
6	9	25
1	4	20
9	16	34
0	15	91
0	13	91
9	12	36
1	3	21
4	8	23
0	10	90
0	6	91
3	5	20
0	-1	91
0	8	91
2	8	35
0	9	90
29	31	91
25	29	91
26	29	90
27	28	91
26	26	91
21	25	91
5	7	25
4	12	91
2	8	91
2	7	91
2	10	76
0	12	91
0	8	91
0	12	91
0	14	90
0	15	91
0	3	36
0	5	36
10	15	45
1	5	91
4	6	24
1	15	89
0	5	90
0	23	91
0	15	91
4	5	24
3	5	23
1	25	90
5	6	24
0	-1	90
0	15	90
0	8	91
2	5	91
1	6	90
0	8	90
0	1	91
0	0	90
0	8	91
0	9	91
10	12	33
0	12	90
0	1	41
0	11	91
0	11	91
0	22	91
4	5	24
27	31	91
6	24	83
0	14	91
0	13	91
3	6	23
3	7	24
0	39	90
3	12	91
3	12	91
0	3	91
5	10	25
0	9	91
0	13	91
0	14	91
0	13	91
0	7	87
4	5	25
3	7	27
0	4	90
2	7	90
0	4	67
3	5	22
3	6	23
6	12	27
0	6	76
0	7	76
0	15	89
0	5	91
0	6	90
0	7	90
0	6	90
1	12	91
0	3	91
11	12	37
0	5	38
2	4	31
6	7	24
13	25	90
0	11	90
0	9	91
0	9	90
2	8	90
3	8	91
0	12	90
1	4	91
15	19	50
1	8	90
2	18	91
2	14	90
0	12	91
17	21	51
3	4	27
2	11	90
0	15	91
0	10	90
0	9	90
0	10	90
0	9	86
0	11	86
3	7	23
0	9	65
0	9	91
0	11	90
0	11	91
3	5	24
11	16	47
0	16	91
0	12	91
23	-1	91
0	8	91
1	20	91
0	12	90
0	13	91
0	14	90
10	14	30
0	15	90
0	11	91
0	15	90
0	8	91
0	38	88
3	7	91
12	12	31
1	9	91
0	9	90
23	23	72
0	13	91
0	12	90
0	12	91
2	14	90
1	8	90
3	3	23
1	0	23
0	9	91
0	9	91
0	11	90
0	10	91
2	11	90
0	6	91
7	11	29
0	7	91
0	12	91
8	11	34
7	10	26
3	8	23
5	8	24
0	12	90
0	13	91
15	29	90
16	16	91
19	15	91
15	15	91
0	0	90
15	15	90
0	0	91
15	15	91
0	0	91
15	17	89
0	0	91
0	3	91
15	15	89
15	15	91
18	15	91
0	2	90
15	15	90
0	5	91
0	0	91
15	16	89
0	0	84
16	15	90
0	4	91
0	5	56
17	15	91
16	15	91
15	14	89
14	15	89
16	18	91
0	6	90
0	9	90
24	28	91
0	13	90
0	8	90
0	10	90
0	8	91
4	8	23
2	6	77
0	5	90
8	15	43
7	-1	58
9	10	34
0	11	91
0	10	91
5	20	89
0	14	91
0	15	91
6	8	23
6	8	26
6	8	24
2	6	23
0	13	90
8	11	32
9	11	33
5	8	23
3	7	91
0	14	90
0	10	88
7	12	31
8	8	26
2	10	20
5	8	24
7	8	26
4	5	23
0	8	91
0	8	91
0	11	91
0	6	91
8	14	33
2	6	23
0	6	91
0	6	91
0	2	91
4	6	22
15	16	89
15	16	91
15	17	91
5	8	26
7	14	30
4	5	25
3	7	23
0	5	34
3	7	25
6	8	24
5	9	25
7	12	30
9	12	31
8	11	29
0	9	91
0	9	90
4	8	22
0	12	91
0	9	91
0	7	91
4	7	24
0	20	90
3	5	26
3	7	21
4	7	21
0	9	91
0	7	91
1	13	91
0	9	91
0	8	91
1	4	21
1	10	91
1	7	91
16	15	47
3	4	21
0	11	90
6	8	27
7	7	30
4	20	91
8	26	91
0	8	49
11	11	36
0	12	91
0	12	91
0	9	91
0	9	91
0	17	91
0	6	91
5	11	25
3	15	91
7	8	31
8	8	29
7	7	27
8	7	30
1	13	90
1	10	89
6	9	26
4	6	23
3	9	27
0	12	90
0	13	87
5	7	24
3	9	24
32	30	91
31	30	84
4	13	90
22	29	91
1	6	21
4	8	30
4	7	21
10	11	38
0	8	91
0	10	91
0	9	91
4	5	22
0	11	91
0	8	90
2	6	22
5	9	26
0	13	91
0	10	91
5	6	26
5	8	26
16	36	91
0	6	91
0	5	91
0	10	91
0	15	91
1	1	56
0	2	91
0	2	91
0	2	91
0	2	91
6	9	28
6	9	28
11	14	35
10	14	33
3	6	91
0	12	91
0	6	90
6	9	25
4	7	22
7	11	26
2	3	22
6	9	24
4	7	23
1	7	21
6	11	28
3	18	91
1	13	91
4	6	23
5	9	24
1	11	91
8	12	33
4	9	25
2	10	23
1	7	91
0	13	91
0	11	91
1	7	90
0	4	50
0	13	85
7	11	32
8	15	37
9	14	30
14	34	58
4	8	24
0	11	91
0	10	91
1	22	90
0	5	91
1	12	90
5	10	27
5	9	24
0	12	90
1	17	91
10	13	27
5	7	23
1	7	21
2	4	24
2	5	22
6	13	38
3	4	91
0	15	91
2	5	21
0	10	91
1	8	90
9	10	35
28	35	91
29	36	90
27	33	82
29	36	91
27	36	91
28	36	91
27	36	91
27	36	91
26	35	91
29	37	91
3	4	24
0	8	91
0	11	90
6	10	26
0	12	90
0	6	91
0	9	91
0	20	90
3	4	24
1	9	91
5	13	31
0	15	91
27	36	89
0	22	89
0	-1	90
7	10	28
0	19	91
7	10	25
12	14	33
3	4	24
10	13	36
4	6	21
0	9	91
4	6	25
5	28	89
7	10	27
1	4	26
23	33	77
8	11	32
33	37	91
0	21	90
0	10	91
3	5	22
0	14	89
0	8	91
5	9	26
4	10	25
0	3	91
0	2	91
6	8	24
10	14	34
10	13	91
3	7	24
0	9	91
0	11	91
0	5	90
5	9	24
0	25	91
22	32	91
0	10	78
3	11	91
0	13	90
3	6	25
5	9	28
6	8	28
3	8	23
0	15	90
2	7	24
22	27	56
18	22	63
7	12	31
0	15	90
1	9	91
0	7	91
0	15	91
0	2	22
0	24	90
0	14	91
6	9	23
1	13	90
2	6	90
2	9	91
5	8	25
3	4	21
9	8	31
3	9	22
2	9	23
7	11	24
3	7	23
0	0	90
0	0	91
0	18	91
0	2	90
2	6	21
1	1	83
28	32	91
30	31	90
31	31	90
27	31	91
28	33	90
30	32	91
28	33	90
23	27	73
28	32	91
28	34	91
26	33	91
4	6	23
4	9	25
0	10	90
0	0	90
0	0	90
0	15	91
0	6	91
0	8	90
8	13	30
1	22	91
8	11	27
8	12	32
7	9	27
0	41	90
3	7	22
6	8	26
9	10	30
5	8	23
2	7	20
10	15	33
0	-1	88
5	22	90
0	13	91
0	11	90
2	7	22
2	11	90
5	9	23
10	9	33
4	9	30
8	6	27
8	9	27
10	10	33
0	8	91
0	10	91
6	8	26
8	13	32
4	10	24
1	8	90
0	9	90
0	4	22
3	6	24
3	7	21
5	9	28
9	11	27
1	2	39
6	11	29
29	43	91
5	11	30
7	13	36
0	13	91
0	5	90
0	7	91
2	7	22
0	9	91
0	10	90
9	9	29
5	9	91
5	8	24
0	8	91
3	8	91
0	31	90
2	39	91
7	11	28
9	13	32
8	12	30
7	10	28
8	14	32
7	11	27
3	8	23
1	16	91
0	3	90
2	4	91
0	4	91
1	8	90
2	4	72
0	4	91
2	3	90
2	12	91
2	12	90
1	3	91
0	5	90
2	3	83
2	8	91
1	1	91
0	1	91
0	2	91
1	2	90
1	3	90
0	4	91
0	34	90
5	11	30
2	7	23
0	4	22
0	13	91
0	13	91
6	13	29
11	16	38
11	14	33
21	24	68
2	11	90
2	13	90
4	6	43
3	6	39
0	4	90
4	7	25
18	21	46
5	8	26
0	11	91
7	7	25
1	10	90
3	15	91
1	-1	90
3	14	91
1	7	91
0	10	91
0	-1	91
7	10	28
12	22	51
1	8	24
5	11	33
0	7	90
12	12	37
0	14	91
3	4	41
0	13	80
0	-1	80
0	13	90
0	13	90
2	3	29
4	10	24
3	8	22
5	8	23
4	8	23
0	10	91
7	7	22
10	11	30
32	36	91
0	3	90
0	5	90
5	10	25
4	6	22
0	8	91
0	4	91
0	2	27
2	9	30
3	7	24
4	6	24
4	7	25
4	6	22
3	4	22
4	9	26
0	4	90
0	9	91
5	12	30
4	7	21
0	35	90
1	13	91
1	11	90
23	18	81
9	14	35
5	10	25
3	7	24
0	6	41
1	6	41
32	43	91
2	30	88
0	6	90
0	-1	91
1	8	25
2	6	90
0	7	89
2	4	25
9	10	31
7	12	30
0	8	91
0	9	90
0	11	90
0	9	90
0	8	90
0	14	91
8	7	35
0	9	91
0	13	91
2	10	90
2	11	90
2	5	24
1	18	91
1	19	91
6	10	28
10	12	33
8	11	28
0	13	91
0	7	91
0	12	91
1	5	22
29	31	71
3	9	22
1	8	91
0	8	91
0	14	91
0	13	90
0	13	91
0	10	90
0	9	91
0	10	90
0	11	91
0	11	91
6	8	25
2	12	91
2	9	90
4	8	26
3	12	90
5	17	90
0	8	89
0	7	90
6	12	28
0	15	91
0	7	91
1	13	91
0	9	90
0	15	91
0	11	90
3	7	24
8	11	28
3	9	91
2	8	91
7	7	25
3	4	22
0	18	91
4	6	25
22	27	61
3	4	23
0	10	90
0	9	91
0	15	91
11	13	38
4	7	22
0	10	90
4	7	24
1	14	90
0	8	90
1	13	90
2	7	91
1	5	91
1	6	91
3	13	91
3	6	22
2	4	24
0	3	24
13	18	45
0	9	91
0	9	91
7	13	35
2	5	20
6	9	24
8	6	29
4	16	91
0	9	90
4	6	24
10	11	37
1	5	21
0	10	90
0	7	90
13	18	48
7	10	25
22	26	91
0	3	21
0	3	90
1	10	90
0	7	90
0	-1	90
0	10	91
0	21	91
0	13	89
7	10	27
2	6	24
3	5	20
2	4	23
2	5	22
0	15	90
0	13	91
5	11	28
0	12	90
1	13	91
1	7	90
5	9	23
0	10	63
0	9	81
3	5	21
0	6	91
0	5	90
1	13	91
2	6	22
7	9	28
0	5	27
0	5	29
5	6	22
4	6	23
0	11	91
0	15	91
1	11	91
0	21	90
15	15	91
14	15	91
11	11	72
11	11	70
8	8	51
1	-1	90
10	14	29
0	7	91
0	13	91
2	4	20
0	7	91
0	12	89
0	11	91
0	7	90
0	18	90
0	6	89
0	6	91
12	18	40
7	32	91
8	7	25
11	14	50
0	14	90
1	31	91
8	8	29
7	11	31
6	9	30
0	10	91
1	6	91
2	11	91
2	5	20
1	4	20
2	5	21
1	5	20
2	24	91
6	10	30
2	11	91
1	13	89
4	10	24
4	10	32
0	5	21
0	14	91
0	11	91
0	13	91
0	13	91
0	11	90
0	11	88
2	5	20
9	12	38
9	12	32
4	5	24
0	15	91
0	7	91
0	11	91
0	12	90
0	5	90
11	11	36
1	13	91
0	9	91
1	15	91
1	15	90
8	9	36
7	10	25
4	8	21
2	21	89
3	9	25
0	8	88
1	6	91
0	36	90
19	38	77
5	12	40
7	12	30
0	18	90
0	12	91
7	10	26
1	4	28
7	11	27
1	11	91
1	11	91
2	16	90
1	14	91
8	13	38
13	12	43
0	32	90
4	8	23
6	8	31
0	12	91
0	14	91
7	10	26
2	4	23
5	12	28
0	10	91
0	5	90
0	-1	91
0	5	91
0	10	90
10	13	37
0	18	91
28	39	91
24	22	77
29	28	90
29	28	89
26	29	91
29	30	91
25	29	91
26	29	91
26	28	91
30	28	91
0	9	90
1	3	21
3	10	25
7	9	30
1	9	90
0	6	91
7	10	29
19	33	88
18	34	91
4	8	24
4	8	25
3	5	23
2	5	26
5	9	24
8	8	30
9	11	34
1	13	91
4	5	23
4	8	23
5	8	25
0	8	91
0	8	91
2	6	20
2	6	22
0	6	89
2	3	23
1	13	91
7	10	30
18	22	81
11	13	34
5	13	26
14	15	46
6	11	26
4	7	22
1	9	32
5	15	32
8	14	33
0	5	90
0	12	91
22	28	91
4	24	91
4	10	23
4	7	25
0	-1	91
0	9	90
7	11	31
7	10	30
7	10	26
5	10	26
2	7	91
2	5	21
1	9	91
0	-1	90
6	8	31
7	13	28
11	11	34
10	11	33
5	7	28
19	20	62
0	12	91
2	23	89
0	12	82
0	14	82
3	6	22
3	7	22
4	9	25
4	8	24
0	12	91
0	10	91
4	9	24
1	5	21
1	3	23
0	3	21
0	9	90
1	12	91
18	21	56
0	8	89
0	10	90
0	12	90
0	6	91
4	7	55
21	23	55
2	4	21
4	7	20
2	8	91
1	5	21
0	2	91
0	1	91
0	1	91
0	1	90
2	1	90
12	14	35
25	22	71
29	30	91
26	29	91
6	14	30
3	15	91
3	13	90
2	9	91
4	11	91
2	10	90
0	5	90
3	7	23
1	2	21
0	8	88
0	5	91
0	32	90
6	10	26
0	8	90
0	9	90
33	39	91
0	16	90
5	10	30
23	30	91
0	8	52
5	9	26
3	4	23
3	8	25
14	14	36
0	10	64
2	4	22
3	6	25
35	36	83
2	-1	91
8	12	34
1	21	91
2	11	91
2	30	91
1	19	62
0	13	91
3	5	39
7	9	30
0	-1	65
0	11	91
8	12	31
0	12	91
0	12	90
0	8	91
0	17	91
0	11	91
0	14	91
0	9	91
0	10	91
0	7	90
2	7	21
0	14	91
0	-1	90
0	10	91
6	9	27
0	13	90
11	10	35
2	8	21
6	11	27
4	8	24
0	8	90
0	11	91
0	11	91
0	9	90
22	40	91
15	21	52
0	10	91
0	11	90
0	22	91
0	9	90
0	9	91
1	10	90
0	10	91
4	10	25
6	9	26
4	10	26
5	9	27
7	12	32
1	8	59
1	8	90
1	9	91
0	7	91
0	7	90
0	16	91
0	11	91
3	6	24
5	8	30
9	11	26
9	13	27
1	5	22
1	3	21
6	8	25
5	7	26
0	8	90
0	8	90
0	12	91
0	3	91
3	9	91
23	33	90
0	4	21
0	9	91
5	6	27
5	6	23
9	7	30
1	4	91
1	7	21
0	12	90
0	13	91
7	14	30
0	11	91
2	9	91
3	12	91
0	6	91
13	21	56
5	9	27
6	12	33
4	9	90
2	14	91
3	8	22
5	11	25
0	10	90
5	7	24
3	8	22
2	7	21
1	5	26
5	9	25
3	6	23
4	8	22
2	4	21
10	13	31
0	10	90
0	10	91
0	6	90
5	10	24
0	6	91
0	10	91
0	6	90
0	20	91
0	9	91
0	38	90
5	9	25
6	8	24
0	14	91
0	8	90
10	10	90
2	3	21
8	12	30
0	17	90
0	9	89
0	11	90
0	4	91
0	4	32
3	21	91
6	11	35
9	10	35
0	26	90
2	9	90
2	10	91
0	11	90
1	7	91
12	14	39
5	7	24
0	8	91
0	13	91
2	7	25
2	12	91
2	9	91
0	10	90
0	14	90
0	7	91
0	7	90
2	9	91
1	10	89
4	15	90
1	7	90
2	7	91
3	7	21
0	20	83
2	7	90
11	11	39
10	9	37
0	19	90
0	12	91
7	13	28
0	9	89
0	8	91
5	6	23
0	16	90
0	5	91
7	11	34
3	27	90
7	8	31
7	9	32
9	12	34
8	10	28
6	10	30
0	11	91
0	8	91
0	10	91
0	6	91
0	6	91
1	-1	90
8	12	31
0	14	91
1	13	90
9	11	33
8	13	31
27	29	91
36	33	91
3	6	22
6	9	25
0	9	75
0	3	52
1	6	52
10	11	86
1	10	90
3	8	90
5	7	24
1	6	91
0	10	90
0	3	91
8	11	35
0	-1	90
0	6	91
3	12	90
1	6	91
0	12	91
0	17	90
1	6	22
7	8	28
8	16	33
5	8	25
4	6	23
4	9	25
6	10	31
21	28	91
1	13	90
0	5	91
2	3	24
6	29	91
6	31	91
4	5	22
0	8	89
4	7	26
5	7	22
2	6	21
8	10	33
0	11	90
0	10	90
5	7	24
5	7	24
1	2	29
0	4	90
0	9	91
14	15	40
0	11	91
3	8	22
0	11	90
0	9	91
0	12	90
0	4	91
1	12	90
3	6	20
0	10	90
0	9	91
7	11	26
4	7	24
19	22	60
0	6	91
0	6	91
0	-1	90
0	15	91
0	10	91
22	26	90
0	12	90
0	-1	91
1	2	21
0	19	91
7	10	35
2	-1	91
0	7	90
0	7	91
0	5	91
4	8	35
4	33	91
8	9	27
11	13	34
4	8	23
0	10	90
0	13	91
10	9	34
4	12	28
10	15	34
7	11	29
0	14	91
0	10	89
8	10	33
9	10	26
7	9	26
7	8	28
0	3	91
0	12	88
4	10	30
11	13	38
10	9	30
6	9	29
5	8	25
8	13	33
2	8	23
0	5	91
0	7	90
8	12	32
7	9	30
4	9	25
0	1	90
0	13	91
0	6	90
4	8	21
11	13	36
9	13	32
6	7	24
0	11	91
0	11	90
0	11	79
0	4	23
22	40	90
43	43	90
6	8	25
3	6	22
4	13	37
5	9	24
8	15	40
0	11	91
0	9	90
3	10	24
0	8	91
1	8	22
3	6	22
36	36	89
16	20	50
6	8	25
10	11	35
6	8	28
10	9	31
13	12	36
1	9	91
5	10	26
6	10	26
7	12	27
8	11	28
0	22	89
0	16	90
1	39	90
0	6	91
7	13	31
0	14	83
3	8	20
0	5	90
5	9	30
3	6	21
9	12	34
7	12	32
9	11	28
9	11	31
0	11	86
0	7	90
0	14	90
0	16	90
0	-1	90
0	6	90
0	9	91
0	8	91
0	8	90
0	2	91
6	8	31
8	8	32
7	10	27
5	9	25
0	-1	90
8	10	27
5	13	27
5	9	27
3	7	24
6	11	30
1	5	28
8	8	28
1	7	24
5	8	26
4	6	24
9	13	32
6	9	27
4	7	24
0	14	91
6	11	25
8	10	28
4	32	88
6	9	26
4	8	22
0	3	91
0	-1	90
0	14	90
27	31	91
30	30	90
28	32	91
28	32	90
0	8	91
0	9	90
12	8	29
3	6	22
10	19	40
3	6	21
5	7	24
8	11	28
9	12	34
6	8	26
0	8	91
7	37	91
1	6	22
0	13	91
0	10	91
4	11	30
8	12	29
7	12	32
0	5	90
0	5	91
5	9	32
8	12	31
32	35	80
0	11	91
0	8	91
3	15	91
11	11	29
0	8	91
0	8	91
0	5	90
2	7	23
10	13	32
8	10	32
1	8	91
2	4	23
34	38	91
1	2	22
0	28	90
0	8	90
0	13	89
0	27	90
3	14	30
8	9	25
0	7	87
0	15	91
6	9	26
0	5	90
0	12	90
0	12	90
0	12	91
4	7	24
7	8	27
0	40	91
1	12	90
2	10	91
8	10	37
5	8	25
5	8	24
4	7	23
0	35	90
0	2	90
0	0	90
0	0	91
1	0	84
1	1	91
0	6	90
0	7	91
6	9	27
3	7	35
6	-1	91
5	7	23
3	7	20
2	7	21
8	10	33
3	8	23
1	7	22
0	16	90
6	8	27
0	10	91
1	7	90
1	3	21
0	11	91
0	11	91
4	6	24
2	9	91
0	12	90
0	13	91
0	9	87
3	9	23
0	19	91
2	6	22
0	7	91
0	7	91
0	7	90
12	13	38
0	11	91
0	17	91
0	8	91
0	14	89
25	40	91
0	36	90
0	34	85
0	5	90
0	15	91
0	-1	90
20	21	55
7	8	26
15	19	42
3	12	32
1	12	90
0	8	91
0	20	90
0	17	90
0	12	90
2	9	90
0	11	91
10	10	30
8	9	29
5	8	29
2	6	22
21	13	54
4	8	21
11	25	45
0	7	91
4	23	91
6	9	26
1	2	22
0	2	30
5	6	24
8	12	31
9	11	30
7	9	25
27	29	91
31	35	91
5	9	25
5	8	24
8	11	29
4	7	23
0	16	91
6	9	36
0	10	91
0	11	91
0	3	91
0	22	91
3	4	22
0	12	91
4	8	23
1	5	24
3	5	21
3	5	23
0	17	91
0	12	90
3	7	23
20	31	91
2	14	91
0	13	91
0	9	91
0	10	90
5	7	37
0	11	91
2	-1	90
2	9	91
2	9	91
3	8	25
0	11	91
0	7	91
0	16	90
1	6	91
0	5	90
0	11	90
2	9	91
2	7	90
5	16	90
1	13	90
0	8	91
5	5	26
1	6	21
2	3	22
0	10	91
9	38	90
4	6	22
0	9	91
0	15	89
1	35	91
5	5	21
4	9	26
5	7	25
4	6	23
4	7	24
2	6	90
0	11	90
0	10	90
3	8	91
2	33	91
0	7	90
2	10	90
3	11	89
1	11	91
1	10	90
0	12	91
0	12	90
3	4	21
0	6	90
0	9	91
0	14	91
0	13	91
2	7	21
1	8	91
0	12	90
2	10	25
22	23	69
22	23	66
21	24	68
5	11	25
6	13	31
5	12	31
4	12	26
0	1	90
0	14	90
0	10	90
0	14	73
3	9	23
0	9	91
0	10	91
0	6	90
0	8	91
1	11	90
3	11	91
6	14	32
0	9	88
0	7	90
27	-1	91
5	9	25
11	10	31
12	10	32
8	8	29
7	8	30
8	9	33
7	8	31
5	5	23
17	35	91
10	10	37
7	13	33
11	10	31
14	16	48
6	8	28
0	6	91
0	12	91
4	4	24
2	7	21
7	8	34
8	10	32
6	9	28
6	7	25
6	9	25
0	17	91
0	17	90
2	7	24
3	8	23
0	19	90
4	8	23
0	8	91
0	15	91
0	14	91
1	10	91
1	-1	91
0	6	90
2	17	91
1	14	90
0	7	91
5	8	24
0	5	91
0	7	91
5	7	26
12	13	91
0	10	91
8	10	32
0	10	90
0	9	91
0	11	91
1	9	91
2	10	90
2	7	23
5	9	25
0	11	90
0	7	91
2	12	91
2	9	91
0	27	91
1	26	91
2	27	91
1	27	91
2	11	90
2	11	89
0	26	91
2	11	91
2	4	20
13	10	37
13	11	38
9	9	33
4	8	23
1	10	90
1	8	90
5	9	24
1	2	39
5	8	24
10	12	90
1	19	91
0	10	91
0	13	91
0	11	90
0	9	91
0	7	91
5	8	25
7	10	32
2	10	90
3	6	89
23	27	91
6	9	27
2	4	26
5	9	25
0	13	91
0	6	90
5	53	91
1	-1	91
0	-1	91
0	12	91
9	13	28
29	28	91
2	12	90
4	5	23
0	4	91
0	13	91
0	7	90
0	4	90
2	9	91
2	10	91
0	10	90
8	11	31
10	12	31
9	12	28
6	6	25
13	11	38
5	5	27
1	14	90
3	13	89
30	34	90
0	8	91
5	8	23
11	12	38
9	13	40
12	12	37
0	13	91
3	11	34
22	30	65
3	7	23
24	37	91
2	6	21
0	3	70
0	-1	90
0	8	64
0	9	89
4	6	23
3	6	22
2	5	21
6	7	24
0	12	90
0	10	90
0	12	88
0	9	90
0	15	91
0	13	91
1	4	25
7	9	25
0	27	89
12	10	30
0	13	91
0	9	91
0	10	91
2	5	31
6	8	25
6	9	26
7	8	25
7	9	27
4	19	91
3	16	90
0	20	91
0	12	91
0	15	91
0	13	90
18	19	59
16	17	53
14	17	47
11	11	34
9	8	35
5	6	25
21	27	90
0	11	87
0	11	90
0	-1	91
0	20	91
2	13	91
2	5	23
2	5	21
6	10	27
1	14	90
0	17	91
0	6	90
4	6	22
0	12	91
3	8	30
7	11	25
3	7	23
0	13	91
0	10	91
0	8	90
0	12	90
0	10	90
3	8	91
0	10	90
6	9	30
7	8	27
4	4	22
0	6	91
0	6	90
4	6	23
6	9	28
7	12	32
0	-1	90
0	7	90
0	6	90
0	5	91
0	12	90
3	5	25
3	4	23
5	7	25
5	7	26
6	7	25
0	6	91
0	12	90
0	11	91
0	7	41
1	8	80
1	8	80
0	12	90
0	8	89
7	9	24
9	11	33
0	16	91
0	13	91
1	11	90
3	17	82
2	20	90
25	30	89
0	11	91
0	8	91
0	-1	91
0	13	91
1	5	25
0	14	90
0	9	91
6	7	26
2	6	91
0	12	90
23	28	90
0	10	90
0	6	91
0	10	91
0	19	91
1	-1	91
0	34	90
2	36	90
16	-1	90
0	6	90
0	7	90
0	15	90
0	12	90
12	14	32
21	35	91
7	10	31
0	12	91
25	29	91
7	9	31
0	12	90
0	12	91
0	10	91
0	6	90
3	3	22
8	10	34
0	5	91
0	5	90
7	10	27
7	9	28
0	4	90
7	9	25
1	15	90
0	18	91
6	8	23
0	12	85
2	10	85
0	11	91
0	10	90
0	12	91
2	4	21
0	7	90
13	24	61
22	36	90
0	11	90
0	8	90
4	7	22
2	7	21
11	12	90
4	10	25
0	17	91
1	8	85
7	8	25
35	35	91
8	12	31
19	28	86
0	11	90
0	3	91
0	7	90
0	7	91
8	11	90
5	16	90
0	11	91
2	-1	89
0	6	89
0	14	90
1	5	90
1	8	91
0	10	90
3	12	91
3	7	91
0	9	91
6	8	27
0	22	91
0	10	90
0	9	90
2	11	90
2	11	90
1	10	91
22	23	49
16	18	41
16	17	91
4	10	26
0	7	91
11	13	38
3	7	25
1	4	90
1	4	90
1	2	90
0	9	90
1	3	91
0	-1	91
0	6	90
0	9	91
0	2	88
2	1	90
0	8	90
0	2	90
0	21	91
0	15	90
11	13	33
0	12	89
0	8	90
6	7	24
1	9	91
6	8	26
5	7	31
7	9	31
3	29	91
3	4	21
2	6	22
3	6	23
0	14	91
11	13	33
0	10	91
0	10	91
9	12	32
0	2	91
4	7	21
9	11	30
0	10	91
8	12	31
0	9	90
8	12	29
7	9	27
6	9	25
6	10	25
5	8	27
6	9	24
39	39	83
0	6	90
0	8	90
0	6	90
8	18	33
23	43	91
0	23	90
4	17	30
0	4	91
9	20	69
0	11	91
0	12	90
7	12	32
4	10	27
4	17	91
8	19	90
29	33	76
31	37	82
24	30	69
13	16	42
16	21	50
30	36	91
0	2	20
0	13	90
1	13	91
7	12	32
4	5	26
7	11	31
8	12	33
9	12	30
7	9	32
8	7	26
7	9	31
7	10	31
8	10	30
22	-1	91
8	10	30
3	9	22
0	9	90
4	10	24
3	8	25
6	8	31
0	8	91
0	9	90
8	10	27
0	12	90
0	13	90
0	7	91
0	14	91
6	11	32
0	9	91
0	6	91
4	8	26
16	15	41
0	18	90
0	9	89
6	7	30
1	11	90
9	13	37
15	16	53
0	15	91
3	9	23
0	23	90
0	11	91
26	28	90
4	8	26
5	8	25
5	10	34
6	9	28
5	9	25
2	9	21
0	4	36
4	10	25
4	9	25
0	12	91
0	6	91
7	8	25
0	4	90
1	33	91
14	14	36
11	14	35
10	15	37
11	16	36
1	14	91
2	5	22
2	6	22
7	7	27
13	15	42
10	17	37
10	15	37
12	18	40
6	7	24
4	41	90
0	7	90
1	8	91
1	5	91
0	10	90
5	11	27
3	7	23
0	8	90
0	16	90
19	21	61
5	9	24
6	8	27
0	6	91
1	3	21
0	16	91
11	19	47
0	14	90
0	16	86
0	10	90
2	8	21
3	6	91
4	7	25
2	3	22
0	12	90
0	6	91
3	8	22
4	9	23
0	-1	90
0	38	90
21	26	91
0	7	41
21	27	91
23	30	91
26	30	91
27	30	90
28	30	90
27	30	91
28	31	91
28	29	89
22	24	73
24	29	91
27	30	91
30	31	91
28	30	91
1	4	91
0	10	90
0	9	91
8	6	25
7	7	25
0	13	91
0	-1	90
0	13	90
5	10	28
8	13	44
5	8	28
2	3	23
0	12	90
0	6	91
4	23	91
23	28	91
25	-1	91
9	10	34
8	19	91
2	14	90
10	11	33
2	7	91
0	8	90
0	8	91
0	8	91
8	9	33
33	32	90
10	32	90
8	13	28
8	13	33
3	8	35
1	12	90
0	8	90
1	3	33
2	12	85
2	12	85
0	10	91
0	9	90
9	14	30
9	13	31
21	-1	72
29	32	90
25	33	91
25	32	91
29	31	89
27	31	91
29	-1	91
27	32	91
28	30	91
26	30	91
5	8	24
0	12	91
0	7	90
8	11	30
4	9	25
3	10	26
0	11	91
8	10	35
8	12	28
22	24	55
2	5	22
0	-1	91
0	13	90
8	11	30
8	12	31
8	11	29
7	11	30
8	9	27
0	12	90
0	6	91
0	11	90
29	35	88
0	22	91
4	10	26
4	6	25
10	20	51
9	19	38
2	6	22
9	12	35
26	19	90
10	11	33
9	11	32
9	12	31
9	12	30
8	12	29
8	11	30
7	10	28
1	15	90
0	10	90
8	10	26
4	7	24
2	2	22
13	15	89
6	6	23
29	33	91
0	0	21
1	7	79
0	7	79
0	10	90
0	5	90
0	17	90
0	30	90
0	8	87
0	8	87
0	0	67
1	25	91
1	30	71
4	7	24
11	12	31
7	9	30
1	2	21
7	7	25
7	10	28
4	8	23
0	9	91
6	9	25
10	-1	90
5	9	30
1	10	90
0	14	91
2	8	22
13	17	37
2	32	90
0	11	91
0	9	90
7	10	26
15	15	91
16	15	90
14	15	91
14	14	91
13	13	84
12	14	78
1	2	66
0	9	90
5	12	30
0	24	89
0	8	90
0	10	91
0	4	90
0	4	90
0	4	89
6	9	24
0	8	90
0	11	90
8	14	35
5	39	91
3	7	25
0	11	91
0	12	91
7	11	29
0	7	91
0	10	90
0	10	88
4	9	30
2	5	22
4	15	91
3	11	91
0	10	91
0	10	90
1	12	90
2	9	90
2	6	91
24	29	63
30	35	91
1	4	21
3	5	21
1	11	91
0	7	91
3	10	91
2	12	90
1	11	91
0	12	90
7	11	34
0	9	91
0	7	91
0	12	90
0	12	90
0	5	91
0	6	91
17	20	47
9	10	30
9	10	35
10	11	36
9	10	33
9	11	32
8	9	32
6	9	28
6	12	32
7	9	33
5	7	23
3	4	90
1	7	91
30	29	91
28	28	85
28	30	91
29	30	91
27	30	91
29	30	90
24	29	91
26	28	85
27	29	89
29	30	91
30	30	91
29	30	90
28	30	91
30	29	91
30	30	91
29	30	91
29	29	91
28	30	91
4	9	26
0	3	90
0	13	90
7	7	27
10	12	28
0	14	91
0	9	90
7	11	32
0	14	91
3	6	21
8	14	31
26	29	89
0	6	90
7	9	28
7	9	25
6	9	24
8	9	28
32	24	90
31	24	87
6	6	27
2	8	24
4	7	23
2	11	90
2	8	91
17	20	58
19	24	66
1	13	91
1	14	91
0	14	89
0	11	91
0	15	91
1	2	21
4	14	90
3	9	89
10	11	36
0	6	90
0	5	91
3	7	24
10	11	36
2	15	91
0	-1	89
0	10	90
11	15	36
6	16	31
5	10	31
12	40	91
13	18	43
20	27	67
10	14	33
6	8	24
10	17	44
4	9	27
0	6	91
0	11	91
0	18	90
0	6	91
0	12	91
3	6	23
0	14	90
0	14	90
30	40	90
9	13	32
12	16	38
9	14	31
11	15	33
10	14	32
0	10	90
9	9	33
0	13	89
0	8	90
9	9	31
0	7	91
26	33	91
4	4	27
3	8	22
1	9	91
0	12	91
0	9	91
0	-1	90
0	12	91
0	11	90
2	7	88
3	13	91
26	27	91
1	7	91
6	18	91
1	11	91
9	11	27
13	13	38
3	15	91
1	8	89
0	12	91
8	11	35
0	13	91
24	27	91
3	8	23
4	9	25
5	8	24
4	10	27
5	11	27
5	10	25
4	11	23
5	10	27
1	5	22
6	12	27
0	38	91
7	8	44
3	8	24
0	18	90
0	-1	90
3	8	20
5	12	28
0	12	91
1	9	91
10	13	35
0	6	91
0	10	91
0	4	42
2	6	91
0	8	91
1	3	91
1	2	90
0	5	91
0	2	91
0	0	90
0	0	91
3	5	21
8	10	27
4	7	24
4	6	23
0	7	91
0	7	91
0	10	90
0	11	91
5	7	22
5	9	27
8	10	31
0	9	90
0	9	91
7	6	36
2	4	20
1	9	89
0	6	91
12	17	39
0	6	90
0	4	67
0	6	91
5	6	25
0	7	91
1	8	77
1	7	77
2	6	22
7	6	25
3	8	22
0	12	91
0	8	91
5	10	28
1	15	91
4	3	30
8	13	33
0	12	91
8	13	31
4	7	26
5	5	89
0	10	91
0	16	91
8	13	33
4	5	23
9	10	31
21	20	63
3	6	22
8	12	31
0	9	90
1	5	33
5	9	24
0	12	91
3	14	91
2	4	90
8	11	30
7	8	26
13	20	67
3	7	24
5	10	25
4	9	25
0	7	79
0	5	91
5	8	27
26	27	91
18	25	91
11	18	73
10	8	33
23	23	74
16	28	59
1	8	22
2	6	22
3	12	91
1	10	91
2	17	91
3	7	89
3	6	21
5	8	21
1	6	23
0	9	90
0	25	67
0	13	90
0	12	91
0	9	91
0	13	90
2	3	26
0	8	91
0	9	91
3	6	23
0	11	91
0	-1	90
3	5	23
1	8	69
5	9	24
0	14	90
8	9	31
0	12	88
0	9	90
0	12	90
0	-1	90
5	7	25
6	8	26
1	15	91
1	15	91
8	14	34
0	1	90
0	2	91
2	5	38
0	13	90
0	18	90
0	40	91
2	7	28
1	3	91
6	8	24
7	9	24
40	40	89
0	18	90
6	9	32
0	12	91
0	11	90
0	7	91
0	10	91
3	4	22
0	12	90
0	12	90
0	9	88
0	10	90
9	12	30
7	11	29
10	27	88
7	8	25
6	8	26
7	8	26
28	30	91
28	34	91
27	33	90
28	31	87
26	31	91
24	31	91
28	34	90
28	32	91
29	33	91
28	29	89
30	32	91
28	31	87
30	32	90
27	33	91
24	30	81
18	23	62
10	11	33
3	6	23
0	10	90
0	13	90
6	7	25
3	8	90
5	7	25
2	12	87
5	12	91
2	10	89
9	13	49
1	2	32
0	10	90
0	10	90
0	12	90
0	7	90
7	11	31
19	18	48
0	10	90
0	10	90
6	11	27
7	8	90
9	14	36
9	14	31
23	39	91
1	12	90
8	10	30
0	8	91
0	9	91
3	8	26
0	7	90
0	11	90
0	38	89
9	13	34
8	13	33
8	9	31
2	4	21
4	7	26
0	11	91
0	10	91
23	34	78
0	10	90
0	6	91
0	7	91
0	23	90
4	8	26
0	12	91
0	10	91
0	10	90
13	23	60
8	9	30
3	7	23
5	6	23
1	6	30
0	7	91
0	11	91
0	0	90
15	16	90
16	16	91
0	1	91
23	28	61
25	22	83
0	8	90
0	14	90
0	14	91
0	14	87
7	12	28
8	16	33
5	6	25
0	8	90
8	13	30
6	12	27
0	15	90
0	13	91
2	5	21
30	18	91
1	10	91
4	7	24
3	8	26
1	5	20
0	8	91
12	22	51
3	5	23
22	26	64
21	35	91
8	11	28
7	11	29
0	15	91
0	17	90
6	9	26
12	14	33
23	43	89
2	5	20
0	9	90
3	6	21
8	8	30
0	6	91
33	42	91
7	9	27
0	24	91
4	6	30
1	8	90
6	9	24
6	6	27
14	16	39
0	17	79
31	43	91
2	4	23
9	16	34
1	13	90
4	7	25
4	5	23
6	8	24
27	35	90
4	7	22
0	6	90
0	6	91
0	17	90
0	8	90
0	7	91
0	12	91
5	9	25
5	8	23
2	5	22
1	12	90
0	9	91
0	10	90
6	52	86
0	11	91
0	11	90
0	14	89
0	15	90
0	26	91
9	10	33
8	10	30
0	9	91
0	11	91
29	26	91
33	22	89
31	21	85
30	18	91
28	19	91
0	11	90
0	5	91
0	10	90
0	12	91
7	8	26
1	9	91
1	13	91
1	12	81
0	0	51
6	32	69
0	10	91
0	13	91
8	9	26
12	14	38
0	10	90
0	19	90
3	6	23
0	5	91
5	10	27
9	12	34
10	11	31
3	4	23
2	3	22
23	40	91
6	9	25
3	5	21
5	9	31
0	8	91
0	11	90
0	11	91
0	10	91
0	9	91
0	-1	89
14	21	49
0	11	90
15	37	91
7	33	91
21	34	89
0	17	91
2	6	22
6	10	31
0	18	91
5	8	23
6	6	26
2	29	89
0	8	89
1	6	91
4	10	25
0	6	90
2	8	21
5	5	25
3	6	22
8	10	32
0	8	91
0	12	90
4	5	22
7	9	28
5	9	25
6	8	26
0	12	87
5	9	24
9	16	38
1	0	91
1	0	90
0	0	91
0	1	90
0	0	90
8	11	30
3	6	22
7	10	31
3	8	24
4	9	25
3	8	25
10	13	30
9	13	31
4	7	22
24	-1	91
7	12	32
9	10	31
0	9	91
0	8	90
0	6	90
1	4	91
0	11	91
3	8	23
3	6	23
2	13	90
3	7	91
0	10	89
0	10	91
4	8	26
3	6	22
0	25	91
5	9	25
14	25	91
3	11	88
0	21	91
0	9	91
0	14	91
5	5	23
5	7	24
0	10	91
0	7	90
0	5	91
4	8	24
0	10	90
1	13	91
0	22	91
4	8	24
0	14	90
2	5	22
0	8	91
0	9	91
10	14	34
0	5	91
2	8	90
1	6	50
0	8	91
17	-1	89
1	10	91
3	15	91
2	16	91
4	33	90
0	-1	90
0	-1	90
0	9	91
0	7	91
0	3	23
9	7	32
2	6	21
0	12	90
0	13	91
0	8	91
0	9	91
23	31	91
19	32	63
4	23	91
5	23	91
3	9	22
6	8	26
7	9	27
4	8	23
0	9	91
0	11	89
0	13	91
0	10	91
2	4	29
0	9	91
0	4	91
0	13	91
30	51	90
25	51	91
9	13	31
3	5	23
0	5	91
0	2	91
1	10	90
2	13	91
0	16	90
2	11	90
2	10	91
1	5	90
0	5	22
28	29	91
0	7	90
0	6	90
4	8	25
6	8	24
0	12	91
2	5	22
7	10	27
0	10	90
0	13	90
10	16	44
0	12	91
0	2	90
4	8	24
1	6	23
0	20	90
0	19	90
1	6	47
9	12	33
6	9	27
6	10	26
0	11	91
0	6	91
0	18	91
0	8	91
0	11	91
8	11	32
9	9	29
4	9	22
0	11	90
4	8	24
9	14	36
1	3	22
2	29	90
6	11	24
1	8	91
2	10	90
0	8	91
0	8	91
6	9	28
6	10	28
7	9	34
0	1	21
0	35	90
4	7	22
0	7	90
0	12	91
0	2	20
0	7	91
0	11	90
30	32	91
12	13	39
0	23	88
1	8	21
2	6	23
5	8	30
5	8	24
0	9	91
1	9	91
7	8	32
2	5	23
0	7	91
1	10	90
5	7	28
0	8	90
0	7	90
9	8	26
25	31	91
0	-1	90
0	10	91
0	8	91
11	14	39
8	9	31
6	7	27
4	10	25
5	11	27
5	14	33
4	11	28
5	11	27
5	10	26
10	12	34
0	6	91
1	4	26
7	9	26
12	15	38
10	13	36
7	10	30
7	10	28
1	12	91
1	15	90
8	10	26
5	7	23
6	8	27
8	8	27
9	13	31
0	9	91
0	7	91
0	4	90
1	8	91
8	12	33
0	-1	90
6	9	24
8	9	24
1	10	90
3	15	76
2	4	23
3	6	25
6	8	24
14	18	47
4	8	24
4	7	23
22	18	55
22	19	55
23	18	54
5	8	25
2	5	25
8	9	26
0	15	90
0	14	90
4	10	26
0	7	91
2	7	23
0	5	90
8	10	31
0	7	90
1	5	30
15	13	47
7	9	31
4	8	22
21	33	91
5	8	23
10	11	35
0	12	90
2	6	21
0	7	53
0	7	91
4	10	26
0	12	91
5	7	23
4	13	91
3	6	91
9	10	30
3	9	25
3	7	24
4	7	26
5	6	91
6	7	24
6	7	25
32	39	88
6	7	25
2	8	22
14	-1	91
1	0	90
0	6	86
1	3	21
6	9	26
9	11	31
9	13	32
9	11	33
9	11	32
9	11	30
9	12	31
10	11	33
10	12	35
0	9	91
3	7	23
10	12	37
5	6	26
0	13	90
0	8	91
5	8	24
2	5	22
0	13	90
0	15	91
16	23	57
30	38	90
6	9	25
2	10	90
8	10	33
5	8	24
3	10	24
8	9	29
8	8	30
28	31	91
27	30	91
26	26	86
25	27	91
23	21	71
2	10	91
0	40	91
0	9	91
3	5	22
4	8	24
11	14	39
13	13	35
10	12	35
3	10	25
4	10	24
4	10	25
4	8	23
1	3	21
0	14	90
4	5	23
0	9	91
0	7	91
0	7	91
0	6	91
10	16	40
0	13	90
0	12	91
5	10	24
7	9	33
3	8	24
7	10	27
4	6	21
4	7	23
3	6	21
9	14	31
11	11	34
0	7	91
2	5	21
9	12	30
0	13	91
6	10	27
8	9	29
4	7	23
8	13	32
7	10	28
0	12	89
5	7	41
2	3	21
0	10	90
0	11	90
10	13	31
1	30	91
6	9	24
0	8	90
2	6	23
5	9	25
6	9	25
4	7	22
10	9	31
6	9	24
11	12	32
8	12	32
8	11	28
8	11	30
11	14	32
10	13	34
9	13	31
9	13	33
11	14	38
8	11	29
7	10	30
1	6	22
0	12	91
25	27	91
25	29	90
27	28	91
28	29	91
27	28	90
28	30	91
27	31	91
28	33	91
28	-1	91
0	15	90
0	21	91
0	15	91
0	14	91
25	34	91
25	30	90
4	6	26
4	6	25
3	6	23
3	5	22
0	-1	90
0	13	91
0	10	90
0	27	90
6	10	25
6	5	25
8	9	26
8	10	32
7	10	26
9	14	37
8	13	33
7	11	28
5	10	23
4	8	27
3	8	24
6	5	27
1	7	22
2	12	28
3	7	90
0	6	90
0	8	90
3	9	23
2	4	21
2	4	21
12	15	78
14	15	91
6	6	53
7	8	44
5	8	23
0	13	91
0	11	91
7	10	30
10	12	35
6	10	28
3	6	21
1	3	21
21	23	55
17	18	44
3	6	22
4	5	21
6	9	36
2	14	45
4	6	26
0	12	91
4	9	91
1	12	91
1	12	91
2	10	91
2	6	21
7	10	30
6	9	30
6	9	25
19	22	46
18	23	48
1	11	90
0	-1	91
0	8	90
0	7	90
4	10	90
6	6	25
4	9	26
11	12	37
7	10	26
0	11	90
1	24	91
4	6	22
2	4	23
30	21	91
0	30	90
6	9	24
1	9	91
3	8	91
11	15	38
3	12	91
3	3	23
0	8	91
1	14	91
12	15	35
1	27	91
12	11	41
7	10	32
0	17	90
0	13	89
0	20	91
0	7	91
0	13	90
5	7	25
31	36	89
7	9	32
6	10	29
6	11	28
6	41	91
3	8	29
8	15	33
0	16	90
0	6	91
6	12	26
3	7	22
7	11	26
5	11	34
3	11	25
4	8	23
3	8	23
9	10	27
9	11	31
7	9	26
8	12	31
3	6	23
2	9	23
3	8	23
4	16	91
21	29	72
9	10	32
3	7	24
4	9	27
0	4	91
6	13	31
1	7	23
23	32	91
9	12	32
27	47	91
7	10	31
0	10	90
0	6	91
8	15	34
1	8	25
6	8	27
23	23	65
37	36	91
0	5	91
1	0	91
2	6	21
0	36	91
3	9	24
0	5	90
0	4	91
2	6	23
4	11	25
0	-1	90
0	12	90
6	7	26
0	8	91
0	11	91
6	10	26
4	10	25
3	9	23
0	14	91
0	14	88
3	7	26
0	5	91
0	9	91
12	12	49
5	10	26
0	7	89
0	6	90
5	9	25
1	17	91
0	10	91
11	9	30
9	11	35
10	15	38
0	9	90
2	6	25
2	4	20
3	7	24
2	8	24
0	12	91
0	11	90
0	4	91
0	7	90
1	6	90
1	6	91
3	12	90
1	8	90
1	6	91
3	11	90
2	6	91
0	8	90
0	4	91
0	5	90
5	9	91
0	25	91
0	-1	91
2	12	91
0	10	90
0	3	91
3	7	28
16	14	87
6	6	27
6	9	27
0	12	90
0	5	90
0	10	91
6	10	26
5	10	25
5	12	30
7	7	30
3	7	24
1	7	90
3	7	22
0	10	90
0	8	91
0	3	60
1	8	90
1	9	86
4	8	90
1	15	90
0	9	90
0	3	91
0	11	91
0	15	90
4	7	25
0	9	91
7	7	26
0	11	90
0	9	91
1	20	91
0	7	91
0	9	90
0	10	90
12	9	34
2	5	25
1	30	90
0	12	90
0	-1	90
1	10	91
0	4	91
0	11	91
5	7	26
8	8	29
1	6	90
3	8	91
27	32	91
21	-1	90
28	32	91
4	10	24
1	10	90
5	15	91
0	11	91
0	2	90
0	10	91
0	8	90
1	10	91
2	4	24
12	13	33
0	16	91
15	21	60
0	9	90
0	5	91
1	9	90
8	11	28
3	26	91
2	5	21
0	8	91
1	9	90
0	5	91
0	6	90
0	7	91
0	10	90
0	12	91
4	8	29
18	19	91
24	25	72
26	31	90
24	25	74
1	14	91
2	15	91
4	8	25
3	7	24
4	8	23
0	8	91
0	11	89
7	9	32
22	29	90
26	29	91
26	29	89
27	27	90
28	28	91
25	28	91
0	6	91
0	13	90
0	8	91
26	34	81
7	6	26
2	13	88
2	13	90
0	9	91
0	12	90
0	9	90
0	21	90
6	13	33
0	13	90
0	-1	91
0	5	90
0	24	90
7	11	29
2	6	20
2	7	24
8	8	29
8	8	28
8	6	27
1	15	90
5	13	30
0	1	20
0	17	91
0	6	91
0	11	91
0	6	90
0	13	88
2	8	89
3	12	90
5	9	24
7	12	29
2	7	91
0	9	90
0	9	91
0	15	69
5	9	29
0	13	91
1	13	91
2	4	23
0	16	90
20	41	71
7	11	33
0	11	90
0	4	91
7	11	27
8	8	27
2	5	22
1	14	91
7	13	38
2	5	21
0	7	89
2	6	24
7	12	31
6	8	24
0	8	90
0	-1	90
0	7	91
23	39	91
0	21	91
5	12	30
2	9	90
31	24	91
2	5	21
2	7	21
11	14	44
0	3	22
0	11	91
0	4	91
0	7	90
5	8	26
4	7	25
4	7	23
0	3	91
0	10	91
2	5	22
28	45	91
29	48	91
26	46	90
28	39	91
25	44	91
29	33	88
25	-1	90
0	12	90
3	6	26
5	8	91
11	14	37
4	8	23
0	4	91
5	9	25
9	12	29
6	12	29
7	12	28
0	8	90
0	8	91
6	9	24
2	8	91
6	9	26
24	26	91
0	8	91
0	8	90
0	2	90
18	19	45
14	17	37
0	5	91
0	12	91
0	9	91
0	8	91
0	10	91
0	15	90
0	14	91
12	15	38
3	32	91
0	10	91
0	10	91
7	6	24
8	12	30
5	9	30
0	8	90
0	11	91
0	8	89
2	10	91
2	12	91
8	10	32
4	7	25
0	6	91
1	10	90
35	37	87
0	9	90
0	8	88
0	7	91
0	7	89
11	11	32
4	7	22
6	12	27
0	14	90
16	17	45
1	3	21
2	3	23
0	22	91
0	0	91
2	22	90
3	7	25
24	26	60
23	25	61
23	25	60
22	24	58
21	24	58
20	22	55
19	21	53
16	20	51
18	19	49
17	19	47
15	17	45
12	14	38
10	12	34
10	11	34
0	7	88
9	13	34
10	11	33
9	11	32
9	14	37
30	29	75
0	10	90
0	16	90
8	10	27
0	8	91
3	11	91
0	6	91
0	5	91
8	9	25
4	25	91
0	22	89
0	4	90
0	3	91
1	10	91
0	0	91
1	5	90
1	8	91
0	5	91
1	6	91
4	9	24
3	7	23
5	6	25
3	5	23
4	5	23
11	15	41
0	15	91
1	11	91
0	3	77
36	39	91
34	37	88
0	7	90
3	8	23
2	8	24
2	7	91
3	16	91
0	11	90
0	9	90
0	14	91
5	7	30
0	10	90
0	8	91
6	10	27
1	23	91
5	14	90
1	9	90
0	10	91
0	10	91
6	11	30
3	5	23
5	6	23
0	11	90
0	5	90
0	19	91
8	10	35
1	23	91
2	4	91
2	4	91
5	35	90
1	4	91
1	11	91
1	5	47
0	5	90
0	16	89
8	9	26
3	9	30
5	6	23
0	8	90
0	15	91
2	7	26
9	8	29
0	7	90
5	9	25
2	11	90
0	8	91
0	8	90
0	5	58
7	11	30
3	9	24
0	7	90
6	8	25
1	15	91
0	18	90
0	13	91
0	12	90
2	6	21
3	35	91
0	9	89
24	28	91
3	6	23
9	12	36
3	5	22
4	5	22
2	1	22
2	-1	91
0	9	90
1	10	90
2	14	89
3	5	35
3	6	24
4	5	20
0	11	90
4	8	24
1	6	91
0	8	90
20	39	86
0	11	91
0	17	90
9	15	34
7	6	22
12	30	90
6	7	31
3	8	23
12	18	40
3	6	22
9	14	36
0	2	91
21	25	61
4	7	22
3	8	22
3	7	21
8	11	30
2	6	21
10	9	33
0	7	91
0	8	90
9	12	31
16	21	45
1	5	77
0	13	91
2	5	22
4	5	90
0	14	89
7	9	28
6	10	27
8	12	32
8	10	31
0	9	90
0	13	91
8	9	24
10	11	33
9	12	28
33	39	89
6	12	32
8	13	34
9	14	35
3	8	25
4	6	23
0	10	90
0	19	91
2	9	90
1	7	20
5	9	25
1	7	89
1	7	90
0	9	90
0	9	91
4	6	24
8	13	32
8	12	30
8	11	26
10	14	31
10	15	33
7	9	31
3	6	21
2	5	23
2	7	91
2	7	90
26	38	91
0	9	88
0	11	91
1	5	22
4	5	25
5	7	24
1	8	90
0	7	91
1	14	91
1	10	90
6	7	24
5	6	28
0	5	91
0	2	91
3	5	22
8	10	30
2	42	91
0	12	91
0	12	90
0	7	91
0	7	91
3	38	90
6	6	26
4	8	25
4	37	90
12	17	37
0	10	90
3	5	26
1	11	91
8	10	31
0	10	90
0	-1	91
5	9	25
3	-1	91
2	29	91
1	29	91
2	28	91
1	28	91
0	16	91
1	17	91
0	7	90
0	10	90
0	11	89
0	5	90
4	39	91
0	10	91
0	10	91
3	7	24
9	12	33
4	7	21
12	18	50
6	8	24
3	7	22
0	7	91
0	3	90
0	11	90
0	9	90
0	16	91
0	7	90
0	12	91
0	15	90
7	10	27
5	10	26
10	12	29
3	8	27
0	6	91
5	20	90
3	11	91
4	9	23
6	11	91
5	6	91
8	9	33
1	3	21
0	11	91
0	14	91
2	10	90
0	7	88
7	13	31
4	10	31
4	5	22
4	7	24
4	-1	91
0	12	91
7	9	28
0	11	91
0	7	91
8	11	30
2	21	90
0	15	90
0	7	91
0	7	90
5	9	27
0	12	90
7	10	23
8	12	51
8	8	26
2	6	22
1	11	91
0	11	90
1	15	90
10	9	33
0	15	91
0	6	91
6	8	25
6	8	24
5	13	90
5	12	84
6	7	91
11	18	37
6	6	25
9	12	32
3	8	23
3	8	24
4	8	24
2	-1	90
7	10	27
7	9	28
0	9	91
0	7	91
2	5	25
8	13	27
0	7	90
32	33	88
0	6	91
9	9	32
8	8	24
6	10	30
0	9	91
0	5	91
0	8	91
5	8	26
5	6	28
7	11	31
9	13	29
1	6	90
0	38	90
7	10	31
0	8	91
0	6	91
0	6	91
6	10	24
1	5	23
5	8	29
0	32	91
9	12	32
8	11	30
8	11	29
0	7	90
11	17	37
1	13	91
11	19	40
1	-1	90
0	9	90
1	10	89
0	5	90
6	9	24
0	16	91
0	9	91
2	8	22
3	9	24
4	15	91
0	7	91
8	9	27
3	10	23
5	9	22
2	6	23
2	8	23
4	6	51
3	5	21
1	8	90
3	5	27
0	12	91
0	4	89
0	8	90
0	13	91
1	9	91
4	5	23
19	34	90
6	10	29
5	8	28
4	9	28
3	10	27
0	11	90
0	3	91
7	7	32
0	11	91
1	10	90
0	14	90
0	15	91
0	6	91
0	11	91
6	8	27
6	5	26
0	12	89
0	23	90
2	3	23
9	10	31
7	7	26
2	7	22
2	6	21
3	6	31
3	5	22
1	4	22
34	36	91
5	13	30
2	12	89
0	24	90
2	5	20
1	11	91
1	17	89
0	7	91
5	13	90
7	9	26
2	12	90
25	41	91
3	7	23
4	6	25
4	9	22
1	7	49
2	6	91
5	8	30
0	8	87
0	5	90
0	4	90
2	7	21
3	7	24
0	9	91
0	13	75
5	9	30
5	7	27
10	21	89
0	11	90
1	15	90
0	13	90
1	6	28
0	3	91
3	12	90
2	12	90
1	10	91
9	10	35
0	10	90
0	12	89
0	18	90
6	8	29
2	4	21
9	14	35
0	13	89
0	12	91
3	1	33
5	9	24
14	14	42
0	2	52
4	7	23
6	10	31
0	8	90
3	10	23
2	6	91
0	10	90
5	8	39
0	15	91
0	5	91
0	18	91
0	18	89
1	15	74
0	12	91
0	13	90
0	7	91
0	4	91
2	8	20
0	16	90
8	13	30
1	3	22
1	3	21
0	11	90
0	11	91
0	9	90
0	8	90
0	14	90
0	10	91
6	9	27
0	4	23
16	18	54
15	19	39
3	7	22
5	8	24
9	9	91
9	12	29
5	13	28
6	9	24
10	17	41
0	6	90
0	12	91
10	11	35
0	18	91
0	12	90
0	11	90
0	10	91
2	7	23
1	13	91
0	1	59
7	12	28
1	22	90
0	14	91
0	16	91
2	8	21
1	12	90
9	12	33
6	8	24
4	7	24
0	13	88
3	6	20
0	11	74
0	11	91
3	9	22
7	9	25
2	8	21
4	9	22
12	17	38
13	16	37
9	15	33
8	12	39
8	11	36
6	9	31
7	7	27
0	27	90
0	13	91
0	9	91
4	-1	91
8	14	32
3	7	25
3	6	24
6	7	26
4	7	25
0	7	91
0	8	91
6	12	25
0	16	90
28	31	90
28	31	91
18	22	51
3	7	21
0	10	90
0	8	90
0	2	91
0	8	91
0	11	89
0	15	86
6	9	26
1	5	91
0	10	91
0	6	89
13	16	41
0	11	91
2	7	22
5	8	26
9	20	34
8	11	34
2	4	22
0	14	90
7	9	26
0	6	91
1	9	91
1	10	91
3	5	22
5	6	27
0	13	90
0	9	91
0	7	90
7	10	27
1	8	21
5	6	24
9	10	30
3	7	23
3	9	24
0	6	80
9	11	29
10	13	32
10	12	30
9	12	29
4	6	22
4	6	22
6	9	28
9	13	29
7	8	24
4	5	23
5	10	24
11	13	91
3	6	20
1	30	91
19	18	88
27	29	91
29	30	83
28	31	90
28	32	91
0	16	91
0	8	91
2	10	90
0	9	89
9	12	31
7	11	27
10	12	39
10	10	31
12	12	39
10	10	34
0	16	90
0	3	91
0	-1	91
0	-1	91
31	32	91
30	32	91
22	22	64
28	28	91
13	16	50
0	13	90
3	5	27
4	7	22
0	8	91
0	8	91
1	5	21
8	8	90
0	10	91
0	11	90
5	9	36
0	-1	91
0	11	90
3	19	91
0	8	91
4	12	90
0	7	91
5	12	27
5	11	24
4	8	22
0	18	90
1	16	91
2	20	84
6	7	25
19	35	90
1	11	91
6	18	91
1	8	91
3	13	90
1	7	89
0	7	91
5	9	23
8	13	30
8	10	33
10	8	31
2	8	23
0	7	91
0	8	91
7	9	26
10	13	32
2	11	91
7	14	90
5	8	26
0	21	90
12	12	34
0	8	91
19	39	91
0	5	90
0	9	91
2	10	90
1	11	91
2	5	24
7	11	28
0	12	91
0	9	90
5	11	30
8	11	30
0	12	90
0	12	90
27	47	91
4	6	29
4	7	24
1	8	90
0	8	90
5	10	31
0	12	90
0	2	45
5	-1	91
5	8	24
2	7	23
7	11	30
6	7	24
0	15	91
5	7	24
2	25	83
10	12	32
8	31	91
0	11	87
2	7	21
6	7	28
3	5	24
0	10	40
0	5	90
4	8	24
8	9	27
3	7	24
3	6	23
4	5	30
5	9	26
4	8	25
2	5	22
2	6	90
0	10	91
7	8	30
0	4	91
0	14	91
0	10	90
1	10	90
6	9	26
7	10	24
0	4	21
2	14	91
2	10	91
0	5	91
0	7	90
2	5	22
1	8	91
0	4	91
6	23	91
6	8	28
0	12	91
0	14	91
0	7	91
0	18	91
0	14	90
0	9	91
1	6	23
18	35	91
4	10	26
0	9	90
3	7	24
0	8	91
0	10	90
0	14	91
9	9	32
0	11	91
26	27	66
4	7	24
6	9	28
0	2	90
0	15	91
0	8	49
5	10	91
5	11	91
6	32	90
0	6	32
0	7	90
10	8	36
0	9	86
0	8	86
0	8	91
0	6	91
4	8	90
1	3	26
0	4	90
0	14	90
0	14	90
6	13	88
1	4	22
4	16	91
2	18	90
3	6	21
4	7	24
9	12	30
30	30	90
21	22	70
15	17	53
22	22	68
27	29	90
28	30	91
27	29	91
0	20	90
1	20	90
6	27	90
1	13	88
4	11	91
2	10	91
14	15	90
0	10	91
0	11	91
0	5	91
0	14	90
0	14	91
20	22	54
0	17	91
0	9	90
1	9	91
2	11	90
0	3	90
0	18	91
10	12	32
0	8	91
0	12	91
0	14	90
1	6	91
0	15	89
0	8	91
1	10	91
9	13	33
1	8	91
12	19	41
7	10	26
7	10	28
1	9	30
3	10	90
7	10	32
2	5	91
4	10	90
7	8	29
2	8	91
0	9	90
6	11	31
1	4	59
4	9	91
7	8	27
20	-1	91
0	15	90
7	10	30
12	11	36
1	7	34
10	15	30
4	9	26
6	10	32
8	11	30
0	1	91
0	12	90
0	9	90
11	13	33
10	16	34
2	5	21
9	10	50
0	16	91
8	9	27
9	9	27
8	8	29
5	6	22
0	11	91
0	7	90
1	8	91
0	10	91
2	5	23
1	8	91
1	16	89
10	20	54
2	12	91
2	9	91
0	4	90
0	13	90
0	9	91
7	10	31
5	8	25
8	-1	91
3	-1	91
7	9	27
6	10	27
4	8	22
0	12	90
4	4	26
1	9	22
1	9	90
1	9	91
0	12	91
5	9	25
13	17	39
6	7	25
0	17	90
4	6	22
0	13	90
0	-1	89
7	10	30
1	2	45
8	10	32
1	6	91
8	11	31
5	9	27
0	10	91
0	12	90
3	4	21
0	7	90
0	4	91
0	5	85
1	5	91
0	11	91
9	11	29
10	13	33
10	12	29
3	4	23
4	5	23
0	14	91
26	31	91
28	29	91
27	29	91
0	5	91
0	5	90
4	9	22
24	29	90
23	28	91
4	7	24
2	14	90
3	14	91
0	9	90
0	5	90
7	9	35
6	9	26
18	19	45
21	-1	51
34	39	89
0	6	67
3	8	91
0	8	91
0	8	91
8	12	31
8	13	31
8	12	27
7	13	30
7	14	32
9	13	33
0	6	91
0	8	89
0	4	21
0	9	90
1	7	91
4	11	89
2	3	21
0	10	90
34	36	76
0	11	90
1	11	90
1	10	90
4	7	23
24	28	90
4	6	25
1	27	91
0	16	90
0	12	86
4	4	23
0	13	91
0	12	90
4	13	91
2	9	91
1	4	90
12	12	37
5	6	22
6	7	26
0	15	91
0	10	90
5	9	27
0	13	91
1	4	28
0	3	91
0	3	91
0	8	91
3	12	90
1	12	91
0	12	90
0	13	90
0	10	91
0	19	91
0	15	90
0	6	91
0	3	89
0	10	91
0	10	89
0	9	90
1	8	90
0	18	91
0	18	91
0	11	91
0	11	90
2	12	90
4	10	90
2	5	33
0	13	91
3	8	23
3	8	23
2	7	21
1	11	91
2	10	91
1	-1	90
3	12	91
0	11	91
0	10	90
5	21	91
5	20	91
4	7	90
2	9	90
0	18	90
0	17	91
0	2	90
0	2	91
0	11	91
0	5	89
0	9	90
2	33	90
2	5	91
2	8	90
0	6	91
3	8	22
12	11	91
3	5	91
1	14	91
5	17	90
2	-1	91
0	6	91
0	8	78
5	6	26
7	7	26
0	9	91
3	6	24
5	8	26
0	-1	90
10	19	44
1	14	91
6	6	26
1	5	91
2	9	91
3	3	35
4	11	27
23	23	58
2	6	91
0	15	90
0	12	90
22	25	72
3	7	21
7	19	90
0	14	90
0	6	90
0	11	90
0	8	90
1	23	87
4	7	22
0	8	88
0	4	91
2	6	20
3	9	25
2	21	91
20	29	90
0	7	90
0	10	91
16	20	52
3	6	22
8	9	28
0	7	91
0	10	91
9	11	28
5	9	25
5	9	26
6	12	27
7	11	27
5	8	26
0	12	90
0	10	91
1	8	90
0	10	91
0	10	90
0	7	90
2	7	91
0	13	91
1	10	91
1	11	91
0	15	90
2	15	91
0	8	91
0	6	90
0	9	90
0	9	90
0	4	91
0	5	91
1	17	90
3	8	37
4	10	41
3	10	39
3	8	41
0	9	48
3	10	45
0	23	91
4	10	90
0	13	90
0	14	91
1	6	22
1	4	21
1	4	20
4	8	38
3	5	21
10	13	34
24	24	72
1	-1	91
0	8	90
7	7	24
6	8	30
0	29	91
7	6	28
5	7	22
10	10	90
4	9	90
5	9	91
1	7	90
16	32	91
1	7	33
2	6	22
0	14	91
0	9	89
0	11	90
29	28	78
0	11	91
1	6	20
0	7	91
0	5	91
0	7	90
0	10	91
4	4	23
0	9	91
0	11	91
1	11	90
5	10	25
0	-1	80
0	10	90
3	5	22
0	13	91
0	13	90
0	8	90
1	10	90
0	16	91
28	37	91
0	14	91
0	15	90
0	10	91
8	8	26
3	9	23
0	8	90
0	8	91
7	11	71
3	13	90
0	12	90
0	7	90
7	11	28
0	6	90
0	16	91
15	17	74
18	21	91
0	10	91
0	8	90
0	12	89
0	9	85
5	6	35
3	35	91
7	8	27
7	9	28
0	5	90
0	8	91
22	23	91
2	5	21
30	32	91
26	29	90
1	3	20
1	6	59
0	3	91
0	6	91
0	10	58
5	10	25
4	10	25
0	10	91
0	8	86
0	8	86
0	7	90
0	13	91
4	4	89
2	7	23
8	8	31
7	6	30
6	11	34
3	8	24
4	8	25
7	9	29
5	8	42
4	9	91
1	11	91
1	11	90
3	7	24
0	16	90
0	13	90
0	12	91
2	7	72
28	44	91
0	9	88
0	10	91
0	8	91
3	11	91
5	13	88
4	23	91
0	6	91
7	8	25
0	15	90
4	10	36
0	11	90
0	7	91
0	13	90
1	10	91
22	24	80
23	27	91
28	41	91
25	53	91
26	56	91
2	22	91
0	6	90
0	15	90
0	13	90
0	14	90
0	9	90
4	13	90
5	16	91
0	4	90
0	4	91
0	10	90
0	3	91
8	9	31
3	9	31
1	11	90
1	7	90
0	15	91
0	6	91
5	5	21
27	29	91
26	27	86
22	30	90
21	22	69
27	35	91
27	32	90
17	19	57
0	5	91
0	6	91
5	7	26
0	9	90
0	12	90
0	11	90
0	6	90
0	9	90
0	14	91
0	10	91
0	8	91
0	11	91
0	11	91
6	26	91
1	8	91
3	10	91
1	7	91
1	6	91
5	6	26
2	3	66
1	9	90
28	31	90
28	30	90
29	30	91
28	30	90
28	30	91
28	30	88
28	30	90
8	17	41
0	11	91
0	7	91
1	4	20
1	8	22
1	10	90
1	10	90
21	11	67
0	10	91
0	18	90
7	9	24
17	29	79
0	10	91
0	8	91
0	7	90
35	33	88
0	11	91
2	11	88
0	8	91
2	12	91
0	8	86
1	10	86
2	37	91
0	37	91
1	6	91
0	32	90
0	35	90
1	11	74
0	6	91
2	7	22
2	8	22
1	8	23
0	8	91
2	3	23
7	18	42
0	-1	91
0	10	90
2	3	22
3	14	91
0	16	91
0	8	91
0	10	90
0	-1	90
0	6	90
0	8	90
2	9	91
5	29	87
0	15	91
0	14	91
0	6	91
0	19	90
0	4	91
0	10	91
0	10	91
23	15	59
0	7	88
0	14	91
0	4	90
3	4	22
3	10	91
5	-1	90
14	17	52
0	12	90
0	11	91
3	5	21
5	7	25
7	10	28
4	7	23
2	4	22
6	6	34
5	6	23
0	6	91
0	14	91
0	4	91
26	40	90
4	6	22
2	4	23
0	10	91
0	9	91
0	7	91
0	9	91
1	8	91
1	13	91
2	16	91
0	6	90
0	5	90
13	16	49
0	15	91
0	11	91
0	7	91
0	6	90
0	11	91
0	16	91
2	8	49
11	9	36
7	7	28
1	6	91
0	10	91
4	5	21
0	17	86
0	11	90
22	28	90
0	6	87
4	7	27
0	8	90
0	9	91
0	12	90
0	14	91
0	11	91
2	7	90
1	8	22
1	11	91
0	10	91
0	9	57
3	8	56
22	31	79
12	40	86
23	39	91
1	13	91
23	33	91
0	7	91
0	7	72
0	5	65
6	8	26
7	6	25
0	7	91
0	18	91
0	13	91
6	8	24
23	39	91
0	10	75
0	10	91
6	3	25
0	13	90
0	12	90
2	10	91
4	9	90
6	4	90
0	13	82
4	7	29
9	15	90
2	9	90
1	-1	91
0	-1	90
1	8	91
0	16	91
0	14	91
7	9	28
7	7	29
27	29	91
0	7	91
0	10	91
0	7	90
6	7	26
0	10	91
0	13	91
2	22	91
0	5	91
0	13	91
4	6	26
3	6	91
3	11	91
1	13	89
4	6	23
3	5	22
2	7	91
4	11	89
4	11	91
3	9	90
4	11	91
1	9	90
1	10	91
0	11	91
1	4	21
1	14	90
1	14	90
5	8	24
8	10	33
3	-1	91
28	30	90
27	37	91
27	31	90
28	-1	91
29	32	91
25	30	91
27	40	91
23	27	86
30	30	91
31	30	91
29	32	91
27	28	91
26	26	81
29	29	91
30	29	91
7	5	27
20	29	91
0	8	91
2	22	91
3	5	24
19	22	69
14	18	60
15	18	61
0	7	89
0	12	91
0	13	91
0	14	91
0	7	91
4	6	25
0	12	90
0	2	91
0	7	91
0	-1	91
0	12	90
0	12	90
0	12	91
0	7	90
0	8	90
0	10	90
16	19	41
0	9	90
0	11	91
3	7	25
5	13	91
1	12	91
3	10	91
26	31	90
26	32	91
1	14	90
1	11	91
0	12	89
0	8	91
2	9	21
5	11	89
0	5	91
0	11	91
20	20	68
0	16	90
0	11	90
0	15	89
0	9	90
0	-1	85
0	10	90
0	19	90
0	14	91
1	5	88
2	11	90
2	13	91
0	8	91
0	11	91
0	9	90
0	10	91
9	9	29
0	7	90
0	5	91
4	5	25
3	9	26
0	9	88
0	11	91
28	31	91
21	21	77
1	4	52
34	30	88
21	29	83
24	22	67
0	19	90
2	8	91
1	11	91
0	7	91
0	-1	89
8	12	32
6	10	27
0	2	90
0	13	91
0	12	90
2	13	90
0	6	90
3	4	24
0	13	91
11	16	35
0	7	91
0	12	75
0	12	90
0	11	90
0	11	91
5	8	25
0	7	90
2	38	91
0	15	91
0	11	91
0	26	91
0	8	91
1	6	91
2	11	90
4	9	30
0	9	90
2	10	91
0	5	89
9	13	35
0	-1	90
39	43	91
0	8	89
0	5	90
12	9	38
0	9	91
0	16	91
1	15	91
1	8	90
2	7	90
2	16	91
0	10	91
0	10	90
0	8	90
0	10	91
18	34	66
2	14	90
2	11	89
5	8	24
5	7	25
0	8	91
0	8	91
0	14	90
0	3	90
0	11	91
0	12	91
1	13	91
3	9	91
6	7	32
0	7	91
1	3	23
0	8	85
0	9	85
2	9	90
5	15	91
9	13	36
0	10	91
0	13	90
0	8	91
0	4	91
20	23	54
15	19	41
0	8	91
4	8	25
0	6	90
2	10	90
10	13	36
9	10	28
2	3	20
0	23	91
0	11	91
0	18	90
0	6	91
0	7	90
11	14	38
0	7	91
0	7	91
22	28	90
0	12	91
0	9	91
0	6	88
0	6	90
5	10	31
5	8	23
10	7	33
27	-1	90
0	9	89
0	15	90
0	18	91
0	14	91
0	10	91
1	9	91
0	10	88
0	12	91
4	5	24
1	15	91
3	3	24
0	5	34
8	10	30
3	5	23
0	7	90
21	34	91
0	16	90
0	14	91
0	8	89
0	7	91
16	28	53
0	7	76
0	-1	91
0	7	90
0	7	90
0	-1	90
0	10	91
0	5	91
0	11	90
0	9	91
0	10	91
0	11	90
4	7	25
0	-1	91
0	5	91
0	10	88
0	12	90
0	11	91
4	4	23
5	5	23
0	8	91
0	12	91
0	8	91
1	-1	91
29	32	77
0	7	90
1	10	88
0	7	91
0	6	72
1	8	91
0	6	91
2	3	21
0	10	91
0	3	91
0	5	91
3	7	30
10	16	38
10	15	35
13	16	39
31	35	89
0	13	91
0	8	90
0	10	90
0	3	91
5	10	26
0	11	91
0	8	91
4	10	27
3	5	38
0	13	91
2	6	25
0	4	22
13	14	34
0	10	90
0	-1	90
0	16	91
0	12	91
1	36	89
25	32	90
5	5	25
7	10	28
22	24	91
0	11	91
8	13	32
0	14	89
0	11	91
0	15	90
0	18	91
29	30	88
27	29	89
28	30	91
26	29	90
28	30	91
27	29	91
28	29	90
30	30	91
27	31	90
25	27	80
25	-1	91
11	16	34
11	10	36
0	8	91
6	9	30
8	7	27
2	12	32
15	15	90
15	15	90
15	16	91
0	0	72
0	0	90
1	14	91
0	9	90
10	12	33
8	9	33
0	12	90
0	8	90
0	17	90
0	12	91
0	4	91
10	13	34
0	17	91
0	21	91
23	27	91
6	8	25
7	8	25
0	7	91
0	11	90
1	17	90
10	12	28
10	12	31
4	5	24
7	-1	90
0	19	91
0	11	89
0	12	85
0	15	85
1	2	21
8	11	31
0	12	91
0	15	90
3	11	91
1	4	91
3	14	90
1	9	89
0	8	90
2	11	91
2	10	91
0	11	91
3	11	88
5	6	31
0	12	91
2	4	87
3	6	87
0	10	91
0	12	91
0	1	28
4	5	28
1	8	90
0	12	90
0	11	89
0	10	91
6	8	28
0	14	90
0	7	90
0	11	91
0	12	90
0	3	90
20	28	87
21	29	91
21	29	91
1	14	90
3	-1	44
0	4	53
0	7	90
0	13	91
14	15	43
0	6	91
0	7	90
11	19	91
1	7	90
3	7	34
0	7	91
1	13	91
0	11	90
1	15	91
0	7	91
7	9	26
2	22	90
1	3	21
16	20	51
6	10	26
0	11	91
0	7	91
2	12	87
0	9	90
0	7	91
1	17	90
0	10	91
1	8	91
2	9	88
7	8	31
2	5	23
0	10	91
1	3	22
0	4	21
5	9	25
1	6	91
0	3	91
0	11	90
22	23	66
28	-1	89
27	30	90
28	29	86
26	30	91
30	31	91
28	31	91
29	30	91
3	6	21
3	12	91
1	8	91
2	4	21
3	13	90
2	20	91
3	6	24
3	8	25
1	3	21
0	1	90
0	1	91
0	1	91
0	1	90
1	9	87
1	4	89
14	14	42
7	7	29
12	11	36
14	17	47
11	11	38
0	24	91
0	10	53
4	7	22
4	7	25
1	7	89
13	16	40
11	14	38
12	14	36
13	14	36
13	14	36
13	13	35
10	14	38
0	10	91
3	6	23
2	5	22
2	7	90
0	9	91
5	10	30
0	11	91
0	8	91
0	9	91
0	13	91
4	-1	91
0	37	90
9	13	32
8	13	31
0	15	91
0	16	89
9	8	26
0	-1	91
5	15	90
5	15	88
0	10	90
0	4	91
25	42	91
5	11	30
7	6	25
0	18	91
8	10	30
6	10	28
7	11	31
8	12	30
6	11	27
1	2	23
6	9	27
3	9	22
5	13	30
5	11	25
2	11	24
11	13	33
7	6	27
4	10	26
5	9	31
3	4	22
0	16	91
0	9	90
1	14	91
0	13	90
2	7	22
6	8	29
5	9	27
0	7	91
1	6	91
6	7	27
4	7	24
9	10	32
6	8	25
0	7	90
11	13	31
12	16	42
7	7	24
8	16	33
0	7	91
4	9	23
8	15	30
5	12	30
9	12	32
6	8	26
6	10	26
8	11	32
7	10	28
3	7	23
1	9	90
9	12	28
8	10	32
6	-1	91
0	6	91
2	6	22
8	12	27
27	42	91
34	36	83
7	11	31
1	3	20
21	22	53
4	8	24
6	6	27
6	6	28
2	6	27
3	7	22
8	10	37
8	11	30
3	6	23
3	5	22
2	10	90
0	10	73
0	2	91
0	2	91
0	8	90
0	7	90
4	-1	91
8	13	32
3	6	22
3	6	23
0	9	90
0	17	91
6	11	28
9	10	31
0	8	91
3	9	24
27	29	90
28	30	90
29	30	91
0	11	90
0	-1	91
0	12	90
0	12	90
1	6	22
2	6	22
4	8	27
7	9	27
4	6	23
0	36	90
6	8	26
4	10	22
2	15	90
1	5	23
3	6	23
1	6	21
2	7	23
1	6	91
1	6	90
0	16	90
0	10	91
3	8	25
8	14	34
1	8	91
0	11	91
2	40	91
8	13	31
2	5	22
0	4	77
0	9	90
0	12	90
0	7	91
0	7	90
3	41	91
7	12	28
1	9	90
1	11	91
3	20	90
1	11	90
0	12	91
7	12	30
13	20	62
5	10	30
6	7	22
0	4	89
0	6	91
0	8	91
2	5	21
0	16	91
0	3	91
5	15	24
8	13	35
6	12	31
7	11	30
8	10	34
7	7	25
6	10	28
4	6	28
0	12	91
0	7	63
7	11	29
7	12	27
7	10	25
0	-1	89
0	18	91
2	6	22
0	10	90
0	7	91
0	17	90
7	12	30
20	29	90
7	11	31
5	8	24
0	3	23
0	3	20
0	5	60
0	5	60
4	10	26
20	32	62
5	9	25
8	8	27
5	25	91
0	2	91
3	9	24
3	8	22
3	8	21
4	9	24
6	7	23
1	10	91
1	8	91
8	9	27
0	12	90
0	8	91
2	8	91
3	11	91
0	8	91
1	9	90
1	14	90
5	8	24
3	8	21
6	9	35
0	7	90
1	10	91
3	7	21
0	12	91
7	9	30
7	8	28
0	12	91
0	5	90
0	6	90
5	9	25
4	8	22
6	7	23
0	-1	90
7	11	26
0	0	90
0	1	91
4	9	26
4	5	25
2	6	22
3	7	21
0	7	91
0	8	91
5	9	25
0	8	91
0	9	91
18	31	90
7	9	25
4	7	27
1	1	20
0	8	90
0	11	91
0	3	34
1	12	91
0	11	90
0	3	34
12	10	38
3	5	22
6	9	33
0	12	91
36	44	91
3	19	91
3	21	91
0	6	90
0	7	91
0	12	91
0	7	91
0	8	91
3	6	29
0	19	90
2	4	22
6	8	29
6	8	28
4	7	27
3	10	23
5	7	25
4	7	24
0	8	91
4	4	22
0	7	90
0	11	91
12	18	43
0	13	91
0	7	91
0	10	91
0	14	90
0	14	90
0	14	91
0	9	91
3	8	30
0	14	90
0	14	91
0	5	21
1	3	21
8	11	30
0	6	90
0	13	91
3	25	91
4	8	26
20	19	50
0	21	77
0	5	91
1	6	90
0	15	90
0	11	90
0	3	91
0	-1	87
0	-1	90
4	34	90
0	11	91
10	11	30
0	2	91
0	6	91
4	10	26
0	4	83
0	4	91
2	7	22
3	13	91
2	8	91
1	10	91
0	2	91
0	7	90
0	16	91
2	38	90
2	38	90
1	14	91
0	15	91
0	19	90
2	7	22
31	24	89
0	12	90
0	13	91
7	8	32
1	9	90
4	11	90
0	8	89
8	16	91
24	28	91
7	11	27
0	8	90
0	12	91
1	15	90
0	14	91
13	19	47
26	-1	91
12	16	39
13	15	41
12	16	46
10	14	37
11	13	36
10	13	37
31	31	91
26	33	91
9	12	32
11	13	37
27	34	91
10	13	36
28	34	91
27	34	90
28	33	91
28	32	91
27	32	91
27	32	91
10	12	33
27	32	91
27	31	91
10	10	31
26	31	89
15	16	48
10	11	31
11	10	36
11	13	37
14	18	52
28	31	91
13	14	40
15	15	46
10	11	29
2	24	91
8	8	32
6	15	36
5	7	34
0	6	89
0	10	90
6	5	27
0	6	91
3	6	27
2	8	91
1	11	91
9	11	32
5	11	34
7	9	26
1	17	79
1	14	79
1	10	91
2	12	90
0	30	86
0	24	91
3	5	24
4	26	91
0	4	90
6	7	30
9	16	89
1	10	90
24	27	76
0	5	87
0	0	91
0	10	90
1	10	90
0	8	91
9	11	30
1	6	22
4	5	37
0	8	91
1	10	90
17	18	51
0	11	88
0	7	91
3	6	22
0	4	90
7	10	30
11	14	36
0	4	91
0	8	91
11	16	51
4	-1	90
2	10	91
0	7	91
0	14	91
4	11	91
2	12	91
5	14	91
2	9	91
2	9	90
17	28	83
6	7	25
7	7	25
6	6	25
7	9	26
7	10	26
0	9	91
22	32	91
6	7	27
7	7	26
0	8	90
0	8	91
3	14	91
2	11	91
7	10	32
1	5	22
3	4	23
1	20	91
4	20	90
5	11	30
0	9	90
0	9	91
2	7	59
0	3	22
0	-1	90
0	25	90
0	26	90
25	42	90
5	7	24
0	9	90
8	11	91
3	9	26
0	7	91
0	10	91
0	6	91
0	5	91
0	8	90
7	8	25
9	11	34
8	9	31
1	7	20
3	7	23
0	23	91
1	24	91
1	25	91
3	-1	91
10	18	36
0	14	90
0	14	90
3	7	24
5	9	26
1	-1	91
2	-1	90
10	12	41
0	14	91
0	5	91
2	-1	91
0	2	90
4	6	24
0	4	81
1	8	91
4	13	91
0	11	91
0	11	90
1	7	91
0	3	90
1	9	90
0	4	88
6	7	27
7	9	28
0	11	91
0	9	91
0	14	91
1	11	90
3	6	21
0	4	91
0	10	90
1	16	88
0	12	91
0	7	91
0	10	90
0	7	33
0	6	42
27	31	90
3	7	25
2	8	22
0	10	90
0	17	89
0	15	91
0	11	91
39	40	90
24	42	91
27	30	91
2	9	91
5	6	25
0	9	91
0	6	91
0	5	23
3	9	91
3	14	90
9	10	29
6	7	28
4	6	89
3	5	90
1	6	90
0	9	90
10	21	90
1	14	90
2	11	90
0	8	90
1	10	89
2	15	41
25	29	90
0	3	90
1	6	91
1	8	90
1	22	90
29	26	91
30	25	89
1	-1	90
9	11	33
2	6	21
1	15	89
3	4	20
0	5	91
1	4	21
0	6	91
0	13	90
0	7	91
0	7	90
9	11	36
9	11	29
27	-1	88
0	7	90
4	12	91
9	22	90
16	22	41
14	21	37
4	7	23
5	8	24
6	8	27
0	13	89
4	5	25
0	11	90
0	32	90
5	7	23
5	11	25
5	9	26
0	7	91
0	9	91
1	4	23
1	25	87
0	17	91
0	8	90
1	12	65
0	19	88
0	12	90
8	20	90
0	6	90
4	13	91
1	6	22
11	11	39
2	6	24
5	7	25
2	6	23
0	7	91
1	11	91
3	6	23
7	8	32
9	15	44
0	8	91
0	5	91
0	9	90
2	6	21
0	11	91
0	10	90
5	9	24
5	3	23
8	10	29
8	9	29
0	4	91
0	12	90
3	6	23
0	26	91
0	10	90
0	12	90
0	11	91
0	10	89
6	9	26
5	9	32
27	30	91
30	30	91
6	6	24
3	7	22
1	8	20
0	9	91
0	9	91
26	31	90
0	15	90
17	16	45
9	12	33
8	14	32
4	7	23
0	14	91
0	8	91
6	8	26
1	2	46
5	8	25
1	5	91
5	5	90
0	13	90
0	7	91
6	6	23
4	7	22
0	15	91
0	9	91
0	13	90
5	9	26
5	7	26
8	12	26
2	6	26
6	7	29
0	11	91
0	11	91
2	4	21
2	9	91
3	-1	91
6	7	30
0	15	90
0	8	91
29	40	88
2	6	24
6	6	25
3	30	91
3	26	90
6	12	27
0	6	90
0	6	91
0	7	91
26	32	90
0	14	91
0	3	90
1	26	90
1	7	91
2	10	90
2	7	21
0	8	91
0	13	91
0	7	89
0	4	90
0	17	91
0	-1	90
0	13	90
0	10	91
3	4	22
4	9	30
4	8	24
0	6	91
1	-1	90
0	3	91
3	7	22
7	13	30
3	5	21
1	4	25
3	6	89
3	6	91
4	9	24
11	15	35
5	8	26
6	9	26
5	8	25
9	11	27
0	11	91
0	10	90
0	4	22
4	10	90
3	12	91
4	24	88
14	16	48
19	31	88
1	7	22
8	11	33
7	11	31
5	12	26
1	10	91
0	15	90
0	15	89
1	10	90
4	6	23
8	11	30
7	6	27
7	7	25
1	2	25
8	10	28
1	12	91
0	11	90
0	9	91
0	8	90
9	10	32
9	14	34
9	15	33
0	13	87
0	16	91
6	8	26
1	-1	90
0	5	85
1	3	23
0	5	90
0	4	91
6	10	30
1	6	26
0	7	91
0	8	90
0	7	90
9	9	35
8	13	36
6	10	27
9	12	32
38	44	91
5	11	30
4	11	27
7	10	30
5	8	32
3	7	22
4	8	23
6	16	91
1	7	91
9	11	31
2	6	22
2	4	21
4	8	22
4	13	26
2	10	25
6	21	91
3	10	25
5	8	25
5	8	26
0	8	91
5	3	22
4	8	91
2	18	91
6	13	89
1	28	91
3	11	90
0	14	91
4	9	22
5	9	25
8	22	65
9	-1	91
19	39	91
3	7	24
7	10	27
6	11	27
5	10	24
5	10	23
0	9	45
0	9	90
3	5	25
2	7	23
22	-1	91
26	26	91
0	10	91
0	10	90
0	10	60
0	15	89
0	15	91
0	-1	89
0	9	90
0	8	41
0	7	91
0	7	90
0	6	91
0	11	91
0	6	90
5	7	27
6	8	24
3	4	21
1	4	27
4	7	24
0	6	91
0	-1	91
0	13	90
0	11	90
0	4	91
0	-1	90
11	13	31
1	1	90
0	7	91
0	7	88
0	12	91
0	14	91
0	10	90
2	6	67
0	18	90
1	16	91
0	8	91
35	29	91
31	40	90
9	11	75
27	44	90
0	12	90
0	13	90
0	15	91
9	10	35
0	9	90
0	6	90
0	13	91
0	8	90
3	6	22
2	6	22
8	9	29
6	11	27
8	10	31
9	12	35
9	13	32
9	11	33
12	13	40
0	15	90
0	16	91
1	13	91
1	13	90
7	9	26
2	10	22
1	7	23
0	25	91
3	7	22
1	9	91
0	8	90
8	12	28
1	6	91
1	8	90
0	12	91
3	5	34
10	12	30
3	6	23
0	11	90
30	39	91
40	41	90
0	10	91
0	8	90
9	15	36
1	8	90
0	18	48
0	8	91
3	7	22
0	6	91
3	8	26
0	9	91
3	7	23
2	4	21
1	3	22
3	7	22
3	5	22
0	14	90
0	8	86
31	21	91
3	6	22
3	7	25
0	23	91
0	12	91
5	11	25
0	15	90
0	14	90
2	5	25
27	39	91
0	13	89
0	19	91
0	11	90
7	11	26
6	11	27
11	16	46
14	15	46
0	5	90
7	11	27
5	12	26
6	11	24
0	7	91
0	12	91
0	13	90
34	-1	91
0	21	90
0	12	91
0	17	90
4	7	24
3	6	22
7	12	25
0	14	90
10	13	33
11	13	31
0	8	90
0	6	91
24	40	91
6	8	26
0	10	90
0	16	91
0	11	89
1	23	88
3	8	24
36	36	80
5	8	23
3	7	23
1	9	23
2	7	23
0	-1	91
0	-1	90
23	30	89
4	5	25
2	9	90
0	7	91
8	8	47
9	10	31
6	9	26
8	11	28
5	8	26
5	8	24
6	8	26
8	10	30
7	8	30
0	7	91
0	8	91
0	5	91
6	7	25
0	22	90
0	-1	90
25	38	90
0	3	91
0	1	77
0	0	91
0	1	90
0	2	91
0	2	91
0	2	90
1	1	91
0	0	90
0	2	91
0	0	91
0	-1	91
0	0	91
0	0	91
0	0	90
0	0	91
0	0	65
0	0	90
0	1	91
0	0	91
0	2	90
0	0	89
2	4	90
0	0	89
0	0	91
0	0	90
0	4	84
0	0	89
0	2	91
0	0	90
0	0	91
0	0	90
0	0	90
0	1	91
0	0	91
0	0	91
0	2	91
0	0	91
0	0	90
1	3	91
0	0	91
0	2	90
0	0	91
0	4	90
0	3	91
1	4	21
0	6	24
0	11	58
0	15	89
0	16	90
0	12	91
2	6	21
33	36	90
4	7	22
10	11	33
8	11	34
8	10	32
9	11	33
9	10	31
0	14	91
11	15	42
3	9	25
2	14	90
0	5	88
2	4	23
0	34	90
0	6	90
0	4	91
0	11	91
0	7	91
12	13	32
1	7	44
2	6	37
0	15	91
0	7	91
4	7	26
2	6	53
0	8	91
0	10	91
5	5	24
4	6	21
6	12	90
1	11	90
0	8	90
2	7	35
0	8	90
0	9	91
0	24	90
0	-1	89
4	7	30
4	6	26
3	4	23
1	8	91
1	13	91
8	12	32
34	30	88
0	23	90
2	14	91
2	16	91
2	8	21
2	8	91
32	30	87
35	24	88
7	11	33
2	5	23
0	9	90
7	31	90
0	6	90
19	23	91
0	5	91
0	8	90
7	10	26
7	8	26
5	5	23
0	20	91
0	10	91
0	10	91
6	12	30
7	13	31
0	6	91
0	8	91
0	5	90
0	11	89
0	5	91
8	11	32
9	12	33
3	6	22
10	12	32
3	7	22
7	12	32
8	9	30
6	8	26
6	9	27
19	34	91
7	16	47
0	25	91
7	16	29
8	16	32
7	13	30
8	14	32
7	11	29
6	10	26
0	2	91
0	4	91
0	6	91
7	8	25
2	25	77
7	10	26
0	9	90
13	15	38
2	5	21
3	9	23
0	5	90
0	4	91
1	11	90
1	28	91
0	3	41
0	9	91
5	8	25
4	9	30
7	12	31
8	11	30
6	10	26
8	11	28
1	6	22
6	8	25
36	37	91
7	14	28
17	17	50
4	7	24
8	24	87
1	10	90
0	8	75
30	48	90
0	9	78
1	6	33
0	10	91
2	4	22
8	13	32
2	6	26
1	4	49
3	7	26
5	7	30
3	5	25
1	7	89
2	11	91
3	5	24
6	10	31
5	7	25
5	7	25
25	37	88
0	13	91
3	6	22
12	16	42
11	14	34
8	10	28
1	9	69
2	7	21
4	11	30
3	6	23
1	29	91
0	11	91
17	19	46
23	28	90
20	27	90
4	6	22
5	26	91
1	9	91
3	7	91
1	7	89
2	9	90
0	8	91
8	9	31
0	3	91
0	4	91
0	17	90
18	19	86
0	10	91
0	17	91
0	10	90
9	10	32
0	1	35
0	0	34
0	0	26
18	18	50
3	5	22
2	6	22
0	3	21
5	6	26
26	20	91
1	23	91
0	17	91
3	5	22
0	9	91
26	32	91
0	7	91
2	8	91
5	9	90
17	18	46
2	24	91
2	8	22
20	30	91
0	16	89
9	10	31
39	40	88
0	5	30
3	6	22
5	9	23
0	12	91
0	10	90
17	13	41
0	10	90
0	21	91
0	2	41
3	6	22
3	8	24
2	8	22
0	8	91
0	12	90
0	8	89
28	34	90
30	32	90
30	36	90
28	32	90
26	31	90
31	34	90
30	31	91
29	31	91
27	30	90
28	32	90
29	-1	91
2	11	91
2	11	90
0	5	90
0	5	90
0	8	90
0	9	91
0	9	90
0	12	91
2	7	21
0	5	91
0	5	91
2	7	21
3	8	21
3	10	26
16	17	48
4	8	24
3	4	23
20	22	54
7	13	33
6	8	26
0	16	91
0	20	90
3	7	23
8	10	28
7	10	26
5	13	30
4	7	22
0	3	45
8	8	25
8	11	31
4	3	25
0	9	90
0	11	91
3	8	24
6	9	27
6	7	24
0	2	91
3	-1	91
6	8	27
1	6	90
0	6	75
0	27	91
3	8	23
0	12	90
8	8	30
6	8	27
6	9	27
9	11	32
6	7	32
6	7	25
0	16	91
0	6	91
0	11	91
0	7	91
0	23	90
0	22	90
0	-1	90
0	13	90
0	10	91
0	10	90
1	9	90
0	18	90
5	6	25
0	25	91
1	26	91
3	4	26
4	8	22
0	4	90
0	8	91
5	12	30
10	16	33
3	7	22
7	14	31
1	32	91
3	6	25
1	12	91
0	8	91
2	14	66
0	8	91
0	16	90
19	31	89
0	25	72
6	9	27
6	6	23
0	5	81
0	5	81
3	7	22
0	9	91
0	16	91
8	9	24
0	14	88
34	35	84
19	35	90
17	33	84
0	20	90
6	6	24
9	11	34
0	4	90
0	7	91
0	11	90
0	9	90
5	8	25
0	8	91
0	12	91
6	34	91
6	9	30
0	11	91
0	4	90
0	14	91
0	12	90
0	-1	91
2	7	20
0	10	89
8	16	36
23	42	91
4	6	23
0	10	90
0	7	90
3	6	22
1	26	90
6	12	26
0	10	91
0	11	90
15	25	56
6	6	22
4	8	24
4	9	24
3	9	90
4	8	23
2	8	25
31	25	75
12	19	36
0	14	90
0	13	90
4	38	91
28	29	91
29	29	91
29	30	91
29	29	91
28	31	90
24	29	91
29	29	91
27	30	91
28	29	91
26	29	90
3	5	23
1	10	91
1	7	91
25	48	91
5	7	24
5	8	25
0	4	91
2	11	91
9	16	31
11	15	34
1	7	91
2	21	90
2	12	91
2	11	91
24	29	91
29	29	91
24	31	91
29	30	90
27	29	91
0	21	91
2	5	21
8	10	32
0	11	91
0	10	91
0	2	89
8	9	30
0	10	90
1	11	90
4	7	21
6	12	30
5	8	26
11	14	36
0	-1	91
0	14	91
0	7	91
0	4	90
1	31	90
0	9	91
0	10	91
3	6	23
0	9	90
7	10	90
5	9	91
8	12	30
0	7	91
5	5	24
6	8	22
7	9	25
3	5	21
0	7	90
0	12	91
0	3	90
0	8	91
0	16	91
0	7	89
0	18	91
1	38	90
6	6	30
2	41	91
14	17	48
13	18	50
0	14	90
0	12	91
7	15	38
0	13	91
2	6	90
33	16	91
0	8	90
0	3	91
9	11	28
3	5	21
3	8	23
28	30	72
2	8	21
0	23	90
0	9	91
0	9	91
5	6	49
4	5	43
0	10	90
0	16	90
0	15	91
0	13	90
14	25	47
0	6	90
6	31	88
9	13	33
9	11	35
10	13	39
8	10	30
7	10	29
5	7	21
0	6	20
9	10	33
7	8	28
9	11	35
8	11	33
18	19	88
1	4	90
5	16	91
4	11	23
0	-1	91
0	-1	91
8	10	29
0	12	89
0	11	90
0	8	91
0	11	91
3	7	21
9	-1	40
0	10	89
0	11	90
6	11	31
4	12	26
5	11	26
4	8	23
0	11	90
3	6	21
0	8	90
0	9	91
0	7	90
8	9	30
2	8	22
8	11	31
8	10	29
10	13	34
0	9	91
7	24	91
0	38	91
16	19	49
5	9	31
7	11	31
5	11	26
6	11	28
0	11	90
16	18	39
16	20	41
19	25	91
3	-1	40
2	3	20
7	7	27
1	16	91
0	10	91
0	9	91
8	9	27
0	12	90
0	16	90
12	11	44
0	5	91
0	8	90
3	5	24
2	9	22
2	8	22
0	8	90
0	7	91
10	13	36
8	10	31
3	6	22
0	14	90
0	6	91
3	6	28
0	-1	91
0	35	90
7	28	89
5	8	25
13	25	49
0	7	91
0	8	56
3	13	90
6	15	88
4	7	28
5	7	26
5	0	65
6	10	31
0	11	90
22	23	75
0	7	90
0	4	91
0	11	91
0	9	91
5	7	25
4	7	24
0	9	91
0	2	41
0	11	91
0	6	90
1	9	91
0	4	91
0	11	90
0	6	90
0	13	91
0	15	90
8	9	39
0	6	90
0	9	90
0	12	91
0	9	91
0	10	90
0	9	89
0	9	91
0	11	89
0	6	91
0	6	90
1	10	91
6	11	29
3	6	25
0	9	90
0	6	90
0	13	90
0	12	89
23	38	91
0	9	90
5	6	25
7	15	44
5	13	39
6	16	43
2	3	20
0	3	90
0	5	90
0	6	91
0	6	91
0	16	91
4	9	35
0	9	91
0	9	91
0	7	91
27	38	91
23	24	91
0	18	83
0	20	90
16	27	90
0	22	90
0	11	90
0	9	90
5	6	45
0	4	23
0	21	90
26	27	91
0	7	91
1	10	90
9	12	34
1	11	91
0	9	91
0	7	91
0	22	91
2	7	21
0	8	91
0	6	89
1	12	90
6	8	25
5	8	31
5	7	24
4	7	24
5	4	24
6	12	90
1	13	90
2	2	22
3	8	23
3	16	90
3	4	26
4	8	22
0	7	48
3	6	22
4	6	23
1	7	22
8	11	30
2	13	90
1	8	91
1	9	91
8	11	35
20	22	48
0	6	91
0	8	90
12	18	52
6	13	91
5	11	30
12	20	42
5	7	23
3	11	26
1	13	91
8	6	30
11	-1	40
8	7	27
8	10	33
6	6	28
9	9	34
10	11	38
8	9	35
11	10	39
9	11	42
10	10	34
12	12	41
12	11	38
10	11	36
0	13	90
0	6	91
8	16	30
0	13	88
0	15	91
9	21	89
2	5	21
0	19	90
3	24	91
4	25	91
0	9	91
14	26	59
4	7	26
3	8	24
3	7	22
2	7	24
0	11	90
3	32	91
4	9	25
6	7	27
4	6	24
4	7	25
3	8	26
0	13	91
0	12	90
6	8	26
24	26	91
25	41	91
0	9	91
1	7	90
1	3	22
34	40	90
0	7	90
3	40	91
0	9	90
2	6	24
0	14	91
0	10	91
0	10	90
0	3	34
24	26	60
23	-1	59
0	22	91
5	10	24
21	24	56
0	2	30
0	13	90
5	23	56
5	22	51
0	10	90
0	6	91
0	14	90
0	-1	91
4	6	23
3	7	24
4	27	91
4	7	21
0	8	73
5	11	26
0	9	90
0	8	91
5	10	25
5	7	25
0	12	91
0	11	91
0	12	91
0	21	90
9	11	34
0	12	90
0	9	91
4	8	91
4	8	91
4	14	90
0	14	90
0	6	91
1	15	91
18	24	68
27	31	81
1	11	91
4	7	24
0	11	91
1	23	90
0	3	91
8	10	26
6	9	24
5	8	24
0	2	49
0	17	90
0	14	91
0	12	91
1	7	90
0	11	90
0	9	91
1	12	91
1	12	89
0	14	90
1	9	90
4	15	91
1	9	91
28	56	91
19	37	59
28	53	87
20	41	69
2	7	23
0	11	91
0	9	91
5	8	28
5	11	91
6	14	91
3	18	91
3	15	90
0	4	76
0	11	88
1	8	91
1	12	91
22	31	90
2	5	22
0	10	91
0	9	90
0	17	89
0	16	90
4	9	90
7	16	91
24	27	90
24	27	89
0	3	91
0	12	90
0	13	90
3	38	91
1	12	91
0	10	91
2	2	91
0	2	90
0	2	91
0	10	90
15	19	39
4	12	91
0	13	90
0	12	91
25	22	91
7	9	31
5	7	25
1	5	21
0	6	91
0	6	90
1	14	91
0	12	91
11	14	35
0	-1	90
0	5	90
0	3	91
0	2	88
0	11	89
0	9	90
29	30	70
4	8	23
1	5	55
19	20	66
0	7	91
0	13	87
1	15	91
0	6	91
22	25	91
22	25	91
31	24	91
21	27	90
24	28	90
10	12	48
21	31	88
22	28	77
0	4	91
0	3	90
0	11	91
0	8	91
5	4	37
0	11	91
4	7	22
0	11	91
1	4	22
10	16	36
0	8	91
0	16	89
0	14	91
5	8	24
2	9	91
0	12	90
22	28	90
0	4	91
19	22	48
2	14	91
0	17	91
21	32	91
22	22	87
0	5	91
0	6	91
3	5	46
0	7	91
22	23	90
8	10	30
4	8	30
4	5	34
0	4	38
0	17	90
0	6	90
4	15	91
0	13	91
2	12	87
0	12	91
0	13	90
0	6	91
0	10	91
0	8	91
12	12	34
1	8	91
1	8	91
2	10	90
2	13	89
1	11	29
3	11	91
1	6	90
1	2	20
0	7	91
3	10	91
1	9	91
3	12	90
3	24	91
1	5	91
14	18	51
2	6	22
0	16	89
2	10	25
0	26	90
0	11	90
0	14	91
3	9	90
3	9	91
0	4	25
4	7	91
0	16	91
0	22	90
4	12	90
2	9	91
0	11	91
2	5	22
3	31	91
0	4	91
4	8	24
7	7	32
0	12	90
0	16	90
6	11	29
0	13	90
0	10	91
10	13	48
0	18	89
0	13	91
0	16	91
8	27	90
25	27	91
11	11	49
9	10	33
9	10	31
9	10	32
3	6	24
0	16	90
0	15	87
0	10	90
0	5	91
15	19	45
1	9	89
1	7	90
0	4	91
0	9	90
3	4	21
4	8	90
3	9	91
0	12	91
0	5	90
0	4	22
1	11	89
0	24	90
0	2	24
0	10	90
2	25	91
1	5	91
0	21	86
5	8	23
0	8	91
0	9	90
2	6	89
4	9	90
2	8	91
0	7	66
9	13	47
0	8	90
3	11	91
5	12	90
1	13	90
2	7	90
0	15	91
2	31	90
0	6	91
0	10	90
0	24	91
0	6	64
8	9	25
23	26	91
0	7	91
2	5	21
0	9	91
0	7	91
1	31	91
6	7	24
6	7	24
23	31	88
2	5	22
6	10	24
2	9	24
5	9	23
0	12	91
0	12	91
7	7	29
29	24	91
1	7	91
0	8	90
20	-1	87
22	27	91
3	6	23
0	10	90
21	21	67
0	27	91
0	8	91
2	9	91
1	7	90
23	23	91
26	24	91
1	26	91
10	9	36
2	5	21
26	32	88
1	10	87
1	7	89
1	8	91
0	6	90
5	10	29
0	3	34
5	12	31
0	-1	91
0	10	89
0	11	91
29	31	91
1	10	88
0	10	90
0	10	90
0	5	87
0	19	90
0	3	91
0	11	90
0	10	91
11	16	91
6	13	90
1	8	91
2	11	24
0	7	72
0	7	72
1	10	90
0	7	91
12	13	36
29	46	91
3	5	22
0	26	89
0	10	90
0	10	91
0	20	90
20	29	75
4	17	91
0	9	90
2	14	89
0	13	91
1	14	91
0	10	90
25	26	91
11	15	47
2	30	91
5	9	23
2	13	90
0	3	90
1	6	21
10	11	29
18	20	47
19	26	91
21	35	91
0	9	89
0	8	90
0	10	90
3	13	91
5	10	32
5	9	26
0	12	87
6	12	32
3	4	21
0	18	91
5	6	27
1	7	91
8	10	30
6	8	25
0	14	91
0	14	91
0	18	87
27	31	91
0	26	90
30	33	90
9	9	32
0	10	91
0	15	90
7	8	25
1	9	91
2	11	90
1	9	90
0	10	91
2	4	23
3	9	90
3	10	91
0	4	90
0	4	91
9	10	30
0	15	74
0	14	91
2	11	91
1	9	90
0	9	90
0	11	91
0	10	91
0	13	91
0	14	91
0	5	91
4	6	24
0	8	91
28	37	91
12	14	36
3	6	22
8	10	30
3	6	23
14	30	91
0	7	91
0	8	91
1	11	90
3	19	87
0	6	90
2	5	25
2	6	90
0	7	90
1	13	90
0	10	76
0	12	76
0	8	57
14	16	47
13	15	46
14	14	44
13	14	43
13	15	44
13	15	42
12	13	41
14	13	42
11	14	45
12	12	39
12	12	38
12	13	41
11	11	37
13	12	42
10	11	39
10	10	35
8	10	35
10	9	34
0	20	90
28	31	90
31	31	91
4	8	25
3	8	24
4	9	26
3	8	23
3	15	89
0	9	91
1	8	90
1	11	89
5	12	91
21	25	91
3	12	90
3	12	91
6	10	27
1	21	91
6	8	26
6	6	23
3	9	91
25	40	91
3	7	29
5	8	26
4	35	91
3	3	24
3	20	90
26	30	91
5	8	22
0	31	91
0	33	90
2	8	22
6	6	24
0	3	91
0	7	90
7	9	30
4	6	24
3	6	23
36	39	91
10	11	35
0	11	91
1	10	90
14	18	58
0	8	91
5	6	25
0	4	90
0	12	89
3	19	91
3	13	91
0	6	32
11	27	88
3	8	22
6	7	24
3	8	21
4	12	90
4	12	91
5	8	26
4	6	29
10	11	39
3	7	24
0	1	91
0	2	90
0	6	45
5	9	26
0	10	91
0	14	91
1	12	91
6	15	91
1	13	90
23	30	77
18	28	91
6	9	27
6	9	26
24	33	90
23	32	91
0	11	90
0	5	90
0	7	90
4	5	30
22	33	91
0	10	91
0	9	90
0	12	91
0	8	90
0	10	85
23	29	91
0	10	91
7	7	28
0	8	91
0	5	91
0	16	90
0	1	24
7	11	28
0	15	90
0	8	91
1	10	90
29	32	85
8	11	30
0	31	91
7	12	35
3	7	88
1	13	90
0	23	91
0	23	91
3	9	26
3	6	22
3	7	23
12	9	34
11	8	32
5	8	23
3	10	24
1	6	90
1	6	91
2	6	22
0	8	90
0	10	90
13	17	39
0	8	90
0	8	91
4	14	91
4	14	91
7	12	31
3	4	21
1	6	22
0	-1	87
0	11	91
0	9	90
0	12	91
1	-1	90
5	7	24
4	6	26
0	9	91
2	-1	90
1	4	90
2	7	91
4	7	24
1	11	91
0	12	90
0	12	91
28	42	91
28	31	91
7	7	27
6	10	31
0	18	90
0	13	90
0	8	90
0	13	91
0	11	91
1	11	90
0	4	91
2	6	21
7	9	31
2	7	91
3	5	24
4	8	25
8	14	33
0	10	90
1	6	91
33	29	87
0	11	90
0	5	91
0	4	91
4	7	24
4	-1	91
6	15	42
14	19	40
19	21	46
22	23	51
3	9	91
0	11	87
0	8	91
0	9	89
0	8	90
0	11	91
2	2	30
0	9	90
0	10	91
3	6	21
6	12	90
7	11	91
0	4	42
0	8	91
0	11	90
0	7	91
0	7	90
0	8	91
0	6	90
0	2	91
2	-1	91
0	17	91
1	4	64
29	34	88
31	34	88
31	34	89
4	6	22
9	10	29
1	18	91
0	7	91
3	8	36
3	6	88
6	0	91
24	27	88
1	4	21
0	14	91
0	9	91
0	13	90
12	16	41
0	9	90
0	7	91
0	9	91
0	11	90
3	-1	91
0	10	90
8	12	33
0	7	37
0	15	91
28	40	90
13	16	43
16	23	58
1	8	91
14	21	47
3	5	24
6	7	33
1	14	91
2	9	91
0	14	91
0	9	90
0	8	90
0	8	91
0	-1	88
0	14	88
0	9	90
2	5	32
28	29	90
27	44	91
23	28	79
28	31	91
9	12	91
0	22	91
11	16	39
11	16	34
11	15	34
10	14	33
21	32	91
0	10	91
0	10	91
5	11	35
0	9	90
0	6	90
5	9	24
9	6	28
0	8	91
10	12	34
1	9	89
0	-1	91
0	-1	91
0	12	91
5	9	21
0	2	91
0	3	91
8	11	29
6	7	28
4	15	91
0	10	89
0	0	90
0	0	91
0	12	90
2	12	90
2	10	90
11	10	37
0	9	91
10	12	32
0	9	91
0	6	90
1	16	90
2	6	24
3	10	31
0	-1	90
10	9	34
0	12	90
0	9	90
9	12	35
2	7	20
0	7	91
21	22	52
16	17	40
0	6	90
1	16	91
0	7	90
1	10	90
1	4	90
0	6	90
0	4	91
0	11	90
0	11	91
6	9	24
22	26	91
1	14	91
5	9	31
6	8	31
0	7	91
3	7	24
1	9	91
0	14	91
1	8	90
0	9	91
10	12	37
8	13	37
9	9	29
7	10	32
8	8	31
0	12	90
1	15	91
0	8	91
2	6	23
3	6	24
22	35	91
1	4	22
0	8	91
0	9	90
2	8	23
0	18	91
0	17	90
1	6	21
3	5	23
5	14	90
1	10	91
0	10	91
2	5	91
4	13	88
2	4	30
12	14	38
14	14	40
1	13	90
1	15	91
22	22	70
15	16	48
1	7	91
0	9	91
4	11	91
4	9	90
22	22	91
21	27	91
22	26	91
0	11	90
2	6	24
4	8	91
3	9	91
5	5	26
0	5	90
0	5	39
0	12	88
0	18	90
0	5	90
0	7	91
3	5	21
3	5	23
0	15	91
0	4	30
0	9	91
0	7	91
9	9	30
3	10	91
1	9	91
0	7	90
0	6	90
0	9	91
2	6	22
2	7	23
3	6	23
0	9	90
0	7	91
7	7	25
0	27	90
25	19	91
25	17	84
9	12	34
9	10	31
7	9	25
0	8	90
34	26	91
0	7	91
2	7	91
0	11	91
0	-1	90
0	15	90
1	10	91
0	6	91
23	42	78
20	24	68
23	29	73
0	9	90
0	13	91
1	7	91
0	12	91
1	15	89
0	9	90
1	13	91
0	12	90
6	12	26
5	7	24
0	7	90
0	8	91
8	-1	90
1	-1	90
2	12	91
6	12	28
3	11	91
0	11	91
1	8	90
0	14	87
16	14	85
0	23	90
2	4	22
0	14	91
0	15	91
0	21	91
0	9	90
3	6	20
5	9	25
0	2	21
0	1	22
3	13	90
4	11	91
7	6	31
0	6	90
3	9	90
5	10	26
9	9	30
0	5	90
0	7	90
0	12	91
0	12	91
2	4	46
4	6	24
2	6	23
1	9	91
1	6	90
0	8	90
5	12	90
0	3	81
0	0	90
2	12	89
3	12	90
2	6	24
5	7	42
11	13	33
5	10	30
7	10	31
1	5	90
0	8	91
1	1	70
0	4	89
0	14	91
0	9	88
2	8	91
2	13	91
2	10	76
1	15	91
1	7	91
1	6	91
6	9	31
3	17	91
3	14	91
6	15	91
10	12	31
4	7	28
0	15	91
0	9	91
3	6	23
0	14	91
0	14	90
8	10	28
22	24	70
13	13	42
29	32	91
1	8	90
0	12	91
1	4	23
6	13	29
0	17	91
21	28	90
38	32	88
10	13	37
10	17	37
5	7	33
0	3	89
0	6	91
0	9	91
0	14	91
23	27	91
2	6	20
0	8	90
0	8	90
7	11	30
1	9	90
0	9	90
0	10	90
0	13	91
0	-1	91
1	4	23
3	4	30
0	7	91
3	4	21
0	22	90
5	8	32
6	10	30
1	4	90
4	7	23
0	2	23
2	6	22
3	3	26
3	5	23
3	5	24
3	7	90
0	8	90
2	8	24
2	6	23
1	6	21
0	11	89
0	4	90
2	6	90
0	6	91
0	7	91
3	12	91
1	10	90
6	5	24
0	7	90
6	8	27
36	32	89
5	7	24
1	8	23
4	36	90
0	15	91
0	9	90
0	8	91
0	10	91
0	18	91
3	14	91
28	37	91
3	8	91
0	4	90
0	4	91
6	8	91
0	13	91
1	6	20
6	9	27
7	10	28
0	11	90
0	13	91
4	21	90
0	12	91
7	10	29
6	8	23
3	8	26
0	9	91
9	11	33
0	7	90
0	7	90
0	6	91
0	14	90
0	10	91
0	12	91
0	6	89
0	5	90
0	2	39
3	3	27
4	13	63
5	11	90
0	0	91
18	23	54
8	11	29
0	15	90
0	5	90
5	5	25
5	6	26
2	5	25
6	27	90
0	9	91
5	9	25
5	5	24
2	11	90
3	14	91
3	7	23
9	22	91
5	18	90
0	7	88
2	4	30
2	11	91
1	7	90
1	8	91
4	12	91
8	16	36
0	20	89
0	22	90
5	7	23
0	-1	91
26	43	91
0	12	90
37	37	91
0	16	90
0	6	91
0	8	91
5	6	25
0	13	90
0	10	91
0	7	89
0	7	70
0	10	90
14	13	39
9	13	36
1	37	90
0	14	91
0	13	91
0	13	91
0	3	90
5	-1	91
0	7	91
1	7	90
0	8	91
0	11	91
0	4	90
3	10	90
3	11	90
5	9	30
5	9	25
3	9	24
4	6	30
4	9	24
7	7	26
0	19	91
8	10	25
0	12	91
0	13	91
1	2	89
0	-1	90
0	9	90
0	15	90
18	17	58
28	52	91
27	-1	87
3	8	22
1	9	91
0	11	91
0	8	91
0	8	91
0	8	67
0	9	67
0	8	91
3	4	23
6	5	30
0	-1	89
0	8	91
0	12	91
0	16	90
2	5	25
3	11	33
0	12	91
0	14	91
2	4	21
4	11	30
7	9	31
7	7	27
8	8	30
3	6	22
3	5	21
0	11	91
0	8	91
6	10	25
0	17	91
32	41	88
35	-1	90
40	42	91
37	42	90
0	5	90
4	8	22
0	6	91
0	8	91
6	10	26
10	12	32
8	14	33
3	4	32
14	19	35
10	13	35
17	18	42
0	0	43
18	23	52
2	22	90
0	13	90
0	15	91
0	8	91
4	12	26
6	10	26
0	4	20
6	8	26
0	22	91
0	5	91
0	3	22
0	17	91
4	6	25
4	9	24
5	17	91
3	9	25
8	9	34
7	11	31
4	14	30
6	8	25
8	8	30
1	12	90
2	5	21
1	14	91
1	10	91
1	4	20
26	53	91
26	34	81
16	33	61
28	-1	91
3	8	23
4	7	22
7	6	30
0	13	90
0	12	90
0	15	87
0	10	90
17	19	56
6	10	26
5	5	90
9	11	35
6	10	26
0	4	47
1	6	47
8	9	31
4	7	23
3	5	31
0	13	90
0	13	91
11	24	90
9	13	34
9	11	35
10	13	35
9	10	34
0	3	90
0	3	89
0	9	90
0	8	91
6	8	24
0	2	22
7	9	26
0	12	91
0	5	91
1	7	91
4	8	25
3	8	24
3	7	23
9	10	34
0	14	91
8	13	32
5	8	25
0	11	91
0	17	89
7	15	32
5	8	24
0	31	91
1	12	91
0	14	91
4	9	25
5	9	25
0	11	91
0	8	91
2	7	91
6	5	29
8	11	33
7	10	28
10	15	40
0	13	90
6	7	24
2	11	90
3	7	23
30	31	91
29	29	91
6	10	30
6	6	25
8	7	29
4	5	26
0	9	91
0	5	90
0	10	89
19	22	62
1	3	21
0	12	91
0	7	91
5	8	22
6	9	28
7	10	26
0	7	39
5	6	24
0	8	90
6	10	31
2	5	22
8	10	34
0	1	69
0	31	91
0	10	91
0	16	91
1	9	90
2	11	91
0	6	90
0	9	89
0	5	90
0	16	91
27	28	91
29	28	91
26	28	89
7	9	25
0	12	91
0	8	91
0	13	90
0	14	72
21	24	91
7	8	24
3	22	90
0	4	91
0	11	88
3	4	23
2	10	91
2	4	91
2	6	22
0	10	53
7	8	26
5	10	25
0	8	91
0	15	91
9	10	30
2	7	20
19	36	88
5	7	23
6	8	26
5	7	25
5	6	25
0	9	91
0	5	91
0	15	91
6	7	27
9	11	32
0	3	22
8	11	31
11	11	36
3	8	90
0	11	89
0	-1	91
5	41	91
0	24	82
3	4	23
9	12	34
3	5	23
2	5	20
3	7	21
8	7	29
2	9	32
8	9	27
6	9	24
3	7	21
0	4	90
0	6	91
12	13	41
2	4	22
0	15	89
0	5	90
0	9	91
0	10	90
0	18	91
12	12	34
4	9	23
2	7	22
2	7	23
9	11	27
0	10	91
1	9	90
8	6	31
7	7	30
0	8	81
3	5	22
6	8	24
0	0	89
0	10	91
2	7	22
25	24	91
26	25	91
23	23	90
3	7	24
3	14	91
5	3	91
6	8	26
0	25	91
7	10	29
5	6	23
0	11	89
0	11	91
1	8	90
0	6	91
5	8	24
6	14	91
3	10	90
2	11	91
0	11	90
0	13	90
3	28	91
4	27	91
4	27	91
4	28	91
4	27	91
0	11	91
1	10	89
0	6	91
3	7	23
0	21	91
1	36	91
0	9	90
0	9	88
2	4	22
1	2	24
1	12	91
9	18	90
7	7	26
2	9	91
1	11	90
0	8	90
0	16	91
0	9	91
2	9	90
0	11	90
8	12	28
5	9	25
5	9	25
0	25	91
0	5	53
0	9	91
7	7	35
3	9	24
2	12	91
0	1	90
0	6	91
0	-1	91
2	11	39
0	11	91
1	17	91
2	5	21
2	9	89
0	6	91
6	9	23
4	10	90
5	8	26
0	12	91
0	12	91
2	6	22
0	6	87
0	17	90
0	-1	91
0	7	91
2	6	25
0	13	90
2	6	20
2	9	91
33	36	74
1	11	91
0	4	87
7	11	26
5	9	26
0	12	91
0	8	90
29	29	90
29	29	91
5	7	27
0	14	91
2	5	22
3	8	24
3	10	91
1	9	91
3	13	91
1	9	88
8	9	30
1	5	82
1	7	82
0	10	91
0	8	91
3	14	33
0	2	32
21	25	72
19	22	62
18	23	62
7	8	32
21	-1	52
0	8	85
1	11	91
0	8	90
0	3	23
4	7	25
4	8	23
10	9	34
3	9	24
3	7	24
3	8	25
8	11	27
7	9	26
0	7	91
5	6	26
8	10	43
3	6	26
5	8	27
6	9	26
21	31	91
5	11	25
0	15	91
0	10	90
2	6	90
0	3	90
7	13	30
0	13	90
1	12	91
0	12	91
22	25	90
0	8	91
0	8	91
0	10	91
2	15	90
2	18	90
1	21	90
8	11	28
5	7	23
6	7	25
0	6	44
0	11	65
1	5	22
5	9	24
4	8	21
0	11	91
7	13	31
8	9	26
8	9	27
1	24	91
0	10	90
0	10	91
3	13	90
1	12	91
3	17	91
4	-1	91
0	4	90
0	-1	89
24	34	90
3	8	22
4	8	24
2	5	22
40	41	91
5	5	26
1	15	90
0	14	91
2	4	21
0	7	91
18	22	74
5	27	90
0	-1	89
8	24	91
6	10	26
4	9	25
6	8	25
0	-1	91
15	20	90
23	21	88
1	18	90
0	8	91
0	8	90
7	10	25
0	14	89
0	12	87
6	7	24
6	9	26
7	10	28
7	10	26
8	10	25
1	4	29
0	3	91
0	13	91
2	6	21
1	8	91
1	5	91
0	8	90
0	7	91
3	27	91
6	9	30
18	20	60
21	24	73
1	9	90
5	28	90
7	11	28
18	-1	56
4	5	25
14	17	41
8	9	26
7	13	32
0	5	91
0	10	90
0	7	90
0	7	91
3	19	89
3	11	91
10	14	36
7	14	35
8	12	32
8	13	30
2	7	21
3	6	21
7	12	30
6	9	30
5	8	24
6	10	31
0	8	91
0	7	91
0	27	91
0	27	91
6	6	26
0	12	91
10	14	36
7	14	32
11	13	35
6	9	27
0	3	22
30	29	91
10	11	34
4	8	31
0	10	91
2	6	20
0	3	90
0	3	91
8	12	29
1	6	20
6	23	91
0	7	91
0	9	90
0	9	90
0	15	91
8	11	30
0	8	91
4	7	21
4	9	31
5	8	25
3	7	23
3	8	25
0	10	91
0	10	91
0	8	91
0	5	90
3	23	91
8	11	31
10	13	35
9	12	33
4	10	25
2	5	20
2	7	21
5	7	24
1	10	90
16	33	90
0	13	90
0	9	91
7	7	27
0	13	90
0	9	90
0	9	91
1	15	91
0	9	90
1	15	74
1	6	22
5	9	32
5	9	27
7	12	30
2	5	22
0	6	90
9	13	37
12	16	38
10	14	36
0	12	91
0	8	90
3	36	91
4	4	26
6	10	26
4	12	28
7	12	33
6	11	30
10	15	34
3	7	27
6	8	27
28	45	91
1	20	91
11	25	91
16	24	91
2	12	91
1	5	91
4	7	24
8	10	33
8	18	36
4	8	24
1	7	90
6	43	91
6	-1	91
5	41	91
7	-1	91
4	43	91
1	-1	90
5	10	30
0	26	90
4	10	27
3	6	23
0	0	88
0	0	91
0	0	91
0	5	91
0	11	91
0	11	90
0	11	90
2	6	21
1	14	77
0	4	91
0	4	91
4	8	23
0	10	91
0	10	91
1	8	91
2	8	90
6	7	25
0	9	90
0	11	90
6	6	24
0	12	91
0	2	20
0	6	91
1	12	91
0	10	91
0	8	91
1	11	91
0	7	91
1	6	23
2	9	90
1	10	91
0	6	91
6	7	25
6	10	25
7	10	25
0	15	91
0	10	91
0	11	91
4	9	23
33	39	88
2	7	24
0	11	91
0	11	91
4	8	24
3	9	24
0	10	91
0	9	90
0	10	91
0	5	90
0	13	91
1	8	90
0	10	90
0	10	90
6	7	24
5	7	33
0	6	90
4	7	21
0	12	91
1	2	24
0	11	91
0	10	91
21	30	73
5	6	27
0	10	90
0	7	90
2	13	91
10	16	35
24	-1	89
24	-1	88
19	20	54
23	-1	86
17	21	64
16	20	63
17	20	62
15	19	60
14	17	50
14	18	60
26	34	85
4	25	91
0	2	23
0	10	90
0	18	91
0	24	90
34	38	91
0	12	91
0	11	90
1	8	91
0	9	90
0	11	89
0	9	91
0	2	87
0	11	90
0	11	90
0	19	91
1	6	91
7	11	29
7	9	30
8	16	91
1	19	90
0	-1	90
0	21	90
9	11	36
3	5	21
2	3	22
0	7	91
0	22	90
7	11	28
4	-1	91
0	6	91
0	13	90
0	14	91
0	15	91
1	13	90
0	11	90
14	20	40
0	15	90
0	13	91
2	5	24
0	5	90
5	6	24
2	3	20
5	9	25
2	4	21
4	19	41
2	5	91
5	13	90
6	7	26
0	12	90
0	14	90
6	9	30
0	35	90
1	2	78
7	13	32
0	8	91
0	15	90
0	6	91
6	16	91
6	9	26
0	8	90
0	13	90
0	9	90
0	10	91
0	8	90
0	7	91
3	5	21
3	-1	91
4	20	91
5	-1	91
0	12	91
0	12	91
28	39	91
4	6	20
4	6	24
1	17	91
1	18	90
0	13	90
9	34	90
8	34	91
1	12	91
5	6	24
0	12	89
0	13	90
0	15	91
0	13	90
6	6	32
9	12	34
5	7	23
0	9	90
0	8	90
2	11	90
2	4	22
12	13	35
0	6	88
5	8	25
3	7	21
1	8	90
1	7	91
3	10	90
3	11	91
0	16	89
0	15	90
0	13	91
0	-1	91
0	10	91
9	10	35
0	6	91
2	6	31
0	2	91
4	5	35
0	9	91
0	10	91
0	9	91
0	36	87
4	6	25
1	6	31
0	19	91
23	41	91
1	10	90
0	0	90
1	1	91
0	2	90
0	6	90
0	2	91
0	0	90
0	4	91
0	0	89
0	0	91
0	1	89
0	1	90
1	1	71
10	10	29
8	9	26
5	7	24
2	28	90
8	11	27
2	6	22
0	15	91
0	13	90
0	11	91
0	12	90
2	9	90
7	9	29
0	8	90
5	8	24
14	18	47
9	10	33
0	8	91
7	9	27
0	3	91
1	8	90
2	5	21
4	39	91
13	12	39
3	6	21
0	20	90
0	-1	90
1	4	30
0	15	91
15	21	48
4	6	23
0	15	90
3	4	21
5	9	47
0	6	90
1	12	90
0	10	91
0	2	89
0	2	91
0	9	90
0	13	91
7	11	30
3	9	25
0	6	90
1	12	90
0	9	67
0	11	67
0	5	90
8	12	32
6	7	27
0	13	90
8	12	28
14	14	44
10	15	33
4	8	24
3	7	21
0	25	82
0	7	90
0	11	91
4	8	22
18	21	48
5	7	22
2	24	90
11	14	35
7	26	91
0	8	90
2	13	91
2	9	90
35	41	91
5	9	27
4	9	27
4	10	28
4	7	24
4	7	36
15	-1	58
0	12	91
0	12	91
8	8	31
3	39	90
6	11	25
28	36	78
3	7	23
6	5	26
6	6	27
7	8	25
6	9	26
8	11	30
0	11	91
0	11	90
9	11	32
0	11	90
0	8	90
3	5	23
8	9	28
8	9	31
3	7	23
7	12	30
4	5	23
0	27	91
0	1	90
0	13	91
0	13	91
3	23	91
0	6	90
0	9	91
0	22	90
2	11	91
21	21	52
4	6	24
7	11	28
6	9	25
0	15	90
0	3	90
2	6	21
7	10	26
6	9	24
7	9	27
8	10	29
6	9	25
7	10	27
1	4	20
9	12	34
4	9	24
10	12	33
3	7	23
4	8	22
9	14	43
5	9	24
8	11	35
0	11	91
0	10	91
14	20	52
0	21	91
1	13	91
0	10	90
0	7	91
3	6	22
5	14	28
19	24	67
15	22	63
0	4	91
1	4	22
0	5	91
0	6	91
3	11	90
3	9	91
4	7	24
0	9	91
0	9	90
0	13	91
0	3	91
0	15	91
22	42	90
2	37	91
0	12	91
1	4	23
5	8	48
4	7	23
6	11	28
0	3	20
10	13	33
10	14	35
9	12	29
11	13	32
10	16	33
9	18	36
12	19	39
9	17	34
12	18	39
10	15	34
26	30	64
24	38	90
28	45	91
25	39	89
0	13	90
0	6	91
0	12	90
0	7	91
0	41	91
7	8	27
9	10	32
8	9	27
9	9	27
9	11	30
7	8	27
1	15	91
0	11	87
5	24	91
6	7	35
2	5	21
0	19	90
8	9	31
0	20	91
0	20	90
0	19	90
0	5	90
3	10	24
0	10	91
0	8	91
5	4	26
4	7	23
1	4	21
12	12	35
4	6	23
0	13	90
0	13	91
8	13	30
5	6	25
6	8	26
8	9	28
5	10	26
5	4	36
8	8	27
9	17	42
7	11	26
3	16	91
2	6	90
6	11	25
11	16	41
4	6	23
2	5	22
0	8	90
0	12	90
39	41	91
0	11	91
6	11	91
5	5	24
9	11	35
1	6	91
2	14	91
0	13	91
1	13	85
0	13	91
9	10	35
9	9	30
1	29	89
3	10	30
31	-1	91
3	6	23
0	4	21
0	11	91
0	14	90
0	0	90
0	0	89
7	9	30
0	11	90
0	5	91
2	4	22
2	9	90
8	10	26
6	7	26
3	6	21
8	13	34
20	42	91
28	40	91
0	8	91
0	21	91
0	12	91
8	14	33
8	13	32
0	9	91
0	7	91
1	15	89
9	15	33
9	12	34
0	-1	91
7	9	26
15	16	48
6	12	25
4	5	22
3	8	22
9	10	31
10	13	37
7	12	28
1	12	90
0	9	91
7	17	82
3	8	22
5	11	30
4	5	24
0	12	90
0	12	91
8	11	26
0	4	55
7	13	31
8	10	32
0	9	90
0	16	91
3	7	23
4	6	23
0	13	91
0	20	91
0	9	90
6	10	30
5	8	23
3	5	20
3	9	24
1	5	21
0	10	91
0	17	91
0	17	91
6	7	23
6	8	26
30	30	89
6	8	26
0	17	91
2	39	90
0	0	34
0	12	91
0	8	91
18	27	65
6	8	24
0	10	90
0	11	91
3	8	22
6	9	24
4	8	26
2	7	22
0	5	32
6	7	24
1	15	91
8	11	32
0	21	91
9	12	33
8	12	33
11	14	33
5	9	27
13	17	43
2	6	23
1	15	90
4	8	23
1	4	22
1	3	21
3	-1	91
30	32	90
6	6	27
0	11	91
0	15	91
0	13	91
0	8	62
1	9	91
2	6	91
0	14	91
16	31	72
5	13	31
5	34	90
7	34	90
5	10	27
0	5	91
0	9	91
0	19	91
1	9	91
1	8	90
2	1	22
0	11	90
0	11	90
3	5	23
4	7	23
6	7	27
5	7	25
4	31	91
3	30	91
3	30	91
23	23	91
8	9	29
6	8	28
5	8	26
0	13	91
25	30	91
28	31	91
15	19	53
5	-1	91
3	6	22
2	4	91
9	9	27
5	11	90
1	13	90
6	9	29
1	6	91
2	5	21
5	8	32
0	22	89
2	5	21
0	9	91
0	13	90
0	4	90
1	11	90
1	11	90
1	8	91
22	29	90
1	12	91
0	9	90
0	27	91
3	5	21
0	23	90
2	5	91
2	12	90
0	4	31
10	12	39
10	12	36
3	5	51
7	8	30
8	11	31
7	11	28
0	6	91
8	7	28
9	7	28
5	6	24
0	5	77
1	11	87
19	17	44
0	13	91
0	10	89
0	2	39
2	9	79
2	10	79
0	9	91
4	8	29
6	7	23
2	8	91
1	-1	91
2	14	91
0	19	90
5	15	90
0	9	91
0	10	91
8	11	34
8	11	31
2	11	91
26	26	91
1	23	91
1	8	91
0	8	91
1	9	72
0	10	72
1	9	90
9	10	38
21	37	91
22	37	89
2	4	21
0	17	90
1	11	90
7	10	30
0	17	91
0	12	90
8	8	27
0	12	90
5	7	49
5	7	48
5	7	49
5	8	24
16	28	58
0	14	91
0	-1	61
0	9	91
0	-1	91
0	8	90
0	10	91
6	9	26
7	10	28
1	12	54
6	10	27
0	8	90
4	6	24
0	9	49
0	6	47
0	11	91
0	7	91
3	7	90
1	5	91
1	4	90
1	12	91
5	6	31
0	11	90
0	10	91
3	4	23
1	-1	91
1	13	89
3	11	90
3	11	90
4	8	24
2	6	20
4	10	91
1	5	21
0	16	90
2	7	22
8	13	38
0	9	91
0	25	90
0	11	90
0	6	90
0	8	91
2	15	90
1	12	90
0	7	91
0	12	90
0	-1	88
0	15	91
4	9	24
0	11	91
8	8	24
3	14	91
19	20	64
0	9	91
0	6	89
1	7	22
2	5	21
2	4	22
5	8	26
4	6	23
4	6	22
1	5	20
2	7	21
1	6	91
1	7	91
0	6	91
0	12	90
0	14	91
0	10	91
0	5	91
6	7	30
1	10	84
0	11	90
5	14	91
0	10	91
11	14	38
1	10	91
0	4	91
0	5	91
0	13	90
0	10	90
0	1	48
0	3	49
9	8	30
25	26	80
4	8	24
1	-1	90
3	23	90
0	7	90
0	8	91
21	22	71
1	10	90
0	13	90
8	10	27
2	8	22
0	6	90
0	13	90
10	14	35
0	10	91
0	6	90
7	10	32
1	5	29
17	17	43
4	8	27
8	12	30
0	16	90
1	18	90
4	8	21
3	8	21
0	-1	90
0	14	90
0	10	91
0	11	91
0	9	91
2	16	91
1	9	91
17	19	65
2	4	23
4	7	23
1	4	90
2	8	91
7	14	34
7	14	33
2	9	90
0	9	90
0	11	88
0	11	91
0	10	90
3	6	24
2	3	22
2	2	33
3	6	23
1	11	91
7	13	33
7	11	32
5	8	23
0	9	90
0	12	91
2	6	22
3	6	22
3	9	22
0	2	91
3	8	24
4	6	22
9	13	36
0	26	90
0	27	91
3	6	22
4	8	26
2	7	24
3	6	24
37	40	91
1	9	88
2	6	23
0	15	91
0	3	91
0	8	90
0	13	90
0	10	91
25	34	91
0	10	90
0	2	90
0	12	91
0	12	90
0	7	91
0	19	91
0	10	90
3	7	20
0	12	91
8	12	33
8	9	26
10	14	33
8	10	32
8	9	28
7	9	26
9	10	31
8	9	27
8	11	33
8	12	31
7	11	30
39	40	90
0	5	91
0	5	91
0	6	90
5	10	24
5	7	25
0	28	90
0	14	91
0	4	90
5	16	31
0	12	90
0	9	91
0	2	90
0	6	91
0	7	90
8	12	35
7	13	31
0	13	90
2	9	24
1	9	90
1	11	91
0	-1	91
7	8	26
5	5	22
29	33	91
26	32	90
14	23	91
31	27	89
36	30	89
0	23	79
3	10	73
0	23	91
2	3	27
0	8	72
0	10	91
0	11	91
0	10	91
7	10	28
0	2	22
0	5	90
0	6	91
0	8	91
0	6	91
6	7	25
0	11	90
0	9	91
0	13	91
0	6	91
3	6	24
6	6	24
17	29	91
4	7	23
0	12	90
1	16	91
0	1	91
8	9	28
2	16	90
5	6	24
1	14	90
3	4	24
0	9	91
0	14	91
19	26	89
5	12	30
0	17	90
9	12	38
2	5	20
7	41	91
3	5	22
1	21	82
0	13	90
2	3	22
10	12	31
2	14	91
0	10	91
0	11	89
0	10	90
1	3	22
7	10	32
0	25	89
2	8	21
0	9	91
0	12	91
0	8	90
5	9	25
0	7	90
0	8	90
2	4	20
4	7	25
0	15	90
0	14	91
0	14	91
0	19	91
0	16	91
0	17	91
0	17	91
0	15	90
1	3	22
23	24	67
5	9	26
7	9	24
0	7	90
0	15	91
0	8	91
3	29	91
3	7	23
9	8	32
7	9	31
4	9	27
9	13	31
4	7	23
2	15	91
0	9	91
2	7	21
13	24	47
0	10	90
0	6	90
0	4	89
3	7	30
1	9	91
29	-1	88
30	36	89
0	11	91
0	7	90
0	7	90
7	8	31
6	15	35
8	14	35
1	8	90
0	8	90
2	4	22
8	12	30
7	11	33
5	12	31
0	7	90
5	7	24
0	10	90
0	9	91
3	6	22
6	9	24
3	5	22
15	28	88
3	7	22
4	8	24
6	7	28
0	2	89
2	-1	90
0	4	90
0	5	90
1	3	91
1	14	90
1	18	90
3	5	21
3	15	91
2	15	91
0	10	90
0	6	91
2	9	22
2	7	22
0	9	89
31	34	90
0	9	91
0	10	91
7	8	26
0	5	90
0	13	91
0	20	91
4	11	30
6	8	24
0	10	90
0	11	90
0	4	90
1	5	21
0	8	91
0	9	91
8	10	30
0	11	90
0	10	90
7	9	27
7	8	33
7	8	31
8	9	32
0	8	46
0	5	46
10	15	37
7	12	27
11	15	33
8	11	28
0	9	90
0	6	90
6	13	33
10	14	34
5	32	73
4	41	90
0	9	90
7	9	28
0	30	90
0	29	90
7	11	27
8	14	29
6	8	26
6	9	27
2	12	91
1	5	91
4	10	26
8	11	31
19	20	87
1	-1	61
5	14	33
0	-1	90
6	12	28
5	10	25
6	11	27
0	-1	90
6	10	26
0	8	90
0	11	90
0	13	91
0	11	91
8	9	26
0	13	91
0	9	89
0	4	91
0	13	91
4	5	32
1	15	90
0	6	90
6	7	26
1	14	90
0	8	90
0	4	90
0	22	90
0	13	91
0	11	90
1	12	89
0	8	90
0	11	91
0	1	38
18	19	61
1	12	90
0	10	90
3	11	90
0	8	91
2	5	24
0	20	90
0	19	90
2	6	23
2	6	24
4	9	27
0	7	91
0	8	91
3	7	26
4	5	22
0	16	91
0	21	90
14	18	42
1	10	77
0	10	77
0	8	84
0	-1	90
0	9	90
0	10	91
0	16	91
24	29	91
2	8	22
0	12	90
0	11	90
0	10	87
0	9	91
4	29	91
4	-1	91
5	5	32
6	9	26
5	15	90
3	12	90
1	8	91
0	12	91
11	15	37
1	12	91
0	10	90
16	23	63
29	29	90
29	30	91
30	30	91
17	18	57
25	32	88
29	32	91
28	31	90
26	33	91
26	30	83
27	33	91
24	32	91
20	25	68
2	5	21
5	8	27
2	10	91
0	5	91
13	15	91
1	8	91
0	3	90
0	3	89
0	3	90
0	9	90
1	22	91
0	9	91
3	7	25
0	15	91
0	13	90
1	3	22
2	6	23
2	7	25
8	10	27
0	5	91
0	10	91
0	9	90
2	4	21
9	10	30
0	12	90
0	37	91
1	37	91
26	38	90
7	12	28
1	6	91
0	4	91
4	7	25
2	6	21
1	2	90
0	10	91
4	6	23
0	11	91
3	12	30
0	18	91
22	22	59
24	21	57
4	5	25
0	10	91
0	13	91
0	9	90
12	17	91
2	6	70
1	2	91
3	10	23
3	7	30
0	3	90
0	11	91
0	8	91
0	10	91
3	6	23
2	7	23
0	15	90
0	10	91
7	8	29
4	7	26
6	8	25
0	9	91
0	9	90
4	9	23
3	6	22
0	9	91
24	27	90
0	12	90
0	10	91
5	10	26
5	9	25
5	10	24
0	12	75
0	10	91
0	13	91
0	10	91
0	8	91
4	5	24
2	8	91
0	9	90
0	9	91
0	13	91
1	4	32
30	22	88
1	7	90
0	7	90
1	10	90
1	-1	91
0	13	91
5	24	91
3	11	44
2	6	24
5	11	23
0	14	90
0	11	91
3	11	90
3	29	88
0	10	90
0	15	91
0	10	91
0	7	91
1	26	90
3	5	24
22	39	91
4	6	27
5	7	24
22	38	91
0	14	91
0	13	91
0	17	88
7	13	91
8	10	26
8	11	32
4	6	24
4	8	24
4	8	30
1	10	91
0	9	90
0	7	91
3	4	24
1	16	87
10	13	35
0	7	90
0	8	90
2	5	23
2	37	89
3	8	24
15	25	54
4	4	24
27	45	90
23	41	90
2	7	91
1	11	90
2	6	22
6	8	23
7	8	30
0	10	69
0	9	69
0	6	90
0	10	91
0	15	90
0	10	90
1	5	20
2	3	31
2	8	25
0	12	90
0	10	88
0	8	91
1	31	91
5	11	27
6	5	35
3	9	26
10	14	32
23	37	91
0	11	90
0	7	90
0	30	91
30	34	86
27	38	88
21	35	91
7	10	32
5	11	29
3	36	91
3	9	87
0	6	90
0	9	90
0	12	91
0	-1	90
0	8	91
0	13	90
0	8	76
0	-1	90
0	11	76
1	6	91
0	1	90
0	5	91
1	7	30
0	14	90
3	4	23
0	8	91
0	8	91
0	4	91
1	7	35
0	11	87
1	9	91
0	9	90
5	7	23
4	10	91
3	11	91
0	15	90
0	10	91
0	27	91
7	6	26
6	10	27
5	9	25
0	11	91
0	12	90
0	4	24
3	6	24
6	9	27
5	24	90
0	13	91
0	14	91
13	20	60
4	7	23
7	13	31
9	12	32
6	10	27
9	11	29
22	25	74
27	30	91
8	10	30
7	9	26
9	10	27
27	32	91
22	33	91
0	15	90
0	10	37
0	10	90
4	14	91
0	14	89
0	13	90
9	7	33
0	3	23
6	8	24
0	7	90
8	14	91
2	4	24
6	13	91
1	9	91
0	13	90
0	12	90
35	37	90
0	9	90
5	6	26
11	13	91
0	-1	89
0	9	90
7	6	26
0	10	90
0	10	91
4	20	91
0	11	90
2	2	91
1	3	91
4	2	91
3	3	90
0	3	80
0	6	39
29	29	90
26	-1	90
29	29	91
29	29	90
28	29	91
23	23	73
30	30	91
0	7	91
0	37	90
0	16	90
2	10	90
0	13	91
0	12	91
0	12	90
1	9	91
1	9	90
1	7	91
0	9	91
0	17	91
0	10	91
0	5	52
6	10	26
4	9	23
0	6	91
0	-1	90
0	14	91
2	10	90
0	9	91
0	12	90
0	16	91
2	12	88
6	9	24
5	8	24
22	41	91
1	10	90
0	7	90
0	25	91
0	20	90
2	7	26
3	6	23
0	7	90
1	11	91
8	11	32
7	8	24
2	12	91
2	13	91
11	13	75
0	16	91
0	8	90
3	13	91
0	9	91
5	9	24
5	10	31
0	10	91
0	9	91
0	13	91
0	8	90
0	10	90
0	2	91
2	18	90
6	11	30
4	9	25
3	7	21
3	8	22
7	7	25
8	9	32
8	14	33
17	25	91
0	14	91
0	15	90
1	4	30
4	10	26
2	3	22
0	13	90
0	9	91
0	11	90
6	10	25
7	14	33
0	12	91
0	10	91
0	12	90
0	10	91
6	6	40
6	9	25
0	13	91
0	19	91
5	3	23
6	10	33
0	7	88
0	8	91
0	17	91
3	7	23
6	8	30
7	9	31
7	8	26
2	6	22
12	18	32
0	9	90
0	15	90
0	1	91
3	6	23
1	14	90
3	16	91
1	4	89
1	11	87
1	10	90
0	9	90
0	24	90
1	25	90
5	9	25
0	24	91
6	11	31
5	9	26
27	29	89
1	9	91
4	12	24
7	12	30
0	10	90
0	14	89
21	28	91
12	12	28
5	9	40
7	8	30
8	7	28
7	7	25
0	6	91
0	15	91
2	6	22
4	10	33
3	5	23
24	29	84
0	15	90
0	6	90
0	9	91
24	32	91
3	8	24
4	5	24
10	21	58
8	13	90
0	6	91
34	41	90
28	43	91
3	6	22
3	7	23
3	6	23
7	9	28
31	43	90
0	12	91
2	16	90
0	26	91
9	11	30
21	30	91
0	8	91
1	14	91
0	12	91
4	6	25
0	27	91
6	8	24
6	9	25
23	34	91
20	26	91
2	7	32
0	10	91
0	9	89
1	7	90
7	11	28
5	8	25
2	5	91
1	6	87
2	10	90
2	3	91
0	19	90
1	10	90
4	9	91
12	15	33
0	18	82
18	19	75
2	6	23
9	12	35
4	11	27
5	5	24
2	6	22
6	8	23
0	10	91
0	15	90
22	36	89
0	8	79
7	9	27
6	10	28
6	11	29
6	9	25
18	17	58
23	28	74
28	36	90
26	34	91
26	33	91
20	22	60
7	11	41
0	5	91
0	8	91
0	13	91
6	10	25
10	15	37
3	6	21
0	8	89
4	5	24
0	16	90
0	14	89
3	38	84
3	5	22
0	14	91
0	12	88
0	12	90
0	19	90
0	13	91
5	7	29
4	7	24
0	7	45
0	5	91
0	-1	91
1	5	21
4	10	24
0	5	91
0	10	91
5	9	24
7	10	27
3	4	21
0	4	90
1	7	91
24	24	69
0	11	90
0	12	90
1	6	22
0	10	90
9	11	31
0	11	91
0	7	91
2	6	21
8	24	54
0	6	91
0	4	89
9	13	35
12	13	44
0	2	90
6	6	27
3	7	23
0	2	20
20	20	49
0	8	91
0	7	91
0	11	91
0	0	91
0	10	91
14	20	41
1	11	91
0	17	91
2	10	91
2	10	91
1	6	90
2	6	29
8	8	29
0	12	91
0	15	90
0	14	87
3	3	42
2	5	21
24	29	91
26	29	90
24	30	91
26	29	91
28	29	90
0	1	91
27	30	91
28	30	90
21	23	73
2	8	26
0	22	90
0	11	91
0	10	91
1	10	90
7	10	29
5	9	25
0	6	91
9	16	40
34	38	90
3	8	22
3	7	24
0	9	91
0	6	91
1	5	39
0	8	91
0	9	91
0	13	91
6	7	25
11	8	38
3	6	23
0	40	91
0	20	91
0	11	90
0	12	90
9	7	32
0	9	79
2	7	22
0	5	91
0	10	90
6	7	27
5	8	28
5	7	25
15	19	48
0	-1	90
16	18	62
1	4	22
1	4	21
0	17	91
0	15	91
6	6	23
2	4	21
10	22	45
20	21	63
28	30	91
0	-1	90
2	17	91
4	12	91
2	7	22
0	4	90
0	7	90
3	20	91
1	6	90
0	15	90
0	7	90
1	10	90
0	13	90
0	8	91
2	9	91
13	15	38
15	16	40
4	5	26
1	8	90
0	-1	90
0	5	89
0	16	91
3	8	24
0	23	90
8	7	27
7	6	23
7	11	31
3	6	26
28	23	91
21	36	90
0	9	90
1	12	91
10	10	31
1	5	91
2	13	90
0	13	90
0	8	90
0	8	91
2	4	22
1	11	22
7	14	32
0	-1	90
3	13	90
4	8	31
0	26	91
7	11	26
7	12	25
11	11	63
15	20	53
26	36	91
5	20	90
7	22	90
17	-1	45
0	10	91
0	16	90
7	9	31
1	10	91
2	12	91
0	4	91
1	8	91
12	17	91
2	7	25
0	17	91
3	-1	91
2	5	24
7	11	30
0	11	91
1	15	91
0	10	90
6	8	25
0	9	90
7	9	26
0	3	91
0	8	90
0	7	91
1	7	91
9	6	27
5	10	87
1	6	75
1	7	75
10	10	36
7	7	30
10	8	31
0	6	66
10	7	36
2	6	20
0	12	91
0	5	91
4	8	32
5	6	25
0	2	21
7	8	26
7	8	30
1	9	91
5	7	25
0	7	88
0	11	90
0	21	91
0	23	91
3	24	91
0	11	88
15	31	90
14	27	81
12	23	71
11	22	69
7	16	46
7	14	44
8	17	46
4	9	23
4	7	24
0	14	91
0	14	91
0	7	91
0	7	90
0	6	91
1	12	89
0	8	91
0	11	90
0	8	91
4	9	24
1	4	90
0	5	89
0	15	90
18	17	57
3	8	24
0	10	90
6	6	25
5	8	25
0	13	90
0	23	90
0	10	91
10	11	31
10	10	32
4	11	91
0	-1	91
0	7	91
0	16	91
0	13	91
0	15	90
0	10	91
0	8	91
0	6	91
7	9	28
9	8	36
0	12	91
0	3	90
0	10	90
0	4	90
3	10	90
0	9	90
0	10	91
0	9	90
0	10	91
4	23	91
1	-1	90
5	6	23
0	11	90
2	9	30
10	14	30
3	9	25
25	33	91
0	11	90
0	10	90
0	38	90
0	10	91
7	17	91
0	6	67
6	8	27
16	20	44
31	37	88
2	8	91
8	12	32
1	6	21
0	9	90
0	7	91
0	-1	90
0	10	90
5	8	24
9	14	33
9	12	38
0	13	90
0	-1	90
0	6	91
0	18	91
0	14	90
0	10	91
7	8	29
2	7	22
1	7	90
0	9	91
0	14	90
0	-1	91
0	-1	90
9	10	30
23	3	88
9	11	32
1	7	91
2	18	91
14	9	38
3	7	91
3	7	91
3	16	91
23	25	91
8	9	31
3	13	91
4	15	90
1	9	89
2	11	91
0	6	91
0	11	91
6	9	27
0	11	91
0	11	91
5	5	24
6	13	28
28	29	91
29	29	91
29	29	90
27	29	91
28	29	91
28	29	90
27	28	88
28	29	90
27	29	90
3	10	91
1	8	91
0	8	91
7	8	30
0	12	91
0	13	91
5	7	25
0	11	90
4	14	90
1	12	91
0	37	90
8	7	33
0	18	91
0	14	90
0	18	90
0	13	90
6	9	31
0	9	90
1	-1	91
1	16	91
0	12	90
0	10	91
3	12	90
3	10	91
0	12	90
1	9	90
5	13	31
3	13	91
3	6	21
0	11	91
1	6	21
0	-1	89
11	14	90
1	11	90
0	8	91
1	1	23
7	10	26
2	5	22
0	13	91
0	5	89
0	11	90
0	10	90
0	-1	89
31	21	90
3	4	90
2	10	91
0	15	91
0	7	91
0	14	90
0	13	90
0	11	91
4	13	90
9	22	91
2	9	90
4	11	91
0	4	91
3	11	91
1	5	21
3	5	22
2	5	20
5	11	31
1	9	91
0	8	90
0	6	90
5	8	30
0	12	90
0	8	91
8	13	31
1	3	90
0	9	90
0	10	91
7	9	32
0	1	91
0	19	91
6	5	31
0	9	91
0	3	91
3	10	91
2	11	90
0	11	91
0	9	90
0	12	91
12	13	91
9	13	33
8	12	32
0	6	91
0	12	90
3	-1	91
0	-1	91
0	8	90
0	12	91
0	9	90
8	7	31
0	10	91
0	8	91
0	12	90
0	2	91
0	14	91
6	11	29
7	8	28
3	10	25
2	4	22
6	27	90
8	11	27
9	12	29
0	7	90
0	3	91
0	14	91
3	38	91
8	13	30
1	23	90
2	6	91
3	13	91
0	9	90
15	16	47
0	13	91
0	6	91
0	10	89
1	5	76
1	8	91
0	37	91
2	5	32
4	8	33
0	12	91
0	11	90
0	10	91
0	8	90
0	7	89
4	6	28
0	6	90
2	13	91
1	2	91
0	5	90
0	1	22
2	7	21
6	9	25
5	5	24
3	9	90
4	6	24
0	28	90
0	7	84
5	11	43
0	9	89
0	11	91
2	7	23
0	9	91
0	14	91
11	4	33
0	11	91
0	10	91
6	7	33
1	4	23
1	8	34
1	12	91
0	7	91
0	14	91
0	13	91
14	13	43
21	36	91
8	7	32
7	7	26
8	8	32
8	6	28
7	7	29
10	5	31
8	7	29
0	13	91
0	9	91
0	3	91
0	5	90
0	12	91
3	13	90
2	8	91
2	5	23
17	22	55
0	22	91
2	9	90
1	10	91
2	5	21
9	14	32
10	14	34
0	10	91
0	10	90
4	9	23
0	12	89
0	13	91
1	4	22
6	11	65
0	8	91
23	25	88
1	8	90
1	11	91
4	3	25
6	4	91
0	5	33
6	7	27
1	19	91
0	10	91
5	6	29
0	12	91
24	24	55
29	29	91
0	12	91
0	11	91
3	9	91
2	22	90
2	8	23
5	5	25
0	10	90
0	5	91
0	18	91
3	9	90
0	6	91
0	5	90
0	15	91
21	27	91
18	26	90
24	33	91
8	11	30
1	8	91
1	16	91
1	11	91
0	13	91
2	6	22
0	7	90
0	8	91
0	5	91
0	7	90
0	10	91
5	5	21
0	8	91
4	15	90
0	11	91
0	8	91
0	6	91
0	8	91
7	6	25
9	7	36
10	15	65
8	12	39
10	20	90
2	5	90
0	15	91
0	12	91
14	13	42
2	6	20
0	9	90
0	12	89
0	5	21
2	4	22
0	-1	91
0	7	91
0	6	91
3	7	24
4	6	24
2	13	91
0	8	90
4	12	91
2	10	89
7	8	30
3	6	22
1	6	22
2	6	23
0	1	90
0	5	91
0	0	91
0	2	91
0	1	90
0	-1	76
0	1	90
0	2	79
0	-1	79
0	2	90
0	13	90
0	13	91
4	7	23
0	8	91
0	10	91
2	13	91
2	12	89
0	14	91
0	19	91
3	8	25
0	9	90
0	11	91
1	10	91
1	3	24
1	19	91
0	10	90
0	3	90
0	5	90
0	16	91
3	14	91
34	28	89
21	18	59
28	29	88
32	28	88
29	29	90
26	20	66
23	23	73
24	24	77
32	29	91
20	22	72
31	34	88
23	25	81
17	19	61
17	18	60
16	18	59
15	16	57
19	23	75
16	19	63
19	21	65
14	18	60
15	17	54
1	4	21
1	3	22
0	8	91
0	10	91
0	10	91
0	13	91
1	10	91
1	9	87
6	9	25
6	22	91
0	10	90
2	5	23
23	26	91
25	26	91
27	26	90
23	27	91
28	27	91
0	34	90
10	9	34
1	13	89
0	16	91
2	8	28
20	31	91
0	17	90
0	2	91
0	2	91
0	0	91
0	3	90
0	1	91
0	1	90
0	0	91
0	2	91
1	2	91
0	0	89
0	1	89
0	12	91
0	9	90
0	11	90
0	20	91
10	9	36
0	9	90
0	7	91
0	11	90
0	14	89
0	16	91
0	9	90
10	12	32
37	40	89
8	13	31
9	9	30
6	9	30
0	15	91
0	8	90
3	8	24
2	5	22
0	13	91
4	8	24
2	6	21
0	11	90
0	8	91
2	6	23
3	5	22
12	14	36
9	11	38
0	9	90
0	6	90
4	7	22
22	35	91
13	20	52
16	29	56
7	8	26
23	-1	91
4	5	25
0	12	91
4	40	90
0	11	89
0	5	90
0	12	91
3	7	31
0	9	91
0	14	91
0	11	90
1	9	89
5	7	23
0	9	91
0	10	91
9	14	31
9	13	32
0	14	91
0	12	79
8	10	43
3	7	22
3	8	24
0	8	91
10	11	35
6	9	30
20	26	91
8	9	30
0	13	91
0	11	79
1	11	89
3	12	91
0	13	90
0	15	90
6	9	27
0	9	90
0	9	91
0	9	91
0	10	91
0	7	68
1	6	68
0	25	90
3	7	23
11	13	43
0	10	64
0	10	68
22	27	91
0	8	91
0	10	90
6	8	25
0	11	90
0	7	91
0	7	91
5	8	24
6	10	25
3	8	91
0	6	91
2	12	89
0	12	90
0	12	91
0	27	90
0	7	88
0	14	91
1	10	90
2	3	91
2	3	91
0	11	90
0	6	91
0	20	91
0	11	91
0	7	90
0	15	91
1	9	89
0	6	90
0	9	91
0	10	91
6	11	26
10	11	35
3	4	23
2	10	89
1	-1	90
0	7	79
1	8	91
0	16	89
0	5	90
0	11	91
2	13	91
0	-1	64
0	5	91
0	3	46
0	5	91
2	8	91
3	8	30
2	4	31
0	12	88
1	10	90
0	10	91
0	11	90
0	8	91
0	13	91
0	10	91
0	10	90
0	8	90
3	9	35
6	11	28
3	2	24
5	7	23
28	32	91
8	8	29
1	-1	77
0	5	90
1	18	90
0	6	90
0	10	91
0	9	91
1	10	91
2	14	91
5	31	91
5	4	25
0	10	90
0	12	90
3	-1	91
6	8	25
0	11	81
0	11	91
0	13	90
4	8	91
2	6	90
0	9	91
0	8	91
2	9	71
0	2	21
2	5	24
0	4	91
0	10	91
5	9	26
0	9	90
3	9	90
0	33	91
3	12	90
2	14	90
3	7	23
0	2	20
1	27	91
6	6	25
1	9	90
2	12	91
3	5	23
0	6	60
9	14	32
9	13	33
8	13	31
0	13	91
0	13	91
0	4	20
3	7	21
3	8	25
3	7	24
3	11	24
4	9	25
12	13	37
12	14	37
11	13	36
8	12	33
1	10	90
0	2	91
0	6	89
7	6	24
4	6	22
1	3	21
1	5	30
2	7	23
6	40	90
8	12	30
0	8	90
0	9	91
6	11	29
5	7	26
8	7	27
14	17	38
10	10	31
5	6	29
8	10	28
4	9	23
3	9	26
0	11	91
0	9	90
10	13	31
3	4	22
4	6	22
7	8	26
9	8	28
9	11	32
8	11	31
7	9	27
17	17	55
3	29	91
5	28	91
3	29	91
5	29	91
4	30	91
10	13	34
7	11	30
8	12	32
3	6	24
8	31	91
5	8	27
6	9	26
6	9	25
7	8	24
0	12	91
0	11	91
4	9	24
4	8	23
6	10	27
7	12	29
2	9	90
3	8	22
0	9	90
0	7	90
0	10	90
0	8	91
0	11	90
0	9	91
0	13	90
6	8	25
6	14	31
5	9	25
7	14	59
0	10	90
0	9	90
3	6	23
5	6	24
0	7	87
7	8	23
0	3	61
2	5	21
0	21	90
1	12	88
2	10	91
0	8	90
0	14	91
7	12	27
0	5	91
2	8	25
3	7	23
1	17	91
13	24	90
4	16	77
6	7	23
0	17	91
0	10	91
0	10	91
0	14	90
0	19	89
1	6	22
1	4	20
0	9	91
2	9	90
0	11	88
0	11	91
5	10	25
3	4	22
3	6	25
15	18	49
7	12	40
1	7	91
1	7	90
0	6	90
0	8	87
0	9	90
0	11	91
5	8	25
5	7	26
4	6	24
3	6	23
6	8	27
0	9	90
8	11	31
5	23	91
13	18	50
0	11	91
0	11	90
5	12	31
4	9	24
3	6	24
4	5	22
0	10	90
1	12	91
0	13	91
0	13	91
8	10	28
0	11	91
2	12	91
1	3	21
13	-1	41
2	8	23
2	6	21
1	12	91
0	11	91
0	15	91
0	11	90
0	6	91
2	8	32
26	28	69
3	7	91
7	10	31
0	5	90
8	8	27
7	8	25
3	5	21
0	7	91
0	7	90
4	9	23
4	4	25
4	13	91
1	13	91
8	9	31
0	-1	89
9	10	41
2	7	22
8	11	34
0	10	91
0	8	87
10	15	31
0	8	87
7	13	34
12	12	38
3	2	91
1	4	90
2	5	91
5	10	24
4	6	22
0	2	86
2	1	87
0	0	90
0	1	91
0	9	91
10	12	33
0	15	91
0	18	90
7	12	36
8	10	32
1	12	46
7	11	32
9	14	31
0	8	91
0	12	91
3	4	21
1	6	91
0	8	90
3	9	25
7	12	29
5	9	25
3	5	24
12	12	33
3	5	24
0	15	90
0	-1	91
0	13	90
0	12	90
3	8	24
7	11	31
3	8	22
6	10	28
8	12	31
9	12	32
0	14	91
0	15	90
0	11	91
0	10	91
0	15	86
0	4	90
0	7	91
0	8	91
0	15	90
1	5	21
3	11	90
4	6	20
4	32	91
2	9	31
4	23	91
0	4	90
0	11	89
0	4	91
7	18	90
7	10	29
1	27	90
2	7	59
21	22	78
0	12	91
1	11	91
2	5	20
4	4	24
0	11	90
1	9	91
2	8	31
0	18	91
0	10	91
5	6	23
0	7	79
0	7	83
7	11	30
7	9	26
0	6	91
0	11	90
0	7	91
8	11	31
10	12	30
0	1	91
26	29	91
27	29	90
24	28	91
17	19	45
17	20	46
8	13	32
1	4	26
0	7	91
2	10	91
0	9	91
0	9	90
9	8	25
2	6	91
3	9	88
0	10	90
0	11	90
1	5	22
9	8	34
0	14	91
2	3	21
0	13	91
8	10	31
7	11	31
0	12	91
3	20	91
5	7	26
1	13	89
0	15	91
1	12	91
3	7	21
3	30	91
0	11	90
0	20	90
3	10	25
3	3	21
1	4	21
4	9	30
9	10	31
0	9	90
6	9	29
0	9	90
0	16	91
13	17	51
2	11	91
3	13	90
3	10	91
4	8	27
1	5	23
0	9	90
1	12	89
12	13	91
0	12	90
2	11	90
3	11	91
1	9	90
1	8	90
4	11	90
1	10	90
1	13	89
1	24	90
2	10	91
2	12	91
0	11	91
1	14	90
0	20	88
0	9	91
28	39	90
23	31	75
29	39	88
29	39	89
17	24	60
29	39	89
22	27	63
29	40	91
0	14	91
0	15	91
9	17	33
7	15	32
3	6	24
2	7	23
0	14	90
0	11	91
7	14	34
5	9	27
6	7	25
25	30	91
14	16	55
3	6	21
22	34	91
29	19	91
0	38	90
11	42	90
14	15	41
0	8	91
0	9	91
9	10	31
7	10	29
9	11	34
8	11	32
6	10	25
2	6	23
2	6	22
7	10	30
0	17	89
1	4	23
5	11	26
0	11	91
9	10	30
5	8	24
5	9	26
1	2	21
5	8	31
0	7	90
19	30	75
1	5	21
0	11	90
13	16	42
5	30	91
1	12	90
2	10	91
0	11	90
0	6	90
0	29	91
10	14	32
1	1	40
0	14	91
13	21	45
9	14	38
9	12	31
7	11	30
9	9	30
9	11	26
0	2	90
0	7	44
4	6	22
1	7	23
3	8	23
7	10	26
6	8	27
7	8	26
0	8	91
0	8	90
1	10	90
0	9	89
4	-1	91
5	-1	91
4	8	23
0	14	91
5	-1	91
0	23	91
0	8	90
5	10	29
0	9	91
0	9	91
6	13	28
1	6	91
4	6	50
15	16	50
3	6	24
0	9	90
0	10	91
0	5	73
18	41	91
5	9	30
1	5	91
5	10	25
3	5	21
1	12	91
3	10	89
1	2	20
6	3	26
4	8	26
25	40	91
39	-1	90
4	6	23
3	8	23
16	19	40
1	11	91
3	6	27
5	9	30
4	8	24
6	9	25
0	6	91
0	11	91
1	11	91
2	2	31
3	23	90
2	3	26
5	8	25
3	6	24
1	15	91
9	9	29
5	7	23
6	9	91
0	7	87
4	8	24
4	8	22
10	13	36
0	6	91
0	14	91
6	-1	91
6	-1	91
30	37	91
3	9	25
7	10	27
10	12	33
6	8	27
0	16	91
0	7	91
0	6	91
14	37	88
2	32	90
1	31	90
1	30	90
2	7	22
5	11	26
0	15	90
0	14	91
0	13	91
0	10	91
0	9	91
3	40	91
3	40	91
0	7	78
0	7	78
9	13	34
10	13	34
7	9	27
0	10	90
0	-1	91
0	11	91
6	14	32
0	9	89
0	9	57
0	8	57
1	11	89
1	17	91
0	9	91
23	31	90
4	6	24
3	14	91
9	18	91
0	12	90
0	6	90
5	10	27
5	11	30
2	39	91
0	3	20
0	9	78
0	7	91
0	12	91
0	11	91
0	14	91
2	6	22
4	9	25
1	13	91
0	14	91
7	13	31
3	7	29
0	-1	90
0	8	91
0	9	91
2	8	91
3	7	28
0	6	41
1	11	85
21	34	91
22	41	89
0	11	91
0	11	90
4	2	33
2	9	91
3	8	91
2	4	21
7	10	26
0	6	91
0	8	91
7	9	27
0	7	90
0	6	90
2	2	31
4	18	91
0	5	91
0	8	43
0	7	37
0	10	37
0	8	39
1	3	91
10	13	36
1	2	21
0	8	91
0	12	89
1	13	89
29	31	91
27	31	90
26	29	91
27	30	91
26	28	86
30	32	91
4	12	28
0	5	90
0	9	91
1	4	21
0	10	91
0	10	91
0	13	62
0	12	91
0	-1	90
4	19	91
6	15	91
4	13	91
5	14	90
0	9	90
4	11	89
0	8	90
1	9	89
0	8	91
0	15	91
16	18	41
0	9	91
0	7	90
0	8	91
2	3	23
1	11	76
1	9	76
7	9	29
9	10	31
8	10	26
0	14	91
0	13	91
7	12	28
0	19	91
1	5	21
7	10	32
1	8	91
0	6	91
19	22	53
0	22	91
0	6	91
0	8	90
1	37	90
0	38	89
2	37	90
3	38	90
3	8	23
0	13	88
0	10	90
8	15	34
9	11	33
10	10	32
29	27	91
1	6	32
0	18	91
0	10	91
0	-1	85
0	10	78
8	8	35
5	7	27
13	15	37
0	9	91
0	5	91
0	12	91
0	14	89
3	46	91
2	9	90
2	6	34
0	9	90
14	15	48
0	7	91
0	13	91
3	7	25
3	8	24
0	11	87
8	12	28
6	10	27
5	9	26
18	35	61
14	27	49
6	12	29
6	11	25
7	10	26
22	36	87
0	11	90
12	12	47
3	9	25
8	10	27
3	8	21
9	13	35
8	12	31
2	6	21
1	6	91
1	9	91
2	7	21
5	5	24
1	9	79
8	14	30
3	5	22
7	9	30
4	5	21
27	40	91
4	7	31
19	27	91
1	4	21
0	8	90
1	15	91
8	20	52
2	6	21
0	8	91
0	8	91
0	14	90
0	11	90
0	17	91
0	9	90
7	12	25
7	11	27
2	5	24
11	14	41
0	10	91
0	9	90
1	3	20
6	8	24
0	0	90
28	29	90
30	30	91
29	30	91
0	0	90
29	29	90
0	0	90
28	30	91
5	7	23
0	8	90
7	12	31
5	11	26
5	9	27
0	10	91
6	8	27
10	12	37
0	12	90
0	10	90
0	9	91
5	7	26
5	5	28
1	5	20
2	23	91
1	24	90
3	6	22
38	24	91
8	11	33
2	7	23
5	8	33
3	10	89
4	12	91
0	-1	90
0	0	70
4	7	22
0	4	90
1	13	91
3	15	91
4	15	91
7	13	30
0	12	91
6	6	26
0	8	82
6	9	27
7	9	27
0	13	91
4	5	23
1	9	90
36	35	90
0	5	91
0	16	91
0	13	91
3	8	22
3	4	24
3	4	36
10	14	35
10	14	32
0	9	91
0	9	90
0	6	91
1	6	33
2	3	24
1	4	21
7	7	25
0	8	90
0	8	91
0	3	30
7	9	32
0	5	90
1	16	90
0	3	91
0	3	91
0	3	91
7	10	27
4	8	29
0	12	91
0	12	91
7	12	31
3	21	91
5	8	23
0	15	91
0	12	90
1	10	91
8	12	33
5	8	26
4	7	24
1	22	91
1	11	90
1	7	91
8	11	28
13	22	37
5	9	27
7	6	26
2	8	91
1	7	91
0	5	91
0	13	89
0	7	91
6	9	30
4	6	20
3	4	24
0	16	91
0	15	91
10	14	91
5	12	24
0	7	90
0	-1	90
0	11	90
1	4	22
1	9	91
1	8	90
6	26	90
3	-1	91
2	16	90
14	16	41
3	4	29
6	8	28
4	13	91
2	14	91
2	4	23
0	-1	91
0	9	90
0	8	91
0	8	90
2	11	90
24	30	91
6	7	27
0	10	90
0	16	91
0	11	91
0	10	90
7	10	29
7	9	28
17	33	91
0	6	91
0	18	90
8	12	31
1	-1	90
0	14	91
0	7	91
0	10	91
0	10	90
0	13	89
20	24	91
2	21	91
3	6	23
0	12	90
0	7	91
26	24	91
0	10	91
0	3	91
3	7	24
0	6	91
0	7	88
1	20	91
0	8	90
22	27	91
2	9	90
3	11	89
0	11	90
0	12	90
1	12	91
18	41	90
1	10	91
2	12	91
6	12	25
13	22	52
0	8	85
0	11	90
4	6	24
3	5	24
0	7	91
0	5	89
0	6	91
0	3	91
10	11	42
2	6	91
2	15	91
1	16	91
26	29	89
0	11	91
7	7	25
1	9	90
0	12	90
0	11	91
0	12	91
0	7	88
0	9	91
0	8	89
0	13	91
0	11	91
5	8	25
10	11	40
6	9	25
5	9	25
3	14	91
3	11	91
1	9	91
0	17	89
2	13	90
4	8	24
0	9	90
0	6	91
0	8	87
5	31	90
17	18	45
0	7	90
0	6	91
2	6	22
0	8	90
0	8	91
24	43	90
10	11	32
7	10	32
2	2	23
1	11	79
9	12	28
0	6	90
0	7	91
0	8	91
4	6	23
6	9	25
0	12	91
0	12	91
3	5	23
5	7	23
0	20	91
6	9	26
4	6	22
0	9	91
0	8	91
0	10	91
1	9	89
3	6	22
2	4	26
9	13	33
8	10	31
0	10	90
1	15	91
0	9	91
0	10	90
2	6	21
4	6	23
5	20	91
3	11	91
7	13	28
8	11	26
1	14	91
0	8	91
3	8	26
9	14	32
10	12	32
8	12	31
9	12	30
8	11	29
1	13	91
2	10	91
6	6	28
3	4	25
5	7	24
5	9	26
1	4	90
11	13	32
8	9	26
7	11	25
0	9	90
0	3	20
1	13	90
1	6	91
1	8	90
8	9	31
0	16	91
0	6	91
7	9	26
0	10	90
0	1	86
0	7	90
0	1	91
1	2	91
9	12	29
1	9	91
0	9	91
0	10	91
0	6	90
1	3	65
0	4	65
6	12	27
13	19	44
0	12	91
12	14	33
2	6	20
8	11	28
0	9	90
9	13	30
3	8	23
0	5	90
1	-1	90
2	4	24
0	8	90
1	11	91
0	10	91
0	15	91
0	13	91
7	9	26
3	12	90
2	6	91
1	4	87
1	15	91
0	7	89
0	7	91
0	7	91
0	10	91
0	11	90
6	11	31
8	11	32
0	6	90
2	11	90
7	12	31
0	8	90
2	9	91
0	-1	91
1	2	25
7	35	91
3	34	91
0	12	91
2	7	28
0	10	90
0	11	91
0	12	90
2	8	21
0	11	90
0	10	91
0	-1	90
0	6	91
9	10	32
2	6	23
0	2	23
0	4	23
1	6	22
0	10	88
0	10	91
0	9	90
0	5	50
0	8	91
7	9	23
2	5	22
0	11	89
0	13	90
8	9	25
0	10	90
0	7	91
0	11	91
0	9	91
13	16	34
0	10	90
0	11	91
2	5	21
0	9	91
0	7	91
9	9	32
7	8	30
8	9	31
9	10	31
0	9	91
2	11	91
1	10	90
0	6	90
0	9	91
3	14	91
0	9	91
1	9	91
1	4	22
5	8	23
4	11	30
0	16	90
0	7	90
0	11	91
9	12	44
1	8	87
0	5	90
5	10	91
3	12	89
0	6	90
0	5	88
8	7	26
3	9	25
1	38	91
0	-1	91
1	38	91
0	12	90
0	10	91
0	13	90
0	37	90
0	17	91
0	-1	91
3	13	91
2	21	91
21	22	74
9	10	31
5	11	91
2	6	90
5	8	24
5	7	25
6	9	25
6	9	24
30	36	76
0	20	90
4	12	90
1	2	21
4	8	24
2	7	22
3	7	22
7	10	31
7	12	30
0	9	91
0	8	90
19	45	88
9	10	34
5	9	31
0	7	91
0	11	91
0	11	91
0	14	91
2	12	90
3	7	90
1	7	89
0	9	90
0	21	89
0	11	91
0	9	91
0	9	91
0	8	91
0	20	90
4	10	30
7	6	25
4	7	24
3	7	24
0	12	91
0	10	91
0	13	91
0	14	91
0	15	89
0	9	88
5	10	90
0	12	90
0	9	90
0	3	91
0	17	91
0	13	91
1	4	21
0	6	90
1	8	90
6	9	26
0	11	91
0	7	90
0	11	90
34	24	90
7	8	26
27	28	91
28	29	90
2	9	90
0	8	91
0	7	90
28	35	91
0	11	91
1	3	24
0	4	23
9	11	27
8	12	26
3	7	25
3	9	25
2	6	21
2	6	22
4	7	24
5	9	24
8	-1	91
3	7	22
21	37	91
1	5	90
1	14	88
2	14	90
3	11	89
3	9	91
0	4	90
0	15	91
4	11	90
2	-1	91
8	10	91
0	4	55
4	6	23
0	8	90
5	7	26
10	8	31
9	10	33
19	27	90
4	10	91
5	8	26
0	14	91
0	11	90
14	16	48
18	22	46
24	25	59
1	8	22
9	12	30
9	11	30
0	10	91
0	8	91
3	4	23
6	9	28
0	-1	44
0	13	74
0	8	91
0	6	32
4	-1	91
9	10	32
0	15	82
0	16	82
0	9	91
0	5	91
5	8	24
4	9	24
6	8	25
9	9	30
0	22	91
33	30	87
17	20	53
1	6	22
0	10	89
1	11	90
6	9	32
9	12	33
9	12	31
11	13	33
2	4	21
0	10	91
12	34	76
0	5	91
0	9	90
2	7	23
3	7	21
1	10	90
0	8	91
2	8	91
0	5	90
4	6	62
1	-1	90
0	8	90
1	12	90
0	11	91
3	4	21
4	5	23
0	11	91
0	12	90
0	5	21
0	10	91
0	10	91
35	38	90
0	-1	90
0	12	88
1	4	30
0	15	89
6	9	24
6	8	27
3	8	21
35	38	90
1	3	25
28	30	90
3	7	24
6	9	28
1	5	24
0	3	23
0	2	21
0	15	91
0	9	91
3	7	24
0	34	89
0	9	90
1	3	87
0	2	90
2	1	91
1	1	91
0	1	87
0	5	91
0	2	91
1	1	91
0	2	91
0	1	91
1	1	91
0	1	89
1	2	91
1	2	91
1	2	91
1	2	91
1	2	91
3	2	90
1	2	75
0	2	56
14	12	47
0	9	91
6	4	25
5	21	91
5	7	30
2	3	21
5	7	25
1	11	91
0	10	89
3	8	24
5	10	26
0	7	91
0	10	90
0	13	91
0	12	90
0	11	91
0	12	91
0	-1	90
0	10	91
4	8	23
10	12	36
0	9	90
0	12	89
10	15	28
1	9	91
1	11	90
26	34	91
17	20	56
0	6	52
0	7	52
2	6	23
5	8	24
0	6	90
0	2	91
2	5	21
0	7	91
0	3	90
0	12	90
0	9	91
0	3	91
0	3	91
6	11	26
2	6	23
0	0	91
3	13	90
2	13	91
2	7	21
4	11	26
0	9	91
0	8	90
0	8	90
0	18	91
0	10	90
3	6	23
0	3	91
0	2	91
8	9	30
0	5	91
3	5	23
0	6	91
0	14	91
0	-1	91
6	10	28
0	7	90
12	15	87
0	11	91
0	13	91
6	11	27
0	3	79
0	3	79
6	10	26
2	12	90
5	15	90
2	8	90
8	9	30
0	15	91
0	10	90
0	14	91
0	6	91
1	10	90
0	2	22
1	1	21
3	7	24
7	8	46
0	8	90
3	7	23
0	5	89
0	6	88
6	6	31
8	10	27
8	9	31
0	13	91
0	7	90
16	-1	88
2	6	22
2	13	90
4	13	90
2	9	89
4	6	24
5	8	30
0	11	91
0	10	90
0	11	89
0	12	90
0	20	91
27	35	90
0	15	90
0	8	89
21	39	90
1	4	91
1	6	90
8	10	31
4	4	25
4	7	30
0	6	90
0	10	91
5	9	28
8	11	30
20	25	91
3	6	21
0	5	90
0	11	91
4	7	25
0	8	90
0	8	91
0	10	91
2	11	91
26	30	71
1	6	91
0	11	90
0	11	91
0	-1	89
0	21	91
0	14	90
7	10	37
0	1	90
0	1	91
2	11	66
2	8	24
0	7	91
0	27	91
8	13	32
5	14	91
4	-1	91
1	15	91
0	6	91
0	14	90
1	9	91
3	7	22
0	13	90
0	15	90
2	3	21
0	7	90
0	8	90
1	5	21
0	11	90
0	9	91
9	12	33
0	11	90
3	14	90
7	13	38
0	7	91
0	9	91
0	12	90
7	10	34
2	9	25
3	6	24
3	7	22
6	6	91
0	11	91
5	9	24
0	13	88
8	14	37
3	4	23
14	26	58
1	10	90
19	22	56
15	18	50
1	9	91
0	8	90
0	5	90
6	9	29
24	23	91
2	6	22
0	17	90
0	11	91
0	13	89
0	18	90
4	35	91
6	8	24
7	9	32
7	8	26
5	23	90
0	11	91
10	11	32
2	12	91
4	6	23
4	24	91
0	-1	90
1	3	27
0	13	91
2	7	22
0	6	90
0	9	90
30	24	91
29	28	91
27	26	91
27	24	91
29	25	90
27	25	91
26	23	84
24	23	85
26	21	86
14	12	51
29	24	90
29	25	91
28	23	85
30	26	91
30	26	91
28	26	91
28	25	91
30	25	91
16	14	51
10	12	35
0	12	90
0	6	91
2	6	22
2	11	90
2	11	91
0	11	90
3	12	89
3	11	90
4	5	91
1	4	22
0	11	90
0	6	89
0	7	91
0	5	90
1	9	91
8	12	32
4	5	44
13	17	55
9	12	37
4	13	91
1	10	91
4	8	90
1	5	91
1	4	67
6	9	25
1	6	20
3	6	25
7	8	28
0	10	91
1	10	91
6	8	26
7	9	28
4	7	32
1	9	91
0	6	91
2	5	20
3	13	89
2	5	23
4	9	26
3	9	90
1	8	91
0	8	91
0	7	91
0	9	91
5	8	31
0	10	91
0	6	91
7	11	33
6	9	26
7	10	26
5	10	25
7	11	31
0	18	85
0	14	91
0	16	91
3	6	25
3	4	23
0	7	91
8	12	34
0	12	91
0	8	91
22	24	61
16	19	60
8	9	91
0	7	89
0	11	91
6	10	30
0	15	91
0	9	91
0	7	91
0	9	90
0	4	90
1	22	90
3	7	22
0	11	91
0	1	91
1	1	90
0	11	91
0	13	90
0	9	87
0	13	91
0	8	88
0	15	90
0	12	91
0	9	58
4	5	26
12	12	91
4	5	22
0	11	90
0	0	91
1	2	91
0	0	91
0	1	88
0	1	91
0	0	91
0	0	91
0	0	89
0	0	91
1	1	91
0	0	78
0	0	90
0	0	91
0	0	91
0	0	73
0	0	76
0	0	82
0	0	91
0	0	72
0	0	88
0	0	61
0	0	90
0	0	84
2	2	91
0	0	81
0	0	91
0	0	91
0	13	91
0	12	90
4	9	25
6	9	26
5	8	25
2	2	22
4	5	23
4	7	24
0	12	91
4	6	25
0	11	91
0	11	90
5	8	27
8	12	34
6	9	24
9	16	62
3	6	24
1	5	20
0	13	91
7	9	24
0	11	90
0	12	91
8	9	29
31	35	91
0	3	91
0	4	91
0	5	90
4	7	25
6	13	31
10	12	43
0	-1	89
12	12	61
20	25	90
20	27	91
31	23	91
11	16	36
13	17	40
14	18	39
14	19	45
12	16	39
13	16	38
12	16	38
13	17	38
13	17	41
11	16	37
13	17	39
12	16	38
11	15	36
10	15	33
3	5	20
0	14	88
1	14	90
0	15	91
2	8	91
18	19	45
0	16	91
0	16	90
23	28	91
27	29	91
25	30	91
0	5	91
0	7	90
0	10	91
0	13	91
29	29	91
28	30	91
28	30	90
28	30	91
25	31	91
28	30	90
28	32	91
23	29	81
26	37	91
27	31	91
28	30	91
31	-1	91
30	31	91
28	30	91
0	10	91
0	11	91
0	8	89
1	9	91
1	8	91
0	10	91
0	10	90
7	10	28
7	9	26
2	6	25
0	12	90
11	13	38
0	2	90
0	1	90
0	12	91
8	10	31
1	15	91
1	3	22
4	6	22
2	5	20
0	8	91
0	14	90
7	10	27
0	10	91
0	11	90
0	6	90
6	5	24
7	9	33
0	7	90
3	7	25
1	11	89
2	12	91
1	6	91
1	13	91
1	4	22
2	10	91
2	9	77
1	4	22
0	13	91
3	6	22
5	7	23
5	9	26
3	9	25
0	5	90
0	7	88
0	10	90
0	6	90
2	15	91
1	2	90
5	15	91
2	4	21
25	26	91
0	18	91
0	11	90
0	6	44
0	16	91
0	10	91
2	5	22
12	15	38
6	8	26
7	15	34
11	14	35
10	12	32
0	5	89
0	11	91
0	-1	91
0	8	90
2	7	89
2	5	22
12	8	37
0	23	91
3	10	90
0	11	91
0	18	91
7	8	28
0	3	80
0	2	21
5	4	34
1	7	91
0	10	91
0	8	91
18	23	91
18	23	91
26	25	91
0	12	91
1	8	91
6	10	26
1	3	24
1	3	33
6	6	26
3	6	21
0	18	90
20	29	69
2	12	90
1	12	90
19	-1	51
0	11	90
24	29	90
0	16	91
0	13	90
0	4	69
0	9	90
0	14	91
2	7	21
6	8	29
12	10	35
0	10	91
0	16	91
0	7	90
0	14	91
2	6	21
5	6	26
2	9	91
0	8	89
2	15	90
28	26	91
27	23	91
0	12	90
0	10	91
0	13	90
0	10	90
20	26	72
3	16	91
2	6	91
0	10	91
0	9	90
3	7	22
36	-1	91
12	11	41
0	7	91
4	8	25
0	2	90
3	6	23
1	-1	91
1	-1	90
17	17	45
0	20	90
3	11	91
6	10	26
2	5	21
0	10	91
1	12	91
0	5	90
0	14	91
0	8	90
0	12	91
1	8	91
1	5	91
0	16	91
0	14	91
2	8	90
3	12	91
6	15	90
0	12	91
8	10	28
0	12	90
0	9	91
6	7	26
8	10	25
8	10	29
5	11	24
5	11	37
4	7	23
0	9	90
6	11	30
5	11	29
5	8	24
33	43	91
32	-1	91
2	5	22
35	25	91
7	8	26
8	9	28
8	9	27
0	10	91
0	9	90
6	7	22
10	14	34
5	7	24
2	6	21
0	12	90
3	7	22
5	10	26
8	13	30
0	10	90
0	13	91
4	8	24
9	12	30
2	7	23
0	15	91
0	18	91
25	31	70
0	11	91
0	8	91
6	11	27
3	8	90
5	14	90
6	8	32
6	6	25
0	7	90
1	12	90
2	7	90
1	12	91
1	8	90
2	13	91
0	14	54
1	16	91
0	12	91
0	11	89
0	14	91
7	5	29
3	7	26
7	10	35
8	12	29
7	10	27
0	13	90
10	12	33
8	11	27
6	11	31
7	11	27
1	7	22
4	8	26
27	30	67
21	21	48
21	25	56
0	4	90
0	4	21
0	6	91
0	9	91
3	6	20
2	17	91
7	24	91
3	8	24
4	8	24
2	6	24
1	6	91
2	13	90
0	3	90
0	21	91
1	4	21
0	5	91
0	10	91
0	9	91
0	9	91
0	11	91
0	7	91
3	12	28
1	4	24
0	4	23
1	4	22
9	27	90
0	9	91
0	10	91
21	23	61
2	7	22
1	13	91
0	9	91
1	11	90
0	9	91
0	10	91
5	10	27
0	11	74
6	16	91
7	17	91
5	9	24
20	29	77
0	6	91
11	14	39
12	14	39
10	15	39
11	13	37
11	15	40
11	15	38
12	14	36
12	14	38
21	22	51
0	10	91
0	8	79
0	28	90
4	6	24
0	8	90
0	9	91
0	18	90
8	9	25
0	12	90
0	3	42
17	17	44
3	5	22
0	17	91
0	15	91
6	8	28
7	13	91
2	5	21
1	10	91
3	11	90
0	12	91
0	8	91
1	8	89
0	5	91
28	30	91
21	31	90
25	30	91
29	30	91
1	4	23
20	19	64
4	3	23
7	14	90
1	3	91
0	8	90
0	8	91
0	6	91
1	10	91
5	5	23
5	13	33
0	14	89
2	15	90
7	7	26
25	32	90
25	32	91
23	31	89
30	32	91
13	17	39
0	21	90
0	12	91
0	-1	91
0	8	89
0	9	90
2	4	20
0	10	91
0	16	90
6	9	30
0	10	91
0	7	91
0	9	90
0	12	91
0	11	91
8	9	27
0	16	90
1	5	90
0	11	90
0	11	91
0	9	91
1	9	91
0	5	20
0	3	91
0	11	90
0	12	91
0	11	85
0	10	91
2	13	91
3	13	91
21	25	82
0	5	91
27	30	91
26	30	90
27	29	91
27	28	87
28	29	91
30	30	91
25	30	91
29	29	90
28	28	91
24	29	90
30	29	89
1	3	22
2	6	26
1	9	90
2	3	23
6	7	25
0	11	91
0	12	91
30	30	91
26	30	91
27	27	84
27	29	90
24	29	91
28	30	91
29	30	90
27	31	90
27	31	91
0	11	90
0	12	91
2	5	22
0	2	90
1	5	21
5	9	30
0	7	91
0	12	90
0	6	91
0	9	89
2	16	90
1	10	90
0	9	91
0	9	90
0	12	91
9	10	33
5	10	28
1	2	22
1	3	20
0	12	91
0	9	90
9	12	35
10	15	35
3	8	22
0	9	91
0	28	90
0	10	91
0	10	90
3	6	23
7	9	26
5	8	23
23	40	76
0	22	91
7	8	31
5	7	27
0	8	90
0	8	91
0	9	91
1	14	91
0	14	88
0	12	89
1	6	20
9	12	38
1	10	90
0	7	91
6	7	28
0	17	90
1	14	91
5	7	24
3	7	21
4	18	90
23	-1	91
17	20	44
6	7	25
7	9	26
3	6	24
8	14	45
0	10	91
0	11	90
8	9	40
6	11	28
9	12	35
2	5	20
12	14	38
13	17	40
11	19	40
3	5	22
1	4	21
6	8	24
3	7	91
1	10	91
6	8	26
0	10	89
0	4	91
4	12	84
0	12	91
0	11	91
10	14	36
11	13	37
10	12	35
0	11	91
1	35	89
0	10	90
0	9	90
0	14	90
9	9	25
0	8	91
0	-1	83
0	8	90
7	11	30
0	9	91
0	12	91
0	13	91
0	11	89
0	8	91
0	12	91
0	9	88
0	11	91
0	7	90
0	13	90
20	30	91
2	7	21
0	13	90
3	9	90
0	12	91
8	11	30
0	10	90
0	11	91
0	14	90
7	7	32
6	7	26
0	10	90
0	15	91
0	16	91
0	15	91
1	2	22
5	9	25
1	3	21
1	10	91
6	11	27
4	5	23
4	6	23
1	6	91
2	9	91
3	9	90
1	7	90
5	12	90
4	14	91
0	8	90
0	8	91
3	6	26
0	8	90
0	9	90
4	8	35
0	12	90
0	8	91
0	13	90
0	11	91
5	7	26
0	11	91
0	15	91
0	8	91
0	10	91
0	8	90
6	15	91
1	12	38
0	8	91
1	6	91
29	42	91
0	2	24
22	36	89
1	8	49
2	18	90
2	6	21
7	10	28
0	14	90
1	24	90
0	11	90
0	8	91
10	13	35
10	13	35
9	13	36
9	13	33
8	11	31
8	13	33
8	11	30
34	39	91
0	6	91
0	15	91
0	9	89
3	16	90
23	30	91
7	-1	90
5	19	91
26	30	91
22	21	72
0	11	91
0	11	90
1	9	91
2	20	91
7	10	27
0	10	89
0	8	91
4	12	75
4	11	75
5	15	90
2	11	91
4	9	56
4	10	56
0	9	91
0	25	90
0	1	32
5	8	24
5	9	25
8	8	28
0	16	91
0	14	90
3	5	21
0	23	88
0	34	91
0	9	90
0	5	87
0	5	91
0	-1	91
7	7	27
6	6	26
0	7	91
0	9	89
6	10	26
0	8	90
0	10	91
4	3	22
6	8	33
4	6	24
5	8	27
5	7	25
6	15	38
15	19	52
17	23	50
0	3	91
6	7	24
0	15	91
0	6	91
8	12	32
0	20	90
1	6	21
2	7	22
8	11	33
12	15	34
23	41	91
8	16	41
0	33	90
5	12	27
1	10	91
0	13	90
0	8	91
0	9	91
6	15	29
4	7	25
1	4	27
5	8	27
4	42	91
7	12	30
0	9	89
0	7	91
0	8	90
0	11	91
0	8	90
5	7	23
6	10	24
0	17	90
6	8	26
1	-1	91
0	7	91
0	14	91
0	16	91
8	8	30
0	21	90
9	9	27
4	8	25
0	2	21
0	10	90
1	23	91
2	24	91
25	41	90
0	7	91
0	6	91
0	11	90
3	5	20
1	5	21
3	8	24
6	11	29
6	6	23
2	8	23
4	8	25
9	11	30
2	5	22
6	10	28
3	7	25
26	52	91
0	8	91
0	11	90
1	5	22
9	10	29
0	9	90
9	14	34
0	20	75
3	5	22
5	11	25
0	2	73
10	13	35
0	19	91
0	32	91
1	9	90
0	10	90
5	9	24
2	4	22
21	29	89
6	13	91
3	12	91
2	14	91
3	8	24
0	7	90
0	16	90
1	13	91
0	10	91
3	13	90
1	7	90
0	20	91
0	20	91
0	8	90
0	7	91
0	17	90
0	12	87
0	21	90
0	4	21
0	10	91
0	9	91
1	20	91
0	21	91
0	22	91
3	6	21
7	8	28
0	10	90
0	11	91
3	6	21
6	7	26
7	10	26
1	22	91
0	11	90
0	12	91
5	8	25
0	25	91
1	-1	91
0	16	91
0	6	91
0	6	89
5	23	91
0	9	91
0	10	90
0	17	89
0	9	91
0	19	90
0	13	89
0	3	22
0	3	23
4	6	23
0	16	91
24	26	64
30	39	91
0	21	91
5	8	25
12	15	38
3	14	90
4	12	91
3	8	23
19	21	52
19	21	63
10	13	37
2	1	22
4	7	22
0	2	90
2	6	21
0	11	91
10	16	34
8	12	32
5	7	26
3	6	22
4	5	22
8	15	30
7	11	30
0	11	91
0	11	90
9	13	36
3	7	23
2	7	25
3	7	23
4	10	24
8	10	27
6	11	25
0	10	91
0	6	87
4	9	90
2	8	91
2	9	90
2	9	90
3	-1	90
0	1	90
0	1	91
7	7	25
9	10	34
2	6	24
0	14	91
11	16	33
8	13	33
6	9	25
6	8	23
5	10	29
0	5	91
1	4	90
2	6	91
2	23	91
4	12	90
7	11	33
7	9	26
1	13	90
7	14	33
5	10	24
0	13	91
0	16	90
0	11	90
8	14	35
0	13	91
1	15	90
7	9	28
7	9	30
0	10	91
0	25	90
0	8	91
2	5	21
9	13	34
2	3	22
1	5	20
8	11	33
8	12	31
10	17	30
0	13	91
0	6	90
0	9	91
0	17	90
7	9	23
0	27	90
3	13	90
4	7	23
11	13	33
9	12	31
10	15	28
2	8	22
2	10	89
2	18	90
2	6	23
0	10	90
0	12	91
16	21	68
6	7	25
3	6	21
1	-1	91
1	2	21
4	9	24
1	9	90
0	17	91
0	13	90
0	13	90
0	6	69
0	21	90
0	31	91
0	5	90
0	6	90
0	11	91
0	13	91
0	11	91
0	13	91
0	8	89
3	6	23
0	11	91
2	5	26
7	11	31
4	10	25
0	9	90
10	12	75
9	9	65
7	11	33
2	5	20
24	30	91
0	9	90
7	11	31
4	10	32
8	10	32
0	11	91
9	29	91
5	38	90
2	4	24
3	11	91
1	6	20
26	25	91
0	19	90
2	6	31
5	10	25
8	26	91
1	5	20
2	5	22
3	12	91
3	12	91
6	8	24
3	6	24
25	37	91
0	21	90
3	11	27
5	8	28
0	14	88
0	-1	90
4	5	25
0	16	90
0	7	91
28	27	91
0	13	91
0	6	90
0	8	91
6	10	24
16	15	38
1	15	91
0	5	91
12	12	48
7	14	33
5	14	27
6	22	90
0	7	91
0	11	90
0	10	89
24	32	91
0	6	91
0	11	90
0	10	91
3	13	90
2	11	91
0	7	90
14	-1	55
2	7	90
2	11	91
3	5	23
0	5	90
3	8	23
0	-1	91
5	9	25
19	19	48
1	12	89
1	10	91
1	6	90
1	6	91
7	14	27
9	14	32
8	14	33
0	7	91
0	8	91
0	14	91
0	10	91
2	6	21
9	10	30
6	9	26
18	29	77
9	11	36
0	13	91
3	25	91
2	11	90
1	8	90
0	36	90
4	7	22
1	3	90
0	13	90
0	11	91
9	12	30
0	12	91
0	12	90
3	5	21
5	12	29
2	12	70
2	12	70
1	12	88
0	4	91
8	11	25
3	5	22
2	7	22
2	5	21
0	11	90
0	10	91
0	12	90
0	14	91
13	13	39
7	9	29
8	12	33
6	31	91
7	11	32
8	11	31
7	8	30
2	6	21
16	15	55
0	12	91
4	7	23
1	11	91
0	11	91
7	10	26
8	13	30
4	7	29
3	6	25
1	7	78
0	6	78
3	10	22
2	18	91
2	11	91
7	9	31
1	7	23
8	9	31
6	8	25
0	9	90
3	5	24
5	11	28
0	7	90
0	15	91
0	6	22
0	12	90
0	11	91
0	8	91
0	9	90
28	55	90
29	53	90
0	11	89
0	10	89
10	11	29
8	11	28
2	5	25
0	16	91
6	11	31
5	11	25
9	14	29
0	5	91
0	10	90
0	7	91
0	10	91
0	15	91
0	10	90
0	4	91
20	45	90
0	7	90
2	6	91
0	11	90
7	10	27
5	11	26
7	10	27
16	19	50
23	40	91
0	8	90
4	7	25
0	13	91
0	11	90
0	7	91
0	6	91
7	12	30
7	8	27
3	9	23
5	5	26
5	8	25
6	7	26
10	10	35
6	8	25
18	24	59
22	23	62
5	25	90
6	7	33
26	19	90
26	18	91
23	20	91
24	20	91
21	21	91
20	18	91
6	5	24
5	9	28
19	30	88
5	10	25
2	6	23
7	11	25
16	20	62
8	11	31
3	8	23
7	12	30
10	14	35
10	12	34
9	13	37
0	10	90
0	10	89
5	10	28
1	18	90
1	11	72
1	37	91
0	10	90
0	15	91
6	8	25
7	9	25
10	13	32
2	8	90
4	21	91
8	11	34
0	9	90
0	13	91
0	7	91
0	9	91
1	5	90
0	13	90
3	26	56
3	7	22
0	13	90
7	10	31
4	7	24
1	4	66
0	10	91
0	10	91
0	10	87
7	8	26
1	3	21
1	15	91
0	11	90
4	19	91
1	9	91
0	6	91
0	3	90
0	6	91
1	4	91
1	10	91
0	2	91
0	4	90
1	6	90
3	4	90
1	2	91
0	5	90
0	5	21
8	10	25
8	11	28
7	12	31
0	-1	70
0	6	91
0	8	90
0	7	91
4	11	25
0	20	91
9	11	29
7	9	26
31	33	76
5	11	25
0	8	91
0	14	91
0	8	91
3	8	23
0	4	90
0	8	89
4	5	22
2	6	21
3	11	31
0	35	87
1	10	91
10	13	35
8	10	30
5	7	25
0	5	89
0	10	90
0	10	89
2	25	91
0	18	90
1	6	22
1	5	21
11	16	31
2	11	27
4	7	25
7	10	28
33	34	91
0	21	90
3	26	90
0	5	91
0	4	50
1	10	91
0	12	91
0	10	90
0	11	90
0	10	91
11	11	37
8	10	25
2	6	21
4	8	24
2	9	25
2	7	21
0	7	90
6	10	27
12	24	91
4	8	23
0	7	91
0	9	91
1	6	20
7	12	27
5	8	26
10	17	37
10	17	36
4	11	31
3	6	22
3	7	23
0	5	91
0	3	90
0	4	23
8	10	28
0	11	91
3	5	31
1	5	21
8	12	31
8	9	32
2	5	21
4	8	25
22	37	69
22	35	67
0	18	91
6	8	26
6	9	26
5	9	26
5	9	26
7	-1	91
15	21	52
8	11	31
7	13	34
0	8	91
2	3	24
6	8	26
28	-1	91
28	-1	90
23	33	76
5	9	24
0	20	91
1	6	21
0	9	90
0	12	91
0	5	91
6	8	27
0	21	91
2	6	21
3	7	23
3	8	23
0	17	90
0	15	91
3	7	26
0	5	91
0	14	91
0	18	90
0	37	90
0	37	90
0	-1	90
6	8	29
0	13	91
0	27	90
0	9	91
9	12	33
1	4	42
1	9	91
2	3	22
10	11	36
1	-1	91
2	13	91
0	6	91
0	8	90
3	7	22
0	12	91
0	10	91
0	9	90
0	11	90
0	8	90
1	3	21
8	7	30
0	17	90
2	10	91
3	11	91
2	6	21
0	6	87
0	9	91
0	5	91
0	12	91
0	6	90
0	12	91
0	11	90
0	10	91
1	6	25
4	5	26
0	6	90
0	7	91
24	25	91
22	29	91
0	12	91
1	28	91
1	11	91
0	8	91
2	7	24
0	30	90
1	5	20
0	13	90
0	12	91
0	6	91
0	6	90
0	7	90
1	7	90
0	25	89
2	6	22
4	12	91
3	10	90
1	12	91
0	10	90
0	11	90
0	14	91
4	7	23
3	7	22
1	20	91
0	9	91
0	7	91
0	7	91
11	14	41
7	10	26
0	8	91
6	7	24
3	10	23
5	8	44
0	10	90
4	9	26
5	9	25
0	10	91
0	9	90
0	2	91
0	3	90
5	8	24
6	11	26
3	6	22
10	11	31
8	12	30
10	11	30
10	9	36
9	10	35
7	10	33
9	8	32
4	8	26
4	17	54
0	12	91
3	6	24
0	10	91
0	11	91
0	11	91
0	5	90
0	7	90
1	13	90
3	9	23
3	4	35
0	2	21
4	12	91
1	10	91
8	8	52
6	6	50
4	11	91
2	13	90
0	11	88
3	5	22
6	10	28
0	10	60
8	32	91
6	31	91
6	34	91
4	32	91
0	10	91
10	13	34
8	8	28
0	10	91
0	16	91
6	9	27
1	15	91
2	10	91
0	29	91
0	4	27
28	46	91
7	12	30
0	8	91
0	6	90
23	38	91
3	6	24
3	6	23
4	7	26
8	11	30
7	10	27
0	10	89
0	13	90
2	7	26
9	7	33
6	8	24
0	5	90
0	-1	91
0	17	90
0	16	90
1	-1	71
0	30	67
1	-1	70
0	25	59
2	-1	69
1	-1	66
0	23	55
0	23	56
0	21	50
0	10	91
0	12	89
11	15	39
13	18	40
9	16	36
9	16	35
9	14	35
7	13	29
6	10	25
0	5	20
0	4	21
0	12	90
0	11	91
0	9	50
0	7	91
8	9	29
0	10	91
3	5	22
4	8	22
1	8	91
4	8	23
0	6	90
1	14	91
6	25	91
6	23	82
2	4	22
6	9	29
6	9	27
4	6	24
8	11	31
4	10	30
3	8	23
1	8	91
2	19	90
1	12	91
0	14	91
0	12	91
0	13	91
1	5	56
0	9	91
0	7	91
0	6	91
2	7	30
0	11	91
0	5	90
0	3	22
9	13	31
9	9	30
8	10	27
2	5	21
6	9	24
13	15	37
5	9	22
11	11	35
9	11	32
0	10	90
0	11	90
0	15	90
7	9	30
3	8	22
4	7	23
11	13	35
5	6	25
5	10	32
0	7	91
0	15	90
3	5	21
3	6	24
0	12	91
0	9	90
0	40	90
16	36	83
0	6	90
0	5	89
7	10	25
0	12	90
0	9	90
1	4	90
13	20	44
0	14	89
0	16	91
5	7	23
9	8	29
0	6	22
0	18	90
1	19	90
12	12	42
11	11	38
12	11	40
9	10	38
1	4	23
0	6	91
0	9	91
3	4	21
0	13	91
0	12	91
0	33	90
4	6	23
0	14	91
14	15	82
15	26	91
1	1	91
0	2	90
0	0	91
15	15	90
0	1	91
15	15	90
0	1	69
15	15	90
1	1	91
0	0	91
0	1	91
0	14	91
0	0	91
0	0	90
15	15	89
0	1	90
0	6	91
0	13	91
0	13	90
0	12	91
0	9	90
24	25	58
21	29	91
0	15	91
0	12	90
0	6	90
0	9	91
0	12	90
0	7	90
3	40	90
0	4	90
0	11	91
0	8	90
3	12	90
2	7	90
8	9	30
0	11	90
9	6	34
21	32	91
0	9	90
0	9	90
9	19	90
0	9	91
0	4	91
0	8	90
0	8	91
0	9	91
0	13	86
0	9	90
1	6	90
0	3	77
7	9	70
3	6	22
6	13	78
5	7	24
6	10	30
0	13	91
0	9	91
0	7	90
3	3	23
1	3	29
2	10	25
0	12	90
0	11	91
0	10	90
4	6	41
4	5	27
2	10	90
0	10	91
0	5	91
7	16	91
2	20	90
7	12	31
4	12	31
7	11	28
6	9	25
6	8	26
6	8	26
6	8	24
5	8	24
13	13	39
8	14	36
11	11	35
0	12	90
0	6	91
9	14	32
0	6	91
0	8	91
1	2	24
0	11	90
9	6	30
19	28	88
0	15	87
0	13	91
0	1	91
0	-1	65
0	9	89
0	10	91
0	10	91
1	5	91
1	-1	90
0	-1	91
3	6	23
7	10	27
29	32	91
5	8	33
0	4	89
0	8	90
25	26	67
5	9	30
4	4	39
0	13	91
1	-1	90
5	11	26
5	10	26
7	9	25
2	9	22
2	10	27
8	9	26
0	7	91
2	4	90
11	5	34
0	12	91
4	13	89
4	14	91
5	9	28
17	20	59
1	9	91
1	11	91
4	13	91
1	9	91
5	7	25
5	8	25
4	20	82
5	4	25
3	7	23
3	5	21
0	16	91
0	8	90
0	16	90
0	12	91
0	13	90
0	11	90
0	9	90
0	10	91
1	7	91
11	15	42
8	10	31
7	6	26
3	7	23
7	12	31
7	7	30
1	9	91
0	9	91
0	6	91
0	8	90
0	14	91
0	13	91
0	14	91
0	6	91
0	7	90
15	30	91
7	14	41
4	9	30
0	4	91
6	6	27
4	6	23
8	12	29
11	19	42
13	19	43
10	15	35
11	17	38
13	18	41
10	13	33
9	13	31
13	17	39
10	15	34
13	16	39
10	15	34
10	14	33
13	16	39
12	16	38
12	17	39
1	1	35
4	8	21
1	7	91
1	3	91
0	6	91
2	6	25
3	3	21
0	10	90
0	8	91
0	2	90
0	4	91
4	7	22
10	13	29
12	12	51
2	7	22
3	12	26
1	6	91
4	9	91
0	16	90
0	7	91
0	12	90
0	12	91
0	14	91
1	15	91
0	7	91
5	7	25
2	2	21
8	8	27
3	5	22
1	7	91
10	9	91
14	26	65
5	7	26
0	7	91
0	6	90
0	8	91
0	6	90
0	7	91
35	43	91
29	32	90
28	32	91
26	32	90
26	32	91
29	31	89
22	28	88
30	32	91
23	29	84
0	8	91
0	15	91
26	-1	90
15	23	49
2	3	24
9	7	30
0	13	90
0	19	52
0	7	91
1	5	91
28	29	75
0	13	91
0	10	90
0	12	91
0	11	91
0	11	90
0	10	91
0	15	91
0	7	91
0	6	20
0	11	91
4	6	23
5	6	25
1	2	25
1	2	23
0	2	22
0	2	22
3	5	24
0	10	90
0	8	91
0	7	91
2	2	23
0	8	90
3	10	91
0	12	91
0	6	90
8	8	26
4	6	24
0	9	91
1	3	91
3	13	91
0	8	91
0	14	90
0	-1	90
0	9	91
2	10	91
0	7	90
2	8	91
2	15	90
1	6	91
3	5	23
1	5	21
29	40	88
28	43	91
28	44	91
28	45	91
28	44	90
24	41	91
20	33	70
21	27	91
0	20	90
0	9	91
0	8	90
3	4	21
1	21	91
6	7	24
7	14	32
7	11	31
6	10	30
0	9	89
1	8	90
4	9	26
2	5	21
14	18	47
9	12	31
0	15	90
0	15	89
5	7	24
0	21	91
6	9	26
10	12	33
0	11	91
0	22	91
0	7	91
23	32	90
22	30	91
0	6	91
12	13	43
7	11	30
14	19	46
11	23	40
0	11	90
7	12	40
1	16	91
20	36	89
7	8	27
23	39	91
5	13	26
0	-1	91
0	8	91
19	43	89
6	8	23
3	9	25
11	17	37
8	10	25
0	30	90
6	13	30
0	14	90
0	5	90
9	11	28
6	9	24
40	42	91
11	11	35
7	5	26
7	10	27
13	19	39
29	43	91
0	12	91
0	13	90
2	6	24
3	10	24
0	11	90
0	12	91
1	5	22
1	9	91
3	17	91
22	37	91
3	7	22
0	12	90
7	9	32
3	14	31
0	12	90
0	15	91
5	7	26
4	41	91
0	17	90
6	10	26
1	10	90
6	12	24
3	7	24
0	6	91
0	8	91
5	9	23
11	12	30
7	10	26
0	12	90
0	12	91
5	9	25
4	8	24
8	7	25
8	11	32
0	15	90
0	9	90
0	8	91
0	6	90
0	17	86
5	5	22
3	4	21
3	12	29
19	41	91
1	20	91
0	32	91
0	31	91
4	6	24
4	6	22
0	6	90
0	10	89
4	10	26
4	8	24
5	5	23
30	27	91
5	10	24
5	7	23
2	5	23
0	7	90
0	5	91
5	8	25
5	9	25
5	12	30
0	11	91
0	10	91
0	2	38
0	2	38
8	10	35
8	8	32
0	10	91
4	6	23
7	10	32
23	37	91
0	8	91
0	11	90
0	15	91
0	8	90
0	9	90
28	-1	90
2	6	21
6	10	29
7	10	29
0	11	91
0	13	91
16	20	45
14	18	37
3	6	23
31	40	91
30	41	91
4	8	31
9	12	32
4	10	27
0	10	90
0	9	91
0	15	90
0	11	90
0	3	91
21	25	91
20	24	91
1	13	91
0	9	91
0	10	91
4	8	25
6	9	27
6	9	26
6	8	24
10	9	32
6	8	26
8	9	32
1	14	40
0	23	90
0	24	90
0	11	90
0	9	91
0	9	90
5	5	26
7	10	26
2	9	24
0	16	90
0	12	91
6	10	26
3	5	20
6	6	25
2	3	31
11	11	31
4	7	26
2	12	90
6	10	87
0	5	90
4	13	91
0	8	91
0	10	90
0	8	91
5	25	91
5	-1	91
0	6	91
5	7	23
17	18	59
2	9	23
0	5	90
0	-1	90
10	10	31
5	8	23
7	12	33
4	7	30
3	6	24
10	9	44
0	8	91
1	1	20
3	3	88
2	6	22
14	16	44
12	11	39
23	29	68
2	7	91
2	8	91
3	5	22
3	5	23
4	14	91
2	8	91
14	36	91
6	6	31
1	6	21
1	12	90
6	9	27
8	10	39
5	6	91
27	36	90
7	14	91
2	9	90
1	16	90
0	22	91
4	8	24
5	7	25
8	7	32
2	12	91
1	10	91
0	3	91
1	7	91
7	10	30
1	3	20
0	10	89
0	7	91
0	9	91
0	6	91
0	-1	91
2	6	22
1	8	91
1	8	90
2	7	91
2	6	22
27	29	91
6	10	25
1	7	91
0	10	90
8	12	27
0	8	91
6	7	26
0	6	91
1	3	21
12	13	90
0	10	91
2	12	91
3	9	90
2	11	91
9	12	33
0	19	91
6	9	24
2	12	90
0	8	91
5	6	24
7	23	90
2	10	91
0	12	90
1	7	89
1	8	90
0	11	91
0	14	91
0	12	91
0	9	90
3	8	23
9	7	33
1	13	90
0	15	90
0	11	91
0	10	90
0	12	89
0	18	90
5	8	26
0	11	91
2	5	25
0	14	91
0	4	91
0	4	87
9	10	31
28	31	91
25	-1	91
1	6	91
1	10	91
2	9	23
0	10	91
9	11	32
3	6	22
5	10	30
3	5	24
1	4	23
3	6	25
2	10	89
0	7	90
3	7	25
13	22	46
1	6	90
2	9	90
6	6	25
3	6	22
2	6	23
1	13	91
4	8	23
4	6	22
0	9	91
0	16	91
2	16	91
18	23	46
2	7	91
3	8	91
6	6	44
8	10	30
5	9	24
1	8	91
0	9	90
6	13	91
4	9	25
14	32	91
4	13	91
2	8	22
31	35	89
19	34	90
25	33	90
1	5	21
2	7	90
1	16	91
2	5	91
4	14	91
4	12	25
3	7	20
2	13	91
19	29	91
0	16	90
4	6	22
0	27	90
27	-1	90
0	11	91
0	11	91
0	2	91
17	15	58
18	28	91
5	10	25
17	14	53
11	7	41
0	8	90
1	15	90
2	10	91
0	23	90
17	23	48
6	9	28
22	39	88
5	4	23
5	33	91
5	33	91
2	4	23
2	9	24
4	9	90
9	13	91
6	17	91
3	7	22
0	10	91
0	17	90
0	4	91
0	18	90
0	10	90
0	7	91
22	29	91
0	9	90
0	9	91
29	29	90
5	7	24
1	5	20
1	12	90
0	9	90
28	28	90
1	5	90
4	7	91
19	24	62
20	25	64
0	2	91
2	14	91
2	13	91
0	13	87
2	8	91
6	7	25
0	10	91
0	4	91
20	22	52
12	-1	49
1	13	91
0	4	90
0	11	90
6	8	25
8	10	31
7	8	28
0	4	90
5	9	32
3	22	80
0	11	91
0	6	91
3	8	26
4	9	23
7	12	33
5	11	32
6	14	32
5	11	30
0	12	90
0	19	91
2	6	22
22	32	91
11	14	32
13	14	49
0	2	42
28	35	90
1	4	22
4	8	24
4	9	22
24	25	55
5	10	24
0	11	91
6	7	27
1	9	90
0	5	91
12	15	31
3	7	23
3	7	23
4	10	26
0	7	90
2	11	91
2	10	91
3	13	90
1	8	91
1	2	21
2	10	91
0	7	83
5	6	26
3	8	91
3	7	91
1	6	79
8	13	90
2	3	91
0	9	90
0	8	91
1	4	20
7	8	29
5	10	25
4	5	25
0	12	89
0	8	90
2	12	91
2	12	91
6	10	25
0	12	91
0	14	91
6	7	25
8	9	26
24	30	91
23	30	91
0	24	90
10	12	36
0	11	91
0	11	91
13	18	64
0	14	91
0	12	91
0	32	90
0	31	90
0	10	88
0	11	91
9	9	31
7	9	26
17	19	64
0	2	24
0	27	90
12	15	91
1	12	90
2	16	91
3	10	91
0	2	91
9	11	36
0	3	90
14	18	47
8	9	31
4	12	91
1	12	91
0	0	90
1	8	91
3	10	91
29	30	91
0	5	91
6	9	26
6	8	25
1	-1	90
1	-1	90
0	2	21
1	8	90
1	10	91
0	15	91
6	5	24
0	15	91
0	15	90
2	5	23
0	8	90
0	11	90
2	11	90
2	11	91
1	9	90
0	10	90
5	6	25
0	9	91
34	39	90
41	41	91
0	6	91
0	11	91
0	12	90
0	5	91
2	8	91
1	2	23
3	6	24
10	11	43
0	6	91
0	8	90
0	4	90
2	8	91
4	11	90
1	7	89
0	8	90
0	11	90
3	11	90
2	7	22
0	13	91
0	12	90
0	16	91
2	11	91
0	3	23
0	3	20
0	3	20
0	10	91
16	20	47
0	14	80
5	7	23
2	7	22
2	12	91
1	8	91
0	9	90
1	12	89
1	12	89
0	9	91
0	14	91
0	4	22
3	9	90
3	8	91
3	14	90
30	35	88
0	6	90
0	12	91
0	10	91
0	10	89
1	2	63
0	12	90
20	28	91
2	32	90
6	14	32
0	14	91
0	9	91
0	11	91
2	11	90
0	7	91
4	10	22
1	8	91
1	4	91
0	1	76
0	7	90
0	2	91
0	7	91
0	7	91
0	6	87
9	9	31
9	8	29
0	11	90
0	11	91
2	27	91
23	31	75
25	34	91
0	9	91
2	8	31
4	9	24
3	10	23
3	9	22
5	9	32
6	9	25
0	11	90
0	12	90
2	4	24
6	10	26
2	4	22
1	7	91
2	6	39
1	12	91
3	6	91
1	10	91
3	5	28
3	10	90
1	14	90
1	11	91
11	35	91
0	4	90
1	9	80
2	6	24
0	14	91
0	10	89
1	3	23
3	5	22
2	5	20
0	3	22
3	8	26
4	8	24
4	8	24
0	10	91
0	9	91
6	8	26
6	8	26
6	8	25
0	32	89
0	7	90
2	8	91
8	10	27
2	4	22
0	7	90
5	18	91
1	9	90
0	7	90
1	1	91
0	4	70
0	13	91
0	11	74
0	14	91
0	14	90
0	-1	90
0	12	91
1	13	90
0	13	91
0	12	91
0	14	90
0	13	90
0	14	91
0	15	91
0	14	91
0	15	90
0	13	91
0	15	91
0	14	91
0	13	90
0	15	90
0	13	91
0	21	91
0	21	91
0	15	90
0	14	90
0	16	90
0	13	91
0	-1	91
1	15	91
0	15	90
0	14	90
0	13	90
0	13	91
1	15	90
1	13	91
0	14	91
0	13	90
0	14	90
0	14	90
0	15	90
0	12	90
0	12	90
0	13	91
0	13	90
0	8	90
0	12	91
0	14	91
0	13	90
0	13	91
0	11	82
0	15	91
0	12	91
0	13	91
0	12	91
0	15	90
0	13	90
0	12	90
0	15	90
0	11	89
0	18	90
4	8	24
0	2	91
5	9	26
33	40	91
4	9	26
11	10	32
6	6	26
9	8	32
10	11	37
8	12	34
10	12	36
10	11	32
11	11	33
11	12	37
10	17	39
0	6	90
0	13	91
3	7	23
0	7	90
20	28	90
3	7	22
0	7	90
0	11	90
5	9	25
2	11	91
2	6	23
2	5	23
7	9	25
0	23	90
0	6	90
0	8	91
6	9	25
0	10	91
0	13	81
3	4	22
0	11	91
0	9	91
0	8	91
0	7	91
2	4	21
0	4	91
1	12	90
0	7	91
0	8	91
8	11	32
6	9	26
1	12	70
10	8	33
3	7	21
0	10	91
7	12	30
2	5	21
9	12	29
10	8	35
10	13	33
7	11	35
1	9	89
0	8	53
2	8	21
1	10	91
0	7	89
3	18	90
3	18	91
0	-1	88
0	7	91
0	19	90
0	15	91
5	11	25
0	11	90
2	13	90
1	5	21
6	13	35
4	7	23
6	11	30
6	9	28
17	24	90
6	9	24
3	8	23
4	9	23
2	8	21
0	10	91
0	8	90
0	10	90
0	10	90
0	8	91
0	14	90
0	13	91
0	9	90
3	11	90
0	13	91
10	12	39
7	10	28
10	11	33
10	12	32
0	7	90
0	12	91
15	17	45
0	11	91
0	10	91
0	13	90
0	6	90
6	12	32
0	9	90
0	17	90
0	22	91
0	11	91
0	10	90
1	17	91
1	14	91
1	3	25
7	11	30
7	10	29
6	24	91
7	9	26
0	10	90
1	8	90
4	8	27
6	9	25
9	12	35
0	6	90
0	7	91
0	12	91
7	9	32
0	9	89
0	6	91
0	14	91
9	12	35
9	12	31
4	9	25
3	6	22
4	7	23
1	39	91
1	13	90
1	14	91
0	5	90
0	-1	90
0	8	90
0	15	89
0	15	91
8	11	31
6	9	26
3	7	22
2	5	90
0	10	90
10	12	32
0	8	91
0	11	91
9	10	28
15	19	43
5	8	23
3	6	22
0	10	90
3	9	23
3	7	22
0	5	91
1	12	90
0	11	90
0	-1	91
0	5	91
0	11	90
5	7	25
1	12	91
0	8	91
5	9	22
0	9	90
20	35	72
8	14	37
0	12	90
1	10	91
2	5	24
0	7	91
1	12	91
0	10	90
0	16	91
0	10	90
7	10	27
8	9	31
8	10	32
1	10	91
2	15	91
2	5	23
1	11	91
1	11	90
3	-1	90
4	6	28
0	16	91
0	15	91
3	8	25
0	6	91
0	5	91
0	8	90
15	11	50
5	9	30
0	28	91
0	7	91
1	6	90
1	11	91
0	12	91
0	2	91
1	3	91
1	6	90
0	5	66
1	4	66
1	-1	90
5	6	25
0	6	91
0	6	91
0	14	90
22	23	65
2	9	26
2	19	63
0	6	91
0	5	59
4	6	21
8	14	32
10	11	28
1	5	24
1	6	22
6	8	28
0	12	91
0	8	91
30	39	90
1	34	91
26	39	90
24	39	91
7	11	28
4	7	25
8	10	26
5	9	24
20	35	60
0	9	90
0	8	91
4	5	23
0	8	91
0	12	90
0	13	91
3	3	24
6	6	25
3	3	26
0	-1	90
0	12	91
0	11	91
4	8	24
5	10	24
4	11	23
1	11	91
3	7	23
5	9	24
2	4	21
0	11	91
8	10	30
0	12	90
0	9	54
6	11	33
5	9	25
0	7	91
14	33	91
6	9	31
0	15	90
0	9	91
0	12	90
0	6	91
3	14	91
1	10	91
4	23	91
1	-1	90
0	3	91
0	11	90
3	21	91
0	8	91
0	11	90
0	11	90
3	11	90
2	20	91
32	29	85
1	5	23
6	10	27
0	14	91
8	5	30
4	41	91
0	16	90
0	15	90
0	9	88
0	12	91
2	14	91
0	6	91
0	10	91
0	8	90
4	16	91
19	26	91
0	38	91
0	18	90
0	18	90
0	8	91
2	16	90
1	12	91
1	12	73
0	11	73
4	17	90
0	8	90
2	21	91
31	34	88
34	33	89
13	18	49
13	14	40
21	25	70
1	6	91
5	15	91
3	11	89
2	13	91
2	13	91
1	7	91
1	11	90
1	7	91
1	8	91
1	6	90
4	11	31
0	12	91
0	5	68
1	9	91
0	8	91
0	9	91
8	11	29
10	14	38
0	8	86
6	9	25
0	8	91
1	13	91
2	15	90
34	33	90
28	33	91
28	33	90
29	33	91
29	32	88
8	9	33
1	9	91
0	3	91
3	9	23
3	5	23
4	9	28
5	9	32
0	13	90
0	12	91
23	31	66
5	9	29
5	10	24
5	9	23
1	11	91
7	9	31
6	8	25
0	23	91
1	8	90
6	11	27
3	41	91
0	16	91
0	15	90
5	6	25
8	11	30
0	5	20
7	8	30
4	8	90
1	11	91
1	9	89
0	9	91
4	6	24
1	2	90
0	5	91
5	32	91
3	8	23
10	10	30
0	8	91
3	10	25
2	3	20
5	8	27
6	8	26
24	27	67
2	15	91
18	24	89
0	8	91
24	22	91
0	3	91
0	13	91
0	11	91
0	12	91
9	12	33
7	10	31
8	11	29
2	9	27
0	7	90
3	14	91
0	38	90
0	8	91
4	10	24
8	8	25
9	12	32
5	8	26
0	5	75
0	17	90
1	9	91
7	12	37
2	3	21
4	12	30
0	19	91
0	13	91
2	-1	91
1	6	32
8	11	32
3	9	22
2	6	23
8	10	31
0	0	86
5	31	90
2	5	90
0	15	90
0	6	91
4	15	91
3	12	90
0	9	91
10	10	32
0	18	91
1	5	91
15	16	46
0	9	91
0	8	88
23	16	59
0	0	69
0	0	91
0	0	90
2	6	21
9	8	29
0	26	90
5	7	28
2	11	90
0	9	91
1	14	90
0	9	91
0	11	91
10	10	32
8	9	28
7	7	26
0	14	52
1	4	20
0	0	48
0	-1	90
10	13	35
0	10	91
7	8	27
8	11	31
9	12	33
7	12	32
9	13	33
8	11	31
6	11	26
0	9	90
0	12	90
1	6	91
0	6	91
3	7	39
0	7	90
0	9	90
2	7	22
3	7	24
4	7	24
4	7	23
5	11	30
4	11	26
8	11	27
22	34	70
0	10	91
5	7	24
9	11	33
5	27	91
3	6	23
2	5	22
2	5	24
6	8	26
6	8	25
6	9	23
5	8	31
3	5	21
6	10	25
5	8	26
8	13	38
3	5	23
6	7	25
1	29	90
7	9	27
1	10	89
1	14	90
0	12	91
5	7	28
0	31	90
5	7	24
6	10	27
5	8	24
18	38	91
7	8	26
8	12	32
0	13	90
0	7	91
0	6	91
0	9	91
9	13	32
1	10	51
1	8	91
12	17	38
4	7	24
0	11	91
0	13	91
0	8	90
1	8	90
26	34	90
0	3	25
3	8	26
0	13	90
0	7	90
8	10	33
8	7	31
2	4	23
0	-1	91
0	5	90
4	8	24
12	17	33
0	7	90
1	8	90
0	15	91
0	10	90
1	11	91
0	11	91
0	12	91
1	10	91
8	13	33
29	55	90
6	8	23
6	9	40
5	7	27
1	3	23
1	3	22
2	3	24
2	4	23
4	10	24
11	13	35
1	3	26
13	21	69
6	8	26
6	14	31
0	8	90
2	12	91
2	13	89
6	11	30
4	10	26
3	29	90
1	4	23
17	22	48
3	3	22
21	25	66
0	13	90
0	9	91
0	7	91
5	12	90
9	11	34
8	10	34
0	14	91
0	20	91
0	15	90
0	10	90
0	9	90
0	14	90
0	14	90
1	13	91
1	13	91
0	14	90
0	13	90
0	14	91
1	15	91
5	13	32
11	9	36
0	10	91
0	5	90
0	10	91
0	6	91
0	5	91
1	6	22
8	9	27
7	8	27
0	12	91
0	12	91
0	16	91
0	13	90
0	9	91
0	12	91
32	30	91
5	9	23
0	5	90
0	7	91
1	12	90
0	14	91
1	5	90
2	4	91
3	3	27
3	3	25
0	12	90
1	13	91
9	10	31
6	8	27
0	13	91
0	13	90
9	8	31
0	11	91
0	11	90
8	11	31
7	10	27
0	9	65
10	11	37
6	8	24
7	9	29
9	10	29
1	9	91
9	10	91
0	11	91
0	7	90
0	2	23
0	11	90
0	10	90
11	11	31
0	8	90
0	10	91
0	-1	91
0	11	91
6	9	25
6	10	27
22	42	91
6	9	28
6	7	25
4	7	23
4	9	23
10	-1	40
0	12	90
12	13	34
9	15	35
4	24	90
0	9	90
0	11	91
0	9	91
14	23	69
1	12	91
0	9	91
0	9	90
0	12	91
0	22	91
3	6	24
0	7	91
0	8	90
0	6	89
19	29	90
0	13	91
0	11	91
5	5	41
0	12	90
0	9	88
0	11	91
6	20	90
1	5	20
25	27	91
15	15	56
6	11	30
0	6	91
3	9	24
0	8	88
0	8	90
6	8	28
0	10	90
0	12	91
1	10	91
0	12	90
0	5	90
0	5	91
4	42	91
7	9	27
0	7	91
0	13	91
2	8	22
10	13	35
3	5	21
24	19	90
27	21	91
24	22	91
27	22	91
24	22	89
21	23	91
28	27	91
5	7	23
6	9	24
0	6	91
8	7	26
2	6	22
0	12	90
0	10	91
9	51	91
4	11	26
2	9	23
0	11	91
0	14	90
3	12	91
0	-1	91
0	7	91
0	5	91
1	10	91
0	11	91
0	5	90
6	7	88
0	14	91
0	9	90
0	10	91
0	12	90
4	6	21
2	5	22
0	5	91
0	10	91
14	15	48
11	13	39
1	12	91
2	11	91
2	12	91
0	11	91
6	8	26
4	6	22
0	10	91
4	5	24
0	7	91
0	10	91
1	6	21
21	29	90
17	19	53
1	8	91
1	14	90
1	8	90
1	10	91
1	7	90
1	7	91
8	5	38
4	7	25
22	24	60
0	12	91
0	11	91
0	8	91
0	13	90
14	32	79
1	36	87
0	9	91
2	19	91
0	16	89
0	19	91
1	3	90
0	10	91
3	7	28
0	8	91
1	9	91
8	9	26
7	15	32
3	9	90
0	9	90
0	10	89
0	10	91
1	6	91
0	12	91
0	13	91
0	8	90
0	8	91
2	15	91
4	11	91
2	12	91
3	16	90
0	7	91
0	8	91
0	13	91
7	10	31
0	12	91
0	4	91
5	4	23
0	15	90
0	18	91
13	23	44
0	14	91
0	11	91
0	9	90
0	12	91
0	8	90
6	7	25
0	36	90
0	16	90
0	16	91
0	7	91
6	59	91
0	8	89
0	13	90
0	14	91
0	13	90
0	14	91
0	9	90
2	8	91
7	18	91
3	17	89
34	38	88
22	27	70
0	3	26
0	4	26
4	8	30
13	12	42
2	14	91
2	15	90
0	10	90
0	10	88
0	9	91
0	9	91
1	5	90
0	14	91
3	5	22
6	23	90
6	7	27
6	8	29
0	10	90
0	24	90
3	4	23
2	8	23
3	8	25
22	-1	91
0	3	91
0	7	91
7	9	32
0	11	90
10	13	29
19	39	66
7	11	26
2	7	21
1	9	91
0	13	91
22	39	91
0	26	88
0	35	91
0	10	64
8	10	25
7	11	26
0	16	90
0	14	91
9	9	26
4	9	25
1	7	89
0	7	90
0	9	90
0	7	90
0	8	91
0	4	91
0	12	89
0	16	90
0	12	90
0	12	90
5	5	23
0	9	90
0	10	91
0	6	91
1	11	89
0	12	91
17	20	60
3	7	22
2	3	23
0	12	91
1	8	90
0	17	91
0	7	88
0	11	91
0	10	91
2	5	25
2	5	22
2	23	91
3	6	26
5	9	26
2	3	91
0	8	91
3	7	23
2	5	21
7	9	25
9	13	37
1	6	22
4	6	27
10	11	31
2	8	23
8	9	26
4	22	91
3	22	91
8	9	33
15	17	55
27	32	91
27	-1	86
12	15	42
6	9	30
2	6	23
6	10	25
0	5	91
0	4	90
0	16	91
0	8	91
4	10	27
0	6	90
9	15	35
9	15	33
9	13	30
10	16	42
11	9	36
1	11	91
1	6	91
9	10	30
15	19	47
5	6	24
7	12	32
7	12	31
0	13	90
0	9	91
16	18	45
15	16	43
0	10	87
6	7	22
5	9	25
1	7	91
2	5	21
9	11	26
6	13	31
4	9	26
0	6	90
1	5	91
0	6	83
0	9	91
0	12	91
6	10	26
0	9	91
0	7	91
0	7	91
0	7	90
6	11	27
0	16	90
7	12	33
4	6	21
3	6	23
2	24	90
6	9	25
7	10	24
4	12	26
1	7	91
2	12	89
7	8	25
0	11	91
12	16	44
14	19	47
5	7	25
5	7	21
9	10	35
0	14	90
5	8	24
0	12	91
0	5	91
0	9	91
0	16	91
7	8	55
0	18	90
5	9	25
3	6	23
2	6	21
6	9	27
0	11	90
0	10	91
0	12	91
8	11	30
8	9	27
6	7	26
8	9	27
8	9	28
2	4	20
3	8	26
0	12	91
0	10	91
7	15	35
0	4	91
0	11	91
0	10	90
2	6	21
2	5	23
4	7	25
5	9	26
0	8	91
0	6	90
5	6	22
0	13	91
0	14	90
10	13	39
1	13	90
1	8	91
2	4	21
3	10	31
8	12	32
1	15	90
0	14	91
11	11	36
5	10	32
0	7	91
0	9	90
0	9	90
0	8	89
0	9	88
0	12	91
0	36	90
0	11	91
0	4	90
0	6	62
0	5	91
0	15	91
0	14	90
0	8	91
0	-1	91
0	9	91
0	17	91
0	14	91
0	8	90
0	17	91
0	8	91
0	13	91
0	4	91
0	12	91
0	11	91
0	7	89
0	9	91
0	14	90
0	9	89
0	10	90
5	8	28
0	7	90
0	7	91
5	11	25
5	11	24
0	6	87
0	9	90
4	4	42
0	12	90
0	6	88
11	13	37
0	22	91
1	11	90
0	18	90
1	13	90
7	14	30
5	8	26
1	23	90
0	7	91
0	3	91
6	14	35
6	7	30
4	5	30
0	12	91
0	12	91
7	10	30
0	3	87
0	16	91
7	9	31
7	7	27
0	-1	90
6	7	33
2	5	23
0	6	79
0	8	91
0	7	90
3	11	91
0	4	91
10	13	36
4	8	23
5	11	36
5	11	33
7	11	27
2	9	90
5	5	23
0	7	91
8	9	31
2	12	90
4	7	24
2	9	21
1	2	23
7	10	31
0	9	91
0	12	90
1	10	90
0	-1	91
0	15	90
28	29	90
27	29	91
28	29	89
0	12	91
0	13	91
5	9	30
0	10	91
1	12	90
5	8	23
29	30	91
27	35	91
28	32	91
30	32	91
27	40	91
29	34	91
29	-1	87
30	35	89
2	5	22
4	7	26
5	5	25
4	5	24
3	6	24
10	12	34
11	11	32
0	10	90
0	2	91
0	12	91
20	19	91
26	21	90
26	19	91
25	19	89
17	18	90
26	19	91
24	20	91
23	20	91
25	20	91
20	19	91
22	18	91
28	19	91
0	13	91
0	11	88
0	13	91
5	9	23
6	5	24
0	8	90
0	8	90
0	12	91
0	8	91
1	9	91
0	2	91
0	9	91
0	11	91
7	9	32
0	6	90
26	27	91
29	28	91
2	3	22
21	30	91
0	10	88
0	8	91
6	8	24
1	7	90
0	10	89
2	11	90
2	8	90
2	5	22
2	5	23
0	16	91
4	6	23
10	11	91
1	-1	90
3	5	21
14	16	38
0	10	91
0	8	91
0	9	90
9	11	34
9	11	32
3	5	20
0	10	91
1	6	91
0	10	91
0	13	70
1	6	20
0	10	91
0	9	90
3	6	20
38	41	91
12	9	91
8	10	32
0	11	91
0	-1	91
0	11	90
5	10	26
0	31	91
0	10	88
0	7	90
13	15	47
2	5	21
2	6	23
7	12	36
3	9	33
0	2	21
7	9	23
18	30	90
0	15	91
2	4	48
4	-1	85
4	14	85
0	16	91
2	17	91
0	17	91
0	16	91
1	16	91
1	17	91
1	17	91
3	8	25
3	7	23
22	27	91
6	9	24
0	8	91
1	12	91
0	17	90
0	17	91
0	8	90
0	7	91
1	13	90
0	9	90
1	9	90
1	11	90
0	3	90
7	8	29
10	13	40
0	15	91
1	5	91
10	13	31
4	6	23
0	6	48
0	7	48
7	13	33
4	7	26
9	16	34
0	6	91
0	14	90
0	7	89
25	31	71
0	35	90
6	9	25
3	8	91
6	11	25
0	11	89
0	11	90
0	15	91
4	10	25
12	10	36
2	9	91
3	11	91
36	-1	91
4	7	23
0	9	91
7	8	26
6	11	27
0	10	90
7	9	27
6	9	26
5	8	25
2	14	91
2	12	90
4	6	21
5	8	23
7	9	27
2	7	21
2	5	20
2	4	25
0	21	88
24	24	91
0	19	77
11	12	91
8	10	91
4	7	24
4	5	25
0	11	90
0	1	91
31	27	89
0	10	91
0	8	91
0	9	91
0	6	90
0	12	91
2	4	21
3	7	22
1	6	90
0	6	91
0	6	91
0	4	23
1	12	91
0	9	90
5	9	25
0	8	91
0	8	90
0	4	91
6	14	91
2	6	22
23	-1	90
30	33	91
21	25	76
0	11	90
10	10	31
11	12	36
1	12	90
0	14	91
10	12	31
0	14	91
0	12	91
2	7	90
0	5	91
4	11	91
1	12	91
4	9	27
0	23	91
0	4	91
0	9	91
0	13	91
0	14	91
3	6	30
0	17	90
0	6	89
0	11	91
9	9	35
0	2	90
1	7	89
6	9	25
4	11	91
0	5	91
0	5	91
0	9	90
6	8	24
6	12	32
6	7	25
5	10	23
11	9	37
3	8	21
3	3	22
4	39	91
7	12	30
7	11	33
0	12	91
0	11	90
3	13	91
2	9	90
2	10	91
1	9	89
3	18	90
0	-1	90
0	7	91
4	8	25
0	8	91
1	12	91
1	3	24
10	11	29
3	6	22
0	7	91
0	7	91
3	7	23
2	7	21
3	7	23
2	24	91
7	13	31
4	4	23
4	5	23
4	9	26
0	9	90
7	12	34
14	14	45
5	42	91
4	7	25
3	8	22
7	13	30
0	8	78
0	8	90
0	11	91
0	13	91
0	11	90
3	6	22
1	17	82
1	8	91
3	8	91
1	11	90
14	12	35
12	14	38
3	-1	90
7	12	32
9	10	28
8	9	28
1	1	64
0	2	90
5	10	27
0	1	23
1	4	23
2	3	23
2	5	23
5	9	40
2	7	90
1	7	90
3	7	30
5	9	25
2	8	21
2	5	23
6	9	25
6	10	34
7	9	30
6	9	27
7	9	30
8	10	31
7	8	27
4	31	91
0	8	91
8	14	41
0	6	90
2	12	90
9	9	28
4	8	24
5	12	32
0	6	91
0	2	90
8	11	34
0	2	22
0	17	91
0	16	90
9	11	31
11	11	39
14	10	42
8	7	29
6	13	91
4	12	90
22	31	89
20	40	91
0	5	91
3	5	25
2	7	90
0	11	54
2	6	22
3	5	24
0	15	91
0	8	90
0	5	90
0	11	91
0	9	90
0	9	90
0	14	89
29	36	89
0	11	91
3	9	22
0	15	91
0	7	89
6	10	24
26	36	91
31	35	89
2	8	24
5	11	26
0	9	91
1	4	90
0	1	90
0	1	91
0	3	91
5	11	25
0	9	91
0	11	77
20	20	64
28	30	90
25	26	82
2	14	91
2	8	89
1	6	86
3	8	24
8	11	27
4	9	25
8	12	27
7	11	31
1	20	90
0	10	90
0	10	91
7	14	31
2	7	21
4	31	91
6	-1	91
7	-1	91
5	8	23
6	10	33
0	6	91
10	12	36
9	11	36
0	28	88
7	10	32
9	11	29
3	6	21
1	12	79
0	9	91
7	9	27
5	9	26
0	11	91
2	8	21
2	8	21
0	8	90
2	6	20
9	37	86
0	30	91
16	26	70
27	52	90
0	12	91
0	14	90
5	9	33
11	11	35
7	12	26
0	11	90
3	4	23
11	13	33
0	9	90
1	7	90
4	8	24
0	9	91
0	2	91
0	1	91
0	0	90
0	0	91
0	0	91
0	0	91
0	0	91
0	0	91
0	0	90
0	0	90
1	0	91
0	0	80
0	0	91
0	0	90
0	0	91
0	0	91
0	14	91
0	13	90
5	11	30
0	11	90
1	13	91
3	3	21
29	30	90
27	29	91
27	30	91
10	10	29
14	13	35
6	7	25
7	11	29
3	7	21
5	7	24
3	5	25
1	-1	91
1	3	90
0	8	90
2	9	22
13	15	37
3	10	22
2	7	21
4	7	26
0	37	91
0	13	89
1	28	89
2	15	91
22	28	61
4	5	23
0	-1	90
6	9	27
0	15	91
9	13	31
3	6	21
2	4	21
1	10	90
2	6	23
8	11	37
0	6	91
0	8	91
5	8	42
3	7	91
1	8	90
3	6	21
3	30	91
5	29	91
4	30	91
0	2	91
0	6	91
3	8	27
3	8	23
6	7	27
4	9	23
5	7	24
19	42	86
4	8	29
2	7	22
11	11	34
3	4	23
1	10	91
0	8	90
1	13	90
0	15	91
0	16	91
3	14	90
0	6	90
7	7	27
6	7	91
4	7	23
0	10	89
0	7	91
6	7	27
1	-1	90
5	9	90
0	8	91
0	20	82
2	23	90
5	7	25
6	9	26
8	11	27
6	8	23
3	7	23
0	8	91
0	7	91
5	6	24
6	8	27
4	9	24
0	8	91
4	6	23
8	13	29
2	15	90
2	-1	67
0	9	90
0	10	90
0	6	20
23	31	76
2	9	91
2	11	91
1	2	48
6	10	26
0	12	90
0	10	91
11	12	35
7	11	28
7	10	28
6	12	27
6	9	27
4	7	24
4	9	24
5	8	24
28	35	90
26	40	91
0	7	91
0	6	90
1	10	91
3	7	21
0	10	90
3	7	22
0	15	89
0	18	91
0	5	36
0	1	70
2	8	23
7	8	24
0	6	90
5	7	24
8	14	34
0	2	90
0	8	91
7	6	26
0	13	91
0	9	91
5	9	25
4	33	90
5	10	26
3	7	25
0	8	89
0	8	91
0	10	91
0	14	90
7	12	30
3	8	22
0	12	90
0	6	91
4	6	23
7	13	33
6	7	24
0	7	90
0	13	91
0	1	52
0	9	67
0	0	78
0	-1	91
14	-1	83
0	12	91
0	12	90
3	8	23
7	8	37
3	7	22
8	11	29
8	24	90
2	27	90
4	9	23
7	6	27
7	10	36
9	10	34
3	10	91
2	12	91
0	19	91
1	21	91
3	11	90
2	15	91
1	10	91
0	6	91
0	7	91
1	5	90
0	5	91
4	8	23
0	0	91
0	1	90
2	7	91
0	4	91
0	3	91
1	9	91
1	20	91
0	5	91
1	14	90
0	13	90
28	29	89
26	30	91
29	30	90
1	4	21
3	8	90
4	11	91
0	19	91
0	10	91
0	10	91
0	13	90
0	10	91
2	8	22
1	6	22
1	6	24
1	5	23
1	6	24
3	7	25
0	13	88
0	8	90
0	14	90
0	3	91
3	5	21
8	10	31
5	9	33
0	8	90
0	13	90
1	33	91
0	9	91
6	8	23
0	11	91
0	14	91
0	3	91
0	12	89
0	13	91
0	9	89
0	11	90
28	37	91
7	7	33
1	6	91
0	9	90
0	6	91
6	13	30
5	9	22
3	9	25
5	6	26
0	4	91
0	4	90
0	14	90
0	12	90
0	9	91
6	8	25
9	13	31
11	12	90
9	10	32
0	13	91
0	9	90
0	7	91
0	-1	91
5	8	25
9	8	34
0	8	91
6	8	32
1	7	91
1	9	91
5	28	91
0	10	91
0	8	91
0	13	91
0	9	91
0	10	91
0	11	91
3	-1	91
3	28	91
5	29	91
0	5	22
0	25	91
6	6	26
6	7	25
0	13	91
0	12	90
7	9	26
6	8	24
3	14	91
8	8	28
6	7	27
23	28	91
6	7	25
7	14	39
0	8	91
0	9	91
1	10	90
0	8	91
4	9	25
0	13	90
1	14	91
3	11	30
0	12	91
7	10	27
9	12	30
33	39	90
0	12	91
0	9	90
7	16	33
18	22	62
0	7	90
0	5	90
0	10	91
2	5	21
0	8	91
0	13	91
1	16	90
4	8	23
4	8	24
3	7	25
0	12	91
0	8	90
2	8	90
0	9	91
0	7	90
1	10	91
1	10	91
4	18	91
5	18	89
1	9	91
0	9	91
1	13	91
0	7	91
0	9	91
1	12	91
0	3	20
1	5	21
2	11	89
1	7	91
4	7	24
3	8	24
22	44	91
3	10	33
33	27	91
0	8	90
0	20	90
0	21	90
0	22	90
0	22	90
0	7	90
28	39	91
3	8	25
9	12	31
8	12	27
8	11	26
10	16	34
9	14	35
2	4	90
3	10	90
4	5	28
0	4	90
3	13	79
3	10	91
5	9	24
5	7	24
0	6	90
0	9	91
0	13	91
2	8	91
1	8	91
4	7	22
2	7	91
1	13	91
1	14	91
1	10	91
0	9	90
32	34	82
1	27	91
1	23	65
8	14	43
3	6	23
0	-1	91
29	32	79
1	15	90
0	5	89
0	13	90
0	12	91
0	9	91
0	9	90
0	11	91
0	11	90
5	6	22
0	10	90
0	12	91
0	7	90
4	6	91
0	16	91
5	9	24
2	5	59
2	3	24
0	3	91
4	9	32
0	9	91
24	30	89
21	38	90
0	3	50
1	11	89
0	7	91
4	9	90
3	10	91
2	11	91
3	5	24
4	6	25
1	7	90
13	16	36
25	25	61
0	12	90
0	10	89
2	5	21
6	8	29
4	9	24
0	0	91
3	8	24
0	29	91
1	9	89
1	5	91
3	7	25
1	11	90
7	10	27
1	11	90
5	7	30
5	7	25
0	30	89
3	9	24
6	9	31
5	9	24
5	7	26
0	11	91
9	12	34
8	14	34
9	13	33
0	9	90
0	13	88
0	10	90
28	19	91
7	11	91
6	10	91
0	10	90
1	9	90
1	17	91
3	-1	91
7	8	24
0	15	91
0	5	91
0	4	90
2	8	91
0	4	91
2	9	91
4	11	91
0	7	52
2	5	91
1	10	91
1	32	90
0	11	89
1	10	91
0	5	90
2	13	91
4	11	30
1	7	91
4	9	91
3	10	90
1	11	91
16	24	77
10	12	32
10	13	32
0	14	91
27	31	90
23	25	76
0	17	90
0	14	90
2	5	21
0	7	90
5	10	27
0	13	91
3	6	21
5	8	23
9	10	37
4	6	24
7	11	32
0	7	90
0	9	91
3	5	22
6	9	28
0	8	59
1	7	22
7	8	25
5	9	31
25	21	91
25	19	80
2	4	22
0	10	91
0	7	90
10	9	30
8	10	28
8	10	29
7	10	27
16	40	90
0	9	91
0	8	91
15	19	47
0	19	90
0	18	90
9	11	32
6	6	27
0	7	90
0	12	83
0	25	90
2	9	90
1	14	90
8	-1	91
5	8	25
0	8	90
2	10	91
1	8	90
0	12	91
0	6	91
7	8	25
3	7	23
4	9	30
0	7	85
0	14	91
0	13	90
0	3	52
8	10	31
0	6	91
6	9	25
0	16	91
0	4	90
0	11	89
0	10	90
1	7	91
0	11	88
3	8	21
0	9	90
12	-1	76
4	6	24
0	13	91
0	13	91
14	18	58
1	3	21
26	19	91
19	19	91
20	33	91
0	15	91
0	8	91
0	10	89
3	6	22
6	10	26
2	3	21
0	11	90
0	10	91
0	11	90
1	27	91
8	10	32
33	42	91
2	19	90
6	5	90
7	11	29
3	7	49
4	6	26
0	6	20
0	7	91
0	6	90
6	8	26
6	8	27
6	8	28
6	8	30
0	4	22
10	10	32
0	0	90
0	4	91
0	5	91
6	9	25
9	7	32
3	6	22
3	8	26
1	2	20
7	9	34
7	9	33
8	11	33
3	5	23
19	27	61
0	6	87
0	3	90
11	10	39
1	14	90
0	11	90
1	5	20
2	5	22
2	7	21
0	17	90
28	36	91
1	5	21
7	7	26
27	-1	91
27	29	67
20	22	51
1	7	21
7	11	23
18	19	54
0	9	87
0	16	90
4	16	91
1	8	89
2	6	22
0	9	91
0	15	91
0	6	91
0	10	90
2	8	23
2	12	89
0	21	91
1	-1	91
1	-1	91
0	-1	91
1	22	91
1	-1	91
1	-1	91
1	23	91
4	12	31
2	5	21
0	13	90
28	26	91
23	23	91
17	19	44
18	38	90
27	34	91
6	33	91
22	38	91
29	30	90
2	7	21
3	5	22
33	34	78
3	6	23
0	14	90
15	18	40
0	7	91
0	5	90
13	18	45
12	17	45
12	16	40
12	15	37
9	14	36
28	30	91
27	30	91
30	31	91
23	29	90
19	29	91
25	30	89
28	31	90
22	27	77
0	9	90
0	11	91
0	9	91
0	8	62
2	7	27
0	9	91
0	14	76
0	12	76
5	7	25
3	6	24
1	7	90
0	2	91
7	12	30
7	9	29
10	10	31
4	14	90
1	14	91
0	0	68
0	1	91
4	9	24
3	9	23
0	7	91
2	6	21
0	6	90
26	34	90
1	7	90
0	8	91
1	4	21
10	16	37
0	11	90
0	10	90
0	8	89
0	7	91
0	9	91
0	7	91
10	9	33
7	13	32
7	12	32
0	20	90
4	4	25
3	11	89
0	9	91
0	9	91
0	12	90
0	10	91
0	8	90
0	10	91
0	13	91
0	15	90
13	15	91
6	6	23
1	25	91
14	17	40
9	11	28
5	6	25
3	8	21
3	6	25
5	9	27
1	2	22
0	5	90
0	13	90
10	10	30
6	7	24
1	13	90
0	10	91
4	6	24
2	7	23
2	9	23
8	9	91
0	9	91
6	6	91
3	6	25
0	8	91
19	13	45
1	6	91
5	12	90
0	9	89
0	9	91
0	7	91
0	7	91
0	6	89
0	5	91
0	11	91
0	8	90
0	11	90
0	6	91
0	8	91
0	8	91
0	8	91
0	6	90
0	7	91
0	7	91
0	7	91
0	7	90
0	8	91
1	7	90
0	8	91
0	7	91
0	7	91
0	8	91
0	7	91
0	7	91
1	8	90
0	7	89
0	8	91
0	6	91
0	4	90
0	-1	90
0	4	91
1	5	90
0	5	90
0	5	89
0	5	90
0	5	89
0	6	91
0	7	91
1	11	90
0	11	90
0	9	90
0	9	91
0	10	91
0	10	91
0	10	91
0	10	91
0	8	90
0	10	90
0	10	91
0	10	90
0	10	90
0	8	91
0	10	90
0	10	91
0	10	90
0	10	90
0	10	91
0	10	90
0	10	90
0	10	90
0	9	91
0	9	91
1	9	91
0	9	91
0	9	91
0	8	91
0	7	91
0	8	90
0	11	90
0	6	90
0	6	91
0	6	90
0	6	91
0	7	91
0	7	90
0	7	90
0	8	90
0	10	91
0	7	90
0	8	90
0	8	91
0	8	91
0	9	90
0	8	90
0	8	90
0	8	88
1	9	91
0	9	90
0	8	91
0	8	91
0	8	91
1	8	91
0	8	91
0	8	90
0	8	91
0	9	91
0	10	90
0	10	91
0	8	91
0	12	90
0	8	90
0	9	91
0	13	91
0	9	90
0	12	90
0	9	91
0	10	91
0	9	79
0	9	91
0	8	91
1	9	90
0	7	91
0	6	91
0	5	89
1	5	91
0	4	90
0	8	91
0	4	91
1	6	91
0	5	89
0	5	90
0	7	91
0	4	91
0	8	90
0	4	88
0	4	90
0	10	90
0	3	91
0	8	91
0	3	91
0	2	90
0	3	91
0	3	90
0	8	91
0	3	91
0	3	90
0	5	91
0	4	91
0	4	91
0	-1	91
0	4	91
0	6	91
0	7	91
0	7	91
0	8	91
0	6	91
0	6	91
0	6	91
0	6	91
0	6	89
0	6	91
0	6	90
0	6	91
0	6	69
0	7	89
0	6	91
0	6	91
0	6	91
0	7	90
0	5	90
0	4	91
0	20	90
0	4	90
0	4	91
0	4	91
0	4	91
0	4	90
0	14	90
0	3	91
0	2	91
0	2	88
0	3	90
0	4	91
0	3	91
0	2	91
0	2	90
0	3	91
0	3	91
0	12	90
0	3	91
0	4	91
0	12	90
0	3	88
0	3	91
0	4	90
0	5	90
0	6	91
1	-1	91
0	8	87
0	7	91
0	8	91
1	7	90
0	8	90
0	8	87
0	8	90
0	8	91
0	8	90
0	8	90
0	7	90
0	10	90
0	10	91
0	10	90
0	10	91
0	10	91
0	10	91
0	10	91
0	10	90
0	10	91
0	9	90
0	10	91
0	9	91
0	9	91
0	9	91
0	7	90
2	9	91
1	6	91
0	12	90
0	13	91
0	13	91
0	13	89
0	13	91
0	13	91
0	13	90
0	13	91
0	12	91
0	11	91
0	7	91
0	7	90
0	7	91
0	7	91
0	8	91
0	18	91
0	8	91
0	14	90
0	10	91
0	11	91
0	10	91
0	9	91
0	11	91
0	12	91
0	12	91
0	12	91
0	12	91
0	14	90
0	7	90
0	4	45
0	13	90
0	3	45
5	13	90
0	12	90
1	12	91
0	11	91
0	10	91
0	8	91
0	8	89
0	12	90
0	5	90
0	7	90
0	12	91
0	5	91
0	5	91
0	5	91
0	4	91
0	4	91
0	2	90
0	3	90
0	4	90
0	4	91
0	5	91
0	3	75
0	5	91
0	5	91
0	5	91
0	6	90
0	6	90
0	6	91
0	6	91
0	6	90
0	4	75
0	4	69
0	11	90
0	6	91
0	10	90
0	7	90
0	7	90
0	7	91
0	7	90
0	7	90
0	8	90
0	11	91
0	10	90
0	8	90
0	10	91
0	9	90
0	11	90
0	12	90
0	12	90
0	13	89
0	18	83
0	14	90
0	14	91
0	14	91
0	13	91
0	13	90
0	8	57
1	9	58
0	11	89
0	11	89
0	16	89
0	10	91
0	10	91
0	10	91
0	8	90
0	8	91
0	8	91
0	7	91
0	7	91
0	7	90
0	7	89
0	8	91
0	8	89
0	8	91
0	8	91
0	8	91
0	7	91
0	8	90
0	8	91
0	7	91
0	9	91
0	11	91
0	6	90
0	11	91
0	6	91
0	7	90
0	14	91
1	8	90
0	9	90
0	8	91
0	13	91
0	7	91
0	11	91
1	8	90
0	10	91
0	10	91
0	-1	91
0	9	91
0	12	91
0	13	91
0	13	91
0	13	90
1	12	91
0	12	91
0	12	90
0	13	91
0	12	91
0	12	91
0	13	91
0	14	90
0	14	90
0	14	91
1	15	90
0	14	90
0	15	91
0	14	91
0	14	91
0	13	91
0	12	91
0	11	91
0	10	91
0	10	90
0	9	90
0	8	91
0	6	75
1	8	91
0	8	90
0	5	75
0	6	89
0	6	91
0	8	90
0	6	90
0	7	91
0	5	81
0	7	89
0	7	91
0	6	90
0	-1	91
0	9	91
0	9	91
0	9	91
0	8	91
0	8	91
1	8	90
0	7	91
0	-1	91
0	7	90
0	7	91
0	6	91
0	6	91
0	6	91
0	6	91
0	6	91
0	5	90
0	5	90
0	3	90
0	2	91
0	3	90
0	3	90
0	3	91
0	3	91
0	3	91
0	3	90
0	3	91
0	4	90
0	4	91
0	7	91
0	6	91
1	12	91
0	8	90
0	5	91
0	5	90
0	5	91
0	4	91
0	5	91
0	6	91
0	6	90
0	6	91
0	6	91
0	5	91
0	5	91
0	5	90
0	6	91
0	14	91
0	5	91
0	5	91
0	5	91
0	5	91
0	5	90
0	5	91
0	6	91
0	5	91
0	5	91
0	5	89
0	6	91
0	6	90
0	7	90
0	6	91
0	6	90
0	6	91
0	6	89
0	12	91
0	7	91
0	8	91
0	8	89
0	8	91
0	8	90
0	8	91
0	10	91
0	8	88
0	7	91
0	7	91
0	8	90
0	7	91
0	16	91
0	-1	91
0	7	91
0	6	90
0	6	69
0	7	91
0	7	90
0	7	90
0	17	91
0	8	91
0	6	91
0	6	91
0	6	91
0	8	91
0	7	91
0	7	91
0	10	90
0	7	90
0	10	91
0	7	91
0	7	91
0	7	90
0	7	91
0	7	90
0	7	91
0	7	91
0	7	90
0	8	90
0	8	90
0	9	90
0	8	90
0	8	90
0	9	91
0	9	91
0	9	91
0	9	90
0	10	91
0	10	91
0	10	91
0	10	91
0	10	91
0	8	90
0	10	90
0	10	91
0	8	91
0	9	90
0	9	91
0	9	91
0	9	91
0	10	90
0	10	91
0	10	91
0	10	91
0	9	90
0	9	90
0	10	91
0	9	90
0	8	90
0	10	91
0	10	91
0	10	91
0	10	90
0	9	91
0	12	91
0	12	91
0	13	91
0	9	91
0	9	90
0	9	91
0	9	91
0	12	91
0	9	90
0	9	91
0	10	91
0	10	90
0	11	91
1	11	91
0	11	90
0	12	90
0	11	91
0	12	91
0	12	90
0	9	63
0	11	89
0	11	90
0	13	91
0	12	91
0	12	90
0	10	88
0	14	91
0	14	91
0	13	91
0	12	91
0	6	91
0	12	91
0	12	91
0	12	91
0	12	90
0	11	91
0	10	90
0	9	91
0	9	89
0	9	90
0	9	91
0	5	91
0	7	90
0	7	91
0	5	91
0	6	91
0	6	91
0	5	91
0	6	91
0	6	91
0	6	90
0	6	89
0	8	90
0	10	91
1	10	91
0	18	90
0	12	91
0	13	90
0	11	90
0	9	90
0	10	90
0	9	90
0	9	90
0	8	91
0	8	91
0	13	91
0	16	90
0	9	91
0	8	91
0	7	90
0	11	90
0	11	90
0	9	90
1	9	90
0	10	91
0	11	91
0	10	91
0	10	89
0	9	91
0	12	91
0	12	90
0	10	91
0	11	91
0	12	91
0	12	91
0	10	91
0	12	91
0	12	91
1	12	89
0	11	91
2	12	91
0	14	91
0	15	90
0	11	91
0	14	90
0	10	89
0	11	90
0	16	91
0	16	91
0	17	90
0	17	91
0	11	91
0	16	90
0	16	90
0	11	90
0	10	90
0	11	91
1	16	91
0	12	91
0	12	68
0	12	90
0	13	89
0	12	91
0	14	91
0	14	91
0	14	90
0	14	91
0	15	90
0	13	91
0	13	90
0	14	79
0	14	91
0	14	90
0	15	90
0	12	87
0	12	91
0	9	90
0	13	91
0	13	91
0	13	90
0	8	90
0	8	88
0	7	80
0	-1	90
0	6	40
0	8	80
0	9	90
0	7	91
0	7	91
0	11	91
0	6	91
0	14	91
0	-1	88
1	11	90
0	11	91
0	11	91
0	11	91
0	5	91
0	12	90
0	5	91
0	12	90
0	5	91
0	6	91
0	6	89
0	6	90
0	7	91
0	7	91
0	2	60
0	8	89
0	8	90
0	8	90
0	5	60
0	9	90
0	9	91
0	9	91
0	10	90
0	11	91
0	11	90
0	8	91
0	13	91
0	12	91
1	11	90
0	9	91
0	9	91
1	9	90
0	9	91
0	8	90
0	8	90
0	8	91
0	7	91
3	5	90
0	5	91
0	5	90
0	5	91
0	5	91
0	5	90
0	5	90
0	5	90
0	5	90
0	6	91
0	5	91
0	4	90
0	4	90
0	4	90
0	4	91
1	3	66
0	5	91
0	5	90
0	5	91
0	5	90
0	6	91
0	6	91
0	6	90
0	6	88
0	6	90
0	11	91
0	6	91
0	6	90
0	6	91
0	6	91
0	6	90
0	6	91
1	6	91
0	6	91
0	6	90
0	-1	91
0	6	90
0	5	90
0	5	90
0	5	91
0	5	90
0	5	91
1	5	90
0	5	91
0	5	91
0	5	90
0	4	91
0	5	91
0	6	77
0	5	91
0	2	91
0	2	91
0	2	90
0	1	91
0	2	90
0	2	91
0	4	91
0	3	91
0	3	91
0	4	90
0	3	91
0	3	91
0	3	90
0	14	91
1	13	91
0	4	90
0	4	91
0	4	91
0	4	91
0	5	91
0	4	91
0	4	91
0	5	91
0	5	87
0	2	90
0	3	91
0	4	91
0	3	91
0	4	90
0	3	90
0	4	91
0	4	90
0	5	91
0	5	89
0	5	91
0	5	91
0	5	91
0	5	91
0	5	91
1	-1	91
0	15	91
0	5	90
0	5	90
0	6	91
0	5	90
0	15	91
0	6	90
0	7	90
0	7	90
0	7	90
0	7	89
0	7	91
0	3	47
0	7	90
1	8	91
1	8	90
0	8	90
0	13	90
0	12	91
0	6	91
0	12	91
0	6	91
0	6	90
0	6	91
0	6	90
0	11	91
0	6	90
0	6	90
0	5	91
0	5	91
0	4	91
1	4	91
0	4	91
0	14	91
0	4	91
0	4	91
0	4	90
0	4	91
0	4	91
0	4	91
0	-1	90
0	4	89
0	4	90
0	4	91
0	4	90
0	5	89
0	5	90
0	5	91
0	5	90
0	6	91
0	4	91
0	4	91
0	4	90
0	4	91
0	4	89
0	4	88
0	4	89
0	5	90
0	5	90
1	5	91
0	5	90
1	6	91
0	6	86
0	5	91
1	4	51
0	5	91
0	5	90
0	6	91
0	5	91
0	12	91
2	8	91
2	7	90
0	6	91
1	11	90
0	7	91
0	7	90
0	9	91
0	10	90
0	9	90
0	9	91
0	9	90
0	10	90
0	9	90
0	2	48
0	10	90
0	10	91
0	11	91
0	11	90
0	12	90
1	12	91
0	12	91
0	11	89
1	12	83
0	11	91
0	11	91
1	16	90
0	11	91
0	9	90
0	11	91
0	13	91
0	14	91
0	13	91
0	12	90
0	21	91
1	9	76
0	10	90
0	10	91
0	10	91
0	8	91
0	7	90
0	6	91
0	5	91
0	5	91
0	5	91
0	4	90
0	3	90
0	4	91
0	4	91
0	4	90
0	4	91
0	4	91
0	4	91
0	3	91
0	3	90
0	4	91
0	4	91
0	4	91
0	4	91
0	2	91
0	2	90
0	2	91
0	2	91
0	3	91
0	3	91
0	3	91
0	4	90
0	3	91
0	3	87
0	4	91
0	3	86
0	4	91
0	4	91
0	7	91
0	4	91
0	19	91
0	4	91
0	4	91
0	4	91
0	5	91
0	4	91
0	4	91
0	4	90
1	5	91
0	5	91
0	5	89
0	5	91
0	5	91
0	5	91
0	5	91
0	5	91
0	5	90
0	5	91
0	5	90
0	5	91
0	5	91
0	6	89
0	5	91
0	5	91
0	4	90
0	5	91
0	5	90
0	6	91
0	6	90
0	6	91
0	7	91
0	6	91
0	6	91
0	6	90
0	14	91
0	5	91
0	5	90
0	15	90
0	4	90
0	6	90
0	6	90
0	6	89
0	7	90
0	9	90
0	9	91
0	9	91
0	-1	90
0	9	91
0	9	91
0	10	91
0	10	90
0	9	91
0	8	90
0	12	88
0	11	90
0	11	91
0	11	91
0	11	91
0	11	91
0	12	91
0	11	91
0	11	91
0	10	90
0	9	90
0	7	91
0	7	91
0	7	90
0	7	89
0	7	91
0	7	90
1	6	91
0	6	91
0	6	91
0	6	91
0	5	91
0	4	90
0	5	91
0	4	91
0	11	91
0	5	91
0	5	90
0	6	90
0	7	91
0	6	91
0	12	91
0	6	90
0	6	90
0	6	90
0	6	90
1	7	91
0	6	91
0	6	91
0	6	90
0	6	89
0	6	91
0	6	91
0	6	91
0	6	91
0	5	91
0	5	89
0	4	91
0	5	89
0	15	91
0	3	91
0	4	91
0	6	91
0	6	91
0	5	90
0	6	91
1	6	91
0	6	91
0	5	90
0	5	90
0	5	91
0	5	91
0	5	91
0	4	90
0	3	91
0	3	91
0	3	90
0	3	91
0	4	90
0	3	91
0	3	90
0	3	91
1	3	90
0	2	90
1	17	90
0	-1	90
0	2	90
0	4	91
0	4	89
0	5	90
0	5	91
0	5	90
0	5	91
0	15	91
0	5	90
0	5	91
0	6	91
0	5	90
0	15	89
0	6	90
1	6	91
0	5	91
0	5	91
0	5	91
0	5	90
1	11	90
0	5	89
0	5	88
0	6	90
0	5	91
0	5	91
0	4	91
0	4	91
0	4	90
0	3	90
0	13	90
0	3	89
0	3	90
0	3	90
0	3	90
0	3	91
0	3	91
0	5	91
1	12	90
0	4	91
0	4	90
0	4	91
0	4	90
0	5	91
0	6	91
1	6	90
0	5	91
0	6	90
0	5	91
0	4	77
0	19	91
0	5	89
0	5	90
0	6	90
0	5	90
0	5	91
0	5	91
0	4	91
0	4	91
0	4	90
0	4	91
0	4	91
0	4	91
0	-1	91
0	3	91
0	3	91
0	3	91
0	3	91
0	3	85
0	3	89
0	3	91
0	3	91
1	3	91
0	17	91
0	3	91
0	9	90
0	2	47
0	3	91
1	3	91
1	4	91
0	4	91
0	3	53
0	4	90
1	4	91
0	4	91
0	4	91
0	4	91
0	5	91
0	4	91
0	4	90
0	4	91
0	4	91
0	3	90
0	3	90
0	3	90
0	4	91
0	4	91
0	4	91
0	4	91
0	4	91
0	4	91
0	4	91
0	4	91
0	4	91
0	4	91
0	4	91
0	4	86
0	3	90
0	4	91
0	4	91
0	4	91
0	4	91
0	4	91
0	4	91
0	4	91
0	4	91
0	4	91
0	4	91
0	4	90
0	4	90
0	4	90
0	4	91
0	17	90
0	4	90
0	5	90
0	5	91
0	3	90
0	3	90
0	3	90
1	3	47
0	3	91
0	3	90
0	3	90
0	3	90
1	4	91
0	3	89
0	3	91
0	3	91
0	3	91
0	2	91
0	1	90
0	1	90
0	2	90
0	2	90
0	3	91
0	4	91
0	13	91
0	4	91
0	5	91
0	4	91
0	14	91
0	6	91
0	3	77
0	4	90
0	4	90
0	4	89
0	4	90
0	4	77
0	5	91
0	5	91
1	5	91
0	5	90
1	6	91
0	5	87
0	6	90
0	7	90
0	7	91
0	7	88
0	6	90
0	6	91
0	6	91
0	6	90
0	6	91
0	6	90
0	6	91
0	5	91
0	4	91
0	4	91
0	2	91
0	2	91
0	3	91
0	2	90
1	5	88
0	2	90
0	1	91
0	14	91
0	1	91
0	0	91
0	14	91
0	14	91
0	2	90
0	3	90
0	3	90
0	4	91
0	4	91
0	8	91
0	4	91
0	4	90
0	4	91
0	4	90
1	5	61
0	6	91
3	6	91
0	6	91
0	4	91
0	4	91
0	3	91
0	3	91
0	3	91
0	3	90
1	3	90
1	4	90
0	2	90
0	2	91
0	3	90
0	2	91
0	2	91
0	2	91
0	2	91
0	2	90
0	0	90
0	0	91
0	0	90
0	0	89
0	0	91
0	0	91
0	0	91
0	0	90
0	0	91
0	0	91
0	0	90
0	0	91
0	0	91
0	0	90
0	0	91
0	0	91
0	0	90
0	0	90
0	1	91
0	1	90
0	1	91
0	1	90
0	1	90
0	1	89
0	1	90
0	1	90
0	1	89
0	1	89
0	1	90
0	1	90
0	1	91
0	1	90
0	1	91
0	5	90
0	2	90
0	2	90
0	2	89
0	2	91
0	2	90
0	2	91
0	3	91
0	2	89
0	3	89
0	3	91
0	3	90
0	3	91
0	3	91
0	3	90
0	3	91
0	4	91
0	4	91
0	4	89
0	4	91
0	3	90
0	4	90
0	5	91
0	5	91
0	5	91
0	5	91
0	5	91
0	6	91
0	5	89
0	5	89
0	5	91
0	5	91
0	5	91
1	16	90
0	4	90
0	4	90
0	4	91
0	4	91
0	4	90
0	4	91
0	4	90
1	5	90
0	3	91
0	3	91
0	3	90
0	1	91
0	2	91
0	1	91
0	1	90
0	2	91
0	1	91
0	0	91
0	0	91
0	0	90
0	0	91
0	0	90
0	0	91
0	0	91
0	9	91
0	0	89
0	0	90
0	0	91
0	0	90
0	0	91
0	0	89
0	0	88
0	0	91
0	0	91
0	0	91
0	0	90
0	0	91
0	0	90
0	0	89
0	0	90
0	0	91
0	0	90
0	1	90
0	2	91
0	2	91
0	4	90
0	5	91
0	5	91
0	5	90
0	5	90
0	6	90
0	6	91
0	7	91
0	8	90
0	9	91
0	10	90
0	10	90
0	10	90
0	10	90
0	10	90
0	9	91
0	8	91
0	7	91
0	8	90
0	7	90
0	7	90
0	7	90
0	7	90
0	7	90
0	7	91
0	7	91
0	7	91
0	7	91
0	12	91
0	8	91
0	7	88
0	7	90
0	8	91
1	8	88
1	10	91
0	6	90
0	4	91
0	10	91
0	8	91
0	7	91
0	9	90
0	9	90
0	10	88
0	11	91
0	11	91
3	11	91
0	10	90
0	13	91
1	16	91
0	17	91
0	15	90
0	15	90
1	15	90
0	5	89
0	5	87
0	16	91
0	5	91
0	15	86
0	6	91
0	6	90
0	7	91
2	7	89
0	9	91
0	9	90
0	14	90
0	9	90
0	11	90
0	11	91
0	10	91
0	10	91
0	10	91
2	7	79
0	8	90
0	8	91
0	10	91
1	8	91
0	8	90
0	7	90
0	8	90
0	8	90
1	9	90
0	8	91
0	7	91
2	6	90
0	6	91
0	6	90
0	7	91
1	8	90
0	9	91
0	5	91
0	5	91
0	5	91
0	5	91
0	5	90
1	5	91
0	5	91
0	5	91
0	6	91
0	6	91
1	16	90
0	5	90
0	6	90
0	6	91
0	7	90
0	7	90
0	7	90
0	9	91
0	7	90
0	8	91
0	8	90
0	8	91
0	8	90
0	8	90
0	7	90
0	12	91
0	13	91
0	-1	91
0	-1	91
0	9	91
0	10	90
0	7	91
0	6	91
0	6	91
0	5	91
0	11	91
0	5	90
0	5	90
0	5	81
0	6	90
0	12	91
0	5	90
0	14	91
0	6	91
0	5	91
0	5	90
0	5	91
0	6	90
0	16	90
0	16	90
0	11	91
0	16	91
0	6	91
0	6	91
0	15	91
0	20	89
0	6	90
0	6	90
0	6	91
0	6	91
0	6	91
0	7	90
0	5	90
0	5	91
0	5	91
0	5	91
0	5	91
0	5	91
0	6	90
0	14	91
0	6	90
0	6	91
0	14	91
0	3	90
0	4	91
0	16	91
0	3	91
0	16	91
0	15	91
0	4	91
0	16	91
0	16	90
0	16	91
0	3	90
0	15	90
0	15	90
0	14	90
0	14	90
0	14	91
0	14	91
0	13	91
0	5	91
0	6	91
0	16	90
0	-1	90
0	6	90
0	16	90
1	16	90
0	17	90
0	16	90
1	16	90
0	8	91
0	9	90
0	8	91
0	23	91
0	13	91
0	8	91
0	12	90
0	10	91
0	11	90
0	11	90
0	8	91
0	7	39
0	7	39
0	-1	90
1	12	91
0	12	91
0	8	91
0	8	90
0	9	90
0	12	90
0	11	90
0	11	90
0	10	90
0	12	91
0	-1	91
0	8	91
0	-1	90
0	8	86
0	-1	81
0	6	74
0	8	90
0	8	91
0	7	91
0	7	90
0	7	89
0	10	91
0	10	90
0	6	90
0	11	90
0	9	91
0	8	88
0	12	91
0	12	91
0	12	89
0	13	90
0	8	90
0	13	91
0	13	90
0	7	91
0	-1	90
0	8	90
0	14	91
0	9	90
0	12	91
0	9	90
0	8	90
0	7	91
0	6	91
0	6	90
1	7	91
0	6	90
0	12	90
0	7	91
0	7	91
0	7	90
0	7	90
0	8	90
0	8	91
0	10	90
0	9	90
0	8	91
0	8	90
0	8	91
0	8	91
0	9	90
0	6	91
0	8	90
1	9	91
0	9	91
0	9	91
0	9	91
0	9	90
0	8	91
0	8	90
0	9	91
0	9	91
2	-1	91
0	8	90
0	8	91
0	9	91
0	8	87
0	12	90
0	12	90
0	11	91
0	11	90
0	11	90
0	10	91
0	11	91
0	10	91
0	8	91
0	8	91
0	8	91
0	7	90
0	6	91
0	12	90
0	13	91
0	14	91
3	13	91
0	13	91
0	13	91
0	6	91
0	8	91
0	9	91
0	8	91
0	8	91
0	13	89
0	4	91
0	4	90
0	4	91
0	4	91
0	3	91
0	3	89
0	4	91
0	4	90
0	4	91
0	4	91
0	4	91
0	4	90
0	3	90
0	3	91
0	4	90
1	4	91
0	4	91
0	4	91
0	4	90
0	4	91
1	4	90
0	3	90
0	3	91
0	3	91
0	3	91
0	2	50
0	3	91
0	3	91
0	3	91
0	2	91
0	17	91
0	2	91
0	17	91
0	2	90
0	3	91
0	2	91
0	2	91
0	2	91
0	2	91
0	2	91
0	2	91
0	2	91
0	3	91
0	16	90
0	3	91
0	3	90
0	3	91
0	3	90
0	3	91
0	3	89
0	4	91
0	3	91
0	5	91
0	19	91
0	19	90
0	3	91
0	19	91
0	18	91
0	5	91
0	5	91
0	6	91
0	6	91
0	6	91
0	15	90
0	6	89
0	7	91
0	7	88
0	7	90
0	7	90
0	8	91
0	-1	91
0	10	91
0	9	91
0	10	91
0	9	90
0	9	90
0	10	91
0	10	91
1	10	84
0	9	91
0	10	90
0	8	91
0	8	91
0	7	91
0	7	91
0	7	91
0	7	91
0	6	91
0	5	90
0	5	90
0	7	91
0	6	91
0	6	91
0	7	91
0	6	91
0	6	91
0	6	91
0	4	91
0	4	90
0	3	91
0	3	90
0	4	91
0	3	68
0	4	91
0	4	91
0	4	91
1	4	68
0	4	90
0	4	91
0	4	91
0	4	90
0	5	91
0	3	91
0	3	90
0	3	91
0	3	91
0	3	90
0	3	91
0	3	89
0	3	90
0	3	89
0	2	91
0	2	90
0	2	91
0	2	91
0	2	90
0	2	91
0	2	90
0	2	91
0	2	91
0	2	91
0	1	90
0	1	91
0	2	91
0	1	91
0	1	91
0	1	90
0	1	91
0	1	90
0	1	91
0	1	90
0	1	90
0	3	91
0	3	91
0	2	91
0	2	90
0	2	91
0	2	91
0	2	91
0	2	90
0	2	91
0	2	91
0	2	91
0	2	91
0	2	91
0	3	91
0	3	90
0	3	90
0	3	91
0	2	90
0	3	90
0	3	90
0	3	91
0	3	91
0	4	90
0	4	91
0	5	91
0	6	90
0	6	91
0	5	91
0	4	90
0	5	91
0	5	91
0	5	89
0	5	90
0	5	91
0	6	91
0	5	90
0	5	90
0	7	90
0	7	91
0	8	91
0	8	90
0	9	91
0	9	89
0	9	90
0	12	91
0	10	91
0	10	91
0	5	90
0	7	91
0	7	91
0	7	91
0	7	91
0	7	91
0	7	91
0	6	91
0	6	90
0	6	90
0	6	84
0	6	84
1	8	90
0	6	91
0	9	91
0	1	91
0	1	91
0	1	91
0	1	91
0	1	91
18	18	90
20	20	90
20	20	90
20	20	90
20	20	90
0	1	90
0	1	91
0	1	91
0	1	90
0	1	91
0	1	91
0	1	90
0	2	91
0	1	90
0	1	90
0	14	90
0	2	91
0	1	91
0	1	90
1	2	91
0	1	91
0	1	90
0	2	90
0	3	91
0	3	91
0	3	91
0	3	91
0	3	90
0	4	90
0	4	90
0	5	90
0	4	91
0	12	91
1	6	85
0	13	91
0	5	90
0	6	90
0	7	90
0	6	89
0	6	90
0	6	91
0	6	90
0	6	90
0	15	91
0	6	91
0	15	89
0	6	91
0	6	91
0	7	91
0	7	91
0	6	90
0	7	91
0	5	90
0	5	91
0	5	89
0	5	91
0	5	90
0	4	90
0	4	91
0	4	91
1	5	88
2	4	91
0	4	89
1	18	91
0	2	91
0	2	91
0	2	91
0	2	90
0	3	90
0	16	91
0	15	91
0	3	91
0	5	90
2	6	88
1	5	91
0	5	90
0	5	91
0	13	90
0	8	90
0	6	90
0	7	90
1	10	91
0	9	91
0	10	91
0	10	90
0	10	91
0	10	91
0	12	90
0	10	90
0	10	90
0	10	90
0	10	90
0	10	91
0	10	91
0	10	91
0	10	90
0	10	90
0	10	91
0	10	91
0	17	89
0	10	91
0	9	89
1	8	91
0	8	91
1	8	91
0	12	91
0	7	90
0	7	90
0	9	90
0	7	91
1	6	91
0	6	91
0	5	90
0	5	91
0	5	91
0	5	91
0	7	90
0	8	90
0	7	90
0	8	91
0	9	91
0	8	90
0	8	91
0	8	91
0	8	91
0	8	91
0	6	58
0	8	90
0	7	90
0	8	91
0	7	91
0	7	91
0	6	90
0	16	90
0	4	91
0	4	91
0	4	91
0	4	91
0	4	91
0	4	91
0	5	90
0	5	91
0	5	91
0	3	91
0	4	90
0	3	91
0	3	91
0	3	91
0	3	91
0	3	91
0	3	91
0	18	90
0	3	91
0	3	91
0	2	90
0	3	91
0	1	62
0	3	90
0	3	91
0	4	91
0	4	91
0	4	91
0	4	90
0	4	91
0	15	90
0	4	90
1	4	90
0	4	89
0	5	90
0	5	91
0	16	90
0	4	91
0	4	90
0	6	91
0	5	77
0	7	91
0	14	90
1	7	90
0	6	77
1	10	91
0	8	91
0	8	91
0	8	91
0	9	91
1	8	91
0	8	91
0	8	91
0	8	91
1	8	91
0	8	90
0	7	90
0	8	91
0	8	91
0	8	90
0	8	91
0	8	91
0	8	91
0	7	91
0	7	91
0	7	91
0	8	91
0	7	91
0	14	90
0	7	91
0	6	91
0	6	91
0	6	91
0	6	91
0	6	90
0	5	91
0	4	91
0	4	91
0	3	91
1	3	91
0	3	91
0	14	91
0	3	91
0	3	89
0	3	91
0	3	90
0	3	90
0	3	90
0	3	91
0	3	90
0	4	91
0	3	91
0	4	91
0	3	91
0	3	91
0	4	90
0	3	90
0	3	91
0	3	91
0	5	91
0	3	90
0	3	91
0	15	90
0	13	90
0	4	90
0	2	89
0	3	90
0	2	91
0	2	91
0	15	90
0	2	91
0	3	90
0	3	91
0	14	90
0	3	90
0	4	91
1	5	91
0	5	90
0	5	91
0	5	91
0	5	90
0	6	91
0	6	90
0	5	89
0	5	91
0	5	91
0	5	91
0	14	90
0	5	91
0	5	91
0	4	91
0	4	91
0	4	91
0	4	90
0	4	90
0	4	91
0	5	91
0	5	91
0	5	91
0	5	91
0	5	91
0	5	90
0	5	90
0	5	91
0	5	89
0	5	91
0	5	77
0	5	91
0	5	91
0	5	90
0	5	91
0	5	90
0	5	91
0	5	91
0	5	91
0	5	91
0	6	91
0	5	89
0	5	91
0	10	90
0	5	91
0	15	90
1	-1	91
0	4	91
0	4	91
0	4	91
0	3	91
0	2	90
0	2	91
0	2	91
0	3	91
0	3	91
0	-1	91
0	1	91
0	1	91
0	1	91
0	1	91
0	1	91
0	1	91
0	1	91
0	2	91
0	1	90
0	2	91
0	3	91
0	3	91
0	3	90
0	3	91
0	3	90
0	4	91
0	3	90
0	4	91
0	4	90
1	4	91
0	5	91
0	4	90
0	5	89
0	5	91
0	5	90
0	5	90
0	5	91
0	6	90
0	4	90
0	4	90
0	5	90
0	5	91
0	5	91
0	5	91
0	5	91
1	5	91
0	5	91
0	5	91
0	5	91
0	5	90
0	5	90
0	5	91
0	5	89
0	6	91
0	5	90
0	5	91
0	5	90
0	5	90
0	5	91
0	5	91
0	16	90
0	16	91
0	5	90
0	16	90
0	5	90
0	5	91
0	5	89
0	6	91
0	20	90
0	6	90
0	6	91
1	6	90
0	7	90
0	7	91
0	7	91
0	7	91
1	8	83
0	7	91
0	7	90
0	7	91
0	7	90
0	7	91
0	6	90
0	6	91
0	5	91
0	5	91
0	5	91
0	5	90
0	4	91
0	5	90
0	4	91
1	5	91
0	5	91
0	4	90
0	5	91
0	5	91
0	4	73
0	6	90
0	6	90
0	6	91
0	6	91
0	6	91
1	5	91
0	4	90
0	3	91
0	3	90
0	4	90
0	4	91
0	4	90
0	4	91
0	5	91
0	5	91
0	4	91
1	4	91
0	4	89
0	4	91
0	4	91
0	4	91
0	4	91
0	4	91
0	5	89
0	4	91
1	3	87
0	4	91
0	4	90
0	4	91
0	5	91
0	15	90
0	5	90
0	5	90
0	6	90
0	7	91
0	6	89
0	6	91
0	6	91
1	7	91
0	7	91
0	7	91
0	7	89
0	7	91
0	6	91
0	6	91
0	6	91
0	7	91
0	5	90
0	5	91
0	5	90
0	5	91
0	5	90
0	4	91
0	4	90
0	6	91
0	5	91
0	5	91
0	5	91
0	10	90
1	7	91
0	6	91
0	6	91
1	6	91
0	6	91
0	6	90
0	6	90
0	5	90
0	5	91
0	5	91
0	4	90
0	3	90
0	4	90
0	4	90
1	4	83
0	5	91
0	5	91
0	5	90
0	5	90
0	6	88
0	5	91
1	7	90
0	4	90
0	4	91
0	4	91
0	4	90
0	5	90
0	5	91
0	11	90
1	5	90
0	5	90
0	4	91
0	4	91
0	4	91
2	4	91
0	4	90
0	16	90
0	4	90
0	3	90
1	3	90
0	3	90
0	3	91
0	3	91
0	3	91
0	4	91
0	4	90
0	2	91
0	3	90
0	2	91
0	2	91
0	2	91
0	2	91
0	1	90
0	1	91
0	1	90
1	-1	91
0	2	90
0	1	91
0	1	91
0	1	91
0	1	90
0	1	91
1	1	90
0	1	91
0	1	91
0	1	91
0	1	90
0	1	91
0	1	91
0	1	90
0	1	91
0	1	91
1	1	91
0	3	91
0	4	91
0	3	91
0	3	90
0	4	91
0	4	91
0	4	91
0	4	91
0	4	90
1	5	91
0	4	91
0	4	90
0	4	91
0	4	91
0	4	91
0	4	91
0	4	91
0	4	91
0	4	87
0	4	91
0	4	89
0	4	91
0	4	91
0	4	90
0	4	91
0	4	91
0	4	89
0	7	90
0	4	91
0	4	91
0	4	90
0	4	91
0	4	91
0	4	90
0	5	88
0	4	90
0	3	91
0	3	91
0	3	91
0	2	91
0	1	91
0	1	91
0	1	90
0	1	91
0	1	91
0	1	90
0	1	91
0	1	90
0	1	90
0	1	90
0	1	91
0	1	91
0	1	91
0	1	90
0	1	91
0	1	90
0	3	90
0	3	91
0	3	91
0	4	91
1	3	90
0	4	90
0	4	90
0	4	90
0	3	90
0	3	91
0	3	90
0	4	91
0	4	91
0	4	91
0	4	90
0	4	91
0	4	87
0	5	87
0	5	89
0	5	91
0	5	91
2	5	89
0	5	87
0	2	91
0	2	91
0	2	90
0	2	91
0	2	91
0	2	91
0	2	88
0	2	90
0	2	90
0	2	91
0	2	91
0	2	91
0	2	91
0	1	90
0	1	70
1	1	91
0	1	91
0	1	91
0	1	91
0	1	91
0	2	90
0	1	91
0	1	91
0	1	91
0	1	90
0	1	91
0	1	91
0	1	91
0	1	90
0	0	91
0	1	91
0	1	91
1	1	91
0	-1	91
0	1	90
0	1	90
0	1	91
0	1	91
0	1	91
0	1	91
0	1	90
0	1	91
0	1	90
0	1	91
0	1	90
0	1	91
0	17	91
0	1	90
0	1	91
0	1	90
0	1	90
0	2	91
0	1	91
7	7	27
0	2	90
0	1	91
0	1	91
0	1	90
0	1	91
0	1	90
0	1	90
0	1	91
0	1	91
0	1	89
0	1	88
0	1	90
1	1	91
0	1	90
0	1	90
0	1	90
0	1	87
0	1	91
0	1	91
0	1	91
0	1	90
0	2	91
0	2	90
1	7	91
1	6	91
0	3	91
0	4	91
0	5	91
0	4	91
0	5	91
0	5	90
0	5	91
0	5	90
0	6	91
0	7	88
0	7	91
0	7	89
0	7	90
1	7	91
0	7	90
0	7	90
0	7	91
0	8	91
0	7	91
0	7	91
0	7	90
0	7	91
1	7	91
0	7	91
0	7	91
0	7	91
0	7	91
0	7	90
0	7	91
0	7	87
0	7	91
0	7	91
0	7	91
1	7	91
0	6	90
0	6	91
0	5	91
0	5	91
0	5	91
0	5	91
0	5	91
0	4	90
0	4	87
0	5	88
0	4	89
0	4	91
0	4	90
0	4	91
0	4	89
0	4	91
0	3	91
0	3	91
0	13	90
0	3	89
0	3	90
0	3	90
0	3	90
0	2	90
0	2	90
0	1	91
0	1	90
0	1	91
0	1	91
0	1	91
0	1	91
0	1	91
0	1	91
0	1	91
0	1	91
0	1	91
0	2	67
0	1	91
0	1	91
0	1	91
0	1	91
0	1	91
0	1	91
1	2	91
0	1	91
0	1	91
0	1	91
0	1	90
0	1	90
0	1	89
0	3	91
0	3	91
0	2	91
0	2	90
0	2	91
0	2	90
0	3	91
0	3	90
0	3	91
1	4	90
0	3	90
0	3	91
0	3	90
0	3	91
0	3	90
0	3	91
0	4	91
1	4	90
0	4	90
1	-1	90
0	4	90
0	4	90
0	4	91
0	4	90
0	4	90
0	4	91
0	4	91
0	4	91
0	4	91
0	4	89
0	5	90
0	4	90
0	4	91
0	4	91
0	4	90
0	4	91
0	4	91
0	3	91
0	2	91
0	3	90
0	3	90
0	4	91
0	4	89
0	4	91
0	4	91
0	5	90
0	13	90
0	5	90
0	4	90
0	4	91
0	5	91
0	6	90
0	6	90
0	6	91
0	6	91
0	5	91
0	5	91
0	6	91
0	6	91
0	6	91
0	7	91
0	6	91
0	7	90
0	7	91
0	7	91
0	7	90
0	7	90
0	7	91
0	8	90
0	7	91
0	8	91
0	8	91
0	9	90
0	8	89
0	7	91
0	7	91
0	7	91
1	6	56
0	6	91
0	5	91
0	5	91
0	4	91
0	5	87
1	3	91
0	3	90
1	3	91
0	3	90
0	-1	91
0	4	91
0	4	90
0	4	91
0	4	91
0	4	91
0	4	91
0	5	89
0	5	91
0	4	90
0	6	91
1	6	91
0	6	91
0	6	90
0	7	90
0	7	91
0	8	91
0	7	90
0	7	91
0	7	90
0	7	91
0	7	91
0	7	91
0	15	91
0	7	90
0	7	90
0	8	91
0	7	91
0	8	91
0	7	90
0	7	90
0	8	90
0	8	91
0	8	91
0	7	91
0	17	91
0	6	90
0	16	91
0	17	90
0	4	90
0	4	88
0	18	91
0	18	91
1	6	91
0	7	90
0	7	91
1	19	91
0	7	91
0	7	91
0	7	90
0	8	91
0	8	90
0	8	90
0	9	91
0	9	91
0	9	91
0	9	91
0	9	91
0	9	91
0	9	91
0	9	90
0	9	91
0	9	90
0	10	90
0	9	91
0	9	91
0	9	91
0	7	91
0	9	90
0	9	90
0	8	91
0	7	91
0	7	90
0	6	90
0	10	91
0	6	91
0	6	91
0	7	91
0	9	91
0	10	91
0	10	90
0	8	89
1	13	91
0	12	91
1	10	90
0	10	91
0	12	91
0	10	91
0	11	91
0	7	90
0	8	91
0	8	91
0	9	91
0	14	91
0	14	90
0	9	91
0	9	91
0	10	91
0	8	91
0	12	91
1	6	90
0	6	90
0	7	90
0	7	90
0	14	91
0	7	91
0	14	91
0	14	90
0	8	90
0	9	91
0	12	91
0	12	90
0	9	90
0	8	90
0	8	89
0	8	91
0	8	91
0	8	91
0	9	91
0	9	91
0	9	91
0	9	91
0	9	91
0	10	91
0	9	91
0	9	91
0	13	90
0	8	90
1	14	90
1	6	91
0	13	91
1	4	72
0	4	91
0	3	91
0	3	91
0	4	91
0	3	90
0	4	91
0	4	90
0	4	91
0	3	91
1	3	88
0	3	89
0	3	90
0	3	90
0	4	90
0	4	91
0	4	91
0	4	89
0	4	90
0	5	90
0	6	91
0	6	90
0	6	90
0	6	91
0	8	91
0	6	91
0	6	91
0	6	91
0	6	90
0	6	91
0	5	90
0	5	90
0	5	90
0	5	90
0	16	91
1	15	90
0	6	90
0	6	91
0	6	91
0	6	90
0	5	91
0	5	91
0	5	91
1	8	91
0	5	91
0	5	91
0	5	91
0	5	91
0	4	91
0	4	90
0	3	91
0	4	91
0	14	90
1	13	91
0	5	91
0	5	91
0	6	91
0	6	91
1	6	90
1	6	90
0	7	91
0	7	91
0	7	91
0	7	91
0	6	90
0	6	91
0	5	91
0	5	91
0	6	90
0	5	90
0	6	91
0	5	90
0	5	89
0	5	91
0	6	91
0	6	90
0	6	91
0	6	90
0	14	91
0	8	91
0	6	90
0	6	90
0	5	90
0	3	62
0	5	91
0	4	91
0	3	91
0	3	90
0	2	90
0	2	91
0	5	91
0	5	90
0	4	90
0	5	91
1	5	90
0	5	91
1	5	90
0	5	90
0	5	91
0	5	91
0	5	91
0	5	91
0	11	91
0	3	91
0	3	90
0	3	91
0	3	91
0	13	91
0	3	91
0	3	90
0	13	90
0	3	90
0	13	89
0	3	88
0	3	90
0	3	91
0	5	90
0	4	91
0	4	90
0	4	91
0	4	91
0	2	91
0	1	91
0	13	91
0	1	89
1	3	90
0	3	91
0	3	91
0	4	91
0	3	89
0	4	90
0	4	90
0	4	91
0	4	91
0	6	91
0	4	91
0	14	90
0	4	91
0	5	90
0	13	90
0	5	91
0	13	91
0	5	90
0	5	90
0	5	89
0	5	91
0	5	91
0	5	91
0	5	90
0	6	91
0	6	91
0	6	91
0	6	91
0	6	90
0	6	90
0	6	90
0	4	90
0	13	91
0	3	91
0	3	91
0	3	91
0	3	91
0	3	89
0	3	90
0	3	90
0	2	91
0	2	91
0	2	91
0	3	91
0	3	91
0	4	91
0	3	91
0	4	89
0	3	91
0	3	91
0	3	90
0	5	90
0	3	91
0	3	90
0	3	91
0	4	91
0	16	90
0	6	89
0	6	90
0	6	90
0	6	91
0	6	90
0	7	91
0	7	90
0	8	91
0	8	90
0	8	88
0	10	91
0	10	90
0	11	91
0	11	91
0	11	91
0	10	91
0	10	91
0	10	91
0	11	90
0	9	91
0	9	91
0	9	91
0	9	91
0	12	90
0	13	89
0	12	90
0	12	91
0	-1	88
0	14	88
0	-1	89
0	-1	91
0	10	91
0	10	91
0	16	91
0	-1	91
0	7	91
0	7	91
0	18	88
0	7	90
0	7	90
0	7	90
0	6	79
0	7	91
0	6	77
1	7	91
0	7	91
0	8	91
0	7	91
0	12	90
2	10	91
0	7	90
0	7	91
0	7	91
0	7	91
0	7	91
0	7	91
0	7	91
0	7	90
0	7	90
0	7	91
0	6	90
0	6	90
0	7	90
0	6	90
0	6	91
0	7	91
0	7	91
0	6	91
0	6	91
0	5	91
0	3	90
0	4	90
0	4	91
0	4	90
0	4	90
0	5	90
0	5	91
0	12	91
1	6	91
0	6	91
0	6	91
0	6	90
0	6	91
0	6	90
0	6	91
0	6	91
0	6	91
0	7	90
0	6	90
0	8	91
0	5	91
0	5	90
0	4	90
0	5	90
0	6	91
0	6	90
0	5	91
0	5	85
0	5	91
0	5	85
0	5	90
0	5	91
0	4	90
0	4	91
0	4	90
0	3	90
1	14	91
0	2	90
1	14	90
0	4	91
0	3	89
0	3	90
0	3	90
0	3	90
0	3	90
0	10	91
0	10	91
0	10	91
0	9	91
0	9	91
0	10	91
0	9	90
1	9	91
0	9	91
0	9	91
0	10	91
0	9	91
0	8	91
0	8	89
0	8	87
0	8	88
0	7	91
0	6	90
0	7	90
0	7	91
0	6	89
0	7	91
0	7	91
0	8	91
1	8	90
0	7	91
0	7	91
0	7	90
0	8	91
1	8	91
0	9	90
0	8	91
0	15	91
0	6	90
0	7	90
0	8	91
0	8	91
1	8	90
0	8	91
0	8	90
0	7	89
0	6	91
0	6	91
0	6	91
0	6	91
0	11	91
0	4	91
0	3	91
0	2	91
0	2	91
0	3	91
0	5	86
0	2	91
0	2	74
0	3	86
0	2	89
0	2	91
0	2	91
0	2	91
0	2	90
1	4	90
0	13	91
0	4	91
0	4	91
0	5	91
0	5	91
0	10	91
0	5	89
0	7	90
0	7	90
0	8	91
0	8	91
0	8	91
1	8	91
0	8	91
0	8	91
0	8	90
0	8	90
0	9	91
0	9	91
0	10	91
0	7	90
0	8	89
0	9	90
0	10	90
1	11	90
0	9	90
0	9	90
0	9	91
0	8	88
0	6	90
2	7	25
0	13	75
0	14	91
1	24	90
0	11	90
0	8	91
0	9	90
10	10	27
1	12	91
2	6	26
3	8	23
6	9	24
2	14	25
4	12	25
3	10	24
3	8	23
0	12	91
0	12	90
6	6	25
8	13	31
1	7	22
5	8	25
2	11	91
9	11	30
2	8	90
3	8	91
1	5	24
4	5	27
1	10	91
19	20	58
0	31	90
4	5	65
0	16	86
0	14	90
0	15	86
0	16	91
1	11	91
5	9	26
7	8	26
2	11	78
7	11	31
0	8	90
5	7	30
11	11	38
0	5	90
0	12	90
1	7	21
0	9	87
0	10	91
1	0	48
0	6	90
0	7	91
1	10	90
1	9	90
3	6	23
0	13	91
0	14	90
0	13	90
0	12	91
3	3	26
0	2	24
0	1	22
6	7	24
0	7	91
16	18	76
4	8	24
0	6	91
2	7	90
6	11	27
4	7	24
12	28	70
9	11	32
0	25	90
12	25	91
1	15	90
0	13	91
2	6	24
0	10	91
0	11	90
6	7	26
5	8	25
10	14	29
7	9	31
8	9	32
8	10	39
8	8	31
1	6	22
2	22	90
3	8	25
5	8	26
5	10	22
0	10	91
0	24	90
0	8	91
9	10	32
0	1	44
1	10	90
0	17	75
0	18	75
0	12	89
0	10	91
0	11	91
0	7	90
0	11	90
0	16	90
0	14	90
0	15	91
29	30	91
27	28	91
26	30	90
22	23	71
29	32	91
27	30	90
27	27	89
27	29	90
27	28	90
28	-1	91
24	25	76
4	5	23
7	10	30
28	32	89
28	31	90
6	6	26
6	7	25
7	8	26
25	33	91
29	30	91
22	27	80
28	30	90
27	28	87
28	32	90
30	34	91
30	-1	91
27	33	91
0	14	90
0	30	90
3	6	21
7	11	33
1	3	20
1	8	91
1	9	90
1	22	90
0	17	90
35	37	89
34	24	91
1	4	91
7	10	27
1	10	90
0	5	91
6	9	30
2	6	20
5	10	25
1	4	43
1	5	43
6	7	25
4	8	27
0	12	90
8	10	33
0	10	91
0	8	90
1	4	90
22	22	57
0	15	90
0	11	91
0	10	90
4	12	90
1	10	91
8	13	32
0	16	90
0	10	91
10	11	40
0	10	90
7	10	32
9	12	29
7	15	36
3	5	22
6	9	26
22	43	91
0	6	90
1	18	91
0	5	91
0	7	90
1	11	91
0	13	91
6	12	30
6	8	29
0	10	91
0	14	91
2	9	26
4	10	24
6	7	27
7	7	25
3	7	26
0	20	90
22	28	89
4	7	27
5	8	26
0	4	91
0	9	91
2	9	90
3	4	24
1	13	71
7	12	31
5	9	23
0	9	91
0	8	91
0	5	91
2	10	91
1	9	90
0	13	90
2	5	22
4	5	39
19	28	64
3	7	21
1	15	90
0	12	91
1	11	91
5	8	24
5	9	25
1	8	90
0	16	91
0	17	90
0	6	90
3	21	91
0	7	91
0	9	90
2	6	48
0	10	91
0	12	91
0	16	85
0	12	91
0	13	90
4	9	91
0	11	91
29	40	89
2	9	91
7	10	26
7	10	27
3	7	22
3	26	91
1	13	90
1	13	91
0	11	91
0	6	90
1	13	91
0	14	90
9	10	37
2	11	90
1	9	91
0	5	90
2	4	20
0	11	90
0	3	90
4	10	25
10	10	33
0	7	89
0	9	90
7	13	28
9	11	34
2	7	20
9	13	32
6	7	25
0	6	90
9	10	28
7	14	32
5	11	27
5	7	25
0	8	90
0	7	90
0	11	90
0	9	91
0	15	91
9	13	31
1	11	91
1	9	91
0	10	91
0	11	91
4	7	22
4	8	22
0	3	91
0	3	91
0	9	90
0	12	91
2	-1	91
0	10	91
0	11	90
0	14	91
0	10	90
28	34	91
0	9	90
0	5	91
0	3	90
1	11	90
0	4	90
0	10	91
0	10	91
0	7	91
0	8	91
0	11	90
0	8	90
7	11	31
4	9	26
3	5	24
5	7	24
5	7	23
5	9	25
3	5	21
0	16	90
0	3	91
0	9	90
3	4	22
19	41	91
8	13	33
0	8	89
0	9	91
29	37	85
0	11	90
10	13	41
0	11	91
3	7	24
0	18	90
0	9	91
1	10	91
1	7	90
5	9	25
2	16	91
1	8	91
1	6	50
1	-1	88
0	13	91
0	9	90
0	10	90
20	26	61
1	13	91
1	15	91
0	8	91
6	9	25
0	12	91
0	14	90
6	9	24
6	9	23
9	13	31
0	-1	90
0	5	90
20	36	84
2	8	23
6	10	26
4	6	30
0	11	91
0	12	91
1	10	91
1	9	91
3	6	23
2	6	22
9	9	30
0	7	90
0	9	90
5	13	30
0	8	89
0	5	90
0	6	91
7	7	32
8	6	29
0	15	91
6	10	32
0	10	91
1	8	90
6	8	26
8	14	33
5	9	31
6	8	27
5	10	24
4	6	22
0	15	90
10	12	32
2	4	31
4	-1	91
6	16	91
5	17	91
5	-1	91
0	7	90
7	11	34
5	7	26
4	12	90
6	10	29
3	5	23
6	10	27
7	10	28
5	7	26
0	10	91
10	12	34
9	16	28
5	7	40
1	12	91
8	12	32
4	10	28
1	10	91
1	9	88
5	7	25
28	30	91
7	10	27
0	11	90
0	16	90
0	18	89
7	9	26
7	8	26
7	13	28
2	7	30
4	7	24
9	10	30
1	15	90
4	6	31
9	13	31
6	13	30
2	6	22
7	11	39
4	9	23
5	7	25
0	6	91
0	8	90
2	5	23
6	9	25
5	9	30
9	12	38
9	12	34
5	10	28
4	9	32
6	8	28
1	17	91
0	-1	90
2	30	90
5	11	35
9	10	26
1	5	90
0	7	89
4	6	24
2	11	90
2	11	90
1	7	68
4	7	25
2	4	21
4	7	22
0	12	90
0	13	91
8	9	30
7	8	30
0	18	89
8	12	32
2	8	23
7	11	25
6	10	23
6	9	26
0	14	91
0	-1	89
5	9	26
4	11	24
4	9	22
0	5	90
6	8	26
7	12	30
0	9	91
0	15	90
2	21	90
1	10	91
2	10	90
0	15	91
0	18	91
0	20	91
0	8	91
1	18	91
0	14	90
6	8	25
2	5	20
0	7	89
0	6	91
4	8	23
4	10	23
3	6	23
7	10	28
0	13	90
19	27	90
9	11	29
4	7	22
0	22	91
3	10	90
3	8	24
7	10	31
6	11	31
10	10	37
0	25	90
19	29	67
6	9	26
0	9	91
0	20	91
6	11	32
3	6	23
6	8	24
3	10	23
4	7	22
7	12	30
12	16	43
3	7	23
3	8	23
6	12	31
0	9	91
0	9	90
6	8	31
7	8	27
2	5	21
0	4	22
4	8	22
5	11	30
1	14	91
7	12	31
4	9	26
4	9	24
0	5	91
0	16	91
1	6	20
0	7	91
0	14	91
0	19	90
5	7	26
7	9	30
0	-1	90
0	6	91
0	6	91
0	3	90
0	7	91
0	8	91
0	4	90
5	6	26
6	7	25
1	5	25
0	17	90
20	-1	90
1	13	91
6	9	30
0	7	91
2	4	24
3	17	91
37	40	90
1	12	91
0	9	91
18	22	48
20	22	47
0	33	90
5	10	30
0	11	90
0	23	91
0	10	90
5	6	26
3	8	23
7	22	91
4	25	91
4	13	91
2	9	91
0	6	90
2	-1	90
2	-1	90
7	11	32
3	7	22
2	16	89
4	15	91
5	11	90
0	12	91
0	11	90
11	15	40
4	5	24
28	33	91
0	3	90
4	36	91
1	-1	91
8	16	32
0	9	91
7	11	31
1	11	90
0	13	90
4	7	24
7	9	26
8	9	30
4	11	26
3	8	25
4	8	25
4	10	24
10	13	34
1	-1	90
3	6	20
3	10	90
3	9	90
5	9	25
4	7	22
0	16	91
4	8	33
3	13	90
0	10	90
0	10	91
5	7	23
1	11	90
0	9	89
1	10	91
0	11	91
2	48	91
3	6	22
2	3	22
12	11	37
7	7	28
6	11	30
5	10	28
7	12	31
2	7	90
5	19	91
1	11	91
4	23	91
0	12	91
0	11	91
0	12	91
0	13	91
0	10	91
3	10	40
5	9	30
6	9	28
8	10	32
9	8	34
5	7	23
0	7	91
4	7	26
10	13	35
15	15	40
7	10	28
6	10	30
0	12	89
4	8	23
6	7	23
2	6	26
4	8	25
29	35	91
0	7	91
0	6	91
0	11	90
1	13	86
8	10	31
2	9	22
1	15	91
6	15	30
8	13	31
7	10	26
0	13	91
0	7	90
5	10	24
3	5	22
1	11	90
2	7	91
0	10	80
3	8	24
2	5	23
0	8	90
0	18	91
0	22	90
1	13	91
8	11	29
8	14	36
8	12	30
0	9	90
0	12	90
3	5	21
6	30	91
6	6	23
2	11	91
1	13	91
5	8	23
4	8	25
6	6	24
3	7	22
0	9	90
4	9	22
6	12	27
5	9	26
5	8	25
5	8	24
0	7	91
4	12	91
0	8	90
5	6	33
0	9	90
0	12	90
5	8	25
19	37	91
9	10	29
1	28	91
10	27	91
0	7	91
3	7	29
8	9	30
4	9	27
4	7	24
4	6	22
3	4	20
2	4	22
6	9	24
21	22	90
6	7	26
3	5	23
0	15	91
0	8	91
0	6	90
0	7	91
7	10	26
7	9	28
0	11	90
5	11	25
3	11	24
0	7	91
8	11	31
9	11	30
8	14	34
9	14	35
8	14	33
8	14	31
9	13	31
9	12	30
9	12	27
1	8	90
0	14	89
1	12	90
1	14	91
5	26	91
0	6	91
0	9	91
0	25	90
0	21	91
0	3	22
7	7	25
9	12	31
3	10	23
4	9	24
2	5	20
17	11	46
15	15	53
25	29	85
16	20	61
3	25	91
5	7	26
0	2	56
3	7	23
2	6	21
5	8	23
2	5	22
2	5	21
0	26	90
0	8	91
2	4	24
7	8	26
4	36	91
21	44	91
3	7	24
6	6	26
0	13	91
0	16	91
0	-1	64
0	8	91
17	24	62
4	9	24
0	8	89
0	-1	91
0	14	91
0	12	91
7	16	37
11	11	35
1	7	90
0	6	90
36	40	90
1	10	91
10	13	32
0	5	90
0	9	90
7	9	26
6	10	41
0	10	90
7	7	26
2	16	91
2	-1	90
1	5	91
2	9	91
0	6	90
3	7	91
3	9	90
3	9	22
13	10	40
5	7	28
8	13	91
9	7	33
6	6	27
5	6	27
5	6	26
6	6	25
7	7	25
4	11	27
0	8	90
0	9	91
4	54	90
6	8	24
5	8	23
35	36	89
1	8	91
0	11	91
4	8	25
0	6	87
3	5	23
0	6	90
0	9	90
7	10	27
0	7	91
0	12	91
23	22	89
24	22	91
0	13	90
0	15	91
0	15	91
0	19	91
0	4	91
1	9	90
7	10	33
0	0	91
0	4	90
0	9	90
0	6	90
0	10	91
0	7	90
0	6	91
5	8	26
5	12	31
5	7	26
0	19	91
6	12	28
4	8	24
7	9	28
7	10	30
4	7	24
0	9	91
0	13	90
4	9	23
2	7	22
0	12	90
0	12	90
7	9	28
7	9	26
0	4	40
0	8	91
4	20	38
2	5	24
0	13	90
0	10	90
0	11	91
1	8	90
1	4	91
4	11	91
4	7	90
6	10	30
0	10	91
0	9	91
10	14	36
12	15	40
10	15	37
9	11	35
8	10	32
0	6	21
23	36	91
4	11	23
0	7	91
4	7	30
0	13	91
6	9	24
5	8	24
3	6	24
0	13	91
2	12	91
1	11	91
3	8	90
2	4	90
0	13	90
0	13	91
7	9	26
10	12	34
3	7	22
6	9	25
5	11	30
0	5	91
1	11	91
0	9	91
0	7	91
0	8	91
4	9	25
4	10	26
4	8	43
5	6	22
3	6	22
1	12	91
1	8	91
0	9	77
8	14	39
4	9	23
7	12	32
4	9	24
0	16	90
0	11	91
12	13	38
1	13	90
7	13	32
8	10	31
9	11	27
7	11	32
26	31	70
2	10	91
3	15	91
8	10	31
8	9	27
8	10	26
8	12	33
9	10	31
9	12	34
7	10	29
6	9	25
7	11	26
0	6	90
0	10	90
4	7	21
0	-1	91
0	-1	90
5	8	26
8	12	33
1	10	90
1	6	91
23	42	88
7	10	30
0	9	90
2	12	91
7	10	29
2	7	91
2	9	90
1	7	30
2	6	21
3	7	22
0	9	91
0	10	91
6	6	25
28	-1	91
0	11	91
1	5	21
1	7	90
0	16	91
12	12	37
0	8	90
0	6	91
4	6	26
1	7	20
0	19	90
0	16	90
2	6	21
3	4	24
0	7	90
0	12	91
2	22	91
3	9	91
2	5	23
2	4	22
8	10	32
8	13	91
0	5	91
5	10	26
9	11	30
9	10	30
0	7	91
1	10	91
1	12	90
0	13	79
7	11	32
11	11	33
8	13	29
8	7	27
0	4	91
0	9	91
0	-1	91
9	13	32
7	6	30
0	17	91
3	4	24
3	10	24
9	10	33
8	8	31
10	9	32
5	22	90
2	11	91
1	12	90
6	9	24
0	13	69
6	12	27
9	10	32
2	6	21
5	8	24
5	15	34
8	10	31
5	9	25
7	10	30
11	16	45
6	7	25
0	13	90
0	6	91
6	9	23
0	21	90
1	5	21
12	12	38
1	11	90
1	10	91
6	12	31
0	12	90
3	6	22
0	12	90
0	14	91
0	7	90
24	24	74
24	29	76
0	17	90
1	17	91
0	16	91
8	10	32
0	10	90
0	14	91
13	16	40
0	9	91
1	10	91
5	10	33
9	7	27
1	5	24
0	9	90
1	9	90
2	4	23
0	15	90
0	8	91
5	7	24
0	21	91
0	-1	90
0	-1	89
9	12	31
0	8	91
0	10	91
7	8	28
3	7	27
8	11	32
2	11	91
2	3	90
3	11	90
3	10	91
3	12	90
0	-1	84
4	13	91
0	8	90
12	13	39
3	14	91
0	10	90
0	9	83
0	-1	83
0	14	90
5	11	29
0	10	91
0	9	91
8	10	31
2	8	25
2	6	20
10	9	34
0	6	91
0	5	90
4	13	32
6	8	33
2	11	91
4	7	24
7	11	30
9	13	31
6	9	26
23	48	80
18	31	70
8	11	32
0	7	90
0	8	91
0	2	90
0	8	91
8	10	29
4	9	23
1	9	90
0	11	89
0	4	90
0	4	90
7	10	26
9	10	39
0	4	91
0	12	91
0	9	91
3	34	90
0	10	90
5	12	38
2	6	21
0	10	91
0	11	90
2	6	21
5	7	25
4	5	22
5	10	27
0	6	90
0	6	91
7	8	29
3	13	90
1	9	91
1	8	90
2	10	90
1	9	91
1	6	91
0	12	91
4	7	23
0	-1	91
0	12	91
10	4	31
1	12	90
0	3	20
4	8	25
0	2	78
0	11	89
0	12	90
0	12	90
0	14	91
0	11	91
0	9	91
25	44	90
2	6	23
0	10	91
0	4	90
0	8	22
0	19	91
0	6	90
2	7	91
1	8	62
0	17	68
10	14	34
0	-1	91
3	10	91
0	12	91
0	15	91
0	10	90
0	9	91
0	5	91
0	7	91
1	6	90
7	10	30
6	8	31
8	10	33
4	15	40
0	9	90
0	-1	91
7	10	25
0	5	23
10	13	36
11	12	31
10	12	36
10	12	34
10	10	33
8	11	31
0	8	90
3	7	21
7	9	28
4	10	25
0	8	91
17	19	56
0	2	79
10	8	34
8	10	31
0	8	91
5	14	35
0	8	89
0	4	91
3	10	30
3	5	24
9	10	34
3	10	26
10	12	32
0	5	90
0	11	91
1	5	91
26	41	90
0	11	91
0	6	91
11	15	36
9	14	31
9	12	29
5	7	23
1	11	91
0	7	90
8	10	91
0	22	90
0	15	90
2	6	24
3	7	23
0	13	90
0	14	91
1	9	90
0	18	91
6	8	24
16	18	45
0	8	91
0	11	90
1	11	91
1	11	90
0	16	90
7	8	29
5	7	25
0	9	91
6	10	30
7	8	26
3	4	22
0	11	91
4	9	25
5	7	24
3	13	26
3	9	25
3	10	24
0	9	91
5	8	26
3	8	22
9	12	37
0	4	91
1	10	90
5	8	22
9	16	61
28	33	85
2	7	23
4	9	24
7	7	25
1	13	90
6	8	25
2	9	24
3	10	24
3	6	22
2	8	22
18	22	55
0	13	91
0	13	91
4	13	91
1	6	90
1	8	91
6	11	29
7	10	26
3	25	91
2	6	20
5	11	31
12	12	37
0	13	91
0	14	91
3	9	30
0	4	91
0	12	91
8	11	30
0	8	91
0	8	91
7	9	35
9	10	30
5	6	25
0	13	91
0	9	91
4	11	26
1	12	90
0	3	91
0	8	91
1	9	91
0	30	90
0	8	91
0	11	90
8	10	29
4	8	40
4	8	38
4	9	26
9	14	31
0	4	90
11	12	31
2	6	23
5	10	27
8	11	33
4	5	23
2	9	91
1	10	90
2	4	35
4	9	27
7	9	27
0	5	90
0	6	91
8	14	30
18	21	60
10	12	36
9	12	31
0	14	90
0	8	91
9	10	35
8	11	26
6	11	25
6	11	26
5	10	26
0	9	90
22	55	91
0	5	90
6	8	41
12	14	44
5	7	24
2	7	23
9	12	35
7	11	27
1	4	21
6	10	25
0	16	90
7	9	26
3	7	22
7	10	28
13	25	44
9	11	30
5	10	26
3	5	22
17	24	60
9	15	30
8	8	29
2	5	22
1	6	91
1	11	91
0	6	91
1	13	90
8	12	29
7	11	32
17	33	67
1	7	24
0	7	88
0	11	91
2	6	89
0	6	89
4	11	26
9	20	39
5	9	27
2	7	22
20	31	81
1	8	91
0	13	90
2	6	21
0	14	91
0	12	90
4	37	90
0	9	90
0	6	91
4	7	22
10	10	32
8	13	30
8	11	33
0	9	90
0	9	89
9	13	33
7	12	31
8	11	28
6	10	27
7	9	27
6	10	27
11	13	37
1	-1	91
0	7	89
5	10	27
1	13	91
2	9	91
6	9	28
7	11	30
8	10	27
8	9	31
0	9	51
0	10	91
0	9	91
0	7	90
0	15	91
7	9	30
7	9	30
9	11	37
6	11	28
8	13	34
0	10	91
0	7	90
28	31	91
0	7	91
6	9	25
6	9	25
7	9	26
3	3	40
4	6	23
0	12	91
0	5	90
0	16	91
0	13	91
25	42	91
0	14	90
1	8	91
3	13	90
3	11	91
1	7	90
4	7	24
0	22	91
0	21	90
10	11	36
0	10	91
0	8	90
3	5	21
12	13	42
4	7	22
10	11	34
8	9	32
0	31	88
2	13	89
3	13	90
2	18	90
5	6	24
0	21	91
5	9	25
2	6	21
2	5	23
0	7	90
0	5	90
12	16	38
3	6	28
0	10	90
3	5	25
0	5	87
0	7	91
0	12	91
2	8	22
0	18	91
0	15	91
0	8	91
0	3	91
6	8	25
0	1	62
3	32	91
27	37	91
2	8	90
0	10	91
0	11	90
0	10	91
8	12	31
4	11	26
0	12	90
1	5	91
0	9	91
0	-1	90
7	11	29
6	11	27
5	11	27
7	12	30
0	11	90
0	3	90
0	10	91
17	18	55
7	8	25
0	11	91
8	12	30
21	32	91
0	12	90
2	4	27
4	6	25
14	30	65
0	11	91
0	12	90
8	9	28
6	11	34
4	9	24
0	6	90
0	8	88
10	16	43
12	18	49
4	12	30
0	13	91
0	13	87
0	9	90
0	10	91
0	3	88
3	7	27
3	7	23
3	8	24
9	12	31
9	11	31
1	7	90
1	11	90
10	9	32
0	6	90
9	12	31
4	9	25
2	6	24
4	6	22
3	8	23
4	11	30
6	13	29
5	8	25
7	10	30
6	11	27
0	13	91
4	-1	91
4	9	23
0	6	90
0	10	90
7	7	24
6	6	27
12	15	38
5	8	27
2	5	21
4	5	25
4	9	25
0	14	90
0	25	90
0	8	71
5	10	25
8	9	31
8	13	31
8	9	27
8	9	30
6	10	30
6	13	31
6	11	31
6	10	30
7	10	30
0	6	72
0	8	72
3	5	24
1	7	90
0	7	91
1	11	91
4	7	35
32	37	91
19	30	90
0	9	91
0	14	90
4	6	28
6	6	26
1	24	91
8	9	31
4	9	25
6	12	29
4	9	24
2	8	24
0	13	90
3	9	89
0	5	91
11	14	60
3	-1	91
5	6	22
7	11	30
4	10	24
0	-1	90
0	18	90
0	6	90
5	8	25
0	5	25
0	11	91
0	6	90
6	10	27
8	14	30
4	7	24
0	0	91
0	0	91
0	0	90
0	0	91
6	8	30
2	3	21
4	9	25
5	8	25
2	9	24
0	11	91
0	12	90
12	9	44
6	10	31
0	9	91
0	7	91
0	-1	90
0	13	90
0	8	90
0	4	90
0	12	91
3	9	24
4	6	22
6	7	26
0	7	90
3	6	23
0	3	90
0	4	89
5	7	22
1	8	91
0	9	90
2	14	90
0	4	91
5	8	23
9	9	53
3	28	91
3	7	21
7	8	25
2	6	24
3	5	23
7	11	28
4	5	28
2	8	90
6	9	27
13	12	43
0	38	90
30	35	89
1	22	90
0	11	91
2	9	90
1	13	89
2	8	22
2	5	20
5	7	24
28	39	91
12	13	42
0	7	91
0	15	91
6	11	32
6	7	26
1	7	90
0	11	91
0	11	90
1	10	91
9	12	34
0	12	91
9	10	33
0	11	91
0	10	91
4	6	22
1	11	31
23	25	59
6	11	27
10	13	33
2	5	50
3	3	30
6	38	90
9	11	32
0	9	91
0	15	90
0	8	91
0	13	90
0	16	90
3	5	21
10	12	36
0	7	91
0	11	91
0	10	90
8	10	27
0	10	91
2	6	22
5	9	27
5	11	26
3	7	22
0	12	90
0	5	91
0	8	90
0	12	89
0	10	90
0	9	91
0	11	62
0	3	90
0	2	90
0	1	91
0	1	91
0	18	90
0	18	91
7	7	28
2	7	24
2	7	23
2	13	90
0	10	64
3	12	90
2	6	21
0	7	90
0	1	91
0	10	90
0	8	90
0	8	78
0	4	22
21	30	90
36	46	91
3	10	22
6	10	28
8	12	31
0	16	90
2	4	23
0	14	91
3	8	25
9	13	37
6	11	30
8	13	35
7	12	26
1	9	91
26	20	85
0	13	91
5	9	25
0	6	42
2	7	22
9	13	32
0	12	91
0	13	91
1	16	91
0	22	89
30	32	75
6	8	25
3	6	22
2	5	21
4	5	23
8	9	27
7	9	28
1	4	90
2	13	91
0	10	91
0	8	91
3	7	22
2	7	22
7	9	26
10	13	35
1	9	90
0	11	90
8	10	90
10	13	30
3	9	24
0	13	90
0	12	90
3	8	22
9	35	91
0	11	67
0	11	60
6	10	26
6	13	29
4	7	21
4	10	25
4	9	24
5	4	26
6	9	27
5	6	25
4	10	38
10	14	34
9	13	33
10	15	36
3	8	22
2	7	22
0	7	90
0	17	90
1	9	90
6	6	90
0	6	91
1	19	91
0	9	91
5	9	30
6	10	30
0	8	47
0	13	91
0	9	91
0	10	91
0	16	91
0	16	91
1	5	23
4	8	25
0	13	91
1	12	90
1	11	90
1	3	20
7	9	29
9	9	30
12	6	34
27	24	67
5	9	23
3	11	24
2	11	25
0	9	90
5	10	24
2	8	91
0	16	91
3	8	25
7	10	27
9	11	31
8	13	37
4	9	30
3	7	23
0	6	91
4	8	23
5	8	26
0	10	91
7	12	29
2	12	90
3	17	88
11	17	42
0	14	90
22	44	91
8	10	32
0	14	90
0	11	91
3	7	22
5	15	91
1	8	90
0	9	90
0	8	90
4	8	23
2	40	90
7	9	25
1	5	22
3	6	22
0	1	90
0	15	91
0	12	91
5	8	25
6	18	88
6	13	91
6	7	27
6	8	27
7	12	27
0	5	91
0	11	90
5	9	33
11	12	36
0	14	90
0	-1	71
0	13	71
0	7	90
2	8	22
0	13	90
6	9	28
5	6	26
8	10	31
9	12	32
9	11	31
3	7	24
0	11	87
0	11	91
0	7	79
0	14	91
0	9	91
8	12	30
0	11	91
0	12	91
2	14	91
0	8	91
2	15	91
0	12	91
5	6	23
0	7	91
0	10	91
0	7	91
0	8	90
0	8	91
1	14	91
0	10	91
9	9	33
0	8	91
3	4	30
10	9	29
6	10	31
6	6	29
33	26	91
6	9	26
0	8	90
4	9	23
4	8	23
3	9	24
2	8	22
2	5	21
0	6	90
1	11	91
0	16	91
0	8	91
6	13	30
5	8	24
6	8	27
4	12	33
5	8	24
0	11	91
0	11	90
4	18	91
5	5	22
0	-1	91
0	-1	91
2	7	21
0	7	90
3	4	23
6	7	24
5	7	25
6	8	26
0	10	91
6	10	27
6	12	34
0	6	86
5	8	28
6	9	24
1	10	91
0	26	91
0	8	91
0	9	90
6	9	31
6	6	26
0	15	90
3	11	47
0	19	90
0	13	90
0	8	91
0	8	90
5	7	32
0	7	21
0	8	90
0	11	91
9	13	33
1	29	90
0	13	90
4	5	26
7	8	30
1	14	86
1	16	86
6	8	27
8	11	26
6	10	30
0	8	90
3	9	24
1	11	91
3	12	91
9	9	30
0	7	90
0	4	91
0	12	91
0	10	90
1	17	90
7	10	28
8	11	33
0	-1	90
9	14	35
10	11	30
1	11	90
0	8	90
0	3	90
0	12	91
0	11	91
1	13	91
1	14	91
0	8	90
0	10	90
0	6	91
0	5	91
0	7	90
0	8	90
0	5	91
11	13	36
9	12	42
10	12	34
12	12	35
11	12	36
9	13	33
10	12	38
11	12	39
10	10	32
6	7	24
8	11	36
0	10	90
0	8	90
0	9	91
0	10	91
7	11	27
6	10	27
3	9	23
0	10	91
0	12	90
2	6	21
0	9	91
0	10	91
0	11	91
0	11	91
11	12	40
2	6	22
1	5	22
0	21	90
0	20	90
3	7	24
0	25	91
0	26	90
7	11	27
7	8	27
4	6	21
5	25	91
2	5	22
0	8	91
1	7	90
4	-1	91
1	7	23
4	7	24
3	7	24
0	11	90
1	8	90
4	8	20
1	4	20
7	12	32
0	4	30
1	3	30
2	5	23
8	7	28
5	7	24
4	10	70
14	-1	91
14	22	86
15	14	87
15	14	89
14	-1	91
4	9	25
7	10	29
1	10	91
0	16	90
4	8	25
8	11	32
7	11	30
5	10	30
22	42	90
8	12	28
0	18	90
7	7	29
9	10	28
2	5	51
13	24	43
6	17	41
11	13	36
8	10	30
8	11	28
23	42	91
8	10	28
15	24	59
25	-1	91
0	2	84
0	28	90
27	39	91
20	48	91
23	23	70
0	9	90
2	8	22
3	6	21
2	5	21
3	5	23
2	7	21
2	7	90
0	35	90
24	40	89
23	55	91
14	19	49
15	19	53
13	16	45
5	9	24
4	8	24
26	38	91
3	5	22
0	39	90
7	28	89
20	39	91
8	8	28
19	35	88
22	43	91
19	23	64
13	39	91
0	1	26
5	9	26
24	46	90
26	46	91
27	51	91
20	43	90
0	-1	90
2	3	69
26	49	90
7	6	25
11	15	41
10	12	36
29	54	90
19	21	84
14	55	91
20	24	90
23	35	91
21	41	91
18	34	75
37	42	91
32	32	89
31	33	91
36	39	90
23	47	91
31	40	91
24	32	74
25	39	91
20	27	69
26	46	91
29	45	91
29	55	90
28	38	90
21	47	90
28	42	91
28	54	91
24	40	91
30	48	91
26	56	91
27	56	91
7	7	39
26	35	87
32	38	90
6	-1	91
5	-1	91
6	8	43
26	47	90
16	33	58
22	37	75
27	57	90
26	44	91
24	51	91
26	46	83
38	41	90
5	12	28
26	51	90
28	56	91
28	49	90
26	40	91
24	47	90
25	49	82
28	45	90
29	45	90
28	48	91
25	43	88
26	52	90
26	46	90
28	45	91
28	52	90
25	45	89
27	49	90
24	45	77
10	10	39
19	42	91
27	36	91
24	56	91
29	35	90
4	10	90
30	38	90
21	42	91
27	-1	90
30	32	89
30	40	91
14	32	90
28	28	91
24	25	81
28	28	91
26	28	91
19	21	90
25	24	91
26	27	91
25	26	90
26	27	90
28	42	90
27	42	91
28	55	91
23	-1	91
5	6	24
30	38	88
28	39	88
2	4	49
22	23	72
10	10	91
26	26	91
27	54	90
16	25	54
25	-1	82
36	-1	91
3	22	91
0	14	91
0	23	91
1	9	76
0	13	90
0	14	90
0	15	90
1	16	90
0	13	87
0	15	90
0	14	91
0	13	90
0	12	90
0	8	91
0	12	90
1	11	91
0	7	90
1	8	90
0	7	90
1	15	91
0	-1	90
0	6	91
1	14	90
1	14	91
0	14	91
0	16	91
2	11	91
5	14	91
0	11	90
0	13	91
0	16	91
0	6	91
0	13	90
0	13	91
0	17	90
0	11	90
1	12	91
0	12	90
0	13	91
0	-1	90
1	20	89
0	-1	91
0	15	91
0	-1	91
0	16	90
3	14	91
0	14	90
0	14	91
0	13	91
0	12	90
0	13	90
0	12	91
0	12	91
