1	4	24
6	9	30
4	10	30
1	5	20
2	6	22
2	5	23
3	6	21
3	7	22
2	6	20
9	11	30
2	8	23
2	6	21
5	8	26
5	7	24
3	7	23
3	7	22
7	9	30
3	8	23
2	6	23
6	10	26
4	5	21
6	7	25
3	6	23
5	8	24
5	11	32
3	8	23
3	8	25
4	10	25
4	8	22
7	9	29
8	10	28
9	10	31
8	9	31
1	6	21
5	11	23
5	9	23
2	7	21
2	4	21
8	14	33
9	12	32
7	9	26
3	7	22
9	15	40
1	3	21
7	12	30
8	11	27
1	3	21
8	11	34
7	11	32
8	13	33
9	15	35
10	13	34
9	14	35
9	13	33
2	4	23
3	5	25
3	6	23
2	14	91
0	10	86
3	6	22
1	4	20
4	11	24
0	4	22
7	8	26
0	7	91
0	6	91
3	9	25
10	14	35
9	8	32
4	10	26
5	7	24
6	11	27
5	5	21
3	6	28
2	6	21
2	5	22
2	6	22
3	7	23
4	7	23
2	6	22
7	12	32
6	7	25
7	9	28
10	10	28
5	9	24
3	5	21
2	6	21
3	9	22
6	8	25
4	8	24
1	7	22
1	7	22
4	6	21
6	10	25
5	9	25
5	9	24
3	7	23
3	7	21
8	7	24
3	8	28
2	7	23
3	8	25
4	8	23
2	8	23
3	7	23
6	11	30
4	7	26
10	13	33
3	6	22
3	6	23
5	7	25
4	8	24
8	16	38
6	13	27
4	6	25
6	11	28
4	8	24
4	7	22
9	12	35
3	5	23
4	7	27
3	6	20
2	5	23
5	9	25
4	8	23
3	7	24
3	7	21
2	7	22
6	9	25
0	4	20
8	7	39
9	8	36
8	13	32
4	8	25
7	11	27
9	10	32
8	11	33
7	8	26
2	6	20
4	7	23
10	12	33
3	7	23
3	7	23
5	7	22
3	5	23
4	7	25
4	6	24
10	15	33
5	10	31
6	11	26
3	6	20
6	11	26
6	9	26
7	9	31
6	7	26
9	10	40
10	11	37
6	7	27
7	7	23
8	9	25
3	6	21
3	7	22
3	5	22
3	5	23
10	10	32
0	20	91
3	9	21
3	8	22
3	9	30
10	15	34
8	13	29
10	12	28
1	6	20
9	20	91
7	13	35
2	5	21
10	14	32
7	10	28
5	7	24
6	9	27
2	7	21
5	8	25
9	15	32
3	4	22
7	13	30
2	6	21
4	8	23
8	9	30
7	10	32
10	9	32
3	9	23
7	9	31
6	7	27
3	7	23
3	8	23
4	10	33
3	6	22
3	6	21
2	38	90
0	39	90
9	10	31
8	10	30
1	5	22
8	11	31
10	12	30
8	12	29
9	13	33
8	11	29
7	10	27
5	9	30
8	11	30
8	15	32
7	12	32
8	12	31
8	10	33
9	10	31
3	5	23
7	8	27
6	9	30
6	7	26
7	9	27
7	9	31
3	7	22
3	8	22
3	8	22
9	12	31
9	12	29
7	11	26
3	7	26
2	6	22
4	10	28
7	9	26
3	6	21
3	5	20
1	4	20
3	8	22
2	5	22
3	5	22
2	4	22
2	5	21
4	6	23
5	8	26
5	9	24
6	11	30
6	8	23
4	5	24
2	5	22
3	4	22
3	4	20
6	7	22
4	7	25
5	8	23
3	6	21
7	8	28
2	5	24
2	5	23
8	11	32
5	9	28
8	11	34
5	11	31
2	7	23
4	9	24
6	9	26
1	6	22
6	9	25
6	11	28
2	6	21
7	9	25
5	9	30
9	12	32
7	12	28
1	3	22
7	12	31
8	13	32
0	8	90
1	4	21
7	8	25
4	6	24
4	7	22
2	6	23
4	10	23
6	7	26
4	10	24
3	5	22
5	9	24
8	11	30
5	8	25
7	10	26
5	7	28
6	5	26
6	5	25
2	8	24
4	7	26
2	6	22
4	6	24
5	7	25
1	5	23
7	8	26
7	11	31
7	11	28
1	6	21
2	5	20
2	4	21
1	8	22
2	9	22
3	7	22
2	6	23
2	6	21
9	10	33
0	3	20
0	14	90
0	14	91
2	8	24
5	7	26
3	8	22
2	8	24
2	7	22
4	7	22
9	12	35
3	6	22
6	8	26
2	4	20
2	4	22
12	12	38
4	9	23
3	7	24
4	5	23
4	8	31
0	6	20
2	7	23
1	6	21
2	6	22
3	5	21
1	3	22
1	4	21
2	8	22
6	13	30
4	12	30
0	6	22
1	5	20
1	5	21
3	7	24
1	7	22
2	5	23
0	6	91
3	8	24
8	11	36
3	4	24
5	9	28
4	6	21
4	6	21
10	10	34
2	6	22
2	5	21
3	6	20
5	9	26
2	8	22
3	6	21
2	7	23
2	6	21
8	17	37
2	5	21
2	7	22
3	5	22
2	4	20
1	5	22
3	5	22
4	6	24
5	8	26
4	8	24
2	6	22
9	14	37
4	6	25
2	5	21
4	6	22
2	8	22
2	7	21
8	7	30
7	7	28
7	7	27
1	2	23
1	4	23
3	5	22
3	4	25
3	8	21
6	9	28
0	11	90
1	8	22
2	9	25
1	8	21
3	7	22
2	6	21
7	9	25
6	8	26
3	6	22
2	6	20
0	11	90
5	8	25
6	10	33
4	8	23
3	4	23
2	8	22
2	7	21
8	15	34
9	10	34
9	11	32
0	9	91
0	8	90
0	10	90
0	11	91
3	8	22
9	14	33
4	6	22
5	8	23
3	7	22
6	10	30
6	10	27
6	8	24
6	9	24
6	8	24
2	5	21
0	4	20
1	5	21
2	5	22
1	4	23
7	10	30
6	9	31
3	8	25
4	9	24
5	9	25
4	7	22
5	7	28
6	12	26
3	8	24
3	7	22
3	8	26
3	8	23
4	8	24
4	7	25
2	7	23
0	10	90
0	6	90
5	4	23
4	5	25
0	3	21
5	8	25
7	8	27
0	5	20
5	13	31
4	7	25
7	11	28
1	5	21
7	11	27
2	8	21
2	6	21
5	7	28
4	10	23
8	11	29
8	12	30
9	12	30
8	11	31
2	8	21
3	6	21
3	5	20
9	12	33
3	6	22
4	7	25
4	9	25
3	9	24
3	8	23
4	6	21
0	6	83
1	7	83
4	9	23
4	8	22
3	7	23
6	9	30
3	11	27
6	10	31
2	6	25
2	5	21
3	8	21
2	4	24
2	7	22
4	8	27
2	8	23
4	8	21
5	9	30
5	7	22
5	8	24
3	9	22
10	13	35
6	9	25
0	8	91
0	11	90
5	11	30
5	14	30
5	5	24
2	6	22
3	9	26
2	6	20
3	7	23
3	7	24
3	8	25
2	6	22
3	8	27
3	8	23
4	7	24
3	8	25
3	7	23
8	15	33
5	10	30
2	6	22
4	8	23
6	12	33
6	11	26
6	12	27
4	6	21
2	6	20
1	6	22
3	6	24
4	6	24
11	15	37
3	7	23
9	11	31
10	10	30
8	10	28
9	20	46
8	31	90
3	6	25
5	8	23
6	8	31
5	24	90
5	7	24
4	7	26
4	9	28
2	8	25
3	6	23
5	7	25
2	6	22
2	6	20
5	8	24
8	14	30
7	7	24
5	7	24
1	3	23
2	3	22
3	8	24
4	8	24
7	10	31
0	12	91
8	13	34
2	5	22
3	7	23
3	5	21
4	8	24
5	41	90
4	12	30
6	6	27
5	9	23
4	6	23
8	11	31
4	7	20
8	9	29
5	9	24
5	8	34
7	7	26
5	7	27
5	7	25
5	9	25
1	6	91
0	9	90
8	13	31
8	15	33
6	15	32
6	14	35
5	8	24
0	23	90
9	11	30
9	11	32
7	13	34
8	12	31
7	11	32
2	7	22
1	9	23
3	7	20
2	8	22
3	7	23
3	6	21
5	9	22
2	3	20
2	3	20
10	13	31
1	4	21
2	7	24
2	5	21
2	8	24
2	9	24
2	20	90
2	8	23
3	7	23
5	6	26
2	3	23
5	8	27
6	12	32
6	13	30
2	6	23
2	7	23
6	12	32
5	7	23
4	9	22
1	6	21
7	9	27
6	9	24
7	13	33
3	6	22
5	6	24
6	9	26
4	9	28
8	10	33
3	24	90
6	9	23
5	7	29
1	3	25
1	4	22
2	5	21
8	9	33
10	9	31
8	8	33
3	6	26
3	5	22
3	6	25
6	10	30
4	9	24
4	9	22
5	8	22
3	5	21
2	6	23
2	5	22
4	8	24
5	11	30
1	5	22
3	4	20
6	12	28
3	8	21
4	36	88
8	10	28
8	12	26
4	6	22
4	6	23
3	4	21
10	12	32
5	10	28
2	6	20
5	7	26
6	8	25
11	12	35
0	1	23
3	7	21
11	16	40
8	12	30
5	11	26
9	10	34
8	8	32
7	8	29
8	7	31
7	7	29
6	7	27
7	7	27
6	7	26
8	11	26
3	8	23
4	7	24
8	6	25
3	9	24
4	6	22
4	5	22
1	5	21
4	7	25
6	10	31
4	8	25
4	9	25
4	6	22
4	13	33
5	10	27
6	8	27
6	8	24
5	8	24
6	8	26
5	8	25
6	10	27
7	11	31
2	5	22
2	8	22
2	7	20
6	8	25
2	7	23
1	7	22
2	9	23
2	8	22
3	8	21
3	6	22
3	4	20
5	7	25
1	6	23
5	6	24
3	5	22
4	10	30
3	9	25
4	8	24
3	8	23
2	5	21
10	11	31
0	4	21
1	4	24
7	8	28
4	7	22
4	8	23
5	7	25
4	7	23
4	9	25
2	6	22
4	9	24
6	15	30
2	5	22
0	6	91
0	6	90
3	6	22
3	6	22
2	4	22
3	4	23
2	5	20
1	6	22
2	6	21
4	6	23
7	6	28
5	11	31
8	7	29
4	7	24
7	10	26
2	6	24
4	5	22
4	8	30
4	7	25
3	7	23
9	12	33
10	10	29
5	9	25
7	9	27
6	9	27
6	7	25
5	8	26
4	5	22
7	9	30
2	8	22
8	11	32
0	8	91
1	6	30
6	8	33
0	11	91
3	8	24
8	11	28
7	13	31
4	7	22
9	10	30
8	14	34
7	9	27
7	9	28
4	9	26
5	8	26
6	10	30
2	5	22
4	6	23
11	10	34
4	6	23
4	8	22
2	6	21
2	6	23
4	6	22
3	8	23
4	5	24
6	6	27
5	7	26
4	8	21
3	8	21
2	6	21
9	12	32
3	10	28
5	7	26
2	6	26
7	11	31
4	10	25
6	9	30
6	8	28
5	7	27
3	7	23
3	8	25
0	5	23
6	8	23
5	8	27
5	7	25
2	5	21
0	5	89
0	7	91
4	6	23
2	6	21
7	15	33
9	11	28
2	6	22
4	6	23
3	6	22
2	6	22
4	9	25
3	7	24
1	7	24
7	9	25
3	6	27
1	6	25
4	8	21
3	6	24
4	9	24
4	8	24
4	8	22
2	5	22
1	6	23
5	8	32
4	7	27
5	6	26
3	6	23
4	10	23
10	12	34
7	6	32
9	11	32
3	22	90
3	7	22
3	7	23
3	5	23
5	13	33
6	9	24
2	9	25
6	13	30
3	7	23
3	9	24
3	9	22
3	6	21
2	6	21
2	6	20
5	8	26
6	9	25
6	9	26
2	4	23
3	5	22
4	13	32
3	10	31
8	10	27
3	8	22
7	8	31
3	6	22
2	6	20
6	9	31
7	12	35
3	7	23
0	18	91
5	9	24
4	11	24
1	8	21
7	11	30
3	10	27
4	7	26
3	9	31
4	11	32
4	7	24
6	11	31
3	7	25
9	11	31
7	13	31
7	10	30
7	9	26
2	5	21
4	7	22
4	5	25
4	7	22
4	7	21
1	4	21
5	10	26
4	8	22
3	8	22
2	5	21
6	6	24
1	7	20
6	10	29
8	12	30
6	11	32
2	8	22
8	8	31
6	11	32
3	5	22
4	9	25
4	8	26
3	11	25
3	9	25
3	9	24
2	7	22
6	7	26
5	9	31
4	7	23
7	11	30
13	15	41
9	15	37
8	12	31
3	8	22
7	10	29
6	8	25
5	9	26
3	9	23
7	12	33
5	10	23
6	12	30
3	6	25
3	10	26
7	8	25
7	9	31
5	24	90
4	13	34
7	13	32
9	14	32
4	15	31
9	11	33
2	5	22
2	6	22
7	8	24
7	9	28
4	9	26
2	9	22
4	8	22
1	2	23
9	9	31
3	7	22
9	12	32
8	12	31
1	20	88
6	9	27
0	3	22
4	6	24
8	8	30
8	8	29
6	11	30
2	7	24
6	9	27
6	7	27
2	6	25
2	5	22
5	7	25
2	6	21
3	8	22
3	10	24
4	4	22
5	6	27
8	12	31
2	6	21
6	13	32
10	10	33
3	8	30
2	6	22
5	9	24
5	10	24
3	6	23
2	7	22
8	10	31
1	5	21
6	12	30
9	10	32
14	15	50
3	8	23
5	8	24
3	5	21
1	5	20
1	6	21
6	9	22
6	8	25
7	10	26
6	8	26
5	11	26
5	10	24
3	6	22
6	8	24
11	11	37
4	5	23
6	9	24
0	10	91
7	14	34
6	11	26
3	6	23
5	10	27
4	7	24
4	8	23
4	7	22
4	9	24
3	8	22
4	7	23
6	10	25
7	9	26
8	10	30
6	7	26
6	8	24
6	7	24
2	7	23
5	7	24
0	4	21
4	8	23
2	6	23
2	7	23
3	6	23
2	6	22
2	7	21
3	5	21
5	7	24
4	9	25
3	7	25
3	4	23
0	4	21
5	9	30
3	5	22
3	6	24
4	8	23
4	10	26
5	10	30
5	7	24
6	11	30
3	9	24
7	11	31
14	15	42
11	17	40
13	13	38
12	14	36
12	15	41
12	13	38
14	16	41
8	12	37
10	13	42
10	13	40
11	12	37
0	4	21
6	13	30
3	6	23
3	8	25
2	5	22
6	8	23
2	10	26
2	9	24
4	6	22
0	27	90
9	9	30
7	8	26
3	8	26
4	6	25
4	6	25
3	6	23
2	7	22
1	5	20
0	4	20
2	5	22
8	15	35
7	8	28
5	7	22
5	7	22
5	8	23
2	7	23
1	4	23
2	6	23
4	6	24
6	11	26
6	8	26
0	2	22
6	8	21
5	15	30
3	5	21
1	4	22
5	8	26
4	10	25
5	9	25
3	7	22
5	6	24
6	11	30
1	6	23
3	4	22
2	5	22
7	7	26
5	10	32
4	9	32
7	5	27
3	7	23
2	5	20
1	-1	91
5	9	24
5	6	24
7	9	33
5	8	25
4	7	25
7	11	30
4	7	26
1	23	91
5	9	26
2	5	21
0	7	90
1	4	21
4	7	22
7	8	23
3	8	22
5	9	25
8	8	27
4	8	24
10	13	31
9	14	32
2	6	22
4	5	25
4	9	25
6	9	30
3	8	23
4	7	24
4	8	28
3	7	26
3	6	25
3	5	27
4	6	26
3	4	23
2	5	22
3	9	23
2	7	24
2	5	22
12	15	38
11	13	34
7	9	28
4	6	30
1	5	20
1	4	21
2	5	22
2	6	23
2	5	21
5	8	26
0	5	21
4	8	30
5	12	30
0	8	90
0	10	72
2	6	20
3	8	22
2	5	24
2	4	22
2	5	22
3	4	23
9	12	31
0	3	22
0	3	21
1	7	21
4	7	22
3	6	21
3	8	24
3	6	22
3	7	21
7	8	24
3	6	21
1	27	90
5	9	30
5	10	30
3	-1	91
7	10	29
2	7	21
4	6	25
4	7	27
2	20	87
6	8	25
3	4	25
5	13	31
5	7	24
5	6	25
3	6	22
7	12	33
6	10	25
3	8	21
0	8	91
6	7	31
10	12	32
4	8	24
4	8	23
7	12	31
8	9	30
8	10	32
1	4	21
4	7	23
0	7	91
5	10	26
3	10	25
6	14	30
1	3	22
8	12	33
6	9	23
1	11	90
0	9	90
3	7	24
2	7	22
1	7	21
5	10	26
4	9	24
4	8	22
1	4	22
2	6	24
6	8	30
4	7	23
5	7	25
1	5	22
0	10	91
2	6	21
3	4	21
8	13	30
7	8	25
5	10	28
4	7	24
5	9	31
3	6	24
4	7	26
2	7	23
1	2	21
2	4	20
5	9	27
1	2	23
1	5	21
2	3	22
2	4	20
5	6	23
2	3	21
2	6	22
2	5	22
2	5	20
0	7	91
0	7	90
0	8	91
1	6	21
5	9	25
1	3	21
2	5	21
3	9	25
2	7	23
3	8	24
3	7	22
5	10	28
3	7	26
6	6	23
2	6	22
4	7	25
3	6	24
2	6	22
1	5	21
0	12	91
0	12	90
0	9	91
0	9	90
5	11	29
3	8	23
0	4	21
0	3	22
0	2	22
5	4	23
3	5	21
0	4	20
7	9	26
3	5	21
0	10	91
0	12	91
4	4	24
4	9	23
4	7	21
2	4	20
5	6	27
6	13	31
7	10	32
2	5	20
1	5	21
5	7	24
1	1	22
2	6	22
2	5	23
2	3	21
4	7	25
4	6	23
2	7	21
8	11	30
0	11	91
4	11	25
4	7	24
2	6	21
1	5	22
0	3	23
4	7	31
3	5	23
3	6	23
5	11	30
4	8	25
3	9	26
5	9	27
0	5	91
0	8	91
2	4	22
4	6	23
3	4	21
3	8	24
3	5	23
2	5	22
2	4	21
2	4	20
7	10	26
5	7	26
0	5	20
5	7	30
7	10	27
6	10	28
6	7	24
3	8	22
0	3	21
1	12	30
6	8	23
3	9	23
1	4	20
2	2	23
6	9	30
3	5	21
3	9	24
6	9	26
7	9	30
2	7	22
2	6	22
3	6	20
9	10	34
6	9	30
5	11	31
1	5	21
3	7	24
3	7	21
7	9	26
4	4	23
4	5	26
0	4	22
0	11	91
0	9	91
6	9	26
5	9	26
2	5	22
4	5	23
2	6	21
2	7	22
4	6	22
3	4	22
2	4	23
4	8	23
1	7	22
4	9	23
9	13	30
4	4	25
3	5	22
3	6	22
4	10	25
4	7	23
3	7	23
3	8	24
2	6	23
3	7	22
8	9	31
3	5	22
3	6	23
7	11	27
1	5	20
0	22	91
3	8	22
1	3	20
6	11	28
4	7	26
8	10	27
3	6	22
6	9	30
1	5	21
3	8	23
4	5	24
5	9	30
2	2	23
1	4	22
4	5	22
3	5	21
4	6	24
4	8	22
7	10	26
6	9	25
3	7	21
1	2	22
3	4	22
1	4	21
7	10	30
3	6	24
2	7	21
3	4	22
3	6	23
3	5	22
16	21	59
4	11	34
0	12	91
0	10	90
8	11	30
4	8	23
8	12	31
7	25	91
5	27	91
0	8	89
4	6	24
1	4	21
2	6	21
9	8	33
10	11	36
8	9	34
6	7	23
4	9	25
3	7	23
9	12	35
6	9	28
4	6	23
3	5	23
2	5	21
8	13	33
2	7	23
5	9	31
8	10	27
7	9	26
6	11	33
2	5	22
5	12	30
5	9	24
4	7	23
4	9	25
2	8	23
6	10	26
3	10	30
2	6	21
2	5	23
3	6	21
3	6	22
4	8	25
3	8	23
4	9	25
3	7	22
4	8	24
4	8	25
3	9	22
7	8	24
4	8	22
2	7	20
6	10	30
5	10	26
3	7	24
0	18	84
4	8	25
2	5	20
6	12	30
1	5	20
2	7	22
5	10	27
4	5	24
3	5	22
4	5	22
1	5	21
1	5	20
1	4	20
3	7	23
0	6	20
3	6	25
6	8	30
5	6	26
6	7	26
4	6	23
4	5	21
7	8	30
2	9	22
2	5	21
7	9	27
7	10	28
7	8	25
4	7	23
4	5	22
1	21	91
1	21	91
1	-1	91
1	-1	91
0	20	91
5	8	27
3	7	22
3	9	23
3	10	24
3	8	23
4	7	23
0	18	89
0	13	90
2	5	21
3	8	22
3	8	24
0	11	91
4	6	23
3	7	26
7	10	32
5	7	29
5	10	30
6	8	28
5	7	25
4	8	26
3	4	27
7	9	30
4	8	26
9	13	32
2	5	21
1	4	21
2	8	22
3	6	26
3	7	23
1	3	21
1	3	21
2	5	21
3	6	22
2	6	20
7	19	90
4	9	24
1	3	20
4	9	22
2	6	20
2	7	23
2	4	21
9	9	27
4	7	24
4	8	23
4	7	22
4	6	21
3	5	22
2	4	23
0	15	91
1	11	90
1	4	21
3	8	22
4	6	23
0	8	90
2	8	23
1	3	22
0	3	21
5	11	27
5	11	28
3	7	23
12	16	37
0	6	90
1	6	22
2	7	22
2	7	23
2	6	21
3	8	21
8	9	37
7	6	29
7	10	26
3	6	23
3	7	22
4	5	22
5	6	26
7	7	30
2	10	23
4	7	21
5	6	26
3	7	25
5	8	25
6	10	31
7	11	30
4	10	25
5	11	28
4	7	24
2	7	23
2	7	22
4	7	25
0	3	21
2	5	20
4	7	23
2	5	21
4	6	23
1	7	21
1	6	23
2	7	21
3	5	20
7	9	27
9	12	31
9	10	29
2	7	22
2	8	23
2	8	22
0	9	90
0	7	90
3	6	23
7	8	34
7	8	31
6	12	29
4	8	25
4	11	27
3	11	30
3	8	24
4	9	25
3	7	24
4	8	23
4	11	27
5	9	27
5	9	25
3	8	25
3	8	24
3	8	23
7	11	29
4	9	24
5	10	25
4	9	22
2	7	22
2	7	22
4	8	24
8	11	28
0	26	90
2	4	21
0	7	57
4	8	24
9	12	29
4	7	23
5	7	24
12	15	37
8	16	34
12	16	43
8	13	34
7	13	35
9	13	35
2	7	21
1	7	22
5	9	23
2	3	20
3	6	21
5	8	26
7	10	27
5	7	25
8	12	25
8	12	34
8	10	34
5	6	25
5	7	25
7	7	28
4	10	24
1	5	22
8	15	31
8	15	32
5	7	33
7	13	28
0	3	21
8	8	26
4	7	21
2	8	24
3	7	23
3	7	23
3	7	21
1	3	22
2	6	22
2	7	22
3	6	22
5	9	24
7	7	29
2	8	26
1	4	20
4	6	26
3	3	23
4	6	25
6	13	32
6	12	30
11	15	34
4	7	22
2	5	21
9	11	35
0	7	91
1	4	20
4	7	25
5	8	23
0	22	90
3	25	90
1	6	20
4	8	22
4	8	22
5	6	28
3	6	24
4	6	22
3	6	22
4	6	24
3	5	21
4	9	24
5	10	26
5	9	27
3	6	23
6	7	29
7	8	32
8	7	29
5	8	33
5	7	26
2	8	24
2	8	23
2	9	24
2	7	22
2	6	20
5	10	23
3	8	24
4	10	27
9	13	31
5	6	26
2	8	24
4	7	23
2	5	22
2	5	23
3	8	22
4	8	22
3	9	25
4	9	24
5	8	23
3	8	21
3	8	22
2	4	21
4	5	23
6	5	23
3	9	23
3	6	22
2	5	22
6	11	25
6	13	30
5	11	30
3	8	26
1	6	20
5	7	26
0	3	23
6	7	26
0	3	20
7	10	25
8	10	31
6	7	26
11	13	33
10	12	31
3	6	24
5	6	22
4	7	23
7	14	33
5	11	24
7	14	30
6	15	30
6	14	30
8	14	31
1	7	20
6	5	25
7	15	33
2	4	22
1	10	90
0	22	91
2	9	22
3	7	25
2	6	23
2	6	22
7	7	24
1	4	24
10	14	37
7	10	28
8	11	27
8	14	31
7	9	26
7	9	27
7	9	27
2	8	21
6	9	23
6	10	25
7	34	90
3	8	24
7	12	27
5	9	29
4	6	24
4	6	24
4	6	24
3	5	24
2	5	24
9	11	31
9	11	31
4	8	23
10	10	28
5	9	26
4	6	22
5	8	23
2	6	22
5	9	26
6	9	26
3	7	22
6	8	25
1	12	85
1	6	23
1	5	21
7	9	25
3	6	21
7	7	25
10	12	33
7	11	31
7	9	26
8	11	27
8	11	29
8	12	30
5	11	27
5	10	26
5	9	24
4	9	24
8	10	33
8	9	29
9	10	31
1	36	91
4	6	24
3	7	21
3	7	31
3	5	22
10	11	33
4	7	22
2	9	25
3	9	23
6	7	23
3	7	23
3	7	25
3	8	26
2	6	22
3	7	23
3	9	24
3	10	25
4	4	24
2	9	21
6	28	90
4	10	25
3	9	25
2	7	23
10	13	33
10	13	34
3	5	22
0	2	21
1	9	91
1	8	91
7	8	28
7	6	27
2	5	22
3	6	24
6	12	30
9	11	35
4	7	24
7	11	28
7	8	26
6	11	31
3	7	23
4	10	26
4	10	26
4	9	24
5	11	26
4	8	28
4	9	24
5	9	26
5	7	23
6	12	30
2	6	21
0	1	24
2	5	22
3	7	22
6	11	26
9	9	28
1	5	22
3	8	25
3	9	24
3	11	25
3	5	23
4	5	25
4	9	25
5	8	30
3	7	27
4	6	22
6	11	31
4	11	30
5	10	31
5	12	31
4	7	25
7	11	33
6	43	91
5	7	30
0	5	90
0	6	90
5	6	24
4	9	27
2	2	22
4	10	24
6	10	27
2	6	22
4	8	25
2	8	24
5	7	27
3	5	23
6	8	31
8	12	31
5	8	26
3	8	22
3	7	22
2	7	21
1	6	22
3	7	25
2	7	25
0	9	91
3	7	24
7	10	27
2	4	24
2	7	21
8	12	33
9	11	32
1	4	20
0	6	91
1	5	21
3	7	24
6	7	28
6	12	27
8	15	33
6	11	27
5	15	30
2	7	21
3	6	23
4	8	23
7	12	30
2	7	23
3	7	22
3	6	23
3	7	22
3	7	22
6	9	26
4	7	26
1	5	20
7	11	33
2	7	24
2	5	20
2	7	22
2	5	23
4	10	27
2	6	24
3	6	24
2	5	21
2	7	22
3	10	23
3	9	25
2	10	24
2	9	25
1	9	25
5	12	26
0	18	28
1	3	22
1	3	21
3	6	22
9	12	32
8	10	29
1	2	23
0	3	23
0	2	23
0	2	22
0	2	21
0	11	90
3	9	23
5	10	26
5	26	91
6	25	91
2	6	25
1	6	21
4	9	26
0	2	22
7	10	27
0	6	91
0	14	90
9	10	31
9	14	34
0	9	91
0	8	90
4	9	25
3	7	21
4	5	25
5	7	26
4	7	24
4	6	23
8	8	29
9	8	31
2	6	23
2	7	23
2	6	21
3	8	25
3	7	23
2	8	24
3	8	22
2	9	24
1	9	23
4	4	23
3	5	22
3	5	21
5	30	88
3	7	25
1	4	21
1	7	22
4	6	24
4	9	31
4	7	26
3	9	26
4	7	25
4	6	24
2	6	23
4	5	24
3	6	23
2	6	22
9	12	32
10	12	32
5	9	26
9	11	33
10	10	30
9	10	29
9	10	28
2	4	22
5	9	25
5	42	91
3	42	91
4	42	91
4	-1	91
0	6	36
3	8	24
2	7	21
3	6	22
4	9	23
1	4	21
5	8	28
2	6	24
4	8	23
3	3	23
3	5	20
4	8	24
2	6	21
5	9	26
3	7	22
1	5	20
2	3	22
8	10	32
1	6	23
2	6	21
3	6	21
2	6	21
6	9	33
5	9	24
4	5	23
2	5	22
3	7	23
3	4	24
4	11	28
10	14	42
11	11	39
8	9	35
7	7	29
9	11	35
12	12	40
9	12	36
14	13	41
10	10	35
11	12	36
10	11	38
9	9	36
2	8	24
3	5	21
0	4	22
2	6	21
6	10	27
4	8	23
2	5	24
4	5	23
2	7	22
1	5	21
1	4	20
2	4	21
1	7	23
2	6	21
4	10	24
5	7	22
4	9	25
1	5	21
5	8	26
5	10	30
3	7	23
3	5	24
6	9	26
6	9	24
5	13	30
3	7	23
3	6	21
1	5	20
1	5	20
6	10	25
3	9	21
7	9	26
1	3	21
6	7	24
3	7	25
2	5	22
2	6	23
6	12	35
4	6	25
3	7	24
4	7	22
4	7	21
9	10	28
6	7	26
6	10	26
5	7	24
4	5	23
5	7	25
6	11	30
8	11	27
3	7	22
0	5	23
0	4	22
5	10	26
6	9	26
5	9	26
6	9	28
12	24	64
7	9	27
8	9	27
1	3	21
1	5	21
1	5	21
2	6	23
5	7	29
6	13	32
4	6	24
6	9	29
3	7	20
4	13	28
6	10	30
6	11	27
4	9	25
4	8	25
3	8	22
5	8	24
6	8	33
5	6	24
3	5	22
2	7	23
3	9	24
5	7	24
4	5	24
4	6	22
1	7	22
0	23	90
2	8	23
2	6	21
7	10	29
3	9	21
7	10	26
6	10	28
6	9	26
6	8	26
2	6	21
4	7	22
3	7	21
2	5	21
2	3	21
5	9	26
3	9	22
5	9	24
4	11	26
4	9	24
3	8	25
2	7	23
3	6	22
6	6	24
4	8	24
4	7	25
1	4	21
7	8	25
4	9	30
2	4	20
2	7	21
2	7	21
0	12	90
3	7	22
6	11	31
4	8	25
2	5	21
5	8	23
7	8	32
5	6	24
1	4	21
7	9	31
3	6	23
2	7	22
1	6	23
2	6	20
2	6	20
6	7	26
3	6	25
7	8	31
8	10	27
8	11	27
0	11	90
3	9	23
6	8	32
3	7	22
5	8	24
6	7	26
6	7	25
0	6	42
7	9	33
3	5	22
2	7	24
2	7	20
2	8	22
7	9	27
2	5	24
0	2	21
4	12	32
4	12	30
4	8	26
5	12	30
8	13	32
7	13	27
6	11	27
1	4	20
7	10	29
4	6	23
4	10	24
0	13	91
0	14	90
7	9	27
6	10	26
0	10	90
1	5	22
2	5	20
4	9	26
1	5	21
5	11	31
10	11	31
7	9	30
8	12	31
4	9	27
4	7	24
7	12	33
5	8	26
4	6	25
5	7	23
5	6	22
3	7	23
3	6	21
5	8	21
4	4	25
0	19	33
3	4	21
0	2	22
4	8	25
6	10	26
3	5	22
4	13	30
5	10	30
3	6	23
3	6	24
5	7	23
1	4	21
3	5	23
2	5	21
6	9	25
3	10	27
5	9	23
5	9	24
6	9	30
3	5	22
3	6	22
4	6	22
6	10	26
0	8	91
8	11	29
4	9	25
5	15	30
3	7	23
7	6	26
0	3	23
5	9	24
0	5	91
0	4	90
4	7	24
4	6	22
4	8	23
2	5	23
3	4	20
3	7	23
5	9	29
7	11	33
6	13	26
8	8	25
7	7	25
2	6	22
5	7	30
4	8	23
3	7	22
3	8	24
2	6	23
2	8	24
4	7	22
5	10	26
5	7	23
6	8	24
5	7	22
6	8	24
5	8	28
2	4	21
5	9	24
2	4	23
4	5	23
9	7	30
7	5	28
9	11	33
2	35	91
1	37	89
3	37	90
3	6	25
3	5	24
3	5	23
3	5	23
4	8	24
11	12	34
3	6	23
2	4	24
0	0	21
3	7	26
6	25	90
4	11	25
4	6	26
2	5	21
3	5	23
5	10	31
5	9	23
3	5	23
1	7	20
2	4	21
7	8	24
3	7	25
3	8	27
5	8	25
1	6	20
3	7	25
6	11	24
5	6	25
7	10	25
3	12	30
5	7	23
2	6	20
4	6	22
3	5	22
5	10	24
4	12	25
4	9	22
9	9	33
5	7	25
7	8	30
3	7	22
6	9	26
0	2	21
3	6	21
5	8	25
5	7	23
2	7	24
4	6	24
3	9	23
9	8	34
7	9	25
7	11	26
6	14	33
5	11	28
6	8	30
8	8	31
8	15	34
6	13	30
8	14	33
2	6	21
4	6	23
1	4	21
3	8	23
6	7	27
6	10	30
5	14	35
3	4	22
5	9	24
6	9	28
1	2	23
6	8	28
5	7	22
4	10	32
2	7	22
1	3	23
2	5	24
6	9	26
9	8	30
2	7	23
7	11	26
6	9	27
2	6	26
3	4	23
3	7	25
8	11	36
2	5	21
2	7	22
0	34	90
9	11	36
2	7	23
8	9	27
8	9	31
9	9	30
8	9	27
9	11	34
11	12	36
11	11	34
10	12	34
4	9	25
5	6	26
9	11	32
6	8	26
0	-1	91
0	-1	90
1	6	22
7	10	30
9	11	29
2	4	22
4	5	22
4	8	22
4	7	22
4	9	26
4	10	23
8	13	28
6	11	30
2	7	23
2	4	22
2	3	21
2	8	24
4	7	22
2	7	24
1	5	23
2	6	22
1	5	22
2	5	21
2	6	21
0	8	89
3	6	22
7	10	32
7	10	27
4	7	24
4	5	22
5	10	33
4	8	24
4	7	23
6	11	29
6	8	25
9	9	32
4	5	24
0	10	74
0	4	20
3	7	22
7	9	32
2	3	20
1	5	21
2	4	22
3	7	23
1	6	20
3	8	20
1	5	21
0	3	22
0	3	21
6	10	26
7	9	30
3	9	25
1	9	23
2	8	24
7	8	28
5	8	26
3	7	25
3	7	25
4	5	21
4	5	23
12	17	41
2	4	22
3	7	25
5	10	25
5	9	23
7	10	30
7	10	31
6	10	29
7	12	34
7	11	32
8	11	31
4	11	24
8	11	31
6	11	30
2	6	23
3	5	21
6	5	25
3	8	21
4	4	24
8	34	91
2	4	20
4	7	23
4	7	25
4	6	25
3	5	21
5	7	23
4	7	22
4	8	23
4	10	26
5	10	25
3	8	24
3	9	25
5	8	23
3	8	24
2	6	23
2	6	22
4	6	22
6	8	28
3	9	26
3	7	21
5	14	31
3	3	24
4	7	24
3	6	21
6	13	31
4	8	22
3	7	21
3	6	23
0	7	60
6	11	33
2	11	31
4	8	25
1	5	21
4	5	24
4	8	23
4	6	24
2	9	23
3	9	22
4	8	24
3	8	23
4	6	23
3	7	21
1	5	23
3	7	21
3	8	24
2	4	22
2	4	21
8	10	31
6	11	27
4	8	26
3	9	25
6	9	24
4	6	24
4	5	22
3	6	25
4	6	24
7	12	31
5	9	26
6	8	25
2	6	21
2	7	22
3	5	20
0	3	21
1	4	20
0	4	24
9	12	30
6	9	23
6	7	24
1	9	22
9	10	27
5	7	22
2	4	23
8	9	25
3	9	24
3	7	23
3	8	22
5	6	26
9	13	31
3	6	23
7	15	31
3	8	22
1	3	20
6	9	25
6	9	26
7	10	31
6	6	31
4	6	21
1	6	21
4	9	24
6	5	30
4	11	27
3	6	23
2	6	21
1	6	20
2	7	23
3	9	23
3	6	22
14	27	90
6	25	90
10	30	90
4	8	22
3	7	24
6	9	27
6	8	25
8	9	29
5	6	25
1	6	21
2	7	22
1	6	20
3	6	21
6	12	31
6	10	24
5	10	27
5	12	26
3	9	23
3	10	23
5	9	24
3	8	23
5	8	23
5	10	30
2	5	22
6	9	25
7	9	28
4	8	23
4	7	22
5	7	23
5	7	25
3	8	22
6	11	26
1	6	22
8	8	27
4	6	23
4	8	23
5	9	24
4	9	25
8	12	31
6	8	25
6	9	26
7	9	30
6	8	26
6	10	33
5	8	23
3	5	23
3	7	22
7	10	26
7	11	28
2	8	24
2	5	23
2	6	21
8	12	34
0	39	90
6	8	31
2	4	21
2	4	22
5	7	23
5	7	25
6	6	26
7	9	27
2	4	23
4	5	26
0	10	90
0	7	91
4	6	21
10	11	33
3	10	24
7	10	26
1	5	24
2	7	22
8	14	34
4	8	24
1	7	22
1	4	21
3	5	21
4	10	24
3	6	24
6	8	26
5	9	28
6	8	24
2	6	25
2	4	20
5	8	24
4	5	23
1	3	21
6	11	28
6	8	27
7	10	34
4	7	22
5	7	24
3	8	25
3	8	24
3	10	24
1	8	22
3	7	21
4	8	24
5	9	24
5	12	30
2	5	24
1	5	23
8	12	29
5	9	24
4	7	26
5	9	30
3	7	24
3	6	23
3	9	25
6	7	26
5	10	31
3	7	25
3	6	23
2	6	21
5	10	28
7	9	27
5	9	26
6	10	30
2	7	23
4	7	28
3	8	24
0	5	91
3	4	23
2	7	21
5	8	24
4	8	20
4	8	21
2	3	29
1	4	21
1	3	20
0	7	23
1	3	22
4	11	31
0	14	91
0	7	90
6	12	33
4	10	25
4	8	24
6	9	26
5	8	22
2	10	32
6	10	33
4	13	30
6	10	30
4	8	23
8	8	29
3	7	24
6	11	30
2	4	23
3	6	22
3	3	21
3	7	23
3	6	23
3	5	22
5	11	35
8	12	35
5	6	24
6	8	30
7	9	25
6	16	37
5	9	25
5	15	30
3	6	22
7	10	30
0	3	22
7	6	30
6	7	22
3	5	21
0	7	91
5	9	25
6	6	23
3	3	22
8	9	25
3	7	23
2	4	21
8	11	31
2	6	21
3	9	25
3	6	23
1	3	20
5	5	24
5	14	31
5	8	30
9	11	31
5	8	24
2	3	23
3	7	25
3	8	23
3	9	24
6	8	27
5	9	25
5	10	26
2	5	23
4	6	24
1	3	22
2	6	23
6	7	28
0	7	91
0	8	89
1	9	89
4	9	27
3	6	22
4	6	25
3	5	22
3	4	23
7	10	28
8	10	30
8	11	28
9	10	34
2	5	21
4	11	30
5	9	25
2	8	26
3	6	23
0	3	22
3	7	26
1	6	20
8	11	30
9	11	30
10	12	30
8	10	27
6	10	30
4	2	39
6	8	29
6	8	28
6	7	28
4	8	26
0	22	90
5	8	24
8	10	31
4	7	30
7	10	27
6	10	27
2	6	22
2	5	22
2	4	20
6	9	27
7	9	28
9	9	34
8	8	32
3	8	23
2	6	21
7	8	25
1	7	63
4	8	22
4	30	91
4	28	91
5	9	27
4	7	21
3	4	22
3	7	21
2	5	24
3	7	23
5	9	24
2	8	22
6	14	31
3	7	23
4	6	24
3	7	24
4	7	26
3	8	25
1	4	23
6	10	30
3	7	23
4	5	25
3	9	23
4	9	24
9	15	35
2	6	22
2	6	22
7	12	28
7	12	30
9	12	30
5	8	25
8	12	30
6	9	25
6	8	25
5	10	25
2	6	91
2	-1	89
0	4	20
1	11	90
1	11	91
1	8	24
3	6	21
5	8	25
4	5	21
4	8	23
7	10	34
8	12	34
6	10	30
6	12	33
7	10	31
8	10	30
3	4	21
5	7	36
4	5	23
9	10	35
0	15	90
5	6	23
4	12	26
0	7	23
4	7	24
3	7	26
3	6	24
3	5	23
3	4	24
6	9	25
6	8	35
2	5	20
2	6	22
4	6	21
2	6	20
6	16	32
3	5	23
3	5	24
2	4	21
0	10	90
7	25	90
6	24	90
1	23	90
4	24	85
4	17	35
7	10	28
6	9	25
0	4	20
6	7	30
0	12	91
2	5	24
8	14	33
5	4	25
0	3	20
2	8	24
3	8	23
3	9	23
4	-1	91
1	6	23
3	7	24
3	7	25
3	6	24
2	5	22
2	5	21
0	6	91
0	3	90
10	11	37
8	11	31
5	9	26
2	2	20
2	5	22
3	6	22
1	5	22
5	7	30
6	7	25
0	9	91
0	10	90
1	6	21
3	6	27
1	5	20
1	3	21
1	6	23
1	1	20
2	8	22
4	7	22
0	3	32
4	8	23
4	9	23
4	9	22
5	5	21
5	6	22
1	4	20
2	4	20
2	4	22
1	4	21
2	5	22
0	5	91
0	5	90
4	8	21
4	6	21
3	6	22
1	4	23
9	9	33
7	9	31
6	13	28
0	5	91
0	7	90
9	10	32
4	7	24
2	6	22
3	6	22
3	4	21
4	6	24
2	7	22
4	9	26
2	9	24
2	5	21
0	6	22
0	6	21
2	4	20
1	5	21
6	9	25
4	6	21
4	10	25
1	3	20
4	8	23
2	6	23
0	4	22
5	9	26
4	6	23
4	8	24
4	5	22
3	5	21
5	8	23
1	8	20
5	8	26
4	8	23
3	8	21
3	6	23
3	10	23
2	5	21
2	7	22
6	9	25
3	7	23
3	6	22
2	6	21
2	3	22
3	6	24
10	14	34
3	8	28
2	6	22
9	12	32
7	10	32
4	7	22
2	4	21
2	4	23
0	26	90
5	10	27
7	13	31
9	12	30
8	14	32
1	4	20
2	4	21
3	5	23
5	6	24
8	12	35
3	7	25
4	7	24
3	7	26
4	7	24
3	8	24
4	7	25
5	9	24
2	22	91
6	9	26
2	9	24
0	5	23
1	4	21
1	4	21
2	4	20
3	5	22
2	6	22
2	4	22
4	7	23
5	9	25
3	6	22
4	6	23
4	8	23
2	7	22
2	6	22
2	7	22
1	5	22
2	6	20
0	23	91
0	4	21
3	7	23
3	6	24
3	6	23
7	11	27
6	9	25
3	6	21
4	7	25
5	12	30
5	8	23
4	6	24
3	4	24
2	6	21
3	9	24
3	6	23
3	6	25
3	7	21
4	6	22
2	6	22
2	5	21
7	10	32
3	4	22
7	9	31
7	8	33
8	10	33
3	6	21
3	5	21
5	6	22
5	6	26
9	9	35
2	3	22
3	4	21
3	6	22
2	8	21
1	4	24
2	6	22
6	10	30
5	7	26
4	8	25
3	8	24
5	8	22
2	-1	91
1	-1	91
3	7	22
3	6	20
1	4	20
5	7	22
2	5	21
2	4	22
2	6	22
2	8	26
4	7	26
4	7	26
4	5	24
6	15	38
4	8	23
5	10	29
6	12	29
5	9	27
5	7	28
5	10	26
3	7	26
3	6	26
3	3	21
1	4	24
2	4	22
0	4	22
8	10	32
8	11	31
5	11	26
6	9	30
2	8	25
3	4	23
3	10	26
4	7	26
4	6	26
1	20	90
6	10	27
5	9	25
3	6	22
2	6	23
8	12	34
10	12	36
10	13	35
9	16	34
2	4	21
3	7	27
6	8	27
0	20	90
0	20	90
1	4	21
4	6	25
2	6	22
3	5	20
7	14	35
4	6	24
3	4	20
8	13	30
4	6	23
1	29	90
2	9	22
3	6	23
8	10	29
8	11	30
0	5	21
3	8	26
1	6	23
0	2	21
1	6	22
1	6	23
3	5	22
2	4	21
2	4	20
2	7	21
5	8	26
1	7	23
7	9	26
6	9	25
8	15	35
7	12	30
6	12	28
4	7	24
3	5	25
5	11	30
3	5	23
0	9	91
0	7	91
6	6	27
3	5	24
4	9	24
4	8	24
5	11	27
5	8	26
7	11	32
4	8	24
4	10	32
10	11	32
9	11	36
9	11	32
9	12	32
3	5	23
5	9	22
4	6	22
2	5	21
1	3	22
6	10	26
5	9	27
1	5	21
2	6	22
4	8	25
3	7	24
3	6	24
2	6	23
8	12	31
6	10	28
5	9	27
3	6	22
0	2	23
6	7	23
4	6	23
4	7	21
3	5	22
3	7	22
2	6	20
3	6	21
3	7	22
1	26	89
8	12	32
6	10	29
1	5	21
9	13	33
0	5	48
8	7	31
2	2	21
6	11	30
11	16	37
7	10	30
7	9	28
3	2	24
2	3	21
2	3	21
10	11	35
3	7	22
4	7	24
5	8	24
4	7	22
4	6	23
4	9	25
0	1	91
25	25	91
3	5	21
2	6	21
1	4	23
2	5	20
3	7	25
1	5	20
1	6	21
2	6	23
2	4	24
3	5	22
9	10	32
8	11	31
9	10	30
7	8	30
0	9	90
0	18	89
4	8	24
8	12	31
0	4	90
0	7	90
4	7	25
2	8	23
4	8	30
3	6	22
2	5	22
5	11	27
2	8	23
2	7	23
3	5	23
3	6	22
8	9	29
4	10	26
4	9	24
6	9	27
7	9	32
4	10	27
5	9	26
5	8	26
4	9	25
7	5	26
10	12	29
4	9	24
2	5	20
4	8	30
4	8	31
5	11	32
5	12	32
5	11	30
3	7	22
3	6	25
4	7	26
2	8	22
4	7	24
9	11	29
9	11	29
5	12	30
4	8	24
2	7	22
7	7	25
1	7	23
2	4	21
2	8	22
3	5	22
4	7	24
3	8	23
3	5	23
3	8	22
2	5	23
7	6	26
7	12	34
6	10	29
7	10	29
5	9	28
2	8	23
6	8	28
5	7	25
1	6	21
5	9	25
1	7	20
6	8	24
4	7	22
1	5	22
1	5	23
6	7	30
4	9	23
2	5	23
0	8	90
2	5	22
0	10	90
0	9	90
4	7	30
5	7	25
4	8	24
5	8	24
5	7	23
6	12	31
5	11	31
8	13	31
7	9	27
3	6	21
3	6	21
3	6	22
2	3	20
2	8	24
4	5	23
2	7	22
4	8	23
4	7	23
2	7	25
1	4	22
2	4	21
7	9	26
5	8	24
4	5	24
4	5	22
9	12	33
5	9	22
6	9	24
7	8	23
4	6	25
2	7	24
4	8	25
2	7	22
2	6	22
3	5	22
2	6	21
2	5	20
6	8	25
4	6	24
0	7	62
1	13	91
3	4	23
2	6	24
5	7	27
5	11	31
4	8	23
1	5	22
0	5	22
7	8	30
6	7	24
0	9	91
0	9	90
3	7	21
4	6	23
6	14	30
0	4	21
3	9	22
6	7	24
6	11	25
3	9	23
3	5	24
2	3	22
4	8	26
5	8	25
7	8	28
6	7	25
3	8	23
0	4	21
5	8	26
1	11	91
0	14	91
2	4	21
2	2	21
3	7	25
3	10	27
7	7	25
13	19	90
0	7	59
3	8	23
9	7	34
2	6	21
0	11	91
3	6	21
2	6	22
3	5	21
1	10	91
1	10	91
5	7	26
4	7	23
0	11	91
1	6	22
1	6	21
5	9	23
6	7	28
4	10	26
6	13	34
6	12	32
8	11	36
6	10	25
5	9	25
7	7	27
5	9	24
7	10	31
8	12	27
3	8	23
8	-1	91
5	8	23
2	8	23
0	21	90
4	5	25
3	5	25
3	4	23
3	4	22
2	4	22
2	4	22
3	6	23
4	7	23
1	5	26
2	5	23
1	5	24
1	4	24
1	4	23
1	4	21
0	4	23
1	4	23
1	4	21
1	4	22
6	13	31
2	8	22
3	8	23
3	8	23
3	8	22
4	9	30
7	11	32
7	11	28
7	10	28
10	15	39
2	8	22
4	4	21
1	2	22
6	10	24
4	5	22
3	5	22
0	10	90
2	5	21
3	8	24
0	5	21
1	5	20
2	5	20
7	14	33
4	7	25
6	5	25
2	5	22
2	6	21
1	3	20
5	6	24
4	6	24
2	6	23
2	5	22
3	5	21
3	3	23
4	25	91
5	6	25
2	8	22
6	8	26
6	9	26
8	11	28
2	4	22
3	5	22
1	14	91
1	10	91
4	6	27
5	12	30
7	11	30
0	13	90
5	6	23
1	5	21
3	6	24
3	8	22
2	5	21
2	5	22
0	19	90
0	5	86
5	9	30
0	10	91
0	11	91
0	13	91
0	12	91
2	7	23
1	3	21
9	12	29
3	9	27
5	8	25
6	8	25
0	15	90
5	6	24
0	14	90
5	7	24
0	7	91
0	3	91
2	6	22
7	9	32
1	4	21
5	7	24
2	3	21
3	6	31
3	8	32
2	5	22
1	5	22
2	5	21
5	8	29
2	7	22
2	5	21
2	3	21
3	7	25
4	4	22
3	6	23
3	6	23
2	6	22
7	8	25
3	4	21
6	7	26
2	6	22
2	5	23
2	6	22
2	5	21
4	7	25
4	8	22
2	6	22
2	6	22
4	7	24
3	7	25
2	8	22
3	7	23
2	4	21
0	1	23
4	6	23
2	6	21
3	4	22
0	13	90
0	13	90
1	2	22
2	6	20
3	7	25
4	6	23
3	5	23
2	5	22
3	7	22
3	8	23
3	7	22
9	10	34
1	5	20
1	4	21
6	10	26
2	7	22
1	2	23
7	10	26
1	6	22
1	3	22
5	11	31
0	11	91
6	9	27
1	5	20
5	8	23
3	6	23
6	7	27
3	7	24
2	7	22
1	4	23
0	12	91
0	8	91
3	8	22
4	6	24
5	7	25
4	9	25
5	8	25
1	7	21
2	6	20
1	5	20
3	5	20
9	12	39
3	5	22
3	6	23
0	10	91
2	6	23
3	5	23
7	8	26
6	14	26
3	6	25
4	5	23
3	3	22
2	4	21
0	3	23
2	5	22
2	7	21
3	8	26
0	13	90
0	5	91
6	6	30
5	6	30
5	5	25
7	6	27
8	6	30
6	6	28
7	6	30
0	10	91
3	7	24
4	7	27
3	4	26
1	7	90
2	5	21
0	5	21
0	3	20
0	12	90
0	-1	91
2	5	23
2	6	23
3	7	24
3	6	22
3	6	22
8	10	26
4	5	22
5	4	24
4	6	23
3	3	22
3	4	22
1	5	20
2	6	21
3	8	24
3	7	21
3	7	22
4	8	24
6	7	25
3	7	22
5	8	22
5	8	24
4	9	23
3	8	24
3	6	22
2	8	24
3	9	23
3	9	24
6	8	24
6	8	25
6	10	30
3	7	26
4	9	25
4	9	22
3	5	22
4	4	23
0	10	91
3	4	22
4	6	24
6	10	27
2	6	22
2	6	22
9	10	33
1	6	22
3	6	25
3	7	23
0	4	22
0	3	21
6	8	26
6	9	31
7	9	27
2	6	21
2	7	22
3	6	24
2	6	23
3	7	21
2	6	23
2	6	20
2	5	24
3	7	22
2	7	22
3	7	22
8	9	30
7	12	30
8	11	26
5	11	30
5	13	31
7	11	32
4	11	29
4	10	25
4	7	25
4	8	26
2	8	23
0	13	90
0	8	90
7	7	25
2	4	20
7	6	24
5	10	30
6	10	91
5	8	30
2	4	22
3	6	23
2	6	22
2	7	24
2	8	23
1	5	24
0	11	91
1	14	91
1	8	23
5	9	28
3	6	21
1	3	22
8	10	29
3	8	24
2	8	23
3	7	22
3	7	23
4	7	25
5	8	24
0	9	90
0	11	91
2	5	20
2	10	91
0	5	89
0	6	21
1	5	23
5	7	23
1	4	21
4	6	22
0	4	21
1	3	21
2	5	21
4	6	24
6	9	30
4	5	23
5	8	25
3	7	22
5	11	30
10	11	32
4	7	22
5	10	25
0	-1	88
2	10	91
2	10	91
4	12	25
2	6	22
2	5	20
2	6	22
8	8	25
2	4	23
2	8	22
0	2	20
2	7	24
2	7	24
2	7	24
1	6	23
2	5	23
0	4	22
0	4	21
4	6	23
4	15	32
4	9	26
2	6	22
6	10	34
5	7	32
3	8	25
8	7	28
8	7	31
5	7	30
6	6	25
6	6	24
4	5	23
6	7	26
4	5	22
4	8	23
4	8	24
4	7	25
4	9	25
2	7	23
1	3	20
0	-1	90
6	10	26
0	3	23
7	11	28
5	28	61
4	6	24
0	2	21
6	9	30
3	7	22
3	6	24
6	10	27
4	6	24
4	8	21
4	8	25
5	11	30
4	10	26
4	8	24
4	9	25
3	8	26
4	7	24
2	8	24
4	7	24
5	8	32
5	10	30
4	7	26
0	11	91
0	5	90
2	5	22
4	6	23
5	7	23
10	12	29
2	9	23
4	11	28
5	12	26
3	7	22
3	8	23
3	7	24
3	7	24
6	9	27
7	10	29
5	12	30
7	12	28
5	7	25
2	4	20
3	7	22
3	8	24
4	7	23
2	6	23
2	8	23
2	7	21
4	7	24
3	9	30
6	11	32
4	9	31
9	13	32
5	8	22
5	12	26
5	9	26
6	9	25
5	10	26
3	6	22
8	8	33
1	3	20
1	2	22
6	15	34
5	8	24
5	10	26
6	9	28
1	6	22
2	8	23
2	4	22
6	10	26
5	9	26
5	6	26
5	6	26
2	5	23
4	4	23
2	4	20
3	11	26
2	6	23
2	7	22
3	7	20
3	6	20
3	6	20
2	4	22
2	6	21
6	12	30
6	12	30
6	9	25
7	13	31
4	6	23
2	6	21
0	5	20
5	8	30
4	7	23
3	8	24
2	8	22
3	10	24
1	8	21
3	9	23
2	8	21
5	8	23
3	8	24
2	3	21
9	12	33
9	13	30
10	13	34
9	10	32
8	13	33
7	11	26
6	11	30
3	9	25
4	10	24
6	6	26
3	6	23
3	7	24
2	8	22
6	10	26
5	6	24
3	5	23
6	9	25
4	8	23
3	8	23
2	5	22
3	5	20
2	6	24
2	6	23
2	5	21
3	5	23
4	6	25
5	9	25
1	5	21
4	5	22
4	7	23
5	10	25
5	12	30
2	8	22
2	9	21
3	6	23
5	8	25
6	8	25
4	6	21
4	6	22
4	7	23
5	10	24
5	7	22
4	8	26
5	9	24
3	8	27
5	10	25
4	7	23
3	7	22
2	7	22
7	10	29
3	8	24
5	7	21
7	10	32
0	5	60
3	12	29
3	11	26
3	8	23
5	6	23
3	6	21
2	6	23
4	10	31
6	7	25
3	10	30
5	9	25
6	9	33
9	12	32
9	10	32
8	12	33
2	7	21
4	6	22
2	6	21
6	7	26
1	2	20
7	10	26
1	5	22
4	6	22
6	10	27
2	4	20
7	12	31
5	9	23
3	5	23
5	8	23
4	25	90
9	-1	90
0	3	22
5	38	90
5	8	23
5	7	22
2	4	21
7	11	27
8	9	27
8	10	33
4	7	25
0	10	91
2	10	90
6	7	26
8	15	30
3	6	22
12	14	39
12	14	37
11	11	35
8	12	30
10	12	33
3	7	22
2	6	21
5	12	31
10	10	32
5	6	30
7	13	27
1	6	21
3	4	23
2	6	24
3	6	22
7	12	30
2	7	20
2	8	21
2	9	33
4	5	24
7	9	27
5	7	24
6	9	25
5	8	23
5	6	27
6	10	29
11	15	37
4	6	27
3	6	23
2	6	22
6	8	23
5	7	26
3	6	22
5	9	27
3	7	22
7	6	27
3	6	25
8	12	32
4	8	26
9	12	34
3	6	20
4	6	23
3	7	22
2	7	22
2	7	23
1	-1	91
0	-1	91
5	5	25
8	10	32
8	14	31
8	7	30
1	6	22
2	8	23
5	6	23
5	6	23
3	10	26
4	11	91
9	10	31
9	11	30
3	7	22
3	6	23
3	9	23
4	8	23
4	8	24
6	9	25
6	10	24
5	9	25
4	7	22
10	13	35
7	10	27
8	8	28
9	9	27
3	8	22
5	7	23
4	7	23
8	13	31
9	11	38
7	8	26
2	5	22
4	8	24
7	14	31
8	10	28
5	11	30
6	7	30
3	5	23
3	8	24
2	8	22
4	10	27
3	9	25
3	9	24
4	9	24
4	11	25
4	9	24
3	9	23
4	9	31
2	7	26
2	8	24
5	7	25
11	13	35
4	7	23
4	8	30
2	8	22
6	12	31
3	4	23
3	8	25
4	9	24
4	8	24
4	8	23
2	9	25
3	8	24
2	9	26
1	3	21
5	12	30
2	7	22
5	8	23
3	7	23
3	9	23
4	10	30
5	11	26
2	6	21
3	7	23
2	7	22
5	11	28
5	9	26
7	9	24
6	12	28
10	14	37
5	8	25
6	8	25
5	10	26
4	7	24
2	5	22
0	3	22
6	12	27
4	6	24
1	5	21
6	8	24
7	12	34
11	11	34
9	9	32
10	13	35
9	10	32
10	11	34
12	11	35
10	10	30
9	11	35
11	9	34
9	11	34
10	8	30
3	6	23
4	7	23
3	6	23
3	5	23
1	6	23
3	6	25
2	7	23
3	6	24
3	9	22
4	6	23
2	4	21
6	12	31
5	7	25
5	7	24
4	11	27
3	8	22
7	15	31
4	6	28
1	5	26
5	8	34
1	4	24
1	3	23
1	2	23
1	3	21
1	3	20
3	7	25
4	7	24
9	9	29
5	9	25
2	6	23
2	6	23
3	5	23
2	7	22
2	7	22
4	9	26
0	12	91
7	10	24
5	7	26
5	7	25
6	7	27
4	7	25
4	6	24
4	6	23
3	6	23
3	5	22
3	5	21
2	7	24
5	7	24
4	6	23
4	8	26
2	5	21
3	6	21
3	7	22
8	10	34
11	12	35
9	11	32
9	11	29
8	9	31
8	9	32
7	8	31
3	7	21
4	9	23
2	7	23
5	7	22
4	7	21
3	9	22
7	11	29
0	4	21
1	6	22
9	13	30
13	14	40
10	14	34
13	13	38
12	10	36
3	6	23
4	7	24
4	6	23
3	7	24
3	6	21
3	7	22
3	8	23
2	7	22
3	6	24
9	11	29
9	11	29
8	11	30
8	11	29
7	12	32
9	12	31
8	10	30
9	10	29
8	9	27
7	10	26
7	9	26
6	9	26
3	7	21
3	10	26
8	11	30
2	8	22
2	4	20
5	9	23
0	5	87
0	-1	90
4	6	24
6	8	23
6	13	32
4	10	25
5	9	25
2	6	22
5	10	25
5	9	22
6	9	32
3	9	23
3	7	23
2	6	20
4	4	23
3	5	23
2	6	20
3	6	21
7	8	33
5	6	27
10	9	33
5	7	25
6	9	30
6	6	25
10	14	35
3	8	24
4	7	23
2	4	21
1	5	22
1	6	21
1	8	23
0	10	91
7	11	31
4	8	24
8	12	33
11	16	33
12	14	34
6	10	30
0	3	90
7	10	28
4	7	23
6	12	28
2	5	24
0	5	23
1	4	22
2	3	21
2	3	20
5	8	26
6	10	33
4	9	26
3	9	23
5	9	24
8	8	26
8	9	26
8	10	29
8	10	30
4	5	21
3	7	22
4	6	23
3	6	29
5	9	23
1	9	23
3	8	23
4	8	23
4	6	24
2	5	20
4	5	24
2	5	20
7	10	30
3	5	23
2	7	25
3	6	22
7	11	33
4	8	24
5	6	24
5	10	30
1	3	22
2	34	90
6	9	25
7	12	26
6	9	30
1	8	23
0	4	22
3	6	21
2	5	24
8	13	33
3	7	22
7	13	30
8	11	28
4	8	23
3	8	24
7	10	34
5	7	25
3	5	21
4	8	22
2	7	23
0	8	91
0	10	91
5	10	33
3	9	24
4	10	25
3	9	24
3	9	23
5	6	24
2	5	21
2	7	23
2	6	23
5	9	24
5	7	23
3	7	23
2	3	23
0	3	23
5	8	24
4	8	23
1	7	21
4	8	22
4	6	25
8	12	35
2	4	22
3	9	24
2	5	21
5	8	25
1	4	22
1	3	22
12	13	39
1	6	22
6	9	25
5	8	26
4	6	21
3	7	23
2	6	22
2	6	21
0	23	78
7	11	32
4	9	31
4	8	24
3	5	23
1	5	20
5	8	24
9	15	35
10	11	33
9	12	31
6	12	34
6	9	29
0	8	90
6	12	27
3	4	23
9	10	35
9	9	33
9	11	36
13	13	40
13	13	41
3	7	21
1	19	91
1	19	91
6	9	26
6	8	25
5	9	26
4	8	28
6	9	27
2	4	22
3	5	22
2	7	21
5	11	31
10	10	31
9	9	30
8	9	30
4	7	22
6	8	25
2	7	23
3	3	23
3	6	22
3	7	23
3	6	21
3	8	23
2	5	21
6	8	23
6	8	23
4	10	27
4	10	27
6	10	27
3	9	25
4	8	24
5	9	30
3	9	24
2	9	24
3	6	24
2	7	23
2	5	22
3	6	24
1	8	21
6	10	30
4	8	23
9	11	31
9	12	29
9	13	32
8	11	27
8	10	29
11	14	31
9	12	33
9	11	30
10	13	30
3	8	21
4	9	24
3	7	22
5	12	34
2	7	20
2	6	21
2	6	21
7	14	91
4	6	21
3	8	20
3	8	23
5	6	24
9	9	26
8	10	28
7	10	28
9	10	34
7	11	26
6	11	30
6	12	30
6	12	33
3	8	24
2	5	23
1	6	21
3	6	23
1	5	21
4	7	26
2	6	21
6	7	24
6	7	26
5	14	28
1	5	20
5	8	30
8	11	34
7	8	33
7	8	31
0	14	91
0	6	22
5	7	25
7	10	31
12	14	35
2	6	21
2	4	20
4	8	23
3	17	90
2	8	22
3	8	22
5	12	30
6	8	27
6	10	25
4	7	25
7	7	32
7	9	33
2	5	22
2	5	23
3	8	31
3	5	23
4	6	22
6	11	23
3	7	22
4	8	23
4	6	22
5	8	23
6	12	25
2	7	22
6	11	27
9	10	33
5	9	24
2	5	21
3	8	23
4	9	24
4	11	23
4	10	24
9	13	34
3	6	23
4	7	26
3	5	22
4	5	24
3	5	22
2	9	25
5	8	26
5	8	22
3	6	22
2	7	24
11	9	33
3	7	23
10	16	37
8	13	31
5	6	24
3	4	24
4	8	27
2	8	22
4	7	23
8	13	31
6	8	26
10	11	30
5	11	26
2	6	22
4	9	24
3	9	23
2	9	24
8	9	29
4	5	22
3	8	21
2	6	21
2	5	22
3	5	21
3	6	20
3	6	24
5	7	30
3	8	25
5	7	22
2	7	25
7	10	33
6	9	26
4	9	24
4	4	21
0	15	91
4	7	25
6	6	27
5	8	26
0	35	91
3	11	31
2	5	22
6	8	27
6	10	27
8	11	28
15	20	43
5	9	24
4	8	23
5	9	23
5	8	25
4	10	30
3	10	24
3	10	23
2	10	23
3	8	24
3	9	25
3	8	24
3	8	24
5	10	23
5	10	24
7	12	34
6	8	25
7	12	31
3	6	22
5	7	25
6	6	25
4	6	25
4	5	24
4	5	23
4	6	22
0	13	90
0	12	90
6	7	22
2	4	21
10	11	29
6	12	34
6	9	29
4	6	21
6	8	26
2	7	23
2	7	22
1	5	22
0	4	21
1	1	22
0	1	21
0	4	21
0	3	20
4	6	21
8	13	32
7	10	27
1	5	20
7	12	32
2	4	22
2	5	21
2	4	21
5	8	26
6	11	30
2	6	23
4	7	25
2	6	23
6	8	25
3	6	26
0	6	23
4	7	24
4	24	91
7	10	31
2	16	90
5	7	24
6	11	30
7	14	34
5	8	32
7	7	29
5	10	27
9	10	32
1	5	22
9	11	33
0	3	20
5	8	28
2	5	22
7	11	39
10	11	37
7	11	34
5	9	24
0	15	91
6	9	30
3	5	26
1	3	21
1	4	20
5	7	24
7	12	30
4	9	30
5	9	32
9	14	36
1	4	20
4	7	25
8	11	33
3	9	24
3	7	21
7	6	31
3	6	24
2	5	23
6	8	25
7	10	30
7	9	27
8	11	29
8	10	31
7	10	27
7	8	26
6	8	25
3	9	24
4	5	23
0	8	91
0	6	91
4	10	25
5	9	26
4	9	25
3	9	26
2	8	24
2	7	23
2	7	22
2	7	21
8	13	31
6	8	26
5	7	24
7	9	25
1	6	23
4	8	26
3	7	25
4	11	30
4	14	31
6	11	26
6	10	26
2	7	24
2	8	23
1	6	22
2	8	25
2	5	22
3	7	24
6	6	24
4	8	23
5	26	90
8	10	32
8	11	32
12	17	33
2	8	23
6	11	30
8	12	32
5	11	31
5	10	28
5	12	29
5	11	31
2	7	23
3	6	21
4	9	23
2	6	22
2	6	23
2	6	22
6	8	24
2	7	23
4	7	24
7	43	90
3	6	23
2	6	20
3	7	24
5	5	24
3	4	22
1	2	22
5	8	24
5	8	27
3	5	24
2	6	23
3	7	25
4	8	25
3	7	24
3	6	23
4	6	22
3	8	22
4	6	30
0	4	22
3	7	20
3	7	21
1	6	21
5	11	32
2	8	21
2	6	21
2	6	21
9	11	32
7	9	27
7	11	27
7	9	27
6	10	26
8	13	28
7	11	26
4	7	24
2	7	23
4	7	22
5	6	24
6	8	26
7	10	32
6	9	26
5	10	30
7	8	31
9	10	34
11	11	35
9	12	36
9	12	36
10	14	41
11	14	39
9	14	37
6	10	28
7	11	27
6	11	27
8	13	35
5	10	25
2	5	21
8	11	32
9	11	32
8	12	31
9	10	28
3	7	22
4	8	22
10	12	33
7	15	33
6	10	29
3	7	24
3	6	22
12	11	34
3	7	22
3	8	22
5	8	24
1	7	21
10	11	31
4	8	23
5	7	21
2	8	21
2	6	21
6	9	27
6	9	25
3	7	25
3	7	24
2	4	21
3	6	23
0	12	91
0	6	91
5	8	23
2	6	20
5	9	27
8	8	28
8	12	31
4	8	22
3	7	23
8	8	28
5	7	28
7	11	31
6	11	30
3	10	25
5	13	32
6	10	30
6	11	32
7	11	32
5	13	30
5	9	26
5	8	28
3	7	23
2	8	23
11	12	36
2	8	20
3	7	21
6	11	31
6	10	27
2	2	22
4	5	24
3	6	24
8	13	32
10	16	39
12	15	38
8	13	36
13	15	39
6	10	31
3	6	24
6	10	32
5	9	25
5	8	24
5	9	30
0	13	91
0	13	91
0	10	90
1	6	20
2	3	21
2	6	22
3	5	22
0	13	89
2	5	22
2	4	21
3	5	26
0	9	57
2	4	23
3	4	23
0	3	21
0	10	90
0	10	91
3	8	24
3	8	24
4	8	23
5	8	26
5	9	30
19	21	48
8	12	32
0	4	20
1	2	21
0	6	90
0	2	90
0	0	91
0	6	22
2	6	21
2	6	21
1	3	21
3	4	21
3	4	24
2	5	23
2	5	23
0	8	49
1	4	21
2	5	22
1	4	21
1	4	21
0	2	42
2	4	20
3	5	23
3	10	91
6	14	91
1	2	21
1	3	21
7	9	30
4	6	23
8	17	35
8	12	35
4	8	23
4	9	24
3	9	26
4	8	24
5	9	25
4	10	27
4	7	24
4	7	21
3	5	22
2	7	20
5	11	30
8	8	24
5	8	24
0	8	91
0	6	90
2	5	20
1	3	21
3	4	22
3	7	24
7	8	27
2	5	22
2	6	22
2	4	22
2	5	21
5	10	24
6	12	31
4	8	25
6	7	33
4	6	23
2	6	23
2	6	24
4	8	24
4	8	23
5	10	32
6	7	27
5	7	21
4	8	25
2	5	22
2	5	21
0	3	21
0	4	22
0	4	23
6	10	26
2	6	22
3	6	20
4	5	24
8	8	30
6	8	26
1	6	20
6	8	27
6	8	26
6	9	29
2	5	22
2	4	21
5	7	24
4	6	23
2	6	22
3	7	24
2	5	20
2	4	23
3	8	21
5	10	25
5	10	24
7	9	29
7	10	30
7	10	30
7	10	32
7	9	27
7	10	30
7	11	33
9	10	32
5	7	25
5	7	27
6	11	28
5	12	32
6	12	30
4	5	27
5	39	91
1	2	20
5	8	24
4	11	24
3	9	25
3	8	23
3	8	23
2	6	24
3	6	23
0	2	22
4	10	27
2	5	22
5	7	25
0	26	91
3	8	26
5	6	22
7	10	33
0	5	24
0	11	91
0	8	91
1	4	26
9	10	30
6	15	31
3	14	32
4	7	22
4	7	22
2	4	21
3	4	22
3	7	25
5	6	22
5	6	25
1	5	20
2	29	91
5	9	26
5	7	26
7	9	32
8	8	30
6	8	27
6	8	28
7	11	33
9	11	33
5	7	25
3	5	26
1	3	22
1	3	20
3	5	25
3	4	22
3	4	23
4	8	25
4	7	24
5	6	24
4	7	23
4	6	22
6	15	30
5	9	22
5	12	33
7	10	24
2	7	22
2	7	21
6	12	28
5	12	27
7	9	32
3	5	23
6	9	25
7	11	26
2	4	22
2	5	21
4	5	23
3	5	23
4	7	22
8	9	30
4	9	24
4	7	21
3	7	21
2	4	24
4	14	30
4	9	23
2	8	23
2	5	22
3	9	35
4	23	90
8	11	29
3	6	20
7	10	28
4	6	22
3	10	25
5	11	26
2	9	20
3	9	21
5	7	27
2	8	22
4	6	23
7	10	31
5	14	32
7	9	31
7	14	34
7	12	32
7	11	25
5	13	30
6	7	28
9	15	30
4	7	22
1	6	22
3	10	23
5	6	25
2	6	21
2	6	22
1	3	22
3	7	21
8	8	30
4	8	24
2	5	23
0	4	23
7	9	25
6	9	26
3	7	26
3	9	24
3	9	26
5	12	30
3	7	24
2	8	22
3	8	23
1	5	23
3	8	21
3	6	23
2	6	24
6	10	30
1	4	30
4	6	25
0	36	90
0	36	90
5	11	26
0	9	90
6	6	24
8	11	28
9	10	28
6	9	30
5	7	25
4	12	26
1	3	20
2	4	22
1	3	21
3	7	21
2	6	22
8	9	30
5	10	30
3	6	23
2	8	20
2	5	23
5	6	25
2	5	21
4	5	24
1	4	21
3	7	23
2	6	20
3	8	23
7	11	31
2	4	21
3	7	22
5	11	30
3	7	24
4	10	24
3	9	25
8	9	26
4	7	25
6	8	30
4	6	24
4	9	24
3	6	22
4	10	27
2	6	22
2	7	21
4	8	23
4	6	27
2	3	23
5	10	31
2	7	21
8	9	34
1	8	22
6	8	24
3	8	22
2	7	21
1	6	23
5	7	24
3	6	21
5	9	26
7	9	28
1	28	90
4	8	30
3	9	24
3	10	25
6	12	32
4	9	27
5	10	28
5	11	30
3	9	24
4	8	25
6	14	32
6	12	28
3	7	23
2	5	22
7	10	34
2	5	22
5	9	23
5	8	25
1	5	22
3	10	25
3	8	21
3	7	22
3	7	23
3	4	24
5	7	24
4	8	24
4	9	25
4	7	24
2	8	21
3	9	24
1	4	23
5	12	29
5	9	24
3	6	24
4	8	24
4	7	23
3	10	26
3	6	25
1	5	20
1	5	20
1	5	21
3	6	23
2	8	22
3	8	23
6	22	90
5	7	23
5	9	29
1	2	21
5	7	30
4	5	26
3	4	24
3	4	24
3	4	23
2	3	21
1	4	22
8	12	35
3	6	22
0	3	21
2	11	31
2	7	25
5	9	31
1	3	21
2	6	22
2	4	24
2	4	22
1	2	22
4	5	23
4	8	24
3	8	23
2	7	22
3	6	20
9	12	36
3	7	22
5	8	24
3	8	22
8	14	33
4	6	23
4	6	22
4	7	26
4	6	24
3	8	23
3	7	22
6	10	30
0	22	90
4	7	21
4	6	21
6	7	29
6	9	26
8	10	32
6	11	25
1	2	24
4	8	30
3	9	25
4	9	24
6	9	26
13	11	37
12	10	36
4	8	25
4	8	25
2	6	22
6	8	25
4	5	22
2	6	21
1	7	20
0	10	91
0	16	91
8	17	37
2	8	23
5	7	24
6	8	27
9	9	31
2	6	23
2	5	22
2	6	21
3	9	22
2	9	23
4	5	21
3	6	21
2	5	22
2	8	21
6	8	28
9	14	31
8	15	32
5	7	26
5	7	26
5	7	26
7	9	30
4	7	22
3	8	21
3	6	22
5	9	25
0	4	20
0	5	21
0	4	22
3	10	23
3	8	22
5	9	22
4	9	22
6	9	28
1	2	23
1	3	23
0	1	22
0	3	21
10	16	34
1	4	21
3	6	23
2	8	25
2	5	21
3	6	23
1	5	20
7	11	30
7	10	30
7	12	31
8	10	32
9	11	34
7	11	33
5	8	25
4	8	23
4	8	23
0	19	91
2	6	22
3	6	21
3	8	22
6	7	24
5	7	26
2	6	22
3	7	22
4	6	25
3	7	21
8	13	29
8	13	28
2	3	20
6	10	30
7	9	28
9	11	35
6	9	31
0	9	89
9	10	32
11	12	35
10	12	32
4	7	26
3	7	25
4	7	21
0	3	22
1	4	24
1	4	21
1	4	23
1	5	21
1	5	23
1	6	24
1	5	23
1	4	22
2	4	21
3	8	30
0	10	91
0	11	91
1	7	25
0	17	91
0	7	91
5	5	24
3	9	23
3	8	22
2	7	23
2	7	22
10	7	33
5	10	26
5	5	22
7	9	25
6	12	31
6	9	30
4	9	24
5	9	25
7	11	30
6	8	32
3	6	21
0	11	91
0	13	91
3	6	24
3	6	22
2	6	22
2	6	21
1	3	23
0	4	22
1	3	22
0	3	21
3	6	21
0	9	90
2	9	74
1	4	22
3	5	23
2	5	24
1	3	21
5	6	25
6	6	24
4	9	30
3	3	23
2	7	21
7	9	29
6	8	28
2	5	22
3	7	22
1	4	20
5	8	25
0	7	90
0	9	91
5	10	26
4	7	24
2	9	31
7	9	28
4	6	26
4	6	25
3	5	24
3	6	23
0	11	91
0	8	91
2	5	21
1	4	22
6	11	32
6	8	26
9	9	32
3	6	22
2	5	21
2	6	21
7	13	30
2	7	24
4	5	24
4	10	24
5	8	25
4	8	25
5	7	23
4	8	24
5	8	25
4	9	27
5	8	23
2	4	22
2	3	21
4	7	25
0	5	91
1	3	22
2	3	21
2	3	22
0	13	91
0	8	90
5	9	31
4	6	24
5	6	26
4	5	25
3	5	22
1	2	21
6	7	25
8	9	31
8	9	30
1	3	23
5	6	26
6	6	27
8	7	31
5	10	28
2	6	22
3	6	23
5	9	30
8	10	26
6	9	30
7	11	26
7	7	30
6	10	27
3	5	23
4	7	23
9	14	42
0	1	20
5	8	25
5	9	24
8	12	34
7	11	30
6	10	33
2	6	20
7	8	32
4	8	24
2	6	24
2	8	21
3	7	21
0	11	90
0	14	91
0	9	91
4	9	31
0	17	90
3	8	22
7	10	26
6	9	24
2	6	20
6	11	30
6	11	29
5	9	29
0	5	22
2	4	24
3	4	22
3	6	22
2	2	22
0	11	82
0	10	82
6	10	25
7	8	28
2	7	23
6	7	23
0	4	20
0	2	21
7	9	28
6	8	26
5	8	25
5	8	24
5	8	23
5	8	26
4	8	25
5	8	24
5	7	24
4	7	26
3	6	23
7	9	26
3	6	24
4	10	28
6	9	27
5	7	24
3	7	23
0	3	22
0	2	20
7	7	30
4	9	23
0	12	91
2	6	21
0	-1	91
0	9	91
1	28	83
4	9	25
2	7	23
5	9	26
6	14	31
4	8	24
0	6	91
0	8	91
0	1	45
2	5	21
9	10	27
5	6	24
6	6	27
0	8	90
5	11	30
1	5	22
2	3	23
0	11	91
0	9	90
4	6	24
2	5	21
4	8	24
3	8	22
1	4	20
1	6	20
2	5	22
3	7	27
2	6	22
5	6	23
3	6	22
2	6	21
0	2	91
0	-1	90
4	4	30
3	8	26
0	12	91
3	6	21
6	7	26
3	6	25
7	9	29
5	10	27
2	8	30
5	9	31
2	6	24
9	8	33
4	4	24
1	3	21
2	6	22
2	4	25
1	3	22
2	6	20
4	7	22
4	8	24
4	7	22
4	5	24
1	5	20
1	3	22
6	11	30
3	4	21
3	6	23
3	6	22
3	6	21
3	5	23
0	14	90
6	9	26
6	7	25
2	4	20
8	9	27
0	3	20
6	8	26
3	5	22
2	4	21
3	7	25
2	8	23
3	4	20
5	8	24
5	6	24
3	7	23
2	5	21
2	3	21
2	4	20
3	4	24
2	4	22
4	7	25
3	7	22
5	6	22
0	4	90
0	14	91
3	4	26
3	5	21
6	7	24
5	11	32
4	5	22
0	11	90
0	9	90
4	9	24
4	10	31
2	4	21
4	7	22
2	9	22
6	12	30
3	8	22
6	8	25
7	9	28
7	10	27
0	5	22
7	8	24
1	6	20
6	12	30
0	7	90
1	4	23
2	6	20
8	13	33
3	5	21
3	8	31
4	7	23
2	6	20
9	10	30
3	8	30
3	6	22
3	6	22
4	7	23
3	9	24
4	8	26
5	9	25
6	7	25
4	6	23
2	7	23
5	10	25
5	10	24
6	13	35
2	5	20
3	4	23
3	7	23
2	6	23
4	7	24
4	8	23
8	8	27
5	9	26
4	5	23
3	6	22
3	6	22
2	6	22
5	10	32
6	10	27
5	7	24
5	7	23
5	10	29
2	6	22
6	11	28
8	11	30
2	5	23
1	6	21
5	8	23
2	7	23
4	8	24
4	6	25
5	9	23
0	3	21
9	11	30
0	9	91
1	4	21
4	7	23
2	5	22
5	12	32
6	13	31
4	7	24
6	7	23
7	7	24
5	6	24
1	5	21
2	8	24
3	6	20
7	9	33
2	4	22
5	10	30
5	7	23
6	7	25
3	4	21
2	6	24
4	9	27
4	10	26
7	35	89
9	13	33
11	11	32
1	19	90
3	13	62
1	5	22
3	6	21
2	8	22
10	14	32
6	9	30
1	7	22
3	5	23
2	6	22
5	12	34
6	7	32
8	7	30
3	7	22
1	5	22
7	9	27
6	10	28
7	8	28
0	36	90
4	7	23
0	10	91
3	6	24
3	5	21
4	5	22
2	6	20
5	6	24
8	12	31
6	11	27
7	11	29
8	11	30
3	6	23
9	13	30
8	14	30
4	6	22
5	9	25
4	12	28
4	11	27
0	8	90
10	13	33
8	12	31
8	12	33
1	4	21
7	9	27
5	8	24
10	12	37
3	5	23
4	11	27
4	6	22
1	21	90
4	12	26
7	16	33
5	7	21
5	9	27
7	8	27
2	7	22
1	7	21
3	7	20
2	9	22
1	7	20
4	8	24
4	8	23
2	5	22
7	9	31
4	8	22
7	7	30
7	13	30
6	13	32
7	12	28
7	13	33
6	10	25
5	10	28
6	12	28
5	12	28
5	10	24
4	8	23
7	11	26
4	10	31
3	6	22
7	11	34
2	6	21
3	6	24
3	6	23
8	12	29
1	4	21
1	7	20
1	7	21
4	8	23
1	3	21
6	9	27
4	6	21
1	6	21
6	10	26
9	12	29
11	12	30
3	6	21
5	12	25
9	12	32
9	12	32
4	6	31
2	6	23
6	9	23
2	6	21
7	15	32
6	8	25
8	10	32
8	13	30
6	12	30
6	11	30
7	11	30
6	8	25
7	9	25
9	14	30
9	11	28
6	7	25
7	8	25
6	7	24
0	5	56
4	5	25
2	8	22
6	9	26
5	7	27
7	9	26
6	10	24
5	11	31
8	13	34
3	7	23
2	6	22
3	10	22
5	7	25
7	12	31
3	7	21
7	12	30
7	11	27
4	10	27
4	8	23
4	9	25
5	9	24
4	8	24
10	12	35
9	11	32
4	6	25
8	11	29
9	12	34
8	10	28
8	9	28
3	9	23
3	6	23
4	7	22
4	11	31
6	7	26
10	10	31
7	9	29
7	11	31
9	11	32
10	12	33
7	10	26
9	10	28
8	13	31
8	10	27
9	9	35
6	11	27
6	10	25
4	5	23
4	10	26
3	8	24
2	5	20
4	8	26
6	11	31
3	10	27
3	10	27
4	7	25
5	8	25
7	8	27
5	5	26
5	12	26
5	8	23
0	5	21
2	8	24
2	9	32
3	7	26
4	8	24
8	11	30
9	13	31
3	8	23
4	6	24
6	9	27
6	11	30
7	8	33
6	8	30
5	8	29
5	7	28
6	9	27
6	11	33
5	8	31
4	6	24
4	7	23
3	6	23
3	6	22
5	8	22
4	9	26
3	5	22
1	5	21
5	8	24
8	11	31
3	4	23
4	6	22
3	7	21
3	5	20
2	6	21
2	5	20
3	9	23
6	6	24
3	7	23
2	6	22
2	6	21
4	7	24
4	8	23
5	11	30
3	7	23
6	8	26
6	7	25
2	6	21
6	5	29
3	4	23
2	5	21
5	8	26
7	9	27
9	14	35
4	6	23
3	7	23
6	10	27
5	11	30
6	12	33
5	12	30
5	13	30
5	9	26
3	10	27
4	8	25
4	8	25
5	8	25
3	5	20
3	5	23
2	7	24
4	9	23
2	4	22
5	9	22
0	3	21
2	6	22
6	5	26
2	4	22
3	10	23
6	9	25
3	5	22
3	7	20
4	9	24
2	7	21
0	34	91
5	12	28
4	8	23
3	7	21
6	10	28
5	8	28
5	10	30
4	8	28
3	7	22
4	8	26
3	8	23
6	13	31
8	12	29
4	8	23
2	5	23
5	6	24
8	9	32
7	11	27
4	6	24
2	5	23
3	5	22
0	4	91
5	9	33
5	10	25
5	7	26
4	7	21
1	5	21
2	8	22
6	8	26
1	6	23
1	4	20
6	11	26
6	8	25
6	9	30
2	9	23
4	8	25
6	10	24
2	5	21
3	7	22
3	5	22
3	5	23
4	6	23
4	7	30
3	6	22
7	7	26
3	9	24
6	8	27
3	8	23
10	11	35
5	8	25
3	5	21
4	9	24
1	5	20
2	4	20
3	7	23
4	8	22
7	8	24
2	6	21
4	10	30
5	7	31
5	9	27
5	7	24
1	5	20
4	9	26
7	9	24
5	10	27
7	9	30
6	7	26
3	8	23
5	10	26
5	10	26
6	8	24
7	11	30
8	12	34
3	4	21
4	8	25
3	11	26
3	5	23
8	11	29
6	9	28
7	13	33
11	12	33
9	12	28
3	5	24
2	6	22
2	7	22
2	7	21
4	6	22
2	8	24
3	8	22
3	9	22
9	12	33
8	12	29
5	11	27
7	10	26
2	4	22
6	9	24
3	8	22
5	9	25
2	5	23
4	8	23
4	7	26
3	5	23
4	6	21
2	4	20
6	9	25
4	7	23
5	10	24
4	9	25
4	9	24
4	9	30
4	6	22
2	5	21
3	8	22
3	6	23
2	8	22
3	6	24
3	6	22
3	6	23
7	12	30
4	12	25
3	12	24
5	10	24
3	7	22
6	15	33
6	9	24
5	8	21
5	10	23
4	7	22
3	7	23
10	10	30
8	12	36
5	8	30
1	3	21
4	7	22
3	8	24
2	6	22
1	13	90
5	10	31
4	8	27
3	7	24
4	7	27
5	9	30
3	8	23
3	8	22
3	7	24
2	7	23
2	6	22
3	7	21
3	3	21
2	8	25
2	8	23
4	9	26
5	9	30
6	11	33
9	15	35
5	7	30
2	6	21
6	11	27
2	7	22
7	13	34
9	13	32
8	12	32
1	4	20
3	7	24
6	9	25
2	2	23
1	5	21
4	6	25
4	6	22
4	4	24
5	7	23
4	12	27
0	4	20
7	13	27
5	10	24
6	9	25
9	11	34
8	12	31
3	7	23
1	7	22
2	5	21
4	8	22
1	6	21
4	8	24
4	11	24
3	7	22
3	7	21
4	6	21
3	5	22
0	2	21
8	14	32
3	5	24
5	6	22
5	11	32
7	12	33
2	8	24
4	9	24
6	11	31
7	12	30
2	4	21
5	8	23
7	10	30
9	14	31
3	7	22
2	6	22
1	6	20
4	6	27
6	7	24
3	3	22
0	3	24
6	8	26
11	15	37
3	8	24
2	7	22
2	9	23
3	7	22
3	6	21
3	5	20
7	10	30
1	4	23
3	6	28
10	12	40
3	5	21
5	9	25
8	14	36
7	12	33
5	13	27
7	12	28
7	11	27
4	4	22
10	9	31
3	7	22
7	20	90
11	12	33
1	6	20
3	7	23
4	6	24
6	10	32
7	11	28
2	4	22
2	4	22
2	5	23
4	8	26
4	7	25
4	10	31
4	10	26
3	9	27
4	7	25
4	7	25
4	5	22
7	10	30
2	5	23
3	5	22
8	9	34
0	2	21
0	1	20
1	4	21
2	3	24
1	4	20
1	3	22
3	6	25
1	4	23
3	6	20
3	6	21
3	6	24
4	6	22
4	6	22
4	6	23
1	7	21
1	6	21
2	6	21
4	9	26
3	6	24
4	9	26
2	6	20
5	6	22
2	4	26
3	7	24
3	5	21
4	5	25
2	4	23
2	5	22
1	4	21
1	4	22
3	4	22
2	8	24
2	8	23
5	7	25
1	6	21
2	5	24
5	7	30
1	4	21
6	8	26
2	6	23
11	10	34
4	5	25
3	5	25
3	5	24
4	4	23
6	5	26
4	9	28
4	8	27
5	10	28
2	5	20
5	6	23
4	6	23
2	7	23
3	5	21
2	3	23
2	2	22
3	6	22
2	11	24
1	5	22
8	13	30
4	9	26
2	4	21
1	5	23
2	5	22
2	4	21
7	12	33
2	4	22
0	7	90
0	9	89
0	17	91
0	11	90
3	30	89
8	29	90
0	4	20
3	5	23
0	6	91
0	9	91
6	13	30
1	6	91
7	10	30
4	6	23
7	6	25
5	8	30
4	9	31
2	4	23
5	9	27
2	6	20
6	14	32
2	6	24
1	6	24
9	11	38
0	9	91
2	6	20
2	5	21
2	9	24
3	6	21
7	11	28
8	12	30
7	10	27
8	13	31
10	16	35
6	13	29
6	12	28
7	13	30
7	13	31
2	6	21
2	6	21
4	8	23
4	7	21
1	6	22
9	11	30
8	8	30
3	5	21
9	10	33
4	5	22
3	5	21
5	9	27
3	7	23
3	8	25
7	12	34
5	9	30
4	5	32
10	14	38
6	8	24
3	7	23
2	6	22
4	8	23
2	8	22
1	3	21
2	4	21
0	3	90
0	9	90
0	9	89
1	4	21
5	6	27
10	12	31
4	9	24
6	7	26
2	5	20
6	9	26
7	11	27
5	9	30
5	9	22
4	8	23
5	9	30
5	7	23
4	6	22
0	3	90
9	13	31
9	13	33
8	12	32
9	14	31
6	11	31
7	13	31
8	12	31
6	10	28
2	6	22
4	9	23
3	6	22
3	6	23
3	6	21
4	3	23
7	11	33
4	7	23
8	13	29
5	7	30
4	11	26
4	7	22
2	5	23
4	7	24
2	7	23
2	7	22
3	7	21
3	4	22
4	6	23
0	3	21
0	2	20
3	8	25
4	5	25
1	3	22
8	8	30
5	7	23
4	8	25
6	7	30
3	8	24
2	5	23
2	7	22
1	5	20
2	4	20
5	10	25
4	8	27
6	8	28
6	6	25
2	5	21
6	10	25
7	12	27
7	10	25
4	10	31
5	7	25
7	8	26
4	6	24
7	8	26
7	8	26
6	10	25
1	4	21
3	9	23
2	4	22
6	11	26
5	9	24
3	7	24
5	8	23
4	9	24
2	8	24
3	7	23
3	6	20
9	39	90
11	37	90
2	4	22
2	8	22
3	5	21
9	9	31
7	13	31
4	7	26
3	4	22
7	12	33
4	6	22
6	6	24
2	5	20
8	11	25
9	13	40
5	13	31
5	7	30
6	10	27
6	8	26
8	9	25
2	3	25
6	12	28
7	12	29
6	11	29
5	8	25
4	8	22
4	7	24
5	9	24
0	9	90
2	7	24
1	5	22
6	11	30
4	9	27
5	-1	40
7	9	31
6	10	30
4	8	22
3	9	24
3	6	21
3	7	22
1	7	21
4	8	30
3	7	24
7	11	30
4	8	25
2	6	20
5	9	25
1	2	20
7	8	27
7	11	32
7	10	30
7	11	31
2	6	22
4	7	24
5	10	24
7	11	27
8	11	31
8	9	26
2	6	23
6	8	26
7	10	32
9	12	35
7	11	28
6	10	30
8	14	34
4	7	23
6	8	24
6	10	32
5	10	30
5	12	33
3	9	26
1	6	22
1	5	21
1	3	21
0	3	22
1	4	26
3	5	20
7	13	32
7	13	31
2	8	23
4	7	23
2	5	21
1	4	20
1	6	21
2	9	22
3	8	23
6	9	25
4	10	24
1	5	21
5	5	26
3	6	22
5	8	27
2	7	22
2	7	20
1	7	20
0	7	23
3	6	21
2	3	21
6	8	27
2	4	21
6	11	31
5	10	25
4	6	21
2	7	23
0	-1	91
5	9	26
0	2	22
1	5	20
4	5	21
4	14	30
5	8	26
6	7	26
4	6	21
2	4	22
5	8	23
4	8	25
4	8	31
4	10	26
3	7	25
3	5	21
4	10	25
3	7	22
2	4	22
4	10	26
5	8	25
4	33	85
7	10	27
6	6	26
8	7	32
8	6	31
8	7	30
7	7	32
9	9	36
9	9	35
8	8	33
6	6	30
5	8	30
2	8	23
2	5	22
5	8	22
5	8	23
5	7	23
5	9	30
11	11	35
9	10	33
3	6	21
3	6	22
5	7	25
2	5	22
6	8	24
4	8	21
4	7	22
0	3	21
3	7	20
9	15	36
7	16	33
10	14	35
7	10	28
7	15	32
8	13	33
8	10	27
1	8	20
6	8	25
5	7	23
2	4	22
5	7	24
2	8	22
4	9	24
3	6	26
1	4	22
6	8	23
3	5	22
2	4	23
3	6	22
3	7	22
5	6	26
11	34	90
3	7	26
11	14	35
3	9	25
4	6	25
6	11	31
8	12	38
6	12	31
5	10	28
3	5	23
6	9	24
10	12	34
1	15	90
1	14	91
6	13	33
0	4	90
3	6	23
10	13	35
3	6	21
2	5	21
1	4	21
3	6	22
1	5	21
3	6	21
3	6	24
2	7	21
2	9	23
2	6	21
5	11	27
3	6	21
4	7	23
8	10	36
4	5	27
2	6	26
4	4	24
3	5	24
3	4	23
1	4	23
2	4	22
2	8	24
3	10	26
6	11	31
5	13	33
3	7	22
4	7	24
3	9	24
4	9	24
3	8	23
3	6	22
3	6	22
3	5	22
4	8	25
8	10	31
3	11	26
0	9	91
0	12	90
3	6	22
0	10	90
0	12	91
7	9	27
7	8	31
5	10	31
1	6	22
1	4	20
3	8	25
3	8	23
2	7	23
3	7	22
1	5	21
6	8	30
2	5	20
4	9	25
3	8	24
6	12	30
4	4	23
8	8	30
1	5	21
3	6	23
3	5	22
7	8	24
6	11	35
9	12	32
3	9	25
4	6	22
3	5	23
4	7	24
6	10	24
4	8	23
4	8	22
1	5	20
5	9	26
5	10	23
2	4	21
2	6	23
2	6	22
5	10	27
4	6	24
3	6	24
3	5	24
6	10	27
9	10	30
8	14	34
7	11	27
7	10	31
5	8	26
6	9	25
6	10	31
6	12	30
5	12	30
3	7	22
3	5	26
2	7	20
5	10	25
0	4	22
4	6	24
6	12	33
3	6	22
3	5	21
6	9	32
3	7	25
6	11	26
6	11	25
3	5	22
8	9	31
8	10	31
8	8	28
9	9	31
2	5	22
6	10	29
2	6	24
5	6	23
5	11	28
4	8	27
3	12	30
4	7	21
4	7	24
2	6	21
3	7	23
4	8	24
4	7	24
4	8	27
2	7	26
4	6	23
7	10	30
5	8	30
2	6	21
4	6	24
5	7	24
9	10	30
2	5	21
5	7	21
4	6	23
6	10	27
6	9	26
2	7	23
6	9	28
7	9	27
8	11	31
1	5	20
0	11	91
1	11	91
5	10	30
0	9	90
3	3	22
2	6	24
3	7	25
2	6	25
2	4	22
3	5	22
5	5	23
3	6	21
4	6	24
0	5	91
0	5	91
8	10	25
0	4	20
2	5	23
4	6	24
6	7	25
2	2	21
2	6	24
2	5	22
1	3	21
2	4	23
5	6	23
5	6	24
4	7	24
3	9	24
3	7	23
2	8	22
2	8	25
2	7	23
2	8	23
2	7	23
2	6	21
0	13	91
0	1	89
0	8	90
4	5	24
2	4	23
3	3	22
2	4	21
4	8	24
2	8	23
2	6	20
2	7	21
4	6	23
3	7	23
3	6	22
1	4	20
3	7	24
3	8	23
3	7	25
4	5	24
4	6	23
2	7	22
2	5	22
2	6	23
2	6	21
2	6	22
1	2	22
1	2	21
2	7	21
1	3	20
3	6	24
4	7	26
8	11	31
8	8	31
6	5	23
10	11	27
5	6	23
2	8	24
1	6	21
3	4	21
3	11	30
6	10	30
2	6	22
5	8	30
10	11	30
6	9	25
2	7	22
0	5	21
2	6	22
3	6	23
3	6	23
3	7	24
4	7	25
3	4	22
2	4	24
1	6	21
3	5	22
2	4	21
14	25	90
1	4	23
6	7	24
6	10	26
5	9	23
3	7	23
2	7	22
4	7	25
4	7	25
7	12	30
0	3	21
0	5	20
4	10	24
4	21	90
3	23	90
4	7	22
4	6	22
6	10	26
5	12	27
10	11	29
7	8	27
7	11	33
2	4	21
3	7	23
2	7	22
2	7	22
7	7	33
6	8	33
6	7	28
6	7	28
9	7	32
7	6	26
9	9	39
10	9	34
7	8	32
8	7	29
6	5	24
2	6	22
3	7	21
5	7	23
3	7	24
2	3	26
5	9	24
8	8	29
3	6	24
1	4	21
4	7	22
1	7	25
0	3	22
2	6	21
2	6	20
3	5	20
2	5	22
4	5	23
7	8	30
4	8	23
5	12	26
1	5	22
1	3	21
7	10	27
10	12	36
4	9	25
3	7	25
12	14	36
10	12	35
11	12	33
10	10	33
10	12	31
8	9	30
9	8	29
9	8	28
9	7	27
8	9	31
3	6	22
5	9	25
4	6	26
5	8	26
2	7	22
5	8	25
1	5	20
5	9	28
3	6	23
4	6	22
4	8	25
7	7	28
7	15	35
1	3	24
1	4	22
0	12	23
7	12	26
3	9	22
4	11	26
1	4	23
3	5	24
8	9	26
4	6	22
0	11	90
0	14	89
5	6	25
5	8	26
4	6	24
3	7	24
5	8	27
0	5	22
7	12	29
1	7	20
2	6	21
3	8	25
3	6	24
3	7	23
2	7	24
4	7	21
3	8	20
6	12	30
10	12	37
12	13	38
8	15	35
9	16	35
4	5	23
8	8	29
4	8	28
3	5	23
3	6	25
3	8	25
3	7	22
0	3	21
1	4	23
1	3	23
2	5	22
3	7	22
3	5	24
1	6	20
6	9	27
5	8	24
9	14	31
3	8	23
1	4	22
7	11	33
5	10	27
4	11	26
5	6	22
2	24	90
8	12	33
3	6	23
3	8	23
5	8	26
3	7	22
0	5	22
1	4	20
1	5	24
1	5	23
3	9	25
2	5	21
3	8	22
3	9	23
3	7	23
4	8	25
2	7	24
3	8	25
5	7	27
4	10	31
7	10	28
4	8	26
4	6	24
3	6	24
4	11	31
6	11	31
5	12	30
5	13	32
6	14	30
5	12	26
6	11	26
5	10	27
6	12	28
5	11	26
3	9	27
3	8	24
3	3	24
3	4	25
9	13	30
6	6	24
5	5	22
4	5	21
4	7	23
4	6	24
3	6	21
8	13	35
0	2	21
2	7	24
5	8	26
2	7	22
6	36	90
0	0	21
1	3	22
5	6	23
2	13	91
0	7	91
5	10	27
0	12	91
1	12	90
0	-1	90
0	-1	91
6	8	27
4	9	23
5	8	23
3	9	24
1	5	34
0	31	91
1	-1	91
4	11	27
1	4	22
10	11	33
0	1	21
1	3	21
3	4	24
0	5	91
0	5	89
4	4	26
2	6	20
6	10	26
2	4	23
5	8	25
3	6	23
4	6	22
5	6	25
4	6	31
1	7	91
0	9	91
0	8	91
0	9	90
3	8	25
1	4	20
0	2	22
0	3	21
6	6	31
6	8	24
2	4	22
2	7	23
7	10	24
0	12	91
0	11	91
8	10	32
2	7	21
3	8	21
4	9	30
3	7	23
5	7	25
5	6	23
0	11	91
5	9	26
3	10	25
3	9	25
3	9	24
0	9	90
4	12	30
5	7	28
4	7	24
3	4	22
5	9	30
2	6	20
1	4	21
0	3	22
0	3	21
1	5	23
0	8	91
0	-1	90
0	-1	90
0	22	90
2	3	20
5	6	23
0	1	22
7	8	25
6	8	24
10	9	35
8	8	30
5	7	28
6	8	28
5	9	30
5	7	26
2	12	24
3	11	24
3	5	22
2	4	30
7	9	27
4	7	22
2	5	22
2	5	22
0	12	90
0	12	91
1	3	21
1	8	25
4	6	23
3	7	23
3	9	27
3	7	23
9	10	32
1	6	22
3	6	21
5	12	30
4	6	28
6	11	27
6	9	23
1	4	20
12	12	35
2	6	23
1	10	22
5	7	22
5	8	23
3	10	22
6	9	30
5	8	27
5	6	26
4	6	25
5	6	24
5	7	23
3	10	24
1	6	21
1	6	22
1	6	22
10	12	34
0	3	21
7	7	30
6	10	30
6	11	27
6	11	27
8	11	28
18	31	90
8	11	27
8	38	90
3	7	23
3	7	22
2	5	21
7	10	31
10	13	32
2	6	21
3	6	22
3	6	22
10	14	32
4	8	24
0	8	90
7	7	28
2	5	20
6	7	31
5	7	23
0	22	91
9	10	28
1	30	90
3	13	25
3	12	24
3	9	23
5	13	31
8	9	31
8	10	32
7	7	27
3	8	24
10	14	34
5	13	32
6	12	32
8	14	31
8	9	27
6	13	30
6	8	26
5	9	24
2	4	21
3	7	22
4	7	22
1	7	23
1	6	22
4	8	23
4	9	27
4	7	24
2	7	22
4	8	23
5	9	24
5	7	23
4	7	23
2	5	22
2	4	21
2	5	21
3	9	24
1	7	22
0	3	42
4	6	25
2	6	21
2	6	22
2	3	20
3	5	22
3	5	23
1	5	21
2	6	22
3	7	22
5	8	26
3	5	21
3	6	22
1	4	24
0	3	22
0	5	21
1	3	23
2	5	21
3	3	24
5	10	27
2	6	20
7	10	29
5	6	24
4	6	27
3	8	25
6	10	30
3	6	23
5	12	30
4	6	22
6	11	31
2	6	21
3	6	24
6	8	27
8	8	30
6	8	25
5	9	24
2	6	22
4	7	22
2	5	21
7	10	31
8	12	31
2	6	21
2	5	22
8	12	29
4	7	23
4	6	23
7	11	28
8	11	28
7	11	31
6	9	27
0	7	88
2	3	24
4	7	21
4	7	22
5	7	23
6	8	25
6	7	32
6	8	26
4	8	26
3	9	25
7	10	26
7	13	32
7	13	32
7	13	36
6	13	32
6	10	30
1	6	21
6	12	30
2	4	20
0	5	22
5	6	25
2	6	22
2	8	23
4	7	26
1	3	23
0	5	21
7	10	31
2	7	22
2	5	22
1	6	20
1	6	21
3	6	22
2	5	22
1	4	20
6	5	25
7	13	31
4	9	30
2	7	23
0	7	91
0	9	89
6	9	28
5	8	27
1	5	23
1	4	21
1	3	22
3	6	21
0	7	91
4	7	22
6	8	25
9	8	29
5	7	23
3	8	23
2	3	20
2	4	24
6	8	30
1	10	90
0	10	90
0	10	90
2	4	21
3	9	25
5	7	23
1	5	22
2	4	23
1	4	21
2	4	20
0	8	90
1	5	21
1	5	20
3	7	30
4	5	23
0	5	21
1	4	20
0	3	21
0	4	20
3	6	22
2	4	21
7	12	26
0	4	20
3	4	21
0	2	22
0	6	20
6	11	27
7	10	25
7	9	25
1	5	22
0	2	20
2	5	22
3	8	24
4	11	30
5	11	31
5	12	31
3	9	24
0	26	91
4	9	23
3	7	22
7	11	24
3	4	23
3	5	23
3	5	22
0	5	21
5	14	30
3	9	25
5	9	23
5	8	24
3	8	24
3	6	22
10	14	33
2	6	20
1	4	22
0	3	21
2	6	21
0	8	91
4	10	25
4	7	24
0	9	91
0	12	91
7	12	29
10	12	32
11	16	39
0	5	20
0	6	20
0	3	21
8	5	32
3	6	22
4	7	23
4	8	22
10	14	33
10	13	32
9	12	29
11	14	35
11	12	32
9	12	28
8	11	26
8	15	29
8	11	29
5	9	24
0	12	91
0	13	88
0	10	90
4	9	24
3	9	22
3	9	22
3	6	21
3	4	24
3	3	23
4	5	23
4	5	22
2	6	22
5	6	24
2	4	23
7	9	30
0	3	20
1	3	23
0	3	22
1	5	24
1	6	24
2	5	22
2	5	21
1	3	21
0	4	90
0	7	91
9	8	31
1	7	21
5	10	25
4	7	24
0	10	91
1	6	89
2	5	22
3	5	21
1	5	23
1	5	20
7	12	34
3	5	22
4	7	24
3	5	23
3	5	23
3	5	21
4	8	28
6	4	30
0	3	21
4	5	23
3	7	23
2	3	22
4	6	23
5	11	27
6	12	30
8	10	28
5	9	32
6	9	24
2	5	22
2	5	22
5	7	24
7	6	28
2	4	22
6	7	25
0	6	20
3	8	26
3	5	22
2	5	22
2	5	21
3	6	23
4	4	22
4	5	21
3	7	24
0	2	22
0	2	21
1	5	21
6	9	30
3	6	22
3	5	23
2	6	22
3	6	24
1	5	21
1	2	24
1	7	22
2	7	22
1	7	21
2	8	22
3	8	23
4	7	23
2	5	21
0	5	90
3	6	23
2	3	21
3	6	22
10	12	33
0	4	20
0	4	23
0	2	21
5	7	25
1	7	22
1	9	89
0	9	91
11	16	48
6	11	30
2	7	21
4	7	25
6	11	33
5	8	26
0	1	20
0	2	31
0	4	35
6	9	31
7	12	33
6	10	30
6	6	24
2	5	24
7	8	31
6	9	30
4	8	27
3	4	21
4	8	23
7	9	32
7	12	25
0	13	90
2	6	23
3	5	21
4	5	21
4	5	22
3	9	21
5	8	22
5	8	23
3	6	26
6	9	30
6	9	25
2	7	20
6	9	27
2	5	21
2	6	21
0	11	90
0	4	90
3	9	24
3	5	23
2	5	21
2	5	20
6	8	25
0	4	22
1	3	21
0	5	24
0	4	23
8	11	31
7	9	26
7	10	32
3	5	22
2	6	21
2	6	20
4	9	26
3	6	21
5	8	30
7	9	25
3	7	22
0	2	23
3	10	24
5	9	23
4	9	26
4	11	30
4	13	31
3	7	24
6	10	27
2	5	21
2	3	24
2	4	21
2	5	22
5	6	26
1	6	22
3	7	23
7	11	30
5	7	26
1	5	21
3	5	23
5	7	21
3	5	22
1	3	21
2	4	22
2	3	22
1	3	20
1	3	21
2	4	22
3	6	22
4	8	25
4	13	29
2	6	21
2	9	23
2	6	21
2	4	28
5	7	24
4	6	21
3	7	21
3	10	30
1	7	22
2	5	22
3	5	23
22	22	72
0	0	22
3	7	22
0	2	20
9	10	32
3	10	30
1	5	24
1	4	23
1	4	23
3	5	24
5	5	24
1	7	22
1	3	21
1	5	21
7	6	28
5	7	28
3	6	24
3	8	25
3	6	24
2	5	22
3	5	21
1	2	22
1	2	21
1	2	20
2	4	21
2	7	23
3	6	22
4	7	24
2	7	21
14	18	43
4	8	23
3	5	23
3	6	22
3	7	23
1	6	20
0	12	90
7	13	33
3	7	23
3	6	21
2	7	23
7	7	25
5	9	27
5	9	25
7	8	31
4	9	26
7	9	32
7	10	30
4	5	23
6	12	30
2	5	21
6	12	31
8	13	30
9	13	36
9	12	34
10	13	32
5	8	24
2	6	22
4	10	30
3	5	25
3	6	23
2	8	22
8	13	32
9	12	32
7	12	31
7	13	31
5	11	30
4	8	24
2	6	20
4	10	25
8	11	32
3	6	21
7	11	34
9	12	34
2	7	24
8	10	31
7	9	30
0	4	20
1	13	91
0	10	91
7	11	26
6	10	29
4	10	30
7	11	27
2	6	22
4	5	26
4	8	24
0	11	90
4	6	24
7	11	30
3	15	37
6	12	32
5	9	33
6	10	32
5	8	23
3	6	23
2	5	21
3	7	23
1	4	26
5	10	26
2	4	21
0	8	90
0	10	91
7	7	25
0	15	90
0	5	20
3	7	24
2	4	20
2	9	24
1	4	22
8	8	30
3	5	20
6	7	25
5	6	25
3	7	27
1	6	22
0	4	90
3	7	22
2	6	21
5	8	24
2	8	21
3	7	22
3	9	22
1	6	22
1	3	21
1	6	20
1	4	20
5	8	23
5	7	23
6	10	27
3	4	23
0	4	23
0	3	20
4	5	22
3	5	21
1	5	20
3	8	24
3	6	24
2	4	22
4	7	24
4	7	25
4	8	24
4	6	25
3	8	27
1	3	20
0	3	23
1	3	24
0	3	22
5	6	24
6	8	26
1	3	23
3	6	24
6	9	31
6	8	31
2	5	23
3	4	22
6	8	26
2	6	24
3	4	24
4	6	23
3	5	22
3	9	22
2	4	22
2	5	21
5	7	21
6	8	24
3	5	22
10	12	33
8	10	34
1	4	21
1	2	20
4	11	26
2	8	23
3	4	24
2	3	23
4	9	25
5	9	25
3	6	23
3	5	22
3	7	22
4	8	24
2	4	22
2	6	22
1	5	20
3	7	22
1	7	22
4	7	21
3	8	25
7	9	30
6	6	25
6	7	25
5	8	24
1	4	23
0	7	26
0	5	22
2	5	21
2	4	20
2	5	21
8	8	28
4	6	23
7	8	24
6	8	32
5	8	26
2	7	21
3	6	22
4	7	23
8	10	30
0	5	21
1	3	21
2	6	22
2	6	21
2	6	22
2	8	21
2	7	23
4	7	24
5	6	25
5	6	26
2	5	21
2	5	22
3	7	25
3	4	24
2	3	22
3	4	24
3	4	24
2	2	21
2	1	25
3	3	22
2	4	25
2	6	23
2	6	23
7	6	26
0	12	91
0	6	91
1	7	91
6	5	24
6	5	26
7	6	28
5	4	23
7	6	26
3	8	25
4	8	24
4	9	23
1	6	22
5	7	27
5	6	24
0	11	91
3	8	23
2	4	23
3	5	23
0	14	89
2	6	21
5	7	27
1	4	21
1	4	20
7	10	28
6	10	26
1	4	21
3	9	37
5	10	30
0	5	91
0	11	90
2	6	20
3	5	23
2	5	21
8	12	35
3	8	24
2	8	22
6	8	23
0	14	91
3	7	22
5	9	33
2	6	22
2	6	21
2	5	22
4	6	23
0	3	20
3	7	23
4	7	23
5	7	25
6	8	26
1	9	91
0	11	90
3	6	21
2	5	23
2	6	23
0	3	26
5	13	32
3	4	22
6	8	26
2	6	21
7	9	30
5	6	29
5	10	30
3	7	23
2	7	22
9	9	30
4	8	23
2	5	22
5	6	25
3	5	23
0	4	21
0	3	21
0	3	22
0	9	88
0	4	22
4	7	29
0	9	89
0	10	90
1	3	20
1	5	22
2	4	23
5	10	27
3	5	21
6	10	31
2	7	21
2	7	21
3	4	24
6	9	30
1	3	22
1	4	23
1	3	23
10	14	33
4	6	22
6	10	25
3	7	22
0	8	90
1	5	20
4	7	23
6	8	27
5	10	25
6	6	22
0	3	21
0	5	22
4	9	30
3	6	22
9	11	34
2	7	21
2	6	20
8	12	35
9	12	36
8	11	32
8	12	33
5	12	29
7	11	32
7	11	33
6	11	32
5	12	31
4	9	27
4	9	23
3	8	25
5	8	25
3	7	23
3	8	22
3	8	21
2	8	20
3	7	21
3	6	20
3	8	26
4	8	29
5	8	30
5	7	22
3	4	23
4	7	23
6	9	25
5	9	28
1	4	20
3	4	22
2	4	22
1	4	25
0	3	20
2	6	22
3	7	23
4	8	24
3	7	27
3	6	24
3	7	24
3	6	24
2	4	23
2	4	24
2	5	21
1	5	20
4	6	25
8	13	30
3	7	24
3	6	23
2	4	21
1	5	20
2	3	21
4	8	23
3	5	23
7	8	24
7	10	33
3	8	24
2	8	23
9	11	35
8	10	34
5	7	26
7	8	24
0	10	90
3	3	23
2	4	23
1	3	21
0	3	21
8	8	27
5	9	31
9	14	40
6	9	30
6	10	32
4	10	33
5	9	32
6	8	28
6	9	27
6	11	26
1	4	21
3	6	22
3	7	20
4	7	24
4	7	25
3	6	22
1	4	21
1	4	20
2	4	20
4	7	24
1	27	91
2	6	21
2	6	21
8	8	32
3	6	22
4	7	26
5	8	26
4	5	23
3	7	23
2	4	23
8	10	31
5	8	24
8	9	31
10	9	31
5	10	31
7	13	34
5	11	31
5	9	30
3	11	28
5	10	30
6	14	33
5	11	28
7	15	38
7	14	37
6	12	32
6	13	34
6	12	32
5	10	28
4	10	27
6	11	31
5	8	26
6	7	25
4	11	26
5	6	22
8	13	33
8	10	31
1	4	23
2	5	22
0	4	21
4	7	23
1	2	20
3	7	22
3	7	21
6	7	25
4	10	28
4	6	22
6	9	25
4	5	27
3	3	25
0	19	79
1	3	23
7	10	28
7	9	27
6	11	29
2	6	21
5	9	25
0	28	90
3	11	30
7	10	28
5	8	22
2	7	22
5	8	23
6	9	26
8	13	37
4	8	27
4	8	25
4	9	28
3	7	24
4	7	27
4	6	25
4	9	26
0	11	90
0	10	91
4	7	23
2	5	22
4	7	23
3	4	22
3	5	21
0	5	21
5	8	24
3	5	22
0	14	90
6	10	28
7	10	29
5	7	31
3	5	22
6	4	30
3	10	25
3	4	22
3	4	22
5	9	30
4	9	27
7	10	22
0	24	90
3	8	20
3	8	21
5	6	26
12	13	34
0	21	90
4	8	26
3	7	25
4	7	22
4	7	24
5	7	23
0	12	91
2	4	22
6	14	30
5	7	31
3	6	22
2	6	22
0	7	91
8	14	29
6	13	27
2	6	23
2	6	23
3	8	23
6	6	33
0	6	91
0	5	91
2	2	22
5	7	23
7	9	30
2	9	26
3	5	24
2	5	23
3	7	25
2	6	23
4	6	25
4	6	24
4	6	22
5	8	26
5	9	30
5	6	25
6	9	30
1	5	22
2	5	23
6	8	26
7	9	29
3	6	22
6	13	30
5	10	26
7	10	30
5	9	23
7	11	31
9	13	32
8	11	30
2	3	21
2	2	22
2	2	24
2	3	23
5	10	31
4	9	30
6	8	28
5	7	21
3	6	22
6	7	23
3	6	23
2	5	22
11	14	36
0	3	23
0	4	24
3	7	24
6	12	31
2	7	20
5	9	26
0	9	91
8	9	30
4	8	23
3	6	24
4	8	24
5	7	35
2	6	20
4	6	26
3	5	24
4	11	23
5	7	23
2	4	21
7	10	30
10	16	36
9	9	34
4	4	22
8	11	32
2	4	22
4	6	23
3	7	23
4	7	30
2	4	21
4	6	25
10	13	34
1	4	20
5	8	23
12	17	44
4	9	22
3	10	23
3	7	21
3	6	22
2	6	21
6	9	25
9	10	30
7	11	30
5	8	26
6	10	25
2	9	25
0	4	22
2	7	22
2	7	23
4	5	23
1	5	21
2	5	21
2	6	21
4	8	24
5	9	26
2	6	22
4	7	22
2	8	23
2	7	21
0	16	91
2	12	41
1	18	72
9	14	32
6	6	22
2	4	22
2	7	22
2	5	21
4	6	23
6	8	25
8	9	26
2	3	23
8	12	31
3	6	24
4	7	20
5	8	33
4	7	22
4	7	25
4	6	24
5	8	26
2	1	21
5	8	21
2	6	23
2	4	21
4	7	26
4	6	25
2	6	22
5	8	26
3	6	23
5	7	24
3	7	22
2	6	21
6	15	31
4	10	30
4	25	91
8	27	90
2	10	25
1	3	22
2	4	22
4	6	22
3	7	22
6	9	27
2	5	21
2	5	20
3	7	22
3	9	24
3	7	24
3	8	24
4	7	23
3	5	21
2	4	21
9	10	30
4	6	23
4	9	30
4	7	25
4	6	24
6	11	33
1	4	20
24	24	89
0	2	20
2	4	23
2	4	25
2	4	20
2	4	21
5	10	26
1	4	21
4	7	24
3	5	25
3	9	31
2	7	20
3	8	23
3	7	23
3	7	22
3	7	21
2	5	21
2	4	21
9	11	33
8	11	32
7	13	36
6	12	33
8	13	36
9	13	35
6	12	31
7	12	33
6	14	31
7	12	29
8	12	33
3	5	22
9	13	33
4	5	25
5	5	23
5	6	30
3	4	21
10	10	37
2	4	24
5	9	25
3	4	22
5	7	23
12	30	90
4	5	23
7	10	30
3	7	23
1	4	21
4	6	22
7	13	30
3	5	24
2	5	21
2	5	20
7	10	28
3	7	24
3	6	22
5	7	25
3	5	22
2	6	21
6	11	30
6	8	29
2	5	21
4	11	27
5	6	24
4	8	23
0	-1	90
0	13	91
3	6	24
4	7	23
5	7	24
10	16	35
9	15	34
4	7	24
4	6	24
6	9	27
0	2	23
5	8	23
5	8	25
0	13	91
0	5	90
7	9	32
8	8	31
4	9	24
3	7	23
7	12	31
2	7	22
3	6	23
3	6	22
3	6	21
4	5	22
5	10	30
3	6	21
3	6	22
0	9	91
6	9	26
0	5	91
3	9	24
3	7	22
4	6	24
2	4	22
1	14	90
2	4	22
4	9	23
3	11	24
2	9	23
3	7	21
2	6	25
2	3	21
3	9	26
4	8	24
3	8	23
2	7	21
7	8	28
2	7	21
3	7	21
4	8	25
2	7	21
4	6	25
2	3	21
7	10	31
5	9	33
4	7	22
3	6	22
3	6	22
7	14	33
2	10	23
1	4	20
7	9	28
6	8	28
3	4	90
2	5	90
3	6	24
5	10	26
2	6	22
4	8	23
4	8	23
3	6	22
3	6	22
3	7	22
2	8	24
4	8	30
1	2	24
1	5	24
1	5	22
2	2	23
1	2	23
2	2	22
11	13	36
2	6	23
2	5	23
3	6	22
5	7	26
9	8	30
8	11	32
8	11	30
8	10	32
3	7	23
3	8	22
4	5	22
2	8	90
4	6	25
4	6	24
5	13	29
2	5	22
0	3	21
1	4	21
7	9	33
1	4	20
1	4	20
5	12	32
2	4	22
5	6	24
6	13	31
5	9	30
2	5	22
0	-1	90
2	5	21
2	25	90
2	6	21
2	7	22
2	8	22
3	4	24
3	8	25
0	8	91
2	5	22
1	5	20
0	3	22
7	9	29
9	10	36
4	9	24
3	7	21
6	10	26
2	10	25
2	10	25
2	10	24
2	9	23
1	4	22
2	6	22
3	6	22
6	10	27
3	8	21
3	7	30
5	33	91
4	9	23
4	10	27
3	7	21
6	8	27
6	9	26
6	9	30
4	6	23
5	8	28
2	6	21
10	15	41
7	9	28
2	3	20
1	3	21
0	5	24
0	4	22
4	10	31
4	7	26
3	4	22
3	8	24
4	10	27
3	6	21
4	6	23
4	9	23
2	7	22
10	11	33
5	6	25
1	33	91
5	7	22
6	7	26
5	6	24
3	8	25
6	10	29
5	9	24
2	5	23
3	6	21
1	6	21
3	6	22
2	6	21
4	6	23
3	6	21
4	8	62
4	10	62
4	8	30
3	4	21
2	6	23
2	7	20
2	7	21
2	8	23
5	6	24
8	15	34
7	15	38
7	14	36
6	14	32
6	14	31
5	13	32
5	11	25
6	11	32
6	12	27
3	10	24
5	8	27
9	9	31
4	16	32
3	8	22
4	7	24
5	9	24
3	6	20
3	7	21
2	7	21
7	8	26
4	31	91
3	30	91
5	9	24
7	13	30
7	8	25
7	11	27
7	11	27
7	9	30
4	8	32
8	12	30
7	10	27
8	13	36
7	14	30
7	11	27
6	12	27
2	9	22
3	8	23
4	6	22
6	10	27
2	6	22
3	9	25
3	8	23
9	12	34
6	9	25
5	8	23
5	8	23
10	8	31
3	4	21
6	9	25
6	13	29
7	9	25
3	10	24
3	8	23
3	7	24
3	9	26
4	9	25
8	10	26
8	14	32
6	10	30
4	7	25
7	27	90
3	7	25
1	25	91
5	9	28
3	8	25
4	8	26
3	7	23
2	6	22
2	5	21
3	7	23
6	8	25
3	10	26
5	11	30
4	11	30
5	9	24
4	11	26
6	9	25
4	8	24
5	9	26
7	11	26
2	6	23
5	6	30
6	9	25
8	12	31
2	5	23
7	11	30
2	5	23
6	12	27
7	11	30
9	14	34
9	16	35
10	16	36
3	7	22
28	30	91
3	7	22
4	6	22
5	9	27
3	6	24
5	3	29
3	6	20
7	9	27
6	7	25
6	8	25
8	9	32
9	11	35
4	4	22
5	7	24
6	8	28
3	7	22
6	10	32
3	9	24
2	7	23
3	9	25
2	8	24
3	5	23
1	5	20
6	9	25
2	2	25
3	7	24
5	8	21
7	11	29
7	10	28
3	8	23
3	3	24
5	8	23
5	9	27
4	12	30
4	8	24
1	5	20
5	10	30
5	7	26
4	7	25
3	7	26
3	5	22
5	12	30
6	9	25
4	9	27
3	9	26
3	8	24
1	5	23
2	6	22
2	3	20
4	6	21
4	7	24
2	7	30
2	4	20
2	6	22
3	6	21
1	6	22
4	8	24
2	8	23
4	9	26
4	9	27
4	9	25
3	7	24
7	11	34
9	11	31
5	9	25
5	9	23
5	9	24
4	7	23
4	11	27
3	9	25
4	9	24
2	6	21
2	7	22
2	7	21
4	8	26
4	8	23
2	5	23
3	5	21
2	6	22
3	6	23
3	5	22
1	4	22
1	4	20
3	4	20
6	8	26
7	9	28
5	7	24
3	5	21
3	8	22
7	11	33
3	8	25
8	11	33
5	6	23
3	7	22
3	8	25
10	12	34
5	11	26
5	7	30
2	6	25
9	11	31
2	6	22
1	5	20
4	8	27
2	7	22
3	7	21
3	8	23
2	4	21
6	9	25
5	9	24
7	12	30
5	10	27
6	9	29
6	8	26
6	10	27
7	11	28
7	10	28
6	11	32
2	7	21
1	5	20
0	6	22
2	4	21
1	5	21
3	6	31
2	6	23
1	3	21
11	15	38
13	14	39
11	13	38
3	6	21
2	4	21
3	9	23
10	13	32
4	6	21
3	7	22
2	6	23
4	7	25
1	27	91
7	8	28
1	3	22
1	5	23
4	8	25
5	10	27
8	11	27
6	12	27
4	8	22
8	9	27
2	5	20
6	9	31
5	11	28
6	8	30
4	6	25
2	6	23
3	7	24
4	7	25
5	7	30
5	9	26
5	8	25
3	6	25
3	4	22
4	8	31
8	10	27
3	7	22
1	7	24
0	3	20
6	13	31
3	8	23
1	6	20
6	8	22
3	5	23
2	5	23
1	8	22
1	4	22
2	7	22
2	6	22
10	12	32
0	6	88
0	7	88
4	6	22
0	3	21
0	6	21
2	6	23
4	6	22
1	1	20
6	6	25
2	7	21
5	9	25
5	8	24
3	8	24
2	4	22
2	4	21
3	6	23
3	8	22
1	3	21
3	7	24
3	9	30
8	11	29
7	9	25
6	12	31
5	5	23
2	6	21
1	5	22
1	5	21
3	8	25
1	31	88
4	11	31
2	6	22
3	5	22
1	7	22
2	6	21
4	6	23
2	8	23
2	8	22
2	6	21
5	7	24
11	9	37
6	12	33
6	9	31
3	28	90
4	5	23
5	6	24
3	5	24
2	6	22
1	11	91
0	9	91
8	11	33
4	12	28
5	9	27
4	5	29
4	9	28
5	10	27
3	10	26
6	9	26
7	14	39
6	13	36
7	12	35
8	15	35
10	8	36
0	6	22
7	12	30
5	9	24
7	14	30
5	8	25
2	5	22
2	5	20
2	8	23
3	5	26
7	12	33
4	7	24
2	4	21
3	6	24
4	9	25
6	9	26
5	8	22
11	13	40
2	6	21
1	6	20
3	10	23
5	6	24
4	9	22
9	13	31
5	11	31
3	8	23
7	9	26
4	7	23
3	8	24
4	11	25
5	11	26
7	10	27
6	12	29
4	10	25
2	24	91
2	3	21
2	6	24
2	6	23
5	9	24
6	11	31
4	7	22
1	32	91
3	7	23
3	7	22
3	7	22
3	5	21
1	3	23
7	8	27
6	9	30
5	8	25
3	7	22
4	8	23
5	9	25
3	9	25
3	8	22
1	7	21
4	9	23
3	8	22
3	8	21
3	8	24
3	7	22
3	7	23
2	6	21
5	10	25
6	10	26
5	9	25
4	9	24
3	7	23
4	7	22
4	9	25
4	9	23
7	11	32
4	8	26
3	5	21
3	7	22
2	6	22
2	6	22
4	8	27
1	5	20
2	6	22
2	6	23
2	7	21
6	9	25
3	7	22
3	4	25
2	9	25
5	7	21
1	2	22
2	5	22
0	5	20
3	7	21
1	5	20
3	6	21
2	5	21
4	7	24
7	9	30
6	7	26
2	6	23
2	4	20
6	7	24
3	6	24
3	7	21
2	6	21
6	7	24
5	9	28
3	7	22
5	9	25
3	7	21
3	7	21
3	12	25
4	5	24
4	7	25
6	8	25
5	8	24
4	9	26
4	10	27
2	7	24
1	8	20
5	9	27
3	7	22
6	14	30
6	9	25
4	4	22
2	7	24
3	9	23
2	7	22
3	6	22
3	7	25
5	10	27
5	8	26
6	9	32
4	6	22
3	8	22
2	8	22
7	8	25
5	10	36
2	7	22
3	8	23
3	4	22
5	8	24
4	11	24
4	7	24
3	5	22
8	11	30
0	3	22
5	7	27
7	7	27
5	6	26
6	6	25
1	6	20
3	10	24
2	6	22
0	3	20
5	7	24
4	9	25
5	11	25
7	11	28
3	9	24
5	6	31
4	6	21
5	8	26
3	5	22
4	6	23
4	6	23
1	6	21
6	6	26
4	8	27
1	7	23
2	4	20
3	8	22
2	5	23
0	5	20
11	16	38
3	5	22
6	9	26
4	11	26
3	9	24
8	12	32
7	9	29
7	12	30
2	4	23
2	8	23
5	7	25
5	7	26
9	9	31
6	9	28
6	9	24
2	3	21
8	10	32
8	10	27
3	8	22
7	10	32
2	6	24
4	8	25
4	9	24
4	8	23
4	9	23
2	7	25
6	10	27
4	9	26
4	9	25
4	10	30
3	9	24
4	9	24
7	10	30
7	6	24
5	9	26
5	10	32
4	8	23
2	5	21
3	7	23
8	10	28
4	8	22
8	10	30
7	8	25
7	11	30
7	10	32
6	8	26
6	8	27
1	5	20
1	4	21
1	5	22
8	6	28
3	5	22
5	7	24
0	4	24
9	10	27
4	8	24
2	14	91
1	14	89
0	3	21
5	10	27
4	9	23
2	5	21
3	7	26
7	9	26
5	9	26
4	6	22
4	6	22
2	6	21
3	7	22
4	8	22
2	5	22
4	6	22
8	10	34
2	5	21
2	6	20
5	10	26
6	10	30
3	6	22
2	5	21
7	12	32
3	8	28
4	9	26
1	9	91
0	10	91
5	9	28
7	9	25
7	9	28
4	6	22
2	6	22
7	10	31
3	5	23
4	6	25
4	6	24
2	4	21
3	5	23
5	6	25
6	8	24
2	6	22
5	8	24
4	7	24
4	7	22
7	9	31
6	7	25
3	5	21
6	6	23
1	16	91
6	13	28
2	6	23
0	12	91
0	12	90
4	5	21
2	6	22
3	8	24
2	8	24
2	8	23
4	8	23
4	10	24
5	8	23
7	12	30
2	6	22
4	11	26
8	10	29
8	9	28
5	11	24
6	8	22
4	8	23
4	8	23
5	7	23
2	8	23
4	6	24
4	7	24
3	7	24
2	6	22
5	9	23
6	8	26
0	3	23
1	3	24
0	2	23
0	3	24
1	4	22
5	5	23
6	9	31
4	6	30
3	7	23
6	10	30
4	9	23
6	10	29
10	13	33
7	9	28
7	10	30
5	12	31
6	12	31
5	9	25
4	7	21
6	10	31
3	2	23
7	11	33
10	11	34
7	9	22
1	4	20
1	5	21
7	10	27
7	11	30
7	11	30
7	10	26
6	9	28
6	10	26
6	10	30
3	6	22
6	9	24
5	10	26
7	11	32
7	9	32
6	12	31
5	8	25
0	5	91
0	9	91
7	9	32
0	10	91
7	13	30
4	8	26
1	5	21
8	12	29
3	7	23
5	9	26
6	12	32
4	7	22
2	6	22
1	4	22
7	8	31
7	8	31
0	9	62
0	6	62
3	10	24
5	10	22
1	4	22
3	8	22
9	12	31
0	19	90
8	15	35
5	11	26
0	9	91
0	12	89
3	4	22
5	10	30
0	10	91
5	9	27
10	10	30
10	14	39
6	10	30
6	8	27
7	10	30
9	8	29
7	10	32
5	9	31
4	8	24
7	11	30
6	9	30
6	10	32
8	10	32
3	7	21
1	6	21
5	7	24
3	9	22
0	2	21
4	9	30
5	9	27
8	13	31
4	9	22
2	5	22
4	9	23
3	6	21
4	8	22
4	10	23
10	13	38
1	6	22
0	21	86
2	6	24
1	4	21
4	6	23
4	5	22
6	8	25
5	7	25
7	10	28
7	10	28
0	5	22
0	6	21
4	7	21
0	15	90
6	8	25
7	9	26
0	5	21
3	7	23
12	15	37
6	7	24
0	17	91
6	9	27
4	8	24
4	8	24
3	6	23
5	8	24
4	4	21
8	10	27
6	9	25
6	8	25
6	9	26
2	7	21
3	4	22
1	9	22
4	6	22
5	10	30
8	9	32
7	10	32
6	10	30
2	7	22
1	7	24
4	9	23
4	7	24
7	8	31
10	12	35
6	11	26
2	7	21
5	9	31
4	11	30
6	12	31
6	10	28
2	6	23
4	10	30
6	14	31
5	9	24
0	12	89
0	10	90
2	5	20
5	10	23
7	14	27
3	7	22
3	7	22
5	7	27
9	9	27
4	7	24
3	7	21
0	8	90
3	6	23
12	13	37
0	15	91
0	11	91
7	12	32
5	7	24
0	14	91
0	11	91
4	8	24
4	9	24
4	10	27
2	4	21
6	10	28
3	8	21
2	8	25
1	3	23
1	3	22
7	12	27
3	5	21
0	14	90
9	12	32
3	6	22
0	6	91
0	2	91
4	9	24
2	4	21
4	5	21
4	5	22
4	5	22
3	4	22
8	11	30
9	14	31
0	2	20
2	5	21
2	3	22
2	6	20
3	4	22
6	10	27
11	12	36
8	11	31
6	9	31
2	4	21
5	9	23
2	8	22
5	15	34
2	10	22
3	6	23
3	6	22
2	3	22
3	8	24
3	7	22
6	7	26
3	6	24
7	10	26
3	7	22
3	7	21
6	8	23
3	6	20
3	4	22
4	9	27
8	11	27
1	6	20
7	10	30
7	9	26
2	7	22
3	7	22
7	10	25
5	11	25
5	9	23
2	6	22
4	7	22
3	7	24
4	7	23
7	10	28
4	10	24
4	9	23
3	8	24
3	8	22
3	7	22
2	7	21
2	6	23
2	6	22
1	8	22
4	12	30
6	12	30
4	11	30
4	6	23
4	5	26
3	8	25
4	7	25
3	7	25
3	4	23
3	3	22
2	3	21
3	6	23
3	6	22
1	4	25
5	7	24
8	12	32
8	10	27
7	10	28
3	8	24
3	6	21
2	6	21
3	6	22
2	6	23
7	12	28
2	6	21
4	11	25
2	6	22
3	7	23
2	5	21
5	7	22
5	5	28
2	8	24
3	7	23
4	7	24
5	11	26
3	7	23
4	7	24
0	7	21
3	7	24
2	6	21
1	11	24
0	5	21
7	12	29
3	8	24
6	9	26
6	9	26
5	8	23
3	7	24
3	6	24
0	1	20
7	13	32
3	11	30
3	7	31
3	3	23
9	12	31
1	4	23
2	5	22
6	12	32
3	5	21
9	13	34
7	9	27
1	8	21
9	11	29
6	6	26
5	8	27
9	12	34
0	4	23
1	3	21
3	8	23
2	4	21
4	7	21
3	8	24
1	3	21
8	11	32
10	11	33
9	12	34
6	12	29
7	13	32
7	10	29
7	12	31
4	8	23
3	7	22
3	6	20
11	11	30
4	13	31
5	7	23
3	8	25
2	3	24
4	7	24
5	7	26
2	8	24
2	7	23
6	10	30
3	6	25
5	8	26
4	7	23
6	10	33
3	7	24
4	7	24
6	7	23
5	10	27
6	9	27
8	8	26
7	10	27
6	7	23
0	15	90
0	6	90
4	8	25
4	7	24
9	14	31
10	13	34
12	14	39
9	10	32
11	18	41
11	16	41
10	13	35
11	13	36
3	8	23
4	7	23
0	9	88
3	7	22
2	6	21
2	4	21
2	6	21
2	7	21
6	11	31
1	5	23
5	8	30
5	7	25
5	9	30
4	8	27
2	7	22
8	10	33
2	2	21
4	7	23
4	7	24
4	8	23
6	9	26
1	4	22
1	5	21
3	6	21
3	6	22
1	4	21
1	4	21
5	8	23
5	7	26
5	7	24
1	7	21
6	11	26
1	5	20
5	8	27
6	9	30
3	6	23
4	7	23
6	8	24
8	10	30
7	12	32
9	9	25
4	6	24
5	8	26
1	3	21
5	6	31
3	6	30
4	11	26
5	9	24
4	6	25
3	7	23
2	7	22
0	23	90
0	2	21
3	6	22
3	5	23
3	5	23
12	12	37
4	7	22
4	7	23
6	9	33
0	1	21
0	3	21
0	2	21
0	2	22
0	4	22
1	5	23
0	5	21
4	9	24
6	7	32
6	7	28
5	7	26
5	6	25
4	6	24
3	6	24
1	3	24
0	3	24
0	2	22
0	3	21
0	3	20
1	2	22
4	6	26
3	5	22
4	7	23
3	11	25
6	11	27
0	33	89
7	13	31
6	12	30
7	14	32
7	13	30
7	13	31
7	13	36
9	13	35
7	14	30
8	14	30
8	16	35
7	11	27
2	4	22
1	5	21
2	5	22
7	10	26
4	11	31
3	7	25
3	6	23
6	8	27
8	9	30
2	5	21
4	8	25
6	11	31
8	16	38
7	11	33
7	11	30
6	8	24
3	6	24
6	11	30
2	4	23
4	7	23
5	6	23
4	5	23
4	4	22
1	3	23
0	3	22
5	11	28
1	5	21
1	6	21
1	5	20
0	11	91
0	10	91
4	7	23
5	6	21
3	6	23
5	6	24
2	5	21
10	16	32
2	8	90
3	4	24
3	7	21
2	3	24
3	5	22
5	8	24
7	10	30
3	9	25
4	10	30
1	2	21
2	7	22
7	8	26
2	6	21
2	6	21
3	7	23
1	2	20
5	7	32
6	9	31
6	7	24
6	7	23
4	7	24
4	8	22
3	7	24
2	6	22
6	6	31
1	4	20
1	5	23
7	7	28
3	1	23
4	9	25
1	4	21
2	4	20
4	5	31
2	7	24
3	11	30
8	10	28
7	8	28
3	5	23
9	10	31
10	10	31
1	4	21
3	6	22
5	11	28
2	2	24
2	4	22
6	3	28
3	11	27
5	6	26
1	3	22
0	3	21
7	9	31
5	10	25
3	5	22
0	9	90
2	6	21
4	6	23
6	10	31
5	6	24
4	7	24
4	6	24
2	6	22
2	7	22
28	29	91
4	10	26
0	12	88
0	11	90
5	5	27
1	1	25
7	8	28
0	8	91
0	0	90
2	3	22
9	11	28
4	7	22
3	4	22
0	5	21
4	9	24
1	6	22
2	5	20
2	6	24
5	8	24
4	7	27
0	3	46
1	3	21
2	5	22
3	5	23
5	9	25
3	5	22
5	8	27
6	6	32
1	3	22
1	5	21
1	4	21
2	4	22
2	7	23
5	10	30
2	6	20
8	9	30
3	3	23
4	4	23
4	4	24
5	6	25
1	2	25
1	5	22
6	8	27
2	6	22
4	9	24
7	11	27
0	12	91
0	13	91
3	7	23
3	7	22
1	5	21
6	8	31
4	13	30
4	12	26
3	4	23
7	9	31
6	9	30
1	5	20
4	6	24
3	7	22
3	5	23
3	5	22
4	6	22
3	9	22
4	7	22
3	8	21
8	9	31
7	12	33
1	4	20
7	12	29
0	10	90
0	10	90
5	8	26
3	6	23
3	5	24
3	5	23
5	8	26
3	5	22
4	5	23
4	7	26
3	9	24
6	8	24
0	2	24
0	10	91
0	11	91
7	9	33
9	12	35
4	8	22
2	4	21
2	4	20
3	6	23
3	6	21
3	8	21
11	15	31
2	11	22
3	9	21
3	9	22
7	8	26
4	6	23
7	12	32
6	6	25
0	4	62
0	4	62
7	11	29
6	11	30
4	4	21
4	8	24
7	14	32
0	4	20
6	10	24
3	7	21
11	14	38
8	8	33
7	13	29
2	10	22
2	7	20
5	8	26
3	5	21
4	6	24
7	10	24
7	9	28
6	10	25
8	7	27
3	5	22
6	8	24
3	10	23
3	9	22
5	7	25
4	10	25
1	5	21
4	12	25
4	9	24
8	12	29
6	7	24
4	7	25
2	6	21
2	8	22
3	11	24
7	11	30
6	11	27
7	11	27
5	8	25
6	10	26
3	7	24
6	11	30
6	11	31
5	9	29
7	9	28
6	12	33
6	10	32
3	10	24
4	9	24
8	11	34
3	7	27
3	6	22
4	6	23
5	9	30
7	11	27
8	11	32
3	7	22
4	7	21
9	12	29
6	10	31
0	8	91
2	4	24
5	8	24
5	7	24
4	8	24
4	8	30
4	6	22
3	6	23
4	7	23
2	7	20
5	8	24
6	7	22
2	6	22
3	5	20
3	10	24
4	6	22
2	6	21
3	6	20
5	11	29
7	7	25
6	9	32
1	5	22
3	6	23
3	7	23
2	7	23
4	10	24
4	9	25
3	9	24
1	7	22
5	6	25
3	6	24
2	5	22
3	5	23
8	14	29
8	10	29
7	11	29
8	10	26
9	11	28
3	7	23
3	5	23
8	12	28
5	8	25
8	14	34
2	7	21
7	9	25
4	8	25
0	11	91
1	8	91
3	9	23
6	9	26
2	7	24
2	6	20
6	13	31
5	12	30
7	11	29
8	13	31
6	11	26
6	10	26
6	10	25
4	10	25
4	6	26
2	6	20
4	7	22
7	8	26
7	7	26
0	29	90
0	29	90
8	7	29
6	8	30
4	11	26
7	9	29
10	11	32
2	7	23
1	4	24
6	12	31
0	5	26
7	11	27
0	5	89
5	5	23
7	12	27
5	8	23
7	11	31
3	6	24
2	5	21
3	6	22
2	5	21
8	9	26
2	10	22
7	12	28
4	8	23
7	10	27
6	9	31
4	4	25
4	7	23
4	6	24
5	6	25
0	10	91
0	12	90
7	9	27
4	6	23
3	6	22
4	8	24
3	6	22
2	5	23
2	5	22
2	4	20
0	20	89
3	16	90
1	4	23
3	9	25
4	7	22
3	8	24
2	9	25
3	5	23
8	13	30
4	11	30
0	9	66
1	8	66
0	12	90
4	8	22
6	10	26
6	9	26
3	8	21
3	8	24
6	14	33
4	13	33
8	8	33
2	6	22
2	5	21
8	10	31
0	11	91
3	7	21
0	4	23
1	3	20
0	5	91
4	9	24
4	9	23
4	8	22
3	8	24
5	7	24
3	6	21
3	7	25
2	6	22
3	9	27
4	8	25
5	8	26
5	10	25
5	10	27
6	11	29
4	11	26
8	10	28
5	12	28
0	33	90
2	6	23
4	9	25
3	7	24
3	7	23
5	8	25
4	3	23
3	5	21
7	11	32
0	3	21
3	8	23
4	8	22
4	8	22
3	7	24
2	7	22
6	10	30
8	13	35
9	12	30
8	12	31
10	14	34
2	3	20
5	7	25
5	11	26
3	7	24
1	5	21
3	10	26
3	5	90
6	6	91
3	9	25
1	3	23
4	6	25
6	9	26
7	9	26
8	9	32
1	28	91
6	8	26
3	10	24
2	10	24
6	9	31
7	8	25
6	9	30
6	7	31
7	13	30
11	12	37
4	7	21
3	4	21
9	13	31
2	6	21
6	9	25
4	11	31
2	6	23
6	10	31
6	13	32
8	11	27
7	10	30
4	7	24
6	12	30
5	10	25
4	9	25
6	10	30
0	12	91
0	7	90
6	10	24
6	9	24
3	5	21
3	6	23
4	7	23
10	15	34
10	15	35
6	12	32
6	9	26
1	5	21
0	5	21
2	5	20
5	7	25
3	8	27
5	8	26
6	10	32
4	8	25
5	10	31
7	10	27
3	5	22
3	4	21
9	12	33
6	9	26
5	9	30
0	4	20
8	11	29
7	11	32
0	10	67
1	4	21
3	7	23
6	12	32
3	9	26
2	7	23
3	9	23
3	6	23
2	4	26
6	12	30
6	10	25
3	6	22
3	8	25
3	8	23
6	7	24
3	7	23
2	6	21
5	9	24
2	4	24
4	7	22
8	9	34
2	7	22
2	6	21
4	9	25
5	8	26
5	9	25
8	12	32
1	4	21
5	7	24
6	8	26
9	10	31
4	4	23
2	7	21
1	6	21
2	6	23
3	7	25
2	6	24
3	5	23
3	6	22
4	7	26
3	8	26
3	8	25
3	7	24
4	6	23
2	5	21
8	8	31
5	9	26
5	9	24
10	11	32
3	6	22
8	11	33
3	7	26
10	10	33
10	12	32
4	8	23
1	11	91
4	7	24
5	8	25
7	13	32
4	7	23
3	7	23
3	7	23
2	6	20
6	10	28
0	9	90
1	5	22
3	8	23
3	9	24
5	8	24
5	8	24
3	8	23
5	7	23
3	4	23
7	10	25
5	9	24
3	10	25
3	5	22
6	11	31
3	5	31
3	5	25
2	5	23
2	4	21
3	5	23
2	4	21
4	6	21
3	3	21
3	8	26
8	12	28
6	9	26
3	8	23
5	6	24
5	7	24
7	10	26
6	9	26
5	7	26
5	8	26
7	9	27
7	8	27
6	10	28
0	3	20
1	5	21
2	6	23
1	5	22
1	7	21
1	5	23
1	5	23
1	5	22
2	6	21
3	5	21
3	8	22
1	6	21
6	12	31
2	7	24
2	5	23
3	7	25
1	4	22
1	2	21
6	10	31
7	9	25
9	14	34
8	14	29
3	6	23
2	4	20
4	9	25
5	9	30
4	8	30
4	4	23
4	7	24
3	8	25
5	9	26
7	9	30
4	10	25
4	7	24
4	11	27
4	12	27
2	5	23
1	4	21
2	6	22
6	11	27
9	9	30
4	7	22
3	6	22
2	6	21
10	15	33
0	17	90
0	17	90
0	3	21
3	10	23
4	8	26
6	13	28
1	12	26
7	12	31
0	4	22
6	8	25
5	9	24
4	6	23
5	6	23
5	7	30
5	5	22
5	8	24
5	7	25
9	10	34
2	7	24
2	4	20
3	9	24
4	6	24
6	12	32
7	13	31
2	5	20
9	10	28
3	9	23
3	10	23
4	10	24
0	7	90
3	8	24
0	9	90
3	6	21
3	4	21
5	11	26
4	9	30
4	10	28
4	9	23
3	9	24
2	5	20
2	5	21
0	12	89
1	5	22
5	10	30
2	8	23
2	6	22
2	5	21
3	7	22
3	8	24
2	6	22
3	8	22
3	6	21
3	4	21
0	3	20
4	7	23
3	6	23
2	6	21
2	4	21
3	7	25
4	7	25
4	7	23
5	9	26
2	6	20
3	5	23
2	4	21
3	5	22
2	4	20
5	8	25
9	12	35
3	7	22
3	6	21
2	5	22
2	7	21
3	6	23
6	10	26
5	8	28
6	15	28
3	4	21
3	6	22
3	7	24
2	6	22
3	12	30
0	7	90
0	8	90
9	12	32
2	7	23
1	3	20
3	6	22
1	2	21
6	54	88
7	10	32
5	11	26
3	7	30
4	6	22
5	7	24
5	8	31
1	4	21
3	4	22
2	5	20
5	8	25
2	5	20
2	4	22
3	6	21
1	3	22
7	9	27
4	25	91
0	6	33
0	5	31
3	5	23
2	6	24
4	10	91
3	6	22
1	4	22
5	8	32
2	5	20
2	6	21
1	5	22
0	3	21
6	8	25
3	6	22
2	5	23
4	6	25
7	7	28
1	5	21
4	8	25
0	17	90
0	4	90
5	5	26
3	4	21
0	2	23
5	5	24
2	4	21
2	4	21
6	9	29
0	5	23
5	9	31
2	6	23
3	7	24
5	11	31
3	6	22
2	5	21
2	5	21
1	3	20
3	24	91
6	12	32
0	3	22
1	3	21
3	7	23
2	6	21
2	7	21
9	14	36
0	24	90
9	9	31
3	5	21
3	8	25
3	4	24
4	4	23
4	8	25
1	6	34
2	4	21
3	5	22
1	2	22
3	6	24
5	8	24
4	8	30
3	6	22
3	6	25
2	3	23
0	10	91
8	13	33
3	7	22
6	6	27
1	4	21
1	5	21
3	5	22
1	6	21
1	5	21
0	3	23
0	3	21
4	5	22
0	3	21
0	10	91
0	11	90
10	12	38
9	11	36
6	11	27
7	9	28
7	9	33
6	7	27
6	14	32
6	10	30
6	12	31
6	10	24
4	7	24
6	6	26
0	4	21
9	8	28
4	5	22
3	4	21
3	5	25
3	10	26
2	6	23
3	7	23
3	6	22
2	4	23
3	9	24
4	8	27
7	9	26
6	9	24
5	12	31
7	10	30
8	10	27
9	10	32
11	11	33
8	11	26
1	6	21
2	6	21
2	6	22
3	7	23
2	6	22
2	6	23
2	5	22
4	7	22
8	16	37
10	14	33
3	11	25
4	7	24
1	4	20
2	6	23
5	6	26
2	4	23
4	11	27
9	10	28
4	10	30
6	8	30
9	9	34
9	9	32
0	1	21
4	7	23
6	8	26
3	8	24
4	10	25
4	9	24
3	7	22
2	8	23
2	9	25
3	8	23
3	8	26
4	8	24
2	7	23
2	6	23
4	7	23
4	7	23
3	6	21
5	8	24
2	6	22
1	5	20
0	3	21
10	12	29
5	7	26
4	8	24
8	10	30
5	10	24
2	4	26
4	5	24
4	7	23
2	7	20
4	10	24
5	9	28
5	10	26
4	7	24
8	9	28
8	11	33
9	11	33
5	10	24
3	8	25
5	10	26
2	3	22
7	11	31
3	4	24
3	9	25
3	7	24
3	7	23
6	11	27
5	8	25
7	7	30
8	7	31
8	8	32
7	8	32
2	8	23
9	14	32
4	10	26
4	10	25
4	10	24
7	8	31
6	4	25
5	5	25
5	7	22
1	7	22
1	5	21
1	6	20
9	8	31
3	4	23
6	8	27
4	8	24
6	8	25
6	11	27
6	10	26
5	8	24
3	8	26
4	8	25
2	2	21
1	4	21
2	7	20
1	5	21
3	6	21
1	2	21
2	6	23
1	6	22
1	5	20
3	5	22
10	12	29
1	3	22
2	6	21
7	11	31
2	5	23
3	5	23
2	4	22
1	6	22
2	4	25
3	5	24
3	8	24
4	8	23
2	8	22
3	6	25
2	5	22
8	12	32
3	6	20
3	6	21
6	11	27
7	9	25
2	6	21
2	3	22
1	5	20
2	7	23
3	7	22
2	7	21
2	4	21
9	11	29
8	11	28
5	10	30
6	8	24
6	7	25
1	8	90
1	4	20
3	5	20
4	8	21
5	9	25
6	9	27
6	9	26
7	12	31
3	8	27
3	5	24
4	9	24
7	10	31
2	7	23
4	8	25
1	5	21
2	8	22
2	4	23
0	3	23
0	4	20
1	3	22
0	13	91
0	12	91
2	6	23
5	5	24
2	7	22
9	11	28
11	11	33
0	6	44
3	5	22
1	3	20
0	8	89
8	11	30
6	8	23
3	4	22
5	7	24
3	7	22
2	5	21
3	7	22
3	7	23
3	6	22
3	6	23
2	6	23
3	7	21
1	6	23
8	12	32
7	6	29
6	13	35
6	7	27
2	7	23
7	13	31
2	9	23
0	15	89
6	7	25
1	7	21
4	5	21
2	5	20
4	6	26
4	7	24
5	7	25
8	12	32
10	12	33
1	7	23
3	4	23
3	6	21
5	6	28
4	11	32
5	7	23
3	5	24
3	8	22
4	8	24
7	9	26
3	6	24
2	5	20
2	9	23
2	7	22
5	5	24
1	7	20
8	10	31
9	11	32
5	6	23
5	7	22
4	7	26
3	6	21
8	10	31
0	7	90
3	7	22
2	5	23
2	6	22
2	7	24
2	7	22
4	8	29
5	6	24
0	12	91
0	10	91
3	6	22
3	7	22
4	10	26
2	3	21
3	5	21
0	7	21
6	11	30
2	6	21
0	24	86
7	8	25
7	8	30
6	7	27
0	7	22
0	6	22
0	13	91
0	5	20
1	6	21
1	3	21
4	7	24
5	11	27
1	3	21
12	25	90
2	4	22
4	6	25
5	7	22
4	8	22
0	3	90
0	3	90
3	6	21
3	6	21
2	8	33
2	8	25
5	9	23
3	8	24
5	7	23
5	13	30
8	12	31
6	9	27
0	2	22
6	10	26
5	9	23
6	11	30
4	8	25
3	6	22
1	5	22
2	7	22
0	11	90
1	9	87
4	5	22
3	8	23
7	13	30
2	7	23
2	8	23
3	6	24
6	8	25
1	5	24
3	5	22
3	4	25
3	6	26
2	4	23
3	4	24
4	7	28
3	6	26
4	6	25
4	8	27
4	9	25
5	7	25
3	10	27
4	7	26
3	8	26
3	8	26
1	2	21
0	6	90
0	9	90
2	6	20
6	9	25
0	11	89
1	2	24
1	3	23
1	4	22
0	3	22
0	3	22
3	6	23
5	6	21
5	9	25
5	8	24
4	7	23
6	8	26
3	6	21
4	5	23
6	9	31
5	9	26
6	10	26
3	7	22
3	8	23
3	7	23
3	8	22
1	4	20
6	9	27
0	3	21
5	9	25
2	6	23
2	6	22
0	4	21
3	2	23
3	6	21
4	7	23
3	8	21
5	8	30
6	8	23
2	5	21
2	4	21
3	6	22
4	9	23
8	10	26
6	12	27
4	12	30
6	9	30
4	6	22
3	10	22
6	12	29
7	14	30
8	15	32
6	12	26
8	12	30
9	12	28
3	7	22
9	15	32
9	14	31
1	4	20
3	6	24
1	6	23
2	5	21
8	10	27
7	10	26
2	4	24
2	4	24
2	5	23
3	5	21
4	6	22
4	6	22
3	8	24
5	6	25
1	3	20
6	7	27
7	9	25
2	8	23
1	5	21
7	11	30
4	9	23
4	8	24
4	10	25
3	10	26
3	10	24
2	5	22
2	5	21
2	7	22
3	7	20
0	2	46
3	7	23
4	7	24
3	8	22
2	6	22
4	9	24
4	7	22
6	10	25
4	9	24
4	7	23
0	8	28
5	9	27
6	11	28
6	10	28
4	5	24
5	7	22
6	11	36
4	10	24
4	10	22
5	6	26
4	7	27
2	8	24
4	8	23
2	7	23
4	5	22
3	7	24
4	7	25
4	7	25
4	8	26
5	8	26
4	6	22
4	9	24
0	8	90
3	8	25
2	8	24
2	8	23
2	6	23
1	8	23
7	8	33
4	8	25
2	6	23
5	8	24
8	13	31
3	4	22
6	7	26
9	8	29
4	7	22
4	6	23
2	5	23
4	9	30
4	6	25
3	5	24
4	8	22
2	6	24
2	4	20
3	5	24
4	8	23
4	8	24
5	11	32
1	6	22
8	13	31
9	12	34
8	11	32
9	14	33
7	12	29
2	7	22
7	9	28
6	9	26
4	8	26
1	6	21
4	8	24
9	13	32
10	11	31
9	9	29
8	10	27
8	11	32
5	10	30
6	11	32
6	7	28
2	5	20
4	7	25
5	10	25
5	11	26
5	11	27
4	12	28
5	13	32
4	11	30
5	9	26
6	10	29
7	12	33
5	10	30
7	14	34
4	11	32
5	11	29
4	7	21
1	5	21
7	9	29
6	7	24
3	5	22
3	9	27
6	8	26
5	6	26
6	8	30
3	6	26
0	4	20
6	8	24
3	6	21
5	13	30
4	6	24
2	5	23
3	6	22
6	9	27
6	10	28
6	8	23
5	7	26
5	10	25
6	9	28
3	5	22
3	6	24
4	6	25
5	13	29
5	10	27
2	6	25
4	6	26
3	6	24
3	9	29
5	9	30
4	6	25
4	8	26
4	7	25
5	8	25
0	21	84
3	4	21
2	5	21
8	10	31
3	8	23
3	7	21
3	7	20
5	9	26
6	11	28
7	12	34
4	8	30
8	13	32
4	11	25
6	9	24
24	23	88
0	10	90
0	3	22
0	3	22
0	5	20
0	2	22
0	3	21
6	12	30
9	12	30
1	4	20
7	9	29
1	4	21
3	5	23
3	9	25
0	9	91
0	1	20
4	6	27
3	5	24
5	7	24
7	10	31
1	3	21
5	8	26
2	5	24
2	8	25
2	6	24
9	14	36
2	5	21
2	6	20
2	5	22
2	5	23
0	-1	90
6	7	29
6	6	27
0	6	63
0	6	63
0	7	89
0	7	91
2	4	20
0	27	90
5	8	22
7	7	24
3	7	30
2	4	24
1	3	22
1	3	21
1	2	20
4	5	23
10	13	34
0	2	20
1	3	25
0	22	91
0	3	37
0	15	90
0	11	89
1	12	90
2	5	22
2	4	23
1	5	22
1	5	22
0	6	90
0	9	91
1	2	27
1	4	25
0	3	23
36	42	88
7	12	31
6	10	27
4	5	23
1	7	22
3	7	22
2	7	21
0	3	21
5	7	26
6	6	24
4	10	24
5	7	25
3	6	23
4	6	23
4	7	25
11	9	31
0	3	20
5	7	31
4	9	24
2	8	21
2	5	25
8	6	33
2	5	21
1	6	21
4	8	30
0	3	22
5	6	23
8	9	33
2	6	20
2	6	21
5	9	28
5	11	28
4	7	22
4	12	31
2	6	22
7	11	25
2	4	21
2	5	21
7	13	30
2	4	21
2	5	20
8	13	33
7	8	31
5	6	26
4	6	24
2	8	24
3	8	23
2	8	22
5	7	26
4	6	23
2	7	22
2	8	22
3	9	31
6	8	24
4	5	24
0	12	90
3	6	22
1	5	21
0	9	91
0	7	91
3	4	22
5	5	24
3	4	21
5	5	32
4	6	24
2	6	91
3	4	20
3	8	23
5	10	25
4	9	24
2	6	21
1	3	22
5	9	25
5	9	26
5	8	28
12	10	34
3	7	22
4	9	25
3	4	22
2	4	21
1	4	21
0	13	91
0	13	90
0	15	90
8	10	29
4	7	22
2	7	21
3	7	22
2	4	23
4	9	23
10	14	33
10	17	36
8	10	29
9	10	33
4	9	24
4	5	25
9	6	34
11	11	36
12	14	43
6	13	30
3	4	23
3	6	22
3	5	21
11	14	34
8	11	33
5	8	26
4	6	24
4	5	24
3	5	23
2	6	21
0	2	24
0	2	25
0	2	24
0	2	24
0	3	24
0	3	25
0	3	22
0	2	24
11	14	36
7	8	28
7	8	27
5	10	25
7	12	29
2	4	21
4	7	23
3	8	25
2	8	24
2	8	22
10	13	30
5	10	28
3	8	24
4	10	31
1	4	20
4	7	24
6	10	31
24	23	90
0	14	90
0	6	91
4	6	25
10	15	39
2	3	22
0	13	90
1	2	20
2	4	21
3	5	23
2	8	21
2	8	21
0	3	20
6	6	25
2	8	23
1	4	21
0	3	22
4	6	25
3	7	20
3	8	22
4	6	26
4	7	27
3	6	21
2	5	23
1	3	22
2	5	20
2	5	22
2	4	22
3	10	24
4	11	27
4	8	26
6	11	30
5	10	27
4	11	25
5	11	31
4	8	27
3	10	26
4	8	25
3	8	25
3	7	23
3	7	22
4	5	23
0	2	20
0	3	22
2	8	25
0	4	23
2	7	20
3	7	24
5	8	25
2	4	21
1	4	21
1	3	22
2	4	23
8	10	27
0	6	91
0	11	90
5	11	34
6	9	27
7	13	34
8	11	32
6	11	31
6	10	29
5	9	30
8	11	36
3	4	22
0	10	91
0	12	91
0	2	21
0	11	91
0	12	90
6	9	34
5	7	24
6	8	27
7	8	31
6	7	30
0	2	21
0	10	91
3	5	22
9	10	39
0	11	90
1	14	90
0	17	90
3	7	20
0	2	21
1	4	21
1	2	24
3	7	23
3	4	21
2	7	22
6	9	31
7	9	34
6	8	31
5	5	25
4	8	24
5	8	23
0	10	91
0	10	90
4	7	22
3	9	23
3	8	22
3	9	22
5	9	24
3	6	22
9	11	27
8	10	26
9	15	36
10	16	37
10	13	31
6	9	31
6	8	27
3	5	22
7	12	30
4	7	24
12	19	39
9	9	25
2	5	22
2	5	22
2	5	22
9	12	32
2	3	22
3	5	22
5	12	30
8	11	31
0	9	51
1	5	21
3	7	23
4	8	22
3	6	21
5	11	30
2	6	24
2	6	23
2	6	22
3	6	21
1	-1	91
1	-1	91
1	2	21
2	6	23
1	4	21
2	7	21
0	11	90
0	8	89
6	10	31
6	8	31
4	5	23
6	7	26
5	7	24
1	5	21
0	4	20
0	3	21
6	9	30
1	2	23
2	4	24
1	4	23
1	3	22
1	3	21
0	4	20
4	7	24
7	8	25
1	3	22
1	4	21
0	2	22
0	3	22
1	3	21
6	12	34
4	8	25
5	10	24
5	5	25
5	7	26
2	5	22
2	5	21
1	3	23
2	6	22
3	6	23
5	9	25
3	6	20
2	7	21
2	6	23
2	5	20
4	10	24
0	9	91
0	8	90
2	4	20
2	4	21
3	30	91
3	6	23
3	7	22
1	7	25
8	10	29
8	11	29
8	12	27
8	15	32
8	12	31
9	11	28
8	13	32
6	8	25
6	10	24
3	5	20
3	7	25
4	8	26
3	6	23
3	7	22
4	6	24
4	5	22
4	5	25
3	4	22
5	10	27
5	12	31
5	7	25
0	5	22
2	4	20
2	5	22
4	8	23
3	11	24
4	10	24
5	11	24
4	11	25
3	8	25
6	9	25
5	8	24
3	6	25
3	7	22
2	9	23
5	10	30
10	12	33
5	6	26
3	6	23
5	12	32
4	8	23
2	9	23
2	6	22
0	8	90
5	7	24
4	6	23
3	7	21
7	9	30
6	8	26
4	8	23
6	8	30
2	6	22
3	6	23
9	10	35
1	4	22
4	6	24
3	6	24
6	7	26
2	5	21
1	4	20
1	3	23
2	5	21
4	8	23
3	7	23
3	4	23
0	7	27
4	6	23
7	9	29
8	10	30
3	6	21
3	7	23
1	4	20
0	4	21
4	5	22
4	5	24
4	7	21
3	10	24
5	5	23
4	8	25
4	6	22
6	6	30
2	3	22
6	8	26
5	8	27
7	8	26
8	8	26
6	7	25
9	13	35
1	36	90
2	5	22
4	8	22
6	8	25
8	11	33
3	7	24
3	5	22
3	5	21
8	8	27
2	4	23
5	6	31
5	6	31
3	4	24
3	6	22
2	6	21
3	5	23
3	4	24
4	4	24
3	4	23
5	7	26
4	8	28
3	7	27
6	9	30
6	10	25
4	7	25
5	6	22
2	6	21
1	4	21
5	8	23
4	8	22
1	3	23
6	11	33
2	6	24
3	8	24
3	7	23
2	9	23
3	7	23
2	6	22
3	6	23
3	6	23
2	5	22
2	4	21
7	11	33
7	9	25
8	8	30
2	6	22
2	25	89
3	6	24
3	4	22
2	6	20
5	6	24
7	10	26
3	6	25
3	6	24
0	21	88
0	24	91
9	13	36
10	12	34
7	13	33
8	12	32
8	12	31
7	9	30
7	11	31
6	9	28
6	10	27
2	5	21
2	11	24
2	9	23
6	9	27
3	10	22
3	8	23
3	10	24
5	5	26
9	11	27
2	5	23
8	10	32
2	4	22
0	4	20
7	6	28
3	4	23
5	7	24
4	7	25
3	7	24
4	9	23
4	23	91
4	8	25
1	7	20
3	6	30
6	6	30
2	4	22
2	11	24
1	9	23
3	7	21
3	6	21
2	6	21
0	2	22
5	9	23
4	9	22
5	9	24
3	6	23
2	6	22
2	6	21
3	7	23
4	8	23
1	5	20
3	6	23
2	6	21
6	7	24
6	11	26
4	7	23
3	8	22
4	7	22
3	4	24
8	12	34
3	6	22
1	5	21
0	4	21
7	13	35
6	8	26
9	14	33
5	14	35
1	4	20
2	5	20
6	9	25
5	8	23
8	12	33
5	12	27
8	11	30
1	6	20
3	6	23
4	9	28
4	9	27
2	9	26
6	10	25
3	8	22
3	9	25
2	6	22
0	25	91
0	24	91
0	26	90
4	8	22
1	5	22
3	7	21
4	5	23
5	8	27
6	13	32
2	6	23
2	6	22
6	9	25
0	16	90
0	10	91
6	8	25
6	7	25
0	9	90
0	12	91
1	5	21
0	5	21
6	13	31
3	7	23
6	8	24
3	6	22
3	6	21
4	7	22
13	10	38
2	5	22
2	5	21
2	3	22
3	5	21
5	12	30
5	10	25
4	5	21
7	7	30
7	5	27
6	6	27
5	5	25
5	4	24
5	5	26
2	5	22
6	11	28
7	10	26
5	9	25
4	6	28
4	5	26
4	9	25
7	10	26
1	4	22
2	4	21
5	9	25
0	2	20
2	6	20
3	4	21
2	7	24
2	5	22
8	6	31
3	7	22
3	7	23
3	8	25
5	10	28
4	7	24
5	9	26
5	7	25
7	10	33
7	11	31
4	11	27
6	9	26
5	7	27
5	10	30
6	11	29
3	10	29
0	26	90
2	8	22
4	10	23
3	7	24
2	7	23
2	4	23
10	13	35
0	13	91
3	5	21
2	3	22
4	7	25
5	9	26
0	10	90
5	10	31
7	10	29
6	11	29
2	4	22
3	10	25
1	6	22
1	7	23
7	11	31
5	7	24
2	6	21
8	10	31
7	13	37
2	4	20
3	5	22
4	7	27
6	7	24
8	11	26
4	11	30
3	9	23
3	7	23
3	6	22
2	7	22
3	6	22
2	5	21
5	8	24
3	8	24
2	7	25
4	8	25
4	8	24
2	6	22
9	13	32
9	13	31
9	11	30
9	10	28
9	14	33
8	13	34
10	12	35
4	6	24
9	18	41
3	10	26
2	3	22
4	6	31
1	6	26
1	4	25
3	5	30
1	3	23
3	6	24
7	10	31
4	8	27
10	9	29
8	11	27
0	0	90
0	0	91
0	2	91
0	0	91
3	5	22
3	5	20
4	6	25
5	7	24
4	9	27
2	5	24
4	6	24
2	6	20
6	7	25
2	5	22
2	6	21
7	10	25
3	9	23
5	10	26
4	9	24
2	9	21
2	5	22
11	11	35
8	10	34
8	10	33
8	9	31
7	8	26
4	9	24
4	8	25
3	6	23
7	8	26
6	8	25
7	9	28
8	11	30
5	10	27
6	10	25
9	14	33
7	12	30
6	9	28
8	12	31
3	35	90
4	8	25
3	6	24
5	13	30
3	8	22
6	9	26
3	6	20
8	8	31
4	6	23
9	10	30
8	12	26
6	11	33
2	6	26
3	7	24
3	8	24
2	7	21
4	9	25
7	8	25
2	4	22
1	7	21
4	33	90
6	7	27
6	9	23
3	5	23
2	5	21
6	8	28
10	10	34
5	6	25
5	9	30
1	5	21
0	13	90
0	15	90
4	8	27
1	2	23
0	2	24
0	1	25
0	2	24
0	1	23
0	1	22
0	2	20
0	2	27
1	7	90
5	8	29
3	4	22
2	2	22
8	11	31
0	14	91
0	13	90
10	14	33
2	6	22
5	7	24
3	5	22
4	8	22
3	4	22
5	6	24
7	8	25
6	13	30
2	5	20
5	7	25
5	7	25
3	7	21
2	4	24
0	3	23
3	9	24
2	7	22
2	5	22
2	4	22
3	6	22
7	13	32
1	4	20
2	6	21
1	4	22
4	6	25
4	9	26
1	5	22
2	7	21
2	3	21
2	7	21
3	7	21
0	11	90
0	7	91
0	6	91
0	10	91
4	8	24
4	7	22
2	4	21
2	7	21
8	9	29
1	6	22
2	5	21
3	5	24
3	6	22
4	5	23
3	4	21
10	15	36
10	11	31
6	11	33
4	7	23
5	8	32
2	4	23
1	5	22
1	7	23
4	10	24
1	2	22
5	8	23
4	7	22
3	6	21
3	8	24
3	7	23
2	6	21
3	8	22
2	7	24
1	5	21
6	11	30
2	7	21
4	5	24
3	9	24
4	8	25
4	11	31
0	2	22
7	9	26
4	7	24
7	8	25
3	7	21
4	6	26
3	6	22
3	3	21
4	7	23
3	7	22
3	5	22
2	5	23
4	9	23
2	7	23
3	5	23
4	11	24
1	4	20
3	7	21
9	13	32
4	9	25
1	7	88
0	7	88
5	5	26
4	5	23
6	4	24
1	4	22
1	4	21
1	4	20
9	13	32
3	8	25
3	6	21
3	7	25
7	11	30
3	6	22
2	8	25
4	9	24
1	5	22
4	8	23
13	12	40
11	12	41
8	9	30
6	11	30
4	8	22
6	6	24
0	10	91
0	10	90
7	11	30
8	10	26
7	10	30
8	9	28
5	8	25
8	11	26
6	9	27
7	10	24
1	3	22
6	8	25
4	4	22
3	5	22
13	15	37
2	39	90
11	16	37
6	10	30
3	7	21
6	14	33
6	14	31
6	13	31
7	12	32
5	10	27
6	12	27
4	11	26
4	10	25
5	10	24
3	10	28
5	10	26
3	9	32
3	9	25
3	8	24
3	8	23
1	8	22
2	7	21
6	10	28
7	9	25
3	5	22
3	4	21
5	8	26
4	6	22
6	8	25
6	10	26
2	5	21
3	5	20
3	5	25
2	5	21
4	8	23
1	6	22
3	7	22
3	9	23
6	8	25
8	11	31
1	6	22
2	10	23
3	9	25
6	10	30
7	10	30
3	5	22
4	5	25
1	9	25
6	7	22
4	9	22
0	11	91
6	9	33
6	13	34
5	9	25
5	6	24
4	6	23
1	6	22
2	5	21
3	9	22
4	12	26
6	9	25
5	10	28
3	10	25
3	7	23
3	8	23
3	6	20
5	6	25
9	11	26
6	10	27
0	24	91
0	15	91
5	10	30
5	8	26
4	6	24
0	3	20
6	10	25
7	12	28
2	6	21
5	11	31
2	7	21
2	7	22
5	24	90
2	6	20
2	6	21
9	11	36
7	10	32
2	7	23
2	9	24
2	6	21
3	6	22
2	7	24
3	10	25
2	9	23
3	8	22
3	11	25
3	9	24
4	8	24
9	12	30
3	6	22
4	7	23
1	4	20
3	7	22
6	7	34
6	7	30
0	6	90
6	8	25
4	9	31
3	8	21
2	4	27
3	6	23
6	8	26
5	8	25
2	6	21
2	4	21
5	8	24
8	9	28
6	11	30
3	6	21
3	7	21
3	6	22
2	6	24
2	8	23
6	7	24
4	10	26
6	9	30
4	8	23
0	3	22
4	9	26
5	8	24
7	9	25
5	7	23
7	10	26
9	11	32
9	9	33
8	12	33
3	7	21
1	22	90
6	8	27
4	7	25
1	38	91
0	-1	91
10	39	90
1	2	22
3	5	22
5	9	23
2	7	23
3	6	23
3	6	23
0	-1	91
1	-1	91
4	7	24
4	8	23
9	13	35
10	16	35
9	13	35
9	15	34
10	14	31
3	9	26
3	7	22
3	6	24
3	5	22
13	23	90
7	9	28
2	6	21
10	9	35
5	7	23
2	7	24
2	5	20
3	8	23
3	8	22
8	9	26
3	7	22
6	11	30
2	9	24
5	7	24
3	6	23
3	7	24
3	8	26
1	5	21
2	5	22
5	7	23
6	10	30
4	11	30
4	9	27
4	7	27
6	10	29
5	10	26
4	8	24
3	7	24
3	6	23
3	6	22
5	7	26
3	5	23
9	12	34
4	10	31
4	6	23
1	4	21
2	6	20
2	5	22
0	36	91
2	7	23
4	7	25
3	7	23
3	6	22
3	6	21
9	12	32
3	7	22
3	6	23
4	7	24
9	12	29
3	6	22
3	10	26
7	8	25
4	8	25
4	8	24
3	6	21
9	7	29
9	8	31
2	7	24
6	14	32
4	8	23
2	7	23
3	8	23
5	8	24
2	4	21
6	11	26
5	7	25
3	4	22
1	7	22
7	9	26
2	6	21
5	14	30
2	7	23
1	33	91
5	10	24
5	10	24
3	9	21
5	8	24
3	7	23
9	11	31
1	2	22
3	8	21
5	9	24
7	9	26
2	5	21
3	5	22
5	8	24
5	8	25
7	8	26
2	8	21
4	6	23
7	11	29
5	8	30
1	6	22
0	4	21
11	13	34
4	6	30
4	6	23
5	11	25
3	9	23
4	9	22
5	8	24
6	8	25
7	13	31
5	10	23
4	8	24
5	13	27
8	9	31
3	6	23
6	11	28
3	7	22
5	10	31
5	11	30
4	13	30
5	12	33
5	9	25
6	9	30
2	9	23
3	9	23
3	8	25
4	8	23
3	7	22
3	8	22
7	9	27
6	10	25
5	5	24
5	15	33
5	8	24
3	5	22
3	6	22
7	10	31
4	6	21
6	13	30
1	4	20
2	6	23
5	7	31
6	13	34
3	7	22
3	8	22
6	11	30
8	15	33
5	9	31
5	9	24
5	9	30
4	8	22
7	8	31
5	13	32
2	9	26
6	10	30
4	5	21
4	8	24
0	12	91
0	10	91
2	7	23
3	7	21
2	7	20
6	7	28
4	8	25
2	6	21
0	22	90
9	10	34
0	21	90
8	10	30
10	11	29
3	5	21
3	5	22
4	5	23
4	6	23
2	6	22
7	7	27
5	13	29
7	9	23
8	8	27
1	5	22
4	7	25
3	7	20
7	12	29
2	5	21
2	7	22
3	8	23
1	6	21
1	5	21
3	5	21
3	6	22
2	6	22
2	6	21
2	-1	90
1	6	21
6	8	26
4	8	25
2	6	21
2	6	24
4	8	23
4	10	23
5	10	27
2	5	21
2	4	21
4	7	23
1	7	22
3	6	23
2	5	21
8	12	31
2	3	21
3	6	23
4	5	22
2	7	23
4	8	24
7	10	26
2	5	20
3	5	22
0	4	90
6	10	26
8	12	34
4	8	24
6	5	25
2	5	21
3	6	24
2	7	23
2	6	23
1	7	23
1	35	90
4	7	21
4	5	22
4	7	21
6	9	31
3	6	24
3	5	22
11	15	37
0	13	91
0	10	91
1	7	21
2	8	24
7	12	29
5	9	32
5	11	26
5	10	31
7	13	37
4	8	26
3	10	26
2	8	24
2	5	21
4	8	23
0	4	22
10	11	32
3	4	23
2	8	24
10	14	34
6	8	27
4	9	25
3	7	23
7	11	28
6	10	24
2	4	23
8	11	34
5	8	28
3	9	30
3	7	23
2	6	21
7	9	24
0	27	90
0	27	90
0	27	90
0	27	90
6	12	34
4	8	25
4	7	26
4	6	25
3	6	23
3	6	22
4	7	23
1	5	20
5	7	25
6	8	31
5	12	27
5	14	26
7	12	26
6	12	26
6	10	25
6	10	25
2	5	22
6	8	26
6	27	91
7	26	91
5	27	91
7	29	91
6	27	91
6	-1	91
0	5	21
2	4	21
1	4	20
4	8	24
3	7	23
2	4	22
9	10	31
7	8	26
7	6	25
5	8	23
3	7	21
2	4	20
2	4	22
3	8	24
3	6	26
3	7	24
3	7	23
9	10	28
2	7	23
2	5	22
4	9	27
3	6	25
2	7	23
1	4	25
2	4	21
1	4	22
2	4	22
2	8	22
4	7	22
4	6	24
2	7	23
1	8	21
1	9	22
3	5	23
2	6	23
3	8	23
4	6	23
7	9	31
4	10	32
4	9	26
3	8	25
2	7	24
2	7	22
1	6	23
1	6	23
1	5	22
0	3	21
4	9	23
4	9	25
5	9	27
4	8	24
4	8	22
3	7	22
2	6	22
4	10	24
1	5	22
3	7	24
3	7	25
2	5	22
8	13	30
6	6	25
6	7	23
11	14	38
5	6	25
5	8	26
4	4	24
1	10	91
0	12	90
4	9	27
1	25	84
4	24	90
0	25	85
8	12	33
9	13	36
8	13	35
9	10	31
10	13	36
7	13	34
9	13	35
11	14	36
9	13	33
9	10	32
8	14	33
9	13	32
7	14	31
7	9	27
7	10	27
7	12	30
2	6	22
5	7	23
3	6	25
5	11	25
7	11	28
7	12	31
11	16	33
3	8	23
4	8	30
3	7	25
3	7	25
3	10	30
3	7	24
4	7	23
3	7	22
3	6	21
3	6	20
0	6	48
3	7	24
3	7	23
3	7	22
6	9	23
4	10	23
7	7	25
2	5	22
3	6	24
2	9	24
4	8	30
3	11	29
4	4	23
9	8	29
6	11	27
7	13	30
3	6	23
6	9	26
6	10	27
5	7	25
5	7	26
5	7	24
5	8	23
2	7	21
2	7	26
1	5	23
3	6	22
3	8	23
1	6	20
6	9	27
7	10	27
7	9	28
6	9	26
3	6	22
2	8	21
3	6	24
0	7	20
6	11	25
1	5	22
0	15	90
7	36	90
2	4	22
3	5	23
3	3	23
2	5	21
6	13	29
7	10	31
7	9	27
4	5	23
3	6	23
3	7	22
0	5	21
7	8	30
5	8	24
5	7	23
0	10	90
10	16	35
0	10	91
0	14	90
7	8	28
4	6	24
5	7	26
4	6	23
4	6	24
4	7	23
1	3	23
1	4	30
2	4	24
2	4	26
2	4	23
1	3	25
2	6	24
3	5	21
6	7	24
2	5	21
4	9	24
5	7	24
5	7	25
4	6	22
4	6	21
3	9	25
2	7	21
3	7	24
6	7	23
2	6	22
3	7	22
6	10	33
5	10	31
5	7	26
4	7	25
1	2	21
2	7	20
5	8	31
7	14	32
7	10	29
3	4	23
4	6	24
8	13	33
9	11	30
6	9	25
0	5	20
0	2	22
0	5	21
0	2	22
2	6	24
3	8	29
1	4	23
4	9	22
1	7	24
1	4	22
5	6	24
3	7	23
2	7	22
3	7	21
2	7	23
4	5	23
3	7	25
3	10	25
4	8	25
3	10	24
3	8	23
2	8	22
8	10	36
9	14	35
6	9	25
7	9	26
2	8	20
3	4	23
9	11	32
7	8	25
9	10	31
7	8	26
3	7	22
9	11	32
10	13	37
2	5	21
2	7	25
3	5	23
2	4	22
3	4	21
4	6	22
3	7	23
3	7	22
2	7	22
2	6	22
3	7	21
7	11	29
1	3	24
0	4	20
9	10	37
1	4	21
0	11	90
7	11	26
4	5	21
1	29	90
5	8	26
6	10	31
1	5	21
2	6	22
2	7	22
1	5	21
5	10	29
12	13	38
6	11	27
4	8	24
4	7	23
3	8	23
3	6	22
10	12	35
6	9	30
6	8	26
4	12	27
2	9	24
7	10	26
6	10	28
3	8	22
4	9	21
4	9	23
4	8	24
4	9	23
5	9	25
3	7	22
4	9	25
10	15	38
8	13	32
6	11	25
6	11	26
2	4	20
3	6	21
11	12	35
5	9	22
9	10	30
6	8	25
1	7	22
5	8	26
2	7	20
8	9	27
7	9	25
5	10	25
5	7	24
3	6	21
5	8	26
1	41	90
5	8	23
3	8	31
10	10	32
3	8	22
4	8	23
4	10	24
4	9	24
4	9	24
8	13	33
2	5	21
6	13	31
2	6	22
1	4	20
3	7	20
5	8	26
0	25	90
4	11	28
4	13	30
4	9	23
4	8	22
2	7	21
2	6	23
2	7	20
1	5	20
7	11	30
4	13	30
9	13	31
5	13	26
5	11	25
4	11	26
5	9	25
4	9	24
3	8	23
5	9	24
4	7	24
3	6	25
7	8	27
2	6	23
3	5	21
3	7	23
2	6	20
2	5	21
3	6	22
2	5	21
3	6	23
3	6	24
6	11	30
4	8	23
2	8	20
8	10	28
9	10	27
3	5	24
0	19	90
4	9	23
3	12	26
6	10	25
3	6	25
4	7	24
3	6	23
5	9	26
6	7	25
3	7	22
5	6	24
3	9	23
1	4	22
1	4	22
6	11	27
6	11	26
8	13	33
6	10	28
9	9	27
9	12	32
5	9	25
6	7	24
9	10	32
9	12	36
8	10	31
9	12	33
10	11	34
8	12	32
7	8	27
10	15	33
9	12	35
2	5	22
8	10	30
7	10	29
5	9	30
3	6	22
3	9	23
4	9	30
4	5	21
4	6	24
5	6	30
3	7	22
4	10	26
3	10	25
0	5	22
5	8	26
6	14	29
5	6	26
6	7	24
3	6	20
6	6	23
5	-1	91
2	6	21
5	8	27
4	5	25
0	3	20
0	5	21
9	12	28
6	10	30
7	11	31
3	7	23
0	8	21
0	5	20
3	3	22
6	13	34
7	7	26
3	5	21
0	5	90
3	11	25
4	8	25
5	8	23
4	9	22
0	5	90
0	8	83
3	4	21
1	2	20
6	14	32
7	12	27
4	13	30
6	12	29
6	11	28
6	12	27
5	11	26
4	10	26
1	4	23
1	4	21
2	8	30
3	5	20
0	3	21
1	4	20
3	6	20
5	9	33
4	7	24
3	8	23
9	10	37
3	7	22
1	4	21
2	5	22
4	10	26
6	9	25
7	11	28
6	10	26
2	4	22
2	6	22
3	8	22
11	12	30
4	8	23
3	6	24
6	8	24
0	11	88
0	2	20
2	5	20
2	9	22
5	8	30
9	10	30
4	11	26
0	0	50
4	7	22
3	7	22
0	3	22
6	8	25
4	8	24
4	7	24
3	6	22
1	4	20
2	5	23
2	6	22
2	7	21
1	18	88
5	6	25
4	6	23
2	6	22
3	5	23
2	6	21
5	8	27
1	5	21
1	3	21
6	8	31
3	5	22
0	9	90
4	8	25
5	14	32
7	8	25
3	9	22
3	7	21
5	7	22
2	4	22
5	7	30
5	7	28
5	7	30
5	5	25
5	6	23
0	14	88
3	6	24
5	11	29
9	13	35
6	5	30
3	8	22
7	11	27
3	8	22
0	8	89
3	9	25
2	10	24
4	10	26
9	14	33
1	4	20
5	11	31
5	7	23
3	6	23
3	6	23
5	7	24
2	5	21
5	8	24
2	3	22
1	4	20
4	9	23
3	7	23
2	5	21
2	8	23
4	7	27
3	6	24
4	8	23
2	7	23
2	6	21
2	6	22
4	8	25
3	6	21
3	5	24
4	5	23
6	7	26
4	9	29
3	10	27
2	-1	90
2	7	21
2	5	22
11	11	37
2	6	23
3	8	23
9	11	28
6	9	27
8	8	32
2	3	20
2	6	24
4	6	22
7	11	32
5	8	31
2	6	20
2	4	21
4	8	30
6	10	30
5	7	24
3	5	22
3	5	23
4	8	31
2	5	22
3	7	23
2	8	22
2	7	22
4	9	25
3	8	22
4	8	24
2	9	26
4	10	26
4	10	25
0	24	91
4	6	30
5	5	24
1	4	21
4	5	22
1	5	22
1	5	22
1	4	21
0	2	24
0	2	23
1	5	22
2	9	25
4	8	25
4	7	24
3	9	25
3	9	24
3	6	22
6	8	26
9	11	31
3	8	23
2	6	21
1	3	21
4	9	23
6	8	25
4	6	24
4	5	23
5	6	24
3	5	23
4	6	23
6	7	24
4	7	25
2	9	25
8	12	34
1	5	30
1	6	26
1	4	27
0	4	25
0	6	30
5	6	25
2	3	22
4	6	21
5	7	25
3	9	22
3	7	23
4	12	30
2	5	20
7	9	31
1	5	22
2	4	21
3	6	22
1	3	21
5	7	23
3	6	23
3	5	25
5	8	25
2	7	21
0	12	91
0	14	90
5	8	26
8	12	37
3	6	24
5	12	30
2	5	20
0	15	90
0	11	91
9	13	36
0	5	23
0	3	23
3	6	25
10	10	33
3	6	26
1	6	23
1	5	21
2	6	21
6	9	31
4	9	29
3	7	26
3	6	25
4	7	26
4	8	30
4	7	24
3	7	24
4	6	23
3	6	22
6	12	32
11	9	30
9	11	30
9	9	31
6	6	25
6	5	24
4	10	25
2	5	20
3	4	22
5	9	27
8	12	28
1	3	20
3	7	25
5	4	24
7	8	27
6	8	27
8	9	30
5	9	27
3	7	22
3	6	21
0	0	20
5	7	25
3	6	20
3	6	23
4	8	24
4	6	24
5	9	27
6	7	26
4	7	23
5	5	52
2	5	20
8	10	33
4	13	27
3	7	22
2	4	22
2	3	22
1	4	21
8	28	90
3	11	24
0	6	91
4	7	24
3	7	23
3	9	25
3	6	24
5	7	25
8	10	32
4	8	27
6	9	32
3	5	23
3	6	23
3	5	22
9	8	30
1	6	20
3	5	22
3	7	21
0	2	21
1	6	22
2	5	22
0	2	20
3	9	24
4	9	25
3	9	23
4	10	26
0	6	91
0	12	91
0	3	21
0	4	22
2	3	23
2	8	24
3	6	24
2	8	24
2	9	24
6	9	30
3	9	26
3	5	25
2	6	23
1	5	20
6	7	26
8	11	31
7	11	31
5	8	24
4	6	25
4	7	24
3	8	23
3	6	24
5	6	25
9	10	30
2	6	22
6	11	32
3	8	22
4	6	23
7	11	31
2	7	24
7	12	31
4	6	23
4	6	22
3	6	22
3	7	22
7	6	27
7	6	29
5	8	26
4	5	22
3	9	25
4	11	30
3	5	23
4	7	23
4	10	25
6	11	28
5	9	30
7	12	34
4	5	22
3	8	26
3	5	22
5	11	25
2	5	21
0	6	90
0	-1	91
0	9	89
0	12	90
3	5	20
4	7	23
5	7	24
5	10	31
9	10	28
6	8	25
6	7	25
5	12	30
3	10	25
4	32	90
3	7	22
3	7	22
4	7	21
3	7	21
2	5	26
5	10	27
5	9	25
5	8	23
6	9	26
5	13	31
6	12	28
5	11	26
5	7	26
5	10	31
7	12	30
5	12	26
5	7	24
1	4	21
3	8	24
3	8	22
7	8	33
2	8	22
2	7	21
7	12	32
6	10	27
4	7	23
8	8	25
9	13	34
7	6	26
11	10	33
10	10	32
12	12	34
8	10	32
6	11	30
4	8	24
6	8	28
1	2	24
6	10	28
7	9	26
7	10	26
8	11	27
4	11	31
5	10	30
5	8	29
3	7	22
2	7	24
2	7	22
3	6	23
3	5	22
9	10	32
6	8	25
8	10	32
8	9	30
7	10	31
2	6	20
6	8	28
4	9	21
3	7	22
4	8	25
3	6	25
3	8	25
3	5	24
8	12	29
2	3	22
0	3	90
1	3	22
2	5	22
3	8	23
4	9	23
4	8	22
9	12	37
5	14	30
6	11	28
0	3	21
0	36	90
6	7	24
4	6	22
4	6	23
6	10	30
11	13	35
2	5	22
0	3	26
4	6	26
3	5	21
2	8	22
5	6	30
8	9	28
2	5	21
2	5	20
5	10	26
6	9	26
1	4	21
4	6	23
1	6	22
1	3	21
8	11	29
7	24	90
4	7	26
3	6	25
3	6	24
6	7	24
8	8	30
0	9	91
0	9	90
1	3	20
3	9	24
5	8	24
4	10	31
6	8	23
0	26	85
1	3	22
1	6	22
5	7	26
1	11	90
3	5	23
3	6	23
2	4	21
2	6	22
3	6	21
4	12	26
5	10	24
4	6	25
5	7	27
4	8	25
5	7	26
4	6	24
2	8	26
3	7	23
4	7	22
0	1	20
6	8	24
4	6	30
2	5	20
0	7	90
2	7	21
5	9	25
6	12	32
3	7	24
1	5	21
7	9	25
0	3	87
0	8	91
0	6	91
0	3	90
4	5	23
1	6	91
0	5	91
7	8	26
5	6	26
2	4	21
5	8	22
0	4	23
4	13	30
3	8	24
4	7	24
4	9	25
5	8	24
4	9	24
3	6	25
2	4	23
9	10	35
3	4	20
5	7	23
6	12	29
0	1	23
0	2	22
2	4	22
4	7	24
7	12	32
6	10	29
4	6	23
2	7	23
0	6	90
0	8	91
0	9	91
0	10	91
0	8	90
3	5	22
2	7	22
1	3	20
3	5	22
3	5	21
5	11	32
9	14	34
3	8	22
6	12	31
2	6	23
2	4	20
5	7	22
2	7	23
2	7	22
0	21	90
1	36	84
1	3	21
9	15	37
5	10	30
11	13	36
11	11	36
3	6	23
3	5	21
7	12	30
2	6	20
3	15	90
1	11	91
6	10	31
4	7	21
4	6	24
3	8	23
2	6	22
8	10	31
2	7	21
1	6	20
8	10	30
10	12	35
8	10	30
9	13	35
9	12	33
8	12	32
8	11	30
10	11	35
8	9	27
10	12	34
9	11	34
8	11	32
8	10	31
7	9	26
2	8	24
2	7	24
3	7	24
2	9	26
2	10	25
3	10	25
3	7	25
3	9	25
3	12	27
7	11	28
4	10	26
4	13	29
7	11	28
5	8	24
7	10	27
9	12	36
12	14	35
0	1	78
7	7	30
2	5	22
2	6	20
4	6	24
4	5	23
3	5	24
3	7	23
1	5	20
2	6	22
4	8	24
3	6	24
4	7	24
4	9	32
3	7	23
3	7	32
4	7	27
4	6	24
0	7	91
4	6	26
3	5	20
4	10	23
4	6	23
5	7	26
0	6	23
1	4	20
1	4	21
2	3	20
0	7	90
4	7	30
0	14	87
2	4	24
0	5	90
3	8	24
1	5	20
0	9	91
0	9	89
4	5	31
4	4	26
0	10	90
0	11	91
1	4	30
7	13	28
7	12	27
2	4	21
8	10	30
1	3	20
1	3	20
3	6	21
5	7	23
4	8	25
0	9	81
1	8	90
0	14	91
0	5	91
0	4	59
0	11	89
0	13	91
0	10	87
3	6	22
2	41	91
2	3	20
3	7	25
6	9	30
2	2	23
7	8	26
1	2	23
1	2	21
1	2	20
3	7	22
0	11	90
0	5	90
2	7	21
2	7	21
3	7	21
0	13	91
1	5	22
5	10	25
8	11	30
5	5	27
3	6	24
3	6	23
3	7	22
10	12	35
4	8	26
3	8	24
3	7	23
6	10	26
4	9	25
3	8	21
2	5	30
3	5	23
4	7	25
6	10	25
5	8	31
8	15	36
3	6	24
3	6	21
0	0	21
2	5	21
2	4	22
2	4	20
2	3	24
3	6	24
2	5	21
4	8	24
2	6	22
9	11	33
1	3	21
4	6	25
6	11	31
2	2	24
2	7	24
2	9	26
4	9	31
0	11	90
5	8	25
6	9	27
7	10	32
7	8	28
2	2	21
0	21	90
8	11	32
2	7	21
4	8	30
6	6	30
3	5	22
4	7	24
3	6	24
3	6	23
3	6	22
2	3	23
2	3	25
0	11	90
0	9	91
5	7	23
2	4	20
3	7	22
2	5	22
3	7	24
5	10	24
11	14	37
9	12	33
2	6	21
10	14	37
4	7	23
3	6	24
3	5	24
0	9	24
3	11	25
2	7	22
3	7	23
1	8	72
3	6	22
5	9	27
5	9	23
1	3	21
4	9	24
3	5	22
0	7	90
3	13	25
2	11	24
4	5	24
2	5	23
5	9	25
5	7	25
3	8	25
3	6	23
2	6	22
2	6	22
3	7	22
8	11	31
6	11	25
7	12	31
3	6	21
2	6	20
0	7	90
0	8	91
6	8	30
6	8	25
6	9	25
4	7	23
4	8	25
3	7	23
4	8	25
3	11	26
5	9	25
4	10	25
5	8	24
3	8	24
4	7	24
3	4	22
0	3	23
7	8	28
3	6	23
8	13	32
7	7	25
0	4	21
4	7	22
2	6	20
2	9	24
3	9	23
4	5	22
0	11	91
0	5	91
2	6	22
2	6	21
5	8	25
5	5	24
2	7	21
5	8	31
9	10	27
5	7	30
3	6	22
2	5	23
3	6	24
10	8	27
9	14	32
0	11	90
7	13	31
6	10	30
5	12	27
0	7	91
0	5	90
2	5	21
3	6	23
0	11	91
1	12	91
3	9	25
3	10	24
3	10	24
6	-1	91
6	-1	91
4	7	24
6	10	30
2	7	21
3	6	21
5	11	36
6	8	24
7	6	30
5	8	22
3	7	25
3	6	22
2	8	30
6	10	27
4	6	23
4	7	22
6	7	22
7	11	29
6	8	30
4	10	23
5	9	26
8	11	35
5	10	28
4	6	22
3	6	24
2	10	23
0	5	37
4	7	23
11	11	34
10	11	29
9	11	28
5	8	24
5	10	25
7	12	30
9	13	36
10	12	35
6	9	25
2	6	21
3	8	22
4	9	25
0	8	91
0	6	91
10	9	33
4	9	22
8	13	32
2	6	21
6	9	24
3	6	23
9	14	32
7	8	27
7	10	29
9	10	28
5	10	31
7	7	27
5	8	25
5	10	24
3	7	24
7	11	25
3	7	23
4	9	24
6	14	36
11	11	33
10	11	36
9	10	36
11	10	34
8	10	33
8	12	33
9	10	31
9	9	31
3	8	30
8	12	32
10	11	33
11	13	31
4	8	23
6	8	27
3	7	21
3	3	24
0	12	91
0	11	91
4	9	26
3	8	23
2	7	22
5	10	30
3	9	22
4	10	26
3	7	24
4	10	26
7	11	31
10	10	30
6	9	27
5	10	28
1	10	90
0	11	91
3	10	26
1	8	22
4	8	24
5	8	25
4	5	23
0	14	91
0	12	91
1	5	22
5	13	27
3	7	22
6	11	31
5	8	22
4	8	23
4	8	23
4	7	23
6	7	21
2	4	21
0	3	21
6	6	24
2	5	24
2	3	23
2	3	21
5	39	91
8	11	30
10	12	33
6	11	27
3	5	23
1	5	21
2	3	20
2	4	22
2	4	21
0	5	22
2	9	22
4	6	23
5	9	25
4	7	25
2	4	21
8	18	35
6	8	24
3	8	21
3	7	21
3	8	21
1	5	20
7	11	31
2	5	23
4	5	21
4	9	24
4	10	25
4	9	23
3	8	23
4	7	22
4	8	23
3	8	23
5	9	25
4	9	25
3	7	22
2	7	24
7	12	35
3	7	23
2	3	21
6	11	24
9	12	33
2	8	23
11	16	42
6	10	26
4	12	26
3	3	22
3	6	22
3	7	21
3	7	20
3	5	23
9	12	35
5	9	26
5	8	26
7	11	30
7	8	27
5	8	25
4	8	23
8	11	31
2	5	22
3	5	23
3	7	25
6	10	27
7	12	31
7	12	27
7	11	28
7	11	27
2	6	21
2	8	21
5	7	27
3	7	22
3	7	21
7	10	24
2	6	24
4	8	24
4	6	23
6	7	24
0	36	90
0	33	90
0	-1	90
4	9	24
4	9	23
4	8	25
3	7	24
4	8	23
4	8	23
3	5	23
4	8	22
7	12	26
8	9	31
7	10	32
4	10	30
7	12	31
5	7	23
9	12	30
10	13	32
9	13	31
7	14	30
7	9	31
8	10	30
6	14	32
7	11	29
7	9	28
9	11	32
7	8	30
2	5	21
7	11	28
4	8	24
9	12	33
5	11	30
3	8	24
3	8	22
9	14	35
4	8	22
5	10	30
7	11	27
11	12	32
0	2	21
9	11	35
6	10	25
3	5	23
5	10	27
5	8	30
5	8	28
5	6	24
2	7	23
2	8	24
3	7	22
3	7	22
3	8	22
1	4	21
6	9	25
4	10	25
9	11	30
3	8	25
4	9	26
4	8	25
3	6	22
3	5	21
3	9	25
7	13	29
6	13	32
5	10	30
7	12	31
4	9	30
4	9	27
6	8	31
6	9	26
3	8	23
5	8	23
5	11	23
7	11	31
3	6	20
12	11	38
11	10	35
12	11	39
12	13	41
11	11	34
10	9	37
11	12	32
11	12	34
7	7	27
6	5	30
7	8	24
3	5	23
2	10	23
2	7	22
2	6	21
4	9	24
6	6	26
4	8	25
5	8	26
3	6	24
3	6	23
3	7	22
3	7	22
4	4	23
8	10	25
7	10	30
4	6	22
0	11	91
0	4	90
2	9	22
0	4	21
0	2	21
4	7	23
2	6	21
6	10	25
2	11	30
4	9	25
2	7	22
3	7	21
2	9	22
4	8	25
4	5	25
2	6	22
5	8	33
3	6	26
3	5	26
10	14	34
1	11	90
3	7	22
6	8	26
6	6	26
9	10	32
7	7	26
3	9	23
5	10	25
2	9	22
4	9	25
3	7	23
2	8	22
2	5	26
10	11	32
8	13	34
1	4	22
5	10	25
2	8	27
6	6	25
0	9	90
4	8	23
6	7	24
0	8	90
0	4	90
0	9	90
0	9	91
11	18	90
3	10	24
0	12	91
11	10	37
12	10	34
10	10	34
3	7	23
2	8	22
4	7	24
4	8	22
5	7	23
6	11	28
4	9	25
5	8	24
7	11	31
5	9	27
4	10	27
5	12	28
8	10	31
5	8	27
3	6	22
6	9	35
6	13	32
8	11	27
4	6	25
5	10	30
2	6	23
6	10	26
11	15	34
9	12	30
8	13	28
3	6	22
6	8	30
6	8	31
3	6	23
2	4	22
2	4	22
0	8	90
0	14	91
9	15	34
0	8	91
0	8	90
4	5	23
4	5	22
4	5	24
3	5	22
3	5	21
4	29	91
2	4	21
8	27	90
7	12	31
5	7	24
5	7	22
7	7	31
3	6	23
6	4	25
5	6	25
5	7	23
2	6	22
3	6	21
1	7	20
4	12	31
6	11	30
4	9	31
8	12	34
7	10	32
7	9	30
1	4	22
0	3	21
4	6	22
8	8	30
4	12	30
5	9	28
4	8	24
5	7	25
4	11	25
1	6	22
1	5	21
3	5	34
2	3	20
3	18	91
5	6	25
4	6	25
0	12	24
5	8	24
9	12	32
5	10	32
7	9	26
7	9	27
6	8	30
6	8	27
6	9	29
5	7	25
6	7	30
4	6	23
3	7	25
3	6	26
2	6	25
4	6	25
3	5	24
3	4	28
3	3	23
3	4	23
3	5	24
3	4	23
2	4	22
1	8	91
0	11	91
2	4	22
2	2	21
5	8	26
2	5	20
4	7	25
3	6	25
4	9	31
5	10	24
4	5	24
5	10	25
3	6	22
2	4	23
2	4	22
2	4	21
2	5	22
2	5	23
2	4	25
2	3	22
5	8	26
5	7	25
6	8	26
2	7	25
3	7	23
2	6	24
3	8	25
2	6	22
1	7	22
7	8	27
9	13	33
2	7	23
0	13	91
0	12	91
1	4	20
0	11	91
1	4	20
3	7	24
2	6	21
5	6	21
3	7	22
5	10	26
6	8	24
1	5	23
3	5	22
5	7	32
1	7	23
1	8	23
0	5	21
7	6	23
1	3	21
6	9	30
1	5	22
5	7	23
5	9	24
5	9	26
10	14	34
8	14	31
4	6	24
10	14	36
13	15	40
13	16	40
11	15	38
3	7	23
6	7	27
5	9	25
0	2	25
4	8	24
5	9	25
3	9	24
3	8	24
3	11	22
0	7	25
2	4	21
6	6	24
2	5	22
6	9	30
1	3	22
4	4	23
5	8	26
2	5	21
1	5	20
9	12	34
2	5	26
6	6	24
1	3	20
1	3	21
2	4	21
3	6	22
3	9	23
4	9	31
4	4	31
3	4	21
6	13	33
1	5	21
4	5	27
2	5	21
6	10	26
7	11	30
5	7	25
3	8	23
3	5	23
2	7	23
2	7	22
7	9	32
3	4	21
7	11	31
7	9	28
9	13	33
7	9	28
6	9	26
6	8	30
7	9	26
1	6	23
0	4	22
1	3	21
4	6	21
8	9	26
2	7	21
3	4	21
4	8	22
1	6	22
3	28	90
0	12	91
0	10	90
5	6	27
1	7	23
1	3	23
4	10	26
2	4	21
2	7	23
5	5	24
2	5	21
7	8	30
6	8	26
4	37	89
4	6	21
6	9	27
2	5	23
1	5	20
5	11	30
5	6	24
7	9	30
5	8	24
3	9	26
3	8	21
2	3	22
2	7	23
2	4	22
3	7	22
7	9	33
4	8	22
0	14	90
0	6	91
5	8	25
5	7	23
4	4	22
3	5	23
3	7	22
3	7	23
7	11	31
0	8	90
6	11	31
3	5	22
3	6	25
3	6	22
3	7	22
5	6	23
8	8	26
5	6	21
4	6	22
7	8	25
5	12	30
1	6	27
3	7	24
1	6	22
1	4	24
6	7	25
10	10	35
8	9	30
7	11	33
1	5	21
8	9	28
7	11	30
14	13	36
8	8	28
7	16	34
9	14	33
5	13	30
6	8	27
0	25	90
0	27	90
3	5	20
0	5	90
3	8	22
6	10	31
4	8	21
3	7	22
7	8	26
4	6	22
2	5	22
3	5	21
5	10	26
3	6	21
3	7	23
3	6	24
3	7	22
5	8	24
1	2	21
1	7	22
3	7	21
1	11	23
2	7	24
8	8	26
5	9	26
3	4	23
1	4	21
4	8	22
4	7	22
4	13	26
7	12	31
4	13	25
10	16	37
8	14	34
8	15	34
8	13	34
6	10	27
6	9	31
2	9	24
3	8	21
4	16	31
8	10	27
5	11	27
7	13	29
9	12	30
2	7	21
2	7	20
8	10	30
5	10	26
4	7	24
2	5	24
3	4	23
1	5	21
9	13	32
6	8	29
7	9	30
8	10	31
7	8	26
5	9	27
8	9	27
2	7	20
11	18	37
0	6	61
0	-1	61
6	10	26
3	6	23
6	7	25
4	7	21
2	6	22
2	4	21
5	9	32
4	8	23
2	8	23
5	9	23
5	8	25
3	7	22
3	7	21
4	5	22
1	7	20
8	8	29
10	11	29
10	12	33
10	14	34
8	12	31
2	5	21
5	7	25
3	6	24
4	6	24
3	8	22
8	9	24
8	11	33
8	13	35
5	7	25
2	5	21
5	11	24
5	8	24
1	13	91
0	8	90
7	11	28
6	9	26
1	4	22
8	10	28
6	11	31
2	5	22
5	8	25
2	4	21
3	8	23
0	12	88
5	10	30
3	5	20
7	11	32
7	10	30
7	10	24
5	11	34
6	7	31
3	7	24
7	10	26
3	5	20
4	5	22
4	9	30
4	9	21
5	8	23
5	7	24
8	11	36
8	12	35
6	10	26
3	9	22
2	8	23
4	8	25
3	8	24
7	10	26
1	6	20
3	7	22
0	5	24
3	9	21
2	3	21
2	6	22
2	5	21
9	12	33
1	7	90
1	3	91
0	11	91
0	15	91
4	7	26
4	5	26
3	6	24
4	9	90
8	8	31
6	13	32
5	8	25
2	6	24
0	4	90
0	8	91
5	8	22
3	9	22
2	8	21
4	9	23
10	9	35
9	9	34
11	9	34
0	13	91
1	12	91
4	5	22
11	14	41
4	5	22
0	25	90
5	8	25
5	9	26
8	10	28
7	9	26
6	12	30
7	10	25
8	11	36
8	19	39
2	4	34
8	10	28
4	6	24
3	8	22
6	15	32
4	9	26
4	7	26
4	8	25
4	7	24
5	7	24
7	7	30
2	5	22
3	6	22
6	11	30
0	8	90
0	-1	90
27	34	91
1	4	24
4	6	23
1	7	20
1	7	20
4	5	26
3	8	23
1	4	22
2	2	20
0	10	91
7	10	31
6	8	31
6	8	25
2	7	22
3	9	22
1	5	21
4	7	22
4	8	23
4	5	23
0	14	90
0	8	91
2	7	23
3	6	23
1	6	22
5	11	30
3	6	22
4	7	24
4	7	23
4	5	23
2	6	20
6	9	26
4	7	23
5	5	24
3	5	22
3	6	22
5	8	25
6	8	25
5	8	27
6	9	30
1	3	21
7	9	34
0	4	91
4	6	22
0	10	90
0	8	91
6	7	25
1	14	89
1	15	89
8	8	30
7	15	32
0	27	87
5	9	36
2	6	24
2	6	23
0	4	22
0	4	23
1	5	21
3	7	25
3	5	23
4	7	24
4	8	24
1	2	21
6	7	25
5	7	26
2	3	21
1	4	21
2	7	21
6	-1	91
5	-1	91
5	-1	91
4	-1	91
4	7	25
4	9	30
0	5	91
6	8	27
4	8	24
3	3	21
2	4	21
2	4	20
2	5	23
9	11	37
8	12	35
3	6	22
4	9	25
3	5	22
2	5	24
2	5	25
0	2	22
2	5	22
2	7	23
3	4	23
1	4	20
3	8	24
3	7	23
2	8	24
3	8	23
2	8	21
1	3	20
5	7	25
3	6	22
0	4	21
7	12	30
2	4	20
1	3	21
3	6	24
3	6	23
4	4	23
4	11	34
5	11	30
4	10	30
4	11	31
4	10	30
3	8	22
4	10	27
6	9	30
6	10	30
6	13	30
5	11	31
5	10	27
2	9	24
3	7	23
4	9	25
2	6	22
2	3	22
0	8	49
5	9	30
8	8	32
5	6	26
7	8	25
7	9	26
3	6	25
4	10	24
4	7	23
3	8	22
3	8	23
4	9	23
8	12	33
5	10	24
7	10	30
1	3	21
0	3	22
0	5	21
1	-1	91
0	11	91
1	3	22
2	6	24
4	10	24
5	12	29
5	10	26
3	12	89
2	6	22
3	8	23
9	13	32
6	10	31
2	7	21
2	6	22
7	9	31
2	6	20
1	5	21
3	-1	91
2	8	24
3	5	22
4	6	23
3	7	21
4	9	23
0	9	91
7	9	33
3	5	23
12	11	33
4	7	23
4	7	23
3	6	22
3	6	21
2	6	22
3	7	23
5	10	27
7	9	30
5	11	26
3	10	25
5	10	27
4	7	24
8	10	34
2	5	20
2	5	23
2	6	22
1	4	21
3	6	22
7	8	28
6	8	24
1	5	20
10	10	34
2	4	21
3	6	24
7	8	32
8	12	30
1	10	90
0	16	91
3	6	25
8	14	28
0	11	90
3	6	22
4	6	22
5	9	23
7	10	25
4	10	24
6	15	31
8	9	34
0	1	22
2	2	21
2	5	22
1	4	22
4	7	21
10	11	34
7	9	24
3	6	23
2	3	22
1	3	21
4	9	25
6	7	24
5	8	25
0	4	21
0	4	21
3	5	23
0	3	21
0	12	90
4	7	27
1	5	91
1	4	21
6	6	26
8	10	31
8	8	28
7	8	30
9	13	36
7	9	29
4	8	28
5	4	25
4	6	24
3	7	24
4	6	24
3	7	24
3	3	24
0	6	91
3	7	23
2	6	21
2	7	22
6	6	23
6	9	29
5	8	25
2	4	21
6	11	27
2	9	23
6	10	25
7	10	31
4	7	25
3	8	23
4	5	23
4	7	21
4	6	20
1	4	22
2	7	21
3	6	21
2	6	23
6	8	25
3	8	24
0	13	90
1	5	20
7	10	27
6	9	25
3	5	21
4	5	23
7	11	29
4	9	25
4	8	22
2	8	21
6	8	31
9	11	36
4	6	24
5	12	26
3	8	23
2	4	20
5	9	24
6	9	27
9	11	31
5	11	24
2	4	23
5	8	25
10	14	35
7	10	27
10	11	33
4	8	24
4	7	20
6	8	23
7	11	27
6	7	25
5	6	25
3	7	24
7	10	33
1	5	21
2	8	25
2	7	23
3	6	25
2	7	22
7	10	32
0	3	23
5	8	26
4	7	24
3	6	22
2	7	21
3	7	21
3	7	22
4	7	22
8	8	25
8	10	29
4	5	26
5	9	26
5	14	30
5	11	25
7	7	30
2	5	21
3	6	25
3	5	23
2	7	21
2	6	21
9	10	34
9	11	33
7	11	30
6	11	29
3	6	24
7	11	27
4	25	91
4	27	91
4	27	91
3	6	21
1	5	21
4	8	24
4	10	22
5	8	23
3	11	23
3	7	24
3	6	23
3	8	26
4	6	23
3	5	22
3	8	22
1	5	21
2	7	22
7	12	32
8	13	32
6	14	31
7	10	27
7	9	27
0	3	22
4	7	23
8	11	30
7	4	27
10	10	37
10	10	36
0	25	90
4	6	24
8	10	31
9	10	30
1	5	20
5	8	27
4	8	26
4	5	24
3	8	26
0	34	90
2	35	82
2	6	20
2	5	22
8	13	33
5	10	28
5	8	22
6	8	25
3	6	24
3	6	24
3	6	23
4	6	24
6	9	27
6	9	27
6	9	28
8	10	31
0	-1	91
1	-1	91
5	8	23
4	7	22
11	9	33
9	9	33
9	10	30
12	11	40
2	5	21
3	8	23
4	8	25
4	8	25
0	6	24
3	7	22
3	5	21
4	8	32
3	5	22
6	6	24
4	6	24
4	5	23
1	7	23
3	7	22
5	8	25
8	12	28
2	4	22
2	5	22
1	4	22
1	3	21
4	6	22
5	10	30
2	6	25
3	8	25
7	12	28
3	6	22
0	4	22
4	4	23
5	7	25
6	9	25
0	3	20
4	8	25
3	8	24
4	11	26
4	10	25
6	10	28
4	10	24
5	11	26
6	9	25
7	10	29
5	12	27
4	10	26
5	9	27
8	11	32
2	7	22
3	6	25
7	10	27
8	12	31
5	7	21
1	5	20
3	8	20
5	8	28
6	11	32
6	10	33
5	11	33
6	13	33
3	9	27
4	7	26
2	9	25
3	8	23
2	6	22
3	5	21
4	7	23
6	13	32
4	10	26
5	11	30
4	9	25
4	11	26
4	12	26
4	9	25
5	9	25
5	9	25
4	7	24
2	5	22
1	4	20
5	11	32
2	5	22
7	10	30
7	11	26
3	8	27
5	7	24
3	5	22
9	10	34
1	4	20
3	5	21
3	10	26
3	9	23
2	9	21
4	9	24
6	13	33
7	9	26
1	3	22
1	5	22
7	9	30
5	9	26
4	9	25
1	4	23
1	3	22
0	4	21
0	4	20
0	3	22
1	5	23
1	4	20
4	6	23
3	6	22
1	4	21
1	2	20
3	4	21
1	4	20
9	14	30
6	7	27
5	9	25
5	8	24
6	12	26
3	6	21
2	5	21
7	11	30
3	3	26
2	3	23
3	4	22
3	3	23
6	9	26
8	8	24
5	8	23
7	12	32
6	13	32
9	14	38
11	12	32
9	12	31
9	12	34
10	13	35
8	10	25
1	4	31
4	6	23
0	3	20
0	3	21
3	9	24
4	8	24
4	7	23
10	10	33
0	23	90
5	10	31
3	7	21
6	11	34
4	6	23
3	7	23
2	6	22
3	5	21
5	5	24
4	5	24
1	18	90
0	9	91
0	9	91
4	6	21
3	7	23
2	6	23
3	5	21
3	8	23
6	6	25
4	5	22
3	6	22
2	9	24
2	5	22
3	7	21
7	11	31
5	9	30
4	9	30
0	5	21
6	12	26
6	9	25
3	9	23
4	10	27
3	7	24
0	7	90
4	6	24
4	7	23
2	4	21
2	5	22
2	6	22
2	4	21
1	6	21
9	28	90
3	7	23
6	9	24
4	8	23
3	8	23
0	18	90
2	9	23
1	7	25
5	11	30
3	6	22
6	9	27
3	10	24
4	8	23
3	8	22
4	6	23
3	6	22
5	8	26
2	6	23
2	8	24
3	7	23
2	6	22
3	7	23
9	12	36
9	13	34
8	12	34
7	11	33
9	12	32
8	11	31
7	13	29
8	7	31
8	11	31
2	4	21
6	8	30
1	4	22
3	4	23
3	5	23
2	6	22
0	30	90
3	6	22
1	4	24
0	4	23
3	8	25
2	8	24
1	7	21
3	3	24
3	3	23
1	2	20
3	6	24
5	7	25
3	5	26
5	7	29
5	7	26
4	6	27
3	6	24
0	3	22
5	6	28
1	4	20
3	5	24
3	7	26
1	6	21
3	4	24
5	7	25
4	9	23
2	5	21
5	8	30
4	7	24
2	5	22
2	5	23
1	2	21
3	7	23
8	13	28
0	5	21
5	8	26
3	5	20
0	3	22
10	13	35
3	7	21
6	9	30
3	6	23
3	7	23
2	9	22
5	7	25
9	14	35
3	5	23
3	6	24
3	5	23
4	6	24
4	7	25
4	7	27
5	7	25
5	7	25
5	9	31
1	3	20
7	15	32
0	9	90
0	9	90
4	10	31
3	9	23
1	6	21
1	5	20
4	7	27
3	8	24
4	5	25
5	11	30
6	14	31
5	10	28
1	8	20
8	12	30
9	12	28
5	11	31
4	9	23
3	7	23
4	40	90
6	8	28
2	6	20
2	3	21
5	7	30
9	14	25
2	4	21
4	8	22
7	13	30
10	15	37
2	5	23
3	9	25
3	9	24
4	6	23
3	8	20
3	4	21
1	4	20
2	3	20
1	3	21
5	6	24
0	2	90
0	8	91
0	18	90
4	9	27
6	6	27
3	10	24
2	5	23
3	5	22
8	11	33
9	10	33
7	8	31
7	8	30
6	11	28
3	7	22
3	6	21
3	10	23
5	9	22
3	7	23
1	6	21
3	4	23
1	3	22
1	9	22
2	8	23
5	9	31
6	8	27
6	11	30
6	10	31
4	10	30
4	10	24
2	4	21
2	6	22
12	11	34
3	9	26
2	7	21
7	11	32
3	6	22
2	5	23
3	7	21
4	7	23
3	6	23
2	6	21
8	12	34
3	6	23
2	6	22
2	5	22
2	5	21
0	4	22
0	4	20
0	3	22
4	8	30
3	8	30
5	7	25
5	10	30
3	6	25
3	6	24
2	8	21
0	6	21
8	12	36
8	11	31
4	7	23
4	6	23
4	11	30
2	7	24
2	8	21
7	14	32
6	7	26
8	12	31
7	12	28
9	14	30
6	10	23
4	7	25
7	9	25
3	7	20
4	7	24
1	2	20
9	13	40
8	11	33
2	6	21
3	8	22
1	7	20
2	5	21
2	6	23
2	8	21
2	9	20
2	7	25
4	9	25
2	8	24
3	9	22
2	8	21
2	7	21
10	11	31
4	8	25
3	4	23
8	10	33
6	10	32
6	9	29
4	5	23
2	7	23
1	4	22
4	8	24
4	7	20
0	15	90
0	10	30
4	5	23
4	5	21
2	7	22
3	7	22
2	6	22
6	11	28
3	4	23
2	4	20
7	4	25
7	11	31
0	2	23
2	6	23
11	8	36
7	14	35
6	9	26
9	15	34
9	12	28
4	7	25
2	7	24
2	4	22
4	7	24
5	11	26
1	7	22
2	7	21
3	8	22
2	8	22
4	9	23
3	7	21
7	5	26
8	9	30
7	7	28
7	10	26
0	3	22
7	13	32
7	11	32
3	4	23
0	14	91
0	11	90
5	6	24
1	5	26
4	7	23
0	1	22
2	4	22
2	7	22
0	13	91
5	5	31
2	4	25
2	10	23
2	3	21
1	3	20
2	4	20
7	11	26
4	5	21
2	5	24
6	12	29
7	11	30
5	9	25
2	6	22
3	8	24
2	4	22
7	10	27
1	5	22
0	7	22
4	7	23
3	7	24
1	3	21
6	9	32
7	12	31
3	6	22
0	6	45
5	9	26
7	8	30
1	6	21
2	3	21
2	4	22
0	11	91
1	13	90
6	8	26
3	7	22
3	7	22
3	7	27
2	4	20
7	9	31
7	11	30
1	12	91
1	8	91
6	11	32
3	8	24
0	1	22
6	9	29
5	52	90
1	2	22
8	10	29
6	9	25
6	11	31
3	11	26
8	37	91
0	4	91
0	10	91
0	3	22
0	2	22
0	2	23
3	8	22
7	12	30
2	5	22
7	11	30
5	8	25
4	8	26
1	4	22
3	4	22
6	7	23
2	4	21
3	6	21
5	7	25
4	5	26
5	5	23
0	7	91
0	10	91
5	9	26
7	11	31
7	11	32
8	14	38
8	14	37
7	12	33
6	11	33
5	11	33
5	12	32
6	10	30
5	10	29
6	10	32
5	12	33
1	6	21
7	10	27
6	10	25
6	10	28
5	8	27
3	8	24
5	8	24
9	15	37
9	13	35
9	12	34
8	10	27
4	10	24
2	5	23
0	4	27
6	10	32
4	7	26
3	7	24
5	8	26
4	7	23
3	7	22
2	6	21
1	4	21
6	8	26
7	7	28
3	4	24
0	3	21
9	10	32
3	8	21
3	7	22
9	9	33
2	5	20
4	8	24
2	6	23
1	1	20
4	8	22
4	6	22
4	8	25
0	8	90
0	10	90
5	8	24
2	7	23
4	6	22
4	7	23
1	5	22
3	4	22
4	8	25
1	4	21
6	12	30
2	6	22
5	9	24
6	9	26
1	4	21
5	6	26
9	10	31
2	7	24
5	8	30
4	5	24
1	7	22
4	7	23
0	-1	91
2	2	23
0	6	22
4	10	31
3	6	21
6	8	26
2	5	20
2	7	22
3	8	24
9	14	34
0	21	91
5	8	25
6	8	26
5	8	25
5	8	24
1	4	20
2	5	22
6	10	29
0	20	91
0	2	91
0	5	91
0	2	22
0	10	90
4	10	24
6	9	31
2	4	22
0	8	91
5	7	25
0	11	91
2	6	22
1	5	20
11	11	30
4	8	30
8	14	33
6	11	29
0	7	90
0	8	90
4	6	22
4	7	23
4	8	21
1	6	21
4	7	20
5	7	27
2	7	30
4	7	30
3	6	22
7	11	30
5	9	26
11	14	40
0	4	21
0	7	90
9	12	34
3	10	26
2	6	23
4	10	26
1	4	21
1	7	23
3	10	25
9	11	32
10	11	30
9	6	35
8	7	33
7	6	32
8	6	35
9	9	35
9	10	35
9	14	35
3	7	22
2	4	22
2	5	22
7	8	27
6	8	26
8	10	27
6	9	26
5	7	25
7	9	27
6	10	25
7	13	31
4	14	32
5	9	24
5	10	25
6	11	28
8	8	28
4	7	22
6	8	28
7	10	24
3	6	25
3	5	21
1	6	91
0	2	88
0	10	91
0	10	91
3	8	23
4	9	25
0	13	91
3	8	24
1	4	22
4	8	26
3	10	26
3	8	25
4	8	25
4	10	27
3	7	24
3	6	24
3	7	23
4	8	24
0	10	90
0	10	91
2	7	21
6	7	23
3	8	30
4	8	23
3	5	24
3	5	26
0	2	22
0	2	21
0	1	24
0	3	20
0	2	21
1	5	23
1	4	22
3	8	23
3	8	27
6	7	25
3	6	21
5	7	26
8	7	27
3	9	23
4	4	29
3	3	25
0	12	91
0	8	90
5	8	22
5	8	23
6	8	24
2	6	20
4	6	22
3	8	22
3	8	23
7	10	30
4	6	25
1	4	21
0	4	23
0	3	21
1	6	24
0	5	22
0	4	23
1	4	21
0	5	24
4	7	24
1	23	90
2	6	22
1	3	21
1	4	21
3	8	25
7	8	25
3	7	26
4	9	26
2	4	22
1	6	21
1	11	89
0	-1	90
2	5	22
4	5	25
8	9	25
2	6	20
4	7	24
6	12	33
0	3	20
3	3	22
0	23	90
6	6	25
5	8	25
7	11	30
4	8	22
3	7	24
9	13	33
6	11	32
2	3	23
2	3	22
2	3	22
6	11	24
0	6	29
2	4	20
2	5	21
4	5	23
1	6	22
4	5	21
0	5	22
2	6	23
7	7	26
4	7	22
2	5	21
4	7	23
5	7	26
5	7	24
3	6	24
1	2	21
2	4	22
4	10	31
4	8	24
5	9	32
5	7	25
5	9	24
5	12	28
3	5	22
2	7	22
3	8	24
2	6	21
10	16	36
3	8	22
6	9	32
3	6	23
3	7	22
6	8	24
7	12	31
11	12	34
3	6	24
3	5	22
2	5	22
2	5	21
2	6	22
3	9	22
4	9	23
4	10	24
4	10	24
4	9	25
3	6	25
5	8	27
4	6	24
2	5	23
2	4	22
2	4	21
1	4	20
0	21	91
0	11	89
0	3	42
4	3	25
1	5	21
0	3	91
0	5	91
2	5	21
4	6	22
1	4	21
2	4	21
0	10	91
0	16	90
2	5	22
1	4	21
6	9	31
0	-1	91
0	-1	91
5	7	26
1	6	23
6	13	35
2	6	22
5	12	31
1	4	22
7	9	26
2	6	21
2	8	22
0	4	21
5	10	24
6	9	24
0	8	91
0	7	91
2	5	24
1	4	23
0	4	22
1	3	20
0	3	23
5	10	24
7	8	27
7	9	28
4	6	23
0	8	90
0	5	91
2	5	25
0	6	90
0	15	91
5	27	91
3	8	22
3	3	24
1	3	21
5	8	24
3	6	22
5	7	22
6	10	30
2	5	22
8	10	34
9	10	31
6	8	31
2	3	24
0	13	90
0	13	90
0	10	91
2	6	22
2	6	22
4	5	25
2	4	22
4	4	23
2	4	22
3	3	21
4	9	28
3	5	21
2	4	20
1	4	21
7	12	30
3	7	21
3	8	21
5	8	23
3	9	24
3	5	23
4	8	27
3	7	24
3	7	25
3	8	24
3	6	24
4	6	23
3	5	22
9	15	31
8	13	31
7	7	26
0	6	90
0	7	90
7	10	28
2	5	22
2	7	23
3	7	23
4	6	21
4	7	25
3	7	26
4	7	25
3	6	23
3	7	22
2	2	22
5	10	25
1	4	21
2	9	25
2	5	22
1	8	23
1	3	22
6	10	31
7	7	28
7	12	30
9	13	34
3	3	21
6	35	89
4	11	30
9	9	31
7	7	27
3	6	27
2	6	24
2	6	20
8	9	28
7	8	26
0	1	22
4	8	23
4	7	22
5	13	30
4	11	25
4	8	27
4	8	30
2	7	24
6	6	24
1	2	22
2	6	21
1	6	22
4	10	32
0	5	20
6	9	25
7	12	40
1	4	22
7	9	26
1	5	21
1	25	69
5	9	25
7	8	24
3	6	23
0	26	90
2	6	21
5	7	24
5	8	23
6	11	27
2	4	23
0	3	22
4	7	26
7	11	30
2	9	24
4	5	23
0	34	90
4	5	25
3	5	21
0	9	54
0	9	54
7	9	29
3	3	22
1	4	21
10	10	30
0	10	88
0	5	91
5	10	24
7	12	30
1	4	22
10	12	33
9	14	36
10	12	33
11	10	31
8	10	30
9	13	34
11	12	33
10	11	33
4	8	23
5	10	22
8	14	39
8	7	32
5	7	29
6	8	32
4	6	25
6	10	29
5	8	23
1	6	91
4	8	23
2	4	22
1	6	23
0	4	22
0	3	21
2	4	21
0	4	21
4	6	25
0	5	91
0	4	91
5	12	30
1	6	23
5	8	25
7	8	25
6	7	25
4	6	23
3	6	22
3	7	22
3	6	21
2	6	20
8	6	27
2	5	21
2	6	21
4	7	25
5	9	24
9	11	33
4	8	26
4	10	26
3	8	22
3	5	22
3	5	22
3	7	22
0	7	91
0	2	90
9	11	30
4	8	26
4	8	25
5	8	26
4	6	27
5	6	23
4	6	22
2	8	23
4	4	24
3	8	24
6	9	25
5	11	25
1	6	21
2	5	21
5	11	33
5	13	32
2	4	22
3	4	25
3	5	25
3	4	22
3	6	24
3	5	22
3	5	24
3	3	21
0	9	90
2	23	91
4	6	24
7	13	29
5	6	26
2	7	22
3	8	23
2	7	21
4	6	24
3	7	22
2	6	21
3	6	21
3	5	23
3	7	21
4	7	24
1	1	21
8	12	31
2	6	23
5	12	31
3	9	25
7	11	31
3	3	22
6	6	26
6	6	25
0	11	91
0	10	91
6	13	30
4	10	29
0	6	20
2	5	22
1	6	20
8	13	32
6	11	31
7	10	35
5	8	27
5	7	27
7	9	27
8	11	34
6	11	32
7	9	29
6	7	30
5	9	26
1	16	91
3	7	22
4	7	23
1	4	22
6	11	26
2	4	22
1	3	21
7	9	27
1	4	23
1	4	22
6	9	27
1	4	20
3	9	24
3	8	21
4	9	27
11	13	34
6	9	26
2	21	89
6	13	34
4	7	24
2	6	24
1	3	22
9	11	32
6	8	26
4	5	23
3	3	22
4	5	22
4	8	26
3	6	20
5	8	33
3	6	23
6	10	26
7	9	25
5	6	23
5	9	24
4	6	21
3	8	22
2	5	21
2	5	21
2	4	23
3	7	22
2	5	22
0	23	89
10	13	33
5	5	23
0	13	90
0	11	90
12	36	90
5	7	26
4	7	26
2	9	23
2	8	24
2	6	24
3	10	25
2	5	22
3	7	23
4	6	24
3	8	23
2	6	21
2	6	22
4	5	24
0	10	90
6	12	33
6	8	25
2	6	20
2	5	20
8	8	31
5	7	26
5	12	26
4	9	28
5	9	26
4	7	31
4	4	20
3	9	26
1	5	21
2	5	21
1	6	22
3	4	21
1	4	20
6	9	31
3	7	24
4	7	21
4	6	22
6	9	25
2	5	22
3	5	22
17	16	48
3	7	25
3	6	22
3	9	24
2	9	27
3	8	24
3	8	23
3	9	26
4	11	28
3	9	25
3	8	25
0	12	90
0	12	91
3	9	25
3	8	22
4	11	27
6	7	25
1	3	21
3	5	21
3	4	21
1	2	22
2	3	23
4	3	23
5	6	24
8	8	29
1	4	22
0	13	90
4	8	23
3	10	23
5	6	25
6	9	31
6	7	30
10	12	41
5	7	23
2	8	22
2	6	21
2	8	21
3	6	21
3	6	20
1	5	89
1	-1	91
4	11	23
2	5	22
2	6	21
3	6	22
7	8	26
0	10	91
6	6	24
0	11	91
3	6	24
3	4	23
2	6	22
5	7	26
4	7	24
3	7	23
5	11	25
4	7	24
6	8	30
7	7	27
5	6	32
7	7	27
0	11	91
5	13	31
4	6	22
0	-1	91
3	7	31
0	12	90
0	3	21
2	6	24
2	6	23
2	5	22
3	6	25
0	5	21
0	6	90
0	14	89
0	17	91
3	7	22
1	5	23
1	4	21
5	9	26
2	3	21
3	4	22
3	4	22
5	12	30
5	9	26
3	7	25
4	9	30
0	8	91
1	4	21
6	8	28
6	8	27
4	6	24
5	9	30
4	9	23
10	12	34
7	10	29
2	7	22
3	7	25
0	4	25
4	10	32
4	6	24
0	-1	90
7	11	30
6	12	32
6	10	31
5	12	30
3	7	22
8	11	29
0	8	91
5	5	30
2	7	22
2	7	21
3	6	23
1	3	21
1	4	22
6	8	27
6	7	24
6	7	26
7	9	28
2	5	23
1	9	22
3	5	23
5	7	23
3	6	21
10	9	32
5	9	32
1	6	21
1	4	21
3	5	22
4	7	25
3	7	21
7	18	35
9	11	28
9	11	34
9	10	31
2	6	23
2	7	23
3	8	24
1	5	21
1	4	20
6	7	28
4	7	30
7	9	31
5	8	25
2	12	25
4	5	23
3	6	21
3	6	23
4	6	22
7	11	26
6	9	26
5	10	30
4	7	25
3	6	22
3	7	22
2	6	21
0	13	91
5	6	23
3	3	22
4	8	24
2	3	22
3	4	24
4	6	23
2	4	22
3	4	23
1	4	21
4	8	26
8	7	30
6	6	24
4	10	25
3	7	22
3	8	22
2	6	21
1	3	22
0	8	91
0	5	60
0	12	90
7	13	33
1	5	24
6	7	25
6	9	30
4	8	30
4	8	24
5	12	27
4	9	27
3	6	21
6	9	24
5	10	23
5	8	22
3	7	20
4	9	24
4	7	21
3	7	23
6	9	28
4	6	21
3	7	23
2	6	22
5	7	25
6	7	26
2	7	22
1	4	22
3	5	22
3	5	21
2	4	22
0	3	20
7	11	32
5	12	30
9	13	31
3	7	22
3	7	23
1	3	20
1	4	21
3	12	90
0	7	90
1	6	22
1	20	90
5	12	30
2	4	21
0	5	91
3	8	21
3	6	22
7	10	25
5	9	26
8	11	32
4	8	22
5	6	24
4	14	32
10	12	34
8	11	33
0	4	91
1	7	89
0	16	89
2	7	22
2	6	21
4	7	25
1	7	20
0	3	90
0	11	91
11	11	37
9	10	36
5	6	25
6	8	27
5	9	25
2	6	20
2	6	22
0	10	91
1	5	91
5	10	30
7	10	27
3	5	27
3	6	26
4	6	25
3	5	24
3	6	23
3	6	23
4	8	26
4	5	23
4	6	25
4	7	24
5	9	33
3	9	30
6	9	30
3	8	26
2	9	22
4	9	22
6	7	27
3	6	22
3	7	23
2	6	22
2	3	21
3	8	23
5	9	30
6	6	30
3	7	22
0	14	91
1	0	22
5	6	22
5	6	21
8	10	32
3	3	23
1	3	20
2	3	21
7	8	31
0	7	91
0	8	91
7	10	24
0	6	21
1	7	20
3	5	21
0	8	91
0	10	87
4	6	22
0	11	91
0	10	91
9	8	30
5	8	22
0	10	90
5	6	31
5	8	30
4	8	24
4	8	26
4	7	25
3	6	27
2	6	25
3	5	24
3	5	23
0	4	21
1	6	20
6	15	33
7	11	29
6	11	25
5	4	24
3	6	24
2	7	21
3	8	22
4	6	22
7	11	34
3	8	23
2	7	25
3	5	23
1	4	20
0	2	23
0	3	22
3	8	23
3	7	21
5	7	23
4	7	21
4	12	27
5	9	26
5	5	24
5	5	25
0	14	87
3	7	24
3	7	23
3	8	22
4	8	25
3	8	24
5	10	30
4	10	24
6	9	28
5	8	26
5	9	29
7	11	26
1	5	24
1	6	24
7	6	25
4	7	30
5	9	30
4	5	21
0	7	20
7	8	26
2	6	20
8	6	31
0	3	20
8	11	30
8	12	32
5	10	30
1	6	20
4	7	24
5	8	25
1	3	21
2	3	22
2	1	22
4	4	25
8	12	31
2	4	21
2	8	24
2	5	21
4	5	24
5	8	24
5	10	31
3	7	24
5	8	22
9	11	33
2	5	22
3	5	23
4	8	22
8	8	30
1	4	22
0	7	90
0	8	88
5	8	24
2	26	91
1	24	91
0	10	90
6	9	26
7	9	29
0	4	21
6	7	25
8	8	29
3	8	30
3	8	25
4	10	28
4	8	22
0	16	91
1	6	90
4	7	21
0	1	75
0	2	21
3	7	23
5	7	25
3	4	22
5	6	24
2	5	22
4	6	23
4	5	30
3	6	22
3	4	24
0	4	75
3	6	22
2	7	24
3	5	21
3	5	24
3	5	23
3	5	22
9	10	30
9	11	34
7	5	26
2	5	21
0	6	21
2	5	23
2	5	21
2	29	91
4	-1	91
0	4	21
3	4	24
2	3	24
4	6	24
0	13	91
0	10	91
2	1	21
2	8	21
0	7	91
0	6	91
3	4	23
6	27	90
5	26	90
7	9	27
4	11	26
6	11	32
0	17	90
5	8	25
8	14	33
8	11	28
3	13	34
9	10	29
0	10	91
3	6	22
8	8	32
3	5	23
3	6	22
3	6	26
3	5	24
3	6	23
2	4	22
2	4	21
3	5	26
2	3	21
6	10	32
1	3	20
1	2	20
6	7	23
7	11	29
8	14	35
3	6	23
2	10	90
0	12	91
8	10	29
2	6	22
7	12	26
7	10	29
6	12	30
6	9	25
3	7	21
5	13	30
2	6	21
10	14	36
3	11	24
5	8	27
3	6	22
6	6	33
6	11	34
3	5	24
4	5	23
3	5	23
1	5	23
0	5	23
2	5	23
1	5	22
1	6	21
3	7	23
5	10	30
5	10	27
8	10	28
7	9	26
6	8	26
6	8	24
1	6	24
1	5	20
4	5	23
4	12	25
3	8	23
3	7	25
4	6	24
9	11	35
8	10	32
3	4	22
3	5	20
0	3	79
0	5	91
3	3	22
3	5	22
6	12	30
1	5	22
3	7	23
7	12	34
5	8	23
3	7	20
1	7	91
0	3	21
2	6	23
8	11	30
2	6	21
4	6	25
2	7	22
3	8	23
3	8	24
4	7	26
4	9	26
3	8	24
2	7	22
3	7	22
0	9	90
3	7	20
6	9	27
0	11	90
0	7	90
1	5	20
7	9	29
3	7	24
0	11	83
0	9	83
4	7	22
4	8	23
3	6	21
3	38	91
3	6	23
2	6	25
3	5	21
4	8	25
5	7	23
3	5	22
3	6	24
0	8	90
0	9	37
3	7	20
4	7	30
6	9	33
4	9	30
1	6	22
3	6	20
7	10	31
5	10	31
5	11	31
3	6	23
4	9	24
2	5	23
1	5	22
2	5	22
2	6	22
3	6	24
1	3	24
6	9	27
7	13	33
7	9	25
0	8	20
1	3	23
3	7	22
5	7	25
0	9	90
0	17	90
2	6	22
6	6	25
0	5	44
0	6	21
2	6	22
3	5	20
4	6	22
6	9	27
2	4	20
4	7	30
2	11	24
2	7	26
2	9	23
3	11	25
2	7	23
3	9	26
5	7	23
4	9	24
3	9	24
3	9	23
5	8	25
3	7	24
2	4	22
2	5	24
3	5	24
2	5	22
3	5	24
3	7	24
4	6	25
5	7	25
4	8	24
5	9	27
4	8	26
0	2	21
4	6	23
2	5	23
5	8	24
3	8	24
4	7	22
2	8	22
2	6	21
2	8	22
1	4	22
3	5	24
4	5	23
3	5	24
1	5	22
1	4	20
5	9	32
0	3	20
6	11	30
3	5	23
4	7	24
1	3	21
1	4	22
1	5	90
2	7	21
2	7	20
2	5	20
2	4	22
4	7	23
1	6	22
1	8	90
1	8	91
8	9	30
8	10	28
5	8	25
3	8	25
3	7	22
3	6	21
5	8	25
3	7	24
4	7	27
3	5	24
4	7	26
5	9	30
6	9	30
7	8	30
7	10	32
8	9	31
5	9	30
6	9	31
2	29	90
5	8	24
5	6	23
4	5	24
4	8	25
3	7	25
1	7	24
1	5	23
1	6	23
0	4	23
1	5	21
2	4	21
0	3	22
5	7	25
5	27	91
3	10	24
2	2	26
2	5	20
4	5	24
5	4	22
2	4	21
0	9	82
3	7	23
6	9	25
7	9	29
0	-1	90
2	4	23
8	9	30
4	9	24
3	8	23
6	8	25
5	10	27
1	4	21
0	11	91
2	5	21
3	6	24
4	7	24
9	13	30
0	8	91
2	4	21
0	3	21
1	2	21
4	8	24
3	7	24
3	7	21
3	6	21
3	9	24
4	9	25
4	9	24
7	10	28
7	7	26
7	10	28
3	7	21
7	8	30
4	8	23
6	9	25
7	9	26
4	7	20
4	7	21
4	6	24
5	5	24
3	59	91
4	8	26
4	8	24
8	10	28
8	11	27
6	11	30
6	9	24
7	11	30
3	7	22
3	6	20
2	6	20
0	9	89
2	4	22
4	8	24
0	7	89
0	4	89
0	10	90
3	11	24
5	7	22
4	6	21
7	8	32
8	8	33
8	6	29
8	6	27
7	5	26
4	7	26
6	7	23
7	12	30
3	5	22
3	8	20
4	8	25
5	9	26
4	7	23
3	9	24
4	6	22
0	4	21
12	14	35
3	7	22
0	3	21
6	8	26
3	8	25
3	7	23
3	7	23
6	7	28
6	9	30
2	5	22
3	8	21
3	8	23
5	6	25
4	8	23
3	9	24
5	12	33
4	8	24
3	6	21
3	5	24
5	9	26
5	6	25
3	4	24
2	4	23
7	7	26
1	3	22
7	11	36
4	6	23
0	10	91
5	7	30
6	10	26
0	8	90
0	14	89
5	7	23
0	5	21
4	10	28
3	6	23
2	9	22
2	8	21
2	6	22
2	5	23
2	6	24
3	6	25
2	8	24
11	16	36
10	11	33
0	1	22
1	5	21
2	8	23
3	9	24
3	10	23
5	8	26
5	9	24
4	7	23
3	9	24
3	8	24
2	6	21
5	8	25
3	6	21
5	12	33
5	7	25
4	7	22
0	40	90
4	7	22
3	7	22
3	7	21
6	6	35
1	5	23
4	5	23
4	8	24
6	9	25
2	2	21
2	7	22
6	10	26
9	10	30
5	9	26
4	5	22
0	3	26
9	9	31
8	11	32
6	8	23
2	7	21
1	7	20
3	6	22
2	5	21
5	8	28
6	7	28
2	7	21
3	7	23
8	13	34
3	8	21
2	6	21
6	10	26
6	10	24
0	7	23
0	4	21
8	12	28
9	12	30
9	10	28
2	3	30
8	10	27
6	9	26
6	9	26
4	5	24
3	8	23
3	8	22
3	9	23
5	8	26
5	6	30
5	7	25
4	8	25
8	9	24
0	16	65
0	2	22
0	3	21
0	2	23
1	2	22
4	6	23
5	6	28
5	7	26
4	6	24
3	5	22
3	5	21
6	7	26
6	6	23
5	10	24
5	14	28
2	7	20
2	5	21
6	7	24
3	8	21
2	4	21
7	8	30
8	9	29
3	5	22
6	10	26
5	10	30
3	7	23
3	7	26
2	6	22
6	10	26
6	9	25
5	9	23
7	10	30
12	17	39
9	16	34
9	17	39
10	15	38
10	15	38
12	16	37
8	14	34
8	15	37
8	15	36
5	10	31
3	7	22
6	6	26
7	8	32
7	11	31
7	11	28
6	12	27
4	7	24
6	9	30
10	10	32
6	9	25
9	10	31
6	9	25
2	9	21
6	7	26
2	7	22
12	11	38
7	13	28
4	6	23
2	12	25
9	11	30
5	8	24
9	12	36
6	7	29
7	10	30
6	11	26
4	7	24
3	6	22
2	5	21
2	8	23
4	9	24
9	10	40
7	9	26
10	15	36
10	14	34
2	6	21
3	8	22
2	7	21
5	10	32
8	12	30
9	29	90
5	11	27
8	15	36
1	5	22
1	6	21
0	6	21
1	6	22
8	11	33
7	7	27
2	6	22
3	7	22
3	8	23
3	6	20
1	7	20
4	22	91
2	20	91
1	4	20
6	7	25
6	9	28
11	14	37
9	17	35
4	6	23
3	5	23
6	10	26
2	7	22
6	8	26
9	14	32
4	6	22
4	10	24
6	9	32
6	11	32
4	8	21
10	11	32
3	5	22
3	8	22
3	8	23
3	10	24
4	6	24
7	10	29
5	8	26
2	6	20
5	5	24
1	8	20
3	9	24
5	8	27
4	8	25
1	5	21
2	4	23
2	6	20
2	5	21
3	5	23
7	8	26
3	8	23
0	4	91
0	9	91
5	12	31
6	9	26
5	7	22
3	6	22
4	7	24
5	8	25
4	6	21
5	9	30
5	9	23
7	10	31
4	9	25
6	8	28
4	7	24
3	5	21
3	8	22
2	9	23
3	9	24
3	7	21
4	5	24
3	3	23
3	8	27
2	6	21
3	6	20
4	7	22
0	4	91
7	10	33
0	11	91
1	7	22
3	8	23
3	6	20
4	7	22
9	11	34
9	10	33
9	11	37
9	7	35
8	9	34
10	10	39
2	6	22
4	5	22
0	16	90
4	7	25
6	11	31
3	5	27
8	9	26
0	12	90
0	11	89
7	6	34
3	6	27
2	6	21
1	5	20
0	-1	61
7	11	33
1	5	20
6	9	27
3	10	28
4	9	26
3	10	24
2	4	22
3	4	21
0	4	21
0	3	22
5	8	30
2	4	20
3	5	23
7	11	28
0	6	91
2	5	23
1	6	22
1	3	22
3	7	26
2	5	25
1	4	23
3	4	24
2	4	22
0	18	90
0	8	91
1	4	22
0	8	89
0	8	91
3	8	30
9	7	32
3	5	22
4	9	30
3	3	21
3	3	22
2	3	23
4	3	23
1	1	20
2	7	21
7	14	32
3	7	24
0	5	90
4	5	23
3	8	24
5	5	24
3	6	22
4	9	31
4	7	24
2	7	23
6	9	32
2	7	22
2	6	23
0	8	90
0	8	91
10	10	34
2	7	20
4	7	22
3	4	22
5	5	25
2	5	21
2	4	23
9	14	29
8	11	29
4	6	23
8	13	31
10	13	36
8	11	33
7	11	28
7	11	27
10	14	31
2	30	90
0	19	90
5	7	24
8	10	35
0	10	90
0	11	90
4	10	31
4	10	31
2	7	24
4	6	26
2	5	21
0	14	91
0	9	91
4	6	37
7	8	28
7	10	28
9	10	29
10	10	30
3	3	25
1	5	21
5	5	25
2	6	21
4	8	24
5	7	23
1	21	91
0	20	90
1	21	91
4	6	22
4	6	21
3	8	25
4	8	26
2	4	23
2	4	22
4	9	24
7	12	31
11	10	36
2	9	26
3	8	23
1	5	22
2	4	21
3	7	23
6	8	26
0	6	64
0	6	64
3	5	24
7	15	36
8	9	27
5	13	34
4	12	30
6	13	31
4	9	24
5	9	25
4	10	25
0	2	22
3	6	21
0	12	91
0	12	90
4	5	25
8	12	30
3	7	23
3	7	23
3	7	22
2	5	22
2	4	22
3	7	26
3	4	22
2	4	21
1	8	23
1	3	20
2	2	22
5	10	32
2	5	21
2	4	23
6	11	32
0	-1	90
0	14	90
1	9	23
1	7	23
4	7	25
6	8	28
4	7	26
2	6	23
6	9	32
2	6	23
4	7	27
1	6	20
2	6	21
1	6	21
2	6	22
2	6	21
0	7	90
0	6	91
0	3	21
8	11	33
10	11	37
5	6	25
0	6	90
4	5	26
2	5	22
4	7	27
9	11	34
1	6	20
1	5	90
0	14	91
0	13	90
8	11	32
0	12	91
8	14	31
7	11	26
4	6	23
3	5	24
3	5	21
4	10	25
4	8	25
8	10	30
1	6	22
3	10	22
5	10	25
4	10	24
3	11	25
3	11	23
3	11	23
3	10	22
3	10	21
3	9	20
2	4	25
1	5	21
3	7	22
6	6	26
3	5	22
0	11	89
0	15	91
0	3	34
1	29	90
0	30	90
3	6	21
4	6	24
6	9	32
1	5	20
4	5	22
0	13	91
4	8	26
3	7	21
2	4	20
3	5	22
0	9	90
2	7	24
8	13	32
7	9	29
2	5	22
2	7	24
3	8	24
3	6	23
6	9	24
5	8	23
2	3	22
2	5	22
3	5	22
3	4	23
8	11	36
8	10	33
3	6	22
3	5	20
6	10	30
4	5	23
2	7	24
4	7	27
5	8	26
9	10	34
7	9	32
5	7	26
7	8	27
7	9	32
6	8	27
5	6	24
2	4	22
3	8	22
2	6	23
3	6	22
4	8	28
1	9	90
4	7	21
6	8	27
5	9	28
2	6	23
9	9	33
5	6	24
0	4	22
3	5	22
0	10	89
0	8	90
3	3	27
0	6	90
3	8	23
3	7	23
2	5	20
2	6	21
1	2	21
0	26	90
0	23	90
0	24	90
0	25	90
0	25	90
0	25	90
1	11	91
2	7	21
2	6	21
2	4	20
5	7	25
3	6	22
3	6	22
4	8	23
3	8	22
3	8	23
3	7	22
3	6	21
2	6	20
0	3	22
3	4	23
2	6	23
2	7	25
2	6	24
5	6	26
6	8	26
1	1	62
5	10	29
5	6	24
1	8	21
5	7	26
4	8	22
5	9	33
7	9	31
5	10	25
0	9	91
0	13	91
0	18	90
7	10	26
6	13	30
6	12	30
7	10	28
7	9	27
4	7	30
3	6	25
0	16	91
0	14	90
3	6	25
8	10	29
7	11	28
4	5	25
1	2	20
1	4	21
5	8	30
4	7	26
3	5	23
3	8	23
7	8	25
0	10	91
0	12	91
5	9	26
3	6	21
1	3	21
0	5	22
5	5	25
6	7	30
3	6	22
0	23	90
4	9	23
4	8	23
6	10	31
3	5	21
3	6	24
0	6	22
6	7	25
5	6	30
2	5	31
6	8	26
5	7	25
0	1	24
4	8	23
7	12	26
1	4	21
2	6	23
0	12	89
1	10	90
3	5	22
7	12	30
8	11	31
1	3	22
2	3	26
1	3	24
0	4	25
0	2	22
0	8	90
2	5	22
3	4	23
2	4	21
4	9	27
9	8	31
0	3	20
6	9	27
1	2	20
2	6	20
4	25	91
5	8	23
1	4	22
2	7	22
5	9	31
1	3	20
3	5	20
5	8	23
9	12	29
7	7	30
2	6	22
5	9	27
0	4	23
2	5	23
1	5	24
3	10	25
1	6	23
0	11	90
0	13	90
4	6	23
7	10	31
4	10	23
6	7	28
4	8	25
1	12	91
4	5	23
3	7	23
3	6	20
3	7	24
2	8	26
3	6	21
0	8	78
1	3	20
8	6	34
3	4	23
3	5	21
0	50	90
6	8	25
4	8	24
2	6	23
2	5	22
3	4	22
6	8	26
1	9	23
3	8	21
6	11	26
5	11	25
4	11	30
3	8	23
2	7	23
3	8	23
2	7	22
7	7	25
4	5	22
2	6	20
0	17	91
0	8	91
9	13	34
7	8	24
4	8	25
0	7	90
6	9	29
0	5	88
0	9	90
8	11	31
7	10	28
9	14	31
9	12	29
3	6	21
5	8	23
2	6	22
2	5	21
0	3	21
0	1	23
9	5	29
1	6	22
1	6	22
3	4	22
5	10	25
3	6	22
2	5	22
7	11	32
0	6	44
0	5	36
3	5	23
3	7	31
6	8	24
4	5	23
8	9	26
2	6	23
3	6	22
6	11	30
0	1	21
2	5	22
4	7	22
4	7	23
3	7	20
0	2	23
0	10	91
0	15	91
1	28	91
4	6	24
3	6	23
4	10	27
5	9	30
3	9	22
2	6	22
11	5	39
5	11	23
2	3	24
0	8	90
0	17	91
2	4	25
1	5	20
5	6	26
2	5	23
7	12	31
7	6	26
1	5	20
0	3	21
2	4	21
2	4	20
3	6	24
2	4	22
5	9	27
2	6	21
5	11	30
6	12	31
2	3	22
8	11	29
4	8	24
3	7	24
4	7	24
3	7	23
3	6	22
7	13	32
5	6	25
3	6	22
3	7	22
3	6	22
4	6	25
3	6	22
2	6	22
0	3	21
6	10	30
8	13	30
2	5	23
8	11	31
1	6	21
7	12	35
7	11	31
3	8	24
6	12	32
0	13	90
0	16	91
1	5	20
10	11	33
9	12	33
9	12	30
5	9	33
4	6	28
4	8	23
3	7	21
9	15	32
1	5	22
3	6	21
1	4	23
4	6	25
0	4	24
4	9	26
2	6	24
5	7	26
5	6	24
7	8	26
2	4	21
0	5	91
0	8	89
2	5	21
0	16	91
0	5	91
6	9	23
3	6	24
8	10	29
8	11	33
1	15	65
3	9	23
0	5	22
1	4	20
4	6	27
6	9	24
2	8	23
2	6	22
2	6	24
0	3	21
3	6	23
5	9	23
9	14	35
4	7	24
1	7	22
2	6	21
1	8	22
2	7	22
2	5	21
5	10	32
3	8	21
1	4	21
6	9	24
0	4	22
10	14	35
9	12	32
5	8	27
2	6	22
7	9	31
4	8	26
6	12	30
3	7	23
4	10	30
2	7	24
2	3	25
2	3	23
7	7	30
5	6	24
4	7	24
3	6	21
6	14	27
3	7	22
2	7	21
3	7	23
2	6	22
2	6	22
3	6	23
1	5	22
4	7	24
3	6	24
0	10	90
0	7	91
4	6	23
2	6	23
2	6	21
1	5	20
3	8	21
6	10	31
4	7	26
3	6	24
3	6	25
0	7	91
2	5	20
2	5	21
10	11	33
8	11	30
3	7	22
3	5	24
0	12	91
3	6	23
1	5	22
3	3	21
0	9	90
4	4	23
3	6	22
1	5	24
0	3	22
3	5	22
2	5	23
1	4	22
1	4	21
0	4	22
0	2	22
4	8	22
3	6	22
5	8	24
7	10	28
6	7	25
7	9	27
0	24	90
0	7	91
0	7	90
6	10	36
9	8	32
9	8	32
9	8	30
0	7	91
3	7	23
4	7	22
1	7	20
1	4	23
2	5	24
1	4	22
4	5	24
3	5	21
9	9	33
9	9	31
7	8	31
7	10	32
0	6	91
0	6	91
11	13	37
2	19	77
1	2	22
1	2	23
1	2	21
4	7	23
7	12	33
2	5	20
3	7	23
3	6	21
4	7	24
3	6	22
5	12	30
0	39	90
1	4	21
0	3	20
1	3	21
6	9	25
0	12	90
0	7	91
1	5	22
4	8	22
5	8	26
8	9	32
7	8	31
8	8	30
6	9	25
6	9	25
5	8	24
4	6	25
7	12	28
0	12	90
3	9	24
2	8	22
3	8	23
3	8	22
2	6	22
3	7	21
9	13	32
7	9	26
4	11	30
2	5	21
7	10	26
6	7	27
6	6	25
3	9	25
5	9	24
1	4	21
2	7	22
2	5	21
6	9	24
0	5	23
8	10	30
5	10	29
8	10	31
6	12	28
7	12	32
9	12	32
7	10	29
5	7	25
4	10	28
10	46	91
4	7	24
4	6	23
5	6	23
5	11	30
2	7	22
9	11	29
4	10	23
3	23	91
4	6	23
4	9	24
2	6	21
12	12	39
8	10	30
7	8	28
8	11	27
2	6	22
4	7	23
2	12	24
2	11	23
3	10	22
0	5	22
1	4	24
2	8	23
8	12	30
7	11	33
0	3	21
3	8	22
2	3	23
3	3	24
2	3	22
2	5	21
3	7	23
6	7	30
4	9	23
4	9	23
1	7	22
9	10	33
5	11	30
2	6	21
2	4	21
6	9	25
2	5	21
1	3	20
7	10	30
7	7	31
8	10	31
3	7	22
5	9	27
4	8	23
2	5	22
2	5	21
1	5	20
2	5	21
3	9	22
0	8	91
5	10	24
0	9	90
2	14	91
3	6	23
6	6	25
3	3	24
2	6	20
4	8	25
6	7	26
3	4	22
3	3	23
3	4	22
3	4	23
1	2	22
10	12	34
6	12	33
6	11	30
4	9	25
4	5	23
5	7	23
4	7	21
5	12	30
6	11	30
5	9	26
0	8	91
3	6	23
3	10	27
4	9	24
5	13	33
2	5	22
5	11	28
3	5	21
0	4	26
4	7	22
3	4	21
0	-1	90
8	12	30
2	5	23
1	3	21
1	3	21
4	23	89
4	6	24
4	7	26
4	7	26
3	7	24
3	7	23
0	4	56
6	9	27
7	6	25
4	8	24
4	6	23
7	11	32
2	4	21
3	6	21
2	7	22
3	6	23
3	8	24
5	7	24
6	8	27
1	-1	90
2	5	21
3	10	26
2	2	21
5	8	26
6	8	24
0	11	91
1	2	21
8	14	34
9	13	32
8	11	30
5	8	26
0	9	91
3	7	23
4	7	23
3	7	26
3	6	24
3	6	23
4	4	24
0	3	22
6	8	32
2	6	21
7	9	31
1	4	21
0	4	21
5	7	26
8	9	26
10	11	34
3	8	25
2	3	21
0	19	90
4	6	23
3	5	24
2	5	23
1	4	22
5	7	28
2	6	23
0	22	91
0	2	66
4	8	29
3	6	22
4	8	42
3	6	22
1	6	23
2	5	23
2	6	21
0	4	20
6	7	24
0	3	23
0	33	90
0	33	90
5	7	31
3	5	23
3	7	23
3	8	25
1	6	21
5	7	23
5	9	30
25	28	90
0	32	90
4	7	25
6	6	25
5	6	24
3	7	22
3	9	27
2	7	22
2	6	23
2	10	24
0	8	91
10	9	34
5	5	25
0	3	21
3	5	23
0	10	90
0	10	90
2	4	22
0	3	21
6	6	30
3	7	23
3	6	23
8	8	30
7	9	27
6	8	25
8	8	31
8	8	29
8	8	31
2	3	21
3	12	91
2	3	23
4	7	25
3	5	23
0	11	91
0	9	90
2	7	21
2	4	20
1	7	51
0	11	91
1	5	21
2	8	33
0	9	91
3	5	21
0	0	20
7	8	26
4	6	25
0	3	91
0	1	90
7	7	27
4	7	26
2	6	24
0	11	91
3	5	20
9	7	33
2	6	24
2	6	23
3	6	24
1	2	21
1	6	21
2	5	23
2	4	20
4	6	26
4	5	24
0	-1	50
0	3	50
9	11	31
9	10	31
9	10	30
11	12	37
2	6	22
7	8	30
1	3	21
1	24	90
0	10	89
3	5	24
0	7	21
8	11	33
0	13	90
1	12	91
3	6	22
7	11	28
1	7	22
1	6	21
4	5	21
2	6	20
0	3	20
2	4	20
2	5	22
6	8	25
6	7	25
8	9	32
5	9	30
1	8	86
1	-1	86
2	4	21
4	6	25
6	6	24
6	7	24
6	8	26
7	8	27
1	7	90
4	7	24
4	8	27
6	6	25
6	11	30
5	10	30
6	10	34
6	8	28
2	6	21
4	6	24
4	8	24
2	5	20
1	4	24
2	5	22
4	7	25
4	7	22
0	11	91
3	5	23
3	5	24
0	7	90
0	9	90
0	7	91
8	9	31
3	6	22
1	3	22
2	11	91
0	6	20
2	7	24
3	6	22
2	4	23
1	4	25
0	4	21
7	12	36
1	4	22
1	6	22
4	5	25
4	9	22
3	7	23
1	7	21
2	8	22
0	8	90
2	6	23
2	6	23
2	3	21
4	7	23
2	4	22
7	13	33
0	9	90
0	9	91
2	5	24
2	5	22
6	7	23
3	8	24
1	2	21
2	6	23
3	6	20
0	10	67
0	12	67
3	3	22
2	3	22
5	8	25
9	10	31
2	5	20
7	11	28
0	5	23
0	4	22
5	7	24
6	7	26
5	6	24
2	6	22
1	6	22
5	6	26
3	4	25
2	3	21
3	8	30
3	9	23
5	10	31
4	5	23
1	4	20
6	8	30
0	12	91
0	1	20
2	3	21
8	13	27
2	6	25
8	12	30
0	11	91
0	6	21
0	5	20
3	7	30
1	7	22
3	6	20
2	4	21
0	-1	91
1	3	21
3	9	23
2	3	22
6	8	24
0	5	22
6	9	26
2	7	24
7	10	29
3	7	23
5	6	27
4	9	26
6	9	25
4	10	25
5	8	24
1	6	22
5	10	30
2	4	26
2	6	20
4	7	23
0	7	91
7	9	32
2	4	20
2	7	21
2	6	25
1	4	24
1	5	22
1	4	23
3	6	21
4	6	21
5	10	24
3	5	24
1	5	21
5	10	25
8	12	32
8	11	31
7	13	31
2	6	21
4	7	21
4	10	25
1	8	22
0	10	89
1	5	23
3	3	23
2	8	24
2	5	22
4	6	23
4	8	22
5	9	32
4	6	26
3	5	20
6	7	26
5	6	23
8	11	31
4	4	23
1	4	22
0	13	90
1	15	91
0	15	91
2	8	22
3	9	23
2	9	22
3	7	23
3	9	25
3	8	23
5	7	24
4	8	26
1	7	21
0	6	91
0	11	90
5	6	23
6	9	33
5	8	26
7	7	25
3	7	25
4	6	24
3	24	91
4	8	24
3	6	22
1	3	21
6	8	30
6	9	26
7	10	33
2	7	21
1	3	23
5	9	26
3	5	22
1	4	21
4	6	22
7	8	27
6	13	31
4	7	24
4	5	25
9	11	33
4	5	23
4	4	24
4	5	23
4	7	24
4	8	22
5	6	23
2	5	22
5	7	23
4	8	24
6	7	24
3	8	24
4	7	22
7	9	24
7	10	26
4	7	22
7	11	34
8	12	34
1	5	24
2	4	23
2	4	21
3	5	24
2	4	21
3	5	23
1	5	22
2	7	21
0	21	91
2	5	25
1	3	23
1	4	20
6	10	27
3	8	22
4	5	23
5	9	24
3	6	20
6	11	32
8	5	26
6	12	30
0	12	91
0	15	89
7	10	30
1	24	91
3	4	22
6	13	35
7	10	25
4	7	25
3	7	21
3	6	20
0	2	21
1	5	22
2	5	23
2	5	22
1	5	22
4	10	30
8	13	33
5	9	28
2	6	22
1	7	21
7	11	29
8	11	30
8	10	31
6	9	31
6	10	32
4	8	28
4	6	27
10	11	34
3	5	26
5	8	30
5	5	24
3	4	23
3	6	24
3	5	22
1	6	22
6	12	30
5	8	30
2	6	23
5	5	22
6	10	31
5	10	22
7	10	32
8	7	31
7	11	30
6	11	28
6	8	26
8	8	30
6	8	26
6	9	28
6	10	30
4	10	25
3	7	23
1	4	20
1	4	21
4	11	24
5	11	26
7	9	25
5	6	24
6	8	27
1	7	30
2	4	21
3	7	20
7	14	30
5	10	30
3	6	27
2	6	22
2	5	21
6	11	30
7	10	27
4	10	24
4	9	25
4	9	24
7	9	26
6	9	25
4	9	27
1	5	22
1	7	21
5	6	25
5	7	24
5	7	23
5	6	26
3	6	25
4	6	24
3	6	25
3	5	22
3	6	21
5	8	30
4	7	24
2	6	24
4	5	25
7	9	30
9	10	31
9	11	27
10	13	31
9	10	27
9	11	28
8	11	27
8	12	31
11	14	37
9	12	31
2	9	25
4	8	24
9	13	32
3	7	24
7	11	28
6	10	30
0	12	89
1	5	91
7	12	28
4	7	24
6	9	30
6	12	31
9	10	30
3	7	22
0	4	22
6	10	31
7	12	34
2	5	22
1	4	21
4	6	21
6	8	24
4	7	22
5	9	26
8	11	31
3	7	21
3	7	23
4	6	25
4	10	26
6	8	22
4	5	23
3	6	23
0	4	21
3	5	22
3	7	25
4	6	26
3	6	23
6	9	27
3	6	22
4	10	25
0	2	21
4	6	22
1	5	21
12	28	90
4	7	24
5	7	26
4	8	30
5	7	24
5	7	25
5	7	22
5	9	26
4	8	26
3	5	25
2	5	24
2	7	23
2	5	20
7	9	31
4	5	23
2	5	20
3	5	23
6	9	31
6	9	28
2	6	23
3	4	23
4	7	27
3	7	26
4	7	25
4	7	24
3	7	23
4	9	27
1	5	21
3	7	22
1	4	21
5	9	30
10	10	31
10	11	35
10	10	34
8	9	35
6	11	27
3	9	26
1	4	21
5	7	24
4	7	24
3	9	23
4	8	22
1	6	21
9	9	31
5	8	25
6	11	33
5	8	27
8	10	28
6	14	30
6	13	29
4	7	23
5	7	23
4	8	23
8	11	35
5	9	26
5	10	32
5	10	30
5	10	30
4	7	24
4	7	25
2	7	21
2	5	23
2	6	24
3	7	23
4	6	25
2	4	22
4	6	21
2	6	24
2	3	21
5	10	30
4	7	22
3	6	23
7	10	33
5	7	24
3	7	24
3	6	23
2	5	21
2	6	24
2	4	21
4	8	25
5	6	21
4	12	26
6	6	26
5	7	25
6	14	36
1	5	23
4	5	23
7	11	26
3	6	21
2	5	21
4	6	25
4	6	24
0	14	91
1	11	91
4	-1	90
9	12	33
2	6	23
5	10	24
3	5	24
1	3	21
6	11	28
3	8	25
0	6	91
1	5	21
3	6	22
10	12	34
4	9	27
5	9	23
1	4	23
3	7	24
4	9	24
5	7	30
3	5	23
6	11	26
4	7	25
3	3	23
2	5	22
3	5	25
2	6	22
6	8	28
5	7	25
6	6	24
1	6	22
1	5	21
5	7	24
2	5	22
2	7	23
2	7	21
1	4	20
6	8	26
5	7	24
11	38	89
0	13	91
4	7	24
3	5	23
3	5	25
3	5	21
5	6	23
7	11	32
3	8	22
1	3	26
4	5	23
3	8	22
3	7	21
3	6	23
2	6	22
9	9	31
2	8	22
8	15	32
6	16	31
6	6	26
3	6	22
4	6	21
0	13	90
4	8	22
2	5	21
2	5	21
1	4	20
5	10	31
4	6	25
3	6	23
2	5	23
2	6	23
2	4	22
3	25	90
0	22	91
2	5	23
1	3	21
7	9	24
6	9	26
2	5	21
2	5	22
7	9	26
5	8	26
4	7	24
3	4	23
5	6	25
2	6	21
2	4	22
3	4	25
3	2	23
2	3	21
3	4	21
9	9	35
8	10	29
1	42	90
7	7	33
3	9	25
3	7	24
8	8	30
3	5	21
3	7	23
2	7	23
4	11	30
4	9	26
3	8	24
3	6	25
0	7	91
3	11	27
3	8	26
3	8	25
2	10	26
3	10	25
4	6	23
3	8	24
3	4	22
10	14	34
10	15	35
9	12	31
13	14	38
8	11	29
0	6	23
1	5	22
0	3	21
1	5	21
3	11	24
7	12	30
3	10	26
2	9	25
4	9	26
3	10	25
3	9	24
3	10	23
3	10	25
5	10	28
1	3	21
3	6	23
5	11	32
5	10	26
2	7	23
3	5	22
1	5	22
8	11	32
2	9	24
2	5	20
6	9	29
5	10	26
0	3	25
4	7	23
0	13	91
0	17	91
1	6	23
6	12	33
7	11	29
5	9	31
7	10	26
8	12	29
7	8	24
4	7	24
5	8	27
7	11	26
2	6	23
6	9	27
8	9	27
3	5	21
6	13	30
6	16	32
4	9	25
4	9	23
4	8	23
4	6	22
5	7	23
4	6	20
3	7	24
2	6	21
3	6	21
5	7	23
4	8	24
6	9	25
5	8	24
5	8	23
4	5	21
3	8	24
0	9	91
11	14	33
6	11	27
7	9	26
3	11	25
1	8	22
1	8	22
0	13	91
0	12	90
5	7	24
3	7	21
2	5	22
3	5	22
3	7	23
6	10	27
9	14	35
6	10	30
7	11	27
6	9	25
7	12	31
5	7	24
4	12	30
5	10	26
3	10	24
2	8	24
4	11	30
6	8	25
6	10	27
4	12	27
4	12	28
3	8	23
3	6	22
5	8	24
6	8	27
5	7	26
5	8	28
3	5	20
1	2	21
3	8	23
1	3	22
4	9	24
8	11	28
7	11	28
1	4	20
0	3	23
7	9	28
0	6	20
7	5	30
4	8	22
4	7	22
1	3	23
2	4	23
7	11	30
0	39	90
8	7	35
5	12	30
6	12	31
4	10	27
4	11	28
4	8	24
6	10	25
6	11	27
0	5	23
6	8	23
3	9	23
4	8	25
4	7	23
4	8	22
3	6	23
1	7	22
8	7	25
4	5	20
1	3	22
4	7	22
3	6	22
7	10	27
2	6	22
3	6	23
2	5	22
4	8	24
6	11	30
0	7	91
0	10	91
2	4	23
0	12	90
0	-1	90
2	5	25
2	8	21
4	7	24
0	2	26
0	4	22
1	3	22
3	7	22
0	4	21
1	6	22
7	12	32
7	11	31
2	5	23
3	5	23
2	4	20
4	7	22
0	9	91
0	4	21
0	25	90
2	2	23
7	8	30
7	9	31
4	5	23
3	5	26
4	4	23
1	3	21
3	8	23
1	6	31
6	11	28
7	9	27
6	8	25
5	10	24
2	3	20
1	3	21
1	5	22
1	2	23
0	1	22
0	2	22
0	2	20
2	3	21
8	14	37
0	4	22
3	8	91
2	8	90
7	10	30
0	12	91
0	14	90
10	12	37
1	1	21
3	7	24
3	6	22
4	6	23
0	9	91
0	11	91
2	7	24
4	6	24
1	3	20
1	4	23
3	6	23
3	5	25
2	5	22
7	10	31
11	13	33
9	14	34
5	11	28
5	9	25
4	5	22
6	8	24
0	23	90
0	10	65
1	4	24
2	5	22
2	7	21
4	8	25
3	8	24
0	10	90
3	7	23
1	2	21
1	2	21
2	6	22
1	7	23
2	10	24
2	8	23
3	7	23
3	9	26
4	9	22
5	8	23
3	8	23
5	8	25
1	3	21
3	4	21
5	9	24
0	19	91
7	12	32
0	22	90
0	-1	90
0	21	90
10	10	33
5	10	27
0	6	91
5	6	27
0	13	91
4	-1	90
13	18	90
6	11	30
5	8	25
3	6	22
3	7	22
3	7	24
4	7	23
5	5	24
3	5	22
3	6	21
1	5	26
1	3	21
2	7	23
1	3	21
0	2	22
0	11	91
0	8	90
1	3	21
1	11	62
0	8	62
2	6	21
7	10	30
4	7	24
6	8	27
3	10	25
5	8	25
2	6	23
7	7	28
2	6	23
4	7	25
2	7	24
6	9	25
6	8	25
1	4	22
3	6	22
4	6	22
6	7	30
3	5	23
7	7	30
2	4	23
1	1	20
4	7	27
2	5	22
0	11	91
3	5	20
2	4	22
4	9	30
4	8	24
0	12	88
0	10	90
2	9	23
4	12	30
23	23	91
4	9	24
3	5	21
5	9	24
5	8	24
2	8	25
3	8	26
6	8	30
6	7	30
5	7	26
2	7	20
1	5	21
7	11	34
1	29	90
8	12	29
9	12	32
8	12	31
3	6	21
8	8	30
3	6	22
4	7	23
3	7	24
3	6	23
4	7	24
3	6	22
3	5	23
0	36	91
3	8	30
4	9	22
1	5	21
3	6	21
1	2	21
5	8	24
6	10	34
6	10	30
8	8	34
3	8	21
3	8	22
3	6	22
3	4	21
9	9	27
4	8	29
4	9	29
6	7	25
3	5	23
3	5	24
2	4	22
4	7	24
0	22	90
7	10	28
5	8	23
6	9	25
2	5	23
4	7	23
5	8	30
5	6	22
1	5	30
3	7	23
5	8	23
3	5	21
6	10	30
5	13	33
4	6	24
2	6	22
2	9	24
2	6	20
3	6	21
2	8	24
0	3	22
4	14	32
3	7	24
4	7	23
3	8	24
5	9	28
6	8	24
1	4	21
1	5	20
4	8	31
5	7	30
0	8	90
0	12	91
3	7	23
4	9	25
2	7	24
4	8	25
3	6	23
11	17	38
2	5	22
0	24	60
6	12	31
3	6	20
3	10	24
2	4	22
2	7	20
5	7	22
3	6	21
2	6	20
0	23	90
4	8	22
4	13	30
2	7	21
1	5	23
0	10	91
0	16	91
2	8	22
2	11	26
2	4	21
2	5	20
0	10	90
0	6	89
1	5	22
1	2	21
2	4	22
2	5	23
5	9	27
0	10	90
7	11	31
7	14	31
7	12	30
8	14	33
5	6	25
8	12	31
7	11	28
7	10	27
10	12	35
2	7	21
5	4	24
3	7	24
7	10	26
3	60	90
1	3	21
2	5	21
2	6	21
3	5	24
7	12	35
3	7	22
6	10	30
4	7	23
7	11	32
7	11	31
8	10	25
4	11	23
3	7	24
2	5	21
4	7	23
1	3	21
4	5	23
5	7	24
8	13	32
3	6	25
3	6	23
3	6	24
2	5	22
4	6	23
5	7	24
3	5	22
3	3	24
2	4	22
2	5	21
0	16	91
0	7	90
3	6	21
6	11	32
5	6	25
2	4	23
6	6	28
2	5	24
7	14	30
7	8	28
1	11	90
4	4	25
1	5	22
5	12	28
6	11	26
7	8	26
1	4	24
5	8	23
4	8	24
6	7	25
7	10	28
3	5	20
0	3	21
0	4	20
1	4	23
2	5	22
2	6	20
3	9	24
6	6	25
2	7	23
4	8	22
2	6	23
5	12	30
2	5	21
3	4	22
2	7	21
7	11	35
7	8	25
3	9	25
5	12	31
4	9	26
4	8	25
5	7	25
4	9	24
3	7	23
4	7	24
4	2	21
3	6	22
6	9	30
5	8	25
6	9	25
3	5	21
2	5	22
2	4	21
2	3	23
1	3	24
0	2	21
0	3	22
1	3	20
1	3	22
2	3	20
4	5	21
3	7	23
3	7	23
4	5	24
1	3	21
1	3	20
7	11	30
4	6	24
1	5	22
3	10	23
6	11	33
4	6	23
3	5	22
2	6	21
3	5	22
5	11	25
6	7	28
3	6	25
4	6	24
3	5	24
5	8	23
3	6	23
3	5	24
7	10	27
2	5	23
7	9	26
0	4	21
1	7	20
0	3	20
9	11	30
1	4	24
1	4	21
2	6	24
2	7	22
3	12	30
5	10	25
5	11	32
3	7	23
4	8	23
3	6	24
4	7	24
5	8	26
2	8	24
4	9	23
2	7	23
3	7	28
4	7	22
0	6	89
0	16	91
4	5	22
5	4	22
3	5	22
7	11	26
3	9	22
4	6	23
2	6	22
3	7	24
2	6	20
6	11	30
5	9	24
0	6	80
1	8	80
3	9	24
4	8	23
3	9	24
6	11	32
4	9	24
3	8	22
6	9	24
4	7	30
3	10	24
3	9	23
2	6	21
5	8	24
5	9	25
5	8	26
4	10	29
8	9	27
0	13	91
1	6	90
3	8	23
1	4	21
2	8	23
0	4	65
0	4	65
3	9	27
5	10	25
5	7	26
5	8	25
4	7	21
4	7	22
6	10	30
5	11	30
4	7	23
8	10	35
5	7	26
2	7	20
6	8	25
3	5	24
0	24	90
4	10	29
4	7	22
3	8	25
1	2	23
3	7	21
3	7	23
2	5	22
2	5	21
3	8	23
5	7	24
4	8	23
1	3	23
6	13	31
6	15	32
6	13	30
2	7	22
6	9	24
9	12	32
4	10	30
7	9	28
8	13	30
8	9	31
5	11	24
3	12	30
1	10	87
5	6	23
1	6	22
4	4	27
2	6	21
2	7	20
3	9	22
6	9	25
2	6	21
4	8	24
5	9	30
4	8	25
3	8	21
4	7	22
5	7	24
3	10	24
3	7	27
4	7	26
3	6	25
4	7	24
4	7	23
4	5	22
3	5	23
5	6	24
4	6	24
4	6	23
3	5	24
2	5	23
2	6	22
1	3	23
1	3	21
1	3	21
1	4	24
1	3	22
1	8	22
6	5	24
3	7	23
4	10	23
3	8	22
1	6	25
17	20	52
1	6	20
2	7	22
1	4	21
5	8	28
3	7	21
7	13	34
2	5	24
9	12	35
5	9	24
5	11	28
6	9	25
5	11	28
10	15	37
2	7	21
3	6	22
2	4	21
6	14	30
5	10	25
5	12	27
2	11	24
2	4	21
0	14	91
0	14	91
7	10	26
4	7	24
2	5	22
3	7	22
7	12	30
5	7	30
6	9	26
1	8	21
7	11	30
8	11	28
7	9	24
6	10	26
8	10	31
7	8	30
6	8	27
6	9	26
3	11	25
3	6	24
0	3	24
1	4	21
2	6	21
6	8	30
6	9	26
3	5	22
4	6	22
4	6	23
6	9	26
2	7	24
6	15	33
4	7	23
4	9	23
4	5	22
8	10	28
3	7	23
4	8	25
2	6	20
3	5	26
2	5	23
9	12	31
1	-1	91
1	26	91
6	9	25
5	13	30
5	9	26
4	9	23
5	8	22
6	9	34
5	10	30
5	10	30
0	9	23
3	9	26
4	7	22
1	4	20
6	8	25
3	7	21
2	5	22
5	7	23
7	11	32
5	7	26
2	7	24
3	6	24
4	6	23
7	9	30
5	8	26
6	8	25
3	8	30
4	6	24
4	7	22
3	7	22
0	3	21
7	8	27
4	10	30
4	8	23
6	12	27
7	12	30
0	13	90
0	14	90
2	6	22
2	5	20
3	8	26
3	6	24
3	7	23
8	9	31
6	10	24
1	5	20
1	6	22
3	6	22
2	7	21
3	6	24
2	6	23
0	20	91
0	22	90
6	8	31
1	5	21
1	5	20
1	4	21
2	5	21
3	6	22
1	3	21
2	6	23
4	9	25
3	6	22
1	2	20
5	14	30
5	8	23
4	8	24
4	7	24
4	14	32
3	5	21
5	11	24
1	6	21
7	9	31
3	8	21
2	6	21
5	8	24
4	5	21
5	10	24
2	5	21
10	16	32
2	6	22
1	5	21
6	10	26
3	6	24
5	9	25
11	10	37
2	6	23
6	8	23
6	8	30
2	7	21
2	6	22
3	6	22
3	6	22
8	9	25
2	6	22
3	7	24
5	6	23
4	6	21
7	11	26
2	5	21
4	6	21
8	11	31
7	11	28
8	13	33
6	10	29
7	10	26
2	6	22
6	13	32
5	8	26
4	7	24
2	4	21
8	11	28
2	5	20
0	10	90
4	6	26
4	8	30
4	8	22
1	5	20
7	9	26
3	7	21
3	7	30
4	10	27
6	14	30
3	7	22
4	8	21
3	5	23
4	6	26
3	5	22
3	4	23
7	10	30
6	11	30
4	6	26
0	29	90
7	9	26
1	4	23
4	9	23
4	10	24
1	9	22
6	10	28
40	43	91
7	8	33
8	11	33
10	11	35
4	8	24
5	8	24
0	16	91
0	7	90
10	14	35
3	6	23
3	6	20
3	9	23
8	10	28
3	7	24
4	8	23
3	8	22
5	9	24
4	9	25
7	10	26
7	9	26
3	10	24
7	11	31
6	9	27
9	13	32
5	8	23
6	11	31
5	6	23
3	8	23
5	9	24
4	8	24
5	10	25
5	9	23
6	10	25
1	6	20
3	7	22
4	6	24
9	13	30
8	11	31
8	12	30
4	8	24
2	10	23
3	8	22
3	7	23
3	7	22
4	10	26
4	9	24
5	11	25
9	11	35
8	9	32
10	9	35
8	10	34
2	5	21
2	7	22
0	6	90
0	11	91
12	11	44
2	5	21
3	3	21
3	5	21
3	6	24
11	12	36
1	24	90
3	5	23
2	6	22
2	6	22
4	5	22
2	3	23
2	3	22
1	5	21
0	1	22
6	7	24
4	7	24
4	8	26
3	7	25
0	4	90
3	6	23
3	7	22
2	6	24
4	6	23
3	4	22
3	6	25
3	6	24
2	6	22
2	5	22
1	4	20
9	14	34
2	5	24
7	10	31
5	13	29
4	7	23
5	8	31
5	7	24
1	7	24
6	9	31
7	10	31
7	7	26
5	7	27
7	8	27
6	9	31
7	9	31
5	9	31
6	9	28
5	8	22
0	6	91
0	6	91
4	8	30
7	7	25
10	16	34
5	8	25
2	6	21
6	6	27
6	11	26
3	4	22
1	4	21
7	7	24
6	16	32
5	12	27
5	13	30
10	11	32
3	6	22
3	6	22
3	5	22
1	-1	91
0	-1	91
7	10	25
7	9	24
3	7	24
3	8	25
2	8	24
5	6	25
7	8	30
3	6	21
3	8	24
5	8	31
3	6	23
6	8	23
1	5	20
4	6	23
2	8	22
8	12	30
9	11	29
7	12	29
3	4	22
6	12	27
1	5	22
0	4	21
0	4	20
3	7	21
8	10	32
5	7	24
5	10	28
7	14	30
3	9	21
2	5	20
4	8	23
8	14	32
4	8	27
5	6	25
1	6	22
4	7	22
12	14	40
10	12	35
2	6	21
3	5	23
2	8	23
2	5	21
3	6	22
4	8	23
5	8	24
4	7	23
4	7	24
2	6	23
1	6	23
2	5	23
2	5	20
4	8	23
7	11	31
7	10	31
3	8	21
4	10	26
6	8	26
2	7	21
6	8	26
6	9	27
8	9	30
6	8	27
7	9	28
4	7	24
5	8	25
4	7	24
3	6	23
3	6	22
4	7	21
4	9	26
5	8	24
2	10	24
1	6	21
3	7	24
5	9	22
9	11	30
3	6	25
2	6	22
3	6	21
2	6	23
3	7	22
3	6	22
2	5	21
8	9	34
11	11	38
7	10	27
7	8	27
7	13	30
3	6	22
11	13	39
3	5	22
1	3	21
6	7	26
4	7	24
2	9	23
6	9	27
4	8	24
3	6	21
5	11	25
7	9	25
3	8	23
4	9	24
7	8	31
4	5	24
2	9	24
5	9	25
1	6	21
5	14	31
4	12	30
5	11	27
3	9	26
3	10	25
4	12	33
3	7	23
3	8	22
4	10	28
4	8	25
2	6	22
4	4	23
8	11	31
9	11	30
12	17	37
2	5	20
8	9	31
7	12	32
6	9	25
8	12	31
8	10	27
3	5	21
4	5	22
3	4	21
2	6	22
2	9	24
5	6	23
2	6	22
6	11	28
3	7	22
3	7	22
2	7	24
8	12	29
3	8	23
4	10	30
7	12	31
5	9	27
4	7	24
4	6	23
2	5	24
2	4	22
1	4	21
0	4	20
0	4	20
5	6	25
3	5	23
2	4	24
3	6	22
2	6	21
3	7	21
10	14	37
3	9	25
8	12	30
5	7	23
5	8	24
2	7	20
3	8	26
4	8	25
3	7	24
3	6	22
3	6	22
5	8	26
3	6	23
5	6	23
2	6	22
4	5	23
6	10	30
6	9	28
7	9	28
5	9	27
5	6	23
2	6	23
3	7	21
10	13	37
5	7	23
4	6	23
5	7	23
0	5	91
4	8	24
4	7	24
7	12	27
5	8	30
2	2	21
1	3	21
1	3	20
1	4	20
1	4	21
3	5	22
6	7	25
4	9	26
6	14	32
2	4	22
9	11	33
8	10	31
9	13	34
8	9	33
6	11	27
4	13	27
3	10	25
6	9	28
4	8	24
4	9	24
6	10	27
7	8	27
8	10	28
8	11	30
9	10	28
1	4	22
5	6	24
5	6	24
0	4	22
8	11	31
12	16	42
1	6	22
2	5	22
1	6	21
3	7	20
6	7	26
6	10	24
3	6	23
3	8	21
3	5	24
6	8	26
9	11	28
8	14	32
5	9	33
5	9	30
0	10	90
0	6	90
2	5	20
4	5	23
3	9	23
4	6	23
7	10	27
7	10	26
9	11	32
9	13	27
9	15	31
4	5	25
7	7	21
5	5	26
7	10	32
4	9	25
5	8	24
5	11	27
7	9	25
6	10	24
1	2	20
8	12	37
9	10	33
8	10	32
9	10	31
3	6	23
7	11	27
6	9	23
6	10	32
5	9	31
7	9	31
4	10	33
4	8	28
4	8	27
5	9	26
7	8	30
6	7	25
6	9	30
2	8	22
6	8	30
3	11	31
4	6	24
4	6	24
5	6	23
5	9	25
3	6	21
4	8	26
5	8	25
4	6	24
6	7	23
3	5	24
4	6	25
3	5	22
4	10	24
1	4	20
1	7	20
5	8	26
7	13	33
1	4	21
0	2	21
7	8	24
8	-1	40
4	3	24
5	6	28
5	11	30
8	11	27
7	11	26
2	4	21
5	10	26
4	8	22
4	8	24
4	8	25
2	8	22
4	9	23
2	7	22
2	8	21
3	7	23
3	6	22
2	4	22
2	4	21
7	10	25
5	9	28
7	11	30
2	5	22
4	8	24
7	11	33
7	11	30
7	10	31
4	8	25
7	13	30
3	5	22
3	6	22
2	6	25
5	7	24
5	5	25
4	5	25
6	8	33
6	11	25
3	7	23
3	8	24
1	7	21
4	11	30
5	10	28
1	6	21
3	7	23
2	7	20
5	7	27
8	11	30
4	5	25
3	7	22
3	8	23
4	6	24
3	6	23
3	5	23
3	6	24
6	7	24
8	9	27
7	9	26
6	11	34
4	9	27
2	8	23
2	7	22
3	8	24
2	8	25
5	11	31
3	8	24
4	9	26
3	8	24
6	10	32
4	8	28
5	10	30
5	8	30
5	8	30
6	8	25
5	11	25
4	10	23
3	9	22
3	9	23
3	8	24
4	11	31
12	15	40
10	12	36
3	8	24
10	15	33
10	13	33
8	12	30
8	14	34
2	5	21
4	6	32
6	11	32
4	8	26
4	8	30
6	8	31
7	8	27
5	8	25
6	8	25
6	10	27
7	11	30
6	10	25
4	25	91
5	26	91
4	11	25
6	13	32
5	11	32
4	8	27
2	6	21
3	6	20
4	8	24
2	6	22
5	9	30
2	3	22
4	7	23
7	11	30
6	7	27
6	7	26
2	7	21
6	7	25
5	11	30
7	11	26
9	13	31
1	5	21
0	3	24
0	4	23
0	3	22
0	5	21
3	9	24
5	9	24
8	11	28
6	7	26
4	10	26
4	10	26
7	12	30
1	5	22
5	6	24
5	9	22
7	12	27
2	4	20
2	5	21
2	7	21
5	8	26
4	8	24
5	11	30
1	3	21
7	8	34
2	9	22
7	8	25
2	6	20
6	13	31
8	13	37
7	14	31
7	12	28
6	10	26
3	9	23
4	8	26
5	11	31
6	8	28
3	10	21
3	6	23
2	8	24
2	9	26
3	9	26
4	8	23
8	10	32
6	10	29
5	7	24
5	6	25
2	7	22
0	13	90
5	11	27
7	9	30
4	8	23
4	8	22
8	9	32
6	10	31
6	8	27
4	9	23
1	3	21
3	7	24
6	9	25
5	9	24
6	10	30
1	6	21
6	12	34
6	11	30
4	9	27
6	11	31
8	9	31
0	3	21
3	9	22
3	9	25
2	5	25
2	8	21
2	7	21
0	9	88
3	5	21
2	4	20
3	6	21
9	11	31
1	3	22
1	3	21
0	3	20
3	7	23
0	6	22
2	5	21
3	6	22
6	8	25
6	9	25
6	8	26
5	7	25
9	14	33
6	10	29
7	11	28
5	10	25
6	9	26
6	9	26
6	12	27
5	9	31
5	7	28
6	8	31
8	10	34
7	9	29
1	5	20
5	9	25
0	11	90
4	10	25
4	7	23
3	7	23
4	8	24
2	9	25
4	4	25
2	4	21
4	5	26
4	9	28
6	7	28
4	6	22
3	8	23
4	6	24
4	5	25
5	5	24
0	3	22
2	4	22
1	3	21
5	9	22
4	9	25
4	5	22
2	6	21
3	6	22
5	10	32
3	8	25
3	6	24
4	13	30
0	4	23
3	4	22
3	7	26
3	6	23
3	6	22
0	5	21
1	6	20
4	7	25
5	8	23
5	9	26
5	10	27
5	10	30
4	9	23
3	9	23
6	10	25
11	14	35
3	6	21
6	9	24
6	9	26
2	10	24
7	8	27
4	8	26
1	10	91
0	9	91
2	6	23
4	6	26
2	5	23
3	6	22
4	6	24
2	6	23
3	7	24
3	6	23
1	6	20
1	6	23
8	10	29
7	10	31
2	7	21
4	9	25
3	11	26
4	9	26
4	10	25
1	8	24
5	8	24
3	8	23
2	8	22
7	9	27
6	10	26
3	9	24
12	13	39
10	12	37
0	4	22
3	5	21
3	5	22
3	8	23
1	5	21
2	6	21
6	6	24
6	8	25
3	9	22
5	13	30
3	9	24
0	4	20
7	10	26
3	5	24
4	8	25
1	3	23
1	3	22
1	3	24
4	6	25
5	7	24
5	9	31
2	7	20
6	8	24
3	6	21
4	6	26
3	6	25
5	7	22
4	6	21
2	6	22
0	6	21
2	6	22
7	9	26
5	6	24
8	13	29
7	11	29
5	7	25
4	8	24
3	5	22
5	7	24
0	4	26
0	6	21
5	9	25
4	7	24
5	8	25
2	6	22
8	11	32
0	22	91
4	8	26
4	6	21
3	6	23
4	6	23
4	9	24
5	9	24
3	7	21
10	14	38
4	8	23
3	8	21
4	10	27
4	4	25
2	5	22
4	7	21
6	9	27
0	6	91
0	7	91
1	7	21
3	7	21
1	7	20
6	14	33
3	7	25
2	5	21
5	9	24
1	3	21
1	1	23
3	10	25
2	6	20
4	11	33
2	5	21
3	9	23
1	5	23
7	7	33
4	5	27
9	8	33
8	7	33
3	6	22
3	9	23
4	8	22
4	5	24
5	8	24
10	11	36
7	8	27
6	10	25
10	12	35
3	9	30
2	6	22
5	11	29
5	11	27
8	12	32
2	5	21
7	11	31
2	4	20
6	11	31
5	11	32
4	10	28
6	9	28
5	10	30
4	8	28
3	8	28
3	8	27
3	8	26
3	7	25
3	7	23
2	6	22
9	13	32
8	11	32
10	13	37
8	11	31
7	12	30
10	11	31
12	14	37
9	13	35
9	12	32
9	12	32
9	10	30
9	10	28
8	11	28
7	9	26
2	33	90
0	19	91
0	10	91
3	9	22
2	7	21
2	6	21
4	7	22
4	7	26
4	8	23
4	10	26
6	10	26
4	10	22
4	8	26
5	9	26
3	8	22
8	11	30
10	12	33
8	11	31
10	10	31
3	6	22
6	9	32
3	6	21
3	6	22
4	7	25
8	11	31
7	10	25
3	5	21
7	9	26
2	7	22
6	10	23
5	9	24
5	8	30
2	5	20
2	5	21
1	6	22
9	14	33
7	13	27
6	8	26
6	9	30
5	7	25
5	8	24
5	7	23
8	12	32
3	11	26
5	8	26
7	12	30
5	7	23
5	6	25
5	10	30
4	8	27
6	9	27
6	14	32
4	8	25
3	8	22
2	8	23
2	4	21
5	9	27
2	7	24
5	8	25
3	8	22
2	6	20
3	9	23
3	7	22
2	6	22
3	7	20
1	6	23
5	11	27
5	12	28
4	13	30
6	10	31
5	10	30
1	4	21
3	7	22
4	6	23
4	5	27
1	6	20
3	7	22
4	6	21
5	11	30
6	9	30
2	6	24
2	6	21
2	5	22
2	8	23
6	10	28
7	8	27
5	10	33
3	5	23
9	11	34
2	2	22
5	7	26
4	10	31
7	7	24
2	34	90
0	6	91
5	8	25
5	9	27
9	12	31
5	9	26
4	10	25
0	5	91
3	7	24
3	7	22
3	8	24
5	10	88
3	7	90
4	8	26
5	7	27
4	11	25
3	10	25
4	9	25
5	8	23
6	9	24
11	14	35
7	9	28
8	10	27
7	10	27
4	9	23
4	8	23
5	8	25
4	9	21
3	6	20
2	5	22
5	10	30
3	3	22
6	12	32
5	7	22
4	8	23
4	8	22
7	12	31
3	9	22
2	3	21
8	10	30
6	7	24
2	9	22
2	10	22
1	9	21
2	8	21
1	10	22
2	7	22
2	7	21
4	7	23
4	8	24
3	8	24
3	10	24
4	12	26
6	12	26
5	8	26
4	9	24
5	10	26
5	8	27
6	12	33
3	8	23
4	7	23
3	11	25
3	10	24
5	12	27
4	11	24
4	9	26
4	9	24
3	9	23
5	9	26
5	11	25
4	9	26
3	7	25
12	16	37
12	11	43
13	11	42
13	11	39
11	10	39
12	10	38
12	10	37
12	10	36
9	10	35
9	8	29
11	9	33
9	8	32
4	8	21
9	10	29
7	12	30
6	14	30
2	4	24
1	13	90
0	7	91
8	12	31
6	10	26
9	13	31
6	9	26
6	8	24
6	9	28
3	5	20
1	6	23
9	10	31
5	10	25
4	7	25
5	6	26
5	6	25
1	7	20
3	10	23
2	6	21
3	7	23
3	7	20
8	11	31
8	11	28
7	10	26
8	10	27
4	7	22
1	5	22
1	5	21
2	6	20
4	9	24
4	8	23
5	10	28
4	12	30
3	7	26
0	20	86
3	8	22
4	10	26
3	8	24
3	5	22
3	5	23
4	7	23
4	7	23
5	8	30
8	11	32
3	10	24
6	8	23
7	9	31
7	9	26
7	10	27
6	7	25
8	12	28
7	11	33
8	12	28
4	7	21
4	12	33
2	6	22
5	8	28
7	11	26
7	6	26
5	9	24
4	7	23
3	8	23
9	17	36
10	15	33
8	13	34
8	13	31
8	8	31
2	3	23
2	5	22
3	7	24
3	6	22
3	9	25
4	9	23
5	9	26
5	8	26
2	8	21
5	10	25
4	9	25
7	12	28
7	10	32
8	11	31
8	13	35
8	10	32
5	8	24
3	6	22
6	8	23
5	7	27
5	9	26
4	10	26
5	10	25
2	9	24
3	7	21
2	8	23
2	7	22
3	7	23
3	5	22
2	4	21
3	9	24
5	8	25
6	7	30
4	8	27
0	10	90
13	13	35
9	11	31
6	10	27
8	11	30
7	11	26
8	12	26
7	10	24
1	14	74
7	12	31
5	7	21
1	2	22
3	3	23
3	5	22
5	10	26
3	10	23
3	11	23
2	10	25
2	8	23
6	10	30
6	6	30
3	7	22
10	14	37
10	11	32
5	8	26
4	7	23
4	7	23
5	8	27
7	8	25
8	10	31
6	11	28
3	10	24
4	5	22
5	9	26
6	10	26
4	9	24
6	9	26
5	7	21
4	8	25
3	6	22
2	6	21
3	4	21
4	7	24
3	7	22
2	7	21
5	11	26
5	7	25
3	8	24
0	6	24
0	3	21
1	3	23
3	6	22
3	7	21
9	12	32
2	6	23
8	13	32
8	10	29
7	15	35
5	12	29
8	10	31
7	11	30
4	7	24
3	8	23
2	7	22
3	6	22
6	7	25
3	6	20
7	9	34
6	8	28
5	8	30
5	9	31
5	7	27
3	6	27
1	4	20
7	10	30
8	11	30
3	8	22
2	7	22
3	7	21
3	8	23
2	4	21
5	6	24
1	6	22
9	11	27
5	8	24
2	4	23
4	8	25
8	9	27
3	7	22
8	12	32
1	4	21
4	9	26
4	10	25
4	10	30
3	6	22
4	7	22
13	16	36
6	9	26
3	6	21
7	10	28
6	10	26
3	5	20
4	9	23
3	9	24
7	10	31
5	12	30
5	10	37
5	9	30
2	4	22
5	10	25
5	10	23
3	7	23
6	11	34
2	5	20
6	8	27
4	6	25
3	7	24
4	9	24
3	6	21
3	7	22
2	10	24
4	9	24
4	9	23
3	8	22
1	3	22
6	11	30
7	14	32
6	9	24
7	14	32
6	10	28
6	8	29
6	7	30
2	8	21
3	5	22
3	7	23
6	11	30
2	8	22
3	6	24
3	6	22
6	9	26
6	9	25
4	5	31
2	6	22
1	4	21
4	12	30
3	5	23
9	13	34
6	13	30
9	12	32
2	4	22
2	5	21
2	4	21
0	9	91
0	12	90
3	5	22
5	7	25
4	10	24
5	6	23
7	12	33
4	10	26
2	6	21
9	15	30
6	6	23
1	27	91
3	7	23
3	7	21
3	10	24
6	7	25
5	7	22
5	12	30
4	8	24
4	6	23
3	7	22
3	6	22
5	7	24
2	6	22
7	11	34
6	9	25
4	11	26
6	9	31
5	11	25
7	12	31
6	11	27
9	13	32
7	12	31
8	12	33
1	29	90
6	9	25
5	7	27
12	13	38
7	9	25
7	9	25
5	7	25
5	12	32
5	7	23
2	5	21
5	7	25
0	8	90
0	8	91
5	11	25
3	8	23
4	8	25
4	7	23
2	6	23
3	10	24
0	3	22
7	8	29
4	6	21
4	7	24
4	9	23
5	8	23
2	6	21
6	8	25
4	11	26
4	11	25
4	10	24
5	7	25
4	7	22
4	7	24
6	9	25
3	6	24
1	4	22
3	6	24
3	7	22
1	6	21
8	12	30
0	9	91
4	9	26
4	10	30
4	6	24
3	6	20
6	8	25
7	12	30
5	11	27
5	9	26
3	7	23
2	9	25
3	9	25
3	8	24
4	6	23
0	9	91
1	5	21
9	14	31
8	12	35
2	5	21
5	6	30
4	7	23
1	4	20
1	4	22
4	3	21
5	8	24
8	12	30
7	10	26
10	13	34
5	12	31
3	6	23
4	10	24
2	6	21
5	11	25
3	4	23
2	5	22
4	10	27
3	5	21
7	5	26
5	7	25
0	4	21
1	4	21
1	6	21
2	8	22
0	8	90
0	9	91
1	3	22
7	10	26
4	5	23
6	8	24
9	15	35
5	10	24
4	9	32
3	9	26
0	11	91
0	8	91
3	10	24
2	10	23
2	10	23
2	4	22
1	2	21
3	6	23
2	6	21
8	13	32
7	12	32
8	9	26
8	9	25
6	10	26
5	11	30
6	9	25
4	9	25
2	8	21
3	7	21
3	7	22
7	11	28
0	3	20
0	4	23
0	4	22
1	4	20
1	4	20
2	4	23
0	4	22
3	6	22
0	15	90
1	7	91
7	12	30
4	7	25
2	4	30
2	8	23
4	9	25
5	9	25
5	9	24
4	8	24
1	5	22
7	11	30
5	7	24
9	12	34
9	10	32
9	11	32
3	8	21
3	10	22
0	5	23
3	6	25
4	7	23
3	7	23
9	12	33
9	12	32
8	10	32
7	13	30
0	20	91
8	10	33
7	10	34
5	5	26
0	8	91
0	3	90
2	8	22
0	20	90
0	22	90
0	22	87
5	7	26
6	7	30
4	5	22
6	8	26
4	10	24
8	10	30
7	10	29
2	4	20
0	3	23
6	8	24
0	5	21
3	5	21
2	5	21
3	5	21
4	7	23
0	4	22
0	3	23
5	9	27
4	8	25
3	5	23
3	6	23
2	6	21
2	5	23
7	12	33
6	14	33
5	13	32
6	12	30
6	9	28
4	10	25
3	7	26
4	9	25
7	8	32
4	9	28
3	7	22
5	5	23
3	8	25
6	11	26
6	10	25
5	8	30
3	7	24
5	7	24
5	8	28
5	5	23
6	-1	91
4	-1	91
4	9	25
8	9	26
5	13	30
4	11	23
3	11	23
4	11	24
4	10	24
5	10	23
4	9	22
2	5	21
3	5	24
4	6	23
4	9	25
4	7	22
0	16	90
2	5	22
8	6	31
5	10	24
4	9	25
3	8	26
3	7	24
0	10	91
0	9	91
0	3	21
3	5	22
7	10	33
9	12	39
4	7	22
2	8	23
2	8	24
2	7	23
3	5	22
7	9	31
3	7	22
6	6	28
4	7	23
3	6	22
2	9	23
2	7	23
4	9	25
2	7	24
4	10	25
3	9	25
3	9	24
3	7	23
3	6	22
2	25	90
6	11	30
3	7	23
6	8	26
5	7	23
2	4	20
0	4	25
1	6	27
0	4	22
0	2	23
10	15	38
5	7	24
6	9	26
3	8	27
3	7	23
3	5	22
2	4	23
4	7	25
4	8	24
3	10	25
3	9	24
3	6	23
4	9	24
6	9	25
6	15	35
4	11	26
1	5	22
2	6	22
2	4	20
2	5	23
6	6	25
2	7	21
6	12	32
5	10	23
4	9	26
4	8	25
6	11	30
2	9	25
7	10	27
8	12	32
7	10	31
4	9	28
7	10	27
7	12	30
5	8	24
4	7	24
6	10	30
4	9	26
4	9	25
4	9	24
5	9	24
4	7	23
3	6	22
4	6	21
2	7	25
4	11	30
1	8	23
4	5	21
5	8	22
6	12	31
5	11	26
5	12	29
2	4	22
3	4	23
1	7	91
0	8	90
5	8	25
0	4	91
9	11	31
6	26	91
0	4	21
2	7	23
0	9	61
4	7	25
5	7	25
6	8	26
1	6	22
4	6	24
5	6	23
4	7	23
3	7	24
0	11	91
0	10	90
0	3	91
0	8	91
2	4	22
2	4	22
2	21	90
7	8	25
0	20	91
7	6	27
1	2	21
0	8	90
0	10	88
2	4	24
7	11	33
2	4	20
3	7	22
4	8	25
5	7	23
2	4	22
2	4	22
1	3	21
1	5	21
7	6	28
7	11	28
9	10	31
5	7	25
8	13	30
1	4	21
5	12	27
5	11	32
4	6	24
4	6	23
6	11	26
5	6	24
3	6	21
9	12	29
1	4	20
6	9	25
3	7	24
8	11	25
0	-1	91
0	12	90
3	9	24
4	7	26
2	4	21
5	8	22
6	8	27
5	11	23
6	12	30
5	9	23
2	4	22
4	6	32
0	13	88
2	3	21
5	9	27
4	7	20
4	8	31
3	7	22
1	4	22
7	16	30
0	11	91
3	6	20
5	8	26
3	6	22
3	6	21
0	10	90
3	7	22
5	6	24
6	9	26
4	9	26
5	8	24
6	13	32
5	10	26
10	13	33
0	16	91
0	13	91
2	4	20
3	7	23
6	10	28
8	9	27
7	11	26
6	8	25
4	6	25
4	8	31
4	15	37
8	7	26
5	9	25
5	9	24
0	4	91
0	2	22
6	9	25
3	7	22
5	6	25
11	12	32
1	5	22
1	6	22
3	7	22
4	9	25
1	5	24
3	9	24
3	6	22
2	5	21
0	3	91
0	12	90
5	5	24
1	4	23
1	4	23
1	3	22
1	4	21
1	3	21
4	4	23
7	9	28
1	5	20
1	6	23
3	8	23
7	6	28
4	6	24
6	8	26
6	6	23
3	7	22
3	5	22
3	4	20
4	5	24
4	5	22
1	3	21
3	8	23
6	8	24
2	5	20
3	6	23
2	6	23
3	6	24
2	4	22
2	4	21
3	6	21
4	8	30
2	6	23
2	7	24
1	8	24
2	3	22
2	7	21
3	6	22
0	15	90
6	7	25
6	11	27
0	3	20
1	9	91
9	11	31
1	5	25
0	2	20
0	3	20
7	10	29
2	8	24
0	16	91
0	12	91
1	15	90
2	7	24
1	4	22
3	4	23
4	4	22
12	13	38
11	12	36
4	6	24
10	12	34
7	9	27
7	9	29
8	10	31
7	9	27
8	10	30
7	8	26
7	8	27
2	8	23
2	7	20
3	6	22
2	6	23
3	6	21
2	6	23
4	9	26
2	6	20
4	7	24
5	8	22
4	9	24
4	9	23
5	9	25
8	13	31
6	10	26
4	8	24
9	13	29
5	8	25
8	13	32
0	2	91
2	6	21
4	5	22
3	7	23
4	6	22
0	2	22
1	2	20
3	7	21
1	5	23
0	3	20
3	8	32
4	9	24
5	9	23
11	13	34
0	2	20
2	2	21
4	7	22
3	6	23
5	7	23
8	12	34
5	6	25
6	8	25
3	5	23
2	6	21
3	6	23
2	5	22
3	24	91
4	8	26
1	6	91
7	10	30
6	10	33
7	9	31
4	5	22
3	4	22
3	4	22
3	4	21
1	4	21
1	5	20
1	5	20
0	3	20
2	4	20
3	11	89
4	7	32
5	11	31
4	11	32
6	11	30
6	12	30
7	14	33
8	9	27
7	11	32
1	4	21
3	5	21
3	7	23
1	4	21
6	9	25
2	6	22
0	6	90
4	7	28
2	8	23
4	10	26
4	8	23
3	8	21
8	10	35
6	8	22
5	7	31
5	10	29
3	7	21
3	9	24
6	8	28
5	7	23
5	10	30
4	9	26
8	10	29
5	7	30
6	10	27
0	16	91
5	7	31
5	8	25
1	4	22
7	9	33
7	8	26
0	11	91
5	8	23
3	8	21
1	4	23
1	4	22
1	5	21
3	7	25
4	9	25
0	25	90
2	6	22
3	8	30
3	6	21
1	5	21
1	4	20
2	7	23
4	9	26
4	6	23
2	6	21
2	7	21
2	4	30
4	8	24
8	12	32
1	5	21
6	7	22
5	5	23
2	4	21
5	8	27
2	1	22
3	9	25
3	9	23
7	8	31
3	9	24
3	7	21
2	6	21
7	7	27
3	4	21
0	19	90
0	10	91
5	9	25
4	8	27
3	9	30
3	11	30
0	8	90
0	10	91
4	7	23
2	7	22
2	7	21
2	6	20
5	5	25
4	8	22
2	5	24
2	5	20
1	3	20
1	4	22
3	6	22
1	2	22
1	30	91
0	4	33
0	4	33
2	4	21
3	5	22
3	5	21
6	8	26
0	3	20
3	7	21
1	1	22
4	8	24
0	2	21
0	3	21
2	5	21
2	3	21
1	3	21
3	6	25
3	4	24
0	-1	91
1	13	90
5	7	30
4	7	26
4	7	25
4	7	24
3	6	24
2	5	21
5	7	25
8	11	29
6	10	30
7	10	28
5	7	25
5	7	25
6	9	26
3	5	24
2	6	22
6	8	25
4	8	23
6	8	26
2	4	21
5	8	24
5	6	23
3	5	22
3	4	23
2	8	27
6	8	28
0	35	90
5	5	22
4	7	21
4	6	25
4	4	23
1	9	25
2	7	22
2	5	21
7	11	33
0	7	90
10	-1	90
6	11	29
6	10	25
5	8	24
1	3	21
3	7	21
3	6	21
2	3	22
3	7	24
3	5	21
2	5	24
4	5	23
4	9	24
9	13	34
8	10	34
9	11	35
8	10	34
9	10	31
8	9	33
5	9	30
0	3	50
2	6	21
0	2	22
8	8	30
2	3	21
8	11	35
3	5	21
2	6	22
0	17	90
0	15	91
1	3	20
2	6	22
5	9	25
0	6	91
1	4	25
5	9	24
9	13	33
8	10	28
1	5	22
6	7	25
2	6	21
1	3	23
7	10	30
3	5	21
3	8	21
6	10	30
0	10	90
0	9	91
7	8	27
2	4	21
0	7	91
0	11	90
1	4	20
1	4	21
0	6	91
0	11	90
4	11	25
3	7	25
5	5	27
5	10	32
5	10	30
4	12	31
4	7	28
4	8	23
5	7	23
2	5	23
12	18	41
9	13	34
4	6	27
2	5	21
4	6	23
4	6	23
8	12	30
5	10	26
4	6	21
9	11	32
5	9	24
5	8	23
3	7	23
5	4	23
4	5	25
4	5	22
1	6	21
5	13	30
2	8	25
2	9	25
3	8	24
2	7	23
3	7	21
2	6	22
3	7	21
3	8	23
4	5	30
2	7	23
4	7	27
3	8	23
5	7	23
4	13	30
4	11	27
5	12	28
4	9	27
4	11	30
3	9	26
3	7	23
3	5	22
2	6	22
6	11	30
2	10	23
7	10	27
3	5	23
4	6	23
2	6	23
7	10	24
0	18	90
0	14	90
3	7	22
3	6	22
8	12	32
6	6	23
3	6	22
2	8	21
6	10	26
2	8	22
9	9	30
5	6	22
8	11	30
3	9	22
6	10	27
5	6	23
8	10	27
5	10	23
3	7	23
3	6	21
4	8	24
5	8	24
4	5	22
4	7	21
3	7	25
3	6	24
3	5	20
1	3	23
5	11	31
6	10	27
4	7	23
4	6	23
3	6	21
2	6	22
4	6	23
2	5	21
2	4	21
3	8	22
9	10	33
10	16	37
4	10	24
4	7	22
8	12	33
10	11	34
10	12	34
10	12	32
7	8	28
6	7	26
3	8	24
3	10	24
9	10	30
3	6	22
2	5	21
5	11	31
3	8	23
3	10	23
3	5	22
6	7	30
3	7	22
10	15	36
3	7	22
4	7	22
7	10	24
3	9	25
3	8	24
0	15	76
4	14	30
6	8	24
1	9	91
0	12	90
8	10	31
2	4	20
4	5	23
3	4	22
1	6	21
3	7	22
1	5	22
5	10	23
3	7	22
2	6	20
5	9	30
4	12	32
5	8	26
8	10	27
6	10	26
7	11	31
5	9	26
5	8	26
4	8	25
4	8	25
4	6	25
2	9	21
2	10	22
6	9	27
5	9	23
7	11	34
4	8	24
8	11	27
0	4	20
0	1	22
3	3	24
2	6	21
7	11	29
4	6	29
3	6	24
4	7	23
5	9	26
3	8	22
4	6	21
3	6	22
0	20	91
6	6	27
5	7	28
4	8	27
1	7	91
4	8	23
5	7	27
4	6	23
6	5	23
1	4	22
2	5	21
2	6	20
4	5	21
9	11	33
8	13	34
4	8	21
3	8	22
5	11	27
3	7	25
3	7	24
6	11	27
4	8	22
0	6	37
1	3	21
1	4	22
10	11	30
0	9	90
0	6	91
8	10	27
2	7	22
1	13	91
6	9	31
11	11	35
5	17	31
4	10	27
4	13	30
5	14	30
6	13	32
7	11	30
6	10	27
7	11	26
5	9	24
5	10	25
4	8	24
4	7	22
5	8	22
5	8	27
5	9	25
3	8	22
6	11	29
5	12	30
7	11	29
8	11	30
7	10	27
8	14	34
5	13	26
3	9	24
7	14	31
3	9	25
4	9	26
5	10	25
5	9	22
6	9	24
5	10	25
6	10	30
2	6	20
4	8	24
4	6	22
2	4	23
1	5	22
0	4	21
3	6	24
8	12	32
3	8	24
3	8	23
10	13	36
2	6	20
4	8	25
8	11	31
7	13	26
4	11	26
6	7	24
10	9	30
7	8	24
5	8	28
4	12	30
8	12	30
5	9	26
5	6	23
5	7	24
5	10	26
5	10	25
6	7	24
5	7	24
2	8	22
3	6	23
10	12	33
3	8	25
3	8	23
2	9	22
1	8	21
1	9	21
3	6	23
10	12	33
9	11	30
4	9	24
4	7	23
4	8	23
3	9	23
2	8	23
9	13	37
10	13	36
8	8	25
9	10	28
9	11	32
3	6	22
3	7	21
3	8	21
7	12	33
2	5	23
2	3	22
6	8	24
5	11	28
3	5	20
9	11	31
4	7	25
2	3	20
2	5	21
7	6	25
4	9	22
2	7	21
2	5	22
1	7	20
3	7	21
4	9	22
3	8	21
4	11	23
4	11	24
7	11	28
5	9	24
5	10	24
2	5	22
7	13	34
4	6	26
3	6	25
3	10	28
7	11	30
4	7	23
4	6	22
0	12	91
0	11	90
10	17	38
2	9	23
5	7	21
7	11	32
2	5	22
2	6	21
5	10	26
5	6	23
2	7	21
3	7	22
6	9	26
6	11	28
3	10	24
4	11	26
5	13	26
4	12	25
5	10	27
6	12	33
4	6	23
5	12	30
3	9	27
3	9	25
2	4	21
1	2	21
2	3	20
9	12	33
7	12	28
6	10	31
2	3	21
3	7	21
3	7	21
7	8	25
2	9	23
5	8	24
6	9	26
2	21	85
4	7	26
2	7	23
3	9	21
4	7	21
4	5	23
0	5	21
5	6	25
6	7	25
2	5	23
4	7	22
3	8	25
4	8	25
5	6	23
4	6	23
4	6	23
4	5	21
3	8	24
3	6	24
3	6	23
3	6	23
3	7	21
3	7	22
1	7	23
5	9	25
1	6	21
2	6	20
4	12	29
3	7	23
4	7	22
3	8	23
8	16	35
0	14	90
0	13	90
5	13	28
4	4	26
3	8	25
2	6	21
3	6	22
5	12	30
3	8	22
9	12	35
3	6	21
5	9	24
0	3	22
3	10	24
0	4	22
5	7	26
2	3	20
3	7	22
4	6	22
4	6	22
3	6	21
4	7	22
3	8	24
3	6	23
9	15	42
2	8	20
2	6	22
7	12	30
6	13	28
1	5	24
2	4	22
1	4	23
5	9	24
0	16	90
0	11	91
5	9	25
6	12	33
7	9	30
6	10	27
6	11	32
6	13	28
4	9	24
8	8	29
3	8	21
5	6	30
4	6	25
4	5	25
6	6	26
4	7	24
3	6	25
6	13	31
2	5	23
4	7	22
3	6	22
3	5	24
3	5	22
3	6	25
3	5	23
3	6	24
3	7	25
2	7	22
2	6	21
11	8	34
7	8	27
4	7	23
9	6	30
6	8	26
6	11	28
6	14	32
6	11	30
3	8	23
4	10	24
2	6	21
2	7	22
6	10	25
3	10	23
2	7	24
1	4	22
2	4	21
4	8	26
3	7	24
4	8	28
2	6	22
2	5	23
3	7	23
4	7	22
4	7	23
4	7	21
5	9	31
9	10	33
3	5	24
2	5	24
3	6	24
3	4	22
3	3	23
5	8	32
5	11	26
1	4	20
1	5	21
4	8	25
2	5	21
3	6	21
2	6	22
3	6	24
5	6	25
2	6	22
3	7	22
2	4	22
4	5	21
1	3	23
3	6	22
3	7	22
2	6	21
8	11	31
0	5	22
3	7	22
2	7	22
2	8	22
5	10	31
7	8	29
4	6	30
0	9	90
0	5	91
8	12	32
7	10	26
2	6	22
3	5	22
3	6	23
3	6	23
2	5	23
2	5	22
1	5	20
4	6	24
10	12	32
9	10	30
2	4	25
7	31	90
5	6	25
5	7	25
3	8	23
1	8	23
4	8	24
3	8	22
4	7	23
5	7	22
8	10	29
4	10	27
6	10	24
8	11	28
7	10	26
7	10	28
7	10	26
5	8	25
1	5	21
4	8	23
4	10	24
4	10	24
4	11	24
4	11	23
3	8	24
4	10	25
4	15	31
4	5	23
6	9	24
4	9	30
2	9	22
29	28	91
5	11	25
1	4	25
2	7	26
4	7	26
3	6	25
3	6	24
2	6	21
2	6	21
5	7	26
6	10	28
4	8	30
3	7	24
0	31	90
0	4	26
0	3	22
2	5	22
0	2	21
3	7	24
1	3	22
2	3	21
5	8	24
3	3	24
10	12	36
8	10	31
3	6	22
3	5	22
2	4	22
1	3	21
4	5	22
3	9	24
4	7	22
3	8	22
4	8	31
7	11	34
5	8	28
4	6	26
4	7	28
5	8	27
1	4	20
3	6	22
3	8	23
3	8	25
3	9	23
5	11	30
4	10	23
3	10	27
12	10	40
13	12	42
5	11	28
3	6	22
3	6	23
3	8	24
4	7	23
3	7	24
0	10	91
0	7	91
4	10	25
6	11	32
5	5	23
3	6	24
0	3	22
1	6	23
1	5	22
2	6	24
4	10	31
2	6	22
5	7	23
1	3	21
10	12	36
7	11	29
8	10	30
7	9	26
9	14	34
7	14	31
9	13	30
11	11	34
9	13	33
6	14	32
8	14	33
10	13	32
7	13	31
7	15	32
8	11	26
6	10	25
7	10	24
5	13	31
3	5	23
0	10	91
0	9	91
4	7	32
7	11	32
2	6	22
3	6	20
3	7	23
5	6	26
6	33	90
4	5	22
8	9	29
2	5	23
2	28	90
1	5	21
20	-1	90
8	11	30
5	10	30
5	8	24
2	2	23
8	8	30
2	4	21
8	12	30
6	10	27
2	7	20
3	7	21
9	12	34
9	12	37
7	9	30
2	3	21
4	7	24
5	4	22
4	5	23
2	4	22
2	4	21
0	3	20
0	4	21
4	7	24
2	5	21
5	6	23
2	7	24
8	13	34
9	14	37
4	8	24
4	6	23
4	4	22
1	4	24
2	8	24
2	6	22
2	5	22
2	5	21
2	5	20
5	7	23
2	3	22
5	10	26
2	5	22
2	5	21
4	6	24
3	5	23
3	5	22
2	5	21
4	9	23
6	9	23
1	4	21
7	11	30
3	6	21
6	10	30
7	8	27
1	8	24
3	4	23
4	7	22
1	7	20
2	5	21
2	7	21
3	5	22
2	4	21
0	11	87
0	10	87
0	9	90
0	4	89
9	12	33
9	11	33
0	3	24
3	7	24
3	6	22
4	7	22
3	8	25
4	9	25
13	19	44
5	23	55
16	17	42
8	15	39
4	12	32
0	5	38
6	7	25
3	7	22
5	9	31
4	6	21
7	9	29
0	8	91
0	8	89
5	7	26
2	6	20
7	9	26
6	8	23
5	9	24
8	10	29
6	9	25
0	1	20
4	8	24
5	7	23
5	8	30
6	10	33
3	4	21
2	6	21
0	17	90
0	5	21
3	6	21
0	6	91
6	7	25
5	10	28
3	7	22
2	4	21
0	8	91
6	6	30
3	10	23
0	33	90
2	2	23
5	10	27
4	10	26
3	9	23
4	5	25
3	9	24
2	11	30
6	8	26
0	4	23
1	2	21
1	5	22
2	3	20
0	11	89
1	7	90
3	5	21
6	8	28
2	6	20
4	7	30
5	9	30
4	6	23
5	10	31
6	6	26
1	3	21
3	7	24
1	6	25
2	7	22
0	5	22
4	8	26
3	6	22
4	9	25
3	4	23
3	4	21
3	6	21
2	6	20
0	2	90
1	6	91
4	7	23
2	7	22
3	9	25
2	6	22
2	8	22
1	8	22
4	7	22
3	7	24
3	6	21
6	7	24
5	7	23
2	8	22
0	17	91
4	8	25
2	25	91
1	27	91
1	27	91
1	27	91
3	7	26
4	6	23
5	13	31
2	3	22
2	4	21
2	4	23
2	4	22
0	3	22
0	2	21
5	11	30
1	6	23
2	3	21
1	2	20
2	9	22
4	7	21
2	4	21
2	5	22
3	6	22
2	5	20
1	3	22
0	17	90
5	9	25
6	7	26
2	7	20
2	6	21
2	6	22
4	9	30
4	8	23
4	7	24
4	5	22
4	5	28
3	6	30
4	6	26
0	11	91
0	17	91
5	8	27
2	6	21
1	7	21
1	6	22
2	7	23
2	7	21
6	11	28
3	8	24
3	6	21
3	6	20
3	9	24
1	3	21
7	13	28
7	12	28
2	6	20
3	8	23
4	7	22
4	8	25
4	10	25
5	8	24
4	9	23
3	7	22
2	5	20
5	8	22
5	5	28
4	7	24
4	9	23
3	7	22
3	7	23
5	9	31
3	7	23
5	10	28
5	9	27
4	11	31
4	8	25
4	10	26
5	10	27
5	10	25
4	10	26
3	10	25
0	-1	90
3	6	22
4	7	23
3	5	22
3	5	21
1	6	24
0	4	22
5	8	30
7	5	25
0	2	21
0	4	21
1	5	22
0	5	21
2	9	30
0	3	23
3	5	23
0	8	90
0	8	91
0	8	90
0	15	91
3	7	21
0	16	91
2	6	21
6	9	29
7	10	30
9	11	31
2	3	21
5	8	25
3	6	21
0	4	21
1	4	21
2	3	20
1	23	90
1	3	22
0	2	20
3	5	23
5	10	24
3	6	24
5	10	27
0	4	22
2	5	23
6	12	29
2	6	22
5	9	27
0	1	91
6	10	30
1	4	20
0	2	23
4	6	25
8	8	32
8	9	32
9	10	36
8	11	37
3	6	24
4	5	24
4	5	26
2	4	22
5	10	30
1	2	27
4	7	24
2	7	21
1	5	21
2	8	24
2	6	21
2	6	21
1	4	23
5	8	27
5	7	26
2	5	20
0	13	90
0	13	90
0	11	91
1	11	91
9	9	32
0	3	21
2	4	22
2	5	25
1	4	22
1	5	22
2	5	21
8	10	26
4	4	21
2	5	20
6	9	26
2	7	21
4	7	24
2	5	23
5	8	27
5	12	32
3	9	27
1	5	22
11	16	41
3	6	21
8	10	25
7	9	31
2	7	23
9	15	35
10	14	34
7	9	30
2	6	21
10	12	33
3	6	21
5	8	25
3	7	21
5	5	25
6	9	29
0	5	78
0	6	78
1	-1	91
1	5	20
0	6	89
0	10	91
7	13	30
4	6	26
4	7	26
4	6	24
4	7	26
3	7	24
4	5	24
0	4	21
1	5	24
5	5	26
0	10	90
1	10	90
8	10	32
1	6	22
7	11	37
6	10	32
8	10	31
7	9	30
7	9	29
7	10	29
6	9	27
6	9	26
6	9	26
5	8	24
4	6	23
7	11	33
3	6	21
1	3	20
5	6	32
4	6	30
5	9	26
1	4	22
2	5	22
3	8	30
4	7	30
5	7	31
5	7	28
3	7	27
4	6	26
5	5	25
6	6	30
3	6	27
3	6	25
3	6	24
3	8	23
2	5	21
6	7	27
7	8	26
3	7	23
4	6	23
3	6	21
2	7	23
2	5	25
3	5	22
2	7	21
2	7	21
1	5	22
0	4	20
3	6	21
2	3	21
0	1	21
4	7	24
4	8	24
1	6	22
6	8	31
2	4	22
1	7	90
4	5	21
6	8	24
8	11	30
2	5	22
3	9	23
7	11	31
5	8	23
6	10	27
2	6	22
2	6	21
1	3	20
2	4	23
5	8	25
4	4	24
5	10	33
3	6	23
0	10	90
2	5	23
5	9	25
0	11	90
0	10	90
0	-1	91
0	-1	90
0	7	91
3	6	23
5	11	30
1	2	21
1	2	22
6	10	31
0	6	91
7	14	32
0	12	91
0	9	91
4	6	22
6	6	24
1	3	21
6	4	31
1	4	20
2	7	22
1	10	91
0	11	91
2	5	22
2	5	21
11	10	32
5	8	24
0	17	91
0	19	91
1	7	24
2	6	22
3	5	22
3	7	22
4	8	27
0	8	90
0	11	90
1	6	20
3	5	22
8	10	32
4	5	22
3	8	24
1	37	91
5	9	27
7	7	23
4	9	26
3	6	21
5	7	24
4	7	25
3	7	23
3	6	23
4	6	24
3	7	22
4	8	27
5	9	30
5	7	25
2	6	22
1	4	20
5	9	24
3	8	30
4	8	23
7	8	33
4	9	26
3	7	22
3	7	23
5	6	24
5	8	25
5	6	28
5	9	30
3	7	23
5	6	22
2	5	21
0	14	90
6	8	25
8	9	28
4	8	23
9	11	33
9	25	90
3	7	22
6	7	25
5	8	25
9	11	36
0	28	91
0	10	91
7	7	27
7	7	28
12	12	37
5	9	24
2	7	22
4	10	24
8	11	30
6	8	27
2	6	21
2	5	22
4	5	21
4	5	23
2	3	22
4	8	25
4	6	23
4	8	26
6	11	30
1	4	21
8	9	32
3	6	21
3	4	22
5	6	26
4	5	23
2	4	23
1	4	21
0	4	23
4	7	25
6	12	32
3	7	21
8	15	35
4	11	24
6	8	25
5	7	27
5	5	25
10	20	41
7	9	32
5	7	26
3	5	24
2	4	21
2	5	22
2	4	21
7	12	30
7	9	27
2	3	23
6	8	30
8	13	34
4	5	23
8	10	31
8	9	32
1	4	23
1	4	22
1	4	20
2	7	23
1	7	90
5	9	24
2	6	20
5	7	26
1	4	23
3	7	22
5	7	23
1	13	91
5	10	26
0	7	64
7	12	30
7	12	31
7	11	28
4	5	24
6	8	29
5	7	24
7	11	26
6	9	25
5	9	23
1	3	20
0	4	22
0	2	24
1	4	21
4	7	23
9	9	28
8	8	26
8	8	26
4	6	22
2	5	21
4	6	24
3	7	22
7	12	31
3	10	26
4	5	23
3	6	22
1	8	23
1	8	22
5	9	25
5	9	24
5	8	25
5	8	26
5	6	24
6	8	28
6	8	26
6	8	26
7	9	28
3	8	25
3	10	23
2	7	21
4	6	25
1	6	20
3	7	23
2	6	23
1	20	56
5	10	30
4	7	22
4	10	24
5	11	23
4	8	23
4	10	24
7	8	28
6	9	26
5	8	23
4	7	25
3	8	24
3	6	23
2	5	22
2	6	22
4	11	31
4	9	27
5	11	26
5	8	25
5	10	33
9	10	34
7	10	25
3	8	24
3	8	25
2	9	24
7	8	26
9	10	28
4	10	25
2	6	22
7	10	27
3	6	22
3	7	22
2	7	23
4	7	24
3	7	23
2	8	23
3	7	22
3	7	21
9	13	35
8	9	34
3	8	23
4	9	26
4	9	25
4	8	25
4	8	24
4	6	24
5	7	25
4	6	24
3	7	25
3	5	23
10	12	31
5	10	26
11	10	40
13	11	41
9	8	31
11	9	36
11	10	39
7	8	34
9	9	34
10	9	35
2	4	22
8	13	35
7	10	26
0	5	91
0	6	91
8	11	35
3	6	24
3	7	25
6	9	26
3	7	23
4	7	24
2	5	21
0	5	21
2	6	21
3	4	22
9	13	32
2	23	91
0	9	90
3	4	21
7	11	33
3	7	22
4	7	22
4	6	21
4	8	25
5	6	24
2	7	22
3	7	21
7	11	27
4	5	24
5	8	24
5	35	79
4	31	72
4	6	23
3	8	23
4	7	22
8	13	35
11	12	34
3	7	22
4	8	24
3	9	24
4	11	31
3	6	24
4	8	26
3	10	24
4	8	26
5	9	27
2	5	22
4	7	22
8	10	30
8	9	28
0	4	45
0	4	45
5	7	26
5	6	24
3	6	22
0	-1	90
0	8	91
6	13	28
3	8	23
3	8	22
3	7	24
6	11	29
9	13	34
8	12	37
6	7	25
1	4	21
4	6	23
4	7	23
3	7	23
4	7	21
3	8	25
8	11	32
3	8	25
4	8	26
5	11	28
7	13	32
6	10	26
6	9	25
6	10	27
3	8	23
3	7	22
2	7	22
3	8	22
3	7	22
5	13	30
7	12	27
7	10	27
1	7	22
7	8	25
4	7	24
3	8	22
4	9	30
2	5	23
1	6	22
2	4	21
4	5	23
10	11	33
9	10	35
10	9	33
5	15	28
5	12	30
5	7	23
7	10	28
6	8	26
3	7	22
2	6	22
5	9	25
3	9	24
5	11	28
1	6	20
2	9	22
2	4	21
4	5	23
4	6	22
1	7	23
5	7	24
6	6	23
5	6	26
2	8	23
9	11	27
10	14	32
9	12	32
8	10	27
7	7	25
2	6	21
2	4	22
2	3	21
3	5	24
4	10	24
3	7	23
5	7	23
2	7	21
23	-1	91
11	14	40
12	14	40
13	16	45
15	-1	44
12	12	41
3	7	22
3	6	21
3	6	21
3	6	22
3	5	20
3	5	21
6	6	22
5	8	28
6	10	35
5	9	25
2	6	22
2	7	23
0	3	21
0	3	22
1	5	24
2	6	23
0	3	22
5	8	30
5	9	21
9	13	33
6	9	27
5	11	26
0	2	20
1	3	20
1	4	21
1	5	21
1	3	21
1	5	21
10	16	34
4	11	27
5	10	24
3	9	25
5	14	31
3	6	23
1	8	20
4	13	26
9	8	35
7	10	30
3	8	22
4	9	22
4	9	23
2	10	24
3	8	22
1	8	24
1	9	23
4	9	24
9	11	32
1	2	21
2	3	20
2	6	21
5	7	23
7	11	28
6	12	28
3	9	24
3	8	22
7	7	25
4	8	24
4	8	23
4	6	23
5	10	25
4	11	25
6	10	25
4	8	25
8	10	27
3	6	24
0	14	89
1	10	91
6	9	26
5	9	23
10	15	33
8	12	28
8	13	35
5	12	30
5	11	27
5	8	25
6	11	28
2	4	21
5	8	24
6	7	27
3	7	24
2	7	23
0	4	22
1	3	23
0	5	21
2	3	21
5	8	24
4	7	24
3	7	21
3	7	20
3	7	22
3	5	20
3	4	22
4	8	22
0	3	21
5	9	23
2	3	24
2	4	22
4	9	25
3	6	22
3	4	20
3	7	23
2	8	24
2	5	21
0	2	24
0	2	23
0	3	21
0	4	25
0	2	23
0	6	91
0	9	90
1	8	23
6	8	28
3	6	21
3	6	20
6	7	27
6	12	27
7	8	25
6	7	24
10	10	33
2	7	22
2	7	20
3	6	22
7	12	27
3	9	26
7	11	30
3	6	24
2	4	22
3	8	23
6	11	30
0	18	91
0	10	90
3	7	21
4	7	24
2	7	22
0	9	91
2	6	22
3	7	20
5	8	23
3	7	21
2	6	22
5	7	26
5	8	26
7	11	32
6	9	26
6	9	26
7	9	30
6	7	30
4	7	22
5	10	26
4	6	24
5	8	23
3	8	24
5	7	25
5	7	23
1	4	22
7	9	32
1	3	22
6	9	23
5	14	30
4	9	26
4	6	23
10	11	34
11	12	35
4	7	22
10	12	32
8	17	33
7	14	30
4	11	24
13	10	38
4	9	25
5	11	30
5	12	28
2	3	24
5	6	23
5	8	25
5	11	29
7	7	27
5	33	90
0	6	90
0	12	89
4	6	22
6	9	27
8	16	34
2	30	91
2	6	23
19	20	90
4	7	24
2	8	22
3	6	22
4	-1	91
8	10	30
8	12	30
7	9	27
5	8	27
6	13	29
4	10	24
6	12	30
7	11	29
5	12	31
3	5	23
2	5	20
3	7	24
5	7	25
5	6	24
7	7	24
3	10	30
5	8	26
1	7	22
1	4	21
2	5	20
1	4	21
3	8	26
2	5	24
3	5	21
3	7	22
1	6	22
6	6	25
3	7	24
1	6	90
0	6	90
6	9	31
5	6	23
5	8	25
4	4	21
6	10	26
4	7	23
7	9	30
7	9	25
5	8	28
5	7	25
0	7	90
5	10	29
3	6	24
4	9	24
4	7	25
4	9	25
3	7	23
8	13	31
4	10	24
7	7	26
6	6	24
0	2	21
1	2	22
5	8	25
8	10	31
8	11	27
6	9	26
4	7	25
4	6	23
2	4	21
8	12	30
3	6	26
4	6	24
4	9	23
3	8	22
4	8	24
4	6	23
3	7	22
0	5	20
2	5	25
2	6	21
1	6	20
2	3	21
6	6	24
0	-1	91
3	7	24
3	7	23
3	7	23
4	7	24
4	9	25
6	13	31
7	9	28
7	10	30
1	5	24
1	4	22
0	2	21
0	2	20
1	4	23
4	9	30
3	5	20
2	4	21
5	7	26
2	7	20
2	8	21
3	8	21
2	6	23
3	8	22
8	13	30
8	9	26
4	8	24
10	11	33
5	9	27
3	5	21
0	13	91
0	14	90
2	5	24
4	8	23
4	6	23
8	9	27
2	6	22
3	6	21
3	9	24
7	9	28
6	9	30
5	11	26
5	9	25
3	6	23
3	6	21
3	6	20
2	5	21
1	5	23
0	5	22
0	3	21
0	2	91
0	11	90
1	6	22
2	4	21
8	7	26
2	5	22
4	5	26
2	4	22
4	9	25
6	9	30
5	8	26
6	9	26
7	10	29
4	9	22
3	8	21
4	10	24
1	6	23
7	8	29
8	9	28
6	7	27
3	7	22
1	5	21
8	9	27
2	3	23
6	11	30
7	11	30
7	10	32
5	8	25
6	8	30
2	5	23
6	9	24
3	8	26
4	8	26
3	6	24
3	7	23
2	7	22
3	6	21
3	6	20
5	9	23
5	9	24
5	8	23
1	6	21
0	20	91
0	20	90
3	5	22
3	6	22
0	13	90
1	16	91
0	3	21
0	5	24
8	10	26
0	3	21
3	8	25
8	7	28
8	7	29
8	8	30
5	6	26
5	6	25
3	5	22
2	6	21
3	5	22
5	7	24
2	7	21
3	7	22
2	5	22
7	8	29
9	9	33
6	8	29
5	6	27
3	7	23
3	6	22
2	6	22
4	8	23
4	7	23
6	10	27
1	52	91
3	6	22
0	10	77
5	6	28
5	6	24
6	7	24
7	8	26
6	15	33
7	9	28
5	8	23
1	2	20
2	9	24
0	4	21
1	5	22
5	11	27
4	9	24
0	10	90
0	6	91
0	17	84
9	13	33
5	7	26
2	8	21
5	8	30
6	10	31
6	12	32
7	9	31
3	5	23
4	7	25
2	6	24
1	3	21
3	7	24
4	7	23
3	7	24
4	9	25
3	7	22
3	10	25
2	9	22
4	8	24
5	7	26
4	6	22
4	8	26
3	8	25
2	6	23
4	6	24
3	5	22
8	12	32
1	3	21
2	6	23
1	7	22
2	7	22
1	4	21
4	8	23
5	8	22
6	9	27
4	12	24
4	8	24
4	6	24
3	6	22
5	9	23
4	8	22
4	6	23
2	5	21
2	4	22
4	10	23
4	10	25
4	7	24
3	6	22
5	11	27
8	9	28
5	11	30
6	10	26
7	11	27
3	6	22
2	5	20
2	5	20
1	5	21
7	11	32
4	7	23
4	5	22
3	5	21
3	5	20
2	4	20
5	7	24
2	7	22
2	6	21
2	8	23
4	9	22
3	11	25
2	9	25
9	9	27
5	6	25
2	3	21
2	4	21
3	6	21
3	7	23
6	7	25
3	6	22
3	6	21
3	7	23
5	10	29
5	7	22
2	3	22
5	8	22
4	9	25
7	9	26
7	11	34
5	9	30
7	9	26
10	10	33
1	7	22
2	4	23
0	6	20
7	8	31
9	27	90
4	7	26
4	7	22
2	10	23
3	9	22
6	9	27
2	7	22
5	8	26
2	3	21
2	4	22
3	9	22
4	8	25
3	7	23
4	7	22
9	14	32
5	4	24
0	13	91
0	9	91
5	7	22
1	4	20
3	6	21
4	8	23
10	13	35
9	11	33
7	8	26
6	8	26
6	31	91
3	7	23
9	10	34
5	10	26
6	8	24
4	9	23
9	12	35
7	12	30
3	4	21
8	12	32
4	6	24
7	10	32
5	9	26
2	7	22
2	8	22
2	8	23
2	8	24
2	7	22
3	7	24
4	9	25
4	10	24
4	12	30
4	12	26
3	9	24
7	13	37
7	10	30
5	12	28
10	15	38
8	14	35
3	6	21
2	6	22
3	6	23
3	5	23
3	6	21
4	6	22
8	9	32
7	15	30
7	12	30
7	13	33
7	10	27
4	12	30
7	9	27
6	9	27
7	10	27
5	10	26
1	29	91
5	12	32
5	6	26
5	6	25
6	6	25
0	10	86
0	9	91
0	4	23
0	12	90
0	7	90
6	5	23
9	11	29
1	2	21
3	8	23
5	9	23
3	8	23
3	6	23
5	10	25
4	8	25
0	13	91
0	17	91
2	7	22
3	6	30
5	7	28
2	4	21
2	6	22
3	6	22
1	8	21
7	9	27
4	7	23
5	10	25
4	8	23
4	9	24
7	11	32
6	12	31
6	12	28
7	12	32
4	12	32
2	4	21
3	8	25
3	7	23
3	9	23
6	8	23
2	6	21
9	12	32
2	6	23
1	7	21
3	8	22
4	7	20
0	3	20
4	7	24
4	6	23
4	5	21
3	6	22
4	5	24
3	6	23
4	11	27
6	11	27
7	10	26
12	9	36
10	10	36
7	11	26
9	12	29
5	9	30
6	10	30
5	9	24
6	10	29
4	6	24
2	7	23
2	8	23
4	10	28
0	8	90
5	7	24
3	6	24
3	4	21
2	6	22
5	10	25
11	14	36
11	14	35
6	8	25
7	11	31
10	9	33
7	8	34
7	9	32
8	9	30
6	8	25
3	6	21
3	6	25
2	5	21
5	9	24
7	7	23
4	9	26
6	12	32
4	10	25
2	10	24
14	16	40
5	8	23
3	7	21
8	14	27
2	7	23
2	6	22
2	5	22
0	5	76
2	4	20
9	11	31
7	10	27
6	12	32
3	4	23
7	10	30
10	12	32
10	13	33
3	5	26
4	8	24
2	6	22
3	9	23
5	9	31
5	12	31
5	11	30
5	11	29
4	9	24
4	9	26
4	9	26
3	10	24
7	13	30
5	8	23
5	7	22
5	7	23
6	8	25
4	5	22
3	7	22
9	11	30
4	10	26
3	11	26
3	10	25
4	11	32
6	6	30
3	6	27
0	15	91
1	12	91
4	7	26
6	9	30
6	9	28
1	21	87
6	10	28
3	8	23
1	4	20
5	8	30
2	7	21
1	1	23
5	5	25
0	5	21
3	8	24
1	9	23
2	6	22
1	6	21
6	9	28
3	7	23
2	4	22
4	6	22
3	6	23
2	6	24
3	6	23
3	4	22
2	4	24
4	6	21
2	6	23
3	7	23
2	7	23
5	9	25
5	8	28
10	13	33
8	13	30
8	12	29
8	14	33
5	6	25
3	7	24
4	6	23
3	6	23
1	4	21
2	4	20
0	4	21
1	3	23
0	3	22
7	9	26
2	8	24
2	9	23
3	7	26
3	7	23
4	7	24
3	6	23
4	8	23
3	3	23
3	5	25
3	6	25
3	6	24
4	7	24
8	10	36
9	9	35
8	8	33
2	7	23
2	5	22
9	36	90
1	5	22
2	9	25
4	8	23
2	8	21
4	10	23
4	8	24
4	11	25
1	5	23
1	3	23
0	9	90
0	11	91
5	5	24
3	7	21
3	11	23
6	14	27
6	12	26
4	9	25
5	9	26
7	8	26
6	7	25
10	14	33
4	5	22
2	7	21
7	14	32
8	15	40
7	8	26
2	8	20
7	10	29
6	9	25
4	9	23
3	7	22
4	7	23
6	5	24
3	8	26
8	12	35
2	4	21
7	9	26
10	12	37
5	8	24
5	10	25
3	10	23
3	6	24
3	7	24
5	9	25
6	30	91
5	30	91
4	7	23
7	13	28
5	9	25
0	8	91
4	5	23
4	8	27
6	7	27
3	6	22
3	8	22
4	9	24
7	11	26
9	13	30
8	11	26
7	12	27
6	12	29
5	10	24
6	7	25
3	8	23
7	10	31
4	10	27
2	7	22
3	8	24
5	7	24
5	7	25
3	7	25
3	6	24
3	5	23
4	6	23
2	6	20
5	12	25
7	9	25
9	11	29
8	11	33
2	5	21
2	5	22
2	5	22
3	5	23
1	3	20
4	7	22
1	5	22
5	7	25
10	13	37
10	10	34
2	5	21
4	7	22
1	7	23
5	9	25
4	7	24
5	8	22
3	8	22
4	8	25
4	7	21
5	7	23
1	5	21
2	7	22
2	5	22
0	5	91
0	5	91
1	4	22
1	6	21
3	6	20
9	9	30
2	8	24
5	10	34
3	6	22
0	11	91
0	17	91
4	8	26
4	10	30
3	6	23
1	4	21
6	5	25
7	13	32
3	7	22
3	5	25
3	5	24
3	7	20
2	4	22
4	4	23
2	5	20
2	6	21
4	7	25
6	7	25
3	6	24
3	7	23
4	6	23
3	7	23
3	30	91
7	10	30
4	5	23
4	6	24
1	4	21
3	5	22
6	9	25
4	7	25
4	8	25
2	6	21
4	7	22
2	4	21
3	6	22
2	8	20
1	5	21
0	12	90
4	10	23
5	8	25
6	11	36
7	9	32
3	6	23
3	8	32
5	10	30
3	7	25
1	7	24
1	4	23
1	4	22
1	3	23
8	9	32
9	9	34
8	9	30
5	9	28
4	7	23
5	6	25
2	4	23
7	9	28
4	6	25
2	5	24
1	4	22
5	6	23
2	6	22
2	4	21
5	9	26
4	8	25
5	8	24
7	8	26
4	9	30
4	7	24
3	6	25
3	6	24
2	7	23
2	7	23
3	6	24
2	8	22
3	7	24
4	6	24
3	8	24
6	11	32
4	8	24
3	6	23
4	8	23
4	6	23
0	6	90
5	10	31
4	6	24
2	9	24
2	7	22
4	8	23
4	7	23
4	7	22
0	5	91
6	6	25
3	4	21
8	13	36
9	10	32
6	11	32
7	13	33
6	9	30
6	10	28
6	8	27
6	9	27
5	9	26
5	9	25
3	6	21
2	6	24
2	5	22
3	5	26
2	4	22
3	3	21
3	5	21
8	11	29
3	6	22
4	9	27
1	3	22
0	17	90
0	9	91
1	5	23
5	9	25
0	10	79
0	12	79
1	5	21
4	6	27
6	8	25
7	9	32
7	8	28
11	13	36
5	7	22
5	5	27
3	6	21
5	6	26
1	3	23
1	2	22
1	3	21
3	6	21
4	7	25
6	9	30
3	6	21
7	12	27
2	4	21
9	9	32
5	39	91
3	7	23
1	2	21
4	10	26
4	7	22
4	8	23
4	8	23
7	7	31
1	6	21
21	32	88
4	8	28
0	17	90
3	6	21
2	6	22
5	7	22
3	7	26
5	7	21
5	8	24
3	6	21
6	10	32
6	11	32
4	6	24
3	7	26
6	9	31
5	9	30
4	8	27
5	8	25
4	6	26
4	4	24
3	7	24
1	3	22
1	4	20
4	6	23
7	12	33
5	6	25
3	6	23
4	7	25
6	6	28
4	6	26
4	9	27
3	5	20
2	3	21
4	23	51
6	8	24
4	9	25
3	7	24
1	4	20
0	11	91
0	9	90
3	3	23
6	8	25
5	7	26
5	8	27
4	11	30
1	5	22
2	6	21
9	6	30
4	9	25
7	9	29
5	10	26
5	10	27
4	9	27
6	8	25
4	8	23
3	9	22
5	8	24
4	7	22
3	7	21
5	6	30
7	8	28
2	7	22
6	8	22
2	6	21
0	6	69
0	6	69
7	10	26
11	10	32
9	9	29
4	8	24
4	5	23
9	7	33
5	7	26
5	7	25
5	6	25
5	4	26
5	7	24
3	5	20
7	9	26
6	11	26
9	13	35
4	6	22
4	8	21
3	9	21
3	7	26
5	11	24
1	6	24
3	11	27
5	12	32
4	8	26
1	4	23
5	10	30
3	6	22
4	5	25
2	5	21
6	7	28
2	5	21
4	7	24
0	5	62
1	7	22
3	7	24
3	7	23
4	9	31
6	9	23
2	4	20
6	7	24
0	10	91
0	6	91
5	8	25
5	8	25
7	12	34
3	9	23
5	7	25
9	10	29
8	9	28
8	11	29
9	11	32
3	11	26
1	6	21
5	9	22
7	11	27
0	-1	91
0	17	91
5	6	25
4	5	24
1	3	21
5	8	27
4	5	22
8	12	29
4	8	24
6	9	26
4	7	22
4	6	23
4	7	23
0	19	91
6	10	24
1	7	23
1	4	20
6	10	27
6	13	31
5	10	24
5	9	31
0	4	21
0	9	91
2	5	24
3	5	24
5	26	88
2	4	21
2	7	21
6	9	24
6	11	25
3	8	22
0	17	90
3	7	22
4	10	29
8	9	28
0	7	90
0	6	91
6	13	31
5	7	23
1	5	23
5	8	22
4	8	23
3	9	23
7	9	31
14	13	37
3	8	24
3	6	24
2	5	21
2	6	21
1	6	91
0	11	91
0	3	21
4	6	22
3	7	23
4	8	23
1	4	24
7	10	30
1	7	23
9	12	32
7	11	30
2	8	22
3	6	21
3	6	23
2	2	21
5	5	30
4	10	24
5	6	23
1	3	21
7	8	24
3	7	23
1	5	22
2	6	21
8	8	27
9	10	32
2	5	20
7	10	34
4	8	27
5	7	26
5	10	28
3	7	24
3	6	23
6	10	30
2	4	23
12	10	34
11	10	33
10	10	33
9	8	32
9	8	30
1	4	21
1	27	90
4	6	24
2	5	26
4	6	23
5	10	25
2	5	21
3	8	22
0	10	91
0	11	90
5	6	25
6	10	30
4	6	22
0	6	91
3	7	22
6	8	25
4	7	26
7	10	27
5	22	48
6	31	64
6	-1	68
5	31	65
9	11	32
3	6	23
2	5	22
6	10	30
2	6	23
2	7	22
2	3	22
9	8	30
2	7	22
3	7	23
5	9	30
7	9	25
7	9	25
0	8	90
2	5	21
0	6	91
0	7	91
8	13	32
7	10	27
7	10	28
5	11	29
5	8	26
3	9	26
4	7	23
4	9	26
2	7	22
2	7	24
1	4	21
1	4	20
7	13	31
5	5	26
3	8	34
3	4	23
2	5	24
2	4	23
5	5	22
3	6	22
5	5	24
12	15	39
12	14	36
8	8	28
7	10	27
6	5	26
5	8	27
8	12	34
2	2	21
5	10	26
4	7	28
3	6	23
3	5	22
3	8	24
3	7	24
4	6	23
5	5	23
5	9	31
1	6	21
4	7	25
4	7	24
6	7	29
0	2	20
1	2	22
6	9	26
6	10	26
7	9	28
5	9	25
1	6	21
6	10	26
1	3	21
3	8	23
7	9	31
4	7	22
4	8	25
3	9	25
4	8	25
3	9	25
1	13	90
0	13	89
0	4	22
2	4	22
3	6	21
2	3	22
4	11	25
10	12	32
9	11	31
5	9	23
6	12	29
1	5	22
3	13	26
4	9	31
0	35	90
1	3	21
2	5	23
1	3	21
7	9	32
3	6	26
4	7	22
5	6	25
4	7	27
3	34	91
3	8	21
3	8	21
5	7	26
2	5	20
9	10	31
9	9	30
9	9	29
7	10	28
7	8	26
6	9	26
7	8	28
4	9	30
5	10	27
3	6	23
4	7	23
4	7	22
1	3	21
6	6	25
3	6	23
4	6	24
5	7	27
2	6	24
7	10	27
10	10	28
5	7	30
2	6	24
1	5	25
4	5	24
4	6	25
3	10	25
0	-1	90
3	11	25
3	5	24
2	8	21
6	8	29
3	4	20
0	2	22
3	8	24
2	6	22
1	3	21
4	6	24
0	7	91
3	10	30
1	3	20
2	4	21
2	4	20
6	8	24
0	17	91
0	15	90
3	9	22
3	9	21
6	6	25
2	7	20
3	5	21
3	8	21
5	7	25
1	3	21
3	5	22
1	29	91
10	12	35
4	5	24
3	7	22
1	5	22
6	8	27
7	11	32
4	8	26
3	8	23
5	8	24
4	7	23
4	7	23
9	11	31
4	11	27
3	34	91
2	4	25
5	8	25
7	8	30
11	14	35
5	6	24
3	7	24
2	7	23
2	6	21
2	5	21
2	4	20
3	6	23
2	5	22
6	11	27
2	5	22
3	6	22
3	8	25
4	9	25
3	11	25
4	5	22
4	7	25
3	7	22
9	11	34
5	6	24
0	21	91
3	7	24
2	9	24
3	7	23
2	9	22
4	8	27
2	5	22
0	8	64
0	10	64
8	15	35
9	12	33
9	13	33
2	6	22
3	5	24
2	7	22
10	13	36
9	10	29
4	6	23
1	4	22
5	6	24
2	5	25
6	8	25
7	12	31
8	9	30
1	4	25
4	8	26
2	6	20
6	11	25
3	8	25
5	8	23
3	6	23
3	5	21
3	6	23
2	5	23
2	7	20
6	10	30
8	8	30
2	4	21
2	7	21
5	7	23
10	13	30
4	8	24
3	5	21
3	7	22
2	7	23
6	11	34
7	11	29
5	10	28
6	9	27
7	12	34
7	12	34
7	11	33
6	11	32
7	11	31
5	11	30
6	9	26
7	11	35
5	8	25
4	8	24
5	11	32
2	7	22
3	7	21
2	5	23
3	5	22
4	7	22
3	6	22
2	7	23
1	3	22
3	3	21
3	9	23
5	10	25
6	9	23
6	7	25
3	7	23
4	7	22
8	10	32
2	4	23
0	6	91
0	8	90
0	7	91
0	9	90
3	5	22
3	5	21
1	4	20
5	10	28
2	6	22
3	7	21
4	13	30
6	12	27
6	10	28
6	11	25
3	5	22
5	8	24
0	3	20
1	4	21
1	5	21
1	5	21
6	6	23
5	8	27
7	10	34
2	6	21
2	4	21
3	5	22
4	11	30
0	4	27
3	5	22
3	5	23
25	29	91
4	29	91
0	10	91
9	11	33
4	7	21
2	6	22
2	7	21
4	9	24
0	9	88
0	16	90
7	13	35
5	8	25
5	8	24
4	7	23
3	6	24
0	12	91
0	8	90
4	7	25
2	20	90
0	10	90
2	4	24
5	8	31
10	15	37
11	15	35
10	13	33
9	15	33
6	7	25
0	13	90
9	11	32
3	6	21
4	8	23
8	13	30
4	7	24
5	8	24
7	9	26
1	5	21
2	6	21
3	6	22
4	6	23
7	4	26
2	4	22
6	7	25
2	5	22
2	8	21
6	7	30
6	7	28
6	7	27
7	7	30
5	8	31
1	6	23
8	9	26
6	7	26
8	13	28
9	13	33
8	9	31
2	6	20
7	6	30
3	8	24
2	5	21
3	4	21
0	11	91
0	12	91
1	3	21
0	34	91
1	5	20
3	5	22
2	8	23
3	8	23
3	7	26
3	5	24
0	4	23
0	3	20
0	3	23
0	2	22
0	3	22
5	7	22
2	4	25
9	9	33
7	9	26
6	27	90
6	11	30
4	9	24
5	11	26
3	5	23
3	7	22
0	27	90
4	9	23
5	7	22
6	6	26
3	4	22
6	5	23
0	12	90
6	11	29
9	12	31
10	15	36
4	5	25
5	10	30
0	7	90
0	5	21
6	7	25
4	9	22
3	6	23
5	8	31
2	4	21
1	7	22
8	8	26
4	6	23
5	7	30
8	10	32
0	5	20
5	7	27
5	6	26
2	8	22
6	7	30
8	9	27
2	4	21
2	7	22
0	4	21
4	9	26
5	6	24
3	4	21
1	3	20
2	3	23
1	3	20
1	10	23
3	6	23
5	9	26
8	6	27
4	8	23
0	6	22
10	12	34
6	8	25
3	7	23
5	32	90
4	6	23
3	3	22
4	7	24
5	7	32
7	9	32
6	8	33
5	6	28
9	9	35
7	10	34
3	10	22
0	14	91
0	13	91
6	6	23
0	11	91
1	9	88
3	8	24
3	5	24
2	4	24
2	5	22
4	9	25
3	4	24
3	4	23
6	8	25
6	10	25
0	3	22
0	3	20
0	12	91
0	17	91
5	9	30
6	13	30
1	4	21
4	8	30
6	10	30
5	11	27
8	15	36
1	5	22
2	4	22
2	6	24
1	5	23
8	9	31
7	12	34
9	12	35
8	11	31
3	3	23
5	10	31
5	10	25
3	10	25
7	12	34
8	14	34
3	9	25
3	8	23
3	9	22
4	9	25
7	10	29
3	5	22
3	6	21
4	6	30
9	11	34
5	7	24
2	6	24
2	6	23
2	5	21
7	9	25
6	15	32
6	12	29
7	14	33
0	6	90
0	5	89
1	4	20
3	5	22
5	9	26
2	5	23
0	4	21
0	4	20
2	6	21
1	4	23
0	5	91
8	11	31
3	6	22
3	2	22
2	3	22
2	4	21
5	5	24
0	8	90
0	11	90
9	12	34
3	6	22
3	6	21
0	2	20
4	6	24
3	8	22
4	10	26
7	11	27
0	9	91
0	10	91
3	5	23
3	9	22
4	8	24
0	2	20
1	5	21
1	4	21
7	9	27
3	8	26
0	7	91
3	5	24
1	2	22
0	3	21
5	10	26
6	10	27
6	10	29
2	6	20
7	10	32
7	7	31
6	7	24
4	7	27
3	8	30
6	7	28
4	8	28
3	8	27
4	6	26
4	7	26
3	3	22
2	7	23
2	4	21
1	4	21
3	6	22
6	10	27
4	6	21
4	9	27
9	11	36
9	11	33
0	8	89
5	6	24
1	5	23
0	4	21
0	11	90
6	8	28
4	9	31
4	7	24
6	10	26
2	6	21
2	6	22
3	8	22
1	6	20
0	16	91
7	13	29
3	6	22
2	4	21
6	8	27
5	6	25
3	7	24
3	4	24
4	9	25
2	3	22
4	8	22
0	16	74
0	12	74
0	12	90
0	11	90
5	8	26
5	10	26
0	-1	90
6	7	23
7	9	33
2	6	20
2	5	21
5	6	32
2	6	21
5	10	26
1	3	22
5	9	24
5	9	31
4	6	23
9	12	32
6	8	25
2	8	24
2	6	22
3	7	23
4	7	23
3	9	23
2	5	25
3	6	23
4	7	24
4	10	24
7	11	32
4	5	24
4	5	24
4	6	21
1	15	91
3	6	22
5	8	31
3	6	24
3	6	22
2	5	23
2	7	24
3	5	23
4	6	24
4	8	23
6	9	28
5	7	21
3	4	22
2	3	21
0	3	22
2	2	22
3	5	20
7	8	33
3	-1	88
9	10	32
0	1	22
5	8	24
1	4	22
7	7	26
7	10	32
2	3	21
0	5	22
9	8	30
0	4	22
0	13	90
4	8	24
5	6	25
10	11	34
10	11	33
8	10	30
8	11	31
10	11	30
10	11	34
8	12	33
9	10	32
8	10	31
9	10	30
5	6	25
0	5	20
3	7	23
2	8	22
6	8	25
6	9	27
2	8	24
4	4	22
3	9	22
0	4	23
4	6	21
6	11	27
1	5	21
0	0	90
0	0	91
0	6	91
0	9	90
2	6	22
11	7	31
5	6	23
0	11	61
5	8	24
5	10	26
3	6	25
3	6	23
1	7	20
3	7	21
4	10	25
3	3	22
1	6	22
0	5	90
3	6	25
4	4	22
0	1	22
2	5	21
1	3	21
2	4	20
3	7	26
3	3	21
0	3	20
4	6	30
2	5	23
4	6	21
6	6	30
4	30	88
7	10	31
4	6	25
6	9	24
2	8	22
5	9	26
3	5	23
2	6	21
0	1	21
1	5	23
4	5	23
2	2	22
4	9	24
7	11	28
2	4	21
2	6	24
5	6	23
4	5	22
5	7	23
0	2	63
0	8	90
0	4	22
0	11	91
0	12	90
0	3	72
2	6	23
5	7	27
3	4	21
6	12	29
7	11	30
2	6	21
3	8	23
8	8	30
7	8	35
0	13	91
0	14	90
0	12	90
1	10	91
1	10	90
0	13	91
3	10	26
7	12	31
0	13	90
3	8	21
0	3	91
0	6	91
3	3	24
3	4	22
3	4	21
3	11	89
5	12	91
1	4	20
3	5	22
0	13	91
2	4	21
4	5	25
0	5	20
1	3	20
0	5	90
0	1	91
8	10	30
6	11	26
4	7	23
3	7	25
1	5	21
2	3	21
1	3	21
5	4	23
1	3	21
3	8	24
0	-1	91
6	7	24
3	6	24
3	7	22
9	9	32
3	8	25
4	7	23
5	6	25
0	11	89
0	15	90
5	13	33
5	11	31
3	6	25
8	12	31
3	6	21
2	4	24
8	11	31
6	9	29
8	10	31
0	10	85
1	4	23
1	5	22
5	9	26
4	9	24
3	7	22
2	7	23
3	6	22
4	7	23
4	6	23
5	8	30
6	9	30
4	7	25
4	8	27
5	9	32
4	6	31
3	4	24
2	7	21
1	6	21
6	7	21
1	4	22
5	6	24
3	8	23
4	9	23
3	8	25
7	10	31
4	7	26
3	8	24
3	6	23
11	14	35
1	9	67
0	12	67
1	3	21
0	2	20
8	9	32
7	7	22
2	6	26
3	5	24
2	4	22
4	6	23
2	5	22
0	8	90
0	8	91
0	6	91
0	9	91
3	6	21
0	2	23
1	2	20
1	3	22
2	7	22
5	8	28
4	5	24
2	6	21
2	6	21
3	6	24
4	6	24
1	1	26
1	4	20
1	4	21
1	3	20
2	5	22
1	3	21
3	7	24
6	10	28
6	11	27
2	9	22
2	8	20
6	8	27
2	5	21
4	5	27
5	4	23
6	9	30
6	12	30
2	6	22
1	5	20
9	9	27
4	8	27
4	4	22
6	7	26
3	5	24
4	7	24
0	7	70
7	9	27
5	7	25
6	9	28
6	8	29
3	8	22
4	6	23
6	7	26
11	12	34
3	6	24
2	5	21
2	7	21
2	6	20
8	10	28
8	10	28
7	10	31
8	9	27
2	4	21
2	6	22
2	6	21
4	7	24
4	7	23
2	6	21
2	7	21
2	5	20
3	6	21
3	5	21
6	7	24
1	6	22
2	5	21
1	35	90
2	6	22
5	7	23
2	6	23
0	3	23
5	6	24
5	6	23
3	5	22
8	13	33
7	11	26
2	5	22
3	3	21
0	5	91
0	12	90
3	5	22
1	2	21
3	8	26
4	6	23
3	32	90
0	5	23
2	4	22
6	10	30
7	9	31
3	7	24
4	6	23
1	7	21
7	9	24
2	6	22
8	11	26
0	3	22
0	4	25
0	6	26
1	8	20
2	3	21
2	7	22
2	6	20
2	5	20
3	5	23
3	6	22
0	18	91
0	10	91
6	10	24
3	5	22
4	7	21
3	7	20
8	11	35
7	10	34
5	10	30
4	6	23
2	8	22
2	8	21
4	6	22
2	5	20
2	6	21
4	7	24
1	11	91
5	13	28
5	9	26
4	9	31
4	5	21
2	5	23
2	5	20
2	6	21
3	7	22
11	14	37
10	14	36
9	14	34
9	11	30
10	13	33
10	12	36
8	12	31
9	12	32
9	11	31
12	13	36
10	12	33
7	14	32
3	8	25
4	7	22
3	7	22
4	6	23
5	11	26
3	7	24
6	7	24
7	10	31
6	9	29
3	7	21
9	13	31
9	14	34
11	15	36
9	14	32
11	16	37
8	12	31
13	16	37
14	18	43
13	15	40
8	12	29
9	11	28
2	7	22
5	7	25
2	38	91
5	5	25
3	7	23
3	6	21
5	6	23
7	10	30
4	8	24
4	8	21
7	9	27
6	9	24
2	8	21
4	7	24
4	11	24
4	8	24
4	8	25
4	9	24
3	7	21
3	7	22
2	9	23
2	6	22
5	9	30
6	10	26
3	5	20
1	6	21
2	8	24
4	7	26
4	8	28
9	13	33
7	9	31
9	13	35
5	11	31
2	5	25
6	11	31
7	9	30
0	14	91
4	7	24
1	5	20
2	5	21
1	5	22
4	5	22
3	5	24
3	4	23
3	5	22
2	4	21
2	6	22
2	8	22
3	8	23
3	7	23
0	2	20
3	9	22
5	7	24
0	1	20
4	8	24
3	7	23
2	7	21
7	7	27
7	7	27
6	7	25
6	6	24
3	6	21
0	14	90
0	11	90
1	4	22
2	4	20
2	4	20
4	9	25
6	10	24
0	3	22
1	3	21
1	3	21
3	5	21
0	21	90
0	1	21
1	8	90
8	8	36
2	5	21
4	8	24
4	9	23
5	9	25
4	6	21
3	5	21
4	8	23
3	10	24
3	8	24
5	9	30
2	6	23
5	8	24
5	5	23
5	7	25
2	5	21
6	9	27
10	11	35
4	9	31
4	7	24
6	8	32
4	6	23
5	6	23
3	8	23
4	9	25
3	8	23
3	7	21
3	4	23
0	10	90
0	16	91
6	8	23
3	4	23
5	10	31
1	4	21
10	12	34
7	9	26
6	8	27
8	10	30
3	5	21
9	12	33
3	7	24
1	7	20
4	9	23
6	7	27
4	5	22
7	9	27
8	10	27
8	10	25
1	6	22
4	7	23
1	6	20
3	4	23
4	5	23
10	12	35
10	12	34
10	10	31
11	13	37
8	13	34
10	13	37
10	11	33
8	8	28
3	5	21
3	6	24
2	8	23
2	7	21
3	11	24
6	9	26
2	8	23
6	9	26
4	38	87
6	7	23
0	12	90
0	-1	88
5	8	23
5	7	23
3	6	24
2	6	23
2	5	23
3	5	22
4	4	22
7	10	30
3	6	21
4	8	24
9	16	36
6	16	32
7	9	29
2	5	22
3	7	23
3	6	23
2	6	22
4	7	24
3	8	23
2	8	24
2	5	22
3	3	20
7	9	24
5	10	29
3	7	23
3	7	23
9	13	31
6	12	32
4	3	21
2	6	22
5	11	30
3	8	23
2	7	22
2	5	21
1	1	21
0	11	91
9	9	36
3	5	21
5	10	26
0	4	21
6	8	26
4	4	24
5	7	30
2	2	22
0	3	21
0	4	20
4	5	23
4	4	22
3	5	21
3	6	21
8	13	32
9	11	28
8	16	35
8	13	32
9	11	30
6	10	26
6	10	25
5	9	24
4	9	23
4	8	25
3	5	25
8	9	26
5	3	24
5	8	27
2	7	25
6	8	26
8	9	31
4	6	24
3	5	21
6	11	28
6	10	32
3	6	28
5	11	24
3	7	22
3	7	25
0	4	21
5	6	22
9	10	27
3	6	21
3	7	20
1	5	26
1	4	22
5	12	30
4	10	25
4	8	23
1	4	22
4	9	22
1	3	20
1	4	20
2	4	21
2	4	20
1	7	21
1	4	20
1	6	23
2	4	22
1	6	26
0	10	68
1	3	23
4	7	24
2	9	26
2	10	26
1	4	23
0	3	22
3	6	22
4	8	22
0	3	22
1	7	24
2	6	23
2	6	22
2	4	21
0	5	21
5	8	24
5	8	25
5	10	30
8	9	30
4	8	22
2	7	22
2	7	21
3	5	20
3	8	21
3	7	23
3	8	23
1	5	21
2	5	20
3	8	22
4	12	28
2	6	20
2	5	22
3	5	23
2	8	21
1	6	21
5	7	25
3	6	22
5	8	26
0	2	22
3	8	23
3	8	25
4	8	25
2	5	21
2	4	21
2	6	22
4	5	24
1	2	21
3	6	23
4	10	23
5	8	25
4	8	25
5	7	26
2	5	22
11	15	37
8	8	28
4	6	22
5	10	30
5	7	27
5	6	26
5	7	25
4	7	24
4	8	24
5	8	27
3	6	26
4	6	23
3	5	22
3	5	21
3	6	22
3	7	22
3	7	23
2	5	21
2	6	22
2	4	21
1	7	21
0	3	22
5	5	25
3	7	25
9	11	34
1	3	21
0	3	20
2	4	21
2	4	20
3	6	21
7	12	27
0	9	83
0	8	83
4	4	24
3	7	21
3	7	20
2	5	22
4	5	30
6	9	28
7	11	27
0	2	24
0	2	22
2	4	23
1	3	20
1	4	20
1	4	24
1	4	23
1	4	21
9	11	36
6	7	24
3	8	22
3	6	23
4	8	25
8	10	90
4	7	24
2	7	22
4	9	23
2	4	22
0	7	91
0	11	90
0	13	91
0	4	21
1	6	20
1	3	21
6	11	31
3	7	21
2	5	20
1	6	20
1	6	20
2	5	23
9	11	27
5	9	24
7	11	28
7	11	27
6	12	26
2	3	20
7	10	32
7	10	30
5	5	22
2	6	23
1	4	22
4	5	22
5	6	30
3	5	24
3	7	23
0	9	91
2	6	23
1	4	21
1	3	22
4	7	24
5	10	31
0	12	91
0	9	90
7	10	27
3	7	27
3	6	26
4	8	30
4	7	24
1	3	23
1	4	21
0	4	21
1	5	20
3	7	22
2	6	25
2	3	23
1	4	21
2	5	20
2	5	21
1	4	22
0	5	21
1	5	23
0	4	20
2	4	22
1	6	20
1	7	22
2	8	20
0	-1	90
7	10	33
0	3	23
0	4	21
3	6	24
5	8	30
8	8	30
4	6	24
3	5	21
2	3	22
7	6	27
2	3	20
9	7	34
2	6	23
2	6	21
7	9	27
2	6	21
4	6	27
6	8	25
5	6	24
4	8	24
1	3	21
2	6	22
3	6	23
1	4	23
0	8	77
0	13	91
6	13	32
3	8	23
6	10	30
8	9	27
4	9	25
10	14	33
9	13	33
8	11	28
2	12	90
3	12	91
3	8	23
6	8	25
4	9	22
6	10	25
5	9	23
4	9	23
8	9	32
9	12	37
0	7	91
1	8	90
10	12	29
1	6	22
5	10	26
2	9	26
7	9	26
6	9	27
5	9	25
1	3	21
4	5	24
7	10	31
6	12	32
2	6	20
5	9	32
3	4	21
3	5	22
4	8	22
3	6	21
4	7	24
6	8	27
4	7	25
5	6	24
5	7	26
4	8	26
3	8	24
3	9	23
2	9	22
4	6	24
3	7	22
0	5	90
0	11	91
2	5	21
2	8	23
0	4	20
1	25	88
1	5	22
6	9	25
1	6	23
3	7	21
0	12	91
8	11	31
6	9	29
6	10	28
8	10	29
9	11	31
9	13	32
0	3	23
3	6	21
5	8	26
1	3	22
1	16	91
4	7	23
8	10	27
1	3	20
0	3	24
7	10	28
6	9	27
3	7	23
4	9	25
9	15	33
8	12	30
6	9	27
6	9	26
4	8	23
6	11	30
6	8	24
7	9	26
6	8	24
9	11	30
2	7	21
3	6	20
2	7	22
8	9	28
6	7	24
2	8	25
4	6	23
5	9	24
9	12	33
8	12	32
2	4	21
8	10	28
0	10	90
3	5	21
3	5	20
3	5	22
4	7	22
2	6	21
5	10	26
5	13	32
3	8	24
3	8	25
4	8	23
5	9	27
2	8	23
2	19	90
4	7	24
7	12	32
3	6	25
3	5	25
7	11	31
7	11	31
2	5	21
2	6	21
2	4	20
2	7	22
4	6	21
4	7	21
3	9	23
1	4	21
0	4	20
1	7	21
2	4	20
2	6	21
6	12	29
6	13	28
7	11	30
6	11	26
8	13	30
5	7	26
7	12	30
3	5	24
3	3	22
0	22	90
2	8	25
0	18	91
0	6	90
0	9	91
0	3	54
1	8	25
4	8	22
3	6	23
1	5	24
7	8	25
4	4	23
8	11	29
8	12	32
7	9	27
0	6	72
1	4	21
9	11	34
3	7	30
5	9	26
6	12	30
5	9	26
2	10	28
4	10	25
6	11	32
4	7	23
5	8	25
6	9	30
4	8	21
0	7	91
0	10	90
0	12	91
6	8	25
2	6	21
4	6	21
6	9	26
6	10	27
3	6	21
3	8	22
4	8	23
3	9	21
3	8	22
5	10	22
8	9	32
8	10	31
8	11	31
4	7	27
0	15	91
0	14	90
3	6	24
4	6	24
5	7	24
3	7	25
3	5	23
3	5	24
2	7	22
8	10	30
8	8	26
9	15	30
9	14	32
8	13	32
3	10	23
6	9	27
0	2	20
5	8	23
1	6	22
2	7	20
3	8	24
3	8	23
3	7	22
3	7	21
4	7	20
2	5	22
6	9	26
7	11	31
6	8	27
2	5	20
3	6	24
5	7	26
5	11	30
5	11	30
4	9	23
3	8	25
2	7	24
3	8	23
2	7	23
3	5	21
10	11	29
2	6	23
2	7	23
5	8	26
3	5	21
8	13	38
8	10	37
11	12	33
5	11	25
5	10	32
4	7	20
2	6	23
2	4	22
2	4	21
6	9	30
2	5	24
3	9	23
2	9	23
4	9	24
3	7	21
3	6	22
3	9	23
3	8	22
4	8	22
1	2	20
6	8	27
3	7	21
7	8	31
4	7	22
6	8	24
5	10	25
2	6	22
0	10	91
5	12	27
5	8	24
4	7	24
6	12	30
3	7	23
3	6	21
3	6	20
9	14	33
10	15	33
9	14	32
10	12	31
9	15	32
2	4	21
9	12	31
1	5	23
1	7	22
2	5	21
3	7	22
9	14	35
4	6	24
5	5	23
0	12	91
0	8	90
1	11	91
0	4	61
2	6	22
3	7	22
4	8	24
9	12	30
4	6	23
7	13	30
8	11	35
6	8	26
9	9	32
8	8	31
2	3	21
3	7	22
2	3	20
3	7	22
2	6	22
1	2	20
11	12	35
3	5	22
4	7	22
3	7	27
2	7	22
3	6	24
3	6	23
2	6	22
4	6	23
6	9	26
2	4	21
2	4	22
6	8	24
5	8	26
6	9	30
5	7	24
2	7	23
2	7	22
1	5	22
8	10	27
2	5	23
2	6	22
2	5	23
2	5	21
9	11	34
0	6	90
2	6	29
3	6	23
3	6	23
5	8	25
4	6	23
4	9	30
4	8	25
4	8	27
1	8	23
8	11	32
2	5	21
3	4	24
7	13	34
5	13	32
4	8	28
2	7	24
3	7	23
3	7	23
4	8	22
4	7	23
4	7	22
3	8	25
5	8	24
3	5	22
10	12	29
4	8	24
2	6	23
8	13	32
9	12	30
10	10	32
6	11	32
2	8	20
5	10	28
3	6	22
2	6	21
4	6	21
4	6	24
8	13	31
7	12	30
6	12	29
3	8	22
3	9	26
6	8	27
5	12	28
5	14	30
2	6	22
2	5	20
4	8	27
4	5	21
5	7	26
3	5	22
4	8	27
2	5	23
3	7	22
3	5	23
1	7	22
6	12	30
6	11	31
3	8	22
6	11	30
5	7	23
5	9	31
4	9	25
5	6	25
6	9	27
3	3	21
2	5	21
4	8	24
10	14	32
8	12	29
6	7	24
6	10	33
5	9	25
8	11	31
7	13	32
4	6	24
3	8	26
3	7	22
4	8	23
5	7	24
0	2	22
4	6	21
4	24	91
3	6	21
8	11	30
4	8	30
7	10	31
6	9	25
4	10	27
5	7	26
6	12	31
7	11	33
2	5	22
3	8	24
1	5	21
3	5	21
4	6	22
5	7	25
5	7	23
5	9	26
9	16	38
9	17	40
6	14	33
11	16	39
9	13	31
8	13	33
9	13	33
8	12	33
7	14	33
3	8	22
2	5	21
3	4	22
2	6	23
1	7	20
3	5	22
1	5	21
5	9	24
3	7	23
2	6	21
7	9	32
4	9	23
4	11	24
6	9	25
5	11	26
7	11	36
3	6	26
4	8	24
5	10	26
4	10	30
5	10	32
5	8	24
4	7	23
7	11	31
1	3	27
8	10	29
6	11	28
0	9	90
6	11	30
5	8	24
9	9	30
11	14	33
7	13	29
5	8	28
5	10	32
7	9	26
6	9	27
4	9	24
5	7	24
6	8	31
0	5	21
9	11	32
7	11	25
11	16	36
2	4	20
7	26	89
3	7	24
4	6	24
4	7	23
5	9	23
8	11	32
4	6	30
1	7	23
1	6	21
4	5	22
5	10	24
7	10	26
9	12	32
6	9	26
4	7	25
5	7	22
8	11	30
8	7	29
3	6	24
3	4	23
4	4	24
3	6	24
5	7	24
3	5	23
3	5	22
4	9	28
0	11	90
0	10	91
6	10	29
4	8	25
5	10	28
5	6	24
2	6	21
0	8	90
0	12	90
4	9	23
2	7	23
8	8	26
6	8	26
9	11	31
9	11	30
4	11	26
2	8	21
7	12	36
4	7	23
7	10	31
5	13	30
6	11	28
6	10	30
5	11	33
3	8	27
4	9	27
2	7	22
3	8	24
4	13	32
3	8	22
2	6	21
4	7	23
4	7	22
4	6	23
5	10	25
4	7	24
5	10	24
8	10	26
7	11	26
3	10	26
6	7	26
1	4	22
1	3	20
2	6	22
0	7	74
7	12	31
6	14	29
8	13	32
3	7	22
0	25	90
8	8	31
4	9	25
13	15	41
13	16	40
8	12	31
9	13	33
11	14	37
9	13	32
11	15	40
11	13	33
10	15	34
9	11	30
11	13	34
9	13	36
10	14	34
10	17	37
10	14	34
10	12	33
4	9	26
7	11	35
4	12	25
5	11	28
6	9	25
5	9	26
5	14	32
3	6	24
2	7	23
11	13	35
3	8	20
8	13	30
4	7	22
12	-1	42
9	12	29
8	9	27
3	7	22
3	8	23
3	8	22
6	12	30
1	4	20
3	8	20
2	5	20
7	11	31
2	7	22
7	9	26
8	12	31
8	10	28
4	6	23
4	8	25
5	8	24
7	12	30
2	5	22
7	9	30
2	7	21
6	7	24
5	12	30
9	11	28
6	8	24
2	6	23
2	7	22
2	5	21
4	10	25
6	12	28
9	9	32
4	11	26
6	11	30
4	10	24
8	11	27
4	6	22
3	6	23
2	5	23
4	5	25
4	5	24
2	4	20
6	6	25
5	9	31
9	11	34
9	12	28
4	7	25
8	8	31
8	13	30
1	4	22
2	6	20
2	6	23
4	10	31
4	8	24
4	9	24
3	7	24
5	8	25
10	14	31
9	13	30
9	13	29
9	13	28
6	10	28
0	5	91
0	8	90
4	6	22
11	17	38
10	18	36
7	11	26
2	6	22
8	10	30
8	8	27
9	12	32
7	8	30
6	8	25
1	4	21
0	3	21
7	14	30
2	-1	91
0	7	91
5	7	26
2	4	22
2	5	22
2	5	21
2	5	22
0	3	21
7	11	27
1	4	20
2	6	22
2	7	23
1	4	20
1	5	21
4	6	26
4	7	21
5	8	23
5	7	26
5	9	24
10	17	41
9	11	35
2	6	20
2	4	21
9	11	31
1	3	21
8	9	28
6	9	25
3	8	23
3	9	24
8	11	27
1	5	20
3	8	24
6	10	26
6	7	28
6	7	25
6	7	26
3	3	22
2	4	22
3	4	23
5	4	24
4	5	25
5	5	24
2	4	20
3	6	21
9	11	31
5	11	34
3	10	24
6	10	33
6	9	26
2	6	24
2	5	21
3	7	25
2	7	22
3	8	21
4	9	25
1	8	21
5	10	25
7	13	32
5	9	27
3	7	22
2	6	24
0	3	21
1	6	20
6	8	24
2	6	21
0	11	91
3	4	21
5	10	25
1	6	23
1	3	21
1	5	21
3	7	21
4	7	23
4	6	23
0	19	90
2	5	23
7	10	30
1	4	21
1	4	21
3	7	23
6	8	22
4	5	22
0	3	21
0	8	89
1	6	20
7	9	28
2	7	24
3	7	22
4	7	22
7	9	25
4	5	24
6	12	31
2	5	22
6	10	30
4	8	24
4	6	25
7	13	32
2	7	22
2	7	21
4	14	30
2	6	21
3	7	21
5	8	23
6	10	27
4	8	22
7	12	30
5	13	26
3	7	24
4	8	24
3	8	22
3	8	23
2	6	22
4	5	24
3	6	23
8	10	28
3	6	22
2	5	21
4	7	24
6	9	28
2	9	22
0	12	91
0	11	91
9	11	29
5	8	24
7	14	32
8	11	34
4	7	23
5	7	22
3	7	21
9	14	33
3	33	90
0	4	21
8	14	35
0	4	21
6	8	25
1	5	22
4	8	24
5	8	23
2	6	20
2	6	21
2	6	23
3	6	23
0	1	21
4	8	22
1	4	25
0	3	20
3	7	21
4	7	23
2	6	22
4	5	21
4	12	29
4	8	23
0	12	91
1	13	91
9	13	36
8	11	28
4	5	20
2	5	23
4	8	22
3	8	21
3	8	22
4	7	23
0	5	20
4	5	23
6	13	29
4	10	24
5	9	24
2	6	22
10	15	36
4	9	23
3	7	22
5	7	25
4	8	24
0	3	21
1	4	25
0	3	21
4	5	23
2	6	23
6	6	24
0	4	21
0	3	22
3	6	24
3	4	22
6	9	25
5	7	23
6	6	30
3	9	21
7	12	34
3	5	20
2	4	21
6	8	32
5	11	30
6	8	26
4	7	24
2	6	21
2	6	22
2	6	23
7	9	31
6	6	27
4	3	22
1	5	21
5	10	24
8	11	30
9	14	34
8	13	29
6	9	30
0	4	20
6	10	26
8	9	25
8	10	26
8	11	29
3	7	23
2	4	21
2	5	20
1	4	20
2	5	20
1	6	20
4	6	25
4	5	23
2	6	23
2	4	20
0	5	22
0	10	91
0	20	90
2	7	22
2	5	23
2	6	30
6	14	35
4	10	25
3	6	20
2	6	23
3	7	24
2	7	23
5	9	24
5	10	30
2	9	24
3	6	21
4	7	23
4	30	86
3	8	23
4	6	24
1	3	21
2	4	21
3	6	21
8	10	27
4	6	25
1	3	21
4	7	25
3	8	20
4	7	22
1	6	20
2	6	21
4	11	31
5	11	31
4	9	28
2	7	21
4	9	27
6	9	25
9	10	31
8	14	35
6	13	29
10	45	90
6	22	90
7	8	23
0	6	90
0	10	90
3	3	21
3	9	27
3	6	25
2	5	20
2	6	21
6	10	27
3	7	22
3	7	21
5	8	25
3	7	21
0	-1	91
1	-1	89
2	6	21
3	4	22
4	4	25
4	4	25
3	3	23
4	9	23
2	6	21
6	10	25
3	6	21
3	6	20
6	8	26
5	10	32
2	6	23
1	5	21
2	6	20
2	7	21
5	9	24
4	7	23
12	12	37
5	8	25
3	8	26
3	7	26
3	8	27
5	7	27
6	6	25
8	8	31
2	10	24
4	4	21
2	4	21
2	5	20
3	6	23
4	7	23
3	5	24
1	6	21
2	4	22
7	9	30
7	8	29
6	6	26
7	9	30
2	37	87
7	7	24
9	11	32
3	7	23
3	7	22
0	3	20
1	1	22
2	2	23
2	7	21
1	7	22
2	6	20
6	7	25
3	7	20
2	7	20
3	9	21
3	6	22
9	9	29
7	8	28
8	14	33
5	10	27
5	10	26
4	7	22
4	7	22
2	5	21
5	8	24
2	6	22
2	5	22
3	5	23
2	5	23
2	8	24
2	3	24
1	6	22
1	2	21
3	5	22
2	4	21
4	6	22
1	3	22
3	2	21
2	4	23
1	3	23
4	4	22
2	5	23
2	5	21
6	9	26
1	18	91
4	5	25
5	6	23
3	4	21
5	9	30
4	9	30
5	9	25
4	10	31
5	7	25
2	4	22
2	5	20
0	7	34
1	6	22
2	8	21
1	5	22
6	9	28
4	9	23
4	9	22
4	6	22
5	6	23
0	2	21
3	5	25
6	7	26
7	12	33
7	12	32
5	11	30
3	9	23
3	5	22
2	5	21
2	5	21
2	4	22
3	6	23
3	6	22
4	7	23
4	8	24
5	10	27
6	11	30
7	11	31
7	9	26
1	5	21
0	7	89
3	8	24
1	6	21
6	12	30
0	8	91
7	21	90
3	5	25
2	6	24
2	6	23
3	8	24
3	7	23
3	7	25
2	7	24
3	6	23
3	7	22
0	5	91
1	16	91
9	11	29
3	5	23
3	5	23
8	12	33
5	9	26
6	7	24
6	-1	91
2	5	22
2	5	22
2	4	21
3	5	21
3	6	23
3	6	23
4	7	24
2	7	24
2	6	25
5	15	30
4	7	23
0	13	91
0	-1	91
6	9	33
5	11	31
6	9	30
2	8	24
0	5	91
2	5	24
3	6	25
3	5	23
3	6	22
3	6	22
3	6	22
4	8	26
4	8	26
3	8	27
7	13	30
4	9	24
3	8	30
2	7	23
2	6	23
7	8	24
2	6	21
8	10	30
8	10	25
8	10	25
3	5	22
4	7	24
4	6	24
5	6	25
4	7	26
5	9	27
4	9	28
5	7	25
4	5	24
3	6	24
5	8	26
6	7	24
2	4	22
5	7	24
3	5	22
6	12	35
2	5	21
7	9	24
1	4	21
0	5	21
6	6	31
6	7	31
3	6	22
6	10	25
3	7	22
4	6	24
3	6	20
0	10	90
0	6	90
2	6	22
2	5	22
7	14	32
0	25	90
1	5	22
5	8	26
4	9	24
3	10	24
3	9	23
4	9	24
4	9	23
6	13	32
0	13	91
0	8	90
7	9	28
6	8	25
1	3	21
1	4	21
1	10	86
5	7	25
2	5	21
2	5	24
4	7	23
4	5	24
4	5	23
8	9	30
3	3	22
0	3	22
2	3	20
4	7	25
1	4	23
5	6	22
2	4	22
2	3	22
4	7	23
8	8	33
8	12	34
1	8	20
10	13	35
7	10	30
2	5	23
1	3	21
1	5	23
2	8	28
1	6	23
8	8	30
2	6	21
2	8	23
7	10	31
7	10	31
7	9	31
6	7	30
3	8	25
3	7	23
2	9	24
5	9	25
3	9	26
4	8	24
1	6	24
5	7	24
1	7	20
4	9	27
5	8	27
5	8	25
5	8	24
4	8	25
7	11	35
6	9	26
0	12	91
3	7	22
0	7	49
0	8	49
3	5	22
2	6	21
2	7	23
6	9	26
5	10	27
1	8	20
3	5	23
2	5	23
4	6	23
2	6	21
2	5	21
2	8	21
0	4	21
0	9	91
0	6	91
5	6	23
0	3	20
10	13	36
3	7	23
9	11	33
5	8	25
1	3	22
4	6	22
2	7	21
3	7	23
6	10	25
10	9	29
7	8	27
8	8	25
2	6	21
1	6	20
8	11	32
4	5	23
3	5	22
1	4	21
5	10	32
7	10	32
6	11	31
5	12	29
7	11	29
5	11	30
7	10	31
2	6	21
8	11	31
4	9	22
9	11	27
6	9	26
10	13	34
5	11	30
2	6	22
1	6	23
7	7	28
2	8	21
4	3	30
4	32	90
8	9	30
6	9	30
8	8	28
2	5	23
2	5	22
2	5	21
3	8	23
2	7	22
7	11	29
6	8	24
4	10	30
4	6	25
5	13	32
6	9	29
0	4	22
2	8	23
2	5	22
1	5	22
5	10	30
3	9	25
4	9	25
2	7	23
3	6	22
2	6	22
0	13	90
4	7	23
6	9	27
3	6	21
4	9	23
6	13	34
4	9	24
7	12	32
4	6	22
4	6	24
3	6	21
6	9	32
6	8	25
4	10	26
7	7	26
4	7	30
3	6	21
4	8	26
8	10	27
5	9	25
0	7	91
7	11	32
2	4	22
2	8	23
0	2	20
3	7	24
4	8	23
3	9	25
2	10	25
3	9	23
4	7	26
2	6	22
9	10	31
6	10	30
3	5	24
3	6	23
4	9	27
6	11	30
5	10	28
4	10	26
3	9	27
0	9	63
4	10	30
5	10	25
3	5	21
2	5	22
3	3	23
3	7	25
1	4	21
3	6	24
2	8	22
2	5	22
2	5	21
10	11	34
5	6	24
2	7	22
3	8	24
5	8	25
4	7	24
7	10	29
6	11	28
2	5	21
0	3	21
1	2	20
2	7	23
3	6	21
1	8	21
3	5	21
3	6	22
6	10	25
3	6	25
3	5	24
3	5	23
4	6	23
5	10	30
4	10	30
5	5	22
4	8	24
3	6	23
5	7	31
5	7	25
8	9	26
9	9	31
8	10	31
4	7	24
2	5	22
1	3	20
2	4	21
1	4	20
7	9	28
3	9	26
0	10	90
0	9	91
2	5	21
10	10	35
6	7	29
4	7	24
2	4	22
2	5	21
3	5	22
2	6	21
3	7	25
4	7	24
3	7	23
3	7	22
4	8	25
2	7	22
3	8	24
5	9	27
8	11	28
7	11	29
5	8	24
2	6	21
4	5	31
0	4	20
3	8	23
3	10	25
3	8	23
1	8	21
3	3	22
4	9	24
6	11	33
3	9	25
3	6	23
3	7	22
2	6	21
0	10	90
0	13	89
8	11	34
7	9	28
5	9	24
8	12	31
7	8	25
1	4	24
0	3	20
4	5	25
2	6	21
2	6	20
7	7	33
7	12	30
7	11	27
3	9	25
2	6	20
8	9	27
6	7	24
5	9	24
5	6	26
5	9	26
5	10	27
3	6	24
4	9	24
4	8	23
3	9	24
3	10	25
3	5	21
2	5	22
7	11	32
4	8	21
4	9	22
5	9	23
9	16	36
7	8	25
6	8	26
5	7	22
2	6	21
0	13	91
4	6	23
9	11	31
8	9	27
7	10	31
5	9	26
9	17	37
2	5	23
6	9	25
3	4	23
6	7	25
2	6	21
2	6	23
5	8	25
4	7	22
3	9	27
3	8	25
3	8	24
4	8	24
7	12	31
5	10	31
0	2	21
1	5	20
4	9	30
5	6	30
3	7	23
3	7	24
3	7	23
4	8	24
4	5	23
5	7	24
2	7	21
3	5	21
5	8	30
4	8	30
3	5	25
3	7	23
2	7	21
4	5	22
3	7	22
4	9	26
1	4	22
5	6	30
6	9	26
2	6	23
2	6	22
7	10	32
3	10	22
8	13	30
3	7	24
3	5	23
2	6	20
0	14	91
0	11	89
6	5	25
0	3	20
4	9	23
3	5	21
3	9	24
4	9	23
4	10	24
3	9	25
5	9	25
2	7	23
4	7	24
4	6	25
0	12	91
2	7	21
6	13	31
3	8	23
2	5	22
5	11	30
0	13	90
3	6	24
2	5	23
2	6	22
5	8	24
2	7	21
3	7	22
3	6	22
4	21	88
3	9	23
2	9	22
4	5	23
6	9	25
7	10	31
2	5	21
0	14	90
4	3	25
3	9	24
4	8	26
6	11	27
3	7	23
10	15	34
2	6	21
3	7	24
1	4	21
0	5	20
1	3	21
2	5	22
3	10	24
3	8	22
8	10	30
7	8	29
6	11	30
2	7	20
10	12	30
2	5	21
1	2	22
7	5	25
3	5	22
4	6	23
2	6	22
3	5	23
2	5	22
0	15	91
9	12	29
8	10	28
2	5	21
4	7	24
2	7	22
3	7	23
3	8	22
4	7	23
2	6	21
3	8	22
4	6	21
7	8	27
6	9	25
3	5	23
5	7	22
2	5	20
5	10	26
6	12	27
4	8	24
3	8	23
5	11	25
2	3	21
3	4	24
3	4	22
3	4	21
2	6	22
1	7	21
4	6	24
6	13	29
5	7	24
2	4	21
4	5	22
3	6	22
2	6	22
2	5	21
6	9	24
3	3	20
0	2	21
2	5	20
4	5	21
3	5	22
7	5	30
5	9	26
1	6	21
5	10	26
9	14	38
0	7	91
0	9	82
5	10	26
5	7	30
3	6	20
5	11	24
3	6	25
5	10	31
4	8	26
7	11	30
5	10	30
3	9	25
2	5	22
1	3	21
6	6	31
4	6	27
3	8	25
4	7	30
4	6	27
3	8	27
0	-1	91
1	-1	91
5	7	26
3	10	25
5	7	23
3	7	22
3	8	21
4	8	24
2	7	20
4	7	24
7	9	24
3	6	24
3	7	22
4	5	25
4	7	22
5	8	26
0	3	20
4	9	23
3	8	22
3	5	23
3	6	25
3	5	24
3	5	23
5	5	23
2	5	22
6	8	25
6	7	25
6	8	25
2	5	22
5	8	25
4	8	21
3	7	20
3	5	23
3	3	22
2	6	22
3	6	21
2	7	22
5	11	30
6	8	24
5	9	25
4	7	26
6	12	31
1	6	21
7	9	26
3	7	23
2	7	22
8	9	32
4	8	24
3	7	23
4	8	25
2	6	22
3	6	21
4	7	23
2	4	22
11	10	34
11	11	35
13	13	41
13	14	40
10	9	31
10	12	36
10	11	36
0	7	91
0	10	90
3	6	20
2	5	21
6	9	28
7	10	31
5	10	27
4	9	26
3	9	26
0	11	90
0	9	91
3	7	21
2	6	21
4	6	23
4	7	23
0	26	84
0	9	91
0	14	91
3	5	21
3	6	21
3	8	24
2	6	23
4	9	25
0	25	90
7	9	23
6	10	27
3	6	23
3	7	22
2	6	21
2	6	22
2	6	21
2	6	21
6	9	34
6	6	24
6	11	31
6	12	32
5	9	23
1	4	21
6	9	27
8	12	30
8	10	33
0	5	91
0	12	91
3	8	25
3	7	24
5	9	30
5	7	25
5	10	31
4	9	24
6	7	26
4	10	25
5	8	24
6	10	30
4	8	27
0	10	86
3	8	27
3	7	30
4	8	22
3	28	90
6	10	31
7	9	27
0	25	90
8	10	26
5	5	25
7	7	30
7	9	28
2	5	21
5	44	91
5	6	23
8	10	34
5	8	27
3	10	26
3	10	24
3	6	23
3	5	22
4	7	23
4	6	24
4	6	22
3	8	22
10	11	32
8	10	30
6	10	25
4	8	21
2	8	20
8	10	30
2	6	20
3	7	21
3	8	21
3	6	21
2	6	20
4	8	22
3	6	22
7	11	33
2	7	22
2	5	21
2	5	23
3	7	22
3	7	21
2	5	21
6	9	28
2	6	21
2	3	20
5	9	25
5	8	26
7	8	25
9	10	32
4	8	22
3	8	24
3	6	22
3	6	23
4	7	26
5	13	32
4	10	30
4	5	23
8	10	31
2	6	20
3	6	21
3	6	20
6	9	25
4	7	24
2	6	23
4	9	24
2	3	22
1	3	22
1	4	20
6	10	31
3	7	23
3	7	23
4	8	25
0	20	90
0	20	90
0	21	90
5	7	24
3	5	25
4	8	26
0	21	90
3	7	26
6	11	28
5	11	31
5	12	33
4	14	29
4	10	25
5	10	30
1	3	23
5	7	23
5	9	25
2	7	23
2	8	23
4	9	26
4	8	26
2	7	22
2	6	21
3	7	22
5	8	25
4	9	25
4	8	22
8	9	28
8	12	31
2	6	22
3	6	20
4	7	22
7	9	25
8	7	31
5	8	24
4	8	22
1	5	22
4	7	23
4	6	25
3	9	25
8	13	30
12	15	37
10	12	30
11	12	30
10	14	33
10	13	33
12	14	33
3	6	21
2	5	20
2	6	22
7	13	33
1	4	21
3	7	21
8	9	29
7	10	26
4	11	32
4	11	30
5	9	25
7	14	32
3	7	24
3	4	22
4	4	21
6	7	27
3	7	24
4	10	25
3	9	23
6	7	31
6	8	32
4	4	24
6	7	26
6	12	30
5	9	26
2	6	21
5	8	27
5	6	27
8	9	30
0	6	91
0	11	90
3	9	30
1	6	20
4	8	25
3	7	22
2	7	20
7	10	27
0	1	75
4	9	24
5	12	30
3	6	24
4	9	24
3	8	25
5	7	25
1	4	22
2	6	22
2	6	22
2	6	22
2	5	21
5	10	28
4	8	26
2	6	23
1	4	20
3	5	23
6	12	31
6	10	32
0	5	90
2	9	24
0	7	90
4	14	33
0	3	90
1	3	21
24	29	91
7	8	24
3	6	26
3	6	24
6	9	27
2	6	22
4	4	24
2	3	21
1	3	20
1	26	90
8	12	32
2	8	22
3	7	22
6	10	23
6	10	30
9	10	37
2	5	22
3	5	21
2	6	21
1	4	23
2	7	22
1	6	21
1	5	22
4	7	24
3	4	24
2	4	21
6	8	23
4	8	23
6	8	26
6	6	26
6	12	29
3	6	25
3	6	23
4	10	25
3	8	25
7	8	25
3	5	22
6	9	31
4	7	25
3	7	21
2	8	22
7	9	26
2	3	24
9	12	37
3	6	22
3	5	23
6	12	31
7	11	31
2	8	21
7	12	28
5	8	22
2	6	22
7	10	31
3	6	21
10	12	32
7	10	31
4	4	22
5	12	30
5	9	25
8	13	35
6	11	29
6	13	33
4	9	24
6	11	31
4	13	34
3	5	21
7	13	32
3	8	26
4	6	22
0	7	90
3	6	25
2	9	30
2	5	22
7	12	27
3	8	23
6	10	30
2	6	20
6	9	24
5	9	24
5	10	27
3	11	30
3	4	22
7	11	26
3	5	21
4	5	24
4	7	24
4	7	23
4	5	22
1	4	21
2	5	23
4	5	25
4	6	24
3	6	23
3	6	22
3	6	21
3	8	23
2	6	23
4	5	22
4	8	27
2	4	22
8	10	28
6	7	25
10	13	34
8	11	34
8	12	32
10	10	35
7	11	35
8	9	33
6	9	32
6	8	28
6	8	28
5	8	26
6	9	30
6	9	25
3	7	25
5	11	25
5	8	25
5	10	32
9	11	31
6	8	26
6	10	28
6	10	28
6	7	30
8	7	29
10	8	32
10	8	35
12	8	34
11	8	33
10	8	30
3	4	23
2	8	26
2	7	24
2	8	22
6	9	24
2	7	23
2	6	21
3	7	22
3	6	23
3	10	24
3	10	23
4	10	24
4	12	25
5	7	24
1	6	20
3	7	21
5	11	30
5	9	28
3	10	26
6	9	26
3	6	23
0	3	21
6	10	26
2	7	25
3	5	30
4	8	24
7	8	30
5	9	22
5	7	24
2	9	24
4	7	25
7	12	34
6	9	24
6	8	27
2	5	23
6	10	30
3	7	22
6	9	24
2	6	24
3	6	25
0	11	78
0	12	91
0	11	91
2	3	23
0	3	22
2	5	22
1	4	21
1	7	20
3	9	23
5	9	25
5	8	24
1	4	21
0	13	90
5	9	22
2	4	23
3	7	23
2	5	24
1	5	21
1	3	20
1	8	91
2	8	24
2	6	20
2	7	21
5	10	32
4	10	28
0	2	20
5	8	30
4	7	27
6	11	32
7	10	32
3	8	24
2	5	24
2	5	21
3	28	90
3	6	22
8	11	28
2	8	21
5	12	28
3	7	25
6	9	26
7	10	25
5	8	25
8	11	32
7	10	28
6	7	26
3	5	22
2	6	23
4	7	22
3	8	22
6	5	23
6	10	33
5	7	23
6	11	26
8	13	34
2	5	21
6	12	31
5	12	30
6	12	31
6	13	30
2	7	25
0	21	91
2	6	21
10	14	35
4	7	21
7	9	30
2	5	21
5	5	24
6	11	27
5	6	22
2	5	21
5	5	26
5	11	25
0	7	91
2	5	22
3	6	21
3	3	24
1	3	20
0	2	21
0	2	22
1	3	22
4	7	21
4	8	22
5	9	31
3	10	28
2	5	22
1	4	21
4	13	29
5	9	29
4	10	26
8	12	30
1	6	22
5	10	30
3	7	23
2	7	25
2	8	23
3	8	22
3	8	21
9	12	29
0	14	91
2	7	21
1	6	25
1	6	22
6	9	26
2	6	21
2	6	21
9	11	32
6	9	26
6	9	25
2	5	21
2	4	20
4	11	26
3	4	24
0	6	90
0	3	22
8	8	25
5	10	26
4	8	30
5	10	24
0	10	91
0	7	91
0	-1	91
4	7	25
2	8	20
11	17	37
13	18	39
10	15	33
3	9	23
4	9	25
3	11	24
7	7	26
7	7	26
5	6	24
5	7	26
4	7	23
1	6	22
3	5	23
3	5	20
7	10	30
0	2	22
10	10	29
10	10	29
6	10	27
5	11	30
4	6	23
5	8	25
5	9	23
6	9	26
3	9	23
6	7	29
1	3	21
2	7	23
5	8	26
3	6	23
2	5	22
2	5	22
3	7	23
4	9	23
4	11	24
7	9	27
5	10	25
2	8	24
3	6	24
3	7	24
2	8	24
4	11	31
3	8	30
7	10	27
1	11	89
0	3	23
1	4	20
1	5	20
2	9	24
2	6	21
0	2	20
1	10	31
5	5	23
5	6	24
2	7	20
3	6	25
3	11	26
4	8	24
3	8	23
4	6	24
0	9	89
5	8	25
4	8	24
3	9	30
2	8	25
3	7	24
2	6	23
4	4	25
4	5	25
6	8	26
3	5	21
1	4	22
3	8	25
3	13	26
2	5	21
5	10	24
6	11	25
5	10	24
6	11	25
4	7	21
1	5	22
2	4	21
4	6	25
4	7	24
2	8	23
3	3	21
2	4	21
0	34	90
3	6	22
0	10	90
4	9	27
3	6	21
3	6	20
3	7	21
4	7	23
3	7	22
2	5	21
5	10	25
4	6	22
4	8	24
3	8	23
3	7	22
2	7	20
2	6	22
4	7	26
6	8	28
3	7	23
7	9	27
8	10	26
7	9	27
2	5	22
4	7	21
7	7	27
3	8	26
3	4	20
6	7	23
3	5	31
7	8	27
0	5	22
0	5	21
1	3	20
6	7	25
1	13	91
0	11	90
3	6	21
8	11	31
2	4	24
11	11	38
1	5	21
3	5	22
4	7	25
5	9	25
4	8	23
3	7	22
4	8	24
1	34	91
6	8	26
2	4	21
1	5	23
11	12	34
4	8	24
3	9	25
3	8	23
4	9	25
4	9	25
3	6	23
4	8	23
3	7	21
4	7	27
6	11	30
7	10	26
5	9	31
0	12	90
0	16	91
0	2	91
0	10	91
3	6	20
8	9	33
2	4	23
1	8	24
1	7	22
2	6	21
4	9	23
3	9	24
3	9	21
0	6	39
1	13	90
0	12	90
2	5	21
4	5	22
6	9	27
3	9	22
3	3	22
2	2	21
2	7	21
6	5	26
6	7	30
3	7	23
2	6	22
1	4	22
1	6	21
1	5	21
2	2	22
4	9	23
4	8	26
6	13	31
4	6	24
7	12	35
2	6	22
0	30	90
0	-1	90
4	5	21
1	8	26
0	10	91
0	10	89
3	6	24
6	9	25
4	5	23
5	8	25
5	8	27
12	26	90
0	9	90
0	8	91
4	7	23
2	7	21
2	6	20
3	6	22
3	7	24
4	6	24
4	6	23
5	8	24
3	7	25
4	7	23
4	7	24
2	6	22
0	5	57
0	7	91
2	4	21
3	6	24
6	7	31
6	6	29
1	6	21
5	7	25
8	10	31
2	8	24
2	6	21
2	6	23
2	5	21
4	6	24
4	4	21
5	7	22
5	8	32
2	6	25
0	6	90
0	6	90
8	10	31
2	5	20
6	7	24
3	7	21
4	7	22
2	8	22
1	4	24
1	3	21
2	3	22
1	3	21
10	10	31
6	7	25
1	4	22
2	3	21
1	3	20
5	9	26
5	8	24
5	9	23
4	7	22
4	7	21
6	7	26
3	8	24
6	10	30
6	8	25
6	9	30
5	7	26
5	9	30
5	8	28
4	7	25
6	6	24
3	5	21
2	6	24
0	4	22
4	6	22
4	7	22
4	6	21
3	6	27
5	8	23
4	6	23
4	7	25
4	6	24
2	7	23
1	6	22
9	11	31
3	6	25
6	13	27
4	6	26
2	4	20
3	5	21
4	5	22
4	9	22
3	-1	91
5	8	31
5	8	24
2	6	23
7	8	31
4	9	24
5	6	25
3	4	24
4	12	26
7	8	32
5	7	30
6	8	33
7	7	32
9	7	32
6	6	32
4	6	30
4	7	25
3	4	24
4	4	23
2	4	22
2	4	21
8	12	29
9	11	30
4	8	25
3	4	21
3	7	21
5	7	22
2	6	21
2	6	26
9	15	30
6	10	25
7	9	33
3	13	91
5	7	22
5	6	24
8	9	30
8	9	30
6	9	31
5	10	30
5	8	29
5	7	28
4	7	28
2	5	22
3	7	24
2	3	21
2	6	21
3	8	21
2	6	23
2	5	23
3	7	24
4	10	25
5	10	27
5	10	29
4	9	25
3	9	26
5	9	28
5	10	28
4	9	25
4	9	23
4	5	21
4	10	22
34	39	91
3	9	26
5	8	31
3	5	21
6	8	31
5	6	25
3	7	22
3	8	22
3	7	20
3	7	21
3	8	23
3	7	21
4	7	22
3	8	24
1	4	22
1	4	22
1	4	22
1	5	23
4	7	26
0	8	90
0	14	77
0	11	90
4	7	21
8	3	34
1	10	91
0	14	91
9	11	32
3	6	21
0	8	91
8	11	34
8	9	32
2	5	23
3	5	23
2	6	22
5	8	25
7	11	30
5	11	28
1	7	91
3	7	23
3	7	24
1	5	20
6	8	25
5	8	31
7	8	31
8	10	31
0	3	21
2	5	21
3	7	24
3	5	23
2	6	22
2	5	21
4	4	24
3	7	22
6	8	23
0	5	22
0	29	89
1	16	91
0	7	56
5	10	25
4	12	30
5	7	25
4	11	30
3	4	21
0	10	91
0	11	90
5	9	25
8	12	36
3	8	21
7	10	29
0	14	85
0	13	85
6	9	30
0	8	91
0	4	23
4	6	26
0	5	21
3	5	22
3	7	25
4	7	25
4	7	24
5	7	23
5	8	25
3	8	24
5	10	27
3	6	24
1	4	22
3	4	22
4	8	24
3	6	23
3	8	22
3	6	21
4	7	23
3	12	26
0	8	91
0	10	90
0	18	91
0	25	88
6	11	34
7	13	36
7	13	34
7	13	34
8	13	34
7	11	32
7	11	32
7	11	31
3	7	23
0	29	90
0	28	90
4	5	22
4	4	26
5	9	34
4	7	21
7	9	30
10	12	34
11	18	38
10	12	33
0	-1	91
2	5	22
2	5	22
4	8	26
1	5	22
3	7	23
3	6	22
0	9	89
4	10	31
3	8	22
3	7	20
3	9	23
3	9	24
5	10	25
3	14	27
5	8	28
4	11	28
2	8	23
2	7	22
2	8	21
5	12	30
7	8	25
2	5	23
3	7	22
3	7	21
5	9	23
5	9	22
4	8	30
2	4	21
2	5	21
5	7	25
3	4	25
4	8	29
8	11	33
5	10	30
6	14	34
8	10	29
6	7	26
7	9	26
0	9	91
6	10	30
2	5	22
3	7	22
4	6	22
4	8	24
3	8	23
10	13	32
8	13	31
5	7	25
6	7	26
7	7	27
2	7	22
0	10	91
0	-1	91
6	7	26
7	11	27
2	6	22
2	6	23
5	8	26
4	7	23
0	12	91
4	9	24
6	8	28
0	3	22
1	3	22
1	3	21
2	3	20
4	7	23
3	6	24
4	6	24
4	7	25
4	6	24
7	10	26
1	10	91
6	11	28
2	6	20
1	9	90
0	7	90
4	7	30
10	11	30
3	7	26
2	8	24
5	8	22
0	4	21
4	34	91
6	7	26
5	9	25
3	8	24
5	9	26
3	4	22
3	8	24
6	28	90
4	23	84
2	9	24
2	7	22
2	7	21
0	6	91
1	4	21
3	6	22
9	10	30
5	11	32
3	6	22
0	14	90
2	7	26
0	25	85
9	11	30
0	12	91
0	9	90
3	6	21
2	5	21
2	3	23
4	5	24
3	5	23
6	7	26
4	9	25
7	14	47
3	7	22
5	6	25
2	6	21
3	6	22
6	9	25
5	11	31
4	11	27
4	8	25
3	8	26
2	8	25
3	7	24
2	7	24
2	6	22
4	6	24
2	3	21
7	9	27
6	8	25
4	5	25
5	11	35
4	12	32
6	12	32
6	12	33
1	9	91
0	3	21
2	7	22
3	5	23
2	7	24
2	6	22
4	6	22
1	4	22
0	6	91
4	9	33
4	7	30
6	9	26
2	5	20
6	7	27
0	13	88
0	12	91
0	16	87
6	9	26
3	7	23
2	10	26
3	6	22
3	9	24
2	9	22
2	7	21
2	7	20
2	5	21
2	5	22
7	7	29
6	9	30
6	9	28
5	7	22
4	8	25
7	9	30
3	4	21
3	11	31
4	8	30
2	4	21
2	4	20
2	10	26
5	8	28
7	8	25
7	8	27
8	7	28
6	8	27
6	8	28
1	11	78
0	12	78
2	4	24
2	4	22
2	3	21
5	10	32
5	7	23
5	11	27
2	7	22
3	7	23
3	8	24
3	8	22
2	10	23
4	8	26
2	5	20
0	7	48
1	2	22
1	3	21
3	9	24
5	9	25
4	8	24
5	9	25
6	11	28
5	7	26
4	10	27
3	8	26
4	7	23
7	7	26
8	8	30
5	6	25
0	9	91
0	8	90
2	6	22
2	6	22
2	5	22
0	15	90
2	4	22
4	5	21
2	6	20
0	3	22
1	5	20
2	5	25
3	5	23
3	6	24
3	6	23
3	6	22
1	4	21
3	6	23
7	10	30
2	6	23
3	7	24
2	5	23
3	6	22
1	5	24
7	7	27
6	7	26
4	6	24
4	8	25
5	6	25
1	3	22
1	2	20
4	7	28
5	6	25
2	5	23
0	9	91
0	9	91
9	11	27
1	9	23
7	12	30
6	11	30
5	7	22
3	4	23
3	6	22
4	5	22
8	10	39
5	12	31
9	10	35
1	3	23
1	2	22
2	8	22
3	4	28
6	10	28
6	9	25
6	8	26
1	4	22
4	6	26
2	4	21
3	6	23
3	31	91
3	7	20
9	12	33
1	5	22
8	12	27
3	5	22
3	4	20
6	9	26
3	6	23
6	12	30
5	10	30
5	9	25
5	8	25
5	7	25
4	7	24
4	6	23
3	5	21
5	7	23
6	8	26
10	9	35
5	6	22
0	11	90
3	12	28
5	10	28
6	8	25
2	7	21
2	6	21
1	5	21
2	5	23
3	7	23
5	11	36
3	8	22
4	7	25
5	10	33
5	9	30
8	-1	40
4	9	26
3	8	24
3	8	23
4	9	27
5	9	25
34	-1	90
6	6	27
2	3	22
6	8	31
7	9	27
6	9	26
6	9	29
2	6	23
5	8	25
5	7	24
3	4	24
2	7	20
5	8	30
2	5	22
2	6	22
3	6	22
0	9	91
0	8	90
2	4	20
5	8	30
3	5	21
0	10	91
3	4	20
3	3	22
7	9	32
0	3	21
4	7	23
4	6	21
3	9	23
3	6	23
4	7	25
6	10	26
4	9	24
0	4	20
5	8	23
3	6	22
6	11	25
2	5	21
8	12	32
0	2	90
0	10	90
8	11	35
8	8	29
7	11	33
3	6	22
9	13	33
2	4	22
1	6	20
3	8	22
2	7	21
8	9	26
1	3	22
2	4	21
2	5	21
0	4	22
0	2	21
2	6	22
0	2	22
1	5	20
3	5	23
6	8	27
6	9	28
7	10	29
0	9	91
0	18	90
3	6	21
2	5	21
1	6	20
3	5	24
4	7	23
4	6	22
1	4	21
11	15	38
8	11	33
9	11	32
8	9	26
5	6	24
9	13	31
5	7	24
4	8	26
1	5	29
4	8	31
1	4	22
1	3	21
1	3	20
1	2	24
1	2	21
6	9	31
6	10	26
5	10	30
5	8	29
6	11	25
9	11	26
5	9	30
8	9	33
2	7	22
6	10	32
6	9	24
3	5	24
5	11	27
5	9	27
3	6	22
7	7	27
5	7	27
2	4	21
3	7	23
2	6	21
3	7	23
3	6	22
5	7	25
5	10	30
0	12	91
0	13	90
4	8	24
3	6	25
5	10	24
3	8	25
2	4	21
2	6	22
2	5	22
5	11	30
0	9	90
0	9	91
6	9	26
2	7	23
4	10	27
6	10	27
5	10	25
5	7	24
4	8	26
3	7	25
4	7	26
3	6	23
3	6	22
4	9	29
9	12	28
1	4	21
3	8	22
4	9	26
7	8	30
6	7	29
7	8	31
7	9	30
3	7	23
3	7	21
3	7	21
6	7	26
4	7	23
4	8	23
6	10	30
4	7	21
4	7	22
4	9	23
4	9	23
6	9	28
8	8	26
4	9	30
9	11	34
0	3	20
1	2	20
8	9	31
8	8	31
8	9	33
8	10	32
5	9	25
5	12	34
4	12	34
1	6	21
2	6	22
7	10	29
3	8	24
8	10	26
9	10	33
8	10	28
2	6	22
1	6	23
2	3	21
2	5	22
5	5	31
3	7	24
3	7	24
3	6	22
3	6	22
2	8	22
7	9	28
3	4	21
2	4	21
1	3	21
1	3	22
4	8	24
6	8	33
1	3	22
3	8	25
5	9	28
7	13	37
1	5	20
7	7	26
4	8	22
4	8	21
2	4	21
2	4	22
3	9	30
1	3	21
1	6	23
2	5	21
0	12	91
0	5	91
3	6	22
7	15	33
6	14	33
7	12	31
2	6	21
1	5	20
2	6	22
2	5	22
3	3	21
9	8	30
8	9	31
6	8	26
6	9	28
3	5	24
3	7	23
2	6	21
9	10	34
2	5	20
3	6	23
5	9	31
5	7	23
5	7	24
4	7	22
6	11	27
0	5	20
1	4	21
6	8	25
6	11	30
5	14	30
9	13	30
6	13	27
7	10	30
4	9	24
4	6	22
3	8	30
5	8	30
6	9	31
4	10	31
4	8	26
3	7	24
3	8	24
5	9	28
5	10	31
5	9	28
7	9	30
4	9	29
5	9	31
2	8	30
7	10	31
6	10	31
4	7	28
4	9	30
7	13	31
3	8	21
7	10	26
3	4	24
7	11	35
4	12	31
4	14	32
6	14	33
6	9	31
5	12	28
5	10	26
3	6	24
2	5	21
2	8	21
3	5	22
4	10	24
6	9	23
5	7	24
7	7	24
8	7	27
4	7	22
2	5	23
3	7	22
6	10	27
6	7	26
4	7	25
5	9	25
3	7	23
11	13	35
2	6	21
2	6	20
4	8	23
9	12	29
2	7	22
3	7	21
6	7	30
3	4	23
6	8	31
5	6	25
3	7	25
2	6	23
3	7	25
2	8	23
3	9	26
3	7	22
4	7	26
10	13	33
7	11	26
3	7	22
4	8	27
7	8	26
3	6	23
2	6	22
6	8	30
1	6	21
5	10	28
6	9	26
6	8	27
6	11	27
4	7	23
4	9	23
3	11	25
5	12	30
5	9	27
8	12	33
6	8	29
3	5	22
5	7	24
6	8	25
1	10	91
1	9	21
3	7	21
3	6	23
3	7	24
4	7	23
3	8	26
4	9	27
4	12	26
9	12	32
6	8	25
2	8	21
4	4	22
2	6	23
8	11	30
2	6	20
3	6	22
3	6	22
3	5	22
7	10	26
7	9	30
5	8	25
5	11	30
5	11	27
7	11	27
5	9	25
1	5	20
0	2	21
6	15	33
6	10	31
7	12	31
5	9	26
2	5	23
2	6	23
2	6	22
6	13	29
5	10	28
6	11	27
7	11	28
7	12	28
6	10	26
7	10	27
3	7	27
5	5	23
5	6	25
2	7	22
2	7	23
10	15	36
6	8	27
1	7	21
5	10	30
7	15	33
3	4	24
5	7	28
5	10	31
7	9	29
4	11	30
4	11	31
5	10	30
4	11	31
6	10	31
3	6	23
1	5	22
6	11	32
6	11	31
0	11	90
3	7	21
6	7	26
3	5	22
6	8	27
3	14	91
5	8	25
6	12	31
0	7	89
0	7	90
1	6	21
0	17	91
4	7	22
6	10	28
1	7	21
4	9	23
4	8	22
5	6	25
1	6	20
0	9	90
0	9	91
9	11	28
2	6	22
1	6	21
2	7	20
1	8	22
2	9	23
0	9	91
5	8	27
2	5	20
2	4	21
8	10	33
3	6	25
8	11	36
3	7	24
4	9	23
5	9	22
3	7	21
3	7	22
5	5	24
6	7	26
7	10	32
4	9	24
4	5	25
5	7	24
6	9	30
3	6	23
5	7	24
2	8	22
3	7	25
2	5	22
2	4	22
1	4	20
5	7	24
5	6	23
3	7	23
3	5	23
3	4	23
2	4	22
3	8	26
7	11	31
11	41	90
1	7	21
1	8	22
2	8	23
3	7	22
2	7	22
2	6	21
5	7	26
6	6	25
0	16	90
0	19	91
8	11	31
3	8	30
4	5	25
3	7	22
4	9	23
3	5	24
3	10	24
0	27	88
2	5	23
2	5	22
2	5	21
3	4	24
1	2	21
11	11	33
5	6	23
8	8	33
8	12	30
8	13	28
4	9	25
7	11	34
7	10	34
4	10	30
7	11	29
7	9	32
7	10	30
6	9	29
5	7	31
4	7	22
7	51	90
2	5	21
5	8	23
3	6	25
3	6	23
0	2	22
0	3	23
4	11	31
3	7	21
5	10	25
4	6	22
0	4	22
0	5	20
3	7	23
3	7	23
2	5	22
3	6	22
3	6	23
2	5	22
1	3	20
3	6	23
3	6	24
0	5	21
3	7	20
2	6	22
2	6	20
4	7	23
5	9	24
3	6	26
3	7	25
3	6	24
2	5	23
1	4	23
0	4	24
6	8	24
4	6	25
6	10	27
6	9	26
4	11	26
6	9	24
3	8	26
3	8	25
3	7	24
4	5	22
6	7	24
1	5	20
2	4	21
5	8	26
5	8	25
6	7	26
4	7	22
3	5	22
6	8	26
5	7	32
3	5	23
1	6	20
0	14	91
3	5	24
2	8	23
4	6	23
7	11	33
4	6	23
6	7	23
6	10	26
3	14	29
3	7	22
7	10	26
4	6	23
1	8	22
5	9	24
0	5	23
6	24	91
10	11	33
6	11	27
10	20	40
5	7	23
2	23	91
6	11	27
0	3	21
9	10	28
2	5	21
1	5	22
1	4	22
4	9	25
2	4	22
6	11	25
6	8	24
3	6	23
3	5	23
4	6	24
3	12	24
1	4	21
4	7	23
8	11	31
4	7	22
6	10	29
3	7	26
4	10	26
4	11	25
4	7	23
3	9	23
3	8	22
6	8	25
7	10	27
9	10	30
6	9	26
4	5	24
7	7	24
7	7	26
7	8	26
9	10	30
6	9	28
1	5	20
3	7	23
5	17	90
3	6	23
2	5	21
9	14	40
3	6	24
9	13	34
0	9	91
0	-1	91
5	10	25
6	8	26
3	8	24
2	5	22
6	8	30
5	7	30
5	8	31
2	2	21
1	3	20
8	8	27
6	9	26
1	4	91
0	14	91
9	14	32
6	14	33
7	13	33
7	11	30
4	11	26
7	11	32
4	8	28
4	8	27
5	9	27
4	8	26
5	9	27
6	11	32
6	9	26
3	8	25
7	9	25
3	6	23
9	12	33
8	9	28
1	7	20
7	10	27
7	8	27
2	3	21
1	6	20
5	11	25
3	6	22
6	8	29
1	2	21
2	9	21
3	6	22
5	7	34
2	14	58
6	9	24
4	4	20
6	9	26
0	19	91
0	18	91
3	9	21
12	37	90
3	8	23
3	9	24
3	7	22
5	11	30
3	10	25
3	9	26
4	8	25
5	8	25
6	8	23
4	8	21
1	8	23
2	7	23
3	11	28
2	5	28
4	8	24
4	7	23
4	10	24
4	8	25
5	8	28
6	9	27
3	7	24
1	3	20
3	7	24
5	8	25
4	11	25
7	11	29
7	7	26
0	4	22
3	6	23
1	3	20
3	6	23
5	7	25
8	12	33
6	9	29
5	9	27
5	5	23
3	6	22
5	8	25
3	6	21
1	4	20
1	3	22
5	9	32
4	7	26
6	8	27
4	8	25
5	8	27
5	7	26
5	7	25
5	7	27
4	8	26
3	9	22
2	6	22
3	6	23
3	6	24
4	10	24
0	8	91
2	7	21
5	7	26
6	8	25
6	8	26
3	7	23
3	5	22
3	5	23
2	7	20
0	11	91
4	6	24
2	6	23
3	7	24
5	7	28
3	7	24
4	6	23
0	4	23
8	7	30
7	7	26
6	10	26
8	10	30
7	4	31
6	4	27
6	5	28
4	5	30
5	9	31
3	9	24
2	5	23
2	4	21
0	2	21
4	9	23
3	7	21
5	8	25
5	9	24
5	9	30
3	7	23
3	6	23
5	11	25
2	5	24
3	6	23
2	6	22
4	6	24
3	6	24
3	6	27
3	6	21
3	6	23
1	3	20
3	5	26
5	6	27
4	9	30
6	11	31
6	10	26
2	4	21
3	5	21
4	7	24
4	6	23
0	4	21
0	31	91
3	11	31
1	6	22
2	5	21
2	5	21
6	10	31
6	5	25
1	7	20
0	8	91
0	9	91
1	2	21
4	8	25
4	6	24
5	8	24
2	6	22
2	7	22
6	7	25
5	5	25
4	5	23
3	6	22
3	4	21
3	8	26
3	7	23
8	11	28
7	8	26
1	5	22
1	8	23
2	6	22
2	7	21
2	9	24
3	10	24
4	9	25
1	5	21
5	6	25
4	6	25
3	9	22
5	9	25
3	5	23
3	7	20
1	3	20
3	7	23
4	7	24
2	6	25
2	3	31
1	2	20
4	7	23
4	7	22
6	10	28
0	3	21
5	7	26
0	21	90
4	9	25
3	9	24
4	8	22
4	9	24
5	13	27
5	8	24
4	4	22
2	6	21
4	9	26
4	6	22
5	7	24
4	7	24
4	7	23
3	7	23
3	6	24
3	11	26
5	11	23
1	6	22
1	7	22
1	6	21
5	6	23
3	7	22
2	7	21
2	8	20
5	8	30
3	7	23
4	8	24
3	7	23
6	8	29
6	7	26
6	8	26
7	12	31
4	9	26
4	5	23
3	5	23
0	19	90
5	9	30
5	8	23
4	8	22
4	9	23
3	8	23
4	8	23
1	6	24
2	6	23
2	9	23
1	5	21
0	4	20
1	4	20
1	3	23
1	7	22
2	3	26
1	3	20
3	29	90
7	10	30
2	3	20
0	24	90
0	7	91
3	5	22
6	5	26
3	6	23
3	6	24
2	6	22
3	7	24
0	24	90
5	9	25
8	11	32
2	8	25
3	6	20
7	13	29
8	11	27
7	11	33
6	8	31
1	3	21
2	7	22
1	7	22
2	7	23
3	9	22
6	11	30
6	9	31
3	7	22
5	9	24
6	9	30
4	6	23
4	9	30
0	5	22
0	-1	90
2	3	22
2	4	20
2	7	23
4	10	24
3	9	24
4	8	21
4	6	24
4	8	22
3	5	22
3	6	22
2	4	21
6	8	24
9	9	26
2	6	22
3	6	22
2	6	20
10	13	33
8	12	31
2	6	21
2	6	21
3	9	25
5	7	23
2	10	25
1	8	22
3	8	22
5	10	23
3	8	23
4	7	22
3	7	23
4	7	23
1	3	21
4	5	22
3	7	21
4	9	23
2	7	22
7	10	26
0	14	90
0	13	90
6	8	27
3	4	25
6	9	25
4	9	22
7	10	33
2	5	20
2	6	22
3	6	23
3	6	24
5	5	24
1	3	20
2	4	25
2	7	21
6	11	30
2	5	22
0	5	20
2	6	21
2	6	21
2	8	21
6	10	30
1	3	21
8	10	26
6	11	27
8	12	30
6	11	28
7	12	28
3	8	22
2	4	21
4	6	22
2	6	21
2	7	22
0	1	22
1	2	21
1	2	20
3	7	22
4	7	25
4	6	25
1	4	21
0	11	91
0	15	90
0	3	20
2	6	21
2	6	21
3	9	23
2	8	24
4	6	23
0	20	87
1	8	21
1	8	22
4	5	21
6	8	25
1	5	21
5	9	24
6	9	28
4	5	23
6	6	29
2	5	24
4	10	29
4	8	24
2	3	24
0	1	21
10	12	31
9	11	28
8	11	28
10	12	32
8	13	33
10	13	34
7	12	34
7	12	33
8	12	30
8	11	28
8	12	29
5	7	24
3	7	21
3	8	23
3	5	22
5	8	24
5	8	23
0	28	90
4	5	25
5	7	24
3	5	22
6	6	23
5	11	26
3	4	22
0	21	67
0	17	49
2	6	21
2	6	22
3	7	24
3	7	23
2	5	21
3	7	23
3	8	22
3	8	23
3	9	25
3	8	24
1	9	23
4	6	22
4	6	22
3	6	21
1	4	22
1	3	21
2	5	20
8	11	29
3	7	22
3	11	25
6	7	24
5	10	26
5	9	25
4	9	24
3	7	22
1	5	20
1	6	22
3	7	23
6	11	30
3	9	26
4	8	26
5	8	25
4	7	25
4	10	27
4	8	27
4	8	26
6	7	27
3	9	26
3	5	24
4	6	24
5	9	24
5	8	27
0	4	23
5	7	25
2	5	21
1	4	22
5	6	24
3	6	22
11	15	38
0	13	91
0	16	91
2	3	20
0	3	21
4	7	24
4	28	90
0	32	90
3	8	22
5	9	26
4	9	22
5	8	22
8	13	37
10	9	37
9	8	25
8	9	31
8	10	31
9	8	30
6	8	32
4	6	26
4	5	25
2	5	23
2	5	22
3	5	23
4	6	25
5	8	27
4	6	25
4	7	26
3	8	26
4	6	24
3	6	23
5	13	31
2	4	21
1	1	21
5	7	22
2	6	22
1	3	24
1	4	23
1	6	25
2	4	22
0	6	24
6	8	26
5	10	27
5	12	30
0	7	53
2	6	21
2	4	20
2	7	22
2	8	22
3	5	22
3	5	23
6	10	24
9	12	31
8	11	28
4	7	22
8	10	31
6	12	27
3	5	23
0	7	20
6	9	26
4	8	26
6	12	31
3	9	26
7	15	31
4	9	25
1	5	21
1	6	22
1	8	22
2	6	22
3	7	28
3	6	20
6	8	30
4	5	22
2	6	23
3	5	23
3	4	22
6	9	30
4	7	22
1	4	21
4	7	23
3	6	22
4	9	24
2	5	22
3	9	32
0	4	23
6	6	24
2	6	22
0	9	90
0	10	90
0	10	91
2	5	20
9	15	37
5	11	30
5	9	27
6	5	23
4	8	23
0	3	20
4	7	24
4	8	22
3	8	21
7	10	32
1	5	20
4	9	25
2	7	21
4	9	24
2	6	20
0	9	90
4	9	26
4	11	33
3	8	23
3	8	24
2	8	24
1	6	23
1	5	22
0	17	91
0	14	91
5	9	26
2	6	23
7	9	25
7	10	30
4	12	30
3	5	22
5	8	22
2	7	22
3	6	21
1	6	24
4	4	27
5	8	31
5	12	34
5	7	24
3	8	23
2	5	21
3	4	20
8	15	34
0	11	90
0	10	91
0	10	90
6	9	30
6	7	23
2	9	26
7	11	31
3	4	21
2	6	21
2	6	20
4	8	23
9	12	29
4	7	23
3	6	25
1	4	20
6	11	30
7	11	34
3	7	23
3	5	20
1	4	21
4	6	22
3	6	22
1	8	22
1	8	23
8	11	28
5	7	25
5	8	24
7	8	28
5	5	25
5	7	28
6	8	23
1	14	91
0	9	91
3	7	27
3	7	23
3	10	23
3	5	24
3	4	22
3	5	23
0	12	89
0	13	90
3	7	24
4	7	26
0	11	91
0	15	90
2	4	23
2	3	21
2	3	23
3	6	24
3	4	23
2	5	23
11	13	36
5	7	26
6	6	25
5	6	26
1	3	21
9	11	34
7	9	28
3	7	24
7	10	30
3	5	20
2	5	21
3	6	21
0	6	91
2	5	20
0	4	20
2	8	21
6	11	30
4	7	22
3	5	21
1	6	21
5	10	28
9	12	34
8	11	28
8	11	27
7	11	31
8	12	30
5	6	24
3	7	23
3	7	30
7	10	31
9	11	30
3	6	22
3	6	22
0	3	20
3	7	24
4	6	23
0	10	89
1	5	22
7	9	31
2	5	21
4	7	25
4	7	23
4	6	31
6	6	30
4	8	23
0	2	22
3	8	23
3	9	25
3	9	24
3	6	22
3	7	25
4	6	22
4	8	24
5	6	26
4	6	21
4	11	30
7	11	31
5	8	28
4	9	27
5	9	28
3	9	26
1	4	21
8	11	32
3	6	21
2	2	20
2	8	24
3	8	26
5	6	27
5	7	26
5	9	33
6	11	30
11	9	37
2	5	23
3	6	24
2	5	21
3	5	21
4	9	25
5	8	25
0	12	91
0	14	89
0	4	22
7	12	30
4	7	25
3	4	21
3	7	23
2	4	22
2	7	23
2	6	24
2	5	20
5	12	30
2	4	23
6	7	25
6	7	27
2	5	22
4	9	27
4	10	27
6	7	25
6	10	30
4	7	24
5	6	23
5	9	26
3	5	25
3	5	24
3	4	21
6	10	28
7	13	30
6	11	29
7	11	31
5	9	27
5	8	26
5	9	25
5	9	24
6	12	31
6	10	30
4	11	27
3	9	23
3	7	22
0	8	91
8	13	34
2	5	23
4	9	24
4	8	24
5	7	23
7	11	31
4	13	33
3	5	23
2	8	22
4	6	21
0	4	20
1	4	23
7	9	28
3	8	24
4	9	25
4	7	23
6	7	25
3	6	23
3	9	23
2	6	22
2	12	25
4	9	31
4	5	28
3	6	26
4	8	24
7	15	35
9	13	34
3	7	22
5	7	26
6	10	26
3	6	27
4	6	25
4	6	23
3	7	24
6	10	26
8	9	27
9	12	30
7	10	30
8	9	27
8	9	27
5	9	27
7	10	27
4	7	23
2	5	24
6	9	34
5	8	30
4	6	26
4	6	25
5	8	27
7	9	31
3	7	24
4	5	30
3	7	27
1	5	21
0	6	23
1	3	24
0	4	23
1	6	25
2	4	22
6	8	26
7	6	35
8	9	30
0	5	36
1	5	22
1	4	21
0	3	20
2	6	24
9	11	34
7	8	30
4	9	26
9	13	30
0	9	89
0	9	91
3	6	23
3	6	20
1	5	21
2	18	91
1	3	20
1	3	22
4	9	23
3	4	23
11	10	35
5	7	25
4	5	25
1	3	20
3	6	21
2	7	21
2	6	21
8	10	34
9	11	33
7	13	32
8	9	29
8	8	29
6	8	26
2	6	21
4	6	24
7	10	28
3	6	26
8	10	27
5	12	31
5	10	30
6	10	30
6	9	28
7	8	26
6	9	26
6	9	27
6	8	26
4	7	22
2	6	24
2	7	21
2	8	22
1	3	21
3	7	21
4	7	23
6	9	24
13	15	37
12	16	39
3	6	23
3	6	21
3	5	22
4	7	25
4	7	27
6	11	28
8	15	35
11	20	43
8	11	28
4	7	23
0	21	90
3	7	21
7	8	26
5	8	25
6	9	26
6	9	26
3	7	24
2	7	23
2	6	22
2	6	21
3	9	25
2	7	22
2	6	22
4	8	24
3	5	23
2	5	21
6	6	30
5	9	25
6	10	26
11	42	90
0	17	89
0	7	61
4	5	23
8	10	32
1	4	20
3	6	23
3	6	24
4	9	31
4	7	23
5	7	25
3	6	23
7	10	27
4	8	25
7	9	30
2	6	25
8	15	39
4	8	23
7	12	29
2	5	20
8	9	29
4	7	23
6	8	30
6	8	26
4	8	23
2	6	22
2	6	23
2	4	21
12	11	35
8	11	30
2	4	21
2	7	22
2	6	22
0	-1	90
3	5	22
4	5	23
4	6	23
8	7	29
0	-1	90
0	-1	90
2	6	22
0	23	90
2	6	20
6	8	27
7	7	29
1	28	91
5	8	25
3	5	24
3	5	22
3	4	20
5	12	29
5	6	22
4	9	26
2	9	23
3	4	25
2	5	23
1	4	22
0	3	22
0	3	20
6	13	31
5	11	30
6	11	30
4	10	25
4	9	27
2	6	21
1	5	20
1	6	21
5	7	24
6	7	27
4	14	30
4	7	30
3	4	22
7	13	32
4	11	25
4	9	24
0	9	91
0	15	91
0	7	78
2	4	21
2	5	21
4	5	23
4	9	30
0	7	90
3	5	21
18	20	46
7	10	34
5	9	24
1	5	21
1	7	21
2	5	21
3	9	23
1	5	21
2	6	22
7	8	26
5	10	27
4	6	22
3	7	22
7	10	32
4	7	22
11	11	33
5	4	22
9	9	27
9	12	30
11	14	32
4	10	24
6	7	24
10	13	39
1	5	21
7	10	27
3	7	23
2	6	24
2	7	24
3	6	24
6	11	25
6	9	30
5	6	25
5	5	24
5	8	31
3	4	26
2	5	22
5	10	25
4	7	26
4	7	25
4	6	22
4	8	28
4	7	26
4	7	26
4	7	29
3	6	25
3	7	25
1	4	21
3	6	21
0	-1	90
7	8	23
4	9	27
2	8	25
4	7	24
2	4	22
0	3	21
0	3	21
3	9	23
3	9	23
6	10	26
6	8	32
2	4	21
3	5	21
1	7	21
5	5	26
5	7	23
0	10	91
0	10	90
8	9	34
7	8	28
3	5	24
7	9	28
6	8	28
4	6	24
6	7	24
4	12	30
4	9	25
4	5	23
2	8	22
6	11	30
3	9	26
5	11	30
4	8	25
6	11	30
5	10	25
5	13	27
8	13	31
6	12	28
2	5	21
2	5	20
3	5	25
5	9	28
8	12	31
2	5	23
1	4	26
2	4	25
2	5	23
1	4	24
1	4	22
0	3	23
1	5	25
0	2	24
0	2	23
1	3	24
1	3	23
0	2	22
1	3	21
0	3	20
3	11	30
3	10	26
3	9	28
3	8	27
4	10	27
4	9	30
3	6	25
4	8	27
3	6	24
4	6	24
3	5	24
8	9	26
5	10	27
6	6	27
1	6	20
1	6	21
4	7	22
6	6	25
6	14	31
4	14	31
6	14	32
6	12	30
5	10	28
6	10	28
3	6	22
3	6	23
2	7	21
3	4	23
3	7	23
4	6	23
5	7	24
2	4	22
3	7	23
3	10	24
2	4	21
2	5	21
4	7	22
3	7	21
8	7	30
5	9	33
5	8	24
1	6	23
2	5	22
3	7	23
7	11	31
4	6	23
7	6	28
4	5	21
1	5	23
3	5	22
4	7	24
8	7	28
3	6	21
5	7	23
4	10	23
4	6	24
0	11	91
0	12	82
2	6	21
2	5	21
5	10	32
4	8	21
6	6	25
1	5	20
2	6	21
9	12	34
5	12	31
5	11	30
4	10	25
3	8	24
5	7	23
3	6	23
3	6	22
3	6	22
3	6	21
2	6	20
3	6	24
3	5	24
2	4	22
5	9	24
0	3	21
2	6	21
2	5	22
3	4	21
7	9	25
5	10	26
5	9	25
5	10	26
6	10	31
8	15	33
7	15	33
5	7	25
0	3	20
1	4	21
0	3	20
4	10	23
2	4	21
5	8	30
5	8	25
6	8	26
5	8	31
4	6	26
4	8	23
4	6	22
2	6	20
0	1	91
0	7	91
4	8	22
2	6	22
1	4	21
2	5	21
7	11	34
4	6	27
6	7	25
8	13	33
3	8	24
3	5	22
3	4	21
6	11	30
3	8	23
4	9	23
3	7	23
2	5	22
2	7	21
4	5	24
6	8	23
2	4	20
9	16	38
2	5	24
6	8	34
7	9	32
0	4	20
2	5	23
1	5	22
2	5	22
2	8	22
2	7	21
3	7	22
2	5	21
2	5	22
2	6	23
4	8	24
5	9	26
4	8	24
5	8	24
4	8	27
8	11	32
6	10	26
2	8	23
4	8	22
2	6	23
4	7	24
2	4	23
5	8	23
4	8	31
6	6	23
8	9	29
10	14	36
9	12	36
9	11	30
8	9	30
9	12	36
9	10	34
6	8	25
8	17	36
4	9	27
2	5	20
3	7	22
5	7	26
3	8	22
2	5	23
3	7	23
3	7	23
2	8	23
4	6	22
4	8	21
8	10	27
4	6	23
3	6	24
3	6	23
4	6	24
2	6	24
6	8	24
7	14	32
8	13	32
7	11	29
2	9	24
3	9	24
2	9	24
2	8	22
2	7	21
2	6	25
1	5	22
2	5	23
0	3	20
0	3	21
2	5	26
1	3	24
3	8	22
1	5	21
3	7	22
6	10	31
4	5	22
4	43	90
2	11	23
3	7	21
3	8	24
6	10	25
6	11	26
4	10	26
8	10	29
6	9	24
4	5	22
4	6	21
5	8	25
3	5	22
7	11	30
3	5	21
8	11	34
5	5	23
3	4	21
6	9	27
6	9	31
8	11	30
3	7	23
5	7	25
4	7	25
1	3	24
3	8	24
7	10	24
12	16	40
1	3	24
4	8	25
2	6	21
7	13	30
8	8	30
8	8	33
9	8	31
6	13	30
3	6	21
6	7	27
1	4	24
5	7	24
4	8	24
8	11	32
7	11	31
7	12	26
3	9	25
2	10	22
3	6	21
8	14	34
7	8	25
7	8	26
4	7	23
2	9	24
0	12	90
0	12	91
3	6	22
8	10	29
8	9	30
6	8	25
3	7	24
2	6	21
3	8	23
2	6	22
3	8	25
3	9	24
4	7	23
6	10	30
8	12	32
6	8	26
5	9	22
7	9	23
9	10	30
0	4	22
7	10	28
4	9	24
5	9	30
4	7	23
3	9	22
2	6	21
2	6	22
3	6	21
5	10	26
5	8	25
4	7	25
3	5	21
7	8	26
6	8	28
3	6	21
1	4	20
0	4	21
0	32	90
3	15	31
3	11	25
4	10	23
2	7	22
2	7	22
8	12	33
8	16	37
9	14	35
8	14	34
6	12	29
7	12	35
7	9	28
5	39	91
1	7	22
4	9	25
5	12	30
6	8	25
5	11	26
7	11	30
0	10	88
9	12	31
3	7	20
5	11	27
6	9	27
6	8	25
10	15	35
8	14	30
8	11	29
7	11	28
8	12	31
7	11	32
7	10	29
6	10	28
5	8	25
1	3	21
1	5	20
6	15	31
2	4	21
5	9	25
9	12	32
9	12	33
3	7	23
3	8	22
5	14	28
3	7	24
2	6	22
2	6	22
3	6	21
2	6	22
6	9	25
2	5	20
8	11	32
7	10	31
2	5	21
3	6	21
3	7	21
2	6	23
4	8	30
13	38	87
7	12	28
3	6	23
4	7	27
5	5	21
9	11	26
8	13	30
5	8	22
3	6	24
3	8	24
5	9	23
3	5	22
2	5	22
4	7	23
8	13	31
8	10	30
4	8	23
3	7	21
3	6	21
2	5	20
5	12	26
6	9	25
9	9	31
8	9	30
8	10	31
4	7	24
5	13	31
9	14	31
0	9	91
0	8	90
2	6	21
4	8	24
9	10	29
5	8	23
6	10	27
9	11	37
5	5	26
7	8	23
4	5	23
8	10	28
7	8	29
6	11	26
9	12	29
7	7	25
0	10	91
0	13	90
2	6	21
6	13	28
3	6	22
3	6	23
9	9	26
3	7	30
5	11	33
1	20	90
3	-1	91
0	12	91
2	5	24
1	4	22
4	7	23
3	7	22
2	4	22
8	9	27
2	6	22
0	14	90
0	11	90
3	8	24
4	8	25
6	8	26
7	9	30
8	9	31
8	10	31
7	8	27
3	6	22
7	12	31
9	12	34
6	9	31
7	7	30
4	6	24
3	6	23
3	6	22
10	11	30
6	9	36
6	8	33
6	8	32
5	7	30
6	9	34
9	10	42
12	12	48
8	10	39
7	9	37
6	9	34
3	6	24
4	6	22
3	5	23
5	6	26
4	7	25
4	6	26
5	7	30
5	7	31
6	9	36
6	8	36
4	4	26
6	8	31
6	7	30
6	8	30
8	9	34
6	10	31
8	11	37
6	6	27
6	7	32
6	7	33
5	6	32
5	5	26
5	5	26
5	6	28
6	10	33
6	10	32
5	7	27
6	10	35
6	10	34
7	10	35
5	9	30
5	7	25
7	10	36
9	11	38
6	9	32
6	7	26
3	7	25
5	7	24
2	6	25
5	7	25
2	10	24
2	11	24
5	8	24
4	8	23
4	8	22
5	8	28
2	7	23
8	9	27
7	8	26
5	13	31
2	6	20
2	7	20
2	8	22
3	7	22
7	6	32
3	7	22
2	6	33
5	8	24
8	9	33
4	8	22
3	7	23
2	6	22
3	7	22
1	7	21
8	9	27
6	9	26
7	10	28
5	10	27
6	12	28
6	8	23
0	9	90
0	8	90
2	7	23
4	6	22
2	5	21
3	5	20
4	5	26
2	9	24
3	5	21
5	7	25
7	11	28
7	10	30
7	8	25
5	8	22
5	9	25
5	9	24
5	7	22
2	4	22
6	7	31
3	5	23
10	12	34
4	7	22
8	10	29
5	8	25
6	10	27
5	9	30
5	9	28
4	8	27
4	8	24
4	5	24
2	4	24
5	9	31
8	11	28
2	4	21
2	6	21
8	13	32
9	13	31
9	12	32
6	11	26
3	7	21
11	15	36
2	8	21
2	7	20
4	8	22
3	8	22
4	8	23
9	14	33
11	12	33
1	8	91
0	11	90
5	9	25
2	5	22
2	6	21
2	6	22
3	5	24
4	7	25
6	10	24
4	9	23
0	8	91
2	5	23
6	11	24
2	7	20
6	8	24
3	6	21
1	6	20
4	6	21
5	9	23
4	7	22
4	9	22
4	8	23
2	8	22
2	9	22
4	9	30
12	13	41
6	12	30
6	8	31
6	7	30
0	15	91
7	9	24
0	9	91
0	12	91
1	3	21
7	13	38
4	8	26
2	40	90
3	8	26
5	11	30
4	9	27
5	10	27
5	11	26
5	9	25
5	10	26
2	8	24
5	8	24
3	7	24
3	6	23
3	6	23
7	11	29
6	10	27
4	12	26
4	7	21
5	11	28
3	10	32
5	11	32
6	10	31
4	8	25
3	6	25
2	11	24
4	9	24
1	4	21
3	5	21
3	8	25
8	9	28
10	17	37
2	5	21
4	8	23
4	8	23
4	8	21
5	9	27
5	8	24
4	8	23
4	8	22
4	9	24
4	7	22
3	6	23
3	7	26
2	6	22
3	5	22
9	14	35
3	7	22
4	10	24
6	9	25
7	9	24
5	9	24
4	8	23
6	8	28
5	7	26
7	10	30
5	7	25
4	9	27
5	9	25
2	8	25
2	9	25
1	8	24
1	4	20
0	4	22
0	4	21
3	21	86
5	11	30
5	9	23
3	6	22
5	8	25
3	10	25
5	8	25
9	10	28
4	5	24
5	7	24
13	10	42
9	9	33
7	10	30
9	10	38
8	9	31
9	13	39
8	10	34
9	10	32
8	10	35
7	9	32
11	12	38
9	10	33
11	12	38
12	11	36
8	11	33
12	15	42
11	12	36
13	13	41
11	12	39
8	11	36
12	13	41
11	12	37
4	5	23
3	5	24
3	5	21
2	4	21
4	5	23
4	6	25
3	6	22
3	7	24
2	10	23
3	7	24
4	10	24
2	5	21
9	10	35
9	10	31
7	10	25
4	8	22
4	9	25
3	7	20
4	7	24
1	5	21
3	5	21
7	8	29
6	7	26
3	6	23
5	8	24
7	9	31
6	9	25
5	7	24
8	16	32
6	12	27
2	9	22
4	7	23
1	4	22
1	4	21
0	5	20
3	6	24
3	8	24
3	6	23
0	6	21
4	7	26
4	8	22
6	11	26
6	11	25
3	7	22
7	14	31
4	9	26
4	7	24
2	6	23
4	8	23
7	14	32
4	10	25
1	5	22
3	4	20
17	24	62
8	10	31
4	7	23
3	6	26
0	9	91
2	6	20
4	7	23
6	6	26
4	8	27
1	7	21
3	10	25
4	11	27
4	12	26
4	10	25
4	10	24
4	10	23
10	15	38
9	12	34
9	10	31
8	9	31
7	7	25
8	11	30
6	11	30
2	8	22
4	7	24
3	5	24
2	5	21
3	5	22
2	4	21
2	6	21
9	11	28
7	11	31
7	13	30
6	8	27
7	8	26
6	8	25
7	12	30
2	7	22
0	18	90
0	11	90
7	10	30
6	9	25
6	8	25
8	8	24
5	12	31
4	6	24
9	12	30
2	9	23
4	8	26
3	8	24
3	10	28
4	10	26
6	12	32
8	10	27
0	21	90
2	5	23
2	7	21
4	6	21
4	9	32
6	7	31
4	9	22
5	8	24
2	5	20
3	-1	91
5	-1	89
5	8	24
4	7	22
4	6	22
3	7	20
0	28	91
3	9	25
3	7	23
3	9	27
4	7	24
4	8	25
2	7	21
3	6	20
0	1	91
5	5	25
1	9	23
3	9	24
3	6	23
2	7	23
5	8	27
5	9	27
9	11	32
0	2	21
6	9	26
6	7	25
6	7	28
2	7	22
1	6	20
2	9	23
4	7	25
3	9	25
4	8	24
4	6	23
3	7	24
6	9	23
3	6	21
9	15	32
5	7	24
0	17	90
0	3	91
5	10	24
7	8	25
3	5	21
2	6	21
2	7	20
4	8	25
4	6	22
2	6	23
3	7	22
2	4	20
1	4	22
5	8	25
4	8	25
4	9	25
3	10	26
3	9	25
2	6	22
9	12	28
7	12	30
8	10	31
3	6	23
4	6	22
5	7	23
3	4	24
2	4	22
6	7	24
2	6	21
7	10	30
9	12	35
8	10	27
3	7	22
3	7	21
3	7	22
5	5	22
4	8	26
3	7	22
4	5	22
4	10	26
4	8	23
8	12	30
3	7	22
2	6	22
6	8	27
5	8	24
5	9	28
7	11	30
4	6	22
1	6	20
4	9	24
6	12	30
3	10	24
3	9	23
5	8	23
1	7	20
3	6	21
4	8	24
8	13	32
3	8	23
5	7	23
5	9	32
4	6	26
5	7	31
4	8	29
3	6	25
3	7	26
6	7	31
5	7	27
3	6	22
2	6	23
2	5	21
2	8	24
2	7	23
3	8	23
9	12	33
0	12	90
3	6	23
7	8	31
5	9	25
2	5	21
3	7	21
3	4	23
2	5	22
3	5	23
1	6	23
2	5	21
2	6	21
2	7	26
7	11	31
6	7	26
6	7	24
8	12	33
0	9	78
0	8	78
2	7	22
7	10	29
3	8	21
3	8	23
2	6	24
3	8	23
2	6	21
2	6	22
2	10	25
4	12	26
4	8	23
3	11	26
4	8	27
8	14	38
6	10	31
2	6	23
3	6	22
6	7	26
4	7	25
2	7	23
6	11	28
4	7	24
6	7	24
7	10	26
4	7	24
4	8	25
3	5	23
3	6	23
3	5	25
1	3	21
3	7	23
3	7	22
4	7	24
3	8	23
4	7	25
4	7	22
1	8	91
1	11	90
7	12	30
8	14	28
1	6	20
4	6	27
6	61	91
4	8	23
0	2	21
2	6	21
7	11	27
5	12	27
5	9	25
5	10	25
2	6	20
3	7	21
5	8	25
3	6	24
3	7	23
4	8	27
9	11	31
2	5	21
2	4	21
8	16	32
8	13	31
9	14	30
4	8	24
3	9	21
3	7	22
5	10	25
5	9	24
4	8	23
2	6	21
2	6	22
6	7	25
2	6	23
0	4	22
6	8	30
4	7	24
5	6	24
6	13	33
9	12	34
5	8	24
7	10	26
8	9	27
6	10	27
4	7	23
6	8	29
5	6	24
7	10	30
4	5	22
3	7	22
7	13	29
1	7	23
6	6	26
3	7	22
8	8	30
8	8	28
4	5	27
6	7	31
2	3	22
5	10	31
5	9	27
4	7	23
2	7	20
9	10	30
0	10	91
2	5	22
6	7	32
3	8	25
5	8	23
0	31	90
0	31	90
0	32	90
0	0	22
0	1	20
0	0	21
5	8	26
3	4	24
3	6	24
4	7	24
4	8	24
5	8	26
5	9	25
3	8	26
4	9	27
5	8	27
4	8	28
4	8	27
4	7	23
8	11	30
5	8	24
6	9	29
7	8	28
1	7	23
2	6	21
4	5	23
4	6	22
6	6	25
4	5	23
3	5	22
5	6	26
5	6	24
4	4	22
3	4	22
7	9	27
5	7	24
5	9	25
4	8	25
3	10	26
3	8	22
3	7	22
4	10	31
2	6	20
4	8	25
9	8	30
6	11	31
4	10	26
1	5	21
8	10	33
4	5	24
4	7	25
3	8	25
3	6	21
6	12	31
7	10	29
2	5	22
7	8	27
2	6	22
2	6	21
2	7	22
4	6	24
1	23	91
7	11	31
4	7	23
4	8	26
6	9	29
4	9	23
4	8	22
3	5	23
1	5	20
3	8	21
4	4	22
4	8	24
2	4	22
5	9	31
3	8	25
6	9	31
5	9	22
8	10	31
4	7	25
5	8	22
8	13	31
7	11	31
6	13	31
4	13	28
8	10	29
0	21	90
2	8	21
4	8	24
5	5	24
4	7	23
5	9	25
0	11	91
0	11	90
3	4	23
5	9	23
4	9	25
7	11	33
6	15	33
3	7	24
5	8	23
6	10	24
7	8	26
6	10	30
5	9	25
4	6	24
6	10	26
6	8	24
4	8	24
5	7	25
4	6	24
5	7	24
2	5	20
6	9	24
2	5	24
6	15	32
2	7	22
2	6	22
2	6	22
2	7	24
2	6	25
4	7	23
4	8	23
3	7	22
8	12	29
3	6	21
2	7	24
0	5	22
4	8	24
2	6	22
3	10	23
1	4	21
5	8	30
6	7	26
0	11	90
2	7	22
5	9	30
5	8	25
6	8	25
5	9	24
6	8	25
7	11	32
1	5	21
0	3	20
0	3	22
1	3	21
6	8	30
4	8	23
8	9	27
4	10	29
6	8	24
7	9	30
3	6	23
6	9	28
1	5	22
2	6	23
3	6	23
5	8	30
3	5	21
4	8	24
3	6	23
5	10	32
4	8	25
4	9	30
6	10	26
5	7	24
3	7	21
4	7	22
4	6	23
4	6	24
8	13	35
10	12	36
6	7	26
6	8	25
5	8	25
4	9	26
6	9	30
3	5	20
7	11	26
6	12	30
2	8	21
3	7	23
3	7	22
8	12	33
2	4	21
4	8	25
4	8	23
3	5	23
8	10	31
7	11	32
6	10	26
6	9	24
8	10	26
3	7	22
2	7	23
4	10	26
2	4	23
4	9	26
3	7	22
3	7	23
4	7	24
3	6	25
4	7	25
3	7	24
5	8	25
3	8	25
2	8	24
3	8	23
5	9	27
4	6	21
3	4	23
0	4	22
3	7	23
2	7	24
1	6	21
4	7	22
8	11	26
1	8	21
2	5	21
1	4	21
4	5	24
5	8	25
8	11	34
4	9	25
3	9	24
3	8	24
5	8	28
4	9	25
6	10	30
6	7	25
4	8	26
2	6	22
4	5	23
0	6	90
2	-1	91
5	9	26
5	9	26
5	10	26
4	12	27
4	8	24
2	11	23
4	8	24
4	10	26
4	10	27
3	7	24
2	12	26
8	14	32
1	2	21
2	7	24
7	11	27
2	4	21
2	4	20
4	9	25
6	11	32
7	9	33
2	6	23
3	6	22
3	8	22
2	7	21
4	7	26
5	6	23
3	10	24
4	10	25
1	4	21
1	5	21
2	9	23
2	9	22
2	5	22
7	13	31
4	7	21
4	8	25
2	7	21
3	8	21
9	13	33
3	6	23
3	5	23
3	5	22
4	7	23
3	8	22
10	16	33
9	9	30
0	11	91
0	8	90
0	14	90
8	10	27
2	5	21
2	3	21
5	7	36
2	5	21
5	13	30
6	8	25
4	7	25
5	8	25
2	5	21
0	8	91
5	7	21
3	5	21
4	6	21
3	5	21
3	4	20
3	6	24
6	8	30
7	8	28
4	10	25
2	3	21
4	4	22
8	11	32
2	5	20
5	7	22
5	8	32
3	8	21
2	5	22
4	7	22
4	8	23
2	7	23
2	6	20
4	8	22
4	6	25
2	6	24
5	9	24
4	11	26
6	13	31
6	10	27
6	10	26
5	9	24
1	3	21
4	8	24
3	7	23
5	8	33
4	8	31
7	8	30
4	7	22
4	5	24
5	8	26
6	8	30
6	10	30
3	6	24
2	7	23
6	9	27
5	11	30
5	12	30
7	14	31
5	12	30
7	11	26
1	5	24
2	5	24
1	8	23
2	8	22
2	5	22
4	10	27
3	7	24
3	8	24
1	6	22
5	9	24
11	13	34
1	6	21
1	6	20
4	6	22
3	6	25
1	5	20
3	8	23
3	8	24
4	9	25
2	7	23
5	9	24
4	9	23
2	8	23
2	7	23
2	6	25
3	9	21
8	8	34
7	6	31
7	7	30
0	10	91
0	8	91
0	4	20
5	7	27
7	10	33
4	8	26
3	7	23
3	7	23
9	10	34
7	10	33
11	12	35
10	12	34
11	12	32
9	9	28
8	15	35
3	8	22
2	5	24
3	5	22
3	7	22
3	6	24
3	11	24
2	5	22
2	4	22
2	5	22
5	7	31
4	7	30
3	7	22
6	7	27
11	15	34
10	14	35
12	17	39
10	12	32
9	12	32
12	13	39
8	9	24
6	9	24
5	9	34
5	10	29
3	10	27
6	7	26
3	7	25
5	8	24
5	8	23
4	6	26
3	7	25
3	7	20
5	6	30
5	6	31
5	9	31
5	8	30
5	6	27
3	6	24
6	8	30
3	5	23
3	9	22
4	8	24
3	7	21
0	5	21
4	5	25
3	5	23
3	5	22
5	8	25
5	9	24
2	5	22
3	5	21
5	16	33
5	9	30
7	12	30
2	7	23
4	8	23
7	28	90
7	9	26
2	6	20
2	7	22
3	6	23
2	5	22
4	8	23
3	6	21
0	4	23
9	15	38
8	12	30
9	12	31
9	12	32
2	4	21
7	11	30
8	9	30
6	10	33
6	8	24
1	4	22
1	5	23
8	9	27
7	10	32
3	5	23
5	8	25
6	9	24
4	6	25
5	7	22
4	7	22
5	10	25
2	7	24
0	3	21
3	7	22
3	7	21
5	7	24
2	6	20
3	8	22
5	10	25
3	6	21
4	7	22
4	6	22
2	3	21
2	5	20
8	12	25
6	8	26
6	8	26
5	5	22
0	7	90
1	5	91
2	8	23
3	8	22
5	10	31
7	12	32
4	14	30
0	12	91
1	6	91
4	8	23
10	15	34
0	6	21
3	11	25
11	12	29
5	10	25
3	10	22
4	8	24
3	10	23
5	10	27
4	9	25
9	14	30
10	12	34
4	9	24
12	13	35
7	9	29
4	5	22
5	7	23
4	9	23
11	13	31
10	13	35
3	6	25
8	10	25
2	8	22
7	14	33
6	12	28
5	13	31
7	9	25
9	12	33
3	8	24
5	8	26
0	18	90
3	6	22
4	6	22
1	6	22
3	6	21
5	7	23
5	7	22
3	9	21
3	7	24
1	3	24
5	8	25
8	11	28
4	6	22
11	14	34
2	7	24
5	8	25
3	8	21
9	14	35
8	11	31
7	11	33
9	12	32
7	9	28
6	10	32
5	9	25
4	9	24
6	7	31
4	10	26
2	6	24
6	8	25
5	9	25
4	8	23
5	9	24
6	7	26
8	12	33
4	9	30
2	6	23
3	7	26
1	6	23
2	6	22
2	6	20
0	3	24
0	3	20
0	3	21
2	7	24
3	9	24
3	10	26
4	7	24
7	10	26
4	13	31
2	5	20
3	4	25
7	13	32
7	13	28
2	8	21
5	8	24
3	7	22
2	7	23
6	9	31
1	5	23
0	4	21
5	9	25
8	10	30
7	8	25
1	9	24
3	4	21
5	10	24
5	7	22
2	5	23
0	5	20
2	4	24
1	3	22
1	4	21
8	11	31
6	12	29
4	10	25
6	11	26
6	11	25
6	9	25
4	9	26
4	9	22
3	8	22
4	6	23
2	6	22
1	7	23
1	3	22
3	7	23
7	9	25
5	8	25
5	8	24
6	10	25
6	10	26
6	9	28
7	11	29
6	9	26
4	7	21
6	10	33
5	10	31
5	9	30
6	11	29
7	12	33
4	8	25
2	4	21
2	3	22
3	7	24
9	12	31
4	8	30
3	6	21
3	8	24
4	6	23
4	6	22
4	9	26
7	11	31
6	9	26
7	16	34
4	8	24
3	8	24
3	7	21
3	7	21
5	8	24
6	10	26
5	10	25
6	11	30
6	11	26
6	12	29
4	10	26
5	12	31
6	12	31
6	11	27
4	11	28
3	11	30
5	11	31
4	11	31
2	6	20
5	8	23
3	5	23
3	5	21
5	8	24
2	7	22
5	8	23
5	8	23
3	6	23
4	7	25
8	9	26
5	8	23
4	9	23
7	10	25
2	8	22
5	12	28
5	12	31
4	8	25
1	10	24
3	8	23
2	7	22
3	8	30
3	7	23
0	11	90
0	13	91
2	7	23
2	7	22
4	8	23
13	13	40
11	13	37
10	13	36
11	15	37
9	13	37
9	12	36
9	11	35
9	10	35
9	10	34
9	10	33
4	8	23
5	10	27
8	11	30
3	7	24
6	12	30
6	10	30
7	13	28
5	8	23
5	9	27
6	8	23
5	10	32
2	5	20
3	9	22
1	4	20
5	6	25
6	9	24
8	9	26
5	6	21
5	7	23
8	10	31
5	11	30
4	10	31
3	7	22
5	10	26
6	10	27
6	13	29
2	9	23
2	8	23
2	6	21
5	10	26
3	6	22
1	39	85
9	8	30
5	12	30
3	6	22
3	8	22
3	7	20
1	8	21
4	8	31
3	8	20
2	6	23
2	7	22
5	10	26
6	10	27
5	9	25
5	10	26
6	11	27
2	5	22
6	9	27
9	10	29
4	5	24
8	11	37
2	5	22
1	4	22
0	5	20
0	3	23
1	3	21
9	11	30
8	9	25
3	7	23
2	6	21
2	6	22
2	6	21
6	10	32
5	11	30
4	7	22
2	5	21
2	3	20
8	17	36
2	6	22
7	7	31
9	15	32
5	11	25
1	3	23
6	8	26
1	6	21
2	8	22
0	12	91
5	8	24
5	12	32
7	11	31
6	11	29
8	9	28
6	11	27
7	12	30
7	11	29
7	10	26
6	11	27
2	6	21
6	10	26
3	4	25
2	4	21
1	8	22
3	9	25
5	9	30
0	11	62
0	11	62
7	8	24
8	11	33
0	3	24
6	9	30
6	9	27
1	6	23
5	8	26
10	16	34
2	6	23
3	11	25
3	8	22
2	7	21
1	5	20
3	18	91
5	19	91
4	18	91
8	10	28
4	7	22
5	10	28
4	22	90
1	7	20
1	5	22
4	9	30
1	4	23
7	13	31
3	7	21
1	5	21
2	5	21
2	4	23
3	6	21
13	15	42
11	15	39
11	14	37
12	15	37
10	15	34
7	11	33
3	7	22
5	9	25
5	6	23
6	14	32
6	8	26
2	8	22
6	11	27
4	8	26
6	9	24
8	10	28
5	10	27
6	10	31
4	9	28
3	7	21
4	8	24
6	11	27
9	15	32
5	9	27
2	5	21
4	7	23
2	6	21
3	8	21
6	11	29
2	6	22
4	8	23
4	8	23
1	5	22
4	9	30
2	5	21
1	7	23
4	8	25
4	40	91
6	12	30
6	10	27
7	18	38
8	14	34
7	16	32
7	15	31
6	15	31
6	14	30
5	12	27
5	11	26
4	9	25
2	8	23
5	8	26
1	5	21
4	7	24
5	10	25
6	10	31
6	10	32
6	8	26
3	7	22
0	5	20
2	6	23
2	6	21
0	2	24
2	4	20
5	6	24
4	7	24
3	6	23
3	6	23
2	7	23
2	6	21
3	7	24
3	7	23
1	6	21
3	6	24
4	9	30
4	6	26
3	6	22
4	7	24
2	8	23
4	8	24
3	12	27
4	12	28
3	11	25
4	9	25
3	8	23
2	4	20
8	12	30
6	7	23
2	4	21
5	6	21
6	13	34
9	10	35
2	4	20
1	4	20
1	8	20
9	11	35
6	10	30
4	11	32
2	6	20
3	7	22
1	7	22
1	5	21
1	3	24
1	3	21
1	4	20
4	8	25
4	10	24
2	5	23
0	3	20
6	11	28
0	-1	90
0	13	89
3	5	22
3	7	21
2	6	21
5	9	25
0	14	83
0	13	83
3	7	23
3	7	21
2	8	24
2	7	23
2	3	21
6	10	29
5	10	30
2	5	21
0	-1	91
3	6	24
4	6	25
3	6	23
2	5	20
3	6	21
3	8	22
2	6	24
6	8	34
0	7	91
0	10	91
4	8	24
1	18	90
0	9	81
2	8	25
3	3	21
4	8	22
3	4	21
6	28	90
6	13	35
2	7	21
1	5	23
5	9	24
1	4	23
3	5	21
6	9	25
2	8	25
1	5	20
1	1	20
9	11	30
5	10	23
7	5	29
1	4	20
0	9	30
6	8	28
6	10	27
3	8	23
5	11	30
4	6	30
3	6	26
10	12	33
3	9	22
3	7	22
5	7	30
5	6	30
3	6	26
3	5	26
4	7	28
6	8	31
4	15	37
2	2	24
0	3	23
2	3	22
2	4	21
2	5	22
2	5	20
5	7	25
2	4	21
2	5	23
2	7	24
3	5	21
3	8	25
3	6	22
4	10	25
4	9	25
3	9	24
8	12	29
3	4	22
2	4	21
9	11	30
5	10	30
3	8	22
8	14	36
5	7	25
2	4	22
6	9	24
3	6	23
4	9	26
6	11	30
3	6	25
4	10	26
4	9	27
4	9	25
4	10	30
2	7	25
7	10	30
7	12	29
3	6	25
5	11	30
3	5	23
4	5	24
3	5	23
3	4	22
1	4	22
7	10	30
4	5	25
4	6	25
2	7	21
26	23	91
1	6	22
5	8	31
7	10	36
6	17	32
3	9	22
2	3	22
1	4	20
1	4	22
3	6	22
3	7	23
3	7	24
3	8	24
4	9	25
3	7	21
4	8	24
4	6	21
2	3	22
2	4	22
4	5	22
4	5	23
3	4	24
3	4	22
3	4	23
5	9	25
5	7	24
5	6	25
4	5	23
4	8	21
2	6	23
3	6	22
2	6	21
2	4	21
8	8	28
4	8	22
4	9	24
4	4	22
2	7	24
1	6	21
2	4	21
3	4	20
3	6	22
5	10	24
3	7	24
1	4	22
4	11	30
4	10	25
7	12	30
6	10	29
6	11	33
6	9	27
4	6	23
3	5	21
7	9	28
3	8	31
0	4	20
5	7	24
4	7	24
4	6	23
4	4	21
7	11	32
1	4	20
1	5	22
2	6	23
6	7	25
7	8	31
7	9	30
6	8	27
6	7	26
0	11	90
8	8	32
0	8	90
6	11	27
3	6	23
9	8	31
3	5	21
3	5	25
9	5	29
1	7	21
0	8	91
0	6	90
2	4	22
3	5	22
6	8	24
6	-1	91
9	13	32
8	11	30
9	12	35
10	11	37
6	9	25
7	13	34
4	11	25
7	9	33
7	10	33
4	7	23
10	12	35
9	11	33
4	13	30
3	7	22
7	10	30
3	6	21
3	6	21
3	7	22
2	8	21
2	7	24
3	8	23
5	6	24
3	8	30
8	9	27
9	9	29
9	10	28
8	13	32
7	9	25
4	5	21
8	10	34
1	6	21
4	14	27
5	10	27
3	6	21
2	3	22
2	5	22
3	8	23
2	4	20
5	6	24
5	8	30
7	9	26
6	8	26
10	13	33
3	7	22
4	6	27
12	15	39
7	10	27
11	13	35
12	15	36
5	9	30
2	6	22
3	7	20
5	8	31
0	30	91
6	13	32
5	10	30
4	6	22
3	7	22
4	8	23
4	8	23
4	8	24
4	9	25
2	5	22
6	7	30
2	8	23
7	10	32
2	6	21
2	8	23
4	11	24
1	5	21
4	7	24
6	13	32
4	8	23
5	8	25
3	8	25
6	10	31
5	6	23
5	6	22
5	9	30
5	12	26
5	7	25
4	11	26
4	13	27
7	10	31
4	11	31
5	9	25
5	9	24
5	7	24
3	9	26
4	8	24
3	8	22
7	12	32
3	8	23
2	4	22
5	8	26
6	8	24
4	9	24
2	5	22
3	5	24
3	4	22
5	7	24
5	10	28
2	5	20
6	8	30
5	6	23
5	6	23
6	7	25
3	5	24
4	5	24
3	5	23
4	7	25
4	5	22
3	8	23
3	10	23
8	12	32
7	9	30
8	11	28
4	9	23
12	16	39
8	12	28
4	6	24
2	6	20
6	12	30
3	7	22
6	7	30
3	7	23
7	12	30
6	10	26
4	6	23
2	3	22
2	6	22
3	4	22
2	8	21
5	9	26
8	9	30
5	9	30
5	6	24
0	10	91
5	8	25
6	8	27
5	8	31
4	5	23
4	7	23
6	8	26
5	8	24
6	4	25
5	8	24
5	7	23
11	14	34
11	13	33
12	11	34
11	15	34
11	14	33
9	12	30
8	13	31
10	12	32
8	13	32
8	12	31
9	13	34
7	10	31
3	3	20
0	7	91
0	10	90
4	4	24
3	3	23
1	6	20
3	7	21
0	11	89
0	7	89
8	10	27
9	14	33
8	8	31
5	10	26
8	10	30
4	7	22
3	5	27
5	8	24
4	7	22
6	10	21
6	9	28
4	9	27
4	8	26
5	8	25
4	9	30
4	6	24
4	7	25
3	7	25
4	7	24
5	7	24
3	7	22
6	7	28
7	8	28
3	13	30
3	10	25
3	9	24
3	8	23
3	9	22
2	7	22
8	10	30
5	5	25
4	11	26
8	10	28
9	10	27
8	10	29
2	4	23
2	6	22
2	6	21
1	5	20
4	6	22
7	8	26
0	25	90
9	14	31
5	12	27
6	12	28
2	7	22
3	6	22
7	12	31
0	35	90
5	9	30
0	15	90
0	10	89
6	11	30
4	9	21
4	6	23
8	9	29
4	8	24
3	7	23
5	11	26
4	7	24
7	9	32
2	7	21
8	13	32
2	2	22
1	2	22
3	5	22
2	5	22
7	9	27
2	5	22
2	6	22
2	6	23
2	5	20
4	7	23
2	7	21
2	8	25
2	5	23
5	11	26
8	12	32
4	5	24
3	6	21
1	5	24
2	5	22
4	7	23
3	7	26
3	6	25
3	7	26
3	5	23
4	8	26
5	9	30
4	9	31
3	7	27
4	7	26
3	9	28
5	8	27
4	9	26
4	9	24
6	8	24
4	6	25
3	5	23
8	14	32
2	8	23
9	8	28
7	8	31
2	6	20
4	6	24
3	10	30
4	9	29
3	5	23
7	8	28
8	7	30
3	5	22
2	28	90
4	4	22
2	5	23
4	8	24
6	8	22
3	8	21
3	8	24
6	9	26
9	17	37
5	5	24
6	8	26
3	6	22
4	8	25
1	12	91
10	11	33
8	12	32
6	8	26
6	7	24
2	5	20
5	7	24
6	9	31
9	14	37
4	10	25
6	14	32
6	13	33
8	9	28
2	7	23
2	6	22
6	14	31
8	11	26
4	8	26
5	6	27
5	6	24
3	8	23
3	7	22
3	7	21
3	9	22
4	9	22
0	15	90
0	12	90
3	4	23
6	10	27
0	7	91
2	7	20
5	11	31
7	11	32
8	10	27
3	8	24
5	8	24
0	17	90
2	6	20
5	7	24
6	8	24
4	7	24
2	7	22
4	9	27
4	6	23
6	11	30
4	8	25
2	6	24
4	14	30
4	10	26
3	9	23
3	6	21
0	5	21
5	9	25
6	9	26
5	10	25
6	11	28
6	11	30
6	9	27
5	9	25
4	8	24
3	2	23
7	7	24
1	3	20
3	6	21
6	6	31
3	7	23
3	7	22
1	6	21
3	11	26
1	4	20
2	6	22
4	6	26
8	11	32
3	7	21
6	10	28
7	11	32
9	11	31
7	11	30
7	11	33
7	9	28
7	10	28
6	9	28
2	5	22
3	11	26
7	11	28
4	9	25
4	9	25
4	9	25
2	6	22
9	12	31
7	9	30
1	23	90
10	27	90
0	6	90
0	10	91
3	7	22
3	7	26
7	12	30
2	6	23
4	9	30
2	6	23
2	8	23
8	11	35
0	8	91
0	10	91
3	5	22
2	6	22
5	9	26
4	8	24
3	6	24
4	10	25
1	3	23
5	7	24
5	9	26
5	10	25
4	8	24
4	7	22
0	7	91
0	7	90
0	8	89
2	3	22
3	6	24
4	7	26
7	13	29
7	10	28
6	9	26
7	9	26
5	9	23
3	6	22
5	9	23
1	3	20
3	6	21
3	7	21
1	5	21
2	4	20
8	7	25
0	22	73
4	5	24
6	7	31
3	7	22
5	9	32
3	7	21
8	10	30
7	12	32
8	11	31
3	5	23
3	8	22
4	9	23
3	12	24
1	5	22
2	5	21
2	8	23
1	6	21
4	7	26
3	8	27
6	13	30
4	11	27
6	9	31
4	8	23
5	11	26
4	8	22
4	10	25
4	10	27
4	10	26
5	10	25
4	7	24
4	7	22
3	7	24
22	31	90
1	8	91
4	6	30
7	11	31
1	10	89
7	6	27
5	10	30
2	9	22
2	8	20
7	12	33
1	5	21
2	5	21
0	4	30
0	3	23
1	3	21
7	9	27
7	9	27
8	12	30
7	10	29
7	10	28
6	9	27
6	8	25
4	6	26
7	12	32
4	11	32
3	9	30
6	10	29
6	10	31
5	9	29
7	11	34
6	11	32
7	10	31
5	8	25
4	9	27
4	8	25
4	6	26
4	7	26
0	6	72
0	8	72
0	26	90
2	7	23
2	6	23
3	6	22
7	15	32
2	8	22
7	8	30
4	25	91
4	7	23
4	7	23
5	9	30
3	7	26
6	7	28
4	8	25
3	7	24
3	5	25
16	33	89
3	5	23
7	11	31
3	9	23
3	8	23
0	11	91
3	3	33
6	11	27
1	4	22
0	9	91
1	8	90
6	8	24
3	3	23
8	11	34
4	5	22
3	6	26
4	7	25
4	6	24
2	5	22
4	9	22
1	2	21
1	10	90
5	8	25
3	7	22
5	6	30
2	6	22
4	9	26
3	5	22
1	8	25
0	10	86
7	8	26
8	10	31
7	8	27
3	9	24
5	15	30
5	8	24
5	8	23
8	11	27
6	8	26
3	7	25
3	6	22
7	8	26
6	10	30
6	10	31
4	4	21
1	3	20
1	5	21
6	6	22
4	8	26
1	8	22
7	13	32
8	13	35
10	16	35
8	11	33
6	9	26
6	11	28
6	10	27
6	11	26
5	12	30
7	12	32
6	10	30
4	7	21
5	7	25
5	8	32
6	8	30
5	12	34
2	7	22
3	8	22
4	8	23
2	7	22
5	8	26
1	4	22
2	3	22
5	10	25
3	8	23
3	8	22
2	7	21
3	8	23
11	14	34
6	9	25
1	3	21
5	7	26
5	9	21
0	22	63
7	9	26
7	9	31
1	4	21
4	8	22
4	6	23
4	8	24
9	14	32
5	10	22
3	8	26
3	8	24
3	8	26
3	7	23
7	14	30
8	13	31
6	8	24
5	7	24
3	4	22
4	5	21
3	9	23
2	7	22
6	11	25
4	10	25
7	10	25
2	8	24
4	7	23
2	9	23
4	6	24
3	9	23
3	8	23
4	6	21
5	11	27
2	4	22
3	5	23
3	6	24
3	6	22
7	7	23
4	7	22
3	6	21
9	12	31
6	7	24
2	8	23
8	11	32
9	10	31
8	10	30
6	13	31
6	7	25
2	5	22
1	7	24
0	9	91
8	11	32
8	9	33
11	11	32
4	5	23
4	4	25
3	4	23
3	3	22
3	10	26
3	7	25
2	6	21
1	5	23
4	7	30
5	8	31
8	10	29
6	9	24
9	10	30
7	11	27
6	24	91
9	14	34
8	13	32
9	12	30
8	14	32
9	14	33
3	8	23
3	6	22
6	9	23
11	12	32
2	9	90
0	6	90
8	14	31
3	6	23
5	9	25
0	6	22
0	2	21
6	8	30
6	12	26
8	15	29
7	11	27
10	11	35
7	10	26
3	6	23
7	9	30
7	9	35
9	29	90
9	15	31
4	7	23
2	7	22
6	9	30
5	7	24
2	4	21
3	6	21
5	9	24
7	10	32
2	9	23
2	7	22
6	12	31
3	9	23
3	9	23
3	9	23
4	9	25
4	5	26
6	11	26
8	10	33
4	10	24
7	9	30
9	8	24
5	7	23
2	8	23
2	5	24
4	7	23
0	3	21
1	3	21
3	7	22
4	7	22
6	7	26
13	9	39
2	5	23
5	8	25
2	8	22
3	9	22
8	6	27
3	8	24
3	7	23
3	8	24
3	9	22
2	7	22
3	7	22
2	7	22
2	6	21
0	5	21
0	4	22
4	5	24
7	10	26
5	6	23
1	5	24
2	4	23
2	5	20
2	6	21
4	7	23
4	7	21
6	11	26
10	14	37
3	7	23
7	9	23
4	6	20
6	10	26
6	9	25
2	7	21
7	9	31
5	8	23
3	7	22
6	11	28
9	12	29
5	10	25
10	15	32
4	7	23
5	6	27
6	10	30
2	7	20
4	8	22
5	6	27
6	12	34
2	44	91
2	7	20
4	9	21
4	8	21
9	11	36
2	25	89
6	9	26
3	6	24
3	6	21
5	9	25
2	5	20
8	10	31
5	7	25
7	13	32
4	10	26
6	13	30
7	13	31
6	11	24
2	11	23
3	9	22
4	10	25
4	6	22
4	7	23
3	7	21
3	9	22
4	8	25
6	6	24
13	14	35
4	6	26
6	8	24
2	6	21
7	8	26
10	11	31
9	8	28
3	7	22
6	9	26
2	8	24
3	8	23
2	4	22
3	6	23
2	7	24
4	7	23
7	10	28
4	8	23
6	11	26
3	10	25
5	8	22
6	9	31
5	10	31
2	7	26
3	8	23
5	8	24
4	3	24
5	3	24
10	12	32
3	8	22
2	8	21
2	7	22
3	6	20
6	9	30
0	5	21
4	10	25
3	8	22
1	7	22
6	7	24
9	10	32
4	8	25
4	12	32
5	10	31
8	10	33
11	9	32
8	10	31
9	10	30
9	11	32
9	10	29
8	8	27
10	11	32
10	10	32
8	10	31
6	10	24
8	11	27
8	11	33
5	9	24
11	12	36
8	10	32
3	5	22
7	9	25
8	12	32
5	8	23
4	8	25
4	6	25
3	6	24
6	10	27
8	11	28
0	14	90
0	9	91
3	10	24
6	9	30
6	12	33
2	8	23
2	4	26
4	7	28
4	11	26
3	5	20
2	5	21
0	20	91
3	7	23
3	5	22
11	12	37
9	13	29
6	12	27
6	10	26
7	9	25
7	12	27
1	7	24
7	12	31
4	6	24
5	9	32
4	7	22
7	13	32
6	13	31
3	6	23
4	8	23
4	6	23
4	6	22
3	5	21
5	10	24
2	10	25
2	6	22
4	8	24
4	8	24
6	8	25
2	7	22
3	6	22
2	23	90
7	8	24
3	5	21
1	6	20
11	12	31
1	6	21
1	4	22
2	33	82
3	8	21
3	11	24
9	9	33
6	10	27
6	13	33
7	9	27
6	9	29
7	11	30
6	14	30
5	13	30
3	24	90
7	27	87
0	5	91
4	6	27
6	10	29
8	13	33
5	9	31
7	11	31
6	12	33
5	12	32
5	12	28
5	12	30
5	10	26
4	10	28
4	9	26
5	8	26
4	10	25
4	8	28
4	11	31
3	8	24
8	8	26
2	3	21
10	15	37
2	4	22
4	8	22
5	8	22
2	4	20
6	10	23
2	6	22
8	11	31
6	8	26
7	7	26
4	8	22
9	9	31
8	9	30
4	9	30
8	9	28
8	11	32
9	11	34
8	10	34
8	9	34
6	10	30
7	8	33
6	9	30
13	22	48
3	8	23
10	10	32
2	8	22
1	5	20
2	7	20
3	7	23
3	6	22
3	8	23
4	9	24
6	8	27
6	9	26
8	10	30
8	10	26
6	9	26
7	10	27
6	10	26
4	7	22
3	7	22
7	13	30
2	7	22
6	10	31
6	8	26
9	9	32
8	13	32
4	8	24
4	9	23
4	8	22
4	8	21
11	13	35
4	6	24
4	6	22
3	8	24
4	9	23
4	10	27
4	7	22
4	9	26
0	7	91
0	7	91
5	4	24
0	5	21
4	8	24
5	9	25
8	11	27
5	7	25
5	10	30
1	6	21
5	6	27
4	8	24
3	8	28
1	6	21
4	8	22
3	5	23
4	7	25
5	6	25
1	5	22
4	8	25
4	6	21
4	6	22
7	11	33
5	10	27
5	9	26
6	9	26
5	9	26
5	9	25
5	9	25
4	9	23
4	8	24
4	8	22
3	8	20
3	10	23
2	6	22
4	7	30
4	6	22
3	11	24
5	9	25
3	9	26
5	7	24
1	6	23
1	5	22
5	11	24
3	8	21
10	13	32
9	11	31
9	10	30
9	11	31
8	10	31
11	13	36
9	11	30
8	13	31
4	8	24
8	12	32
4	6	22
4	8	23
4	9	22
5	5	25
4	5	21
5	5	25
5	5	24
1	5	21
0	9	91
0	5	90
2	6	26
9	10	33
8	9	32
9	12	33
7	13	34
7	12	30
8	13	36
4	9	24
5	8	25
5	7	26
5	8	27
1	8	22
1	5	21
0	5	21
4	9	25
5	7	22
5	8	23
5	7	22
6	10	30
7	12	27
3	7	22
8	12	31
8	11	28
6	9	27
3	5	23
3	8	22
5	8	25
4	6	23
7	10	26
4	8	22
3	7	23
1	7	20
3	8	23
3	9	23
9	12	38
6	10	26
6	10	25
3	6	24
3	5	22
9	11	30
6	10	28
2	4	21
4	4	23
6	12	32
4	5	23
6	-1	91
2	5	22
6	12	27
8	10	30
1	3	23
0	1	22
0	3	21
0	1	23
3	5	22
5	9	26
4	17	34
0	9	90
0	12	91
4	6	23
3	8	29
4	10	30
4	9	25
7	12	27
4	6	22
0	13	91
2	4	20
5	7	23
7	10	28
1	4	21
6	9	29
6	6	24
2	6	22
4	8	24
4	8	23
2	9	22
4	8	25
3	9	24
3	8	23
4	7	23
1	5	21
1	5	20
3	7	22
3	8	23
4	6	23
6	9	25
3	8	24
4	11	90
2	8	90
5	14	31
0	11	90
0	10	91
1	7	21
2	7	22
5	8	31
3	11	29
5	10	26
5	8	24
1	4	22
0	3	23
0	3	22
2	8	27
3	6	20
3	12	30
8	13	37
9	12	31
6	12	29
6	12	31
4	12	26
8	12	31
5	7	23
4	9	22
4	5	23
6	12	30
6	12	30
8	10	32
6	9	30
7	9	31
4	8	26
4	7	25
5	7	24
6	10	27
5	9	25
2	7	22
3	11	22
4	7	23
6	9	25
5	9	24
6	11	26
5	9	25
3	9	25
0	4	36
0	1	29
2	5	21
6	7	27
7	9	27
6	8	26
5	6	25
5	7	25
6	7	27
6	8	25
3	8	24
3	9	23
3	7	21
4	6	22
4	7	22
1	36	91
3	5	24
2	6	20
3	5	20
2	8	24
2	5	21
3	9	26
3	6	21
5	6	26
0	5	22
0	5	21
11	15	36
1	2	21
4	6	23
2	9	28
4	9	25
3	9	24
4	10	28
1	4	21
2	10	23
2	5	21
4	8	26
0	4	21
3	7	22
3	6	21
3	4	21
3	9	23
2	5	21
2	8	22
6	8	25
5	8	28
8	9	30
3	8	26
3	6	22
1	1	21
7	10	24
3	6	23
6	7	27
6	6	26
4	6	23
7	8	31
2	6	23
2	6	22
1	5	20
3	8	23
8	11	33
3	6	22
3	6	22
0	20	90
7	9	24
8	10	26
2	24	88
3	23	85
5	7	24
3	5	23
1	6	21
1	5	20
2	5	20
6	9	26
5	7	22
3	5	21
2	5	23
0	25	90
6	9	26
4	8	23
4	5	22
6	8	25
8	10	27
4	6	21
3	5	21
5	8	25
4	8	25
7	9	25
4	6	23
10	13	34
7	7	24
2	6	21
8	12	30
0	23	91
4	6	22
3	5	22
4	7	24
5	7	23
8	9	26
9	8	25
6	10	25
5	8	25
3	7	22
3	6	21
3	5	21
5	7	25
10	10	32
8	12	28
11	13	35
10	13	32
9	14	33
10	12	33
6	8	26
3	5	24
3	5	22
7	8	26
4	8	24
2	8	22
4	6	24
3	7	22
3	7	21
3	8	23
2	8	23
2	6	22
4	5	21
5	8	27
1	6	20
2	7	23
3	7	23
3	8	23
6	10	26
6	11	28
4	10	23
5	8	24
3	7	22
2	6	24
2	7	22
1	7	21
1	6	20
4	6	24
0	13	91
8	10	28
2	7	24
2	9	30
5	9	26
2	9	24
1	8	22
7	11	28
9	14	30
5	7	24
12	15	44
10	16	42
3	6	21
2	7	23
2	7	21
3	6	22
1	4	21
3	5	21
4	6	25
3	3	22
5	7	24
4	8	24
5	7	24
4	7	23
6	7	24
1	5	22
6	9	27
2	9	22
5	7	23
7	9	27
5	8	23
7	9	33
8	11	29
8	12	29
1	3	22
1	3	22
3	12	26
4	11	25
3	8	23
2	8	22
4	13	27
6	8	27
4	8	26
4	8	25
3	9	24
3	9	23
3	8	24
2	9	23
3	8	23
3	8	21
7	10	31
5	9	27
6	8	26
9	9	28
7	8	24
2	6	22
9	11	31
1	5	20
3	9	27
5	10	26
7	10	30
4	7	24
4	6	21
3	6	22
3	7	23
4	8	24
1	5	21
4	9	25
5	12	31
4	9	24
4	7	28
4	7	24
7	13	31
3	8	27
4	7	25
6	9	32
4	8	24
9	8	30
0	4	22
4	7	25
2	4	22
4	4	22
4	9	24
0	4	20
11	14	38
9	12	37
7	12	34
4	9	24
5	10	30
3	7	24
4	8	22
3	6	21
5	7	23
6	9	23
2	5	22
1	2	22
0	21	90
3	6	20
3	8	24
4	8	24
8	11	30
6	8	28
5	9	24
4	33	91
1	5	21
7	10	29
3	6	24
0	3	22
4	5	24
3	7	26
8	8	30
6	10	27
7	13	27
3	8	24
2	10	25
4	9	23
2	6	22
9	10	29
8	8	29
3	7	23
4	8	25
3	7	21
8	9	28
1	9	21
2	5	21
3	6	23
7	9	32
2	6	21
7	18	38
6	10	29
6	11	28
6	11	29
6	13	32
6	12	31
5	13	30
5	11	26
7	10	30
5	10	33
5	8	25
3	5	20
3	8	26
3	8	24
4	6	21
2	7	22
3	7	20
2	6	21
7	11	31
8	11	27
2	8	23
2	6	22
2	7	23
1	7	21
2	6	20
3	5	22
5	8	25
5	7	24
4	6	23
8	9	34
12	13	35
6	9	27
6	9	26
6	9	28
2	6	22
8	11	28
9	10	29
2	7	20
3	7	24
3	7	23
3	8	25
2	6	21
3	7	23
3	7	23
2	7	22
2	11	25
4	7	25
6	9	27
5	8	24
0	8	90
0	9	91
4	7	26
4	8	27
7	10	32
11	15	41
5	9	28
4	10	32
4	10	30
2	5	22
6	15	33
6	5	25
1	4	22
3	6	24
8	10	30
8	13	38
7	11	31
6	9	26
2	6	23
2	8	25
2	6	21
2	9	25
1	8	24
2	10	24
2	10	24
3	6	23
9	11	34
4	8	23
7	11	30
3	8	22
3	6	23
3	7	22
3	6	24
3	5	23
5	8	25
3	7	26
0	10	91
4	5	23
2	6	22
3	6	25
5	9	26
5	9	25
8	7	27
6	10	32
2	5	21
5	9	30
0	10	91
0	7	91
3	8	22
3	8	22
6	11	32
1	5	20
7	10	30
0	7	90
0	7	90
11	16	33
5	11	25
2	7	23
1	5	22
4	8	25
0	4	89
0	4	91
7	9	27
1	8	71
1	3	20
7	5	25
2	4	26
5	6	22
5	7	24
7	8	30
3	7	22
0	5	22
6	9	25
2	6	22
2	5	22
2	7	23
2	7	22
7	9	25
0	4	21
1	5	20
9	13	33
7	14	31
7	9	27
8	10	31
6	8	24
7	11	32
8	12	30
0	20	90
6	9	24
3	8	22
3	5	22
2	6	21
2	5	20
2	6	23
2	5	21
2	5	22
2	7	20
2	5	24
2	4	20
4	7	27
4	9	25
4	8	26
5	8	26
7	9	30
5	12	30
0	3	23
3	2	23
0	21	81
1	4	21
2	5	21
1	5	21
2	7	24
5	34	90
2	7	23
4	9	22
4	8	23
3	7	21
3	7	21
6	9	24
0	3	21
6	8	28
4	5	22
3	8	23
6	9	25
1	4	22
0	7	90
5	13	29
3	6	22
2	9	22
5	8	30
5	8	31
5	7	27
4	6	23
1	4	23
0	1	22
1	4	23
1	4	22
2	4	20
4	4	30
4	6	30
4	6	24
6	8	28
0	10	91
7	7	24
6	10	26
7	8	25
7	8	26
7	8	27
6	7	27
4	8	26
1	6	22
1	7	90
0	12	88
2	6	22
8	7	26
6	7	25
8	8	26
4	7	25
0	7	91
4	4	22
1	3	21
4	8	24
2	6	22
4	10	30
4	8	26
5	10	26
3	6	25
7	9	27
7	10	28
7	12	30
4	11	30
1	5	90
0	9	90
4	9	28
3	9	26
2	4	21
3	6	22
8	11	31
9	10	31
5	7	30
4	6	26
4	8	23
1	6	23
0	4	23
1	3	21
2	5	23
2	6	21
1	5	21
4	7	24
1	5	21
1	4	21
0	4	56
3	4	21
4	11	31
8	13	29
12	16	42
9	11	31
8	11	31
7	13	34
0	14	91
5	10	25
3	6	24
3	10	23
2	8	22
1	4	22
3	8	24
4	10	23
2	4	23
6	9	26
6	6	25
7	8	28
3	13	30
4	8	27
2	5	21
3	5	23
2	7	22
3	6	23
7	13	30
0	17	90
0	12	91
3	8	23
2	2	23
7	8	25
1	7	21
4	11	31
4	10	30
3	6	21
3	8	23
4	10	32
1	4	21
8	13	29
6	7	28
3	5	26
3	7	23
3	6	21
6	8	27
7	9	27
1	6	22
2	5	21
1	5	20
6	9	24
3	7	20
6	10	26
1	5	23
3	7	24
7	9	28
4	7	21
5	13	31
4	8	24
6	11	27
5	10	26
7	11	27
5	9	25
6	8	28
4	8	22
3	5	23
2	4	21
6	14	30
2	4	21
2	7	21
8	12	30
4	8	25
3	7	27
3	8	24
8	9	33
5	7	23
5	9	26
6	11	26
5	9	24
0	3	22
6	11	24
8	10	31
8	9	28
10	12	31
9	10	33
3	6	23
3	8	23
8	8	25
3	9	24
8	10	27
2	5	28
3	5	29
2	4	23
2	4	23
2	4	24
2	6	27
5	7	24
4	9	25
3	8	23
1	6	22
1	6	22
0	3	21
1	4	22
5	12	33
3	7	24
6	9	27
6	10	27
3	2	22
0	13	90
0	11	90
6	8	25
8	10	30
3	8	25
3	7	26
2	6	22
3	7	23
3	8	24
7	8	26
3	6	25
3	6	22
3	6	23
9	11	33
0	18	90
1	8	91
0	9	91
4	5	21
5	9	27
3	8	24
4	12	30
2	4	23
2	7	22
3	6	23
3	9	26
6	14	33
3	6	24
1	4	22
3	6	22
2	5	22
2	5	23
2	6	21
6	9	30
3	8	27
1	5	21
2	30	91
2	3	20
8	11	36
7	9	26
6	7	24
1	6	21
3	7	21
3	6	21
7	9	25
7	11	26
3	7	23
6	10	26
8	10	32
1	5	22
4	8	25
3	10	25
3	8	23
3	7	22
2	7	22
8	12	26
3	6	20
6	6	24
4	5	23
5	9	24
8	12	30
10	11	29
9	12	27
10	12	33
10	14	32
12	14	36
9	12	32
8	11	29
3	7	25
2	6	22
2	6	21
6	10	30
5	7	24
1	6	24
3	8	23
4	10	25
5	11	25
2	9	24
4	7	24
3	8	22
4	8	24
3	8	23
4	7	21
4	7	22
3	4	24
6	11	30
3	7	26
4	9	26
4	6	24
2	2	22
1	6	21
4	9	23
3	6	21
1	17	89
5	9	25
7	12	30
6	12	32
1	7	22
5	6	23
3	7	25
5	10	24
2	5	20
0	20	90
6	9	26
8	8	32
9	9	32
9	9	32
8	10	31
9	9	33
8	10	29
8	8	29
0	3	23
0	3	21
5	7	22
2	3	22
6	10	31
0	5	91
0	10	91
4	8	23
6	8	26
1	5	20
6	11	29
3	9	23
5	5	23
8	9	30
4	9	23
3	9	21
3	7	20
9	11	29
9	12	30
9	13	31
7	8	25
1	7	22
5	6	25
4	9	22
7	10	28
8	14	30
8	9	25
3	4	22
8	10	32
3	9	26
3	7	23
2	6	21
2	6	23
2	5	21
5	6	28
2	6	21
10	12	33
7	15	33
4	7	24
5	6	24
1	5	22
6	14	32
8	14	32
7	10	27
5	7	23
8	10	27
2	5	21
3	9	24
3	5	25
5	39	90
7	9	26
1	38	91
0	37	91
2	37	91
0	10	91
2	6	22
4	8	23
7	10	26
7	9	26
4	9	23
4	8	24
8	11	33
4	6	25
1	4	20
8	8	29
9	11	31
2	9	21
8	16	35
4	7	25
6	11	25
6	14	30
5	16	31
2	5	22
1	6	21
3	9	24
7	15	32
8	11	27
5	10	36
4	13	31
4	6	23
3	9	21
2	5	21
2	9	25
5	9	26
4	8	24
4	8	23
4	8	24
6	9	25
2	6	23
3	8	23
3	6	22
10	13	32
2	7	22
3	7	22
8	13	31
6	10	25
8	12	28
7	10	26
7	10	29
7	10	28
0	3	21
5	11	32
2	5	21
6	11	30
5	11	30
7	9	31
8	12	32
10	11	27
5	8	25
3	7	24
4	8	24
4	7	25
3	7	25
6	7	27
6	11	27
6	9	31
6	8	27
4	11	30
5	11	27
5	11	28
5	12	31
4	11	30
2	7	24
4	8	24
3	8	23
2	9	24
2	7	21
0	3	22
3	9	22
5	8	26
4	8	25
2	7	22
5	12	26
7	12	26
7	12	25
7	11	27
6	9	30
6	9	25
4	8	26
4	11	29
6	10	28
4	10	27
5	8	25
2	7	25
4	7	24
2	7	23
3	7	23
2	5	21
3	6	20
3	7	23
3	4	22
0	4	20
4	7	23
2	6	21
5	12	30
5	9	30
4	10	22
5	8	28
8	9	32
9	14	33
3	8	23
6	11	29
1	7	22
6	9	25
10	12	30
2	4	22
3	6	22
2	7	22
2	6	20
7	8	26
5	9	23
3	7	21
6	7	24
7	15	32
2	6	21
3	5	23
2	5	21
4	6	23
3	5	21
4	8	27
8	9	29
2	6	21
2	7	24
8	12	30
1	7	25
3	6	25
4	7	22
6	10	28
9	9	32
8	10	31
1	9	23
2	10	24
13	12	36
5	6	24
10	12	37
11	12	34
7	9	30
4	9	24
4	7	30
3	5	25
7	9	37
2	6	24
9	12	31
4	7	22
1	7	21
1	6	21
8	10	30
9	13	34
7	10	25
5	10	26
5	10	25
5	10	27
1	4	20
1	4	23
6	9	26
3	7	25
3	6	24
4	7	26
3	6	23
3	8	27
6	10	30
4	9	24
4	9	25
5	8	24
6	8	27
5	8	25
4	7	26
1	8	21
2	7	22
10	11	30
9	11	29
6	8	26
8	10	27
5	8	32
3	8	26
7	9	26
4	9	25
7	9	26
5	7	25
3	5	21
3	3	21
3	6	23
5	7	26
5	9	26
2	6	21
2	7	20
5	7	24
6	9	27
4	7	30
2	8	23
6	9	28
5	10	31
5	6	26
2	6	22
2	4	20
10	11	34
6	13	34
4	7	27
7	14	39
3	8	23
3	8	23
3	8	21
2	6	22
3	8	23
5	9	24
4	9	23
4	7	24
6	10	27
6	9	30
6	9	25
4	6	22
7	13	32
4	6	22
2	5	21
6	9	27
6	9	28
9	12	35
7	10	29
8	14	34
5	7	23
5	10	24
7	10	25
4	6	23
2	7	21
2	5	22
4	8	24
3	8	26
5	10	27
0	14	90
0	8	91
7	10	28
4	10	28
8	10	29
6	8	24
3	8	22
3	7	23
8	12	34
2	10	25
8	12	28
6	9	25
8	10	26
0	4	23
5	6	25
4	7	21
3	6	22
10	9	34
4	5	23
3	5	22
5	8	28
8	12	28
3	10	24
4	8	23
0	7	91
6	6	24
2	3	22
3	8	24
3	10	24
1	7	21
1	7	22
2	5	21
7	14	30
9	12	34
3	4	24
9	11	30
7	11	26
6	9	29
3	7	22
2	6	21
4	7	22
10	14	31
6	7	24
4	7	23
5	14	30
5	13	30
4	7	24
29	30	90
3	7	24
2	6	22
2	5	23
3	5	26
7	9	26
3	5	22
4	23	91
3	9	22
4	7	23
3	8	24
5	8	23
7	8	29
2	4	21
0	4	22
5	8	26
3	5	23
4	6	22
3	7	22
2	6	23
9	11	35
8	10	34
3	6	21
3	7	22
3	9	24
2	4	21
2	9	22
2	7	20
3	7	21
2	7	23
3	9	23
3	7	23
3	6	22
6	9	25
6	10	26
9	11	29
8	10	27
11	15	40
2	7	23
4	7	22
4	8	25
8	12	30
0	2	21
0	2	20
3	5	23
6	11	27
3	5	23
0	12	90
0	8	91
9	13	33
6	13	33
6	7	24
1	19	90
7	13	30
3	7	23
5	8	25
5	8	22
2	6	23
5	11	23
3	6	22
4	8	25
4	8	24
5	9	24
5	9	24
4	9	24
4	6	24
2	7	21
5	9	30
6	7	25
7	10	31
5	7	24
5	9	26
6	7	27
5	7	23
7	11	33
6	12	33
5	9	30
5	11	30
4	9	26
5	8	25
8	12	33
6	12	30
4	5	23
4	9	24
3	7	25
5	8	24
0	11	90
7	11	26
8	13	29
11	14	34
3	7	22
3	6	23
4	10	31
8	10	28
6	9	25
2	7	22
0	9	91
0	9	91
3	5	23
7	8	28
6	11	29
7	10	26
9	11	31
4	6	21
5	7	23
4	10	25
7	9	29
2	6	22
2	5	21
3	7	23
4	11	25
3	9	25
3	7	22
4	8	24
2	4	23
4	10	26
3	6	22
5	21	90
0	23	91
2	7	24
3	7	24
3	7	24
3	6	23
3	8	26
2	6	24
7	9	29
2	6	21
4	6	24
3	5	21
5	6	24
9	11	32
8	13	31
2	6	20
2	5	22
2	5	23
2	8	20
5	7	22
1	5	21
5	6	24
2	3	23
10	14	38
8	9	30
3	7	22
18	23	90
7	8	32
0	7	90
0	7	91
2	7	21
2	4	23
0	2	21
2	5	23
3	4	21
5	15	32
2	8	21
2	3	22
2	3	22
4	10	30
1	6	23
9	9	29
9	12	32
6	9	28
5	8	25
7	10	30
7	9	27
3	8	24
3	7	23
2	7	22
2	5	24
7	10	31
2	8	25
1	2	23
1	2	21
1	3	20
1	4	20
4	6	21
10	11	33
2	8	21
3	6	22
0	2	21
4	8	24
4	9	25
4	8	25
9	10	26
1	10	23
4	7	24
4	9	25
3	8	22
4	7	22
1	4	20
3	7	21
3	8	23
1	4	23
5	6	24
5	10	27
3	5	22
5	10	30
3	8	23
2	7	22
2	5	21
1	3	20
2	5	21
2	5	21
2	7	24
4	6	25
5	7	24
1	5	21
1	4	20
4	8	24
0	3	26
2	6	21
2	5	20
3	8	23
2	6	24
3	6	23
3	9	23
2	5	23
5	12	36
7	11	36
6	10	24
5	8	26
4	8	23
5	6	20
9	10	32
5	7	25
7	8	27
0	8	89
0	11	90
2	4	21
4	7	24
8	9	30
7	8	25
7	8	24
4	8	23
4	7	24
3	8	23
2	7	22
0	4	21
5	11	30
8	38	90
9	12	30
3	6	24
4	9	25
2	6	25
8	13	32
8	12	30
6	9	27
0	2	21
5	8	24
2	6	21
5	7	25
1	5	21
0	6	21
7	9	33
10	14	36
7	7	26
1	6	22
0	4	22
2	6	22
3	7	22
3	7	24
2	7	21
2	7	21
2	5	22
3	5	22
7	6	25
2	4	22
2	7	22
2	7	21
1	8	22
1	7	20
5	9	25
4	7	24
0	1	21
0	1	91
0	0	90
2	2	22
6	7	26
2	6	21
2	3	22
0	4	23
0	5	22
1	4	21
0	5	23
0	10	90
3	5	23
3	5	23
2	8	23
1	6	22
6	11	33
0	4	21
0	4	22
3	7	21
1	5	24
8	11	27
3	7	24
3	5	22
3	5	21
4	6	21
1	4	21
5	25	91
4	5	23
1	6	22
1	6	23
1	6	24
2	5	20
4	6	22
4	7	24
3	6	22
3	6	22
4	6	25
3	5	24
2	6	20
9	12	29
4	5	26
5	3	23
5	5	26
4	6	25
3	6	24
6	7	25
5	10	28
4	12	30
4	8	24
4	7	23
4	12	26
4	8	24
4	11	27
0	17	91
2	7	26
8	10	30
6	9	27
4	10	23
2	8	21
5	7	25
3	6	22
5	6	32
3	7	21
6	10	33
6	9	25
2	7	21
2	7	21
3	7	21
3	9	24
2	5	23
3	8	23
1	6	21
7	12	32
2	5	22
3	6	21
3	6	20
3	8	23
8	12	31
5	8	23
8	13	33
8	10	32
7	10	31
9	11	30
9	12	30
9	11	28
3	6	22
5	9	25
35	37	90
7	11	29
7	7	32
5	9	26
10	7	33
7	7	31
6	7	31
7	6	30
6	6	30
6	6	31
7	5	30
7	11	34
6	9	30
3	7	23
7	11	30
4	9	25
5	11	26
6	9	32
3	7	23
2	6	21
6	9	26
7	11	27
7	9	30
7	8	28
1	2	21
3	8	23
3	8	25
2	7	23
4	8	22
4	8	23
3	7	21
4	8	23
6	10	26
5	9	23
0	10	90
0	9	91
10	13	35
2	4	21
6	8	24
7	9	27
3	7	24
4	6	32
2	4	22
1	4	21
0	4	20
3	6	23
3	7	25
3	6	23
2	5	21
3	7	22
9	10	28
1	4	22
1	1	23
3	6	24
5	9	24
6	7	31
6	12	31
2	4	22
3	5	24
3	6	24
4	8	26
4	7	25
2	10	22
2	10	22
5	8	25
6	13	31
3	6	21
4	6	22
9	12	31
7	13	27
4	7	23
5	7	25
3	7	23
6	28	62
8	11	28
7	12	27
4	7	23
7	14	29
4	8	31
2	6	22
4	8	24
7	10	30
7	13	31
3	7	24
5	7	25
6	8	27
7	9	30
3	8	30
4	6	23
2	5	21
0	22	90
5	9	25
3	7	21
10	15	33
8	13	31
8	12	31
1	5	22
3	6	21
1	3	23
5	9	26
4	5	25
2	3	20
7	9	30
9	10	30
5	7	25
4	8	27
3	5	22
2	10	90
3	6	22
3	5	22
2	7	21
8	13	33
4	6	22
4	6	23
2	9	23
3	7	21
3	6	22
7	8	26
4	7	25
3	7	25
3	6	23
2	5	22
4	7	24
3	6	23
3	6	23
6	10	26
0	24	90
5	9	26
2	8	22
9	15	36
5	12	32
6	7	27
6	9	31
3	6	20
4	6	21
4	6	22
4	6	21
3	7	24
2	5	22
4	6	21
2	5	22
2	5	24
2	5	21
1	7	24
11	11	34
1	4	22
3	5	22
5	10	26
10	13	32
9	11	31
8	11	29
3	8	21
6	7	26
6	11	25
4	7	24
2	6	21
4	11	24
3	7	22
7	12	33
2	8	21
3	12	31
6	9	27
3	7	22
5	8	25
5	7	25
6	7	26
7	11	34
11	13	35
6	9	25
4	9	30
3	7	22
2	6	21
2	4	23
2	4	22
4	7	23
2	8	22
2	4	23
3	3	22
4	6	24
7	10	27
0	3	20
2	4	21
2	3	22
5	10	30
4	6	25
3	7	24
8	12	32
7	13	32
3	6	21
4	7	22
6	8	27
4	5	23
9	12	29
4	7	24
3	6	22
7	10	32
2	4	21
8	9	31
1	5	22
3	8	24
0	5	21
0	8	84
3	5	21
6	9	26
1	6	23
4	11	33
2	6	22
6	9	27
0	-1	90
1	-1	88
1	5	22
6	8	25
4	8	23
0	2	20
2	6	23
2	1	30
5	9	29
0	8	88
0	10	91
2	5	23
2	8	22
4	4	24
3	7	26
3	5	24
6	11	33
5	8	22
5	25	91
7	25	91
2	8	23
2	6	22
3	6	24
7	16	32
5	9	25
2	5	22
3	7	24
4	6	25
3	5	24
3	6	24
3	5	22
2	5	21
8	10	30
1	3	20
5	9	32
1	3	24
3	5	25
5	10	26
26	54	91
4	6	23
2	7	24
3	5	21
3	7	24
4	7	25
5	7	25
3	9	26
4	8	26
4	7	25
5	9	30
4	6	23
5	6	25
5	6	24
4	6	25
4	6	23
4	6	21
2	5	21
0	8	90
6	8	25
2	6	21
4	6	24
5	7	24
5	7	25
3	8	24
1	6	21
1	6	22
4	8	25
0	5	91
7	9	27
5	6	24
3	11	25
5	8	27
6	9	26
6	10	27
0	5	90
0	12	91
6	11	30
3	6	24
2	6	20
5	10	32
10	11	31
8	12	29
7	12	29
6	9	25
4	6	23
5	9	26
4	7	25
4	8	24
4	7	23
2	5	22
2	5	21
5	8	30
5	7	25
6	8	25
8	12	31
3	7	23
2	5	21
5	7	23
3	6	23
3	7	21
6	11	31
5	8	30
4	7	23
4	7	23
5	6	23
3	5	22
4	7	22
2	5	22
5	8	26
5	7	25
4	11	32
2	7	21
0	4	24
1	4	23
1	5	21
4	7	23
3	7	23
2	7	23
4	6	23
1	4	22
4	8	25
5	10	31
6	10	30
9	14	34
6	8	25
3	7	24
3	7	22
0	11	91
0	8	90
0	10	91
0	12	91
2	7	21
2	4	24
7	8	24
3	5	23
9	11	28
2	7	22
2	8	22
2	7	24
2	8	23
3	10	25
3	8	23
3	8	21
6	7	25
4	9	25
2	6	21
2	7	25
3	7	23
3	8	24
4	7	24
5	8	24
2	6	22
1	5	21
4	6	26
4	8	27
5	9	26
3	8	24
5	7	23
3	7	24
5	7	25
4	7	23
4	7	22
5	10	28
2	5	20
3	6	20
3	7	23
3	6	21
3	7	22
6	10	24
4	6	21
2	7	22
2	5	21
1	5	21
1	4	20
4	6	25
6	8	24
3	7	27
3	7	25
3	8	24
1	6	22
3	7	24
2	7	23
3	10	24
3	10	26
3	11	25
3	7	24
2	6	23
2	6	21
3	7	23
2	7	23
4	8	23
2	8	23
2	6	21
4	5	22
3	7	22
8	9	33
3	6	28
5	6	32
1	5	21
9	10	26
0	11	91
0	10	91
3	7	24
4	8	25
5	7	25
6	8	24
10	13	35
3	7	23
2	5	21
0	3	20
4	10	30
7	13	34
3	9	23
4	8	24
2	9	23
3	8	25
6	8	31
3	5	22
3	5	23
3	6	26
8	11	32
9	11	29
5	9	31
6	9	30
7	9	27
3	8	23
5	8	30
5	7	25
5	8	24
2	7	24
4	8	24
3	6	22
3	7	22
4	6	23
1	7	21
2	6	21
3	4	22
3	7	22
2	8	21
2	6	21
2	6	20
6	9	24
6	10	34
5	9	26
1	3	21
5	8	22
5	10	25
5	7	25
3	12	27
2	10	24
5	15	30
2	4	21
6	7	26
7	9	25
1	4	21
1	4	22
1	3	23
0	4	21
5	7	28
9	10	33
3	8	22
1	8	22
9	11	31
10	12	36
11	13	34
16	25	55
8	11	30
7	10	29
11	12	37
4	7	25
4	10	31
5	6	22
4	8	25
7	12	29
8	10	30
0	9	74
0	8	74
8	7	25
8	8	26
4	7	23
5	6	26
8	11	33
6	11	30
3	11	27
3	5	36
6	8	25
1	26	90
5	10	30
6	7	28
0	5	21
4	8	27
7	11	30
7	10	32
9	12	37
2	4	20
5	7	22
8	8	26
6	7	31
1	5	22
2	4	22
1	4	21
4	7	21
3	6	23
1	5	21
2	6	22
5	7	23
4	11	30
7	12	31
6	11	30
8	12	36
2	6	22
0	8	91
6	7	25
8	9	27
3	7	21
3	8	24
3	7	22
6	9	26
8	9	25
2	5	23
0	5	22
0	5	21
3	7	22
4	8	22
7	8	29
7	10	24
7	10	31
1	4	21
6	10	32
6	10	28
7	10	27
0	5	20
6	7	26
8	12	30
4	8	22
5	8	26
7	8	27
4	10	23
0	15	91
4	8	25
2	6	21
5	8	23
5	6	22
2	4	21
6	9	26
5	10	27
4	8	24
4	8	27
10	12	30
7	11	32
1	4	20
7	10	27
3	10	24
3	9	23
2	8	23
7	14	33
3	10	22
3	9	24
3	8	22
3	9	24
2	7	22
2	6	21
6	7	24
4	6	25
2	5	25
4	7	24
4	8	24
6	8	25
2	3	22
3	6	22
4	10	30
6	11	29
4	10	30
5	9	30
9	12	33
2	5	21
9	11	33
8	11	28
4	7	23
4	9	23
4	9	24
4	7	23
3	9	24
8	11	27
7	14	31
6	7	21
4	10	23
7	9	26
9	11	28
9	12	33
4	10	25
0	6	90
4	7	26
7	12	31
0	5	22
5	11	31
5	7	23
5	5	24
4	5	23
3	8	22
1	6	22
3	5	22
0	13	91
0	9	90
0	4	21
3	5	21
3	8	23
2	6	22
1	4	22
2	6	21
5	6	24
1	4	21
0	3	21
5	6	23
6	11	30
3	9	22
4	6	23
0	7	90
4	7	23
6	9	29
7	10	26
6	8	27
4	6	23
2	5	22
2	4	22
1	6	24
6	7	31
5	8	31
0	3	21
1	3	24
0	2	23
1	4	22
2	7	21
6	4	31
4	5	23
6	7	30
4	9	23
1	5	20
5	6	24
4	8	30
5	9	30
2	4	21
2	4	22
0	8	90
1	3	20
4	8	23
5	7	24
2	7	21
8	11	29
2	7	23
2	6	23
2	6	21
2	5	21
3	7	22
3	6	23
7	5	26
4	8	24
5	7	25
6	9	30
6	8	23
5	6	24
4	6	21
2	7	21
3	8	23
2	7	22
4	8	24
6	8	25
6	9	30
0	3	22
0	10	90
3	3	22
6	8	27
7	7	28
0	10	91
1	7	89
2	7	21
2	8	20
2	5	22
1	4	20
5	6	25
6	6	31
5	8	24
1	4	21
2	5	21
5	7	23
0	12	91
0	15	90
2	4	21
2	7	22
3	6	21
0	3	23
0	11	89
0	16	91
5	5	24
1	3	21
5	7	31
2	4	21
4	7	23
2	5	22
3	6	23
2	6	26
4	8	25
2	3	21
2	7	23
0	6	91
2	5	21
6	6	26
5	6	24
6	8	27
4	8	25
4	7	21
4	11	24
4	7	25
4	11	34
1	4	22
3	4	23
5	9	31
5	13	34
4	12	30
6	12	31
6	12	30
6	13	32
6	11	27
5	11	27
5	10	27
4	11	28
7	12	30
7	8	28
4	8	24
1	4	21
0	13	90
0	9	90
0	12	89
0	12	90
3	4	22
6	6	28
0	8	91
4	8	22
3	-1	90
3	6	24
4	7	24
2	7	21
2	6	20
2	4	26
3	5	24
3	5	23
2	4	21
4	5	25
3	4	23
4	7	30
4	6	25
4	6	24
5	5	24
5	5	24
4	5	25
3	6	22
8	8	28
3	6	24
3	5	23
3	6	21
2	4	22
2	4	21
3	8	25
3	8	24
4	5	24
3	14	30
0	3	58
1	12	91
0	6	90
2	5	22
0	1	20
0	1	21
0	1	23
0	1	22
0	1	20
1	5	26
0	5	24
1	3	23
0	3	23
1	3	22
0	23	90
0	1	22
2	4	21
0	3	21
0	7	91
2	7	21
7	7	30
1	5	20
7	8	27
7	13	29
8	11	30
2	3	21
6	7	25
5	6	30
4	6	30
2	4	21
7	9	30
1	2	20
10	10	31
0	1	20
3	6	21
0	5	75
2	8	22
3	8	22
5	9	26
7	11	30
6	9	26
6	10	27
6	8	28
4	6	21
1	2	23
2	4	22
2	7	24
3	4	21
3	7	25
0	3	22
3	6	21
3	7	22
0	13	91
0	11	91
7	13	30
0	10	91
0	5	91
4	6	23
2	4	25
2	3	22
2	3	21
2	3	22
1	4	23
0	32	90
9	13	32
7	7	29
8	8	31
5	8	28
3	6	22
0	7	91
3	6	22
2	3	21
5	10	23
4	18	90
1	4	21
2	5	21
3	7	24
3	7	24
0	16	91
0	12	91
0	11	89
3	5	24
3	5	23
3	6	24
4	7	24
5	9	27
0	3	91
2	5	22
3	26	90
0	2	20
0	5	20
9	10	34
6	10	30
4	5	24
2	5	22
2	5	22
6	10	32
4	8	25
3	7	23
5	10	26
8	28	89
2	9	29
2	3	22
3	3	21
0	9	90
6	16	32
2	2	22
2	4	22
9	8	31
8	7	33
7	7	30
8	7	30
8	8	31
7	6	29
7	7	29
7	7	28
6	8	31
6	12	32
3	4	21
2	4	23
6	14	34
0	3	21
4	3	22
3	6	22
3	6	21
3	4	23
2	6	21
6	8	24
7	9	28
0	14	90
0	12	89
4	7	24
0	10	90
0	8	91
3	5	23
3	7	23
2	7	23
4	13	30
8	9	33
0	1	22
4	7	22
0	15	78
3	3	23
4	6	23
2	6	22
8	11	27
1	8	21
3	6	23
4	3	24
2	6	22
0	10	90
0	2	54
4	11	31
1	5	20
6	8	31
1	1	20
7	11	29
6	11	27
7	11	26
0	6	21
2	5	22
0	5	22
3	7	22
6	6	25
1	4	21
2	5	22
3	4	22
3	8	23
2	5	21
3	10	25
3	10	24
4	9	23
3	8	24
4	9	25
5	11	25
7	13	32
0	3	25
0	2	20
3	7	24
9	8	29
7	8	27
5	7	25
1	7	91
1	4	22
2	4	25
5	7	22
2	7	20
4	4	22
7	10	26
6	9	26
4	10	25
4	9	26
4	8	24
4	8	24
3	7	23
3	7	22
0	12	90
0	13	91
4	5	24
4	7	26
0	9	90
0	13	90
5	8	31
8	11	27
3	7	22
3	8	24
0	4	22
3	7	25
3	6	21
2	7	21
3	9	25
8	10	26
8	10	26
8	10	25
6	10	30
3	5	31
5	6	24
0	8	91
0	10	91
5	10	26
6	11	27
3	6	23
4	10	26
3	10	24
4	10	31
4	11	31
4	6	22
4	6	22
3	6	22
4	9	26
3	8	22
4	9	25
4	9	26
4	8	24
2	6	22
4	8	25
2	8	23
1	4	20
3	6	26
5	7	26
5	8	27
5	6	22
3	9	33
3	8	23
5	9	24
4	8	24
3	6	24
5	5	25
4	8	27
3	6	24
2	5	22
3	7	22
0	13	90
0	13	90
2	5	22
4	12	31
2	4	21
4	5	26
7	7	31
1	3	23
0	1	22
3	8	23
0	14	88
7	9	27
3	5	22
2	5	20
2	5	21
5	8	30
2	5	21
3	7	21
1	13	90
0	12	91
4	10	27
3	7	22
3	6	22
6	4	34
4	6	23
2	5	22
0	4	23
1	3	23
7	9	24
9	12	31
6	7	25
5	8	30
4	8	22
1	2	24
5	9	27
10	16	35
4	5	23
3	4	24
3	5	22
0	36	90
0	9	90
0	8	85
0	3	21
3	5	24
2	5	23
5	10	31
7	10	27
7	10	31
4	6	22
2	8	23
2	6	21
2	5	22
1	5	20
2	5	21
2	5	23
5	5	25
3	6	21
1	5	23
2	5	24
0	8	91
0	8	91
2	5	22
2	4	20
4	8	24
3	7	21
1	4	21
3	6	25
5	6	24
3	7	24
3	7	23
3	6	23
6	8	33
2	3	25
0	12	78
0	12	78
3	5	23
0	10	90
2	5	20
1	3	21
0	4	20
1	3	21
0	4	21
4	7	30
1	7	24
0	9	91
0	6	91
6	10	33
3	29	90
2	5	23
2	7	23
7	7	30
2	5	22
1	4	21
2	5	23
3	6	22
3	6	31
6	11	27
6	9	26
6	9	25
6	6	25
6	10	32
6	9	30
1	26	91
2	6	21
7	9	25
2	6	20
6	8	27
8	11	27
0	7	90
6	9	24
2	6	22
0	5	21
1	5	22
1	3	20
9	9	32
0	11	90
3	6	21
1	1	20
1	4	21
1	3	22
0	8	90
2	6	22
2	6	24
3	5	22
1	4	21
0	11	85
0	10	85
1	6	21
3	6	22
5	8	29
4	7	26
3	4	22
6	8	24
1	5	20
0	2	21
3	7	22
3	7	24
3	4	21
5	9	30
5	9	31
3	4	26
1	2	20
2	3	21
0	8	91
4	7	26
3	6	22
5	10	26
2	6	21
0	8	91
1	3	22
2	3	21
0	3	21
2	4	26
1	4	23
1	4	22
1	3	22
0	3	22
0	2	22
3	7	23
0	7	90
0	11	87
3	5	20
4	6	23
6	9	30
0	-1	90
8	13	32
5	10	27
5	12	27
3	7	22
5	9	26
5	7	24
6	8	25
8	15	37
3	4	22
3	9	26
3	8	25
4	7	23
3	8	25
1	5	20
0	2	22
0	3	20
0	4	21
10	11	37
9	11	33
10	10	33
10	10	34
8	7	31
9	8	29
11	9	31
5	7	24
8	12	31
3	5	22
1	5	20
5	11	31
6	8	23
3	7	23
3	6	25
2	7	20
4	7	25
3	6	21
3	4	22
3	4	22
3	7	23
2	7	25
4	7	28
2	5	25
3	6	24
8	12	30
6	6	25
0	-1	90
2	4	20
6	10	26
2	6	22
2	8	21
3	6	30
2	5	23
1	-1	90
4	7	25
5	5	26
4	6	30
4	5	25
4	6	24
2	5	22
3	5	24
3	6	25
7	9	29
0	5	91
0	10	91
3	8	24
3	7	22
2	7	21
0	12	89
0	10	91
0	8	90
0	6	91
4	7	24
3	6	23
3	7	24
4	7	25
9	8	35
2	4	22
5	10	30
4	5	23
1	3	20
1	3	20
2	7	25
4	6	24
1	4	23
1	4	21
5	7	22
3	6	23
3	7	21
2	6	22
8	11	31
6	7	30
3	7	23
4	6	24
4	6	25
0	7	50
3	6	20
7	10	34
7	9	31
6	7	25
5	8	27
5	8	26
2	8	25
2	3	21
3	4	22
0	11	91
4	10	33
2	3	22
4	3	22
2	5	20
2	3	24
2	4	22
0	7	91
0	13	91
2	5	24
2	5	22
2	7	22
1	4	20
0	3	22
0	3	23
0	7	91
1	5	21
2	4	22
3	4	21
2	5	23
0	4	22
1	3	22
2	2	20
0	1	22
0	8	90
0	9	91
2	4	21
1	5	23
0	3	22
3	3	26
6	8	32
3	5	22
6	9	28
7	8	28
7	8	27
7	8	27
6	7	25
5	6	24
5	4	25
3	8	22
4	9	23
4	5	23
3	4	22
0	12	90
0	11	91
2	5	21
6	7	25
3	6	22
0	12	90
2	4	20
6	7	24
2	5	20
3	7	21
2	6	21
2	6	23
3	6	23
4	9	25
4	6	21
5	9	23
5	13	33
0	7	89
9	13	29
6	9	25
4	7	25
3	5	25
3	5	25
3	7	26
0	9	90
0	14	90
3	6	20
4	8	24
11	12	34
2	6	22
5	9	25
6	6	23
2	3	23
2	5	22
1	4	21
5	5	21
5	6	22
1	5	21
5	9	25
7	10	27
3	7	22
4	9	25
2	7	22
5	10	30
3	5	22
5	9	25
6	10	28
5	9	26
7	8	26
3	8	25
4	7	24
3	9	25
4	7	23
3	8	22
4	6	25
0	8	91
0	10	90
4	7	30
1	6	20
2	7	20
6	7	24
9	12	29
3	7	24
0	4	22
5	9	30
7	11	31
4	6	29
7	8	26
6	8	25
1	5	21
4	8	25
4	6	22
7	13	30
9	11	29
3	7	21
5	5	30
3	7	21
3	8	22
5	12	29
2	4	22
3	5	23
0	33	90
3	5	26
3	4	23
4	8	26
5	6	26
4	9	25
8	12	36
6	12	28
7	13	31
3	7	21
3	3	24
5	9	26
3	7	23
6	4	25
6	9	31
7	7	29
7	7	27
1	4	21
3	7	22
2	2	21
12	14	34
6	10	25
2	4	21
6	5	23
7	13	28
0	-1	91
8	13	32
0	2	21
3	8	21
3	4	21
4	10	24
8	10	26
7	9	26
4	7	24
2	3	21
5	9	32
1	14	88
5	10	28
8	11	30
6	11	27
7	11	28
7	10	26
3	7	23
3	9	22
3	8	21
3	7	23
2	7	23
7	7	26
8	7	32
1	5	25
0	5	22
3	7	25
3	6	24
7	10	24
5	9	24
5	6	22
3	7	22
4	8	30
6	7	24
6	5	25
5	6	25
5	11	29
6	8	25
5	9	30
7	9	26
2	5	21
6	6	28
6	10	26
6	10	27
3	6	20
1	3	21
5	10	30
0	9	90
0	8	90
4	8	24
4	9	24
4	6	24
4	7	23
4	10	29
4	7	24
5	9	23
1	5	21
3	6	24
3	5	20
2	3	20
6	7	26
5	8	27
2	4	21
0	3	24
6	8	26
4	6	22
4	6	22
9	13	34
4	7	23
3	7	23
3	6	24
4	7	24
3	5	22
3	7	23
3	7	23
3	5	21
3	4	21
3	5	24
5	10	25
6	6	29
0	2	22
0	3	22
5	6	22
7	7	31
6	6	27
5	7	23
4	9	26
3	6	22
6	10	31
0	7	89
0	6	91
0	8	91
3	9	25
8	7	28
6	7	28
1	3	20
1	5	22
2	3	22
5	5	26
4	5	26
3	5	25
4	5	24
3	6	23
4	6	27
5	7	28
5	7	27
4	6	26
4	7	24
4	7	23
2	6	23
3	6	21
2	5	21
8	8	27
11	11	33
9	8	31
7	9	30
9	11	30
9	9	28
7	8	26
3	8	24
2	8	23
2	7	22
2	7	21
4	6	21
3	4	23
2	5	22
3	6	21
3	9	24
2	4	22
2	5	23
0	7	90
0	5	91
7	7	25
5	3	24
3	5	22
2	6	23
6	10	27
3	8	23
3	8	22
4	10	25
7	8	33
5	9	25
3	6	23
3	6	23
2	7	22
2	3	22
2	4	21
2	4	21
10	10	33
1	2	23
4	9	26
0	4	21
1	3	20
6	10	31
5	10	26
5	8	26
5	12	31
4	10	27
7	10	31
5	12	30
4	7	24
1	6	21
3	5	23
2	5	21
3	5	21
2	3	22
4	7	23
7	11	30
4	6	24
6	7	24
2	8	22
2	6	20
4	10	30
2	5	22
7	13	27
7	9	30
3	6	20
4	7	23
0	36	90
3	8	21
1	6	23
1	7	20
0	6	22
0	9	91
5	13	30
2	5	21
2	5	22
2	6	24
4	9	25
4	11	25
1	3	21
3	6	23
2	5	21
2	7	21
4	7	23
6	9	30
4	8	27
1	3	23
1	4	21
0	3	89
0	3	91
3	6	25
1	7	24
0	11	90
3	6	21
10	9	31
3	7	28
3	7	27
8	9	28
2	7	21
7	12	31
3	10	31
4	7	22
1	13	91
0	14	91
2	4	22
2	5	21
2	7	23
3	6	25
2	6	23
6	8	26
4	7	22
2	7	22
5	9	30
2	7	21
3	6	22
4	6	21
3	8	20
5	8	21
4	8	23
11	11	35
2	3	21
5	7	24
4	6	24
6	8	24
0	10	91
0	10	89
3	6	22
2	4	23
6	11	26
4	10	21
0	3	69
5	9	24
3	7	22
3	7	23
4	7	22
9	8	26
7	10	25
5	11	24
3	6	23
3	7	22
3	6	21
1	6	21
4	9	23
0	23	91
1	6	25
2	6	20
3	5	21
3	5	21
2	7	22
2	6	21
2	5	22
0	9	91
0	9	91
5	7	22
3	6	24
7	7	25
6	8	25
2	5	22
6	9	24
2	5	21
0	19	90
0	19	90
2	4	20
7	7	27
0	3	22
8	10	32
8	10	33
2	4	21
2	4	23
3	4	23
3	4	24
3	5	22
1	3	22
1	4	23
3	4	23
2	6	23
2	6	21
3	6	23
3	5	22
5	10	31
5	5	32
2	4	23
5	8	28
5	5	25
5	5	24
10	12	35
4	6	24
5	8	30
5	9	27
4	6	21
7	8	39
0	16	91
0	9	90
8	7	32
5	13	28
0	4	21
6	10	32
7	11	25
0	1	25
0	2	24
0	1	25
1	2	22
1	2	22
0	4	21
0	4	23
0	2	24
0	3	25
0	5	26
3	6	25
3	3	24
8	11	29
6	9	23
4	9	29
5	9	25
3	7	22
4	6	25
7	8	30
6	10	29
3	7	24
1	4	24
0	5	22
0	2	23
3	9	22
2	8	21
2	7	20
1	17	89
10	29	91
4	9	25
0	4	21
0	4	20
4	8	23
2	6	23
7	10	31
5	5	24
4	8	24
5	10	29
4	7	25
4	8	26
6	6	22
2	4	24
1	5	23
2	5	22
4	9	25
2	5	21
0	1	20
4	6	24
4	6	23
1	4	22
2	5	23
2	5	21
0	12	91
1	6	21
3	8	22
3	11	91
2	14	90
2	4	21
4	7	25
3	5	24
6	9	30
9	10	31
2	4	20
4	7	24
1	6	20
1	7	90
0	4	91
0	2	21
2	6	22
3	5	23
1	16	91
1	7	91
8	11	31
4	7	23
3	6	24
3	7	22
10	11	36
0	2	20
0	2	22
0	10	90
5	7	23
5	26	90
4	30	90
5	7	23
4	9	22
3	7	23
3	7	22
4	4	25
1	8	90
5	8	25
6	8	31
0	9	90
0	9	89
2	34	91
4	6	23
2	6	20
11	14	36
0	2	21
3	5	22
3	5	22
10	16	36
4	5	27
0	16	91
0	11	90
5	7	23
3	7	22
5	7	26
0	25	90
3	7	23
9	10	34
1	3	20
2	4	21
3	5	20
0	6	91
0	7	91
2	6	30
2	4	22
3	4	21
3	5	20
4	5	23
1	2	22
2	7	21
2	7	21
1	5	20
6	9	26
4	7	24
4	6	23
4	6	22
2	4	22
0	6	72
0	15	91
6	9	26
4	6	23
6	9	27
6	8	24
6	8	25
5	10	31
4	6	24
6	11	25
7	9	27
4	11	27
2	8	23
8	9	39
4	8	22
0	2	21
7	14	32
3	6	23
2	7	23
1	5	22
7	9	33
11	10	37
2	7	22
2	9	21
4	8	24
3	4	21
9	11	32
7	6	30
3	5	25
6	5	27
0	-1	90
5	9	25
0	7	90
0	10	91
8	13	34
3	7	23
0	12	91
4	6	26
2	4	22
0	4	21
7	10	30
7	12	31
7	10	31
1	6	23
0	9	91
0	20	90
7	10	31
6	10	27
5	12	35
6	11	30
5	6	24
5	9	24
6	10	31
1	24	91
9	11	29
5	11	30
5	12	32
8	11	27
6	9	26
7	10	26
4	9	22
3	9	22
4	10	23
5	8	31
3	6	20
0	4	23
6	7	24
5	8	24
0	9	90
5	6	24
3	7	23
1	3	23
4	5	22
0	16	91
4	7	23
4	10	32
2	5	23
3	5	22
4	6	23
2	6	22
3	6	22
9	10	34
8	10	31
3	9	25
4	9	23
4	10	22
3	8	21
3	7	22
3	9	24
3	8	23
2	7	24
7	8	30
0	12	91
0	13	90
3	4	21
4	5	24
2	3	20
2	5	22
2	5	24
3	5	23
5	8	25
1	16	90
0	12	91
0	4	91
2	22	91
0	9	91
4	6	23
1	4	21
1	4	22
5	7	28
6	7	26
8	11	33
3	6	22
3	10	26
0	6	87
3	6	22
4	7	23
3	7	23
4	10	30
2	6	22
6	7	30
3	9	25
2	8	24
3	7	22
3	8	21
3	4	23
4	11	30
2	6	21
2	7	22
9	8	30
9	6	30
1	5	23
9	12	32
3	7	23
4	7	23
3	6	22
5	11	24
3	10	23
3	10	22
3	7	21
3	7	20
7	11	30
3	9	25
3	7	24
9	15	36
3	7	21
3	7	21
2	10	27
1	9	90
3	6	21
4	7	24
2	4	22
2	6	22
0	4	22
5	5	26
6	8	30
4	5	23
1	3	21
1	3	21
3	7	22
2	6	23
4	8	25
4	8	23
2	5	21
3	8	24
1	4	21
3	8	21
3	28	87
4	11	33
3	9	24
4	6	21
2	5	20
2	4	23
2	6	21
3	7	23
1	4	23
0	3	22
0	3	21
5	9	25
6	11	30
2	4	21
4	5	21
0	9	91
0	7	91
8	10	29
7	8	28
3	6	24
1	7	21
2	6	22
6	9	23
4	9	22
4	7	21
4	6	21
9	12	31
6	8	30
3	6	21
6	8	27
8	13	30
7	13	27
7	12	26
8	10	27
2	7	21
2	6	22
0	27	91
0	9	89
0	8	90
5	8	26
1	4	21
2	5	20
4	6	21
1	6	63
10	13	35
3	6	22
5	9	32
4	9	30
7	10	32
5	9	31
4	7	24
8	13	30
7	8	26
2	4	21
2	8	21
0	7	91
0	11	91
5	5	25
4	9	22
5	10	26
8	11	30
2	8	25
4	5	24
7	9	26
4	10	26
7	12	31
8	12	31
5	10	30
5	10	30
8	10	30
5	13	29
7	10	28
5	8	26
5	12	30
7	15	32
0	30	86
8	9	28
8	8	25
3	6	22
4	6	22
2	8	23
6	8	23
2	3	20
3	5	21
3	5	22
2	6	21
4	7	24
5	10	24
1	9	24
4	8	26
3	4	20
4	7	22
7	8	29
4	5	24
5	7	23
3	5	21
0	8	91
0	8	91
9	10	33
6	12	27
7	8	27
3	7	24
3	7	23
6	9	36
0	4	24
3	7	22
4	6	22
6	6	24
2	6	22
4	10	30
4	10	22
9	11	33
3	5	22
3	6	21
4	7	22
0	3	21
2	6	21
9	10	31
4	6	22
10	10	33
6	8	31
2	5	22
5	8	24
1	4	20
7	12	31
7	9	27
3	8	22
12	14	32
4	6	24
3	6	22
9	7	27
15	20	48
8	13	31
2	4	20
2	5	22
2	4	21
4	7	24
3	8	23
4	7	25
2	5	23
4	7	23
4	8	24
3	5	23
5	11	30
0	12	91
0	11	89
3	7	22
5	11	27
5	12	29
5	11	25
4	9	24
4	6	22
4	9	23
3	6	24
5	8	26
6	10	30
3	6	23
3	6	22
2	6	23
3	7	21
3	8	25
0	8	90
1	13	91
3	6	22
8	7	28
3	5	24
8	8	29
8	43	91
2	5	22
6	11	32
1	-1	90
0	14	91
3	7	24
1	8	22
2	7	22
1	8	22
1	7	21
4	8	23
7	8	30
5	7	24
3	5	24
2	5	23
3	4	25
0	15	90
3	10	30
3	7	22
8	9	28
2	25	90
1	4	23
9	12	28
7	11	28
0	10	91
0	6	90
2	6	23
3	5	25
3	5	23
5	6	23
1	6	20
1	3	21
9	9	35
7	8	26
1	6	21
7	10	26
7	10	28
5	10	27
3	6	23
4	6	24
3	6	23
3	6	22
1	4	23
0	3	22
0	3	21
3	5	22
0	9	30
3	7	21
2	7	20
6	9	26
5	8	26
5	7	25
7	9	27
8	11	28
10	13	29
6	9	26
6	11	31
0	15	91
5	6	23
6	9	28
1	5	22
2	4	21
4	6	22
4	6	24
3	6	20
4	8	25
5	6	24
4	8	24
5	7	23
4	6	22
2	4	20
3	6	22
3	5	21
7	10	31
3	6	22
35	38	90
7	8	28
1	6	21
2	5	21
5	11	24
6	9	30
7	51	90
6	8	25
9	10	27
9	10	28
4	10	25
7	10	27
2	5	21
1	4	20
3	9	21
4	5	23
9	12	34
10	11	32
0	14	90
7	8	26
7	7	24
2	7	22
2	6	21
3	7	23
2	7	21
4	9	24
4	8	25
4	9	24
5	12	34
2	6	21
8	12	34
9	14	36
8	12	35
9	12	37
4	11	30
0	3	22
1	3	21
3	6	21
2	6	20
8	8	26
2	7	23
9	12	34
6	8	28
4	6	23
3	8	23
2	8	22
3	8	24
2	6	21
2	5	22
4	5	26
0	3	23
5	8	22
7	15	32
4	9	22
5	9	22
0	38	90
2	7	21
4	7	24
6	9	30
2	6	22
0	7	91
8	10	28
0	5	22
2	4	21
9	23	90
0	4	21
0	4	22
3	5	22
4	6	27
5	8	22
7	11	29
5	8	30
6	10	26
6	10	27
3	9	24
3	10	24
2	8	23
3	8	23
7	9	26
0	3	44
0	3	44
5	7	24
2	7	23
5	10	24
5	7	26
4	6	25
5	6	22
5	9	23
3	9	22
3	8	24
6	8	22
6	11	32
5	10	31
4	9	25
4	8	26
4	7	23
5	6	26
7	45	91
1	6	21
4	6	22
3	7	22
1	8	23
4	9	23
3	9	24
3	8	23
4	9	25
4	8	27
3	9	23
6	10	30
3	9	24
4	9	25
0	7	90
0	12	91
7	8	29
3	5	22
5	7	26
2	6	21
4	8	24
1	7	90
1	3	23
8	7	30
5	5	24
5	5	25
5	5	30
7	7	25
3	5	22
1	1	21
7	10	28
4	5	25
6	4	26
8	9	28
6	6	27
3	10	24
5	12	30
8	12	34
5	9	29
4	7	25
5	9	25
2	6	22
4	10	26
3	8	20
6	8	27
3	7	24
4	8	23
4	8	22
3	5	21
2	10	23
3	6	23
3	6	20
5	4	23
4	4	21
0	11	70
1	4	22
6	13	33
0	11	90
0	9	88
6	14	27
0	9	91
3	5	23
2	5	22
9	10	31
2	5	22
4	7	22
4	7	21
3	6	27
3	7	21
3	7	20
2	9	23
2	8	22
6	7	24
4	7	25
4	8	25
6	11	29
7	10	25
4	9	25
4	9	91
6	7	91
6	13	30
5	14	30
0	12	91
0	9	91
3	4	23
4	7	31
2	5	21
2	6	24
3	3	21
4	4	24
4	11	24
4	9	22
4	6	24
2	6	23
6	11	30
4	6	22
5	12	33
4	6	21
6	4	30
5	7	22
2	4	21
5	5	27
5	5	24
4	7	24
3	8	23
0	10	89
0	8	90
11	15	36
2	6	21
3	7	23
1	6	23
0	3	22
1	3	24
0	3	22
0	3	24
0	3	25
0	4	22
1	5	23
5	7	24
6	8	25
6	7	26
8	12	33
9	12	31
9	13	30
0	2	23
10	9	32
7	14	36
5	8	23
2	8	21
3	5	23
5	9	26
4	5	22
3	4	21
2	5	22
4	6	24
4	7	24
0	5	91
0	5	91
4	7	22
2	7	24
3	5	23
3	6	23
1	4	22
5	7	23
8	12	31
5	4	25
3	7	24
4	6	24
4	8	27
6	7	25
5	9	27
7	11	29
8	11	30
5	5	27
6	5	30
5	4	25
6	5	30
6	6	28
0	10	90
3	5	21
4	9	31
4	8	31
5	10	32
3	9	31
3	6	24
3	7	24
3	8	25
4	11	28
4	9	26
4	9	25
3	10	25
3	8	23
3	8	22
3	8	22
3	9	21
1	3	23
7	11	30
2	4	21
6	12	27
1	7	23
2	4	21
9	11	29
3	9	25
4	8	24
8	12	29
1	4	21
0	3	21
0	2	21
0	9	91
4	7	24
4	6	23
2	4	21
0	3	21
3	6	24
2	5	21
2	6	21
1	5	26
0	3	21
10	11	35
7	11	31
10	11	33
9	10	32
11	9	33
9	9	32
11	12	35
2	4	21
2	4	20
2	6	23
2	4	21
2	5	21
0	4	49
7	8	30
3	5	23
3	5	24
3	6	24
9	13	34
6	12	28
10	12	36
8	9	31
4	6	22
1	4	22
5	11	27
3	6	25
3	5	25
4	7	24
2	6	22
7	7	25
8	9	31
5	9	32
5	7	24
4	8	25
5	9	27
3	7	24
4	10	26
5	11	25
4	11	30
6	13	32
4	8	27
4	8	24
2	6	22
4	6	20
10	15	38
12	16	37
9	14	35
9	13	33
9	11	31
9	12	33
6	13	32
0	5	39
5	9	27
2	7	23
9	12	32
6	8	24
6	9	23
5	8	23
3	7	22
4	7	27
4	6	24
8	8	27
5	7	24
0	2	22
1	4	22
1	5	22
0	5	22
1	4	21
0	12	91
5	9	30
2	10	32
3	8	22
8	11	30
6	10	31
8	11	28
9	10	29
7	11	33
10	10	36
3	8	22
7	11	27
3	10	25
8	7	27
3	7	23
0	6	89
1	13	91
10	10	34
8	10	31
8	11	33
7	11	30
9	10	33
9	11	36
7	10	34
0	4	90
9	6	32
9	7	31
9	9	33
9	8	28
6	10	30
1	5	21
2	5	22
1	5	21
1	4	21
9	7	34
7	7	30
5	7	24
4	7	22
3	8	22
1	3	22
1	6	23
11	14	40
4	5	23
1	9	21
1	8	21
1	7	20
6	10	28
2	7	22
2	8	22
2	5	22
2	5	22
5	8	29
3	5	22
3	6	21
7	9	23
5	5	30
3	8	24
0	1	24
1	2	23
1	1	26
1	1	24
1	1	23
1	1	22
1	35	90
0	36	90
3	5	22
8	9	27
0	8	90
8	10	27
2	7	21
2	6	20
3	7	22
4	8	22
6	9	24
5	10	25
3	7	24
2	6	20
0	10	91
6	3	31
24	33	75
28	40	89
23	32	74
4	8	30
4	13	27
4	6	23
4	10	30
3	5	23
8	12	32
4	7	21
8	12	34
3	8	23
4	10	25
0	9	91
0	10	91
7	11	32
4	11	24
2	5	20
4	9	24
3	5	22
1	5	20
4	7	30
1	4	20
3	7	23
5	7	26
3	6	23
3	8	22
3	7	23
4	7	26
3	6	25
3	8	25
3	6	24
2	5	22
6	9	30
1	5	20
0	5	22
7	10	31
3	28	90
4	12	30
7	9	30
3	7	23
4	10	26
2	7	24
9	10	37
7	7	31
7	7	27
2	5	23
7	12	26
5	7	23
3	8	26
9	10	34
3	7	25
2	5	25
4	6	26
3	5	26
4	5	32
4	5	25
4	6	30
3	6	22
3	5	21
1	3	21
4	7	25
1	4	22
3	6	24
0	25	91
6	9	28
5	10	30
5	10	24
0	24	90
4	10	27
4	10	26
5	10	28
6	11	28
4	9	25
5	9	26
6	10	27
5	9	25
3	7	23
2	5	21
1	5	23
0	3	22
1	2	22
0	5	22
4	10	26
5	7	24
3	7	23
4	5	23
2	4	22
3	7	23
2	4	23
2	7	23
5	7	24
8	11	31
5	9	30
4	7	30
2	5	21
1	4	25
2	4	22
2	6	20
1	6	22
3	6	22
2	6	21
3	6	20
5	7	24
0	5	91
0	16	90
0	2	20
6	13	33
5	12	91
3	14	90
2	8	22
2	4	22
4	8	22
0	6	21
3	7	24
4	6	23
5	7	25
4	6	23
3	5	23
3	8	24
3	9	22
0	14	87
4	7	23
4	10	24
2	7	22
1	4	20
6	6	25
5	6	30
9	14	35
7	10	34
3	5	22
2	5	23
2	6	21
4	8	25
3	6	23
1	13	91
0	14	91
4	9	27
4	8	24
4	8	23
1	3	21
0	2	90
0	5	91
10	11	32
6	7	26
2	4	20
5	8	23
8	9	29
7	9	27
2	6	23
2	5	22
3	7	20
4	7	22
4	9	23
4	8	21
3	9	23
4	7	24
2	7	20
6	10	28
6	9	26
7	9	25
0	2	22
11	12	30
10	12	31
8	10	29
9	11	32
9	11	33
1	5	20
4	5	22
2	6	20
3	5	22
2	7	24
2	7	22
3	7	23
2	7	25
3	7	23
6	11	31
2	5	22
2	4	21
4	7	22
6	7	26
4	9	22
5	10	26
3	8	23
5	8	25
4	6	22
5	7	23
4	10	25
5	11	30
3	6	20
5	6	29
7	12	34
11	11	35
7	14	34
8	12	30
5	9	24
6	11	34
9	11	33
2	8	26
4	11	28
4	9	25
10	16	38
1	5	23
1	5	23
6	6	26
6	8	29
2	7	22
9	10	29
1	4	21
4	6	24
2	4	20
3	7	23
3	7	20
3	6	21
3	7	23
5	6	25
7	8	28
8	9	27
7	9	32
0	7	91
4	6	22
4	7	24
3	6	22
9	10	31
3	7	23
5	9	23
4	8	22
3	9	24
2	9	24
3	8	23
5	10	26
6	9	31
9	14	32
6	10	26
7	10	30
3	7	22
2	7	20
3	7	22
2	5	21
6	8	26
5	10	32
4	7	26
4	10	31
6	8	30
3	5	23
4	7	23
5	9	30
3	7	24
4	7	25
5	10	31
6	9	31
4	7	25
4	9	25
5	9	30
7	11	32
2	7	24
4	10	30
5	9	25
7	12	30
6	10	29
6	12	31
4	10	25
3	14	91
0	-1	91
1	-1	91
6	8	25
4	8	26
4	8	23
3	8	23
2	9	22
4	7	22
3	8	23
6	8	27
2	5	24
8	25	90
4	7	24
6	12	31
8	11	27
3	8	23
3	6	23
2	8	26
8	11	28
3	8	24
3	5	21
4	7	25
3	5	21
2	8	21
4	5	23
3	5	21
3	6	22
1	5	21
4	5	24
0	2	23
1	3	21
5	9	27
7	11	28
6	12	28
6	11	26
2	2	22
4	6	26
0	-1	89
6	8	26
4	11	25
3	5	26
4	6	24
2	5	20
5	9	24
2	8	21
24	42	91
2	6	23
7	10	30
5	7	25
10	11	34
7	9	25
3	5	21
3	7	24
2	7	21
3	8	24
4	8	22
5	9	23
3	9	24
9	10	32
8	9	30
1	4	23
3	5	21
4	32	91
5	7	23
8	12	31
5	11	27
7	9	28
2	10	24
4	12	30
9	11	32
0	3	21
5	7	22
2	5	21
4	7	21
0	7	90
2	7	21
2	7	21
3	4	23
6	7	25
7	7	32
4	7	24
3	5	25
5	9	26
0	4	23
3	5	21
3	5	20
3	7	23
3	4	21
4	9	24
8	12	32
4	6	21
0	18	81
2	5	22
2	6	21
4	6	27
4	5	25
4	5	27
3	5	22
1	3	20
7	8	25
1	3	20
1	3	20
4	6	26
3	5	24
5	11	30
10	13	35
5	6	22
0	9	90
0	9	91
4	8	26
3	4	21
2	5	22
4	9	30
3	7	24
3	6	22
3	6	23
3	9	25
3	8	24
4	8	25
4	10	26
4	11	25
4	10	24
4	8	24
3	9	25
6	14	31
0	4	21
1	4	21
2	7	20
3	6	21
2	7	20
1	14	90
0	9	90
10	13	32
1	3	23
6	10	26
0	3	22
4	6	23
5	9	31
4	8	22
0	4	52
0	5	52
4	8	23
2	11	82
1	11	82
3	6	24
3	8	25
4	7	24
3	6	23
2	7	23
5	9	26
6	8	27
2	3	23
1	4	21
1	5	21
0	3	25
4	6	23
1	8	23
1	6	20
3	4	23
9	7	30
5	8	24
0	6	26
0	5	23
0	5	20
0	3	21
0	2	21
0	1	21
3	5	24
3	5	22
4	5	22
4	6	23
8	9	32
6	6	28
3	5	46
6	6	26
6	5	25
6	5	24
5	10	32
5	6	26
5	7	30
4	6	23
3	9	25
0	15	91
2	5	20
0	3	20
0	6	23
1	1	21
3	3	22
3	4	21
6	9	26
3	7	22
3	7	21
2	4	20
4	7	24
1	9	23
0	11	89
6	12	32
3	7	22
3	6	22
3	6	21
3	5	21
5	8	23
7	12	34
2	5	23
3	6	24
4	7	23
1	3	23
6	6	30
0	1	22
0	1	21
3	8	24
0	4	21
7	9	26
5	7	25
6	35	90
7	37	86
8	37	87
6	36	86
3	5	23
1	6	22
6	12	26
9	13	33
2	5	22
9	10	29
9	10	34
7	9	29
0	5	20
5	10	30
10	10	33
0	4	23
3	6	21
3	6	23
5	10	31
3	9	24
4	8	25
5	9	27
6	11	29
6	11	31
4	9	24
5	10	31
4	9	26
5	10	29
3	7	21
0	4	90
0	10	90
9	9	28
3	35	90
3	5	24
2	4	21
4	5	23
4	5	23
2	7	22
2	6	22
5	5	23
9	11	31
4	7	27
5	10	28
2	7	23
5	8	28
6	6	25
2	5	22
3	8	23
6	12	32
7	12	31
8	13	29
8	14	32
7	16	34
8	14	33
7	12	31
5	4	26
5	10	25
0	6	91
0	9	91
2	6	20
3	8	23
2	6	22
3	4	22
2	5	21
3	4	23
5	7	30
1	5	21
0	3	25
0	3	23
0	3	22
0	12	89
4	4	22
7	8	33
7	6	31
0	57	91
8	12	32
5	5	23
2	5	20
6	9	27
1	5	22
6	8	27
3	4	20
4	8	32
3	5	22
8	8	30
4	8	23
1	6	21
8	11	35
1	4	21
2	4	24
2	3	21
5	7	26
5	5	23
4	5	22
3	6	23
5	7	24
5	9	25
4	8	25
5	10	26
5	9	25
5	9	24
5	10	26
3	6	23
2	6	22
8	12	33
2	8	23
2	7	22
1	5	24
5	9	31
4	8	24
3	9	23
3	8	22
5	6	23
0	13	90
1	4	20
0	19	90
0	18	90
5	6	21
7	10	28
3	11	26
3	6	21
3	6	20
3	8	20
2	6	20
1	7	20
6	5	25
3	4	21
4	5	22
5	9	26
3	6	22
4	6	24
5	8	24
9	10	34
5	8	25
5	8	23
4	7	21
4	7	22
5	8	24
5	9	30
6	10	24
5	10	24
5	10	25
5	8	24
5	10	26
3	4	22
4	4	24
4	8	21
7	7	28
1	4	22
7	11	30
4	9	25
1	4	22
1	6	21
3	7	22
1	8	91
1	8	89
2	7	22
0	4	22
1	6	22
7	10	32
0	7	91
0	14	91
1	4	22
1	4	21
7	11	34
6	10	26
1	3	21
1	4	21
4	8	23
3	7	24
2	4	22
0	3	21
1	5	22
4	6	22
8	13	32
7	11	32
8	11	32
6	10	30
6	12	31
6	12	31
8	12	32
3	7	20
4	8	31
2	3	25
7	7	32
7	11	34
2	9	25
3	8	25
3	7	24
3	6	22
7	9	26
4	10	25
6	9	31
6	9	31
6	12	36
3	5	23
4	6	25
3	6	22
3	9	23
5	13	37
0	4	21
8	11	33
1	6	22
2	5	22
6	12	28
4	8	27
6	10	27
2	6	23
3	7	21
3	10	24
12	12	36
2	5	22
6	7	25
7	10	26
0	9	91
3	3	21
2	4	20
0	8	91
0	8	89
4	8	22
2	4	23
2	6	21
2	6	22
2	6	20
6	9	27
6	8	23
5	9	24
2	5	24
4	7	24
1	4	21
1	6	24
1	3	25
4	7	21
3	6	23
2	6	22
4	7	25
5	7	25
3	8	25
8	8	30
3	9	22
1	6	22
4	6	23
4	7	23
4	10	26
3	7	24
3	6	23
4	9	26
3	9	23
1	36	90
0	35	90
0	34	90
0	35	90
0	-1	90
8	11	30
9	11	31
7	9	28
6	8	25
1	4	22
6	8	31
5	7	22
8	8	29
3	6	22
1	5	22
5	9	32
6	10	31
6	9	31
6	6	30
7	10	27
8	11	29
8	14	32
10	12	34
8	10	30
3	5	25
3	8	22
2	30	91
5	8	27
2	3	22
6	7	26
5	7	24
6	6	24
4	6	23
3	6	23
2	7	21
2	7	20
4	11	30
6	10	25
4	12	28
9	12	35
1	7	21
6	10	28
6	9	27
8	10	26
6	6	26
3	7	21
5	5	26
5	11	25
9	9	28
5	6	23
2	5	20
4	7	21
12	18	38
6	8	29
7	10	27
6	9	27
11	10	32
3	7	21
3	8	25
2	4	20
4	10	26
3	8	25
4	7	24
4	24	91
8	13	29
4	9	26
6	11	28
2	7	25
8	9	24
4	7	25
3	6	24
4	6	23
4	6	22
6	11	28
3	7	23
2	7	22
5	10	25
5	8	24
9	11	32
5	11	26
8	9	25
1	2	24
0	22	88
5	7	23
1	3	23
0	4	23
1	4	20
7	8	24
3	8	22
2	6	20
3	10	30
3	8	23
2	7	22
13	14	38
5	10	31
4	6	22
7	8	27
4	6	23
4	5	21
0	12	89
0	7	91
6	7	32
2	7	22
2	8	23
2	10	24
2	8	23
4	10	25
5	7	24
9	12	35
3	8	23
2	6	20
0	6	89
6	11	30
4	5	21
2	10	23
4	10	23
4	9	23
3	8	22
4	11	28
1	4	22
6	10	26
5	9	28
7	10	32
8	7	31
8	8	28
2	5	20
2	5	21
3	8	24
7	6	27
5	7	24
1	3	21
6	7	25
3	7	23
3	6	22
6	9	26
1	6	21
3	6	22
7	15	33
4	7	22
4	6	22
1	7	24
8	10	30
6	9	27
5	10	30
2	7	23
3	9	31
6	8	25
3	6	24
5	8	24
3	9	23
1	5	22
2	6	21
5	8	23
2	6	23
6	10	30
2	7	21
2	7	22
3	7	23
2	5	25
6	11	27
6	9	27
4	8	23
5	13	27
4	11	27
2	11	26
4	9	25
3	9	25
2	9	23
4	7	23
2	7	23
4	12	29
4	10	23
4	7	22
4	8	25
5	11	30
5	11	30
7	11	27
7	13	30
8	11	31
7	11	29
7	13	32
6	13	32
7	13	30
9	10	33
5	10	27
8	11	30
4	4	22
4	5	21
6	11	27
8	11	30
5	9	25
4	10	25
6	7	26
3	7	22
3	6	20
3	7	22
3	9	23
1	3	24
1	3	23
0	1	26
0	2	25
1	3	22
0	2	24
3	6	23
2	8	22
2	8	25
2	9	22
2	9	23
6	14	32
8	12	32
0	9	91
0	9	91
5	9	30
3	5	22
10	15	34
8	14	31
7	12	30
0	12	89
4	6	24
10	13	34
8	16	34
11	14	35
8	11	32
9	15	31
9	13	30
7	11	29
7	12	28
10	14	32
10	13	33
5	10	31
3	6	23
4	9	24
4	8	23
4	10	26
4	7	24
5	8	24
4	12	30
6	10	32
4	6	23
7	11	32
2	7	23
3	7	22
2	6	21
6	8	26
0	3	22
7	10	26
3	5	21
4	6	26
2	8	22
4	7	26
3	6	21
3	7	23
0	15	91
0	14	90
13	30	90
3	6	23
1	6	21
2	6	21
8	11	31
4	11	28
2	6	21
1	4	22
1	8	90
5	9	26
4	7	25
7	7	30
2	4	21
2	4	20
1	6	24
2	5	23
6	12	26
4	6	25
5	7	25
4	10	25
6	13	31
9	11	30
2	7	22
4	7	23
6	10	25
1	2	21
8	10	35
7	12	27
2	7	22
2	6	21
7	9	31
4	7	28
6	8	30
3	7	22
3	6	22
6	7	25
1	15	90
2	7	23
2	6	22
8	10	31
2	6	22
5	8	24
3	5	24
3	6	22
2	6	21
8	11	30
2	3	20
5	7	25
8	12	32
2	18	90
4	6	23
3	6	21
4	7	30
5	8	26
5	8	25
1	5	22
4	8	22
0	11	91
4	9	23
4	7	25
7	10	25
5	9	25
7	8	27
0	12	90
0	6	91
3	7	21
6	9	30
3	9	24
5	7	23
4	6	25
5	7	26
5	10	30
5	7	30
6	10	28
6	8	26
5	12	30
3	7	27
7	10	27
5	10	26
7	13	36
6	11	30
4	8	25
8	17	35
0	2	20
0	9	56
2	7	21
8	11	29
6	9	27
7	10	26
6	9	24
4	7	23
2	6	23
2	6	21
4	7	23
8	10	32
7	9	32
8	10	34
7	10	34
4	7	22
0	9	91
0	7	90
7	9	26
3	8	26
1	3	23
4	9	24
5	10	26
4	9	25
4	9	22
5	9	27
9	10	36
4	9	26
2	9	24
5	5	24
7	8	30
2	6	22
6	12	30
7	11	30
5	7	21
4	8	23
3	6	23
7	8	28
8	10	30
8	11	31
8	9	28
5	10	27
4	5	24
2	4	23
5	7	30
9	10	33
9	10	36
9	10	29
6	7	28
1	7	21
2	7	22
3	6	23
3	8	24
3	9	23
5	7	25
9	14	34
1	4	21
3	6	23
1	7	23
5	9	25
9	12	30
0	5	22
1	6	22
3	7	23
3	7	22
2	7	21
2	7	20
5	7	24
2	4	20
6	8	28
5	10	26
5	9	24
4	9	23
3	7	21
5	8	23
4	8	24
3	7	22
10	13	34
8	13	31
7	11	30
4	7	25
4	8	23
6	10	26
7	10	25
6	10	28
0	1	22
6	11	33
6	9	25
5	8	26
2	4	21
1	7	22
6	9	26
5	7	25
4	6	25
5	9	26
3	5	23
5	6	23
3	6	20
2	8	22
1	7	21
3	7	23
4	7	22
6	9	25
4	8	24
6	9	31
4	7	23
3	5	22
3	5	23
3	6	24
3	6	24
3	7	23
5	10	23
3	8	22
7	10	25
9	13	35
0	4	23
0	3	20
0	3	21
6	12	28
5	7	24
2	6	22
5	12	28
1	6	21
2	10	24
2	8	21
4	10	23
6	11	31
2	6	24
4	9	26
1	5	21
0	4	21
4	8	23
2	7	22
8	11	28
5	7	23
8	14	30
0	0	43
4	12	25
3	5	21
4	9	26
9	12	33
2	7	24
2	5	21
3	6	23
2	6	20
3	7	24
3	10	26
4	9	26
4	8	25
4	9	26
5	11	26
3	9	22
2	4	21
4	6	23
3	6	22
2	5	20
2	6	20
3	5	23
4	8	23
2	6	24
2	5	22
2	6	24
2	5	21
6	8	29
1	7	21
8	7	25
2	5	22
3	8	23
6	7	23
1	8	23
8	12	31
4	10	23
2	5	21
6	10	31
6	15	31
6	13	31
8	13	30
2	4	20
3	8	20
4	9	23
2	11	23
3	11	23
4	15	31
8	12	32
9	11	32
5	10	24
2	8	22
3	10	24
2	7	23
4	9	23
8	11	28
0	10	90
7	13	38
4	6	30
3	7	21
2	6	23
2	7	20
2	5	22
2	4	22
4	10	27
4	8	23
1	4	22
0	10	91
0	8	91
2	5	20
4	8	25
8	13	34
9	12	35
2	7	25
2	5	22
3	6	21
2	6	22
0	7	23
3	4	24
2	7	22
2	3	21
0	7	90
0	10	90
4	6	22
7	9	27
5	7	25
5	7	24
4	6	22
6	11	30
7	10	31
4	5	24
5	11	24
2	5	21
7	9	31
3	7	22
10	10	33
9	13	32
9	12	32
5	11	28
9	13	32
8	13	32
7	10	30
4	8	23
3	8	23
2	5	22
4	8	21
6	13	30
3	8	24
3	11	26
3	11	27
3	8	25
3	8	24
3	8	23
3	7	22
4	9	24
5	8	23
4	7	23
8	9	31
4	8	25
4	9	27
5	9	24
5	7	22
2	7	22
4	7	22
3	9	23
3	8	23
7	14	33
6	7	25
3	13	25
4	9	26
5	9	23
7	10	31
8	10	31
5	8	22
8	15	36
5	5	25
6	8	23
3	7	22
9	7	30
6	8	26
8	9	27
5	8	24
6	11	25
3	5	22
3	6	23
2	7	23
4	8	24
6	9	26
7	11	25
8	12	27
7	9	26
3	7	22
0	3	21
2	8	24
8	10	31
4	5	22
3	5	21
1	7	25
5	10	26
3	8	22
9	12	34
5	9	25
4	9	28
5	8	24
7	10	28
6	7	25
3	10	30
3	7	22
5	9	30
7	9	34
8	9	30
6	8	29
8	8	33
8	8	32
13	12	42
11	12	40
1	12	91
0	7	91
3	7	22
3	8	22
4	5	21
7	11	31
8	14	33
6	11	30
7	10	27
5	10	27
0	6	91
4	6	24
3	7	25
2	7	21
5	7	27
6	12	32
6	9	26
7	9	28
6	9	29
6	8	30
3	8	24
5	10	24
10	11	38
7	6	23
3	4	21
2	7	25
3	6	22
6	7	24
6	11	26
7	5	27
9	10	28
3	6	23
4	7	22
3	7	22
4	6	21
8	14	30
5	8	27
1	4	20
1	4	20
8	9	32
3	5	20
4	6	22
4	8	25
4	9	25
4	9	24
3	7	24
3	4	22
1	-1	91
3	8	27
2	8	25
3	8	23
5	11	30
1	5	21
11	14	39
8	8	29
0	6	90
2	9	24
5	12	30
2	6	22
3	5	21
4	6	24
4	6	21
4	6	22
3	5	23
4	12	32
1	7	25
1	4	22
1	4	23
3	7	21
0	-1	90
0	12	90
2	4	23
4	7	23
5	6	23
4	6	21
2	6	23
3	7	23
4	6	22
3	7	22
2	3	21
2	3	21
1	4	21
8	9	30
2	3	21
1	3	20
2	5	21
6	9	28
2	5	23
5	9	31
4	9	25
7	8	26
4	6	26
3	7	21
4	7	22
3	5	22
6	8	26
0	10	91
3	6	22
3	7	22
5	6	22
2	3	21
4	8	24
4	9	23
4	9	25
9	12	28
6	5	25
7	5	26
7	9	24
1	3	22
6	10	31
2	4	20
2	4	22
2	6	21
2	6	20
0	14	91
0	13	90
5	9	26
3	5	22
2	7	22
0	6	91
0	8	90
5	8	22
3	9	25
4	9	30
2	6	21
8	11	27
0	6	89
0	7	90
3	6	22
3	6	20
7	9	27
2	5	20
2	6	20
6	11	30
0	7	90
0	10	91
7	9	28
5	9	23
3	6	22
2	5	23
2	6	23
3	5	23
3	6	22
5	7	27
3	6	24
3	7	23
3	6	25
4	8	23
4	5	26
5	6	24
5	8	26
6	9	25
6	10	25
8	10	30
0	6	20
3	8	21
2	4	20
2	4	23
1	5	21
1	6	22
2	3	21
6	9	30
5	8	30
4	6	23
3	6	20
2	6	21
2	5	20
8	8	30
1	-1	91
3	6	24
6	9	25
5	6	24
7	8	24
3	7	23
2	7	22
10	12	35
1	3	22
2	6	23
2	5	22
7	10	31
2	8	21
2	7	21
2	8	21
0	20	91
5	7	22
2	6	21
3	5	23
14	20	45
10	18	37
10	17	38
9	15	36
1	4	21
0	2	21
3	10	25
3	7	23
7	9	25
2	6	21
2	6	22
2	8	23
0	7	91
10	16	32
5	12	28
2	5	21
2	7	23
1	5	21
2	27	90
1	26	90
4	8	23
5	13	31
3	5	23
5	10	27
3	8	24
10	13	33
3	8	23
5	10	27
6	8	26
3	7	24
4	9	25
4	7	24
9	12	31
8	11	29
2	3	21
0	5	25
1	6	25
1	5	23
0	2	20
1	3	21
3	6	22
4	7	24
7	9	30
3	11	26
4	7	25
3	7	25
5	9	25
4	9	24
4	8	23
4	7	23
4	7	23
6	8	24
0	12	90
0	5	90
6	11	26
8	13	32
8	10	27
6	11	27
8	12	30
8	10	27
7	9	26
6	10	25
2	5	23
5	8	23
2	7	23
4	8	28
3	5	24
3	8	25
3	5	24
4	8	26
4	12	30
5	8	26
5	9	26
3	8	26
6	9	30
5	10	30
5	10	26
6	9	25
3	8	23
0	3	20
8	15	36
5	10	26
5	10	26
4	10	25
2	7	25
4	7	24
2	8	24
1	6	20
2	7	22
5	9	22
3	7	22
1	6	21
0	4	90
7	9	27
5	10	25
5	10	25
4	7	26
5	6	22
8	8	30
6	10	30
6	11	27
9	11	32
5	11	29
5	7	25
3	8	22
4	9	23
9	11	33
8	11	32
2	5	20
2	5	21
10	16	36
6	7	26
4	10	25
4	14	30
6	13	32
2	7	21
8	18	39
1	5	21
6	8	26
3	7	24
7	14	32
3	6	23
5	5	25
4	6	23
3	7	22
9	12	32
6	11	24
2	7	25
2	9	24
3	7	24
2	5	21
4	11	27
3	9	24
3	10	23
4	10	27
4	9	24
2	10	24
5	10	23
5	10	30
6	9	24
1	7	23
3	7	24
7	12	31
5	13	30
6	12	32
7	9	32
5	9	25
5	9	24
6	9	30
4	9	30
1	4	20
0	27	91
7	10	26
6	9	25
6	9	31
8	12	32
7	15	29
7	13	31
2	8	23
3	8	22
3	7	20
7	10	26
0	8	90
2	4	21
11	14	39
4	12	30
3	9	26
2	7	25
2	7	24
2	8	23
2	7	22
5	8	25
4	8	23
6	10	26
6	8	26
4	8	25
0	7	90
3	7	20
1	10	91
0	10	90
6	10	27
6	10	26
3	7	22
4	8	24
5	8	31
7	7	31
5	5	24
6	5	24
4	5	25
4	5	26
3	9	24
4	9	23
9	12	36
4	8	24
3	9	22
4	5	22
5	10	25
1	3	22
3	8	22
4	6	23
4	10	24
3	6	24
4	6	24
5	6	23
5	8	25
5	7	24
6	11	29
5	10	24
4	8	25
8	11	30
2	6	23
3	8	23
6	10	26
4	8	22
3	7	22
2	7	22
2	4	21
2	4	21
4	7	23
4	6	23
7	12	27
6	10	26
6	9	29
6	10	30
0	13	85
0	14	90
2	4	20
5	9	26
6	8	26
9	12	34
1	5	21
9	13	33
8	10	31
2	4	20
2	7	22
2	6	21
5	9	24
3	10	25
2	7	24
5	5	27
8	9	30
4	9	25
2	6	21
0	15	91
0	15	91
1	27	91
0	6	20
2	4	21
1	4	22
0	4	21
4	9	24
4	8	22
1	6	21
4	7	26
3	8	27
6	8	31
4	7	21
4	9	24
3	8	22
4	6	24
3	6	23
3	7	22
3	6	22
4	9	26
8	12	31
5	9	24
2	6	20
6	9	27
4	8	24
4	9	24
5	9	26
4	9	30
4	7	30
6	12	30
3	6	24
2	5	23
6	7	24
7	14	34
8	10	28
6	8	21
2	7	22
5	9	23
4	9	24
4	8	23
2	6	20
3	27	91
1	6	21
1	26	90
4	7	23
4	5	21
6	10	30
3	8	22
8	9	31
7	8	25
0	17	90
0	9	91
3	8	21
11	14	30
3	6	21
7	9	24
5	8	24
11	13	38
3	6	22
7	15	33
2	5	21
2	7	21
3	6	21
4	8	23
2	5	21
2	5	20
7	10	28
7	9	27
4	9	23
4	7	23
6	8	22
8	9	30
8	8	28
7	9	28
8	10	28
6	8	27
8	9	32
3	8	23
2	7	21
2	5	21
4	7	22
4	8	23
4	10	23
9	10	32
11	11	32
10	15	36
12	13	35
6	9	28
6	10	26
4	7	24
4	6	23
4	7	22
8	12	28
3	7	25
3	6	22
8	12	31
1	5	21
8	12	31
3	5	22
8	8	30
7	9	30
3	8	28
3	7	21
13	-1	90
11	13	35
9	12	32
7	12	30
9	14	33
9	13	32
8	10	28
8	11	31
8	12	29
7	12	34
0	7	91
4	8	24
3	7	22
2	5	22
4	8	24
3	8	22
4	7	25
3	7	22
3	6	22
4	6	22
3	11	26
6	8	25
2	6	22
5	10	27
1	7	21
2	5	23
4	5	22
9	12	41
9	12	39
7	10	31
3	8	23
2	6	22
3	5	22
3	9	22
4	8	23
3	8	22
5	8	23
6	10	23
7	14	37
11	10	37
3	5	20
5	7	24
4	7	21
3	4	21
3	7	23
5	12	25
4	9	26
4	9	24
4	9	24
3	8	21
0	10	91
0	8	90
4	10	24
3	8	22
3	9	21
5	10	34
5	8	24
4	8	26
0	10	91
0	10	90
7	8	28
2	5	22
4	9	24
3	7	23
4	8	22
3	6	23
5	9	31
3	8	24
5	9	27
3	7	26
6	9	25
3	7	22
4	9	26
4	5	26
3	4	22
7	11	30
4	8	22
9	13	34
4	8	24
3	7	23
2	6	21
7	10	34
5	10	29
5	7	25
5	8	26
5	7	25
4	7	24
3	5	23
4	6	22
2	7	22
4	9	25
8	11	34
5	14	26
3	8	23
8	11	34
4	7	25
6	12	30
7	12	31
3	7	21
1	11	90
2	4	20
2	6	21
3	7	22
6	11	30
5	9	30
4	8	24
2	5	21
2	5	21
3	5	22
1	6	91
0	6	91
3	4	23
3	7	22
5	8	25
4	6	23
10	11	31
0	7	21
0	5	20
1	4	24
5	7	27
4	8	25
5	10	26
7	12	31
6	9	25
5	11	26
6	12	29
6	10	26
5	8	26
4	9	24
9	10	32
3	7	22
3	8	25
2	5	21
2	4	20
3	6	23
3	6	23
2	5	22
9	13	31
8	13	33
8	11	37
9	10	37
7	8	31
9	11	39
7	8	29
5	8	29
6	13	34
6	7	26
1	6	23
2	6	22
4	11	26
1	6	21
1	4	20
2	6	21
4	8	23
4	7	22
6	13	27
3	6	21
5	7	24
3	6	22
3	5	22
3	7	26
4	7	25
5	8	22
8	11	30
2	6	21
2	5	20
3	6	26
3	6	23
3	6	22
3	6	24
7	10	26
2	6	22
2	6	21
4	8	30
0	34	90
0	35	90
5	7	25
5	10	30
3	6	21
3	6	20
3	7	24
3	7	23
6	8	28
7	9	28
8	10	31
2	5	24
2	4	21
11	12	33
6	9	26
6	7	23
6	9	25
2	7	22
2	8	23
3	8	22
11	10	35
2	7	21
3	4	22
9	8	33
4	9	24
2	7	22
6	8	31
9	7	30
8	7	27
8	7	27
2	4	21
3	10	23
4	7	23
4	11	25
3	7	23
6	9	28
3	5	23
6	12	32
2	7	22
6	8	27
11	11	34
4	14	30
5	15	31
5	11	25
4	8	25
4	6	23
5	8	23
2	4	20
7	9	26
8	10	31
3	7	22
4	7	23
3	6	23
6	7	27
7	10	32
6	10	26
7	10	25
9	12	34
5	9	24
1	4	21
4	7	24
5	7	32
8	14	32
3	6	21
5	8	30
5	5	22
4	9	23
7	9	31
5	10	25
9	13	35
11	11	33
6	12	26
6	7	25
7	8	26
8	9	27
9	12	32
8	12	31
6	10	30
7	11	27
6	11	27
1	3	21
6	9	30
3	7	23
4	8	23
5	10	26
2	4	20
2	4	23
9	10	34
8	9	28
7	9	30
4	7	21
2	6	23
4	7	21
4	9	23
5	13	30
3	9	24
4	9	28
9	13	35
1	4	22
0	14	91
5	7	25
11	13	36
6	14	32
4	5	23
4	5	22
1	6	21
5	6	24
5	8	25
8	10	27
6	9	26
5	10	25
5	9	24
6	9	23
2	6	20
2	6	23
1	4	21
4	8	22
6	10	30
5	11	27
1	6	24
6	12	27
3	7	21
5	16	34
7	8	26
1	5	20
4	6	25
7	10	31
2	6	21
2	6	20
6	10	31
3	6	22
6	13	30
2	5	21
4	8	23
4	7	21
6	10	28
6	11	26
7	10	26
7	12	31
7	8	27
5	7	22
6	15	33
7	12	28
3	17	33
4	7	21
4	7	22
7	10	27
9	10	36
8	10	31
9	13	36
5	10	27
9	12	29
4	5	23
7	8	24
2	5	22
4	8	31
3	8	25
3	9	27
4	9	26
5	8	25
3	6	24
3	8	23
6	13	34
5	11	26
2	8	25
2	6	20
2	6	24
2	6	22
1	-1	91
2	20	91
7	10	33
2	4	20
5	9	23
9	14	32
0	13	91
9	14	32
1	6	21
2	6	21
2	4	22
9	14	31
5	8	26
4	8	24
4	8	25
3	7	25
2	7	24
5	8	23
2	5	21
6	10	24
5	10	31
9	11	38
6	13	35
1	6	22
6	8	26
5	7	26
4	7	25
2	9	23
0	3	20
7	9	23
2	6	22
1	3	20
6	9	25
5	5	24
0	41	91
10	13	32
5	6	25
8	10	25
6	10	28
7	9	31
2	3	21
0	2	21
4	7	25
4	6	24
2	6	20
4	7	23
5	10	27
5	10	25
2	6	21
4	4	24
2	5	22
2	5	21
3	4	25
2	7	22
3	7	23
6	7	25
5	8	26
6	9	27
6	10	26
5	10	26
5	9	24
4	7	24
7	11	30
6	9	26
11	16	36
6	9	24
5	9	25
4	8	24
6	8	26
6	11	28
3	6	22
3	4	23
1	2	21
3	7	25
3	9	24
5	10	25
4	8	25
3	5	22
4	6	23
5	10	28
2	4	23
3	8	23
5	6	30
2	6	22
4	8	24
3	7	21
4	8	30
3	6	22
4	7	23
5	9	25
3	6	24
8	12	38
6	11	31
5	5	23
2	7	23
3	7	22
3	8	25
5	9	25
6	10	25
6	13	31
5	11	30
4	21	90
7	11	35
6	9	24
6	14	32
1	3	20
3	7	24
4	10	26
4	7	24
5	6	23
5	7	25
1	2	22
4	5	24
3	6	22
5	5	26
5	7	26
4	5	25
4	5	24
2	5	21
6	10	30
8	11	32
1	5	22
5	8	24
2	2	22
2	5	21
4	4	23
10	11	32
8	10	30
10	10	34
7	8	31
7	13	32
2	7	23
8	12	29
5	10	30
5	9	30
7	12	28
6	8	25
5	6	24
5	7	26
6	8	24
2	8	23
3	7	22
6	13	30
5	9	26
0	35	90
2	8	22
3	7	21
7	10	27
6	10	28
4	6	23
4	-1	91
5	31	91
5	8	25
3	7	23
3	9	25
5	8	24
5	12	31
8	12	31
6	8	28
8	12	30
4	10	24
2	4	22
3	6	22
2	6	24
2	5	21
2	7	22
1	7	90
9	11	32
8	9	28
8	9	28
8	8	26
3	6	24
7	9	32
6	8	30
3	7	27
2	6	22
8	10	26
4	6	22
4	7	26
2	4	20
7	12	30
3	7	23
4	6	22
2	4	21
0	6	90
7	10	28
3	6	24
2	6	24
3	7	24
4	7	25
4	6	23
3	7	24
8	15	31
5	7	32
1	7	23
2	7	22
1	4	20
5	9	26
7	9	26
4	5	23
4	8	24
7	8	29
8	10	27
8	12	33
6	8	30
5	7	25
3	7	24
7	8	25
2	5	21
0	4	22
0	8	90
0	9	90
7	14	30
12	13	42
2	6	23
0	5	22
1	6	26
0	4	21
9	12	33
6	12	30
5	13	26
2	5	21
2	5	22
5	10	24
2	7	21
2	7	21
3	8	22
2	6	20
3	7	22
6	8	25
4	6	24
9	14	33
9	11	34
6	12	31
2	8	22
7	10	28
4	9	22
5	8	24
8	9	24
9	10	31
7	13	30
8	10	27
4	10	25
3	10	25
7	11	30
2	8	25
2	8	21
8	9	27
5	10	26
5	10	26
9	12	39
3	6	22
6	9	23
2	5	20
7	9	30
0	6	90
5	9	24
7	10	26
5	7	24
1	2	22
0	8	90
1	9	90
2	3	23
1	4	22
6	12	28
6	10	24
3	7	23
6	10	26
7	10	31
6	8	24
5	11	24
4	8	23
4	7	22
3	7	23
5	7	24
5	7	23
4	11	26
4	11	30
5	10	25
6	6	28
9	8	27
7	9	28
6	9	27
3	6	22
5	8	24
5	10	30
2	7	22
7	11	25
4	4	22
9	13	31
3	6	22
3	6	22
1	6	21
6	9	31
7	9	27
8	9	29
3	8	23
4	5	25
4	7	25
2	7	21
4	9	25
0	10	90
4	5	21
4	9	24
11	17	42
3	8	23
2	7	22
2	7	21
6	8	25
4	9	26
4	9	24
1	-1	91
7	9	24
2	4	22
7	10	28
6	11	28
9	12	30
10	11	30
7	10	28
3	6	21
7	9	28
4	8	22
9	14	35
5	12	30
4	8	20
9	10	27
0	4	91
0	3	91
2	7	23
3	7	22
4	7	22
4	8	23
4	7	23
6	7	27
2	8	23
2	7	21
2	9	23
4	4	22
5	14	31
7	10	30
7	6	34
5	7	24
4	6	24
6	10	33
6	12	29
1	5	23
2	4	22
1	3	21
5	7	22
4	7	22
8	13	39
1	5	21
3	8	22
6	7	27
2	11	23
4	10	26
3	5	21
8	11	29
8	12	30
4	9	22
11	15	34
12	12	36
2	5	21
3	5	23
5	11	30
5	8	25
8	13	34
4	7	25
2	6	21
5	11	31
6	8	25
2	6	24
4	6	24
5	5	24
4	7	25
6	6	26
8	10	28
2	7	21
3	7	26
3	6	24
6	10	23
5	11	26
6	6	24
2	7	22
5	11	26
2	8	23
5	12	28
2	9	20
8	8	28
2	7	22
4	12	30
6	12	30
2	6	22
3	8	23
4	8	23
4	11	24
4	8	23
4	4	22
6	11	26
3	7	26
1	7	22
1	5	20
0	6	21
5	7	25
7	10	26
1	8	20
2	7	22
2	7	23
2	5	23
3	7	24
1	4	21
1	3	20
1	3	22
0	5	21
7	12	31
5	12	30
1	6	24
1	5	23
1	4	22
1	5	22
0	3	22
0	5	22
1	4	22
1	3	20
3	11	24
2	9	24
4	8	26
2	8	23
3	9	25
3	6	20
2	7	23
5	8	25
5	8	25
4	5	21
2	5	20
3	5	22
5	10	23
3	7	22
5	8	23
3	6	22
3	6	21
6	7	23
5	8	26
8	7	31
3	15	27
3	5	22
3	7	23
5	23	90
4	8	23
5	10	30
5	10	31
1	4	21
6	13	35
0	11	91
2	6	22
8	10	30
3	5	23
9	13	33
1	4	22
5	12	27
2	8	25
4	8	23
5	10	24
3	8	24
4	6	24
4	9	25
5	8	24
7	9	25
1	5	22
3	4	23
3	8	23
6	7	28
4	8	22
1	3	20
6	13	33
2	8	23
3	8	22
3	7	21
2	4	21
1	4	21
0	3	20
3	9	24
2	7	24
6	8	26
10	12	29
9	11	31
9	10	31
3	7	24
3	8	23
4	7	25
13	15	39
2	5	21
9	11	35
2	4	21
6	10	24
2	7	22
7	15	33
2	8	23
2	4	20
5	11	31
3	7	23
2	6	23
4	7	24
2	6	21
10	10	35
4	8	22
9	15	31
1	2	21
4	12	26
5	10	24
4	7	23
6	10	26
6	9	25
6	9	26
1	5	20
4	6	21
7	8	26
2	3	21
4	8	25
4	7	22
3	8	23
3	11	26
3	8	24
2	7	22
4	9	25
3	9	22
3	8	23
2	6	22
2	7	20
1	19	91
5	9	30
6	10	30
6	10	31
0	4	21
0	5	21
1	7	24
2	4	26
0	2	24
0	2	22
1	2	22
1	2	21
0	1	21
1	3	22
3	6	20
0	11	89
0	12	90
3	5	21
2	10	30
2	4	21
3	4	20
2	5	21
1	4	20
7	7	26
4	6	22
6	10	27
9	12	35
5	6	25
8	11	28
2	5	22
3	9	24
4	6	23
4	7	25
7	13	26
4	7	23
4	8	24
7	6	27
8	9	26
6	9	30
3	5	24
4	7	24
0	5	91
0	4	91
5	8	30
3	7	25
3	6	23
2	6	22
2	5	21
1	7	22
2	5	21
2	5	25
5	9	26
4	8	24
7	7	24
4	8	24
1	5	21
1	3	20
5	9	24
2	4	22
2	6	23
2	7	25
2	7	22
2	5	21
4	8	24
2	6	24
3	6	23
4	6	24
4	5	24
3	5	23
1	7	20
4	8	27
9	11	36
4	8	23
3	7	22
5	8	24
4	8	23
3	6	22
7	12	32
0	4	22
0	5	20
5	10	28
7	8	27
10	10	31
8	10	31
5	8	22
2	4	20
5	8	25
8	15	35
6	11	30
7	11	30
0	4	21
9	12	35
5	8	24
6	8	26
3	6	21
1	4	20
3	8	22
2	7	21
6	8	26
4	7	25
3	6	20
0	4	22
4	8	27
4	15	33
5	8	26
1	8	25
6	12	31
1	5	22
1	4	21
0	4	20
4	5	22
2	6	22
3	7	23
3	7	24
6	8	31
3	6	23
2	6	22
4	8	23
4	7	24
4	8	24
0	15	91
0	13	90
9	11	32
8	11	31
1	4	21
2	2	21
4	7	24
4	5	23
2	4	25
2	3	24
2	4	23
1	3	22
5	6	23
3	6	24
2	7	23
3	5	23
4	5	24
4	4	23
3	4	21
2	3	21
6	7	26
6	7	26
6	8	26
6	9	25
7	26	91
6	26	91
1	4	21
2	6	22
5	6	23
3	6	22
5	9	25
7	12	30
4	6	24
3	8	22
2	6	21
2	8	24
4	8	26
0	9	90
0	4	90
3	7	28
5	8	24
1	4	24
1	3	23
1	3	23
2	5	21
1	4	20
9	10	26
7	10	24
1	4	21
8	11	33
3	5	22
10	9	33
1	5	21
2	7	23
3	7	26
7	10	34
0	14	91
0	14	91
4	7	25
3	5	25
2	7	25
2	6	22
8	14	32
4	12	27
3	5	23
4	5	23
0	34	91
0	34	90
2	6	22
6	9	27
3	6	22
6	9	31
4	8	27
3	4	22
6	4	32
4	7	26
0	21	90
4	5	21
6	9	26
3	5	20
0	4	21
3	6	24
3	7	23
0	3	20
3	4	23
2	4	22
6	9	30
2	5	23
4	9	24
4	10	24
5	9	24
3	6	21
2	6	22
3	6	21
1	4	24
1	4	23
0	3	22
0	3	21
4	9	24
0	4	22
0	4	21
2	4	21
2	4	20
0	7	88
0	4	90
2	6	22
1	5	20
1	13	91
1	12	91
3	5	23
4	9	25
3	8	26
6	10	25
1	23	90
2	6	21
4	9	27
3	6	22
4	7	25
4	6	24
5	7	24
3	4	21
2	4	22
2	4	22
3	7	22
3	5	22
4	8	26
4	9	30
4	8	30
4	7	26
2	6	21
3	11	25
2	7	23
8	9	26
2	7	23
0	6	90
4	7	27
5	9	30
5	7	23
8	9	30
6	9	31
6	9	30
6	10	34
6	8	31
6	8	30
6	8	27
7	7	28
9	8	32
6	7	31
3	5	24
5	10	23
8	13	34
2	5	20
3	6	21
1	2	22
6	7	25
2	4	23
5	9	26
4	6	21
6	14	35
2	4	23
2	4	23
10	13	33
3	7	21
7	8	27
8	13	29
2	7	23
6	7	24
5	9	26
1	5	39
3	8	22
5	7	22
5	9	24
3	9	24
3	7	23
3	8	23
2	7	22
2	7	21
2	4	21
0	6	91
0	13	90
3	5	25
0	3	22
3	7	20
2	29	87
6	7	24
2	6	22
4	5	22
2	4	21
0	3	21
8	11	33
9	9	31
4	7	26
4	7	24
0	37	90
2	5	21
3	5	22
3	5	20
6	8	30
10	11	35
7	8	30
5	6	38
2	6	23
3	7	21
3	5	21
5	8	25
4	10	25
5	10	29
5	8	33
4	8	30
4	8	27
3	8	22
2	4	21
4	6	30
6	8	27
5	7	22
5	10	30
4	9	23
3	5	23
10	10	32
1	4	21
6	9	26
6	8	24
6	8	26
3	3	23
2	5	23
2	5	22
4	7	23
2	6	22
1	4	21
6	9	26
3	5	25
3	8	21
2	8	21
3	8	21
4	7	21
4	11	30
4	6	25
4	6	25
6	11	30
7	12	33
0	6	20
8	11	35
6	9	33
3	7	22
3	8	23
2	5	21
4	9	22
5	8	30
4	6	23
1	8	82
3	6	21
5	11	30
7	10	31
4	9	24
2	5	23
3	6	24
2	6	21
4	8	25
3	5	21
2	5	22
4	7	24
4	6	24
4	8	24
4	8	24
2	5	23
4	5	25
6	12	29
1	30	89
4	22	90
8	10	32
0	5	21
3	6	24
8	13	35
5	8	25
2	7	23
1	5	21
3	5	24
1	6	26
6	9	27
0	9	91
0	9	90
2	7	25
0	3	20
2	4	22
0	4	90
1	16	91
1	5	23
3	8	22
3	5	22
3	10	30
3	7	22
3	7	21
3	6	20
3	9	25
3	8	24
2	7	22
3	6	25
2	5	24
2	6	23
2	4	22
1	6	21
3	7	24
2	5	21
5	5	24
4	4	24
6	4	26
4	7	24
2	7	22
2	7	22
5	7	28
2	5	21
6	7	27
7	9	27
6	12	32
4	8	22
1	6	22
3	6	22
3	6	23
2	7	21
3	5	20
0	12	90
8	12	31
3	7	22
4	6	23
5	9	25
7	9	30
3	5	22
2	8	26
1	5	20
2	3	23
2	4	21
2	8	22
0	5	23
2	4	23
4	9	25
3	6	23
1	7	22
1	4	21
2	7	22
3	5	23
7	10	28
1	35	91
2	7	24
8	11	36
10	9	36
8	11	33
7	8	34
7	10	32
6	8	30
6	11	32
3	5	22
0	8	90
0	10	90
6	7	27
0	2	22
8	11	29
2	6	21
2	7	22
1	7	23
2	6	22
0	14	91
7	10	30
8	11	31
3	7	23
7	12	28
3	4	21
3	7	24
3	7	21
3	7	21
3	6	24
3	6	24
6	8	30
3	5	23
3	5	22
3	6	22
2	5	21
2	6	23
2	5	21
5	9	27
7	8	30
4	8	24
2	7	24
2	7	23
0	1	91
3	7	23
3	7	22
3	10	26
4	9	22
3	8	24
4	7	25
3	7	22
3	7	21
2	6	20
7	10	29
6	9	29
5	12	30
4	7	22
3	9	22
5	7	24
1	4	22
4	10	24
2	8	22
6	10	30
3	7	25
8	11	34
2	3	22
1	2	22
1	4	20
1	5	22
1	5	21
4	7	24
5	10	30
3	8	26
2	6	21
0	6	90
0	7	91
4	9	24
5	10	26
4	7	23
3	6	20
2	6	25
2	5	24
6	11	32
3	6	24
6	9	25
10	19	38
7	10	32
11	14	37
9	15	36
4	16	33
8	11	35
6	10	30
5	9	26
9	8	29
4	36	89
4	5	22
9	8	29
1	4	22
5	6	24
5	5	24
7	7	25
2	2	21
3	6	23
5	13	30
7	10	31
1	4	21
3	5	20
0	4	20
3	6	21
6	21	90
4	10	24
1	8	21
4	7	23
4	10	24
1	7	21
5	6	23
2	4	21
2	6	21
4	7	25
3	6	23
3	6	24
3	6	26
2	3	21
2	3	22
2	7	21
4	8	28
2	5	21
5	9	26
5	7	26
5	5	26
4	7	24
0	4	20
3	5	21
0	2	21
6	8	26
0	7	65
0	-1	90
0	12	90
0	9	90
0	13	90
0	11	90
6	7	26
4	11	32
5	10	30
6	11	31
5	12	32
6	9	25
3	10	25
2	10	24
4	9	24
1	2	21
5	7	22
4	7	26
8	12	35
1	4	23
1	4	22
2	4	21
1	4	20
7	8	32
0	2	54
1	4	22
4	13	31
0	8	90
0	7	90
4	8	26
4	8	24
3	8	24
5	9	26
4	8	26
5	8	26
4	8	26
3	13	30
6	8	30
5	8	30
6	8	31
6	8	30
1	3	22
2	4	22
1	6	21
2	10	24
4	9	24
4	9	25
0	10	88
7	8	27
3	4	24
3	4	23
4	7	23
3	7	21
1	4	21
1	5	22
2	27	90
4	6	30
1	3	24
1	3	22
1	4	23
4	8	23
3	7	24
0	10	90
8	9	36
0	11	90
0	12	91
1	6	21
6	10	25
4	10	24
5	9	25
5	9	24
5	10	26
3	7	26
4	7	23
5	9	23
2	5	21
6	8	27
6	8	26
5	11	27
7	9	26
0	2	22
1	7	22
0	24	91
2	5	22
2	5	20
3	8	23
0	5	21
6	8	21
1	5	21
6	9	31
5	6	25
3	5	24
9	9	30
1	4	20
7	11	34
8	12	32
1	37	91
2	6	23
10	13	37
7	11	30
6	6	31
2	6	21
1	5	20
6	9	26
5	6	23
3	5	22
2	6	21
1	5	22
5	7	24
1	6	21
1	7	23
2	6	21
2	6	21
3	7	20
6	10	30
2	9	26
8	10	31
4	5	26
7	12	28
3	6	20
7	11	29
6	7	30
7	8	27
6	8	26
5	11	30
2	4	21
2	3	21
3	7	24
3	6	22
4	10	24
4	6	22
3	7	24
0	11	91
0	17	80
3	9	24
3	8	21
4	7	21
2	5	23
0	3	91
0	3	91
2	7	23
4	6	21
1	3	20
0	6	20
0	2	23
3	5	21
6	8	30
5	10	28
6	10	26
4	10	26
2	8	25
3	6	24
4	6	24
4	7	24
7	10	30
7	9	29
2	8	23
3	8	20
7	11	32
3	7	22
1	4	21
2	6	21
3	6	23
3	6	21
0	11	91
0	17	91
3	7	24
9	15	34
2	7	22
3	6	20
7	13	30
7	11	30
6	9	25
5	8	26
5	10	25
3	7	24
7	10	28
8	13	33
9	13	34
2	4	22
2	4	21
2	4	22
5	7	24
4	6	22
4	6	24
4	7	23
3	6	22
3	6	21
1	8	22
2	5	23
3	6	23
6	12	28
7	9	25
3	9	26
4	7	22
8	9	30
2	4	21
0	4	20
3	5	23
6	9	25
1	7	24
3	4	22
3	8	23
3	3	22
2	2	23
2	6	22
5	9	25
0	5	89
0	10	91
5	8	25
4	13	31
8	12	30
3	5	23
3	5	22
2	3	20
2	2	21
3	5	22
3	6	21
0	4	22
4	7	24
7	12	34
3	6	24
0	2	20
4	8	24
5	11	25
4	6	21
4	8	25
1	7	22
0	4	22
7	6	34
3	6	23
3	7	23
3	7	21
2	5	24
1	5	21
1	4	20
2	4	23
6	17	34
1	5	23
1	2	21
2	4	22
1	7	20
3	5	23
6	9	26
2	6	23
3	5	22
1	3	20
6	7	26
3	7	26
3	6	24
4	6	25
2	7	24
3	9	85
4	4	22
3	5	21
4	8	24
2	6	25
0	5	90
0	4	91
3	5	22
4	5	25
2	5	22
7	8	27
6	7	27
5	7	25
6	6	24
5	8	25
5	6	26
3	6	24
4	5	23
4	7	22
2	5	21
5	6	24
3	8	22
5	7	26
4	7	24
5	10	31
5	7	27
3	7	25
3	6	24
3	7	24
3	5	22
2	6	22
6	10	32
4	8	24
5	9	26
5	9	25
0	6	90
2	5	22
4	7	23
5	7	25
5	6	24
2	1	22
2	6	20
2	5	20
7	8	26
4	5	21
4	5	23
3	4	22
4	5	21
3	6	24
5	9	30
6	7	32
5	7	32
4	8	30
3	5	22
4	7	27
5	11	33
8	11	33
12	13	36
3	6	24
4	6	26
5	6	24
5	7	25
7	10	26
0	13	90
0	5	22
0	5	23
0	5	21
4	7	22
3	6	22
4	9	23
2	5	22
6	8	26
5	7	26
3	6	24
3	7	25
1	4	21
2	7	20
2	7	21
0	2	21
5	6	23
9	13	33
2	7	22
3	7	21
3	6	22
3	8	30
2	5	22
2	6	21
3	8	24
1	3	22
2	3	21
10	11	32
1	13	90
0	12	91
3	8	23
1	7	90
3	7	21
5	21	90
5	8	25
6	8	25
4	7	24
3	7	24
1	2	20
9	10	27
7	8	30
4	8	26
4	9	22
1	5	24
4	11	26
10	27	91
3	6	24
3	7	22
3	6	22
3	5	22
2	4	21
8	48	90
3	5	23
3	5	23
2	7	23
3	6	22
3	7	23
3	7	23
4	6	25
3	5	24
2	6	26
3	7	25
3	5	20
3	5	21
6	9	24
9	13	35
1	4	22
5	6	24
9	12	35
5	11	28
5	13	32
5	9	27
6	12	30
6	10	30
6	10	26
3	6	23
4	7	23
3	4	23
4	7	23
3	7	22
3	8	27
1	3	23
1	4	21
1	4	21
2	8	23
3	7	23
3	8	22
5	9	23
6	10	27
2	6	24
3	8	24
5	8	31
6	14	35
7	8	27
5	9	24
5	9	27
2	5	22
8	9	31
8	8	28
4	10	24
0	3	20
2	5	23
1	5	21
0	4	22
2	5	24
5	7	23
5	8	23
6	11	30
6	10	30
2	5	24
5	8	25
2	8	25
2	10	25
4	8	23
11	13	33
10	10	29
8	8	31
6	15	34
7	14	34
8	16	36
7	13	32
8	16	34
8	35	91
5	33	91
6	33	91
4	34	91
4	34	91
4	33	91
4	33	91
4	9	23
4	9	23
8	9	30
3	7	22
5	6	24
6	13	30
7	8	25
1	4	22
3	6	22
3	6	22
6	9	30
4	9	21
6	6	24
6	8	28
5	5	22
5	6	22
1	11	91
5	8	34
4	12	28
6	8	24
6	8	25
6	8	24
4	8	23
2	5	22
2	4	21
3	6	23
4	7	24
4	7	22
3	7	24
3	7	24
3	8	25
7	14	32
6	11	29
3	6	23
3	7	23
3	6	22
2	6	22
0	1	24
4	7	22
3	8	22
5	9	24
3	7	22
2	3	21
6	12	30
4	9	26
5	8	24
6	9	25
1	5	20
3	5	21
11	15	37
11	15	36
9	13	33
8	15	34
10	12	33
9	13	32
9	14	32
9	12	33
10	10	32
9	10	31
9	10	30
8	10	31
9	14	30
2	7	22
2	7	23
3	7	27
3	7	23
2	5	21
5	12	33
0	13	91
0	8	91
5	8	25
3	13	30
9	12	32
1	7	20
7	7	25
9	13	34
9	11	33
9	11	32
9	12	34
8	11	29
9	13	31
2	7	21
9	11	30
6	10	25
7	9	26
6	9	30
5	7	24
4	9	23
4	9	22
4	10	24
2	7	22
3	7	24
3	6	25
5	7	25
8	12	32
5	9	26
3	6	22
3	6	22
4	7	24
9	9	35
2	7	21
3	8	23
9	12	31
8	8	30
7	9	27
4	6	25
2	4	22
3	5	24
7	10	32
5	9	25
4	9	30
10	10	32
3	7	23
2	6	22
2	7	22
0	26	90
2	6	23
2	4	24
6	7	24
3	6	25
5	7	24
2	5	23
3	6	22
2	8	23
4	7	23
8	11	32
9	13	33
4	9	26
5	10	25
4	9	23
2	9	23
10	12	38
7	10	31
8	11	34
7	10	32
8	11	33
7	10	30
4	10	23
8	15	34
6	9	28
10	14	37
8	9	30
8	12	28
3	7	23
3	7	22
1	2	21
4	5	22
4	6	21
4	7	23
4	7	21
4	7	21
6	8	25
6	7	25
7	9	26
6	7	30
2	7	20
10	8	34
8	8	31
9	9	36
9	9	30
7	7	28
9	9	35
8	8	29
9	9	28
9	9	28
10	9	31
11	9	30
9	10	33
8	8	30
8	8	31
7	8	31
9	8	31
1	6	23
2	9	21
2	4	22
2	7	22
2	6	20
2	8	22
3	6	26
3	5	24
0	11	89
2	6	25
0	14	90
0	14	91
2	4	20
6	11	30
6	7	23
0	4	21
5	10	26
3	6	24
8	8	33
5	8	26
7	9	27
3	8	21
2	5	22
0	9	91
5	7	25
6	12	31
9	13	31
0	26	90
3	6	21
7	11	27
2	8	24
5	11	32
3	7	22
9	9	31
9	9	29
2	17	75
0	10	75
3	9	22
4	9	23
10	13	35
0	9	81
1	11	81
6	8	25
2	4	21
3	6	23
2	6	25
2	7	22
2	6	23
5	9	25
1	36	90
8	8	33
9	10	31
9	10	35
10	9	33
7	11	31
0	6	39
4	5	23
1	4	22
2	5	21
2	5	20
0	3	20
0	2	22
0	3	21
3	10	35
5	7	24
3	6	23
7	7	31
4	7	25
0	13	90
0	9	90
3	10	23
3	3	23
2	5	21
3	7	32
7	12	30
4	8	22
0	10	90
0	10	91
2	6	21
9	9	32
1	10	91
7	8	31
5	5	22
3	5	26
7	10	25
4	5	23
2	38	90
3	5	24
12	13	38
1	5	20
1	2	22
2	7	22
5	6	22
6	8	26
2	3	23
8	7	27
7	10	28
4	7	24
3	6	25
4	9	24
3	7	26
1	4	21
2	5	22
3	6	23
2	17	91
3	5	24
0	-1	90
7	9	25
1	4	20
1	4	20
7	10	31
8	14	34
7	13	33
7	13	32
7	13	33
6	11	30
7	12	28
7	13	31
8	13	31
5	9	30
3	4	22
1	2	22
4	7	28
2	6	23
3	6	25
0	4	21
5	9	23
0	2	20
5	6	27
3	8	24
6	7	26
2	5	21
2	5	22
2	4	20
5	9	23
0	15	90
4	4	23
5	8	31
4	6	23
0	10	90
0	6	90
2	3	23
5	4	34
3	3	25
5	5	32
2	5	23
2	9	23
5	6	23
6	8	30
4	6	26
3	7	24
1	7	25
8	8	33
4	8	22
0	3	20
2	5	21
6	10	31
5	6	27
3	7	23
5	5	24
1	4	21
6	9	32
5	8	27
0	13	91
3	4	25
10	13	33
6	11	27
0	14	90
4	9	24
4	5	23
1	6	90
0	11	91
4	6	26
0	6	22
3	7	23
3	7	22
2	5	23
2	6	21
2	7	24
3	6	23
3	6	24
3	4	22
3	4	21
1	4	23
4	6	24
3	5	24
2	6	21
3	5	21
3	6	22
2	5	25
1	4	23
1	3	21
4	7	24
4	7	25
3	7	24
4	7	24
2	6	23
3	4	23
2	5	22
0	8	90
0	1	21
0	4	21
0	10	90
0	12	91
4	4	30
4	6	24
4	7	24
3	5	20
6	6	30
1	4	22
8	7	33
8	10	33
11	10	32
4	9	27
2	8	23
5	9	24
4	9	26
0	8	22
0	9	90
0	2	20
0	2	21
2	3	21
4	9	23
4	7	23
1	2	21
3	8	22
4	6	27
1	11	91
0	13	89
7	11	34
6	13	33
0	11	90
3	7	23
4	8	25
0	12	91
0	12	91
2	4	21
3	7	24
1	10	91
4	5	22
7	8	27
4	7	23
2	6	21
1	3	23
1	4	21
0	12	91
0	-1	91
3	3	28
6	9	30
2	6	22
2	7	23
2	8	22
0	13	91
0	11	91
3	8	23
5	9	24
4	9	23
5	9	24
3	6	21
1	0	21
4	5	23
2	5	21
5	8	32
4	5	30
3	5	26
3	4	25
3	5	23
3	5	20
3	4	22
3	4	21
6	6	28
1	5	20
4	5	23
2	5	22
0	11	91
0	5	90
6	10	32
6	8	32
1	6	22
1	3	23
1	4	21
2	4	25
2	6	22
1	4	20
1	5	22
0	5	90
1	6	90
1	14	90
0	11	91
4	5	25
2	7	22
2	7	22
6	10	30
1	3	22
3	5	21
4	6	24
7	11	30
3	5	23
3	6	22
3	5	25
7	8	30
7	8	29
6	7	26
7	7	27
5	8	27
2	7	21
7	8	30
8	12	31
3	11	26
7	9	25
2	9	23
2	7	23
8	8	36
6	8	22
2	6	22
4	7	22
4	7	24
1	1	20
0	0	23
3	8	25
3	6	25
2	6	24
3	7	22
8	14	34
3	7	24
7	5	32
2	7	22
5	10	27
4	6	22
1	1	34
0	2	34
4	9	27
3	6	26
3	6	24
4	7	22
5	7	23
6	7	24
2	6	20
0	4	20
0	3	20
3	4	23
1	4	21
5	8	23
3	9	24
5	9	24
5	8	22
2	4	22
2	4	23
6	5	26
1	7	21
2	6	22
2	4	22
0	10	91
8	14	29
1	4	20
5	6	25
10	12	32
4	8	30
0	12	91
2	7	22
4	6	21
2	5	21
2	6	21
2	7	21
6	9	26
0	8	90
0	14	91
5	7	23
7	6	25
4	6	23
1	5	21
0	8	91
0	29	91
2	6	22
6	9	30
8	8	28
7	8	27
4	11	30
4	11	29
4	10	25
3	6	22
1	1	21
7	12	35
4	7	30
6	6	29
0	5	91
4	13	30
0	8	90
0	8	91
2	7	22
6	10	27
0	9	83
1	10	83
3	7	20
3	8	21
4	7	22
5	9	30
0	6	88
0	6	90
3	7	32
1	3	23
2	5	22
0	3	22
4	9	27
6	9	30
7	10	35
3	6	24
3	4	23
3	4	22
3	5	21
3	8	22
1	6	20
8	9	29
6	8	26
8	8	31
0	29	89
6	9	26
2	7	22
0	3	22
1	3	21
0	5	59
2	1	22
6	13	31
6	6	28
1	6	24
4	6	24
4	7	26
4	6	20
9	10	35
8	8	31
3	3	22
1	4	20
2	6	20
5	9	26
4	9	30
2	6	21
4	9	25
4	5	24
0	5	23
2	5	24
2	2	22
0	22	90
0	7	91
6	9	26
2	4	20
1	3	21
0	12	88
0	4	30
8	11	32
11	12	34
0	11	90
0	12	90
0	8	90
0	7	90
0	3	22
0	3	21
0	3	23
2	7	21
5	9	31
3	6	22
4	7	25
3	8	25
10	31	90
3	5	23
4	5	22
4	7	22
3	7	22
3	10	24
4	7	24
2	5	21
0	5	20
3	9	24
2	6	21
2	6	20
8	10	29
0	12	91
0	4	91
1	7	23
5	8	31
1	6	24
3	5	26
3	6	26
3	5	24
5	10	28
4	6	24
3	6	30
0	2	34
0	13	91
0	15	91
0	3	21
0	3	22
7	11	31
6	6	27
3	12	27
5	10	25
2	4	23
2	4	20
4	10	25
6	8	27
6	6	26
6	6	25
7	6	27
6	6	26
1	6	21
2	6	21
3	4	23
1	4	21
2	5	26
1	4	24
0	3	23
0	2	22
1	5	21
1	4	20
1	6	23
4	7	22
3	10	23
4	9	23
2	6	21
0	3	24
0	11	90
2	8	24
5	7	22
3	8	23
5	8	23
5	8	24
8	15	38
5	10	25
5	11	30
3	8	22
0	4	20
3	8	24
2	5	22
3	5	22
4	-1	91
6	7	25
4	8	25
4	5	23
2	5	22
0	8	91
0	6	90
1	5	21
3	8	23
8	14	33
7	10	33
7	9	30
6	8	24
0	17	91
3	10	24
4	8	24
3	8	23
7	9	27
4	8	23
5	7	23
7	7	26
8	10	30
4	11	30
7	12	31
4	8	26
5	13	30
7	8	27
3	5	26
6	10	31
4	8	22
4	12	31
4	7	22
9	13	31
5	9	24
4	8	22
5	7	24
6	10	23
3	5	24
3	6	23
3	6	22
6	10	27
5	8	24
0	9	91
0	9	90
5	8	23
4	11	30
5	8	23
4	7	22
2	2	22
3	6	21
8	9	28
7	9	30
8	10	27
2	6	20
2	6	21
0	12	90
0	13	90
3	9	25
7	8	29
9	11	31
7	11	28
8	10	29
8	11	28
4	8	24
4	7	24
4	8	30
5	8	26
3	7	24
8	13	30
7	14	34
5	12	28
7	15	32
7	13	32
9	13	32
3	5	21
5	8	24
3	6	22
2	6	22
2	6	23
3	6	22
4	8	25
7	8	29
7	7	29
7	11	31
7	11	31
5	10	27
3	7	21
5	10	25
5	7	22
6	8	26
0	10	91
0	12	90
0	12	90
5	8	91
0	11	91
0	11	91
0	10	90
7	11	29
1	4	21
4	7	30
6	10	27
2	4	22
5	10	25
5	9	27
3	7	32
3	6	23
7	13	32
7	11	25
8	11	26
9	13	30
9	16	35
5	6	29
8	13	33
6	9	31
2	4	24
2	4	23
2	3	22
5	6	23
4	8	23
5	10	28
5	9	25
5	10	28
6	9	26
3	7	25
2	5	23
4	5	25
4	5	24
3	5	23
6	11	29
6	10	28
9	13	31
8	13	29
3	8	23
2	8	23
6	6	25
10	11	31
5	13	32
7	10	28
7	10	28
9	13	34
8	13	32
6	13	31
6	11	27
9	16	34
9	13	31
9	12	31
2	7	23
3	7	22
6	8	28
1	7	22
1	7	21
5	7	21
5	9	25
8	12	34
3	5	22
3	5	21
5	10	30
3	4	21
2	5	21
2	10	23
2	9	23
2	8	22
2	3	25
5	7	21
5	10	25
8	8	32
6	12	30
7	8	31
5	7	30
2	6	21
4	9	22
4	8	23
4	8	23
4	8	22
5	7	23
3	7	22
6	11	33
5	9	23
2	4	21
6	11	26
7	11	30
8	16	37
6	12	31
3	6	22
2	5	22
7	7	24
1	4	23
2	5	21
4	6	23
3	7	24
2	7	21
5	6	26
1	3	21
1	3	21
6	7	24
10	10	35
2	5	20
7	10	32
0	2	21
6	11	32
5	8	27
6	8	28
4	9	26
7	9	28
4	33	90
1	16	90
8	10	33
6	10	26
2	9	26
2	4	22
0	20	89
7	12	30
4	7	27
3	8	26
0	6	64
5	3	27
2	6	21
5	-1	91
1	4	21
7	11	32
2	6	24
1	4	22
1	3	20
1	16	90
0	8	91
2	6	21
3	41	90
0	25	90
2	24	90
3	5	25
2	4	20
4	8	22
3	8	24
9	9	33
5	9	24
7	9	25
3	5	22
2	5	22
3	5	24
3	5	22
2	5	22
3	6	21
3	7	22
8	10	32
5	7	27
2	7	22
3	5	21
3	5	21
6	11	29
5	7	26
3	6	23
2	5	20
2	5	21
3	6	22
3	4	22
1	4	20
2	5	22
2	6	21
9	10	29
7	10	26
5	7	24
6	7	24
4	7	21
10	13	32
9	10	32
9	11	33
4	6	23
4	5	20
3	7	24
4	8	25
5	12	32
4	7	25
4	8	24
2	6	21
2	6	22
5	9	27
0	10	74
2	5	22
3	8	23
2	8	24
4	9	26
4	9	25
4	9	24
0	2	21
2	5	21
4	39	91
2	6	23
6	9	25
5	8	26
4	7	23
3	7	24
7	13	29
1	5	23
3	6	21
2	6	21
0	14	89
2	6	24
2	6	25
1	5	22
2	3	25
1	14	91
2	4	22
8	8	28
4	7	25
5	9	31
1	4	22
2	3	21
4	6	23
4	7	24
5	5	23
2	9	31
4	5	23
3	6	22
3	5	21
3	5	20
0	10	91
3	6	23
2	4	22
2	7	21
5	7	25
4	7	23
0	4	23
2	9	24
2	8	23
2	5	20
4	8	24
2	5	22
1	3	21
3	9	24
7	12	29
0	13	90
0	13	90
5	5	26
3	5	21
7	7	25
1	5	22
0	10	89
1	4	23
1	6	22
3	7	24
0	13	91
4	5	24
10	21	43
5	8	30
3	5	22
3	6	22
2	6	21
3	8	22
2	7	23
4	4	24
1	5	27
5	10	26
2	7	23
4	6	24
2	5	22
4	5	24
4	10	24
5	8	22
3	5	23
4	5	24
3	8	22
3	9	24
3	8	21
0	5	21
2	5	21
4	6	30
6	8	31
4	10	22
0	4	21
3	6	21
2	4	24
5	7	26
9	9	36
9	7	31
2	5	23
2	6	23
6	28	90
2	7	20
2	7	20
2	7	21
3	8	23
2	5	21
3	6	23
3	6	22
2	7	22
5	5	38
1	4	23
1	8	22
4	8	25
3	7	23
0	10	90
0	10	91
2	7	21
0	4	21
0	9	75
1	12	90
3	8	28
2	2	24
1	6	21
3	27	91
3	28	91
3	29	91
8	9	30
2	8	22
2	8	25
2	7	24
3	7	21
3	7	21
1	4	22
4	7	22
3	9	25
3	11	24
3	9	24
6	10	30
4	8	24
5	8	25
1	6	22
5	9	31
6	8	30
4	6	24
0	2	23
4	7	22
2	7	22
3	7	24
0	9	90
0	14	89
3	4	21
8	12	30
2	5	22
4	8	26
4	8	21
0	29	90
3	8	24
4	7	22
4	6	20
3	6	22
4	7	26
4	7	25
6	8	24
6	6	26
8	7	24
9	10	32
5	9	30
3	5	21
8	7	29
3	6	25
4	6	23
8	11	31
4	7	24
8	10	29
6	14	30
7	10	30
3	8	27
4	7	25
4	6	23
3	7	23
2	6	22
2	4	22
10	11	34
4	10	26
2	8	25
2	4	22
2	3	22
5	7	25
4	6	23
4	7	25
2	5	23
4	6	23
4	8	23
6	7	25
6	6	25
6	9	27
7	10	29
2	5	21
2	5	22
3	6	22
3	8	24
2	8	22
5	8	27
4	7	22
7	7	27
4	7	27
3	7	24
2	3	21
4	5	23
3	6	23
3	5	21
3	7	23
2	5	24
5	7	26
0	3	23
1	4	21
3	4	23
3	5	22
4	7	25
4	7	24
7	15	30
7	13	30
3	5	21
4	10	26
4	5	24
4	5	21
1	3	24
6	9	24
3	5	22
6	13	32
3	6	22
1	3	22
2	8	22
3	9	24
3	7	25
3	6	23
3	6	23
4	7	24
4	7	24
3	8	23
1	7	21
8	11	33
3	6	24
3	8	22
4	7	21
4	8	22
7	9	30
7	9	29
0	11	91
11	12	36
11	12	39
4	7	21
9	11	29
4	9	24
2	5	20
2	6	22
4	6	23
4	5	22
11	11	34
4	7	26
1	6	21
1	6	21
6	8	27
8	10	27
5	9	27
4	31	91
6	10	32
3	8	23
6	11	25
7	14	33
5	16	32
8	5	27
3	5	23
2	5	20
3	3	21
7	8	26
6	13	30
4	6	23
4	7	26
0	3	20
4	7	24
1	4	20
3	5	20
3	5	23
3	14	30
3	11	26
1	5	22
2	7	24
4	8	22
5	10	28
2	3	21
1	4	22
0	3	21
8	10	89
6	13	29
2	4	21
0	10	90
0	-1	88
5	9	25
8	12	30
3	8	23
1	8	22
2	7	21
2	9	24
2	9	24
3	10	23
2	8	22
7	10	31
6	11	28
6	8	24
3	5	21
11	14	36
5	8	25
2	5	22
2	6	22
7	10	29
4	8	23
4	6	22
4	6	23
7	7	32
8	12	32
8	8	33
0	1	41
2	4	21
6	10	25
4	7	33
4	7	25
4	6	23
4	6	24
3	6	24
5	7	25
1	-1	91
0	6	91
6	10	29
7	9	31
9	13	37
3	4	23
7	9	27
7	8	26
8	10	31
10	13	34
9	12	37
9	11	34
9	10	35
7	10	31
8	10	30
0	6	90
0	7	90
7	8	24
4	6	22
2	5	22
2	5	21
2	5	21
5	8	24
7	7	25
5	7	25
6	4	25
2	6	20
8	10	29
6	10	26
6	8	27
6	7	26
4	18	33
9	12	34
3	5	23
4	8	25
3	11	26
4	9	25
5	9	25
4	5	22
3	8	25
2	5	23
4	7	24
5	9	25
4	7	21
0	11	90
7	11	30
8	7	29
12	30	90
4	8	23
1	6	21
4	6	26
5	8	26
2	7	21
5	9	27
5	9	26
5	9	26
7	11	31
4	8	25
4	9	24
4	7	24
4	8	27
6	9	24
7	14	36
5	7	24
9	11	32
8	10	31
8	8	30
8	10	29
9	10	28
9	12	28
9	10	27
10	13	32
10	13	32
9	13	31
9	12	30
9	12	28
8	12	28
8	10	27
2	7	21
1	5	21
1	6	22
5	9	26
6	8	25
3	7	23
3	6	22
0	5	22
0	8	91
0	14	91
0	7	91
1	4	21
0	4	21
1	4	21
11	12	40
0	2	20
0	2	21
5	9	24
4	6	27
4	2	26
0	3	22
1	3	21
0	2	91
1	9	91
7	6	27
2	7	24
2	6	21
2	5	20
0	4	21
2	2	21
2	4	21
1	4	20
7	10	31
0	16	90
3	7	24
6	8	30
2	7	22
2	7	23
2	6	21
3	7	22
2	6	21
8	6	32
7	9	33
7	8	31
5	7	26
7	7	27
3	9	28
6	7	28
4	7	29
4	8	25
4	7	26
3	6	25
2	5	24
3	6	23
3	6	22
2	6	21
2	10	25
3	7	23
2	6	23
3	4	21
3	7	25
2	7	23
3	9	25
3	5	23
0	-1	91
0	12	91
3	6	24
0	9	91
0	9	90
4	9	25
4	7	24
0	3	21
6	14	31
0	13	91
4	8	30
3	4	22
5	8	24
3	6	23
1	5	21
1	5	21
0	4	20
2	4	22
1	4	21
4	8	30
7	7	25
7	17	33
5	15	32
3	11	25
2	7	20
5	9	24
2	8	21
3	6	23
5	13	30
3	5	23
3	6	23
3	5	22
5	7	23
4	8	23
3	8	22
3	8	24
4	9	25
3	6	22
3	6	21
7	9	27
8	8	33
1	6	20
1	4	20
1	5	21
1	7	21
10	10	34
10	11	32
10	10	34
10	11	32
10	12	31
7	11	28
6	6	26
7	12	33
6	8	25
5	9	26
7	10	26
5	10	28
2	7	22
2	6	21
3	10	25
5	10	26
6	8	26
7	12	33
7	11	31
7	10	27
7	7	25
5	8	25
1	6	21
4	7	22
1	5	22
7	13	31
5	11	31
3	7	20
3	8	24
4	8	22
1	6	21
4	6	24
6	7	23
3	5	22
3	6	24
4	8	24
2	7	25
5	9	25
4	8	24
3	8	25
2	5	22
7	10	26
4	8	25
2	5	22
3	6	22
3	9	25
6	11	30
3	5	24
5	7	22
5	11	30
0	28	90
5	9	28
6	8	27
5	8	27
5	8	26
3	6	25
6	12	28
5	11	26
5	8	24
5	10	30
3	8	23
5	8	24
4	8	24
4	11	32
7	12	30
4	9	26
7	14	36
4	11	28
6	13	30
5	12	30
8	10	31
6	9	28
3	9	25
4	11	30
12	15	36
7	12	32
5	8	25
6	11	27
4	10	24
5	11	32
5	9	30
4	7	24
6	8	32
3	4	24
4	7	28
4	6	28
7	7	30
3	5	25
4	5	24
4	7	23
0	20	90
8	11	28
4	6	25
5	10	27
11	11	36
4	8	25
4	8	25
2	6	20
3	9	23
4	11	24
4	11	30
3	7	25
1	8	25
4	7	23
3	6	21
0	7	91
4	7	24
4	8	24
4	8	23
4	6	23
5	9	30
6	17	34
1	5	20
1	4	20
6	10	26
6	8	25
4	9	23
3	7	20
7	8	32
9	7	33
2	6	20
7	13	34
4	6	23
0	12	91
0	12	90
2	5	20
2	5	21
4	9	26
2	5	22
3	5	23
6	11	30
5	8	24
5	6	24
3	6	25
4	6	25
3	7	23
3	6	22
2	6	22
4	7	24
4	8	25
4	8	23
4	7	22
7	8	27
2	3	20
6	7	25
6	9	26
3	7	24
3	6	21
6	14	31
1	5	22
1	5	21
4	8	22
4	6	23
7	12	34
4	7	23
3	6	21
3	5	21
4	8	23
3	9	24
6	7	23
6	-1	91
4	33	91
3	31	91
4	33	91
4	33	91
7	10	27
6	9	31
5	6	27
4	8	24
4	9	27
6	7	25
2	8	22
2	7	20
8	14	30
7	11	25
9	11	33
7	10	30
3	7	22
2	8	23
6	7	23
5	7	24
4	7	22
3	11	25
3	9	22
3	9	21
8	9	27
8	9	29
7	9	27
7	8	30
6	8	26
6	7	25
2	9	21
1	7	20
3	7	23
2	6	22
6	9	28
7	12	31
11	14	35
6	11	27
5	7	25
3	7	25
6	9	27
8	11	31
3	9	25
3	10	25
3	9	24
3	7	22
3	4	22
2	7	21
2	6	22
7	9	27
6	9	25
0	15	87
4	7	23
2	4	22
4	7	24
8	7	28
2	5	20
0	13	89
0	15	89
1	6	20
3	10	24
4	9	27
4	8	24
1	5	22
0	4	20
2	8	23
2	7	22
2	7	23
4	10	25
4	11	24
0	5	44
0	2	39
2	4	21
3	8	25
4	7	24
2	7	21
0	1	22
10	10	28
4	5	24
4	5	24
2	5	23
1	3	22
2	4	20
0	9	90
0	11	90
0	5	21
1	6	20
2	6	21
3	8	25
5	9	28
4	6	23
4	6	23
4	11	30
8	9	27
2	5	22
1	6	21
2	7	22
2	7	21
1	3	23
0	2	22
1	1	21
0	2	20
3	8	25
3	7	24
4	6	21
3	5	21
2	7	22
1	6	20
6	10	26
6	9	30
3	8	25
3	8	23
5	8	23
4	9	24
3	9	25
7	12	32
2	4	22
5	10	23
4	4	23
7	11	26
8	11	30
2	3	22
3	7	24
4	10	25
2	3	20
3	9	22
8	8	28
1	5	21
6	10	25
4	7	24
3	8	23
3	7	24
2	7	25
3	6	23
8	9	28
2	7	24
3	10	25
3	7	23
8	13	29
9	11	28
7	9	26
8	9	27
3	6	22
0	6	22
2	5	24
0	5	21
3	6	21
7	40	91
4	41	91
11	8	32
5	7	26
8	11	31
9	11	27
3	6	22
6	9	32
3	7	25
6	11	30
9	14	31
2	5	25
5	9	27
5	9	30
4	9	25
4	8	24
4	5	22
3	3	22
2	5	21
2	4	20
6	8	26
6	9	25
4	8	24
3	9	24
3	4	21
3	5	22
4	10	30
2	7	24
2	6	22
5	10	28
4	7	26
3	7	21
2	5	20
2	5	23
0	5	22
2	6	25
7	6	30
2	6	24
2	6	21
3	6	22
7	9	31
7	9	29
7	9	31
10	10	33
4	5	21
2	6	21
5	6	30
4	6	23
4	5	24
4	6	22
0	4	23
3	8	23
0	3	21
5	10	26
6	12	33
2	6	23
5	8	22
1	2	21
3	5	22
5	8	27
2	6	21
3	5	24
5	11	33
0	14	91
1	12	91
2	6	21
2	6	21
2	5	21
4	6	23
3	4	22
3	4	21
4	5	21
4	5	26
4	7	24
13	12	41
8	9	31
6	10	26
7	7	25
7	8	26
6	6	24
1	6	60
1	2	21
0	3	20
3	7	21
3	6	24
3	9	24
2	5	22
3	6	31
8	9	34
7	6	29
0	4	20
0	1	20
0	2	21
3	7	21
5	9	26
2	8	25
3	6	25
5	6	23
4	6	21
1	3	21
2	4	21
2	4	21
3	4	22
2	4	22
5	12	30
4	7	23
3	5	22
1	5	21
6	10	26
5	8	25
3	7	22
3	8	23
0	22	90
6	9	26
6	9	25
6	9	30
8	11	31
5	9	23
8	8	27
4	5	22
0	3	22
7	16	90
0	6	90
4	8	23
6	12	29
2	3	23
2	4	22
2	4	21
5	9	26
3	7	22
1	5	21
5	6	26
1	27	89
4	23	90
4	5	22
7	9	31
4	6	20
5	7	23
0	3	90
4	6	23
2	10	90
2	6	91
6	8	25
0	15	91
0	9	91
6	12	28
6	11	28
8	10	30
6	8	25
10	13	33
0	27	91
6	9	26
7	13	32
11	15	40
3	3	21
4	9	23
5	9	26
9	9	34
2	6	21
2	4	22
6	8	24
3	8	22
5	7	27
4	5	23
7	6	32
0	9	90
0	10	90
4	8	26
3	7	24
7	10	32
9	12	33
9	11	30
10	11	32
6	11	29
7	12	29
7	12	30
7	7	24
2	7	21
6	21	90
4	12	35
2	4	24
8	8	26
4	6	21
6	11	30
4	8	24
3	6	24
4	7	23
1	9	90
5	6	24
0	4	23
7	8	26
6	8	30
6	8	24
6	8	25
4	7	24
4	8	25
2	8	21
5	5	26
2	5	22
4	7	23
6	6	25
3	6	21
3	5	20
4	7	22
2	7	23
1	3	21
7	10	25
6	10	25
3	5	24
1	4	20
3	5	22
5	7	23
6	9	24
2	6	22
3	10	91
20	25	90
4	6	22
2	6	22
2	6	20
7	13	35
4	4	21
3	6	22
6	10	30
4	6	24
4	6	23
2	5	21
3	6	22
5	7	29
8	10	33
3	5	23
1	4	21
3	5	23
3	8	24
3	5	21
4	6	22
3	7	23
3	3	21
4	11	23
3	4	22
3	3	21
6	8	31
1	3	22
6	11	26
2	4	21
8	8	24
2	8	21
3	5	20
5	8	23
4	5	22
3	7	27
2	5	22
2	9	23
0	9	90
0	13	91
4	8	25
2	7	21
3	6	21
1	7	22
4	9	22
8	9	30
7	11	25
5	6	24
1	5	20
3	5	23
3	4	22
4	5	22
3	10	23
2	4	23
2	5	22
1	4	21
0	0	24
3	6	24
4	6	24
3	5	23
3	4	22
6	8	25
2	4	23
5	6	24
3	6	22
2	5	22
3	5	23
6	10	30
5	8	24
0	13	90
5	8	26
6	10	28
3	6	22
5	9	25
6	9	26
6	10	26
8	9	29
2	5	21
2	6	21
1	4	20
0	4	22
0	4	21
2	6	22
4	9	25
4	9	24
5	8	25
5	9	27
6	8	24
4	8	23
5	9	24
6	7	24
0	4	21
1	5	20
4	8	24
9	8	36
3	6	22
6	9	30
3	8	23
3	10	23
1	3	21
2	5	21
4	10	23
5	9	24
2	6	21
4	10	25
7	8	31
4	6	26
6	7	26
7	7	27
4	7	24
3	8	23
2	8	24
4	9	25
5	6	24
2	5	22
3	6	23
2	5	22
2	4	21
3	6	20
5	8	25
4	8	28
4	7	25
8	9	27
7	8	25
4	12	27
1	6	25
9	12	28
0	8	90
0	8	87
8	8	29
9	10	33
4	6	22
4	8	24
2	8	22
5	8	26
2	4	22
2	4	21
2	6	22
2	7	23
4	4	23
2	6	21
7	8	26
5	6	25
15	18	44
10	16	37
11	15	38
4	7	24
3	4	23
3	6	24
3	4	23
2	4	22
5	9	31
5	8	24
3	8	23
5	7	23
5	8	28
4	7	24
3	10	25
4	7	27
6	9	27
5	9	25
4	7	25
5	8	23
1	5	23
3	7	21
3	7	22
4	8	23
0	7	91
0	17	90
6	10	25
8	12	30
5	5	24
2	4	23
3	11	26
5	8	26
3	9	22
5	10	34
4	9	30
1	5	21
2	5	21
4	8	27
1	15	90
1	15	91
3	8	25
1	13	90
0	12	91
4	10	30
9	12	33
7	13	32
7	9	27
2	6	22
3	3	22
2	5	21
6	14	31
5	9	24
7	10	30
3	5	23
0	5	22
0	5	21
0	3	20
2	7	24
2	8	21
2	4	22
5	8	26
5	7	24
5	9	30
2	5	22
4	8	24
6	8	23
4	7	23
2	6	24
3	6	22
2	5	22
3	4	21
9	10	32
4	42	91
2	9	22
2	5	21
4	6	24
3	5	24
2	8	23
4	7	25
4	7	25
8	9	24
4	7	24
5	7	24
2	4	20
5	6	21
3	5	23
4	6	24
3	8	27
2	7	23
2	6	22
5	9	26
2	3	22
4	5	23
3	6	22
4	7	25
9	15	39
8	15	36
9	15	43
9	15	38
9	13	37
8	13	35
4	12	31
3	12	27
8	12	35
9	13	37
9	14	38
9	13	36
7	12	34
8	12	35
8	16	37
7	15	36
7	9	30
8	12	34
8	12	33
7	11	33
9	13	37
8	11	36
6	10	30
5	10	28
4	8	24
4	8	23
8	9	30
2	3	21
3	10	30
7	9	28
5	7	23
6	9	24
5	6	25
0	4	21
2	5	20
5	7	24
4	6	22
7	10	34
8	10	30
9	11	30
7	8	26
7	13	30
5	8	25
4	40	91
3	37	91
5	7	25
6	11	31
5	9	24
6	6	26
4	6	24
4	10	26
10	14	34
8	9	29
5	7	24
6	7	25
2	6	22
5	7	23
2	6	24
2	7	24
2	5	22
2	5	21
4	7	22
7	10	26
1	4	21
9	14	32
8	12	31
9	14	33
8	11	28
10	13	32
7	11	27
8	11	29
10	11	31
10	13	34
8	12	28
7	12	31
3	6	23
7	12	33
6	8	24
6	7	26
7	11	27
7	11	30
6	11	27
7	10	27
7	10	26
5	9	25
0	13	90
0	3	91
2	7	24
5	8	24
4	7	23
4	8	26
3	9	24
2	4	20
8	9	27
6	8	31
4	9	22
3	8	25
3	9	23
3	5	23
1	3	22
2	4	21
2	4	21
2	4	21
4	8	25
5	9	25
3	8	23
5	9	25
4	9	27
4	10	26
5	9	30
4	9	24
5	11	25
3	6	24
4	9	25
1	7	24
5	10	26
4	8	25
5	11	27
8	13	33
5	11	25
10	12	31
9	13	32
4	7	21
0	0	90
2	7	24
2	6	24
2	5	23
4	9	25
3	7	22
5	7	26
3	7	22
3	9	24
4	13	33
2	6	22
3	7	23
5	8	24
0	9	91
0	9	91
3	3	21
3	5	23
7	9	25
4	11	30
3	4	24
1	5	20
3	6	24
1	3	23
1	4	21
2	7	20
4	6	22
5	7	31
5	10	31
3	7	21
3	8	24
3	10	23
3	9	24
2	7	22
3	3	21
3	30	90
3	12	25
4	9	24
4	6	24
1	2	21
2	4	21
2	4	22
3	6	27
4	5	25
4	6	24
4	5	25
4	6	24
5	6	25
3	4	24
4	7	25
4	6	25
4	7	24
3	6	24
3	6	25
4	3	26
2	5	24
2	6	23
6	9	33
10	13	30
4	6	22
2	6	21
2	5	24
2	8	22
7	10	30
5	9	30
6	10	31
4	13	32
2	6	21
2	8	24
6	8	26
6	28	90
5	11	30
3	6	21
3	6	20
3	6	22
0	9	78
0	7	78
7	11	27
5	9	26
1	4	21
9	10	32
9	11	32
5	6	26
3	7	21
1	7	22
4	6	23
4	6	23
2	5	22
3	6	23
3	5	23
3	5	22
0	4	22
7	11	29
7	8	27
9	10	31
8	11	28
1	3	20
1	5	23
3	4	23
4	7	24
6	11	31
3	6	25
6	10	24
0	3	22
0	7	90
4	12	30
4	7	26
4	8	23
3	7	24
2	4	23
3	2	23
3	4	24
3	4	25
5	8	25
6	11	31
9	10	27
7	10	26
7	10	27
8	11	28
5	10	25
4	12	26
5	8	23
3	4	23
2	4	23
2	5	21
4	8	25
1	5	21
3	6	21
2	5	21
5	7	31
0	5	22
0	15	89
0	16	90
5	9	26
11	11	34
1	7	22
1	1	21
2	10	23
4	6	22
10	12	35
6	11	29
6	12	30
0	7	73
2	7	22
0	5	23
4	7	30
4	8	27
4	6	30
2	7	23
2	7	22
3	6	23
3	6	21
3	8	24
6	9	31
2	9	25
6	9	30
3	7	22
3	10	25
4	8	23
6	6	22
0	2	22
4	8	25
2	8	21
1	3	21
9	11	26
5	8	23
3	6	20
2	7	21
5	10	28
6	13	27
4	7	23
1	5	21
9	9	33
6	8	31
3	8	24
4	8	23
2	7	21
3	7	20
2	4	21
0	19	90
2	12	24
5	9	24
8	9	25
1	4	23
6	8	26
4	4	23
6	10	28
2	7	23
4	7	22
10	9	32
9	11	31
3	7	22
3	5	25
3	7	26
3	6	24
2	6	23
3	7	24
3	8	24
4	9	25
4	9	26
3	10	26
3	10	24
3	8	21
9	11	26
0	5	91
4	8	21
6	8	23
1	5	20
6	10	30
6	10	27
5	9	26
6	8	28
1	4	21
3	9	25
6	7	25
1	7	22
2	8	20
3	7	21
6	8	25
1	4	20
1	4	20
6	12	30
6	10	30
6	12	28
7	10	27
6	10	27
8	11	28
3	7	24
2	7	22
1	7	20
2	7	22
5	9	24
10	12	33
2	5	20
2	5	22
2	5	21
5	9	23
9	14	33
4	7	23
4	7	24
5	8	26
5	7	24
6	6	25
6	7	24
3	7	25
4	6	22
2	5	21
2	27	90
2	6	22
0	5	21
1	4	20
2	7	23
9	14	36
1	2	22
2	8	23
5	11	30
5	6	23
0	8	91
0	5	91
4	4	23
3	8	26
4	5	22
7	12	31
1	6	20
2	6	21
2	6	21
0	20	91
1	11	91
2	7	23
4	6	22
3	6	24
2	5	22
4	7	22
3	6	22
3	8	26
6	10	30
4	8	24
4	9	26
4	9	25
3	9	25
5	6	26
0	2	21
2	4	68
3	6	23
0	5	43
4	10	30
2	4	20
3	4	24
4	8	28
3	8	27
4	9	26
4	9	25
6	9	24
4	9	26
5	8	25
4	8	25
5	7	26
3	7	22
0	10	90
0	7	91
2	3	22
2	5	21
3	4	22
7	8	29
4	6	24
2	4	20
2	5	20
3	6	25
8	8	29
1	3	20
0	4	20
4	5	23
2	5	22
5	8	25
1	10	91
0	10	91
3	6	25
2	8	24
4	7	24
4	7	24
3	7	23
5	8	27
6	11	31
4	8	25
5	8	26
4	6	21
0	3	22
4	10	26
0	2	22
1	3	30
8	11	31
2	5	21
5	11	31
6	11	32
2	8	22
6	11	33
4	9	28
4	9	25
3	9	23
0	3	22
2	3	23
2	1	21
6	13	32
5	9	23
4	6	24
5	7	24
2	7	25
4	5	26
3	8	25
6	7	28
3	6	25
4	5	24
2	7	22
1	7	21
4	8	24
4	9	23
6	8	23
3	8	24
9	11	29
2	4	21
2	8	23
4	7	21
3	7	21
4	7	23
3	5	25
4	6	26
8	9	25
4	6	23
4	8	25
8	13	30
4	6	22
6	9	26
0	3	91
0	2	91
3	6	21
4	9	24
1	4	26
5	6	25
5	7	25
0	21	90
7	8	26
6	11	32
7	9	30
6	10	26
6	7	27
6	10	25
0	7	90
3	5	23
2	6	21
2	4	20
2	5	21
6	9	31
9	11	33
11	-1	40
9	13	34
3	9	25
5	9	26
2	6	21
1	4	24
2	4	23
4	16	33
3	6	22
3	5	22
3	8	25
3	7	23
1	1	20
4	8	30
1	2	20
1	3	21
0	2	24
4	7	22
3	5	21
2	5	24
6	9	26
4	8	25
3	5	25
4	8	27
2	3	22
2	3	21
2	3	21
2	5	21
0	12	91
2	5	23
2	5	22
4	-1	91
3	6	23
9	11	30
2	5	24
3	6	22
3	4	23
5	5	24
5	9	27
4	7	26
5	8	24
2	8	22
2	8	21
7	10	27
2	4	24
1	4	23
2	4	24
1	4	23
2	7	26
8	9	35
3	7	21
10	7	34
5	7	31
1	4	22
1	4	24
2	4	23
2	4	25
1	3	21
0	11	90
0	12	91
0	4	21
1	4	25
1	2	23
6	8	27
8	10	26
4	8	31
5	5	24
8	10	29
2	5	22
4	8	25
4	7	24
3	9	23
4	10	26
2	3	21
1	5	22
5	6	23
4	5	23
4	5	22
5	7	24
3	5	20
1	6	21
2	7	20
2	6	23
2	5	22
2	6	23
2	6	22
5	14	31
7	9	31
2	6	21
7	8	30
4	5	22
1	22	91
8	10	31
8	10	29
5	7	24
7	9	27
6	13	28
9	13	34
2	6	25
7	13	32
5	11	31
1	4	21
0	4	23
7	9	30
6	12	27
7	10	30
5	10	28
5	9	25
10	11	34
4	5	22
2	6	25
3	6	23
2	5	22
3	6	23
6	8	33
7	9	27
7	8	27
6	7	25
6	7	26
0	4	20
8	9	28
6	10	25
3	4	22
2	3	22
4	10	31
4	8	25
6	8	28
2	4	21
3	5	24
4	5	23
2	5	22
3	5	21
3	5	22
2	7	21
3	8	26
3	6	21
5	13	32
7	8	30
6	8	25
7	9	31
4	7	24
6	9	26
3	7	22
5	10	28
5	6	24
5	9	26
4	6	23
5	11	25
4	5	22
1	2	22
3	6	24
3	6	20
8	8	32
9	11	36
11	11	37
6	14	29
4	9	24
5	8	26
4	8	24
4	7	23
3	6	22
3	6	23
5	8	23
7	10	31
0	16	91
4	9	24
8	10	33
8	9	32
8	9	31
3	8	24
3	6	23
3	6	22
8	8	31
9	13	35
2	5	21
3	6	22
2	7	22
0	8	91
4	8	25
3	10	26
4	5	24
3	7	25
4	22	91
6	23	91
4	6	25
3	6	21
4	8	20
3	6	21
3	6	21
3	8	22
5	11	30
0	7	20
1	3	22
0	9	90
3	32	90
4	33	90
1	7	21
10	14	30
2	4	21
1	5	25
7	9	29
3	8	24
5	7	24
3	3	23
6	7	26
6	9	24
4	7	22
3	8	23
4	9	25
3	9	22
3	7	23
10	11	32
5	8	27
9	11	33
5	9	24
4	8	25
6	10	32
2	4	22
2	4	22
3	5	22
2	5	21
7	29	91
10	12	35
6	8	29
3	6	24
6	6	24
7	11	28
6	10	28
7	9	28
8	12	30
5	8	22
4	7	21
4	6	23
6	9	26
0	6	91
0	6	90
1	4	22
1	3	22
2	6	23
3	6	23
3	5	21
2	8	22
3	10	25
2	5	20
6	9	23
7	11	30
4	8	23
6	9	23
7	11	27
2	3	21
3	9	24
3	7	22
7	10	27
10	17	35
11	16	39
6	9	31
4	8	25
4	11	28
8	16	41
3	7	22
5	7	24
4	10	25
5	10	26
1	6	23
0	7	21
3	4	22
8	13	31
8	11	36
8	11	32
6	9	23
6	10	30
2	7	22
3	9	23
1	4	22
7	12	31
0	4	21
4	8	25
3	8	23
3	8	24
3	13	31
2	5	20
9	8	32
4	6	22
5	6	22
4	8	23
6	10	26
5	8	23
5	9	26
3	5	24
4	11	25
3	7	22
2	6	22
2	7	23
2	6	20
6	10	25
4	8	25
4	7	23
0	9	90
0	8	90
5	7	24
6	10	24
4	6	21
2	5	20
11	14	38
8	10	32
4	7	23
4	6	22
10	12	32
8	10	31
5	6	23
3	5	23
5	8	30
5	13	30
9	14	33
9	14	33
8	11	31
5	6	23
3	6	23
5	8	25
4	9	25
3	7	23
3	10	23
1	8	22
4	12	32
6	8	25
4	9	32
4	11	29
3	8	22
2	8	21
2	5	25
6	8	26
5	8	22
0	3	21
2	6	22
3	6	21
2	6	22
10	12	33
4	5	22
3	7	24
5	12	32
2	9	22
2	6	20
4	6	23
4	12	27
3	5	22
2	5	23
6	8	25
5	8	25
3	5	23
5	5	21
5	5	22
8	9	31
11	13	38
7	9	26
4	10	25
2	7	21
3	9	25
4	9	25
4	14	31
2	8	20
7	9	30
7	8	27
7	8	26
2	6	23
3	7	22
3	6	23
3	7	24
4	5	24
4	10	27
4	11	30
5	9	27
6	11	29
2	5	22
7	8	27
5	6	24
4	8	22
5	6	26
2	6	23
3	5	22
3	6	24
1	8	25
3	10	25
5	10	24
5	9	31
3	16	90
1	-1	91
0	20	91
1	19	91
1	19	91
5	8	23
9	8	33
3	10	30
3	5	30
5	10	27
1	5	21
0	6	89
0	6	67
0	9	88
8	8	28
5	7	31
2	4	22
1	21	91
2	23	87
1	12	91
7	11	31
3	5	22
11	17	41
2	42	90
1	3	25
4	27	90
8	9	27
8	10	30
6	8	25
4	5	22
2	6	21
6	8	31
7	8	26
6	11	32
8	13	32
8	9	29
6	10	31
4	8	22
7	9	30
6	9	28
3	6	23
9	14	41
3	7	25
4	7	25
3	6	24
3	7	25
3	7	23
3	7	22
2	5	22
5	9	27
4	7	28
1	9	91
0	9	88
0	11	91
0	6	91
2	6	22
2	7	23
3	7	22
4	6	25
6	6	26
1	12	81
0	4	22
4	8	21
7	9	33
4	6	23
2	4	22
4	7	25
1	5	23
2	7	22
2	6	21
6	7	25
2	7	24
4	5	23
4	8	23
1	3	21
1	4	22
1	5	23
6	10	28
12	11	33
4	6	27
0	6	21
1	5	21
7	9	26
2	8	23
3	8	23
3	8	22
5	9	31
4	10	31
4	6	29
3	6	25
3	5	22
2	6	21
0	21	88
5	7	26
3	5	21
2	6	23
4	6	24
4	23	91
4	8	25
0	9	90
0	4	90
6	6	26
4	8	26
6	9	27
5	7	26
0	0	24
0	25	91
0	25	91
1	25	91
4	8	21
4	7	31
1	5	21
7	11	26
4	7	23
2	8	21
2	7	22
9	10	26
5	10	30
9	10	31
4	8	24
3	7	21
6	8	30
5	9	23
5	9	24
6	11	29
1	8	22
5	10	25
7	8	27
7	7	30
3	5	20
2	6	22
4	7	24
7	11	26
2	5	21
2	6	20
0	7	90
3	5	21
5	7	26
0	14	91
0	6	63
4	4	26
0	4	90
0	3	91
3	6	24
2	7	22
6	9	25
1	4	22
1	4	21
1	4	24
2	4	22
6	10	26
3	10	22
4	8	25
5	8	25
0	12	91
1	5	20
7	8	30
3	8	23
3	7	22
4	7	24
2	6	20
4	8	21
2	8	26
4	7	24
2	8	23
3	8	22
3	7	20
1	6	21
1	5	20
6	11	37
2	7	21
1	4	20
7	5	31
0	5	22
5	6	30
2	5	21
8	9	25
3	6	21
5	7	26
2	6	21
6	9	28
6	9	26
0	20	91
2	9	90
1	6	90
3	8	21
3	7	21
7	9	26
8	15	33
8	13	29
8	13	29
7	13	30
5	7	22
0	19	90
0	20	90
4	22	90
4	9	22
3	7	22
5	11	26
5	10	23
4	9	22
8	14	33
7	12	33
7	11	26
2	8	22
2	7	24
1	3	21
9	14	35
4	8	23
2	6	22
1	14	91
9	11	31
1	4	22
3	9	24
3	8	23
2	2	24
5	7	26
6	7	26
6	7	25
5	6	24
5	7	25
4	5	25
1	4	22
1	4	22
1	4	21
1	4	23
4	8	24
7	10	29
7	9	26
3	8	21
1	4	22
1	6	20
4	7	23
6	8	25
4	6	21
2	6	21
3	5	21
7	11	30
0	5	22
3	5	24
2	5	21
4	6	23
4	5	22
4	8	23
4	9	23
2	4	21
5	8	30
5	9	25
6	9	27
5	7	27
6	8	26
5	10	26
10	14	33
2	6	22
6	6	25
8	13	30
8	12	30
4	7	26
3	9	26
1	5	22
3	6	21
2	7	22
5	15	47
7	10	31
2	5	21
3	8	24
2	6	22
3	6	21
1	5	20
1	3	21
3	6	21
2	6	22
0	11	91
1	14	90
1	6	21
1	4	22
10	12	32
5	8	30
5	6	22
8	11	31
7	11	27
6	8	25
2	5	23
3	7	21
1	4	23
7	8	29
1	12	91
0	16	90
6	11	33
3	9	22
3	6	20
11	11	34
0	14	91
0	11	90
3	6	25
1	5	21
1	5	20
4	9	30
0	5	23
2	3	24
3	10	31
5	10	25
5	9	30
3	5	23
7	8	25
7	8	24
4	7	25
6	11	27
4	10	25
6	10	26
5	10	26
4	6	22
5	7	24
6	7	27
6	7	24
6	8	28
1	3	22
2	4	22
4	9	26
2	4	23
3	5	23
3	5	24
3	5	21
4	6	24
0	16	90
6	6	30
1	3	22
5	7	24
3	4	20
3	5	21
6	9	27
6	9	27
1	-1	63
7	12	33
6	11	31
6	9	25
6	6	24
2	4	22
2	4	21
2	4	26
2	5	21
3	6	22
3	8	20
2	5	24
6	11	27
1	3	22
4	7	24
3	8	21
8	9	26
3	6	21
3	7	23
2	9	91
0	10	91
5	9	30
3	6	23
3	5	22
3	4	22
6	8	30
7	10	30
4	5	23
8	9	29
4	7	23
1	7	24
3	10	31
3	7	23
4	10	24
0	3	22
8	14	31
0	4	22
0	4	25
0	4	23
0	3	22
1	5	20
3	6	23
30	33	72
5	6	26
5	6	25
5	39	91
2	5	22
1	6	90
0	15	90
8	12	31
7	11	29
8	13	32
9	11	34
0	13	91
0	7	90
8	11	31
6	7	23
6	10	27
12	8	34
10	11	33
3	5	22
6	6	26
0	5	21
2	8	22
7	10	30
7	13	32
5	9	24
6	11	34
2	7	20
2	7	21
2	6	21
6	7	24
4	8	26
2	6	22
2	8	23
2	4	21
8	11	29
3	7	23
3	8	24
4	10	23
7	10	26
4	8	22
3	6	22
4	7	26
5	9	23
2	6	21
3	6	22
4	7	23
3	7	24
9	9	35
5	15	31
2	5	23
4	6	23
5	6	26
3	-1	91
1	5	21
5	7	26
6	6	25
7	9	27
3	6	23
5	9	25
6	12	30
7	12	30
2	6	22
2	7	22
3	8	22
5	7	22
1	4	21
5	7	24
3	8	23
5	5	31
6	12	30
7	8	30
9	11	32
0	13	91
4	5	20
7	9	30
5	9	25
5	7	24
4	7	24
3	7	22
3	5	22
7	10	30
5	7	24
5	11	27
5	8	25
5	6	24
2	6	23
9	11	32
4	7	24
7	9	31
3	6	23
10	9	33
10	11	36
7	8	29
3	7	22
4	7	23
2	6	20
3	7	23
1	3	22
1	10	22
5	7	24
0	30	89
4	8	30
3	5	23
3	5	22
3	5	21
2	4	20
7	12	32
7	8	31
8	8	30
8	11	30
3	8	21
3	8	23
3	6	22
7	8	23
0	10	91
8	11	30
4	6	25
4	7	23
3	5	22
1	29	86
6	7	25
7	10	29
6	15	30
3	5	21
1	5	20
2	5	22
4	8	24
3	6	23
4	7	23
5	7	27
4	6	26
5	11	31
3	7	23
3	6	22
2	6	21
1	3	20
2	6	22
4	6	23
4	6	22
2	6	20
0	11	91
0	14	89
6	6	27
5	6	25
5	7	25
3	6	22
1	6	22
3	10	22
2	8	22
4	25	91
10	15	35
1	8	22
3	8	21
3	7	23
2	7	22
2	6	21
5	8	25
9	31	90
2	8	21
5	10	26
8	11	31
7	12	33
9	14	37
8	12	34
11	9	32
5	6	22
7	9	27
3	6	21
3	6	22
9	11	31
7	11	32
4	10	25
3	10	26
3	8	26
3	9	25
2	7	21
3	9	24
2	8	23
4	8	24
3	6	22
4	8	25
1	7	24
6	8	25
2	5	22
7	10	31
2	7	21
2	5	23
4	9	27
6	10	24
4	9	24
4	11	25
4	6	22
2	6	20
8	12	30
4	6	23
5	8	26
3	6	24
6	11	30
4	7	23
5	8	26
4	8	24
4	7	23
8	11	26
4	7	23
2	3	22
3	6	21
4	4	22
3	6	22
5	8	23
8	11	34
11	10	29
10	10	29
9	9	27
8	10	29
9	10	30
9	9	27
10	8	31
7	9	33
11	17	39
12	17	39
5	8	24
3	6	23
8	13	31
7	11	30
1	5	20
0	3	21
2	4	25
2	4	24
1	3	21
6	10	31
4	8	24
2	7	23
2	6	21
0	3	22
6	13	32
7	8	30
5	8	25
3	32	89
7	9	25
2	7	21
3	8	23
2	7	21
8	9	31
11	13	37
8	10	32
9	10	31
8	11	33
3	7	24
4	8	24
7	12	31
9	14	29
3	7	22
4	9	23
5	11	27
8	10	30
9	12	31
5	5	23
4	5	22
3	14	26
3	8	25
3	7	23
2	6	21
6	11	30
2	8	23
2	5	21
1	5	22
8	8	26
4	10	30
2	5	20
8	13	33
9	13	31
9	13	29
10	12	32
2	10	24
0	20	89
4	7	22
2	4	22
5	8	23
3	8	25
6	6	26
4	9	24
4	9	24
5	9	23
4	10	22
5	9	24
4	7	22
3	8	24
4	8	22
2	6	22
6	8	23
6	11	27
2	7	22
3	6	23
7	13	32
1	6	20
7	10	33
3	6	24
5	5	23
0	19	87
9	12	33
3	5	25
3	8	23
2	6	22
7	13	31
3	7	22
4	6	22
4	7	24
8	9	26
2	6	20
7	12	28
3	4	21
6	10	31
3	7	22
3	6	21
2	4	22
5	8	23
3	6	23
4	6	25
5	13	34
8	8	27
2	4	22
3	8	22
2	8	24
3	7	21
3	7	21
7	8	30
3	7	24
2	7	22
2	7	24
3	6	22
3	5	22
1	5	23
0	3	21
6	12	34
0	8	90
2	6	20
2	5	23
8	14	32
8	9	29
2	5	23
2	5	21
3	7	22
2	2	23
7	10	34
7	13	32
7	11	26
7	8	26
3	8	24
1	5	20
3	5	22
3	5	22
2	6	20
1	5	21
2	6	25
3	6	24
3	5	23
3	6	24
5	9	24
5	6	25
2	6	23
2	5	21
3	7	24
4	9	27
2	8	23
3	8	22
4	8	25
7	10	28
5	10	31
7	8	28
6	8	26
10	11	35
10	10	31
6	15	32
5	10	33
4	9	27
2	7	22
5	7	26
1	7	20
3	9	24
4	10	24
4	10	25
2	9	25
9	15	39
5	10	31
4	8	23
4	5	24
4	4	24
0	10	91
3	6	23
4	11	30
7	10	31
5	9	26
6	8	26
0	4	21
2	7	22
8	7	26
1	2	24
0	6	25
10	16	34
7	14	34
9	11	31
8	11	31
6	13	29
8	13	29
6	9	28
8	11	30
7	10	27
9	11	33
5	9	27
7	10	25
2	6	22
3	5	22
1	10	91
2	12	91
6	9	26
2	4	21
3	7	22
4	8	25
2	6	23
6	9	25
4	10	25
3	8	23
4	8	24
7	11	31
6	11	30
10	13	35
1	7	21
4	8	22
8	11	33
9	11	32
4	8	23
5	8	25
5	9	26
5	8	24
5	7	24
5	7	23
4	6	22
4	6	21
7	13	34
3	6	23
4	6	23
3	6	21
3	7	23
3	6	22
4	8	24
5	7	24
4	7	27
4	6	22
4	7	24
7	12	30
6	10	26
6	17	35
2	4	22
4	6	25
7	13	30
7	9	28
3	7	22
2	6	20
7	9	30
5	7	30
7	6	26
4	6	26
2	11	25
8	12	31
9	10	27
8	12	30
8	11	30
5	7	24
4	7	23
3	8	24
3	9	25
5	8	27
4	10	25
3	9	24
2	7	20
3	6	24
4	10	26
5	8	25
3	6	26
4	7	28
5	7	28
4	8	25
4	8	22
4	6	23
0	3	91
0	14	91
2	6	22
8	13	33
9	15	36
7	12	33
4	10	27
3	7	24
3	6	25
2	5	24
2	4	22
8	11	31
4	5	25
2	5	25
5	8	33
2	5	24
2	6	25
5	5	26
4	5	27
5	4	26
5	6	27
9	13	35
6	8	30
2	5	21
3	7	23
3	6	22
2	8	23
6	8	28
6	8	30
6	9	27
6	10	29
5	9	28
5	10	28
5	6	21
1	4	21
2	7	20
6	8	30
0	11	91
4	9	23
7	7	30
3	7	21
2	6	21
2	6	21
2	7	22
9	8	29
7	9	27
6	11	29
4	7	25
11	12	34
5	9	25
3	7	23
3	8	26
5	5	27
3	5	23
4	8	25
2	9	24
3	8	25
6	9	26
11	19	90
0	2	20
4	37	91
0	10	91
1	6	21
4	7	23
4	8	29
1	4	21
3	6	23
2	6	21
4	7	22
1	5	20
2	4	20
4	7	22
2	4	21
3	6	22
1	3	22
2	6	24
4	6	22
8	10	26
4	10	26
4	6	22
4	9	25
6	8	24
0	3	21
4	9	25
5	9	26
2	4	21
6	8	27
12	14	32
4	10	26
2	5	21
4	8	29
6	9	30
4	9	28
6	10	30
7	11	32
5	11	33
3	10	29
4	7	27
4	7	24
2	7	24
1	6	21
6	8	24
0	24	90
3	5	21
3	8	22
1	5	23
0	9	90
1	7	91
1	3	23
3	6	21
4	6	23
2	6	22
0	10	91
3	9	23
0	2	21
1	6	23
1	5	22
2	6	25
0	8	90
4	7	23
3	6	21
5	9	26
1	15	90
0	15	89
9	12	31
8	12	31
2	5	20
5	11	28
3	9	22
6	9	26
7	12	31
6	10	30
6	11	26
2	7	24
2	9	22
2	6	23
4	9	30
4	9	23
4	8	23
5	12	27
4	5	22
5	7	24
1	5	20
5	7	24
4	6	22
3	6	22
3	7	23
3	5	22
4	7	23
5	12	33
6	9	26
5	8	24
3	8	23
1	11	21
6	8	26
5	5	25
5	7	24
1	5	21
1	5	21
2	6	22
1	4	21
2	7	21
7	11	27
4	8	23
6	8	25
4	8	21
2	8	20
3	6	22
5	10	25
3	6	23
4	8	28
6	10	30
5	11	30
2	5	23
3	6	24
2	5	22
3	6	23
4	7	25
3	6	24
2	5	22
4	7	23
6	9	24
1	4	22
2	7	23
4	9	24
6	7	22
3	7	22
4	11	30
5	10	30
4	8	24
4	12	27
4	8	30
0	10	90
9	10	34
7	12	27
4	5	22
7	9	25
4	7	26
3	6	21
4	8	21
3	6	23
5	8	25
8	8	30
3	8	24
5	7	22
8	9	31
5	9	27
4	7	24
2	7	22
4	6	23
4	6	25
3	4	24
2	6	22
2	6	22
5	7	30
5	8	23
4	10	25
3	9	24
4	9	23
2	12	25
6	13	31
5	5	24
3	8	24
3	7	21
3	7	21
5	9	23
9	11	35
8	10	27
3	7	22
4	8	22
5	8	22
5	10	26
4	9	26
6	10	30
7	9	33
4	6	22
5	6	23
3	6	21
7	8	31
5	8	26
3	7	22
4	8	26
3	6	23
7	10	30
5	7	23
4	6	22
2	8	23
5	9	30
4	9	23
4	11	24
6	10	26
6	12	30
4	9	27
5	10	26
5	9	25
4	8	24
4	7	23
0	11	91
3	7	22
7	9	29
2	7	22
2	7	24
4	7	25
0	3	22
0	4	21
9	10	27
3	6	22
6	10	29
7	10	30
4	8	23
9	12	39
5	13	32
4	11	30
5	10	26
4	9	26
2	8	25
4	6	25
7	10	30
4	8	23
1	4	21
5	7	24
5	7	24
4	6	23
5	12	31
6	11	30
4	10	26
6	7	24
3	9	22
2	6	23
4	5	24
6	7	27
5	11	27
8	20	39
9	18	38
7	14	30
5	7	24
5	8	25
4	6	24
7	11	31
5	8	25
6	8	29
6	9	31
8	11	31
7	12	32
5	12	28
5	11	30
5	12	28
5	11	26
6	14	32
6	12	30
8	8	29
8	9	32
8	9	32
3	6	25
2	9	28
5	9	22
1	1	22
5	13	32
4	7	23
1	4	21
8	9	29
2	6	21
3	6	22
5	8	22
3	7	22
0	5	91
0	6	89
2	6	22
1	3	20
10	11	33
7	9	25
6	8	27
4	9	24
5	6	24
0	29	91
4	8	26
1	6	21
0	5	89
0	3	91
0	6	62
7	13	30
2	4	20
5	7	25
2	5	21
1	30	90
0	-1	90
1	30	90
0	31	90
1	25	73
8	10	30
8	11	31
5	13	32
9	13	31
0	3	21
1	3	22
2	5	23
2	5	22
2	5	21
0	9	91
0	15	91
6	10	26
7	10	24
8	11	30
3	4	22
9	15	34
3	7	23
10	15	35
8	10	28
10	13	32
3	7	24
2	2	21
1	4	22
0	4	21
1	3	24
0	7	91
3	11	30
4	8	22
4	10	30
3	7	25
7	9	26
2	5	22
1	13	91
1	9	90
4	8	25
4	8	26
1	7	21
5	6	24
0	2	22
0	4	24
0	2	22
2	4	26
1	3	23
2	2	24
1	4	25
4	5	22
7	12	30
7	9	26
9	13	32
4	6	23
3	8	22
3	8	21
4	8	30
2	18	91
3	9	24
1	1	21
2	5	25
1	3	20
5	7	31
10	15	34
9	15	33
6	10	24
1	4	20
4	5	22
4	5	21
1	17	91
5	8	23
4	8	24
0	15	91
1	12	91
5	8	25
2	2	23
6	11	32
4	7	22
3	6	22
0	10	90
0	18	90
7	8	25
1	4	21
1	4	25
1	6	23
4	6	24
6	7	24
3	5	25
7	10	27
5	12	30
0	36	91
2	4	22
3	5	21
4	7	28
5	7	26
9	12	35
5	9	30
2	7	22
3	5	22
7	11	27
5	8	26
5	7	25
6	8	24
5	9	30
5	8	25
4	6	27
4	8	24
6	13	28
0	4	23
9	11	34
11	10	36
0	3	22
2	5	21
3	4	22
9	12	31
2	5	22
2	6	21
2	5	23
3	5	24
4	7	25
0	3	22
2	5	24
1	5	22
0	3	23
0	2	23
1	3	23
3	4	22
3	7	25
2	9	26
2	9	25
3	8	23
4	11	29
7	13	35
3	9	26
6	14	33
5	14	34
3	7	22
4	10	30
9	8	34
4	7	23
0	3	22
5	9	25
4	9	26
4	8	24
3	9	26
3	7	22
3	7	26
5	7	30
1	4	22
0	12	90
0	14	91
1	5	20
0	5	23
1	5	22
0	5	21
0	2	21
4	10	31
5	12	30
11	13	33
8	10	29
4	11	23
5	9	27
0	9	90
4	7	22
3	8	25
4	8	28
4	6	24
3	6	22
4	7	23
5	6	25
5	9	27
5	7	26
5	8	27
3	5	21
2	6	22
1	8	21
3	7	22
0	11	89
0	10	91
0	6	90
0	12	90
4	5	24
4	9	25
3	8	23
2	4	21
4	8	25
1	6	20
3	6	23
5	11	28
2	11	47
9	11	28
7	13	28
2	5	21
2	6	21
4	7	31
2	5	22
3	5	21
6	9	30
2	4	23
2	6	21
3	5	20
6	11	25
1	4	23
6	10	31
3	5	21
2	5	21
3	5	21
9	12	35
2	5	23
3	6	21
0	10	89
0	8	90
7	9	30
0	7	90
3	7	22
4	6	21
1	6	21
7	9	30
1	4	21
3	5	21
1	4	20
2	7	24
3	5	22
6	11	30
5	8	27
4	5	23
6	7	26
0	4	23
2	5	23
4	6	23
5	12	31
7	8	26
3	5	25
4	6	23
3	6	24
3	7	24
3	6	24
0	5	23
1	4	21
0	4	20
1	2	21
9	9	30
8	19	60
4	7	22
4	8	22
4	7	22
3	7	21
4	7	22
4	10	25
3	8	22
3	8	23
4	9	24
4	9	25
8	8	29
5	10	29
5	11	27
5	11	27
4	12	31
1	7	23
0	18	90
0	12	91
4	4	24
3	10	25
4	6	23
2	6	24
6	7	26
4	6	23
7	8	26
4	4	23
5	11	28
5	7	30
2	7	21
5	8	23
4	7	22
3	5	22
3	4	22
3	4	23
2	4	22
1	26	90
0	3	20
2	35	91
8	9	32
9	10	29
8	9	27
0	10	91
0	4	21
2	4	21
10	9	33
3	8	24
0	7	91
5	12	30
1	2	20
2	3	22
0	-1	91
0	25	90
1	4	24
0	3	20
4	6	23
2	6	23
1	4	20
8	12	33
1	5	21
2	5	20
3	7	27
3	5	23
3	4	22
9	11	34
9	10	32
7	12	32
7	9	31
8	10	30
8	10	34
7	8	26
6	8	26
8	9	28
2	5	21
1	8	22
2	4	21
2	4	23
2	7	24
3	6	23
7	12	31
0	13	90
0	14	87
2	7	21
3	6	22
2	4	23
11	10	37
3	5	23
3	5	23
6	8	31
3	6	21
2	5	20
3	6	21
6	5	27
5	7	24
4	9	26
10	9	31
7	9	27
3	8	25
11	13	32
10	11	30
9	11	33
9	9	29
2	4	21
2	5	22
4	8	24
2	3	20
2	7	23
8	15	34
8	13	33
9	16	36
9	14	33
11	16	42
2	8	25
2	7	22
0	4	20
4	9	23
3	9	31
2	8	25
4	10	28
5	8	22
7	9	25
5	9	26
4	9	23
3	7	23
2	7	25
3	6	23
7	7	24
3	5	22
5	8	24
4	8	24
4	9	22
5	12	30
7	10	31
4	8	22
11	15	34
2	7	21
3	7	24
3	7	22
4	6	21
5	8	25
3	5	23
2	8	21
1	4	20
2	6	22
2	7	21
3	4	25
3	5	21
4	9	25
2	5	22
2	5	21
3	10	27
3	6	21
7	12	31
2	4	22
2	6	21
1	4	21
6	10	31
3	6	23
4	8	22
2	6	22
3	7	21
4	9	24
10	12	33
10	11	32
2	6	21
1	8	24
3	6	23
3	5	24
3	6	24
3	6	24
3	7	24
6	12	31
6	8	24
8	8	27
2	6	21
7	12	28
6	11	30
5	7	30
0	12	91
5	8	23
3	6	22
2	6	20
4	8	24
6	6	24
6	7	24
4	12	29
4	8	23
6	10	27
0	9	91
8	11	34
4	10	25
6	9	25
3	8	22
4	8	23
4	10	23
1	5	21
3	7	23
2	6	21
5	7	24
6	8	26
5	6	24
3	7	22
5	8	24
2	6	21
2	7	21
5	7	25
7	7	27
7	8	25
5	8	25
7	9	25
5	8	24
0	19	90
5	8	24
3	6	21
3	4	22
2	6	20
3	6	21
2	5	21
5	9	26
3	5	22
8	9	33
10	12	33
3	7	22
2	5	21
2	6	21
8	13	28
1	6	22
2	7	22
9	13	30
6	14	32
5	11	25
9	11	33
3	7	24
7	11	28
2	6	22
3	5	21
6	9	24
0	2	91
3	7	21
6	8	28
5	8	26
0	28	91
5	10	33
3	6	22
5	7	23
6	7	24
6	7	25
2	4	20
5	6	26
0	6	70
11	17	39
10	13	37
9	12	36
8	9	25
3	4	22
2	6	23
8	12	32
2	5	21
9	11	34
11	10	32
9	8	29
2	6	24
9	15	34
2	6	24
3	6	24
2	5	22
2	4	22
4	5	22
0	28	90
2	8	23
6	10	31
2	9	25
6	9	23
4	10	24
1	5	20
9	13	35
3	5	21
3	9	25
6	15	32
8	9	29
4	8	23
6	9	24
6	10	27
2	8	21
1	5	21
1	4	20
8	12	32
2	6	23
3	6	22
2	5	23
2	6	23
8	15	33
3	5	23
0	10	91
7	10	26
7	11	30
3	6	23
2	7	22
3	5	20
2	5	21
3	12	30
1	5	20
3	7	21
3	6	24
2	10	24
10	14	34
7	10	27
7	10	31
3	8	24
4	11	31
6	10	25
7	6	27
4	6	24
3	8	21
9	12	31
2	3	20
2	7	21
4	7	23
5	9	26
5	9	30
6	8	24
7	8	27
3	5	21
0	14	89
7	11	27
10	13	31
3	8	21
2	6	20
2	6	21
2	9	91
3	4	21
1	7	21
4	8	24
6	9	25
3	10	25
5	9	24
5	10	26
2	2	21
8	10	30
6	10	32
7	11	29
5	6	23
2	5	24
2	6	23
3	5	22
3	9	25
3	9	23
5	9	25
3	8	22
6	10	31
0	4	21
0	6	49
8	9	29
3	8	26
2	6	23
5	9	27
1	4	21
2	5	21
5	8	33
5	11	30
5	11	25
3	5	23
8	11	26
9	12	29
8	13	31
13	15	41
5	25	86
5	10	28
6	7	25
4	9	26
2	6	21
4	9	24
5	9	27
1	4	22
0	4	20
0	4	21
3	8	23
3	6	23
3	6	24
1	9	23
6	9	25
4	10	23
7	11	27
8	12	32
2	7	23
4	10	91
0	8	91
1	6	25
1	3	21
0	4	22
1	3	23
3	5	23
6	11	29
3	6	21
3	7	22
2	7	22
3	7	21
1	3	22
6	10	27
2	6	22
6	9	26
5	10	27
4	10	34
2	5	23
5	13	32
5	7	30
2	4	23
3	7	25
4	8	27
5	6	24
3	7	25
4	8	24
7	13	31
1	8	22
3	7	23
3	7	23
1	2	22
4	8	25
6	8	27
4	9	25
4	7	23
5	10	28
4	10	32
5	10	27
1	2	23
5	7	27
1	4	21
3	8	24
4	9	24
4	9	24
5	6	24
1	3	20
2	6	21
5	9	25
5	10	26
8	8	29
3	8	30
2	7	23
4	7	24
2	6	22
2	6	22
7	10	28
2	4	23
2	5	23
1	5	24
7	8	28
0	11	90
2	12	91
6	8	30
5	7	26
3	5	23
5	9	28
6	6	25
3	5	24
2	7	21
3	5	20
2	5	21
5	8	25
5	7	23
3	7	23
1	5	22
5	10	32
2	4	22
8	12	33
0	22	91
4	6	22
4	5	23
5	8	26
5	7	23
3	4	22
2	4	23
3	6	25
5	6	22
4	7	24
3	6	24
6	11	29
5	6	22
5	10	24
3	4	21
6	12	33
1	5	23
11	10	36
4	12	28
4	7	26
10	15	36
5	8	23
5	8	23
2	5	22
2	6	20
1	4	21
2	6	20
7	8	26
3	8	26
5	14	33
4	10	26
4	8	23
4	9	23
5	8	27
3	6	23
1	4	23
6	11	31
4	11	31
3	12	32
2	10	23
3	9	25
4	10	31
3	7	23
2	7	21
1	6	20
2	6	22
2	6	21
4	12	30
3	9	21
5	9	23
0	8	91
0	7	90
1	6	22
3	8	26
3	7	24
3	7	23
2	6	22
3	8	26
8	11	33
6	9	31
3	6	23
6	11	32
4	11	34
7	7	24
3	8	23
2	5	23
6	8	27
5	8	25
2	8	25
1	6	21
3	5	21
3	6	21
5	11	30
4	7	24
5	10	29
3	6	21
2	6	26
7	7	31
4	7	23
4	6	22
3	7	22
1	4	21
2	7	22
4	9	28
2	8	24
3	7	24
3	8	23
3	8	22
4	7	26
5	6	25
5	7	24
3	6	23
3	5	22
3	5	21
3	5	22
3	33	90
9	11	34
1	4	20
4	8	26
3	8	23
4	7	23
8	12	34
1	5	20
3	5	21
11	10	32
3	6	23
2	7	21
7	12	31
7	12	30
2	7	21
2	9	22
3	9	29
5	9	31
3	6	23
1	7	23
1	5	22
5	8	25
3	8	22
3	3	22
8	12	33
3	7	21
3	8	25
2	7	24
2	8	23
5	10	25
6	8	24
3	8	23
4	7	22
0	2	21
5	5	26
8	10	26
3	9	27
4	6	24
4	7	27
6	11	31
4	8	22
4	8	24
7	13	33
7	13	32
5	7	26
5	8	26
4	8	22
2	5	21
2	5	20
3	7	24
6	9	25
7	11	31
6	11	30
4	12	30
5	8	30
6	8	25
8	7	33
7	12	30
6	9	31
6	7	26
6	9	26
7	11	37
6	-1	41
3	7	25
3	6	24
2	6	22
2	5	21
3	8	26
3	7	23
4	8	26
6	13	33
7	12	35
6	10	32
4	8	26
5	10	28
3	6	26
6	12	33
5	10	27
5	9	28
7	11	34
8	11	33
8	11	37
6	11	34
7	13	37
8	12	35
4	10	31
6	9	28
3	11	25
2	8	23
3	10	23
5	5	26
6	10	30
4	10	24
2	4	20
8	11	27
3	7	21
3	6	21
3	5	21
0	17	91
0	10	90
0	9	91
5	8	23
9	8	35
9	10	38
10	9	35
8	9	36
3	8	24
5	9	23
6	7	25
7	13	32
2	6	23
2	12	91
3	13	91
5	9	27
1	7	24
4	7	22
2	8	22
2	7	21
2	9	24
4	8	22
3	7	22
2	3	22
4	7	24
6	8	26
4	9	26
6	8	26
3	7	22
8	12	32
2	8	22
9	16	38
8	9	32
11	13	42
3	9	26
4	9	25
4	7	27
3	8	21
5	9	26
3	7	23
2	7	22
1	3	22
3	6	21
1	3	20
2	6	21
3	6	23
1	5	21
3	7	24
5	7	26
5	11	29
5	8	25
6	6	25
4	7	24
4	6	27
5	7	25
4	6	25
4	5	25
9	10	28
6	8	28
1	10	90
0	7	91
2	6	21
8	14	35
1	-1	91
4	10	24
2	9	23
3	7	26
2	7	20
3	7	22
5	7	24
4	7	23
5	9	24
5	8	23
3	9	28
1	7	21
6	8	24
5	10	31
7	10	28
6	9	26
3	5	24
5	7	23
2	3	20
5	10	31
5	10	24
3	5	25
3	36	91
3	37	91
8	13	30
2	4	22
3	9	23
3	7	21
3	8	25
4	8	26
3	9	25
4	12	31
5	13	33
6	13	32
0	17	91
0	17	91
5	7	28
6	8	24
2	21	91
3	9	25
3	9	23
3	7	24
3	6	21
2	8	29
0	21	90
2	7	24
5	7	25
3	7	24
3	6	22
1	5	22
2	6	21
5	7	27
4	7	30
4	7	25
2	7	25
4	7	25
4	7	25
1	7	90
1	4	22
3	4	24
1	3	22
2	2	21
3	6	21
6	8	24
3	6	32
3	6	24
7	12	29
3	5	21
7	7	30
4	9	30
6	10	31
3	6	23
11	10	34
3	5	22
6	9	26
9	8	31
5	6	25
0	8	91
0	15	91
6	9	32
5	12	30
8	13	31
5	13	31
6	8	28
8	16	31
4	6	23
6	9	24
3	6	23
4	8	22
3	9	25
3	6	23
7	8	26
2	6	25
3	7	25
4	7	26
6	6	23
6	9	30
5	10	30
4	6	23
3	5	22
6	7	27
4	8	27
5	11	30
3	8	26
3	8	24
5	10	31
6	10	31
4	6	23
4	5	21
6	11	26
5	9	34
6	34	91
8	12	30
3	7	23
4	6	22
1	6	20
7	9	25
1	4	21
7	12	32
5	7	25
6	7	23
7	9	25
7	12	32
3	8	22
1	23	91
3	7	21
6	8	27
7	9	27
8	9	26
3	6	23
6	13	30
6	6	26
6	9	23
5	8	30
5	8	24
5	8	25
3	6	23
7	12	30
4	6	24
3	5	22
4	6	23
0	-1	90
7	9	31
3	8	21
6	9	25
5	8	22
9	11	36
7	11	27
2	8	21
4	32	90
9	10	30
3	7	24
2	4	22
2	6	22
4	6	25
4	7	24
0	12	91
0	12	91
2	4	22
2	5	25
2	3	21
2	4	20
1	4	21
2	6	22
9	14	37
5	5	26
6	5	23
2	4	22
4	11	28
7	9	28
7	8	25
4	5	22
2	4	21
6	7	36
4	7	24
4	9	30
3	6	22
3	5	22
7	12	33
1	9	91
0	8	90
3	6	20
2	6	21
8	9	30
7	9	29
10	11	37
10	12	34
5	10	31
4	9	22
4	8	24
4	11	32
3	7	24
1	5	22
3	8	26
5	8	31
4	8	30
5	6	24
4	7	25
1	5	21
2	6	21
3	4	23
4	9	26
3	8	24
4	7	24
4	8	25
4	7	23
3	6	21
5	7	30
4	6	25
1	5	21
0	5	20
1	4	21
1	4	20
5	6	25
2	22	91
4	11	24
5	9	24
1	3	20
5	11	28
8	10	29
4	10	26
2	4	22
3	9	26
8	9	29
3	4	23
2	4	23
1	3	25
2	6	20
8	12	31
4	8	21
6	9	23
3	6	23
2	7	21
8	14	31
5	7	25
3	7	22
6	12	31
3	9	26
6	8	26
2	6	24
1	7	23
2	7	23
4	8	26
4	8	25
4	7	24
3	7	22
5	7	23
4	8	26
4	7	27
3	10	30
4	12	30
4	8	24
4	7	23
4	7	25
3	9	26
4	8	27
4	8	27
7	8	26
2	7	22
6	15	32
6	11	28
4	8	25
4	8	24
3	7	22
3	6	22
8	8	29
9	10	31
5	8	24
3	7	27
7	13	33
4	9	26
8	10	30
9	9	28
1	4	20
1	5	20
2	8	23
2	9	23
4	9	24
1	6	21
9	11	35
8	11	32
7	11	30
1	4	20
0	13	90
0	13	91
4	9	23
1	5	20
2	7	24
4	5	23
7	8	27
5	8	25
2	5	21
8	11	31
4	8	24
4	6	27
4	7	27
5	6	30
6	6	27
5	6	26
4	7	26
3	7	25
3	7	24
5	9	30
4	9	23
3	7	22
2	-1	91
5	5	24
1	5	21
4	7	25
3	8	24
3	8	22
2	11	24
4	12	33
1	6	21
4	8	25
2	9	22
3	7	23
1	6	26
1	5	25
2	6	24
2	4	23
0	3	22
1	3	21
0	5	22
0	3	24
5	9	24
4	8	20
1	5	21
7	7	30
2	9	23
3	7	22
3	7	23
3	5	23
2	5	22
2	4	20
2	4	21
5	10	25
5	10	26
4	8	25
2	5	22
3	5	20
7	9	28
7	11	30
3	6	24
2	6	25
3	8	25
4	7	24
0	3	20
3	6	23
3	8	21
3	7	22
4	9	23
2	7	24
2	5	22
0	4	22
4	9	28
5	9	27
4	5	22
0	0	91
5	6	23
4	7	25
2	4	22
5	5	23
0	4	73
0	27	90
2	3	22
7	7	25
3	6	23
3	4	22
3	4	23
0	8	86
1	2	21
0	2	22
6	11	29
0	2	32
1	3	20
7	10	30
5	7	26
0	12	90
4	5	25
1	6	91
0	7	91
3	6	23
2	5	21
1	4	20
0	9	91
0	9	91
0	7	90
4	6	25
7	10	28
2	8	22
5	5	26
3	5	21
4	6	20
1	3	21
1	7	23
2	11	91
1	10	91
4	5	26
3	6	23
1	3	24
2	4	22
9	8	28
6	5	24
6	5	25
2	4	22
4	5	22
5	7	23
5	6	24
2	5	21
1	5	20
2	5	21
6	9	31
5	7	24
8	11	26
2	6	22
6	11	31
0	10	90
0	-1	87
3	4	22
5	7	23
8	9	29
6	7	25
8	13	30
2	6	22
6	8	30
7	11	28
3	3	23
3	3	22
0	4	21
3	7	23
2	4	20
7	9	30
4	10	27
4	6	24
5	7	22
4	6	21
8	8	31
3	11	24
1	5	20
1	4	20
4	8	26
3	5	25
1	3	22
2	6	22
4	8	32
5	8	24
4	9	23
4	11	28
4	8	25
7	8	27
7	10	31
7	13	34
8	11	33
6	11	31
3	7	21
6	13	32
2	3	20
3	4	22
6	10	30
3	9	24
5	7	26
1	6	21
3	5	21
2	4	22
2	4	22
2	6	23
3	8	23
4	8	24
3	8	24
4	7	25
5	7	24
3	8	24
4	6	23
2	5	22
7	10	25
1	20	90
2	6	21
4	8	26
5	12	30
6	9	25
4	8	23
4	5	23
3	6	22
3	7	20
3	10	24
2	6	22
1	6	22
2	8	22
3	9	25
5	7	25
8	9	25
4	10	24
11	11	41
11	9	39
10	8	39
11	9	38
12	9	35
2	7	24
4	5	22
20	40	90
10	37	90
6	11	26
6	10	25
4	8	22
5	6	22
4	6	22
3	8	26
11	13	32
5	5	25
0	5	21
6	9	25
0	6	91
0	9	90
5	9	27
6	12	32
4	8	25
0	9	91
0	4	87
3	7	24
3	5	21
4	7	23
5	9	24
5	9	26
2	3	22
0	17	91
0	7	88
3	6	21
7	9	30
6	8	26
0	6	89
4	7	23
5	8	30
6	13	33
3	9	24
1	3	21
0	5	20
8	9	33
3	9	27
0	9	90
9	9	35
10	10	36
4	13	27
3	5	23
4	8	22
6	9	27
2	5	23
2	4	24
5	7	22
5	9	24
5	9	26
5	8	23
5	8	23
3	8	23
3	6	24
4	10	24
6	8	25
2	7	21
0	26	91
0	27	91
2	5	20
2	5	21
1	4	24
0	13	89
5	8	26
1	4	22
3	6	21
7	10	32
7	13	33
6	9	24
2	10	22
4	9	25
5	10	25
4	9	25
7	10	26
0	3	20
7	7	23
4	10	26
7	12	27
1	10	90
0	10	91
7	10	27
6	9	26
4	8	23
4	8	22
3	7	21
7	8	26
2	7	21
8	11	28
3	6	22
5	9	30
4	6	22
3	7	23
5	7	23
3	8	24
4	9	25
2	9	25
0	8	91
0	11	90
3	2	22
5	8	25
0	13	91
0	9	91
3	5	21
1	3	20
1	5	25
2	8	21
2	6	20
5	7	24
7	7	32
6	8	31
1	3	22
2	5	20
1	4	22
1	6	23
5	29	90
1	3	20
6	10	30
5	9	23
0	7	91
0	9	90
0	10	91
1	6	21
6	10	26
7	10	30
4	6	22
7	14	36
3	7	23
3	8	26
5	9	31
4	5	23
9	13	33
9	10	29
4	6	21
1	6	80
1	1	25
0	1	23
0	1	22
2	1	20
1	1	20
4	7	23
4	6	22
0	7	90
0	11	91
1	4	24
4	58	90
3	6	23
5	7	23
0	28	90
0	29	89
5	6	23
7	11	31
0	14	72
0	12	91
2	5	21
0	2	23
6	8	25
0	11	91
8	14	32
8	12	35
8	11	31
9	10	29
3	8	23
4	7	24
1	3	21
4	8	22
6	8	26
8	10	29
6	9	27
7	9	27
6	7	26
1	4	21
3	5	21
7	7	33
6	7	31
6	8	35
4	10	26
4	8	30
4	8	24
5	7	25
3	5	21
5	7	26
4	7	22
4	8	25
4	9	24
5	8	26
5	9	26
0	3	22
5	11	26
5	8	24
2	7	21
1	4	22
7	8	27
7	9	25
7	9	25
7	8	29
8	8	26
0	3	22
2	6	24
7	11	26
2	5	22
7	9	30
3	8	27
2	5	22
3	8	24
2	6	22
2	6	24
4	7	23
3	5	22
4	12	30
5	11	31
3	11	26
4	11	25
4	10	27
3	9	24
5	8	26
5	8	27
3	7	22
3	6	24
4	7	23
3	5	21
6	11	30
5	8	24
4	8	23
0	7	21
3	6	21
1	5	20
2	5	23
3	13	30
5	8	25
3	8	23
2	5	22
4	10	25
6	7	27
2	6	22
2	2	21
2	7	21
7	11	28
2	3	23
2	3	22
4	9	22
7	12	31
1	7	21
1	7	21
3	8	24
5	8	24
3	10	29
1	4	22
2	4	21
3	10	25
2	7	23
3	6	23
1	4	22
0	3	20
2	4	21
0	37	90
4	4	23
3	6	23
3	7	21
3	7	22
3	4	23
6	6	25
4	8	25
9	12	32
9	13	33
8	12	34
0	8	91
0	9	90
7	13	33
5	13	30
5	14	30
6	12	28
3	10	26
4	11	26
3	5	25
8	11	31
1	4	24
1	4	23
0	4	22
1	5	21
0	4	20
2	9	31
1	9	32
1	7	30
2	8	34
2	7	31
1	6	32
3	6	21
1	14	91
2	6	22
2	5	20
2	8	23
5	8	30
2	2	24
2	4	21
7	8	25
7	4	26
4	10	30
1	3	21
1	3	20
2	5	22
3	8	22
6	13	30
7	12	29
3	7	22
4	7	22
2	6	23
4	10	24
5	12	33
5	8	25
5	12	24
2	7	21
1	9	22
1	7	21
6	7	24
10	10	34
9	8	32
5	9	24
3	7	23
3	7	24
4	9	25
3	6	23
3	7	22
7	9	31
9	11	30
8	12	30
5	9	26
2	3	21
2	5	20
3	7	22
8	12	33
10	16	33
6	7	26
6	7	25
7	11	31
7	12	31
5	10	27
7	13	34
6	9	24
0	3	20
2	6	23
2	5	22
4	7	22
3	7	23
1	6	21
7	7	26
6	8	26
6	8	26
10	14	36
3	8	23
5	11	32
4	7	26
4	6	24
4	12	32
1	6	22
4	11	30
1	5	21
6	11	34
5	8	30
1	6	20
4	6	22
3	8	24
4	7	24
3	8	23
3	6	21
8	10	28
2	7	24
5	8	28
2	7	24
4	7	25
3	7	24
5	12	30
5	7	24
4	8	25
4	10	27
4	8	24
4	9	24
3	9	22
5	8	24
2	7	23
2	6	22
2	7	24
7	11	30
3	8	24
4	11	27
7	12	27
3	6	24
1	5	22
3	7	21
5	7	25
2	7	23
4	7	25
3	8	25
4	7	22
1	5	21
4	7	24
3	6	22
4	6	22
5	9	26
2	8	22
7	10	28
7	10	30
5	7	27
6	8	26
2	5	22
2	5	23
3	6	21
2	8	21
3	7	23
6	12	30
8	11	28
8	10	26
6	12	26
6	11	25
6	10	25
4	8	26
5	8	24
5	8	23
4	7	24
9	10	27
7	8	25
2	8	24
3	8	23
4	10	26
4	8	26
4	11	26
4	9	24
4	8	25
3	6	25
6	8	25
0	15	90
3	10	91
5	13	32
3	7	23
6	7	26
3	7	22
1	4	20
3	8	21
7	7	26
1	19	90
4	7	21
5	8	22
5	10	32
2	5	22
5	7	30
3	6	24
2	5	21
3	6	24
4	8	24
2	9	22
3	5	22
12	9	38
3	8	23
3	7	24
4	6	30
6	12	31
5	7	24
4	9	25
2	3	22
4	6	23
9	13	32
2	7	20
0	10	90
0	6	91
0	9	91
3	9	22
4	7	25
3	7	22
1	3	21
2	7	23
3	6	21
5	8	23
0	4	20
2	5	21
4	10	32
4	6	21
4	7	25
3	6	23
7	10	28
8	11	28
8	11	27
7	10	28
8	8	29
5	9	26
7	11	27
4	9	27
5	6	24
3	6	22
0	2	21
1	4	23
1	3	21
1	5	20
4	7	22
7	8	28
4	12	28
6	11	32
0	0	91
0	2	90
0	4	90
6	9	23
7	9	30
5	8	26
5	8	25
3	7	22
2	5	21
2	6	22
0	7	91
5	12	26
1	5	20
4	10	31
1	3	24
1	3	23
1	3	22
1	4	23
1	4	21
3	7	20
1	2	21
0	7	25
3	9	25
4	25	91
2	5	23
4	6	23
1	4	23
1	4	21
5	7	21
0	5	20
2	5	21
9	13	33
9	14	32
9	12	29
8	11	30
8	14	33
10	15	33
10	13	34
7	12	32
4	10	24
4	9	25
1	4	22
3	4	23
3	11	30
4	5	24
4	5	22
4	5	23
2	5	21
5	14	32
3	7	23
4	9	24
2	12	27
6	8	24
2	8	25
6	5	27
6	10	28
3	9	22
2	6	24
3	2	21
2	4	20
0	4	23
2	6	21
2	5	24
0	8	91
3	8	22
5	6	22
2	6	24
5	9	24
1	3	22
0	1	86
6	8	23
3	7	20
0	7	91
1	6	20
4	5	22
5	7	24
3	8	24
5	6	23
3	3	24
8	9	30
3	6	24
1	4	23
0	9	91
1	4	21
2	6	22
3	5	25
1	11	91
1	6	91
5	5	25
3	7	26
0	12	91
2	4	21
4	8	26
5	8	22
3	6	24
6	7	25
4	6	23
3	6	22
2	7	20
1	13	91
0	11	91
4	8	24
3	8	23
6	9	27
0	4	21
5	-1	90
7	11	31
4	8	21
6	9	27
2	5	20
2	7	23
5	6	23
4	7	25
5	6	24
3	5	22
0	12	91
5	8	25
4	9	25
2	8	24
2	6	22
3	7	22
1	5	21
3	8	25
5	6	25
6	8	30
8	10	34
2	6	21
2	3	21
6	7	25
1	4	20
5	9	30
6	10	39
2	4	21
0	7	52
0	2	20
0	20	90
0	9	91
0	8	91
4	6	23
4	5	26
5	7	24
1	6	22
2	7	22
3	6	23
2	6	21
5	8	27
5	7	25
6	8	28
2	5	22
2	4	23
5	8	25
3	6	21
5	6	23
8	9	31
2	5	20
3	6	25
3	6	26
5	7	25
3	7	26
4	7	23
0	9	91
0	16	91
5	9	24
2	8	23
0	14	91
1	4	21
5	9	22
6	8	26
5	9	26
3	9	22
3	9	23
3	8	25
1	5	21
3	4	21
4	7	23
4	7	22
5	8	25
5	8	24
5	9	26
4	7	23
3	9	24
3	10	25
4	6	22
3	6	22
4	5	25
0	5	91
0	10	85
3	7	22
5	12	27
4	7	24
2	5	22
2	7	21
6	10	26
3	7	24
4	7	23
5	7	24
6	11	30
7	12	32
9	14	32
7	13	31
6	11	27
5	13	30
6	14	33
7	14	32
7	14	31
6	13	30
3	10	24
3	8	23
2	7	22
1	2	22
5	8	23
4	8	23
5	11	30
5	11	30
3	9	24
6	12	27
5	10	26
2	5	22
2	6	24
3	7	23
6	12	31
6	7	25
4	8	23
2	7	24
4	6	23
4	9	25
7	11	29
1	6	20
3	4	23
4	8	23
1	6	20
6	8	28
5	8	27
3	9	27
4	7	26
10	14	33
3	8	23
5	10	25
3	8	25
3	7	23
10	11	31
10	11	30
8	11	30
8	11	29
3	5	20
2	5	24
9	13	32
8	14	34
9	12	32
9	12	31
2	6	23
3	5	21
4	7	22
4	8	24
5	9	22
2	7	22
3	5	24
3	5	21
2	3	20
3	7	21
11	18	38
5	8	24
5	7	23
5	8	22
2	5	23
2	4	21
2	7	21
5	11	28
3	11	28
2	4	21
3	7	23
1	3	22
1	5	21
4	7	25
4	8	25
3	5	25
1	26	90
3	8	22
2	4	20
4	5	23
3	7	23
1	5	20
7	9	31
4	9	23
3	8	23
8	12	32
4	9	26
4	9	26
2	6	24
2	4	23
2	4	22
5	9	26
1	3	21
2	5	24
4	7	25
3	5	24
6	8	29
8	11	33
5	9	26
0	17	91
6	11	28
4	10	27
5	8	25
6	8	27
2	4	22
2	4	21
0	14	91
0	4	20
0	11	83
0	11	83
5	12	30
3	9	23
2	8	22
8	13	33
6	9	27
6	6	23
6	8	25
3	9	23
5	11	28
4	8	31
0	-1	90
0	9	91
3	10	26
3	9	23
4	52	90
12	17	35
2	5	23
0	4	22
4	11	26
4	6	24
6	8	25
3	5	24
2	3	23
0	4	23
4	8	23
4	6	26
3	7	22
3	7	21
3	5	22
3	6	23
3	5	21
7	6	24
2	9	22
1	19	90
3	6	23
3	8	24
5	7	25
1	4	21
4	10	23
3	9	22
0	10	90
5	8	25
4	6	23
2	4	22
4	6	22
3	7	21
3	8	23
2	5	22
0	11	91
4	6	20
0	41	91
1	7	23
4	10	36
0	4	24
0	4	24
0	3	24
1	3	21
1	3	20
1	4	23
3	6	22
3	6	23
3	5	22
4	5	24
4	6	22
5	6	27
4	5	23
4	6	25
2	6	24
5	8	26
3	6	23
2	6	22
0	5	23
1	7	24
6	7	23
0	3	21
8	13	32
3	6	21
0	-1	91
1	5	25
1	3	20
3	5	24
2	7	23
3	7	23
2	5	21
4	8	27
2	4	24
3	6	22
0	10	90
0	11	72
3	6	22
2	6	21
9	11	32
5	9	26
1	31	86
7	9	23
5	13	30
7	10	26
7	9	29
0	6	91
0	5	20
2	5	21
3	7	21
3	7	22
3	7	22
7	10	31
7	10	30
4	6	22
6	5	25
5	6	27
2	5	20
0	2	21
3	7	24
2	6	20
3	6	21
1	5	20
2	5	21
3	4	21
3	4	20
4	5	22
3	6	21
2	5	20
4	4	27
1	5	21
5	6	23
4	8	23
3	8	21
2	5	22
7	11	27
2	5	21
5	7	23
7	11	28
5	12	30
4	8	24
3	8	26
3	10	25
4	8	23
4	9	27
3	9	23
4	6	22
3	9	24
4	8	22
5	13	25
7	10	32
4	11	26
5	13	26
5	11	25
2	5	22
2	6	21
1	6	21
1	24	89
2	4	24
4	5	24
2	6	22
2	4	22
4	6	23
8	10	29
7	10	28
7	12	31
2	7	20
3	12	31
5	9	30
9	9	35
4	9	25
4	7	24
3	5	20
3	7	21
2	5	22
3	6	22
10	13	32
1	18	91
1	-1	91
0	17	91
0	17	91
1	19	91
4	23	90
6	12	30
5	11	30
1	4	23
0	3	20
0	10	91
5	7	25
4	9	27
4	8	22
2	7	21
1	7	22
1	5	21
4	5	21
5	8	30
5	8	22
5	12	28
3	7	21
4	7	22
2	4	21
3	12	33
5	8	26
3	8	22
3	9	25
4	6	21
5	9	24
6	9	25
6	7	24
3	6	22
5	8	25
5	8	23
3	6	21
3	7	21
10	10	35
3	6	24
6	7	26
8	5	30
1	10	27
3	6	20
4	5	22
2	8	24
0	6	21
7	10	31
9	13	32
4	5	22
8	8	28
7	9	28
2	6	21
2	5	23
5	7	24
2	7	22
5	6	26
4	7	25
5	8	26
2	8	22
3	7	24
3	7	23
2	5	23
2	5	21
2	5	20
9	11	32
2	5	21
6	10	24
3	5	23
4	10	27
3	8	25
4	4	20
11	14	37
9	14	35
7	10	26
3	6	22
2	5	22
2	9	26
7	9	31
3	10	25
2	9	24
5	5	23
7	9	25
6	11	26
2	7	21
4	8	24
3	11	25
3	8	25
4	8	24
3	7	23
2	6	22
3	6	20
5	8	24
3	9	24
4	7	22
3	6	22
4	9	25
4	6	22
5	7	23
7	11	29
3	7	21
3	8	22
7	13	32
5	9	27
2	6	21
7	12	28
6	12	27
6	11	25
9	15	35
3	8	25
10	12	33
5	9	25
5	8	22
6	8	26
3	5	24
5	8	24
5	7	31
12	12	42
4	5	26
3	5	24
4	6	26
5	6	26
8	10	36
3	9	22
1	6	20
2	6	22
7	10	26
4	10	25
6	10	27
7	11	31
3	8	21
10	12	33
5	10	32
3	5	22
4	6	24
3	6	20
5	9	31
7	7	27
7	10	26
5	7	23
8	11	33
5	10	29
8	14	33
8	12	30
2	8	24
7	11	32
4	10	31
7	10	30
5	8	24
7	11	34
6	11	34
6	9	28
5	10	30
8	9	30
6	7	24
3	7	22
3	8	23
8	8	28
1	3	21
1	3	20
5	9	30
6	10	27
5	8	26
4	8	24
1	5	21
3	6	24
5	9	27
3	7	26
3	8	25
3	6	24
4	6	24
4	8	26
5	10	27
5	8	31
4	7	26
4	8	31
4	6	23
3	8	24
3	6	24
3	6	23
2	8	23
6	9	25
10	12	31
3	6	22
3	6	21
6	11	30
3	5	21
4	10	31
10	12	29
5	10	37
2	4	21
5	8	24
4	6	22
3	6	21
4	6	22
5	8	24
7	9	25
8	10	30
3	7	25
3	7	26
10	13	35
1	4	20
3	8	24
0	13	90
3	7	23
6	8	24
10	13	35
9	13	35
9	15	36
11	16	39
11	17	38
9	19	39
5	8	23
5	9	24
4	8	23
5	8	24
2	6	21
8	14	36
4	9	22
5	9	27
9	11	32
8	12	33
11	12	31
8	8	31
8	8	29
10	9	34
8	33	90
7	32	90
8	34	90
5	7	25
3	8	26
3	7	23
3	5	22
4	6	23
3	6	22
8	12	30
9	13	30
8	13	30
9	15	37
10	11	31
0	4	21
2	7	22
0	1	20
4	6	23
0	14	90
0	14	91
9	7	35
3	5	21
1	4	21
3	6	21
6	10	26
6	13	34
3	21	89
4	9	24
4	7	23
3	8	21
4	7	21
3	6	20
5	8	30
0	6	20
0	12	90
0	12	89
3	5	24
2	4	22
0	8	91
8	9	32
8	12	31
1	4	21
2	3	21
11	10	36
4	7	22
2	6	23
5	6	24
6	10	33
5	10	30
5	8	31
4	6	27
3	7	29
3	5	24
5	6	28
3	5	25
4	5	24
5	5	27
10	11	34
10	11	35
0	8	91
0	11	90
6	11	31
0	10	90
4	10	25
2	6	23
4	8	22
0	14	91
9	9	30
1	4	20
6	9	26
2	12	25
0	4	32
3	6	21
3	8	22
2	5	22
1	4	21
4	6	24
5	7	24
0	6	91
0	6	90
0	3	24
2	7	27
4	7	25
1	5	23
2	4	22
1	7	22
1	6	23
4	8	24
3	7	25
4	6	25
5	6	25
0	3	20
13	14	91
4	7	30
3	8	25
5	7	27
3	6	23
3	7	24
3	7	23
9	14	34
4	10	24
4	9	25
7	7	26
2	5	23
4	5	25
2	5	22
4	6	24
2	5	24
2	5	23
3	5	21
2	7	24
2	7	25
3	7	25
3	5	22
2	6	23
3	7	26
2	6	25
1	8	88
4	5	22
4	7	25
0	2	23
0	5	91
0	10	91
4	7	25
0	11	91
0	11	90
2	5	23
2	5	22
3	4	22
1	4	22
7	7	26
6	8	31
5	10	33
4	9	33
6	10	34
6	9	33
4	9	33
5	7	27
4	8	31
4	9	30
4	8	30
4	8	31
4	7	30
3	8	30
4	7	27
3	6	26
3	6	26
3	6	24
0	1	20
5	8	25
5	10	30
5	8	25
3	5	21
3	7	23
6	8	26
6	8	26
5	7	25
0	13	91
0	9	89
0	25	90
0	24	90
1	-1	90
0	24	90
0	-1	90
1	22	90
0	11	91
4	5	22
30	30	91
7	8	31
1	2	22
4	6	25
3	10	27
4	5	27
4	6	24
0	8	91
5	9	32
6	7	24
3	10	30
5	10	30
0	27	90
0	28	90
0	27	90
8	8	28
1	4	23
6	9	23
1	3	20
1	5	22
2	4	21
1	3	22
5	10	27
3	6	23
3	6	22
0	9	91
0	11	89
5	8	31
3	7	24
4	6	20
1	6	24
0	3	22
9	30	90
0	1	34
2	5	24
2	6	30
2	6	30
0	3	23
1	3	22
0	4	23
1	3	22
0	2	22
8	8	32
7	7	25
1	6	20
1	3	21
0	4	20
5	6	23
4	9	25
2	7	23
5	10	30
5	7	24
6	8	24
0	9	91
0	12	90
8	11	26
6	8	24
4	13	30
3	16	91
4	11	27
1	4	23
2	5	21
3	5	23
5	7	26
1	4	21
1	3	20
4	5	22
4	8	22
4	6	22
10	13	32
11	10	31
11	13	32
6	8	25
2	7	21
4	5	23
0	10	90
7	10	26
0	3	91
2	4	24
9	9	33
0	10	91
0	11	90
2	3	23
4	7	22
1	3	22
2	3	23
1	3	22
0	2	21
1	3	21
4	6	27
8	13	39
2	4	23
1	7	91
4	7	24
2	7	22
4	6	20
3	7	22
2	6	20
5	10	25
2	8	21
2	6	23
1	6	22
4	10	31
5	8	30
0	8	90
4	8	23
4	8	22
4	8	24
4	8	26
4	8	24
5	8	24
2	6	23
0	18	90
2	9	90
2	9	90
5	8	24
6	7	25
4	9	23
5	7	25
0	4	22
4	8	25
0	4	91
4	4	23
2	3	22
0	13	89
0	5	91
4	9	32
4	8	23
6	10	26
8	9	32
0	5	91
1	15	90
4	8	26
2	4	22
7	11	35
6	8	25
7	8	28
2	4	24
2	4	21
2	5	22
8	10	32
1	5	22
1	5	21
1	9	20
2	6	20
4	8	24
1	5	25
2	5	24
2	6	22
1	7	21
2	7	23
10	14	38
9	8	26
0	4	22
4	6	24
2	30	90
5	11	27
6	8	29
3	6	24
3	6	20
3	9	23
6	7	30
4	8	24
6	13	30
6	9	29
7	9	27
4	12	25
2	7	24
2	8	24
2	5	20
2	7	23
4	9	24
3	8	25
2	6	22
3	9	25
4	10	30
1	5	21
6	8	24
8	7	31
2	8	22
7	9	29
6	9	30
0	9	88
1	6	22
2	6	22
5	6	30
5	6	24
1	21	90
4	9	26
6	7	24
2	4	21
10	10	34
4	9	30
3	7	24
2	6	23
2	6	21
7	8	28
6	8	33
5	7	24
4	7	24
4	6	23
3	5	23
6	8	28
4	8	24
3	8	23
4	9	24
4	7	23
3	7	23
6	8	26
6	9	25
7	12	29
6	10	25
6	9	26
5	9	23
7	6	28
9	10	31
3	6	24
3	5	21
2	5	20
5	8	27
4	4	24
3	3	21
6	9	30
7	9	31
8	9	31
5	7	28
5	6	25
7	9	31
3	8	24
4	8	23
3	8	22
2	5	22
6	14	30
0	7	88
0	8	91
3	8	23
7	11	31
2	5	21
4	7	22
3	8	22
5	9	26
5	6	24
2	6	22
3	7	23
1	5	20
3	7	22
6	8	32
6	11	25
5	4	26
5	4	25
2	4	24
4	4	24
5	4	26
2	5	21
3	5	23
6	7	27
4	7	29
6	10	25
5	8	22
7	11	26
6	6	28
2	3	22
3	4	23
7	11	33
6	11	27
8	11	30
6	9	24
5	8	26
4	6	24
6	9	30
3	8	24
2	7	23
5	8	26
6	9	27
3	5	23
4	5	23
5	9	24
7	9	26
0	3	20
0	12	89
0	12	91
7	12	27
1	5	22
2	5	22
7	13	32
0	15	91
0	14	91
4	6	23
4	6	24
3	7	20
8	10	30
5	9	25
6	11	30
2	3	22
4	9	22
8	11	32
3	7	23
2	7	22
5	6	24
5	13	30
1	4	21
4	7	24
3	8	22
6	9	27
5	6	25
8	9	35
4	5	23
5	10	24
5	11	31
6	11	29
8	9	27
0	3	25
11	14	38
13	12	37
1	4	21
4	7	24
3	7	24
3	6	20
2	4	22
2	5	20
6	9	27
4	6	24
4	6	25
2	23	90
0	22	90
8	8	28
5	8	24
13	12	42
8	13	32
1	6	21
2	7	22
9	15	37
3	7	22
4	7	22
4	10	28
5	11	27
5	8	23
4	11	25
4	9	24
2	6	21
3	6	21
4	6	24
2	9	21
2	5	22
3	7	24
8	9	33
0	28	91
3	4	23
2	3	23
3	7	22
2	7	22
2	5	21
9	12	38
6	11	30
5	7	24
3	5	23
2	6	23
2	5	21
2	5	20
3	8	23
3	7	26
3	6	23
2	7	21
2	7	21
3	5	23
0	5	90
4	7	23
3	9	27
0	8	74
0	10	74
4	8	25
2	6	24
3	5	24
3	5	22
3	5	21
5	5	24
10	17	38
7	12	34
4	6	24
1	5	21
2	5	24
2	7	22
1	6	22
1	6	20
2	8	23
2	6	22
4	6	21
2	6	20
4	9	24
1	5	22
0	3	24
8	15	32
7	10	31
3	7	23
7	10	30
4	7	28
2	4	22
1	4	20
1	5	21
2	5	22
6	7	26
5	8	26
1	5	23
2	3	20
9	9	29
7	8	24
6	7	25
7	9	25
7	11	30
4	6	24
3	5	21
3	3	21
2	5	24
2	6	22
3	6	21
4	5	22
3	8	22
0	21	90
4	9	25
5	11	30
5	9	24
2	6	20
3	8	21
4	11	30
6	9	30
4	6	23
6	8	25
8	11	28
0	33	89
5	15	34
3	8	24
2	6	22
3	7	24
9	11	33
2	5	22
2	8	21
1	5	22
1	4	22
1	4	22
4	5	24
4	6	23
5	8	25
4	7	25
9	13	32
9	13	31
9	11	29
9	12	36
0	3	21
7	10	30
2	5	21
6	8	32
4	10	23
2	4	21
4	7	26
4	6	23
0	21	91
4	6	25
3	6	23
3	9	22
2	7	21
6	7	27
4	5	23
1	5	22
3	5	22
4	6	23
4	9	26
4	5	26
7	11	31
11	14	36
7	11	27
0	-1	91
0	9	91
0	7	90
8	9	28
6	9	25
1	28	91
2	25	91
3	22	90
3	8	23
5	7	44
3	7	22
4	8	21
4	7	30
3	6	22
3	8	23
3	7	22
2	5	21
5	7	24
5	7	25
6	9	31
6	9	31
7	7	26
5	7	25
6	9	30
10	16	33
7	10	27
8	12	29
0	8	91
0	13	91
2	7	23
2	7	20
5	8	23
5	6	22
2	5	21
3	6	21
2	4	21
5	7	24
5	6	22
2	7	21
2	7	20
3	6	24
9	14	35
8	8	27
3	5	21
3	6	22
3	5	21
4	6	23
5	9	24
3	8	22
3	7	24
4	11	24
3	6	23
3	6	23
4	7	24
6	7	23
3	6	22
19	21	48
8	11	31
2	7	22
3	8	24
7	10	28
7	8	26
6	7	26
6	7	27
3	6	21
2	6	22
2	6	22
2	5	20
2	5	20
2	6	22
4	7	23
6	10	24
3	8	25
2	8	22
4	8	24
4	10	24
1	6	21
4	7	23
6	10	26
2	5	21
4	7	22
0	4	20
10	13	34
3	6	22
3	6	23
3	5	22
3	3	22
5	8	27
5	8	24
3	7	22
4	5	23
3	5	23
2	6	21
8	11	32
0	7	91
0	10	91
2	4	21
7	6	27
7	8	27
3	3	21
4	5	23
2	7	23
3	7	23
4	9	25
3	6	22
2	7	24
1	5	23
2	6	22
2	6	21
5	10	25
0	8	91
0	13	89
6	8	26
6	6	25
6	6	25
8	10	29
2	6	21
3	8	22
3	6	23
2	9	25
2	7	21
2	9	23
4	9	26
2	7	22
4	11	25
8	9	33
7	9	30
2	7	20
8	9	31
7	8	30
8	10	31
6	9	30
6	10	26
5	7	26
6	7	25
5	7	26
4	6	24
8	10	32
4	8	24
3	6	26
6	8	24
5	5	22
5	11	31
4	6	24
4	5	23
4	5	22
4	6	22
5	11	26
2	5	21
4	7	23
2	5	25
2	7	25
2	5	24
1	5	22
2	9	25
2	6	22
2	5	21
6	8	28
5	6	25
4	15	31
6	13	29
2	3	21
6	12	31
7	12	35
7	10	29
5	9	26
6	9	25
5	9	24
4	10	26
2	6	21
2	2	21
3	1	21
0	3	21
1	4	20
3	4	21
8	13	34
2	5	22
6	10	26
9	13	31
7	10	25
2	6	23
2	4	23
2	5	21
3	6	23
4	9	29
1	2	20
1	3	20
2	5	20
6	6	23
5	9	23
4	8	23
2	7	23
0	13	91
4	6	25
3	7	23
3	5	22
1	4	21
3	6	22
2	6	21
3	6	21
0	11	89
6	14	31
1	3	21
5	8	26
3	8	24
2	10	23
2	5	23
10	9	35
8	9	34
11	10	33
11	9	33
10	10	32
10	10	36
1	7	22
2	7	23
4	4	24
5	9	26
1	4	21
3	4	22
7	7	26
6	9	25
5	7	24
6	10	25
6	6	30
6	11	30
5	8	24
5	9	26
1	9	23
1	7	22
4	8	24
1	8	23
5	5	32
6	9	25
4	8	31
6	8	24
7	7	28
7	8	31
6	6	35
1	2	20
6	9	23
3	6	22
3	5	22
3	5	22
5	7	26
2	7	24
2	6	23
6	6	25
4	9	26
5	7	21
4	7	24
0	-1	86
7	10	32
3	6	24
2	4	22
0	8	90
6	8	28
1	1	21
1	0	20
2	7	22
2	7	24
4	5	23
1	14	30
2	4	23
3	9	28
4	6	25
3	5	21
3	5	20
4	6	23
0	5	22
1	5	21
0	5	20
3	18	90
3	4	22
4	5	20
0	4	22
4	7	25
4	8	26
3	8	25
6	9	26
1	5	21
3	6	22
3	7	22
5	9	23
5	9	22
3	8	22
3	6	22
5	8	24
4	7	25
4	8	26
5	9	27
5	9	29
6	10	30
6	7	26
6	8	27
5	8	26
2	6	20
5	9	24
0	3	20
0	4	21
9	12	34
8	11	31
6	8	25
5	10	26
2	5	21
2	7	22
2	9	24
3	6	21
7	7	26
6	8	26
5	6	22
4	5	22
10	14	35
6	6	26
4	5	24
7	11	31
6	9	28
7	11	32
5	7	24
0	-1	90
0	-1	91
6	7	26
7	8	31
2	7	23
1	2	22
2	5	22
1	7	24
2	5	21
1	6	20
0	5	23
1	5	22
2	6	21
6	9	24
0	22	89
6	11	29
5	9	30
2	6	22
12	33	90
3	6	21
3	6	22
1	3	32
3	6	22
3	18	90
3	4	22
3	5	22
4	5	22
1	4	21
1	4	20
5	9	26
3	6	22
4	10	23
3	7	23
3	7	21
2	7	22
2	5	22
5	29	90
9	13	35
0	10	91
0	13	91
0	14	90
4	10	23
3	7	21
2	4	21
2	4	20
10	9	32
8	8	28
9	8	30
4	35	91
6	9	29
1	8	22
7	11	31
2	7	22
2	5	22
4	6	22
4	7	25
0	2	70
3	5	22
2	7	24
2	5	22
2	4	21
1	5	20
4	7	25
3	5	21
5	7	26
6	5	25
1	3	22
3	5	24
3	6	24
2	5	22
3	6	24
3	7	22
3	6	23
3	7	24
3	5	22
4	9	25
4	7	23
11	11	34
4	7	22
8	9	33
5	10	25
6	12	34
7	11	30
5	14	31
7	12	28
9	16	36
9	16	34
8	13	28
7	15	35
7	13	31
5	8	23
5	10	30
5	10	27
2	5	21
3	7	21
2	7	22
3	7	25
6	8	23
6	6	26
2	5	23
3	10	26
2	7	24
1	5	21
4	11	30
1	6	21
3	9	26
4	9	47
5	6	22
2	6	26
1	4	22
1	5	24
1	3	23
1	-1	91
2	8	22
4	7	22
4	11	28
4	7	25
3	6	23
2	7	23
4	8	21
6	12	29
8	12	27
7	11	27
3	6	24
10	12	34
10	13	38
9	11	31
7	11	26
4	7	22
4	7	23
0	5	21
5	8	24
3	8	24
3	8	22
8	12	30
4	10	25
0	37	91
0	37	91
3	8	23
2	7	21
5	7	24
1	4	21
1	2	21
2	4	23
2	5	22
7	12	33
9	11	34
6	11	30
10	14	34
6	12	28
3	3	23
2	4	22
4	9	23
2	7	23
4	10	24
5	9	23
4	10	24
0	3	21
0	2	23
0	5	21
0	3	23
5	9	30
5	6	23
8	15	35
2	8	20
1	4	20
5	9	28
1	6	21
0	7	90
4	7	22
7	10	29
3	9	22
5	11	26
5	7	24
3	7	22
2	8	24
3	8	21
1	6	20
0	2	23
0	2	23
0	3	23
0	3	22
0	13	91
0	9	91
1	3	22
1	4	21
2	6	22
2	6	22
2	7	22
3	6	23
3	7	22
3	7	22
5	9	27
4	10	27
4	8	23
5	12	28
8	10	26
5	13	31
3	8	23
4	8	22
11	9	31
9	7	27
3	6	24
2	6	21
1	3	21
4	8	23
5	7	27
2	9	24
3	9	25
3	7	20
4	7	22
6	10	26
1	2	20
4	8	23
8	12	29
9	14	38
7	10	28
7	9	28
6	8	27
1	6	20
0	11	89
1	2	24
5	10	26
5	8	23
1	6	21
2	6	20
8	13	29
7	10	28
1	6	21
3	7	26
4	4	24
3	5	23
1	5	21
2	5	22
2	4	21
0	0	22
1	7	35
1	4	24
1	4	22
1	4	23
3	6	21
4	6	24
2	5	22
0	3	22
1	4	21
5	6	27
2	5	21
2	5	21
9	13	34
3	6	23
2	6	21
0	15	91
0	17	90
4	8	25
4	6	22
5	6	25
5	6	25
6	7	27
7	12	27
1	4	22
1	2	22
5	6	25
2	5	21
1	5	20
4	8	25
0	5	21
3	5	22
0	4	22
1	5	23
0	4	21
3	9	23
2	6	20
2	4	21
6	8	27
3	8	21
3	8	22
4	7	22
3	6	22
2	5	22
6	10	25
4	8	30
3	7	23
4	11	28
11	12	35
10	13	32
3	7	22
2	6	22
7	9	32
8	11	31
5	9	30
4	6	24
7	10	26
8	14	32
8	14	31
5	7	26
3	10	30
9	10	26
8	18	36
7	9	30
3	5	23
2	6	23
2	6	23
2	7	24
4	9	23
3	11	24
4	5	25
6	8	24
5	10	28
4	7	24
3	7	23
6	9	26
4	8	25
5	8	26
4	8	25
4	9	24
5	8	23
1	6	21
4	7	23
6	10	26
8	11	28
3	7	23
4	8	23
4	6	26
6	13	30
2	6	22
4	7	25
1	8	22
1	5	21
2	5	21
7	10	28
6	9	26
10	12	29
7	7	25
3	4	22
8	11	30
1	5	22
3	7	21
3	8	22
3	8	21
1	27	91
3	4	24
2	4	20
4	6	23
1	8	22
8	13	32
8	11	30
7	11	28
9	12	30
9	13	32
8	13	31
8	12	30
8	12	27
7	11	26
6	11	26
6	10	25
1	3	22
1	4	22
4	9	24
4	8	24
5	10	23
3	8	21
1	5	20
2	8	24
2	9	24
6	9	26
2	5	21
10	16	37
11	15	33
11	14	34
10	13	33
0	30	90
5	6	25
7	11	31
1	5	23
8	11	32
3	7	24
5	7	24
3	7	21
3	5	22
2	5	21
4	6	22
0	23	90
2	7	22
8	11	30
3	6	21
6	8	27
4	9	24
3	6	20
5	6	30
4	6	23
9	10	30
4	6	27
4	6	30
2	6	22
5	9	26
9	10	34
4	6	20
0	3	22
0	5	22
0	4	20
1	5	20
1	5	22
7	8	25
8	10	28
8	11	30
5	9	25
5	6	25
2	4	21
5	8	25
5	9	23
2	7	21
3	8	27
3	9	25
2	6	24
2	7	25
3	8	25
3	7	23
3	7	25
4	8	26
6	7	25
8	9	26
10	9	30
5	8	23
5	9	25
4	8	23
4	15	28
5	10	25
5	9	26
4	6	23
3	8	25
0	11	75
1	6	21
1	6	21
1	5	20
4	5	23
1	5	23
2	4	22
2	6	20
3	8	23
2	6	21
5	6	25
1	4	22
7	14	34
5	11	30
5	13	31
5	14	32
6	12	29
5	13	31
4	10	29
8	9	31
7	9	30
4	8	25
8	10	27
7	9	30
5	8	25
7	12	33
5	7	23
7	11	35
3	7	21
4	7	24
4	5	23
0	12	90
7	9	31
0	8	90
2	3	21
6	11	30
3	6	22
8	12	32
4	8	22
4	7	27
0	8	90
3	7	23
0	34	91
0	34	90
8	8	31
6	12	30
3	6	22
1	7	23
3	7	25
8	10	27
8	9	30
8	8	29
6	9	23
8	9	29
9	13	30
10	14	34
9	14	32
2	5	22
0	4	21
4	7	25
4	8	25
5	8	25
1	8	24
0	3	21
0	4	22
0	3	22
2	7	22
3	7	23
4	6	21
4	7	21
3	8	22
2	7	22
1	8	22
0	9	91
4	8	26
6	8	25
3	8	23
0	7	22
5	23	91
1	8	23
3	7	22
0	7	91
7	9	32
6	8	24
5	10	30
5	7	23
5	12	31
2	7	22
5	11	30
3	6	21
1	4	22
5	8	32
0	9	90
5	11	27
1	5	23
3	7	22
2	7	22
2	7	20
2	6	21
2	4	20
7	11	30
5	13	30
0	-1	89
0	-1	90
0	7	90
1	9	88
6	7	23
3	5	24
6	8	25
4	8	23
7	7	26
8	9	30
7	7	29
5	6	25
9	13	30
3	6	20
7	7	25
10	32	90
7	8	24
3	9	23
4	9	24
2	4	24
1	6	21
3	8	26
3	6	23
0	4	21
1	8	22
9	11	29
9	11	29
2	4	22
4	9	30
2	8	24
3	6	24
6	10	28
8	10	29
3	7	25
4	8	26
3	7	23
3	8	22
2	5	22
2	7	23
2	4	21
6	9	31
6	10	30
7	7	28
6	9	28
8	12	34
1	5	21
0	4	20
0	4	21
3	5	22
2	6	22
1	2	24
1	2	21
3	-1	90
3	8	25
4	8	23
3	7	22
4	7	26
3	6	24
3	6	23
5	9	28
2	7	22
5	8	24
6	8	23
3	7	23
4	9	23
4	8	22
3	4	21
2	6	23
2	6	22
4	8	24
3	5	22
3	7	22
4	8	23
4	6	25
4	7	26
4	8	24
4	10	26
3	7	25
5	8	27
3	8	26
4	6	25
1	4	22
0	3	21
1	4	23
3	4	22
7	9	28
3	6	20
1	5	20
2	3	22
5	7	21
5	8	26
5	15	31
6	10	27
3	7	22
6	9	25
5	7	26
5	7	26
0	17	90
0	17	90
3	5	22
4	8	23
1	11	91
1	12	90
3	5	25
4	7	24
4	7	26
4	6	25
4	7	24
3	9	25
1	3	22
3	8	25
6	11	29
7	11	28
6	8	27
6	8	26
6	9	27
3	6	29
4	13	31
5	10	31
6	14	33
6	11	26
7	11	28
5	10	30
5	9	26
6	8	26
6	9	26
6	10	27
7	11	27
6	7	26
6	12	27
6	10	26
2	8	22
4	7	25
4	7	22
4	7	23
4	7	23
3	8	22
2	7	21
3	6	21
3	6	23
2	6	22
2	6	22
2	6	21
0	7	91
4	6	24
4	5	22
3	6	21
5	9	24
2	7	22
0	-1	90
0	15	90
2	4	21
2	8	24
8	34	90
2	13	91
5	6	24
3	6	23
2	6	22
3	6	23
7	10	31
1	12	90
2	20	33
5	4	23
4	6	24
8	10	32
3	7	21
2	5	21
3	4	21
0	7	90
1	14	88
3	5	22
4	6	23
3	6	21
7	8	28
5	5	23
3	8	23
3	6	30
3	7	24
10	12	35
2	7	26
8	11	29
7	10	30
8	9	32
6	8	31
3	29	89
5	8	27
2	5	23
6	12	28
5	8	31
10	8	36
3	7	22
5	7	25
1	3	22
2	8	23
5	12	32
5	8	23
6	11	28
4	12	31
4	10	25
4	6	24
3	8	22
3	7	23
2	7	22
3	7	24
3	8	24
6	10	26
1	7	23
5	6	24
7	11	30
5	10	31
7	7	26
7	8	23
1	4	20
3	5	22
4	5	24
9	10	31
6	8	24
3	5	26
1	3	21
2	3	22
2	4	21
8	8	26
5	22	90
2	6	22
5	8	23
0	14	91
0	11	90
2	4	20
3	5	21
1	7	22
3	9	25
3	5	21
4	3	25
2	6	21
2	8	21
1	27	90
4	22	90
2	6	21
8	9	35
2	8	24
4	9	24
0	13	91
7	8	26
5	8	22
0	5	91
0	5	89
1	10	90
5	9	26
8	10	27
1	2	22
4	8	23
3	4	23
2	7	22
2	7	24
7	12	33
1	5	21
2	7	21
2	8	24
8	9	29
8	9	26
9	12	31
8	11	34
9	12	30
8	9	33
3	9	22
3	7	21
4	5	23
2	5	23
6	10	29
0	13	61
3	6	25
3	7	23
6	10	31
9	11	32
8	9	30
8	8	28
8	8	27
0	1	21
1	9	26
1	8	31
3	6	24
5	11	30
10	15	36
0	14	91
5	9	30
3	7	25
3	6	23
7	9	25
2	4	22
5	7	24
6	8	25
3	6	23
4	8	26
3	6	23
1	1	22
5	7	24
1	5	20
1	4	21
4	9	30
1	4	22
4	6	22
0	11	91
8	7	26
2	4	20
2	4	22
5	25	90
5	12	30
7	11	26
4	5	22
1	4	22
2	3	20
0	6	90
5	22	72
5	23	73
4	19	63
4	21	64
3	19	60
5	7	25
1	3	21
4	6	25
4	8	24
4	6	23
0	8	91
0	10	90
0	7	90
1	5	22
4	9	31
6	11	30
4	6	22
2	7	23
11	15	42
0	4	20
1	2	21
3	4	23
5	9	25
5	7	24
5	6	27
6	7	26
0	1	21
1	2	22
4	6	26
4	5	24
4	6	25
10	12	34
9	8	28
6	13	30
4	7	21
4	7	22
3	3	22
0	11	90
0	9	91
0	-1	87
0	-1	86
5	4	31
3	6	22
2	4	21
1	6	24
3	5	21
3	8	24
2	8	25
5	8	24
2	9	28
5	10	26
6	9	25
6	9	33
3	5	26
7	9	36
4	8	28
4	9	29
3	7	28
4	9	31
5	10	33
5	7	28
4	8	27
3	9	26
3	6	25
6	7	30
2	3	21
0	16	89
0	13	90
2	11	22
2	8	21
7	8	26
7	14	31
7	11	31
7	15	31
8	11	29
4	6	23
4	7	25
5	7	22
9	10	33
6	10	30
3	6	23
10	10	35
4	8	24
4	8	25
6	8	25
2	7	23
2	6	20
4	11	31
2	5	22
1	4	21
4	6	24
2	6	22
6	7	24
3	8	22
3	4	21
6	9	30
0	4	22
8	9	27
2	4	20
2	7	21
2	8	23
3	5	22
5	8	24
3	9	24
3	7	22
2	5	20
3	5	22
2	5	21
2	5	21
3	23	90
4	7	30
7	9	29
3	5	20
8	9	33
6	7	25
7	8	29
5	8	26
5	10	24
9	13	32
8	13	29
2	5	21
8	12	30
4	6	22
2	5	23
2	5	21
2	7	21
4	6	23
6	10	30
3	8	22
2	6	22
3	8	24
4	8	24
2	9	24
3	7	23
4	11	26
0	23	90
6	8	26
5	8	26
4	9	24
1	7	23
5	8	26
6	10	27
5	10	25
3	9	26
3	8	22
3	7	23
3	6	23
8	12	32
4	7	23
7	7	23
5	10	29
4	9	27
5	10	23
3	7	23
2	6	23
2	6	23
2	6	24
3	5	21
5	12	27
7	13	29
2	7	22
3	6	22
3	8	30
2	6	24
4	8	25
3	7	24
1	7	22
7	10	26
6	7	25
3	6	20
2	5	21
3	5	22
6	11	26
4	7	23
3	6	21
4	9	24
5	9	26
2	6	23
1	24	90
3	7	23
4	6	22
3	8	22
2	7	21
5	9	27
3	9	24
9	11	33
10	10	29
3	8	24
2	7	20
3	7	23
3	7	22
2	10	24
6	11	25
6	9	27
4	9	23
3	7	21
6	9	26
6	10	25
5	38	90
7	9	26
7	11	27
8	12	31
3	8	23
6	10	27
5	7	26
10	11	30
0	5	20
13	34	84
4	7	23
3	8	23
4	5	23
2	5	22
5	8	26
2	7	24
3	6	23
4	5	22
2	8	25
3	4	24
5	9	26
5	8	25
2	3	24
7	10	30
1	6	22
3	6	22
4	9	25
7	9	25
7	9	26
2	6	21
1	6	23
1	5	23
8	9	32
7	11	33
7	14	31
5	11	27
5	7	27
5	8	28
4	6	25
3	6	23
5	7	25
3	7	22
3	7	23
6	9	27
6	9	26
6	9	27
12	10	34
10	10	34
5	6	26
2	6	22
0	2	22
4	7	24
3	7	24
8	11	29
4	8	31
7	9	33
7	13	33
6	13	33
1	5	20
4	5	21
4	7	23
4	7	23
2	8	22
3	3	25
7	11	28
4	6	23
0	8	90
0	2	21
4	7	24
2	5	22
3	5	23
2	7	25
2	6	24
2	6	26
4	6	25
8	9	30
5	8	23
1	6	20
0	4	20
4	3	23
0	9	90
0	9	91
5	7	26
3	9	23
2	5	22
2	6	22
0	1	20
3	6	24
1	6	22
1	5	22
4	6	24
3	7	23
0	3	21
3	3	21
6	9	28
4	7	20
4	10	25
8	13	32
4	7	30
3	6	21
2	6	20
2	6	23
3	7	23
5	5	22
4	7	27
0	3	22
0	3	22
1	3	23
0	4	20
1	5	21
3	4	22
1	2	21
4	5	21
2	6	21
0	12	89
0	10	91
3	4	23
3	4	23
6	10	25
6	8	26
7	8	25
9	11	32
9	13	32
6	11	26
7	9	27
8	11	30
3	6	22
3	7	21
3	8	22
5	10	34
4	6	22
7	11	33
7	10	33
5	10	31
1	5	21
3	7	22
2	8	24
3	9	25
6	5	24
3	5	21
4	11	30
3	8	24
3	9	22
2	7	23
2	8	22
1	6	20
4	8	31
2	1	24
10	16	35
10	13	33
10	12	31
10	10	31
8	13	30
2	2	22
4	7	26
1	3	20
2	6	21
9	11	31
3	4	22
8	10	33
13	16	42
6	10	28
7	11	31
10	12	32
10	12	33
0	4	40
0	3	21
0	5	22
3	9	24
2	5	22
7	11	30
7	11	28
3	5	25
4	7	26
8	9	30
5	9	28
4	8	23
4	7	24
6	8	25
0	2	21
5	8	30
8	-1	90
2	3	23
5	6	24
8	7	32
7	13	27
2	5	23
8	13	30
1	6	21
1	6	20
3	5	22
8	8	33
1	4	21
2	6	24
4	8	26
3	8	25
0	2	21
5	8	27
5	8	26
5	9	28
4	6	24
3	5	22
4	6	23
3	6	22
4	6	24
3	6	22
3	8	24
4	6	24
3	7	20
3	8	23
0	24	85
5	7	30
4	6	23
2	4	20
7	11	30
4	27	91
7	22	90
5	8	26
3	10	24
4	6	23
2	5	20
2	6	23
3	6	21
5	5	28
1	4	21
2	4	20
1	3	20
0	3	22
2	8	21
3	21	90
6	10	30
4	7	23
4	6	24
4	6	23
4	7	25
7	11	32
4	8	23
3	5	23
6	11	31
6	6	27
3	7	22
6	6	29
8	8	28
2	3	22
5	7	24
3	7	21
2	6	22
5	8	23
4	7	24
14	11	37
12	12	36
3	7	23
3	6	23
6	15	31
6	13	30
7	10	29
4	9	23
2	4	26
0	1	39
2	4	21
4	8	24
5	8	23
3	6	21
4	7	22
3	9	24
1	8	22
2	7	22
5	9	24
3	4	23
0	7	91
0	7	91
3	5	24
3	5	23
3	4	21
9	11	28
10	14	36
1	4	20
2	4	21
3	5	30
3	6	21
10	15	36
2	5	20
2	5	21
2	7	22
2	9	24
7	8	31
5	7	26
5	6	24
5	5	23
1	2	20
4	5	23
3	4	22
3	8	30
7	14	36
6	8	24
4	6	25
1	4	20
4	6	25
4	6	25
2	6	23
2	6	21
5	10	30
2	7	22
3	8	24
2	8	22
1	6	22
4	6	25
5	9	25
8	11	29
6	7	25
1	4	20
0	5	22
8	10	28
5	10	29
4	7	28
4	11	29
4	9	28
4	10	28
5	11	27
6	10	28
4	10	26
5	9	26
3	6	23
7	11	30
1	2	22
3	6	24
1	12	91
0	5	90
0	4	21
9	9	31
1	5	22
0	2	20
1	5	23
3	6	26
0	3	21
5	7	25
7	8	26
11	12	40
5	11	28
2	5	22
1	4	21
2	7	22
3	3	21
2	9	22
3	7	22
2	9	23
5	8	22
6	8	24
6	8	30
9	9	31
4	7	29
2	5	22
5	10	27
4	9	25
4	7	24
4	6	24
9	12	34
7	8	25
1	5	20
2	6	21
0	4	22
2	7	22
9	-1	91
8	9	25
7	8	25
6	10	27
6	10	26
7	11	31
7	11	33
5	9	26
5	11	33
4	10	30
5	8	25
3	4	22
4	4	23
1	3	21
0	2	20
1	3	22
2	4	24
4	8	25
5	10	26
4	7	24
5	7	25
3	8	24
3	9	26
4	8	25
5	6	22
4	6	23
3	6	22
4	6	23
3	6	21
5	9	25
3	7	23
3	6	21
3	8	25
3	8	24
4	8	24
3	6	22
7	9	28
5	10	28
5	8	23
3	5	21
7	19	90
4	9	31
5	10	30
9	12	33
4	10	31
7	12	31
4	9	27
3	8	22
3	7	21
5	7	27
7	14	32
1	4	23
6	8	25
6	10	26
0	3	20
1	3	20
4	11	26
6	13	34
4	10	24
5	9	26
5	8	24
6	9	25
6	6	23
2	8	22
3	10	30
5	6	25
3	5	23
3	5	22
4	12	24
2	7	21
3	6	23
3	7	23
4	5	22
7	10	26
7	11	30
6	8	26
6	4	26
3	7	22
0	5	91
1	12	91
4	8	20
5	10	24
2	6	23
4	5	24
4	9	30
3	7	23
3	8	22
3	8	22
3	5	21
1	11	90
0	11	91
7	10	26
9	14	31
8	12	30
8	11	29
4	6	20
1	4	21
5	7	24
3	6	22
2	8	24
6	8	27
9	13	33
0	4	21
1	5	21
0	7	90
4	6	20
6	10	28
3	7	26
3	7	22
3	5	21
3	6	20
3	5	21
5	6	24
4	8	23
3	7	23
2	2	22
2	9	21
3	7	24
0	3	22
7	11	32
5	9	30
6	10	27
5	9	24
6	11	30
2	5	23
3	7	22
5	8	25
8	11	31
9	9	28
8	10	28
7	10	26
7	10	28
3	8	23
6	10	39
2	6	21
1	10	76
8	8	33
2	5	21
2	9	22
5	7	24
1	7	23
0	4	22
0	3	20
3	6	25
0	27	90
3	6	24
3	5	21
7	10	27
6	10	29
7	9	27
6	8	24
6	9	25
6	9	27
9	12	31
7	12	31
6	6	25
5	9	30
5	7	31
0	15	88
1	7	91
0	12	90
7	8	28
7	10	28
9	11	32
9	10	33
8	9	32
8	10	32
7	10	27
4	7	26
3	7	23
5	6	25
6	8	26
6	8	25
6	7	25
5	8	26
1	4	21
3	6	21
3	10	27
6	8	31
5	8	27
3	8	23
5	7	25
4	8	31
5	7	31
2	6	24
3	6	26
4	6	27
3	6	24
4	5	24
5	4	25
5	5	26
3	7	26
4	7	30
5	11	30
2	6	23
0	8	90
3	6	23
8	11	26
3	5	23
2	3	20
3	4	23
7	10	27
5	9	25
2	7	23
0	2	22
3	6	23
4	10	31
1	7	20
2	5	21
1	8	21
2	10	23
2	9	25
2	8	24
2	3	24
2	5	21
6	12	29
3	5	22
1	4	25
1	5	21
1	4	22
1	4	21
1	5	21
5	12	30
8	9	27
7	8	26
2	4	22
3	6	26
3	6	25
5	10	28
3	8	23
0	3	20
0	4	20
0	5	21
1	4	21
4	6	23
3	7	22
2	7	20
1	4	21
7	10	29
2	5	21
3	8	26
7	9	27
2	6	21
6	5	22
1	16	91
5	8	24
7	11	27
4	9	24
2	10	22
10	14	37
4	9	31
1	6	22
2	6	22
2	10	21
3	6	23
4	8	24
3	7	22
2	6	24
4	6	26
3	7	23
2	7	22
3	6	24
4	6	22
4	7	23
4	6	22
5	12	26
2	3	23
4	7	21
7	9	32
2	5	23
1	4	21
5	9	25
3	6	20
3	5	22
4	9	23
11	12	34
4	10	31
3	5	20
6	8	28
4	7	24
5	9	22
0	3	22
3	7	23
4	26	91
5	-1	91
7	11	32
6	7	25
2	7	22
5	25	91
2	5	22
3	9	23
2	5	24
2	5	23
3	5	22
5	9	30
2	8	24
4	8	26
5	7	25
5	7	24
0	11	90
3	7	24
5	9	26
5	7	25
5	11	26
6	11	27
5	10	26
3	6	20
9	13	30
8	12	29
7	10	28
0	11	90
0	12	89
5	8	27
9	11	28
8	8	26
0	15	91
4	8	23
3	7	24
7	12	31
5	9	25
5	10	26
4	8	23
4	8	23
2	7	22
2	5	22
4	6	25
3	7	22
2	7	22
2	7	22
3	5	23
2	4	21
0	2	21
4	8	26
7	12	26
3	6	21
5	9	25
2	8	25
6	6	26
0	3	23
7	9	25
5	8	24
2	5	22
5	8	24
0	21	91
0	9	90
2	5	21
3	8	23
5	10	30
0	7	39
3	6	21
2	7	23
5	7	23
1	10	21
4	30	90
3	6	24
2	6	23
3	6	24
2	6	21
1	2	23
2	4	21
2	7	22
1	2	20
3	5	22
2	4	21
4	29	91
3	9	26
7	8	30
2	5	21
0	37	91
4	10	24
4	8	27
2	7	25
1	8	23
2	8	23
2	7	21
7	10	29
4	8	24
3	6	21
1	3	20
2	5	22
7	9	33
6	11	30
6	11	30
2	4	21
6	9	31
0	8	30
0	7	30
0	3	22
0	4	21
3	6	22
3	4	20
2	8	21
6	9	26
1	4	22
0	3	21
3	4	23
3	5	27
2	6	21
7	9	31
3	7	23
2	8	23
7	11	25
4	-1	91
7	9	30
2	4	20
3	6	24
2	6	22
8	12	34
2	6	22
2	5	21
0	4	21
0	9	90
2	6	22
5	8	30
5	7	24
4	6	23
4	5	24
3	5	22
4	4	24
4	12	30
5	10	30
3	6	21
3	8	27
5	6	24
4	9	30
2	5	25
2	6	24
1	5	24
1	3	21
5	9	25
4	7	22
2	6	21
8	14	34
9	9	30
8	11	31
4	9	26
3	10	25
4	9	22
3	4	21
5	9	24
11	12	38
3	5	24
3	6	22
3	4	22
3	5	21
6	8	25
2	7	20
7	7	25
0	6	21
4	7	31
4	8	23
3	8	22
0	18	91
0	9	91
5	11	27
4	6	22
3	6	22
8	12	30
3	6	24
8	10	27
2	6	21
5	12	31
3	9	23
3	9	23
4	6	22
5	8	24
9	13	36
3	7	23
8	9	24
5	6	26
5	13	30
4	7	25
0	6	91
0	10	91
2	2	23
0	1	22
4	7	23
4	6	21
3	7	23
3	8	23
3	6	20
5	7	30
9	10	30
1	4	21
2	6	23
2	7	24
2	7	23
2	8	26
5	10	32
2	6	23
3	5	25
3	9	24
1	8	23
3	8	24
3	7	22
4	8	22
4	5	30
6	9	27
5	6	24
4	11	25
4	5	23
2	6	21
6	11	26
2	2	22
9	12	33
4	9	25
3	6	21
3	6	22
3	7	22
1	5	21
3	7	23
3	5	21
10	11	38
3	7	22
4	6	22
6	11	25
2	8	25
3	5	21
3	5	21
3	7	23
5	10	25
0	27	90
8	8	28
1	5	20
2	7	23
3	24	91
4	8	23
3	7	21
3	7	22
5	8	22
1	7	25
4	7	23
7	13	32
2	6	22
2	8	21
6	10	25
4	8	25
3	7	24
5	11	30
3	6	23
5	10	25
5	7	29
8	9	33
8	12	32
7	10	31
9	11	31
8	11	31
10	12	35
4	9	24
2	5	22
1	4	21
4	7	27
2	6	21
2	6	22
8	10	27
7	10	31
4	7	24
3	9	24
4	10	26
5	8	24
4	7	23
7	8	25
5	7	23
4	6	24
3	5	21
3	9	26
4	7	20
3	6	21
3	9	22
2	5	21
3	4	22
3	4	21
6	10	30
10	15	34
2	6	23
3	6	22
3	9	22
3	6	22
6	9	26
3	7	22
1	6	20
2	7	24
2	7	25
2	6	21
2	6	22
2	6	23
2	8	24
5	9	24
3	6	23
4	6	24
5	8	25
3	8	22
7	12	33
1	6	21
1	10	22
2	7	20
3	6	22
1	4	24
3	6	20
7	9	24
4	6	22
4	7	30
4	6	24
2	4	22
3	5	22
3	5	21
5	8	24
3	6	23
2	6	21
2	5	21
3	7	22
4	7	23
5	8	24
3	5	20
6	8	24
5	7	23
7	9	29
10	10	32
9	12	32
9	12	35
4	8	25
3	6	23
3	8	23
7	9	26
4	8	24
7	10	27
4	7	25
1	38	90
4	7	23
5	10	31
7	10	27
4	8	24
5	8	23
3	7	23
2	5	21
3	7	24
5	9	27
4	8	23
6	7	25
5	6	27
3	8	24
2	10	25
6	11	30
4	8	23
4	8	24
2	7	22
3	8	23
2	9	23
6	9	25
5	8	25
7	9	27
3	3	24
3	4	22
9	13	29
8	16	31
7	10	34
6	10	33
8	10	35
7	9	31
5	6	24
5	9	33
5	10	31
3	7	22
1	5	21
2	6	21
3	6	21
3	5	24
3	6	23
6	7	22
3	4	26
5	5	24
3	6	22
4	8	24
3	6	21
5	10	30
2	5	22
0	3	21
2	7	25
4	7	22
4	7	23
8	9	29
4	4	24
2	7	24
7	8	26
6	9	26
7	9	26
8	10	28
6	9	29
7	10	27
3	6	23
5	7	24
6	10	30
7	12	30
6	13	30
4	12	30
1	6	21
4	6	21
8	10	28
8	11	31
3	7	23
10	19	38
8	10	30
7	12	32
4	10	28
4	6	22
1	13	91
0	10	91
0	3	21
1	6	22
4	8	30
4	7	22
1	6	23
2	3	20
0	8	91
0	9	91
0	14	91
0	13	90
6	9	25
5	9	24
2	4	20
1	6	22
3	6	22
2	5	22
4	7	30
3	8	25
4	7	25
4	9	24
2	8	24
4	7	23
4	8	24
2	3	22
3	3	21
0	13	91
0	10	91
4	5	23
7	6	27
4	7	24
1	5	21
0	4	22
1	5	20
4	8	22
3	7	23
7	13	28
1	5	23
0	4	22
3	7	26
9	12	32
4	8	24
4	8	24
2	7	24
3	6	21
2	8	22
8	12	27
6	8	26
5	10	26
5	11	30
3	8	22
6	30	91
5	8	26
3	8	24
3	9	22
3	6	23
3	6	22
8	10	31
1	6	23
6	10	25
10	11	31
1	4	29
5	7	22
4	7	23
4	7	24
8	14	33
1	4	21
4	7	26
2	5	23
5	11	35
2	5	23
2	6	22
8	8	36
7	10	31
8	11	30
3	11	25
5	14	31
8	10	27
1	3	20
0	1	21
4	6	22
3	6	22
9	13	32
0	9	90
6	8	30
6	7	24
7	6	26
4	8	27
2	7	23
5	9	23
5	6	24
10	13	33
6	11	27
4	9	30
6	9	25
3	7	22
3	-1	90
8	13	31
5	8	31
4	5	21
4	9	24
4	10	23
1	5	21
4	6	21
3	5	23
3	6	23
1	7	20
3	7	21
10	11	34
9	10	32
4	7	23
4	7	25
5	8	25
4	11	31
4	8	25
4	8	24
8	8	25
3	6	21
3	8	23
4	6	22
2	4	22
4	8	21
2	6	20
4	10	24
0	3	23
5	11	25
7	9	28
8	28	90
3	5	22
6	10	32
7	10	31
3	5	25
2	6	21
4	8	31
5	7	30
4	9	23
4	8	23
3	6	24
3	7	25
3	6	23
1	5	21
1	4	22
7	10	25
7	10	26
3	7	21
7	12	38
4	10	25
5	5	25
1	4	21
3	5	22
3	5	20
9	9	32
2	5	22
3	8	23
2	7	23
3	6	21
2	4	22
2	5	21
2	5	23
1	5	21
3	3	24
0	13	91
1	9	91
2	5	21
3	7	20
6	13	33
4	6	25
1	1	22
7	7	31
2	6	23
3	6	24
2	5	22
3	6	25
3	6	25
4	6	25
3	6	23
3	5	21
3	6	21
1	10	79
0	9	79
2	8	22
3	7	23
3	8	24
2	10	23
0	3	22
2	4	20
6	5	33
4	8	23
0	16	90
0	9	91
9	11	29
0	11	90
3	5	22
1	4	20
1	12	87
6	7	31
2	7	24
1	3	20
3	5	22
2	4	24
3	8	23
3	5	21
0	6	91
0	3	91
5	7	30
4	5	24
3	5	22
2	4	22
2	4	23
1	2	21
7	10	30
0	7	91
0	7	91
3	5	23
4	6	23
3	5	24
4	6	24
1	5	21
1	5	22
0	4	21
6	8	25
2	6	22
1	8	64
0	5	91
7	12	30
2	7	21
2	3	21
2	4	22
3	7	23
3	5	24
2	5	21
3	6	22
4	7	23
3	8	24
3	10	24
1	5	21
1	5	20
4	6	25
4	11	31
4	8	24
5	9	25
4	8	23
3	6	22
4	8	25
3	9	25
3	8	24
4	8	28
4	6	26
4	6	26
4	7	25
3	6	24
0	10	91
0	7	91
0	8	91
0	6	91
1	15	91
0	7	89
2	5	22
2	4	21
3	6	22
0	7	91
0	9	91
0	6	89
0	3	21
3	7	22
1	4	23
2	1	21
1	1	20
4	9	25
4	6	25
4	6	22
5	8	30
6	7	28
3	6	23
3	5	22
0	13	91
0	14	91
3	6	22
5	7	23
7	10	33
7	9	31
4	7	27
3	5	21
6	9	29
8	13	35
4	7	21
6	7	23
0	9	77
0	9	77
4	7	24
3	7	23
0	13	90
0	8	91
5	5	24
0	16	90
0	12	88
0	12	91
7	8	33
6	8	27
6	8	26
3	5	22
3	4	21
0	7	89
1	3	21
2	5	21
6	10	32
2	10	22
2	5	24
6	6	25
4	11	26
3	4	28
3	4	25
3	3	23
2	4	23
5	6	28
2	7	20
9	12	30
2	5	21
2	6	21
4	7	24
7	8	33
6	9	32
0	12	91
0	12	90
4	5	24
4	10	23
0	2	21
0	1	20
3	5	22
2	3	23
0	30	90
0	9	91
0	8	91
3	5	23
2	5	23
1	5	21
2	23	90
1	3	22
0	5	21
3	5	20
1	4	22
0	3	20
1	4	21
7	7	25
5	9	26
6	7	24
6	7	25
5	11	30
4	6	23
5	9	32
6	7	25
7	6	23
3	4	20
2	5	20
2	4	22
2	5	22
5	7	27
5	6	24
0	11	90
0	10	91
0	14	90
4	6	23
2	8	23
3	6	22
0	10	91
0	9	89
3	5	21
2	4	20
3	6	20
5	10	24
0	2	20
3	7	23
10	11	31
0	3	20
1	2	23
0	2	22
3	5	23
2	5	22
6	7	25
1	4	22
1	4	22
2	3	22
2	4	23
3	7	23
3	7	22
3	7	21
8	6	28
8	12	30
5	8	25
1	4	20
10	12	31
4	5	26
4	7	26
6	8	28
0	14	90
6	6	26
2	8	23
0	11	89
2	4	23
4	8	26
6	6	21
3	6	26
3	6	24
4	7	22
3	6	23
3	5	22
0	20	90
0	9	90
1	5	21
7	10	24
6	7	26
6	8	33
0	7	90
0	13	91
0	11	91
1	2	20
4	5	24
9	11	32
6	9	35
4	8	24
2	9	23
5	9	25
4	6	22
1	3	21
0	9	90
0	3	90
0	5	91
2	4	25
0	-1	91
0	-1	91
1	3	23
1	3	23
1	3	22
0	2	22
1	2	22
0	2	21
5	9	25
4	3	23
2	5	22
3	7	24
1	4	20
1	3	21
3	7	23
7	11	32
1	4	21
1	6	22
3	8	23
5	6	25
5	7	26
4	6	25
0	13	90
0	14	91
4	6	24
2	5	21
0	5	23
8	10	36
0	-1	90
3	4	22
7	10	27
1	2	21
0	3	22
0	2	21
0	2	21
0	3	21
0	3	22
1	2	22
0	4	20
1	3	25
1	3	24
1	3	22
3	7	22
8	7	30
2	6	24
4	7	26
5	6	26
2	6	23
3	4	22
2	2	23
0	3	22
1	2	21
1	3	21
6	46	90
5	10	27
8	9	28
5	10	32
2	-1	90
1	3	22
1	4	22
1	5	24
0	5	22
1	4	21
3	8	30
1	4	24
4	7	30
1	4	23
6	6	25
8	11	34
9	10	34
7	11	32
8	11	32
6	7	25
0	3	21
3	7	24
9	9	33
7	6	26
1	6	22
3	7	24
3	7	21
0	4	20
5	11	25
0	5	21
3	9	31
0	8	91
2	7	22
5	5	30
2	6	23
4	7	22
10	9	32
0	12	91
3	5	23
2	5	22
3	3	22
3	6	23
3	4	22
5	7	24
4	7	23
0	27	90
0	27	90
4	6	21
9	10	32
7	14	36
3	5	24
3	6	23
4	7	24
3	4	22
3	4	21
3	6	24
2	7	23
2	6	22
3	4	21
7	9	26
1	10	90
0	10	90
5	4	24
5	6	24
3	7	21
5	5	26
2	5	22
8	12	29
9	11	29
7	11	30
9	11	30
7	13	31
7	10	26
3	5	25
3	6	21
5	9	26
5	22	91
4	23	91
0	10	85
8	6	35
3	5	25
4	5	26
4	6	27
4	5	24
2	3	25
1	2	22
1	2	22
1	4	20
3	4	24
0	11	90
3	7	20
3	4	22
0	5	21
2	4	21
6	9	34
3	5	22
2	6	22
7	8	24
2	4	21
0	7	91
0	8	91
4	9	23
5	12	31
5	9	26
4	4	23
3	6	23
4	7	24
1	17	30
0	21	91
5	9	25
4	8	25
1	2	42
7	8	24
3	4	30
6	6	30
2	5	22
4	10	26
3	5	20
3	6	21
4	6	22
0	6	22
0	4	21
11	9	33
6	13	30
6	15	31
10	12	36
3	8	23
1	15	91
0	3	23
1	4	20
0	3	21
3	8	25
3	6	24
0	5	91
2	4	22
0	6	21
0	11	89
0	20	91
3	8	31
1	4	24
2	4	23
2	3	21
0	2	22
0	16	91
0	11	90
7	9	25
7	11	30
4	8	26
3	-1	91
5	9	30
3	6	27
4	6	23
0	7	88
0	10	91
2	6	22
1	4	22
0	15	89
0	6	91
2	4	24
4	7	22
0	5	21
2	4	21
1	8	90
6	10	27
4	5	24
7	11	27
8	12	33
9	14	32
4	9	27
4	12	26
7	11	28
0	8	91
2	9	21
6	10	27
3	6	25
6	11	27
4	9	22
0	2	22
8	37	91
7	10	31
6	7	27
4	6	22
6	10	27
2	4	21
4	7	22
3	6	21
4	6	24
3	7	23
3	8	22
4	7	24
5	9	23
2	4	22
6	9	28
5	6	25
2	4	22
2	5	22
7	10	27
6	9	30
6	8	26
6	8	26
5	8	25
5	7	23
4	11	25
4	8	27
2	5	21
7	8	29
3	5	21
3	5	23
5	9	32
5	7	24
1	5	22
2	6	24
4	6	25
2	5	24
2	6	25
7	10	25
3	8	23
3	5	24
6	8	25
6	6	32
2	4	23
2	10	32
4	9	30
6	11	30
4	7	24
4	11	25
4	11	30
3	9	26
4	7	23
3	8	25
3	10	26
7	9	32
4	5	23
2	4	20
2	5	20
7	9	30
1	4	21
0	4	22
1	3	22
0	3	22
0	2	21
6	9	31
4	7	23
2	6	22
3	5	22
5	6	26
7	7	27
4	7	24
3	3	22
6	9	25
3	6	23
4	10	25
3	6	25
3	7	25
2	7	24
4	5	24
1	6	22
1	4	23
1	13	91
0	14	90
4	7	21
2	5	21
7	13	31
1	7	22
9	13	33
9	12	30
4	5	23
5	8	24
1	6	23
1	5	22
1	9	91
0	3	20
0	3	90
0	8	90
3	5	23
2	5	20
2	7	20
3	6	22
1	4	21
8	10	28
7	12	31
0	6	26
8	11	30
7	11	30
6	9	24
4	5	25
2	7	24
4	7	22
7	8	30
2	6	21
5	11	29
0	4	23
1	3	22
3	5	22
3	5	21
1	3	20
5	12	25
0	6	90
4	10	27
3	10	22
4	6	23
3	10	25
1	4	20
3	3	22
3	3	23
4	7	22
5	8	23
3	7	23
3	6	21
4	7	23
2	6	20
4	8	22
4	6	23
2	8	24
4	9	24
4	9	25
5	8	24
5	8	23
2	6	21
4	8	23
4	4	25
5	9	30
7	10	25
5	9	26
8	10	29
3	7	25
6	12	33
8	12	30
5	11	26
3	5	22
1	7	20
4	9	26
6	7	28
9	10	33
8	8	28
9	13	35
2	10	25
4	9	26
4	13	30
4	9	26
2	4	22
2	6	23
2	6	22
3	8	23
5	5	24
3	6	23
3	5	22
0	4	90
0	9	91
3	7	24
5	11	30
4	4	23
4	4	22
1	4	23
8	13	30
5	13	31
6	6	26
10	11	32
3	9	21
3	8	24
3	5	23
2	5	22
3	6	26
3	6	22
3	7	21
8	10	29
9	12	31
3	6	24
5	8	25
7	11	33
6	10	31
6	9	31
5	9	33
3	8	25
6	12	30
8	11	34
4	12	30
7	10	30
5	8	25
5	8	29
5	11	30
4	12	30
5	8	27
5	10	30
3	6	26
5	7	25
4	6	24
3	5	21
4	7	23
7	10	28
4	8	22
2	6	22
2	11	24
9	12	33
6	9	26
3	5	21
3	8	22
3	5	21
4	6	23
6	9	24
2	6	24
7	8	30
4	9	25
6	12	32
5	13	32
6	11	31
6	10	26
3	7	25
0	4	20
4	7	23
3	7	22
5	8	26
4	9	24
3	5	21
5	9	26
4	8	24
10	13	42
7	10	30
5	10	22
5	9	24
6	12	34
2	7	21
1	6	22
5	9	30
1	5	20
1	5	20
5	9	25
9	10	34
11	10	36
8	8	32
10	8	31
8	8	32
8	10	36
11	12	38
9	9	31
8	9	34
4	8	22
4	9	22
2	6	24
7	9	29
7	9	28
3	6	23
4	8	24
7	11	30
4	5	22
5	8	25
3	4	21
3	5	20
3	6	23
3	7	22
4	7	23
2	8	24
2	7	23
6	11	26
6	6	23
8	8	30
2	4	20
6	9	30
0	15	91
0	10	91
2	8	24
2	9	24
4	10	24
3	8	25
2	6	20
4	5	22
8	10	32
4	7	24
7	9	26
8	11	31
8	9	30
7	10	28
7	9	27
6	9	30
8	10	27
9	10	26
1	3	20
5	6	27
1	6	20
3	7	23
1	6	20
7	6	28
3	7	24
2	10	25
12	13	91
3	8	23
2	5	21
4	6	26
7	13	33
6	8	25
6	8	25
3	8	22
0	7	23
0	11	91
4	8	26
8	11	26
2	4	21
2	5	22
3	6	22
3	6	23
8	10	28
3	8	21
4	6	22
6	10	31
5	9	27
4	8	26
8	15	32
1	5	21
2	6	21
1	7	23
6	9	23
2	5	20
2	6	21
5	8	24
2	7	24
2	6	22
2	6	22
13	15	37
4	7	21
9	11	32
3	7	22
4	8	23
6	12	27
0	9	90
3	9	23
4	8	22
2	5	23
2	5	20
2	6	20
8	13	34
5	13	31
4	12	30
3	8	26
6	11	32
5	8	28
5	11	32
2	3	22
6	9	24
7	9	28
4	7	22
5	12	34
5	13	32
7	10	29
7	11	27
5	12	32
5	12	30
0	21	90
2	2	26
4	4	30
3	8	24
3	8	23
0	8	90
0	19	90
6	7	24
9	10	32
9	10	33
9	12	33
10	12	33
2	6	23
1	4	22
3	6	22
3	4	22
8	8	28
2	5	22
4	6	22
2	8	24
5	10	26
2	6	21
2	7	23
2	6	22
3	4	21
6	8	26
4	5	23
6	9	27
5	10	25
3	7	23
4	8	24
4	9	25
0	3	20
5	11	29
5	10	25
5	8	27
7	9	29
6	8	30
6	7	30
7	8	27
5	8	24
5	6	24
3	5	22
8	9	28
6	8	24
5	9	31
6	7	24
3	5	22
6	12	30
3	5	24
2	4	22
2	4	21
1	5	20
5	7	23
0	27	90
0	12	49
3	5	26
2	8	22
2	5	21
6	12	30
3	7	22
3	8	23
0	7	91
0	7	90
2	5	20
1	9	24
5	9	24
3	8	22
3	7	21
5	6	22
1	3	21
9	11	30
9	11	28
8	13	31
5	12	29
7	7	25
0	3	91
6	9	27
4	8	23
3	9	24
2	8	23
2	7	22
3	7	23
12	14	36
11	11	30
4	11	27
2	6	21
3	7	22
3	6	21
0	4	24
0	3	23
0	3	22
0	5	21
3	8	24
8	12	29
6	9	28
3	6	22
2	5	22
2	8	25
2	8	24
1	7	21
1	9	21
3	8	23
3	7	22
4	6	23
5	7	24
7	9	28
2	7	23
3	7	24
2	6	22
2	6	21
3	8	21
2	7	21
5	8	24
2	6	23
4	9	25
3	8	23
5	10	27
2	4	22
8	10	31
1	4	24
4	7	22
7	10	26
4	8	21
3	8	20
2	6	21
2	5	22
2	4	23
6	10	26
5	6	26
7	9	28
3	6	21
5	7	27
5	9	27
2	8	22
8	11	31
8	12	33
10	14	35
4	7	22
6	11	29
9	9	30
8	7	31
10	10	32
7	12	29
3	6	21
4	9	23
4	8	25
2	7	22
4	5	24
2	7	24
3	7	22
4	8	23
2	6	23
4	8	28
5	11	26
5	8	23
6	9	24
5	9	25
6	11	28
6	10	30
6	12	28
3	5	24
1	10	22
2	8	21
0	11	91
1	14	90
3	10	91
0	5	91
4	5	26
2	5	25
5	9	30
3	7	27
6	7	27
5	7	26
5	7	25
3	5	24
4	6	24
4	6	22
3	7	21
0	4	22
1	-1	90
4	7	23
6	9	27
3	4	22
7	9	27
4	8	23
2	6	22
12	14	39
3	5	22
5	7	32
3	5	22
2	7	23
5	10	27
6	11	26
2	6	22
6	9	26
2	9	23
5	9	24
3	6	22
2	6	22
2	7	21
2	7	22
6	11	29
10	12	35
9	12	32
9	12	31
0	4	81
3	5	21
3	5	20
5	8	27
2	7	26
3	6	25
4	5	23
3	4	22
5	12	31
7	10	25
2	6	22
4	7	24
2	7	21
6	8	32
4	6	22
4	13	31
1	4	22
8	10	35
3	6	23
7	8	24
6	9	30
0	8	89
0	13	91
2	6	22
2	3	22
0	4	22
3	10	25
3	10	24
2	7	22
8	15	35
2	5	22
4	6	23
2	6	22
2	6	24
11	14	32
10	16	34
10	14	33
10	15	33
2	4	22
4	6	20
1	4	20
2	5	21
2	5	22
4	8	24
4	8	23
8	9	30
10	11	34
9	9	28
9	9	27
2	6	22
3	5	21
7	9	29
9	12	31
1	5	21
4	7	23
4	5	24
2	4	20
4	8	34
3	7	24
3	6	22
11	15	35
7	11	30
5	11	31
4	7	23
3	3	23
3	7	24
7	11	27
5	7	26
4	8	23
11	13	37
4	7	26
4	7	23
4	9	24
7	9	26
6	13	26
2	5	23
1	6	22
0	4	21
8	10	28
4	10	23
3	6	26
3	6	22
2	8	22
3	6	22
3	6	21
2	8	23
2	6	21
2	8	21
4	12	31
4	9	22
3	7	21
2	6	20
0	6	21
6	9	31
4	25	91
4	25	91
4	26	91
4	26	91
4	26	91
3	26	91
5	26	91
0	17	91
3	6	24
6	8	31
6	9	26
2	5	26
6	11	31
6	10	27
6	10	26
4	11	31
7	11	28
5	9	24
2	9	24
3	6	26
4	5	22
5	9	26
6	9	28
9	10	27
5	10	32
4	10	25
1	6	20
4	5	24
5	9	25
0	3	20
6	10	31
9	10	32
6	8	26
7	10	32
6	10	29
5	8	26
6	11	34
6	10	31
5	11	32
5	9	26
6	9	33
6	10	27
0	4	66
0	5	66
3	7	22
10	12	34
9	14	34
3	8	24
4	7	24
4	8	24
3	10	25
4	8	23
4	6	21
4	6	24
2	5	21
2	6	21
3	5	23
8	9	26
7	9	25
8	10	30
5	7	24
6	11	27
7	11	31
3	5	22
6	11	31
6	8	24
1	5	21
1	6	24
6	12	30
8	12	32
8	9	31
6	10	31
7	9	30
2	11	24
2	8	23
5	9	25
4	9	25
3	7	23
3	8	21
2	6	22
3	8	23
2	3	23
6	6	24
5	6	23
4	6	24
0	8	91
29	32	90
0	3	23
0	3	22
0	4	21
5	7	23
3	8	25
3	5	22
2	7	22
4	9	23
5	7	26
3	7	21
2	7	22
4	9	24
3	8	21
3	8	21
2	5	21
3	6	24
3	6	26
5	9	25
5	10	24
2	4	23
5	11	26
2	10	24
3	9	21
3	8	22
3	8	23
2	4	22
4	9	23
0	2	20
3	6	21
2	5	20
4	10	31
8	7	34
2	3	21
3	6	23
8	10	28
6	9	27
2	7	21
3	8	21
6	7	24
9	10	29
8	9	29
7	9	30
5	7	25
5	10	23
6	7	25
8	8	29
0	4	21
5	11	28
3	9	24
9	14	32
3	6	21
4	11	25
2	6	21
3	8	27
6	13	31
3	10	23
4	10	23
5	7	23
3	7	22
4	9	25
4	8	26
8	10	28
2	5	24
1	4	22
3	37	90
3	5	23
3	6	26
4	7	20
1	-1	90
0	39	90
2	4	24
7	9	26
9	14	32
5	8	22
4	8	21
4	8	22
4	7	21
5	7	23
7	9	25
7	10	27
1	6	23
1	6	22
2	6	23
2	6	22
2	7	21
3	4	21
3	7	21
3	8	24
3	8	23
3	8	23
2	6	24
2	7	24
9	15	36
3	9	22
6	10	23
4	12	30
8	12	31
5	7	26
3	9	23
3	7	27
3	7	24
3	7	23
4	6	23
4	9	31
0	4	20
4	6	25
5	8	24
2	4	21
1	4	20
0	2	21
4	7	21
3	7	25
4	6	26
3	6	22
5	12	30
7	12	30
8	13	31
8	12	30
8	13	30
6	9	30
3	11	25
7	10	30
5	8	27
4	10	24
5	11	25
9	8	32
10	12	32
1	5	21
4	8	23
4	6	23
7	12	31
3	8	31
9	11	32
9	13	34
9	11	32
1	4	20
1	4	22
1	3	23
1	3	21
1	3	22
1	4	23
4	7	23
5	9	23
0	4	21
1	6	24
0	5	23
0	5	22
6	11	30
7	8	26
4	13	31
5	8	25
5	9	26
2	6	21
3	6	24
6	9	30
8	9	38
4	7	24
3	4	20
3	5	22
6	10	26
1	4	23
9	15	32
9	12	32
7	12	26
8	11	26
3	8	27
3	6	23
3	7	23
5	12	30
5	11	25
6	8	25
6	8	24
6	8	25
2	9	22
2	7	20
10	12	33
2	6	23
3	4	22
1	6	21
3	24	91
1	0	91
11	13	31
4	8	26
6	9	32
3	6	32
8	14	32
10	15	32
1	6	22
4	6	21
4	10	24
5	9	25
7	9	25
10	12	34
2	5	22
5	9	30
4	9	25
6	9	30
5	8	25
4	10	32
2	8	23
5	8	24
3	8	22
2	8	21
4	8	25
3	8	25
5	8	25
5	9	28
0	3	21
0	8	90
1	5	20
4	10	26
3	6	26
2	7	24
3	6	22
4	8	26
9	14	30
2	7	21
5	12	32
5	9	26
7	11	34
3	8	22
4	8	21
1	5	22
0	6	91
1	8	90
2	6	22
4	7	21
2	6	20
5	8	24
3	5	21
3	5	21
2	4	20
6	9	28
9	10	32
5	8	23
10	11	33
10	10	31
6	10	30
5	12	30
7	9	25
10	16	35
6	9	31
7	9	27
7	12	32
5	9	26
5	9	31
4	6	21
3	6	22
3	7	23
3	6	22
1	2	21
3	6	23
7	15	35
8	13	32
2	5	22
2	9	91
0	9	90
2	3	20
1	2	21
3	6	22
2	6	22
1	5	23
0	3	23
0	2	20
2	6	30
2	3	21
1	3	22
0	2	91
0	3	91
8	9	29
6	4	26
2	5	23
2	5	22
1	3	21
1	4	22
1	4	20
1	12	91
0	14	91
3	7	23
2	6	20
0	5	90
0	9	91
6	9	25
3	5	23
3	11	25
2	10	23
3	4	23
3	5	22
4	6	24
2	6	20
1	4	20
6	15	32
5	11	31
5	9	25
2	6	23
1	5	22
2	7	23
4	5	25
4	8	31
3	8	23
2	6	21
9	8	30
6	8	25
4	4	22
2	4	22
4	5	23
8	11	33
9	10	30
0	4	21
3	6	23
4	8	30
2	4	23
2	5	22
4	5	25
3	5	21
4	5	25
7	6	30
5	6	27
5	6	26
5	10	27
1	2	25
7	8	33
9	15	38
2	3	22
8	14	31
5	10	30
4	6	23
7	10	28
5	9	26
0	3	22
2	8	22
9	12	34
11	12	38
10	13	36
8	10	31
5	7	27
0	6	91
4	6	21
2	7	21
2	7	22
1	7	22
8	11	26
8	10	25
4	6	26
6	7	26
5	8	30
4	7	21
2	8	22
6	7	24
5	8	27
6	7	25
6	9	25
0	11	91
3	8	23
4	7	22
3	10	23
3	7	21
1	4	21
5	6	32
3	6	23
1	6	23
1	3	22
2	5	25
4	9	24
3	10	23
0	9	91
3	5	22
0	13	91
4	9	23
3	6	22
3	5	22
3	7	24
0	11	90
0	12	91
3	4	23
7	10	29
3	5	24
0	6	20
0	4	90
2	5	22
3	6	24
6	9	30
7	10	31
3	6	24
4	10	31
3	7	23
6	6	27
5	9	29
4	5	21
6	11	30
2	7	21
2	6	20
7	10	30
4	9	25
4	5	21
3	7	22
6	10	30
7	14	35
3	6	22
5	6	25
5	6	24
8	9	33
6	10	33
6	10	26
6	8	25
6	9	24
6	8	26
5	9	25
5	10	25
2	7	22
6	10	24
0	0	21
6	11	28
0	3	21
5	8	26
3	6	23
3	9	23
2	7	21
8	14	31
5	10	25
7	7	28
2	5	22
0	3	23
4	7	22
3	6	23
3	6	23
2	5	20
4	10	23
4	9	25
2	7	21
3	8	25
4	8	21
4	9	22
1	4	21
4	7	24
1	3	24
4	7	23
3	3	22
2	3	23
3	6	23
3	7	24
6	9	30
6	7	27
5	6	25
5	7	26
7	9	30
5	8	23
2	7	21
5	13	34
7	14	34
3	5	22
2	8	21
6	8	23
6	11	25
2	5	21
5	8	23
3	8	22
2	4	24
3	6	22
3	6	21
4	6	22
2	7	24
2	6	25
2	8	22
3	6	21
4	8	24
6	9	31
4	7	30
2	4	21
2	4	30
5	7	23
6	8	24
4	8	25
3	4	23
0	9	91
0	9	91
4	9	24
4	7	27
7	9	27
6	9	27
7	8	26
6	10	26
6	10	27
6	8	25
4	8	24
4	9	23
3	7	21
3	7	22
3	6	23
6	9	25
1	6	22
5	7	28
1	5	20
4	8	24
3	7	21
3	7	22
5	11	30
4	5	24
8	12	33
3	7	22
2	4	21
8	10	28
8	10	29
1	5	21
5	8	32
6	11	26
8	13	27
8	12	27
7	10	28
4	10	25
5	6	25
3	4	25
3	6	23
4	10	26
2	7	23
2	7	23
4	9	22
7	8	25
0	2	21
6	7	24
3	7	21
3	7	22
3	6	22
2	10	24
1	8	23
2	9	24
3	8	23
4	10	31
4	9	26
5	10	24
3	8	23
2	5	22
2	5	21
2	5	21
5	6	23
2	6	21
3	6	22
4	9	23
1	14	91
6	8	25
6	8	26
5	8	23
6	9	28
3	5	23
3	5	23
2	5	20
4	9	26
1	4	21
3	5	23
6	12	30
5	11	27
5	10	24
2	7	23
2	7	23
5	7	24
3	7	29
2	8	28
2	5	24
8	10	26
9	11	30
2	4	22
6	11	28
3	5	21
4	12	26
10	13	32
9	10	31
3	6	23
3	8	24
4	7	25
6	7	25
7	7	29
5	11	24
1	2	22
6	14	34
4	6	21
3	6	21
3	6	23
3	6	22
2	7	24
2	5	22
3	8	26
2	5	21
2	4	22
5	12	32
2	6	21
2	5	21
2	5	22
6	7	25
6	9	26
7	9	26
8	11	27
5	9	25
0	2	23
0	3	23
1	4	22
0	4	22
5	8	25
4	6	29
3	4	22
7	8	25
6	9	24
4	10	23
2	6	20
4	6	23
3	8	23
0	3	21
3	5	21
3	6	23
3	7	23
2	6	23
4	7	23
4	7	23
4	8	25
4	8	24
4	5	22
6	9	24
4	8	24
2	8	23
3	5	24
6	9	26
0	11	90
0	11	88
2	4	21
5	8	25
2	5	21
1	7	21
3	7	20
2	6	23
9	13	35
2	8	24
8	9	30
6	9	28
8	10	32
8	10	28
7	9	28
7	9	28
7	8	26
6	7	24
4	7	25
5	7	24
9	11	37
3	6	22
4	8	26
1	12	91
0	12	91
4	8	23
4	8	22
3	6	22
5	10	30
3	8	24
5	8	25
10	10	30
6	12	31
4	13	30
7	12	30
5	11	28
4	9	27
4	9	26
5	9	24
2	23	90
7	8	29
5	7	26
6	11	30
2	7	20
2	7	23
5	13	32
5	9	24
6	7	24
4	7	24
4	8	24
6	13	31
1	6	21
5	10	27
3	5	22
5	8	25
3	7	22
4	11	26
2	7	22
7	7	27
4	8	24
8	10	32
10	11	32
3	7	21
2	6	22
1	4	22
0	27	90
6	8	29
2	3	21
3	5	22
2	4	23
2	6	23
5	9	30
3	7	23
3	7	22
3	7	23
0	2	20
2	4	20
4	9	23
8	7	34
3	7	24
2	4	23
3	7	23
2	5	25
2	4	22
2	4	24
4	7	23
2	7	22
4	10	30
2	7	21
5	7	26
6	12	27
9	10	31
10	14	33
11	16	34
10	14	33
8	14	29
10	14	31
9	14	35
0	11	91
4	6	23
5	9	26
3	12	26
0	12	91
6	11	30
9	10	26
6	8	25
5	18	34
2	8	23
4	8	22
0	3	22
0	18	90
5	10	31
4	6	24
2	4	22
7	7	24
0	3	90
2	4	24
3	7	22
2	7	22
2	5	22
3	8	25
4	7	25
4	6	24
4	6	23
4	7	25
2	6	24
2	5	23
2	5	23
2	4	22
2	4	21
1	3	20
2	7	23
1	5	91
6	9	26
5	9	24
7	10	27
4	9	24
3	6	21
7	12	32
4	7	22
4	7	25
2	6	22
2	6	21
2	7	22
2	6	21
4	7	31
5	6	22
2	3	22
2	6	24
4	7	26
2	4	20
0	6	21
3	4	26
0	4	20
1	4	20
3	5	22
6	9	30
1	3	20
1	3	23
3	6	22
0	12	90
0	11	90
5	7	26
0	5	22
1	4	20
5	6	24
5	9	25
5	9	26
5	8	30
3	8	22
1	4	20
6	12	33
1	4	20
3	5	22
2	5	22
3	5	23
5	5	26
2	5	22
0	3	21
0	3	20
0	4	21
1	3	20
3	9	25
6	7	24
3	6	23
2	7	21
0	40	91
2	7	22
4	6	22
8	8	29
2	9	24
1	6	22
2	14	29
4	12	31
2	10	30
4	13	31
3	6	22
2	8	23
7	10	27
6	12	25
5	8	24
5	12	32
3	6	21
3	5	24
4	7	25
6	5	30
3	6	24
2	6	22
10	11	35
2	7	22
7	11	32
7	10	28
9	12	33
5	6	25
2	4	21
8	8	30
5	5	23
7	9	31
2	4	21
8	9	26
0	18	90
5	9	25
3	10	26
2	4	26
2	5	20
0	19	90
0	23	91
7	5	30
1	5	22
0	4	21
9	9	30
3	9	25
3	8	24
3	8	22
3	8	23
2	7	21
3	9	25
7	12	31
8	9	33
9	12	33
5	6	24
3	6	22
3	6	20
0	3	21
1	6	21
2	5	21
0	5	21
8	10	27
7	10	31
4	7	23
3	8	25
6	9	30
4	8	22
2	6	24
0	4	91
0	3	20
4	6	26
4	7	23
0	3	21
0	4	20
0	3	20
0	1	20
0	4	23
0	2	23
1	2	22
4	9	26
2	6	22
1	6	22
1	5	23
1	5	20
7	7	24
1	14	90
3	8	21
5	8	24
8	18	36
0	5	90
0	3	20
0	3	21
7	9	25
4	7	22
3	4	22
8	8	35
4	6	23
4	7	24
1	5	21
3	8	22
3	6	23
2	7	23
1	5	21
2	7	22
0	9	91
0	15	91
9	11	30
3	5	22
3	7	22
0	2	23
1	3	21
5	8	30
3	11	27
4	8	24
3	7	22
4	6	24
3	6	20
5	9	30
5	8	26
1	3	21
0	3	22
1	5	23
1	4	24
1	3	25
6	6	27
5	6	25
1	5	24
2	4	22
3	4	20
3	5	25
4	4	22
4	6	31
3	4	21
4	7	23
3	7	20
3	7	21
3	7	20
7	9	26
6	13	30
1	4	22
2	9	23
1	0	22
1	1	21
6	7	29
2	4	23
4	7	27
8	11	31
5	37	90
2	3	21
2	4	20
4	9	27
3	6	23
3	6	24
2	5	20
1	2	23
3	6	23
4	7	24
0	7	91
0	6	91
9	10	31
7	8	26
8	8	28
7	9	26
3	6	22
4	6	25
4	6	23
4	5	24
5	14	32
5	12	30
4	8	25
3	10	25
7	8	23
3	3	25
1	3	20
7	10	35
4	5	25
5	7	26
0	0	22
2	1	20
5	6	32
3	6	32
5	5	32
5	5	31
4	7	31
4	5	28
4	4	30
2	5	22
6	10	26
9	11	29
2	6	21
3	6	23
11	13	36
2	6	23
1	5	20
4	6	22
4	10	26
2	4	22
2	6	23
4	11	25
1	3	21
7	6	26
0	4	21
5	13	32
0	14	91
0	7	90
0	17	91
8	13	29
0	13	91
0	16	90
11	11	32
3	5	22
1	4	20
3	7	24
5	7	30
10	11	37
7	10	34
5	6	25
9	8	32
7	7	28
6	8	29
4	7	22
2	5	23
5	8	26
4	8	23
4	9	21
5	7	26
6	8	32
9	11	32
7	10	28
2	7	22
3	6	23
5	11	23
3	4	22
2	7	22
2	5	21
3	7	21
3	9	21
3	7	23
4	8	24
4	10	30
8	12	30
2	4	20
4	5	24
0	3	22
6	8	31
4	5	23
5	53	91
3	8	23
2	4	21
2	7	21
2	6	22
3	6	24
5	7	22
0	20	91
2	5	23
3	7	25
1	5	23
3	6	24
7	7	27
0	6	22
5	12	31
2	10	25
4	8	26
2	10	26
5	9	27
5	10	27
4	8	26
4	8	27
3	8	24
6	12	32
2	7	21
1	4	23
4	9	22
8	10	30
1	4	20
5	8	24
2	7	23
3	6	21
6	11	28
5	10	28
3	12	27
6	9	26
2	6	22
2	6	23
3	6	24
3	7	22
4	9	28
2	8	23
3	7	24
4	6	23
4	8	22
3	7	21
4	7	20
4	6	21
4	8	23
6	6	27
3	5	21
3	10	30
2	9	28
4	6	26
1	11	90
0	5	90
4	12	30
4	9	30
4	8	25
4	9	24
2	8	23
4	6	22
5	8	24
4	9	27
5	9	27
4	8	22
7	9	32
5	12	31
4	9	24
1	8	90
0	9	91
7	9	32
2	4	24
2	4	25
0	4	25
1	4	25
1	4	24
0	3	22
1	3	25
0	3	24
1	4	23
0	5	22
0	3	22
0	5	20
0	8	91
0	8	91
4	9	22
4	7	25
6	10	30
7	10	29
8	11	28
4	5	23
6	10	25
2	6	22
4	8	23
4	7	25
4	6	23
9	12	31
3	9	24
1	5	23
6	10	26
1	6	21
1	2	22
2	7	23
2	6	21
3	5	23
2	6	23
5	9	26
6	8	25
3	7	21
3	8	21
1	9	20
3	5	22
3	6	23
2	6	23
2	5	22
3	12	31
6	7	24
6	11	30
4	7	23
5	8	29
4	8	23
3	7	22
3	7	21
2	6	22
4	7	23
3	6	22
5	12	31
4	12	30
5	14	31
5	12	31
4	11	30
2	8	23
3	3	23
3	9	24
7	9	27
1	2	25
0	3	20
7	8	26
6	6	29
0	6	90
8	12	31
1	8	23
4	5	23
7	11	25
6	9	26
7	12	34
7	12	31
1	5	21
0	4	20
6	10	30
2	4	22
4	10	26
4	7	21
2	5	22
2	6	25
7	7	30
7	32	89
4	4	22
8	9	36
2	8	22
3	9	24
0	3	20
1	4	21
10	13	33
2	5	20
4	8	24
0	5	54
6	8	26
3	7	23
3	7	21
1	4	23
1	5	22
1	4	21
7	10	26
4	7	23
3	7	21
1	4	21
1	5	20
8	11	33
6	13	31
3	8	24
5	10	31
5	8	25
1	3	21
4	6	23
8	10	28
1	3	23
3	8	23
4	9	24
8	10	30
2	6	22
2	5	21
3	6	24
4	6	23
4	10	27
4	10	23
3	11	22
2	5	22
2	5	21
3	10	31
0	4	23
0	4	22
1	4	23
2	6	24
1	8	23
3	7	22
11	16	39
8	6	28
6	9	25
4	8	25
5	7	24
3	7	25
4	7	24
5	7	24
3	7	23
4	8	23
3	7	24
3	6	23
3	6	22
4	8	24
4	9	25
5	7	21
2	6	23
0	14	88
6	8	25
1	5	22
4	5	24
1	4	21
9	9	26
8	16	33
6	11	28
6	10	25
7	12	27
7	10	26
2	6	23
9	15	31
10	13	33
6	9	31
3	9	22
3	9	23
1	7	20
3	6	24
4	6	24
2	6	24
6	10	30
2	9	23
0	10	91
0	12	91
5	9	24
5	9	27
2	7	22
7	10	24
3	7	22
3	7	21
3	7	22
2	5	21
3	9	23
8	12	31
8	7	28
3	8	21
4	9	24
4	24	91
6	-1	91
4	7	22
4	8	21
4	9	23
6	7	23
7	9	26
6	10	28
0	6	64
3	6	21
4	9	25
4	9	24
3	9	23
4	8	22
2	8	24
3	7	23
5	9	26
5	11	30
3	9	24
4	9	26
4	9	28
2	8	24
3	8	23
2	7	22
5	9	24
7	9	24
4	40	90
10	11	29
8	9	27
7	10	29
6	9	26
7	10	27
2	8	27
2	8	20
6	8	25
8	9	30
1	4	20
4	7	24
9	10	31
13	13	35
5	7	25
5	7	24
6	8	27
6	10	31
0	8	90
0	8	91
6	7	22
9	7	32
8	7	31
5	8	25
6	8	24
7	13	32
6	10	27
7	11	30
4	9	23
5	10	25
6	10	27
5	8	24
8	12	28
9	14	29
2	4	21
0	5	20
4	8	25
3	5	24
4	14	30
6	8	23
6	7	26
5	6	23
4	7	23
5	7	24
8	14	33
5	9	25
1	4	20
6	10	30
4	11	28
8	11	32
8	13	31
8	12	29
5	5	23
5	-1	91
8	8	25
10	10	31
5	12	29
3	6	23
2	6	22
7	13	31
1	6	21
3	5	20
3	8	23
2	4	22
2	6	22
2	7	22
5	5	21
2	4	21
4	6	25
5	11	33
3	6	22
4	7	22
3	6	25
6	9	30
2	10	26
3	8	24
4	8	24
4	11	26
5	8	29
2	5	91
8	14	32
6	4	30
2	5	23
2	7	30
2	5	22
0	15	90
3	4	23
2	8	22
2	6	21
6	8	31
0	10	91
0	12	90
1	5	20
2	5	21
2	7	22
2	5	21
4	6	23
2	6	23
4	-1	90
5	6	25
5	6	25
0	8	89
0	11	90
7	11	28
7	8	31
6	8	25
5	10	27
3	6	22
0	3	22
3	8	24
3	6	21
2	7	23
2	7	21
4	8	24
3	6	23
3	8	23
7	10	30
3	5	20
0	6	90
0	11	90
4	8	24
4	7	23
1	5	20
5	10	29
7	11	26
6	9	26
6	8	24
3	-1	90
1	6	20
4	29	89
9	11	28
2	9	24
2	7	21
2	6	23
8	9	28
4	7	23
6	8	27
5	5	25
6	12	32
8	13	31
7	13	30
9	14	32
5	11	27
3	5	25
0	3	23
0	4	23
1	6	22
0	6	24
4	4	22
5	10	25
10	16	37
5	8	25
4	7	23
4	7	24
5	9	26
5	8	24
5	8	24
6	8	23
8	11	32
9	11	31
6	10	30
5	12	27
5	9	24
4	9	24
4	9	23
3	7	21
4	8	23
3	8	22
3	8	21
8	12	30
1	5	21
8	11	30
3	6	21
5	9	29
9	10	31
4	9	22
4	9	23
3	8	23
7	12	29
1	6	22
3	6	20
6	8	26
4	7	23
6	10	26
3	8	25
3	7	23
3	7	22
2	6	21
4	6	24
5	9	23
5	9	23
4	8	24
5	9	31
3	8	25
3	7	24
3	7	22
4	5	22
4	6	21
2	7	20
7	13	33
9	13	37
5	11	27
5	10	25
2	7	21
7	7	28
6	14	30
4	8	24
3	6	22
0	16	90
7	12	33
6	7	25
7	8	24
7	7	25
6	10	27
6	8	31
2	5	22
9	12	32
9	11	31
8	11	31
9	11	31
8	9	30
7	6	31
0	7	91
4	8	22
8	11	31
3	6	21
2	8	21
3	6	21
2	6	22
1	23	91
7	10	31
5	8	24
2	5	21
2	5	20
1	5	21
3	7	22
2	5	22
5	8	25
0	8	89
9	14	32
8	10	29
8	15	32
8	14	31
8	13	32
9	11	29
3	4	22
6	6	25
8	11	25
7	10	31
3	7	21
8	9	34
3	4	22
4	11	27
4	5	24
2	4	20
2	6	21
3	7	22
3	5	20
3	7	21
6	9	25
4	39	91
4	40	91
3	39	91
3	39	91
3	39	91
3	39	91
0	3	24
12	13	38
12	12	36
5	9	25
5	8	28
7	11	28
5	4	23
4	9	26
4	6	23
5	7	22
3	6	22
2	4	22
0	8	91
7	12	30
5	8	25
2	8	24
10	15	37
7	11	30
7	11	30
5	8	24
2	6	20
2	4	21
2	5	23
1	6	21
4	7	21
12	13	37
3	7	24
5	6	26
2	5	22
6	8	25
6	10	31
1	4	21
0	18	90
0	10	87
6	9	24
8	13	32
3	9	26
2	6	21
3	8	23
3	8	25
4	8	25
2	8	23
7	6	28
10	13	32
0	9	88
1	9	22
2	5	21
0	11	91
0	6	90
0	4	39
4	7	24
0	4	89
2	7	21
2	5	21
0	12	90
4	5	24
2	9	23
2	5	21
2	4	22
5	9	28
0	0	20
0	2	21
1	3	20
0	0	23
0	0	21
0	0	22
0	2	21
1	3	21
2	4	20
7	10	26
2	5	24
0	10	91
0	13	91
2	8	22
7	10	29
7	15	35
6	9	28
1	7	21
1	6	20
8	12	31
5	7	24
6	10	30
5	5	24
0	5	21
8	10	30
4	8	26
4	8	25
4	9	30
2	10	27
4	10	27
3	10	25
4	11	26
2	9	23
3	9	25
3	8	24
3	7	23
3	7	22
3	5	22
5	13	33
2	7	22
2	4	23
4	8	27
4	8	26
5	7	24
4	7	23
2	7	23
3	7	23
3	7	22
3	6	21
6	10	26
3	6	23
22	39	90
1	5	25
5	23	90
1	21	90
2	20	90
2	8	24
5	7	23
6	10	29
5	9	26
7	10	26
2	5	23
3	9	25
2	9	23
2	7	21
2	3	23
5	7	26
6	7	24
2	29	89
0	2	22
6	10	24
4	4	25
1	3	20
5	8	26
2	6	21
2	7	22
2	8	23
4	6	23
3	7	26
4	8	27
0	14	91
0	14	91
2	3	22
0	7	90
2	7	22
2	5	21
2	3	20
4	6	22
0	18	89
0	7	91
0	7	91
6	10	34
3	6	24
10	8	31
0	28	91
7	14	31
3	6	22
2	7	23
0	0	91
0	3	20
0	-1	83
1	8	89
0	15	91
4	6	25
3	6	25
2	6	24
4	6	23
2	6	22
2	6	21
3	7	24
3	6	23
3	6	22
4	7	21
7	11	31
2	3	21
3	6	24
2	7	23
2	5	22
0	10	91
0	11	90
4	11	26
3	6	22
4	7	25
0	4	20
5	11	26
5	5	24
0	5	20
5	8	30
4	6	24
4	6	22
4	7	21
0	2	23
5	7	24
3	8	21
2	6	23
3	8	22
3	6	23
2	5	22
1	6	22
1	3	22
1	4	24
0	3	22
3	8	23
2	3	20
2	6	23
7	9	30
7	14	34
0	10	91
0	11	90
2	8	23
2	6	22
3	5	21
1	3	22
10	12	34
0	6	61
0	4	61
4	3	22
4	7	30
3	8	25
3	6	22
4	7	24
3	6	23
3	5	22
4	4	22
3	4	22
2	5	21
1	4	21
3	9	22
2	3	21
0	6	22
0	3	22
3	7	22
4	6	22
10	9	36
3	2	23
2	7	22
8	9	32
7	9	32
2	6	21
6	9	24
3	6	25
3	7	23
2	5	21
10	13	33
4	6	23
5	5	22
4	5	21
37	43	88
5	9	25
2	7	22
7	9	27
4	5	22
5	7	26
4	6	26
2	7	24
2	6	23
6	8	31
4	9	22
2	5	21
1	4	21
12	12	36
5	6	24
4	8	24
9	12	32
4	5	24
0	15	90
0	14	90
4	8	22
4	7	22
8	9	27
9	13	30
5	8	25
10	12	31
5	7	23
8	11	31
3	7	26
4	9	25
2	7	23
4	8	24
3	6	21
3	8	22
10	8	32
10	10	33
2	7	24
9	11	32
13	17	42
4	10	25
9	12	27
6	9	25
4	8	23
4	9	28
6	11	27
6	11	25
2	6	22
3	5	21
3	8	21
5	9	24
3	9	25
2	7	21
5	5	26
9	12	31
7	11	34
6	13	31
3	8	23
1	4	20
8	7	28
3	6	23
8	10	30
9	9	28
7	13	31
7	9	24
3	7	22
7	10	31
7	7	22
3	8	23
3	9	24
1	2	23
3	8	23
3	10	24
4	8	24
3	11	25
10	11	32
2	5	21
0	-1	91
0	10	91
2	3	21
3	10	24
3	5	21
9	12	32
6	9	26
7	10	27
5	11	27
2	6	23
1	3	21
2	7	23
7	7	28
3	13	30
8	7	25
3	7	20
7	9	32
9	13	33
10	10	33
4	8	24
5	10	23
6	9	28
4	7	23
5	8	23
8	11	30
4	6	24
3	6	26
2	6	24
1	6	23
3	5	23
6	8	30
7	8	25
6	11	26
8	9	30
4	9	26
2	8	22
7	7	27
3	10	24
2	4	21
2	11	91
4	5	24
6	7	29
10	11	34
2	6	22
3	6	21
8	12	28
10	11	33
5	7	23
7	12	32
1	11	91
0	18	91
0	8	90
0	9	89
0	11	91
0	8	55
0	15	90
0	16	90
0	17	90
0	16	90
1	13	91
0	10	91
0	13	90
0	13	90
0	14	91
0	9	76
0	13	91
0	11	91
0	11	91
0	11	90
0	12	90
0	10	90
0	10	91
0	10	91
0	19	90
1	13	90
1	12	90
1	11	91
0	12	90
0	12	91
0	13	91
0	12	91
3	18	91
1	6	52
0	11	90
0	9	91
1	11	90
0	9	91
1	13	90
1	12	91
0	12	91
0	13	91
0	12	91
0	12	91
0	7	90
0	11	90
0	19	91
1	11	91
0	13	90
1	13	91
0	13	90
1	14	90
0	15	90
0	15	91
0	15	91
1	13	91
0	13	91
0	10	90
4	8	25
3	12	33
5	10	31
5	8	26
6	10	27
14	-1	43
3	7	23
3	6	23
2	7	23
6	8	26
8	10	28
8	10	29
4	7	23
4	9	25
6	8	25
7	8	27
6	9	25
4	13	28
8	10	30
8	9	28
8	9	29
0	5	90
0	4	89
11	14	38
9	13	35
4	8	23
2	8	23
12	15	37
15	17	44
4	9	26
6	9	31
1	8	21
6	8	22
4	10	24
8	11	26
5	14	30
8	11	30
6	7	22
3	7	21
0	11	91
0	15	90
5	9	27
3	6	21
8	15	31
8	13	33
2	6	21
2	6	21
1	3	21
1	3	20
6	12	30
7	13	33
7	9	28
6	9	26
5	9	25
6	8	31
5	8	22
3	6	24
4	6	23
4	6	22
4	7	23
3	6	21
0	13	90
4	25	91
0	27	91
10	12	33
8	9	26
5	9	28
5	10	25
4	7	29
4	6	27
4	6	22
4	8	28
2	7	22
3	6	21
2	9	23
2	7	23
2	12	24
3	11	23
9	9	28
7	9	33
3	9	24
8	13	35
6	8	25
5	8	23
4	7	23
4	7	23
9	13	34
7	9	31
0	3	22
0	3	24
0	4	22
2	6	22
1	5	22
1	5	21
1	4	20
9	9	29
7	10	32
7	9	32
3	7	27
10	8	30
5	8	27
4	7	26
9	10	33
6	8	27
6	9	30
7	9	28
1	4	22
1	6	20
6	7	30
6	15	29
4	7	24
3	7	22
2	8	25
2	7	24
3	6	23
2	8	24
6	12	30
8	13	32
9	13	32
8	12	31
10	12	33
6	10	27
8	13	30
7	9	27
7	13	31
9	14	33
7	13	33
5	10	24
6	10	26
7	11	30
6	10	27
8	9	27
6	9	26
9	8	30
0	12	91
0	8	91
3	6	23
8	11	38
8	14	32
5	11	27
5	7	25
4	11	24
3	9	24
5	10	25
4	8	23
6	7	23
1	3	20
0	4	20
6	7	23
6	11	28
6	8	24
2	4	23
1	3	23
3	6	22
12	14	38
8	13	35
0	3	25
4	5	22
1	3	22
3	7	23
4	8	22
2	2	22
2	6	22
2	5	22
3	4	23
5	9	25
4	6	21
0	1	20
0	2	21
7	10	27
7	10	28
7	10	27
4	10	23
11	14	36
1	3	21
1	13	91
1	15	91
7	11	30
8	12	31
6	10	30
4	11	30
7	13	31
8	12	28
5	7	25
4	7	24
5	6	24
5	6	23
2	9	27
0	8	91
0	8	91
5	8	24
0	11	90
0	8	90
5	6	23
7	11	33
0	10	91
1	8	90
3	9	23
4	7	25
2	6	23
2	6	22
5	5	22
2	6	21
5	8	25
2	7	25
7	11	30
4	7	24
3	5	21
7	8	25
3	7	22
0	17	90
0	15	91
7	8	26
3	8	23
5	8	25
6	13	33
6	8	32
3	6	21
2	6	23
1	5	24
8	6	29
1	5	22
2	6	22
8	12	28
5	7	23
3	6	23
0	3	20
27	28	86
29	-1	90
0	17	91
0	11	91
0	17	78
6	13	27
2	7	21
1	4	20
4	7	24
5	7	23
3	5	23
2	7	23
6	10	31
5	8	27
5	12	29
2	6	21
2	5	22
4	7	24
3	5	24
3	5	22
3	7	23
3	6	23
3	4	22
2	7	22
2	4	20
2	6	21
1	4	20
4	11	24
1	3	21
2	7	23
4	11	25
5	9	24
3	6	22
0	6	90
2	5	21
2	5	20
2	7	21
1	7	20
1	6	21
3	8	23
7	7	25
2	2	21
2	3	22
1	3	22
4	7	23
4	37	91
4	-1	91
3	37	91
2	5	22
2	5	22
6	10	30
8	10	33
1	9	23
1	10	91
0	5	90
2	7	22
2	7	21
5	6	24
0	2	20
9	8	33
6	8	27
2	6	21
1	13	91
1	17	90
3	6	23
2	6	23
1	4	20
0	12	87
0	10	82
8	11	31
8	11	30
0	2	24
0	1	23
0	2	25
0	1	21
7	7	27
9	9	26
6	9	28
8	11	27
5	7	22
0	9	90
0	3	21
7	14	34
8	12	32
3	3	22
5	10	27
0	6	90
0	21	90
7	11	25
3	6	22
0	31	90
7	8	26
3	6	23
3	5	22
3	4	21
4	7	24
1	5	22
5	7	25
25	27	91
4	10	30
4	6	25
4	9	33
7	10	31
5	8	30
6	6	26
5	6	26
6	8	25
6	7	28
5	7	24
4	16	85
2	6	22
1	5	21
3	8	23
2	5	21
4	8	22
3	4	25
2	3	21
3	5	20
4	6	22
7	9	26
4	7	23
3	6	20
5	7	25
1	4	22
3	6	23
9	33	90
6	8	32
6	10	31
5	10	25
4	8	24
4	8	23
2	8	23
2	10	24
2	8	22
3	8	25
3	7	24
3	6	23
3	6	22
0	13	91
0	7	90
4	6	25
4	6	24
4	7	24
3	7	23
2	6	22
3	7	21
3	9	22
1	4	21
1	4	20
6	10	25
6	10	25
8	19	90
6	7	23
3	7	23
2	6	20
4	9	25
3	8	21
4	10	30
4	6	24
3	8	24
3	9	25
3	8	24
4	9	27
2	7	24
6	10	26
3	5	24
2	4	22
6	10	29
9	9	28
7	10	26
2	6	21
1	7	22
3	3	20
5	7	22
2	4	21
3	6	21
5	9	26
3	8	24
4	9	30
7	12	29
3	5	23
3	4	22
6	11	31
8	11	32
2	8	22
2	5	21
2	5	23
4	7	24
2	7	21
7	9	31
3	5	22
3	7	22
6	12	52
4	10	32
4	8	25
4	9	24
9	11	36
4	8	22
3	8	21
3	7	20
1	2	20
6	9	26
1	36	91
1	5	20
4	7	22
4	9	30
1	6	21
2	6	21
5	10	30
4	9	27
4	11	24
5	8	27
4	11	26
2	6	23
1	1	22
1	0	21
1	1	20
11	11	33
8	9	32
1	5	21
3	6	21
5	8	23
1	9	91
5	7	27
5	13	30
4	10	25
3	7	24
3	5	23
4	7	25
4	6	22
3	5	21
4	6	23
2	5	25
4	6	26
5	6	25
4	6	25
4	5	25
3	5	24
4	6	23
6	9	28
5	6	22
5	31	86
7	12	30
8	14	34
6	11	31
4	9	25
5	11	29
4	13	31
6	10	30
6	10	30
4	12	30
4	6	24
4	9	25
4	9	24
2	7	22
2	6	23
2	5	21
3	6	21
0	12	87
8	9	25
4	6	25
3	8	26
9	7	31
6	8	25
5	8	29
3	7	25
9	14	31
10	13	30
7	10	28
3	5	23
3	6	24
3	6	23
3	6	22
8	12	28
9	14	33
8	13	31
4	8	22
4	8	21
7	8	29
6	7	26
6	7	27
6	11	31
7	8	27
7	8	27
5	6	25
3	5	26
4	6	23
4	8	25
7	12	30
1	5	20
5	8	24
2	4	22
5	10	25
3	7	25
6	11	30
2	6	22
5	7	27
7	8	23
6	8	25
8	13	35
7	10	31
7	8	25
3	6	23
4	10	23
6	8	26
7	12	27
4	6	22
4	9	22
5	9	24
2	5	21
2	4	22
4	8	23
3	7	22
4	8	24
3	7	21
3	9	25
2	7	24
4	9	25
3	10	25
4	11	25
7	9	26
6	11	30
5	8	24
8	10	31
10	10	32
9	9	28
3	7	22
1	6	22
1	6	21
5	6	22
1	6	21
2	4	22
2	4	22
2	6	20
2	6	21
4	9	23
0	1	22
1	4	23
0	4	20
1	5	21
2	7	23
1	3	22
3	6	21
3	5	21
4	7	25
3	7	26
4	8	26
0	3	20
7	12	31
2	4	21
0	9	91
0	6	89
1	7	23
4	10	24
8	9	29
4	5	21
3	7	23
3	6	22
5	7	24
7	15	34
8	12	34
5	10	25
2	5	23
2	5	23
5	9	27
6	10	28
1	4	20
2	5	21
12	13	38
10	11	34
8	13	33
13	15	40
8	14	31
3	7	22
4	7	23
4	7	23
5	7	23
7	12	31
5	8	24
7	12	29
7	9	25
5	8	23
5	9	23
8	10	27
6	10	25
6	7	24
9	11	31
0	9	91
0	6	89
4	8	23
8	9	29
9	8	31
4	7	22
5	8	26
3	9	25
4	7	24
3	7	24
3	7	24
3	7	23
1	5	20
6	9	25
8	12	32
8	12	32
7	12	29
9	10	31
6	10	30
3	5	21
6	12	29
4	6	24
7	8	24
6	7	25
5	7	24
5	10	30
1	7	20
4	6	25
3	8	24
7	7	25
4	3	24
3	8	21
2	6	21
7	11	32
6	9	25
4	8	24
1	8	90
0	9	71
3	6	23
2	8	21
2	8	20
6	7	24
5	6	25
5	9	26
8	10	28
10	12	33
1	4	24
2	6	23
3	7	21
3	7	21
4	7	22
3	7	23
4	8	24
5	8	23
3	5	21
7	9	30
2	7	20
2	7	22
1	5	21
1	2	30
2	9	23
1	5	21
3	7	23
9	14	34
3	5	22
7	8	26
3	6	22
7	10	31
3	9	26
1	5	20
4	10	25
1	4	22
3	8	24
4	7	24
5	12	27
4	5	25
5	7	31
5	7	29
8	10	30
4	9	24
3	6	25
4	6	23
2	6	22
3	5	22
4	8	26
5	7	27
5	9	27
4	8	23
0	19	81
10	11	29
8	10	30
6	9	23
8	12	32
9	9	32
1	6	23
6	11	31
1	3	22
1	4	21
8	9	28
8	8	27
3	8	24
3	5	23
8	10	30
7	12	31
8	11	28
8	11	29
3	7	24
8	11	30
2	7	21
2	5	21
4	9	23
5	8	23
6	8	25
6	8	24
8	11	31
4	8	23
4	7	23
4	11	26
4	7	23
6	23	91
8	9	30
7	9	27
4	8	22
3	9	23
2	8	22
7	13	37
7	8	25
5	8	26
2	9	22
2	5	20
8	12	30
6	7	25
5	7	25
7	9	28
3	7	23
3	7	22
2	7	23
6	9	31
0	-1	90
0	6	90
6	8	26
4	6	23
1	4	22
5	10	31
8	9	33
6	9	30
7	13	32
6	13	31
8	8	27
5	7	25
11	13	36
9	10	30
2	6	25
9	11	33
6	8	26
4	8	23
1	4	21
2	5	21
6	10	31
4	8	24
5	11	28
8	11	30
4	12	31
4	7	24
2	9	25
3	5	21
7	14	30
7	15	32
2	4	21
3	6	21
5	7	24
6	7	25
4	6	20
5	7	24
5	8	25
3	8	22
0	7	90
3	7	23
3	5	20
7	10	31
0	3	23
0	13	90
2	2	23
0	2	21
1	2	22
0	3	22
12	11	37
7	12	31
7	13	37
4	7	26
8	12	31
6	11	31
3	7	24
4	7	24
6	9	24
3	10	29
7	9	31
5	7	24
5	7	24
6	8	26
4	5	24
4	8	22
4	9	23
3	7	22
2	7	21
0	4	20
4	4	23
3	5	21
10	14	33
6	11	30
6	10	30
2	46	91
4	7	23
1	6	22
1	6	21
3	6	21
4	7	21
2	7	22
3	6	25
3	6	23
2	5	22
2	5	22
6	10	30
8	10	28
5	13	30
2	5	20
5	8	25
3	7	23
2	6	33
3	5	21
3	8	23
7	9	24
5	8	25
5	8	26
2	7	21
6	12	30
9	9	30
8	7	27
6	8	26
3	7	24
3	10	25
1	-1	91
9	15	35
2	5	21
1	4	23
9	13	33
9	13	31
7	9	28
5	6	21
5	10	27
5	8	26
3	5	23
1	4	23
8	12	29
7	10	29
3	5	22
3	7	23
10	9	34
1	5	22
1	4	23
1	5	21
2	4	22
4	8	25
5	7	27
3	9	24
3	8	23
2	9	25
2	9	26
4	7	24
0	16	90
1	4	20
3	7	22
3	6	27
4	6	27
3	5	23
2	4	21
3	5	24
2	5	22
3	4	22
5	8	27
5	8	23
7	7	24
2	5	20
3	5	21
3	7	25
2	3	23
2	4	21
2	7	20
4	9	24
6	6	30
6	7	31
4	8	24
3	6	26
2	4	24
4	7	23
3	9	23
8	14	30
9	10	29
7	10	30
4	6	23
0	4	23
0	5	25
4	5	23
3	5	21
3	7	24
2	6	20
1	6	23
2	6	21
1	8	20
3	11	23
0	9	91
7	9	25
4	6	21
0	3	21
4	7	28
3	7	26
6	8	24
9	12	34
6	12	34
7	11	31
4	9	23
7	11	32
4	8	23
0	11	90
6	6	23
5	7	22
11	11	31
10	12	31
10	11	30
5	8	22
5	7	23
3	8	23
1	12	90
2	3	22
0	6	90
3	5	22
3	5	21
4	10	27
2	5	22
4	6	24
0	11	91
0	8	91
4	9	22
4	6	22
2	6	22
0	6	21
4	6	26
4	6	26
4	5	25
9	11	31
2	7	21
6	13	32
5	10	25
3	7	22
3	6	21
1	5	22
3	7	23
1	6	23
3	8	24
3	5	22
2	6	23
2	5	24
7	11	31
8	10	32
2	6	23
3	7	21
9	11	31
8	9	31
6	7	24
2	6	22
4	10	27
4	9	27
4	9	27
4	10	26
5	12	31
4	8	24
3	6	24
6	8	26
2	7	22
4	10	24
4	10	25
2	20	90
1	-1	90
2	5	21
7	6	28
4	9	30
2	3	21
4	7	23
4	7	25
2	6	23
3	6	24
3	7	26
2	4	20
3	4	21
1	3	23
3	9	23
3	8	22
3	5	22
4	9	30
4	7	23
5	6	26
2	5	24
3	6	25
0	13	91
4	7	22
0	7	85
10	13	31
5	7	26
4	7	23
5	9	23
5	8	25
1	1	22
6	7	25
0	9	90
0	12	91
3	29	88
3	6	22
6	7	23
5	7	30
4	11	30
5	6	24
0	7	90
1	14	91
9	10	31
1	6	20
2	8	22
3	11	23
4	5	25
12	17	36
11	13	31
0	10	91
3	8	23
1	8	22
1	4	22
2	5	25
1	6	21
5	8	25
8	11	28
4	10	26
4	10	27
6	10	26
4	9	25
10	11	34
9	10	32
9	10	31
4	6	26
2	4	21
2	5	21
5	8	26
5	8	25
5	8	25
3	6	24
1	5	22
0	3	21
8	13	34
5	10	25
4	10	30
0	4	20
3	8	24
8	11	28
5	8	26
1	5	22
2	5	23
4	7	24
7	9	30
0	9	90
7	8	25
4	7	22
2	6	22
2	6	21
2	6	20
4	8	25
3	7	24
2	6	24
2	7	23
3	6	22
6	13	35
6	8	23
4	7	27
4	9	23
3	7	21
3	5	22
2	6	21
2	6	22
1	4	21
7	9	26
5	7	25
5	7	26
11	12	70
6	11	25
4	13	31
3	7	21
6	12	34
6	10	26
3	8	23
2	6	22
5	9	23
3	7	22
1	4	23
5	7	23
3	6	23
3	5	24
3	4	25
3	8	26
4	5	24
4	7	25
5	6	23
3	8	23
6	8	24
8	11	29
8	12	29
2	6	21
2	7	20
1	5	21
2	6	20
5	9	30
4	11	30
2	5	23
2	7	22
3	5	22
3	7	24
3	6	23
3	6	21
3	5	22
5	8	24
9	13	37
6	11	29
5	7	28
3	5	20
4	8	22
3	8	24
4	5	24
4	7	24
6	7	22
5	10	25
5	10	26
4	7	25
3	6	24
3	6	22
5	7	25
0	3	20
0	4	30
1	2	22
1	2	21
0	3	20
7	11	28
6	11	31
3	9	22
6	11	32
2	8	28
4	8	27
3	8	26
3	7	25
4	6	24
3	7	24
2	6	23
2	6	22
4	7	21
1	7	23
1	7	22
5	9	31
3	7	22
4	10	25
4	9	23
0	2	25
1	4	30
3	5	22
7	10	32
2	4	21
6	10	23
0	13	90
0	10	91
3	6	24
11	14	35
5	9	26
1	6	21
1	2	21
2	4	21
7	11	26
5	8	26
3	5	24
4	6	26
4	6	23
8	9	31
2	7	22
6	8	24
2	4	20
0	1	21
4	7	22
3	6	21
11	16	35
2	8	20
3	8	27
6	11	30
3	9	25
2	5	22
1	2	21
0	12	90
0	12	90
2	8	22
3	5	21
4	7	22
4	6	23
8	13	33
4	8	22
0	20	91
0	3	21
2	6	21
6	10	26
11	12	91
4	10	26
3	5	21
3	7	24
2	7	21
6	6	22
0	11	76
0	11	76
3	8	21
1	3	21
3	8	22
2	5	22
0	12	89
0	8	90
4	8	23
0	35	90
3	8	22
0	5	23
0	3	22
7	9	26
6	10	27
6	11	30
0	10	90
0	15	91
2	4	20
5	9	31
2	5	24
3	6	30
2	6	25
3	5	25
4	5	24
2	4	23
3	6	22
4	6	27
4	6	25
2	5	22
3	5	23
3	6	24
3	4	21
3	9	24
5	8	24
3	7	22
4	8	22
6	8	32
5	8	25
3	6	24
5	5	28
7	10	31
5	8	26
0	4	20
0	10	91
6	13	32
3	9	31
1	1	21
3	8	30
3	6	22
2	7	23
0	2	21
5	7	24
5	8	23
1	3	22
4	5	23
2	6	20
2	6	22
2	4	21
3	7	23
2	4	21
4	5	24
0	3	21
3	4	22
1	2	22
2	6	26
4	6	23
2	7	22
5	7	24
5	8	24
6	7	25
3	7	22
5	8	31
6	8	31
0	11	91
0	16	90
3	5	23
9	13	32
2	4	25
3	6	24
1	3	21
1	3	21
3	5	22
4	5	23
5	8	31
4	5	23
0	6	24
2	5	25
1	3	21
1	3	23
0	5	21
3	6	20
1	3	23
0	3	24
1	4	22
1	4	22
0	2	23
0	2	23
0	2	21
0	2	20
1	5	20
1	5	21
3	9	21
6	8	32
6	6	25
7	10	31
7	8	27
8	7	26
6	11	30
7	7	27
1	4	22
3	9	23
9	12	33
9	15	35
9	17	35
2	3	20
2	7	22
4	7	23
6	13	28
7	8	29
6	9	28
6	10	27
5	10	30
1	8	65
2	6	22
0	-1	89
0	15	91
2	6	22
2	3	22
2	5	21
1	6	21
2	4	20
2	5	21
7	17	35
2	7	21
1	5	21
3	6	21
5	38	90
3	9	25
3	5	25
4	12	33
8	11	31
4	8	24
4	10	25
3	7	23
4	9	27
6	8	25
3	5	22
3	6	26
4	9	26
9	16	36
4	8	24
2	7	22
2	7	23
2	7	20
3	8	22
6	9	26
4	8	23
4	11	26
3	7	24
3	8	23
3	5	22
7	9	30
7	9	30
7	8	30
3	5	23
0	6	22
3	6	21
5	7	23
9	10	33
4	6	22
0	4	91
1	10	91
3	7	22
6	7	26
6	12	31
3	10	24
2	7	22
4	11	26
4	8	24
4	9	24
4	6	25
3	10	25
6	9	26
3	6	22
3	5	22
4	7	24
0	3	20
0	3	21
1	5	24
1	4	22
1	26	90
2	5	25
2	4	20
3	6	22
1	4	22
0	4	21
1	6	20
5	9	23
0	13	90
3	8	23
1	4	20
3	5	22
7	11	30
3	4	21
5	9	26
4	4	24
5	9	32
5	5	25
3	6	24
6	12	38
3	8	23
2	7	22
2	6	21
2	6	20
2	4	20
0	4	21
3	3	24
1	13	91
0	17	89
0	6	71
1	5	23
0	13	89
0	8	91
0	9	91
3	11	25
0	36	90
6	10	26
7	6	28
0	4	23
0	4	21
0	6	22
4	5	23
7	9	29
1	7	22
4	6	26
4	7	25
3	4	24
8	11	34
0	4	20
7	11	37
2	5	21
2	7	23
1	5	24
6	-1	91
5	8	23
5	9	31
3	9	25
4	7	22
2	7	24
2	7	22
2	6	21
10	14	36
9	16	37
6	11	29
4	8	22
7	9	26
7	7	26
1	3	20
2	5	24
5	11	31
5	7	25
2	8	21
3	6	20
1	3	21
4	1	23
3	7	21
6	8	25
7	11	32
5	8	26
5	8	24
7	9	30
8	11	32
0	4	90
3	3	90
2	2	90
4	17	34
5	11	31
5	10	30
3	6	26
3	5	22
2	5	21
3	8	23
7	10	31
8	12	32
3	7	22
2	4	20
3	7	22
6	11	25
6	11	24
3	7	22
6	6	24
6	10	27
6	11	32
4	7	23
4	9	25
8	11	31
3	5	21
0	2	21
2	7	23
5	11	25
8	10	25
8	9	30
2	8	23
3	7	21
3	7	24
4	8	23
4	6	23
3	5	21
4	5	23
3	7	23
4	8	23
5	8	23
3	7	22
3	5	21
5	8	23
4	7	23
4	6	21
2	6	21
1	6	21
4	7	24
4	10	23
3	7	23
5	9	27
4	5	22
4	7	22
3	6	24
2	5	21
2	5	20
1	4	22
1	5	21
1	5	20
6	11	25
5	9	30
5	7	23
3	6	23
2	5	21
9	8	34
5	8	26
6	8	26
11	9	34
3	9	23
4	8	22
5	9	25
1	9	91
0	17	91
5	8	26
7	7	27
0	4	21
4	6	22
5	9	30
6	9	30
5	10	28
2	5	22
2	6	22
1	2	21
3	7	30
4	7	31
3	5	22
4	5	21
7	10	26
4	8	28
6	12	30
6	10	29
6	9	27
5	13	31
4	10	29
4	10	28
3	6	25
1	4	21
2	7	24
2	5	23
1	4	21
2	5	20
6	10	26
3	5	21
5	7	25
4	7	23
3	7	23
4	7	21
3	8	22
3	7	24
5	10	24
5	8	25
7	10	31
10	12	33
2	6	21
5	7	24
4	8	26
6	31	90
4	5	23
7	8	26
4	9	25
3	8	25
4	6	21
5	9	25
5	8	22
5	8	24
7	9	30
3	7	20
5	10	27
4	9	24
5	9	22
2	7	22
3	6	22
4	6	24
6	9	32
3	9	22
4	9	28
6	7	30
4	8	25
2	5	23
6	9	31
4	6	23
3	8	22
3	8	25
6	10	27
7	12	31
1	4	20
1	4	21
3	-1	90
4	7	23
6	8	26
3	5	22
2	4	22
2	7	23
4	6	24
3	8	26
6	9	30
3	6	22
5	6	26
3	7	24
4	6	23
4	5	25
4	5	22
1	4	21
0	4	22
9	11	27
6	10	28
1	6	21
2	6	22
3	7	20
7	15	30
3	7	23
2	23	90
6	10	26
4	9	24
5	10	25
3	9	25
4	8	26
4	7	24
3	3	21
3	8	23
2	6	21
4	9	22
6	10	25
9	15	31
6	13	30
9	12	32
2	7	21
3	7	25
6	11	31
6	9	29
7	9	28
10	13	34
2	3	22
2	4	21
1	3	21
6	7	24
5	12	30
5	8	23
3	7	23
3	6	22
4	7	24
4	6	23
4	4	24
1	4	20
6	9	24
4	6	24
2	6	21
5	11	26
5	14	32
5	14	32
6	10	27
4	10	26
4	9	25
2	9	23
7	11	27
7	12	26
3	9	24
2	4	24
2	3	20
5	9	25
2	5	20
3	6	21
6	6	28
5	9	24
3	7	22
4	7	24
2	7	22
4	8	23
1	5	22
3	7	21
1	22	91
2	8	23
2	4	24
3	6	21
6	7	23
6	8	26
5	8	23
4	10	25
4	7	24
3	6	22
6	10	26
4	7	24
4	7	24
4	6	21
3	6	21
7	11	29
5	9	23
5	8	22
4	6	23
3	6	22
2	6	20
3	5	22
7	8	23
10	13	32
3	7	23
3	7	22
3	8	22
4	8	23
7	14	29
3	5	23
3	5	22
5	9	26
2	6	22
0	11	91
5	9	26
2	6	23
3	6	22
5	10	28
4	8	24
4	6	22
1	8	24
4	8	24
3	8	24
4	9	25
2	4	22
4	5	23
1	6	20
8	10	31
3	9	21
4	9	32
3	7	24
1	3	21
7	8	30
6	7	26
6	7	25
1	5	22
3	5	24
4	9	34
8	11	30
0	13	91
3	8	23
7	12	29
3	6	21
3	7	23
3	8	22
2	6	25
0	4	21
6	8	25
1	5	22
3	8	26
3	6	25
4	10	29
5	8	27
5	10	30
9	13	32
2	6	20
4	7	22
7	8	27
1	3	21
7	9	30
8	9	29
7	9	28
6	10	25
5	8	23
1	6	20
5	9	22
4	7	23
7	8	31
9	12	32
8	12	32
9	10	34
6	10	26
6	9	25
6	11	30
7	12	30
5	7	23
4	6	22
3	12	30
5	9	26
6	9	30
3	7	25
4	6	24
3	6	23
2	6	22
5	8	24
3	6	23
3	7	25
3	7	22
4	7	24
5	8	28
4	8	21
3	8	25
5	6	23
1	6	22
3	5	22
3	5	22
4	9	22
5	8	24
6	9	23
7	11	28
4	7	24
6	8	26
4	7	23
5	9	22
3	10	24
4	7	23
5	9	24
4	6	24
3	6	23
3	5	22
2	5	23
3	6	23
6	8	33
3	5	25
2	7	22
5	9	25
6	11	30
3	7	26
8	9	31
2	5	22
9	16	35
2	7	23
5	7	24
5	8	30
7	10	35
3	6	23
5	10	24
8	12	33
5	12	30
2	8	26
5	10	30
2	6	21
3	6	25
2	7	23
2	7	21
4	8	23
3	7	23
2	5	23
2	5	21
4	9	25
5	9	24
1	6	22
2	5	22
2	5	21
3	7	23
2	4	25
6	10	26
5	8	24
4	8	25
3	9	26
5	4	24
2	5	23
5	11	31
2	7	21
1	7	20
6	14	32
1	6	21
2	5	23
1	6	21
5	8	24
6	7	24
6	10	30
6	13	30
3	7	24
5	9	26
4	8	23
6	12	32
7	14	33
5	13	30
6	11	27
5	10	25
7	11	30
7	11	31
2	5	22
3	8	25
5	9	29
4	7	23
4	7	25
4	7	23
3	6	23
4	9	24
4	7	21
6	7	25
4	6	23
3	7	23
4	6	24
4	6	22
5	8	23
3	7	22
4	7	23
7	10	25
4	5	23
3	6	22
2	4	21
2	7	23
5	7	24
3	9	23
3	7	21
3	4	20
4	7	24
4	9	24
3	6	24
3	6	23
3	7	21
6	9	24
4	6	25
4	11	25
4	7	21
4	8	21
3	7	22
2	7	22
6	6	23
3	6	21
2	5	23
3	7	22
2	4	23
6	8	24
6	9	31
4	10	26
6	8	24
1	6	20
2	5	21
2	7	23
2	6	22
3	6	22
7	10	27
2	7	27
5	7	30
4	9	30
4	6	25
4	9	27
4	8	26
4	6	26
3	7	25
3	7	24
3	5	23
3	5	22
5	9	26
10	11	33
2	5	21
4	8	23
0	15	91
2	4	22
2	5	22
2	4	21
7	10	32
3	6	21
3	6	22
6	9	26
4	8	21
3	8	22
3	8	22
3	6	21
3	6	20
0	12	91
3	7	23
8	9	30
9	10	29
8	8	27
3	8	25
3	8	23
4	9	24
3	11	25
4	9	27
7	11	30
3	9	25
4	9	25
3	8	24
3	7	23
1	8	22
8	9	31
6	7	31
2	6	21
1	5	22
2	5	21
2	7	23
0	28	90
3	7	23
7	10	28
1	4	20
7	11	31
1	4	22
3	8	22
4	7	24
5	35	91
4	8	22
3	10	31
4	6	21
7	8	29
1	5	22
7	12	31
10	13	37
6	8	25
4	8	23
2	7	22
2	5	21
2	6	23
4	7	21
5	10	24
2	6	23
3	7	24
2	5	22
4	4	22
2	5	25
2	8	22
0	8	22
1	5	20
7	11	30
6	8	30
11	13	34
1	8	90
1	10	90
0	4	20
1	21	91
1	-1	90
2	6	22
1	4	22
0	3	20
2	8	24
3	6	23
3	5	23
2	5	21
3	7	25
3	8	24
3	8	22
0	5	21
1	3	21
6	9	25
4	9	31
4	7	22
4	8	21
2	2	21
3	4	21
6	9	28
7	8	28
3	8	24
3	8	23
3	9	29
3	8	23
6	12	30
2	9	26
2	6	22
4	8	25
2	8	22
9	11	31
3	9	24
3	8	23
3	9	24
2	11	24
3	7	23
3	3	20
3	7	26
2	4	24
10	11	37
8	12	37
7	10	33
2	5	22
5	8	24
1	5	21
0	4	20
0	7	91
0	6	88
1	7	90
5	5	24
5	9	26
0	39	90
2	6	21
2	8	22
1	2	20
1	2	21
3	40	91
1	6	22
5	7	25
4	7	23
4	6	22
4	7	25
5	8	24
6	10	26
6	7	26
11	10	31
6	12	30
3	9	23
5	8	25
2	7	21
1	8	23
2	6	21
2	7	22
3	7	22
3	8	23
4	6	23
3	5	22
0	8	90
4	10	30
2	6	22
4	6	23
3	7	25
4	7	24
4	9	24
2	5	20
1	6	20
6	10	26
6	9	26
8	11	31
1	3	22
4	9	30
1	4	21
4	7	24
3	5	23
8	10	26
7	10	30
6	8	25
5	8	24
5	8	30
7	12	31
2	5	23
6	12	32
3	5	21
2	6	22
7	11	31
4	7	23
5	8	24
4	6	23
5	7	25
2	6	23
4	9	26
0	2	22
4	6	23
2	6	21
5	11	33
3	5	22
3	5	22
6	10	30
5	9	30
6	10	25
4	6	22
5	28	90
1	36	91
1	4	21
9	13	40
3	7	21
2	4	22
2	3	22
3	4	23
2	5	22
7	12	31
5	7	26
5	10	27
5	9	30
5	9	27
5	8	25
5	7	25
4	8	25
0	5	20
1	7	20
3	6	23
4	7	24
4	6	23
4	8	25
3	6	24
1	5	22
4	7	22
1	3	21
6	9	26
4	8	21
7	10	30
4	8	23
10	14	35
5	6	22
4	7	23
7	10	25
3	8	23
6	10	26
3	10	25
4	8	22
4	7	25
4	8	24
3	6	23
6	9	30
0	17	89
1	10	91
2	5	23
6	11	31
3	7	23
6	11	27
5	12	28
5	12	26
7	11	26
4	9	25
5	9	27
2	6	21
5	8	25
2	4	22
5	6	22
1	6	22
4	9	22
2	8	23
5	9	23
5	8	26
6	9	27
5	9	27
3	5	20
1	5	21
1	5	22
4	9	24
4	7	22
3	7	23
3	5	22
2	7	22
1	4	23
5	8	26
5	8	25
5	8	24
3	6	25
0	6	32
7	8	29
4	6	21
4	8	26
4	8	23
3	7	21
4	6	23
4	9	24
2	8	23
2	4	22
0	2	21
4	7	23
5	7	25
1	6	21
0	9	60
3	7	22
5	9	31
2	6	25
5	8	24
3	6	22
4	9	25
4	9	23
4	6	32
1	3	24
0	3	26
2	4	22
2	4	20
0	12	90
2	14	91
0	13	90
4	8	24
7	9	31
1	1	30
5	9	26
2	6	91
1	7	91
2	5	21
1	5	22
3	4	22
1	4	25
9	13	34
7	10	28
7	9	25
3	6	23
3	8	24
3	5	22
5	6	22
2	4	20
0	10	80
0	10	80
2	5	20
3	5	22
2	5	21
9	10	33
0	12	86
0	14	91
6	12	31
3	11	29
8	44	91
0	3	22
1	4	21
0	6	91
2	4	21
1	6	20
5	7	25
2	5	21
1	7	85
0	-1	85
5	9	25
6	11	27
7	12	31
3	7	22
3	6	23
4	6	23
7	10	28
6	8	27
3	6	25
3	8	22
4	8	24
4	8	23
2	5	21
6	10	30
5	8	24
4	7	23
2	4	22
2	4	21
2	4	23
3	4	21
7	8	26
4	7	24
2	6	23
2	4	20
2	4	24
1	5	23
1	4	22
0	3	21
2	5	25
5	6	24
5	8	26
3	7	22
2	5	20
3	6	22
4	7	24
2	6	23
1	3	22
3	7	23
3	7	22
7	14	30
6	13	30
7	14	34
2	6	23
0	3	24
3	6	21
3	6	20
1	4	20
4	10	30
5	10	30
2	6	22
2	5	21
5	10	30
5	9	30
1	13	90
2	10	20
2	4	21
4	7	23
4	6	24
6	11	30
3	4	21
1	3	22
4	5	23
2	6	23
2	5	22
3	7	21
2	6	21
0	15	91
2	5	23
5	7	25
4	7	25
5	6	22
0	6	90
0	9	43
3	7	23
7	11	32
0	8	91
0	12	90
2	5	23
3	7	21
3	6	22
4	7	23
4	8	22
3	9	21
5	6	25
3	9	27
4	10	27
8	11	36
4	12	32
5	9	27
6	9	30
9	12	34
3	5	22
5	5	22
4	4	20
7	13	33
2	5	22
3	6	22
4	9	24
3	5	21
4	8	24
4	9	23
2	7	23
3	5	21
2	6	20
3	5	22
1	8	22
4	32	90
7	10	27
7	9	25
6	8	26
6	9	30
5	11	30
5	5	23
1	8	21
3	5	22
4	48	90
5	8	31
0	11	91
7	14	32
4	7	26
4	7	26
4	6	24
3	6	22
3	5	26
4	4	23
2	5	22
4	9	24
2	6	22
3	7	25
2	6	21
6	9	26
6	9	26
0	3	22
1	4	21
1	3	20
0	3	91
7	10	30
7	7	32
0	11	62
4	7	22
7	6	29
0	5	21
2	5	21
4	8	27
1	5	22
2	6	22
0	4	20
1	5	21
1	4	22
2	5	21
2	5	21
4	3	23
8	11	33
4	6	25
0	13	91
0	12	91
0	7	90
1	12	89
6	8	27
2	7	21
3	6	20
7	8	25
4	9	31
0	1	22
2	7	22
5	10	24
4	7	22
3	7	22
3	5	21
3	8	28
2	2	20
1	4	22
6	9	30
6	8	24
4	7	26
0	8	90
0	7	91
4	8	30
4	7	24
7	8	30
3	10	30
5	11	29
1	5	22
3	5	21
3	6	21
0	5	22
0	5	21
0	2	20
6	7	30
9	12	32
7	9	28
7	9	28
7	9	26
5	8	30
4	7	23
5	7	24
2	4	21
8	13	35
1	6	21
3	6	22
2	6	22
4	8	25
6	4	26
4	5	20
7	10	30
9	10	32
1	5	21
0	6	20
0	7	22
2	6	23
3	5	24
6	9	31
3	4	23
1	3	21
2	4	22
3	3	22
2	3	20
0	5	22
0	4	21
0	10	91
3	7	23
4	10	26
2	3	20
4	9	25
3	7	22
2	3	20
3	8	21
0	1	70
5	6	24
5	5	25
0	5	22
4	7	24
3	5	24
3	6	23
3	6	24
4	8	24
4	7	23
10	11	33
10	12	34
9	11	30
9	13	37
8	10	32
8	9	29
4	6	21
0	14	90
5	10	24
5	8	23
0	10	91
0	14	91
2	5	23
8	8	31
5	10	24
4	9	25
5	8	23
5	9	26
5	9	27
2	6	22
2	6	23
2	6	23
4	10	26
3	7	24
4	6	23
2	5	22
3	6	25
3	9	26
6	6	24
0	0	22
2	4	21
6	8	32
6	9	29
2	10	24
0	5	91
2	6	22
3	8	24
2	5	22
0	2	20
0	11	90
3	5	20
4	9	25
4	7	26
2	5	20
4	5	23
5	6	23
5	7	25
5	10	24
2	5	24
3	4	21
2	6	22
0	5	91
3	6	25
2	5	25
3	7	21
5	6	22
6	10	26
1	6	20
4	5	22
9	10	32
7	10	29
2	5	21
2	9	23
3	7	22
4	7	20
11	13	34
7	11	28
10	11	29
8	11	29
1	8	20
2	7	24
2	7	24
2	3	21
8	9	29
1	2	22
0	8	90
0	5	91
3	6	24
4	6	25
3	5	22
3	5	23
4	7	24
4	7	26
3	9	28
3	7	27
4	8	26
4	7	24
3	6	27
6	9	26
6	11	30
2	5	21
2	6	20
2	7	22
7	10	30
0	11	91
0	15	91
7	11	29
9	13	32
8	11	32
10	12	33
5	10	24
1	6	22
4	8	22
3	8	21
7	9	28
5	8	26
6	7	28
5	11	28
3	8	26
3	8	23
3	10	24
3	24	84
4	12	31
5	8	25
2	4	22
1	6	20
4	7	25
4	7	25
3	8	25
3	6	24
4	9	24
2	6	26
2	6	23
3	6	26
2	6	22
2	6	21
8	6	29
3	6	23
5	8	24
1	5	22
5	6	23
9	16	38
0	2	21
2	5	20
12	13	33
2	7	25
6	14	32
2	5	21
2	6	21
5	4	26
3	6	23
4	8	23
3	5	22
4	7	28
4	6	24
5	8	26
3	6	21
3	6	20
2	6	23
5	6	30
3	5	23
3	7	23
3	6	24
2	4	22
10	10	33
2	3	22
4	6	27
2	5	23
3	7	24
2	7	21
4	7	24
7	9	28
9	13	35
10	11	34
10	12	33
11	12	36
4	6	23
5	8	22
2	8	22
4	9	24
3	9	24
0	14	91
6	11	29
3	4	21
6	7	25
4	8	24
2	8	22
3	8	23
3	8	23
3	7	23
2	8	23
3	5	21
2	6	23
6	10	27
5	10	26
2	7	21
1	7	23
5	8	25
2	8	22
6	8	27
4	4	23
5	5	23
3	5	24
5	6	25
3	5	23
5	10	30
6	10	27
3	8	24
3	6	23
1	5	21
6	8	24
2	5	21
2	6	21
2	4	23
1	5	20
2	5	21
3	7	24
0	7	90
0	6	91
3	7	26
3	8	26
4	7	25
5	9	28
4	8	26
4	9	25
4	7	25
4	9	30
1	3	22
5	7	24
6	9	26
2	7	22
3	7	25
3	7	24
3	10	23
2	7	23
3	5	22
7	11	28
1	4	22
4	7	25
9	18	37
1	4	20
5	7	25
3	3	20
6	10	27
4	7	25
3	8	25
4	10	26
3	10	26
2	8	24
6	12	30
4	9	27
4	11	26
4	9	27
5	10	28
6	10	31
3	13	30
3	5	23
2	4	23
4	7	24
3	3	21
3	6	26
2	5	22
3	7	24
3	6	22
4	8	22
4	9	24
7	10	24
7	11	33
2	8	22
4	11	30
9	12	32
6	11	31
1	6	22
4	6	22
4	7	23
7	11	26
4	7	23
3	7	26
2	6	24
6	9	29
1	2	20
2	5	31
1	2	24
1	4	20
9	10	30
9	9	30
0	9	90
4	6	22
4	9	26
5	7	25
1	5	22
4	7	25
4	6	23
3	4	26
2	7	23
3	10	27
3	6	21
1	2	22
0	3	24
1	3	23
0	8	91
7	9	30
2	7	23
1	9	25
1	5	24
0	4	24
0	6	23
3	4	23
5	9	25
5	8	24
5	8	24
2	6	21
6	7	30
2	4	22
1	3	21
5	10	28
2	5	22
2	5	21
1	6	22
2	6	21
0	4	25
2	4	23
0	2	20
0	14	90
0	10	90
3	6	23
2	7	23
3	8	24
3	8	23
3	7	22
2	7	21
3	8	25
2	7	24
5	8	23
0	2	21
0	18	89
0	11	89
5	9	30
3	7	25
3	6	23
2	4	22
5	7	21
5	7	26
6	10	31
7	9	27
6	8	26
7	9	29
7	10	31
0	4	22
1	3	20
6	7	25
5	11	28
3	5	22
5	9	26
1	5	21
5	12	30
6	9	30
4	8	30
4	7	27
3	6	23
5	10	30
4	8	26
3	6	24
8	11	31
5	8	24
3	8	22
2	4	21
0	3	90
1	4	90
4	7	22
1	7	21
3	7	21
4	6	22
4	9	31
6	8	30
11	15	33
7	16	32
2	4	21
6	8	24
10	12	40
3	5	21
5	9	25
4	7	22
9	10	31
6	5	24
4	5	30
5	6	24
6	6	23
7	10	26
4	5	26
3	4	25
3	4	22
2	2	21
3	4	23
4	5	24
2	7	22
0	13	91
0	9	91
0	8	90
0	9	91
7	34	88
0	3	22
0	2	21
2	8	21
2	6	22
1	5	21
5	7	22
2	5	22
3	5	22
2	4	23
7	11	30
8	9	31
3	3	21
3	5	21
5	8	24
1	1	21
5	6	24
2	7	22
3	7	25
3	6	22
2	6	21
3	7	22
3	9	23
4	5	27
1	3	22
3	4	27
5	4	23
9	10	34
0	2	22
0	13	91
0	11	90
3	6	21
5	8	26
1	7	62
1	5	62
4	5	24
3	4	22
0	15	90
5	5	25
0	7	90
0	8	90
1	3	21
3	7	30
2	7	21
3	5	23
7	8	26
1	4	22
2	4	21
7	12	30
3	5	22
4	6	24
6	8	25
2	5	21
0	5	22
4	8	25
0	4	21
3	11	25
3	10	25
4	8	26
3	9	23
4	7	24
3	5	22
2	5	23
4	11	30
9	9	28
3	7	21
3	4	24
4	9	24
3	7	28
0	9	84
6	9	26
0	1	21
2	2	22
5	7	23
6	10	25
0	9	90
0	23	91
0	3	21
0	7	74
0	7	74
3	6	21
1	3	22
3	4	23
5	5	26
5	37	90
3	7	21
5	8	25
5	7	27
3	6	20
3	5	21
2	6	21
2	7	23
0	8	90
0	7	91
5	11	30
6	15	35
2	4	21
3	9	31
3	6	25
2	6	26
3	5	23
5	9	24
4	10	25
3	6	23
7	8	24
2	6	21
1	6	21
1	5	20
2	6	21
0	11	90
3	25	90
3	6	24
5	7	26
6	8	25
2	5	23
2	6	24
5	9	30
4	7	23
2	6	22
8	10	34
2	6	24
3	5	23
6	9	31
9	9	32
6	10	27
0	4	22
0	6	91
0	4	91
3	5	21
5	8	30
3	7	23
9	14	35
1	6	23
5	12	31
4	5	24
4	10	27
1	7	22
1	2	23
5	9	26
7	8	27
1	2	23
4	6	30
4	6	26
4	37	90
5	7	22
6	8	28
0	16	91
1	14	90
3	7	22
4	9	26
3	7	24
9	14	40
7	9	26
2	5	22
2	6	22
9	21	40
3	7	23
3	8	24
1	7	23
3	6	23
3	6	24
3	7	23
4	8	27
4	6	23
4	6	22
3	5	21
1	3	22
1	8	23
5	8	25
0	4	24
1	5	23
4	7	30
2	7	21
4	6	26
2	3	21
0	3	21
5	10	25
0	21	90
0	13	82
4	8	24
7	11	30
5	7	25
2	6	22
7	14	34
8	11	30
7	11	29
2	5	21
1	1	21
5	8	26
7	7	30
6	7	26
7	7	25
3	6	22
0	2	24
0	4	20
1	3	22
2	3	21
5	9	25
3	7	25
3	8	25
2	5	23
2	6	22
10	11	33
6	12	30
9	12	31
6	12	31
6	11	30
5	10	30
6	11	30
7	11	30
8	10	30
0	8	87
7	10	27
3	11	25
5	10	26
3	10	24
5	9	25
4	7	24
4	8	25
3	5	24
1	4	22
0	1	41
2	2	21
4	5	26
4	6	22
0	15	91
5	5	23
5	5	22
0	3	21
2	5	21
0	4	20
3	9	24
6	8	25
2	5	20
4	6	24
0	16	91
0	13	91
0	27	91
1	23	74
0	28	91
0	27	91
8	11	30
1	4	21
2	7	25
4	9	25
3	7	22
4	3	27
1	3	20
2	3	21
6	6	25
4	6	25
8	11	31
5	7	24
7	10	30
6	9	27
5	8	27
4	10	30
6	8	28
0	3	21
0	1	20
2	4	21
4	11	28
1	4	20
8	13	33
5	8	24
8	12	31
2	7	23
2	7	22
0	9	90
0	12	91
4	6	26
3	7	30
2	4	22
1	3	21
0	4	49
0	7	91
2	6	24
3	9	24
4	9	24
4	37	89
3	5	24
2	6	21
4	7	26
1	8	88
2	5	25
5	9	31
4	8	31
4	8	27
4	8	22
4	13	35
2	4	24
8	13	31
1	7	72
1	6	72
4	6	24
4	5	22
5	9	30
5	8	31
3	4	22
3	4	23
2	6	24
2	6	22
3	5	24
3	5	26
3	5	24
3	5	24
4	5	25
3	6	26
4	8	22
1	4	21
2	6	21
4	8	22
1	4	20
4	4	24
2	6	21
5	8	25
4	7	24
7	11	27
1	6	23
6	11	32
7	11	31
6	10	35
5	9	32
7	11	27
7	9	32
6	9	32
5	13	30
5	11	28
5	11	30
0	12	91
9	9	29
0	3	20
0	4	23
1	4	21
2	3	20
7	10	30
4	10	27
2	3	22
0	0	23
0	0	22
0	0	21
0	0	20
3	1	23
3	2	21
3	1	22
3	2	23
2	1	23
3	4	24
3	4	22
2	4	22
3	4	22
3	6	21
2	6	21
2	6	20
2	8	21
3	5	24
8	10	31
0	4	45
10	9	32
5	12	30
6	9	34
2	5	24
5	4	24
0	8	91
0	9	90
3	7	24
2	5	23
0	3	24
3	4	23
4	5	30
7	14	33
3	6	23
4	7	23
2	5	21
0	6	91
5	7	24
4	9	25
3	5	23
10	11	32
6	7	25
0	7	91
8	14	39
6	7	30
5	10	30
8	10	32
5	12	27
6	12	32
4	9	25
2	9	22
2	8	21
3	7	24
7	6	26
8	9	26
9	9	26
3	5	21
2	5	21
2	6	20
1	8	20
3	2	24
5	9	27
4	9	24
5	5	25
2	8	21
2	6	24
4	6	22
2	5	23
2	6	21
6	9	31
3	8	22
2	5	20
6	7	24
5	8	23
6	8	23
1	3	20
12	12	37
12	12	38
2	7	23
1	4	24
6	7	25
6	7	25
2	8	23
1	7	21
0	9	91
0	9	91
4	10	30
2	8	22
5	8	23
5	7	22
4	7	22
2	5	22
8	9	30
3	6	23
4	6	24
3	4	22
3	5	25
3	6	22
5	7	26
2	31	90
0	10	89
0	2	20
2	6	22
5	9	24
0	11	91
0	9	91
1	1	22
39	36	90
7	13	31
2	5	20
2	6	22
2	4	22
4	6	24
0	8	91
0	11	91
2	8	24
2	7	21
5	15	34
0	11	89
0	11	91
0	15	91
4	7	22
3	7	23
0	11	90
0	6	91
6	8	32
5	7	25
5	6	27
4	6	25
4	5	25
2	6	27
4	5	24
7	8	30
4	7	23
2	8	24
3	7	24
1	3	21
1	3	22
0	13	91
0	11	91
2	5	20
2	6	21
1	5	21
6	8	26
0	1	91
5	7	24
0	1	22
3	5	24
3	9	23
8	14	33
1	5	21
2	5	21
2	6	21
1	4	22
6	10	32
4	9	27
3	4	22
1	10	90
4	7	25
0	17	91
4	6	24
5	8	26
0	8	91
0	8	90
8	9	29
6	8	31
7	7	28
1	3	20
4	8	23
2	5	21
4	5	21
4	6	23
0	5	91
0	8	91
2	7	22
0	2	22
1	4	21
1	4	22
5	6	24
0	1	20
0	3	24
3	10	24
2	6	22
4	8	24
5	8	26
3	6	22
0	-1	91
8	7	45
2	7	21
2	6	21
2	6	22
4	7	22
3	10	32
3	7	30
2	11	30
1	5	24
4	8	24
6	8	26
5	9	24
5	7	22
7	13	30
8	9	26
11	13	33
1	3	21
4	8	23
2	4	22
2	4	20
7	9	28
8	7	26
5	6	24
7	12	31
3	11	28
3	8	24
6	-1	51
9	14	32
4	7	24
8	10	30
6	8	24
6	9	26
5	7	24
2	6	23
4	8	25
2	9	24
4	9	24
2	9	22
7	10	30
4	6	22
6	8	23
5	8	24
9	10	26
5	9	24
10	11	32
6	8	25
4	9	30
0	3	20
1	6	20
0	5	22
5	7	23
2	3	22
4	8	24
0	11	91
5	10	31
8	9	33
6	11	31
8	10	35
5	9	23
2	7	22
5	9	24
0	5	20
5	7	27
3	7	25
5	10	25
5	9	24
4	6	23
3	7	23
3	5	21
10	10	31
0	12	91
8	11	28
7	11	31
8	14	31
2	4	21
7	14	33
4	9	25
4	7	25
2	10	27
3	6	20
2	5	21
3	6	22
8	11	28
7	13	26
2	4	21
2	5	22
2	39	90
7	9	24
6	7	24
7	12	30
2	8	24
9	11	37
2	5	22
6	6	25
6	8	30
3	8	21
7	8	26
4	7	30
5	7	25
5	7	29
4	7	26
4	7	26
3	6	26
4	8	28
3	5	23
3	6	20
3	6	23
4	5	25
5	6	24
9	13	32
2	6	24
6	10	26
0	15	69
9	12	32
0	3	22
2	9	30
5	10	33
3	8	27
4	9	31
5	9	30
3	4	21
4	8	26
4	10	23
4	8	25
4	6	25
3	6	22
5	9	25
6	11	30
8	11	30
7	11	31
8	13	32
9	11	32
7	11	29
3	9	23
3	7	22
0	9	91
0	12	90
6	9	32
6	8	28
4	9	23
4	9	22
4	9	21
1	4	22
10	12	41
0	5	90
8	7	30
6	10	25
9	12	35
2	5	21
2	5	22
3	9	26
3	6	26
4	8	24
5	9	24
4	7	26
6	10	25
6	10	26
6	8	31
2	37	90
3	7	22
6	11	30
4	7	23
3	7	23
1	6	21
4	8	24
7	9	31
6	10	32
6	10	27
2	4	22
4	7	24
3	7	22
3	8	22
5	10	25
4	10	26
8	16	33
4	9	24
1	7	20
7	8	26
2	5	22
9	8	26
1	28	91
3	5	24
0	4	88
0	5	91
5	7	23
3	5	22
1	5	90
6	10	27
2	4	22
2	4	21
2	4	21
0	5	23
6	10	27
7	10	33
6	9	29
2	6	22
2	11	90
3	7	23
2	4	22
4	5	21
1	45	90
3	5	23
0	13	91
0	9	91
2	6	24
5	9	26
2	4	21
6	6	30
0	3	23
0	8	90
0	9	90
0	22	91
0	11	91
1	7	21
1	6	22
2	5	22
2	4	21
2	4	20
2	5	22
7	9	31
7	8	30
6	8	28
7	7	27
9	9	32
7	8	27
7	9	31
4	12	30
7	7	28
5	9	27
5	10	26
1	7	23
4	6	22
3	6	22
8	12	36
6	10	31
7	10	28
8	10	28
6	9	29
7	9	27
4	11	30
5	9	23
4	8	24
0	-1	90
4	7	23
2	5	21
2	5	21
3	5	23
2	5	21
4	5	21
3	6	24
7	9	24
1	5	22
3	7	23
4	7	22
4	7	23
3	10	24
3	11	24
4	7	26
2	4	20
3	6	21
5	7	24
7	13	32
3	9	25
3	7	22
4	5	22
4	7	23
3	5	21
3	7	23
2	7	23
3	8	25
3	7	22
2	7	23
9	9	31
9	9	30
12	13	42
2	7	21
2	9	30
3	5	21
3	8	26
3	11	25
5	13	30
3	7	26
5	10	30
5	11	30
5	7	26
7	11	33
4	9	27
5	7	25
6	7	26
5	12	33
7	12	33
4	11	25
4	7	23
5	10	26
4	7	22
3	2	25
5	7	25
5	9	25
7	9	29
6	11	26
10	15	36
8	15	31
1	7	21
1	5	20
6	7	27
2	6	24
6	10	30
9	13	33
5	11	33
9	10	31
3	6	25
4	9	24
5	8	25
5	10	25
6	7	23
2	8	22
1	4	21
1	6	20
7	8	26
2	4	21
2	5	23
3	8	24
3	7	22
3	8	22
3	7	21
3	6	20
2	9	22
2	9	22
4	5	23
1	3	22
0	2	21
2	4	23
6	9	25
6	8	24
9	13	31
5	5	22
3	6	21
8	12	31
3	6	22
3	8	24
7	7	27
7	9	25
7	9	25
4	4	23
9	11	35
9	11	31
6	7	26
5	7	24
2	4	20
0	3	21
2	6	21
4	7	23
4	7	22
7	10	26
4	6	22
3	8	22
6	10	30
3	8	25
3	7	24
6	9	26
5	9	25
10	15	33
8	12	30
4	5	24
6	11	27
7	11	28
9	13	34
11	16	39
5	10	30
2	8	24
4	8	22
5	9	22
6	13	25
3	6	23
1	5	20
1	9	21
1	8	22
0	3	21
7	9	27
2	6	21
6	7	24
8	9	25
5	10	30
3	7	21
2	5	21
6	9	27
5	9	25
5	10	25
3	9	26
4	9	23
4	6	25
4	10	24
5	5	30
2	5	21
0	10	91
0	16	91
6	8	30
9	12	35
8	11	33
10	13	30
9	11	30
8	16	35
4	8	23
4	8	22
7	10	25
7	11	27
5	10	24
5	7	24
6	6	30
2	4	23
7	10	30
4	9	24
4	9	26
6	12	31
4	11	30
4	9	26
3	11	26
5	7	23
7	9	26
7	14	30
4	9	24
5	7	25
2	4	20
6	9	23
3	7	23
3	10	25
1	7	22
1	7	23
1	7	21
8	9	31
5	10	26
4	9	24
6	11	28
3	6	23
0	11	91
6	8	26
5	8	25
2	5	21
5	11	26
6	13	37
5	8	24
8	14	31
2	6	23
2	6	22
2	7	21
1	8	22
7	9	27
8	8	29
8	11	32
8	9	30
3	5	23
2	4	23
2	5	21
2	4	20
1	5	22
6	10	24
0	6	89
0	8	91
2	5	23
3	6	23
2	7	24
3	8	24
0	19	90
11	9	39
8	10	36
8	8	32
8	9	37
1	8	23
2	5	22
2	6	21
28	36	91
7	7	24
3	7	22
14	23	45
4	9	25
6	7	30
1	4	21
7	10	31
8	10	33
0	20	90
11	15	36
9	12	31
7	10	26
9	8	26
7	11	26
3	7	23
3	11	28
5	10	27
9	13	33
7	12	33
4	13	30
6	9	27
5	6	26
6	11	28
6	7	26
5	6	24
3	8	24
3	7	23
8	10	26
4	10	24
5	8	24
5	8	27
1	2	22
3	9	23
5	7	23
12	13	34
7	9	26
4	11	25
2	11	23
3	11	25
3	9	26
5	10	26
7	9	32
3	5	22
5	7	25
7	6	24
6	8	23
0	4	23
0	4	25
9	14	34
5	12	30
2	7	23
2	5	20
3	5	24
4	7	25
6	8	25
3	5	21
3	8	23
5	14	32
2	7	21
3	7	23
5	7	24
8	13	35
2	10	22
6	8	26
6	11	30
4	7	23
2	6	21
7	9	26
5	10	24
2	4	21
6	7	25
8	10	30
7	9	31
5	8	22
5	9	27
3	6	22
1	9	21
3	7	21
7	11	28
3	6	23
3	5	22
2	6	23
2	7	24
3	5	21
4	9	23
2	8	21
3	9	23
9	11	31
3	4	24
7	10	26
4	11	25
6	13	30
5	12	31
5	10	26
5	11	26
3	7	22
4	7	25
6	11	30
2	6	24
6	8	33
7	8	28
6	10	24
6	9	24
3	6	23
2	6	20
6	9	25
7	10	30
3	8	27
3	7	25
3	6	23
4	8	25
3	6	23
2	5	21
5	8	30
4	10	30
4	9	25
5	11	26
5	9	27
4	10	30
5	10	28
6	8	28
8	11	32
5	8	25
4	5	23
4	8	23
4	6	21
2	7	25
2	4	24
4	8	22
4	8	21
5	8	25
3	8	23
3	6	22
3	8	24
5	10	31
2	4	22
3	7	24
2	5	22
1	11	91
0	10	91
3	7	22
3	8	23
7	11	29
4	9	30
4	7	31
3	5	22
4	9	24
3	7	22
3	6	21
0	5	91
0	14	90
0	2	21
0	3	22
0	2	20
0	4	24
0	3	23
5	7	25
1	4	20
4	6	26
6	9	30
6	8	24
1	8	90
3	6	23
2	7	21
4	8	22
6	14	32
4	9	25
4	7	23
2	6	22
3	27	90
5	27	88
3	5	20
3	6	21
3	6	22
5	9	30
8	11	28
4	5	25
5	9	23
3	9	22
9	9	32
7	7	30
9	13	37
2	5	22
2	5	21
2	7	22
3	9	23
3	9	24
4	9	24
3	10	24
2	5	21
2	5	22
4	9	27
5	7	24
3	6	22
7	11	32
6	12	32
4	4	21
2	6	22
7	10	31
6	8	27
5	6	26
2	4	22
2	7	22
5	7	23
5	10	24
5	10	23
3	8	23
4	8	24
1	4	20
7	6	26
8	10	30
1	4	20
3	9	23
3	9	23
3	8	22
5	8	24
5	8	25
10	17	35
8	12	31
3	7	23
10	12	33
5	7	25
5	11	27
6	10	29
9	14	33
7	14	29
3	5	21
1	8	21
1	8	20
6	9	24
6	14	31
6	7	26
6	9	26
8	10	31
2	6	22
3	6	22
4	5	21
4	8	25
6	6	24
4	13	30
6	9	25
7	10	29
9	13	33
3	6	22
5	9	26
3	5	22
3	5	21
3	8	22
3	8	23
3	7	23
3	6	24
3	8	22
5	9	23
5	12	30
7	9	32
9	10	27
6	11	30
9	10	32
7	5	23
8	10	30
6	10	31
4	7	27
3	8	27
4	9	28
4	8	26
6	10	32
3	7	22
6	10	30
6	9	25
7	10	29
3	6	24
1	4	20
8	9	28
1	6	20
7	12	32
0	9	90
0	8	90
4	7	22
5	9	25
3	6	20
5	12	30
5	8	24
7	9	28
1	5	22
5	9	30
4	8	24
4	9	24
3	8	24
4	10	25
7	9	27
2	6	23
1	4	20
1	4	21
4	9	25
6	8	25
3	6	23
8	11	30
6	8	23
6	7	25
4	9	27
6	11	27
6	10	26
3	7	23
1	4	25
0	4	22
5	10	25
4	10	25
4	13	27
4	7	26
2	8	30
4	7	24
3	9	26
6	11	31
3	7	22
3	6	21
6	10	26
3	6	22
3	6	23
2	7	20
4	8	24
1	6	21
4	7	22
4	7	24
2	4	21
6	10	27
4	7	24
6	10	25
7	9	26
0	-1	89
3	5	22
4	7	23
5	8	23
5	12	30
3	8	24
2	6	21
2	7	23
2	7	22
5	9	25
4	7	22
4	9	24
4	9	25
4	10	24
4	11	26
3	5	24
3	7	23
10	11	33
8	11	27
4	7	22
1	37	90
4	4	24
7	12	28
0	9	91
7	13	31
8	11	31
6	11	30
8	12	29
6	10	26
7	13	31
6	13	28
5	8	24
4	6	24
5	12	30
4	9	24
2	18	91
3	5	21
3	8	21
6	8	24
5	11	27
7	11	30
9	12	32
6	10	34
7	10	33
6	14	32
5	12	31
2	3	20
2	5	21
7	9	26
9	9	30
8	9	29
8	12	29
4	11	25
4	9	23
5	10	25
2	8	22
1	7	22
2	4	21
1	4	22
3	10	22
3	6	21
2	5	20
2	8	22
2	8	23
20	39	91
2	7	22
6	13	31
8	11	29
10	13	32
7	12	30
6	11	28
6	10	26
7	12	28
7	10	26
5	9	25
2	6	24
0	5	37
7	9	30
6	9	30
0	31	90
3	8	26
3	7	21
2	8	23
4	9	25
0	10	90
0	4	91
4	12	30
5	10	24
5	14	30
0	13	91
0	12	90
3	7	20
2	4	22
1	3	21
5	8	23
12	14	42
1	5	21
1	5	23
1	7	25
1	6	23
0	2	20
1	4	21
8	28	90
2	4	20
4	8	31
2	3	24
5	3	31
2	5	21
2	5	22
7	9	25
8	12	30
3	8	21
8	8	29
8	9	30
6	10	25
3	4	21
2	5	23
4	6	22
4	8	22
0	7	30
6	11	30
6	8	25
4	9	32
3	7	25
6	10	29
2	6	24
1	8	24
2	8	24
2	5	21
3	6	22
4	9	30
6	5	27
5	6	25
5	9	24
2	5	21
0	2	25
6	7	30
0	3	21
0	3	21
1	3	22
3	6	22
5	8	25
6	10	31
5	8	25
5	7	24
9	10	31
9	10	33
9	10	33
6	8	27
5	10	30
5	7	24
8	7	29
4	5	22
2	7	20
2	4	21
2	13	35
2	11	32
3	3	25
6	11	30
5	10	30
0	19	89
0	9	90
9	10	29
1	27	90
9	13	33
10	11	36
11	13	36
0	3	21
1	2	20
5	8	25
5	8	24
0	12	91
0	6	90
4	10	25
3	10	23
4	10	24
5	9	23
6	10	27
4	8	23
5	9	25
5	8	24
5	8	24
4	7	24
5	7	23
2	6	22
6	11	31
5	9	23
3	8	23
2	6	22
1	6	21
3	8	23
3	7	27
5	11	30
7	9	26
6	8	28
1	7	23
6	8	26
1	4	22
2	5	22
2	6	24
1	7	23
0	21	90
4	9	27
3	8	25
3	8	25
2	7	22
3	7	21
3	9	24
3	9	24
2	7	24
7	10	33
9	13	32
6	10	26
2	7	21
0	5	21
7	10	30
6	12	34
5	8	31
4	11	32
5	11	31
3	9	30
4	6	30
3	8	28
3	6	25
4	7	26
4	7	25
6	9	31
4	9	27
3	8	30
4	7	27
4	7	25
3	6	24
3	6	24
3	6	23
3	5	22
2	7	22
3	8	22
3	7	25
2	5	21
5	6	21
5	8	24
2	5	23
0	6	27
3	7	21
5	7	24
4	11	30
5	7	24
6	11	32
3	8	22
3	6	21
5	7	25
2	6	25
3	7	21
4	6	23
3	6	21
2	5	24
3	9	24
2	8	22
3	7	21
7	9	30
0	3	22
1	7	24
7	10	28
7	7	26
1	3	22
3	7	25
2	8	24
3	7	22
4	8	25
0	6	89
3	8	24
1	6	26
3	33	88
2	32	88
6	8	25
2	5	20
6	10	25
3	8	24
11	16	37
9	11	33
5	5	24
0	3	21
1	7	21
1	3	23
1	2	22
4	6	23
6	6	26
2	5	20
9	12	33
5	9	27
2	6	22
6	10	32
3	5	24
0	14	70
8	12	32
8	10	30
8	11	32
5	12	30
5	11	25
3	4	21
5	6	22
7	10	26
9	8	31
6	10	30
4	8	28
2	5	24
2	6	21
2	5	20
8	10	29
9	12	30
7	11	30
8	10	27
7	10	24
5	13	28
5	12	30
5	8	31
5	10	30
5	11	30
4	9	24
4	8	24
3	8	23
3	6	21
2	5	25
3	5	21
0	5	20
4	7	31
3	7	30
3	7	23
3	8	24
3	8	23
7	14	31
1	3	20
2	6	21
1	5	20
8	9	30
6	7	30
3	5	25
6	7	32
7	6	29
4	8	22
4	10	31
6	8	27
3	6	24
1	4	22
4	7	23
6	10	30
3	8	25
2	5	22
2	7	20
2	6	22
5	6	25
6	7	26
8	13	28
3	8	22
4	10	29
3	8	21
4	8	23
0	11	90
6	9	24
4	8	24
4	6	24
4	8	24
2	6	22
3	7	23
2	4	20
3	4	22
8	13	32
2	5	21
8	12	31
2	6	20
3	10	24
3	6	23
3	6	23
5	7	30
4	10	24
2	6	21
1	5	21
1	3	21
5	8	25
3	5	23
2	5	23
2	3	22
4	7	22
2	7	21
6	7	28
6	7	24
4	6	23
0	1	20
0	1	20
3	8	23
2	4	20
8	7	31
5	5	22
3	6	22
8	10	28
4	8	24
3	6	21
3	6	22
1	4	22
1	6	21
2	6	22
3	5	23
3	5	21
3	3	31
3	5	24
1	3	21
6	10	27
0	3	21
2	5	22
5	7	26
1	15	90
0	10	90
0	6	91
0	20	91
4	7	24
4	9	24
7	11	29
2	5	24
3	5	21
2	4	21
2	4	24
2	5	24
2	5	23
2	7	24
2	4	21
0	14	91
0	3	21
6	14	31
12	12	37
9	11	33
3	7	22
1	3	21
1	2	20
5	10	31
8	8	30
3	9	22
3	8	22
1	3	21
2	5	24
12	15	33
11	15	32
6	10	27
2	4	21
6	11	32
6	11	31
5	7	26
0	3	21
9	14	39
2	5	20
0	9	91
0	9	91
9	13	39
2	7	22
0	13	91
0	9	90
3	7	24
3	5	22
3	6	21
3	5	22
4	9	24
5	8	23
5	8	21
1	40	91
4	9	24
6	7	26
12	13	38
12	14	38
9	10	27
6	7	24
7	10	27
7	11	26
8	10	26
3	6	22
7	10	29
1	3	22
1	6	22
6	8	24
3	7	21
0	5	22
3	6	25
4	14	30
1	3	21
0	3	20
9	13	34
9	11	29
5	8	21
5	6	24
5	8	29
3	4	24
0	10	90
0	13	90
4	8	25
2	6	23
1	4	21
0	2	22
0	3	21
3	6	24
8	8	32
2	9	22
2	7	24
10	11	29
3	7	25
2	5	23
2	5	22
2	5	23
3	5	20
4	13	31
0	4	20
4	7	23
8	9	30
6	8	27
3	5	22
5	7	25
1	4	21
2	3	20
3	4	23
3	4	20
3	5	21
5	9	24
2	7	22
4	7	23
4	7	25
5	10	23
3	8	22
3	6	23
0	5	27
4	7	26
4	7	24
3	6	23
3	6	23
2	7	22
2	5	21
3	9	24
5	8	22
2	9	24
6	10	27
0	15	90
6	9	27
5	9	24
5	9	24
0	7	22
5	8	25
5	6	24
6	10	30
3	6	22
2	5	22
2	4	22
2	5	21
4	9	25
3	9	24
6	10	30
6	11	31
8	10	30
3	6	23
1	5	20
7	7	28
3	7	24
3	11	22
11	12	34
4	5	24
4	5	23
2	4	22
3	6	22
5	9	23
3	7	20
3	7	20
1	4	20
9	11	30
1	3	20
1	2	21
6	8	25
3	5	23
7	11	30
0	9	90
3	5	24
2	8	23
7	8	25
6	7	25
4	8	25
3	5	21
5	8	27
8	9	30
7	8	28
8	9	30
7	12	31
2	7	20
5	7	25
8	11	31
7	11	28
5	8	23
2	5	20
5	9	30
3	5	21
2	5	23
6	6	26
4	12	27
4	8	23
5	11	30
5	11	30
3	6	22
3	7	22
3	8	23
4	8	23
5	6	22
4	8	36
8	9	31
1	6	21
2	7	21
2	8	20
6	11	24
5	8	23
5	8	24
3	4	21
3	5	24
2	5	22
2	5	21
3	5	21
3	6	21
4	7	30
6	9	31
7	8	26
5	8	25
2	6	20
5	9	24
2	4	21
4	8	25
3	8	23
3	7	21
3	6	21
10	12	33
3	6	25
2	6	22
1	7	22
1	7	21
3	5	23
4	6	24
3	6	23
3	9	25
8	12	33
9	13	32
3	7	20
1	3	20
2	3	22
3	5	24
4	4	22
3	5	23
4	6	24
5	6	23
4	8	24
3	7	25
3	6	25
3	6	24
6	11	26
5	10	25
7	6	23
5	11	30
5	9	30
6	7	31
4	6	22
9	7	29
0	3	20
4	7	22
3	7	23
0	3	22
3	7	25
3	6	23
2	6	20
1	3	21
10	11	35
3	7	24
3	3	23
5	5	26
4	6	25
4	5	23
4	5	22
2	8	22
2	8	22
7	10	34
7	12	30
3	26	87
6	10	26
0	5	21
3	7	22
1	3	21
3	6	22
2	7	24
3	4	21
0	6	91
3	7	21
9	11	34
1	6	23
1	6	22
5	8	26
2	5	20
2	6	24
10	11	36
5	11	30
5	11	30
7	9	30
3	5	22
5	11	26
2	7	23
6	9	26
3	8	26
4	9	25
4	8	23
4	4	23
4	5	22
5	5	24
4	6	24
4	7	23
3	4	21
3	6	22
5	7	24
2	6	21
6	7	22
2	9	25
3	9	23
2	6	25
1	4	21
0	6	91
0	13	91
9	10	31
0	30	90
2	30	90
7	9	24
4	11	30
4	7	22
7	8	25
5	10	26
4	9	23
4	5	21
6	10	32
5	12	30
4	7	20
3	8	21
1	10	90
4	10	28
1	5	20
6	7	24
7	12	30
7	11	30
0	8	90
8	9	28
3	6	23
5	8	26
6	11	28
5	10	27
4	6	22
6	11	25
6	9	27
12	15	38
2	8	22
2	8	22
2	8	22
7	8	26
3	7	24
3	8	22
2	6	21
7	7	26
4	8	30
2	4	21
10	13	34
0	12	91
0	13	91
0	14	90
4	7	22
4	8	22
4	9	21
4	8	20
2	5	22
3	7	23
4	10	30
3	7	28
6	16	30
4	5	24
3	6	24
3	6	22
4	6	26
2	6	22
7	12	31
8	11	26
6	12	29
3	6	22
3	6	21
0	33	90
2	4	21
7	10	35
8	12	28
7	9	28
1	5	20
4	10	24
7	14	36
4	10	25
4	8	30
4	9	30
10	11	33
3	6	21
7	8	28
3	9	20
9	11	32
12	16	40
2	6	23
3	5	23
3	7	22
7	10	31
8	11	33
6	8	27
7	10	28
0	5	91
0	7	91
7	9	32
3	4	23
6	8	26
1	9	22
4	10	25
6	10	30
4	10	24
3	6	24
1	6	22
4	11	30
5	12	30
0	8	91
4	8	22
6	9	24
9	11	34
2	6	21
7	12	27
1	2	20
7	9	25
7	12	26
7	7	24
6	9	27
6	9	26
7	11	28
7	10	29
5	9	30
8	15	36
9	11	31
4	11	23
5	6	26
5	10	30
3	7	24
9	11	30
10	13	31
11	12	31
5	6	30
8	13	32
6	9	24
4	8	26
4	6	24
3	5	24
4	6	25
6	8	33
3	5	22
3	5	27
2	5	22
2	7	22
1	3	22
2	4	22
3	6	23
10	13	32
7	12	30
3	6	23
2	4	21
10	14	33
10	12	34
3	5	20
5	9	26
6	9	25
5	10	25
2	4	22
3	6	22
3	8	22
6	8	24
0	6	44
0	5	44
6	8	25
6	14	31
8	11	32
8	10	35
9	10	32
10	11	33
8	11	34
1	5	22
3	5	25
3	4	22
5	6	25
4	6	23
6	9	24
5	7	25
4	6	23
5	8	23
5	8	23
2	8	22
2	6	22
3	8	24
3	7	24
3	8	22
3	7	21
3	7	23
5	10	27
4	10	26
5	10	27
3	8	24
5	11	26
4	7	23
5	13	30
4	8	23
2	7	22
7	8	28
3	7	24
2	8	25
2	6	21
1	6	22
1	6	20
5	12	30
4	11	25
5	6	25
3	7	24
5	8	25
3	6	20
5	8	26
2	5	25
0	20	91
7	10	32
2	6	22
3	8	21
6	13	33
6	9	26
0	10	90
3	7	22
2	6	21
4	9	26
5	8	24
5	9	30
5	9	24
5	9	25
3	6	23
5	7	23
8	18	34
8	14	33
8	12	32
7	10	31
6	11	30
6	9	25
0	27	90
5	8	26
0	-1	90
5	9	25
2	7	23
6	7	26
1	5	20
4	6	22
7	12	34
2	4	20
5	10	25
1	9	24
7	14	34
5	11	26
5	10	25
5	8	24
4	7	23
4	9	26
4	8	24
8	9	30
7	11	31
8	11	30
9	13	33
9	9	32
4	7	23
4	9	23
6	9	25
1	37	88
3	9	23
3	8	23
5	5	24
6	12	32
5	9	26
8	9	30
5	8	24
6	9	25
7	10	29
4	10	30
4	9	27
3	9	25
5	7	22
5	7	22
7	12	27
3	7	21
4	9	25
8	10	33
0	3	25
7	9	26
3	5	20
2	6	20
7	13	32
5	11	26
5	11	25
4	9	23
3	10	23
3	7	22
2	4	23
1	5	21
1	5	21
3	10	24
9	11	34
8	13	36
10	14	35
11	11	36
11	13	35
4	7	25
8	9	30
9	12	29
5	6	27
5	7	23
2	6	22
5	10	31
1	11	90
7	10	30
5	6	23
1	-1	90
7	10	25
2	7	21
2	6	25
1	6	21
3	7	24
2	4	22
5	7	22
6	4	25
6	9	25
2	5	20
3	6	22
5	7	24
5	10	24
4	10	24
5	9	23
4	9	22
4	7	24
4	7	23
3	7	23
3	8	24
4	8	22
4	10	24
3	9	22
3	9	24
3	9	25
5	6	26
5	9	24
2	5	22
2	5	21
2	5	20
0	5	31
5	8	28
5	10	26
4	8	25
4	8	23
3	11	30
5	9	25
0	8	90
0	6	91
1	3	23
1	5	21
1	4	22
1	4	21
0	3	23
1	4	23
1	3	22
1	3	22
1	4	20
2	5	24
7	8	29
2	6	21
7	10	29
13	-1	40
4	7	22
6	12	30
6	11	28
4	7	22
4	7	20
3	7	21
2	5	23
6	8	30
2	8	25
4	12	27
4	8	22
0	10	90
0	10	90
1	2	21
5	9	24
5	9	25
11	9	34
3	7	23
3	6	25
2	5	23
2	5	23
8	13	33
8	14	34
2	6	21
5	6	24
2	6	22
0	1	21
6	8	29
2	9	23
4	6	23
12	14	36
10	13	31
2	3	21
3	29	91
0	4	21
4	9	24
6	8	24
0	4	23
4	7	27
6	11	29
5	7	24
4	7	24
7	8	25
4	6	22
0	3	21
0	3	20
7	8	29
6	8	27
1	3	20
1	6	21
9	12	33
2	6	22
3	6	20
3	6	22
4	7	21
3	8	25
0	2	22
0	2	22
1	2	21
0	1	23
0	3	48
7	9	26
4	7	25
2	23	89
3	6	22
7	8	25
1	10	91
5	9	28
2	6	21
1	6	21
3	8	25
4	8	23
3	8	23
3	6	22
5	10	31
6	13	35
6	10	31
5	9	30
4	9	31
5	8	30
3	8	31
3	8	25
5	10	33
7	8	25
6	9	28
6	11	30
2	5	22
3	6	21
3	8	22
6	6	24
3	5	21
0	-1	90
3	6	21
4	7	25
1	4	22
9	10	36
3	7	24
3	6	23
4	6	24
4	7	24
3	6	23
4	13	27
3	6	23
6	12	27
4	6	24
3	8	27
5	7	24
3	6	22
2	4	21
3	7	22
8	10	31
9	13	35
10	15	38
9	12	31
9	10	34
9	11	34
3	7	23
3	5	22
9	16	32
2	5	20
1	30	91
3	6	24
5	11	27
4	8	25
3	8	22
3	8	25
5	7	26
8	10	30
9	10	29
4	7	25
4	7	25
6	29	90
4	10	24
4	7	24
3	6	23
5	7	23
2	4	22
2	6	22
5	8	24
9	15	42
2	6	23
2	7	23
4	7	24
2	8	23
10	11	32
1	5	23
6	8	34
2	7	21
5	8	27
5	8	26
6	10	25
1	9	24
3	8	23
3	9	23
0	2	20
2	3	22
1	4	21
0	2	21
1	1	23
1	2	21
3	5	21
3	3	24
2	2	21
8	8	31
3	7	20
8	9	32
7	10	31
5	5	24
1	5	21
2	3	21
2	3	20
4	8	24
4	7	23
4	7	22
2	6	23
1	5	22
6	7	24
1	6	21
4	7	21
3	4	22
5	7	23
4	7	24
6	10	30
2	3	21
0	8	90
0	10	90
9	11	35
4	7	22
2	6	20
4	8	24
1	3	21
0	5	21
3	6	20
8	6	30
5	11	26
3	8	24
3	9	24
5	9	23
5	6	24
4	6	24
6	9	31
5	8	27
6	10	31
5	10	31
6	7	25
7	11	31
4	6	24
6	10	30
5	10	26
6	10	25
6	11	27
5	9	31
2	6	21
7	12	30
9	14	34
8	12	30
8	14	32
1	4	21
6	9	29
8	11	29
5	9	23
4	6	24
4	7	23
4	8	24
4	10	23
3	8	22
2	6	20
7	10	27
6	9	28
6	11	25
6	10	27
4	6	25
4	10	30
2	5	21
1	2	22
1	2	21
4	10	26
2	8	23
3	6	21
4	4	25
1	32	90
9	11	26
1	4	24
0	3	22
1	4	21
1	4	20
1	2	20
3	10	23
8	13	26
3	8	24
5	6	22
1	4	21
4	8	25
3	9	22
3	8	21
3	5	23
5	11	29
3	7	23
2	4	21
2	8	22
6	7	26
1	8	91
2	7	21
2	5	22
2	4	21
5	5	22
4	6	22
1	4	22
4	8	25
7	8	30
3	7	25
7	10	26
2	25	91
3	4	21
2	7	24
7	10	31
2	6	22
2	6	22
3	6	21
3	6	21
2	7	22
2	6	21
3	6	21
4	6	25
3	6	22
3	6	22
5	8	24
1	4	20
2	4	26
7	7	31
10	15	36
8	11	36
3	3	23
2	5	21
4	6	24
0	22	90
12	12	38
3	6	21
2	8	21
2	6	23
3	8	21
8	24	90
3	5	25
3	6	22
0	4	20
4	5	23
2	4	21
4	8	23
7	15	33
7	11	32
0	4	21
1	3	22
0	3	20
3	6	24
2	6	24
2	5	23
5	8	24
6	6	24
2	8	24
1	7	22
3	9	26
6	10	30
5	8	24
2	4	22
3	8	24
8	16	33
2	4	22
6	8	28
10	11	33
4	5	22
6	12	27
6	9	26
5	8	22
2	6	22
3	7	22
4	6	23
3	8	24
3	8	25
4	8	25
3	7	24
3	6	23
9	13	35
8	13	31
3	5	23
3	6	22
5	11	31
3	6	23
4	7	24
5	11	31
3	7	23
6	12	30
2	6	22
3	6	20
2	4	22
4	6	24
9	11	31
9	12	28
4	7	23
8	11	32
4	6	23
3	5	22
2	5	21
8	8	26
3	10	25
4	8	23
3	8	25
3	7	22
5	7	30
5	8	22
4	9	30
4	7	22
4	7	23
3	10	24
2	9	25
1	6	22
5	7	24
5	12	34
7	11	30
4	11	27
5	13	30
4	12	26
4	10	25
6	13	31
5	10	26
4	10	24
4	10	26
4	9	25
4	7	24
5	9	25
4	7	26
5	9	25
5	34	91
2	6	22
4	7	22
6	10	28
5	8	25
4	8	22
3	10	23
4	7	24
2	7	20
0	2	21
3	7	24
5	10	27
3	6	23
3	4	21
3	7	22
4	8	23
3	8	22
2	8	23
3	6	22
0	6	91
0	15	91
9	13	31
7	13	34
4	8	24
2	7	20
6	6	24
8	12	33
2	4	21
4	7	23
4	7	24
4	6	22
5	9	24
2	7	22
7	7	27
7	11	31
3	6	23
3	7	25
3	6	22
4	7	24
3	6	23
3	7	22
3	7	24
2	7	22
5	9	26
6	7	24
5	8	24
6	10	23
4	9	28
5	9	27
6	8	25
6	9	29
5	10	31
5	10	26
6	7	27
7	7	28
6	7	26
12	15	37
6	9	25
3	6	22
3	6	24
7	11	30
3	7	23
4	9	32
6	8	23
3	9	30
4	8	22
4	6	21
3	7	23
3	10	25
4	8	22
2	7	21
3	6	24
3	7	23
2	7	21
7	11	34
1	5	20
3	6	23
2	6	22
2	7	22
2	7	21
5	9	26
9	12	35
5	8	25
9	10	29
2	5	20
9	12	50
3	7	24
4	6	23
5	10	28
9	13	33
3	9	23
3	6	22
4	11	25
2	4	31
2	4	21
1	6	23
5	9	25
3	6	23
5	8	26
3	5	22
3	7	22
4	6	21
4	6	22
11	17	41
7	10	29
6	11	30
5	9	24
7	11	32
6	8	26
2	5	23
4	7	22
10	11	37
2	7	24
4	7	24
2	6	21
3	11	23
10	10	33
6	7	23
2	4	21
5	10	26
2	8	25
1	7	21
2	5	22
9	9	32
5	8	24
3	6	22
0	14	91
0	10	91
3	11	26
2	17	91
0	12	91
2	6	25
2	5	22
1	7	60
5	8	24
6	12	31
6	8	24
2	6	22
8	6	28
4	7	23
9	9	33
11	13	38
9	11	34
9	10	33
2	3	21
1	5	20
1	6	20
8	10	31
3	28	91
5	9	26
0	22	91
2	7	22
7	10	27
3	11	26
7	8	27
9	10	36
9	11	39
10	12	36
9	9	32
3	8	23
3	8	22
11	13	36
12	14	35
13	14	37
12	15	38
6	11	30
4	8	24
3	8	23
3	5	21
8	11	30
8	12	31
7	9	28
3	7	22
9	10	29
5	10	29
7	12	30
4	9	22
5	10	30
2	8	24
3	7	22
3	7	25
3	6	23
3	5	22
4	6	24
1	4	22
7	9	30
7	9	32
7	10	30
7	10	31
9	10	32
10	10	31
10	11	33
2	6	24
4	5	23
3	7	25
15	17	49
3	7	24
6	10	27
6	12	30
7	11	26
2	5	21
3	8	23
2	6	20
3	6	23
5	10	28
2	5	23
9	10	32
1	2	22
2	6	21
4	7	22
2	6	20
1	4	23
5	8	24
6	8	26
5	10	27
5	6	24
9	11	31
3	5	22
1	4	21
10	15	33
0	2	24
3	7	25
3	6	21
5	7	25
4	8	24
6	11	30
6	8	24
5	11	28
8	14	32
4	10	27
5	10	27
0	21	90
3	6	23
5	8	23
2	7	22
10	12	34
9	13	35
9	11	34
2	5	20
4	7	24
4	7	24
3	7	23
5	9	26
3	7	24
3	7	20
3	9	26
3	8	26
7	10	33
5	10	31
5	8	27
5	9	30
5	10	31
5	9	30
3	5	24
4	7	24
7	10	31
3	5	21
11	10	34
6	8	26
3	6	22
5	9	32
1	6	20
2	5	22
1	4	20
4	7	21
2	5	20
2	7	23
3	7	24
3	6	25
9	15	35
6	11	28
5	9	25
3	8	22
9	12	32
6	11	28
2	6	22
2	5	21
5	6	25
3	8	21
4	7	24
4	6	24
3	10	25
2	10	24
4	9	26
3	8	25
5	10	25
3	6	23
3	6	23
3	10	26
2	5	21
3	6	22
5	8	25
6	7	35
3	7	24
4	7	23
7	9	26
1	7	22
4	7	23
2	7	22
2	7	22
2	5	21
5	10	31
5	10	29
1	30	90
5	8	27
7	10	30
4	7	26
5	10	30
5	11	26
6	9	26
4	9	27
4	10	26
4	8	26
5	7	27
2	5	20
5	7	22
5	9	23
8	9	32
7	7	25
2	6	22
2	5	22
3	6	24
2	6	22
2	6	23
3	5	21
3	6	23
3	11	24
5	8	23
4	9	30
4	9	30
1	5	22
4	6	23
1	4	23
1	5	21
6	10	32
2	7	25
3	6	21
4	9	24
5	7	24
8	12	36
3	6	23
0	12	91
0	7	91
4	8	23
2	4	20
4	23	91
5	9	25
4	10	25
7	11	26
5	11	26
1	5	20
6	5	26
2	4	24
4	8	22
1	4	21
1	4	20
2	6	22
2	6	20
7	10	31
6	9	28
6	8	27
3	6	24
0	9	91
0	13	91
7	11	29
4	9	23
5	6	22
6	12	30
0	5	21
3	8	23
4	7	21
1	21	90
6	9	30
2	5	22
3	6	23
3	5	23
2	4	21
1	3	21
7	9	24
1	2	23
5	10	25
4	8	25
5	13	32
3	9	22
1	7	21
1	8	21
1	7	23
3	6	22
5	11	30
2	6	22
1	4	20
2	6	21
3	7	23
0	-1	90
2	6	25
4	8	23
3	9	24
3	9	23
4	6	21
2	6	22
1	5	22
5	7	25
5	9	24
6	9	24
6	5	24
0	8	91
0	10	91
2	8	25
2	7	22
1	4	20
4	4	24
5	9	30
3	6	22
4	9	30
5	11	28
0	20	90
6	10	32
5	6	25
1	4	22
6	6	24
1	4	24
2	5	22
3	4	22
7	10	28
3	7	21
7	9	26
4	7	22
4	8	23
6	15	30
4	9	25
6	8	23
5	11	26
3	4	23
3	10	26
3	10	27
3	8	24
10	15	35
7	14	33
6	15	30
11	14	35
6	11	30
3	6	22
4	10	23
3	8	28
7	14	34
6	12	35
4	8	23
10	10	26
2	7	24
6	10	27
6	10	28
7	8	25
8	10	26
8	9	29
7	9	29
7	8	28
8	10	28
0	24	90
2	7	23
9	11	30
1	8	20
1	9	22
2	12	25
7	10	27
11	12	37
10	13	37
8	15	33
9	14	33
9	12	32
3	6	22
3	9	23
2	6	20
8	12	28
0	4	22
0	4	20
1	5	22
1	5	22
5	10	27
9	11	33
5	8	31
3	7	22
4	8	24
6	9	25
7	7	27
3	11	26
2	10	27
2	9	23
2	7	23
2	6	23
4	8	24
4	7	22
4	7	23
7	10	28
9	12	33
9	10	31
8	11	28
5	5	23
0	4	20
7	8	31
8	11	31
4	7	25
2	3	21
3	6	24
3	6	22
5	7	25
7	10	30
3	7	22
4	9	25
3	6	24
4	8	24
2	7	23
10	12	32
4	7	22
2	6	21
4	8	21
10	16	36
10	12	33
11	13	36
10	16	36
12	16	40
12	13	35
9	14	37
11	15	38
10	14	31
1	2	21
2	7	20
2	7	21
3	6	21
11	12	38
7	10	25
5	7	21
1	4	22
4	10	26
4	5	23
4	9	28
4	7	23
9	9	33
10	9	32
6	10	35
3	7	21
10	12	33
2	7	20
8	14	32
6	9	25
4	6	21
5	7	22
1	3	21
2	6	21
7	8	26
2	5	20
7	10	30
5	8	24
4	5	23
8	8	31
9	8	32
4	6	24
4	10	30
4	9	24
6	9	31
4	10	27
2	6	22
7	8	27
4	8	23
2	6	21
4	7	24
4	8	23
1	6	21
3	4	20
3	6	22
4	8	23
4	8	27
5	8	27
5	10	32
6	9	25
8	12	32
9	11	30
5	6	21
3	7	22
3	10	25
1	7	24
2	5	23
1	7	22
4	9	24
5	10	26
9	10	32
7	10	32
7	9	30
7	11	28
2	19	90
3	7	22
2	8	22
8	10	36
6	11	28
7	10	28
8	10	30
7	10	33
10	8	33
3	5	25
7	13	33
3	8	21
4	8	20
8	8	26
4	6	22
9	9	31
10	12	31
8	10	27
6	8	26
6	8	25
4	7	23
4	6	21
4	8	23
2	4	21
4	9	24
7	9	26
2	7	22
4	8	23
2	10	22
3	5	21
3	5	21
1	5	21
4	6	22
6	9	26
7	9	25
9	11	30
10	12	29
7	11	28
8	11	28
3	8	23
6	5	24
10	10	32
0	13	88
6	9	25
7	12	32
4	5	26
4	6	23
4	6	23
1	6	21
9	14	32
6	11	27
4	9	28
6	10	31
5	9	30
7	9	31
3	10	26
4	6	30
2	6	22
3	6	24
9	13	33
8	11	28
8	11	29
9	12	28
3	10	29
0	13	90
1	3	21
6	11	30
2	5	24
6	7	22
5	10	25
6	8	24
7	12	30
6	12	30
7	11	28
6	9	26
6	10	30
5	9	26
5	10	25
5	7	23
8	10	30
4	7	20
6	11	31
5	8	25
3	7	21
3	7	21
4	5	21
2	5	20
8	8	33
8	13	30
8	11	26
5	10	30
5	11	30
6	10	30
6	12	28
5	10	27
1	1	22
6	13	31
12	13	39
4	8	24
2	6	20
5	6	24
2	6	22
2	6	21
4	7	25
2	8	25
3	7	24
2	7	24
4	7	22
6	14	30
6	8	25
9	11	29
1	3	21
8	11	34
9	13	34
6	10	30
4	9	23
5	8	24
5	7	26
4	7	22
8	12	32
5	9	25
3	8	23
8	12	32
1	7	20
8	13	33
5	9	27
2	5	22
2	4	24
8	11	33
5	9	23
6	14	31
6	9	26
8	9	25
6	9	27
5	11	26
3	8	24
3	9	24
4	9	27
1	13	90
5	7	26
5	6	25
4	5	23
5	10	30
3	7	21
2	5	21
10	10	30
3	8	31
2	6	22
2	5	24
2	6	22
5	8	24
2	7	25
3	6	25
2	5	22
4	9	24
5	7	25
3	7	23
3	8	24
2	7	22
7	9	26
2	10	28
8	10	27
6	37	91
4	38	91
3	6	27
1	6	22
2	6	23
3	6	23
3	5	22
3	7	21
7	10	27
6	10	25
2	8	22
4	6	22
3	9	23
5	7	24
5	9	25
2	4	21
0	4	20
10	13	30
9	12	29
8	11	28
2	6	24
4	6	24
5	9	31
3	7	25
4	9	26
4	5	21
2	4	21
1	8	21
2	6	21
5	7	22
9	9	30
2	5	21
3	6	22
2	6	20
0	16	90
0	15	91
0	4	24
5	6	27
5	6	26
3	8	25
3	8	26
3	9	30
3	6	25
4	8	24
5	7	22
5	9	25
0	3	22
7	12	31
2	7	22
4	9	24
4	8	25
5	6	22
1	4	22
1	6	21
2	6	22
3	7	22
4	7	24
2	5	21
2	8	22
6	9	27
5	8	25
2	8	25
4	7	22
2	8	24
5	6	27
5	8	23
4	10	25
9	11	31
4	7	23
3	9	25
3	5	22
4	7	22
3	7	24
5	8	24
8	10	34
8	10	27
6	12	29
4	6	22
4	8	26
3	5	22
1	6	21
3	6	22
2	6	21
4	9	23
4	7	23
1	3	20
1	4	20
2	5	20
3	6	23
6	11	31
6	11	32
7	11	30
3	5	22
7	10	32
2	5	21
1	5	20
5	8	26
2	5	24
7	10	31
5	12	30
8	12	28
0	2	21
7	13	31
1	6	20
11	17	38
8	10	24
0	4	20
3	6	23
6	11	31
5	9	29
3	7	22
8	8	26
7	9	27
5	7	25
3	6	21
2	7	22
2	6	21
2	6	20
6	6	24
4	4	23
5	7	22
1	3	20
4	9	24
8	11	28
5	9	21
1	5	24
1	4	22
1	5	24
2	4	23
3	6	22
7	13	29
2	6	21
2	6	22
2	7	24
4	7	25
0	15	83
3	5	23
1	40	91
2	6	20
2	1	20
2	7	21
6	7	31
5	10	25
4	8	24
8	7	36
0	0	62
3	6	22
1	7	22
2	5	22
4	8	25
2	4	21
8	9	28
7	8	27
6	8	26
8	12	30
4	9	23
4	9	22
4	6	23
10	11	34
0	2	21
0	4	20
2	6	22
3	7	22
3	7	20
1	6	20
4	8	24
1	6	24
2	4	23
0	5	21
2	6	22
9	10	35
2	7	21
3	7	23
7	9	24
0	8	90
0	10	90
2	3	22
2	5	26
2	3	22
3	7	21
1	3	21
1	6	21
1	4	20
2	6	23
3	6	23
1	5	22
1	18	90
8	11	31
2	6	23
5	8	30
1	6	23
1	5	22
3	5	23
12	12	33
9	13	34
2	7	21
7	11	33
6	11	32
6	11	31
4	10	31
6	11	30
3	5	23
0	4	32
0	14	90
0	12	91
4	8	26
4	10	31
1	4	23
3	4	31
5	9	24
2	9	22
9	12	31
3	4	22
3	7	22
2	7	25
2	6	22
2	7	22
7	8	25
6	7	25
3	9	30
5	8	31
3	8	30
2	6	21
3	8	23
3	7	21
4	8	24
3	8	23
4	8	24
3	6	22
4	8	23
5	8	24
1	5	23
1	4	21
2	7	22
3	6	23
1	5	23
4	5	21
3	5	22
3	5	22
8	12	33
6	10	25
11	11	30
4	8	25
6	13	31
3	5	23
3	8	25
5	8	23
2	5	21
2	5	22
8	14	32
8	15	34
4	5	25
3	6	24
3	6	23
5	7	24
3	6	23
11	14	31
5	9	22
0	20	90
0	14	91
6	14	31
4	10	24
2	5	20
4	6	23
3	5	24
4	7	28
8	9	29
4	6	24
6	7	28
8	8	30
0	11	91
0	4	21
1	4	22
2	3	24
2	3	22
1	3	21
0	3	20
4	4	22
3	5	23
3	6	22
3	6	22
2	6	21
4	9	23
4	6	23
5	9	27
2	4	22
2	3	21
2	5	20
6	7	23
5	10	26
2	5	21
2	4	20
2	5	20
1	5	21
2	6	20
2	8	24
5	9	24
8	13	31
8	7	29
12	13	36
5	10	30
8	15	33
6	15	32
5	7	24
2	4	22
8	13	91
6	11	90
8	9	26
4	6	25
2	6	21
5	10	30
2	6	21
5	9	30
3	7	22
2	8	21
2	7	21
0	10	90
4	7	22
8	8	31
3	6	26
4	7	22
3	6	22
3	7	21
6	6	23
6	9	24
5	8	25
5	6	23
4	12	31
3	6	22
4	7	26
6	10	25
1	3	22
5	10	33
5	9	32
4	9	30
2	7	24
4	7	23
1	7	22
0	9	90
0	3	20
1	4	23
6	10	30
4	6	24
0	8	89
0	7	91
5	5	22
3	4	21
3	7	23
4	5	23
2	4	20
4	9	30
3	5	21
2	6	21
3	7	23
3	6	21
3	9	24
3	8	23
2	9	24
7	11	27
5	10	27
3	7	25
3	5	24
3	5	26
0	8	90
0	15	91
4	6	25
4	6	23
3	5	25
3	5	24
3	5	23
2	4	22
2	4	21
4	6	23
6	7	30
4	8	26
6	6	30
2	5	22
2	5	21
1	3	23
5	3	31
0	-1	90
3	2	24
8	13	30
1	4	23
0	9	90
2	5	21
2	2	22
3	6	22
4	7	23
3	6	22
3	6	25
3	7	23
4	7	23
4	8	31
5	10	27
5	9	24
0	15	90
8	8	27
8	8	26
9	9	29
9	9	26
3	6	24
5	9	24
4	7	22
7	9	26
5	10	35
4	9	26
7	12	27
3	6	23
2	4	23
3	5	23
0	16	90
0	4	23
1	6	23
2	5	21
4	5	24
0	14	90
8	11	33
1	7	22
6	8	25
7	15	34
3	6	22
3	5	23
3	5	22
7	10	25
5	10	27
5	10	26
5	9	25
4	7	25
4	7	23
4	7	22
2	4	21
2	6	22
2	6	21
3	7	30
3	5	24
3	6	20
3	5	21
6	7	25
3	6	30
2	6	23
8	11	33
0	6	91
2	4	21
1	1	21
4	13	29
6	10	28
3	8	23
4	7	21
5	8	23
3	7	20
9	10	33
6	7	24
0	4	44
3	6	23
2	4	22
2	3	21
4	4	22
4	10	29
6	9	26
3	7	20
4	6	23
2	7	23
2	5	21
2	5	21
2	5	20
6	39	90
5	40	90
2	7	23
3	7	23
2	5	21
7	8	25
1	7	88
4	10	25
3	6	21
8	8	31
1	5	21
4	7	23
2	6	22
0	9	91
5	7	22
8	12	32
6	11	27
4	9	23
3	12	27
4	8	25
6	11	31
6	13	28
5	12	29
6	11	31
5	12	30
3	6	21
1	14	78
7	10	30
1	2	23
5	8	25
3	9	23
6	12	33
5	13	28
6	12	26
6	8	24
6	8	25
4	5	25
4	6	27
3	7	27
2	3	23
7	8	24
3	11	26
7	10	30
2	5	22
4	6	21
3	7	22
5	7	25
5	7	26
5	9	27
5	11	25
5	10	29
4	12	27
5	10	28
5	12	32
6	13	33
6	13	30
6	13	29
5	12	30
4	8	24
1	6	21
3	6	26
3	5	26
2	9	22
3	14	27
8	13	33
7	10	31
5	7	26
10	10	31
10	11	32
4	6	23
1	5	21
9	9	34
8	9	33
9	7	31
7	9	30
5	8	23
3	8	22
3	7	21
4	7	22
8	12	30
7	12	29
6	11	30
5	9	24
6	12	31
6	13	30
7	14	33
6	14	31
8	14	31
5	6	26
5	6	24
4	7	26
4	7	25
4	8	25
4	7	23
3	4	22
4	6	23
8	15	33
5	8	25
5	8	25
1	3	21
5	7	24
9	14	29
5	8	25
7	10	31
7	9	26
7	9	27
3	8	20
7	8	28
6	9	28
6	8	26
8	10	31
6	8	25
6	9	26
7	9	25
6	9	25
1	12	90
0	11	91
3	7	23
3	7	24
7	11	26
6	10	30
12	16	37
2	7	24
2	6	23
0	4	21
5	9	30
6	11	32
3	8	25
0	8	90
0	11	87
5	6	24
9	11	33
2	7	22
0	19	90
6	9	25
1	12	90
3	7	22
3	7	23
2	7	22
2	6	23
0	3	20
0	-1	90
0	12	91
1	12	91
6	6	26
6	9	30
3	5	21
0	2	20
7	7	27
3	6	23
3	7	21
2	7	22
2	5	21
0	14	91
0	10	91
0	9	58
1	4	21
0	27	91
1	26	91
1	27	91
2	26	91
2	28	91
2	4	20
3	5	23
2	4	22
0	12	90
0	10	91
2	7	21
4	6	23
3	6	22
8	12	36
0	5	21
9	12	33
10	10	39
12	9	37
11	10	37
12	10	37
13	11	38
4	5	22
7	10	25
7	10	30
5	10	33
6	8	25
5	7	26
5	8	25
5	10	26
5	9	27
7	11	30
6	15	30
5	10	27
3	4	21
6	9	25
1	5	21
1	3	20
7	8	30
10	14	36
6	9	28
2	4	20
4	11	30
4	9	25
4	8	23
3	8	25
3	9	26
3	7	22
1	2	23
6	7	28
6	8	30
5	8	26
6	9	29
5	8	27
7	10	32
7	9	26
0	8	87
0	8	91
1	1	23
1	1	20
5	28	90
5	6	21
3	5	25
4	6	20
6	6	32
1	1	21
1	6	24
2	3	21
3	5	24
3	5	23
4	7	23
3	6	20
2	7	21
4	7	22
4	8	24
5	8	24
5	7	23
5	10	27
2	6	22
1	-1	91
2	6	24
4	12	30
3	9	26
3	8	24
3	8	23
6	11	24
6	10	25
7	12	28
8	11	28
4	8	23
3	7	22
4	7	23
2	11	26
0	9	90
0	12	89
3	6	22
2	6	22
9	10	32
8	11	32
1	4	23
1	3	22
1	3	21
1	3	20
0	2	20
5	6	23
1	3	31
1	5	21
2	6	20
2	7	24
3	6	22
9	13	39
4	10	25
5	6	24
10	12	30
10	12	31
7	6	27
5	5	25
5	6	25
6	8	30
7	5	27
6	3	25
7	4	26
7	6	32
6	4	28
10	9	38
6	5	26
8	7	33
0	3	21
3	7	24
4	11	30
3	5	22
7	10	29
6	8	24
17	22	57
14	14	45
14	16	49
13	15	48
11	14	41
11	11	38
12	12	37
8	11	35
9	11	35
6	10	27
6	10	32
5	8	31
2	6	22
3	6	22
5	9	26
7	12	32
7	11	32
8	10	31
6	8	27
6	7	26
1	6	22
2	6	21
8	10	25
8	10	28
1	2	22
6	11	31
11	32	89
7	11	34
1	7	20
4	7	24
2	7	23
4	8	22
11	14	36
10	11	35
4	6	23
4	6	22
3	9	25
5	6	26
8	9	29
0	1	28
6	10	28
2	5	21
2	7	21
1	7	22
2	5	22
3	5	23
2	4	22
3	6	24
5	8	25
8	15	37
7	14	31
7	13	32
2	5	21
1	5	23
4	7	23
4	6	22
3	5	23
4	6	22
2	20	90
0	17	90
7	10	29
1	3	22
0	4	22
8	12	32
8	11	30
7	9	30
10	13	33
9	23	90
4	21	90
5	9	26
4	7	31
1	3	21
3	8	24
3	6	23
3	7	23
3	8	23
8	11	30
6	7	25
2	6	23
2	4	20
3	7	25
2	7	22
5	7	24
2	7	22
3	5	24
0	8	91
5	6	22
3	7	22
1	5	22
1	4	21
6	10	33
1	8	22
4	7	23
4	6	25
1	10	90
2	4	21
2	7	22
7	8	27
3	5	22
1	4	22
4	8	24
7	23	89
5	9	30
0	5	91
0	13	91
10	13	29
2	5	22
4	14	33
4	9	23
5	6	21
2	6	30
8	13	32
3	8	25
4	8	22
1	3	20
3	5	23
3	7	24
3	7	24
3	7	23
4	6	24
3	7	22
4	6	21
0	15	91
0	15	90
1	3	21
3	6	24
6	9	26
6	8	25
6	9	25
7	8	26
7	9	28
6	9	29
2	8	23
4	8	26
3	6	23
7	9	32
2	6	21
1	5	22
5	8	23
6	7	25
0	22	86
0	6	90
0	6	91
3	5	23
3	5	22
1	6	23
2	6	20
2	3	21
2	7	21
1	5	22
0	15	90
3	6	22
5	9	30
5	9	31
5	8	26
9	10	32
3	7	22
3	7	24
0	8	91
9	10	30
5	7	24
2	4	23
2	5	22
2	5	23
3	7	24
2	6	25
4	6	23
4	7	24
3	5	22
2	5	21
6	11	25
4	5	25
3	4	20
1	4	24
2	2	20
4	6	21
2	6	22
4	10	29
8	9	31
8	12	32
6	8	25
6	11	26
1	4	23
1	7	22
10	12	35
4	8	26
3	3	21
4	8	24
3	7	22
3	7	21
5	10	25
4	8	25
4	8	25
3	7	24
4	6	23
2	7	24
0	5	21
4	7	23
3	9	24
5	11	30
5	6	25
2	7	22
3	6	21
4	4	26
4	7	31
3	4	25
5	8	30
3	4	23
4	11	34
3	6	27
3	4	26
7	9	31
4	7	24
5	6	28
6	9	26
5	7	28
8	10	32
8	9	31
7	12	30
5	6	26
1	4	22
7	8	26
0	3	23
0	11	91
0	6	82
5	5	21
3	10	22
3	6	22
0	7	90
0	10	90
3	5	21
6	8	26
0	16	90
6	5	24
7	9	24
3	6	23
0	9	90
3	7	21
2	4	22
2	5	22
5	5	24
3	5	25
7	5	25
6	9	26
2	8	22
2	5	21
7	8	33
3	6	23
3	6	25
3	10	25
9	10	31
7	9	32
5	8	26
5	9	28
2	5	22
3	5	24
1	5	20
1	3	22
10	14	36
2	4	21
1	8	20
5	5	25
2	5	21
5	7	23
7	7	24
2	4	20
4	6	30
4	3	25
7	12	31
5	6	25
1	6	21
2	6	23
0	2	21
0	8	90
0	6	91
0	13	90
7	7	29
8	6	28
8	8	23
7	9	29
3	8	91
6	10	24
3	5	20
3	9	55
0	34	90
0	8	87
0	6	90
1	4	22
5	7	23
2	7	20
8	10	29
7	12	30
3	5	21
2	6	22
6	11	30
6	10	25
3	6	20
2	5	21
1	5	21
2	3	23
1	4	22
1	5	22
6	8	31
7	10	30
5	9	31
1	4	20
5	7	25
7	8	32
3	5	22
2	5	20
2	3	21
2	3	20
9	10	34
7	9	29
3	7	22
4	7	23
5	7	25
8	11	31
8	12	32
7	9	27
8	12	33
7	8	29
7	10	27
6	10	31
4	12	27
4	9	26
4	8	22
3	8	22
3	7	21
7	9	25
7	9	25
5	9	26
6	13	31
5	14	33
6	11	31
1	4	21
3	7	22
5	7	23
6	7	25
7	9	34
2	4	22
1	24	91
9	11	29
1	5	20
2	3	21
0	16	91
1	5	21
7	12	34
3	6	22
4	8	27
5	7	26
1	5	22
6	9	31
2	4	26
3	7	22
3	7	22
5	8	23
4	7	22
2	5	22
0	6	90
0	5	90
7	12	30
5	10	26
5	10	25
3	9	25
3	7	22
6	11	26
4	7	26
2	5	22
4	8	22
2	8	23
7	10	26
4	6	26
0	4	21
3	6	22
4	6	23
3	8	24
6	8	24
0	6	22
0	3	29
5	7	28
8	9	28
8	10	27
2	5	21
2	7	23
4	8	24
8	12	32
2	10	23
0	9	90
1	2	22
8	13	33
0	8	91
1	22	90
2	5	23
2	5	21
4	8	22
8	11	32
5	11	31
3	3	23
2	6	20
4	5	23
4	9	23
6	11	31
2	4	20
4	6	22
0	2	21
1	2	21
2	5	21
3	6	24
12	19	44
1	5	20
4	9	25
6	8	24
0	10	67
0	11	67
3	30	90
4	31	90
4	9	25
4	6	24
1	4	23
0	3	21
2	4	22
4	7	23
4	8	23
2	6	21
2	7	22
2	6	24
4	7	26
1	3	27
1	2	24
1	2	26
4	9	24
3	6	21
3	6	20
6	7	30
7	12	35
7	9	26
6	8	25
3	5	24
6	9	26
5	8	25
5	8	26
5	7	25
4	8	24
6	9	28
5	10	27
6	11	29
4	9	27
7	11	28
5	11	25
2	7	22
2	3	21
1	4	22
2	5	21
2	6	21
4	7	22
4	8	23
7	6	27
3	6	21
1	4	21
6	9	26
4	9	25
4	8	24
6	7	26
1	4	22
7	9	32
6	8	30
1	3	21
0	28	87
2	7	21
2	6	21
2	5	20
2	5	21
3	6	22
1	6	20
6	11	30
9	12	32
2	8	23
2	4	22
2	6	21
2	6	23
2	5	21
2	4	21
3	8	23
8	11	30
7	10	31
9	11	32
8	10	28
6	5	25
1	6	22
1	6	20
5	13	31
4	13	31
0	13	91
4	7	21
2	6	24
3	9	25
3	10	30
4	7	24
5	8	22
4	7	23
5	14	29
7	14	31
8	14	30
8	15	32
7	11	27
3	7	21
8	12	33
3	6	21
3	6	20
2	3	22
5	7	24
4	10	31
5	11	31
5	8	24
3	7	22
5	8	26
5	10	27
2	7	24
3	9	24
3	8	23
3	7	26
5	7	25
5	11	27
8	14	33
5	8	28
6	9	30
4	8	25
6	10	27
7	11	30
10	12	34
3	6	21
4	6	23
9	12	31
7	11	30
6	9	30
4	8	25
5	8	30
5	8	31
5	9	31
3	6	22
5	7	24
2	7	24
8	11	27
9	12	31
7	13	31
8	13	32
6	11	29
5	9	25
4	8	25
9	12	29
10	13	32
3	6	23
3	7	22
2	7	21
5	11	31
5	9	26
0	4	22
3	7	23
7	12	30
11	15	35
7	9	28
9	11	28
5	8	26
7	9	26
3	4	22
4	9	22
7	8	24
8	13	31
5	9	24
4	7	27
4	10	25
6	9	26
10	10	36
6	7	25
5	6	23
8	11	27
1	3	22
2	5	21
4	6	23
3	7	23
5	8	26
6	8	26
2	7	22
9	10	31
1	5	22
8	10	30
3	6	23
5	9	23
1	10	90
9	10	34
2	6	21
5	12	32
7	11	28
5	14	30
7	12	31
5	11	26
4	7	24
5	8	26
4	12	30
5	10	30
2	12	27
3	8	24
5	7	24
2	7	20
5	6	22
7	12	31
6	11	30
5	8	22
3	5	22
0	3	22
0	8	81
11	13	34
6	9	24
4	7	22
7	9	28
9	12	30
8	11	31
9	11	32
8	11	30
9	11	30
7	9	31
8	8	28
9	9	32
7	11	34
1	6	21
6	11	25
3	7	23
1	7	20
8	10	30
2	7	23
9	10	31
1	11	91
3	6	23
7	9	31
4	12	25
6	11	31
7	13	34
4	11	25
6	11	28
4	11	27
4	8	25
4	8	25
4	8	24
3	8	23
3	7	25
7	10	27
6	10	27
5	12	31
5	11	25
0	-1	88
0	5	90
3	7	24
0	5	23
4	7	21
6	8	26
4	8	25
5	10	25
2	4	22
2	4	20
3	7	25
12	16	43
8	11	35
5	7	23
4	7	22
2	7	20
2	7	21
7	14	33
2	4	20
3	10	25
3	9	23
3	6	23
3	3	21
4	6	24
4	6	25
3	6	24
6	11	32
6	7	27
6	9	27
6	11	34
6	7	26
2	6	21
10	11	31
8	9	33
7	9	32
7	8	24
2	5	20
3	7	23
5	9	26
3	5	20
4	5	21
4	7	21
3	4	21
4	7	22
3	8	21
6	9	25
5	7	26
0	11	91
5	9	23
3	8	21
6	11	28
2	5	21
0	2	20
3	6	24
9	13	34
2	5	20
14	19	41
4	9	22
2	6	24
3	8	22
6	8	23
3	5	22
2	3	22
8	14	36
1	4	22
5	9	27
4	8	24
3	9	25
5	9	25
2	7	21
6	6	25
5	8	25
3	6	21
6	9	27
2	3	20
3	6	23
2	5	24
5	7	25
6	7	26
0	4	20
1	4	21
1	4	22
2	4	22
7	12	30
3	9	21
3	6	23
0	9	85
0	8	85
4	7	24
6	9	27
7	8	27
6	7	24
7	8	30
5	8	24
4	6	23
0	2	21
2	4	22
4	9	25
5	10	26
6	9	25
5	9	25
0	-1	91
3	8	23
3	7	22
3	5	22
5	6	26
2	4	22
2	5	22
2	7	21
5	9	31
4	7	21
8	8	25
8	9	28
3	7	22
4	6	21
5	12	25
1	10	22
3	8	23
5	6	24
3	9	25
4	5	22
8	7	35
6	8	26
2	4	20
1	4	21
2	6	20
4	7	23
5	7	23
12	9	34
0	4	20
3	7	30
6	9	32
4	9	28
12	12	35
11	17	39
12	16	37
11	14	37
4	6	22
3	6	21
3	7	22
5	9	32
5	7	24
3	6	21
6	10	33
1	5	21
2	6	21
1	6	22
8	9	31
2	5	21
1	5	21
2	5	22
2	5	21
2	6	22
10	7	28
2	5	21
8	12	31
2	9	24
3	8	23
4	8	23
1	8	22
8	12	29
11	17	42
10	16	41
11	18	41
11	14	40
11	14	37
10	15	37
12	15	37
12	16	38
9	11	30
7	7	25
6	8	25
6	13	30
7	10	28
8	11	31
7	7	27
0	16	90
3	5	22
4	6	21
7	11	32
0	17	90
0	19	91
3	8	22
3	8	22
8	10	28
2	4	21
2	6	23
4	6	23
4	9	25
4	9	27
3	11	27
5	9	25
5	12	28
6	8	22
1	5	22
7	10	26
4	9	25
4	7	24
8	11	31
1	4	22
0	2	21
5	7	24
0	9	90
4	6	23
6	9	27
5	9	25
3	4	23
4	7	24
3	7	24
4	8	23
5	9	24
3	9	22
3	6	23
7	10	31
4	5	25
8	9	26
2	6	24
3	8	24
3	8	25
3	7	21
3	6	22
4	8	25
3	8	23
5	11	25
6	8	25
6	10	26
2	6	21
2	3	22
6	6	23
4	4	22
4	8	25
6	6	24
5	9	26
5	9	26
4	8	25
2	8	21
5	9	24
7	10	30
2	7	21
1	6	22
2	7	21
3	7	25
3	8	24
3	7	25
5	7	26
6	9	35
3	7	25
3	6	26
5	6	24
6	13	27
2	5	20
4	8	26
3	7	23
5	7	23
2	7	24
7	8	29
6	14	32
3	8	25
6	10	24
3	7	23
2	6	20
4	11	30
3	10	24
5	9	25
5	10	24
3	11	31
4	9	24
4	8	23
3	9	23
4	12	30
2	10	24
1	9	23
5	8	24
3	6	21
3	6	23
3	5	25
2	6	21
3	9	22
5	10	24
7	10	30
5	8	26
4	6	23
4	5	22
4	8	24
27	32	91
2	6	22
1	6	22
7	6	25
38	39	90
2	3	23
2	2	23
0	4	20
2	6	22
3	10	27
7	12	32
5	13	34
7	12	33
5	11	32
2	6	20
0	15	90
0	14	91
2	4	20
9	12	31
8	14	30
7	8	27
4	7	25
1	3	21
1	4	23
0	3	21
6	10	25
3	7	22
0	11	91
9	20	90
1	6	21
1	6	20
2	7	23
8	11	33
0	8	91
0	6	89
3	4	23
5	2	24
2	6	21
4	8	27
7	5	26
0	4	21
8	12	31
7	6	25
6	9	26
2	6	21
3	5	24
3	6	25
4	5	26
3	5	24
5	5	24
3	7	25
4	8	30
4	8	28
4	7	27
3	8	26
3	7	25
3	6	24
2	6	23
2	6	22
2	6	21
3	7	23
3	7	21
1	2	22
2	3	22
6	8	25
2	5	22
5	8	25
8	12	28
6	11	26
2	7	24
0	10	91
1	18	90
2	8	21
4	6	23
2	25	91
5	9	23
1	4	22
6	8	31
8	10	33
4	9	27
2	7	25
2	8	25
4	9	25
4	7	23
7	10	29
1	12	90
9	14	32
5	7	22
5	7	21
5	11	31
2	7	23
3	7	24
1	7	20
1	6	25
12	12	39
4	8	22
1	4	22
0	4	24
1	5	22
1	4	23
2	6	25
9	13	32
7	12	25
3	8	22
1	3	22
3	8	24
6	8	23
5	10	24
6	11	24
2	5	23
4	6	23
2	4	22
4	13	28
8	9	27
0	3	20
2	7	21
5	8	26
6	10	27
4	9	24
3	7	24
6	11	29
3	8	22
5	9	24
3	7	21
5	10	25
4	8	30
4	8	31
5	7	28
4	8	25
6	9	28
5	8	25
4	10	26
4	8	26
1	18	91
9	13	40
7	10	32
6	8	24
8	10	26
7	11	27
6	12	27
7	12	28
6	10	24
6	7	27
1	9	22
5	10	32
10	14	37
4	12	25
2	5	22
3	8	23
2	8	24
3	5	20
6	10	27
2	5	21
5	6	24
6	9	25
3	6	21
2	6	21
8	12	31
9	12	31
9	12	29
8	10	28
8	11	28
6	10	27
3	5	23
5	6	24
7	11	33
4	11	27
6	8	29
5	12	23
7	10	25
10	12	32
0	9	90
0	5	90
1	1	21
3	7	24
6	6	23
5	7	24
9	10	33
5	8	24
7	8	24
6	6	22
2	6	22
5	10	30
6	11	32
4	10	26
4	9	25
4	7	24
3	6	23
3	8	23
3	10	26
0	18	90
0	20	90
5	7	25
5	12	26
3	11	27
3	8	22
4	8	22
3	5	23
6	9	24
3	7	22
2	5	22
4	8	21
4	9	23
7	8	26
8	11	29
8	13	29
1	4	23
3	8	24
3	7	23
1	5	22
3	7	23
3	6	22
4	8	24
5	9	26
3	6	22
5	9	26
5	9	32
9	11	29
3	6	21
7	9	26
6	9	27
1	5	21
5	9	27
2	5	21
9	8	30
9	13	31
11	12	33
9	15	32
10	13	34
10	13	33
11	12	34
9	11	30
8	10	25
0	7	90
0	5	90
2	8	23
4	7	24
5	6	24
3	7	23
3	5	25
3	4	23
2	4	23
2	4	21
2	6	21
2	5	20
3	8	21
7	9	27
7	12	27
7	9	27
5	7	26
5	7	24
9	8	26
10	10	31
6	8	26
5	8	23
1	2	22
4	7	24
5	12	26
6	8	25
4	10	30
6	9	25
5	9	24
5	10	30
9	11	31
7	9	28
2	5	26
3	6	21
3	7	23
5	10	26
0	3	20
1	4	21
1	5	22
1	1	23
1	1	22
3	6	21
4	6	22
5	6	22
6	8	32
6	7	31
7	7	30
0	30	90
0	2	20
1	3	23
2	3	24
0	2	22
1	2	20
2	8	23
3	6	20
2	2	20
4	7	22
1	4	21
1	5	24
3	7	24
3	5	24
3	7	23
2	5	20
1	5	21
8	31	91
4	6	24
2	3	20
3	5	21
2	4	21
5	6	23
5	8	22
5	10	27
5	10	25
4	6	24
4	9	24
7	7	27
2	6	22
7	8	27
7	8	27
9	12	34
2	7	24
3	8	24
5	7	24
4	10	30
4	10	30
2	6	21
1	6	20
4	7	22
3	5	21
3	8	23
3	6	22
3	6	21
2	5	20
7	10	30
5	7	30
3	8	22
6	6	26
7	9	25
8	10	31
9	11	34
7	11	33
6	8	27
7	9	26
6	11	31
2	5	21
7	13	31
7	13	35
4	8	24
4	7	24
3	7	22
3	6	22
2	6	23
2	6	21
2	5	22
3	5	23
3	5	21
1	4	21
3	8	22
6	9	25
5	10	24
3	8	24
2	7	22
3	5	22
3	5	22
3	7	24
3	5	21
2	6	21
3	5	20
2	9	24
8	12	31
5	6	24
3	4	20
5	5	21
8	12	32
12	12	79
5	9	24
1	6	23
6	8	24
9	11	31
11	12	31
10	15	33
10	13	31
0	5	22
0	3	21
0	3	20
6	9	24
6	9	25
6	9	26
8	12	29
8	8	32
5	8	25
2	8	26
4	6	22
5	8	24
7	8	28
9	11	35
8	13	32
6	13	34
10	13	33
8	10	27
3	8	25
3	5	23
3	6	22
1	4	20
3	5	22
8	9	28
1	4	20
2	7	25
2	6	24
3	5	22
5	9	23
2	5	23
7	8	24
1	5	23
1	2	22
1	4	21
1	4	21
8	9	34
5	7	30
7	8	30
3	9	21
4	6	23
4	6	22
5	7	24
4	8	24
2	3	25
3	3	22
5	7	32
3	7	25
2	6	21
3	7	23
2	7	22
3	7	24
5	9	23
5	8	24
4	6	25
7	14	31
1	5	21
1	6	21
2	5	22
2	7	20
5	7	25
7	14	31
5	9	27
3	4	21
2	6	20
4	4	22
5	7	25
0	22	91
10	11	35
5	9	23
6	8	31
2	7	23
3	7	21
4	9	31
4	9	24
20	24	64
0	9	91
0	10	90
5	9	30
2	7	22
5	8	24
4	7	23
3	6	21
2	5	22
6	10	28
3	3	23
4	8	31
1	4	21
8	10	30
0	1	21
2	7	23
5	7	26
2	8	21
8	10	33
8	9	29
7	10	30
9	11	33
9	13	37
9	11	35
9	10	33
10	12	34
9	9	31
8	12	32
8	11	31
9	11	35
4	5	24
8	11	33
6	8	28
6	9	31
5	8	28
5	8	26
4	6	25
4	12	28
1	4	20
6	9	25
5	7	24
4	8	25
2	7	22
3	7	23
3	6	21
2	7	20
4	10	27
5	8	25
3	7	24
3	8	22
3	9	25
3	7	21
5	9	23
5	8	23
5	8	24
4	8	22
3	5	20
1	5	20
1	3	23
8	9	28
4	7	26
1	4	21
0	5	20
2	6	23
2	5	22
6	10	31
3	6	22
3	6	23
2	6	24
0	4	22
1	4	21
9	12	32
10	13	32
9	11	34
6	7	27
6	10	26
3	8	22
3	8	21
11	13	34
3	5	21
3	7	22
8	12	35
2	5	21
7	14	31
1	4	21
3	5	22
4	8	22
3	8	22
5	9	24
6	5	25
5	5	24
3	4	20
6	8	25
2	5	21
7	12	29
8	8	28
7	9	26
7	11	31
3	3	21
2	4	20
4	7	25
2	7	24
2	8	24
2	8	24
1	6	23
2	6	23
3	6	22
5	7	27
4	6	24
3	5	22
3	5	21
4	6	23
0	5	41
3	6	23
2	4	21
9	10	34
1	2	21
1	2	22
1	6	22
14	15	40
10	11	36
5	9	27
4	7	26
6	9	29
4	7	25
4	7	24
6	13	30
0	2	21
1	5	21
5	8	25
7	10	30
7	11	27
7	13	31
3	7	21
2	5	21
3	9	24
9	11	31
4	6	20
9	11	32
5	7	27
5	8	25
6	8	25
6	10	30
1	8	23
0	3	22
2	5	20
6	12	32
7	12	32
5	9	29
9	11	32
6	9	30
4	11	31
3	8	27
6	11	30
6	8	28
5	10	30
6	9	27
1	4	24
18	22	55
13	19	52
13	18	44
11	16	39
8	11	31
0	7	91
0	8	91
3	6	24
1	7	20
5	6	23
6	12	37
2	5	21
1	7	24
1	16	91
0	12	91
4	7	22
4	7	21
0	3	25
7	9	25
5	7	23
3	6	23
5	6	27
6	10	30
6	7	25
6	7	24
5	7	23
1	4	22
6	7	26
3	8	21
6	7	25
4	8	22
9	14	32
5	8	31
4	6	23
3	6	23
9	13	31
9	11	30
11	15	33
10	15	32
12	12	34
9	13	33
8	13	29
6	7	29
9	11	29
5	7	26
5	10	22
2	8	23
4	10	27
2	6	22
3	7	30
5	7	30
6	11	31
4	9	22
6	9	25
0	9	91
3	7	22
4	9	26
7	12	30
2	3	23
3	4	23
2	4	24
1	4	22
3	9	22
4	7	23
4	7	23
7	10	28
2	5	22
3	4	21
0	2	24
0	2	24
0	2	22
0	2	22
0	8	66
5	11	25
3	5	23
3	7	20
5	10	30
3	7	21
2	5	21
4	5	22
6	8	25
3	9	23
3	7	22
4	9	25
4	8	24
3	8	22
2	4	22
3	9	28
5	11	27
4	9	26
5	9	26
4	9	24
2	9	22
3	8	22
6	11	26
2	7	20
6	12	30
4	7	24
5	7	26
5	8	22
0	7	90
1	8	91
6	8	26
3	5	23
1	6	21
4	6	24
6	11	25
6	11	32
7	9	28
6	9	28
5	12	32
4	8	26
6	14	31
5	11	27
6	12	32
3	11	28
4	9	27
4	10	26
4	11	26
3	11	25
4	11	25
4	9	23
5	11	30
6	10	31
6	9	30
5	8	25
5	7	25
5	12	27
2	6	23
1	3	21
5	8	25
4	6	25
3	11	30
2	7	24
4	6	24
6	7	22
2	7	21
0	2	21
4	10	24
4	9	23
2	10	22
3	8	23
2	7	20
6	11	25
2	6	21
1	4	30
1	2	21
11	16	38
2	8	20
8	12	32
3	5	22
3	7	24
4	8	25
3	6	22
7	13	31
4	8	22
4	9	26
0	4	21
4	8	24
3	8	22
2	5	25
8	10	34
2	5	22
6	9	24
4	7	22
9	11	31
6	12	30
3	6	22
2	4	20
3	4	21
3	5	22
2	6	23
4	7	26
5	7	25
7	9	30
4	7	22
5	8	25
10	7	35
0	9	90
0	15	91
0	3	22
1	3	21
3	5	23
0	10	61
2	4	24
5	8	32
4	10	34
5	8	31
5	8	30
5	7	29
4	9	30
3	9	30
3	7	24
5	8	24
3	5	23
3	6	22
2	6	21
3	5	22
2	6	20
6	11	30
3	29	90
4	4	23
0	15	91
0	9	90
3	6	22
2	6	22
2	8	22
2	8	23
2	9	24
4	6	23
5	7	24
3	7	23
3	6	24
2	6	22
3	4	21
5	10	23
3	5	22
1	6	21
3	5	22
4	6	21
4	5	21
3	9	26
4	9	25
4	6	30
3	4	23
3	4	23
3	8	23
8	11	31
7	8	28
0	9	91
0	7	90
2	5	24
2	7	24
2	6	21
5	7	24
3	6	21
2	8	25
3	6	22
7	9	27
5	9	25
4	6	26
4	7	22
6	10	26
3	8	25
3	5	24
3	4	23
3	4	22
2	5	23
3	4	22
4	9	22
8	10	26
3	6	21
21	30	91
22	32	91
3	7	23
1	6	22
8	7	35
7	6	28
5	6	23
5	9	24
7	18	37
4	7	27
3	7	22
2	6	21
10	13	35
2	6	22
2	7	22
3	9	23
3	8	22
3	6	24
5	13	26
3	9	27
8	14	33
8	11	28
1	5	20
5	11	30
4	10	26
2	6	22
2	6	22
3	6	21
2	6	22
6	8	23
3	7	24
2	7	23
2	7	24
1	6	22
1	4	22
5	11	28
11	13	32
8	9	31
1	7	21
2	9	22
2	5	21
5	6	21
2	7	22
9	12	31
3	6	22
3	7	22
3	8	23
4	12	31
5	8	30
5	8	28
7	10	29
9	11	30
8	11	31
7	10	28
2	6	23
2	6	21
2	6	22
2	5	21
4	7	23
5	11	33
2	7	22
9	12	33
4	6	23
6	9	31
3	7	23
3	8	24
5	11	32
3	6	21
6	8	25
6	10	26
8	13	33
5	9	23
4	5	22
4	10	30
3	9	30
5	18	33
8	8	32
7	13	30
3	3	22
5	9	30
8	9	35
3	11	90
0	14	90
3	6	20
7	14	32
2	8	23
2	6	25
3	8	26
1	3	21
5	9	27
2	6	24
4	9	26
9	10	31
1	5	21
7	9	26
7	5	29
5	6	22
0	12	89
0	10	87
5	7	25
4	8	23
3	8	23
3	7	24
4	7	26
3	7	23
3	6	22
3	8	25
6	11	31
4	10	25
5	10	26
5	10	27
4	11	28
6	12	30
4	9	26
4	6	26
4	9	26
2	5	24
2	4	20
2	4	23
2	3	21
1	3	22
3	9	22
3	6	24
3	6	24
0	-1	91
1	14	91
11	13	38
2	4	23
1	5	21
2	3	21
2	5	21
3	8	24
3	4	23
4	7	23
7	12	27
1	3	21
5	9	27
3	11	30
2	6	20
3	7	24
2	7	20
2	7	22
3	8	24
2	8	22
2	7	22
2	5	20
2	5	20
8	12	34
0	7	90
0	10	90
0	3	21
3	4	23
2	4	22
5	9	25
6	7	23
5	8	23
7	7	28
3	4	21
1	6	22
9	12	37
10	13	34
6	8	24
3	6	25
10	14	33
5	8	23
3	8	23
3	6	22
6	7	25
3	6	20
6	8	25
2	7	23
2	8	23
1	7	22
4	7	22
3	6	22
3	7	21
2	6	22
2	3	22
3	6	23
3	5	23
4	7	23
2	6	22
5	6	26
5	7	22
1	6	21
6	12	30
3	3	22
4	9	24
3	5	22
3	9	25
4	6	24
2	4	26
4	8	23
6	7	25
4	8	25
4	7	23
9	13	33
5	12	31
7	7	25
9	10	35
3	6	20
2	5	22
1	4	20
3	6	21
3	9	26
5	9	24
4	7	24
1	4	22
4	8	25
9	9	31
7	8	26
8	9	29
4	8	26
4	11	25
8	10	28
6	9	26
6	8	25
3	3	22
2	7	22
3	7	23
4	7	20
8	7	34
0	2	23
2	3	22
0	4	22
0	1	91
0	14	91
3	5	22
1	4	23
6	7	25
6	11	26
6	10	25
2	8	24
2	6	23
3	9	25
7	7	26
7	12	33
6	11	29
6	12	30
4	10	31
0	9	91
4	8	26
2	6	22
1	6	22
4	6	22
11	13	33
0	10	90
0	5	91
5	8	25
0	11	90
0	10	90
7	8	27
7	11	27
5	9	25
9	13	33
8	12	33
8	9	27
7	9	27
9	11	29
9	12	30
9	12	31
3	7	22
3	7	23
7	8	25
6	9	24
2	6	22
2	6	21
4	7	24
5	7	25
4	7	24
2	6	23
3	5	22
5	7	24
5	9	24
0	7	91
3	7	21
1	3	22
1	5	21
7	9	27
1	7	20
1	6	21
9	12	29
7	13	27
8	12	30
2	5	21
2	3	21
0	7	22
3	5	21
9	15	32
9	12	29
0	6	66
3	4	21
2	5	21
3	4	26
3	5	23
0	2	20
7	11	30
2	5	21
4	8	23
1	4	22
5	10	30
4	6	21
3	5	24
8	11	31
9	15	34
7	11	32
9	13	33
3	9	24
2	9	22
4	8	23
10	12	33
3	8	24
3	7	24
3	6	22
7	12	30
7	12	32
5	5	24
5	5	23
4	5	22
10	9	32
2	4	22
4	10	24
3	7	22
5	7	25
1	3	22
4	8	26
6	10	25
3	7	21
4	5	22
5	9	31
3	8	29
4	7	25
3	6	23
8	11	32
7	8	30
6	8	25
7	8	25
6	8	30
2	5	22
8	10	33
3	9	23
2	8	20
6	7	26
9	12	32
6	9	25
8	9	31
8	10	30
4	8	23
4	6	21
11	14	37
3	6	22
1	6	21
8	8	30
6	8	26
2	7	23
5	6	26
3	8	23
3	7	22
3	7	21
3	6	23
3	8	30
3	8	26
4	7	25
3	7	24
3	6	23
2	7	25
3	7	25
4	9	24
3	7	23
3	5	23
3	5	24
3	6	23
2	5	23
2	6	25
2	3	22
6	13	30
2	6	22
1	7	21
6	9	30
4	7	23
5	9	30
8	8	31
8	9	30
1	5	22
2	4	20
8	12	31
2	5	21
4	8	25
5	10	28
7	9	25
3	3	22
4	9	27
4	8	24
3	9	25
4	7	25
3	8	24
3	10	30
2	6	23
1	7	21
3	6	24
3	6	23
3	5	21
4	8	22
2	7	24
2	8	23
11	13	35
2	6	23
7	9	25
5	8	24
7	13	27
3	6	22
8	11	28
7	12	32
2	6	23
7	6	28
7	7	30
6	5	26
6	5	25
5	9	27
5	9	26
6	8	26
7	12	30
4	8	24
0	4	22
6	8	24
2	6	22
1	5	21
2	3	24
3	6	21
9	9	30
4	4	24
3	6	20
6	12	27
5	7	24
4	12	26
1	3	22
1	3	22
1	4	21
4	8	30
4	9	24
6	8	27
4	8	27
4	6	24
2	4	20
3	8	23
8	10	27
7	13	27
7	14	29
6	12	30
7	10	28
5	9	32
6	9	31
2	6	22
2	5	21
3	6	23
2	5	23
2	3	24
5	9	22
5	7	22
7	10	27
2	3	23
3	4	23
3	7	21
5	6	25
4	12	30
5	8	25
6	8	23
2	6	23
2	6	22
8	8	31
2	5	23
2	5	22
3	6	22
3	8	24
3	9	25
3	9	24
3	7	23
2	7	20
3	6	22
2	5	24
3	9	21
8	21	90
3	6	22
7	10	26
4	10	24
1	4	21
6	12	27
6	10	27
5	4	26
6	11	30
8	11	28
7	14	29
2	9	23
2	7	22
4	8	21
5	9	25
4	11	25
9	12	32
6	8	24
4	9	26
4	6	25
6	7	27
2	6	21
6	7	27
4	4	24
3	6	22
4	8	24
4	7	23
4	8	21
4	5	22
2	6	22
1	4	23
0	3	21
4	9	25
3	7	22
3	7	21
7	11	26
3	8	24
4	8	26
2	3	21
5	8	23
14	16	42
7	7	27
1	3	21
3	6	24
3	8	22
5	8	26
6	9	25
4	8	24
3	6	23
5	8	25
1	6	23
2	7	21
1	5	21
6	8	31
0	2	20
0	3	22
5	6	22
5	8	25
2	5	21
2	6	22
5	10	30
5	7	24
3	6	24
1	7	22
3	7	26
3	7	24
3	4	25
9	10	31
4	9	26
2	7	24
1	5	22
4	8	23
5	7	23
0	7	91
0	10	90
6	9	32
5	9	27
6	10	27
3	4	25
3	5	22
5	6	24
5	6	25
0	12	91
0	10	90
0	4	22
0	2	22
0	4	22
1	23	60
4	9	25
8	10	27
8	11	27
3	7	22
4	7	22
2	8	22
4	7	23
3	6	25
1	3	23
0	2	23
0	2	22
5	8	28
4	7	22
2	6	21
1	6	21
2	4	24
3	3	22
2	5	23
5	8	30
3	6	22
3	6	23
2	5	21
4	6	23
3	6	23
3	5	22
7	8	30
5	8	21
0	5	90
0	10	91
6	9	25
3	5	23
2	6	24
2	4	21
6	7	24
7	9	27
3	6	21
8	9	28
3	14	91
1	5	22
0	2	20
3	7	21
3	5	24
2	6	23
7	11	28
7	9	26
2	6	21
9	12	34
1	3	22
0	4	21
1	4	21
4	8	31
4	5	23
6	12	27
5	8	25
5	8	27
7	8	28
8	8	27
2	7	21
2	8	22
2	7	21
5	10	25
6	9	30
4	-1	90
4	6	25
3	5	26
2	3	22
0	4	20
0	25	86
5	9	30
3	7	23
4	10	24
7	12	31
9	11	34
2	4	26
4	6	22
0	19	90
2	5	21
8	9	30
4	10	31
6	8	26
2	5	22
3	8	22
2	5	23
9	8	28
7	9	25
4	8	27
5	8	27
6	11	32
0	3	20
6	10	27
4	7	26
3	7	22
3	7	21
8	11	33
2	6	25
5	6	26
3	4	22
2	4	22
8	12	33
3	11	26
5	10	31
5	8	23
5	5	24
3	9	26
7	11	30
4	6	22
4	6	21
4	6	22
3	5	20
4	5	21
4	9	24
6	10	25
3	7	22
4	9	23
7	11	27
6	12	28
6	10	30
6	7	26
6	10	23
3	5	23
4	10	25
5	6	23
3	5	21
0	5	22
2	4	20
2	6	23
2	4	20
5	7	23
5	8	23
3	7	21
2	6	22
6	8	24
5	6	25
3	7	20
0	12	90
6	13	30
3	6	21
7	9	25
3	7	23
6	15	30
2	7	23
5	4	24
8	9	25
5	29	83
6	33	91
4	32	90
8	-1	91
5	10	28
7	10	28
9	9	26
4	7	26
2	6	24
2	5	22
5	6	21
1	16	86
2	7	22
4	6	22
4	8	24
1	7	21
3	6	22
7	10	30
2	5	22
3	5	23
3	6	24
4	9	25
5	8	25
3	12	26
3	11	26
2	6	20
3	5	22
3	5	21
3	5	20
4	7	23
5	12	31
4	6	24
3	7	23
3	8	24
2	6	22
4	7	23
2	7	21
1	7	22
1	7	24
1	8	22
5	10	23
3	8	23
0	4	21
6	9	30
5	8	25
6	9	28
2	6	22
3	5	22
4	6	24
1	6	22
2	4	21
1	4	20
0	16	90
0	10	91
5	7	24
5	12	32
5	14	28
2	8	25
4	4	26
4	5	24
5	5	30
4	4	27
3	4	26
3	6	24
4	7	23
6	11	32
4	8	24
4	10	27
8	11	30
6	8	25
6	9	26
1	10	22
2	8	21
10	13	45
4	9	25
2	6	20
6	8	30
5	4	25
7	8	26
6	10	26
5	7	26
2	6	21
5	9	25
4	5	23
4	8	24
4	8	23
3	8	23
3	7	23
6	12	30
4	6	23
5	9	29
5	9	30
4	9	24
5	9	24
2	5	20
7	9	25
6	6	22
2	5	20
4	5	21
5	10	27
3	9	21
3	5	22
9	12	33
4	5	24
7	10	29
2	4	22
2	5	21
3	8	24
6	10	28
6	10	27
7	9	28
6	11	29
5	7	26
3	6	21
2	7	21
5	7	26
5	9	26
7	11	29
2	9	24
6	5	25
4	7	22
7	10	32
4	5	21
4	8	23
8	10	29
7	7	33
5	9	28
5	7	24
5	8	26
3	5	20
4	14	26
2	8	25
4	11	26
0	10	90
4	8	23
8	9	27
6	7	30
1	7	22
5	9	25
3	6	23
3	7	23
5	26	91
4	6	22
5	8	25
8	12	34
9	13	34
6	8	28
3	7	21
5	9	24
4	8	23
2	5	21
2	4	21
2	2	22
4	7	25
4	7	24
5	8	25
6	10	26
5	9	30
4	8	25
4	9	26
4	9	27
6	7	30
3	6	26
3	6	24
8	10	29
5	8	30
10	14	34
7	11	28
9	12	31
10	13	33
9	13	32
9	13	34
2	6	21
3	9	24
4	8	31
3	7	24
4	7	22
3	6	23
3	5	21
2	5	21
3	6	23
3	6	22
3	7	23
4	8	22
4	7	24
5	7	23
5	13	32
6	12	30
3	5	22
2	6	23
3	9	23
3	7	23
2	7	21
2	7	22
5	9	26
4	7	24
0	11	90
0	9	90
5	8	26
6	8	26
7	11	27
2	9	23
9	9	29
1	4	21
21	17	58
10	12	32
7	11	30
4	9	30
3	7	25
2	3	20
1	6	22
8	11	32
8	11	31
6	10	29
4	5	22
0	7	90
3	9	24
5	9	30
5	9	24
3	6	22
3	4	23
0	8	91
4	8	23
3	6	21
6	9	27
8	9	32
2	5	23
2	6	23
3	7	23
3	6	22
4	8	23
4	8	22
4	5	22
4	9	23
6	10	27
5	8	23
3	8	21
4	6	23
3	6	22
2	6	23
2	6	21
6	7	24
2	7	23
5	11	31
1	4	21
3	6	24
0	10	91
0	11	90
2	7	23
7	12	31
8	12	31
6	9	29
0	12	90
0	13	91
3	8	21
3	8	22
7	13	30
6	11	30
7	11	27
6	9	27
3	6	22
1	4	21
1	5	20
3	7	23
2	7	22
2	5	20
8	12	31
1	4	21
1	4	22
3	4	21
12	13	31
3	6	22
5	8	25
5	8	24
4	5	23
4	7	25
5	7	24
7	12	28
5	8	31
2	3	28
4	10	30
5	6	25
6	6	26
4	8	23
5	9	26
3	8	30
5	8	23
3	5	21
6	8	25
6	7	24
4	6	25
6	12	31
3	7	21
5	8	23
5	7	25
4	7	24
4	9	26
4	8	23
6	9	24
4	8	23
7	10	26
5	8	24
7	15	35
5	10	28
4	7	22
4	8	24
4	11	27
1	5	90
0	6	90
4	6	24
6	12	32
0	4	23
2	8	26
5	6	23
4	8	24
3	8	23
6	10	26
3	5	22
7	12	27
6	12	34
6	6	24
6	9	24
6	9	23
9	12	34
9	12	32
5	7	22
8	11	35
7	8	32
6	9	31
2	6	21
2	4	22
3	8	22
3	8	24
4	6	23
2	5	21
1	3	21
1	3	22
3	3	24
4	8	30
2	2	20
8	10	32
2	7	20
3	4	21
3	6	22
5	8	30
7	9	27
5	13	35
8	8	31
7	7	27
7	11	32
4	8	24
1	5	21
2	7	22
5	23	90
1	4	22
5	8	24
5	9	26
1	11	91
5	7	23
0	3	90
1	6	20
4	10	24
7	10	31
0	26	77
0	9	91
8	10	30
6	8	27
4	27	91
4	8	22
2	8	22
2	6	23
2	6	21
6	12	31
12	15	33
1	3	22
6	9	28
5	7	24
7	10	29
1	5	21
1	6	20
5	7	25
0	-1	90
5	14	30
6	7	23
7	9	24
4	23	91
6	8	23
2	4	21
6	8	26
5	8	24
6	7	24
5	8	24
2	9	23
3	7	22
2	6	22
5	5	22
2	5	23
3	5	24
4	6	25
2	8	22
6	9	27
2	7	24
6	8	26
2	6	26
1	8	24
2	6	21
2	7	20
7	12	31
3	8	23
3	10	27
2	7	23
2	6	25
2	6	22
2	6	21
2	6	21
5	8	23
4	5	20
2	3	23
1	10	91
4	5	23
1	6	22
4	7	25
6	8	26
7	11	32
6	13	31
3	4	26
3	5	23
8	11	32
2	4	21
3	7	20
4	11	30
2	5	20
4	8	30
1	4	20
1	4	20
3	6	22
5	10	30
4	9	25
3	8	26
4	11	26
2	9	24
3	9	24
3	9	25
2	3	21
5	7	22
0	1	22
8	8	32
4	8	22
3	8	23
2	6	22
2	8	22
3	7	23
2	6	22
5	9	30
4	7	22
1	4	20
2	5	21
2	6	23
2	8	25
4	9	26
4	7	22
4	7	25
4	7	24
3	6	23
3	5	22
3	6	22
5	7	26
6	9	34
4	9	28
6	10	27
3	7	23
4	9	26
4	6	26
3	7	22
4	6	24
7	11	30
5	9	25
9	11	36
3	5	22
4	6	21
0	8	90
0	6	89
1	3	20
10	18	38
2	7	21
3	6	21
6	9	30
2	7	20
4	8	24
5	8	25
5	4	24
6	10	31
3	8	25
5	6	23
5	9	25
1	3	20
3	6	21
6	9	27
7	13	30
7	13	31
7	9	26
7	11	30
5	10	26
6	12	30
5	9	25
7	9	28
6	10	27
7	12	31
3	5	23
7	11	27
10	14	34
3	6	22
6	11	25
2	10	26
2	8	23
2	4	22
2	5	21
8	10	30
2	9	22
4	11	31
5	9	23
2	9	22
4	8	21
3	6	24
2	7	23
6	11	30
4	8	24
1	6	20
6	8	31
6	7	24
0	-1	91
0	-1	91
4	6	24
4	10	27
3	8	22
2	7	21
8	11	27
5	7	25
2	4	21
3	5	21
2	5	22
3	5	23
3	6	23
7	11	27
6	10	25
6	9	24
11	13	35
6	11	27
5	10	25
7	11	30
5	10	28
7	9	29
5	8	23
8	10	30
6	14	31
3	6	23
3	6	23
0	4	20
2	10	30
8	12	32
8	12	33
6	12	32
1	6	20
1	4	20
6	8	24
3	5	23
0	14	90
0	16	91
0	16	91
0	10	90
3	6	22
3	11	26
3	8	23
6	11	31
7	12	31
0	2	22
0	1	22
1	3	21
0	5	21
3	5	22
0	9	90
10	11	30
6	9	26
3	6	23
1	6	21
1	5	23
2	7	24
5	8	25
0	2	20
1	4	20
2	4	30
0	9	91
2	7	21
2	5	22
2	4	21
3	4	22
1	7	24
2	6	23
6	8	26
3	5	23
6	8	30
3	5	24
9	13	34
9	11	30
3	5	22
8	12	32
0	4	20
5	8	21
4	6	23
3	8	23
4	7	22
3	8	24
5	7	25
3	6	24
1	6	23
3	4	24
4	5	24
2	5	23
3	5	25
1	4	22
3	5	20
1	5	21
4	8	26
3	8	25
10	9	33
9	10	30
9	10	31
8	8	27
2	7	23
2	7	23
8	7	28
5	6	23
4	7	24
4	7	24
4	7	23
4	7	24
2	6	23
3	7	22
2	6	21
4	7	23
3	5	24
0	4	21
4	9	22
3	8	21
2	4	22
2	4	22
9	10	33
0	6	90
2	6	22
2	4	21
2	6	21
10	11	33
10	11	32
10	13	34
2	6	21
2	4	20
6	11	26
3	9	22
6	7	25
3	4	23
3	6	23
5	11	31
6	11	30
8	10	30
1	5	22
6	10	27
6	8	26
9	11	30
7	8	26
4	7	23
5	14	31
4	12	30
7	10	28
7	12	28
6	11	32
5	12	31
7	12	31
6	11	32
6	11	29
4	8	27
6	10	33
4	10	28
6	13	31
4	10	31
6	13	33
4	8	25
5	9	27
9	13	35
10	12	33
9	13	31
1	7	21
7	8	28
2	6	21
8	14	38
3	6	23
3	6	22
5	11	34
6	9	26
3	6	22
9	12	30
7	10	29
4	7	21
1	7	22
3	7	24
5	8	25
2	9	26
2	7	23
5	8	24
6	10	30
4	8	24
4	8	22
5	9	25
6	10	27
7	10	29
6	10	28
2	8	23
3	5	24
5	13	30
1	7	91
9	9	27
6	5	25
6	11	31
0	15	26
2	6	21
6	10	29
6	7	26
6	9	26
7	9	28
6	7	26
10	11	31
8	12	31
4	5	29
2	6	23
2	6	21
6	9	27
0	11	90
0	7	91
2	7	21
3	5	22
2	5	21
2	9	24
8	11	33
7	10	27
2	7	22
2	6	21
2	6	20
4	7	24
4	7	22
4	8	23
3	6	22
3	5	26
3	5	23
8	11	29
10	14	35
9	9	32
9	9	30
3	6	22
6	9	26
6	8	25
6	9	26
5	9	30
4	7	24
5	11	30
2	5	21
2	5	23
2	5	22
3	6	24
1	5	20
4	7	25
3	7	22
4	8	24
5	8	25
5	10	25
6	9	25
4	7	24
3	7	22
7	10	30
0	9	91
6	7	22
3	9	25
3	9	27
4	8	27
3	6	21
4	8	22
2	7	22
7	12	26
1	4	20
4	6	23
4	9	30
4	6	23
5	7	26
3	5	23
4	6	22
3	5	24
2	6	22
4	9	26
1	4	21
9	16	37
7	11	26
6	8	25
6	10	28
6	10	27
2	6	20
5	8	25
4	8	21
3	8	20
0	11	90
1	5	22
11	29	90
1	5	20
5	6	24
8	10	27
2	4	20
2	7	22
9	14	32
2	5	21
2	4	22
6	12	26
8	12	30
7	10	28
5	6	23
0	10	90
1	12	91
6	10	24
4	8	23
4	9	25
4	10	24
13	17	41
4	8	25
3	5	22
3	6	22
2	6	21
3	8	23
2	7	21
2	7	20
4	8	23
3	7	21
2	7	23
8	10	30
7	13	26
7	11	25
4	6	22
2	6	21
4	6	24
3	6	22
2	4	21
9	11	31
7	9	27
5	8	22
2	7	22
2	5	22
2	5	22
2	5	21
2	6	23
4	8	24
3	7	21
4	8	23
4	4	22
4	8	22
1	4	21
1	12	89
1	2	21
12	15	35
6	10	25
4	7	22
8	11	31
5	12	29
2	7	22
6	10	32
7	8	32
3	7	23
3	26	90
1	4	21
3	4	22
9	10	32
8	13	31
10	10	30
4	5	24
3	8	23
3	9	24
5	8	27
5	8	26
5	8	26
4	8	25
4	7	25
3	5	23
9	11	32
8	9	32
6	7	24
6	9	26
7	9	31
4	7	27
1	8	25
2	7	23
3	6	22
1	3	22
6	10	26
6	11	30
2	6	24
2	8	23
4	6	23
2	8	23
2	6	22
6	8	25
1	6	22
1	6	21
2	7	22
0	1	91
0	0	90
3	8	21
9	7	30
3	9	25
6	9	29
2	5	21
1	4	20
8	12	32
9	12	31
9	13	30
9	11	33
3	6	21
6	7	25
12	12	34
9	14	36
10	11	33
8	9	27
3	6	25
6	10	30
4	10	27
8	10	32
8	12	31
5	7	25
6	10	27
3	6	23
3	7	26
7	8	26
1	11	91
1	12	90
4	9	24
5	12	27
5	8	24
2	7	22
2	7	24
2	6	21
2	8	22
2	8	21
1	8	20
2	7	23
4	11	24
11	12	38
9	9	32
1	5	22
3	8	21
9	10	28
7	13	31
9	11	32
4	7	25
6	6	24
3	7	23
2	7	22
3	6	20
2	7	22
6	6	24
5	6	21
10	10	31
7	12	30
6	11	30
5	11	30
3	7	22
7	8	30
7	6	29
6	7	28
6	12	31
6	8	31
4	7	25
10	13	33
9	12	31
4	7	22
3	6	22
7	9	25
4	9	24
6	9	27
6	8	24
3	9	24
6	11	26
6	9	25
5	11	32
3	7	24
5	8	25
5	6	25
7	7	22
5	9	26
3	6	23
3	6	22
5	9	30
3	9	24
6	10	25
4	8	22
5	8	24
5	9	25
2	5	21
8	9	26
5	14	27
5	10	23
6	14	33
0	1	22
1	3	21
3	5	24
3	7	24
1	9	25
7	8	29
8	8	30
7	9	31
3	6	23
16	17	49
3	8	23
3	7	23
0	40	91
3	7	27
4	7	25
3	8	25
3	7	24
3	4	22
10	12	33
12	12	36
5	8	24
3	10	24
1	7	22
5	10	30
7	9	29
3	7	26
6	10	32
2	8	24
4	10	26
4	8	22
6	9	24
1	4	21
4	11	24
7	10	31
0	4	21
3	6	23
9	12	31
6	9	30
5	10	24
5	9	24
4	7	22
3	9	25
3	9	24
4	9	23
7	10	30
1	6	20
3	7	21
3	8	22
4	8	27
2	6	20
5	10	25
3	9	23
5	9	24
6	8	30
1	3	23
11	12	39
0	9	91
2	5	22
8	11	30
5	7	24
5	7	25
4	5	24
3	7	22
5	12	31
5	10	24
6	9	25
5	9	26
6	9	26
0	5	91
5	10	25
4	8	25
5	12	30
3	9	24
4	9	23
2	9	23
2	8	22
2	8	24
4	8	27
3	9	25
3	6	23
3	7	22
8	9	28
4	6	22
2	7	22
5	7	24
5	8	25
5	7	24
5	8	23
4	6	22
5	7	21
3	6	23
4	6	24
4	6	21
9	8	29
7	8	28
1	8	22
7	12	27
8	12	32
1	5	20
3	8	26
8	9	27
4	9	24
9	31	90
5	8	31
3	6	22
2	6	22
2	6	20
2	5	23
3	7	24
3	5	23
3	6	22
4	7	21
3	6	25
3	7	22
2	7	21
2	5	23
2	4	20
3	8	23
4	5	26
3	6	22
1	4	20
5	10	25
6	9	30
7	12	28
5	8	25
5	7	26
10	12	32
7	10	30
7	13	28
4	9	25
3	5	21
3	6	23
3	6	23
3	6	22
3	6	23
3	6	21
1	3	22
1	5	20
2	5	22
1	6	20
7	11	31
6	9	24
7	8	26
2	8	22
2	4	22
6	9	26
10	12	32
3	6	21
5	12	28
0	3	23
6	11	31
5	8	25
6	11	27
11	8	35
9	8	37
10	7	34
8	12	32
6	11	31
3	5	22
4	9	26
7	12	31
5	11	30
6	13	32
7	11	33
5	10	27
7	10	28
6	10	26
5	9	25
4	8	23
4	11	24
5	10	25
6	8	24
3	10	24
3	9	24
3	8	23
3	7	22
6	9	32
5	8	24
5	9	26
5	5	24
6	10	24
7	11	28
9	13	33
9	13	31
7	10	28
8	12	32
4	9	25
4	7	23
0	12	91
0	15	91
4	7	21
10	15	36
9	11	32
10	12	35
9	13	32
9	12	32
9	14	35
10	13	34
8	13	31
8	13	31
9	12	30
8	11	28
10	12	30
8	12	30
5	9	25
4	9	23
5	10	31
2	5	23
6	10	30
7	9	27
6	10	25
0	10	91
0	8	91
3	7	24
5	7	23
4	8	23
4	8	25
3	5	20
3	5	21
2	5	20
2	5	20
3	5	21
4	7	23
7	11	30
8	12	30
7	9	27
7	10	26
9	11	31
3	8	22
3	8	22
4	8	23
2	6	22
7	9	26
5	8	25
5	11	33
2	4	21
0	15	90
0	8	91
0	36	90
2	11	30
10	13	35
7	12	31
4	11	24
4	9	25
3	4	23
3	4	24
4	4	26
3	4	23
5	10	34
3	6	25
3	4	25
3	6	25
2	4	22
3	6	23
4	6	25
4	8	30
0	9	90
3	5	22
4	8	24
3	7	22
2	5	22
2	3	22
6	6	24
4	7	24
0	8	90
0	9	90
0	18	90
0	10	89
4	11	24
2	6	22
2	5	21
2	9	22
2	6	20
3	6	22
4	9	24
6	8	33
3	8	22
5	8	21
6	11	30
1	9	22
7	12	33
7	10	28
6	8	30
6	8	24
8	10	26
7	10	25
8	10	26
9	13	29
9	12	27
8	11	38
9	10	33
8	9	27
8	10	31
8	10	30
6	9	27
6	9	25
8	14	36
7	13	36
7	10	28
7	11	30
3	5	21
3	8	22
7	10	30
7	10	27
7	8	28
8	13	33
7	11	31
7	9	24
9	13	37
8	11	33
5	10	29
4	9	25
6	9	27
4	10	25
4	9	24
3	6	24
4	9	25
5	10	25
5	5	27
7	13	30
6	9	27
6	8	26
2	5	21
5	9	26
5	11	25
2	6	21
8	9	30
3	7	22
2	4	21
3	7	24
4	8	25
2	6	21
5	10	30
4	8	25
3	8	24
3	5	22
0	20	90
0	-1	89
0	11	91
3	6	21
5	12	29
8	11	31
7	12	30
7	12	30
3	9	23
4	7	23
5	7	24
4	7	24
6	13	31
5	9	26
4	10	24
3	6	21
5	8	22
1	5	20
5	6	26
3	8	23
3	9	24
3	5	21
2	5	22
1	4	21
1	6	22
4	6	23
5	7	22
2	4	23
0	5	91
0	8	89
0	3	22
2	4	21
1	4	21
3	4	21
0	38	90
6	17	34
3	6	22
5	12	31
5	11	28
6	7	23
3	7	24
3	8	22
5	13	31
3	8	23
14	16	89
2	5	20
4	9	24
0	3	20
0	8	89
0	13	90
2	9	25
5	8	24
4	13	30
5	10	26
7	12	30
6	12	31
3	5	22
9	12	30
2	3	22
5	10	27
3	7	21
6	10	25
2	4	22
1	5	20
9	11	34
7	8	24
2	5	22
2	5	22
5	9	24
2	5	22
2	4	22
2	5	21
3	6	22
4	7	24
4	8	23
6	7	24
4	8	30
8	11	28
1	4	21
2	4	20
3	7	25
5	7	26
3	7	24
2	6	22
3	6	23
3	6	23
4	7	23
4	7	24
3	5	22
1	5	21
6	5	24
3	7	23
0	7	90
8	10	29
2	3	21
2	7	22
8	10	27
3	8	23
2	5	20
2	4	21
4	7	23
4	6	22
6	7	31
0	11	89
1	11	90
8	14	32
2	6	21
7	12	28
0	5	21
0	3	20
0	2	22
3	7	21
3	7	20
3	8	23
1	5	21
0	4	21
5	7	26
6	8	30
4	9	22
3	5	22
1	4	20
7	12	28
0	10	90
0	5	91
0	2	20
4	7	22
7	9	25
4	8	23
3	8	21
8	11	30
7	9	24
1	7	28
7	7	27
6	6	26
5	7	25
3	6	23
3	7	22
2	6	24
3	6	24
2	6	21
1	4	21
6	8	25
1	4	20
5	10	26
4	7	24
3	7	22
4	7	23
4	7	22
1	6	21
3	8	22
3	2	22
1	5	22
5	8	25
2	7	22
5	9	26
8	11	31
5	8	28
6	12	32
7	8	25
6	9	26
6	8	26
2	9	22
7	9	26
6	8	26
3	4	21
3	12	24
4	7	24
7	10	30
5	10	26
2	4	22
2	4	21
7	7	26
3	5	22
2	4	26
4	9	25
5	8	27
2	5	21
5	9	24
0	7	90
2	5	23
2	9	28
3	6	23
3	6	22
2	6	22
2	6	22
7	9	31
1	-1	90
8	8	31
3	7	24
3	5	25
3	3	23
6	7	25
5	8	25
6	11	28
9	10	41
10	9	40
10	8	36
8	8	33
0	8	90
0	4	21
1	3	20
5	7	24
0	8	91
5	7	24
7	11	28
6	10	27
6	9	30
5	7	25
3	11	25
4	8	23
5	9	23
4	5	23
4	6	23
0	30	91
1	1	20
3	8	25
3	8	23
2	9	23
2	8	22
7	7	31
9	11	33
4	3	24
8	11	30
3	5	22
6	7	31
5	6	25
1	3	21
6	7	25
5	8	25
5	5	22
7	8	27
2	4	21
3	5	22
4	5	22
3	7	23
4	7	25
7	9	24
5	6	21
1	3	21
9	13	35
3	7	21
3	7	20
2	8	23
2	6	23
3	10	26
4	9	25
6	7	24
1	5	22
1	10	24
3	6	21
8	13	32
8	10	32
2	5	22
5	13	31
3	7	22
2	6	20
2	7	20
3	5	21
0	7	21
4	8	23
4	7	21
4	8	22
4	9	24
8	11	30
7	10	26
6	9	24
6	8	25
2	4	22
7	13	29
6	8	26
4	8	23
5	11	26
2	7	20
4	9	25
3	8	21
5	8	29
5	8	24
3	9	24
2	7	23
3	9	24
3	9	25
3	7	24
3	7	24
3	10	27
5	10	26
3	8	26
5	9	25
3	8	24
8	12	31
8	12	32
9	11	31
8	10	30
10	9	28
6	7	24
8	9	26
3	5	22
2	7	23
0	9	59
1	10	59
0	19	90
6	9	29
5	10	36
3	7	23
3	8	24
2	5	20
3	6	22
3	6	21
5	9	26
3	9	23
3	9	24
4	6	24
3	9	25
7	7	24
3	8	24
4	7	22
3	6	21
4	10	28
3	8	22
5	11	35
1	6	21
1	7	22
2	7	23
8	10	33
0	4	90
2	6	21
1	4	22
5	9	25
1	5	20
4	8	25
6	10	29
8	9	30
7	7	27
9	9	28
7	10	33
7	9	32
6	7	24
2	6	21
2	6	21
2	7	20
0	9	91
0	13	91
5	8	24
3	7	26
4	7	24
5	8	26
5	7	25
5	9	28
6	11	30
3	9	26
4	8	25
4	8	24
4	8	21
3	8	22
4	6	20
6	9	27
8	12	32
2	6	21
5	8	26
3	7	22
3	6	22
2	6	22
2	8	25
2	7	22
2	7	22
1	7	22
1	6	23
2	4	20
7	13	35
10	13	30
7	12	31
2	8	23
2	8	24
6	11	26
8	14	35
11	13	36
4	7	21
3	7	24
5	8	21
2	6	22
4	4	23
4	5	24
1	8	22
7	14	33
7	8	30
8	9	35
7	9	28
7	11	32
3	7	24
3	9	23
7	10	32
5	7	24
5	7	23
4	7	24
9	10	31
1	5	20
7	14	31
0	11	90
3	5	21
1	4	24
0	6	23
0	3	22
0	6	21
0	5	21
2	8	23
8	9	31
7	7	26
1	0	90
12	16	42
10	13	37
9	14	35
5	6	23
2	7	23
2	6	21
2	7	23
2	7	23
2	7	21
2	7	22
4	8	24
2	6	20
3	6	21
3	6	21
3	7	21
8	11	31
5	7	24
5	8	22
6	10	28
5	14	31
3	8	26
2	7	23
3	7	24
4	12	26
4	10	25
3	10	24
3	9	25
3	8	24
3	9	23
3	8	24
5	8	25
5	8	26
6	11	26
6	12	26
8	8	28
7	7	24
3	5	23
2	5	22
1	4	21
7	9	26
2	7	24
8	9	25
7	12	31
6	12	31
5	10	25
3	7	26
4	6	24
4	7	26
4	5	23
4	9	25
3	4	24
3	4	23
9	11	34
4	8	25
6	7	24
6	9	26
0	7	91
1	-1	91
7	9	25
4	5	22
0	23	90
8	9	30
6	8	25
2	5	23
4	10	23
1	6	23
4	10	26
3	9	27
15	40	90
3	7	21
0	7	90
6	12	32
6	11	32
7	9	28
6	7	24
6	11	32
7	10	32
9	12	33
9	14	38
4	8	30
5	9	29
7	8	29
3	5	24
1	4	23
4	5	22
0	3	20
3	6	21
2	5	22
2	4	21
3	6	24
3	5	22
5	10	26
5	11	26
5	11	26
6	10	27
7	9	26
8	10	34
3	4	23
1	2	23
4	6	26
0	10	84
3	5	22
6	6	24
0	12	91
1	12	90
2	7	21
1	4	22
4	9	25
2	9	24
1	6	22
7	7	29
0	8	89
0	9	90
4	6	25
3	8	22
0	4	90
4	7	23
3	6	23
4	7	22
5	9	30
5	8	28
4	6	27
5	6	23
3	5	22
4	7	25
4	9	23
4	6	22
6	6	25
0	22	90
3	7	23
2	7	22
2	7	24
2	6	21
3	6	23
4	7	24
1	38	91
5	8	25
4	7	25
7	7	29
1	5	21
4	8	31
0	4	91
0	4	91
2	8	23
5	8	24
3	6	22
5	8	24
7	10	28
7	6	28
2	6	21
2	5	20
4	5	24
4	6	25
8	9	27
6	11	31
7	10	30
5	7	26
7	8	27
3	6	23
6	10	28
6	10	26
6	9	27
7	12	31
8	9	26
6	11	29
5	10	30
2	2	25
6	10	26
4	11	26
4	9	25
1	9	22
3	7	20
0	4	22
5	6	24
5	7	27
3	6	24
1	2	21
4	6	23
4	7	21
4	8	25
4	9	25
3	7	21
4	8	23
2	7	22
4	9	27
5	10	25
6	10	26
4	10	24
5	9	24
4	8	22
2	6	23
2	6	22
2	6	21
1	3	22
3	4	21
1	5	23
1	3	21
0	4	20
3	6	25
4	6	24
2	7	24
0	1	20
2	4	20
2	5	20
5	8	29
6	9	31
4	9	22
5	8	23
4	8	23
3	5	22
4	7	24
5	7	24
5	9	25
5	11	32
2	5	23
3	5	23
4	5	24
4	5	24
0	5	23
0	13	91
3	6	20
3	7	22
3	7	22
0	7	90
1	4	23
4	4	23
4	5	23
3	9	27
3	7	25
4	9	26
0	12	91
5	8	26
8	11	30
9	9	28
6	8	28
7	10	27
3	7	21
1	4	20
0	10	91
2	4	22
3	9	23
6	11	31
4	8	24
2	5	21
6	9	24
5	7	26
5	4	23
1	4	23
2	3	20
3	9	24
4	7	23
5	6	28
3	7	24
3	7	23
1	5	26
1	2	24
1	4	23
4	7	22
6	7	25
0	-1	90
1	3	20
3	10	25
2	17	91
0	11	91
5	10	25
6	6	24
10	12	36
4	9	24
7	13	30
5	9	30
5	7	24
3	4	21
2	5	21
5	10	25
3	8	24
0	11	91
1	13	91
2	6	24
10	12	34
7	11	30
1	5	21
2	4	24
15	16	42
3	5	21
2	5	21
8	15	41
0	2	21
0	3	21
1	3	22
4	5	23
3	5	24
2	5	23
8	9	33
3	7	22
2	5	22
1	6	21
1	5	20
2	5	20
1	7	22
2	3	20
0	5	21
1	2	21
2	5	21
1	5	21
4	5	22
7	9	30
2	6	21
0	9	77
0	7	91
0	7	90
6	6	24
7	10	30
4	8	26
4	5	23
6	4	24
5	8	27
1	3	25
1	3	21
3	7	25
1	-1	90
1	3	21
2	4	24
1	3	22
4	8	22
3	8	27
5	8	26
4	10	26
2	8	24
5	7	23
3	8	23
4	11	27
3	5	22
0	18	89
0	13	89
0	11	89
7	8	27
7	9	27
7	9	30
3	5	21
3	5	23
2	4	20
8	12	31
4	6	21
5	6	27
3	9	30
6	6	31
3	8	22
3	7	22
7	10	27
2	7	20
5	23	90
4	9	24
4	7	23
6	9	33
6	16	31
4	5	26
3	5	24
3	5	25
3	9	25
4	8	25
6	8	28
6	8	31
3	8	25
10	12	33
9	11	30
7	10	29
0	4	21
0	4	20
3	7	22
7	9	30
9	8	30
7	7	27
4	4	23
6	5	25
1	5	20
8	8	29
0	2	21
0	1	20
3	3	22
2	7	21
5	8	25
2	3	23
2	3	22
1	2	20
3	7	24
6	10	28
5	8	24
7	11	31
3	6	22
2	7	21
2	3	21
7	10	26
2	7	20
3	7	23
5	7	25
4	8	22
5	9	24
4	9	24
3	8	23
4	9	24
0	8	89
7	13	34
4	11	26
5	9	25
4	23	88
8	12	35
4	10	26
4	11	25
5	10	30
3	4	21
5	8	24
6	13	32
0	2	20
7	12	30
3	6	24
4	6	22
5	20	89
5	8	23
0	10	91
1	5	21
3	7	22
2	7	21
2	6	23
1	3	22
8	14	33
9	12	33
5	8	26
2	7	22
0	3	20
8	10	31
6	12	33
6	9	25
6	8	26
6	11	32
8	10	28
5	8	22
4	9	25
6	11	28
3	7	22
4	7	23
9	9	28
5	5	30
3	6	24
2	6	21
3	7	22
1	12	90
1	11	91
6	9	27
4	6	22
5	7	25
8	10	29
3	6	23
3	5	21
3	4	21
2	9	23
3	7	22
2	7	21
7	8	33
5	8	26
5	8	23
5	8	25
8	11	30
2	5	25
4	6	24
1	6	20
8	12	30
7	12	30
9	11	30
7	11	30
6	9	26
8	10	27
4	7	25
2	5	22
5	11	32
5	8	25
4	8	24
10	13	33
4	11	24
2	10	22
5	8	23
8	13	32
5	9	27
3	7	23
7	10	28
1	4	22
7	13	30
3	9	25
5	7	24
5	6	24
6	10	31
6	11	31
2	4	21
6	10	31
4	9	27
2	6	21
0	11	91
5	7	22
4	7	30
5	7	23
0	25	91
0	14	91
2	4	21
6	9	31
8	12	26
7	11	33
1	6	21
4	6	24
4	9	24
2	7	21
5	5	25
6	13	33
7	13	27
5	10	25
3	7	22
3	7	21
0	5	22
0	3	21
0	2	20
6	12	27
4	7	26
8	10	25
5	7	25
5	9	26
4	7	25
3	9	23
2	8	23
2	8	23
2	6	22
2	5	22
3	5	22
3	5	21
3	6	24
2	4	22
1	5	22
1	3	21
3	5	22
9	26	48
5	6	25
0	17	34
3	3	22
1	2	23
2	7	22
5	11	26
2	3	24
3	7	21
3	6	24
4	7	23
3	6	21
4	8	23
3	9	25
4	7	22
5	9	26
2	7	22
4	9	24
3	8	24
3	7	22
6	9	27
5	5	23
9	11	29
12	14	36
5	9	31
3	8	22
4	5	30
3	6	22
4	5	24
5	9	24
5	11	27
5	6	25
4	8	26
4	7	25
3	5	24
1	8	88
2	5	20
4	8	25
6	9	25
10	9	30
5	10	30
3	7	22
7	7	24
3	6	22
4	7	25
3	7	90
0	9	90
1	4	20
2	5	22
4	6	22
0	27	90
4	9	24
2	5	21
7	13	30
8	15	30
7	12	30
7	11	28
6	11	27
6	9	26
6	9	26
1	4	21
6	10	29
0	8	91
0	6	91
3	8	22
3	6	21
3	5	21
2	5	21
4	8	22
0	24	90
5	8	26
5	8	25
5	8	26
6	10	26
6	10	27
10	14	37
5	11	30
3	9	21
3	5	21
4	7	22
3	7	20
7	9	26
3	5	25
1	7	20
5	24	90
3	25	90
7	8	27
2	5	20
5	10	24
1	4	22
3	6	23
6	14	31
7	9	32
4	7	24
0	13	91
4	6	22
8	9	31
0	2	22
8	8	27
6	9	30
7	9	33
5	8	29
13	16	41
10	15	39
2	10	24
2	8	22
7	6	24
3	6	26
4	6	24
2	5	22
1	2	22
3	8	24
4	9	25
1	3	22
1	5	22
1	5	21
4	7	23
1	6	20
4	9	24
1	3	21
7	11	30
4	10	31
5	6	24
5	7	23
2	8	23
2	7	23
2	7	22
2	8	21
0	-1	90
0	28	90
3	8	30
3	7	22
2	7	21
2	10	22
7	9	30
6	8	26
8	7	26
0	9	91
3	6	22
9	15	37
4	6	23
4	6	22
8	10	33
4	15	30
2	4	23
1	6	22
4	6	23
3	6	22
5	7	26
0	6	76
5	14	30
14	10	39
5	6	25
1	4	21
5	9	24
5	10	25
0	13	89
1	6	90
0	12	69
7	9	28
1	5	21
2	4	25
5	6	24
2	5	21
1	5	21
1	6	20
2	6	22
2	4	24
2	8	23
2	5	22
3	5	23
3	5	23
3	4	24
3	5	23
5	7	24
0	2	30
1	5	30
1	3	21
4	9	27
1	3	21
3	4	21
3	5	23
1	7	91
0	13	90
5	6	24
3	6	24
0	10	68
0	11	68
1	4	22
4	8	23
3	8	23
4	10	27
3	5	23
3	5	23
3	5	22
6	7	25
2	4	23
5	8	22
3	8	24
0	15	90
8	11	32
1	4	20
5	8	22
3	9	24
5	9	27
4	9	26
3	7	25
3	7	24
4	8	23
6	6	25
6	8	25
1	7	21
4	6	30
5	6	22
2	3	22
5	8	23
1	4	21
0	2	21
6	8	25
3	7	23
10	12	33
8	12	34
8	13	36
7	13	33
8	12	30
3	8	25
1	5	21
3	10	26
7	10	24
7	11	32
2	6	22
5	9	24
3	6	21
4	8	25
5	8	25
3	6	23
0	6	21
7	11	28
6	11	31
10	42	89
4	7	21
4	8	24
2	6	21
8	14	34
3	4	25
2	6	23
5	7	24
5	9	32
5	6	26
6	10	27
6	8	27
6	9	25
5	7	23
2	6	20
3	6	22
3	5	21
4	7	22
4	8	24
1	6	22
3	8	23
6	7	25
2	17	90
2	4	22
4	10	24
1	5	21
2	5	22
2	7	22
3	6	23
2	6	21
2	6	24
5	10	30
6	12	31
5	9	30
5	9	25
1	4	22
2	6	21
5	10	26
5	13	30
4	7	26
3	6	21
4	7	24
4	9	24
5	10	26
0	7	68
0	5	68
3	7	25
2	6	24
5	5	24
2	3	24
4	7	24
2	6	22
4	5	23
4	7	24
2	5	23
3	8	25
2	8	24
3	7	26
2	9	24
2	6	31
8	11	32
2	3	21
10	15	35
4	8	26
5	5	30
3	9	23
3	9	24
3	9	24
4	10	25
5	7	24
1	3	21
7	9	31
5	9	25
3	7	20
1	5	24
3	6	20
2	6	21
1	6	20
1	8	21
1	2	22
0	3	22
0	3	21
6	8	26
6	9	30
3	7	25
3	5	24
0	4	22
2	4	23
1	5	22
4	6	24
6	9	23
6	10	25
5	10	25
1	11	89
2	8	22
1	8	22
1	3	21
7	11	31
8	10	32
10	12	35
0	3	21
5	9	23
7	13	33
5	7	27
3	7	22
4	7	24
4	9	23
0	2	20
6	8	32
7	7	29
2	10	91
4	11	90
6	7	24
6	12	32
1	5	20
3	5	23
4	7	25
6	6	24
7	14	36
12	16	37
5	10	24
2	4	21
5	11	31
1	4	20
0	4	21
3	5	25
0	4	20
5	9	24
4	6	24
2	4	22
4	10	26
1	5	21
0	5	20
0	4	21
3	7	23
5	10	26
5	10	25
6	10	24
3	8	25
2	10	24
3	9	24
3	8	24
1	5	20
4	7	22
14	17	47
4	6	24
4	6	25
6	4	24
3	8	25
2	7	22
2	6	21
5	10	31
5	6	24
0	9	64
0	11	64
3	9	24
2	4	20
3	8	23
8	13	37
6	9	31
7	11	30
2	5	21
10	9	37
2	5	21
6	11	31
7	10	28
7	9	29
3	7	23
4	7	22
3	8	26
3	8	27
3	7	23
3	7	23
3	5	25
4	6	24
3	6	23
0	2	22
7	7	24
3	7	20
9	14	35
6	9	25
0	10	91
9	14	32
8	10	30
4	5	26
4	5	24
4	8	26
4	6	24
9	13	32
7	8	25
8	13	32
5	7	22
5	7	22
3	5	23
6	7	25
1	3	21
6	8	24
7	12	32
3	9	24
5	8	27
4	11	26
4	7	25
7	13	32
7	10	27
4	8	23
8	9	27
6	13	31
3	7	24
2	3	21
1	10	21
0	11	91
4	14	33
4	6	21
3	6	20
2	6	22
5	8	31
9	9	29
10	11	33
8	11	32
8	9	30
6	7	27
7	9	27
7	14	32
8	13	31
7	12	31
2	6	22
4	8	30
4	5	22
2	4	23
6	10	33
6	9	27
3	9	25
4	8	23
4	9	31
2	7	22
7	15	35
9	14	37
12	14	37
10	14	35
5	10	26
3	7	22
5	9	26
4	9	24
6	7	26
4	6	24
6	7	25
3	6	23
1	4	24
1	4	24
0	3	23
8	9	33
8	13	35
5	9	26
4	7	23
4	8	22
0	1	22
7	7	28
0	3	90
0	16	91
3	7	25
2	7	24
3	7	23
3	6	23
3	8	23
2	8	21
9	12	32
3	8	22
7	10	28
1	7	23
1	7	21
4	8	30
3	5	21
3	6	22
3	7	23
5	9	32
3	7	23
5	8	26
8	8	24
0	8	90
0	8	90
2	6	20
3	4	22
3	8	24
3	8	23
6	8	22
6	10	31
8	10	31
1	8	21
3	7	21
8	10	31
2	9	22
3	10	25
2	6	22
5	9	26
7	6	26
5	10	24
5	10	23
6	42	91
11	14	39
3	6	24
4	9	24
6	9	25
4	8	21
0	3	38
6	10	28
3	8	23
9	12	31
6	9	24
11	16	38
7	9	28
10	10	33
4	6	21
2	7	23
2	10	22
2	8	21
4	5	24
8	9	32
8	9	31
9	11	30
2	6	20
3	6	22
3	7	23
3	8	25
7	10	26
2	6	24
9	11	34
7	10	28
13	15	38
11	15	37
8	10	28
9	14	36
9	14	36
3	7	23
4	9	25
6	12	30
4	8	25
4	7	22
4	7	23
7	14	33
6	9	25
8	10	31
4	8	23
4	8	24
4	10	27
4	9	23
8	9	27
6	8	25
2	4	23
3	7	21
6	10	30
10	13	33
8	11	27
8	11	34
9	13	33
9	12	33
12	11	36
7	10	26
3	7	91
0	3	90
1	5	22
4	9	23
6	8	30
8	14	33
8	12	28
3	6	21
0	14	91
3	8	24
1	4	21
1	5	20
2	4	21
3	6	22
7	9	28
5	13	35
5	7	24
2	7	25
3	11	26
3	10	25
3	9	25
6	7	27
2	4	22
10	11	33
9	11	27
10	14	31
10	13	29
11	14	33
2	8	22
3	7	23
4	8	23
4	8	23
3	6	21
2	5	22
7	10	30
5	11	30
7	12	33
6	9	30
4	10	29
5	8	27
5	9	30
5	7	26
4	7	25
3	7	24
3	6	23
3	9	24
9	10	31
6	6	26
7	7	26
7	12	32
7	11	27
3	9	27
3	6	23
5	9	27
5	10	26
1	4	22
2	4	21
4	7	23
3	6	23
8	9	28
5	6	23
5	9	31
6	8	24
6	6	25
5	6	26
3	6	22
3	6	24
3	6	23
2	4	23
2	5	22
6	9	28
7	12	32
3	9	26
7	11	31
4	11	29
2	7	22
5	10	30
7	11	26
9	14	36
3	9	21
2	7	23
2	5	21
2	5	22
2	5	22
4	6	25
8	10	31
7	9	30
6	9	25
6	12	29
3	5	22
5	12	28
8	11	31
5	10	30
4	12	26
8	10	24
9	12	31
3	7	21
3	7	22
4	9	24
3	7	25
7	10	25
7	9	30
4	8	23
2	7	20
2	4	20
5	10	25
3	8	22
2	7	23
7	10	29
7	10	28
4	7	22
12	20	41
10	15	36
6	13	30
7	15	35
3	9	22
2	3	24
3	9	21
2	8	22
2	5	24
3	8	25
0	3	23
0	2	24
4	8	25
8	13	30
3	7	22
0	4	24
2	5	23
1	4	25
7	9	28
8	15	29
1	5	21
8	9	34
6	13	32
3	6	25
7	10	32
0	9	90
0	8	91
3	7	23
4	8	22
3	7	21
3	6	21
7	10	31
7	10	31
3	29	91
2	29	91
1	28	91
9	16	31
4	8	24
9	7	32
3	7	23
4	6	23
6	8	23
3	7	25
7	11	28
7	12	27
9	11	32
2	6	21
1	3	21
1	3	23
3	7	21
4	8	23
7	9	31
4	9	22
8	11	33
7	13	32
8	11	31
2	7	22
4	8	26
4	6	23
4	7	25
4	7	23
3	7	24
3	6	23
3	6	22
2	6	21
11	11	33
8	9	31
10	13	32
7	9	26
5	10	26
1	3	21
4	8	28
3	6	21
6	8	26
5	8	26
4	8	22
4	7	21
7	11	31
6	9	27
3	8	25
3	8	23
3	6	21
4	8	23
3	7	21
9	12	28
5	6	23
9	10	30
1	5	22
10	13	32
8	14	31
5	9	25
6	11	26
6	8	30
3	9	24
0	4	20
7	11	32
4	6	22
3	8	23
3	7	22
1	19	91
6	10	31
4	8	27
6	8	27
4	8	22
1	6	21
6	8	24
4	7	27
2	6	21
7	8	27
9	12	30
7	8	27
5	9	25
8	8	32
4	8	25
5	8	25
5	6	25
0	3	20
6	11	27
6	9	30
1	4	22
3	3	21
4	7	23
3	6	22
4	5	23
2	11	23
2	8	24
3	7	25
5	5	25
6	9	26
5	10	27
3	5	22
3	5	21
10	15	34
6	8	26
4	8	25
5	5	24
2	6	20
8	9	29
5	7	22
3	7	23
3	7	21
5	7	26
5	7	25
7	7	24
4	7	25
8	12	30
5	9	24
2	9	23
3	7	22
3	7	22
2	6	23
3	5	22
2	5	21
11	10	35
11	11	35
12	12	39
0	17	91
7	9	33
7	9	29
8	13	36
7	9	25
6	9	23
5	9	22
2	10	26
5	11	32
5	8	24
2	7	21
4	5	20
5	7	27
4	7	22
7	10	32
4	8	22
2	7	22
4	8	24
10	17	38
7	10	28
3	9	22
2	8	21
2	5	21
10	28	90
1	5	21
2	6	22
5	15	32
2	4	21
10	13	33
5	8	25
1	3	21
1	4	21
0	3	20
5	10	27
2	6	20
6	5	26
6	5	24
9	10	32
11	11	38
9	13	39
11	15	35
5	9	23
3	7	25
2	6	21
7	10	28
7	11	27
2	5	21
1	5	91
1	4	21
3	7	24
3	8	27
4	7	22
2	23	90
2	5	23
7	11	30
1	15	80
1	16	86
3	7	20
0	6	91
5	9	30
4	7	25
4	8	21
4	9	24
10	11	28
6	9	25
5	8	30
4	8	22
2	4	22
3	7	20
1	4	21
0	7	90
6	8	27
5	8	27
4	12	30
5	9	30
5	6	24
2	7	21
3	7	21
2	4	20
5	7	25
2	7	22
6	7	21
5	13	31
3	6	21
2	5	22
4	8	23
6	10	24
9	13	30
7	10	30
3	10	25
4	9	24
4	6	23
4	7	23
5	8	23
5	6	23
2	5	23
4	8	24
3	8	23
3	5	23
2	6	22
8	12	31
9	15	32
9	10	33
4	7	21
6	10	27
7	7	25
0	4	61
5	11	30
8	10	27
4	6	24
6	7	25
4	4	21
3	10	24
3	10	25
2	7	23
2	6	22
3	10	25
6	8	26
8	14	35
1	9	91
1	7	91
5	12	24
2	8	23
3	5	23
2	8	25
3	6	21
7	8	26
4	6	23
2	8	22
2	7	20
4	10	24
3	8	31
9	15	34
7	13	30
2	7	26
4	6	23
1	6	23
3	7	25
5	8	25
5	8	25
4	9	24
5	7	23
4	9	25
6	9	31
8	10	28
4	8	22
0	5	91
6	8	25
10	12	32
2	7	21
10	9	34
2	10	24
6	11	31
6	14	32
3	6	25
7	11	31
6	12	33
0	18	90
9	16	33
9	15	32
9	14	31
7	11	26
6	13	32
4	6	30
2	5	20
7	10	28
4	7	24
5	9	24
3	7	21
9	10	37
3	7	23
3	6	21
0	13	90
8	14	34
9	15	32
9	9	33
11	11	37
9	10	35
9	12	35
8	12	33
5	10	25
7	8	24
1	6	22
6	13	29
6	13	27
6	13	33
1	13	90
2	10	25
6	7	26
9	10	30
4	9	23
4	9	24
5	10	24
3	8	23
2	7	21
3	5	20
4	9	23
7	7	27
2	8	24
5	8	25
6	42	91
3	8	22
7	9	24
0	9	90
4	6	23
5	14	30
5	7	27
8	10	32
8	10	30
7	10	30
8	15	33
8	14	33
7	11	32
7	11	30
7	11	29
6	8	27
5	10	26
3	9	25
4	9	26
3	8	23
1	8	22
2	6	20
4	38	90
3	8	21
7	11	26
7	12	30
2	5	24
3	5	23
5	6	23
3	6	23
6	7	24
4	6	22
12	12	35
1	7	22
2	9	22
3	8	21
1	3	23
1	6	23
9	10	25
1	4	21
2	5	22
2	11	23
4	11	24
9	11	34
1	5	21
3	5	20
0	7	90
0	1	22
6	10	30
8	9	33
7	10	24
2	5	22
3	4	26
3	7	25
1	3	20
5	11	32
5	10	30
1	6	21
9	9	33
7	13	29
11	12	37
8	11	34
3	7	22
4	9	24
4	7	23
4	8	23
5	7	25
4	6	24
4	8	23
5	9	24
4	7	22
4	7	22
6	8	26
3	7	25
3	5	20
5	10	25
2	7	21
4	9	24
4	8	22
5	9	22
5	9	23
6	10	30
5	9	24
5	9	23
4	9	25
0	11	90
2	5	23
6	7	24
5	12	32
1	7	23
8	9	34
9	13	34
7	6	30
3	8	22
4	10	24
3	8	23
1	2	21
6	10	26
2	24	90
3	10	25
3	8	22
3	6	20
3	6	24
1	7	22
2	5	20
2	6	21
3	8	28
3	7	23
2	7	21
3	7	23
8	12	31
7	12	26
3	6	21
3	7	23
1	14	90
0	3	90
6	11	30
4	7	25
3	7	23
3	8	21
2	9	22
0	5	20
2	4	23
4	9	30
3	7	22
4	6	22
5	10	24
2	7	21
9	10	33
6	8	25
1	2	22
8	9	31
5	7	25
4	6	30
4	6	25
3	5	22
3	9	31
3	5	23
6	9	32
6	8	31
6	7	28
6	9	31
7	9	32
4	8	28
7	8	32
3	9	90
2	5	21
2	5	21
3	12	30
4	7	24
5	31	91
3	6	24
1	3	22
4	7	24
4	7	30
6	6	29
6	7	28
6	10	30
7	13	33
5	12	30
4	11	26
3	7	23
4	7	22
8	14	35
3	7	22
2	5	24
1	5	28
4	11	30
1	4	21
2	5	22
0	12	90
0	11	90
8	12	35
2	5	21
0	3	22
1	3	21
3	6	22
2	6	21
5	6	24
4	8	27
10	11	36
4	11	30
5	8	23
4	8	23
3	7	21
0	3	27
1	4	25
0	2	24
0	3	24
0	3	27
0	3	25
0	3	23
2	6	23
2	5	21
4	7	21
3	6	21
1	5	22
2	3	23
6	7	25
8	10	30
9	11	32
7	9	27
8	10	31
7	8	28
9	9	29
7	8	27
5	9	26
5	6	22
6	11	31
3	8	25
2	8	24
3	6	22
2	6	21
4	8	23
6	9	23
1	5	22
9	12	34
13	14	38
4	6	22
5	5	23
3	6	21
6	9	30
5	10	25
0	12	91
1	5	56
7	11	31
8	10	29
1	4	20
7	7	26
1	4	21
8	15	32
4	8	31
0	24	90
0	8	91
2	6	21
1	1	21
2	8	20
4	5	23
2	7	20
4	7	21
7	8	30
9	10	35
9	8	32
6	9	27
6	7	27
7	10	32
10	13	34
5	9	26
5	7	23
6	8	26
2	7	23
2	6	21
4	9	26
4	9	27
3	6	26
4	8	25
3	7	24
4	6	23
1	4	24
3	7	24
9	15	36
7	10	31
4	7	21
6	9	31
6	11	27
2	7	22
6	8	26
2	7	22
2	5	21
3	7	23
6	6	27
2	7	23
1	7	22
2	6	21
1	4	21
3	6	20
5	9	25
5	10	26
1	5	21
1	3	22
3	8	21
3	8	24
2	6	22
4	11	27
6	7	24
9	10	29
3	6	22
2	7	23
3	8	23
4	8	24
3	8	23
4	7	22
5	10	30
4	12	31
1	5	23
3	6	24
3	8	24
4	8	23
6	8	30
5	8	30
5	10	26
5	9	29
2	9	25
5	7	24
2	4	21
1	3	21
1	5	22
3	6	24
2	5	22
4	8	24
5	6	25
4	8	25
9	11	33
9	11	31
0	19	87
6	9	28
1	4	23
7	11	30
3	9	24
7	7	26
7	7	27
2	7	22
2	6	23
3	6	23
3	5	20
1	8	21
4	7	25
4	10	30
0	5	22
1	4	22
0	3	20
7	12	28
3	7	23
5	11	24
6	8	29
7	8	30
2	7	21
4	7	22
4	6	23
7	7	32
7	8	32
7	7	30
5	8	30
4	8	30
5	8	30
3	5	23
3	4	23
2	5	22
2	5	22
1	5	20
3	7	25
6	12	28
3	6	22
3	7	23
2	5	21
2	5	22
7	8	22
2	6	24
3	5	23
6	8	23
4	6	23
7	13	31
4	11	27
7	10	29
4	5	22
2	6	22
3	6	21
6	8	26
4	4	23
3	8	25
7	7	28
1	2	20
0	2	25
1	0	23
5	11	25
4	7	23
4	8	23
2	6	23
4	8	23
3	6	23
3	5	22
3	5	23
4	8	24
4	7	22
3	7	23
3	7	23
5	8	25
1	5	21
4	8	23
3	6	21
6	9	23
6	10	24
6	10	23
8	9	31
3	6	22
4	6	22
3	5	20
3	5	21
4	6	22
3	7	22
6	8	25
4	8	23
3	10	24
4	8	22
3	6	23
1	4	21
8	9	24
6	10	30
1	3	23
6	8	26
7	9	28
3	7	25
4	7	23
3	7	23
4	7	25
6	11	27
7	8	26
4	9	24
7	8	27
3	5	21
2	6	25
8	13	31
2	6	22
10	12	33
6	8	24
5	9	24
4	5	22
8	15	32
10	12	32
7	9	25
8	11	30
1	3	22
0	4	21
1	3	23
1	4	20
1	3	21
6	8	28
9	15	36
3	7	21
2	7	20
4	8	23
1	10	91
4	7	23
3	11	23
2	6	21
0	4	24
1	4	22
9	6	30
5	11	30
3	5	23
6	9	25
6	10	31
0	3	22
0	3	25
0	4	23
1	5	23
6	10	27
5	8	25
5	10	25
2	8	21
2	5	22
2	4	21
1	6	20
3	8	24
3	7	24
4	9	28
2	4	23
5	9	23
5	8	25
3	6	22
1	14	91
1	2	21
8	8	25
4	7	25
6	10	27
10	14	32
8	13	29
0	11	91
2	8	22
4	8	23
3	7	22
2	6	22
3	7	20
3	6	23
3	6	22
2	4	21
3	7	22
4	6	23
7	10	30
7	9	26
2	4	23
1	6	20
5	10	26
10	13	33
7	8	29
7	8	28
3	5	24
3	5	20
8	10	28
2	7	21
2	6	23
5	13	31
5	9	25
6	8	26
7	10	29
4	8	22
4	7	23
4	7	22
9	13	33
9	12	33
5	9	25
5	10	24
6	9	23
6	8	27
5	9	30
2	7	21
8	13	30
5	5	24
6	8	24
4	7	24
5	6	23
4	8	23
4	9	24
3	9	24
6	8	25
5	7	26
3	7	22
3	7	24
4	8	25
3	7	23
8	6	30
9	15	35
10	14	33
7	9	26
7	12	33
2	6	22
3	7	24
5	10	26
5	8	25
7	10	26
4	7	23
2	4	22
2	8	20
9	17	37
10	18	37
12	17	38
12	18	39
13	16	37
10	16	34
5	9	32
7	12	34
6	14	34
6	10	28
7	10	33
6	9	33
7	7	32
6	8	28
7	11	31
6	9	31
4	7	25
1	6	20
9	11	31
5	11	31
3	10	25
4	8	23
4	11	31
5	7	27
2	6	21
11	15	35
7	12	30
2	7	24
9	12	35
1	7	22
1	5	21
4	7	26
4	8	26
7	10	31
4	6	24
4	6	23
4	6	24
4	5	23
1	7	25
2	6	22
6	9	26
2	5	20
5	12	32
2	6	20
4	7	24
4	7	22
4	4	22
4	5	22
5	7	26
6	13	30
8	10	30
7	12	27
5	10	30
0	5	20
3	8	24
4	9	22
3	7	23
2	8	22
7	11	30
7	10	26
4	6	20
2	7	21
3	11	24
5	4	26
3	8	22
4	11	27
2	5	22
2	5	21
3	4	21
2	5	21
3	5	22
5	8	26
5	12	30
4	8	25
5	9	26
6	9	26
6	10	27
2	8	24
3	5	23
7	8	27
6	8	25
6	9	25
4	4	24
10	14	36
4	4	23
5	9	24
3	5	24
1	4	24
5	10	26
4	8	25
2	7	26
2	8	25
4	10	30
4	6	23
4	8	26
3	6	23
6	6	25
3	8	24
2	6	22
3	6	22
2	6	21
1	2	22
1	4	23
1	3	22
2	4	21
3	7	22
5	10	32
5	8	27
0	14	89
2	7	23
2	7	23
5	8	24
4	8	22
4	6	22
7	12	31
9	12	31
7	10	26
2	5	21
4	6	25
1	8	85
0	8	85
4	8	30
5	8	30
6	12	28
3	10	23
9	11	32
7	10	30
3	6	22
4	9	25
9	13	31
0	8	91
4	6	22
4	7	21
5	9	24
4	8	22
6	8	27
7	11	30
4	6	24
4	7	25
4	7	24
1	3	21
1	6	20
3	7	22
4	8	24
5	7	24
9	15	37
5	8	28
2	5	24
2	5	22
2	5	21
3	6	25
3	5	24
2	5	23
6	12	25
4	7	23
4	8	22
8	10	33
6	12	31
7	11	32
4	8	25
5	11	30
4	8	25
3	9	24
4	6	23
4	8	22
3	10	24
4	8	23
4	7	24
4	6	23
2	5	23
6	10	34
8	8	31
0	13	90
0	13	90
7	12	32
3	6	24
9	11	32
9	11	28
8	11	31
10	12	34
9	12	31
10	12	33
10	13	32
3	7	25
3	9	28
4	8	25
4	6	25
3	6	25
4	6	21
4	6	21
7	9	26
5	8	29
4	7	23
3	7	22
4	6	23
3	5	23
10	13	32
9	15	30
8	13	30
9	9	32
0	12	91
1	7	21
5	6	25
2	2	23
2	2	23
4	5	23
3	7	24
4	11	27
4	9	27
6	9	28
8	9	26
6	9	25
4	8	24
4	6	22
4	7	22
3	6	21
6	9	30
3	5	23
0	5	71
0	5	71
3	5	22
6	8	26
3	7	21
2	10	25
2	5	22
4	11	26
6	8	25
2	8	23
3	8	22
4	7	21
4	7	22
5	12	30
3	13	31
4	6	25
4	6	22
9	13	32
2	6	21
2	7	22
6	11	30
9	12	33
4	8	23
2	5	22
5	6	24
0	6	90
10	11	39
10	12	34
12	13	35
12	11	39
14	12	40
9	10	37
0	11	91
0	10	91
0	16	88
6	8	24
6	9	25
3	7	22
2	3	23
3	7	22
4	9	25
4	6	25
3	6	24
4	8	24
3	7	22
3	9	24
4	9	30
4	7	24
5	7	22
1	2	21
3	6	23
0	9	86
4	6	23
2	6	21
2	4	21
5	10	25
2	4	21
0	3	22
1	4	22
2	2	23
0	4	21
8	8	33
0	11	90
5	7	22
1	3	21
11	14	36
3	4	24
6	36	90
5	10	25
5	9	24
1	3	21
3	7	24
4	6	24
3	8	21
6	9	28
5	7	24
3	6	24
4	9	24
6	13	30
6	11	28
6	12	27
6	11	26
5	11	25
5	9	24
5	8	24
4	8	24
4	7	21
4	7	22
5	8	27
4	3	24
2	6	20
5	10	26
3	9	22
2	6	23
6	4	26
7	5	25
0	7	91
5	6	26
6	7	30
6	8	27
6	7	24
3	6	21
2	6	21
2	5	20
5	14	30
4	9	25
4	6	28
2	6	26
2	6	21
3	8	24
7	9	27
5	4	25
10	9	32
4	8	23
2	4	21
4	8	24
4	9	24
2	6	21
9	13	35
7	13	30
5	9	27
3	5	22
3	10	25
11	10	34
9	11	36
8	10	32
0	14	90
2	18	79
2	6	21
3	8	26
3	7	25
3	6	24
3	6	25
3	6	24
1	3	21
6	6	22
9	12	32
3	6	30
4	6	25
0	2	23
0	3	25
1	26	90
0	4	91
0	7	90
4	6	23
6	6	24
0	10	88
0	11	91
3	7	25
0	9	91
2	5	23
2	9	25
2	5	21
7	13	34
1	4	22
1	3	21
0	3	20
5	7	25
3	5	24
2	4	21
3	4	20
2	5	22
9	13	32
7	8	25
2	6	22
3	10	23
3	7	21
0	16	90
8	38	91
6	5	25
2	6	21
5	10	28
4	6	23
1	4	21
2	3	20
5	5	26
0	20	91
3	8	22
7	10	28
3	6	23
5	10	27
5	7	25
0	2	21
0	2	22
1	3	22
3	4	23
5	7	25
5	8	24
5	7	23
1	6	21
2	5	22
2	6	20
3	5	23
3	6	22
3	7	23
3	8	24
3	6	21
1	5	20
9	12	32
6	10	26
8	10	30
9	11	30
11	14	34
8	12	28
1	5	20
6	9	35
2	7	21
4	14	31
3	8	24
3	6	22
1	9	23
6	9	32
5	8	30
5	8	26
3	7	24
1	8	23
3	6	25
3	6	23
3	6	23
2	5	21
2	4	20
3	12	30
5	11	30
3	9	30
4	10	28
5	9	30
3	8	26
6	7	26
5	10	30
6	10	30
5	9	25
2	7	22
4	-1	91
0	8	89
3	6	20
5	7	25
6	8	24
6	9	24
5	9	27
3	8	24
3	9	23
5	5	23
4	8	24
6	9	24
7	7	24
2	6	22
6	7	24
6	7	23
2	4	22
2	5	23
2	6	22
3	5	21
2	7	22
2	7	22
2	7	21
7	10	27
5	7	23
10	14	32
4	7	27
3	8	22
3	30	91
5	-1	91
7	31	91
6	9	24
5	7	24
0	23	90
2	6	21
3	5	24
3	6	21
6	10	27
3	12	25
6	11	27
7	8	26
6	9	26
4	9	23
3	9	26
4	8	27
3	8	23
4	9	27
3	8	23
3	8	24
4	7	23
4	8	26
4	7	25
4	8	24
7	11	30
1	7	21
1	6	20
5	8	24
6	7	27
2	4	21
3	5	22
2	8	21
3	4	21
4	8	23
8	11	33
1	2	20
0	23	90
5	10	27
2	4	21
2	6	22
1	5	20
2	6	23
4	8	26
3	7	24
0	5	21
5	8	27
4	7	23
1	3	20
4	9	22
4	6	21
5	9	27
7	9	26
3	5	24
2	7	23
0	5	23
0	4	22
1	4	20
4	7	24
3	9	23
5	7	24
4	7	25
2	6	21
4	6	23
3	6	23
4	8	25
3	8	22
4	12	24
0	7	91
0	5	91
0	7	91
2	5	21
2	5	21
3	6	22
1	2	20
0	12	89
0	11	90
7	9	32
2	4	20
5	10	28
3	8	22
4	8	30
4	10	25
4	6	23
5	8	25
6	13	30
6	11	26
3	5	21
4	6	24
5	7	24
1	6	21
1	8	23
3	9	26
3	7	25
3	4	21
4	7	31
3	7	22
10	9	32
0	2	21
6	8	32
7	10	32
7	9	33
2	6	20
5	10	30
3	7	24
3	8	26
6	9	26
6	7	28
7	6	30
5	9	28
0	2	39
5	7	24
7	9	27
2	6	21
7	11	27
3	6	22
7	12	31
1	10	91
0	8	89
0	14	90
0	12	90
6	9	30
3	8	22
6	9	27
7	8	26
2	5	24
2	9	24
1	9	24
3	4	21
0	3	20
2	4	21
3	4	25
1	13	90
0	9	91
7	8	27
8	9	32
1	11	90
0	-1	91
12	14	35
0	15	91
0	8	91
1	4	21
1	4	21
1	5	23
5	8	24
0	4	21
2	11	91
2	9	91
0	6	91
7	12	26
5	8	29
2	3	20
3	3	21
3	7	27
22	23	73
1	4	23
6	11	30
5	7	30
2	5	24
2	3	20
4	8	24
3	4	23
5	7	24
2	5	21
3	8	27
1	3	21
0	14	90
0	2	74
0	1	74
5	3	27
3	5	21
2	6	22
6	10	31
3	7	22
4	7	24
1	5	73
10	12	31
7	10	26
1	3	23
0	3	91
0	5	90
2	5	24
6	8	25
9	12	34
5	8	25
5	8	27
8	9	28
2	6	20
8	10	28
8	11	27
10	12	35
4	6	24
1	5	20
3	10	25
2	7	22
2	6	20
2	8	23
1	4	22
4	6	23
6	10	31
2	6	20
5	7	25
0	11	91
0	12	89
7	14	30
1	4	22
1	5	22
2	5	21
5	10	27
4	9	24
5	8	22
5	7	24
1	5	21
1	5	23
1	7	22
7	10	26
6	10	27
9	12	30
6	9	26
7	6	33
3	5	23
2	7	20
2	11	24
1	5	22
8	10	32
2	8	23
4	7	25
4	7	25
1	9	24
3	5	22
3	5	21
2	7	22
4	8	26
6	9	23
8	9	31
3	6	23
2	6	21
0	2	21
0	2	20
4	7	24
7	9	26
4	9	22
9	12	35
8	10	30
4	7	23
3	9	25
1	4	21
5	8	30
5	8	24
5	11	26
3	4	24
2	3	21
5	4	23
4	5	23
5	3	30
4	10	26
5	8	25
5	9	24
6	11	31
3	6	23
5	7	24
4	9	26
5	10	27
6	10	34
5	8	26
7	8	31
4	7	26
0	12	88
0	12	90
8	10	31
8	11	31
8	10	29
3	6	26
3	8	23
6	11	26
4	8	24
5	5	24
2	6	22
6	6	26
2	5	22
4	8	25
5	27	90
7	10	31
2	7	21
4	9	24
3	4	46
4	8	30
4	8	26
3	7	26
7	10	27
7	9	27
8	9	27
4	7	23
5	7	26
5	7	25
7	13	31
6	13	31
1	2	23
3	9	23
6	9	30
4	6	22
7	13	29
4	7	24
4	6	23
5	7	27
1	2	20
0	10	91
0	-1	90
9	11	34
1	5	20
9	11	33
2	5	20
2	5	21
1	4	20
5	12	32
9	13	34
1	2	23
6	9	25
6	10	27
4	12	30
7	10	28
2	8	23
1	3	22
6	17	36
0	16	91
0	15	91
8	9	31
7	12	33
3	7	21
2	7	21
6	12	32
7	9	32
4	7	23
6	8	23
1	6	23
2	5	23
4	7	26
3	5	22
3	5	21
4	8	23
4	7	24
4	8	23
3	7	21
2	6	22
2	5	22
3	6	21
2	6	20
2	6	21
7	13	34
2	6	20
10	12	34
5	10	25
4	10	24
3	8	24
3	7	24
5	9	27
5	10	25
4	8	22
8	10	30
5	12	27
4	9	22
3	5	23
4	6	23
8	11	31
8	9	30
8	10	29
6	8	25
6	7	27
2	6	21
7	8	24
7	11	32
8	11	30
4	8	24
4	7	23
3	8	24
3	7	22
3	8	23
4	10	25
7	10	32
3	8	25
2	7	22
3	6	21
1	6	22
1	5	21
10	10	37
4	10	25
5	9	27
6	13	32
6	7	28
7	11	28
5	12	26
4	6	21
7	10	30
8	13	32
2	9	23
14	18	51
8	10	32
9	10	32
3	6	23
8	10	28
9	9	30
8	10	30
5	11	24
7	8	25
5	9	24
8	8	28
4	5	23
4	7	23
5	9	24
7	8	26
3	9	26
7	7	26
7	8	25
5	6	23
3	3	23
0	4	22
7	9	28
4	6	30
3	5	21
1	4	20
3	5	22
10	12	39
7	10	27
4	6	23
1	4	20
4	5	21
2	7	21
3	6	22
2	6	21
8	11	29
9	12	29
10	13	33
10	11	32
4	5	27
4	4	26
6	4	26
6	4	26
6	6	24
4	6	26
5	5	25
4	5	24
4	6	23
2	5	23
5	7	24
3	8	21
2	8	23
1	6	21
1	6	22
6	7	25
4	9	24
3	8	24
3	8	23
4	7	23
3	6	21
4	9	26
0	4	91
1	10	90
6	8	24
0	17	90
0	13	90
4	8	21
4	9	23
5	9	24
4	8	22
4	7	23
3	7	23
4	6	24
3	6	22
2	7	21
4	6	26
2	6	24
2	7	23
2	6	22
2	6	23
6	8	28
5	9	27
3	5	25
5	10	30
3	6	23
3	8	24
6	9	27
5	10	30
4	7	22
3	5	22
5	10	26
6	8	25
2	5	21
2	7	22
4	9	30
3	8	22
0	2	22
3	9	23
4	8	25
4	7	23
4	7	24
6	10	25
5	9	27
5	10	27
4	8	24
4	8	33
9	14	33
8	13	30
9	13	31
7	11	26
11	15	33
10	14	34
8	11	26
11	12	30
10	13	35
10	12	32
9	11	30
3	5	23
4	6	23
3	5	24
2	4	23
6	10	31
6	12	30
0	4	23
0	6	22
0	3	21
5	7	21
3	7	23
3	7	24
3	9	24
1	9	22
2	5	21
3	6	21
1	4	22
1	3	21
4	6	24
3	7	23
3	8	27
3	7	24
3	6	23
3	7	22
2	6	21
2	7	20
5	8	26
7	9	31
3	4	21
2	6	21
4	6	25
4	5	25
4	7	25
2	5	23
0	4	21
6	8	27
4	7	21
0	2	21
0	2	20
9	16	38
3	5	21
3	6	24
4	6	22
7	9	34
2	7	24
3	6	22
4	7	23
7	11	30
8	7	28
3	10	27
6	11	27
2	7	21
6	14	31
4	9	29
3	4	22
1	6	21
0	15	90
0	12	90
6	8	32
4	7	22
7	10	34
7	8	26
2	4	21
5	8	24
1	9	90
5	8	25
7	7	27
3	5	24
4	6	22
6	10	28
6	10	30
0	9	63
3	9	23
6	6	24
3	3	22
5	8	24
5	9	25
5	7	25
3	6	25
3	8	23
2	9	22
2	7	21
3	8	22
2	7	23
1	4	21
3	7	22
2	4	22
4	6	23
2	5	22
2	6	20
1	3	21
3	6	24
3	4	23
0	10	91
2	7	22
2	6	20
2	6	21
2	6	20
3	6	24
2	5	21
1	5	90
3	7	23
3	6	24
3	11	27
3	7	24
3	7	23
1	5	20
2	5	21
1	23	91
2	4	22
1	7	23
3	8	22
6	8	26
3	5	23
3	7	23
4	-1	90
3	5	22
3	6	23
4	5	22
3	4	21
8	10	31
1	16	91
0	15	89
7	9	26
0	12	90
6	11	29
6	14	27
3	5	21
0	6	91
2	5	22
5	13	28
3	4	23
2	9	24
0	10	91
0	8	90
5	11	30
0	5	21
2	6	21
9	12	31
4	9	25
2	4	21
8	6	26
6	8	24
5	6	24
1	10	91
2	5	24
1	3	22
3	6	21
4	7	26
4	7	25
4	7	24
5	8	27
3	7	22
5	9	30
6	8	30
4	10	37
4	7	24
4	7	23
6	9	28
10	8	32
4	4	22
7	9	29
7	7	29
6	7	28
6	7	27
4	7	22
4	9	27
4	8	27
5	7	24
2	4	23
0	15	91
3	5	21
5	9	24
3	4	26
5	8	33
0	2	22
6	9	30
4	6	24
4	6	24
3	6	24
4	6	23
6	11	33
1	2	21
3	8	21
1	3	21
2	8	23
3	10	25
2	3	22
0	8	91
3	7	22
2	6	22
3	7	21
3	7	21
2	5	21
1	36	90
7	7	24
3	7	25
3	8	26
2	6	22
3	7	23
2	6	22
3	8	25
4	8	26
2	8	26
4	11	32
5	8	27
4	9	26
3	8	27
7	11	29
5	10	26
4	9	24
1	-1	91
0	9	90
0	9	89
2	6	24
3	7	24
7	9	31
0	13	90
0	14	91
3	8	22
3	7	21
4	8	24
3	8	23
2	7	22
2	7	21
1	8	23
3	6	24
4	6	25
8	11	30
5	11	31
9	12	28
0	-1	91
1	13	91
4	9	27
3	7	23
4	8	23
5	10	26
6	9	31
7	11	30
8	10	26
4	9	24
6	14	32
5	8	24
5	7	28
3	6	21
2	5	22
2	5	21
0	3	21
8	9	29
2	4	21
5	11	30
3	9	23
3	8	23
2	9	23
4	10	24
1	6	23
0	5	24
1	5	23
3	6	21
2	10	22
1	7	23
5	10	26
4	7	24
3	6	21
7	11	32
4	7	22
2	8	21
7	12	31
4	11	25
4	9	24
5	11	25
6	9	23
4	9	27
7	11	32
5	6	24
1	7	21
1	8	22
3	6	20
1	5	22
1	4	21
1	4	23
2	22	89
0	8	90
3	6	23
3	6	22
3	5	23
2	3	20
2	4	23
5	7	31
3	7	24
3	8	22
1	9	21
1	8	21
1	3	24
1	4	22
1	3	22
0	16	89
0	9	91
1	3	20
2	6	24
3	4	23
0	6	22
2	4	23
1	3	21
4	7	23
5	7	24
3	5	20
1	4	21
4	6	23
6	10	25
2	3	21
1	-1	91
1	3	24
6	8	24
21	-1	89
2	7	21
0	0	21
1	2	21
8	10	33
0	12	90
7	7	30
5	11	30
3	7	26
2	5	22
2	6	24
2	4	23
5	7	25
0	9	90
1	9	90
5	8	28
5	5	22
5	8	24
3	8	25
4	7	25
5	7	24
6	8	30
3	8	21
3	6	21
4	6	24
1	6	20
1	7	22
1	6	21
3	4	25
1	5	21
6	8	26
0	12	91
4	6	23
4	7	26
3	5	22
12	21	52
6	10	32
2	5	22
2	6	22
5	6	23
3	9	25
2	9	23
6	9	33
6	6	26
5	9	25
0	-1	90
0	-1	90
2	5	23
2	5	21
7	9	30
2	6	22
4	6	23
4	6	26
4	9	24
2	7	21
2	5	23
2	6	22
0	17	90
0	15	91
7	10	29
8	10	33
0	-1	91
3	5	20
0	3	20
0	10	91
0	6	91
4	8	26
0	11	90
0	8	57
3	6	25
3	6	24
4	9	23
3	7	24
3	6	25
2	7	22
3	9	25
5	13	29
3	9	24
1	8	21
0	3	21
4	8	23
4	6	21
4	7	22
6	12	36
3	7	22
5	9	26
2	4	22
3	7	23
5	6	23
6	7	26
5	7	24
2	5	22
2	3	21
3	5	21
6	11	30
3	7	24
5	8	25
7	7	31
0	9	91
5	7	30
6	8	31
5	5	23
15	24	84
4	6	22
2	7	22
4	4	23
5	8	26
1	5	22
3	6	25
1	4	20
2	5	21
6	10	31
8	8	27
8	8	26
0	2	20
8	10	30
6	5	24
3	8	25
3	8	24
2	5	22
6	9	27
3	8	26
4	8	22
2	6	21
0	4	21
0	8	91
0	11	91
2	3	23
3	4	23
1	3	21
3	6	21
4	8	23
2	2	21
2	6	24
3	6	24
1	4	21
0	11	90
1	3	22
9	8	31
1	4	21
8	9	33
3	8	22
5	7	25
2	6	20
1	6	20
4	6	25
6	11	31
6	11	34
4	6	24
7	11	36
7	10	34
3	7	25
5	9	30
4	10	27
4	7	26
3	6	24
6	11	35
4	8	28
5	9	29
4	8	28
5	7	23
2	6	22
6	8	26
3	10	25
1	5	21
5	12	27
3	7	33
7	10	32
4	9	22
6	6	25
4	7	25
4	7	24
3	6	23
2	5	22
3	5	21
3	6	21
3	5	22
3	5	23
7	11	34
2	3	21
2	6	22
4	7	23
2	2	21
2	2	22
2	3	20
5	7	28
0	5	91
0	11	90
5	8	24
3	7	23
1	4	21
5	10	26
4	6	24
5	7	27
4	6	23
0	15	91
10	11	34
8	16	38
9	8	27
8	10	28
0	5	91
2	7	22
3	5	21
0	4	22
3	8	21
2	6	22
6	8	26
1	15	90
3	5	22
1	3	20
8	10	31
3	7	22
4	8	20
3	9	30
4	7	23
2	8	25
4	7	25
3	7	22
6	7	30
3	6	22
0	2	91
0	5	91
3	6	22
8	7	32
0	16	90
3	18	91
0	12	91
0	9	90
4	8	23
3	6	22
2	7	23
0	7	90
9	14	33
3	7	22
2	5	23
1	5	23
5	9	31
0	5	91
2	4	22
5	11	25
7	9	32
3	4	32
2	3	22
4	6	23
9	12	32
8	9	28
6	9	25
5	10	28
4	9	26
4	7	24
3	8	23
2	7	23
3	4	22
3	5	22
0	1	91
2	5	21
3	5	21
1	5	22
3	5	24
2	5	22
4	6	23
4	6	22
7	11	29
1	5	20
3	9	24
3	8	22
2	7	22
5	10	30
2	4	23
3	4	22
2	27	91
3	8	24
3	7	21
3	7	22
3	10	24
4	9	24
3	8	24
4	6	25
5	7	24
5	6	23
4	6	22
0	4	22
8	10	27
6	9	24
4	7	23
0	7	91
0	5	91
2	6	21
3	6	21
2	7	24
1	7	23
6	8	28
2	6	22
4	11	27
3	7	22
6	11	32
0	9	90
0	14	91
4	8	23
4	5	35
3	7	22
1	5	21
1	6	22
5	8	30
5	6	25
3	6	21
3	6	22
0	8	90
0	21	91
1	4	23
5	7	23
3	7	22
3	8	22
3	8	23
2	9	24
3	7	24
9	11	33
7	9	27
6	10	25
1	4	23
5	8	25
3	4	23
2	5	22
4	8	23
4	8	23
2	4	21
0	9	91
0	7	91
4	8	23
4	7	23
4	7	21
3	7	23
4	6	25
5	9	24
0	8	91
0	8	91
5	7	24
1	1	24
4	7	23
5	6	23
2	4	22
9	11	35
1	3	20
0	7	90
3	6	22
5	9	25
6	11	30
1	8	90
3	8	26
5	7	22
4	5	21
3	5	22
4	9	28
5	9	30
5	7	24
8	13	33
6	6	26
2	4	21
3	6	21
2	4	25
1	5	23
0	5	22
2	4	23
3	7	23
2	6	21
3	10	24
1	4	22
7	7	26
7	6	26
8	11	35
0	10	91
0	8	90
2	3	22
4	6	21
2	4	22
1	7	22
0	2	23
0	2	22
0	3	23
0	10	91
0	8	90
5	7	25
5	7	24
4	4	25
5	4	25
7	20	42
3	9	22
1	2	23
0	3	21
5	8	24
5	9	31
2	6	24
4	10	29
1	15	91
4	10	26
3	10	26
4	8	26
4	7	25
2	6	20
4	6	22
4	6	21
3	4	22
0	9	91
6	7	25
0	1	23
1	5	22
0	1	25
0	0	21
0	1	21
2	5	21
9	8	33
8	8	32
9	9	33
3	25	91
6	8	27
7	9	28
5	10	29
0	7	68
1	3	20
6	11	31
7	8	30
0	17	91
0	17	90
2	5	21
3	7	21
3	8	22
4	8	25
3	7	23
7	8	29
4	5	21
4	7	24
0	3	22
0	3	21
4	9	23
2	6	22
1	4	21
1	5	20
4	6	22
3	7	23
0	8	89
1	22	91
7	9	29
6	9	32
7	8	30
9	11	34
5	8	27
7	9	31
6	9	30
4	9	26
3	7	27
6	10	27
4	8	25
4	5	23
3	8	26
5	9	30
0	3	26
4	6	23
4	5	21
7	9	25
1	8	91
3	6	22
5	8	25
0	12	91
0	14	89
4	4	23
9	12	32
6	8	26
7	10	28
3	5	25
2	6	21
0	11	91
0	18	90
2	7	23
6	3	25
0	13	91
0	4	91
3	7	28
4	6	23
4	9	27
7	8	28
2	5	21
7	9	26
4	9	29
3	8	22
0	11	91
0	15	91
4	6	22
7	10	32
6	4	31
3	3	26
2	8	32
0	3	21
4	6	27
2	5	22
3	6	24
7	8	25
7	10	28
7	10	28
9	9	28
7	9	32
3	4	23
6	7	26
6	9	33
6	9	33
1	2	21
3	4	23
3	7	23
4	8	25
4	9	29
6	8	31
4	5	23
3	6	25
6	8	30
3	6	25
5	7	26
3	5	25
5	10	28
6	11	32
7	9	27
5	8	26
4	8	24
4	8	26
2	6	22
2	6	23
6	5	29
9	13	35
2	5	21
0	-1	90
3	6	22
3	6	24
0	6	89
2	3	20
5	8	25
3	2	22
4	7	23
2	5	22
2	5	22
2	3	22
5	8	26
2	5	21
3	5	22
2	6	24
4	7	24
3	8	23
1	6	21
0	13	91
0	13	90
0	2	21
3	6	22
0	4	22
0	12	91
2	5	23
0	3	22
0	6	87
3	6	23
5	7	24
6	7	27
5	7	26
3	4	20
0	9	91
0	3	20
4	7	24
7	6	28
11	31	90
1	6	21
2	4	21
2	3	24
8	10	32
7	9	30
4	13	91
4	9	30
2	4	25
0	5	23
3	9	25
7	7	29
7	7	29
0	10	90
2	5	20
0	11	91
0	2	30
1	29	91
5	5	24
5	6	25
0	12	91
0	10	91
3	7	23
0	8	91
4	8	23
1	2	21
3	6	20
0	7	91
0	7	91
3	6	22
1	13	74
2	5	21
0	8	90
4	12	31
2	5	21
1	3	22
2	4	21
5	10	30
1	4	21
0	10	45
1	6	90
0	8	30
5	8	25
3	5	25
4	9	28
5	5	25
4	5	23
3	7	25
4	7	24
5	38	90
3	6	25
3	7	24
4	9	32
3	6	24
6	8	24
1	5	23
3	5	21
4	3	23
4	4	23
4	8	26
0	9	90
6	7	30
0	3	20
1	5	20
0	9	91
0	9	91
2	4	23
2	3	31
1	12	91
0	-1	89
3	3	22
5	10	27
3	5	21
2	6	25
4	8	22
2	6	22
2	5	21
7	10	31
8	11	30
0	7	90
0	17	91
4	6	24
1	3	20
7	11	31
3	7	21
2	5	21
5	6	23
2	6	21
2	8	23
13	17	40
3	4	22
1	5	22
1	5	22
3	8	28
1	7	20
4	7	27
0	8	90
0	12	91
9	10	25
4	7	23
2	4	26
2	5	21
4	8	23
5	7	22
2	7	21
2	4	24
4	5	25
3	4	22
4	5	25
3	5	23
3	5	24
4	7	22
1	-1	91
0	10	90
0	4	21
0	3	21
9	13	37
4	11	27
0	7	91
0	8	23
3	7	21
0	7	91
6	10	26
5	7	24
5	10	30
5	9	28
4	9	27
5	9	30
5	7	25
4	6	24
6	11	26
6	13	27
3	5	21
5	8	24
6	8	23
0	4	20
10	13	31
9	12	32
8	10	28
8	13	31
7	12	30
6	13	30
7	13	30
2	6	30
1	28	90
4	9	26
4	8	22
2	7	23
1	6	22
1	6	21
0	12	91
0	11	90
3	30	91
6	11	28
1	5	21
3	8	22
3	6	21
6	9	26
1	3	23
2	6	20
1	4	21
1	3	22
4	11	25
2	5	21
4	6	23
3	7	24
2	7	22
2	7	21
2	4	21
1	10	24
2	5	21
2	6	21
5	8	26
11	11	32
9	11	35
2	3	21
4	9	27
0	15	89
0	-1	91
5	6	22
3	5	21
8	13	33
2	6	21
2	7	21
3	6	21
3	6	28
3	8	22
4	7	21
4	8	22
4	8	23
0	3	34
0	6	34
2	30	91
2	4	23
3	4	23
9	9	32
0	11	71
0	11	71
0	5	23
5	10	25
3	5	21
6	7	30
6	8	29
4	8	23
4	10	24
2	6	20
1	2	21
0	7	91
7	9	32
8	11	34
3	6	22
6	8	23
2	5	22
3	6	22
5	7	26
4	6	24
4	7	26
4	7	25
0	2	22
6	8	26
6	8	27
0	9	90
0	16	91
6	5	23
5	7	30
4	4	26
4	7	23
6	8	24
4	7	23
4	7	23
1	5	22
1	3	20
0	17	91
0	8	89
4	6	23
3	5	24
2	6	23
9	9	32
9	9	33
4	8	25
2	7	22
0	5	90
0	4	91
6	8	32
2	4	21
9	11	31
3	6	24
8	9	27
4	6	24
4	5	28
0	8	91
1	9	91
3	4	21
6	9	30
3	4	21
6	7	23
5	8	24
2	6	20
8	9	30
9	11	29
8	11	28
5	7	23
3	7	23
4	8	24
7	8	30
4	11	25
3	4	22
2	4	21
3	8	22
3	5	26
6	6	28
5	7	24
4	8	23
0	9	91
10	7	33
3	3	22
2	4	20
2	5	22
0	8	91
1	4	20
4	7	21
4	7	22
7	9	25
2	5	23
2	5	22
7	11	34
3	5	25
2	6	22
1	7	21
0	5	91
3	3	24
2	4	22
4	4	23
4	4	23
5	7	30
4	8	30
4	5	24
4	5	23
6	8	25
3	4	22
2	7	91
3	4	21
2	4	20
3	8	22
4	7	22
5	7	26
2	5	21
2	4	23
5	10	25
3	7	22
2	5	21
2	6	20
0	2	21
0	8	90
0	10	91
0	17	90
4	6	22
1	5	59
2	10	24
2	7	22
2	7	21
1	4	24
7	7	25
5	7	30
2	3	20
3	7	23
1	5	21
3	5	24
6	7	24
5	8	27
3	7	23
3	5	24
5	5	28
2	3	21
3	10	25
1	4	22
0	11	90
0	12	91
2	5	22
3	7	23
2	6	22
0	10	71
3	22	91
2	6	22
7	10	31
4	9	26
2	6	23
5	7	25
6	6	27
0	7	91
4	10	25
4	4	23
5	5	24
5	5	24
5	5	25
6	6	25
4	9	23
4	11	25
2	6	24
0	2	20
2	7	21
1	4	21
2	5	21
1	-1	91
2	-1	91
2	3	23
0	1	21
3	5	22
4	5	25
1	7	23
0	7	91
4	7	26
4	7	25
5	6	26
2	6	22
3	6	21
0	7	90
0	10	91
2	12	90
2	4	21
4	7	25
5	7	24
2	4	23
12	17	40
12	17	39
11	14	35
11	15	35
12	16	39
13	19	40
1	5	21
4	6	26
4	4	23
0	3	21
1	5	21
1	2	21
0	2	20
0	2	21
0	2	90
0	-1	91
4	8	30
0	11	90
0	7	91
0	8	88
0	11	91
1	2	21
1	4	21
1	3	23
5	9	25
4	8	23
2	6	22
2	7	22
0	13	90
1	10	91
5	6	26
8	10	31
9	11	32
5	7	25
10	11	31
6	11	30
9	15	36
9	14	36
9	13	34
8	14	30
7	11	27
8	10	26
2	6	22
0	4	20
0	7	91
10	9	31
10	9	32
8	8	27
7	6	26
4	9	25
2	5	22
2	7	22
3	8	23
2	8	22
2	7	21
3	8	24
1	3	20
4	8	23
2	34	90
0	11	91
0	8	90
4	5	25
8	11	32
11	12	33
8	9	33
1	-1	79
4	10	30
6	12	31
7	8	25
6	7	25
6	7	26
6	7	25
0	1	21
1	1	23
1	4	21
0	4	21
6	7	25
3	5	22
2	6	20
0	7	91
0	7	91
4	8	27
1	4	22
1	1	22
1	3	20
0	3	21
2	5	21
7	9	27
10	18	38
5	7	22
5	9	29
0	3	33
2	8	23
3	7	23
3	8	23
5	10	30
0	13	89
0	14	91
6	8	28
6	7	25
1	2	22
4	6	26
0	5	22
1	3	20
2	6	20
2	5	24
4	5	23
2	4	21
4	5	22
0	5	90
8	14	34
3	6	25
2	4	23
1	3	20
4	8	23
3	2	23
2	6	23
7	8	35
6	8	30
2	6	21
1	5	20
5	8	30
4	5	26
5	5	27
2	10	26
3	6	20
2	3	22
3	4	23
3	3	21
1	5	23
4	7	24
4	7	25
4	8	25
3	8	22
3	6	22
3	6	22
2	6	21
2	6	24
3	4	22
5	8	23
3	3	23
0	17	90
1	4	21
2	1	23
1	1	21
3	6	23
2	6	22
3	7	23
3	6	22
4	7	22
2	6	22
2	5	21
2	6	23
3	6	23
7	10	27
0	8	91
0	6	90
3	7	21
1	4	22
6	10	25
5	11	30
1	5	21
4	7	26
5	10	31
5	8	25
5	7	24
4	10	27
2	6	21
3	6	22
1	5	23
2	7	21
2	5	22
4	6	24
2	6	20
0	21	90
3	6	22
0	10	91
1	5	21
0	4	23
3	6	21
8	9	28
2	4	22
3	4	21
3	4	23
0	20	91
6	9	30
6	13	29
2	5	21
1	7	20
2	5	22
3	7	22
2	6	21
2	5	20
4	8	23
3	6	22
0	21	91
0	1	21
3	6	22
7	9	31
0	13	90
0	14	91
3	6	20
5	5	22
1	3	23
1	3	21
1	4	23
1	5	22
2	5	24
1	5	23
4	10	27
5	11	27
4	8	25
2	5	22
3	7	21
0	2	33
3	6	22
2	4	22
3	5	23
3	4	22
3	5	24
4	5	24
2	5	21
3	4	21
2	6	21
1	6	22
4	8	22
5	13	30
5	7	22
3	9	23
2	5	22
0	2	22
1	3	21
7	10	30
7	13	30
7	8	32
7	8	24
5	7	26
5	8	24
6	10	28
3	5	22
8	8	30
5	9	27
3	4	23
4	6	25
6	11	30
15	16	46
11	13	32
11	14	38
10	11	37
11	12	36
11	11	35
7	8	29
4	8	22
4	8	21
3	8	21
7	12	27
4	7	23
4	8	24
4	8	24
3	6	21
2	6	21
2	3	22
7	8	30
10	11	35
9	8	36
7	11	31
4	10	26
0	3	20
4	8	26
3	6	21
3	5	22
2	5	21
7	12	32
4	7	26
6	8	26
4	9	26
6	10	31
4	8	25
5	9	24
4	9	24
7	10	32
7	7	25
0	13	90
0	13	91
2	5	22
3	9	26
3	8	25
3	5	22
3	7	23
3	7	24
4	7	24
3	5	24
3	4	22
5	5	22
1	3	22
1	3	20
2	4	23
2	5	20
5	11	30
5	10	27
7	11	25
1	5	20
2	6	22
13	15	38
14	16	41
12	13	34
4	6	22
3	5	23
3	5	22
2	9	23
2	7	23
7	9	27
2	9	23
0	12	91
3	6	23
5	9	24
3	5	22
6	7	26
3	7	24
4	7	24
3	7	24
2	6	23
2	6	23
2	5	21
5	9	25
8	8	27
7	7	25
10	13	30
7	8	27
6	5	30
2	6	23
2	6	22
8	11	32
9	13	33
6	9	26
4	6	23
3	7	24
3	7	23
3	7	22
5	6	22
3	6	21
4	7	23
4	7	22
5	10	27
6	7	27
5	42	91
0	37	90
0	36	90
11	13	36
4	10	27
6	7	27
3	8	22
4	7	23
0	9	91
0	8	91
5	7	31
5	12	27
5	9	27
5	7	25
6	8	24
3	7	25
3	6	24
3	6	23
2	5	22
2	5	21
11	9	35
2	6	24
6	13	32
5	12	30
3	7	24
5	7	25
6	6	27
3	8	25
4	7	24
4	5	23
9	12	31
3	6	23
1	4	22
1	2	21
5	10	30
6	8	30
8	12	32
7	10	28
7	11	29
5	9	25
6	9	27
2	6	22
1	4	20
9	11	29
4	7	24
3	7	23
3	6	22
8	-1	90
0	8	90
2	5	22
3	10	24
4	10	26
3	10	24
3	9	22
3	8	24
6	14	32
3	8	21
7	14	31
3	10	24
4	11	24
5	10	26
4	11	26
0	10	85
3	10	26
4	11	26
4	12	27
3	10	24
6	11	26
7	13	30
7	11	30
2	10	23
1	7	20
6	7	28
3	7	24
4	7	22
7	11	29
9	9	29
8	9	36
1	4	21
3	11	30
3	8	24
0	24	90
5	6	26
0	19	89
0	15	90
6	9	27
5	10	24
5	7	25
4	6	25
2	9	23
2	5	21
0	6	91
0	10	91
4	8	24
2	5	21
3	6	23
3	7	22
2	6	22
6	11	24
6	14	34
6	8	27
8	12	31
4	7	25
5	8	28
6	9	29
5	8	30
3	6	23
4	7	25
7	9	27
1	5	20
4	6	22
3	8	23
3	8	21
4	7	22
6	9	27
6	11	31
3	7	21
6	7	24
6	10	30
4	6	23
3	6	22
6	9	30
4	7	32
7	9	30
9	12	34
11	17	43
3	7	24
6	9	24
6	10	25
5	7	25
2	4	21
1	2	21
10	17	36
3	3	22
1	4	20
1	5	20
2	4	21
0	4	23
2	6	20
5	9	31
0	7	89
4	8	23
1	6	20
0	2	20
3	6	23
2	6	22
2	6	22
2	7	23
1	5	21
7	8	25
8	10	35
6	11	28
2	7	23
4	8	23
4	10	24
1	2	22
2	3	22
1	4	23
1	3	21
5	10	30
9	10	32
3	5	22
5	12	28
0	4	21
9	10	37
1	2	50
5	8	23
3	8	22
4	6	28
2	4	22
0	1	32
5	12	32
4	36	90
4	8	28
8	13	34
7	9	27
8	10	31
7	11	30
1	6	21
2	6	21
7	10	31
6	35	90
7	9	27
8	10	26
4	7	26
9	11	26
8	10	26
2	4	21
6	13	31
7	12	30
6	10	32
6	8	27
9	11	28
3	9	23
7	13	31
3	7	22
3	7	22
0	12	90
0	2	91
6	8	27
12	15	36
6	7	25
10	9	38
8	10	29
4	7	21
3	8	24
1	5	21
4	7	23
1	6	22
5	8	24
3	6	22
8	9	28
3	7	24
2	7	22
1	6	21
5	8	22
4	9	25
8	8	25
3	9	27
2	10	26
3	6	23
2	6	22
3	6	21
7	10	31
3	8	23
3	7	22
2	7	23
3	9	22
3	7	22
4	13	27
7	12	30
12	17	46
9	10	37
3	9	24
2	4	22
1	4	21
8	12	27
2	7	22
3	8	24
4	8	24
3	8	22
3	7	21
9	12	33
6	9	27
4	6	22
2	11	28
2	4	21
1	3	20
3	6	21
5	13	31
6	6	23
6	8	30
5	9	28
5	6	27
5	6	26
4	7	22
1	5	20
3	7	23
3	9	22
4	7	22
7	10	30
4	6	24
9	13	35
7	10	31
8	6	27
1	4	22
3	8	22
1	27	90
7	9	27
8	11	32
4	7	24
3	6	23
3	6	22
5	8	25
5	12	30
3	10	23
7	12	30
5	12	27
4	7	21
4	6	21
6	8	25
9	12	35
2	7	24
9	13	31
1	4	20
7	9	29
7	12	28
3	5	23
0	4	22
4	7	21
2	5	20
4	9	24
6	8	25
2	7	21
4	7	26
6	11	32
1	6	21
0	4	21
6	13	36
3	6	23
2	7	25
3	7	25
3	6	23
6	9	26
4	10	25
3	7	24
2	5	22
3	7	22
8	13	31
8	12	33
7	10	31
5	8	25
3	5	21
9	9	32
6	8	25
0	36	90
8	12	33
9	13	36
7	8	26
4	10	22
1	9	82
1	11	91
5	7	25
1	3	22
2	6	24
1	6	25
1	6	25
1	3	22
9	15	36
4	9	30
3	6	24
3	7	24
4	8	25
4	8	24
4	9	30
1	4	21
8	11	33
0	16	89
0	15	89
4	8	20
1	5	21
3	10	26
3	7	23
7	11	28
3	9	21
3	7	22
5	13	31
7	9	27
6	8	27
1	5	21
2	3	21
6	12	28
9	12	31
8	14	32
9	9	30
5	13	33
2	6	23
3	5	21
3	6	23
3	8	22
3	10	31
2	6	23
3	7	23
4	9	24
7	8	26
8	11	29
3	41	91
7	7	25
9	7	29
4	7	21
2	6	22
3	6	24
0	14	75
6	8	27
6	10	26
5	7	23
4	7	23
4	8	26
2	6	26
8	12	28
3	4	21
8	11	32
2	3	21
9	12	32
7	11	28
7	11	30
7	12	32
8	11	29
0	9	90
0	5	91
8	12	29
7	16	33
7	10	33
8	7	26
5	12	30
4	8	23
0	5	28
2	6	23
5	4	22
4	9	26
4	4	23
5	10	26
3	9	24
3	8	22
5	8	30
4	5	23
3	6	23
2	6	22
4	6	23
4	9	25
0	3	24
4	9	24
10	12	31
2	7	22
5	14	30
2	5	20
4	8	25
4	4	21
4	7	22
3	7	20
0	15	90
1	14	91
7	8	27
3	8	23
3	7	22
5	10	30
5	10	26
5	9	25
7	11	26
7	8	29
6	8	28
7	6	25
10	14	35
7	9	30
7	13	31
7	9	27
8	14	32
2	4	22
7	9	30
2	10	23
2	9	23
4	10	30
8	9	27
1	-1	90
7	12	29
8	12	28
6	10	25
2	8	21
2	6	23
2	8	22
4	6	22
7	11	30
3	9	23
2	6	21
6	9	29
4	7	24
3	8	24
4	8	24
3	8	23
2	6	21
7	10	26
1	8	22
9	14	32
5	8	24
8	13	32
3	7	21
1	4	20
1	5	20
1	4	21
1	5	22
6	6	24
1	5	24
1	3	21
2	5	23
2	3	21
4	8	24
7	8	27
6	12	32
7	11	34
2	10	24
4	9	24
5	12	30
6	12	30
5	11	25
4	9	25
5	10	25
4	6	23
10	12	34
0	3	24
0	3	23
0	2	25
0	2	26
0	3	23
0	2	22
0	3	24
0	3	23
0	3	21
2	6	21
4	9	25
4	10	25
7	11	28
4	5	22
5	14	30
2	7	25
4	9	26
3	7	24
3	6	23
2	6	21
3	8	21
0	2	21
0	3	20
4	7	25
4	8	27
3	6	26
7	7	24
3	6	23
3	7	22
2	5	21
5	8	25
1	3	24
5	12	27
8	11	31
8	9	27
6	8	26
8	10	28
7	10	27
8	10	27
8	10	29
5	10	23
8	9	29
3	11	28
6	8	25
5	8	24
2	7	21
1	6	23
4	6	25
4	7	23
4	10	24
6	10	26
5	9	25
3	9	24
4	8	23
4	8	22
4	7	21
3	8	20
2	4	21
1	5	22
4	6	25
2	4	23
2	7	25
10	12	30
10	16	38
10	14	37
9	12	30
3	4	22
9	11	30
9	9	29
7	12	35
1	6	22
3	6	21
10	9	33
1	5	20
0	6	21
8	9	31
9	9	26
4	7	31
7	9	33
2	7	22
2	7	23
3	6	25
4	6	23
0	4	22
5	8	25
5	10	25
4	10	25
2	5	23
2	3	23
1	3	22
1	5	20
0	2	21
3	7	21
1	5	21
5	6	24
5	8	24
6	9	31
5	9	29
6	9	29
4	9	26
7	8	29
6	8	29
3	7	20
0	27	90
0	25	90
4	10	27
3	7	22
2	7	23
4	8	23
4	8	24
4	8	25
6	11	30
4	9	23
5	10	23
0	7	91
2	6	20
3	4	21
3	4	20
2	5	20
6	11	28
5	9	26
2	5	21
2	7	20
2	7	23
1	2	20
6	13	30
1	6	21
1	5	20
3	4	22
5	7	24
3	6	26
5	7	25
3	6	22
2	6	20
3	7	23
2	5	22
0	10	90
3	8	22
3	8	23
3	9	28
3	4	22
2	3	21
1	5	22
0	4	20
0	5	21
4	10	25
5	9	25
2	5	22
2	5	22
3	5	25
1	4	21
0	4	20
5	8	25
2	6	20
6	11	34
0	28	90
5	7	22
9	12	33
8	11	31
0	1	20
3	9	24
6	14	31
3	8	25
5	5	24
6	8	23
3	6	22
8	12	32
3	8	20
4	9	28
2	5	23
3	7	22
0	12	90
1	3	24
1	3	22
2	5	21
0	13	89
12	14	36
15	17	41
2	4	20
7	9	33
1	7	21
4	7	23
2	4	23
2	7	22
3	8	25
7	8	29
4	7	22
4	4	25
3	6	23
2	5	21
2	4	22
3	5	23
3	3	24
1	11	73
3	8	26
3	6	22
0	0	30
9	12	33
6	9	28
4	6	22
4	7	30
5	7	30
5	9	36
5	8	29
6	10	32
5	9	33
5	10	27
5	8	26
5	8	25
4	6	24
5	8	27
5	8	26
4	7	25
4	7	25
5	9	26
2	4	20
9	12	30
6	9	30
7	9	27
6	9	26
3	6	21
1	4	22
8	7	28
3	7	24
4	7	25
4	7	25
7	9	36
4	9	24
7	8	27
6	6	25
3	4	23
2	4	22
6	7	27
1	9	68
5	7	25
5	30	90
8	40	90
3	6	26
3	6	24
3	6	22
3	6	23
5	8	27
3	6	25
4	7	26
4	5	24
0	3	22
0	5	21
0	4	21
3	8	22
2	7	22
10	12	36
8	11	31
1	5	20
1	5	21
4	7	25
3	6	22
3	6	23
3	7	24
3	8	26
5	9	31
7	13	35
1	3	21
3	6	22
5	8	24
4	8	23
1	16	90
3	5	23
3	5	23
2	4	22
0	12	90
0	18	90
0	5	20
3	5	23
4	8	24
4	7	24
10	11	91
9	12	31
2	4	20
1	4	22
1	4	21
3	6	23
0	6	22
6	12	30
6	9	27
5	10	29
5	9	24
6	9	25
6	6	23
2	5	21
2	5	21
4	9	23
4	6	31
5	12	28
5	10	33
3	9	27
4	8	26
0	9	91
5	8	23
1	7	21
4	10	23
2	9	23
2	23	88
5	7	24
2	7	23
4	8	24
5	8	23
0	38	90
2	40	90
2	36	90
2	38	90
5	36	90
6	8	24
0	10	90
2	3	23
1	4	20
1	5	21
5	7	26
7	10	32
7	8	27
8	9	27
4	10	24
7	8	25
1	5	21
2	6	23
0	11	91
8	11	32
4	9	23
2	8	21
2	7	20
7	8	27
7	10	26
3	4	22
3	6	21
4	7	22
5	11	30
3	8	22
7	11	29
1	3	21
6	8	30
2	5	22
8	14	34
10	14	35
24	-1	81
13	16	41
12	15	41
20	-1	71
16	19	53
13	18	45
13	18	50
14	15	43
12	15	39
11	12	36
15	20	53
10	13	33
12	13	38
10	12	34
9	13	37
27	34	91
12	13	35
11	12	34
8	12	32
28	34	91
27	34	90
28	33	91
13	14	42
13	14	39
28	32	91
28	31	90
21	21	63
26	30	88
9	10	30
13	14	41
12	12	36
12	12	35
15	14	44
10	12	34
10	10	33
13	14	44
11	12	34
13	15	45
10	12	40
11	12	39
15	18	55
12	12	41
11	12	39
2	6	21
2	8	22
5	8	23
4	8	27
3	7	23
9	9	29
11	14	34
10	13	32
10	14	35
2	8	23
2	6	21
5	13	32
1	5	22
7	14	37
2	5	25
2	4	22
2	4	21
6	10	30
10	13	38
5	12	25
4	6	26
0	17	89
0	13	91
4	8	24
6	8	32
4	8	27
3	8	23
2	4	21
2	7	22
2	6	21
6	8	26
3	9	23
2	5	22
1	7	20
5	6	23
11	12	35
10	12	32
8	11	31
3	4	23
0	56	91
7	10	27
2	5	22
1	4	23
4	7	22
1	3	21
2	5	20
1	2	20
1	4	21
2	4	21
2	5	22
4	6	22
5	12	30
4	7	21
6	8	25
6	7	24
4	7	24
1	3	21
1	4	23
0	5	20
4	9	30
1	5	22
2	7	22
3	8	24
7	7	28
7	9	31
2	7	23
6	7	26
1	9	24
0	17	90
6	11	24
0	8	90
0	6	91
2	7	22
7	10	30
1	-1	91
0	5	91
3	7	24
8	11	33
4	8	24
0	2	90
6	9	30
0	2	20
3	5	21
1	3	21
2	6	23
3	6	21
1	3	21
0	8	91
1	3	22
3	8	24
3	8	22
0	9	90
0	10	91
1	10	91
1	9	90
3	7	24
3	7	22
2	8	23
3	8	22
6	11	26
1	3	21
1	4	21
9	12	31
2	3	22
3	6	22
7	12	32
4	5	22
4	7	23
0	9	91
0	15	91
7	11	25
4	7	27
0	18	91
6	8	30
0	4	22
1	4	22
1	4	23
7	10	30
3	9	28
3	11	27
3	7	24
4	7	26
5	7	26
6	7	27
17	34	88
6	8	25
7	9	27
9	11	33
1	3	21
3	6	23
5	11	25
2	7	21
3	8	23
2	6	23
5	8	26
5	7	24
1	8	23
7	6	26
7	7	27
6	8	26
4	9	30
3	8	24
6	9	24
7	8	25
4	8	30
7	8	23
7	9	27
7	13	36
6	11	27
6	10	26
3	10	25
4	8	24
4	8	23
4	8	28
4	10	30
3	7	23
4	7	23
2	7	22
6	11	30
0	14	90
8	8	27
11	10	38
2	8	23
2	7	22
3	7	23
2	6	23
2	6	21
2	6	21
2	4	21
1	5	20
6	10	31
3	7	23
3	7	24
2	6	22
2	9	26
6	9	29
3	5	21
1	4	22
0	4	20
5	9	27
2	7	22
2	6	21
3	8	23
4	8	25
4	8	21
2	7	22
5	12	29
9	13	32
4	12	25
5	9	22
0	25	90
0	25	90
0	26	90
0	28	90
3	63	91
5	5	24
6	10	32
3	9	26
4	9	26
4	8	25
1	1	22
5	10	27
4	10	28
2	6	24
6	7	30
2	5	20
2	7	21
2	7	22
1	5	24
6	10	31
2	7	21
4	4	24
1	4	23
10	10	31
9	10	35
8	9	31
9	9	30
3	9	22
3	5	22
0	7	91
0	9	91
1	23	89
0	24	91
1	25	91
2	-1	91
3	7	25
3	7	24
3	6	22
3	5	21
3	6	21
3	5	23
3	8	22
0	5	90
3	7	24
4	7	23
5	7	25
5	6	24
5	9	30
4	10	24
3	8	25
3	5	22
5	7	24
4	7	23
4	8	24
2	6	24
1	5	21
2	7	24
2	6	24
2	6	23
2	5	22
2	5	21
3	7	22
3	5	23
6	6	26
4	6	22
1	4	21
2	6	22
5	11	31
2	5	21
2	8	24
2	5	21
2	5	22
5	10	32
2	7	20
1	2	20
2	13	90
6	9	29
4	6	24
0	7	90
3	7	25
2	7	24
2	7	23
2	7	22
2	7	21
2	6	22
3	7	22
4	8	25
3	8	26
2	8	24
4	9	25
5	7	27
2	6	22
3	6	23
2	6	22
8	7	28
6	10	34
7	7	27
8	11	33
7	8	28
6	7	28
4	4	25
2	7	22
2	5	22
2	4	21
6	7	24
4	6	24
3	6	21
3	7	23
2	6	23
4	9	25
1	4	21
4	9	26
3	7	23
3	7	22
6	4	30
2	4	22
3	7	22
6	7	24
1	4	20
4	8	26
4	9	33
9	9	31
5	6	25
0	3	22
3	7	21
0	5	20
5	10	34
4	6	23
0	5	31
4	4	24
4	4	23
9	10	32
8	10	29
3	6	22
3	7	21
1	12	87
5	7	26
6	6	26
7	7	30
7	11	30
5	10	31
4	9	26
5	10	31
4	9	25
3	12	26
4	10	26
3	12	27
3	11	28
4	11	27
3	7	22
7	10	29
9	7	31
5	6	24
2	4	22
2	6	22
0	12	85
2	6	24
3	4	24
1	4	21
18	22	58
0	3	21
3	8	25
5	7	24
0	10	91
0	11	91
2	7	23
5	7	25
5	9	27
6	11	30
11	11	35
2	2	22
5	10	30
5	10	25
3	7	22
3	6	24
2	7	24
2	5	21
2	4	21
3	5	25
1	7	22
1	4	21
0	2	21
0	4	23
1	4	22
1	4	21
0	6	91
0	1	22
0	1	20
2	1	21
2	4	20
0	2	21
1	3	24
1	2	21
0	3	22
2	6	22
3	7	25
5	7	23
0	2	21
0	10	90
0	18	91
7	11	28
9	10	28
4	5	25
3	4	23
2	5	23
2	4	21
2	4	21
2	5	23
3	6	24
0	4	20
1	3	24
5	8	23
7	8	25
3	6	22
1	5	21
2	7	22
5	8	24
4	8	23
5	8	25
6	8	26
5	7	25
6	8	27
5	8	25
7	9	30
0	7	91
5	8	31
2	6	20
2	6	22
7	8	27
6	7	27
4	6	24
3	5	22
3	6	24
1	4	21
1	4	22
1	3	21
0	8	91
3	5	21
0	3	20
5	8	23
5	9	25
6	9	27
5	10	25
8	10	91
3	7	24
3	7	23
5	7	24
2	5	22
2	3	23
4	6	27
3	6	23
4	9	30
3	7	26
5	9	30
4	7	27
5	7	26
2	4	23
2	4	22
7	9	25
6	9	26
2	3	22
7	10	26
4	8	24
5	9	23
8	8	35
7	9	30
3	5	20
1	5	21
5	8	25
0	6	91
6	8	29
5	7	24
4	8	23
4	7	31
4	9	25
3	7	23
2	6	20
3	6	24
3	6	22
9	12	33
2	7	22
2	4	22
2	4	21
6	10	26
6	6	30
4	8	22
0	13	91
7	10	25
3	8	22
4	8	34
3	9	22
2	5	23
3	6	21
0	26	91
5	9	24
8	7	28
5	10	26
4	9	24
4	9	24
3	9	23
3	8	23
4	7	23
3	8	22
2	6	23
1	7	20
5	9	25
4	7	23
3	9	23
2	5	21
3	6	25
5	6	24
1	6	26
4	7	22
6	11	31
5	8	26
6	8	24
5	7	24
5	7	23
3	4	23
4	8	24
3	8	23
2	8	22
2	7	21
27	30	91
4	12	30
5	8	23
6	6	24
5	6	24
7	9	27
3	5	21
5	6	23
5	9	23
3	10	26
5	6	27
2	6	23
3	12	26
6	8	28
2	5	22
2	8	21
5	8	28
6	13	32
5	10	29
7	14	31
6	13	30
4	11	31
2	5	20
4	8	21
5	5	23
7	8	33
6	9	30
5	12	30
6	8	25
5	9	24
3	4	22
4	8	23
8	10	29
5	13	31
5	5	24
1	3	20
2	4	21
2	3	21
3	5	21
3	5	22
7	10	26
5	10	26
4	7	23
2	10	24
4	7	22
2	6	23
2	6	23
2	8	21
2	8	22
7	11	27
5	9	24
3	5	21
3	6	22
6	8	25
9	18	39
8	12	29
2	6	24
2	4	20
4	6	22
1	4	21
4	6	25
5	8	25
5	9	25
5	9	26
7	10	30
6	11	30
7	10	27
7	11	32
4	9	24
6	10	25
5	8	25
4	8	25
2	7	24
3	7	22
3	6	22
3	6	21
6	7	25
4	8	25
7	5	30
7	11	27
8	12	25
7	11	32
6	13	30
0	5	20
11	12	34
4	8	25
4	8	23
5	9	23
3	6	23
10	10	33
4	6	23
6	11	26
7	12	31
6	10	28
9	13	31
3	1	21
4	4	22
2	6	22
7	11	24
7	7	30
4	24	90
5	14	33
7	8	25
5	7	31
5	7	27
5	8	26
4	8	25
2	5	20
3	6	25
3	8	25
3	10	25
3	5	24
5	8	26
5	10	30
6	8	27
3	8	24
4	7	23
3	9	25
2	7	24
2	7	25
2	7	25
4	10	31
5	5	25
6	5	24
3	9	26
3	9	25
4	8	24
4	8	23
3	8	22
5	7	26
5	9	24
3	6	25
6	8	25
8	8	27
3	9	23
0	-1	91
3	5	21
11	11	35
2	7	20
2	6	22
4	6	23
3	5	22
1	6	22
8	14	35
5	12	34
6	8	25
0	5	91
6	7	22
2	8	22
2	5	25
2	7	20
1	9	22
4	6	24
4	7	25
3	7	23
3	3	25
4	6	22
8	13	31
2	5	23
4	9	23
3	10	27
5	11	30
4	10	24
3	9	23
3	5	23
4	4	25
3	9	23
8	9	31
0	3	23
7	12	32
5	6	24
3	7	21
0	12	90
2	5	22
1	8	20
3	6	23
4	8	24
8	12	32
7	11	32
9	10	30
8	12	30
3	6	21
2	6	23
2	4	21
3	5	22
2	7	21
7	10	31
5	12	27
3	5	23
3	8	22
4	6	25
3	4	22
7	6	28
4	6	25
3	5	22
2	5	22
2	4	20
2	7	20
2	9	23
3	8	22
0	1	22
0	0	21
0	1	21
1	2	23
0	3	22
11	38	90
6	6	24
0	4	30
3	8	22
9	12	32
0	4	25
2	7	21
3	6	21
3	7	23
2	6	21
6	10	26
5	10	26
4	9	23
3	7	21
3	9	22
0	8	91
2	4	21
6	9	25
0	33	90
7	14	36
2	6	21
2	8	23
3	6	23
2	6	22
6	7	25
5	10	26
4	8	26
5	12	30
8	14	33
7	9	30
5	9	25
6	10	28
5	13	32
6	8	26
6	9	26
2	5	20
3	5	21
2	-1	90
2	4	21
2	4	21
3	8	24
3	8	25
4	7	24
3	6	24
7	10	25
6	5	24
2	6	23
5	8	23
36	24	90
6	10	31
7	9	30
6	8	30
1	8	23
4	10	25
4	6	23
2	4	21
1	3	21
1	2	20
0	19	32
2	5	23
1	4	22
1	6	22
0	11	91
6	10	31
8	13	31
6	11	32
3	6	21
4	10	29
3	6	24
3	6	22
4	6	23
3	9	24
1	5	20
6	8	23
2	6	23
2	7	22
3	4	21
2	5	21
3	5	22
0	22	91
2	11	24
0	20	90
3	6	25
2	5	23
9	10	33
2	7	23
2	8	22
4	7	22
9	13	33
8	12	27
5	7	23
5	5	24
6	9	34
5	8	27
5	10	28
7	9	31
8	11	33
8	11	31
8	10	32
3	6	22
2	4	22
1	5	31
4	9	25
6	9	30
6	8	25
3	6	20
2	4	22
2	6	20
5	8	23
5	10	24
5	7	23
3	5	20
10	13	33
2	5	21
7	12	33
9	11	30
4	7	24
2	7	21
7	9	26
1	4	21
5	8	23
6	7	33
6	8	27
2	8	22
2	7	21
3	7	22
3	6	22
2	5	21
3	5	21
5	8	24
6	6	27
7	7	27
2	8	22
9	12	30
8	10	27
5	7	26
2	7	21
7	12	32
2	7	21
3	7	22
7	10	30
6	9	29
2	5	23
4	6	25
4	5	22
5	7	24
14	13	35
4	8	22
5	9	21
8	9	31
3	5	22
2	7	24
3	8	23
7	8	26
9	13	32
5	9	26
3	7	22
7	10	30
1	7	22
5	10	30
6	10	26
4	7	25
1	4	25
5	7	23
8	12	31
8	13	30
8	13	30
9	14	30
3	7	23
3	7	22
3	7	21
0	2	41
2	7	22
2	6	23
5	10	23
3	8	25
6	8	27
2	5	22
5	7	24
6	10	31
3	5	20
4	8	23
3	7	24
3	6	23
3	6	21
3	7	21
6	7	31
2	4	20
8	12	30
8	10	30
8	10	28
8	10	28
6	9	25
5	8	24
10	12	35
3	6	24
2	5	23
2	6	22
2	3	22
4	6	26
4	6	21
4	7	21
1	4	20
8	11	31
5	9	27
7	11	33
9	12	35
8	10	30
9	12	32
9	10	32
6	13	30
7	10	26
8	14	33
4	5	24
2	8	23
7	12	34
8	12	34
8	12	31
7	9	28
4	15	32
4	14	30
6	10	27
6	11	31
4	11	26
9	11	30
10	9	28
2	4	21
5	7	25
8	9	30
7	9	25
4	7	22
26	33	78
3	5	23
4	7	26
2	7	23
3	9	26
0	5	21
7	10	26
1	6	22
6	11	30
3	6	21
3	6	22
3	6	22
4	7	24
3	9	24
3	10	24
4	8	24
4	6	22
3	8	23
9	9	26
2	5	22
2	4	21
4	5	25
4	5	24
6	11	27
8	10	30
6	8	25
4	13	26
4	10	24
4	10	24
4	11	25
4	10	26
2	10	26
4	11	26
4	7	24
5	6	23
5	9	25
4	7	24
2	8	23
2	8	23
2	7	23
8	9	30
3	7	21
3	7	24
4	9	24
4	7	23
5	8	24
2	7	21
6	9	26
4	10	30
3	7	23
4	7	24
4	7	23
1	4	22
2	7	23
6	22	91
4	6	25
1	4	21
4	11	27
4	9	26
5	9	26
5	13	31
3	9	24
4	9	26
5	11	30
5	7	23
4	7	23
5	8	25
5	8	24
5	8	25
4	7	25
3	4	22
2	4	21
2	5	21
6	10	25
8	12	30
7	9	24
6	9	25
4	6	22
1	3	23
5	8	24
4	9	21
3	7	22
4	8	21
5	9	28
6	13	30
6	4	24
6	4	23
2	7	24
8	10	32
6	10	28
5	8	24
4	9	25
4	10	26
1	7	20
3	9	23
6	8	25
1	4	20
4	9	22
8	9	29
8	12	31
2	6	22
2	8	22
3	6	22
3	7	21
1	8	20
5	6	25
5	6	24
1	4	23
3	8	24
2	6	24
3	7	24
5	7	24
7	13	27
3	8	22
3	7	25
5	9	24
2	5	21
0	3	21
4	7	22
3	7	22
5	9	24
8	12	32
2	6	22
9	13	34
3	8	23
3	4	22
8	12	27
5	9	24
4	7	23
3	8	24
3	7	22
3	6	21
5	26	91
7	10	26
7	10	28
7	15	32
4	8	24
7	8	25
2	6	22
7	8	31
7	13	32
3	6	21
1	5	21
3	7	22
1	1	22
1	1	22
3	7	22
6	8	32
8	10	31
3	7	23
9	10	29
8	11	30
6	10	26
5	9	24
6	9	27
4	8	23
0	16	91
0	10	91
3	3	22
3	7	23
2	6	21
2	8	21
2	7	23
6	9	28
5	10	33
8	10	34
5	9	32
3	5	21
6	8	31
7	10	32
3	9	28
5	10	32
4	7	27
2	8	31
2	9	26
4	8	23
5	38	91
3	8	25
6	9	25
0	9	90
0	9	86
7	12	30
2	7	25
5	9	26
5	8	24
0	10	91
5	10	25
2	6	22
2	6	22
3	7	22
3	6	21
5	8	26
2	5	23
2	6	23
5	6	25
5	8	25
9	13	32
2	5	22
6	7	26
4	7	25
5	7	27
0	23	91
2	5	23
5	7	25
6	6	25
5	9	24
8	9	30
3	7	24
1	4	21
0	4	21
4	6	22
5	8	26
2	6	25
3	9	25
0	10	90
0	10	91
11	11	35
11	9	33
3	7	20
8	10	25
8	13	31
8	11	33
7	11	28
2	4	21
6	11	32
9	7	31
4	8	24
34	34	89
5	21	90
5	8	25
1	10	25
2	6	21
1	7	21
2	7	22
0	3	22
0	5	21
1	20	91
5	9	25
4	7	24
3	9	23
3	9	21
3	9	22
8	12	30
2	5	23
5	25	91
4	6	23
4	12	27
5	8	24
5	11	31
5	9	24
2	5	21
5	8	25
5	9	24
4	9	24
4	10	23
3	7	25
3	6	23
2	7	23
2	5	23
2	5	20
4	9	24
7	7	27
3	6	21
4	8	22
12	13	38
9	12	35
11	13	39
8	10	31
9	13	32
7	13	33
9	12	35
2	5	21
3	5	22
3	7	24
3	9	21
3	6	22
2	7	20
0	10	91
0	12	90
2	7	20
4	9	24
5	9	30
5	12	31
2	9	24
2	8	25
2	5	21
4	10	24
5	9	25
4	9	23
4	10	24
5	9	25
5	11	25
3	11	27
5	10	30
2	6	21
6	8	27
3	10	23
4	9	23
2	6	21
2	6	24
9	11	31
1	4	22
4	4	23
5	10	26
0	10	91
11	15	36
10	10	33
3	6	23
4	6	23
0	6	21
1	6	24
1	6	21
3	6	22
4	7	24
3	8	24
7	8	26
4	8	24
4	10	25
7	11	30
0	7	91
0	3	22
0	7	91
8	10	32
8	12	32
6	10	32
1	9	24
3	5	24
8	12	30
4	6	23
3	7	24
3	4	22
3	6	23
0	15	91
0	16	91
3	7	21
8	10	28
2	8	21
5	11	25
5	10	24
3	9	23
2	7	21
2	7	20
5	8	26
5	7	24
9	12	34
3	8	23
3	6	21
4	8	25
2	5	23
2	6	21
2	6	22
3	8	21
6	12	30
6	11	33
4	6	22
4	6	23
3	8	22
3	7	22
4	7	23
9	13	29
2	7	22
2	10	24
1	6	21
4	6	24
5	11	28
4	6	32
6	10	30
4	7	22
2	7	22
6	12	31
1	4	20
2	7	21
3	6	23
8	9	27
7	9	25
5	7	28
3	9	25
5	9	25
5	8	25
4	7	23
5	9	30
7	11	27
4	7	23
4	7	21
3	6	22
6	9	27
8	8	30
6	5	22
3	6	25
2	6	23
3	7	23
3	7	22
3	7	23
0	3	22
1	3	22
2	3	23
6	7	30
2	6	22
3	6	23
2	9	24
5	12	24
4	9	30
3	9	23
10	12	32
3	7	25
6	9	30
5	8	30
6	12	30
4	12	31
4	10	25
7	11	32
4	10	24
5	10	25
4	8	24
2	6	21
6	10	34
3	10	23
2	9	24
2	8	22
7	12	28
2	7	21
2	7	21
5	7	24
7	5	31
5	8	25
1	4	20
3	7	25
2	5	20
7	14	33
1	5	23
1	4	22
2	7	22
5	8	25
5	8	24
3	9	24
7	11	32
7	11	27
6	13	32
2	4	21
6	9	25
7	8	25
6	8	23
6	8	28
3	10	26
3	9	24
4	8	23
3	6	24
3	7	26
3	8	26
6	10	34
5	7	26
3	7	23
4	8	24
2	8	22
3	5	22
1	7	21
5	7	24
4	6	23
7	10	30
4	8	24
9	11	33
11	17	36
8	11	31
7	9	27
5	10	26
3	9	25
2	7	22
8	10	30
7	13	30
6	9	29
2	6	22
2	8	24
10	11	37
2	5	20
3	8	23
1	4	20
0	4	21
8	12	28
7	11	27
7	9	26
6	10	26
4	10	23
0	7	57
5	10	25
6	9	25
2	3	21
0	21	90
5	11	25
5	11	24
1	4	22
3	6	22
8	13	31
3	8	22
9	9	32
4	9	23
2	5	20
7	8	26
5	8	25
1	3	22
3	12	31
5	12	32
2	6	23
9	12	30
2	4	23
1	5	21
3	8	22
4	8	21
4	8	23
4	8	25
4	8	25
4	7	22
4	7	23
3	7	24
2	6	22
5	8	24
9	12	29
7	9	28
6	8	25
7	9	28
5	10	31
5	9	26
8	10	26
8	11	31
5	8	26
6	8	25
7	9	29
7	8	23
5	7	22
6	8	25
6	8	24
4	6	24
6	8	26
6	7	24
0	12	90
3	8	24
5	9	24
3	11	32
7	8	27
4	5	21
3	6	22
1	6	22
6	9	25
6	8	24
6	7	26
1	9	22
10	12	34
9	12	33
3	6	22
2	6	21
7	4	26
3	6	20
2	5	21
2	3	30
2	4	24
2	4	23
2	4	21
1	4	21
0	12	91
0	11	90
1	18	66
5	10	24
4	10	24
3	9	24
3	8	24
3	7	23
3	7	23
6	7	22
0	-1	91
8	8	27
4	7	24
3	40	90
2	9	25
3	7	24
2	6	22
1	7	24
3	9	24
4	7	22
6	8	26
6	8	25
4	8	24
11	12	35
11	13	32
4	9	24
3	8	22
3	8	23
3	7	22
2	6	21
4	9	24
4	10	24
4	9	25
4	9	24
4	9	23
6	8	28
4	8	24
3	8	23
2	7	22
5	12	32
5	9	23
9	10	26
5	8	22
4	9	25
4	8	23
4	9	23
5	7	25
5	8	24
2	7	23
4	7	22
6	11	30
4	7	22
1	4	21
4	7	21
5	6	21
6	10	28
8	13	33
7	10	27
1	5	22
0	2	54
7	9	28
2	6	22
5	10	26
6	8	24
5	8	23
4	9	26
5	9	25
4	6	24
4	4	23
9	8	31
9	8	33
4	6	25
3	5	22
6	8	27
2	6	23
0	6	91
8	12	32
8	13	30
4	7	24
3	11	91
6	8	30
5	9	28
4	5	23
4	7	25
7	9	33
6	8	25
6	8	25
7	9	28
7	8	28
7	9	29
8	8	31
6	10	31
5	8	25
3	8	25
3	7	24
3	8	27
2	8	23
2	7	21
3	7	23
4	7	25
3	6	22
2	5	20
4	11	24
2	7	23
2	8	25
2	6	23
5	8	24
3	7	24
4	7	24
4	8	22
5	8	23
3	6	21
3	7	21
4	8	22
0	8	91
0	1	91
0	0	91
0	1	90
0	0	91
0	1	90
0	2	91
4	9	25
2	5	22
7	10	28
1	3	20
1	4	21
8	11	30
6	14	30
2	7	21
6	6	25
3	7	22
7	8	26
7	10	28
7	10	27
9	11	35
9	10	30
9	10	31
8	10	31
0	8	90
0	8	91
4	7	22
1	4	21
4	7	21
2	5	21
4	8	23
2	6	23
4	9	26
3	8	24
3	8	23
2	7	23
3	6	23
2	3	20
5	5	27
3	11	30
5	9	33
7	11	30
4	6	23
1	-1	90
10	17	38
5	7	28
5	5	24
3	11	28
1	3	20
4	12	26
4	11	28
2	14	26
4	8	24
5	9	22
1	1	23
2	6	25
7	10	29
4	6	25
3	9	24
5	6	24
7	13	31
4	6	23
5	8	24
6	9	26
3	6	24
3	7	22
8	10	34
3	8	23
4	7	24
2	4	22
0	5	20
4	8	22
6	12	27
2	7	23
2	9	23
1	2	22
3	4	23
2	6	22
7	10	26
6	12	32
4	7	23
2	7	21
8	13	36
4	8	22
0	3	20
0	4	21
0	4	22
3	6	23
0	7	90
0	5	91
3	6	24
2	5	23
2	4	21
2	4	22
4	8	23
1	6	22
11	10	29
6	5	27
4	5	27
5	5	26
4	9	26
6	6	25
4	6	24
7	11	31
2	3	23
3	6	22
1	7	20
3	6	27
4	4	30
5	8	23
6	9	30
3	8	22
1	5	21
3	7	24
3	7	23
4	8	23
3	7	22
0	4	21
4	6	23
2	7	22
4	10	23
7	4	26
7	8	26
6	9	30
1	3	22
0	1	20
3	7	22
3	5	24
4	5	24
4	6	24
2	7	24
2	5	23
2	5	23
4	10	27
4	7	24
2	6	22
4	7	23
3	8	22
2	7	21
2	3	25
1	4	24
2	6	22
5	8	26
4	9	25
7	8	24
5	6	25
3	6	22
0	3	24
0	3	23
0	4	24
1	5	20
0	4	20
3	6	21
6	9	32
6	10	26
10	11	33
0	20	91
1	3	21
1	2	21
0	5	20
8	7	25
5	7	24
6	6	25
4	6	25
6	9	28
10	10	36
3	10	30
2	5	22
3	5	22
4	8	21
1	12	25
3	7	22
9	14	34
9	14	36
6	10	27
2	6	22
8	9	28
4	4	21
4	5	22
3	6	23
2	5	23
4	7	22
6	6	26
7	6	27
3	5	23
9	10	33
8	10	32
8	9	32
8	10	28
6	8	26
6	8	26
5	7	22
3	6	24
3	6	24
4	14	32
4	8	23
3	7	22
7	9	31
9	11	31
7	10	30
5	11	25
2	4	21
2	6	21
3	7	24
3	6	23
7	10	30
5	7	24
2	6	22
6	8	25
6	10	30
5	7	25
2	6	22
9	10	37
11	9	34
9	9	35
8	9	28
6	14	33
7	14	33
8	12	33
7	14	32
6	12	28
10	13	32
8	13	32
7	11	29
6	9	26
6	9	26
2	5	21
6	10	27
8	11	30
2	6	21
3	5	22
6	5	32
3	4	24
7	10	28
8	12	33
8	11	29
8	12	34
7	9	26
3	5	23
5	8	24
5	8	23
5	9	23
5	7	24
2	8	22
3	7	23
6	11	23
2	5	23
3	5	23
2	4	22
3	6	24
3	6	21
5	8	22
4	7	22
3	8	23
5	7	26
2	6	22
4	8	27
5	11	30
6	15	33
7	10	26
3	6	23
5	7	24
8	9	26
0	4	22
2	6	21
2	7	23
4	4	23
3	5	22
0	4	90
1	6	20
5	5	25
8	13	32
6	8	24
6	8	25
5	8	23
3	8	21
3	5	23
4	7	21
7	10	26
1	5	22
4	8	22
4	8	22
4	9	24
6	10	26
3	6	23
3	8	22
4	7	22
3	5	20
3	9	20
5	8	27
6	7	25
4	6	25
6	7	27
7	9	25
7	10	27
9	14	33
10	14	34
1	5	21
1	6	23
3	6	23
2	5	22
7	9	28
7	9	28
5	11	27
4	6	21
5	7	24
2	7	22
3	7	21
4	10	26
3	12	25
3	6	24
4	9	22
5	9	29
5	8	23
6	9	24
2	9	22
1	10	91
2	7	23
3	6	23
8	10	31
3	8	23
1	6	22
1	7	22
3	7	22
6	7	24
3	6	24
7	14	31
0	4	20
6	11	26
5	7	23
4	7	22
4	7	22
5	8	23
4	6	22
1	6	22
5	9	24
2	9	22
0	7	22
6	11	28
6	11	31
5	8	22
8	13	31
3	5	21
4	8	22
4	8	23
4	10	26
1	4	21
2	6	21
6	8	27
0	16	90
4	7	24
3	5	24
2	6	23
5	7	21
6	9	31
3	6	21
0	2	25
0	2	23
0	2	23
0	3	20
0	2	21
3	5	21
8	10	29
3	9	23
2	8	22
7	12	33
5	9	25
3	8	22
8	14	33
2	7	21
1	6	20
4	7	24
3	5	24
2	7	22
3	9	25
6	9	32
6	11	31
4	8	24
4	8	23
4	8	23
5	8	25
6	11	30
3	5	23
5	7	24
5	8	26
4	8	24
6	11	31
7	10	32
4	8	25
4	7	24
4	7	22
6	8	30
4	6	24
3	5	23
4	6	25
3	5	23
3	9	25
4	12	25
3	5	22
5	6	23
4	6	22
11	17	38
9	13	32
10	13	33
8	12	29
6	6	27
1	5	21
4	6	21
4	6	26
6	8	26
7	10	28
8	10	27
1	3	22
4	4	24
0	6	24
2	7	21
5	9	23
2	10	23
1	4	21
1	4	20
4	6	22
3	9	24
7	8	27
4	9	22
3	8	24
3	4	23
1	2	21
2	6	20
5	8	25
2	5	21
5	10	24
3	6	20
2	6	23
2	7	23
8	10	33
7	7	26
2	9	23
2	5	22
1	29	90
10	10	28
11	11	32
10	10	29
6	7	23
3	5	22
3	6	23
6	8	26
4	7	31
3	8	23
4	7	24
4	7	26
2	6	22
4	9	24
7	10	30
8	10	30
2	4	21
4	56	91
0	20	87
7	12	32
6	8	25
5	6	24
5	6	21
6	8	30
2	6	21
7	9	25
10	11	36
11	11	36
7	12	28
5	10	31
10	12	32
3	4	21
3	6	24
2	5	22
3	5	22
2	8	27
3	6	24
5	8	32
2	4	22
3	5	23
3	6	26
4	6	24
5	8	24
3	7	22
3	7	20
9	12	30
6	7	26
3	6	31
1	22	91
0	7	90
4	10	31
1	7	21
5	8	25
3	6	23
2	5	22
3	4	22
2	5	23
5	9	24
2	4	20
5	8	24
7	8	26
4	8	21
3	8	21
3	5	22
4	6	22
2	8	23
3	8	22
6	6	27
1	3	21
6	10	32
5	9	31
2	4	23
1	3	20
4	5	24
3	5	23
3	7	25
3	6	24
2	3	21
2	4	22
2	5	23
4	11	26
3	7	22
3	4	21
3	6	23
5	7	23
5	8	24
4	7	26
3	8	24
2	6	23
3	9	24
6	7	24
6	7	26
3	6	21
5	9	23
2	6	25
3	5	20
2	5	20
6	9	24
3	9	30
3	8	25
3	7	24
3	7	23
2	7	21
10	12	38
2	6	21
2	6	21
2	5	22
2	9	23
2	7	22
2	7	22
3	6	24
2	6	20
4	9	23
3	6	22
3	8	21
6	11	26
5	8	23
5	8	24
3	5	26
2	6	25
5	9	24
1	5	21
2	8	23
5	10	31
2	5	25
8	7	31
2	7	21
2	7	20
1	4	21
2	4	22
3	9	22
1	4	21
8	9	25
5	8	31
3	6	23
5	5	22
2	4	22
3	5	21
4	8	24
1	4	21
1	2	23
4	8	24
3	7	21
2	6	23
2	6	22
6	33	85
1	1	25
6	6	24
0	14	89
0	12	90
3	5	24
2	3	21
1	17	90
1	20	90
0	16	91
0	10	90
1	3	23
6	9	25
6	10	32
0	10	90
0	-1	91
4	7	30
5	8	30
2	7	20
2	7	21
2	8	22
2	8	23
0	3	20
1	2	22
6	9	25
6	9	23
4	9	23
6	8	27
2	7	20
4	8	24
4	10	24
3	6	23
4	10	25
4	9	26
7	9	30
5	6	24
4	8	22
4	13	30
2	8	24
6	11	25
1	4	21
8	10	27
1	5	24
3	5	24
9	13	30
9	10	29
7	11	26
2	8	21
4	6	22
6	8	26
8	11	31
3	6	22
0	7	89
0	13	90
4	9	27
6	7	25
4	6	24
4	6	23
4	6	22
0	4	21
6	10	29
6	8	27
6	9	25
4	9	21
4	7	22
6	5	30
4	9	25
2	9	23
2	6	22
1	8	90
2	8	24
4	10	26
6	8	25
4	9	25
5	6	26
7	9	27
8	10	27
4	7	23
6	8	27
2	10	22
7	13	32
3	6	23
2	5	21
2	6	21
2	4	21
4	11	31
1	6	21
16	41	90
5	8	26
2	7	21
3	6	26
8	9	32
7	8	26
8	9	33
5	7	26
6	9	29
8	13	31
5	28	91
3	7	21
4	7	23
3	7	23
4	7	25
8	11	32
9	13	33
0	6	21
4	5	22
6	8	30
4	8	22
3	11	25
4	6	24
5	6	23
12	14	41
12	11	35
12	12	37
5	8	28
4	5	22
7	12	32
2	7	22
5	12	31
8	11	31
10	13	28
6	10	30
6	13	33
3	7	22
3	7	22
0	3	20
5	9	30
6	7	24
6	8	24
5	8	23
1	19	87
2	6	22
3	6	21
1	6	22
1	6	23
5	9	25
4	9	22
3	8	23
0	11	91
0	8	89
13	14	41
5	9	25
2	4	22
6	8	24
6	9	25
3	5	22
2	5	21
2	6	21
6	10	25
4	7	23
3	8	24
5	7	26
4	6	23
4	6	25
4	8	25
4	5	23
8	9	27
6	8	27
7	8	29
5	9	26
5	8	26
5	10	31
5	9	25
7	8	29
5	8	26
3	7	22
1	4	20
4	6	26
5	6	27
6	14	32
6	11	27
8	9	27
7	10	27
5	9	26
9	6	32
5	8	24
5	8	24
5	11	25
0	12	89
0	14	91
6	8	26
1	7	25
6	10	24
4	7	23
6	11	25
5	6	26
4	7	25
3	7	25
3	7	24
3	8	25
4	9	25
6	9	26
5	8	24
5	9	26
5	9	25
7	10	32
3	7	22
9	11	32
5	9	28
3	5	21
4	6	22
5	7	23
2	6	22
7	8	29
6	8	26
0	25	91
0	27	91
5	6	21
3	5	21
3	7	23
4	10	23
4	8	23
9	12	29
5	14	29
3	9	23
3	9	23
3	6	21
3	7	23
3	7	22
3	7	23
3	8	22
4	6	25
2	4	23
4	8	21
3	8	22
4	5	21
1	4	21
6	6	24
5	6	24
3	6	22
6	9	26
6	8	32
5	8	24
8	7	26
0	47	87
2	7	22
7	10	33
1	4	23
7	9	25
6	11	27
6	9	26
3	8	23
5	11	26
4	6	24
4	8	24
2	3	24
2	8	24
3	6	22
2	7	22
8	14	34
10	14	35
4	7	23
8	12	29
3	9	24
0	13	90
0	12	85
7	10	26
2	5	21
3	8	22
2	8	22
2	8	21
2	7	22
4	7	23
9	12	30
8	13	30
10	13	34
7	12	29
8	10	31
9	11	35
9	12	30
7	10	27
10	13	33
2	4	24
7	12	31
7	13	33
8	8	31
13	15	37
5	8	23
4	7	23
3	7	27
3	6	22
7	9	31
4	7	24
4	7	25
5	7	23
0	-1	90
0	-1	91
5	13	31
5	7	21
6	10	27
7	10	25
2	6	22
6	6	24
2	6	22
1	5	22
5	5	22
4	7	24
5	7	21
10	12	34
10	12	33
9	11	33
10	13	34
1	7	21
3	7	25
3	5	23
3	6	24
5	6	28
8	9	28
8	9	27
10	12	31
2	9	25
0	13	91
5	11	28
5	9	27
4	9	25
2	3	22
3	4	20
6	11	35
2	5	23
2	6	22
4	10	27
5	9	25
8	10	32
5	12	28
8	14	36
2	5	21
2	5	20
6	11	25
5	34	91
8	9	32
8	9	31
1	6	22
3	6	25
2	5	23
2	6	20
4	7	23
4	7	22
2	8	21
4	9	25
7	13	32
3	9	22
4	10	24
3	9	24
2	9	23
3	9	24
7	10	31
3	8	23
5	7	22
6	10	27
10	14	37
11	13	35
7	5	23
3	7	24
2	7	24
8	14	35
8	15	33
7	13	33
4	7	23
4	7	26
7	9	29
5	8	24
3	5	21
3	9	22
4	9	26
7	9	30
5	6	23
5	9	30
5	7	25
4	7	23
4	6	23
4	7	24
4	7	25
4	6	26
3	7	25
3	7	26
2	7	23
3	10	23
5	6	23
3	4	23
4	5	23
3	6	25
3	5	21
3	5	22
3	29	90
4	10	24
0	10	91
1	12	90
2	5	22
5	10	27
3	6	22
10	16	37
7	10	29
3	7	23
1	8	22
9	11	27
9	13	36
5	9	25
3	9	26
5	8	23
3	7	24
4	10	25
4	9	24
4	7	24
2	8	22
5	8	23
2	6	23
3	7	24
3	8	31
6	8	24
6	8	24
8	11	26
5	7	23
4	7	22
4	6	26
4	7	22
1	31	90
6	32	90
4	8	21
4	8	22
3	8	21
4	6	25
3	6	21
3	5	22
5	12	29
3	8	24
5	8	24
3	6	23
5	8	26
5	8	25
4	8	25
2	7	23
2	7	22
4	5	26
3	7	22
3	7	23
3	8	21
10	13	34
3	5	23
2	5	23
3	5	21
3	5	23
3	5	24
3	5	23
2	4	21
3	5	21
7	14	31
3	5	23
7	8	26
11	14	35
2	6	21
10	13	36
2	8	26
0	9	91
6	12	30
4	7	22
5	8	25
5	7	23
6	10	30
2	6	22
6	10	30
4	5	36
11	13	33
9	11	32
11	13	33
5	9	25
1	5	91
1	5	90
4	10	23
3	10	22
6	9	25
2	5	20
7	7	31
9	14	32
2	4	22
2	5	22
2	5	21
7	9	25
8	7	31
6	10	30
2	6	21
2	5	20
1	6	20
4	7	22
5	10	28
5	8	25
6	9	28
5	7	24
3	7	24
0	12	90
0	16	90
5	8	30
3	6	21
3	6	22
7	8	25
0	7	91
0	8	91
1	2	23
0	3	22
1	4	22
1	4	21
4	7	22
3	6	22
6	9	28
6	10	26
5	8	25
5	8	25
5	8	25
5	6	23
11	15	38
3	7	22
6	7	32
7	9	28
6	8	30
6	8	30
4	5	24
4	11	27
3	3	22
6	8	26
8	9	30
0	36	91
3	8	22
2	11	25
4	6	25
3	6	21
2	5	21
4	7	23
5	7	27
6	7	24
3	6	23
2	4	23
3	7	24
4	6	23
2	7	23
4	8	24
5	7	24
2	10	24
8	12	30
4	5	21
4	9	23
7	8	26
10	9	30
3	5	24
1	4	22
4	5	24
1	7	21
2	6	21
2	5	23
3	6	21
2	6	20
2	8	23
3	7	22
0	4	20
3	4	24
7	13	31
3	7	24
0	5	90
8	9	28
6	9	29
3	31	90
7	11	33
7	12	34
5	11	30
5	8	23
3	8	23
2	4	21
5	6	22
3	5	23
3	9	30
6	8	27
1	4	21
6	10	30
1	7	21
4	10	22
10	11	33
6	5	25
8	11	32
3	7	24
2	6	22
2	5	21
9	10	30
3	8	24
3	7	24
4	7	24
1	5	23
0	29	91
0	-1	83
0	6	83
5	6	24
1	3	20
1	4	21
0	5	21
0	3	22
0	7	21
0	7	23
6	8	26
3	5	23
5	9	26
4	9	24
2	5	23
1	3	21
2	7	21
4	7	22
2	4	22
2	5	21
1	4	27
3	4	21
4	8	25
1	3	20
1	3	22
0	3	21
2	5	23
2	9	25
3	7	24
2	6	23
5	10	31
1	6	25
5	10	30
6	9	25
5	9	26
4	8	25
5	7	25
3	6	23
4	6	22
3	5	30
0	2	22
1	7	20
6	7	30
4	6	21
1	4	20
3	9	26
3	7	23
4	8	23
4	6	22
6	8	31
4	10	31
2	6	22
6	12	30
3	7	22
4	7	23
5	7	23
5	7	24
0	10	78
0	12	78
9	12	31
10	12	35
8	11	35
8	10	29
8	10	30
10	12	37
10	11	35
11	11	36
8	8	29
1	5	22
8	11	26
4	8	24
2	7	22
3	7	23
5	9	21
4	7	24
2	7	21
1	3	21
7	10	25
9	10	33
9	9	31
10	10	34
7	9	28
7	9	27
8	11	32
3	6	22
2	5	22
0	14	90
4	11	24
4	11	24
4	10	24
0	4	21
3	8	23
7	8	26
6	6	25
9	15	37
3	5	22
3	6	21
7	15	31
2	5	21
3	7	23
8	11	34
4	10	26
5	10	30
5	13	32
6	13	30
5	12	29
6	10	29
5	16	31
7	12	36
5	11	29
5	10	26
4	9	30
4	11	25
4	9	24
2	2	22
2	4	22
5	6	24
5	5	23
6	10	25
5	9	25
6	9	25
3	7	22
3	4	22
5	8	24
5	9	25
7	13	32
4	8	24
4	9	23
2	9	22
1	11	22
3	9	24
3	7	23
2	7	22
4	6	22
4	8	25
4	8	23
4	7	23
4	7	23
3	7	22
2	5	21
9	11	33
7	11	30
7	14	34
8	11	32
7	11	31
1	3	21
5	12	34
2	7	21
2	6	21
10	-1	42
7	7	31
4	7	25
0	4	21
1	5	20
6	11	28
6	10	27
6	10	26
4	4	22
0	12	79
2	16	79
5	6	23
5	9	22
2	5	21
5	9	23
2	6	20
0	13	91
4	11	24
3	8	24
2	5	20
4	7	26
9	10	32
2	6	23
2	3	20
7	9	32
7	13	32
2	7	23
3	5	24
2	4	23
2	4	21
2	4	20
7	13	30
4	10	31
7	8	24
4	7	26
2	6	30
5	8	25
2	8	21
3	8	25
3	6	23
3	6	22
3	8	24
4	9	25
7	10	26
5	9	27
5	9	27
0	12	90
1	4	20
5	8	24
2	4	22
2	3	21
2	4	20
2	5	21
1	8	23
2	8	22
3	6	22
2	7	26
3	5	23
2	7	21
2	4	21
2	3	21
3	6	21
1	7	21
5	14	33
7	9	26
2	5	21
5	11	30
0	8	23
3	6	22
0	3	22
0	3	22
1	2	23
6	7	30
3	9	22
3	7	22
4	9	26
10	12	35
2	7	25
3	4	23
4	6	24
3	8	23
4	10	26
4	10	30
3	10	26
3	8	24
2	7	22
1	3	21
0	3	20
4	7	30
0	3	21
0	4	21
2	3	22
4	6	22
5	3	24
1	6	22
7	11	31
5	12	27
6	8	29
6	8	25
4	6	22
5	7	24
9	11	33
4	8	25
4	10	27
0	21	91
0	11	91
3	6	24
4	7	24
5	6	22
5	4	22
3	7	24
1	3	21
5	8	23
3	8	24
4	8	24
4	7	25
3	7	26
3	6	25
6	7	30
5	8	30
4	6	24
5	8	25
5	7	24
2	7	24
5	8	25
3	7	26
2	4	21
2	4	20
3	5	22
3	5	23
2	7	22
3	8	24
5	8	24
1	3	21
4	9	26
0	13	91
0	5	88
8	9	35
7	8	31
3	10	25
3	7	24
7	8	26
0	1	24
0	1	22
6	10	26
4	6	23
10	14	34
9	11	30
3	6	21
3	9	24
4	8	21
2	5	22
2	4	21
3	9	22
4	7	23
0	8	91
0	7	91
1	8	91
6	9	31
2	7	20
3	7	22
2	8	22
4	9	26
3	7	23
3	7	22
3	7	24
2	6	21
3	5	22
4	6	24
1	3	22
2	4	21
4	7	30
3	8	22
4	6	21
1	6	21
1	8	24
0	1	23
4	6	23
2	6	22
8	8	30
5	7	23
5	8	23
6	9	25
6	9	24
3	4	23
5	10	25
2	8	31
0	7	22
0	7	21
2	5	21
2	4	22
3	3	21
2	3	20
4	8	22
2	6	22
5	6	24
5	9	30
3	8	25
0	6	91
5	9	26
3	3	20
6	11	33
1	20	90
0	20	88
6	8	24
3	6	21
2	6	22
3	3	22
7	12	30
1	5	22
0	4	21
4	5	23
7	10	32
5	8	24
2	4	23
7	6	25
2	5	21
4	8	22
2	6	22
6	9	24
5	7	27
5	9	22
2	6	21
4	6	22
1	4	22
1	6	22
1	4	21
1	3	20
5	9	32
4	8	26
6	8	27
6	9	30
5	9	24
3	7	22
3	7	23
3	6	22
3	5	22
2	6	23
2	9	23
3	6	22
2	7	23
1	7	23
6	10	28
1	4	24
3	7	22
5	11	30
1	3	22
5	12	33
2	5	24
2	5	21
8	15	33
5	7	30
3	8	25
9	14	38
6	9	26
4	7	28
1	4	21
4	8	25
1	4	21
5	6	24
2	6	20
5	8	25
4	6	24
0	36	90
6	11	27
4	8	23
3	8	22
6	11	27
4	7	23
4	10	25
3	11	25
4	9	25
4	9	25
7	10	31
0	4	21
0	6	90
0	4	91
2	7	21
2	6	22
2	5	21
2	7	22
2	4	20
3	8	22
2	3	22
1	5	21
6	9	33
3	6	22
4	6	23
0	15	91
0	8	90
6	9	32
8	13	33
8	11	30
9	11	31
6	8	25
5	11	30
4	7	25
3	8	30
4	9	25
4	4	22
10	11	35
3	6	22
3	7	22
2	6	22
4	9	24
1	6	23
5	6	23
4	7	23
1	3	24
0	6	22
3	6	24
3	9	26
4	6	23
3	5	23
0	4	21
3	5	24
8	12	31
5	6	26
2	5	21
3	6	22
2	8	23
2	4	21
10	9	35
10	9	37
8	9	33
9	9	34
1	5	20
6	13	32
8	11	30
2	6	21
11	12	42
9	9	34
11	12	41
6	9	31
7	7	29
10	12	38
6	8	28
11	13	38
6	6	29
11	12	42
11	11	40
7	10	34
9	8	35
12	12	40
10	11	42
9	12	36
11	12	40
10	11	37
11	12	42
4	6	22
2	10	23
7	12	27
5	8	25
8	12	31
6	8	26
2	7	23
7	13	32
4	12	26
3	10	25
4	10	25
4	12	25
4	8	24
2	4	22
2	7	21
2	6	23
1	5	20
1	4	25
3	6	22
3	8	24
3	6	21
3	7	23
4	7	25
3	6	24
3	8	24
2	9	25
6	10	25
5	11	30
4	8	24
2	5	20
1	5	20
3	8	26
2	5	22
1	5	23
2	10	23
2	5	21
11	11	32
3	7	21
6	7	26
5	7	26
5	8	23
5	8	24
5	7	24
4	7	25
5	9	26
6	8	26
3	8	25
4	8	28
3	8	24
4	8	27
3	8	26
2	7	26
4	4	25
0	5	91
0	10	91
6	11	31
0	8	90
0	11	89
4	7	22
0	5	20
6	10	28
2	6	22
1	4	22
2	8	21
2	7	20
8	10	29
8	10	28
2	8	23
0	2	25
0	2	24
0	3	23
0	2	22
0	2	21
4	7	25
4	8	27
2	7	22
0	7	21
3	3	22
3	7	23
3	9	23
2	6	22
2	6	21
3	7	23
3	6	22
3	7	23
2	5	23
2	5	23
4	8	24
7	8	26
3	6	25
2	6	23
1	6	21
3	7	22
3	5	23
5	8	31
7	12	30
5	6	26
6	12	32
3	7	23
1	7	21
4	6	24
9	12	32
13	19	44
10	16	36
5	10	30
3	6	24
1	4	23
4	10	26
6	11	30
4	25	56
4	5	22
10	10	29
2	5	23
0	7	89
0	15	91
8	12	34
0	8	90
1	15	91
3	5	24
3	6	23
6	9	27
6	8	25
6	7	25
3	7	23
3	8	23
3	7	24
3	7	22
5	8	26
3	8	24
3	8	23
3	6	21
3	6	22
2	5	22
6	11	27
4	7	22
5	10	25
4	9	23
1	4	20
5	11	24
4	10	22
4	8	23
4	10	22
5	7	23
3	7	22
2	6	23
7	10	26
6	11	26
2	5	21
3	7	21
1	4	22
6	9	26
0	13	91
0	11	90
5	8	23
5	10	27
6	8	27
7	8	27
6	10	27
7	10	32
9	15	34
8	11	34
9	10	31
4	7	21
8	11	30
4	6	24
5	10	30
6	10	29
2	5	21
7	15	32
7	12	36
7	7	26
7	7	26
5	12	30
5	12	30
3	9	25
5	10	24
4	7	25
6	9	25
6	8	30
3	3	22
13	14	39
2	3	25
4	7	25
4	9	24
0	5	35
0	15	91
5	8	24
5	7	25
7	8	24
1	5	22
4	15	32
4	8	24
4	7	24
4	6	24
2	4	21
2	7	24
4	6	22
3	7	22
4	7	22
8	13	31
4	10	25
3	8	23
2	5	21
4	6	22
10	16	40
9	13	34
5	9	25
6	10	26
5	8	25
5	8	24
4	7	25
2	6	20
1	4	21
4	8	25
3	6	22
3	7	22
0	10	91
0	15	91
5	10	24
4	7	26
4	8	27
3	5	20
1	2	21
0	15	85
2	7	22
3	8	22
2	6	22
0	10	90
1	3	21
1	2	20
1	8	23
0	28	88
5	9	30
7	7	28
8	8	30
1	4	21
2	5	21
1	6	23
2	5	21
2	6	20
4	7	26
4	8	24
0	2	20
0	15	90
0	11	91
2	2	21
2	5	21
0	5	91
0	13	90
2	5	21
3	8	24
6	8	28
7	8	26
5	9	26
0	6	91
2	4	22
2	4	21
0	5	21
1	12	91
4	7	25
1	2	22
6	11	31
4	4	25
3	6	26
1	4	23
1	6	22
2	6	22
1	5	24
1	4	23
3	13	26
7	23	90
1	7	21
1	6	20
6	7	30
8	11	32
4	8	24
1	10	91
5	11	30
8	13	28
3	5	23
8	9	32
6	7	27
8	9	31
6	7	25
8	11	31
11	10	32
3	8	23
1	9	89
3	5	21
4	9	24
3	9	24
2	6	21
3	6	23
2	5	23
2	5	22
0	22	90
8	12	31
7	11	30
0	13	91
0	10	91
0	5	21
10	13	34
1	6	22
0	15	90
2	5	22
2	4	21
9	11	35
7	8	27
5	7	24
7	30	90
3	6	24
0	3	21
0	3	21
4	7	25
3	5	22
4	6	22
1	2	23
4	7	23
5	8	25
3	4	20
3	8	26
5	7	22
3	6	22
2	5	20
3	8	24
3	8	23
6	10	31
6	8	30
7	8	31
4	6	24
5	6	25
2	2	21
0	6	91
2	3	23
4	6	25
4	4	21
5	5	20
0	2	22
0	2	22
4	3	23
1	2	20
0	11	91
1	4	23
1	6	24
5	8	26
1	6	20
5	8	24
3	7	24
2	7	31
3	6	23
4	7	23
4	9	30
5	9	30
2	6	21
0	6	91
4	6	23
8	7	30
4	6	23
1	2	21
0	4	20
0	13	90
4	5	25
4	5	24
4	6	24
2	4	22
0	6	91
1	10	24
1	7	20
3	8	21
0	4	20
2	-1	79
4	29	89
3	4	21
2	4	21
4	6	22
1	5	21
0	5	21
2	6	23
1	8	22
1	8	21
4	8	23
3	4	20
0	3	21
4	7	24
2	5	21
5	9	27
4	7	24
7	9	33
6	15	34
2	4	20
2	6	23
2	6	22
2	5	21
4	7	24
4	7	23
0	12	91
1	14	90
8	9	26
5	8	26
1	6	20
7	9	24
3	8	24
5	8	22
1	23	90
8	12	33
4	5	22
2	5	21
0	2	20
5	6	25
3	4	23
3	3	21
1	3	21
7	10	28
1	18	90
0	11	91
0	12	90
1	3	22
4	5	26
2	4	23
0	2	21
1	2	22
4	4	22
3	5	25
2	4	20
2	5	21
5	8	25
3	6	22
6	8	23
4	7	22
2	9	26
5	9	25
3	5	24
5	6	23
2	5	21
1	3	20
6	11	31
0	10	91
7	6	31
0	5	21
3	6	23
0	6	82
1	3	22
1	4	23
1	2	22
1	3	21
0	3	20
1	1	21
2	6	30
3	8	23
2	7	22
3	5	23
5	6	25
4	7	25
4	5	23
4	8	26
5	14	28
3	12	26
7	9	29
4	11	25
6	9	26
7	8	29
9	7	29
6	11	33
2	6	22
2	4	24
2	5	21
3	5	23
4	7	24
6	8	26
7	12	33
5	9	30
1	5	20
2	7	21
1	6	22
1	5	21
1	5	20
7	9	30
6	13	35
6	12	33
5	11	30
5	12	30
4	10	28
4	9	28
4	10	27
4	11	27
4	8	25
3	9	24
6	10	30
2	9	27
2	8	25
5	9	25
2	7	25
2	5	21
3	5	21
9	11	32
10	11	34
8	10	33
8	10	31
10	11	35
6	7	24
11	10	33
12	11	35
4	6	23
2	5	22
4	6	23
6	8	30
4	6	25
5	8	25
4	6	25
8	10	30
0	3	21
3	5	22
4	8	23
3	7	24
2	6	20
6	4	23
3	7	22
4	6	24
2	6	22
4	6	24
0	15	89
0	7	91
0	3	91
2	4	21
1	2	22
3	7	23
2	5	22
2	4	20
0	4	21
0	2	24
0	4	21
2	6	24
3	6	22
0	14	90
0	10	91
3	8	90
8	10	31
8	10	31
0	3	91
2	17	91
2	6	20
1	4	21
1	3	21
0	11	91
9	12	32
3	7	24
0	15	91
3	5	21
5	8	24
7	8	25
10	10	34
0	4	91
0	10	90
5	6	25
2	8	22
1	2	22
2	6	20
2	5	22
5	9	25
0	15	91
0	15	91
7	6	27
0	12	90
0	11	91
0	14	90
0	13	91
8	15	32
3	4	24
0	10	90
2	5	22
3	5	23
2	4	21
3	7	24
0	2	91
2	4	20
3	4	21
3	6	22
2	8	23
2	2	23
1	4	21
4	7	25
4	10	24
2	6	22
1	4	22
1	7	24
1	6	24
3	6	24
3	9	25
3	6	23
2	8	22
1	7	20
2	6	20
2	6	21
2	5	20
4	11	30
0	12	91
5	7	23
5	9	23
26	30	91
3	5	26
3	5	21
6	7	25
8	8	33
7	6	29
2	23	90
2	7	24
0	10	91
4	7	22
5	7	32
4	5	25
7	12	31
2	3	21
7	8	34
2	2	20
5	7	27
4	7	26
5	8	26
4	7	25
4	9	31
3	7	21
3	6	23
4	9	23
3	8	22
6	9	23
4	5	21
1	6	33
1	2	20
2	5	22
3	6	23
2	5	22
3	5	23
3	5	22
0	29	91
8	13	35
8	10	31
2	4	20
9	9	30
1	8	22
7	9	32
4	8	28
5	8	24
3	3	23
8	6	34
5	7	26
2	8	24
4	7	26
1	7	21
0	14	91
3	6	22
6	9	30
0	20	91
4	9	25
5	6	26
4	8	23
0	12	90
0	10	89
1	4	21
0	6	20
8	7	27
1	11	91
0	40	91
2	5	22
7	10	31
11	12	37
9	9	29
7	11	31
5	9	29
5	9	30
0	4	91
3	7	22
4	10	22
2	8	21
3	7	22
6	11	28
6	11	30
4	5	23
5	6	25
5	5	26
3	2	23
2	2	22
1	5	22
2	6	22
4	6	25
5	9	25
6	9	29
8	9	33
3	7	23
0	3	20
0	4	69
0	5	69
1	5	24
0	4	21
1	3	20
0	3	21
0	5	21
2	4	23
3	6	20
11	-1	42
2	5	21
1	14	90
0	3	21
1	5	23
2	5	23
2	6	22
2	5	22
3	3	21
7	11	30
3	6	23
0	4	22
1	3	21
0	7	90
5	10	26
5	11	34
4	6	23
2	6	21
5	9	26
6	8	27
2	7	23
7	9	30
7	9	31
7	9	29
6	6	25
5	6	24
5	7	26
4	7	31
1	3	20
2	5	21
3	6	23
10	11	29
0	13	90
0	11	91
0	6	90
0	8	89
8	10	29
0	8	70
0	7	70
4	8	25
2	6	23
0	11	89
4	6	24
4	7	22
1	3	23
2	5	20
5	7	27
4	5	27
4	8	22
0	2	90
1	5	25
6	6	30
5	5	25
8	8	26
2	4	20
4	8	24
1	4	23
1	6	20
2	5	23
2	5	21
2	1	21
0	12	90
0	10	91
3	7	24
0	5	91
6	14	33
0	2	22
4	8	24
0	-1	80
0	7	80
1	1	20
0	2	90
0	5	91
4	9	24
6	6	27
3	6	21
1	4	23
5	8	26
7	10	33
11	13	35
9	12	33
3	2	21
3	5	22
4	7	23
8	10	27
8	10	28
1	3	22
13	15	39
9	14	32
8	13	34
7	12	28
0	11	69
4	5	23
2	4	24
2	8	23
3	6	24
2	5	22
1	6	22
1	3	22
1	3	20
2	5	23
4	6	23
4	6	24
2	5	24
4	7	31
6	7	23
2	4	21
4	7	25
3	7	26
5	9	26
0	3	21
1	4	20
0	5	21
2	5	21
4	6	23
3	6	28
0	11	90
0	11	90
2	2	21
6	2	29
3	8	23
7	9	27
7	9	25
0	-1	91
10	11	33
8	9	32
15	15	45
13	16	47
13	15	47
13	14	44
13	14	41
12	13	42
12	13	39
13	13	40
12	13	39
11	11	38
12	15	43
12	13	42
13	12	40
11	12	40
9	10	36
10	11	37
9	10	38
1	7	22
1	7	21
1	8	20
3	7	22
3	8	23
2	6	21
4	7	24
3	9	26
3	8	25
3	11	27
4	10	27
3	10	25
4	9	32
4	8	32
4	9	25
4	7	26
4	9	28
4	7	25
3	8	23
4	8	22
4	6	22
4	9	23
4	9	23
1	5	21
3	6	21
8	12	30
5	9	28
4	7	26
0	12	91
0	9	90
4	8	24
1	13	89
1	5	21
3	6	23
0	13	80
1	4	22
1	2	21
5	7	31
3	5	21
4	31	91
0	12	91
0	-1	91
6	8	26
1	4	21
2	6	22
7	7	33
0	10	90
0	9	91
0	6	91
0	11	91
8	9	31
2	5	20
6	9	26
3	7	22
5	8	23
5	9	27
4	4	22
4	7	22
10	13	34
7	13	30
6	11	31
2	5	21
4	-1	91
5	26	91
6	8	26
4	5	23
6	7	26
2	6	22
2	6	21
2	8	21
2	9	22
6	10	30
4	7	22
4	9	27
3	6	22
3	6	24
3	8	23
4	7	25
2	5	21
2	5	20
2	8	22
6	10	26
3	7	24
3	8	23
4	8	22
3	7	22
4	6	22
2	5	20
3	6	22
3	5	23
4	6	23
1	5	21
5	7	25
6	6	26
8	11	31
8	12	29
3	6	22
1	6	22
3	7	25
7	9	36
7	6	27
6	6	27
8	10	32
2	8	23
7	10	30
6	10	30
7	7	26
3	5	23
4	6	25
2	5	21
10	10	33
4	8	26
6	8	25
6	13	30
6	12	31
9	10	30
6	8	30
0	12	90
0	16	90
2	5	21
3	6	24
3	7	21
4	9	23
10	8	31
2	7	23
6	7	30
1	6	20
2	3	21
2	4	21
0	11	91
3	7	25
0	12	90
0	9	91
2	3	22
5	8	24
4	8	24
4	7	25
4	8	24
7	10	29
2	6	23
1	2	20
5	10	30
6	10	31
3	9	24
3	6	23
3	7	23
4	6	24
2	4	21
2	4	20
6	14	33
3	7	21
7	8	26
4	9	24
3	5	24
4	8	31
1	13	91
0	5	91
2	6	23
3	7	22
4	6	23
3	7	22
4	8	24
4	5	22
3	5	27
3	6	25
3	6	22
3	7	22
3	6	22
8	9	35
5	5	24
2	7	24
0	8	91
0	21	91
4	5	25
4	10	30
5	10	29
5	12	30
5	10	27
5	12	30
5	10	26
5	13	31
3	8	25
4	3	29
1	11	90
4	10	31
0	1	22
5	8	24
10	11	35
0	13	91
0	10	91
0	5	91
1	14	91
3	3	24
2	8	23
4	5	24
8	12	38
8	12	31
2	6	23
2	6	22
6	9	27
0	18	90
9	12	35
7	10	31
3	4	24
3	5	25
2	5	22
7	6	28
2	4	23
2	7	21
4	5	22
3	5	21
6	9	25
4	7	24
1	4	20
1	3	21
0	2	21
2	2	20
2	2	21
2	5	23
3	4	21
8	11	28
7	11	27
5	9	26
0	7	53
0	6	91
4	7	22
2	4	24
3	8	25
3	4	21
3	5	22
2	29	91
2	5	21
3	8	22
2	8	21
2	8	23
3	6	22
0	11	91
0	13	90
2	4	20
10	9	34
11	8	38
9	8	32
9	7	27
3	7	22
3	6	23
5	8	23
4	10	25
2	12	24
1	7	23
3	9	24
2	7	20
3	7	20
7	13	28
1	8	70
5	9	30
2	6	23
5	5	24
8	7	27
2	5	23
2	6	23
5	7	24
4	7	26
4	8	24
4	8	24
7	10	31
1	8	21
3	5	22
3	4	21
0	9	90
4	6	22
5	7	24
4	8	23
6	14	34
7	7	31
9	9	32
9	8	33
8	7	31
9	7	34
5	9	24
5	6	25
2	5	21
10	11	32
9	13	28
1	5	22
4	6	25
4	6	24
4	4	23
4	7	23
0	6	90
5	11	26
4	9	25
4	7	22
4	5	30
4	9	26
4	9	26
2	8	21
2	4	21
3	5	21
2	5	21
3	6	25
6	12	27
1	4	20
2	6	22
5	8	24
3	8	25
3	8	24
2	5	20
0	4	22
2	6	21
1	3	21
0	20	90
2	7	23
5	7	30
5	7	27
4	6	26
4	8	23
8	14	31
3	6	21
7	10	25
3	6	21
5	7	23
6	11	31
3	6	22
6	8	25
1	5	21
2	5	23
1	4	22
1	4	21
2	6	22
2	5	24
4	7	25
0	2	25
1	4	23
1	4	22
4	5	21
7	11	30
2	3	22
1	5	21
2	5	22
8	13	37
1	4	23
0	2	89
4	6	25
4	7	25
5	8	25
4	7	24
4	11	27
0	10	89
0	8	91
2	6	22
1	6	21
1	5	20
2	6	22
1	4	20
6	11	31
0	10	87
0	10	87
3	5	23
3	6	24
2	5	22
2	5	21
4	8	25
4	9	25
6	10	32
3	6	22
4	7	23
7	12	32
5	9	25
5	11	28
7	10	31
5	11	27
5	10	25
5	10	31
6	9	24
4	7	24
1	6	21
3	6	22
4	9	23
5	6	23
5	9	30
6	8	27
7	9	30
4	7	26
5	9	23
3	6	25
2	5	21
3	8	21
6	5	25
5	7	24
2	6	21
8	11	30
8	29	90
8	11	31
3	5	21
9	12	35
8	10	27
5	9	26
4	8	24
7	25	90
8	10	28
5	7	25
11	12	37
4	5	25
2	5	22
0	8	90
6	10	30
4	8	26
3	5	24
3	7	23
5	7	27
4	4	21
2	4	22
1	5	22
0	-1	55
7	9	28
3	7	21
3	6	24
3	7	23
2	5	22
2	5	22
11	24	90
2	7	26
4	8	25
6	11	30
2	5	21
1	5	20
4	9	23
2	23	90
2	4	23
3	3	21
2	6	21
2	5	22
2	5	21
1	-1	90
0	3	21
1	2	21
3	6	24
3	7	23
3	6	21
4	7	23
7	10	28
2	7	22
0	14	90
1	10	76
3	10	23
7	12	30
2	5	21
2	4	20
2	6	22
3	5	21
0	2	22
0	2	23
0	2	24
1	2	23
2	2	22
2	2	21
1	3	22
3	4	22
2	4	20
3	4	23
0	3	22
0	4	23
0	4	23
1	4	22
1	3	20
4	7	25
2	4	21
4	7	23
4	9	28
1	5	22
9	12	32
8	9	26
0	3	21
4	7	23
3	6	23
3	5	22
3	5	21
6	7	25
5	5	22
5	4	22
3	6	23
5	6	24
1	10	91
2	7	22
0	5	20
0	9	91
9	13	33
8	12	31
3	8	23
0	13	91
1	9	90
3	7	23
3	5	21
3	7	21
4	4	23
2	6	22
2	6	21
12	16	42
10	18	39
5	7	27
5	5	25
4	5	24
4	6	26
4	5	26
4	1	28
4	6	22
5	5	24
3	8	24
0	9	40
0	8	91
2	5	22
2	7	21
0	7	91
2	5	22
0	3	22
2	5	21
3	3	24
10	16	38
11	15	34
11	15	34
11	17	37
11	17	37
8	14	35
11	14	32
3	7	22
4	25	91
2	5	21
4	24	90
0	17	91
0	12	91
0	15	90
0	12	91
6	11	34
4	6	21
3	7	23
2	5	20
0	4	21
3	5	23
2	5	23
3	6	25
5	7	24
1	4	21
7	10	27
6	8	27
6	13	28
5	12	26
5	8	26
5	7	25
7	6	27
8	6	29
8	6	29
4	5	25
1	4	21
10	15	33
2	4	21
3	5	20
4	7	30
0	10	83
0	8	91
3	8	22
0	3	20
3	10	28
4	8	27
6	10	25
5	10	24
6	12	31
2	3	22
6	9	32
5	9	25
2	5	21
1	4	21
3	7	24
1	4	23
1	4	22
4	20	90
3	8	22
2	5	23
7	10	32
3	5	24
4	8	26
4	13	35
8	9	27
1	5	22
6	9	25
6	7	30
5	6	24
0	25	90
1	3	25
7	10	30
6	7	27
5	6	26
2	7	22
8	11	33
4	4	22
3	6	22
0	8	87
0	10	91
6	14	34
4	6	25
1	3	20
2	7	31
5	6	25
5	5	25
4	5	25
2	7	22
1	7	20
1	9	90
3	7	25
4	8	28
4	7	27
3	7	30
3	8	26
4	6	24
4	6	26
3	5	25
3	4	25
3	5	23
3	6	22
3	5	21
4	6	22
3	7	22
3	6	23
0	4	21
2	3	21
2	4	23
11	17	40
11	16	35
3	8	24
3	7	21
1	1	22
1	4	22
1	4	23
0	4	24
1	5	21
4	7	23
5	5	26
6	9	25
6	8	25
2	5	22
1	1	21
0	12	91
0	11	90
0	10	91
0	11	91
4	8	22
0	12	91
0	10	90
6	6	26
6	6	26
3	10	25
2	10	24
3	10	23
3	8	23
2	8	22
5	6	24
2	6	22
3	4	22
5	9	29
3	6	24
2	5	23
4	7	24
4	6	25
4	7	25
4	7	25
4	6	25
1	3	21
8	6	30
1	3	22
5	8	25
6	6	25
3	6	23
3	7	23
2	5	22
4	7	22
1	4	20
8	12	32
0	11	91
0	10	90
5	8	23
7	11	34
8	10	33
8	11	31
11	12	37
8	10	30
11	13	37
8	9	31
9	12	35
9	10	30
9	10	30
6	12	33
6	10	31
12	9	34
9	8	31
8	8	31
3	2	22
2	2	21
3	5	22
2	3	21
2	6	23
2	4	23
6	8	26
7	11	34
6	10	28
6	9	27
3	6	23
4	7	23
1	4	23
1	5	21
1	3	24
6	12	30
3	7	24
1	6	23
2	6	21
2	4	22
4	9	25
3	7	21
3	6	21
10	12	35
2	7	21
5	4	25
4	6	24
2	8	21
3	3	21
5	9	23
5	10	28
6	10	27
5	10	26
4	9	25
5	9	26
3	7	24
4	7	23
2	7	23
0	6	23
1	4	22
1	5	27
5	6	25
3	9	25
6	15	31
9	11	32
3	5	22
6	7	25
3	5	23
2	4	22
2	8	20
6	5	26
4	6	23
5	6	22
4	6	21
2	7	24
4	6	25
6	6	21
6	7	31
7	8	29
4	6	25
1	4	21
0	3	50
0	5	50
1	6	22
0	11	91
0	14	90
4	8	25
2	7	21
4	8	24
4	9	24
4	9	25
3	8	24
4	8	24
2	4	21
0	13	91
2	4	20
2	10	25
0	4	21
1	8	23
3	7	24
0	10	89
3	5	22
4	5	22
4	8	24
7	6	30
4	8	24
21	27	91
1	14	90
0	16	91
0	10	91
2	4	24
3	6	25
2	4	23
3	6	24
5	6	25
4	7	25
5	6	25
4	5	23
3	6	23
2	6	22
0	2	20
3	8	25
5	6	24
5	7	25
5	8	21
1	2	23
3	7	24
3	6	23
4	6	22
3	7	21
3	5	22
6	9	28
3	6	22
4	8	26
3	8	25
4	6	23
2	5	22
3	7	22
5	14	28
3	6	21
3	5	20
3	6	25
0	4	30
0	3	24
0	1	22
0	7	91
0	6	89
3	4	21
2	6	24
4	4	22
4	6	23
3	6	24
9	9	31
8	8	30
2	5	22
7	9	24
5	5	24
1	5	20
0	8	72
3	5	21
0	6	37
6	6	26
2	4	21
3	2	22
5	11	30
6	12	32
5	7	24
7	11	26
0	6	90
0	13	91
2	4	22
1	3	21
2	5	21
1	5	23
0	3	20
1	5	21
1	4	21
2	5	21
3	11	26
3	11	32
3	7	23
3	6	22
3	8	24
3	7	23
3	8	23
3	7	24
3	8	25
1	6	23
4	7	23
5	10	30
2	8	25
3	8	24
4	8	24
2	6	23
7	8	29
2	5	21
4	8	24
3	7	22
0	4	23
2	4	22
1	5	21
11	14	37
10	12	36
9	12	33
4	9	24
1	3	21
3	3	23
4	7	22
0	3	20
0	3	21
4	8	26
2	5	20
3	6	22
5	11	30
4	7	25
7	12	28
0	8	91
0	9	90
3	7	22
7	10	29
7	14	33
3	3	20
2	5	21
3	8	24
6	10	30
3	7	21
3	8	22
7	9	25
5	7	30
4	8	26
4	10	25
4	10	24
3	7	22
3	8	22
2	7	23
3	7	22
7	7	27
6	11	31
5	11	26
6	8	26
7	11	34
7	11	31
7	10	30
7	9	28
4	6	21
4	7	23
3	7	22
5	7	24
7	8	26
0	12	91
0	10	91
9	13	33
8	14	34
6	9	27
10	12	32
11	14	35
9	13	32
9	12	32
3	4	24
4	6	22
6	9	26
5	12	26
4	8	22
0	3	21
2	7	22
2	8	23
0	14	91
0	9	90
6	13	33
5	8	26
6	8	25
4	8	30
3	5	22
0	1	23
7	8	26
5	11	30
5	14	31
5	12	30
5	13	31
5	13	31
5	9	26
6	12	31
4	6	25
4	9	31
0	2	90
3	6	23
4	5	22
5	10	26
2	6	23
4	8	24
4	6	23
4	6	24
5	8	23
6	8	23
2	5	21
6	12	28
2	6	24
2	6	21
4	7	21
2	5	21
3	6	24
2	3	25
11	14	33
3	6	21
9	11	34
10	9	27
9	12	35
5	12	30
9	11	35
2	3	30
2	5	21
4	8	25
3	8	24
3	6	24
7	10	31
1	7	23
2	8	24
0	-1	74
0	4	74
0	10	54
5	7	23
9	11	34
4	8	23
2	4	22
3	5	22
11	12	38
11	13	38
4	5	24
0	6	91
1	12	90
5	10	26
6	9	26
2	4	23
0	8	91
4	6	22
7	10	27
7	11	27
8	11	28
7	10	26
0	-1	91
7	11	31
6	7	34
1	14	90
4	7	24
5	5	23
2	6	22
3	6	22
2	4	22
3	7	24
1	6	22
1	4	21
4	7	22
2	5	21
2	8	22
1	5	21
0	11	91
0	10	91
1	2	20
1	4	21
9	13	33
3	5	21
2	5	21
0	5	42
0	5	22
3	6	23
3	5	22
2	7	22
2	2	23
5	8	28
5	7	25
2	6	20
6	6	30
0	8	91
0	5	90
1	22	90
0	10	90
2	6	21
2	6	21
2	9	22
2	4	21
1	5	21
5	25	90
3	7	23
8	10	32
5	6	24
3	8	24
2	5	24
3	6	24
7	11	34
3	8	31
4	7	26
5	8	29
5	6	26
6	7	22
0	21	90
0	20	90
1	3	21
2	3	21
2	5	22
2	5	21
7	9	30
4	9	30
1	13	90
0	12	91
7	10	28
1	4	22
3	6	22
2	14	26
2	7	22
4	6	24
3	6	25
6	7	26
5	11	32
2	7	25
2	8	24
1	5	23
1	5	22
3	10	26
2	11	27
2	10	26
6	8	25
3	7	23
5	7	27
2	7	24
5	8	24
5	8	26
0	6	90
3	5	23
3	7	22
1	6	23
3	6	24
5	9	26
3	6	21
8	11	32
5	5	24
8	9	25
7	13	34
5	7	25
5	8	25
4	5	23
2	6	22
2	8	22
2	7	22
5	8	25
1	4	21
8	11	32
2	6	22
8	15	35
7	12	33
7	8	25
3	4	21
6	11	28
9	12	30
4	15	91
4	15	91
5	12	28
6	10	30
4	9	30
4	8	21
3	7	23
4	6	22
3	7	22
1	12	90
0	9	90
5	37	91
0	-1	91
3	6	22
2	5	21
1	5	20
0	4	21
0	4	21
3	6	25
3	6	26
2	19	90
5	8	26
8	11	30
2	6	22
7	9	31
3	6	21
6	12	27
3	8	24
7	15	36
3	9	23
1	3	23
5	10	27
5	9	28
9	10	30
4	6	25
5	6	24
2	5	23
7	10	27
4	7	23
0	10	90
1	7	90
3	6	23
9	10	28
0	12	90
0	11	91
8	12	33
10	12	37
10	12	35
4	9	22
3	7	24
4	9	24
5	7	24
0	4	21
3	8	24
4	7	23
3	7	22
1	5	21
1	3	21
10	14	34
2	6	22
4	8	23
3	7	23
3	6	23
2	5	21
2	8	24
3	7	24
3	9	23
3	7	23
4	5	23
5	6	26
0	5	22
5	7	22
10	14	35
9	14	31
9	13	33
5	11	26
4	9	25
4	9	24
6	9	23
6	12	26
3	5	23
2	4	22
1	1	21
6	10	25
8	12	31
8	12	30
5	8	24
5	6	27
7	7	32
5	6	24
6	8	31
5	6	24
1	3	21
2	5	21
10	11	35
3	8	20
1	8	22
3	7	22
3	6	22
6	8	25
5	7	26
7	7	26
5	8	23
2	8	23
1	5	21
3	7	23
0	5	25
5	7	26
0	2	21
5	10	27
4	4	30
7	9	25
2	3	20
1	4	25
4	9	30
2	7	22
2	8	23
0	15	90
0	17	91
4	8	24
4	10	23
2	8	24
6	10	30
3	7	21
4	14	30
6	10	30
3	7	22
3	7	22
4	8	24
5	9	25
5	7	30
4	10	25
4	9	25
2	6	22
9	14	32
3	6	24
2	6	23
2	6	24
2	4	21
4	6	23
2	6	21
3	6	22
3	6	21
3	8	23
2	10	24
2	7	23
5	8	24
1	4	22
4	7	24
4	8	24
4	7	23
2	5	23
3	5	22
2	4	21
3	7	25
3	7	24
2	5	24
2	3	23
3	7	25
3	5	23
4	8	24
3	6	26
6	7	31
5	8	31
5	6	25
5	7	25
4	7	26
2	5	21
8	13	29
1	4	21
6	12	24
5	8	24
5	9	28
9	13	36
8	12	35
2	5	22
5	7	22
2	3	21
5	7	31
1	4	21
6	8	27
6	8	25
7	10	28
2	5	22
2	5	21
6	10	30
3	8	25
6	11	32
2	8	21
3	6	23
6	8	24
4	5	22
5	6	21
5	7	25
1	4	21
7	9	30
0	10	85
2	9	21
2	8	25
3	8	22
2	6	22
4	7	22
3	7	21
6	11	31
5	11	30
2	1	22
1	1	20
0	1	22
3	6	21
2	7	24
10	10	32
9	10	32
3	5	22
2	5	26
9	9	28
0	11	91
0	13	91
0	2	21
1	7	23
1	8	23
2	8	25
4	5	23
6	6	32
2	5	24
7	14	34
5	9	25
4	9	24
4	8	23
6	9	26
5	10	25
5	8	24
4	8	25
6	6	26
7	11	27
6	12	30
6	11	26
11	13	33
2	6	22
2	8	24
2	8	23
3	8	21
3	7	21
8	12	32
5	8	22
5	6	24
4	9	23
6	9	26
3	6	24
3	7	23
3	7	21
4	7	24
3	5	20
6	13	32
8	14	32
6	10	27
4	8	24
5	9	23
2	8	22
4	10	26
5	9	24
2	5	21
6	9	24
3	11	26
1	10	23
3	8	22
3	8	21
1	4	21
7	9	23
5	8	23
3	7	24
3	5	24
0	7	72
4	8	25
8	11	35
7	10	34
4	8	23
2	3	22
7	9	27
2	7	21
3	6	22
4	5	24
4	4	25
8	6	30
5	4	24
6	5	27
4	4	24
4	5	26
4	4	25
7	10	32
3	6	22
3	8	22
2	7	20
8	10	27
8	11	30
4	7	22
2	7	23
2	4	21
1	3	20
1	3	21
7	8	32
3	8	24
3	6	20
6	14	31
10	10	32
4	7	24
8	8	30
2	13	89
4	7	21
3	10	24
6	10	27
7	9	30
7	11	30
3	5	24
4	6	24
6	7	28
9	7	30
3	6	25
4	7	22
5	9	26
4	7	24
5	8	26
6	8	25
6	10	26
1	5	21
3	6	22
2	6	21
3	7	24
5	7	22
3	9	23
6	10	27
8	12	33
3	8	22
8	10	28
4	14	29
3	7	22
3	7	21
6	11	27
6	11	27
8	13	30
7	14	29
3	9	21
3	10	22
3	9	27
5	8	25
4	5	25
2	6	21
10	14	33
2	5	22
7	11	28
8	14	32
5	8	25
3	8	24
2	6	21
4	9	30
2	5	23
3	8	21
4	6	21
4	8	22
5	6	25
5	9	25
8	13	27
2	9	22
4	8	23
9	11	33
7	11	29
1	9	25
0	-1	90
0	4	20
3	7	21
4	7	25
9	14	31
2	7	22
3	9	23
5	12	31
4	9	24
6	10	25
5	10	25
4	10	27
5	11	27
3	6	24
0	7	90
2	9	24
2	7	23
3	5	24
2	7	23
3	6	22
7	10	26
7	9	28
3	9	21
2	4	22
8	15	32
0	5	21
1	5	20
6	10	30
4	7	23
3	7	21
6	10	25
5	8	22
6	8	29
5	11	37
10	14	37
4	6	23
4	9	24
5	9	24
0	3	22
1	4	21
6	11	31
9	12	29
7	11	26
6	10	28
2	8	23
5	9	25
4	5	20
5	7	23
2	5	21
0	4	91
1	6	21
6	10	31
4	9	24
2	8	25
3	7	23
3	7	21
8	14	32
4	5	24
2	7	21
5	9	26
5	9	26
3	9	23
4	7	22
3	9	25
5	8	26
4	7	23
4	7	22
4	9	26
8	8	32
6	10	31
0	12	91
0	7	91
2	4	22
10	11	28
2	6	21
2	6	20
4	7	24
5	9	26
4	11	25
7	9	26
5	7	24
4	7	23
6	14	30
5	7	23
4	8	24
6	7	31
6	7	27
3	11	25
0	27	91
9	10	35
5	8	25
8	15	33
8	11	28
3	5	22
3	5	22
2	5	20
4	8	24
2	8	22
1	7	22
3	6	23
3	8	23
3	13	31
7	9	25
6	8	22
4	5	23
2	7	21
5	8	24
6	11	31
7	12	30
3	4	21
6	7	23
4	9	25
7	7	33
4	7	24
3	7	21
2	5	23
1	4	20
0	-1	89
0	15	89
7	12	31
2	14	40
7	11	26
3	8	24
4	8	22
5	6	23
4	5	23
2	9	23
2	7	23
4	7	26
3	8	25
4	7	25
4	9	23
1	6	27
8	11	29
3	5	23
7	10	28
6	12	28
4	9	27
4	21	90
2	7	21
4	6	23
3	7	25
3	7	24
3	7	23
2	6	22
5	12	30
11	13	40
9	12	26
3	8	23
5	10	30
8	12	31
5	9	25
2	7	21
5	7	23
4	9	23
7	9	27
6	8	29
9	13	29
8	11	29
3	9	24
1	8	23
3	8	21
3	8	20
1	4	21
3	6	22
1	4	21
2	6	26
7	13	30
6	11	27
8	13	32
5	11	27
8	10	30
5	7	26
6	9	26
6	12	28
4	12	30
5	10	27
9	14	36
4	5	21
6	12	30
12	14	37
6	11	25
3	8	22
4	8	21
6	8	26
4	8	25
6	7	24
2	6	21
8	8	31
7	8	29
5	8	28
6	7	30
3	7	23
4	5	27
3	6	22
7	13	31
1	2	23
6	9	26
4	12	30
4	6	24
5	12	27
4	8	21
3	6	20
3	6	22
2	5	23
2	4	22
2	4	21
1	4	20
7	10	31
3	5	23
5	8	23
4	8	24
2	5	22
1	5	23
2	8	24
2	7	22
11	10	36
11	10	36
10	14	36
10	13	34
9	11	34
8	9	33
3	8	22
1	6	20
6	9	24
7	8	24
0	2	22
7	8	26
0	3	20
8	11	34
4	8	26
3	7	22
2	6	22
3	8	21
4	5	24
4	6	26
4	6	23
3	7	25
2	5	21
4	9	25
3	9	25
4	10	25
11	14	42
2	4	22
7	11	30
9	11	30
2	6	22
7	8	30
1	6	22
0	10	91
0	13	91
4	8	22
5	7	26
5	9	25
3	5	22
4	12	30
20	25	72
3	5	21
5	7	24
5	10	25
1	3	24
1	4	25
3	6	22
2	6	22
2	6	22
2	6	20
5	4	23
1	5	22
5	9	25
3	6	22
4	8	27
5	28	91
1	2	20
3	6	24
10	12	31
6	9	26
3	8	22
4	10	24
4	11	25
5	10	26
6	7	26
7	11	29
1	4	21
5	10	24
5	9	26
3	13	31
1	7	23
3	9	26
4	8	24
3	4	21
4	7	24
9	13	32
5	7	23
6	9	31
6	11	26
5	9	24
4	9	26
9	12	32
7	13	27
7	10	28
9	9	35
7	11	32
7	10	30
8	8	28
7	9	32
6	13	30
5	8	23
4	8	23
5	9	24
6	11	27
6	10	26
5	10	24
5	10	23
2	5	23
6	12	30
4	13	29
6	8	29
9	10	32
3	7	21
9	13	32
3	6	25
3	8	23
3	7	20
4	6	24
4	8	23
2	6	22
6	11	29
8	9	28
3	11	25
4	8	23
7	9	27
6	7	24
6	7	25
6	10	26
2	6	23
3	6	23
3	6	22
8	13	35
6	10	30
5	7	26
8	10	31
6	7	25
6	11	31
8	13	30
2	8	24
5	11	31
6	11	30
3	7	24
4	8	27
3	7	23
5	8	25
4	9	25
4	8	26
4	7	24
3	7	25
2	8	23
2	7	25
9	14	36
0	9	89
1	15	91
8	11	29
9	13	33
2	5	22
4	4	23
3	5	26
8	10	32
8	12	31
3	11	23
4	11	25
4	8	24
3	6	22
4	8	23
10	9	36
9	8	30
8	8	31
7	7	28
2	6	23
5	6	25
5	7	24
3	9	22
6	10	31
4	5	21
6	7	25
0	6	91
0	8	91
3	7	22
5	7	24
3	6	23
4	7	22
9	9	27
7	10	25
2	2	21
2	6	21
8	12	33
4	8	22
2	6	22
3	6	23
10	12	34
6	8	26
7	12	28
8	11	28
4	6	22
7	8	23
5	5	23
3	6	21
0	3	21
3	4	21
4	7	21
2	5	23
2	6	22
8	9	32
2	8	28
6	7	26
6	11	28
5	9	25
4	6	23
9	11	34
6	8	28
4	7	23
2	9	23
2	12	25
4	6	22
1	5	26
2	6	21
4	9	25
4	12	26
7	10	29
3	6	21
3	6	23
4	9	24
4	7	24
10	11	35
0	2	22
6	10	26
4	6	21
0	9	90
5	6	30
5	10	30
4	7	25
8	10	26
2	5	23
2	4	21
1	5	20
2	5	21
8	10	28
3	8	25
3	8	24
3	6	23
0	5	23
1	5	21
4	9	22
4	6	22
0	14	83
5	5	23
1	8	91
0	13	90
5	6	24
3	4	23
3	9	27
6	12	30
4	8	24
3	9	23
4	7	22
7	13	31
10	16	34
2	6	23
2	4	22
6	11	31
3	4	25
3	3	24
4	7	30
3	3	23
1	2	22
4	6	26
4	5	25
4	7	27
5	6	24
6	10	26
2	7	22
4	6	24
3	5	22
0	3	20
5	9	26
8	8	24
10	14	36
8	13	34
3	7	23
2	5	24
8	11	30
5	7	24
5	9	24
7	8	25
4	7	25
6	12	33
6	12	33
3	6	21
4	8	23
6	8	25
2	8	20
7	11	29
6	8	27
3	6	22
3	6	22
5	8	24
5	8	23
2	8	23
2	5	21
10	12	32
1	4	21
1	4	20
4	8	24
4	7	23
1	10	91
0	7	90
3	6	22
3	6	22
7	8	25
9	10	30
8	9	30
7	9	26
6	7	26
7	9	25
7	8	26
7	9	31
4	6	28
7	9	30
7	8	27
5	7	25
3	7	22
2	4	22
4	8	21
2	5	21
6	7	24
9	10	35
10	11	36
4	16	31
5	7	25
4	6	22
2	8	22
2	6	20
5	10	26
5	9	24
2	8	22
9	12	32
3	7	23
5	7	25
3	5	21
2	30	90
1	3	21
3	6	24
4	11	31
2	6	26
2	6	24
2	7	25
6	10	32
7	12	32
6	10	30
6	12	33
4	8	24
8	12	31
12	13	38
9	11	35
7	10	27
8	11	27
2	5	23
3	10	30
7	9	27
6	10	29
2	7	22
3	9	22
3	8	21
1	12	25
2	10	27
6	9	28
6	9	26
3	8	30
7	11	28
10	10	35
5	10	24
1	6	21
3	7	20
7	11	31
3	4	21
3	37	89
2	5	21
3	7	21
7	10	29
4	8	23
2	7	25
3	7	23
2	6	24
3	6	22
3	9	24
1	9	22
3	7	22
3	6	21
3	8	20
7	10	27
4	9	24
4	7	24
6	9	27
5	8	25
7	9	26
7	13	27
1	7	20
3	8	22
4	8	22
5	7	26
6	14	31
8	15	34
2	7	21
2	7	22
2	4	21
4	4	22
3	6	23
5	11	31
3	5	23
3	5	22
2	4	21
2	5	20
4	12	35
4	9	24
4	8	23
5	8	25
3	6	22
4	7	23
3	8	24
4	7	27
2	6	22
1	7	21
8	11	31
2	8	22
7	8	26
6	9	26
4	5	22
4	6	22
8	13	39
4	8	31
2	6	23
7	14	30
5	11	31
2	6	21
1	4	20
5	8	22
2	5	23
6	14	33
5	11	28
5	12	27
7	11	26
4	11	31
0	7	91
1	5	91
3	8	23
4	11	30
7	8	30
7	7	28
4	10	25
3	9	22
5	9	25
4	7	23
1	7	23
8	12	29
11	11	34
8	11	30
5	11	28
6	12	31
4	9	26
4	7	22
6	12	30
4	7	24
3	6	25
6	10	32
4	8	26
3	8	24
6	9	30
6	10	28
5	11	29
6	11	25
1	7	22
2	4	21
7	9	31
12	15	39
2	8	22
2	8	24
3	4	21
1	4	21
6	9	24
4	10	23
4	11	26
4	9	25
3	7	20
4	7	24
5	7	25
6	7	26
6	7	27
3	6	20
3	12	25
3	10	25
7	11	34
6	11	27
3	5	23
2	4	20
4	6	23
5	11	31
2	6	21
6	5	25
3	3	25
6	6	27
3	9	22
4	6	26
8	9	31
2	7	22
2	7	23
6	10	29
5	6	25
2	3	22
2	8	22
2	6	21
3	7	23
3	7	22
3	8	23
6	15	30
5	9	24
0	7	91
5	12	29
3	5	21
6	12	28
4	9	25
2	6	22
2	5	24
2	3	23
1	3	22
1	3	21
1	4	20
1	5	21
4	7	25
4	27	91
5	28	91
4	28	91
10	9	30
1	7	23
2	6	24
3	6	23
5	9	26
4	5	23
3	6	22
4	7	23
4	7	21
3	7	25
4	9	23
0	7	91
0	8	90
2	5	24
1	4	23
1	4	22
2	5	20
2	7	21
5	8	25
4	10	30
1	2	23
1	2	21
2	7	22
2	7	21
3	6	25
0	8	91
0	9	90
2	4	22
0	8	90
0	11	91
4	8	24
4	7	24
8	13	31
9	13	30
7	9	25
7	9	26
5	9	25
5	8	24
7	10	29
4	7	23
8	9	30
0	4	23
0	3	22
0	25	91
7	11	32
2	7	24
2	11	25
5	6	20
4	7	24
7	10	28
8	6	30
7	6	28
7	8	31
1	5	21
5	13	24
4	8	26
4	8	23
4	4	22
5	9	24
6	10	25
2	8	22
7	12	31
1	3	21
1	1	22
6	9	30
5	7	26
6	6	26
7	7	32
9	10	29
2	5	23
4	9	31
3	4	21
1	6	91
3	4	23
4	10	32
8	11	32
4	10	24
2	3	21
2	6	21
2	6	22
3	7	21
6	9	30
7	8	32
5	8	33
4	9	23
3	6	22
3	7	26
3	7	24
2	6	23
0	3	20
3	7	23
7	9	27
3	5	22
0	4	21
2	5	20
3	8	22
3	6	22
3	7	26
4	7	22
3	7	21
4	7	24
4	8	24
3	8	22
3	10	28
5	7	25
6	27	90
6	7	30
0	11	91
0	4	20
8	8	31
8	8	33
8	8	34
8	7	32
9	8	32
6	8	25
8	11	31
7	13	30
4	7	22
6	10	27
3	5	24
4	4	23
0	8	91
1	9	90
1	1	21
5	10	30
3	7	21
3	7	23
1	2	21
7	11	27
9	8	31
6	8	24
1	5	23
5	8	32
3	6	25
2	6	24
2	6	21
4	8	24
4	8	23
5	8	25
2	4	21
7	12	32
3	10	23
6	10	26
5	10	24
4	13	26
5	13	27
9	10	30
5	11	31
11	11	37
3	5	22
2	6	21
10	11	35
9	9	31
8	9	30
6	9	24
3	5	22
10	7	30
12	10	35
9	11	37
10	10	34
9	9	34
9	10	31
8	11	30
8	14	31
2	4	24
0	4	20
4	7	25
6	9	26
4	9	24
3	8	23
2	7	22
3	7	21
0	4	20
4	7	23
2	7	23
2	7	23
2	6	22
2	6	21
3	5	23
5	4	22
8	11	29
8	11	30
5	9	26
2	9	22
3	5	21
3	7	22
3	9	23
4	9	25
4	8	23
3	6	22
3	7	22
3	6	24
2	7	23
3	9	25
4	7	25
4	6	24
4	9	24
4	8	26
6	10	25
3	5	22
5	6	24
8	10	27
7	9	27
5	9	28
2	6	20
2	7	22
4	10	25
6	15	32
7	13	32
8	11	26
3	5	22
2	5	21
0	3	21
8	10	29
10	12	32
3	6	23
4	6	25
2	6	21
3	11	30
3	4	22
4	9	25
2	6	21
3	5	21
3	5	21
4	7	24
3	8	28
3	6	27
3	9	29
4	9	29
3	7	27
3	6	25
5	7	24
1	4	22
1	4	21
5	9	33
3	8	22
5	9	26
3	6	22
7	10	29
6	10	27
6	9	26
7	10	28
8	10	30
4	5	22
3	9	25
3	5	21
3	5	24
4	6	21
0	8	91
5	12	27
7	11	28
4	8	24
5	8	25
4	9	23
6	9	25
6	8	25
4	10	30
6	9	27
7	8	26
6	7	26
3	6	20
2	7	22
3	8	22
6	8	35
3	7	23
5	7	26
1	8	32
3	6	22
5	9	23
0	16	90
4	4	25
0	2	23
8	11	36
6	10	28
3	5	21
3	5	25
4	7	22
4	6	25
2	6	23
5	8	25
8	13	33
3	6	25
7	10	33
2	12	90
1	3	22
4	9	27
3	4	23
10	13	33
7	11	30
7	10	30
6	9	23
4	6	23
7	8	28
6	8	27
6	7	25
5	7	25
5	7	24
1	6	21
1	4	21
0	4	20
3	5	22
2	6	21
1	4	22
6	13	30
4	7	21
3	9	26
9	9	33
3	4	25
4	7	26
10	15	34
2	3	21
0	25	81
6	9	25
8	9	26
5	7	26
2	6	21
4	6	25
4	9	32
4	5	24
2	6	22
4	7	26
3	5	23
4	5	23
7	11	31
7	9	30
6	9	29
1	4	21
2	6	20
4	10	22
3	9	23
2	9	23
3	8	22
8	8	28
9	9	29
1	29	89
0	4	25
1	3	23
7	8	25
3	5	23
1	4	23
3	25	84
6	9	30
5	8	26
5	8	24
5	7	24
6	8	23
2	10	22
3	10	25
2	8	23
4	10	25
4	10	24
4	9	23
3	6	22
4	10	26
5	11	25
2	6	25
4	5	23
5	8	23
0	3	21
0	2	21
2	4	20
0	4	22
1	4	20
0	10	90
0	12	91
5	10	23
3	5	23
2	5	22
4	8	24
2	6	21
2	6	20
6	10	27
6	10	27
4	8	25
4	7	27
9	9	27
3	7	25
7	8	25
8	8	37
2	3	21
4	8	23
6	9	27
2	19	90
6	11	27
6	10	28
6	10	27
6	11	25
4	8	26
3	9	22
7	8	25
2	6	21
2	7	24
3	7	23
2	4	22
5	9	28
8	11	32
7	9	29
4	4	25
3	6	26
2	3	21
2	5	21
7	8	24
6	8	25
6	8	24
2	5	22
3	6	21
5	7	32
6	8	25
4	7	25
2	4	22
3	6	23
7	11	27
8	9	27
7	10	26
7	10	25
0	7	50
2	-1	90
2	6	22
4	4	22
2	7	22
7	14	34
7	9	25
7	9	31
6	8	32
2	5	21
6	7	24
3	6	23
3	9	23
2	6	21
6	8	27
6	12	30
3	6	21
0	9	91
0	9	90
2	5	21
2	3	21
4	7	24
3	8	24
2	8	23
3	4	21
0	8	89
3	6	22
3	5	21
5	10	25
0	10	90
0	11	90
4	7	22
5	8	27
9	12	29
8	9	31
6	7	30
1	4	21
0	3	90
10	11	33
8	10	31
7	8	25
2	6	24
3	7	24
3	6	23
7	9	28
0	5	90
5	12	31
2	7	22
3	9	23
5	13	31
9	14	35
1	4	21
10	10	31
8	8	32
3	10	30
5	5	22
0	2	23
5	11	31
3	7	22
7	11	26
0	3	20
4	8	21
3	6	21
3	5	21
1	5	21
3	6	20
3	6	24
7	9	28
5	5	21
3	9	24
4	7	23
1	5	23
3	7	21
10	16	36
10	14	37
8	15	33
2	3	21
2	7	21
4	12	26
4	7	27
4	9	24
6	10	25
8	10	31
4	8	30
7	10	31
4	7	21
7	11	29
3	8	23
1	2	24
3	6	22
4	6	23
8	12	30
6	11	31
5	8	24
5	9	30
7	10	30
0	27	91
1	27	91
1	-1	91
3	4	22
5	7	24
5	7	24
5	6	24
6	7	28
4	8	24
7	11	30
4	5	25
5	9	30
0	14	90
0	15	91
11	12	35
8	12	36
7	9	33
4	8	22
4	7	21
9	9	30
3	8	26
2	8	24
3	9	23
3	10	25
4	10	27
4	10	26
4	7	24
5	7	26
1	8	30
0	3	21
7	11	30
6	6	22
4	8	23
4	6	25
6	13	30
5	7	25
6	6	25
5	11	27
9	11	29
9	12	31
10	12	31
8	12	28
7	10	29
3	8	22
4	8	26
3	8	23
2	6	22
2	5	21
1	4	24
4	8	23
4	11	27
3	7	22
3	5	22
8	8	30
3	7	22
1	8	20
5	7	23
9	10	25
6	10	26
8	9	30
2	5	20
10	11	37
3	6	23
3	4	20
6	6	24
2	8	23
8	11	30
2	5	22
6	8	22
10	11	33
8	12	30
4	7	25
1	3	24
5	14	30
7	11	29
8	15	37
5	13	31
4	11	31
6	10	28
7	12	33
5	9	26
5	8	25
5	8	30
5	9	27
5	9	27
3	9	29
4	9	31
4	8	31
3	7	25
3	7	24
7	12	28
3	8	26
4	7	26
5	8	25
4	7	21
3	23	91
5	8	23
3	7	25
9	13	34
10	14	36
10	13	33
7	8	25
1	14	90
0	23	91
2	7	20
3	6	22
5	10	27
4	9	24
4	6	24
5	6	31
7	9	31
6	9	24
2	4	20
2	5	20
8	10	28
10	12	34
2	7	22
2	7	22
6	9	25
4	7	26
12	13	39
2	8	21
0	14	90
3	9	23
3	8	25
4	8	27
5	8	27
4	7	25
3	6	26
3	6	24
1	3	20
1	3	23
6	8	25
1	3	20
2	6	21
6	9	32
3	6	20
3	21	91
1	1	21
1	2	22
1	2	23
7	8	30
4	7	22
1	5	21
0	3	22
0	3	23
6	8	29
5	6	23
4	7	24
5	9	25
4	9	25
4	8	24
4	8	25
3	6	22
8	8	27
5	10	27
5	7	25
5	7	21
2	7	23
4	8	31
3	5	23
3	10	32
4	10	27
7	10	33
8	10	29
3	6	21
7	12	31
2	9	24
2	8	25
6	11	24
3	5	21
2	8	20
3	6	22
3	8	22
6	7	25
3	7	22
2	9	22
4	7	23
37	41	87
37	39	89
5	11	27
11	16	38
11	13	36
10	13	36
10	13	35
11	13	33
9	13	37
10	12	37
8	10	32
9	11	33
7	8	28
1	3	20
1	4	20
7	11	30
7	11	28
9	11	31
8	10	29
8	11	34
4	9	26
6	8	27
3	10	26
3	9	24
4	8	24
5	6	24
8	10	28
3	7	23
3	5	22
3	7	21
3	39	90
7	13	35
6	15	35
5	12	30
5	10	29
6	13	28
9	13	31
2	4	20
2	5	25
2	5	23
4	6	21
2	6	22
4	9	23
8	14	28
3	6	23
2	8	24
4	9	23
3	5	23
3	6	22
1	5	21
5	8	24
2	4	23
2	8	28
7	10	29
4	7	23
6	12	30
5	8	23
8	9	30
8	8	27
11	13	36
6	10	26
5	11	25
7	8	31
1	6	20
1	4	22
3	9	21
4	7	22
6	9	25
3	6	22
3	7	22
3	10	22
2	11	25
2	7	23
2	5	21
6	11	31
5	7	30
1	6	21
5	6	24
1	5	20
7	13	30
5	10	30
7	10	30
5	8	26
4	7	26
3	5	23
8	9	32
8	9	33
9	9	33
8	8	30
6	11	33
5	12	28
1	6	22
6	6	30
8	9	31
0	7	90
5	7	24
3	7	22
4	8	24
6	6	27
6	13	31
2	5	24
1	3	22
1	3	21
0	2	20
2	6	21
6	9	24
8	11	31
4	10	30
1	7	22
5	9	25
7	11	29
3	7	21
4	6	21
2	5	21
4	7	26
6	7	33
9	7	33
2	4	24
4	8	24
3	8	23
6	43	91
4	-1	91
4	-1	91
4	42	91
5	43	91
5	7	24
4	6	22
4	7	25
4	8	25
2	5	24
2	6	21
5	11	27
2	7	22
2	7	21
5	8	26
6	10	30
6	11	30
6	10	32
4	9	30
4	7	24
5	12	32
0	9	91
6	11	28
5	7	25
4	8	24
3	6	23
2	6	21
2	7	22
7	9	27
2	7	23
5	9	25
0	10	90
0	7	91
4	4	24
4	11	27
8	11	31
7	11	29
11	16	36
9	12	35
0	8	91
0	8	91
1	7	23
2	6	20
2	7	25
4	8	22
0	23	91
9	14	34
5	10	27
5	6	24
2	5	20
4	6	25
1	4	22
6	11	31
5	11	30
0	2	21
1	3	25
6	7	24
4	4	21
5	7	24
3	5	23
1	5	20
3	5	21
0	6	91
0	15	90
4	9	27
3	4	23
4	8	26
7	11	28
6	5	26
1	3	23
1	4	22
3	7	24
7	9	24
0	1	21
4	6	22
7	7	32
5	8	22
2	5	21
0	9	90
0	10	90
3	9	27
0	12	91
0	10	90
2	7	21
2	4	22
4	9	24
4	9	25
2	9	23
3	8	22
4	10	25
3	9	24
4	7	22
4	6	22
4	8	24
5	10	24
0	4	21
5	8	30
5	11	33
6	7	25
5	11	30
5	8	25
2	7	23
3	6	23
4	7	22
3	8	22
4	8	22
6	8	30
3	7	22
5	8	27
2	5	24
2	6	22
2	5	22
0	4	91
0	6	91
2	5	21
5	5	24
7	8	25
6	10	28
9	12	34
9	13	32
7	8	28
7	12	29
9	14	34
3	8	22
4	5	23
0	3	26
0	3	25
0	3	23
1	3	23
0	3	21
4	6	25
6	8	30
0	10	90
7	10	26
8	10	32
1	7	21
2	3	21
9	13	33
8	14	34
4	7	23
3	5	21
19	21	55
0	4	21
1	8	21
2	7	21
4	7	23
3	7	20
5	9	23
8	10	26
3	5	22
2	8	25
8	14	28
2	4	20
3	5	24
2	8	22
5	9	24
4	7	22
2	5	22
2	5	21
3	4	20
3	7	23
7	13	31
2	5	25
1	6	22
4	6	23
4	5	23
3	4	22
10	-1	40
5	9	33
3	7	22
0	15	89
5	11	24
4	8	30
6	8	30
5	6	25
0	-1	51
1	13	90
1	10	91
8	10	31
1	6	23
5	6	24
0	-1	89
6	8	27
3	5	23
7	11	27
5	7	25
5	8	25
6	10	29
0	7	91
2	8	21
5	-1	90
1	3	23
6	8	24
9	36	91
8	12	30
6	12	28
0	1	22
2	2	23
7	7	25
3	6	22
1	3	21
7	8	26
2	5	20
0	12	91
0	16	91
4	4	21
1	11	91
5	9	26
5	7	23
3	8	25
3	6	23
3	6	22
2	6	21
2	6	22
4	36	91
5	9	24
4	8	22
7	6	25
2	6	23
3	5	23
0	2	20
1	3	21
2	3	20
6	9	25
8	13	33
5	13	30
5	7	21
4	7	25
1	6	22
0	12	91
0	3	21
3	4	22
5	6	25
5	10	23
6	11	26
6	16	32
5	8	30
6	7	27
3	8	24
10	13	34
3	4	23
5	11	26
3	6	26
4	5	24
4	5	25
2	5	22
4	8	25
9	12	34
0	3	20
4	7	24
4	6	23
7	12	33
4	9	26
3	6	21
1	3	20
0	3	21
0	3	22
0	3	23
10	14	34
2	5	21
3	5	22
0	11	91
0	14	91
2	6	21
4	6	22
2	6	23
4	5	21
3	5	21
4	-1	91
4	-1	91
4	-1	91
4	6	23
5	7	23
1	4	20
2	4	22
4	7	25
2	5	21
2	8	21
4	9	22
4	6	20
1	3	22
3	8	22
3	8	23
1	2	21
0	15	91
4	6	21
8	10	33
0	17	91
2	6	21
6	12	27
7	9	28
9	11	35
10	14	35
3	8	23
0	13	90
0	12	91
3	7	21
3	6	23
2	4	23
2	5	23
5	8	24
4	8	23
4	5	23
6	14	31
6	11	32
6	10	25
4	8	26
2	7	23
3	7	23
2	3	25
9	12	29
5	7	25
8	10	26
0	16	91
0	16	90
6	5	27
4	7	24
5	7	32
2	3	23
2	6	21
6	9	27
6	9	28
5	8	31
3	7	25
0	5	21
1	4	23
1	3	22
1	6	20
6	7	26
2	6	22
2	5	22
3	7	24
4	6	24
2	6	21
8	14	32
3	4	24
6	10	23
2	4	21
5	14	32
1	6	21
7	13	30
3	9	26
2	5	21
8	8	27
2	7	22
1	9	21
0	10	60
1	4	20
10	15	34
1	4	22
5	6	22
4	6	21
1	3	20
0	0	91
0	0	91
9	10	29
0	2	21
3	7	23
2	6	21
2	5	22
2	6	20
6	6	25
5	10	31
5	8	26
5	7	25
4	7	26
5	12	30
3	6	22
3	7	21
1	10	91
2	6	21
3	7	23
3	6	23
5	7	24
2	6	21
3	7	23
5	5	26
2	6	23
3	7	23
4	8	23
2	10	23
2	8	23
3	8	21
0	12	91
4	6	26
5	8	25
6	6	24
2	6	27
7	13	31
0	4	22
7	9	26
7	8	26
2	4	21
2	8	24
8	9	30
6	9	31
3	8	23
3	8	22
7	9	27
7	10	28
1	4	23
7	8	27
4	7	21
0	29	90
5	10	25
2	6	21
1	7	22
1	4	20
4	10	31
2	6	21
2	5	22
2	6	20
4	6	22
1	7	22
6	7	23
5	8	22
3	5	22
11	12	36
7	12	30
1	5	21
2	13	91
1	13	91
3	5	21
6	7	22
3	7	22
0	7	42
1	5	21
3	5	22
5	9	24
1	13	87
0	14	91
7	11	25
3	5	23
1	10	91
0	10	91
4	9	28
6	8	23
0	7	89
3	5	23
2	4	21
3	8	23
3	5	20
5	9	26
3	6	23
2	5	21
5	7	24
6	13	30
9	14	30
2	7	23
6	6	26
5	7	24
4	7	21
4	8	21
3	9	22
6	12	32
5	7	22
9	11	33
8	10	25
4	13	30
4	7	24
3	7	24
3	7	24
6	8	25
3	8	24
2	6	21
3	6	22
3	7	22
6	11	29
5	7	23
6	7	26
8	12	29
6	7	25
5	8	27
2	5	21
5	8	25
2	6	21
4	5	23
8	12	29
2	7	23
3	4	22
6	6	25
6	7	23
7	11	31
4	10	32
6	7	25
2	5	21
5	10	26
6	9	31
6	8	25
3	8	23
1	5	20
1	5	21
3	7	23
5	6	25
2	4	21
7	-1	90
4	6	22
0	10	91
2	5	21
1	10	91
1	12	90
5	9	25
7	10	25
1	10	90
5	9	32
9	12	30
5	7	26
1	5	21
6	9	27
2	5	22
3	5	20
2	9	23
3	7	23
1	6	21
5	5	22
3	6	23
8	7	26
3	6	22
4	7	24
7	9	27
3	8	20
2	4	24
3	3	21
3	11	24
4	7	21
2	6	20
3	25	91
7	8	26
1	7	23
3	7	22
6	12	33
6	11	30
5	9	24
4	8	24
5	8	24
8	11	28
5	9	26
6	10	26
4	7	25
5	7	26
5	10	24
1	6	21
1	8	20
2	5	24
0	34	90
4	7	25
5	7	24
0	2	49
2	6	22
7	9	36
3	7	20
3	9	25
4	10	27
4	9	24
3	7	21
3	8	23
4	10	26
5	10	25
4	12	27
3	11	24
3	12	25
4	8	24
5	7	23
3	6	23
5	5	21
4	8	24
4	10	25
1	9	23
2	7	26
5	7	27
2	6	22
5	8	30
1	5	21
9	8	33
5	12	30
5	10	27
5	11	24
9	12	31
0	12	91
0	12	90
6	10	25
4	7	24
5	6	27
4	5	27
6	8	31
6	9	31
7	14	31
7	11	28
7	11	32
4	10	30
3	4	22
2	5	23
7	13	31
4	8	23
3	8	23
6	8	24
8	10	35
5	8	24
8	8	30
8	13	31
9	11	32
9	12	32
9	13	30
9	13	32
2	4	21
4	6	25
2	9	26
2	8	22
1	7	20
2	9	24
4	7	24
6	12	30
4	7	23
7	11	35
2	4	22
3	8	20
4	8	21
5	7	31
11	15	38
7	8	26
2	9	24
5	9	24
5	9	22
9	9	28
4	9	23
7	8	27
8	7	26
3	7	23
2	8	22
3	8	23
2	5	25
7	13	30
6	10	30
7	15	34
3	7	21
10	13	30
7	9	29
3	4	21
3	6	21
4	9	25
4	7	23
2	8	21
3	10	22
5	38	90
1	23	90
4	7	24
2	7	23
2	8	24
3	7	21
4	7	23
3	6	23
4	7	26
0	3	20
2	6	20
6	9	26
6	9	26
9	12	30
9	11	29
6	9	27
5	8	25
4	8	25
3	7	20
3	5	24
3	6	22
2	6	21
2	7	23
2	6	21
3	7	24
3	6	22
5	8	25
4	8	24
5	10	30
5	10	30
4	10	26
5	10	26
7	10	27
3	5	21
3	6	25
3	5	23
3	7	24
2	7	21
6	7	25
0	9	90
4	7	23
6	10	31
2	6	21
4	8	22
9	12	36
6	6	25
4	8	25
4	7	23
5	8	27
2	5	21
7	14	31
5	8	28
5	6	24
0	7	91
8	12	32
8	12	28
5	11	24
3	10	23
3	4	20
3	7	23
3	6	23
2	10	23
1	6	23
1	7	24
3	15	91
11	11	33
6	10	31
3	6	24
3	6	21
5	10	24
7	10	26
0	13	90
2	7	21
2	7	21
3	8	24
4	6	24
4	8	25
4	6	24
5	9	23
4	9	22
3	9	24
5	7	23
3	7	23
4	8	22
4	4	23
3	4	23
7	9	31
9	10	34
0	13	90
8	12	32
7	10	27
6	6	23
3	5	22
0	8	90
0	10	90
3	5	23
4	6	23
3	5	21
3	8	22
0	13	90
1	29	90
7	9	30
2	7	21
3	6	22
6	9	33
2	6	23
3	5	22
5	11	26
1	5	23
4	6	23
4	6	22
4	7	23
5	7	31
3	7	21
6	7	24
3	4	22
6	12	27
7	10	31
8	9	29
8	9	31
1	4	21
1	4	20
4	13	26
6	7	23
3	7	23
7	10	28
13	14	42
1	7	20
0	4	90
0	12	90
0	14	90
0	11	89
2	6	22
1	4	21
1	6	21
6	5	26
3	9	21
2	7	24
3	7	23
3	6	23
6	8	23
4	7	24
6	11	28
4	6	20
2	6	23
5	9	26
4	6	23
7	13	33
2	9	24
3	7	24
3	7	23
7	9	32
3	7	23
3	8	26
4	6	23
4	5	23
4	7	23
3	8	25
3	7	24
4	8	23
3	8	23
7	11	28
4	6	25
5	8	30
4	6	25
0	4	20
0	3	21
7	10	31
8	11	32
5	8	24
8	10	30
9	17	39
10	14	35
11	14	36
8	11	27
10	15	32
11	18	38
12	15	37
11	17	36
10	16	35
10	21	42
10	20	40
10	19	38
9	14	33
12	22	42
13	17	39
12	17	36
9	10	34
8	9	30
9	12	33
7	8	26
9	9	30
9	11	31
8	8	26
7	10	28
10	11	34
3	7	23
6	9	39
5	8	33
6	8	38
4	5	22
5	6	38
2	8	22
3	3	35
3	7	23
3	7	24
3	7	23
3	8	23
5	9	24
3	7	21
8	10	27
7	10	27
1	4	22
6	8	31
3	6	23
4	5	20
0	10	91
0	10	90
4	7	24
4	8	23
6	7	28
0	8	90
5	6	26
2	7	21
3	5	23
3	5	21
8	8	31
4	8	23
2	7	23
2	5	21
2	5	24
5	7	26
1	5	30
0	4	30
2	6	22
2	7	22
1	3	25
0	4	25
5	8	27
5	7	24
4	6	22
3	8	25
3	7	25
4	7	23
3	6	22
5	6	25
7	8	26
1	3	20
7	8	27
0	23	90
0	7	91
0	6	90
5	8	32
4	7	23
2	3	23
3	6	23
3	5	22
4	6	23
3	5	20
3	5	24
4	6	22
3	6	23
3	6	23
7	10	31
3	6	21
3	7	22
2	7	22
2	5	23
4	7	25
6	11	25
4	7	23
4	8	25
6	7	23
4	7	25
4	8	23
0	10	91
0	11	91
7	10	33
5	9	27
2	6	22
3	6	23
8	10	30
4	6	23
6	10	30
4	7	26
4	8	25
4	9	28
6	9	25
6	8	26
8	8	32
5	9	27
4	10	32
6	8	27
4	6	30
4	7	25
2	4	22
12	11	91
3	4	21
5	9	24
2	5	25
9	9	32
2	6	21
5	7	26
4	7	24
0	4	90
0	7	88
1	3	20
2	4	21
4	6	25
5	11	25
2	4	21
3	5	23
1	4	23
2	10	30
9	11	34
10	9	32
10	9	30
8	9	28
0	3	22
3	6	23
2	5	23
2	6	22
1	6	22
2	8	22
4	7	23
5	7	32
0	4	21
0	3	21
4	7	23
0	2	20
8	14	36
0	4	21
1	3	21
9	11	30
6	6	27
4	8	25
2	7	23
3	8	23
3	5	22
2	5	23
5	10	25
6	8	24
4	10	24
3	8	21
3	6	22
8	11	29
6	10	33
5	10	31
5	10	24
5	9	24
6	9	25
5	8	23
2	4	23
5	8	24
5	10	24
3	10	23
1	10	22
5	7	22
3	6	23
5	7	24
9	10	26
6	11	30
3	8	25
3	8	24
3	5	21
9	9	33
6	9	30
3	7	21
2	6	22
4	9	23
3	9	24
3	8	24
6	12	26
3	6	22
4	7	25
5	6	23
8	11	28
4	7	25
4	6	23
3	8	25
1	3	22
3	6	23
2	9	24
10	11	32
6	8	26
3	7	22
2	7	21
4	7	22
6	12	30
7	9	31
10	11	37
6	8	27
7	9	24
4	9	24
0	19	90
0	7	90
2	6	21
6	11	31
2	7	23
7	10	34
5	10	30
8	10	30
5	6	23
5	7	24
9	15	33
8	10	32
3	7	21
9	12	33
5	9	24
7	9	28
4	11	26
2	9	23
0	4	22
4	7	24
11	11	35
6	8	24
5	9	28
5	6	24
5	7	25
3	6	23
4	7	24
4	6	23
4	10	27
3	6	21
6	12	26
3	5	24
4	7	25
7	9	27
4	8	30
4	8	31
4	10	28
11	11	32
12	12	34
8	14	32
9	14	32
2	6	21
3	7	24
3	8	24
5	7	23
3	8	21
7	16	33
3	7	23
4	8	22
9	12	35
7	12	28
10	12	34
4	8	31
1	14	91
0	11	91
5	8	25
4	7	22
3	6	24
0	6	90
0	6	90
2	8	22
8	11	31
2	5	22
2	6	23
3	6	23
3	9	25
2	6	21
3	6	22
3	8	23
3	6	22
5	8	23
5	7	23
4	9	23
3	9	24
3	9	23
2	7	23
4	7	20
6	6	23
3	6	22
6	8	25
4	6	23
8	12	27
6	7	24
3	7	21
3	6	21
3	5	24
3	4	22
6	9	25
3	6	22
4	7	27
7	10	30
9	12	31
3	5	22
2	6	20
3	6	22
2	5	20
4	6	23
8	12	30
3	6	23
3	8	25
3	7	22
3	7	23
3	6	22
4	6	26
4	8	25
3	6	24
3	6	25
6	9	27
4	13	30
8	11	30
4	7	24
4	10	24
3	9	22
5	11	27
4	6	21
2	7	21
5	6	24
6	8	26
7	7	28
7	8	25
8	11	29
5	6	24
7	8	31
5	8	24
5	8	24
4	7	23
4	8	25
2	9	22
3	7	24
6	8	26
3	8	23
4	8	26
2	8	23
1	27	91
3	8	23
2	5	20
5	5	24
4	11	25
5	10	26
4	6	21
3	7	25
3	6	24
7	10	34
3	7	21
5	6	26
1	6	22
0	6	91
0	6	88
3	5	21
6	7	25
3	5	21
0	34	90
4	8	24
8	10	30
7	11	32
2	9	23
3	7	23
2	6	22
2	6	20
5	9	24
2	39	90
13	13	41
3	9	23
3	7	23
3	8	24
4	8	24
5	10	25
6	9	26
6	8	23
3	9	25
7	9	26
4	4	23
6	8	29
4	6	23
3	7	20
4	9	26
9	10	30
4	5	26
5	10	24
8	10	36
3	8	24
2	8	23
3	8	23
2	6	21
2	6	21
3	6	21
6	9	24
3	5	22
3	6	21
5	4	23
3	11	31
6	9	25
6	7	24
5	10	26
4	7	23
7	10	29
5	9	26
5	8	25
2	7	22
9	12	32
6	10	25
4	7	22
7	12	32
4	6	21
0	5	23
6	8	30
4	7	21
3	6	23
4	6	22
3	6	21
4	11	31
4	10	24
9	11	33
6	9	25
5	9	24
5	9	22
7	10	30
3	7	23
3	9	22
3	7	21
3	7	20
10	11	30
8	13	27
4	10	24
7	9	26
4	6	23
3	3	26
5	8	24
9	12	34
6	10	27
3	4	22
3	4	25
3	7	20
5	12	30
4	8	23
3	8	25
5	9	25
1	3	20
3	9	25
2	6	24
4	7	23
6	11	31
8	10	30
2	8	23
6	8	28
7	12	31
7	11	31
9	11	33
3	7	21
5	8	25
6	9	26
6	8	25
3	6	22
5	6	25
3	7	23
3	8	24
6	10	29
2	8	23
2	8	24
4	7	26
5	8	26
1	5	20
0	20	90
6	8	26
7	9	28
6	6	26
7	6	29
6	8	24
10	13	35
1	6	22
3	9	25
7	12	27
9	10	31
1	4	21
1	3	23
9	12	31
0	5	21
1	4	20
5	14	32
1	3	24
1	4	22
2	4	22
3	8	22
2	6	21
2	7	22
6	7	25
6	8	26
6	9	23
5	7	25
3	7	23
3	6	22
2	7	20
4	10	24
4	5	22
3	7	22
3	6	23
3	4	22
4	7	24
4	7	25
6	11	31
4	9	27
6	9	28
4	6	22
1	3	20
4	9	26
3	7	23
3	7	22
2	7	22
0	6	90
0	8	89
8	11	34
7	12	26
9	14	32
2	5	22
2	6	22
4	7	25
2	7	22
4	8	25
0	4	28
4	8	25
5	9	30
5	7	24
4	8	24
3	6	22
10	13	30
8	10	26
5	7	31
4	7	25
2	6	23
5	10	25
2	5	22
5	7	22
0	7	91
1	3	23
4	7	22
5	9	24
8	8	29
4	5	21
6	9	33
5	7	26
7	8	24
4	9	27
3	9	25
2	5	23
6	8	26
0	13	91
0	16	91
3	6	23
4	7	24
4	7	23
3	9	25
3	8	24
4	9	25
4	7	23
3	7	22
5	8	25
6	11	31
4	8	24
5	6	25
4	6	24
4	6	23
3	7	24
3	6	22
5	7	24
4	8	25
5	9	31
3	9	30
4	7	22
4	5	21
5	7	24
5	7	26
6	7	27
6	10	28
4	30	91
2	29	90
1	24	90
3	5	21
2	6	22
4	7	22
3	6	22
8	9	29
6	7	26
7	8	28
6	8	26
3	6	22
1	5	21
0	11	89
0	11	91
5	9	26
3	7	22
3	6	23
3	7	22
7	9	31
6	11	29
8	7	28
22	23	75
4	6	23
3	5	23
8	6	28
0	8	91
0	7	90
0	9	91
1	3	21
2	5	22
9	12	29
6	12	31
1	3	21
1	3	20
0	1	22
1	3	22
1	1	23
0	2	21
2	6	24
2	7	21
4	6	24
1	5	22
1	5	20
0	2	22
3	8	30
4	6	22
1	3	21
1	3	24
1	4	22
0	4	20
4	7	22
5	9	25
5	11	26
6	8	25
0	5	91
0	13	90
0	11	91
3	7	24
3	4	20
3	4	21
3	5	22
0	4	22
8	11	37
6	7	31
4	4	27
3	7	23
5	9	31
5	8	32
0	11	63
1	5	21
1	3	23
1	5	22
3	7	23
3	5	21
1	5	20
2	7	21
4	7	24
4	38	90
5	10	25
7	8	30
4	6	22
3	5	26
4	11	25
4	13	27
4	11	25
4	8	23
2	7	23
8	11	29
9	11	30
6	10	30
8	10	28
9	11	28
3	6	22
3	7	21
2	8	22
3	7	23
3	7	24
8	13	37
9	13	36
9	15	32
2	5	21
7	10	33
7	13	29
8	10	30
5	7	25
2	7	21
6	7	30
5	3	24
1	17	89
0	17	91
1	1	20
4	7	24
3	6	21
3	5	22
4	9	24
1	3	22
6	5	31
2	6	24
4	7	25
2	5	21
2	7	22
7	12	34
2	6	23
8	10	27
3	6	21
5	7	25
5	9	30
5	7	27
4	12	25
0	5	23
0	4	20
4	8	23
0	8	88
0	8	90
1	1	20
0	4	22
0	4	21
4	9	24
6	8	27
0	6	91
0	12	91
5	4	24
1	4	25
9	9	37
9	11	27
2	5	22
0	35	91
8	11	31
1	5	23
5	9	23
6	8	23
4	8	22
5	8	25
0	11	90
4	7	23
2	3	23
1	7	20
9	11	33
7	9	28
4	6	23
2	3	20
0	5	91
9	13	28
2	4	21
3	5	23
5	9	25
1	5	22
2	5	21
2	8	22
2	6	20
9	11	35
8	10	31
2	6	20
4	8	30
6	9	27
0	8	91
0	37	89
3	4	21
7	13	31
5	13	30
2	5	22
6	4	26
2	5	24
5	8	27
1	4	23
6	10	27
4	7	23
5	7	26
5	7	25
5	12	30
1	26	90
3	24	87
5	5	27
4	9	26
3	6	24
3	7	24
2	6	20
6	13	32
2	5	21
1	5	22
1	4	22
5	9	26
6	7	27
5	7	26
0	1	21
1	4	22
0	12	91
0	12	87
7	9	29
3	6	21
3	7	24
5	6	24
0	2	24
3	6	23
3	6	24
2	6	22
2	3	22
0	3	21
1	2	22
1	2	21
1	4	22
7	10	30
0	36	90
3	5	25
4	6	24
3	8	23
3	7	22
0	3	91
2	5	23
3	5	22
3	5	21
3	5	20
4	8	25
6	9	26
2	4	20
2	5	20
4	8	23
6	8	23
3	5	23
2	4	21
2	4	22
9	16	35
4	6	21
5	6	23
7	11	29
0	10	91
0	6	91
1	2	23
2	9	61
1	8	61
1	4	22
2	4	20
4	4	23
4	4	23
1	3	23
1	3	22
0	3	21
0	4	20
0	7	91
0	10	91
4	9	25
2	4	21
2	4	23
4	7	23
2	7	23
1	6	24
1	8	23
1	5	25
1	3	23
0	3	22
0	3	22
2	5	25
2	4	23
6	7	30
0	3	23
1	4	22
3	3	22
1	2	23
5	6	22
4	6	23
4	8	24
2	8	21
2	5	22
2	9	21
5	6	26
5	5	25
5	7	25
5	10	32
5	6	30
2	5	23
6	10	28
4	9	32
0	5	91
0	6	91
5	9	28
6	11	32
5	8	24
5	11	32
4	10	28
3	10	26
5	9	26
2	7	21
1	4	21
5	8	25
0	9	65
3	8	22
4	9	23
6	11	30
2	5	21
5	7	30
2	3	21
0	3	22
1	3	21
0	3	20
8	10	31
2	8	21
4	10	25
4	7	24
5	6	24
0	7	89
4	5	22
1	4	23
1	4	21
3	8	33
6	7	26
3	5	21
0	9	90
0	8	91
1	9	90
0	9	91
0	5	90
0	9	89
0	11	91
3	8	24
4	5	22
2	6	23
5	9	28
3	5	24
6	10	24
1	13	91
5	7	30
5	9	23
0	10	91
0	11	90
7	6	25
2	9	23
2	2	22
2	4	20
3	6	24
1	3	21
2	4	22
1	4	20
4	8	31
0	2	20
5	7	23
5	7	24
5	7	24
4	8	23
4	7	22
4	6	21
4	8	24
3	6	21
1	9	23
2	5	24
10	10	29
5	8	25
3	6	22
3	8	24
8	6	32
2	6	20
0	13	91
0	13	90
4	10	25
4	9	24
3	7	23
1	6	21
5	14	28
3	7	21
6	7	24
0	6	88
3	5	21
1	12	91
0	3	89
1	2	21
7	10	30
7	11	33
3	9	25
2	6	22
0	10	91
3	4	25
2	6	21
3	3	23
9	10	37
8	15	35
2	4	23
2	3	21
1	10	91
0	7	90
1	5	91
1	7	22
0	6	90
0	6	90
5	7	25
8	9	29
3	6	22
3	7	22
4	11	24
3	6	22
6	9	31
5	9	26
2	6	23
5	7	22
4	7	22
3	8	21
11	13	35
3	5	22
4	4	23
5	7	25
3	5	21
2	7	21
2	5	21
4	6	25
4	10	23
2	8	24
2	8	21
2	9	22
1	7	22
4	6	24
6	10	24
0	9	90
0	7	91
6	10	32
3	6	22
3	8	22
8	13	34
9	12	34
3	5	20
3	5	21
4	6	22
0	24	90
2	3	21
4	9	26
6	7	25
4	11	25
0	2	91
3	6	21
3	7	23
2	7	22
2	6	24
4	7	25
8	12	33
8	11	30
9	9	27
7	10	26
1	7	20
5	10	24
4	6	23
2	3	21
1	5	23
1	4	22
2	7	21
3	7	21
4	6	23
0	17	90
2	7	21
2	4	21
1	7	20
4	10	24
4	10	23
4	8	21
3	7	22
4	7	21
2	7	21
2	6	22
8	8	30
6	9	25
4	7	23
5	5	24
3	5	22
6	12	27
7	11	27
2	8	21
2	8	20
2	5	21
3	9	26
4	7	22
3	7	30
3	7	21
4	5	24
4	12	33
2	4	22
3	4	22
3	6	21
6	12	33
5	9	25
6	6	23
3	6	22
2	4	21
0	11	90
0	18	91
5	9	30
3	6	26
4	4	24
6	10	31
2	5	21
6	6	25
5	7	27
6	12	31
3	6	23
3	6	24
4	8	24
3	8	22
26	28	83
2	5	22
1	5	20
8	10	28
2	4	20
7	8	23
2	4	23
3	6	22
5	11	27
5	7	23
4	8	21
5	7	27
0	10	85
0	13	91
3	7	22
2	4	21
2	7	22
1	13	90
3	7	24
6	9	30
5	7	30
4	8	31
5	9	28
4	7	25
3	6	25
3	6	24
3	6	23
5	7	23
4	9	25
3	7	22
2	8	22
5	7	24
1	21	90
7	7	26
6	7	25
1	3	23
4	6	25
2	7	23
2	5	22
2	4	21
2	5	23
6	9	26
3	8	24
5	9	26
5	8	26
2	5	21
6	9	26
4	8	24
6	7	28
4	6	23
2	4	23
1	4	22
3	5	24
8	12	28
1	3	20
0	5	82
8	9	32
0	3	22
3	7	23
2	7	22
2	6	21
2	6	20
2	3	23
2	3	22
4	8	25
5	9	25
7	7	25
2	5	21
2	5	21
5	8	27
3	7	22
8	10	33
2	5	22
2	5	22
4	8	23
4	17	34
2	5	23
1	5	21
1	8	27
5	10	31
7	12	31
7	12	30
4	7	22
7	11	30
3	9	23
2	9	22
7	11	31
2	6	21
4	7	22
3	7	23
3	6	25
3	7	24
2	6	22
2	5	21
2	6	20
4	8	23
3	9	23
4	9	24
3	5	22
4	10	31
7	10	31
4	6	22
3	7	22
4	7	24
4	7	23
2	6	22
3	6	21
5	9	25
3	9	23
3	6	23
4	7	22
4	9	22
8	12	32
2	6	21
11	11	28
7	12	30
5	9	30
3	7	23
3	7	26
3	6	23
3	7	24
3	6	21
2	5	21
4	8	24
3	9	28
4	9	27
2	6	21
2	6	22
2	4	21
0	13	91
5	8	26
8	9	32
2	5	22
7	10	30
4	9	31
4	6	23
2	6	20
0	5	22
3	6	24
4	6	21
3	7	22
3	7	22
1	6	20
2	6	23
8	10	28
0	4	20
2	8	20
4	8	22
3	8	20
7	11	30
7	11	31
7	11	31
8	12	33
9	12	34
7	11	29
7	9	26
7	10	28
9	10	34
9	11	32
8	10	27
7	9	31
8	11	34
6	9	26
4	38	87
2	6	21
1	4	22
5	9	31
3	11	30
8	11	33
6	9	30
5	10	32
4	8	23
1	5	22
4	10	29
2	5	20
2	6	22
8	8	26
2	4	21
1	6	21
6	8	25
4	7	22
2	8	24
1	5	21
6	8	35
5	5	25
3	5	21
3	10	30
2	6	20
6	11	27
0	12	90
0	3	90
5	9	23
1	4	23
7	11	30
5	16	32
3	7	21
4	9	24
9	12	31
1	4	21
2	8	30
4	6	22
5	10	24
1	6	22
2	4	23
3	7	21
1	6	20
5	10	30
6	9	27
2	10	25
3	7	24
2	8	23
2	10	24
6	14	31
3	7	23
5	7	23
6	9	28
7	9	29
9	10	32
3	7	22
8	12	31
1	4	20
2	6	21
2	5	21
5	9	24
1	4	22
7	11	31
0	4	22
9	13	37
9	11	32
6	10	30
3	6	23
1	7	20
4	4	24
4	7	21
4	7	24
1	7	22
1	6	21
2	6	21
2	8	22
4	11	26
3	8	24
6	13	31
4	7	26
3	2	23
1	2	21
2	7	22
0	6	91
0	8	91
6	7	23
0	5	23
1	5	22
1	5	21
1	4	21
6	8	25
6	8	25
2	3	23
2	6	21
0	10	90
0	13	89
0	4	90
4	9	25
3	7	21
4	5	22
5	7	24
2	8	25
1	5	21
6	11	27
3	6	21
7	7	24
1	3	22
8	12	35
1	5	20
0	10	90
0	12	90
4	7	21
1	6	20
2	5	21
1	3	22
1	4	21
6	11	33
3	7	27
0	12	91
0	8	91
2	6	22
1	2	20
2	5	23
2	5	23
9	10	33
6	7	24
0	4	22
3	6	25
8	11	32
2	5	21
6	8	26
3	7	21
3	6	21
6	9	25
2	6	23
2	6	22
6	10	29
1	4	23
2	5	21
0	5	24
1	7	21
0	4	22
1	4	22
2	4	23
1	4	24
3	7	30
5	10	33
4	7	23
1	7	22
3	6	23
2	7	21
6	10	25
6	7	24
2	4	25
2	5	22
3	8	25
5	12	31
4	8	27
9	11	33
11	12	36
10	12	37
10	13	38
8	10	32
3	6	23
3	7	22
2	39	88
2	5	22
4	6	24
3	6	20
3	7	25
3	6	23
3	5	22
1	7	21
4	7	22
6	12	31
10	12	31
10	13	32
9	12	31
9	14	29
0	14	90
0	8	90
4	5	21
4	5	22
0	1	37
2	2	21
5	7	26
4	7	25
3	6	23
8	13	33
5	8	25
1	5	24
3	8	23
5	8	33
12	14	36
0	5	20
4	8	25
5	7	25
6	9	27
8	10	29
7	9	26
3	8	24
8	12	31
1	5	22
8	9	32
2	5	25
2	2	23
2	3	22
1	6	22
2	7	21
8	11	27
3	7	23
5	8	25
6	8	23
5	6	31
8	10	25
3	5	23
4	6	22
8	13	30
1	4	23
4	10	30
4	5	24
6	11	32
7	12	27
1	4	21
2	8	21
5	10	27
1	4	20
3	7	21
3	6	23
4	12	30
4	7	23
7	10	26
8	13	31
0	1	23
0	1	23
0	2	21
2	3	21
2	3	22
6	6	24
7	8	29
8	11	29
7	12	30
7	10	26
5	8	26
7	11	29
6	9	27
7	9	24
7	10	27
8	10	27
1	7	24
5	-1	90
5	10	26
3	6	22
2	7	21
3	9	24
4	9	26
5	8	25
7	11	28
7	9	30
4	10	23
4	8	21
4	9	23
0	2	22
4	9	24
2	6	23
2	8	22
7	14	30
11	9	32
9	8	31
2	6	22
8	8	30
6	10	24
10	14	34
3	6	23
6	11	31
2	8	25
1	7	23
7	14	30
8	11	31
3	7	24
3	7	22
2	7	22
5	9	24
7	15	34
1	5	22
2	6	23
5	6	23
4	7	23
2	8	23
4	6	22
8	8	30
7	8	28
5	10	25
6	11	26
4	10	30
4	3	25
3	8	22
2	7	22
5	11	24
3	5	22
3	4	21
6	8	25
6	13	26
2	6	22
2	6	22
3	7	24
2	7	23
6	11	30
3	8	21
4	8	22
3	9	25
5	8	31
3	8	22
3	5	22
0	7	91
0	21	90
11	12	38
7	8	25
9	14	36
7	14	34
7	14	34
8	11	30
7	6	31
2	8	25
2	6	23
3	8	22
3	7	22
5	9	24
2	4	22
0	4	21
0	18	90
7	10	27
8	12	30
8	11	27
3	7	23
2	6	21
2	6	21
7	13	32
8	9	32
7	14	34
4	6	22
8	9	32
4	8	23
4	8	23
5	10	25
3	5	23
3	6	21
2	5	20
4	9	22
7	8	26
6	8	25
1	6	23
6	10	29
7	9	29
4	5	22
3	5	23
3	6	23
4	7	22
3	6	21
3	8	22
6	7	23
7	9	32
4	5	25
5	10	30
2	5	21
2	5	22
3	7	23
3	5	24
0	3	91
0	3	88
7	14	34
7	6	24
6	12	30
3	6	22
2	5	21
3	6	22
5	7	24
3	8	21
2	5	22
3	5	21
1	4	22
4	9	25
7	9	26
3	6	21
0	6	89
0	5	89
7	8	32
2	8	21
1	5	22
6	8	27
2	8	22
5	9	27
3	8	22
4	9	22
9	13	36
6	7	26
2	6	23
4	8	21
3	6	22
3	6	22
3	8	21
2	5	21
3	8	22
5	7	25
4	6	22
4	8	21
3	6	22
5	9	26
4	8	25
3	7	24
3	7	23
4	9	24
1	5	20
0	14	90
0	13	91
10	11	37
6	8	29
3	6	21
3	7	22
2	6	20
0	3	23
3	6	24
3	8	27
3	5	23
3	6	22
1	3	20
2	6	22
4	6	22
4	8	30
2	4	20
6	8	30
6	10	31
5	9	32
3	8	24
1	4	20
6	10	26
1	8	24
0	3	20
4	7	26
2	3	21
1	4	64
2	8	23
4	9	24
6	8	26
3	5	20
3	6	20
4	7	21
4	6	22
3	9	23
3	9	22
7	8	26
9	13	35
10	10	32
10	12	33
10	12	34
4	8	23
1	4	21
1	5	22
3	5	22
6	8	23
8	10	32
2	6	20
5	7	23
5	7	22
5	9	25
4	6	21
5	10	34
7	9	25
5	9	24
5	7	28
6	8	25
9	15	36
5	10	24
4	7	23
7	8	26
7	9	26
3	7	24
3	7	23
3	8	22
6	7	26
2	6	21
2	6	20
3	8	21
5	9	26
2	5	22
4	7	24
3	7	21
3	8	22
2	8	22
2	8	20
6	9	25
3	9	24
6	12	31
6	10	30
5	9	28
1	7	20
1	6	20
2	7	23
1	8	24
3	6	22
2	6	21
8	9	33
2	5	22
7	10	32
6	10	26
4	8	23
4	8	24
5	8	22
3	8	21
8	7	31
6	6	31
6	6	30
5	7	30
1	6	21
8	8	30
7	8	30
5	8	25
1	6	21
6	9	23
4	9	25
4	7	22
8	12	31
8	10	32
9	12	32
6	11	30
5	9	27
11	15	34
10	14	33
8	14	31
9	12	28
1	9	24
5	10	27
8	8	30
11	11	36
1	8	21
6	12	31
7	11	31
5	8	24
4	8	27
2	4	20
1	4	21
7	9	26
3	7	22
8	8	24
2	5	20
5	8	24
7	9	30
7	12	29
5	7	26
6	7	27
4	6	24
8	9	31
5	8	24
1	5	21
4	6	24
4	6	25
7	8	26
6	8	25
6	7	26
7	8	26
6	9	27
6	10	29
2	5	20
4	9	25
3	8	23
2	4	21
3	6	22
5	8	24
3	4	25
4	8	24
2	6	22
1	8	23
3	5	23
3	7	23
2	7	24
2	7	24
2	7	25
2	6	21
7	9	24
9	11	37
3	4	24
0	5	22
2	6	22
3	5	22
9	14	34
5	9	25
4	8	24
8	7	31
6	12	27
7	9	31
6	14	34
5	12	28
6	9	29
5	9	26
4	8	23
6	10	27
5	11	26
7	11	27
6	11	27
6	8	25
2	5	21
3	6	20
6	11	26
5	9	24
5	8	22
6	11	28
5	7	24
7	8	26
3	8	23
4	9	24
8	11	32
7	8	30
5	9	27
5	9	27
4	7	25
0	5	59
0	4	59
0	3	22
11	31	90
8	9	33
1	7	22
2	6	21
2	6	22
3	7	23
6	9	27
7	10	27
0	9	90
0	14	90
3	4	22
2	5	24
6	11	26
5	9	28
5	8	27
7	12	33
3	5	22
3	6	26
2	5	22
3	5	21
3	5	22
3	8	23
3	9	23
6	10	25
4	8	22
2	6	22
2	5	21
3	6	22
1	5	21
1	6	22
4	7	25
6	8	27
2	4	20
3	5	22
9	12	35
3	5	23
5	12	26
5	6	22
1	6	20
1	6	22
0	8	91
0	8	91
1	3	21
1	3	20
4	5	25
2	3	23
0	5	22
1	5	21
2	4	22
3	4	22
6	8	30
0	20	90
1	3	23
5	7	30
5	5	25
3	4	22
2	8	24
4	6	26
4	7	27
5	9	31
5	9	26
5	9	23
7	8	31
1	6	20
1	4	20
3	8	23
5	8	23
4	7	25
4	8	24
4	7	25
4	6	23
3	6	23
4	5	26
6	8	32
3	6	21
3	6	20
1	9	22
4	4	24
5	9	26
2	4	23
3	8	22
0	9	88
6	10	25
8	10	32
1	11	90
3	5	21
0	3	21
4	9	25
5	11	30
2	5	21
4	6	21
2	6	23
5	10	25
2	7	22
2	5	21
3	7	22
4	9	30
5	7	26
8	8	27
2	5	21
3	7	25
4	11	31
7	12	31
3	6	24
5	6	22
6	8	30
2	5	21
1	5	21
1	4	20
3	6	22
4	9	23
2	4	22
3	6	24
6	5	23
3	5	23
8	10	25
2	7	22
1	3	21
4	8	23
0	4	21
0	3	22
1	5	23
1	6	22
1	4	24
2	5	20
2	5	23
3	5	24
2	5	20
2	6	22
1	5	23
7	9	27
2	12	30
5	8	25
6	6	25
2	6	91
3	4	24
3	4	23
2	4	22
2	5	21
3	6	23
3	6	22
2	7	21
4	9	24
3	8	24
1	5	21
3	25	90
7	12	30
7	10	29
7	8	27
3	6	24
8	11	28
7	11	28
0	5	91
0	12	88
0	2	26
0	4	23
1	6	22
3	7	21
2	9	21
5	9	32
3	7	22
0	13	91
5	7	24
9	12	31
3	7	23
2	5	22
4	8	23
3	5	22
5	10	23
4	10	30
2	4	22
8	9	31
10	11	32
7	8	26
2	5	22
1	7	21
6	9	25
4	26	90
1	5	23
1	4	21
1	5	20
1	5	21
2	5	22
2	7	21
9	11	33
7	11	31
3	7	23
5	6	24
5	11	27
4	6	23
5	9	26
2	7	24
2	9	24
1	8	22
3	8	23
2	9	24
4	9	25
5	9	25
4	11	29
5	10	30
5	10	26
5	9	27
5	10	27
2	6	22
2	5	22
2	5	21
4	6	22
3	7	24
3	9	22
2	8	21
3	9	21
1	4	21
3	6	25
3	5	26
3	9	24
6	5	26
5	5	25
1	3	22
4	9	25
1	5	21
2	6	22
5	7	23
3	5	23
9	10	31
4	9	24
2	7	24
2	4	21
0	4	20
1	3	21
2	8	25
3	7	24
1	4	21
3	6	24
7	8	31
2	4	21
6	11	27
2	6	23
3	7	23
3	7	24
2	5	21
2	6	23
3	9	24
5	10	25
3	6	22
8	8	31
4	7	26
0	5	43
0	3	20
2	8	21
4	4	23
3	4	22
3	4	21
1	3	22
1	4	22
1	4	21
1	3	20
2	5	20
3	5	23
3	6	22
3	6	21
4	8	25
0	6	22
5	10	24
0	9	91
0	12	90
0	8	91
1	3	21
6	13	31
5	9	24
3	7	25
4	5	22
4	35	91
5	9	32
4	8	30
4	8	24
6	11	31
5	10	26
5	10	26
5	9	27
3	6	20
3	11	25
6	10	30
6	11	30
1	6	25
6	11	27
2	5	20
2	45	91
2	7	22
2	4	22
5	7	24
2	5	23
4	8	25
5	9	26
5	11	30
4	9	27
5	12	26
0	13	89
4	7	23
4	1	25
5	6	27
3	8	23
10	12	32
8	11	30
4	7	23
3	5	22
5	7	22
2	4	20
1	5	21
3	5	22
3	8	24
1	7	21
2	7	23
2	4	22
7	11	31
7	6	27
7	8	31
8	8	31
5	6	30
3	7	30
3	7	23
3	6	22
5	8	24
3	11	24
6	13	33
4	10	32
4	9	25
3	8	25
3	8	23
0	1	21
3	5	25
4	5	24
3	4	23
3	4	22
0	22	91
4	8	24
4	7	24
5	8	24
4	7	24
3	7	23
3	7	22
3	8	20
2	7	23
5	10	30
0	6	22
7	10	30
2	6	23
4	5	23
1	4	23
5	13	31
0	4	21
2	5	22
7	12	33
7	11	31
3	7	25
6	8	25
4	5	26
0	2	22
0	5	89
0	6	90
4	8	23
4	8	25
2	6	23
3	6	23
3	6	23
3	10	25
2	4	21
1	5	23
0	6	91
0	18	90
8	32	90
5	9	28
2	4	21
2	3	21
5	7	25
2	8	22
2	8	21
5	7	24
1	5	21
4	7	21
4	7	22
2	6	22
1	4	21
3	3	21
2	5	21
0	17	90
1	17	90
0	6	22
6	9	26
2	3	21
6	5	24
2	9	23
4	8	23
4	8	26
3	8	24
5	9	26
4	6	24
2	8	25
2	9	24
3	6	25
1	3	21
1	5	20
3	7	23
8	10	32
3	6	22
3	7	21
6	9	24
4	8	24
10	10	37
3	5	21
4	8	22
4	9	23
2	4	21
6	7	26
4	7	23
2	10	90
4	5	91
5	9	22
7	13	32
1	5	22
8	9	24
2	6	23
1	4	23
3	7	20
3	8	23
3	8	22
3	9	22
6	7	27
7	13	29
3	4	24
4	7	26
2	7	21
3	6	21
7	11	30
6	9	25
2	5	23
1	6	23
5	11	31
2	6	21
1	5	20
3	7	23
2	6	22
4	8	25
4	11	25
8	10	33
3	23	90
2	9	23
2	5	22
6	15	31
9	14	32
7	10	30
0	7	91
9	9	28
5	6	23
8	11	33
5	9	26
0	-1	91
4	7	24
3	5	26
6	8	24
0	6	21
1	5	21
3	6	23
3	6	22
7	6	27
1	4	21
0	3	21
4	4	22
4	5	23
3	7	22
0	16	91
2	7	22
5	9	27
6	11	31
4	6	22
2	6	23
2	5	22
1	6	90
6	7	26
4	7	25
4	7	23
3	4	22
5	6	30
6	7	23
8	6	28
7	6	25
6	10	27
5	9	25
3	5	24
5	6	24
2	6	22
3	6	24
8	13	90
10	13	91
2	5	21
6	7	30
6	7	27
5	9	31
4	7	24
6	11	33
4	9	31
5	8	27
4	7	24
5	9	31
5	7	27
7	12	32
4	7	27
6	11	31
6	8	28
8	12	35
3	9	27
4	9	26
3	8	27
1	8	91
0	8	91
3	5	25
8	11	33
3	5	21
4	6	25
5	7	22
4	6	21
4	5	22
3	5	20
7	9	26
0	28	90
7	11	28
9	12	31
9	12	30
7	10	27
7	10	29
3	8	25
8	10	31
7	9	26
9	10	27
9	18	31
8	11	32
1	4	21
2	9	21
7	12	30
1	6	23
2	7	25
3	7	23
6	12	29
6	7	24
1	4	20
4	8	22
2	6	21
4	9	30
1	4	23
1	3	22
1	4	21
14	17	48
2	6	24
1	3	20
4	9	31
4	7	25
4	9	26
6	9	27
5	8	25
7	10	30
1	1	22
2	1	21
2	1	23
3	2	22
3	7	21
2	6	23
4	8	26
7	6	27
8	11	31
2	4	21
3	12	31
6	12	30
7	12	28
5	13	33
4	6	23
3	4	24
1	9	31
2	5	22
5	8	28
0	12	90
0	9	90
1	2	21
3	7	22
2	6	23
3	7	21
4	7	22
7	7	29
7	5	25
7	5	26
6	6	26
2	5	21
0	9	90
3	7	23
9	13	32
4	4	24
3	6	22
3	6	23
1	13	90
0	-1	89
3	19	91
4	5	22
5	8	25
3	6	24
0	3	90
27	29	90
4	6	22
3	7	21
2	6	22
3	6	23
7	11	33
1	3	22
1	-1	91
4	9	25
3	7	22
0	4	20
3	7	25
2	23	89
1	5	22
1	5	22
5	7	27
9	13	36
0	7	91
4	5	25
4	6	24
3	5	22
5	9	28
2	6	23
5	8	25
4	5	24
6	10	25
6	11	31
6	13	29
0	8	90
0	9	91
1	7	20
2	10	24
4	7	25
7	11	27
5	10	26
5	9	25
8	9	29
7	10	33
5	8	25
3	5	21
3	8	21
3	8	24
0	2	22
10	16	34
6	10	26
6	10	26
7	9	25
7	10	29
1	4	20
7	11	28
3	6	21
2	5	21
11	7	35
0	25	91
3	6	24
2	6	22
0	22	91
3	7	22
1	3	22
4	7	26
5	6	22
7	7	30
5	8	24
4	8	22
7	8	29
6	9	24
5	7	25
3	6	24
4	8	23
5	7	22
2	6	23
7	10	30
9	11	31
3	4	21
8	9	30
8	10	27
7	7	26
11	12	36
4	6	21
3	8	20
4	6	22
1	21	91
2	8	22
2	6	20
2	11	25
2	9	24
2	9	24
3	9	22
3	10	25
5	10	24
6	7	24
3	5	23
2	5	21
6	9	27
2	6	21
3	5	20
3	7	29
3	8	23
2	5	21
0	1	29
0	7	53
2	10	25
5	10	26
0	11	83
9	15	35
9	14	34
3	8	20
5	7	26
2	7	21
3	9	24
3	8	22
2	7	21
3	5	23
3	5	22
3	6	22
3	7	21
5	8	26
8	12	32
7	10	27
7	9	24
5	8	27
2	5	21
1	3	24
5	9	27
3	7	31
2	5	24
1	4	23
1	5	24
3	8	22
6	10	28
3	6	23
4	7	25
2	6	33
5	7	24
4	8	27
3	5	22
3	6	23
1	6	21
7	37	90
4	5	24
3	6	21
4	8	22
4	6	23
5	8	24
2	7	23
7	8	25
7	9	26
6	10	26
6	13	34
9	12	32
5	8	24
8	10	31
7	8	27
5	8	26
3	7	25
3	10	24
2	5	22
0	9	77
9	12	36
3	5	22
5	5	23
8	9	28
7	11	31
6	9	29
2	5	21
1	5	21
6	10	30
3	6	25
4	9	26
3	7	22
5	8	31
5	7	31
6	8	30
5	8	30
7	9	32
8	9	31
6	10	33
6	8	25
6	11	27
3	8	22
2	5	23
5	5	27
0	3	22
1	2	23
3	7	22
5	9	30
6	9	30
7	9	24
6	8	31
3	7	25
3	7	23
9	11	30
5	11	26
7	14	30
6	11	26
4	9	24
4	7	22
0	10	91
0	0	89
4	6	24
4	6	24
6	9	31
3	6	23
2	4	22
4	10	30
2	5	20
2	3	22
3	9	27
4	8	30
4	7	24
3	7	23
2	4	21
6	9	25
3	8	22
0	3	21
3	9	30
0	23	90
6	10	25
3	9	23
6	7	26
4	6	24
5	11	32
5	11	31
6	10	31
5	12	27
5	11	26
6	10	30
3	10	26
2	5	22
3	5	22
3	21	90
3	4	25
2	5	21
3	6	23
3	6	21
6	9	23
4	7	23
4	7	25
5	7	23
4	11	24
3	10	24
5	8	26
0	6	91
2	4	21
4	7	23
3	6	22
2	4	21
3	5	22
7	8	25
4	10	30
1	6	22
3	7	23
0	2	21
8	7	28
8	8	29
5	11	27
6	10	31
4	7	30
3	10	30
3	4	23
6	6	24
2	7	23
5	8	30
4	10	34
5	10	33
6	10	34
4	8	31
5	8	25
4	9	23
3	5	24
2	6	20
4	9	23
8	11	29
9	9	29
5	8	22
3	5	23
8	8	30
5	9	25
8	10	31
8	13	34
9	13	33
6	9	31
0	2	21
7	10	30
4	6	24
5	11	30
7	11	28
3	5	20
7	11	32
3	7	21
5	9	27
4	6	22
3	7	20
2	7	21
2	7	23
2	6	24
3	8	25
3	6	22
3	7	23
3	5	24
3	7	23
3	8	25
2	5	22
2	5	22
7	12	27
5	9	27
3	5	21
2	7	22
4	7	25
3	6	23
6	11	27
6	10	25
1	5	21
2	5	20
5	9	30
2	6	26
1	4	20
9	10	33
7	8	29
10	15	32
4	7	23
3	9	27
5	10	23
3	8	23
2	8	23
4	7	25
6	8	24
6	9	25
3	6	23
3	9	22
3	7	22
8	8	33
5	9	26
0	9	91
0	12	90
4	7	24
8	10	32
22	29	64
0	13	90
0	9	91
3	7	22
3	7	24
3	4	22
3	5	23
4	7	27
9	12	28
9	12	32
9	10	29
6	8	26
6	8	28
2	7	22
8	11	28
5	8	25
0	7	91
3	8	26
4	8	26
6	11	27
3	6	21
3	7	30
5	8	26
5	7	25
6	7	24
2	5	22
2	9	23
5	5	26
6	11	30
7	9	26
2	4	22
6	6	24
3	5	22
4	6	24
4	10	27
2	7	22
1	5	22
5	9	30
7	9	23
4	7	23
8	17	37
3	7	23
5	9	29
5	8	25
2	3	21
8	8	30
0	3	23
0	4	21
6	11	30
7	8	27
7	11	27
5	10	26
2	6	23
8	11	30
8	14	33
6	10	26
7	12	30
2	4	21
7	9	25
2	4	24
1	4	23
3	5	23
1	6	23
3	8	21
6	9	31
6	10	26
6	9	25
4	11	25
3	12	30
5	9	24
7	10	31
12	9	38
4	8	27
5	8	28
1	3	23
7	8	26
2	6	23
2	5	21
3	7	22
3	3	24
6	9	30
0	2	22
8	12	28
6	7	23
3	7	22
10	14	32
3	8	24
5	10	30
3	8	22
3	5	24
4	5	21
7	8	28
0	3	20
0	2	90
0	2	91
4	6	22
3	7	22
3	8	21
3	5	22
3	7	22
3	7	23
1	6	23
2	6	23
3	7	22
3	8	21
0	9	90
4	8	22
3	4	22
3	5	22
4	7	24
0	4	21
0	3	20
8	11	31
6	7	23
2	6	22
2	4	22
4	6	23
7	8	25
5	8	30
6	7	31
5	7	27
5	6	28
4	7	31
5	7	30
5	9	31
3	5	33
0	11	91
0	12	91
6	9	27
2	5	20
1	4	21
0	8	90
0	1	22
4	9	22
4	7	24
1	2	21
1	5	21
3	6	21
4	6	22
3	6	21
6	11	30
3	8	26
2	6	20
5	5	24
3	6	21
2	4	20
2	5	21
5	8	24
10	11	37
6	10	27
4	8	25
4	7	25
4	6	21
4	10	30
2	9	24
2	8	22
2	5	20
2	5	25
2	5	21
2	5	20
4	6	22
4	9	25
1	4	21
2	5	21
3	5	21
6	10	25
6	9	24
7	8	26
7	7	27
5	10	26
4	8	24
9	11	32
8	12	33
9	11	33
8	11	28
6	14	30
8	11	30
3	7	20
3	7	22
5	7	24
4	7	22
7	16	32
4	8	24
9	10	25
5	11	26
0	4	20
5	8	25
4	6	23
6	11	30
2	7	24
3	7	23
2	8	22
2	7	21
2	6	20
8	11	32
3	8	22
0	-1	90
3	9	25
0	13	90
3	6	23
5	9	24
3	5	20
1	5	20
1	6	20
5	9	31
10	9	35
5	9	31
5	9	32
2	6	27
3	7	25
4	6	26
3	7	25
3	8	25
3	7	24
3	6	23
3	6	22
3	4	23
2	4	22
3	17	91
5	5	25
0	2	21
2	3	21
5	5	21
1	3	20
11	13	35
2	5	22
3	8	23
7	10	30
6	7	28
2	4	27
5	8	26
8	8	26
4	7	22
3	9	23
6	5	24
0	3	20
0	11	90
0	11	90
1	3	21
3	5	21
3	6	23
2	7	24
3	7	23
2	7	22
4	7	25
4	8	25
4	6	25
8	7	29
1	4	22
0	3	21
1	2	23
5	7	27
5	9	22
5	8	21
2	5	20
7	7	26
3	8	22
3	11	25
1	3	23
8	9	27
5	8	25
10	11	31
10	9	34
5	5	25
1	2	22
3	7	24
3	6	23
2	6	22
2	5	23
2	4	23
3	9	30
2	7	26
1	5	20
3	7	21
7	9	31
5	8	31
4	8	25
3	6	22
3	6	23
1	2	21
6	10	26
3	6	21
1	5	22
1	6	21
0	13	90
0	13	91
1	5	21
4	8	21
3	6	23
4	8	26
4	8	24
1	4	21
2	4	21
4	6	22
5	11	36
6	9	25
6	7	24
4	7	24
3	5	22
0	3	21
5	6	26
5	8	26
6	9	27
8	12	34
3	4	23
4	6	24
6	11	28
8	11	28
6	12	28
5	9	25
5	8	24
5	10	26
1	3	20
7	10	31
7	7	27
6	7	25
3	7	25
6	10	25
8	10	31
9	11	31
1	6	22
4	7	23
3	9	22
2	4	21
2	7	22
0	30	91
4	9	23
6	10	30
2	45	90
7	7	25
9	11	33
4	10	23
6	39	90
3	5	23
4	5	24
3	4	24
3	5	23
2	6	24
0	40	91
3	4	22
6	10	26
5	8	23
8	9	28
1	4	22
7	9	31
0	2	22
4	9	23
6	6	23
3	6	22
2	7	24
4	8	23
3	5	24
1	4	20
5	7	23
0	4	20
8	7	26
6	6	28
3	8	25
3	5	22
0	18	91
0	19	90
7	9	27
0	12	91
0	14	91
0	9	87
5	7	26
6	8	26
7	8	28
6	7	26
5	7	26
5	7	26
5	8	26
9	6	28
4	8	23
6	9	26
3	6	22
3	5	22
1	5	21
4	7	24
5	10	30
1	4	23
3	4	24
1	4	22
2	4	21
1	3	20
0	25	91
0	12	91
2	4	20
1	4	21
4	11	30
4	8	23
3	5	24
5	5	23
4	7	24
3	5	23
8	8	32
3	5	21
2	5	25
2	5	23
4	9	22
5	7	24
2	6	20
3	9	24
0	2	22
4	7	27
2	9	24
7	10	27
7	12	31
0	10	91
0	-1	91
0	10	91
2	6	22
4	7	30
3	5	21
4	7	25
2	7	23
3	10	25
1	8	22
2	7	23
2	6	21
6	9	27
1	6	22
0	9	90
0	12	91
0	11	63
5	9	25
2	5	22
2	4	23
1	2	21
0	1	22
6	9	30
9	13	33
2	8	22
0	2	21
4	6	22
1	4	22
3	4	22
3	10	31
3	8	24
4	8	23
4	9	26
5	11	31
6	12	31
5	12	31
5	10	29
4	10	28
3	6	24
3	6	25
3	7	25
4	6	24
3	6	22
8	10	31
3	10	22
4	7	21
3	7	21
0	8	91
4	6	23
3	9	24
2	5	21
3	8	24
5	9	25
4	7	24
4	7	24
3	8	30
5	8	31
2	7	24
4	9	28
4	10	29
3	10	30
3	9	27
3	8	27
3	8	24
5	6	26
2	5	20
2	8	21
1	7	20
3	9	27
4	7	25
3	7	26
7	13	33
4	5	22
2	4	23
5	9	26
7	7	25
7	6	24
3	6	23
3	8	21
1	5	21
1	5	20
5	12	25
3	8	23
1	7	21
1	5	20
3	9	30
3	7	24
2	8	24
2	8	25
3	6	22
2	8	25
4	5	23
2	7	22
2	7	21
5	9	26
6	11	26
2	7	21
7	7	28
4	8	23
12	30	90
5	8	23
9	14	35
7	14	30
7	9	27
0	2	91
0	3	91
3	7	23
1	1	22
1	4	24
7	10	35
2	5	24
2	5	22
1	4	21
2	5	22
3	7	24
3	6	22
4	9	30
4	9	25
4	7	26
3	9	27
3	12	26
2	6	21
9	12	32
8	10	34
3	7	21
4	6	24
3	7	24
5	9	22
4	6	23
3	5	24
5	9	25
6	8	24
2	28	91
3	8	26
4	7	23
4	9	25
0	3	22
3	9	25
2	5	21
0	6	22
7	12	26
7	11	25
3	5	23
2	6	23
5	8	31
3	5	21
5	7	25
3	5	22
2	17	30
4	11	30
2	7	21
2	7	22
4	7	30
5	8	26
4	7	24
1	6	22
2	4	22
2	4	20
7	8	27
7	12	30
4	8	23
5	8	29
6	8	25
6	9	25
4	7	25
4	6	24
2	4	23
2	4	22
1	4	21
6	5	31
7	9	27
7	16	33
6	8	24
4	7	23
5	7	25
4	6	25
1	2	21
5	9	28
6	10	31
0	10	90
0	13	91
8	10	35
8	7	25
7	8	27
6	6	28
13	12	37
2	6	22
3	2	25
2	25	91
3	7	22
3	7	22
5	9	30
4	10	25
4	9	24
3	8	24
5	8	29
3	8	24
0	8	91
0	11	91
7	9	26
0	20	90
2	7	22
2	8	25
2	7	22
2	6	20
1	6	20
5	8	26
8	9	32
3	5	22
0	4	21
6	8	25
5	8	24
8	11	33
0	22	91
0	21	91
0	23	91
0	23	91
1	22	91
2	24	91
0	3	23
0	5	23
1	5	22
0	3	21
2	3	23
2	11	90
8	10	30
7	9	30
4	8	26
4	8	24
5	6	24
3	5	23
8	12	27
3	6	21
6	7	25
6	6	23
2	8	24
2	7	24
3	7	25
3	7	22
3	5	21
3	4	23
2	7	22
0	11	89
0	8	91
5	8	24
5	7	25
7	8	25
2	3	22
5	10	30
6	9	31
6	11	31
5	9	26
4	7	26
5	8	22
3	7	23
2	8	23
6	10	26
6	11	26
1	4	20
3	6	21
1	3	21
0	3	22
3	9	25
3	8	24
3	7	24
4	9	24
3	9	25
4	9	26
3	7	23
2	9	25
6	7	31
13	15	38
5	7	24
0	8	91
1	8	91
1	5	23
0	14	90
5	8	24
3	7	24
1	4	22
1	5	21
5	7	30
5	23	90
3	4	20
5	9	26
10	15	33
8	12	33
12	11	34
11	11	37
1	4	23
9	15	35
7	12	29
4	10	30
5	8	26
7	10	28
3	3	23
3	4	24
5	8	24
2	4	23
4	9	21
1	7	22
3	6	23
1	11	90
3	7	23
4	10	27
3	5	22
3	4	22
4	6	24
5	6	24
8	12	30
0	9	90
4	7	23
0	13	90
6	9	25
4	6	22
4	10	30
5	10	30
6	7	28
2	8	22
4	9	25
3	6	22
3	7	21
3	9	24
4	7	24
10	15	33
6	13	33
8	11	30
0	4	21
2	4	21
4	10	30
7	9	29
3	9	25
4	8	24
3	9	25
4	8	27
4	8	25
4	7	24
5	8	26
9	12	30
3	6	24
5	7	25
4	6	26
1	4	20
6	11	25
4	5	20
5	10	28
5	8	30
3	6	24
10	14	30
4	5	23
5	9	24
1	10	91
1	7	91
4	8	23
3	5	23
2	4	21
2	7	23
3	7	23
3	5	22
2	6	21
1	5	20
3	10	30
5	10	26
7	12	29
3	9	25
6	6	25
11	12	36
3	5	24
0	10	90
0	14	91
6	9	25
2	6	23
9	13	34
7	10	28
7	9	26
1	6	23
1	3	23
3	5	22
8	10	30
4	9	25
4	8	26
1	3	21
2	5	21
6	10	26
3	10	26
5	9	31
4	7	25
4	7	24
7	11	34
3	7	22
4	8	23
0	21	90
0	32	83
3	6	22
4	7	31
8	11	30
5	24	91
2	5	21
2	6	23
6	9	27
4	9	25
4	9	26
4	12	31
1	6	21
5	6	26
7	10	30
5	6	26
5	5	24
5	5	24
5	12	27
4	8	35
2	7	22
3	3	23
2	4	23
1	4	22
6	13	33
5	5	23
3	3	26
2	3	21
2	3	20
7	10	32
7	10	30
8	8	29
6	7	28
9	15	37
1	3	21
4	6	23
0	16	91
1	3	20
7	10	27
3	7	22
3	4	23
0	10	89
8	11	30
0	15	89
0	9	90
7	12	27
3	5	21
1	3	22
4	11	26
1	2	21
5	7	25
0	4	29
4	5	24
0	16	87
8	10	29
7	11	28
7	11	27
5	8	26
4	7	25
5	9	24
5	7	24
0	37	90
1	4	22
5	7	24
4	7	24
5	6	24
1	17	91
2	9	23
3	6	24
0	11	91
2	6	20
6	13	30
8	12	30
3	8	23
1	6	21
1	4	21
0	6	23
4	7	23
0	21	90
4	6	23
5	12	31
2	7	22
2	7	21
3	7	22
3	6	23
2	5	22
1	6	20
4	3	22
5	7	23
0	2	21
0	12	90
0	8	91
4	7	23
6	8	30
4	7	30
5	9	26
10	12	31
9	10	31
8	9	28
9	9	30
5	7	24
3	5	33
1	3	20
0	20	85
0	3	20
4	7	25
8	8	30
0	3	30
0	2	23
0	2	22
0	1	21
1	3	21
5	9	26
2	4	20
3	10	27
4	8	25
5	11	25
6	11	25
0	9	90
7	6	27
1	3	23
0	13	63
3	4	21
7	11	28
0	14	90
3	8	91
4	8	24
8	9	26
4	9	26
1	8	23
2	6	20
3	7	25
3	8	23
0	10	91
3	6	22
3	7	21
2	6	20
3	5	24
1	6	23
1	6	22
2	5	24
2	4	21
5	13	33
0	4	23
3	9	25
8	9	30
3	8	22
6	8	24
7	9	31
0	5	21
1	6	23
1	6	22
0	5	22
0	6	21
0	4	20
0	5	91
2	5	21
2	4	21
7	10	33
5	10	25
6	8	30
6	6	30
2	5	22
4	7	24
4	10	27
3	3	21
3	4	21
4	9	27
6	10	28
3	6	23
0	3	21
2	4	20
1	9	30
3	2	21
3	2	22
6	13	31
9	10	31
0	8	90
1	6	20
1	6	21
0	9	88
4	10	30
0	3	43
2	6	23
3	7	30
3	6	25
2	2	21
3	5	22
3	6	22
5	12	31
7	11	30
5	9	25
5	6	26
3	6	22
0	18	84
0	10	91
2	5	22
0	5	91
3	6	23
2	6	21
6	7	32
4	6	23
3	5	22
3	6	21
1	12	91
2	5	21
4	8	23
5	11	31
5	12	30
4	8	22
4	7	22
0	3	22
5	7	25
6	9	26
6	7	25
8	10	30
8	14	33
3	6	22
3	6	22
7	6	25
4	9	25
2	5	22
2	5	22
3	5	21
2	6	21
9	10	33
10	11	36
9	11	36
6	7	32
3	5	22
3	7	24
9	11	28
4	6	23
8	11	31
9	12	33
5	10	29
7	9	28
6	11	27
4	9	23
7	13	32
11	13	37
6	8	26
5	12	32
6	13	30
6	12	32
7	12	32
5	10	26
6	10	24
2	6	20
3	5	22
6	8	25
5	7	22
7	8	29
2	7	20
3	3	22
8	9	28
8	12	32
2	5	21
10	10	30
5	5	23
7	9	27
8	12	32
10	13	32
7	10	30
7	11	27
2	7	23
0	10	90
0	4	90
3	6	24
0	11	90
7	8	29
8	10	31
0	8	90
2	6	21
3	6	24
3	3	22
1	4	22
6	6	24
0	17	90
0	17	90
2	3	21
5	7	26
5	7	22
2	5	22
1	4	22
1	5	20
2	4	21
3	5	22
11	10	36
7	7	28
5	9	27
4	7	21
4	7	23
5	6	23
2	6	22
2	5	25
3	6	22
1	5	21
0	4	20
4	5	23
2	5	21
1	4	20
3	6	22
8	11	33
2	2	22
5	9	25
5	8	31
7	9	30
3	7	26
5	7	26
4	7	25
6	7	26
7	9	28
7	9	26
6	9	25
5	8	24
6	8	24
3	4	23
4	4	20
7	11	29
5	8	25
8	9	32
1	7	26
2	5	21
2	4	23
0	8	91
2	4	22
3	5	20
3	5	26
3	8	21
5	8	24
7	12	32
5	7	27
0	10	88
0	13	91
2	6	21
3	7	23
8	7	32
7	6	30
7	6	30
7	5	27
9	6	34
9	9	35
8	6	28
7	6	28
8	5	28
7	7	29
7	7	30
8	8	33
2	5	20
1	3	23
0	1	21
1	3	21
1	4	21
2	5	24
3	3	23
3	4	22
4	5	23
3	8	24
2	4	20
2	5	21
2	4	20
5	7	23
5	6	24
1	3	22
4	6	25
2	6	21
3	4	22
6	9	31
2	11	23
1	7	20
2	7	20
4	10	25
3	7	21
1	3	20
1	2	21
1	4	22
2	7	22
2	9	23
5	11	26
5	9	24
8	10	25
10	13	33
11	11	32
10	13	34
7	13	31
4	8	23
6	9	34
3	8	24
2	5	23
3	4	24
4	8	31
6	7	24
6	7	25
6	9	35
6	10	27
0	9	91
0	16	91
0	2	40
2	4	22
7	9	27
1	4	21
3	4	22
0	5	90
7	8	33
1	4	22
7	9	28
8	10	29
1	6	22
2	7	22
5	8	25
2	8	23
2	8	22
6	10	27
0	10	90
4	6	25
0	10	90
0	10	91
3	7	23
6	12	30
1	9	23
5	12	27
3	42	91
8	6	30
5	15	31
4	8	24
5	10	30
4	7	21
3	3	22
5	8	25
4	5	24
0	10	91
0	9	90
0	5	91
8	11	31
4	7	30
6	9	28
3	7	24
2	5	22
3	7	22
3	6	21
3	8	24
2	6	22
7	6	28
6	8	28
3	6	22
3	7	23
0	7	90
0	7	91
2	6	22
3	7	24
2	7	23
2	5	22
2	5	21
10	14	34
10	15	35
5	5	26
2	6	25
5	11	26
4	7	24
3	5	20
2	7	20
4	7	23
3	4	25
0	6	90
0	5	91
3	6	23
1	7	23
3	6	21
2	5	20
2	8	22
3	9	23
3	6	24
2	8	25
3	6	23
3	9	25
2	5	21
1	4	21
4	7	22
2	4	22
3	4	21
3	6	23
3	5	22
2	4	21
6	8	31
5	8	25
4	7	23
3	6	22
0	8	90
3	5	25
0	6	90
0	17	91
0	12	90
0	13	91
8	9	35
5	7	26
5	9	31
3	12	31
2	5	23
2	6	23
2	7	23
3	7	23
6	8	25
3	38	91
3	6	22
6	10	31
4	7	23
4	6	23
2	5	21
8	14	37
0	8	90
0	14	90
2	6	24
3	8	25
3	7	24
2	7	22
3	7	23
2	5	24
3	6	23
3	5	24
3	6	22
2	6	23
2	4	20
1	4	21
4	11	28
3	4	23
0	12	89
11	13	39
2	5	21
1	6	24
9	7	30
2	4	22
2	4	21
0	2	20
1	3	23
0	6	91
0	5	91
4	8	26
3	5	21
4	6	24
3	8	24
3	10	26
4	7	25
0	6	91
0	6	22
9	9	27
8	5	28
0	3	30
5	9	25
4	7	22
6	11	31
32	26	82
16	18	62
16	19	62
7	10	33
3	9	24
4	9	24
4	8	23
6	9	24
0	3	23
1	2	23
3	6	23
3	7	23
3	7	24
2	8	24
6	13	30
4	7	23
5	8	25
3	4	22
3	4	23
4	5	22
0	5	90
0	6	91
3	9	26
6	10	26
4	6	21
7	10	31
1	4	21
4	9	26
5	7	25
1	5	22
0	4	22
4	6	25
2	5	22
5	10	30
3	6	22
3	5	21
5	10	26
4	9	23
3	8	25
3	6	28
0	3	20
0	4	21
7	7	27
2	7	22
2	6	23
3	5	23
5	8	25
5	11	25
1	3	21
0	11	91
6	7	25
5	6	23
3	6	22
3	5	21
4	7	24
2	4	24
4	6	25
2	5	21
0	2	21
3	8	26
4	8	24
2	6	22
4	10	31
4	11	27
5	10	32
4	7	25
4	9	28
5	9	25
3	7	21
1	6	21
5	12	31
2	22	90
0	1	90
0	2	90
0	0	71
9	13	31
0	9	91
0	13	91
5	9	30
4	7	25
3	6	22
4	9	23
2	5	22
2	5	22
6	7	26
3	3	24
7	9	29
5	7	24
0	13	90
3	5	22
6	9	30
3	5	21
4	8	25
3	4	30
4	10	25
3	7	20
6	7	27
5	6	26
10	12	37
0	15	90
9	13	30
8	12	33
8	11	27
9	10	34
6	8	24
7	7	24
6	10	26
1	3	21
2	4	20
1	4	22
2	8	21
2	9	22
3	7	22
4	6	23
3	5	24
1	3	21
1	4	21
2	4	21
9	12	30
8	11	35
9	12	33
6	8	27
9	10	31
10	11	33
9	9	31
1	8	24
4	11	30
2	6	20
1	7	23
1	5	22
5	7	24
0	20	91
4	10	30
0	13	91
0	8	91
1	-1	90
0	2	23
5	8	25
3	6	23
7	10	29
6	9	29
4	8	27
3	8	26
4	10	29
4	8	25
4	9	26
5	8	24
5	9	25
3	9	27
6	10	28
5	10	27
6	11	30
2	6	20
7	9	30
4	7	24
3	5	23
3	4	21
3	4	22
8	8	31
3	7	20
1	6	21
3	6	24
2	6	22
2	5	20
5	7	25
0	8	91
0	8	91
4	7	24
2	7	22
2	5	22
3	9	24
4	7	23
7	12	32
3	8	23
3	7	20
3	7	21
12	14	36
9	13	34
2	7	21
9	12	35
4	7	22
2	5	21
1	7	35
4	8	23
4	6	24
4	6	20
2	5	21
4	5	31
5	6	23
2	5	23
6	6	24
4	6	26
7	9	30
2	5	21
3	4	22
2	5	21
7	10	28
6	9	28
9	12	33
0	7	90
0	13	88
5	9	27
9	11	29
3	5	21
3	3	21
3	6	23
9	14	35
11	14	32
2	6	21
2	5	21
2	7	22
3	8	23
3	7	21
3	6	23
3	5	22
4	6	22
6	10	25
3	7	22
5	13	30
4	6	25
4	6	22
0	9	90
0	12	91
6	10	31
8	12	33
7	12	28
0	8	91
0	12	89
4	8	24
2	5	22
3	7	24
6	8	24
5	8	23
1	10	91
3	10	22
0	17	69
0	9	69
9	12	35
9	12	35
0	10	91
5	9	25
6	13	31
6	10	31
7	9	31
4	6	25
2	7	25
5	11	26
5	9	26
7	10	29
5	7	26
5	7	24
0	21	88
7	9	24
1	5	20
5	4	23
4	8	23
2	4	25
5	6	23
3	5	22
4	6	24
6	11	33
3	6	30
4	6	23
2	11	27
6	9	31
2	6	23
4	7	23
7	10	31
0	12	90
0	6	91
2	5	22
4	7	23
4	9	25
3	10	25
2	8	22
3	7	21
3	9	23
3	8	23
0	11	91
4	9	23
0	14	91
0	6	91
0	2	20
2	3	24
1	4	21
4	5	23
4	5	21
2	6	20
0	14	90
1	7	90
9	11	31
0	15	91
3	8	24
2	6	21
4	5	22
2	5	20
5	10	31
0	4	90
0	3	91
3	7	21
6	6	25
4	4	24
3	6	25
3	5	24
3	4	23
3	4	22
1	4	21
7	10	30
6	10	27
7	10	26
6	9	25
1	11	90
1	11	91
2	6	23
3	6	23
3	5	24
3	5	22
2	5	22
1	3	23
7	12	30
3	7	30
1	4	20
5	7	24
5	7	31
2	4	21
2	4	23
2	4	22
1	5	23
1	4	22
0	4	25
0	3	23
6	6	26
2	4	24
4	5	22
1	4	21
7	12	31
7	11	26
1	6	21
2	5	21
1	6	21
1	3	20
11	12	37
8	10	34
10	11	36
3	6	25
10	15	30
1	4	24
1	3	21
4	4	23
3	7	25
1	2	22
1	3	21
2	3	21
0	3	90
0	5	91
2	4	25
3	10	23
2	3	21
4	7	28
1	21	90
1	20	91
3	7	23
3	4	25
0	11	90
1	4	22
7	11	31
0	3	21
1	2	22
2	6	22
3	9	24
3	4	30
2	7	23
3	7	22
2	6	22
1	6	21
1	6	22
0	10	91
1	12	90
2	4	23
2	6	23
2	7	22
2	7	21
4	9	28
4	7	22
4	7	24
2	5	22
3	5	22
3	6	23
2	5	22
0	2	21
0	2	22
8	8	32
8	8	33
0	-1	91
0	9	90
0	16	91
0	9	90
3	5	23
2	4	22
6	8	24
4	6	22
3	6	21
2	4	21
5	6	26
6	8	25
3	9	31
3	7	29
3	10	25
3	9	22
2	7	22
4	8	27
6	8	27
6	8	26
8	7	29
1	30	90
1	6	22
5	9	26
9	9	36
2	8	22
2	6	22
3	6	23
4	8	21
2	9	23
1	5	24
4	8	24
2	7	22
3	8	24
3	8	27
3	7	22
4	6	23
3	7	23
6	9	26
6	9	26
5	8	25
5	9	30
6	8	28
3	7	22
8	10	31
3	7	21
3	8	22
8	12	33
8	12	31
2	5	21
3	8	21
2	8	21
2	6	22
10	13	38
4	8	30
5	7	24
5	7	22
5	7	24
6	8	24
4	9	23
3	10	24
6	5	22
4	11	24
6	13	30
6	10	31
5	11	26
6	11	27
6	6	26
3	5	22
8	10	30
2	5	22
1	4	20
5	4	24
4	10	26
3	7	23
2	7	22
0	2	20
5	5	25
6	12	32
1	3	23
0	2	21
1	2	20
2	5	23
3	6	22
3	5	21
5	9	24
3	11	25
4	5	22
2	7	21
2	6	21
2	5	20
3	6	25
4	6	25
6	7	31
0	3	20
0	13	91
0	9	91
2	7	21
2	4	21
2	4	21
1	23	91
2	7	22
1	7	22
5	9	31
1	15	91
2	2	20
1	6	21
2	9	23
0	10	91
0	10	91
1	1	25
0	11	91
0	13	91
2	7	21
3	7	23
7	16	42
6	10	31
4	6	24
2	7	22
4	7	24
1	23	88
1	1	24
7	11	26
1	24	90
0	2	21
0	3	20
1	5	22
3	7	20
0	15	91
0	24	90
7	6	25
3	5	21
5	11	25
0	12	90
3	7	22
2	5	21
3	6	20
3	11	23
0	11	91
1	4	21
3	34	90
3	9	26
3	8	23
3	8	21
8	9	28
7	11	31
4	4	22
8	12	35
4	6	23
4	6	22
2	5	22
5	10	26
12	17	40
2	7	21
3	9	24
8	13	31
9	15	34
7	13	30
4	9	24
3	8	23
8	10	26
4	9	25
8	14	35
2	5	21
1	2	22
0	3	21
5	7	32
3	4	21
4	9	25
2	4	25
4	9	24
2	21	90
2	2	24
3	5	23
3	5	23
3	5	21
3	7	21
3	6	22
4	9	25
3	7	23
4	10	24
3	9	24
13	15	40
11	12	32
3	11	25
3	9	22
3	8	22
3	7	23
3	10	26
8	11	28
7	10	26
6	8	25
3	5	24
2	4	21
1	3	21
5	9	30
6	9	25
6	9	24
7	8	25
7	8	24
1	3	21
4	9	33
3	6	22
3	7	24
2	7	22
5	10	30
5	8	26
6	12	29
5	6	22
5	7	22
4	11	26
1	6	21
2	4	22
4	7	24
8	9	28
2	5	20
8	7	28
9	7	27
7	9	30
4	5	23
1	5	22
4	7	23
6	8	30
4	7	24
6	11	31
2	4	22
5	7	23
1	6	22
2	6	24
7	11	33
8	9	30
5	6	25
5	6	24
6	8	26
6	9	24
2	6	22
6	11	30
6	8	27
3	7	21
2	5	20
2	7	25
4	6	25
4	5	22
3	6	23
3	5	22
5	11	26
8	10	28
3	10	23
2	10	22
2	7	21
5	8	23
2	9	23
5	11	30
3	10	23
0	2	21
4	5	22
7	11	31
1	4	22
6	10	30
4	9	23
6	11	25
5	6	25
3	8	25
4	8	21
3	6	25
2	4	23
4	6	23
4	7	23
6	11	25
3	10	27
0	10	91
0	6	90
1	6	23
2	7	23
2	6	22
6	7	25
7	8	24
5	7	25
9	11	28
5	7	23
5	6	25
3	6	25
3	6	23
4	5	22
4	6	22
9	8	29
9	10	28
8	12	33
8	12	32
7	8	27
5	9	26
7	8	26
7	9	25
6	8	25
2	6	22
10	12	32
3	29	91
3	29	91
4	30	91
4	30	91
2	5	20
6	13	31
10	12	33
5	12	31
3	10	23
3	8	25
2	7	24
3	6	23
2	8	22
2	8	22
7	8	31
8	12	33
5	9	27
6	7	25
8	13	30
7	12	32
9	9	30
5	9	25
3	7	22
4	9	23
3	6	24
3	6	23
5	10	25
3	4	22
7	11	31
9	12	34
3	7	24
1	3	20
4	10	27
5	9	25
5	9	24
8	13	30
4	10	30
6	10	26
5	9	25
7	9	29
10	13	31
3	8	23
7	11	32
4	11	26
4	7	25
3	8	24
5	12	31
4	11	26
4	8	24
5	10	25
4	10	25
4	10	26
4	8	23
0	7	53
6	7	24
1	3	20
0	4	21
5	10	24
3	5	23
6	9	28
8	10	28
8	12	28
8	12	30
6	9	25
6	9	27
7	9	25
6	11	33
2	5	24
5	9	26
5	10	30
3	7	22
4	8	24
3	7	22
4	8	23
3	8	23
6	8	23
5	7	23
4	8	24
4	9	25
2	9	25
4	9	25
4	9	24
6	8	24
3	9	23
3	9	22
3	7	21
4	8	24
5	11	25
7	16	36
6	8	27
6	9	26
5	10	32
2	7	20
6	10	25
1	5	20
2	7	21
3	7	20
1	3	22
5	9	25
5	8	23
6	9	28
9	11	33
8	10	29
3	8	23
4	8	23
2	6	22
3	6	22
2	8	21
3	7	26
3	8	24
3	7	23
5	9	24
4	7	22
7	10	29
7	10	28
2	5	22
2	10	24
4	8	23
2	5	24
4	7	22
5	9	31
6	13	27
6	6	24
2	6	21
7	11	30
5	10	27
5	9	30
9	12	28
4	9	23
5	11	32
5	12	31
5	8	24
3	4	23
11	11	42
5	9	30
5	7	24
8	12	33
5	6	23
7	11	28
5	9	25
2	5	21
2	9	26
1	7	23
1	4	21
5	8	23
5	11	27
0	5	23
1	4	22
8	14	34
5	10	23
4	8	31
3	5	23
7	11	32
5	8	25
3	-1	91
2	4	24
1	4	22
2	6	22
2	4	21
1	4	20
0	5	20
1	4	20
6	7	28
2	4	21
5	7	23
4	6	24
4	6	21
3	7	22
2	5	24
7	10	31
5	9	25
3	8	24
3	10	25
6	10	28
2	3	22
3	5	21
1	5	23
6	9	26
5	8	24
5	6	24
3	7	22
3	6	21
0	10	90
0	28	90
1	4	24
5	6	21
4	5	21
2	6	21
5	7	24
2	5	24
2	6	22
9	10	34
8	12	31
3	4	22
5	9	25
7	11	28
3	8	26
2	6	26
4	6	25
4	6	22
3	6	23
3	5	22
3	6	21
2	7	24
2	6	23
1	5	22
7	14	33
0	3	22
3	5	23
2	6	21
2	6	22
2	6	21
1	6	20
8	11	31
8	11	31
3	7	22
2	7	24
3	7	24
2	6	24
5	9	24
3	9	25
5	9	27
6	11	30
4	8	32
6	12	31
5	16	33
4	11	25
3	8	23
2	6	22
4	6	23
4	5	21
5	7	24
3	6	23
2	4	21
1	4	20
0	15	90
0	12	90
6	8	24
5	14	29
6	7	21
3	7	25
2	28	88
4	11	26
5	8	24
3	7	22
5	8	30
6	9	30
4	8	26
0	3	23
1	3	22
6	9	26
7	9	26
2	3	22
2	7	24
6	10	25
4	9	25
4	9	24
9	9	34
3	6	24
4	7	26
6	13	31
5	9	25
9	8	31
5	9	24
2	6	21
2	7	23
1	7	21
1	6	20
6	10	25
4	5	22
6	9	25
8	10	31
7	10	30
5	9	30
3	8	25
3	7	22
3	8	22
7	8	26
7	8	26
8	10	28
9	11	32
7	8	26
8	10	31
2	2	23
1	2	22
2	4	21
3	5	22
4	6	24
10	13	32
8	8	27
6	9	30
9	12	29
4	7	20
3	9	26
2	7	26
4	7	25
1	5	21
8	12	27
8	12	30
6	10	25
3	10	23
2	5	21
8	13	35
1	4	21
5	12	33
4	10	28
5	12	27
7	13	33
5	11	32
6	11	31
5	13	32
1	5	21
2	5	22
2	5	21
2	6	21
7	10	32
6	6	22
2	5	22
2	7	22
4	8	24
8	11	32
6	10	31
8	10	30
8	8	29
8	8	27
6	8	29
3	7	27
2	7	23
2	6	22
4	9	22
4	7	23
2	8	24
3	8	22
4	8	24
3	8	22
4	7	23
4	7	23
9	11	34
8	10	30
2	6	21
10	15	33
5	8	23
5	7	23
12	13	41
2	6	21
4	7	23
3	6	23
3	7	24
4	9	25
4	30	90
3	3	24
1	4	21
3	4	21
7	8	24
4	6	22
6	11	31
5	7	25
7	9	25
6	10	26
5	11	31
6	13	30
10	11	31
5	11	26
6	8	34
10	14	33
5	9	25
4	9	26
7	13	32
3	5	22
5	8	25
6	10	24
8	8	25
5	7	24
1	5	22
2	5	20
13	19	40
6	11	27
6	9	25
5	10	27
5	9	25
5	9	25
8	14	31
7	9	27
6	6	24
3	7	22
10	13	35
2	4	22
0	6	62
0	8	62
7	9	28
6	7	25
0	13	91
0	14	91
3	6	26
4	6	25
4	5	23
4	5	22
5	6	26
4	6	26
4	6	25
5	9	27
5	10	28
3	8	27
4	8	26
3	7	21
3	6	21
1	4	21
9	14	34
9	14	33
8	13	30
8	11	27
6	8	26
2	5	23
2	6	22
2	5	21
2	6	23
0	3	20
6	7	26
7	15	31
4	9	24
0	25	90
4	8	26
3	7	24
2	8	23
2	8	22
5	9	26
2	8	23
9	14	35
9	12	36
8	11	31
10	13	33
6	7	26
3	5	21
2	5	20
2	7	22
3	8	24
5	8	26
3	9	25
4	7	23
2	7	21
1	8	20
3	5	21
5	7	31
4	8	22
3	7	23
2	5	22
3	6	22
4	8	23
4	8	26
5	10	30
1	3	20
0	26	90
3	6	24
3	6	22
1	7	21
7	10	34
3	6	22
7	10	28
0	16	91
4	7	22
2	3	22
0	4	21
3	6	25
7	10	32
1	3	21
3	7	21
4	8	31
1	7	24
3	9	21
0	20	90
0	8	91
3	7	20
3	5	22
2	5	21
6	8	27
8	11	30
6	9	27
9	11	31
9	13	29
8	12	28
2	8	24
5	9	25
0	16	90
5	9	26
3	6	22
6	10	25
8	13	32
8	12	31
3	5	22
2	2	21
3	7	21
2	6	22
1	5	21
4	6	26
3	8	21
4	7	24
7	7	25
0	8	91
0	8	91
10	11	37
5	7	26
5	5	22
0	19	91
6	13	31
2	4	25
4	8	22
7	10	31
8	11	32
5	11	26
3	11	30
4	10	26
3	9	25
21	23	82
5	6	26
1	7	21
1	5	20
2	5	22
1	6	21
0	4	90
0	9	91
3	5	21
7	10	27
6	11	25
6	11	26
4	9	24
3	8	24
4	7	24
3	8	23
3	7	22
3	7	21
4	8	23
3	8	24
3	7	23
3	8	22
2	5	20
3	12	30
5	8	30
9	9	33
2	7	30
5	11	31
4	7	25
4	7	25
5	9	32
6	7	30
4	10	30
5	11	31
5	10	33
2	6	23
9	12	34
6	8	28
1	3	22
2	3	21
6	12	27
3	6	23
2	5	20
2	4	23
4	7	22
4	8	23
0	10	91
0	16	91
4	6	23
2	5	21
4	8	25
3	7	22
5	7	24
3	5	21
3	6	24
4	7	24
4	6	22
9	13	36
2	6	21
11	14	35
4	6	21
0	-1	90
0	-1	91
5	7	30
6	7	30
3	6	23
2	5	22
3	6	23
2	6	23
0	12	90
0	11	90
0	8	91
0	20	90
0	4	91
6	9	26
0	11	90
0	10	91
0	16	91
0	13	90
7	9	28
7	8	27
5	7	26
7	8	25
8	8	29
9	14	32
10	14	31
1	4	21
3	4	21
6	9	28
6	5	23
3	9	21
2	10	22
2	8	22
7	7	26
3	5	20
6	7	30
4	8	30
8	10	34
10	15	43
10	12	33
10	11	31
1	10	30
1	6	25
1	3	21
3	4	22
5	6	23
6	7	25
8	8	30
4	7	22
2	2	22
9	13	31
6	10	28
4	6	24
4	7	23
8	7	30
5	12	28
6	10	31
9	10	28
8	12	32
6	10	26
5	9	24
5	7	24
2	6	24
2	6	22
2	5	22
2	7	21
1	6	20
7	10	30
2	6	21
4	7	24
7	9	28
3	5	25
8	12	30
4	8	24
6	13	28
4	11	31
6	8	24
7	12	31
5	7	22
2	4	22
2	6	22
5	9	23
2	3	22
9	12	37
7	10	30
4	7	21
1	4	20
5	7	24
4	6	26
5	9	24
3	5	23
8	10	31
7	8	25
3	14	31
9	13	32
2	23	90
6	9	25
5	6	24
7	8	32
7	12	27
0	3	20
2	7	20
6	9	30
2	2	21
3	8	24
6	12	30
5	9	24
5	8	23
4	7	22
0	-1	90
2	4	21
2	4	20
1	3	21
1	4	23
1	5	22
1	4	21
7	8	27
6	7	29
2	5	22
4	7	26
2	7	22
3	10	22
3	9	21
0	12	91
0	10	90
3	5	26
2	5	24
2	6	24
3	6	25
4	8	29
3	8	29
4	7	26
4	8	25
9	13	33
1	4	21
1	4	20
2	6	22
2	7	24
4	5	23
6	6	23
4	10	24
1	4	22
10	15	33
3	5	23
4	8	25
3	9	26
6	8	26
4	6	22
2	6	21
3	5	21
6	9	24
3	8	22
8	10	29
0	3	21
3	9	22
2	5	21
8	11	28
8	13	30
6	11	26
4	5	22
2	5	21
3	6	21
11	15	36
10	15	38
9	16	36
8	13	31
6	10	29
2	4	22
6	7	25
6	12	29
3	7	26
3	8	24
4	7	23
4	26	90
6	8	27
6	8	27
8	12	31
4	8	22
3	6	24
2	5	22
3	6	25
2	5	23
4	7	23
4	7	26
3	6	22
4	7	23
4	8	24
3	5	21
4	8	31
6	9	27
3	6	22
3	5	20
4	7	21
2	4	21
2	8	20
3	7	21
2	7	24
0	6	91
4	9	23
2	8	23
2	6	21
7	8	25
6	12	34
19	22	52
0	3	21
3	6	21
3	7	23
3	9	25
3	8	24
4	9	26
3	8	23
0	3	90
0	6	90
1	4	30
5	8	24
6	8	26
5	8	25
5	11	25
4	5	21
1	2	20
1	5	21
5	13	30
7	14	33
7	8	31
5	7	22
7	11	28
3	9	24
3	7	22
3	6	21
3	5	22
3	6	21
3	6	24
6	8	28
5	8	22
5	9	26
3	7	24
7	9	27
4	9	24
4	5	21
5	31	65
8	-1	91
3	6	24
4	8	22
3	8	22
2	6	22
7	10	31
6	6	25
3	8	21
3	7	26
4	7	25
2	5	21
2	5	23
3	6	23
3	6	22
9	10	31
2	7	22
6	12	30
7	11	27
8	12	26
2	4	21
0	1	20
5	12	30
0	0	22
0	11	90
3	6	26
3	6	25
3	7	23
2	5	23
0	4	91
0	4	91
0	9	91
8	13	34
1	5	24
0	3	21
3	5	21
5	8	23
4	9	25
2	5	22
3	6	21
7	7	26
2	6	24
6	12	32
5	9	25
3	7	22
4	7	21
4	8	26
3	4	23
0	13	90
0	8	91
1	5	21
1	6	20
4	5	22
3	8	24
4	7	23
3	5	23
3	5	21
2	5	26
3	5	21
3	6	22
2	7	23
5	9	25
5	10	26
5	10	27
5	11	27
4	6	22
3	6	23
6	6	26
7	10	27
4	7	21
2	6	20
6	11	25
4	7	25
4	6	24
4	8	26
5	8	23
3	8	23
3	7	22
6	5	25
3	6	24
2	4	21
7	13	32
2	4	21
4	5	23
4	6	25
4	8	26
7	10	28
4	8	26
4	9	28
5	8	25
1	3	21
5	9	32
1	5	20
4	6	22
4	7	22
2	5	21
3	8	22
4	8	24
0	4	21
0	2	21
7	11	32
5	10	30
9	11	32
6	8	26
9	12	31
6	10	29
2	8	22
5	7	23
3	33	89
4	7	24
6	7	25
4	8	22
1	8	22
8	10	34
3	3	20
0	25	91
2	6	24
2	7	22
3	7	23
8	11	35
2	4	25
5	8	28
4	10	30
4	9	23
5	9	32
5	7	24
4	6	22
9	12	36
8	9	33
8	8	29
4	7	22
5	8	23
5	8	23
5	11	26
9	10	33
2	9	22
4	5	22
3	4	21
4	7	24
4	7	21
2	7	24
4	9	24
5	9	26
7	11	30
8	16	32
4	40	91
4	7	25
4	9	27
5	8	24
6	12	26
6	10	25
3	8	23
5	9	26
4	10	25
6	8	24
7	8	25
6	9	29
4	7	22
4	7	21
0	-1	90
3	6	23
5	9	23
2	7	22
3	8	23
4	9	25
4	9	24
6	7	24
3	5	22
8	10	31
8	10	32
7	10	30
8	11	29
5	9	24
5	7	25
6	9	25
2	6	21
2	2	20
4	10	24
3	6	20
4	9	26
3	8	25
3	4	23
3	3	22
4	11	23
2	6	23
1	4	22
7	9	27
1	2	21
7	12	28
2	6	22
2	6	22
6	10	28
6	10	27
5	10	26
6	10	27
4	7	23
1	5	21
3	8	23
1	6	21
1	7	22
2	8	23
3	8	22
3	5	22
4	9	30
6	8	24
3	5	22
5	7	24
2	7	25
3	6	25
3	7	24
5	7	24
5	6	31
9	13	35
8	13	36
11	12	35
7	8	27
5	8	23
6	10	26
5	10	24
3	10	22
3	7	22
4	7	23
4	6	22
2	6	24
0	10	90
4	7	24
1	4	28
3	7	25
3	6	23
3	4	22
3	5	22
1	6	21
2	4	21
2	5	22
2	5	21
4	6	25
10	13	36
4	8	24
2	5	22
3	4	21
4	4	22
3	7	26
4	7	27
4	5	23
7	10	27
6	10	26
4	8	23
0	3	20
0	3	23
0	2	21
0	2	22
2	6	23
3	8	24
2	6	22
2	5	21
6	9	30
3	7	26
5	10	28
4	5	27
6	11	30
2	8	22
3	7	23
2	6	22
3	6	21
2	4	21
1	5	21
5	9	28
5	8	25
0	7	90
0	6	91
4	7	22
4	9	30
0	6	91
1	12	91
6	8	27
6	9	27
3	9	22
3	5	21
2	4	22
3	4	22
2	4	22
6	6	27
1	4	21
0	1	20
4	5	22
5	10	30
5	6	27
3	8	27
5	6	25
0	1	91
2	4	24
4	12	30
7	11	30
4	11	26
2	6	23
2	5	21
4	6	24
2	4	22
3	4	22
6	11	32
0	12	91
6	6	25
2	4	23
5	11	32
7	10	29
9	12	34
6	8	24
0	19	90
4	9	24
3	8	24
3	7	23
3	7	22
3	6	21
3	4	20
4	7	24
2	8	22
2	5	22
5	9	31
6	12	29
3	5	22
2	5	22
2	4	21
0	-1	90
1	2	20
4	6	24
3	5	22
4	7	24
6	12	27
2	5	20
1	2	22
1	2	21
1	2	22
0	11	90
2	3	20
2	3	21
4	7	22
4	9	30
3	6	24
3	6	22
4	5	22
5	7	24
2	4	21
6	14	32
6	9	26
6	8	26
5	11	30
6	6	24
2	8	24
3	8	22
3	7	21
2	7	22
7	11	28
5	12	31
6	11	28
6	9	27
6	11	28
6	11	28
6	11	25
6	12	30
5	13	31
7	12	26
6	11	26
6	14	32
4	8	22
4	7	23
1	12	90
0	9	90
3	8	23
6	11	30
1	7	25
2	6	23
0	24	91
1	9	90
0	10	91
3	8	23
3	7	22
3	6	22
5	6	22
8	8	31
10	12	35
11	11	34
10	11	33
10	12	34
5	9	25
7	11	27
7	11	26
6	10	30
1	6	21
8	12	29
6	11	28
6	12	27
4	9	30
4	7	24
10	13	34
3	9	23
6	12	33
4	7	24
3	6	22
5	6	20
1	8	21
8	11	30
9	12	31
1	5	22
4	14	32
7	9	27
4	7	23
5	7	25
0	2	20
1	5	20
2	6	22
4	7	23
2	6	22
2	38	90
0	38	90
1	38	90
1	37	88
2	36	90
0	13	89
9	10	31
6	6	23
8	9	25
4	8	25
2	5	22
1	4	22
2	3	21
0	5	21
7	13	28
1	9	91
9	10	33
6	8	25
10	11	34
8	11	33
2	4	25
4	6	25
4	15	27
2	6	26
5	11	31
2	6	21
6	10	25
7	10	28
3	8	24
2	5	24
0	4	91
0	9	91
8	11	29
7	9	34
6	6	25
2	7	22
0	13	90
1	7	21
4	8	24
2	7	21
3	6	22
8	10	28
6	12	29
9	11	35
1	5	21
5	6	22
2	7	21
8	14	35
4	8	23
2	7	22
2	7	21
1	6	21
3	6	24
3	6	23
3	7	25
3	7	23
6	7	25
4	11	31
1	8	57
4	7	23
0	13	91
0	10	91
4	6	21
4	8	26
4	9	25
8	12	32
3	7	22
3	7	23
2	7	22
4	8	22
10	10	33
6	8	26
6	9	26
0	4	22
1	5	21
1	3	22
0	8	90
0	8	91
2	6	22
3	8	25
2	5	21
3	7	23
3	6	24
4	8	23
3	5	22
3	8	25
3	6	23
3	7	22
2	3	22
10	11	31
8	10	30
8	8	30
3	7	22
5	8	24
7	11	26
1	4	21
3	6	22
2	7	22
3	8	22
4	8	21
5	10	31
3	7	23
3	7	21
9	13	29
10	12	33
1	3	23
6	12	28
5	10	27
6	9	27
5	9	26
6	11	30
4	8	22
2	7	23
3	6	23
2	5	22
2	6	21
6	10	26
10	9	35
6	12	27
2	5	24
2	4	23
2	5	21
4	7	23
2	6	22
2	4	21
3	6	23
3	8	24
4	6	22
4	9	26
4	12	26
4	11	26
6	11	27
5	9	25
6	12	28
6	14	29
6	10	27
5	7	24
2	5	20
1	4	21
2	5	20
5	8	23
4	8	23
8	14	32
5	13	30
6	11	32
6	8	25
6	9	25
3	6	22
2	6	20
6	10	27
7	12	32
7	13	32
6	9	26
6	9	24
6	8	25
3	7	23
11	13	32
9	11	32
4	7	20
3	8	23
2	7	21
2	7	21
0	-1	90
4	8	23
4	10	31
4	9	25
4	9	24
3	8	23
3	7	22
3	8	25
5	6	27
9	13	31
8	10	27
7	9	26
11	14	42
3	6	25
3	6	24
4	8	23
4	8	24
5	9	24
2	7	21
2	6	20
6	11	30
2	5	22
3	5	23
3	5	27
10	14	35
9	13	35
4	6	24
7	12	26
5	6	24
4	7	25
4	8	21
4	8	25
4	7	22
3	8	24
3	7	23
3	9	25
0	8	91
0	15	91
11	12	34
2	6	21
5	13	29
4	12	30
6	8	24
0	4	22
5	7	25
6	9	30
8	13	31
4	11	25
7	7	31
5	7	22
6	8	27
2	8	21
2	5	21
2	6	23
9	14	32
9	13	31
10	15	36
1	7	21
2	6	22
3	6	22
5	8	25
5	9	30
2	5	22
2	4	20
9	11	30
2	5	23
0	3	21
1	3	21
2	4	20
2	5	21
3	6	24
5	8	25
5	7	24
6	11	24
3	8	22
2	6	21
4	7	24
3	5	22
3	5	21
3	7	22
5	8	24
3	7	21
4	5	23
0	6	90
0	11	90
0	-1	91
6	8	24
5	7	26
8	12	27
7	11	27
7	11	26
0	23	90
3	7	22
2	7	21
6	11	31
3	5	21
1	2	22
4	6	24
5	8	25
4	8	24
4	8	24
7	14	28
1	3	21
4	7	25
3	6	22
3	6	22
3	6	23
4	8	23
3	8	24
3	7	22
2	7	22
4	7	32
5	8	24
3	10	23
6	5	26
5	9	31
1	7	22
4	7	24
6	7	26
8	12	28
5	6	23
0	12	90
4	9	30
3	6	22
8	7	27
4	11	26
5	11	26
6	9	27
5	10	26
5	6	26
6	12	32
5	12	26
3	5	22
2	6	21
6	11	30
2	6	21
3	8	22
3	5	22
5	7	24
6	9	26
6	10	28
6	10	31
6	7	26
6	7	24
2	5	21
2	3	21
4	8	23
5	8	23
4	8	21
3	7	30
4	15	31
4	10	25
4	12	24
7	11	29
8	11	28
3	8	22
3	6	24
2	3	22
5	9	26
8	11	31
3	7	22
2	2	22
5	8	23
8	11	26
4	7	24
3	6	20
2	4	20
3	9	24
8	11	35
8	13	36
2	6	22
7	14	31
5	8	25
7	11	27
2	6	22
0	6	24
3	6	24
7	7	25
8	11	32
4	8	22
10	16	37
10	14	37
3	6	22
3	8	22
2	6	22
5	9	25
8	8	27
8	9	30
2	6	24
3	5	22
4	6	23
4	7	23
2	5	24
5	9	25
5	8	23
4	8	24
3	6	22
4	10	25
5	7	25
0	13	81
4	7	27
1	3	21
5	5	27
0	28	90
6	11	35
2	4	20
1	3	20
3	6	24
4	7	23
4	8	24
4	8	25
3	7	21
3	8	22
3	7	21
3	7	22
6	9	24
3	7	21
2	7	22
9	11	31
9	11	29
6	8	27
4	7	24
10	13	34
10	15	33
3	6	22
5	11	25
8	9	30
2	5	21
4	8	25
4	8	23
4	9	26
0	4	23
4	10	22
2	5	22
0	14	91
2	5	23
2	7	22
3	8	23
2	6	22
9	9	34
8	10	33
9	10	33
9	11	35
8	10	32
3	7	23
2	6	21
3	7	21
7	10	26
7	10	26
2	5	21
5	12	30
5	11	25
4	7	24
2	6	22
2	6	22
5	10	23
5	13	30
8	10	30
4	8	24
5	7	23
1	9	22
4	7	26
0	8	90
3	9	23
8	10	27
7	9	27
6	8	27
1	5	22
3	8	25
9	12	31
1	4	21
8	12	29
5	9	25
8	13	30
5	9	23
2	6	20
8	10	32
4	8	23
5	7	24
6	11	31
3	9	24
1	5	22
3	6	21
3	7	23
4	5	22
3	5	21
4	8	22
4	9	23
3	8	22
2	6	22
3	7	23
5	8	25
5	7	25
3	7	24
3	8	26
1	22	91
7	9	26
5	8	26
5	8	31
7	8	27
3	8	20
11	16	37
7	10	33
5	11	30
5	11	25
3	9	21
8	15	31
3	9	25
5	7	26
2	7	24
3	9	23
3	8	22
3	7	22
3	4	22
4	9	24
2	5	23
9	13	32
1	5	22
3	8	25
6	11	30
8	9	24
8	10	31
7	12	34
8	9	29
7	10	33
7	8	31
4	7	23
3	6	23
2	4	21
3	6	21
4	7	23
1	6	58
4	5	23
2	7	21
2	6	23
3	8	22
3	7	23
3	6	23
1	7	21
3	9	22
4	8	23
3	7	23
5	10	28
6	8	26
6	8	25
6	12	31
5	8	27
4	6	24
5	9	24
7	13	28
5	8	23
2	6	22
5	6	24
6	9	27
4	8	21
7	9	26
4	6	22
2	6	22
1	2	25
2	3	24
4	6	24
0	8	90
2	5	22
10	13	32
9	12	32
4	6	24
4	7	22
2	9	23
6	9	31
3	4	21
3	6	26
2	3	21
9	17	39
2	7	21
2	6	20
4	6	22
0	4	21
4	7	23
6	12	32
0	11	88
2	5	24
3	5	25
8	11	26
4	6	21
2	4	23
3	5	21
6	8	24
4	5	23
5	12	30
2	7	21
2	7	23
2	7	24
3	6	22
7	8	27
1	3	22
1	3	24
9	12	34
8	9	30
2	7	20
2	6	21
3	7	23
2	5	21
5	9	28
6	8	24
3	10	23
1	5	22
7	9	29
6	13	30
5	12	28
3	6	21
4	6	24
4	9	23
5	7	25
7	11	31
9	12	31
0	10	91
1	9	91
0	8	91
1	11	90
1	3	22
2	5	25
0	12	91
0	9	91
3	4	23
4	8	25
0	9	91
1	17	90
8	9	30
9	11	32
7	9	27
10	9	30
1	4	21
1	3	20
2	5	22
5	7	25
0	7	90
0	6	76
3	7	22
5	9	29
6	11	34
10	14	37
4	10	30
3	7	21
2	8	22
3	8	23
3	4	21
2	6	21
4	5	26
4	8	26
1	4	20
1	4	21
0	12	91
0	6	90
4	4	22
3	5	23
5	5	23
1	12	91
0	10	91
2	6	21
2	6	21
5	6	25
6	9	26
3	7	22
1	4	22
5	11	34
6	8	31
2	6	22
3	7	21
4	8	21
5	8	26
4	7	24
2	15	62
5	7	25
5	7	25
2	8	22
0	3	21
0	4	21
2	7	22
6	13	31
1	4	24
4	7	24
3	9	23
4	8	24
5	8	24
7	9	26
2	6	22
6	8	23
2	4	21
6	10	28
0	7	90
6	8	24
3	8	27
2	7	21
6	10	25
5	9	34
3	4	21
0	13	91
0	15	91
3	7	24
4	5	24
3	5	25
3	5	23
5	7	22
3	6	22
0	8	91
0	14	90
3	10	22
3	7	21
3	6	20
3	8	24
7	10	32
3	6	22
3	7	23
4	9	26
2	6	20
2	7	23
7	7	30
0	12	91
7	8	28
2	5	22
2	3	23
0	1	29
3	7	22
3	8	25
4	12	31
7	9	28
3	4	22
5	8	29
4	11	24
8	10	28
3	8	23
7	10	25
3	6	24
1	3	21
1	2	20
6	8	26
0	24	89
2	3	23
2	4	20
2	6	22
7	10	30
6	10	31
1	3	22
1	15	57
2	9	91
3	13	30
3	8	22
2	3	20
3	8	22
0	2	22
4	9	29
4	10	27
10	12	33
9	12	30
4	9	25
4	9	24
3	7	21
6	8	28
3	6	22
0	11	90
0	7	90
4	7	23
2	6	21
7	12	32
2	6	20
2	5	22
7	13	30
5	7	25
5	7	23
6	8	24
6	6	26
4	7	24
4	10	26
7	9	25
8	11	31
6	10	29
0	5	91
8	10	32
10	11	33
7	9	32
0	11	89
0	15	90
1	7	21
4	6	23
4	10	31
8	13	34
4	8	24
4	8	24
4	8	26
7	9	30
9	12	34
9	12	31
2	5	22
4	8	24
4	8	26
3	6	24
8	10	25
4	6	23
9	13	32
7	13	27
7	8	26
3	7	21
3	6	22
3	5	23
4	6	22
5	7	23
3	5	22
2	6	21
5	8	26
3	7	24
5	8	25
3	8	22
7	10	30
3	6	23
0	0	58
5	9	25
3	5	22
3	5	21
3	5	21
2	6	22
4	6	24
4	7	25
2	4	21
0	9	90
5	9	22
5	8	23
5	8	23
4	7	24
2	5	21
5	8	23
6	10	26
6	12	27
8	11	33
5	7	24
4	7	20
0	2	22
2	7	23
3	7	23
8	34	90
3	7	22
2	8	20
3	8	23
19	27	64
6	7	23
7	11	29
7	10	30
9	12	31
3	8	21
4	8	25
2	5	23
7	10	27
2	15	91
4	8	23
6	9	26
2	2	21
2	3	21
1	3	23
1	4	21
0	1	21
0	1	22
0	1	20
8	13	30
9	12	31
7	10	26
7	12	27
8	12	33
0	2	24
0	2	22
2	6	22
4	6	24
5	7	23
10	10	33
6	6	26
5	7	26
5	6	24
4	8	29
2	5	21
8	12	32
9	11	29
3	9	31
5	7	24
2	3	21
1	5	20
6	8	26
2	4	21
3	8	25
3	8	23
2	3	26
1	4	22
1	6	20
8	6	27
1	5	20
5	7	23
4	6	22
3	4	25
4	5	26
3	4	24
7	8	34
3	6	25
5	7	25
6	7	26
4	6	22
4	7	24
5	9	26
5	9	27
5	11	28
5	10	29
11	16	36
11	15	35
11	17	39
9	13	31
11	16	36
7	8	27
5	12	27
5	9	23
4	6	23
3	8	25
1	5	21
7	10	25
6	6	26
0	4	22
7	12	34
5	9	28
4	6	23
0	2	20
4	7	24
0	8	91
0	8	90
3	6	24
5	4	25
4	5	25
9	9	31
7	10	27
2	6	23
2	8	22
7	9	27
6	6	30
3	7	23
8	12	30
7	11	27
7	10	30
4	6	23
5	9	22
4	7	21
7	10	30
5	8	23
8	11	32
7	10	26
6	12	27
7	6	27
5	8	24
5	9	24
5	9	23
4	8	22
2	6	20
5	8	24
6	6	24
7	15	28
9	12	31
9	11	28
10	13	31
0	7	90
0	12	91
2	4	23
0	5	20
0	4	21
6	9	30
8	11	30
3	8	24
3	8	23
1	6	22
4	10	30
6	9	26
4	8	22
2	6	23
9	13	33
5	12	26
3	8	23
7	10	27
2	4	25
3	5	25
0	10	90
1	8	22
1	7	22
3	5	21
3	8	22
4	6	24
3	6	22
1	2	21
1	3	22
3	4	26
2	4	23
2	5	23
2	4	24
2	5	21
7	8	30
0	6	91
0	15	91
3	10	26
8	9	28
7	11	33
1	6	25
8	9	26
4	8	21
4	8	24
4	8	23
3	8	23
3	10	25
0	5	21
0	4	22
2	5	20
9	14	32
8	10	30
1	15	91
0	3	91
4	9	24
4	7	24
3	6	22
4	9	25
1	5	22
0	3	22
3	7	24
7	10	28
4	10	28
7	10	28
5	12	30
6	9	26
5	10	30
6	11	30
6	9	27
4	10	27
3	12	28
1	3	21
1	4	20
2	4	23
1	4	21
9	9	28
7	7	27
8	11	26
3	6	21
6	12	32
1	9	87
0	3	91
5	10	25
3	9	23
4	5	21
6	7	30
2	6	20
4	8	24
4	6	23
3	5	24
2	6	23
4	7	22
6	6	23
0	6	90
0	6	86
1	5	20
1	5	20
5	7	27
7	19	38
2	5	22
4	6	25
4	16	30
2	3	21
4	7	24
3	5	23
4	9	23
1	8	21
3	7	23
0	5	22
8	10	36
6	13	30
2	7	22
2	7	22
9	13	36
0	5	85
0	5	88
0	2	23
0	2	20
0	2	21
0	2	24
0	2	22
1	4	22
0	3	21
0	5	24
1	4	22
0	6	24
2	3	21
2	6	22
1	4	25
1	17	91
0	11	90
2	10	90
3	5	22
3	5	20
2	7	22
5	7	22
3	7	23
9	12	28
7	9	25
2	7	21
2	6	22
2	5	21
2	3	22
5	10	26
3	6	22
0	7	91
8	10	30
3	6	23
2	5	22
2	6	21
5	6	24
3	26	90
3	5	22
2	4	20
2	5	20
1	3	23
3	5	21
9	10	30
4	6	24
4	7	26
7	10	30
7	8	32
8	10	33
8	10	31
9	12	28
2	5	22
3	4	21
2	4	21
2	6	21
8	11	33
2	4	23
2	6	21
1	4	21
0	6	61
0	5	61
5	4	24
1	5	21
3	9	24
4	11	31
3	9	25
4	8	24
3	8	23
1	6	22
6	9	28
6	12	30
5	11	30
2	7	24
4	9	25
4	9	23
2	8	26
1	4	21
4	6	22
4	7	24
7	7	27
7	6	26
1	3	21
4	8	23
3	8	23
0	-1	91
1	38	91
4	8	22
3	9	24
3	9	23
6	8	23
5	9	27
1	6	20
2	6	21
3	6	22
2	9	23
3	8	26
2	9	22
2	7	22
9	9	30
7	9	28
6	9	27
6	10	28
2	4	21
2	8	24
6	10	26
6	8	24
7	10	27
4	6	26
1	2	21
4	6	22
3	6	21
4	10	26
4	9	23
4	9	25
4	8	23
3	7	22
5	8	24
3	8	23
3	8	21
5	9	27
7	10	31
2	5	21
0	24	91
3	7	26
2	4	20
2	4	20
1	3	22
0	3	21
4	9	26
6	8	24
5	9	25
3	6	24
1	4	22
3	5	21
2	5	22
0	19	90
8	8	26
7	7	26
2	6	22
2	5	21
2	6	23
2	6	24
2	5	23
4	7	23
7	9	30
3	7	25
2	6	22
3	6	23
3	6	22
3	7	23
4	6	23
2	6	22
4	7	24
3	5	21
3	6	22
3	7	22
4	6	21
5	8	26
5	10	27
2	6	20
3	5	21
6	10	30
5	8	23
4	5	26
5	11	25
8	12	28
0	10	91
5	9	31
1	1	21
0	1	21
2	6	21
5	9	25
0	4	21
0	5	22
8	12	30
5	7	23
4	11	29
0	13	91
0	12	91
2	20	88
11	16	36
0	12	91
6	6	25
7	10	28
2	5	21
3	6	24
7	10	30
3	6	21
2	10	24
3	10	22
4	6	24
1	3	30
0	4	31
1	5	23
1	4	22
7	11	27
8	12	26
3	6	21
4	9	24
3	8	23
4	7	27
4	8	27
5	7	26
4	6	24
6	11	32
0	9	90
0	12	90
2	6	22
2	5	21
3	6	22
3	5	21
4	8	30
4	8	24
4	8	24
5	13	30
4	8	23
2	3	21
4	10	25
4	9	25
6	7	27
4	5	22
2	6	20
4	5	22
3	5	22
9	12	39
7	10	32
3	6	21
1	4	21
1	5	22
4	8	23
5	9	24
3	5	23
4	6	22
3	7	22
2	8	22
3	7	23
2	8	22
4	8	25
2	6	22
3	6	22
2	5	22
2	7	21
7	8	30
4	9	30
4	6	21
1	5	20
1	3	21
0	16	91
2	6	22
5	6	26
7	9	26
1	3	23
3	8	25
6	14	29
0	28	90
0	10	91
0	9	90
3	5	23
5	5	23
3	25	91
0	9	91
0	4	91
10	15	36
2	3	21
2	3	21
2	4	22
12	10	38
10	9	36
12	12	42
12	12	40
12	11	39
3	10	23
5	11	25
0	4	21
2	6	22
8	9	30
7	8	26
6	7	28
4	5	23
7	15	35
6	10	25
0	9	91
1	2	22
4	6	21
8	11	31
3	7	21
3	7	20
4	7	22
3	6	21
2	6	22
4	7	28
0	12	89
2	11	24
3	8	22
3	9	23
2	8	24
2	10	24
2	10	23
1	11	25
6	11	28
9	11	31
8	10	30
8	12	33
3	5	22
3	6	23
2	4	21
3	6	23
3	7	24
5	11	25
7	10	27
6	10	31
7	9	27
3	5	21
1	4	22
1	5	20
2	4	22
0	5	50
2	4	23
3	9	27
5	43	90
5	-1	91
2	5	20
1	7	21
4	9	29
8	6	31
6	5	26
2	5	20
2	8	22
4	10	25
3	8	23
2	7	22
2	7	21
2	8	20
1	6	21
4	11	31
4	6	24
3	6	21
2	6	23
1	2	22
2	6	22
3	7	23
3	7	22
3	6	23
0	6	22
3	5	22
2	4	22
3	7	21
5	9	23
5	9	24
6	8	23
2	5	24
5	6	24
4	10	31
4	10	25
6	11	30
6	12	27
5	8	23
5	9	30
2	9	22
1	6	22
1	6	20
5	8	31
6	8	29
10	11	32
9	11	31
11	12	36
11	12	34
9	12	30
10	13	34
10	13	33
8	9	31
4	6	22
2	12	26
2	6	22
2	5	22
2	4	22
2	4	20
1	4	20
0	2	22
2	7	24
2	5	22
3	6	24
4	7	23
3	8	24
3	7	24
7	9	25
6	10	30
7	10	27
4	6	22
8	9	31
4	7	24
2	5	24
2	4	24
2	4	22
0	3	20
0	7	90
0	16	91
6	10	24
4	9	30
6	11	31
3	8	23
3	7	22
3	8	24
3	8	26
4	9	24
3	7	23
2	6	22
3	5	21
3	7	25
5	4	24
4	6	23
2	5	22
8	11	30
0	2	20
0	0	21
3	8	25
3	8	23
1	3	20
4	8	25
2	7	21
4	4	21
8	10	28
4	9	26
2	8	22
0	6	22
0	5	23
0	4	21
6	20	91
4	9	24
4	8	22
5	9	24
4	8	24
0	14	91
0	10	91
5	7	31
5	7	30
4	8	29
5	8	30
7	10	34
4	10	34
6	10	34
5	9	32
7	9	32
5	9	31
6	8	30
4	7	28
6	7	30
4	7	31
5	7	31
4	7	27
4	5	23
3	5	22
2	5	22
4	10	32
4	9	23
3	7	24
1	4	22
2	7	22
2	6	21
5	8	26
1	4	21
6	8	25
5	11	31
5	7	27
1	4	21
4	6	26
3	7	23
6	9	32
6	10	33
4	7	25
4	7	25
4	9	26
4	7	25
9	11	32
0	4	22
1	4	21
7	10	26
7	11	27
0	5	91
0	15	91
6	11	26
5	8	24
5	8	25
5	8	24
2	5	25
3	5	24
3	6	22
3	4	23
3	5	22
3	5	23
1	2	21
0	2	21
0	2	22
0	4	23
2	4	22
1	4	22
2	6	23
2	5	20
7	10	32
8	9	30
8	10	31
6	11	30
1	7	22
3	7	23
2	7	21
3	7	25
1	8	91
1	1	91
13	28	90
1	5	22
7	10	27
8	10	26
2	4	24
5	7	23
3	7	25
7	8	29
6	9	30
3	3	22
2	5	20
2	7	22
2	6	22
8	11	28
6	8	24
5	7	27
6	7	26
0	13	91
0	8	90
3	8	24
6	8	24
5	7	24
6	10	25
5	6	26
3	7	22
4	6	21
0	2	29
4	8	26
3	9	23
5	9	26
9	11	27
3	5	21
2	4	23
5	13	32
7	12	31
4	5	22
2	4	22
3	8	22
1	4	20
3	5	22
5	9	25
4	7	22
35	40	91
4	8	25
4	10	24
2	7	24
2	6	20
5	12	30
4	6	26
2	5	20
3	6	22
6	13	35
6	8	30
3	7	25
7	12	31
3	8	24
7	9	28
4	11	27
2	7	22
2	8	23
2	7	23
2	7	22
2	6	22
1	6	20
7	12	29
2	7	22
5	9	24
6	6	25
5	5	24
1	4	21
8	11	31
6	11	29
5	6	22
1	4	20
1	3	21
3	5	23
3	7	23
3	6	21
4	9	24
4	5	24
2	5	23
2	6	21
4	11	25
5	10	26
2	7	23
3	5	22
2	4	22
2	4	21
2	6	21
2	7	22
3	9	23
2	6	21
2	7	22
2	7	21
3	8	22
4	7	25
3	5	23
2	6	21
4	9	25
3	7	23
3	6	22
2	6	23
3	7	21
8	8	29
2	3	22
6	10	25
3	8	22
7	11	29
4	13	31
3	6	23
5	7	26
4	9	31
4	6	27
6	9	24
3	9	24
2	2	20
3	4	22
4	9	25
6	5	28
3	9	26
4	6	23
3	5	22
2	5	22
3	5	22
4	6	22
3	6	21
4	7	23
1	6	22
4	10	26
4	7	27
0	15	91
0	15	91
0	4	22
0	26	91
3	9	23
3	4	22
1	4	20
5	7	26
3	6	22
4	10	26
3	8	24
3	7	22
4	5	24
4	6	25
4	5	22
4	4	24
6	10	33
0	11	90
2	4	24
7	8	33
7	8	32
4	7	25
5	8	30
0	6	20
5	6	23
6	8	33
3	7	24
0	3	21
4	5	22
4	6	23
3	13	31
4	7	22
4	6	21
2	4	20
8	12	32
6	10	26
1	7	90
0	12	91
2	7	21
2	7	22
4	5	26
1	3	21
0	10	91
0	9	91
0	-1	66
7	11	27
6	11	26
6	11	26
3	6	28
2	7	20
2	6	21
0	8	51
4	9	23
5	11	30
3	6	23
5	6	24
1	15	90
2	2	21
5	9	30
1	4	20
2	2	22
0	22	88
3	5	21
4	9	24
4	7	21
2	4	21
6	11	30
7	10	31
2	2	25
0	2	23
0	2	22
1	2	21
1	2	21
2	3	21
1	2	21
1	3	20
4	14	34
3	6	23
3	6	23
3	5	24
5	8	23
1	3	21
2	5	25
8	7	28
3	4	21
5	6	25
3	2	23
0	7	91
0	8	90
4	8	21
2	7	22
6	6	25
5	7	26
6	7	25
4	7	25
6	6	28
7	7	26
4	10	25
7	13	33
3	8	30
1	6	21
6	8	32
2	6	23
9	9	32
4	9	25
4	9	24
5	8	25
4	7	24
4	7	22
4	8	22
3	6	21
4	9	28
3	5	22
3	5	21
3	5	20
4	6	23
4	7	23
8	12	33
7	10	30
4	8	24
5	10	32
5	9	25
4	8	27
6	9	30
4	8	24
3	8	27
4	7	27
5	6	26
4	6	25
8	10	30
7	10	28
6	9	27
2	5	20
3	7	22
2	6	21
5	8	24
2	6	21
8	9	31
2	7	22
8	11	32
2	6	24
3	6	21
7	13	26
3	5	20
2	6	25
2	7	24
4	10	25
7	11	26
4	11	28
2	8	24
4	9	25
4	9	25
4	10	24
3	9	26
4	8	26
3	7	22
4	5	24
3	6	21
3	7	21
9	9	30
8	11	32
3	6	22
9	10	31
0	3	24
5	6	31
6	5	26
6	7	29
6	9	33
4	8	31
5	8	30
4	7	30
3	5	24
7	9	31
4	7	21
4	9	24
3	8	24
8	12	30
3	6	21
8	7	31
4	6	25
3	6	22
3	5	21
2	7	22
4	5	26
2	3	21
1	6	22
2	6	21
3	6	22
8	9	27
3	5	21
4	5	22
2	4	20
0	3	21
5	8	29
3	8	24
3	3	80
2	4	21
1	6	24
2	6	23
4	8	24
7	10	31
5	8	26
5	8	27
5	5	21
0	4	20
2	4	21
2	4	23
8	13	33
3	6	21
4	6	21
6	10	27
5	8	24
8	11	29
9	9	35
2	6	21
4	7	23
2	5	21
0	15	91
1	9	90
0	8	90
0	6	91
4	5	22
5	6	22
5	6	24
5	8	24
7	7	24
9	11	29
3	7	22
2	7	21
8	9	30
9	9	33
2	5	22
1	8	23
2	8	24
2	7	22
5	8	29
4	9	27
3	9	27
6	9	30
2	9	24
3	8	24
2	7	23
3	8	22
3	6	23
2	6	21
1	4	20
5	6	25
4	7	25
6	11	32
2	6	21
2	6	22
2	7	22
2	6	21
2	7	23
4	7	25
3	8	25
1	3	23
2	5	24
3	4	22
5	8	31
3	5	21
2	5	21
3	6	26
4	5	22
5	7	23
2	7	22
1	12	90
3	5	24
4	6	26
7	11	31
5	9	24
1	3	22
1	4	21
2	7	22
2	7	21
3	6	22
2	8	25
2	8	24
2	7	23
3	8	26
6	12	28
5	8	31
3	7	23
2	5	22
0	10	83
4	7	24
7	11	31
5	15	29
1	7	22
5	10	26
3	5	22
4	7	22
4	6	24
1	3	20
3	10	23
4	7	25
2	10	26
3	6	23
6	8	24
3	6	23
2	6	22
1	3	22
0	11	90
0	15	90
0	2	20
9	12	38
4	8	25
3	8	24
6	10	30
5	9	24
3	23	91
3	25	91
4	7	22
3	6	22
1	6	20
0	3	21
3	6	23
1	9	63
0	2	22
3	10	25
4	11	26
5	11	27
5	9	24
4	9	25
2	8	26
4	7	23
2	5	23
0	2	22
2	6	21
8	12	35
8	11	31
2	6	22
2	5	21
2	8	26
2	6	23
2	4	23
6	12	29
7	12	30
1	3	21
0	4	21
0	3	22
2	8	22
4	6	22
1	4	21
2	6	20
1	4	21
0	5	20
5	9	26
0	12	91
0	11	89
7	12	34
8	9	32
7	9	31
9	11	32
8	12	34
5	8	27
6	10	30
5	13	32
7	9	27
6	11	31
6	10	28
5	6	24
4	6	23
2	6	21
1	12	90
0	16	91
1	4	20
5	12	28
7	10	30
5	12	31
6	7	25
3	9	24
1	4	22
2	3	21
3	5	24
2	5	23
3	7	21
2	8	22
3	9	22
0	2	23
0	5	91
1	12	88
2	7	22
2	7	22
2	5	22
8	10	33
11	14	39
5	6	26
5	6	24
6	7	25
6	10	31
9	11	30
5	8	31
0	3	21
7	12	32
7	10	25
3	6	23
4	10	30
1	4	21
2	6	21
2	5	20
4	9	31
5	7	22
6	8	25
3	7	27
4	7	26
4	7	25
3	7	26
3	7	21
2	7	22
3	6	23
2	5	23
2	7	21
2	6	21
3	7	23
2	5	23
5	7	24
4	8	24
2	7	22
4	6	22
5	8	25
5	7	23
4	10	25
3	7	24
5	8	26
4	8	22
5	9	23
9	13	33
3	7	22
4	7	24
6	8	24
4	6	23
3	7	23
3	5	22
3	6	23
3	6	20
1	2	22
4	4	23
4	8	28
4	7	23
4	6	25
2	6	20
3	5	22
6	9	29
2	5	22
1	1	21
6	10	30
4	8	23
6	11	33
4	10	30
5	10	30
6	11	30
4	8	25
5	10	31
5	9	25
7	10	29
0	2	20
3	6	22
3	6	23
2	6	21
4	6	21
4	8	23
4	6	22
3	7	25
4	5	24
4	7	25
4	7	23
2	5	22
5	8	26
5	7	30
6	7	30
5	6	26
6	9	26
2	5	91
3	9	21
0	1	20
0	8	90
0	19	90
6	10	25
7	11	32
0	4	91
0	5	90
3	6	23
4	7	23
2	9	25
4	7	26
4	8	25
4	7	24
2	9	25
3	9	22
3	8	24
3	7	23
2	6	22
4	7	22
6	9	30
4	8	27
4	6	25
3	6	26
2	5	21
3	9	22
3	8	22
9	11	31
7	10	27
2	3	22
2	8	22
2	7	21
6	9	28
7	14	33
4	6	26
0	5	20
9	11	34
2	5	20
6	7	24
5	8	23
5	8	27
5	7	25
4	9	27
3	7	22
6	13	29
5	10	26
2	6	23
2	8	22
5	14	30
6	12	27
6	13	28
5	15	31
6	7	23
3	7	24
4	6	24
0	3	20
2	10	22
4	7	21
4	7	22
3	7	21
8	12	31
7	11	26
5	7	27
5	11	31
6	11	26
6	10	28
6	10	27
5	9	26
0	9	89
0	5	91
6	10	26
5	9	25
4	9	24
5	10	24
8	10	30
5	8	25
3	5	20
0	5	21
1	4	21
0	9	90
4	5	22
4	7	23
4	5	24
3	5	21
0	7	91
4	6	24
3	8	25
4	6	25
0	-1	91
0	0	90
3	5	21
3	5	20
0	13	90
1	11	90
3	9	30
4	7	24
4	7	24
4	10	24
6	13	32
5	8	24
3	9	24
4	13	30
2	11	24
5	12	26
5	10	29
5	11	26
5	12	30
5	9	29
4	9	27
4	12	29
2	5	22
4	9	26
6	9	32
4	5	25
4	6	26
3	7	25
0	9	91
0	4	91
1	4	20
5	8	28
4	7	27
6	9	30
3	6	28
3	6	26
8	11	33
3	8	23
4	7	25
1	6	22
3	9	25
5	6	25
4	7	24
3	7	25
2	6	21
6	10	30
3	7	24
7	10	30
8	9	27
1	2	23
8	12	33
8	12	33
6	9	25
9	12	33
10	12	39
6	9	25
5	9	24
4	7	21
4	5	22
0	7	91
0	1	91
3	6	21
1	4	20
1	6	21
3	7	24
9	10	34
3	5	24
3	5	22
3	6	23
3	6	23
1	4	21
1	5	21
2	6	23
8	12	33
8	8	31
7	9	29
3	7	23
0	8	90
0	12	91
3	6	21
3	5	23
7	12	31
9	11	31
9	12	30
4	6	25
4	7	25
6	10	30
5	9	24
4	7	22
3	7	21
1	3	21
5	8	26
1	4	22
2	5	20
2	4	25
6	8	25
8	9	28
7	8	30
4	7	23
4	5	21
2	6	22
3	5	20
11	16	37
10	15	35
11	17	40
12	16	40
13	17	40
12	17	39
11	16	37
11	15	36
11	16	38
14	16	39
11	14	36
10	16	37
12	15	36
10	14	35
10	14	33
9	13	32
1	7	22
5	9	23
1	4	20
2	5	21
4	7	23
3	7	21
4	7	21
6	7	26
5	6	27
5	6	26
5	8	26
7	8	30
0	3	21
2	3	23
2	5	22
6	10	26
2	5	22
6	8	27
0	3	21
6	9	26
2	6	22
3	8	24
3	7	23
2	7	22
4	6	24
3	7	21
3	6	23
6	7	26
0	11	91
0	14	89
0	4	21
3	5	21
2	5	23
1	3	20
3	8	22
0	10	90
2	10	91
7	11	29
7	10	27
8	10	27
5	9	26
2	3	21
2	7	22
3	12	25
4	9	23
3	9	22
2	4	22
7	9	31
8	8	28
9	10	31
5	9	31
6	9	30
3	5	23
5	9	26
1	3	22
1	3	23
0	4	24
2	5	21
4	4	30
6	7	34
6	9	27
4	6	22
0	5	22
4	8	24
4	7	23
0	4	20
2	6	23
5	7	24
1	2	20
2	4	21
2	5	22
1	6	20
6	9	27
3	7	23
6	10	24
8	11	26
4	7	22
5	7	25
5	10	25
2	6	23
10	12	34
6	10	30
1	4	20
0	3	43
0	4	20
1	4	20
3	6	24
3	5	21
0	0	21
0	9	91
0	9	91
1	3	20
1	2	23
1	5	21
0	4	21
3	7	24
1	1	21
2	5	22
0	13	91
0	9	90
4	6	23
1	3	23
1	4	24
1	3	23
1	1	23
0	1	21
3	5	22
7	7	30
4	5	22
5	9	26
4	7	24
3	7	23
4	7	25
4	9	29
4	7	25
4	7	25
3	8	24
6	8	27
4	7	25
2	6	24
2	5	21
0	2	20
3	3	22
2	8	23
3	4	21
2	6	22
4	5	23
4	5	25
3	7	22
6	8	23
2	3	22
4	6	28
5	8	26
3	11	25
0	18	90
5	5	23
3	6	24
6	10	31
3	6	24
6	10	26
7	10	27
4	7	25
7	12	25
3	7	22
0	13	90
1	-1	91
0	5	90
0	15	91
6	8	31
2	6	23
0	14	85
0	0	91
3	9	22
2	4	20
1	12	90
1	10	90
2	8	22
2	7	21
2	7	20
2	6	21
3	6	21
1	5	21
10	14	35
1	2	23
2	7	21
10	14	35
8	10	27
10	14	33
0	18	90
1	6	21
5	8	24
5	7	22
1	9	23
1	3	23
3	6	22
6	7	24
8	9	36
7	9	32
0	11	90
0	15	91
0	11	90
3	7	23
3	6	22
2	6	22
2	6	23
6	8	23
5	7	23
5	6	26
1	6	20
5	6	23
3	7	21
3	5	23
1	4	20
0	6	91
4	7	24
2	6	21
5	12	27
6	9	28
3	7	22
1	6	22
3	7	23
3	4	22
0	5	91
2	12	91
2	2	23
3	7	23
4	7	24
4	7	23
0	26	90
3	3	23
4	6	24
0	14	90
0	3	20
3	4	23
0	3	22
0	8	91
0	13	90
0	10	91
6	8	26
2	6	23
12	15	36
8	13	31
7	10	28
4	8	30
3	7	26
5	9	25
1	5	22
11	13	40
7	11	31
5	5	23
1	7	22
2	6	22
6	9	25
8	12	34
1	2	21
2	6	24
1	6	21
2	7	24
3	3	23
2	8	22
2	6	20
0	13	91
5	5	23
0	14	91
0	-1	90
3	8	21
3	7	22
2	8	22
6	14	31
3	8	23
5	12	24
0	13	89
0	7	91
6	7	26
9	10	30
3	6	23
2	6	22
1	6	23
5	7	22
0	5	21
6	10	31
4	6	20
1	5	21
1	5	22
7	9	30
8	9	29
4	7	22
3	5	21
0	8	90
1	11	90
2	6	23
4	8	23
1	7	21
5	10	29
6	8	25
6	8	24
3	6	24
3	7	23
3	3	22
0	12	91
0	8	91
3	4	23
4	7	24
3	7	23
4	7	24
3	7	21
8	9	31
4	3	22
3	8	25
7	10	26
6	9	26
2	8	23
2	4	23
0	3	24
0	3	22
1	3	22
1	5	24
1	5	23
2	6	23
2	7	23
2	8	24
0	22	90
1	4	22
6	7	27
5	6	22
4	8	25
8	11	32
7	10	30
4	9	25
3	7	22
3	7	21
4	8	23
4	8	23
2	4	20
6	6	23
5	7	27
7	8	27
5	6	27
1	3	22
2	2	23
1	2	22
2	6	22
2	4	21
4	8	24
5	10	32
5	6	27
10	11	30
2	5	24
5	7	24
2	4	21
5	11	31
4	10	28
4	8	28
10	13	33
9	10	30
2	7	22
3	8	24
3	6	21
9	8	34
8	14	35
6	12	30
6	8	22
5	12	31
0	3	63
1	2	63
2	8	22
5	6	21
5	7	25
7	8	28
9	11	30
8	11	29
3	14	30
5	11	30
6	11	28
1	8	25
6	10	28
4	7	22
3	8	25
3	8	23
4	8	22
5	11	30
3	6	25
4	4	23
3	5	20
3	6	25
3	5	21
2	6	21
3	6	24
4	5	25
5	12	27
3	9	22
4	6	22
5	7	26
6	7	24
5	8	28
8	11	32
8	13	28
9	10	29
4	10	30
3	9	24
3	7	25
2	6	24
11	16	44
5	12	30
1	4	22
3	8	22
2	6	21
8	10	26
10	13	32
5	7	24
6	8	26
4	8	25
2	5	21
8	9	31
9	10	30
7	9	28
8	9	26
6	9	25
2	4	24
4	8	25
5	7	24
2	7	22
4	6	23
1	5	21
5	8	25
7	6	26
3	7	23
2	6	22
5	12	30
8	12	30
5	13	27
4	7	23
8	12	30
3	7	22
3	6	22
2	5	24
7	12	26
10	11	34
5	10	24
5	7	23
2	4	23
0	4	21
1	4	22
1	5	22
1	4	21
5	9	30
5	13	30
5	13	30
7	11	31
6	10	27
5	10	25
5	10	26
5	10	26
4	9	25
6	10	24
4	9	23
7	8	26
10	12	29
7	12	30
8	11	28
8	14	43
2	5	24
4	7	23
8	13	32
5	6	23
5	8	26
6	8	26
5	8	25
4	9	27
4	7	23
4	7	23
7	13	29
7	8	28
5	8	26
5	7	25
4	8	23
3	7	24
2	8	25
6	9	24
5	7	24
2	5	21
8	9	26
2	2	22
4	8	21
6	7	24
6	6	25
0	-1	91
0	-1	90
3	4	21
6	9	24
7	8	27
0	8	78
5	6	23
6	11	30
5	10	25
3	5	24
4	5	23
2	6	24
5	6	25
5	7	27
5	7	28
7	10	34
5	11	32
8	10	36
6	9	34
7	9	35
5	9	26
3	10	24
3	7	23
2	8	24
5	9	26
6	10	28
3	7	26
7	11	33
3	6	22
3	6	21
6	9	30
5	11	32
6	8	24
1	3	21
8	13	28
7	13	29
8	11	29
7	12	27
6	11	26
2	7	21
1	5	21
5	6	22
4	7	23
4	9	30
4	8	21
6	12	31
3	10	26
5	11	29
3	7	24
0	15	90
5	7	22
0	8	90
8	7	31
3	6	22
2	3	21
2	7	22
2	7	21
0	13	91
0	13	90
5	9	31
3	7	23
2	7	23
2	7	22
4	8	25
4	7	24
2	4	20
1	34	90
5	7	24
4	6	23
6	7	23
7	12	34
3	6	25
4	7	22
3	7	22
0	8	90
0	9	90
6	7	26
2	5	20
1	4	22
2	10	27
2	5	21
3	9	23
5	6	31
3	4	22
4	9	24
4	9	22
3	8	25
3	6	24
2	7	23
4	9	24
6	10	26
8	12	34
6	8	23
2	5	20
3	7	21
4	7	22
3	7	27
4	6	21
5	9	27
5	4	23
0	-1	91
3	8	21
8	10	36
6	10	27
7	10	32
4	8	23
4	6	24
6	9	25
5	7	23
4	6	22
4	7	21
1	23	90
1	4	22
1	6	24
2	4	23
1	4	21
1	4	21
2	6	22
1	5	21
3	3	23
4	7	25
6	9	26
1	4	26
0	4	26
0	4	25
1	3	24
1	5	22
1	4	21
1	3	21
3	5	22
3	5	22
6	8	22
3	8	23
4	7	26
3	7	21
4	6	23
2	8	21
4	7	24
4	7	24
0	14	90
0	8	91
1	4	24
1	14	90
2	6	22
6	7	28
0	8	90
0	10	91
0	11	91
5	9	27
7	12	29
2	6	20
3	5	22
3	5	22
3	5	24
0	29	90
2	4	21
5	9	24
5	9	24
4	5	21
2	3	24
0	27	91
2	5	24
3	4	23
3	4	21
3	6	22
10	11	30
11	13	38
13	18	47
11	15	40
13	14	39
10	13	35
12	14	37
12	14	38
11	14	38
9	12	34
9	13	34
7	11	28
5	7	26
5	10	23
8	9	26
1	6	21
5	10	26
0	5	23
2	5	20
8	9	27
6	10	26
6	11	26
3	7	23
7	10	25
3	5	22
4	7	30
5	7	25
2	4	21
5	8	24
0	7	91
0	7	91
3	5	25
6	7	28
0	11	91
4	8	23
1	6	22
2	5	22
2	4	22
4	17	91
2	4	22
3	5	21
0	11	91
4	8	24
2	4	21
5	8	25
2	3	20
8	11	29
0	18	91
7	7	29
8	13	30
2	5	23
21	20	91
0	24	90
2	4	21
5	5	25
6	6	24
5	7	25
5	7	24
2	5	21
2	4	21
6	6	25
1	4	23
1	8	90
10	14	32
3	3	22
0	9	91
0	8	91
2	5	21
3	8	23
3	7	22
5	10	30
5	6	25
2	5	20
0	5	22
1	5	22
2	6	23
2	6	21
5	10	25
0	11	91
2	6	23
3	4	21
6	8	31
4	7	24
6	10	29
3	7	24
0	11	91
0	3	20
1	3	20
3	5	23
1	5	23
3	5	22
4	3	23
0	6	90
0	6	91
0	2	21
2	4	22
4	9	24
5	6	26
4	10	23
0	5	20
3	5	22
1	6	20
4	6	23
5	5	26
1	5	24
2	5	21
1	1	35
1	6	20
2	7	21
2	6	20
7	8	24
7	8	30
1	11	91
0	5	20
0	10	91
0	6	90
2	3	22
1	3	21
6	11	27
6	6	26
6	12	31
5	13	30
5	12	30
4	7	23
1	4	21
2	4	22
1	4	21
4	8	22
6	9	30
3	6	21
2	7	22
3	9	26
1	3	22
4	10	24
4	5	24
3	7	22
1	4	22
3	9	25
2	8	23
5	11	30
0	14	91
0	11	91
0	11	90
0	6	38
0	6	30
0	5	32
0	4	22
1	7	22
6	7	25
7	7	26
3	4	21
2	4	21
3	5	24
3	5	22
3	5	22
3	5	24
4	6	25
5	7	27
6	10	26
1	8	20
3	6	21
0	11	91
4	10	25
5	7	26
3	7	23
2	5	22
5	4	23
1	5	21
4	9	25
7	10	27
2	6	22
6	9	24
3	6	23
0	13	89
0	11	89
0	7	90
2	7	20
0	3	21
1	4	20
1	3	22
0	3	20
7	9	27
4	7	24
7	11	35
7	11	32
6	7	29
8	6	32
0	1	20
1	6	25
1	6	24
1	2	20
7	11	27
1	5	22
5	4	23
1	3	22
1	3	21
2	9	23
4	9	23
3	6	23
2	5	21
2	7	21
8	10	30
10	12	33
1	5	21
4	7	30
0	3	20
1	5	22
6	8	26
1	5	22
4	9	24
4	8	23
7	12	28
5	8	24
4	9	22
0	14	89
0	7	91
8	9	28
7	9	26
2	5	22
2	6	22
2	6	20
8	10	30
8	9	27
7	10	32
8	9	30
3	5	23
3	6	22
6	9	27
3	5	21
1	37	90
1	6	20
0	3	23
5	6	23
5	7	23
1	6	21
2	7	22
5	8	25
6	9	28
5	8	23
4	6	23
8	12	26
2	5	22
2	5	21
0	2	22
0	3	21
3	5	25
5	7	27
2	6	23
4	8	22
4	7	21
4	6	24
1	6	21
3	7	22
1	6	21
3	8	22
4	9	26
4	8	22
4	8	24
4	6	25
3	6	27
3	9	25
3	10	25
2	5	20
2	7	22
2	7	25
5	9	27
3	8	23
5	8	24
3	5	22
0	11	91
0	11	89
4	7	25
6	8	24
2	10	22
3	8	21
2	8	22
4	7	25
4	8	22
4	6	23
8	10	27
7	13	33
1	6	22
4	4	23
10	15	33
4	6	27
3	4	22
1	3	22
6	8	25
5	8	26
5	11	30
8	14	33
5	9	31
3	9	26
4	8	25
4	10	26
3	8	22
7	13	33
4	5	26
2	4	22
3	5	24
4	6	26
3	5	23
4	5	22
4	5	23
5	5	24
3	5	25
3	4	23
3	7	23
3	5	22
4	9	24
2	6	21
2	6	20
3	6	20
1	4	21
2	7	21
1	7	22
4	9	24
3	7	22
3	5	22
8	8	27
7	12	31
8	9	32
7	9	28
4	7	23
3	6	24
4	6	23
3	7	25
4	7	25
5	8	25
6	6	30
7	9	30
3	7	24
4	8	22
3	8	25
4	6	23
7	11	32
4	7	23
6	13	30
9	12	34
12	13	40
11	15	38
12	18	38
9	14	34
10	11	30
6	7	27
2	4	21
4	8	24
9	10	33
3	5	22
6	9	26
5	8	25
2	7	24
6	9	26
6	9	25
5	7	25
3	3	24
3	3	22
4	8	24
1	5	21
5	8	26
5	8	25
7	9	27
6	8	27
6	7	26
1	6	46
2	6	22
2	7	24
3	8	29
5	8	26
6	8	26
5	10	27
2	4	24
4	6	21
14	13	38
10	13	34
5	11	30
4	10	25
4	7	20
1	4	20
2	7	20
5	8	28
4	6	25
6	14	33
2	7	23
2	3	21
0	10	91
8	11	32
0	9	90
0	8	91
0	6	91
5	9	31
3	7	25
2	6	24
4	7	23
9	11	30
7	11	30
6	12	27
6	12	26
3	8	24
4	7	23
3	7	24
5	7	25
2	8	22
2	8	22
3	6	21
4	5	21
9	10	42
5	10	26
5	6	23
3	7	22
2	6	21
2	7	21
0	8	90
3	8	24
0	9	90
1	9	63
0	8	63
1	2	22
4	8	24
2	7	21
10	12	33
7	10	32
3	6	21
7	12	30
2	9	25
2	6	24
2	6	23
3	6	23
2	6	20
3	4	23
2	3	23
4	6	23
3	4	23
4	6	23
2	7	22
3	7	24
5	6	25
4	6	24
4	5	23
4	5	22
3	7	22
2	5	22
5	8	30
5	5	26
5	7	24
3	4	23
2	4	22
7	12	32
3	9	25
6	8	23
7	10	31
3	7	24
9	9	28
6	10	27
1	6	32
8	11	29
8	14	30
5	9	26
3	11	24
4	10	24
4	8	24
4	8	25
8	15	33
3	8	23
7	8	25
2	4	22
4	7	24
1	4	21
1	4	20
2	6	22
2	2	22
5	14	31
3	7	23
3	10	23
7	9	28
8	10	32
7	12	33
3	4	25
7	11	33
4	7	27
3	8	30
4	6	23
4	8	24
6	14	30
4	8	23
1	33	91
2	4	21
3	8	22
3	4	24
1	5	21
5	7	24
0	16	89
9	12	30
0	9	85
0	10	85
4	8	22
3	4	25
4	5	22
4	9	31
6	7	26
2	7	22
2	6	22
1	7	30
3	4	24
2	5	23
3	10	21
5	7	23
4	9	30
4	6	24
7	12	30
4	11	27
1	3	22
2	8	25
4	7	20
2	7	23
8	13	34
10	15	36
10	15	38
10	12	35
9	13	33
8	12	32
8	12	31
9	10	30
2	8	23
6	12	30
3	5	20
2	6	21
5	9	25
8	9	30
4	4	23
3	4	22
10	12	34
10	8	27
7	8	26
4	8	25
8	11	29
8	10	30
2	8	26
3	5	25
9	10	29
1	2	21
2	7	23
3	7	23
2	8	22
3	6	23
3	7	23
5	7	23
6	11	26
3	8	24
3	6	21
3	8	23
4	7	23
2	7	23
3	7	23
8	11	26
4	7	22
1	4	23
4	8	24
3	7	26
2	6	24
3	7	23
2	6	21
2	6	22
4	6	23
5	7	23
1	5	23
1	4	22
8	11	35
10	14	36
9	12	35
8	11	32
3	6	22
5	8	27
2	8	21
5	6	25
5	9	26
5	9	26
5	9	26
9	12	34
3	7	23
8	26	89
2	6	23
3	7	25
4	4	24
3	5	23
3	5	24
3	5	23
2	5	23
5	7	23
3	6	22
3	2	21
0	3	91
0	3	91
5	8	26
3	5	24
3	7	24
9	11	32
3	4	24
3	4	23
4	6	25
4	7	25
4	7	26
5	10	29
7	9	29
8	9	28
4	9	27
5	10	28
5	5	24
3	7	23
4	5	24
3	6	22
0	15	89
0	21	90
11	11	35
3	8	22
3	8	22
4	7	23
4	9	24
3	6	22
5	5	24
2	5	24
0	1	22
0	2	21
4	7	26
6	12	28
5	7	25
7	6	31
6	7	27
4	6	22
5	8	24
0	19	91
0	10	90
6	10	27
7	9	30
5	5	27
5	6	26
6	8	34
7	8	31
4	7	24
4	8	23
3	5	22
10	10	26
8	11	32
5	10	26
7	13	30
7	10	29
3	6	23
5	7	24
4	8	24
4	6	23
4	9	27
2	5	20
6	9	30
1	6	21
6	6	26
6	8	26
2	6	21
3	6	21
4	8	23
5	9	22
1	6	22
10	12	33
5	8	24
6	7	24
6	7	25
4	9	23
7	27	90
7	12	34
3	8	21
2	8	22
2	7	21
2	7	21
2	5	21
3	6	21
3	5	23
2	5	23
2	6	20
5	9	31
0	5	22
1	6	21
2	6	20
3	7	24
3	8	24
2	6	22
2	7	22
5	11	30
4	9	24
4	7	24
6	8	28
1	6	22
8	13	30
11	13	35
2	10	24
7	9	32
2	7	21
5	12	32
9	12	31
7	7	26
3	8	23
2	6	22
3	8	25
1	2	20
6	9	25
5	7	23
5	9	24
3	8	22
1	5	22
8	8	29
2	10	22
7	9	28
1	4	22
1	4	21
6	10	31
4	8	26
5	8	24
3	5	22
5	8	24
1	8	22
2	6	20
7	8	26
3	5	22
2	10	23
4	8	24
1	6	21
6	9	25
1	5	29
1	3	21
4	10	22
2	4	24
4	4	25
3	11	32
4	5	22
4	7	21
6	10	30
4	6	22
4	9	25
2	6	21
3	6	21
4	5	21
2	7	21
3	6	23
3	7	22
6	7	24
3	6	25
6	10	27
6	12	30
4	9	23
2	9	24
6	10	28
4	6	22
7	9	30
3	4	24
1	34	89
8	9	32
8	9	31
4	6	22
6	10	30
4	10	28
4	9	26
0	1	20
3	6	30
1	4	21
2	28	90
5	7	23
5	9	26
8	17	33
3	7	24
1	23	91
0	5	24
2	24	89
4	6	24
4	7	22
3	5	22
3	6	23
3	5	20
3	4	21
3	11	27
3	9	25
3	9	25
2	9	24
2	9	23
2	7	22
5	8	24
3	6	22
2	6	23
2	6	21
4	6	22
7	10	30
5	14	30
7	15	33
8	13	32
6	9	25
3	6	21
4	8	31
7	15	34
3	6	21
2	7	20
0	3	25
1	2	21
8	12	34
2	7	23
2	5	20
4	8	26
5	8	25
5	8	25
5	8	24
4	8	23
7	10	26
7	8	30
5	5	23
3	6	23
1	5	22
2	5	22
2	4	20
9	13	29
6	10	28
5	7	26
3	7	23
5	12	33
5	7	27
4	7	26
3	6	24
3	6	23
4	8	24
3	6	23
3	7	26
3	8	25
3	6	24
5	7	26
4	12	25
9	11	34
6	12	31
8	14	34
5	8	25
7	11	30
5	7	23
4	12	31
2	10	23
5	11	26
5	11	25
4	9	24
3	8	24
10	13	35
11	14	34
3	9	23
5	10	26
2	7	25
2	6	22
2	6	20
4	8	23
4	8	23
5	10	24
5	10	24
3	5	24
2	7	26
2	5	22
0	4	21
6	8	25
3	6	21
9	12	35
1	4	21
3	6	21
0	4	20
7	10	33
0	10	91
7	16	38
4	3	23
7	11	31
1	5	21
6	11	26
0	9	91
0	9	91
2	6	21
1	4	20
0	19	90
8	11	32
0	10	90
0	10	91
4	6	31
8	9	25
3	7	26
8	10	32
4	4	23
0	22	90
1	7	23
10	11	31
8	13	31
10	10	32
8	9	31
0	20	91
0	21	91
0	8	63
0	8	63
3	5	22
2	6	20
2	6	20
7	9	26
2	11	24
6	12	31
3	8	23
3	7	24
0	21	91
0	-1	91
0	6	90
0	4	90
4	6	21
3	5	21
1	6	21
1	6	20
5	9	32
3	10	24
5	9	31
3	7	22
2	8	22
7	11	33
2	6	22
5	5	23
2	7	24
2	5	23
1	6	22
3	5	23
3	5	22
2	5	22
0	11	91
3	4	23
4	7	24
3	7	23
6	6	25
0	25	91
1	-1	91
4	11	27
4	7	23
2	5	22
7	5	31
3	5	24
7	9	31
1	4	22
3	8	22
2	5	20
3	7	23
3	6	23
5	9	24
6	10	32
4	7	24
5	8	25
5	10	28
6	11	27
1	3	20
0	11	91
0	11	91
3	9	23
6	6	21
3	5	21
10	13	31
8	13	33
1	29	88
7	9	27
4	11	32
7	12	31
1	4	23
2	4	25
0	3	22
0	4	22
1	5	23
3	7	22
5	7	24
3	8	24
0	-1	90
0	15	91
3	8	23
2	9	24
5	9	25
3	7	22
4	9	27
4	8	26
1	3	22
7	13	32
3	5	22
2	5	20
5	5	25
5	6	23
2	7	22
14	18	42
11	13	35
11	16	37
3	8	24
3	8	25
2	5	22
4	6	24
3	5	21
3	6	23
3	7	24
3	7	23
3	5	25
5	9	30
3	7	23
3	6	24
3	3	22
3	3	22
1	6	21
2	8	24
4	6	21
8	9	30
2	7	21
5	8	23
3	10	22
3	8	22
4	4	23
7	11	27
2	2	23
2	7	21
3	6	22
4	7	24
1	5	21
7	13	34
4	8	23
3	7	24
4	7	26
2	7	22
3	6	22
3	6	21
3	6	20
5	8	25
8	9	24
1	3	22
1	3	20
3	8	22
5	9	25
3	9	24
4	7	25
2	5	23
4	10	25
5	7	23
7	9	32
3	8	24
9	12	30
7	13	32
10	14	33
11	10	33
5	6	26
4	6	25
4	6	24
5	9	25
0	18	91
5	10	26
2	6	22
2	7	22
3	7	23
2	5	22
6	12	30
6	8	24
10	11	36
2	6	21
2	7	22
2	9	25
5	6	21
5	9	27
9	11	31
3	5	21
3	8	24
3	10	24
3	6	21
3	8	22
6	13	31
12	14	36
10	10	30
5	10	26
3	3	23
3	5	25
5	7	23
3	7	24
2	8	24
2	7	23
5	9	26
5	10	28
4	8	27
3	8	26
4	7	25
4	8	24
3	6	23
3	7	25
4	8	23
9	16	35
3	6	23
6	12	28
4	7	23
9	12	29
8	13	32
7	12	31
7	8	28
8	9	27
7	10	27
2	7	23
5	6	24
1	6	20
4	8	22
3	8	22
3	6	22
6	7	24
4	5	22
6	15	35
5	12	30
8	9	28
3	8	24
3	6	23
3	7	22
7	11	25
3	7	23
7	9	25
5	7	26
0	4	21
2	4	23
3	7	22
9	10	30
4	7	25
1	7	20
3	9	27
7	11	32
2	5	22
1	5	20
3	9	22
2	6	21
7	13	30
9	10	27
8	11	26
3	8	24
3	7	24
9	11	27
1	4	22
6	10	27
5	6	24
4	8	24
5	6	25
1	69	91
5	8	30
3	7	24
3	7	24
5	10	25
4	8	25
5	8	25
6	8	24
6	8	24
7	11	28
5	6	24
5	6	23
3	7	23
4	9	21
3	9	23
5	6	24
0	2	20
6	11	25
6	8	23
6	7	24
3	8	22
2	4	21
6	9	30
4	7	22
3	6	24
3	6	22
3	7	24
3	5	22
8	9	25
5	7	24
2	4	21
5	10	24
2	5	20
4	9	30
8	13	31
4	7	23
4	7	21
3	10	31
2	8	30
2	6	21
4	9	25
5	15	31
7	13	28
4	7	23
8	12	31
6	11	31
6	10	29
7	9	27
8	11	34
8	10	30
7	10	31
6	8	26
7	8	25
4	8	23
5	9	25
3	6	21
4	6	24
2	8	21
4	8	21
1	6	21
7	8	30
8	8	30
7	6	28
2	4	23
1	4	20
8	11	33
7	9	30
9	13	32
7	9	26
4	8	22
2	8	23
10	12	31
6	11	32
2	4	24
10	13	33
4	9	24
4	7	23
3	7	24
2	3	24
9	14	32
5	8	27
2	5	21
10	11	32
2	5	23
5	7	24
7	9	23
3	10	25
4	8	23
5	13	36
11	13	34
9	12	31
6	7	24
4	7	21
3	8	25
4	7	23
5	7	28
7	9	24
7	10	32
6	8	23
8	10	32
6	9	31
5	11	30
3	7	25
5	7	24
2	8	22
3	6	21
3	7	24
4	9	25
5	8	24
6	11	29
4	8	21
4	11	24
9	12	32
4	5	26
4	7	23
6	10	27
1	6	21
3	6	22
6	10	32
2	8	24
4	9	22
1	6	20
3	5	23
1	-1	73
0	5	20
5	6	21
8	15	33
2	3	21
4	9	23
6	10	30
5	9	25
4	9	24
3	9	25
3	8	24
4	8	22
4	8	23
9	9	25
3	5	22
3	6	21
3	8	22
5	7	24
1	6	22
2	6	23
6	8	25
8	14	33
2	7	22
1	5	21
2	5	20
3	6	22
6	10	25
5	8	25
2	6	20
5	7	25
2	5	22
1	6	21
1	6	20
3	9	26
4	7	23
5	7	23
5	7	24
5	9	26
7	8	30
5	8	30
8	8	27
8	8	28
3	8	21
2	5	21
2	6	22
4	7	21
3	7	26
3	7	24
0	2	56
6	6	33
1	3	22
3	6	25
0	21	90
2	6	21
2	6	20
3	7	22
2	8	23
2	5	20
3	9	25
6	9	26
4	7	22
3	5	22
0	8	90
8	9	30
3	6	22
4	7	25
2	5	26
5	7	23
7	9	28
7	14	31
8	13	35
6	11	26
5	12	31
7	12	33
6	12	31
8	12	33
6	10	32
10	11	35
6	10	31
7	9	34
7	8	32
5	8	26
7	11	31
2	6	23
3	5	22
2	5	21
0	13	90
4	7	25
2	5	23
4	10	31
10	15	34
7	11	26
5	8	22
9	13	32
2	4	22
3	5	22
6	8	30
7	9	27
1	3	22
5	9	22
6	7	24
2	4	21
3	6	23
3	9	22
3	8	20
2	4	21
4	8	23
6	7	31
4	6	23
4	8	21
1	5	21
8	9	31
2	6	24
3	5	24
2	6	22
0	2	21
3	6	24
3	5	23
3	5	23
3	4	22
2	5	22
3	4	23
2	9	24
4	29	91
2	5	21
3	6	23
2	5	22
3	6	24
4	5	27
5	10	31
1	5	20
0	5	21
5	9	24
4	10	25
8	12	31
8	13	31
3	3	22
5	9	27
4	6	21
5	8	30
4	7	26
1	3	21
7	11	28
2	7	24
0	4	22
2	7	23
1	3	21
1	3	22
8	12	31
4	6	26
3	8	22
2	6	21
3	5	24
4	9	27
4	7	24
5	12	26
0	12	90
0	18	91
5	8	26
2	8	20
3	4	22
7	10	27
8	8	25
7	8	28
8	11	36
6	8	26
3	4	21
6	10	25
2	7	21
8	10	28
7	10	26
0	13	90
0	13	91
2	5	23
3	6	23
3	6	21
4	6	24
5	6	25
6	9	24
5	7	26
4	9	22
4	7	24
6	13	32
6	12	28
6	9	28
8	11	34
9	11	29
2	7	22
3	21	90
2	24	90
4	7	25
5	7	30
9	13	34
6	11	26
4	9	25
1	4	21
6	8	24
2	6	20
4	11	24
5	11	26
3	11	24
8	9	28
2	6	25
4	7	25
6	9	29
3	9	26
3	7	27
2	3	25
4	4	24
3	4	22
3	6	21
1	3	20
3	5	23
3	7	23
3	7	22
2	6	21
3	4	23
3	5	24
4	5	24
7	10	28
6	12	32
6	9	30
3	6	22
6	9	27
5	7	22
8	10	30
7	9	30
0	17	91
1	16	90
7	9	27
1	5	21
1	5	20
0	3	21
8	10	28
2	9	25
0	3	20
1	5	23
2	8	23
3	11	26
5	8	24
1	8	22
3	6	20
7	10	29
1	4	22
4	8	24
2	3	22
10	10	33
9	15	36
4	9	25
3	7	23
4	10	27
4	9	25
3	8	24
4	10	26
4	11	28
2	5	22
3	5	23
6	10	30
5	12	33
3	7	25
3	8	23
6	11	27
6	9	30
6	13	30
8	14	33
8	13	30
5	13	30
6	11	25
7	12	30
2	6	22
2	8	21
3	6	23
3	6	22
8	12	32
6	10	27
2	5	21
3	8	23
2	6	21
7	12	36
4	6	21
2	7	21
3	6	23
6	11	32
4	6	23
5	7	22
4	8	25
3	6	23
3	6	22
4	7	23
9	10	27
2	5	23
5	7	22
3	6	21
6	9	24
0	36	90
0	36	90
0	36	90
1	-1	90
2	6	22
2	7	22
3	6	24
2	7	23
3	7	24
6	8	28
5	10	26
3	7	21
3	7	21
6	9	33
3	9	25
2	8	22
4	8	23
3	7	23
2	7	22
4	10	24
7	12	29
3	4	22
3	9	24
5	8	22
2	8	23
7	8	28
8	8	28
9	13	32
9	13	32
9	12	31
4	9	25
4	7	21
5	6	25
6	8	23
2	5	21
5	8	24
2	5	22
2	5	22
1	5	21
4	6	22
5	8	24
3	5	21
5	10	23
1	5	22
7	12	30
8	10	32
9	10	30
4	12	28
4	8	23
3	8	22
1	5	21
2	4	20
3	8	25
5	8	23
9	11	35
2	9	22
8	11	31
8	11	28
5	7	27
3	11	26
6	11	31
5	10	27
4	9	26
5	10	25
5	6	20
5	11	24
5	9	26
4	10	25
8	11	29
9	10	31
4	7	24
5	15	30
5	8	24
4	8	22
5	8	24
2	4	23
2	6	23
3	7	25
5	11	31
1	6	24
2	6	21
2	6	20
4	4	23
3	9	24
2	5	21
2	4	20
1	5	20
1	4	22
5	7	24
2	5	22
1	4	20
4	8	30
3	7	23
2	6	22
3	10	26
9	11	29
2	6	22
4	11	31
6	9	29
4	6	23
4	7	30
3	7	21
3	6	21
4	12	24
3	8	22
7	8	30
7	8	31
7	9	32
8	10	30
9	11	33
2	6	21
3	6	21
11	13	35
6	7	25
6	8	25
1	18	90
1	6	20
6	11	30
6	9	30
5	15	30
4	6	22
1	4	22
4	8	23
9	10	34
10	13	32
7	10	28
1	5	21
2	6	22
4	7	21
3	8	22
4	6	21
9	10	34
5	9	30
7	11	30
4	7	22
3	8	21
5	11	31
2	6	20
4	5	27
3	6	22
5	7	22
3	8	22
2	5	21
8	14	31
5	7	25
5	6	27
4	6	26
5	6	26
5	9	30
4	8	30
5	10	32
3	6	26
3	5	25
4	6	24
9	11	27
2	4	22
7	7	24
4	10	23
2	11	22
7	11	27
5	8	24
4	9	23
3	8	23
6	10	25
7	10	31
2	6	23
2	6	22
2	5	24
2	5	23
4	7	24
0	3	21
6	7	24
4	8	23
4	5	22
5	6	25
4	8	23
8	8	31
4	6	22
2	7	20
3	6	22
7	9	26
7	10	26
1	6	21
8	12	33
7	10	26
11	13	35
14	17	45
0	11	90
2	7	22
4	9	23
8	11	30
2	7	20
1	4	21
4	4	22
7	13	32
4	8	24
5	8	25
5	9	25
5	9	29
3	9	25
5	9	25
7	9	29
2	7	21
3	7	21
5	7	25
2	7	23
2	6	22
2	4	22
3	5	23
4	9	30
7	7	27
6	7	30
9	13	31
2	9	22
3	9	24
2	6	22
2	6	24
5	7	26
5	8	26
0	2	22
1	4	23
6	9	24
5	11	25
3	7	22
29	34	90
1	11	90
0	15	91
6	9	31
5	8	30
3	7	25
9	9	30
9	10	28
2	9	24
3	8	23
3	6	22
0	25	90
7	9	24
7	9	25
5	22	90
8	13	30
2	5	21
2	5	22
3	6	21
6	38	90
7	9	28
3	6	24
3	7	24
1	4	21
2	7	21
5	9	28
7	8	27
3	6	31
0	16	91
2	19	90
2	4	23
4	7	23
6	7	26
0	6	22
2	4	23
1	5	21
0	10	88
3	8	26
4	14	30
6	10	27
5	10	32
3	33	91
4	10	25
3	10	24
2	7	22
5	5	24
3	8	21
7	15	30
5	10	27
5	7	25
6	7	24
2	6	20
3	5	22
6	12	31
7	11	27
3	8	21
3	5	22
0	9	91
2	7	30
2	8	30
4	7	21
1	4	23
0	2	31
5	12	32
8	9	37
0	10	91
0	16	89
2	5	21
6	17	37
2	6	23
2	4	21
4	7	25
0	4	20
4	9	29
5	10	29
4	7	24
5	9	25
4	9	28
4	8	25
3	8	24
3	7	23
4	6	23
0	12	91
4	11	25
8	9	28
7	9	32
2	9	25
8	8	32
3	6	24
6	6	25
3	6	21
4	6	24
5	9	24
7	8	31
7	9	30
4	7	23
3	8	26
4	8	25
3	7	24
4	7	22
8	13	33
4	7	25
4	9	23
2	7	20
5	11	30
2	6	22
3	8	23
4	8	24
5	7	24
4	7	23
2	6	23
3	6	21
9	12	34
3	7	22
5	7	22
7	10	25
3	8	21
4	7	21
3	7	22
8	11	33
1	7	20
4	5	25
5	9	23
5	8	23
2	6	23
2	6	22
6	11	26
3	9	24
2	8	23
2	7	22
2	7	22
2	7	21
5	8	26
2	8	21
3	5	24
2	4	23
5	11	25
3	8	23
3	7	23
6	10	25
7	10	27
3	8	23
3	6	21
4	5	22
1	5	20
3	6	22
4	5	28
5	6	21
6	11	27
8	10	27
1	4	21
4	7	24
3	7	23
3	6	23
7	9	28
3	7	23
7	9	24
5	6	23
10	21	35
7	8	25
1	5	20
2	7	22
3	7	23
6	8	22
10	13	35
10	13	33
9	14	37
10	14	36
10	12	35
11	15	37
9	13	33
10	14	36
9	15	39
6	7	23
5	6	22
6	11	30
2	5	21
5	7	25
5	16	34
4	9	25
5	8	23
8	16	35
3	5	21
3	7	23
6	10	36
7	9	27
3	8	22
7	11	30
7	11	31
3	8	21
2	7	21
7	9	29
7	9	26
6	8	26
6	8	25
8	12	30
9	14	30
4	36	90
6	8	31
5	8	30
6	10	27
5	8	24
2	6	22
3	6	21
3	4	23
3	5	22
6	11	30
5	9	31
7	10	26
3	5	24
3	6	24
4	7	25
6	11	31
0	13	90
0	10	90
5	8	30
2	7	22
2	9	24
2	7	20
3	7	21
4	8	23
3	8	22
0	34	90
0	36	90
6	8	26
5	8	26
5	8	26
5	6	23
4	6	27
4	6	24
2	7	20
1	7	22
1	4	21
2	5	22
2	6	20
3	10	27
5	8	26
3	6	22
0	1	21
4	7	24
2	6	21
3	5	23
3	8	21
3	8	22
2	8	22
0	7	91
0	4	91
2	3	22
2	4	23
0	3	21
3	9	22
1	4	21
6	7	27
2	7	21
4	6	22
2	6	21
1	5	21
9	14	34
7	8	26
6	9	26
4	6	25
12	11	38
8	9	31
3	6	22
3	10	26
8	10	27
7	9	27
4	6	27
7	14	28
9	14	34
10	16	36
6	10	30
2	6	20
4	8	23
4	11	25
5	12	30
7	8	30
7	9	28
8	10	27
7	10	26
4	13	30
7	10	30
5	9	22
6	9	25
6	9	25
1	4	20
3	7	22
3	8	22
2	4	22
0	3	22
4	6	22
3	5	22
3	6	22
8	9	25
2	5	23
4	14	35
3	7	21
0	10	90
0	15	90
5	7	25
1	19	91
5	26	90
5	9	31
2	8	24
2	7	22
3	7	23
3	3	21
7	8	27
5	10	23
3	8	22
3	7	22
4	8	27
4	7	22
4	10	31
6	10	30
2	6	25
2	5	21
2	5	22
3	6	23
3	6	21
6	9	26
6	11	27
3	7	22
2	8	23
3	5	20
7	9	31
6	11	25
4	5	24
5	10	26
3	8	23
2	6	22
3	7	22
3	6	21
5	11	30
7	9	30
3	6	21
3	5	22
9	12	38
9	11	33
7	8	30
5	8	26
7	8	26
2	9	23
2	8	22
2	6	21
1	7	22
1	4	24
1	4	23
2	6	22
2	5	22
1	5	22
7	13	31
6	6	25
4	9	26
0	6	20
4	13	33
9	10	33
2	8	22
6	10	27
2	9	21
3	7	22
2	6	23
2	7	21
6	7	28
8	12	30
6	9	31
1	5	21
1	5	21
3	10	24
2	4	22
4	6	22
1	5	23
2	5	22
1	6	21
2	4	20
6	10	34
5	9	31
5	9	30
2	6	22
9	10	32
4	9	22
4	8	21
6	11	25
6	7	25
2	6	24
5	7	23
3	9	22
3	7	23
0	11	91
0	13	91
2	5	22
1	2	24
7	10	28
2	6	21
6	9	27
7	10	28
8	10	31
5	4	27
8	9	26
1	7	91
3	15	88
0	1	22
4	6	23
1	3	20
0	4	21
1	3	20
5	9	26
6	8	25
2	5	22
0	5	21
4	10	24
6	9	26
3	-1	91
1	4	24
3	5	22
5	9	28
6	10	25
2	5	21
2	6	21
5	9	26
3	5	22
3	7	27
1	13	91
0	8	91
0	9	91
0	10	91
4	6	25
8	12	33
7	11	28
4	9	24
4	9	23
3	6	22
5	11	26
4	12	27
8	11	30
5	11	25
4	7	24
2	5	21
6	10	27
6	9	26
2	6	22
1	6	20
2	7	22
8	10	31
3	4	22
3	6	20
8	11	35
5	8	24
3	8	22
15	20	43
9	15	36
8	17	36
7	8	24
3	6	20
0	9	90
4	9	25
5	9	26
5	11	31
5	10	31
4	11	31
4	10	30
5	11	32
3	9	27
3	8	24
3	7	24
4	8	25
4	7	24
2	7	24
3	8	22
3	7	21
2	8	20
7	10	32
5	7	23
3	5	22
2	4	21
3	8	25
3	7	22
1	5	21
1	5	23
1	6	22
2	4	24
2	4	23
1	2	23
1	4	21
4	10	30
6	9	25
6	9	24
6	10	28
4	7	21
2	6	21
1	7	21
3	7	23
6	9	28
3	10	25
2	7	22
2	7	21
1	5	22
5	9	24
2	5	22
8	11	26
0	9	91
0	15	90
3	7	22
11	14	35
9	15	33
8	11	28
10	12	32
9	12	33
3	6	21
2	6	26
3	7	23
4	10	27
3	10	25
2	6	22
2	6	21
6	10	25
3	9	22
5	8	25
3	6	23
2	6	22
9	5	30
2	9	24
6	9	26
7	11	27
6	10	26
5	25	91
5	6	25
0	4	23
0	5	24
2	7	21
7	9	25
8	12	30
7	11	29
7	10	27
2	5	20
4	11	25
4	7	22
3	5	21
9	10	31
4	10	32
4	7	22
4	7	25
3	4	24
4	5	22
5	7	26
0	4	23
1	6	22
1	5	21
8	12	32
4	6	23
4	9	25
0	3	37
5	7	22
2	6	22
4	5	25
3	6	25
3	5	24
2	5	25
1	4	22
4	7	22
6	11	30
5	9	25
6	7	26
8	10	26
3	7	22
2	6	21
7	8	26
8	12	28
1	4	22
1	3	20
1	5	21
1	5	23
1	3	22
6	8	23
6	8	31
5	6	26
8	12	32
1	8	25
7	11	30
6	23	90
6	10	25
10	8	28
8	10	27
4	10	32
2	6	20
5	8	30
3	6	23
1	5	22
4	6	25
3	8	21
2	6	21
2	6	22
2	6	22
3	7	23
5	9	24
3	7	23
3	7	22
4	9	26
2	7	23
6	7	24
2	7	21
2	6	23
6	9	27
3	6	22
2	7	23
4	9	30
1	5	21
3	5	22
1	6	22
2	7	21
3	6	23
9	9	31
2	5	20
2	13	32
9	12	36
3	7	21
7	9	28
8	8	29
3	7	22
3	5	22
1	4	21
2	6	21
0	5	91
0	5	91
1	4	20
4	7	24
2	7	24
1	7	91
4	9	28
3	5	22
3	6	23
3	7	22
4	7	23
0	8	91
0	12	91
5	8	26
0	5	30
6	6	23
0	12	90
2	4	21
1	4	20
0	7	74
2	7	25
2	6	24
3	7	23
2	6	22
3	6	22
3	5	22
8	10	31
1	5	20
4	7	25
4	6	23
3	6	22
2	5	21
2	6	22
3	6	21
8	7	26
0	2	23
1	3	22
5	9	27
10	12	32
7	9	29
0	14	91
0	15	90
0	10	90
0	-1	91
8	8	33
1	3	20
6	12	30
2	5	21
1	3	23
3	6	24
0	3	20
0	8	91
2	5	21
2	6	22
7	6	32
2	7	22
3	8	23
2	7	22
2	6	21
2	4	20
2	6	21
3	4	22
5	8	28
3	6	25
4	8	26
4	7	25
4	7	24
4	8	27
3	5	22
0	18	90
5	9	25
5	7	25
5	6	24
1	5	21
2	6	21
0	9	91
8	12	30
3	8	25
7	8	32
6	11	30
6	10	28
0	-1	90
3	6	22
0	13	90
1	5	20
3	5	21
1	3	22
3	6	21
2	6	22
2	7	24
2	5	21
3	6	22
3	8	22
4	8	24
2	6	22
5	8	25
3	12	35
3	6	24
5	7	25
3	7	24
4	8	25
5	11	27
2	5	22
4	8	26
4	6	24
3	7	23
3	8	22
3	8	22
4	10	23
3	7	23
3	5	25
6	11	31
2	6	22
5	9	24
6	7	26
4	10	26
4	9	25
4	4	21
6	7	24
3	5	23
2	7	22
6	11	29
3	9	21
2	7	23
1	6	21
2	8	25
0	8	90
2	5	21
4	7	24
7	10	27
5	10	28
5	7	22
5	7	24
3	7	21
3	9	22
7	8	27
5	6	22
2	7	22
1	5	21
5	9	26
7	14	30
2	7	23
8	11	30
3	6	24
5	9	24
5	9	28
4	7	23
7	9	26
8	10	30
8	11	33
9	13	32
9	9	31
9	12	38
9	10	35
9	10	33
9	8	32
9	8	31
7	7	30
3	9	25
3	7	23
3	7	23
4	6	21
4	6	20
6	11	28
7	10	27
4	5	24
2	6	20
4	8	21
2	6	20
5	9	27
2	4	21
0	7	91
0	7	90
0	5	91
1	11	89
2	5	23
3	5	23
2	5	23
2	10	27
5	8	26
0	2	91
0	4	91
3	7	25
5	8	25
5	8	24
9	11	35
7	8	28
0	21	90
4	11	27
2	5	21
2	6	23
4	8	30
5	7	28
4	7	30
7	10	27
0	3	21
5	35	91
4	33	91
4	6	20
3	7	25
5	8	21
7	7	25
7	12	28
7	9	25
5	6	23
8	8	28
7	13	31
5	11	30
6	12	27
8	10	30
3	7	22
3	6	21
4	7	23
4	6	24
5	11	25
3	7	24
3	8	23
3	8	24
12	17	39
5	11	32
5	9	31
6	9	26
8	6	30
10	10	34
9	9	33
3	3	21
3	7	23
6	13	31
2	5	22
2	4	22
3	9	22
3	8	23
3	7	23
3	7	22
7	16	32
8	11	31
7	10	27
1	5	21
2	7	21
0	3	22
6	9	31
6	8	27
1	7	21
1	7	24
2	6	21
2	5	21
0	4	22
6	12	30
0	20	90
1	5	20
2	4	20
8	14	32
3	6	24
3	6	24
2	6	21
3	6	23
3	6	22
3	6	27
4	7	25
3	6	24
4	6	25
4	8	26
5	6	31
5	8	28
3	7	25
4	7	27
8	11	27
3	8	24
7	9	26
4	6	23
4	8	23
3	10	24
5	8	23
6	11	27
1	5	20
2	6	22
2	8	23
3	7	23
3	5	22
4	8	23
2	6	22
2	5	21
3	8	22
9	13	33
3	6	22
7	13	31
3	7	23
6	11	30
0	6	91
8	12	34
6	12	31
7	11	32
6	8	31
4	8	30
3	8	23
9	7	33
6	9	24
3	5	23
4	13	30
3	9	22
5	12	30
5	14	28
8	11	31
6	11	27
0	11	91
0	17	90
3	6	21
1	-1	70
0	26	60
1	-1	65
0	23	56
0	26	59
1	25	63
1	-1	60
1	-1	47
14	18	42
12	17	38
9	14	32
10	16	36
9	17	35
9	17	37
9	15	32
8	15	32
8	14	32
5	10	27
5	9	24
1	5	21
0	5	20
0	6	23
1	6	22
0	3	21
2	5	23
3	8	23
3	8	22
6	11	31
0	7	91
7	8	28
0	5	90
0	9	90
1	7	25
1	7	21
4	9	23
3	9	23
3	8	24
4	10	26
4	7	24
3	10	25
6	7	25
2	5	22
0	4	20
1	3	23
5	10	25
9	10	28
2	3	21
1	3	21
1	3	21
2	5	22
0	37	90
0	7	90
1	5	21
3	8	21
3	6	22
3	6	22
2	7	21
0	-1	90
2	7	21
4	10	26
0	3	22
4	8	22
2	8	23
2	5	20
2	7	21
0	1	22
1	4	22
0	2	21
0	4	20
5	7	26
2	5	20
3	7	31
6	9	31
1	4	21
1	5	24
1	4	20
7	10	27
5	9	25
8	10	30
5	7	27
4	8	23
6	5	26
4	7	26
3	7	24
3	8	27
4	8	23
2	7	22
3	7	25
3	8	26
4	6	24
4	6	23
3	5	23
2	7	20
4	8	23
2	4	22
4	10	26
6	11	32
5	10	32
6	24	91
10	16	36
3	7	25
2	4	22
2	6	21
5	9	27
4	6	24
5	9	28
6	8	27
5	10	30
9	8	30
8	9	26
8	9	33
0	12	91
3	8	22
9	13	33
9	10	29
8	11	31
8	11	31
7	13	30
6	8	25
4	7	24
6	9	29
3	7	23
4	7	23
6	11	30
3	9	26
3	8	25
4	12	30
3	7	22
5	8	26
9	9	28
8	7	27
3	9	24
2	2	22
1	2	20
1	2	23
3	8	22
2	6	20
6	7	31
2	6	22
4	3	22
6	14	31
3	8	22
2	4	25
3	5	23
3	5	23
4	11	27
4	8	25
3	7	23
0	4	23
0	2	22
6	5	27
4	9	25
6	12	30
4	10	23
6	11	26
8	12	28
8	11	28
4	7	23
4	8	24
5	6	25
4	9	30
0	5	20
5	7	26
3	8	21
7	11	27
7	8	26
2	5	20
2	6	21
3	10	25
4	6	23
1	13	90
0	14	90
3	6	22
4	6	22
1	5	21
3	5	22
8	11	34
3	3	21
7	11	32
7	10	24
4	9	22
3	7	22
9	10	31
9	10	32
9	9	28
6	10	31
7	8	31
5	8	27
6	7	30
5	10	25
7	11	31
2	8	23
4	11	30
6	10	26
4	8	26
4	9	26
3	9	24
6	9	28
8	12	32
4	6	23
11	11	37
11	13	38
4	9	25
3	5	24
3	6	21
2	5	22
3	7	24
3	8	23
8	11	31
7	12	33
1	5	20
8	12	33
2	5	23
7	10	32
8	10	30
8	10	29
3	6	22
0	15	91
0	17	90
5	11	25
4	4	22
8	7	30
5	11	29
7	9	24
1	40	90
2	7	21
3	6	22
4	6	23
3	6	23
0	4	20
1	5	23
3	6	22
3	6	21
4	8	22
0	5	21
1	6	21
1	24	90
4	6	22
4	6	24
5	9	25
9	8	31
2	34	91
6	10	33
2	6	22
7	7	26
7	10	30
3	9	23
4	6	24
3	7	23
3	7	24
4	6	25
3	6	24
4	5	25
3	5	23
3	4	24
4	7	25
5	8	25
5	8	24
3	6	25
8	12	34
1	5	24
0	4	23
1	4	21
0	5	21
1	3	20
1	5	20
2	6	22
1	2	21
1	2	21
2	4	22
3	9	23
5	5	26
0	2	22
3	3	23
1	6	23
3	5	20
9	8	34
11	11	39
16	14	45
12	14	42
13	14	45
12	12	41
11	11	41
11	11	40
10	12	41
9	10	37
0	4	21
4	4	23
1	2	20
2	5	22
1	4	20
0	13	91
0	13	90
5	6	25
4	7	23
4	6	22
14	14	84
5	-1	91
3	6	21
2	5	22
4	8	31
4	6	22
2	4	24
8	11	32
0	11	90
0	9	80
1	4	26
3	6	22
7	7	26
2	5	21
4	6	21
4	6	22
3	7	22
5	9	25
8	9	31
5	7	26
1	2	23
7	14	35
4	4	24
6	7	26
4	7	23
5	9	26
5	8	25
5	8	24
4	8	23
5	8	30
1	8	26
3	7	24
1	6	21
3	8	26
5	7	24
4	5	22
3	8	23
1	7	23
0	8	91
0	8	90
0	11	89
0	12	90
0	3	21
1	3	22
0	3	21
6	7	31
4	6	24
5	7	22
2	7	21
1	5	22
0	36	90
2	6	20
5	10	30
6	8	27
4	7	22
3	11	26
10	10	35
9	11	37
8	10	35
9	9	36
7	10	24
2	22	90
0	16	90
5	12	91
0	4	21
8	8	31
3	8	25
3	6	22
8	7	33
3	5	23
3	8	23
6	10	27
7	14	34
9	11	33
7	11	31
7	10	28
7	10	27
6	10	28
5	9	25
6	9	25
5	8	26
4	6	23
2	5	20
7	8	27
5	5	24
7	10	30
10	15	40
8	8	31
3	28	91
0	14	90
2	6	21
7	13	34
7	10	26
2	7	22
6	8	28
4	7	24
10	9	35
3	7	26
4	6	25
5	9	30
2	7	21
6	9	31
5	10	26
3	7	22
0	25	91
3	4	20
5	6	23
2	4	21
2	4	20
2	6	21
2	5	23
0	7	90
0	11	91
4	7	25
2	9	22
3	9	21
5	7	29
0	5	23
1	4	23
1	4	22
6	9	30
4	7	24
5	8	26
2	6	21
2	4	21
7	12	32
7	13	31
4	12	30
7	10	26
6	11	27
6	8	27
7	9	26
6	10	25
5	8	26
3	7	22
6	10	32
2	6	22
4	9	23
2	8	25
8	8	26
6	9	27
3	6	21
4	5	23
6	6	24
0	12	90
6	11	28
2	7	23
1	8	22
7	11	30
7	11	34
7	12	33
6	12	30
7	12	34
8	10	32
6	9	29
7	10	31
5	8	26
5	8	26
4	6	23
6	14	34
3	7	23
3	6	22
4	7	23
0	4	22
1	4	20
3	4	21
5	12	30
4	7	26
2	4	21
10	11	34
4	30	91
4	5	23
0	16	91
0	5	91
6	7	26
3	7	27
5	8	25
2	5	21
4	6	24
5	7	25
0	3	22
0	3	20
0	3	21
0	13	90
0	17	91
3	8	24
3	8	22
5	7	24
0	13	91
1	12	91
3	-1	91
4	9	23
2	8	22
3	8	21
3	8	24
4	6	25
4	6	24
4	5	26
3	6	25
2	6	23
5	6	25
4	5	23
4	5	22
2	5	23
4	7	23
4	6	21
3	4	22
4	8	24
0	2	20
3	5	22
2	5	23
2	2	21
2	7	23
3	5	23
4	5	26
4	8	25
4	6	25
1	4	22
1	4	25
0	3	20
3	8	22
3	6	21
5	8	30
4	8	25
4	7	24
7	7	27
2	8	21
3	7	21
2	7	22
3	6	22
2	5	22
3	4	23
3	6	22
3	9	23
4	10	28
4	5	22
8	9	29
4	6	23
3	5	21
2	6	24
1	5	22
8	13	32
8	9	32
3	7	23
6	7	26
9	7	31
2	6	23
3	6	22
3	4	23
13	19	44
8	14	33
9	14	33
12	17	38
10	13	33
13	19	41
13	18	40
10	15	34
10	16	38
8	11	29
9	15	35
9	13	33
10	14	35
11	16	37
12	14	38
12	15	37
12	15	38
8	16	38
11	11	36
0	2	21
9	10	30
8	12	29
7	10	30
3	6	23
2	5	22
6	10	31
6	13	30
4	10	25
4	10	23
4	8	24
4	8	26
6	8	26
5	5	22
0	5	90
0	4	91
3	5	22
2	4	22
7	14	34
8	11	30
3	6	24
3	4	23
3	9	23
3	7	25
2	10	26
6	10	25
7	8	27
5	7	23
0	6	91
0	7	91
2	5	21
1	7	25
5	10	30
3	8	24
3	7	23
8	9	30
4	7	24
1	2	21
7	11	28
7	16	33
5	9	32
3	8	23
4	8	23
3	7	22
1	4	22
2	4	21
7	9	31
6	7	26
7	9	25
2	3	21
3	8	23
4	10	30
2	5	22
3	5	23
5	10	25
2	6	20
2	5	22
4	8	23
4	4	23
9	10	32
4	7	22
4	6	22
8	12	28
9	12	31
7	10	29
2	5	23
1	5	21
2	5	22
5	10	27
6	8	25
4	8	22
5	7	23
2	7	24
2	6	21
2	6	20
2	5	21
6	9	25
3	7	22
0	13	91
0	9	91
5	6	24
0	10	91
0	13	91
3	5	23
3	7	21
4	5	23
6	9	31
4	4	23
3	3	23
2	2	21
3	6	24
3	7	23
2	8	23
7	8	24
4	6	23
4	6	22
9	10	32
4	21	91
4	19	91
7	11	25
2	7	22
3	8	23
2	7	23
3	7	22
5	5	25
6	8	30
7	10	30
4	7	26
3	6	23
5	6	23
3	2	28
4	5	23
3	8	21
3	5	21
6	11	33
3	5	21
2	7	24
3	6	20
2	7	22
1	11	91
7	8	26
4	8	25
6	12	30
1	2	24
5	11	32
4	9	25
7	7	31
12	14	35
1	4	20
8	11	33
2	4	20
4	5	22
3	5	21
5	11	32
5	6	30
5	8	22
3	8	21
5	9	30
4	5	24
1	3	20
0	3	21
4	7	28
7	8	29
3	5	23
4	6	25
4	8	24
3	7	23
3	6	22
4	11	31
3	9	23
3	9	22
2	8	24
1	6	91
1	7	90
4	8	26
7	12	34
2	8	23
2	7	23
3	8	22
4	8	23
3	9	25
2	6	23
3	8	23
2	4	20
6	11	32
4	10	27
3	6	24
2	7	22
2	6	21
3	10	26
5	9	26
0	3	21
0	3	20
0	5	21
10	11	33
4	6	25
5	7	31
5	8	24
0	1	22
0	1	22
0	5	22
0	3	26
1	3	25
1	2	25
2	2	24
1	1	23
1	2	22
1	1	21
0	1	22
1	2	24
1	2	22
7	9	34
4	8	23
3	5	24
3	6	21
0	10	91
0	9	91
5	7	26
1	3	24
3	6	32
3	5	21
4	8	25
8	12	31
0	3	21
2	7	24
6	11	27
6	12	28
7	13	31
5	15	31
6	12	32
2	5	20
2	8	22
0	7	61
7	9	26
2	6	22
0	3	22
2	5	21
3	9	30
2	7	22
0	3	22
8	10	30
3	7	22
5	8	31
3	5	21
3	5	23
7	9	27
5	8	31
6	9	30
5	8	30
10	10	32
8	10	29
3	5	22
6	7	25
3	7	23
12	14	36
0	3	21
1	2	20
1	5	23
1	5	21
2	6	24
1	5	22
5	6	23
0	9	91
0	12	89
5	10	25
3	4	20
7	7	30
5	6	24
2	5	21
4	6	22
6	11	27
7	10	26
5	10	26
6	11	26
2	4	22
8	10	30
2	4	22
4	7	23
1	4	22
0	4	22
2	7	21
2	7	22
3	6	22
5	5	22
2	5	23
3	6	22
2	4	20
7	9	28
5	6	21
4	9	24
4	6	22
3	6	22
1	3	21
1	3	21
1	3	20
1	3	22
5	6	23
0	4	20
0	4	21
0	5	21
10	10	35
8	11	32
7	11	30
7	10	30
3	5	22
4	10	26
3	10	24
8	8	27
4	9	26
4	7	25
3	7	21
2	8	22
7	11	31
7	11	30
3	9	25
7	12	30
4	8	24
4	8	23
2	8	21
2	6	22
3	6	23
2	4	23
2	5	22
2	4	21
1	8	23
10	11	32
9	11	31
6	7	25
4	7	23
6	7	25
6	8	26
5	7	23
7	10	25
3	5	23
2	3	21
4	7	23
4	11	25
2	7	22
2	6	23
6	9	27
3	8	23
4	7	22
4	7	24
6	10	28
7	10	28
6	9	27
2	6	23
9	14	35
5	10	30
3	8	24
2	5	20
8	12	30
5	10	30
6	6	31
1	4	21
6	8	24
8	10	31
5	8	25
9	9	31
7	14	29
2	7	22
6	5	26
6	10	27
4	7	23
4	8	22
4	9	23
2	6	22
1	8	22
3	8	23
5	9	26
3	9	24
2	10	22
4	10	23
5	10	26
6	10	24
2	7	21
3	7	21
0	13	90
0	8	91
3	8	25
0	-1	90
5	7	25
4	6	21
7	10	26
2	10	32
4	7	25
5	8	24
1	39	90
3	5	21
2	8	22
3	9	23
3	7	20
4	8	23
8	9	35
6	8	27
7	10	26
3	4	21
4	6	21
4	8	22
3	9	23
6	11	30
5	8	24
3	5	21
2	4	20
4	8	26
3	5	22
3	5	21
4	8	24
4	8	23
3	8	23
4	8	23
6	13	30
2	10	26
4	8	24
8	11	34
7	10	32
4	8	23
6	8	24
3	5	22
2	5	23
2	4	22
1	5	22
6	9	28
5	7	23
8	10	27
4	9	25
5	11	27
5	9	27
0	30	90
2	8	20
2	5	21
5	7	24
4	8	23
6	9	25
2	6	23
7	12	32
0	14	90
0	14	91
6	11	27
7	10	29
6	10	28
3	8	22
4	6	23
3	8	22
8	10	26
4	8	23
3	9	21
4	12	27
8	5	27
7	5	28
3	8	24
9	10	30
3	8	22
2	8	25
6	6	24
0	7	90
9	13	35
3	6	23
3	7	22
1	4	20
7	10	27
2	5	22
2	7	24
3	8	25
2	5	20
7	11	32
6	11	27
4	11	24
4	7	23
4	7	22
4	7	23
3	7	21
3	5	21
3	7	23
6	10	31
4	6	22
8	14	34
7	6	26
6	7	26
3	7	23
2	7	21
6	10	30
7	9	25
4	9	27
4	8	22
5	6	23
3	6	23
8	10	30
5	7	24
3	6	21
5	10	24
5	7	22
3	12	27
5	7	24
4	8	23
4	-1	90
0	31	90
6	42	91
5	7	24
0	-1	90
2	7	22
4	5	25
6	9	27
5	8	24
2	29	91
4	10	25
2	10	24
4	7	25
5	8	23
10	14	34
3	8	25
4	7	24
7	8	30
1	5	22
11	17	40
12	15	37
3	7	23
2	9	24
3	9	23
8	9	25
0	11	90
9	11	35
7	10	31
6	13	29
7	12	30
5	10	24
4	9	22
3	5	22
7	11	27
7	10	26
8	10	30
4	10	27
2	6	22
1	6	22
5	9	24
5	10	24
5	9	32
1	8	90
8	10	30
7	10	28
10	10	28
2	6	20
3	6	22
4	7	23
3	7	22
5	9	25
3	6	22
4	7	24
3	8	22
5	9	24
9	12	35
3	8	25
9	8	37
4	8	25
3	9	23
4	10	25
3	12	30
5	12	26
4	12	28
5	13	30
5	9	27
5	10	28
4	11	29
0	31	91
0	31	91
3	8	22
4	6	21
4	5	23
0	21	89
13	18	43
6	13	30
8	12	27
1	6	22
4	7	27
5	7	29
4	10	25
4	8	27
1	7	22
4	5	23
3	6	23
2	5	22
2	4	21
7	10	27
3	8	24
4	8	22
3	7	23
4	9	25
4	9	26
4	8	24
5	13	31
5	10	26
4	9	26
2	7	22
8	11	27
1	2	21
3	8	22
7	8	26
0	5	22
1	5	21
9	11	28
3	8	21
2	6	22
2	6	20
7	10	27
8	12	34
6	8	27
9	20	90
0	22	91
3	4	20
4	9	26
6	9	31
1	4	22
7	12	30
8	11	30
5	9	26
7	11	27
7	11	28
7	13	28
7	12	29
1	7	24
5	8	27
10	18	35
9	14	32
9	15	33
6	6	26
4	6	23
8	11	34
9	10	36
9	12	32
9	11	33
1	5	20
5	8	23
1	4	22
4	10	25
3	7	23
2	8	23
4	5	23
2	8	90
2	7	91
4	10	25
2	7	22
2	2	23
5	11	25
6	8	26
2	7	22
3	5	23
4	9	23
1	1	22
3	5	23
4	6	25
5	6	23
7	8	24
1	5	20
3	6	22
1	6	22
8	13	31
9	11	30
6	11	28
8	12	33
6	10	29
6	10	31
0	4	20
2	6	20
7	8	27
4	5	23
5	9	26
3	7	25
4	6	24
4	5	23
6	11	34
3	5	20
0	14	90
6	11	32
8	9	32
5	9	27
2	4	21
1	5	21
6	4	25
4	7	22
5	7	21
3	8	32
5	7	25
5	7	26
7	9	26
2	6	21
4	5	25
4	7	25
3	6	21
3	7	22
4	5	23
5	10	31
4	11	26
6	8	27
6	10	28
6	9	28
7	12	31
7	12	30
7	10	27
2	5	21
2	7	22
5	7	28
0	3	22
6	9	24
10	8	32
6	8	25
8	9	31
10	9	33
5	14	30
4	9	31
2	5	25
6	10	30
7	10	31
7	11	33
2	6	22
4	11	30
3	10	27
4	8	22
5	9	26
3	3	24
7	11	27
2	9	23
4	12	31
4	10	24
6	10	26
7	11	28
6	10	26
0	13	91
0	11	91
7	8	30
3	6	24
3	6	23
3	6	22
2	5	22
3	5	20
3	5	23
2	5	20
4	5	23
5	6	21
4	5	24
5	5	26
6	6	26
0	9	90
7	12	31
2	8	22
3	7	21
2	4	22
7	14	45
4	6	25
12	12	35
0	4	90
0	6	91
2	4	23
6	34	91
6	26	90
2	6	23
3	5	22
2	2	20
10	11	38
4	13	26
2	8	21
8	10	33
3	7	20
4	7	26
4	7	24
2	7	22
3	7	23
4	7	25
4	5	23
4	6	23
5	10	26
6	9	32
6	8	31
5	6	24
2	5	20
2	6	21
1	16	76
0	13	91
6	8	32
4	7	22
4	26	91
3	4	22
0	2	23
2	9	25
3	9	24
9	14	37
7	13	31
0	6	91
0	5	90
2	8	23
4	9	25
3	10	26
5	8	23
2	6	22
2	6	22
3	5	22
5	6	23
6	5	23
0	6	90
3	7	22
0	4	23
0	4	22
0	4	21
1	8	71
6	10	29
8	11	28
1	4	21
1	1	22
5	7	25
4	7	22
15	36	90
2	6	23
2	5	22
2	6	22
0	11	91
0	13	91
3	4	22
2	3	21
0	16	90
0	16	91
5	7	24
7	10	26
2	5	22
2	6	22
1	7	24
0	4	22
3	5	22
8	9	32
4	8	22
6	8	24
4	6	23
1	20	91
0	12	91
2	7	22
4	8	24
3	7	24
8	8	30
5	5	26
5	5	25
5	10	30
4	6	24
7	11	32
10	13	39
8	11	38
3	5	21
3	4	21
5	4	22
8	13	33
9	11	29
10	13	32
9	11	28
8	9	29
7	10	27
7	11	34
7	10	31
7	9	26
2	9	23
3	7	22
7	8	25
3	6	22
2	6	22
2	6	20
5	11	30
0	8	90
0	10	91
4	10	31
0	10	90
0	9	90
4	7	23
3	7	21
0	3	21
0	3	20
1	4	20
0	3	20
7	7	25
1	2	23
4	3	23
4	4	24
2	4	23
4	7	24
4	23	91
4	9	25
1	5	24
6	10	25
3	6	21
3	9	25
2	2	22
4	5	27
10	10	32
4	5	25
6	12	28
1	4	22
0	8	91
0	15	91
6	9	31
5	7	25
6	10	31
1	5	23
5	12	31
2	7	23
3	8	24
2	8	26
3	7	24
2	5	23
2	6	22
2	5	21
2	6	21
3	3	30
2	3	24
1	2	23
2	6	21
5	10	30
0	10	91
6	11	26
2	3	21
2	5	22
1	5	21
7	9	32
5	6	25
2	4	21
6	11	27
5	7	22
4	9	22
1	4	21
0	5	91
0	13	91
3	7	22
2	7	22
1	2	23
5	8	23
3	6	21
8	12	27
8	14	36
8	11	33
5	8	29
7	8	26
1	4	21
6	9	30
0	3	21
1	3	20
0	5	21
3	7	24
3	4	23
2	3	22
2	3	22
2	6	24
1	4	21
3	2	22
7	10	28
1	2	24
3	4	24
4	4	22
1	15	91
1	17	91
4	8	23
7	10	29
2	14	91
0	17	90
2	4	22
1	5	23
0	18	90
1	2	21
4	7	24
9	11	34
9	12	33
8	10	32
2	7	24
2	8	23
2	7	23
6	9	25
6	8	24
3	9	21
4	6	27
3	10	24
2	5	21
5	7	23
3	5	22
5	11	27
3	6	25
0	9	91
0	5	91
4	9	27
5	7	25
6	8	30
6	8	30
7	9	31
7	9	30
3	8	23
3	7	22
3	7	22
4	9	27
7	9	24
1	6	21
6	13	30
6	12	33
8	11	32
5	8	25
6	10	25
7	9	31
3	7	21
5	5	26
3	10	25
5	8	24
0	9	91
1	5	23
4	6	21
4	6	22
3	7	23
4	7	24
4	6	24
3	7	25
0	-1	91
6	12	34
5	7	23
0	13	91
0	9	90
2	7	21
6	10	27
4	9	26
3	8	25
3	8	24
3	9	26
6	10	25
3	5	23
2	5	22
2	6	22
2	7	22
3	7	24
3	8	24
3	7	22
6	9	30
0	4	26
6	12	30
6	8	30
4	7	22
5	9	24
5	7	26
4	11	28
3	5	20
3	7	22
7	11	26
9	9	34
3	6	22
8	16	34
2	4	22
3	9	21
2	7	22
3	5	22
5	9	25
3	4	21
0	4	41
0	11	90
3	7	22
3	7	23
3	6	25
0	6	20
9	11	34
1	4	22
9	12	35
6	11	30
6	9	25
5	9	28
6	7	25
3	7	21
7	11	30
6	15	32
7	9	25
11	14	31
5	10	25
4	9	23
4	10	24
4	9	26
4	7	24
4	7	25
3	6	23
3	11	26
3	7	24
2	3	20
9	12	32
0	5	21
6	8	25
2	6	23
3	5	22
6	8	33
6	9	25
5	5	21
3	9	24
5	9	32
2	7	22
2	9	23
3	8	24
4	8	22
3	7	22
5	6	24
3	6	22
3	6	22
0	26	90
5	28	91
0	14	91
1	5	90
4	7	23
0	-1	90
0	11	90
4	7	23
3	7	23
8	9	32
2	8	21
3	6	21
3	7	22
4	5	25
3	7	26
2	7	22
4	7	21
4	5	23
0	8	91
0	8	91
0	1	23
0	3	21
4	6	24
3	7	24
7	7	26
4	8	22
3	9	20
4	6	22
2	3	22
2	5	23
3	5	22
1	4	23
5	8	23
10	10	34
4	7	24
3	6	25
8	12	31
5	7	25
2	5	25
3	8	23
5	11	32
2	4	21
4	8	26
3	5	20
3	8	24
1	5	21
0	3	22
0	3	22
4	6	23
2	5	23
5	12	31
6	10	24
7	7	28
4	6	23
5	7	24
6	9	25
5	7	25
3	7	24
3	5	22
2	5	21
0	0	22
5	11	27
0	-1	91
10	15	35
10	18	39
10	14	36
4	6	22
3	7	22
3	6	22
7	5	26
6	4	25
2	7	22
2	5	21
2	5	20
4	7	22
4	6	22
6	7	23
0	4	22
7	9	27
6	9	31
27	31	90
3	5	22
3	8	23
3	8	22
2	8	23
3	6	22
9	14	36
5	7	23
1	5	21
0	11	89
4	14	30
4	9	24
3	8	22
4	9	36
3	5	23
0	21	87
5	10	29
4	9	26
3	7	24
5	6	24
2	5	21
3	6	24
4	5	24
4	4	24
5	9	31
6	10	27
5	33	91
6	33	91
7	32	91
5	33	91
2	5	22
2	5	25
3	5	23
2	4	21
3	5	24
3	5	25
2	5	26
4	6	26
10	12	39
1	3	23
0	5	23
0	4	21
4	9	24
4	7	26
7	9	33
4	8	25
3	8	24
4	5	30
0	9	90
7	10	31
5	7	23
1	4	23
3	6	22
3	7	23
5	15	31
5	26	91
2	7	23
2	7	23
5	5	25
2	6	21
0	9	89
0	6	91
3	5	22
4	5	24
8	12	36
3	8	22
1	1	24
5	21	90
0	9	89
6	9	25
7	6	29
2	7	22
3	9	23
0	5	21
6	10	30
0	7	91
6	8	27
4	7	23
4	6	24
3	7	23
2	7	20
2	4	22
10	15	37
2	5	23
2	5	21
2	5	21
2	7	23
4	7	23
3	6	21
2	7	22
3	6	21
6	23	90
2	5	22
1	6	20
5	4	23
2	5	21
0	6	22
6	8	25
4	8	26
7	8	28
4	3	21
2	5	21
5	5	23
3	7	22
3	6	22
0	10	91
0	8	91
4	9	25
2	4	22
4	5	24
8	12	31
8	11	32
6	9	27
3	8	25
2	6	21
2	4	22
4	6	22
6	12	35
6	7	24
7	10	31
6	13	34
1	4	21
2	5	21
8	7	29
2	8	21
5	6	23
3	8	22
5	6	24
4	8	26
5	7	25
7	10	29
9	10	32
6	8	28
6	10	26
1	4	23
0	4	22
3	5	21
7	11	32
0	14	91
0	15	91
4	8	25
5	9	31
4	8	31
4	8	23
2	4	21
4	6	22
4	5	22
0	8	90
0	-1	91
6	8	26
6	26	90
0	10	91
4	11	31
2	9	27
5	11	31
3	10	26
4	8	26
4	11	31
3	10	25
5	9	25
5	13	34
7	14	33
6	13	33
6	12	32
6	11	33
6	12	31
6	12	33
5	10	28
5	10	26
3	9	28
10	12	32
2	7	24
2	7	22
3	6	25
0	25	63
11	15	34
11	17	40
0	10	90
0	8	91
1	3	20
1	3	21
4	11	31
5	8	28
0	1	20
3	5	20
1	4	21
0	1	20
4	10	29
4	10	24
5	10	24
3	10	25
3	8	24
2	5	23
0	2	21
5	9	24
4	5	25
1	4	20
3	6	23
3	4	24
6	9	30
2	6	23
2	5	23
2	5	23
3	7	25
4	8	25
4	8	24
3	10	26
4	8	23
4	13	27
4	10	25
6	13	31
4	12	28
9	10	31
9	10	32
1	5	22
3	4	22
2	3	25
1	2	22
1	2	22
1	1	23
0	2	85
3	5	22
3	5	23
0	-1	84
5	10	27
2	3	22
8	10	31
1	5	20
9	10	32
4	6	24
8	11	27
0	7	91
0	7	90
3	4	23
0	4	90
0	5	91
0	15	90
2	6	22
5	8	22
0	14	91
0	12	91
1	3	21
0	19	91
6	7	27
5	11	25
11	12	38
6	4	24
5	5	24
3	5	21
5	10	28
1	13	90
7	9	27
5	8	26
7	8	26
3	4	23
4	6	25
6	10	28
5	7	23
3	7	22
2	5	22
9	6	31
10	7	33
0	27	91
1	3	21
1	3	20
1	6	22
5	10	27
4	4	23
4	8	22
1	5	22
3	6	23
5	5	30
2	5	20
0	1	22
0	2	23
0	1	23
0	3	24
6	7	22
3	6	24
1	4	21
2	4	21
0	10	90
1	5	23
2	6	21
0	28	90
9	8	33
2	7	22
2	7	22
7	10	27
0	14	91
0	5	22
6	8	24
4	6	22
5	5	24
8	13	30
2	6	21
6	10	33
6	8	27
7	11	32
6	5	23
3	7	24
8	9	28
9	9	32
7	9	27
7	11	32
2	10	87
2	12	87
0	12	90
4	7	21
2	6	25
3	6	21
2	6	23
2	7	22
2	7	21
0	3	23
7	9	25
3	6	25
1	7	91
0	7	91
2	5	20
2	6	22
6	9	26
5	10	28
6	11	30
8	11	28
6	14	33
1	4	20
4	6	23
3	6	21
5	5	28
2	3	21
7	12	30
9	11	28
0	9	91
2	3	21
2	5	23
2	7	21
4	6	21
4	7	22
5	5	24
6	5	24
2	6	21
2	3	22
2	10	90
5	7	22
0	8	88
0	3	21
0	3	20
3	6	21
4	8	22
3	5	24
3	6	23
5	8	24
4	7	25
4	8	24
4	8	23
3	7	22
5	9	26
7	8	31
2	4	23
4	7	31
6	8	32
5	6	28
6	7	27
6	9	30
5	9	29
4	7	28
3	7	21
2	8	25
4	5	27
4	4	25
2	3	23
3	3	25
2	4	24
3	3	24
5	4	27
3	2	24
3	3	24
7	8	27
6	10	26
3	4	22
11	11	34
6	8	26
3	5	23
2	4	20
3	5	20
2	4	22
0	3	22
3	7	26
3	5	25
3	4	23
3	4	23
1	4	22
2	5	22
0	22	91
3	6	24
2	7	21
2	3	23
4	7	30
4	8	27
3	7	24
4	8	26
5	9	26
0	2	24
0	2	22
1	2	21
0	2	20
4	7	23
3	6	23
2	6	23
2	4	21
3	5	22
3	7	23
3	7	20
4	6	21
6	8	32
3	5	20
7	5	24
2	4	25
2	5	24
0	13	91
0	10	76
2	6	22
2	6	23
3	7	20
9	12	33
6	8	29
0	1	24
0	2	21
0	2	23
2	7	20
2	7	21
3	9	24
2	7	22
0	12	90
0	13	91
4	9	25
0	3	21
1	3	21
0	3	20
0	3	21
0	6	91
2	6	21
2	2	23
5	8	24
3	6	23
3	6	24
1	2	21
2	7	22
3	7	22
3	6	23
6	9	30
8	10	31
8	10	26
4	8	25
2	4	22
2	4	21
2	4	20
3	6	21
8	10	27
7	11	31
6	9	30
1	12	91
0	10	91
5	7	24
0	-1	91
3	7	22
4	5	21
3	7	26
4	11	24
0	21	85
6	8	24
7	12	26
7	11	26
2	5	20
0	30	90
2	5	21
3	7	22
3	7	21
1	3	23
4	5	22
2	5	23
2	5	21
6	7	31
4	5	25
2	4	21
4	6	24
3	7	22
7	9	29
4	12	31
3	10	24
4	6	23
1	2	23
2	8	23
5	10	30
7	8	30
10	10	32
3	5	21
0	7	90
0	11	89
7	11	33
1	6	23
9	14	46
4	5	23
3	4	22
3	8	23
1	7	23
5	7	23
1	8	21
4	10	27
1	4	20
4	9	23
3	6	21
5	10	24
4	10	25
4	9	24
5	9	25
3	9	25
4	8	23
4	8	23
3	10	25
5	12	30
6	12	29
4	13	30
4	12	31
3	8	23
0	5	24
0	3	21
6	8	26
5	10	27
5	7	25
4	9	26
5	6	25
3	5	23
2	2	21
1	5	21
2	4	22
4	7	22
3	8	23
0	7	90
0	5	91
0	11	90
5	13	30
2	5	22
4	8	22
6	6	26
3	6	25
8	10	33
4	9	25
9	9	33
6	7	28
4	7	27
4	6	27
5	8	30
1	5	21
1	3	22
0	4	23
1	4	23
4	8	22
5	6	22
1	8	21
2	5	22
3	5	23
2	5	21
2	7	23
2	5	21
3	7	23
7	11	34
8	13	32
5	6	22
0	4	23
1	4	22
2	5	23
0	12	91
4	7	22
3	8	23
7	11	32
5	10	27
4	6	24
2	8	23
1	6	22
8	9	28
3	7	21
3	9	25
3	9	26
4	8	25
5	9	23
3	9	25
5	8	23
1	4	20
1	5	20
7	10	29
11	12	33
6	9	27
8	11	28
6	8	25
6	7	24
6	8	26
4	12	33
6	9	28
5	8	25
2	6	22
5	8	24
7	12	30
9	13	31
6	7	27
0	5	54
0	12	91
8	10	30
0	12	76
0	15	90
0	14	90
0	14	90
0	14	90
0	15	91
0	16	90
1	13	91
0	14	91
0	13	91
0	15	91
3	5	30
2	5	21
0	19	90
3	6	20
0	9	91
0	-1	91
2	7	23
2	7	21
0	21	91
3	7	23
4	8	26
5	9	24
2	7	22
3	7	23
10	12	33
10	9	29
7	7	27
10	12	37
4	9	24
5	8	25
5	7	24
5	9	26
3	6	22
7	11	34
4	8	22
8	13	36
6	12	31
5	10	32
2	6	25
13	16	40
7	6	25
13	12	37
13	14	42
13	13	38
11	12	40
11	11	33
11	14	40
11	14	38
8	8	30
8	16	30
4	8	27
5	12	30
5	10	31
6	10	30
5	11	27
3	7	24
6	8	25
5	6	24
1	2	23
8	8	27
3	9	22
3	7	21
2	7	20
3	6	21
3	7	26
7	10	30
5	8	25
4	9	29
0	1	33
0	5	89
4	9	25
3	7	23
4	7	24
3	6	22
4	7	23
4	5	22
6	9	25
5	7	21
5	13	31
7	9	31
6	9	30
4	8	22
2	5	21
5	7	31
7	9	27
7	9	26
8	9	28
4	38	90
5	8	25
3	7	24
2	6	22
3	7	23
4	10	24
6	8	24
6	7	31
3	13	30
5	8	26
4	6	25
4	6	23
2	8	25
3	7	25
2	8	25
2	6	23
2	8	24
2	6	25
2	5	23
3	5	22
6	11	25
0	10	90
3	6	23
1	5	21
2	5	21
10	10	36
3	5	23
3	5	21
2	28	85
4	6	21
8	9	27
7	12	30
4	10	25
3	7	23
6	13	32
3	6	22
2	6	21
3	10	25
5	11	30
10	16	37
8	16	36
8	12	35
6	14	32
7	14	33
5	7	24
5	8	22
5	9	24
5	9	23
4	7	23
5	10	30
7	11	31
4	9	26
6	12	31
5	8	23
5	7	30
2	3	22
0	3	22
4	6	23
5	8	25
4	6	22
7	9	26
4	7	22
4	11	26
4	7	22
3	7	21
4	7	21
4	8	22
3	7	22
3	7	23
2	5	21
2	4	20
7	12	27
9	8	33
1	8	22
5	14	29
3	7	21
3	6	23
0	12	90
0	16	90
2	6	23
5	9	27
2	6	21
5	7	21
0	15	90
3	9	23
2	8	25
0	6	73
0	6	73
4	6	25
5	7	25
9	11	31
4	9	27
2	3	20
8	7	38
3	8	23
2	8	22
4	8	23
2	7	23
3	7	23
4	5	22
1	3	20
5	7	32
8	13	34
7	7	24
2	8	21
2	6	20
3	6	23
2	8	24
2	5	20
4	7	25
0	11	91
0	9	90
5	7	22
9	13	33
2	7	21
6	12	26
0	4	20
10	12	33
7	13	33
4	9	25
6	10	26
3	6	24
4	7	23
5	7	22
5	13	31
3	10	25
5	11	24
4	10	23
4	8	22
3	8	24
3	7	22
2	6	21
2	7	20
5	7	24
2	5	22
8	9	28
1	5	23
3	6	22
6	9	24
4	12	26
4	10	29
4	7	22
3	11	25
10	10	33
7	9	28
7	9	32
7	9	30
2	6	22
3	6	24
3	6	22
3	6	23
3	6	23
4	8	24
2	6	23
9	11	31
4	7	23
5	8	25
3	9	24
4	9	23
3	9	22
3	8	21
6	11	30
1	9	91
1	7	91
1	5	23
4	7	21
3	9	21
1	4	27
6	8	30
4	5	21
7	8	27
4	7	27
1	6	21
4	6	28
4	6	22
2	7	25
5	6	21
6	9	25
5	7	25
1	10	25
7	14	30
5	10	25
0	4	30
7	11	32
7	9	29
6	10	29
8	10	31
10	13	36
11	14	35
8	11	32
8	10	31
8	12	31
9	11	31
2	7	21
11	11	31
9	12	32
9	10	31
8	10	28
5	10	30
0	5	91
0	13	90
6	10	26
6	9	25
1	3	20
3	7	22
4	8	21
4	7	25
4	7	23
3	6	22
4	7	21
11	13	33
4	9	24
5	11	31
6	11	27
7	12	32
5	8	28
3	7	24
8	7	28
5	13	29
7	11	33
6	8	26
5	9	24
5	8	23
5	8	24
1	4	22
1	4	20
2	3	21
5	9	24
3	6	22
7	9	27
4	12	33
6	7	24
0	12	91
6	9	26
9	12	32
7	11	28
7	9	27
4	9	26
3	6	23
6	8	25
5	8	25
11	11	35
2	7	20
2	4	22
0	8	91
9	13	34
3	6	23
9	12	34
8	10	31
2	6	21
6	7	24
3	9	23
6	12	30
4	7	23
3	6	22
8	12	33
10	14	37
11	15	35
9	11	29
10	14	32
9	13	36
9	12	33
8	11	30
4	9	25
4	8	25
3	6	22
3	7	21
3	5	23
6	11	31
5	9	30
4	9	28
4	9	25
8	11	31
4	10	23
3	8	31
7	8	32
5	8	25
0	4	21
3	7	23
1	6	20
4	7	30
2	7	23
3	5	22
3	6	23
3	8	22
3	7	22
3	8	23
3	7	22
2	10	24
2	7	22
1	7	21
6	11	30
4	11	27
4	5	21
2	5	21
3	6	25
2	5	21
1	4	20
4	7	25
6	9	28
4	9	24
3	8	23
5	7	23
4	5	24
1	4	20
3	8	23
0	3	20
6	8	28
6	9	25
0	18	90
1	12	91
2	6	24
4	4	23
2	7	21
2	6	24
2	9	24
2	7	23
3	6	22
8	11	31
6	9	24
8	11	28
4	7	21
7	10	30
4	9	24
3	8	23
3	9	22
4	7	23
6	8	23
3	9	23
2	7	21
6	7	23
7	6	30
6	10	31
7	10	27
8	9	32
9	10	32
2	4	20
2	3	21
2	4	20
4	10	22
0	2	41
2	8	23
4	7	27
2	6	21
4	6	21
3	4	22
1	4	23
8	10	30
2	4	22
4	8	30
1	2	22
9	15	36
0	9	91
6	9	30
6	10	28
2	6	24
3	7	21
2	3	22
3	8	22
3	4	22
0	7	20
4	7	31
0	17	91
0	8	90
4	6	23
3	5	22
5	8	24
8	8	31
3	5	23
6	9	25
4	10	23
1	3	21
6	11	25
5	7	25
8	9	26
2	5	20
4	7	24
0	3	23
4	4	24
0	23	90
0	21	90
2	5	21
4	12	31
0	5	33
5	6	22
9	14	33
0	11	91
1	3	21
6	9	27
5	12	30
3	7	22
4	10	26
4	7	22
0	8	87
3	5	22
3	5	22
3	5	20
4	8	23
9	12	33
4	7	22
4	9	24
6	9	28
2	26	90
6	8	26
7	11	28
7	8	29
2	8	21
8	10	27
3	10	23
2	6	20
2	6	21
6	10	27
9	10	33
6	6	26
7	10	32
4	7	25
5	7	27
7	8	31
2	6	21
1	5	22
3	5	22
0	7	25
7	8	27
9	13	36
4	8	23
1	8	23
4	7	24
9	12	32
6	8	22
6	11	31
9	12	37
9	12	30
2	6	23
4	7	31
2	4	21
1	3	20
5	10	33
3	9	24
4	8	26
3	7	26
3	8	24
4	9	23
3	8	25
9	13	30
5	8	25
4	8	24
8	11	31
0	25	91
3	5	23
3	5	23
3	7	23
8	9	30
7	10	29
6	10	27
6	11	28
5	9	27
9	12	33
4	6	22
9	17	37
5	8	25
8	12	31
2	4	21
0	12	90
0	11	90
0	5	90
3	7	24
2	3	21
2	5	22
2	6	23
2	6	24
3	9	26
4	8	25
3	8	24
2	3	21
4	8	25
4	9	23
7	8	27
3	10	24
4	11	32
4	7	23
4	11	25
5	14	31
3	11	31
3	8	26
4	10	24
5	8	26
7	8	27
12	13	39
13	14	37
4	7	24
9	10	29
6	11	31
6	11	25
8	26	91
8	12	31
2	8	23
3	6	22
3	6	25
5	6	26
3	6	22
0	15	65
4	9	22
2	7	22
8	11	31
7	9	28
3	7	22
3	8	23
5	8	24
3	8	22
0	10	91
0	11	90
2	4	21
1	4	21
7	10	30
2	6	21
5	9	23
7	7	26
6	8	25
7	8	30
0	9	90
0	11	91
3	7	21
5	7	24
3	6	22
2	9	23
6	9	25
6	8	25
5	10	27
3	7	24
3	7	23
4	8	24
4	9	25
6	9	30
3	9	90
8	12	35
4	6	22
5	12	29
0	8	90
4	8	22
9	11	29
5	7	27
4	8	24
4	9	25
7	11	31
2	7	26
5	6	24
4	7	21
8	12	34
5	6	24
4	10	30
4	8	23
4	7	26
4	7	23
3	9	28
2	5	24
3	5	21
0	18	91
3	5	23
0	19	91
0	19	90
0	7	90
0	10	90
7	9	26
2	4	22
5	9	30
2	6	21
0	5	90
0	5	30
3	7	24
2	11	25
0	0	90
0	16	90
1	2	23
2	1	22
0	1	21
1	0	20
0	4	21
1	6	20
0	3	23
5	6	24
0	13	90
3	5	23
3	5	22
2	5	23
2	4	22
2	4	21
1	4	20
2	6	21
4	6	22
4	9	25
0	13	91
7	6	27
6	12	26
0	12	91
0	10	90
3	7	20
8	13	32
8	11	31
0	7	91
2	4	21
3	9	23
0	10	90
2	8	22
2	8	23
2	5	22
1	9	91
2	6	21
2	5	24
2	5	20
0	13	90
0	14	89
2	6	24
3	6	26
3	6	20
3	6	23
2	4	21
6	11	32
3	7	23
7	8	26
8	11	27
9	13	34
12	15	40
10	15	39
12	15	38
5	8	26
1	3	21
2	7	24
2	4	23
11	11	34
1	6	22
0	14	90
0	6	91
0	3	90
5	8	25
6	13	26
3	7	22
2	2	23
1	3	21
7	9	28
7	11	30
3	7	23
0	11	90
0	10	91
4	6	24
1	3	22
5	11	30
2	8	23
3	7	22
3	6	22
0	4	20
8	9	30
4	7	23
6	11	27
5	12	28
6	8	25
5	7	24
3	8	22
2	7	22
3	10	24
2	9	23
2	9	22
3	6	23
2	5	22
2	5	24
2	6	23
3	7	21
3	7	22
3	7	21
1	4	69
1	5	69
2	6	20
2	8	22
4	9	26
5	9	26
7	10	33
5	9	28
6	7	25
5	8	27
4	8	24
2	3	22
4	7	22
3	6	21
6	11	24
8	12	33
5	9	26
5	11	28
6	8	26
6	10	28
2	7	21
5	10	30
5	9	23
5	10	24
9	8	31
3	6	22
6	7	25
6	8	26
4	7	24
3	8	22
3	7	21
6	11	27
7	11	29
3	41	91
4	7	25
4	7	23
3	6	23
3	6	21
5	10	27
4	8	22
8	13	34
11	12	33
10	12	33
3	5	23
5	8	26
5	9	26
3	7	23
4	7	24
3	6	22
3	7	24
1	2	21
4	7	21
4	7	21
3	6	22
9	11	32
8	9	31
8	9	28
2	6	21
2	7	21
2	5	22
1	6	20
4	11	23
5	12	26
12	17	38
12	14	36
11	13	36
6	11	31
6	10	25
2	6	21
9	10	33
2	5	22
7	8	26
7	8	33
3	6	21
4	8	23
2	5	23
4	8	24
3	7	25
4	8	24
3	8	23
8	8	27
6	7	26
3	7	21
2	3	21
3	6	22
3	6	21
2	7	23
2	6	24
1	3	22
5	6	23
1	5	22
0	5	23
0	3	24
4	10	25
2	11	24
3	11	24
4	10	23
4	9	22
5	7	27
5	7	26
8	9	27
8	9	26
7	9	27
3	5	22
4	6	22
3	6	23
2	5	21
2	5	22
3	8	22
4	6	25
3	6	22
2	7	21
4	10	24
4	10	23
3	9	23
9	13	33
6	12	26
2	5	22
5	10	30
6	11	31
2	8	22
3	7	21
12	15	38
7	11	30
9	10	29
7	11	27
6	9	27
2	7	22
3	4	24
3	8	23
1	3	24
10	13	33
2	9	22
4	3	22
8	8	27
8	8	29
7	8	25
9	8	32
7	10	25
7	11	32
9	11	31
9	10	30
4	6	24
2	7	24
3	5	21
5	8	25
5	6	24
4	8	24
2	6	22
3	5	23
5	7	25
5	10	26
6	9	25
6	12	29
5	10	30
6	11	29
4	12	27
4	13	28
4	10	30
3	12	27
4	8	27
3	27	91
5	7	24
5	7	23
7	8	26
3	6	22
4	8	24
5	11	27
3	9	24
3	8	25
8	9	30
3	5	23
2	5	22
3	5	23
3	5	23
2	6	23
2	5	22
0	8	90
9	9	32
8	9	31
2	6	22
2	5	21
4	6	23
2	5	21
2	6	22
2	9	22
1	5	22
1	3	21
2	3	20
0	3	22
1	4	22
2	4	21
2	6	22
2	7	22
6	8	25
3	6	23
3	5	21
9	10	32
5	11	30
8	10	31
4	10	23
3	6	23
0	2	22
3	6	25
3	9	21
4	9	25
3	4	23
0	2	22
1	3	21
5	9	25
3	9	23
4	8	23
3	8	24
4	9	25
5	6	25
3	7	20
8	9	28
6	7	28
6	9	27
5	6	26
8	12	28
8	8	27
3	8	21
3	6	24
4	8	30
2	2	22
7	12	31
5	9	24
3	8	22
6	8	27
3	7	22
2	6	21
3	8	23
7	11	31
0	5	22
2	5	23
2	5	22
8	9	28
8	10	27
8	9	29
7	10	31
8	11	33
8	11	32
0	4	23
2	6	21
3	6	24
3	6	22
9	13	34
9	11	32
9	11	32
8	11	30
6	9	26
5	8	33
6	8	30
1	5	20
5	10	30
4	9	25
2	4	20
4	6	24
4	6	25
3	6	24
3	5	23
3	5	22
4	5	24
3	4	23
3	6	21
2	4	22
5	8	27
4	7	24
2	7	21
5	10	28
2	6	22
2	6	21
4	8	29
5	11	30
7	10	30
2	7	23
3	6	22
4	8	25
3	6	23
3	7	26
4	9	27
3	7	25
4	8	27
4	9	30
4	8	26
4	10	25
5	10	26
4	13	27
4	13	30
3	10	28
5	10	27
2	6	22
3	6	23
3	6	23
3	7	23
3	4	21
8	11	27
8	10	29
2	4	22
3	5	22
8	11	30
4	6	25
2	7	23
3	6	26
2	7	24
3	5	22
2	5	21
4	8	27
5	9	28
4	6	26
4	9	29
4	7	26
4	5	23
5	11	26
6	7	23
4	7	27
6	10	32
6	9	25
6	9	26
4	5	22
6	9	26
4	8	24
4	5	24
5	6	25
7	7	26
4	11	30
5	7	23
4	10	23
3	8	24
3	7	23
3	6	22
4	11	30
9	13	31
6	9	31
5	6	22
9	7	25
8	9	27
7	8	25
1	5	22
7	14	30
8	13	32
6	13	31
8	12	28
3	6	24
5	6	25
5	8	24
1	5	22
3	7	26
1	4	23
3	4	22
4	9	24
5	5	24
4	7	22
2	4	21
4	6	23
2	5	22
3	6	24
6	8	24
6	10	28
7	10	28
2	7	23
7	9	29
6	13	30
3	6	20
6	6	25
1	5	21
6	10	24
4	6	23
0	5	22
5	11	28
1	3	22
1	5	21
5	11	26
5	9	24
0	3	91
4	6	21
4	8	25
5	4	25
1	3	22
0	3	21
1	4	21
6	7	25
3	4	23
1	5	91
1	5	91
4	7	21
1	7	20
3	5	24
4	9	31
2	5	22
4	5	25
8	9	27
5	10	30
2	9	22
4	8	21
3	8	20
6	10	26
3	5	22
7	12	28
7	10	25
2	4	23
2	4	25
3	4	22
2	4	24
5	7	24
2	7	21
2	9	22
1	7	21
7	6	28
7	4	28
7	6	31
4	7	23
9	10	29
5	11	26
3	5	22
3	4	26
3	4	25
4	5	24
3	4	24
4	5	25
2	8	24
3	6	24
2	4	22
2	3	21
6	7	24
6	9	31
2	5	21
5	7	30
7	10	26
4	6	23
5	8	23
4	7	24
5	7	25
1	8	22
2	4	22
1	7	21
6	9	30
2	6	21
4	9	24
4	8	23
10	14	35
8	9	30
5	13	30
4	12	32
5	12	26
3	6	22
3	6	23
4	10	26
4	7	24
10	11	34
6	15	30
8	13	32
9	12	33
4	8	25
4	8	22
1	3	24
1	3	22
2	3	21
2	4	25
1	4	23
2	4	26
1	4	24
9	10	27
5	13	30
3	9	25
4	8	24
3	11	26
3	9	24
2	11	24
3	10	26
3	9	25
6	8	32
4	8	25
10	13	35
2	4	24
7	7	28
0	2	22
5	11	24
12	12	36
8	12	31
2	6	24
3	8	20
7	9	31
7	11	30
8	9	34
5	7	25
6	10	29
6	11	34
3	7	25
4	6	24
3	8	24
2	7	23
2	7	23
1	4	22
2	4	21
2	6	21
6	13	30
6	13	31
4	8	24
8	12	31
5	8	24
8	10	30
7	11	30
7	8	29
4	6	25
3	6	24
0	3	21
1	6	20
5	11	31
4	12	30
2	8	24
3	9	22
2	9	22
3	7	21
3	6	20
1	8	22
0	11	91
2	4	21
6	8	26
2	7	23
2	5	24
2	6	23
2	6	21
5	4	26
3	4	23
2	6	20
2	7	21
7	12	34
6	9	30
7	11	30
3	9	27
1	26	90
3	6	22
0	4	22
0	3	21
0	13	89
0	15	90
6	8	26
3	7	25
1	3	24
8	9	31
8	14	34
7	9	27
3	6	22
0	5	51
0	5	51
3	8	26
1	4	22
3	5	21
0	2	21
1	4	24
1	3	22
1	3	23
4	8	24
11	13	35
10	12	35
8	11	33
9	12	35
9	10	30
6	8	26
0	8	91
0	7	90
4	9	26
2	5	24
4	7	23
6	7	25
3	5	23
7	14	33
3	6	24
5	8	26
2	6	21
3	5	24
0	8	91
0	11	90
0	7	91
0	6	90
8	9	28
7	9	27
4	9	23
4	6	22
2	5	21
4	7	24
2	7	22
4	9	25
3	8	23
3	7	22
4	9	23
6	9	24
3	6	21
5	12	25
2	8	23
10	12	35
3	6	21
0	15	90
1	6	22
5	7	28
2	7	20
7	13	33
10	11	31
7	8	27
4	6	28
3	3	27
9	8	31
9	9	31
6	8	30
7	9	30
0	17	91
7	8	32
1	5	21
4	7	25
8	8	26
0	12	89
0	12	89
3	8	23
2	6	22
3	8	24
4	7	22
0	6	91
0	5	91
4	7	25
7	12	31
4	7	27
8	12	33
9	11	29
13	13	41
5	7	25
5	7	24
6	10	28
2	5	20
3	6	23
3	5	24
2	6	21
9	10	30
2	5	23
11	13	31
10	12	33
8	10	33
4	6	25
0	21	90
0	20	90
4	7	22
2	8	20
4	9	26
3	10	24
4	7	24
3	7	22
4	10	24
2	6	21
2	6	21
6	10	30
11	16	35
8	10	31
11	12	31
9	13	31
9	12	30
4	7	24
8	9	27
7	10	30
2	6	21
6	11	26
5	11	30
7	11	27
6	10	31
8	8	30
8	10	28
6	10	29
8	8	28
7	11	27
7	10	26
3	6	26
5	6	25
3	6	24
3	7	23
4	9	25
4	8	23
4	7	22
3	10	24
4	9	24
3	9	24
2	4	21
3	7	22
4	7	21
3	7	22
1	4	22
3	5	21
8	13	35
6	12	26
4	10	24
2	6	22
2	5	21
2	6	23
3	7	25
2	5	21
2	7	20
5	11	29
4	8	24
2	5	22
2	5	21
2	5	21
2	5	20
1	6	20
6	8	27
1	6	22
8	12	33
3	7	22
3	9	22
5	8	26
6	9	25
2	4	21
7	10	30
2	4	22
5	10	26
13	28	90
3	6	23
9	8	31
3	7	23
0	14	91
0	8	88
4	9	27
4	7	25
3	9	28
4	9	26
1	6	21
1	5	20
0	4	24
1	-1	91
1	11	91
0	8	89
3	6	26
2	7	22
4	9	23
4	9	24
1	6	20
3	6	23
4	6	24
2	5	22
6	12	33
6	9	28
2	4	22
3	5	24
3	6	22
3	6	23
0	8	90
0	7	91
5	10	29
1	8	87
0	11	90
1	3	21
3	2	25
4	7	25
5	8	24
6	8	24
7	7	28
7	7	25
9	11	34
6	10	28
0	11	90
0	19	90
4	9	23
5	8	25
4	7	24
5	5	24
4	9	23
1	7	20
2	5	21
3	6	22
2	7	21
6	9	27
7	9	28
6	8	31
3	7	22
4	7	24
8	9	28
8	11	32
4	6	25
4	7	24
1	4	22
4	9	30
8	26	90
6	9	25
6	7	25
9	11	32
5	8	24
6	11	26
3	6	22
8	8	31
6	11	30
3	5	22
2	6	21
5	10	26
1	7	22
2	3	20
8	9	30
4	9	30
2	7	22
2	6	22
2	7	22
4	7	25
3	6	27
2	4	22
9	16	34
9	12	33
9	14	31
9	13	33
8	13	32
6	8	25
6	8	25
6	9	24
6	11	33
3	5	21
0	14	90
0	12	91
7	8	26
7	8	26
4	8	24
3	7	24
3	9	23
2	5	22
3	6	21
1	6	21
2	5	20
2	7	22
7	13	31
1	26	90
2	5	20
4	5	23
2	4	22
3	7	24
2	7	22
3	7	21
5	9	28
6	11	26
6	8	28
5	9	31
2	7	23
3	7	24
7	11	30
6	12	30
1	5	23
4	9	23
5	10	23
2	5	20
4	6	20
4	6	23
1	8	91
5	17	91
3	3	22
11	15	34
1	6	21
5	7	25
6	11	32
6	10	28
0	8	91
0	8	91
2	5	23
5	11	30
4	7	26
0	3	22
2	4	22
2	9	22
1	3	20
7	12	29
1	5	22
5	6	24
5	12	32
7	11	30
0	7	91
1	5	21
2	4	20
6	7	31
0	5	21
1	4	21
0	7	91
0	8	90
4	6	23
4	4	28
1	4	23
6	6	25
5	6	25
0	7	90
0	8	91
0	14	90
0	11	91
3	5	22
0	6	22
7	8	31
5	6	24
3	5	22
4	7	25
4	7	27
5	8	27
6	8	26
4	7	25
5	9	26
6	9	30
5	8	28
4	7	27
4	7	26
3	8	26
3	8	25
3	7	24
3	6	23
2	6	22
3	7	22
1	5	22
2	6	24
3	6	24
5	11	27
3	11	26
3	7	22
2	5	21
0	9	90
0	9	90
5	22	91
1	5	21
3	12	27
6	8	25
0	20	91
0	8	90
5	7	24
6	8	24
6	36	90
6	11	28
6	12	29
5	12	26
4	8	24
3	7	23
1	4	21
10	11	33
0	9	91
4	8	28
6	7	25
0	3	22
3	5	22
7	10	26
2	3	23
5	6	30
4	7	31
8	10	29
3	7	23
2	8	22
8	12	32
1	1	23
3	6	23
4	10	25
7	12	33
1	3	21
4	5	21
4	6	22
0	3	21
0	3	21
2	4	20
5	11	30
0	7	91
0	6	90
2	5	21
3	7	22
2	9	25
2	7	24
2	9	22
2	8	23
3	7	24
2	7	23
1	7	25
3	7	21
3	5	24
0	19	89
0	14	86
7	10	31
5	10	30
7	10	33
2	5	26
3	5	25
3	5	25
2	7	24
3	6	23
5	10	30
0	12	90
0	13	91
5	7	24
5	6	24
7	9	25
4	9	22
0	3	22
0	6	21
0	2	20
4	7	24
2	4	21
6	7	24
0	36	90
2	5	21
5	8	26
5	4	25
6	6	26
7	9	30
2	4	21
1	6	20
2	6	22
2	5	21
5	5	25
2	5	22
3	7	26
0	7	91
0	9	90
3	8	23
4	8	23
2	6	23
3	23	91
1	5	21
1	8	24
3	6	23
0	2	21
6	12	31
5	8	24
1	4	20
0	2	23
1	4	20
2	6	21
3	8	22
2	7	21
2	9	22
5	14	32
4	8	24
3	7	30
2	6	31
1	4	27
0	4	27
0	4	26
3	7	22
3	4	23
7	8	27
3	6	23
8	9	27
2	7	21
2	5	22
5	10	24
4	7	21
3	5	22
3	5	23
7	9	29
1	5	23
8	14	32
8	13	32
6	7	26
6	7	25
8	8	34
6	9	30
6	7	31
5	7	31
6	8	31
5	8	30
3	5	23
3	8	23
4	8	26
2	8	24
4	10	30
2	7	23
2	3	23
1	7	21
9	10	30
7	9	26
8	10	30
10	9	31
7	10	28
6	11	28
1	5	21
0	8	91
0	8	90
5	8	90
1	7	91
3	5	22
4	8	24
5	8	26
3	9	24
2	7	25
2	8	24
1	7	22
2	7	21
2	6	20
3	8	20
0	5	20
2	5	22
1	6	25
5	7	25
3	5	25
2	8	21
3	8	22
5	8	27
2	6	20
8	10	31
9	12	28
5	9	23
4	7	22
2	5	24
6	7	26
7	12	28
7	13	27
5	5	24
4	9	23
3	6	21
3	5	25
1	4	22
4	7	23
3	5	22
3	8	25
6	9	31
7	11	31
4	8	26
4	9	24
2	7	21
5	7	27
3	9	22
4	10	39
1	5	22
5	10	31
2	6	23
2	7	21
3	8	22
2	6	25
1	7	22
3	5	21
2	6	22
2	6	21
3	7	23
5	5	24
5	7	26
4	6	24
4	5	21
6	9	32
5	5	23
5	9	25
8	10	27
3	4	25
0	17	91
2	6	22
2	7	22
2	6	21
3	6	24
2	6	22
4	10	32
5	9	24
3	6	21
4	6	26
3	6	25
4	9	23
5	7	28
1	6	23
2	6	22
2	5	20
1	5	20
4	7	25
3	7	23
9	14	37
6	10	27
6	10	26
8	10	28
7	12	31
4	6	24
4	6	21
5	6	22
2	7	21
2	4	23
0	15	91
4	7	21
5	7	25
6	7	24
5	9	25
3	8	24
3	7	22
3	7	23
3	8	24
4	7	22
2	5	21
2	5	20
2	5	21
7	8	27
6	9	26
3	7	23
11	13	34
2	5	22
1	3	21
1	5	22
3	5	22
2	8	22
3	6	23
2	4	23
4	10	30
9	12	31
9	10	29
3	9	25
5	5	22
2	6	22
5	8	23
2	5	21
3	4	21
2	5	22
2	6	20
2	6	20
3	22	91
4	22	91
3	8	23
4	7	23
3	8	24
4	9	24
3	5	20
7	13	32
9	12	33
2	4	23
2	4	21
6	11	30
4	8	25
2	3	22
7	8	27
3	8	25
2	5	23
3	5	23
3	10	24
2	6	22
4	7	23
5	8	23
5	9	31
9	16	34
10	14	33
9	13	30
2	5	20
6	11	30
1	10	26
3	10	25
3	6	22
4	12	26
0	4	20
3	7	22
5	6	23
9	14	34
6	11	27
4	10	30
7	12	32
0	8	90
11	13	33
7	10	26
3	8	32
1	5	21
2	6	21
3	5	20
0	4	20
6	11	31
8	13	35
6	12	31
2	6	23
2	8	21
14	17	41
5	7	23
2	5	21
3	4	22
6	9	34
1	4	23
4	7	23
5	9	27
4	9	25
3	8	26
6	10	31
2	5	20
3	5	21
2	6	20
1	4	22
2	3	22
2	3	21
0	3	21
2	6	22
13	17	40
11	15	35
10	15	36
5	9	23
2	8	20
6	9	26
7	9	26
4	10	26
4	6	23
4	5	22
8	13	29
9	13	29
8	12	28
9	12	27
7	11	27
6	6	24
1	8	23
5	7	25
2	10	23
8	10	31
4	9	26
8	10	30
6	12	27
7	13	32
6	12	27
4	7	24
3	6	24
2	6	22
2	5	21
2	6	23
4	6	21
2	5	21
5	9	24
5	8	26
7	8	27
10	14	33
10	12	32
9	14	37
6	9	25
2	5	21
5	8	31
10	14	37
10	10	32
2	7	23
7	11	28
9	11	35
1	4	21
9	12	32
7	9	25
6	8	27
3	6	22
4	10	26
6	10	24
4	7	23
1	7	23
4	6	21
4	5	22
2	5	22
0	7	89
4	8	28
10	14	37
7	12	31
6	9	25
7	9	26
6	8	24
6	7	24
6	9	28
6	9	26
6	7	26
1	3	21
1	3	22
2	4	23
2	6	23
3	6	21
4	5	22
1	4	20
1	5	22
6	6	26
1	6	24
3	6	22
5	7	26
4	6	23
5	9	24
3	5	23
2	4	22
7	10	31
1	6	21
3	5	25
5	9	27
4	7	24
3	7	23
3	9	24
4	7	26
3	8	24
3	9	24
3	7	26
3	7	22
9	12	32
4	8	27
6	7	25
3	6	25
3	6	21
7	10	29
8	11	32
7	10	28
9	9	28
5	15	32
7	10	26
2	7	21
4	9	23
3	3	29
6	10	32
4	9	27
7	9	26
3	5	20
9	11	32
7	8	28
5	7	25
2	5	21
3	-1	91
1	6	22
6	9	26
4	8	25
3	7	24
4	8	23
2	6	25
3	6	23
2	5	31
3	6	27
5	7	24
10	10	32
7	9	27
8	9	27
10	10	30
1	7	22
7	12	35
7	16	33
7	10	27
5	11	31
6	14	30
5	6	26
2	3	20
3	9	24
2	4	20
2	4	22
2	4	21
2	5	22
1	4	21
4	6	22
0	2	23
5	12	26
1	3	23
0	2	22
2	2	21
5	6	23
4	6	23
3	7	23
3	7	24
3	5	21
3	8	31
2	6	21
4	5	24
2	4	21
1	3	22
1	6	21
7	7	30
7	11	28
9	9	29
4	8	23
4	9	22
2	5	22
6	9	25
11	12	36
4	7	23
3	7	22
6	8	31
11	34	90
5	8	24
3	8	24
0	6	91
0	15	91
2	4	21
3	5	23
6	7	24
8	10	27
3	6	26
4	6	23
2	4	20
2	6	21
7	9	27
0	9	91
7	7	27
3	6	23
0	3	21
2	2	21
2	6	23
4	8	23
3	6	23
0	15	90
2	3	22
0	16	90
0	15	89
4	10	24
1	2	22
3	6	24
1	5	24
4	8	25
2	7	23
4	9	27
5	8	27
2	6	20
6	8	25
3	7	21
2	6	23
4	6	24
5	8	23
3	6	23
5	8	30
1	4	21
4	7	25
4	8	22
3	8	24
3	8	23
2	8	25
4	7	22
0	12	91
0	12	91
7	8	29
4	7	25
3	6	22
1	5	22
0	4	22
2	4	20
1	7	24
4	6	25
2	6	21
2	6	21
5	8	25
5	9	30
3	9	23
0	7	90
7	9	30
0	3	90
0	5	91
5	7	32
5	8	30
6	11	33
3	5	23
4	24	90
3	7	22
5	9	23
6	12	28
5	11	27
5	11	34
9	13	34
7	12	32
5	11	26
7	12	31
0	4	20
3	6	24
6	10	31
5	11	25
4	11	24
3	7	22
3	6	23
3	6	23
3	4	22
6	11	31
9	9	28
10	13	38
5	6	25
1	3	21
4	7	23
4	8	23
0	5	90
0	7	90
2	5	21
4	11	30
5	5	26
8	9	35
6	6	27
4	5	21
7	8	25
6	8	27
6	8	25
13	12	38
11	10	37
9	10	36
2	5	21
0	4	20
2	6	22
2	5	21
4	10	26
4	10	30
7	10	32
8	10	33
7	8	30
6	11	32
5	7	25
3	4	21
3	7	25
3	6	26
2	5	24
3	5	24
2	5	23
2	5	22
2	5	21
4	6	22
7	11	31
5	4	22
2	8	24
4	5	23
3	6	22
6	9	27
9	12	36
8	10	30
7	11	32
2	3	22
1	3	22
2	7	20
2	6	21
8	9	26
6	6	25
7	7	26
6	6	25
0	3	22
0	3	20
0	2	22
4	8	26
8	9	29
2	5	21
4	16	35
6	14	36
8	13	33
1	3	22
8	9	32
6	9	28
8	10	31
2	4	23
2	4	21
0	9	91
4	8	30
3	4	23
5	7	27
3	6	21
5	9	25
6	5	24
3	6	22
4	10	30
8	13	33
4	6	25
3	6	22
0	9	91
5	7	25
27	29	90
3	4	23
4	5	23
4	7	24
4	5	24
4	7	23
1	-1	90
4	7	31
5	8	24
3	9	23
4	6	21
3	6	21
2	4	22
3	5	23
7	11	26
3	8	23
4	9	24
0	7	51
5	9	24
8	14	31
1	9	23
5	5	24
4	6	24
3	6	25
5	6	25
7	6	26
5	8	30
5	7	27
5	6	27
5	6	27
8	8	33
1	7	22
4	6	22
2	6	23
24	20	91
3	5	22
6	6	23
3	7	24
9	15	35
6	8	25
5	7	24
2	6	21
3	8	25
8	12	28
3	4	23
2	5	22
3	6	22
8	12	29
2	8	22
2	6	21
2	6	20
0	5	91
4	6	24
1	6	22
4	5	21
4	5	24
5	12	34
7	11	32
6	10	30
6	10	29
5	7	25
0	9	90
0	8	91
5	7	23
0	32	87
0	3	20
8	7	30
0	14	87
3	8	26
3	6	21
5	11	36
1	6	20
1	4	21
9	10	33
5	6	27
4	5	26
4	6	26
3	5	24
3	5	24
7	7	27
3	7	22
3	3	22
4	5	24
2	4	22
0	9	89
0	4	90
4	7	23
2	3	21
2	8	22
2	8	25
2	3	20
4	8	24
4	9	23
1	3	22
6	10	30
3	5	21
3	4	22
1	3	20
7	12	30
1	8	22
4	9	23
4	10	26
4	9	23
3	8	21
4	11	27
4	9	24
4	10	25
2	6	20
0	12	90
0	4	21
9	9	32
3	6	23
3	7	25
2	7	23
4	7	30
0	4	20
11	13	36
9	13	35
10	12	33
9	11	30
5	7	24
2	4	20
2	4	22
0	10	59
2	5	21
10	12	31
1	7	21
2	6	20
1	4	22
0	7	91
6	8	23
2	5	22
0	6	85
0	7	91
0	7	91
2	9	24
1	6	21
3	7	23
2	8	23
3	8	25
4	8	25
3	6	24
3	8	23
2	5	22
5	7	21
4	12	34
5	8	23
8	9	31
7	11	32
9	10	30
4	8	25
6	9	26
2	7	23
3	8	23
3	4	22
5	7	23
1	11	90
1	10	90
1	14	90
4	10	31
12	13	40
2	6	22
3	6	25
1	5	21
2	6	22
1	4	21
1	3	20
6	11	30
0	3	23
3	7	22
3	8	20
5	8	26
37	24	91
3	6	22
2	5	21
3	7	23
2	6	20
4	9	24
4	9	23
3	8	25
6	8	27
1	3	23
1	2	21
0	2	22
4	7	23
4	6	22
5	10	30
1	2	22
0	13	69
7	11	25
4	6	24
0	1	23
4	7	26
8	12	31
3	6	21
6	9	23
9	9	34
3	7	26
2	5	24
7	8	25
6	10	25
3	8	31
3	7	21
2	7	24
2	6	23
8	8	27
0	5	22
1	4	21
2	5	20
6	7	27
2	6	22
5	8	21
0	16	91
0	16	91
1	16	91
0	17	91
0	16	91
1	16	91
1	17	91
3	5	20
6	8	24
4	9	26
5	11	28
10	10	32
6	6	25
1	3	21
6	7	24
2	7	21
3	7	25
2	7	24
4	6	23
2	6	22
6	11	27
4	8	25
3	9	21
10	10	33
1	5	24
1	3	22
1	3	21
1	4	20
1	4	22
8	10	33
3	5	24
3	8	22
2	8	21
3	9	25
2	6	23
3	5	22
4	6	34
2	8	21
2	8	20
5	7	25
11	15	40
4	6	22
11	11	37
0	9	90
0	15	91
3	5	24
4	8	30
3	6	26
1	5	22
5	7	24
4	8	24
5	8	24
4	7	24
0	4	20
2	4	22
2	4	22
4	5	24
7	8	27
0	10	91
8	13	33
6	7	26
0	11	91
4	9	25
6	6	27
4	6	24
2	3	21
2	3	20
3	6	24
5	10	28
6	7	30
4	8	24
4	8	23
5	7	26
5	5	25
4	5	23
4	6	22
6	10	32
6	11	27
2	5	22
3	7	23
4	6	22
4	9	23
3	6	22
6	9	28
3	7	26
2	6	22
1	4	21
2	5	22
2	5	22
3	5	23
2	5	22
3	5	22
3	5	20
5	8	25
3	6	21
6	9	25
1	3	21
3	6	21
3	9	22
4	8	22
3	10	23
4	5	24
7	9	31
4	7	23
7	12	29
8	11	27
6	11	26
6	11	25
4	5	22
3	6	24
4	6	24
3	6	20
7	9	26
0	4	24
2	5	22
0	36	90
6	10	30
4	6	23
6	9	25
6	7	26
6	8	25
2	6	22
2	3	22
2	6	21
4	5	24
5	6	25
5	7	23
7	11	28
1	9	25
8	11	31
7	12	28
1	10	25
2	8	23
2	7	22
2	6	21
4	5	22
4	23	89
3	25	90
3	25	90
2	24	90
5	7	26
3	9	24
5	10	30
5	8	25
4	9	24
3	7	23
4	9	25
3	9	24
0	2	20
0	2	21
3	8	22
6	7	26
2	6	23
3	5	20
4	6	25
2	5	20
2	6	23
2	5	20
9	12	34
9	8	34
5	7	22
2	5	24
2	4	21
2	4	22
3	5	24
2	5	22
3	7	23
3	7	25
7	11	31
2	6	23
2	6	24
2	6	21
2	3	23
2	3	21
6	12	33
0	4	20
6	9	26
6	9	24
1	5	21
6	8	26
5	9	25
7	10	27
4	6	26
7	9	27
2	7	22
4	7	21
4	10	22
4	10	23
2	8	23
2	7	23
3	7	23
5	10	25
3	9	24
6	10	34
4	7	24
8	9	30
9	10	32
7	12	36
10	12	36
9	10	31
10	12	35
10	12	34
1	13	91
1	13	90
0	1	21
3	5	24
2	6	24
6	13	30
6	9	26
5	6	23
6	8	26
6	8	23
4	6	23
4	9	27
2	7	22
2	7	21
5	11	31
3	7	22
4	6	24
5	6	24
0	4	24
1	5	22
3	5	20
4	6	26
4	7	25
5	7	29
4	8	25
0	12	90
0	11	90
2	6	23
11	9	37
8	8	28
7	10	24
5	7	25
4	6	24
3	6	25
4	7	25
5	8	30
6	7	29
5	7	26
3	5	22
2	7	23
5	10	30
4	8	25
3	8	24
0	10	91
0	13	90
7	11	28
5	8	30
5	7	24
3	7	24
1	4	25
6	8	30
6	11	32
7	9	31
6	8	26
4	9	28
4	9	27
4	10	26
3	8	25
1	0	22
0	0	21
3	11	22
4	10	26
5	10	24
4	10	24
4	8	27
6	12	31
3	4	22
2	7	24
2	7	23
2	4	22
3	7	21
4	6	21
4	9	26
3	7	24
5	8	23
8	11	27
3	11	27
3	8	20
1	7	22
5	7	25
6	9	25
7	9	25
2	4	22
2	5	21
1	9	91
1	14	90
7	8	31
3	7	22
6	10	32
1	20	91
4	7	23
1	3	21
2	6	24
2	6	22
4	7	21
1	6	22
4	6	24
1	4	21
0	3	22
1	4	22
5	7	24
2	12	25
4	8	24
2	9	23
3	7	21
5	9	31
8	13	35
1	5	22
6	5	24
2	6	22
8	10	31
8	10	28
5	12	30
6	10	30
5	8	24
9	13	32
5	6	22
1	5	21
2	5	22
3	6	24
3	6	21
2	6	21
1	6	21
2	6	22
3	8	22
3	11	27
5	8	24
2	5	23
4	9	23
6	11	31
3	8	24
3	8	25
3	9	25
6	7	25
4	7	24
3	7	22
2	9	23
3	7	24
4	7	22
2	6	23
3	9	24
2	7	22
3	6	21
3	6	22
2	5	21
7	11	31
6	14	31
3	9	30
4	8	24
7	10	26
5	7	25
2	6	21
3	8	31
0	4	90
2	6	21
8	9	30
2	5	24
3	6	24
2	5	21
2	6	23
6	10	30
2	8	24
4	11	27
4	9	26
2	9	25
4	7	24
3	8	23
2	25	90
8	14	30
7	12	29
4	4	23
5	9	25
7	10	32
2	4	22
2	5	22
2	5	21
3	5	21
0	4	20
6	9	26
5	7	25
5	7	23
2	7	24
2	4	21
3	5	21
9	10	30
4	8	23
3	8	22
3	7	20
2	12	25
4	9	24
5	6	22
5	11	31
5	8	25
7	10	35
5	8	26
0	7	84
0	12	88
0	12	91
3	8	22
3	6	22
2	5	21
1	15	90
3	5	22
3	5	21
10	13	33
12	13	39
7	10	30
3	8	22
5	11	30
6	15	32
7	13	30
5	7	31
0	4	21
8	9	28
8	10	28
8	10	30
7	10	28
5	12	27
5	12	25
4	6	24
2	8	22
4	7	22
5	6	20
0	3	75
5	10	26
3	13	41
7	11	31
5	11	29
6	11	28
6	10	28
5	10	31
4	10	28
0	4	24
1	2	21
0	2	22
0	2	23
1	3	25
1	4	26
1	4	25
3	6	31
1	3	23
2	4	21
1	3	22
7	9	26
6	9	28
3	6	23
3	6	22
4	9	23
1	6	20
5	7	24
6	9	26
11	13	38
8	12	31
3	7	22
3	10	24
4	11	27
4	10	28
3	10	25
3	9	24
2	9	25
0	9	91
3	8	22
3	7	24
2	7	24
2	7	24
2	6	23
3	6	24
3	5	22
2	4	21
7	14	30
4	8	23
4	10	25
2	8	21
4	10	22
5	8	30
3	7	24
4	6	23
2	7	21
3	8	22
3	10	23
4	8	23
4	10	23
6	13	29
2	9	23
3	6	22
3	8	24
3	8	23
3	8	22
2	6	21
2	5	21
3	7	22
3	7	21
8	14	34
2	6	22
5	9	25
6	8	26
1	5	21
3	7	20
5	8	25
7	10	32
7	11	31
7	10	30
5	8	25
5	9	26
7	8	26
7	9	30
7	9	26
8	8	26
6	13	32
6	8	24
8	13	34
3	7	23
3	10	23
7	7	25
1	3	21
2	5	22
2	6	20
3	7	23
4	7	23
6	11	30
4	7	24
9	10	27
4	10	24
6	9	26
2	7	21
1	5	22
3	4	21
6	8	30
1	3	20
1	9	22
1	3	21
0	2	21
3	6	22
4	4	24
2	5	22
6	7	25
9	11	38
3	8	22
1	1	20
1	4	20
0	2	35
4	8	25
3	6	23
4	10	27
4	6	22
3	7	22
5	8	25
16	14	52
13	9	35
13	10	42
14	10	44
9	7	28
3	8	25
2	8	23
0	4	32
3	8	24
3	9	21
4	7	22
3	6	22
5	7	24
8	9	35
5	9	26
2	7	22
5	7	23
4	10	25
5	7	23
0	5	91
0	10	90
3	6	25
3	5	24
4	6	23
3	6	22
3	9	24
2	6	24
3	5	22
3	7	22
7	12	34
0	2	24
8	10	29
1	6	25
4	9	24
4	8	25
4	7	24
5	11	30
8	12	30
0	2	23
0	2	22
0	3	23
0	3	22
0	2	23
1	2	22
2	7	20
8	11	28
3	3	23
3	5	21
3	5	25
4	10	25
1	5	21
8	11	30
8	8	25
2	5	21
2	4	21
2	8	22
8	10	32
2	7	23
2	4	22
1	6	21
2	5	23
5	8	25
7	11	27
5	9	25
5	8	25
4	6	22
3	9	24
2	5	22
2	5	21
7	7	24
7	14	34
5	6	21
2	8	23
2	5	21
2	7	22
4	8	25
3	8	26
2	7	23
2	7	23
2	7	24
2	8	25
2	14	30
5	13	30
6	14	32
6	10	25
1	17	35
3	8	23
4	5	22
3	7	21
4	7	28
5	10	25
1	5	22
6	6	24
5	12	31
0	37	90
0	39	90
3	8	22
6	11	30
1	22	90
1	20	76
5	8	25
10	11	36
10	11	36
4	6	21
4	10	24
2	5	21
1	5	21
3	9	21
3	5	23
5	10	26
4	9	23
5	9	25
6	9	26
4	10	30
3	11	25
4	9	23
7	14	32
1	4	20
4	31	91
5	-1	91
2	11	26
8	11	29
4	6	26
5	9	25
5	9	24
8	9	30
5	10	30
5	9	28
4	9	32
3	6	24
3	5	23
3	6	25
2	5	22
8	11	28
2	3	21
8	11	35
11	13	38
9	7	31
8	14	33
11	17	38
2	33	90
3	31	87
1	7	21
3	8	24
3	8	23
1	7	22
5	8	24
2	8	91
7	14	33
8	10	29
2	7	22
4	7	22
3	7	22
3	8	21
4	6	22
1	6	21
4	11	30
6	10	24
2	4	21
8	10	28
6	11	27
2	8	22
2	8	21
4	9	24
4	7	22
0	3	21
7	12	31
6	8	28
4	7	22
3	9	22
8	12	30
3	6	22
6	10	31
3	40	86
2	4	23
4	7	21
1	2	23
5	10	30
3	6	21
6	7	24
12	16	37
12	11	35
8	12	27
6	11	26
2	6	21
2	10	24
2	7	21
2	7	22
3	8	23
2	8	24
2	7	23
3	9	25
3	7	22
2	7	23
3	7	24
2	7	23
4	6	26
4	7	27
3	6	24
2	6	22
2	5	22
3	5	22
0	4	21
0	4	21
1	4	22
4	7	24
6	10	30
3	6	24
4	12	26
4	6	25
2	25	90
1	3	22
5	7	25
0	0	91
0	0	90
0	0	86
5	7	28
5	5	24
1	5	20
3	8	27
6	9	27
8	13	28
0	1	23
0	2	22
0	3	21
3	7	25
0	15	91
0	23	90
4	8	28
3	10	24
7	9	31
7	8	29
7	8	30
7	9	31
1	3	20
8	9	30
1	5	20
6	6	25
5	7	31
7	8	30
7	9	31
6	7	25
3	5	20
6	11	31
6	12	31
3	11	30
3	7	21
2	9	25
5	8	25
5	9	26
11	13	37
2	6	22
2	7	22
3	7	22
5	7	25
2	6	21
6	8	25
1	7	20
0	2	21
2	8	22
4	6	24
2	7	22
7	10	31
1	6	21
3	6	22
5	6	24
2	3	22
3	7	25
3	9	25
7	11	26
3	9	23
5	9	24
4	9	24
5	10	26
7	13	29
4	7	23
3	9	26
3	8	25
6	9	30
5	8	28
2	7	21
9	12	35
0	4	21
4	5	26
4	6	23
4	9	26
5	7	23
4	7	23
0	37	91
9	11	31
6	9	27
4	12	24
5	7	25
4	7	22
3	8	24
3	7	23
3	8	25
3	8	23
2	7	22
2	7	22
6	11	28
4	5	23
2	7	23
3	12	31
2	5	20
6	6	26
5	6	23
5	8	30
8	10	28
6	6	32
6	7	25
3	5	22
5	13	30
4	7	23
3	6	24
4	9	26
2	5	21
5	9	24
2	8	22
3	8	22
8	9	27
3	7	21
2	6	21
2	5	23
2	5	21
4	5	23
5	9	28
4	10	30
3	8	21
3	7	21
4	5	21
3	6	22
3	7	20
5	11	30
6	12	30
10	11	32
7	9	26
6	9	27
3	6	23
2	7	21
3	6	23
2	6	20
7	9	30
11	12	32
7	12	30
8	12	31
9	12	33
8	10	29
5	7	25
4	12	30
4	4	22
5	8	26
6	8	28
6	7	32
4	8	23
4	8	28
2	4	22
3	9	22
4	10	30
3	8	24
4	8	23
5	10	26
7	11	30
4	7	22
2	5	23
2	-1	91
0	3	20
2	3	22
1	6	20
8	10	31
10	16	40
3	9	30
5	6	22
3	9	26
5	8	26
3	8	25
5	10	30
4	7	26
5	8	30
9	12	29
6	9	25
2	5	21
8	8	34
3	7	22
4	7	23
2	6	22
4	8	24
4	7	23
3	6	23
3	6	22
9	10	29
3	5	23
5	7	24
2	5	21
2	7	20
2	7	22
2	6	23
2	7	22
2	5	21
3	5	22
6	9	25
2	5	22
4	8	24
6	10	25
6	7	23
8	12	26
6	8	24
4	5	25
9	12	31
7	11	27
6	10	26
6	7	25
3	6	26
5	8	24
4	7	24
6	10	26
4	8	22
6	11	31
6	12	27
2	7	23
2	6	22
1	9	21
2	4	21
6	10	28
5	7	22
5	7	26
2	7	21
0	9	91
0	8	87
2	4	20
3	6	21
4	9	25
1	5	20
3	7	22
10	13	35
6	11	31
4	6	21
5	10	26
3	7	23
3	7	22
8	7	25
4	8	23
4	8	22
8	11	30
10	10	29
2	4	21
4	11	27
2	8	22
10	17	40
3	8	25
2	8	24
3	7	25
0	3	23
2	4	21
0	21	91
5	6	23
0	4	20
4	7	23
1	4	24
0	2	21
1	2	23
1	2	22
1	3	20
0	4	23
0	3	21
0	3	20
4	7	25
3	6	25
9	15	35
10	15	32
3	8	24
4	9	25
4	6	22
1	22	89
2	22	89
3	8	22
1	3	21
7	7	24
6	7	25
1	7	20
6	8	30
4	7	24
3	7	24
4	7	25
3	7	24
4	8	22
3	9	22
2	7	21
5	7	24
5	7	23
0	-1	88
6	12	32
5	10	24
4	6	25
4	5	24
6	8	26
4	8	23
8	12	35
6	7	26
4	11	30
3	7	24
3	7	23
0	10	90
2	7	24
1	6	20
6	9	26
5	11	27
4	7	24
3	9	23
6	12	32
5	10	30
6	12	28
4	10	28
3	7	21
5	5	26
8	14	30
8	12	29
2	8	22
0	-1	90
4	5	22
3	7	22
4	7	23
3	7	21
3	8	22
6	6	25
2	6	23
5	7	22
2	8	25
1	7	20
4	6	24
3	6	22
0	4	20
0	4	21
1	3	21
1	5	24
1	4	21
0	6	21
5	7	23
5	5	21
4	7	24
2	6	21
3	7	21
2	6	20
3	6	21
4	12	28
4	8	24
4	7	25
3	5	23
7	16	33
8	12	28
4	4	21
7	7	27
4	27	90
7	11	29
7	10	28
6	12	27
5	7	25
4	8	23
0	27	90
5	10	27
3	6	22
2	7	22
3	8	24
5	9	25
5	7	24
2	10	24
4	4	24
0	3	21
1	6	21
3	8	22
7	10	26
4	10	30
5	6	24
5	8	24
3	6	23
6	9	25
1	4	20
3	5	22
4	8	22
2	7	23
2	8	22
1	7	21
4	8	23
2	8	26
2	6	21
3	8	22
6	7	24
5	7	23
8	10	36
10	13	34
7	13	34
6	9	27
4	9	26
6	8	30
4	9	26
4	6	22
2	4	22
4	7	21
8	10	26
6	10	29
5	10	24
6	9	26
4	7	23
3	7	22
1	9	22
5	8	25
6	8	28
4	8	25
1	4	21
1	2	21
4	7	26
3	8	20
8	9	31
9	9	30
9	9	32
3	6	23
5	11	25
4	9	24
7	11	32
6	8	26
5	9	27
4	7	25
4	10	25
2	9	29
2	3	23
6	10	30
6	8	27
4	6	22
3	8	22
2	5	22
7	12	31
7	15	30
0	20	90
3	8	22
2	6	23
2	5	22
3	6	23
3	6	21
9	9	29
5	6	28
5	6	25
4	13	34
2	6	22
2	6	20
5	5	24
6	8	25
1	3	21
6	10	28
2	3	22
3	4	23
3	4	23
3	4	23
5	33	91
4	8	22
0	6	21
3	5	22
0	8	90
0	10	90
1	6	21
0	10	91
4	8	25
8	10	32
2	5	21
7	9	28
3	5	22
2	3	22
3	4	22
4	6	24
3	8	25
4	8	24
3	5	23
3	6	22
3	6	20
3	7	22
3	7	22
9	10	31
8	11	29
9	10	28
1	23	90
0	26	89
0	7	91
2	4	21
5	8	24
2	2	22
9	10	35
3	4	23
3	5	22
6	11	27
2	5	22
7	11	31
6	10	26
2	6	20
6	8	31
3	7	22
2	7	21
0	19	91
1	21	91
7	12	36
0	2	24
3	7	24
0	8	89
0	6	91
2	3	20
3	7	23
3	7	22
2	9	22
2	5	22
1	4	21
5	8	30
1	3	22
1	6	22
3	5	23
0	7	89
0	14	91
0	4	21
6	7	28
5	8	24
1	7	21
7	7	48
5	11	28
7	6	26
2	6	21
2	5	21
3	7	23
1	5	23
1	3	22
1	4	20
0	2	21
3	10	24
6	9	33
6	10	30
5	5	23
7	11	30
2	5	20
4	7	22
4	7	23
4	8	23
3	6	20
0	4	22
3	5	21
0	2	23
2	8	23
2	6	21
7	10	28
2	5	22
1	6	23
2	8	30
0	3	20
1	6	24
1	5	22
2	7	25
4	6	26
2	6	24
0	7	91
3	8	22
1	5	21
5	6	24
3	4	21
8	10	27
2	4	21
1	3	21
3	7	25
4	5	25
5	8	24
10	10	34
7	9	30
8	10	34
8	10	32
1	4	22
3	3	23
4	7	23
6	14	30
2	6	22
5	4	22
2	5	21
1	6	21
9	7	32
3	4	21
2	7	20
3	7	23
5	8	26
5	6	31
3	6	21
6	8	24
4	6	24
2	6	22
3	8	23
5	9	30
1	3	22
1	4	21
2	8	25
8	12	30
0	-1	90
0	9	89
2	4	21
3	5	22
2	4	21
0	3	22
5	8	24
7	10	27
4	6	25
8	11	32
2	4	22
1	2	21
1	3	20
6	8	24
7	11	28
2	4	20
2	4	20
5	7	25
2	4	22
3	8	23
3	9	25
4	8	25
4	9	24
4	7	22
3	7	23
4	7	22
7	9	30
6	9	33
4	6	26
6	8	30
8	9	26
7	10	31
3	10	24
3	10	23
5	9	24
12	9	32
0	4	22
0	3	22
2	8	22
3	5	31
2	4	22
6	8	25
7	10	24
3	6	24
1	2	20
9	9	31
8	12	28
8	10	27
8	11	28
4	11	25
4	6	24
1	6	24
2	6	21
2	5	20
8	10	32
2	8	22
8	12	29
3	8	23
4	11	31
3	7	21
7	8	26
5	9	24
6	11	30
4	7	23
3	6	24
3	8	25
8	8	30
3	5	23
2	8	26
0	5	91
1	2	21
10	8	29
9	11	31
5	7	26
10	12	29
2	4	20
1	7	91
3	6	22
3	5	27
7	8	26
5	10	29
1	27	90
0	4	21
4	28	91
2	6	20
3	6	23
3	4	23
3	5	23
3	5	21
2	7	22
3	6	22
5	8	23
6	7	27
8	9	31
7	8	27
6	7	25
5	7	30
2	27	91
9	12	35
1	7	30
6	10	26
4	7	21
3	5	25
2	5	20
3	5	25
10	11	27
6	14	29
3	7	24
8	9	34
8	8	28
3	5	21
8	9	31
0	32	87
5	11	26
4	10	24
6	8	23
4	8	26
3	6	23
4	7	23
9	10	34
7	7	34
6	9	25
6	11	27
4	11	29
2	6	21
5	9	27
3	7	24
3	7	23
3	8	23
5	9	24
4	8	25
6	9	28
6	13	34
7	11	26
6	7	24
8	11	28
0	14	91
0	9	91
6	4	24
9	12	30
2	5	23
0	5	91
15	19	55
10	8	30
5	6	26
4	6	24
3	6	25
3	6	22
2	5	22
6	10	32
0	10	90
0	16	90
5	8	31
5	8	23
3	7	24
6	10	32
3	9	30
4	6	23
5	8	24
4	7	25
1	6	21
2	5	20
5	4	25
1	12	90
1	7	91
6	5	25
8	10	33
2	8	21
3	6	20
4	9	26
4	8	24
5	8	24
4	8	27
4	9	26
4	7	23
3	7	25
3	7	24
8	10	33
5	8	24
0	20	90
0	6	88
5	8	26
15	19	41
4	5	22
3	6	25
3	7	25
0	12	90
7	7	25
1	6	21
2	8	23
1	6	22
8	8	31
4	15	28
1	5	21
2	4	20
3	6	26
3	6	22
1	1	20
0	-1	90
2	5	23
5	6	27
6	6	24
7	10	31
3	6	21
2	7	21
4	10	24
3	9	24
5	9	23
4	9	26
5	8	25
2	5	21
2	5	21
3	9	23
2	9	23
3	11	24
4	10	23
1	5	21
1	4	23
1	5	22
1	4	20
0	15	89
0	10	91
1	4	21
5	9	33
3	10	24
1	4	23
3	6	61
4	6	22
3	6	23
3	8	24
3	6	23
3	5	22
8	11	35
1	3	20
4	9	31
5	8	30
4	7	22
3	7	22
3	7	22
5	10	31
11	13	34
5	9	29
6	8	24
9	13	36
7	13	31
7	10	29
3	8	24
7	10	31
6	6	24
7	8	28
0	21	90
0	22	90
2	8	23
6	9	30
4	8	30
7	8	34
2	4	21
8	12	30
12	14	32
8	12	30
10	16	34
1	6	22
3	4	24
3	8	24
4	7	25
4	8	25
5	7	24
5	9	24
2	4	22
4	6	21
4	8	25
4	6	22
5	10	23
4	5	20
0	8	90
6	13	32
7	8	26
4	7	23
9	9	29
3	3	21
5	8	27
1	5	23
2	6	22
2	6	21
5	8	28
4	5	25
7	10	30
7	12	29
4	8	23
5	8	31
3	7	23
2	6	23
1	4	23
5	6	25
4	6	24
5	5	26
6	8	26
4	8	22
7	11	28
2	9	31
3	5	22
1	2	21
4	6	23
2	5	21
2	5	22
2	5	21
4	4	22
1	10	91
0	11	91
0	4	21
9	10	31
0	12	91
3	6	23
1	10	91
0	9	90
3	8	22
2	4	22
1	2	22
8	11	30
4	7	21
3	6	23
5	9	25
4	7	21
5	7	25
0	0	33
0	34	90
7	8	27
0	13	91
0	1	24
7	12	27
6	11	27
5	12	27
2	8	22
3	8	23
3	5	24
5	11	26
3	7	23
2	7	22
2	6	21
5	7	27
3	2	25
3	5	22
4	6	24
6	4	26
2	8	21
3	7	22
2	6	25
5	-1	90
1	3	21
0	12	90
0	5	90
1	10	90
0	10	91
0	6	61
3	4	20
1	5	21
0	12	91
2	13	90
0	7	90
4	9	24
6	6	23
6	8	25
1	6	91
1	13	91
0	5	91
1	3	22
4	6	26
3	4	26
4	5	25
4	5	26
3	5	25
4	5	23
5	7	28
4	4	25
4	6	27
2	5	25
4	7	24
4	9	23
6	9	26
4	9	25
2	5	21
11	9	35
4	5	26
4	6	25
3	6	23
5	6	23
4	5	25
2	7	21
2	7	25
2	7	23
2	5	21
3	6	22
7	9	32
5	5	25
5	5	23
0	5	91
0	3	90
3	7	23
4	8	25
4	10	24
3	8	26
4	7	25
7	-1	88
3	8	25
4	9	31
4	7	24
4	8	26
7	11	32
8	12	31
2	4	21
4	8	23
6	10	30
5	10	26
4	6	27
3	6	27
5	7	28
6	8	24
6	7	25
4	6	25
4	5	25
3	7	25
3	7	26
3	4	22
1	4	82
0	8	91
2	6	22
5	10	25
1	3	22
5	6	24
3	6	20
3	6	21
5	8	25
4	9	28
3	9	27
4	7	26
4	8	25
4	8	26
3	8	24
4	8	23
5	11	30
2	6	21
1	4	20
4	8	26
6	10	30
5	14	32
6	14	29
3	6	24
6	12	26
5	9	23
7	9	26
8	14	35
8	14	36
9	13	34
8	12	32
8	12	32
6	10	26
4	9	28
8	8	27
1	4	22
3	6	21
0	13	91
2	5	21
8	7	31
5	9	30
4	5	21
6	13	31
1	6	25
4	7	21
17	34	91
1	4	21
3	6	23
9	5	30
3	8	24
3	7	22
2	7	23
2	7	25
2	4	23
2	10	24
3	7	23
6	12	30
2	8	23
0	12	90
0	10	90
0	11	89
5	8	24
8	10	31
5	6	27
4	5	25
4	5	25
3	4	25
2	4	24
3	5	22
5	13	28
5	11	27
4	7	24
4	5	22
6	9	24
1	3	20
3	8	25
4	10	27
4	11	28
3	7	21
3	8	25
4	6	25
2	6	23
3	7	23
2	7	21
1	6	21
5	12	30
5	9	25
5	10	30
6	8	26
7	9	27
7	9	27
9	12	33
6	12	31
6	10	26
6	8	26
3	6	23
5	5	23
1	6	20
2	6	21
3	8	22
2	7	23
2	8	22
1	7	22
8	8	28
2	6	21
5	7	23
1	6	20
7	9	26
2	5	21
3	5	21
0	2	20
1	3	20
8	8	29
8	12	28
5	8	24
8	8	31
10	8	30
7	9	32
4	10	25
8	10	29
7	10	27
3	8	23
6	8	26
7	26	91
3	5	25
2	5	22
10	9	35
1	7	21
12	35	90
0	18	90
10	11	32
1	5	23
3	7	23
8	10	32
0	8	91
0	10	91
2	5	20
1	8	49
5	11	32
3	7	21
5	11	31
3	10	22
3	6	21
4	7	22
1	4	20
3	9	34
4	8	24
4	7	24
3	3	26
6	10	30
5	8	23
5	10	25
5	9	26
3	7	22
0	5	90
3	4	22
4	3	25
3	7	23
5	9	34
3	7	24
4	7	23
8	11	30
4	9	30
8	12	30
8	12	31
9	10	33
0	3	21
1	4	21
2	3	20
3	5	21
4	7	23
2	2	21
2	2	20
3	8	22
3	9	25
2	7	23
2	4	22
3	10	24
5	12	33
2	12	91
0	14	91
6	9	26
6	10	25
9	10	30
3	6	22
7	8	35
0	3	22
9	11	28
2	6	23
6	13	30
0	3	20
5	9	34
4	6	25
3	8	21
4	7	23
5	8	25
2	4	23
3	5	25
3	8	24
1	5	20
3	8	25
5	7	25
2	5	21
2	6	25
3	6	24
3	6	21
2	5	24
3	6	24
3	6	24
4	7	25
4	10	33
4	7	23
3	7	26
5	7	26
5	8	25
5	9	28
6	8	25
3	7	23
3	7	23
3	6	22
2	6	21
1	4	21
1	5	20
0	7	89
0	12	90
4	7	24
11	15	41
2	8	23
1	6	22
0	16	91
0	7	90
0	5	22
2	7	22
4	6	23
0	18	90
0	13	91
3	4	25
1	4	22
5	7	28
7	9	27
5	10	30
4	4	23
2	3	24
5	8	25
3	4	23
2	3	23
5	9	30
3	7	28
4	7	24
4	6	23
1	3	21
0	2	21
0	4	91
0	8	86
4	5	25
2	6	23
4	5	22
2	4	22
3	6	23
3	7	22
3	8	23
0	4	88
6	10	25
7	14	33
2	5	20
2	6	21
2	4	22
3	8	28
0	26	89
8	10	29
0	23	90
3	5	23
1	3	21
0	2	21
1	4	21
6	8	27
6	8	27
6	6	24
7	8	25
3	7	22
4	8	23
3	6	23
2	6	22
3	4	22
1	4	21
6	10	25
3	7	23
3	8	23
4	8	22
3	8	22
3	8	22
6	7	25
6	7	24
4	8	22
2	8	21
4	6	23
3	7	21
6	11	30
0	6	21
6	10	26
6	8	26
7	7	28
3	5	24
3	8	29
7	8	24
7	7	25
15	18	49
4	5	22
4	8	21
3	6	21
2	7	21
3	8	26
3	10	28
2	8	24
4	8	24
4	11	25
4	8	27
3	7	25
3	8	26
2	9	25
3	8	22
0	3	23
0	3	22
0	3	21
1	2	20
1	27	66
1	4	21
0	3	21
3	8	23
3	8	22
2	6	22
3	6	22
5	8	25
7	10	30
1	8	30
3	6	22
2	6	24
2	5	20
0	6	80
3	6	21
4	5	23
6	9	27
4	6	25
2	2	22
0	2	21
1	4	21
0	3	20
1	4	23
1	4	21
0	4	22
2	5	21
4	7	22
2	7	23
3	8	24
5	9	24
3	7	22
3	7	24
1	8	91
0	6	73
4	14	30
2	8	22
2	9	21
3	5	23
10	13	34
7	10	24
11	14	37
3	7	24
1	7	20
7	9	30
4	7	32
6	10	31
5	8	30
4	6	22
3	7	22
3	8	24
0	17	91
1	3	22
5	5	21
3	6	24
12	11	38
5	8	26
2	7	24
4	7	27
3	5	23
2	7	23
8	10	34
8	13	36
2	6	21
2	7	23
3	7	22
4	10	26
6	8	23
3	5	25
4	6	23
3	6	23
3	6	24
2	3	23
2	5	24
3	5	22
3	5	25
1	3	21
3	9	23
5	10	30
2	6	22
4	6	22
3	6	20
3	5	23
4	5	23
2	1	22
2	6	23
2	5	24
8	8	25
2	3	20
1	-1	91
1	22	91
1	-1	91
1	-1	91
2	-1	91
1	23	91
5	7	24
1	2	21
8	10	26
6	10	30
7	8	30
5	8	26
3	5	22
7	12	28
1	6	21
4	8	23
4	7	20
4	25	90
9	35	91
5	33	91
5	29	88
5	9	26
3	8	22
0	19	79
3	7	25
4	7	24
1	4	23
3	5	23
3	5	22
3	4	23
1	6	21
3	6	22
3	5	21
2	6	22
3	6	23
4	6	24
9	10	30
3	11	25
4	7	22
3	7	23
6	9	27
9	9	31
4	7	24
2	6	23
2	5	20
3	7	22
5	5	24
3	6	22
12	16	43
12	18	46
13	17	43
13	16	40
10	15	37
12	16	40
10	14	36
12	14	39
9	14	35
13	16	41
12	15	37
12	16	41
0	19	91
0	17	91
5	13	30
0	6	39
1	5	21
4	6	27
1	6	20
3	8	23
6	8	24
4	5	30
3	9	22
2	7	23
5	11	32
5	10	30
2	8	25
3	6	25
3	6	24
5	9	26
0	11	91
0	9	91
8	9	30
7	12	31
6	10	28
5	4	26
5	5	27
3	8	25
3	8	22
4	7	25
4	10	26
4	11	27
5	8	24
3	11	91
3	4	21
3	6	25
1	4	23
1	4	22
0	4	21
1	3	20
4	6	26
2	8	25
2	6	22
2	7	21
5	6	23
2	6	20
2	6	20
0	15	90
4	9	22
5	9	23
0	3	21
8	5	27
2	5	23
5	9	25
3	7	22
4	4	24
2	5	21
4	5	27
2	4	22
2	4	21
4	7	30
3	6	23
1	3	22
5	7	25
0	2	22
4	6	24
6	9	26
3	7	21
2	6	20
7	10	26
3	7	24
2	5	24
1	4	20
5	9	30
0	5	21
3	7	24
8	12	34
2	4	21
0	20	88
19	21	75
7	8	31
1	6	24
1	3	21
7	11	26
9	12	29
7	11	26
3	6	23
2	5	20
5	9	25
2	6	21
3	5	23
4	6	26
0	3	50
3	7	22
4	5	21
3	7	25
1	8	21
0	17	91
0	11	90
3	8	23
6	8	28
2	3	20
6	8	25
6	8	24
7	11	27
7	10	30
0	20	91
4	8	23
3	8	23
3	9	23
3	10	23
2	8	22
3	9	24
3	9	24
3	11	26
4	10	25
4	10	24
6	8	24
0	9	91
3	7	24
4	10	25
3	11	24
5	9	25
1	4	22
0	20	90
2	3	20
7	11	28
1	6	23
1	7	22
1	4	21
4	9	26
0	15	90
0	11	91
3	8	22
0	9	90
3	7	20
4	8	25
2	6	21
2	7	22
2	7	22
2	7	22
7	9	31
3	8	23
8	10	32
0	5	22
1	4	22
0	11	90
0	11	90
0	16	90
0	8	90
0	3	91
0	2	91
0	3	91
0	3	90
0	7	89
0	9	91
0	8	91
5	8	24
2	5	22
4	8	23
4	8	24
5	7	27
6	11	29
5	12	28
4	11	28
4	10	30
4	8	30
3	9	24
2	8	23
2	7	24
2	7	22
6	7	26
5	10	35
0	4	21
7	8	27
3	4	22
2	5	22
2	4	23
7	12	28
8	10	30
10	9	31
6	12	29
9	9	27
6	10	31
4	9	30
7	12	33
7	10	33
7	12	30
7	10	30
6	8	27
2	6	21
5	6	23
5	7	24
4	9	23
2	7	22
2	5	23
4	4	23
8	8	27
2	7	20
5	9	24
4	4	23
7	8	26
3	7	22
3	5	23
9	9	31
4	7	26
4	6	26
4	5	25
6	12	31
7	11	32
4	9	24
2	5	23
2	6	22
1	6	24
4	5	21
6	9	25
5	8	23
6	11	30
2	5	21
4	15	32
5	9	27
5	13	26
5	11	26
4	10	26
4	10	25
5	10	26
3	11	25
5	10	26
4	8	25
3	9	22
2	8	23
2	7	22
3	7	21
8	12	27
7	9	30
6	8	24
4	10	24
4	7	24
3	6	20
6	7	26
2	5	21
6	10	25
5	7	24
4	6	27
2	4	21
9	13	33
7	11	30
0	5	24
0	6	24
0	5	22
2	5	23
2	8	22
5	7	24
3	6	24
3	6	22
7	7	27
3	7	21
2	3	20
3	6	21
0	1	22
5	5	25
5	10	30
4	13	33
6	11	33
4	8	25
4	8	25
6	8	25
5	6	24
1	3	24
0	2	20
5	9	30
0	2	22
0	14	89
2	2	24
4	8	24
3	5	23
5	9	28
5	8	25
5	7	26
1	6	21
7	11	26
3	6	23
2	6	21
8	10	29
2	5	22
3	6	21
6	8	30
7	9	32
6	8	30
8	10	35
5	8	30
6	8	30
3	7	25
5	8	31
4	8	25
6	10	31
5	10	26
4	10	31
7	9	31
7	8	28
4	8	23
3	12	30
7	12	28
2	5	21
8	7	31
9	11	31
3	3	24
2	5	21
3	9	24
1	4	21
4	7	24
4	8	22
3	7	22
0	25	90
4	7	30
3	7	23
4	6	24
10	10	27
6	11	27
5	9	24
5	8	28
4	7	27
6	10	25
5	8	32
3	5	25
2	5	24
1	4	23
1	2	22
3	4	24
2	4	23
3	5	23
2	3	22
1	3	22
0	1	22
0	13	91
0	11	91
2	6	25
3	7	25
4	7	24
4	7	23
3	7	25
8	12	28
6	11	30
4	6	23
6	9	26
4	7	22
5	6	23
4	9	24
3	7	22
3	7	22
4	7	24
3	6	23
9	12	34
1	5	20
1	5	21
2	6	21
7	8	32
1	31	91
8	10	30
3	7	21
6	8	25
1	5	22
4	10	23
4	7	22
10	10	33
2	6	23
2	7	21
2	10	27
6	10	26
7	10	27
3	7	23
2	7	22
2	6	21
3	6	22
2	6	22
1	4	21
9	9	33
2	5	22
4	6	27
7	11	32
4	9	25
3	4	22
3	7	22
3	4	24
2	6	22
6	8	30
6	11	28
6	9	26
3	26	91
0	6	22
5	8	24
9	16	33
9	11	37
8	11	36
7	7	27
5	6	25
3	6	22
2	10	30
1	7	23
1	6	22
3	5	24
6	10	25
6	8	25
3	6	24
5	8	26
4	9	24
5	8	24
5	11	27
4	11	26
2	9	22
7	10	29
1	39	90
4	7	24
0	3	22
1	3	21
1	3	22
7	12	27
1	3	20
4	7	23
2	6	22
10	14	36
5	7	30
3	7	22
5	10	31
6	10	33
3	6	23
4	7	25
3	6	22
3	7	24
7	9	31
5	8	29
1	2	22
6	9	30
9	10	29
4	4	22
26	30	91
4	5	24
6	6	27
0	1	24
0	1	24
5	7	26
6	7	26
8	8	26
2	5	23
5	6	30
6	5	27
3	8	26
3	6	23
3	6	21
3	5	20
4	7	23
3	8	23
3	7	23
1	7	21
4	37	91
5	12	32
1	3	21
1	4	21
1	6	21
2	4	23
2	6	24
2	5	22
2	3	23
0	5	21
2	8	22
8	11	30
8	10	28
7	10	28
2	4	24
4	7	23
3	7	21
0	3	22
4	9	21
2	6	23
7	6	24
3	5	21
1	22	90
2	22	90
5	9	26
5	8	26
7	6	25
2	5	21
5	8	30
7	6	29
6	10	27
8	11	26
3	9	25
3	7	30
5	12	32
1	6	20
6	6	26
3	3	25
6	14	31
5	11	25
6	9	24
5	10	25
8	12	31
5	7	25
5	10	31
5	9	25
5	12	32
5	9	27
8	10	28
3	6	22
2	5	22
10	12	36
6	7	26
5	5	23
1	9	91
0	12	91
3	5	22
1	3	20
2	5	20
1	4	21
5	10	27
3	6	21
2	6	21
4	4	23
1	2	21
1	3	21
0	3	22
8	10	28
3	6	23
4	7	22
8	11	32
2	6	22
2	7	20
6	9	26
5	9	23
6	7	25
9	11	30
5	9	26
5	7	27
4	6	25
3	5	22
2	8	21
2	8	22
3	4	23
7	13	30
4	7	22
0	3	57
7	8	27
4	6	23
7	8	27
8	7	26
4	5	25
2	5	21
7	11	27
4	6	23
9	13	31
3	7	22
2	5	20
4	10	24
9	15	38
13	11	39
4	5	22
7	10	25
6	12	31
3	6	26
2	6	20
7	10	31
5	7	23
1	7	20
7	11	29
6	9	25
6	8	25
7	11	30
5	9	24
2	4	21
6	9	25
5	9	24
4	5	22
7	9	28
1	7	24
1	7	22
4	7	24
5	11	32
4	5	23
2	8	21
4	12	30
1	4	23
2	5	22
8	11	30
5	8	28
2	6	20
3	8	28
3	8	26
4	8	27
3	8	24
1	8	25
7	12	31
1	6	21
9	11	35
1	3	21
2	4	20
4	6	21
7	9	24
3	6	23
4	7	22
5	7	26
9	11	32
7	8	28
4	7	21
3	9	23
3	10	24
4	7	23
4	11	30
7	12	30
4	11	25
9	12	33
8	14	34
7	9	27
9	10	32
5	32	90
10	28	90
0	10	91
0	12	90
5	11	25
10	15	38
8	11	28
3	5	20
2	8	23
3	6	22
1	3	20
6	9	28
5	9	27
7	13	33
2	5	21
2	5	22
8	14	34
7	8	25
3	7	24
1	7	21
8	10	32
5	7	23
10	8	39
2	9	24
10	12	33
2	7	22
2	7	22
6	7	23
2	7	22
10	12	31
2	5	20
0	11	73
8	13	34
3	7	23
2	5	21
2	4	22
5	8	24
0	8	91
0	22	90
3	6	23
3	6	23
10	10	31
10	11	35
5	7	25
5	8	24
4	7	23
8	8	30
9	14	31
8	9	24
5	10	31
5	8	25
4	8	23
2	3	23
2	6	23
2	10	24
4	6	21
8	13	35
6	11	27
2	5	22
4	9	23
4	9	24
0	9	90
6	10	31
5	10	26
3	9	24
6	9	25
6	9	25
4	8	24
5	8	27
9	8	34
9	6	31
3	7	23
3	7	22
2	6	23
1	4	20
5	7	22
1	6	20
0	11	90
0	7	91
5	8	32
11	11	35
10	10	33
5	9	27
5	9	25
11	11	34
7	8	25
4	8	25
2	5	22
7	9	25
7	11	31
3	6	23
0	8	90
3	6	22
4	10	30
4	8	28
5	8	26
2	6	22
5	8	26
6	10	30
6	11	29
8	13	32
4	7	22
3	8	22
3	7	23
3	8	23
3	8	22
5	9	26
3	4	25
5	35	90
8	10	33
7	12	30
8	11	30
3	6	26
8	13	31
17	26	90
3	4	23
6	12	26
6	9	31
9	9	27
1	4	21
6	8	25
5	9	25
6	10	32
6	6	25
8	12	30
2	7	22
6	10	27
4	6	22
3	10	26
8	9	29
3	7	22
4	9	21
3	10	30
4	8	23
2	8	23
6	11	26
3	6	22
3	5	21
8	13	33
1	5	20
5	6	24
6	6	25
7	9	28
3	5	26
2	6	23
2	6	23
6	10	24
1	6	20
2	9	24
8	11	33
2	5	22
2	5	21
2	7	21
5	10	27
5	9	24
5	10	25
5	8	23
7	11	31
5	7	23
7	8	26
3	6	23
8	9	33
7	14	33
4	5	21
3	6	21
4	7	30
4	6	28
4	5	25
4	5	26
3	5	25
5	9	30
2	6	21
5	7	22
5	10	29
6	10	26
7	9	28
8	9	27
2	7	20
1	6	21
11	12	34
8	13	33
11	11	30
6	7	25
6	11	24
7	8	32
0	5	20
6	9	26
5	9	22
4	6	24
4	6	23
4	7	23
3	8	21
3	7	24
5	8	23
3	9	24
5	10	25
5	9	25
5	7	24
4	8	24
3	7	22
2	8	25
3	7	25
6	11	28
4	12	29
7	10	28
4	9	25
6	9	26
4	9	24
3	8	23
3	8	22
4	6	23
5	10	27
4	5	24
0	19	91
3	5	24
3	9	30
1	-1	88
0	3	20
0	12	91
6	9	32
0	10	90
3	10	23
5	9	30
8	14	33
7	11	31
7	9	26
9	11	29
9	13	30
4	6	23
4	7	25
6	9	32
4	10	28
6	10	26
5	11	27
7	10	27
5	7	24
8	11	30
5	8	24
3	8	23
1	4	20
6	8	27
9	10	33
2	4	20
3	6	21
5	8	25
2	3	21
3	9	23
5	10	27
4	9	25
3	9	24
4	10	25
3	6	21
2	6	20
4	6	23
3	8	24
2	7	22
11	12	35
7	11	31
3	7	23
3	8	22
6	7	26
6	9	26
6	10	25
7	12	40
2	5	23
5	10	31
5	7	26
5	11	30
3	7	21
1	5	21
7	11	26
3	6	24
5	9	24
2	4	22
6	8	28
2	6	23
3	7	24
3	5	22
4	32	85
2	4	23
3	7	21
3	6	22
4	7	24
3	5	24
2	7	22
2	7	21
4	5	24
6	8	26
8	12	31
7	9	26
11	11	33
0	2	21
6	9	26
5	7	24
7	10	30
4	7	24
3	6	22
3	6	21
4	10	25
1	5	23
8	11	27
8	12	31
6	7	27
2	5	20
5	7	25
11	13	36
6	7	25
11	14	34
5	9	28
4	9	25
5	9	24
4	8	22
1	3	21
2	6	24
2	7	23
9	10	32
8	7	26
8	10	31
4	6	24
6	8	28
8	8	32
3	6	24
3	6	22
4	6	22
4	5	21
2	5	21
1	5	20
3	6	27
10	11	31
9	10	29
8	10	29
2	5	25
4	7	24
6	10	31
5	14	31
10	12	31
5	10	26
7	9	26
3	6	21
3	6	20
3	7	21
6	10	25
6	12	30
5	9	25
6	8	31
8	6	31
7	7	32
8	7	28
4	8	24
5	9	25
10	16	35
8	12	34
5	7	24
3	9	22
5	10	26
5	10	25
5	10	24
4	8	23
5	9	25
4	8	25
5	7	24
2	8	22
3	6	22
6	9	27
9	14	33
4	11	25
5	9	30
3	7	24
4	7	23
9	10	34
10	13	36
8	10	31
8	11	33
8	10	30
3	8	21
6	10	27
5	7	22
4	6	23
3	6	22
2	6	21
3	6	22
8	11	34
6	8	25
6	8	25
5	9	27
4	9	24
4	9	24
4	9	25
3	7	23
3	7	23
3	9	24
5	10	27
3	8	21
0	19	90
7	12	29
9	12	30
3	6	20
6	9	25
1	5	20
5	6	23
2	6	20
0	-1	91
2	6	20
4	8	21
4	4	26
9	9	29
2	3	21
6	9	25
5	7	23
6	7	25
5	8	27
3	4	25
3	9	25
4	9	24
3	9	25
5	9	23
4	8	22
4	6	22
4	6	21
6	11	30
6	11	30
1	5	20
6	7	23
3	3	22
9	10	30
9	10	29
1	4	21
3	8	22
4	8	23
8	10	30
3	7	22
6	8	24
7	9	25
1	8	23
8	10	26
7	11	25
7	10	26
6	10	26
6	11	30
0	8	90
3	11	91
6	9	25
3	6	22
3	8	23
4	6	22
3	4	22
4	10	31
5	13	34
6	11	35
5	9	32
5	8	27
4	16	74
2	7	22
0	6	22
1	2	20
2	2	20
0	11	91
0	10	91
5	7	27
5	13	30
4	10	26
2	9	23
7	7	25
5	7	24
7	9	24
3	8	22
2	4	22
2	7	23
3	6	22
2	5	22
7	10	28
6	9	26
3	6	21
3	7	22
1	6	21
2	6	21
4	9	24
4	7	23
3	6	21
11	11	34
4	9	24
5	6	21
4	9	21
2	8	22
2	6	21
5	9	25
2	6	21
0	3	21
1	4	22
3	6	21
2	5	21
4	7	24
3	8	24
2	10	23
3	9	24
2	10	25
3	9	27
3	8	26
7	9	32
8	9	26
9	10	31
8	10	31
5	12	31
8	13	29
8	12	28
9	13	34
3	5	22
2	5	21
1	3	20
6	7	23
7	10	28
10	11	33
2	8	24
2	9	23
3	5	23
1	6	24
4	7	21
4	6	22
5	7	22
7	13	31
6	10	33
9	13	35
2	6	22
8	7	29
6	10	30
7	10	31
6	8	25
13	15	38
3	8	24
8	13	30
5	11	24
4	10	23
4	9	24
2	7	23
4	7	24
6	6	24
8	10	29
4	6	21
7	15	32
6	11	27
6	7	29
9	8	31
8	8	29
9	8	30
5	9	27
4	8	26
7	11	30
9	11	33
2	5	20
1	5	20
8	7	29
2	7	22
3	8	23
2	6	22
4	8	21
7	11	32
0	8	91
0	12	90
11	13	33
8	11	30
8	11	30
8	9	32
3	9	24
5	9	23
3	8	22
3	8	23
0	-1	91
3	9	25
1	7	21
8	7	31
3	6	23
3	5	22
2	5	21
3	5	21
3	9	24
3	7	24
8	11	31
5	7	24
5	12	28
1	3	22
8	11	33
6	10	28
3	5	21
4	7	22
4	5	21
4	8	23
1	33	90
5	8	24
4	7	24
3	6	22
3	6	23
4	6	24
4	9	23
2	9	23
3	4	22
9	12	30
4	6	24
4	12	30
9	10	34
4	7	25
2	5	25
2	7	25
5	8	30
5	6	23
5	6	24
6	9	29
5	9	31
5	8	29
7	11	32
6	10	27
6	10	25
4	9	23
4	6	24
7	9	29
5	8	26
5	12	30
4	7	21
5	9	23
3	7	22
3	7	21
4	8	25
1	5	22
7	10	35
7	7	24
8	12	31
6	13	29
7	10	30
7	10	30
7	14	35
1	5	24
1	9	31
1	6	22
8	10	30
6	12	32
6	7	26
3	6	20
5	9	25
7	12	31
8	12	35
2	5	22
6	8	23
3	7	23
8	13	28
6	6	26
8	9	27
4	10	26
6	8	24
1	4	22
2	7	23
2	6	21
2	6	22
1	5	20
6	6	24
7	12	30
6	9	30
2	6	21
2	7	23
6	9	28
3	5	21
2	4	21
7	10	26
6	9	29
5	7	26
9	13	28
5	8	27
4	9	23
6	10	30
3	7	25
1	8	24
2	5	24
5	30	90
2	8	23
3	14	28
2	6	22
3	8	21
0	38	91
2	4	21
0	5	21
5	11	30
1	4	21
5	10	30
3	8	23
5	7	25
8	13	29
9	9	29
5	7	25
6	9	25
2	6	23
3	6	22
3	3	21
5	9	24
4	8	23
4	6	21
1	4	21
6	11	30
6	10	29
4	10	30
4	8	24
2	6	21
2	3	20
3	6	22
3	8	24
3	10	22
3	5	23
9	11	30
7	10	30
8	11	31
4	4	24
4	8	24
0	2	20
0	3	21
0	3	23
0	4	22
0	3	21
1	2	20
4	8	23
2	4	22
1	5	21
1	5	20
2	6	20
4	7	30
0	2	28
5	9	33
23	32	91
6	10	28
2	7	22
7	13	32
0	2	22
7	8	26
8	12	29
8	12	31
8	11	30
1	7	22
6	7	26
9	12	36
5	9	31
7	11	31
6	11	26
9	13	31
13	14	37
7	9	35
5	9	24
2	8	22
3	7	21
4	9	30
6	9	30
2	5	22
3	7	21
5	12	30
4	8	23
4	9	24
5	9	24
7	10	26
8	11	27
3	6	21
2	7	21
4	7	25
4	8	25
4	6	24
3	7	22
7	10	31
5	8	27
1	4	21
8	10	31
4	10	24
10	10	31
7	9	26
4	8	23
4	8	23
6	8	25
5	8	25
8	12	32
7	10	27
4	7	22
6	9	25
3	8	20
3	6	22
5	7	23
4	8	23
8	8	26
9	14	33
8	13	30
3	7	24
3	9	27
4	11	30
3	8	25
3	8	24
2	8	24
3	5	23
4	7	30
3	9	25
4	9	26
4	8	25
7	10	28
3	7	22
4	9	25
3	6	22
9	10	33
2	8	21
3	6	23
5	9	30
4	5	23
6	9	25
5	9	23
7	7	26
5	9	31
1	8	25
10	13	34
2	5	20
0	3	22
5	6	24
7	11	30
4	6	22
10	16	35
9	16	35
5	8	31
5	7	24
1	10	91
0	8	91
5	9	30
1	3	20
6	8	24
6	9	24
0	13	90
1	5	22
5	12	26
4	5	23
4	8	28
4	7	25
3	8	24
4	9	23
3	11	23
5	8	24
4	6	23
2	6	22
4	6	21
2	3	21
3	8	23
2	7	21
2	5	21
5	7	27
3	7	25
3	5	23
2	6	25
4	8	30
2	12	29
4	9	27
2	8	25
3	10	25
4	10	27
5	11	33
4	10	27
2	4	21
1	2	23
2	7	22
4	6	23
4	9	30
2	8	23
4	7	24
2	7	22
2	7	22
3	6	24
2	7	25
5	8	24
8	11	33
7	11	28
2	5	22
1	7	22
3	7	22
4	10	24
5	5	23
1	3	24
0	10	90
0	-1	91
2	8	22
5	7	24
3	6	21
1	6	24
2	6	22
2	6	21
2	7	20
0	3	25
1	6	24
0	6	23
0	4	22
0	4	21
2	6	27
3	6	22
4	8	23
4	9	23
6	9	30
7	14	37
4	7	25
6	8	27
5	7	22
5	7	24
7	11	33
3	10	26
6	9	29
5	9	31
3	8	25
4	10	26
6	9	30
4	10	28
4	9	26
2	9	21
1	3	21
2	7	21
4	5	20
7	10	26
8	9	30
6	10	30
3	3	23
5	9	26
6	14	30
4	12	29
5	9	25
4	10	26
3	10	25
4	11	25
5	6	24
2	5	21
2	5	20
6	9	23
10	14	34
8	15	35
3	9	25
4	7	24
2	6	23
4	7	23
4	8	26
6	7	25
2	9	25
2	7	24
2	7	23
2	7	22
5	7	27
0	13	91
0	15	90
5	12	30
4	8	24
7	12	33
8	10	31
6	9	29
5	11	30
6	8	25
4	7	23
5	11	30
4	6	24
2	5	25
5	4	23
6	9	24
5	7	22
5	8	25
6	8	24
6	10	23
4	6	23
3	6	22
3	5	21
3	5	20
6	10	30
0	3	23
0	3	22
7	14	30
1	5	21
6	8	32
4	9	24
2	7	27
2	6	20
4	8	25
5	9	24
2	5	22
10	12	37
3	8	27
4	6	23
4	6	23
4	7	24
4	6	23
7	7	31
3	9	23
6	13	30
1	5	20
2	6	22
2	3	21
1	4	21
3	4	21
1	4	23
1	5	22
2	6	23
2	5	20
4	9	30
5	8	23
5	4	26
4	7	23
3	5	20
3	5	20
6	10	31
6	12	30
5	8	25
2	5	21
5	25	91
5	25	91
4	25	91
3	24	91
6	10	30
4	7	24
2	6	21
5	8	24
7	10	31
7	8	30
5	9	23
2	9	28
3	5	24
6	9	31
3	9	22
2	5	23
3	5	21
3	7	23
3	7	25
3	6	21
6	12	31
5	9	25
7	8	26
5	7	24
2	7	21
5	7	23
1	2	21
5	8	25
1	6	25
3	8	24
4	9	24
7	10	30
0	8	24
7	9	26
4	7	24
2	7	23
6	6	25
5	10	30
2	5	20
8	12	32
5	7	24
6	7	25
4	8	24
3	7	23
6	7	26
2	5	21
3	7	22
3	7	21
3	8	25
3	8	23
3	8	22
3	6	23
3	7	23
1	5	21
5	8	26
2	5	20
8	11	31
8	10	30
6	11	28
2	7	22
3	6	23
4	7	24
3	7	22
2	8	22
2	7	21
2	3	22
5	10	30
2	8	21
5	6	23
3	5	24
7	7	30
8	9	29
6	8	27
4	7	26
4	7	25
3	6	24
4	5	24
3	6	25
3	10	31
2	7	26
5	11	30
4	11	27
4	8	26
5	10	29
3	8	25
4	10	25
4	7	24
4	8	24
2	5	20
4	13	30
5	13	32
6	9	26
3	6	22
3	8	23
12	14	40
2	4	21
10	11	38
10	12	36
10	12	34
9	12	33
7	10	29
7	11	31
7	11	30
3	7	24
8	9	25
1	6	22
2	4	20
6	13	31
2	5	22
9	12	39
3	10	25
2	6	22
5	6	23
5	9	30
5	9	23
5	9	24
5	7	22
3	6	23
3	6	24
5	7	26
4	11	27
6	11	30
6	8	25
8	12	31
2	4	21
8	12	34
5	9	25
7	10	28
8	8	28
5	9	25
7	8	30
3	11	23
5	9	24
7	12	33
3	7	23
2	7	22
7	10	29
1	3	22
2	6	21
2	4	20
5	7	24
3	6	21
3	7	24
3	7	25
5	10	28
6	11	30
5	9	28
5	10	25
22	36	91
5	8	24
6	9	25
5	11	30
5	10	27
7	11	25
5	9	23
9	8	29
0	10	91
0	7	90
10	9	32
1	4	22
1	4	21
7	12	30
6	9	28
6	9	28
2	3	22
2	3	21
6	7	23
3	10	23
0	7	90
1	5	21
2	5	23
2	4	21
0	-1	91
2	5	21
3	4	20
3	4	22
6	11	28
3	7	22
5	11	32
3	5	24
1	3	23
2	7	24
1	4	22
1	3	20
1	3	21
8	11	31
6	11	27
5	8	24
4	9	23
6	10	34
5	9	30
9	13	38
7	8	28
5	8	30
7	10	32
7	10	34
6	9	32
4	5	20
2	8	24
3	7	22
6	13	34
4	9	22
6	9	25
6	8	24
3	11	26
3	9	25
4	9	27
8	10	29
0	7	91
0	8	91
4	6	25
5	9	25
8	10	30
5	8	25
5	8	24
5	12	30
5	10	24
5	7	23
4	8	24
6	8	26
5	7	26
7	13	30
2	8	22
4	6	21
6	7	25
4	7	22
3	6	24
5	8	26
2	5	22
7	9	25
6	13	30
5	11	32
4	9	27
5	8	23
10	12	29
5	8	24
2	6	22
2	6	24
1	5	20
8	11	31
6	7	23
9	11	27
3	6	23
4	7	24
3	7	25
5	8	25
7	8	26
5	7	25
8	12	32
9	11	30
9	9	35
2	4	22
4	7	22
3	6	22
6	7	24
9	11	31
1	5	22
2	10	25
4	8	23
8	9	28
2	5	23
7	11	30
4	8	23
8	12	30
9	11	31
4	7	23
8	11	27
8	11	30
8	10	26
2	5	22
0	4	22
4	7	22
7	11	33
5	10	26
6	10	24
5	9	24
2	7	23
2	6	21
2	6	21
7	12	30
8	11	30
11	14	37
13	14	37
11	15	36
8	13	30
2	10	23
2	9	22
1	4	22
3	7	22
1	3	21
1	6	21
11	15	35
2	9	24
6	7	26
4	8	25
3	7	24
2	7	23
2	7	23
2	5	22
2	5	21
0	7	90
4	7	22
8	16	36
4	8	23
2	8	21
6	9	25
6	11	25
6	10	26
4	9	26
3	6	23
5	8	24
3	5	21
4	8	23
2	4	22
2	6	22
6	8	24
0	4	22
4	12	31
5	8	24
9	10	31
11	13	33
8	12	32
7	11	30
8	10	28
6	8	25
5	9	25
6	15	33
2	4	21
6	7	23
4	6	22
2	6	24
3	5	23
3	5	22
3	7	21
2	7	24
2	5	24
2	6	21
2	6	21
4	8	25
3	8	23
0	5	22
4	7	23
5	5	22
3	6	22
3	6	21
6	14	32
5	8	25
6	8	25
6	9	24
3	6	25
4	8	26
3	6	24
3	7	23
3	6	22
2	6	21
3	7	23
7	9	26
6	10	28
5	35	90
10	17	37
7	9	25
3	6	21
1	8	22
6	6	23
9	12	31
5	10	27
1	4	21
1	2	20
4	8	22
2	8	24
1	5	22
2	4	22
0	5	21
2	4	21
5	8	26
1	4	22
6	9	26
6	10	27
5	11	28
5	8	25
6	10	25
7	8	28
6	6	26
2	5	22
2	8	22
1	7	20
2	6	20
6	9	26
2	7	23
5	6	22
4	8	23
7	9	24
7	8	25
11	11	34
3	7	21
5	11	30
3	8	22
3	8	23
4	11	24
6	12	32
4	11	25
4	6	22
4	10	25
7	10	26
4	7	26
4	6	22
0	20	91
3	5	21
3	5	22
9	10	29
7	10	29
2	5	21
4	11	22
2	8	24
5	9	25
3	5	21
5	8	22
2	4	26
7	9	24
2	5	22
7	12	28
1	5	22
7	9	32
4	7	21
4	8	22
3	6	23
10	10	35
9	8	32
8	8	32
9	7	30
6	9	27
6	10	30
4	7	25
9	11	32
4	12	33
6	10	23
4	10	30
9	9	33
5	7	27
7	7	26
3	3	22
2	4	21
2	4	20
3	5	21
6	10	29
5	12	34
6	6	30
4	6	24
3	7	21
4	6	22
3	5	22
2	5	21
1	4	21
1	3	20
6	9	24
5	14	32
2	5	20
5	6	23
3	7	22
4	10	25
4	8	21
4	8	30
3	7	22
3	9	24
9	12	32
5	9	30
5	7	26
4	8	23
3	8	24
6	13	32
5	9	26
5	7	23
5	10	26
3	9	24
3	8	24
3	8	25
0	10	90
0	10	89
4	9	22
4	9	23
4	9	24
5	9	24
7	15	33
5	10	25
2	6	25
4	5	22
7	12	31
8	11	29
9	12	31
11	14	34
11	14	34
10	14	33
10	14	34
9	14	31
8	13	31
9	11	28
10	11	27
4	8	23
2	5	21
2	7	23
2	6	22
12	15	36
4	12	31
8	11	29
4	6	22
2	6	20
3	7	22
2	6	22
1	6	20
8	12	26
8	11	27
2	6	24
5	9	31
8	9	28
1	5	22
0	2	21
2	12	24
7	11	30
7	6	25
3	9	22
1	7	21
5	11	30
4	9	25
3	7	23
2	7	22
1	8	22
2	7	21
8	14	34
9	13	32
6	13	30
7	13	31
4	7	25
4	7	25
3	8	24
4	9	23
3	7	23
5	8	24
2	3	20
5	7	25
2	6	21
2	6	22
5	10	23
2	8	24
4	9	24
2	9	25
6	7	25
6	7	25
1	2	23
4	9	26
5	8	24
2	7	20
2	5	20
2	4	20
4	4	23
4	7	25
3	6	24
4	7	26
2	6	21
5	9	25
8	8	30
8	9	27
5	10	24
6	8	31
0	11	90
0	8	90
3	6	24
2	7	22
1	7	20
2	7	20
6	10	28
6	9	24
3	7	22
4	6	22
4	4	23
3	6	23
2	6	23
2	6	21
2	6	21
1	5	20
3	5	24
3	5	23
2	6	22
3	5	20
3	7	23
2	6	23
2	5	21
8	10	30
7	7	23
2	7	21
1	4	23
7	12	32
3	6	21
9	11	29
3	7	24
2	10	24
4	8	24
2	5	20
2	5	23
3	5	23
3	5	22
3	5	23
6	11	27
3	6	23
3	6	25
7	8	24
5	10	28
3	8	24
5	9	24
4	10	25
3	9	24
4	8	23
5	6	24
6	8	25
3	7	25
2	10	26
2	4	21
11	8	39
2	5	21
1	5	21
5	10	30
3	4	25
3	9	22
3	8	22
3	6	22
3	6	21
4	7	22
4	7	21
10	10	32
6	7	27
1	4	22
3	7	22
3	7	21
4	9	25
0	3	24
3	6	23
5	7	25
5	8	26
2	5	20
6	8	24
4	9	29
3	5	24
4	5	25
3	5	26
2	5	22
3	8	27
4	9	27
2	8	25
2	8	24
4	8	24
4	8	23
3	8	22
3	6	24
3	6	22
9	10	35
11	11	36
8	9	31
9	8	32
9	9	30
13	10	38
6	12	32
2	5	24
1	3	21
0	3	90
4	7	24
0	6	22
0	6	23
1	6	23
2	5	20
7	11	39
10	9	37
8	9	33
8	8	34
7	7	32
7	7	31
7	8	33
5	6	27
7	8	30
6	6	26
6	8	27
5	7	25
5	7	23
5	8	24
5	12	31
6	11	26
4	10	25
4	10	26
3	9	25
4	10	25
3	6	22
3	6	21
3	7	25
5	9	26
3	6	22
2	5	22
2	7	21
6	8	24
4	7	23
3	9	24
4	8	24
2	8	23
4	7	24
10	10	31
6	9	23
4	7	24
5	7	23
5	8	30
6	10	26
3	6	25
8	10	28
4	9	25
5	11	30
4	8	24
6	12	33
2	8	24
5	9	26
3	10	27
4	5	22
8	11	30
1	7	22
2	8	22
5	10	30
2	6	22
4	7	24
3	5	23
3	5	23
2	5	22
7	10	28
3	9	24
2	10	23
7	10	25
3	3	21
1	10	24
6	7	27
5	10	24
5	8	24
0	10	90
8	10	33
7	10	33
6	9	31
6	8	27
3	7	21
10	12	35
3	7	30
6	5	30
3	6	21
6	10	26
8	13	30
1	5	21
2	31	90
8	11	31
6	7	23
5	6	23
7	11	27
5	7	22
3	9	23
2	5	21
6	10	32
4	7	27
4	7	23
3	8	24
6	11	31
4	8	24
6	10	30
5	9	28
5	9	30
6	8	26
6	8	25
1	4	21
4	11	31
2	3	21
8	11	32
4	5	20
2	4	22
5	7	22
7	9	31
5	6	25
5	7	27
4	6	24
6	8	32
9	14	34
6	8	24
7	10	32
3	7	23
4	8	23
3	8	22
2	8	22
3	6	20
0	10	91
0	8	90
0	9	90
6	9	24
6	12	28
5	7	24
5	7	22
5	8	23
0	2	22
0	3	22
2	5	22
2	6	24
1	5	23
0	39	90
6	9	26
8	10	28
7	9	26
7	8	25
4	10	31
0	11	91
7	9	26
5	7	23
10	14	36
2	6	23
2	5	21
4	10	24
6	9	27
6	10	30
1	4	23
2	5	24
4	7	24
5	7	24
4	6	23
2	9	22
4	5	23
0	11	90
0	13	91
2	6	21
7	7	25
8	9	27
7	9	28
6	11	27
5	7	26
5	8	25
5	6	24
3	9	23
8	10	27
10	15	39
9	14	35
15	17	43
12	18	44
11	17	39
10	15	37
12	14	42
10	16	37
11	16	38
10	14	40
11	13	40
2	6	20
4	11	26
10	11	32
1	7	23
2	7	21
2	4	25
1	6	22
3	4	21
4	9	24
4	9	22
4	10	24
2	8	22
3	7	23
5	13	25
0	12	91
0	7	90
3	8	23
7	10	26
6	9	25
1	3	20
3	7	23
2	4	22
6	9	26
1	6	24
2	6	24
3	7	24
4	9	24
3	8	24
6	9	30
5	11	30
5	9	24
4	10	27
6	13	33
3	9	25
3	7	23
8	12	30
4	7	23
2	6	22
3	22	91
8	10	32
8	9	26
3	7	21
7	14	32
6	8	27
4	6	22
3	8	23
4	9	23
2	5	22
4	7	23
4	8	21
8	15	32
3	7	26
10	9	33
7	7	25
7	10	28
8	9	26
8	10	28
7	9	27
7	11	30
7	9	26
6	12	31
6	11	27
2	4	23
2	4	22
3	5	23
4	6	24
3	9	23
6	10	26
3	9	23
5	15	31
8	12	34
1	4	20
7	12	30
11	12	35
3	8	23
6	13	32
0	8	91
3	6	25
2	7	24
3	6	22
2	8	23
2	7	22
8	11	27
8	11	26
5	8	25
1	4	20
4	8	25
3	6	23
1	5	21
2	5	20
4	6	23
5	9	25
6	8	26
3	7	23
1	10	23
2	9	24
4	9	26
8	11	33
9	10	31
9	9	31
11	9	35
7	5	25
4	6	26
4	5	24
3	6	23
5	6	24
4	6	23
4	6	24
3	8	25
3	6	22
2	6	22
8	13	31
8	10	27
4	9	24
0	5	23
6	11	33
8	11	31
2	4	22
1	4	23
6	11	26
8	12	34
8	13	38
8	12	36
6	11	36
8	13	36
7	10	32
8	12	35
8	11	34
8	8	34
5	9	29
4	10	30
6	11	26
4	8	23
6	9	23
5	8	26
4	8	24
4	5	22
7	9	32
2	6	20
7	10	31
2	8	23
7	12	33
5	10	31
3	7	25
1	5	22
3	7	24
2	6	22
3	7	24
4	9	25
5	10	24
5	9	24
2	5	22
10	13	37
10	13	33
9	17	38
7	12	30
4	5	22
7	9	27
3	7	23
3	7	22
4	7	24
1	5	22
6	12	35
3	6	21
3	10	22
6	16	32
7	13	31
6	11	31
3	9	25
5	9	24
4	8	23
4	8	23
7	11	30
3	8	21
10	10	30
8	10	26
6	9	27
11	12	34
6	13	32
11	14	36
5	9	28
8	11	31
7	12	33
8	8	28
8	9	27
10	12	39
6	10	31
13	18	43
11	-1	40
11	11	35
4	6	23
3	6	22
4	7	23
4	8	25
2	5	20
1	4	24
7	10	25
2	6	21
6	9	27
1	3	21
1	3	24
2	7	23
8	12	30
8	11	27
3	6	20
3	6	21
1	4	22
5	7	25
1	3	21
3	6	22
3	5	23
3	5	21
7	8	27
9	11	34
4	8	23
3	5	23
7	9	27
4	7	25
4	7	25
6	8	26
3	7	22
3	6	21
1	6	21
1	5	23
4	7	24
5	8	23
8	10	26
2	7	24
8	9	27
8	10	29
6	18	36
4	9	24
5	11	31
5	10	30
4	10	23
4	9	23
5	11	30
2	8	22
6	8	27
6	10	30
6	9	25
5	7	22
4	9	24
5	9	30
6	13	26
6	9	30
3	6	22
2	5	21
3	7	21
1	6	21
3	8	21
8	12	27
2	5	22
2	7	25
4	7	23
5	9	30
7	11	33
4	8	28
7	9	28
4	7	27
8	14	33
3	9	24
5	8	23
2	8	22
5	11	24
3	9	26
4	13	27
4	10	23
6	8	22
1	3	23
1	3	23
4	9	26
4	9	25
2	8	25
7	11	32
4	9	24
2	6	21
2	7	22
3	8	22
3	8	23
7	11	33
1	6	22
2	7	23
8	11	31
6	8	25
0	14	90
4	8	24
4	5	22
2	6	22
4	9	24
7	9	27
7	7	25
9	14	34
6	10	28
6	8	25
8	10	26
5	8	26
5	7	23
8	9	28
9	11	30
6	8	27
1	3	22
1	3	21
1	3	20
3	7	22
2	7	21
2	6	20
2	5	21
2	6	23
7	13	33
4	6	22
5	7	25
7	11	30
11	11	32
6	6	24
6	9	27
4	8	23
5	6	22
2	6	23
1	6	20
3	7	22
5	7	27
5	7	22
9	12	31
4	5	24
0	16	90
3	17	90
0	16	90
3	8	23
2	8	23
3	6	22
2	5	27
2	4	22
2	4	22
2	4	21
7	9	28
5	10	23
2	7	23
3	7	21
5	8	23
3	6	22
4	7	25
3	6	22
3	10	23
3	8	24
5	7	25
3	9	30
2	5	22
2	5	21
5	11	28
2	7	24
3	6	22
2	7	21
5	7	23
3	9	24
3	6	21
6	8	24
1	4	23
0	12	74
8	13	31
1	3	20
4	7	26
7	10	26
8	11	29
0	15	90
3	5	23
5	9	25
6	8	26
2	9	23
3	7	22
4	8	23
5	6	23
6	9	25
5	8	25
7	9	27
2	4	23
1	4	20
2	6	22
2	5	23
7	11	30
7	12	30
8	11	25
4	7	22
4	8	21
11	13	35
8	12	30
6	8	31
0	16	90
0	11	91
6	7	26
3	5	22
6	11	25
6	10	30
3	5	23
9	8	35
4	7	23
3	10	23
3	4	23
7	12	30
5	9	24
9	10	33
3	5	21
2	7	24
8	7	29
8	7	27
6	7	27
3	6	21
2	6	22
3	9	24
5	8	23
5	6	25
2	4	23
2	5	23
7	14	37
5	11	27
2	5	21
2	5	22
8	9	32
8	8	30
8	8	30
10	10	32
0	19	90
5	10	26
5	8	23
5	8	24
6	9	30
7	10	27
4	6	23
7	6	27
4	9	23
3	7	22
8	10	29
2	6	21
3	6	22
3	7	22
3	7	23
10	13	33
4	7	22
11	13	41
11	12	38
12	12	38
10	11	36
9	11	34
10	11	34
2	6	24
3	6	22
3	5	21
1	8	24
3	8	22
5	8	24
3	7	23
3	6	23
4	8	23
4	8	25
4	10	25
8	9	27
2	5	21
9	15	34
6	9	27
1	5	22
2	4	20
1	6	23
6	12	30
5	12	30
6	9	26
5	13	32
4	11	31
5	12	30
6	10	26
6	9	27
3	10	26
4	10	26
5	6	23
8	11	27
7	17	35
7	10	27
4	6	22
0	14	91
0	11	91
5	37	90
9	10	35
9	11	34
2	6	20
2	7	21
6	10	26
3	7	21
3	7	22
3	7	22
3	6	22
3	7	21
8	9	24
3	7	24
3	7	24
4	5	23
3	6	24
4	7	25
6	8	30
3	7	22
5	6	23
7	10	30
5	9	25
5	7	26
8	9	33
9	9	31
8	10	31
3	8	22
4	9	24
2	8	22
2	6	22
4	6	25
2	6	20
1	4	21
5	6	23
5	12	30
2	7	24
2	7	22
2	6	21
3	5	22
9	15	32
1	8	30
7	12	28
4	6	24
3	6	22
5	13	31
4	12	26
5	11	26
6	9	24
8	9	27
5	10	24
2	8	20
3	6	21
1	3	20
4	8	25
3	7	21
10	12	32
1	5	23
1	5	23
8	10	28
8	13	31
7	10	30
5	7	26
5	9	30
4	10	24
6	8	25
5	8	25
5	8	26
3	5	22
7	12	31
2	4	22
2	3	22
5	9	30
6	7	27
4	7	25
1	4	22
0	4	22
9	10	33
8	9	31
1	7	23
2	6	21
1	7	23
4	11	30
1	3	20
8	12	33
3	7	22
3	8	22
2	8	22
2	7	24
3	9	23
2	4	20
10	12	31
10	11	34
5	11	27
9	11	32
4	7	24
4	8	30
3	7	22
4	8	23
5	40	90
3	5	22
1	5	21
1	5	22
3	9	23
4	7	24
0	9	91
0	9	90
3	9	23
2	9	23
3	10	26
3	11	24
4	8	25
4	7	23
9	13	32
2	5	21
7	7	27
7	11	31
4	9	30
6	8	26
5	7	24
1	5	22
5	9	22
8	11	34
8	11	32
4	8	24
4	8	23
5	8	22
4	7	24
2	8	25
2	7	24
2	7	23
2	6	23
2	6	21
4	10	31
1	4	21
3	8	23
9	7	32
2	6	20
7	8	25
5	7	21
1	9	20
2	7	20
4	10	22
2	5	22
5	7	23
4	7	22
2	6	22
6	12	27
0	5	21
5	9	27
5	12	30
5	9	24
6	11	29
6	10	30
6	12	31
11	13	33
5	6	26
3	9	23
7	10	32
5	7	24
6	8	23
8	11	32
6	9	25
8	12	30
5	10	27
6	7	25
3	13	26
3	8	23
5	12	32
7	12	28
4	10	27
5	9	24
4	13	31
2	9	22
5	9	22
1	3	23
0	4	23
1	4	23
6	6	23
9	12	33
10	11	30
6	8	28
8	11	30
5	10	25
4	7	24
5	8	25
4	8	26
8	11	30
8	11	31
7	10	29
6	10	27
4	9	27
7	9	31
0	8	74
0	3	21
8	11	29
10	11	32
10	10	29
4	7	23
7	12	31
7	11	30
2	7	21
7	10	30
4	7	22
7	11	31
11	13	37
1	7	21
7	15	33
8	13	33
2	6	20
4	8	26
7	9	29
1	8	22
4	7	23
8	12	31
6	9	31
7	9	27
8	11	31
3	5	22
0	3	21
8	11	28
5	9	27
2	5	21
5	7	24
4	6	25
2	6	23
0	12	91
0	12	91
2	5	20
4	7	25
8	9	31
3	6	25
3	5	23
2	5	23
3	7	24
0	3	22
0	2	22
0	3	23
4	8	30
3	6	26
3	7	21
6	9	26
9	12	29
5	10	27
5	5	23
5	9	30
8	13	31
3	4	22
8	15	34
6	13	27
6	7	25
7	7	26
4	7	25
4	10	26
3	6	21
3	6	20
3	9	23
4	7	22
3	6	21
1	5	22
5	12	30
2	4	23
4	6	22
3	5	21
8	8	28
6	7	28
6	13	32
5	9	27
3	8	22
9	8	30
10	8	34
3	5	22
2	6	20
9	13	32
5	7	24
7	9	28
5	8	23
5	6	22
4	5	24
2	3	22
1	4	21
4	4	24
4	6	22
2	7	22
10	15	42
4	8	25
4	9	23
3	9	22
6	7	25
3	6	23
6	9	26
3	4	22
4	7	22
4	7	23
7	5	28
2	5	25
6	10	25
4	21	91
3	6	23
2	6	21
7	9	30
2	3	22
5	13	31
2	4	22
2	9	24
4	5	24
0	2	20
1	4	23
0	3	22
3	5	21
3	6	23
2	5	22
2	4	25
10	14	39
5	10	28
4	6	25
10	15	47
5	8	25
5	8	23
6	13	31
4	11	32
3	5	22
0	8	90
8	10	31
4	7	26
2	3	22
5	10	27
7	11	32
6	5	25
2	6	20
9	11	32
9	12	33
9	12	34
8	10	35
7	9	29
10	9	35
8	8	32
2	8	24
2	4	20
4	7	23
3	4	22
3	4	21
10	13	37
9	13	34
9	13	32
8	11	31
10	12	37
8	12	34
11	11	34
8	11	31
7	9	30
8	11	29
3	5	23
4	7	23
8	9	27
3	8	24
3	7	23
5	9	25
3	8	22
4	8	23
12	10	37
5	11	32
7	8	34
0	24	90
4	9	23
3	7	21
5	8	21
5	8	22
6	7	24
2	6	21
3	7	31
5	8	24
4	7	23
2	5	21
1	13	90
2	17	91
2	3	22
4	10	31
4	7	22
10	12	34
10	10	32
7	11	32
8	11	30
6	11	30
6	9	26
2	7	21
4	7	23
6	9	31
3	20	90
6	10	29
5	9	27
2	7	22
2	6	22
2	6	21
1	5	20
1	2	21
1	2	22
3	6	22
5	13	31
5	5	26
4	7	25
5	6	23
1	5	23
1	4	22
1	4	21
0	3	20
2	5	20
0	4	23
3	4	24
7	13	31
2	8	23
7	8	30
7	12	26
0	20	90
2	4	20
10	13	35
11	15	37
9	12	30
10	15	34
9	13	29
4	9	24
3	6	23
5	6	22
4	8	24
10	16	36
4	5	23
2	8	30
4	9	23
1	4	22
4	8	24
4	7	25
6	9	25
9	13	34
3	1	30
2	32	90
14	32	90
7	12	28
2	6	23
6	9	30
1	4	21
6	14	31
5	10	26
4	8	23
4	8	23
3	6	21
4	7	23
4	6	22
3	6	21
3	5	24
3	6	22
2	8	24
3	6	23
5	7	22
3	5	21
1	4	21
9	13	38
11	15	38
6	9	28
6	8	24
5	8	24
2	4	21
9	21	90
2	7	21
4	7	21
7	10	29
5	8	26
2	8	23
7	9	27
4	12	25
4	11	28
4	12	24
4	8	24
4	9	24
3	9	25
3	7	22
2	8	22
3	10	25
4	8	24
8	16	36
5	10	26
5	8	23
3	6	22
4	7	22
2	6	21
5	10	27
5	10	26
4	9	24
0	6	91
11	12	38
8	12	35
3	7	21
4	6	21
3	6	22
10	14	32
8	12	38
2	7	20
3	7	25
5	8	24
6	8	25
6	6	25
3	8	21
7	14	32
5	12	30
5	10	27
5	11	31
4	13	30
4	12	25
4	11	27
4	11	26
7	11	32
3	9	24
3	10	25
4	9	26
3	10	25
5	8	25
4	9	24
4	6	24
3	11	25
4	9	24
5	8	23
4	9	25
4	8	25
3	8	23
4	8	26
3	6	22
2	6	22
3	4	21
4	12	30
3	9	25
4	32	90
4	8	24
5	10	24
5	8	23
6	8	23
8	11	32
6	12	31
5	11	29
3	10	27
5	10	32
7	9	30
6	7	26
8	11	32
7	10	27
0	5	21
2	6	23
2	7	20
1	-1	90
6	8	24
7	9	25
6	12	30
6	12	26
2	3	22
8	9	33
5	14	28
5	9	27
4	7	23
2	5	21
8	14	34
4	12	34
2	7	22
1	6	21
2	6	20
1	-1	89
3	8	23
2	7	23
8	13	35
4	6	28
2	10	26
3	9	25
2	8	25
2	9	24
2	8	24
2	7	23
2	6	22
8	10	26
5	7	26
1	7	20
5	9	29
6	9	29
7	8	27
6	7	26
6	8	26
7	8	25
5	7	25
5	8	24
4	7	25
4	8	24
5	6	30
0	2	20
2	9	22
2	8	22
8	12	34
8	10	34
7	10	28
6	7	29
9	12	32
7	10	28
7	10	26
8	13	30
8	12	30
6	10	30
6	9	26
6	9	24
3	9	24
2	7	21
7	13	31
3	6	21
3	7	23
3	6	26
6	10	24
7	10	30
4	7	23
12	13	37
8	10	29
11	12	37
7	11	29
8	8	29
8	14	34
7	8	27
3	7	21
3	9	22
2	6	22
0	4	21
5	8	25
1	4	21
4	6	31
4	9	25
6	9	26
6	8	24
6	7	24
5	8	23
3	7	25
9	13	30
1	12	89
8	9	27
6	8	24
10	14	36
2	7	21
2	7	23
7	10	27
6	10	30
5	8	25
9	13	35
5	13	33
7	10	27
7	10	26
8	15	30
5	7	25
7	12	31
5	6	23
5	8	27
5	8	25
5	7	24
3	7	20
8	9	26
6	11	27
1	4	22
0	7	90
0	7	91
5	10	25
3	7	23
2	7	22
6	9	30
4	9	25
2	7	22
2	7	21
8	12	28
4	7	24
2	6	22
2	7	21
5	8	26
5	7	30
5	11	24
2	7	24
9	13	33
2	8	21
5	8	25
3	6	22
3	6	23
5	11	25
3	8	23
4	7	23
9	13	30
12	17	38
9	13	34
4	6	22
4	10	26
4	8	23
7	7	24
5	13	32
6	11	26
8	13	31
9	16	35
9	10	36
9	11	38
9	11	36
8	11	30
3	10	25
2	9	24
3	7	26
3	7	24
7	12	27
8	9	27
5	9	30
5	9	25
2	5	23
2	4	20
3	7	23
4	7	21
4	7	23
3	6	22
3	6	21
1	5	22
2	6	22
3	8	22
2	6	22
4	9	23
3	8	24
6	11	28
14	19	42
0	9	91
0	11	89
4	8	24
6	9	27
6	11	30
5	10	28
6	13	32
6	12	32
4	6	22
4	6	21
4	9	27
3	6	23
8	16	32
3	6	23
4	9	24
7	11	31
5	7	22
2	6	21
8	13	34
12	16	38
11	13	36
6	7	23
6	9	26
3	6	21
3	7	23
0	4	22
2	7	23
2	6	22
10	13	31
4	5	30
7	10	27
6	8	25
0	3	20
3	7	21
5	13	30
4	8	24
3	6	22
4	8	21
6	10	31
7	12	32
4	8	22
3	7	23
3	5	21
6	9	27
6	8	22
6	11	33
8	11	28
11	11	31
3	8	24
0	7	90
4	9	25
4	8	23
2	8	25
10	13	34
8	13	30
8	9	32
10	13	35
6	10	30
5	9	25
7	10	25
4	5	23
4	4	23
3	7	22
3	7	23
1	7	24
2	8	23
2	7	23
2	5	21
2	6	20
10	13	37
8	10	28
3	7	23
7	10	30
6	7	25
6	12	32
6	9	25
4	12	33
6	10	26
5	10	31
4	10	23
3	8	24
2	8	23
4	7	23
3	9	23
9	13	33
3	7	23
7	13	30
5	10	26
5	8	25
1	3	21
4	9	30
6	9	27
6	9	27
3	8	23
2	6	21
3	7	23
2	6	20
3	7	24
2	8	23
2	8	24
3	5	23
2	6	24
3	38	90
5	37	91
5	10	30
5	11	30
4	10	28
2	7	24
3	6	21
3	6	20
2	7	21
2	5	20
2	4	21
6	7	21
0	21	89
0	9	91
2	18	90
2	5	23
3	7	22
3	8	21
2	5	23
1	6	21
3	7	22
3	7	21
10	11	32
9	14	35
8	11	27
8	12	28
8	9	27
3	8	23
6	9	27
8	9	35
4	6	23
8	10	28
6	12	33
8	13	31
5	7	27
7	11	31
5	11	25
4	7	23
3	6	23
6	13	34
6	13	31
4	7	25
8	12	30
6	9	27
6	8	26
5	10	26
5	9	25
7	11	30
7	10	27
7	11	28
9	11	33
10	14	37
9	12	36
8	11	35
5	8	30
9	10	28
4	10	26
2	7	22
3	8	21
9	8	30
1	8	22
1	7	21
5	10	26
6	12	29
9	10	31
8	11	31
7	10	28
6	9	27
8	11	28
8	12	27
2	5	20
1	5	31
3	8	21
7	14	30
7	9	25
4	13	31
2	4	21
7	11	33
3	5	21
6	7	24
4	12	24
7	11	26
2	8	22
6	8	25
3	7	21
5	7	21
4	7	25
5	8	24
2	3	21
4	8	22
2	8	23
9	10	26
3	9	24
8	9	31
7	14	34
4	11	30
7	9	30
1	4	22
5	12	32
4	7	22
8	14	29
9	12	30
1	4	23
2	5	31
5	7	22
1	6	21
8	15	31
0	11	90
0	9	90
8	13	30
7	13	31
4	8	23
8	13	32
3	6	23
2	7	21
2	9	23
2	6	22
6	13	33
7	9	24
8	9	27
5	8	24
5	13	30
5	6	24
4	8	24
6	7	30
3	9	22
10	13	40
10	10	32
10	12	35
9	11	31
8	11	33
7	9	29
3	6	22
1	3	22
3	5	22
2	5	21
6	11	27
0	3	22
5	7	26
3	8	21
9	13	30
4	8	23
3	7	24
4	8	24
5	8	23
2	5	22
7	8	30
1	7	21
4	7	25
4	8	24
4	8	25
4	8	24
4	9	23
4	7	21
5	8	26
7	13	30
6	8	24
4	9	30
3	6	22
7	7	34
4	7	23
8	12	28
4	8	23
7	11	28
3	6	21
3	7	23
5	8	25
5	8	25
9	12	31
7	11	28
7	8	25
3	5	22
1	5	22
1	5	25
9	10	27
7	11	30
2	6	22
4	7	25
1	25	91
3	12	25
3	10	24
7	11	30
9	10	28
5	13	31
6	9	25
5	6	24
7	12	32
3	8	22
5	9	26
1	7	21
7	8	25
5	8	28
9	11	30
7	10	26
2	7	24
7	8	26
2	8	23
8	9	33
5	11	28
6	9	26
6	10	24
1	5	21
4	7	23
2	5	21
1	6	20
7	9	30
5	6	23
5	11	25
5	8	29
1	6	21
5	7	24
3	10	22
6	14	30
5	9	25
8	14	31
0	40	91
3	6	23
3	7	24
3	8	25
5	11	26
4	7	23
6	8	25
8	11	31
7	12	31
4	5	23
5	7	24
4	7	25
1	4	21
0	16	91
1	16	91
3	5	21
5	8	26
4	8	25
4	8	25
2	7	23
6	8	27
6	9	26
1	4	23
7	10	27
4	24	91
0	7	91
9	13	34
0	8	90
13	15	37
4	8	23
2	7	22
8	13	31
4	7	25
10	8	35
4	37	91
3	7	21
1	7	20
8	12	29
6	9	23
6	10	31
5	12	27
3	10	28
1	5	22
2	8	24
4	12	25
4	8	23
4	9	24
5	8	24
5	9	28
4	8	24
4	9	23
6	13	32
8	12	34
9	13	32
4	6	23
3	10	25
7	14	32
6	14	33
7	9	30
6	9	26
6	7	26
6	10	25
3	8	23
2	7	22
8	10	28
1	7	22
0	6	90
2	7	22
6	10	27
3	7	23
3	7	21
4	9	24
4	8	21
9	11	34
6	9	30
5	8	22
8	11	27
6	9	28
3	8	23
2	5	23
2	6	22
7	10	29
6	9	32
7	12	32
6	13	30
3	9	23
3	8	24
4	7	22
5	8	26
4	9	23
7	10	30
4	8	24
4	7	23
5	7	23
3	6	24
4	6	24
3	9	23
2	8	22
4	12	31
2	8	22
2	7	22
5	10	26
3	8	22
3	7	27
2	7	23
3	6	24
3	7	25
3	8	26
4	7	26
3	5	23
4	6	30
4	5	23
3	5	23
3	6	26
2	4	21
5	12	31
0	5	20
2	4	24
6	7	27
8	11	28
10	16	35
0	10	91
0	15	90
8	13	33
5	9	23
4	9	24
3	8	24
9	8	31
6	8	31
2	4	24
4	5	22
1	5	21
3	11	22
3	9	27
3	6	22
4	7	24
3	6	23
3	7	24
3	8	23
5	10	25
6	11	31
6	13	36
5	13	28
5	12	30
4	11	26
5	11	25
5	11	26
7	9	26
2	8	20
2	4	20
5	8	25
7	10	30
7	11	31
6	11	30
8	10	28
4	8	30
2	5	21
3	6	23
2	9	22
4	8	24
4	8	23
5	10	30
4	8	24
3	8	25
6	9	32
4	5	22
3	9	22
6	10	30
4	7	25
5	8	25
3	7	23
2	6	22
3	3	22
4	7	21
5	7	24
6	9	24
4	8	22
2	8	23
6	11	27
7	6	28
3	8	22
4	8	24
9	12	36
9	12	34
5	8	23
6	9	27
10	11	31
6	14	31
2	7	21
4	6	22
4	8	25
5	8	23
4	9	24
3	6	22
4	6	24
3	6	22
7	10	25
5	8	28
2	6	21
4	9	26
5	7	24
4	7	24
4	10	26
4	7	24
7	11	27
6	9	25
5	9	24
5	12	28
6	11	28
6	11	27
7	11	28
6	10	28
4	10	27
3	8	22
3	9	24
6	6	23
8	12	32
9	14	35
8	12	32
6	11	30
8	12	32
8	10	31
7	12	34
7	11	32
7	12	33
6	9	30
8	11	31
6	9	29
0	9	91
4	6	21
4	8	23
1	4	20
4	6	21
6	9	25
8	9	27
6	8	26
1	4	20
4	8	22
3	7	21
0	4	21
6	10	28
5	10	26
6	9	28
3	6	23
3	6	22
5	8	26
5	7	25
3	6	21
5	8	24
3	32	88
5	8	22
3	7	22
5	8	26
4	10	25
6	9	27
5	8	26
6	12	30
3	8	23
6	10	25
3	5	21
1	4	22
4	9	26
9	8	34
6	8	26
3	6	23
3	6	24
3	6	24
4	10	25
4	9	26
1	5	21
5	8	27
6	12	33
5	10	28
5	11	30
6	11	32
5	11	26
6	12	30
2	8	25
7	8	26
4	6	23
8	11	33
4	8	23
1	3	23
2	7	21
4	9	22
2	7	22
0	14	91
1	5	20
3	6	22
4	7	22
2	2	21
3	8	24
4	8	23
3	7	22
8	11	31
3	7	21
2	7	22
9	12	31
4	7	22
5	10	31
5	8	31
7	10	24
8	12	29
4	10	25
6	9	28
6	9	32
5	8	22
2	6	23
2	5	21
4	9	24
9	15	33
7	11	27
9	13	30
10	13	29
5	8	24
4	8	22
4	9	22
3	5	21
5	9	24
4	8	22
5	6	24
3	9	22
4	10	24
1	20	90
5	9	24
3	5	21
3	7	23
4	7	22
1	3	21
2	5	21
3	8	22
6	10	30
1	3	20
1	3	20
3	6	23
2	4	22
6	11	33
3	4	26
8	13	33
3	6	22
2	8	24
5	9	25
5	10	30
5	8	26
5	8	25
2	10	27
5	10	30
4	7	27
4	7	26
3	4	22
2	4	21
3	8	23
3	5	24
0	10	78
0	7	78
1	4	21
8	13	35
4	8	25
2	5	24
4	6	22
0	8	90
4	9	23
6	9	31
2	8	25
3	10	23
0	4	21
5	8	25
3	6	22
2	5	22
6	8	29
7	8	35
9	11	37
0	7	91
0	9	90
0	23	90
4	5	23
2	4	21
6	9	27
3	6	27
8	12	32
8	13	32
8	13	32
1	3	21
3	4	23
2	5	24
3	4	22
1	8	22
4	13	30
2	10	26
3	10	25
7	6	25
1	4	22
5	8	24
5	10	25
3	8	23
3	7	23
4	8	23
2	4	23
2	5	23
2	5	21
2	4	22
9	14	33
11	14	35
7	7	27
4	9	27
1	9	48
5	9	25
5	7	25
3	8	24
4	7	25
5	8	22
2	7	23
3	5	23
6	10	24
3	7	25
4	8	24
4	10	24
6	11	32
7	10	32
5	10	27
6	9	27
6	10	27
5	12	25
0	7	90
3	9	30
2	7	21
1	4	22
3	6	21
4	11	30
2	4	20
6	26	90
3	24	90
4	25	90
7	24	90
1	25	90
4	23	84
4	25	84
0	4	21
0	4	20
5	7	27
5	7	22
5	8	23
5	7	30
6	6	31
8	10	32
7	10	28
8	10	28
7	8	25
6	6	30
3	5	20
1	6	20
4	10	26
3	5	25
5	8	23
5	7	22
5	7	21
4	7	23
5	9	26
3	6	21
3	5	20
3	5	22
3	6	22
8	11	32
3	6	22
10	38	90
7	11	32
0	10	91
0	12	91
4	8	25
5	7	26
5	13	30
3	8	22
5	8	27
6	9	27
6	8	25
5	13	30
5	8	25
5	8	25
3	6	22
6	8	24
0	37	90
0	36	90
6	12	31
6	12	27
1	21	90
4	7	23
2	4	21
4	9	24
1	6	20
3	9	24
4	8	22
2	8	23
1	8	22
3	8	24
2	9	23
1	7	21
2	5	23
2	4	20
5	9	31
11	18	37
10	17	36
3	5	21
5	8	22
4	9	24
2	7	26
7	12	34
3	5	22
3	5	20
2	5	21
2	5	20
2	6	24
3	9	23
5	10	31
7	10	26
6	10	27
3	5	23
3	6	22
4	6	23
4	10	30
7	9	31
2	6	22
4	7	23
7	9	26
3	8	21
6	9	26
7	12	34
4	12	26
7	12	31
6	9	25
6	7	23
2	6	21
0	10	90
2	6	21
6	12	31
1	3	21
3	6	20
2	6	21
2	6	21
5	8	24
4	8	25
9	10	33
9	11	30
2	6	21
1	6	21
2	4	23
4	8	25
9	10	31
5	7	24
5	13	32
6	11	30
0	6	21
9	13	32
10	13	32
3	6	22
3	4	21
2	4	26
2	6	21
2	6	20
4	5	21
2	4	21
3	6	23
9	9	25
1	5	22
3	7	23
2	5	22
3	5	21
4	11	32
6	10	31
4	7	25
4	4	25
4	6	22
8	7	32
2	6	22
6	8	24
4	8	24
6	8	28
6	8	29
2	6	23
5	5	23
4	8	24
2	7	21
6	8	32
9	11	32
3	6	22
2	6	21
1	3	21
3	6	23
5	9	32
4	10	30
1	5	20
1	5	21
6	8	26
2	5	22
3	6	23
6	10	27
5	8	26
3	7	24
4	8	24
4	8	23
3	10	26
2	9	23
0	5	20
7	12	30
9	13	31
4	3	27
3	9	30
7	13	33
6	9	30
5	8	29
5	8	28
6	13	33
5	11	25
1	4	21
7	9	32
7	8	34
0	4	91
0	11	91
1	4	21
4	8	23
8	7	30
5	6	25
1	8	22
9	8	31
8	8	28
6	10	31
6	9	31
2	7	24
2	7	23
6	10	26
3	7	23
3	5	22
5	5	24
6	8	23
3	6	22
0	12	90
1	10	91
8	9	27
2	6	22
4	9	31
4	5	25
3	5	22
4	9	25
4	10	27
4	7	25
3	10	28
2	7	23
4	10	26
2	7	23
7	8	30
4	8	24
5	7	24
1	5	21
7	11	31
4	8	23
4	7	21
0	18	90
8	10	31
5	7	23
3	10	22
3	6	21
1	28	90
0	26	90
6	11	32
2	5	21
5	8	25
4	8	22
1	2	23
2	6	22
1	1	21
3	7	22
6	9	30
3	5	21
3	5	21
8	9	28
3	7	25
5	11	24
3	7	22
2	7	22
2	6	20
3	8	23
3	8	22
3	7	21
3	8	22
2	11	24
2	11	23
7	40	90
7	12	30
4	9	26
6	9	25
3	4	22
3	6	22
3	7	23
4	6	22
2	6	20
3	3	21
9	15	36
5	7	25
2	6	21
2	4	20
2	4	22
7	10	30
8	10	30
3	5	22
4	9	22
4	11	31
4	8	24
5	8	25
4	8	22
3	6	23
3	7	21
5	5	23
3	5	25
8	12	31
4	10	25
5	9	30
4	7	25
5	7	25
1	5	21
6	8	23
2	7	21
9	14	34
4	7	25
4	7	22
4	7	24
2	7	23
4	10	25
4	10	25
6	10	30
5	11	26
3	7	24
4	8	25
9	12	32
5	13	31
7	12	32
7	12	35
7	11	27
7	11	33
3	5	22
5	9	24
12	15	40
12	13	38
0	10	89
4	7	22
3	10	25
6	11	29
0	11	91
0	10	91
4	9	26
0	6	90
0	6	90
3	8	23
0	6	90
2	6	21
7	15	32
3	9	24
3	7	22
2	10	26
4	9	24
4	9	23
4	7	22
3	8	23
4	7	22
3	9	24
2	6	20
6	9	27
2	5	21
2	6	24
10	14	35
8	14	31
5	8	24
9	8	27
5	8	24
10	13	31
9	13	31
9	12	30
8	6	30
2	8	23
6	7	24
2	4	21
1	5	21
3	6	22
5	11	30
4	11	30
4	14	31
2	7	21
7	11	28
4	6	24
4	5	24
3	5	23
3	5	23
5	13	26
7	9	28
8	8	30
7	14	33
7	12	35
7	11	31
6	10	29
5	7	27
10	12	41
1	3	20
3	7	22
4	5	23
2	8	24
1	6	21
2	6	21
3	7	22
12	12	35
3	6	27
3	7	21
1	7	21
5	9	26
8	10	28
5	10	25
6	9	24
10	15	33
2	4	20
7	10	31
5	9	23
4	12	30
6	8	26
6	11	29
4	9	25
3	5	24
4	14	30
4	7	23
5	6	23
3	6	22
4	8	22
6	10	25
6	10	26
1	6	22
4	5	23
5	9	23
3	6	24
2	7	22
2	7	21
2	7	21
5	7	24
7	11	31
7	14	35
4	9	24
0	27	91
2	5	20
3	7	22
8	15	32
6	13	31
9	11	32
6	8	27
1	5	21
2	5	20
9	12	33
7	11	28
6	5	28
11	15	35
5	11	31
4	8	26
5	8	26
4	8	23
3	9	23
3	7	22
3	6	24
3	6	21
4	8	23
4	8	23
4	6	24
6	10	32
3	6	22
2	6	22
3	7	23
2	7	22
3	7	24
8	10	30
5	10	26
3	8	22
5	6	25
7	12	33
7	13	31
5	10	30
2	5	21
4	8	27
5	7	24
3	6	24
2	5	21
3	7	23
3	6	22
5	7	27
9	10	34
10	13	33
10	14	34
9	16	34
7	10	29
10	14	35
10	13	31
5	8	24
4	7	24
4	8	22
4	10	24
3	7	23
6	8	25
2	7	21
7	13	33
8	13	35
5	7	25
2	7	23
3	5	20
5	8	24
6	8	25
3	8	23
3	8	24
3	8	23
4	4	22
2	7	24
2	6	22
9	13	32
4	7	22
2	7	22
7	9	26
3	8	25
5	11	31
1	5	20
5	9	30
4	8	24
6	9	30
5	9	24
5	7	24
4	12	31
3	7	23
6	10	30
6	9	31
5	8	26
6	8	27
8	13	30
4	8	32
8	12	28
1	8	25
6	10	33
6	11	34
11	10	37
4	8	23
10	12	31
0	9	89
6	9	23
4	5	22
0	2	21
7	12	31
4	8	25
6	8	27
5	11	28
0	4	21
1	7	23
6	7	26
4	7	23
6	11	32
2	5	21
2	7	23
1	6	21
7	10	32
7	10	27
4	5	23
3	5	21
2	6	20
5	9	27
9	13	36
8	8	28
9	9	30
5	11	30
9	6	30
11	6	31
5	8	24
3	5	21
7	9	27
7	8	27
3	10	24
4	8	23
6	8	24
5	8	24
5	10	25
4	11	24
3	9	25
9	9	33
3	5	22
4	6	24
2	5	25
9	12	37
5	10	27
5	9	27
4	10	26
2	5	22
4	7	21
7	13	34
4	12	31
5	9	26
6	8	31
5	8	21
3	7	23
3	6	23
8	15	37
5	11	30
0	4	20
1	4	22
8	7	26
3	8	31
5	8	26
2	3	21
7	9	26
3	6	21
1	5	23
6	10	32
8	9	34
9	10	30
7	8	27
9	13	36
5	9	29
4	8	26
4	8	22
7	9	30
2	8	23
7	7	22
4	8	25
5	9	24
4	7	23
3	5	23
4	6	25
4	9	26
6	9	29
9	12	31
6	5	25
4	5	23
4	6	23
4	6	21
4	8	23
4	7	23
3	7	24
0	12	91
0	15	91
3	6	23
3	6	22
3	5	21
6	11	29
3	12	30
3	7	21
1	6	90
0	6	88
5	8	26
4	10	30
1	5	21
4	8	21
3	7	22
8	10	30
9	12	35
3	5	24
4	9	30
3	7	24
3	7	22
2	5	20
4	7	21
7	9	31
4	9	31
3	-1	91
2	7	21
3	9	24
3	7	24
2	7	23
0	7	91
0	12	90
3	7	24
0	2	22
3	7	24
3	6	21
3	5	21
4	9	23
4	8	22
3	8	21
5	7	25
2	6	24
2	6	23
7	10	31
8	9	29
7	10	32
8	10	29
3	7	25
3	8	24
4	8	23
3	9	24
3	6	22
7	8	25
7	8	28
4	5	24
7	10	28
2	6	22
3	10	26
2	7	22
3	9	25
4	11	25
4	11	24
4	8	23
3	8	22
5	5	23
7	8	25
5	7	25
5	7	26
5	11	30
4	7	22
5	12	30
4	6	24
7	7	26
4	9	24
4	8	22
4	8	22
4	8	23
3	9	23
6	14	27
0	10	90
0	7	90
5	7	23
2	6	21
1	7	22
10	8	29
10	10	33
11	9	33
4	6	21
5	7	27
7	9	27
3	4	21
3	5	23
6	8	26
8	13	35
1	4	23
7	14	32
0	28	89
6	12	31
7	16	36
2	8	21
3	5	22
10	13	31
9	15	33
3	8	22
2	5	21
2	5	20
4	8	23
5	6	25
3	8	23
4	7	25
0	13	88
3	4	21
4	9	24
3	5	22
10	12	32
3	7	21
2	8	22
5	10	24
6	12	33
4	10	26
5	10	25
4	9	25
3	7	24
3	8	23
3	8	23
3	8	23
1	7	22
2	12	24
7	10	30
6	12	31
1	4	20
7	9	28
0	17	91
3	6	22
4	6	21
5	7	23
4	6	22
9	13	32
8	12	31
6	13	27
5	13	29
6	10	24
1	5	21
2	6	22
3	9	26
2	7	23
3	6	23
0	3	65
3	8	25
8	12	31
7	10	29
5	8	25
5	6	23
4	8	25
5	9	23
3	5	24
2	7	21
3	6	22
8	7	29
6	8	31
11	13	37
6	8	26
5	3	29
4	8	23
4	8	22
4	10	24
2	11	22
6	12	28
1	6	25
0	13	90
0	11	90
4	7	22
3	8	23
5	8	30
4	6	24
5	7	25
6	13	33
3	6	21
2	5	21
3	8	23
3	9	22
3	6	22
9	10	30
2	5	22
4	7	25
4	8	22
4	7	21
3	6	22
1	6	20
2	5	21
11	10	35
2	7	23
3	5	22
5	9	24
2	5	21
8	10	33
3	6	22
3	8	22
8	9	26
3	7	20
2	7	21
2	6	22
5	12	31
7	12	32
6	9	25
4	8	24
5	9	29
2	7	20
2	8	21
8	12	35
5	12	30
6	12	32
9	15	36
8	10	31
9	11	32
6	8	25
4	7	24
2	7	25
9	13	32
23	28	90
5	9	25
5	11	32
7	11	27
6	10	24
6	10	24
4	10	25
3	7	24
3	8	24
2	6	23
2	6	20
3	6	21
3	6	22
4	5	22
3	7	22
2	7	21
7	11	30
1	4	21
3	6	24
4	7	22
2	4	21
8	12	33
2	6	25
1	4	21
2	5	21
3	5	24
3	4	21
0	3	20
6	8	25
6	9	30
5	11	30
7	8	27
7	7	25
8	13	33
6	12	32
5	11	30
4	8	25
4	8	26
5	8	24
3	9	24
0	7	21
0	8	91
0	9	91
2	6	22
1	6	21
8	11	29
8	10	27
3	7	21
2	6	22
2	4	21
3	7	22
0	3	20
6	9	30
9	11	30
5	7	27
10	15	35
11	15	38
10	13	34
3	6	21
2	4	20
5	7	25
6	13	30
4	8	24
8	10	34
9	11	36
7	10	29
2	4	20
7	13	30
7	9	27
0	18	90
7	11	26
8	12	33
5	7	25
4	7	24
5	7	25
2	4	21
3	7	22
2	5	22
3	7	22
2	5	23
3	5	22
4	7	24
3	9	27
3	8	26
4	8	24
2	5	22
2	4	22
5	7	23
4	8	25
7	9	25
0	4	23
5	7	24
5	12	32
3	7	24
6	10	29
5	8	26
7	11	31
4	8	26
4	6	26
5	14	32
0	3	35
9	12	34
5	5	23
6	10	26
6	9	24
5	5	26
5	11	31
8	10	30
6	8	32
5	8	22
7	10	31
4	7	26
3	5	21
1	11	25
2	5	21
1	5	20
4	7	24
3	6	24
3	6	23
3	6	22
8	17	37
0	4	21
0	4	91
4	7	22
7	9	26
2	5	20
3	9	22
4	6	24
4	8	22
3	7	22
5	9	26
2	10	25
5	7	22
3	7	21
2	3	22
3	8	22
6	7	32
7	7	32
7	9	30
3	7	23
1	5	22
1	5	23
0	4	21
0	5	20
5	9	24
3	8	22
3	6	22
3	6	21
4	7	23
3	5	22
9	14	36
3	6	20
3	5	22
2	6	21
2	6	22
5	11	25
2	4	22
7	11	27
9	8	31
2	5	21
4	8	23
3	8	23
4	6	31
4	10	30
2	6	22
5	6	25
1	5	21
7	12	37
1	4	21
2	5	22
4	9	25
5	8	30
5	10	25
4	9	25
4	9	31
4	9	25
4	6	25
3	7	24
3	8	24
2	6	24
2	4	22
7	11	26
8	8	27
5	7	22
5	7	22
4	6	22
4	6	22
6	9	24
3	7	21
6	7	30
4	8	30
6	8	25
3	9	21
7	10	26
1	5	20
4	7	25
4	7	26
4	8	26
5	9	25
4	8	27
6	9	26
5	8	23
3	7	22
4	6	24
4	7	24
5	6	24
4	5	24
4	6	24
9	11	31
11	12	38
9	12	36
9	12	35
5	8	27
3	9	25
3	9	24
3	8	23
4	9	27
5	11	25
4	10	27
4	8	25
3	10	26
4	8	26
8	11	32
9	15	40
10	16	35
11	13	38
10	12	33
4	8	24
3	8	23
8	16	33
10	14	36
8	10	32
9	9	30
3	5	21
2	5	20
3	8	22
1	6	22
7	11	27
7	9	30
6	11	31
6	9	24
9	15	32
6	11	28
9	15	35
10	14	33
9	12	31
5	8	24
7	12	30
1	2	22
6	7	25
8	12	31
2	6	23
4	6	21
0	2	21
5	4	24
0	20	90
2	8	22
5	6	21
7	13	33
3	8	23
4	7	21
6	11	26
8	11	30
9	12	30
2	5	21
10	13	34
2	6	20
4	8	23
2	5	22
0	3	20
1	3	22
0	2	23
0	2	24
4	6	26
3	5	25
3	6	23
5	5	28
6	7	24
9	12	29
2	6	23
6	9	28
11	13	36
10	12	37
10	12	37
10	12	34
10	12	37
10	12	37
11	12	39
9	13	35
11	11	40
12	12	40
10	10	37
4	8	23
5	7	25
3	5	25
5	8	26
3	7	26
6	12	30
6	13	31
6	12	30
6	14	32
7	13	31
5	10	28
6	16	32
6	13	29
4	14	30
9	16	34
7	15	31
0	21	90
0	20	90
7	10	31
6	7	24
6	7	24
2	5	21
3	4	22
3	8	25
2	7	24
0	12	91
0	15	91
1	7	22
4	6	23
3	6	22
7	11	28
7	10	27
8	10	29
6	10	30
6	10	29
8	13	34
5	14	32
2	9	22
3	10	23
3	13	25
4	13	24
2	7	21
7	11	32
0	10	24
5	5	22
3	6	22
5	10	24
3	5	24
1	2	21
7	14	30
2	5	21
2	6	21
2	8	24
2	5	22
1	5	22
10	14	32
2	6	21
5	7	22
7	10	33
4	7	23
3	7	23
3	7	23
4	5	24
6	10	30
2	6	24
3	6	21
2	4	21
3	8	23
5	9	24
7	9	26
2	5	23
3	6	22
3	7	23
5	8	26
0	20	90
7	11	28
3	6	22
3	8	23
2	7	23
4	8	23
3	5	22
0	25	90
5	7	27
3	5	22
2	6	20
7	10	31
4	8	24
5	8	24
5	7	25
2	6	23
4	9	30
4	7	23
4	8	25
6	7	26
6	8	26
1	6	21
3	8	26
3	25	91
6	14	30
5	7	28
3	5	24
2	5	22
2	4	21
2	5	22
5	9	31
4	8	27
4	10	24
2	7	21
8	12	34
1	2	22
5	10	25
3	6	20
2	6	21
4	7	23
3	7	22
2	7	24
6	9	25
2	7	21
3	9	22
3	11	27
4	9	26
4	9	25
4	8	25
5	7	24
4	8	23
3	10	26
4	8	24
6	8	28
7	11	26
1	5	22
3	7	20
3	6	22
3	6	22
9	14	31
3	7	25
2	7	21
5	6	23
4	8	25
2	7	21
7	13	33
4	8	30
3	3	23
7	13	30
7	10	32
1	5	21
2	5	20
9	9	32
3	8	23
4	8	25
8	12	27
8	14	33
5	11	30
5	8	25
3	9	23
2	9	25
2	7	26
2	4	23
2	4	22
4	5	23
4	5	22
2	7	23
3	6	22
2	5	21
1	4	21
5	8	26
3	6	21
2	4	22
3	9	24
9	10	34
8	7	29
8	7	30
8	7	28
6	7	25
1	4	20
6	8	27
8	11	31
2	5	24
4	6	23
7	12	32
3	8	26
2	7	25
3	7	23
5	11	27
0	7	91
3	6	22
7	12	31
6	10	27
6	12	31
6	11	31
5	12	30
4	8	25
3	8	23
0	6	20
8	11	28
4	7	23
4	13	30
2	5	20
7	8	26
5	9	24
8	7	28
8	9	32
6	11	30
3	6	20
3	6	22
4	7	23
3	9	24
7	11	27
8	10	33
3	7	23
10	13	33
3	6	23
6	10	24
0	3	31
10	12	33
12	13	40
9	11	32
8	13	33
8	10	28
8	9	27
8	9	30
7	9	31
3	5	22
2	4	21
4	10	24
2	9	22
5	11	30
0	13	91
0	10	90
4	6	22
5	7	23
2	4	21
4	7	21
3	8	23
8	10	31
2	8	24
3	6	21
4	6	25
3	6	24
3	9	25
3	9	25
4	8	25
5	10	28
6	10	26
6	10	27
7	13	35
5	9	27
4	7	25
4	7	24
6	7	26
4	7	26
3	7	24
2	4	21
4	6	24
3	5	22
4	6	24
3	7	23
2	6	20
5	7	21
2	5	22
3	5	22
3	6	21
4	8	22
2	6	21
5	8	23
6	10	26
4	9	22
4	9	23
3	7	24
3	5	24
2	5	23
2	6	22
2	5	21
3	7	23
5	8	25
8	11	27
2	8	21
2	7	20
3	7	21
4	11	24
6	8	24
4	8	24
5	7	26
4	8	26
6	9	28
4	9	24
5	9	25
4	8	24
4	9	27
6	12	31
6	10	30
2	5	22
3	6	22
4	6	21
6	10	33
9	11	32
10	13	29
6	12	30
6	12	31
11	24	90
9	28	90
6	6	28
3	4	20
6	7	26
2	7	22
2	6	22
3	4	22
5	36	90
6	7	31
8	7	29
0	3	22
0	3	21
0	14	90
0	8	54
0	16	90
0	17	90
8	32	91
3	8	22
1	5	23
1	5	21
3	5	22
6	15	33
3	25	90
7	12	26
5	10	30
0	11	91
5	7	25
1	4	22
0	43	91
3	6	22
4	6	23
8	28	90
3	5	26
5	9	25
7	10	30
2	6	20
3	7	23
7	8	32
0	19	90
0	15	90
0	16	91
9	12	34
9	11	31
8	9	27
6	10	27
0	7	90
0	9	91
0	12	91
0	6	91
0	19	90
0	10	89
0	7	55
