6	10	31
7	7	32
3	6	22
2	7	22
5	10	23
6	13	30
3	5	22
5	8	24
4	8	25
3	7	24
3	10	26
8	9	27
7	10	31
3	6	21
8	13	34
1	40	90
3	9	21
8	14	33
7	10	25
8	11	27
8	11	33
8	11	34
9	12	34
6	7	27
1	3	23
3	5	21
10	13	35
0	34	90
2	31	82
7	8	26
7	12	31
5	7	23
6	8	24
2	5	23
2	7	24
2	5	21
6	7	25
2	6	21
3	6	23
6	14	34
4	9	25
4	10	24
3	7	23
6	6	24
0	2	25
4	10	23
6	11	28
2	6	21
2	8	22
7	9	24
8	11	30
7	12	29
6	9	27
3	6	22
3	6	23
3	7	21
1	5	20
5	34	91
9	10	29
2	4	21
3	6	22
2	5	23
6	7	25
6	8	30
3	5	21
6	10	26
7	7	29
9	10	37
2	6	22
0	20	91
0	20	91
5	8	26
6	12	90
4	8	24
4	7	25
3	5	21
8	13	31
5	12	26
3	7	23
6	7	23
4	7	23
7	9	25
3	7	23
4	8	23
0	39	90
0	4	91
3	9	24
5	7	26
8	15	33
7	13	29
9	12	29
8	10	31
8	11	31
8	9	27
6	9	27
4	7	22
2	6	21
7	11	27
8	12	27
4	9	25
5	12	27
0	2	23
2	4	21
4	9	30
3	5	22
0	38	90
0	30	90
6	13	37
1	10	24
3	7	22
9	11	33
9	11	26
1	7	22
5	9	25
6	7	24
1	9	90
8	13	28
6	10	27
8	13	29
3	9	21
7	10	28
4	6	23
2	6	22
0	13	91
4	8	24
8	7	28
6	13	30
7	12	30
4	8	24
5	8	25
5	8	23
3	7	22
4	7	25
0	8	88
2	6	23
4	8	25
2	7	22
0	10	90
0	13	87
3	8	22
2	6	20
5	7	31
3	7	28
1	5	20
2	4	21
3	7	22
1	5	21
0	6	21
0	5	20
1	7	22
1	1	20
4	7	22
3	9	31
9	9	30
3	7	26
3	9	30
1	5	22
3	6	22
6	9	30
3	9	26
4	9	25
3	5	22
2	5	22
8	10	30
4	8	24
4	7	24
1	5	21
2	5	23
8	11	33
5	7	26
2	11	25
3	9	23
2	39	91
8	7	25
6	7	28
1	3	21
1	5	23
1	3	22
3	7	23
1	7	22
2	5	21
2	5	20
6	8	24
6	7	24
0	5	23
3	8	25
1	7	21
6	9	25
6	8	25
1	3	22
7	11	27
3	7	23
2	8	23
0	3	22
7	9	28
0	8	91
4	4	22
0	10	90
0	9	90
4	5	23
5	8	26
7	11	27
0	14	91
5	8	25
9	11	33
5	5	28
8	12	30
2	5	22
2	8	22
3	7	22
3	7	23
2	5	21
4	7	23
3	11	30
5	9	30
3	7	24
2	6	21
2	5	20
3	7	25
2	8	22
7	11	32
6	7	26
3	8	24
7	9	27
8	8	29
2	5	23
4	8	23
2	5	22
9	15	36
4	6	22
9	11	34
4	8	24
3	8	25
0	21	91
4	6	26
4	7	25
3	7	23
10	16	37
7	10	25
10	11	32
7	7	26
5	9	26
4	11	31
6	7	30
6	6	26
5	6	25
6	9	25
8	12	30
4	8	30
2	5	21
2	5	21
7	12	30
4	6	23
6	6	25
1	23	90
1	6	23
9	9	31
3	8	22
12	14	37
5	9	23
4	8	21
2	4	22
5	8	26
10	10	30
7	7	27
7	8	35
8	8	30
5	6	24
4	7	22
8	12	31
3	8	23
3	7	24
4	6	22
4	8	24
7	10	26
7	11	28
5	11	28
6	8	24
6	8	24
7	10	27
7	8	25
3	9	23
3	8	21
4	8	25
4	9	25
5	8	24
4	28	91
2	7	24
3	4	23
3	7	23
0	8	91
0	2	25
4	9	24
5	8	26
3	7	23
7	10	29
1	6	24
1	7	34
6	5	28
6	14	32
7	10	28
7	10	28
4	7	24
7	8	28
4	6	22
9	11	32
7	9	28
5	7	26
6	9	27
3	6	22
3	6	21
3	9	24
3	7	23
0	18	91
1	7	21
3	7	24
5	9	24
4	8	23
7	11	28
5	7	27
3	6	26
6	10	27
7	9	33
10	10	27
2	8	22
5	7	25
11	13	39
7	9	27
5	31	85
3	6	21
3	7	22
1	38	90
3	4	21
6	11	31
1	7	23
6	9	26
4	11	30
3	6	23
3	6	23
7	11	30
4	8	27
6	11	30
5	9	30
3	8	27
6	9	32
4	8	25
4	10	27
7	10	28
6	10	28
4	9	24
5	9	24
8	12	30
0	4	21
5	10	25
4	8	24
3	7	21
5	9	24
6	8	26
6	7	25
7	12	29
8	12	31
3	6	21
5	10	26
3	6	23
4	8	23
3	9	24
0	3	22
5	10	28
8	10	32
7	11	31
6	7	27
3	7	23
2	5	21
0	15	91
5	8	30
7	10	27
5	6	23
5	8	24
0	32	90
5	9	24
5	8	24
4	8	24
2	7	22
6	8	22
4	10	30
5	10	24
5	9	24
9	9	36
7	15	33
3	6	23
3	8	22
2	6	20
6	9	25
3	8	23
7	10	30
6	7	25
6	7	24
5	-1	91
10	8	33
4	7	30
4	8	23
6	10	26
3	7	24
6	7	25
12	13	40
14	16	42
11	14	37
12	15	41
11	13	38
14	15	40
12	16	41
10	11	36
13	14	40
11	13	36
10	13	37
4	6	38
2	5	22
2	5	21
4	7	20
9	13	33
6	9	32
3	9	24
3	7	25
5	7	30
4	6	23
2	7	22
8	12	30
1	8	26
2	6	24
6	8	32
4	7	24
2	4	24
3	5	23
5	12	35
3	7	22
8	9	26
4	9	31
5	6	26
6	8	27
6	8	26
8	11	27
2	7	30
1	7	91
6	10	26
3	23	89
6	6	26
7	13	30
3	7	25
4	10	25
6	10	28
5	7	25
0	16	90
0	12	90
3	7	24
3	7	23
3	7	24
3	4	23
4	7	25
3	6	23
8	9	29
6	7	25
2	5	21
4	7	25
3	7	21
6	13	32
2	6	22
1	12	91
4	9	24
2	5	20
3	7	20
7	9	32
0	7	91
0	12	88
5	7	27
3	8	26
1	7	23
3	7	22
4	8	24
7	10	28
6	9	25
4	6	22
7	9	31
5	10	30
4	8	23
6	10	28
5	8	23
6	9	31
6	8	31
3	7	23
7	12	30
1	3	20
4	6	23
1	3	20
2	4	20
3	7	22
6	9	25
1	5	22
7	7	32
5	9	24
4	6	24
3	7	22
5	8	23
0	5	38
6	10	32
6	9	25
3	6	29
3	5	24
3	5	24
3	6	24
3	5	22
1	3	21
2	5	21
6	10	28
5	10	24
3	8	28
3	7	24
2	5	21
7	10	25
4	9	24
6	7	24
2	3	20
5	10	26
3	5	24
4	7	20
8	9	34
4	8	23
2	4	22
6	11	26
2	6	22
3	7	21
4	6	21
1	10	85
3	7	22
2	5	22
4	7	23
0	6	91
4	8	25
3	7	26
8	11	33
3	7	22
3	6	22
4	5	22
6	10	26
9	10	29
3	8	25
1	25	90
2	5	22
2	5	21
6	13	30
2	6	22
7	29	91
5	7	24
6	7	27
7	13	35
8	10	32
2	10	23
3	6	23
3	6	22
4	10	23
3	5	22
4	9	25
4	8	23
5	7	24
7	9	26
7	8	26
2	4	21
2	5	21
2	5	21
9	28	91
1	22	90
6	8	26
2	5	21
2	9	21
1	21	91
1	20	91
1	-1	91
1	-1	91
0	20	91
1	-1	91
0	19	91
0	19	91
2	8	22
5	10	24
2	6	24
5	8	26
4	7	25
4	7	26
6	9	30
1	6	20
3	7	23
2	7	21
1	2	22
1	2	21
1	3	20
5	9	25
2	6	20
1	3	21
6	10	29
1	4	21
3	6	21
4	6	25
3	10	23
2	7	22
2	6	22
2	7	23
1	5	21
10	11	30
2	5	22
2	10	23
6	10	31
8	11	31
4	8	24
2	7	22
1	5	21
1	5	22
9	10	29
2	7	22
3	7	23
3	9	25
3	9	24
3	9	23
4	7	24
5	9	25
4	9	25
3	7	22
4	8	22
3	8	22
2	6	22
5	10	30
3	7	24
9	11	29
10	15	35
10	14	36
12	14	39
1	6	23
7	9	27
6	9	26
6	9	27
5	9	24
6	7	28
2	5	22
4	10	32
0	2	21
4	10	31
2	8	24
7	11	27
1	4	20
3	9	26
5	13	30
0	13	90
9	15	31
2	5	22
4	8	24
2	6	23
2	25	90
1	8	20
2	6	22
4	7	24
5	11	31
8	10	35
6	6	28
6	6	27
6	8	33
2	8	22
2	4	21
8	14	34
6	10	27
4	9	24
4	8	23
4	9	22
4	7	22
3	9	22
3	5	21
5	7	25
4	7	25
7	9	28
8	12	31
10	13	34
3	9	26
7	13	31
4	10	26
6	13	26
6	14	31
7	8	25
7	12	33
7	10	29
8	11	26
8	10	27
7	12	29
3	27	90
5	7	25
4	6	23
5	6	24
4	23	91
7	8	26
1	5	23
9	11	40
7	10	31
7	9	29
10	13	33
8	9	30
5	10	26
4	10	25
5	5	24
0	2	20
9	11	34
2	6	20
9	12	27
3	7	22
4	7	23
2	8	25
3	9	30
3	7	23
8	11	30
2	7	22
7	9	25
7	8	28
2	4	21
3	7	23
6	10	25
8	10	29
1	4	21
0	5	20
7	11	26
5	9	30
5	10	32
4	8	25
5	11	33
3	8	25
5	42	91
3	42	91
4	5	23
2	2	21
4	6	24
4	7	23
2	6	22
4	9	28
3	5	25
2	3	22
7	10	26
7	10	32
2	7	20
4	12	30
4	9	24
3	5	21
8	12	28
2	6	22
0	3	21
5	6	23
0	12	91
3	4	23
2	9	25
2	6	22
2	8	22
3	9	23
3	11	25
3	9	23
3	9	25
6	11	31
8	10	29
4	7	23
6	10	27
6	9	25
4	8	23
4	8	27
0	21	91
9	12	34
10	11	29
4	6	24
7	7	28
2	7	24
2	8	23
3	8	22
3	8	25
8	11	28
3	5	22
3	5	24
3	8	23
1	8	22
3	6	24
4	7	23
3	6	24
3	5	22
10	12	34
2	5	22
6	7	26
10	10	30
8	10	30
9	10	29
0	6	90
7	9	29
3	5	22
4	10	26
8	13	33
2	6	20
2	8	21
6	7	26
2	6	23
11	12	39
6	8	27
6	7	29
12	10	36
10	11	38
11	11	37
12	13	39
11	12	39
12	11	35
9	10	35
7	8	29
4	5	24
5	9	24
4	8	24
4	9	25
3	7	23
5	9	30
4	7	23
3	7	23
6	9	31
5	12	27
0	3	21
5	7	25
2	6	20
4	8	25
0	13	91
0	18	90
1	4	21
8	9	30
5	11	27
4	6	25
5	11	30
9	10	35
3	7	23
6	13	28
2	7	22
2	6	21
5	7	24
2	5	20
4	13	27
4	10	30
2	7	23
2	5	22
1	9	90
2	6	25
2	4	20
5	8	23
1	29	90
2	6	20
6	7	26
6	9	27
7	10	28
5	10	25
4	10	24
6	9	27
5	8	26
2	8	22
1	8	22
2	4	21
6	10	30
6	12	27
5	9	24
6	11	26
1	4	22
1	4	20
5	5	31
5	10	30
2	6	20
5	8	26
5	9	28
5	8	27
2	6	22
5	9	26
0	12	90
4	10	30
4	9	25
6	6	23
6	8	25
3	5	23
3	6	22
4	6	22
8	6	27
7	6	26
0	8	23
0	2	22
3	7	22
6	9	24
3	10	26
3	6	25
4	7	27
5	9	23
3	5	21
8	12	31
6	12	32
6	8	25
4	5	23
3	7	23
8	10	28
8	7	31
5	35	88
2	33	84
5	37	89
3	4	22
5	7	31
5	8	22
4	6	22
4	8	25
4	9	26
2	5	24
4	9	30
3	5	23
1	6	22
5	6	23
10	11	34
4	7	22
5	5	31
4	11	31
3	7	26
3	7	25
3	7	25
8	12	26
8	12	29
2	6	21
4	6	25
9	12	27
5	10	32
8	12	29
3	6	21
3	7	23
3	7	23
5	11	27
4	6	25
8	11	28
7	11	27
7	10	26
4	8	26
8	11	32
0	33	90
0	33	90
3	7	25
3	5	22
8	10	33
7	9	26
11	12	36
9	11	30
5	7	24
5	5	24
4	11	26
7	11	26
5	7	22
3	8	25
3	4	22
3	7	23
2	6	22
7	8	30
6	9	26
3	5	22
5	11	32
5	6	25
3	7	23
8	9	28
2	7	22
7	8	26
10	17	40
4	8	25
0	6	91
1	13	91
5	9	22
4	9	23
8	9	31
3	25	91
12	19	39
7	32	91
8	9	30
4	7	22
4	10	25
4	10	24
8	11	27
3	7	23
2	6	22
5	7	25
7	12	29
4	7	22
3	7	21
3	8	22
3	6	23
6	10	30
3	6	23
4	7	23
5	8	26
3	5	23
3	7	21
3	7	23
3	6	23
5	6	24
7	11	31
2	5	21
8	10	31
1	3	21
7	10	28
1	3	22
9	11	32
7	8	26
2	7	23
4	39	91
2	4	25
6	8	26
2	8	24
6	10	25
5	12	27
10	12	34
6	8	25
3	8	22
1	6	21
5	11	25
3	12	25
12	11	36
4	8	22
4	8	23
7	11	28
5	9	23
8	13	30
9	13	32
7	8	27
2	3	22
3	8	22
3	6	23
6	8	27
6	11	30
4	5	26
4	4	25
4	6	21
3	6	22
4	10	26
4	6	24
6	9	25
8	10	27
4	8	25
3	6	21
2	8	25
5	11	31
3	7	22
5	9	23
4	8	23
2	7	21
4	9	30
4	6	23
5	8	24
5	12	30
2	4	24
3	5	22
6	12	33
7	9	25
1	6	36
1	4	36
6	12	31
1	5	21
6	5	24
1	8	90
4	5	22
5	7	24
5	8	25
6	8	27
16	16	57
2	34	91
4	9	30
4	8	26
2	5	25
4	9	25
3	6	21
9	14	30
10	12	27
8	9	27
6	9	28
8	11	29
3	-1	91
3	6	21
4	8	25
5	9	25
1	7	22
7	8	26
3	6	24
0	3	20
5	29	91
7	10	26
3	7	22
2	6	23
3	6	22
7	9	31
6	8	24
0	24	90
7	14	32
6	7	26
2	5	21
7	11	31
6	10	30
1	4	21
1	7	23
3	6	22
4	6	23
6	10	25
3	5	22
3	7	23
2	6	23
2	6	24
2	28	89
2	25	88
4	22	86
7	9	26
7	9	26
5	10	30
8	7	31
2	4	26
9	12	33
7	5	29
2	5	23
6	9	27
4	-1	91
3	7	23
2	7	23
2	4	21
2	10	30
3	5	22
5	9	31
7	11	33
1	6	90
4	7	22
4	36	90
2	37	90
0	8	85
0	9	85
1	3	20
2	4	21
5	9	21
8	8	31
4	7	24
5	8	22
3	7	23
0	5	20
3	6	30
6	8	25
4	8	23
0	5	22
5	9	25
5	9	26
4	6	22
3	9	20
5	8	27
4	8	22
3	6	26
8	8	32
5	9	24
2	4	23
4	6	21
7	13	31
7	13	32
9	11	30
1	4	21
3	6	24
8	7	27
4	9	26
5	6	22
1	4	22
1	4	22
3	6	23
2	5	22
7	6	30
2	6	20
4	8	22
1	5	22
3	7	25
10	11	31
6	9	31
4	6	24
4	7	24
7	10	27
8	8	32
6	8	30
0	13	90
1	15	90
2	6	22
0	5	91
6	9	29
5	9	25
2	-1	91
1	-1	91
1	20	91
2	3	22
5	8	25
2	6	22
2	5	22
3	6	25
3	7	25
2	7	25
4	9	24
3	7	22
6	12	28
5	10	27
5	8	30
5	9	26
5	7	26
5	6	26
1	4	22
1	3	21
2	5	22
6	7	25
3	6	27
9	11	33
0	20	90
0	22	90
0	20	90
2	3	21
1	6	22
5	12	25
7	12	29
3	4	22
1	5	23
5	10	30
3	6	24
3	5	22
2	4	21
2	4	20
2	20	91
6	8	25
8	13	28
7	11	32
4	5	23
3	8	24
4	9	24
3	30	89
9	12	33
5	10	30
6	11	25
0	8	91
4	7	25
4	8	25
9	13	31
6	10	29
6	9	28
5	9	27
5	9	27
3	7	22
5	7	25
7	10	29
0	4	22
9	12	32
6	13	32
3	40	90
3	6	24
8	8	32
8	9	31
2	7	21
5	8	24
5	6	23
1	18	90
8	11	31
8	8	28
9	13	30
4	7	24
9	11	33
7	10	32
3	6	22
6	8	25
6	9	31
6	9	28
5	8	25
6	11	26
5	10	31
5	9	30
6	9	31
3	7	26
3	6	25
3	9	24
9	13	29
10	12	29
4	6	23
3	7	22
7	11	25
6	10	28
3	5	22
3	8	23
3	7	22
0	10	91
5	9	26
6	10	29
7	11	30
7	10	29
7	9	28
0	16	76
6	9	23
5	9	25
2	5	22
5	9	28
6	4	25
5	7	25
4	6	25
4	8	25
4	6	23
7	12	31
3	7	24
1	7	23
3	7	21
2	7	21
2	5	24
6	8	27
6	11	31
5	7	24
4	6	22
3	7	23
3	7	25
4	6	24
7	10	26
6	11	31
6	11	31
2	8	22
0	25	90
0	7	22
1	2	22
3	7	24
8	7	32
1	4	23
0	9	91
5	7	26
2	4	31
9	12	33
8	11	28
8	10	29
3	5	24
4	5	21
3	4	21
10	15	36
1	3	23
2	4	22
1	4	21
0	4	22
5	8	26
3	8	21
3	8	22
8	9	28
7	11	30
6	11	28
8	10	28
2	6	20
2	4	21
5	6	24
3	10	25
7	8	25
6	8	26
9	12	30
8	11	30
7	4	29
6	10	32
8	12	30
1	5	23
0	2	24
2	5	22
0	18	90
1	4	21
1	23	90
6	8	25
3	7	25
1	4	21
3	4	22
2	5	20
3	4	22
1	5	20
2	2	21
3	3	21
2	5	22
5	8	27
3	6	22
5	5	24
3	6	22
6	8	32
2	5	22
2	5	21
4	5	21
3	8	24
3	8	23
3	8	21
7	10	25
3	6	20
5	7	25
6	9	26
3	7	23
0	20	90
3	7	22
3	7	23
0	19	87
3	12	29
2	5	21
2	7	24
3	4	24
6	10	31
0	10	75
7	6	29
7	7	27
0	5	21
0	4	20
6	6	24
3	6	21
3	4	21
5	7	26
3	4	22
3	6	22
1	3	22
10	10	33
3	8	24
3	8	24
4	7	23
3	8	23
3	6	25
3	7	22
4	8	25
0	19	90
5	8	28
3	5	20
0	4	21
2	4	21
2	5	22
4	8	26
2	6	21
7	9	25
6	8	25
7	9	27
3	8	22
3	6	22
3	8	22
7	11	32
6	9	26
5	9	26
5	8	24
4	8	25
3	8	23
2	7	24
3	8	23
2	6	22
3	7	22
2	7	23
3	6	23
5	9	29
3	5	23
5	5	23
2	7	23
1	4	25
7	8	24
3	7	22
0	1	21
2	7	24
1	6	23
1	6	23
1	6	23
1	5	22
2	5	21
7	8	35
7	7	29
6	8	32
5	6	24
5	6	23
5	6	23
4	6	23
3	8	24
0	3	23
3	7	23
5	9	26
5	8	30
4	8	26
5	11	26
4	6	23
2	7	23
2	8	22
4	9	30
4	9	26
4	10	24
3	8	22
7	13	31
7	10	30
5	9	25
5	12	26
3	7	23
5	11	27
6	10	26
2	5	22
0	34	91
4	7	23
6	13	30
8	10	25
5	9	25
7	8	31
2	9	22
2	3	21
3	8	23
0	2	21
9	13	31
6	9	24
5	9	30
4	11	24
7	6	25
4	8	22
6	8	27
2	5	21
2	5	22
3	5	22
2	5	21
4	7	24
5	7	25
5	9	23
3	11	27
5	7	23
3	7	21
1	2	24
8	12	29
3	7	23
8	12	37
4	6	22
0	6	91
1	6	90
3	5	22
4	7	22
6	9	29
9	10	32
4	6	25
2	3	22
3	7	21
5	8	26
9	14	35
2	4	23
3	8	24
11	14	37
11	10	33
9	12	32
3	6	21
5	6	23
3	9	21
4	8	27
3	6	22
4	7	22
2	6	21
14	16	39
7	10	28
5	7	22
9	11	33
6	7	29
5	11	26
6	10	25
3	6	23
2	7	22
1	30	91
1	-1	91
0	-1	91
8	10	26
4	7	23
5	7	24
10	14	37
10	12	34
4	8	26
5	9	22
5	10	30
3	9	21
2	8	23
2	5	22
5	8	30
3	9	25
3	9	24
3	9	22
5	10	33
7	12	33
3	8	22
4	8	24
2	8	24
4	6	23
11	14	32
7	10	26
6	9	30
3	7	23
3	5	24
3	8	24
5	9	24
12	12	36
8	10	31
8	11	31
10	11	32
8	9	30
9	9	29
9	10	29
8	9	32
8	9	31
9	11	32
2	6	22
4	6	23
3	5	22
5	9	28
4	8	34
2	5	25
2	3	24
1	2	23
1	2	22
0	3	22
2	8	23
2	7	23
2	7	23
4	9	24
5	7	25
5	7	27
3	7	22
4	7	23
2	6	21
4	8	23
2	5	21
3	6	23
7	10	27
8	9	27
10	12	33
9	8	32
3	7	22
1	8	23
0	4	22
7	17	37
0	11	91
0	13	89
2	7	24
12	12	40
13	13	38
7	9	33
3	5	21
1	7	22
2	5	23
0	39	90
8	10	30
10	11	29
7	11	29
9	11	31
8	12	32
8	11	31
8	10	30
8	9	28
7	9	26
7	8	23
4	9	25
2	5	21
2	6	20
8	7	33
5	6	27
9	9	33
6	8	31
4	5	24
1	6	20
2	5	23
6	7	27
4	8	26
6	11	34
1	5	25
1	5	22
4	7	24
4	7	22
5	7	23
3	6	21
7	9	28
3	6	25
4	7	24
5	6	26
0	3	54
0	4	54
2	37	90
6	12	26
7	9	30
3	5	22
3	6	22
3	7	21
3	7	26
5	10	27
3	7	24
4	11	26
3	8	24
2	9	23
0	-1	90
0	4	21
2	4	21
3	8	22
8	11	32
8	13	29
9	9	33
9	9	32
1	18	91
3	21	91
1	19	91
8	11	32
8	10	32
2	4	22
4	8	24
3	5	22
4	6	22
2	6	22
7	11	30
5	10	32
3	10	25
3	7	23
3	6	22
2	6	23
2	5	22
8	10	31
10	11	32
3	8	20
2	3	21
8	10	28
31	36	91
3	7	22
2	6	21
3	6	22
9	8	31
9	10	33
0	4	90
9	14	36
7	11	26
8	12	25
2	6	22
4	6	22
5	7	25
2	7	20
4	8	23
5	8	24
4	13	28
6	8	24
2	5	22
11	9	31
5	9	25
2	9	24
8	8	30
6	8	26
1	8	21
2	6	23
5	9	25
4	7	24
3	10	23
0	18	88
6	7	24
1	6	24
4	9	24
5	9	24
0	9	90
0	7	91
4	10	22
4	11	25
3	8	24
3	8	24
3	8	22
4	8	22
5	6	24
5	7	25
4	5	24
4	5	22
5	10	26
7	7	24
2	4	21
8	9	28
6	9	25
1	6	20
6	8	25
1	1	21
0	3	20
3	7	21
4	8	24
4	6	27
6	9	27
4	6	24
7	13	32
2	4	24
4	5	22
9	11	38
7	10	30
6	7	28
3	3	22
8	10	26
2	4	22
1	4	21
6	12	28
8	12	34
1	4	20
3	7	24
4	7	23
0	14	91
9	11	31
7	10	27
6	10	27
8	9	27
7	8	26
3	7	23
6	13	34
5	9	24
4	9	25
2	7	23
7	11	29
6	8	24
3	7	22
5	10	27
2	5	22
3	5	22
8	14	33
6	10	31
2	8	20
3	8	22
2	4	21
6	-1	91
8	11	32
2	2	21
8	11	33
2	6	22
5	9	23
3	7	24
0	11	91
4	22	91
3	6	26
3	7	24
4	6	24
4	8	27
1	6	23
5	7	23
3	10	22
6	10	25
5	11	25
6	9	26
5	6	24
4	6	22
8	10	34
8	12	34
9	15	39
9	12	36
10	12	35
9	10	31
7	11	30
7	11	30
7	10	26
5	10	30
7	11	26
8	10	32
4	7	22
2	7	21
4	9	31
2	7	21
3	6	24
4	7	22
8	10	33
4	10	25
7	11	31
1	8	22
10	14	38
1	6	20
4	9	25
6	5	24
8	14	34
14	15	39
9	12	32
0	8	91
0	9	90
2	3	21
4	8	23
4	8	25
5	8	24
3	5	22
1	4	22
5	8	25
6	7	26
0	4	20
2	8	91
0	3	90
0	-1	91
1	4	90
0	4	91
1	10	91
0	9	90
0	2	90
0	6	90
0	6	91
0	-1	90
0	1	91
0	3	91
0	2	91
0	4	91
0	1	91
1	0	91
0	7	90
2	6	21
2	6	20
2	4	21
0	-1	89
2	7	22
4	9	26
5	8	24
4	9	24
5	8	25
3	8	23
3	7	22
1	4	21
2	8	23
4	8	24
2	4	22
2	4	24
2	5	24
2	6	22
5	10	24
2	6	23
4	-1	91
6	9	27
6	10	30
4	9	30
3	6	20
3	5	21
3	24	91
3	8	22
2	5	23
5	9	26
5	10	25
5	9	24
7	9	28
7	10	29
7	9	27
8	10	29
7	10	28
10	10	32
7	11	32
5	12	31
5	10	30
5	6	21
0	26	89
5	12	30
5	6	27
4	38	91
3	8	25
3	7	23
0	-1	80
0	10	90
5	14	30
2	4	20
4	6	21
8	10	34
7	8	27
8	10	31
10	11	32
6	7	25
6	9	30
9	8	33
8	9	31
3	5	24
3	4	22
2	9	22
3	7	21
8	11	26
5	9	23
6	12	27
2	4	22
6	9	27
2	4	23
6	8	25
0	0	91
2	6	22
4	5	23
3	8	22
3	7	21
4	9	24
3	9	24
9	12	31
8	14	34
8	11	32
4	7	24
6	12	30
2	6	22
5	5	26
6	10	32
2	39	91
2	20	90
3	6	22
3	7	23
5	5	23
5	6	25
3	7	21
7	10	30
7	10	24
5	10	27
2	9	25
3	9	24
2	8	22
4	9	25
8	11	30
5	8	24
7	9	33
5	11	26
6	8	24
6	6	27
6	6	26
2	5	23
0	41	89
3	8	23
6	8	26
0	39	91
1	6	21
3	11	25
3	8	24
4	9	23
7	10	29
4	7	26
2	4	23
3	8	25
6	10	28
3	8	24
3	8	23
3	10	27
5	9	30
2	5	21
5	8	26
2	6	23
3	9	23
3	7	22
4	7	23
2	5	21
10	10	35
3	6	26
6	11	27
1	6	20
2	8	23
1	4	22
1	-1	91
2	3	22
3	4	21
2	3	22
1	4	22
2	8	25
2	4	22
4	5	23
0	2	20
3	8	25
2	6	22
3	9	23
4	8	22
4	6	23
3	6	24
6	9	30
5	11	27
6	9	29
6	10	26
6	10	25
7	10	28
3	6	24
3	6	22
11	11	36
6	9	26
4	8	25
2	6	21
1	7	20
1	8	21
5	15	30
6	11	30
2	6	21
2	5	21
8	11	26
3	10	22
1	5	21
1	17	91
0	14	90
8	10	33
5	8	25
5	6	26
5	7	25
3	6	22
6	8	31
6	10	27
0	5	21
1	6	22
5	9	22
9	11	30
0	3	22
6	10	28
5	7	25
5	8	24
4	8	24
4	6	22
6	7	24
4	12	27
2	6	21
2	8	21
6	12	31
0	19	90
4	8	23
8	10	32
10	11	32
10	11	32
10	10	33
1	4	23
1	4	26
0	3	22
0	5	23
7	16	34
1	5	22
2	5	20
2	7	21
5	8	26
5	15	31
5	8	25
3	5	22
5	9	24
4	7	30
1	4	24
3	6	23
2	5	21
1	6	23
0	4	21
2	3	22
3	8	24
3	8	23
4	12	28
4	6	23
5	11	30
4	9	26
3	5	25
0	8	77
0	7	77
3	5	22
8	9	30
5	7	26
2	5	21
4	7	25
4	8	23
4	8	23
3	9	24
4	7	29
2	4	21
3	6	25
3	7	26
5	6	24
4	6	25
4	5	24
7	8	28
1	3	20
9	10	27
5	8	25
9	10	32
4	7	23
4	7	22
2	9	21
3	7	23
3	5	21
2	2	20
0	-1	79
0	7	90
1	4	20
6	8	24
5	9	27
6	8	26
4	8	23
5	8	25
4	9	23
6	13	30
6	8	32
2	7	25
5	8	27
7	7	31
5	13	31
2	29	91
11	13	35
2	6	22
0	15	91
2	5	20
0	11	91
0	11	90
3	7	22
3	6	20
4	6	21
1	8	91
3	4	20
5	9	27
1	4	22
3	5	24
2	8	21
0	7	91
6	10	27
6	9	27
4	6	21
9	5	30
5	7	26
3	7	22
5	8	25
3	7	22
6	10	24
7	10	30
6	9	25
3	7	23
3	8	23
8	9	29
5	10	24
5	10	25
3	7	24
2	7	23
4	8	23
2	7	24
8	11	32
1	4	21
2	7	23
10	11	32
5	8	25
3	6	21
5	9	23
5	11	28
3	6	26
9	12	32
3	19	90
3	8	22
2	6	23
8	8	30
7	7	30
8	10	30
2	5	22
7	13	30
8	11	28
4	6	22
8	11	31
9	10	33
8	11	31
7	11	32
4	7	25
2	4	23
4	6	24
5	26	91
4	7	24
2	8	20
3	7	21
2	8	21
4	8	23
7	8	27
8	11	32
0	7	53
6	9	31
6	11	32
6	11	30
5	9	30
6	11	29
6	10	25
5	9	27
6	11	27
7	11	28
4	10	25
5	9	23
6	8	24
3	26	91
5	9	31
2	6	21
3	6	23
4	6	23
6	8	26
2	8	21
2	7	21
6	9	27
11	12	29
3	7	23
11	13	35
5	7	24
9	13	35
3	7	21
3	9	24
6	10	28
5	11	26
6	8	24
7	6	29
9	10	32
1	6	23
11	10	32
2	6	21
4	8	23
10	11	29
8	10	28
4	7	23
4	7	24
8	12	32
9	11	34
8	11	27
9	12	31
8	10	27
8	9	32
6	10	27
7	7	27
4	5	23
5	9	26
6	10	25
5	9	31
5	9	31
4	7	23
8	11	30
8	9	32
5	7	28
6	8	27
5	7	30
8	9	31
5	8	24
11	10	41
5	6	22
3	6	22
3	7	22
3	7	23
7	6	24
4	6	22
4	5	23
3	5	21
5	10	26
5	8	24
4	9	25
0	20	90
2	6	23
6	14	28
3	6	28
3	10	23
6	10	27
3	8	23
7	8	31
6	7	26
2	5	22
8	12	31
4	10	24
3	5	21
2	5	22
3	6	22
2	5	21
9	10	30
1	5	21
6	11	32
4	7	24
7	8	29
7	13	30
5	8	24
2	7	21
3	8	26
10	12	32
9	14	32
7	8	25
6	13	32
2	6	22
2	5	22
4	13	26
6	10	28
8	37	90
2	5	20
7	13	30
7	10	25
3	12	24
0	35	90
9	12	31
7	11	31
5	8	22
4	7	22
5	8	21
5	8	22
5	10	23
5	7	30
12	18	39
5	10	25
4	5	25
4	7	22
5	9	30
5	10	31
4	8	24
6	9	31
3	9	23
3	8	24
2	7	22
11	15	38
7	12	31
8	8	26
10	13	36
4	9	24
3	7	21
4	6	22
1	4	21
10	16	35
4	7	23
4	6	24
5	8	23
3	6	22
3	6	22
1	5	20
10	16	37
0	-1	91
0	9	91
5	14	32
5	10	25
2	11	25
5	9	25
1	6	23
4	4	24
5	9	26
4	8	30
3	9	31
6	8	25
1	4	21
1	2	21
2	5	24
1	2	20
1	4	22
3	6	20
3	7	23
3	7	23
4	6	22
4	8	26
3	7	24
3	8	24
3	5	21
4	8	26
3	7	22
5	8	25
6	8	30
3	9	27
4	9	26
5	8	26
2	3	21
5	8	25
0	7	61
2	4	22
2	7	21
2	2	22
5	9	30
8	8	31
1	11	91
4	30	90
1	26	90
0	24	90
8	13	33
0	11	88
0	11	87
5	9	31
0	15	90
3	5	23
1	4	20
8	12	30
6	12	28
7	14	33
7	12	31
2	5	21
5	8	21
4	9	26
8	8	29
9	9	32
5	10	26
3	8	22
3	8	26
5	8	23
3	7	22
2	8	22
0	10	91
0	7	91
3	4	22
1	4	21
1	21	90
1	22	90
7	10	31
10	12	34
7	10	27
3	5	24
5	9	24
8	12	32
4	7	25
3	6	23
2	5	21
2	5	22
2	7	21
3	6	20
4	12	25
7	11	32
7	10	32
0	5	41
4	8	24
6	8	23
1	2	65
3	5	21
6	7	24
6	7	25
5	9	26
4	7	22
1	6	23
3	8	23
3	5	21
6	9	28
0	21	90
3	7	23
3	5	22
4	7	31
3	5	22
7	9	25
7	11	30
5	11	27
6	10	26
6	10	26
5	9	30
11	11	35
6	8	30
4	8	21
2	7	22
1	4	22
1	7	24
0	5	22
4	10	24
5	9	28
3	7	22
3	8	24
3	6	22
2	7	24
4	6	24
5	8	24
7	11	31
7	10	30
5	11	25
3	5	22
6	8	25
5	10	31
3	7	23
3	9	24
3	8	22
1	4	21
1	3	22
2	3	21
1	3	21
8	14	31
4	8	23
5	9	24
3	7	22
2	7	20
3	6	21
6	8	26
4	8	31
3	8	25
4	6	30
8	10	30
3	7	21
9	7	33
9	7	33
8	6	30
8	7	31
6	9	25
2	6	23
3	6	22
7	12	27
8	11	27
8	12	30
7	12	31
0	12	91
0	10	91
1	5	22
0	21	85
5	7	31
3	6	22
4	7	22
0	10	74
5	10	24
4	10	31
6	10	27
6	12	32
6	6	33
1	5	22
2	7	22
2	33	90
3	33	90
1	6	21
3	7	24
5	7	21
3	11	30
3	8	22
4	9	24
3	9	23
3	9	23
2	8	24
3	6	23
2	6	22
6	10	26
8	4	30
4	8	23
3	8	23
2	7	21
2	7	21
4	6	23
4	7	23
8	11	34
2	7	22
6	11	27
7	10	27
7	8	26
6	8	25
2	7	20
3	5	21
3	6	22
6	10	25
6	11	25
8	9	31
8	9	31
8	9	30
9	9	30
5	10	28
4	8	24
6	9	27
4	5	24
5	8	28
4	7	24
1	6	21
7	7	26
5	12	30
9	12	33
5	7	27
4	8	23
4	9	30
6	9	26
2	4	23
3	5	22
3	5	22
2	5	21
5	5	23
0	30	91
2	5	22
3	7	26
2	4	23
3	6	23
2	4	21
4	6	23
5	6	23
3	8	24
3	8	23
3	7	23
4	5	24
2	4	23
3	4	22
2	4	21
2	7	21
3	5	21
2	7	22
1	4	20
3	6	22
3	7	22
2	6	22
4	5	24
2	4	21
1	2	22
3	8	23
2	5	22
5	9	30
3	9	25
8	9	29
10	10	27
2	10	23
3	7	24
2	6	22
4	7	25
1	4	23
2	6	21
3	6	22
6	8	26
3	6	21
5	8	28
3	7	22
3	20	90
4	6	22
3	9	24
7	6	27
7	7	27
6	6	26
5	6	26
4	7	20
3	5	22
6	9	28
4	1	24
0	2	22
5	10	28
0	5	20
6	9	26
11	12	34
9	10	33
10	12	33
11	9	31
10	8	30
8	8	30
5	8	24
3	6	22
4	7	25
3	9	22
0	3	22
2	6	20
3	6	24
3	7	23
3	8	20
11	12	36
10	14	35
11	15	37
3	6	24
7	10	26
6	8	28
3	4	23
2	3	23
1	3	22
3	6	24
3	7	22
6	7	26
4	12	27
8	12	32
4	7	22
5	10	26
7	8	26
5	4	28
2	4	22
4	8	25
2	7	23
4	10	26
2	7	25
4	9	34
5	8	25
5	12	32
7	14	32
7	14	30
5	12	26
5	10	24
10	9	31
7	11	30
7	7	30
3	5	21
3	5	22
0	0	22
2	-1	91
5	7	25
5	9	30
6	9	23
3	6	22
0	20	90
9	9	33
0	1	22
4	7	22
7	9	26
4	6	23
7	9	30
3	6	30
2	5	21
6	8	30
0	3	20
5	8	26
6	9	25
5	8	24
9	12	35
5	11	26
2	8	25
3	23	91
2	5	21
3	10	24
1	4	20
1	5	22
2	8	25
3	-1	91
1	9	91
0	13	91
0	2	21
0	22	90
5	7	25
8	8	34
6	8	26
2	8	23
0	11	90
0	10	90
3	7	22
4	7	22
3	7	20
0	-1	90
3	8	23
6	10	31
2	6	20
5	7	25
6	8	26
1	3	23
4	9	23
4	8	24
4	8	22
4	7	26
2	6	24
3	7	23
3	7	22
4	10	24
7	12	29
4	7	24
4	7	22
4	9	28
6	10	34
6	8	22
2	7	20
0	6	21
5	9	23
4	6	21
7	9	31
8	10	32
7	9	29
3	9	26
9	11	33
1	23	90
6	8	25
3	18	91
2	8	24
1	6	22
1	5	24
4	5	22
2	4	22
4	8	21
1	4	21
6	8	23
0	4	21
8	10	30
5	8	25
7	11	32
5	9	24
9	11	33
8	12	30
3	9	25
7	11	28
0	9	90
0	5	91
9	10	29
7	11	28
8	12	32
2	5	21
7	22	90
2	5	22
6	12	30
7	11	33
5	12	31
6	7	24
6	9	27
2	6	21
9	10	33
6	10	25
1	4	20
3	8	23
2	7	20
0	9	90
3	6	24
2	5	22
1	4	21
2	5	20
3	9	30
5	10	24
6	5	27
6	10	28
3	8	21
3	4	22
2	6	21
4	8	23
3	8	25
4	8	24
4	9	22
6	10	30
8	9	28
5	10	26
6	14	29
10	14	36
4	7	22
0	3	21
6	10	41
8	11	26
8	10	27
9	13	29
8	10	30
3	9	22
3	4	23
4	4	24
5	5	25
4	4	22
3	2	23
0	3	22
0	4	23
0	4	23
1	6	24
0	25	90
1	5	20
3	5	24
0	9	90
1	3	20
4	7	24
2	7	22
4	4	24
0	4	21
2	4	21
7	11	32
7	8	25
6	10	26
2	5	22
0	2	21
1	2	22
1	2	22
3	10	24
3	6	22
3	6	22
2	5	22
3	8	23
2	6	20
6	11	31
2	5	22
3	3	22
6	8	27
2	6	22
5	7	25
4	8	26
0	12	89
0	12	89
5	11	24
4	5	22
3	5	22
4	5	23
3	6	23
2	5	21
10	10	28
4	7	28
6	11	25
2	5	21
2	6	20
4	8	21
3	6	22
2	5	20
0	3	21
0	4	23
1	4	22
6	7	26
6	10	26
6	9	25
2	6	23
8	9	25
3	24	90
4	7	24
2	5	23
5	7	26
2	5	21
3	6	23
1	1	91
4	6	21
3	5	22
2	9	23
2	7	21
0	12	71
5	5	31
6	6	31
3	5	23
2	6	23
4	6	24
3	6	22
0	11	91
0	9	91
2	5	22
3	5	21
1	5	24
0	5	22
0	4	21
6	12	30
2	4	21
3	4	21
1	2	21
0	1	21
2	4	21
3	7	23
4	10	31
1	2	20
6	9	25
4	6	23
7	11	32
6	9	31
7	8	30
2	9	22
6	10	29
6	9	27
7	11	27
1	5	21
6	9	30
2	5	22
5	11	28
4	9	23
4	9	23
8	9	30
9	10	32
8	12	30
7	13	29
2	7	21
5	7	28
3	5	22
3	10	30
7	10	29
6	11	30
4	7	22
4	6	24
4	7	24
4	21	90
9	8	30
0	11	91
0	15	90
2	6	20
3	9	21
2	7	22
1	4	22
1	4	21
6	12	30
3	7	24
2	4	20
1	2	21
4	6	22
8	8	29
8	10	31
7	11	29
9	10	32
5	6	24
1	7	22
3	8	40
2	10	25
1	4	21
3	7	23
1	4	21
5	8	26
5	6	25
3	4	22
0	26	90
3	8	23
3	4	26
2	5	22
0	5	21
2	3	22
3	4	23
3	4	23
3	2	25
2	2	22
0	6	91
0	15	91
2	5	22
6	5	24
7	6	27
1	-1	91
6	10	25
0	3	20
9	9	28
2	4	22
4	3	23
0	28	90
3	8	22
3	6	24
1	5	21
8	11	30
6	8	25
5	8	24
2	2	24
6	12	31
2	5	22
6	6	26
4	7	22
5	9	26
1	4	22
0	4	22
6	10	25
2	7	20
2	4	21
1	3	24
8	11	35
2	-1	88
7	10	34
6	10	31
6	11	31
6	10	31
4	7	23
4	8	24
3	8	23
3	7	22
3	7	21
4	8	30
4	9	24
9	13	29
2	5	22
3	8	23
2	6	21
6	7	24
0	12	91
4	6	23
2	6	23
8	14	32
2	6	24
3	6	21
6	13	30
1	5	20
1	2	21
2	8	23
3	6	22
9	15	34
9	10	30
8	10	31
6	10	32
7	9	32
5	9	28
7	8	33
3	5	24
4	6	26
3	5	24
6	8	23
1	27	91
2	6	21
2	6	21
4	7	23
5	9	23
3	4	23
3	7	24
7	11	35
6	11	31
6	12	31
6	12	30
5	11	30
6	13	33
6	11	33
4	15	35
5	10	30
5	10	26
3	5	23
2	4	21
5	8	26
5	8	28
5	7	21
2	6	21
1	5	20
6	10	30
6	9	26
4	8	25
4	7	24
4	6	24
5	6	25
3	7	26
3	8	26
2	7	25
7	10	29
8	11	30
3	4	22
5	8	26
0	16	91
0	12	91
3	7	20
3	8	20
0	21	90
3	4	24
0	23	91
4	6	24
4	36	91
2	5	23
3	6	24
3	8	26
4	6	26
7	9	31
3	6	24
6	9	24
5	8	23
8	10	25
3	7	22
3	6	20
4	26	90
4	9	31
6	10	30
1	3	23
6	12	31
4	8	23
4	7	23
4	6	24
3	7	23
5	7	25
7	12	28
3	7	23
3	9	22
5	7	27
2	5	21
0	4	22
4	8	23
2	6	22
9	13	33
10	15	32
12	15	34
3	8	24
3	7	21
7	8	26
7	8	25
4	6	26
6	8	30
0	7	90
0	7	91
5	13	33
5	10	24
5	10	26
2	4	21
0	6	90
3	8	24
0	4	23
3	6	24
4	25	91
2	3	22
2	3	21
2	7	22
7	8	31
4	7	30
6	9	27
3	5	20
9	11	30
4	6	25
4	8	31
9	11	30
0	2	20
0	3	21
0	4	20
3	9	25
1	4	21
4	10	25
0	4	21
0	4	20
0	13	91
4	8	26
5	9	26
3	8	23
3	6	23
3	7	21
6	10	30
7	11	33
9	15	35
5	9	25
7	11	32
7	10	28
9	13	31
4	5	24
4	8	22
3	5	24
3	4	23
7	10	30
7	11	30
0	1	91
0	13	91
6	12	25
5	7	25
1	3	21
0	16	90
6	7	25
6	12	26
9	17	37
11	15	36
9	12	34
1	4	21
1	8	22
2	5	20
3	6	22
5	8	30
4	5	22
7	9	31
7	8	27
2	5	21
5	10	27
4	7	24
0	9	90
0	11	91
4	8	30
10	16	36
6	6	32
7	8	31
1	3	22
3	7	23
6	10	26
4	9	22
5	7	23
9	14	39
1	4	22
3	6	25
4	9	26
2	5	22
6	7	25
5	9	31
4	9	26
6	7	24
9	10	35
10	13	31
0	3	20
1	6	21
4	7	22
3	5	24
3	5	23
7	11	34
4	8	25
2	17	91
0	3	23
2	2	22
3	2	21
7	8	30
7	11	31
1	5	21
3	14	50
6	5	24
7	11	30
1	6	21
1	4	20
1	7	22
0	-1	87
0	-1	87
5	8	24
6	9	26
5	11	32
6	10	25
6	9	26
2	4	22
3	7	24
8	11	29
6	12	34
2	4	21
8	12	37
8	11	32
3	9	25
2	11	24
3	7	22
6	34	91
0	13	90
0	9	90
11	16	42
3	9	26
4	9	24
1	4	22
3	5	20
2	6	21
2	5	21
2	6	21
4	6	23
5	8	24
7	13	34
5	11	30
5	10	25
5	11	25
3	7	21
0	5	20
3	8	21
8	9	31
4	7	22
6	10	24
7	11	27
4	4	24
6	11	27
3	7	22
4	10	24
6	14	30
6	9	25
7	16	32
4	7	23
3	6	22
3	8	25
2	7	22
3	10	23
3	9	24
5	8	23
5	10	24
5	8	25
4	9	26
8	12	32
4	7	25
6	6	27
3	6	22
10	15	33
5	9	25
6	9	30
3	4	26
9	9	34
7	10	31
8	9	30
9	12	34
2	9	24
3	7	23
8	9	25
11	12	33
5	9	30
5	8	25
8	11	31
3	7	25
4	7	24
5	8	27
2	4	20
3	6	22
3	9	24
8	10	31
9	10	30
12	11	35
4	8	26
3	8	23
3	8	22
2	7	20
3	6	25
1	4	21
3	4	27
7	10	30
2	8	21
6	10	32
6	9	26
5	7	26
10	12	35
4	8	23
5	5	25
1	5	20
4	8	27
3	7	22
6	11	30
7	10	27
1	7	21
4	6	25
5	9	22
10	10	31
3	7	22
10	12	38
10	12	36
13	15	42
3	6	25
4	9	22
3	7	24
6	10	30
6	10	27
5	7	26
0	4	21
5	7	22
1	5	21
0	12	90
1	6	20
3	7	20
6	10	27
1	5	23
3	7	21
0	9	91
0	8	90
0	8	90
1	12	91
0	3	56
0	7	91
0	9	91
0	8	91
0	8	91
0	7	90
0	8	90
0	9	90
0	11	90
0	10	91
0	10	91
0	7	90
0	11	91
0	4	91
0	10	91
0	7	91
0	9	90
0	9	90
1	4	21
0	11	91
0	12	90
0	-1	90
0	8	91
0	8	85
0	15	84
0	10	91
0	6	89
0	7	91
0	2	90
0	12	91
0	6	90
0	10	91
4	8	22
0	15	90
5	13	90
0	7	90
0	4	91
0	5	90
0	12	88
3	6	21
0	13	90
0	4	91
0	5	91
0	8	90
0	11	89
0	9	82
0	9	82
1	5	89
3	7	23
2	6	21
1	5	21
4	8	26
11	8	38
6	9	26
2	4	22
2	7	25
0	8	91
0	14	90
0	15	90
0	14	91
0	8	91
0	10	91
6	10	26
10	12	32
6	9	27
1	5	23
4	10	27
3	10	26
6	12	30
9	13	34
8	12	34
2	9	24
2	5	21
2	6	21
5	8	22
0	14	91
4	5	24
1	25	90
5	9	24
4	9	25
3	8	24
4	11	26
0	7	90
3	7	23
3	19	90
2	5	23
6	13	31
5	8	27
4	9	23
7	11	31
0	3	22
3	7	22
3	8	21
4	8	23
4	7	21
3	8	23
3	7	22
4	8	24
4	9	23
0	8	90
3	6	21
2	5	21
2	7	21
3	9	23
2	5	20
4	6	23
6	7	24
3	7	21
6	7	24
3	8	22
4	7	22
3	7	25
2	6	21
2	11	25
5	8	24
5	10	28
5	8	25
5	8	24
3	7	22
3	8	21
2	8	21
7	8	25
6	10	36
4	7	23
0	11	90
9	12	33
5	6	27
6	6	25
2	4	20
5	9	25
6	9	24
3	12	87
2	9	24
2	6	20
2	7	25
2	6	20
4	8	23
4	8	21
3	9	24
4	10	27
5	10	26
3	8	28
4	8	22
3	10	23
8	10	31
7	8	26
1	6	22
0	6	21
8	9	26
4	8	23
6	7	26
3	6	23
4	9	30
10	24	48
4	6	22
6	9	27
4	6	22
4	8	23
6	9	24
3	6	24
4	5	22
2	4	21
3	6	22
5	7	24
5	7	23
4	9	25
3	7	23
4	9	25
6	9	23
4	6	23
4	9	23
1	3	24
0	3	23
1	3	21
2	6	22
3	6	22
5	10	26
6	12	31
4	9	24
10	12	34
6	12	30
6	10	26
7	11	27
8	11	30
7	9	28
6	12	28
4	11	26
6	10	28
7	11	27
8	11	31
6	7	25
3	8	23
3	7	22
9	11	31
3	9	22
8	9	30
7	8	27
7	10	30
6	9	31
6	12	32
6	10	33
6	9	31
6	11	32
5	11	30
1	5	21
4	10	25
3	7	22
3	8	23
4	8	24
7	12	31
3	8	22
2	5	21
2	7	22
3	6	21
4	9	22
3	5	23
3	7	23
3	7	20
5	7	24
8	11	29
0	13	90
5	8	25
0	19	90
7	9	30
5	8	24
6	9	25
7	9	26
9	9	33
8	8	32
1	6	21
2	6	24
3	8	23
8	9	31
6	11	27
5	11	26
7	10	32
3	6	24
5	8	22
8	9	31
7	13	33
6	9	30
5	8	30
1	3	23
0	3	22
6	9	28
4	5	21
3	6	22
8	12	29
0	2	22
1	22	91
0	23	90
3	5	21
6	11	31
7	9	28
7	9	26
3	7	21
6	9	25
4	9	24
0	9	70
5	8	22
4	7	24
2	9	23
3	9	24
3	8	22
3	8	21
2	5	22
2	5	21
4	10	27
1	6	21
5	6	26
4	7	24
3	6	23
3	3	22
2	3	21
3	6	21
5	9	31
1	5	21
0	35	91
7	12	29
3	6	22
5	11	24
7	14	33
5	5	22
6	8	25
0	9	91
0	10	91
7	7	32
3	7	25
2	8	24
6	10	30
8	11	30
2	18	91
1	8	23
6	9	24
7	11	32
2	8	25
7	13	31
2	4	24
1	9	21
9	11	31
6	8	26
0	3	21
6	12	30
6	13	31
6	13	32
7	12	32
8	13	31
7	10	29
9	10	30
5	10	30
1	6	21
6	10	27
6	9	29
5	9	25
2	4	24
9	10	33
7	11	29
4	6	23
1	4	22
11	15	36
11	15	40
9	12	35
2	4	22
2	5	20
1	9	91
0	-1	90
5	7	25
7	8	26
9	11	29
4	5	26
2	6	21
5	34	91
2	5	20
2	5	22
6	11	27
6	11	25
3	6	22
5	4	30
6	14	35
4	8	25
2	8	21
3	6	22
3	6	23
1	7	24
1	6	22
0	3	23
0	5	21
0	6	22
2	2	22
0	1	22
0	3	21
4	11	24
0	9	88
7	13	33
7	12	31
7	15	33
8	13	32
8	15	33
8	12	28
2	5	21
10	11	34
6	11	26
3	36	90
1	5	20
2	6	22
1	5	20
1	5	20
5	8	25
8	9	28
3	6	22
5	9	30
4	5	23
0	2	22
2	5	21
1	2	20
7	9	30
2	8	25
6	7	23
2	7	22
7	11	30
3	9	24
6	11	30
2	3	21
5	6	24
9	12	33
1	3	22
6	9	27
2	5	21
4	6	24
2	6	21
0	13	91
1	5	22
2	4	22
2	5	20
2	5	22
3	8	24
3	5	22
6	5	31
0	2	90
5	7	25
4	4	23
3	7	22
7	8	24
4	7	23
3	6	23
5	10	25
3	6	24
0	3	20
3	5	24
8	11	28
8	9	34
7	10	33
7	10	31
3	6	22
0	11	91
1	3	22
5	7	28
3	7	21
5	10	27
6	9	32
7	13	33
5	7	24
3	9	22
4	37	90
4	9	25
3	6	23
4	8	23
3	9	24
5	8	26
4	9	24
0	-1	90
3	5	22
4	10	25
7	9	27
3	7	23
0	3	21
3	7	23
4	8	26
5	8	23
8	10	27
3	9	26
2	5	22
4	11	24
8	11	28
4	10	25
6	12	29
4	7	24
4	9	23
2	10	24
2	9	23
3	5	22
6	11	26
7	12	26
8	11	29
5	8	24
6	6	26
6	12	31
6	11	29
9	10	28
7	12	28
6	10	25
7	10	26
8	11	30
6	10	27
5	6	25
2	5	21
3	6	22
3	6	22
3	7	23
4	5	23
5	7	22
4	6	28
9	12	31
3	7	22
2	4	21
7	11	35
5	7	24
2	9	23
3	8	22
9	14	30
1	4	20
2	8	21
3	6	22
3	7	22
3	7	25
2	5	21
3	8	24
7	12	30
6	9	26
5	9	25
3	4	23
3	5	22
2	7	22
3	7	21
14	14	43
8	12	31
2	5	21
8	9	32
3	8	22
5	9	24
1	3	21
1	24	90
7	9	28
2	2	21
4	11	25
6	11	31
6	12	28
9	13	34
4	10	27
5	9	26
10	14	33
6	10	29
5	10	31
6	8	23
6	11	24
7	13	30
11	19	39
10	15	35
2	4	21
1	4	20
1	8	24
6	7	26
6	12	26
0	12	91
0	9	88
6	9	23
4	10	25
1	6	21
4	9	23
1	21	91
2	7	22
2	6	20
7	8	24
3	9	22
3	5	21
0	4	21
4	7	24
4	9	31
3	7	22
5	10	26
5	9	25
2	8	24
2	6	24
3	6	21
3	7	23
4	7	26
3	9	23
3	8	25
3	7	24
3	6	23
6	10	25
8	9	31
5	9	25
4	8	23
4	7	23
3	6	22
2	5	21
4	8	25
1	3	20
2	5	21
6	9	28
5	8	24
4	8	23
6	9	26
3	5	26
3	5	25
2	4	21
3	5	23
2	4	20
3	12	30
8	10	28
7	8	28
4	7	25
4	10	27
3	27	91
5	8	26
6	7	26
6	8	26
7	10	30
1	38	90
1	4	20
5	10	28
3	7	24
0	7	23
1	5	22
1	4	21
2	6	20
2	5	23
4	8	23
0	-1	90
5	9	31
4	7	25
5	12	30
3	10	24
4	10	25
1	4	22
3	6	22
3	7	23
5	8	25
1	6	21
0	29	90
8	10	31
5	11	27
1	4	22
8	10	31
6	13	29
1	4	22
4	9	23
4	7	24
4	7	23
4	13	30
2	5	21
4	8	22
5	7	23
3	6	24
3	6	23
4	7	23
2	6	20
3	5	23
3	5	22
2	6	24
2	5	21
5	10	30
4	5	23
4	10	27
3	8	25
8	13	35
2	5	23
3	6	23
1	6	22
2	5	24
0	2	21
2	6	21
8	8	27
8	7	26
2	6	22
4	8	23
4	25	91
3	26	91
0	5	32
0	5	31
0	5	30
2	5	21
3	7	23
1	21	90
2	6	26
2	6	24
1	4	21
6	7	24
7	7	29
3	5	20
2	4	20
4	9	30
2	6	23
3	7	24
1	4	22
2	5	21
5	5	25
1	2	20
3	7	23
1	5	21
6	11	27
0	9	91
0	10	91
0	9	90
3	6	22
2	6	22
0	2	22
1	3	21
0	3	21
0	3	21
0	3	24
4	9	23
3	5	22
3	6	21
3	4	21
3	8	25
7	9	27
8	11	29
11	12	33
9	10	31
9	10	32
4	9	24
7	12	30
2	6	22
7	12	32
4	7	24
0	5	20
2	4	21
6	10	25
0	-1	90
0	37	90
5	10	28
2	7	24
4	10	25
3	9	24
4	8	25
4	11	30
2	7	24
3	8	23
8	9	27
7	10	26
8	12	35
9	11	33
8	11	31
1	23	90
3	7	24
3	8	23
6	11	26
4	7	24
7	10	31
4	5	22
2	8	21
7	7	31
7	7	30
8	8	33
6	8	26
6	10	31
6	10	28
4	10	25
3	10	25
1	8	20
4	8	24
6	10	26
4	9	24
6	9	25
5	11	27
5	7	24
1	25	90
2	24	90
1	6	20
9	11	29
7	10	32
3	5	23
2	5	23
8	12	32
9	9	30
6	9	25
6	9	26
5	9	28
4	8	25
8	9	26
1	24	90
4	9	24
2	5	23
3	7	23
4	5	21
6	13	32
3	7	22
8	10	29
1	14	91
4	9	23
5	7	25
10	12	35
1	5	22
3	7	23
5	9	24
6	7	26
5	5	25
1	25	91
2	5	21
2	6	21
6	8	26
4	36	90
2	7	21
5	11	27
2	4	20
6	13	31
4	10	31
3	6	23
5	9	26
3	9	26
0	5	82
0	0	32
5	9	25
4	10	26
5	6	25
4	6	23
8	10	30
6	8	26
7	10	33
3	5	25
4	5	26
3	4	23
3	4	24
4	6	26
4	7	25
4	7	24
4	8	25
4	8	24
3	9	25
3	8	26
3	6	22
4	6	25
1	4	22
0	3	21
0	3	21
3	7	23
3	5	21
5	8	27
4	7	25
8	10	29
4	9	25
4	7	23
5	8	25
3	6	23
7	10	26
7	12	28
0	21	91
8	11	29
9	13	29
10	15	32
9	15	32
9	14	31
1	5	21
4	7	25
7	9	25
2	4	24
6	8	24
1	4	20
0	10	90
2	5	22
2	5	21
4	7	22
5	8	26
1	26	90
4	6	24
3	6	23
4	11	30
2	11	23
7	12	30
5	8	31
6	9	32
3	4	22
9	13	34
9	14	35
8	13	32
8	14	32
6	13	31
5	10	29
5	9	26
2	5	23
8	12	30
8	8	26
6	13	29
3	11	26
8	16	42
5	8	27
5	12	28
5	11	27
4	7	23
5	8	27
8	12	28
7	10	27
7	10	27
4	5	25
4	6	25
3	5	24
8	10	27
9	11	34
4	8	23
3	7	21
0	7	91
0	5	20
7	10	32
5	5	25
4	12	25
1	5	21
3	7	24
4	6	24
6	12	26
0	2	21
4	6	23
4	7	24
2	6	21
6	6	29
7	7	28
4	9	24
5	6	31
1	3	21
6	9	35
1	2	21
4	6	23
2	5	22
0	3	25
0	3	24
0	30	91
11	13	34
8	12	27
8	11	27
4	9	31
5	10	36
5	6	26
0	3	21
3	6	22
8	9	28
10	10	31
4	8	25
0	12	91
5	9	24
3	4	23
1	5	22
7	13	29
3	7	23
2	4	21
2	5	20
8	8	31
1	10	91
7	9	27
0	7	91
1	7	22
6	10	32
0	8	54
0	12	90
4	31	90
6	10	29
0	7	62
0	2	20
5	8	26
4	8	23
6	7	23
2	6	21
3	7	21
3	8	25
0	5	20
9	6	35
8	11	31
7	11	29
2	6	23
2	5	21
0	3	25
0	2	22
10	14	36
7	9	28
8	9	27
6	8	29
2	4	21
4	9	22
7	9	26
4	6	24
5	10	25
0	8	89
3	27	91
3	6	23
3	6	20
0	4	20
3	8	21
4	6	24
2	6	21
3	5	22
2	5	22
4	11	29
4	12	27
3	13	27
3	8	24
3	7	24
3	7	22
0	8	91
0	6	90
0	9	91
6	9	26
1	7	21
1	2	22
1	5	22
2	5	22
6	7	24
1	7	88
0	13	89
0	3	21
0	1	21
2	8	22
5	9	25
8	11	38
7	10	33
6	8	31
0	7	91
0	8	90
3	4	20
3	7	23
3	8	22
3	7	22
2	5	22
6	9	26
4	7	23
5	8	27
5	9	28
6	6	24
2	5	21
3	8	30
1	4	22
2	6	22
0	-1	91
1	-1	91
7	13	33
0	5	20
0	3	22
0	3	25
1	2	22
0	3	22
1	4	21
0	3	20
7	8	25
1	6	20
0	4	20
5	8	25
6	11	27
2	28	91
0	4	21
3	5	22
6	7	25
2	7	22
3	7	22
4	10	30
12	14	36
0	7	90
3	5	22
3	5	22
8	11	27
10	13	31
9	11	27
8	13	28
9	11	30
8	12	32
8	13	29
3	8	25
1	2	21
3	8	25
4	6	22
6	9	29
5	6	26
3	5	22
4	10	24
4	11	24
3	9	25
5	8	24
10	13	33
3	7	21
4	8	24
0	6	91
0	25	91
3	6	21
0	15	89
0	12	91
4	10	91
8	8	27
3	8	24
2	5	21
2	6	21
3	8	25
0	13	90
2	7	22
0	4	21
0	10	91
6	9	27
7	9	28
6	8	25
2	37	91
3	6	23
3	5	22
2	5	20
2	7	22
6	10	26
6	10	27
3	7	21
8	12	30
2	7	22
3	7	23
2	5	21
2	4	21
5	8	24
8	12	30
5	7	25
5	7	24
8	7	29
4	26	85
4	8	24
4	11	27
7	9	31
9	12	32
8	11	30
6	11	29
7	10	28
3	8	25
2	8	23
4	12	30
1	4	20
3	9	24
2	7	23
3	7	22
2	8	21
3	6	22
4	12	25
3	9	22
7	9	30
2	7	22
3	7	21
1	5	20
3	7	21
2	6	20
0	10	91
2	4	21
0	35	90
0	-1	90
3	6	23
4	8	25
4	8	23
3	9	21
0	26	91
0	25	91
0	8	90
0	11	91
2	4	21
7	9	25
7	8	27
0	5	21
6	7	23
2	5	21
2	5	21
5	10	30
4	16	90
6	8	30
5	6	25
5	4	25
5	7	28
7	6	30
5	9	25
6	9	27
6	9	26
6	7	27
5	8	27
5	7	23
2	5	24
4	7	24
4	9	26
4	13	32
5	12	33
5	11	28
5	10	27
4	13	27
4	12	25
3	7	22
6	10	26
0	4	23
2	3	22
4	8	22
1	5	22
2	7	22
3	7	21
3	7	22
4	4	22
3	7	25
4	8	25
14	15	39
10	12	33
8	10	27
0	21	90
0	4	23
6	10	30
6	9	27
0	-1	91
5	8	27
8	10	28
4	7	24
3	6	91
0	2	74
0	0	91
0	0	91
0	0	90
0	1	90
0	3	91
0	5	91
0	0	91
0	0	91
0	4	86
4	7	24
4	4	25
11	12	39
11	11	37
11	11	36
3	7	24
8	9	29
7	8	26
7	9	25
7	14	30
7	14	31
5	36	91
8	9	28
5	8	32
3	5	25
9	10	36
0	1	22
1	1	25
0	2	24
0	2	21
0	1	23
2	4	21
3	7	25
5	9	26
4	6	24
7	11	32
7	8	25
6	7	25
3	8	22
3	6	23
2	6	23
8	10	31
6	9	24
4	9	30
0	6	91
0	13	90
5	8	25
3	6	22
2	6	23
2	4	21
3	6	22
3	6	21
10	13	35
3	5	24
4	6	23
3	6	21
0	21	90
9	15	32
9	14	31
5	7	24
1	3	22
3	7	22
2	7	23
3	7	21
4	5	23
7	12	30
0	4	79
0	7	79
0	5	91
4	6	24
0	3	90
0	9	91
3	5	22
5	5	22
2	5	20
0	4	21
0	5	20
7	14	35
2	2	22
4	8	34
12	12	39
7	10	28
7	9	30
7	8	26
6	8	26
4	7	22
9	14	35
13	17	39
4	8	25
7	12	32
6	12	29
5	11	26
6	11	26
4	10	25
4	10	25
4	10	24
4	9	23
4	9	24
3	9	26
4	9	26
3	8	24
2	7	22
6	10	25
4	7	24
2	5	23
3	7	22
1	7	22
4	8	24
7	11	31
4	6	23
1	6	21
3	10	21
7	12	31
3	12	25
6	9	25
6	9	26
3	9	22
0	3	21
6	8	26
6	13	30
6	10	32
7	7	27
6	7	26
7	10	31
2	6	21
3	9	23
3	10	24
3	7	24
1	8	22
6	11	27
7	8	29
7	9	31
7	13	28
4	5	26
3	8	23
2	7	21
4	12	26
5	8	24
3	7	21
4	8	23
3	8	22
2	7	21
6	9	26
6	10	25
6	7	23
4	9	25
5	7	23
0	38	91
0	38	91
0	-1	91
0	3	20
30	36	91
0	-1	91
0	-1	91
1	-1	91
1	19	91
1	-1	91
8	11	30
10	13	32
10	14	35
9	14	32
5	6	24
0	9	91
0	10	90
3	6	23
6	12	30
7	10	27
3	6	22
3	7	21
6	7	26
4	8	22
5	8	25
3	8	24
3	7	24
4	7	25
6	8	24
2	8	25
2	6	22
3	40	91
4	8	26
8	11	28
5	8	25
6	7	25
4	8	26
4	8	23
3	7	21
4	7	24
10	10	29
6	7	24
5	8	28
2	7	23
3	4	22
4	5	24
5	7	23
5	4	25
0	28	90
5	10	25
6	10	26
1	5	21
2	6	24
2	4	22
8	11	30
0	22	88
2	7	20
1	7	23
5	7	26
4	12	30
5	8	25
2	7	23
7	15	34
0	12	64
1	23	91
4	8	23
1	4	20
1	6	21
4	8	23
5	9	26
8	12	29
3	7	22
4	8	24
6	10	30
5	7	23
3	8	22
3	8	21
5	6	23
6	7	25
1	8	24
2	7	23
2	7	21
2	7	22
2	6	22
0	4	91
0	5	91
7	10	34
2	7	21
2	6	23
10	13	33
0	13	60
0	9	90
5	9	25
3	6	22
3	5	22
3	11	30
4	9	26
3	9	25
5	10	24
5	6	25
4	10	24
9	10	31
2	10	23
2	10	24
7	9	26
6	12	31
6	10	26
1	4	22
2	5	22
3	8	23
7	9	24
0	27	90
0	27	90
0	25	91
9	15	32
6	12	27
6	10	25
0	13	91
0	12	90
3	26	91
4	26	91
5	27	91
6	27	91
6	-1	91
6	28	91
7	-1	91
3	7	21
4	7	22
6	7	26
6	11	31
3	8	22
2	3	21
6	7	25
3	7	22
2	6	21
3	7	23
3	6	23
8	9	27
4	9	24
4	8	24
2	6	22
6	10	32
4	7	24
4	7	23
0	6	22
1	4	22
0	5	20
1	24	91
9	12	33
7	13	32
8	11	31
8	12	31
8	13	31
7	13	33
9	13	34
7	11	33
8	12	32
9	12	31
8	12	30
8	13	31
7	12	28
7	12	29
8	13	31
4	7	27
4	8	24
4	8	23
3	7	21
4	7	22
3	5	22
3	7	23
3	8	24
5	7	28
4	6	22
6	9	26
5	7	25
6	8	24
5	7	26
4	7	21
7	10	30
5	8	26
6	8	27
7	11	34
9	10	33
2	7	21
1	3	22
7	11	31
3	7	23
4	6	21
5	8	30
11	15	39
4	6	22
5	7	23
2	3	24
2	4	25
2	3	26
0	14	91
1	10	91
4	7	23
4	8	25
6	10	31
4	8	23
2	6	22
5	11	29
0	12	91
0	6	91
6	9	25
3	5	22
1	4	20
0	3	21
0	2	22
6	9	27
3	7	24
4	8	23
2	6	21
2	5	21
2	7	24
2	7	22
3	6	23
4	7	25
7	10	32
4	6	24
2	9	22
2	8	22
6	9	26
2	8	20
8	8	26
6	8	24
9	11	33
9	12	35
9	12	33
8	6	31
4	6	22
3	6	23
1	6	21
0	27	85
0	4	21
1	5	20
0	-1	91
2	30	90
2	5	24
1	4	21
3	6	20
4	10	23
3	9	24
1	3	23
5	7	24
2	3	23
3	7	22
9	13	35
3	7	23
6	12	30
6	10	25
6	10	26
3	31	90
7	12	31
4	12	27
12	14	37
3	6	21
3	9	23
4	13	28
8	11	28
5	8	23
2	39	90
3	5	24
10	14	37
3	8	22
4	8	22
4	10	24
5	9	24
4	12	26
2	6	20
4	8	23
2	7	21
2	7	20
8	14	32
5	10	26
7	13	30
5	9	25
4	11	25
4	9	25
3	8	22
1	2	20
4	7	23
3	6	24
4	5	24
3	6	24
1	2	22
9	12	32
3	8	26
1	8	22
3	6	20
6	12	26
6	9	25
6	8	24
7	8	26
10	10	33
9	12	35
8	10	30
8	12	32
8	10	32
6	9	28
2	5	22
5	10	25
4	6	22
3	8	20
5	9	26
3	6	22
0	3	21
3	8	25
1	5	20
3	6	21
4	9	24
2	4	20
5	11	32
6	15	32
6	12	31
4	11	27
4	12	27
6	11	27
8	10	26
1	4	21
4	6	33
3	7	23
3	6	23
1	6	20
7	9	30
7	8	24
7	10	26
6	9	24
1	3	21
0	4	22
4	7	23
1	4	21
3	4	22
5	5	25
2	7	21
4	6	21
3	7	23
1	4	21
5	8	25
3	4	21
3	7	21
9	12	34
0	0	23
3	7	25
1	3	20
3	7	22
4	9	25
4	9	24
1	6	22
5	6	23
2	5	21
4	6	24
1	7	22
3	6	22
3	6	22
5	5	30
4	9	26
7	11	29
1	4	24
2	6	23
2	7	22
8	12	27
9	12	29
7	9	23
1	24	90
2	6	22
9	12	33
3	7	22
2	8	23
2	7	21
4	9	24
4	8	23
2	9	24
3	5	21
0	10	77
3	9	24
3	9	24
3	11	25
1	8	30
9	11	31
7	9	27
4	4	27
4	6	23
1	3	21
8	12	34
1	4	26
0	5	24
5	7	24
1	22	88
6	8	27
4	24	90
2	8	22
5	7	25
4	7	24
3	9	91
1	6	91
1	6	23
4	7	21
3	6	22
1	2	21
9	11	31
1	4	21
0	14	90
4	6	25
4	9	30
4	7	24
3	6	23
8	8	29
7	8	30
9	11	34
2	25	90
0	21	90
0	11	88
2	6	20
6	8	25
8	8	27
6	10	26
1	5	21
19	-1	89
1	5	22
0	2	22
0	9	91
1	3	21
6	7	25
2	7	23
3	6	22
4	8	24
2	4	21
4	9	24
3	8	24
0	5	21
8	12	32
7	10	30
5	8	24
2	5	23
8	10	27
1	7	22
3	25	91
5	13	31
6	8	24
7	8	26
2	7	25
4	8	26
3	8	22
3	8	22
1	6	22
7	11	32
4	8	23
5	10	26
5	10	25
7	9	26
5	8	23
0	39	91
9	11	31
3	7	23
6	8	25
10	11	34
7	8	26
4	5	22
6	5	26
8	9	26
3	4	21
4	6	23
8	10	31
8	11	33
3	9	26
3	7	24
3	7	24
1	5	23
3	7	22
6	10	25
6	9	25
6	13	31
6	11	30
5	12	30
1	57	91
11	13	35
9	12	29
2	6	21
0	29	90
4	6	23
3	6	24
3	6	21
10	14	38
0	17	91
0	0	90
4	9	23
2	6	21
2	4	22
0	8	88
6	7	30
5	9	26
4	7	26
4	7	24
3	6	24
0	1	20
4	9	26
0	11	91
0	9	89
4	8	24
3	10	25
4	9	25
4	9	23
9	10	35
8	13	33
5	10	30
0	2	23
7	10	29
4	7	23
7	7	29
5	10	31
8	11	34
1	5	21
7	10	27
9	13	36
9	12	35
3	7	22
3	6	22
7	12	39
2	37	88
3	6	25
2	26	91
4	8	24
4	7	21
3	8	23
2	6	23
1	5	20
9	12	36
9	11	33
8	9	28
8	8	31
7	12	32
7	9	27
8	9	27
9	11	35
0	5	22
2	8	24
5	9	24
3	9	25
3	9	24
5	10	26
3	8	24
3	10	26
5	8	25
10	13	34
6	7	24
2	10	26
9	11	27
2	6	21
4	8	24
5	5	22
5	6	26
4	5	22
5	12	31
8	12	30
7	13	28
8	11	26
9	12	32
4	9	23
1	4	22
1	3	20
6	9	23
4	8	24
8	10	26
4	16	40
1	6	91
8	14	35
5	7	24
0	8	78
4	6	23
3	16	90
2	7	21
3	7	23
2	1	24
3	6	24
7	10	27
2	7	21
3	28	90
0	2	20
7	9	27
5	10	25
6	11	29
3	5	20
5	7	26
3	6	22
1	5	22
2	5	21
0	7	91
0	12	90
0	8	91
3	12	28
0	12	90
2	27	90
6	8	33
2	9	25
4	9	24
3	6	26
3	6	23
11	13	35
2	33	90
12	15	39
2	7	22
6	8	27
2	4	22
5	8	23
3	8	24
1	5	20
5	10	28
6	9	30
5	8	27
5	9	26
4	7	25
3	7	23
3	8	24
4	8	23
4	9	24
2	4	20
6	8	27
6	9	31
9	11	29
3	7	23
1	6	20
5	9	31
6	11	25
4	8	24
3	6	22
6	9	31
5	-1	91
5	11	30
2	7	21
5	10	24
4	7	26
5	9	24
8	13	31
8	10	30
5	14	26
4	11	28
3	8	25
6	9	30
6	11	32
5	10	25
2	6	21
4	-1	91
9	13	31
7	8	27
5	8	24
3	7	25
5	12	31
0	6	22
4	24	90
11	11	37
9	11	31
10	11	32
9	11	32
8	9	29
9	10	30
6	7	28
4	5	23
3	7	22
3	8	24
2	7	22
3	9	22
3	9	25
6	9	26
7	10	31
5	6	22
1	4	20
6	8	25
2	3	22
2	3	21
6	8	26
8	9	30
0	2	22
2	6	20
4	6	23
4	7	23
4	6	23
3	7	24
2	8	22
5	8	23
5	7	23
4	9	23
4	8	23
5	10	26
5	10	30
6	8	23
3	7	23
10	13	34
4	7	25
5	9	24
2	3	22
4	4	24
2	7	20
3	7	24
5	8	26
7	9	30
2	5	22
4	10	25
3	7	24
7	11	30
5	10	25
9	10	27
6	12	30
7	10	26
2	8	21
6	10	31
0	37	90
2	37	90
3	8	23
8	9	28
2	5	21
4	8	22
9	12	32
6	11	30
1	3	22
6	9	26
2	4	24
4	7	23
7	8	23
6	9	31
9	9	31
3	5	21
3	6	22
5	9	25
5	9	27
7	12	30
5	11	30
5	10	26
2	10	21
7	13	32
6	9	26
10	10	37
10	11	34
13	11	40
11	16	39
10	14	35
11	11	35
11	14	35
4	5	30
5	6	23
2	8	21
2	7	20
4	7	26
7	8	26
3	6	22
3	7	24
4	7	24
7	8	27
7	12	32
1	4	25
2	5	22
3	8	23
6	10	26
2	8	22
4	14	26
3	6	25
3	5	24
9	14	34
1	7	22
6	8	24
6	7	25
5	10	24
4	10	25
4	7	22
2	3	20
2	26	91
11	8	34
5	7	23
3	9	23
5	12	27
8	11	30
5	5	24
2	6	21
1	3	21
2	4	22
13	13	36
8	12	30
9	11	30
2	4	22
3	5	22
5	29	91
0	21	90
9	10	31
4	6	23
2	7	22
5	8	26
4	9	26
3	9	25
1	5	21
1	15	90
3	6	24
5	8	24
3	7	24
9	12	32
6	10	30
8	10	30
7	8	27
8	10	28
9	10	31
6	8	26
3	7	24
4	6	25
3	6	26
3	5	23
3	4	24
4	5	23
2	5	22
5	7	29
1	4	21
5	10	28
5	7	25
2	4	21
2	5	22
5	7	24
2	6	24
3	7	23
2	8	22
1	6	22
6	9	30
2	4	20
5	8	24
2	4	22
10	10	30
4	8	24
6	12	30
10	13	32
12	16	38
0	10	90
7	9	26
5	10	24
4	9	23
3	5	25
4	8	23
2	5	21
2	4	22
5	10	31
5	7	26
7	11	31
4	4	24
4	8	26
6	6	25
0	15	90
0	13	90
1	3	21
5	7	25
3	8	24
1	5	21
7	11	31
7	7	28
4	6	24
2	7	21
6	9	27
7	8	26
8	9	30
8	10	26
4	8	22
5	6	25
10	15	35
2	3	24
4	34	91
2	5	21
4	7	23
2	7	22
7	12	31
6	7	27
0	36	90
2	4	22
4	6	24
4	7	27
3	4	23
0	21	90
4	7	24
0	4	21
0	24	90
0	3	23
7	10	30
2	27	88
3	30	91
3	6	22
2	6	20
3	6	22
6	5	26
6	7	27
9	12	34
5	8	26
7	8	29
3	5	21
2	6	23
3	7	24
7	12	32
6	10	27
3	7	22
4	5	24
6	4	26
10	14	38
4	6	24
4	8	22
4	7	21
6	10	27
7	12	29
9	13	36
3	41	91
5	12	30
4	8	24
2	23	91
9	15	34
6	7	30
6	8	30
0	28	91
3	6	21
2	7	22
2	4	21
4	8	24
3	7	22
3	7	21
5	12	30
7	10	30
9	14	33
4	8	25
0	13	91
9	12	30
2	8	22
6	10	26
3	8	25
4	7	23
2	6	20
10	9	36
3	6	23
7	9	26
4	7	22
3	9	22
5	8	23
23	23	73
8	9	31
4	7	25
4	7	24
1	6	21
2	6	23
0	7	91
6	10	27
3	8	23
3	8	23
4	9	23
4	7	26
0	27	91
3	6	23
6	8	26
6	8	26
7	9	28
6	9	29
3	4	21
2	7	21
1	3	25
4	10	26
6	7	25
4	8	26
6	13	27
3	7	22
5	7	26
0	16	90
7	-1	91
5	-1	91
5	-1	91
4	-1	91
4	10	30
1	3	21
2	6	21
3	8	25
3	5	22
2	6	22
3	5	20
4	8	26
5	8	25
3	8	23
4	9	23
2	6	22
4	9	24
0	2	20
3	7	22
4	11	31
4	10	25
3	8	25
3	8	24
3	7	21
5	8	30
4	11	30
5	11	30
4	9	27
2	8	24
5	9	26
2	8	23
2	8	21
4	8	23
12	14	44
6	10	24
4	9	24
0	19	90
5	12	32
3	7	23
3	32	91
5	9	27
7	9	24
3	8	22
3	24	91
8	11	31
7	7	31
4	7	22
5	13	33
3	8	25
4	10	25
4	6	23
3	5	22
2	4	20
2	3	20
3	6	24
4	5	21
4	11	24
6	9	31
9	8	30
7	11	34
5	9	26
6	10	26
1	5	21
2	7	24
2	3	22
4	6	23
2	4	24
1	6	21
4	6	23
0	2	21
4	6	20
0	6	91
6	12	30
3	6	22
5	6	24
6	10	26
7	10	27
7	10	27
4	14	30
5	9	26
4	8	25
7	10	32
5	7	25
1	28	90
4	8	23
12	14	37
7	9	26
8	9	28
4	8	25
5	9	24
2	7	22
9	10	34
3	6	22
5	7	29
4	11	23
5	6	25
5	9	23
0	4	22
5	6	25
4	7	23
6	8	26
9	7	30
9	8	32
9	10	33
2	6	21
0	35	90
0	35	90
5	11	26
3	5	22
3	6	24
7	9	27
7	9	27
1	-1	91
1	-1	91
5	9	26
10	11	37
3	6	21
2	6	21
2	4	22
1	5	23
3	7	23
1	2	22
3	5	23
3	8	25
5	8	25
5	10	27
4	8	22
3	10	25
4	11	30
6	10	26
4	10	24
4	10	26
6	11	27
6	11	27
0	14	89
1	5	21
3	8	20
6	9	30
5	13	34
5	10	30
5	11	31
5	10	32
3	9	25
2	8	22
2	6	21
5	9	24
3	9	24
4	6	22
2	6	21
7	10	30
2	7	23
2	6	21
1	6	20
4	12	26
4	9	26
4	7	22
1	4	22
0	4	21
0	3	22
1	2	21
3	6	21
7	10	26
5	8	26
5	8	24
1	6	20
3	4	25
3	4	22
3	4	22
5	12	30
8	12	30
7	9	25
0	2	30
0	3	20
5	10	26
2	6	22
3	6	24
6	8	25
7	8	25
10	12	31
3	6	20
4	5	24
6	8	25
6	8	24
5	7	24
4	10	23
5	10	28
3	6	23
9	11	34
8	12	31
5	10	28
1	4	21
2	6	22
4	7	24
1	4	23
6	9	24
8	9	33
3	7	26
3	8	25
3	4	23
4	8	27
6	8	31
5	6	30
3	7	25
4	7	24
3	6	25
3	8	30
3	4	25
5	6	25
3	4	20
6	9	25
3	4	21
5	9	27
4	6	24
3	7	22
2	6	24
4	8	26
3	6	22
3	7	23
4	7	26
29	31	91
16	21	62
0	8	89
1	9	89
5	8	23
1	2	37
5	6	24
3	5	21
2	6	22
3	10	23
5	7	26
1	4	21
3	4	23
2	5	21
8	10	31
7	8	31
4	9	22
3	9	23
5	10	30
3	4	23
5	8	24
5	8	23
0	27	88
4	6	23
3	6	22
1	34	83
2	6	22
3	6	21
3	10	24
2	5	22
1	4	20
0	5	20
6	11	33
6	10	32
8	11	31
5	10	30
4	8	24
2	7	21
9	14	33
5	8	25
4	7	24
4	11	25
3	7	20
2	23	85
5	8	25
10	13	34
3	6	21
3	8	23
4	10	30
8	11	35
5	6	23
5	12	32
3	9	23
0	10	91
2	10	91
8	12	26
3	4	22
2	5	21
0	9	90
1	-1	89
6	8	24
7	11	27
0	5	21
5	8	25
2	7	20
2	7	22
4	6	23
3	9	21
1	4	21
0	6	90
0	12	91
0	8	91
5	6	25
3	8	24
6	9	26
0	12	91
0	13	90
2	6	21
7	10	24
4	4	23
4	-1	90
4	8	24
2	4	21
3	7	22
4	7	27
3	7	28
7	10	31
3	6	22
5	11	26
0	31	86
0	4	22
0	3	22
2	5	22
6	7	22
2	4	21
4	6	25
4	-1	91
9	13	37
5	11	33
8	10	34
6	10	32
7	8	29
5	10	29
3	11	31
0	8	91
4	13	34
4	7	26
9	12	34
9	14	37
10	12	34
9	15	34
3	7	26
4	6	25
5	8	25
5	9	27
4	7	28
10	10	33
2	5	21
3	6	23
3	8	23
1	5	23
5	5	24
5	6	21
5	7	23
5	8	23
2	3	23
3	6	22
5	8	25
3	5	26
0	3	21
4	9	30
4	5	24
5	9	24
5	8	25
1	3	21
0	2	22
10	14	34
3	7	22
6	10	31
10	13	39
2	7	23
4	9	26
8	6	31
11	9	34
11	14	38
3	9	24
6	7	26
0	5	91
0	7	91
5	8	24
5	9	30
4	9	26
4	9	25
4	8	26
4	8	25
4	7	23
3	7	23
3	7	23
4	6	24
5	6	24
0	3	24
1	4	23
1	5	23
9	8	27
4	7	23
0	25	90
6	4	31
5	8	23
6	8	24
4	8	22
1	4	21
2	24	90
0	4	22
0	5	24
0	4	23
1	24	90
1	3	20
2	4	20
2	4	21
2	5	24
0	3	20
1	9	24
7	14	34
7	10	24
4	5	23
1	4	21
3	5	21
0	22	90
0	11	91
0	7	90
4	8	22
9	-1	41
5	12	31
6	8	24
0	-1	91
5	7	24
2	5	24
3	5	22
3	10	22
3	8	25
4	9	23
3	10	23
0	18	91
0	16	90
4	5	23
2	6	24
2	5	21
6	11	30
6	10	30
1	4	22
7	5	24
0	4	21
7	7	27
5	10	31
1	20	90
1	12	89
0	12	90
8	11	39
2	23	90
3	25	91
5	27	91
7	28	91
8	8	31
6	9	28
2	4	22
3	4	23
2	5	20
3	8	25
3	7	23
3	7	20
4	7	25
4	7	23
4	7	23
3	8	21
2	8	21
4	9	25
2	8	23
2	4	21
0	9	91
5	3	25
6	9	30
2	4	22
2	6	21
8	9	26
6	11	28
2	7	21
6	9	25
3	7	25
3	5	22
7	8	24
6	10	33
3	9	22
2	6	21
5	7	26
0	3	22
0	10	91
1	3	21
6	9	25
3	29	90
5	29	90
9	12	33
10	10	31
8	7	33
5	6	27
5	8	23
3	6	22
0	8	90
3	5	23
4	10	27
4	6	24
3	11	30
3	4	22
2	7	22
3	6	20
5	11	31
7	6	27
5	8	25
4	9	24
8	12	30
2	4	22
4	31	90
4	10	27
4	4	22
8	10	31
4	7	25
3	6	24
3	6	22
4	4	24
3	9	25
1	4	31
0	4	26
6	9	24
2	7	21
4	6	23
5	6	26
11	11	36
3	6	22
2	6	24
6	12	30
9	13	35
6	8	28
8	9	33
8	10	33
6	8	25
2	5	21
2	4	20
3	8	24
7	7	25
7	9	29
5	9	27
4	4	22
3	8	26
0	4	20
7	12	27
3	5	21
7	10	29
0	22	90
5	9	25
2	5	22
3	6	23
5	5	25
4	6	23
1	5	21
2	6	22
2	8	24
3	8	23
4	8	25
3	9	26
8	11	33
6	7	25
6	9	31
5	12	33
3	4	22
2	5	24
9	8	33
2	9	23
2	7	21
1	5	22
4	7	25
2	6	22
3	3	23
4	7	24
4	7	23
2	5	21
3	3	22
5	11	29
0	5	24
2	4	23
1	4	21
1	5	22
4	30	90
3	4	22
0	4	21
9	11	37
6	7	26
6	8	26
6	8	30
0	4	23
0	3	23
5	10	32
6	12	30
7	11	27
8	10	29
7	11	30
3	6	21
4	6	22
6	8	28
1	5	22
2	5	22
2	5	22
7	9	32
4	6	22
7	5	28
8	12	30
8	11	31
9	11	31
3	6	23
1	5	21
5	5	23
7	10	33
6	9	30
3	11	25
2	1	23
2	8	21
6	11	30
6	8	25
5	8	26
1	4	21
0	2	21
3	6	24
5	7	22
2	4	21
2	4	21
4	5	23
4	9	26
3	8	27
6	6	24
1	24	90
2	7	22
8	11	35
0	20	90
7	11	31
7	8	28
3	12	26
4	7	24
4	8	24
2	6	22
3	5	22
5	10	32
8	12	32
2	4	24
3	6	24
0	12	91
0	10	90
8	14	27
5	7	22
2	5	21
6	11	26
9	14	36
2	5	21
10	11	37
5	6	24
9	12	31
4	6	24
4	5	23
3	5	23
4	9	31
5	10	31
5	10	31
4	9	30
3	7	23
2	2	23
10	12	33
3	4	20
0	10	91
5	7	32
1	21	90
6	8	24
2	6	22
3	5	21
4	8	25
12	30	90
0	10	91
0	13	89
2	4	22
3	6	25
6	12	31
6	11	29
5	9	26
2	8	22
3	8	22
4	8	22
3	10	23
5	9	27
4	7	22
6	13	31
3	7	23
4	9	23
4	9	23
6	8	28
4	9	27
6	9	25
1	3	20
5	7	24
1	5	21
0	6	91
2	7	21
7	8	26
2	7	20
10	14	32
7	7	25
1	4	22
3	9	25
4	6	23
7	8	28
6	7	25
4	8	22
0	11	91
4	7	22
3	7	23
8	10	28
6	5	26
4	9	30
6	8	25
0	13	91
1	13	91
8	10	29
0	-1	89
0	10	89
5	5	27
4	6	30
2	5	22
0	1	21
3	7	23
3	5	23
3	5	23
5	6	25
0	3	22
1	3	22
5	11	28
3	28	91
6	-1	91
7	9	30
0	13	91
0	12	91
5	8	28
5	11	28
7	12	27
6	10	26
2	5	22
4	5	22
3	7	24
2	6	21
5	9	27
3	5	23
3	6	24
3	6	22
3	5	22
2	4	22
2	6	22
6	8	25
6	11	26
2	6	25
10	15	35
4	5	23
1	4	22
3	8	25
5	11	25
7	9	26
7	9	24
0	5	21
2	8	24
4	8	23
8	13	32
3	4	22
5	6	25
3	5	23
3	9	22
7	8	31
2	6	23
3	19	90
7	16	34
3	8	25
3	8	23
0	39	86
2	7	22
6	8	22
4	7	24
2	7	22
5	10	31
4	8	27
5	8	25
2	5	21
3	5	22
5	9	26
8	10	30
0	9	89
0	7	89
0	24	90
0	6	89
3	6	24
3	5	23
3	7	24
2	8	23
4	8	26
3	8	22
2	5	22
3	5	23
2	5	20
3	8	24
4	8	25
6	8	24
4	7	22
3	4	23
2	6	21
0	7	90
1	5	87
0	4	91
2	7	21
3	8	22
2	7	21
5	8	25
3	7	22
6	9	31
6	7	27
7	9	33
6	8	30
6	9	30
5	8	30
5	10	26
2	6	24
2	5	23
1	5	22
0	3	22
0	5	20
2	7	22
5	9	30
4	5	24
3	9	27
5	11	33
0	14	91
0	9	90
0	25	90
6	9	25
5	8	25
0	-1	89
5	7	24
4	7	24
4	10	26
5	12	32
3	6	22
4	7	21
8	10	33
6	9	24
1	31	90
3	6	22
0	24	90
4	10	25
3	4	23
8	5	26
4	7	22
0	9	91
2	7	91
3	8	24
3	7	23
3	4	23
2	2	22
5	5	21
2	6	25
1	4	23
6	6	26
5	10	30
2	4	23
3	4	24
4	7	23
5	9	28
5	10	25
8	14	35
2	6	23
2	6	23
1	6	22
2	7	21
4	7	27
3	7	21
4	8	24
6	13	33
1	4	23
3	9	24
7	13	31
5	9	28
9	10	31
1	22	90
6	10	31
4	7	30
6	8	25
4	7	24
7	9	31
8	10	27
7	9	26
2	5	23
1	2	22
0	2	21
0	2	22
5	6	25
4	9	30
5	5	24
0	5	31
2	8	24
1	6	26
4	7	24
8	10	33
3	5	22
1	7	20
7	11	26
6	10	26
10	14	32
10	14	35
9	13	35
2	7	21
3	7	22
2	5	21
4	5	24
6	12	28
0	3	21
4	8	21
10	14	33
8	10	29
6	8	25
9	11	31
6	9	24
3	7	23
3	7	23
4	7	24
2	5	20
3	6	23
5	9	25
3	7	24
8	8	27
11	15	35
2	6	22
6	12	32
8	13	28
3	9	23
6	12	32
5	10	28
6	7	26
0	3	27
6	11	26
7	10	25
6	25	91
4	22	91
1	5	26
1	4	20
3	6	22
2	5	22
4	10	26
6	8	26
7	9	25
6	8	32
1	2	21
7	9	30
2	7	22
5	6	23
8	14	29
2	-1	91
4	7	21
5	8	24
4	7	23
4	9	24
4	6	21
5	8	27
9	8	32
4	10	23
3	6	22
2	5	21
3	5	20
9	10	34
9	11	36
7	8	29
0	15	91
4	6	22
5	8	26
0	8	90
0	6	87
0	9	68
1	3	20
5	8	23
7	9	26
1	20	90
1	4	21
3	4	20
3	7	24
2	4	23
0	1	21
0	7	67
6	9	27
2	3	21
2	3	22
2	7	21
6	7	27
5	8	24
5	7	30
2	7	22
1	15	90
0	18	90
0	-1	91
0	10	90
6	-1	90
6	7	27
9	11	34
1	10	90
0	13	91
6	10	30
9	10	29
8	10	29
5	6	24
2	5	21
3	9	24
0	21	91
4	6	22
2	8	26
3	4	23
2	4	22
4	8	22
5	7	26
4	9	25
4	6	23
6	8	24
3	5	22
5	13	31
4	14	31
6	12	36
3	7	23
2	4	21
1	4	23
2	3	22
1	8	22
1	3	20
0	7	90
0	8	90
3	5	21
4	9	27
3	7	25
3	6	23
1	5	20
3	5	23
0	12	89
5	8	24
3	6	23
6	11	27
7	10	27
7	11	25
2	8	24
4	5	21
3	10	22
5	14	26
0	11	82
3	6	22
3	9	22
0	4	90
5	5	24
1	5	22
3	6	30
3	7	22
7	8	24
7	10	31
3	6	21
3	5	22
8	13	32
4	6	22
4	9	25
5	7	25
1	6	22
6	8	24
8	10	34
3	6	21
5	8	25
4	8	26
5	7	26
5	8	26
6	7	27
0	-1	91
0	10	90
0	12	87
7	6	25
0	3	91
0	5	91
0	26	90
0	23	90
0	25	90
0	26	90
0	26	90
4	10	31
4	6	26
0	20	90
0	11	89
0	9	90
3	7	22
4	8	22
0	7	91
0	5	91
2	32	91
4	5	31
3	5	25
3	7	23
1	6	21
2	4	21
4	7	24
4	9	30
7	10	28
8	12	30
5	5	24
1	-1	91
0	14	91
5	7	25
3	6	21
3	9	23
6	6	25
4	7	23
7	8	35
4	6	25
2	4	21
2	5	23
1	5	24
1	4	24
0	0	21
2	4	23
1	-1	90
0	4	21
7	14	36
1	6	22
2	3	21
2	4	24
2	5	23
6	10	23
0	11	90
6	10	35
3	8	22
4	7	25
5	13	31
5	7	25
2	6	23
0	29	91
4	9	23
2	8	22
5	9	24
3	6	22
2	5	23
3	6	24
5	10	22
4	5	25
7	12	32
6	27	91
0	6	50
4	7	23
4	10	30
7	13	36
4	7	24
8	9	31
6	8	28
12	7	38
0	15	91
0	-1	90
0	27	90
2	4	23
8	13	29
2	8	26
5	7	24
1	4	20
0	6	90
4	8	25
6	6	25
3	6	21
5	5	23
0	18	91
0	11	90
11	12	35
10	12	30
3	6	21
4	7	26
4	7	24
5	9	30
2	4	21
3	9	25
3	7	22
4	8	26
0	9	84
5	10	24
8	12	30
9	10	28
8	9	28
4	4	24
0	-1	90
2	6	24
5	5	25
2	6	22
3	6	22
4	6	24
4	7	26
3	5	23
3	7	24
8	8	30
3	10	25
4	4	25
4	7	25
0	5	30
1	4	25
2	5	23
2	5	22
8	11	35
3	5	20
5	7	24
6	9	27
7	8	26
1	7	22
12	10	36
2	7	22
1	3	24
7	7	28
6	7	27
7	8	29
8	8	29
6	9	31
1	2	22
2	6	22
3	6	23
4	7	24
2	6	22
2	3	20
2	6	22
6	8	26
8	9	31
9	9	30
6	8	26
6	8	25
7	9	24
3	6	24
3	6	22
3	6	21
2	5	23
7	9	26
2	5	21
2	8	22
8	9	27
4	7	26
4	10	23
1	3	21
7	10	31
2	5	22
3	5	21
2	5	21
1	4	88
0	5	91
3	9	23
1	5	23
8	11	32
3	3	23
3	26	86
3	11	24
5	7	25
4	9	24
2	8	22
5	7	22
4	7	22
2	3	24
2	5	22
6	6	25
3	34	77
9	16	37
0	8	91
4	7	23
31	20	90
8	10	27
4	7	25
3	7	25
3	7	24
5	8	30
3	6	21
9	13	32
1	4	21
5	8	24
4	28	91
3	7	22
7	9	27
1	7	23
4	6	22
8	9	33
3	6	25
0	27	91
0	29	91
0	6	90
0	7	89
4	25	91
2	4	22
3	5	24
3	5	23
3	6	21
1	4	21
0	34	90
0	32	90
3	7	25
2	7	24
0	5	21
3	26	91
3	26	87
2	3	22
3	7	22
1	7	21
2	10	24
2	9	23
3	5	22
3	6	24
8	8	29
6	6	25
4	7	23
3	5	23
3	6	25
5	8	31
3	5	20
0	0	20
4	6	24
1	4	23
0	8	90
0	8	91
7	13	33
5	9	23
3	7	23
13	8	44
12	8	38
5	9	24
5	6	24
2	5	20
9	10	31
8	10	29
0	24	91
3	7	23
1	6	21
3	2	31
5	11	30
5	8	24
5	10	35
6	7	24
5	7	24
6	7	24
0	13	91
0	18	91
3	4	22
0	3	23
3	6	22
1	4	23
3	3	21
4	7	24
4	8	23
7	8	27
0	4	20
5	7	24
5	6	29
6	7	30
2	3	26
8	10	38
6	8	25
3	6	23
5	8	21
6	10	30
7	11	30
6	8	25
4	6	21
5	9	24
3	7	24
5	7	26
2	4	21
1	4	22
8	15	32
8	13	31
6	9	27
8	15	31
8	12	28
0	8	89
3	5	20
5	7	24
0	2	25
0	31	90
0	7	91
0	14	89
3	7	23
2	6	21
4	9	23
2	8	24
4	7	23
2	6	20
6	8	24
0	33	90
5	9	25
8	11	34
6	9	26
1	5	21
4	6	22
3	7	23
3	4	22
3	6	23
5	7	24
8	10	27
8	9	29
2	5	22
1	21	91
1	22	91
4	4	24
4	5	24
4	4	23
0	4	91
0	7	89
7	10	29
3	6	21
2	4	20
2	5	22
1	7	22
7	10	28
7	9	26
9	11	31
6	7	25
4	8	29
4	6	25
4	4	23
5	6	25
2	7	20
4	8	23
3	6	23
6	8	30
0	5	21
4	5	22
4	8	24
7	11	30
2	4	22
5	11	29
3	6	22
5	9	24
7	11	31
7	9	27
7	14	33
4	6	23
4	8	21
1	6	22
4	10	23
2	5	24
3	8	35
8	12	34
4	8	25
6	9	26
3	7	22
2	6	23
2	5	21
4	10	23
0	6	90
0	7	91
3	9	25
9	12	31
6	8	24
7	11	30
1	5	20
5	7	23
4	6	24
2	5	23
3	6	22
8	13	31
8	10	28
8	12	27
7	10	25
8	10	27
1	24	90
3	8	23
4	8	22
2	4	20
5	9	22
3	7	22
6	10	27
6	11	30
3	8	26
1	6	21
2	6	24
7	12	29
5	9	25
2	7	23
4	9	24
4	7	24
4	5	21
4	5	22
4	5	22
5	23	91
1	4	22
6	8	30
3	8	24
8	11	32
4	27	91
5	10	32
5	7	26
5	6	24
1	22	90
4	5	23
4	7	25
4	7	24
4	7	25
4	7	24
3	8	23
3	7	24
5	6	25
10	11	33
7	11	29
4	8	23
5	11	31
4	6	21
5	11	30
7	9	27
5	7	24
4	6	24
2	7	23
3	8	22
8	15	31
6	9	27
4	5	23
6	8	24
0	26	90
7	11	28
1	5	21
5	9	27
4	8	25
0	8	90
7	11	27
1	6	21
2	6	21
3	6	24
2	7	22
2	7	22
2	5	22
2	8	21
5	4	28
3	7	21
2	6	22
3	6	22
2	4	22
5	-1	91
0	-1	90
6	8	27
5	8	26
4	7	24
0	3	20
2	3	20
4	8	22
2	39	90
2	40	89
2	8	25
2	5	23
5	6	27
3	7	23
4	10	26
3	9	25
4	8	25
4	6	23
3	4	22
9	14	35
10	14	34
8	12	32
1	4	21
3	10	24
3	10	23
5	8	24
2	5	22
3	7	23
9	17	34
5	9	26
7	12	30
6	10	30
9	12	30
0	14	90
0	19	89
7	9	30
5	11	25
3	6	22
3	7	24
3	8	22
4	8	23
4	8	24
5	9	28
5	10	22
9	12	28
9	9	33
3	6	22
5	8	27
5	7	24
4	10	24
4	6	23
6	9	23
3	9	24
3	8	22
4	9	22
7	13	30
4	7	23
3	10	24
5	10	25
5	11	26
9	12	35
6	8	27
4	7	25
2	6	22
4	9	25
0	10	91
1	9	23
4	29	91
4	5	23
3	5	23
5	11	27
5	12	30
7	12	29
4	10	26
4	9	23
4	6	21
4	5	20
5	10	26
6	12	30
2	5	23
2	5	20
7	7	28
6	6	24
1	4	20
2	4	22
3	5	22
2	4	20
0	2	22
6	11	31
4	8	23
2	4	22
4	6	26
1	2	22
1	2	22
0	1	21
0	2	21
2	6	20
3	6	22
4	7	24
4	6	22
0	3	20
8	11	90
7	7	26
4	8	24
6	9	25
4	8	22
4	21	91
0	14	91
4	7	23
4	9	27
5	10	24
6	8	23
2	5	21
4	8	23
4	4	23
2	8	23
2	6	23
4	8	23
6	7	24
2	18	61
6	-1	91
2	38	90
6	9	30
2	5	22
1	3	22
2	6	21
2	5	22
7	7	28
5	11	27
6	8	24
4	7	23
4	29	91
0	20	90
1	5	22
7	9	24
5	9	25
4	7	25
6	11	30
5	10	26
7	9	32
2	25	83
9	13	31
9	13	32
3	5	21
4	7	24
3	7	24
3	9	22
1	5	21
1	5	20
6	8	26
3	7	22
5	8	30
3	5	22
2	6	20
3	6	21
0	4	22
2	5	21
1	5	20
3	8	24
7	13	36
6	7	24
6	12	30
3	7	21
7	8	24
5	8	24
5	11	28
7	13	33
7	10	26
9	12	27
4	40	90
6	9	25
8	11	30
6	10	26
7	9	27
7	9	25
5	4	22
7	10	25
6	10	27
9	11	33
5	9	24
0	12	91
0	12	91
3	6	24
0	4	21
8	9	27
3	9	30
6	8	30
1	5	24
5	11	30
2	5	22
3	6	24
3	6	23
3	6	22
1	5	21
5	5	24
8	11	32
3	6	21
3	6	22
5	13	27
5	10	27
5	8	27
2	8	24
4	6	23
1	2	21
3	8	25
3	8	23
5	8	30
3	7	23
3	7	25
5	9	24
3	6	23
6	10	25
5	10	26
1	3	22
0	3	21
1	3	20
2	3	23
3	7	22
4	10	35
4	9	24
3	5	22
4	7	25
7	10	30
3	6	22
4	8	23
3	7	23
3	7	22
3	6	30
6	10	26
6	10	26
1	7	21
1	6	21
1	5	20
3	6	22
5	9	24
5	8	24
8	13	35
5	8	26
5	9	25
8	13	34
6	9	26
6	12	28
2	7	23
8	10	28
4	11	30
5	8	25
7	11	30
3	7	23
2	5	21
6	14	31
2	7	23
0	13	91
1	11	88
5	8	25
5	10	27
0	8	90
3	9	26
3	9	22
4	6	27
3	5	24
4	8	24
3	4	23
4	6	22
4	6	23
4	6	21
3	5	22
1	3	21
0	3	22
0	7	91
10	14	34
3	9	26
5	7	24
8	12	31
5	12	31
6	10	29
6	8	24
5	10	28
2	7	23
5	10	25
3	10	24
6	9	26
5	8	24
6	9	25
8	7	24
4	9	23
1	3	21
2	6	22
3	9	24
4	8	24
1	-1	91
1	25	91
1	25	91
1	26	91
0	-1	91
7	11	32
2	6	22
9	12	32
6	7	24
3	8	22
6	8	28
5	10	30
5	8	26
5	8	25
4	6	25
4	7	24
4	6	22
0	7	90
7	13	32
6	14	30
7	11	29
1	11	22
2	7	22
3	3	22
1	5	20
2	8	21
2	5	21
2	4	21
0	9	91
1	8	91
5	6	24
6	15	29
5	7	23
2	4	23
5	10	28
2	8	23
3	7	23
5	9	23
6	9	24
5	8	23
11	13	34
1	8	21
1	19	90
5	9	26
0	19	89
3	8	25
5	9	25
5	7	24
4	8	21
1	11	90
0	22	91
10	9	32
4	8	24
5	8	24
8	11	28
8	14	30
9	13	33
3	7	22
4	8	23
4	8	22
5	9	24
6	10	26
4	7	27
4	7	23
6	6	24
6	9	24
5	9	24
2	5	21
2	4	22
9	12	29
10	12	32
5	10	27
2	24	91
1	25	91
1	25	91
7	9	31
2	6	20
3	6	24
6	7	32
7	8	27
1	4	22
2	3	21
5	7	24
3	6	24
1	5	20
2	5	21
3	5	22
5	10	26
5	5	26
5	9	31
6	7	26
7	7	27
9	11	31
10	17	35
5	11	25
4	13	30
3	4	22
2	4	21
6	7	24
6	15	31
3	29	88
3	9	90
3	7	89
1	-1	90
1	-1	91
0	-1	91
7	9	26
7	9	24
6	25	91
0	13	90
8	11	32
6	10	28
8	13	29
5	9	25
1	5	21
2	8	23
3	8	22
1	9	22
6	8	27
5	10	27
1	4	20
3	5	23
7	13	28
2	7	25
6	10	26
3	7	20
4	8	25
6	11	30
4	9	23
5	11	30
5	8	25
7	8	26
7	9	28
6	7	23
3	38	91
3	7	24
4	7	22
6	6	27
8	14	29
10	12	30
4	9	23
3	8	24
4	9	25
1	7	20
5	9	24
8	9	32
1	7	22
2	7	23
3	6	23
3	5	22
1	6	22
8	8	31
8	10	29
6	9	25
7	10	30
4	9	25
7	10	27
6	10	30
4	11	26
4	10	26
3	9	24
4	9	27
2	7	22
3	7	22
8	11	31
7	8	29
6	8	25
9	11	29
3	8	24
3	6	21
3	6	23
1	5	22
1	5	21
1	5	21
10	15	34
10	14	36
11	14	37
5	7	23
4	11	30
7	11	33
5	10	28
7	9	28
5	8	26
1	3	22
3	6	22
6	7	25
4	11	33
0	22	91
8	11	32
6	13	32
11	11	30
3	6	23
8	10	30
9	8	27
6	6	24
5	5	25
1	6	21
2	6	21
2	2	21
8	9	30
2	5	22
8	12	27
6	11	26
5	9	27
7	10	27
3	4	22
8	9	36
8	11	35
7	9	32
9	10	31
6	9	26
6	7	27
6	11	28
7	12	34
8	11	33
5	10	26
4	9	26
4	8	25
4	7	23
5	7	30
4	7	23
4	6	23
4	7	22
4	5	22
3	5	23
7	12	31
3	7	24
3	9	24
6	5	31
4	8	27
5	10	31
6	9	31
4	10	24
4	8	23
2	3	22
5	7	25
2	8	24
3	6	21
2	5	22
2	4	23
4	9	24
5	8	24
0	13	90
0	13	91
2	4	21
4	6	24
4	7	23
0	6	23
2	7	21
2	7	20
8	11	30
3	8	22
3	6	23
3	6	24
2	6	23
10	10	37
7	10	26
3	9	25
2	8	23
6	9	33
3	8	22
2	7	21
5	11	30
4	9	26
4	8	27
3	8	24
3	7	26
4	10	24
3	7	22
10	11	36
14	14	39
11	13	35
8	10	32
8	11	28
9	13	28
4	10	22
7	12	32
6	9	26
6	10	28
1	4	20
4	24	91
2	25	91
2	6	21
3	8	22
4	9	25
6	13	32
5	9	27
6	7	25
4	8	24
2	6	22
5	11	26
9	13	31
5	8	23
2	28	86
6	27	90
0	3	24
0	3	22
3	30	91
9	15	36
3	8	23
4	8	22
4	6	24
4	5	46
2	4	23
5	8	25
1	-1	91
7	10	28
7	11	32
6	11	29
9	12	31
2	7	21
3	8	26
10	14	34
4	8	22
4	6	25
0	25	91
0	14	90
4	8	23
3	7	24
8	12	33
6	11	28
4	11	26
3	8	24
2	8	22
7	9	31
0	3	20
2	6	22
3	6	21
6	11	26
6	9	26
5	9	24
6	10	28
8	13	30
10	11	40
5	11	30
3	7	24
2	9	22
6	11	31
3	6	22
3	5	21
1	4	21
2	4	22
0	3	91
0	3	91
5	7	22
3	7	22
3	7	23
3	8	25
4	7	25
6	11	30
3	9	24
3	9	23
5	11	30
2	5	20
1	22	91
1	4	23
1	34	89
6	8	25
6	12	26
5	9	32
2	6	24
2	6	22
3	8	25
2	7	21
2	9	24
6	10	25
3	10	25
4	10	23
1	5	21
2	7	21
7	7	24
6	9	25
1	10	91
1	3	26
4	9	26
9	11	33
1	5	20
5	8	27
6	10	32
7	9	25
5	8	25
6	9	26
3	7	20
3	8	25
2	6	23
4	9	30
3	7	22
3	5	21
9	12	32
5	8	25
3	6	21
5	10	30
6	9	24
7	9	28
5	9	25
1	4	21
7	12	28
2	5	22
1	13	91
0	0	90
3	5	22
2	7	22
3	5	22
6	6	24
6	8	33
5	9	27
7	12	31
6	7	30
1	4	21
6	10	24
7	10	28
5	10	29
5	9	26
3	8	29
4	8	26
3	9	23
3	8	22
3	7	22
2	6	22
2	6	21
10	13	33
8	13	33
8	12	31
9	12	29
13	13	36
11	13	34
8	12	32
10	11	32
9	13	33
9	12	32
9	10	29
2	7	20
4	7	21
1	5	22
9	8	30
9	10	30
3	3	21
7	10	24
4	5	23
8	11	31
8	10	35
2	4	21
2	5	21
3	6	22
0	5	91
5	8	25
4	7	24
4	7	23
5	13	32
4	8	24
5	6	23
4	10	30
3	10	27
4	12	31
1	8	24
2	1	22
2	6	22
5	12	26
5	7	23
6	11	31
1	3	21
2	6	22
1	2	25
7	11	31
3	5	22
4	7	23
3	10	24
6	6	27
5	9	22
7	13	31
4	11	23
4	11	26
1	2	20
7	9	25
7	10	26
3	7	23
9	14	35
5	7	25
5	8	24
4	8	22
7	12	35
3	9	20
3	7	23
3	7	22
3	8	23
5	11	25
5	9	26
6	12	30
2	8	22
2	9	22
5	10	24
4	10	26
3	7	24
4	9	23
4	9	24
3	8	24
1	7	23
5	8	25
13	11	42
14	11	40
12	10	40
12	10	39
12	10	38
9	10	37
11	10	36
12	10	35
9	8	29
10	9	33
4	8	21
6	9	25
1	4	20
0	10	91
0	11	91
4	9	25
5	9	22
8	10	26
0	17	91
3	9	24
2	6	20
5	8	25
6	10	26
6	7	25
5	4	25
2	8	23
2	6	20
13	21	45
9	15	33
9	14	32
8	12	32
6	11	28
5	7	24
6	8	26
3	7	21
5	8	25
5	9	25
7	11	28
8	10	35
8	10	32
4	5	24
4	9	25
5	9	25
2	7	22
8	9	31
4	8	27
4	8	26
7	7	27
5	7	26
3	6	20
6	8	25
5	8	24
4	8	23
5	9	24
5	8	24
8	9	29
6	9	26
0	11	91
1	5	21
0	10	91
0	11	90
4	7	23
5	11	30
8	9	28
0	-1	90
2	7	22
3	7	22
5	6	25
5	7	28
5	9	30
5	7	29
3	15	31
3	6	22
6	9	27
3	8	22
7	11	29
3	8	22
10	12	32
9	11	29
4	8	30
2	5	22
5	8	23
4	6	24
7	8	24
4	9	24
3	9	23
4	5	21
3	5	22
9	9	34
3	6	23
7	12	32
2	4	21
9	15	36
8	13	32
11	11	32
2	5	21
10	12	34
10	10	29
7	13	31
2	6	22
5	10	24
4	11	25
2	6	26
0	7	91
0	5	91
5	10	25
4	8	24
5	10	26
7	12	30
8	10	30
7	13	32
3	8	23
7	10	28
10	13	39
4	10	30
4	9	25
4	7	22
5	8	24
4	8	24
4	7	23
6	5	26
4	9	25
4	10	24
4	7	24
4	7	22
6	11	27
4	7	22
3	5	23
1	11	91
2	10	91
12	12	62
3	5	23
5	9	31
3	5	24
1	4	21
3	8	22
5	8	26
4	7	24
6	10	27
3	7	23
7	10	26
7	10	31
2	4	21
2	4	21
0	17	91
5	11	30
6	8	27
4	8	25
5	8	31
5	9	23
5	8	27
0	13	91
0	12	91
3	5	23
5	7	23
4	8	23
5	9	28
8	14	33
8	9	26
6	10	32
3	6	21
2	6	20
0	4	22
1	4	21
5	8	26
3	9	22
8	11	48
4	8	22
3	10	25
4	9	24
7	12	26
10	11	33
10	11	33
10	11	32
6	9	24
7	14	33
7	12	30
8	13	31
8	11	32
8	11	35
7	9	30
7	9	30
9	11	34
0	20	91
5	5	23
3	7	20
1	25	90
8	11	31
8	11	31
6	8	25
4	7	25
0	4	21
6	7	26
6	13	32
5	9	29
5	8	26
2	11	24
4	8	24
4	9	27
6	11	25
3	5	24
3	6	25
1	26	90
0	24	90
4	5	24
4	24	91
4	-1	90
5	-1	91
0	-1	90
5	12	26
5	9	23
6	9	27
2	3	21
9	10	28
3	8	24
11	14	36
3	8	24
4	8	25
4	9	26
5	8	25
3	7	24
3	9	23
3	6	22
5	7	26
6	8	24
1	4	21
0	3	24
5	8	22
7	12	32
8	11	29
7	9	29
7	10	30
2	9	22
0	13	91
0	7	91
3	6	22
2	5	23
4	7	23
4	11	30
4	10	28
4	10	26
7	9	27
9	11	31
8	11	28
7	11	27
7	12	30
4	9	26
5	9	25
4	8	24
4	7	21
6	11	26
4	7	30
4	9	25
2	6	24
4	6	22
6	5	27
3	6	24
7	9	28
2	4	22
2	4	21
6	11	24
6	9	25
1	4	22
9	13	33
5	9	24
7	7	26
3	6	21
4	6	23
4	6	27
3	6	22
3	7	30
6	6	24
6	8	24
6	12	33
8	7	28
5	9	25
5	8	24
4	11	26
4	13	25
1	4	23
3	7	22
4	6	23
3	6	23
5	8	24
1	4	21
2	6	21
1	4	22
1	3	21
3	7	24
3	7	20
4	5	21
2	27	74
1	12	91
1	13	91
3	6	23
3	5	22
3	5	21
3	6	21
0	8	91
0	8	91
7	13	33
2	8	22
2	4	21
0	17	91
0	16	90
0	8	91
0	9	90
6	7	29
8	11	30
0	19	88
2	19	90
1	-1	91
6	10	27
1	4	33
4	-1	91
6	9	27
7	8	28
9	14	33
7	11	31
8	10	30
8	9	28
4	6	22
9	13	31
3	7	24
5	5	24
7	12	30
6	9	25
8	8	28
1	8	90
2	2	22
2	2	21
6	8	26
5	7	25
0	5	20
1	5	23
5	11	30
7	12	30
2	9	24
7	9	25
4	10	25
3	7	21
0	10	90
3	6	22
2	6	25
2	6	22
5	6	25
4	8	24
6	11	33
4	9	27
5	8	24
8	10	32
1	4	21
2	5	21
5	5	25
3	10	23
3	4	26
5	6	23
4	7	25
0	7	90
0	10	91
1	19	91
0	26	90
8	12	31
3	5	22
7	10	30
3	6	24
8	10	35
2	5	22
0	2	23
3	31	91
0	15	91
3	7	23
3	4	21
0	26	91
0	-1	91
1	6	21
3	6	24
6	12	31
6	8	26
6	9	27
4	6	23
3	6	21
8	10	30
2	5	21
5	9	26
4	10	91
4	13	90
7	14	32
0	13	90
4	10	25
9	11	36
8	12	34
8	10	34
9	10	31
7	9	29
8	10	27
0	4	20
0	23	91
4	8	23
5	8	24
4	8	25
1	6	20
2	3	24
8	13	33
3	7	24
5	9	25
2	7	23
3	8	24
3	8	23
2	7	22
3	7	23
4	9	25
6	12	28
3	9	25
4	7	26
2	6	22
2	4	23
4	7	30
0	3	24
2	6	23
5	11	30
2	7	23
3	7	21
3	6	24
7	10	30
2	5	21
9	14	32
2	7	23
3	7	22
10	12	37
9	12	33
5	7	27
6	8	28
4	26	91
4	7	26
5	11	30
2	5	22
2	5	22
4	11	29
5	9	27
6	12	31
1	23	89
6	10	26
3	4	22
5	9	23
5	7	24
0	13	71
4	7	23
3	11	91
3	11	26
6	6	27
1	7	23
3	6	24
3	5	22
4	4	22
3	7	21
3	5	21
6	8	26
3	6	21
4	8	22
3	7	25
3	7	24
1	4	21
3	7	23
3	9	22
2	3	22
8	16	36
5	12	27
6	13	30
5	12	27
6	10	26
4	9	25
4	9	23
4	7	22
5	9	26
6	10	26
3	9	23
5	9	24
0	6	21
6	9	26
9	10	33
4	9	31
7	11	26
5	7	25
5	9	25
1	4	21
3	6	23
4	6	21
7	10	30
9	12	32
3	6	21
2	9	23
9	11	30
10	11	33
4	12	69
4	11	70
2	5	22
8	12	27
5	7	24
2	8	21
4	9	22
4	9	21
4	9	25
4	11	24
4	10	23
6	7	30
4	7	26
6	9	31
7	13	32
2	5	23
8	16	37
6	9	25
6	11	32
6	12	28
4	10	26
5	9	26
3	8	26
4	9	24
2	3	20
1	33	90
0	5	20
0	5	21
5	7	26
7	9	25
2	5	21
4	9	25
3	6	24
3	4	21
2	5	20
2	5	20
4	8	22
8	13	35
7	12	30
8	10	28
3	5	22
0	3	22
0	4	22
5	5	25
3	7	22
4	8	25
2	6	21
6	7	24
2	5	23
2	5	23
0	20	91
4	14	30
5	9	25
3	6	24
1	7	90
4	15	34
3	5	22
5	7	30
4	8	27
6	9	31
7	11	32
3	5	22
3	5	23
3	6	24
6	7	27
4	7	23
2	6	22
11	9	36
4	7	26
9	13	36
4	7	22
0	29	90
0	27	90
2	7	23
4	9	24
3	7	23
3	11	24
3	4	23
2	5	22
2	4	22
0	27	91
3	4	22
1	5	20
2	4	22
0	25	88
4	6	26
2	6	21
5	9	28
2	7	23
3	9	22
5	7	25
3	8	24
0	11	88
0	13	90
3	5	22
10	13	35
2	8	20
3	7	26
4	7	22
3	9	21
6	9	23
4	9	26
1	20	91
8	12	29
6	10	26
6	8	26
6	8	25
5	11	30
3	6	22
9	9	33
3	8	25
4	8	22
6	13	30
3	6	20
5	8	27
3	6	23
4	7	25
5	7	26
3	6	25
3	5	23
4	7	28
3	5	24
10	12	32
1	5	21
4	10	23
1	6	23
1	3	23
2	3	21
1	3	22
9	10	31
7	8	32
4	6	24
4	8	21
2	7	22
6	8	32
4	6	26
4	7	28
5	6	26
5	8	24
4	8	23
4	8	22
3	9	24
3	10	26
12	9	39
5	28	91
5	6	24
4	11	23
2	5	24
4	9	31
2	5	21
2	5	22
3	5	24
3	5	24
8	10	27
7	9	30
2	5	21
7	10	24
2	4	21
5	12	33
4	8	31
3	5	22
6	7	28
5	4	27
5	7	24
6	11	28
2	7	20
0	3	22
6	8	25
0	8	90
0	8	90
1	21	90
3	7	22
8	13	30
10	15	37
12	16	36
0	31	90
0	4	23
5	8	24
2	5	22
2	5	22
2	38	91
4	5	21
0	5	91
2	5	23
2	5	22
5	8	23
4	4	23
7	10	27
3	6	21
1	7	21
6	13	36
21	22	52
3	9	23
6	8	25
7	10	30
0	10	91
1	13	90
6	9	24
7	10	28
0	-1	91
0	8	90
0	2	91
8	11	29
8	12	34
1	3	21
0	4	20
2	40	85
5	10	30
6	8	25
5	7	25
2	6	20
0	15	85
4	7	23
1	27	91
1	27	91
1	27	91
1	27	91
1	27	91
0	26	91
6	8	24
0	11	91
2	4	22
2	4	22
2	4	20
2	6	22
0	2	21
9	13	35
2	4	21
2	5	21
3	6	22
2	6	21
4	7	30
7	7	26
1	7	21
4	7	23
3	7	22
6	13	29
6	13	28
7	13	29
3	8	22
4	8	23
4	7	22
3	26	91
3	8	23
3	7	21
5	13	30
4	10	27
4	11	26
4	10	25
4	9	25
7	27	91
4	7	23
0	4	21
0	10	91
3	32	90
1	4	20
8	8	34
10	10	39
10	11	37
11	11	39
9	10	36
4	5	24
3	4	23
5	9	28
0	13	90
0	10	91
2	5	22
7	8	25
5	7	25
3	7	23
0	3	28
0	20	90
0	2	91
0	6	91
1	3	22
9	13	34
5	10	24
1	6	21
2	5	21
5	9	30
6	8	26
0	10	69
6	7	27
4	7	25
8	14	30
0	14	90
2	6	23
4	9	24
4	4	23
2	6	24
7	9	30
7	9	29
8	10	32
6	9	26
1	4	23
7	11	33
5	5	27
5	7	23
4	7	26
5	6	27
4	6	26
5	5	26
4	5	24
3	5	24
2	4	23
8	8	27
3	7	25
4	6	23
4	6	23
2	6	21
2	6	21
5	8	30
5	9	27
4	6	22
6	8	25
3	6	22
2	6	21
8	14	35
4	8	23
1	8	88
0	11	91
0	11	91
0	10	91
1	4	21
1	5	20
2	3	21
8	11	30
7	6	24
7	7	25
8	7	25
6	7	26
0	6	91
0	5	90
0	6	91
0	5	90
1	23	90
0	8	91
6	9	32
2	6	20
1	5	89
1	11	91
7	8	32
4	16	33
4	5	24
5	8	27
0	19	90
5	7	24
5	9	24
4	8	26
4	8	23
4	7	31
4	5	21
5	8	30
5	7	24
4	7	26
7	8	26
3	7	22
4	6	25
6	8	26
7	9	30
6	9	27
8	10	30
6	6	25
1	5	21
2	7	21
8	8	33
7	9	31
3	10	35
7	9	26
7	9	26
7	8	25
0	4	22
4	8	25
1	5	21
6	10	27
1	2	21
1	5	21
4	8	24
8	11	31
4	7	22
9	9	27
8	8	26
2	6	22
6	6	24
2	8	22
5	9	25
6	8	25
5	8	26
7	10	27
6	8	26
10	11	36
3	9	27
10	13	31
2	4	22
4	9	23
3	10	23
3	8	22
2	6	22
5	12	31
5	7	25
8	10	30
3	7	25
7	7	26
9	10	28
3	6	21
3	7	22
7	8	31
6	8	28
5	9	25
6	7	25
10	13	32
9	10	38
8	10	33
11	9	36
10	9	37
11	11	39
9	10	36
9	19	40
6	10	27
2	3	23
6	8	27
7	11	28
0	5	21
4	5	21
3	6	22
4	6	22
7	9	33
3	7	22
2	6	21
5	34	77
4	7	24
2	6	21
2	9	24
4	8	24
3	9	24
3	7	24
2	8	25
6	7	26
4	9	24
6	15	35
5	9	27
4	7	22
5	10	26
4	8	26
4	8	25
6	10	25
6	8	25
4	9	23
3	7	25
3	7	24
3	7	22
5	7	24
8	14	37
9	8	33
5	11	29
5	9	25
4	8	26
4	8	25
2	5	25
8	11	27
8	12	32
11	12	32
9	13	31
2	3	21
2	8	22
2	5	23
5	7	23
13	14	42
13	13	41
4	7	22
2	6	22
2	5	22
0	16	74
2	6	21
0	3	23
1	4	22
5	8	30
5	5	26
1	5	21
6	8	26
11	15	36
9	11	34
6	12	30
6	9	25
4	10	24
2	7	22
1	8	23
0	11	91
1	6	22
6	11	30
3	7	22
4	23	89
4	10	25
4	11	24
4	11	24
4	10	25
2	4	21
3	11	22
2	7	22
1	3	23
1	4	21
0	10	89
3	7	22
3	7	21
0	1	21
4	9	23
5	10	30
5	8	24
4	5	21
3	6	24
4	10	28
7	7	27
0	2	24
0	2	22
2	4	30
0	3	23
4	23	91
2	7	22
5	28	85
4	9	26
3	6	20
3	5	21
6	10	26
10	12	33
0	10	91
2	7	20
4	6	23
2	5	21
7	14	39
6	9	25
3	7	21
10	9	33
3	5	21
6	13	30
5	10	26
7	7	26
4	7	25
4	7	26
4	7	21
6	11	31
5	9	30
4	7	24
5	7	23
9	14	31
6	11	31
8	7	29
3	4	21
2	3	23
5	9	27
8	11	27
19	19	88
7	10	30
6	11	30
3	4	25
3	5	23
5	9	26
4	-1	91
4	-1	91
6	9	26
5	10	30
5	9	23
2	5	20
5	7	25
0	4	22
3	4	22
3	6	26
4	8	22
4	7	23
3	7	22
4	6	22
3	7	25
7	10	26
5	10	24
3	6	22
5	7	23
4	9	23
6	6	24
0	-1	91
0	-1	91
3	6	24
3	8	24
5	7	25
0	4	22
2	3	22
3	8	26
2	9	22
2	7	20
3	7	22
6	8	25
7	10	28
4	8	23
10	11	34
1	21	89
2	8	23
2	6	21
3	9	23
8	9	27
0	21	90
7	9	26
3	6	22
2	6	21
3	6	20
0	3	21
7	9	26
3	6	24
5	9	30
3	6	25
5	7	25
7	8	26
7	9	28
7	9	25
3	8	25
4	8	25
3	7	21
3	7	22
5	9	24
1	6	21
11	13	36
0	20	91
2	5	21
6	10	29
3	6	20
6	10	25
5	6	25
8	12	27
9	8	29
7	7	28
8	7	27
0	4	23
3	6	21
8	11	28
6	7	23
6	7	24
7	9	30
8	9	28
7	11	31
2	8	31
0	2	20
2	4	24
3	8	20
5	12	35
4	8	30
5	10	28
6	11	28
3	6	22
3	10	25
4	6	22
8	12	28
1	5	22
4	7	25
0	12	90
9	12	34
5	9	30
2	4	22
4	8	24
2	6	23
7	12	34
6	15	32
2	7	22
4	6	22
4	7	24
4	10	30
1	9	23
4	9	23
0	4	26
3	6	24
4	8	23
2	4	23
4	8	23
4	8	23
10	11	34
1	4	22
4	8	24
4	7	23
7	13	32
8	6	29
9	10	30
6	8	25
5	-1	91
6	7	25
4	10	28
8	11	30
8	12	31
3	5	22
5	7	25
2	7	21
8	13	31
6	13	33
3	10	24
5	15	32
5	11	30
2	10	24
3	10	24
4	6	22
0	4	90
0	5	89
8	10	27
8	12	34
5	10	28
7	9	26
6	8	24
5	9	26
0	9	88
0	10	91
2	6	21
6	8	27
4	9	24
2	8	22
2	8	21
4	9	23
7	14	31
3	10	24
6	13	29
4	9	25
2	7	20
7	11	32
3	8	22
3	9	22
4	8	26
3	5	22
6	10	27
7	13	27
5	9	26
9	11	28
7	11	27
7	12	32
6	11	31
8	10	31
9	11	32
7	10	30
6	9	26
6	12	34
6	10	25
3	7	22
4	7	24
0	29	91
3	6	22
5	10	25
6	10	28
5	4	23
5	9	25
6	10	27
5	9	27
3	8	25
0	13	90
0	10	91
3	7	22
4	8	25
10	14	32
3	5	21
2	6	21
3	9	24
1	9	26
2	5	24
5	9	27
5	10	30
4	7	23
2	3	23
6	5	26
4	7	23
1	4	20
5	8	30
4	8	22
7	10	27
4	6	24
4	6	23
1	5	21
2	-1	91
2	33	88
2	4	21
1	3	22
4	8	30
4	9	23
4	9	25
4	8	24
2	8	23
4	5	26
4	5	25
3	6	26
2	6	25
3	6	24
2	5	22
3	7	23
3	7	30
0	4	21
4	6	24
3	9	23
2	7	21
7	8	24
5	9	25
3	11	23
1	5	21
4	9	25
5	6	24
0	1	20
8	10	34
6	7	24
1	8	21
5	8	24
6	9	24
1	18	90
0	5	91
0	9	90
0	11	91
5	10	24
6	-1	91
4	7	21
8	11	30
8	7	26
8	11	27
7	11	27
9	11	29
8	13	31
2	7	21
8	11	35
0	-1	90
3	8	25
4	9	23
4	6	22
4	6	22
8	12	33
7	8	24
2	6	21
8	11	29
4	7	22
9	9	29
6	12	30
3	6	21
2	6	20
4	8	23
6	8	24
4	7	21
2	5	21
6	10	31
5	10	29
5	7	25
4	8	23
2	5	21
6	5	25
8	11	31
2	7	22
3	6	24
4	8	20
2	4	21
8	10	32
2	7	23
2	7	22
1	8	39
0	9	42
1	4	23
2	29	91
6	8	31
4	11	24
3	6	24
0	2	20
2	6	23
4	8	23
6	10	27
6	9	27
2	9	32
2	5	23
0	3	22
7	8	29
7	7	31
7	11	32
8	8	29
2	7	23
5	-1	91
5	9	25
5	8	25
6	9	25
4	7	25
4	5	23
4	7	25
6	10	28
3	7	22
4	6	22
4	7	26
4	9	31
5	6	27
4	7	23
7	12	33
6	9	32
5	9	27
3	6	22
4	7	23
0	3	21
3	7	23
0	6	22
6	13	31
4	10	25
2	5	23
3	9	23
9	10	34
0	2	20
3	5	21
5	6	24
3	11	30
1	3	21
5	7	25
2	4	21
0	25	90
3	6	22
4	6	23
5	12	30
5	8	27
4	7	26
6	8	30
4	7	26
7	8	26
4	7	24
8	11	28
9	11	33
2	4	21
4	9	24
4	7	23
4	10	23
1	6	22
5	12	31
7	9	26
10	11	30
3	6	25
4	5	25
5	20	91
5	6	25
7	8	26
8	10	28
9	10	29
1	5	21
0	8	73
9	16	38
8	13	31
3	5	26
2	5	22
0	5	91
0	8	91
2	4	20
4	10	24
9	11	31
8	9	29
0	30	91
4	8	24
10	13	34
3	8	24
4	6	23
3	4	21
3	6	22
7	10	24
4	8	31
6	8	26
2	10	30
0	11	91
0	12	87
4	8	22
8	11	30
2	6	22
5	8	23
4	7	22
2	5	22
4	9	25
5	8	24
4	7	23
3	6	22
1	2	21
9	14	32
7	9	29
9	12	32
4	7	25
1	5	22
3	42	91
1	42	87
7	8	24
5	9	23
1	6	21
3	7	24
0	10	91
10	12	35
8	8	31
0	32	90
0	13	90
0	13	90
8	9	33
4	7	28
6	32	68
7	29	61
5	31	65
7	31	67
7	12	30
2	35	84
2	4	21
9	8	30
8	7	29
0	3	20
3	7	22
8	10	26
7	9	24
6	11	27
7	10	28
3	6	23
4	7	23
6	10	33
8	12	37
2	4	22
13	13	36
9	12	30
5	8	25
2	8	25
3	4	21
4	6	23
0	11	90
0	12	91
4	11	25
5	7	27
4	7	24
4	7	26
0	2	20
0	9	91
0	8	89
5	9	27
5	8	24
4	8	25
2	9	23
6	8	24
0	13	91
0	8	90
8	10	31
4	7	23
1	6	21
1	20	88
2	5	23
4	34	91
4	8	22
3	8	21
0	9	89
3	5	24
8	9	30
9	10	31
8	9	30
8	8	28
8	9	27
3	7	21
9	15	37
5	8	24
9	11	27
2	4	21
2	7	21
3	5	24
1	4	21
6	8	25
1	25	90
0	3	20
2	4	21
2	4	20
1	6	23
4	2	25
0	3	20
0	11	90
6	8	28
6	9	33
4	7	24
3	6	30
4	10	25
5	10	30
9	12	31
7	11	30
3	8	25
3	6	22
0	21	91
2	8	22
5	6	26
6	12	31
3	6	22
3	5	25
7	11	29
4	9	22
2	4	22
2	5	21
9	12	31
5	11	28
4	9	27
6	11	32
7	10	31
6	12	31
3	8	23
3	8	23
4	7	21
2	4	22
2	6	21
0	2	22
1	11	90
0	9	89
0	11	91
0	14	91
5	9	24
5	10	23
4	7	23
2	6	21
3	7	22
0	4	20
2	6	21
2	5	21
4	8	25
7	10	24
10	7	35
8	11	29
3	9	24
3	7	20
5	9	26
6	9	30
0	11	91
6	8	25
6	9	25
0	0	91
3	4	21
5	10	24
9	14	34
8	11	29
8	11	31
3	4	24
2	6	24
2	3	23
2	8	21
3	5	24
0	37	90
8	9	28
4	10	23
0	9	88
0	10	88
7	10	32
10	10	33
1	4	23
1	4	21
2	8	23
1	5	24
5	10	25
7	8	29
5	10	27
9	12	31
7	9	31
7	9	29
2	6	24
5	6	26
1	4	22
1	4	22
7	12	32
5	7	22
4	9	23
5	11	31
4	8	25
3	5	23
2	4	23
2	5	22
0	9	90
0	10	89
1	4	20
4	5	22
8	12	28
5	7	26
5	7	29
5	6	26
2	4	21
8	10	30
8	14	34
5	13	32
1	4	21
3	8	30
4	8	24
8	12	32
7	13	30
3	7	22
2	6	21
3	7	23
6	10	25
4	8	25
5	9	32
1	5	22
1	5	21
8	9	26
6	10	26
0	12	91
6	9	26
5	8	25
1	5	20
5	7	25
6	10	34
6	7	26
5	6	25
4	6	25
5	6	27
0	4	21
1	5	20
2	5	23
7	14	36
7	12	33
0	14	91
3	5	23
1	4	21
5	7	25
5	8	31
6	9	24
2	6	22
2	20	90
2	5	21
3	5	22
0	13	91
0	12	91
4	4	24
5	7	25
9	9	31
2	5	22
2	7	22
1	10	90
1	10	91
4	9	27
0	10	91
0	-1	90
4	8	22
2	4	22
1	8	25
2	9	27
3	7	25
3	6	24
0	13	91
0	3	32
1	6	24
1	1	21
6	11	33
3	5	21
2	4	90
5	8	25
8	11	33
8	12	32
10	9	30
9	8	29
9	12	36
10	11	35
9	11	32
8	11	32
8	9	30
8	9	28
0	3	21
0	13	90
0	11	87
3	7	22
6	7	27
6	12	26
0	3	20
8	11	31
5	10	25
0	10	91
0	17	90
7	6	24
0	-1	91
5	11	32
0	2	21
6	11	28
4	6	23
9	12	34
4	7	23
3	6	22
4	9	24
4	9	23
0	9	90
4	6	22
0	4	22
3	8	24
2	5	21
1	4	20
4	8	26
4	7	38
4	5	22
6	13	28
3	3	24
3	4	22
0	14	90
0	11	91
5	8	26
1	5	21
3	9	23
7	7	30
5	8	26
2	5	23
1	-1	91
0	-1	91
0	-1	91
1	3	23
9	11	33
5	6	25
3	6	25
6	11	31
4	6	24
2	8	23
5	8	29
6	9	26
7	10	28
33	-1	90
7	9	28
8	10	32
7	9	28
1	4	23
4	8	25
7	7	26
4	5	24
4	7	22
5	7	25
5	7	26
5	6	26
3	7	26
2	6	21
3	7	22
5	8	28
3	7	24
14	14	41
0	3	20
4	8	28
3	7	21
1	4	21
6	8	32
4	7	30
9	8	28
2	9	22
3	5	21
3	6	24
1	1	23
4	7	23
4	6	22
8	9	29
3	7	24
5	8	25
2	7	21
3	4	20
1	5	21
2	7	23
3	4	27
0	24	91
0	4	21
2	4	20
3	5	21
2	5	20
2	7	24
4	7	25
0	14	58
4	11	25
4	5	23
5	10	24
4	6	21
1	3	22
5	6	22
4	7	22
0	5	20
2	5	22
0	13	90
0	9	90
9	12	32
10	14	37
10	13	38
9	13	34
9	12	30
10	12	33
4	6	21
3	7	21
7	11	30
5	8	23
2	7	23
8	10	32
9	10	33
10	13	37
7	11	30
4	7	22
10	13	30
13	17	38
14	15	38
11	15	34
9	11	29
4	39	91
4	7	22
6	10	26
3	7	21
1	4	23
5	10	30
8	13	34
7	10	31
1	6	23
2	5	23
9	14	34
5	9	24
2	7	22
2	7	23
1	5	22
4	5	23
3	7	23
6	8	25
2	8	22
0	3	21
2	3	22
1	19	91
4	6	21
4	8	21
4	7	23
6	7	25
7	9	26
0	10	51
0	9	51
4	7	26
4	7	24
5	8	25
4	8	24
2	6	21
3	7	25
3	6	22
9	12	36
2	4	21
6	9	24
5	14	36
5	7	25
7	11	27
4	6	23
6	9	27
5	7	23
8	11	26
7	10	27
1	7	22
11	12	37
10	12	36
9	11	33
11	14	37
11	14	38
9	14	37
7	16	36
5	7	27
2	2	21
2	7	21
3	9	22
10	41	90
0	9	90
0	12	91
0	9	90
7	12	29
2	5	22
2	4	21
0	10	90
3	8	23
3	6	23
1	8	24
3	7	22
3	6	22
3	3	21
2	6	23
0	15	91
8	9	33
2	5	21
0	4	20
6	12	30
2	20	51
8	12	30
7	9	33
6	7	26
3	7	24
3	4	23
3	7	20
6	11	34
5	8	28
0	6	90
4	5	91
8	10	27
7	10	24
1	3	21
0	16	91
4	10	30
0	19	91
0	2	73
5	9	30
0	9	90
5	7	23
2	4	21
2	6	24
3	6	21
4	6	25
2	5	22
4	7	24
2	6	20
2	5	21
1	13	91
0	16	90
2	3	20
6	8	26
1	5	21
4	9	26
6	10	24
2	5	21
4	7	26
5	7	26
4	8	25
4	8	24
4	7	23
5	7	28
3	6	25
3	7	20
0	3	20
5	6	22
6	8	26
6	9	28
7	10	27
1	4	20
1	4	21
2	4	22
8	12	30
4	9	23
3	6	22
1	4	21
1	5	21
1	5	21
2	5	20
1	7	21
6	10	24
8	13	32
6	11	27
6	11	27
6	11	27
0	30	91
3	5	21
3	7	23
9	13	36
6	10	30
3	5	27
3	6	26
9	12	36
1	3	21
3	5	22
8	9	28
6	10	34
2	6	23
1	7	21
2	7	21
1	8	21
2	8	23
2	9	24
6	7	26
3	6	25
2	3	21
3	8	25
2	6	22
2	6	22
7	9	27
4	7	26
0	10	91
5	11	29
4	6	25
3	8	30
4	13	32
7	9	30
2	7	22
9	10	27
8	12	29
8	11	28
4	7	23
6	8	27
4	7	26
5	11	25
9	12	29
9	11	28
8	10	27
5	9	25
5	5	26
2	5	22
5	7	24
2	19	91
5	10	91
2	7	22
5	7	22
4	7	25
3	8	24
3	9	24
4	8	23
1	8	22
2	5	22
5	11	33
3	8	22
0	6	91
0	6	91
4	31	90
6	9	26
3	6	22
4	8	22
4	8	24
5	9	26
5	10	30
7	8	25
6	10	28
5	11	31
1	5	21
5	7	27
6	8	26
0	20	89
5	13	30
3	9	23
2	8	22
2	8	22
5	7	24
1	6	20
4	7	21
3	6	21
0	3	20
4	8	25
6	11	26
2	6	22
0	5	91
0	10	90
3	5	22
6	11	30
2	9	26
5	9	31
2	6	21
8	12	29
3	7	22
3	8	22
3	7	23
6	9	30
0	19	91
3	5	22
9	9	26
8	13	31
2	7	22
3	7	23
2	6	21
2	5	22
1	4	21
4	8	23
2	7	21
6	7	25
9	11	37
10	13	29
4	8	24
2	4	22
2	5	21
3	8	24
3	8	22
0	10	84
3	9	23
2	8	21
3	8	22
0	8	89
0	12	90
6	7	26
7	9	31
1	6	22
4	8	23
6	8	24
5	29	90
3	6	23
10	13	33
10	14	35
9	11	27
4	7	22
1	6	20
4	8	30
3	-1	91
7	10	26
8	10	29
8	11	31
2	8	20
9	9	31
8	8	32
2	3	20
3	9	27
7	11	30
3	7	26
3	6	23
3	6	23
3	6	22
2	7	22
2	6	22
6	9	26
3	7	22
3	6	23
2	9	24
3	25	91
5	26	91
7	7	30
5	12	31
3	6	22
5	10	27
6	13	31
5	10	27
5	9	23
0	5	91
2	9	20
3	8	23
3	6	21
4	9	26
2	6	22
4	8	24
5	10	26
1	15	91
2	16	91
6	11	30
5	7	22
4	9	30
5	8	26
5	28	91
4	8	22
8	11	32
1	5	21
3	7	22
7	8	28
3	6	24
4	23	91
4	6	24
5	10	25
21	40	90
9	13	32
9	13	30
3	4	22
1	6	20
2	6	21
3	4	21
5	7	24
6	8	26
2	6	23
8	10	29
0	5	23
6	9	30
9	11	30
8	10	30
6	8	26
8	11	30
1	4	21
9	15	32
7	9	28
7	11	24
7	11	25
3	6	23
3	7	24
4	8	24
8	10	32
3	6	24
3	6	21
8	13	33
6	8	25
6	8	25
6	8	24
7	9	30
3	5	24
4	5	23
4	4	23
4	6	25
5	6	23
4	6	24
2	6	20
8	10	31
8	14	32
5	8	25
5	11	28
4	11	31
5	12	29
5	11	30
6	11	32
6	7	24
3	7	22
8	9	26
6	10	26
2	4	21
5	16	34
5	11	30
8	12	29
8	13	29
10	8	31
11	14	37
12	14	38
10	14	36
12	14	40
9	12	29
11	14	35
10	13	32
10	13	33
8	10	29
11	14	36
11	13	36
9	13	33
8	12	29
0	19	80
7	11	26
2	6	22
7	9	30
6	12	30
1	4	20
7	10	28
7	10	29
9	10	28
5	8	25
0	13	90
1	8	91
5	7	24
4	8	24
3	6	21
2	7	20
6	10	28
6	9	31
4	8	24
8	11	31
6	9	26
4	9	25
5	8	24
3	6	22
3	6	23
8	12	31
9	12	32
4	5	24
7	11	28
7	9	25
7	9	26
2	6	21
2	6	21
3	8	21
4	10	25
4	8	24
9	12	28
7	8	30
6	9	26
1	4	21
2	4	20
2	5	21
4	10	25
7	8	31
0	25	91
0	6	91
0	5	90
3	9	23
0	12	91
0	11	91
6	8	25
6	7	25
2	4	23
5	5	25
3	4	22
1	5	21
1	6	20
5	34	90
4	7	21
4	9	25
5	8	24
3	7	22
3	5	22
3	6	22
0	5	21
0	2	21
4	9	25
0	19	90
2	5	23
0	4	22
0	4	23
7	10	29
1	26	90
8	10	32
5	11	26
6	9	30
2	7	21
3	8	24
3	7	24
2	4	22
8	9	30
7	14	34
5	7	24
5	7	23
3	7	22
2	8	23
3	6	23
3	6	22
2	8	23
2	9	21
3	6	24
7	10	27
7	12	28
0	8	91
0	7	91
4	5	25
3	7	23
6	10	31
2	3	20
0	14	90
6	8	30
4	7	26
0	2	24
3	6	23
0	5	20
4	6	25
7	11	34
6	11	28
0	5	20
5	7	22
8	11	27
2	20	91
1	5	22
3	8	25
8	11	29
7	12	30
7	12	28
7	13	29
6	8	25
1	5	21
2	5	23
3	8	27
6	12	31
5	13	30
5	8	24
2	6	21
3	8	23
10	10	33
4	10	30
3	9	25
6	10	24
7	10	28
2	3	22
1	-1	90
2	5	20
3	6	22
8	8	27
6	10	28
2	4	24
3	4	25
2	6	21
2	6	21
1	3	21
5	10	30
0	12	90
6	9	28
8	7	36
1	7	22
6	9	30
6	7	25
5	8	27
3	6	22
8	11	31
5	7	30
5	6	23
3	8	24
0	3	20
1	6	21
3	6	24
0	16	90
3	7	22
3	6	22
4	9	24
5	8	23
3	5	22
1	5	20
1	5	21
2	4	21
3	6	21
3	8	23
4	11	30
2	3	21
4	5	25
5	4	24
6	8	28
3	9	26
4	7	21
4	5	22
3	8	26
6	7	26
7	11	31
3	5	21
4	7	24
3	7	23
6	10	30
3	5	21
3	7	23
1	19	90
2	6	24
1	5	21
4	7	25
2	7	23
2	6	20
6	8	24
6	28	91
6	11	30
7	12	28
5	8	24
3	6	23
2	6	22
6	9	32
6	10	31
5	8	30
3	6	23
4	6	24
3	8	26
3	9	27
3	7	22
3	7	24
3	5	31
8	13	37
4	10	30
4	7	25
6	8	25
5	10	25
0	29	90
8	9	32
3	36	91
2	-1	91
6	8	25
3	8	31
4	8	22
1	9	23
3	4	25
4	6	22
9	10	27
8	13	36
7	9	30
3	6	23
0	5	25
2	54	90
2	2	23
8	9	32
7	10	31
5	9	25
3	5	23
3	5	22
10	11	32
7	10	33
4	8	24
2	3	24
6	23	91
3	7	20
4	6	23
10	9	28
9	7	27
4	7	25
1	6	20
3	7	20
9	13	32
4	6	23
5	12	33
7	11	29
5	10	30
4	9	24
8	9	26
9	9	32
5	7	25
4	7	24
1	11	87
3	6	21
2	5	22
2	5	21
2	7	21
5	10	22
7	10	33
8	11	32
8	10	29
2	7	22
2	6	24
3	7	21
4	9	24
4	11	26
3	27	91
4	8	24
5	9	25
5	11	29
6	8	25
1	5	21
5	8	26
5	7	23
3	8	23
3	9	24
3	5	24
3	6	24
2	7	23
5	9	26
4	8	24
7	12	34
7	10	28
4	9	24
4	10	25
8	10	33
4	6	23
11	11	34
5	11	30
2	9	23
5	9	30
2	5	24
3	5	23
3	5	22
4	11	30
9	16	34
6	8	25
7	8	26
8	10	31
5	9	25
6	12	33
2	6	21
4	6	25
4	7	22
3	8	23
7	10	30
7	11	30
3	9	23
2	9	23
2	8	21
2	5	23
7	9	30
5	8	26
2	5	22
6	8	31
8	11	32
6	9	29
2	8	23
5	9	24
5	11	26
3	5	21
3	9	24
4	9	22
4	8	21
3	8	23
7	12	28
7	3	30
5	7	21
2	6	21
9	13	32
2	5	21
5	8	25
4	7	24
5	5	24
8	12	33
11	12	37
7	8	31
3	7	22
6	9	26
5	8	25
1	5	21
5	7	25
2	8	22
8	12	29
3	9	24
4	10	25
3	9	23
2	6	22
3	5	23
2	7	23
2	6	21
2	6	21
6	8	26
2	7	24
2	9	22
4	9	25
10	16	35
0	3	21
9	12	36
3	9	24
0	3	20
0	10	88
3	5	23
2	6	23
3	8	22
2	7	22
4	9	26
3	7	21
1	31	91
3	4	23
2	6	22
0	5	23
8	8	27
3	6	21
2	6	22
4	13	33
4	12	28
7	8	30
6	10	31
9	12	40
4	6	24
5	10	32
0	-1	91
1	-1	91
2	-1	91
3	7	22
4	9	23
3	7	21
3	10	25
3	6	20
4	6	21
2	7	23
5	7	24
5	8	25
0	4	21
8	10	31
6	8	24
5	8	23
3	5	21
3	7	22
5	6	23
4	9	26
5	6	23
7	10	30
1	4	21
4	8	25
4	8	23
7	9	25
6	9	30
12	11	35
10	9	33
10	9	31
11	10	33
9	10	30
9	12	30
9	11	29
9	11	29
3	8	22
6	7	23
3	10	26
4	8	22
3	6	21
7	10	24
2	5	23
0	25	90
4	7	22
2	5	21
2	6	21
4	7	21
6	12	31
2	4	22
4	8	30
5	9	30
4	10	25
6	7	24
5	7	26
3	5	22
5	9	30
5	10	25
3	8	24
3	5	21
6	15	34
3	6	24
9	10	30
9	10	30
6	10	25
5	13	34
3	10	27
5	9	26
5	11	28
2	7	22
6	9	30
3	7	22
3	7	22
3	7	20
2	6	21
6	10	27
5	9	25
5	11	30
8	9	29
4	6	23
3	5	23
2	8	23
0	5	26
1	3	22
1	4	20
2	5	23
1	21	90
0	20	90
3	10	25
6	12	31
3	7	25
2	9	21
4	5	23
2	7	22
6	10	28
0	2	91
0	3	70
4	5	22
10	13	32
11	13	36
10	12	30
3	7	22
3	7	23
10	10	31
6	10	27
6	7	29
7	7	27
7	8	32
2	5	21
6	8	26
7	8	31
1	22	91
3	5	25
4	7	30
2	6	22
9	15	36
2	6	22
2	5	21
3	5	23
2	9	23
3	6	24
0	12	90
2	4	22
2	3	27
2	23	90
5	12	27
5	10	25
4	5	22
1	4	20
2	5	21
3	7	24
5	9	25
5	9	25
4	13	36
6	18	40
4	5	22
3	5	22
6	12	32
4	9	23
4	9	23
4	5	25
4	8	24
4	8	24
7	13	34
7	12	34
8	11	32
7	11	30
5	11	30
4	7	24
4	8	23
0	33	91
3	6	24
1	3	20
2	6	25
2	4	23
8	11	28
3	10	24
6	11	31
3	4	22
4	6	24
2	5	23
4	6	23
3	6	21
2	5	21
5	9	24
1	3	21
8	10	34
8	9	32
7	9	32
6	10	26
5	10	28
7	9	30
4	8	25
5	9	26
10	8	31
2	7	24
4	8	24
4	11	25
3	8	23
4	9	25
2	6	22
9	12	34
6	10	27
3	5	22
2	6	23
5	9	26
3	4	24
5	6	24
5	9	24
5	8	29
2	4	22
6	8	24
1	4	21
0	22	90
1	5	20
5	9	30
8	10	33
3	6	22
4	7	23
8	9	28
5	8	31
8	11	25
0	17	91
9	14	34
8	9	32
4	7	23
5	13	38
5	12	32
0	21	91
6	8	29
6	6	26
2	4	24
0	3	23
7	10	29
4	9	25
3	8	23
3	7	21
2	5	24
0	8	91
0	8	38
9	12	33
0	7	91
0	9	90
5	9	24
11	15	34
9	13	34
3	6	24
10	12	35
6	9	23
5	10	25
1	4	23
4	8	26
10	11	32
9	10	30
7	9	27
4	10	25
2	6	21
3	5	22
2	7	24
5	8	24
0	13	91
0	3	20
0	13	89
0	9	90
2	9	25
3	8	23
7	39	90
2	9	25
2	7	22
2	7	23
3	6	23
6	8	24
2	5	21
5	9	25
2	6	22
4	28	91
0	10	88
2	9	23
5	8	25
6	9	26
6	10	25
3	5	22
5	10	31
3	7	22
4	8	23
2	8	21
7	8	27
3	7	24
5	8	30
6	10	30
8	9	28
7	7	27
4	5	24
2	5	21
1	5	20
4	10	30
1	5	21
9	8	36
4	6	22
2	4	23
4	7	24
3	9	24
5	8	23
2	7	21
6	9	27
2	6	22
4	8	22
4	9	22
0	14	91
7	13	31
6	9	30
3	8	27
1	4	22
3	7	21
0	29	90
4	6	21
4	8	27
4	6	25
6	8	23
7	3	33
1	-1	91
1	6	21
5	8	26
4	5	22
3	5	23
3	7	25
3	7	21
6	7	25
0	9	90
6	8	30
2	7	23
3	5	23
2	6	22
0	9	70
4	6	22
3	9	22
1	4	21
5	9	25
5	9	25
4	7	22
5	8	24
4	7	26
5	7	25
6	8	27
5	7	26
3	6	25
0	20	90
4	5	24
5	7	26
2	6	20
3	7	21
4	7	26
6	12	34
3	5	24
3	8	25
3	4	21
2	5	23
1	6	21
3	6	25
6	10	31
9	8	34
9	7	34
4	5	28
2	3	22
3	4	21
8	10	24
7	8	30
6	10	27
7	10	34
6	7	27
5	7	25
5	7	26
2	34	90
4	6	22
4	11	26
6	9	25
4	9	24
5	6	25
3	8	22
3	7	22
2	5	22
0	11	90
0	10	91
5	7	22
1	3	21
0	4	22
0	3	23
2	4	22
0	15	91
0	10	90
3	6	24
5	8	30
5	9	24
0	6	90
0	14	90
8	9	26
0	9	91
4	8	23
4	7	23
3	5	24
4	5	24
3	7	22
5	8	26
3	10	31
7	10	30
4	10	29
1	-1	91
0	-1	91
0	-1	91
3	6	23
4	7	24
4	7	23
2	7	23
7	10	31
2	6	23
4	7	22
7	11	35
6	9	31
8	14	36
3	5	25
5	6	25
1	12	91
0	7	39
1	-1	91
1	-1	91
5	12	33
4	8	23
5	5	25
4	8	31
7	13	32
2	7	23
3	9	23
5	11	27
4	10	27
2	8	23
5	6	23
3	5	23
2	4	21
8	10	30
7	10	27
2	6	23
6	7	29
4	7	22
7	7	26
5	12	32
2	6	21
0	2	22
0	2	21
3	6	23
4	6	24
3	7	24
4	6	24
4	6	24
8	9	28
8	7	26
5	9	25
6	8	28
6	7	27
7	8	25
3	7	24
4	25	91
2	7	22
2	13	30
8	11	28
5	7	24
5	9	30
4	9	24
8	12	31
3	6	21
4	5	22
3	14	24
3	7	22
2	6	21
5	11	30
4	9	26
4	8	25
3	7	23
8	9	27
4	11	30
3	5	23
4	10	24
6	8	24
5	6	24
8	7	30
2	6	21
5	7	30
3	5	20
8	10	29
3	4	20
4	10	33
4	9	30
3	9	23
7	7	26
1	4	22
4	8	25
5	10	24
5	11	30
0	4	20
2	9	22
2	8	23
8	12	34
4	7	23
2	5	23
4	8	24
5	9	25
2	8	23
5	9	25
1	6	24
4	5	21
2	5	22
3	6	22
0	7	90
1	4	20
5	11	30
3	5	22
3	3	22
3	6	23
4	10	26
7	7	26
6	8	25
2	3	22
1	2	20
3	7	24
4	7	24
8	10	29
1	5	22
9	11	35
6	9	26
5	7	23
1	5	26
8	10	33
3	31	91
1	31	91
8	9	30
8	11	28
9	12	27
2	5	20
2	4	20
0	22	90
0	21	90
0	7	90
0	9	90
3	8	25
3	7	24
0	23	90
8	11	30
5	10	30
4	8	25
3	7	23
36	36	90
4	7	23
2	9	25
6	9	28
2	5	21
3	7	22
2	5	22
2	6	22
5	8	31
3	6	25
4	7	26
3	7	22
4	6	21
5	8	26
3	8	25
4	10	30
7	9	33
6	12	32
6	14	29
1	2	23
1	5	20
0	3	21
3	4	21
3	7	22
6	6	26
6	9	26
2	6	22
2	5	21
8	10	31
3	7	21
0	5	22
1	4	23
2	2	22
7	9	27
5	8	26
3	9	31
1	8	24
7	12	31
5	8	25
3	5	21
3	7	21
4	4	22
3	6	20
2	5	21
5	11	26
6	10	28
4	11	26
4	7	23
3	6	24
5	8	26
9	12	30
2	5	25
7	8	30
3	7	24
7	7	25
5	9	24
3	4	24
3	8	25
0	3	21
4	6	22
7	7	28
5	10	33
11	15	35
9	9	32
8	10	29
2	6	24
4	11	25
3	8	24
2	4	21
1	4	21
4	5	24
9	10	35
2	7	23
2	4	24
0	2	38
2	4	20
2	9	24
7	14	33
5	7	24
5	8	30
6	8	24
5	8	26
2	7	22
9	9	32
0	15	90
4	6	24
3	6	25
3	7	23
5	7	23
4	6	22
9	12	31
3	6	21
6	14	27
7	12	29
4	8	23
0	6	90
0	9	90
3	9	27
4	9	27
4	8	24
3	7	23
3	6	24
7	10	30
4	8	26
3	8	25
2	7	26
6	10	30
5	9	25
8	10	32
5	10	30
5	9	28
4	8	24
4	7	26
4	-1	91
8	11	29
3	12	27
4	9	27
4	11	25
2	8	23
1	6	25
7	9	26
5	7	24
5	7	22
2	5	24
4	10	23
8	6	26
3	7	26
3	7	26
3	7	23
3	7	21
4	8	24
5	10	31
4	5	22
2	6	22
7	9	27
5	9	29
4	7	23
3	7	23
1	3	20
5	8	27
6	9	27
3	9	24
4	10	25
2	4	20
9	10	34
2	7	27
6	8	25
3	7	23
3	7	23
3	5	22
3	8	24
4	7	25
0	37	90
9	12	35
5	8	25
8	13	33
7	10	30
6	13	29
7	11	27
6	11	27
7	10	28
7	10	26
7	10	26
11	13	36
2	7	22
5	9	26
5	7	30
4	10	25
4	9	24
8	15	35
3	6	21
10	15	38
0	17	90
4	7	22
4	9	24
3	8	22
8	9	27
2	7	22
3	8	22
5	7	24
2	7	23
8	11	34
3	4	24
4	8	23
4	9	24
5	6	24
2	6	24
9	11	32
6	8	26
8	9	28
2	4	21
2	4	21
5	7	25
5	6	25
3	6	24
5	8	23
5	8	25
4	7	24
2	26	88
2	5	22
2	5	21
3	4	23
7	8	28
2	7	21
1	6	23
1	30	91
0	-1	91
6	9	32
6	9	28
4	6	26
4	5	23
3	10	26
3	6	23
0	6	20
4	8	26
2	28	90
2	4	23
0	8	72
3	6	24
0	4	21
0	4	24
5	11	28
5	9	26
5	9	25
5	9	24
4	8	24
3	8	25
1	5	20
3	8	23
7	12	30
5	7	26
3	6	23
5	9	25
0	9	91
2	3	21
6	8	23
3	6	23
4	9	24
4	10	29
1	3	21
3	8	23
9	12	32
1	4	22
3	6	22
5	9	27
6	8	26
8	11	34
7	8	27
6	9	26
3	8	22
6	11	26
7	9	26
7	9	27
5	8	23
8	9	26
0	-1	90
1	5	20
3	6	21
11	12	37
8	14	34
5	9	26
1	2	21
2	3	20
5	9	27
3	9	26
5	9	27
5	10	31
6	8	25
6	9	23
11	12	34
7	9	26
1	6	20
0	56	90
0	22	90
2	8	25
6	8	25
4	5	24
3	7	22
6	9	25
3	9	26
3	7	22
6	7	25
3	7	24
2	8	24
6	7	25
5	8	25
5	-1	91
5	8	27
4	8	26
4	8	26
3	7	24
3	6	23
6	9	25
3	9	21
3	6	23
8	10	31
4	8	23
0	12	91
6	7	25
3	6	23
8	10	26
2	4	21
1	36	85
2	8	21
5	7	24
3	7	23
6	11	24
3	6	22
3	7	22
7	6	27
4	8	25
5	6	24
3	12	30
2	10	60
5	8	24
3	6	22
3	5	22
4	9	27
4	7	23
7	9	25
2	8	22
3	8	25
3	8	25
5	7	26
5	26	91
11	13	33
2	6	21
3	7	23
5	5	24
1	3	20
8	15	33
3	10	25
4	8	24
2	6	20
5	8	27
2	6	22
3	8	23
3	8	24
1	5	21
2	8	21
2	7	23
7	10	27
6	7	27
6	8	26
5	7	25
4	8	22
3	7	21
2	8	22
2	7	23
2	6	24
7	9	26
1	3	20
3	5	22
3	6	24
3	5	24
3	6	22
13	16	35
7	11	26
1	4	20
2	8	22
2	7	23
2	4	22
2	4	21
2	5	22
3	6	21
6	10	31
2	5	24
3	6	22
3	6	21
3	6	21
8	10	25
5	7	25
6	8	27
9	11	34
0	10	91
3	27	91
2	7	21
0	4	21
3	6	21
5	12	33
7	11	26
6	11	27
0	9	91
0	6	91
5	11	26
1	4	23
18	22	91
3	4	22
4	8	26
4	7	25
4	7	25
4	8	24
4	9	30
3	7	23
3	8	22
0	11	91
0	16	91
4	4	25
5	9	23
4	5	23
3	4	22
0	12	90
10	12	30
8	13	34
7	12	31
8	12	31
7	12	33
9	12	32
9	13	30
2	5	21
7	9	26
5	6	24
0	22	69
0	21	65
0	18	50
3	6	23
2	7	22
2	6	20
0	4	22
1	3	21
2	8	22
8	11	33
3	10	26
3	8	26
3	8	26
3	7	24
3	9	25
4	10	27
4	8	26
4	7	26
3	8	25
3	6	25
4	5	24
3	6	23
5	10	30
8	7	25
3	7	27
4	5	24
4	5	22
4	7	27
4	8	27
3	5	24
2	5	22
3	7	23
5	7	24
1	4	22
1	5	24
2	6	25
1	4	22
0	4	28
2	5	20
2	5	20
4	6	22
7	7	25
5	8	24
7	8	26
5	10	34
4	10	25
4	9	25
3	5	21
1	7	22
0	27	85
2	7	23
5	8	26
2	4	20
1	4	23
6	7	24
5	6	24
0	5	91
1	8	91
2	5	20
3	10	25
3	7	21
7	12	29
4	7	23
2	7	22
2	8	22
1	3	23
10	8	31
8	10	31
3	5	21
2	5	21
4	6	25
8	8	31
5	7	24
1	11	91
4	8	25
6	10	25
3	6	22
2	7	21
2	7	22
2	7	21
0	3	20
7	7	28
4	6	25
2	4	22
4	5	23
4	6	22
4	6	24
4	6	23
3	5	24
10	13	36
9	13	35
3	6	24
2	5	21
6	10	24
1	5	23
3	6	25
3	5	24
2	9	30
4	6	23
3	7	22
4	7	22
0	7	91
8	11	28
7	11	27
3	7	24
3	6	22
0	4	20
6	7	23
3	5	22
5	8	23
0	5	39
4	5	22
3	6	25
4	7	25
4	6	30
5	7	24
4	7	23
4	6	21
4	8	25
4	7	26
4	10	27
5	8	28
1	4	21
3	5	21
3	5	22
0	8	91
1	4	21
0	10	91
0	15	89
1	4	21
4	7	25
0	2	20
1	8	24
7	11	32
2	6	24
4	8	25
3	4	22
3	5	23
2	4	21
3	9	30
6	11	27
8	11	30
4	8	25
4	8	24
5	12	28
3	7	22
0	4	21
7	9	28
3	6	23
6	6	25
0	3	21
7	10	30
9	7	26
3	7	30
3	6	31
5	10	30
7	10	26
8	9	26
7	10	28
9	10	29
7	8	27
8	9	27
1	3	23
5	6	25
3	7	26
3	8	25
1	3	25
1	5	22
1	5	21
0	3	23
4	8	25
13	11	45
1	4	20
10	13	38
10	10	35
6	8	25
3	6	25
2	6	20
9	12	37
3	6	21
10	11	34
9	13	32
8	9	29
8	10	28
7	7	28
4	7	30
6	8	24
7	8	26
6	9	26
6	9	26
5	8	25
3	5	21
7	10	29
4	6	24
3	5	23
2	6	25
10	11	32
10	14	36
4	6	23
6	9	26
3	7	24
2	7	23
2	7	22
3	4	23
2	6	21
7	12	30
7	10	29
8	10	31
3	5	22
0	4	21
4	7	22
8	9	29
6	12	30
4	6	26
2	7	22
2	6	21
2	9	25
9	8	29
2	6	22
7	11	30
7	10	28
0	0	91
2	3	22
5	12	30
4	8	24
1	4	22
0	3	21
0	3	20
5	11	26
2	7	20
2	5	21
4	8	25
2	4	21
5	8	30
4	9	27
1	7	21
6	10	30
7	11	28
2	6	22
0	21	91
2	8	23
7	9	27
7	8	30
4	8	25
3	6	27
3	7	25
0	10	91
4	8	28
0	17	90
3	28	89
6	10	28
4	8	23
3	10	23
1	6	21
1	4	21
6	9	32
6	8	30
9	10	28
10	9	32
0	14	91
3	4	21
7	8	28
6	12	30
3	7	22
5	8	25
4	10	25
7	10	26
2	6	21
2	5	20
2	8	23
2	5	22
5	5	23
2	4	25
1	4	26
0	5	23
0	4	23
2	5	22
0	3	23
3	9	26
3	9	26
4	5	25
3	6	24
2	7	21
8	7	32
2	4	21
5	8	26
8	7	33
6	10	28
7	9	30
4	8	22
4	6	25
9	12	32
0	4	21
3	7	23
5	8	24
3	7	23
3	5	21
6	7	25
4	5	24
6	9	25
4	6	23
3	5	24
0	10	90
0	5	90
5	28	91
5	7	28
2	6	21
5	10	25
7	12	28
3	7	23
6	8	25
7	7	25
5	8	30
3	3	23
4	7	21
7	6	33
1	4	22
6	9	25
8	10	30
2	7	22
3	6	23
4	8	24
0	4	28
7	11	25
2	4	20
6	9	28
4	7	23
4	9	23
4	7	22
0	3	22
6	6	23
9	11	32
10	12	35
8	10	30
8	10	30
3	7	25
3	7	22
1	7	21
1	4	24
3	9	24
4	8	23
2	7	21
2	4	23
1	4	22
0	2	20
1	3	24
0	4	21
2	5	23
6	8	24
4	6	22
4	12	30
8	12	35
7	7	29
5	5	23
4	9	25
4	8	23
4	8	30
3	8	24
7	10	31
7	9	26
8	8	28
2	4	26
4	10	25
3	9	22
7	15	34
5	7	23
3	6	20
3	7	23
3	8	24
3	6	22
2	7	23
8	12	31
1	5	21
4	10	28
2	6	21
3	6	22
5	9	25
1	6	22
7	8	27
1	4	20
6	7	23
4	11	23
2	8	24
2	7	21
7	13	34
7	14	32
8	14	32
9	14	36
8	13	30
6	36	90
6	10	25
6	10	26
7	12	31
6	8	32
5	10	25
11	15	35
9	13	33
8	11	31
6	10	25
6	10	25
1	5	20
2	4	21
5	10	25
6	11	26
4	11	31
2	6	22
2	5	20
5	10	26
6	9	26
8	12	31
4	6	21
7	13	30
7	8	28
6	8	24
4	6	22
5	9	25
4	7	22
0	10	90
13	12	34
0	21	91
8	8	25
7	10	27
10	12	29
8	14	28
6	9	30
4	7	23
4	5	25
1	39	90
4	-1	91
6	-1	91
3	6	23
4	7	23
2	7	23
8	9	27
5	6	26
3	5	23
7	12	31
4	11	23
1	17	91
7	9	32
8	9	30
7	10	31
6	8	28
8	10	30
10	9	33
7	9	29
3	7	23
3	7	22
7	8	26
5	7	32
6	7	30
3	6	23
6	9	32
8	8	36
8	9	33
7	11	34
5	5	25
8	7	34
5	6	28
6	6	30
7	11	36
6	6	26
3	6	23
3	6	23
3	9	24
10	11	34
5	8	24
10	13	36
0	21	90
2	7	21
6	10	33
3	7	21
8	7	33
6	9	25
6	8	24
5	13	28
4	7	26
2	5	21
6	8	26
3	6	23
2	5	21
2	6	22
5	9	31
5	8	30
10	12	34
3	7	26
9	10	31
3	6	22
4	10	25
5	8	25
5	10	30
5	9	28
3	7	23
4	8	21
2	8	21
9	11	35
9	14	31
3	8	21
9	11	29
9	13	33
9	12	34
9	9	30
7	12	31
6	11	34
3	8	24
4	5	25
5	9	23
5	8	23
5	10	26
6	10	29
2	6	20
3	7	24
5	6	22
0	4	22
8	9	26
1	7	25
3	8	25
4	7	24
4	8	26
4	9	25
5	7	25
4	6	23
4	8	26
4	9	25
2	6	20
3	7	23
4	8	23
4	8	23
4	7	22
7	9	24
6	11	31
4	8	23
6	9	25
4	7	21
4	7	25
4	7	25
4	6	24
6	7	29
3	6	24
2	8	22
7	9	30
0	4	21
5	8	26
6	10	23
5	8	24
5	8	24
4	8	25
3	7	22
7	8	33
7	9	34
8	8	31
8	10	34
8	11	35
8	11	33
8	10	36
10	12	38
7	8	26
10	12	34
8	8	30
11	11	32
9	11	32
13	13	42
12	13	39
11	11	36
12	12	37
10	12	34
10	12	39
3	6	23
3	7	24
4	6	26
3	9	22
3	7	23
3	7	24
1	7	21
4	8	25
10	11	33
8	12	30
1	4	20
5	9	25
3	6	25
5	7	24
2	6	21
3	7	24
5	10	26
7	7	27
1	6	20
5	7	24
5	10	24
5	9	23
5	11	25
4	7	21
4	9	23
8	9	31
5	11	30
1	10	22
3	5	22
1	3	22
9	9	28
6	7	26
6	8	27
6	8	26
6	8	25
6	11	25
6	9	25
6	10	24
4	9	25
4	7	25
5	9	25
8	12	36
5	8	31
5	40	91
4	6	22
4	7	24
4	7	25
4	7	24
7	10	28
5	8	24
3	8	21
3	8	24
3	7	23
4	7	24
3	6	22
5	7	24
8	9	25
12	13	37
3	6	20
3	6	20
3	8	27
3	5	23
2	4	23
6	7	23
4	9	27
5	7	25
10	14	33
10	13	34
4	12	30
6	11	25
4	8	23
5	5	22
4	8	23
3	8	22
8	10	32
3	10	25
4	8	23
3	5	25
5	8	28
5	8	29
5	7	30
6	11	33
3	7	23
6	10	27
4	8	26
6	28	91
5	6	24
2	4	23
2	2	22
5	10	23
2	6	21
10	13	34
3	6	22
7	12	30
10	11	31
3	8	23
2	6	22
2	6	21
4	9	24
5	7	25
6	8	25
3	8	24
5	13	31
0	11	91
0	11	91
4	7	24
4	7	25
3	8	24
4	7	23
4	7	23
3	7	22
6	13	27
1	6	20
0	6	90
2	5	20
0	1	23
6	8	26
9	14	30
9	13	30
2	6	22
3	8	22
7	10	30
6	10	26
7	11	28
5	7	24
2	8	23
6	10	30
8	8	28
11	13	35
1	5	21
2	3	22
0	31	90
0	1	21
5	6	24
4	7	23
5	9	24
4	8	25
3	8	25
4	8	26
5	12	26
5	8	23
5	6	24
5	7	26
4	6	22
4	5	22
4	4	21
2	6	22
7	10	31
1	-1	91
2	5	21
4	9	28
5	9	24
9	11	29
7	10	27
6	7	22
1	7	21
12	13	33
4	9	24
3	8	24
1	6	22
3	8	25
6	7	22
7	11	31
0	2	63
4	7	25
6	9	33
1	5	21
3	5	22
10	12	37
11	11	34
7	8	27
4	6	24
6	8	30
5	10	30
6	10	31
4	9	25
4	9	24
6	12	28
5	10	26
7	10	28
3	10	23
3	7	24
4	6	23
6	14	29
6	10	25
6	9	24
3	7	22
3	5	21
4	8	23
5	7	30
2	7	21
9	12	31
5	7	26
0	3	21
5	9	24
4	7	22
4	7	23
3	5	21
4	8	24
7	10	26
5	8	23
10	11	33
7	9	25
4	8	27
5	11	27
7	10	26
7	11	31
1	22	90
6	9	25
7	10	27
8	10	27
6	8	24
0	11	90
0	11	90
8	9	36
1	3	21
2	10	25
4	7	24
3	7	24
2	8	24
5	8	30
8	10	33
3	6	22
4	8	24
4	10	30
4	7	25
5	8	30
5	9	26
4	11	27
4	9	24
2	11	23
3	12	23
4	10	24
3	7	23
3	8	24
2	10	25
2	7	21
2	4	20
0	4	21
3	8	23
3	7	21
4	8	24
1	4	20
2	9	22
4	5	22
3	8	21
2	7	24
3	5	22
11	11	37
7	8	25
2	7	24
3	7	23
8	11	27
8	11	33
6	12	26
5	10	30
2	7	21
2	23	91
6	9	28
5	8	24
5	8	25
5	8	25
7	9	26
5	11	27
5	13	30
6	10	24
1	5	24
4	7	24
3	7	22
4	7	23
4	8	24
3	6	23
3	4	22
0	5	22
4	9	23
8	8	31
2	11	24
11	15	37
10	12	34
2	4	20
3	8	23
2	5	21
5	7	23
6	9	27
11	15	35
11	12	32
9	12	34
9	13	36
5	8	27
2	8	24
4	7	26
4	7	24
0	0	62
0	8	91
4	7	30
0	20	90
3	20	89
3	5	23
3	5	22
5	8	24
6	11	26
2	5	23
6	9	24
4	7	25
6	5	23
9	12	31
10	13	32
6	10	30
2	3	22
4	7	22
3	6	21
3	28	90
3	5	21
7	8	24
5	10	26
6	5	31
2	7	22
7	7	28
3	7	22
1	23	91
7	8	26
3	7	22
2	5	22
0	14	90
7	13	32
5	8	24
2	9	23
7	12	28
1	19	90
10	11	29
8	13	28
2	9	22
4	6	23
3	11	23
2	10	23
2	7	22
6	15	32
8	9	25
3	7	21
4	5	22
5	10	26
6	13	30
10	13	36
9	12	30
5	7	22
4	8	22
7	9	29
6	8	26
6	9	27
5	11	30
6	10	23
5	10	25
8	11	32
7	13	31
6	9	28
5	12	27
5	11	27
5	10	30
4	8	23
5	7	24
7	7	27
8	14	34
2	6	22
1	6	22
1	7	23
0	3	21
4	6	30
0	37	90
9	9	26
3	5	25
3	6	26
4	8	23
2	8	21
5	7	23
2	6	22
3	5	22
5	8	25
2	6	22
5	6	24
1	4	22
4	8	23
7	9	25
2	5	21
5	7	26
10	17	36
7	9	25
5	9	31
5	15	30
6	7	25
5	9	26
4	8	24
1	4	21
6	10	26
4	8	24
6	10	25
4	9	24
4	10	26
6	13	28
7	11	29
4	11	30
4	13	28
4	10	29
3	5	23
2	7	22
5	9	24
1	6	21
7	11	30
4	7	23
4	7	23
6	10	27
3	8	24
3	6	21
11	14	38
3	7	21
5	10	25
5	8	27
3	9	23
5	8	24
2	4	23
6	9	26
1	8	23
1	7	22
9	8	30
4	7	24
4	5	21
1	5	21
3	8	20
4	6	24
5	9	24
5	10	26
5	7	23
3	6	23
7	12	29
4	6	23
3	7	22
4	7	25
3	5	21
1	8	23
2	6	20
8	11	34
8	10	34
2	6	21
5	8	24
6	10	30
6	8	27
7	10	27
6	10	27
7	10	27
6	12	28
7	9	26
4	6	21
3	5	22
7	13	32
6	9	27
2	7	21
6	20	91
4	18	91
5	20	91
2	7	20
5	8	24
10	13	36
11	13	38
12	14	34
6	10	31
6	9	23
7	7	28
2	7	24
5	8	24
2	7	22
1	33	91
4	6	23
2	8	22
5	7	24
1	5	21
4	40	91
8	11	30
6	16	31
6	8	25
6	9	25
0	6	90
1	10	91
1	7	21
4	5	21
3	7	24
2	7	21
3	7	22
2	6	20
6	8	27
1	3	20
3	6	25
3	8	25
4	7	23
3	8	25
7	10	28
1	5	20
4	7	22
0	3	20
3	6	22
6	10	27
1	19	90
5	9	25
3	7	22
2	7	24
3	5	23
3	5	24
5	7	23
1	6	21
6	8	23
28	31	91
1	4	22
7	12	33
7	11	31
1	7	30
6	9	26
3	5	25
3	7	29
5	8	31
8	12	33
0	2	22
2	5	22
2	5	20
2	4	21
2	6	22
3	5	21
3	9	26
3	8	24
4	9	25
8	11	29
2	4	22
0	4	90
3	7	22
4	8	25
1	4	21
3	8	25
4	6	24
3	5	23
1	3	22
2	5	23
4	9	25
5	6	23
9	11	31
7	11	26
3	5	21
1	5	20
4	6	25
4	6	24
5	6	24
3	5	22
1	5	21
7	9	30
6	11	31
1	12	91
0	10	90
1	4	21
4	11	25
6	6	26
5	7	25
8	12	34
2	6	22
6	7	25
6	8	27
6	7	26
4	7	21
6	10	28
1	21	91
10	11	31
8	9	30
2	4	21
7	39	91
7	-1	91
4	7	30
8	13	33
7	11	30
3	8	25
5	10	28
3	7	23
3	7	21
2	6	23
9	10	32
7	9	27
7	9	28
4	5	23
9	14	37
0	25	90
9	13	36
4	6	24
3	5	22
2	6	23
2	2	20
7	9	30
7	10	31
2	7	23
5	6	25
4	5	22
1	6	21
6	9	24
4	9	25
3	8	23
3	8	25
5	8	25
1	32	91
3	9	25
4	8	23
2	7	22
6	9	24
6	9	26
3	10	90
5	6	24
4	5	24
8	11	32
8	13	31
7	10	28
3	5	23
10	16	37
3	7	22
8	12	28
5	8	25
13	14	42
2	9	21
5	6	27
10	12	33
11	14	33
9	13	28
7	11	30
0	27	91
7	11	30
4	5	22
7	9	32
4	9	26
4	8	25
4	7	24
4	7	23
7	7	29
2	10	22
3	10	22
3	4	21
6	9	27
9	9	27
1	5	20
6	8	25
4	11	30
10	13	30
5	8	26
10	11	31
5	8	25
5	9	26
4	7	24
8	8	31
0	6	91
1	10	91
4	5	24
0	7	90
2	5	23
2	6	22
4	6	27
1	5	22
5	9	24
9	14	33
4	7	25
3	6	23
3	7	25
6	10	33
3	8	26
3	8	27
2	8	24
2	5	30
3	5	23
7	14	33
6	11	30
5	20	90
3	6	21
1	5	20
3	9	24
8	10	31
10	15	37
1	12	87
0	9	86
4	9	24
3	7	21
3	8	21
4	7	23
0	-1	90
3	24	91
14	20	46
0	10	91
6	10	30
4	9	24
0	19	90
7	9	25
5	9	24
9	14	36
4	7	23
4	7	25
4	7	23
7	6	24
1	4	22
2	7	21
7	10	30
7	11	29
6	10	28
5	9	25
4	8	25
2	8	21
6	12	34
3	9	22
3	8	23
4	9	24
3	9	23
2	4	22
4	8	26
3	7	21
1	4	21
6	11	28
5	8	32
8	11	32
9	13	34
2	5	20
9	15	37
3	7	22
9	12	30
3	7	24
4	8	23
1	6	20
5	10	29
5	12	30
4	9	22
4	11	24
4	9	22
3	9	25
4	12	26
4	10	24
4	9	24
2	8	22
5	6	30
4	7	24
2	9	22
2	7	20
0	2	23
7	9	27
6	10	27
5	8	26
4	8	26
5	10	32
5	9	31
3	8	30
2	7	21
4	6	22
1	4	21
9	12	31
3	7	22
4	7	23
6	8	24
4	5	22
4	5	22
1	5	20
0	18	91
0	14	91
1	27	85
4	9	27
5	6	25
8	11	35
6	7	25
2	10	25
5	10	30
5	10	30
5	7	25
10	11	32
8	12	33
8	14	32
8	11	29
9	10	28
6	10	30
4	9	24
5	9	30
6	8	30
4	8	23
5	8	23
3	7	23
3	7	22
2	6	21
2	9	23
5	11	25
4	7	22
7	9	25
4	10	25
4	9	24
5	8	22
2	8	23
7	9	28
3	9	27
3	8	23
3	8	25
3	7	23
4	9	25
8	12	26
4	8	23
9	10	30
9	10	32
10	10	30
4	8	25
3	9	91
3	7	21
9	11	33
2	3	21
6	9	30
7	12	31
3	20	91
6	23	91
7	25	91
7	12	30
8	12	30
8	12	31
8	12	30
3	8	22
3	39	91
7	11	26
8	13	29
8	12	28
8	10	37
6	7	24
3	7	23
7	10	27
2	3	22
3	7	22
4	12	31
4	10	23
6	10	26
2	6	22
4	12	32
2	6	23
2	5	22
2	8	24
2	4	21
5	12	31
6	7	26
6	10	30
2	5	22
4	8	25
3	9	22
1	6	22
1	9	21
2	8	22
6	10	27
7	10	26
4	7	24
5	7	24
7	7	25
5	9	25
5	5	27
4	10	25
4	9	22
8	13	31
3	7	22
3	5	23
2	4	20
4	13	25
3	9	23
4	6	22
5	7	24
6	8	25
6	11	30
7	9	29
6	12	31
7	8	28
8	12	33
2	8	21
3	7	23
4	8	24
2	8	24
5	11	30
5	3	24
4	10	22
6	8	24
8	10	32
10	13	35
8	9	30
8	10	28
10	8	27
8	12	33
9	11	33
5	9	23
9	11	37
7	9	24
4	8	25
4	7	24
4	6	24
6	8	27
7	12	30
4	10	31
6	10	25
2	6	20
0	6	21
2	7	23
7	10	30
6	9	25
8	9	28
5	7	30
2	7	22
1	7	23
4	9	27
6	12	32
6	13	30
3	6	22
4	8	23
7	12	32
8	13	30
5	11	30
5	9	30
6	13	33
4	9	27
3	10	25
3	11	26
3	10	25
3	8	22
2	3	21
3	7	22
9	10	32
9	13	32
8	11	26
6	8	26
2	6	22
6	7	25
6	7	22
0	5	22
9	9	34
10	10	36
9	9	31
8	11	32
7	10	34
5	8	26
6	9	32
5	7	24
3	7	23
2	7	21
3	7	23
3	9	23
4	8	23
3	6	23
6	10	28
6	8	27
9	11	33
7	10	27
5	8	26
2	8	22
8	11	31
7	10	27
3	5	23
6	10	32
10	13	35
10	11	29
1	5	21
11	13	33
2	6	20
5	7	27
5	6	25
3	42	91
1	3	21
3	11	27
6	9	26
4	10	24
4	8	23
4	7	23
6	7	25
4	9	24
7	8	26
3	8	21
9	10	29
9	11	31
9	11	28
3	8	21
4	6	23
4	5	24
9	9	32
6	9	27
6	8	26
4	7	25
3	6	23
3	8	23
5	8	24
6	11	30
1	3	23
4	6	23
3	7	22
6	8	25
4	7	24
6	10	26
6	12	27
6	8	25
7	9	24
7	7	26
1	3	22
0	2	22
7	13	31
3	7	24
7	13	28
0	27	91
7	9	26
7	10	27
0	5	21
0	28	90
7	11	31
2	8	22
2	6	21
3	7	23
2	9	23
2	6	23
2	8	23
8	11	31
1	7	21
3	8	23
7	10	26
5	11	27
1	3	22
0	17	91
1	9	90
8	11	31
9	12	31
7	11	30
7	12	31
7	12	32
8	14	31
5	9	27
7	14	32
7	10	27
8	12	27
5	11	30
6	9	31
4	7	25
4	8	25
4	6	24
6	9	24
7	11	31
1	5	22
1	6	36
7	8	27
7	9	27
6	8	26
6	7	25
5	7	24
5	8	30
4	8	23
3	8	22
2	6	21
1	6	22
1	4	22
7	8	31
4	7	23
7	12	33
0	13	91
2	5	21
6	6	26
0	3	23
2	5	20
0	3	21
6	9	24
7	6	27
3	8	26
7	8	26
5	7	26
4	6	23
4	8	23
4	6	23
2	5	23
3	9	24
0	13	91
1	10	91
7	14	33
10	13	40
3	5	20
9	10	32
5	9	26
6	13	32
3	8	22
2	6	22
6	13	31
2	6	21
2	6	22
11	13	42
4	7	23
2	6	22
2	5	21
6	11	27
3	7	22
2	4	21
6	8	24
3	7	23
0	4	20
7	12	28
0	4	22
3	9	24
3	9	24
3	8	23
3	8	22
2	8	23
9	12	32
2	4	22
8	10	26
5	6	24
4	6	22
8	8	29
0	25	90
1	5	20
8	8	30
5	7	23
8	10	32
4	10	24
3	7	21
4	8	23
0	11	80
6	11	28
9	10	30
7	9	28
6	8	33
11	16	36
2	9	23
2	9	21
2	5	21
7	16	38
5	12	27
7	13	33
8	11	31
7	10	26
6	9	24
2	4	24
6	10	25
6	7	27
5	8	27
9	10	29
1	6	20
4	5	25
3	7	24
2	5	21
4	7	24
8	12	26
4	7	25
9	15	40
9	11	32
5	9	27
6	11	33
7	13	35
4	7	24
3	6	22
7	10	32
1	9	23
3	9	23
3	6	24
2	5	20
3	9	23
5	7	26
1	4	24
4	7	22
4	8	25
1	3	90
5	9	26
3	11	31
8	9	27
8	10	30
8	10	30
4	7	23
0	4	21
2	6	21
2	4	26
2	4	22
2	4	20
4	8	25
2	4	21
3	7	21
4	8	27
9	28	90
3	7	21
4	7	30
4	8	25
1	4	23
5	7	24
7	14	33
3	10	24
7	7	24
7	7	26
8	8	26
8	8	26
5	8	26
3	8	33
8	15	35
7	7	26
0	9	45
1	5	21
5	8	23
4	8	32
4	6	23
4	7	23
6	7	25
4	5	22
2	6	23
2	8	28
1	6	21
2	7	23
3	7	23
6	8	26
1	5	20
2	6	20
8	13	30
2	8	23
1	2	21
3	6	22
5	8	24
7	14	30
5	9	25
7	9	25
3	7	24
5	10	27
5	11	25
6	11	24
4	9	25
7	12	30
2	5	26
3	7	23
3	8	24
2	6	21
3	7	23
5	6	22
3	6	22
3	6	23
3	9	22
1	6	22
4	6	23
6	10	31
5	8	25
1	2	23
3	7	21
7	12	28
3	7	23
2	7	20
6	9	25
4	8	23
4	9	24
3	8	24
3	7	23
9	12	28
3	7	23
2	7	24
2	6	23
6	8	25
3	9	22
10	17	37
4	10	25
4	9	24
2	8	23
4	10	26
3	7	22
4	8	23
4	7	21
6	9	26
4	8	25
4	9	25
4	8	24
3	6	21
7	12	32
5	10	23
10	9	32
9	10	30
10	9	29
0	3	22
4	8	22
2	4	23
2	24	90
2	6	22
3	9	21
3	8	20
9	11	30
9	11	31
7	10	26
6	10	26
1	6	20
8	10	26
9	11	28
0	6	91
7	10	26
8	8	23
2	4	21
0	38	91
0	37	91
1	36	91
4	7	24
6	10	25
7	8	27
9	17	36
7	11	26
2	9	24
7	9	25
6	9	24
7	14	32
3	5	20
7	12	27
2	6	22
9	10	31
2	7	23
2	7	22
10	12	30
9	14	37
6	12	28
7	12	31
7	14	27
7	11	24
4	17	69
4	10	28
4	8	24
2	7	23
2	7	22
3	7	24
2	7	23
3	7	22
2	4	22
5	10	30
1	4	22
7	12	28
0	-1	90
0	15	91
5	6	26
2	7	21
2	7	23
6	9	27
4	6	24
0	26	91
7	12	32
2	7	22
6	13	31
2	5	21
3	5	21
2	5	20
3	5	24
3	7	23
3	7	23
7	9	28
12	-1	40
9	9	27
6	7	25
8	11	32
4	7	29
2	3	23
4	7	22
11	10	37
3	7	25
3	6	24
4	7	27
3	6	23
4	7	26
5	7	25
9	11	29
3	9	23
7	11	26
2	34	90
4	7	22
6	7	25
7	12	38
1	6	21
5	8	24
3	7	24
2	4	21
3	8	23
3	8	21
5	8	24
4	10	24
4	10	23
1	19	91
7	12	33
4	6	22
2	5	21
6	9	30
1	7	21
0	19	84
0	20	90
3	5	22
3	7	22
8	11	29
4	8	24
8	12	31
9	12	28
2	12	90
4	6	21
6	9	26
5	39	91
1	4	22
7	10	28
5	9	26
8	13	30
7	10	32
7	11	26
2	6	21
4	6	21
2	6	22
3	7	26
5	11	27
2	29	90
3	4	23
2	6	22
3	6	22
3	7	23
3	6	22
8	9	34
6	8	26
1	6	20
5	6	23
6	8	24
3	6	22
1	18	90
3	5	24
3	7	21
5	8	25
6	8	28
6	11	31
4	9	31
5	8	25
5	6	24
5	8	26
5	11	30
5	8	24
7	10	25
7	11	26
5	9	30
2	6	22
6	9	31
9	11	31
6	10	27
7	9	26
2	6	22
5	9	25
2	5	21
2	6	21
0	15	69
0	5	91
5	6	24
4	6	22
7	9	32
6	8	23
4	6	24
2	4	22
2	4	21
0	9	91
10	11	34
2	3	21
2	4	22
2	7	22
0	8	81
0	8	81
5	10	29
7	9	26
6	9	26
7	9	25
0	8	91
5	11	27
1	9	46
0	10	46
1	3	21
9	10	26
9	13	34
5	9	25
4	9	22
3	7	21
2	8	22
3	7	22
2	5	21
5	9	31
3	5	22
2	5	21
3	8	24
3	6	21
4	7	23
4	8	22
6	8	25
4	6	23
8	11	31
0	25	90
8	7	28
1	6	23
6	8	24
0	2	21
7	10	29
5	9	24
4	7	30
4	7	31
2	6	20
3	7	22
2	6	21
2	7	20
4	2	24
6	10	30
2	7	21
2	8	21
0	23	91
6	7	25
2	4	22
0	6	22
1	4	21
2	6	22
2	8	22
2	6	22
3	6	22
3	5	21
4	24	91
5	24	91
5	25	91
2	4	21
4	6	20
4	7	24
3	6	25
3	5	23
0	2	20
3	9	25
1	7	23
3	11	26
4	11	24
4	12	26
0	12	91
0	12	89
1	4	21
5	10	31
4	5	25
7	11	27
7	10	26
2	7	21
3	10	23
5	7	23
4	9	23
3	6	21
3	8	23
8	12	29
5	6	25
6	6	30
6	6	30
6	5	26
5	6	28
7	6	32
4	5	25
8	12	25
8	12	31
2	6	21
6	9	26
8	11	29
6	9	28
1	3	21
3	7	22
4	8	22
4	8	21
8	11	33
2	5	21
0	4	21
3	6	21
3	7	24
3	6	23
7	15	30
4	8	22
6	12	30
4	7	25
4	7	25
1	37	91
5	10	30
5	8	25
5	12	26
9	11	31
3	7	23
5	8	26
21	22	89
6	7	24
4	10	31
2	6	27
5	7	27
2	7	21
10	13	33
11	14	37
10	12	31
9	12	34
9	12	33
3	7	24
6	5	24
1	24	91
5	31	90
7	8	31
4	7	25
0	11	90
3	6	23
2	7	20
1	9	21
4	8	26
3	6	24
2	5	22
3	6	23
3	6	23
11	13	34
6	9	30
4	7	22
3	6	21
1	4	21
6	9	23
2	5	21
2	5	20
3	6	21
9	12	31
8	12	30
8	11	30
1	22	91
3	7	21
2	7	21
2	9	22
4	5	25
5	6	25
4	7	23
6	9	26
5	8	23
0	30	90
4	8	26
3	6	22
2	7	22
7	11	31
1	4	23
1	6	24
3	5	21
6	10	29
2	6	23
8	12	29
6	25	91
7	25	91
8	25	91
3	8	23
0	4	20
5	9	25
4	8	27
2	5	22
4	6	24
3	5	24
3	5	23
4	7	25
5	9	25
8	13	34
5	9	27
3	8	25
3	5	24
4	6	25
4	6	24
4	6	23
7	10	25
5	9	25
4	10	30
6	9	26
6	9	27
5	11	29
4	7	24
7	11	28
6	9	30
5	6	25
3	9	26
5	7	23
6	10	30
4	7	23
6	8	26
0	3	23
5	6	29
6	11	30
3	7	22
5	6	27
6	7	26
4	8	24
1	5	21
4	7	30
5	6	26
5	8	27
4	6	23
4	7	23
4	6	22
3	6	22
3	7	23
5	10	25
2	10	27
1	3	21
1	5	21
2	8	27
2	8	24
3	6	23
2	7	22
4	8	24
2	7	22
2	5	21
3	5	21
5	5	25
3	7	23
4	7	24
9	9	29
8	12	32
2	7	24
3	5	22
3	5	23
5	10	31
5	8	30
3	7	21
4	5	21
3	4	21
4	8	24
2	8	22
1	6	22
6	12	30
3	10	24
5	9	26
8	8	30
4	8	25
3	7	21
10	14	35
10	14	33
8	11	28
6	9	25
3	7	21
5	8	23
7	7	24
3	12	28
1	5	22
2	7	21
8	10	30
3	10	27
1	5	21
1	6	21
3	8	22
4	9	24
5	9	26
6	10	30
6	8	27
6	30	91
3	9	23
3	7	21
0	11	90
8	10	28
4	9	23
5	6	24
6	9	26
2	7	21
1	4	21
5	7	28
3	7	22
3	8	25
9	11	33
0	7	90
0	8	90
0	5	22
2	5	23
6	14	34
5	7	24
3	6	25
0	3	23
1	3	21
2	6	24
3	4	23
1	-1	91
5	6	24
7	11	26
4	4	23
2	6	23
2	6	21
2	6	21
6	9	30
3	8	23
3	9	30
2	6	21
5	6	23
2	6	22
5	9	26
5	7	27
2	7	20
3	7	23
0	4	21
2	3	21
5	8	25
6	11	32
1	9	90
0	12	91
0	4	23
5	6	24
5	6	24
6	8	26
4	6	24
7	13	34
5	8	26
5	10	31
4	10	27
1	35	91
1	6	20
2	15	91
5	4	26
0	10	91
3	6	23
3	5	24
4	4	23
3	5	21
5	5	24
4	5	22
4	4	24
5	9	25
2	6	24
6	7	29
8	7	29
7	9	26
1	8	88
0	7	91
2	5	22
0	1	22
1	1	20
0	1	21
2	4	24
1	3	23
1	6	21
6	12	31
0	13	91
4	8	24
8	12	29
6	7	22
6	6	30
2	5	21
0	1	20
0	9	91
0	8	91
8	11	34
6	7	26
7	9	27
2	7	22
6	9	26
3	7	22
6	8	25
0	9	88
0	10	91
2	3	21
3	6	23
4	7	22
0	5	22
0	4	22
6	7	24
3	7	23
4	7	23
1	4	20
10	11	36
0	1	65
2	4	21
6	12	29
2	3	21
8	7	30
8	10	34
7	6	28
6	6	27
6	6	26
7	6	28
0	15	89
0	10	90
3	5	22
4	11	31
3	7	23
6	8	25
0	3	20
3	5	23
2	6	21
8	11	27
1	2	24
5	10	33
4	4	23
1	6	22
7	10	27
3	6	21
3	5	22
0	9	91
1	14	90
0	10	91
2	5	22
4	10	24
5	11	30
4	7	30
8	8	27
5	7	22
7	10	26
6	9	25
4	7	23
3	6	22
3	7	22
2	3	20
4	6	24
7	10	28
2	7	21
10	11	31
9	10	26
7	10	26
5	6	24
0	31	91
2	6	23
4	6	22
0	4	22
5	10	30
4	9	24
5	8	25
4	8	25
6	-1	90
5	9	26
6	9	30
2	3	21
5	5	23
2	6	22
0	5	91
0	2	21
1	21	90
6	7	30
3	7	22
2	4	21
0	8	91
2	8	23
0	3	22
3	6	23
2	6	21
4	5	23
2	6	20
2	7	22
0	27	91
0	8	91
6	7	24
6	7	27
4	8	25
4	5	23
9	25	90
1	19	90
2	3	21
1	5	20
1	6	23
0	10	91
0	-1	91
3	6	25
5	10	31
3	7	24
1	6	21
4	6	23
0	11	91
5	9	24
8	15	34
1	4	21
1	4	22
0	5	21
2	4	22
8	8	27
3	6	21
3	5	21
6	8	30
6	10	32
3	4	20
1	26	91
4	7	24
5	6	30
1	5	22
6	11	31
0	3	22
6	9	26
2	7	24
0	4	21
4	7	24
0	10	91
0	16	91
15	16	53
3	7	21
2	6	23
1	5	22
5	8	30
3	7	22
5	6	32
2	5	26
1	12	90
0	10	90
1	4	23
1	3	21
3	6	21
0	26	90
5	8	25
4	4	23
5	8	25
3	8	24
2	8	21
10	10	32
8	9	32
10	12	36
2	6	23
4	10	23
11	8	37
3	4	23
2	4	22
3	7	25
2	4	20
0	7	91
10	10	35
2	7	20
5	6	25
4	6	26
4	5	24
1	7	22
3	7	22
7	7	25
3	8	25
3	7	23
3	6	23
5	9	24
0	27	90
4	5	23
1	4	22
0	7	91
0	10	91
7	14	34
4	6	22
4	6	24
7	8	25
6	8	27
5	7	25
6	6	25
1	11	90
0	7	91
7	9	24
2	5	22
3	3	24
2	4	23
1	5	21
2	5	21
2	4	21
7	8	26
5	7	25
5	6	24
1	12	91
3	22	90
0	5	20
6	9	27
3	6	23
3	6	23
5	8	25
4	6	26
2	5	24
4	6	25
2	6	23
4	7	24
2	5	21
5	9	25
6	11	26
3	5	22
6	9	27
4	8	24
3	10	25
3	6	22
4	8	24
5	8	25
3	8	25
5	7	22
0	35	90
2	5	23
2	4	22
3	6	23
2	23	90
6	8	25
3	7	21
3	3	23
4	7	20
3	7	21
5	9	26
5	6	21
6	8	24
7	9	30
3	7	21
5	8	24
5	8	25
3	6	23
8	8	31
8	7	31
7	8	27
3	9	24
7	12	33
0	13	91
0	11	90
6	11	26
4	7	30
5	5	24
6	-1	91
4	8	26
3	6	21
4	8	24
0	9	91
0	8	90
6	8	23
3	5	21
7	12	32
2	3	20
6	8	25
1	7	21
2	4	21
10	14	37
6	7	26
2	6	25
3	6	23
2	6	21
6	8	29
6	7	28
4	9	24
4	8	24
3	2	24
0	7	91
0	0	87
3	4	23
2	4	23
4	4	23
5	6	25
4	6	25
3	7	25
4	7	23
4	7	22
2	5	21
5	7	25
10	12	33
9	9	32
7	8	28
2	7	22
2	7	22
2	7	20
5	9	23
2	5	22
2	5	21
2	6	21
5	7	24
7	7	25
4	6	26
5	9	25
3	7	25
5	7	25
2	4	21
0	4	21
6	10	27
5	11	27
3	11	26
2	5	21
1	3	22
5	6	24
6	7	24
2	5	22
3	8	20
4	25	91
5	15	30
2	7	24
3	7	21
4	6	23
1	3	21
2	3	21
1	6	21
5	7	24
5	8	24
0	3	20
2	6	22
5	3	26
4	8	24
2	4	22
7	10	27
0	7	90
6	8	27
6	9	31
7	11	28
3	5	22
6	11	25
2	4	21
5	10	26
5	7	24
3	6	22
3	5	20
10	13	31
5	10	32
6	12	31
2	3	24
0	38	91
4	7	23
2	6	21
8	9	29
4	8	29
2	4	24
5	5	26
0	2	22
0	2	22
0	4	20
1	3	21
1	3	23
0	3	24
1	4	23
0	5	22
4	5	25
4	8	25
0	17	90
2	4	22
1	7	20
3	6	22
2	9	26
4	4	23
4	6	25
0	2	91
1	1	20
6	8	22
5	7	24
3	8	22
3	4	21
6	8	27
4	5	24
5	10	26
0	-1	90
2	7	24
5	8	25
9	11	35
3	9	21
2	3	21
11	15	37
0	7	54
0	8	91
3	6	30
3	8	24
6	7	26
1	11	91
2	6	23
3	6	22
3	8	23
2	7	21
4	8	23
4	6	22
2	4	21
2	4	25
6	8	24
6	11	25
5	5	25
0	4	90
0	3	33
0	21	91
0	7	91
6	10	31
1	3	21
1	3	21
7	9	32
6	8	30
5	8	25
4	10	24
6	5	26
5	6	26
7	11	30
7	11	30
5	10	26
2	4	22
5	10	33
2	7	21
5	10	30
3	7	23
4	25	91
8	12	36
7	10	26
0	6	21
9	10	32
6	7	24
3	7	23
0	5	20
7	8	26
7	8	30
2	3	24
4	8	22
8	11	27
1	2	23
3	7	23
2	6	21
2	4	25
3	9	22
3	4	21
0	9	91
0	27	91
1	27	91
2	7	91
5	5	22
3	7	28
17	11	45
3	5	21
4	8	26
15	17	91
6	10	26
3	7	21
4	7	25
2	5	21
7	8	28
3	6	21
6	6	25
6	9	25
3	6	25
10	14	33
4	8	23
12	13	39
10	14	35
4	8	22
5	13	31
0	3	21
0	6	90
0	8	91
1	4	21
5	8	26
2	5	22
1	6	21
1	24	91
4	8	22
4	7	20
8	11	29
7	13	27
7	12	26
1	7	21
3	23	91
0	6	91
0	8	90
3	5	21
3	5	20
5	9	30
1	5	22
5	25	91
3	24	86
6	31	89
0	9	91
0	8	91
3	6	21
4	6	22
2	3	20
2	4	23
3	6	21
0	7	90
0	10	91
3	7	26
6	7	25
4	5	23
0	6	57
0	18	91
3	9	90
3	0	91
1	0	91
3	0	90
2	4	90
2	5	23
10	12	33
3	6	23
3	6	21
4	6	22
2	7	22
3	8	24
3	9	23
3	10	24
2	6	24
4	8	23
3	7	24
4	9	27
5	10	27
5	8	31
3	6	21
5	7	25
6	7	27
2	5	22
1	6	21
7	10	29
5	9	24
3	6	26
2	7	24
1	5	22
3	8	24
3	8	25
3	5	23
4	6	21
6	4	26
2	6	23
1	5	21
3	6	25
4	7	23
3	5	22
0	2	21
3	5	22
2	6	20
4	9	26
4	8	23
5	7	25
6	8	26
2	6	22
3	5	20
5	8	24
5	11	31
4	7	25
6	10	32
5	10	31
2	5	21
5	7	30
8	10	29
7	10	26
1	4	22
3	8	21
10	11	35
6	8	30
6	8	25
5	6	24
1	7	21
2	6	22
8	10	31
9	11	34
5	7	25
4	8	22
2	6	20
2	6	22
1	8	24
5	9	22
4	9	23
4	9	22
4	9	22
3	7	22
0	38	90
0	38	90
7	11	28
0	17	89
0	13	90
3	5	23
3	6	22
4	11	25
3	8	22
4	8	25
5	10	24
3	8	27
4	7	26
5	10	27
1	7	22
1	8	22
5	8	27
2	6	21
5	5	25
5	9	25
5	8	24
4	8	23
5	7	26
5	8	23
4	8	22
1	5	21
2	8	20
8	8	36
7	13	33
4	11	30
5	9	26
1	16	91
0	10	84
3	7	24
5	8	24
5	9	25
2	7	21
5	9	26
4	7	26
5	9	25
3	9	26
6	9	33
3	7	23
3	5	22
5	11	27
4	10	23
3	5	23
3	5	22
6	6	23
1	4	21
6	9	29
8	12	32
4	8	24
1	2	22
0	3	21
0	4	21
0	5	91
0	8	91
9	10	31
2	9	23
4	7	24
0	32	91
0	30	91
2	2	24
1	6	21
2	5	22
2	6	24
4	4	22
0	7	91
0	10	91
5	7	27
4	11	24
2	9	23
6	9	26
0	5	90
4	6	24
4	5	26
4	7	23
5	12	31
5	5	25
5	5	26
6	5	28
5	5	29
2	6	23
4	8	27
3	9	26
4	9	24
3	7	22
3	8	22
8	12	36
8	15	37
1	3	21
6	9	27
3	6	23
2	5	22
4	6	25
3	5	21
0	5	21
7	11	30
10	11	31
8	9	29
9	10	31
9	9	31
10	10	35
2	5	21
0	6	91
3	7	22
11	14	38
8	9	30
3	5	21
8	10	31
6	7	25
4	8	26
4	10	25
5	10	25
5	10	26
4	8	25
4	9	25
4	11	26
2	6	21
8	13	34
6	10	26
7	10	26
2	7	23
2	9	23
6	9	25
7	11	30
3	6	21
4	5	23
3	5	24
3	9	31
2	4	20
0	10	90
0	3	34
8	10	28
6	12	31
6	8	27
2	4	21
7	8	25
5	8	25
9	9	30
10	16	34
8	7	27
3	5	23
1	8	22
1	7	20
2	6	22
6	12	30
2	5	21
5	9	31
7	8	31
0	2	22
2	4	23
1	3	22
8	12	29
3	9	21
3	5	23
6	9	24
4	7	24
3	7	23
7	9	30
4	11	31
4	11	30
8	10	35
3	4	22
0	10	91
0	18	90
4	9	24
1	4	20
2	8	22
5	8	25
4	8	25
2	6	20
4	8	25
2	4	24
9	10	36
8	11	35
3	5	26
4	7	25
5	6	27
5	5	25
4	5	25
1	3	36
6	8	27
1	7	21
2	23	89
3	10	27
4	9	24
6	11	30
4	8	25
5	8	31
3	6	21
1	5	23
1	4	22
0	4	21
0	11	91
0	12	91
1	2	21
1	5	21
7	6	26
0	10	89
5	11	31
10	16	34
0	5	21
2	6	21
3	6	20
9	14	63
2	8	23
4	8	25
4	4	23
1	3	23
4	7	23
5	8	25
3	6	22
5	5	27
3	5	23
2	7	23
3	7	25
0	8	91
0	3	90
8	9	31
2	5	21
4	8	26
6	11	32
2	6	21
0	6	91
2	5	23
3	6	20
9	15	36
6	8	25
6	8	26
7	9	25
8	13	32
10	12	30
10	13	31
3	6	23
3	6	22
2	8	24
2	6	23
2	4	22
3	8	24
3	7	24
1	28	91
1	3	23
8	10	28
0	11	89
5	8	26
6	11	30
4	11	26
4	10	31
7	9	31
4	7	24
10	15	36
8	14	36
1	6	24
8	10	31
3	6	21
4	7	23
3	6	21
6	9	27
4	9	25
4	6	22
6	9	27
0	40	91
8	10	33
0	7	91
0	5	89
4	7	23
7	8	25
3	4	20
6	8	30
6	10	26
1	7	21
6	9	29
6	8	26
3	12	27
6	10	24
3	7	25
5	7	30
9	9	31
4	8	28
4	7	25
6	12	32
3	6	22
0	-1	91
1	-1	91
2	-1	91
2	-1	91
4	8	24
4	8	23
3	8	22
4	7	24
3	8	22
8	11	26
3	7	24
7	11	29
3	5	21
1	3	21
6	9	30
7	11	26
0	24	83
6	9	25
4	5	25
2	5	22
4	7	22
9	11	32
5	7	21
2	5	20
0	19	90
0	4	91
0	11	91
6	13	28
5	8	25
3	9	25
1	9	91
1	9	91
5	10	30
1	6	20
1	5	22
1	4	20
1	4	22
7	9	25
5	6	25
3	8	25
7	7	25
3	7	24
3	6	22
2	6	23
4	8	26
4	7	22
5	8	24
3	8	25
3	9	22
2	4	20
3	6	20
4	7	22
5	7	26
5	9	24
0	3	21
3	8	24
3	7	25
6	8	26
2	5	22
1	5	21
2	6	23
5	10	31
4	4	26
4	6	26
0	2	24
0	4	22
0	5	21
3	6	22
0	6	91
5	7	27
6	6	24
2	5	22
0	5	91
0	8	90
2	4	21
5	5	22
5	11	24
3	8	24
2	2	20
5	9	31
3	7	22
5	9	30
2	6	23
2	6	30
12	38	90
6	38	90
6	7	30
7	12	27
8	9	28
9	11	33
8	9	29
0	6	90
0	6	90
4	10	25
5	7	24
3	6	23
4	11	32
3	7	24
5	8	25
5	7	27
3	8	25
3	8	24
4	8	27
4	9	27
5	11	31
5	8	26
4	10	26
7	9	27
3	7	23
3	7	23
3	6	24
7	11	29
8	13	31
5	8	24
0	8	91
0	11	90
4	9	25
5	10	25
3	4	21
0	4	20
6	6	30
7	10	32
2	5	24
1	5	23
0	35	90
5	8	23
6	9	24
4	7	23
0	1	22
5	7	23
5	10	30
3	6	24
3	5	22
7	11	28
3	37	90
4	27	91
5	10	24
3	7	22
7	11	29
3	7	21
4	7	21
5	8	23
5	8	24
5	8	24
5	11	25
5	10	25
3	7	21
7	8	28
7	6	26
1	17	91
1	4	20
2	6	20
5	13	32
5	9	25
7	12	28
2	4	22
7	13	32
5	11	26
3	7	22
3	6	25
3	8	25
3	7	23
8	10	27
5	10	31
0	24	91
3	2	21
1	4	22
1	3	20
7	9	28
2	6	20
2	6	21
2	4	23
7	10	26
1	2	20
2	2	21
8	10	28
2	6	22
3	7	22
0	37	90
4	34	90
8	12	33
8	11	31
5	6	21
0	4	21
4	12	25
7	7	29
6	7	28
2	5	21
5	9	26
7	11	31
5	35	91
6	7	24
5	13	28
6	10	25
7	10	30
9	12	30
9	10	30
5	9	25
4	8	23
7	9	27
6	10	26
5	8	23
4	7	24
3	24	91
4	9	27
0	28	90
6	8	27
3	8	24
5	10	28
0	4	30
0	22	90
1	3	23
2	7	21
6	9	33
4	6	22
8	13	36
5	6	23
3	5	21
5	11	34
2	8	23
4	8	23
3	8	22
7	9	29
7	10	26
8	8	31
2	5	20
3	8	24
4	43	91
1	3	21
5	9	25
2	6	22
3	6	21
9	9	30
8	13	35
0	12	91
0	4	90
4	9	24
6	8	25
3	6	24
3	10	25
3	8	25
3	8	26
4	9	23
2	5	23
8	11	32
8	11	31
8	10	27
8	12	32
8	14	31
8	14	33
7	14	30
6	11	33
3	8	25
6	9	24
3	6	22
3	7	23
2	5	20
3	7	21
3	9	22
0	39	89
1	2	25
0	3	22
5	7	23
11	14	34
8	15	32
10	18	37
7	12	32
7	11	29
8	11	28
11	15	33
9	13	34
10	14	30
5	23	91
4	8	23
1	2	23
0	13	91
3	8	22
6	9	26
7	10	27
7	8	27
0	36	90
7	9	26
2	8	22
5	7	30
0	5	22
5	9	24
8	9	27
2	5	22
4	7	23
0	28	90
4	7	24
6	8	30
6	12	30
2	7	22
1	6	23
6	11	26
0	3	21
3	6	23
6	9	25
0	6	23
2	7	22
0	18	91
0	8	91
3	8	22
5	6	28
4	7	24
2	6	22
0	14	91
3	4	23
3	6	21
5	9	30
3	4	24
0	12	90
6	14	30
4	10	25
4	4	24
8	13	34
8	14	38
4	7	24
2	8	26
7	8	25
1	7	21
8	13	33
6	10	30
8	12	28
5	11	30
4	11	30
7	9	31
4	7	22
1	3	22
7	9	32
7	11	28
6	9	27
5	10	31
4	9	23
4	8	22
5	9	25
0	19	90
7	10	26
3	-1	91
8	12	32
3	6	24
4	5	23
4	6	23
7	8	27
9	11	31
3	6	22
0	1	91
8	11	31
5	9	25
6	11	30
8	13	36
9	8	30
3	4	20
5	8	24
5	8	26
3	7	23
3	7	22
2	5	21
5	9	25
5	9	24
3	8	23
4	7	22
3	7	21
7	12	31
8	11	29
9	14	32
1	3	20
1	6	20
5	13	28
2	8	20
6	8	26
1	5	20
3	6	21
6	8	26
3	7	25
2	7	21
0	25	90
5	8	25
3	5	23
3	8	25
5	10	24
7	21	91
4	22	91
5	9	25
9	13	34
2	8	24
5	10	27
1	6	22
3	8	26
3	11	26
4	8	25
3	11	27
3	11	26
3	8	22
4	5	21
2	6	23
3	6	24
2	5	22
2	11	24
4	8	25
1	5	21
3	7	22
5	8	24
7	12	32
6	14	30
3	6	20
4	10	25
1	23	90
4	5	24
2	8	23
4	9	23
3	7	22
2	4	23
11	14	41
9	10	34
5	8	25
10	12	34
6	7	25
4	6	22
5	7	23
6	11	29
4	5	23
4	6	22
7	12	31
2	5	21
8	9	30
10	16	36
10	13	31
5	12	30
4	9	24
4	7	24
3	7	22
5	8	23
4	7	23
3	7	22
10	12	35
4	10	26
7	9	32
6	9	25
8	13	33
6	9	25
5	7	24
0	3	91
4	5	25
7	11	25
10	15	36
7	11	33
1	7	22
4	10	30
5	9	27
5	8	25
5	9	24
3	5	23
9	16	35
6	8	27
14	11	38
4	7	24
4	6	22
10	14	35
7	8	28
4	10	27
3	4	22
6	9	29
6	11	27
8	9	29
4	7	24
4	32	91
6	10	26
4	7	22
3	7	22
3	8	24
3	10	32
3	5	24
4	9	25
3	7	24
9	11	32
3	4	23
4	13	31
4	6	23
4	6	21
3	9	25
7	9	26
1	5	23
3	8	24
2	3	21
2	3	21
5	9	32
6	9	25
4	8	26
5	9	28
3	7	22
4	7	23
3	7	22
4	8	23
9	15	35
5	5	27
5	5	25
6	6	26
7	8	24
5	11	26
2	6	21
6	9	25
2	5	21
2	5	22
3	6	20
5	9	30
4	9	23
3	6	22
2	6	24
3	5	22
3	5	21
4	6	26
2	6	23
4	6	24
5	9	25
0	10	91
3	5	21
1	2	21
1	5	22
1	5	21
3	4	22
5	8	24
7	12	27
3	7	22
7	8	24
1	22	91
0	21	91
0	20	91
4	8	22
11	19	39
10	17	38
5	9	26
4	6	27
4	8	24
2	6	20
0	27	90
0	27	90
2	26	90
8	12	30
3	7	22
8	9	26
1	4	22
1	4	23
3	10	24
4	7	24
5	10	25
7	11	26
7	10	27
9	11	28
6	11	27
9	11	30
7	11	30
2	7	23
3	7	24
3	8	25
3	8	24
5	8	24
5	10	30
4	10	27
5	7	26
5	7	26
6	8	24
3	7	24
1	6	21
7	10	27
8	10	32
7	14	32
5	11	27
9	12	35
6	7	26
2	7	22
3	7	22
3	7	24
7	9	27
6	12	32
7	11	30
7	8	25
3	6	22
2	6	23
4	7	22
5	8	26
5	9	24
7	12	32
7	13	31
9	16	36
7	9	26
5	6	25
4	4	22
6	10	30
7	8	25
2	9	24
2	8	22
3	6	22
6	9	26
2	8	22
7	11	28
3	8	23
6	25	91
4	4	21
5	4	31
7	9	24
2	7	23
5	11	26
3	5	23
4	5	24
4	4	22
11	10	34
4	9	24
3	8	25
4	8	22
3	5	20
6	8	24
2	5	20
8	12	28
5	8	25
3	8	24
0	-1	91
7	6	29
9	12	32
3	7	23
2	7	23
5	11	27
0	-1	91
1	-1	91
1	-1	91
1	-1	91
1	3	21
3	4	21
1	5	22
4	7	24
1	7	20
0	8	90
7	10	26
9	11	40
2	6	20
4	8	24
5	9	23
6	9	24
4	12	26
2	6	22
4	6	25
5	5	23
6	8	23
3	27	91
3	26	91
10	11	34
2	8	23
0	2	23
5	7	24
4	8	24
4	5	22
7	9	28
3	8	22
0	2	20
8	7	28
8	10	28
7	9	27
10	13	31
2	6	21
13	14	37
5	8	25
8	11	28
3	8	22
3	8	23
11	13	37
8	14	34
9	9	29
7	10	30
8	13	32
7	14	31
8	14	34
4	9	26
3	7	21
10	17	35
4	6	23
3	7	23
2	6	22
4	8	25
5	8	30
2	7	21
2	7	21
5	9	24
4	8	24
3	10	24
1	5	20
3	6	23
2	9	23
4	8	26
3	6	21
5	8	26
5	7	24
2	6	24
3	5	25
4	6	22
6	13	28
0	10	91
0	13	91
3	5	23
7	9	26
5	9	24
2	8	24
0	4	20
1	17	91
6	11	31
8	11	29
7	13	33
9	14	32
7	7	27
8	11	33
10	12	32
1	6	21
7	11	32
5	8	26
2	5	20
9	13	33
9	10	34
10	11	39
12	11	37
6	7	27
1	5	21
5	8	24
5	6	25
3	5	22
5	9	23
3	5	21
3	6	24
6	12	31
4	9	25
11	10	28
7	8	26
6	8	23
3	7	22
2	6	21
2	7	21
8	7	27
8	7	28
0	2	91
0	5	91
4	7	23
1	7	21
5	9	23
2	5	20
2	4	23
7	10	32
9	13	31
7	10	30
6	11	25
5	11	30
6	11	26
9	12	32
5	8	25
7	10	24
7	10	25
7	10	25
2	3	24
0	2	20
8	12	32
8	12	31
8	7	26
7	8	27
8	11	32
6	11	26
9	10	30
5	24	91
4	4	22
5	8	26
4	7	24
4	8	27
8	11	31
2	7	21
4	8	22
9	13	34
2	6	20
6	12	27
6	11	26
8	13	31
6	11	26
7	12	33
5	14	31
4	16	31
10	12	29
3	8	25
6	7	26
6	10	27
8	12	30
1	-1	91
5	7	23
2	8	24
6	10	25
3	7	24
4	7	23
5	8	24
7	9	27
6	10	24
2	6	22
7	8	25
6	9	27
2	7	21
5	12	27
5	7	23
9	12	33
3	5	22
2	5	21
5	8	27
8	12	30
7	12	31
6	10	30
4	8	24
6	10	26
12	16	36
4	5	30
4	8	24
5	9	26
5	9	25
5	8	26
8	14	35
3	5	21
7	10	30
2	7	20
2	6	22
2	4	23
8	9	26
6	10	28
0	14	76
5	8	30
3	6	22
3	7	22
2	5	21
1	6	22
3	6	22
8	14	35
5	10	23
6	8	26
2	7	21
5	11	30
5	9	30
4	6	22
8	9	27
4	8	22
6	8	30
5	7	24
3	4	22
4	31	91
4	-1	91
5	7	23
0	25	90
2	5	23
5	8	26
5	6	25
3	8	21
8	11	31
7	9	27
8	8	26
4	6	23
5	5	23
6	11	35
8	13	31
8	7	29
2	7	22
3	7	24
4	7	25
3	9	24
0	22	90
0	3	24
5	13	32
2	5	22
1	5	22
7	11	27
5	8	30
2	7	21
2	37	90
7	8	26
2	8	22
5	8	26
3	7	21
7	11	31
4	9	22
5	7	25
3	8	24
1	4	24
6	11	25
7	11	24
1	6	20
7	10	29
1	5	23
7	14	31
3	5	21
1	20	90
4	7	24
5	6	23
8	10	31
6	7	29
3	8	23
1	-1	91
7	11	28
8	11	27
8	12	31
7	11	31
3	4	22
3	6	22
3	6	23
4	4	22
5	7	24
7	15	31
3	4	23
4	8	24
1	6	23
1	4	22
0	4	21
7	12	29
9	12	31
8	11	28
4	8	23
7	12	27
2	5	21
6	9	26
4	7	25
2	7	22
1	6	22
8	11	32
3	7	24
1	6	90
0	11	54
6	8	24
8	8	29
5	5	25
5	6	23
2	6	21
2	8	22
4	8	23
3	7	22
7	8	27
6	9	26
2	6	21
3	7	23
1	2	91
2	6	91
1	4	21
3	9	23
4	9	24
3	8	25
8	10	28
5	13	30
5	10	25
10	11	36
5	10	25
4	6	23
6	10	24
3	7	23
11	13	36
0	2	22
8	6	27
5	11	30
8	11	32
3	9	22
3	8	22
3	7	21
4	6	24
0	3	20
0	5	54
4	7	22
3	6	22
4	8	32
3	9	24
5	11	24
6	10	25
4	7	23
7	10	28
1	7	23
3	7	26
0	23	90
3	9	22
5	8	30
4	6	24
0	3	20
1	2	22
3	5	22
2	4	20
1	4	20
1	3	22
3	5	23
4	7	23
3	5	20
7	9	26
3	7	23
3	7	22
5	9	26
5	10	24
4	10	25
12	12	33
2	6	22
2	5	21
3	9	23
2	5	22
4	6	23
4	5	23
2	7	25
4	7	22
5	7	23
9	10	31
5	9	26
7	12	32
2	4	21
3	6	20
0	3	21
3	7	25
1	6	22
1	4	21
5	7	23
1	4	21
3	6	24
3	6	25
3	7	23
2	6	22
9	12	35
3	4	22
2	6	22
1	7	91
5	6	27
2	5	21
1	3	22
4	5	24
3	4	21
6	7	25
5	8	25
1	4	23
6	25	91
5	26	91
6	23	91
5	6	24
8	11	34
0	4	22
1	4	22
0	4	20
7	10	24
5	7	30
1	4	20
0	4	91
0	8	90
1	3	23
0	4	21
2	4	22
8	9	25
4	8	22
8	10	30
0	13	91
0	11	91
1	3	20
4	8	25
4	9	27
5	9	24
0	5	91
0	11	91
4	8	24
0	4	23
1	4	21
4	6	22
4	6	23
4	5	23
2	3	23
5	9	30
4	6	23
2	9	25
4	8	30
0	11	91
0	8	91
2	6	25
2	7	24
4	7	30
4	7	26
6	9	32
6	8	29
6	8	27
7	9	33
9	7	30
8	8	32
5	7	26
5	6	26
7	6	26
7	7	30
8	9	26
2	6	21
8	7	28
2	9	24
8	11	37
9	13	29
6	8	26
5	11	29
0	19	82
2	4	30
4	10	24
3	8	24
3	8	23
3	8	22
2	4	20
5	5	25
9	10	30
2	8	24
3	4	23
3	7	21
3	4	25
2	4	22
0	7	91
6	7	30
0	38	90
5	8	27
0	12	90
0	12	90
5	5	24
0	15	91
0	18	91
1	19	90
2	5	20
5	10	26
5	7	23
6	9	25
5	9	25
4	8	24
1	4	24
6	8	25
7	8	24
2	8	24
6	8	30
3	8	24
2	6	22
3	6	21
3	8	25
5	7	30
3	5	22
4	11	28
5	8	24
6	9	27
2	4	22
3	9	23
5	18	91
0	3	23
8	11	31
2	3	23
0	11	90
4	8	26
2	6	20
3	7	22
4	7	22
1	5	23
3	6	22
2	5	21
2	6	21
4	5	26
4	3	23
8	12	32
1	9	22
5	7	26
5	8	25
7	10	31
2	8	23
4	7	22
3	6	23
4	6	24
1	23	89
3	8	24
11	14	37
3	7	22
9	13	38
8	9	34
6	10	32
6	10	30
4	8	26
3	5	22
0	6	91
0	6	91
4	6	25
3	6	23
6	8	30
3	5	23
8	6	24
3	5	22
2	5	21
8	10	31
3	5	23
6	11	25
2	7	22
3	7	21
4	9	24
3	6	20
3	7	21
6	9	28
6	11	29
2	17	91
6	10	27
8	12	33
4	6	25
1	5	21
7	9	24
3	4	24
7	15	33
8	10	31
2	7	22
1	12	85
0	9	85
6	12	33
5	9	28
4	8	25
2	4	22
7	8	33
6	6	28
0	5	90
0	6	91
9	9	29
2	5	23
1	5	20
2	5	20
3	7	22
4	6	22
0	10	90
0	10	90
0	9	84
0	19	90
3	4	22
4	8	30
2	36	82
0	9	90
6	8	27
3	7	25
3	6	22
3	5	23
4	7	26
7	8	24
6	7	26
1	11	91
2	5	21
0	12	90
2	3	25
2	2	26
0	4	34
4	5	22
2	22	90
6	10	28
4	9	27
5	11	31
7	11	31
5	11	31
6	11	31
4	8	24
3	9	25
4	9	23
0	3	90
0	9	90
0	11	91
9	12	36
0	4	21
1	4	20
5	13	30
5	8	26
6	9	26
5	8	23
5	7	23
6	10	27
2	4	24
0	4	21
2	21	90
4	7	23
2	4	21
3	10	26
5	8	27
1	7	21
10	9	34
1	8	21
0	11	91
5	6	24
7	12	31
7	9	27
8	10	30
6	9	30
8	9	26
7	6	30
5	10	27
5	7	30
1	4	22
4	10	27
4	6	23
2	6	21
1	5	24
2	5	20
4	11	30
3	9	25
6	9	30
5	11	30
5	5	25
6	11	30
4	8	23
5	15	31
6	9	27
3	6	23
3	9	24
3	10	24
21	21	89
2	7	21
1	4	89
2	4	21
5	10	26
2	10	25
2	8	24
3	7	24
2	6	23
5	7	26
5	8	24
6	11	30
5	10	27
2	6	23
5	7	23
4	9	25
6	10	24
2	4	23
2	4	21
4	7	23
4	7	24
2	5	22
4	6	25
3	5	21
4	7	22
1	4	22
4	6	22
4	7	24
1	5	20
3	4	24
3	5	22
3	5	23
1	5	22
2	5	21
4	7	24
6	8	26
4	7	23
3	6	22
0	5	22
0	5	21
2	6	21
8	7	25
0	26	90
0	3	21
1	3	21
1	6	22
1	6	21
0	9	91
0	8	91
6	11	28
3	6	25
4	10	24
2	17	90
0	13	86
3	8	23
1	2	90
0	3	81
4	7	24
5	8	26
5	8	30
3	8	24
0	10	90
5	6	24
4	6	23
5	6	24
3	6	23
4	5	21
4	7	27
4	7	26
2	6	27
3	8	26
0	9	91
0	6	91
5	6	24
8	11	31
1	2	20
1	10	90
0	11	91
4	5	23
2	6	20
8	8	26
0	-1	90
2	7	21
0	6	91
3	7	23
4	7	23
4	7	25
3	4	23
3	5	21
5	6	24
5	13	31
5	7	27
6	10	25
7	11	26
7	9	27
0	4	22
1	4	22
3	8	23
6	8	26
7	8	27
0	4	21
0	3	20
1	5	22
1	3	23
7	12	33
6	9	30
6	10	31
5	9	25
8	11	34
10	13	33
8	10	28
8	12	32
10	14	36
10	15	36
7	13	30
7	13	30
6	33	91
6	33	91
5	33	91
5	34	91
5	35	91
5	34	91
4	33	91
3	9	25
6	10	30
5	5	23
6	8	24
6	8	25
7	9	26
9	10	32
6	12	30
3	8	22
2	5	23
5	8	24
3	6	22
5	11	25
2	6	22
17	18	60
1	3	22
2	4	20
5	9	32
9	14	36
10	12	34
8	12	32
9	12	31
10	11	31
8	10	31
8	9	28
2	7	22
2	6	22
5	7	24
10	14	35
6	16	35
6	9	27
5	9	31
8	12	31
9	11	30
7	12	31
0	3	26
7	9	31
5	7	24
7	8	30
3	7	23
10	9	35
4	9	29
4	9	27
0	-1	91
2	6	22
6	8	24
0	10	91
4	7	24
8	11	31
0	17	89
0	19	89
4	8	24
6	8	26
6	7	25
9	8	29
9	8	30
8	8	31
8	10	28
8	8	28
9	9	30
9	9	33
8	8	29
8	9	31
8	8	31
3	7	22
0	5	22
10	12	36
6	12	32
3	7	24
0	16	83
0	6	91
6	9	28
8	7	31
9	7	31
8	8	30
8	8	31
7	10	27
6	8	26
5	7	26
7	9	33
3	9	23
3	5	23
3	7	23
2	7	24
2	7	21
1	37	90
8	8	32
8	8	30
10	9	34
0	8	91
0	13	91
7	14	36
7	7	33
0	12	90
2	7	25
1	5	20
6	9	29
2	20	91
1	-1	90
0	7	91
0	-1	91
0	8	90
9	11	29
12	13	37
11	10	33
0	12	91
0	9	91
2	6	22
5	11	31
3	6	21
5	7	26
1	24	90
8	11	31
6	12	29
6	11	28
4	7	23
0	14	91
4	8	23
5	9	26
2	6	21
2	5	23
7	11	31
1	9	91
0	40	90
1	21	90
1	8	91
5	7	27
8	13	33
5	8	24
7	9	30
5	9	29
8	11	33
4	9	24
1	13	91
1	13	91
4	6	25
3	6	23
3	7	22
3	5	24
3	4	23
3	4	23
3	4	23
0	10	91
1	10	90
3	5	21
1	3	21
4	8	24
4	6	23
3	5	22
3	7	22
2	5	22
2	5	22
0	11	88
1	4	23
7	6	25
5	26	91
5	7	27
7	6	26
2	5	20
0	27	90
1	3	21
8	9	31
12	11	34
5	4	25
1	4	20
3	7	23
4	8	25
4	9	24
0	2	21
0	2	20
1	3	21
3	30	91
4	6	22
8	16	33
6	7	30
0	14	90
0	15	91
0	10	91
0	9	91
4	5	26
2	8	21
3	6	23
6	9	24
4	9	22
4	8	23
4	7	23
4	7	31
3	4	25
3	5	26
5	6	30
3	4	22
4	5	23
0	0	25
3	6	21
6	7	25
3	6	23
7	8	30
6	7	28
9	7	31
6	7	25
6	7	25
8	7	26
3	4	23
8	12	31
0	7	90
0	9	90
3	9	24
2	8	23
3	8	23
4	7	25
3	4	22
6	10	32
6	8	26
9	9	34
0	0	23
2	5	24
0	2	21
3	4	25
2	5	22
3	6	23
3	6	24
3	6	23
2	4	20
0	3	21
3	5	23
3	8	22
4	8	23
4	9	23
3	4	24
2	4	22
2	4	21
2	5	21
0	5	84
0	27	88
0	7	90
3	-1	91
2	6	22
4	7	26
3	7	23
8	12	33
2	3	21
2	6	21
3	6	22
0	5	24
1	4	21
1	4	22
0	3	22
5	6	26
5	5	23
2	4	22
0	8	91
0	23	91
4	7	25
7	8	29
3	4	22
2	4	23
0	16	90
3	9	32
6	9	23
9	9	30
0	9	91
0	10	91
3	9	27
0	1	91
0	5	91
5	7	26
0	6	91
3	5	23
9	11	34
10	12	31
0	3	21
6	8	30
3	5	21
1	5	20
3	8	25
5	7	31
4	8	24
4	10	25
0	11	91
0	11	91
0	10	91
3	6	25
3	6	25
5	6	28
8	7	33
0	3	21
0	3	22
7	5	31
0	32	90
0	31	90
4	9	24
4	6	24
0	5	90
5	7	26
6	7	25
7	6	26
3	6	22
2	5	23
2	5	22
2	6	22
1	5	22
1	5	21
0	5	20
5	12	29
3	5	24
3	5	22
7	10	31
7	12	33
0	20	90
6	9	25
7	9	28
4	8	22
7	9	24
3	7	25
3	10	26
0	4	91
0	10	91
3	4	25
8	12	35
4	9	22
0	9	91
5	8	24
1	3	22
4	10	32
3	5	23
3	5	22
4	7	23
6	9	28
3	6	20
0	4	20
9	13	36
3	6	23
3	6	23
7	14	31
7	12	29
7	14	32
9	12	33
5	9	27
5	7	22
7	14	31
1	31	91
0	13	91
0	9	64
0	10	64
0	7	90
0	9	91
0	5	90
0	-1	86
0	13	86
6	10	28
7	10	28
8	10	27
5	7	23
9	14	35
7	11	26
7	13	29
8	11	33
7	14	33
2	4	23
4	4	22
8	12	30
3	8	25
5	10	26
5	13	27
5	9	27
7	10	30
9	14	32
3	5	21
9	10	31
7	11	27
7	10	27
10	14	32
3	8	30
7	13	31
7	10	30
2	7	22
6	9	25
4	8	31
2	6	22
5	7	23
6	10	31
7	11	30
6	11	28
2	6	21
6	8	24
3	7	24
5	9	27
3	9	23
6	10	28
5	9	24
6	8	25
6	11	32
5	6	25
7	6	26
6	10	30
0	26	91
5	6	22
2	5	23
3	35	90
3	8	21
5	-1	91
4	7	24
2	3	20
5	10	28
3	6	22
3	6	22
3	8	25
3	5	23
5	10	24
0	1	90
8	8	30
0	4	21
9	10	32
9	12	31
5	11	29
4	9	24
3	8	25
1	10	68
3	39	91
6	9	25
7	9	26
9	11	30
0	6	22
1	6	22
2	5	24
0	35	90
3	5	21
5	7	24
3	6	22
4	6	24
6	7	27
4	5	24
7	9	30
5	4	26
3	5	22
4	6	23
3	7	24
4	8	24
5	9	27
0	20	90
0	5	20
10	10	35
1	3	22
5	5	28
6	30	90
0	2	70
6	11	30
8	10	31
1	5	21
3	28	91
2	6	20
4	9	24
9	11	30
1	5	20
4	9	25
5	12	25
3	9	24
0	3	22
2	6	22
5	8	23
6	8	30
3	8	23
3	9	24
4	7	22
4	8	21
8	7	24
4	7	24
5	9	28
8	7	30
2	6	22
5	7	24
2	4	23
5	8	25
6	6	25
4	7	24
3	5	23
3	6	21
5	9	24
4	6	23
3	6	22
10	12	33
2	6	23
2	7	21
4	7	23
1	5	21
1	3	21
4	5	23
5	7	24
5	16	34
7	14	30
6	11	29
4	8	21
6	10	24
0	20	70
9	9	32
1	4	23
3	6	22
2	6	23
3	6	23
3	6	23
3	7	22
5	9	26
3	8	21
6	9	25
3	10	22
10	15	39
5	6	23
6	10	31
8	9	27
4	31	91
8	14	33
3	7	24
4	6	23
4	7	25
5	8	21
4	7	22
0	11	91
13	11	35
7	9	27
1	8	22
2	7	21
3	10	24
6	11	27
3	7	24
8	10	35
4	8	26
4	8	25
1	5	22
2	8	24
7	8	26
4	8	24
10	12	33
5	7	26
8	11	34
9	11	33
10	11	33
8	10	30
8	11	31
9	11	30
6	9	25
4	6	22
4	6	21
3	4	21
4	9	24
5	6	27
5	6	25
3	6	22
7	9	26
7	10	30
6	7	27
7	13	36
4	7	27
4	5	22
7	7	28
6	9	25
7	8	30
4	9	25
3	9	24
7	13	30
6	12	26
4	8	25
4	9	24
4	8	23
0	5	89
8	11	31
8	9	31
9	12	29
10	12	32
9	13	31
9	12	30
8	11	27
2	7	21
7	8	26
5	10	25
3	5	21
12	12	37
4	7	23
3	6	22
2	6	21
5	9	24
1	10	90
0	8	88
3	4	22
2	6	21
3	6	21
5	9	28
5	6	24
4	6	29
2	5	24
3	6	23
2	7	22
3	6	21
1	4	21
4	10	30
6	8	28
0	7	91
3	6	24
7	12	33
6	14	32
4	7	24
7	10	32
4	7	24
4	7	23
3	7	21
5	8	21
9	9	30
5	9	24
2	7	21
2	6	21
4	7	23
7	11	28
8	10	26
8	12	30
8	11	30
7	10	27
8	9	30
6	9	25
7	9	30
24	50	79
0	18	91
4	8	24
3	6	26
3	7	21
0	17	91
7	8	28
5	7	26
5	6	25
2	8	23
5	9	26
5	7	24
5	9	28
4	9	25
6	13	30
6	10	28
9	10	33
7	10	30
6	12	34
7	10	27
6	10	32
5	10	25
7	8	31
4	7	26
4	7	24
4	13	30
0	19	90
3	7	24
4	7	22
4	7	22
5	9	23
4	9	23
3	5	20
8	8	32
3	7	25
3	6	24
1	6	22
5	6	25
4	8	25
7	8	28
5	7	26
2	3	21
4	7	25
4	8	24
6	8	24
10	16	42
3	6	23
5	9	23
5	-1	91
4	33	91
5	33	91
5	34	91
4	32	91
8	12	30
1	5	20
6	11	27
8	11	27
2	7	23
3	11	23
4	8	21
2	8	21
8	9	31
7	8	27
2	8	20
2	7	21
3	6	22
0	10	91
8	11	29
7	11	28
4	6	24
3	8	22
3	7	22
5	5	22
2	7	21
6	8	23
3	8	23
0	6	90
0	6	89
3	8	26
4	-1	91
2	8	23
2	7	21
6	11	31
2	7	21
2	5	22
5	6	25
3	6	22
1	5	21
4	11	30
6	9	26
3	8	24
1	4	20
0	3	21
0	2	20
0	-1	90
4	6	21
2	5	21
2	7	22
0	7	90
3	8	24
3	8	23
4	9	24
7	13	32
8	13	36
0	23	91
3	8	22
1	6	22
2	5	24
4	6	22
3	7	21
3	6	22
8	8	27
4	6	24
4	-1	91
0	9	90
0	13	91
8	12	28
0	8	90
1	7	90
6	10	32
0	5	22
1	4	23
1	4	22
0	7	21
4	41	91
8	10	27
0	11	85
0	9	91
2	7	23
4	6	25
2	4	20
6	10	25
5	9	23
3	4	21
4	7	23
5	10	27
4	8	26
2	5	20
0	10	78
0	8	78
7	9	30
7	9	31
6	6	30
4	6	23
4	5	22
0	10	91
8	8	27
0	13	91
0	9	91
0	10	91
0	9	91
2	6	21
0	7	54
0	11	90
3	4	22
9	9	26
2	7	31
3	7	24
6	9	25
7	11	30
0	9	91
7	10	31
8	9	34
7	8	28
6	7	27
0	9	88
7	12	32
0	3	22
6	8	23
6	9	25
9	10	63
4	7	23
7	10	24
0	9	91
7	11	28
3	6	23
6	10	31
5	10	30
7	8	32
5	10	23
6	6	23
4	6	25
6	9	25
5	8	26
3	4	23
6	8	25
5	6	26
4	9	26
4	5	23
5	6	25
4	8	28
9	10	34
5	7	25
3	26	91
2	6	20
9	11	33
1	5	22
3	7	24
6	7	24
0	10	90
0	14	91
6	9	30
2	6	20
3	41	90
4	10	26
8	11	30
5	10	30
3	7	23
0	4	22
3	6	21
0	4	91
4	6	23
2	5	21
2	6	22
3	5	23
5	10	29
6	12	30
3	4	22
3	6	22
4	8	23
2	6	22
7	10	30
3	8	24
2	8	22
8	12	31
1	3	20
17	22	49
2	5	22
2	6	21
2	6	21
3	6	24
3	5	22
2	9	26
5	9	26
6	10	29
4	5	24
3	5	27
0	6	21
2	5	22
5	10	24
11	13	40
6	7	25
2	6	25
2	6	23
8	12	32
3	7	23
3	6	20
7	12	35
8	13	30
7	9	30
7	9	26
7	10	26
2	5	23
8	11	30
1	7	22
2	5	21
6	9	25
4	13	30
1	3	21
9	13	37
6	13	31
11	15	36
10	15	31
3	4	22
7	9	33
5	8	32
5	8	26
1	3	23
2	9	22
4	7	27
4	5	24
7	13	32
2	10	24
3	7	23
1	5	24
1	5	21
0	5	20
4	8	25
2	8	21
2	7	22
2	6	21
5	7	25
5	7	24
3	9	29
4	10	27
5	9	30
6	9	30
3	5	22
3	41	91
4	8	23
1	5	90
4	6	23
8	15	35
4	6	24
4	9	29
5	15	33
8	15	38
7	16	37
8	10	42
7	12	36
5	9	29
7	14	35
8	12	35
9	10	34
8	14	36
8	12	35
9	12	36
8	15	39
7	15	37
6	13	33
6	12	32
7	11	33
6	11	33
6	11	31
8	12	35
6	11	33
6	10	30
5	8	25
5	11	30
3	8	25
4	9	22
1	29	90
4	7	24
4	6	24
6	10	28
6	9	26
7	10	25
7	9	27
6	9	26
5	40	91
4	39	91
4	39	91
3	38	91
2	3	22
11	16	38
3	6	23
11	13	33
8	12	30
8	12	31
11	14	34
10	14	33
8	11	30
4	8	24
5	8	25
5	9	27
9	12	30
7	11	28
6	10	27
7	10	26
5	8	22
1	4	22
2	4	20
4	8	24
5	8	24
3	8	25
4	7	26
2	7	22
8	12	27
8	11	25
5	13	31
3	7	24
4	6	24
2	6	24
4	8	23
2	32	91
4	9	25
1	4	20
1	4	20
7	10	26
2	4	23
3	5	31
5	7	30
4	5	24
5	8	24
3	8	24
5	10	25
4	5	24
2	5	24
3	5	22
3	7	21
5	5	25
2	7	23
7	10	27
1	3	20
1	-1	91
3	6	21
5	8	28
2	4	22
3	9	26
9	10	31
2	6	20
3	5	22
0	24	91
2	5	23
10	11	33
8	9	27
9	11	29
2	7	24
6	11	27
3	3	24
3	4	22
8	9	26
2	6	21
0	4	21
4	8	23
4	8	23
1	9	88
3	7	22
3	6	24
6	9	28
3	8	22
1	2	22
2	6	21
7	10	26
2	12	90
9	10	32
4	8	22
2	7	21
5	7	26
11	9	38
5	11	26
3	8	28
2	6	25
3	9	26
4	7	21
6	7	25
5	10	23
8	9	30
5	9	25
8	9	32
6	10	26
2	8	21
2	6	21
4	11	36
6	13	30
5	9	29
7	12	30
7	10	28
6	11	27
7	10	26
3	5	23
6	7	24
2	7	20
3	6	23
2	6	22
6	8	24
10	15	34
4	7	24
5	8	24
2	5	23
11	14	38
8	11	33
4	7	23
4	6	22
5	8	25
5	10	30
4	9	25
4	8	27
0	2	91
0	1	82
6	8	26
4	7	24
5	8	26
3	7	21
0	4	20
1	3	22
2	6	25
4	8	25
0	2	24
4	6	30
0	13	91
9	13	33
6	11	36
3	6	23
6	7	26
3	7	24
4	8	27
5	7	26
4	9	23
2	5	27
2	7	22
5	8	30
2	5	23
2	4	21
3	7	24
4	6	23
6	10	26
5	-1	91
2	5	21
2	4	23
0	12	91
0	12	90
12	15	36
6	27	91
2	6	20
3	7	24
1	4	23
1	2	23
1	2	21
3	5	24
5	7	22
4	9	30
0	6	91
0	6	91
2	5	21
0	22	90
3	8	21
2	4	21
7	9	30
3	-1	91
2	8	22
2	8	21
0	4	22
1	4	23
4	9	24
3	7	21
9	7	34
3	6	22
3	5	23
1	4	23
0	-1	91
8	9	26
9	9	30
4	6	24
2	3	21
3	5	21
1	6	20
10	17	37
2	6	25
5	7	30
0	12	89
3	6	23
3	6	22
2	5	22
3	5	23
2	5	24
11	12	36
8	9	30
6	6	25
6	7	26
7	10	29
7	10	27
5	9	24
2	4	22
3	8	25
7	14	30
4	6	23
3	7	22
5	12	31
4	5	23
7	9	31
7	10	32
7	10	31
6	7	26
3	6	22
5	10	30
6	7	24
5	9	25
5	8	26
2	10	23
4	22	91
6	11	30
6	8	27
1	7	21
2	6	24
2	3	21
2	4	21
4	7	22
3	7	22
4	9	26
4	7	22
5	13	30
2	6	23
2	5	21
8	10	29
7	11	29
7	9	28
5	10	27
8	8	28
5	8	23
6	9	27
5	8	25
3	8	22
2	7	23
3	4	23
0	14	90
0	13	91
3	6	22
4	9	26
6	12	32
1	4	91
3	8	25
8	12	31
4	9	24
8	9	29
8	14	34
2	4	22
0	4	21
6	11	30
9	8	34
4	9	22
2	6	21
4	8	23
9	12	33
4	6	22
3	6	21
1	26	91
9	13	32
2	8	23
3	6	21
4	7	25
9	10	29
7	9	28
1	5	20
3	6	22
3	6	22
4	10	30
5	10	26
4	7	26
0	3	21
3	6	21
4	26	86
7	7	29
6	11	32
3	7	25
4	8	26
0	8	63
6	7	28
9	11	34
10	15	35
2	7	22
3	7	22
3	7	23
2	7	24
2	7	23
7	10	26
5	9	27
5	9	22
3	6	24
2	8	31
2	6	22
3	8	25
7	10	25
6	8	26
0	18	91
0	-1	91
0	-1	91
1	20	91
1	19	91
1	20	91
1	3	91
1	10	91
1	22	91
2	-1	91
3	5	22
3	6	22
4	8	25
0	18	91
8	9	27
2	5	23
1	-1	90
7	9	30
5	8	26
4	7	24
3	6	23
1	4	21
5	6	24
3	6	25
8	12	33
0	3	24
0	3	24
5	8	25
5	9	27
2	7	23
0	10	91
1	5	21
7	10	26
6	15	33
5	6	26
4	11	26
3	8	24
4	8	26
0	25	91
0	25	91
1	4	23
8	9	27
4	7	23
3	5	23
7	10	31
5	8	22
6	9	27
9	12	33
3	8	22
6	7	27
2	3	23
1	4	22
2	3	21
5	11	28
3	9	22
2	5	21
3	5	23
3	6	26
3	8	23
4	7	22
0	8	91
5	7	23
2	11	24
8	11	28
9	10	31
5	7	25
2	8	21
8	10	29
7	10	29
9	13	30
7	15	32
0	19	90
2	6	22
4	9	22
3	10	22
3	22	91
3	5	22
0	3	91
7	12	30
5	7	26
5	5	23
6	6	25
1	3	21
2	5	20
7	9	27
7	8	28
3	5	22
2	7	21
1	5	20
0	11	91
3	7	23
4	6	23
4	7	22
6	8	24
8	6	34
3	8	25
5	7	26
5	7	26
9	12	34
8	13	31
6	9	26
6	8	26
3	5	21
2	7	22
10	10	32
6	7	25
8	8	28
2	7	23
1	7	21
3	6	21
8	11	27
2	30	91
7	8	25
3	6	24
2	7	23
1	6	21
0	6	23
0	10	20
5	10	23
6	8	24
6	11	30
5	7	24
5	8	27
5	7	24
3	5	22
2	4	21
3	5	23
7	10	29
3	6	21
7	8	28
5	9	26
3	7	23
2	4	21
0	9	89
0	6	89
4	7	24
8	9	26
3	6	23
1	5	21
5	6	23
4	9	23
4	6	21
6	7	31
3	8	23
8	8	28
4	4	21
5	6	30
0	4	22
0	3	20
8	15	31
3	6	22
6	8	30
7	12	30
9	12	32
3	6	26
4	5	24
5	11	30
3	7	22
3	6	21
5	12	26
2	4	21
3	8	24
3	7	23
8	9	34
4	8	26
3	6	21
9	10	36
6	7	25
2	6	21
3	7	23
0	5	91
3	6	22
7	8	26
6	14	32
6	12	33
4	9	24
5	8	24
2	-1	91
11	10	35
10	11	35
0	13	91
0	10	90
4	8	24
1	4	24
0	26	90
3	7	24
3	6	23
3	5	22
8	12	36
4	8	27
3	8	22
5	9	30
4	7	25
4	6	23
2	5	22
0	-1	90
0	14	84
0	7	91
4	6	24
2	8	23
4	25	91
3	26	91
9	10	33
9	13	38
10	13	37
7	9	34
6	10	27
3	6	22
1	2	22
3	9	24
3	8	25
2	9	24
3	7	23
9	13	32
5	8	25
4	14	30
1	4	22
5	10	25
3	6	23
5	10	26
3	7	23
4	7	22
6	8	26
4	7	25
11	11	31
9	9	27
10	13	29
7	7	31
10	12	35
10	19	39
12	16	37
6	10	24
1	6	20
6	13	31
7	13	29
3	5	22
2	8	22
5	13	30
9	10	31
4	7	24
2	6	24
1	4	21
2	6	23
8	13	29
7	12	30
8	11	29
4	9	25
4	9	22
4	9	22
3	6	23
3	7	23
4	7	24
7	9	29
2	6	22
2	6	21
3	6	24
8	12	29
3	6	22
3	7	24
3	5	23
4	7	24
7	11	28
3	6	22
5	9	28
2	4	21
2	8	21
2	8	25
4	7	24
3	7	22
6	11	28
7	10	30
3	6	23
8	9	31
7	7	33
7	7	26
0	13	91
0	9	91
4	8	23
9	13	36
3	5	22
1	6	21
0	4	21
3	5	23
7	7	25
3	4	21
6	12	31
7	8	26
0	6	21
7	8	26
4	8	23
9	11	27
0	7	55
7	13	30
7	11	28
7	12	28
6	10	27
6	10	26
8	11	31
5	7	24
2	6	20
3	7	22
2	4	20
3	9	24
2	8	23
4	5	22
3	7	22
3	5	23
4	7	25
4	6	21
2	5	22
4	7	22
4	7	23
5	8	24
6	11	30
6	11	27
8	12	29
8	12	28
1	5	21
3	4	21
0	10	90
7	11	32
7	9	29
7	6	26
6	6	27
3	7	23
4	8	24
4	6	26
4	9	25
3	8	25
5	10	27
3	8	25
4	8	22
4	14	31
5	9	23
3	7	26
3	3	23
4	4	23
4	4	27
4	5	25
3	5	26
1	5	23
6	6	23
6	12	30
5	8	26
1	4	23
5	8	25
2	6	20
2	7	21
3	6	30
5	5	26
2	6	24
6	8	26
8	11	34
8	11	30
3	37	91
5	37	91
4	38	91
4	8	30
4	8	23
8	10	26
6	9	24
6	9	26
6	10	34
6	8	24
0	3	21
4	8	24
5	8	25
8	10	31
5	11	31
6	12	32
11	14	39
0	4	21
5	35	90
1	4	22
2	5	25
10	10	30
3	5	24
8	13	31
8	12	30
7	11	28
7	10	32
7	10	26
2	6	21
5	8	25
0	4	22
0	4	90
8	11	32
4	6	22
3	7	23
5	7	24
1	6	22
1	5	22
3	8	23
3	9	21
4	10	31
5	11	31
4	7	26
2	5	21
3	7	23
7	8	33
7	11	31
7	9	26
3	6	23
2	6	22
2	6	22
3	5	24
3	5	24
3	9	23
8	13	33
3	8	22
3	7	21
4	6	22
4	6	22
3	6	21
5	9	31
4	8	25
3	10	24
1	6	23
4	8	27
4	9	25
4	8	23
4	7	22
3	7	23
2	6	22
8	8	27
7	9	26
3	7	23
4	8	25
5	13	33
6	13	33
5	7	25
1	4	20
5	7	24
4	6	23
4	8	23
5	7	25
3	8	21
11	17	40
9	17	40
7	11	27
5	9	27
3	9	27
9	12	31
7	12	33
6	11	29
4	12	27
4	8	24
7	13	33
5	10	30
8	8	32
7	8	30
3	7	24
8	12	32
0	12	91
4	8	25
10	11	29
7	11	26
6	9	28
3	6	24
3	9	23
5	8	23
4	8	21
6	11	31
3	7	21
0	28	90
0	28	90
0	29	90
0	30	90
2	-1	90
0	31	89
0	-1	90
0	31	90
0	31	90
0	31	90
1	30	90
0	30	90
0	31	90
0	31	90
1	31	90
0	32	90
8	11	32
1	4	20
6	10	25
4	8	23
9	9	30
5	8	25
4	8	24
4	8	23
6	7	25
4	10	25
1	7	21
4	5	23
4	6	22
0	2	22
2	3	23
2	3	24
0	3	21
0	9	91
0	12	91
6	10	28
3	8	22
3	8	21
3	10	26
6	10	27
3	12	30
1	4	22
1	5	21
4	7	24
6	7	24
1	5	24
7	11	32
0	10	90
0	7	91
4	6	23
8	10	30
3	4	22
4	6	22
4	7	23
5	6	24
5	7	25
6	9	24
2	5	21
1	4	22
1	5	21
1	6	22
1	23	90
1	8	23
3	8	25
4	10	29
3	9	24
2	8	22
7	9	28
4	8	25
4	4	22
8	11	30
3	7	21
8	12	27
4	7	23
2	5	20
3	8	25
1	4	23
2	5	24
1	6	24
1	4	22
9	9	25
10	12	32
7	11	29
4	5	23
5	7	25
5	8	25
7	12	31
1	4	22
4	5	22
3	9	25
0	10	91
0	7	91
7	11	28
3	6	22
3	5	22
3	5	21
2	5	23
2	5	23
4	6	24
3	8	24
0	12	91
6	7	24
1	7	22
7	13	30
3	6	24
5	10	28
4	9	23
3	6	23
7	8	30
5	12	30
8	13	33
5	11	32
5	10	26
3	7	21
2	4	22
3	7	23
5	6	22
0	5	22
3	5	23
12	43	90
4	7	24
2	5	20
5	5	24
8	12	32
8	10	31
8	10	30
7	8	28
3	5	20
1	5	21
2	6	23
9	9	34
1	4	24
6	12	32
4	6	23
7	6	26
6	8	25
9	10	27
0	5	22
3	10	31
4	8	27
3	8	27
7	9	25
7	10	27
6	9	30
4	9	24
4	7	26
4	8	24
3	7	22
4	7	24
4	8	24
2	5	20
2	5	20
7	9	27
1	6	21
2	7	22
3	6	21
6	10	29
2	7	22
2	6	21
4	11	25
4	6	24
6	15	31
4	8	24
3	23	91
0	13	91
7	8	27
6	12	28
6	10	31
6	8	28
6	8	28
6	8	23
0	9	42
4	10	26
4	8	28
5	9	25
5	6	24
2	4	21
5	7	23
1	31	90
9	9	26
2	6	22
7	13	31
7	13	34
7	13	29
7	15	32
8	14	31
0	7	91
0	7	91
6	7	25
6	7	25
6	8	28
6	8	27
2	4	22
6	9	25
10	12	32
4	5	22
5	8	23
9	9	32
9	10	32
9	9	31
8	12	28
2	6	22
7	11	27
5	9	23
3	4	24
1	7	24
0	9	90
1	12	90
4	7	23
6	9	25
3	6	21
3	7	22
0	23	90
1	5	20
2	6	21
9	14	38
3	6	21
9	13	34
4	6	22
7	10	29
5	8	28
6	8	24
3	6	21
2	6	20
5	8	24
4	8	25
3	7	25
6	7	25
9	12	32
3	5	23
4	8	22
5	9	26
4	7	23
3	9	24
6	9	28
5	8	24
3	8	24
5	8	23
5	10	30
0	4	20
4	6	24
4	6	22
3	5	23
3	7	24
2	4	21
0	7	91
6	12	31
6	9	27
8	8	28
4	9	25
3	8	23
3	7	21
4	8	24
4	7	23
4	9	26
3	8	26
5	11	26
2	7	22
0	5	20
3	5	21
12	13	43
0	22	91
8	10	28
6	10	27
5	8	24
3	8	23
4	9	24
3	5	22
5	10	24
8	10	31
5	8	27
5	14	28
5	9	25
2	11	25
2	7	20
2	5	20
5	12	30
3	7	27
4	8	27
5	10	28
5	12	32
4	7	23
3	6	22
2	8	21
0	20	89
2	7	22
3	6	21
1	6	20
3	8	23
3	8	22
3	6	23
3	5	21
2	5	22
7	5	26
7	11	26
6	12	30
1	5	20
2	4	23
3	5	22
6	8	25
3	6	23
2	6	24
7	6	34
3	8	25
4	8	22
6	11	26
4	8	25
5	10	24
3	7	22
5	8	26
7	10	31
6	8	25
4	5	25
4	6	21
8	8	32
8	15	35
6	8	26
2	7	23
3	7	25
3	6	24
4	7	26
3	7	22
5	12	33
4	8	25
6	11	36
7	12	34
5	13	31
7	12	32
3	8	25
3	11	26
5	9	28
9	14	37
6	12	31
7	11	35
6	9	30
7	10	34
6	12	33
5	9	30
4	9	30
3	7	25
6	11	30
9	10	33
3	6	22
9	9	37
10	9	34
2	4	20
5	7	23
2	7	24
0	3	21
11	12	34
11	12	35
1	5	21
7	8	29
3	7	22
6	8	24
2	5	23
1	5	21
4	6	24
2	35	90
11	11	37
4	7	23
2	7	22
2	6	21
5	15	33
0	4	21
6	12	31
1	-1	91
1	-1	91
0	-1	91
7	10	27
2	6	20
9	11	33
2	5	21
3	36	91
3	36	91
3	9	25
5	7	24
3	7	22
3	8	24
3	7	21
3	8	22
7	8	25
0	21	90
0	21	90
3	7	24
4	7	23
2	6	22
4	7	26
4	7	26
3	9	31
1	4	22
6	7	23
0	12	91
5	7	24
3	28	90
6	13	30
7	12	30
2	6	22
4	9	26
6	8	24
4	8	24
4	8	24
3	7	25
4	9	27
3	8	25
0	25	91
7	12	27
10	15	36
9	12	33
3	6	23
9	13	32
7	14	32
7	9	26
1	4	21
0	11	91
0	11	91
5	8	24
3	7	21
3	9	22
7	11	26
5	6	25
0	11	89
0	12	91
5	9	25
2	5	22
4	6	22
7	9	26
0	21	91
5	5	25
4	7	24
7	10	35
2	7	25
6	7	27
1	5	21
2	5	22
3	8	24
4	8	24
2	5	21
1	3	21
0	5	20
2	4	21
1	4	20
4	6	24
3	8	23
3	5	24
7	8	33
4	8	24
4	5	24
2	7	20
0	11	90
0	8	91
3	7	22
0	4	21
7	9	27
4	7	25
6	8	25
5	7	24
5	7	23
5	9	25
3	7	22
4	8	25
7	11	34
5	7	25
3	8	25
4	8	23
4	8	26
5	10	30
4	8	26
4	8	26
10	14	31
3	9	31
3	8	22
3	7	23
3	6	22
9	9	28
3	7	25
7	10	31
8	10	29
7	8	25
6	9	26
7	8	25
2	5	21
7	11	31
6	7	26
4	5	26
4	6	30
5	7	27
4	7	26
5	6	25
4	7	24
7	10	30
3	6	21
3	9	23
3	10	23
4	9	23
7	11	31
0	4	25
2	5	25
1	6	23
1	5	22
2	10	23
11	13	33
2	5	22
0	36	90
0	35	90
0	25	90
3	9	21
3	6	22
5	7	30
2	5	21
1	4	20
6	8	28
2	6	20
0	12	91
0	3	25
0	26	90
2	15	91
3	4	22
0	7	89
0	7	51
7	11	27
2	6	22
5	6	24
8	8	28
0	23	90
2	3	21
2	4	21
1	5	20
7	10	34
0	1	90
0	1	89
3	3	21
2	6	21
0	4	22
2	5	22
7	11	25
3	7	23
5	10	25
5	7	26
6	11	31
7	14	34
5	8	30
5	8	30
3	4	21
3	5	22
2	4	24
2	5	22
4	9	23
4	7	25
3	8	24
2	5	24
2	6	21
9	12	33
3	6	23
13	9	40
10	9	38
4	4	22
7	9	25
5	9	24
1	10	24
4	9	22
11	13	38
5	10	30
3	6	21
9	11	32
7	9	30
4	10	23
2	4	21
4	7	21
6	8	25
4	8	26
0	7	91
6	10	30
4	10	25
6	33	90
1	4	21
4	8	21
5	9	25
5	8	23
2	7	22
2	5	21
4	6	22
7	8	27
1	4	21
0	9	90
0	14	91
4	6	23
4	7	23
5	8	24
6	11	28
7	11	26
8	9	27
0	13	91
0	12	91
4	9	23
0	4	21
6	6	26
4	5	26
4	7	24
4	7	23
0	12	90
7	9	25
6	8	24
0	11	91
4	8	22
8	11	30
4	7	24
3	7	22
6	9	28
2	6	23
4	6	24
0	1	20
4	8	24
5	6	23
0	12	91
0	8	91
2	5	20
5	7	25
6	10	24
2	8	21
4	8	31
9	10	31
2	7	20
5	9	27
5	10	26
6	7	25
3	10	26
7	7	32
6	8	34
4	8	30
4	8	24
3	7	25
4	7	24
3	8	23
9	8	34
7	13	35
0	25	90
8	11	33
7	8	25
6	7	25
6	9	26
4	6	25
4	6	23
7	11	25
4	12	26
3	8	22
4	10	26
4	9	27
3	10	26
2	8	25
4	7	26
3	6	24
3	5	21
4	9	24
4	7	22
5	7	22
2	6	22
4	6	24
5	6	26
1	3	24
0	27	90
6	7	23
9	13	36
3	5	24
4	7	23
0	13	91
2	6	22
8	14	32
5	8	26
9	13	32
5	8	25
3	12	26
6	15	33
0	4	23
1	4	22
0	4	21
0	4	20
2	8	34
1	6	31
2	6	33
1	6	30
0	14	91
0	14	90
8	11	27
1	2	20
8	9	29
1	4	22
4	7	25
4	3	22
3	7	23
8	10	31
8	9	30
7	9	30
1	4	20
5	7	23
4	8	24
0	3	20
6	7	26
9	13	32
2	10	26
4	9	27
1	5	21
4	7	22
2	6	22
3	7	25
3	7	26
4	9	25
4	7	22
2	6	22
3	7	24
7	11	27
7	7	23
2	5	23
6	10	31
3	7	22
3	7	24
3	6	22
5	7	23
2	5	21
3	7	21
7	11	27
5	14	27
5	12	26
5	8	23
12	14	40
3	7	23
2	8	24
3	8	25
3	8	24
2	8	26
8	11	31
5	8	24
2	7	23
2	5	23
9	12	34
10	9	36
3	8	22
3	9	25
3	11	25
3	7	24
7	8	25
0	2	20
2	5	20
4	7	24
3	6	23
2	5	23
9	10	31
5	10	26
6	11	27
0	3	20
1	2	21
0	32	91
0	2	90
0	1	80
0	0	90
0	0	91
0	1	91
0	6	88
0	5	80
0	0	91
0	4	91
0	4	90
0	8	91
1	3	91
0	3	91
0	2	90
0	6	91
6	9	29
5	7	25
3	8	23
1	3	21
0	5	91
0	14	91
3	8	22
6	6	29
3	26	91
3	4	23
3	9	31
9	13	32
10	14	35
7	9	28
8	12	35
4	5	22
5	5	22
3	8	25
5	8	25
2	6	22
6	7	28
0	1	91
4	8	24
1	4	21
3	8	24
4	9	24
9	13	29
0	8	91
5	7	24
4	8	30
4	10	25
0	13	90
2	5	21
2	7	22
4	7	22
2	5	20
5	12	27
5	5	24
3	7	23
5	6	23
4	5	22
5	4	24
2	8	23
7	8	31
10	9	32
4	6	25
2	4	20
5	9	26
5	4	26
3	6	23
2	6	21
0	8	90
5	14	27
5	7	23
4	6	27
4	7	27
2	6	24
3	4	23
6	12	29
4	7	21
4	6	23
1	13	91
0	-1	91
4	8	25
4	9	24
4	6	23
7	9	25
4	7	25
4	8	23
6	11	31
6	14	31
8	14	32
5	13	33
7	14	33
7	11	31
4	11	26
7	8	30
0	-1	90
0	9	91
9	13	32
8	10	30
7	10	25
1	6	22
5	9	27
5	10	30
3	6	23
6	12	30
9	12	30
8	10	32
5	7	23
4	7	21
5	8	27
4	6	25
11	11	32
8	11	31
9	15	34
8	13	32
9	13	31
5	7	22
3	5	23
3	6	22
4	7	24
0	5	91
0	8	91
6	10	24
4	38	91
3	8	24
0	10	91
3	6	23
3	8	25
6	6	30
3	5	23
1	27	91
3	7	22
2	5	20
1	6	23
4	6	23
3	4	22
4	7	25
6	8	27
6	8	23
6	9	32
2	9	23
7	11	27
7	9	27
7	10	25
0	4	23
3	6	22
2	5	21
5	7	23
0	4	23
4	9	25
4	6	21
6	6	24
4	9	26
2	5	21
6	9	26
2	5	20
6	8	31
1	4	21
2	23	91
5	8	26
5	8	25
3	7	21
3	7	21
9	10	32
5	10	31
4	5	25
6	8	26
2	7	23
0	3	22
8	5	33
12	13	37
7	10	30
3	7	23
3	6	22
4	6	22
2	5	22
3	4	22
3	5	22
0	9	90
7	15	33
3	8	21
3	4	24
3	7	22
6	10	27
2	9	23
4	7	22
3	6	22
5	6	26
7	11	31
2	4	22
2	5	24
2	5	20
9	10	33
4	7	24
0	2	20
3	9	25
4	9	22
3	8	23
4	7	23
6	10	25
5	10	26
2	6	24
3	5	22
6	6	25
4	6	21
0	5	25
0	18	91
4	9	24
3	8	21
1	18	91
1	18	91
1	17	91
0	17	91
4	7	23
1	6	22
2	5	21
1	5	64
2	8	22
2	7	21
5	9	24
9	12	28
4	6	23
3	9	26
6	7	25
5	6	26
3	30	91
4	9	24
1	29	91
3	5	22
19	24	54
5	7	24
2	6	22
2	5	21
3	6	22
2	8	23
3	10	26
2	6	22
6	9	31
5	10	24
4	6	23
3	10	25
4	6	22
3	9	23
4	8	23
3	8	22
3	7	22
3	9	24
5	9	23
4	5	25
1	-1	90
4	6	22
1	5	21
3	6	21
2	6	20
5	8	27
7	11	31
10	15	31
2	7	22
9	12	39
10	12	38
7	14	32
7	11	31
6	11	32
4	8	24
2	5	23
4	7	23
4	7	24
3	8	26
7	9	28
4	7	26
4	7	24
3	7	22
2	11	30
7	10	27
9	12	30
6	9	25
8	11	26
7	10	27
2	6	21
6	6	26
4	8	25
3	7	21
3	7	23
3	6	21
9	11	30
9	12	31
12	16	38
4	10	26
0	11	91
4	9	23
9	12	32
4	10	28
3	6	23
3	6	22
8	8	34
0	11	90
0	9	90
0	6	90
0	8	90
7	10	29
5	7	28
9	14	33
1	9	90
0	5	89
6	7	30
6	9	31
6	8	32
4	8	31
4	5	26
0	6	91
0	6	90
4	12	32
3	10	24
10	11	34
4	11	29
0	11	91
3	4	24
2	4	22
0	6	91
0	8	91
3	7	26
2	6	23
1	6	20
3	6	23
4	9	26
4	5	22
2	6	23
7	10	27
4	6	24
3	6	26
3	6	25
3	6	23
2	5	22
5	7	23
2	3	22
5	9	30
6	9	32
5	9	35
6	8	31
5	8	30
6	8	27
4	8	30
5	7	30
5	8	31
4	7	29
2	6	23
3	6	24
2	4	25
2	4	24
2	4	21
6	7	32
4	6	22
7	8	26
0	11	83
0	25	90
0	28	90
0	24	90
4	22	91
3	21	91
6	22	91
0	-1	90
3	7	31
6	8	30
1	3	23
3	3	21
5	12	26
1	3	20
0	27	90
0	27	90
7	8	30
1	3	20
5	8	26
3	5	23
1	13	90
0	14	91
1	3	23
7	7	25
6	9	31
6	5	27
0	4	20
6	10	32
0	3	22
9	14	31
1	4	23
6	11	25
0	20	90
4	4	23
1	2	23
1	3	22
5	8	30
4	6	25
5	8	30
8	10	31
7	12	34
4	8	23
3	7	23
6	7	24
9	9	34
2	7	23
7	10	25
2	4	22
2	6	22
3	6	22
3	9	24
8	10	33
0	21	60
6	7	28
1	5	22
3	7	22
8	8	25
6	10	28
6	9	26
6	9	27
7	9	26
3	6	22
5	5	22
8	13	29
0	7	91
2	5	23
3	7	23
5	9	24
11	12	35
3	6	23
3	8	26
5	9	23
4	10	23
8	10	31
2	6	21
3	9	23
3	9	26
6	8	29
7	10	28
6	17	32
4	8	23
8	9	25
10	13	33
4	4	24
4	3	23
4	2	22
3	4	21
6	11	26
7	13	35
5	9	25
4	6	22
2	7	24
4	6	23
9	13	29
3	7	20
4	6	24
3	8	22
3	9	26
8	10	28
7	12	32
12	14	40
12	12	37
5	9	25
6	7	27
4	7	23
3	7	22
4	6	23
0	23	89
7	10	30
5	7	24
1	5	20
3	7	20
2	4	24
1	6	22
3	8	23
3	8	22
1	3	22
3	30	91
3	6	21
2	5	21
6	11	30
5	8	24
2	4	22
2	4	21
8	10	27
5	7	23
7	12	30
4	7	25
4	6	23
3	5	23
9	14	34
9	14	36
1	5	23
3	39	91
0	6	20
7	7	33
0	3	21
8	14	34
6	8	30
0	5	21
5	7	25
5	6	26
7	9	29
8	10	29
0	39	90
6	7	24
3	5	21
6	8	30
3	7	21
2	6	22
4	11	27
7	7	25
4	6	22
0	33	90
5	9	26
10	12	32
8	11	30
10	14	36
3	6	21
3	8	23
1	21	90
1	8	22
3	5	22
1	7	21
6	10	24
9	15	36
8	12	31
6	12	30
7	12	29
3	9	22
3	8	21
4	7	21
10	10	35
3	5	22
5	7	24
7	7	27
5	7	25
3	7	25
3	7	22
6	11	29
7	6	25
2	5	25
3	5	21
3	7	20
4	9	23
1	4	22
7	9	26
6	7	25
7	10	33
0	36	90
2	6	22
2	8	23
4	7	22
6	7	28
6	8	28
2	6	21
2	9	22
2	7	21
3	7	22
3	8	24
8	12	33
5	9	30
4	6	21
8	11	27
1	4	21
6	10	26
6	6	25
6	6	25
5	6	24
2	6	21
2	8	22
2	8	21
3	7	23
4	9	24
7	8	27
7	9	30
6	8	27
6	7	27
6	7	27
5	6	24
6	7	25
5	7	25
0	10	84
0	8	91
4	6	24
4	6	23
3	5	22
6	10	27
2	5	21
7	10	28
5	9	28
6	9	25
6	9	24
1	6	21
4	10	24
6	8	25
8	13	33
6	8	29
2	3	20
2	5	22
2	6	23
3	8	23
5	10	26
5	7	24
5	9	22
4	7	23
2	6	22
0	21	91
0	21	90
2	22	84
5	26	86
0	21	89
0	13	90
0	13	91
3	5	21
4	8	23
0	5	89
0	1	24
5	11	27
11	9	36
8	9	35
9	9	34
9	9	33
3	4	22
4	4	24
1	8	22
5	8	24
6	9	24
8	7	29
6	8	23
2	5	22
8	11	30
5	8	23
0	9	91
1	8	91
1	2	22
4	7	22
5	10	32
4	5	23
3	5	20
2	5	21
3	7	24
7	11	27
4	7	22
3	8	22
5	8	23
3	7	25
5	8	25
4	27	91
3	24	91
10	13	34
12	12	36
2	4	21
7	9	30
7	7	26
1	5	21
0	13	89
0	-1	91
0	5	21
10	10	28
6	8	25
4	6	23
4	5	25
0	-1	91
0	7	90
4	6	24
4	6	25
5	7	25
1	4	21
3	7	22
3	31	90
1	35	89
3	8	22
8	8	31
7	8	28
9	8	30
5	5	23
3	34	91
4	35	91
2	6	22
3	6	21
2	4	21
8	12	33
6	12	31
0	26	90
6	6	27
4	7	24
6	8	26
3	6	24
3	5	22
2	7	24
3	6	22
7	11	32
8	13	31
7	12	27
7	17	35
9	15	35
6	11	26
8	11	27
6	14	27
3	9	25
7	10	31
8	11	32
4	11	30
0	2	91
0	1	91
2	9	24
1	6	24
1	4	23
4	5	25
7	11	27
3	7	24
7	9	28
4	7	21
3	6	24
4	8	22
4	8	23
4	8	22
4	9	22
0	37	91
0	36	91
1	-1	91
0	37	91
2	5	22
1	-1	90
2	8	25
0	4	23
0	3	21
0	3	22
1	4	22
1	3	21
10	10	34
4	8	23
0	3	21
2	4	20
3	9	24
0	2	23
0	3	23
0	17	89
4	6	23
8	11	31
5	10	24
0	3	22
4	10	24
2	4	22
3	7	22
6	9	24
3	6	22
2	3	21
4	7	25
5	7	24
0	2	21
6	10	26
7	15	36
7	12	32
7	13	33
6	11	34
10	13	33
9	11	28
2	6	23
2	6	22
1	4	23
1	4	21
4	6	22
3	7	91
4	5	22
3	6	22
6	8	27
7	9	28
3	4	22
9	11	31
4	9	23
3	5	22
5	6	25
5	8	23
6	7	26
2	8	21
6	13	30
7	10	29
3	6	23
1	4	20
3	7	21
3	13	90
11	11	33
1	7	20
7	11	26
6	18	35
3	7	23
3	6	24
3	6	22
3	6	23
4	7	23
2	8	24
2	7	25
5	10	27
6	10	31
7	8	26
9	15	37
5	9	27
4	7	24
5	8	25
5	8	24
6	12	32
3	6	21
8	11	28
3	8	23
9	14	31
6	10	27
9	13	31
9	13	31
8	12	30
7	11	25
3	6	23
1	4	22
4	8	23
4	9	21
0	24	91
2	5	21
8	14	32
9	14	33
11	16	37
9	15	36
6	11	31
5	14	31
2	6	23
3	7	23
4	9	30
7	9	26
1	4	20
6	8	26
6	8	25
4	9	26
3	9	23
4	10	26
6	9	24
5	8	23
4	12	32
6	9	27
6	12	32
5	10	27
4	9	26
6	8	25
0	10	90
0	10	91
2	5	61
7	10	25
3	6	22
7	11	29
0	20	91
5	12	31
8	9	31
3	6	22
0	2	22
0	3	21
1	4	22
4	7	21
0	7	90
4	21	91
1	7	23
1	8	22
2	6	20
4	9	26
6	8	23
4	6	25
1	5	20
3	-1	91
5	5	25
3	6	22
7	9	26
0	7	59
6	7	24
2	4	24
0	10	90
9	11	29
1	4	21
9	11	32
4	7	24
3	8	24
8	9	27
8	9	28
0	4	20
9	12	31
4	7	23
3	7	23
3	7	25
4	6	23
3	6	22
3	7	25
2	8	23
4	6	23
3	8	22
2	5	22
5	7	24
1	8	20
8	14	35
7	9	26
0	5	30
6	9	24
0	6	90
7	9	28
6	8	28
7	8	26
5	12	31
8	9	30
5	9	26
5	8	26
4	7	23
3	6	23
2	7	22
2	6	22
6	6	24
7	11	90
7	10	91
6	11	26
8	24	91
2	5	23
2	7	23
4	7	22
7	12	28
4	6	25
2	5	21
5	7	25
2	4	21
5	5	26
4	5	23
0	6	90
0	7	89
0	12	90
4	6	23
6	39	90
4	5	23
3	7	24
4	6	22
3	7	24
5	6	23
0	5	34
11	13	35
3	6	25
9	10	30
7	11	27
3	3	21
3	5	26
3	4	24
2	6	20
4	6	21
4	9	24
3	6	26
2	2	21
1	2	23
2	7	22
2	6	20
5	9	27
5	7	23
4	5	24
4	7	24
2	5	21
2	11	90
0	13	91
7	10	24
6	11	27
0	5	91
0	7	91
6	10	24
3	7	31
8	9	28
9	11	29
1	6	21
2	8	22
3	7	21
5	5	23
3	5	23
0	16	70
9	7	28
4	8	25
0	6	91
0	11	90
9	10	33
8	10	31
8	9	30
8	8	28
0	7	91
0	8	91
2	7	22
6	12	31
2	7	24
3	6	23
5	7	24
3	6	22
3	7	24
3	7	23
2	5	21
3	6	21
3	6	21
3	6	22
5	8	29
4	5	22
6	23	73
5	22	69
4	21	66
4	20	60
4	5	23
3	7	23
0	4	91
0	7	91
2	7	26
10	12	53
4	7	24
6	10	30
3	5	22
1	4	21
7	8	32
3	5	25
4	16	38
4	6	22
3	5	21
5	8	27
1	5	23
4	9	26
4	10	25
4	11	25
0	13	89
8	10	32
4	8	27
3	9	28
4	9	31
5	10	32
4	7	24
7	8	26
5	7	27
2	9	22
2	7	21
2	6	22
4	7	24
3	6	25
8	12	30
3	6	22
3	5	24
3	6	24
5	7	23
4	11	30
3	-1	91
4	7	24
3	7	22
3	8	22
3	7	24
2	6	20
6	10	30
5	5	26
0	17	90
4	7	23
6	7	24
2	8	22
2	5	21
3	5	21
1	3	88
8	11	28
4	10	24
7	9	26
4	5	24
8	12	31
9	12	36
8	9	28
7	9	28
3	7	21
6	8	26
3	7	22
4	9	27
6	10	27
4	9	30
2	5	22
4	12	26
5	11	30
3	9	23
5	10	26
4	9	25
7	9	26
6	8	23
1	4	20
3	6	21
5	9	26
3	7	22
4	7	23
5	8	25
3	7	23
0	22	91
11	18	39
3	7	25
6	11	24
8	10	26
5	10	25
7	10	30
2	6	21
7	12	27
0	4	91
0	4	20
2	5	22
2	7	25
4	6	24
3	5	22
3	28	91
2	6	24
4	10	26
4	9	24
7	9	25
6	9	26
3	6	23
10	9	33
7	8	25
4	9	27
5	9	30
5	7	28
4	6	24
4	6	22
5	9	24
5	9	25
8	9	27
12	10	34
10	9	32
12	11	36
3	7	24
3	7	24
0	5	21
3	6	23
3	5	22
3	5	22
4	5	24
0	16	87
1	37	90
2	6	21
1	6	22
0	1	23
6	7	26
1	3	21
0	11	91
0	12	91
3	3	23
4	8	30
3	5	22
5	6	25
0	7	22
4	8	24
6	9	26
7	11	30
10	11	31
6	8	26
6	7	25
8	12	31
7	11	30
6	9	26
7	11	27
8	10	27
8	12	38
5	10	30
0	4	89
0	5	91
3	6	21
3	8	23
3	10	24
3	3	22
9	16	35
9	12	30
7	13	30
10	11	32
2	2	22
6	10	27
2	6	21
6	10	24
6	10	28
0	3	20
7	11	30
3	6	22
4	6	25
7	13	27
0	11	91
0	12	91
6	10	31
3	7	22
4	6	23
5	8	26
3	7	25
3	6	22
3	7	23
6	28	90
2	24	91
4	6	21
3	6	24
5	5	24
2	6	28
0	1	38
0	1	21
0	12	90
3	7	23
2	6	21
8	12	32
9	12	29
2	7	24
8	8	28
5	3	30
5	8	21
6	9	30
5	7	29
0	11	91
0	19	90
5	5	21
5	7	25
4	9	23
1	3	20
4	10	24
7	9	24
6	6	25
3	5	23
4	6	23
8	9	27
4	5	22
3	4	22
3	11	30
9	12	34
3	5	23
4	7	24
4	6	23
2	3	21
0	27	91
2	7	25
3	9	25
4	7	25
2	6	24
5	7	24
1	4	20
5	9	27
3	10	27
5	11	27
3	6	22
0	6	23
1	4	20
1	6	22
3	6	26
1	5	20
3	8	24
9	9	32
0	7	90
0	9	90
4	6	23
5	6	24
4	7	23
4	6	23
3	6	27
2	3	24
5	8	27
6	8	25
5	9	25
5	10	31
5	11	30
4	7	30
6	8	27
0	2	20
4	29	90
4	8	24
4	7	22
5	7	24
3	8	24
2	8	25
2	5	20
8	10	33
6	9	28
4	8	26
3	4	22
3	7	23
7	9	28
4	6	23
5	10	30
9	12	29
3	8	23
5	11	31
7	10	29
5	10	26
4	7	23
0	22	90
2	4	22
5	25	91
4	-1	91
0	14	90
2	5	25
8	11	29
5	8	24
3	6	23
4	6	22
5	6	24
2	5	21
3	5	22
5	11	33
5	12	31
8	12	32
8	12	32
8	10	28
5	9	31
6	9	27
3	8	23
4	8	22
3	5	22
3	24	80
3	7	24
3	5	21
5	9	25
7	9	26
6	9	28
6	9	27
6	8	28
9	9	32
3	5	23
6	8	24
5	8	25
9	10	26
4	8	30
1	6	23
2	6	24
3	5	24
7	10	31
10	10	33
3	6	23
3	7	24
4	5	22
7	8	30
1	6	21
4	7	23
1	30	90
3	6	21
0	3	20
3	8	24
3	7	22
1	5	20
6	7	25
5	7	22
5	5	23
3	6	22
3	7	22
5	9	26
4	8	24
3	7	25
2	7	22
4	6	22
3	6	22
4	7	22
4	8	23
5	11	33
4	9	24
6	9	30
5	8	32
6	8	26
0	23	91
2	6	23
4	7	23
4	7	24
0	29	91
5	25	91
4	-1	91
8	12	31
8	11	28
2	5	22
8	12	28
9	13	34
4	9	26
4	8	25
6	9	25
0	8	91
0	9	90
10	12	30
10	10	28
3	8	24
8	11	28
2	6	22
2	-1	91
2	7	23
2	7	22
2	6	21
3	4	23
3	6	21
5	12	34
8	9	27
7	9	25
6	7	28
4	11	25
4	8	27
6	10	24
7	9	30
5	8	23
5	9	28
0	12	91
0	14	90
2	7	23
2	5	21
4	10	25
3	5	22
3	7	21
5	6	24
0	5	29
2	6	23
3	6	23
6	9	29
0	17	90
1	6	21
2	6	21
6	10	29
6	9	35
0	3	23
0	5	21
8	11	29
1	4	21
5	7	23
3	-1	91
2	6	23
1	4	22
3	7	22
2	3	21
3	5	21
2	5	21
3	6	21
3	7	23
4	9	30
4	5	23
3	6	24
3	5	23
1	5	23
0	2	21
4	9	25
9	12	32
5	9	23
2	9	22
6	9	26
1	7	21
0	25	89
3	8	22
6	8	24
4	7	23
9	10	28
5	9	24
2	5	24
2	6	23
3	5	23
5	6	24
3	7	22
3	7	23
7	9	28
6	8	28
5	29	91
2	10	25
0	18	89
1	7	91
6	8	25
3	24	91
3	7	23
2	5	22
6	10	30
8	10	32
3	15	90
3	4	24
2	5	22
8	10	27
3	6	23
3	6	22
5	8	24
8	13	33
2	7	23
3	6	22
3	6	23
5	9	24
3	8	22
7	11	32
3	9	30
1	6	20
2	4	24
3	5	23
5	8	24
3	11	25
2	4	21
7	11	31
2	5	21
4	6	23
4	7	22
4	7	23
4	8	24
3	6	23
5	13	26
6	8	32
2	5	21
1	7	24
4	13	30
3	21	91
10	9	33
8	11	27
6	10	32
7	9	29
6	8	27
5	5	23
5	7	25
1	6	21
4	5	23
2	6	22
4	7	22
4	6	22
3	6	21
6	6	26
4	10	26
6	12	31
6	9	26
8	10	28
3	10	25
4	9	22
6	8	26
7	11	26
4	6	21
6	10	30
4	7	21
3	8	24
4	8	25
2	9	26
8	9	30
7	12	31
6	10	26
4	6	24
4	9	23
1	3	35
1	3	21
2	5	21
4	6	22
2	8	21
3	7	20
4	10	25
2	4	21
1	5	21
4	8	23
3	6	21
5	10	25
5	9	26
5	10	25
7	10	27
0	5	90
3	7	23
7	11	31
0	7	22
1	5	21
4	7	22
2	6	22
2	6	21
6	9	91
5	9	23
2	5	22
1	7	23
1	4	24
4	10	26
36	23	90
4	10	25
5	8	24
4	8	23
6	11	30
8	12	30
3	7	24
11	15	37
0	26	91
3	5	21
0	11	89
0	14	90
8	11	31
2	7	22
0	4	91
0	14	91
2	7	21
0	9	67
0	10	67
2	5	22
2	4	21
3	5	24
2	6	25
3	5	21
2	7	22
8	12	29
2	7	24
1	4	20
3	6	25
6	11	30
2	7	23
5	9	26
3	5	23
0	17	90
0	20	90
0	4	21
1	5	20
3	6	22
5	8	31
5	8	25
4	8	22
4	8	23
5	10	26
3	6	24
3	6	24
0	12	90
0	13	91
0	13	91
0	9	42
1	1	21
1	10	91
7	8	29
0	10	91
0	12	91
5	6	23
3	6	22
1	3	22
4	5	21
6	6	26
2	3	24
3	9	25
3	6	23
0	10	90
0	16	90
1	2	37
0	2	37
0	8	91
0	4	44
0	7	44
0	10	91
0	3	91
0	2	90
0	6	91
0	-1	91
0	16	91
0	26	90
0	17	90
0	5	91
0	11	91
0	9	80
0	6	89
0	15	91
0	7	70
0	6	70
0	-1	89
0	9	91
0	8	90
0	12	91
1	11	90
0	11	89
0	5	44
0	7	91
0	12	91
0	7	90
1	6	90
2	6	21
4	7	24
9	10	33
1	8	91
0	8	90
0	-1	90
0	6	90
0	11	91
3	6	24
0	4	90
0	7	91
0	9	90
0	10	91
0	8	91
0	10	91
0	8	91
0	11	90
1	4	90
0	9	91
0	8	90
0	13	91
0	13	91
0	7	91
0	6	90
0	9	91
0	-1	90
0	-1	91
0	11	91
0	6	88
0	7	91
0	7	90
0	7	89
0	11	91
0	7	91
1	10	90
0	6	90
0	8	90
0	9	90
0	9	89
0	10	91
0	10	91
7	14	33
0	-1	40
0	7	21
3	5	20
6	7	25
6	7	24
4	6	22
2	4	23
2	4	22
4	6	24
1	24	77
2	3	23
7	10	34
4	7	24
5	9	25
4	7	21
0	7	91
0	6	91
4	9	30
6	8	26
2	5	22
3	6	23
1	3	20
5	29	91
3	8	22
3	9	23
0	3	21
7	7	28
3	3	24
5	5	24
1	4	20
4	7	24
0	10	90
1	6	90
0	5	91
3	7	22
5	6	24
2	7	21
0	-1	90
0	-1	90
1	2	21
1	3	20
1	3	22
5	7	24
2	4	22
3	9	24
1	5	22
0	4	21
8	9	30
0	11	90
0	5	21
0	5	22
4	6	24
1	21	90
3	6	25
2	4	22
2	4	21
3	6	25
4	4	23
2	3	22
3	8	23
2	5	21
2	4	22
3	6	23
2	6	23
3	4	22
5	9	25
5	6	26
5	5	25
8	12	30
4	22	91
5	22	91
6	23	91
4	22	91
4	5	24
4	4	25
0	11	90
0	11	91
0	5	91
0	12	76
2	4	21
3	5	25
2	6	22
6	8	27
3	6	30
3	6	22
3	7	24
1	-1	91
0	20	90
4	6	23
5	4	24
2	6	25
3	5	21
9	11	36
3	7	26
3	5	22
2	18	91
2	4	21
1	3	21
2	7	22
6	8	25
2	4	21
10	11	32
1	14	91
0	12	91
9	11	33
7	9	27
6	10	27
7	11	28
7	13	32
2	6	23
2	8	22
6	9	31
2	5	22
1	4	22
2	4	20
6	37	91
7	37	91
5	37	91
4	9	25
2	5	20
4	6	21
3	12	30
3	16	33
8	11	29
3	6	24
6	8	26
7	8	26
0	17	91
10	13	33
7	12	31
0	5	22
3	7	30
2	6	24
3	6	24
2	5	22
0	19	90
0	12	91
3	9	24
3	6	22
3	8	26
2	6	21
2	4	20
3	5	21
0	2	23
0	23	91
6	13	34
4	5	25
6	7	24
9	12	32
3	3	22
1	26	91
0	3	20
1	5	20
3	5	22
2	6	21
0	23	90
5	9	24
3	5	23
5	9	27
3	7	30
2	5	22
3	5	21
0	11	70
3	3	23
1	3	22
4	7	22
4	7	23
3	7	22
4	6	23
3	9	24
1	-1	90
2	23	90
4	9	31
4	14	29
1	6	20
6	8	26
4	9	26
6	14	32
8	12	29
3	4	20
3	13	30
4	4	23
0	18	88
8	8	30
4	6	26
8	8	27
2	8	21
4	9	23
1	4	22
4	7	21
0	7	90
0	13	90
7	8	30
0	18	86
4	7	25
4	7	24
5	9	30
6	9	31
5	11	30
5	9	29
5	11	26
6	13	29
4	10	31
5	9	26
4	9	28
4	8	26
3	11	27
3	8	26
6	12	28
0	23	90
3	9	23
4	10	28
5	8	23
0	23	85
4	6	23
6	11	33
5	10	30
3	5	23
0	24	90
6	9	31
3	7	23
1	7	23
4	8	30
10	9	33
9	10	36
8	8	31
9	9	31
2	7	23
7	11	28
4	7	23
1	4	25
9	9	26
2	5	21
6	15	30
5	7	26
2	7	22
5	7	24
5	10	25
2	4	20
6	8	24
9	9	28
1	5	20
10	11	37
9	11	31
8	10	30
6	10	25
7	11	30
8	9	27
4	7	24
7	9	32
4	8	23
10	12	37
11	13	40
1	6	20
5	9	26
4	7	23
3	7	23
6	7	24
2	7	21
5	9	25
6	10	25
0	36	82
4	8	24
0	3	23
3	7	22
3	7	22
3	6	21
2	3	23
6	15	35
3	5	23
4	11	31
7	13	35
5	9	26
4	10	27
4	8	24
7	12	33
7	13	32
0	22	90
0	19	90
0	21	90
3	7	23
3	9	23
2	7	23
6	7	25
7	10	25
6	7	28
5	9	26
5	9	24
5	9	29
3	7	23
3	8	23
1	4	21
1	9	37
3	7	30
4	9	24
6	8	27
3	7	24
11	31	90
7	9	30
4	7	24
1	4	24
10	12	35
1	3	21
7	10	32
9	12	31
8	11	29
10	13	38
6	9	26
4	6	23
3	8	24
2	7	23
5	10	27
3	6	21
1	5	22
2	5	21
8	10	33
3	5	22
5	7	26
3	7	22
2	7	22
5	8	26
2	7	23
2	32	91
3	6	24
3	6	23
5	12	29
5	6	25
2	5	22
3	8	20
5	10	26
8	14	33
8	11	31
8	10	32
7	9	30
8	7	31
6	8	25
4	8	23
3	9	25
2	7	22
2	6	21
6	9	29
3	7	23
7	11	31
7	11	31
5	11	28
6	8	26
1	8	21
2	6	25
2	5	23
4	7	24
4	6	23
7	11	27
2	6	22
8	12	29
8	11	28
3	5	23
3	4	22
7	13	34
8	10	32
7	12	36
4	9	23
4	7	22
3	4	21
3	5	21
6	13	30
3	5	22
1	3	20
3	8	21
2	5	22
2	3	21
1	4	21
4	8	32
0	4	89
0	8	90
10	15	33
1	4	21
6	8	24
7	9	27
4	12	31
4	7	25
8	13	30
4	9	23
1	4	21
7	10	26
3	7	22
5	8	25
7	11	33
4	25	91
4	26	91
4	26	91
4	27	91
3	26	91
7	26	91
5	8	24
3	6	22
6	10	29
7	13	32
4	8	23
8	10	31
6	11	31
7	9	33
6	10	30
5	8	25
5	10	30
6	8	26
6	10	31
5	10	33
3	5	23
7	9	26
5	8	25
5	7	23
5	14	33
5	9	26
3	8	22
3	8	21
7	12	29
2	4	22
3	6	23
0	8	90
1	5	22
3	7	25
3	7	21
3	7	23
6	12	30
6	8	26
3	8	21
4	8	26
2	7	22
1	5	23
1	7	21
5	8	22
7	8	32
4	7	21
9	8	32
5	7	25
6	12	30
3	8	24
5	8	22
4	7	23
7	9	27
4	5	27
4	-1	91
1	39	90
0	12	86
8	10	27
7	9	25
7	10	26
4	8	24
4	8	25
3	9	23
4	10	24
3	7	25
3	7	24
0	3	20
4	5	26
8	11	30
8	12	30
8	10	27
10	12	36
4	11	25
4	10	24
5	12	32
10	9	35
3	6	24
0	2	21
1	4	23
0	4	21
0	4	21
7	11	30
7	11	26
6	9	25
6	11	28
5	12	31
7	10	30
1	25	91
2	4	24
5	7	24
1	4	20
7	14	28
8	11	26
8	11	26
5	5	22
6	15	37
6	8	24
6	8	25
2	7	22
1	0	91
0	-1	91
0	0	65
0	0	91
0	0	90
0	0	91
0	0	91
0	1	90
4	8	25
4	8	23
4	7	23
8	14	32
6	15	31
4	10	24
4	9	29
4	8	25
3	7	25
2	6	20
4	9	25
5	9	23
1	5	23
3	7	21
7	13	32
2	4	21
2	4	20
4	9	23
2	5	22
9	11	31
7	8	26
8	11	33
6	11	32
4	8	24
2	51	90
3	6	22
5	10	24
6	6	25
5	7	26
3	7	23
2	5	22
6	12	27
6	4	25
2	4	23
1	3	22
1	4	21
2	6	24
8	12	30
2	4	22
2	4	21
2	4	22
2	5	22
5	9	30
2	4	21
4	7	24
7	7	26
3	3	23
2	9	23
0	8	91
1	10	90
6	8	28
2	4	23
3	4	23
4	4	24
2	5	21
3	5	21
4	5	23
3	6	24
5	5	25
6	7	30
4	6	25
9	15	35
8	9	27
9	10	31
7	9	28
8	11	30
3	7	23
0	7	89
8	11	30
4	8	22
0	4	22
2	5	22
4	8	27
4	7	20
4	8	21
8	11	32
2	5	23
5	8	27
4	8	25
3	1	27
4	38	91
2	5	22
7	9	30
10	12	34
0	2	90
0	27	91
2	3	21
1	6	21
2	7	21
3	9	23
8	12	32
8	12	29
5	9	25
5	8	25
5	8	25
5	9	25
5	10	27
5	6	24
4	12	31
6	8	30
5	12	25
7	8	26
4	7	23
4	8	21
7	7	27
5	5	26
6	7	25
4	6	24
2	6	23
6	13	30
8	9	28
3	5	21
1	6	22
3	6	21
4	6	22
6	9	30
2	5	22
7	12	32
3	7	21
5	13	31
4	8	27
2	6	21
8	11	31
8	10	32
5	6	23
1	27	90
2	5	24
1	12	91
0	11	91
7	9	29
5	9	25
6	8	32
5	10	24
6	7	24
3	7	21
4	7	21
3	7	23
2	8	23
6	9	26
6	8	24
2	6	21
6	8	24
5	8	23
6	8	25
6	8	25
5	7	26
1	6	21
3	7	22
4	7	30
7	8	28
5	9	30
8	11	30
7	12	27
6	11	30
2	10	24
2	5	21
3	5	23
8	9	28
1	4	22
2	5	21
5	9	25
8	9	26
6	9	30
6	7	25
3	5	20
3	5	22
4	10	30
6	10	30
1	5	22
4	7	26
7	7	26
1	8	21
8	9	25
8	9	27
7	8	24
4	7	23
3	8	22
3	6	22
0	10	91
4	8	25
9	13	35
6	12	28
6	10	26
7	13	33
4	8	22
7	6	25
7	8	28
4	7	32
6	8	23
6	8	29
7	13	31
4	6	24
6	10	26
5	12	28
8	11	32
8	11	31
1	27	90
3	5	23
3	5	22
3	6	23
4	8	22
2	4	22
3	6	24
3	6	22
5	11	30
0	16	91
6	13	27
8	14	35
8	15	34
11	15	37
8	14	30
8	14	30
10	14	31
9	14	33
4	8	23
4	7	26
2	5	24
1	8	22
8	15	33
2	9	23
2	7	24
3	7	23
3	5	23
2	6	23
2	4	22
2	4	20
0	13	91
6	6	22
6	10	26
5	9	24
3	-1	91
10	12	30
8	11	29
6	8	26
6	40	91
2	6	22
1	6	22
5	8	30
2	5	24
1	5	20
1	6	21
3	8	24
1	3	20
3	5	22
4	6	24
3	6	24
5	8	30
5	10	28
2	6	22
7	7	29
3	7	22
4	7	22
3	8	23
1	6	23
2	10	25
5	9	28
2	5	23
4	7	22
4	8	23
0	6	84
4	7	25
2	10	25
3	7	23
4	4	24
2	7	22
9	10	34
0	6	91
0	9	90
7	9	25
5	7	25
3	6	24
3	8	24
3	8	24
0	4	65
3	6	22
6	10	27
0	6	87
7	7	26
3	6	22
4	7	23
3	6	20
9	12	30
3	5	21
0	2	21
6	6	27
4	7	24
3	4	23
7	12	36
5	7	27
6	8	26
6	8	25
1	6	22
3	3	21
3	5	21
8	8	27
2	7	20
3	7	21
3	7	20
2	6	24
7	9	26
3	8	23
5	12	28
2	6	21
2	4	21
0	-1	90
5	6	25
9	11	29
2	6	25
3	7	21
1	22	90
1	6	21
5	5	26
0	12	91
3	4	25
3	10	25
10	9	35
3	6	23
2	5	21
7	31	91
5	7	26
5	13	31
5	9	34
7	9	33
6	8	27
7	8	32
6	8	28
6	8	29
3	5	22
6	9	27
3	7	26
1	5	21
0	14	90
1	14	91
5	10	23
0	13	90
2	4	21
2	7	22
2	7	21
2	5	22
2	5	23
4	6	26
5	12	33
4	6	23
10	12	34
10	12	35
3	4	22
3	7	23
5	11	28
5	10	29
3	8	30
3	6	23
3	7	23
7	10	35
4	5	23
2	5	21
3	7	29
5	7	24
3	7	22
4	10	28
7	13	34
5	6	24
7	9	30
3	11	30
0	4	26
2	6	24
0	5	25
1	4	23
1	3	25
0	3	22
0	2	23
0	5	22
1	5	24
0	5	20
6	13	30
3	6	24
3	6	24
3	7	24
3	6	21
2	6	23
3	9	24
3	8	21
0	23	89
3	8	22
3	9	23
3	6	23
6	9	31
3	7	21
3	5	21
0	5	91
4	11	30
5	13	31
5	12	32
5	13	30
7	12	26
4	9	30
7	9	30
6	9	27
0	25	90
6	10	25
5	13	30
1	7	21
4	8	25
7	9	32
8	8	28
4	6	26
3	5	20
0	18	91
2	8	22
2	5	20
6	7	24
6	10	26
3	7	22
2	4	22
1	4	21
3	8	23
3	6	22
2	6	23
5	11	26
9	10	33
2	6	21
2	5	22
0	5	23
1	4	21
3	7	24
4	9	27
4	6	23
4	7	24
4	7	23
3	8	23
3	6	23
4	6	22
2	4	25
8	12	29
2	24	91
6	10	25
6	10	25
7	11	27
3	7	21
5	9	23
4	36	90
4	26	91
5	10	26
8	9	26
5	7	25
3	6	24
5	7	30
4	8	31
5	8	26
3	6	21
4	8	25
4	7	23
3	6	22
3	7	22
7	11	25
3	9	25
3	8	24
8	10	27
4	7	22
4	5	23
5	8	24
5	9	25
5	10	26
6	9	27
7	10	29
8	14	29
5	9	27
0	8	91
6	8	26
7	10	28
3	7	21
6	10	28
8	13	28
8	11	30
8	10	28
9	10	30
4	-1	91
10	10	31
8	11	31
3	-1	90
2	6	23
3	5	20
2	7	21
3	7	20
3	8	23
2	10	25
3	34	91
6	13	30
10	15	34
4	5	22
2	6	25
2	9	23
5	6	24
0	5	20
2	5	22
4	7	26
5	7	25
9	9	33
2	5	21
4	6	23
9	11	29
2	7	22
10	12	35
8	12	32
4	7	23
5	10	26
7	13	31
3	10	23
5	11	25
7	10	30
5	8	24
5	8	24
4	9	24
4	8	22
6	6	26
9	12	35
4	10	23
4	9	22
3	8	25
3	7	22
3	7	22
2	6	21
4	8	23
5	9	23
5	7	21
0	36	91
4	9	24
2	5	21
4	7	23
0	2	21
3	5	26
9	10	32
7	8	25
7	8	25
7	7	24
2	5	22
4	6	22
9	13	31
8	8	35
8	8	34
3	7	21
5	6	24
4	8	23
5	9	27
9	11	34
9	9	26
3	7	21
9	14	34
3	5	21
4	38	91
4	39	91
3	39	91
3	38	91
3	39	91
3	39	91
11	11	40
13	14	39
13	13	39
12	12	36
10	13	34
3	10	26
6	13	29
5	10	24
4	7	24
3	6	22
6	10	28
0	9	89
1	7	87
0	9	91
4	8	23
4	8	24
4	8	24
3	7	30
2	4	20
2	8	21
4	8	22
0	14	90
0	18	91
0	2	20
0	9	90
0	4	91
0	9	91
0	10	90
3	5	22
0	13	90
4	7	25
4	10	26
4	10	25
4	9	24
3	8	22
3	8	21
3	6	20
2	6	20
4	7	22
8	13	32
6	10	26
0	5	20
4	7	24
4	23	89
5	10	27
1	6	23
2	6	22
6	7	27
7	10	25
3	8	22
4	6	23
3	4	21
2	6	23
3	6	22
2	4	20
6	35	91
1	4	22
3	6	25
2	6	24
2	6	22
3	6	21
4	7	24
4	7	24
4	7	23
1	4	20
3	6	23
3	6	23
6	6	26
0	5	20
5	6	30
3	8	21
3	7	21
1	6	23
5	8	23
2	6	23
2	7	22
0	5	21
3	9	24
6	7	26
3	4	22
4	5	22
6	13	30
4	6	23
3	7	24
3	7	23
8	15	36
5	6	23
9	10	30
9	10	31
4	9	25
4	8	22
7	9	27
9	12	31
9	11	28
9	12	29
6	9	30
3	7	22
3	8	22
10	8	32
10	9	33
9	11	35
11	15	38
6	10	26
6	10	24
3	10	25
3	7	21
2	8	22
4	5	22
6	12	31
5	12	30
8	8	28
0	3	24
3	8	23
4	7	22
2	4	21
2	6	22
2	5	20
0	28	90
10	12	33
2	5	24
5	8	23
4	5	24
3	5	23
4	9	30
7	8	24
7	9	26
3	9	27
2	8	22
8	12	30
2	6	22
1	13	90
0	9	91
0	9	91
0	11	91
0	10	90
0	13	90
0	18	90
0	12	91
1	7	58
0	11	90
0	8	70
0	9	70
0	11	91
0	8	90
0	12	90
0	12	90
0	11	91
0	-1	90
0	11	90
0	13	90
5	10	33
6	9	31
5	9	26
6	8	27
8	8	27
9	9	28
8	9	26
7	12	31
8	10	28
12	13	35
4	7	26
7	10	26
4	7	22
7	11	25
8	14	31
3	6	23
2	7	23
2	6	21
1	2	20
6	12	29
6	8	25
4	6	22
4	6	23
8	11	28
5	11	27
5	6	24
2	8	22
6	8	25
2	7	22
2	5	22
0	4	21
0	2	20
3	6	23
8	9	29
7	9	34
8	8	32
8	9	31
9	10	35
5	7	27
6	8	28
5	7	26
7	8	28
3	7	22
4	7	26
2	9	24
3	7	23
8	13	32
9	13	32
8	13	33
8	11	30
8	9	26
6	9	24
8	9	27
6	8	26
3	8	21
7	13	30
2	3	22
10	14	36
8	12	33
2	5	21
3	11	33
4	10	31
3	5	22
1	5	21
8	11	30
7	10	28
0	4	20
2	7	22
8	10	32
4	9	24
8	13	33
4	6	23
5	6	24
4	10	23
3	6	24
4	6	25
3	6	23
4	8	24
4	7	30
3	9	25
2	4	21
9	6	28
4	10	33
6	10	30
7	9	25
5	9	31
3	8	23
5	9	26
4	7	23
4	12	24
3	7	22
5	8	30
2	5	20
5	-1	91
4	37	91
4	-1	91
4	36	91
3	6	23
8	8	28
1	3	20
3	6	22
3	4	23
3	7	27
0	1	22
6	9	26
6	9	26
6	9	26
6	10	31
3	6	23
9	11	28
0	30	90
0	31	90
4	8	30
3	7	26
5	7	23
1	8	23
3	5	22
1	5	21
2	7	21
3	5	22
0	15	91
0	14	90
3	4	22
2	7	23
3	5	30
8	10	29
5	6	24
4	8	24
3	8	23
2	8	22
3	7	22
3	6	23
3	6	23
3	6	23
2	7	21
1	5	21
5	8	25
3	6	22
2	6	21
1	4	20
4	8	24
2	8	22
8	9	30
1	7	21
7	9	35
3	5	22
0	1	91
5	8	24
3	7	23
3	9	23
3	8	21
1	34	91
1	36	91
2	34	85
10	15	35
2	7	21
2	7	22
4	11	26
4	10	26
4	12	25
3	7	23
3	6	22
6	7	26
3	6	22
5	7	26
3	6	21
5	6	26
5	6	26
3	5	23
5	6	24
1	10	90
4	7	21
6	9	27
5	10	30
6	11	31
5	12	32
5	11	30
7	10	32
2	7	22
0	-1	57
3	9	24
4	8	24
3	7	22
7	10	31
5	10	27
8	10	27
1	5	21
8	11	30
6	8	25
7	13	33
3	6	24
3	6	23
2	6	21
5	9	21
5	7	30
7	7	27
4	5	25
5	6	25
3	6	22
8	11	29
1	10	90
0	9	89
2	5	23
2	5	21
8	10	28
6	9	26
5	8	23
4	9	24
2	6	22
3	7	22
5	10	24
3	10	25
5	10	24
3	5	23
6	8	24
6	7	27
6	7	26
1	5	21
1	5	23
6	13	31
5	8	24
4	9	31
4	4	22
6	9	34
4	10	24
3	5	22
5	9	27
6	9	30
2	8	21
2	5	20
3	8	22
8	16	35
7	12	32
8	10	31
4	7	22
3	6	21
5	5	25
7	9	25
3	9	22
4	7	23
10	10	37
8	9	28
8	8	30
4	8	24
3	7	22
3	7	25
3	8	24
7	12	32
7	11	29
8	11	29
5	9	25
4	6	21
8	8	25
5	5	24
5	10	25
4	12	29
5	8	22
3	6	23
2	8	21
2	8	20
7	9	27
7	9	25
4	9	23
8	12	32
3	7	22
2	7	23
0	6	78
2	20	90
6	8	27
3	9	26
3	7	24
5	7	24
5	9	26
5	10	31
2	7	22
4	6	24
3	6	22
0	22	91
3	6	22
5	10	30
4	8	24
3	7	22
8	13	33
8	11	29
7	9	26
6	11	26
9	8	32
3	8	23
1	5	21
1	7	22
6	7	23
5	9	24
6	7	26
6	13	32
5	7	25
13	14	38
8	14	32
2	4	22
3	7	25
3	6	24
5	7	25
4	30	91
4	9	24
1	3	22
1	2	22
7	13	32
6	7	26
5	7	23
8	12	33
4	6	24
4	9	27
0	12	91
0	7	44
0	7	73
0	5	90
1	14	89
0	11	90
1	11	89
0	-1	90
0	15	88
4	8	23
3	6	24
3	6	23
2	4	21
2	5	21
5	9	24
4	6	24
0	4	37
0	12	91
0	9	88
0	8	91
0	5	90
1	7	91
0	11	90
2	22	73
2	21	89
0	6	91
0	7	86
0	17	90
0	12	89
0	12	90
0	14	91
0	16	91
0	13	91
4	8	23
6	9	26
2	6	22
7	7	28
9	8	31
7	11	27
1	6	21
8	12	32
6	7	24
0	13	91
0	9	84
1	5	21
0	4	20
3	9	25
3	8	24
3	7	23
2	7	22
6	8	31
0	8	90
3	6	26
2	5	22
3	5	24
3	5	22
3	5	24
2	9	26
3	5	21
1	5	22
2	7	20
6	7	31
0	20	91
5	9	35
2	7	22
1	7	21
7	16	39
0	25	90
5	8	25
2	5	21
4	6	25
4	7	24
4	6	21
1	5	21
6	8	26
1	5	21
9	12	31
10	11	33
4	9	24
4	9	25
4	10	30
4	9	24
2	15	90
0	22	91
8	11	31
6	10	27
7	9	29
7	10	31
3	9	24
3	6	24
4	8	23
4	6	22
5	6	25
7	8	25
0	1	20
6	7	33
3	6	25
8	12	33
12	18	38
11	15	34
2	4	23
5	11	30
9	11	32
4	8	30
5	7	27
4	12	30
3	13	31
5	10	26
5	9	25
2	5	21
4	6	25
9	11	28
0	13	91
0	10	90
2	6	21
7	10	31
6	9	26
8	11	37
5	12	31
6	8	28
2	5	23
8	7	30
5	12	33
2	6	22
2	6	21
1	5	20
3	6	22
2	6	22
4	8	21
4	8	24
6	9	25
0	3	64
0	12	90
1	3	22
4	7	25
3	6	23
6	8	23
7	7	25
2	5	21
4	7	24
2	10	26
3	5	25
6	6	26
4	6	24
4	5	24
7	10	26
4	6	25
7	11	30
2	6	22
2	5	21
3	7	22
6	9	27
5	10	25
3	7	22
6	7	23
6	7	22
5	10	26
3	6	22
5	7	24
2	3	23
1	2	21
3	8	26
3	9	25
3	7	25
2	7	23
2	8	22
2	6	21
4	11	32
0	2	25
7	11	25
0	14	24
7	8	27
3	7	24
3	11	23
0	2	20
0	7	91
5	9	23
2	6	21
9	12	33
4	9	26
0	12	91
0	12	90
2	5	20
3	9	34
4	8	22
4	7	22
6	8	25
6	8	25
3	6	24
4	5	23
2	6	23
4	8	24
4	9	23
4	6	23
2	5	21
3	8	24
3	7	25
5	8	23
8	13	31
1	3	24
5	8	30
5	6	23
4	7	26
8	11	30
0	15	88
1	3	21
1	5	20
0	4	24
1	4	22
1	4	21
2	4	20
2	6	20
4	7	30
5	10	31
7	8	29
6	8	27
7	13	33
10	18	38
10	15	35
6	10	27
3	8	22
4	9	30
8	12	32
3	5	21
5	10	31
8	9	32
3	6	23
5	9	27
3	9	23
4	7	24
1	6	22
5	10	30
7	12	31
7	10	28
3	8	24
5	10	30
2	3	22
7	8	28
3	7	23
7	13	29
4	8	25
3	9	25
6	11	27
2	4	21
3	8	23
9	12	35
1	34	90
2	7	23
2	7	20
0	4	89
0	7	90
0	3	22
0	3	21
1	39	91
3	6	23
14	-1	91
5	-1	91
6	-1	91
2	7	20
3	6	22
5	12	27
2	6	21
2	4	25
6	8	26
8	8	26
6	8	27
1	3	22
3	5	22
2	7	21
5	7	21
6	7	25
5	9	24
3	3	90
3	2	91
1	2	89
3	3	91
8	8	25
4	9	22
4	9	24
4	8	22
2	4	20
6	10	24
6	8	26
8	10	29
4	9	25
3	8	24
9	10	27
1	6	20
3	5	21
2	6	21
6	7	27
5	11	25
6	7	26
3	7	21
4	8	22
4	5	23
9	12	32
10	11	32
4	8	23
5	8	24
5	-1	91
3	5	30
0	5	90
0	12	90
5	7	25
1	5	20
1	3	21
6	12	28
6	7	25
7	14	32
7	11	26
5	9	25
4	7	24
7	9	30
2	5	24
2	5	21
2	6	20
5	11	32
7	10	33
2	8	24
1	21	81
2	7	24
3	6	22
5	9	27
5	8	26
0	3	21
11	30	90
2	2	20
6	9	23
4	9	25
6	10	25
3	7	20
5	9	24
4	7	24
0	2	21
4	7	24
3	9	23
4	26	91
1	4	20
6	32	91
4	8	26
4	7	23
4	7	27
3	6	22
3	7	24
4	8	25
1	6	21
4	9	25
3	7	22
0	12	91
0	12	91
0	12	91
0	15	89
0	12	91
0	11	91
0	11	90
0	6	90
0	6	90
0	11	91
0	9	90
0	8	90
0	10	90
0	10	91
9	10	30
0	3	91
1	10	91
0	10	90
0	5	90
0	8	91
1	13	90
7	11	31
4	4	23
7	13	31
6	8	24
3	7	23
3	6	22
4	7	22
6	9	24
6	10	27
4	11	28
2	8	23
8	13	27
6	6	28
4	8	24
4	8	24
1	22	91
0	20	91
5	8	22
3	6	21
3	6	21
3	6	22
3	5	22
4	8	24
8	13	27
3	7	23
3	7	22
2	7	21
6	11	27
4	9	23
2	6	22
3	6	22
5	6	24
4	6	22
3	8	23
4	8	24
4	8	25
7	9	31
0	20	91
0	12	91
0	20	90
0	10	90
1	13	90
0	14	90
0	11	91
0	12	91
1	14	91
0	4	72
0	4	72
0	7	91
0	1	91
0	9	91
0	8	90
0	16	86
0	7	90
0	10	91
0	11	91
0	8	91
0	16	90
1	17	89
0	3	91
7	10	34
8	9	32
6	8	28
6	7	25
7	8	28
2	5	23
8	12	29
3	7	22
3	7	23
3	7	22
1	7	21
1	6	22
3	5	21
4	9	28
3	7	25
6	7	24
8	13	32
7	8	27
8	9	29
3	6	23
5	9	25
8	11	33
7	11	30
6	10	26
6	9	27
6	9	25
7	6	33
5	10	28
5	10	30
7	10	30
3	6	24
4	6	23
2	5	22
0	18	91
6	8	30
5	7	24
4	7	27
4	9	24
4	8	23
9	10	33
3	6	24
2	5	22
3	6	25
4	6	23
2	7	25
6	11	32
11	12	34
1	6	20
6	9	26
9	11	34
3	5	23
2	3	22
0	10	90
0	6	91
4	7	23
2	5	23
6	8	24
2	9	25
6	9	27
1	7	20
4	9	24
4	8	23
4	10	25
5	13	31
8	10	28
6	10	31
6	9	28
17	16	43
4	7	23
9	12	34
4	7	24
6	10	31
3	6	22
6	7	25
4	5	23
3	6	21
8	11	32
2	4	21
3	11	29
2	6	21
4	8	25
2	3	21
2	6	22
2	7	21
7	12	36
3	4	23
6	6	25
3	6	25
3	6	23
3	9	26
3	6	24
8	15	36
2	5	23
2	4	21
3	8	20
3	8	22
5	5	27
1	3	21
0	3	77
3	10	24
2	9	25
4	9	25
3	8	23
2	8	23
3	7	25
4	8	27
4	32	91
5	5	25
7	9	25
8	12	31
6	11	26
4	7	21
0	13	91
3	7	22
0	10	91
11	15	38
6	8	25
4	7	23
3	5	22
3	5	23
3	10	22
1	22	91
1	-1	91
0	20	78
5	8	25
2	5	23
3	7	23
3	8	22
5	7	22
8	9	27
4	7	23
4	10	30
2	9	23
8	12	31
3	7	24
4	7	22
4	11	28
12	11	38
1	7	22
3	9	23
9	13	31
1	2	20
1	1	20
6	9	26
0	14	90
0	9	91
3	5	22
0	7	90
0	12	91
0	11	91
6	7	24
0	3	21
3	9	23
5	8	23
3	8	23
3	8	22
5	7	22
3	5	22
2	6	22
4	8	23
3	-1	91
0	4	90
0	6	89
0	10	86
0	11	86
1	13	91
0	9	91
0	7	90
6	9	25
5	9	25
3	6	23
3	5	23
8	8	31
4	11	23
0	10	90
0	12	91
0	8	91
3	8	24
4	6	23
3	7	21
2	4	22
6	9	25
6	10	29
4	8	26
5	8	25
5	10	27
3	7	24
2	7	23
5	9	24
1	4	21
2	6	22
5	10	25
2	7	23
9	11	30
6	9	25
3	6	23
0	12	90
3	6	23
9	12	33
5	8	27
7	9	25
2	5	23
3	5	20
6	10	28
5	8	26
5	8	27
1	9	91
3	8	24
1	27	89
4	7	25
3	7	21
2	6	22
4	6	23
3	4	22
0	4	21
0	10	91
1	17	90
1	2	24
2	3	22
6	11	28
2	4	20
3	8	25
3	5	22
10	11	31
10	10	33
4	8	25
6	7	25
6	8	26
10	18	38
11	16	38
3	8	22
2	4	22
5	9	28
6	7	27
7	14	29
2	4	23
1	5	22
1	4	21
2	7	22
4	6	23
3	6	21
8	10	32
2	4	21
2	6	24
4	6	26
0	26	90
0	25	91
0	-1	90
2	4	23
3	5	25
0	8	91
7	7	23
0	21	91
0	23	91
3	6	22
3	7	22
5	7	24
2	5	22
3	5	20
4	6	22
5	5	24
0	17	91
8	10	29
0	5	90
3	4	23
3	6	22
6	8	25
1	3	20
1	26	91
2	5	21
4	8	26
0	29	91
2	7	23
2	7	21
3	6	21
1	3	22
5	8	23
5	7	24
0	2	20
8	9	27
3	7	23
2	4	21
11	15	36
2	6	21
1	5	22
0	10	90
3	7	22
2	4	21
1	5	22
4	7	24
3	7	24
4	7	23
8	10	30
10	11	30
8	12	31
8	9	31
6	10	29
5	9	24
4	9	24
3	8	23
5	9	26
5	9	27
5	9	26
3	5	21
3	10	24
3	9	24
3	5	24
4	9	25
4	6	22
4	6	24
4	6	25
6	8	24
4	9	24
2	9	22
3	7	22
4	7	20
5	8	25
6	9	26
8	10	28
6	9	27
3	6	24
3	7	25
3	7	24
4	8	25
4	6	25
2	6	25
7	11	26
7	10	28
4	7	24
9	11	33
1	3	23
1	6	20
4	7	24
4	9	23
4	7	24
3	6	23
2	7	23
2	6	22
7	10	31
4	7	22
7	8	23
8	13	35
2	14	90
5	9	25
5	13	32
4	6	24
5	10	26
2	6	22
11	11	36
10	12	34
11	11	37
8	10	31
12	13	39
4	7	22
4	8	24
2	7	21
2	4	21
2	8	23
3	5	24
5	5	23
3	5	24
5	6	25
5	5	22
6	7	26
5	9	24
3	6	23
4	8	25
4	5	24
7	11	31
2	8	24
3	9	26
4	7	23
7	9	29
3	8	24
3	7	23
3	5	21
9	14	31
4	10	26
3	9	27
5	10	31
2	10	24
4	8	26
3	11	27
2	11	26
2	5	21
5	6	25
5	9	26
2	9	26
7	10	24
2	7	24
3	6	22
6	13	33
0	5	91
0	11	91
1	2	24
0	2	22
4	7	23
2	4	24
0	7	23
1	4	22
5	9	27
5	9	25
4	6	23
1	3	21
0	14	90
3	9	27
4	5	24
4	6	24
1	3	22
3	8	24
3	7	23
5	8	29
3	3	23
0	11	88
8	10	30
6	9	28
5	12	30
7	7	27
7	10	26
8	13	32
7	11	30
4	9	27
3	7	24
5	15	34
2	21	89
4	5	22
0	4	90
0	4	91
5	11	31
0	14	90
1	12	90
9	14	33
4	7	24
5	6	24
5	6	22
2	2	22
3	4	24
4	4	25
5	10	28
2	6	21
2	5	23
3	5	21
0	6	91
0	7	91
0	13	90
0	9	91
27	26	90
9	9	30
1	2	22
5	8	25
5	10	26
4	6	22
3	7	21
7	9	31
4	7	26
1	6	22
3	8	23
4	-1	91
6	6	24
2	16	90
1	9	23
3	5	22
9	10	31
4	8	22
7	10	25
3	5	20
4	6	23
8	9	30
3	7	21
3	8	25
4	7	23
3	5	23
3	6	24
4	7	24
4	7	24
2	3	22
2	4	23
2	2	21
1	5	21
0	-1	90
0	20	91
0	9	90
10	11	31
7	10	32
2	25	90
0	19	83
0	-1	90
5	7	24
0	-1	90
0	9	90
3	5	23
3	7	23
2	7	23
1	3	21
3	6	23
4	8	25
2	29	91
6	8	28
5	8	23
7	10	30
0	38	90
0	8	63
3	8	22
2	2	23
9	15	36
3	4	22
3	7	22
6	8	30
4	6	22
5	9	25
8	13	32
5	13	31
3	10	24
3	11	24
4	9	24
5	9	25
6	8	23
4	7	24
1	3	22
7	9	30
0	27	91
1	28	91
0	28	91
0	28	91
0	27	91
3	6	24
4	7	24
6	8	27
6	9	25
5	6	26
5	4	30
0	3	22
4	7	24
1	4	22
7	10	28
6	8	24
8	11	30
1	5	21
2	6	24
1	4	23
2	5	22
11	15	37
2	7	23
2	6	23
3	9	23
3	6	22
3	6	31
4	8	28
4	8	25
0	7	55
0	-1	88
0	10	91
8	8	31
3	3	24
3	5	24
3	5	24
1	23	90
2	9	24
0	8	90
2	5	21
6	11	26
7	11	31
6	11	28
6	10	31
4	13	30
1	6	21
2	1	23
3	4	21
3	3	21
5	7	24
4	11	30
0	26	90
4	7	30
5	13	33
3	6	23
6	8	30
5	7	25
3	5	22
5	9	31
5	14	29
7	14	32
5	9	25
2	6	22
8	10	27
2	7	20
5	9	25
0	19	90
2	7	21
2	6	21
4	7	22
3	6	24
12	14	47
11	12	37
11	12	36
3	7	22
0	37	91
6	8	25
6	8	24
5	7	22
4	6	21
4	6	24
4	6	25
2	6	22
5	-1	91
3	7	22
3	7	22
6	8	29
4	5	25
4	6	27
3	5	24
5	11	28
1	5	21
3	8	24
2	5	20
5	6	24
1	14	91
2	6	21
2	4	21
6	8	24
0	25	91
1	4	21
0	9	91
0	11	91
0	4	21
3	7	22
2	8	22
4	9	25
3	8	23
1	6	22
7	24	91
2	8	24
9	9	29
4	6	22
3	8	24
3	-1	90
6	8	25
4	7	26
5	11	30
6	8	23
6	8	24
3	6	24
5	11	26
3	7	22
2	5	21
8	15	32
10	16	37
2	4	21
5	9	24
9	9	26
5	8	24
2	7	22
3	5	24
6	10	28
6	8	33
3	7	24
3	6	23
8	10	33
0	20	91
7	9	25
3	5	21
0	27	91
9	9	29
5	10	31
6	9	26
6	9	30
6	9	28
3	6	23
4	7	23
5	8	26
4	7	26
5	8	22
5	5	25
12	13	33
3	5	22
6	6	25
8	11	34
7	9	31
3	6	21
4	10	31
3	6	23
4	6	23
3	5	23
4	14	31
4	9	26
2	28	90
0	11	91
3	6	22
1	6	21
9	11	30
2	7	23
5	9	25
8	13	32
8	10	30
2	8	22
1	3	21
4	9	24
3	6	21
0	32	91
4	7	30
6	6	29
3	9	24
8	10	31
4	10	26
4	7	22
3	8	21
6	8	26
2	5	22
6	9	27
2	4	21
8	10	28
11	12	36
0	3	21
0	16	89
6	9	32
2	5	23
0	22	90
4	10	24
7	9	31
8	7	27
5	7	27
5	8	25
2	3	22
2	5	21
4	8	25
1	6	23
2	6	21
4	7	22
3	7	22
0	10	90
0	12	90
3	9	23
5	3	25
4	8	22
5	6	31
3	8	24
5	7	25
3	5	22
2	6	22
1	4	21
5	8	26
6	7	26
4	11	25
0	2	90
0	4	79
7	11	31
4	7	22
8	9	28
11	14	35
9	14	32
9	14	32
3	8	21
1	5	21
1	5	20
5	10	26
7	10	30
7	9	29
1	4	21
1	4	20
7	10	26
2	7	21
4	8	22
4	9	30
1	7	24
6	9	24
8	13	31
2	18	89
6	10	24
6	9	26
5	9	24
5	11	26
7	9	25
5	9	24
4	6	23
3	8	23
6	13	31
7	11	28
6	10	25
1	8	22
8	11	32
4	10	25
3	6	22
8	15	39
7	11	34
8	11	33
7	13	30
8	17	34
4	7	24
4	8	26
6	12	31
1	4	20
3	6	23
6	10	26
4	11	26
1	7	21
2	7	21
5	10	24
0	15	91
6	9	26
3	11	28
5	7	25
1	6	20
8	10	28
2	5	21
2	5	20
2	5	21
2	5	21
8	9	31
3	8	33
4	6	24
4	7	26
1	-1	90
9	14	33
5	8	31
5	9	30
5	7	22
6	10	30
3	7	23
6	8	26
3	11	24
3	7	23
3	4	22
5	10	23
8	12	29
5	6	23
5	6	24
9	10	32
7	8	34
8	13	32
3	11	24
4	7	25
8	13	33
4	6	24
2	5	22
3	7	21
5	9	26
5	9	25
3	10	23
5	12	33
5	6	24
6	5	23
4	6	23
5	9	33
3	7	23
4	7	25
5	9	25
6	9	30
5	7	27
2	4	22
4	4	23
3	8	21
4	9	23
5	5	23
8	22	91
0	3	23
0	2	20
0	3	23
0	2	21
7	8	25
5	8	26
6	9	26
2	7	21
7	10	30
3	5	20
4	7	23
8	11	28
7	13	33
9	9	28
3	9	23
6	7	24
8	7	29
2	9	24
3	9	22
3	5	21
4	9	25
3	8	23
3	9	24
5	7	24
0	2	91
2	6	21
3	5	22
0	23	91
0	27	90
9	13	34
4	6	23
9	15	33
8	14	30
8	11	27
2	8	20
6	8	23
4	7	24
2	5	23
3	6	22
1	5	20
4	10	24
3	8	24
3	10	25
7	9	27
5	9	24
7	10	31
3	8	22
6	11	27
3	10	21
5	10	27
6	6	31
8	10	29
3	7	24
6	8	25
11	13	35
11	15	37
2	3	24
3	6	20
4	7	23
5	9	30
3	5	22
7	8	26
1	6	23
4	9	24
7	9	26
4	7	23
1	4	23
2	5	21
4	8	24
5	13	31
5	8	30
3	6	24
4	8	24
5	5	26
3	7	21
6	10	30
5	9	25
5	11	25
7	11	27
2	27	90
10	9	30
1	8	26
2	7	21
3	7	22
5	9	24
2	5	24
4	7	24
2	6	23
8	10	30
7	11	27
7	11	26
7	8	25
6	11	25
4	8	26
4	5	24
0	10	90
0	10	91
5	6	23
5	13	33
7	12	32
4	8	24
6	10	28
5	9	26
8	10	30
9	9	29
4	8	26
1	5	21
3	7	24
8	11	29
8	13	31
6	13	27
7	9	32
5	9	25
3	8	22
2	7	84
1	6	91
1	5	90
1	5	90
1	5	91
0	0	91
3	8	21
6	14	30
4	10	26
2	7	24
1	6	23
1	3	21
2	-1	90
5	7	27
1	3	21
6	6	26
2	4	20
0	5	90
2	5	20
4	7	28
0	8	91
5	8	25
5	9	25
4	9	25
5	7	25
8	11	32
5	9	30
7	12	33
6	8	26
2	6	24
7	10	29
6	10	28
2	13	32
0	10	26
4	5	25
3	6	26
6	5	27
5	10	26
3	7	21
3	4	24
0	10	91
9	9	26
9	11	32
10	14	36
0	14	90
1	2	23
2	11	23
4	12	25
5	9	25
3	8	23
4	8	24
4	7	23
1	7	21
3	5	25
5	9	25
5	11	30
4	9	26
1	6	22
6	8	28
3	9	26
3	7	23
3	8	22
3	8	22
3	9	24
4	7	22
6	9	25
1	6	20
3	8	30
6	10	31
3	8	30
3	8	26
3	7	23
4	5	25
6	11	30
3	10	30
3	6	21
6	7	28
6	9	25
5	10	30
12	17	40
12	15	38
7	8	31
7	11	33
1	32	90
0	31	88
2	34	90
7	8	28
1	7	21
10	17	40
5	5	24
4	14	30
3	5	22
1	7	21
2	8	22
0	5	21
5	8	22
3	7	23
4	7	27
7	10	27
7	10	30
1	5	20
4	10	31
3	8	23
3	7	23
3	9	23
3	8	22
9	10	31
3	8	23
3	8	23
6	10	26
7	15	56
1	7	22
4	4	25
3	4	24
4	9	30
7	7	27
0	10	90
0	10	91
0	33	90
3	9	23
7	11	28
6	10	26
1	5	21
0	5	90
5	7	23
0	4	20
2	6	22
1	5	20
1	5	21
2	4	22
2	7	20
0	3	20
8	8	26
1	5	20
5	5	22
3	6	23
3	5	23
3	5	23
2	4	20
2	5	22
5	7	25
0	3	91
0	3	91
4	8	24
0	13	90
5	8	23
3	7	23
4	5	23
6	12	31
5	6	25
2	5	23
2	4	23
2	4	22
2	5	22
5	8	25
12	17	44
9	13	34
10	12	35
0	2	20
0	8	88
0	9	88
4	9	23
5	7	24
11	16	36
0	7	90
9	12	30
2	6	21
1	12	91
0	11	91
3	7	24
4	7	26
12	12	36
7	9	27
7	11	25
7	11	26
6	10	25
1	3	21
3	6	22
2	-1	91
8	12	34
6	10	27
8	11	30
9	17	40
2	6	24
2	5	22
1	4	20
5	7	23
5	8	27
6	8	26
3	5	22
3	4	21
3	4	20
4	7	23
0	4	26
4	8	24
4	7	23
5	14	34
6	10	30
4	5	21
4	6	24
4	8	23
2	4	20
5	8	27
4	8	23
7	11	26
3	6	23
0	9	90
0	8	90
0	1	81
0	1	81
0	20	90
1	4	21
2	7	22
4	6	23
5	8	26
8	10	30
8	11	25
6	10	28
5	11	30
6	11	30
3	4	23
3	4	23
2	7	21
5	11	26
4	6	23
1	5	21
4	9	27
2	4	22
3	6	22
5	5	26
1	6	20
3	7	21
5	9	30
2	6	22
2	6	22
11	12	35
7	8	29
4	8	23
10	13	32
7	12	29
8	13	30
2	4	21
8	10	28
4	7	25
3	6	24
2	7	90
2	9	91
4	6	25
2	8	21
2	6	21
3	4	21
1	8	21
8	12	36
2	7	22
4	6	25
2	6	22
11	11	36
4	6	25
8	11	31
4	10	26
4	8	24
4	5	23
5	5	24
5	13	30
6	9	25
3	5	22
4	7	22
0	27	90
0	5	20
4	9	30
6	12	28
7	10	26
3	8	26
2	7	21
2	6	20
3	8	20
2	5	22
8	10	26
4	10	24
4	10	25
9	12	32
6	9	33
4	8	26
7	9	27
3	8	20
4	9	21
2	6	22
2	6	23
6	7	30
8	10	27
1	7	24
2	6	21
6	11	31
5	8	24
8	9	28
5	10	26
0	14	91
0	5	90
9	10	31
3	6	21
3	7	21
1	8	23
4	10	25
5	9	26
2	29	89
4	6	24
5	7	24
1	4	22
2	6	20
6	10	27
4	10	24
0	21	84
4	7	25
6	14	29
6	8	25
8	10	33
3	5	22
4	6	23
5	7	24
5	6	25
6	15	31
7	12	30
3	8	22
4	7	25
3	8	24
3	5	22
2	7	22
2	7	23
1	7	23
1	6	21
1	5	55
3	6	22
0	7	91
5	11	29
5	8	23
9	13	33
7	14	27
6	11	30
4	9	26
7	8	24
8	10	26
2	6	24
7	9	26
6	7	25
5	11	26
6	9	24
5	8	22
4	8	25
4	8	25
7	11	31
7	10	30
4	8	23
3	8	24
3	6	22
1	-1	90
5	9	24
4	9	25
8	8	32
0	3	21
4	11	25
8	11	31
3	9	23
3	10	23
1	5	22
7	12	30
10	11	34
8	13	36
0	8	91
0	8	90
6	8	25
0	23	90
7	6	23
8	12	30
3	8	23
4	8	21
5	9	24
2	4	21
5	8	24
6	9	26
0	14	90
9	13	33
1	5	24
2	5	22
2	4	21
1	3	25
1	4	20
1	13	82
1	13	74
2	6	21
4	8	26
3	6	21
4	7	21
3	7	20
3	6	21
3	14	27
2	7	23
2	5	22
8	11	33
9	11	31
1	4	22
5	8	32
5	10	30
8	9	26
0	4	22
6	10	25
1	13	26
4	5	23
1	-1	91
2	6	21
0	2	22
3	23	89
3	6	23
0	5	21
2	5	21
4	9	31
6	7	30
6	8	31
6	11	33
4	9	30
3	6	23
7	9	30
6	8	24
5	8	31
2	5	23
1	5	21
5	9	30
5	6	23
3	7	24
4	7	22
0	4	20
1	7	20
3	5	20
4	7	25
3	7	23
0	26	91
8	14	33
8	12	32
9	10	32
0	22	90
5	6	23
1	27	91
1	30	91
4	7	25
3	7	22
3	7	22
7	11	30
3	9	24
9	12	34
1	4	22
0	9	91
1	4	21
4	6	23
2	3	21
7	15	37
8	8	33
5	8	25
6	10	25
3	8	23
0	3	21
3	25	90
2	4	21
1	9	87
4	6	21
8	10	32
0	9	90
0	15	91
3	7	21
5	7	24
2	4	20
1	6	21
5	9	27
4	7	21
3	8	30
5	6	24
2	6	20
2	6	22
3	5	23
4	6	25
2	5	22
7	11	31
4	7	24
5	7	24
5	8	23
5	9	25
6	12	30
7	12	32
2	5	22
7	11	27
7	10	27
0	35	91
6	8	24
2	7	20
4	11	26
7	9	26
5	13	30
1	4	23
1	4	22
1	4	20
3	7	30
2	8	23
1	7	22
4	10	31
3	7	23
4	6	23
2	24	91
4	13	30
5	7	26
3	10	30
6	9	26
3	5	22
9	12	32
9	10	27
8	10	34
5	9	26
10	12	31
3	10	24
3	5	21
3	4	22
0	14	91
3	7	24
6	8	24
1	4	21
7	14	33
6	11	27
2	7	23
3	7	22
3	7	25
3	6	23
8	12	30
6	10	32
3	6	23
3	6	22
7	15	38
9	12	29
4	6	23
5	7	22
0	12	90
0	-1	91
5	10	25
5	10	32
3	12	26
3	11	25
4	9	24
5	9	24
4	8	24
6	7	26
4	7	25
4	6	22
4	6	22
4	8	24
3	8	22
2	7	20
9	10	31
4	8	22
5	8	30
5	7	23
6	8	27
3	9	23
2	9	22
4	9	26
5	8	25
6	8	30
2	5	22
3	8	24
4	6	23
3	8	22
5	9	25
4	8	24
7	13	33
9	8	28
8	8	27
9	11	31
6	6	26
3	6	23
7	11	30
2	9	22
4	8	24
4	7	24
9	12	32
3	7	22
7	9	28
1	6	24
4	8	23
4	8	24
7	10	25
6	9	28
5	8	26
3	9	23
5	11	30
4	8	23
3	5	23
4	8	24
2	8	25
2	6	22
7	10	27
4	7	25
4	9	23
2	5	21
3	6	23
6	12	27
6	9	27
6	6	27
9	11	37
9	10	35
10	10	33
10	12	40
11	14	34
0	12	91
8	11	31
7	8	27
2	8	22
2	7	22
11	14	32
4	6	22
7	10	30
10	9	31
11	12	33
8	10	29
3	7	23
6	11	31
4	8	26
3	7	24
3	6	22
5	9	25
0	20	91
8	12	28
8	14	32
2	6	22
3	9	25
4	9	25
5	10	25
6	10	27
6	8	25
6	10	27
4	8	24
4	7	22
5	10	32
5	8	25
9	13	30
0	3	20
7	10	30
0	12	91
0	20	91
3	7	26
2	6	23
3	21	91
8	8	29
3	6	23
10	6	35
4	10	26
5	9	25
4	9	25
2	6	21
4	10	30
5	11	26
1	4	20
4	7	22
2	7	22
2	6	21
5	9	28
4	7	26
6	10	30
5	8	26
5	7	28
2	5	20
8	15	35
4	6	24
10	11	32
7	7	25
3	8	23
3	7	23
2	8	22
5	7	24
5	12	29
2	5	21
5	7	24
4	8	25
4	8	22
4	23	91
5	5	23
4	8	23
5	11	25
4	9	24
4	10	23
1	5	20
0	8	90
6	8	27
4	7	23
4	5	23
3	7	22
3	5	22
2	6	23
6	10	26
0	13	91
0	13	91
2	9	23
2	6	22
3	8	22
3	14	28
3	5	21
7	9	31
8	11	29
0	4	21
7	11	35
4	9	26
3	7	23
7	14	38
3	4	23
4	9	25
9	13	33
7	11	28
11	14	35
6	11	28
9	10	26
6	8	25
9	9	27
6	7	26
11	14	33
10	11	33
7	10	28
11	12	39
12	12	36
3	10	24
9	12	34
9	13	33
8	12	32
5	13	27
8	12	35
5	5	21
1	4	21
2	8	23
4	8	23
3	5	23
3	7	27
3	6	22
2	5	21
5	7	26
8	11	31
8	9	31
2	7	22
6	12	31
6	6	25
4	8	24
4	7	23
7	8	29
10	16	36
10	14	39
11	11	34
10	16	36
2	7	21
0	6	23
7	9	25
3	6	23
4	9	25
2	6	24
2	5	22
4	7	21
2	6	21
6	10	25
6	9	31
7	15	31
5	8	22
6	7	24
0	11	91
6	13	34
6	7	24
9	12	33
1	9	22
8	9	26
7	12	28
1	7	22
7	13	27
8	9	26
5	8	28
3	7	24
2	4	21
8	11	29
5	9	24
3	8	22
3	5	22
1	4	21
7	8	26
7	12	29
8	12	28
3	5	24
6	9	26
6	12	34
3	6	23
5	11	26
5	10	31
7	12	34
7	12	37
5	10	32
4	9	26
2	8	24
3	7	23
2	6	21
9	13	32
8	11	30
8	10	28
11	10	32
5	12	30
5	10	26
3	9	22
7	12	30
7	13	29
8	8	26
6	13	30
5	10	27
6	9	28
6	10	26
4	9	25
3	7	21
9	14	32
6	10	30
3	6	20
9	11	31
2	6	21
2	6	20
12	14	41
8	15	32
4	7	30
5	8	24
3	7	23
10	14	32
6	10	26
4	8	24
4	9	30
5	12	34
3	6	22
2	6	23
4	7	21
8	32	88
9	8	26
5	8	24
6	9	26
7	9	25
9	39	91
6	37	91
1	6	22
5	14	28
4	8	24
4	9	23
8	14	31
6	10	28
9	11	28
4	8	30
2	6	22
2	6	21
3	7	23
2	5	23
2	2	22
1	4	21
4	7	25
3	7	24
4	9	30
6	10	31
3	6	24
9	13	30
4	7	23
0	4	21
1	6	21
3	7	22
5	5	24
4	7	24
6	11	30
7	6	31
7	9	27
6	7	22
6	13	30
6	12	31
7	8	26
4	6	23
6	11	30
7	10	30
3	6	22
3	6	25
4	7	23
5	10	28
4	9	25
4	8	26
4	6	25
6	8	27
2	6	21
2	3	20
6	9	29
2	6	21
3	5	23
5	8	24
4	9	25
6	11	31
0	0	89
8	9	28
0	3	20
0	3	21
2	7	22
3	7	20
5	8	25
2	3	22
1	4	21
0	-1	91
0	7	90
0	12	91
2	7	21
2	8	27
3	8	22
4	7	23
6	7	25
0	23	91
0	16	90
2	6	23
8	12	31
7	10	31
3	5	22
4	8	23
1	5	21
5	5	24
6	7	25
7	12	28
7	10	30
1	11	22
3	5	22
0	12	91
2	6	22
5	5	21
7	7	34
3	7	23
4	8	24
0	4	21
3	6	22
4	7	23
3	8	21
4	8	23
1	3	22
1	6	22
2	6	23
0	3	21
3	6	23
5	7	24
1	37	90
7	10	34
7	14	32
9	13	35
8	11	28
3	5	23
8	12	29
6	6	25
2	28	90
1	6	20
7	10	25
1	5	20
9	9	29
8	8	30
0	4	21
2	7	21
2	4	21
2	3	23
1	4	22
7	9	25
8	12	31
2	5	21
3	6	21
2	6	20
6	9	24
3	8	26
6	7	24
9	11	32
6	10	25
3	8	25
2	4	22
4	7	22
5	9	22
5	6	23
8	9	32
7	9	31
7	6	30
3	6	22
5	9	30
6	9	31
5	6	26
5	9	25
7	23	89
0	11	91
4	8	30
0	4	21
3	4	23
3	4	21
3	7	26
3	5	20
4	6	21
4	6	23
4	5	24
3	5	25
3	5	23
3	5	22
2	4	21
0	12	91
0	10	90
0	9	91
3	7	22
4	8	22
5	10	30
7	7	27
4	9	23
3	6	23
2	4	21
2	5	22
2	6	24
3	6	31
1	4	23
6	10	29
2	7	25
4	5	24
7	11	30
4	7	24
4	6	22
4	7	22
1	7	91
5	6	22
0	3	21
2	5	22
4	4	24
3	6	23
0	10	91
0	6	91
7	9	31
3	4	23
3	3	21
2	3	22
3	6	21
2	6	21
2	5	20
4	8	24
3	7	23
3	7	23
6	9	25
7	7	29
1	6	21
2	7	21
5	10	30
4	10	23
4	14	30
5	11	24
5	12	25
7	13	29
5	12	31
6	13	32
6	11	26
5	7	23
3	7	20
5	8	26
5	13	29
4	10	26
3	6	23
4	6	23
5	12	26
5	12	31
5	9	25
6	13	31
6	13	30
3	11	25
9	10	32
10	10	32
6	8	29
6	7	28
5	10	24
4	8	24
7	12	30
8	9	27
7	8	32
8	8	32
7	9	33
7	7	30
4	5	23
0	6	91
4	9	26
2	7	21
7	11	28
7	13	34
7	14	33
5	10	27
7	11	28
4	7	24
5	7	26
7	9	29
8	8	34
8	6	32
5	9	25
6	7	28
6	8	27
6	9	26
8	10	29
7	10	26
1	19	91
5	6	26
2	7	21
4	8	22
0	10	91
1	10	91
0	3	90
4	4	24
0	2	20
3	3	21
0	3	21
3	8	24
3	7	23
0	33	87
0	4	22
2	5	21
0	9	91
6	9	26
2	6	22
2	5	21
0	27	91
1	26	91
1	27	91
1	28	91
2	27	91
2	4	22
4	6	22
5	7	89
12	10	37
11	9	37
12	9	34
3	5	25
3	6	24
6	6	26
4	10	26
4	8	26
10	12	33
5	8	25
5	9	26
3	7	21
6	9	25
6	12	30
1	2	23
5	7	25
5	9	24
5	7	25
6	8	27
7	9	28
3	5	31
5	5	24
4	7	24
4	7	22
3	7	22
2	6	21
4	7	24
7	10	30
3	7	23
7	11	34
6	8	24
3	10	24
3	7	22
3	7	21
5	10	25
5	10	24
4	9	30
0	20	90
8	8	26
7	10	32
1	4	23
1	3	22
1	4	20
7	11	30
6	25	91
4	7	21
5	9	26
5	7	24
3	6	22
9	12	29
9	12	28
7	7	29
7	4	26
7	3	25
7	5	27
5	8	26
6	7	25
10	12	38
12	12	40
11	14	45
11	13	40
8	11	35
9	12	35
4	12	35
3	7	23
6	12	32
1	6	21
0	23	91
4	6	22
2	8	25
6	10	28
2	6	21
3	5	24
3	5	23
2	4	21
5	10	31
4	7	28
3	5	22
2	7	22
4	22	90
0	20	90
2	5	23
3	6	22
2	7	22
2	8	22
3	4	20
3	5	21
2	6	22
5	7	24
4	6	22
5	8	24
1	3	21
3	6	21
0	10	90
0	15	91
3	7	26
2	5	22
7	9	30
2	6	20
0	8	66
7	13	35
3	5	23
3	6	22
3	7	23
3	7	22
2	5	21
2	7	24
7	9	27
7	9	25
2	6	22
0	22	90
3	6	21
0	10	90
1	6	22
3	9	22
3	6	24
2	5	22
4	6	23
6	9	26
5	6	23
2	5	22
6	10	26
7	12	30
9	13	32
3	5	24
5	6	21
5	9	24
4	7	24
4	8	26
3	3	21
3	6	21
4	10	25
5	11	33
3	8	22
9	15	32
0	3	20
2	6	23
5	10	24
3	7	21
6	10	28
3	4	25
3	4	24
3	4	26
4	4	22
5	9	30
4	7	26
4	5	24
5	7	30
5	5	24
6	8	26
3	7	23
7	8	26
8	9	31
5	6	31
7	8	24
5	9	23
7	8	30
4	5	25
4	5	26
2	6	21
2	8	22
2	9	23
0	10	91
2	28	74
3	6	21
0	9	91
4	-1	91
9	13	35
7	9	28
6	9	27
0	8	91
0	5	89
0	2	22
1	5	20
2	4	22
6	10	29
7	10	32
7	8	28
7	8	27
7	9	27
7	9	29
7	11	30
6	8	32
8	9	25
0	9	67
2	6	21
3	8	24
7	13	33
4	7	23
3	5	22
2	5	21
6	9	29
5	12	31
4	9	30
4	6	22
4	7	21
6	6	25
1	6	22
4	7	22
2	4	22
5	10	27
5	10	25
6	7	27
8	11	33
3	6	23
6	8	30
0	7	91
7	8	27
0	4	20
2	23	90
4	3	22
10	13	33
0	10	90
1	1	23
3	6	24
9	15	36
1	6	21
2	6	22
3	30	90
1	27	90
2	34	90
5	6	25
3	10	24
3	9	23
4	5	24
2	5	27
1	6	20
4	7	24
0	26	91
0	26	90
4	7	24
5	8	25
5	8	30
4	9	26
4	10	26
1	6	90
1	3	90
3	6	21
5	9	25
7	8	27
5	10	30
6	12	30
5	7	27
2	7	20
2	7	21
5	7	28
2	6	22
2	6	21
3	5	22
5	12	30
4	5	22
6	6	24
6	12	26
3	5	23
7	9	31
9	14	33
8	16	34
7	14	31
5	13	30
5	15	27
1	4	21
2	6	21
8	12	37
6	11	30
4	7	23
4	7	21
7	10	27
0	2	23
6	9	26
2	6	22
7	10	25
9	12	31
5	8	24
5	9	30
2	5	23
8	10	27
4	11	30
2	6	23
7	10	26
8	13	30
4	10	26
5	9	25
9	10	28
6	10	30
3	9	22
6	8	24
7	9	29
3	8	24
2	7	22
6	10	31
7	12	32
6	11	30
5	10	30
7	10	28
7	12	32
9	11	33
7	11	31
7	10	27
8	10	33
8	8	30
8	9	31
8	10	29
7	7	27
6	8	25
12	13	33
4	5	23
6	10	30
4	9	24
5	10	28
4	9	25
8	10	27
2	6	22
13	14	38
4	8	21
3	6	25
7	8	25
0	2	21
2	7	21
4	9	25
3	7	24
2	9	23
3	7	22
4	6	23
3	6	24
4	7	28
4	5	25
11	12	36
7	6	27
3	5	23
6	7	26
4	5	25
8	13	32
2	6	22
2	8	22
5	9	26
12	21	47
4	7	25
4	8	23
5	14	28
4	10	23
10	11	34
3	8	24
10	14	38
4	5	22
5	9	27
5	8	24
2	3	20
3	8	22
5	7	25
5	7	24
2	7	21
5	9	30
8	12	33
0	39	91
5	9	25
5	9	25
5	8	24
5	9	23
4	6	22
2	5	22
3	6	22
5	4	24
6	11	28
8	11	28
3	7	21
3	5	22
6	8	25
5	6	25
4	6	24
2	8	22
14	17	40
10	13	33
10	11	33
12	13	34
11	15	36
11	13	34
2	7	21
11	9	35
8	13	33
3	7	23
3	5	20
2	6	22
2	6	21
8	8	31
1	4	21
8	10	29
2	8	23
7	9	27
12	16	39
11	17	40
10	16	38
10	16	37
11	16	37
6	8	25
4	6	22
7	12	31
5	6	22
3	9	25
4	9	27
7	11	33
0	27	91
3	8	24
5	9	28
0	30	90
4	8	23
4	8	22
6	12	31
8	9	26
6	11	27
3	7	23
2	5	21
3	7	22
4	5	22
4	4	24
8	9	26
3	7	25
0	35	90
4	11	27
7	14	30
6	8	25
3	6	22
3	9	24
4	10	23
3	11	25
2	8	22
3	9	22
3	7	25
2	6	20
2	9	22
7	7	25
6	10	33
2	7	20
4	5	20
9	12	31
7	9	26
7	12	33
5	10	29
4	7	24
5	8	25
4	7	23
0	3	22
3	4	23
2	6	22
8	8	27
4	11	27
2	6	23
3	10	25
4	6	25
5	7	30
4	5	25
2	5	23
3	6	24
5	7	26
4	6	26
4	7	24
3	6	25
3	7	25
0	2	22
6	8	27
7	9	27
3	31	76
4	6	23
0	3	20
3	10	30
5	9	31
2	7	22
1	2	22
4	6	22
10	7	37
1	4	21
2	3	21
5	8	30
6	12	31
2	7	22
5	10	26
1	13	27
5	7	21
2	9	24
3	8	23
10	10	35
0	12	89
6	10	26
7	10	26
5	11	24
5	10	25
5	7	25
3	8	23
7	9	33
0	8	91
0	4	90
5	9	23
2	4	21
9	11	31
8	12	31
7	11	28
7	10	27
7	11	28
7	9	30
4	7	22
3	7	22
5	8	24
6	9	29
3	7	21
7	10	31
3	7	22
5	10	29
5	10	26
3	11	26
4	9	24
4	7	24
3	5	24
4	7	21
3	7	21
3	6	21
2	6	22
2	5	24
4	8	23
5	6	22
5	6	24
8	14	32
8	12	31
9	12	31
8	8	30
2	6	23
4	7	24
3	8	24
2	6	24
2	4	22
6	10	30
7	9	27
2	5	20
4	11	28
7	11	27
29	30	89
8	9	29
7	8	27
4	8	24
3	5	23
5	8	25
1	3	23
1	2	21
2	3	22
2	7	24
5	6	30
7	11	30
5	11	27
4	7	26
4	8	25
4	11	27
2	7	20
0	9	91
6	10	32
3	6	21
5	6	25
8	10	33
9	12	32
7	8	26
5	12	31
6	9	25
4	8	23
3	6	23
2	5	22
3	6	23
4	8	22
6	9	25
6	9	24
4	7	24
3	6	21
4	7	24
6	9	30
6	5	28
0	5	21
4	8	22
7	9	26
6	9	24
6	9	25
8	12	29
7	12	31
9	10	31
6	41	91
6	6	31
3	6	24
6	10	28
2	5	23
4	7	24
6	10	28
2	7	24
6	8	24
0	3	22
7	10	34
7	10	33
6	9	31
3	5	21
5	7	24
3	8	23
0	-1	90
3	8	25
3	8	23
3	8	24
2	7	21
2	6	22
6	12	36
2	4	21
2	6	24
3	6	21
5	9	26
5	12	31
4	6	21
2	7	21
9	11	32
8	11	34
11	11	34
9	9	31
7	9	28
7	10	28
5	8	24
3	8	23
2	8	23
4	8	25
3	8	21
3	9	25
3	7	22
3	8	23
1	3	20
2	5	22
2	4	20
7	10	27
5	7	25
6	9	27
7	7	26
11	14	39
3	7	21
3	7	20
2	7	21
2	4	20
2	5	22
5	7	23
7	10	29
3	7	22
7	8	25
7	9	24
10	12	29
3	8	24
4	7	25
4	6	22
3	5	22
1	2	22
1	2	21
10	12	37
5	8	30
4	8	24
4	7	23
4	8	25
9	10	29
4	7	22
3	12	30
2	8	30
7	11	31
6	9	28
3	7	26
6	9	31
14	18	46
15	21	51
6	9	26
5	8	28
0	14	91
0	18	91
4	7	28
3	7	22
4	6	21
5	9	27
5	7	23
6	7	24
5	8	23
0	38	90
2	6	21
8	8	26
10	12	31
5	9	23
9	13	30
8	12	30
0	6	60
1	2	21
5	10	24
3	4	23
3	6	20
7	8	27
2	3	23
3	8	22
0	2	25
0	12	89
8	9	30
3	7	20
4	8	24
8	10	32
4	7	25
3	8	23
4	9	25
3	3	20
5	10	27
3	9	25
3	8	24
1	5	22
6	10	32
3	5	21
6	9	27
7	10	31
5	11	26
5	10	25
4	12	26
2	10	24
4	8	25
5	11	26
4	11	27
5	10	27
6	9	26
6	9	26
3	10	24
2	5	21
4	10	24
4	8	24
4	7	25
2	6	21
4	8	23
2	7	21
0	9	91
0	10	90
1	3	22
0	3	21
0	16	87
0	9	91
0	2	91
0	5	91
0	0	91
0	0	90
4	6	26
3	7	25
4	8	23
3	6	22
2	5	21
3	6	22
2	7	22
4	8	24
4	6	23
0	12	84
0	27	90
4	6	22
4	11	25
0	23	90
3	7	23
4	9	24
3	6	22
7	9	27
3	6	22
3	7	23
5	12	31
6	11	30
1	4	21
3	7	23
3	9	23
5	7	25
2	7	23
4	8	24
3	7	22
3	6	22
10	14	37
3	8	23
3	6	21
3	6	24
7	9	26
7	9	26
2	6	21
5	7	23
8	15	37
7	13	31
8	9	28
6	10	25
0	29	91
3	11	24
1	6	22
7	8	26
2	27	91
3	6	22
6	10	30
5	10	27
4	9	26
3	8	25
2	7	21
2	8	22
1	5	21
7	11	29
2	6	21
8	10	27
4	5	23
2	7	22
2	6	21
2	5	20
5	12	29
6	13	34
7	14	33
3	7	25
4	7	22
2	6	21
3	6	20
3	6	23
2	9	25
4	7	23
3	5	25
4	5	23
5	10	27
2	5	21
3	5	22
6	8	25
4	7	24
4	6	23
6	5	23
8	8	32
8	13	33
6	9	31
1	4	21
1	6	20
0	-1	90
8	9	31
5	8	24
11	11	31
6	8	26
6	9	25
9	10	29
7	9	33
0	25	90
5	8	23
2	6	21
6	13	32
7	12	32
1	6	21
8	10	30
3	8	26
11	14	33
6	11	30
2	9	23
7	9	27
8	12	29
9	12	30
6	9	26
4	6	25
4	7	23
6	10	28
4	8	24
1	5	22
6	8	26
1	21	91
8	11	29
9	12	29
8	11	32
4	8	24
6	11	29
1	3	23
3	7	25
4	5	25
7	8	26
2	4	22
2	5	23
6	9	28
8	11	33
6	10	25
6	10	24
5	11	28
3	7	25
3	7	22
4	5	22
2	7	23
10	13	36
7	9	25
2	5	20
3	5	22
1	5	21
4	7	23
6	9	28
7	13	30
3	7	20
9	13	31
2	6	21
5	8	23
3	8	25
2	7	22
3	7	21
3	7	21
4	8	27
4	8	26
2	6	23
4	7	23
4	7	22
2	6	24
3	6	24
7	14	32
5	10	30
0	29	91
4	7	24
2	6	21
2	6	22
2	7	23
3	6	22
7	10	30
2	5	22
4	7	24
5	6	25
7	7	31
6	5	25
6	5	25
1	3	20
2	6	22
15	15	50
7	13	32
3	9	27
3	5	25
2	6	20
8	10	31
7	12	29
5	13	28
6	9	30
5	8	30
2	6	21
2	4	22
5	7	24
2	7	21
3	6	21
4	8	24
3	9	25
3	7	23
4	6	22
4	6	23
5	7	25
3	9	21
5	23	90
8	11	31
4	8	22
6	11	31
1	21	91
1	3	22
3	10	23
7	10	27
5	-1	91
6	10	28
2	6	21
0	5	22
8	9	30
6	11	26
5	7	28
2	6	23
5	9	23
2	3	20
11	11	34
8	9	26
3	5	24
7	7	32
0	3	21
7	8	27
4	5	24
3	6	21
2	9	26
0	3	91
3	6	24
3	10	25
1	6	20
7	13	31
5	7	23
4	9	22
6	11	30
7	11	36
6	9	31
4	7	27
3	14	31
3	7	22
1	9	21
0	2	22
2	6	24
3	8	22
2	5	21
3	5	23
3	7	21
5	8	24
5	8	24
3	5	22
2	5	21
3	4	22
3	24	90
9	10	36
8	9	29
8	9	28
0	20	91
6	10	27
3	8	22
2	4	23
2	2	25
7	10	28
7	8	27
0	13	90
1	3	20
7	8	26
4	11	26
4	7	24
5	15	34
6	12	32
3	5	23
4	36	90
6	6	24
8	11	29
4	4	22
5	9	26
2	4	22
6	8	23
8	11	33
8	10	27
2	5	21
4	9	23
6	14	31
7	12	27
6	9	25
4	7	23
5	6	25
5	9	24
5	9	25
3	7	22
1	4	21
1	6	20
5	7	23
2	8	24
4	8	26
3	6	20
9	10	31
8	10	33
6	8	23
2	4	20
6	8	25
8	32	91
8	33	91
5	8	26
5	11	28
2	8	22
5	10	27
6	7	26
2	7	22
3	5	22
3	11	25
3	11	24
3	4	21
3	5	22
4	10	25
3	6	22
6	9	23
3	5	21
3	7	23
2	3	22
3	5	24
6	5	34
3	6	29
2	4	26
3	6	23
5	8	24
5	10	29
5	9	26
4	5	22
7	10	28
8	12	33
6	9	27
5	10	26
5	8	24
3	7	23
15	17	42
5	7	24
8	11	31
6	16	32
2	6	24
0	16	91
0	21	90
8	9	29
6	8	27
5	8	27
0	0	90
2	7	25
0	8	90
7	7	29
4	6	22
5	8	25
7	8	25
3	7	22
5	8	23
6	11	30
8	10	31
6	9	27
2	10	24
5	8	25
4	8	25
5	7	27
4	6	26
4	8	23
2	6	25
4	8	24
10	13	34
10	14	33
10	13	29
3	6	21
2	6	21
4	7	24
4	9	30
3	6	23
4	8	26
3	7	23
5	8	25
6	13	28
2	10	23
8	10	30
2	5	28
4	7	23
10	13	34
1	5	23
3	5	22
5	9	24
0	9	91
3	7	22
5	12	33
5	9	25
5	7	30
4	10	30
7	9	26
5	7	23
5	5	23
8	11	30
7	12	30
6	10	24
2	8	22
6	11	27
1	6	21
6	7	24
0	16	90
0	18	91
0	4	21
6	9	26
5	9	25
0	3	22
8	10	27
6	8	24
4	6	23
6	8	26
8	8	32
5	8	25
0	3	20
0	6	21
8	10	32
8	8	31
5	7	24
5	7	25
5	8	24
4	8	31
4	7	23
3	6	26
2	6	22
0	9	91
7	9	31
5	24	91
6	23	91
7	11	31
4	7	24
6	9	30
7	8	32
4	7	22
4	7	22
5	9	28
1	3	23
6	8	24
2	7	21
7	11	30
7	10	31
2	5	23
2	7	25
3	7	23
2	6	22
2	6	21
3	5	24
2	7	24
1	2	21
0	1	75
10	15	31
5	9	25
1	7	22
0	13	90
4	8	22
2	7	22
2	6	22
3	8	22
4	7	25
6	9	28
2	6	22
8	11	30
3	8	24
5	8	24
11	12	35
9	11	35
7	12	30
7	9	26
2	7	20
3	7	24
8	11	25
4	7	24
3	37	91
7	11	27
0	18	90
6	10	29
6	11	30
6	10	28
5	8	25
5	10	27
6	9	25
8	10	31
1	6	22
3	9	23
3	8	21
3	6	24
2	4	22
1	4	89
1	4	63
5	7	25
2	7	21
6	29	88
3	6	22
4	6	23
6	10	24
4	8	23
9	9	32
7	11	28
5	9	25
5	6	24
1	7	21
0	3	52
5	-1	91
3	11	25
4	7	23
5	7	25
6	11	31
7	10	29
0	1	22
4	5	22
1	4	24
4	6	23
0	33	90
9	10	37
2	5	22
2	6	23
5	8	24
3	6	23
3	8	23
4	8	22
3	7	23
8	8	27
5	6	23
4	7	22
3	7	23
3	7	25
3	7	24
2	6	21
5	9	24
8	11	30
3	8	20
2	4	22
5	12	26
11	13	35
3	4	22
2	5	22
8	8	24
4	6	21
10	11	33
4	10	26
4	7	23
5	8	22
8	11	30
11	14	35
6	10	27
5	9	28
5	11	27
5	12	31
6	16	33
6	12	29
6	11	30
5	11	27
8	11	30
7	12	33
4	11	27
4	10	26
5	11	31
4	11	30
6	8	28
6	7	25
3	6	22
3	6	22
0	-1	90
6	10	25
0	10	91
0	10	91
3	5	23
7	27	89
6	10	28
3	5	21
5	11	23
3	5	23
8	9	27
7	7	26
10	11	31
1	16	91
2	7	21
1	7	22
4	7	23
3	8	23
7	9	25
6	9	24
5	8	24
6	8	24
2	5	23
2	5	23
2	5	21
2	6	24
2	5	21
6	13	31
6	11	30
6	11	30
4	8	22
4	7	22
4	7	26
4	7	26
4	8	23
5	6	25
5	8	25
22	19	57
1	4	22
5	12	27
3	5	21
4	8	21
5	8	25
8	11	26
2	7	21
7	10	29
5	8	24
2	7	21
2	6	20
4	7	22
3	8	22
3	6	21
5	9	24
8	13	30
4	7	23
4	8	23
2	6	21
2	20	91
6	11	31
1	4	20
11	10	36
9	13	31
11	13	33
1	9	22
3	6	23
4	9	25
4	7	25
5	9	27
4	7	24
0	32	90
6	7	24
2	7	22
4	9	26
5	7	23
2	7	21
0	1	91
0	-1	90
0	0	52
7	11	28
1	3	22
7	8	26
9	12	31
8	12	30
10	15	36
2	5	21
1	2	22
6	9	25
6	8	26
4	7	26
5	8	24
6	14	30
3	4	21
1	6	22
2	7	22
0	5	79
5	7	25
1	5	22
1	2	21
10	10	35
3	9	27
3	7	30
3	9	26
9	13	33
7	10	30
5	10	25
3	7	24
2	8	21
2	5	21
5	8	26
4	8	27
3	8	24
8	9	26
8	9	29
8	9	32
7	9	34
7	9	31
5	25	91
7	13	31
3	7	25
3	6	22
9	7	34
5	8	25
1	18	90
4	9	25
3	8	23
5	9	24
6	9	24
7	12	31
2	10	25
4	9	24
3	9	23
2	7	21
4	8	26
1	37	91
2	5	22
5	7	23
6	13	34
3	9	30
3	10	23
4	8	23
2	8	22
3	9	26
3	6	23
4	8	24
6	8	22
8	8	25
5	7	23
6	8	24
4	6	22
4	6	21
3	6	23
3	5	22
6	9	25
1	7	21
9	10	35
8	8	28
8	8	29
7	11	33
10	13	32
4	6	23
7	8	31
6	9	30
2	6	21
3	6	24
1	6	21
2	7	21
0	10	90
4	7	22
6	11	28
6	9	27
7	12	28
2	5	20
3	7	23
1	4	21
1	5	20
2	5	22
0	12	91
1	4	21
2	8	21
2	5	20
2	4	22
8	10	26
6	10	30
3	23	91
9	10	38
10	10	37
9	7	33
8	12	32
5	10	27
6	10	31
5	8	27
3	7	23
4	10	27
7	10	30
6	11	30
5	10	26
4	10	24
6	9	24
4	9	24
3	8	23
5	5	24
6	9	24
2	6	21
9	14	35
10	13	35
7	11	27
4	7	22
8	10	33
9	11	31
11	11	33
8	10	30
9	12	28
8	12	30
10	14	32
10	12	31
8	13	32
10	12	29
9	12	29
10	11	28
4	8	22
6	10	30
6	10	27
5	7	23
8	12	31
3	4	20
8	10	28
7	9	26
3	7	23
1	6	22
4	8	25
3	5	25
2	10	22
4	8	24
2	3	24
3	4	23
4	5	25
3	6	23
0	21	87
4	6	23
5	10	24
5	-1	91
2	13	91
2	10	91
4	8	21
6	11	30
0	10	90
0	10	91
8	10	29
6	9	25
8	10	26
9	11	28
6	9	28
2	29	90
7	10	32
8	10	31
8	15	37
8	13	35
5	11	31
4	8	24
5	9	25
4	9	24
6	12	31
7	10	31
6	10	29
5	9	29
3	8	24
6	12	25
2	7	20
4	8	26
0	27	90
12	13	38
7	11	30
5	36	90
7	12	29
2	9	23
3	8	22
4	7	24
6	5	24
2	4	23
1	4	22
1	4	21
7	13	30
0	3	22
7	9	26
3	7	22
4	9	25
3	7	22
2	5	22
4	9	24
3	10	26
10	12	34
8	11	29
5	8	24
2	4	22
11	11	32
9	12	33
0	9	90
0	9	91
2	7	22
5	7	23
7	10	27
4	10	31
9	8	37
6	8	26
0	4	20
6	7	25
4	7	24
3	7	24
3	6	23
4	5	23
7	7	25
3	7	23
3	7	21
1	36	90
5	9	26
2	5	20
4	9	30
6	8	23
3	6	22
2	4	21
7	9	25
7	8	26
5	9	25
5	6	27
7	6	26
2	6	22
1	5	22
0	13	91
3	7	21
3	7	22
9	12	31
5	11	26
9	11	37
6	9	26
2	7	22
3	3	23
11	9	36
12	12	40
9	8	36
7	8	32
6	7	25
5	7	25
2	4	22
3	8	24
7	7	31
9	11	32
5	9	24
4	5	22
7	11	32
0	3	21
0	3	20
2	9	20
7	9	31
10	14	37
8	13	33
2	5	22
4	8	25
5	10	26
4	10	24
7	10	30
5	10	30
7	12	28
2	7	24
3	7	23
7	11	30
5	11	31
4	8	24
4	8	22
9	12	33
8	11	28
2	4	20
3	7	23
3	6	21
2	10	25
2	9	24
3	6	21
3	8	23
1	6	21
1	6	21
5	12	23
5	9	26
1	4	22
3	6	24
5	7	24
5	9	30
6	9	27
5	7	23
5	6	23
2	8	20
3	6	22
2	7	21
8	10	26
8	12	27
9	12	29
3	5	30
4	6	31
2	5	21
7	7	25
7	13	34
7	11	30
4	7	23
5	8	24
5	11	27
9	13	31
8	11	31
0	4	22
0	4	21
8	9	31
0	14	91
3	7	25
2	8	22
2	7	21
2	7	25
1	23	90
6	7	28
4	10	25
4	8	23
4	11	31
3	9	25
4	9	25
4	9	24
4	10	25
3	8	23
7	10	30
0	32	90
1	5	20
9	13	33
5	9	24
4	10	25
5	9	24
3	7	23
4	7	28
2	4	23
1	11	90
5	12	28
0	22	90
0	23	90
7	8	27
5	9	24
6	8	31
8	10	32
5	12	27
6	9	30
6	9	27
4	5	23
2	6	22
2	5	21
2	7	23
4	6	22
4	9	27
3	10	26
4	7	25
3	7	24
9	10	29
8	15	33
8	7	31
3	9	26
4	7	25
2	4	22
8	9	32
4	11	25
3	7	22
6	7	29
0	1	21
3	6	24
7	12	28
7	8	28
2	6	23
6	12	33
6	12	30
7	11	26
7	10	27
4	7	25
4	9	25
2	8	22
7	11	29
6	7	27
5	6	24
3	9	22
2	9	24
4	9	30
5	9	23
2	6	22
1	6	20
4	6	23
6	10	33
4	7	23
4	8	23
6	10	32
3	7	22
3	6	24
3	6	24
3	8	24
9	11	31
6	12	34
3	6	22
3	7	25
4	7	24
4	7	26
9	11	33
3	7	21
1	5	23
0	5	25
3	7	23
6	11	28
0	9	91
0	9	91
3	8	23
8	9	29
6	9	30
4	25	91
7	13	35
9	11	36
5	8	25
3	7	23
6	12	33
7	14	33
5	7	24
15	16	41
3	5	22
1	5	20
3	8	24
6	10	26
3	6	22
1	6	21
1	5	20
2	6	21
4	6	24
8	9	32
4	9	25
3	8	24
4	8	23
4	7	23
2	2	23
7	8	27
3	23	90
0	14	84
0	13	84
9	12	33
1	6	25
6	9	30
3	7	20
9	8	30
8	8	30
7	8	28
8	6	27
0	2	21
2	3	21
3	7	26
6	8	24
9	-1	91
6	8	24
5	9	25
4	8	24
3	11	26
5	11	25
0	30	90
6	6	24
6	11	31
5	12	30
6	9	26
5	10	30
5	6	24
4	6	27
6	9	25
5	11	25
6	9	24
5	11	31
6	12	31
1	7	21
8	9	25
5	7	23
4	7	24
1	4	22
4	8	24
7	9	25
7	11	26
6	9	26
8	10	30
2	6	23
4	5	22
3	9	23
6	9	25
2	7	21
6	10	24
7	8	30
2	6	21
7	12	27
0	11	90
2	4	21
6	9	21
3	8	22
8	10	30
4	8	25
5	9	25
6	10	28
5	12	26
3	6	22
3	7	21
0	13	89
2	4	23
5	7	25
5	9	26
2	8	22
3	6	23
2	5	22
4	9	26
4	6	25
2	7	25
2	3	22
3	6	23
3	9	25
5	10	26
8	12	34
9	11	29
5	7	24
3	5	26
3	6	22
5	5	24
6	10	26
3	6	21
5	11	30
1	3	24
6	10	32
1	30	90
9	15	29
9	12	28
6	10	29
4	6	24
3	8	23
4	8	25
4	6	33
7	8	31
4	6	25
5	9	24
6	9	25
4	7	22
2	5	21
4	7	23
0	13	91
4	7	24
0	2	24
7	13	32
11	15	38
3	33	91
10	12	34
5	9	27
4	8	26
2	6	21
7	9	29
4	7	23
2	9	23
2	7	22
2	6	21
3	5	21
7	9	26
4	11	27
8	11	31
3	8	23
8	7	31
1	5	21
4	4	23
2	6	22
1	6	22
9	11	32
3	6	26
2	4	21
3	6	22
3	6	25
3	5	23
2	4	22
3	5	23
4	9	24
5	6	24
5	7	24
2	3	22
4	9	26
6	6	25
0	3	20
5	6	24
6	11	33
4	7	24
4	9	30
3	8	23
4	7	23
3	11	31
9	11	32
8	12	35
8	12	34
1	4	21
4	7	23
5	8	26
7	9	25
1	4	20
1	5	20
1	7	91
0	3	91
0	4	91
3	8	25
2	7	22
3	6	24
6	10	30
3	5	24
3	6	24
4	7	24
3	9	25
2	8	26
3	6	24
4	7	22
7	9	27
6	8	26
7	10	26
0	9	90
4	5	24
6	9	32
7	11	27
1	6	25
2	4	22
3	5	24
2	2	22
2	5	22
1	5	20
4	8	23
3	10	25
6	10	25
4	11	25
4	10	26
2	7	23
1	5	20
2	3	21
7	7	26
10	10	31
3	36	91
2	7	23
4	37	91
2	34	91
6	9	24
3	7	22
4	9	25
7	9	29
4	7	23
3	7	24
3	6	23
4	5	23
2	4	21
8	11	31
5	7	26
3	5	21
9	9	28
7	10	34
3	9	26
3	8	25
4	7	25
2	4	24
4	6	21
8	12	33
9	10	29
8	11	32
9	15	36
8	13	33
8	10	29
2	4	23
3	7	22
6	7	27
5	6	24
6	7	25
3	8	24
9	11	31
8	10	31
1	4	20
2	7	22
10	15	34
4	7	23
3	5	21
3	6	21
3	7	22
7	10	32
2	29	91
5	10	24
4	10	23
1	3	31
7	9	28
3	5	22
5	9	30
5	11	27
6	6	23
9	13	32
9	11	30
3	6	22
7	8	25
7	9	27
6	9	25
3	6	28
11	13	35
0	10	91
7	8	26
6	10	26
5	9	25
8	11	32
5	11	30
4	11	31
5	12	32
8	12	27
13	15	43
9	12	35
9	13	33
12	13	37
7	10	28
3	6	22
4	5	22
3	6	21
4	7	26
5	9	25
8	13	30
2	8	20
8	10	33
2	10	24
4	9	23
5	11	29
4	9	25
3	9	25
3	9	26
4	8	27
4	7	26
3	6	22
6	10	35
6	8	25
5	6	30
4	8	23
4	8	24
1	5	22
5	10	26
4	5	24
6	6	25
5	8	26
5	6	25
2	6	23
2	5	23
2	5	22
2	6	22
6	13	30
2	7	23
5	12	30
2	6	22
4	6	24
3	5	22
4	10	30
6	9	24
7	9	30
7	9	29
4	23	90
11	15	36
5	10	26
4	11	25
1	3	23
2	5	24
4	10	25
3	9	27
1	8	24
3	5	22
3	7	24
7	11	30
9	13	32
2	29	91
3	29	91
2	29	91
3	28	91
1	28	91
1	28	91
2	11	24
3	6	22
5	7	23
3	6	24
6	14	30
3	10	22
0	11	90
6	10	27
3	6	23
2	5	21
3	4	23
5	7	23
4	6	21
3	7	22
2	6	21
1	19	85
2	21	90
5	6	24
3	7	21
9	10	30
4	9	22
5	11	28
6	8	25
2	7	22
7	13	34
8	14	32
4	9	23
0	-1	90
8	11	30
0	11	90
4	13	36
6	20	65
6	11	26
3	5	22
6	13	30
3	7	21
4	9	24
6	7	24
6	7	33
7	10	30
7	11	31
3	6	21
4	6	22
7	9	28
3	7	21
3	6	21
2	5	21
2	6	22
4	7	26
7	7	24
10	11	35
2	5	21
3	8	22
5	9	26
4	8	22
6	7	26
2	6	21
2	7	26
5	8	25
3	7	21
3	6	21
6	10	25
6	24	90
8	15	32
8	8	25
7	8	26
6	9	24
7	8	25
5	9	31
5	6	21
7	11	31
5	5	25
3	7	23
2	8	25
8	12	32
6	8	25
5	10	29
7	14	30
3	6	24
3	6	23
4	8	24
5	10	25
4	9	23
7	9	29
4	8	26
8	11	30
5	9	28
6	10	28
2	4	22
7	15	32
8	9	31
9	10	33
9	13	37
8	9	32
7	14	32
7	9	24
5	12	26
3	8	23
5	8	24
6	6	25
6	12	27
7	11	29
2	9	24
2	9	24
7	11	31
8	9	26
0	6	90
0	16	89
11	12	31
6	10	25
4	4	22
5	9	28
6	10	31
9	10	31
8	14	33
7	13	30
9	12	29
5	11	30
2	8	25
2	6	22
7	9	27
1	35	89
7	7	27
3	7	21
8	12	31
7	11	26
6	11	27
7	11	32
4	6	23
3	7	23
10	14	36
3	9	24
5	9	27
5	11	30
5	11	24
4	36	91
3	8	23
1	5	21
8	11	34
6	11	30
6	8	24
8	9	29
4	7	23
4	8	24
5	7	22
3	7	22
8	14	31
4	9	27
6	9	23
4	8	22
5	8	22
3	10	28
5	9	24
4	9	22
3	5	20
3	8	22
3	10	30
2	7	21
0	19	90
5	8	31
0	5	21
4	6	22
5	8	23
4	5	25
3	4	23
4	5	25
4	7	28
4	9	29
7	8	30
4	8	28
7	7	28
5	12	25
4	6	22
3	5	21
5	6	26
0	20	90
5	7	25
3	7	23
5	11	26
5	6	30
3	6	22
4	7	21
6	8	27
11	11	39
1	4	22
1	3	26
1	3	25
0	4	24
4	6	24
5	8	22
2	6	20
2	4	21
7	8	27
8	8	26
5	8	24
5	8	23
4	9	30
4	8	23
0	6	23
2	4	22
5	7	25
2	5	21
3	6	23
7	12	31
5	2	24
2	7	20
4	6	23
3	7	21
6	9	26
9	12	32
5	11	26
6	10	26
5	7	23
3	5	24
2	7	24
3	6	23
4	12	29
5	6	30
5	6	26
5	8	31
6	5	26
1	6	21
2	6	21
5	7	23
4	8	21
2	10	22
6	10	30
7	8	26
3	7	22
3	8	23
3	9	24
5	10	30
5	7	26
5	8	25
5	11	31
0	5	20
4	7	30
1	4	20
3	6	23
5	9	24
0	16	90
5	8	26
5	7	24
3	8	24
0	13	90
0	10	91
2	6	21
5	7	25
2	6	24
4	5	22
8	7	31
6	7	32
5	7	31
6	8	30
2	5	21
3	7	22
2	5	20
6	6	25
1	31	90
0	2	20
4	7	23
3	7	22
5	23	90
6	10	24
5	9	23
5	9	28
9	12	29
3	8	22
6	8	24
3	6	22
4	8	23
4	7	22
7	10	25
4	6	25
3	9	25
4	7	25
1	5	24
1	3	22
1	3	20
2	6	20
6	10	25
4	5	23
7	8	31
5	8	23
10	11	33
3	9	22
3	7	29
0	5	21
9	12	35
5	8	26
3	7	22
6	8	26
5	8	26
4	8	26
2	7	22
4	6	22
3	8	24
8	8	27
7	8	24
9	13	36
7	11	28
5	10	23
6	10	28
5	8	23
9	10	29
1	3	22
7	7	30
3	8	23
4	8	22
3	7	23
4	7	22
7	10	26
7	11	32
7	8	28
6	7	26
8	9	31
6	8	30
5	10	25
3	11	26
2	7	21
6	7	25
4	7	22
2	5	24
2	4	20
5	8	23
4	7	26
4	6	25
3	6	24
1	5	20
3	7	21
3	7	22
6	10	31
5	7	26
2	7	23
4	7	27
8	9	27
4	7	28
1	7	21
5	10	24
2	8	23
0	28	90
4	8	22
8	10	30
7	8	31
6	8	25
7	8	26
1	5	21
2	6	33
4	7	25
4	7	24
3	7	23
7	8	26
4	7	24
8	10	26
5	11	28
1	2	22
1	3	21
0	10	90
3	7	22
9	10	32
6	8	26
6	7	25
6	11	27
7	11	31
4	8	24
4	7	22
4	7	21
2	21	91
2	4	21
5	8	24
7	10	27
7	9	32
8	9	33
4	6	24
0	1	23
3	21	88
5	11	28
3	9	25
4	7	24
2	6	21
2	5	22
5	7	30
0	12	88
2	6	22
5	9	25
0	21	90
9	11	29
10	13	30
10	14	29
7	13	30
5	9	31
2	6	20
4	6	24
4	6	21
4	7	24
4	6	24
2	5	21
9	13	29
9	12	33
7	9	35
4	12	32
11	11	30
4	5	23
3	6	20
5	8	24
3	8	22
4	4	26
4	25	91
6	22	90
2	7	21
13	14	43
11	12	35
1	1	23
1	5	24
5	13	30
5	9	30
5	8	26
3	4	21
1	3	21
5	8	30
7	29	91
5	11	27
6	12	26
4	10	23
5	10	23
4	8	23
6	8	27
6	7	24
3	5	20
1	7	22
1	4	21
2	6	21
10	10	32
5	9	25
10	11	29
1	26	91
2	19	91
4	6	24
2	6	23
7	7	23
0	3	22
0	3	25
0	5	21
6	7	26
3	4	21
0	8	91
0	13	75
0	10	91
0	8	91
0	9	89
4	6	22
6	10	28
7	7	26
7	10	29
4	8	30
3	8	25
0	2	20
4	6	25
6	10	26
3	16	90
2	3	22
8	10	29
9	15	34
7	12	28
5	6	30
1	4	24
5	8	25
4	8	24
2	8	25
2	5	22
5	10	29
5	10	29
4	-1	91
5	8	24
5	9	24
5	9	26
4	30	89
6	7	25
6	7	23
5	7	24
7	31	91
7	32	91
6	-1	91
9	12	33
6	9	25
2	5	20
3	6	23
6	9	25
4	8	23
8	9	28
3	9	25
4	8	25
4	8	25
2	8	21
2	7	20
2	6	22
3	8	21
2	8	22
3	9	29
6	8	26
2	6	22
7	11	24
5	5	31
3	4	21
0	5	21
1	4	20
3	6	26
3	7	24
6	8	27
5	12	25
0	5	91
5	8	30
5	8	25
0	9	90
3	7	25
7	9	32
6	9	30
0	2	20
6	10	32
4	9	27
10	12	34
3	6	23
2	5	23
2	5	21
6	7	26
4	5	23
0	6	90
0	5	42
0	8	91
0	6	90
0	14	90
0	12	90
3	7	21
2	4	21
6	11	30
0	13	91
0	14	90
13	11	37
10	10	34
0	13	90
3	5	21
9	10	29
3	6	22
4	13	32
9	11	35
7	9	24
3	7	21
0	3	22
3	5	22
7	10	31
5	8	25
4	6	24
1	6	21
0	2	21
6	10	26
7	10	27
7	10	28
6	10	26
6	8	25
8	9	32
4	10	24
6	12	33
7	9	24
2	28	91
5	9	23
5	9	26
2	5	21
0	6	23
5	4	23
5	5	24
5	5	24
5	12	30
5	7	24
4	8	23
6	8	30
8	11	31
3	5	23
7	12	31
0	21	91
4	9	26
7	9	27
6	13	34
5	13	32
2	7	23
1	4	25
5	8	23
4	6	23
3	6	23
4	7	23
3	9	30
3	8	22
5	11	29
5	8	26
7	11	27
3	-1	91
5	25	91
7	9	28
4	8	30
3	7	21
5	7	24
4	10	30
4	8	25
5	8	24
2	6	22
2	5	22
2	6	21
4	9	25
4	7	26
7	12	33
3	4	23
6	8	25
7	6	25
2	4	21
5	10	27
7	10	31
3	7	21
4	8	24
3	7	24
2	6	20
9	12	30
8	12	27
8	10	27
7	11	29
6	11	25
6	10	30
2	8	24
3	4	23
2	5	21
9	12	30
2	7	21
3	6	22
2	6	21
10	13	33
11	11	29
3	4	22
3	5	23
3	4	23
4	6	23
3	10	23
3	6	23
4	9	23
3	7	21
3	6	24
3	6	22
11	13	36
10	14	33
10	12	33
6	14	31
4	8	23
4	8	26
2	4	22
3	7	23
4	8	24
5	10	25
4	9	25
10	14	32
9	14	31
8	15	32
7	10	26
9	11	28
10	14	37
6	7	30
3	4	23
6	10	26
5	9	23
9	11	33
3	9	24
2	7	24
2	7	20
2	23	90
6	13	27
3	8	24
9	10	30
5	10	23
5	6	24
4	7	23
3	7	23
3	7	21
3	8	21
1	5	21
2	5	22
3	7	25
2	11	27
0	2	21
2	6	23
4	6	23
2	7	26
7	7	28
0	9	91
0	12	90
2	8	22
7	9	33
4	6	25
6	10	25
5	11	30
1	6	21
0	27	90
3	6	23
0	0	39
1	6	36
0	8	91
4	9	24
3	8	23
2	8	22
2	6	21
2	7	22
4	6	25
3	4	23
2	6	22
1	10	91
2	6	24
2	9	25
10	11	34
3	6	23
1	5	20
2	3	21
3	6	24
3	6	25
0	12	90
2	5	22
4	7	25
2	5	22
2	3	21
10	6	34
3	6	24
3	6	23
4	7	22
4	7	25
5	8	31
4	9	25
8	7	28
2	5	22
11	11	37
3	5	21
3	6	23
5	7	24
2	8	22
4	6	23
3	7	21
1	4	20
0	10	90
3	7	25
3	5	23
0	18	89
2	5	21
9	11	35
9	13	36
3	7	24
4	8	26
2	6	21
3	8	23
3	7	21
4	8	23
4	9	26
2	5	22
2	1	22
7	12	28
1	-1	90
3	8	22
1	6	21
4	8	27
1	14	91
0	10	66
2	5	23
2	6	23
3	7	25
5	9	24
8	9	27
8	11	29
7	11	27
3	11	30
4	5	22
0	9	90
4	6	25
1	5	34
0	11	90
5	6	24
4	6	23
3	6	24
5	10	25
4	11	26
5	10	25
3	13	31
3	6	22
4	7	24
8	13	31
4	5	24
2	6	24
2	4	23
1	5	22
1	4	21
1	4	20
4	6	27
3	6	21
0	5	22
4	13	90
6	13	91
4	6	25
1	-1	91
1	-1	91
1	-1	91
0	-1	91
0	-1	91
5	8	27
1	3	24
6	8	24
4	39	91
2	5	21
2	4	21
2	4	21
4	7	22
6	10	26
0	10	90
2	5	23
0	8	89
0	2	89
2	5	20
3	8	22
5	7	27
5	8	33
2	8	21
2	7	21
2	2	55
2	8	22
1	6	21
1	3	20
3	5	21
0	20	91
7	9	32
2	5	22
2	5	21
0	11	91
0	12	91
5	7	32
0	10	73
0	7	54
1	20	91
5	7	27
4	8	25
0	3	20
8	6	27
0	15	90
0	12	91
5	10	27
5	8	25
3	8	23
1	7	22
5	9	26
1	20	90
2	6	21
6	8	26
2	5	20
4	6	24
6	6	27
5	6	23
6	10	30
2	6	22
6	11	30
3	7	23
4	5	25
5	6	23
1	2	56
5	8	23
3	8	26
1	4	20
3	2	20
7	11	28
5	7	28
6	6	24
3	6	23
5	7	25
8	11	31
4	9	24
4	4	24
2	5	21
7	9	23
7	10	31
3	7	24
5	6	25
0	3	20
4	6	23
4	6	24
1	5	21
5	9	26
3	3	23
9	8	34
3	7	22
2	6	21
1	5	20
3	8	26
3	7	25
3	9	27
3	6	23
4	7	24
5	12	32
6	11	31
7	9	29
6	8	25
5	10	28
4	7	25
4	9	25
0	24	90
3	7	23
3	5	25
2	6	22
3	4	21
4	5	22
4	5	23
3	5	22
8	10	31
6	10	25
4	7	23
2	3	21
5	5	24
6	8	30
1	40	91
2	24	91
3	5	21
3	5	22
2	9	23
3	9	23
3	4	21
6	9	28
0	4	21
2	4	21
4	9	22
8	8	32
3	5	22
6	10	30
3	9	28
5	6	25
1	2	20
5	5	26
5	7	24
8	11	32
3	7	21
3	7	22
7	11	31
3	6	25
2	6	22
2	8	23
2	4	21
3	5	20
1	6	20
2	6	21
4	4	24
2	7	22
4	8	23
3	7	21
4	7	27
0	4	22
2	4	21
2	21	90
6	12	34
1	6	22
6	9	24
3	8	24
0	8	89
0	16	91
8	6	29
4	6	21
2	37	91
3	7	24
6	8	31
2	8	23
3	7	23
0	10	91
0	9	91
7	8	27
3	4	23
2	4	21
0	-1	91
3	8	23
4	7	21
3	6	21
6	5	27
5	7	27
0	16	90
0	16	88
6	9	29
1	6	24
1	5	23
0	6	22
0	2	21
6	7	25
3	10	22
5	12	35
4	9	27
4	8	25
2	4	25
2	5	20
3	6	22
3	7	21
1	5	21
2	4	22
0	12	90
2	4	21
4	6	24
3	7	21
5	8	22
4	8	24
2	3	21
2	5	20
0	12	89
0	12	91
6	9	30
6	8	27
5	7	25
5	9	26
4	7	25
6	9	25
6	10	26
7	10	32
4	8	28
4	4	22
7	9	25
6	8	29
5	8	26
5	8	26
0	2	22
2	6	24
2	3	22
5	8	31
2	5	22
4	6	26
3	8	22
1	21	90
4	6	23
0	8	91
0	7	90
3	6	24
3	2	22
9	9	30
7	10	27
8	9	28
3	4	23
1	4	20
4	7	24
0	2	21
5	9	30
4	8	27
3	5	23
4	7	22
5	11	31
5	7	25
5	9	27
5	9	26
4	8	24
7	6	33
8	9	32
5	8	26
5	8	25
3	6	23
5	11	25
8	10	31
4	6	23
5	7	26
5	7	31
1	4	22
2	7	24
5	7	23
6	8	25
3	3	24
1	6	21
7	8	27
6	5	26
8	8	27
4	4	23
2	9	91
3	-1	91
3	23	89
6	11	32
2	6	25
2	5	21
10	13	36
6	8	26
5	9	30
4	8	34
0	31	88
5	10	30
4	7	24
0	16	91
0	4	22
0	2	20
7	7	33
5	8	31
2	5	21
6	10	32
0	11	91
0	6	91
1	13	89
4	6	23
6	9	27
6	8	26
1	6	21
2	6	21
0	5	21
8	12	30
4	4	23
4	6	23
2	5	20
3	3	23
0	8	21
4	5	25
6	12	27
7	9	26
2	6	22
5	9	23
7	10	28
3	7	26
5	6	26
2	6	22
9	12	31
8	12	31
8	15	36
7	11	28
1	6	22
3	6	24
1	32	90
5	9	25
2	25	90
1	17	90
1	33	89
5	14	27
0	8	90
0	7	91
3	5	21
4	9	24
2	6	22
4	9	31
2	7	22
0	3	22
8	15	34
0	12	91
0	8	91
0	6	21
3	6	22
3	6	22
3	9	25
6	9	26
5	8	25
6	6	24
8	12	33
3	4	25
9	10	26
4	6	23
10	12	34
5	10	29
2	11	82
4	8	31
1	7	20
6	8	29
7	10	33
4	7	22
8	11	32
9	12	29
5	7	25
2	4	21
1	5	21
5	5	30
3	10	24
9	7	33
3	6	23
5	5	30
4	5	23
3	17	55
6	12	32
5	5	26
4	6	25
1	7	51
6	8	24
3	7	21
6	7	25
2	5	21
1	8	22
1	6	20
2	3	21
4	7	23
0	12	90
7	7	25
4	6	24
4	8	35
0	12	90
2	5	21
3	22	91
4	4	23
5	5	24
5	5	23
3	3	24
1	-1	91
1	-1	91
0	-1	91
4	6	23
3	6	22
11	16	38
12	15	37
10	15	36
10	15	35
11	18	38
9	17	37
1	4	21
1	2	21
0	11	91
0	14	91
3	8	23
2	7	22
0	37	90
5	8	25
5	8	26
5	9	28
5	7	25
10	15	37
6	9	24
5	9	27
9	9	30
9	10	28
3	9	24
3	7	23
2	7	22
6	9	27
4	5	29
8	11	31
11	11	32
5	10	30
8	13	34
7	8	27
5	8	24
5	8	26
5	8	25
1	5	24
0	3	20
3	7	23
1	32	90
4	7	26
2	6	20
7	10	33
7	6	24
3	3	22
4	5	25
4	7	24
4	5	30
6	8	32
3	6	23
6	6	26
8	8	30
6	8	25
6	8	25
3	4	24
3	4	25
0	1	20
1	4	22
6	9	31
6	8	26
2	5	21
0	1	21
1	4	20
5	11	31
2	4	24
2	4	21
4	5	23
5	7	25
5	7	27
3	7	24
1	7	22
0	3	22
3	6	22
4	7	21
10	8	32
2	5	21
0	9	90
0	9	86
0	11	91
2	5	21
3	8	20
6	9	26
2	6	22
2	6	21
4	6	25
2	6	23
2	4	21
0	9	91
0	5	90
3	6	23
5	6	25
2	5	20
3	7	25
3	7	22
2	4	23
2	3	22
1	4	21
6	12	30
2	8	22
0	6	21
3	6	21
3	5	24
4	5	23
5	7	23
4	9	25
6	11	27
6	12	30
14	13	41
13	12	38
13	11	37
11	11	36
2	6	21
2	7	22
6	6	23
4	8	24
4	8	24
5	9	31
1	11	89
0	7	90
0	9	91
0	12	91
4	7	26
7	9	31
6	9	26
5	7	23
4	7	22
3	8	25
3	8	24
3	5	23
0	4	24
12	15	37
12	14	34
12	14	35
2	4	23
4	5	23
2	5	22
3	6	21
6	10	30
7	9	26
8	9	25
7	7	26
6	9	27
2	5	21
3	5	22
2	5	21
3	6	22
4	7	23
3	7	24
4	10	25
3	9	22
4	-1	91
2	37	90
0	37	90
8	13	31
10	12	35
4	6	24
6	6	24
3	6	27
3	6	22
4	6	23
2	4	23
7	13	32
6	8	26
5	8	26
7	9	30
5	7	25
6	9	27
7	9	27
4	9	23
4	8	24
4	6	23
3	7	22
4	8	25
3	9	23
4	9	22
3	10	24
7	12	32
4	10	23
4	11	25
3	11	25
4	10	25
2	8	22
2	7	21
5	8	26
1	8	20
6	8	25
2	3	22
4	8	23
9	42	91
23	29	66
5	8	24
2	6	20
6	11	24
0	20	90
7	10	29
5	9	31
4	7	27
3	6	24
6	8	28
3	8	21
3	4	21
6	5	24
5	9	26
4	7	26
1	9	81
0	10	91
2	6	23
4	9	30
7	9	30
0	33	90
2	4	21
4	7	23
1	6	20
2	7	23
4	9	23
3	9	23
1	3	21
4	8	23
1	3	21
1	4	22
8	15	34
3	5	21
6	9	25
8	13	33
8	11	30
6	10	30
3	6	21
3	6	21
3	7	23
8	9	25
9	11	31
3	6	21
3	6	23
0	6	89
4	7	23
7	8	28
3	6	22
3	8	22
6	8	22
4	10	27
1	13	91
4	8	21
1	3	20
2	4	21
5	6	25
6	7	28
2	6	21
2	8	22
6	8	27
8	11	30
0	22	91
1	4	22
7	9	29
9	27	90
2	7	21
8	10	30
3	6	23
3	7	22
4	7	23
6	12	31
6	9	25
1	10	24
10	12	35
7	9	32
2	7	22
3	5	22
7	15	38
1	3	21
0	4	21
2	7	25
3	7	24
7	12	30
5	8	26
6	7	24
3	35	91
0	36	90
2	6	21
5	7	23
2	6	24
3	5	23
1	6	22
2	4	21
2	4	20
4	6	22
8	13	32
8	13	31
6	10	23
4	7	23
4	7	22
3	41	91
3	40	91
8	7	29
2	5	22
3	7	24
3	3	21
3	5	23
9	12	32
7	11	28
7	12	32
7	12	28
5	8	26
5	11	30
5	6	25
2	22	90
3	-1	90
4	8	23
8	13	31
7	7	30
2	6	22
0	2	91
5	10	23
2	9	23
7	11	27
7	10	25
7	6	25
6	9	32
7	11	29
8	11	32
8	14	33
8	10	31
8	12	28
4	27	90
7	10	25
2	7	21
2	7	23
7	10	25
3	9	24
5	8	24
7	14	31
7	14	32
6	8	24
1	4	20
1	5	21
1	4	22
5	7	25
3	7	23
1	3	21
7	7	28
7	8	27
0	25	91
7	12	30
4	10	24
1	3	21
6	11	27
5	8	25
6	8	25
0	1	24
0	2	25
0	3	24
0	3	23
1	32	90
3	9	32
4	7	25
4	7	27
3	7	21
6	8	26
0	2	21
8	8	27
3	6	22
5	7	26
0	26	90
3	8	22
8	11	28
7	11	27
7	9	27
4	7	22
5	25	91
5	25	91
6	8	25
5	6	24
4	10	24
4	10	24
3	8	23
4	8	22
4	8	21
3	8	20
3	4	21
2	5	22
10	13	31
9	12	33
9	11	29
9	9	29
1	4	20
0	6	90
5	6	31
0	4	24
5	10	25
4	9	24
1	3	21
0	16	91
0	16	90
6	7	31
5	9	26
2	5	22
5	10	31
6	8	26
3	7	25
3	7	23
4	8	23
5	10	25
5	9	23
2	5	20
4	9	23
3	4	20
3	4	20
2	6	20
1	4	20
2	5	20
4	7	23
3	5	21
2	3	21
0	8	90
0	10	91
5	9	23
3	9	21
2	7	21
7	13	32
3	6	23
1	3	22
3	7	21
1	3	22
5	7	26
10	17	35
4	7	21
5	8	32
8	12	32
2	5	23
2	4	21
3	5	23
5	5	25
2	7	22
9	8	30
6	8	30
6	10	31
4	9	30
7	9	29
4	10	27
3	9	24
5	7	25
4	7	25
6	9	26
0	3	91
4	7	24
4	8	23
5	9	26
2	3	21
2	3	21
5	25	89
5	34	90
3	6	26
3	6	22
4	6	24
5	10	30
3	7	24
0	4	20
8	11	29
6	11	28
2	4	20
2	7	24
2	5	21
2	7	25
3	6	25
4	8	25
3	6	21
6	13	29
5	9	25
5	9	25
6	10	26
3	5	21
4	6	23
3	5	22
4	8	23
3	8	23
6	7	30
4	10	25
5	9	24
6	9	25
0	39	89
2	37	87
0	36	89
1	5	20
8	12	39
8	8	30
7	10	32
8	9	25
2	7	20
5	8	24
8	8	30
3	6	21
16	19	48
12	15	41
23	29	75
12	18	48
13	17	45
13	16	42
11	14	37
11	14	39
11	13	35
9	12	30
10	13	38
12	15	39
11	14	38
11	11	34
9	12	32
10	11	35
27	35	91
28	34	91
28	31	87
28	33	91
28	32	91
27	32	90
26	30	88
26	31	88
12	12	38
9	10	33
11	13	42
10	10	30
11	13	40
10	10	36
10	13	37
13	13	44
12	13	42
11	11	32
0	15	90
10	13	32
2	4	23
2	4	22
0	8	90
5	6	27
7	21	42
7	24	91
2	6	20
2	8	21
9	12	33
9	11	32
7	9	26
4	7	21
5	5	21
10	15	33
2	4	20
7	11	30
5	12	32
0	8	91
0	16	89
6	7	26
4	7	23
2	7	20
1	4	22
4	7	22
5	9	31
2	4	21
6	10	30
3	6	22
2	2	21
2	3	22
0	21	90
3	6	24
6	7	24
5	6	24
1	5	20
6	8	25
6	9	26
4	10	30
6	7	26
5	7	26
2	10	26
2	5	21
5	9	26
4	8	24
4	8	24
4	7	23
1	6	21
2	6	21
3	8	25
1	21	91
4	8	24
11	12	31
3	5	22
6	9	30
5	8	30
5	4	25
9	12	32
0	27	90
0	28	90
0	26	90
0	7	91
0	4	22
4	9	26
2	7	23
2	7	25
0	7	91
1	6	90
2	7	22
2	6	21
1	4	23
2	6	20
0	23	91
0	24	91
1	25	91
1	25	91
3	9	25
3	7	24
3	5	24
4	7	24
3	8	25
3	5	24
5	7	24
1	7	21
4	9	24
3	8	24
2	6	24
2	6	23
6	11	31
0	3	22
6	6	28
2	6	23
9	11	33
4	6	24
4	9	24
3	5	24
6	11	30
3	7	23
3	9	26
3	8	24
4	10	26
7	6	30
9	11	37
7	7	27
7	7	27
7	9	29
6	8	27
0	1	20
2	6	21
2	7	23
3	9	25
3	6	22
4	4	24
2	4	20
2	4	21
5	6	24
6	9	26
3	5	20
0	5	20
4	4	24
3	3	22
9	10	29
8	10	34
1	3	21
4	11	29
3	12	27
3	9	25
3	10	26
0	8	91
0	10	91
6	6	25
1	2	21
11	12	35
11	11	34
7	10	28
0	13	88
2	7	22
0	4	21
1	2	21
0	3	22
4	6	26
2	2	22
0	3	90
0	4	88
0	3	71
8	12	28
3	5	23
7	39	91
1	4	22
2	25	88
0	9	90
0	6	91
5	7	25
4	8	23
5	8	26
6	8	25
2	5	23
5	6	25
4	6	24
4	5	22
4	9	26
3	7	23
5	8	30
2	5	24
2	5	22
8	10	27
2	7	22
5	9	26
3	7	24
6	9	26
4	9	26
3	6	21
1	6	21
9	9	29
3	10	23
4	8	24
6	4	23
4	8	23
3	6	23
4	6	24
2	6	22
2	6	22
4	8	21
6	6	24
5	9	27
4	9	23
5	8	25
5	8	30
5	8	28
0	10	90
0	12	89
6	10	26
6	8	25
6	8	26
8	10	31
10	12	32
2	6	21
2	8	22
2	8	22
7	8	26
1	2	22
7	15	32
5	8	24
5	8	25
5	9	26
6	13	31
6	10	27
8	10	30
3	7	22
3	8	22
3	7	22
7	11	25
5	10	28
4	10	27
0	5	20
4	8	23
8	10	28
5	10	32
6	11	30
8	8	27
4	8	25
4	8	26
4	7	23
0	10	91
0	8	90
3	8	24
2	4	24
4	9	25
4	7	22
8	10	27
3	6	26
0	-1	91
0	9	90
8	11	32
9	12	32
4	7	24
0	9	90
0	11	90
2	8	22
5	6	26
6	7	23
3	8	22
2	8	22
4	7	23
6	9	25
4	9	23
3	5	21
1	8	91
0	5	90
3	8	23
5	7	25
0	4	20
2	32	91
3	4	20
2	25	90
9	10	29
8	11	28
5	7	31
0	6	22
7	9	31
3	8	23
2	8	22
4	8	24
4	6	21
4	7	23
9	10	34
2	6	21
4	8	26
7	11	32
5	11	28
6	9	26
4	7	30
4	7	23
6	5	24
3	5	21
2	10	23
2	7	23
4	6	23
2	4	22
6	8	25
8	10	25
3	5	21
4	8	24
3	11	30
10	13	30
11	17	42
2	7	22
5	7	23
6	12	32
3	7	23
2	5	23
2	3	23
1	5	21
4	7	23
4	6	22
2	8	21
2	8	22
3	7	21
7	6	27
7	7	28
8	12	30
5	6	25
10	10	35
2	7	21
7	13	29
4	8	24
2	6	22
4	9	24
0	14	91
2	18	91
5	7	22
7	8	26
11	18	39
9	12	32
10	13	36
8	10	26
5	14	27
6	7	24
5	9	30
2	7	21
2	5	21
4	6	23
4	7	21
2	6	22
4	8	22
3	7	24
1	3	20
7	10	30
6	10	31
6	8	27
5	9	26
8	10	29
10	11	34
7	12	32
8	13	32
0	3	38
4	7	23
0	5	21
3	7	21
6	11	30
8	12	32
3	11	28
5	10	26
4	10	25
4	11	30
7	10	26
8	9	27
7	13	30
4	8	25
6	8	26
3	6	23
3	7	21
3	5	23
2	5	20
7	10	30
4	9	23
4	8	25
6	6	23
4	8	24
2	6	21
3	7	24
5	8	26
4	7	23
4	21	91
0	15	89
3	11	25
3	7	23
4	8	24
5	10	30
5	8	25
5	8	23
3	7	24
4	8	22
3	8	23
6	13	30
6	4	23
0	13	90
3	7	23
4	8	25
2	5	20
5	9	23
7	13	31
3	6	22
2	4	21
4	6	24
2	4	23
8	9	31
7	11	27
6	11	27
6	10	26
5	10	25
5	9	25
6	9	24
4	9	23
2	9	24
2	7	24
4	7	23
4	8	26
6	7	28
2	5	25
3	8	27
3	7	25
3	7	25
8	13	28
0	2	24
1	4	20
2	5	22
4	13	30
1	21	90
6	6	27
0	4	22
0	5	22
2	3	23
1	5	23
10	12	36
9	11	31
9	7	31
7	13	30
7	9	24
1	4	21
4	8	23
6	7	25
6	10	25
4	11	24
5	8	23
3	8	25
3	6	23
2	7	23
2	6	22
6	13	27
9	10	31
9	12	32
9	11	32
10	10	30
1	6	21
2	5	22
2	5	22
4	9	25
3	8	24
2	7	20
2	34	90
3	32	89
1	34	90
5	5	23
3	6	22
4	9	25
5	9	25
4	9	25
4	9	24
7	11	27
2	7	20
8	15	35
2	6	22
3	7	21
3	6	23
4	6	23
1	33	90
11	44	91
4	6	23
8	10	30
3	10	24
4	8	20
3	6	24
4	6	24
9	12	28
2	6	21
7	11	30
5	11	32
4	6	24
4	7	22
7	9	28
5	12	31
7	9	25
4	9	24
4	6	23
2	5	21
1	7	21
6	12	30
4	6	26
5	8	25
3	6	22
3	6	24
3	7	22
1	3	22
5	10	27
1	3	91
7	13	31
5	10	30
6	9	31
6	7	27
3	8	25
8	12	33
6	9	25
7	9	25
1	4	21
3	8	24
2	6	25
4	7	25
4	9	26
1	6	22
2	6	21
1	7	21
4	8	24
8	11	31
10	17	37
5	9	23
9	11	29
9	7	31
0	27	90
7	13	28
6	12	25
7	10	26
2	5	22
5	9	24
5	12	26
5	11	24
3	6	22
6	7	24
11	13	35
2	6	22
1	5	21
6	12	30
9	11	34
4	8	24
3	7	23
9	11	30
5	10	30
4	8	24
5	11	33
6	9	26
7	10	29
2	7	22
2	6	21
1	7	22
4	6	21
4	33	90
4	9	24
4	8	23
3	7	23
5	9	32
4	7	25
2	7	22
2	7	22
4	8	23
9	12	30
3	5	26
10	14	37
7	9	28
8	9	28
9	11	29
4	9	30
3	8	23
3	9	23
3	7	22
2	7	25
3	7	25
6	9	25
5	10	25
2	4	22
3	6	23
9	8	31
3	5	23
3	5	22
3	6	25
9	12	31
5	7	27
7	8	31
5	7	26
6	7	25
7	9	33
6	9	28
6	9	30
8	10	29
3	7	23
3	8	24
2	6	20
3	7	22
0	0	91
0	0	91
0	5	91
0	2	91
0	1	89
0	0	91
0	0	91
0	0	89
0	0	90
0	4	90
0	5	91
0	4	90
2	4	91
1	4	90
1	3	21
1	3	20
11	14	35
4	8	22
2	6	22
8	11	29
8	11	33
8	10	30
9	10	32
8	10	30
6	7	32
0	14	91
4	6	23
4	9	26
4	8	24
4	8	22
4	10	30
0	-1	90
0	-1	90
0	24	90
4	5	21
0	3	21
3	11	25
5	8	27
5	5	26
2	6	23
3	7	23
0	25	90
2	4	21
2	7	30
2	4	22
1	6	22
1	7	22
7	15	34
3	7	24
1	28	90
2	6	23
2	4	21
2	9	23
4	4	24
5	5	27
5	7	24
5	8	24
5	8	25
2	7	22
2	5	21
4	6	24
1	20	90
5	10	30
6	4	26
5	5	26
3	4	22
2	4	22
5	9	30
6	14	33
4	6	24
3	9	23
1	27	91
0	3	23
1	4	22
8	9	33
7	10	27
0	2	21
5	9	24
4	7	23
5	11	32
6	9	30
3	7	24
5	8	24
6	9	25
2	5	22
2	7	22
7	11	30
1	3	21
4	11	30
4	9	24
9	13	34
8	11	34
4	7	26
5	9	25
3	6	22
2	5	24
6	9	26
9	13	34
3	9	22
5	10	30
9	10	34
9	9	33
8	13	30
8	14	29
10	13	32
10	15	35
7	12	28
7	11	29
7	11	29
6	10	26
6	11	26
6	9	26
10	11	32
9	11	32
9	10	29
0	27	91
3	9	27
5	11	31
6	8	24
4	7	23
3	7	24
7	7	32
2	5	21
2	8	25
5	7	22
8	12	31
8	10	28
5	9	26
6	8	24
2	6	22
3	6	24
5	7	27
2	6	21
6	8	24
7	10	25
6	9	25
3	6	21
5	6	25
4	9	23
4	7	21
7	9	26
9	13	33
1	7	24
3	4	22
4	7	28
6	9	32
3	6	21
4	6	30
1	6	23
2	5	20
3	7	23
4	7	23
4	11	26
7	7	24
1	4	22
5	8	22
2	6	21
3	5	21
0	1	22
1	5	20
5	8	25
4	7	23
4	7	24
3	5	25
4	9	25
5	10	34
5	7	25
3	8	28
1	4	20
6	9	26
5	8	31
5	10	31
3	7	23
4	6	24
4	5	24
1	5	21
6	10	24
8	13	32
9	12	33
8	11	29
2	7	21
0	12	90
6	10	30
8	12	28
6	15	33
2	7	23
2	7	22
7	7	26
8	10	30
10	11	33
5	8	23
4	8	24
3	6	22
11	11	36
2	5	21
4	7	24
6	8	24
9	11	32
3	5	23
2	5	22
3	4	21
2	4	21
1	6	22
0	11	91
0	9	91
2	7	23
9	9	34
6	9	25
6	12	31
6	7	28
7	7	26
0	4	90
0	7	91
6	10	28
0	6	91
0	11	89
3	6	23
7	11	27
4	7	21
4	7	23
4	8	25
3	8	21
6	12	32
5	10	27
3	5	23
2	5	24
1	3	20
3	6	21
2	6	22
3	6	22
3	8	25
3	7	22
3	6	22
2	6	21
3	3	20
1	4	20
3	7	24
3	7	22
2	7	22
4	7	25
4	7	22
2	4	91
3	7	21
11	16	38
2	4	22
4	8	24
0	3	23
3	6	21
2	7	23
7	10	31
0	10	91
0	11	90
1	3	22
2	8	24
0	3	20
1	2	21
4	9	25
0	12	91
0	8	90
1	23	90
4	10	26
4	9	31
3	5	23
4	8	21
9	11	32
10	12	30
4	7	23
6	9	27
11	14	35
3	9	23
5	8	25
4	7	23
3	23	90
1	15	89
0	13	91
8	10	27
4	7	22
4	8	26
6	8	26
2	8	21
5	6	27
5	8	25
3	6	20
4	7	23
3	7	24
7	10	29
8	12	33
5	6	21
5	8	22
9	12	33
3	9	23
5	10	26
12	11	35
5	10	32
10	14	31
0	9	91
2	5	20
2	29	91
4	5	24
8	8	28
6	8	26
6	8	25
7	10	28
0	20	90
4	21	88
6	8	23
2	9	23
2	38	90
3	7	21
3	7	23
4	6	24
5	6	25
5	5	26
7	7	26
6	10	25
6	7	25
8	15	38
7	15	36
7	11	27
6	10	27
4	10	23
3	4	21
9	17	45
5	7	30
4	8	24
4	6	23
2	5	25
0	26	90
5	14	31
9	10	29
3	4	23
3	5	21
0	12	90
3	8	22
6	8	26
5	9	30
4	7	24
2	7	21
5	6	24
5	6	27
8	9	27
2	6	22
5	8	25
8	11	32
0	11	89
0	6	91
8	11	29
4	9	26
0	35	89
3	7	22
5	9	25
2	5	24
6	6	24
5	5	22
9	12	34
10	13	34
10	12	34
6	8	25
1	5	23
8	9	26
8	9	27
4	8	24
7	12	30
2	4	21
3	4	20
6	11	27
8	12	30
2	5	20
2	5	22
3	7	22
2	6	21
3	9	25
3	9	24
4	8	23
4	9	23
6	7	25
3	7	22
7	14	34
7	13	33
3	6	23
3	5	21
1	5	21
0	4	22
2	4	20
4	7	23
4	6	25
3	8	23
7	7	33
3	6	22
4	30	90
3	30	90
2	29	90
3	7	22
4	7	23
4	8	24
4	7	26
4	7	22
4	6	24
3	6	21
6	8	23
7	10	30
7	12	32
2	6	20
8	16	32
0	14	91
5	9	25
7	9	27
2	6	21
5	6	24
2	8	21
5	8	25
3	6	24
2	4	21
3	5	21
3	5	24
3	5	23
3	7	24
6	7	23
4	6	26
2	7	25
5	7	25
9	10	32
2	6	22
10	15	33
10	14	33
3	7	22
6	8	25
0	12	90
1	10	89
2	6	24
2	5	22
7	11	30
2	5	20
4	9	21
2	6	23
4	7	23
6	9	26
4	7	21
2	2	23
1	4	21
5	13	27
5	7	25
6	9	25
4	8	24
5	8	26
6	7	25
12	13	34
12	14	38
1	10	23
4	5	24
5	8	24
9	12	34
7	10	30
3	6	22
2	4	23
7	12	31
8	12	29
6	9	26
1	4	22
1	6	21
2	8	23
0	9	45
5	7	24
6	8	26
4	7	26
2	8	25
4	9	26
5	-1	91
2	6	20
6	6	27
3	7	24
8	9	30
2	8	22
6	8	26
0	3	21
2	6	24
1	6	21
5	11	30
7	11	30
4	9	25
5	11	25
0	3	90
7	12	31
1	4	22
2	5	22
3	5	21
2	10	24
4	8	24
1	7	20
3	2	23
9	10	30
1	-1	90
0	6	91
7	10	34
5	7	25
4	9	24
6	10	24
10	13	36
8	9	30
8	10	29
9	9	32
3	10	30
8	10	32
2	7	21
6	9	31
1	1	53
3	6	21
0	6	91
0	12	91
4	13	31
5	12	32
4	10	26
4	12	28
4	10	24
7	11	28
6	12	33
5	11	27
5	9	26
4	9	25
4	8	23
1	2	23
2	4	20
3	4	22
9	11	30
4	12	30
2	6	20
3	10	23
1	8	21
3	7	23
2	7	22
5	5	22
4	8	22
8	13	33
8	11	30
7	11	32
4	6	23
0	4	21
1	4	20
9	11	34
6	10	27
1	4	29
0	12	90
0	1	91
9	12	31
4	10	23
0	6	91
0	7	91
2	4	22
2	3	21
3	6	21
7	7	27
5	8	25
6	8	24
7	8	25
2	5	22
4	8	21
5	5	26
9	12	31
4	6	26
5	12	30
3	7	21
0	3	21
1	3	21
3	9	22
6	7	25
2	7	21
3	7	23
3	9	25
4	9	24
0	3	20
8	7	30
4	7	24
4	7	24
5	10	30
5	6	26
6	9	27
1	11	90
0	5	91
3	4	23
5	7	30
5	8	30
3	6	25
3	8	25
3	6	24
2	4	21
3	5	23
2	9	27
2	7	22
3	5	24
5	7	23
5	9	26
9	8	35
3	8	22
2	8	21
6	8	30
3	6	21
2	4	21
4	8	24
0	25	90
1	5	22
2	3	21
1	3	20
0	20	90
0	21	90
0	21	90
1	22	89
0	22	90
0	22	90
0	22	91
0	23	90
2	24	91
3	5	24
3	8	22
1	4	22
1	5	21
1	6	21
7	10	28
2	5	24
1	10	78
2	6	22
2	7	23
2	6	23
2	5	23
0	4	23
5	7	26
4	7	24
4	7	24
6	11	30
3	10	26
3	10	25
4	8	24
2	9	25
0	25	90
5	8	26
3	7	22
0	27	91
2	6	22
2	7	22
2	4	21
4	6	23
4	6	23
8	12	31
8	10	30
0	9	91
0	11	91
2	8	23
2	6	22
0	12	90
9	13	34
4	-1	91
6	-1	91
4	7	21
2	5	22
8	8	31
6	8	31
10	12	39
8	8	29
10	11	40
12	-1	40
6	6	27
8	7	29
8	11	37
8	10	34
7	8	33
10	-1	40
11	10	39
11	10	38
11	10	35
9	9	32
3	5	22
4	26	91
6	11	31
7	8	28
4	9	23
5	6	24
5	14	36
3	7	23
3	6	21
4	7	24
3	7	21
3	6	22
3	9	24
2	5	24
5	8	26
1	8	22
5	6	24
8	7	27
7	7	27
5	7	26
6	8	26
4	8	25
3	9	26
2	7	22
2	9	23
1	3	23
0	1	22
5	9	30
6	9	31
3	6	23
3	5	22
2	6	21
6	6	25
12	17	40
5	8	24
5	7	24
6	14	35
3	7	23
5	8	26
4	7	23
3	6	20
1	6	20
4	9	23
3	6	21
14	-1	44
6	10	29
6	11	27
5	8	25
5	9	25
7	10	30
5	10	25
4	25	91
2	6	21
5	9	26
0	11	90
0	12	91
7	11	30
3	6	24
10	12	36
8	13	35
7	11	31
4	7	24
2	4	21
3	5	21
2	6	22
4	7	22
3	7	21
4	8	22
3	8	23
4	10	24
3	27	91
0	13	90
0	14	91
5	11	26
9	10	29
7	11	30
5	9	24
0	12	90
1	3	23
3	8	22
8	8	28
4	7	23
2	6	24
0	10	91
1	7	21
0	9	66
2	6	20
3	8	23
6	8	28
5	8	24
4	14	30
2	4	22
2	4	21
0	1	77
3	6	22
0	19	90
1	6	20
3	39	91
1	5	24
6	7	28
0	18	90
8	13	28
6	7	26
0	3	24
4	8	25
3	8	23
3	7	23
3	6	21
2	5	22
0	11	90
1	2	21
0	6	91
0	9	91
3	7	22
0	16	90
7	11	30
0	9	91
0	9	90
0	3	22
4	7	22
8	8	38
4	6	21
6	11	30
4	7	25
8	7	32
0	2	21
3	7	22
0	8	90
5	8	25
5	8	30
3	7	27
0	11	89
0	8	91
1	2	20
2	4	21
2	4	20
1	0	20
0	4	21
6	8	24
2	6	23
2	6	21
5	9	30
0	11	90
1	12	91
3	5	23
4	7	23
2	2	22
5	6	25
3	5	22
1	30	91
3	7	22
1	2	23
2	3	22
9	11	42
4	8	24
3	7	22
20	26	91
3	4	21
1	4	20
1	6	90
0	8	90
3	6	23
1	4	22
1	2	21
0	3	20
1	21	91
3	5	21
3	6	26
4	11	25
9	9	29
4	8	30
2	4	22
5	9	25
4	6	23
5	12	32
3	9	26
3	11	27
5	10	27
4	9	25
2	5	21
7	10	30
9	11	34
7	9	32
2	5	21
3	6	24
3	7	25
3	4	22
0	1	91
0	8	91
3	6	21
0	8	63
9	12	36
5	8	23
0	4	27
3	4	24
4	8	25
3	4	21
2	4	22
3	8	21
1	3	22
2	5	20
2	5	20
3	5	22
2	4	20
2	5	21
0	11	90
0	5	90
3	6	22
1	8	21
1	7	20
6	8	28
6	7	23
7	8	33
3	5	24
6	8	25
4	9	22
1	26	91
1	25	91
1	14	52
2	5	22
9	10	30
5	7	24
2	5	22
6	8	26
4	-1	89
3	4	23
4	9	24
1	5	20
1	-1	91
2	6	21
10	12	35
3	5	23
10	12	37
7	8	29
9	10	31
4	7	22
1	3	23
5	8	23
0	9	91
0	7	91
8	10	30
2	2	22
5	9	23
3	7	22
1	3	20
1	5	22
0	9	91
0	11	91
1	37	90
1	5	25
4	6	24
1	3	26
7	11	30
5	6	24
2	22	90
8	10	30
4	6	22
0	14	91
0	11	91
4	7	24
0	9	90
0	9	90
4	6	23
7	9	30
6	6	25
2	8	23
0	4	20
9	14	34
3	6	26
8	10	31
2	6	22
2	3	21
1	4	20
2	15	90
5	6	25
4	6	23
5	9	25
1	4	21
3	6	23
5	9	28
0	6	21
1	4	20
8	10	33
4	6	28
3	8	26
5	8	26
15	16	47
12	15	44
12	14	42
14	14	44
13	14	41
12	14	40
13	13	41
13	12	40
11	13	37
11	11	38
11	11	40
13	13	44
13	11	39
11	11	39
11	10	37
12	11	36
12	10	35
9	9	35
9	9	33
1	6	21
2	6	21
2	5	22
5	6	22
3	10	25
3	9	24
4	8	26
4	8	25
5	8	28
5	10	30
4	8	23
3	8	24
3	7	23
3	7	25
5	9	27
0	2	21
2	28	90
8	10	32
3	8	39
1	5	22
0	10	91
0	9	90
4	9	30
7	11	30
4	8	25
5	7	24
2	5	21
5	23	91
5	8	22
2	9	22
2	10	23
8	10	30
6	5	24
2	5	21
4	7	25
3	6	23
3	8	25
2	5	21
4	6	25
4	6	21
3	6	26
6	10	31
0	26	89
4	13	30
7	11	31
7	7	27
6	8	26
5	8	25
5	5	26
5	9	25
3	7	21
7	9	30
6	10	27
3	10	24
4	6	23
1	6	20
6	7	24
4	7	25
11	16	37
3	7	22
7	9	24
8	9	27
4	6	25
2	6	24
2	3	22
6	10	28
4	10	26
4	10	26
3	10	24
6	7	25
6	5	31
0	9	91
0	11	90
4	5	24
6	10	27
5	9	31
0	24	90
0	11	90
0	12	91
0	19	91
7	6	32
0	11	90
5	7	25
9	9	29
8	13	31
8	10	27
5	8	23
3	5	23
2	5	21
3	8	22
2	8	21
2	4	20
10	9	34
8	7	30
1	5	20
6	27	91
0	22	91
3	9	24
1	4	21
11	12	39
5	8	31
4	8	25
3	7	21
3	7	22
0	5	91
9	16	35
8	6	35
0	11	91
3	4	22
4	6	23
3	5	21
2	6	22
4	7	24
1	3	22
2	5	20
3	6	22
0	16	91
11	14	35
5	6	24
6	6	27
5	5	26
5	5	23
8	10	31
3	8	23
0	9	91
0	9	91
5	9	25
3	7	23
5	11	31
5	8	26
7	8	28
1	5	22
0	4	21
7	8	27
8	7	29
3	6	24
8	13	37
6	10	28
6	6	23
2	5	21
1	6	20
2	5	21
6	12	32
0	0	64
0	0	60
2	5	22
2	5	21
6	11	31
5	9	25
6	10	30
5	7	27
5	11	30
7	12	32
5	7	22
4	11	25
5	12	30
6	11	31
2	6	22
3	5	20
4	7	26
6	8	27
2	4	22
6	7	25
8	8	29
2	7	21
11	12	35
3	6	21
3	8	25
0	7	89
0	11	90
0	9	90
0	9	91
0	8	91
6	7	31
3	6	22
2	5	21
1	25	90
1	24	90
5	6	25
3	23	90
2	4	22
3	3	21
2	6	22
3	6	24
3	7	22
7	9	28
4	7	24
17	36	90
4	6	22
0	1	22
1	3	22
7	9	28
4	9	24
4	8	22
0	3	21
3	5	22
3	6	22
9	12	33
8	12	30
8	12	29
3	6	25
5	7	28
2	5	20
1	7	21
11	15	34
2	5	20
4	6	26
3	5	24
3	6	22
2	6	21
1	8	67
2	3	23
1	38	91
12	16	40
11	16	36
9	16	34
0	6	90
4	6	22
2	7	22
2	5	23
5	12	30
5	7	25
7	9	31
8	6	29
3	5	20
6	11	30
0	30	91
6	11	33
0	6	91
0	15	90
0	4	22
2	5	21
8	10	32
3	7	22
6	10	26
5	6	24
8	12	33
7	7	28
5	8	25
1	4	21
2	7	21
3	7	26
3	9	27
4	6	25
3	4	24
5	7	30
3	5	23
3	8	26
1	3	21
3	4	23
9	17	37
10	15	34
11	17	39
1	4	21
0	7	90
0	6	91
3	5	22
3	7	21
6	9	25
6	8	25
0	3	21
0	5	21
5	5	23
2	8	24
3	6	24
3	7	22
0	4	21
7	8	27
1	14	91
1	11	91
5	6	25
2	5	22
5	8	24
0	11	91
0	8	91
4	6	24
8	13	33
8	9	29
8	11	31
7	13	36
8	9	31
6	10	31
7	10	29
9	9	34
8	8	31
6	7	26
15	27	90
2	3	21
0	6	23
3	6	23
2	3	21
8	13	31
0	13	91
0	14	91
4	7	26
8	14	31
2	9	25
2	5	24
7	11	27
9	10	30
2	5	20
5	9	25
5	9	25
8	10	30
5	10	26
2	8	23
4	10	27
8	8	29
5	9	27
1	4	21
3	7	26
5	8	24
5	9	31
0	5	91
0	8	90
0	13	90
3	7	22
1	1	22
0	12	89
0	10	89
2	4	22
3	7	25
3	7	25
3	6	24
3	6	22
0	8	91
2	6	20
3	5	22
4	10	30
2	7	22
4	8	24
2	5	22
5	5	26
4	28	91
2	7	21
1	5	22
3	4	23
0	6	30
3	5	22
7	9	26
3	4	22
5	5	24
3	3	21
4	4	25
2	5	21
2	5	23
1	4	20
0	4	21
2	5	20
3	10	26
4	7	25
7	6	23
4	8	24
3	8	22
3	6	20
4	7	21
3	8	23
3	6	23
3	6	26
4	6	26
7	10	26
3	7	22
9	8	32
9	9	34
3	6	23
6	6	24
2	3	22
3	5	21
5	5	23
4	7	30
4	6	24
7	9	25
3	7	22
4	7	22
7	8	25
6	13	31
3	8	24
2	8	22
5	7	23
7	9	27
7	9	31
6	11	31
1	3	21
4	6	30
9	13	33
6	10	26
5	11	26
3	7	22
7	12	30
7	9	26
6	9	26
1	1	22
5	10	26
5	10	30
4	5	22
7	11	33
0	13	82
3	6	23
4	6	23
3	6	23
4	26	91
4	7	25
6	12	31
2	6	24
8	9	29
6	10	31
7	10	30
7	8	25
1	10	25
3	4	24
1	6	20
4	4	22
3	6	26
2	5	21
4	7	23
3	5	24
2	7	21
2	6	22
2	5	21
4	7	25
1	5	21
2	4	24
5	7	26
8	14	34
2	5	22
4	7	27
4	7	23
2	6	20
2	6	22
2	5	21
2	6	22
2	4	21
1	5	20
1	15	91
0	9	89
0	19	90
2	5	22
0	2	23
0	19	90
4	7	22
3	5	23
4	5	23
2	7	23
0	18	90
5	7	26
4	9	30
5	5	24
10	9	32
3	3	21
5	7	25
5	10	30
6	10	31
6	23	91
2	9	22
1	4	21
3	7	23
8	10	30
6	8	28
5	-1	91
5	-1	91
2	9	24
1	6	20
7	38	91
4	11	26
2	6	21
1	4	21
1	4	20
5	5	25
3	6	24
3	11	30
4	10	27
2	5	21
2	8	22
4	7	24
2	8	23
11	12	36
10	12	36
9	11	34
0	0	24
3	6	22
0	10	91
0	11	91
1	4	20
5	8	23
2	7	23
3	6	24
2	5	20
4	5	23
3	4	22
7	14	31
8	14	31
9	12	31
6	13	30
0	38	90
8	12	34
9	10	36
5	9	27
5	8	24
6	6	24
2	5	21
10	10	37
6	26	90
3	7	23
1	3	21
7	8	25
6	7	26
6	12	31
5	9	27
5	5	24
6	7	26
4	14	28
1	8	74
7	10	30
4	5	23
1	21	90
5	7	24
2	5	21
7	9	34
7	7	30
0	12	91
0	11	90
0	5	21
5	7	24
4	8	24
6	13	30
8	11	32
2	4	23
2	5	21
4	4	21
7	11	33
6	13	32
8	11	30
8	10	30
8	9	27
4	6	21
6	9	30
4	7	21
6	8	27
7	12	30
4	6	22
1	2	22
0	0	21
1	0	21
2	6	21
4	6	23
1	5	21
8	10	32
4	9	24
5	8	23
3	7	23
7	11	26
2	5	24
3	9	23
3	8	22
3	8	21
4	8	23
2	7	21
3	5	23
1	7	91
0	7	91
2	5	21
1	10	23
5	7	24
3	7	22
3	7	24
7	9	27
3	8	23
3	6	23
3	7	21
2	7	20
5	5	26
3	4	25
5	4	24
4	5	24
3	8	23
2	5	23
5	13	31
1	4	21
4	8	24
1	-1	91
4	9	24
4	6	24
6	7	27
3	6	23
5	9	25
1	5	21
4	7	22
4	7	22
3	8	24
9	12	33
6	9	29
5	13	30
2	18	91
6	11	27
4	9	28
2	7	21
9	13	29
10	12	37
6	9	30
3	7	21
3	7	21
6	9	28
3	6	21
4	9	23
5	10	26
4	6	23
2	6	21
2	7	22
3	6	26
6	9	25
3	9	21
0	5	21
6	10	30
6	12	30
8	11	30
1	4	21
7	11	26
2	8	21
2	6	21
1	6	20
1	3	22
4	9	24
6	8	24
3	6	22
3	7	21
7	13	33
4	8	26
4	8	25
4	7	23
4	7	23
3	7	22
4	8	25
4	7	24
4	10	25
10	14	31
2	5	22
6	7	26
9	10	28
4	9	23
0	21	91
4	9	26
4	8	23
4	5	23
6	9	24
3	5	22
2	5	21
2	5	20
2	6	21
4	11	30
9	8	32
4	9	24
6	9	25
1	4	20
5	8	23
2	6	22
8	10	33
3	8	25
5	9	26
4	9	30
3	7	23
1	5	22
2	8	21
3	9	21
6	8	26
8	11	31
6	7	26
4	7	20
3	8	25
6	10	30
6	7	25
5	9	25
5	9	25
5	12	26
8	9	34
7	8	31
7	8	30
5	8	24
6	10	26
3	5	23
5	7	23
3	4	21
8	11	32
5	8	24
4	6	25
4	7	26
1	7	23
1	7	23
2	7	22
10	11	32
9	10	34
8	9	32
5	9	24
4	7	22
4	6	23
9	10	31
8	10	30
3	7	22
6	9	23
4	6	24
3	10	27
4	9	25
4	8	24
8	10	28
8	13	33
7	7	35
4	9	22
0	2	24
0	4	25
4	7	23
2	5	21
4	8	25
1	12	89
6	8	24
5	9	24
5	8	26
4	9	27
5	9	25
4	7	25
4	7	24
4	7	23
0	20	87
6	7	25
6	12	31
7	9	31
4	9	24
4	10	24
4	10	25
6	10	25
4	10	23
3	9	24
8	11	31
2	8	23
6	9	27
6	7	24
3	7	22
8	13	35
6	11	25
3	7	22
4	7	25
4	8	24
4	4	22
8	13	30
3	10	24
9	7	33
7	8	33
2	11	23
4	6	25
5	6	24
5	6	24
3	7	22
0	26	90
3	5	23
5	8	23
5	8	24
5	6	23
6	7	23
2	7	22
6	12	30
7	10	26
6	12	26
8	12	28
11	14	33
11	11	32
4	7	25
6	8	26
3	34	91
7	12	29
7	11	28
4	5	22
0	10	91
7	8	26
3	5	21
3	8	22
3	6	22
4	8	25
3	7	26
3	7	22
9	20	63
4	9	24
4	7	22
0	10	91
3	6	22
0	21	91
5	8	31
4	6	26
3	4	25
4	4	23
4	4	23
4	6	24
2	7	22
8	8	27
7	10	27
3	7	22
7	8	25
8	12	34
5	9	25
3	7	23
3	7	22
3	7	22
1	3	20
2	7	23
4	8	23
7	9	27
1	6	60
6	11	31
7	9	26
4	11	27
6	9	32
5	7	25
5	6	25
5	7	22
5	10	24
4	10	23
3	4	22
1	5	20
7	12	27
3	11	27
7	13	34
4	6	25
4	13	30
6	11	33
11	12	39
5	6	30
0	9	91
7	11	28
9	10	32
7	10	28
2	6	21
9	13	35
3	8	24
2	6	22
3	6	21
2	5	22
2	4	22
5	12	26
0	22	90
6	8	30
7	9	27
4	7	26
8	15	33
3	4	21
2	5	21
3	5	23
2	4	20
10	10	34
4	8	25
2	7	23
4	7	22
2	7	23
7	9	25
6	6	23
5	8	23
7	10	26
1	5	21
7	8	28
0	27	91
6	10	25
6	9	30
7	13	33
2	5	21
6	8	25
6	6	27
6	6	26
6	10	24
7	12	28
7	9	25
0	15	82
5	12	30
6	9	28
5	11	32
6	11	30
6	12	30
3	9	24
6	12	36
4	10	31
2	8	24
6	10	31
2	6	21
6	8	28
7	11	25
2	7	20
2	5	21
2	7	24
2	8	23
5	9	23
5	9	24
3	11	25
7	6	26
3	11	25
3	12	24
7	9	30
5	13	29
6	12	28
6	11	30
4	6	26
4	6	23
5	10	26
2	7	22
6	10	25
8	12	32
4	10	23
2	4	24
1	4	21
3	28	91
4	27	91
4	27	91
4	7	22
7	10	33
1	-1	91
7	10	29
2	4	23
10	16	35
1	6	25
2	4	23
1	6	22
4	7	26
2	7	22
6	8	27
4	8	26
5	9	25
6	9	25
8	11	29
6	9	29
4	8	24
0	28	91
8	7	31
7	8	31
7	6	27
7	7	29
5	9	24
2	7	22
5	5	25
2	6	23
3	5	23
9	7	35
1	5	23
2	6	23
3	5	22
1	5	21
1	5	20
3	5	26
1	5	23
4	8	25
8	11	30
6	8	26
8	8	30
7	10	27
1	8	89
1	8	90
1	4	76
2	7	23
3	9	22
4	7	23
5	6	26
7	12	31
4	11	31
9	12	36
10	10	32
8	8	35
10	9	34
4	10	24
4	8	23
2	6	22
5	9	23
2	7	22
8	11	29
9	10	28
5	10	30
6	9	24
3	7	22
3	9	22
3	6	24
3	8	22
2	6	91
5	7	25
4	7	24
3	9	24
3	8	24
3	6	23
1	5	24
8	12	29
7	10	26
7	9	25
2	7	21
3	5	23
6	12	30
5	8	26
10	12	31
4	9	23
2	5	20
2	6	21
4	8	28
4	10	27
3	12	29
4	7	25
2	4	21
6	10	26
7	8	25
7	9	28
6	12	30
5	8	22
25	40	89
3	7	23
5	10	25
5	10	26
0	33	90
7	8	29
4	8	22
8	13	33
0	16	91
0	4	22
6	10	25
4	5	25
8	10	30
1	3	20
4	7	22
6	9	23
6	6	24
6	7	25
6	12	30
5	10	25
4	10	31
3	10	30
6	10	30
4	8	23
8	9	27
8	10	28
5	8	26
3	7	24
3	5	22
6	11	30
2	7	23
5	8	21
3	6	24
4	8	22
4	7	26
4	8	24
4	9	24
4	9	22
4	9	26
2	6	22
3	6	24
2	6	21
4	8	27
5	10	25
6	10	27
4	8	25
7	14	29
6	9	25
5	11	31
0	9	91
2	6	23
3	6	23
5	7	22
9	11	32
2	3	20
6	6	24
7	11	26
7	10	26
7	10	25
5	9	23
6	11	25
2	9	24
5	10	28
7	11	27
4	10	27
3	7	22
2	5	22
7	8	26
8	9	27
3	7	23
2	6	22
2	3	20
8	9	28
3	9	24
5	13	30
3	3	22
3	8	22
0	10	91
0	14	91
5	9	27
2	5	21
6	12	30
0	8	89
0	10	90
3	7	22
3	6	20
10	13	33
3	7	21
4	7	30
3	3	21
7	8	30
4	7	21
5	11	26
5	8	23
5	8	24
7	11	34
8	10	31
1	27	91
7	13	31
4	12	30
8	13	32
7	11	31
9	13	35
4	8	25
4	10	25
4	10	24
3	7	22
3	4	26
9	11	29
8	11	28
1	8	22
3	9	24
5	12	30
3	7	22
1	8	21
3	6	21
7	11	27
5	10	25
1	27	91
6	11	28
10	10	36
3	7	24
2	8	21
4	8	24
5	6	24
6	12	29
6	14	32
6	8	28
6	9	30
6	10	26
5	9	25
4	8	27
5	9	26
5	10	26
4	10	26
4	6	23
3	6	23
4	9	27
3	6	25
5	8	23
9	12	33
10	13	36
9	13	34
9	10	30
7	9	25
2	7	20
4	7	23
0	4	20
9	27	91
8	10	28
4	8	26
4	7	26
4	7	26
0	3	20
3	5	23
2	5	23
9	9	32
7	8	27
5	22	91
2	2	23
2	2	22
4	7	24
3	6	23
9	12	31
2	8	22
3	9	23
3	9	32
10	14	38
10	14	37
11	13	36
10	14	37
10	13	34
9	15	36
7	13	31
7	11	28
5	9	25
6	8	24
5	13	31
8	11	30
6	10	28
7	11	32
3	6	22
3	7	23
7	8	28
8	8	27
4	8	21
5	9	24
3	7	22
1	6	21
5	9	24
4	10	28
8	8	31
9	7	31
8	10	31
10	14	33
8	8	31
2	5	21
5	10	31
1	28	90
6	42	91
5	43	91
4	-1	91
4	42	91
4	42	91
6	44	91
0	9	87
4	7	30
5	10	31
0	4	29
3	7	25
2	7	21
6	11	32
4	9	26
5	10	30
1	27	90
4	10	25
4	10	24
2	6	23
8	10	32
6	8	27
8	13	32
0	8	91
9	13	33
2	7	21
0	9	91
0	7	88
3	6	23
3	5	22
6	6	24
8	10	28
5	10	28
1	27	91
0	35	89
0	35	91
2	6	23
0	6	90
6	11	27
0	27	90
4	9	29
5	9	24
4	10	24
3	9	22
9	11	31
6	7	26
2	6	22
4	8	22
5	8	26
5	10	32
3	6	23
3	6	24
4	5	24
6	8	26
8	9	28
1	4	21
3	5	23
9	13	32
3	6	21
3	5	22
1	2	22
1	3	21
0	3	23
3	7	23
2	8	90
3	5	20
4	5	23
2	6	22
4	5	22
7	11	32
2	7	22
5	8	25
4	8	22
8	10	29
0	19	90
1	2	22
6	8	27
7	9	28
0	22	90
0	29	89
2	7	21
4	8	25
6	9	25
0	16	91
0	3	20
6	9	26
4	16	28
1	5	23
7	9	35
6	7	26
2	5	25
4	6	25
4	5	24
2	7	21
3	7	25
10	12	31
0	3	22
4	3	23
4	5	25
2	7	24
2	6	21
2	7	22
3	5	21
5	20	91
5	-1	91
2	6	21
6	7	25
1	4	21
2	6	21
5	11	28
8	10	32
10	11	31
6	7	24
5	8	26
2	5	22
6	8	25
2	6	24
2	10	25
3	9	25
3	7	22
7	10	29
3	6	21
3	7	25
5	11	31
1	3	22
1	4	23
1	4	21
0	-1	90
2	6	21
1	5	21
1	10	22
1	6	21
0	3	90
0	1	90
0	5	90
1	6	22
4	29	90
5	7	26
0	11	91
7	17	33
3	8	22
5	7	22
3	4	22
8	10	27
2	7	24
4	10	27
5	7	24
7	14	34
3	8	25
2	9	24
4	7	21
4	12	30
5	6	24
7	7	26
4	10	26
2	7	25
1	6	21
0	6	20
6	9	31
2	5	21
1	25	90
6	8	23
5	8	26
5	11	31
4	39	91
3	4	20
2	5	21
3	8	23
4	9	23
4	8	22
3	6	22
2	4	25
6	7	29
8	12	28
7	9	28
6	7	25
6	11	28
0	38	91
3	6	22
5	6	25
6	9	23
5	9	25
1	5	21
1	5	20
8	9	34
4	9	25
6	7	24
7	13	34
8	9	34
2	3	20
6	11	28
7	9	26
8	13	30
3	8	22
3	7	22
7	9	28
1	4	22
5	11	27
6	9	28
4	9	25
4	9	25
4	9	23
5	8	30
3	7	23
2	8	22
3	7	21
5	10	26
4	9	24
3	6	23
6	-1	91
8	16	30
6	11	27
8	8	33
8	8	32
6	11	25
5	7	24
6	11	28
5	6	26
4	5	26
5	7	27
6	9	26
5	8	26
8	10	28
5	7	23
3	8	23
8	8	28
9	9	34
3	10	23
8	10	33
8	13	32
8	10	31
3	9	32
2	8	20
6	8	26
4	9	25
4	9	24
6	10	24
10	11	31
7	7	26
8	11	35
4	10	25
9	12	31
6	8	25
1	35	91
2	8	23
2	5	23
7	11	29
6	8	23
7	10	25
6	9	27
7	12	29
8	12	30
6	9	25
7	11	27
6	8	24
3	5	23
2	5	21
3	6	22
3	9	25
7	9	24
10	13	34
4	6	22
7	12	28
2	6	24
3	5	22
4	9	23
5	9	27
6	9	25
2	7	21
4	9	24
5	8	23
4	7	22
3	4	22
4	5	25
4	9	27
3	6	23
3	5	21
0	21	90
2	6	23
3	7	21
6	8	31
8	9	30
1	4	21
3	7	23
5	7	23
7	9	27
2	4	21
2	7	24
4	9	25
8	15	36
3	6	25
8	8	26
3	8	28
3	9	24
2	7	22
4	8	23
0	4	20
9	12	33
9	13	33
11	15	36
13	19	40
10	19	38
9	14	32
10	16	34
11	20	39
19	36	89
39	42	89
9	19	36
10	15	35
9	16	34
10	16	37
12	17	39
10	12	35
6	8	26
9	11	32
8	10	28
9	9	30
10	11	32
9	9	27
7	11	30
10	11	32
7	8	39
3	8	26
3	7	21
7	9	26
2	36	90
2	6	23
6	7	30
0	20	90
2	5	21
0	20	90
0	20	90
6	7	28
4	6	23
7	12	35
4	8	24
3	5	21
6	7	26
6	8	27
8	8	28
8	11	27
3	6	23
3	5	22
3	7	22
3	5	21
4	5	25
6	11	25
4	11	25
6	6	25
0	12	89
4	6	24
6	10	26
5	8	24
5	9	31
5	6	25
2	5	20
0	7	91
8	7	30
5	7	26
6	8	26
3	4	21
8	9	29
8	8	28
3	5	22
3	7	24
2	5	21
1	6	21
2	5	21
4	4	23
6	8	32
3	7	21
3	9	23
4	7	21
3	7	23
5	10	30
3	6	22
2	6	24
3	6	24
6	17	34
4	8	22
3	8	21
4	5	23
3	6	21
9	16	41
1	6	22
1	8	21
6	7	25
10	10	37
6	10	30
3	5	22
3	6	22
4	7	22
6	10	26
8	16	32
9	15	33
6	8	30
6	7	24
6	9	26
4	11	30
3	8	23
3	7	24
3	24	90
4	7	24
4	10	30
9	11	31
12	12	36
11	11	33
8	15	33
9	12	31
4	8	24
7	11	30
5	8	24
3	7	21
3	7	23
8	14	34
9	13	33
4	7	22
4	6	23
3	7	23
4	8	24
6	14	31
3	9	23
2	6	25
4	5	23
2	4	22
4	7	24
2	6	22
3	7	23
3	8	22
6	7	26
4	7	24
2	7	21
6	10	28
9	15	34
7	8	31
4	7	22
5	9	24
1	4	20
5	13	30
8	13	32
5	10	23
1	6	21
1	5	22
6	10	36
4	8	26
4	9	26
4	9	24
0	11	91
0	14	89
4	7	25
7	8	27
6	9	25
8	14	30
1	7	28
3	7	24
3	9	24
3	8	23
1	13	90
3	6	21
4	7	24
4	8	25
1	26	90
7	10	27
2	7	24
3	8	22
4	6	22
4	6	23
3	8	22
2	6	23
4	6	24
7	11	36
0	24	91
4	6	25
3	5	25
3	6	22
3	7	23
4	8	22
4	6	25
3	7	24
10	13	33
2	10	24
7	9	30
8	8	30
1	4	23
1	3	21
3	8	21
0	8	91
0	9	88
4	6	22
4	7	22
4	8	23
4	8	27
4	9	25
4	8	24
2	6	21
6	8	24
5	9	25
5	7	24
3	7	23
9	12	30
9	11	28
2	6	22
6	6	24
2	6	22
0	10	91
0	12	91
0	9	89
0	12	90
0	10	90
3	6	24
2	5	22
5	8	23
3	40	91
5	7	25
4	7	24
2	5	21
4	6	24
3	6	23
4	5	22
5	7	24
4	8	23
4	6	22
2	5	21
5	9	24
5	6	24
3	25	91
0	4	91
4	31	91
4	30	91
6	7	26
6	8	28
6	8	26
1	6	23
3	6	25
6	11	30
3	3	23
1	6	21
1	15	90
0	-1	91
4	6	22
3	27	90
8	10	33
0	4	22
11	11	29
11	11	36
0	2	21
1	4	22
2	5	21
1	5	23
1	4	20
1	4	21
6	11	30
2	8	22
3	5	21
2	7	22
0	10	91
0	9	89
2	30	89
6	10	31
7	11	29
3	9	29
5	-1	91
5	12	26
2	12	27
5	15	30
5	13	30
8	10	31
8	11	28
8	12	31
9	15	36
2	6	22
0	38	89
6	4	25
5	8	23
0	5	90
0	4	90
7	7	33
1	8	53
3	4	22
5	8	28
2	5	22
4	11	24
0	3	20
0	4	20
2	5	22
1	13	91
5	9	26
9	12	34
7	11	30
3	11	30
3	5	29
1	5	21
4	8	23
4	6	24
3	6	23
2	4	24
3	7	24
8	12	27
3	5	22
1	2	42
4	6	21
3	7	22
0	38	90
0	38	90
0	39	90
7	10	27
2	5	22
2	5	24
1	14	91
0	10	91
4	8	24
1	5	21
2	5	22
6	9	32
7	11	30
2	6	22
0	28	77
6	9	27
0	3	21
1	2	21
3	5	24
4	5	22
3	5	22
6	7	23
2	5	21
3	6	22
8	11	28
6	7	32
1	3	22
6	6	26
4	8	23
0	3	22
0	11	90
1	11	91
0	3	22
2	9	21
7	6	26
4	6	25
5	7	24
6	9	25
1	5	23
4	12	31
4	11	30
5	10	31
4	11	29
3	6	25
4	11	25
3	8	22
0	4	25
5	7	26
5	11	30
7	11	28
0	10	91
1	5	22
0	2	21
4	9	24
4	8	25
3	7	24
4	7	21
2	5	21
5	7	25
3	5	21
10	6	33
4	7	25
8	12	34
1	5	20
1	2	21
5	9	26
1	5	22
2	4	22
0	11	90
7	16	55
1	9	88
0	8	91
5	12	30
4	11	24
4	9	25
5	8	31
0	6	61
9	11	31
1	9	22
2	8	22
2	5	21
3	25	91
2	6	22
3	6	24
8	12	32
3	5	21
8	10	26
2	3	21
2	6	22
8	10	26
3	7	21
2	3	21
8	10	26
2	6	20
2	17	90
0	4	21
3	8	22
4	8	21
3	6	21
4	10	24
10	12	36
2	5	22
6	9	25
4	6	25
3	7	23
4	6	21
4	8	26
3	7	20
6	8	27
2	5	22
2	6	22
4	8	27
6	9	26
5	8	29
5	8	28
5	9	26
5	13	27
5	10	23
3	8	20
3	5	23
2	5	22
6	9	25
7	9	25
6	6	25
2	7	22
4	7	23
4	8	25
4	10	30
6	8	26
6	14	33
2	5	23
3	9	22
3	8	24
2	5	22
5	5	24
5	7	25
4	7	23
3	6	21
5	8	23
3	8	23
3	8	23
4	6	22
2	7	22
4	8	24
3	6	21
3	6	22
3	10	27
3	8	27
4	6	26
3	7	22
3	6	24
6	7	25
3	4	21
2	6	21
3	9	27
0	4	20
5	9	26
2	6	21
8	12	33
7	11	30
7	10	30
11	13	35
8	13	32
8	10	28
7	9	29
8	12	31
8	9	27
9	10	34
7	7	26
0	19	90
0	25	90
6	10	30
6	7	24
4	9	24
1	6	22
6	8	29
7	7	29
1	4	21
7	8	25
10	16	36
5	16	31
5	10	25
7	9	27
3	7	20
3	6	22
8	13	30
5	6	26
10	11	36
6	12	28
7	7	28
1	28	90
2	4	22
4	9	24
3	6	25
3	4	20
7	10	30
2	8	25
3	6	23
0	5	51
1	5	21
7	9	26
5	8	25
5	6	24
4	5	26
2	8	23
5	5	25
3	8	22
5	10	26
5	10	26
4	7	24
4	5	24
3	4	21
3	6	23
6	4	23
0	32	90
1	-1	91
8	8	27
2	3	21
2	5	23
4	6	22
1	5	21
7	8	26
3	6	25
3	5	23
5	8	24
6	10	31
2	7	22
8	12	32
12	14	37
1	2	24
1	2	22
5	22	90
7	11	27
5	9	26
2	6	25
2	6	22
2	7	21
2	7	22
6	12	26
5	8	26
12	13	38
11	12	37
4	8	23
2	5	20
4	9	24
4	13	28
3	6	23
3	6	21
4	6	21
3	4	22
5	7	25
5	8	25
6	8	24
3	9	24
4	8	21
4	8	26
6	9	28
7	9	27
6	7	26
9	9	30
2	5	24
3	6	22
2	6	24
5	11	26
1	5	25
0	-1	85
3	7	21
8	11	31
5	9	27
4	11	28
0	2	23
3	5	22
6	9	25
5	9	26
7	10	26
4	9	25
3	9	25
9	14	31
4	10	23
4	8	21
4	6	22
2	6	22
8	10	26
8	8	32
8	11	30
2	8	23
5	9	24
5	10	26
5	6	23
4	7	23
6	11	31
9	11	38
3	4	22
6	8	24
3	8	22
4	7	25
3	10	24
7	12	31
1	7	22
6	8	21
7	14	35
9	10	30
2	8	24
1	4	22
0	19	90
5	10	25
6	7	24
8	8	28
1	2	89
2	6	23
4	7	22
3	7	23
2	6	22
9	9	30
4	6	23
2	4	21
4	6	23
4	11	30
3	8	23
5	11	32
8	9	30
1	4	91
5	7	22
4	8	30
2	6	21
4	9	21
4	8	25
4	7	24
4	8	23
1	5	20
2	6	24
3	7	23
4	7	22
2	5	24
5	8	31
5	8	31
4	6	24
5	7	27
5	8	26
5	7	28
0	41	90
4	6	24
3	9	23
7	7	26
9	11	32
3	6	23
0	10	91
0	12	91
7	13	31
7	9	25
7	12	31
6	8	32
3	7	21
3	8	21
3	7	23
1	7	22
6	11	28
6	14	30
6	10	26
6	13	30
9	15	32
5	7	32
5	7	31
8	13	36
2	6	22
7	11	27
7	13	31
7	11	27
11	14	33
9	13	28
6	11	32
5	8	24
4	8	23
8	12	27
8	11	26
8	10	31
7	8	27
0	22	90
4	7	23
6	8	22
3	7	23
7	9	25
5	9	25
3	5	21
2	7	23
2	7	23
3	7	23
2	7	23
2	7	21
3	5	22
4	25	90
7	10	30
3	7	24
6	11	26
7	9	26
6	10	27
6	9	26
3	12	27
4	9	24
7	8	26
3	4	21
6	9	27
3	7	23
5	6	22
0	6	91
0	8	91
0	10	91
0	16	91
2	4	22
1	5	23
4	8	23
2	7	24
1	2	22
5	10	25
1	6	22
0	9	91
0	15	88
0	16	91
0	4	20
2	4	21
2	5	21
5	6	24
3	6	26
5	5	25
4	8	25
4	8	30
3	7	24
4	8	25
5	8	23
4	8	24
4	6	23
4	5	23
2	6	35
5	8	24
0	9	91
3	6	21
2	7	24
5	9	23
3	5	21
9	7	27
3	29	91
3	-1	91
4	7	24
2	5	21
6	9	32
0	4	21
4	6	22
1	10	91
1	9	91
0	2	21
0	3	22
2	5	22
3	5	21
6	10	27
3	10	26
2	6	25
3	4	24
3	4	23
3	6	21
4	9	24
6	10	29
7	10	27
0	4	23
1	6	25
1	5	23
6	9	29
3	6	23
4	6	26
3	7	23
2	4	22
9	9	29
0	37	91
2	5	21
1	4	20
4	8	23
1	6	20
12	11	35
9	11	33
7	12	30
0	4	21
6	8	26
4	6	24
4	7	23
3	9	23
4	9	24
7	9	25
7	9	27
3	13	30
2	6	22
2	9	22
4	5	26
5	6	26
1	4	23
0	35	82
4	5	23
6	7	25
9	14	34
9	12	38
3	7	23
2	6	22
3	7	24
5	9	24
7	8	31
9	11	33
4	9	31
3	4	20
1	6	23
1	4	22
1	4	21
3	6	23
2	3	22
7	10	33
6	27	71
4	6	30
4	10	31
1	10	64
6	10	25
5	10	25
5	9	25
5	9	25
1	4	22
0	12	90
0	19	91
4	7	24
3	10	25
1	5	22
3	7	24
4	11	29
2	5	23
2	9	24
1	8	23
4	10	28
6	10	25
1	19	77
8	12	29
3	10	27
1	4	91
4	11	24
3	6	24
4	5	24
4	4	22
3	7	22
8	14	31
5	9	27
8	11	32
2	7	22
1	5	20
4	6	23
2	5	22
2	4	21
2	7	21
2	8	22
4	4	22
5	12	29
3	6	22
4	7	25
3	7	23
2	7	24
2	6	23
9	11	34
7	10	29
4	8	23
1	5	20
6	12	30
7	9	23
1	7	87
0	13	91
5	9	23
4	8	22
8	10	31
2	4	21
0	9	91
0	9	91
2	6	24
0	14	91
0	9	90
4	8	30
5	34	91
3	5	21
3	8	24
3	9	23
9	12	36
6	9	26
0	2	20
0	4	22
2	6	21
1	5	20
5	7	26
4	7	24
2	6	23
8	5	33
7	11	27
6	9	25
2	8	22
3	5	23
4	6	23
4	8	27
0	7	90
2	5	22
4	5	22
6	8	23
7	6	25
5	10	26
4	6	24
4	7	25
4	6	26
4	7	25
6	8	31
3	6	23
4	8	26
5	8	30
6	8	31
4	9	28
4	9	26
5	7	28
4	6	22
4	6	21
0	33	90
9	13	31
8	10	28
7	10	27
6	7	25
8	10	30
7	8	26
4	9	23
2	8	22
4	8	24
6	10	31
4	8	25
2	1	23
6	11	26
5	8	25
0	9	89
4	5	24
7	6	27
7	5	26
0	2	90
5	6	27
5	10	27
3	7	22
8	29	91
1	5	22
2	15	90
0	5	20
3	6	21
3	24	91
0	9	91
6	10	26
1	3	20
4	7	24
5	7	24
6	10	25
6	9	24
4	5	23
2	26	90
2	8	22
1	5	20
5	23	90
3	7	23
3	7	22
7	12	27
9	10	31
3	7	21
6	7	24
4	8	22
2	6	21
0	24	90
3	6	23
5	8	26
8	8	28
4	7	23
4	9	25
2	9	24
3	7	23
3	7	21
6	9	27
2	6	21
6	7	27
1	5	20
2	4	22
4	7	22
5	11	27
3	7	22
3	8	22
3	8	23
7	9	24
2	5	21
6	9	26
4	8	23
5	14	27
6	14	34
5	9	26
5	9	25
6	12	32
5	10	33
1	5	21
6	6	26
6	8	30
3	6	24
3	8	22
5	6	24
3	5	22
3	8	22
7	10	31
2	4	23
8	11	30
5	10	26
0	3	22
1	4	20
5	8	30
7	10	25
4	8	29
7	8	24
4	10	27
5	8	28
4	8	27
4	9	26
4	7	23
5	7	24
6	8	23
1	6	21
4	11	24
1	4	21
3	7	24
6	8	25
7	8	28
7	7	27
9	11	29
8	11	30
9	10	30
3	6	24
6	9	27
4	12	30
5	10	26
0	22	89
2	5	21
3	6	22
3	7	28
3	7	23
3	6	21
2	6	23
3	5	24
6	10	25
0	25	91
9	14	33
7	11	34
3	7	24
4	8	26
3	10	25
3	8	22
6	7	25
6	7	23
5	6	27
6	9	28
8	11	29
9	12	31
8	11	30
7	10	26
4	5	22
4	6	23
0	35	90
7	7	27
6	8	27
5	6	24
6	8	29
2	5	22
6	9	31
6	7	30
6	8	26
7	9	25
7	10	30
0	20	90
0	4	26
4	7	25
7	10	27
7	10	30
7	9	26
6	9	26
6	9	26
5	11	26
6	9	26
6	8	26
2	5	22
2	4	22
7	9	24
6	7	23
8	6	26
6	11	30
2	8	22
5	9	24
5	9	24
2	6	20
7	10	30
7	12	30
2	5	21
3	5	22
5	9	25
3	5	22
3	9	24
1	6	21
1	10	90
0	17	90
2	6	21
2	4	20
4	7	25
5	8	25
7	10	26
5	9	24
7	8	27
4	7	23
4	6	27
6	7	26
7	8	25
7	9	25
1	4	21
2	7	24
7	9	31
6	12	28
9	36	88
4	9	25
2	7	23
1	8	22
2	5	21
2	5	20
6	11	30
9	12	32
9	12	31
8	13	29
3	7	20
7	7	30
7	9	28
2	7	22
2	6	22
2	6	20
3	5	21
1	4	20
2	7	24
0	21	91
2	4	22
4	5	23
7	10	31
7	8	26
3	8	23
4	9	30
5	9	28
7	10	33
1	11	91
0	7	88
2	6	21
2	4	20
6	9	25
6	9	31
5	8	30
4	21	91
0	9	91
0	20	90
3	6	22
1	4	20
4	8	26
5	9	25
6	11	28
5	11	26
5	11	25
5	8	24
0	3	20
5	10	29
9	11	33
3	8	24
5	8	24
3	6	23
4	5	25
1	2	25
5	9	24
6	10	26
0	2	22
2	6	23
2	6	21
2	7	21
3	5	23
7	8	27
7	8	26
5	8	27
5	6	25
6	7	26
3	6	24
6	30	91
2	7	22
0	3	21
1	3	21
1	4	21
5	7	24
2	3	24
3	5	24
2	6	21
2	7	22
4	8	25
5	7	23
2	5	22
7	8	31
3	8	25
8	13	34
6	13	31
5	11	31
4	8	24
4	9	23
6	10	29
3	9	23
3	6	23
3	5	24
3	6	22
4	12	26
3	4	22
3	8	21
1	3	21
4	8	24
4	9	25
4	9	25
2	2	21
1	4	20
6	10	35
3	8	25
2	5	23
5	9	28
1	7	20
5	8	24
6	6	24
7	8	23
4	11	25
1	4	20
5	10	28
3	7	25
3	6	22
5	8	23
2	5	23
2	5	21
3	6	23
2	7	22
3	9	26
4	7	27
3	7	26
3	8	23
2	7	22
5	9	27
0	12	84
0	7	90
0	19	90
2	5	23
8	11	27
0	26	91
3	8	21
6	9	22
5	13	30
7	13	26
2	6	20
9	11	38
3	3	25
3	8	22
5	7	24
8	9	27
2	7	22
8	9	30
4	9	27
5	9	31
6	8	25
3	4	22
4	24	85
8	9	28
6	7	25
4	11	34
7	7	32
8	12	32
7	11	34
6	7	25
7	7	30
9	10	35
3	7	23
3	6	21
7	8	25
2	7	23
2	7	21
1	7	20
3	6	23
0	4	21
8	11	33
0	22	91
0	21	91
0	21	91
0	23	91
1	22	91
3	9	21
0	4	24
1	5	23
1	5	22
1	4	20
12	24	71
8	11	31
9	10	32
0	9	90
5	8	25
3	9	24
8	11	30
9	13	35
12	14	41
3	5	22
2	7	23
6	11	25
3	8	25
8	11	27
6	12	27
3	10	26
3	8	25
2	8	22
8	10	27
3	-1	91
2	7	22
3	8	24
3	9	23
4	9	26
3	9	24
3	8	24
4	7	23
6	6	25
5	7	26
1	4	21
0	12	89
0	8	90
5	7	31
2	21	89
4	6	23
10	11	32
10	11	33
11	13	36
9	9	31
1	21	91
3	8	26
5	8	27
5	8	26
8	11	32
8	8	30
5	6	24
1	1	23
3	10	22
2	5	23
5	7	25
4	6	25
4	10	30
5	9	28
4	23	91
6	10	25
3	8	23
12	16	38
6	12	30
4	7	24
5	8	26
4	7	23
3	7	23
5	8	24
5	10	28
3	29	91
1	7	91
5	6	25
2	5	22
1	7	24
1	6	21
3	7	24
6	11	25
6	8	24
5	7	24
6	8	25
5	12	27
3	6	23
3	6	21
8	10	31
14	43	90
12	13	36
2	4	23
9	10	30
2	5	23
0	5	91
0	9	91
2	7	22
2	3	20
6	11	27
5	6	30
4	5	26
7	9	30
8	10	28
0	9	84
0	9	90
0	-1	85
0	8	90
4	4	22
7	14	30
6	10	25
5	8	25
5	7	26
6	8	25
0	-1	91
5	6	26
5	8	25
7	11	31
0	11	91
8	8	31
0	11	90
0	11	91
3	7	22
4	6	24
5	8	24
1	3	21
6	10	31
1	6	23
0	1	23
3	8	25
4	8	25
0	26	90
8	9	33
5	7	23
2	6	23
0	8	90
6	9	31
10	13	34
14	16	64
1	36	90
6	9	26
3	7	23
5	7	23
0	12	91
1	5	23
1	4	21
1	5	23
1	5	21
1	4	23
8	12	34
5	11	30
3	6	22
5	10	31
8	10	33
7	12	31
7	27	91
3	4	21
7	10	29
3	4	21
3	6	23
3	7	23
3	2	21
0	25	90
6	8	34
34	30	91
2	5	21
6	9	26
5	9	26
5	7	25
4	8	32
7	12	31
6	12	30
4	8	23
8	10	27
8	11	31
8	11	30
9	11	31
4	5	21
2	5	22
8	10	32
8	10	32
10	9	35
8	10	35
8	11	31
8	12	30
6	9	28
7	12	31
7	13	33
6	13	34
5	11	25
5	9	25
4	7	24
8	11	27
2	5	21
7	11	32
6	13	29
6	11	27
8	10	32
8	9	30
7	11	32
4	8	24
5	8	25
5	12	24
7	8	24
0	12	90
0	11	89
6	7	30
4	10	30
7	9	27
6	10	30
3	6	24
3	4	20
0	23	79
3	3	23
9	10	29
7	6	30
10	9	35
10	6	31
8	6	29
8	6	28
3	4	23
4	4	21
4	4	22
2	7	22
2	3	22
2	8	22
2	8	23
3	7	25
8	13	33
10	12	34
8	14	33
8	14	30
6	7	24
2	6	22
3	5	22
3	7	24
3	6	23
7	9	27
8	10	29
5	7	25
4	7	30
4	7	24
2	8	22
2	7	21
0	2	91
5	12	26
3	4	24
0	13	91
0	12	91
6	5	26
4	7	21
4	6	21
2	5	22
3	6	24
5	9	25
0	6	91
6	10	29
8	13	31
2	6	22
1	7	21
3	8	22
0	5	22
0	8	90
3	6	24
2	6	23
4	7	24
8	13	32
1	5	20
5	7	28
3	7	22
3	5	24
2	7	26
1	4	23
1	3	21
2	7	20
1	3	22
8	12	34
4	7	24
1	5	22
5	7	27
5	7	26
4	7	25
2	6	23
1	6	22
9	14	34
0	2	91
0	0	90
0	0	90
1	0	87
0	1	90
3	6	24
3	8	25
3	7	23
2	5	22
7	11	25
5	8	27
2	6	22
9	9	26
0	8	90
3	8	23
4	8	23
1	5	22
0	26	87
6	7	25
1	4	20
0	24	90
9	14	33
4	7	23
6	6	25
5	9	30
5	8	24
1	3	24
2	6	22
2	5	21
3	5	21
4	8	25
2	5	21
0	2	91
5	11	27
0	7	91
0	9	91
2	5	22
7	9	29
5	5	24
2	4	20
1	7	21
2	4	20
10	13	32
9	12	33
9	12	32
7	10	28
4	11	90
7	11	31
7	7	24
5	7	25
1	3	20
8	13	29
4	7	25
5	9	27
3	5	23
4	8	22
3	6	24
8	13	32
11	13	35
3	5	21
3	8	30
2	8	25
4	8	25
3	5	21
6	7	27
6	9	35
5	8	31
10	11	33
7	12	31
13	16	37
11	14	33
4	11	29
1	5	21
4	6	24
3	8	22
5	8	26
6	7	22
4	10	27
6	14	30
6	8	30
6	14	32
5	9	23
3	5	24
7	8	27
4	12	30
0	7	91
0	8	91
0	28	90
0	6	68
3	5	30
6	9	31
5	10	28
2	8	23
3	8	24
2	6	23
10	14	39
3	6	22
3	7	22
3	9	25
3	7	21
4	8	23
3	8	22
4	8	23
10	14	38
0	9	91
3	8	25
1	6	20
4	5	22
6	7	24
3	6	27
3	5	23
3	4	22
5	9	28
6	9	25
5	10	26
6	10	26
2	5	23
9	9	32
1	3	20
0	10	90
0	15	91
0	4	23
1	4	22
0	2	91
1	6	91
0	11	91
5	8	23
6	6	26
6	4	25
1	5	21
4	5	22
2	8	25
9	11	36
2	6	22
10	11	27
7	9	27
0	10	91
0	12	91
3	10	26
6	7	26
4	6	22
1	6	21
1	4	20
5	7	24
0	10	91
0	0	50
1	3	22
0	5	21
5	10	25
6	11	27
0	23	90
9	10	37
3	7	22
2	8	22
2	8	22
2	9	26
5	10	24
3	7	22
2	6	23
2	6	21
5	8	24
4	8	23
5	9	32
10	12	35
8	13	33
4	6	23
4	10	23
3	10	23
3	5	23
4	10	25
7	7	29
10	13	34
8	12	31
0	10	91
0	2	21
5	10	23
2	4	20
2	7	21
2	8	22
3	7	23
3	3	21
5	6	23
0	3	21
0	3	20
7	6	25
5	5	26
7	7	27
5	8	26
6	10	24
7	13	31
4	7	25
8	14	30
1	3	21
2	5	21
3	9	24
4	8	23
5	8	24
9	13	33
10	13	31
6	11	30
5	12	31
5	10	24
0	8	91
6	7	25
5	15	33
7	8	26
3	7	23
5	7	25
5	11	31
6	9	28
5	37	90
4	7	25
5	8	25
3	6	22
2	3	21
7	8	26
8	7	27
8	7	27
6	9	27
6	6	24
7	12	30
2	7	23
3	6	23
2	7	23
4	7	23
1	9	22
3	5	25
4	6	24
2	5	21
2	8	24
2	5	21
2	6	21
3	6	23
4	6	26
8	12	28
11	10	33
9	10	30
10	8	30
9	11	33
7	7	27
6	7	26
6	8	25
7	7	25
7	10	31
4	29	91
4	29	91
4	30	91
5	30	91
3	6	22
6	7	25
3	6	24
4	9	26
4	8	24
3	7	23
4	8	26
6	9	26
4	8	25
5	9	24
2	6	21
3	7	22
5	9	25
4	7	24
4	9	24
4	8	23
1	4	21
1	8	22
4	7	30
4	9	23
3	8	23
3	9	22
6	11	29
7	11	26
10	13	34
2	7	21
6	10	29
4	8	23
3	6	22
7	8	25
4	8	26
3	8	24
3	7	23
5	11	24
8	9	27
4	9	25
5	38	84
5	13	31
3	6	21
5	9	26
1	4	21
1	9	91
6	13	32
5	5	24
5	10	31
2	8	23
4	9	30
1	5	22
0	4	22
3	6	21
6	9	25
5	7	24
5	7	24
5	7	27
1	5	22
1	4	21
4	10	26
5	8	24
0	10	91
0	5	90
8	7	27
1	5	21
5	8	25
4	5	24
3	7	22
3	5	21
3	7	22
1	6	21
3	7	24
4	7	24
6	14	33
6	13	34
4	11	32
7	10	31
6	10	27
3	8	24
5	13	30
4	6	22
8	14	33
7	13	31
4	10	24
3	7	22
1	17	91
5	9	25
5	10	30
1	8	22
3	7	28
5	7	27
6	6	24
2	5	21
4	8	24
3	6	24
7	8	25
7	9	29
8	9	27
7	7	25
6	10	30
0	14	91
0	10	91
7	11	31
4	7	24
2	5	23
3	6	22
4	11	30
9	12	31
7	11	27
2	5	22
2	5	22
1	36	91
2	6	21
2	8	22
9	13	32
4	6	22
4	6	23
3	6	23
0	27	91
0	2	91
3	4	23
8	13	34
7	15	30
8	13	31
5	8	27
5	9	26
2	5	20
4	6	24
2	4	22
4	10	24
4	8	24
6	6	25
5	11	30
10	15	33
8	9	25
4	5	24
4	5	22
4	9	25
5	9	27
4	9	26
0	19	90
7	13	30
5	9	24
4	8	25
2	5	23
2	5	21
0	3	20
6	11	29
2	6	21
7	18	36
4	9	25
1	4	21
1	3	22
7	8	31
2	9	22
2	35	90
0	13	91
2	6	21
2	6	22
3	6	23
3	6	21
3	6	24
0	9	91
4	5	25
4	5	24
3	7	25
2	4	23
6	10	31
7	12	33
2	19	89
2	6	21
1	4	22
10	12	34
2	5	20
3	5	22
7	9	26
8	11	31
7	11	29
4	8	26
3	4	22
5	11	32
6	9	31
7	9	25
5	7	26
11	11	37
9	10	37
2	27	91
2	4	23
5	11	32
6	9	30
4	7	24
3	8	23
3	7	21
4	7	22
7	8	30
4	8	28
3	8	24
4	37	91
4	10	27
4	7	20
4	11	33
3	8	24
6	9	31
4	6	27
3	6	23
4	6	25
1	34	91
4	25	91
0	3	21
5	7	31
8	8	29
3	7	23
4	8	23
3	3	24
0	18	80
3	5	21
2	6	22
4	6	21
3	8	24
6	10	26
7	8	26
4	8	23
11	14	31
5	9	26
6	14	35
2	10	22
6	7	25
7	8	28
5	5	24
4	5	23
2	6	22
9	14	31
6	7	31
3	7	21
6	8	27
10	10	31
7	12	32
5	10	25
2	4	21
2	6	22
2	6	22
2	5	21
7	10	31
8	11	32
6	11	26
8	11	26
6	8	28
6	9	24
8	9	30
8	11	33
8	12	30
3	4	22
3	4	23
7	6	24
7	8	32
1	4	20
0	-1	90
2	4	21
2	5	23
5	6	24
5	6	25
7	10	26
3	10	22
4	35	91
5	13	26
2	4	21
6	8	28
5	6	24
3	7	24
3	6	25
0	7	77
0	8	77
5	6	26
6	13	31
4	8	26
3	6	23
4	5	22
2	6	21
4	5	23
2	5	21
2	6	22
4	8	25
2	3	22
4	9	24
5	12	30
0	27	90
1	26	90
8	12	29
6	9	25
10	14	36
10	14	37
10	15	35
9	14	38
2	7	21
2	3	20
3	7	25
3	7	23
4	8	24
3	6	24
6	9	26
6	7	25
3	7	24
3	6	23
3	6	20
4	9	29
4	9	25
0	8	90
0	10	91
8	11	31
4	8	23
3	9	24
5	8	23
3	4	21
0	8	91
0	9	90
2	7	22
3	7	24
9	11	32
0	4	91
6	-1	91
0	23	90
2	6	22
1	23	91
9	10	30
2	5	21
0	8	90
0	13	91
3	7	23
0	3	23
3	6	26
3	6	26
3	6	25
2	5	22
9	12	32
0	4	91
3	5	20
3	6	22
6	8	27
5	7	25
7	6	24
5	10	25
4	8	25
9	11	33
4	9	23
6	7	32
4	7	25
2	4	22
4	7	23
0	9	91
5	7	26
6	8	25
6	7	24
3	7	22
5	7	27
2	3	28
1	7	22
4	7	22
7	10	30
3	7	21
3	4	21
0	2	21
6	9	28
2	4	22
4	7	34
3	8	21
3	6	22
3	7	25
3	6	23
4	5	22
2	7	24
7	9	30
6	10	26
7	11	29
5	-1	91
5	36	91
4	9	26
7	8	32
3	8	22
6	9	26
3	10	25
12	16	39
7	10	30
6	9	26
7	8	27
7	8	25
2	7	22
4	6	24
5	8	30
8	12	35
4	6	23
2	7	22
2	6	22
1	6	21
6	11	27
6	9	26
3	6	24
5	12	31
6	10	26
1	6	21
1	6	20
4	8	22
7	9	30
5	9	30
6	9	22
3	40	91
3	40	91
2	5	23
2	5	22
8	11	33
10	14	36
2	5	23
2	31	81
5	8	24
4	7	24
4	9	24
0	11	90
3	4	22
3	12	30
3	5	21
5	12	26
3	6	23
2	2	26
4	7	26
4	6	23
4	6	25
1	5	22
2	4	21
0	3	22
0	3	20
4	4	25
3	6	21
2	6	21
3	6	22
6	9	27
4	8	26
6	2	30
2	5	91
0	5	59
4	7	23
2	6	22
4	6	31
8	5	30
5	8	25
4	7	24
0	1	21
4	10	27
6	11	25
2	5	22
5	8	26
2	4	21
0	8	90
4	6	22
8	9	30
1	8	22
5	10	31
6	10	29
7	12	31
7	10	31
7	11	27
3	8	22
3	7	23
0	10	90
7	26	91
6	9	30
1	4	21
3	5	22
3	5	21
5	9	27
7	11	30
5	10	28
5	11	26
6	10	27
8	15	33
7	10	26
6	11	26
6	10	24
5	12	30
2	5	22
3	10	27
2	5	22
4	24	91
10	12	35
11	11	32
5	9	25
6	9	25
5	10	28
11	15	39
5	10	26
5	9	26
5	9	28
1	5	20
1	5	21
2	5	22
2	3	23
10	13	34
6	37	90
1	36	87
2	37	88
1	36	90
0	11	89
0	2	87
0	9	91
7	11	28
8	11	33
3	6	26
5	11	35
0	4	21
7	12	28
3	11	24
5	5	24
9	15	34
8	13	34
0	31	90
1	6	21
2	8	26
9	13	31
3	7	24
3	7	22
7	13	34
4	9	24
2	7	21
3	7	23
4	7	25
7	11	31
4	8	25
3	8	25
2	7	22
5	10	25
1	-1	91
1	-1	91
5	15	31
1	3	22
4	8	23
6	9	25
5	11	28
3	8	26
3	6	22
2	6	21
3	6	23
3	8	24
6	9	27
8	12	31
6	9	27
0	13	90
5	5	26
9	12	31
2	60	90
5	12	33
5	7	24
4	8	24
8	13	30
5	8	26
5	9	26
5	8	24
1	4	23
4	5	22
2	5	22
2	5	22
3	5	23
3	9	23
6	10	27
6	9	27
1	4	21
7	11	30
5	10	31
2	6	21
3	6	21
2	6	23
1	35	90
3	8	24
3	10	23
10	12	30
7	11	31
7	9	26
4	9	26
2	7	22
1	4	22
3	7	22
3	7	22
6	6	25
4	9	23
5	9	25
7	12	30
1	2	30
0	4	22
8	14	34
9	11	35
6	11	31
5	7	22
2	6	21
2	6	23
2	7	22
3	6	22
4	7	26
3	5	22
2	5	20
2	4	21
2	5	21
6	11	32
6	15	36
3	6	21
3	7	24
2	5	21
6	7	25
7	11	26
7	11	25
5	7	24
4	11	34
1	3	23
0	3	21
1	3	20
4	7	24
5	9	24
3	8	24
1	4	22
2	7	23
10	13	33
0	0	91
29	30	91
1	-1	91
5	9	24
5	9	25
6	11	26
5	10	28
1	33	90
6	7	25
4	9	24
4	9	25
6	12	30
1	7	24
5	9	30
2	4	21
9	13	32
5	12	30
4	6	23
0	16	91
2	4	24
11	12	35
8	12	30
4	7	24
6	7	25
11	16	35
10	14	31
10	9	32
6	9	27
4	7	24
7	13	29
6	7	24
8	11	30
3	5	24
3	8	23
10	11	33
9	11	30
7	8	26
4	10	25
2	8	24
4	9	24
9	10	28
9	9	33
3	6	20
3	7	22
3	7	22
3	7	21
2	9	22
3	7	23
4	7	25
8	10	31
5	11	30
4	9	23
4	9	30
3	9	21
7	10	27
6	9	26
5	10	30
1	5	20
9	7	31
7	6	28
8	10	29
3	9	22
4	9	24
3	5	21
4	10	30
2	7	22
3	7	23
4	7	25
6	7	26
3	7	24
5	8	26
1	21	85
5	8	25
5	8	27
4	9	23
7	8	30
9	13	32
6	10	29
3	7	24
3	8	22
2	6	21
2	6	20
3	7	21
4	6	26
7	7	31
8	11	31
8	8	29
0	6	91
6	-1	91
3	5	21
5	9	26
0	20	91
3	7	21
4	10	22
3	7	22
9	13	32
6	12	28
1	3	23
1	3	22
2	4	22
2	5	20
4	24	91
3	10	25
3	8	26
5	-1	91
2	6	24
3	5	24
6	12	31
5	10	28
0	11	70
0	10	70
8	10	28
1	4	27
5	6	26
2	7	21
4	7	22
5	6	24
9	7	35
4	11	31
4	8	31
10	11	31
6	10	29
8	10	30
7	11	27
9	9	26
2	4	21
9	13	32
5	10	30
4	10	22
5	10	26
3	11	24
0	14	90
0	14	90
8	13	30
0	36	90
1	5	22
1	4	21
2	4	22
5	4	23
2	6	21
6	24	91
4	8	25
6	12	33
4	8	25
3	6	25
4	39	90
4	5	25
5	-1	91
7	11	31
8	11	25
4	5	24
4	7	25
3	7	20
4	6	24
2	6	23
3	3	23
1	-1	91
1	15	90
1	5	23
0	8	91
0	8	91
1	5	90
1	10	91
9	9	29
1	3	21
5	6	22
2	3	22
5	9	24
6	9	23
2	8	23
3	6	22
6	7	25
4	8	24
1	3	36
8	11	34
5	7	23
4	12	28
2	6	20
2	5	21
3	8	22
1	7	23
4	8	23
6	12	31
11	14	37
10	11	35
8	13	30
2	7	21
5	10	25
7	10	37
2	8	24
2	6	25
4	7	24
3	6	22
7	12	31
2	6	21
4	8	22
4	9	26
4	8	23
3	6	21
3	5	21
2	5	21
4	9	22
0	2	27
7	7	27
8	12	30
4	6	22
2	8	21
19	-1	89
3	6	22
9	14	36
3	6	22
8	11	33
9	13	35
6	6	27
0	1	21
7	13	30
8	12	27
0	2	22
9	11	33
5	7	26
9	12	33
5	5	24
2	8	90
1	4	20
5	9	26
4	6	25
3	4	23
3	5	24
5	9	31
4	7	24
3	6	24
5	8	26
4	8	26
9	13	32
9	15	34
10	17	37
12	17	40
1	4	21
7	9	27
6	9	26
9	11	30
4	6	23
8	9	31
4	7	26
6	10	26
6	13	29
6	9	27
3	6	21
5	10	26
8	11	27
6	12	33
8	12	32
2	9	23
3	8	22
2	5	21
5	5	23
4	8	23
1	29	91
3	5	21
2	8	26
3	6	23
3	5	21
3	5	23
5	9	27
6	8	27
6	10	29
8	9	29
2	4	22
5	10	31
2	10	28
5	10	26
1	2	21
0	12	90
3	4	23
5	6	20
6	11	30
5	13	34
6	9	26
3	10	26
5	8	27
3	11	27
4	6	22
0	28	90
5	9	27
7	9	26
2	7	22
2	10	24
4	8	24
3	5	23
0	6	20
0	6	22
10	19	41
1	9	91
4	8	25
7	5	25
1	8	20
5	5	24
2	6	20
2	8	23
0	2	21
0	6	25
0	6	22
0	5	21
4	12	30
6	8	24
8	11	26
5	6	25
2	6	24
8	6	26
2	5	21
4	7	24
6	6	22
4	6	25
8	10	32
7	11	30
8	9	28
5	11	26
2	3	22
5	29	91
3	7	23
4	10	31
4	10	24
2	8	23
3	8	29
0	23	91
0	2	74
0	2	74
1	6	21
3	4	24
3	6	23
3	6	23
0	-1	91
0	38	91
3	8	23
3	9	24
8	10	34
4	9	26
6	9	25
6	9	24
1	2	21
4	7	24
3	8	24
3	7	22
4	7	21
5	8	22
5	8	24
11	15	33
0	18	90
3	6	24
1	3	21
5	5	26
1	20	90
0	28	91
3	8	30
0	9	89
4	9	25
6	8	24
0	11	91
7	7	25
8	7	26
2	6	22
2	6	23
3	6	22
3	7	23
3	7	22
6	10	27
2	6	22
3	6	21
1	3	20
0	10	91
0	7	91
4	8	24
0	-1	90
6	26	91
6	11	30
6	9	24
4	8	24
1	5	22
0	3	20
7	8	33
6	9	26
3	6	22
9	9	32
4	10	30
1	5	30
1	5	23
1	3	24
8	13	28
2	6	22
2	4	21
3	7	26
5	7	25
3	8	24
2	5	20
5	8	27
4	7	21
5	9	24
4	8	23
3	7	25
3	7	22
6	8	25
5	6	21
0	14	91
2	7	23
3	6	24
2	5	22
2	6	21
8	7	33
0	11	90
0	9	88
2	27	90
8	13	35
3	7	22
4	6	21
2	7	20
4	6	21
2	4	22
3	10	24
1	8	22
1	9	22
8	11	31
7	10	30
8	8	23
1	4	21
2	6	23
3	7	23
2	7	21
7	11	32
6	9	24
7	9	29
4	-1	91
7	4	25
4	9	23
3	8	20
3	23	91
3	6	23
2	5	22
4	9	23
5	8	23
4	8	23
7	10	32
7	8	30
0	19	91
7	12	31
9	14	34
8	11	30
5	8	32
3	6	24
2	5	21
4	7	24
3	7	23
2	7	21
4	10	30
3	8	23
3	8	24
3	6	23
7	10	26
4	8	27
0	8	91
0	5	91
3	36	91
4	5	23
4	10	28
0	8	91
0	9	90
1	6	21
0	5	21
3	18	91
17	34	91
5	9	25
4	9	31
6	8	26
3	7	27
5	9	33
8	9	32
6	9	31
7	8	30
6	8	27
6	8	30
5	7	26
5	6	26
4	6	24
4	6	24
4	5	22
2	9	23
0	4	20
5	7	27
3	8	24
3	8	30
5	7	25
3	26	91
4	6	23
7	12	26
0	3	20
0	3	21
0	4	22
3	6	24
4	5	20
6	11	30
4	7	26
2	3	90
1	1	90
1	2	88
1	1	90
1	1	89
1	4	91
0	1	91
3	2	90
2	2	86
4	8	22
3	3	22
2	5	20
2	7	21
2	7	22
7	10	27
4	8	24
4	7	23
3	7	22
5	7	22
8	12	31
8	12	28
2	5	22
3	8	24
4	8	24
8	13	32
2	7	22
3	7	23
2	6	22
2	7	22
2	6	21
1	2	21
3	6	23
7	11	28
6	8	25
3	26	90
7	15	36
7	10	26
5	11	31
2	4	21
3	5	23
2	5	22
1	9	23
2	7	21
2	7	22
9	11	32
2	6	21
2	5	20
2	6	21
2	3	22
8	12	30
7	13	26
7	9	33
0	8	89
0	9	91
5	10	24
2	7	21
4	8	24
4	6	23
4	7	25
8	7	28
6	8	30
5	7	27
6	10	28
2	9	23
7	12	35
0	2	20
3	5	23
4	5	22
4	5	22
4	5	23
1	4	20
7	10	27
8	10	27
4	9	23
3	3	25
4	11	25
6	8	25
6	7	30
2	5	22
0	26	90
7	12	30
6	12	30
2	4	21
0	1	24
0	0	23
0	2	22
0	1	21
1	1	20
3	8	23
1	4	23
7	8	27
3	6	25
2	5	23
3	4	21
3	6	25
6	9	27
5	5	25
0	4	21
6	6	25
6	6	25
5	9	26
4	6	23
5	7	26
3	4	23
6	14	32
5	8	25
6	9	28
3	7	20
3	5	21
3	5	22
4	6	22
6	10	27
6	7	30
6	9	31
4	7	25
3	6	25
6	10	27
3	7	22
3	6	21
3	6	23
4	8	25
4	11	30
1	8	24
5	8	31
4	8	30
0	9	91
0	8	90
5	6	25
3	6	22
8	11	30
2	6	25
3	6	22
4	6	22
2	3	21
3	6	21
2	9	24
5	10	25
2	3	24
3	29	91
4	9	24
0	9	91
0	8	91
5	9	31
4	9	24
2	6	22
21	19	67
4	6	23
4	6	23
7	8	26
6	7	24
10	13	32
6	4	28
8	8	28
1	7	21
4	10	30
3	9	26
3	7	22
5	6	22
2	6	21
3	7	24
2	5	22
5	6	26
5	9	24
6	11	30
5	6	23
2	7	21
3	6	21
3	8	24
3	7	23
8	14	35
0	13	89
0	11	91
0	6	21
4	7	22
5	9	26
5	6	26
4	7	24
4	7	24
0	8	91
0	9	90
0	11	91
0	8	91
5	8	26
5	6	26
7	9	27
11	12	35
2	7	22
2	6	22
3	9	24
4	12	26
4	11	24
4	9	24
3	7	24
3	6	21
9	12	34
2	5	22
5	7	26
3	8	23
3	5	21
1	6	24
1	3	21
4	11	25
4	8	23
8	10	31
7	13	34
4	7	24
3	6	23
1	-1	91
5	9	27
7	11	31
3	9	24
3	8	21
3	8	21
1	3	24
6	13	32
0	3	21
6	10	26
2	6	25
3	5	25
6	8	26
4	7	25
2	7	21
4	7	22
8	11	31
4	6	22
2	8	22
2	5	22
3	5	23
4	7	25
3	6	24
5	9	29
5	11	29
5	9	30
5	9	26
5	9	30
5	7	24
0	3	21
2	6	22
3	7	25
5	7	24
0	1	20
1	4	22
1	6	22
7	11	34
2	6	22
3	6	23
2	5	21
4	9	24
2	8	22
2	7	21
6	10	29
6	15	31
6	14	49
3	7	21
3	23	91
6	8	27
6	2	24
1	5	23
4	9	25
3	6	26
4	-1	91
2	4	21
4	7	26
4	9	23
3	12	30
4	13	29
3	12	26
4	8	23
7	11	30
1	6	22
4	6	24
3	7	27
3	9	22
3	7	24
3	6	21
8	10	27
8	6	31
8	10	31
5	8	25
6	10	24
5	23	90
6	11	27
8	11	33
7	9	29
8	10	30
7	9	29
4	6	25
1	5	20
3	8	21
1	-1	91
3	5	25
4	7	24
7	9	26
5	4	26
3	6	22
10	15	35
13	19	40
12	16	38
11	16	40
11	16	37
11	16	37
12	17	38
11	15	36
10	15	32
9	13	31
2	3	20
3	5	23
0	6	91
0	9	90
5	7	26
6	7	26
6	8	26
3	5	23
6	8	25
1	5	23
3	7	23
23	28	90
6	9	31
7	8	26
1	5	22
3	8	24
4	6	24
4	6	23
0	18	91
0	12	90
2	6	21
3	7	21
3	3	22
0	0	89
4	10	23
10	10	31
4	9	30
5	10	30
1	3	22
3	4	25
3	6	22
3	5	22
1	4	22
3	4	22
3	6	23
5	7	23
2	4	21
1	6	20
0	9	89
6	7	25
8	13	32
0	14	91
0	7	91
5	11	26
0	1	24
5	7	25
0	3	20
9	14	34
2	5	21
0	13	90
1	4	23
4	7	23
1	8	91
1	4	23
1	4	22
4	8	24
4	8	24
4	7	25
4	9	26
5	8	23
1	-1	90
1	5	23
2	8	26
3	6	22
5	11	27
4	8	25
4	6	20
6	11	32
3	8	22
0	20	91
3	6	21
8	9	31
2	7	21
3	7	21
13	15	38
4	6	26
8	11	32
6	9	27
7	10	31
5	6	24
3	5	22
2	6	21
4	6	23
2	11	91
8	9	35
0	2	21
3	9	24
4	6	23
3	7	23
8	7	36
7	18	38
0	9	88
1	5	90
1	4	22
3	7	24
1	2	21
5	7	25
3	7	25
3	25	90
1	6	20
6	9	30
2	6	20
4	7	22
5	8	30
3	7	23
7	9	25
0	7	76
0	6	76
0	6	21
0	21	91
7	9	35
3	5	21
2	5	21
7	9	30
7	8	28
3	12	27
0	6	91
0	12	91
12	13	46
4	9	30
3	7	24
2	7	21
2	5	22
2	6	21
10	10	36
12	11	39
1	8	87
4	8	26
1	5	24
2	6	23
3	6	23
0	16	90
0	14	91
0	11	91
0	9	91
7	10	30
5	8	26
4	8	23
3	7	21
3	7	22
3	9	24
4	6	22
6	12	32
1	2	22
1	3	21
7	12	26
10	11	32
4	7	24
3	7	22
7	9	27
4	9	26
2	4	20
0	3	22
2	5	22
7	12	28
4	8	23
1	4	21
2	5	22
5	12	25
5	7	24
5	9	26
6	7	23
3	7	24
3	6	23
3	7	24
6	8	25
4	10	26
3	7	21
8	11	27
7	10	26
7	8	26
7	10	30
8	9	31
7	9	27
7	8	26
8	9	27
6	10	32
5	9	24
3	6	22
2	6	22
8	12	33
6	8	25
3	7	21
7	11	26
1	4	22
0	5	22
8	13	32
4	10	27
5	8	25
5	10	25
5	10	26
4	10	25
10	12	29
8	14	31
7	10	26
8	13	30
6	8	26
4	8	25
3	7	23
4	6	23
9	13	32
7	13	32
5	6	26
2	4	21
3	4	20
2	6	22
5	6	26
8	10	36
5	9	24
3	7	23
3	37	90
3	7	21
7	13	28
8	14	32
7	10	28
8	12	30
7	11	28
7	9	26
7	10	26
2	6	21
5	10	25
4	9	26
6	8	23
7	14	29
3	6	21
5	8	25
5	8	25
5	7	24
5	4	25
7	13	33
5	6	22
7	9	26
5	6	22
5	7	26
3	9	25
3	8	22
1	6	22
2	5	20
7	11	30
3	9	24
8	13	36
4	6	22
3	6	22
3	5	22
3	4	22
3	3	23
1	4	26
1	4	26
1	4	24
0	4	23
3	6	21
4	8	23
2	7	21
7	14	32
4	4	25
5	11	31
5	8	24
2	4	20
5	10	26
3	4	21
7	14	33
11	16	42
10	13	38
9	14	39
10	14	37
12	14	39
11	14	39
11	16	41
10	12	33
8	10	26
4	13	30
3	5	20
3	5	22
6	10	26
7	11	25
1	6	91
0	5	91
7	10	26
1	6	20
1	6	21
3	4	23
3	5	25
3	5	23
0	27	90
3	5	23
4	4	24
5	7	24
5	7	23
4	6	23
6	12	30
3	8	22
3	7	25
0	26	91
3	6	25
4	9	24
3	7	23
3	7	25
8	11	33
6	8	32
3	5	22
1	13	91
0	-1	88
1	4	20
1	6	20
8	9	29
6	11	27
5	8	27
5	9	24
2	4	24
2	6	21
0	3	21
1	3	21
5	7	25
5	6	26
2	4	20
4	4	24
0	14	91
0	12	90
2	7	20
6	10	30
5	9	24
0	9	90
1	15	91
4	9	27
0	4	20
1	3	21
6	8	27
7	11	30
4	8	31
6	9	28
1	3	20
0	1	20
6	11	30
2	6	21
3	8	23
2	8	22
2	5	20
6	10	30
2	7	21
4	11	30
0	9	91
8	9	27
3	5	22
2	5	21
5	9	24
2	7	21
0	4	90
0	3	89
7	9	26
3	7	21
1	3	21
9	12	32
2	3	23
5	9	24
2	5	23
3	6	23
7	9	27
0	37	90
5	7	23
2	6	21
2	6	20
0	3	21
5	5	22
4	8	22
3	6	21
5	6	24
2	7	20
7	15	32
7	11	30
6	6	28
3	8	23
3	8	22
7	11	31
7	9	26
3	7	26
2	4	20
3	5	26
3	4	22
4	5	24
4	5	22
3	7	24
3	7	22
3	7	25
3	6	23
3	6	24
3	5	25
4	9	23
9	11	33
9	13	32
5	8	30
12	16	41
12	15	39
5	7	25
6	8	24
5	9	25
6	8	26
2	6	22
4	9	26
4	6	24
10	14	36
6	12	33
7	11	30
10	13	37
10	13	36
5	8	27
3	4	21
4	10	30
2	7	20
5	6	28
4	5	24
3	6	24
8	11	30
2	3	21
9	11	33
8	10	31
4	11	31
3	5	23
10	11	31
6	13	26
5	8	24
3	6	23
2	7	21
2	6	26
3	7	22
2	5	21
0	8	64
2	6	22
3	6	24
0	5	90
2	7	24
2	5	22
3	8	24
5	9	25
4	7	25
4	6	25
4	5	23
4	5	22
4	6	24
2	2	22
0	10	91
0	11	91
0	22	90
7	9	27
4	7	25
1	3	20
5	10	26
4	9	24
5	10	30
2	6	22
4	7	24
3	7	24
3	10	25
1	9	91
1	9	91
3	7	24
7	44	91
2	7	21
2	5	21
6	7	27
2	3	20
0	5	22
6	9	28
4	7	26
4	5	23
10	14	38
7	12	35
8	12	31
2	7	22
2	5	21
4	6	22
0	2	20
7	9	28
2	3	21
6	10	25
9	12	31
10	8	26
7	11	29
8	9	29
7	11	33
2	7	23
2	8	22
0	26	90
4	24	90
2	8	23
2	7	23
3	8	23
3	7	25
2	6	24
2	6	23
3	7	21
10	10	30
6	10	25
10	11	34
8	11	35
9	12	35
9	11	30
7	11	27
5	8	25
5	9	25
3	6	25
3	6	22
3	5	23
9	14	31
6	10	27
3	4	23
3	4	24
3	4	21
6	8	27
7	10	27
6	9	27
7	8	29
8	9	27
1	6	21
4	11	30
3	7	21
0	10	90
0	9	91
0	20	90
0	3	21
0	34	90
1	2	22
5	9	21
7	7	26
3	8	30
7	9	30
7	9	27
6	9	28
1	4	20
4	8	27
6	9	28
6	11	29
5	12	28
10	14	35
6	10	25
7	7	25
2	7	21
8	10	30
3	7	22
2	8	21
3	6	21
3	8	24
0	5	22
1	6	21
7	10	26
8	10	27
0	11	91
0	7	88
4	8	25
6	10	31
6	7	26
0	6	58
4	6	22
3	7	24
29	30	66
5	8	26
5	8	25
7	12	32
7	10	27
1	5	21
4	8	25
5	12	33
2	3	21
5	5	22
3	9	23
8	13	33
0	6	87
5	7	26
8	10	28
4	6	22
2	6	21
2	7	22
7	14	34
3	6	24
3	7	23
3	8	21
5	12	30
4	12	24
4	7	22
4	8	24
3	6	21
2	7	21
3	6	22
6	7	24
5	6	24
8	7	27
8	8	29
4	10	28
2	9	22
6	9	31
0	5	21
5	9	24
1	23	91
2	24	91
2	10	24
3	10	25
2	9	24
4	9	23
2	8	22
3	8	22
4	6	22
4	7	31
5	8	27
2	8	22
4	9	26
8	8	31
1	5	21
6	9	27
5	10	30
4	6	24
4	7	26
4	6	23
3	7	24
9	9	26
6	7	29
2	7	23
2	8	24
4	12	25
4	9	24
10	10	28
1	31	91
0	32	91
5	9	31
1	6	21
2	6	21
6	9	24
2	5	24
3	7	26
3	4	22
9	13	31
6	8	25
1	6	22
7	7	25
6	7	31
8	9	25
7	8	31
0	21	91
0	20	91
0	20	91
4	9	24
6	7	27
0	9	91
0	14	91
2	4	23
3	6	22
3	22	91
4	9	26
5	7	23
2	5	21
7	11	28
2	1	91
1	20	91
6	9	30
4	9	23
6	7	25
2	5	22
6	7	25
6	9	25
0	25	91
1	-1	91
0	-1	90
3	6	21
8	12	31
8	-1	91
4	8	26
5	6	25
3	6	23
9	15	35
9	14	33
0	12	90
0	11	86
0	3	23
1	4	31
1	3	22
0	4	21
3	8	30
3	8	26
3	6	25
1	5	22
10	15	36
10	12	34
12	15	39
12	16	38
12	16	37
1	2	21
4	8	25
2	5	21
3	7	22
3	7	24
3	3	22
1	5	21
5	10	22
2	5	21
4	7	22
2	6	21
5	9	33
2	6	23
5	9	26
6	11	24
1	3	21
3	8	24
4	8	24
3	9	24
6	11	29
3	4	29
4	7	23
3	5	21
8	14	33
7	11	26
6	7	26
5	6	24
3	7	23
3	7	22
0	8	91
3	5	22
3	7	21
2	8	23
3	6	21
34	43	90
4	8	26
5	10	27
4	9	27
4	6	26
4	7	25
3	6	23
3	7	23
9	9	29
7	10	27
6	8	25
7	8	29
2	6	21
3	7	21
5	8	25
0	4	73
0	26	84
2	6	22
1	7	21
5	12	30
4	12	30
11	14	36
2	5	20
2	8	20
3	6	20
3	8	23
4	10	24
3	7	24
3	8	25
7	8	25
4	9	21
6	14	29
6	9	28
3	9	22
8	8	30
2	3	21
2	4	25
7	15	31
8	13	27
7	11	28
7	8	26
7	9	26
6	9	28
7	12	27
5	7	29
0	3	21
3	6	22
5	7	24
7	10	30
3	9	23
3	7	24
7	9	23
7	10	26
4	7	23
11	13	33
9	12	31
6	12	27
4	8	25
3	25	56
7	12	30
5	10	24
3	7	23
3	3	22
4	7	24
5	10	27
3	7	22
2	37	91
1	-1	91
0	-1	91
0	10	90
3	6	23
3	11	26
4	9	24
1	3	91
5	9	24
3	7	23
8	9	28
2	8	24
5	6	26
6	10	27
9	10	31
2	26	91
2	2	24
2	6	21
9	9	29
4	22	91
2	23	91
8	10	31
0	19	91
2	7	21
3	6	22
4	7	23
3	7	25
4	5	23
6	6	26
6	7	26
7	12	31
8	12	34
8	12	31
5	11	30
6	9	28
7	9	31
4	5	24
3	6	22
7	9	31
5	9	27
5	11	24
2	6	22
2	5	21
4	6	24
3	5	21
3	5	22
2	28	90
5	7	24
2	27	90
4	7	25
4	8	23
3	8	23
2	7	21
2	5	22
8	11	30
4	6	26
3	5	22
3	5	22
7	7	24
2	5	22
3	6	22
3	5	23
3	7	23
3	5	22
6	9	24
7	13	30
1	5	22
2	6	21
3	6	22
5	7	24
4	8	24
0	27	90
6	8	24
2	7	20
7	11	27
3	8	22
4	7	22
7	9	31
9	9	30
2	31	89
4	10	26
6	7	25
7	10	26
2	5	20
6	8	33
8	9	32
5	7	24
8	9	27
5	10	29
2	2	23
3	4	25
3	4	22
2	5	21
4	7	23
3	6	22
2	6	21
3	5	23
3	4	22
5	7	24
7	8	28
7	8	28
3	8	26
3	8	23
3	7	24
0	23	91
4	9	24
2	3	21
7	9	27
3	8	22
7	12	27
10	14	33
9	16	33
6	11	25
1	5	21
2	6	23
7	9	27
1	5	22
4	8	23
4	8	25
3	7	22
7	10	27
0	16	91
0	16	91
4	26	91
5	7	24
5	10	63
7	12	29
3	8	25
1	36	90
0	36	90
1	37	90
0	36	90
0	36	90
1	37	90
2	5	22
4	10	29
3	10	26
2	7	22
3	10	30
4	7	22
8	9	27
7	8	28
9	12	31
9	12	30
5	9	31
3	6	24
5	9	30
1	7	22
6	8	25
7	9	27
5	9	26
1	4	23
2	7	23
4	9	31
5	8	23
5	10	27
4	10	25
0	33	89
4	5	20
6	10	27
2	5	22
7	12	31
4	8	23
1	4	21
9	10	27
6	8	25
3	8	27
4	10	24
3	7	21
7	10	35
7	9	30
0	-1	91
4	28	91
3	6	22
1	7	20
7	10	31
6	9	26
6	11	26
4	8	23
5	8	24
6	9	25
7	9	28
4	7	23
10	10	32
10	10	32
3	8	21
6	11	30
1	5	22
5	7	23
0	27	90
4	9	27
4	7	28
6	10	31
3	5	24
2	4	23
10	12	34
7	8	27
0	35	91
7	10	28
5	8	25
6	11	25
7	8	27
5	7	31
3	7	23
2	4	21
9	10	28
2	7	22
4	7	24
6	10	30
11	17	38
4	13	91
2	8	91
4	10	90
2	4	22
3	9	23
3	7	22
5	8	24
2	6	22
3	7	23
7	7	28
4	8	26
3	5	22
1	3	22
9	11	30
8	9	29
2	5	22
3	6	23
7	8	27
0	17	90
0	16	91
3	7	22
2	4	22
6	10	26
4	6	24
6	9	25
4	9	24
1	6	20
2	6	23
5	11	25
3	5	24
6	9	26
2	7	24
5	9	26
0	10	91
4	9	23
4	9	25
3	9	21
2	8	23
4	6	24
4	20	90
8	9	27
3	6	25
5	8	27
4	9	26
4	7	23
3	6	22
8	12	30
6	7	25
3	8	25
7	14	31
6	7	22
2	7	24
9	12	28
5	7	25
0	10	91
5	12	30
3	7	22
0	28	90
7	7	27
1	5	21
2	16	90
6	8	25
3	7	22
2	8	23
2	7	22
2	7	21
5	9	25
3	5	23
5	9	26
3	7	23
8	9	28
0	16	68
4	8	24
1	6	22
2	7	24
12	14	35
10	12	33
9	12	36
9	12	34
12	14	39
10	16	39
7	9	26
9	11	32
4	9	24
6	7	24
0	19	90
0	12	91
0	11	90
6	11	31
7	9	25
5	8	25
8	12	31
3	7	25
2	7	23
2	6	22
5	11	30
4	7	21
7	10	31
6	14	31
2	7	22
2	8	22
1	36	90
5	10	27
7	8	30
4	6	24
7	9	30
0	12	90
9	9	34
1	2	22
2	3	21
5	8	25
3	9	26
3	7	22
3	6	23
5	8	25
4	5	23
2	8	23
5	7	21
10	15	36
9	14	33
6	8	26
5	10	25
4	6	22
1	3	23
6	6	27
12	17	37
3	8	23
2	6	22
2	5	21
2	6	21
4	7	25
3	7	28
3	5	20
6	9	25
2	4	22
4	7	21
8	10	37
8	10	33
6	8	27
5	9	27
3	6	21
7	8	25
5	7	25
8	12	31
4	9	23
6	10	25
4	9	23
0	7	90
2	6	20
6	13	34
1	32	90
2	4	22
1	6	21
3	6	23
3	7	21
5	7	24
7	11	30
23	23	71
2	7	22
10	13	33
10	12	32
7	10	28
3	9	27
9	8	30
0	9	90
0	11	91
1	2	22
2	3	21
0	-1	41
10	14	35
2	6	21
1	5	21
5	9	27
1	6	20
11	15	33
4	8	23
3	6	22
6	11	26
7	9	26
2	6	21
1	6	20
11	14	34
5	7	22
6	8	25
9	17	38
10	17	34
9	19	35
9	17	36
9	12	34
4	9	26
4	12	32
3	10	29
4	10	28
3	9	25
3	8	25
3	8	24
4	8	25
4	7	23
2	6	23
3	8	21
3	8	21
3	5	21
3	7	23
1	5	24
1	5	23
1	5	22
6	10	30
9	9	28
6	10	26
6	10	28
5	8	26
2	5	20
1	5	22
14	15	39
6	9	26
2	6	21
10	12	33
9	12	33
2	6	22
3	7	24
8	10	34
4	4	24
8	15	37
3	5	23
7	8	25
2	6	22
6	10	25
7	11	26
2	7	22
7	12	29
7	11	31
0	3	91
0	4	91
2	6	22
2	7	24
3	9	24
7	9	28
0	4	22
0	6	21
8	14	33
2	5	21
2	5	24
5	9	25
3	6	21
3	6	23
5	7	24
8	10	30
4	9	23
2	6	21
3	7	23
1	6	21
5	8	24
4	9	23
3	8	23
6	8	24
5	8	23
9	11	32
9	11	32
1	6	21
3	6	26
6	9	27
3	6	22
2	7	21
1	8	24
3	4	22
1	7	21
5	6	24
3	4	21
6	11	30
0	9	89
1	6	91
4	7	23
8	9	28
6	9	31
0	13	90
0	13	90
5	10	29
3	7	24
2	9	23
2	5	21
6	5	23
4	6	23
3	6	22
1	9	91
2	6	21
2	6	21
5	6	24
1	3	22
1	2	20
6	10	30
6	9	27
0	4	91
7	12	33
8	10	25
2	4	23
0	20	89
1	5	20
2	3	20
3	8	23
2	6	21
1	28	91
3	6	22
2	7	22
3	9	30
2	8	24
4	7	25
5	6	24
2	6	22
8	12	30
8	11	32
9	11	31
4	9	30
4	8	24
3	5	20
5	7	25
8	10	27
5	6	23
2	6	22
3	5	22
4	6	24
5	7	25
4	7	24
4	7	24
3	6	23
4	7	22
4	8	23
4	7	23
6	7	25
3	4	22
6	7	26
7	10	27
7	9	23
2	6	22
4	7	24
4	9	23
5	11	27
8	12	31
9	11	33
6	11	32
9	11	31
8	11	30
9	10	34
10	8	32
7	8	31
7	7	30
7	6	28
3	7	21
3	7	20
3	6	20
1	6	20
2	39	91
0	17	91
3	6	21
6	13	32
5	9	26
5	31	91
6	31	91
3	32	91
5	31	91
5	33	91
3	7	25
0	10	68
3	7	22
5	8	26
4	5	22
9	6	33
9	7	32
8	7	30
7	10	27
4	6	26
2	7	22
3	7	22
8	13	33
4	7	23
1	5	21
6	10	28
8	8	31
4	6	24
4	8	24
3	11	24
3	7	22
4	7	30
0	8	91
0	7	90
3	5	21
0	4	90
6	14	33
7	10	30
0	7	91
1	8	89
10	7	33
6	8	24
5	11	30
5	9	31
5	6	22
1	-1	70
0	28	64
0	29	64
1	-1	67
0	24	58
0	23	53
1	11	31
10	12	34
11	17	38
13	16	36
11	16	40
7	15	31
7	12	29
5	6	24
1	9	91
0	9	90
3	9	23
0	34	90
3	6	23
0	5	21
2	5	22
5	8	25
5	9	22
4	9	22
4	8	28
2	4	22
6	10	30
1	3	21
0	14	91
1	5	21
3	8	21
4	9	22
0	5	22
2	5	21
5	5	24
3	6	24
4	8	23
3	8	25
4	8	25
4	7	25
4	6	23
4	6	26
2	7	20
5	12	30
6	26	91
7	27	91
4	24	91
4	7	25
1	3	21
2	4	22
11	8	35
9	11	31
9	11	32
8	12	31
7	14	30
7	10	27
4	7	24
4	7	24
4	8	22
2	5	22
0	37	89
7	6	26
3	6	21
4	7	21
2	5	22
1	5	23
1	3	22
4	7	23
8	9	30
1	4	23
8	12	27
2	6	21
2	6	21
4	8	22
3	7	22
8	11	31
1	7	23
0	32	91
5	9	30
5	6	24
5	9	24
2	7	22
3	8	26
8	11	27
2	5	20
1	7	21
1	4	23
10	13	40
3	5	24
2	4	21
9	13	35
7	13	34
3	8	23
7	8	27
1	27	86
0	5	20
1	6	20
4	8	23
4	6	22
8	12	34
6	8	27
3	6	23
3	5	23
5	6	24
3	8	23
3	6	25
4	7	26
1	5	20
4	8	24
1	6	22
6	8	23
6	10	24
8	6	30
13	17	49
12	14	41
12	14	46
11	13	43
10	10	34
0	8	91
1	4	21
6	7	30
4	7	25
7	8	26
4	1	24
9	10	34
4	8	24
2	4	21
8	9	31
8	9	31
0	-1	90
3	5	22
3	7	23
1	4	22
2	6	23
2	6	23
4	6	23
5	7	24
5	6	22
2	6	21
2	8	24
1	4	21
5	8	24
9	9	36
5	7	25
8	9	30
3	6	22
2	5	21
6	8	25
8	10	30
7	11	30
7	12	32
7	11	28
5	8	25
6	8	25
6	9	26
8	8	28
11	14	38
4	6	22
3	9	26
8	5	30
12	25	91
2	8	22
8	11	28
2	4	20
2	5	22
2	3	22
3	9	21
2	17	43
0	5	24
1	5	22
1	4	21
6	11	32
5	8	26
6	8	25
5	10	26
6	10	25
6	12	31
2	9	23
5	6	24
3	9	23
4	14	32
5	11	29
6	10	28
6	9	27
6	8	27
3	7	22
6	7	25
1	4	20
0	3	21
4	-1	91
3	21	84
3	8	21
3	8	23
2	6	20
2	3	20
3	6	26
1	7	23
4	7	23
2	5	22
3	8	24
5	6	24
3	6	20
3	8	23
4	5	23
4	7	25
3	7	27
2	7	24
3	6	23
0	12	90
2	6	21
7	9	24
2	4	24
2	6	22
3	5	23
15	18	42
13	19	41
9	12	30
11	17	38
9	14	32
11	18	39
13	17	40
10	16	37
8	12	30
10	14	34
10	14	33
13	17	40
13	16	38
11	16	38
12	17	41
9	16	38
5	8	25
8	10	30
7	10	31
5	8	26
7	9	31
4	10	24
4	7	23
0	7	91
6	12	33
3	6	21
2	5	24
4	10	30
3	8	25
3	7	23
7	11	29
2	5	20
3	5	23
3	5	22
3	8	22
2	4	21
6	13	31
4	5	23
2	3	21
6	9	26
0	9	90
0	26	88
8	10	32
8	11	28
2	3	21
2	8	23
5	7	24
3	6	24
3	3	23
3	7	22
2	6	21
6	14	26
4	7	23
0	6	90
1	-1	90
12	13	38
10	13	35
5	11	32
3	8	23
0	35	90
0	35	90
0	35	90
10	14	35
1	6	23
4	6	22
4	9	26
7	11	30
3	8	25
9	11	30
5	10	27
3	4	23
4	5	23
4	9	25
3	8	23
2	9	24
3	12	30
2	7	23
2	5	20
3	5	24
3	7	21
5	13	36
3	3	26
2	3	26
1	2	24
0	2	23
0	1	22
1	1	21
1	1	23
1	1	21
2	5	22
3	7	30
0	14	90
6	10	25
4	8	25
5	9	24
7	9	28
0	7	90
0	6	91
2	2	20
7	12	31
2	7	22
4	9	30
1	4	29
6	7	27
6	7	24
0	3	21
1	4	21
2	6	23
6	8	25
6	11	25
7	9	30
1	-1	91
6	10	32
5	9	24
3	8	22
1	4	25
2	6	22
4	9	23
1	3	20
3	4	23
7	11	31
1	9	22
3	9	25
6	10	23
4	6	25
4	9	24
4	9	24
5	7	27
2	5	21
3	5	22
10	10	32
5	7	24
5	8	26
3	10	25
7	13	28
4	7	21
4	7	24
6	9	26
0	7	21
4	7	22
6	11	31
5	9	28
7	13	29
5	7	26
7	9	26
3	7	25
4	6	25
0	28	90
3	30	90
4	8	22
6	12	27
3	8	25
2	6	21
6	11	32
7	9	26
2	-1	91
0	32	90
4	5	25
3	5	23
1	4	20
3	9	24
2	4	22
7	8	26
4	9	24
3	7	24
3	5	22
0	21	90
3	6	22
9	11	33
6	11	30
8	10	29
5	7	25
6	4	25
3	6	23
3	5	22
1	5	21
2	6	21
5	10	30
9	11	32
7	7	27
5	6	25
5	8	22
10	10	35
5	10	26
5	15	33
2	5	21
5	9	27
6	8	25
0	31	90
9	13	33
3	6	23
6	10	27
1	18	90
7	9	32
5	9	25
6	9	26
3	9	24
5	6	23
3	6	22
2	8	24
3	6	22
3	4	21
8	11	32
2	6	22
5	9	31
3	9	22
4	8	21
9	15	33
6	12	32
5	10	26
5	11	27
4	11	28
6	11	27
2	9	25
0	31	91
4	8	22
3	8	24
7	14	32
3	6	24
2	6	23
2	5	21
3	4	21
4	9	24
4	9	25
3	7	22
4	8	24
1	29	91
3	8	22
0	5	22
1	5	21
7	11	28
5	10	26
9	13	34
6	9	25
7	12	30
7	13	28
9	16	35
4	12	26
8	11	35
9	13	37
9	13	35
5	6	30
1	5	22
2	6	21
8	11	32
7	10	30
6	9	25
7	9	27
4	7	24
3	5	24
3	8	27
6	9	26
4	7	27
7	10	27
2	5	22
0	3	22
6	8	24
6	8	25
9	9	32
12	13	37
6	10	34
7	10	32
6	8	26
4	8	23
3	21	91
2	7	24
4	13	32
6	9	25
3	6	26
3	5	22
4	5	23
2	5	20
3	4	22
3	5	21
7	13	39
6	7	26
4	8	26
4	7	24
7	8	32
4	25	91
4	25	91
4	-1	91
0	24	90
0	3	90
5	14	30
2	6	21
0	-1	91
9	13	30
6	9	30
0	4	22
3	9	25
3	7	22
7	8	26
2	6	23
0	26	90
6	7	25
0	39	90
6	10	31
6	10	31
3	8	23
10	11	35
6	9	24
3	7	22
2	6	23
2	6	20
3	-1	91
0	21	91
0	10	90
0	13	91
0	-1	89
2	5	20
2	4	21
2	3	22
6	10	27
4	8	24
4	8	24
11	12	34
3	7	23
5	10	26
3	6	23
0	-1	91
2	8	25
3	7	23
4	7	25
6	5	27
2	6	22
5	23	91
4	23	91
1	6	22
1	5	21
6	12	31
4	5	23
9	11	32
3	9	23
9	10	27
12	15	39
7	10	28
4	4	24
1	3	21
2	3	23
2	3	21
2	6	22
4	7	23
3	6	24
2	6	21
5	8	23
9	11	34
0	-1	90
5	9	25
6	9	24
7	10	30
3	8	23
5	6	26
5	11	30
1	3	24
2	6	23
4	6	22
4	6	22
6	10	30
6	13	35
3	3	23
3	8	26
1	6	22
3	7	25
3	9	25
3	9	26
4	9	25
2	5	22
2	6	22
3	6	23
4	6	22
3	5	22
4	7	24
5	9	25
8	8	27
1	7	21
3	7	23
3	7	23
0	7	90
4	8	22
4	8	22
3	6	21
0	21	90
3	6	22
5	7	24
0	8	91
5	7	27
3	6	22
1	18	91
0	2	20
2	8	21
5	4	26
4	10	26
6	10	27
3	6	20
1	24	91
5	8	26
8	9	27
5	8	25
6	11	27
4	8	24
2	5	22
13	25	51
6	5	25
2	7	21
2	5	21
3	9	22
2	6	21
3	8	22
3	7	22
5	29	90
3	30	90
3	7	22
0	-1	90
0	7	91
0	11	91
5	12	33
7	12	32
6	11	30
2	6	21
4	5	23
5	32	91
7	33	91
4	31	91
2	6	27
2	4	21
2	4	22
0	4	21
0	3	39
3	7	25
3	7	25
3	8	24
4	7	25
4	5	22
3	8	22
2	7	21
4	6	24
0	10	90
3	6	27
3	5	22
6	8	24
2	7	21
1	14	90
1	5	20
5	9	30
3	6	21
4	7	22
7	9	26
3	6	25
6	7	30
6	12	30
5	10	26
3	6	21
8	8	31
9	8	31
2	9	21
8	9	32
7	9	27
9	11	32
8	11	33
6	8	28
6	7	30
5	8	25
3	11	30
4	8	23
5	11	33
8	13	34
5	11	32
6	13	33
5	13	31
5	11	30
5	9	24
5	12	31
3	10	26
1	5	21
2	5	21
6	10	26
4	8	23
1	3	20
2	3	21
1	24	90
0	24	88
0	9	91
5	10	30
9	14	35
4	10	24
3	8	23
1	5	23
4	10	30
5	7	30
3	8	25
3	7	23
4	9	24
3	10	25
4	11	25
5	9	26
9	10	34
5	8	23
5	7	25
0	14	90
1	9	91
0	4	20
9	11	33
4	7	25
2	5	21
0	19	90
0	13	91
5	7	30
6	10	25
0	8	90
7	9	25
6	8	25
7	7	26
6	7	25
6	7	25
0	8	90
0	9	89
0	6	91
0	7	90
6	7	26
8	8	32
5	7	26
5	7	24
1	6	21
3	8	24
0	2	22
0	2	23
0	2	24
6	7	32
0	27	90
1	5	20
4	9	23
3	4	24
4	6	23
0	29	90
0	29	90
2	7	21
4	6	30
7	13	27
6	9	27
4	6	22
2	7	21
6	9	29
4	6	30
3	7	22
2	7	24
2	6	22
5	10	29
4	8	25
6	10	27
7	9	28
6	10	31
5	9	26
5	7	26
0	1	20
2	4	21
0	5	21
1	1	25
6	9	28
6	5	24
0	3	20
3	6	23
4	7	23
4	7	25
5	6	27
4	6	25
3	8	25
1	3	23
3	6	21
3	6	23
4	5	25
3	4	24
2	3	25
5	8	25
1	4	22
3	6	23
4	5	25
3	5	23
3	4	23
3	4	22
5	8	27
4	8	24
4	7	25
0	2	21
3	5	22
3	5	21
7	8	32
7	8	25
3	4	24
1	4	22
1	5	22
0	3	21
0	4	20
4	4	24
1	3	20
5	7	25
2	5	21
2	29	91
3	5	22
0	8	63
0	8	90
2	6	21
3	6	23
4	8	25
2	4	21
2	4	20
0	29	90
6	7	26
2	5	22
4	34	91
3	7	22
5	6	30
1	4	24
4	8	21
2	6	21
4	7	26
5	6	24
3	10	22
5	7	30
3	7	24
4	11	30
10	8	30
9	8	29
9	9	31
0	7	91
0	5	90
3	4	24
4	4	24
3	9	23
4	9	25
4	10	23
4	8	22
0	25	91
6	8	26
2	7	22
4	9	26
5	8	25
2	7	24
0	3	21
3	5	22
5	6	27
5	5	26
0	4	21
4	7	24
4	5	22
7	11	30
2	6	21
2	5	21
7	29	91
10	16	33
0	2	22
3	9	26
4	8	23
4	9	24
8	9	28
6	9	27
6	9	25
6	8	24
6	7	24
0	20	89
4	10	30
0	15	91
0	15	89
8	9	27
3	8	23
3	8	22
5	7	24
1	13	91
0	14	91
0	13	90
0	13	89
0	12	91
2	4	20
6	8	23
8	11	35
5	14	31
0	10	90
0	15	91
5	9	30
2	4	21
2	9	23
2	8	21
8	15	32
7	9	27
7	10	28
8	11	28
9	9	29
3	6	23
5	7	24
4	7	23
8	11	35
8	13	32
5	8	24
6	9	26
10	9	33
10	12	34
12	13	39
12	13	41
10	11	33
11	13	40
9	14	37
12	14	42
11	11	35
3	7	23
10	15	33
4	6	23
5	11	28
6	9	30
2	6	22
7	8	24
6	11	27
0	14	89
7	9	27
2	6	22
3	7	23
3	7	22
4	10	23
4	6	24
3	6	24
2	7	24
2	7	24
2	7	22
3	6	21
2	5	22
7	10	25
0	26	91
4	10	26
5	13	30
9	14	35
5	7	24
3	6	23
5	10	25
1	6	23
3	5	21
3	6	22
2	7	20
3	6	24
8	10	30
3	6	21
7	-1	91
9	8	33
6	10	30
2	6	20
5	10	28
4	4	24
4	8	24
2	8	22
4	8	25
3	6	22
8	12	34
2	9	22
3	7	21
2	4	23
2	6	21
3	8	27
2	8	23
5	4	27
4	5	24
8	10	32
3	8	21
4	7	24
7	8	28
1	7	22
2	7	23
6	10	30
8	9	31
6	9	32
4	10	25
3	9	24
3	9	23
2	10	22
0	2	59
4	8	26
6	9	29
9	12	33
8	11	32
8	10	29
8	11	29
9	12	32
8	10	28
6	8	30
7	14	32
4	1	25
4	7	22
4	7	23
5	9	31
6	5	27
6	6	28
9	15	35
0	12	72
0	11	72
6	11	25
7	10	31
5	8	23
0	4	30
6	9	26
7	9	30
6	9	26
7	9	26
2	5	20
7	7	30
3	3	21
3	5	20
4	16	33
5	11	25
9	12	32
7	9	28
6	10	28
9	12	35
8	12	30
8	10	29
9	14	33
9	13	35
9	12	31
4	9	25
2	6	22
2	5	21
3	7	24
9	11	31
2	6	21
6	8	30
1	6	21
5	7	26
2	6	21
3	9	24
5	10	27
3	8	24
1	7	21
0	4	23
3	6	20
2	5	21
4	8	24
3	8	27
7	11	33
2	5	21
7	9	26
5	9	25
0	21	90
0	1	91
2	6	23
1	8	23
3	6	21
2	8	23
8	11	27
8	9	30
1	4	20
8	8	33
2	5	22
0	8	91
0	9	91
9	6	34
4	9	24
5	7	24
4	10	32
0	3	21
2	5	22
0	25	90
0	23	90
0	24	90
0	24	90
0	24	90
0	23	90
0	24	90
0	5	33
4	5	22
7	11	32
3	8	21
3	8	22
5	10	25
4	8	23
9	11	31
1	4	22
0	12	91
0	15	90
3	8	23
0	7	91
0	7	91
0	11	91
0	15	89
0	15	91
0	9	90
0	10	91
0	11	91
7	9	30
0	9	90
1	6	22
6	15	34
0	11	90
5	37	91
0	5	89
0	11	91
4	7	28
0	8	91
0	13	91
0	11	90
0	9	90
1	4	21
1	4	22
12	13	35
11	11	32
6	7	26
7	9	25
6	11	30
6	13	36
3	11	30
7	10	27
5	7	24
2	6	24
4	5	23
1	6	23
8	8	28
8	6	25
8	10	30
2	6	21
7	13	30
5	9	24
3	7	22
3	5	22
4	8	25
3	8	24
3	5	20
8	14	33
5	10	25
4	12	31
4	14	30
11	13	37
1	4	21
6	8	25
2	7	20
2	7	20
2	7	22
5	6	26
3	9	23
5	7	24
1	4	21
2	4	21
4	7	21
7	9	27
7	8	26
4	9	24
7	12	34
5	8	27
6	13	32
6	13	32
5	9	27
4	8	24
6	9	31
4	8	24
4	8	24
2	6	21
6	9	27
3	8	23
4	8	26
0	6	75
1	2	23
2	6	22
3	4	24
3	5	23
2	4	22
2	5	21
0	59	89
3	7	24
5	6	22
2	8	22
3	8	23
1	5	22
3	6	22
8	8	26
2	5	22
6	8	24
10	13	34
11	15	38
28	33	91
0	14	90
3	5	24
3	7	22
2	6	22
1	1	21
4	10	24
2	9	23
2	9	22
2	5	22
5	6	27
4	6	21
3	7	23
5	9	30
7	12	32
5	9	27
7	9	26
7	10	29
4	9	23
10	9	31
3	8	25
6	8	27
6	8	25
0	3	21
4	40	91
3	6	23
5	8	25
9	11	31
2	6	21
5	8	27
0	13	90
0	12	90
3	6	24
2	8	22
7	8	25
6	9	25
9	10	33
2	8	23
2	3	23
4	10	25
2	10	23
4	8	22
7	8	27
5	9	26
4	6	26
3	7	22
9	15	32
3	9	26
7	11	29
8	9	29
8	10	31
3	5	24
9	8	30
3	23	91
3	6	23
5	6	24
2	5	20
3	8	23
6	9	25
3	13	27
3	9	25
4	8	24
3	9	22
2	5	22
8	10	31
8	10	31
3	6	21
0	13	90
0	14	91
11	12	35
7	8	31
5	8	26
4	7	23
6	7	30
4	12	30
2	4	22
6	14	36
4	5	23
9	12	32
3	6	22
3	9	23
4	11	26
8	16	34
6	9	27
6	8	26
8	12	28
7	9	31
3	6	24
6	12	31
9	12	35
6	9	27
4	8	22
3	7	21
5	8	24
8	11	37
10	11	35
8	11	32
9	9	28
9	11	32
3	7	24
5	12	31
3	5	23
2	5	23
10	13	33
9	10	31
7	10	26
7	8	25
5	7	25
4	11	25
2	7	24
2	5	20
1	9	21
3	7	25
2	5	23
4	7	26
3	8	24
4	9	31
3	6	22
4	8	26
5	11	30
3	8	23
5	10	26
8	11	27
2	7	23
4	7	26
5	8	27
4	7	23
6	8	24
7	8	32
5	9	25
6	8	24
3	5	21
6	8	25
5	8	24
3	7	22
3	6	24
1	8	24
6	8	25
8	9	27
7	11	29
8	10	26
3	4	22
6	30	90
4	6	24
3	6	24
6	8	24
7	9	28
2	39	90
6	12	32
8	13	28
5	27	91
7	28	91
6	12	29
2	7	23
0	20	90
3	5	21
3	5	24
2	9	22
5	9	25
3	4	24
2	4	23
7	8	28
7	6	28
0	10	88
0	10	90
6	10	27
8	12	30
4	5	26
2	4	24
2	5	23
2	4	22
4	5	24
4	8	23
2	3	21
3	8	24
5	7	25
7	12	30
5	11	25
9	7	30
2	8	26
3	7	21
2	4	22
1	3	23
1	4	21
1	4	23
5	16	31
5	10	25
2	7	24
2	9	23
7	11	28
4	7	24
5	11	30
0	15	90
4	6	33
0	5	51
2	9	21
4	7	21
5	8	24
3	6	23
3	5	23
2	6	22
2	4	21
4	4	23
4	3	22
2	5	23
1	27	90
1	7	21
0	3	21
4	7	26
0	2	21
1	3	22
1	4	23
0	11	83
11	12	39
9	10	31
11	12	35
9	11	31
0	12	91
0	8	90
0	8	90
11	15	38
4	6	22
4	9	25
8	9	27
8	8	27
7	9	25
5	3	26
3	4	25
7	9	28
4	6	30
5	5	24
10	8	33
9	8	31
8	13	32
7	12	28
0	2	23
4	7	24
3	11	31
4	6	23
1	4	21
5	8	24
8	14	35
5	7	26
6	7	24
6	12	26
2	7	23
0	21	90
0	21	90
0	20	90
1	8	90
1	6	91
4	8	26
4	8	25
6	9	27
6	8	24
6	7	21
6	8	25
7	11	31
8	9	29
7	11	28
6	9	27
6	9	26
3	6	24
3	6	24
3	7	23
3	7	23
2	7	22
4	9	23
4	8	22
3	8	20
2	4	21
6	9	28
2	9	23
2	6	21
5	12	30
2	7	20
4	7	22
6	7	25
5	10	24
0	8	90
0	9	89
0	3	20
5	7	24
6	8	24
1	4	20
9	11	32
2	7	21
3	9	23
4	10	24
4	7	23
2	4	22
4	8	22
3	6	21
5	8	25
4	4	25
3	6	24
5	10	26
2	7	22
4	7	23
1	14	91
9	15	32
6	10	30
3	4	24
6	9	28
3	6	22
1	5	20
8	9	30
2	7	23
0	16	90
5	8	25
6	8	28
6	8	31
7	7	27
6	11	27
3	8	23
5	7	24
3	8	23
0	13	90
4	7	26
0	9	89
2	9	22
5	7	24
3	6	22
7	9	30
1	5	21
4	4	23
5	6	24
4	8	24
3	5	23
4	7	26
4	7	25
4	7	27
4	7	25
3	7	24
3	6	22
3	6	22
5	8	25
4	9	25
4	6	24
3	6	21
3	5	23
1	39	90
0	36	83
4	13	26
2	4	21
0	1	21
8	9	26
8	9	29
2	7	21
9	13	34
1	4	21
6	10	26
5	9	30
4	5	22
2	5	22
2	7	24
3	8	25
4	11	30
0	15	91
4	9	30
0	9	90
4	6	26
6	7	25
0	1	21
4	6	25
1	6	20
7	7	27
6	7	25
4	7	24
3	23	91
3	23	91
3	8	24
2	8	22
8	10	27
1	4	28
3	8	22
6	13	29
3	7	23
3	6	22
9	13	34
6	7	25
7	8	25
6	8	31
9	9	33
5	6	27
5	7	26
7	41	90
2	7	22
4	9	26
3	5	21
0	5	20
9	11	30
8	11	28
6	8	27
3	6	21
7	10	33
7	7	25
5	8	22
5	8	23
0	4	37
4	8	21
2	6	20
1	4	21
6	9	25
2	7	22
2	7	21
4	8	23
5	9	30
6	8	25
2	6	23
2	6	21
5	6	25
3	6	24
0	6	90
0	7	91
5	8	25
0	17	91
3	6	22
5	8	24
1	3	20
3	5	25
2	6	22
4	11	30
8	9	27
5	9	28
4	6	23
0	35	90
1	5	20
5	9	26
3	6	21
7	16	35
5	8	25
3	8	24
3	7	22
4	7	22
1	4	21
3	5	25
10	12	30
3	6	24
3	9	26
2	7	25
3	4	22
2	4	22
3	7	24
8	9	33
5	7	25
0	5	40
0	7	91
4	8	31
5	10	33
5	8	27
4	6	23
5	6	26
2	6	21
9	15	34
8	13	33
9	14	30
5	7	24
5	7	25
7	7	28
8	12	30
7	12	30
7	9	27
7	8	27
5	7	26
8	10	30
3	7	26
4	7	24
5	9	24
12	16	38
10	15	37
11	16	39
3	6	22
3	6	21
8	12	29
7	12	26
8	12	32
2	4	22
3	5	22
3	7	22
6	9	27
8	11	30
5	7	24
2	9	24
4	7	21
6	9	30
5	7	25
3	5	22
2	6	22
6	10	24
2	6	24
5	11	30
2	6	21
6	8	25
6	7	24
6	8	25
6	9	25
6	10	27
5	9	30
4	7	23
2	5	23
2	6	22
3	6	23
4	7	23
2	6	24
4	8	23
3	9	23
2	8	23
2	5	21
6	8	24
3	10	22
6	9	29
2	7	22
7	8	28
4	7	25
3	8	22
7	9	26
5	9	26
4	8	25
5	8	24
5	8	24
1	5	25
10	9	31
9	10	29
2	4	20
2	4	21
2	5	21
3	3	22
0	2	22
2	4	22
5	8	25
6	7	31
6	10	26
1	6	59
3	6	22
6	11	30
1	8	22
4	7	23
7	8	28
4	7	24
3	5	22
5	8	25
7	7	27
0	2	21
0	2	21
2	41	89
0	9	91
3	9	24
2	6	23
3	7	30
5	4	28
1	6	23
4	8	25
0	8	90
0	6	91
4	7	23
6	10	26
0	5	91
0	5	90
2	7	22
3	6	23
5	11	26
4	7	27
2	5	21
3	8	23
7	12	35
3	5	23
2	7	24
4	7	24
1	2	47
2	5	21
6	7	30
3	8	22
5	12	28
5	8	24
4	10	25
5	9	25
4	10	23
6	10	26
6	9	27
6	10	26
7	7	25
7	15	34
2	7	22
5	5	27
9	9	34
10	11	34
5	6	24
2	5	20
4	6	22
2	5	23
8	9	31
3	6	22
1	3	21
2	11	26
4	6	27
3	6	22
3	6	24
2	4	22
2	4	21
0	-1	90
0	29	90
5	8	27
8	12	29
9	13	33
9	12	36
2	7	20
6	7	26
6	6	25
5	7	26
1	4	22
2	4	24
0	2	21
6	11	31
0	14	91
4	7	24
2	3	20
1	2	91
2	5	21
5	13	33
6	11	28
6	8	22
9	10	28
3	5	22
0	4	21
3	5	25
5	6	25
6	7	25
6	5	30
3	6	21
3	6	21
7	9	31
3	5	22
7	5	25
5	5	26
5	5	25
6	10	30
4	14	31
1	26	90
5	6	22
5	6	25
1	6	21
3	7	21
4	9	27
9	11	31
1	5	22
4	10	26
5	10	29
5	7	23
4	9	24
4	6	24
3	4	23
2	5	22
3	5	24
4	6	23
4	4	21
3	4	22
4	7	24
2	6	21
2	5	22
4	8	25
3	2	20
4	9	24
0	4	21
5	8	24
3	5	23
0	4	20
10	12	35
9	12	34
10	14	35
2	5	20
0	7	90
4	6	24
2	2	21
3	4	26
6	10	26
2	6	23
3	6	22
4	8	25
3	7	24
3	7	23
2	6	23
8	9	31
7	8	28
3	7	22
4	8	24
0	2	21
2	4	22
0	8	90
4	5	21
3	7	25
4	6	23
0	5	21
0	16	91
0	16	91
0	16	91
1	18	91
0	16	91
1	17	91
1	16	90
1	17	91
8	9	28
6	6	25
2	7	21
2	8	25
1	17	91
11	11	33
0	23	90
8	14	34
8	11	30
3	8	24
3	7	24
3	10	22
5	9	27
5	7	25
9	9	29
3	7	21
3	6	31
3	7	23
3	8	24
3	7	27
8	8	28
4	6	23
6	10	26
10	11	30
1	6	23
4	10	23
3	7	24
5	7	25
0	12	91
0	12	90
3	7	24
4	10	28
1	5	24
6	8	30
4	5	26
2	7	21
0	3	20
5	10	27
6	10	25
3	9	22
3	7	22
7	8	31
3	8	24
2	6	23
6	10	25
5	7	24
3	7	22
3	6	20
2	5	22
0	19	85
6	7	25
1	2	22
3	8	23
5	7	24
8	9	27
2	8	25
6	10	28
0	24	85
0	26	90
2	6	21
5	7	24
1	24	90
4	8	25
3	8	21
11	14	37
2	4	21
2	4	20
3	7	24
3	7	21
2	6	21
3	6	24
1	39	90
8	7	27
5	6	24
2	3	21
0	3	22
0	-1	90
6	9	25
2	7	22
3	8	22
2	7	22
4	8	24
4	8	23
1	4	22
0	22	90
9	11	33
9	10	32
3	6	22
0	11	90
5	8	26
7	10	32
5	6	24
0	6	23
4	8	25
9	7	27
5	9	30
8	11	28
9	13	32
2	5	24
7	11	31
4	8	23
5	10	26
6	8	26
1	0	22
6	8	30
3	6	22
4	9	23
3	7	24
0	2	22
3	6	21
8	10	28
4	7	25
4	6	23
3	8	21
2	6	22
0	4	22
7	8	31
2	8	25
3	7	21
7	9	27
2	6	21
8	13	30
0	-1	90
0	-1	90
6	11	34
2	6	21
0	5	37
4	6	24
3	8	23
3	8	23
5	8	25
5	9	23
2	7	22
3	6	23
3	-1	91
2	5	22
3	9	26
5	10	26
3	10	27
2	5	22
5	9	24
4	7	22
3	7	21
3	5	21
4	9	31
5	10	30
3	5	23
4	5	24
7	7	27
3	5	23
0	19	91
0	13	91
2	6	23
10	9	32
7	9	28
9	9	29
8	10	29
3	8	21
2	5	23
6	12	33
6	11	28
0	3	20
0	1	23
0	3	22
1	4	24
1	4	22
2	4	21
2	4	25
2	5	22
1	5	24
6	8	25
5	5	23
8	12	31
4	10	25
3	8	24
3	9	23
3	7	22
2	7	23
3	7	24
3	7	24
6	27	91
11	18	38
9	13	34
2	7	22
4	7	22
6	7	24
3	7	24
3	7	22
3	8	21
6	10	27
4	8	21
6	9	27
7	9	30
7	10	30
7	9	30
8	8	25
0	29	91
6	11	27
7	13	29
5	5	23
0	3	21
1	3	20
7	7	33
7	12	29
3	6	24
3	7	25
4	5	23
4	11	26
5	9	27
3	8	22
11	10	34
9	9	29
10	8	31
13	10	39
8	7	28
10	8	31
7	8	26
1	4	23
3	6	22
4	7	25
1	26	90
2	5	21
3	6	23
3	5	23
3	6	22
8	10	28
5	8	23
0	4	23
0	3	24
0	2	22
1	2	22
0	-1	91
1	3	20
1	2	21
6	9	25
6	12	31
2	3	22
2	5	21
3	6	22
3	4	23
2	5	21
3	6	23
2	6	23
2	9	23
3	8	22
3	7	24
8	13	31
3	7	23
4	6	22
3	7	21
8	12	30
0	8	90
9	10	30
0	39	90
0	39	90
0	22	90
4	14	31
1	4	21
0	15	90
7	11	26
3	39	91
4	6	24
6	13	31
6	-1	91
6	-1	91
3	4	22
3	4	23
2	6	21
5	10	25
6	8	24
2	6	23
7	10	28
9	11	36
10	12	35
10	13	34
9	12	34
2	34	90
7	11	30
7	12	29
4	7	21
3	7	21
6	11	27
8	12	30
7	11	27
3	9	24
3	8	22
0	3	21
2	5	23
6	12	30
0	25	91
0	6	91
0	10	88
1	6	20
4	12	31
3	6	21
6	11	28
2	7	22
3	11	24
2	6	23
3	7	22
4	8	24
2	9	24
0	0	90
0	1	90
5	6	26
6	5	26
7	12	34
0	2	23
8	8	29
8	9	31
8	9	29
6	6	25
5	6	25
1	6	21
4	11	31
7	10	30
7	10	27
5	8	30
6	10	30
11	12	35
2	7	21
3	4	23
3	5	23
3	7	24
4	7	24
1	5	22
3	11	31
3	3	23
3	4	22
3	6	23
3	10	25
4	11	25
5	8	24
2	7	22
5	9	25
0	39	91
0	37	91
5	8	23
3	7	23
3	8	24
2	7	22
2	7	21
4	5	23
3	6	23
6	10	30
5	7	26
3	7	22
8	10	28
0	5	20
2	6	21
3	7	21
9	10	34
3	8	21
6	10	31
5	11	30
8	12	32
9	11	32
9	14	32
6	10	30
6	8	24
0	4	21
4	8	25
6	7	27
4	6	24
0	1	28
0	2	20
4	9	27
6	7	26
3	7	23
4	8	23
3	6	23
7	6	30
3	9	24
3	3	22
7	8	26
6	6	24
0	38	91
0	14	90
4	5	22
6	8	26
4	8	23
0	10	90
10	15	38
3	4	23
4	7	25
4	7	24
0	16	91
0	11	89
3	5	24
4	6	26
0	3	23
0	4	22
9	16	31
4	6	23
3	9	22
5	7	25
7	7	24
5	7	25
2	4	21
3	8	25
5	8	24
6	12	29
7	10	28
3	5	23
2	8	22
3	8	23
6	11	26
4	8	24
4	11	24
5	7	27
7	14	29
1	2	21
5	9	32
3	7	21
3	8	22
4	7	23
2	5	21
6	8	26
1	6	20
3	8	24
0	10	91
2	4	22
7	6	27
3	8	22
7	10	28
8	10	27
1	6	23
7	13	29
4	8	23
1	3	21
5	7	24
1	9	21
4	7	23
3	6	22
8	13	32
8	10	31
4	10	25
8	11	31
3	7	21
6	6	23
4	8	21
9	11	29
9	15	34
5	8	24
3	8	21
5	9	30
3	7	23
8	10	32
9	9	31
4	11	24
7	9	31
5	10	25
3	7	25
8	11	29
7	14	30
7	13	29
12	16	43
0	6	90
5	8	27
2	5	21
4	6	32
4	5	27
5	8	25
3	4	21
3	4	22
6	14	29
6	7	25
2	3	22
5	7	24
3	8	23
3	5	23
10	11	35
8	10	30
6	8	25
9	10	28
3	6	22
2	2	22
5	7	28
6	11	32
0	14	91
0	15	91
5	5	26
20	33	91
2	6	20
3	-1	90
1	19	91
0	22	91
1	21	91
1	23	91
2	3	20
3	7	22
2	8	23
1	4	21
4	12	30
1	11	90
1	2	23
8	11	34
5	5	25
4	6	25
4	7	21
5	10	31
2	5	22
2	4	22
0	3	32
0	15	91
1	9	22
1	7	20
1	31	90
0	2	89
0	15	91
3	7	23
7	10	27
1	5	23
1	4	23
2	7	24
2	6	24
2	7	25
3	7	23
2	4	21
6	8	31
6	10	30
5	8	26
7	10	30
7	9	27
7	9	33
3	9	23
8	14	33
3	5	22
7	7	27
3	6	23
3	6	25
2	-1	91
2	6	23
2	6	22
2	4	22
0	11	91
0	8	91
8	12	33
4	8	23
1	4	20
3	6	24
4	8	26
4	9	24
4	7	24
5	6	26
1	7	22
3	10	23
5	6	22
6	8	25
6	8	24
9	13	32
9	9	32
6	8	24
3	6	23
6	11	31
8	11	34
0	15	83
7	11	30
6	12	31
8	8	31
3	4	23
7	8	27
5	5	22
3	9	22
3	-1	91
3	28	91
3	28	91
2	29	91
7	7	26
6	7	25
4	8	25
0	27	91
0	3	91
0	-1	90
3	6	22
4	8	24
2	8	22
6	8	26
6	7	24
7	9	28
7	10	28
4	6	24
2	4	21
5	9	26
3	6	23
2	5	20
2	5	22
1	5	21
0	5	38
0	14	90
3	7	25
4	8	24
4	8	24
3	7	23
4	8	24
4	6	23
4	4	23
3	7	21
4	8	25
0	32	90
4	10	26
6	6	26
3	5	23
6	7	27
4	6	25
5	10	27
4	9	26
5	9	25
5	13	30
5	10	26
6	14	31
3	8	22
1	4	20
5	6	30
2	7	23
4	9	31
4	10	25
6	12	33
3	6	23
7	11	27
8	14	33
2	8	21
4	5	22
0	11	91
0	12	90
0	21	90
0	21	90
3	8	24
5	9	30
2	3	21
9	12	30
4	8	25
4	8	23
5	7	23
9	11	30
0	9	91
7	5	26
2	6	21
6	-1	91
4	10	31
3	7	23
3	38	90
7	11	33
7	12	29
3	6	24
3	6	23
9	10	34
2	6	20
6	10	28
2	6	21
1	8	88
0	5	91
0	5	90
1	29	91
4	4	22
1	35	90
2	6	23
2	4	22
4	4	24
3	5	23
4	7	26
5	6	25
4	5	24
6	11	27
3	6	25
4	6	23
6	6	25
2	7	25
2	5	21
7	8	31
7	9	30
7	12	33
3	8	25
3	7	24
9	9	30
7	9	28
5	7	27
3	6	24
3	5	25
5	8	25
3	6	21
3	6	25
4	8	25
4	7	24
3	7	22
4	7	22
0	4	21
2	3	21
7	14	33
8	11	31
7	12	31
6	10	24
7	7	29
6	-1	91
5	29	91
4	8	25
5	7	26
9	10	32
4	5	24
5	12	30
2	3	22
3	9	23
2	5	21
4	12	28
5	9	30
3	8	23
2	7	23
3	4	20
7	9	28
2	6	22
9	9	28
8	10	29
3	5	23
2	5	21
10	9	32
8	8	30
12	11	39
3	8	24
5	7	26
3	5	21
2	34	89
0	20	90
5	8	91
3	3	91
6	8	30
4	8	23
1	4	20
5	21	91
6	8	25
4	7	25
4	8	30
4	7	24
4	7	22
0	13	91
0	12	90
0	11	90
0	9	89
0	6	59
4	6	23
2	2	21
2	4	20
5	5	23
2	7	22
5	8	23
0	3	22
2	5	22
2	4	23
3	10	26
7	9	31
2	4	21
5	10	25
2	4	23
3	5	23
5	10	30
3	6	24
5	9	26
6	9	27
7	7	25
2	5	22
2	6	22
3	6	23
3	6	24
5	7	24
4	6	21
3	5	23
3	6	23
3	6	21
5	8	26
0	19	89
4	6	21
6	8	27
6	8	26
6	8	28
5	7	23
3	4	22
5	7	24
5	10	32
3	7	22
3	8	21
4	6	23
7	9	28
7	7	24
4	8	22
3	8	26
4	6	23
3	7	25
4	8	24
3	9	26
3	8	27
0	2	21
0	4	20
1	16	90
6	7	28
5	8	25
5	10	27
1	2	21
1	4	23
0	4	22
1	4	20
0	27	90
4	8	22
5	8	30
8	9	28
3	5	23
3	7	23
3	5	21
5	10	29
8	9	30
6	7	30
3	6	22
4	5	26
3	4	24
2	4	20
0	2	23
2	6	23
2	5	23
0	21	91
1	-1	91
1	-1	91
0	-1	91
1	-1	91
1	-1	91
1	23	91
3	5	23
2	10	30
3	9	23
0	9	91
21	36	91
3	32	91
6	-1	91
3	23	91
2	7	22
6	8	25
3	5	23
0	11	90
0	12	90
2	6	23
8	11	28
3	7	23
3	6	23
6	8	31
0	14	90
4	8	26
13	17	43
12	18	45
12	16	40
9	15	37
9	14	34
10	13	38
6	10	31
5	9	23
6	9	31
5	9	30
4	7	24
4	10	30
5	8	26
3	6	23
2	6	23
5	7	23
6	8	26
4	5	23
1	24	90
5	10	26
6	10	27
4	9	25
1	5	20
0	5	21
3	6	21
2	7	23
1	6	20
5	8	25
4	8	24
3	9	22
4	8	22
7	7	27
1	5	22
8	15	32
1	4	20
4	7	24
3	7	25
10	14	35
9	13	32
7	11	30
0	9	74
2	6	24
4	6	26
2	6	21
3	7	24
0	10	91
0	10	91
6	9	24
3	10	23
2	7	23
3	10	24
5	7	24
0	11	91
5	10	24
1	8	23
0	7	22
0	4	21
3	5	24
0	24	90
0	10	91
0	11	91
1	4	22
0	4	90
2	5	22
3	9	22
3	10	26
4	11	26
4	10	30
3	8	23
4	26	90
6	7	25
5	10	30
4	7	24
0	29	91
8	8	27
5	8	28
2	4	24
2	3	21
7	12	25
3	7	24
2	7	20
7	9	26
3	6	21
3	7	23
6	9	27
6	9	24
2	5	21
3	10	28
6	12	26
5	12	26
4	11	25
4	10	24
4	11	25
4	9	24
4	8	23
5	5	25
6	8	25
3	6	24
10	14	30
6	8	28
0	4	23
0	6	23
4	8	25
3	9	26
4	7	26
7	10	26
5	7	25
2	5	21
8	11	31
8	10	29
4	7	24
5	10	33
4	5	23
4	5	23
5	6	26
4	5	23
6	11	30
6	9	30
3	10	30
3	5	23
0	24	90
2	5	21
0	15	91
5	9	27
5	11	31
2	5	23
2	5	22
3	6	23
1	2	23
2	6	24
2	5	22
4	10	31
1	2	22
6	12	30
6	12	30
8	11	33
8	10	25
4	7	22
3	7	21
3	6	23
6	7	23
9	12	32
3	6	22
2	6	22
3	6	22
3	6	22
9	14	35
6	7	25
4	8	23
2	3	21
3	5	24
9	11	37
9	10	31
7	9	33
4	7	25
2	6	23
3	5	22
7	9	31
7	8	27
4	8	23
5	10	26
5	8	27
0	38	89
8	14	36
5	8	24
2	3	21
2	3	22
3	4	22
2	3	20
4	6	23
3	8	30
5	7	26
2	6	23
4	7	24
9	12	37
2	5	25
6	7	32
8	11	32
5	7	25
5	8	27
6	7	25
7	8	26
3	6	23
7	7	24
2	5	21
4	8	23
1	4	20
3	6	22
7	9	31
9	14	31
7	11	30
8	9	35
3	6	22
5	10	30
2	5	21
5	7	25
5	12	28
5	6	24
2	8	23
1	8	21
1	6	23
0	31	91
0	25	90
8	12	31
9	14	32
4	10	24
5	9	24
0	3	45
0	1	45
7	8	28
5	9	30
2	7	24
2	10	28
2	6	21
1	20	91
7	9	27
4	7	23
7	9	29
5	9	24
5	9	23
4	7	25
3	8	23
4	8	22
3	17	89
1	14	61
2	6	24
5	8	27
2	5	21
1	3	21
8	15	32
6	10	26
0	28	91
8	10	31
7	8	28
7	11	29
6	9	25
3	6	21
1	6	22
3	7	25
5	8	23
2	6	22
1	4	21
8	11	28
6	7	26
3	10	25
3	9	23
3	9	27
4	9	24
4	12	31
0	13	91
0	8	87
7	10	29
3	5	21
2	9	31
3	5	23
5	11	24
7	9	28
3	5	22
3	5	21
3	6	22
9	10	30
5	7	26
1	20	90
8	16	37
3	5	22
6	9	25
5	9	25
5	11	29
10	13	36
3	7	23
10	14	33
9	11	31
5	8	24
0	25	90
6	8	26
5	9	33
3	9	27
0	19	90
3	9	27
2	7	24
3	8	26
4	8	23
7	11	32
4	9	25
5	9	26
8	12	30
5	10	26
6	6	25
2	10	25
2	6	21
2	10	24
6	8	23
4	8	21
3	7	22
3	5	21
3	6	23
2	7	23
3	6	22
1	6	22
3	5	25
7	10	31
3	6	21
7	8	26
2	4	21
4	5	23
2	5	24
4	10	24
4	7	23
3	6	24
4	8	25
3	7	21
3	8	22
19	21	72
5	6	25
7	10	29
5	7	24
3	9	27
5	10	26
5	9	27
5	7	24
5	7	24
2	7	22
6	9	26
6	9	26
5	9	24
5	10	25
8	10	31
3	7	23
5	8	25
4	6	24
1	6	20
4	8	23
3	7	24
5	11	32
3	6	21
6	13	32
3	7	22
3	7	21
7	11	26
3	7	23
0	23	90
6	6	25
10	13	30
1	29	89
4	10	25
9	11	31
3	7	24
3	6	23
3	6	22
1	5	21
7	8	25
0	25	90
1	20	90
6	12	30
5	6	27
3	6	21
5	8	22
6	6	27
7	8	30
7	9	28
3	34	90
3	32	90
5	8	25
4	8	24
5	8	23
3	7	24
4	6	25
3	5	22
7	10	29
3	6	22
2	6	21
4	10	26
5	10	26
5	10	25
8	12	30
8	12	29
6	9	25
4	6	22
8	11	32
5	9	30
4	5	24
4	6	21
5	8	23
4	10	25
4	9	24
4	9	22
4	9	22
4	6	21
9	10	33
6	7	24
4	9	25
9	10	36
0	17	73
7	10	25
7	10	25
5	10	24
6	18	91
4	16	91
3	17	91
5	-1	91
4	17	91
2	2	20
7	11	30
4	8	24
5	6	24
6	6	25
2	5	22
11	13	34
8	10	30
6	10	27
0	29	90
3	8	22
2	6	20
1	6	21
3	6	21
3	9	23
3	8	23
3	7	22
2	9	23
0	5	21
8	11	27
2	5	21
4	10	25
5	6	24
6	12	31
4	7	22
3	8	23
4	8	24
8	9	28
4	8	26
4	6	21
1	3	22
6	8	27
0	9	90
5	10	26
2	7	22
4	9	21
8	10	27
5	6	25
4	8	24
8	11	31
8	10	29
4	9	23
7	8	29
2	5	21
2	40	91
3	6	21
3	8	22
9	11	33
3	7	22
3	6	23
3	5	21
3	7	24
5	8	26
4	9	22
9	10	33
7	9	29
5	30	90
0	30	91
6	13	27
5	8	22
7	9	26
0	14	90
0	13	91
0	20	91
0	16	91
8	9	26
8	12	30
3	7	22
1	3	22
2	7	22
2	7	21
0	6	91
0	8	91
5	12	25
4	6	22
8	13	30
1	25	89
1	24	77
1	3	20
3	5	21
5	8	26
2	6	22
4	7	23
2	6	22
0	2	20
0	3	22
1	2	21
3	7	21
8	12	31
9	13	33
3	9	22
7	8	28
0	3	23
7	9	30
3	7	23
3	7	22
3	7	21
4	10	23
8	9	31
3	7	25
4	7	25
3	6	23
3	7	21
6	9	30
9	11	29
5	5	25
0	22	91
9	14	32
8	13	32
3	9	26
3	7	23
3	7	22
8	11	32
4	9	23
9	11	35
3	8	22
6	8	25
8	7	27
4	9	22
9	13	34
4	8	30
6	8	25
6	8	24
5	8	25
4	9	24
3	12	27
3	10	23
3	8	22
4	7	22
4	7	22
3	6	21
1	7	22
2	5	24
3	6	22
3	10	31
2	7	21
3	6	23
2	6	21
2	5	22
2	6	20
1	5	23
1	4	22
3	9	23
4	10	30
5	8	27
6	9	25
7	9	32
10	10	33
4	7	27
7	11	31
4	7	24
3	9	25
4	9	26
2	7	21
9	10	31
4	9	26
4	11	24
4	10	25
1	3	22
3	38	90
2	5	20
4	6	25
4	8	23
6	8	26
1	19	90
9	11	33
2	8	25
5	7	23
6	8	29
3	8	23
3	5	23
11	9	36
5	14	30
5	10	25
8	8	26
3	7	25
0	3	22
6	9	24
3	5	22
4	7	23
4	6	22
6	10	24
1	5	22
1	3	21
3	7	21
3	7	26
0	10	91
0	7	91
3	9	24
6	6	26
5	7	25
4	9	24
3	5	20
6	25	91
4	25	91
4	25	91
6	9	25
4	10	24
8	12	31
2	20	91
4	6	27
8	12	30
10	10	31
5	9	25
1	5	21
0	25	84
4	6	22
3	7	22
4	8	24
3	32	91
3	7	24
2	7	21
4	9	26
4	8	26
6	8	24
1	5	20
4	8	25
2	5	21
3	7	22
6	10	27
3	6	22
3	6	21
0	26	90
2	8	21
0	17	90
4	6	25
4	5	24
4	8	25
3	13	31
7	11	31
5	9	24
5	8	24
6	8	30
12	13	38
10	11	36
6	12	29
8	11	31
5	11	25
7	10	29
5	8	25
5	8	25
7	9	28
6	12	30
7	10	28
3	7	22
4	7	24
5	7	25
3	7	25
6	-1	91
4	9	24
7	8	32
1	4	22
5	8	23
7	12	31
2	5	22
0	-1	91
6	8	25
6	37	91
0	2	21
6	9	29
7	11	35
6	9	31
5	10	24
6	9	25
5	9	25
6	9	25
7	9	32
3	9	23
6	11	29
7	10	26
4	8	24
7	11	28
5	11	26
6	9	27
5	7	26
3	8	21
8	9	26
5	8	27
4	7	24
6	6	27
2	7	24
8	16	33
3	7	24
3	6	22
3	8	25
8	11	33
3	8	22
3	8	23
4	6	21
7	9	26
3	8	21
2	4	21
7	14	30
7	10	27
2	6	20
2	3	23
12	16	39
6	15	31
2	8	23
3	9	22
9	12	32
5	7	24
6	10	31
8	8	26
4	7	23
10	12	33
8	9	27
9	13	32
8	9	31
6	12	29
10	12	34
4	7	22
3	7	23
2	5	21
3	5	21
3	6	22
5	6	22
4	7	22
9	13	30
2	6	22
4	8	23
3	7	25
4	9	24
4	6	23
3	6	21
6	9	25
4	8	27
8	12	33
5	9	24
1	6	21
6	10	26
5	8	25
6	8	24
7	8	25
7	10	28
4	6	23
11	13	36
7	9	24
3	5	25
8	9	32
3	7	21
5	9	25
2	8	24
11	16	37
7	11	30
0	10	90
5	6	24
10	11	30
2	4	23
6	11	30
8	11	28
5	7	24
9	7	33
8	8	35
5	11	30
9	10	32
0	15	69
3	8	22
3	-1	91
6	8	28
3	4	21
2	3	21
2	5	22
0	4	21
6	9	24
3	10	23
5	8	28
4	8	25
4	8	24
4	7	23
3	7	20
3	10	23
4	10	25
6	11	27
5	11	26
8	12	34
8	11	32
8	11	32
8	10	30
10	13	32
9	12	28
9	12	30
9	13	33
9	11	29
9	13	30
9	12	27
5	7	23
6	13	29
2	6	23
13	20	38
8	11	29
3	7	25
6	11	26
7	13	30
7	7	26
2	9	22
8	13	31
4	7	25
4	9	24
3	8	23
3	8	23
2	7	23
2	6	21
4	8	24
3	7	21
8	8	27
3	8	23
6	7	26
6	6	25
5	8	30
9	11	27
7	11	26
5	7	24
2	7	21
1	7	21
2	7	20
5	-1	91
5	9	24
6	11	29
2	3	23
3	7	25
5	10	29
3	5	24
4	5	24
2	7	23
7	8	26
8	12	30
4	9	25
2	5	23
2	5	22
3	6	24
5	10	24
4	8	23
4	7	23
7	8	25
3	9	24
2	7	22
2	3	20
7	8	26
0	5	21
4	7	22
3	6	23
3	7	23
4	11	26
9	11	32
7	9	29
2	6	21
5	8	27
2	5	22
2	6	20
5	7	29
4	6	27
4	5	22
3	9	22
3	6	22
9	10	33
2	5	20
3	20	90
3	5	26
7	7	31
8	7	31
5	6	26
5	6	27
7	7	27
5	6	24
6	8	26
5	6	25
6	11	25
4	9	25
2	6	24
3	6	22
5	7	25
4	7	23
4	6	23
7	11	31
2	7	22
2	6	22
6	8	32
2	7	23
4	8	25
3	5	23
3	6	23
3	8	24
0	12	90
0	12	90
0	8	91
6	10	26
6	8	26
4	8	23
4	8	22
2	21	90
5	9	23
2	7	20
4	7	25
6	9	26
0	10	23
3	5	22
4	6	23
3	9	26
4	9	28
0	19	91
7	9	26
2	7	21
6	7	23
2	8	22
1	5	22
8	9	27
4	8	30
4	8	23
2	6	22
4	7	21
6	11	31
6	8	27
11	15	40
11	15	38
13	15	39
12	15	39
13	15	40
12	15	42
10	17	38
11	17	39
5	8	23
0	11	91
7	9	27
4	6	23
4	9	23
9	14	41
6	9	25
5	7	24
3	10	24
3	7	23
5	14	30
3	7	22
2	7	25
3	8	24
6	6	31
5	8	25
6	8	26
4	8	23
4	5	24
0	8	91
0	7	86
6	9	23
5	8	25
5	10	25
7	10	31
5	10	25
2	5	22
7	10	30
5	11	25
7	12	31
11	12	32
3	6	25
3	6	23
3	7	22
8	10	26
6	10	26
6	10	25
7	9	25
6	9	30
3	6	22
7	8	25
2	9	24
9	10	31
3	3	21
3	6	23
4	6	23
3	6	22
1	5	20
6	6	28
6	32	91
8	11	32
2	4	21
7	12	38
9	11	37
8	11	36
8	11	34
8	11	35
7	10	32
5	10	29
6	9	35
5	8	31
6	10	32
0	7	49
6	9	27
5	12	32
5	9	26
2	7	24
5	10	24
12	12	38
5	7	24
4	7	23
4	8	24
4	9	24
5	7	23
5	9	30
6	11	25
8	10	27
7	12	33
7	10	33
6	9	27
8	13	31
9	9	29
12	11	37
2	7	20
6	8	26
4	8	26
1	3	21
1	3	24
0	2	23
6	10	27
7	10	27
3	5	21
3	5	23
8	10	28
8	9	33
8	10	32
6	8	24
7	11	30
3	7	22
3	9	25
9	9	28
5	10	30
6	8	26
6	7	25
6	8	25
8	11	33
8	11	32
2	6	24
3	7	23
2	6	23
3	6	22
3	7	22
3	7	25
5	7	25
11	16	36
4	9	24
3	6	22
3	10	25
1	3	20
5	9	25
2	8	26
4	8	24
8	11	33
2	6	22
4	10	23
6	7	26
6	8	24
6	10	25
8	9	31
2	4	22
1	3	21
1	3	20
3	7	21
2	6	20
8	7	28
3	8	25
3	5	21
6	10	26
4	8	24
3	7	23
5	9	26
7	9	26
8	12	28
0	16	90
3	9	23
4	12	26
3	8	22
5	7	25
2	6	21
3	8	23
3	8	23
6	8	25
2	5	22
2	7	22
3	7	22
1	33	82
6	9	24
3	8	23
6	9	25
7	5	35
3	5	20
7	12	32
8	12	31
3	27	90
4	8	24
4	7	26
8	7	27
9	7	27
7	8	28
4	8	24
3	6	25
8	13	30
6	8	27
2	5	21
7	9	31
7	8	31
9	9	32
4	6	24
3	6	23
4	8	23
6	9	24
4	5	22
4	8	24
4	9	23
3	7	22
6	11	28
11	12	38
10	12	36
9	10	32
4	7	23
2	8	24
8	12	30
5	10	24
10	11	35
6	9	23
6	12	30
4	9	24
5	15	32
7	10	32
9	12	31
4	10	27
5	6	26
3	10	23
8	10	31
6	9	31
6	11	31
5	8	26
8	9	30
8	10	31
9	9	30
0	12	91
0	12	90
2	7	22
3	7	25
5	10	29
2	8	22
7	11	30
4	9	27
6	8	24
2	5	22
8	11	35
6	9	27
3	5	24
4	7	26
1	5	22
6	13	30
3	6	22
2	4	22
6	8	27
0	10	90
0	9	90
8	11	34
1	4	23
2	4	20
7	10	25
2	4	20
3	7	23
1	4	23
8	10	25
4	6	24
3	8	24
0	8	90
9	13	33
11	14	38
8	11	35
8	10	33
4	7	22
4	8	23
3	8	23
3	9	24
3	7	23
2	7	23
2	6	22
2	7	20
3	8	22
10	12	36
2	5	21
6	8	25
4	11	30
5	9	24
5	13	31
7	9	27
5	8	26
11	11	36
6	12	26
2	2	21
4	9	22
2	8	21
10	14	33
8	11	32
7	12	31
4	7	24
5	10	29
5	10	30
6	10	28
5	10	26
9	11	32
9	10	28
7	10	28
6	9	30
3	10	31
3	8	22
7	12	31
6	9	31
0	16	90
3	5	24
2	5	23
1	4	21
3	7	21
3	8	23
6	10	32
7	11	28
1	5	21
1	5	21
4	10	27
10	15	35
9	9	33
7	10	28
8	11	36
0	17	90
3	5	21
3	6	21
4	7	30
4	6	23
8	8	30
9	8	31
8	7	29
3	5	23
7	10	29
6	9	24
5	11	32
1	4	23
2	21	90
5	8	26
5	10	26
8	8	31
3	12	25
6	9	29
3	7	22
4	6	25
8	8	28
4	-1	91
2	7	21
0	4	20
4	8	24
0	1	62
0	0	62
8	10	30
0	2	20
8	11	30
3	7	21
2	6	23
3	6	23
7	8	25
6	9	27
3	7	23
3	8	23
5	12	30
8	11	29
9	11	32
7	9	30
9	8	35
4	6	26
5	8	30
8	12	31
11	16	39
9	11	29
8	8	29
5	9	25
3	8	22
4	7	22
2	6	24
0	7	91
2	5	21
8	8	27
9	11	38
0	21	91
4	7	25
0	12	90
8	11	30
5	11	32
2	7	20
7	11	31
1	5	20
4	6	25
3	6	25
5	8	30
1	5	30
1	4	24
1	4	21
1	4	23
5	7	23
8	11	31
5	18	91
3	7	26
11	15	36
10	15	35
9	12	29
8	12	28
3	7	22
4	8	24
4	8	22
4	6	25
2	4	22
3	6	22
1	5	23
6	12	31
3	6	20
6	13	32
3	5	23
4	7	23
5	7	22
2	4	20
1	5	20
8	14	37
5	8	24
6	8	24
0	4	20
2	5	24
0	17	90
7	12	31
3	9	23
3	9	23
5	6	24
3	6	20
4	8	23
5	10	25
4	6	24
2	8	21
2	6	23
3	7	22
3	8	21
3	12	26
3	10	26
5	12	31
3	11	24
3	8	23
4	8	24
5	8	23
9	13	36
4	9	23
3	7	22
3	6	21
7	9	31
8	11	30
2	5	21
6	10	24
5	9	28
7	9	31
7	7	27
7	9	32
5	9	29
4	6	23
1	5	21
7	9	25
6	12	30
2	5	22
5	12	30
0	8	89
0	6	90
1	17	28
0	19	91
2	7	22
1	5	21
4	12	24
0	-1	88
1	8	23
2	9	25
2	8	24
2	7	24
15	21	52
4	10	25
2	7	20
6	9	27
7	11	31
7	9	28
7	10	33
6	10	32
7	10	27
7	10	26
5	10	28
5	9	27
2	6	20
7	12	31
8	11	34
8	10	29
3	8	24
6	7	24
3	7	23
2	5	23
3	8	22
6	8	26
6	8	24
10	14	32
6	7	25
3	6	21
3	7	22
6	10	29
6	7	26
7	13	33
7	11	26
9	14	32
7	9	30
5	10	33
8	12	31
3	9	24
3	9	23
1	3	21
10	11	35
6	9	25
3	9	23
8	10	29
8	12	30
8	14	31
8	10	36
3	8	24
4	9	25
6	8	29
8	12	27
8	12	28
6	11	26
7	11	26
5	6	22
5	10	30
3	10	28
4	10	30
5	12	32
4	6	22
2	5	22
0	27	91
3	7	23
0	4	20
8	13	32
4	8	25
9	13	34
7	11	30
7	15	32
8	13	29
3	9	26
2	6	22
9	11	32
2	7	23
5	9	31
7	10	28
4	8	22
8	10	30
5	8	30
3	5	21
3	6	22
9	10	29
9	9	31
5	5	24
2	8	23
2	6	22
3	8	24
6	7	26
7	9	26
3	7	23
6	9	26
7	11	32
2	7	22
2	8	23
5	11	31
3	8	23
2	6	23
1	22	91
4	38	91
4	38	91
2	5	21
2	7	20
2	9	21
4	5	22
5	6	26
3	7	22
3	7	21
4	8	22
4	7	21
7	10	27
10	12	33
10	12	35
10	14	35
8	13	31
0	63	91
10	14	34
6	12	32
7	15	35
2	7	21
5	9	26
5	9	26
6	9	26
6	9	30
8	11	28
7	9	27
8	15	37
8	12	36
3	8	21
2	7	21
4	8	22
5	10	25
8	12	30
8	11	31
9	10	27
7	11	28
5	14	30
5	12	26
2	6	23
0	38	90
10	16	36
4	10	30
7	10	26
2	7	22
5	7	23
1	39	90
2	7	22
7	9	30
8	12	30
8	13	33
6	7	31
4	7	22
3	8	24
6	9	24
8	10	26
5	10	25
7	10	27
6	7	25
3	7	24
6	7	23
7	11	32
4	9	24
4	7	22
7	9	27
4	7	26
5	5	24
3	28	91
5	-1	91
7	10	32
10	11	34
3	10	30
4	6	21
9	11	34
8	11	31
2	10	23
5	8	25
1	5	21
7	10	30
3	9	24
12	13	37
7	9	26
5	7	24
5	8	23
5	8	24
1	21	90
1	5	21
2	7	22
3	7	22
1	4	21
4	7	23
1	6	20
4	6	24
6	11	26
6	12	25
9	13	31
3	8	23
3	7	23
4	9	25
5	6	22
8	13	31
7	7	26
6	9	26
7	14	33
2	9	24
0	1	91
8	12	31
0	29	87
5	10	24
8	11	27
3	11	26
1	5	22
4	6	24
3	4	20
5	7	23
6	13	30
9	14	34
2	8	20
7	7	25
8	11	32
4	7	23
4	8	25
3	8	22
2	7	22
0	23	91
4	6	24
2	6	21
7	10	26
5	13	30
3	9	24
3	9	23
4	8	23
3	7	21
4	10	22
1	6	20
2	9	21
3	7	25
3	7	24
3	6	22
4	7	25
4	8	25
2	5	26
4	6	23
6	8	26
4	6	23
1	3	20
8	14	35
5	13	32
4	7	22
6	8	27
4	11	25
2	6	22
3	8	25
3	7	24
3	7	23
3	9	25
7	8	25
8	9	26
6	11	31
5	15	31
5	12	29
7	14	30
5	12	27
7	9	27
5	7	23
5	8	24
5	9	25
7	11	31
7	11	28
2	7	21
4	6	22
5	10	30
4	8	23
5	5	24
3	6	24
8	10	31
2	6	22
6	8	26
8	7	32
7	11	31
6	11	27
6	9	26
7	12	33
6	12	30
7	11	31
7	10	27
7	9	26
7	10	27
7	11	31
7	11	30
6	11	31
6	9	30
6	11	31
6	10	29
6	8	25
4	8	22
3	32	89
5	10	26
5	10	25
4	8	23
5	8	24
2	5	22
3	8	25
7	10	30
7	11	32
5	11	28
4	9	26
2	8	24
3	8	23
2	7	22
7	10	30
5	8	26
2	4	22
2	5	20
2	4	20
4	6	22
5	9	30
2	38	91
2	5	24
9	14	32
3	8	22
4	6	22
5	7	23
4	8	25
6	10	24
4	9	24
6	8	24
4	9	25
10	13	29
4	8	24
4	7	22
2	6	21
4	8	23
3	5	23
4	7	22
5	10	27
5	8	26
5	8	25
3	4	22
3	9	23
4	8	34
7	11	34
4	8	25
3	10	24
3	13	27
0	5	21
3	6	24
11	14	35
8	9	33
1	3	21
2	4	21
4	10	30
6	8	28
5	10	26
4	7	25
7	9	26
3	12	30
10	13	36
2	6	24
4	12	30
6	7	24
6	9	30
4	9	24
4	8	25
7	11	31
5	7	26
4	8	26
5	12	40
4	7	23
3	6	22
1	25	90
6	8	31
1	7	24
9	11	31
9	11	30
7	8	25
5	7	21
3	5	21
4	6	24
7	12	34
5	8	24
6	8	26
5	8	24
5	11	31
7	10	27
1	9	24
2	7	22
2	7	22
3	7	22
3	7	23
3	7	21
3	7	22
13	16	35
2	4	22
3	5	22
5	9	25
4	7	22
10	14	34
2	5	21
8	14	28
7	10	28
4	8	23
2	6	20
1	26	91
9	10	31
9	11	29
3	16	34
10	10	34
7	10	27
6	9	26
2	5	22
9	17	36
11	13	35
6	37	90
8	9	25
3	6	23
6	11	32
4	8	23
4	7	25
1	9	24
8	12	33
5	9	31
2	6	22
8	9	33
3	7	26
2	7	21
9	12	34
2	6	21
2	5	23
4	8	24
3	9	23
5	10	28
7	9	26
2	6	22
3	5	23
5	10	26
3	7	24
3	7	23
6	7	23
6	11	31
6	8	24
5	8	24
3	8	23
10	9	32
7	9	30
2	9	25
2	7	23
3	8	26
2	7	24
4	8	23
4	8	23
3	6	20
5	9	26
2	5	21
1	7	20
4	6	22
2	7	21
3	11	30
2	11	22
2	10	23
4	8	21
7	9	25
8	9	31
6	9	25
1	2	22
4	6	22
9	8	32
3	8	24
8	10	29
4	7	25
4	8	23
3	5	21
3	5	21
3	10	25
2	7	23
4	9	30
5	10	26
4	8	24
4	9	25
6	11	30
6	10	29
5	9	33
5	9	26
3	11	26
12	13	37
7	8	30
6	9	26
3	9	25
4	6	23
3	8	23
4	7	23
4	9	24
3	10	24
3	8	21
2	7	21
8	12	32
3	8	21
6	9	27
5	8	24
3	6	22
5	8	30
10	13	32
7	11	24
3	6	24
3	5	23
3	5	23
4	11	27
7	14	32
2	6	21
3	8	21
3	8	25
4	9	25
10	11	35
5	10	25
10	17	34
4	9	24
5	8	22
5	10	25
3	9	30
2	6	21
2	7	21
5	12	30
3	6	20
4	9	25
1	5	21
6	9	26
4	9	24
2	7	22
6	7	26
6	9	25
6	9	28
6	10	30
3	7	22
3	7	24
4	7	26
3	6	22
2	7	22
2	7	23
2	28	90
4	7	25
3	7	25
2	5	21
3	7	21
9	14	34
10	14	32
4	7	22
3	5	23
4	7	22
4	6	22
3	8	23
5	4	22
4	8	26
5	5	22
4	7	26
0	33	91
3	6	22
8	6	31
7	14	32
7	7	29
6	10	24
6	11	26
10	12	34
6	12	30
4	8	25
3	6	21
8	9	30
4	7	23
3	10	24
4	7	22
8	9	34
5	8	26
6	10	26
5	9	26
3	7	23
2	5	23
2	5	22
3	6	21
3	8	21
1	6	24
7	12	30
6	12	34
7	11	30
8	10	34
2	8	22
6	7	28
6	6	26
4	5	22
5	7	24
7	9	33
4	5	21
4	8	23
3	5	23
6	11	28
3	7	24
7	5	32
7	12	32
2	7	21
7	11	28
3	5	22
4	8	30
3	26	91
0	1	59
3	7	22
3	7	23
2	7	22
0	10	91
0	8	89
4	8	23
3	8	22
2	6	21
2	8	22
4	8	23
7	8	25
5	9	24
5	9	26
4	6	24
7	10	25
5	7	24
6	8	26
7	7	26
0	29	90
6	13	27
2	2	22
8	9	33
10	12	36
8	10	33
27	-1	73
9	11	33
7	14	30
6	11	27
5	12	28
10	13	33
3	9	22
3	7	21
2	5	25
8	12	30
4	4	24
7	6	25
7	11	32
5	10	25
3	8	23
3	7	23
8	8	28
7	10	29
4	6	21
3	4	22
0	8	90
0	10	91
2	5	22
2	5	21
2	7	23
5	7	24
6	10	23
7	9	26
6	13	34
2	9	20
4	6	21
2	7	22
2	6	20
2	8	26
3	8	26
5	14	30
9	11	34
8	11	32
7	12	31
1	4	20
5	8	25
7	10	32
8	11	32
2	9	25
1	5	23
8	15	37
7	11	27
6	10	25
4	8	24
1	7	22
3	7	21
1	5	21
0	6	46
4	12	30
3	4	21
7	6	34
2	8	20
4	9	31
11	12	38
7	8	27
9	10	30
5	11	30
5	8	25
4	8	24
5	8	26
4	9	27
4	8	24
2	4	23
1	6	21
6	10	34
6	11	31
3	6	22
3	31	91
10	14	34
1	7	22
4	7	25
5	8	23
6	7	24
10	13	33
2	4	21
3	5	21
6	9	30
4	7	23
0	8	91
0	11	90
6	6	26
0	6	22
7	10	32
4	7	24
5	9	28
3	8	25
6	9	24
4	7	22
1	3	23
1	4	22
6	8	35
4	12	30
3	9	22
9	13	29
4	6	22
6	7	24
1	4	22
3	8	23
0	6	22
1	5	20
3	8	24
3	5	23
8	10	27
5	8	32
6	7	26
10	9	32
2	5	20
4	8	23
4	9	25
8	11	32
2	6	21
6	6	25
5	5	24
6	8	30
4	10	24
4	8	25
7	9	30
7	8	27
5	8	30
5	7	25
5	8	24
4	7	28
1	12	90
1	13	91
2	7	24
5	11	25
8	11	27
5	6	23
3	7	24
4	7	24
5	7	24
5	9	27
4	11	27
6	10	26
5	7	22
4	10	30
9	10	30
10	9	33
10	11	36
3	9	26
3	9	24
3	8	23
4	12	26
4	12	24
5	9	25
4	9	24
8	12	30
10	14	36
10	12	34
11	15	36
1	5	21
9	9	30
5	7	26
7	14	32
10	13	32
10	12	32
7	10	28
3	7	21
1	6	21
4	7	21
9	15	35
9	12	33
0	2	22
0	2	22
7	9	31
9	11	35
11	13	36
9	11	37
11	12	34
11	12	35
11	12	33
11	13	41
11	14	40
8	10	32
6	11	31
0	0	21
4	8	23
6	13	33
5	12	31
1	23	90
6	7	24
5	9	26
7	11	27
6	12	30
8	10	31
3	10	22
3	11	23
4	12	27
3	9	25
3	6	21
4	10	22
3	7	22
3	4	21
4	6	21
2	6	23
2	6	21
0	21	90
2	7	23
2	5	22
8	8	26
3	5	21
4	7	23
3	6	23
4	8	24
3	9	25
6	6	25
6	8	27
6	8	26
6	8	26
6	10	27
5	24	91
4	25	91
3	6	23
2	5	21
2	8	26
6	9	28
3	5	24
5	11	27
3	6	22
2	8	26
3	9	26
4	8	24
6	9	27
6	7	25
2	4	20
2	7	21
3	5	22
7	13	31
8	12	31
5	9	26
8	9	34
5	12	31
4	7	21
3	5	25
3	5	22
8	9	31
3	5	23
8	13	32
10	10	35
7	7	28
1	4	20
1	15	91
7	8	26
4	12	31
3	7	24
3	8	25
4	7	23
4	8	23
3	10	27
7	11	30
5	12	30
6	11	30
6	11	31
10	12	28
0	7	91
0	8	91
7	7	27
8	9	28
9	12	31
2	6	22
9	13	40
8	11	29
12	14	41
12	13	37
12	15	40
8	10	28
9	10	28
2	4	21
0	6	21
3	8	22
4	7	22
2	7	21
6	8	23
3	6	21
5	10	30
5	8	25
5	12	26
3	6	22
3	5	24
3	6	21
4	6	24
3	4	21
3	6	21
4	10	23
2	8	21
2	8	22
0	26	89
7	11	31
2	10	23
5	9	25
5	8	24
5	10	26
6	11	30
3	9	25
4	6	22
4	4	21
7	8	27
7	25	91
8	11	30
5	10	33
6	6	25
2	-1	90
7	14	37
0	-1	90
4	6	25
1	3	22
1	5	22
1	22	91
3	5	22
6	8	24
7	-1	91
9	36	90
4	7	25
23	24	90
0	42	90
3	18	31
1	-1	90
8	14	33
2	26	90
3	6	22
3	8	22
3	37	91
5	10	25
4	8	24
5	11	28
4	6	25
3	5	23
7	11	30
4	10	28
0	11	89
0	12	90
0	-1	91
