4	9	31
6	8	30
10	14	36
2	6	21
1	3	24
3	9	24
2	7	23
2	6	21
5	9	23
6	9	28
5	7	24
0	5	23
3	5	23
4	9	24
5	8	31
0	4	91
0	13	90
7	8	27
9	10	32
4	7	23
0	12	91
0	12	90
2	5	22
4	4	23
4	8	22
9	11	33
9	11	34
9	13	35
10	13	34
9	11	34
2	8	24
4	9	26
3	8	24
0	11	91
0	7	90
6	9	26
6	8	25
5	7	24
6	11	27
4	13	30
3	7	22
2	5	21
6	7	27
6	9	25
9	10	29
5	10	24
8	15	36
2	8	21
3	7	22
2	6	21
3	7	24
1	6	22
6	6	24
3	7	25
6	14	33
3	7	22
7	9	25
6	11	30
3	8	23
2	7	23
7	10	25
3	7	22
3	7	21
2	6	21
1	6	20
0	3	21
5	14	30
5	6	26
4	8	24
6	6	30
3	13	90
1	14	91
6	8	24
8	9	27
7	9	27
4	11	30
1	7	22
3	6	23
4	8	25
4	8	23
3	9	25
4	9	26
7	12	30
6	8	31
6	7	29
7	6	28
10	11	37
3	6	21
3	6	24
3	7	23
8	11	31
3	9	22
3	11	24
7	13	27
6	9	29
4	12	30
0	8	91
5	10	28
3	9	22
3	8	24
3	8	22
3	11	90
5	21	91
4	9	25
7	12	31
3	10	24
8	12	32
9	13	30
8	12	29
9	11	28
7	12	32
7	12	31
6	8	27
6	9	27
2	6	21
2	8	21
3	7	22
3	7	22
3	6	26
5	8	22
1	5	44
3	6	24
2	3	22
2	5	21
8	11	33
6	9	24
7	13	30
5	12	26
3	5	22
3	6	25
2	8	23
0	4	21
5	9	25
0	4	25
2	4	21
8	11	32
5	7	24
2	2	23
4	7	21
2	6	21
2	6	20
3	10	31
1	5	21
7	13	32
3	7	22
4	6	22
3	5	22
3	9	22
7	11	30
2	8	22
3	7	22
2	6	21
3	7	23
2	7	22
7	10	31
0	4	20
9	6	31
12	12	35
3	5	22
5	10	30
0	6	20
3	6	22
0	20	91
0	9	90
5	12	30
2	6	22
0	9	91
1	10	90
0	4	22
1	4	21
1	4	22
7	11	30
0	5	21
2	5	21
2	6	23
2	5	22
1	6	22
4	8	25
4	12	30
1	1	21
5	6	23
3	5	22
1	8	22
3	12	28
3	8	22
2	6	21
5	13	28
7	11	30
2	4	21
3	5	22
5	12	33
6	10	30
2	5	22
7	9	30
5	9	27
5	7	26
3	3	21
5	8	26
7	10	30
6	10	25
6	7	24
7	13	29
8	7	31
7	8	30
7	7	28
1	4	23
1	11	24
2	6	21
3	8	22
6	7	24
3	7	21
5	11	30
7	13	31
2	7	20
2	7	21
10	11	35
3	8	22
8	13	32
4	7	25
6	9	24
2	5	22
0	4	20
1	3	23
2	5	20
2	6	22
5	9	26
3	7	22
1	9	26
5	11	32
2	7	24
5	12	30
0	7	91
0	13	90
7	9	25
6	8	26
3	9	25
4	4	20
3	11	24
0	6	91
4	6	23
3	7	22
3	7	22
4	8	23
3	7	24
0	7	88
0	12	90
6	9	25
0	7	88
6	7	24
3	9	24
5	7	25
8	10	27
4	14	32
4	8	24
4	7	26
3	8	25
2	6	22
3	7	24
2	6	21
4	7	26
5	8	30
8	13	35
7	11	31
3	8	25
0	8	90
5	8	24
4	7	23
3	7	25
2	5	22
6	7	28
4	7	25
5	7	22
10	10	31
4	7	23
5	9	25
21	29	90
4	7	24
4	6	22
1	7	91
1	7	90
2	5	21
3	7	22
7	7	23
8	9	31
4	9	24
0	9	90
6	6	24
5	9	23
5	8	24
7	10	26
5	5	25
6	8	28
6	7	26
10	11	30
7	11	33
8	12	31
7	9	28
6	10	29
1	8	21
3	6	21
2	3	20
8	11	33
6	13	36
3	7	25
1	5	20
2	6	21
4	8	24
6	7	26
3	6	22
3	7	26
5	11	30
5	7	26
7	7	25
4	6	24
2	4	21
2	7	24
4	9	24
8	9	27
6	11	28
11	10	37
9	9	31
3	6	31
3	6	22
4	8	26
4	7	21
6	11	28
2	6	21
4	7	26
4	6	23
8	9	28
8	10	32
8	9	30
6	7	27
6	8	28
5	8	26
6	10	26
7	11	26
5	7	23
3	6	24
5	7	24
5	8	25
4	6	22
5	10	31
7	14	33
6	11	27
6	9	27
6	8	30
8	11	32
6	9	27
2	8	22
7	9	27
3	9	23
5	7	25
2	4	21
3	4	21
3	9	25
3	8	24
4	8	24
8	12	30
4	6	25
4	8	25
4	8	23
8	10	31
3	4	22
2	6	20
7	11	32
7	11	33
5	8	26
0	6	91
0	9	91
7	9	30
5	10	31
7	9	26
8	10	28
1	4	22
4	3	24
8	9	30
7	10	30
8	10	27
5	8	25
7	10	31
5	11	31
9	10	34
9	10	35
4	6	23
4	8	23
3	7	25
3	5	21
6	7	28
6	8	27
6	10	30
4	6	24
2	2	23
4	6	24
5	6	24
4	7	23
2	5	22
3	7	23
4	9	24
5	7	24
6	9	27
5	8	23
2	7	22
2	6	22
3	8	30
4	6	27
3	5	25
2	6	23
4	8	23
4	9	23
2	6	22
4	10	25
7	12	30
2	7	23
3	9	23
2	6	21
6	9	25
1	8	22
6	9	30
4	8	23
7	11	30
4	8	32
4	8	26
4	10	31
5	9	30
6	11	32
5	10	30
4	11	30
9	12	33
3	8	24
7	10	25
3	7	21
6	12	27
3	6	24
3	12	24
9	11	28
5	12	28
8	12	30
5	7	22
4	8	22
3	9	31
4	8	24
7	11	34
5	11	24
3	11	23
2	4	22
3	7	23
4	6	22
9	11	33
7	9	29
3	8	22
6	9	26
9	11	30
10	14	33
5	8	27
2	6	22
6	15	32
7	7	26
4	10	24
2	5	21
3	7	21
2	7	21
2	5	21
2	2	22
7	8	28
8	7	28
1	8	20
3	6	21
4	8	23
4	8	24
2	7	22
2	8	24
0	13	91
6	12	31
2	4	21
4	9	26
5	10	25
4	6	22
4	8	23
4	5	23
3	6	23
4	7	22
4	8	22
14	23	90
3	8	20
6	9	25
5	9	25
6	8	23
6	8	25
2	7	23
2	7	24
2	5	22
7	8	26
4	11	26
4	10	25
5	8	24
8	11	31
12	15	38
13	14	39
14	13	41
12	15	39
11	13	39
11	13	40
10	15	37
2	5	23
5	7	22
3	15	90
1	14	91
5	10	27
3	6	22
4	7	23
4	6	24
2	6	23
2	7	22
4	7	24
6	9	24
3	7	22
5	7	24
3	7	21
2	8	23
3	5	24
6	7	26
3	13	91
1	9	91
4	8	24
1	5	20
7	13	34
4	9	24
28	24	89
9	13	32
5	8	21
5	9	24
3	7	23
3	7	27
2	6	24
2	6	25
2	7	22
9	14	36
8	10	31
8	10	33
0	1	22
1	4	21
4	8	23
0	9	91
6	9	31
7	13	31
2	4	21
2	5	20
2	3	21
8	11	30
4	6	21
3	4	26
4	7	24
8	9	36
6	8	25
5	8	23
4	8	24
5	8	23
5	10	26
4	6	26
6	12	31
6	15	31
1	4	22
0	12	91
0	11	90
2	7	20
4	9	26
5	10	25
6	8	31
0	11	91
6	8	30
2	5	23
3	5	25
3	5	23
8	-1	40
0	11	91
2	4	20
0	11	91
4	7	25
2	6	22
4	8	24
3	8	24
5	11	31
4	6	24
8	11	31
1	5	22
2	7	90
2	14	91
0	4	20
4	7	24
4	6	24
2	4	20
0	13	91
6	13	31
2	9	22
2	6	23
3	6	24
3	7	24
4	9	25
4	8	27
3	5	21
3	4	21
6	7	24
3	5	22
4	5	23
3	5	23
2	6	22
2	4	20
4	10	31
1	6	23
0	11	91
1	9	91
7	10	26
2	3	20
6	7	24
1	7	21
0	3	20
7	10	24
4	8	25
5	8	24
2	6	23
1	7	91
1	11	90
1	3	23
3	7	20
3	6	22
2	5	22
2	7	22
2	5	25
3	4	22
2	6	22
2	6	21
2	5	21
4	4	25
2	5	22
3	6	22
4	11	31
3	5	23
3	7	22
3	6	22
3	7	23
0	11	91
0	5	90
6	11	26
0	4	21
4	8	24
6	11	32
0	2	21
1	3	21
3	6	22
6	9	30
1	8	85
2	5	22
7	10	27
4	6	22
2	4	22
6	7	25
6	10	27
2	4	22
2	4	21
7	8	27
5	8	24
5	9	30
3	7	25
3	6	20
4	7	24
0	7	22
4	5	23
6	9	30
6	10	30
5	8	27
5	11	25
3	7	21
3	6	22
3	8	25
6	9	30
5	9	24
2	8	21
7	9	28
4	8	25
3	6	23
3	6	21
3	6	22
3	8	23
5	8	25
3	7	23
9	19	36
7	12	35
3	8	23
2	7	20
5	7	24
1	5	20
4	8	25
5	7	23
9	11	35
2	4	21
3	5	21
2	5	20
1	6	20
0	3	22
3	6	25
5	9	24
4	12	31
7	10	26
6	8	26
1	5	21
7	8	30
1	21	91
1	20	91
0	20	91
2	6	22
4	8	22
2	7	22
3	8	22
3	6	23
4	7	26
6	8	26
7	10	32
6	9	31
5	7	26
4	7	26
5	10	30
5	7	30
3	5	23
5	7	24
3	6	21
1	4	22
1	2	22
1	3	20
3	7	24
3	6	22
1	5	21
6	14	30
8	9	25
1	3	20
1	5	21
2	6	21
9	9	25
2	2	22
5	9	28
3	11	30
2	7	24
2	7	23
6	7	31
5	8	25
8	10	30
4	6	22
1	5	21
5	9	26
5	8	27
3	9	24
2	7	22
3	6	22
9	11	29
9	10	29
2	7	22
2	8	21
8	16	36
5	7	23
3	8	23
5	10	26
5	9	26
5	8	24
4	8	23
3	10	27
5	9	26
4	8	27
3	8	23
4	8	22
3	9	22
4	7	21
2	6	22
6	13	27
8	11	30
9	12	30
8	13	34
2	4	21
4	6	24
10	13	38
12	13	34
10	15	39
1	6	21
1	6	21
3	9	21
2	4	20
4	8	25
2	5	23
4	9	25
4	8	24
5	9	27
3	7	26
6	8	25
4	8	25
5	13	32
5	12	31
5	12	30
6	9	27
6	11	30
7	12	31
4	10	28
1	8	20
3	7	23
6	5	26
6	7	25
5	9	30
5	5	23
3	5	23
6	8	29
6	9	34
6	9	34
3	6	22
2	10	24
7	9	24
1	8	22
4	9	23
4	9	22
5	8	30
5	7	25
5	9	23
5	9	24
3	10	22
8	8	33
3	8	24
3	9	27
4	10	25
2	6	21
9	11	31
8	14	33
10	14	34
5	6	22
6	17	34
7	14	30
6	15	30
8	15	31
5	14	31
8	13	30
6	9	32
2	5	21
8	11	26
7	9	26
4	6	24
8	11	30
8	12	30
6	10	30
5	6	24
11	12	33
8	13	30
3	7	24
5	8	25
2	7	22
4	6	21
3	7	27
3	6	21
9	13	33
6	11	30
5	9	25
5	10	26
4	10	25
9	10	31
3	6	23
9	10	30
6	9	26
3	8	26
3	9	24
3	8	22
3	8	23
9	13	31
7	8	27
3	6	23
5	9	24
2	8	23
9	10	30
6	8	28
6	7	30
5	9	31
4	6	23
3	6	21
4	6	23
3	7	23
2	5	31
2	3	23
4	10	30
4	9	25
7	10	31
3	14	33
5	6	25
2	5	22
3	5	25
4	9	27
5	5	24
7	9	26
3	6	23
7	12	31
2	9	90
1	11	91
4	7	22
3	6	22
2	7	20
5	7	23
1	5	21
2	8	23
4	7	25
5	6	25
4	8	23
6	11	26
6	10	27
9	15	33
8	13	34
7	10	30
2	6	21
3	7	22
3	7	23
2	7	21
0	3	22
4	9	28
2	7	21
0	5	22
5	10	25
5	8	26
1	4	21
2	6	22
3	6	22
2	10	24
2	12	27
2	9	22
6	11	31
3	7	22
2	4	21
2	7	30
4	8	26
3	6	23
5	10	24
3	3	23
6	7	32
7	7	31
3	6	21
1	5	21
2	8	25
3	8	25
2	7	23
2	6	21
3	9	24
2	9	24
3	8	23
3	7	22
2	9	24
1	3	43
6	13	30
2	4	22
3	5	22
3	5	21
2	8	23
4	6	23
4	10	31
2	5	21
4	6	24
2	7	23
4	5	24
2	7	24
3	6	22
2	4	22
0	14	91
1	2	21
4	10	30
9	10	29
9	11	29
3	7	23
1	10	90
2	6	21
3	6	22
2	5	21
5	25	91
5	9	25
6	10	25
3	8	23
3	7	90
4	8	24
2	6	20
6	8	30
1	4	21
2	10	25
3	4	23
0	16	90
10	12	38
13	11	39
10	10	36
10	12	41
11	10	35
10	11	35
0	4	20
4	7	25
2	6	21
2	5	22
4	44	83
6	7	23
9	11	34
3	6	25
2	5	21
6	7	24
6	9	25
6	9	26
1	8	21
5	9	24
3	-1	90
5	8	25
4	7	23
4	9	24
6	7	24
3	6	24
3	7	23
6	8	26
5	9	30
3	9	24
3	8	21
0	3	21
0	5	23
0	4	22
6	10	30
7	9	27
5	10	32
1	6	21
2	6	21
3	8	26
4	8	24
6	12	30
8	10	28
4	8	24
4	7	23
3	8	24
2	7	21
5	8	26
2	5	20
4	6	25
4	6	23
2	7	22
2	8	23
3	5	24
3	6	25
4	7	28
5	9	27
6	9	25
2	5	20
5	10	32
4	9	24
3	11	25
5	9	30
2	7	22
3	8	24
3	7	24
3	7	27
4	11	30
2	3	20
5	10	30
1	6	21
4	9	30
3	6	21
5	6	26
2	6	22
6	11	30
2	5	25
7	10	27
8	11	29
2	5	25
5	10	31
3	8	23
5	10	25
4	9	24
4	6	23
2	8	22
1	7	20
2	9	22
5	7	24
2	4	21
5	7	25
5	10	25
4	10	26
6	12	27
4	8	25
4	8	28
4	9	24
1	4	20
4	4	24
5	10	26
5	8	26
3	6	25
4	9	26
8	13	28
3	5	22
3	9	25
4	8	24
5	6	25
7	12	30
1	3	20
3	5	22
5	11	30
4	9	30
3	8	31
2	7	22
2	4	25
3	5	22
3	8	22
4	6	22
8	9	31
3	5	23
5	9	26
4	6	23
8	10	31
7	5	26
7	6	28
6	5	31
6	5	31
5	7	25
3	6	23
6	8	27
5	9	31
3	6	24
2	7	23
3	8	25
7	10	31
3	6	23
2	7	21
5	9	24
6	8	23
5	9	32
2	8	22
4	5	23
6	7	31
6	6	30
4	4	23
4	4	22
2	5	24
3	6	22
7	8	26
0	5	21
3	7	23
3	7	22
4	8	25
4	8	25
4	7	23
2	5	24
4	5	26
5	9	27
6	10	26
8	8	26
6	8	27
3	5	23
7	7	28
3	8	22
2	7	21
2	7	20
8	9	34
8	12	26
6	10	27
7	12	37
5	11	31
7	11	30
3	6	20
5	8	26
3	6	22
6	8	25
6	10	25
0	10	91
4	6	30
6	5	24
0	2	21
1	5	23
1	4	22
8	12	32
6	6	26
4	7	22
4	13	32
8	9	30
7	8	25
8	10	31
8	11	32
9	14	35
2	7	22
6	8	26
7	10	27
9	13	30
6	11	29
4	6	23
3	5	23
2	4	23
1	6	21
0	9	90
6	12	32
2	3	21
0	12	91
0	13	91
0	16	91
2	5	22
5	9	30
2	8	21
3	7	22
4	5	21
2	4	22
6	12	28
4	7	23
3	7	22
7	10	27
9	12	35
3	7	25
3	6	22
8	10	27
8	14	38
4	8	22
8	11	31
8	12	28
7	11	27
6	8	27
7	12	29
3	9	22
0	5	21
7	10	34
3	8	23
4	9	24
3	6	24
3	7	22
6	9	24
3	9	23
0	3	20
0	17	90
3	9	25
4	8	24
4	8	26
7	10	26
4	9	23
3	7	23
2	8	23
4	10	30
6	15	31
3	7	21
3	5	22
2	5	24
2	6	24
6	11	30
2	7	21
3	6	22
3	8	23
3	5	22
3	6	22
6	8	31
4	7	23
2	4	21
5	7	23
9	10	28
3	7	22
5	6	24
2	8	23
9	12	37
5	10	28
6	11	30
4	6	22
4	5	21
2	8	23
3	7	24
4	24	90
11	25	90
9	27	90
5	7	24
8	11	31
3	7	22
4	8	24
1	6	20
3	7	26
4	12	27
3	12	26
5	10	26
5	10	26
4	9	23
4	7	23
2	6	22
4	8	25
5	8	24
4	9	23
3	4	23
1	3	22
6	7	25
5	10	33
9	10	27
3	7	23
2	5	24
2	6	21
2	6	20
1	4	20
3	5	24
2	5	21
6	6	24
3	9	27
3	8	25
2	6	21
6	12	30
4	7	25
8	13	30
8	13	31
4	5	22
1	3	22
3	7	23
5	6	23
0	8	90
1	7	24
3	12	24
7	11	30
5	6	30
1	5	22
5	11	31
9	12	30
5	9	24
6	10	25
3	7	22
3	6	25
3	6	23
5	7	24
4	9	24
2	8	22
3	5	21
4	7	22
2	6	23
2	5	20
3	5	23
6	8	24
5	5	24
3	5	22
4	8	26
2	5	20
9	10	32
7	11	26
7	9	25
0	11	91
5	10	30
2	5	21
4	11	30
2	5	20
5	12	30
2	4	22
1	4	21
5	9	27
2	7	20
5	6	24
6	7	30
5	7	24
5	8	25
5	6	24
5	11	32
4	8	23
3	6	21
4	7	25
4	7	24
4	8	26
3	5	24
0	1	91
3	-1	89
4	8	24
3	6	21
9	13	30
10	12	30
8	9	29
3	6	21
7	9	29
2	5	22
7	7	29
7	7	35
8	9	30
4	7	22
7	13	31
4	7	23
3	5	22
2	6	23
3	5	25
5	11	28
3	7	20
1	8	21
0	5	47
0	14	91
7	11	32
8	10	30
7	10	32
5	9	28
6	13	33
8	11	33
6	10	30
6	11	31
6	12	32
1	3	21
1	7	23
2	8	24
4	7	23
2	3	21
3	7	22
4	4	24
2	8	24
3	5	24
5	7	25
3	5	20
9	12	29
6	13	31
0	27	91
9	10	30
3	6	27
5	4	25
4	8	23
4	7	22
3	7	25
3	6	24
2	6	21
1	5	20
5	4	26
3	8	22
2	7	21
0	10	90
8	8	32
5	7	21
7	10	32
1	4	20
2	3	21
1	4	22
4	7	21
8	8	32
7	8	24
3	7	23
1	5	21
2	5	20
4	11	24
0	1	25
0	11	91
0	9	91
6	9	25
2	5	21
2	6	21
6	7	26
4	7	23
4	7	24
8	13	32
8	13	30
2	5	21
4	8	24
6	12	29
3	7	25
6	11	30
1	4	21
0	5	20
0	3	23
2	7	21
0	25	89
3	7	21
2	7	21
2	7	21
5	9	24
4	8	27
4	7	24
3	6	23
2	6	22
6	8	26
5	10	30
0	8	91
4	6	25
3	10	24
2	7	21
6	8	31
4	5	23
4	7	24
4	7	25
8	8	33
3	4	22
3	6	22
4	7	25
21	-1	90
5	13	91
1	10	91
2	1	25
4	7	24
5	6	29
1	-1	91
6	9	30
2	6	23
2	4	22
2	5	21
4	6	24
3	6	23
4	7	26
8	14	31
6	11	28
4	10	26
6	9	28
4	9	27
4	6	26
0	12	91
8	11	30
6	8	27
2	5	91
7	13	31
7	9	32
4	7	26
5	8	25
4	6	22
7	8	28
9	10	33
2	5	21
4	5	23
2	5	21
3	6	26
3	7	22
3	8	33
4	8	24
3	6	22
6	10	30
3	6	22
2	4	20
6	10	25
8	10	29
7	13	29
7	11	26
10	11	31
6	9	27
0	6	91
0	7	91
6	9	33
4	4	23
3	9	22
5	12	31
5	8	27
9	11	34
8	11	32
9	11	32
9	11	34
6	11	25
3	7	21
2	7	22
4	7	24
2	5	21
4	7	21
3	5	21
4	7	22
7	10	30
1	4	21
1	3	20
5	10	31
2	3	21
5	8	24
3	7	21
3	7	25
3	4	21
2	4	20
3	6	23
7	12	32
8	10	29
6	8	26
0	9	91
4	10	26
5	7	24
8	11	35
0	4	91
2	4	22
2	4	25
2	6	22
3	7	23
3	6	21
4	7	25
4	11	31
5	11	34
5	10	27
4	7	23
5	7	24
4	6	22
8	11	29
4	8	23
2	7	23
2	5	20
4	10	31
6	9	31
5	8	32
7	11	32
6	10	31
3	8	23
3	8	23
3	7	26
3	6	25
2	6	21
7	12	29
4	8	24
3	8	23
2	5	22
4	7	23
3	9	23
4	9	30
3	7	21
0	8	90
0	5	89
4	7	22
6	11	31
6	10	35
5	11	30
7	12	34
7	10	27
6	11	31
8	10	29
6	9	28
8	8	27
7	6	26
5	8	28
0	7	90
4	5	25
5	6	26
3	7	24
3	8	24
2	6	22
4	8	30
2	7	24
3	7	23
2	6	21
2	5	20
2	3	22
3	9	25
0	8	91
0	5	32
6	9	30
4	7	24
3	7	21
2	6	22
6	12	30
2	11	90
2	9	91
6	13	31
5	12	25
2	7	22
3	8	24
6	9	25
3	13	90
8	13	91
3	7	24
3	7	25
9	13	33
4	7	23
3	6	22
7	10	27
2	17	90
3	6	23
3	15	33
5	9	30
5	8	24
8	10	30
8	11	27
8	13	33
8	10	29
3	5	24
3	5	23
3	5	22
4	7	25
1	3	25
2	5	23
0	5	22
0	5	22
1	4	22
3	8	21
3	9	23
3	10	24
9	11	33
5	9	27
8	8	27
0	10	90
0	2	90
3	6	23
3	9	23
0	6	20
0	6	91
0	12	91
0	14	91
3	4	23
3	3	21
2	4	22
2	5	21
2	6	21
3	6	21
5	7	22
4	8	30
0	11	91
0	8	90
4	7	26
3	4	24
7	11	27
6	8	27
4	5	23
3	6	24
3	6	25
5	5	25
2	5	22
2	6	21
2	6	22
2	7	22
2	6	23
5	8	30
13	15	35
4	6	23
3	5	22
2	4	22
6	8	24
4	7	25
3	5	23
3	8	22
3	8	22
3	5	23
3	4	22
1	5	22
5	6	27
3	7	23
2	4	20
2	6	22
1	5	21
2	5	21
3	6	24
4	8	26
5	9	26
3	5	21
1	3	23
7	11	31
2	4	21
4	6	25
2	3	25
5	5	25
6	5	25
8	6	27
8	6	29
0	9	79
6	7	32
3	6	22
1	5	21
7	9	27
4	5	22
3	4	22
3	4	21
0	10	91
3	6	24
5	8	25
4	6	22
4	8	24
5	8	23
3	7	23
3	7	23
4	8	22
9	9	30
4	6	22
6	10	26
4	8	24
1	10	90
4	9	23
1	4	21
2	6	22
5	6	27
2	6	24
3	6	22
3	6	21
6	9	25
6	11	26
5	9	26
0	5	22
7	10	27
3	7	23
4	7	22
7	12	32
6	12	32
5	9	28
3	6	23
0	3	22
2	6	21
5	7	24
2	8	23
2	7	23
2	6	23
3	7	23
2	1	22
2	6	21
3	7	22
5	6	23
3	4	20
0	7	53
0	20	91
6	6	25
3	6	24
4	6	24
4	8	23
7	13	33
7	9	30
2	5	22
8	8	25
2	7	21
2	6	26
4	8	23
2	5	23
1	6	23
2	6	22
0	3	22
1	3	21
0	9	91
0	5	88
5	9	27
7	9	33
6	9	31
5	7	31
7	7	31
5	7	30
5	8	26
5	7	26
4	6	24
3	5	23
4	5	22
4	9	31
3	6	23
4	8	24
9	13	32
2	4	22
3	10	23
4	7	26
3	9	25
4	8	30
4	7	25
5	8	30
4	7	30
3	6	23
4	8	21
2	4	22
4	8	23
3	7	23
2	8	22
6	12	30
5	9	25
8	11	27
1	2	22
4	10	24
8	7	27
4	10	25
3	7	22
5	8	26
2	5	21
6	9	25
6	11	30
11	14	35
5	14	30
9	11	34
5	7	23
3	6	23
2	9	22
3	9	23
2	7	22
3	8	22
2	7	23
1	3	21
9	12	32
9	12	31
9	13	30
0	3	91
0	10	91
6	13	30
6	13	33
3	11	24
3	6	23
2	8	23
3	8	20
9	14	32
3	5	22
2	5	21
2	5	20
2	6	24
4	6	26
3	9	25
5	8	25
3	5	22
2	9	22
2	7	21
7	8	26
5	8	24
5	6	23
3	9	23
5	8	22
4	10	23
4	9	27
5	8	24
3	6	21
3	7	22
5	7	25
5	9	24
3	7	24
5	11	28
0	8	91
8	10	31
8	10	30
3	6	22
2	4	20
4	7	23
7	13	31
6	8	26
3	7	24
4	7	24
7	10	24
7	11	30
12	14	38
13	14	37
2	5	20
0	10	53
6	9	23
7	28	87
8	12	33
2	7	20
8	9	27
6	12	26
6	10	25
2	5	23
11	16	38
5	12	32
5	8	23
3	6	27
2	4	21
4	9	23
2	4	22
4	6	25
4	6	22
2	7	22
3	7	23
4	7	26
5	7	26
5	8	25
0	11	90
3	7	22
3	7	23
6	10	23
8	11	34
9	13	35
8	12	32
7	15	34
3	8	22
2	5	21
10	12	34
6	10	31
5	8	24
3	10	24
3	9	22
3	9	23
4	9	23
4	9	30
4	10	33
3	5	23
3	6	21
7	13	34
2	7	21
3	8	26
4	9	22
3	7	24
6	7	26
9	10	30
5	8	24
8	13	35
3	7	23
5	8	31
5	7	23
5	9	26
5	8	24
2	4	23
4	8	24
5	9	24
0	5	90
6	11	32
10	12	34
11	12	36
10	11	32
9	9	29
8	9	29
9	9	33
8	8	28
5	11	29
1	4	21
3	6	23
2	6	23
3	6	22
7	9	24
2	6	26
3	6	25
1	3	24
1	3	23
1	3	22
1	3	22
1	4	23
4	8	24
6	11	30
5	8	24
6	14	30
3	5	22
2	6	23
3	7	23
3	5	22
4	9	25
5	8	23
4	6	23
3	7	22
3	5	22
3	7	24
5	7	23
2	5	21
2	5	21
4	8	23
8	9	32
1	6	21
2	5	21
2	9	23
7	12	30
5	12	28
0	4	22
11	13	35
4	7	27
4	7	24
2	6	22
5	12	28
3	4	22
8	13	36
8	12	29
9	10	29
8	11	30
10	13	31
9	11	32
8	11	33
8	10	29
8	9	26
4	7	23
3	4	22
4	8	25
3	8	23
4	8	25
4	12	32
7	7	30
4	6	30
4	6	27
8	8	29
4	4	25
1	6	24
2	8	23
2	6	21
4	7	23
8	11	32
12	17	39
7	11	26
2	5	21
4	6	25
1	6	24
1	4	23
1	4	22
5	9	25
4	8	25
3	9	24
2	3	22
3	9	24
5	8	25
6	9	25
8	10	29
7	8	27
0	6	91
0	6	82
0	11	91
5	6	23
4	6	23
5	10	25
4	8	23
2	5	21
4	7	25
3	11	28
3	6	25
2	6	23
3	7	23
1	5	22
6	14	30
3	7	21
3	8	23
6	6	27
7	14	33
4	5	26
9	10	40
1	2	23
2	6	22
2	5	22
2	5	21
6	9	25
8	10	31
4	5	22
3	5	22
5	12	30
9	10	34
8	13	32
0	8	90
0	9	90
3	5	23
3	5	24
2	4	21
1	5	20
9	10	31
2	5	21
8	11	31
3	6	23
2	3	22
7	7	25
6	11	33
3	6	21
4	12	28
5	11	32
3	8	26
3	10	23
4	8	25
3	8	23
3	8	24
2	7	23
2	6	23
2	5	22
9	12	31
9	12	32
11	13	32
3	8	21
4	5	24
3	9	23
3	8	22
11	13	31
4	9	26
6	11	28
6	10	31
0	12	90
8	10	33
3	5	22
3	6	21
1	4	21
5	6	23
9	9	30
7	9	33
3	6	24
5	10	30
2	5	21
3	7	22
0	9	91
2	8	21
2	7	22
6	9	32
1	13	91
0	8	91
0	16	91
0	10	91
5	6	24
8	10	28
2	7	22
3	6	22
4	7	22
3	7	23
4	7	26
5	12	27
9	10	30
10	13	39
5	7	24
8	11	33
3	6	23
4	6	25
3	5	20
3	7	24
4	5	22
7	11	31
6	10	31
0	14	90
0	6	91
4	6	24
8	13	33
5	7	28
5	6	24
2	8	21
4	10	25
2	5	21
8	11	30
4	8	22
3	10	24
1	7	21
2	5	21
3	6	20
3	7	31
3	7	25
5	6	21
7	8	24
1	5	21
4	10	31
4	9	31
5	8	26
2	6	23
2	4	23
0	5	91
6	6	26
10	9	34
7	9	32
5	13	28
3	5	24
0	5	91
4	10	25
5	10	24
5	13	32
3	9	23
3	7	21
3	10	25
3	7	21
3	6	22
4	7	24
4	10	26
3	9	22
4	9	25
5	6	24
4	5	24
4	5	23
6	13	32
3	7	20
10	13	32
8	10	31
2	5	21
6	9	26
4	6	22
2	6	21
1	1	21
1	1	22
3	8	24
0	3	21
0	3	20
2	4	23
2	6	26
5	7	24
1	10	91
0	12	91
7	14	34
4	6	23
3	9	24
6	7	25
3	8	25
11	12	37
0	-1	91
0	7	90
6	9	23
3	9	22
6	11	29
3	4	23
6	10	31
7	10	28
6	9	26
2	3	21
3	9	24
3	8	23
3	9	24
2	7	23
2	6	22
4	9	24
3	4	25
3	6	22
9	8	32
4	11	31
2	10	22
3	6	21
4	7	23
3	7	22
3	6	23
2	5	21
5	9	23
2	6	22
4	8	25
4	9	26
6	10	25
0	11	90
10	11	28
2	7	23
4	10	23
7	10	33
6	8	25
5	8	24
4	8	26
4	7	25
4	8	28
3	7	23
1	4	21
8	8	25
7	9	27
8	12	28
6	5	25
0	15	91
0	16	91
5	6	22
8	8	31
3	6	22
9	12	37
9	10	32
10	10	32
11	13	37
9	12	35
8	11	34
8	12	33
7	9	26
8	10	27
6	11	26
6	10	25
5	6	27
7	10	31
7	9	26
4	5	25
8	11	32
9	11	31
5	7	26
9	9	34
4	9	24
3	3	22
2	4	21
3	6	21
6	9	26
3	6	23
2	7	22
4	9	25
2	6	25
10	11	33
6	9	24
8	9	31
5	7	30
2	9	22
5	12	31
3	7	23
3	8	22
1	6	21
3	7	21
2	4	21
13	37	88
0	11	90
0	9	91
0	7	90
9	10	34
10	10	33
12	16	38
12	15	39
9	12	32
1	4	21
8	16	33
5	9	25
4	11	30
0	13	91
0	11	91
0	2	22
2	6	22
2	3	21
3	6	23
5	7	24
2	3	21
2	8	22
3	8	22
4	7	25
9	29	91
0	4	20
1	7	91
6	10	25
1	4	22
3	7	23
5	6	23
4	9	23
4	9	25
5	8	25
4	10	26
2	7	23
4	7	24
2	6	20
4	8	30
4	10	31
3	5	22
2	4	23
2	5	22
2	5	91
3	9	90
2	6	23
4	7	25
2	5	22
4	6	25
1	4	23
5	11	33
2	5	22
0	7	89
4	7	22
5	8	28
5	8	24
6	11	32
1	7	21
5	9	25
3	6	22
7	11	33
6	10	31
7	10	30
8	11	33
7	11	31
10	11	34
7	9	28
7	9	27
8	10	28
6	7	25
5	11	29
7	11	34
5	9	31
6	7	24
4	8	31
3	7	24
6	9	30
1	3	20
4	10	23
4	9	23
3	8	24
0	8	90
2	5	21
5	6	23
3	4	23
2	7	21
6	10	27
0	12	90
0	13	91
7	12	32
4	14	31
3	3	21
2	6	20
2	5	22
6	10	32
8	8	32
6	9	26
7	11	30
9	11	33
4	10	32
5	11	30
3	5	24
3	5	21
4	10	24
0	10	91
11	29	90
2	5	23
0	8	90
2	5	22
3	7	25
4	6	24
7	11	33
7	8	27
0	4	24
3	5	23
1	4	21
3	7	22
2	4	21
3	5	21
3	7	21
4	9	24
3	10	24
8	16	32
4	8	23
17	30	56
3	7	22
9	11	31
4	8	23
3	7	20
3	6	23
4	8	23
2	8	22
3	7	24
6	13	31
2	4	22
3	5	23
4	8	23
3	7	22
2	6	22
5	7	24
4	6	20
11	13	37
7	10	24
7	11	31
4	9	24
3	9	25
3	10	23
2	8	23
3	8	22
3	5	25
1	7	23
9	9	30
1	5	32
0	9	91
0	9	89
6	11	26
6	11	31
3	5	22
4	6	27
4	7	22
2	7	21
4	10	25
8	11	35
5	10	31
4	11	25
3	7	21
0	9	44
4	5	23
6	9	28
2	4	21
2	6	22
6	9	25
3	8	23
2	8	25
4	7	22
7	9	25
6	10	25
3	7	24
7	12	35
5	10	28
3	8	23
5	9	25
3	9	24
4	11	30
7	11	31
4	9	24
4	12	31
4	8	25
7	7	30
3	6	25
2	6	23
0	6	91
4	10	23
3	9	23
5	7	24
3	8	26
1	4	22
1	9	91
1	9	91
4	6	22
2	4	23
4	9	24
4	7	26
3	9	24
6	10	27
5	9	25
1	4	21
3	9	26
8	11	30
1	5	22
9	16	34
3	4	22
3	4	24
2	3	23
5	6	24
2	5	22
2	4	23
1	4	22
7	10	28
1	4	21
5	9	24
2	5	21
2	7	22
1	6	22
2	7	23
2	7	21
2	8	23
5	8	23
4	6	24
5	6	30
5	6	26
4	6	24
5	8	25
4	8	24
8	10	27
7	10	26
6	9	25
13	11	38
4	8	24
3	6	22
2	8	21
2	5	20
3	8	25
0	10	90
0	11	91
3	8	22
2	5	20
8	9	30
2	8	21
5	9	30
2	5	21
1	6	23
2	10	22
3	4	25
6	13	31
3	6	22
1	5	21
6	7	26
4	6	25
5	9	30
3	6	22
0	4	21
0	3	20
1	4	22
1	7	23
1	5	21
5	8	22
5	6	23
4	6	23
7	10	29
7	11	28
1	3	23
0	3	22
3	5	22
8	10	31
6	8	23
8	9	33
8	10	35
4	7	24
4	7	23
6	9	30
3	5	22
3	5	23
2	6	21
5	9	24
4	4	25
10	12	33
9	12	32
1	4	23
2	6	24
1	4	21
1	6	23
1	4	23
1	4	21
2	7	21
5	9	27
7	11	32
5	11	24
6	7	30
5	6	26
3	6	22
2	7	24
5	7	23
1	4	21
1	4	21
1	3	22
0	3	21
1	0	21
1	4	20
0	4	20
6	6	25
7	9	32
4	8	25
4	6	23
3	5	22
2	-1	91
1	7	91
0	13	82
2	3	21
5	10	26
5	8	27
5	8	26
4	6	25
3	5	24
3	5	23
3	5	23
7	10	36
8	9	30
8	9	29
2	5	21
2	1	20
7	9	26
5	8	25
5	7	23
6	8	26
3	9	24
4	9	25
5	8	30
4	9	27
3	6	22
3	3	21
5	5	31
4	6	25
6	6	26
4	6	24
2	4	24
7	8	27
8	9	30
7	8	27
9	8	31
0	11	90
4	6	24
4	4	21
0	8	90
1	3	21
2	8	21
3	5	31
4	11	26
4	7	22
7	9	32
4	5	25
6	10	32
2	4	23
2	5	22
3	5	21
2	2	21
6	10	30
3	8	24
6	9	28
8	10	30
5	8	26
5	8	25
5	8	24
5	8	23
5	8	26
4	8	25
3	16	91
4	12	91
1	3	23
5	9	25
4	9	23
4	10	30
2	6	21
3	7	21
6	10	27
6	10	31
2	4	21
4	9	30
5	10	26
0	11	90
0	12	90
4	6	23
0	15	85
1	7	60
2	5	21
2	5	22
0	11	90
0	6	91
5	9	25
3	6	23
3	6	21
5	8	27
1	2	22
3	5	22
3	3	20
3	6	23
2	4	22
3	4	22
9	11	30
3	6	22
3	4	23
4	8	24
5	7	23
0	4	24
5	7	23
1	3	90
2	4	21
5	7	23
3	10	26
4	9	23
3	6	22
3	7	23
6	10	32
3	9	23
1	4	20
7	7	23
3	8	25
4	7	24
6	9	27
1	2	22
4	6	23
3	7	23
7	11	32
5	10	26
6	11	26
9	10	32
2	6	23
4	7	24
4	9	23
0	10	86
0	9	90
5	7	27
4	8	27
8	13	31
4	5	22
4	7	21
22	26	90
2	9	90
5	8	24
3	5	22
2	4	21
8	11	32
5	5	24
6	10	30
4	8	23
3	5	23
5	6	23
3	7	20
0	3	20
3	7	22
3	5	24
7	8	28
4	15	34
7	11	30
3	5	24
6	9	24
2	8	22
3	6	22
8	9	32
6	6	25
2	6	21
4	10	26
5	8	31
4	9	26
4	6	22
3	5	26
4	6	24
9	10	32
4	8	22
2	8	20
2	9	22
3	8	22
5	9	24
7	11	32
6	10	32
6	10	31
6	11	31
8	14	31
8	10	30
6	11	27
5	9	25
5	10	24
6	11	27
4	11	25
5	11	27
2	5	21
3	7	23
3	6	23
2	5	21
2	8	25
4	6	21
10	12	29
9	9	35
4	5	22
10	13	31
6	11	25
10	12	34
4	6	20
5	7	24
2	5	20
10	11	28
10	13	31
1	7	21
5	6	24
2	8	23
6	8	24
6	8	24
3	7	21
4	8	23
6	10	30
4	7	23
9	10	32
8	10	29
7	10	27
0	3	22
3	7	22
3	7	23
3	6	24
3	6	21
5	12	31
9	12	33
8	12	31
7	8	26
7	10	27
7	7	27
4	5	22
9	11	32
2	3	21
4	13	30
5	13	29
2	4	22
5	5	26
6	9	32
2	7	25
4	11	30
2	7	24
6	10	32
5	11	23
4	6	23
4	9	32
7	11	32
6	8	29
6	9	30
6	8	27
5	8	29
8	12	32
3	6	24
3	8	22
2	8	23
4	6	23
3	8	21
2	7	23
8	9	31
4	8	22
3	6	22
3	7	23
4	8	23
7	14	34
7	9	28
3	22	88
7	10	28
6	10	26
4	9	26
5	8	26
4	9	25
8	8	28
3	10	23
4	9	24
3	9	24
7	11	30
3	5	20
5	7	24
2	4	22
5	11	25
4	8	23
6	6	26
4	7	26
4	8	26
0	17	91
8	14	32
2	6	21
4	9	25
5	6	23
6	8	23
6	8	31
6	8	25
3	6	21
2	4	21
2	4	21
4	9	24
0	3	23
6	11	28
4	9	24
3	5	28
4	6	25
5	10	31
5	7	22
5	10	26
6	8	26
3	7	22
5	11	26
4	5	25
5	8	24
4	8	34
3	7	24
3	6	23
3	5	23
3	6	21
1	6	20
4	9	30
3	7	21
3	8	23
0	5	91
0	15	91
4	6	25
5	7	31
6	9	26
2	5	22
3	6	21
3	5	23
4	8	22
5	8	27
4	9	26
3	5	22
3	5	20
4	5	22
11	13	38
2	8	22
4	6	24
3	12	24
6	9	25
2	7	22
7	10	25
5	8	23
9	9	28
6	8	32
6	7	31
6	6	26
5	5	32
4	8	22
6	10	33
3	10	27
3	7	25
4	7	24
4	8	22
6	9	25
3	8	24
3	8	23
2	7	24
3	7	22
3	7	23
4	8	24
4	8	22
8	8	26
2	6	25
2	6	21
6	10	25
4	7	20
9	14	35
7	8	26
6	7	23
5	4	26
3	7	23
4	7	24
3	5	22
2	4	21
2	4	22
9	8	32
0	2	23
9	11	33
3	6	23
2	7	22
5	6	23
4	10	23
4	4	24
3	7	22
3	5	21
0	18	91
0	17	91
5	8	28
7	11	29
6	12	35
6	13	34
5	11	30
7	11	30
9	12	32
5	7	25
3	7	23
4	7	21
3	9	29
8	12	29
6	9	28
2	5	23
1	5	22
2	5	23
3	7	21
2	10	23
0	7	20
3	8	22
6	11	30
6	10	27
7	14	32
6	9	29
7	12	33
3	5	24
4	11	27
5	11	30
5	12	31
4	10	26
1	6	25
2	5	21
1	3	22
1	4	20
2	5	23
3	6	25
3	5	27
3	6	20
2	9	24
4	6	22
6	11	35
2	9	24
4	9	23
8	12	29
3	4	23
3	7	22
1	3	21
2	7	22
6	7	26
0	18	91
8	7	30
4	7	27
3	7	25
5	4	23
2	5	23
4	10	30
1	22	90
7	12	30
6	13	31
6	10	26
2	4	21
4	9	23
0	3	21
6	8	30
7	30	90
6	10	34
2	6	22
1	5	23
0	9	91
0	4	90
4	7	25
2	7	22
1	4	20
2	6	20
2	6	21
9	10	32
7	13	30
8	12	29
6	12	28
8	12	31
8	13	32
5	11	30
2	6	20
2	6	21
10	8	35
3	6	22
4	8	25
4	8	24
3	9	26
5	9	24
5	7	24
4	8	25
3	6	22
4	6	27
4	8	23
2	8	21
1	9	35
1	4	21
5	6	25
7	11	31
6	9	31
6	10	27
0	3	21
9	11	30
4	10	24
4	4	25
10	11	33
5	9	31
1	3	21
3	3	22
3	4	24
2	7	23
3	6	20
2	8	30
4	7	23
3	7	23
6	13	32
5	7	30
3	6	23
2	7	23
2	7	21
3	7	20
4	10	24
4	7	22
4	8	24
6	9	29
3	7	23
3	4	22
4	7	23
7	11	31
8	9	26
6	8	27
6	7	24
3	9	23
5	8	24
5	7	23
5	8	25
2	7	21
6	8	25
4	9	24
3	8	22
4	7	26
5	10	32
4	15	91
0	10	90
6	13	31
5	15	31
6	8	22
7	10	26
5	12	28
6	11	29
6	11	27
9	10	34
8	10	35
8	11	34
4	8	21
1	4	21
0	5	22
1	5	22
0	4	20
4	8	22
6	12	31
4	8	25
4	6	24
4	7	24
5	7	24
5	8	25
0	2	20
8	9	31
4	9	23
6	10	26
3	5	22
3	6	24
8	8	25
6	7	26
6	13	31
4	10	31
5	10	30
6	12	34
5	10	31
2	6	21
3	7	22
4	9	25
2	4	21
1	6	22
4	10	31
4	6	24
4	10	24
5	11	24
7	8	27
5	6	25
5	6	21
2	7	22
2	7	21
1	7	20
1	6	20
7	12	33
1	4	20
2	5	21
4	8	22
5	9	31
3	9	30
3	5	22
3	7	22
5	6	22
8	9	30
8	9	27
1	4	20
2	8	27
5	9	30
5	7	23
3	6	24
8	7	31
8	6	30
2	4	23
8	9	28
2	6	23
2	5	22
3	6	22
6	7	24
3	7	20
8	10	27
6	11	25
8	10	32
3	3	21
5	6	24
5	7	25
2	7	22
3	6	22
4	5	23
3	6	22
3	4	22
4	7	24
8	8	31
8	12	34
6	12	29
0	6	88
0	9	91
1	2	20
3	6	22
3	8	25
2	6	22
7	9	28
2	6	23
2	2	22
2	5	22
3	6	20
4	9	24
6	10	31
2	4	22
1	6	30
3	5	24
4	11	31
0	8	91
3	10	91
4	7	23
2	5	24
7	8	29
6	12	30
4	7	24
4	10	23
4	7	24
2	6	22
7	10	36
9	9	31
5	8	22
2	5	91
6	11	31
5	10	30
6	10	31
5	8	22
2	5	21
3	8	25
3	8	23
6	12	30
7	15	36
3	7	22
7	16	35
6	10	25
4	12	29
3	5	23
7	8	25
2	5	22
4	5	25
5	9	29
6	11	32
3	5	21
3	7	23
4	6	22
0	10	63
4	6	23
2	6	22
3	5	23
7	13	32
8	9	28
6	11	28
2	4	22
4	7	21
2	7	20
3	6	22
6	11	25
4	8	22
8	9	30
8	10	31
6	10	30
5	8	24
5	6	23
4	7	21
3	8	25
4	7	26
4	7	25
2	6	25
7	9	31
3	7	22
2	7	21
0	6	90
7	14	34
6	8	30
4	9	23
6	9	28
1	4	22
1	4	20
4	8	24
3	6	23
2	5	22
4	6	22
3	6	25
4	6	24
5	6	23
5	8	25
7	8	34
4	8	23
2	6	24
1	4	21
2	4	22
4	7	25
5	6	25
4	9	24
4	8	22
3	7	25
2	7	24
0	4	20
5	8	24
4	7	24
7	7	25
3	4	22
3	5	24
2	4	23
4	8	22
0	6	22
2	7	21
3	5	24
2	6	22
2	5	22
3	6	22
3	5	22
2	3	22
1	2	21
0	3	20
3	8	25
5	10	31
3	8	24
5	5	24
5	8	24
1	6	21
4	5	24
7	8	30
1	4	22
6	6	24
7	8	25
10	13	33
2	6	23
4	7	26
2	4	23
3	4	21
2	4	21
6	12	28
3	6	23
2	6	22
3	7	23
2	8	22
0	5	21
4	7	23
5	7	23
3	4	21
1	2	26
3	9	22
2	6	22
6	6	29
7	8	31
8	9	32
7	7	27
7	8	30
6	5	24
3	6	22
3	6	22
5	9	24
6	4	30
6	5	28
4	9	24
2	3	23
4	8	25
2	7	24
5	7	25
3	6	22
3	8	24
3	6	22
0	16	91
0	18	91
5	6	23
2	6	23
0	4	22
1	6	22
0	3	21
7	13	34
3	4	21
6	9	27
3	8	26
6	7	25
12	11	33
11	11	32
9	11	31
10	10	29
3	6	21
6	11	31
3	5	22
4	6	22
7	8	29
1	2	22
5	9	22
4	6	22
4	9	28
5	-1	90
7	10	30
2	6	21
3	6	23
3	6	23
2	7	20
0	11	90
12	12	38
7	10	31
7	11	30
12	16	41
5	8	27
8	10	28
8	10	27
5	7	28
2	6	24
3	6	26
7	9	26
1	3	22
1	3	22
4	7	25
1	4	22
2	7	22
6	9	28
5	8	25
2	6	22
3	5	23
3	4	22
7	10	31
4	8	25
1	5	22
5	6	24
0	10	90
4	9	24
6	5	30
5	6	25
1	4	21
0	4	23
7	12	31
2	5	22
9	12	32
3	8	24
5	10	26
5	9	28
3	8	25
0	-1	80
0	10	80
6	11	30
5	11	30
6	11	31
7	12	33
5	12	30
4	10	24
8	15	33
6	13	29
5	12	25
4	9	24
5	10	26
6	7	25
4	9	32
5	7	25
5	10	24
4	7	23
3	6	22
4	6	21
4	5	24
0	4	50
3	6	21
6	8	24
1	5	20
6	11	27
0	4	91
0	1	22
1	3	22
2	6	20
4	6	21
4	6	23
5	7	26
4	5	21
5	7	21
0	12	90
0	14	91
4	8	26
1	4	20
0	3	21
6	9	30
4	8	25
2	8	23
5	15	91
4	8	24
0	6	90
4	9	24
0	5	22
4	12	30
0	4	21
1	4	23
4	6	24
3	6	24
4	8	30
1	6	21
6	7	25
3	9	24
7	11	31
7	9	27
3	10	23
5	9	30
4	7	22
21	17	90
4	6	26
7	11	31
1	4	20
4	9	22
5	7	26
5	7	26
4	6	24
4	7	22
0	11	91
0	8	90
6	10	24
2	42	91
3	6	23
6	12	28
7	9	26
6	8	23
3	5	22
7	10	29
2	6	20
4	11	25
3	11	23
4	9	23
7	7	28
7	7	27
3	6	24
4	6	30
1	4	20
6	10	28
2	8	23
1	5	22
2	7	24
1	3	21
3	7	21
8	9	25
7	11	32
4	5	21
3	6	22
6	10	27
5	5	24
4	5	22
4	5	23
2	4	22
4	9	25
3	6	22
3	6	22
1	4	21
1	4	22
1	4	22
8	9	30
7	10	30
8	11	31
2	5	22
2	4	24
8	10	28
3	7	21
4	7	22
2	11	90
4	7	25
6	9	26
7	12	31
6	6	22
7	11	27
2	4	20
4	6	25
6	10	30
2	7	20
5	7	22
1	3	23
0	3	21
7	14	32
7	8	31
4	8	23
0	8	91
0	6	90
5	5	23
6	8	24
2	7	91
1	7	89
1	4	21
4	7	23
11	25	90
5	9	30
4	8	24
1	5	20
2	6	24
7	10	26
2	7	22
2	8	24
1	8	22
7	9	25
5	6	30
2	4	21
0	5	22
1	3	21
4	10	91
0	4	20
6	9	29
3	10	27
5	6	23
0	5	55
1	5	22
6	11	28
5	13	29
3	6	24
3	4	22
2	4	21
3	5	24
4	8	23
4	8	24
3	6	21
4	10	26
2	7	22
1	4	21
0	11	91
0	7	90
4	7	22
5	9	30
6	11	27
6	13	31
9	14	34
8	12	30
3	8	22
2	7	21
4	7	23
4	5	22
3	4	24
3	5	22
3	5	22
1	2	21
0	3	22
2	4	24
2	6	22
1	5	21
5	9	26
3	4	22
2	6	24
2	4	23
2	6	22
1	7	20
6	12	31
8	13	31
4	6	22
4	7	23
4	5	23
3	6	23
8	13	30
0	36	90
3	7	22
3	2	22
6	9	30
2	5	22
2	5	21
6	13	31
4	9	24
3	3	23
3	6	22
2	6	23
0	25	90
1	5	21
2	7	23
3	8	23
3	4	21
2	5	23
2	4	21
1	8	22
2	5	21
2	4	21
1	6	21
1	3	23
8	13	36
6	11	26
6	5	24
6	9	31
6	12	30
5	11	30
3	5	21
2	6	24
5	6	23
3	6	27
5	10	24
2	5	21
2	6	22
4	7	22
1	3	23
0	11	91
1	10	90
0	7	91
0	15	91
3	4	22
2	6	21
5	7	23
3	8	22
3	8	26
4	10	29
3	8	22
5	10	27
2	4	23
3	8	25
6	8	26
5	9	24
1	3	21
3	4	22
1	10	90
2	6	21
6	9	30
5	7	22
2	8	22
2	7	21
4	10	31
3	5	23
0	0	24
6	13	30
1	4	22
3	5	22
2	5	24
2	5	21
1	2	20
2	7	22
2	6	22
5	11	30
4	7	23
4	5	23
11	11	33
7	12	30
4	8	22
9	11	29
3	4	22
0	11	91
1	16	91
5	6	23
4	10	25
5	9	31
8	12	28
4	9	23
4	9	22
8	11	31
2	45	91
4	8	23
3	7	21
5	11	30
4	7	25
5	4	25
4	6	23
4	8	24
4	9	23
3	8	22
3	3	24
1	3	23
3	5	21
5	9	30
4	6	22
2	7	23
11	12	35
3	6	23
5	5	25
10	9	34
3	10	22
4	5	22
2	4	20
6	8	27
4	8	26
0	3	21
0	10	90
0	13	91
0	2	23
7	8	26
6	9	33
3	8	23
2	5	22
4	7	24
6	6	22
1	2	20
4	7	23
2	6	21
1	6	22
4	7	21
7	11	32
1	34	90
0	4	20
1	4	21
8	10	33
5	8	23
0	9	91
0	10	90
0	2	24
5	10	30
2	8	24
3	7	23
1	4	21
5	6	25
2	6	22
0	4	20
2	9	23
3	8	21
4	6	25
3	4	25
2	4	24
1	6	21
5	6	30
3	5	21
3	4	21
3	1	24
2	2	22
0	13	91
0	9	90
4	7	22
0	-1	91
6	8	25
2	6	21
6	5	24
7	7	30
2	4	21
3	8	23
2	6	23
1	6	22
2	7	24
4	8	24
4	10	25
2	6	24
8	9	28
6	10	26
2	8	22
3	6	22
1	7	21
4	7	22
3	8	24
3	7	21
2	6	24
3	6	22
3	11	30
5	9	31
2	6	22
1	3	21
1	2	24
5	8	24
4	5	22
0	2	20
4	7	25
5	10	30
3	8	26
3	8	25
1	5	22
2	4	23
10	15	37
1	7	21
3	4	24
6	10	26
4	9	25
5	6	24
0	8	90
4	5	26
9	12	33
7	9	31
6	10	29
8	12	34
8	13	36
4	8	26
5	9	25
4	7	24
4	8	24
3	8	23
3	8	22
3	7	21
4	7	26
4	6	24
5	6	24
1	4	22
1	12	90
1	3	20
2	5	22
6	12	28
0	3	90
3	5	21
2	7	24
4	5	25
3	6	22
5	9	31
1	4	22
4	7	24
2	6	22
1	5	21
1	5	20
2	3	22
5	9	24
3	5	22
4	7	31
4	5	25
10	11	34
9	11	34
4	9	25
5	11	32
1	4	24
6	11	31
6	9	29
5	9	27
6	10	26
1	5	21
7	12	28
5	9	23
0	10	91
0	4	39
3	4	22
2	2	29
4	9	22
4	10	30
4	10	30
5	14	35
5	11	32
6	13	35
6	12	34
6	14	35
7	14	36
5	13	35
6	11	30
5	11	33
4	12	33
6	7	27
4	9	25
6	9	31
6	8	25
1	6	21
0	7	90
4	3	23
3	3	22
3	3	22
5	10	25
6	9	30
7	7	27
4	8	28
4	8	26
4	10	32
6	7	24
4	6	24
6	8	32
4	6	25
5	7	26
2	8	26
2	6	22
3	6	21
3	7	24
3	5	23
2	6	22
2	4	21
3	9	25
2	8	21
1	12	91
3	6	23
4	7	25
4	7	23
6	10	30
7	12	32
4	7	22
3	6	22
2	3	20
6	8	25
5	5	29
1	19	90
3	10	91
2	4	23
2	6	24
3	6	24
2	8	25
7	11	31
4	9	25
4	8	24
7	11	32
9	13	30
5	5	24
2	10	90
0	5	91
4	7	21
5	10	30
4	6	24
3	6	22
7	12	30
5	10	32
3	6	22
1	5	22
5	10	30
6	8	24
3	9	22
4	4	24
1	4	22
5	5	23
2	5	22
3	7	24
5	7	25
3	10	22
2	7	21
9	10	30
4	7	23
11	13	35
5	11	25
3	7	24
3	8	23
7	8	31
4	6	23
2	8	25
7	12	27
3	8	24
1	10	91
0	15	84
0	7	91
6	14	30
3	7	21
0	6	91
4	8	25
7	8	32
2	5	22
6	9	26
4	7	20
6	10	26
5	9	26
6	11	26
2	3	21
9	14	33
10	10	29
1	3	21
3	5	22
3	5	21
3	6	23
1	4	20
6	7	26
1	4	21
7	7	27
4	6	23
2	6	23
0	2	20
2	5	22
4	5	24
1	4	21
4	7	22
3	6	24
1	12	90
4	6	22
4	8	24
3	7	23
3	7	22
3	7	22
6	13	36
7	14	36
6	10	30
6	13	33
8	10	30
8	12	33
5	6	26
3	5	24
6	10	26
2	7	20
7	11	32
7	11	31
7	8	27
1	7	21
3	8	23
5	9	33
5	8	24
5	12	31
1	2	22
1	6	91
2	6	22
2	6	22
7	12	30
2	6	20
4	5	22
6	7	27
10	15	34
3	9	22
2	7	21
6	9	34
3	6	22
7	9	27
0	6	91
7	10	26
3	6	23
7	7	32
6	25	90
4	10	31
3	7	24
2	6	22
9	12	31
2	9	22
6	12	28
2	7	22
5	7	22
2	8	22
6	9	30
3	7	20
5	6	24
4	6	23
0	9	91
0	7	91
2	7	21
3	4	24
6	11	32
6	10	30
4	6	22
4	9	23
3	7	22
3	7	22
4	7	21
7	15	32
5	8	28
5	9	25
8	12	36
3	11	25
1	4	22
1	2	24
1	2	23
1	2	22
1	2	21
2	6	23
4	7	22
8	8	30
9	10	30
7	10	29
3	7	23
7	9	31
1	4	20
2	6	25
9	13	34
2	5	23
2	6	23
2	8	22
2	5	20
8	10	31
7	8	27
5	11	26
4	8	26
3	9	24
3	8	24
2	10	22
2	9	22
3	9	27
0	6	90
5	9	27
4	7	34
6	10	26
4	10	30
3	8	25
2	5	21
3	6	22
0	5	21
0	5	22
4	7	25
9	10	33
5	12	33
8	10	30
5	10	24
2	9	23
3	10	24
2	5	21
3	5	22
4	4	21
3	6	23
5	11	29
8	17	38
5	12	34
8	16	38
7	13	35
6	11	30
5	8	24
6	13	30
3	8	21
5	10	32
8	8	28
3	4	22
7	9	26
8	8	33
3	6	25
4	7	22
7	14	35
5	8	24
4	8	25
3	4	21
9	16	37
4	7	24
4	8	24
4	7	23
3	7	26
5	8	27
3	10	27
2	7	22
3	8	25
4	6	23
4	11	29
5	9	26
4	11	27
5	9	30
5	9	24
5	8	23
7	11	26
6	14	33
6	9	28
5	9	27
8	11	31
7	10	31
10	14	34
7	13	29
4	7	21
5	13	30
7	10	30
9	12	33
9	12	34
0	12	88
0	5	91
3	9	24
5	8	23
4	8	25
2	9	23
6	12	27
6	9	28
3	11	30
4	6	23
4	6	25
3	6	24
5	9	24
4	6	24
5	9	27
5	8	25
3	5	21
2	5	22
4	7	23
4	10	26
11	11	35
8	10	32
9	11	33
7	9	28
4	8	23
3	6	23
4	11	27
4	8	25
2	8	22
2	8	21
5	9	26
2	6	21
3	5	22
1	4	21
4	4	22
4	5	22
2	5	23
3	8	21
6	10	30
5	11	32
2	7	22
3	7	23
8	9	27
3	7	25
0	3	23
9	13	31
2	6	21
1	14	90
2	8	22
2	4	22
6	12	29
8	9	27
3	8	21
4	6	22
6	9	25
5	8	23
8	7	28
2	4	21
5	9	26
5	5	22
11	13	39
2	4	21
3	5	25
3	8	22
4	6	22
4	6	22
5	7	24
6	9	31
7	11	34
5	9	26
7	10	26
5	9	25
1	6	21
8	8	36
0	9	91
0	8	90
3	6	22
3	7	21
3	7	26
6	7	26
6	10	25
8	7	31
0	10	91
0	10	91
0	10	90
0	8	89
1	10	90
4	8	24
4	6	24
4	7	25
5	12	26
1	10	91
4	6	91
7	10	29
3	8	25
5	5	24
1	4	20
1	6	23
1	5	21
0	3	89
0	10	90
2	5	21
2	6	22
3	8	23
1	8	22
2	6	20
5	6	24
7	9	26
4	5	23
7	10	31
6	10	31
3	6	22
1	5	23
4	7	25
8	14	33
7	14	35
4	9	25
1	3	22
3	6	21
3	5	21
6	7	22
4	9	26
1	66	91
3	7	20
5	9	26
5	8	23
6	5	23
5	9	23
3	7	24
5	10	24
5	9	24
4	9	25
4	9	23
3	5	24
4	6	22
5	8	24
3	7	20
2	8	21
4	9	23
3	8	22
3	8	24
4	9	26
6	10	25
6	10	24
4	12	25
4	9	24
5	11	32
5	10	29
4	7	22
4	7	21
1	4	21
6	14	32
3	6	21
6	10	26
1	3	22
6	7	24
4	8	25
2	6	21
6	8	28
2	7	20
4	8	26
6	12	30
4	5	26
6	7	25
5	7	30
3	7	24
7	10	36
2	3	22
7	10	30
5	7	26
2	7	22
4	6	23
5	8	24
4	8	25
0	4	90
0	10	91
4	6	21
3	6	23
3	6	23
4	6	24
3	7	26
4	6	20
5	9	31
4	4	21
3	8	24
3	9	23
5	8	23
6	8	28
7	8	28
3	8	23
5	12	26
3	7	23
3	9	24
3	7	22
4	9	23
3	10	25
5	9	25
5	10	26
4	8	24
7	9	26
5	11	30
7	10	26
2	7	21
3	8	23
8	10	31
0	10	90
3	7	23
6	9	26
7	9	26
2	6	21
1	5	20
1	6	21
4	8	23
4	9	22
5	8	27
3	6	23
5	8	24
5	9	25
2	7	21
3	7	24
4	7	24
5	8	23
4	7	23
6	8	27
8	10	28
11	14	38
3	5	23
3	6	24
3	5	22
5	7	23
5	7	22
3	3	24
5	6	24
2	6	23
4	6	22
3	6	23
3	7	25
3	6	23
4	7	25
4	8	23
4	9	23
5	8	23
5	8	22
4	6	23
4	5	23
5	10	26
3	10	23
1	3	23
0	4	23
3	4	22
10	12	30
3	6	22
4	10	31
8	11	32
7	12	30
7	10	31
5	7	21
4	7	23
4	5	23
11	16	42
10	12	35
1	4	21
6	10	26
8	13	31
6	10	25
6	10	26
7	10	30
6	12	28
6	13	29
7	11	27
0	5	91
0	10	91
0	4	21
4	7	23
8	10	26
5	8	24
3	8	24
5	8	26
2	5	20
4	11	30
2	8	22
0	13	90
4	11	27
3	8	25
6	8	25
7	11	28
6	10	30
8	10	33
9	8	30
5	8	30
4	9	31
6	10	32
4	8	25
7	9	32
6	9	30
7	10	32
4	9	28
5	7	24
4	7	22
0	2	91
0	2	91
2	7	22
2	5	22
2	7	21
1	5	22
7	11	32
3	7	22
3	6	21
3	6	21
4	12	33
6	9	30
1	6	21
9	14	34
6	7	23
4	6	24
4	6	21
6	8	24
1	8	91
2	11	91
3	7	22
4	8	25
7	9	26
8	10	32
5	8	31
1	8	22
8	9	32
5	12	26
2	5	21
6	12	30
5	8	24
6	10	32
3	5	22
1	6	20
5	9	26
7	9	26
4	6	25
2	5	21
2	8	21
8	9	31
2	7	24
0	-1	49
7	13	33
1	4	22
3	4	21
2	10	90
0	9	91
0	2	23
0	2	23
3	5	21
5	9	25
9	14	34
2	7	22
3	6	25
4	7	23
2	5	22
3	6	22
1	6	21
1	5	20
5	9	30
4	5	23
3	7	22
6	9	26
6	8	26
2	7	22
5	12	30
5	10	25
3	8	23
4	9	25
2	8	22
1	6	24
3	9	24
3	7	23
2	8	21
2	6	23
4	8	30
3	7	24
4	7	21
2	4	24
4	6	24
3	4	24
3	3	22
2	3	21
2	6	22
6	12	32
9	10	28
9	8	28
5	11	30
2	7	23
1	5	21
2	5	22
1	4	21
1	5	21
5	9	21
1	6	22
6	12	31
2	6	22
1	5	21
3	10	25
7	9	24
7	8	26
8	10	30
3	6	23
3	7	22
4	7	23
6	10	27
4	7	23
2	8	22
5	7	24
3	7	21
1	3	21
6	12	29
5	8	23
6	9	24
1	6	21
5	13	34
6	11	27
5	11	26
3	7	22
4	9	25
3	5	21
4	9	25
2	7	21
3	6	21
0	4	23
4	9	25
6	12	31
7	12	31
9	11	37
7	14	34
6	11	30
3	8	22
3	7	22
9	11	30
3	6	22
3	6	23
3	6	21
7	8	27
4	6	23
6	8	24
5	13	32
5	7	25
4	8	23
12	14	35
5	8	24
2	7	21
4	8	23
4	10	25
7	10	35
11	12	34
4	7	23
2	4	21
1	5	20
2	5	22
2	8	23
7	13	28
3	7	23
8	11	32
5	11	28
7	10	30
2	3	22
4	8	22
9	13	33
4	7	22
0	2	21
0	3	23
0	5	21
1	4	22
6	6	26
1	3	23
0	3	22
0	2	21
1	5	20
4	12	26
7	14	33
7	15	34
7	11	26
10	12	28
3	6	21
1	7	22
4	4	22
1	6	22
2	5	21
3	7	23
6	12	31
1	5	21
4	5	22
7	9	27
5	7	28
8	9	31
3	2	21
7	7	26
1	9	91
5	11	91
6	9	31
6	10	30
5	10	28
4	10	31
5	11	31
4	8	28
4	6	22
4	8	22
4	10	26
2	7	21
4	5	26
6	9	35
6	7	23
2	7	22
2	6	21
0	3	20
2	4	20
9	12	31
4	6	30
4	8	25
1	3	22
4	6	23
9	9	31
2	4	21
4	9	25
3	5	23
8	11	31
4	10	25
2	6	22
8	9	33
3	7	24
2	6	21
2	6	22
2	7	22
4	9	24
3	5	23
4	7	24
3	4	25
5	11	28
8	7	23
4	7	26
4	5	22
3	4	22
3	4	22
6	8	28
4	8	23
1	4	20
2	6	22
5	8	25
7	11	32
8	9	29
7	7	27
3	7	21
5	6	24
3	8	23
0	5	20
3	9	24
5	8	26
4	6	24
5	7	25
5	13	32
3	7	22
5	7	30
4	7	24
4	8	29
4	6	24
3	6	24
7	12	29
3	4	21
3	5	24
3	5	23
0	4	25
2	4	21
4	6	25
3	6	21
1	4	22
2	11	90
1	9	90
7	7	24
2	6	24
5	8	24
4	9	24
3	7	21
6	10	30
4	7	24
3	9	25
5	9	23
3	9	22
0	5	21
4	9	24
5	11	30
5	9	23
6	12	30
5	10	24
5	7	25
5	8	24
3	6	23
8	11	33
6	13	31
3	9	24
10	12	34
3	6	23
4	6	25
4	9	22
12	9	36
2	5	23
4	9	27
4	8	22
4	7	25
6	8	23
7	10	27
1	3	21
6	14	35
3	7	22
4	9	23
3	10	24
3	8	24
5	11	31
5	9	24
6	11	35
7	14	34
5	9	23
11	12	32
0	11	91
5	10	26
3	10	24
7	13	30
6	12	31
7	11	28
5	11	25
6	9	27
6	11	26
2	6	22
6	7	24
7	9	29
3	7	24
6	15	91
8	10	32
7	11	29
8	12	27
2	6	22
3	6	24
7	13	36
7	12	29
3	5	24
1	3	22
3	10	25
0	2	22
8	10	33
3	8	23
2	5	21
6	7	23
4	12	26
4	9	31
4	7	24
7	10	26
3	6	22
6	11	30
3	8	22
7	8	26
3	7	22
2	6	22
2	5	20
7	9	24
3	7	22
2	5	20
4	7	24
2	6	22
3	6	23
2	5	21
3	7	25
4	8	27
4	7	25
5	10	30
7	11	28
4	7	26
7	10	27
7	11	31
6	9	28
2	6	22
4	8	23
3	7	24
4	8	27
7	12	34
3	8	22
2	8	23
2	7	22
7	12	31
8	11	30
1	5	21
4	6	22
4	10	28
3	7	22
2	4	21
6	10	26
5	8	30
5	9	24
2	5	22
3	9	24
13	-1	40
3	6	21
5	11	30
5	10	30
3	6	22
10	16	36
11	14	34
2	5	21
3	7	23
5	22	90
4	8	24
4	10	25
6	10	26
1	43	91
2	6	20
6	7	25
2	7	23
6	15	31
7	9	26
4	8	23
6	7	25
7	9	30
2	7	22
2	5	20
4	9	25
4	9	31
6	10	27
5	10	26
3	6	21
4	7	24
3	7	23
3	5	22
4	7	27
3	8	26
5	7	25
3	7	24
4	6	23
5	8	25
7	8	26
4	6	22
6	7	23
3	6	21
3	8	22
5	8	25
5	9	24
3	4	29
2	4	20
2	5	22
3	5	24
7	10	29
7	12	28
6	10	32
6	10	27
4	7	26
6	11	29
5	8	25
5	7	26
7	10	27
5	7	22
4	9	23
4	7	24
5	8	30
0	6	21
0	3	21
0	4	21
3	6	23
1	5	22
1	5	21
2	5	22
5	6	25
4	8	21
4	8	30
5	9	31
3	7	26
4	6	24
5	6	24
3	10	25
4	9	24
1	8	91
3	8	25
4	6	26
1	4	20
2	4	20
5	7	22
3	6	22
2	6	22
4	7	29
2	7	24
5	7	25
10	12	32
0	2	20
8	10	33
6	10	29
8	8	28
7	11	29
1	5	23
5	6	23
4	9	22
2	5	22
2	4	21
5	11	30
4	9	24
2	5	21
5	9	30
3	6	20
2	7	21
3	6	21
0	12	91
0	6	90
4	6	24
5	10	26
4	8	25
3	6	23
5	8	24
4	8	24
4	9	25
4	8	23
6	8	24
3	6	21
6	8	27
3	4	21
3	5	22
2	6	21
5	9	26
4	8	24
2	6	24
4	6	23
2	6	22
5	8	26
2	7	23
1	7	24
0	2	20
2	6	21
2	5	21
2	3	22
3	5	21
3	4	23
4	6	21
5	7	24
6	9	28
2	5	21
5	6	22
6	7	24
3	5	22
1	7	31
8	8	27
3	4	23
8	7	29
1	8	91
5	8	25
4	7	21
3	6	22
4	7	23
1	5	20
2	4	21
1	6	21
2	6	24
3	7	24
3	4	22
2	4	21
2	5	24
2	3	20
2	3	21
1	3	22
5	5	25
0	9	91
0	15	90
0	9	57
3	5	23
4	5	23
3	6	22
4	9	24
7	12	31
5	11	25
7	10	30
2	6	23
3	6	22
3	6	22
2	6	21
0	3	21
2	4	22
9	11	37
5	7	28
6	11	24
0	3	21
1	3	20
3	5	23
3	4	21
4	9	28
3	7	23
2	5	21
5	8	23
2	3	23
6	10	26
8	11	31
9	11	32
3	7	22
9	11	32
11	12	33
4	5	23
4	5	22
0	11	90
0	7	91
5	7	25
1	7	23
1	6	52
0	5	52
7	8	30
5	7	26
2	4	24
3	5	22
6	6	23
3	8	24
5	6	31
3	8	24
4	8	25
2	4	20
4	6	22
3	4	22
4	13	90
4	7	23
0	3	21
0	2	22
2	34	91
3	8	23
3	7	23
2	9	24
3	10	30
3	8	22
3	6	23
2	6	24
7	16	31
3	5	23
7	7	27
4	8	26
3	7	24
3	6	23
0	5	91
0	8	89
7	8	27
3	7	20
2	6	23
8	8	32
7	8	33
9	8	35
8	8	32
7	10	27
3	9	26
4	10	25
2	8	22
1	8	20
5	9	27
4	8	25
7	10	29
4	10	24
7	12	33
4	9	23
1	4	22
3	6	25
8	12	31
3	7	22
2	6	23
7	5	23
0	3	22
3	3	21
2	6	21
3	8	23
5	9	30
0	13	91
1	3	23
2	4	21
6	9	25
7	8	24
5	8	24
4	6	25
6	9	26
1	5	22
1	3	23
1	5	22
3	10	25
4	6	24
2	6	21
2	3	21
2	4	23
0	10	90
4	4	23
4	5	24
3	7	23
4	8	24
3	6	23
3	7	22
7	8	24
0	11	90
5	8	25
2	5	24
6	9	26
10	11	34
3	7	22
3	8	23
3	9	22
4	6	24
5	8	24
2	5	20
6	8	30
4	5	23
7	12	31
1	6	21
7	9	30
0	7	21
3	5	21
2	7	23
2	7	21
5	8	31
0	6	91
2	6	22
7	8	25
3	7	21
2	4	22
7	10	30
0	3	22
2	3	20
3	5	27
3	9	25
5	8	25
4	7	23
2	5	22
3	5	22
3	11	90
5	14	90
3	8	22
3	6	24
7	10	30
3	6	26
6	8	30
4	5	26
2	3	22
4	6	26
3	4	23
4	7	26
4	7	25
4	8	24
4	9	25
3	6	30
6	9	25
4	8	23
0	3	23
1	2	22
0	3	22
0	4	23
3	6	23
3	5	21
5	7	23
3	7	25
4	6	24
5	8	26
3	5	23
2	2	21
3	6	25
3	6	23
5	8	25
2	5	21
5	7	23
7	11	30
2	8	24
1	4	23
5	8	23
5	7	30
5	13	31
5	11	26
6	9	33
3	7	22
9	16	33
6	9	26
1	5	21
2	6	20
7	10	27
4	9	26
4	7	25
4	6	21
6	9	27
8	11	26
5	10	32
3	8	23
6	6	25
8	9	34
2	6	22
3	8	22
0	17	91
0	11	91
0	5	37
0	6	91
0	11	91
0	9	91
6	9	30
3	4	21
5	7	26
5	10	31
3	6	24
5	9	27
4	8	26
5	7	26
3	5	23
3	8	25
4	8	23
0	7	87
0	9	90
3	6	22
4	10	28
3	4	23
3	7	23
1	7	22
3	4	26
3	7	23
4	7	21
9	12	33
8	11	32
8	11	29
5	11	30
5	9	26
8	13	32
5	10	30
6	9	31
6	11	33
2	5	20
4	7	23
6	13	32
5	9	25
6	12	31
7	9	27
7	14	36
4	10	28
3	10	27
5	26	90
7	7	28
5	7	24
3	7	22
8	13	32
4	9	26
7	9	30
5	7	28
6	10	31
4	7	25
5	7	22
3	5	21
3	6	22
2	6	23
3	5	24
4	6	25
3	6	23
0	15	90
2	5	21
5	9	25
3	8	22
4	7	21
8	9	28
6	8	26
4	9	27
0	5	20
0	3	21
4	5	23
9	13	34
2	8	21
2	3	26
0	2	21
2	4	22
4	7	23
9	13	35
7	10	28
3	5	24
5	9	27
4	9	22
2	6	20
1	2	22
3	7	23
5	6	28
7	7	28
2	4	21
4	9	22
5	5	30
2	4	23
1	2	22
1	3	21
0	2	20
6	10	26
2	3	22
0	4	23
2	4	21
7	11	27
2	8	23
2	6	21
0	6	22
6	6	31
3	3	23
2	4	23
5	7	25
4	6	24
4	6	23
1	7	22
2	4	23
3	4	25
4	6	25
2	5	26
1	5	21
4	6	23
2	6	21
2	6	22
3	4	24
4	8	25
3	9	24
24	36	91
1	8	22
6	9	28
1	3	22
6	6	30
3	4	22
1	4	21
7	10	26
5	9	24
3	6	23
6	6	30
0	10	89
0	12	91
4	6	25
2	7	24
3	4	23
3	7	21
5	5	24
6	12	91
0	17	91
3	4	24
2	5	21
10	14	32
5	6	28
6	14	32
5	8	25
3	5	23
3	4	21
0	2	25
0	2	23
0	4	23
6	9	26
8	10	28
5	10	31
9	11	28
3	9	24
6	10	33
0	6	20
5	11	31
1	8	91
0	15	91
6	9	29
3	6	21
7	8	32
0	4	20
2	7	21
4	7	24
4	7	21
2	5	22
2	5	20
6	10	27
4	13	30
2	12	24
4	11	25
4	9	26
3	9	25
3	8	24
0	2	20
1	3	21
2	18	91
4	10	30
6	10	26
7	10	28
9	12	34
6	11	31
2	4	24
3	5	23
4	9	25
2	6	22
5	9	30
1	4	21
10	7	29
1	1	27
1	1	22
1	1	23
1	-1	91
0	14	90
3	4	20
4	5	22
7	10	33
9	10	34
7	8	30
7	10	32
9	13	31
6	9	25
4	6	22
2	6	22
8	9	26
9	15	36
4	7	23
6	11	35
5	8	27
1	5	20
2	5	22
4	10	23
2	4	22
1	5	91
0	10	91
1	5	22
8	14	28
4	7	23
3	8	22
3	14	31
3	6	23
2	5	22
2	5	21
3	4	22
2	4	23
8	11	32
2	6	24
8	8	31
5	5	23
1	5	20
8	10	31
2	5	21
1	2	23
0	3	23
0	3	22
0	4	21
0	4	20
7	8	25
6	7	22
3	7	24
1	6	21
6	6	22
0	9	91
0	9	90
4	10	26
2	5	20
6	9	26
5	7	25
2	4	20
1	5	22
3	5	21
8	10	27
9	11	27
9	16	32
0	3	24
10	9	32
3	8	25
5	7	33
5	6	24
2	7	23
4	5	22
3	9	24
5	7	26
6	5	25
4	8	24
8	9	30
3	2	23
1	5	20
24	29	91
5	12	26
6	10	26
5	8	24
0	8	90
0	9	91
4	6	24
1	2	22
2	6	22
3	8	24
7	9	33
5	6	24
1	7	21
2	11	25
2	5	22
4	6	26
5	6	25
4	6	24
3	5	24
1	13	90
1	14	91
3	4	21
3	4	20
2	5	21
6	9	26
7	8	28
0	8	90
0	12	90
1	4	20
0	14	90
6	5	27
6	8	26
3	6	21
7	9	27
7	8	25
2	3	21
0	9	91
3	7	23
3	6	20
4	6	24
4	6	33
5	5	35
4	6	32
7	10	28
5	8	23
3	4	24
6	7	33
3	4	24
6	8	25
6	10	25
4	5	23
2	5	20
3	9	23
5	8	24
3	8	23
3	7	24
4	6	22
2	5	21
4	6	23
2	4	24
3	6	22
4	6	25
10	14	35
8	11	30
0	10	90
0	3	91
2	9	23
2	2	22
7	9	26
0	4	20
4	6	22
3	7	23
4	8	25
1	10	23
3	6	21
8	8	28
3	8	22
2	5	20
2	7	21
4	6	23
2	7	24
4	8	28
3	8	23
3	8	22
6	7	31
3	8	22
9	13	31
0	4	21
6	9	25
5	10	26
3	6	21
4	8	23
3	8	22
3	7	21
6	10	27
0	6	23
4	4	25
2	7	21
7	7	25
9	10	33
4	5	24
3	5	25
8	8	30
2	5	21
2	4	23
5	5	25
5	4	24
3	8	25
3	8	25
3	8	31
3	6	21
6	12	30
5	7	30
5	8	23
4	9	31
1	4	21
7	9	31
3	2	22
6	10	31
5	10	30
4	10	30
6	10	31
5	14	31
4	8	28
4	10	27
2	5	23
6	9	25
4	11	23
3	7	23
5	11	30
8	10	28
2	6	22
3	3	21
6	13	30
1	6	22
3	8	23
4	11	30
0	15	77
0	5	90
5	7	25
5	7	22
5	6	24
4	8	24
2	5	21
4	8	25
5	10	30
4	8	23
4	7	25
4	8	25
9	13	30
10	13	35
9	13	34
4	7	26
3	8	23
4	5	24
4	4	23
3	6	22
6	10	30
4	7	24
6	6	27
4	6	24
3	6	21
2	5	21
7	11	25
2	10	24
3	6	22
12	11	35
8	8	26
3	8	24
7	13	31
7	8	27
5	9	25
6	10	26
9	13	33
8	15	32
7	12	30
7	8	28
6	13	26
4	6	24
2	5	23
2	5	21
3	6	22
2	6	21
7	11	30
2	6	21
6	11	27
3	5	21
0	12	90
0	9	91
0	2	26
0	1	25
0	1	22
0	1	24
1	1	26
2	7	22
4	9	27
2	4	21
6	7	26
5	18	88
2	4	21
3	5	20
4	9	30
3	4	22
1	5	24
5	6	30
8	10	27
2	4	21
0	3	22
2	4	25
2	4	20
3	4	21
3	6	22
3	6	23
5	10	27
3	6	21
5	8	25
3	8	22
2	6	22
4	8	24
3	6	22
3	5	22
3	4	21
3	4	22
9	14	36
2	6	23
6	10	30
3	11	90
1	3	23
2	5	22
3	7	23
3	8	24
2	7	22
4	5	22
4	5	21
0	2	22
4	9	30
2	3	21
2	3	22
3	5	21
3	6	21
2	4	20
2	10	22
6	10	28
1	4	20
6	6	27
4	6	21
4	6	23
6	6	29
3	8	26
3	7	23
0	7	91
0	7	90
6	7	25
4	7	23
7	10	30
8	10	31
4	6	23
7	8	30
6	9	24
7	12	30
5	13	31
6	10	30
6	11	30
6	11	30
6	10	27
6	10	26
6	12	33
4	11	25
5	10	24
4	9	23
4	10	26
4	9	26
4	9	26
3	8	24
3	8	23
5	10	28
1	5	22
3	5	25
2	6	21
2	5	20
0	12	91
0	4	91
2	5	22
3	7	24
2	5	22
1	4	21
1	7	22
2	7	24
6	10	30
6	11	31
3	6	23
5	12	30
5	7	25
2	7	23
2	6	22
5	9	25
4	8	24
4	8	24
3	6	23
3	7	25
7	7	27
4	8	24
9	14	36
7	12	30
5	7	24
2	7	22
3	8	25
2	6	21
2	8	23
3	8	21
3	7	22
3	9	23
3	11	24
4	9	25
2	4	23
3	6	24
3	9	22
3	6	21
6	14	30
9	11	33
3	6	23
8	7	31
4	11	26
3	6	22
3	7	22
7	9	24
6	9	25
5	4	22
1	3	21
3	7	24
3	6	26
7	12	30
2	7	24
3	4	23
3	7	21
4	6	20
12	12	32
4	9	23
4	6	23
4	8	26
9	13	34
11	14	33
6	14	34
9	11	31
2	3	22
2	6	26
4	6	23
2	4	21
3	5	20
3	8	23
2	6	21
7	12	31
2	8	23
3	7	23
4	7	25
4	8	25
3	10	27
5	10	30
2	9	24
4	8	24
4	9	24
5	11	30
4	11	32
2	8	25
4	6	23
2	6	22
3	5	21
7	10	30
2	6	21
3	4	20
4	7	22
4	8	25
5	8	25
3	7	24
3	6	22
4	7	24
3	6	23
5	12	30
3	5	20
6	7	28
10	10	37
0	13	90
0	16	91
5	10	25
5	10	26
2	6	21
8	11	31
7	12	30
2	4	24
27	34	87
7	9	30
4	8	24
5	9	28
5	7	24
5	7	25
6	10	27
5	11	33
7	14	31
5	9	23
6	10	26
4	9	24
4	6	22
2	6	22
4	5	24
4	6	23
4	9	25
3	8	23
2	6	23
5	10	23
5	7	25
9	14	34
7	8	28
4	6	24
3	8	25
9	13	34
3	5	24
2	6	23
2	8	23
3	7	22
0	5	21
5	8	24
4	7	23
10	10	30
8	17	33
4	5	23
4	8	24
8	12	33
7	10	30
4	6	22
2	3	21
3	6	20
3	9	23
3	8	22
2	7	20
2	6	21
1	12	90
0	5	91
4	8	23
2	6	21
2	7	22
3	6	21
2	6	22
2	6	22
3	7	22
5	9	31
4	10	25
5	10	26
2	6	22
3	6	23
3	6	23
5	12	26
4	7	27
7	9	29
3	7	21
3	7	23
4	7	21
3	7	22
2	6	21
8	10	31
4	10	26
4	6	25
3	6	22
4	8	23
6	6	27
2	11	25
3	7	23
6	9	23
7	8	27
9	11	30
2	6	24
2	5	22
3	7	22
7	9	24
2	6	22
9	7	31
5	8	24
5	29	91
6	26	91
4	7	24
1	4	20
2	5	22
5	8	26
3	8	24
5	10	31
2	2	22
7	7	25
5	11	32
2	6	21
3	7	24
3	7	23
3	7	22
8	9	28
2	6	22
1	14	90
1	12	91
1	5	21
0	2	21
3	5	23
2	5	22
6	10	30
6	10	30
5	10	30
5	9	25
3	8	25
3	8	24
2	4	23
1	5	21
0	4	20
5	9	25
5	6	21
3	9	22
3	6	20
1	5	20
4	10	31
8	13	32
7	11	30
9	12	34
9	11	32
9	11	34
9	12	34
8	11	32
10	11	32
7	12	33
8	11	30
7	10	28
7	13	28
8	12	30
4	11	31
3	8	25
4	7	22
3	7	21
3	6	20
5	8	24
3	9	24
3	8	24
3	7	22
5	9	22
4	7	22
7	10	25
3	7	25
1	8	24
4	5	23
4	9	27
4	7	25
9	8	29
6	12	31
12	32	90
4	8	23
5	7	24
3	6	21
1	5	21
1	4	21
6	9	27
7	9	28
11	13	38
2	5	20
5	10	31
7	10	29
3	6	23
7	11	31
7	8	30
6	8	30
5	9	26
4	6	24
4	6	24
5	7	25
4	6	23
2	3	25
2	4	25
2	3	23
1	3	22
5	8	26
4	9	23
4	8	25
4	8	30
4	9	23
4	8	21
0	18	91
0	7	91
5	6	22
3	8	24
7	11	31
6	10	31
4	6	21
2	7	23
4	10	26
0	2	20
0	3	21
0	3	22
2	6	23
4	8	23
3	7	21
3	6	23
4	6	25
0	6	90
0	3	20
4	8	25
3	9	22
2	9	22
4	8	25
0	5	21
7	8	25
8	11	31
6	8	25
8	10	25
8	11	29
5	8	28
9	13	34
11	15	38
9	12	33
6	7	27
2	5	23
3	7	23
5	6	24
1	7	21
2	8	22
7	7	26
4	7	24
3	6	22
6	10	25
1	5	21
2	5	20
7	10	29
4	6	23
7	15	34
3	7	22
3	7	22
10	13	33
5	8	27
5	9	25
5	9	24
6	9	25
8	11	25
5	12	32
3	7	23
5	8	24
5	6	21
5	9	24
1	5	21
3	8	22
4	10	24
3	7	24
5	7	25
4	8	23
3	6	25
3	8	22
1	5	20
3	8	24
4	8	22
3	7	22
2	7	20
3	7	22
7	9	26
8	14	31
4	11	27
6	11	30
3	8	23
3	6	22
3	8	23
2	5	21
8	14	31
7	17	34
4	5	21
3	6	24
6	9	26
5	10	33
5	9	25
4	9	25
2	7	23
4	7	24
6	11	25
7	9	90
9	9	26
6	7	24
8	9	30
8	11	32
8	12	32
9	12	34
3	7	23
2	5	22
4	6	23
5	8	25
5	7	26
0	5	22
5	7	21
1	4	21
0	5	23
7	8	25
6	14	29
5	7	25
0	3	21
3	5	22
7	9	27
1	9	91
8	13	29
4	7	24
0	5	21
1	6	23
3	5	21
4	9	24
1	2	20
0	1	23
7	14	30
4	14	30
4	12	27
0	12	90
0	9	91
1	4	22
7	13	32
1	8	21
4	10	25
4	6	25
0	5	21
2	5	21
7	9	27
0	11	91
6	7	23
7	18	91
2	5	24
6	9	31
8	11	31
0	14	88
2	9	90
4	8	30
4	7	23
0	3	22
5	7	23
4	6	22
2	4	23
2	6	22
3	7	22
3	6	22
3	8	23
0	4	21
0	5	22
6	8	24
4	6	21
6	7	27
3	4	23
3	6	23
5	11	30
5	7	28
4	9	23
2	9	24
2	6	22
7	8	28
2	6	21
2	5	22
5	6	25
3	5	21
4	11	30
2	7	21
2	5	22
3	6	22
8	11	28
8	8	30
2	7	22
8	12	26
7	11	29
8	11	28
6	9	26
4	6	22
2	5	22
3	8	23
3	8	23
2	7	22
1	5	21
0	7	89
0	10	89
0	9	89
0	15	90
2	9	24
5	9	23
3	9	26
7	10	31
0	4	21
6	9	27
5	6	24
1	4	21
0	2	23
1	4	23
3	9	25
3	8	24
5	9	30
2	7	22
4	7	24
3	6	24
4	5	23
2	3	21
2	5	28
1	5	25
1	3	23
0	5	23
4	7	24
4	6	24
8	7	26
1	4	20
5	9	24
6	7	25
2	7	23
1	5	22
1	7	20
2	4	23
1	6	23
0	4	21
8	12	35
3	6	25
4	6	26
4	7	25
4	7	24
3	6	23
3	6	22
2	2	25
1	5	21
0	16	91
6	8	27
3	8	22
0	2	23
2	6	21
3	6	21
6	6	26
4	6	24
6	9	27
4	12	28
5	9	25
6	4	25
4	6	23
4	7	25
6	8	31
2	6	20
6	8	24
2	5	22
1	13	91
5	11	90
3	7	20
2	5	22
2	4	21
2	5	20
3	10	25
9	9	28
0	2	21
2	4	23
3	8	24
2	8	22
5	9	28
4	10	26
6	10	30
6	10	27
5	10	30
2	7	21
7	10	27
9	8	29
8	6	29
3	12	90
5	15	91
0	9	91
0	7	90
6	6	27
4	8	25
3	5	24
2	5	23
1	5	23
1	7	22
6	10	31
4	7	21
2	4	22
6	12	30
4	8	26
2	7	22
4	7	23
2	7	21
2	5	25
6	14	33
5	11	27
8	11	31
6	9	26
5	10	25
5	8	23
6	10	27
7	10	31
5	9	26
5	9	26
6	9	24
5	7	25
3	6	21
4	8	33
3	9	24
3	9	22
4	6	24
7	11	29
10	9	32
3	4	22
5	11	30
4	6	27
8	11	34
3	6	20
0	4	23
4	10	31
3	7	25
2	6	24
3	6	23
4	8	25
5	8	23
3	9	23
4	15	32
0	4	22
3	5	21
4	7	21
2	3	26
6	7	27
3	8	23
5	9	30
6	9	30
3	6	21
5	8	25
3	7	22
7	11	28
3	6	25
3	6	23
4	5	23
1	9	89
0	10	91
5	8	24
7	8	28
7	8	26
1	1	22
0	13	91
0	9	90
3	9	26
2	5	23
4	8	31
3	5	23
5	7	26
4	6	24
4	7	24
3	8	24
4	7	23
5	11	27
0	1	20
7	10	25
2	4	21
2	4	20
7	10	25
8	10	30
8	11	33
4	7	27
3	6	24
3	5	23
3	5	23
3	3	23
4	7	25
1	2	21
5	9	26
4	10	25
5	9	24
4	7	24
5	9	23
6	10	29
0	11	66
9	14	36
6	7	30
1	3	21
6	8	30
4	6	26
7	10	29
5	8	30
5	7	25
3	6	25
5	6	27
2	7	21
5	7	25
7	6	32
3	5	22
6	12	26
3	5	20
2	8	22
0	12	53
0	10	91
0	5	91
7	13	32
2	6	22
5	7	23
4	7	23
7	11	30
0	2	21
3	6	25
3	6	23
10	15	31
4	6	23
3	8	23
2	7	22
2	5	21
9	15	35
8	11	30
9	12	31
9	12	35
10	13	32
9	13	31
9	12	33
8	13	31
5	8	25
7	9	25
5	6	25
3	11	29
3	8	24
2	8	23
6	9	27
4	7	24
3	8	24
3	8	25
4	10	24
15	15	88
7	17	91
3	12	90
0	13	90
6	11	27
3	5	23
2	6	21
4	8	24
6	6	27
4	6	23
4	6	23
0	10	90
0	9	91
0	8	90
0	11	91
4	6	21
3	8	24
3	5	22
8	11	28
1	11	89
2	3	20
7	9	25
1	4	20
4	7	26
7	10	31
6	10	26
4	5	22
2	7	21
4	6	24
4	6	23
2	5	20
3	7	23
4	8	21
5	8	31
6	8	31
4	8	31
7	9	26
5	8	25
2	4	22
3	4	23
4	6	24
0	6	91
4	7	26
0	9	90
0	7	89
2	5	22
2	5	21
3	6	24
3	6	23
3	6	22
11	12	32
4	8	24
1	12	91
5	7	22
2	5	22
3	7	24
4	9	26
0	3	22
8	12	32
4	7	22
5	8	25
0	4	22
2	3	23
4	6	23
2	3	22
5	9	25
2	5	22
4	9	26
5	8	24
3	5	22
1	5	21
0	10	91
0	9	91
2	9	22
4	8	25
4	7	24
5	9	25
2	6	20
1	6	21
5	7	24
4	8	25
3	8	24
5	8	25
6	9	23
3	7	22
8	8	27
7	14	33
0	11	90
2	7	20
4	6	23
2	4	22
6	9	30
7	10	30
10	11	32
3	6	22
4	9	24
2	5	21
1	6	91
2	11	91
3	7	22
2	6	21
5	6	24
6	10	30
5	9	26
3	6	22
4	6	22
7	9	25
4	8	23
4	8	22
7	13	33
4	6	22
4	9	24
6	10	31
6	7	25
0	10	90
0	10	89
0	11	91
4	13	31
4	9	25
3	6	22
9	10	34
10	10	35
10	10	33
8	11	31
4	8	23
9	11	34
8	11	31
4	8	23
5	9	25
2	6	22
4	8	23
3	9	24
4	8	23
5	8	27
3	7	22
6	8	25
4	7	26
1	4	22
5	7	24
5	7	26
1	5	24
5	9	25
2	3	21
3	8	20
5	9	26
4	7	25
9	8	32
0	5	21
4	7	25
2	4	21
1	4	20
5	7	23
0	4	75
3	4	20
3	8	21
3	8	21
2	8	21
4	9	25
6	8	25
4	8	23
7	15	31
6	14	31
5	7	24
10	13	33
6	16	31
3	6	22
8	13	32
8	7	30
3	5	23
7	12	31
5	9	25
7	11	27
9	11	29
7	7	26
4	8	25
5	9	24
8	9	26
4	8	24
4	7	23
4	7	23
7	10	32
7	10	31
9	13	30
8	12	32
8	12	29
5	12	30
7	14	34
8	12	35
3	5	21
8	14	32
5	9	24
3	4	22
5	8	24
1	5	21
3	6	23
3	7	22
3	8	23
8	48	91
8	10	29
8	10	31
7	9	31
3	6	22
8	15	34
5	8	25
5	11	28
6	11	32
5	9	29
6	11	30
6	13	31
7	10	29
6	8	25
2	7	20
12	11	36
12	12	38
9	12	36
10	12	33
9	11	31
7	7	26
2	5	21
2	6	21
6	10	27
5	8	30
3	7	27
3	7	24
3	7	24
3	9	23
5	10	28
6	11	30
5	10	31
1	4	21
7	9	29
2	8	22
3	7	27
4	8	24
7	8	26
2	9	22
5	10	26
3	5	23
2	5	21
3	6	25
4	7	32
7	7	25
3	10	25
4	9	25
4	9	24
3	6	23
9	11	29
5	6	24
6	6	25
12	10	36
2	7	23
2	7	23
6	11	32
4	7	22
5	7	23
5	9	25
5	10	25
5	12	27
6	9	27
7	8	27
4	8	22
3	4	21
2	6	21
1	3	21
6	12	30
7	12	31
11	12	32
3	3	21
2	4	22
2	4	21
4	9	23
7	9	26
3	6	22
4	5	22
4	8	21
1	4	23
3	6	23
4	7	23
4	7	25
2	3	23
4	9	30
5	9	31
7	10	31
1	3	21
4	6	24
5	7	25
1	3	22
4	5	24
9	11	32
7	10	31
8	8	27
8	9	27
9	10	31
6	8	30
6	8	26
5	7	25
4	6	24
4	6	23
4	6	25
3	6	26
3	6	24
2	4	25
3	5	25
3	3	24
2	3	22
3	3	23
2	5	22
8	8	32
4	7	29
5	6	25
7	16	36
0	11	91
2	4	23
3	5	23
2	5	21
1	13	91
5	8	25
5	8	26
2	7	25
7	10	27
3	8	23
6	11	31
6	9	30
1	7	21
1	6	20
5	8	24
13	16	40
11	17	38
6	7	26
4	8	25
1	4	22
3	7	22
4	8	24
4	10	25
4	6	24
1	4	26
7	11	36
4	6	22
2	4	22
3	4	21
7	10	32
6	6	26
5	6	24
2	6	21
4	8	24
1	4	22
5	5	24
2	7	25
4	6	22
3	4	21
8	11	31
7	9	26
7	10	27
6	10	25
7	8	26
6	8	30
3	6	22
7	11	30
0	2	24
5	8	30
2	7	23
7	10	29
4	9	31
5	7	23
7	8	27
3	7	25
5	7	25
2	4	22
9	11	31
4	9	25
5	6	26
4	6	24
6	8	31
3	5	24
4	7	24
5	8	24
7	10	31
4	5	22
7	9	30
3	8	23
0	4	21
1	4	21
1	3	23
6	9	24
1	5	21
6	35	91
4	8	25
3	7	22
3	6	21
2	8	23
7	8	24
1	7	20
3	3	21
3	4	21
0	10	91
1	4	22
1	2	90
8	14	33
6	8	30
1	7	23
1	7	22
2	7	21
3	6	24
3	9	21
4	6	21
3	8	21
8	12	32
4	13	30
3	7	24
3	5	24
9	13	32
5	6	24
0	4	32
9	17	36
4	6	22
4	7	22
3	6	21
2	6	21
2	5	22
2	4	21
4	7	21
8	11	28
10	11	30
4	6	25
4	6	24
6	7	24
5	6	26
4	7	23
7	12	36
8	10	31
8	10	28
1	3	21
2	4	22
8	11	28
6	10	32
3	7	23
0	8	90
0	17	91
0	11	91
0	13	91
2	5	23
4	7	21
2	3	22
7	12	31
9	12	30
7	9	25
4	9	26
3	8	25
4	7	23
6	8	22
6	6	24
2	6	21
2	6	20
5	6	23
9	9	35
7	10	26
8	11	29
9	12	33
3	4	21
3	10	25
3	6	21
5	11	31
2	9	22
3	9	21
1	5	21
4	7	23
6	9	27
6	7	26
4	7	24
8	10	32
4	8	24
5	7	24
4	7	24
6	6	28
0	12	91
8	13	34
1	6	22
2	6	24
3	8	23
1	6	21
3	8	23
4	8	26
4	9	24
2	7	22
7	10	27
3	7	22
4	6	24
4	7	23
3	5	22
3	6	24
1	4	21
6	8	26
6	9	28
7	9	29
8	11	32
2	5	22
6	7	32
3	11	30
4	4	23
5	12	32
3	8	27
6	12	32
1	4	21
7	10	31
4	9	27
2	6	20
8	10	31
7	7	28
0	3	22
3	3	21
4	8	25
3	5	22
4	9	26
2	8	24
3	8	23
3	4	23
3	5	23
2	4	20
3	4	22
6	12	32
4	11	32
4	13	32
5	12	32
3	7	21
6	9	31
4	11	32
3	11	29
4	10	30
2	8	25
3	7	24
2	8	22
3	8	21
6	10	24
2	9	23
3	7	22
4	9	23
3	8	26
5	9	28
3	8	26
0	4	20
0	4	21
2	7	22
4	11	25
4	7	22
3	7	23
2	6	22
2	6	21
1	5	21
0	10	91
0	12	90
3	6	27
3	6	21
3	7	22
4	10	25
3	11	25
3	10	27
3	10	30
6	10	26
4	8	25
3	5	23
3	5	21
2	4	21
1	3	21
5	7	25
2	4	20
6	12	30
2	5	23
6	9	25
0	11	91
0	12	90
4	8	30
3	6	20
4	8	24
4	5	22
8	12	32
5	8	25
5	8	26
2	5	21
1	5	21
5	11	29
1	4	20
4	5	25
2	7	23
4	6	24
5	8	25
0	8	91
3	6	30
3	6	22
4	7	23
6	11	31
4	5	24
4	8	22
4	5	20
2	8	22
6	11	27
2	4	22
4	7	23
3	5	22
3	6	23
5	7	25
2	5	22
3	5	24
6	10	28
7	9	26
8	8	25
6	9	25
4	6	23
6	10	28
4	8	23
3	7	24
11	13	33
6	9	27
6	13	31
4	7	23
7	9	26
5	7	23
2	4	21
6	9	24
2	5	22
3	7	24
3	6	26
2	5	20
7	10	28
2	4	22
5	10	25
5	12	30
1	5	22
4	8	90
2	13	91
3	7	23
1	5	20
6	7	27
4	7	24
8	12	36
4	8	22
6	10	31
3	7	21
3	6	23
4	10	25
3	8	24
5	8	24
1	10	24
11	13	33
8	8	32
9	8	31
9	10	31
2	6	21
10	12	29
4	6	20
9	10	27
0	-1	91
4	7	22
9	9	33
10	9	33
4	6	21
4	9	25
2	7	22
7	12	30
1	5	22
1	3	23
2	5	22
1	4	21
5	7	30
5	8	25
4	8	25
7	12	26
0	10	91
0	15	91
0	18	90
6	8	24
4	9	26
4	8	24
3	8	22
5	9	24
5	10	27
5	8	26
5	12	27
5	9	27
2	7	21
4	7	22
3	4	21
1	4	21
5	10	30
2	8	24
4	10	28
3	5	23
3	7	22
2	5	22
3	8	24
3	10	26
5	9	25
5	8	24
4	6	25
5	10	31
4	7	23
2	5	21
6	9	25
7	10	30
3	10	24
2	6	22
3	6	22
2	5	20
3	9	24
3	9	23
3	7	21
4	8	22
1	5	20
5	8	26
4	8	23
2	8	22
0	5	22
0	4	21
0	4	24
4	6	23
3	5	22
3	6	21
5	9	23
1	3	21
7	8	27
6	8	23
3	6	22
3	3	26
7	12	32
5	11	30
9	12	30
4	7	21
5	8	24
4	4	24
3	8	23
6	10	27
6	8	26
2	7	23
2	6	22
3	3	24
3	6	22
3	6	22
3	5	21
3	9	23
4	8	24
6	9	30
4	10	28
4	7	24
2	6	20
2	8	22
3	5	22
5	8	25
6	8	24
4	8	23
6	11	30
5	9	26
4	7	26
3	7	23
3	8	30
7	12	31
5	10	33
6	8	31
1	4	23
2	8	24
1	8	20
3	3	23
5	5	25
3	6	27
0	3	22
9	10	31
4	7	21
5	6	31
4	7	30
5	6	26
4	5	25
3	4	21
3	7	27
3	7	24
4	7	24
7	8	30
4	8	26
5	5	26
3	7	24
3	6	22
3	6	25
3	5	24
4	7	25
5	7	26
4	6	25
3	5	22
3	7	22
1	3	20
3	7	23
4	9	25
5	8	26
5	11	28
7	8	23
0	2	24
4	5	22
7	9	26
8	12	28
3	5	21
6	11	33
2	3	23
1	16	90
0	14	91
1	8	23
3	5	23
6	7	30
3	6	24
2	3	21
6	9	27
6	10	31
7	8	30
3	10	22
5	8	21
2	8	26
6	7	26
3	4	23
5	11	31
6	10	25
0	9	91
6	9	31
3	6	21
2	8	21
3	5	22
5	13	31
2	5	21
3	6	22
3	6	21
2	5	22
4	9	30
6	11	31
6	11	32
4	9	30
4	7	22
2	6	20
3	5	23
3	11	31
6	9	30
4	6	21
3	3	23
9	13	30
8	13	28
8	11	28
7	10	26
7	10	32
6	10	25
7	10	25
9	12	33
5	7	30
2	7	23
1	7	20
2	7	22
4	8	21
4	7	21
4	5	25
4	7	23
8	14	32
3	8	21
2	6	20
1	6	90
0	5	75
3	7	24
2	6	20
8	12	28
3	5	23
3	6	23
2	4	22
4	6	23
6	9	26
9	12	28
6	9	25
2	7	22
2	8	21
3	8	24
2	3	22
3	7	21
7	7	32
6	10	27
1	4	21
8	10	32
0	2	21
0	0	31
3	7	21
2	2	25
0	3	22
1	4	20
2	2	20
5	10	25
4	8	24
1	5	22
4	6	24
7	11	32
6	6	29
3	7	22
1	5	20
2	5	20
8	10	31
5	9	25
1	3	22
6	50	90
5	11	28
11	14	35
6	8	25
0	3	25
5	7	24
1	60	91
8	10	32
4	8	26
6	12	31
6	12	33
5	11	31
7	10	30
6	10	29
7	9	30
5	11	34
7	10	29
6	9	28
4	4	22
2	3	26
9	12	33
8	13	34
8	11	34
4	7	26
4	8	24
6	8	26
6	9	28
5	8	24
4	7	24
3	7	26
4	9	31
5	6	24
10	13	33
4	8	24
1	15	91
1	14	90
5	8	31
0	5	91
6	9	25
0	2	21
0	13	91
4	6	27
2	6	21
2	6	22
7	8	27
5	8	30
5	8	24
0	4	20
2	5	23
4	10	26
0	2	22
0	18	90
1	6	20
1	6	91
0	13	91
4	10	30
4	8	26
3	10	30
0	17	91
0	14	91
0	4	21
7	10	31
4	7	24
2	6	23
5	6	25
3	9	25
4	8	24
1	5	21
7	14	28
9	10	31
8	7	33
10	9	36
10	9	34
4	7	22
9	7	26
7	12	32
8	8	29
4	5	25
7	9	26
4	14	33
4	10	25
5	13	32
6	10	24
4	7	26
5	8	24
4	4	23
4	7	26
4	7	25
4	7	24
3	8	25
3	7	24
3	6	23
2	4	22
5	8	26
4	7	24
4	5	25
3	5	24
4	6	27
0	3	22
0	3	23
1	5	21
6	7	31
1	4	22
1	13	89
0	9	91
5	4	30
5	8	23
1	3	21
3	8	22
5	7	26
3	8	30
0	5	23
0	4	22
0	5	24
2	5	25
6	7	25
3	7	21
4	9	24
1	4	20
7	9	25
4	5	23
2	5	23
5	9	26
7	12	29
4	6	23
0	12	90
0	21	91
0	6	91
1	9	91
0	11	89
0	11	91
0	12	91
0	5	87
0	7	90
6	8	25
3	8	21
8	6	30
7	11	24
4	7	30
2	5	22
2	4	20
0	9	91
3	6	24
3	7	25
5	11	30
7	9	33
5	5	26
0	7	91
0	10	89
7	13	31
4	7	24
2	5	22
2	6	22
3	5	22
4	8	22
4	9	24
1	17	90
2	5	23
1	7	23
5	9	32
2	7	21
0	5	21
4	8	30
3	6	25
2	3	25
8	9	29
2	9	23
3	6	22
4	11	30
4	8	24
3	9	21
0	9	91
3	5	22
3	5	24
4	4	22
1	4	22
3	5	21
1	4	22
1	4	22
3	7	26
3	7	23
3	6	22
5	7	24
8	7	29
3	7	27
2	2	22
3	7	21
5	8	30
4	7	24
4	7	22
3	7	22
3	7	24
5	8	30
1	7	23
3	8	23
8	9	27
6	5	30
6	9	30
2	4	23
2	3	22
7	9	26
5	7	24
5	13	30
4	9	23
5	11	24
1	5	21
5	9	32
1	4	21
3	7	23
8	9	31
4	8	26
6	8	24
4	9	30
5	7	24
4	8	23
0	19	90
4	7	25
4	6	23
2	4	20
2	5	22
2	4	22
3	3	23
4	6	30
7	8	27
3	5	21
2	4	23
3	6	22
10	12	34
10	12	35
0	8	91
0	11	90
4	6	20
2	3	21
5	6	24
5	5	25
4	7	24
3	5	21
5	7	24
3	7	22
3	6	21
3	6	20
3	8	22
7	10	30
3	5	21
4	5	26
2	5	21
5	6	22
1	9	90
4	13	91
6	10	31
1	5	24
6	7	25
1	2	23
4	7	30
3	9	24
7	8	30
3	5	27
4	6	25
3	5	22
4	4	22
8	12	33
3	6	21
3	7	22
2	7	21
7	8	25
4	6	23
3	11	26
4	11	26
1	9	91
1	10	91
3	6	25
4	8	23
6	12	33
5	10	35
5	10	32
6	9	26
7	11	33
8	9	29
6	6	30
1	5	20
0	21	89
4	9	23
5	7	26
5	8	21
6	7	26
7	10	26
4	6	21
4	5	23
2	5	23
3	6	23
2	7	23
3	5	22
2	7	21
4	6	25
4	5	24
1	4	22
2	5	21
1	6	20
4	8	22
3	6	22
4	7	21
2	8	23
4	8	24
3	7	24
4	7	25
4	8	23
4	7	23
3	10	26
3	9	25
3	8	24
1	2	20
5	12	31
4	9	24
5	7	26
2	6	24
12	15	38
7	7	27
4	9	24
6	7	25
3	7	24
4	6	24
6	7	25
23	36	91
2	7	23
2	6	21
2	8	22
3	8	22
2	7	22
2	7	22
2	5	22
4	8	30
5	8	32
2	9	21
4	7	25
3	7	24
3	7	23
3	7	23
1	4	26
1	5	21
2	5	22
2	4	22
6	7	28
1	4	22
2	3	21
2	4	22
8	7	30
1	4	21
4	7	26
2	7	21
0	3	33
0	4	24
0	4	23
3	6	24
0	3	24
7	11	32
2	4	20
3	6	21
3	6	20
6	8	26
0	15	90
0	10	90
7	7	24
5	8	25
5	8	25
5	9	30
6	10	30
4	10	30
6	9	32
1	4	21
2	6	23
1	16	91
0	13	91
0	10	91
0	12	87
9	11	31
3	5	22
1	4	20
3	5	23
4	6	22
6	10	26
3	5	24
3	10	26
4	4	24
0	1	28
2	4	21
2	5	21
2	5	22
4	5	23
6	10	31
5	10	30
6	11	28
7	6	24
2	6	21
3	8	22
2	5	22
5	8	27
2	3	23
5	8	27
6	9	30
5	7	31
4	9	25
4	13	32
5	9	23
5	8	22
3	10	24
2	6	22
4	8	24
8	10	31
7	10	28
9	15	35
1	3	20
2	3	21
1	6	22
2	6	23
2	4	21
3	6	26
6	7	25
7	11	32
2	6	20
7	10	27
1	6	21
3	3	24
4	5	25
3	5	22
3	6	25
3	6	23
6	10	32
4	8	27
2	6	23
1	4	20
4	9	23
1	3	21
2	8	23
0	6	22
4	5	22
5	9	30
3	4	21
6	10	28
4	8	25
3	6	23
6	7	25
2	8	22
3	8	22
2	5	21
7	9	25
1	4	20
2	4	22
3	7	21
3	7	23
2	7	22
4	9	23
3	9	24
4	10	30
4	8	22
2	5	23
5	6	30
3	7	22
4	7	24
4	9	25
3	10	30
7	10	25
4	7	24
4	9	24
2	6	21
2	6	20
8	11	30
9	11	31
0	8	68
0	10	91
6	9	27
3	8	23
1	4	22
1	3	25
3	8	22
5	7	24
4	9	25
8	9	29
5	11	30
0	4	90
3	7	22
4	9	30
7	9	30
0	15	89
5	7	27
6	9	27
7	8	26
0	8	91
4	7	30
1	4	21
6	11	28
2	11	90
2	5	20
9	9	32
3	5	24
5	6	27
1	5	21
5	6	26
2	6	23
2	8	21
8	11	35
5	10	26
3	7	25
3	6	22
3	6	23
2	4	20
3	4	21
3	4	25
4	5	25
6	8	30
2	7	21
7	9	31
5	7	22
3	5	22
0	47	91
6	11	28
10	12	36
5	12	31
4	5	24
1	5	22
5	9	25
7	9	26
3	6	21
3	5	24
1	5	20
5	11	27
3	5	21
3	10	24
3	8	23
2	5	22
0	4	90
4	5	24
8	17	36
4	6	23
3	6	20
7	8	26
0	4	20
3	9	24
2	7	24
3	8	25
3	6	23
0	9	91
3	8	23
3	4	20
8	14	32
6	8	30
4	6	22
4	8	25
4	8	24
3	7	23
5	6	24
3	6	22
5	10	32
4	10	32
5	10	31
5	9	30
6	11	32
5	11	31
5	11	33
3	7	21
6	10	32
0	14	91
0	2	91
3	6	22
3	6	23
4	6	22
6	10	27
6	11	33
7	10	27
5	8	23
6	7	25
3	4	21
2	9	90
2	13	91
3	8	23
4	8	22
4	8	30
2	5	23
4	7	32
3	5	24
2	4	21
3	9	30
4	7	24
5	9	26
5	9	24
2	8	22
2	7	22
1	5	22
5	7	26
1	5	22
4	7	24
7	9	28
10	13	37
2	8	21
2	9	33
3	6	25
4	7	25
3	6	25
6	9	27
9	10	33
4	10	25
3	6	24
3	7	23
8	11	31
6	7	27
6	8	26
6	9	30
7	10	32
6	9	32
7	8	31
3	6	23
2	4	22
7	13	33
0	11	91
1	6	24
1	5	23
1	5	22
0	4	22
1	5	20
3	10	27
2	6	24
7	9	30
8	12	27
1	1	21
1	5	20
4	6	23
2	6	25
4	7	24
2	2	23
7	10	31
7	9	32
5	8	26
3	6	20
4	5	23
1	4	23
6	11	30
3	7	25
6	9	24
5	6	24
7	6	25
3	7	22
0	2	22
2	6	21
7	6	30
6	14	35
7	8	32
9	7	29
0	9	91
0	15	90
9	12	31
8	13	33
2	4	22
3	8	25
0	9	91
0	9	91
6	7	25
2	5	25
7	11	33
11	14	34
2	5	23
2	4	22
3	6	23
3	6	23
2	4	22
2	9	24
4	6	21
26	31	91
3	5	22
2	6	22
4	8	26
2	3	21
4	8	23
1	2	22
3	8	25
8	10	33
4	9	30
6	8	24
2	4	21
4	8	23
2	7	21
3	6	22
8	11	33
2	6	21
6	9	25
7	10	31
9	11	36
8	9	26
7	9	25
5	8	24
3	9	23
5	6	28
3	7	21
0	1	21
0	2	23
0	3	22
0	2	21
2	5	20
3	5	23
7	7	32
2	7	20
2	7	23
7	9	30
3	6	22
7	10	26
3	8	24
6	10	26
5	9	23
10	15	33
10	12	31
3	5	25
6	11	28
1	4	21
7	14	25
5	7	24
9	13	33
8	12	37
6	11	25
6	7	27
9	10	37
5	9	25
3	7	23
3	5	21
3	6	23
3	7	24
2	6	21
10	13	35
2	6	22
6	11	26
2	5	22
4	7	22
4	4	25
6	12	31
3	6	22
4	7	21
3	5	23
4	6	22
2	5	21
4	7	25
7	11	28
4	6	21
9	11	37
5	9	29
0	9	90
0	11	90
4	9	29
3	10	23
3	6	22
9	12	33
11	12	36
6	9	29
3	4	20
1	6	21
3	5	24
1	3	21
6	8	30
2	4	23
3	7	30
9	7	36
6	9	26
3	6	21
5	7	22
4	8	24
5	8	25
5	7	23
5	7	25
4	9	26
4	9	24
4	6	26
4	8	21
0	11	90
0	15	91
0	7	91
0	9	89
2	6	20
5	9	31
9	7	33
6	7	27
1	5	20
4	4	21
6	9	24
6	11	31
3	12	86
3	12	86
6	8	26
2	5	21
1	4	20
4	4	25
2	4	20
4	5	25
4	6	26
4	5	23
6	10	27
5	9	28
0	5	22
1	6	23
3	3	22
3	6	25
1	5	22
2	2	21
2	5	22
2	3	21
2	3	22
3	14	91
4	12	91
0	8	83
1	3	21
4	8	27
0	8	90
2	6	26
2	4	23
0	10	90
0	12	91
6	7	31
0	9	91
0	3	90
2	4	20
4	8	24
3	10	24
6	8	27
4	10	30
8	10	30
2	7	22
2	5	21
3	6	23
1	6	91
1	8	91
3	6	24
4	7	25
5	6	31
2	4	22
3	10	26
4	9	30
4	9	25
3	6	22
0	11	90
0	9	90
0	3	21
6	13	32
4	13	30
6	13	32
6	13	31
4	9	25
4	9	24
4	8	24
3	6	24
2	6	22
3	6	25
3	8	23
3	7	22
2	7	21
2	5	21
5	9	25
0	12	90
0	14	91
2	4	21
1	4	21
3	6	23
5	7	25
4	7	26
7	9	33
3	6	23
2	5	21
3	7	25
4	7	27
6	6	26
1	5	20
3	7	22
1	6	22
0	7	91
0	7	90
3	10	91
8	11	35
9	12	35
9	13	29
7	13	27
3	8	24
3	4	22
2	6	21
2	8	22
5	10	25
5	11	25
2	4	23
2	9	22
3	11	23
3	10	22
2	7	24
3	4	23
2	5	21
4	13	27
0	2	36
2	11	91
3	6	22
3	7	23
6	10	23
5	7	23
2	6	20
0	14	67
4	7	20
2	3	23
4	5	22
3	5	21
0	8	90
10	12	34
6	12	30
3	5	22
4	9	31
3	8	24
6	8	27
4	8	26
5	8	27
8	9	29
1	5	21
2	5	20
0	13	91
3	6	21
1	6	22
3	10	30
0	4	23
6	7	31
2	5	21
4	6	25
1	4	22
2	5	21
1	4	23
0	6	46
5	6	24
0	25	90
9	11	31
4	5	21
4	7	24
7	12	32
5	7	26
2	8	22
3	8	23
3	6	21
4	7	27
3	6	22
2	6	23
3	8	24
1	5	21
4	6	30
3	7	30
0	7	91
0	13	91
7	9	27
3	6	21
6	8	31
6	8	26
6	5	24
7	8	25
3	5	21
8	9	29
7	7	28
1	5	20
0	3	20
0	3	20
1	4	22
3	7	22
3	5	21
0	8	90
0	13	91
4	7	24
0	6	91
3	6	24
2	4	23
0	3	23
0	3	22
0	4	24
3	6	24
2	5	21
2	4	22
4	5	23
0	3	22
0	3	22
2	4	25
3	7	26
2	5	21
5	7	24
0	8	83
3	4	23
2	6	21
4	8	29
2	4	23
2	5	21
1	5	23
2	3	22
2	5	21
7	8	26
3	6	23
4	7	24
4	8	25
6	11	29
6	15	32
2	7	21
6	9	25
5	10	25
2	7	23
3	8	22
4	6	24
7	10	26
2	7	23
8	12	32
6	9	25
2	6	20
5	8	28
7	11	27
8	11	26
9	12	31
9	11	30
3	4	23
4	7	26
0	12	91
2	6	22
0	8	90
0	8	91
1	7	91
0	4	91
0	8	91
0	9	90
0	7	91
0	4	89
8	5	29
0	13	91
0	12	90
1	6	21
1	6	21
7	14	32
2	5	22
4	6	24
4	10	26
5	12	31
6	7	25
1	5	20
5	7	26
6	9	23
3	7	24
4	10	31
5	10	24
3	6	26
3	7	23
3	7	22
2	7	23
1	5	21
3	4	25
3	5	22
6	10	29
3	9	27
1	4	20
3	6	23
7	14	32
7	7	26
0	5	90
0	4	90
6	8	32
5	6	25
1	4	21
1	5	20
3	5	21
2	5	23
0	7	21
7	8	27
3	7	25
2	8	21
8	8	27
2	5	21
5	7	25
3	6	21
3	6	22
3	5	23
10	11	33
7	11	31
9	14	33
9	12	30
8	12	31
1	4	23
5	14	35
5	11	30
3	6	23
5	7	25
8	12	33
3	5	21
6	11	31
2	5	20
5	10	31
6	8	24
6	8	22
0	2	21
4	9	26
5	5	27
2	6	21
6	9	30
3	5	23
5	8	25
1	4	21
5	9	24
9	14	30
2	5	21
4	8	24
3	8	26
6	12	31
6	4	30
3	5	25
7	6	32
5	7	25
3	6	21
2	6	22
3	6	23
3	7	24
4	8	24
2	6	23
4	5	21
6	13	31
4	8	30
3	6	24
2	5	20
2	4	21
6	9	31
6	9	26
1	3	21
0	6	24
0	5	23
2	5	23
1	4	22
1	4	21
6	9	31
7	9	25
5	8	25
5	8	25
5	7	25
8	9	26
1	5	22
9	7	29
7	7	25
3	6	22
2	6	20
5	9	26
1	5	23
1	5	24
3	5	21
9	10	32
7	7	27
8	9	31
10	15	36
11	13	35
6	10	28
1	2	23
3	6	22
6	10	29
2	6	20
4	6	24
0	3	20
1	5	22
1	3	21
5	6	24
7	10	31
6	8	26
6	8	25
6	9	24
4	5	22
2	8	23
2	6	23
3	7	22
3	6	22
5	8	23
7	13	31
6	7	27
6	7	26
5	11	31
3	8	27
2	5	21
2	5	21
8	9	30
9	9	29
6	9	32
7	12	30
5	9	25
6	12	31
2	7	21
10	10	32
3	8	23
3	10	23
2	9	22
7	11	31
5	11	30
4	6	22
3	10	23
7	10	29
1	7	20
6	7	30
2	5	23
0	4	21
5	9	24
5	7	25
2	5	21
1	5	21
4	6	23
2	3	23
3	3	22
4	9	23
7	13	32
6	13	31
3	3	22
2	4	21
15	30	91
0	4	25
5	9	30
3	6	21
6	9	30
4	5	24
5	9	25
6	8	24
1	3	21
5	7	25
3	7	25
3	7	24
0	4	20
1	14	90
2	3	22
4	7	24
4	6	23
3	6	21
4	5	26
5	8	24
6	9	25
4	5	25
4	6	25
2	5	20
5	8	24
3	5	22
0	4	21
3	9	26
2	3	22
2	5	23
2	5	21
3	4	21
4	-1	90
2	9	25
4	6	22
4	8	24
0	2	91
1	11	90
0	4	21
6	15	31
1	44	91
3	7	24
0	5	21
0	5	22
0	5	21
4	8	25
2	8	22
6	41	90
4	7	24
3	6	23
2	6	23
2	10	25
2	8	23
3	6	23
3	5	24
3	5	22
1	3	21
1	3	20
3	6	21
4	7	26
1	3	22
1	4	21
2	10	90
6	8	27
3	8	22
3	5	23
1	5	21
0	4	24
3	4	24
4	7	24
0	0	90
11	18	65
0	5	90
0	10	91
12	8	44
8	6	31
7	6	25
2	6	23
5	6	25
1	3	20
1	5	22
1	3	20
4	6	27
8	10	31
4	7	22
5	8	27
3	4	21
2	4	21
5	9	27
5	6	26
26	28	86
1	10	91
2	14	91
5	9	30
7	9	28
3	8	33
3	7	21
3	2	22
1	4	21
6	7	24
4	1	26
0	4	21
1	4	20
3	4	22
3	6	22
3	7	23
0	4	23
6	8	24
0	6	89
4	5	24
0	7	91
3	29	90
3	5	25
4	7	22
2	5	21
2	6	22
2	7	24
2	6	22
3	6	22
3	5	23
4	6	23
2	7	24
2	4	21
7	10	27
0	4	20
1	5	22
5	10	32
3	4	26
2	4	24
3	6	21
6	8	32
4	5	23
0	8	91
1	6	91
1	6	22
5	7	27
8	12	33
6	7	24
5	7	29
2	3	21
4	6	23
1	4	22
8	11	31
7	9	28
6	8	25
4	7	25
7	9	34
0	5	22
9	13	32
10	16	38
10	15	34
8	14	31
1	2	20
6	11	26
1	4	22
3	4	23
2	5	22
3	5	21
5	8	27
2	4	22
4	6	23
0	13	90
0	14	90
0	17	91
4	10	30
3	8	24
3	6	21
5	7	23
6	7	23
3	7	24
2	9	24
0	5	90
3	6	22
2	3	20
5	10	25
7	10	33
6	5	25
1	3	22
7	12	31
3	5	22
3	6	23
3	4	22
3	7	23
4	8	24
5	13	91
2	10	91
1	12	91
1	13	91
2	8	25
4	7	25
29	39	83
7	11	33
5	11	26
5	6	21
2	4	20
3	4	22
2	3	21
2	5	23
4	5	24
1	4	21
2	5	25
6	10	34
4	7	22
2	7	22
8	13	32
1	3	24
3	7	21
1	4	22
8	10	29
8	12	30
2	7	21
2	8	21
4	7	30
4	7	24
5	5	24
2	8	23
7	8	32
6	5	26
3	6	24
3	6	23
5	12	31
3	10	26
7	8	29
3	6	23
1	3	25
4	10	23
4	8	25
3	6	21
4	8	23
1	5	21
3	6	22
6	10	26
9	10	35
9	11	32
5	7	28
2	6	22
4	8	23
3	8	23
7	8	26
3	5	23
1	6	23
4	6	24
6	7	23
3	6	23
2	5	20
2	5	22
3	6	24
6	8	23
5	12	31
9	10	34
6	9	25
7	11	26
2	4	23
4	5	24
1	5	21
3	8	23
2	4	24
8	12	28
8	11	30
8	9	27
4	8	30
6	9	30
2	5	22
8	9	31
6	11	30
7	9	31
3	8	24
2	4	21
6	9	24
6	9	26
4	8	21
2	6	23
2	2	22
5	5	23
4	6	24
3	6	25
2	6	20
3	8	23
4	7	24
6	7	25
4	7	25
4	5	23
5	8	27
4	8	26
4	8	23
3	8	24
2	6	24
3	5	24
2	7	23
9	10	33
0	2	21
0	6	23
4	10	26
5	8	32
4	9	26
1	4	23
6	8	27
3	6	23
1	4	22
4	7	23
6	10	27
6	9	25
7	13	36
2	5	21
5	10	27
2	5	23
5	7	24
7	12	31
2	5	24
1	5	24
4	6	22
6	7	26
1	6	22
2	5	22
2	5	21
2	6	20
1	5	20
9	1	91
0	9	49
2	5	22
6	10	29
5	7	20
3	5	23
8	9	26
4	5	23
6	12	31
3	8	23
3	8	22
4	6	22
5	10	30
2	5	23
9	10	28
8	13	34
3	6	25
5	8	24
0	9	90
0	7	91
4	10	30
9	12	31
3	6	24
5	10	31
4	6	26
17	17	55
4	6	21
3	5	24
4	6	23
6	6	24
5	7	23
5	8	26
3	5	21
6	7	24
2	7	22
5	5	24
1	3	22
3	8	25
2	7	22
9	8	29
5	8	23
4	8	25
4	6	22
3	8	22
3	11	27
4	9	25
3	8	23
12	13	34
9	11	32
8	12	37
2	4	24
1	4	22
1	4	24
6	10	25
4	6	22
6	6	25
4	13	30
2	10	24
2	9	23
7	7	27
2	7	22
6	10	28
5	12	30
6	13	33
6	11	30
6	12	32
3	7	24
7	9	26
7	9	31
4	6	23
4	7	22
7	7	27
6	10	25
3	9	23
4	8	25
3	5	22
0	16	91
2	9	24
3	8	25
3	6	22
4	8	24
3	7	24
3	6	22
5	8	26
6	10	24
6	12	31
6	10	24
2	8	22
3	7	24
2	7	22
3	6	22
5	7	22
4	5	24
3	6	23
7	12	31
5	8	26
7	10	27
7	11	29
5	8	25
6	9	25
7	11	24
4	8	25
3	8	22
3	8	24
5	10	25
6	9	24
3	10	26
5	12	26
4	9	24
6	9	30
7	8	27
5	7	25
3	5	20
4	24	90
0	4	22
7	12	27
5	10	26
2	3	23
5	6	25
4	8	23
6	9	25
6	9	26
1	4	21
3	5	22
5	11	30
8	12	35
8	12	33
7	11	30
6	11	30
4	11	26
3	8	26
1	4	21
1	3	20
7	11	30
5	8	23
4	8	22
5	9	32
3	9	21
3	6	21
3	6	24
2	8	25
6	8	25
1	6	21
0	4	20
3	6	22
9	11	32
3	5	23
2	4	20
3	7	21
3	5	22
8	10	32
5	9	28
1	1	25
2	7	22
1	4	22
1	2	21
0	3	20
2	3	23
1	1	22
0	1	21
1	2	20
3	11	24
0	6	90
0	7	91
0	9	91
1	1	20
3	7	24
3	6	24
3	5	22
3	12	31
7	10	27
3	8	23
4	8	90
0	7	91
9	8	32
5	4	22
5	9	25
2	5	22
3	8	23
0	7	22
0	4	21
2	6	23
3	6	21
6	10	30
6	9	25
5	11	25
1	3	21
4	11	27
3	6	22
5	4	28
5	20	90
4	6	23
5	11	30
1	5	22
3	7	22
3	8	24
4	9	24
5	10	24
1	5	22
2	6	22
2	4	21
1	3	22
0	5	91
2	6	21
7	9	30
7	8	29
4	6	25
3	8	21
6	9	23
2	7	21
4	7	22
0	13	90
4	4	22
0	3	91
6	7	24
4	7	22
5	8	24
6	8	25
7	9	30
1	4	24
5	6	24
2	4	21
3	5	23
4	7	24
3	6	23
4	6	23
3	6	21
2	7	22
3	6	23
4	7	23
2	4	25
4	10	30
3	7	22
7	9	27
5	7	25
3	6	24
4	6	23
3	5	22
7	12	32
2	6	20
2	6	23
1	3	21
0	5	22
4	8	24
6	9	25
6	9	26
2	5	20
4	6	25
3	5	21
4	7	24
3	6	20
0	7	90
0	4	90
3	5	25
3	6	24
5	6	24
6	9	30
2	6	20
4	7	23
3	6	22
2	6	21
1	4	22
2	3	21
2	4	21
7	13	27
8	10	27
6	8	25
7	10	25
8	10	32
4	7	24
7	12	31
5	6	26
2	6	20
1	5	25
3	4	23
7	8	28
1	3	21
0	9	90
0	12	91
3	6	25
3	6	23
3	6	23
4	6	21
1	5	22
4	6	22
4	8	26
3	5	22
8	11	30
2	3	22
3	10	29
2	5	20
5	8	24
4	7	24
1	7	21
0	5	21
6	8	23
7	8	24
10	10	33
6	10	33
7	-1	88
3	8	24
6	9	31
3	8	22
3	9	26
4	9	25
3	6	24
4	7	24
8	11	29
6	8	25
1	3	30
1	3	23
1	3	23
1	3	23
0	2	21
1	4	22
2	3	22
6	6	26
2	3	22
3	6	24
2	5	22
5	9	25
2	4	22
5	9	28
5	9	25
4	8	24
3	7	23
4	8	25
6	10	26
4	9	23
7	10	26
4	5	22
0	10	91
6	8	26
4	9	32
5	9	25
3	7	22
2	5	21
1	3	21
2	6	20
2	7	23
5	9	25
5	7	24
4	10	24
5	9	23
3	5	22
7	10	32
0	9	90
0	11	90
8	11	29
3	6	23
3	6	21
4	7	25
6	10	26
5	11	31
8	11	32
5	6	23
4	7	21
2	2	21
4	6	21
1	4	20
4	8	26
3	7	23
3	6	21
5	10	25
6	6	25
5	8	23
5	12	32
5	12	30
2	8	22
2	6	20
3	3	23
6	7	26
6	9	25
6	7	26
6	7	27
0	9	90
0	6	90
2	7	21
3	6	24
5	7	24
5	7	24
4	8	28
3	7	27
5	7	26
3	8	25
4	7	24
4	5	23
4	7	24
4	6	23
4	6	23
4	6	22
0	4	87
0	3	91
3	5	23
1	4	22
1	3	22
3	6	26
6	11	31
5	10	25
3	6	21
6	7	24
9	13	35
6	13	30
6	12	29
4	12	28
6	10	31
5	8	30
6	11	31
5	9	23
5	11	25
6	12	30
6	10	26
4	10	24
0	4	31
3	4	21
2	8	20
6	11	30
4	12	26
6	9	24
4	9	24
2	7	25
0	4	21
5	9	30
4	6	24
7	10	30
4	8	24
2	5	21
1	26	91
5	7	30
4	9	30
4	9	31
5	9	33
5	9	31
7	10	32
5	7	24
7	7	28
4	7	25
28	28	89
3	6	23
4	6	23
3	7	24
6	11	32
3	7	23
6	8	25
5	7	22
3	7	24
4	6	24
3	7	22
9	15	35
2	5	20
5	11	30
6	11	32
5	7	23
2	4	24
3	5	23
3	7	23
1	2	21
1	5	20
5	6	22
1	4	21
3	5	21
3	4	22
5	8	23
3	2	21
3	7	25
3	8	27
7	7	24
2	5	21
7	13	28
4	9	22
3	6	23
3	7	23
8	13	31
6	8	26
5	7	30
3	9	24
6	9	26
2	6	20
4	8	22
13	-1	90
7	10	26
3	5	21
2	8	26
7	9	26
5	9	25
1	7	24
2	11	91
4	7	22
1	7	23
3	8	24
8	12	31
5	7	25
4	10	26
4	5	22
5	11	30
4	7	22
2	7	20
9	9	32
8	11	34
7	12	34
5	7	23
4	6	21
3	7	25
5	8	26
6	10	27
5	9	25
4	10	26
4	7	22
4	11	30
4	6	23
8	13	28
1	6	21
8	12	28
9	12	33
2	9	23
6	9	24
1	4	22
2	5	22
2	4	22
9	15	35
3	7	23
7	9	30
6	11	28
5	11	30
5	10	26
6	9	26
3	7	21
8	10	34
9	9	36
10	11	35
7	8	29
2	7	20
5	8	24
1	7	22
1	4	20
2	4	22
1	3	21
5	9	30
5	8	24
3	6	23
3	6	24
3	6	22
2	6	20
4	5	26
5	8	24
5	9	31
4	7	25
6	9	32
9	11	33
7	9	30
6	8	28
5	8	30
4	8	24
6	13	33
6	7	26
5	9	26
4	4	23
3	4	22
2	7	20
3	10	27
3	6	21
3	7	22
8	13	31
1	5	20
7	11	27
7	10	28
1	5	22
1	3	21
0	4	20
2	9	24
3	10	22
2	9	21
1	9	91
5	7	25
0	6	90
0	10	91
6	12	31
4	4	22
2	7	22
2	5	20
3	11	24
6	9	27
6	7	26
6	10	28
5	7	25
3	7	26
4	7	25
3	6	24
4	7	22
3	8	24
5	7	22
4	6	23
10	12	35
10	15	36
1	6	22
3	4	22
4	6	22
4	7	24
2	5	22
5	11	25
4	8	23
3	10	26
6	7	23
4	8	24
3	10	24
9	10	29
9	14	32
6	9	25
7	10	26
1	8	24
8	11	29
5	6	22
4	10	26
4	9	26
3	9	25
2	8	23
4	9	27
4	8	25
4	8	24
3	7	23
8	11	31
6	7	31
3	5	21
4	5	23
2	6	21
3	6	21
4	4	23
4	9	24
0	10	91
6	6	27
7	9	23
2	6	23
1	5	22
0	3	20
3	4	24
10	14	37
7	10	28
4	8	24
5	8	26
4	7	23
5	7	24
4	6	23
5	10	27
7	12	33
8	12	32
6	8	26
3	6	23
3	7	23
4	6	22
5	9	29
3	5	22
1	3	21
4	7	23
8	12	33
8	11	31
7	12	30
5	5	23
1	5	21
4	8	25
6	8	25
7	10	26
5	6	24
3	8	23
2	7	22
5	10	27
7	11	27
5	7	24
3	8	24
5	11	30
3	6	24
6	14	32
6	11	32
0	5	20
9	11	27
8	11	27
5	10	32
4	10	27
6	14	28
5	7	24
3	12	32
8	10	34
8	9	31
6	7	28
6	11	32
3	8	22
6	9	31
5	8	30
6	9	30
7	11	33
7	11	32
4	8	26
5	8	25
6	9	30
4	6	23
7	9	31
5	8	25
3	8	24
4	6	25
4	6	22
3	8	24
3	7	25
4	7	24
5	8	24
4	6	22
3	5	23
3	5	22
4	11	25
3	7	24
6	8	30
3	6	25
7	10	27
4	5	31
6	6	33
3	3	25
5	5	30
3	3	27
6	8	34
3	3	23
6	9	35
4	8	29
4	9	23
5	9	23
3	7	23
2	7	21
2	7	21
3	4	21
2	4	22
5	8	25
4	8	25
5	9	23
4	6	25
7	7	32
3	8	24
3	7	23
3	6	27
6	6	25
5	5	24
3	6	23
6	9	27
4	10	30
7	11	27
7	10	32
2	4	21
4	6	21
6	7	27
4	9	23
3	6	22
3	6	24
4	5	23
3	5	23
2	8	23
2	7	22
4	9	30
7	11	31
4	10	27
4	7	24
3	8	26
4	10	27
4	10	23
3	7	21
4	8	22
3	4	24
10	14	35
9	12	30
10	14	33
4	5	23
5	8	30
7	12	30
2	7	23
3	5	22
4	7	24
5	6	23
6	8	30
4	7	22
9	12	31
6	11	32
0	4	24
3	8	22
4	9	24
7	11	32
5	9	31
1	6	21
5	7	25
1	7	91
5	9	25
4	6	22
3	6	22
9	14	33
6	11	31
6	11	27
6	8	27
8	13	31
7	11	28
6	10	31
3	8	26
1	7	90
2	16	91
5	9	25
4	7	23
2	4	20
4	8	23
7	13	31
6	12	30
8	11	30
2	7	22
1	5	23
4	12	90
2	14	91
2	4	21
1	3	20
0	2	20
0	1	21
2	6	24
3	8	25
5	7	24
6	8	26
6	8	24
6	9	26
0	5	21
5	6	27
5	7	31
0	3	20
5	10	32
4	9	25
3	9	24
9	11	31
5	11	31
5	11	32
4	9	30
5	15	27
4	7	23
4	5	25
3	4	22
2	4	23
1	4	22
4	7	24
2	6	23
3	6	24
3	8	22
4	6	25
2	5	22
3	9	24
5	7	23
5	9	24
4	7	23
5	10	25
7	10	30
4	9	23
4	9	26
4	10	24
2	4	22
2	6	23
4	5	22
3	5	23
1	5	20
3	11	26
3	8	22
7	9	25
4	9	23
1	4	23
3	5	21
3	5	22
3	9	23
1	5	21
4	6	24
3	5	25
6	8	24
6	8	25
3	6	21
2	3	22
4	7	25
3	5	23
3	7	23
3	7	22
4	6	25
6	6	32
2	9	26
5	7	23
1	4	23
1	6	21
4	8	24
4	6	23
3	9	27
0	10	91
3	8	24
4	6	21
3	7	23
5	8	23
4	10	24
3	6	21
5	11	30
3	9	24
3	24	90
2	5	21
7	8	25
1	4	24
2	6	22
2	4	20
2	8	21
2	5	20
1	7	22
2	6	20
3	9	23
3	5	23
5	7	27
0	9	72
2	7	22
0	11	91
0	9	91
3	5	23
7	10	30
6	10	28
3	8	26
3	8	25
3	8	24
3	7	23
2	6	21
11	12	35
9	13	33
9	11	33
9	11	30
10	11	32
10	12	32
10	14	34
8	12	31
9	10	29
2	8	22
2	7	22
2	6	20
1	5	22
3	6	22
5	6	22
5	9	25
1	3	31
11	13	36
8	10	30
3	6	20
5	11	29
6	10	24
3	5	23
4	6	25
4	10	30
2	5	21
2	5	20
3	6	25
5	7	24
4	6	23
3	6	23
9	12	34
9	11	30
4	10	90
0	0	91
6	11	32
6	9	25
4	9	27
6	11	28
3	9	26
5	11	30
4	10	31
2	9	23
3	8	24
1	3	22
3	8	26
5	8	23
4	6	24
2	5	22
7	6	30
1	6	20
6	7	25
4	8	26
2	2	21
3	7	30
1	3	20
4	4	23
4	7	24
6	8	25
6	10	26
5	8	22
4	9	23
2	6	22
1	10	23
8	12	32
5	9	23
1	5	20
5	10	30
5	8	25
3	8	21
9	12	33
4	8	22
5	13	29
0	9	90
0	9	90
4	10	25
3	8	23
4	8	22
4	9	23
5	12	26
7	8	28
5	10	26
4	9	24
3	8	22
3	10	25
4	11	27
4	9	23
3	9	24
6	12	30
4	9	24
4	9	23
4	8	25
4	9	24
4	10	26
3	9	24
13	11	42
13	11	40
12	10	40
12	10	36
10	10	36
10	10	35
7	13	31
2	7	23
3	8	22
6	10	33
6	10	30
4	7	22
5	7	24
6	10	26
2	5	20
2	7	23
3	4	22
5	9	24
12	15	36
2	7	22
2	6	21
4	8	23
3	7	20
7	10	26
8	10	27
1	6	21
2	6	20
7	6	27
5	8	30
5	9	28
7	12	32
4	5	22
3	5	22
0	35	90
3	8	24
5	14	34
3	9	24
6	10	26
3	9	22
7	12	30
2	6	20
10	16	38
9	15	34
8	13	30
3	5	23
5	7	25
0	8	90
3	6	21
3	6	23
4	8	23
5	8	21
10	11	35
5	8	26
4	9	25
4	8	24
2	7	22
6	14	33
5	11	27
8	12	31
3	7	23
3	10	23
4	9	22
4	11	24
11	13	35
5	8	24
9	8	27
1	4	20
0	10	87
0	11	90
5	5	23
3	6	23
3	7	23
3	6	25
3	5	21
4	10	27
3	8	24
0	3	22
5	5	24
7	11	33
9	12	36
9	10	30
0	15	91
0	6	90
3	8	23
4	6	21
5	8	27
5	8	28
3	6	20
6	20	90
4	7	22
3	9	24
3	8	23
3	6	21
2	6	22
2	6	21
2	7	22
7	11	28
9	10	29
6	15	34
6	11	27
1	5	21
7	9	26
5	10	23
3	7	22
4	6	24
0	8	90
4	9	24
5	9	26
6	7	27
7	9	24
4	9	24
4	8	22
6	10	27
6	9	25
4	8	27
5	7	25
7	9	28
3	6	22
3	6	23
6	14	28
2	5	20
7	14	32
6	11	28
2	4	20
5	9	35
2	5	22
1	5	21
4	11	26
9	24	90
11	13	32
3	8	24
4	6	23
2	6	22
4	9	23
1	5	21
5	7	24
6	9	25
7	11	30
11	12	32
12	12	38
11	12	37
3	9	24
3	8	25
4	7	24
4	8	24
3	6	21
6	8	32
2	5	21
1	5	22
4	9	23
0	8	91
0	13	91
4	9	22
4	8	25
5	11	24
2	5	23
3	9	25
5	9	25
3	8	22
4	8	30
7	11	27
5	8	26
4	11	31
3	8	24
4	9	25
11	10	31
5	7	23
7	10	29
5	12	32
1	6	21
1	4	21
4	7	24
6	11	25
2	5	32
6	8	26
4	4	24
6	10	31
1	3	20
3	9	23
3	9	24
2	3	21
5	6	23
8	12	31
6	11	31
1	7	21
3	6	21
1	4	20
3	4	23
2	6	24
6	8	28
2	8	25
4	10	26
0	6	39
10	13	34
9	11	32
8	10	31
5	10	32
6	8	24
6	10	24
8	14	35
8	13	33
7	13	30
2	5	22
3	7	22
3	47	86
2	46	81
4	9	25
6	13	31
0	14	91
0	18	91
4	7	22
2	7	23
8	13	35
9	12	33
6	14	33
4	9	26
4	7	25
4	8	24
4	10	29
4	11	28
4	6	22
8	8	24
3	6	22
7	10	25
2	6	24
3	6	24
3	6	24
7	11	30
5	10	30
1	6	90
0	13	90
0	7	91
2	5	22
4	11	26
4	11	24
2	4	23
6	9	24
8	10	31
5	5	26
3	7	23
4	7	23
5	8	28
0	11	91
6	8	31
5	10	31
3	7	23
2	7	23
6	7	30
0	1	21
4	7	24
7	15	32
8	12	29
3	8	22
6	6	30
11	13	35
5	9	26
3	8	25
3	7	23
3	7	22
3	8	22
6	7	27
11	15	39
7	14	33
5	9	25
4	9	22
3	8	25
0	3	24
0	3	22
0	2	21
1	4	27
0	4	24
1	5	24
7	11	30
8	9	30
6	9	25
3	4	21
3	5	22
3	4	22
1	3	22
3	10	24
3	9	23
3	8	25
6	6	21
3	5	21
3	6	22
2	5	25
0	10	91
3	7	21
8	9	28
3	8	26
2	9	25
6	11	29
4	7	22
5	10	25
3	9	24
5	7	23
4	6	21
2	4	23
2	7	23
10	9	29
6	10	30
6	11	26
0	8	90
7	7	25
2	8	21
6	9	24
2	4	22
2	4	21
6	8	28
1	3	22
3	6	22
1	3	22
1	2	21
1	5	26
2	4	21
5	9	30
1	4	22
0	12	90
2	5	23
5	10	30
4	6	22
0	11	91
0	13	90
0	13	90
7	8	30
3	4	21
7	11	27
0	12	91
0	3	91
4	9	24
4	5	25
7	13	91
3	6	22
6	4	26
4	7	20
7	10	25
2	4	20
5	9	26
3	6	24
3	7	22
3	10	23
6	9	25
5	9	25
5	9	24
2	7	23
4	3	28
3	6	23
3	6	21
2	4	22
4	9	25
6	11	33
1	4	22
1	4	22
2	4	22
1	5	91
1	9	90
4	7	32
4	6	25
3	6	21
3	8	23
3	7	25
3	6	22
4	6	22
4	4	25
3	7	23
2	5	22
0	11	91
1	5	22
5	7	23
6	7	24
3	7	26
6	8	26
4	6	22
0	11	90
0	7	91
8	11	31
1	5	22
7	8	26
8	11	30
8	11	30
0	12	91
4	7	24
0	25	90
2	6	23
5	7	24
8	12	31
4	10	26
4	8	25
2	-1	91
7	10	29
2	7	23
7	9	26
2	2	21
8	10	33
5	11	31
6	11	30
6	12	30
7	12	31
6	11	33
7	9	31
7	12	27
0	12	90
2	5	21
2	9	26
4	9	24
3	8	21
5	8	36
7	10	31
5	7	24
3	6	22
5	7	25
5	9	25
4	13	90
4	4	23
2	5	22
9	11	33
6	7	28
4	8	22
4	8	30
3	5	22
1	5	22
2	4	22
2	4	21
3	8	21
1	6	24
3	6	21
6	7	31
1	4	21
1	5	20
2	4	20
3	7	21
3	8	26
4	7	23
2	7	25
4	5	24
2	6	22
3	5	23
3	7	27
5	8	24
6	10	32
3	7	22
3	5	28
9	10	31
4	6	24
2	7	21
4	6	22
2	5	20
2	5	22
5	8	22
0	2	23
0	4	22
2	8	25
2	6	21
3	4	21
6	10	30
0	13	91
2	6	23
2	6	21
0	9	90
5	9	27
6	8	30
5	8	24
5	9	26
4	8	30
3	9	25
0	12	39
0	5	89
0	8	91
4	6	24
3	6	23
2	6	21
9	36	90
4	7	23
3	5	22
5	9	25
6	9	25
0	7	21
1	6	21
6	8	30
3	7	21
4	10	25
9	12	32
8	11	32
8	9	29
4	6	24
1	-1	90
4	30	91
5	8	24
6	11	27
3	8	23
4	10	25
5	8	24
0	7	91
0	9	85
1	7	23
6	9	30
5	5	26
1	3	20
6	8	26
7	13	36
4	12	31
5	11	30
5	9	32
5	9	27
5	8	23
4	8	22
6	12	30
2	5	22
7	10	33
2	8	22
8	12	28
3	5	20
2	7	22
5	8	25
4	4	23
4	8	21
4	7	23
1	21	90
3	7	25
3	9	25
4	7	24
3	9	23
2	7	23
2	7	24
4	7	25
5	12	31
4	13	28
5	9	26
2	9	24
3	6	22
2	6	21
5	7	26
5	6	24
2	9	22
6	10	25
3	8	22
3	7	23
7	10	26
5	7	28
6	7	25
0	17	90
6	6	23
5	10	25
6	5	25
6	12	31
5	6	23
4	7	24
1	3	21
9	11	34
3	7	22
9	12	32
3	9	22
4	10	27
5	11	31
4	6	21
0	10	90
3	8	26
4	8	22
3	9	23
3	7	22
4	6	26
2	7	26
4	7	23
3	7	21
3	6	21
4	9	24
6	8	26
7	9	26
7	9	28
6	12	30
2	9	23
2	6	22
2	7	22
1	11	86
2	8	22
5	9	30
8	10	25
2	7	22
3	6	22
10	11	34
3	7	25
7	8	25
5	7	23
4	7	22
4	7	24
3	7	24
10	10	29
1	4	24
1	3	20
4	7	24
1	8	91
0	5	90
5	8	25
3	9	22
5	11	30
6	12	28
6	13	28
4	12	27
7	13	32
6	11	26
6	9	25
5	9	26
4	8	23
4	8	21
6	8	27
5	8	25
5	9	25
7	10	27
7	11	28
6	10	26
6	10	26
5	12	27
5	8	24
1	4	22
0	5	21
11	14	31
0	9	76
4	8	22
9	13	29
5	9	25
5	8	25
6	8	27
4	7	25
5	8	23
3	4	22
3	7	24
3	7	24
0	10	91
1	7	22
6	11	30
7	10	30
9	12	31
4	8	23
5	6	22
2	7	22
3	7	24
3	9	24
9	11	30
8	11	32
7	8	25
10	11	32
3	6	21
2	6	21
9	11	31
6	5	26
8	11	33
2	6	21
3	7	21
9	13	34
3	7	25
4	9	22
6	15	31
4	11	23
5	8	23
5	10	23
4	7	23
4	6	22
7	7	31
6	9	24
4	9	24
7	10	25
3	7	25
3	7	21
5	9	29
5	8	25
0	5	22
1	5	20
5	13	31
4	6	25
5	7	24
4	7	23
5	8	24
4	8	24
6	7	23
2	4	22
3	5	22
3	6	22
5	9	26
3	4	22
3	5	23
4	7	25
2	5	21
7	9	30
1	5	23
0	2	21
10	11	31
5	6	22
2	7	22
7	12	29
8	10	31
8	11	26
3	5	23
9	10	29
6	9	27
6	10	26
0	10	89
0	17	91
1	3	20
0	5	91
0	8	91
6	13	27
3	6	24
5	6	26
4	6	24
4	11	31
0	10	75
0	11	75
3	11	30
3	8	21
4	6	24
2	6	21
10	8	32
9	10	34
6	7	26
1	6	23
0	14	90
6	28	90
2	6	22
4	11	30
3	9	23
3	8	22
2	6	22
3	6	24
4	6	25
4	9	24
6	7	23
3	6	22
4	5	24
4	7	25
10	9	33
2	7	25
3	6	25
3	5	23
2	5	24
3	5	21
3	4	23
3	4	23
7	9	32
2	5	23
5	9	26
3	6	22
5	7	27
1	7	22
7	13	35
3	5	25
2	5	22
3	13	27
9	31	90
5	6	26
2	7	22
2	9	24
4	9	24
3	6	23
7	-1	91
6	13	30
6	10	29
7	10	26
6	10	26
6	13	32
5	7	25
8	12	30
1	5	23
2	6	22
5	8	33
4	7	24
3	8	30
3	6	25
5	6	26
5	7	26
2	5	24
4	6	24
1	5	25
3	8	21
0	12	91
2	5	23
1	3	22
3	5	22
3	9	23
2	5	22
7	9	33
6	9	31
4	6	27
3	7	28
4	6	25
2	6	22
4	7	23
4	8	23
5	11	27
4	10	27
6	11	28
4	11	27
14	9	39
3	5	22
4	8	25
4	10	24
3	6	23
6	15	32
6	12	32
4	10	30
2	6	22
2	5	26
4	6	22
1	5	23
3	6	21
4	7	24
5	6	24
7	8	27
7	9	31
8	10	30
5	8	24
6	10	24
4	6	22
9	10	29
6	8	28
2	6	24
0	11	90
0	5	91
0	11	91
0	9	90
3	5	25
4	6	22
5	8	24
3	5	23
4	11	30
6	11	28
5	6	26
4	6	26
2	3	21
3	4	24
5	5	24
3	4	23
6	6	25
3	4	22
1	2	22
0	3	22
7	10	26
8	12	30
10	15	36
6	7	30
4	8	24
2	6	20
2	6	23
1	6	23
5	7	23
3	6	24
2	5	21
3	5	22
2	5	23
3	5	21
5	8	30
3	6	23
8	10	30
1	5	21
9	13	33
3	6	21
1	7	21
1	4	20
5	9	26
10	12	34
2	6	22
7	8	26
7	8	28
5	7	24
7	13	33
1	5	22
0	4	20
3	3	20
3	3	21
0	9	89
0	11	91
6	12	33
0	7	90
1	10	91
0	15	91
2	8	24
1	4	20
4	6	26
0	3	21
0	4	23
2	3	21
1	4	20
0	4	22
4	9	31
4	9	30
4	7	31
4	7	30
5	9	26
3	4	23
2	6	21
3	7	25
0	2	20
1	27	91
3	7	21
4	5	24
5	10	25
2	4	23
2	3	20
3	4	22
3	5	23
0	2	23
1	2	22
8	11	29
4	6	24
2	4	22
2	4	21
2	5	21
2	6	22
2	6	21
2	6	22
2	6	21
3	7	22
2	5	23
1	7	22
1	7	22
7	12	28
1	7	23
3	8	24
4	8	22
10	11	36
1	3	23
2	9	23
3	8	22
5	12	30
5	8	24
3	7	23
3	6	22
3	6	23
3	8	23
4	8	26
3	11	26
5	10	25
4	10	25
2	6	23
0	4	22
8	13	36
0	3	20
3	7	22
6	9	26
4	8	26
3	5	24
1	9	21
0	4	21
1	5	91
2	7	22
8	9	34
7	8	30
9	11	37
9	10	33
3	5	24
3	5	24
4	7	26
5	9	30
3	7	21
4	5	24
2	7	26
6	7	24
0	7	91
4	8	24
3	6	24
1	2	21
1	6	22
3	5	22
3	7	30
2	3	28
2	7	21
2	7	24
2	4	22
8	10	32
5	8	29
5	10	30
4	9	27
8	10	30
2	6	21
7	12	28
6	7	26
4	7	24
10	14	38
11	15	35
8	16	39
10	15	37
2	4	27
5	10	30
6	11	29
2	11	30
4	6	23
4	8	26
2	6	23
5	8	23
2	6	22
2	6	21
1	6	20
2	5	21
2	4	22
1	6	20
7	11	32
8	9	30
7	9	29
8	10	32
6	9	26
5	8	24
2	7	91
5	5	27
6	10	28
6	9	24
5	6	23
7	7	31
4	9	30
4	5	24
3	6	28
3	6	26
4	5	26
4	4	23
5	5	24
4	8	30
3	6	26
3	6	25
1	4	20
9	15	35
4	7	25
4	6	23
4	7	23
3	8	21
2	4	21
2	7	21
2	7	21
1	3	22
3	7	25
3	7	25
4	5	22
4	9	30
6	10	27
2	7	21
1	3	20
2	3	22
2	3	22
2	6	21
0	8	91
0	7	91
6	9	28
2	4	21
2	5	21
0	8	91
0	15	90
3	7	21
2	2	23
1	3	22
4	11	90
6	7	25
1	3	21
3	6	25
1	4	20
1	3	23
3	6	21
2	6	21
2	7	21
6	10	29
5	9	25
4	8	25
4	7	24
3	7	23
4	7	27
1	6	23
3	8	30
3	7	22
5	11	31
3	8	24
3	5	21
2	8	24
8	13	31
7	8	29
4	6	21
4	5	21
5	7	25
3	6	23
3	4	20
7	9	26
4	7	23
10	13	37
4	9	30
7	7	27
8	8	30
7	8	25
3	9	22
5	11	31
6	10	29
6	8	27
3	5	21
3	6	24
1	5	21
2	4	23
1	3	22
6	10	28
5	8	23
0	4	23
3	5	25
2	5	22
6	8	26
2	4	21
3	4	26
1	2	23
4	6	28
4	6	25
1	4	20
5	8	30
2	7	20
3	8	24
4	8	24
0	7	91
6	8	26
5	8	32
6	12	32
8	10	27
1	11	89
3	6	23
3	5	30
4	4	25
8	8	26
9	9	27
7	8	27
10	11	35
5	8	22
5	8	24
4	8	23
7	8	28
11	14	36
5	8	25
7	8	26
4	9	24
4	11	23
3	7	26
5	9	27
4	8	23
3	6	23
2	5	22
7	10	32
3	7	25
11	13	36
0	2	22
5	10	30
8	10	27
2	8	25
2	5	22
3	7	22
2	6	22
4	8	24
3	7	22
3	6	21
9	8	32
3	8	23
4	9	26
5	8	25
4	8	30
4	8	29
3	6	23
8	7	32
10	9	37
9	10	33
11	10	38
10	10	37
8	13	29
6	11	28
0	11	91
3	6	22
2	5	22
3	8	23
5	8	28
9	7	32
7	7	29
3	4	22
0	12	90
0	10	91
2	5	21
3	7	21
3	25	61
6	12	30
6	10	34
4	9	25
4	8	25
4	8	25
4	7	25
0	11	89
5	8	25
3	8	23
5	12	29
7	10	32
5	12	32
3	7	22
5	10	26
7	13	32
5	10	26
5	7	25
5	10	27
5	9	25
1	5	20
2	8	24
2	7	23
5	9	22
3	7	22
2	8	21
3	7	22
3	7	27
10	12	35
8	11	32
9	10	35
9	12	30
4	8	25
4	7	22
3	5	22
4	6	22
5	9	25
6	10	31
6	10	31
6	11	31
3	7	22
2	4	21
10	12	31
2	4	22
2	4	20
3	5	22
3	13	32
4	8	26
3	7	22
5	8	24
3	5	20
3	4	21
4	8	24
2	7	22
3	6	22
1	3	23
1	3	22
2	5	24
0	4	24
2	4	21
6	11	26
5	9	25
14	13	37
0	2	21
3	9	27
1	3	20
0	3	21
1	6	22
5	9	23
6	14	30
2	8	26
3	8	20
4	10	22
4	10	25
4	9	22
2	8	22
3	8	23
8	9	32
4	6	22
0	10	91
0	10	90
4	9	24
4	9	22
4	9	24
4	14	30
1	6	22
5	9	26
2	4	21
4	6	22
1	4	23
11	14	33
1	3	23
6	9	27
3	7	22
3	7	20
3	7	22
2	5	20
4	9	26
2	4	24
1	6	22
4	9	23
3	5	21
6	9	27
8	10	28
1	2	21
0	3	22
0	4	23
5	8	25
1	4	21
5	10	26
7	7	26
11	15	36
2	9	25
2	7	21
6	6	27
4	11	27
2	6	20
7	10	27
3	6	22
4	7	25
4	9	27
8	13	31
6	9	27
3	7	22
6	13	31
3	7	23
2	6	21
3	6	20
2	5	21
6	8	25
5	7	23
6	10	24
5	13	31
2	6	22
5	13	31
4	7	23
4	9	24
2	5	22
19	21	91
5	10	28
6	11	32
1	3	22
6	8	25
5	14	30
6	9	27
4	7	25
5	7	24
3	8	24
2	6	23
6	10	26
6	6	25
8	8	26
3	6	23
1	4	23
0	12	90
0	9	90
5	8	23
3	8	26
3	9	24
3	8	24
3	7	27
3	8	25
5	9	27
5	6	25
4	8	24
7	10	25
5	10	24
6	8	25
3	6	22
4	7	24
7	10	29
4	7	23
5	7	23
3	8	25
7	10	31
1	4	23
6	12	35
6	11	30
6	10	91
2	11	91
3	7	24
0	7	71
9	12	27
2	5	21
3	8	22
1	2	20
0	4	21
0	3	20
1	6	23
1	4	21
2	4	23
2	8	21
3	8	21
3	8	23
6	11	30
2	4	22
6	9	24
3	7	27
3	6	22
4	8	25
5	8	27
9	11	29
0	10	90
5	9	25
2	4	21
5	8	31
4	7	22
4	6	26
7	9	31
2	7	21
2	6	22
3	8	23
1	4	20
7	10	30
3	8	20
1	5	23
4	12	26
4	8	26
2	6	21
3	7	24
4	7	23
3	8	24
2	6	20
5	9	24
4	7	23
5	9	25
1	5	21
2	6	21
3	6	22
6	9	25
0	2	21
1	3	21
5	5	25
2	6	21
0	3	21
9	9	31
8	8	29
9	6	27
1	7	91
2	5	21
3	8	23
6	7	23
5	7	24
2	9	90
0	10	91
8	9	27
7	9	27
4	10	27
5	7	27
1	6	22
8	6	27
3	7	22
2	7	21
7	8	31
7	10	33
6	10	30
0	2	22
8	9	29
0	4	22
3	6	22
6	8	26
10	12	30
4	8	26
3	6	23
4	6	23
1	4	56
5	5	22
2	5	21
2	5	21
5	6	23
4	10	23
3	7	22
5	9	25
0	5	90
4	12	90
7	10	26
5	6	24
9	15	38
5	8	23
3	6	22
1	10	23
2	8	23
4	9	23
3	8	22
3	11	25
2	6	23
8	10	28
4	7	24
3	6	21
3	6	22
4	8	22
0	15	90
0	17	90
4	7	22
6	9	30
4	7	25
2	4	21
0	12	90
2	9	23
6	8	25
2	7	22
0	9	88
3	3	21
3	4	22
3	7	23
4	8	24
3	7	23
8	9	26
6	8	25
6	12	32
6	7	31
0	9	91
10	11	29
9	10	27
4	9	24
4	7	22
1	7	22
2	7	23
3	7	24
5	12	31
6	12	32
4	14	30
4	9	24
3	9	24
5	12	30
3	11	26
8	15	39
7	15	38
3	6	23
2	6	22
3	5	23
8	12	29
6	10	27
9	13	34
6	9	27
6	9	26
4	9	23
3	9	21
6	5	26
5	9	28
3	7	22
5	9	24
5	10	30
0	2	82
0	6	91
6	13	31
7	10	27
7	12	28
2	8	20
2	9	21
7	14	34
4	8	23
7	11	29
2	7	22
3	7	25
3	8	23
3	8	24
7	10	25
4	9	23
4	6	23
4	5	21
4	5	22
2	7	22
6	8	27
11	15	36
9	10	29
3	5	25
1	5	21
5	7	24
7	9	28
4	7	23
7	12	32
7	10	31
9	9	29
3	7	22
4	7	23
5	8	22
2	7	20
11	13	48
1	4	21
2	4	27
1	5	20
7	9	27
8	10	31
8	10	27
3	6	22
5	8	25
5	11	30
4	13	31
5	10	27
4	10	27
5	8	25
4	7	26
6	9	25
5	8	23
5	10	26
2	8	22
4	5	21
5	7	24
4	5	20
5	11	30
6	10	33
4	8	24
4	7	23
0	3	22
6	9	31
6	5	26
9	9	29
4	6	25
0	4	22
5	7	23
5	6	23
2	4	22
3	6	23
4	7	23
4	8	22
5	7	27
5	7	23
2	5	22
2	4	20
1	5	22
2	5	23
1	5	20
4	7	24
3	7	22
4	7	24
3	7	24
5	7	30
4	7	26
5	6	26
2	5	25
2	7	23
2	7	23
2	5	21
3	5	20
3	9	23
3	8	22
4	10	23
3	11	24
5	9	25
6	8	24
4	6	24
5	8	26
3	6	23
1	6	22
0	10	91
5	12	25
4	7	22
5	9	24
6	9	32
3	5	26
5	9	26
8	15	37
3	7	23
3	6	24
3	7	23
3	8	23
5	6	22
1	6	20
4	8	26
6	8	23
3	11	24
3	10	32
5	14	32
7	12	26
9	12	29
2	6	21
2	6	21
5	4	24
4	6	26
2	7	22
4	5	22
5	7	23
3	6	24
3	5	23
5	8	26
9	11	29
2	5	20
0	6	91
4	8	24
9	12	33
1	10	90
4	7	23
4	8	21
2	5	22
2	6	22
5	11	24
4	5	23
3	5	24
2	7	25
3	5	23
4	4	23
0	11	87
1	12	87
4	5	22
2	7	21
2	6	22
1	5	22
6	8	22
0	3	90
5	9	25
2	7	23
1	6	21
4	7	22
0	9	90
2	6	21
7	6	24
2	6	23
1	4	22
2	4	21
5	4	27
0	7	90
0	9	90
8	8	28
4	5	25
0	10	91
0	10	89
5	11	29
2	5	22
5	9	26
4	8	25
6	7	26
4	7	25
4	5	22
3	5	23
6	9	24
2	8	23
3	7	24
3	6	22
2	6	20
4	7	23
6	7	27
8	11	35
6	10	33
6	10	30
7	12	31
7	10	29
6	9	27
3	6	21
3	5	22
3	5	23
2	5	22
8	12	33
3	8	23
4	7	22
0	6	22
4	8	24
4	8	32
2	6	20
4	7	24
10	13	35
3	7	24
0	6	91
2	4	21
5	6	25
2	3	21
2	5	22
2	6	25
3	4	23
2	4	21
5	7	23
3	6	22
2	5	22
1	5	23
2	6	25
5	9	27
5	7	26
6	9	30
5	8	26
4	7	26
6	9	27
4	5	23
7	8	29
0	12	91
1	8	91
3	7	23
1	5	20
5	6	25
6	8	26
4	9	23
6	7	27
8	13	36
5	10	26
7	8	31
11	9	39
3	6	91
4	6	21
6	9	26
10	10	32
7	9	34
5	6	21
4	5	23
3	5	22
3	8	20
4	6	22
2	10	26
0	9	91
2	6	23
9	12	29
3	8	23
2	7	22
3	8	23
2	6	22
1	6	22
1	9	22
6	9	27
5	8	24
0	4	21
6	12	31
3	5	24
1	3	22
2	6	25
2	3	22
3	4	23
3	6	21
4	6	22
7	12	29
4	10	28
7	9	26
6	10	24
2	7	22
6	11	30
2	6	23
3	6	21
3	6	22
1	6	21
3	7	21
6	10	32
7	8	25
6	11	30
6	10	33
5	9	28
3	6	23
13	13	36
9	10	33
8	8	31
9	8	31
1	3	21
4	6	23
2	5	26
1	5	22
4	7	22
6	6	24
7	13	32
6	13	30
6	14	32
5	12	27
0	8	87
0	-1	91
6	11	30
6	8	25
1	4	23
9	8	33
8	7	28
1	3	21
0	3	20
3	7	22
7	9	25
7	10	28
4	8	25
4	8	23
1	6	21
4	8	22
1	4	20
6	12	33
5	9	30
2	5	22
0	2	22
13	13	36
2	5	23
3	5	22
3	6	23
3	4	22
6	12	30
4	7	25
5	7	26
1	4	23
0	2	20
1	1	21
3	7	22
4	5	22
8	15	35
0	8	90
3	8	22
4	8	25
3	9	25
3	8	24
2	5	22
5	10	26
3	5	23
8	8	30
8	10	32
9	12	32
6	8	24
5	9	24
1	5	22
6	11	31
5	8	25
3	6	32
1	3	21
1	7	21
2	7	21
1	6	21
4	4	24
8	11	31
7	10	30
8	9	28
3	8	25
6	7	24
2	33	90
4	9	24
5	7	23
2	7	22
3	7	22
3	7	23
0	18	90
3	7	23
1	2	21
3	5	24
5	9	30
4	5	25
3	7	23
2	6	22
2	5	21
2	4	20
2	6	21
6	9	32
4	6	22
2	6	24
3	5	20
2	8	24
2	8	23
3	8	23
4	7	23
1	4	21
3	11	25
3	7	23
8	12	32
2	6	23
4	9	25
4	6	26
2	2	21
0	20	91
3	7	24
3	5	22
2	7	22
5	10	30
6	7	26
3	7	22
2	7	23
1	5	20
5	7	32
7	11	28
3	6	22
5	10	30
5	12	28
2	5	22
3	7	22
4	5	22
1	4	21
6	9	27
9	10	29
7	12	34
7	11	33
6	11	32
6	11	31
6	10	30
4	8	24
4	8	24
4	7	24
7	11	31
3	7	22
3	7	21
3	6	23
4	7	22
0	3	22
2	5	21
3	9	25
3	7	22
5	10	25
6	9	23
9	11	30
3	4	22
3	6	24
0	9	91
3	7	22
2	6	21
9	15	35
1	7	22
4	7	25
3	4	24
3	6	25
4	8	24
6	10	27
8	12	30
4	6	27
2	4	21
4	8	25
4	12	30
6	9	35
9	12	37
5	7	25
6	6	24
8	11	31
5	12	31
10	15	37
8	13	30
8	10	30
3	7	25
3	6	22
3	6	25
1	3	21
3	4	22
3	7	23
4	14	90
0	7	91
8	8	26
3	7	21
0	4	20
2	5	21
1	5	22
1	4	21
1	6	20
2	8	22
8	8	29
4	7	30
0	9	90
1	3	21
4	9	24
3	7	22
15	20	63
3	7	21
11	9	32
4	5	25
5	8	22
4	5	25
9	15	32
0	1	20
5	6	23
3	17	90
3	5	22
0	5	20
3	7	22
3	9	22
4	7	23
10	14	32
3	7	22
4	8	27
4	5	23
4	6	25
4	5	22
8	8	31
5	7	24
5	9	28
5	8	29
7	7	30
4	7	23
4	7	23
3	5	23
2	4	22
6	7	28
5	7	26
14	27	90
6	8	29
2	7	22
1	5	21
3	9	22
9	10	30
8	11	32
3	8	24
4	10	26
4	8	25
4	10	26
4	7	23
6	11	28
5	8	30
0	5	20
7	6	25
4	9	23
4	5	23
3	7	23
5	6	21
5	7	29
2	4	22
2	4	21
3	4	20
5	5	24
0	5	91
0	11	90
0	11	91
4	7	23
3	14	90
3	8	24
6	10	33
2	7	23
0	3	22
0	3	21
1	5	21
7	9	27
0	11	90
1	2	22
1	3	21
6	10	26
6	9	27
1	6	24
5	7	27
4	6	26
4	7	25
4	9	30
4	9	29
0	11	79
0	11	79
4	7	23
2	6	20
0	5	20
2	6	22
4	6	22
4	9	28
0	11	90
2	6	22
2	7	23
1	4	21
3	7	21
7	12	28
4	9	25
5	9	26
8	13	30
2	6	21
2	5	21
5	9	36
1	6	20
3	6	22
4	7	23
3	8	21
3	10	27
1	5	24
6	10	33
3	7	23
5	7	25
2	6	25
3	6	24
3	6	25
3	8	24
2	5	22
3	5	21
2	4	22
4	5	23
0	10	90
0	12	87
0	7	91
0	9	91
5	8	30
6	8	30
3	6	23
3	6	25
3	6	23
1	7	25
7	10	26
4	5	30
6	9	29
0	8	65
0	10	91
5	12	30
4	11	27
6	10	32
2	6	21
1	3	20
0	3	90
0	2	22
4	7	24
7	11	30
8	10	29
9	11	32
8	11	30
8	10	31
8	10	31
8	9	30
8	8	27
2	7	20
5	7	25
2	6	21
3	9	23
0	5	91
0	10	91
2	5	23
7	11	30
5	9	26
1	2	22
4	9	24
0	2	21
1	4	21
1	2	22
0	2	21
1	2	20
3	5	24
2	5	24
4	7	25
3	9	30
10	11	35
5	8	23
6	9	27
0	3	21
3	4	23
1	3	21
10	11	34
4	8	24
2	4	23
3	5	22
2	5	22
5	7	25
1	4	21
3	9	26
8	11	33
1	4	21
2	7	23
3	7	25
11	18	40
3	4	23
3	3	22
4	3	23
9	9	30
8	12	30
2	6	22
2	6	21
1	3	23
1	4	22
2	6	21
0	4	21
2	9	23
3	6	23
4	8	24
5	11	27
2	3	20
4	6	23
5	7	24
2	8	25
4	5	22
8	11	33
5	6	24
7	10	30
4	5	22
4	7	25
3	5	23
4	8	23
5	8	26
6	9	31
5	7	26
4	7	26
2	6	21
5	7	31
2	4	23
3	7	22
0	3	20
2	5	21
0	3	20
4	10	26
1	5	20
4	8	30
3	5	25
7	10	33
8	9	33
6	10	33
4	7	23
4	7	23
3	9	22
2	5	21
5	7	31
0	27	90
2	4	21
5	8	25
2	7	22
0	11	90
0	2	21
2	6	22
4	6	23
3	5	23
2	7	20
3	6	21
1	7	22
2	5	21
8	13	33
1	4	22
0	2	22
7	14	31
7	70	91
1	38	87
0	6	91
0	8	90
5	10	30
2	6	25
6	11	30
6	8	27
0	4	23
5	10	25
1	5	91
3	9	23
0	-1	91
4	8	31
0	2	20
3	8	22
4	7	24
1	3	20
0	5	20
2	6	20
2	5	21
6	9	26
12	14	38
8	10	32
9	12	32
5	8	23
10	12	33
4	7	22
4	6	21
3	7	21
9	12	33
2	6	23
5	7	30
6	9	29
2	8	21
9	14	35
10	13	30
11	16	37
3	7	22
3	6	23
3	5	21
3	6	22
3	7	21
4	8	25
2	6	21
4	8	23
4	11	24
9	13	34
1	5	21
1	3	21
2	4	21
2	6	22
2	8	24
1	5	22
3	9	23
4	6	23
3	7	22
3	6	21
1	4	23
2	4	21
1	3	21
1	3	22
1	3	22
3	5	22
3	7	22
4	8	26
3	9	24
5	8	23
5	9	30
3	7	25
4	7	24
5	9	30
4	6	22
3	5	24
5	8	23
9	10	28
7	8	28
7	8	25
0	12	91
0	10	90
0	19	91
1	7	20
5	8	28
6	9	24
8	11	28
3	8	22
11	14	37
11	12	37
10	14	37
4	5	23
4	5	24
1	7	90
12	30	90
2	5	24
2	4	21
3	6	22
4	8	24
2	8	24
4	13	30
3	6	23
3	8	23
3	6	22
2	7	22
6	10	31
6	12	32
2	6	23
5	7	25
3	7	23
2	6	21
8	9	33
7	12	30
6	8	27
5	8	25
2	4	22
7	10	29
7	6	28
1	4	22
3	7	20
1	5	21
3	6	23
1	7	21
2	8	22
0	2	21
3	6	21
2	5	23
2	6	23
1	3	21
3	4	21
2	5	31
7	8	30
3	9	24
6	11	26
2	5	21
3	5	22
3	7	23
3	6	22
6	8	26
3	3	24
5	6	23
0	13	90
0	11	91
3	5	22
3	7	23
4	6	23
5	7	27
2	4	20
3	5	21
4	10	31
5	8	23
3	9	25
3	4	21
3	6	21
5	10	31
5	9	30
4	7	26
5	7	25
5	7	24
3	6	24
3	8	20
7	12	30
0	3	20
2	4	21
0	2	44
6	7	30
10	11	33
0	23	90
0	12	91
3	7	21
1	4	20
1	4	21
2	5	23
2	4	22
1	4	23
7	9	31
5	8	24
4	9	23
1	3	21
2	5	21
2	8	24
2	4	21
3	9	22
2	5	20
3	5	22
6	9	25
8	10	32
2	5	24
2	4	22
3	5	22
5	6	30
3	7	23
8	10	30
0	3	20
1	5	21
5	10	30
4	6	24
3	5	24
4	7	25
5	8	25
8	6	27
2	4	22
2	4	20
0	11	61
1	4	22
0	4	21
3	8	25
1	7	21
2	7	21
2	9	24
1	7	21
1	10	25
2	4	23
3	5	24
2	4	22
4	8	26
0	11	90
0	7	88
3	9	30
6	10	27
5	9	27
5	7	24
2	7	22
6	10	28
7	10	27
8	9	30
3	7	23
6	11	30
7	10	28
10	13	32
9	12	29
4	8	23
4	8	23
4	6	22
9	11	33
0	11	90
0	13	90
4	6	24
4	6	23
5	8	26
5	7	24
3	8	22
4	8	24
4	8	23
4	5	24
3	5	23
2	8	23
6	12	32
7	11	29
3	6	21
9	10	29
8	11	30
6	9	26
5	10	26
6	8	23
7	8	24
0	-1	90
0	11	91
4	8	26
3	5	23
6	10	25
6	10	33
4	12	30
3	10	25
3	10	26
2	9	23
2	9	24
2	8	22
6	9	30
5	9	27
2	6	25
8	10	28
9	9	32
6	9	28
4	9	23
3	6	23
6	12	28
0	5	20
6	7	22
7	8	28
7	13	28
1	4	21
4	7	22
3	8	24
4	8	22
10	13	33
6	12	31
2	3	20
9	11	32
6	6	24
3	6	22
3	7	21
4	8	24
6	8	26
8	12	30
4	8	21
5	6	24
9	11	32
7	10	26
2	8	20
4	8	30
3	9	21
5	8	22
3	8	23
3	5	22
0	6	90
1	6	91
7	10	34
5	6	21
6	8	24
7	9	26
8	9	27
4	11	24
11	14	32
5	9	28
3	7	22
3	8	23
3	8	24
3	7	20
2	5	22
7	9	32
4	11	30
2	4	21
2	5	20
5	9	23
2	7	20
0	21	91
7	11	30
12	14	44
3	5	24
2	4	22
3	5	23
4	8	25
3	9	23
4	9	25
3	9	23
7	12	30
3	5	21
2	4	23
3	7	24
5	7	24
7	11	30
2	6	22
3	6	23
3	6	21
1	6	21
10	14	33
6	6	23
4	8	23
1	6	21
8	13	32
8	9	27
0	2	21
2	6	22
1	7	91
0	4	91
8	6	27
3	7	22
3	7	25
3	7	24
3	6	21
6	9	31
2	8	23
2	8	22
1	6	22
5	9	27
2	6	22
2	6	22
7	9	31
4	7	25
3	6	22
5	10	25
9	11	32
2	8	20
9	35	90
3	6	22
3	7	21
7	12	30
7	-1	91
3	4	20
2	5	20
3	5	21
7	11	32
8	10	30
3	8	22
8	11	27
3	9	30
5	11	31
6	10	30
6	9	30
4	7	24
6	10	30
2	5	21
5	12	30
3	10	25
3	3	22
5	8	26
2	5	23
3	6	21
2	9	22
16	12	46
4	6	22
8	11	26
5	14	31
8	15	37
11	13	37
10	13	34
9	14	34
5	10	26
2	5	22
3	6	22
2	6	21
2	3	20
0	9	90
5	11	27
5	7	24
5	10	30
5	10	27
6	9	27
6	8	30
2	7	23
4	6	23
4	6	24
10	11	29
5	8	25
5	9	25
7	9	25
7	10	24
4	8	23
3	6	23
4	7	23
2	5	22
3	6	24
3	8	21
7	9	30
4	8	24
6	8	25
3	4	23
4	4	24
4	4	23
3	5	23
4	10	25
2	6	20
11	9	35
9	9	30
4	6	23
5	7	24
8	12	29
4	10	27
5	9	25
5	12	28
6	13	32
4	8	27
3	9	26
4	7	23
5	16	33
4	6	21
0	4	91
4	6	28
4	5	23
9	11	28
1	7	23
7	10	30
7	9	27
4	7	22
4	9	24
2	8	23
6	12	31
5	6	24
0	7	89
1	6	91
13	15	40
11	15	36
10	10	32
10	10	30
9	13	37
10	14	33
9	15	32
9	12	34
10	15	37
8	14	35
8	12	32
10	13	35
7	13	34
6	10	30
3	7	21
3	7	25
7	12	33
2	7	23
2	7	22
8	10	35
7	10	30
13	15	39
9	12	29
7	10	31
4	7	24
3	6	23
3	6	20
6	9	27
8	11	29
5	8	25
3	6	21
0	20	90
5	8	25
7	10	30
7	9	29
5	10	27
2	4	21
5	6	24
8	12	36
5	9	27
5	9	27
4	7	25
4	10	25
4	10	24
5	7	24
4	6	23
5	6	25
6	11	27
8	9	32
2	9	25
2	9	23
3	7	24
4	9	24
4	10	24
11	13	32
6	11	29
5	12	28
2	4	21
6	9	26
6	12	32
0	9	90
0	12	91
5	9	31
2	4	21
2	5	21
2	5	21
3	5	22
0	10	91
0	6	91
1	5	21
5	8	24
2	7	23
1	13	91
0	12	91
5	11	29
2	5	21
10	7	34
3	7	22
3	6	21
8	10	27
3	4	23
7	13	31
3	6	22
4	8	28
5	9	24
4	7	25
6	8	24
4	4	23
2	5	21
1	7	20
3	5	24
2	7	24
2	6	23
3	7	21
3	9	22
3	6	23
8	8	32
2	5	21
4	4	25
0	2	22
0	4	21
2	3	23
3	8	22
2	7	23
5	6	22
4	7	23
5	9	27
1	13	91
7	12	30
3	7	23
6	6	23
2	5	20
7	10	30
3	6	21
5	9	28
3	6	25
0	12	89
3	9	22
5	9	26
5	6	23
5	6	24
10	12	34
9	12	33
4	9	24
3	7	24
3	4	23
3	6	22
0	13	90
0	15	91
2	6	22
6	9	26
2	6	21
2	5	25
5	9	25
3	6	21
3	8	24
3	7	21
6	10	27
1	4	23
3	6	21
3	8	22
1	10	91
4	14	91
3	5	24
2	5	22
5	8	26
4	6	23
2	6	22
4	6	21
3	7	22
4	6	23
6	4	31
0	4	22
0	5	21
2	9	90
3	9	91
6	7	21
2	3	20
6	12	30
4	7	25
4	5	23
5	12	32
7	13	32
3	4	22
2	2	21
0	7	50
0	4	20
2	9	91
3	12	91
8	11	29
8	13	32
7	12	29
7	13	28
5	7	25
0	3	22
3	4	23
2	3	20
2	6	21
6	9	31
2	7	22
4	10	30
2	4	21
2	6	23
3	7	24
5	8	22
9	9	29
11	14	32
7	9	27
3	8	22
3	5	22
3	6	21
11	9	31
7	9	25
7	10	27
3	7	25
8	10	31
3	6	21
4	11	31
5	11	31
5	12	31
5	9	24
7	13	30
3	3	21
1	7	22
2	5	20
3	7	22
6	5	24
3	7	21
2	4	23
4	4	23
2	3	26
5	5	33
4	5	25
2	6	20
0	14	62
6	9	30
6	11	29
2	5	23
6	9	25
5	45	91
4	11	30
1	7	22
5	10	27
5	8	25
3	9	25
5	11	30
4	9	24
3	5	21
1	4	22
3	6	24
6	10	33
4	9	23
7	8	26
4	4	24
0	10	91
0	3	20
1	7	22
2	6	22
1	5	22
4	8	24
3	8	20
8	16	33
5	10	25
4	7	22
2	4	21
3	6	22
8	9	33
1	5	21
3	6	22
3	5	21
2	4	21
6	6	26
5	6	31
4	7	24
4	10	25
3	8	31
1	3	24
6	9	26
2	5	22
2	4	21
2	5	20
3	7	21
4	8	21
3	5	20
3	5	22
6	8	26
7	11	32
7	11	31
3	6	21
3	8	24
2	7	23
2	7	24
3	7	22
3	5	21
2	4	22
3	5	24
6	8	25
2	5	22
3	6	22
3	8	22
3	7	24
3	6	23
3	6	22
3	7	23
0	14	89
2	10	91
2	4	21
4	5	23
3	6	25
3	6	24
3	5	22
6	11	31
5	9	31
6	9	30
7	9	30
4	6	25
3	5	22
2	6	22
4	7	23
4	6	23
6	10	29
4	8	27
4	9	26
4	6	23
1	5	21
3	7	23
9	11	27
7	9	25
3	7	22
3	8	23
5	7	23
3	6	24
6	7	27
5	8	26
4	6	23
6	8	27
3	7	22
4	8	30
7	10	25
4	5	21
3	8	24
10	14	37
4	8	23
4	10	25
5	9	25
6	9	26
4	7	23
8	11	34
6	14	36
2	6	22
6	6	24
2	8	23
4	7	23
5	11	30
0	5	22
2	3	23
1	3	21
9	9	34
6	11	28
9	12	30
2	6	24
2	6	22
5	9	28
6	11	25
5	8	25
3	5	23
0	17	84
0	4	91
5	5	24
4	7	25
2	8	21
1	5	22
3	9	26
2	5	21
5	13	31
0	7	91
0	7	91
1	7	88
0	7	88
6	7	26
6	8	23
5	13	31
3	4	23
4	8	24
5	7	22
2	4	22
10	9	29
6	10	33
7	7	27
1	6	21
2	5	21
8	11	28
8	10	27
1	6	20
6	10	30
5	10	29
5	11	26
3	8	24
3	5	20
4	7	24
3	9	22
4	6	22
3	6	22
4	7	22
4	7	22
3	8	24
4	7	24
2	7	23
2	10	23
1	7	22
4	8	25
2	7	23
5	12	30
6	15	36
7	15	32
4	8	25
3	5	20
2	5	22
4	5	21
4	8	28
6	9	31
3	6	22
4	7	23
3	10	24
4	7	24
3	6	23
4	6	25
2	7	23
4	9	26
4	8	24
4	8	24
5	10	27
5	10	24
9	11	38
6	9	32
1	4	20
4	5	25
3	4	21
4	6	25
3	6	21
5	12	30
0	10	91
3	7	25
0	10	90
1	4	23
1	4	21
3	5	23
2	5	22
10	14	36
7	8	25
6	8	26
9	9	32
8	9	31
2	8	22
3	7	22
3	7	23
5	8	23
6	10	24
2	4	22
6	9	31
6	11	30
7	11	34
2	3	20
1	3	20
2	5	21
3	6	25
3	7	23
3	8	23
3	7	22
0	8	91
0	11	91
3	9	22
3	8	23
4	10	25
3	8	23
3	6	21
8	10	33
8	10	31
7	9	28
15	26	91
1	3	22
3	7	25
7	13	30
6	11	26
4	7	24
4	9	27
5	8	23
3	9	25
4	10	25
4	8	21
4	9	22
5	9	23
0	8	89
4	13	91
5	7	31
6	8	29
5	9	23
3	7	23
5	9	24
4	8	26
2	9	24
4	8	25
4	8	24
0	14	91
3	7	23
2	5	21
10	12	37
3	5	21
2	5	23
5	8	32
7	11	30
3	6	21
1	4	20
4	6	21
5	5	27
1	7	21
5	7	24
6	7	23
1	5	23
3	6	24
0	3	20
4	9	23
5	8	25
4	10	24
4	9	25
5	9	26
4	9	25
3	10	24
2	7	23
3	7	24
6	7	26
5	10	27
4	9	24
2	6	23
2	6	22
2	7	23
2	20	89
7	10	31
3	5	21
2	7	22
0	10	91
0	10	90
2	6	22
2	3	21
0	3	21
0	5	20
7	7	25
2	5	22
9	12	32
3	3	21
3	6	22
5	5	25
2	5	22
4	6	21
2	8	24
4	5	23
2	7	22
3	7	23
2	7	21
8	11	31
7	8	27
9	11	32
3	7	22
2	7	22
2	5	22
7	15	32
6	11	33
2	4	23
3	4	22
5	5	23
2	7	21
5	6	23
3	5	23
2	6	22
2	5	20
4	13	35
4	7	24
3	7	21
3	6	21
0	10	90
4	3	23
0	14	91
2	5	20
3	7	22
5	6	32
4	6	25
7	9	32
3	7	23
6	9	30
24	31	91
2	7	22
3	9	23
3	8	22
4	10	23
4	10	24
3	6	21
4	8	23
4	6	25
5	7	24
4	8	31
3	6	26
6	8	25
7	8	24
4	9	23
2	3	21
6	6	22
2	4	21
2	6	22
5	12	32
7	17	38
6	6	26
1	4	23
4	8	24
1	7	21
7	11	24
3	6	23
1	7	21
2	6	21
10	12	35
11	10	33
12	14	40
11	10	33
10	10	33
9	12	32
5	12	32
5	11	31
7	12	30
2	7	20
3	6	21
2	5	21
6	6	25
5	8	24
3	6	22
2	7	21
4	5	27
6	8	30
5	10	31
4	7	24
5	9	25
4	9	26
5	9	27
3	10	27
6	12	30
4	4	25
7	9	29
2	5	21
1	19	90
1	5	25
7	10	33
5	8	23
3	7	22
3	6	22
4	7	27
10	12	36
3	3	20
7	9	26
2	9	20
7	12	28
3	4	23
7	11	31
3	7	22
5	10	25
5	10	25
8	10	30
3	7	23
5	6	26
4	8	30
6	10	34
4	6	22
0	5	21
3	6	24
8	12	34
2	4	20
3	8	25
4	8	21
4	9	26
4	9	28
5	11	28
2	7	22
2	6	22
12	29	79
4	10	31
5	9	30
4	10	27
4	8	22
0	13	91
7	9	25
3	7	26
4	7	24
10	13	31
10	13	35
3	7	22
3	7	21
3	9	25
5	9	26
6	9	25
4	14	30
5	5	24
5	6	26
6	6	26
4	12	30
3	7	21
7	10	30
6	9	26
8	9	32
2	6	23
4	9	31
5	6	30
2	10	90
3	5	20
4	7	23
3	6	22
3	6	22
5	7	25
0	2	22
3	5	23
3	7	23
0	7	87
0	7	88
9	10	30
2	2	21
2	8	22
1	5	22
0	0	61
2	7	21
0	9	91
0	9	91
2	5	22
6	8	26
3	7	30
4	6	23
5	8	24
1	5	23
4	6	27
3	7	22
3	4	22
0	9	91
0	11	91
0	5	22
3	7	21
5	10	26
3	6	24
8	14	33
0	9	91
7	11	33
2	8	22
3	8	22
7	11	25
6	12	30
5	8	25
7	13	34
7	14	35
5	9	24
8	12	34
7	13	33
4	8	23
5	11	33
3	4	21
4	8	26
2	6	31
2	5	24
3	5	23
3	4	23
2	4	24
2	5	23
3	4	25
5	9	30
8	13	34
2	7	21
3	6	23
4	8	26
2	8	25
3	5	23
6	8	26
4	7	25
3	6	23
3	7	22
3	7	21
2	4	21
8	11	35
8	9	34
7	11	33
7	11	30
5	8	28
6	9	27
6	8	26
4	8	25
5	7	24
8	10	30
2	7	24
5	10	24
8	6	31
6	7	29
9	8	33
12	8	36
3	5	21
0	10	91
0	5	91
2	7	23
2	7	21
3	7	22
5	9	23
4	9	24
6	7	24
7	10	30
5	7	30
4	8	21
2	5	24
11	10	36
4	10	24
2	7	25
2	3	21
3	5	24
1	5	20
5	8	22
4	5	23
1	12	90
0	8	90
2	5	21
4	9	23
4	9	24
1	4	21
1	7	20
2	5	21
5	11	32
4	7	25
7	10	25
8	9	26
8	10	31
5	10	23
1	4	22
1	7	21
3	6	22
3	5	20
5	8	25
3	6	22
7	7	27
1	3	21
5	9	30
7	12	31
6	12	30
4	13	31
2	5	21
4	7	22
2	5	22
4	8	22
1	3	23
5	10	29
0	4	22
3	12	26
4	8	23
4	9	26
5	8	23
3	7	24
2	6	21
3	8	23
3	7	23
3	6	24
3	8	21
0	4	22
1	5	21
4	10	32
7	10	26
2	5	21
2	4	20
5	7	24
2	7	22
3	5	22
2	4	21
3	4	22
2	5	22
7	10	31
4	7	24
6	6	24
6	8	28
5	6	24
2	6	22
2	3	23
3	3	22
5	8	23
4	6	30
0	4	21
4	7	24
3	6	20
2	9	24
4	6	24
4	8	25
3	9	30
5	9	28
0	3	20
3	5	23
3	5	24
6	10	27
3	7	24
3	9	24
4	7	23
4	6	22
3	8	23
3	8	23
4	7	24
3	9	22
3	7	24
2	6	23
4	8	26
0	11	91
0	-1	90
6	8	25
4	7	22
0	4	20
2	5	21
2	4	25
4	8	25
4	7	22
1	5	21
3	9	31
4	5	20
2	10	23
2	5	24
4	7	26
5	7	23
1	3	23
11	13	34
4	8	22
3	8	24
1	3	23
6	7	25
8	9	29
7	10	27
2	6	21
6	7	23
2	4	24
4	7	24
3	4	22
3	9	27
0	3	20
2	6	24
1	4	20
10	7	32
5	8	24
3	8	23
0	3	22
3	7	23
6	6	26
2	4	22
1	4	22
1	5	23
8	15	34
4	9	26
3	9	26
5	9	25
4	9	25
3	8	23
3	8	23
2	8	22
6	10	28
6	10	28
1	4	22
2	3	21
3	7	22
3	7	21
3	7	22
3	9	21
0	14	90
0	15	91
0	14	90
0	7	90
7	7	31
3	7	23
4	4	22
0	11	83
0	13	91
0	10	91
2	7	22
5	11	33
6	12	29
3	5	22
2	7	22
2	5	21
2	3	21
9	10	54
6	11	27
1	8	24
4	5	21
2	3	22
4	12	26
0	2	21
4	4	32
0	5	90
6	8	26
4	6	24
5	7	26
7	9	26
0	4	21
1	5	21
1	5	24
0	7	21
2	5	22
1	7	25
3	7	23
1	4	22
2	4	23
2	7	20
3	4	22
4	7	25
4	9	30
3	6	23
3	7	25
4	7	22
4	7	22
4	6	24
0	3	22
5	7	22
9	11	33
8	11	30
5	10	26
8	8	30
2	5	20
2	10	22
3	5	25
4	8	24
6	8	24
4	8	22
7	8	33
4	7	25
5	7	26
6	8	27
4	7	26
6	6	25
4	5	24
3	5	21
4	5	25
3	7	23
2	2	20
3	7	23
4	7	22
3	10	23
5	6	31
4	7	26
4	5	24
2	4	20
4	11	24
6	6	24
6	8	26
5	9	25
5	11	30
0	3	20
6	6	32
7	9	35
6	6	30
7	7	32
5	7	31
5	6	32
4	6	25
4	6	24
3	4	23
3	4	21
2	4	21
4	4	22
4	7	23
8	10	32
7	8	27
6	8	28
6	7	27
6	10	31
5	8	28
6	10	32
7	9	31
5	6	24
9	12	26
25	41	91
3	7	21
2	4	21
5	7	24
6	10	32
4	8	25
5	11	30
3	10	25
5	10	25
6	9	32
5	9	25
7	7	30
3	7	22
0	2	21
2	7	20
3	8	20
0	3	21
7	6	23
1	2	21
1	2	21
4	5	23
4	9	27
3	6	22
4	8	23
5	14	30
2	8	24
2	5	22
6	9	26
3	6	21
8	12	35
2	6	23
4	5	22
3	6	21
4	4	24
1	4	20
0	4	21
2	29	90
6	10	33
0	12	90
0	10	90
4	7	21
3	7	21
5	10	26
0	9	91
3	6	22
4	7	25
4	7	25
4	7	24
4	7	23
4	8	26
4	6	24
2	6	22
4	7	21
0	9	90
0	8	91
7	10	33
7	13	34
7	11	32
10	12	34
7	11	30
2	3	21
1	9	91
0	8	90
2	8	22
8	12	29
4	6	23
3	7	22
3	6	25
2	7	23
3	7	22
4	5	23
7	12	32
2	5	24
3	7	23
1	7	21
3	6	23
2	9	23
1	5	22
7	7	24
5	6	23
4	8	23
3	7	22
5	9	22
3	5	22
3	4	25
5	8	26
9	13	30
3	5	22
4	8	24
4	8	24
2	5	21
0	4	21
4	6	22
7	7	28
7	7	26
6	9	27
3	6	21
1	4	21
2	8	21
1	4	23
0	2	22
0	3	21
1	4	20
4	5	23
5	7	23
3	7	25
7	10	30
5	7	25
8	6	26
4	5	24
4	7	24
5	6	24
1	3	21
2	3	23
4	8	31
2	6	21
6	8	26
7	9	31
3	7	22
2	7	22
4	7	23
7	9	28
8	10	28
7	7	28
6	7	24
0	13	91
0	10	90
4	11	32
4	7	23
6	10	32
3	7	21
2	6	24
4	5	22
4	6	22
3	7	24
3	4	24
3	8	22
4	9	28
2	6	21
2	6	21
5	8	25
6	10	28
5	9	25
3	6	24
3	7	23
3	7	23
3	5	21
7	10	29
5	9	32
6	12	32
3	8	23
3	9	23
0	4	21
3	6	24
2	6	22
4	6	24
10	10	33
3	9	21
1	2	22
4	6	25
4	8	24
5	9	28
1	7	21
2	3	22
7	9	27
4	11	24
8	9	29
3	9	23
5	10	32
2	9	30
7	7	27
7	9	24
3	6	21
1	3	22
1	4	21
4	10	27
4	8	30
2	7	23
1	4	20
0	2	20
1	3	20
2	8	22
3	9	23
5	10	33
1	5	22
1	3	22
4	8	23
6	9	24
4	10	25
4	6	23
4	8	24
4	8	26
5	10	25
3	4	22
2	5	20
2	6	21
5	6	25
3	4	21
1	25	91
0	8	91
0	3	90
0	10	91
0	9	90
2	4	21
0	2	20
3	6	23
4	6	23
3	5	22
3	6	23
1	3	21
3	7	24
7	7	27
5	8	30
5	6	26
1	3	23
1	3	21
0	2	21
1	13	90
0	11	91
5	7	24
2	6	21
4	8	24
3	7	24
7	14	36
2	7	20
2	5	21
3	5	21
3	5	22
7	10	29
4	6	25
3	6	24
3	5	24
3	7	23
2	6	22
4	6	23
5	7	25
6	9	31
3	6	23
2	4	23
1	5	22
3	7	22
7	8	27
5	9	30
5	8	24
2	5	20
1	4	21
2	6	22
2	6	21
7	9	26
3	8	31
4	7	25
4	7	31
4	7	24
4	9	30
3	7	22
4	6	21
4	7	22
5	8	26
4	7	25
5	7	24
8	10	33
7	11	33
8	14	33
4	6	21
6	8	32
0	3	91
0	7	91
5	8	23
2	7	23
1	3	21
3	8	23
5	8	22
4	7	21
7	11	32
2	7	21
2	5	22
0	4	20
7	10	30
1	5	23
4	8	28
3	3	22
7	7	26
3	6	23
7	10	45
8	6	36
3	7	21
5	10	25
3	7	23
0	9	91
5	16	91
4	11	26
5	9	27
4	9	25
4	8	24
4	8	25
4	7	24
3	6	22
5	9	31
6	12	31
7	11	30
5	7	24
3	7	23
3	7	21
3	8	23
5	9	24
7	10	32
3	9	24
3	8	25
4	7	24
11	12	34
8	11	34
0	4	21
5	9	27
8	6	27
7	12	32
8	11	32
8	12	31
4	6	22
5	12	30
7	10	31
0	10	91
2	6	22
2	7	21
3	6	23
4	9	27
2	7	22
5	10	27
3	7	22
3	7	24
3	7	23
4	5	22
8	10	29
3	4	22
1	4	21
7	10	31
5	9	23
1	4	21
9	11	31
5	9	30
5	5	25
7	8	21
8	12	32
4	8	22
3	7	23
2	5	20
4	8	23
1	5	21
2	6	21
9	13	33
2	5	22
6	9	26
2	6	21
5	9	26
5	7	25
5	7	24
4	7	23
1	3	20
8	11	29
1	2	21
5	9	30
8	11	30
8	12	27
4	7	23
6	8	31
3	9	30
3	7	26
4	8	30
5	9	29
4	10	30
5	10	31
5	10	30
4	7	26
4	8	23
7	10	36
6	10	29
3	9	29
6	8	25
5	7	27
5	8	28
5	7	27
5	10	33
5	11	30
5	9	25
5	11	27
3	9	23
2	5	20
5	8	24
6	9	23
7	6	26
2	6	21
3	5	21
6	10	25
3	6	24
6	7	21
2	8	23
3	7	23
6	9	25
8	11	28
2	12	31
3	5	22
3	6	23
2	8	25
2	8	25
6	8	25
4	8	23
4	6	23
6	11	28
6	11	27
4	9	23
5	8	25
1	9	23
3	6	23
3	7	24
4	9	28
8	9	28
7	9	28
5	5	25
6	10	29
4	7	22
6	10	26
1	4	20
0	3	21
7	12	32
7	11	31
1	5	23
6	11	27
7	10	26
6	12	26
8	8	31
3	6	20
2	7	22
3	8	24
5	9	30
5	10	26
5	9	25
5	10	30
3	7	22
5	9	30
12	15	40
3	7	21
6	8	23
4	6	23
5	6	25
8	7	30
0	13	91
0	5	71
2	7	22
4	-1	91
2	16	90
5	7	26
2	5	22
1	6	21
3	9	23
4	8	24
3	5	21
2	6	22
2	5	21
3	5	22
8	10	31
2	6	22
2	7	21
2	6	20
0	0	25
2	2	22
5	7	24
4	7	30
3	7	23
3	7	21
4	9	24
5	9	31
3	7	23
2	5	24
5	7	24
6	9	29
2	5	21
2	4	22
7	14	33
3	8	22
1	6	20
2	7	22
2	8	22
2	6	21
3	9	24
5	6	22
16	40	90
3	7	23
5	6	24
2	5	22
2	5	21
5	9	27
3	7	21
7	11	35
4	8	26
5	7	26
3	7	24
3	7	23
6	9	34
3	1	21
4	6	22
1	3	23
0	2	22
0	3	20
4	7	25
0	8	91
0	5	91
1	6	91
4	8	29
3	6	23
3	5	22
6	11	31
3	6	23
0	5	26
2	5	22
8	12	36
8	10	33
4	11	26
6	10	27
5	10	25
5	9	24
4	10	23
3	8	23
4	9	24
4	8	26
3	7	23
4	7	24
5	8	23
1	7	89
3	6	23
4	6	22
4	6	22
3	7	22
2	5	23
2	7	23
1	8	22
0	7	91
6	11	27
3	5	22
4	13	31
9	13	32
6	9	24
2	8	26
5	8	30
2	4	22
2	5	23
5	9	24
5	6	24
3	6	22
4	9	23
5	8	24
3	8	23
5	12	28
8	13	31
6	10	27
5	5	24
0	8	90
2	6	23
5	8	25
1	5	21
2	6	20
2	6	25
7	10	30
3	5	22
0	5	91
7	8	32
1	3	20
1	8	22
4	10	26
7	11	32
5	8	27
6	9	26
6	9	26
10	10	33
10	12	32
4	6	24
4	6	23
1	7	20
4	10	25
1	12	90
5	6	23
7	11	29
7	11	30
2	6	23
3	6	27
4	8	22
0	9	90
4	6	23
0	10	91
2	9	90
7	11	30
0	4	21
5	9	24
1	5	21
3	7	23
3	9	23
0	7	90
1	6	27
4	7	23
5	8	23
3	8	23
3	7	24
4	7	24
6	8	25
4	9	25
5	10	23
1	4	21
5	8	26
5	8	25
5	9	28
4	7	26
6	7	25
4	9	26
3	9	22
2	7	24
4	6	22
4	4	25
2	6	22
4	10	24
0	10	89
0	10	90
3	7	23
6	7	26
6	6	24
0	4	21
4	8	22
8	11	34
5	8	25
5	6	30
4	7	24
4	9	30
4	8	22
5	7	24
10	9	32
2	6	22
0	12	90
6	12	30
0	6	90
3	6	22
4	6	22
4	5	23
6	10	30
3	5	21
1	6	20
3	4	22
2	6	20
5	7	24
3	5	22
4	12	91
1	8	91
8	11	28
3	7	23
4	8	22
2	3	20
2	4	21
0	4	22
2	7	21
2	6	22
9	13	35
3	8	23
3	8	24
3	9	25
4	11	26
3	4	22
2	6	23
3	5	22
3	7	23
4	10	24
4	9	30
1	5	21
9	9	25
3	7	21
2	7	20
2	4	22
1	6	22
5	5	22
1	4	20
7	8	27
3	8	22
5	11	30
5	8	23
3	9	23
3	9	24
3	6	23
3	5	22
3	7	25
3	6	23
3	6	22
2	8	21
2	7	21
3	7	24
4	7	24
2	4	20
4	7	22
5	12	30
1	5	26
2	4	21
2	9	90
0	5	90
3	7	22
2	6	20
3	7	21
10	12	31
7	13	33
3	6	21
3	8	21
4	7	22
1	4	21
4	5	23
3	5	25
1	7	20
3	7	20
1	8	20
2	6	21
3	5	21
2	7	22
1	4	20
2	5	21
3	9	25
2	3	22
4	7	23
7	13	31
7	11	28
6	11	27
4	11	25
3	9	22
5	8	24
4	9	30
3	5	25
1	5	21
3	4	22
8	9	26
3	7	23
0	9	91
0	8	89
2	5	20
1	7	21
4	8	24
3	8	25
5	11	32
4	5	23
3	6	23
3	3	22
10	13	35
8	15	38
10	11	30
6	12	31
9	11	34
8	12	30
8	12	29
7	10	27
7	11	28
6	10	27
7	8	25
3	5	22
3	12	91
3	6	24
2	6	22
3	8	25
3	6	23
3	10	23
0	3	22
1	6	22
2	9	23
5	8	24
3	6	22
3	6	20
7	11	26
1	3	21
4	8	31
6	8	26
9	9	29
4	9	23
2	7	23
3	8	25
4	7	24
5	10	31
4	9	25
5	10	31
5	9	30
4	8	26
5	9	30
3	8	27
3	8	25
4	8	26
4	6	23
0	9	89
0	7	90
1	3	23
1	4	21
6	9	30
2	3	23
4	8	23
4	8	23
3	5	20
5	6	24
8	9	31
4	6	26
3	6	22
4	7	25
2	4	21
2	6	23
3	8	23
2	4	25
1	4	23
1	4	23
2	5	21
3	6	21
2	7	22
3	5	22
1	15	91
3	9	23
2	4	21
5	9	24
6	12	27
6	10	25
7	12	30
0	-1	90
2	4	20
6	6	25
5	7	25
1	3	21
6	9	24
2	5	22
6	6	24
5	10	27
4	10	26
3	7	26
1	7	20
2	6	21
2	9	23
2	9	25
3	7	23
2	7	25
4	6	25
3	5	22
4	7	23
3	9	24
6	10	31
5	8	26
2	5	21
2	6	21
5	9	31
3	7	22
3	8	22
4	9	23
1	5	21
3	7	25
4	6	22
4	7	24
1	8	88
2	4	20
3	6	22
4	6	23
4	8	22
2	7	22
2	7	22
2	9	21
1	3	21
3	6	23
4	6	30
3	6	23
2	6	23
12	13	35
9	12	30
6	8	24
2	5	21
3	6	21
0	3	21
2	6	21
4	8	30
3	7	22
4	8	25
2	7	25
6	12	33
9	11	27
7	11	28
8	12	30
5	9	25
6	7	25
3	6	22
3	6	22
5	7	22
3	7	27
5	6	25
3	7	23
1	2	21
4	7	23
4	8	25
4	7	20
4	5	21
4	8	28
4	7	26
6	8	29
5	9	26
2	6	22
3	3	24
0	4	22
3	7	23
3	7	21
7	9	31
1	6	22
4	8	31
5	10	30
7	10	29
4	6	23
5	8	25
7	10	27
5	13	30
6	7	25
2	4	22
3	5	23
2	5	22
3	4	21
8	12	32
8	12	34
8	12	30
7	11	30
6	10	28
5	9	30
7	11	27
8	14	33
5	12	32
5	8	24
6	11	30
5	9	27
4	9	26
2	8	21
2	7	20
5	9	24
6	8	24
5	7	24
0	4	24
6	9	28
10	12	33
2	7	22
2	6	22
6	7	25
5	9	30
4	11	27
4	7	26
3	7	20
3	6	28
4	9	23
0	4	90
0	7	91
3	7	25
7	11	27
7	10	26
8	12	29
8	10	27
0	17	91
0	4	90
4	7	24
4	8	25
3	7	23
4	8	24
4	8	33
5	5	25
3	8	25
4	3	23
4	4	23
1	4	23
1	5	24
1	4	25
2	2	21
5	7	26
5	6	24
1	6	24
1	4	23
1	4	21
0	3	20
1	2	22
3	5	23
1	8	90
2	7	23
3	6	24
2	6	22
8	10	28
4	7	25
5	7	27
5	8	30
1	4	20
0	2	20
4	8	21
1	7	90
1	6	90
6	10	28
12	11	38
4	5	24
4	6	22
8	12	31
9	12	33
9	9	32
2	7	22
2	6	21
6	10	30
7	9	30
5	9	27
6	9	27
6	8	24
5	8	25
6	9	26
1	4	21
7	8	25
4	7	26
3	7	23
3	6	21
2	6	22
4	7	24
5	8	26
4	7	22
0	3	20
6	8	24
6	9	25
7	10	28
2	7	23
2	6	22
2	7	21
3	8	24
8	11	27
5	14	27
4	7	25
1	4	22
8	8	24
3	6	22
2	6	23
5	6	23
3	7	24
4	8	24
7	10	29
8	10	31
5	8	26
3	7	23
3	5	22
2	6	21
3	5	22
8	15	32
7	10	25
6	8	26
3	8	22
9	8	29
4	6	23
8	10	30
1	6	20
4	8	25
3	4	21
0	7	59
1	3	23
1	6	22
1	3	23
0	3	22
0	2	21
8	14	34
7	10	26
3	7	22
2	6	22
6	10	29
10	13	34
5	12	28
7	11	30
3	8	23
6	9	27
3	4	22
8	9	35
2	6	21
4	6	22
0	5	20
3	8	25
3	6	22
0	4	21
4	8	24
2	7	90
8	11	30
2	7	22
5	10	25
3	6	25
3	5	25
0	11	69
0	12	69
1	4	22
1	3	21
4	8	23
3	7	21
3	7	23
3	6	23
6	8	30
8	10	29
10	9	30
7	8	28
2	11	30
5	13	30
5	10	30
6	10	31
7	10	27
2	6	21
3	6	20
6	13	31
1	5	25
1	4	24
2	5	25
2	4	31
2	4	31
1	3	25
2	4	31
1	3	23
1	3	22
1	2	21
1	3	20
7	10	31
4	9	27
5	8	27
4	8	26
4	9	25
4	7	24
3	6	23
3	6	23
2	6	21
3	6	21
1	6	21
4	10	26
2	7	22
3	7	21
2	7	20
6	9	30
2	6	23
3	7	22
9	10	33
3	9	23
3	7	22
2	5	22
0	-1	90
0	-1	91
3	4	24
2	6	21
5	9	24
6	11	31
2	5	20
1	50	91
5	9	24
4	6	24
8	8	30
3	7	21
2	5	23
3	5	23
3	6	23
2	5	21
5	6	30
1	13	91
0	12	90
4	7	27
0	6	52
2	6	21
5	10	24
5	9	25
6	16	32
8	13	29
5	9	26
1	3	20
5	7	23
5	7	25
5	7	25
6	8	27
5	6	27
4	7	26
5	8	33
2	4	24
8	11	32
0	9	90
4	6	24
4	9	25
7	11	35
0	16	91
4	7	24
2	4	22
1	4	21
5	8	26
1	5	22
3	7	21
2	5	21
7	11	25
5	8	28
6	9	32
2	6	21
4	8	24
4	9	24
4	8	25
7	8	24
5	10	27
2	8	22
2	6	25
6	7	26
6	6	23
9	12	33
10	11	35
9	11	29
8	10	28
9	11	30
9	10	34
4	7	23
3	7	26
5	6	25
3	4	21
0	5	21
4	8	23
2	6	22
2	4	21
5	10	25
6	12	30
6	10	27
6	11	27
4	10	24
4	8	24
3	8	25
0	2	21
1	3	23
1	4	22
0	3	20
3	7	24
3	7	24
5	11	30
5	8	24
11	13	34
6	11	31
2	6	22
3	10	24
8	15	34
7	11	30
7	11	27
5	5	23
6	10	25
5	7	25
5	10	25
2	4	21
5	8	25
6	7	26
7	9	26
8	8	32
5	10	30
6	9	25
7	10	26
8	11	28
7	10	25
8	15	34
8	13	30
5	7	24
7	12	30
2	4	23
3	9	25
3	7	24
3	7	23
2	6	22
1	5	20
6	10	30
5	8	23
4	9	22
7	10	26
4	6	22
3	9	22
2	7	24
5	5	24
3	8	23
1	5	22
6	9	29
2	5	21
8	13	35
9	15	35
8	13	33
7	9	30
7	12	31
6	11	30
6	10	27
6	9	26
3	6	20
5	10	24
4	8	24
5	7	22
8	14	33
6	10	30
8	11	27
9	10	31
2	3	23
5	9	25
2	7	23
2	6	22
3	3	21
5	8	23
3	8	23
3	8	22
3	7	23
8	10	30
5	7	23
2	6	22
3	6	22
3	6	21
2	6	21
6	8	24
4	7	22
3	5	23
6	13	29
3	6	21
3	5	20
4	5	22
4	7	24
0	12	90
4	9	25
9	9	32
8	8	30
5	8	24
4	7	23
4	7	21
7	11	30
4	7	21
3	8	23
6	10	27
2	6	20
5	9	24
0	7	90
0	6	91
4	7	24
8	11	29
9	13	28
6	12	29
8	9	26
2	5	22
3	6	22
6	9	30
2	8	21
2	11	25
1	4	22
9	10	31
8	11	33
7	9	28
7	9	30
3	6	21
4	7	24
3	6	23
3	6	22
7	11	25
7	7	26
5	7	34
5	7	32
7	8	30
7	10	40
4	6	25
3	4	23
3	6	24
5	6	27
5	8	30
6	10	34
4	7	30
8	10	37
6	9	35
5	8	30
6	9	36
6	6	31
5	7	33
5	5	25
6	5	27
4	5	26
10	10	35
6	10	32
6	10	33
6	10	33
8	9	33
5	8	32
8	11	38
5	7	26
3	6	24
6	9	30
3	10	23
5	8	24
9	11	33
5	9	24
2	8	22
3	6	22
3	3	23
5	10	30
6	9	26
0	8	90
0	16	88
3	4	22
8	12	30
0	6	91
2	6	21
6	12	30
5	7	30
2	7	22
2	6	21
3	5	20
2	7	20
5	8	25
4	8	24
4	8	24
7	9	26
7	11	32
5	9	30
4	7	30
10	12	34
3	6	23
3	7	20
2	7	22
5	8	25
5	9	32
5	8	25
6	10	26
9	13	32
9	13	30
1	2	21
4	8	22
4	8	22
11	13	35
9	11	28
10	11	33
10	11	31
5	10	24
7	11	31
2	8	33
2	5	22
6	8	26
3	9	24
7	12	30
6	8	26
4	7	22
4	6	23
2	9	21
6	6	25
1	3	22
3	8	25
5	10	27
4	10	25
4	7	26
4	10	26
4	10	25
4	9	23
4	8	24
5	6	24
4	6	23
7	9	26
3	10	23
4	8	24
4	8	23
6	11	34
6	9	30
2	6	21
3	9	23
2	6	24
7	11	34
6	10	32
5	8	27
6	9	30
6	6	25
6	9	31
7	10	31
5	8	26
5	10	30
5	9	23
1	4	23
0	4	22
1	4	20
5	8	23
5	9	24
6	8	22
3	6	23
6	8	25
9	12	31
9	12	36
9	9	33
7	8	32
8	9	34
7	8	28
7	9	31
8	11	32
11	12	38
11	11	32
10	11	33
12	13	42
10	11	34
10	11	34
12	13	37
11	11	34
11	14	38
2	5	23
3	5	23
3	7	25
2	8	22
2	7	21
6	9	26
3	4	22
10	12	35
2	7	23
4	9	25
5	6	23
3	6	23
9	13	33
4	7	23
5	10	28
0	5	20
3	6	23
5	11	27
3	7	22
6	12	31
0	5	23
2	6	22
4	7	23
3	7	25
0	5	91
2	7	21
5	11	26
5	10	25
4	7	23
4	8	21
6	10	30
6	10	28
2	6	22
10	10	33
3	7	24
1	4	22
3	7	23
8	9	29
1	8	22
3	5	23
2	6	21
11	10	28
6	7	24
6	8	26
6	8	26
6	8	25
7	11	27
6	9	26
5	7	23
8	12	33
3	4	22
5	6	23
4	7	23
4	8	23
4	8	24
2	12	25
3	6	25
4	6	24
6	8	31
5	8	31
5	8	30
5	7	24
3	4	21
7	13	36
4	9	25
4	4	24
1	3	21
6	17	37
6	10	30
4	9	27
3	8	25
4	7	24
3	8	22
4	8	22
2	8	24
3	6	23
1	2	25
3	5	22
4	8	27
4	7	23
2	8	23
3	6	23
3	8	24
3	7	23
3	7	23
4	8	22
4	8	25
4	7	24
8	10	26
2	7	20
6	10	26
6	8	30
5	11	25
6	9	26
3	4	23
5	12	28
3	6	23
2	4	22
10	25	65
9	11	31
2	6	22
3	7	22
6	9	26
4	4	22
7	10	29
4	11	24
4	8	25
4	7	23
7	8	26
4	8	23
1	7	20
3	6	21
6	7	33
4	5	25
4	8	25
5	7	30
5	7	26
6	7	31
4	7	27
3	8	22
2	5	23
5	6	22
2	5	21
4	7	21
0	10	91
0	10	91
10	13	35
6	7	24
7	9	32
3	8	23
4	8	25
3	8	23
2	6	21
4	9	23
4	10	24
10	15	32
0	11	91
0	11	91
4	6	23
2	6	23
4	8	24
4	8	24
5	7	25
4	8	24
1	6	90
2	2	91
5	6	24
5	13	31
3	9	22
0	2	20
0	1	21
7	9	26
2	7	21
2	7	21
5	8	25
10	12	36
3	5	25
7	15	32
7	14	33
8	14	30
9	14	30
4	10	31
2	8	24
3	8	21
6	10	30
10	12	36
8	12	31
3	6	23
4	4	22
1	4	23
7	10	33
10	12	33
4	7	25
5	9	30
7	9	33
4	9	30
7	8	26
5	12	28
2	6	20
4	7	25
8	8	29
7	9	27
1	5	21
5	7	25
2	2	24
5	8	26
7	10	34
0	-1	90
3	6	24
4	7	25
4	7	25
5	7	26
3	8	26
3	5	24
4	6	26
5	6	22
4	5	23
5	6	24
2	3	21
4	5	23
4	7	24
4	5	23
5	10	28
3	9	26
1	6	22
7	8	31
2	7	23
4	9	26
5	11	30
6	8	29
1	4	21
3	8	24
4	6	23
3	8	22
7	10	30
2	4	20
7	12	30
3	8	24
7	10	33
4	5	23
4	9	22
8	9	26
3	5	24
3	8	25
3	7	23
5	8	25
5	8	24
1	8	91
5	9	25
5	11	30
4	8	23
6	10	24
3	8	23
3	8	25
9	16	33
4	8	25
5	9	25
2	6	22
5	7	25
1	4	22
0	4	21
9	10	27
3	6	26
0	6	22
4	7	22
3	6	21
6	8	25
5	7	23
3	8	26
4	7	24
3	6	23
3	6	21
10	12	35
8	9	29
5	11	30
2	5	23
8	10	26
6	8	26
5	9	23
3	8	25
2	6	23
2	6	22
4	7	24
3	7	25
4	7	29
3	8	30
3	7	25
1	7	23
6	7	24
3	5	30
2	4	22
1	5	20
4	10	26
4	6	23
4	6	24
4	8	25
5	8	31
3	9	24
3	4	23
4	7	23
7	11	27
6	9	29
5	8	26
7	11	30
6	8	26
5	8	25
4	9	26
5	10	26
5	9	25
5	10	27
4	10	24
2	12	25
5	9	24
3	11	26
3	8	23
1	2	22
8	12	34
8	11	27
3	5	21
3	9	25
2	6	21
3	6	21
3	7	22
4	8	22
7	10	33
4	8	22
2	8	21
2	8	22
4	8	23
3	5	22
3	8	23
3	7	22
3	9	22
4	7	22
0	12	91
2	5	21
6	7	24
2	4	22
5	9	25
2	4	21
4	6	21
3	6	23
8	11	30
5	5	25
6	8	26
6	8	31
2	5	21
3	6	25
3	7	21
4	9	25
8	12	36
5	11	26
5	8	26
3	7	23
1	5	24
7	9	26
7	9	31
2	4	21
3	5	22
8	8	26
4	8	25
1	4	75
2	7	22
6	11	30
1	5	24
3	5	21
3	8	23
11	13	34
8	12	31
1	6	21
4	7	24
3	9	23
5	8	24
3	10	25
2	8	20
5	7	27
3	7	23
4	12	27
9	12	35
11	11	36
10	12	32
9	13	34
1	4	21
5	8	30
4	9	26
3	9	31
8	11	31
7	13	31
5	11	33
4	11	32
4	8	30
6	8	26
5	8	28
4	6	25
2	4	21
4	5	22
7	11	27
6	7	26
6	6	26
2	6	22
3	6	24
2	5	22
2	4	23
4	25	91
7	14	30
3	5	23
3	5	22
0	2	24
4	7	25
5	12	30
6	9	23
6	12	30
7	8	26
5	4	24
3	5	21
5	8	23
2	4	21
2	7	22
5	8	25
7	11	31
8	10	30
10	12	32
7	10	25
3	5	22
1	4	23
4	9	23
4	7	21
3	9	23
0	3	21
5	7	22
2	7	21
3	7	21
7	14	37
9	13	38
1	3	20
3	5	21
4	7	21
4	10	25
5	13	31
3	8	21
3	4	21
3	7	22
4	8	25
1	7	24
4	8	24
3	7	24
2	9	31
4	9	23
1	10	22
3	5	21
1	7	21
2	5	22
6	13	31
2	5	20
5	11	25
4	6	21
4	8	22
3	8	21
3	7	25
11	14	35
8	13	33
7	11	32
7	13	31
7	10	28
6	11	30
6	10	30
6	9	27
3	7	25
3	5	22
6	9	26
5	7	24
7	8	26
3	8	23
1	7	22
2	6	22
0	2	21
5	8	24
6	10	26
3	4	22
6	10	26
2	7	20
3	8	21
1	4	20
1	4	22
2	5	20
6	8	28
6	10	26
6	10	26
6	9	25
5	8	22
2	6	21
7	9	25
4	12	31
2	7	20
8	10	33
5	12	26
1	8	20
4	8	24
2	5	20
3	7	25
3	4	22
5	11	26
4	13	29
7	13	30
6	14	33
5	12	28
4	11	29
5	10	30
3	8	24
4	7	23
2	6	22
0	10	91
0	10	91
3	6	22
6	9	25
5	8	23
6	11	30
8	11	30
5	10	30
4	6	24
6	9	23
8	11	33
8	11	33
10	11	33
4	10	30
8	11	30
3	6	21
5	8	26
6	9	23
2	6	22
0	7	91
1	7	87
5	7	31
7	10	27
2	5	22
4	5	25
4	9	31
5	12	30
0	12	91
1	3	89
2	7	22
3	6	21
9	8	30
7	10	24
3	6	23
2	6	21
0	10	91
1	5	20
5	7	25
5	9	25
6	10	27
8	11	27
2	6	23
4	6	24
0	3	21
3	6	23
5	7	22
3	6	22
6	10	32
2	9	22
7	11	31
6	10	29
6	7	26
6	14	30
2	6	22
1	5	21
6	9	25
5	10	27
9	10	32
7	11	31
4	11	32
4	10	29
9	15	34
2	7	21
4	7	22
2	6	20
10	13	34
12	14	35
0	11	91
1	9	90
2	8	22
5	8	24
3	6	20
3	7	20
4	10	27
3	7	21
3	9	29
3	8	25
7	13	30
6	11	25
1	4	20
2	7	22
1	7	21
3	9	24
3	11	31
1	4	23
2	7	20
1	2	21
14	23	80
6	8	21
5	11	32
7	11	31
6	13	31
7	15	32
6	14	30
5	10	26
7	9	25
2	6	21
3	6	21
7	10	30
9	12	34
3	7	23
0	14	90
5	6	23
3	7	23
3	7	24
2	6	22
2	7	21
3	7	25
3	6	24
4	7	24
4	7	23
4	8	26
0	12	90
7	10	26
0	10	90
0	9	91
7	8	28
2	6	21
3	4	23
5	5	23
3	9	22
5	9	32
5	7	24
4	9	24
2	5	23
2	4	22
6	11	27
6	8	26
4	7	25
2	7	21
7	8	26
3	8	23
3	7	20
3	9	25
4	8	24
1	5	21
4	5	23
5	9	30
4	10	30
3	6	24
7	9	25
5	7	25
5	6	23
5	7	23
4	8	26
4	6	30
0	9	90
0	15	91
6	7	30
4	7	31
4	6	25
7	9	32
3	6	24
1	3	23
2	5	22
2	5	20
7	7	28
5	9	25
4	9	23
5	7	32
2	5	22
2	6	21
3	6	22
3	9	24
8	12	29
2	3	20
4	8	26
8	14	30
1	8	91
3	7	23
5	7	24
6	12	30
3	8	26
5	8	25
4	13	29
3	9	23
3	7	22
5	7	25
6	9	27
1	2	22
2	5	20
5	6	30
2	3	22
7	10	27
4	9	24
4	7	24
4	9	25
9	14	31
6	7	24
1	6	21
1	4	22
2	4	22
3	4	23
5	8	28
6	8	24
3	6	23
4	9	27
11	11	33
3	4	22
1	4	21
3	6	30
3	5	21
1	5	21
2	4	21
2	9	25
1	6	22
6	10	28
1	5	20
0	6	89
0	6	90
6	11	26
7	12	31
6	13	31
2	5	51
4	11	91
3	6	21
3	6	23
6	8	25
2	6	23
7	11	31
4	10	24
7	9	31
6	7	26
0	7	91
6	7	24
3	7	24
7	10	32
2	5	20
2	7	23
2	4	20
3	5	23
8	12	31
8	10	33
7	9	32
3	5	21
5	6	28
3	7	21
2	7	23
5	7	24
4	8	25
1	8	91
4	6	23
0	11	90
8	10	31
7	15	31
3	6	23
2	4	22
3	13	30
8	11	28
3	7	25
3	7	22
3	8	22
4	7	22
3	7	22
6	10	31
6	9	25
3	8	20
4	10	27
5	9	30
1	17	90
0	9	91
6	9	24
0	9	91
4	9	25
4	9	26
3	12	31
6	10	31
5	9	30
9	12	32
4	9	25
4	8	24
4	8	23
3	5	22
2	4	23
7	10	31
4	8	24
5	6	26
3	6	25
9	11	33
8	13	36
6	7	26
7	11	34
7	12	31
8	12	29
12	15	39
10	13	30
2	3	22
4	6	23
7	9	30
6	10	26
7	9	30
5	7	24
3	8	20
5	9	25
7	11	30
0	13	91
10	15	33
8	11	31
7	9	26
4	4	24
1	2	22
3	4	23
5	9	28
4	7	26
6	9	31
4	9	25
4	7	25
5	7	24
3	7	23
4	7	22
2	6	22
9	10	27
2	6	31
1	5	22
1	5	21
11	12	30
8	10	29
8	10	27
9	13	35
5	8	30
8	9	29
7	8	28
5	10	30
2	4	21
7	8	24
1	-1	89
0	22	90
1	6	23
1	5	21
2	5	22
3	6	21
1	5	21
5	6	30
5	9	26
3	7	27
3	5	23
4	7	25
3	7	26
4	7	27
4	8	26
2	10	25
3	5	24
3	6	25
7	12	32
9	12	38
3	25	90
4	9	26
7	9	25
4	6	22
3	5	20
3	9	24
3	6	21
9	11	32
8	11	31
2	8	21
9	13	31
3	7	25
7	11	31
5	7	24
2	6	21
5	8	21
3	10	25
3	7	21
5	10	31
2	6	22
5	10	31
6	9	26
6	14	30
3	8	23
3	7	21
5	8	26
2	8	23
1	3	20
4	8	25
2	7	22
6	9	25
2	6	22
3	8	22
4	7	22
2	4	22
4	6	23
3	6	22
5	8	24
3	6	22
2	2	25
6	12	30
4	10	25
4	4	21
6	11	29
5	7	25
7	10	26
6	7	30
9	7	33
7	10	31
1	3	22
2	5	21
3	6	21
4	7	23
7	13	32
8	13	30
9	12	31
7	12	31
7	13	29
7	10	27
0	7	89
7	10	32
1	6	20
3	8	27
4	8	25
4	8	23
5	8	24
5	7	24
3	10	24
3	10	24
6	7	24
6	7	30
2	6	24
3	5	30
2	4	30
0	2	22
7	9	28
6	8	26
5	11	31
3	9	28
8	11	35
6	8	28
4	6	27
0	8	90
0	7	90
3	6	22
1	4	21
0	3	21
4	6	25
1	8	91
2	8	24
4	4	21
3	6	21
4	8	27
4	5	22
5	6	30
4	6	23
5	10	27
4	6	22
7	11	25
6	10	30
3	9	26
6	8	30
3	6	22
8	15	35
5	13	31
7	9	27
6	11	27
7	9	25
4	9	27
6	10	31
6	9	32
3	6	22
2	7	23
2	5	24
4	11	30
0	18	90
0	9	91
3	7	23
3	8	21
2	7	21
4	7	23
3	7	24
8	12	30
6	9	25
7	9	32
4	7	22
2	5	23
9	14	30
7	7	26
5	7	25
5	7	23
3	9	26
4	9	27
3	8	25
3	8	23
4	10	25
3	4	22
4	5	22
3	7	23
9	13	32
7	12	27
3	8	23
8	10	29
10	11	32
9	10	32
7	10	26
7	9	30
2	7	22
2	4	22
2	2	21
10	10	32
3	6	24
5	7	25
7	7	27
6	11	32
4	10	32
2	6	21
2	6	24
3	6	22
8	11	27
8	13	30
9	13	30
3	7	23
3	7	23
7	9	27
2	4	23
0	2	21
7	12	30
7	13	28
3	6	22
5	8	26
7	7	34
2	6	23
5	9	31
3	6	22
4	6	22
6	9	24
5	11	30
4	12	30
3	9	24
3	7	23
3	7	23
0	2	20
1	5	21
5	8	22
2	5	22
5	9	29
5	8	23
7	8	29
3	8	25
2	6	22
2	8	22
6	11	30
0	3	22
5	7	26
8	10	27
0	5	20
7	8	28
8	10	25
8	6	33
2	5	20
3	7	24
4	8	23
7	12	33
7	9	30
3	8	22
5	10	25
7	11	28
6	9	25
3	8	23
3	7	22
2	6	21
1	4	22
5	11	25
4	11	26
4	9	24
7	13	30
6	12	30
1	8	21
5	9	24
4	8	26
6	9	28
4	7	23
2	6	23
4	6	23
3	7	23
2	6	22
2	6	20
4	10	30
5	9	29
5	10	25
4	7	24
4	8	24
5	35	90
12	29	90
6	7	24
9	9	32
9	10	32
8	11	31
8	8	30
9	8	28
8	8	27
10	11	32
3	5	22
2	5	21
4	8	25
4	7	25
3	6	23
6	10	27
5	10	25
6	13	30
4	7	28
7	11	31
5	10	25
5	9	24
2	5	21
6	5	23
6	24	82
3	5	22
8	11	30
6	11	26
5	10	25
6	8	25
4	8	26
5	11	30
6	12	30
5	12	30
2	7	24
1	6	23
3	6	23
2	6	23
5	7	23
6	8	25
12	12	35
4	9	28
4	9	27
5	9	29
5	10	30
4	9	28
4	11	29
5	9	27
4	10	30
5	9	25
5	11	30
4	8	23
4	8	22
3	7	21
3	6	24
2	6	20
7	13	31
6	7	25
9	11	34
8	9	34
5	12	30
6	8	27
8	11	32
7	11	31
6	8	26
6	7	25
4	7	25
6	7	25
4	6	24
2	8	23
3	7	23
4	9	24
3	6	22
3	8	23
3	7	23
0	11	91
0	10	90
6	8	26
5	8	25
5	11	32
2	7	22
7	10	27
3	8	23
4	8	25
3	7	23
7	12	31
8	12	29
3	10	23
0	23	91
4	8	22
3	4	22
4	7	23
2	6	20
5	11	28
1	5	23
5	5	24
4	8	23
2	5	22
1	7	22
3	6	21
5	9	26
5	10	25
4	9	24
4	8	22
4	8	25
5	6	23
4	6	22
4	7	23
5	8	25
4	9	25
6	9	26
6	10	30
2	6	22
3	8	21
6	9	26
5	6	22
10	12	32
8	10	29
8	10	31
5	14	26
4	6	24
5	5	25
5	5	25
4	6	24
9	11	32
6	10	27
7	12	36
7	9	28
6	9	26
4	8	25
3	8	23
5	8	23
7	12	30
5	10	30
4	6	23
5	9	26
1	7	21
2	6	22
3	6	23
3	8	26
2	5	23
4	9	23
5	9	27
6	10	26
3	5	24
2	3	23
5	8	30
1	4	21
3	8	22
1	3	21
1	3	22
0	3	21
0	2	21
3	6	23
3	6	22
7	11	30
6	10	26
3	8	20
5	9	25
3	7	24
4	7	23
4	8	24
0	3	24
3	8	24
4	8	23
7	12	31
1	4	23
1	4	23
1	3	22
0	2	21
2	5	25
7	12	32
7	12	31
4	7	22
1	2	25
8	15	33
7	14	33
6	11	29
6	13	31
6	10	30
6	10	28
5	11	30
5	8	23
4	4	24
4	11	30
5	8	26
6	11	30
4	7	24
8	10	30
5	10	25
3	9	25
4	6	25
1	11	91
8	7	32
7	8	26
5	7	25
3	8	23
3	8	23
4	7	24
3	7	21
2	6	20
5	11	30
3	6	22
10	12	38
4	8	27
4	3	24
2	7	23
0	2	20
4	7	21
2	6	21
4	7	23
1	2	22
2	6	21
4	10	26
1	4	20
3	6	23
3	6	23
6	11	26
3	7	22
2	5	20
7	10	26
5	8	23
4	6	25
1	6	21
3	6	23
2	5	24
7	11	33
5	7	25
7	12	34
4	6	25
2	7	21
3	7	22
5	7	23
7	7	24
4	26	88
2	6	21
5	9	24
6	10	26
4	10	30
9	11	31
5	8	25
2	8	25
3	6	23
3	6	22
4	7	24
5	8	26
3	8	23
3	6	22
4	9	23
3	8	24
4	7	24
2	7	22
2	6	22
4	9	31
4	9	27
7	12	28
1	3	22
1	4	21
1	5	22
2	5	22
2	7	21
3	4	21
3	5	22
4	8	23
6	7	25
5	9	23
8	9	27
3	3	22
10	12	35
2	7	22
2	9	24
3	10	26
3	8	23
3	7	24
2	9	23
10	12	29
5	6	25
6	7	24
3	7	23
8	10	28
3	9	24
4	9	25
5	9	30
3	6	25
1	7	24
6	8	30
2	26	90
1	5	20
7	9	29
5	9	26
4	8	24
4	9	23
0	10	90
0	6	90
9	9	35
9	10	36
10	11	34
5	10	24
5	6	25
3	5	24
3	11	23
10	11	35
2	7	23
0	2	36
0	7	90
0	13	91
4	6	22
4	8	24
2	6	21
6	10	28
6	10	28
3	8	21
6	7	25
8	8	30
7	8	28
8	9	30
4	7	21
2	5	21
6	11	28
7	14	34
7	12	31
7	13	29
8	11	28
5	12	30
8	9	26
2	6	22
3	8	22
3	6	30
8	12	27
3	8	22
1	6	20
6	7	29
8	8	26
1	9	22
0	4	20
7	10	28
2	7	20
2	5	24
2	6	23
3	5	23
5	8	25
2	9	23
4	7	24
8	11	32
9	13	36
6	10	30
6	9	29
5	9	27
7	12	34
9	13	36
5	7	24
3	6	23
2	6	22
4	8	24
3	7	24
4	8	24
4	9	23
3	6	22
3	7	24
3	6	24
2	5	21
5	7	25
7	11	28
7	9	32
4	6	22
0	6	90
0	7	91
6	8	25
5	5	23
4	11	26
1	5	21
10	12	32
7	11	30
7	9	28
4	6	20
4	7	23
4	9	23
3	5	21
2	5	22
2	4	22
2	5	22
4	7	25
0	3	22
4	7	25
1	5	20
4	7	24
1	5	21
3	9	22
4	9	23
3	9	22
3	8	21
0	3	21
0	3	21
4	10	30
4	8	30
1	5	21
0	1	21
3	5	21
9	10	30
7	8	24
7	7	25
8	8	26
4	8	25
7	8	30
6	10	26
5	9	23
3	5	23
5	7	24
5	5	23
5	8	30
4	6	26
4	7	25
2	6	22
1	5	25
1	4	22
1	5	23
4	8	25
8	13	31
12	16	38
4	6	21
4	9	24
3	3	22
3	7	24
3	7	27
9	13	37
3	6	23
3	7	23
3	5	24
7	8	26
2	5	21
2	5	20
0	-1	91
0	9	90
3	7	22
2	3	26
1	3	22
3	7	21
6	9	26
7	10	25
3	5	22
4	5	25
1	4	24
6	7	31
6	10	26
4	10	25
0	2	22
6	11	24
5	6	25
4	10	25
4	12	28
11	12	31
2	9	27
7	9	25
1	6	22
4	10	29
5	8	27
2	3	20
0	4	21
2	4	24
5	8	23
1	6	21
1	7	26
3	8	25
2	6	21
3	7	22
3	6	23
3	6	24
2	6	23
3	6	23
0	14	91
1	4	22
5	7	26
6	7	24
5	11	27
3	5	23
2	5	22
3	5	22
5	8	30
5	9	25
2	3	20
6	7	24
5	6	23
3	6	24
3	4	21
3	7	21
3	6	22
3	8	24
1	4	21
4	7	23
8	12	28
12	13	33
9	12	30
4	8	27
2	7	24
3	6	23
2	6	22
5	7	24
5	10	25
4	10	24
4	12	30
3	8	23
3	8	23
4	8	24
3	7	21
2	7	22
6	9	28
4	9	27
4	9	26
4	8	25
4	7	24
4	9	26
6	9	28
5	9	25
5	10	26
3	6	25
6	8	23
2	3	21
8	9	33
8	9	32
10	10	32
8	9	30
10	9	29
8	10	31
7	13	30
7	9	28
8	12	33
3	8	22
9	13	31
9	11	29
7	11	28
5	7	26
4	7	25
4	7	24
3	8	23
3	6	21
6	7	26
2	4	22
2	6	21
8	10	27
6	9	26
2	2	21
7	8	31
1	37	91
3	6	22
4	7	26
8	10	26
1	3	21
8	10	30
4	8	21
7	11	30
6	12	28
2	5	22
3	6	25
2	4	22
5	12	25
7	10	32
6	12	32
3	8	24
2	6	21
7	9	26
3	7	22
4	8	24
7	11	27
2	7	21
6	8	24
6	9	27
7	8	25
4	8	30
4	9	26
4	7	22
5	9	32
6	13	32
5	10	30
6	13	35
3	9	25
3	7	23
2	6	22
2	8	22
2	7	22
6	13	26
7	11	24
5	10	27
4	9	25
4	8	26
3	7	23
3	7	23
2	6	22
3	6	21
4	4	23
2	7	23
0	4	21
1	4	23
4	6	24
0	15	91
0	13	91
5	9	30
3	6	23
8	10	31
6	11	27
2	7	22
5	12	30
5	7	23
8	12	31
3	7	22
4	6	23
3	5	20
3	8	23
9	8	29
3	6	24
4	9	30
4	10	25
3	7	25
5	12	30
4	5	23
6	7	26
3	6	25
2	5	23
4	6	21
9	13	36
4	9	24
1	6	20
8	10	33
5	6	30
8	9	30
7	11	33
6	13	28
8	12	32
6	11	26
3	7	23
2	7	24
2	8	23
5	8	25
4	7	27
4	7	26
3	6	24
3	7	25
5	9	25
5	8	26
7	9	27
3	9	22
6	8	28
7	11	26
3	5	21
3	8	24
5	8	25
1	5	22
3	8	25
5	9	22
3	7	30
2	8	24
1	8	22
1	3	23
2	5	22
2	4	20
3	8	23
4	9	23
4	10	24
4	11	23
2	7	23
4	6	21
2	5	21
6	9	29
8	14	33
5	10	32
3	5	23
3	5	23
3	10	27
9	10	29
4	6	23
2	5	22
6	8	25
1	8	21
4	10	25
9	13	33
3	8	29
5	8	27
4	6	24
7	11	26
3	7	21
2	6	22
4	6	23
4	6	24
4	8	23
2	7	22
2	4	20
5	9	26
2	5	22
0	3	21
3	7	22
3	7	22
4	7	22
2	4	22
2	8	20
2	7	21
3	9	24
3	6	22
2	6	22
8	9	25
3	10	25
4	8	32
4	6	21
0	2	20
5	7	22
3	5	23
4	8	25
1	4	22
6	8	24
4	7	23
5	8	22
6	6	26
6	8	24
3	5	23
3	5	20
6	10	30
6	8	25
6	8	26
6	7	24
5	7	23
8	9	29
5	12	31
4	7	26
6	9	31
5	8	26
5	8	25
5	9	29
5	11	28
7	9	26
4	7	22
5	8	30
7	7	30
2	7	22
9	9	31
6	9	30
2	5	21
3	7	23
3	7	24
4	6	22
4	10	24
1	6	22
2	7	22
3	6	23
1	5	20
9	10	36
5	6	24
10	11	30
2	6	22
2	6	22
1	9	22
3	8	21
6	13	30
6	7	27
0	3	21
0	3	21
1	6	91
2	11	91
2	8	23
2	3	21
4	6	25
2	3	22
1	1	24
6	7	23
4	6	25
12	11	37
2	6	23
7	10	29
6	10	27
6	11	28
7	10	27
6	9	26
2	6	21
3	7	23
1	2	21
0	15	91
0	10	91
0	6	90
0	9	91
2	6	23
4	6	22
1	7	23
3	9	23
9	11	26
3	4	22
3	4	21
4	9	23
9	10	31
3	6	22
2	8	23
3	5	22
3	6	21
3	4	20
3	8	24
3	9	26
0	6	22
4	8	24
2	6	21
4	7	25
2	6	22
3	5	21
5	6	22
9	12	32
7	8	25
7	8	25
6	10	30
9	13	31
5	8	24
8	10	30
6	7	24
0	8	91
0	8	87
2	5	25
3	6	22
4	5	22
2	5	20
4	7	22
4	6	21
2	7	22
0	5	91
0	12	91
2	5	22
2	6	23
0	12	88
6	7	31
7	8	26
3	6	20
6	8	29
2	4	22
1	2	22
6	7	25
0	6	90
6	9	26
2	5	23
0	7	90
0	16	91
0	6	22
0	4	20
1	14	90
0	8	91
3	6	22
2	7	20
6	4	24
0	3	21
3	6	22
3	6	23
2	5	22
3	6	22
2	6	20
3	6	24
2	5	24
5	11	30
4	9	24
5	12	30
0	4	21
4	7	30
6	8	24
3	7	24
6	12	31
7	10	30
6	11	35
3	6	24
1	8	22
7	8	28
4	10	25
2	7	21
5	12	30
2	9	23
2	8	22
3	7	21
3	6	20
3	8	23
7	10	29
7	11	28
2	6	23
6	8	30
5	8	27
7	7	30
8	7	32
7	6	28
7	5	28
7	6	32
5	6	28
6	5	26
6	7	31
7	6	30
4	7	20
6	8	30
5	9	30
8	10	29
7	11	27
2	8	24
3	7	22
3	8	23
4	8	22
3	5	21
2	6	23
3	8	25
5	7	25
3	6	22
4	8	25
5	9	25
9	11	31
5	9	25
4	8	24
6	10	29
7	9	29
7	8	30
4	8	23
10	13	33
9	12	33
9	13	33
0	16	90
0	9	90
4	7	25
6	8	32
7	6	30
8	9	33
8	8	31
5	9	30
3	5	22
8	-1	40
3	6	21
0	8	89
0	7	90
3	7	25
2	5	22
4	7	25
6	7	31
10	12	31
4	6	25
3	6	20
3	5	23
4	6	22
3	5	21
2	5	22
2	5	20
3	6	21
2	5	22
3	7	24
6	8	25
6	9	25
9	13	37
8	13	33
4	10	24
2	6	22
5	8	24
6	7	24
5	6	25
6	10	29
4	6	23
3	5	21
5	9	25
0	3	20
1	6	21
4	10	23
3	7	25
0	13	91
5	6	25
4	7	22
2	4	20
1	5	20
1	5	90
2	5	20
5	7	24
6	9	26
3	7	22
2	6	21
0	4	21
0	2	22
0	4	21
4	6	27
4	5	25
4	8	27
2	5	22
5	7	30
3	6	23
3	5	24
3	5	23
3	6	22
4	9	30
6	14	37
4	8	26
5	6	23
2	7	25
3	4	21
6	10	30
1	4	23
4	8	26
4	6	25
3	6	24
5	6	25
4	6	24
4	6	22
3	6	21
5	7	25
0	8	91
6	13	32
8	11	29
7	12	33
10	11	35
0	7	66
6	10	26
9	8	31
5	11	26
2	7	22
3	5	22
3	7	23
5	6	23
3	6	20
3	6	23
3	4	21
2	5	22
5	7	23
5	7	25
8	12	35
3	6	23
0	5	21
4	6	23
5	9	26
6	11	28
4	7	24
6	6	24
7	10	30
0	9	90
7	6	23
2	4	23
2	8	22
5	10	24
7	8	27
6	7	22
4	8	24
0	7	90
0	10	91
2	4	21
4	6	30
4	7	26
6	8	30
3	6	23
4	8	25
1	6	21
3	7	22
3	5	25
2	5	21
6	9	26
1	5	21
1	4	20
5	7	21
4	8	27
4	6	26
3	9	24
2	7	22
7	10	30
3	7	23
1	5	22
3	8	23
2	8	23
2	7	22
1	9	21
8	10	34
7	10	32
3	8	22
5	7	30
5	8	24
3	7	24
3	8	25
4	7	25
6	9	28
6	13	34
0	5	20
2	4	21
3	4	23
4	9	24
4	7	23
3	7	23
3	5	23
3	4	22
4	9	31
4	9	30
3	8	32
4	7	25
6	12	27
0	6	91
0	12	89
5	8	24
10	12	34
4	9	30
4	7	23
3	5	22
3	8	25
3	6	22
2	8	23
2	7	23
2	5	21
2	7	22
2	6	22
10	9	35
2	7	22
4	11	24
8	12	34
3	9	26
6	7	25
1	3	21
3	6	21
2	6	22
7	9	27
5	9	31
9	14	36
10	12	34
10	14	33
8	11	29
2	7	22
3	7	23
5	9	26
7	9	26
3	4	22
8	11	30
4	6	25
3	3	24
3	6	23
0	5	21
3	6	21
2	7	22
3	6	22
4	8	31
5	9	30
3	5	23
7	9	24
3	8	22
3	9	23
7	11	26
6	9	30
7	9	28
4	9	24
5	5	28
3	9	23
2	8	22
3	10	24
3	9	26
2	7	21
4	8	23
3	11	23
3	10	24
2	7	22
4	8	25
1	9	23
4	8	25
7	9	33
8	10	28
5	11	28
10	13	36
4	8	24
11	11	36
2	7	21
6	12	31
1	4	24
4	12	84
6	12	26
3	5	22
3	7	21
0	3	21
3	5	22
0	3	21
2	5	21
3	8	25
6	7	24
3	8	22
1	5	22
4	8	22
2	5	21
4	9	24
3	6	22
4	7	23
2	6	24
6	9	29
4	5	23
1	4	23
5	6	26
4	6	24
1	3	22
0	4	23
0	2	23
3	6	26
5	5	25
4	9	33
4	8	28
4	9	30
2	5	21
0	1	21
0	8	91
1	6	90
0	8	91
2	4	22
2	5	22
6	9	27
4	9	26
5	6	24
2	12	90
4	6	23
2	3	21
8	9	69
2	4	22
0	15	90
8	7	33
2	7	21
2	4	20
1	8	22
4	8	24
2	5	20
3	10	23
4	6	23
2	4	21
3	6	21
2	5	20
6	6	24
3	4	21
6	12	32
4	12	31
7	13	35
6	12	32
5	12	27
6	11	31
5	9	26
6	13	31
0	11	91
0	12	91
8	13	31
1	6	20
4	7	24
19	19	60
0	15	91
0	12	90
8	11	31
4	7	24
2	6	20
3	6	23
2	5	22
3	5	25
3	6	24
3	5	24
4	5	24
5	6	26
5	6	24
5	6	28
4	5	23
5	5	26
6	9	30
8	8	26
6	8	26
2	7	25
3	5	23
0	4	22
0	1	20
0	1	22
1	1	20
2	6	26
1	3	22
1	3	25
3	5	23
1	4	21
1	5	20
3	4	22
9	8	36
4	9	24
5	6	32
5	6	26
7	9	31
1	3	20
0	2	20
0	2	21
3	5	21
7	11	27
7	12	31
3	6	22
6	11	31
4	5	22
2	3	21
0	3	22
4	9	30
1	15	91
9	10	27
9	10	27
4	4	23
3	7	22
5	8	22
5	7	32
3	5	25
1	5	90
4	7	24
5	7	25
2	3	22
7	11	35
0	6	21
4	8	25
8	7	33
7	7	28
0	9	90
0	11	90
7	8	31
0	12	91
2	4	22
2	7	24
3	3	23
1	3	21
8	7	31
8	6	28
7	6	30
8	6	28
6	6	27
6	6	26
8	8	32
2	15	91
4	6	24
1	3	21
2	5	23
3	4	21
3	5	23
4	10	30
4	6	22
3	5	24
8	11	28
1	7	21
4	5	23
6	15	31
5	13	27
1	6	23
0	6	22
3	8	22
4	10	26
3	5	22
3	6	21
2	5	22
7	8	28
6	8	24
5	9	25
4	8	22
4	9	25
6	10	25
4	9	23
3	6	23
3	7	22
6	9	26
4	6	22
5	6	28
1	5	21
2	7	21
10	12	32
8	10	26
0	6	91
0	8	91
0	5	26
1	4	25
0	-1	90
7	11	30
3	9	26
5	9	24
5	9	25
2	6	23
7	7	26
10	12	33
6	9	27
3	4	24
1	7	90
3	4	22
0	2	26
6	11	32
4	11	34
2	4	21
0	11	46
0	15	89
3	8	24
6	9	27
2	4	21
1	6	88
0	8	91
0	10	90
3	7	22
6	6	24
8	8	27
1	5	22
3	6	23
0	2	23
0	13	91
0	11	90
0	12	90
5	7	25
7	12	32
6	10	28
7	10	29
3	4	23
4	5	22
0	19	90
3	5	21
6	11	32
2	6	23
2	4	20
2	6	20
2	3	22
4	4	22
2	7	23
5	9	31
3	9	24
4	6	24
4	6	24
4	8	26
0	7	91
0	5	21
8	12	32
9	9	30
0	7	91
0	8	91
0	5	21
1	4	22
4	11	26
1	6	22
3	5	21
3	6	20
0	18	91
0	5	90
5	9	30
4	5	25
4	4	30
4	8	23
5	7	23
1	3	20
0	22	91
1	12	81
2	8	23
3	8	22
1	4	21
2	6	22
0	12	91
0	14	90
4	7	25
2	9	90
5	9	30
2	5	24
7	11	30
5	8	27
0	7	91
0	9	90
3	5	22
3	6	23
3	5	91
2	11	91
2	4	22
2	4	21
8	9	26
4	6	20
6	9	33
3	6	21
6	6	24
0	9	91
0	13	91
3	7	23
8	11	32
8	9	32
4	7	22
1	4	23
0	6	91
2	7	20
5	11	30
3	4	22
3	4	23
3	4	21
3	6	26
4	5	22
2	5	26
4	8	25
7	12	28
5	10	28
10	11	35
3	5	22
2	6	20
4	7	27
7	11	28
5	5	25
4	5	30
3	5	23
3	8	23
3	7	22
2	7	21
0	7	91
3	7	23
2	6	22
4	5	21
4	5	23
3	5	22
6	7	31
1	4	22
6	9	23
3	5	21
6	9	32
7	8	26
8	8	31
8	10	27
9	6	47
3	3	23
2	3	23
1	5	22
3	4	21
4	6	24
3	5	21
3	6	21
0	3	22
6	9	25
2	6	21
2	6	23
6	7	24
4	6	23
3	3	22
2	5	20
4	8	24
6	11	25
10	15	38
8	13	26
4	7	25
4	4	23
3	7	23
3	5	24
3	3	24
5	8	26
2	6	23
3	5	22
4	5	27
2	5	22
5	9	25
6	10	30
6	8	26
5	6	25
4	6	24
3	8	23
4	8	27
2	6	20
4	9	22
1	4	21
1	3	24
4	6	25
4	10	24
7	10	31
4	8	21
1	7	22
4	9	31
2	5	23
3	6	23
4	7	26
3	9	24
11	13	35
0	7	91
0	7	90
2	4	21
4	6	24
3	7	21
3	3	25
0	5	23
1	3	22
7	14	32
5	7	29
4	9	23
3	8	22
4	4	23
3	5	22
7	11	31
5	8	26
7	10	30
8	14	31
3	8	21
3	5	23
3	6	22
8	7	30
6	7	30
1	4	21
2	5	23
5	8	30
7	8	30
6	5	27
3	6	22
4	6	23
7	9	31
7	10	24
12	15	39
11	13	30
3	8	25
5	10	30
5	4	24
3	7	22
4	9	24
3	10	24
8	9	36
3	6	22
3	5	25
4	6	30
4	4	23
5	7	28
4	7	27
5	6	25
4	7	26
4	7	24
4	7	24
4	7	23
2	7	22
10	10	32
9	8	31
2	9	24
2	8	23
2	7	22
2	7	20
0	2	21
3	9	23
3	5	22
2	4	22
2	5	21
5	9	24
1	5	21
3	8	22
4	10	26
8	10	30
1	5	20
4	7	25
5	7	26
4	11	26
6	11	31
2	5	20
2	5	21
1	4	20
4	7	24
4	7	23
5	7	25
6	7	24
3	6	21
0	3	20
2	4	23
1	5	21
1	8	21
4	6	24
3	4	23
10	14	35
5	10	33
4	7	22
1	4	22
1	2	21
6	12	30
1	2	22
1	3	22
2	4	21
2	6	22
3	6	24
1	4	21
4	7	21
2	6	21
3	7	28
3	1	24
2	16	90
0	10	91
0	10	91
6	9	26
4	6	24
2	6	22
3	7	24
6	12	26
6	10	26
3	6	23
3	6	22
3	7	20
3	8	21
0	10	90
0	9	89
4	8	25
3	7	21
2	5	21
2	6	22
0	3	22
9	10	30
2	4	24
2	5	25
3	4	23
4	4	24
3	6	22
3	5	24
5	5	25
0	6	23
0	1	25
1	5	31
0	2	22
1	3	21
0	5	24
1	2	23
1	5	20
3	3	23
4	6	23
1	5	24
1	4	22
4	9	23
2	7	20
0	13	91
1	4	21
4	8	25
0	6	90
3	8	25
2	5	22
3	6	22
4	9	26
4	8	24
3	4	22
3	5	21
5	9	24
6	10	28
5	7	23
6	7	25
0	7	91
4	3	30
1	1	29
4	9	25
5	8	30
3	7	24
5	8	23
3	6	22
1	4	21
6	29	90
5	7	26
3	7	22
5	8	26
2	6	24
5	11	26
1	4	22
4	6	22
9	11	33
8	9	29
3	7	21
3	15	90
4	4	22
1	4	20
2	6	22
4	7	26
5	11	30
5	8	26
2	8	21
2	7	22
1	6	20
4	6	22
2	4	22
1	4	20
0	12	91
0	3	20
4	2	24
6	8	24
4	6	23
3	5	22
3	4	22
3	8	23
7	10	30
2	6	25
6	10	26
2	5	20
5	11	25
0	15	90
3	4	22
6	7	30
6	8	24
5	9	24
2	4	23
5	5	27
7	11	31
6	12	30
6	8	30
8	12	35
6	11	32
3	7	28
4	10	25
8	12	35
3	6	21
7	10	26
6	10	31
5	6	24
4	8	23
3	4	22
6	6	23
4	9	26
2	6	22
6	13	31
4	6	23
6	11	30
9	13	29
3	11	91
0	12	91
4	6	23
2	7	22
7	10	31
4	8	26
3	9	24
4	9	23
2	7	21
2	4	20
3	4	21
3	5	22
1	2	23
1	6	21
0	7	90
0	7	91
3	5	23
0	8	50
2	7	24
2	6	21
4	6	22
4	4	25
7	7	25
3	6	24
3	5	21
5	8	30
5	6	22
5	8	25
2	3	21
4	10	30
3	9	22
6	7	27
4	6	21
2	7	21
5	9	24
3	8	22
6	9	30
5	7	23
6	41	91
3	6	25
5	7	28
5	6	24
4	5	23
6	11	30
3	5	22
3	8	23
4	4	23
1	5	22
3	7	21
2	4	21
5	12	33
8	9	31
7	13	33
3	9	23
1	3	23
0	3	21
6	7	25
1	5	23
7	14	33
6	9	25
2	6	23
1	5	21
2	7	21
3	7	22
0	7	90
0	4	28
8	12	30
7	12	29
5	6	25
2	7	21
3	6	21
4	7	24
1	4	21
2	5	20
0	13	91
0	10	90
5	11	31
7	12	31
3	6	20
0	9	91
5	10	26
6	13	31
8	12	31
8	9	29
3	6	20
4	9	25
5	7	31
2	5	20
2	5	21
3	6	22
3	8	26
3	9	27
1	4	22
2	5	21
2	4	23
3	8	25
3	5	23
2	7	91
3	12	91
2	5	24
1	5	90
1	9	90
9	10	26
4	10	27
9	9	32
9	10	32
3	7	22
6	12	28
1	4	20
2	5	25
2	6	22
5	6	25
2	4	22
2	4	20
4	10	26
3	8	23
3	9	23
3	9	22
3	7	23
3	6	23
4	8	24
3	4	22
5	8	27
4	5	26
3	5	23
3	6	24
3	7	24
3	5	23
3	6	22
5	6	21
0	3	23
3	4	22
3	6	21
1	7	21
4	8	23
3	6	22
3	7	24
4	9	23
5	10	30
3	7	23
1	4	21
2	7	22
3	5	25
3	5	23
2	5	21
3	6	23
1	6	20
0	11	91
4	6	30
5	8	31
4	8	22
4	6	22
5	6	24
4	6	23
3	5	22
0	3	22
0	3	21
6	6	24
2	7	21
3	7	20
4	10	30
0	0	53
0	3	53
5	9	25
7	10	27
0	5	21
3	9	22
6	8	31
6	8	24
5	11	31
3	5	21
3	6	21
16	-1	71
4	7	24
0	9	90
0	8	91
11	12	34
9	9	31
8	10	30
9	10	27
8	12	33
7	9	29
8	14	32
2	6	21
8	10	33
1	8	22
2	6	23
4	8	25
0	8	90
1	10	90
9	13	35
7	12	29
8	14	34
8	11	32
1	5	21
3	7	24
2	9	22
3	5	21
2	5	20
4	8	22
5	8	22
2	11	22
3	5	25
3	6	21
3	6	22
0	4	23
3	6	22
4	8	25
4	7	25
3	7	22
3	7	24
2	6	21
7	10	31
4	8	31
6	9	32
5	9	30
5	8	25
8	10	33
2	11	23
1	6	22
2	8	24
1	9	22
3	5	22
4	8	25
4	8	24
2	6	24
3	7	24
3	5	22
7	6	30
6	22	90
0	2	23
6	7	22
5	7	22
4	5	25
6	8	25
4	11	24
3	5	20
0	5	91
0	7	91
5	8	27
5	8	25
4	7	30
5	8	25
5	9	30
5	8	25
3	7	22
6	9	30
1	6	25
1	5	22
7	12	28
5	11	31
4	7	24
2	6	27
5	8	25
5	10	30
4	8	26
4	9	24
4	10	26
2	5	22
2	5	22
5	10	24
5	10	26
0	4	76
2	10	25
0	14	85
4	5	27
7	7	31
5	14	90
0	4	21
0	3	23
0	4	25
0	2	21
0	3	22
4	8	24
9	11	31
9	11	32
7	14	32
6	9	30
4	7	25
4	9	25
5	8	23
4	8	23
2	8	22
1	7	22
2	3	21
3	4	23
3	10	30
2	6	22
8	10	31
0	2	22
5	11	29
6	8	30
9	13	31
4	5	25
4	4	24
4	7	25
3	6	22
7	11	33
6	5	28
5	9	31
4	9	30
4	8	30
6	10	31
4	12	32
4	9	26
4	9	25
4	8	23
8	6	26
7	11	30
1	5	24
1	7	91
7	11	28
0	2	20
5	7	24
4	6	23
7	9	28
0	2	22
2	5	22
2	5	21
2	4	21
11	9	31
9	9	32
2	5	22
3	5	23
12	12	35
3	10	26
4	7	23
4	9	25
5	9	26
4	7	23
3	12	31
5	9	25
4	10	26
5	13	31
4	8	24
3	7	25
3	7	22
9	13	32
8	12	32
8	12	31
11	14	35
6	10	26
8	14	33
5	7	26
4	7	24
2	3	20
4	7	22
0	2	21
0	2	22
1	2	21
0	4	21
1	5	23
0	3	21
3	9	25
7	9	25
8	11	32
9	10	32
8	11	32
12	8	33
0	4	20
7	8	27
11	13	39
3	5	21
3	7	22
1	8	21
6	9	28
4	8	25
2	5	22
4	8	27
1	2	24
2	4	24
3	7	22
2	7	21
3	8	22
0	0	91
10	13	31
4	7	24
2	5	20
0	7	50
8	9	31
3	8	24
6	12	30
6	12	32
6	8	30
4	11	30
3	9	24
1	4	21
1	4	20
6	7	30
3	7	22
2	9	91
1	10	90
2	7	22
2	5	22
0	3	21
3	5	25
1	18	90
0	8	91
6	11	36
5	13	30
4	5	26
2	7	25
2	6	25
5	4	25
6	6	26
3	7	25
4	7	24
3	5	23
3	6	24
7	11	31
6	8	26
4	8	25
4	9	26
7	10	30
5	10	25
3	9	24
2	22	90
3	7	22
0	3	24
1	3	21
1	4	20
7	10	27
3	7	23
0	14	90
0	5	22
2	6	20
2	6	22
3	6	21
7	10	30
7	12	30
2	7	24
5	7	23
0	3	42
2	5	23
0	5	21
1	7	23
6	8	26
3	5	22
3	5	22
7	10	32
2	3	21
6	8	28
8	12	27
9	12	31
10	12	32
3	6	21
2	5	21
5	7	24
2	6	21
11	13	35
2	7	21
4	8	23
9	11	32
3	5	23
3	8	22
1	5	21
6	8	25
9	11	33
9	12	29
9	12	31
2	7	21
6	11	25
3	6	22
4	6	23
3	7	25
3	6	23
4	8	22
2	7	24
3	6	23
2	7	24
2	4	22
5	8	24
8	11	26
7	10	26
1	5	21
5	8	25
5	11	30
9	15	36
1	6	23
8	8	27
3	7	25
1	6	20
5	8	25
3	6	22
5	11	27
4	6	22
3	6	20
6	8	24
8	11	31
7	11	26
8	12	31
3	7	21
2	8	21
4	8	24
6	7	26
6	8	29
5	8	24
5	9	25
2	5	21
3	7	21
6	7	25
2	4	21
5	10	30
4	7	27
4	8	26
8	9	32
5	10	31
2	6	22
4	8	25
4	10	31
3	7	24
5	10	31
5	11	34
3	9	25
5	9	25
3	5	23
5	10	30
8	13	32
5	11	29
5	10	25
3	6	22
3	7	25
5	6	22
3	7	24
5	11	25
4	8	23
6	10	26
8	10	30
5	8	23
5	7	23
1	10	90
0	13	91
4	8	26
7	12	29
7	8	25
6	12	28
5	10	27
7	7	25
2	4	25
7	13	30
5	7	28
2	8	21
3	5	22
5	8	23
6	10	28
9	11	29
3	8	22
5	6	22
4	7	24
9	11	32
2	7	22
4	12	30
3	9	24
0	15	90
5	8	25
1	3	20
2	4	21
3	5	21
6	8	24
5	6	25
1	2	20
3	3	21
1	5	22
1	4	21
6	11	30
4	6	24
0	8	91
3	4	21
3	7	23
3	7	25
3	6	23
4	7	25
4	8	25
5	9	24
4	7	23
2	8	21
2	4	23
0	2	21
3	6	20
7	9	27
4	9	90
0	7	91
0	9	91
5	6	24
0	3	21
5	11	31
1	6	21
5	8	26
3	8	21
1	3	22
3	10	32
1	5	20
3	10	26
4	8	23
0	5	23
0	4	21
0	2	20
4	5	22
5	9	31
3	5	21
5	8	28
3	8	27
3	4	26
6	6	24
2	4	21
4	7	30
1	5	20
1	3	21
0	2	22
4	9	23
4	5	22
5	4	24
3	7	24
4	8	25
3	5	23
2	5	22
5	7	23
2	4	21
1	6	90
3	7	89
9	9	30
8	9	29
7	10	30
10	10	32
9	10	32
0	10	90
4	9	26
6	9	27
4	7	30
6	10	34
4	8	24
5	11	32
5	8	26
4	8	25
5	8	24
6	11	30
4	9	25
4	6	23
4	6	24
5	5	22
4	6	23
3	6	23
4	6	21
7	9	31
10	14	33
3	7	23
2	5	22
7	13	33
9	14	35
10	12	36
10	12	30
2	5	22
8	10	30
2	4	22
3	7	22
4	7	25
2	5	22
8	8	32
4	4	24
3	4	23
2	5	20
7	9	27
1	11	91
1	13	91
1	10	91
6	13	31
9	11	34
3	6	23
1	4	25
0	4	23
3	3	21
4	7	23
5	10	25
6	9	25
3	6	21
3	6	25
5	9	29
2	9	24
3	8	22
3	7	20
3	8	22
6	8	26
0	16	91
0	10	89
0	18	90
28	29	81
2	5	24
5	8	25
4	7	22
4	8	22
5	8	25
6	9	24
5	9	27
4	8	22
2	5	23
4	8	23
0	3	23
5	9	28
2	5	21
1	6	20
2	7	24
0	4	22
0	3	22
3	5	21
1	2	21
0	3	21
5	8	25
3	9	23
3	8	25
3	7	23
2	7	21
8	12	37
4	10	25
9	13	31
1	8	23
2	6	21
3	3	23
1	2	20
3	6	21
4	6	21
5	8	23
3	9	22
2	5	24
4	7	23
3	1	22
5	7	22
4	8	23
6	9	30
2	7	22
4	6	23
6	8	25
2	5	21
2	5	23
0	36	90
0	12	91
6	11	31
0	4	20
2	4	21
11	11	35
3	8	24
5	10	32
3	8	22
6	7	24
3	5	21
2	7	22
6	11	27
4	7	30
5	9	25
6	9	28
0	19	90
5	8	25
4	9	24
4	8	25
5	8	23
4	8	23
5	7	23
5	9	29
9	9	27
4	8	24
3	9	27
4	10	25
8	11	31
4	7	24
2	4	22
3	5	23
6	8	25
2	8	27
3	8	22
5	8	22
3	8	23
2	7	21
2	6	22
3	9	22
4	7	22
7	9	33
8	7	31
0	5	20
2	8	23
3	6	23
4	8	22
1	2	20
4	7	21
4	6	22
3	6	21
9	9	30
7	10	28
4	7	23
7	10	30
1	7	22
1	3	22
6	10	31
3	9	25
3	10	24
2	9	23
3	6	23
1	10	91
1	-1	91
8	11	30
9	13	32
7	13	31
5	8	25
4	10	24
5	8	24
3	6	20
4	6	22
4	7	22
4	5	25
0	2	24
1	3	27
0	2	23
0	3	22
0	2	24
2	6	22
3	8	22
1	6	22
5	10	27
4	9	25
6	9	30
7	12	28
10	12	33
9	14	31
10	14	31
8	12	30
3	7	23
3	7	23
5	8	24
4	9	23
5	8	24
5	9	31
4	10	30
0	9	91
5	10	27
2	15	91
3	6	22
6	7	31
7	8	25
5	6	23
8	11	30
0	10	91
4	7	25
2	4	20
1	7	22
6	9	30
9	13	31
3	5	22
6	13	35
5	10	28
3	9	23
7	11	31
4	7	23
2	6	22
3	6	23
2	5	24
4	6	22
0	16	91
0	4	22
3	6	20
6	7	27
7	9	32
7	8	27
4	8	23
2	5	21
4	4	25
4	9	24
7	11	26
6	7	24
3	5	22
4	8	24
5	7	24
5	8	25
1	10	91
1	7	91
5	7	23
6	12	30
5	11	30
5	8	23
3	7	22
5	8	26
5	8	27
7	7	22
10	13	33
8	13	29
7	9	28
6	10	26
2	7	22
3	5	22
6	9	30
3	5	23
9	9	35
2	8	30
3	10	27
4	10	24
3	10	25
4	8	24
10	25	90
8	12	31
20	27	91
7	8	25
7	9	30
7	13	30
3	10	23
4	10	24
3	6	22
3	5	24
9	10	30
4	7	25
3	8	22
2	6	21
6	10	27
2	6	21
7	13	30
2	6	21
2	7	23
2	7	22
2	7	21
1	6	20
5	8	27
0	6	88
0	10	90
5	10	24
2	9	25
4	8	23
3	7	21
11	14	38
8	12	31
8	11	30
10	14	35
4	9	23
3	7	23
2	4	22
9	15	38
3	6	22
2	4	22
5	10	27
4	6	26
3	6	22
3	7	23
2	7	23
1	4	20
3	7	22
3	5	22
4	12	30
6	14	30
2	7	22
4	6	23
1	3	21
1	4	23
5	6	23
6	10	32
6	11	26
2	7	22
6	9	28
6	8	25
0	18	91
6	10	26
3	7	26
4	7	25
3	8	26
5	8	25
0	6	48
3	8	24
4	8	22
4	7	23
2	5	23
2	6	22
2	5	21
6	12	30
4	9	30
4	11	27
4	10	26
3	6	23
2	8	22
3	8	23
0	20	89
0	11	90
0	9	91
0	11	91
1	7	27
5	9	24
2	5	23
2	5	23
9	10	35
5	8	30
4	11	30
4	6	23
1	5	21
7	12	31
6	13	31
1	4	20
1	7	20
3	10	23
3	12	23
7	8	35
2	7	20
2	5	22
3	6	24
13	15	42
10	10	34
4	6	26
1	5	22
3	5	22
7	11	27
6	8	30
7	12	28
4	7	25
5	9	22
7	15	33
3	8	23
3	10	23
10	9	31
8	13	31
2	6	22
2	11	26
4	8	26
3	8	24
4	7	22
3	7	22
8	9	31
4	7	23
3	7	22
7	12	29
4	12	26
6	12	27
8	9	32
7	8	30
6	8	22
8	12	33
1	4	20
8	11	29
5	9	30
1	5	21
7	8	26
7	9	28
9	12	28
1	3	20
8	11	35
3	7	20
10	10	35
4	5	23
8	8	32
7	9	27
3	5	22
10	12	33
6	9	29
7	11	31
5	11	27
4	6	23
4	8	25
7	10	31
6	11	27
1	5	22
7	13	33
4	8	26
7	10	26
3	6	23
4	7	23
1	4	20
4	10	27
4	11	26
4	9	26
11	13	39
7	10	27
4	13	30
6	12	31
4	6	23
4	6	21
2	5	21
4	11	31
4	10	30
3	7	23
9	9	28
10	11	31
8	10	29
10	16	35
1	3	22
5	8	25
5	8	25
4	6	21
0	8	91
4	7	22
6	9	26
6	9	24
7	11	28
3	6	24
5	9	23
5	9	25
3	6	21
9	14	34
7	6	25
1	7	22
9	11	34
1	6	21
6	10	26
0	3	20
4	6	23
4	8	25
4	7	23
3	6	23
3	4	21
2	8	24
2	7	24
3	7	23
5	6	24
1	5	22
5	10	32
2	4	23
8	11	31
8	10	27
7	11	27
3	5	21
13	14	42
2	5	21
8	11	31
0	22	91
3	7	22
10	15	38
4	8	22
4	8	25
2	37	86
4	8	23
5	11	29
3	7	22
2	8	23
3	8	23
3	8	24
1	3	22
4	7	22
2	5	22
3	9	23
4	8	24
5	8	23
3	8	24
4	6	24
5	8	24
8	11	30
6	11	26
8	12	30
6	10	26
7	11	28
8	11	31
2	5	22
5	10	27
5	9	27
3	8	24
3	8	25
5	7	26
4	8	25
4	9	28
5	11	28
6	10	31
5	9	25
5	9	25
1	5	21
9	9	27
5	9	26
3	6	24
2	6	24
4	8	23
2	7	21
2	7	20
5	10	26
8	10	26
7	11	30
6	8	25
3	8	23
4	8	22
3	9	23
5	10	25
7	12	34
7	10	30
5	8	36
7	11	32
4	9	23
1	5	22
7	13	29
7	11	28
8	11	31
3	7	22
3	6	22
8	11	32
4	10	26
8	10	32
5	8	26
3	7	23
5	11	30
5	5	23
3	4	22
8	11	32
4	8	26
4	8	24
4	10	26
4	8	25
4	8	23
3	7	28
9	12	36
1	6	22
5	8	24
4	8	23
4	10	24
3	3	24
6	7	27
5	38	91
4	7	26
4	6	24
3	5	25
4	4	22
4	9	25
3	10	23
4	9	22
5	10	31
5	11	30
5	7	24
5	7	24
3	6	21
7	16	32
5	11	25
7	10	32
3	5	21
2	5	22
3	9	23
7	9	26
6	12	30
9	12	32
7	8	27
3	7	22
2	7	22
2	6	21
4	9	26
2	5	22
3	8	25
3	8	26
5	11	26
1	5	22
1	4	21
3	5	23
3	7	22
2	4	23
2	6	25
2	5	23
5	12	31
3	7	22
4	7	24
8	12	34
7	12	30
5	9	26
3	6	23
5	8	24
6	10	26
3	6	24
4	5	24
5	4	24
6	11	33
8	11	29
6	10	27
4	9	23
5	9	25
4	5	22
4	5	22
4	9	21
2	6	21
9	9	32
1	4	20
6	12	31
5	7	23
3	5	21
8	9	30
6	8	23
8	11	28
9	10	26
8	10	27
5	13	30
4	6	23
2	7	21
9	9	32
4	11	30
4	7	24
10	15	35
5	10	27
3	7	22
8	9	25
4	5	26
9	13	34
8	11	28
7	14	31
7	12	29
8	13	30
8	15	32
9	13	31
8	11	26
5	8	24
4	11	28
6	12	37
4	7	23
4	6	23
3	7	22
4	8	23
3	7	22
5	8	25
7	11	30
3	7	22
6	12	32
3	8	24
4	6	23
2	6	20
4	6	23
4	6	26
4	10	24
3	6	22
7	13	33
2	8	23
5	9	25
6	10	24
3	7	23
4	6	24
4	8	23
4	8	26
1	5	22
4	8	24
4	8	25
4	7	24
4	6	23
10	11	30
6	12	24
7	10	29
6	12	34
5	12	30
6	10	27
3	7	24
2	7	21
2	6	21
5	6	25
4	7	22
0	5	20
5	10	26
6	11	30
9	10	32
8	7	27
8	12	39
8	9	33
11	12	38
10	11	37
3	8	20
4	9	24
3	6	23
4	7	22
6	13	30
1	4	20
2	5	21
3	7	23
2	8	23
5	7	23
6	8	26
1	7	23
3	6	24
3	6	22
3	6	24
2	8	20
4	8	21
7	11	31
6	8	31
2	7	21
7	9	33
12	11	30
4	9	24
5	8	24
2	7	22
3	7	22
0	10	91
0	13	90
2	6	21
8	7	27
7	8	29
4	6	23
3	5	21
8	12	32
0	12	91
5	10	27
4	7	22
2	6	22
8	9	24
8	12	32
6	12	30
7	9	27
3	8	23
7	7	26
7	9	26
10	13	31
6	13	27
3	6	20
9	10	34
4	7	24
4	6	24
2	3	22
5	6	24
5	10	28
3	4	21
3	4	21
5	6	25
5	12	31
4	7	24
0	12	91
5	8	31
6	11	27
5	10	25
6	9	26
2	6	21
7	7	25
7	9	25
6	11	31
8	12	32
8	9	28
3	6	21
1	7	20
3	4	21
3	7	21
3	8	26
3	8	25
3	7	23
5	8	23
7	12	30
1	19	91
1	20	91
3	7	25
3	6	23
9	13	31
0	6	90
2	8	91
3	6	21
4	7	27
2	5	21
5	6	23
4	7	21
3	6	23
3	6	22
5	10	23
2	5	24
0	3	91
0	4	91
4	6	24
2	6	21
3	6	21
2	4	21
6	9	26
13	15	36
5	9	27
8	14	34
2	4	22
2	5	21
4	8	22
4	8	24
3	6	23
5	7	25
4	7	24
5	9	26
5	6	24
4	9	25
6	10	31
3	7	22
5	12	30
4	10	27
7	8	26
2	8	91
4	10	26
5	8	25
3	11	30
5	8	25
4	12	33
4	10	30
4	5	23
4	6	26
2	5	21
9	11	30
6	12	31
3	5	22
5	10	25
6	7	25
5	7	24
4	7	24
4	4	23
0	7	23
4	10	22
3	6	22
6	10	31
5	8	26
6	4	26
2	4	21
3	6	22
4	10	24
6	7	26
8	8	28
7	8	26
10	10	32
7	8	27
8	11	34
5	9	25
7	11	31
4	7	22
5	7	23
2	4	21
3	5	22
0	41	91
0	4	21
4	9	26
3	6	25
4	6	23
4	7	22
4	6	21
6	9	26
1	3	22
4	8	30
10	15	35
1	5	21
5	5	22
6	12	31
5	7	26
4	14	90
3	6	24
1	3	22
1	5	22
3	6	23
1	3	21
5	9	88
5	9	25
5	10	29
3	6	21
4	6	23
12	10	35
6	10	30
6	9	24
8	13	30
3	7	22
5	6	22
4	7	22
6	10	26
6	9	24
6	9	27
5	9	24
3	5	25
7	10	24
5	8	21
6	8	24
4	12	27
0	10	90
0	12	90
3	7	23
4	7	22
4	6	24
4	15	28
4	9	22
7	9	26
3	4	20
2	5	22
2	8	23
7	9	27
5	7	22
3	7	91
4	5	23
4	8	21
4	6	22
0	11	90
3	6	24
3	8	25
1	3	21
7	9	28
7	13	30
2	6	23
3	8	21
4	8	22
6	8	24
2	7	23
2	8	22
4	4	22
5	7	23
3	4	23
8	12	32
2	4	23
1	6	22
1	4	22
7	14	33
4	7	25
7	10	28
3	6	26
2	6	23
5	7	23
2	6	22
5	12	31
4	6	23
5	11	24
6	10	29
6	12	27
1	10	23
2	6	21
4	13	31
1	8	22
3	9	24
2	6	22
3	7	23
5	8	25
6	9	26
4	6	22
4	8	23
2	6	22
2	6	24
2	5	22
0	3	20
0	6	91
2	5	24
1	5	24
1	4	23
2	4	23
4	9	30
4	10	26
2	7	23
3	9	23
2	5	21
3	5	21
4	6	22
4	13	23
3	4	21
4	8	24
3	3	20
7	29	90
5	9	22
4	8	23
6	9	26
9	13	28
3	7	21
3	6	21
3	5	20
3	6	24
10	12	31
0	3	21
0	4	20
0	3	21
7	12	33
3	8	22
3	8	24
5	10	25
7	8	30
3	7	24
7	8	31
3	7	24
3	4	22
7	11	29
7	11	29
6	9	26
6	9	25
7	8	26
3	5	21
3	5	21
4	7	23
4	7	23
6	9	30
8	10	34
5	9	32
4	8	31
6	9	31
4	7	26
7	9	34
5	9	27
3	2	22
3	8	30
0	3	26
1	2	21
1	2	21
0	8	90
2	5	91
2	5	24
2	4	20
2	7	23
3	5	20
3	5	23
1	5	24
4	7	25
4	6	23
3	6	24
3	6	23
2	5	21
0	8	91
0	9	91
6	9	25
3	8	24
2	6	22
2	6	21
6	10	27
3	6	23
5	6	24
4	5	23
1	7	22
2	7	22
3	7	23
3	7	22
3	8	24
6	9	25
4	7	23
8	14	32
2	4	20
4	7	25
4	7	21
0	4	21
3	6	22
1	6	21
1	5	22
0	2	20
0	4	46
2	6	22
3	7	24
3	6	24
2	6	21
3	6	22
2	6	21
4	7	23
3	4	23
2	6	23
6	10	30
2	3	23
1	3	23
4	5	24
3	4	23
4	5	22
3	7	23
4	5	22
5	6	24
3	9	22
2	5	21
3	5	23
4	5	23
0	3	22
2	3	24
1	3	23
1	4	21
2	4	26
7	10	24
3	5	22
3	6	22
4	6	22
4	6	23
1	5	22
3	4	24
6	13	91
2	4	21
4	9	27
2	4	20
12	15	42
4	5	24
7	9	31
4	10	24
4	7	25
3	6	20
2	3	21
0	3	21
5	9	22
0	14	90
1	5	21
2	5	22
1	4	20
2	5	21
2	4	21
6	7	25
4	9	30
3	5	22
5	6	26
3	6	26
5	8	26
3	4	23
6	8	32
5	9	30
9	9	33
7	9	28
8	7	30
6	8	27
7	8	33
6	6	26
17	31	90
8	10	28
8	10	35
2	6	20
6	7	24
8	8	30
7	8	31
8	10	31
1	1	25
2	7	22
2	7	24
0	14	90
0	14	91
3	5	35
1	4	30
3	9	25
3	8	23
3	8	22
2	7	21
3	8	24
3	6	26
1	4	22
5	7	22
2	6	24
5	7	25
3	7	23
3	6	23
4	13	91
1	5	89
5	8	27
0	2	22
1	3	21
8	9	31
3	7	23
1	5	21
4	7	22
3	5	23
5	8	30
3	3	24
8	9	34
1	5	21
3	6	21
3	8	26
4	7	26
1	5	21
5	10	23
6	10	26
3	5	22
6	8	25
4	11	30
6	8	24
3	9	22
3	9	24
2	5	22
1	13	91
6	8	29
8	9	32
3	6	23
7	8	25
2	6	22
10	17	37
6	12	30
4	10	30
7	11	26
0	7	91
6	9	26
5	8	21
3	7	23
2	5	24
1	7	91
6	7	31
5	10	31
5	8	24
0	4	21
0	12	90
0	11	89
7	11	30
3	8	23
0	5	90
4	6	23
1	2	20
5	8	24
3	8	23
2	7	21
1	4	21
2	4	24
2	5	23
2	6	22
0	4	21
2	6	20
2	8	22
3	6	23
3	6	23
2	7	22
3	5	25
4	8	24
2	4	22
8	11	28
4	6	21
4	7	22
5	8	27
6	10	24
0	13	91
1	4	22
1	4	21
4	8	23
2	8	20
1	5	21
8	8	25
9	13	35
6	9	30
8	13	37
7	10	33
3	7	24
1	3	20
0	9	90
4	7	22
15	28	91
0	1	91
3	8	26
3	4	23
3	7	20
0	23	91
3	6	23
3	7	25
3	6	24
6	8	31
3	5	23
3	5	22
1	6	20
2	4	22
2	5	22
4	6	23
2	6	23
1	21	91
4	8	25
2	6	21
3	9	25
4	8	22
4	8	24
2	6	22
3	7	21
6	10	33
9	8	27
0	5	91
5	8	30
7	9	29
3	5	21
4	6	22
1	4	22
4	11	25
10	11	32
7	11	30
1	6	23
2	9	21
1	6	22
3	7	22
5	5	29
6	8	24
2	8	22
5	14	32
7	17	35
6	9	31
5	8	26
4	9	26
5	11	32
2	9	23
2	6	23
9	8	28
8	10	29
4	9	30
5	6	24
1	3	27
5	8	24
1	5	22
2	5	21
2	4	22
6	5	25
1	7	22
2	6	23
4	9	21
3	6	23
3	9	24
3	4	22
1	4	22
4	5	22
5	6	24
2	4	21
4	7	25
2	6	22
3	4	23
2	4	20
0	9	90
0	7	91
3	5	20
2	4	22
4	7	25
2	2	25
3	27	90
0	11	91
5	11	33
4	7	25
4	10	31
6	11	31
7	12	32
6	11	31
8	10	27
4	9	23
1	4	21
0	4	22
7	12	31
5	10	30
4	8	24
5	8	26
4	7	23
5	9	31
4	6	23
10	15	38
1	3	22
6	6	24
4	10	24
2	3	22
6	8	27
1	6	22
8	10	30
9	10	35
9	8	34
10	9	34
6	12	30
0	3	22
0	3	21
0	11	91
0	7	91
6	12	29
3	5	24
2	4	23
4	10	30
1	4	20
4	7	26
1	5	20
3	6	21
4	7	22
6	13	31
2	6	20
3	7	21
3	7	25
2	6	20
2	6	21
7	4	30
2	4	23
4	7	23
3	5	20
1	6	21
4	6	21
6	7	26
4	6	23
6	9	27
2	5	22
5	7	23
4	8	23
6	8	30
5	12	26
2	8	24
2	8	24
2	6	22
2	6	23
7	9	28
5	7	26
5	8	25
4	9	31
5	11	26
4	9	31
6	9	25
4	6	24
9	13	34
9	12	30
4	8	26
2	6	22
2	5	22
8	13	30
6	12	28
8	10	30
4	9	24
4	7	24
3	7	26
3	5	21
10	13	40
8	12	35
2	4	21
4	7	23
2	4	21
8	12	32
2	7	21
4	6	25
2	6	24
2	3	23
2	5	24
4	12	32
4	7	32
1	6	21
3	5	23
4	8	26
0	5	21
1	4	21
3	5	24
4	6	24
3	7	24
3	6	30
3	7	23
4	6	22
4	14	91
2	6	21
10	17	36
8	9	31
8	8	32
1	2	22
1	3	21
1	3	21
2	4	23
3	5	23
5	9	30
2	4	22
1	8	25
2	7	24
4	7	25
4	6	26
6	10	25
0	4	89
4	5	24
5	8	25
6	7	24
1	10	90
1	15	91
1	9	91
0	6	90
6	8	24
3	7	25
4	10	31
4	9	30
4	8	25
3	10	24
5	6	23
4	7	24
3	7	24
5	8	24
3	5	23
4	6	24
6	7	30
3	4	22
3	5	21
4	7	26
5	6	26
4	5	25
8	11	33
2	4	22
2	5	22
1	4	21
4	7	22
5	9	35
4	9	24
0	14	90
0	10	91
0	9	91
2	5	21
6	11	25
4	6	23
3	8	24
5	8	25
3	5	21
4	9	25
1	5	24
4	7	22
2	6	20
3	7	22
4	7	21
4	5	25
0	9	91
3	8	23
2	7	23
3	7	23
5	7	24
2	5	24
6	8	25
5	6	23
6	10	31
7	10	28
7	12	28
7	15	30
4	7	25
2	4	24
1	5	22
1	4	22
0	3	22
6	11	25
3	9	24
4	7	23
3	8	21
5	14	32
2	12	91
3	7	91
4	11	30
1	11	91
2	12	91
0	4	22
2	5	23
5	8	24
4	8	23
5	10	26
5	9	25
9	9	29
10	9	27
6	31	88
8	11	35
10	16	37
6	12	28
4	6	25
3	6	22
7	13	31
7	11	30
8	13	31
1	4	21
2	7	22
8	9	33
9	11	34
6	9	24
6	8	23
8	11	30
3	8	23
4	7	24
3	6	23
3	8	24
5	6	25
7	12	30
4	6	23
4	5	21
3	3	22
4	5	23
4	11	26
10	11	36
9	12	33
10	14	36
2	6	21
2	7	21
6	8	30
8	10	32
11	11	33
4	6	23
5	7	23
11	13	37
5	7	23
2	7	22
9	13	35
6	10	26
5	7	22
9	12	30
7	7	28
3	6	25
0	5	90
7	13	30
3	7	23
9	11	35
2	5	25
7	13	32
3	7	22
2	7	22
7	9	33
6	7	24
3	6	24
2	9	22
5	11	25
8	11	30
7	10	31
4	9	23
3	6	25
6	7	25
6	9	26
3	7	24
8	8	30
9	8	32
8	8	30
8	8	31
9	9	28
8	8	28
8	8	29
8	10	33
8	9	30
8	8	30
5	11	26
7	11	28
7	9	27
8	7	32
8	7	31
2	7	24
7	11	27
8	7	27
7	8	30
2	6	24
8	12	31
7	12	32
3	9	23
5	8	26
3	7	23
7	10	32
7	11	31
3	5	21
4	5	23
2	4	22
9	10	36
4	8	22
4	8	22
6	11	27
5	8	25
1	9	90
1	7	91
3	9	26
3	5	23
3	6	23
3	7	22
2	7	22
10	9	33
8	8	31
5	5	23
2	9	24
5	5	24
8	12	31
3	5	23
3	5	22
1	3	24
3	7	22
4	5	24
4	5	24
3	6	24
2	3	21
2	5	21
1	4	22
9	9	32
3	5	21
3	6	23
5	11	90
1	8	91
4	8	28
0	4	25
7	12	35
9	11	30
3	5	22
0	3	22
0	3	20
1	3	23
1	5	21
3	8	24
1	3	20
4	8	22
1	5	26
4	8	23
2	4	21
6	11	30
1	2	23
0	17	91
0	28	90
2	6	22
4	6	24
4	6	24
3	6	22
3	8	22
3	8	22
8	11	32
3	11	30
3	7	24
0	2	21
3	6	21
0	4	24
2	4	22
6	7	26
4	6	21
4	9	24
2	7	23
4	9	24
3	7	22
3	7	26
2	6	24
3	4	23
3	4	21
2	4	23
2	5	22
2	6	21
1	5	23
3	5	21
3	5	22
1	2	21
3	7	24
4	7	23
3	7	24
3	6	22
2	5	23
2	13	91
5	10	31
0	13	91
1	8	91
5	5	31
3	6	20
3	5	22
1	4	90
5	8	32
3	8	25
3	7	25
4	9	24
5	8	25
3	5	22
0	2	21
0	2	20
0	2	20
4	8	24
3	10	23
4	6	25
3	8	22
0	14	91
0	9	90
0	13	91
6	8	26
6	8	23
1	5	22
1	4	21
2	7	21
5	9	23
5	9	24
3	6	23
5	9	25
2	5	22
4	7	32
5	6	33
3	5	25
3	5	23
5	14	31
5	7	24
4	5	23
7	10	24
3	8	23
3	7	24
3	8	22
7	12	34
1	6	21
7	8	27
6	7	25
3	5	22
3	6	23
9	9	34
8	9	34
8	7	30
8	6	29
5	7	25
7	7	26
1	6	21
8	12	31
0	15	91
0	13	90
8	9	35
6	10	30
4	8	24
4	5	24
4	5	24
4	7	22
2	6	20
2	7	22
4	6	22
1	6	23
3	6	24
3	6	24
1	7	23
3	9	24
2	4	20
4	8	22
3	6	21
4	13	27
2	4	23
2	4	20
5	6	23
4	7	24
5	5	24
11	9	33
5	7	24
3	6	22
3	5	23
3	7	24
7	8	28
5	7	21
0	8	90
0	16	90
3	42	90
4	4	23
1	5	22
4	11	30
6	13	31
6	13	31
3	4	23
1	4	22
0	8	91
0	7	89
4	9	24
2	6	22
8	10	31
7	6	26
5	9	23
0	3	22
1	3	21
6	12	33
6	13	33
2	4	20
5	6	25
6	7	26
10	10	35
0	4	20
8	6	29
2	6	22
4	7	24
3	5	24
4	5	24
3	6	20
7	11	34
10	11	34
9	10	33
4	5	22
3	4	22
2	5	25
3	8	22
1	3	21
2	5	20
5	7	26
4	5	22
4	6	22
1	3	22
4	7	22
3	5	22
5	7	23
0	12	91
4	5	26
4	6	27
4	6	26
1	4	21
0	4	21
0	4	22
1	3	22
5	7	23
2	5	23
0	16	91
2	4	22
4	13	30
5	9	24
1	6	24
2	4	23
2	5	22
0	3	21
0	5	20
2	4	24
0	8	91
6	14	35
8	15	38
6	8	26
3	7	23
0	7	22
1	3	22
4	5	23
4	5	22
4	8	24
4	8	26
3	8	24
6	13	30
0	16	91
7	9	25
5	8	26
3	8	22
5	11	31
4	7	23
3	5	23
5	10	23
4	5	22
1	3	21
5	9	27
3	8	22
3	7	24
4	7	22
5	9	22
0	8	91
0	7	91
4	6	30
6	7	27
10	12	32
5	8	24
8	14	33
7	12	30
6	15	32
8	11	30
2	6	22
3	5	23
8	8	30
4	6	23
0	8	91
0	8	90
6	10	28
5	10	28
7	9	30
0	2	24
0	5	90
0	8	91
1	11	90
6	9	91
0	10	47
5	8	24
2	5	23
8	14	34
7	14	31
5	11	31
6	10	25
3	5	24
6	12	31
5	10	28
4	6	25
4	13	28
9	12	31
10	15	35
6	10	31
4	9	23
6	10	26
8	13	30
3	11	31
4	11	30
5	9	24
1	7	22
3	7	22
7	11	32
6	10	30
2	6	21
2	5	21
4	8	22
4	9	25
7	12	31
7	11	33
6	13	32
4	7	25
1	5	23
7	8	25
4	7	22
6	8	30
0	9	91
0	7	91
9	11	32
0	9	91
2	7	22
3	4	24
2	5	21
7	11	30
3	6	21
0	15	91
0	11	90
4	4	23
2	5	20
3	5	23
3	5	22
2	5	21
1	5	82
0	4	91
4	5	23
3	5	27
3	6	22
4	5	22
3	5	22
3	6	23
1	4	20
5	6	23
2	3	23
8	10	31
10	10	32
1	5	21
2	5	23
2	8	24
3	7	25
3	7	23
6	8	26
3	6	23
5	8	26
4	8	24
2	4	22
4	8	30
3	6	21
0	8	91
1	12	91
4	7	25
8	9	30
8	7	29
7	9	24
0	11	91
0	9	91
2	5	24
2	5	22
4	6	24
3	8	24
3	6	23
3	4	20
0	2	20
2	6	20
7	9	26
0	17	91
0	6	90
2	4	23
1	4	20
5	6	26
3	6	22
3	6	21
5	9	26
4	5	24
0	5	90
0	9	89
4	7	22
2	4	20
3	6	24
3	6	22
6	9	30
4	6	27
5	10	25
8	7	34
8	8	34
1	6	21
4	12	30
3	6	22
7	6	35
5	5	30
6	8	26
3	8	27
2	7	23
1	7	20
1	6	21
5	7	24
6	15	31
2	6	21
2	8	24
2	5	22
3	5	23
4	9	24
4	6	24
5	7	24
6	8	30
0	12	90
0	11	91
0	6	20
0	25	90
0	16	91
3	7	21
4	8	22
4	8	21
1	3	21
5	7	26
4	6	24
6	9	30
6	6	24
3	8	30
2	7	23
3	8	24
8	10	28
4	3	22
4	10	30
3	7	22
2	6	22
2	5	21
5	7	23
6	11	27
7	9	26
5	7	25
5	7	23
4	6	22
3	5	23
4	7	24
3	5	23
7	11	29
6	8	26
5	10	31
3	6	23
2	6	23
2	5	21
2	6	22
4	8	22
0	12	89
0	10	91
0	9	91
6	8	29
2	6	23
5	8	27
0	1	90
4	8	23
2	5	21
3	6	23
3	6	25
8	12	35
1	5	23
1	4	21
3	6	24
3	5	21
2	4	22
6	8	24
6	8	25
7	8	26
5	5	23
6	6	27
7	8	27
1	7	21
3	6	24
3	7	22
3	6	22
5	6	23
2	8	20
2	8	21
4	8	22
6	12	31
4	6	24
0	13	91
0	7	90
7	8	28
2	8	22
6	10	32
5	12	31
6	8	24
2	5	20
9	14	34
6	11	30
2	6	24
3	6	23
5	7	24
0	4	20
2	5	22
4	7	27
7	12	35
6	8	25
0	4	21
5	11	28
1	9	90
0	11	91
6	13	29
0	11	90
0	12	91
2	8	22
2	8	23
1	10	23
4	9	23
8	14	32
3	5	21
3	9	23
2	7	22
2	7	24
4	5	22
5	10	27
3	4	21
3	5	24
4	5	23
8	10	33
5	8	23
1	3	21
5	10	31
3	7	21
9	10	32
7	10	31
7	11	31
8	9	32
8	10	30
9	11	31
9	11	30
6	12	32
5	6	21
4	6	21
2	5	22
6	9	26
5	9	30
8	12	32
5	11	26
6	9	25
5	9	25
6	9	26
4	9	24
3	8	25
4	7	25
4	8	23
1	6	24
9	11	34
9	13	34
7	7	29
9	9	29
5	9	21
8	11	29
10	13	32
8	12	31
10	11	28
1	7	21
2	5	22
2	5	22
2	4	20
5	7	24
2	6	22
3	11	89
2	1	22
4	5	21
1	2	22
1	2	21
3	7	24
2	5	20
1	5	24
1	3	21
1	6	22
0	3	21
1	2	22
0	5	21
3	7	22
2	7	21
5	10	31
4	6	26
5	8	26
5	7	28
4	6	24
2	7	23
2	5	22
0	11	91
0	13	90
4	7	24
4	17	90
4	17	91
3	12	91
4	7	23
5	8	29
4	5	24
9	12	34
0	9	90
0	5	22
2	7	20
4	6	30
4	7	25
4	8	25
2	7	22
6	8	26
5	7	25
5	7	24
3	7	21
7	9	26
1	3	22
9	11	33
11	11	32
5	8	23
7	10	32
2	7	22
2	6	21
0	-1	91
7	11	31
9	12	33
7	10	25
8	12	32
7	11	32
6	9	30
8	13	34
3	7	25
3	7	22
9	7	31
6	6	23
4	9	24
2	8	24
3	8	25
1	9	90
3	7	21
6	8	26
3	5	24
6	13	31
3	8	23
5	9	27
6	8	22
3	9	26
3	4	21
7	11	31
7	11	31
7	10	28
4	9	27
6	12	31
7	13	31
10	13	35
6	13	34
4	10	27
2	5	22
5	9	31
4	5	26
4	6	24
2	6	24
6	9	31
3	6	22
2	8	22
2	3	23
2	4	33
1	7	22
4	11	25
4	9	26
7	12	30
3	9	25
5	9	25
4	9	24
4	7	24
4	7	23
1	8	24
3	8	21
7	9	27
0	8	91
5	8	24
7	8	24
5	14	32
5	6	22
8	13	30
4	6	24
3	5	22
3	9	24
3	6	25
6	7	30
2	7	23
2	5	22
4	7	24
3	6	25
4	5	24
5	8	27
4	8	24
6	8	28
3	8	23
3	6	20
4	34	91
4	7	23
6	13	30
5	10	27
5	7	23
8	14	35
3	6	23
3	7	22
4	11	24
3	10	22
3	9	21
7	8	26
7	8	27
2	7	21
2	8	20
3	9	24
3	7	22
3	6	22
9	12	33
5	6	25
5	6	24
3	6	25
3	9	24
6	10	27
7	11	32
7	9	27
0	6	21
5	8	26
6	10	30
4	8	24
1	6	20
6	9	25
2	10	23
3	9	25
3	6	22
6	11	29
5	10	24
7	11	31
5	9	28
1	3	21
0	4	21
5	6	24
4	8	24
1	6	20
6	8	30
1	4	25
5	7	26
3	6	23
10	14	36
6	8	26
2	6	23
0	4	23
0	2	20
2	4	21
3	5	20
2	7	22
6	7	24
3	8	23
3	8	24
3	6	21
2	5	21
3	8	21
2	8	22
2	9	22
4	7	23
4	8	24
3	5	23
4	10	25
2	7	24
7	10	30
1	3	26
1	5	22
1	2	22
1	5	23
3	6	21
1	7	91
3	11	32
4	8	25
9	16	35
7	10	31
4	7	24
3	7	26
3	6	22
4	8	26
2	4	20
5	9	23
0	7	90
2	5	23
6	12	32
3	7	24
3	8	23
3	7	22
6	10	30
1	9	22
4	7	22
7	10	31
4	6	23
4	5	24
4	7	23
5	10	27
2	6	23
3	42	90
3	6	21
5	6	25
4	7	26
0	2	22
1	2	20
4	9	30
6	8	25
1	3	21
4	7	23
4	6	23
9	8	34
7	7	29
5	16	31
2	9	23
2	7	22
6	9	26
5	9	25
3	5	22
2	6	88
4	6	22
4	8	25
5	9	28
2	6	24
2	4	22
2	4	22
3	7	21
2	10	90
4	11	91
8	8	30
2	3	23
3	5	20
6	8	25
8	8	26
6	7	25
5	8	24
0	7	89
0	7	91
8	11	31
4	7	24
7	14	35
8	12	30
3	9	22
5	9	30
4	10	30
5	6	25
4	7	27
3	5	22
3	8	24
3	9	23
8	9	33
5	9	31
7	9	27
12	15	36
7	11	28
8	13	29
3	6	22
3	7	22
6	7	23
3	5	23
6	6	27
3	6	21
9	8	35
0	3	22
5	9	23
4	10	25
2	5	20
4	7	22
4	6	21
1	5	21
1	7	23
2	6	23
3	6	24
2	5	21
3	7	26
4	6	23
3	5	22
2	4	21
3	7	22
2	6	25
1	4	21
5	9	23
8	9	31
3	6	25
2	7	23
2	5	22
2	7	22
2	7	22
7	11	25
4	6	22
3	4	22
2	4	23
1	5	22
1	5	21
5	7	24
2	5	23
4	5	23
4	5	22
4	6	23
0	12	91
0	11	91
5	8	25
7	11	31
5	11	32
4	7	24
0	2	22
1	4	22
0	6	21
7	8	34
3	10	26
4	9	25
3	7	24
4	11	26
1	5	22
0	3	21
6	7	25
2	5	22
3	5	22
2	5	20
0	5	91
0	5	90
4	8	24
8	11	26
7	8	26
8	8	26
0	12	91
2	4	20
8	8	29
8	9	32
4	6	22
7	12	31
2	4	22
5	8	31
5	7	24
10	16	36
3	5	24
3	4	22
2	4	21
5	9	29
4	7	23
3	7	24
7	8	29
5	8	27
6	8	26
6	8	27
2	4	21
3	8	24
1	2	25
3	7	22
6	7	26
4	8	30
5	11	33
1	14	91
1	13	91
5	8	23
6	3	30
4	7	25
4	7	25
3	5	22
8	11	30
7	10	27
3	6	23
3	7	23
5	8	26
0	4	23
1	5	23
2	5	22
2	5	21
1	5	20
2	8	22
2	5	22
5	7	24
6	8	26
5	9	30
3	7	21
6	9	25
3	7	23
0	10	91
2	4	20
3	9	26
6	8	22
1	4	20
1	13	91
1	8	90
2	8	23
3	7	22
5	7	25
3	8	26
4	7	23
2	6	22
5	8	24
10	15	35
2	3	22
2	4	22
7	7	24
8	15	40
8	15	37
10	16	42
5	12	31
9	13	37
8	14	37
11	13	38
8	13	37
9	14	38
8	11	33
7	12	34
7	15	38
7	13	34
8	14	38
6	12	32
9	12	37
8	12	34
8	12	35
6	10	35
7	12	36
5	10	31
5	8	25
3	8	24
7	9	26
3	8	22
3	6	24
3	8	20
6	11	26
4	8	24
5	11	26
5	10	26
0	14	90
0	12	90
6	11	31
2	6	22
3	6	23
4	6	22
9	12	33
9	13	29
8	12	30
11	12	32
4	6	23
7	13	35
9	12	31
7	11	28
6	10	26
3	7	23
3	6	20
6	7	23
5	7	23
7	12	30
8	12	30
2	4	22
2	4	21
2	4	20
1	14	91
5	8	25
4	8	23
4	8	24
4	9	25
4	9	26
4	9	27
4	8	22
3	7	23
6	9	27
5	7	24
6	9	24
7	11	29
1	7	22
5	10	31
3	6	26
5	8	25
3	7	22
3	8	23
1	3	22
2	5	22
1	5	20
4	9	24
0	10	91
0	13	91
3	4	21
5	7	24
1	4	21
6	8	31
5	10	32
5	9	30
3	6	23
2	10	22
5	5	24
3	5	24
3	6	24
5	9	26
4	5	22
2	5	22
3	6	24
3	7	25
4	6	25
3	5	25
4	5	24
2	5	25
3	4	22
6	10	30
7	9	27
1	7	25
8	12	29
6	8	23
6	5	24
10	10	32
3	6	22
2	6	20
2	6	22
3	6	23
3	5	22
4	7	22
3	6	22
5	9	31
5	8	25
2	35	90
1	4	21
7	10	31
8	9	29
8	12	31
10	10	33
10	11	33
8	9	27
2	6	23
3	6	25
3	3	24
3	4	22
7	10	26
6	10	28
6	10	27
6	11	27
4	8	23
6	8	23
3	7	23
5	6	31
4	6	25
2	5	24
4	4	26
6	11	30
3	4	22
4	9	25
1	4	21
3	6	22
2	6	20
4	7	24
4	4	23
4	7	25
5	7	23
2	4	21
7	8	24
2	7	21
2	5	23
6	6	26
3	3	90
8	8	32
4	8	24
4	8	22
4	9	24
5	9	30
3	7	21
11	10	34
3	7	26
3	8	25
1	7	23
5	8	23
4	8	22
7	10	36
5	9	25
6	7	25
2	9	22
3	8	22
3	7	21
2	6	21
6	12	31
8	11	30
7	10	28
7	13	30
6	10	26
6	12	27
1	7	20
1	10	91
19	17	90
4	6	23
9	12	33
7	7	26
4	6	21
8	11	29
1	4	20
4	7	26
3	6	20
5	8	26
2	6	21
3	7	23
3	7	23
4	7	22
4	7	23
2	5	22
3	8	24
6	10	29
1	6	21
5	9	30
5	9	26
5	11	30
3	8	26
2	8	23
4	8	25
5	8	26
4	8	26
2	6	22
2	4	22
5	8	23
3	3	22
0	5	20
1	6	21
4	7	23
3	8	26
6	9	27
0	2	21
0	2	22
0	2	22
2	5	22
4	5	23
0	1	20
5	6	22
8	9	34
7	9	30
3	7	26
3	4	23
2	5	21
2	9	21
5	9	23
5	8	25
2	7	22
4	6	26
2	6	21
3	6	23
5	7	23
5	27	90
7	10	27
5	8	25
6	8	31
3	5	24
2	4	23
0	43	91
0	3	22
0	10	90
4	6	22
4	7	24
4	6	23
34	36	91
4	7	22
8	11	32
3	4	23
3	5	22
6	7	25
2	4	22
3	2	21
3	6	26
3	7	23
2	7	22
3	7	23
2	4	20
4	11	24
2	8	22
7	10	27
1	4	23
0	4	24
2	4	22
1	4	24
5	6	25
3	10	30
9	8	34
4	5	21
2	7	21
8	8	30
7	12	31
1	4	22
1	3	23
3	9	24
1	5	22
7	9	25
4	6	24
5	6	22
5	7	26
2	4	21
1	4	22
1	6	21
0	19	90
2	6	22
1	5	21
0	22	90
7	13	28
0	16	90
6	7	25
6	10	30
4	7	25
3	7	23
2	6	22
9	9	30
6	7	25
9	9	28
5	10	31
8	11	29
2	5	21
3	5	22
7	8	28
3	5	22
2	5	21
1	4	23
4	8	24
4	7	23
3	7	22
7	9	26
6	10	31
2	7	22
9	9	33
7	7	31
9	11	38
4	6	24
5	8	23
8	12	29
9	10	34
4	5	23
3	5	23
3	5	22
0	13	90
0	15	91
10	14	37
10	13	37
8	11	31
8	9	28
5	8	24
2	8	22
3	8	21
5	8	26
4	13	31
0	6	90
4	9	24
3	10	25
4	8	22
4	9	24
3	6	23
3	7	22
3	8	30
3	6	24
3	5	26
7	11	31
6	11	28
6	10	28
6	9	25
5	8	22
4	7	22
3	7	22
2	4	22
1	3	22
5	8	26
2	7	22
2	6	21
5	8	24
1	4	22
2	5	21
4	7	23
7	10	24
4	8	23
8	10	28
1	4	22
0	3	21
2	5	20
6	10	35
3	11	24
3	5	22
2	6	21
4	10	23
3	7	25
3	9	24
2	8	23
0	9	72
0	10	91
3	8	24
8	13	37
8	9	32
4	6	22
4	6	22
4	5	20
10	13	32
9	13	33
8	12	31
3	5	23
7	10	29
4	4	22
9	15	38
2	4	23
5	6	24
1	5	21
3	6	22
6	11	26
7	16	33
3	8	23
7	7	24
4	12	30
2	8	21
3	6	22
6	7	24
3	6	21
4	11	27
4	6	22
5	7	23
8	11	31
6	7	26
9	11	31
9	15	35
3	7	23
2	8	24
2	8	23
4	8	22
6	8	23
6	9	28
2	6	22
4	8	25
4	8	24
5	8	25
3	6	23
0	-1	91
3	6	20
5	8	24
2	6	21
7	8	25
12	16	38
8	10	30
3	5	23
3	5	22
0	9	91
5	7	25
7	8	27
2	6	22
5	9	22
7	10	28
6	10	30
2	4	22
3	7	22
3	7	24
4	7	25
5	8	25
4	7	23
9	10	31
2	6	22
0	9	90
4	6	24
6	11	31
3	8	25
2	9	25
0	3	23
3	8	24
2	5	23
2	5	21
7	12	29
1	3	21
0	5	20
2	3	21
3	8	22
5	7	28
3	6	25
2	6	22
6	6	27
5	9	27
3	3	24
0	25	91
3	7	22
4	7	23
2	9	22
3	8	22
1	3	21
4	8	24
5	8	32
7	8	27
4	6	21
4	7	21
2	7	22
3	5	24
7	12	28
3	9	22
2	6	20
4	7	25
3	6	22
7	5	31
2	5	21
4	8	23
6	8	28
2	6	21
5	9	24
6	8	30
3	8	22
2	6	23
9	13	29
5	7	25
3	6	22
5	10	26
3	8	21
4	9	23
3	9	22
4	9	24
3	5	21
2	8	22
2	7	23
5	7	26
3	3	25
1	3	23
2	2	22
6	7	24
5	8	31
4	7	26
5	5	23
1	3	22
7	7	26
5	9	32
2	5	23
3	9	24
4	8	26
3	6	21
2	6	21
2	4	22
4	7	24
3	7	27
2	6	20
4	6	23
3	5	22
1	16	91
7	10	31
4	10	29
3	7	23
5	10	26
5	8	27
8	12	31
8	12	30
4	10	26
1	5	22
1	4	22
1	6	21
2	6	22
5	7	25
5	7	25
6	9	25
3	7	27
7	6	24
3	4	22
5	11	31
4	7	27
8	13	31
7	9	26
5	11	31
5	11	26
5	8	25
3	7	22
2	4	22
5	7	25
6	8	25
0	2	24
1	4	23
2	5	20
2	5	22
2	3	22
3	5	23
2	6	24
3	6	23
4	6	23
7	7	23
6	10	32
8	9	30
6	9	26
7	9	27
5	8	28
5	8	32
5	6	23
2	6	21
5	8	24
4	6	23
4	10	27
2	5	21
3	10	26
8	9	29
8	10	30
4	7	23
1	4	20
5	22	90
12	16	37
12	16	38
4	6	25
4	6	23
3	7	21
4	6	21
5	8	30
8	13	29
5	8	26
5	7	25
3	6	23
1	3	22
9	7	36
1	5	21
2	2	23
2	8	22
2	4	22
3	6	24
4	6	22
3	8	24
4	8	23
9	9	34
4	8	24
3	7	23
6	11	31
3	6	23
5	7	25
3	5	21
6	7	25
8	10	28
4	6	21
0	3	20
0	6	20
5	8	25
4	6	21
6	7	24
6	11	31
4	7	22
5	9	30
4	5	22
8	12	32
8	10	30
4	9	25
3	6	22
7	8	31
2	8	23
3	5	22
3	6	23
5	9	30
3	7	25
4	7	24
3	6	22
7	7	25
5	8	25
8	8	25
5	6	25
0	20	90
5	13	30
3	7	23
2	7	22
2	6	21
3	5	22
4	6	22
4	8	24
4	6	24
4	6	23
4	6	22
4	8	26
3	7	24
2	7	21
3	8	23
4	9	23
2	4	24
5	11	30
6	13	30
0	9	90
0	6	90
0	9	90
0	9	90
0	4	91
4	8	25
5	7	25
4	7	23
5	9	26
4	6	23
1	10	27
9	10	31
9	10	29
9	11	34
7	9	28
9	12	28
10	14	31
3	6	25
3	4	22
5	7	25
2	8	21
6	12	30
5	8	26
9	14	31
8	12	31
3	5	21
2	7	24
3	6	23
3	5	23
1	5	24
10	12	30
9	12	32
7	11	30
8	12	29
0	7	91
2	4	21
6	13	30
6	10	31
5	9	24
8	7	30
5	9	23
4	8	23
3	7	22
2	8	22
4	7	22
0	13	85
6	11	30
3	6	26
3	6	23
7	12	29
5	10	25
3	5	23
4	6	23
3	6	22
3	6	21
6	6	24
0	7	20
2	4	21
0	11	91
0	12	90
2	7	23
3	7	24
2	7	22
1	4	22
3	7	21
6	13	30
2	6	20
3	6	25
3	6	23
6	10	27
4	8	23
3	6	24
2	6	21
3	6	23
7	12	30
4	8	22
6	9	30
3	6	20
9	9	34
5	7	30
3	7	22
5	11	30
3	7	25
3	11	25
4	10	26
2	10	25
4	8	26
3	9	21
9	11	35
5	10	31
8	7	27
1	2	24
6	15	33
9	13	34
6	10	28
6	10	27
2	4	21
4	7	25
3	5	21
3	9	24
2	7	23
4	10	24
2	7	22
3	5	23
5	6	22
5	7	24
4	6	23
5	8	24
3	6	21
2	5	21
5	8	24
5	8	23
5	7	22
7	9	30
7	11	30
7	7	24
6	7	31
7	8	28
4	8	24
3	9	25
1	1	24
3	11	25
4	7	24
3	8	25
4	9	28
5	8	25
5	7	26
4	7	24
4	10	26
5	7	24
3	4	23
3	3	22
4	5	22
0	4	90
4	5	25
2	4	23
4	5	25
5	5	30
3	5	27
4	4	25
4	5	26
3	7	23
4	8	25
5	9	26
3	7	24
2	7	20
3	5	24
2	6	22
2	6	20
2	6	21
6	9	23
2	4	23
3	6	21
7	9	30
7	10	28
7	5	31
8	9	26
4	11	31
3	7	22
6	8	26
4	6	25
2	7	22
5	7	23
1	5	20
3	6	22
4	8	24
5	11	31
6	9	26
6	13	32
7	13	32
6	8	24
0	3	22
11	16	36
2	8	22
5	9	27
5	12	31
8	9	28
5	9	27
1	5	21
3	12	26
4	8	24
5	13	35
2	4	24
1	2	20
2	4	21
4	7	24
2	6	22
5	10	26
8	12	30
7	11	28
3	7	23
8	11	31
4	8	22
8	10	26
4	7	23
5	7	23
7	13	30
8	11	32
1	4	20
4	7	23
5	8	25
4	7	24
3	6	22
5	8	24
1	7	22
1	5	21
5	8	26
5	6	24
5	7	24
7	9	27
3	7	24
7	11	28
5	8	22
3	7	20
5	10	30
4	8	30
5	9	31
3	7	22
6	9	31
5	11	30
3	7	26
4	7	26
3	7	25
3	6	23
2	5	21
3	6	22
5	10	31
4	7	23
7	10	33
6	13	33
2	6	21
4	8	23
3	7	20
7	12	31
4	8	24
5	7	26
5	9	25
5	7	30
3	4	25
2	5	22
6	10	28
7	10	28
7	11	27
6	11	30
3	8	25
4	9	23
3	9	23
3	9	22
4	9	31
3	8	24
1	12	91
0	11	90
4	7	22
5	11	26
6	9	30
3	6	23
4	6	22
3	6	20
3	7	23
7	9	32
5	8	30
3	7	25
7	12	35
4	8	24
7	12	35
4	6	22
4	6	22
5	7	23
5	11	27
5	9	30
5	9	25
4	9	25
3	8	25
4	8	24
3	7	23
3	7	24
6	9	28
4	11	27
0	5	21
0	5	20
0	5	21
7	11	30
8	10	27
6	9	32
2	4	21
6	9	31
3	9	26
3	8	23
6	12	30
5	11	30
6	11	31
5	9	26
3	9	24
5	7	25
5	6	23
2	4	20
3	7	26
6	12	31
2	7	22
3	5	24
3	6	21
9	14	34
4	8	25
6	11	31
5	8	26
4	8	22
3	5	21
9	10	30
9	11	31
8	15	35
6	12	31
4	11	27
4	9	25
6	11	26
6	11	32
6	12	31
7	8	25
10	9	32
0	5	89
1	13	91
3	7	21
5	12	33
7	9	33
4	7	24
9	13	35
2	4	20
4	7	23
4	9	22
5	11	30
6	8	30
8	10	32
2	4	24
5	9	24
4	9	30
2	7	23
1	5	21
1	4	20
6	10	24
1	4	22
4	4	24
7	11	27
2	5	21
6	8	24
5	6	24
1	7	20
2	6	21
2	3	25
0	3	22
1	2	23
1	2	23
1	2	22
1	3	26
3	4	25
0	3	21
2	2	24
3	4	30
3	8	21
5	9	30
4	4	24
2	4	23
3	6	24
1	3	20
3	8	31
6	9	26
4	8	25
2	6	26
3	7	22
3	7	23
1	2	22
1	2	21
5	6	25
1	2	23
3	5	23
2	6	22
2	6	23
2	3	21
5	10	26
0	9	76
3	5	23
4	7	26
10	9	33
8	14	33
4	9	25
5	6	25
5	7	23
6	8	30
4	5	24
1	4	22
2	7	24
2	5	24
6	4	32
2	5	22
2	5	20
3	5	21
6	8	25
3	6	24
2	5	22
1	4	22
0	4	21
1	3	22
5	14	30
3	9	24
3	8	23
5	10	26
6	16	34
5	14	33
3	8	23
3	8	22
3	7	22
5	11	26
6	13	30
3	8	26
6	11	29
5	5	22
1	4	23
0	6	22
7	12	30
9	11	30
6	7	28
4	6	24
7	11	26
4	5	24
7	9	30
4	4	25
5	9	26
8	10	32
7	10	28
4	9	25
5	11	25
9	13	29
2	6	25
3	5	22
3	5	21
1	4	21
0	9	90
0	7	91
0	16	90
2	5	21
4	4	24
5	6	27
1	1	21
6	11	32
1	7	21
6	9	25
8	11	29
2	7	20
3	4	21
8	12	30
3	7	25
3	7	26
6	11	31
4	6	23
4	7	26
0	2	22
4	6	22
3	7	21
4	9	30
4	8	25
4	9	26
2	4	21
3	8	23
4	6	25
6	11	26
2	6	21
3	7	21
3	6	21
3	5	22
4	6	22
10	12	33
7	9	28
7	9	29
4	7	24
3	6	25
3	6	22
0	4	21
5	8	30
0	3	20
4	6	23
1	3	23
0	4	21
3	12	30
5	8	32
4	6	24
7	10	32
8	13	34
9	11	32
8	9	31
8	11	30
7	10	32
6	11	30
7	10	32
1	3	21
3	5	20
3	7	24
2	6	23
2	8	21
2	6	22
4	6	22
2	6	24
2	6	24
6	12	31
4	9	32
4	6	23
8	11	32
7	10	30
6	9	26
8	9	29
5	6	27
4	7	24
8	11	36
2	9	22
4	10	23
4	6	21
4	2	21
4	11	24
6	6	27
5	8	25
5	7	25
3	5	22
1	2	22
5	7	25
1	4	21
1	13	91
0	16	91
0	15	91
2	6	22
9	11	33
1	6	20
3	5	22
7	9	31
3	7	26
3	6	24
3	6	23
7	8	27
2	6	21
7	11	26
7	9	29
6	9	33
6	9	27
5	10	28
2	6	20
4	4	22
6	8	23
4	8	26
1	6	21
5	9	23
5	9	27
5	8	23
6	10	31
4	6	23
5	6	22
5	6	24
4	7	26
3	10	23
1	5	21
2	6	21
4	6	23
3	7	23
2	7	22
1	7	20
10	11	33
1	6	21
1	3	22
5	11	30
6	7	24
6	7	25
11	15	37
9	9	32
10	10	32
9	9	30
0	6	90
0	13	90
0	13	91
4	5	23
3	4	22
5	12	30
3	5	24
4	7	25
3	8	22
1	4	20
3	4	24
6	8	23
3	4	23
2	7	23
2	6	22
5	12	27
7	11	30
6	11	32
9	12	28
6	13	36
5	8	26
7	9	28
5	9	26
6	11	32
4	9	25
3	5	21
1	3	21
3	8	22
3	8	23
5	9	28
5	10	27
6	8	24
3	8	21
2	7	20
5	6	26
1	7	21
2	5	20
6	9	25
6	8	24
4	9	24
6	8	23
3	5	24
4	8	23
3	9	24
4	5	24
4	8	23
2	4	21
5	10	33
6	9	26
1	5	22
3	8	24
3	7	23
3	6	21
1	3	20
3	6	22
9	13	30
6	6	26
6	6	30
4	8	22
3	5	24
4	9	31
4	9	30
4	7	25
4	10	25
6	7	25
3	9	24
3	7	23
3	7	21
3	7	22
4	8	24
4	8	26
7	11	31
7	11	32
4	11	30
5	10	27
4	13	30
4	10	27
5	9	32
4	9	24
4	8	24
4	9	25
6	9	24
7	16	91
3	7	64
5	7	26
5	7	25
2	11	24
3	6	23
1	6	24
3	5	23
6	8	27
2	7	22
5	10	24
3	4	20
2	6	23
1	5	23
5	8	26
0	5	23
7	10	32
0	5	22
6	14	30
3	11	30
3	8	23
2	6	20
2	5	20
5	12	30
3	9	30
3	8	25
4	9	33
3	8	23
4	8	30
3	6	21
1	7	21
3	4	23
6	9	25
5	6	22
3	8	22
4	8	22
2	5	20
3	8	24
5	9	30
3	8	25
5	6	24
5	7	24
4	5	22
4	5	21
2	6	22
2	7	22
3	8	24
3	7	23
1	5	21
3	4	21
1	7	22
3	7	23
5	11	31
8	12	37
6	10	29
2	6	23
6	9	26
6	10	30
6	8	28
3	7	25
3	8	24
4	9	23
4	9	25
3	8	24
5	8	23
4	8	22
3	10	30
4	8	26
5	10	30
7	10	30
6	9	29
7	10	30
8	11	31
6	11	30
3	8	23
4	9	23
7	13	32
7	8	26
2	5	21
7	12	31
4	6	23
8	8	32
6	11	27
4	6	25
5	12	35
4	8	28
4	7	26
2	5	21
6	14	34
3	6	22
4	8	27
7	13	34
3	8	23
3	7	22
5	8	27
7	12	34
8	11	35
5	10	30
5	8	25
8	12	34
4	7	27
5	8	26
9	12	36
9	14	38
8	11	33
8	13	37
6	11	32
6	9	31
8	12	33
3	4	25
3	8	23
6	9	25
3	6	22
11	14	34
5	10	27
2	7	21
6	8	27
6	8	30
4	9	28
0	4	90
4	8	23
3	6	24
5	10	30
2	5	20
3	7	24
5	9	26
5	7	26
11	14	43
10	15	41
12	13	39
5	8	25
4	8	26
1	5	22
5	9	30
1	4	23
7	9	31
7	8	31
4	7	25
4	5	26
6	7	32
1	5	23
4	7	23
4	6	22
4	8	24
4	8	23
3	9	23
5	11	26
1	7	20
4	8	24
0	15	91
0	6	89
4	6	21
0	14	90
5	10	27
3	5	21
6	9	27
7	9	30
4	5	23
0	15	90
3	10	25
8	12	34
5	7	24
4	7	21
3	8	23
3	8	22
3	8	23
3	7	21
2	7	22
2	7	21
4	2	24
8	9	27
0	14	91
0	13	91
3	7	24
3	7	23
4	7	23
5	6	26
3	7	24
4	7	25
2	9	90
3	6	23
4	11	89
2	6	21
0	8	91
4	8	24
4	7	25
2	3	21
4	8	24
3	10	25
0	11	91
9	8	31
6	12	30
6	13	30
6	12	31
5	6	21
3	6	22
4	8	24
2	7	21
4	7	22
1	4	21
4	8	22
5	10	30
3	8	24
5	11	32
6	4	27
6	9	33
6	7	24
9	9	32
9	14	36
9	10	31
3	5	21
3	6	22
4	5	24
3	6	22
6	8	31
2	3	23
4	6	21
8	9	26
7	9	26
0	7	91
2	3	21
3	7	22
2	6	21
7	10	26
6	9	24
3	4	21
0	12	91
4	7	22
3	5	22
2	5	24
2	3	21
2	5	22
3	10	24
3	6	20
7	10	26
2	6	21
8	8	35
4	6	23
0	7	90
0	9	90
0	13	91
0	9	91
3	5	22
2	7	23
2	6	21
6	11	33
1	5	21
5	9	23
1	5	23
8	9	30
6	9	31
4	7	26
5	7	33
9	9	36
7	8	30
8	9	31
1	5	22
3	7	25
0	1	22
2	5	22
5	9	29
3	8	25
5	9	25
5	8	24
3	6	21
2	5	20
4	7	29
2	3	21
5	6	25
1	5	22
3	7	23
4	9	23
3	6	23
2	7	22
2	4	23
3	31	91
3	7	24
7	8	25
4	6	21
0	3	20
2	4	20
5	7	24
1	7	23
5	8	25
3	7	23
5	7	26
5	7	25
4	7	23
5	9	27
4	6	24
4	7	25
4	11	30
6	8	27
5	9	30
3	8	24
3	7	24
3	7	22
9	10	29
6	11	30
8	10	31
7	9	28
1	4	20
4	8	24
5	9	27
2	9	22
6	8	26
4	10	32
0	35	90
38	27	90
4	8	24
8	9	30
5	7	28
4	6	27
4	7	27
5	5	25
4	6	24
4	6	24
5	6	25
3	7	25
3	7	24
4	8	24
6	9	32
5	8	26
5	7	24
4	9	24
1	10	22
3	6	23
3	7	25
1	4	21
0	3	20
2	6	25
0	4	24
0	5	23
1	5	22
1	3	21
2	9	23
2	6	23
3	7	22
2	8	23
2	4	23
2	5	21
4	8	22
4	6	24
2	4	21
6	8	32
2	8	22
2	6	22
3	7	25
2	7	21
9	12	35
2	3	21
4	5	22
4	5	23
1	3	21
3	4	21
6	8	24
2	6	25
3	5	24
5	12	76
2	6	23
2	5	21
4	11	30
5	7	24
5	6	24
3	5	25
9	9	31
0	13	91
0	11	90
3	7	22
2	5	21
3	4	21
1	2	21
2	4	21
9	9	26
4	6	25
5	11	30
3	4	22
5	10	32
2	3	23
3	6	23
2	4	20
6	11	33
3	6	21
2	6	21
7	9	24
3	7	22
6	7	25
6	9	27
6	11	31
8	10	29
5	6	23
2	3	20
3	5	22
1	5	24
2	5	21
5	8	22
3	8	24
3	4	23
2	5	23
3	5	21
0	3	21
5	7	23
3	7	21
0	7	90
9	14	33
2	8	22
4	8	24
4	8	24
8	9	25
1	13	90
0	11	90
12	10	39
5	4	22
3	5	22
5	9	24
4	8	22
3	11	23
1	4	23
8	12	31
4	6	22
4	9	25
6	10	26
2	4	23
6	12	36
5	9	22
10	11	35
5	7	23
9	11	36
4	4	25
5	7	23
4	6	24
5	8	24
4	9	30
4	8	25
5	8	22
6	9	30
2	5	20
5	8	23
0	12	91
7	9	26
2	10	22
5	7	24
2	7	22
4	10	31
4	7	24
4	8	23
1	5	22
5	9	32
6	9	26
5	7	26
7	9	27
4	7	22
4	5	24
4	7	24
4	7	23
4	9	25
4	7	26
0	2	23
3	6	22
2	6	20
2	6	23
1	6	21
2	31	74
5	10	30
5	7	22
3	7	22
1	5	21
2	7	23
4	8	28
2	5	20
2	61	91
3	8	25
0	3	22
4	9	30
7	9	25
10	10	31
9	13	29
2	6	21
1	8	22
8	11	33
6	6	30
5	8	32
6	7	36
5	6	30
6	9	30
6	10	31
4	8	24
5	7	25
4	6	22
7	9	32
2	6	23
5	8	23
1	5	21
5	10	33
2	5	20
7	8	24
5	10	27
2	6	20
7	10	30
7	10	27
3	6	22
4	7	24
12	13	59
0	3	21
4	9	25
6	11	32
5	12	31
5	12	27
7	12	31
4	7	22
4	7	24
4	6	21
4	8	25
7	10	30
5	7	22
4	7	24
1	6	21
1	5	20
1	5	20
3	13	31
4	8	26
7	7	25
3	6	22
6	9	28
4	6	25
2	5	20
2	2	22
8	9	26
2	9	24
4	6	23
10	12	33
1	4	21
10	15	32
10	17	36
7	12	31
7	11	29
6	10	27
1	3	21
0	4	22
0	4	20
1	8	32
2	6	30
5	7	24
4	8	24
4	6	22
2	6	21
5	12	35
6	10	31
2	5	22
3	7	21
5	8	22
3	6	23
6	11	31
0	6	24
2	7	22
4	7	23
0	9	91
0	9	90
2	4	23
8	9	33
1	3	23
4	7	27
4	8	25
1	4	20
4	8	29
8	13	31
5	5	25
8	10	32
4	7	24
3	5	22
6	8	25
5	8	23
10	12	35
3	10	24
5	8	26
4	9	26
5	11	32
1	6	22
4	7	23
4	7	23
8	14	29
3	8	27
3	7	24
6	8	23
4	7	25
5	8	25
4	9	27
4	9	24
4	8	23
5	9	24
2	6	22
3	7	24
2	7	23
5	9	24
4	8	25
4	7	24
3	7	22
2	8	22
4	8	23
7	8	25
2	5	21
3	5	24
3	5	21
2	8	21
3	4	22
8	11	27
3	6	20
5	10	25
9	10	27
4	8	23
3	7	21
5	9	26
3	10	25
2	8	24
9	12	30
6	11	29
4	9	26
2	4	21
4	10	27
3	6	24
2	7	22
1	5	23
4	12	30
2	4	21
3	10	26
2	3	21
4	7	25
4	9	27
3	5	22
3	6	23
8	9	30
7	10	27
5	9	26
0	7	91
4	9	23
2	15	91
5	7	24
0	1	90
0	0	91
0	1	90
0	1	90
2	6	24
6	8	28
4	9	25
4	9	26
5	9	27
5	9	31
3	6	23
3	5	23
2	6	22
2	4	20
3	4	23
3	5	21
1	3	24
1	3	23
1	3	22
5	10	29
5	8	23
0	3	21
6	9	26
5	5	23
7	15	34
9	18	36
9	10	26
7	9	26
4	11	24
3	6	23
4	5	22
4	5	22
5	5	25
6	12	28
3	10	25
2	8	23
3	9	24
3	8	23
3	6	21
2	6	22
0	12	91
0	5	91
0	9	91
0	12	91
1	15	91
3	3	21
3	8	23
1	7	22
2	3	21
4	7	23
1	7	23
1	7	22
7	9	32
3	8	26
5	6	23
4	8	25
0	9	90
3	9	23
7	11	35
5	7	22
0	2	90
0	4	91
4	7	25
4	7	25
3	5	22
3	8	25
3	7	23
3	8	22
6	6	25
2	5	22
6	7	24
6	12	28
9	10	31
5	8	24
4	6	26
6	8	25
4	7	26
2	8	21
5	5	23
5	10	30
3	6	22
5	9	26
2	5	21
0	6	20
1	4	20
14	14	88
3	7	21
0	5	22
9	12	32
3	7	25
2	6	24
1	6	22
3	8	24
4	8	23
4	7	24
3	6	23
4	6	22
12	11	34
8	14	30
6	13	34
2	5	21
8	13	32
4	6	22
4	5	23
2	5	23
2	7	23
4	7	24
4	7	23
8	14	33
8	12	32
7	14	34
6	13	29
8	12	33
5	12	30
7	14	32
6	14	31
5	11	27
3	11	26
6	10	27
4	10	25
1	4	23
1	2	21
7	13	33
6	10	30
7	9	24
4	6	22
0	15	81
7	8	30
3	4	21
11	10	32
8	11	29
9	12	33
8	11	31
4	6	22
3	6	23
3	5	21
25	28	90
5	10	30
3	7	21
8	13	30
6	8	24
5	6	24
1	7	21
5	10	25
0	6	20
1	5	20
3	6	22
5	15	89
2	12	90
10	27	90
3	8	22
2	4	22
2	4	20
2	6	20
4	6	22
4	8	23
5	8	23
4	7	24
2	7	23
8	11	33
3	12	32
5	10	27
3	10	24
3	4	23
5	6	23
4	8	22
6	12	30
5	13	30
5	11	30
7	12	30
7	9	27
7	8	26
2	9	91
0	4	23
2	7	21
2	5	23
5	6	25
4	11	26
6	8	25
0	4	23
3	6	26
4	8	21
3	8	21
6	6	24
5	12	27
6	8	31
2	5	21
3	9	22
4	9	25
5	8	25
5	8	24
3	7	21
6	8	25
3	7	24
0	4	23
0	3	22
9	10	32
2	5	22
5	7	25
4	7	24
4	5	23
3	5	22
0	2	20
2	5	22
2	4	22
0	6	90
2	3	22
3	6	22
3	7	21
0	8	91
0	8	91
2	5	22
2	4	21
4	8	24
2	6	22
3	6	21
6	6	29
5	10	30
2	8	22
4	4	22
3	7	20
3	7	21
4	6	23
2	8	23
5	8	26
1	5	20
3	4	21
2	5	20
6	9	26
2	6	23
4	9	22
7	11	26
6	15	30
4	10	25
4	8	24
4	8	23
6	12	30
5	9	23
1	5	23
6	12	30
5	8	23
9	10	32
0	8	90
0	9	90
3	7	21
4	9	24
4	7	22
4	6	22
1	18	91
1	-1	91
0	-1	91
7	12	30
2	6	23
1	7	20
0	17	91
0	13	91
0	4	21
4	7	22
4	8	24
3	8	21
3	7	24
3	7	22
3	7	23
4	6	23
2	3	22
5	6	25
6	8	30
8	6	28
0	8	91
4	6	23
3	5	22
4	5	22
2	6	20
1	3	20
2	5	22
4	8	25
9	12	31
4	9	25
3	10	26
3	8	24
2	9	24
3	6	23
2	5	22
2	4	21
6	10	24
2	6	21
7	12	32
4	8	22
4	9	25
3	8	24
7	11	28
2	4	23
5	14	30
5	9	26
6	11	32
3	9	25
5	10	24
4	9	25
4	8	24
2	7	23
3	8	22
2	6	22
4	6	22
4	8	23
2	8	30
5	10	26
6	11	25
2	4	20
1	4	91
1	10	91
5	8	24
6	11	26
6	11	32
3	6	23
3	4	26
1	5	21
8	8	32
5	9	30
0	4	69
2	4	22
2	6	21
3	9	22
6	9	26
8	12	31
8	11	32
5	10	30
6	10	30
6	9	24
6	9	27
6	9	31
6	8	26
6	12	33
6	8	27
6	9	32
6	9	28
4	10	25
0	6	20
1	4	22
6	8	30
2	3	22
8	11	32
3	7	24
4	7	26
4	7	25
4	8	26
5	10	30
3	9	25
3	6	24
3	6	23
6	10	30
7	9	25
2	4	22
7	9	25
3	7	23
5	11	30
3	4	22
2	6	22
3	7	22
3	6	22
4	10	23
7	11	31
1	4	21
3	8	21
4	10	23
10	14	34
11	16	39
9	14	34
4	6	21
5	9	23
4	7	23
3	5	22
5	6	22
2	5	22
8	8	31
8	8	29
3	6	22
5	34	90
3	4	24
2	6	21
3	6	22
8	11	26
4	9	23
0	9	90
0	10	90
4	6	23
3	8	25
4	6	23
4	10	27
3	7	22
3	7	22
7	8	26
1	5	20
4	6	22
6	9	31
5	11	30
5	11	28
7	11	33
6	8	32
6	9	33
7	9	33
6	9	34
5	5	25
4	5	25
3	6	25
1	4	23
0	-1	76
3	6	24
2	5	23
1	2	21
3	10	26
6	8	25
1	4	21
1	5	24
2	6	90
4	10	90
3	9	27
3	8	25
3	6	25
3	6	22
1	5	20
1	6	22
3	6	22
3	6	23
2	5	22
2	4	23
2	5	24
3	7	23
3	6	25
3	6	24
3	7	23
4	7	24
6	11	30
9	12	32
1	4	22
5	11	33
8	9	32
7	9	31
7	8	31
7	10	30
6	9	30
4	6	25
5	8	31
4	8	30
5	9	33
4	7	30
3	5	27
3	5	22
2	4	24
2	5	22
1	8	22
2	6	22
0	4	21
7	13	33
4	5	24
3	3	22
3	5	25
0	7	91
6	8	25
7	8	24
0	5	22
1	3	24
3	24	90
1	3	26
1	3	22
0	8	90
4	6	23
4	6	21
4	6	23
4	4	21
3	6	23
1	2	22
2	6	22
4	10	25
6	11	26
6	10	26
2	3	23
1	4	21
3	6	22
3	8	26
4	6	23
5	7	26
4	8	23
5	5	22
7	10	31
5	7	24
3	4	21
6	12	32
4	7	24
2	3	22
3	5	20
3	8	24
2	6	22
3	8	23
3	5	23
6	9	26
2	4	21
1	5	22
3	7	24
5	7	27
7	8	26
10	15	37
4	8	24
10	12	33
2	4	22
7	10	28
0	-1	91
0	12	91
0	6	90
2	7	21
4	9	24
2	5	21
4	6	22
6	11	32
4	7	23
6	9	30
6	7	25
8	13	29
8	11	27
3	7	23
6	7	25
6	7	25
3	9	24
4	9	23
6	6	24
2	6	21
2	47	91
4	10	26
11	14	32
1	10	90
0	8	91
8	11	28
4	8	24
2	5	20
9	12	30
6	14	32
6	4	25
4	4	24
4	4	24
5	6	30
7	9	25
9	16	37
5	7	28
7	8	25
3	8	24
0	8	90
0	7	90
10	13	32
7	12	26
2	3	22
7	12	31
7	11	28
5	10	26
3	7	23
4	7	24
1	4	20
6	9	25
3	6	24
4	6	25
2	5	20
3	5	22
7	10	28
1	5	22
4	8	25
6	11	29
8	12	33
12	15	41
1	6	20
6	8	26
4	7	24
3	7	23
2	6	20
5	6	23
4	7	25
4	6	23
4	9	23
3	7	24
5	11	30
4	5	23
5	11	24
4	10	25
5	9	23
5	7	23
3	6	20
4	9	23
3	8	23
5	8	24
5	9	31
3	6	21
5	8	24
2	6	23
2	5	23
2	4	20
4	8	26
2	8	21
5	10	25
5	7	24
5	8	24
4	6	24
3	5	24
10	15	34
9	11	29
5	7	22
1	4	21
5	9	30
2	6	22
2	4	21
0	4	21
2	7	23
9	13	34
5	7	28
6	9	30
2	4	22
2	5	24
7	8	26
5	7	25
7	9	28
6	8	25
4	5	22
4	5	21
3	7	23
6	9	30
0	6	90
0	7	91
9	10	35
3	6	23
7	11	30
5	10	26
2	5	22
2	5	22
5	7	26
1	5	22
3	8	24
0	1	91
0	1	91
0	4	51
3	6	24
1	4	21
5	7	22
2	4	23
5	6	30
2	3	23
6	12	31
4	7	24
0	-1	77
0	5	90
0	8	90
3	5	23
9	10	32
2	30	91
3	8	22
3	9	22
3	8	21
2	7	21
8	8	30
3	7	22
3	6	22
4	8	26
4	7	24
6	7	25
6	7	24
7	9	30
7	8	27
6	7	26
2	7	23
1	5	21
4	3	21
2	7	21
5	8	31
9	14	34
3	6	23
3	6	22
3	5	21
3	7	20
3	9	24
3	5	22
0	4	91
0	11	90
7	10	26
7	8	26
3	6	23
3	7	22
2	5	21
3	6	22
2	6	25
2	8	21
3	9	23
3	8	22
3	6	22
6	10	26
7	8	28
4	8	23
3	9	21
5	8	29
0	6	24
1	2	20
7	10	28
8	13	34
2	5	24
2	5	20
5	7	25
3	7	23
3	6	21
2	7	23
2	6	22
3	9	24
7	8	28
6	9	26
5	7	27
4	7	24
5	9	27
4	7	25
6	12	35
3	8	30
5	7	23
4	6	23
4	7	25
4	6	24
1	5	30
6	8	24
4	5	24
4	6	23
4	6	22
3	6	20
6	13	31
6	11	32
2	6	21
6	11	29
6	9	24
3	7	22
2	6	21
8	10	32
0	3	20
1	5	20
1	3	20
2	4	22
1	3	22
5	8	25
5	9	23
8	11	26
5	10	24
4	7	26
5	8	25
2	4	23
2	6	21
0	6	91
0	7	89
2	3	22
8	11	33
9	11	34
9	10	35
10	9	34
10	9	33
4	4	21
5	8	25
6	9	26
2	6	22
5	8	24
6	8	24
6	7	30
5	7	28
5	7	29
3	8	25
4	8	26
5	7	25
3	5	22
3	5	20
0	5	22
6	12	30
2	7	23
2	7	22
5	6	22
3	7	22
4	10	22
3	6	25
5	8	26
5	9	26
2	10	23
3	7	24
3	5	21
9	12	31
2	7	23
7	10	33
5	9	32
5	6	26
1	3	21
2	6	22
1	6	21
8	9	25
3	7	24
2	6	22
3	4	22
9	11	31
0	4	20
3	7	22
6	9	25
7	12	29
3	5	21
5	8	23
8	8	30
8	8	31
7	8	28
4	5	24
2	7	22
2	4	22
0	2	20
2	6	22
2	6	22
3	5	20
4	8	27
3	5	24
2	5	22
3	6	24
3	6	22
3	6	22
9	12	34
0	8	90
0	9	91
1	7	25
8	12	31
5	11	30
6	16	35
8	12	30
9	11	28
11	15	35
1	3	23
3	4	25
8	10	30
7	13	28
0	11	90
3	4	22
1	14	87
3	8	24
1	5	22
0	5	23
1	3	22
3	7	21
7	11	27
3	5	23
4	8	26
8	12	33
6	8	31
3	6	21
4	7	24
4	7	23
3	6	22
2	8	21
1	3	25
2	4	24
1	4	21
2	4	22
3	7	22
6	9	27
0	4	23
4	8	22
4	7	25
5	7	22
6	8	26
4	9	23
4	7	23
0	8	90
0	13	90
0	4	21
0	4	23
4	8	23
1	4	21
3	7	21
3	10	26
4	8	24
1	5	21
2	4	22
4	12	31
3	6	22
4	9	24
4	7	23
3	7	23
4	6	30
6	12	30
8	9	27
1	5	20
4	4	22
3	6	22
9	11	28
9	13	28
1	6	23
3	6	22
2	5	21
2	6	26
1	4	24
2	6	23
2	7	25
4	7	22
6	11	27
1	3	22
3	5	24
4	7	22
3	5	20
3	5	21
9	11	34
5	8	23
5	7	28
2	5	22
6	8	25
5	10	30
4	8	30
6	10	23
5	11	30
0	3	22
2	7	25
4	6	22
4	8	23
5	9	31
7	10	27
1	4	20
5	10	30
4	6	21
8	15	32
10	13	35
5	13	30
7	9	28
7	12	27
6	17	34
4	6	24
0	7	90
0	11	90
9	11	31
3	7	24
3	7	22
2	6	21
3	8	24
3	7	24
7	11	30
3	6	25
4	8	24
4	8	24
4	7	25
3	7	25
5	8	26
4	7	22
5	8	24
1	2	23
5	10	26
3	6	21
0	14	90
0	13	91
3	9	23
1	6	22
8	8	31
6	6	24
10	13	31
3	8	23
1	5	23
7	11	28
7	12	28
9	13	31
8	13	32
8	12	29
5	9	25
0	11	91
7	10	34
14	16	38
11	15	35
4	12	30
4	6	23
3	4	21
3	5	21
6	8	26
5	7	30
2	5	22
2	5	20
7	9	27
10	10	33
3	8	25
3	8	24
5	8	25
3	11	23
5	8	23
4	7	25
6	11	26
5	7	24
2	6	21
2	6	26
2	5	20
3	7	21
7	12	33
4	7	22
7	9	31
4	13	33
8	14	35
7	13	34
7	14	32
6	13	34
6	12	32
5	10	30
6	11	31
5	8	23
6	9	30
0	4	91
0	3	88
0	10	91
4	9	23
6	8	25
1	12	90
7	13	91
1	5	21
9	9	28
2	7	24
4	6	21
0	11	91
8	11	30
2	8	22
4	8	23
5	11	28
0	3	23
0	4	30
1	4	25
0	4	22
2	7	23
5	10	30
2	6	21
2	8	22
2	5	22
1	5	22
3	10	27
2	7	23
3	8	24
6	8	24
4	8	26
8	7	26
9	9	31
3	6	20
6	7	24
5	8	24
5	7	23
8	11	28
6	9	29
5	12	30
8	11	32
4	7	25
3	8	24
2	5	22
4	5	24
7	9	29
2	6	21
0	3	21
5	7	24
0	11	91
4	8	23
4	7	25
4	6	25
4	6	22
2	4	21
4	7	23
4	8	22
6	7	30
0	15	89
4	7	25
4	7	26
4	12	37
3	8	25
3	6	23
2	7	23
3	8	24
1	4	21
4	7	23
7	10	30
4	6	24
2	10	25
5	17	90
1	16	89
3	6	22
0	5	22
4	7	30
0	14	90
5	8	27
5	8	25
6	13	33
6	13	31
7	12	31
3	4	20
5	10	25
5	9	24
5	9	25
5	8	27
6	9	26
3	3	22
7	11	26
2	6	21
5	9	26
5	7	24
4	7	22
3	8	23
2	8	23
3	6	24
2	6	22
2	6	21
4	5	22
7	10	29
6	8	27
2	5	23
7	11	32
6	9	30
4	6	20
8	10	29
5	9	24
0	11	91
4	8	24
4	6	26
4	6	23
0	8	35
7	10	28
4	5	24
6	9	24
7	8	27
4	6	23
7	6	25
2	4	21
2	12	38
12	13	35
2	6	21
4	8	25
3	7	22
5	6	23
2	7	23
0	7	90
4	7	23
11	15	35
6	11	34
7	15	30
0	3	20
2	5	25
9	13	35
2	6	22
3	8	24
2	6	21
4	7	23
7	11	33
7	9	30
6	11	28
4	8	24
5	8	27
5	9	24
9	10	27
5	10	27
0	5	91
0	12	91
4	5	27
4	8	21
4	9	22
4	8	21
1	5	22
2	2	22
5	7	26
4	7	24
2	5	22
1	6	21
8	10	30
7	8	27
4	6	23
2	6	23
2	6	21
3	8	23
4	6	22
2	5	21
3	7	21
2	6	21
5	9	30
3	5	21
5	6	24
4	7	24
4	7	23
5	7	23
6	9	25
5	8	25
1	7	22
2	4	21
4	8	26
6	7	27
6	8	26
0	3	22
0	2	22
4	6	26
4	6	24
6	10	34
3	9	25
5	8	24
2	8	25
3	8	23
5	6	26
6	10	32
3	8	28
5	8	25
4	9	26
6	11	29
1	8	22
3	7	22
2	7	21
3	6	22
3	6	21
3	8	23
8	10	32
5	5	22
3	7	23
3	5	23
2	6	21
5	8	22
6	9	30
2	7	21
2	4	22
4	9	28
4	10	30
3	8	27
5	8	24
2	62	89
3	9	24
2	3	21
3	8	22
4	8	23
4	9	23
1	6	22
5	12	33
4	7	24
2	10	23
4	6	23
2	5	21
3	5	22
9	11	31
0	7	90
0	9	90
8	10	28
0	6	90
6	13	34
8	12	30
4	6	24
2	6	20
5	6	26
3	6	24
2	7	21
10	14	34
8	9	28
3	6	22
2	8	22
3	8	22
3	7	23
2	3	23
1	6	20
2	8	25
2	3	23
7	10	31
5	9	29
5	8	27
5	7	27
3	5	22
0	10	90
0	13	90
3	6	21
0	37	91
6	8	26
4	8	23
4	8	23
3	5	22
4	8	24
7	10	27
5	9	25
2	7	23
10	11	30
4	5	23
2	6	24
3	8	26
3	6	23
1	4	23
6	9	30
6	7	24
3	5	23
0	12	91
3	6	23
4	5	22
2	6	23
7	11	35
2	5	21
8	8	25
10	11	32
0	9	91
0	10	90
4	8	28
4	6	26
3	8	25
4	6	22
5	9	25
5	9	27
11	10	34
9	9	32
9	10	32
9	12	28
8	11	31
2	4	23
7	10	30
4	8	23
1	4	21
2	7	23
3	8	25
5	10	25
4	4	30
1	6	21
2	5	22
2	6	24
3	5	22
4	7	24
5	5	25
5	6	25
4	10	30
0	8	90
0	9	91
4	6	26
3	6	23
1	6	22
1	4	22
1	3	22
1	4	23
0	1	21
4	6	25
4	9	25
1	5	23
6	9	24
3	7	22
0	4	23
0	5	21
2	5	21
0	9	90
6	8	24
8	12	31
7	11	27
7	11	29
7	10	30
6	9	26
1	5	21
7	12	35
8	12	29
2	9	24
5	13	32
3	4	22
3	8	23
3	8	22
2	6	21
5	7	25
2	7	24
2	1	22
10	16	35
12	14	34
10	12	30
8	13	32
1	3	22
3	4	23
2	4	22
0	12	90
1	10	90
8	10	28
1	3	21
9	12	32
1	3	20
4	8	24
2	5	24
5	6	27
7	11	26
3	6	22
4	6	20
4	8	26
4	7	24
4	8	25
4	7	24
5	9	27
5	7	26
4	7	25
4	5	22
4	6	24
5	14	33
3	9	24
2	6	21
4	7	30
3	8	25
7	8	30
8	10	30
2	4	20
2	4	23
2	8	21
9	8	31
3	6	23
11	12	45
3	8	21
4	8	22
8	13	33
0	8	91
0	5	87
4	9	22
6	10	26
9	9	30
2	4	20
3	6	23
8	14	31
6	14	30
4	9	24
4	9	23
4	6	21
4	6	24
3	8	21
1	7	21
7	11	30
3	6	20
2	7	23
7	7	26
5	7	24
3	5	22
1	3	21
3	5	23
5	7	24
4	7	23
2	5	21
3	9	25
1	5	21
6	10	28
2	6	21
2	6	22
2	8	25
5	7	27
4	6	26
3	5	23
3	5	23
7	9	31
4	11	28
4	12	28
0	3	21
1	5	21
1	5	20
2	8	22
2	7	21
4	6	22
4	9	27
3	8	25
5	9	28
4	6	23
1	5	20
3	7	21
2	5	22
4	7	22
7	9	26
6	10	27
6	10	31
5	10	28
6	10	30
6	10	33
5	10	30
3	8	26
5	9	26
2	5	21
0	2	20
3	7	24
4	9	24
4	7	24
4	6	22
3	6	21
3	6	23
7	10	28
6	7	24
0	4	22
5	9	31
5	9	30
6	9	27
6	11	33
5	9	28
5	8	26
5	8	27
5	7	28
0	9	41
4	10	24
5	8	24
5	8	26
5	8	26
4	7	25
8	11	31
3	6	90
0	8	91
3	5	23
3	6	22
0	3	21
5	7	23
10	14	33
9	13	32
1	5	24
4	7	22
3	5	20
11	16	34
7	10	26
8	10	31
2	6	20
10	13	34
3	5	20
5	8	26
3	6	24
3	6	20
0	5	89
3	8	24
3	8	23
6	9	24
2	5	24
6	11	30
2	5	28
6	12	27
5	8	32
3	7	23
7	9	26
9	11	29
5	11	30
6	7	27
8	9	32
0	7	90
0	10	91
4	11	25
3	7	22
6	8	24
6	9	26
6	7	26
5	8	26
5	9	28
3	7	23
3	10	24
7	8	31
5	8	28
4	7	30
5	7	30
3	5	26
3	5	24
2	5	23
3	5	24
4	5	26
4	5	26
3	5	24
5	7	25
3	8	23
2	7	21
5	10	31
2	7	20
7	10	27
4	7	32
2	7	21
2	9	24
3	4	22
2	4	23
2	5	23
1	4	21
7	10	32
7	7	27
2	6	26
5	8	25
4	9	24
6	8	23
3	4	23
0	11	90
0	6	90
9	11	31
4	7	23
1	3	21
3	5	25
2	9	90
5	5	22
6	11	28
6	7	24
6	10	27
3	7	25
2	7	22
3	6	23
3	8	25
4	7	22
4	7	26
6	10	31
4	5	23
2	6	22
3	8	22
6	34	88
4	5	24
7	8	26
3	5	27
7	11	31
10	10	36
3	5	22
3	5	21
7	8	26
2	6	23
4	7	27
5	8	26
4	8	25
6	11	27
3	7	23
5	13	30
2	7	23
7	8	26
3	9	22
5	10	27
2	6	21
2	7	21
2	6	21
3	7	22
3	6	24
3	5	23
3	5	22
2	24	90
2	5	21
4	10	31
1	4	23
7	12	32
4	6	21
6	9	26
3	6	22
4	7	32
2	8	24
4	9	24
2	5	20
1	2	21
2	7	22
9	12	38
6	8	31
3	10	26
4	9	23
1	8	90
0	4	21
3	5	23
5	7	27
6	7	23
1	4	21
0	3	21
3	6	26
3	16	66
7	10	28
5	12	36
2	6	23
1	5	22
3	7	24
0	4	20
4	6	21
4	6	25
6	10	30
2	9	22
5	9	23
0	9	90
4	5	23
0	12	90
3	6	22
2	5	22
8	12	33
2	4	22
2	6	21
0	13	90
1	5	27
2	6	22
4	6	22
3	4	23
3	6	21
3	6	24
1	6	23
0	12	91
0	9	91
8	13	33
7	13	31
3	10	23
7	10	29
2	4	25
8	12	31
3	8	23
3	6	22
4	9	24
5	7	22
5	6	25
3	5	23
4	9	26
4	7	22
3	9	23
3	4	22
6	9	26
8	11	33
5	7	23
5	6	26
5	10	27
2	5	21
4	8	26
5	15	32
4	7	23
5	6	23
4	11	28
1	7	22
2	7	22
3	7	23
3	7	23
3	6	23
7	10	28
7	10	27
3	9	25
3	7	21
0	10	91
3	11	91
6	11	30
4	10	30
4	6	22
5	9	25
7	11	30
8	13	30
1	6	22
1	5	23
2	6	21
2	6	22
2	5	23
5	8	24
7	10	27
7	11	29
3	7	23
6	7	30
2	8	23
4	9	22
5	8	22
4	9	22
0	10	89
7	8	28
4	5	25
3	4	23
2	4	23
5	8	26
7	13	28
3	8	22
0	7	90
0	8	90
0	2	89
0	7	90
2	6	22
7	9	25
1	7	21
1	6	20
13	11	32
5	6	25
4	7	23
2	4	23
9	11	36
2	5	23
2	6	22
5	7	22
2	4	22
2	5	22
3	5	23
4	8	25
4	8	24
1	37	90
0	9	90
3	7	22
9	13	34
3	9	24
8	11	32
5	11	31
6	10	31
2	5	21
2	5	21
4	9	28
2	5	20
4	7	22
7	8	24
3	9	22
4	7	23
8	13	29
7	10	34
1	14	91
0	23	90
5	8	25
8	8	33
6	11	31
4	7	21
1	5	21
1	6	21
3	8	23
4	7	21
5	12	30
4	5	23
7	10	27
2	9	22
2	7	25
10	12	34
5	8	24
4	7	23
11	11	35
2	9	25
7	13	31
5	7	25
7	8	30
1	5	22
1	5	21
6	9	25
3	9	26
2	5	22
4	7	23
3	8	25
6	9	30
3	7	24
5	7	23
1	4	22
4	5	22
4	7	23
2	6	22
3	5	21
3	12	90
3	7	23
0	5	22
1	6	23
2	6	21
6	11	28
3	7	21
3	6	21
6	10	26
5	9	25
4	8	22
4	8	24
3	7	23
3	6	23
8	9	26
3	10	31
9	11	30
1	3	22
6	8	31
5	8	28
7	10	30
2	5	22
2	5	22
1	6	90
2	8	90
1	4	20
4	7	22
1	5	24
8	8	29
6	9	30
5	6	23
6	10	24
6	9	27
3	6	25
5	8	24
7	7	30
5	8	22
2	6	22
5	13	31
5	12	31
7	11	30
4	7	24
5	13	30
3	6	23
1	3	21
1	3	22
4	7	22
3	5	22
5	10	25
3	9	22
3	5	24
5	11	35
5	7	26
4	7	23
2	5	24
1	5	22
4	7	24
5	8	30
2	7	22
6	12	30
6	7	25
5	9	26
0	5	91
2	5	24
3	5	22
3	5	23
2	6	24
3	6	26
2	5	25
1	6	21
2	5	21
1	4	21
3	9	24
9	13	30
0	9	90
1	10	91
3	5	26
3	4	21
4	8	23
3	6	24
5	7	24
3	5	23
1	5	23
3	6	24
3	5	26
2	5	21
1	6	22
1	3	23
2	5	24
2	4	23
4	9	23
5	7	24
1	6	20
4	8	24
4	7	26
5	8	24
3	10	25
4	11	25
4	6	23
0	6	91
4	8	27
5	7	26
4	6	26
4	6	25
4	6	31
7	10	28
3	5	22
2	4	22
3	7	23
3	5	23
2	4	22
2	5	21
4	6	23
2	6	21
2	4	24
2	1	21
1	1	20
4	10	91
4	7	89
5	7	30
3	6	22
6	9	28
4	6	22
2	3	22
22	27	91
3	6	24
2	5	24
1	3	21
3	6	25
4	7	32
2	6	21
3	5	24
2	9	23
1	-1	91
0	9	91
1	2	24
3	-1	89
10	27	90
0	3	20
1	4	22
0	3	20
2	6	22
7	8	26
8	10	31
3	5	27
2	4	22
3	5	23
3	5	22
1	5	21
2	9	22
4	6	24
3	6	24
1	5	20
3	3	22
3	7	25
4	11	25
2	3	21
3	4	23
6	8	25
4	5	25
7	8	28
6	13	91
1	4	90
4	9	31
4	7	27
5	8	23
3	6	22
1	3	21
0	12	90
0	7	90
7	8	30
3	4	23
3	5	23
1	6	21
3	8	22
3	8	23
4	7	23
4	5	26
1	3	22
4	8	24
0	4	21
0	23	91
5	6	24
6	7	27
3	5	27
4	5	24
0	12	90
1	4	21
0	2	21
1	4	21
5	8	23
3	8	27
4	7	24
3	7	23
4	4	22
2	2	23
2	2	22
4	4	22
4	8	24
4	7	30
6	9	30
2	3	22
1	4	22
7	10	33
5	7	22
0	7	90
4	7	26
0	12	90
0	15	90
3	4	23
2	6	23
2	4	22
2	5	21
4	5	24
2	5	23
4	12	30
5	7	29
5	6	30
4	5	24
3	6	20
6	11	26
4	6	25
3	4	24
2	8	22
1	2	23
5	7	27
4	9	24
2	7	22
0	4	22
0	2	23
1	4	20
7	8	28
3	6	21
3	6	22
3	7	24
4	8	25
1	4	21
6	6	25
5	10	30
2	6	22
5	7	25
0	3	22
5	8	23
0	3	22
0	4	20
1	4	21
11	11	35
3	7	24
1	4	24
2	6	21
2	7	24
7	8	25
4	5	22
2	4	21
1	5	21
4	6	24
6	9	25
9	9	29
5	6	23
0	3	21
6	9	30
8	12	32
7	12	29
2	9	22
4	6	25
3	8	24
6	37	91
5	12	29
4	11	26
2	3	20
2	4	21
2	6	21
3	6	23
6	11	27
4	8	22
6	8	28
6	10	31
5	7	24
4	6	23
6	8	26
6	8	25
5	7	24
5	8	28
3	6	23
2	7	22
4	6	25
2	3	24
3	6	22
4	8	25
7	11	30
0	9	86
3	8	30
5	11	30
5	9	26
4	8	25
4	11	30
3	11	26
4	9	31
2	4	20
7	12	36
4	8	25
5	11	91
2	16	89
1	3	22
0	2	21
0	3	20
1	2	22
6	8	31
4	6	23
5	8	24
5	7	27
3	7	23
4	6	23
0	18	91
0	25	90
7	13	32
7	7	31
7	7	27
6	7	27
5	9	25
5	9	24
2	6	21
1	5	20
6	9	28
0	10	91
0	-1	90
0	12	88
0	10	91
0	10	91
0	8	91
0	18	90
0	-1	90
0	14	91
0	9	91
6	6	26
6	9	26
9	10	28
2	5	21
8	11	29
7	9	24
4	9	24
4	9	23
13	14	39
3	6	22
1	8	22
2	3	22
4	9	26
3	7	22
3	7	23
3	5	21
2	6	20
3	8	24
3	6	26
4	9	25
8	11	32
5	8	25
8	7	28
6	7	25
3	10	25
5	9	24
4	5	22
5	8	24
3	5	23
3	4	22
1	5	25
5	7	24
3	6	22
5	9	23
3	7	23
3	7	21
3	8	22
4	9	30
4	9	25
3	9	25
6	8	29
4	7	27
7	11	30
5	10	25
5	8	24
4	8	25
8	11	30
5	9	33
6	10	33
7	12	35
6	10	31
5	9	30
5	12	31
3	8	25
5	12	32
4	10	27
5	8	26
5	9	27
7	10	29
5	8	25
4	9	26
2	5	23
7	5	30
5	10	24
8	15	34
6	9	25
3	7	23
3	11	25
2	7	20
4	6	22
2	5	21
3	6	21
5	6	24
8	12	33
2	7	21
3	7	21
3	6	25
4	9	23
5	8	26
9	11	35
9	9	30
2	8	22
3	8	22
2	7	23
5	9	25
5	10	31
2	3	22
3	9	24
4	8	23
6	9	27
5	9	25
3	4	23
3	8	23
4	7	29
5	7	27
0	8	22
2	8	23
3	8	24
3	7	25
5	6	24
8	12	30
9	11	31
7	10	28
8	10	32
7	9	27
5	9	26
10	13	35
4	7	24
2	7	22
2	7	22
5	8	25
4	7	24
3	8	23
4	6	24
6	11	30
4	8	23
7	11	25
2	5	21
3	7	22
3	8	25
3	5	23
4	7	32
6	11	32
3	9	27
3	6	22
3	9	23
3	7	22
4	9	22
1	13	90
1	14	90
7	13	29
3	7	22
2	6	23
4	7	24
8	12	34
5	12	30
5	14	31
5	10	27
4	9	28
6	9	28
5	9	28
3	9	23
8	10	26
0	4	23
6	14	34
8	12	33
7	13	32
7	12	32
3	3	27
6	7	24
6	10	25
6	10	32
1	10	90
0	13	91
5	7	23
6	13	30
4	7	23
5	11	30
5	8	25
2	6	22
3	5	22
5	4	24
1	4	23
5	8	25
4	12	30
5	12	31
2	8	23
5	6	22
4	8	26
1	3	21
3	6	21
7	11	30
4	10	24
2	7	23
2	9	22
3	4	26
3	6	22
2	5	20
3	6	21
1	4	23
2	5	22
1	3	22
1	3	20
4	6	23
6	6	30
4	6	24
2	8	22
7	9	27
2	7	23
3	7	24
4	7	24
2	5	23
5	13	30
2	7	21
3	5	22
4	13	26
8	10	27
8	10	31
8	10	31
8	9	32
1	5	21
4	9	23
7	11	30
2	7	22
7	10	28
6	12	29
3	9	23
4	10	24
3	6	22
5	9	28
5	12	30
2	6	23
2	6	21
3	9	30
5	13	30
2	6	22
5	10	29
5	11	30
6	12	28
1	8	22
2	5	22
5	7	25
4	6	24
3	6	22
4	6	22
1	4	20
2	5	22
8	11	28
3	4	24
3	5	23
0	6	88
7	11	28
2	8	25
8	9	30
2	8	23
3	6	23
3	5	21
4	8	24
3	5	21
5	6	25
4	4	22
5	7	23
4	5	22
4	7	23
5	9	23
10	11	38
7	10	31
3	6	22
3	6	23
4	9	24
2	7	21
1	3	22
1	5	21
0	3	23
0	10	75
2	6	22
3	8	24
4	6	24
3	6	22
1	7	21
2	3	22
13	16	38
3	5	22
3	3	22
1	6	21
2	5	21
3	6	21
7	9	30
0	4	91
6	8	25
1	5	23
7	9	24
4	7	23
5	9	30
5	12	33
5	9	31
4	5	26
4	8	25
3	8	23
1	4	21
3	8	23
3	7	22
1	3	22
7	12	27
4	8	21
3	7	22
5	13	31
5	11	30
4	11	26
5	9	25
2	6	23
1	6	20
7	10	32
5	12	31
5	9	27
5	9	28
6	8	26
6	9	30
6	11	28
11	15	37
10	13	31
4	6	24
4	7	23
4	11	30
2	5	21
7	8	25
5	9	31
0	4	22
3	8	23
4	8	23
4	8	22
3	6	22
3	6	22
2	5	20
7	5	31
7	6	32
0	4	21
0	4	22
1	4	21
3	6	21
1	6	23
7	10	26
3	7	21
3	6	21
3	8	23
1	4	21
3	6	23
2	6	21
5	9	22
3	8	22
8	7	33
3	40	91
7	7	25
5	7	24
7	9	28
3	7	24
6	11	31
1	7	21
6	9	24
9	15	32
4	8	22
7	9	28
4	8	23
2	7	22
4	10	24
5	10	32
5	5	28
6	9	26
6	11	29
6	10	27
2	7	21
5	10	30
2	7	22
8	10	28
7	13	30
3	9	23
7	9	30
3	8	23
4	7	25
3	7	25
3	7	24
1	4	21
1	3	21
3	7	20
4	8	30
6	9	25
8	11	30
8	12	30
8	13	32
6	13	32
5	9	24
5	10	25
6	11	30
2	7	21
3	6	26
7	10	29
1	4	22
0	4	23
1	5	21
1	3	23
0	11	91
1	3	21
0	4	23
0	5	22
7	10	28
2	6	21
6	11	32
8	14	32
9	10	34
9	14	32
8	11	26
4	10	26
8	7	27
5	13	31
4	13	25
5	11	30
1	4	20
6	8	24
6	8	25
4	11	25
6	15	32
9	8	31
6	7	24
4	7	24
4	8	24
5	9	26
4	6	26
4	7	23
4	7	23
1	5	20
6	8	26
4	9	25
4	8	30
7	11	30
5	6	23
5	7	26
4	10	30
3	9	25
4	4	23
5	13	29
1	5	22
3	6	21
3	7	21
2	4	21
3	8	26
2	4	20
4	5	24
7	8	32
6	10	24
9	11	30
6	14	28
2	10	26
5	9	25
5	9	28
4	9	30
4	4	22
0	6	91
3	3	22
4	8	27
3	7	26
8	10	30
2	5	20
6	9	26
6	7	34
3	7	21
6	4	25
6	4	25
1	3	22
2	4	20
3	5	20
1	5	22
7	11	30
2	9	23
2	4	22
1	6	20
2	2	21
3	7	22
2	4	22
4	8	23
0	4	22
2	5	20
7	8	26
4	7	30
2	4	24
3	5	25
3	4	22
2	4	20
4	4	26
5	5	25
2	5	23
1	5	21
6	10	25
9	12	28
5	9	30
3	6	28
5	8	30
8	10	30
6	10	28
9	12	34
9	10	29
7	10	31
8	11	30
2	7	21
0	4	20
7	10	26
5	13	30
0	7	90
0	10	91
6	8	25
6	9	25
5	8	28
2	2	24
4	6	24
3	8	20
2	4	23
2	4	21
6	8	24
5	8	30
2	5	22
7	10	26
9	9	30
6	10	30
11	16	36
9	13	30
1	4	21
4	5	24
3	5	24
1	6	20
2	6	21
5	8	23
12	13	41
3	5	26
8	10	30
7	11	27
6	10	26
6	9	25
5	10	27
5	9	25
5	9	25
2	6	21
1	5	21
1	3	22
8	10	31
5	9	25
0	5	21
4	8	22
4	4	22
9	13	35
5	8	24
7	9	30
6	8	28
6	7	28
5	7	27
5	6	24
5	7	25
3	8	30
2	5	22
3	8	24
9	15	34
2	7	21
1	6	22
4	6	23
9	10	29
4	6	21
3	9	23
4	6	22
5	11	33
5	8	24
5	10	28
0	10	91
6	8	24
6	11	26
5	13	33
4	9	24
2	7	22
5	11	30
6	8	26
5	7	24
7	8	30
4	8	24
4	9	24
7	9	28
4	7	26
4	9	24
6	13	30
6	12	30
3	8	23
9	11	30
3	9	24
2	6	21
0	3	21
2	7	23
6	10	31
3	9	26
7	11	26
7	11	26
4	7	26
3	7	25
7	11	27
4	8	24
3	8	23
4	7	23
3	7	22
6	9	25
5	8	24
6	8	25
6	8	26
3	6	24
3	6	22
5	8	28
4	9	24
1	3	20
3	6	23
5	7	24
6	9	26
6	11	30
0	10	90
0	8	91
3	7	24
4	10	26
2	6	21
3	7	22
3	6	23
3	6	23
3	6	23
1	5	22
8	10	30
3	4	23
5	13	32
5	7	24
2	5	21
2	4	21
3	7	25
6	7	25
0	5	90
0	8	91
0	8	91
0	11	91
1	3	22
3	8	27
7	11	26
4	9	26
4	9	25
4	8	24
3	8	22
3	8	24
3	8	23
3	6	23
3	6	22
6	9	30
4	8	25
1	33	90
2	9	24
0	22	91
1	7	22
3	8	27
8	9	26
6	8	25
6	7	24
7	15	32
4	7	23
4	8	22
11	15	40
5	9	28
5	10	25
6	9	26
7	6	26
6	9	27
7	8	29
1	4	21
3	5	22
1	4	22
5	8	26
3	5	22
3	9	23
1	5	22
7	10	30
2	5	23
4	6	22
2	4	21
1	4	22
0	14	90
4	9	25
4	6	23
0	11	90
1	14	91
5	5	24
2	6	22
2	7	24
3	5	23
4	8	23
4	12	30
5	11	26
3	8	24
2	5	22
5	7	25
11	15	33
11	15	33
9	13	32
9	13	32
11	13	31
6	7	24
2	8	23
2	4	22
1	3	21
5	9	25
7	13	34
2	7	21
3	8	23
3	6	25
5	6	26
2	5	23
3	5	22
2	4	20
4	8	23
2	5	22
4	7	26
8	10	30
7	11	27
5	7	25
1	5	25
3	5	21
5	6	22
7	10	31
1	7	22
3	6	30
2	3	24
3	6	22
8	9	27
4	8	24
3	6	22
1	4	20
2	5	22
0	3	21
0	3	20
1	4	20
4	7	21
4	6	22
4	5	22
2	5	23
6	9	30
7	12	32
5	9	30
3	7	23
1	4	22
4	7	24
3	6	21
2	5	24
3	8	21
9	9	26
2	5	21
3	5	23
2	4	20
1	9	90
1	6	91
5	8	25
3	8	22
8	11	31
1	6	21
3	6	22
5	10	25
5	8	26
5	7	23
1	6	22
4	8	24
3	8	22
3	8	24
1	12	91
2	6	21
8	13	28
3	6	20
1	5	21
2	6	21
4	6	22
2	3	21
4	8	27
3	7	25
4	6	21
2	4	20
0	3	20
0	3	21
4	7	22
4	10	25
7	10	31
2	8	91
5	11	89
2	5	21
10	11	30
2	4	21
3	5	21
0	2	22
0	2	21
5	15	31
4	7	26
6	11	31
9	7	34
0	3	22
6	7	26
1	5	23
4	4	25
3	3	25
3	4	20
5	6	25
8	10	28
7	12	32
2	4	21
3	7	25
3	9	23
7	8	26
8	10	29
9	9	30
5	9	28
2	8	21
1	1	21
4	6	31
6	5	30
5	5	31
6	6	35
8	11	31
5	7	24
6	8	24
8	10	31
3	8	23
3	8	21
5	7	24
2	4	21
8	9	35
6	9	31
6	11	33
8	8	28
8	8	30
4	8	25
6	10	26
3	7	23
2	9	25
3	4	21
6	8	24
8	10	27
1	4	20
2	7	23
3	7	23
5	9	30
6	11	32
6	8	30
4	7	31
5	7	26
4	10	25
0	8	89
0	6	91
2	6	21
2	5	22
3	6	23
2	5	21
7	10	91
6	11	31
5	11	31
4	9	26
3	11	91
2	6	23
3	6	23
3	6	23
4	8	22
4	7	25
2	44	91
6	10	26
3	7	25
2	5	22
3	9	24
3	6	23
3	6	22
5	10	29
8	8	27
6	13	33
5	8	25
1	5	25
2	4	25
0	4	25
1	3	22
0	2	22
0	4	25
0	3	23
0	5	22
1	4	21
7	11	32
1	5	21
4	8	24
2	5	20
6	10	28
6	9	26
6	11	32
5	7	23
6	8	27
2	5	20
1	2	23
3	3	21
3	6	23
3	6	22
5	7	25
4	8	26
5	9	26
3	7	20
3	7	24
2	7	23
3	6	23
4	6	22
3	6	22
2	4	21
4	10	24
5	8	25
8	11	27
5	5	25
5	14	30
5	13	30
5	12	31
5	13	33
7	13	30
0	10	89
6	9	25
6	12	27
4	11	25
5	9	26
6	12	29
6	13	30
5	12	33
0	6	21
7	10	31
7	8	26
7	10	30
5	6	25
5	7	22
3	8	21
2	5	20
2	5	20
0	10	90
0	9	91
5	10	26
3	6	23
3	7	21
2	5	23
1	6	22
2	4	21
4	7	22
3	6	22
7	9	30
3	7	24
1	3	21
2	6	22
2	6	30
4	7	22
2	5	23
2	6	23
1	4	21
2	6	24
3	7	23
1	6	21
3	7	23
4	6	24
3	7	23
4	7	24
3	6	24
3	6	22
6	10	26
3	5	21
6	8	30
3	7	23
4	6	24
3	8	25
6	8	25
7	12	27
2	7	21
3	8	21
4	11	24
9	12	35
7	9	30
4	10	25
3	6	21
3	9	24
4	7	22
5	8	25
3	7	23
3	7	23
3	7	24
2	6	21
4	8	25
3	6	22
8	10	29
6	8	26
7	9	28
1	4	20
4	7	23
11	10	32
5	7	24
6	8	23
5	8	24
6	9	27
8	11	29
9	14	30
4	11	26
3	6	21
7	10	25
6	11	31
7	11	30
5	10	26
8	11	31
5	10	30
7	12	27
3	7	23
6	9	26
2	5	21
2	5	21
7	11	31
5	10	30
4	9	25
3	9	30
6	10	27
2	7	21
1	4	21
0	6	22
0	7	90
0	9	91
20	24	90
1	6	21
1	4	21
8	9	31
3	8	24
4	11	31
7	7	29
7	11	31
2	4	23
2	7	22
3	6	23
5	12	30
6	12	31
5	10	30
7	11	30
5	13	30
1	4	22
1	5	22
0	-1	91
6	9	30
4	8	25
11	11	34
4	10	31
3	8	21
7	10	30
0	11	91
3	6	25
3	8	25
5	9	23
3	6	24
3	7	23
2	6	21
5	8	23
3	7	22
7	14	33
9	14	39
2	7	20
5	9	25
6	7	25
7	12	30
8	8	30
6	12	30
6	8	25
4	8	24
2	7	26
2	7	22
7	8	24
6	14	30
3	8	25
8	6	33
3	6	20
3	5	20
4	7	21
0	3	20
2	5	22
3	7	25
4	5	22
7	16	32
6	10	30
3	6	21
8	11	31
9	13	33
10	12	30
4	8	25
7	12	30
3	7	20
0	13	91
0	7	90
4	8	22
2	6	22
3	7	21
3	39	91
4	7	21
11	11	38
6	8	25
4	5	22
5	7	24
5	8	24
4	11	24
6	9	25
2	5	22
5	8	25
9	12	31
6	9	26
1	5	21
9	12	33
4	8	22
0	2	21
1	3	20
0	0	22
0	0	21
2	10	91
6	13	31
2	8	22
0	10	90
0	8	90
3	7	23
3	6	23
4	6	24
4	6	25
2	7	21
1	8	21
6	10	32
0	5	21
1	7	24
4	7	24
3	6	21
8	9	30
3	10	24
3	11	24
3	9	25
3	8	22
3	7	22
1	6	22
5	8	27
2	8	21
5	5	23
4	6	24
1	2	20
7	11	28
4	8	24
3	6	23
4	7	23
6	12	30
7	9	26
2	6	22
5	9	23
4	5	24
0	2	22
0	2	21
0	10	91
0	10	91
1	5	20
6	9	26
3	6	23
4	6	23
4	6	22
3	6	23
4	8	25
5	8	26
4	8	30
2	7	22
5	6	26
0	11	90
0	8	91
4	6	24
3	6	23
0	1	21
5	7	24
0	1	22
0	6	20
3	7	26
3	6	24
3	6	23
3	7	24
4	7	23
3	6	23
3	5	22
4	7	25
3	6	22
3	6	23
4	6	24
6	9	26
3	6	25
10	11	31
4	6	23
2	7	21
5	6	24
0	4	21
6	10	30
2	6	20
2	6	22
1	5	20
1	6	20
0	3	22
2	5	23
10	10	26
7	7	28
4	10	25
0	15	90
0	15	90
0	14	91
2	6	21
10	11	35
9	11	31
3	7	23
5	7	24
7	12	33
4	7	22
5	7	23
4	8	22
2	8	22
8	10	31
8	13	32
3	7	21
2	8	22
3	6	21
10	8	31
9	14	32
0	8	90
4	11	30
5	9	25
6	10	24
6	10	24
3	7	21
1	7	21
6	13	32
4	7	22
1	4	22
5	8	26
5	7	23
2	8	24
8	8	27
5	13	31
10	11	33
4	7	22
3	7	21
3	7	24
1	4	21
3	7	22
1	3	21
5	10	25
9	11	32
10	11	33
5	6	24
3	7	23
4	8	22
2	8	20
0	13	91
3	5	25
3	6	24
4	5	23
10	12	31
10	11	32
7	9	30
7	8	24
5	7	23
7	9	26
5	8	24
4	5	22
10	12	33
5	7	20
4	7	23
4	6	21
7	8	25
0	14	90
0	17	91
0	15	91
1	20	91
0	12	91
0	14	90
0	13	90
0	5	91
0	15	90
0	13	90
0	13	91
0	12	90
0	13	89
0	13	90
0	12	78
0	12	91
0	11	91
0	13	91
0	-1	91
0	13	91
0	10	91
0	12	90
0	10	90
0	13	90
1	10	91
0	9	91
0	12	91
0	13	90
0	12	90
0	14	90
0	12	90
0	14	91
0	16	90
0	16	91
0	13	89
0	12	91
8	11	34
4	8	25
5	8	26
7	9	28
5	8	27
3	6	24
4	6	26
3	5	21
2	5	23
8	10	27
3	8	23
6	8	25
8	12	31
11	12	32
2	8	21
8	11	30
0	12	91
0	7	91
0	10	91
0	8	90
0	9	90
4	7	30
5	10	25
3	8	27
2	6	21
4	7	22
8	10	30
7	10	27
4	7	24
4	6	22
4	7	24
9	13	32
5	9	23
3	9	24
4	10	25
2	11	23
3	7	23
4	6	22
3	8	23
6	9	25
5	7	30
1	4	24
1	3	23
1	5	21
9	9	28
5	8	31
9	10	35
6	9	34
7	10	33
8	9	34
7	7	28
7	8	30
8	9	32
7	9	32
6	8	27
9	10	33
5	10	30
4	7	22
1	6	20
5	9	27
5	9	24
0	11	88
0	10	90
3	7	22
3	9	23
3	7	26
3	6	23
3	4	24
4	7	23
4	8	24
9	13	33
7	11	28
8	11	29
8	13	32
8	10	27
5	10	30
9	11	31
6	10	29
7	7	23
6	6	26
10	9	34
2	5	22
5	12	31
5	10	27
7	10	28
1	4	23
3	5	22
1	2	20
6	9	33
3	6	30
6	10	24
6	7	26
6	8	26
6	9	30
0	14	90
1	6	91
5	8	27
4	8	27
3	7	24
2	8	22
4	10	24
5	10	30
6	7	24
7	13	34
4	8	24
4	9	25
3	8	23
6	9	30
3	5	21
8	11	91
6	7	26
2	6	24
7	14	88
4	6	20
4	6	25
3	9	24
2	8	22
3	7	23
4	5	23
8	11	33
5	10	26
3	7	23
4	6	26
4	4	21
0	2	23
2	6	22
1	5	21
6	8	31
5	7	23
3	7	20
2	6	22
5	8	26
2	7	23
7	9	27
8	6	33
10	8	37
3	6	23
1	15	90
0	11	50
5	6	25
0	1	23
0	2	21
6	8	26
6	9	25
5	5	23
2	5	21
5	12	31
7	14	33
8	10	26
2	2	20
4	12	29
4	5	22
4	6	22
3	6	21
2	3	22
3	6	24
3	6	23
2	6	26
3	7	24
2	6	23
2	3	21
1	5	23
4	6	22
4	10	30
3	7	22
4	6	23
3	4	21
7	7	26
3	5	24
0	4	24
4	8	24
3	8	23
2	9	22
3	7	23
3	7	22
4	8	24
4	6	24
3	9	24
1	4	20
0	6	21
4	8	22
1	6	76
4	9	26
2	6	25
0	4	21
3	6	24
5	10	26
7	10	27
1	6	22
1	8	21
2	4	21
5	9	24
5	5	23
3	9	26
6	14	33
6	8	23
6	12	31
3	5	23
3	4	22
5	7	26
5	9	24
0	0	84
4	7	24
3	6	24
2	7	23
5	6	24
5	11	32
4	10	24
4	10	22
1	3	21
0	2	22
4	9	24
3	8	23
4	9	25
5	11	26
4	12	24
7	11	26
6	11	26
7	10	27
3	6	23
1	1	22
5	7	24
4	6	23
4	5	22
5	6	23
3	4	23
5	5	25
3	6	25
4	5	24
5	9	27
4	6	24
5	12	32
5	8	25
1	8	22
5	15	33
5	10	25
5	11	31
6	9	30
6	10	31
5	10	31
4	8	24
6	11	31
0	18	90
4	8	25
3	6	23
3	6	23
9	13	34
5	8	21
6	7	28
6	6	27
7	9	34
7	8	30
5	7	26
5	6	25
4	5	25
3	9	22
6	9	30
3	9	24
7	10	32
4	9	24
7	9	27
4	11	24
6	10	26
1	7	22
2	5	22
2	7	23
3	7	24
4	9	23
5	8	26
4	10	25
4	10	25
9	10	33
5	6	25
4	9	26
3	8	23
10	10	31
9	9	30
1	7	21
5	7	24
2	4	21
5	6	23
0	2	20
0	2	23
2	7	23
2	7	23
7	10	28
7	10	28
6	12	31
6	8	28
6	10	30
7	15	34
1	3	21
2	6	21
3	7	22
7	14	32
8	10	31
9	10	32
9	11	33
3	7	24
4	7	22
7	8	29
4	7	23
8	11	30
8	9	33
10	9	31
7	9	28
8	9	30
4	6	22
3	8	25
4	8	23
3	8	25
6	11	27
0	3	22
14	13	34
11	14	40
7	10	29
7	11	30
5	9	30
7	13	28
5	11	24
5	11	24
5	11	30
5	4	25
8	8	25
4	8	26
7	11	32
9	12	37
6	11	26
1	11	91
2	10	90
3	7	25
2	7	21
2	8	20
7	8	24
3	4	24
2	6	23
4	7	21
2	7	20
1	4	21
8	13	28
8	12	33
2	9	23
1	5	21
2	4	21
1	8	91
8	9	29
4	9	26
5	7	24
5	11	26
2	5	21
3	6	23
4	6	22
7	10	33
9	16	33
4	11	25
4	8	25
6	11	30
3	8	24
2	5	25
4	8	23
3	6	23
8	11	29
4	16	91
0	10	91
4	12	25
2	8	23
7	12	27
7	10	32
4	9	23
2	8	21
2	5	21
10	12	30
5	6	23
2	4	22
7	8	25
11	14	36
1	4	21
4	7	23
6	9	26
8	15	33
4	6	24
2	4	20
2	4	22
4	7	24
3	7	25
4	7	23
2	7	23
1	3	23
2	6	21
1	3	23
0	2	21
0	4	22
3	4	23
8	13	34
7	11	35
6	7	25
5	7	25
0	12	91
0	8	91
3	7	22
6	11	30
8	11	33
8	10	31
5	10	26
4	7	25
4	7	22
8	10	27
4	8	23
2	5	22
0	9	77
3	7	24
3	7	24
4	7	24
5	10	28
3	8	22
3	8	22
5	10	26
5	7	25
3	6	23
8	9	27
1	13	90
7	12	28
6	7	24
7	11	31
2	4	21
2	6	21
8	9	29
0	7	89
0	16	90
1	4	21
1	5	22
1	5	20
4	7	24
4	7	24
2	9	23
3	8	24
1	6	20
10	13	29
4	9	22
3	5	25
3	5	23
2	5	22
3	5	23
4	6	24
4	6	23
4	5	22
5	10	30
6	9	30
3	5	21
2	3	22
2	3	22
3	6	24
8	7	29
8	9	32
4	5	26
1	3	22
1	6	30
3	4	23
2	5	22
2	7	28
3	9	23
3	8	26
7	7	30
6	12	30
4	9	25
4	10	26
3	7	22
2	5	21
4	6	26
5	7	34
3	6	22
2	6	21
1	7	21
6	10	30
4	6	26
3	5	22
0	6	61
2	8	23
2	6	21
2	6	21
2	6	25
2	5	22
2	7	22
2	5	24
8	11	30
9	11	30
7	10	30
7	11	31
13	17	47
7	12	30
5	11	26
5	9	26
4	8	23
0	8	91
7	11	26
0	10	65
2	3	21
3	8	26
3	6	26
1	6	22
3	7	21
3	6	23
4	5	25
5	8	24
4	7	26
1	6	25
1	8	21
4	7	23
4	6	22
5	11	26
3	5	22
1	4	21
3	7	21
3	6	25
4	6	29
3	5	22
11	13	34
9	14	31
12	14	37
3	6	23
0	10	91
18	41	90
0	5	23
5	11	28
9	12	32
5	12	26
6	7	23
6	9	28
2	5	22
9	13	33
0	5	21
7	9	26
2	10	24
6	9	25
3	10	31
0	3	20
6	8	24
8	10	26
7	9	27
3	6	23
1	5	22
4	6	23
6	8	24
2	7	22
2	6	21
2	6	21
2	6	22
2	7	22
4	9	25
3	8	22
4	8	21
7	11	31
6	7	26
3	6	23
3	7	88
3	6	22
6	9	25
3	8	23
6	6	25
5	10	24
2	7	21
6	8	26
4	5	24
4	5	24
4	7	25
3	6	24
3	6	21
2	7	20
2	5	23
3	8	90
1	7	90
2	6	22
5	12	30
5	11	31
2	5	22
3	7	23
6	8	24
9	12	37
5	7	22
5	12	32
6	10	26
5	8	23
1	2	21
0	2	22
0	3	23
1	4	20
5	8	22
3	6	23
7	12	31
5	11	31
4	9	31
4	7	26
3	7	25
3	6	24
2	6	23
1	8	22
2	5	20
2	5	20
5	8	24
1	4	23
8	10	34
1	4	23
0	2	20
1	7	31
0	9	91
0	9	91
6	10	24
0	8	66
7	9	26
2	5	20
4	7	23
2	7	22
5	10	25
1	5	22
6	9	24
6	9	23
5	6	24
2	7	21
7	8	36
3	4	23
2	6	21
2	4	21
0	8	90
0	16	91
3	6	25
1	3	22
9	13	38
4	6	30
2	3	21
2	6	23
3	7	24
3	4	23
2	5	22
3	5	21
3	7	23
4	8	24
2	4	21
2	5	21
2	8	22
2	4	23
2	4	21
3	7	23
5	11	30
6	7	25
7	13	30
2	7	21
5	9	22
4	6	23
6	10	30
0	3	23
0	3	24
1	4	22
0	3	22
2	6	22
2	6	26
8	9	25
1	5	22
4	8	24
3	7	20
6	7	31
4	7	30
6	8	32
6	6	27
7	6	26
1	4	21
5	11	30
10	15	37
11	14	34
2	3	24
5	6	22
1	3	21
5	13	34
5	10	24
3	5	21
2	4	20
3	4	21
3	6	21
5	9	31
1	4	22
4	8	25
4	6	21
3	7	24
5	10	30
8	11	31
3	6	23
4	9	23
4	9	24
5	7	24
6	12	29
5	6	24
5	11	30
2	5	23
5	9	30
5	9	27
3	7	23
3	10	25
2	5	22
3	4	21
5	9	24
3	10	25
4	10	26
4	10	26
3	4	22
5	8	25
4	8	25
3	7	23
3	6	21
0	3	20
0	3	21
4	6	23
3	5	21
3	5	22
0	3	20
9	10	33
3	8	22
3	8	23
6	12	32
5	10	30
1	28	91
5	5	24
4	6	30
2	7	23
3	6	22
2	8	21
0	4	20
0	8	91
0	8	90
7	10	31
0	3	24
0	5	22
1	3	21
3	7	21
3	4	21
4	7	24
0	6	90
2	9	24
2	12	30
3	6	22
2	7	22
4	5	21
3	5	23
7	9	26
7	8	26
6	8	27
5	9	25
0	6	91
0	10	91
3	3	90
4	10	26
5	8	22
6	9	24
4	5	23
3	7	21
1	2	23
4	8	25
4	7	23
3	7	23
7	10	30
4	6	22
6	9	25
3	7	24
2	6	21
4	8	21
4	6	23
4	8	23
2	7	23
1	4	21
5	8	30
4	12	32
2	4	20
3	5	23
3	5	22
1	11	91
7	10	27
5	10	32
3	8	21
3	5	23
3	8	22
3	7	22
1	4	20
6	15	33
3	6	22
3	7	23
5	9	24
0	3	21
5	8	25
2	6	23
5	8	32
5	12	29
3	9	26
4	7	24
4	9	30
1	5	22
1	5	21
2	5	21
7	9	26
2	10	23
4	8	22
6	12	30
2	8	26
6	8	25
5	13	30
4	7	25
4	11	28
6	8	26
7	6	31
5	10	23
2	5	21
0	8	91
0	13	90
6	8	30
6	12	31
7	11	25
4	5	25
7	10	26
3	7	22
0	9	91
6	7	28
8	13	32
3	9	24
4	11	27
1	4	20
30	36	91
3	5	23
4	5	23
2	6	21
2	5	24
2	4	23
6	12	31
0	4	21
8	11	27
1	6	21
2	6	22
4	9	24
5	8	25
3	8	23
7	11	27
3	3	22
3	4	21
2	3	22
5	10	29
0	6	55
4	7	25
3	6	22
3	7	22
4	5	22
8	11	28
5	11	29
4	10	23
7	10	25
6	11	34
4	8	23
4	7	24
2	7	22
8	11	30
7	8	32
4	9	24
5	7	24
3	7	22
3	6	22
4	6	21
5	8	23
4	8	22
1	5	21
3	9	23
2	8	24
3	6	23
2	6	21
5	10	32
5	6	25
7	8	30
2	4	21
0	13	91
0	10	91
7	13	32
3	5	21
3	7	24
3	7	22
0	4	23
4	6	23
4	8	26
5	11	30
5	8	24
3	8	26
5	9	23
5	8	22
6	14	32
8	11	31
8	11	30
7	10	27
5	10	30
6	9	25
6	9	24
7	9	30
0	4	23
4	7	25
5	7	23
4	7	22
4	7	23
4	9	25
5	8	27
4	10	26
7	10	30
3	7	23
2	5	22
6	8	25
4	8	22
3	5	22
5	7	26
7	5	27
3	7	23
6	9	25
3	5	22
1	5	20
6	10	24
4	11	31
4	10	23
4	9	26
3	6	23
3	5	22
8	7	26
2	6	23
3	6	24
5	7	30
5	8	30
9	10	32
5	8	24
1	3	21
4	7	23
6	9	27
4	9	24
6	8	25
2	4	21
6	11	30
5	9	23
3	6	22
2	6	20
6	7	25
4	9	24
5	11	30
4	8	25
4	8	24
4	8	23
4	12	31
5	11	26
7	11	31
20	18	51
4	7	23
4	7	24
2	8	25
3	5	24
0	4	21
5	6	23
3	7	25
2	5	22
3	7	21
4	5	20
2	5	22
3	5	23
3	5	21
7	11	27
2	5	22
2	3	21
2	4	24
3	7	23
4	5	24
5	7	26
3	6	24
4	6	25
4	7	26
3	6	24
2	5	22
2	3	21
3	9	24
2	7	22
9	11	32
5	10	26
3	7	23
5	7	23
5	14	31
3	11	27
3	8	24
4	10	30
3	9	25
3	8	24
1	6	91
1	9	90
3	7	21
2	6	21
5	9	25
5	7	26
3	7	22
4	6	25
1	5	22
2	7	30
9	12	36
7	8	30
5	9	25
0	13	91
0	10	91
5	5	25
6	10	24
3	7	23
3	6	23
3	5	22
3	3	24
2	7	24
3	6	23
4	7	24
4	7	22
9	12	37
1	8	24
3	9	26
4	12	31
3	8	22
5	8	25
3	4	21
10	11	30
6	8	26
3	8	23
4	7	22
7	12	31
2	4	21
4	8	24
1	5	22
1	5	21
0	5	20
5	7	26
4	4	23
2	5	21
2	4	21
3	9	23
9	13	33
8	10	31
4	9	25
3	7	23
4	5	22
9	13	31
2	7	22
1	11	91
0	12	91
5	9	26
3	8	23
5	9	24
4	7	24
3	4	24
3	5	21
3	5	22
2	6	22
0	13	91
5	11	26
6	10	27
5	7	26
4	9	31
0	5	23
3	6	23
2	7	22
3	7	22
7	8	28
7	8	28
6	13	30
4	5	21
5	7	25
11	13	36
2	5	21
0	19	91
5	10	28
4	8	26
5	8	25
3	5	26
3	5	20
7	6	28
2	4	21
3	4	24
1	4	21
1	11	91
0	8	91
2	4	20
4	9	22
6	10	23
5	8	25
5	9	24
4	8	25
4	8	25
3	6	24
4	9	27
5	11	27
3	7	24
5	8	26
3	8	24
3	7	23
7	9	26
2	5	21
2	5	21
5	10	30
3	7	24
5	8	24
5	8	26
6	9	27
3	8	26
11	30	90
3	6	21
1	3	25
1	4	23
6	8	30
4	5	23
1	4	21
3	11	26
2	2	24
2	4	20
4	12	31
5	5	28
7	12	28
0	8	91
0	8	91
10	13	32
3	7	22
6	10	33
3	8	25
7	8	27
2	5	21
2	5	22
8	11	33
10	11	31
9	11	33
10	10	33
3	3	24
6	10	26
10	8	35
5	10	27
7	14	34
7	11	32
4	6	23
3	3	23
2	4	22
9	13	38
3	7	23
7	9	27
3	7	24
4	5	24
4	5	21
2	4	25
1	5	23
1	3	22
2	3	21
1	4	23
3	4	21
4	6	22
3	6	21
2	4	22
2	7	22
5	9	29
2	6	22
3	5	21
2	4	21
4	4	23
7	11	30
4	9	25
4	5	23
2	7	22
8	12	30
3	7	21
2	6	22
4	7	22
4	7	23
3	8	22
3	6	22
5	11	30
7	13	32
2	6	22
4	10	24
2	5	21
1	4	20
2	5	23
4	9	23
1	6	20
0	4	20
0	3	21
7	11	30
5	5	24
3	3	22
4	7	30
5	10	31
6	8	28
4	5	23
3	5	24
10	9	34
2	6	23
1	3	20
5	6	23
2	7	23
4	6	22
4	6	25
6	8	33
1	4	21
3	9	24
2	4	20
3	5	20
3	4	21
4	10	33
3	6	20
0	4	23
3	6	23
2	5	21
3	6	24
0	4	22
8	9	23
4	9	30
1	3	23
0	7	42
0	3	42
0	15	89
1	4	90
5	7	24
2	6	22
1	5	22
1	3	20
7	9	26
4	5	21
2	4	21
7	8	24
5	5	25
1	4	24
1	3	22
8	14	33
1	4	20
2	4	21
2	3	20
1	5	21
1	4	21
1	13	91
0	10	90
1	11	91
2	3	20
4	7	25
5	8	30
4	5	24
10	13	33
9	11	30
10	11	30
7	9	32
8	10	31
5	9	24
2	2	23
3	4	25
1	6	25
5	9	24
4	8	23
3	10	24
5	9	25
6	9	26
3	6	23
2	5	22
2	5	22
3	5	21
5	9	25
5	5	24
2	3	24
0	21	91
4	8	24
2	6	22
0	3	20
0	11	91
5	9	24
5	6	23
4	6	24
4	7	24
2	7	20
4	4	24
4	7	24
5	8	23
3	6	23
4	6	23
4	5	23
9	12	32
2	9	25
3	8	23
4	6	22
5	9	26
3	5	21
4	6	22
12	12	35
7	10	29
8	8	26
10	12	30
8	11	31
3	5	24
3	6	24
4	6	25
3	7	26
4	7	24
5	8	26
4	7	27
3	10	28
4	8	24
4	7	25
8	10	26
3	5	23
4	5	24
9	12	30
10	11	33
9	10	33
6	9	30
2	5	22
6	25	90
5	10	31
4	7	25
3	7	23
3	6	24
3	6	24
3	7	23
2	6	21
2	4	23
5	5	24
0	2	21
5	7	29
5	6	28
5	4	24
5	5	22
7	10	29
4	6	24
0	5	21
2	7	22
10	11	33
10	11	35
9	11	37
9	11	31
4	7	22
4	7	21
4	8	23
2	8	21
1	6	20
2	8	22
4	7	23
3	7	22
4	8	24
5	10	22
3	5	21
2	8	23
5	6	25
3	5	24
4	5	23
5	10	25
4	9	26
4	6	23
4	7	24
6	8	30
1	5	21
3	6	23
4	11	31
4	8	26
5	5	24
3	6	21
3	7	22
3	8	22
3	6	22
5	9	30
11	15	36
9	11	30
3	10	26
5	11	30
4	10	27
3	8	26
5	8	27
2	9	26
1	4	23
2	4	24
3	3	23
6	11	30
6	8	25
5	7	25
2	5	22
4	8	24
1	3	20
3	4	25
3	5	24
1	3	21
2	2	20
6	10	27
0	2	24
5	9	28
5	7	23
4	4	30
7	9	26
1	5	22
0	6	26
1	8	25
1	8	24
0	6	22
5	8	28
4	9	25
5	10	26
3	6	21
1	3	21
3	4	22
0	2	22
4	5	25
4	7	23
1	3	21
1	3	20
3	8	25
2	7	21
3	7	21
5	11	31
4	39	90
2	5	22
3	5	22
6	12	31
2	3	21
2	4	21
4	4	22
8	9	27
8	12	30
7	11	31
7	10	28
0	4	22
1	5	22
4	8	26
4	8	26
4	7	23
5	10	30
3	7	23
3	10	24
5	7	25
3	4	21
3	10	29
3	6	24
3	7	24
4	6	24
6	9	30
10	14	33
4	6	21
6	6	24
1	6	91
1	5	90
5	5	23
6	9	25
3	5	21
3	5	25
3	5	23
3	5	21
2	4	20
4	4	23
0	10	90
0	10	91
3	6	22
7	10	25
0	3	21
3	3	22
3	6	22
1	5	21
3	5	22
8	8	30
1	1	21
4	5	22
2	7	22
1	3	21
3	5	21
3	6	23
3	8	22
1	6	20
2	7	21
6	17	91
11	20	90
4	7	22
4	5	26
0	11	91
1	6	22
3	4	23
7	7	48
5	10	26
7	8	25
1	4	90
2	12	91
3	5	21
1	4	90
0	8	91
2	7	90
0	7	91
3	6	25
2	4	23
1	4	21
2	8	90
1	10	90
2	5	20
4	8	26
1	5	22
4	10	24
4	8	24
3	8	23
2	5	22
3	6	21
4	6	23
3	4	22
3	9	30
3	8	30
7	8	31
8	8	31
5	7	28
4	8	32
2	8	30
2	6	24
3	5	23
3	8	23
3	6	24
6	8	32
3	7	23
4	8	25
2	5	22
1	6	22
3	7	23
2	6	23
4	5	22
5	7	27
7	6	27
9	10	30
3	9	23
4	6	30
3	6	22
6	10	31
5	9	26
0	7	90
0	16	91
2	5	21
3	8	23
4	9	27
7	9	25
4	7	28
4	9	27
4	6	30
3	7	22
3	5	23
1	3	21
4	6	22
3	6	22
2	6	23
1	4	21
6	5	23
3	3	44
5	7	27
0	14	90
9	14	32
2	5	21
0	2	21
0	2	22
3	9	27
5	7	23
3	8	25
0	2	22
3	11	30
6	12	30
6	11	31
8	10	28
9	12	31
5	10	24
5	11	25
4	10	25
5	7	24
4	7	23
3	7	24
3	4	22
1	3	21
1	7	65
9	10	28
3	5	24
1	26	91
1	29	91
3	5	22
3	7	24
0	10	91
1	5	23
5	9	26
6	9	25
1	4	21
3	6	20
8	11	32
7	14	35
3	4	23
1	4	21
5	7	28
10	9	32
4	6	24
2	8	26
0	12	91
3	5	21
4	6	25
6	8	23
4	9	31
5	7	24
5	9	30
4	8	22
0	11	91
0	6	91
2	5	23
0	10	91
0	6	91
4	5	25
2	4	23
3	5	24
3	5	24
1	5	21
1	5	20
0	3	21
3	7	25
2	5	21
3	5	22
3	6	22
7	9	26
5	13	31
6	9	31
0	4	23
0	4	26
7	8	25
0	3	21
1	3	22
4	6	21
1	2	22
0	0	20
3	1	24
3	1	22
2	4	21
1	7	20
2	6	20
0	5	90
0	4	90
5	6	22
8	13	34
6	9	31
3	8	26
2	1	23
3	6	23
4	6	23
2	4	21
0	13	90
0	13	91
0	11	90
6	8	26
6	12	29
5	11	30
4	9	23
4	8	22
9	9	27
3	5	21
2	6	20
7	11	26
4	7	23
4	9	24
11	11	39
1	4	22
4	6	24
2	7	22
0	5	22
4	6	23
4	8	22
3	8	24
5	9	26
3	8	21
3	7	22
6	7	24
19	24	88
1	7	21
3	4	24
1	5	23
4	7	22
4	6	23
4	7	22
1	2	20
4	6	25
1	3	23
3	5	23
5	12	31
1	6	21
0	2	21
3	7	22
3	7	23
4	8	27
7	6	31
5	7	30
5	5	24
4	5	24
3	5	21
0	11	91
0	12	91
1	4	22
2	6	21
2	5	20
6	10	30
0	3	21
2	5	23
2	4	21
2	6	21
6	11	33
8	9	31
4	4	23
4	8	25
3	6	21
7	12	27
9	7	34
4	8	22
3	8	24
4	9	27
0	0	90
0	2	89
13	13	79
2	4	21
2	8	30
2	9	31
3	9	31
8	9	30
11	11	36
1	5	24
5	7	25
6	9	26
9	9	32
2	7	23
2	7	21
7	10	30
6	12	30
4	7	25
4	12	33
6	8	25
6	8	24
6	7	24
6	9	24
2	5	21
4	10	26
2	4	21
0	10	91
0	7	91
1	8	56
3	5	23
8	12	27
5	8	24
2	7	22
2	4	21
8	9	30
3	5	23
7	8	27
4	9	25
4	6	24
4	9	24
5	7	22
3	6	23
3	7	23
3	5	21
3	6	22
2	4	21
5	9	24
2	6	21
3	7	23
2	11	91
2	11	89
0	14	91
4	6	22
8	11	28
5	7	23
6	8	25
4	9	22
5	9	33
5	9	34
4	7	25
4	7	24
3	5	24
10	12	34
6	8	25
2	6	21
2	5	21
3	7	23
5	8	31
4	8	26
4	7	28
4	8	27
5	10	31
7	11	32
3	6	20
5	10	25
7	11	30
7	13	32
3	5	24
3	7	23
3	5	23
9	15	31
3	7	25
2	6	20
4	9	28
5	16	34
7	8	25
4	6	22
3	8	30
2	4	24
4	9	24
4	7	24
2	2	22
3	7	21
4	7	21
0	9	91
0	12	91
2	6	21
4	8	30
7	8	26
7	8	26
3	3	25
1	3	23
3	4	22
1	2	23
4	5	21
1	12	90
1	14	91
3	6	22
2	4	21
4	8	25
2	4	22
7	7	27
7	8	28
6	7	27
0	9	91
5	8	26
6	11	31
6	10	27
6	9	28
4	11	30
4	6	21
4	7	22
3	6	22
4	11	28
4	11	24
4	7	30
3	7	24
3	6	21
1	7	91
8	12	32
4	5	22
2	8	21
2	5	22
10	10	31
5	6	23
11	12	35
4	10	27
3	4	22
6	10	25
6	9	25
5	10	30
1	2	90
1	5	21
2	2	23
3	7	22
9	11	33
8	9	29
10	15	35
2	4	23
0	10	91
3	6	25
10	13	31
8	10	32
9	13	32
5	9	24
5	9	25
8	11	30
0	13	91
1	5	21
1	6	20
9	13	31
7	10	26
5	8	23
6	10	30
4	5	22
3	6	23
4	7	23
3	7	21
2	8	21
3	6	22
3	6	22
6	5	33
5	7	26
5	10	30
1	4	21
3	7	23
2	7	22
6	8	24
3	5	22
9	13	30
7	12	28
3	41	91
3	6	23
5	7	24
6	9	24
7	9	25
7	9	27
1	5	91
1	5	90
6	7	26
3	10	27
1	5	27
2	5	21
1	4	21
0	2	23
4	6	23
3	6	22
6	10	26
7	13	30
4	8	25
1	9	25
4	8	23
7	11	32
12	14	36
6	8	25
6	9	27
6	9	24
5	8	24
4	7	25
9	11	31
8	9	26
4	9	25
4	9	23
2	6	21
5	9	31
8	11	35
8	15	31
9	13	30
8	14	33
5	8	30
6	10	28
5	8	26
5	11	31
3	10	24
5	10	30
3	5	22
1	7	20
1	7	21
6	9	26
0	6	91
4	9	24
6	9	27
1	6	21
1	7	20
1	6	20
7	9	27
2	5	23
4	6	25
2	5	22
5	7	27
2	5	22
2	7	21
2	7	23
2	6	22
2	6	21
9	8	35
6	8	26
3	6	23
5	9	30
10	10	33
1	6	20
0	7	23
4	8	24
5	11	30
6	12	30
6	10	30
3	8	24
7	10	28
5	8	26
7	11	29
5	7	25
8	12	30
6	8	25
3	10	25
2	10	23
4	6	24
9	11	32
6	11	27
4	7	23
4	7	22
5	8	24
4	6	21
3	7	23
7	8	25
5	8	25
3	7	22
1	7	22
5	9	29
7	11	28
2	5	22
3	6	24
3	5	22
2	7	25
2	8	21
3	8	22
3	8	22
7	14	31
4	10	28
4	10	25
6	14	32
2	8	23
1	8	90
0	7	22
7	15	33
7	12	37
5	11	30
5	7	28
2	10	90
4	12	91
4	6	22
4	7	23
5	9	26
4	13	31
5	10	30
5	8	27
3	8	26
3	6	23
3	7	22
4	7	26
5	12	30
5	10	27
6	9	25
4	9	27
5	11	28
5	11	26
4	9	24
3	7	23
3	7	22
8	10	28
2	5	20
5	8	23
2	4	21
0	12	91
3	7	22
1	9	91
4	9	31
3	8	30
0	2	22
0	2	23
7	8	25
10	12	29
5	9	25
4	9	25
3	6	22
2	4	20
2	6	20
3	5	26
3	6	22
2	5	21
2	8	22
2	5	21
4	9	24
4	8	25
5	9	26
2	6	22
6	7	26
6	9	29
6	8	26
4	8	25
2	3	20
3	8	22
4	9	21
4	8	24
5	8	22
2	6	20
4	8	25
8	11	31
2	6	21
8	9	27
5	9	23
2	9	23
1	6	24
3	9	22
3	7	23
3	8	21
1	7	22
3	7	23
3	9	29
8	11	27
3	5	20
6	10	26
0	8	90
5	9	25
7	10	30
7	10	30
6	13	31
8	10	31
9	12	33
9	14	35
2	5	21
2	4	22
2	7	23
7	13	32
4	8	23
5	8	23
5	8	30
3	5	22
7	8	27
4	6	23
3	6	23
4	6	22
3	5	30
0	8	90
3	7	23
0	6	26
7	14	32
7	11	27
6	10	27
3	6	22
4	7	25
4	6	23
4	11	31
7	11	32
2	6	22
6	10	25
4	6	21
9	9	35
1	4	22
2	7	23
2	7	20
3	6	22
5	8	25
4	6	23
4	9	26
3	6	25
4	6	22
4	7	22
7	8	26
8	9	26
7	10	27
6	10	26
7	11	27
4	10	24
8	12	32
8	10	30
8	15	35
8	14	36
6	12	32
4	10	31
4	6	23
3	7	22
9	10	30
9	9	29
3	7	21
3	6	22
2	9	24
1	4	21
2	3	21
4	7	23
2	7	25
4	8	22
10	15	34
9	13	32
7	12	31
6	10	27
4	7	24
7	9	25
6	11	30
3	7	21
6	8	23
6	14	31
5	9	30
4	13	31
1	6	23
0	5	21
2	7	23
0	2	20
11	14	34
8	11	32
2	5	23
7	12	30
2	5	22
3	9	26
1	5	20
2	7	23
6	9	25
5	8	24
5	8	23
6	9	25
5	7	25
4	8	23
6	11	31
4	9	24
1	7	20
7	8	26
6	10	28
3	8	25
2	8	26
4	7	27
5	5	27
3	6	21
4	8	23
12	14	38
3	7	25
5	7	24
4	9	24
3	9	25
5	8	23
6	8	24
4	8	23
6	10	30
4	6	23
3	7	23
2	7	21
0	10	90
21	39	91
5	9	30
3	9	30
0	4	53
2	8	22
1	3	22
4	9	26
4	9	25
3	8	24
3	9	22
4	9	24
2	9	22
2	6	23
8	12	31
1	6	20
6	7	30
4	8	26
3	8	26
3	6	25
4	9	27
4	7	26
5	8	26
3	7	24
3	6	23
4	6	22
4	8	22
3	5	23
4	7	24
4	7	20
6	10	30
3	9	30
3	6	21
3	6	24
3	6	26
2	6	21
3	6	23
2	5	46
2	5	46
9	12	29
1	4	23
9	11	36
5	5	21
3	8	24
2	6	22
2	8	23
6	10	27
5	8	31
2	7	22
2	5	20
5	9	25
6	8	22
3	6	20
4	7	22
0	8	91
0	5	90
7	9	24
7	27	90
1	6	20
6	14	30
4	6	22
4	9	27
1	13	91
3	6	22
8	10	28
2	8	22
0	8	91
0	7	91
0	15	91
5	13	32
4	9	27
5	12	30
3	8	22
3	8	24
4	9	25
3	8	23
3	9	23
4	9	24
6	11	26
0	3	20
3	7	25
1	3	20
2	6	21
6	13	31
3	5	24
4	11	30
7	9	27
2	7	25
5	10	31
3	6	21
5	11	30
2	8	24
5	7	24
3	4	20
8	10	32
3	7	24
8	12	28
1	4	22
4	10	25
2	7	24
4	7	22
0	14	91
0	6	90
3	3	24
2	6	23
1	7	22
5	6	25
4	5	22
4	8	23
0	5	20
1	5	21
1	8	22
4	7	27
0	9	91
0	8	91
7	7	25
5	6	24
1	1	20
5	6	24
2	7	24
6	7	28
2	6	21
0	11	90
0	8	91
2	6	21
4	5	22
3	5	22
5	7	23
7	12	27
4	10	28
5	7	23
4	8	25
4	5	21
3	4	21
2	5	24
2	4	22
2	4	20
2	4	20
12	15	39
6	6	25
2	5	20
3	5	21
10	15	32
3	6	22
3	7	23
3	5	22
4	9	24
4	7	26
2	6	21
4	7	25
4	7	24
5	6	25
7	9	26
7	11	24
7	12	26
1	12	91
4	7	24
2	5	21
8	12	31
2	8	21
2	8	30
2	5	21
1	4	24
5	12	30
5	9	21
3	6	25
3	5	21
3	8	24
2	2	21
2	5	21
2	5	22
0	12	91
4	6	25
8	7	26
4	4	23
4	7	24
4	5	23
3	4	20
4	5	22
1	4	25
5	8	24
2	5	21
3	9	24
2	9	25
0	15	90
1	2	20
1	4	22
5	7	25
4	7	23
4	6	25
3	4	21
3	5	21
4	7	23
1	6	20
2	5	20
3	7	25
1	7	20
3	5	22
1	5	21
1	3	22
3	6	22
5	7	25
1	2	21
6	10	30
3	6	23
0	10	91
0	13	90
7	8	29
1	5	20
8	11	33
7	10	26
7	9	31
4	11	30
4	12	30
3	6	25
2	7	21
6	14	32
3	6	20
3	7	25
2	6	22
5	5	24
5	13	29
3	9	22
1	6	20
2	7	22
4	8	26
2	7	25
3	6	22
2	6	21
4	6	24
4	7	23
4	6	23
3	7	24
7	12	27
1	4	22
1	3	21
0	3	20
3	5	24
4	7	25
3	6	24
2	6	24
4	6	22
1	6	20
4	6	22
3	5	22
4	5	25
4	5	24
2	8	24
2	6	20
1	5	22
3	7	23
3	5	24
1	5	21
5	6	25
2	6	22
4	9	30
5	8	22
6	7	27
11	12	33
6	10	30
7	8	26
4	9	25
4	8	24
3	7	23
2	3	21
2	6	20
6	7	22
7	13	31
3	6	22
5	10	27
5	9	26
2	8	21
4	9	24
5	9	24
2	6	21
3	5	21
8	12	30
1	5	21
2	5	22
7	10	31
2	5	23
4	6	24
4	7	21
5	9	30
5	9	23
5	10	22
4	8	25
7	11	31
3	8	20
4	8	21
5	9	26
8	11	26
8	11	28
2	7	22
8	11	33
5	11	32
4	10	24
8	11	33
5	10	24
5	10	28
5	10	26
8	11	34
4	10	25
5	8	25
5	8	23
3	7	21
6	7	31
6	12	32
5	7	30
4	6	25
4	6	22
4	11	27
2	4	22
2	4	20
3	6	24
4	12	30
5	8	25
4	7	23
3	6	22
5	15	31
8	10	34
10	12	35
2	6	20
3	5	23
4	5	23
3	5	24
5	6	23
4	9	23
4	8	23
2	6	22
3	7	23
3	7	25
4	7	23
4	8	24
3	8	25
6	7	25
2	6	20
6	11	30
3	8	22
1	4	20
7	12	30
4	7	25
12	14	34
7	11	28
8	12	28
3	7	22
4	7	24
4	7	23
6	8	25
0	7	89
0	6	90
3	6	20
5	7	22
2	4	23
3	9	24
5	7	22
6	8	22
6	12	30
4	9	23
4	10	25
4	8	23
5	10	24
4	10	23
4	9	27
3	5	22
4	9	23
4	10	23
4	8	23
5	10	27
10	12	32
7	8	23
3	7	21
11	9	32
3	5	20
5	9	25
4	12	31
3	8	23
5	10	25
4	8	23
2	5	22
1	6	23
5	6	24
6	14	30
10	11	35
11	13	37
10	11	33
0	14	90
1	5	24
2	9	25
3	7	22
5	9	25
6	8	27
5	10	24
4	10	24
5	7	24
4	8	22
4	7	24
3	7	22
3	7	21
5	10	23
2	7	22
5	14	32
5	9	25
4	6	22
2	4	26
3	5	20
7	10	31
5	10	28
4	8	27
3	8	24
4	9	25
3	6	23
1	6	25
1	5	23
1	5	21
1	4	26
1	3	24
1	2	23
0	3	22
5	10	30
5	8	24
2	6	21
7	10	30
5	10	25
4	8	21
4	7	22
4	7	21
4	7	22
2	7	23
2	6	23
8	12	34
8	11	31
5	9	30
3	7	21
2	8	22
3	6	23
0	3	21
3	4	22
2	7	22
1	2	22
2	6	22
6	8	27
4	9	30
2	6	20
3	7	25
3	6	21
5	6	24
6	11	34
7	13	38
6	11	36
6	10	34
7	8	30
4	8	30
6	9	30
4	8	30
3	7	23
4	8	26
3	7	24
3	7	24
5	9	25
8	11	31
3	9	23
6	9	24
4	10	34
4	5	21
5	7	24
2	4	22
3	8	24
3	6	23
3	7	23
3	6	21
7	11	27
2	6	22
3	6	25
4	10	25
5	6	24
8	10	33
8	11	34
5	7	24
6	6	23
1	3	20
4	5	30
4	5	24
7	10	24
8	11	30
5	4	25
10	13	34
3	6	23
2	4	21
4	6	21
5	6	25
3	5	21
5	9	30
3	9	30
0	16	91
7	10	31
7	9	30
4	7	26
6	9	28
5	8	23
5	6	21
3	6	25
1	4	22
7	9	33
3	5	22
3	6	24
1	2	22
3	7	22
6	10	25
5	8	27
0	9	88
0	10	90
11	13	34
1	3	22
1	3	21
1	2	21
3	5	21
2	5	21
8	9	30
8	9	32
3	8	24
3	6	22
1	6	21
5	10	37
7	16	33
5	8	30
2	6	21
0	3	21
3	6	22
5	9	25
7	8	30
6	10	31
5	8	30
8	11	31
7	11	28
4	7	25
6	8	23
5	11	26
6	9	28
4	10	26
5	9	25
6	10	31
5	9	23
3	8	23
9	12	30
8	11	32
5	8	23
5	10	26
7	10	26
0	7	90
0	12	89
1	2	21
1	2	21
4	10	27
4	9	26
4	9	24
8	11	26
2	5	22
1	4	20
7	11	26
2	8	23
3	7	24
2	2	21
5	13	28
7	11	30
0	8	91
0	5	91
5	9	25
1	6	20
3	8	24
5	12	32
3	7	21
2	4	23
3	7	22
5	8	25
0	5	22
0	5	21
0	4	20
7	8	24
7	10	26
5	11	32
5	8	23
0	13	91
0	15	90
8	11	30
8	11	28
5	7	25
4	4	23
7	13	91
7	14	91
3	6	21
9	18	39
9	12	33
4	6	22
7	11	28
5	7	23
0	2	20
4	6	21
3	6	25
6	6	24
4	9	25
5	9	23
2	4	23
5	9	26
3	5	22
7	12	31
2	6	22
3	4	22
4	7	24
4	7	23
5	9	32
4	7	24
1	7	21
3	5	22
8	8	27
6	7	25
1	7	24
5	8	24
3	13	30
0	4	21
9	11	37
5	11	31
6	11	31
5	12	31
4	11	26
4	10	26
4	8	25
3	11	30
6	10	26
1	3	21
5	10	24
5	7	24
3	8	23
4	6	23
3	8	22
3	8	22
0	8	90
4	8	24
5	7	23
9	10	27
2	4	21
4	8	23
6	9	25
4	8	24
4	7	23
2	10	24
7	11	33
6	9	30
3	6	24
4	7	24
4	8	23
4	7	22
3	7	22
3	5	21
5	9	26
5	8	24
5	12	34
7	11	31
7	6	25
6	8	31
3	5	24
5	7	22
3	6	23
3	6	23
3	11	24
3	4	22
6	8	23
5	6	24
4	8	24
2	4	22
4	7	22
3	4	27
8	9	31
4	12	30
6	6	24
1	4	20
10	9	33
3	5	21
1	9	91
3	7	23
3	7	22
1	6	23
3	9	21
4	7	25
7	12	25
2	5	22
2	8	24
9	11	33
2	2	21
2	9	21
6	10	31
9	10	33
0	9	90
0	11	90
10	10	37
9	11	35
9	11	37
11	14	39
12	14	37
4	7	22
3	9	23
6	9	26
7	11	31
4	8	22
3	7	22
3	6	23
3	6	24
2	4	20
5	8	25
1	4	21
4	5	22
7	10	30
8	8	31
1	3	21
4	5	22
3	8	24
1	0	24
6	10	26
6	12	27
3	8	25
2	8	23
2	7	22
3	6	21
3	9	24
5	8	25
6	8	25
4	7	30
1	1	25
1	2	21
1	2	21
0	0	22
2	6	23
3	6	20
0	10	91
2	7	24
4	8	24
5	9	28
4	9	25
6	8	26
6	11	27
7	11	33
4	8	24
1	19	90
3	6	21
4	8	24
8	9	30
6	9	32
4	9	29
5	7	26
4	8	27
4	7	24
5	10	32
2	5	22
6	10	32
1	4	21
2	5	22
7	7	23
4	3	22
2	6	23
3	6	23
2	6	24
2	6	22
3	6	21
6	12	35
5	6	24
5	10	27
4	9	26
3	10	25
4	5	22
8	9	31
1	6	23
5	8	24
2	5	21
5	9	23
4	11	26
3	6	25
3	7	26
4	10	28
4	9	26
4	10	26
3	9	26
5	8	24
9	13	34
2	5	22
10	11	34
9	11	30
3	7	23
3	10	23
3	7	23
2	5	21
1	5	21
3	7	24
4	7	21
4	8	22
4	7	23
4	7	25
4	8	25
6	10	34
5	11	26
4	9	24
5	9	23
5	11	30
6	8	23
6	10	24
1	6	21
2	4	21
5	6	23
8	12	31
0	2	21
3	5	22
5	9	25
1	8	22
0	9	90
3	6	21
3	4	21
3	6	22
3	8	22
3	7	23
2	5	20
9	12	31
4	6	23
2	4	20
3	6	23
4	8	22
4	12	27
9	13	30
1	3	22
2	7	20
3	6	23
3	7	21
4	11	30
5	10	26
4	10	25
4	12	30
2	9	26
3	9	24
9	14	32
6	16	31
8	10	31
9	10	26
7	10	30
5	9	26
7	9	31
6	8	28
8	10	29
5	7	24
10	13	33
9	10	33
7	9	27
7	12	30
7	9	26
6	10	25
3	9	22
2	7	20
5	13	34
10	12	36
7	11	30
9	13	34
8	11	32
8	12	31
5	8	24
5	8	25
8	13	32
6	11	31
3	7	24
6	9	28
2	9	24
3	7	28
6	8	30
5	9	30
4	7	23
0	14	91
0	7	91
4	10	27
3	7	23
2	6	22
2	7	24
4	11	26
4	7	23
7	10	24
8	11	29
9	10	29
7	8	30
9	8	30
3	6	23
2	7	22
5	9	24
8	9	31
4	7	24
4	7	23
10	12	34
10	9	33
10	11	32
10	13	31
10	10	31
4	7	22
1	6	21
4	7	21
4	7	21
3	9	23
13	15	39
10	13	36
9	13	31
7	12	30
2	6	20
3	6	21
1	5	21
9	9	33
4	7	23
7	15	33
3	6	22
10	14	31
3	7	22
4	7	30
2	3	23
2	6	21
1	6	21
1	5	21
8	11	30
4	9	24
5	14	30
7	10	28
1	5	21
7	6	25
5	9	24
6	9	27
4	7	25
4	8	22
4	7	25
1	4	68
1	9	24
2	7	21
2	8	22
6	8	24
4	6	25
3	9	25
6	8	24
4	10	26
1	6	21
0	5	21
2	7	21
5	10	26
7	11	30
4	7	22
2	6	22
2	7	23
10	12	30
7	11	27
3	4	23
3	4	23
3	10	27
3	6	22
8	14	30
7	11	31
5	9	30
6	9	31
4	9	26
3	7	24
2	6	22
2	6	22
8	13	33
0	13	91
0	11	90
5	9	25
6	11	30
8	13	31
7	10	26
7	12	30
5	9	27
5	9	26
4	6	20
4	9	28
7	11	30
3	5	23
3	6	21
2	6	22
2	6	21
4	8	25
5	8	25
3	5	21
9	10	32
4	7	25
4	7	26
5	7	22
6	10	24
4	5	23
6	12	29
6	12	27
5	4	25
4	11	25
5	5	25
5	6	24
3	7	23
2	6	20
10	10	30
2	6	21
3	6	23
3	6	22
3	6	23
2	6	24
2	8	23
6	9	25
11	11	30
7	9	26
5	8	25
5	8	25
2	4	22
3	8	21
5	10	26
2	5	21
5	8	23
7	11	28
7	11	28
3	5	23
3	7	23
2	4	22
3	7	22
3	6	23
6	7	27
5	4	24
5	7	25
4	7	24
1	2	21
2	7	23
5	8	25
5	12	30
2	5	22
7	11	29
3	8	27
5	11	26
2	4	23
4	8	26
5	7	27
7	8	27
7	10	27
2	7	20
7	7	26
5	9	28
5	6	25
1	3	20
0	14	88
0	7	91
1	6	20
2	8	26
6	8	26
7	8	26
2	7	23
5	10	26
5	6	26
0	13	90
0	7	91
6	9	30
2	5	22
2	6	21
5	8	28
5	9	25
5	7	28
9	10	31
1	3	22
1	5	21
1	4	20
0	1	20
2	7	23
3	9	22
2	8	21
4	8	24
6	8	26
5	8	24
2	3	24
2	7	21
7	8	30
1	6	21
1	42	90
0	7	22
4	7	23
2	6	23
3	5	23
7	9	30
2	6	22
2	4	21
8	12	33
5	10	30
3	5	23
2	4	22
4	6	22
3	8	22
3	5	23
1	5	21
4	8	22
1	11	91
1	12	91
8	15	40
2	6	23
1	6	22
3	6	22
2	6	20
5	5	25
1	5	21
7	10	30
5	7	24
3	8	25
3	7	22
3	7	23
4	7	24
4	8	23
2	5	22
1	3	21
2	6	22
9	10	33
10	15	32
2	4	21
4	6	23
5	8	25
2	4	23
4	8	25
8	14	34
9	14	34
9	14	33
3	6	23
4	7	23
3	6	23
6	13	29
7	13	31
7	10	25
1	5	20
1	5	20
8	9	30
8	11	32
3	8	22
2	4	21
3	6	23
7	7	30
2	5	22
2	5	22
3	6	22
7	7	24
2	5	20
9	14	34
5	7	23
1	5	21
3	7	26
10	13	32
8	11	30
6	10	25
1	17	90
5	9	24
4	9	25
5	10	25
2	8	22
3	7	21
3	4	24
9	8	30
1	2	21
3	6	25
4	8	32
4	8	30
5	10	32
5	11	31
5	9	23
6	13	27
4	6	24
4	9	24
4	11	30
3	6	21
4	6	22
3	6	21
3	9	23
2	3	21
6	9	28
2	4	21
5	6	25
3	5	23
3	5	23
3	5	21
0	8	89
0	9	89
0	15	90
5	9	30
1	7	91
1	13	90
4	7	24
4	7	25
4	7	23
4	7	22
3	6	21
4	8	25
3	7	21
4	9	24
6	9	29
6	11	31
4	8	23
3	7	23
2	7	22
1	4	24
2	4	21
1	6	22
2	3	23
0	7	90
0	8	91
3	6	25
3	7	26
1	6	21
5	7	25
4	7	24
4	6	22
3	6	21
3	6	22
4	7	25
6	8	30
0	10	90
7	12	29
8	7	27
3	5	22
6	8	26
1	4	22
4	6	26
5	7	27
6	7	31
2	3	21
1	4	23
2	4	21
2	6	23
8	11	34
2	5	23
3	5	24
2	5	22
2	6	22
2	5	21
3	6	22
5	8	23
3	7	21
3	6	23
3	5	22
3	12	32
6	9	24
5	6	24
7	8	31
2	7	21
7	12	30
4	9	23
3	8	24
3	12	27
7	12	31
7	13	33
5	11	28
3	7	23
3	5	20
6	12	29
5	11	27
5	9	30
4	10	26
4	9	24
1	7	90
1	-1	90
4	8	23
2	7	25
5	10	26
3	6	26
3	7	25
4	7	26
4	9	26
5	7	24
4	9	25
8	13	34
5	12	27
7	14	34
7	15	33
5	11	27
5	14	29
5	7	25
3	10	24
8	9	30
9	8	28
8	9	32
7	7	31
5	9	27
6	12	30
5	10	26
8	14	33
6	13	31
8	14	35
5	13	30
5	8	23
5	9	24
9	14	34
5	7	24
2	4	20
2	7	22
5	7	25
6	10	30
8	10	30
4	8	24
3	8	23
3	6	21
5	7	26
6	7	25
6	10	33
1	3	20
6	9	26
3	7	30
6	10	30
5	5	28
3	8	24
0	9	90
6	8	28
4	6	24
5	10	30
4	8	24
6	9	26
2	6	23
3	9	25
2	9	22
3	6	24
6	7	23
3	6	23
2	6	22
3	7	23
1	26	91
3	5	24
2	4	22
7	8	25
2	7	21
2	2	21
2	5	23
3	5	22
11	8	35
10	9	37
10	9	37
3	5	22
3	6	25
3	6	25
4	5	25
5	9	25
3	6	22
7	6	27
5	8	25
5	7	30
5	11	30
5	9	27
6	11	31
8	10	31
2	5	21
1	7	20
4	10	31
4	9	27
2	6	23
1	4	24
3	4	23
3	4	22
5	7	25
6	8	27
6	10	32
7	10	30
9	8	33
6	8	26
3	4	23
5	8	27
4	5	23
4	8	23
4	6	22
4	7	23
8	8	32
2	8	22
2	4	23
1	-1	91
9	13	34
4	9	26
3	8	23
3	9	22
3	8	23
7	10	25
6	10	26
7	12	29
5	8	24
2	6	22
3	6	22
7	8	26
1	4	23
1	4	21
0	3	20
3	8	26
4	10	24
9	12	30
9	12	27
6	7	27
6	7	26
7	4	27
10	6	33
8	7	37
6	5	27
8	5	26
3	6	22
2	6	24
0	4	20
8	12	30
3	4	22
0	8	90
4	7	21
13	15	48
10	12	36
8	9	28
2	6	23
2	5	22
2	5	21
3	5	22
2	4	24
4	7	24
5	8	24
0	6	22
8	10	29
1	3	22
3	7	22
4	5	23
5	6	23
4	6	22
1	7	22
4	6	23
6	10	28
2	7	22
1	7	21
3	5	24
3	5	22
3	10	31
6	11	30
4	9	26
4	6	25
3	6	21
4	8	26
6	8	27
4	9	28
5	10	30
3	38	90
1	5	20
2	5	21
4	6	23
2	6	22
3	5	21
3	6	22
1	6	22
1	5	21
5	8	30
7	10	29
1	8	21
5	6	22
4	6	24
3	5	23
0	4	86
0	4	86
3	7	24
6	9	30
5	8	23
3	5	23
17	24	88
4	6	23
0	1	89
2	4	21
8	10	32
6	7	28
5	7	23
4	5	23
5	5	23
4	6	23
3	7	22
7	10	32
2	6	22
3	7	21
3	6	23
3	8	26
5	8	25
5	9	25
2	8	22
4	7	23
0	44	91
1	44	90
6	6	26
3	5	22
3	6	21
6	8	23
2	3	22
3	6	26
3	7	22
2	7	24
3	5	22
0	8	91
3	4	21
6	11	35
3	5	22
3	5	24
6	8	25
0	12	90
0	10	91
4	7	23
4	6	24
3	6	24
4	6	24
3	4	22
4	6	25
1	3	21
2	5	22
5	8	23
6	10	28
2	7	21
1	4	20
7	11	27
1	4	22
9	10	31
5	9	30
5	8	30
3	6	23
5	8	24
2	2	22
4	5	24
4	8	25
6	8	26
6	8	25
5	9	25
4	7	24
4	6	23
4	6	23
5	9	23
5	10	26
2	7	21
4	5	28
4	4	26
3	5	25
4	7	28
3	4	22
5	6	30
4	5	26
4	10	30
7	10	29
4	6	24
7	9	26
2	5	22
6	7	32
7	11	28
4	6	21
6	9	24
3	8	25
6	9	25
2	7	23
2	5	21
4	9	30
3	7	25
3	9	23
4	12	26
4	4	22
8	8	32
3	3	25
6	7	26
4	9	30
4	7	25
5	6	24
5	6	22
8	11	32
3	6	23
4	5	24
5	10	31
3	6	24
5	6	27
4	9	24
4	7	23
4	9	22
1	6	22
2	5	20
1	5	20
6	10	32
7	9	31
2	4	21
6	9	27
2	5	20
2	6	21
9	10	33
7	9	30
8	9	30
0	12	91
0	11	90
3	6	21
8	11	29
7	9	27
4	11	27
3	8	23
2	8	21
3	5	24
5	13	31
2	4	22
3	5	21
5	9	27
1	5	20
3	7	23
2	4	21
0	9	91
0	9	90
1	6	21
2	5	21
7	11	26
4	8	27
5	8	27
4	8	24
3	6	24
4	7	22
5	9	25
1	5	20
5	11	30
5	10	25
3	7	22
1	7	22
4	7	23
8	10	30
6	10	29
0	3	20
3	4	24
4	6	23
3	5	22
2	5	22
4	9	26
7	10	32
3	7	21
0	4	21
3	4	20
4	12	35
3	5	21
0	1	21
1	2	21
3	6	22
1	4	20
5	6	24
0	6	91
0	10	91
2	25	90
5	7	32
8	11	31
3	5	22
1	3	23
1	5	22
2	9	23
1	7	22
1	2	24
1	2	22
1	1	24
2	6	24
4	8	25
4	7	26
6	8	26
4	8	23
6	8	26
5	8	26
5	8	26
6	9	27
4	8	27
5	11	31
2	5	21
0	8	90
11	12	34
0	33	89
8	9	31
4	9	24
1	8	21
0	9	90
0	10	91
3	4	23
2	7	20
6	7	22
5	6	20
7	12	32
2	1	22
4	6	23
1	7	21
6	6	24
3	6	22
3	8	22
4	7	25
4	7	22
4	15	30
7	16	33
6	14	32
7	15	32
6	14	31
3	7	21
2	6	20
6	9	24
3	9	25
7	10	35
7	10	31
6	12	31
5	13	31
7	11	31
4	7	22
2	6	22
2	7	22
3	7	23
6	9	25
1	6	22
2	7	21
8	11	32
5	7	21
8	12	30
4	8	26
4	8	30
5	8	31
4	7	22
6	11	26
6	10	26
2	7	22
2	5	21
6	8	24
3	7	22
4	12	26
5	9	26
7	11	30
8	11	28
8	10	29
8	11	28
3	9	23
8	11	32
8	13	33
0	3	20
5	10	26
8	14	31
4	8	30
5	9	33
6	8	24
2	7	21
5	10	27
5	8	26
4	9	25
6	8	24
4	7	24
10	11	31
3	6	21
7	10	28
4	7	23
6	12	30
4	7	25
10	12	31
8	10	30
9	9	32
6	10	32
7	8	30
8	11	32
11	12	31
2	8	21
2	7	20
3	6	22
8	14	36
5	7	24
2	12	30
6	11	25
5	10	26
4	9	24
4	9	25
4	39	88
10	12	32
11	12	32
4	7	21
5	6	25
3	4	21
8	11	28
4	7	25
3	7	23
3	7	22
3	5	21
3	7	24
4	6	25
3	7	26
6	7	27
4	8	27
7	9	32
9	13	29
6	9	31
3	6	23
2	5	22
4	6	25
5	10	31
5	9	23
2	10	23
2	8	24
4	6	22
3	6	22
9	13	34
4	5	23
7	10	31
5	9	24
2	5	20
0	5	22
0	13	81
2	3	21
2	5	21
6	7	24
5	7	25
1	4	21
3	7	20
6	9	25
5	9	31
9	11	28
4	43	90
3	7	24
5	10	26
5	8	24
3	7	23
3	6	21
2	5	22
3	7	21
34	42	91
3	7	22
0	12	91
2	8	23
3	5	22
6	8	25
7	8	30
5	8	30
5	13	30
3	5	23
5	9	24
6	12	33
2	7	22
3	4	21
3	4	22
3	6	21
4	7	22
5	7	26
1	3	20
4	6	21
5	5	21
1	5	23
2	5	21
6	9	26
2	5	22
1	6	21
3	8	23
12	15	42
11	18	41
10	17	37
11	14	37
6	7	24
5	8	24
6	12	30
7	9	30
5	8	28
5	7	23
10	11	31
6	9	26
7	11	33
1	3	21
2	6	22
4	8	23
4	7	24
0	11	90
5	9	25
5	8	24
4	8	23
3	8	22
3	6	26
2	6	21
3	6	23
2	6	24
2	11	32
3	8	25
3	6	21
2	6	22
5	8	25
3	7	25
8	6	30
6	10	26
4	7	23
5	12	31
6	9	26
1	7	21
2	3	26
3	7	24
4	7	24
3	7	26
5	7	26
3	7	25
1	4	21
2	5	20
17	23	90
0	6	91
3	10	24
5	10	26
5	9	24
4	8	23
6	10	26
2	10	24
3	7	22
4	5	23
5	5	25
5	11	30
10	11	28
2	4	21
22	-1	76
7	6	25
3	7	23
6	12	32
6	13	35
8	12	33
7	12	34
6	11	32
6	11	32
6	11	32
3	8	23
6	8	26
4	4	23
8	12	33
1	3	21
2	4	24
0	3	21
2	4	23
1	8	23
3	7	21
6	11	29
2	7	20
3	5	21
0	3	21
3	5	24
3	5	23
6	8	31
4	7	26
3	8	25
4	6	26
3	9	30
3	7	24
3	7	24
6	9	30
2	6	21
1	3	21
1	1	23
1	2	22
5	6	22
6	13	31
3	11	23
6	8	31
8	9	32
5	9	30
2	6	22
1	8	89
4	9	23
4	8	24
0	3	20
5	7	24
3	7	22
2	7	21
3	7	22
6	13	27
2	6	26
1	7	20
3	5	21
10	12	30
7	11	27
7	10	25
1	4	22
4	6	25
4	10	31
3	5	23
1	11	91
0	13	90
0	9	90
0	2	21
0	3	22
3	7	21
6	9	30
5	11	25
5	9	26
3	6	22
4	8	23
5	10	25
4	9	25
5	9	26
4	9	24
6	9	32
8	10	26
5	11	25
0	4	23
8	11	24
7	9	26
6	6	26
3	8	23
6	9	23
8	12	30
8	11	29
8	9	27
7	10	27
3	6	22
4	7	22
4	7	23
4	9	26
1	5	21
2	6	22
11	12	32
3	6	23
3	6	21
4	5	24
3	8	22
5	8	25
4	9	27
4	9	25
4	7	25
3	7	24
3	7	23
3	7	22
7	14	31
4	9	25
4	8	23
4	7	22
3	5	23
3	7	23
3	9	23
3	6	23
5	9	24
3	7	23
6	7	31
4	6	26
1	6	22
2	5	22
3	6	22
4	9	25
5	7	23
4	9	23
7	8	24
9	10	25
10	13	33
9	11	30
9	13	32
9	14	34
8	10	28
0	6	21
1	3	20
4	6	24
2	7	23
2	4	22
2	4	22
2	4	22
5	7	26
1	7	23
0	2	24
7	9	25
0	5	21
6	7	28
2	8	23
8	10	30
6	11	33
3	7	24
2	4	24
1	4	21
2	2	21
3	6	21
4	9	28
1	3	23
1	6	22
3	6	21
2	5	20
1	1	20
2	3	20
2	4	22
4	7	26
3	7	25
2	5	22
1	6	20
0	7	90
0	12	91
4	7	21
3	6	21
7	9	25
7	10	33
7	9	29
7	10	27
6	6	26
5	11	30
4	13	30
3	7	23
5	8	24
4	8	23
1	5	22
3	5	23
2	5	21
2	4	22
5	8	24
3	6	26
4	7	21
3	7	25
2	3	22
0	9	90
0	7	89
4	5	22
5	8	22
9	15	37
8	13	31
1	4	22
1	3	22
0	10	91
6	9	24
0	10	91
0	6	91
5	7	24
7	9	28
9	11	33
6	9	25
4	6	24
4	6	24
1	5	23
1	2	21
1	4	21
7	9	33
4	5	22
5	9	28
9	12	34
4	7	25
3	8	24
4	7	24
2	4	22
3	8	25
3	8	23
3	7	24
4	6	24
5	11	32
5	11	25
5	6	25
1	5	21
4	7	22
5	6	23
3	7	20
4	9	22
4	6	24
2	8	22
5	8	24
2	6	21
3	6	22
1	2	21
10	12	34
8	13	37
9	11	33
9	11	36
9	10	32
10	11	33
8	10	33
9	11	35
8	12	32
6	9	27
6	10	32
7	9	31
4	8	23
5	11	30
3	7	23
3	8	22
4	8	24
1	4	21
2	5	25
4	11	30
0	7	91
0	6	90
3	8	22
3	8	21
3	5	20
2	6	21
3	5	21
7	12	34
5	11	26
6	7	27
3	5	21
4	7	24
6	10	26
6	9	24
7	10	28
2	8	26
4	7	24
1	5	21
1	5	20
4	6	23
0	9	91
1	6	90
0	11	87
4	7	24
4	7	22
1	2	21
6	13	31
12	11	35
4	8	25
3	8	24
2	5	21
2	6	21
9	11	32
9	11	30
0	11	81
0	13	89
7	9	26
2	17	91
6	7	31
7	9	31
6	10	30
6	11	29
6	10	33
6	8	28
7	12	35
0	6	21
14	20	48
4	7	23
2	5	21
9	15	34
6	10	25
8	15	33
6	8	25
6	8	24
4	7	21
5	7	25
3	13	26
9	14	31
9	12	30
10	15	32
7	11	27
3	7	21
5	11	31
3	9	22
4	8	22
4	8	21
7	10	31
2	3	23
3	6	25
2	5	23
4	9	22
3	8	23
4	8	23
3	9	23
4	5	22
0	1	25
2	6	21
0	10	90
0	14	91
2	5	21
4	5	21
4	5	22
4	4	22
5	9	25
4	9	24
3	8	26
4	11	27
3	9	26
3	8	25
3	9	24
4	5	22
7	12	25
5	7	25
4	7	23
3	6	23
6	13	31
5	11	27
6	13	30
5	10	27
6	12	30
5	13	30
6	11	30
5	12	30
2	9	23
6	12	27
5	12	27
4	11	24
4	10	25
4	11	24
6	9	30
5	8	25
8	13	34
2	6	22
3	6	22
3	8	23
5	8	24
6	8	26
1	3	21
2	8	22
2	9	21
8	12	35
2	10	24
4	7	22
3	3	24
3	7	21
5	11	30
0	12	91
0	7	91
6	8	25
0	3	22
4	9	33
5	7	22
4	6	30
4	9	32
4	8	32
5	8	30
5	9	30
4	7	26
6	9	31
7	8	26
7	9	28
2	7	22
2	5	21
3	6	22
7	10	29
2	5	24
3	6	25
3	6	21
4	6	30
3	7	22
4	6	23
4	7	24
4	6	23
3	7	24
5	7	30
4	6	23
3	6	21
2	5	22
2	5	22
3	6	21
3	5	30
0	5	21
4	5	25
2	4	20
7	9	26
2	5	21
1	3	21
5	8	27
6	6	24
3	5	23
4	5	26
3	4	23
3	4	21
2	4	21
2	7	21
2	6	20
0	9	91
5	9	25
3	9	23
3	9	22
3	6	22
8	14	33
7	12	28
2	5	22
5	8	25
3	6	22
5	7	24
2	7	23
9	14	33
2	3	20
1	6	22
5	10	24
4	7	23
2	5	21
1	3	21
8	11	29
2	5	21
2	7	22
3	5	21
3	5	22
0	-1	91
2	6	21
2	4	20
0	13	91
8	13	33
8	12	29
8	12	33
5	8	23
2	5	24
4	7	23
3	7	25
3	5	24
3	5	21
1	5	22
7	8	26
5	8	23
5	9	28
3	7	24
3	8	26
7	10	31
6	11	28
5	9	25
7	10	26
9	9	30
6	8	26
4	10	26
4	9	26
4	8	26
1	5	22
3	9	22
2	8	22
2	4	21
2	5	21
3	7	26
5	8	22
2	8	23
2	8	23
1	6	22
2	7	23
2	6	20
6	10	27
3	5	21
3	6	25
3	6	22
0	6	91
0	13	91
0	10	91
2	6	21
6	8	24
2	7	22
4	8	23
3	7	22
4	6	23
3	7	22
4	9	32
3	8	25
7	10	30
3	7	21
0	9	91
1	12	90
5	10	28
3	8	26
5	7	25
5	10	26
5	7	25
4	6	23
9	10	33
10	11	32
7	9	25
5	9	31
2	7	21
4	9	25
3	9	26
1	4	20
37	26	91
6	8	25
2	6	22
6	8	26
2	4	22
4	10	25
3	5	24
3	7	21
0	12	90
6	9	25
5	13	32
7	11	31
6	11	30
6	8	25
6	11	28
2	6	21
6	10	31
2	5	22
0	13	91
6	9	26
4	9	23
7	12	30
9	13	34
4	6	25
5	6	24
7	6	27
6	7	23
5	10	28
5	11	27
4	7	25
5	10	31
3	5	23
3	5	21
0	7	87
9	13	30
8	12	29
9	11	28
7	9	27
2	5	21
6	10	28
5	8	24
6	9	30
0	13	91
5	11	31
9	15	34
1	35	90
3	7	30
2	3	22
3	3	24
3	6	23
3	7	22
4	7	23
5	8	25
4	6	23
3	4	21
1	14	91
4	7	24
6	7	26
1	4	22
4	9	24
6	11	31
7	12	32
5	9	26
8	12	30
4	8	23
3	5	22
7	12	32
4	6	22
7	7	27
2	6	24
4	7	22
5	11	23
4	5	26
7	8	24
5	9	27
0	9	90
0	6	90
3	6	20
5	10	24
2	7	22
3	7	21
4	9	26
4	8	26
3	7	22
8	11	31
3	4	20
0	4	22
7	9	27
3	7	23
8	8	30
8	9	30
2	5	23
3	8	24
5	8	25
3	9	24
4	9	30
5	9	31
2	7	25
3	7	22
5	12	30
3	6	22
3	8	24
5	8	23
7	9	26
4	10	26
1	3	21
3	6	23
6	10	25
5	8	28
4	8	22
6	5	26
3	6	21
10	11	37
2	6	22
7	10	31
2	5	20
6	11	34
11	15	35
1	6	21
4	6	22
4	8	25
6	10	32
6	12	31
8	10	29
6	14	31
6	12	31
6	9	31
6	8	30
6	9	31
1	5	21
4	9	27
5	7	23
5	13	35
3	8	25
5	7	24
5	8	25
3	4	24
3	6	21
4	7	22
5	11	31
2	6	22
3	5	22
3	6	22
5	8	24
2	9	25
6	7	24
2	7	22
4	6	24
3	8	23
6	9	30
3	8	22
0	32	90
9	15	34
4	8	24
4	10	26
8	11	30
7	13	31
4	6	23
3	9	23
5	8	24
6	10	32
1	4	20
0	4	21
5	9	24
4	6	21
5	7	26
7	13	33
8	12	30
3	4	23
3	6	22
3	6	22
2	5	21
0	3	22
0	2	21
0	3	20
3	7	22
3	8	24
4	10	28
1	9	88
3	5	21
5	7	24
4	5	21
3	6	24
3	5	25
2	8	22
10	15	36
11	16	37
6	12	30
3	13	58
1	9	58
5	9	25
6	9	28
3	6	23
0	4	30
0	10	91
0	11	90
3	3	22
4	7	22
0	2	22
0	4	23
5	8	33
2	6	21
3	6	23
3	5	23
3	5	22
4	9	24
5	8	24
3	5	23
2	4	21
2	5	22
3	4	22
7	9	28
3	4	22
6	8	26
7	9	27
7	8	26
2	5	21
1	4	21
5	7	30
3	6	24
7	9	30
2	7	21
5	10	25
4	11	24
5	10	30
2	5	22
3	5	22
5	8	25
2	6	22
2	4	22
7	9	30
4	8	23
3	5	30
9	11	29
7	10	32
4	9	25
3	4	23
3	5	22
2	5	22
6	12	31
7	11	33
3	6	22
9	11	27
6	7	26
5	10	26
0	9	91
2	7	22
1	6	20
0	7	91
3	9	23
18	36	90
3	7	25
3	5	23
1	5	22
5	7	25
6	8	27
3	3	21
2	7	22
2	6	22
5	12	26
4	11	25
3	5	22
2	5	21
9	12	29
6	8	23
7	14	30
2	7	23
2	5	23
5	9	25
5	9	25
1	4	21
2	6	24
5	8	23
5	7	22
3	4	24
4	6	31
3	4	24
3	4	26
4	6	25
5	10	27
5	9	29
6	10	27
6	9	26
5	8	26
1	8	22
7	11	28
2	8	21
5	6	30
4	9	24
3	8	22
7	8	30
4	6	24
5	14	34
7	11	29
8	13	33
5	9	26
5	9	25
5	8	26
5	8	26
1	7	22
3	6	24
3	6	30
8	14	35
5	15	32
9	15	35
6	8	25
5	7	22
4	7	23
4	5	21
5	8	25
10	11	34
5	10	27
9	14	36
5	9	31
4	10	29
7	9	29
4	5	24
3	7	22
5	11	27
10	12	31
8	10	28
5	8	23
0	6	91
0	4	91
9	12	32
5	10	24
4	5	20
4	8	25
4	8	25
4	7	28
5	7	25
4	10	27
4	8	25
2	4	25
7	11	31
9	13	32
10	15	33
9	13	31
9	12	30
4	7	22
3	7	25
2	6	22
2	5	21
4	7	22
3	8	23
2	5	21
4	6	22
5	8	26
4	7	22
3	7	22
3	5	20
2	8	22
4	8	23
5	7	25
8	11	32
8	10	30
4	7	23
4	8	28
0	9	90
0	7	89
7	11	30
3	6	22
3	6	23
2	6	22
4	8	23
4	8	23
4	9	21
3	5	22
3	5	22
5	13	32
3	8	27
7	12	31
7	11	32
3	7	24
7	11	27
1	3	21
3	6	22
1	5	22
5	8	23
7	11	28
3	5	23
1	5	21
7	9	30
1	3	24
6	11	27
2	9	90
0	11	89
13	42	91
4	7	24
3	6	22
4	6	22
4	5	23
6	9	26
4	8	23
5	8	23
3	8	24
6	8	30
3	6	25
4	8	25
6	9	27
4	7	23
6	6	26
8	8	32
3	5	23
2	5	21
3	5	21
1	6	20
0	14	91
7	5	29
1	6	91
5	10	24
5	9	26
6	5	23
7	9	24
8	10	27
2	6	21
3	6	25
7	11	27
6	9	31
4	7	22
1	4	20
6	10	27
5	8	23
5	11	31
1	5	20
3	6	21
4	8	26
4	8	23
2	6	26
5	9	30
2	5	21
9	14	31
1	7	21
4	8	22
5	8	26
4	6	24
6	9	27
1	12	91
1	13	91
3	6	22
2	8	24
3	5	21
2	7	20
3	7	22
2	5	23
2	7	23
2	5	21
2	6	21
4	6	23
5	12	30
2	5	21
0	12	90
0	7	90
5	9	30
1	5	20
3	6	22
3	5	22
3	7	25
5	9	24
6	8	25
0	14	91
3	10	25
4	5	23
0	16	91
0	8	91
5	7	24
5	8	27
3	7	24
4	6	22
3	6	24
4	6	22
1	4	21
9	15	35
3	6	25
4	6	24
4	8	24
3	6	22
6	8	26
2	8	25
6	9	26
3	5	22
2	3	21
4	6	25
6	6	24
5	7	24
7	7	32
3	12	91
5	7	25
4	8	25
4	7	21
9	10	30
7	12	30
7	11	31
5	9	25
6	9	28
6	11	26
5	12	26
4	6	25
10	10	30
8	10	30
8	12	30
4	9	22
3	9	22
1	6	20
1	9	23
10	14	37
6	10	25
8	10	28
7	11	30
4	7	23
6	11	24
4	7	23
7	10	29
2	7	21
4	8	27
6	12	31
7	12	32
4	11	26
3	5	23
0	5	21
0	5	20
2	7	21
5	15	90
0	1	21
0	1	21
3	7	24
1	4	20
4	10	30
0	10	90
0	10	91
3	4	21
0	3	21
0	2	20
7	11	25
4	6	22
3	5	23
3	5	22
3	6	23
4	11	26
12	13	36
5	6	20
1	8	23
3	6	23
4	7	23
2	9	22
4	8	24
4	5	25
3	8	31
4	8	25
4	8	25
4	9	24
4	7	23
2	6	25
3	7	24
2	6	22
3	8	21
2	4	22
2	4	22
2	4	21
9	11	33
9	9	27
3	6	23
8	10	30
7	9	27
6	9	31
6	10	28
5	10	26
5	14	31
8	12	33
6	12	28
5	11	27
6	14	31
6	12	30
4	11	28
7	14	34
6	9	30
5	10	26
4	9	25
7	8	28
7	9	28
8	11	31
3	4	20
3	6	23
6	11	26
4	7	22
4	6	23
3	8	24
5	10	30
5	9	25
3	8	25
6	10	27
6	13	31
7	12	27
3	4	22
4	4	21
7	10	30
6	9	27
7	8	27
8	10	30
6	6	28
0	7	88
0	9	90
2	7	20
2	7	22
2	6	21
4	7	23
4	8	22
7	9	29
9	13	36
10	11	36
9	9	35
9	9	32
7	9	25
6	9	25
6	8	24
3	7	24
2	7	23
7	10	30
1	6	22
2	5	23
2	5	22
5	8	30
2	6	24
2	7	24
4	8	23
5	8	24
3	6	23
3	11	24
6	7	22
3	6	23
10	10	32
4	8	22
4	8	25
4	7	24
3	6	22
5	7	25
3	6	22
1	5	23
2	4	21
5	10	30
0	5	20
5	11	27
6	13	29
11	13	33
9	11	29
0	6	90
2	7	22
2	6	20
7	11	31
4	6	24
6	13	31
2	4	21
5	6	23
3	7	22
3	7	21
1	6	21
8	10	28
2	3	21
5	10	26
2	7	22
3	6	26
4	8	22
6	10	29
2	7	23
3	7	21
3	7	22
7	14	31
4	11	28
3	4	22
2	8	23
2	7	22
3	3	23
4	7	23
9	11	31
3	7	24
5	9	26
4	8	26
3	10	26
4	7	23
6	9	27
3	7	23
1	3	22
6	9	25
3	8	23
3	6	23
4	7	25
5	7	23
3	8	24
4	7	24
7	8	25
3	11	27
1	3	21
3	5	21
5	9	26
2	8	23
10	12	33
9	12	30
9	11	31
5	7	24
3	8	22
4	10	30
5	11	25
4	10	23
5	7	26
1	5	20
6	9	24
3	7	23
2	6	21
2	6	21
2	8	22
3	6	22
1	7	23
6	11	28
9	12	30
2	6	22
8	12	28
0	8	91
0	18	90
10	6	29
6	12	32
9	12	31
9	14	32
5	9	23
6	9	25
7	9	26
5	10	30
5	9	24
3	4	24
5	10	27
2	3	24
2	4	23
6	6	32
3	6	23
4	6	22
4	8	25
6	9	25
8	9	26
0	8	91
9	9	34
8	9	30
3	8	21
5	6	30
3	4	20
4	8	25
3	7	24
9	8	28
6	7	26
6	14	33
4	10	26
4	8	24
5	7	23
6	9	24
7	10	30
5	7	23
2	8	26
4	9	23
2	8	22
3	7	21
5	7	23
4	6	23
3	11	22
1	4	23
5	9	24
5	10	25
4	10	25
4	8	24
2	10	24
3	8	22
3	7	24
4	8	25
3	7	22
3	7	22
3	5	22
4	8	25
3	4	22
2	7	22
4	7	23
4	5	21
5	7	23
4	7	23
9	10	32
7	13	32
4	8	23
5	8	26
5	8	23
3	6	24
2	6	21
3	8	30
3	7	25
2	6	22
7	7	31
4	5	21
1	4	20
0	4	21
5	8	25
5	10	25
3	11	26
9	11	31
3	6	23
8	12	33
8	13	32
7	11	27
2	7	22
4	8	24
3	8	24
1	4	20
2	5	22
3	9	24
2	9	23
5	7	27
2	5	21
6	7	27
2	6	22
9	7	34
8	7	32
2	8	22
3	9	22
6	9	27
8	9	24
5	11	31
5	7	27
4	9	25
6	10	25
5	11	27
5	10	26
7	9	31
5	9	26
5	8	26
5	10	23
2	9	22
5	8	24
4	8	23
4	7	21
7	9	24
5	8	25
5	30	90
8	12	31
4	9	23
9	8	28
4	8	20
4	7	21
10	15	35
9	10	29
11	14	35
8	13	33
10	12	29
10	14	36
9	11	29
3	9	23
5	11	32
6	9	30
8	9	29
3	7	24
3	7	23
4	8	23
2	8	24
3	6	20
2	6	21
2	6	20
7	9	26
2	7	23
4	8	23
5	8	26
3	7	22
2	6	23
5	7	26
3	7	23
3	5	24
3	4	22
3	6	24
3	5	23
8	10	27
5	7	22
2	8	22
5	11	24
2	51	90
7	8	27
6	10	33
5	11	25
2	5	21
9	14	31
8	11	29
7	11	26
7	14	35
7	13	34
3	7	25
3	8	23
8	10	34
5	8	24
6	8	26
5	11	31
4	10	26
5	9	25
4	8	24
2	7	23
3	10	28
8	17	35
3	6	24
5	7	26
3	9	23
2	5	24
4	8	23
0	6	21
1	4	21
2	4	21
5	9	26
0	3	23
0	4	24
2	5	24
7	11	31
4	6	21
7	15	34
0	14	90
3	7	23
4	8	24
8	8	31
2	10	25
3	9	23
7	10	28
4	5	23
9	11	33
0	7	90
3	14	91
6	8	27
1	3	21
0	11	90
0	6	90
3	7	22
3	5	24
4	7	22
0	4	20
3	6	24
4	5	24
5	7	25
4	7	24
5	9	31
2	5	21
3	5	21
3	7	22
3	7	23
5	5	23
2	5	20
5	6	30
7	10	31
8	11	36
1	5	21
2	3	21
6	7	25
0	4	22
3	5	22
7	9	25
4	6	27
1	1	22
10	16	37
7	9	24
1	4	22
5	6	26
5	8	27
6	6	25
3	6	24
3	6	23
2	6	22
3	7	23
2	5	21
1	4	21
3	5	22
3	6	20
4	12	24
3	8	22
2	7	23
3	7	21
6	10	30
5	9	27
3	6	23
6	9	26
0	15	90
0	14	91
4	6	25
7	13	30
5	10	24
6	12	33
1	3	20
1	4	21
1	3	22
11	14	36
8	7	32
2	3	23
5	11	30
10	10	41
11	12	39
10	8	35
4	4	24
8	9	28
2	4	23
3	8	23
2	9	23
8	8	31
5	6	25
2	4	21
4	7	23
0	3	23
3	7	23
5	9	25
4	9	25
10	12	34
3	5	30
2	6	25
4	7	25
4	8	23
8	13	31
7	9	25
9	10	33
7	12	26
2	7	21
1	7	20
6	12	32
2	9	24
3	8	22
4	12	28
3	8	24
4	8	24
3	7	23
10	11	31
9	10	30
9	10	29
3	8	24
3	6	23
2	4	20
3	6	22
3	9	23
2	6	21
3	9	23
2	9	25
2	9	23
4	7	24
0	4	91
0	11	90
1	5	22
7	11	30
3	9	25
1	6	21
4	6	23
2	6	23
2	7	21
8	14	33
1	6	23
8	17	36
2	6	21
5	5	25
5	4	23
5	7	26
7	10	31
4	7	25
5	7	24
6	12	31
4	9	22
2	6	22
6	7	24
8	11	31
6	12	30
4	7	23
5	9	24
4	8	23
8	12	33
7	11	28
4	10	23
2	5	24
4	6	25
2	5	23
6	8	22
2	5	22
0	6	22
0	5	21
5	5	22
5	6	24
3	7	22
2	8	22
2	6	21
5	7	27
1	5	20
6	9	26
4	10	28
3	6	22
2	6	20
3	6	20
6	9	25
2	4	22
5	13	32
3	8	25
3	9	23
3	9	25
4	8	24
5	10	26
3	9	25
4	9	24
2	9	23
3	7	22
0	3	32
4	8	22
2	4	22
1	5	20
6	9	25
7	9	26
4	8	26
6	9	24
6	9	26
3	10	24
4	9	25
4	7	24
0	7	90
0	13	91
3	7	23
4	8	25
4	7	28
4	6	24
5	7	30
3	6	26
3	6	23
3	5	24
3	4	23
1	3	20
5	6	28
5	9	24
1	37	90
8	11	28
5	13	33
9	11	32
9	12	33
3	6	26
4	7	27
6	8	29
7	8	30
4	5	24
2	5	25
4	5	22
2	5	21
4	7	24
2	5	22
3	5	20
4	6	22
6	10	27
4	9	26
6	11	26
4	6	24
5	6	23
7	10	30
9	10	31
9	10	30
1	8	90
1	16	91
4	7	25
3	8	24
4	6	24
3	6	24
1	7	23
6	8	23
2	7	22
0	9	91
0	11	91
7	9	31
0	13	91
4	6	23
0	7	91
0	6	90
3	4	23
2	9	90
6	14	34
2	2	22
4	6	23
2	6	21
3	8	22
2	5	21
7	9	28
7	10	26
6	10	25
6	9	26
4	10	27
0	2	22
1	2	22
3	8	23
3	9	30
4	9	24
4	9	22
4	9	24
2	6	23
2	6	22
2	6	21
0	4	21
0	5	91
5	6	23
5	6	22
2	6	21
2	6	21
4	15	91
4	7	25
3	4	23
4	6	23
3	6	20
3	8	23
4	8	30
3	7	21
2	8	25
4	9	26
9	11	30
5	8	24
7	12	30
5	8	25
5	6	24
6	8	25
3	5	22
4	10	31
0	8	87
0	9	89
4	4	25
2	6	25
6	8	28
8	12	32
2	4	21
5	5	23
7	9	30
8	11	30
2	3	20
2	7	22
2	6	20
2	5	22
2	6	22
3	6	21
1	5	20
2	5	22
4	3	25
9	10	32
4	6	25
3	6	24
3	4	23
0	3	21
4	5	26
4	9	25
5	8	25
3	7	24
5	8	25
5	8	24
5	8	23
0	8	91
0	8	90
8	13	36
3	5	23
0	12	90
0	13	91
0	9	91
8	9	30
1	6	22
3	7	26
5	8	32
1	12	91
7	9	30
1	10	91
4	8	24
2	8	22
0	12	45
0	10	41
4	10	25
8	12	31
10	13	33
2	6	22
6	9	23
1	6	24
6	7	27
8	9	30
8	11	34
0	3	21
0	2	20
3	7	22
2	3	22
4	8	24
4	9	27
5	10	23
4	11	30
4	11	32
3	5	22
4	8	23
3	8	24
4	8	25
3	4	23
4	8	24
9	16	90
5	9	25
2	6	21
1	3	22
5	14	32
6	9	25
6	9	26
0	6	23
9	10	32
6	6	22
2	8	21
5	8	25
4	6	21
9	9	34
3	8	23
8	9	32
6	8	26
0	-1	90
0	11	91
0	13	90
4	7	22
8	11	32
8	10	27
6	9	26
3	8	21
8	9	29
2	5	22
6	12	31
5	8	21
4	7	23
9	15	32
6	13	33
3	10	30
5	6	25
3	11	23
5	8	24
1	4	21
8	12	31
3	8	23
2	8	24
2	13	91
1	6	20
0	8	91
2	13	91
9	13	31
4	9	23
7	11	33
3	5	21
1	4	21
8	12	26
6	7	24
7	10	29
3	5	22
3	7	22
6	10	27
3	6	22
3	5	21
0	3	21
0	2	21
3	6	21
5	9	26
5	8	26
3	5	24
3	7	22
6	8	27
2	4	22
3	8	22
6	7	23
5	6	24
1	4	24
2	3	22
2	5	21
3	6	21
3	6	22
4	8	23
3	8	22
3	8	23
2	7	22
3	9	24
2	9	23
5	6	24
10	13	35
8	11	31
3	6	21
2	5	22
0	12	90
1	12	91
7	8	32
5	4	25
5	6	25
4	5	25
2	4	21
4	9	28
3	5	22
4	6	23
8	13	29
8	12	28
7	11	28
7	10	28
0	5	21
0	6	90
3	7	24
6	13	31
4	8	25
5	9	23
2	4	22
6	29	68
4	8	25
6	9	24
0	15	90
0	6	90
3	5	23
3	9	23
3	5	22
11	15	38
6	12	30
3	6	24
1	4	22
0	5	22
2	3	21
3	6	23
3	8	22
2	8	24
2	7	22
2	7	22
4	8	21
3	6	24
1	5	22
4	6	24
5	6	23
4	7	25
3	7	24
7	11	32
7	9	33
4	7	25
1	3	21
7	7	27
3	7	24
2	4	22
3	4	23
3	4	24
0	1	26
1	2	20
2	2	23
6	10	30
1	4	22
0	3	22
7	9	28
3	8	24
3	5	22
5	6	23
2	4	22
0	7	91
0	14	91
3	3	23
6	12	30
5	11	33
6	9	24
4	8	25
5	9	25
4	8	25
3	6	24
4	7	23
6	10	26
2	9	24
8	12	33
9	13	32
4	9	23
2	4	21
3	5	21
5	10	26
5	7	24
5	11	31
8	10	31
4	7	23
7	14	31
3	5	23
8	11	32
6	9	25
7	10	25
1	3	22
1	5	20
4	10	24
5	10	30
0	4	21
4	11	25
4	9	28
1	10	91
1	13	90
8	10	27
5	6	23
1	28	91
0	3	91
3	5	23
5	6	30
4	6	24
3	4	22
5	8	30
2	8	23
3	8	24
6	11	33
5	13	33
4	7	26
3	9	23
2	6	21
2	6	21
2	5	21
4	6	23
7	9	31
0	3	20
6	8	27
0	2	21
3	10	23
0	9	91
0	6	90
5	6	26
3	7	22
3	5	21
1	6	20
3	4	21
2	5	20
5	8	26
5	7	22
5	8	24
4	12	30
6	12	32
4	11	25
5	10	25
3	8	23
0	4	21
4	5	25
1	4	23
5	13	33
4	8	24
2	7	22
2	6	21
1	3	22
6	11	31
0	15	91
0	12	91
2	6	21
6	8	28
5	6	24
4	8	23
3	7	25
3	7	24
3	5	24
2	4	24
6	8	23
6	8	30
2	8	23
4	6	26
3	5	23
3	7	23
6	10	27
5	12	33
3	8	26
4	7	24
2	3	21
3	8	23
4	6	21
4	6	21
2	5	22
3	4	22
10	11	33
8	9	31
7	14	32
8	15	32
5	9	25
4	5	23
1	4	21
4	8	23
2	7	23
3	6	23
5	9	23
5	11	26
4	9	25
0	4	24
2	7	23
6	7	26
2	7	21
2	5	21
3	7	21
2	6	24
3	8	22
4	7	24
4	6	22
3	7	22
11	11	37
7	10	27
2	6	21
5	6	27
3	8	23
4	7	24
7	10	29
3	7	21
2	7	22
3	5	21
7	11	32
8	8	28
9	14	36
9	13	34
6	11	26
2	7	24
2	7	21
8	11	30
2	7	22
6	9	27
9	12	33
10	14	35
10	15	33
2	5	22
5	9	23
5	8	26
4	8	23
8	11	33
7	9	26
9	10	28
9	12	31
8	11	33
7	12	34
3	9	23
7	12	32
4	10	30
0	4	22
1	6	21
2	8	26
4	7	24
10	11	32
4	8	26
5	9	30
10	14	31
9	12	30
10	15	33
2	8	21
4	6	23
4	7	22
2	9	20
7	10	29
7	12	30
6	12	33
7	12	32
6	10	30
6	10	30
4	9	30
5	8	26
4	8	27
3	7	25
4	7	24
3	6	23
0	4	20
7	6	31
5	5	25
4	7	30
2	5	21
7	11	32
6	7	27
3	7	23
4	5	23
8	10	28
5	6	25
6	6	26
3	4	23
2	6	22
2	5	22
0	8	52
2	4	20
7	9	23
3	8	21
4	7	23
2	4	21
2	5	22
4	8	25
6	10	31
2	5	23
6	12	30
6	11	30
8	12	32
5	12	31
0	10	91
0	23	90
3	7	23
2	7	21
2	10	30
2	5	22
3	7	24
7	10	27
2	7	23
6	6	24
5	10	26
6	9	31
3	7	22
0	4	23
2	4	24
1	4	23
10	11	36
6	8	24
5	6	26
4	8	28
2	9	23
2	10	22
4	9	24
1	29	91
3	29	91
6	7	22
3	6	22
3	7	23
6	8	24
6	10	31
6	9	25
4	7	25
2	5	21
6	11	30
3	11	25
4	8	23
3	7	22
7	13	32
6	11	30
2	7	22
4	6	23
2	6	23
2	5	21
2	4	20
5	7	22
5	8	24
4	7	21
3	7	21
3	6	24
3	7	22
4	8	23
0	19	90
1	52	91
6	9	25
5	9	25
8	12	34
7	14	34
3	8	23
3	5	22
2	4	23
10	10	34
2	5	21
7	10	25
7	10	28
4	7	27
8	13	30
2	3	20
7	8	26
7	10	25
5	6	23
4	5	22
2	6	22
9	9	30
3	8	22
4	10	25
1	7	21
6	15	32
7	10	26
6	6	22
3	6	21
9	10	34
6	7	24
5	9	25
6	8	24
4	7	24
3	6	22
9	9	34
3	6	23
4	7	23
4	7	25
2	6	22
6	11	28
7	12	30
2	5	20
2	6	22
4	15	30
5	13	31
9	10	31
7	11	36
9	12	36
2	6	21
3	5	21
3	7	24
5	7	26
5	9	23
4	6	23
3	5	22
2	5	24
2	5	21
4	7	26
6	7	25
2	7	21
2	7	22
2	5	22
3	6	20
8	11	28
2	6	22
5	13	30
4	10	23
5	8	34
6	10	28
6	8	25
2	5	21
4	6	22
3	8	23
2	8	23
2	8	23
2	8	22
4	6	22
4	8	24
4	9	31
4	7	25
4	8	24
3	8	28
4	7	25
4	7	24
5	8	23
0	17	90
7	9	28
5	12	28
8	11	33
5	8	28
2	7	24
4	12	32
5	10	29
1	17	91
3	6	23
3	6	21
10	12	33
9	11	34
8	12	35
6	9	31
7	9	24
6	11	27
8	12	30
3	8	24
4	10	27
4	11	30
3	7	22
2	11	24
7	11	31
2	7	22
8	10	31
6	10	24
3	8	22
10	9	31
10	15	35
8	12	31
6	11	30
8	11	29
2	6	23
3	8	21
7	10	26
4	6	22
3	7	23
8	12	29
2	8	22
6	9	25
3	8	21
5	7	24
5	11	31
5	10	29
6	13	30
5	8	24
5	10	31
1	5	20
4	8	24
3	6	23
4	5	21
6	6	22
4	7	22
5	8	25
0	5	91
2	7	22
3	8	23
3	8	22
5	9	22
5	10	23
5	10	30
5	9	23
4	9	21
4	7	30
11	12	33
4	7	24
5	9	30
2	8	22
2	6	21
3	6	23
3	5	21
3	7	25
5	6	22
3	6	21
4	7	30
4	7	21
4	6	22
4	8	23
3	8	23
2	5	21
5	9	34
3	6	24
3	5	23
3	4	22
6	9	31
5	9	29
6	8	30
6	7	28
7	9	30
6	11	33
2	5	21
3	6	23
4	7	25
8	13	37
7	13	31
4	9	28
5	11	26
2	3	21
6	9	30
0	5	88
0	7	91
0	9	91
0	9	91
1	4	21
1	4	21
1	3	23
0	3	22
5	7	22
0	3	26
0	2	25
0	3	25
0	2	27
0	3	24
4	6	21
4	4	23
2	3	22
6	9	27
8	10	29
8	11	31
8	8	27
6	8	26
4	8	22
5	13	31
2	7	21
3	8	23
3	6	21
0	7	22
1	6	22
7	11	30
5	9	30
1	5	20
1	8	90
1	4	20
0	4	21
8	10	29
3	7	25
7	8	26
5	7	25
5	7	23
3	7	25
3	8	24
3	6	23
4	9	23
4	10	26
5	9	31
8	9	32
5	8	30
1	7	22
1	7	21
5	9	24
3	7	23
3	6	22
2	7	21
2	9	22
3	8	23
7	11	30
3	7	22
4	7	24
6	10	27
7	9	27
4	8	26
6	9	31
6	9	27
4	6	25
5	8	25
4	9	31
3	8	23
1	4	22
3	4	22
4	8	26
4	6	30
4	6	23
0	4	21
3	5	22
2	5	22
4	6	23
7	11	31
1	2	21
2	6	22
3	7	22
7	9	31
3	6	22
3	9	25
8	13	34
4	8	25
6	8	34
7	8	30
5	6	30
2	4	22
5	9	30
3	6	22
3	6	24
3	5	21
0	2	24
0	10	91
4	7	25
3	7	22
3	6	20
6	6	25
3	7	23
4	9	24
4	6	24
7	11	32
5	5	23
8	10	25
5	13	33
6	7	27
6	8	26
3	8	22
4	8	23
2	10	23
1	9	90
0	4	91
4	7	22
1	1	22
5	6	26
7	9	26
2	4	23
6	7	26
0	15	91
0	12	91
0	13	90
6	11	30
3	7	23
3	7	24
1	3	22
0	3	22
1	3	21
1	3	20
1	3	21
5	12	30
1	2	22
5	7	27
5	7	24
3	5	26
9	10	33
4	9	24
0	4	90
0	12	91
2	5	20
3	7	22
2	8	21
7	10	28
7	10	34
3	6	24
9	12	34
3	6	23
5	9	30
3	5	21
2	12	27
3	6	24
10	14	32
3	7	22
8	9	31
7	12	30
4	6	26
8	11	32
12	14	37
1	7	21
5	7	23
8	8	25
8	12	34
4	6	22
9	13	30
6	8	23
5	7	24
2	3	22
2	7	21
6	7	24
4	9	26
4	7	23
5	10	26
4	8	25
5	8	24
3	9	25
4	8	23
4	6	22
5	9	25
7	11	31
5	6	24
6	8	31
6	8	31
5	7	25
5	11	30
2	6	21
3	11	27
4	10	28
4	11	27
5	8	28
7	9	25
2	5	20
5	9	33
5	8	26
6	14	31
2	6	20
3	7	25
4	7	25
4	6	24
5	6	24
4	6	24
4	5	23
1	5	20
2	7	22
7	12	28
3	6	23
10	14	33
4	8	22
6	8	31
3	7	22
3	8	24
0	8	90
0	6	90
0	9	89
7	9	27
5	9	25
4	8	25
5	8	25
9	14	39
5	12	31
5	6	24
5	11	30
5	11	32
5	9	29
5	10	30
6	6	25
5	10	30
3	7	21
7	8	25
3	4	24
3	6	20
2	4	22
1	3	21
2	7	22
5	8	22
4	6	21
7	10	25
4	6	23
5	10	24
3	9	26
11	11	35
4	7	25
4	6	22
4	10	27
4	9	22
7	10	31
3	6	22
4	9	30
4	5	23
1	7	21
6	10	25
4	8	26
3	8	24
3	7	24
2	7	22
3	6	22
8	7	33
10	13	34
9	12	29
9	12	30
10	13	29
11	14	36
3	10	27
4	9	28
6	12	32
0	16	90
3	5	24
4	6	21
3	6	20
8	11	31
6	9	29
5	10	25
6	9	31
6	10	26
5	10	31
2	5	22
3	6	20
3	5	22
5	12	25
4	7	23
0	12	90
5	6	24
3	7	23
4	9	26
1	6	21
5	11	30
5	13	30
4	10	25
5	15	31
6	12	31
2	5	22
3	8	23
2	3	22
4	6	25
12	12	37
10	11	35
3	9	23
4	12	26
5	12	30
3	7	22
3	8	25
4	8	23
5	9	28
3	7	23
2	3	21
1	4	22
1	4	21
5	9	30
2	6	24
4	6	23
0	7	91
0	12	90
0	13	91
4	7	24
5	11	26
5	9	27
5	13	26
5	10	25
5	9	24
4	9	24
4	8	23
4	7	20
0	3	20
1	7	90
0	6	90
2	4	20
5	11	26
8	10	30
6	7	24
3	6	21
2	8	23
1	5	20
0	11	91
0	12	91
0	6	90
2	6	21
2	4	21
4	9	23
3	8	24
2	8	23
5	7	26
3	5	23
4	8	28
3	7	22
5	8	25
2	5	21
4	7	23
0	2	20
5	7	26
5	6	30
2	4	21
2	4	20
2	5	21
3	9	23
4	10	24
4	7	23
9	10	29
0	6	23
1	3	20
6	7	26
3	8	22
1	6	87
0	13	90
3	6	22
7	11	28
3	9	25
4	9	26
4	11	31
3	7	24
2	7	22
4	8	28
7	10	36
1	9	90
4	11	31
1	2	22
8	12	27
8	14	31
3	7	25
5	7	24
5	9	30
4	5	23
3	6	26
4	7	23
3	5	22
1	6	21
5	11	30
5	11	31
4	9	28
5	9	28
5	9	25
6	9	29
3	6	20
5	8	24
5	9	24
5	10	28
6	9	24
3	6	21
9	11	31
6	7	23
4	10	25
4	-1	91
3	9	24
1	5	21
3	12	91
3	14	91
2	5	20
7	8	26
3	8	26
5	8	26
3	8	23
3	8	23
5	10	32
4	7	26
1	6	20
3	5	22
3	8	21
1	3	20
0	10	91
0	8	90
5	8	24
5	8	22
2	6	23
7	11	32
4	5	22
1	6	91
7	9	26
2	7	26
6	13	32
7	10	24
1	5	23
1	6	20
4	7	24
3	6	22
4	8	23
5	10	31
3	7	24
7	10	31
2	4	22
5	8	23
6	7	24
6	11	27
5	7	24
10	11	32
3	8	25
2	10	27
9	9	32
6	9	33
5	8	31
5	8	26
4	6	24
7	8	26
3	7	25
4	7	24
4	6	22
0	3	20
4	7	23
4	5	24
1	6	21
6	10	32
1	8	47
6	8	26
0	3	21
2	2	23
8	12	34
0	2	23
7	8	25
0	2	21
2	3	20
6	9	25
4	6	23
3	5	21
2	6	22
3	6	23
3	12	26
6	8	27
2	3	20
6	10	26
1	5	22
2	5	22
6	8	25
2	6	21
3	7	23
1	6	20
5	7	23
6	10	30
5	10	30
2	6	21
1	4	23
2	4	22
7	11	31
3	6	20
4	7	25
5	6	25
1	4	21
0	10	91
0	8	90
0	4	32
0	5	32
2	5	20
1	5	22
6	10	26
9	14	37
2	6	21
7	7	27
7	11	33
7	10	27
4	7	22
1	4	21
1	6	21
2	2	21
3	8	22
7	10	24
4	9	25
3	16	91
5	9	32
2	7	23
5	8	26
3	7	22
2	6	23
1	5	22
6	10	29
5	5	24
7	10	34
5	8	32
8	9	34
7	8	39
6	8	38
6	7	32
0	2	24
8	11	30
5	6	25
7	11	26
10	12	30
8	19	34
1	4	21
1	2	20
6	11	30
4	7	25
5	7	25
9	10	32
7	11	30
7	12	30
8	14	34
7	13	31
2	6	21
3	7	22
2	3	23
4	10	30
5	8	23
2	8	27
4	5	23
7	11	28
8	11	29
1	6	23
0	10	91
0	10	90
4	7	22
2	8	24
5	10	29
7	12	32
7	10	27
4	11	26
3	7	21
4	4	22
9	11	35
4	9	29
5	8	24
3	7	24
3	6	22
2	6	20
1	8	23
7	13	30
3	8	23
1	9	23
1	7	22
6	7	24
7	12	31
6	10	33
3	7	22
5	9	24
4	9	25
4	7	24
3	8	23
4	10	30
5	11	32
2	6	20
3	8	21
5	8	22
2	6	22
1	5	21
7	10	30
8	12	31
7	8	30
7	11	26
7	9	28
3	5	23
6	13	32
5	8	25
10	12	35
3	7	23
4	12	27
4	9	25
6	8	26
1	4	23
6	8	25
5	7	25
2	4	22
3	6	22
2	5	21
0	9	85
2	3	21
2	5	21
2	5	21
2	6	21
4	4	24
5	4	25
5	5	26
5	4	25
7	8	32
3	4	24
4	6	24
4	5	23
6	7	26
4	8	24
0	13	91
0	7	91
2	7	23
4	8	23
5	8	27
5	10	26
8	10	27
8	9	32
2	6	25
4	9	23
4	9	23
4	8	23
3	6	23
2	7	22
8	10	33
5	13	32
5	9	27
7	9	30
7	13	35
10	13	33
3	6	23
6	8	24
1	6	24
6	6	28
1	5	20
6	7	30
5	9	30
7	13	34
4	8	24
4	9	25
11	14	32
3	3	22
8	9	27
7	9	32
0	4	23
0	3	21
3	7	22
1	8	20
6	14	31
4	6	23
3	8	24
3	8	22
2	6	21
2	7	21
7	9	30
3	5	20
3	5	25
3	8	23
4	9	26
5	6	22
3	4	24
5	9	31
0	9	90
6	10	27
4	10	26
2	8	20
3	6	21
6	8	32
1	10	90
0	-1	90
1	5	22
6	7	24
5	12	27
4	7	24
9	10	35
3	5	21
0	8	91
7	10	30
4	8	24
5	8	23
3	7	23
3	7	25
4	8	25
4	8	25
4	8	23
2	7	21
4	11	90
3	3	26
0	2	20
3	7	22
0	9	91
2	6	21
2	6	22
1	14	90
0	8	91
0	3	90
0	11	91
2	4	22
4	8	23
3	8	23
5	10	26
0	6	90
3	14	91
4	9	23
4	7	22
7	11	33
4	5	22
0	19	91
0	25	90
6	10	24
6	12	26
3	7	24
4	7	24
8	10	32
1	3	21
2	6	21
4	7	33
3	7	24
4	7	23
6	9	30
6	10	30
5	8	34
4	4	24
5	6	24
6	5	26
4	5	25
4	6	22
3	9	24
9	12	35
3	4	21
3	8	21
2	3	21
5	6	26
2	5	21
7	6	27
4	4	25
4	5	24
2	5	22
2	5	21
0	10	91
0	12	89
3	7	26
2	6	22
5	9	26
3	7	21
3	7	22
3	8	24
3	7	24
3	9	25
4	11	30
1	6	22
3	7	24
3	8	25
3	6	23
1	7	21
2	8	22
3	8	22
4	6	24
4	9	25
6	9	25
3	9	26
5	9	24
7	12	28
7	13	28
5	7	28
5	8	25
2	4	22
2	6	21
2	7	22
0	4	21
1	5	21
7	7	26
9	13	35
0	7	91
0	15	91
6	12	30
4	9	25
1	4	22
1	6	22
0	6	25
3	6	21
4	5	22
3	6	24
3	6	24
0	8	91
0	14	91
5	6	23
5	8	23
5	9	25
5	9	24
6	9	26
2	6	21
3	7	22
3	4	22
4	9	26
2	5	21
8	8	30
3	7	24
3	7	22
0	3	22
2	7	21
1	8	21
1	5	24
0	7	91
0	16	91
3	3	22
3	5	24
2	4	22
1	4	22
1	4	21
4	7	24
4	6	21
2	5	21
3	7	22
3	6	23
7	9	30
6	9	24
1	5	20
1	5	24
2	5	23
2	5	22
2	6	23
2	5	21
1	4	21
2	4	22
5	6	22
6	8	24
7	9	30
3	8	24
3	7	23
3	8	23
5	8	28
2	4	22
2	8	21
1	4	22
1	6	20
3	7	22
3	7	24
9	9	27
7	9	32
1	5	21
4	8	27
3	5	22
2	6	23
2	6	21
3	4	22
5	7	23
8	11	27
6	13	30
4	7	21
1	4	24
0	2	20
3	4	22
2	8	27
7	9	32
2	2	22
4	6	21
4	7	22
4	5	27
4	7	23
3	5	21
4	6	25
3	5	21
3	5	23
5	6	24
5	6	23
1	4	21
1	4	20
2	2	22
8	13	31
8	8	27
2	5	21
12	13	35
2	3	21
2	6	21
8	9	28
2	7	22
5	8	26
2	5	22
5	8	27
5	12	28
5	13	28
5	9	25
4	9	24
3	5	23
1	3	24
4	4	21
2	6	20
2	2	23
0	2	20
0	7	90
1	11	91
4	6	23
1	14	91
5	16	91
2	6	21
1	6	20
4	6	26
5	6	25
4	5	22
5	9	30
6	11	33
5	11	32
3	7	24
3	6	25
5	8	26
5	9	30
6	10	34
4	8	28
5	8	26
5	8	30
7	10	34
1	2	21
0	11	80
0	9	80
2	5	22
1	5	21
4	7	30
0	4	21
3	6	23
3	5	22
2	3	21
3	5	22
9	10	29
5	11	30
3	6	23
3	7	22
3	9	23
2	2	22
2	6	24
3	7	24
7	7	26
1	3	21
2	7	23
2	6	20
2	8	21
3	6	22
4	8	26
4	7	25
3	5	25
2	4	20
3	6	22
3	6	24
7	9	31
3	6	22
3	6	22
0	9	91
0	13	91
0	11	90
5	11	30
5	7	26
2	4	22
4	7	26
2	6	22
2	6	21
3	6	22
30	30	90
7	5	31
0	5	87
0	12	91
3	8	24
3	4	22
2	4	21
2	5	26
5	6	31
4	7	23
4	6	22
3	4	22
3	5	24
5	8	23
4	8	22
4	8	23
3	7	24
3	7	23
3	8	23
3	6	22
3	7	23
20	10	61
5	6	22
7	9	26
1	6	24
2	7	24
1	3	21
3	6	25
1	5	22
1	5	23
8	9	29
5	8	23
2	9	22
3	9	24
2	7	22
6	10	25
2	3	23
6	12	26
2	3	22
4	6	24
3	8	22
3	8	23
3	8	22
4	7	22
3	7	21
4	7	23
4	5	22
1	8	91
0	6	90
2	23	91
5	16	90
1	5	21
2	8	90
1	7	90
0	4	23
0	2	22
3	5	22
3	6	22
3	7	22
8	7	26
10	9	31
2	6	22
0	3	23
7	7	25
0	9	91
0	-1	91
5	9	32
4	13	33
5	9	30
3	7	22
1	2	22
0	5	84
6	11	25
0	13	91
0	13	90
1	5	21
3	4	23
0	1	21
2	6	23
4	8	21
11	8	35
10	10	38
9	8	35
7	7	30
1	7	21
2	8	22
3	7	21
3	7	23
2	5	21
1	4	20
7	8	27
7	11	35
6	7	28
5	7	27
6	9	28
5	7	26
5	7	25
5	5	26
5	8	26
5	8	26
4	8	25
5	7	26
3	8	27
4	7	22
6	9	25
3	5	20
7	10	26
4	7	24
2	4	22
1	4	21
6	9	26
6	9	27
4	6	22
8	11	33
8	8	30
2	8	24
5	8	30
5	9	30
3	6	24
2	3	21
4	8	26
5	7	23
2	8	91
2	5	21
6	8	28
3	6	23
8	10	29
2	4	22
4	5	23
0	2	21
9	12	35
4	8	30
6	8	29
5	10	28
6	10	30
6	10	31
6	11	34
3	7	24
5	12	31
1	5	22
3	6	22
4	7	23
5	8	26
4	7	22
6	10	27
5	9	31
4	9	26
1	4	21
3	4	24
9	13	33
3	8	24
5	7	21
3	5	23
5	8	25
3	6	22
3	7	26
7	11	30
2	9	91
2	8	90
2	7	22
0	5	20
4	7	23
8	10	34
4	8	28
0	2	20
5	9	29
2	5	21
10	10	39
5	7	26
7	10	28
2	5	21
0	12	90
0	7	91
0	15	91
0	7	91
6	7	25
2	8	24
2	5	21
4	8	24
3	5	24
4	11	31
4	6	24
6	9	30
0	5	22
4	5	22
6	6	24
8	7	26
5	7	24
2	6	22
2	5	21
0	11	91
2	2	23
1	3	21
6	9	26
1	6	21
0	12	91
0	12	91
0	13	90
2	-1	90
4	3	22
5	9	30
0	10	89
0	7	90
3	5	26
4	5	24
3	5	23
4	7	24
6	9	23
5	6	24
3	6	21
3	7	25
5	9	22
1	5	23
6	11	27
5	10	30
5	9	25
4	9	23
5	8	24
4	7	23
2	4	23
7	12	30
6	12	30
6	10	27
2	7	24
4	7	30
2	7	22
1	6	22
4	3	24
4	8	26
3	4	21
4	5	24
6	9	24
5	9	30
8	9	27
2	4	20
1	3	22
4	6	23
4	6	23
2	7	21
6	13	33
6	7	25
2	6	21
2	7	22
2	3	23
4	7	24
1	8	90
7	12	91
2	5	21
9	12	31
0	3	22
6	11	30
2	6	22
3	7	25
3	6	23
2	7	23
0	8	77
4	9	26
2	9	23
5	8	25
1	2	23
5	8	25
5	9	31
1	1	21
2	6	23
1	3	21
2	7	22
6	7	27
0	9	49
3	5	24
3	6	23
11	12	91
5	8	27
7	8	26
3	5	22
4	7	22
7	11	91
8	13	32
11	13	36
9	12	29
4	8	23
0	5	91
3	11	91
1	9	90
1	12	91
1	7	22
2	4	21
1	7	20
5	6	23
3	10	24
5	7	23
2	5	22
0	7	43
4	5	22
4	7	23
3	5	23
4	8	31
5	4	24
6	6	28
2	3	21
4	4	22
4	6	26
4	6	25
6	11	30
3	6	22
3	6	22
4	6	22
3	8	22
5	9	25
8	10	27
4	5	25
3	3	23
2	5	20
3	6	22
0	12	91
2	12	90
6	7	27
2	7	22
0	8	48
2	5	21
2	5	20
4	5	23
4	7	31
2	3	24
4	5	25
6	8	26
4	10	27
6	6	26
2	7	22
4	4	23
5	5	23
5	5	24
5	5	25
4	4	24
5	9	27
0	9	91
7	9	26
3	5	21
2	4	21
10	16	39
11	16	38
11	19	39
2	33	90
0	2	20
0	2	20
5	12	29
2	7	22
4	5	24
1	5	21
4	7	23
4	10	27
0	8	91
0	8	91
2	6	22
5	8	25
5	8	26
7	9	30
7	9	28
0	11	91
0	13	90
6	11	30
0	3	20
7	9	27
3	9	25
2	7	22
2	8	22
3	7	24
3	8	23
0	15	91
11	12	34
9	12	35
8	8	32
9	8	31
6	8	24
6	10	29
7	12	28
1	5	21
2	7	23
6	7	24
6	8	26
7	7	25
0	4	21
1	4	21
1	6	21
2	5	21
6	10	31
7	13	34
4	6	25
1	7	21
2	6	24
4	9	24
4	6	23
6	6	21
0	3	22
32	37	86
6	11	30
0	4	20
1	4	21
1	3	20
6	7	30
6	7	28
5	8	26
3	6	23
0	4	23
0	9	81
1	14	90
2	5	25
3	3	22
4	7	24
5	7	24
5	7	25
4	8	25
1	6	23
4	6	24
3	5	23
3	6	22
3	12	90
2	5	21
4	6	24
10	13	34
7	9	25
6	10	31
6	9	30
2	7	24
2	5	21
4	9	23
0	7	91
0	4	91
7	13	32
2	6	20
3	6	28
7	11	29
9	9	31
3	5	23
0	9	89
4	9	22
2	6	21
3	7	21
4	7	24
0	10	91
1	11	90
11	13	34
2	7	23
1	3	22
1	4	22
1	4	21
5	10	29
4	10	27
4	10	25
4	9	23
26	30	91
28	30	90
2	6	21
4	8	24
3	5	23
4	6	23
4	8	22
4	8	23
0	2	22
3	7	21
0	11	90
0	8	91
7	9	34
2	5	21
11	10	32
11	10	36
4	9	27
3	7	22
4	9	24
3	6	25
3	4	21
2	4	20
3	7	24
6	8	26
4	10	30
5	9	24
5	8	23
7	10	28
4	6	22
2	5	22
3	6	23
3	9	26
2	6	22
3	6	22
5	6	24
5	6	24
4	4	21
1	5	21
1	4	21
1	3	22
4	7	22
10	14	38
13	14	36
2	4	23
2	9	23
5	8	24
4	10	24
4	8	25
4	7	24
3	7	24
3	6	24
3	7	22
2	5	22
2	6	21
5	9	25
8	11	30
3	6	22
3	5	22
5	5	24
0	7	91
4	7	23
3	8	24
3	8	25
3	5	22
3	9	22
10	12	36
7	8	25
3	5	25
3	9	29
2	5	23
7	9	24
6	6	26
3	6	23
3	6	22
4	5	22
5	8	30
9	12	30
5	9	26
5	8	25
8	11	30
6	8	26
6	8	27
3	8	23
2	6	21
3	5	20
2	5	22
3	10	24
7	13	32
3	8	21
3	7	20
3	11	24
5	9	25
5	14	30
5	9	24
4	10	25
6	10	30
4	11	91
4	11	91
6	8	25
5	6	25
13	16	37
3	6	23
1	4	22
2	5	20
6	8	28
3	7	22
3	6	22
7	10	30
4	9	27
3	5	22
0	18	91
2	6	20
7	11	25
5	10	29
2	4	22
6	10	31
6	9	29
5	8	28
6	14	81
4	9	24
3	4	21
4	9	32
3	8	30
9	9	32
13	17	48
2	7	22
6	9	24
2	5	22
8	13	34
0	13	91
1	4	22
4	9	27
6	10	32
2	6	23
4	7	24
3	7	23
4	8	24
2	10	23
1	3	22
2	3	21
2	6	22
8	11	30
4	12	30
7	14	34
3	5	22
4	9	26
7	12	30
8	12	32
4	9	30
5	7	24
6	9	30
6	8	24
7	13	31
5	9	26
6	10	31
4	7	22
2	6	22
6	5	26
2	4	22
7	9	24
3	7	22
1	6	22
5	10	31
6	11	33
8	13	33
6	11	28
3	6	22
3	6	21
2	6	21
7	8	27
6	13	32
1	4	21
3	4	23
2	6	22
2	5	23
5	6	25
1	9	22
2	7	23
0	61	91
5	11	30
3	6	21
10	12	36
2	7	22
2	4	22
1	5	21
1	3	20
2	7	21
6	13	30
5	6	23
6	8	27
4	7	26
3	7	22
4	7	25
9	12	35
7	10	30
9	9	33
7	9	30
1	4	22
2	4	23
2	6	21
4	8	25
3	6	23
3	10	25
7	14	34
5	7	27
6	12	33
4	9	25
2	8	24
5	9	24
2	5	22
0	5	21
2	5	22
6	12	34
3	6	24
4	5	24
4	10	28
4	11	26
7	13	31
6	9	26
3	7	25
1	13	91
2	14	90
3	6	23
0	12	90
5	7	24
2	7	22
10	12	35
2	6	23
5	6	25
6	7	27
1	3	22
2	6	24
3	4	23
1	6	22
4	6	22
4	5	23
3	7	24
3	7	24
4	8	25
4	6	24
0	4	20
4	5	23
0	8	90
1	13	88
5	9	26
6	12	30
4	10	27
4	9	23
5	9	25
8	11	32
4	6	24
7	6	26
5	10	25
5	8	23
6	8	25
4	6	25
4	6	24
1	4	21
3	4	21
7	12	29
7	12	32
8	13	31
6	9	23
1	5	22
4	9	23
2	5	24
0	10	90
4	6	24
3	7	23
3	6	23
2	7	24
5	10	31
7	10	31
4	5	20
4	7	24
7	17	36
7	13	30
0	20	91
1	6	21
2	8	23
5	9	25
6	9	25
6	9	25
6	9	25
6	7	25
10	12	35
5	8	28
8	11	30
2	5	22
4	7	26
3	4	23
7	12	27
8	11	31
6	10	25
2	8	22
2	8	22
3	8	24
4	8	30
6	14	33
8	10	30
8	11	25
9	11	31
4	7	24
1	5	21
1	4	20
3	7	21
2	6	21
3	5	26
7	12	31
5	8	24
6	12	31
5	9	25
0	2	22
0	2	23
0	2	25
0	2	24
0	2	24
0	4	25
0	3	20
7	11	35
6	9	24
4	7	24
3	6	23
3	6	21
3	8	20
1	6	24
8	12	29
4	6	21
3	6	23
1	6	21
3	3	21
3	6	22
7	8	30
4	7	23
2	5	21
1	5	22
6	8	25
5	8	24
6	13	31
5	8	23
3	4	24
3	7	23
4	8	24
5	8	23
4	8	23
4	8	21
3	8	20
2	4	21
4	6	23
3	3	22
12	15	32
4	7	30
1	5	20
1	6	21
4	8	30
3	7	30
2	4	22
0	4	21
5	10	33
2	7	21
5	7	25
4	11	26
4	8	25
2	4	22
5	8	24
5	8	24
5	10	30
6	9	30
5	7	26
5	9	27
3	7	26
3	7	24
5	10	32
4	7	25
4	7	24
4	7	24
6	9	24
3	4	20
1	5	21
4	6	21
6	11	30
3	5	26
5	7	25
4	5	22
3	4	22
3	6	22
1	5	20
2	5	21
2	5	20
3	9	23
4	6	22
3	4	21
2	6	23
3	6	21
2	8	25
5	12	28
1	3	22
2	2	22
1	4	20
6	10	27
4	8	23
4	5	26
0	9	91
3	8	25
1	14	91
3	5	23
2	5	20
1	6	22
0	14	91
0	7	90
3	7	24
3	7	21
3	7	22
0	4	21
11	17	36
7	18	35
5	9	23
5	7	23
4	7	23
6	8	33
5	7	30
3	5	23
2	4	22
2	5	21
4	9	28
2	43	91
3	4	23
0	8	90
8	9	32
6	8	29
6	10	31
6	7	27
5	9	26
5	7	27
6	7	25
3	8	24
5	8	26
5	8	30
4	7	24
1	7	53
8	10	28
4	8	25
1	3	22
3	6	24
3	5	23
4	7	26
1	6	22
0	3	21
0	4	20
3	17	91
1	8	91
1	9	91
9	13	34
3	6	24
2	5	21
2	6	25
3	7	25
9	15	35
4	8	24
2	10	91
1	12	90
0	10	91
4	6	26
2	5	21
2	3	24
3	4	22
3	9	23
2	4	22
3	8	25
2	6	21
2	7	24
6	11	25
8	7	24
1	4	20
0	8	90
0	7	88
8	10	28
8	9	25
4	8	30
2	6	22
3	6	24
5	9	31
5	5	26
2	8	21
2	7	20
3	6	22
3	5	23
3	7	22
1	4	20
8	11	27
7	12	32
6	7	26
11	15	38
14	19	48
13	18	45
12	16	39
17	18	47
24	30	82
18	23	62
14	16	46
12	15	43
12	14	37
9	14	39
11	12	32
9	12	34
12	14	38
10	12	36
28	34	91
27	34	90
28	33	91
9	11	35
27	32	91
13	13	40
27	31	90
27	32	91
12	12	39
10	11	32
13	14	43
14	17	48
9	10	32
12	13	42
10	10	34
16	17	53
11	12	37
2	6	21
3	5	22
8	14	32
5	7	24
4	6	25
2	4	23
2	4	22
0	9	91
4	7	25
1	4	22
2	5	20
2	6	21
3	7	21
4	7	23
1	4	22
7	10	29
3	5	22
4	7	22
0	3	22
1	4	21
2	5	22
2	4	20
4	7	24
2	5	21
1	5	20
0	14	90
0	13	90
5	11	31
4	6	21
3	6	21
2	7	91
5	11	24
2	6	22
2	4	21
4	5	24
2	4	24
4	8	24
4	5	26
2	6	22
4	7	24
3	5	22
2	8	23
3	8	23
3	6	22
3	8	22
2	3	24
1	3	22
1	4	21
1	3	20
4	6	22
2	6	23
5	11	34
0	14	91
0	16	91
4	5	25
1	4	22
1	4	23
1	4	22
7	6	25
2	5	23
0	3	32
2	9	91
4	7	26
7	7	28
9	9	30
4	6	20
4	11	26
5	12	31
5	8	26
5	8	25
4	7	25
4	10	30
3	7	23
9	9	34
4	6	22
2	8	22
1	6	22
2	6	22
2	4	20
6	9	31
3	6	23
3	9	23
3	6	23
3	5	21
5	6	26
3	5	25
5	8	31
8	11	30
4	6	24
0	5	22
0	1	23
2	9	25
4	10	26
4	8	23
0	-1	91
5	10	26
4	7	26
5	9	24
5	8	24
2	7	21
10	10	33
8	9	30
2	6	20
4	8	23
2	8	22
5	10	31
3	7	20
3	5	23
1	7	24
0	14	89
0	13	89
5	7	24
4	9	24
6	8	24
5	8	22
4	7	23
4	6	23
3	7	24
3	6	24
2	6	23
2	5	22
1	4	20
1	4	21
5	13	31
2	10	57
1	7	23
2	5	21
2	17	91
0	8	89
0	10	90
0	10	90
1	7	21
1	4	21
3	7	24
3	7	23
2	7	22
2	7	22
4	9	27
3	6	23
3	8	25
4	10	31
4	8	25
3	9	24
12	17	40
0	11	91
6	8	32
7	9	31
4	6	24
7	7	27
7	9	28
7	8	28
2	5	21
6	9	28
10	9	30
3	8	22
5	5	27
4	4	25
5	4	25
3	4	22
0	12	90
0	14	91
3	6	23
1	4	20
9	11	33
5	6	23
8	10	32
7	9	31
5	4	24
0	4	22
4	4	25
3	6	22
8	12	34
4	9	27
3	9	26
5	11	26
5	11	28
4	11	27
3	10	24
5	13	30
4	11	30
5	5	23
0	4	21
0	3	20
3	5	22
7	13	31
8	11	33
4	9	24
4	6	24
2	6	23
2	5	22
1	5	22
5	6	24
9	13	31
1	4	21
1	3	21
2	3	23
0	1	20
1	3	22
0	1	21
4	6	22
6	7	26
3	8	23
2	6	26
2	5	24
4	5	24
2	5	21
2	5	22
5	5	22
6	8	27
2	14	91
1	5	21
6	8	24
5	8	25
6	11	30
3	22	88
5	11	30
6	7	26
7	7	26
6	6	25
7	10	26
6	11	27
7	8	26
3	6	22
6	11	34
5	9	30
4	8	29
7	9	31
5	10	30
5	9	32
5	7	29
4	7	22
6	9	26
2	5	22
1	7	20
3	8	23
0	11	91
0	7	91
3	3	21
2	3	22
2	7	21
3	6	22
3	5	21
1	6	21
3	7	26
3	6	21
3	7	22
4	6	24
3	6	22
3	9	24
7	11	32
4	10	27
4	6	23
3	5	22
2	5	21
2	6	26
4	8	22
3	6	24
5	7	24
5	7	24
3	8	24
2	5	21
4	8	30
6	6	24
7	10	28
2	7	22
3	8	22
2	7	20
2	6	22
0	13	90
2	5	22
2	5	24
7	12	30
5	12	30
5	12	27
4	6	24
5	11	30
5	8	25
2	3	21
3	6	22
2	6	20
3	6	22
4	6	23
4	9	22
4	7	22
2	9	90
1	8	91
2	5	22
5	8	25
5	9	25
5	9	25
6	9	30
7	11	27
5	8	25
3	7	23
3	7	22
3	7	22
4	7	23
2	9	22
2	4	21
0	5	20
2	6	22
5	6	24
7	9	33
8	12	31
9	8	25
4	10	27
3	6	23
4	7	24
5	9	25
4	8	25
4	7	25
3	6	23
3	8	23
2	5	23
5	5	26
5	9	25
3	7	23
9	10	34
5	6	24
8	13	34
2	7	20
3	6	21
11	12	35
1	6	91
2	8	91
1	8	91
3	8	22
4	6	23
4	7	24
6	7	24
2	5	22
2	6	22
5	9	25
2	8	22
3	4	24
1	45	90
3	8	24
5	8	26
8	12	34
4	8	25
5	12	32
2	4	21
2	7	20
1	2	25
8	10	30
8	11	34
6	9	28
6	10	30
8	13	36
2	7	22
4	6	23
3	8	22
3	6	24
5	7	25
2	7	20
3	6	21
3	3	22
4	9	30
3	7	21
3	7	22
3	4	21
2	4	20
2	9	23
0	8	91
0	12	91
6	14	30
9	13	33
6	9	28
6	10	28
5	13	30
7	12	31
7	9	26
2	6	21
3	7	21
5	10	33
2	4	21
4	11	26
4	9	26
7	13	32
5	8	22
5	8	23
3	8	26
2	6	22
3	5	21
3	4	23
3	3	21
3	6	21
2	5	21
4	5	22
1	5	20
4	6	22
3	4	21
3	5	22
3	7	23
6	13	30
8	10	25
1	9	23
1	7	22
7	9	30
9	12	35
7	10	33
8	11	32
7	9	30
4	10	26
3	8	21
5	7	23
4	7	22
5	7	24
10	12	30
0	15	91
0	15	91
2	7	22
3	7	21
4	7	24
2	7	23
2	6	22
2	5	22
6	6	27
8	7	28
4	8	24
8	18	33
0	13	87
6	12	31
6	8	25
8	15	39
8	10	27
1	3	23
4	7	23
7	5	28
6	10	28
3	9	23
6	8	24
2	6	22
1	5	20
1	9	73
1	9	73
4	8	25
3	6	21
3	6	21
1	8	22
4	8	22
6	9	25
3	5	22
4	6	21
6	9	27
7	10	30
8	9	30
6	10	31
6	11	27
2	6	22
2	9	20
2	9	22
7	13	34
9	11	32
6	11	32
5	9	28
4	10	27
5	12	30
6	10	27
5	12	30
9	11	31
4	7	24
4	8	22
3	6	24
4	7	24
3	7	22
2	5	23
2	4	21
6	7	28
4	13	26
5	8	22
4	9	23
5	12	25
4	11	26
4	11	25
11	13	41
8	13	32
4	6	23
4	6	24
4	6	23
1	6	23
4	9	22
4	7	24
3	7	21
4	5	23
0	15	91
4	7	23
4	10	28
4	8	23
3	8	26
3	10	24
3	7	22
5	8	23
4	8	25
3	8	24
4	8	24
3	9	23
4	7	22
5	8	24
5	8	26
7	9	26
4	7	25
6	5	25
7	9	27
7	11	31
4	8	23
4	6	22
7	11	30
3	5	23
2	7	22
6	10	26
5	7	24
3	7	23
3	6	21
5	7	22
4	7	30
6	12	30
9	13	32
3	13	30
4	11	26
2	6	20
8	12	33
1	4	23
0	-1	91
0	14	91
2	6	22
5	10	33
2	4	21
2	5	22
3	7	25
1	6	26
9	10	30
3	8	23
0	6	90
0	10	89
9	12	33
4	5	23
8	11	32
2	6	24
3	7	24
5	7	24
5	9	27
7	11	27
6	10	26
6	9	26
6	9	24
2	6	20
7	8	30
5	7	26
4	6	27
3	8	26
5	7	25
2	7	22
2	8	22
6	9	31
2	6	22
1	6	91
0	8	91
2	5	23
5	9	30
1	4	20
2	4	21
4	6	31
4	6	22
7	8	27
10	10	35
3	6	21
1	5	22
2	4	22
7	11	30
1	9	91
0	14	90
11	11	38
4	9	27
4	7	24
3	7	21
3	11	26
4	10	25
5	9	24
4	9	23
3	7	23
3	6	23
3	7	22
2	7	23
3	8	23
7	11	27
9	12	32
10	11	33
9	11	31
2	5	21
1	4	22
3	9	23
3	4	23
3	8	22
2	7	20
11	13	35
5	8	25
3	9	22
4	9	23
4	8	24
6	9	24
3	6	22
2	6	20
2	6	22
11	13	37
3	6	22
3	6	23
1	8	22
4	7	24
5	8	25
2	5	21
4	6	24
4	6	23
8	9	32
0	11	91
0	8	91
2	12	25
3	7	23
2	6	21
4	7	25
2	7	21
2	6	21
2	6	22
6	11	31
5	11	31
4	6	22
4	8	23
4	7	22
2	7	22
2	6	21
4	6	24
4	5	24
3	9	24
5	10	30
1	13	90
5	7	25
3	6	24
2	5	21
6	11	26
3	7	25
5	10	25
2	5	22
6	10	26
0	7	90
3	7	24
1	3	21
1	3	22
1	3	23
6	9	30
5	11	30
7	9	26
1	5	22
4	7	24
3	9	23
10	31	90
7	11	30
8	12	31
3	6	22
2	8	23
3	7	24
3	6	22
2	5	23
3	5	23
4	8	28
4	6	25
4	8	25
3	8	23
3	5	21
5	12	31
0	11	83
2	4	21
3	9	25
3	4	24
0	2	21
4	8	23
7	12	26
5	12	25
6	11	26
5	11	25
7	10	24
5	8	24
2	5	21
5	9	27
4	8	22
0	20	91
0	10	89
7	11	30
5	10	26
3	11	24
4	8	23
4	7	24
3	7	23
5	8	24
4	7	21
4	8	22
3	5	22
4	6	23
3	8	23
4	8	26
6	8	24
6	6	29
4	8	24
7	8	26
8	9	27
8	10	32
4	6	21
5	8	30
2	6	21
1	6	21
6	8	24
0	10	90
9	10	27
4	8	22
3	5	21
2	5	22
4	9	24
4	9	24
3	8	23
6	8	30
0	6	91
0	7	91
3	6	20
3	7	24
2	7	23
2	9	23
5	8	25
3	7	22
5	8	26
6	8	24
4	14	26
7	9	29
8	12	32
6	12	32
3	6	21
3	9	23
4	9	24
4	9	24
4	7	22
3	6	22
3	12	30
2	7	21
5	10	26
4	9	24
5	8	23
3	7	22
5	6	24
3	6	22
7	9	31
0	5	90
8	10	30
1	3	22
6	8	24
4	9	24
4	6	23
2	6	21
4	8	25
3	5	23
7	9	30
3	5	23
3	5	22
7	10	29
8	12	30
6	9	29
5	6	24
5	8	31
2	5	22
5	8	27
5	8	27
7	9	32
7	10	30
8	9	31
7	7	28
3	8	25
3	7	23
9	11	31
0	12	91
6	11	27
3	6	21
6	12	33
3	7	24
3	10	23
3	6	21
3	7	22
4	7	22
0	3	87
1	4	22
1	4	20
7	8	26
9	10	33
9	9	32
4	12	30
2	8	24
2	6	22
2	6	23
2	3	22
3	8	25
3	8	23
4	8	24
2	4	20
5	12	30
1	14	90
7	8	28
4	10	24
6	8	30
3	7	23
3	8	25
1	4	20
4	7	24
3	6	23
3	7	24
1	5	23
4	7	22
1	4	23
1	4	24
3	6	21
6	12	32
2	10	22
7	10	31
10	13	32
5	6	31
2	62	89
3	6	22
3	5	22
2	4	21
1	8	22
2	6	21
6	6	29
7	8	31
5	5	26
5	7	30
5	6	25
9	13	33
5	8	26
6	7	24
8	8	33
7	10	28
4	6	22
0	4	32
2	2	24
4	8	24
3	6	22
0	15	91
0	11	90
5	10	31
4	7	25
3	5	23
3	6	24
3	5	22
2	11	90
2	6	26
3	8	24
5	5	23
1	4	20
0	4	25
0	4	23
3	6	23
7	10	27
8	11	31
1	2	21
6	10	23
4	8	25
2	7	21
4	7	23
9	12	32
10	13	36
3	4	24
10	10	28
4	5	22
3	7	22
2	6	22
7	5	26
10	12	33
9	11	32
3	6	23
3	6	23
3	6	23
3	6	22
6	9	29
8	10	27
4	5	21
5	8	23
5	7	24
6	7	23
10	10	37
9	11	38
11	9	35
8	13	29
7	12	31
8	11	30
7	11	29
2	6	23
2	8	21
4	7	24
7	11	32
8	11	32
9	10	29
9	11	31
11	11	32
7	10	28
4	7	21
11	11	31
0	3	21
3	5	22
4	6	21
2	5	22
4	8	24
3	8	24
4	7	23
6	10	28
1	6	21
2	6	22
7	9	30
0	7	91
0	4	91
4	11	27
0	9	91
0	11	91
2	7	23
6	8	26
3	7	22
3	7	22
6	8	24
0	18	91
1	4	20
4	8	23
4	7	23
4	8	23
7	11	26
1	7	20
5	10	27
6	9	27
11	13	34
1	5	21
3	7	21
2	6	22
3	5	22
4	4	23
2	5	22
4	5	23
9	11	34
1	8	20
0	16	91
0	10	90
1	4	20
5	10	28
3	9	22
3	8	22
1	8	20
4	5	23
5	11	31
7	9	24
3	8	23
4	8	23
1	5	22
4	6	26
5	8	23
7	8	31
6	8	30
1	5	21
3	7	22
1	8	21
1	6	20
5	6	24
2	7	25
5	7	30
2	4	21
6	13	31
2	6	22
2	6	23
5	8	23
5	7	24
2	2	21
7	10	31
4	9	25
6	9	30
3	9	26
3	7	23
4	10	25
4	6	22
9	11	31
9	15	33
8	12	30
9	11	30
8	12	31
2	5	20
7	10	27
5	12	32
4	7	22
0	5	23
3	5	21
1	4	20
3	4	23
0	12	91
0	10	91
6	7	24
7	10	27
6	8	25
3	4	21
2	7	23
2	3	20
7	7	26
9	11	30
0	9	91
0	20	91
4	7	25
4	6	25
3	10	31
4	9	26
5	5	24
5	6	26
5	5	23
1	5	21
8	9	31
7	12	28
3	7	22
6	9	27
4	6	25
5	6	23
4	8	21
3	5	22
3	6	23
3	5	24
3	4	21
2	7	23
3	6	23
2	3	21
2	5	22
2	5	22
4	10	31
2	3	22
7	7	31
5	7	25
2	3	22
4	6	23
4	6	22
0	3	20
3	5	24
3	6	23
2	5	23
11	11	37
9	13	33
3	5	21
3	5	25
3	7	22
3	7	23
0	10	90
0	11	90
3	6	23
2	6	21
3	8	25
3	7	24
3	7	21
2	6	21
6	8	24
2	5	22
2	6	21
4	9	23
4	6	24
2	4	21
5	7	25
4	5	22
2	4	22
5	6	23
4	3	23
4	6	22
4	6	23
6	7	30
3	5	22
3	4	22
4	6	22
2	7	23
2	5	21
3	4	24
7	10	31
3	4	24
1	6	20
0	3	20
1	3	22
5	7	30
3	8	22
3	6	21
3	6	22
5	7	22
4	6	25
1	13	90
1	12	91
7	9	23
7	9	26
5	8	25
9	12	36
7	9	29
4	7	25
4	6	24
5	6	23
4	11	26
6	8	22
5	8	25
7	10	30
5	9	25
3	5	21
3	5	25
7	12	30
7	10	30
6	10	26
4	7	22
5	7	23
9	8	28
11	9	32
5	7	26
7	11	31
8	10	32
7	12	28
3	7	21
4	11	29
10	12	27
6	7	25
11	12	36
6	10	30
6	13	32
5	7	25
3	9	21
8	9	28
6	8	24
4	8	27
2	4	24
4	8	23
4	7	22
2	5	22
2	5	21
4	13	30
3	8	22
4	5	25
5	8	27
6	10	24
7	7	27
7	13	31
4	4	21
3	4	22
1	4	22
3	5	23
4	8	27
6	8	24
5	9	23
2	7	20
8	9	27
7	12	30
5	10	26
5	8	27
3	8	25
4	8	24
5	8	24
4	8	26
5	7	24
1	5	22
5	6	21
4	7	22
3	7	22
6	9	32
5	8	24
3	7	23
2	8	22
2	7	22
3	7	24
4	7	23
4	6	26
6	7	28
11	10	33
3	6	22
2	6	23
2	7	27
2	5	21
9	10	28
2	7	21
3	6	22
10	13	37
5	6	25
7	9	30
5	7	24
4	7	22
5	8	23
3	7	23
6	8	25
6	11	27
2	7	22
4	6	30
5	10	30
6	6	24
3	4	22
4	8	25
10	12	34
10	11	34
2	8	23
2	9	23
8	10	29
7	11	28
2	5	20
5	7	23
2	7	21
5	8	25
1	4	21
7	7	29
2	5	22
3	6	22
10	12	36
4	8	25
2	8	22
2	7	22
4	10	24
6	10	30
3	5	21
5	8	23
4	9	25
8	12	31
8	14	34
5	5	23
6	9	31
3	6	20
4	7	24
3	14	28
4	11	26
6	9	33
4	6	24
2	6	22
7	9	30
3	5	22
4	6	21
4	7	25
2	1	22
5	8	25
2	5	22
6	8	25
0	3	42
2	7	24
5	8	25
4	9	25
4	8	26
3	6	24
5	10	24
3	7	24
4	8	24
7	13	30
7	17	32
5	8	25
7	10	27
7	10	30
7	7	27
2	2	23
3	6	22
2	7	22
2	8	21
3	7	21
0	4	22
2	4	22
3	6	24
3	6	23
3	6	24
6	8	25
2	4	21
4	6	23
6	13	34
2	5	22
3	7	26
2	6	22
4	6	21
5	8	25
3	7	23
5	8	25
4	7	25
3	9	24
7	10	28
10	15	33
12	14	33
10	13	32
2	7	22
2	6	21
2	6	22
0	9	90
0	10	91
5	9	31
3	7	24
2	5	22
2	5	22
2	7	23
3	6	22
3	6	21
1	5	20
4	8	21
1	4	21
1	4	24
0	4	22
5	13	30
3	6	24
5	9	24
5	8	27
6	9	29
6	9	26
5	7	25
6	8	26
3	10	24
5	7	32
4	7	31
4	8	24
2	7	24
3	5	24
6	8	27
7	10	32
1	5	22
6	8	24
2	8	24
2	5	23
1	7	21
5	7	22
2	5	23
1	5	22
3	6	22
7	9	25
5	10	30
6	11	32
7	10	33
4	6	23
5	8	22
2	7	22
2	5	21
8	6	27
3	7	22
7	9	30
3	4	21
0	11	90
0	15	91
1	3	21
8	8	28
9	9	32
2	4	22
3	5	22
0	5	21
8	12	32
1	4	22
1	4	22
8	17	33
4	10	24
3	6	22
6	7	26
6	9	30
1	4	20
4	7	21
7	10	26
4	10	24
9	11	36
7	10	29
9	12	34
8	10	30
8	8	29
5	9	27
4	6	25
4	6	24
1	3	21
2	6	21
9	12	33
3	7	24
7	8	27
7	7	26
2	6	21
1	5	21
2	5	22
2	5	21
2	6	21
6	8	24
5	7	32
3	11	30
5	13	29
3	11	30
6	13	31
5	11	31
7	14	34
4	11	26
6	12	32
4	9	30
4	8	23
2	2	24
2	2	22
7	9	27
2	4	20
6	8	26
6	9	26
4	6	21
2	8	23
2	10	25
4	7	22
3	10	23
3	7	21
2	7	21
1	5	27
3	7	24
3	11	27
8	11	30
7	11	32
7	12	31
10	9	38
4	6	24
4	7	26
0	9	91
8	12	28
6	9	26
4	4	22
6	8	30
7	11	29
4	10	32
2	5	22
7	11	29
2	4	21
2	3	22
5	8	26
3	6	23
3	6	23
3	7	23
4	8	27
6	8	24
2	3	20
2	7	21
0	3	22
4	4	23
2	5	22
3	5	21
7	10	25
3	8	22
6	9	33
4	5	23
2	5	21
5	9	31
0	10	91
0	8	91
3	6	22
7	13	31
8	13	33
3	6	23
1	3	23
1	3	22
10	13	30
3	7	23
3	9	22
4	9	22
4	9	26
3	4	22
1	7	23
4	9	26
3	9	25
1	3	21
3	7	22
4	7	23
6	10	27
3	6	24
3	5	21
3	5	23
3	8	24
4	9	30
4	7	26
6	8	31
5	9	32
4	6	24
4	8	25
4	7	25
4	6	25
5	9	24
3	8	23
2	7	20
0	7	91
7	9	30
5	7	26
0	10	91
0	13	91
5	10	25
4	7	22
3	5	22
2	4	20
4	5	21
3	5	22
1	3	20
6	7	24
4	7	23
6	8	26
6	6	25
6	9	24
2	4	21
1	4	21
2	3	20
1	2	20
1	5	90
5	11	30
1	5	22
4	5	25
3	4	23
5	9	25
2	10	91
2	8	23
1	5	23
1	5	22
1	3	21
6	9	32
1	3	20
7	10	30
2	6	22
3	6	23
2	7	23
2	3	23
0	9	91
0	12	90
3	5	24
4	6	26
9	13	29
6	11	28
3	8	22
5	7	26
5	7	24
4	7	24
3	7	24
2	7	22
5	5	22
1	3	23
3	6	22
4	6	23
7	11	31
6	10	29
4	4	23
7	11	26
2	5	22
1	13	88
0	12	65
0	9	90
4	6	22
6	11	30
4	7	23
4	6	24
3	8	22
2	4	23
5	8	24
4	6	21
6	12	27
9	9	33
8	8	34
3	8	24
2	9	26
2	6	21
3	5	20
7	9	31
8	10	32
10	13	40
8	7	28
12	11	40
8	10	34
10	11	37
10	11	38
11	10	39
9	9	35
9	10	36
4	6	22
5	12	31
3	9	25
2	6	23
4	10	25
7	9	27
1	3	22
3	7	23
3	6	21
3	7	22
4	7	23
2	7	22
2	7	24
3	6	22
1	2	22
8	7	28
5	7	24
5	7	25
5	9	26
5	6	24
5	7	25
4	7	27
5	7	25
4	9	26
5	9	30
2	7	24
1	3	20
2	8	21
2	8	20
8	10	28
0	1	22
0	2	21
3	7	23
4	7	21
4	8	23
4	9	31
4	8	28
1	6	22
2	4	22
2	6	23
2	6	22
4	6	22
12	14	39
15	19	43
4	8	24
0	4	28
3	8	26
5	9	32
3	11	25
3	5	24
2	8	22
4	6	22
5	9	26
4	8	23
3	6	21
6	12	30
5	9	22
3	7	21
1	5	21
4	8	24
12	12	41
0	3	32
4	7	30
6	10	26
4	6	23
3	7	22
2	7	21
7	8	29
2	5	21
6	7	26
0	10	91
6	10	27
4	7	21
4	8	22
5	12	26
7	10	30
2	8	24
3	5	27
4	9	27
1	6	90
7	15	90
9	13	33
5	6	23
4	4	23
4	5	24
0	4	91
0	3	90
1	10	90
0	15	91
9	12	32
5	8	23
4	6	23
2	5	22
3	11	28
8	12	30
0	6	91
1	4	20
5	9	25
5	9	24
3	4	22
3	5	22
4	8	26
1	7	29
3	7	22
8	10	29
4	6	38
6	8	25
0	7	90
0	9	89
1	7	72
0	5	90
0	6	91
0	11	91
0	2	21
6	9	30
7	13	33
3	8	24
0	12	86
0	9	91
2	4	22
2	4	21
3	6	21
0	2	21
2	4	22
2	3	23
7	9	34
9	11	36
6	9	32
3	5	25
4	8	22
3	4	21
10	10	30
11	34	90
7	11	31
4	7	23
4	6	24
3	5	22
2	4	21
8	8	27
6	9	27
0	25	90
5	8	27
0	3	22
0	3	21
3	7	22
3	6	24
3	4	20
3	7	22
1	3	21
5	6	24
1	1	22
6	10	31
1	5	21
0	6	31
1	6	21
2	6	22
5	11	31
4	10	30
5	9	30
3	4	24
3	6	24
0	1	20
5	6	25
2	8	21
8	12	33
1	4	22
3	4	21
2	8	21
4	10	25
0	5	20
5	9	26
1	5	20
3	8	25
3	6	22
2	6	21
4	7	24
4	11	29
4	9	25
2	8	91
0	16	91
5	7	26
4	12	26
3	7	22
0	3	21
2	5	22
0	12	90
0	7	91
7	7	24
0	3	20
2	4	22
3	3	22
6	5	23
6	8	23
4	7	23
5	8	28
4	8	26
4	6	23
3	4	21
2	3	21
4	5	22
1	3	22
1	3	20
2	2	21
2	12	91
2	5	25
3	13	31
5	8	32
4	13	33
3	6	25
3	6	25
2	4	22
2	4	21
8	14	35
2	6	22
1	5	21
9	15	38
3	11	27
2	7	23
5	10	27
3	8	24
3	7	24
2	7	24
9	11	35
8	11	33
9	10	35
7	10	32
3	6	22
3	7	27
0	6	22
2	5	22
2	6	21
1	6	21
4	6	22
2	6	21
3	4	21
5	6	22
4	7	23
2	4	21
1	2	20
1	12	91
1	12	90
0	3	21
0	4	20
2	6	23
2	7	21
2	6	20
0	9	91
0	6	91
6	5	31
2	6	21
5	9	26
6	10	26
4	8	24
4	5	23
4	4	23
8	11	32
2	24	90
10	28	90
11	15	35
6	8	25
3	6	25
3	6	23
2	4	21
2	4	20
2	4	21
0	4	21
3	3	20
6	8	31
2	3	22
2	3	23
7	11	31
4	8	27
1	6	21
4	4	24
3	8	26
3	7	25
3	7	22
2	7	20
3	9	30
3	6	25
2	8	25
2	6	21
0	12	90
0	12	91
4	6	26
3	7	24
5	9	26
3	6	23
2	2	21
5	7	22
6	9	30
3	11	24
4	6	25
4	7	27
5	8	26
2	6	21
3	7	21
4	9	22
7	13	30
3	6	21
3	6	24
2	5	22
5	6	24
2	11	90
6	5	31
4	7	26
5	9	29
3	7	26
1	3	21
5	7	24
5	7	25
1	6	21
0	4	21
1	4	20
3	6	22
9	12	36
0	10	90
0	9	90
2	5	23
9	12	35
7	11	30
3	5	25
1	2	21
8	11	32
5	7	23
0	9	89
0	9	91
4	6	24
4	6	25
3	2	23
2	2	22
3	6	24
4	5	25
1	3	21
1	3	20
0	6	21
22	36	91
2	5	22
2	5	22
0	7	91
3	6	21
2	6	21
1	5	38
2	16	90
6	10	28
7	10	29
0	60	89
2	3	22
7	10	30
6	11	30
0	3	21
1	4	20
2	3	22
3	2	23
3	4	23
5	7	26
6	8	29
5	8	27
1	4	23
4	7	25
1	3	20
7	8	30
3	8	25
3	7	24
2	6	23
6	12	28
7	8	29
5	13	33
5	12	30
6	13	30
0	4	20
5	6	22
4	8	25
4	7	22
11	14	35
9	12	36
3	5	21
4	7	23
8	10	31
6	12	31
2	5	22
1	5	20
4	8	22
0	6	20
3	4	26
1	2	21
1	3	23
0	16	90
4	7	25
3	8	25
1	5	88
0	5	20
0	6	21
0	8	90
4	7	24
2	6	20
3	7	23
4	8	25
13	15	46
14	15	45
14	15	43
13	14	43
13	13	42
13	13	41
10	13	38
11	11	37
8	12	38
12	13	42
11	13	41
10	11	39
9	9	32
2	7	22
3	8	22
2	7	21
2	7	20
3	4	22
3	8	25
3	9	25
5	9	30
4	8	25
4	9	25
4	10	29
4	8	25
4	10	28
3	8	24
3	8	24
4	8	23
4	5	25
3	5	23
5	9	26
1	5	20
5	7	25
3	10	25
6	9	27
6	8	27
5	7	23
4	6	22
5	9	24
6	8	26
7	9	31
2	6	23
2	5	21
8	11	30
7	13	31
7	9	29
5	8	22
5	9	23
4	4	25
6	12	30
2	8	22
5	5	24
3	6	24
4	7	25
4	6	24
3	7	23
3	6	22
2	5	21
3	8	22
4	8	25
3	6	23
4	5	21
7	11	28
5	7	25
0	13	90
5	6	22
7	7	28
6	8	27
4	8	33
7	9	30
5	8	26
5	14	30
4	9	23
8	11	31
5	11	30
0	10	90
0	14	91
5	9	25
3	9	24
6	13	31
2	4	21
4	7	21
3	6	23
6	7	24
6	11	30
3	6	23
4	7	23
2	7	22
2	6	21
5	7	21
5	8	23
0	5	21
3	6	22
0	9	90
0	16	91
3	4	24
5	9	27
6	9	27
5	11	27
5	10	26
6	12	29
5	10	27
8	9	26
5	10	31
2	5	23
6	5	30
1	4	20
0	7	91
0	8	91
0	7	22
7	11	32
7	6	29
2	7	20
2	7	21
0	5	22
3	6	24
4	4	22
5	5	24
8	8	35
7	10	27
3	7	22
3	5	21
3	11	90
2	8	90
0	3	23
0	12	89
2	3	21
4	6	23
5	7	25
10	7	29
5	8	23
4	7	21
2	8	22
3	9	24
3	7	22
3	7	21
2	7	20
6	11	35
8	11	36
5	8	25
5	7	24
2	4	20
3	6	21
5	10	32
3	6	23
5	6	23
4	5	22
7	8	31
9	7	31
7	10	30
6	9	27
3	7	24
4	7	24
2	4	22
3	5	24
4	5	22
4	8	22
7	8	26
7	9	26
6	12	27
2	7	23
6	7	25
6	6	25
7	11	30
1	9	90
3	5	22
4	8	23
6	8	32
4	7	25
7	9	26
3	6	23
6	8	29
2	5	23
1	5	25
1	5	23
4	5	26
7	7	27
7	6	26
6	10	26
4	6	22
8	10	31
1	8	89
0	6	72
3	6	22
1	6	21
1	4	20
5	8	31
2	5	22
2	5	21
4	10	24
4	7	24
6	11	33
4	11	31
4	7	23
5	9	27
5	8	26
3	7	25
5	8	26
4	13	30
6	7	26
6	8	27
6	8	28
6	10	28
4	6	22
2	9	21
4	8	22
4	6	23
5	10	25
4	11	31
7	12	31
5	7	25
6	8	23
2	6	22
4	7	31
3	6	24
3	7	23
2	5	23
0	14	90
2	4	22
3	4	21
3	6	23
4	9	23
2	4	22
3	6	22
2	5	22
5	5	23
4	8	23
7	7	25
4	8	25
0	2	23
1	2	24
1	2	22
1	2	23
1	2	22
4	7	25
13	12	34
4	9	23
1	4	21
20	23	88
4	8	22
3	3	22
3	4	24
5	6	26
3	6	22
0	3	21
4	6	23
3	5	23
3	6	24
2	3	21
8	11	31
10	13	33
8	11	29
9	10	30
0	12	91
5	8	24
9	12	31
7	9	29
6	8	31
5	5	24
3	6	26
2	5	21
4	8	30
0	7	91
0	8	90
12	17	41
9	16	36
11	16	36
3	9	24
4	9	24
4	6	21
2	6	22
5	5	24
6	11	30
8	10	29
6	13	29
5	11	28
4	9	26
5	9	27
5	9	28
6	8	27
9	6	28
0	2	21
5	11	30
0	3	21
1	4	23
4	12	30
3	8	26
7	10	32
7	9	30
3	8	22
20	-1	88
7	8	27
3	7	32
7	7	30
6	8	33
6	6	26
8	11	27
5	13	37
3	7	25
5	8	30
3	6	25
3	4	24
3	5	23
1	3	21
10	16	36
11	16	35
5	8	32
4	7	24
5	8	26
0	11	88
4	7	24
3	6	21
6	8	24
4	8	29
1	5	20
5	6	24
4	8	31
4	6	25
2	5	22
4	7	22
5	10	27
1	3	21
7	9	27
5	6	25
2	7	22
9	9	30
11	13	38
11	13	35
10	11	35
2	4	21
8	14	30
0	8	91
0	9	91
5	8	28
5	9	27
2	6	22
7	9	29
0	12	90
0	3	21
4	7	25
4	8	24
5	9	26
4	7	25
5	8	26
3	5	20
4	9	25
4	12	31
3	6	23
2	7	24
4	5	22
4	5	24
6	9	26
0	11	91
3	7	21
3	8	24
3	9	21
3	8	20
2	6	90
3	11	91
8	7	33
7	10	27
1	4	21
4	9	26
4	8	25
3	8	23
3	9	31
2	5	22
4	7	26
7	8	29
4	6	22
6	9	27
3	5	22
2	5	24
2	5	22
4	7	26
5	6	27
5	7	25
4	6	25
3	6	22
0	9	91
3	6	30
0	11	91
3	6	23
6	11	32
3	7	24
4	8	26
2	5	22
4	7	24
4	8	24
4	7	21
2	6	20
0	4	30
0	4	21
2	3	20
4	8	26
5	8	25
5	13	90
6	6	30
2	4	22
3	4	22
1	4	20
2	4	21
6	14	30
7	9	26
3	7	22
2	3	22
3	8	24
3	6	22
4	7	23
3	9	24
2	7	25
2	7	23
3	6	24
3	8	25
3	8	24
3	8	23
1	12	91
3	8	24
1	5	21
7	12	27
5	8	24
8	9	35
3	9	24
2	5	21
4	8	27
1	5	21
1	4	22
4	6	24
3	8	21
1	4	20
0	3	21
1	3	21
2	5	20
0	4	21
2	8	21
2	8	27
7	9	25
3	7	21
3	6	21
4	7	22
3	7	22
7	8	25
5	10	30
3	8	23
3	9	25
0	8	91
0	13	90
7	9	26
8	12	32
7	12	33
4	7	22
4	7	21
7	7	24
8	11	31
6	9	28
7	13	32
5	10	28
0	2	21
2	6	22
1	5	27
0	5	25
8	13	32
1	13	90
6	11	25
3	10	31
5	8	24
5	9	27
5	11	27
4	5	22
3	4	22
3	6	22
2	5	23
3	8	24
5	6	24
4	7	24
4	8	30
2	6	23
4	7	31
8	9	33
7	14	38
3	8	24
2	9	91
0	3	22
3	4	21
3	5	21
4	6	21
1	6	20
4	6	22
8	11	28
4	6	23
1	4	21
5	6	23
2	6	22
0	4	91
0	6	91
1	6	22
3	8	22
4	7	22
2	5	22
0	3	22
5	9	30
0	11	89
0	13	90
10	12	35
9	13	34
2	6	22
0	2	21
2	5	20
1	4	21
1	3	22
2	6	21
4	10	31
3	6	22
4	6	25
4	7	26
4	7	25
5	10	27
3	6	21
2	5	21
4	8	25
3	7	24
2	7	22
1	20	89
4	5	23
4	5	24
3	6	22
0	10	90
4	8	26
2	7	23
1	5	21
4	11	31
5	7	24
0	3	21
5	7	23
4	6	26
4	6	25
1	4	23
2	9	23
3	9	33
4	7	21
9	11	29
0	6	86
0	5	86
6	7	26
9	10	27
5	7	24
2	6	21
1	7	22
8	11	30
5	8	25
0	3	89
3	5	22
4	6	22
3	6	21
0	11	90
0	12	90
4	9	30
2	6	21
1	5	20
7	11	32
3	7	21
2	4	22
7	12	30
5	8	23
6	12	28
5	13	27
6	11	25
8	9	28
5	10	26
4	6	25
2	7	22
3	9	24
12	13	41
10	11	34
6	11	29
1	4	21
10	12	34
3	5	22
4	6	22
3	7	23
3	6	24
2	5	20
0	4	22
0	3	20
7	15	32
9	12	34
2	8	27
4	9	25
6	6	25
3	7	22
9	12	30
9	12	31
8	11	30
6	5	26
5	6	24
4	8	25
2	5	21
0	23	90
6	22	90
2	7	22
2	4	21
5	9	25
6	7	26
4	7	25
2	8	21
4	5	21
2	11	25
5	7	22
2	6	21
1	7	20
3	6	26
3	8	23
3	6	22
2	6	23
5	8	25
2	6	23
3	6	23
2	4	22
4	7	22
3	7	24
3	7	22
3	9	23
2	9	23
5	-1	91
2	5	22
5	11	31
8	8	32
3	4	23
2	7	24
4	8	24
2	5	21
4	6	20
7	8	31
6	8	24
6	7	25
5	14	30
0	4	22
6	9	30
5	7	25
5	5	23
4	8	24
1	6	91
0	9	22
2	2	24
0	10	90
4	5	21
4	6	24
4	7	26
2	4	21
1	14	90
8	10	31
3	7	23
6	10	30
4	7	22
2	4	21
5	11	32
20	27	90
4	8	22
6	10	32
6	12	31
1	0	21
2	6	26
4	11	26
12	17	43
3	8	24
4	8	23
4	9	23
3	10	24
5	7	23
6	11	27
6	9	25
5	7	23
4	6	24
5	10	30
3	8	21
2	8	23
2	8	21
5	8	24
4	8	23
3	14	89
1	8	90
3	7	23
3	5	20
8	11	32
7	11	34
1	8	23
3	7	24
3	9	21
4	8	23
3	7	24
1	5	24
1	14	91
7	7	30
4	7	23
7	9	26
6	7	26
2	7	20
3	7	21
5	6	30
5	4	24
4	5	25
3	5	22
3	7	22
3	7	21
8	10	28
8	10	27
2	3	21
2	3	20
4	6	22
9	12	32
6	4	25
6	10	34
8	8	30
5	9	27
4	7	24
1	3	21
3	6	22
3	8	22
2	7	23
4	7	22
3	8	24
5	7	22
5	7	23
4	7	23
6	15	36
0	9	91
0	12	91
0	15	89
0	9	90
6	9	33
1	7	25
6	12	27
3	7	22
7	10	32
9	11	28
5	6	23
5	6	23
2	6	21
2	6	22
2	5	21
3	6	24
3	7	21
0	2	22
4	9	24
3	6	21
10	13	34
2	5	25
4	8	25
3	8	23
2	5	21
4	8	23
4	10	26
6	13	30
6	11	28
4	9	26
6	11	27
4	6	21
0	5	21
3	6	23
3	7	23
5	7	25
0	4	20
4	9	26
3	7	23
5	7	31
7	9	27
6	9	25
0	4	21
7	11	26
1	7	20
4	7	23
2	6	22
4	9	25
7	10	27
3	8	23
3	8	23
4	7	24
3	8	24
3	6	22
4	7	22
6	11	34
2	4	22
3	8	23
2	6	20
4	8	24
7	8	29
3	5	23
5	9	25
5	9	25
4	7	21
2	5	22
1	5	20
2	5	23
8	10	31
2	4	21
4	8	23
6	5	26
8	10	29
6	7	30
1	4	20
3	8	22
3	7	21
2	8	25
6	10	33
3	8	25
3	8	26
2	4	25
2	6	23
4	11	32
3	10	22
7	10	30
3	6	21
6	10	30
9	12	26
4	4	21
3	8	25
6	11	31
5	10	30
8	11	31
8	10	35
9	14	33
4	9	26
3	2	21
7	14	33
8	11	31
10	12	32
8	10	30
7	9	28
6	8	26
7	9	27
4	10	26
6	11	30
4	10	26
2	8	24
0	8	91
3	6	22
2	6	21
5	6	25
6	8	26
5	8	31
5	7	30
4	6	26
1	7	24
4	4	23
4	5	23
4	5	22
3	4	22
3	6	22
2	5	22
2	5	21
5	8	24
4	8	24
2	5	22
2	8	23
1	6	22
9	11	31
11	10	34
8	9	33
9	10	34
8	9	33
6	7	30
6	8	24
6	8	24
7	8	26
4	10	24
2	6	22
3	7	21
3	7	22
4	8	24
12	13	36
8	9	32
2	7	24
4	6	23
5	11	32
5	9	26
2	6	21
6	8	24
4	10	24
2	6	21
5	9	26
4	10	26
5	10	27
4	8	21
7	8	29
7	9	29
7	12	30
6	9	25
6	10	26
7	12	28
6	10	25
4	9	23
6	10	23
3	7	22
3	8	23
3	7	20
2	6	22
3	6	23
1	4	21
3	5	22
3	7	22
7	12	33
2	8	22
2	8	24
3	8	25
5	10	25
9	13	33
4	5	25
8	8	32
2	7	22
2	5	20
8	10	30
7	12	30
7	7	28
0	8	91
1	8	91
5	6	24
4	7	24
6	12	36
4	9	30
8	10	29
7	10	30
5	9	24
7	10	25
8	10	27
2	5	24
8	10	32
3	6	22
2	5	22
2	5	21
8	11	34
5	12	28
3	7	21
6	10	27
4	7	24
3	13	30
3	13	33
5	6	26
6	5	24
3	2	22
3	7	23
6	13	30
4	6	21
2	5	21
4	7	22
3	3	23
3	9	25
2	4	22
2	5	21
10	10	35
3	6	25
3	8	25
0	16	91
2	5	23
7	8	29
3	7	25
4	10	31
5	6	24
2	9	32
0	5	22
3	3	21
5	8	24
3	3	24
3	4	26
1	1	22
3	5	24
5	5	26
5	7	24
2	6	23
3	8	21
7	34	90
5	12	30
6	8	26
6	10	27
4	7	23
3	8	22
4	8	23
4	7	24
2	10	23
3	6	21
4	8	24
3	7	23
3	7	23
4	8	22
3	6	21
5	7	24
7	9	26
3	8	21
5	9	27
8	10	29
3	5	22
3	6	21
7	9	27
2	5	21
5	9	30
5	6	25
7	10	28
0	5	20
5	10	25
6	13	34
4	8	23
5	6	22
2	7	23
2	3	21
0	3	21
3	8	24
4	7	25
6	9	30
4	13	31
2	5	24
4	7	25
6	12	32
5	8	26
4	14	30
6	10	33
6	10	29
4	9	25
6	11	30
6	9	30
6	9	27
5	10	32
3	8	22
3	8	22
4	9	26
6	11	33
4	7	22
5	11	30
2	5	21
3	8	23
6	8	30
3	7	23
1	9	22
3	8	22
3	8	21
2	7	21
8	15	32
1	4	22
6	11	25
6	13	30
6	11	25
1	6	21
2	6	20
3	6	22
4	9	24
0	4	21
3	4	22
4	8	23
3	7	25
4	7	23
4	7	26
4	7	22
3	7	23
4	6	26
2	8	24
8	9	26
9	10	25
5	7	23
2	8	22
5	7	21
4	9	23
6	6	23
5	9	22
7	7	26
5	10	26
5	6	27
7	14	33
1	2	86
8	12	29
5	11	31
4	10	27
7	12	32
5	10	25
4	8	27
6	9	27
4	8	25
5	8	26
3	9	25
4	9	30
6	8	25
3	9	25
2	7	23
5	12	31
4	6	22
3	8	24
8	9	26
5	9	24
1	6	22
2	7	23
5	10	27
5	13	30
4	10	25
3	11	26
4	10	25
4	7	23
6	8	27
6	6	26
3	9	25
4	12	25
9	12	33
5	11	25
5	14	30
5	5	23
2	2	22
2	6	22
5	11	30
4	6	22
4	8	22
4	6	22
5	8	23
1	6	21
3	5	22
2	3	23
2	4	21
1	6	22
3	7	23
4	7	23
1	21	91
0	4	24
2	4	22
4	6	25
4	10	26
2	5	23
2	7	22
0	10	90
0	14	91
7	10	31
3	8	23
6	10	27
5	8	25
3	7	24
8	7	30
1	6	20
1	6	24
6	8	28
3	7	22
3	7	22
3	6	21
2	6	25
2	7	24
1	5	23
3	7	21
2	5	22
1	4	21
2	5	20
2	7	21
4	6	23
3	8	23
2	6	22
2	4	21
4	10	30
4	7	26
5	7	24
3	6	24
3	5	23
2	4	22
0	10	91
5	11	31
6	9	25
11	10	31
1	1	24
5	10	26
3	7	21
2	7	21
2	6	22
3	6	20
6	11	31
8	7	31
3	7	23
4	8	26
5	-1	91
2	4	21
10	9	33
4	8	24
4	9	26
4	10	26
5	8	25
11	11	34
9	10	33
8	9	30
3	5	22
3	9	24
4	7	23
5	8	30
3	7	23
2	7	22
2	7	22
3	4	23
3	4	23
8	10	28
4	10	25
0	40	91
5	7	25
5	7	25
5	7	26
4	7	25
3	7	23
0	11	90
5	8	27
2	5	22
3	5	22
4	6	22
3	56	91
3	6	20
1	4	21
0	3	21
9	13	33
2	12	91
0	9	89
0	7	90
4	7	31
5	7	31
5	6	25
5	7	30
4	8	27
5	7	26
4	6	24
5	9	31
1	4	21
5	7	25
3	6	22
6	9	26
7	9	28
7	14	31
6	8	26
8	11	31
0	8	89
0	11	91
0	6	82
3	4	23
2	6	21
3	6	22
9	14	35
2	7	33
0	6	31
6	10	26
1	5	23
5	7	24
4	9	24
7	12	31
4	7	22
7	8	26
2	6	20
3	7	22
8	11	30
2	8	23
5	7	25
3	5	23
6	14	35
8	8	27
8	8	26
6	8	28
7	12	38
3	6	23
3	5	22
5	9	30
5	9	30
5	6	23
1	5	20
10	11	33
3	5	23
5	7	24
3	7	25
3	8	23
5	7	25
3	5	22
3	6	24
3	8	22
4	8	24
4	7	23
6	15	34
2	4	21
2	5	22
3	9	23
4	8	22
6	11	32
6	10	27
5	8	26
5	14	33
6	11	26
1	6	22
9	10	26
2	5	23
3	7	24
8	10	32
1	3	20
6	7	24
6	8	26
3	4	22
4	6	24
7	14	32
8	11	32
2	5	21
3	20	90
1	1	91
1	2	90
3	4	22
3	6	21
6	9	30
3	7	23
2	5	22
7	9	26
7	10	27
2	6	22
4	7	24
3	8	22
1	3	24
9	10	31
8	10	28
5	9	25
6	11	25
3	8	22
2	10	24
5	11	29
4	7	30
4	8	26
4	7	21
0	3	22
4	7	22
3	8	21
3	5	20
3	6	23
7	10	31
5	11	26
7	11	26
2	6	21
5	9	33
3	4	23
3	4	22
1	9	91
3	6	21
3	10	22
5	8	23
8	12	31
5	8	24
10	12	37
8	10	32
9	10	28
0	27	91
7	13	34
2	5	20
3	5	21
3	4	21
5	7	30
10	13	34
9	12	34
6	10	30
2	8	22
7	8	32
4	11	30
5	10	25
6	8	22
6	12	33
3	8	22
4	10	27
2	6	21
2	7	20
5	6	23
2	6	21
5	9	30
0	9	90
1	6	20
5	8	24
5	6	23
4	8	22
8	12	27
8	11	25
9	14	34
7	9	28
0	11	91
0	13	91
8	11	31
7	10	30
3	6	23
7	9	27
5	8	24
3	9	25
4	9	26
7	8	32
5	13	31
8	13	32
4	9	29
6	11	33
6	12	34
6	10	27
4	8	25
6	11	31
6	10	31
5	8	26
3	7	25
4	9	28
4	8	27
4	10	26
4	8	24
3	8	23
7	9	31
4	10	27
4	9	25
4	8	24
0	10	91
9	9	30
9	10	35
8	11	33
8	11	31
7	9	25
3	8	20
0	10	89
0	-1	89
0	16	91
0	12	89
0	11	90
6	9	23
5	7	25
4	7	23
4	7	23
5	8	25
5	8	31
3	6	25
3	7	24
5	8	30
4	8	27
4	8	26
4	7	26
4	7	26
0	3	20
2	7	22
1	2	22
4	7	25
7	8	25
6	11	30
4	8	24
2	4	22
4	6	24
3	6	24
2	6	26
5	8	31
2	9	22
5	6	23
3	7	21
10	15	34
11	15	39
11	14	36
9	15	39
12	14	35
10	13	37
5	10	27
7	9	29
5	7	22
3	8	25
6	10	30
3	6	22
7	11	30
3	5	20
3	4	22
5	10	28
3	6	22
2	6	23
5	8	30
3	6	23
11	15	36
3	5	22
3	5	22
2	4	22
2	8	27
6	10	26
8	9	30
5	8	26
6	8	27
13	12	36
5	10	30
5	10	25
4	10	23
2	7	22
2	7	21
1	7	20
5	10	23
8	11	34
6	10	30
7	11	29
3	6	21
1	3	21
6	10	25
6	10	26
7	9	31
6	10	24
2	4	21
3	14	91
2	6	22
3	7	25
4	6	30
5	8	24
2	7	22
6	11	30
8	12	36
7	8	26
4	9	25
5	9	24
4	8	27
3	5	23
8	10	31
4	7	25
0	3	90
0	6	91
2	4	21
2	7	20
7	11	30
3	7	24
0	3	20
1	4	21
8	12	30
6	8	24
6	9	27
5	10	28
10	11	33
6	10	24
2	6	21
1	3	21
4	4	22
4	11	26
4	9	24
4	9	23
3	9	23
4	10	24
4	3	24
4	5	22
4	8	24
4	7	23
4	8	22
4	6	25
3	6	22
4	6	22
4	7	25
0	10	90
3	5	23
3	6	21
4	6	24
0	12	91
0	13	90
4	7	22
5	9	24
4	9	22
3	5	22
2	6	31
1	3	23
1	3	24
1	3	23
1	2	21
1	7	21
4	5	21
9	11	32
2	7	22
7	10	24
6	10	30
7	8	31
5	7	24
3	7	26
4	7	25
2	7	22
4	5	23
6	8	25
1	5	24
6	12	29
2	4	20
5	7	30
5	10	25
1	2	22
2	2	21
4	5	23
5	6	31
6	60	89
0	4	61
0	3	61
3	8	22
4	6	23
8	10	30
3	6	21
2	6	22
4	7	22
6	7	23
2	7	21
3	6	22
4	7	22
1	4	20
7	8	27
9	11	30
7	8	25
1	4	20
5	14	32
8	13	33
5	6	23
3	5	24
3	6	22
0	7	91
6	11	26
6	16	32
6	14	31
2	3	20
2	4	23
3	6	24
4	5	25
5	5	25
6	8	27
2	6	22
1	5	21
0	3	22
1	3	24
3	6	25
2	6	21
0	1	22
1	7	25
4	7	25
8	10	30
8	10	31
2	5	22
6	12	28
2	5	24
1	5	22
7	9	31
2	5	22
7	13	30
9	11	34
8	10	30
2	4	23
2	6	22
2	4	22
3	5	23
1	6	22
4	8	24
6	9	28
6	12	27
4	8	23
3	7	22
1	4	88
1	11	91
1	5	20
0	14	90
9	8	30
8	11	30
1	4	21
1	3	21
6	9	30
5	8	24
4	8	24
7	9	28
7	9	27
4	8	24
7	12	29
4	7	21
8	7	27
3	6	26
2	5	20
5	7	26
4	8	27
2	5	20
2	5	21
4	8	26
6	6	24
2	7	24
2	4	25
0	8	24
2	5	21
5	7	26
2	6	22
3	6	21
5	7	25
6	13	33
2	9	23
5	6	24
1	10	73
3	6	23
7	8	26
2	5	22
7	50	91
5	9	22
1	5	21
1	5	21
2	6	21
5	7	22
5	7	21
2	3	24
4	6	21
1	5	21
3	4	20
4	7	24
6	8	24
4	8	25
2	9	22
6	5	25
3	9	22
4	10	30
7	11	30
3	7	22
2	7	22
6	10	27
8	10	29
6	13	30
6	8	27
1	7	88
1	8	90
5	7	24
1	5	22
7	9	26
2	6	21
2	6	23
9	9	28
5	6	25
6	7	24
3	6	22
2	7	26
8	11	28
4	8	22
1	6	21
0	3	21
6	10	30
7	11	26
7	12	32
7	11	33
0	11	91
0	13	91
0	15	90
0	14	90
4	7	22
2	9	24
4	8	24
3	4	21
7	5	23
7	10	27
8	13	32
4	7	20
6	8	25
2	3	21
6	11	26
2	7	20
5	12	26
6	8	25
4	8	24
5	8	25
4	10	24
3	6	23
8	12	31
8	11	31
5	10	26
5	8	26
5	9	25
5	9	24
6	10	27
5	9	25
6	10	25
5	8	30
4	9	24
3	9	23
4	9	24
3	8	24
10	17	34
6	9	26
6	11	30
3	6	20
2	7	22
3	6	27
3	5	26
6	6	27
7	11	27
7	9	26
6	10	27
9	10	30
6	10	30
3	4	22
5	11	31
6	8	26
3	9	23
3	7	22
9	9	28
4	8	24
9	12	31
8	12	31
8	10	30
3	7	22
3	7	23
4	8	22
3	8	20
2	8	22
5	8	28
11	15	38
7	9	25
3	8	23
5	11	30
3	6	24
10	11	32
6	9	28
3	7	24
7	12	28
5	7	24
5	7	28
7	8	25
4	11	30
4	7	23
0	6	91
6	9	27
4	8	23
1	4	20
4	7	23
3	9	25
2	3	22
6	9	25
6	10	26
7	10	27
1	6	21
2	5	22
4	6	20
0	1	20
3	6	23
3	7	22
2	5	22
4	7	25
3	7	23
4	7	25
5	9	27
4	8	24
3	5	25
2	4	24
6	7	24
3	9	23
1	2	21
6	12	28
5	7	23
6	11	27
8	10	25
6	13	31
1	0	23
5	11	30
3	10	24
0	9	90
3	8	24
5	6	22
5	9	24
6	9	25
5	9	26
4	6	22
5	8	24
5	9	23
5	7	23
4	9	23
8	11	35
5	11	30
3	9	25
6	9	26
2	6	23
2	4	22
3	6	23
4	5	21
4	5	22
3	7	22
2	7	25
4	8	23
1	5	21
7	13	31
2	4	22
2	7	21
4	7	22
3	10	30
3	8	30
3	4	23
10	12	32
8	9	29
8	9	31
12	13	41
1	7	20
3	6	22
5	9	23
3	7	23
3	5	22
10	15	36
3	6	22
4	8	23
3	8	23
7	10	30
0	4	20
6	11	32
9	14	33
9	14	31
9	14	32
13	19	40
13	17	38
9	19	37
10	14	34
13	18	39
10	14	33
11	15	34
6	8	25
7	9	26
7	11	33
9	9	30
9	11	33
9	13	35
8	9	27
8	8	26
9	10	31
8	9	27
11	12	36
9	11	33
2	5	26
3	7	24
0	6	91
3	7	25
2	5	20
4	6	21
6	8	28
5	6	26
1	1	23
1	4	20
10	11	33
5	6	23
4	5	23
3	8	34
6	10	27
4	7	23
2	5	21
4	6	24
11	14	31
3	6	23
4	6	23
3	5	21
2	4	21
6	6	23
5	7	23
3	7	22
4	7	23
3	8	25
2	6	21
3	10	24
3	6	24
6	9	26
7	8	27
8	9	33
8	9	30
4	7	24
6	9	28
6	9	27
6	9	30
8	9	30
7	9	30
4	6	23
6	7	24
5	6	24
6	9	26
2	6	20
3	9	24
2	4	23
5	7	26
5	7	26
3	10	22
1	5	20
1	6	21
2	5	20
0	11	91
2	4	21
1	2	20
2	7	24
4	8	24
0	13	91
0	16	91
9	12	31
3	5	22
5	9	25
0	14	91
3	6	24
0	17	91
0	19	90
3	6	23
5	9	24
2	5	21
3	7	23
6	7	30
5	8	25
3	8	23
6	8	30
2	7	21
3	9	23
3	6	22
3	6	22
4	6	23
8	9	31
5	8	22
4	7	23
4	8	23
1	7	21
3	8	21
3	8	23
3	7	22
8	9	33
9	11	29
10	11	37
6	8	25
2	5	21
4	7	21
9	15	33
5	8	26
6	9	25
5	9	25
3	7	23
2	6	22
4	6	23
2	6	22
5	8	25
1	11	90
3	6	21
5	7	25
4	9	23
3	7	22
5	7	23
3	6	21
4	8	22
8	12	32
10	14	36
10	12	33
10	11	32
5	18	31
4	8	27
3	7	23
3	6	21
3	6	22
4	9	24
2	8	23
2	2	20
3	6	23
3	6	23
1	13	83
4	6	24
5	11	27
2	6	20
4	7	24
4	6	23
8	12	29
3	7	24
3	7	23
5	7	25
5	7	24
3	6	25
5	7	24
3	6	21
7	12	31
4	10	24
5	9	26
8	13	32
8	10	33
4	7	21
0	14	81
0	14	90
5	10	26
7	9	25
4	6	25
7	9	26
9	10	38
9	8	31
4	7	22
4	7	23
5	10	30
3	5	22
5	9	24
3	9	24
2	8	23
3	3	21
4	8	23
3	5	26
1	5	20
2	6	21
10	11	33
2	5	25
5	5	23
4	9	25
6	6	24
4	6	24
2	8	24
2	6	22
4	8	23
4	7	23
12	10	33
3	6	21
0	10	90
0	12	91
3	7	23
3	6	23
1	5	22
6	8	25
3	8	24
5	8	22
7	9	27
5	8	26
8	12	31
8	12	32
3	7	25
3	6	25
2	6	22
3	7	21
5	10	30
3	6	22
5	9	26
4	7	25
5	8	26
2	6	22
4	7	22
4	12	30
6	10	25
3	6	24
3	6	21
4	7	22
5	9	26
5	9	22
6	7	25
2	8	23
7	16	34
0	7	21
5	9	30
3	7	20
0	3	22
0	4	21
2	7	25
3	9	23
3	10	24
4	6	22
5	10	26
3	7	23
5	8	25
3	7	23
5	7	22
3	7	25
3	8	24
6	8	24
8	10	28
0	-1	90
0	8	90
1	4	22
0	6	91
0	7	90
0	13	91
6	6	25
3	6	23
4	6	22
3	6	21
6	9	31
6	9	30
4	6	23
4	8	24
4	8	23
3	7	22
2	7	22
5	6	24
2	6	23
3	6	24
3	7	23
4	7	24
11	15	36
7	10	27
4	6	23
5	7	28
5	7	24
4	7	25
0	8	90
4	5	22
7	8	24
3	5	21
2	5	21
2	5	23
0	4	20
3	7	22
5	9	28
2	7	24
2	6	22
5	6	23
5	7	23
5	7	24
4	5	26
3	7	24
4	6	24
5	7	26
5	9	32
5	7	23
4	7	23
3	5	22
3	5	21
5	8	28
6	9	27
0	13	89
0	14	90
2	5	20
6	9	28
7	9	30
5	7	26
7	8	26
5	11	32
5	6	26
5	10	25
7	9	28
0	15	91
0	7	87
4	6	22
1	5	21
10	13	30
1	4	21
1	2	22
2	3	21
1	5	21
2	4	21
1	3	22
2	3	23
2	4	22
7	9	30
3	7	22
2	3	21
3	6	21
5	8	31
3	7	22
9	10	33
9	13	35
7	12	35
0	1	22
3	7	22
5	7	23
3	7	21
4	8	27
2	5	90
4	7	26
6	13	32
4	13	30
3	15	32
8	10	30
7	11	28
3	7	22
5	4	25
3	8	22
4	8	23
2	5	22
7	14	33
3	6	21
5	8	27
2	5	22
0	4	20
2	5	22
9	13	35
11	11	33
2	5	24
1	3	22
4	9	30
9	8	32
4	8	24
3	6	22
3	7	23
0	5	20
2	7	21
1	7	20
2	4	21
2	3	21
4	6	23
24	27	62
20	24	57
6	14	30
5	11	30
3	5	23
5	8	28
5	8	25
8	9	31
0	5	90
0	11	91
1	10	91
4	16	91
2	5	21
2	5	22
5	8	25
0	11	91
0	13	90
0	12	90
0	13	90
7	9	32
3	3	21
0	2	24
0	2	22
2	5	23
3	7	23
3	13	91
1	7	90
4	5	22
3	5	22
4	5	20
4	7	23
5	8	23
3	5	23
2	4	21
8	8	28
6	11	29
4	4	23
1	4	22
2	7	90
6	7	30
1	7	91
0	9	91
0	12	90
0	14	91
0	6	23
1	2	23
2	6	23
1	3	22
7	10	33
4	4	23
0	0	22
3	9	21
6	5	24
6	6	25
4	7	25
4	6	24
3	6	22
4	12	30
5	13	31
5	13	32
5	10	32
4	9	25
5	9	32
4	9	25
5	10	26
2	6	20
4	7	27
4	8	25
6	9	26
3	8	23
6	14	31
2	7	22
3	8	23
0	3	21
5	7	23
0	14	90
1	4	22
0	4	21
0	9	91
0	10	91
7	11	27
3	6	22
1	4	20
2	4	21
2	3	21
1	6	23
1	8	20
2	4	22
4	9	24
4	7	23
3	5	22
4	7	21
6	8	24
2	5	21
0	8	91
4	7	24
2	8	23
3	7	23
2	5	23
1	2	21
4	10	25
1	5	22
0	15	90
0	9	91
3	4	22
2	6	23
2	6	21
2	4	22
3	13	55
7	12	31
4	5	22
4	4	23
0	14	91
0	16	91
3	12	24
3	10	91
2	5	20
3	8	22
1	8	23
9	13	33
8	12	31
6	7	29
4	7	22
2	7	22
2	5	23
3	6	22
3	6	22
8	15	35
8	11	29
4	6	26
3	5	22
2	5	21
3	6	23
1	5	21
4	7	22
9	11	30
6	20	35
4	6	21
4	6	20
1	5	22
8	12	27
1	5	21
2	6	20
2	6	20
4	6	23
3	10	26
2	9	22
2	8	21
1	12	91
9	9	31
1	4	24
4	8	22
5	6	23
3	4	22
4	6	24
5	9	25
1	4	21
2	5	22
5	7	23
3	5	22
1	5	22
7	8	30
1	3	21
1	8	22
5	8	28
7	10	26
3	7	23
3	6	24
4	7	27
5	9	31
6	9	31
5	8	28
5	8	26
4	7	25
3	5	24
6	7	26
2	8	22
4	6	24
5	6	23
7	24	90
3	6	23
3	5	22
5	7	26
4	8	25
4	6	23
2	6	23
2	6	20
2	5	22
2	5	21
5	7	24
3	8	25
1	5	21
1	8	21
3	9	22
4	7	24
4	7	21
4	8	24
3	5	22
2	6	21
0	8	91
4	7	22
5	9	25
4	6	22
4	6	21
5	8	22
3	6	23
4	7	21
3	4	22
5	11	26
2	5	22
2	7	23
9	10	31
5	9	30
0	8	91
0	13	91
7	14	30
6	12	31
8	11	31
3	8	24
3	6	21
4	8	24
4	9	27
3	8	26
2	6	21
3	7	22
2	6	21
5	8	24
1	6	21
2	4	21
7	8	29
4	6	22
3	7	21
8	10	31
7	12	32
9	12	30
6	11	28
8	9	26
7	10	27
8	9	32
7	10	30
9	10	33
6	12	31
6	8	26
5	7	27
4	8	22
4	5	22
0	6	91
2	12	91
6	14	33
5	8	24
4	7	22
9	15	34
3	8	26
3	5	23
0	13	91
0	13	90
5	7	25
5	16	32
5	9	32
1	3	20
1	3	21
4	5	20
8	6	28
5	9	23
2	7	24
3	6	22
4	5	22
0	5	88
7	8	26
4	6	22
3	5	22
6	10	24
3	7	21
3	8	24
4	7	25
3	8	23
2	6	23
4	9	23
1	10	90
2	7	21
3	10	25
1	5	20
6	9	25
33	27	89
1	5	21
5	8	27
4	9	24
3	5	22
0	14	91
0	15	91
0	13	89
0	11	90
0	6	90
0	12	91
7	11	28
0	12	85
0	11	85
3	5	24
3	8	24
6	9	30
0	4	22
4	10	24
3	7	22
3	5	23
5	8	28
7	9	28
4	8	25
2	4	23
2	8	22
2	6	22
2	7	21
6	7	24
7	13	30
2	4	21
4	6	22
1	5	20
3	5	23
4	7	22
8	13	30
3	6	22
4	6	23
2	4	21
6	8	25
5	8	24
0	11	91
0	18	91
3	2	23
0	5	91
0	5	91
3	9	25
8	12	32
3	4	23
5	8	25
7	9	27
2	4	23
2	7	22
12	12	35
5	11	24
7	11	27
3	13	90
6	5	24
6	12	31
1	6	22
3	8	21
7	14	32
5	9	25
1	3	22
1	2	23
2	4	20
7	13	30
5	8	25
6	9	27
3	4	23
2	5	22
5	6	25
4	9	23
2	5	23
9	12	33
3	9	22
6	9	27
8	11	28
8	8	29
9	9	32
10	9	30
4	7	22
6	7	24
2	7	23
2	5	23
8	13	30
4	9	25
4	8	22
3	5	22
4	7	23
1	5	20
3	7	23
3	4	22
6	7	25
5	12	26
4	8	24
4	7	22
5	8	26
3	8	25
2	7	24
3	9	22
3	10	30
2	5	21
3	7	23
4	8	23
3	8	22
0	5	22
0	5	21
9	11	27
0	4	21
2	4	21
2	6	20
4	7	24
5	8	23
5	7	24
2	5	22
2	5	21
3	5	24
2	11	90
0	19	91
5	9	26
27	29	65
3	7	24
3	6	22
1	8	23
3	8	24
2	7	22
3	7	20
6	10	26
7	10	27
6	6	25
5	8	23
4	7	22
2	8	22
3	7	23
3	6	21
2	7	22
3	5	23
4	7	25
5	8	24
4	7	23
5	10	27
3	7	22
2	6	20
7	9	29
1	6	23
2	7	22
5	10	26
5	8	32
6	7	30
6	7	28
5	10	30
6	7	26
7	7	26
2	6	27
4	5	22
8	11	38
2	7	23
4	14	90
2	4	20
3	8	22
3	8	23
3	7	22
6	6	26
9	11	31
11	13	35
5	9	24
7	14	27
6	11	28
7	10	29
3	6	23
6	8	26
7	11	30
5	9	29
4	7	22
4	6	24
3	7	21
7	11	30
6	9	30
5	11	30
5	10	29
5	11	30
5	11	31
2	6	20
2	6	21
5	12	28
4	9	27
6	9	26
6	7	28
9	16	34
5	7	30
7	7	31
7	12	33
8	11	29
2	6	20
6	12	30
5	11	24
9	10	32
4	6	24
9	11	30
9	10	31
7	9	29
6	10	26
10	12	28
2	8	23
5	9	25
2	4	20
6	11	31
7	9	27
3	10	30
3	5	22
3	7	25
7	10	28
8	10	32
7	9	36
5	6	22
3	5	20
7	10	27
4	7	26
1	6	21
1	5	22
1	6	23
1	4	22
6	8	26
5	6	25
7	10	28
4	9	24
2	7	22
2	6	22
3	8	23
3	7	26
2	7	23
5	10	24
4	7	25
2	5	22
5	10	24
4	5	25
8	11	33
4	8	25
4	8	23
5	10	26
6	10	25
8	12	32
2	5	21
3	6	20
8	9	26
1	4	22
7	13	34
1	8	91
0	12	91
3	5	23
6	11	34
2	6	20
2	6	21
1	5	20
4	8	23
8	13	33
6	9	25
9	11	34
3	6	23
2	5	22
3	6	23
3	5	21
3	9	25
3	7	22
8	10	31
2	5	23
2	6	23
3	9	25
5	7	24
6	10	24
6	10	30
6	9	28
3	7	25
3	9	23
7	13	31
1	3	22
0	4	21
4	7	22
2	6	21
1	6	21
1	2	21
3	7	22
1	4	21
7	10	30
5	5	27
2	5	23
4	9	30
4	6	25
2	7	22
1	6	20
0	8	91
0	10	91
4	6	23
4	8	24
4	6	23
7	10	31
1	13	90
1	13	91
7	9	30
7	10	30
6	8	23
4	7	23
2	5	21
4	6	22
6	8	33
3	7	22
4	8	22
2	5	21
3	6	22
4	18	67
6	10	26
5	7	26
4	8	25
1	5	21
8	11	30
2	22	77
4	7	21
0	3	22
0	2	23
7	8	27
1	5	20
2	4	22
3	5	22
3	5	22
5	8	27
3	10	32
4	7	30
3	4	24
3	5	22
2	4	21
3	6	21
1	5	21
4	7	23
7	11	32
9	10	33
0	5	23
0	1	22
3	6	21
3	6	22
3	6	24
5	5	25
2	9	90
5	12	91
2	6	23
2	5	22
5	10	31
3	27	90
2	5	21
5	10	27
6	8	31
7	11	30
9	12	31
4	9	23
2	7	21
1	7	22
3	9	23
4	8	24
5	9	25
4	9	25
4	11	26
7	7	26
2	6	22
2	5	21
5	10	25
3	4	24
1	1	20
3	5	25
3	5	27
4	7	25
3	3	22
3	5	22
7	8	31
7	37	90
5	7	31
3	5	22
4	10	24
1	2	20
4	8	23
0	8	91
0	8	90
2	5	22
6	7	23
4	9	24
5	9	25
4	11	24
3	4	24
4	11	22
3	9	23
0	5	23
1	4	21
3	6	23
3	6	22
3	6	21
1	3	22
3	7	25
6	8	32
4	8	32
5	9	32
4	8	30
3	6	27
4	8	25
5	10	25
5	11	25
1	5	21
5	8	25
3	9	25
0	10	91
0	15	90
2	5	22
0	9	54
7	6	30
2	6	23
5	10	24
2	5	20
0	2	21
5	7	23
2	6	21
3	7	23
4	8	26
4	7	24
4	9	24
1	4	22
1	4	21
2	5	24
3	5	24
3	4	23
4	9	25
4	7	24
3	8	22
4	6	23
5	9	26
5	11	30
6	11	31
4	11	30
1	2	27
1	5	21
7	10	32
1	4	21
2	5	21
2	8	22
0	11	90
2	7	21
2	6	21
6	7	28
1	6	22
3	6	22
3	7	24
4	8	24
2	8	23
4	8	24
4	7	22
5	8	26
4	9	22
2	4	21
1	6	21
3	5	24
5	9	22
2	3	22
1	3	22
3	4	23
3	3	23
7	9	31
7	9	32
0	1	20
0	15	91
0	12	90
9	12	36
7	9	28
3	5	30
2	5	20
1	5	20
3	6	22
9	14	33
5	8	25
0	21	74
0	45	91
5	10	30
0	5	20
5	14	30
1	2	21
1	5	22
3	6	23
1	4	22
8	10	28
7	8	29
0	2	24
4	9	30
3	4	21
1	3	21
0	13	91
0	13	91
3	4	22
6	8	25
0	3	59
6	8	25
4	8	24
5	7	25
2	5	24
7	9	31
6	10	33
4	7	26
3	6	27
6	9	32
4	8	27
3	6	23
4	7	23
5	10	26
6	10	30
5	9	29
5	8	28
7	12	35
5	9	28
3	11	30
4	7	25
4	6	25
3	5	24
3	1	23
4	7	23
5	7	26
4	6	22
7	12	28
9	12	29
7	8	26
7	9	26
9	18	90
1	7	91
3	6	22
3	6	21
7	8	28
5	11	23
1	5	21
5	6	23
5	9	23
6	8	24
2	6	21
6	7	23
0	3	21
0	3	22
4	7	23
5	9	30
3	7	24
1	1	21
2	1	22
2	1	23
7	11	27
4	5	27
2	10	23
4	7	25
2	5	22
6	5	25
8	11	34
8	10	29
4	13	31
6	11	32
1	4	21
4	7	24
3	5	23
1	5	43
8	7	33
7	6	27
9	8	34
4	7	23
5	8	25
5	7	21
0	8	91
0	11	91
6	8	30
3	10	24
5	8	22
3	7	22
5	7	25
3	6	23
3	4	22
2	3	23
7	8	26
3	6	21
4	6	23
0	7	91
2	9	22
5	10	26
7	9	34
2	7	23
2	4	23
2	6	25
5	8	25
4	6	21
6	9	27
11	11	36
7	10	26
4	7	24
3	5	25
5	5	26
5	9	25
6	10	26
3	7	22
7	8	30
4	8	23
5	8	23
3	5	22
4	7	23
3	7	22
7	8	26
4	6	23
2	8	21
5	6	25
6	10	30
3	8	22
3	6	22
5	10	25
5	8	24
7	8	25
8	13	35
1	3	21
0	15	91
4	6	24
8	10	33
0	9	90
0	6	91
3	7	23
2	11	26
8	15	35
3	6	26
2	7	23
3	6	22
3	8	23
3	9	24
7	9	28
6	9	25
2	6	21
3	6	22
0	5	22
9	10	33
2	6	23
7	9	32
4	8	25
9	13	32
7	7	27
2	6	21
2	4	21
1	6	21
3	6	24
6	8	32
6	8	30
6	9	31
6	13	31
3	7	23
1	3	22
3	8	22
2	5	25
8	11	33
6	10	26
6	10	32
5	11	31
5	12	30
5	11	25
6	9	27
4	7	24
3	2	22
4	10	30
0	11	91
4	8	24
4	7	26
2	7	23
3	3	23
1	8	22
5	7	26
5	11	30
5	11	30
2	12	26
5	13	31
5	11	27
6	9	27
3	6	21
6	9	23
4	9	24
0	3	21
3	5	21
6	8	25
7	8	25
7	9	27
5	10	29
10	9	29
7	8	28
7	7	27
7	9	25
3	5	21
3	9	23
8	13	34
5	8	24
6	11	30
3	9	25
4	3	26
5	6	25
6	7	24
3	6	26
3	7	24
2	6	22
2	5	22
3	6	24
4	7	24
3	5	21
7	12	27
3	5	24
7	9	26
6	9	25
4	7	30
1	4	20
3	6	22
3	6	23
4	9	27
5	7	27
6	10	30
2	5	20
4	9	23
3	10	23
3	7	22
3	7	21
5	7	24
5	12	30
0	59	91
4	6	26
4	7	26
8	10	28
3	6	20
1	6	21
1	13	91
1	15	91
5	10	30
2	2	21
6	8	26
1	5	20
7	7	30
2	5	20
3	10	27
6	10	30
3	6	22
4	11	25
4	5	23
5	7	22
5	8	24
4	7	22
5	8	32
4	8	25
3	7	25
11	13	37
7	11	30
6	10	29
6	8	27
8	10	28
7	13	28
5	10	26
1	2	22
2	4	24
1	4	23
4	9	26
4	5	22
2	6	23
4	9	22
3	7	22
4	9	24
6	10	25
8	10	26
7	8	29
0	2	90
0	10	89
4	9	26
2	5	21
3	3	23
2	4	23
8	11	32
4	7	22
5	6	23
7	9	27
2	7	21
2	7	22
2	7	22
0	14	91
0	11	91
3	6	21
2	4	20
4	7	23
2	6	21
2	4	22
3	6	20
5	6	25
5	7	33
6	8	33
4	11	25
0	9	90
2	4	22
1	5	22
1	5	21
3	7	23
3	6	23
3	7	23
10	10	31
2	5	21
1	5	20
5	8	27
8	9	26
0	5	20
3	11	25
4	9	24
3	8	24
3	7	23
2	7	22
2	5	20
2	5	22
2	5	21
2	6	22
9	10	31
6	9	27
8	9	31
2	5	22
4	8	25
3	6	22
3	7	23
8	10	33
3	5	24
4	8	22
2	7	22
2	7	23
9	13	31
8	12	30
1	6	20
3	7	24
2	7	23
3	6	24
3	36	91
2	8	24
5	8	24
2	5	22
1	7	23
8	9	33
1	3	22
1	4	21
2	6	22
6	7	26
5	7	31
8	9	28
3	11	30
2	4	21
0	3	20
3	6	24
0	3	23
9	9	27
1	5	21
2	5	21
3	7	25
2	5	22
2	5	21
3	6	22
7	10	30
6	9	31
5	6	25
6	8	30
5	7	24
3	8	24
9	14	33
6	9	31
3	6	22
1	7	20
1	8	20
7	7	31
4	8	26
3	5	23
3	7	23
1	3	21
3	6	22
1	6	21
8	11	32
5	8	24
3	8	25
9	10	31
4	10	23
3	6	23
3	6	25
7	7	26
4	8	26
3	7	23
2	6	21
1	5	21
0	4	21
5	6	24
6	9	28
5	8	26
3	4	23
3	7	23
3	7	24
2	6	24
3	7	24
3	5	21
1	4	22
1	4	21
1	3	21
4	9	24
1	3	20
3	5	21
4	6	21
1	12	91
1	3	22
4	6	22
5	8	24
0	9	91
0	14	91
2	5	21
3	7	27
3	9	22
2	6	25
3	8	22
7	13	31
2	5	21
1	2	21
1	3	22
7	11	30
3	7	23
5	12	31
5	12	33
4	12	30
4	9	24
3	6	25
4	7	25
3	5	22
3	8	22
3	8	21
2	5	20
3	6	23
6	10	31
4	7	30
4	10	27
4	6	24
1	7	20
1	8	21
2	9	24
2	8	25
0	8	91
4	9	25
6	6	24
7	6	24
3	7	24
2	4	21
7	9	27
4	5	24
1	6	20
3	6	24
3	8	25
3	6	22
2	7	22
5	9	22
3	7	23
5	9	31
5	12	31
4	6	28
4	7	24
9	12	33
2	5	23
2	5	21
3	7	22
4	8	28
4	10	26
4	8	26
5	8	25
6	9	27
5	12	31
6	14	31
6	10	25
6	10	28
7	11	27
3	6	21
3	8	23
2	5	21
0	11	76
2	6	21
3	6	21
5	9	25
3	5	22
0	3	26
0	11	90
0	12	91
3	4	21
3	6	22
4	9	30
2	7	22
0	2	26
2	4	20
4	8	23
5	7	22
7	8	26
6	7	25
2	4	22
4	9	32
1	10	91
6	14	88
1	2	20
7	9	27
5	10	30
6	6	25
8	9	33
2	6	23
8	11	36
3	6	24
3	6	22
9	10	32
8	11	29
7	8	25
2	7	23
2	6	22
7	8	27
5	11	28
3	6	24
6	8	24
0	4	21
7	9	27
7	11	32
1	22	91
0	3	22
1	6	23
0	3	22
0	3	21
2	17	90
8	9	32
5	9	24
4	9	24
8	15	34
1	6	21
7	13	34
6	7	25
2	6	23
6	11	25
1	7	89
2	3	22
5	11	31
5	10	26
4	10	27
5	7	24
2	9	23
6	10	25
3	6	21
0	5	21
0	5	20
2	10	23
4	8	24
4	8	24
4	7	23
9	9	32
5	7	24
1	3	21
1	4	20
8	10	26
4	6	24
1	5	20
4	6	24
5	7	31
6	11	31
6	46	91
11	12	34
8	10	33
10	9	35
6	14	31
6	12	29
8	13	30
4	10	25
6	11	26
1	10	91
5	7	22
3	6	21
0	12	68
6	9	25
5	9	27
6	10	30
5	10	28
6	4	28
3	8	22
4	6	23
4	9	22
7	10	34
3	7	24
4	9	24
7	10	30
7	13	28
2	5	25
2	5	21
3	8	25
4	8	25
4	7	25
4	8	23
6	10	31
4	8	25
4	7	25
4	7	23
2	8	91
1	6	22
4	6	27
4	7	24
5	10	26
4	7	24
6	8	26
18	37	90
3	7	23
2	5	21
5	7	24
2	7	23
0	6	47
5	10	26
10	11	35
6	10	30
2	6	22
2	5	21
6	11	30
6	10	32
4	8	25
4	6	23
3	7	22
4	8	33
2	6	23
3	7	26
2	6	21
3	6	23
6	9	26
4	9	25
5	5	26
6	11	30
0	9	91
0	9	90
4	7	25
6	8	25
3	4	22
3	11	90
5	9	25
2	12	90
2	13	89
0	3	22
5	9	30
1	2	24
5	8	25
5	7	24
3	8	90
6	8	25
2	3	23
3	4	23
9	15	36
1	3	21
0	6	22
0	6	89
2	6	22
6	12	32
7	12	32
7	11	27
4	7	26
5	8	24
5	8	23
5	8	25
0	3	21
4	8	23
8	11	27
4	7	23
4	5	22
4	3	22
3	7	23
5	6	24
6	13	31
3	6	23
2	5	20
5	8	27
2	7	21
6	7	27
10	13	30
8	9	26
5	8	23
1	3	21
0	3	20
0	10	89
0	1	23
0	2	22
0	1	21
3	6	21
3	8	25
6	11	26
1	16	91
2	5	21
9	11	32
2	7	22
1	5	22
1	5	22
1	4	23
1	3	23
2	6	24
5	7	24
3	7	23
0	12	90
0	4	29
0	3	29
3	9	22
5	10	24
9	12	31
2	5	24
4	4	24
9	7	39
7	5	27
4	6	22
5	7	25
0	22	91
0	11	91
3	6	31
4	4	22
3	4	21
4	6	24
4	5	22
3	11	26
3	4	21
2	6	23
3	2	21
4	6	24
1	7	21
1	7	24
5	9	25
8	9	34
5	6	27
6	8	31
4	9	31
3	6	23
5	8	23
7	9	26
0	6	91
0	5	91
6	9	32
7	8	30
3	5	21
7	8	28
3	7	21
1	3	25
2	6	21
11	20	48
11	11	37
11	12	39
9	10	33
10	10	35
10	11	34
0	10	90
0	13	90
4	6	25
4	11	30
6	10	29
8	11	29
4	8	22
2	8	22
5	10	26
5	9	26
3	8	24
6	7	27
6	9	33
8	13	32
6	11	29
4	11	32
2	7	21
4	7	24
4	8	24
4	6	23
6	8	31
4	6	30
3	5	91
4	7	24
2	5	22
7	8	30
3	6	22
2	6	21
8	12	34
1	4	21
5	8	23
6	9	30
6	7	26
6	8	26
6	9	25
6	8	24
5	8	23
1	6	23
2	6	23
4	5	22
3	5	20
4	6	24
1	6	20
3	6	22
7	7	31
8	6	27
8	6	28
9	7	31
7	7	29
9	7	31
3	3	23
4	9	23
3	4	23
3	3	22
4	6	24
4	7	25
3	7	23
1	7	20
4	8	24
2	7	22
3	8	24
8	14	32
5	10	23
3	5	22
3	4	25
6	7	24
9	14	36
3	5	25
7	8	27
8	7	32
3	5	25
8	10	30
3	7	21
2	7	23
5	10	24
5	10	30
6	6	25
4	13	31
4	7	21
3	10	29
3	5	22
1	9	91
0	9	90
6	9	26
7	11	29
3	7	23
3	4	24
5	9	25
3	7	21
2	6	20
2	6	24
7	9	25
3	8	25
2	6	21
2	6	23
8	12	31
4	6	30
1	4	21
1	2	21
1	5	20
1	8	25
2	6	24
0	5	21
2	7	30
5	12	26
2	8	24
4	8	25
3	10	24
2	5	20
0	6	89
0	14	90
3	4	22
4	6	24
4	7	25
3	6	21
1	5	22
1	5	90
0	5	91
2	5	22
0	0	90
0	-1	91
0	7	90
2	7	22
3	7	23
3	8	25
3	7	23
6	11	30
3	6	24
3	5	24
2	6	22
3	6	23
0	9	91
1	5	21
5	8	30
5	7	30
7	6	33
3	7	26
3	5	21
2	12	30
7	9	26
2	4	23
2	6	21
2	3	22
4	10	24
7	12	31
3	8	26
1	4	20
4	9	25
2	6	22
5	7	25
5	7	23
6	9	26
6	9	32
3	7	30
3	9	22
5	9	31
3	5	22
3	5	22
3	4	23
6	12	30
2	6	21
4	5	23
1	4	21
3	6	24
3	5	21
5	10	32
2	4	22
2	5	22
0	9	89
0	17	91
7	10	27
6	10	27
4	8	24
2	5	21
0	1	85
3	7	22
0	14	91
2	3	22
3	8	23
5	9	25
2	5	22
0	9	90
3	6	21
4	7	25
9	10	32
1	4	20
2	4	20
8	12	30
7	12	31
7	14	32
8	10	33
7	9	30
8	10	30
5	9	32
4	10	25
1	6	20
6	12	33
9	13	30
3	6	23
3	7	22
4	9	29
4	8	26
4	7	25
4	11	28
6	11	30
4	8	24
4	8	24
4	10	25
3	5	23
3	4	22
1	4	20
1	5	23
2	5	21
0	16	90
1	15	90
3	7	25
4	6	22
4	5	26
4	10	31
9	12	33
9	13	31
5	10	30
4	6	20
4	8	26
4	7	24
10	13	33
6	11	31
6	7	22
5	8	24
6	9	26
3	7	24
0	4	91
4	8	24
2	5	22
4	9	25
7	10	30
1	8	24
4	8	24
0	3	22
0	10	90
0	10	91
1	3	22
9	10	33
8	7	27
5	7	22
5	11	31
4	11	31
4	6	22
4	7	23
2	6	21
5	8	28
1	3	21
6	5	30
4	6	24
3	5	22
3	6	23
5	6	23
6	7	38
2	6	22
2	5	21
5	11	31
3	9	25
3	8	24
3	8	23
2	6	20
1	11	90
3	5	21
3	5	22
2	2	23
3	5	24
3	4	23
5	10	26
7	10	25
5	5	23
3	5	23
2	5	22
2	5	25
8	12	33
5	7	26
3	10	23
0	5	27
0	4	22
0	5	22
2	2	21
8	10	33
2	3	22
2	5	21
6	10	26
10	11	36
11	12	37
2	6	24
7	11	33
6	7	28
2	10	91
1	10	91
3	5	21
0	3	21
3	3	23
7	10	34
0	11	91
5	9	27
5	8	22
3	7	22
5	8	30
8	8	32
2	4	22
3	6	23
0	3	20
1	2	22
0	4	21
0	2	23
7	9	33
4	7	22
4	6	22
1	5	23
3	6	22
4	9	23
5	18	90
0	9	91
5	10	31
4	7	27
4	7	25
5	7	27
4	6	22
5	9	25
5	8	24
5	9	30
5	8	24
6	11	33
4	6	23
4	6	22
7	10	32
3	10	24
3	9	24
3	8	22
4	8	31
3	7	22
7	13	35
4	11	24
5	11	25
6	12	30
7	11	30
3	5	22
3	5	22
4	7	23
7	7	31
3	6	23
0	3	22
1	3	21
0	3	20
3	6	21
2	6	21
3	5	24
2	6	20
5	8	22
18	15	44
5	6	24
3	6	25
1	2	20
2	8	24
4	7	22
2	9	22
2	7	23
1	4	25
3	3	22
3	5	22
6	7	24
3	6	22
5	8	25
5	8	24
2	7	23
2	11	28
0	2	22
0	3	21
0	3	20
1	2	21
6	6	25
5	10	28
6	7	26
4	7	22
5	7	23
2	6	23
3	6	22
3	8	23
3	6	21
8	12	33
6	12	35
3	9	22
2	5	23
0	3	22
1	3	21
2	5	20
3	8	22
3	5	21
3	7	22
3	9	23
6	9	30
3	7	24
4	7	26
5	8	24
12	13	38
3	8	22
2	7	22
2	3	21
4	7	25
5	6	30
5	6	30
6	8	25
1	3	23
5	9	23
6	8	26
3	7	24
1	6	20
6	9	27
6	10	30
7	9	28
5	7	22
4	7	23
4	8	23
1	6	22
3	7	21
2	5	20
10	13	36
8	7	28
2	5	21
5	6	26
5	6	24
4	7	30
2	5	23
3	7	25
3	5	23
3	6	23
2	5	21
3	7	22
3	9	22
2	8	21
6	9	26
3	6	22
3	8	23
7	8	25
4	8	21
4	11	24
6	6	25
0	9	90
2	6	21
2	6	22
5	8	25
3	9	25
6	10	33
2	6	21
3	6	21
5	9	30
7	9	25
5	7	25
1	3	20
3	11	30
6	7	26
6	7	25
7	8	25
5	10	25
9	10	31
10	13	34
10	11	33
3	8	23
5	8	29
6	8	23
6	11	30
7	9	24
8	12	30
4	9	25
3	6	24
3	6	23
5	9	24
5	9	24
4	7	24
4	7	22
3	4	22
4	8	25
3	8	23
4	9	25
3	4	22
6	10	26
11	14	33
3	8	26
2	5	21
3	8	24
5	10	26
5	10	25
4	9	24
1	3	20
0	3	20
2	7	21
8	13	29
4	8	24
6	11	30
5	7	24
6	9	31
5	8	25
3	9	26
3	8	23
4	9	25
4	7	26
6	10	30
6	9	26
6	8	26
6	7	23
2	6	21
0	4	21
3	6	23
3	6	25
3	8	23
3	6	22
3	8	24
3	7	23
3	8	25
5	10	26
0	3	21
6	11	26
1	7	20
6	8	25
2	4	24
4	9	24
3	6	21
6	7	23
3	5	22
2	7	20
6	6	24
7	11	31
5	11	30
6	11	28
8	13	30
4	8	23
8	11	32
9	14	35
4	6	23
1	8	89
3	8	91
3	7	25
5	8	23
1	1	22
3	6	23
4	8	24
2	8	23
4	9	31
2	5	22
1	6	23
3	5	22
3	6	25
4	13	29
5	8	27
5	7	27
3	7	22
0	4	21
2	3	21
2	4	20
5	7	23
6	9	27
6	9	25
2	5	22
1	5	20
9	10	33
8	13	31
2	9	25
5	8	26
4	6	24
4	7	23
3	5	22
3	7	23
3	5	22
6	8	26
7	10	25
8	15	34
2	6	21
2	6	22
2	6	21
2	2	23
0	12	91
0	7	89
6	11	25
5	5	25
5	10	30
6	11	30
6	12	32
5	9	30
5	13	34
5	12	32
6	13	31
4	11	24
3	8	24
4	6	22
2	5	21
0	5	91
0	8	91
5	11	25
4	8	21
0	4	22
0	3	22
0	6	26
0	3	91
4	12	30
6	11	31
3	6	22
3	8	23
4	6	26
3	8	22
1	6	20
3	7	24
7	10	31
7	10	30
5	10	31
4	9	28
3	9	23
3	8	22
7	8	25
7	8	26
9	12	32
7	9	27
2	9	24
9	8	27
7	12	31
2	8	25
7	10	25
3	8	22
7	11	35
1	7	23
5	9	33
4	10	30
6	11	30
7	12	30
7	12	31
5	14	32
0	4	22
5	6	24
1	4	20
7	9	31
7	9	30
5	9	25
2	9	22
2	7	21
5	11	30
8	9	32
3	8	23
3	7	23
2	5	22
5	6	23
3	5	22
4	5	25
2	5	21
3	6	23
5	7	26
6	11	30
3	7	26
7	12	30
4	9	24
6	7	26
2	5	21
2	5	20
10	14	33
6	11	31
4	11	34
9	14	31
6	10	27
5	8	32
3	6	24
4	6	25
3	6	23
3	6	22
4	6	26
5	7	30
8	9	34
6	6	27
5	5	25
5	9	27
5	8	25
6	9	31
5	6	25
5	11	31
1	5	22
4	6	25
2	5	22
2	6	22
2	6	23
0	3	20
4	6	23
6	10	32
3	7	22
4	9	24
8	11	30
1	6	20
2	6	21
4	7	22
3	8	23
3	5	24
3	8	24
7	9	30
1	5	22
5	9	26
2	9	22
1	7	91
7	9	25
1	3	20
3	5	24
2	11	91
2	8	91
5	5	22
1	4	21
7	12	31
5	6	22
3	5	23
0	5	90
0	11	90
2	6	25
4	5	24
4	11	31
2	4	20
2	6	22
7	9	30
3	6	21
10	11	34
9	11	27
4	10	31
6	12	32
8	13	32
4	8	22
0	8	91
0	9	91
0	15	91
0	9	90
0	10	91
0	10	91
0	-1	90
0	14	90
0	7	90
0	5	90
2	21	90
1	13	90
0	11	91
0	13	91
7	11	31
9	10	36
6	7	26
6	6	25
0	8	91
7	6	30
8	10	31
5	12	31
5	8	26
5	9	27
4	9	30
4	3	23
1	7	21
2	6	22
6	11	27
8	11	31
5	9	24
3	7	21
3	7	21
6	6	23
0	7	91
0	13	91
5	10	30
3	9	23
3	8	24
3	8	23
4	4	24
1	6	21
4	9	25
5	8	27
6	8	26
3	7	24
4	7	29
6	9	30
5	7	26
3	9	30
0	3	24
6	9	28
2	8	21
12	11	35
9	11	34
3	6	22
4	9	24
5	6	32
3	2	22
4	8	24
6	10	28
6	10	23
1	6	20
3	5	21
3	5	21
3	9	25
5	5	25
6	6	30
5	7	34
3	6	24
2	4	21
4	7	22
0	5	21
3	6	24
8	13	34
9	9	32
6	7	25
3	6	23
9	14	30
2	3	21
10	11	31
0	9	91
0	13	90
6	7	24
6	11	33
4	7	23
5	6	25
4	9	24
4	7	23
3	3	24
9	12	30
7	10	30
5	11	27
6	10	25
4	8	24
2	6	22
1	5	24
2	7	23
3	7	25
8	11	33
5	12	30
4	8	24
5	11	26
10	10	30
8	11	32
7	8	24
1	10	91
0	3	21
1	4	20
0	4	21
3	5	22
6	9	33
3	4	23
2	4	21
1	4	23
2	5	21
2	5	24
7	9	32
0	11	90
0	9	90
4	11	31
1	4	23
5	7	21
2	9	21
0	10	90
2	6	22
4	9	25
2	4	24
1	4	22
5	6	25
5	8	25
6	7	23
3	6	23
3	6	23
2	5	21
1	4	20
1	6	22
2	7	23
2	7	25
0	11	90
2	6	21
6	10	32
6	8	27
3	5	23
2	4	24
2	5	23
3	8	21
8	11	30
10	16	37
4	5	22
2	5	21
3	5	23
2	5	21
9	15	37
8	14	33
9	12	32
4	10	26
8	13	32
4	7	24
3	9	24
3	6	24
5	9	30
4	10	31
3	7	25
5	6	23
3	8	23
9	11	30
4	8	23
3	9	24
6	10	26
4	-1	90
4	5	21
1	10	91
2	5	22
3	7	22
3	6	22
4	7	21
4	11	30
1	9	90
0	4	91
3	5	24
2	5	20
0	5	20
5	7	23
2	5	21
6	11	33
3	6	23
3	6	22
6	12	27
8	10	30
1	4	21
3	6	26
3	6	25
0	6	21
3	5	22
7	8	26
0	13	91
5	10	28
0	2	20
4	9	25
1	3	21
8	10	32
4	11	30
2	7	21
6	10	27
2	7	23
7	6	26
3	8	22
5	7	25
3	5	23
4	6	24
5	8	23
4	8	24
7	10	27
3	5	23
4	7	23
1	4	21
3	7	21
3	8	21
0	5	21
5	8	23
9	11	36
9	11	33
4	6	33
3	7	22
5	7	26
5	9	24
6	8	27
3	6	22
7	8	26
7	12	31
3	6	23
5	9	29
4	11	30
4	6	23
5	8	23
2	6	23
7	11	32
5	9	30
3	4	21
4	7	22
9	15	33
0	2	21
5	7	24
6	11	26
5	10	24
5	6	23
0	54	81
5	9	23
3	7	21
3	5	20
8	10	31
6	7	26
3	6	22
7	9	24
8	9	27
8	11	26
9	11	34
7	8	25
2	8	21
1	2	20
6	7	27
1	2	20
2	7	22
6	10	26
5	6	23
1	6	21
1	6	20
1	4	21
5	8	24
4	7	22
6	8	30
4	7	24
2	5	23
3	7	30
4	8	24
0	1	23
0	11	91
0	13	91
1	3	21
0	8	90
8	8	27
7	8	27
4	5	24
1	5	20
3	9	23
3	5	23
4	7	24
0	16	91
0	12	91
7	11	30
4	4	22
1	6	21
5	12	32
3	5	24
3	5	23
0	13	90
4	6	23
7	10	30
0	13	90
0	11	91
0	1	22
0	3	20
0	2	21
0	11	91
2	6	22
4	7	26
2	6	22
4	8	25
5	9	27
4	10	25
3	5	27
3	6	23
3	6	22
3	6	20
2	3	21
3	4	22
5	9	25
5	7	27
3	9	25
2	4	22
4	11	27
2	7	23
6	6	31
2	4	21
7	12	33
7	10	32
7	9	30
3	7	21
4	8	24
3	6	24
3	6	23
2	5	22
0	6	90
0	13	91
1	6	23
6	6	26
1	2	22
6	10	26
2	3	21
7	11	35
3	6	24
3	6	24
3	6	22
0	4	20
0	11	91
5	13	32
7	12	31
5	14	30
6	12	31
3	7	20
1	8	22
7	9	26
4	6	25
9	9	32
10	11	33
11	11	33
10	10	32
11	12	32
3	6	22
0	36	91
3	8	22
7	12	28
6	12	27
4	6	24
7	9	27
7	8	35
1	5	21
0	14	91
0	3	20
0	10	90
9	12	34
8	11	28
7	7	25
4	6	21
3	7	25
0	5	21
8	10	31
8	11	33
2	3	22
4	7	23
5	9	30
3	7	26
0	4	21
6	13	34
8	13	32
2	7	21
4	9	26
5	8	23
5	7	25
4	9	28
1	5	20
8	15	36
5	7	22
2	7	22
2	5	22
3	7	25
4	10	30
4	8	30
5	7	22
5	11	26
4	8	23
6	8	26
1	10	90
1	3	21
3	7	25
3	6	24
2	7	21
4	7	24
6	10	26
3	7	21
3	8	23
10	13	41
9	11	32
8	10	31
6	10	33
5	10	30
5	7	25
2	5	23
5	9	25
0	5	20
1	3	22
4	5	22
2	5	22
8	10	31
2	6	22
2	5	21
3	5	21
7	10	27
6	11	29
7	13	33
1	4	21
1	7	22
7	11	27
3	7	27
6	8	26
4	9	26
6	11	29
5	15	32
3	6	20
6	8	24
7	10	27
4	10	23
2	6	23
3	4	22
4	8	25
3	9	23
7	9	26
7	8	31
4	6	25
2	8	21
4	8	23
0	8	22
5	12	31
6	13	30
9	13	35
2	4	24
2	6	21
2	7	21
3	7	23
2	7	21
4	9	23
5	14	30
1	4	25
3	5	23
4	9	24
5	6	24
9	13	31
2	6	22
3	8	23
2	4	20
2	4	21
6	9	28
5	10	30
5	11	23
3	7	22
3	6	21
3	5	21
4	6	24
4	7	25
7	11	25
1	3	23
4	8	24
4	9	30
4	8	23
1	12	91
0	14	88
4	6	23
3	6	22
3	7	23
4	6	24
3	8	23
4	6	23
4	7	23
4	11	26
7	8	26
8	13	31
2	4	22
5	12	30
5	8	24
2	5	22
5	12	25
6	7	30
9	12	34
4	9	25
5	12	30
6	11	32
5	10	26
3	8	21
7	12	33
8	16	34
6	10	25
2	6	21
3	6	23
4	7	22
7	12	29
4	9	23
0	6	91
3	6	20
2	39	82
8	10	34
5	7	24
8	11	32
9	15	31
9	11	34
0	10	90
0	12	90
5	6	23
1	4	23
3	8	25
10	9	32
9	11	32
3	8	24
2	3	21
6	7	25
3	7	22
4	8	24
3	7	22
4	7	24
8	12	30
4	6	22
3	7	22
1	3	21
3	6	22
4	10	26
2	5	21
6	8	25
5	7	26
4	7	22
3	7	22
3	7	21
8	14	32
9	11	31
2	8	22
3	8	22
3	7	22
3	6	23
4	5	24
3	6	24
3	5	22
2	5	21
1	6	25
2	6	24
3	9	24
3	7	26
4	8	26
5	8	27
3	8	24
7	9	31
4	9	23
6	12	31
3	8	25
1	7	21
4	9	23
3	8	22
0	3	20
3	4	22
4	8	23
2	5	22
3	8	23
4	8	23
7	9	30
7	8	28
4	7	24
1	5	21
2	5	21
3	8	22
3	7	21
5	8	24
6	8	26
2	5	23
2	7	22
8	8	31
4	7	23
7	9	26
8	9	26
2	3	24
3	5	25
2	9	23
2	5	22
0	3	22
8	8	26
4	5	23
2	7	21
3	5	21
4	7	24
3	6	22
3	9	31
8	15	33
2	7	22
7	9	27
8	12	28
8	9	27
6	8	27
4	6	25
4	6	23
5	13	31
6	11	28
2	3	21
8	11	29
2	4	21
1	3	20
6	9	29
4	9	23
0	4	20
0	8	90
0	12	90
0	14	90
0	18	90
1	4	21
1	4	21
2	5	22
0	4	21
3	7	22
5	4	23
2	6	21
3	7	22
8	10	34
5	10	26
2	6	21
2	6	24
8	13	34
3	7	25
5	7	25
3	5	25
6	10	26
0	11	91
3	5	22
1	6	23
2	5	22
2	5	22
4	9	23
7	9	30
3	5	22
2	6	20
6	12	25
3	4	21
1	3	21
4	5	24
4	5	22
3	5	23
9	12	36
3	8	21
3	6	20
4	7	25
4	15	91
2	14	91
6	6	25
5	9	30
2	3	21
2	4	21
1	2	20
1	3	23
1	3	20
2	5	22
9	11	32
7	8	30
7	7	26
3	5	25
4	10	23
5	8	24
9	12	32
8	10	26
11	12	29
4	7	22
2	5	23
6	9	26
3	5	22
2	6	20
3	6	22
9	11	31
1	7	21
7	13	28
4	8	22
3	6	21
4	8	24
4	10	28
2	8	20
3	5	23
5	8	24
2	4	22
2	6	21
3	6	23
5	8	31
5	8	25
4	6	22
2	6	22
5	8	23
7	10	25
2	6	23
7	7	27
0	7	90
0	12	91
7	10	28
2	7	22
3	7	22
4	8	20
5	10	23
10	16	41
9	13	30
11	11	30
3	6	30
0	4	90
0	5	90
2	4	21
0	2	21
0	2	22
0	2	22
0	4	21
4	7	27
0	7	91
0	5	90
0	-1	90
1	10	90
8	8	34
4	9	32
6	8	30
3	6	22
1	5	20
1	2	20
5	4	26
1	15	75
3	4	25
4	8	30
3	4	22
4	6	23
5	8	28
4	6	23
5	9	26
5	8	27
5	10	28
3	8	22
10	17	38
9	13	32
10	17	38
8	12	34
4	9	25
7	9	27
7	9	26
5	9	25
5	7	25
3	6	23
9	15	36
8	9	31
9	9	30
2	8	23
6	8	26
3	6	21
4	5	20
8	11	31
8	11	27
5	10	24
5	8	24
5	7	23
4	8	22
2	6	22
3	8	23
8	11	28
11	12	29
6	9	30
1	4	21
7	12	33
4	12	26
0	19	90
3	8	23
3	8	23
0	11	90
0	16	91
0	11	91
0	8	91
4	9	32
4	4	23
6	11	27
8	11	32
7	10	26
2	7	22
2	6	24
4	5	21
3	7	21
7	10	30
5	9	25
4	9	26
5	9	32
5	6	22
6	6	25
4	5	22
9	10	33
2	7	23
4	6	26
3	6	23
0	3	21
1	4	20
3	6	22
7	10	27
4	7	23
8	12	31
1	4	22
0	4	22
3	6	23
4	7	23
7	10	30
5	12	27
6	12	29
4	12	30
4	10	27
4	8	27
2	4	21
0	10	91
0	4	43
3	6	22
5	12	31
8	13	35
1	8	22
4	6	23
3	8	24
7	6	26
5	7	22
7	12	32
1	5	21
3	5	22
3	7	22
5	9	24
3	5	21
6	5	28
1	8	20
1	5	21
5	11	30
2	6	22
0	5	20
0	2	23
0	2	20
1	5	24
0	5	24
0	3	21
0	5	21
1	5	23
0	14	91
0	12	91
8	12	27
2	6	23
2	6	23
0	1	23
6	9	30
2	8	22
3	6	22
7	11	33
4	6	23
4	6	22
2	5	21
2	4	20
0	3	21
3	5	21
4	6	22
4	6	25
8	8	30
10	9	32
8	10	33
9	10	34
7	10	30
8	10	32
8	11	31
8	13	32
7	9	26
2	5	22
3	3	23
3	4	24
8	11	31
1	4	21
7	7	25
4	10	31
3	8	24
3	8	23
11	17	36
0	4	21
3	7	25
9	13	30
5	8	25
4	8	23
5	10	25
3	7	24
4	9	22
0	28	90
1	4	71
7	10	31
4	10	30
6	9	24
2	8	24
3	7	22
5	9	25
4	9	25
3	8	22
3	7	21
2	6	20
2	7	23
1	3	22
5	4	23
4	7	25
4	7	25
6	8	28
8	10	31
7	10	34
7	12	32
5	10	28
10	12	33
7	11	30
4	5	25
3	7	23
3	7	25
3	6	23
2	6	22
2	5	21
4	7	24
4	6	21
4	8	23
12	37	90
6	10	30
4	6	21
5	7	23
6	10	30
7	8	26
4	7	26
0	3	21
1	26	88
8	9	26
0	19	91
4	9	27
4	9	24
2	6	21
5	9	30
6	9	29
1	3	23
0	4	24
0	4	25
3	5	24
7	12	30
7	11	27
3	9	25
2	8	23
10	11	29
8	14	31
5	7	27
7	7	27
4	6	24
2	4	21
2	6	20
2	5	21
7	10	32
4	8	23
5	8	27
2	6	21
4	4	23
1	5	22
5	9	25
4	8	23
5	9	24
5	7	27
3	6	22
3	6	22
9	12	31
5	6	22
4	7	21
1	3	21
1	3	21
7	9	26
5	7	24
4	5	23
4	7	23
11	13	35
2	5	21
5	10	25
7	8	26
7	7	25
6	7	26
0	8	91
0	9	91
2	4	22
3	4	26
2	7	20
3	7	22
4	7	21
3	4	21
8	14	33
4	5	22
0	17	91
4	7	28
2	9	22
1	7	22
2	8	23
2	6	21
8	11	31
9	11	30
2	6	22
2	5	22
3	6	22
2	5	23
5	9	30
6	10	28
7	9	30
6	10	29
3	6	24
3	9	23
2	7	22
3	8	21
1	7	22
3	5	21
2	5	22
5	8	23
4	7	23
3	8	24
2	7	20
4	9	24
4	6	22
3	11	23
2	9	22
9	12	33
8	11	32
9	12	31
3	5	24
2	4	22
2	5	21
1	22	91
4	6	23
5	10	24
6	8	30
4	7	26
5	8	24
2	5	24
2	4	22
5	8	23
2	7	22
6	8	30
6	9	30
4	10	31
4	10	31
3	8	24
4	9	27
3	9	25
3	9	24
3	7	22
2	5	22
7	7	26
0	-1	91
0	6	91
0	15	91
2	8	22
0	4	22
5	10	25
4	6	24
4	9	31
7	11	38
7	9	36
5	7	27
7	9	34
7	10	34
5	9	32
4	8	31
6	9	31
5	8	30
4	7	28
4	6	26
5	6	26
5	7	30
4	7	28
4	6	26
4	5	22
3	10	24
2	9	23
2	6	20
9	13	32
2	4	21
2	2	21
4	8	24
3	9	24
2	5	23
0	5	77
2	12	90
4	7	24
4	6	22
0	3	21
0	3	21
1	2	20
0	3	22
0	4	23
2	4	22
3	4	21
2	6	24
6	8	30
8	11	28
2	6	24
1	6	22
9	12	28
8	11	27
9	9	32
3	5	22
4	5	22
6	8	26
11	45	90
5	6	27
2	7	21
4	8	24
2	7	22
4	6	21
7	9	32
6	6	28
5	8	23
8	12	27
3	6	22
2	7	21
5	5	24
6	11	31
8	13	34
5	7	24
5	6	25
8	10	30
4	6	24
3	6	22
5	8	23
4	8	24
8	14	33
7	9	27
7	9	28
4	8	24
3	9	24
3	7	22
3	7	23
2	7	22
4	7	23
4	7	30
6	9	24
6	6	25
1	6	22
1	3	21
0	17	91
0	7	91
3	3	23
2	4	23
2	7	23
2	5	21
2	5	20
2	1	75
4	10	26
5	10	27
3	5	22
2	4	22
2	7	22
2	6	23
2	8	22
1	7	21
2	7	21
5	8	27
5	7	22
2	6	21
4	7	23
1	7	22
4	7	21
2	3	22
2	6	23
7	8	26
2	7	21
0	14	91
0	10	91
4	8	24
3	8	27
3	9	25
5	7	24
5	6	23
4	6	25
2	4	22
2	7	90
1	4	20
3	6	21
4	7	24
0	13	91
0	11	91
4	4	23
4	5	22
3	6	23
4	7	24
6	10	30
2	6	22
4	8	24
2	4	20
0	2	23
5	5	23
2	6	22
8	13	29
6	10	26
7	10	26
3	5	24
4	10	30
3	8	23
7	10	29
7	8	26
9	9	33
6	10	30
6	10	29
1	6	21
3	3	22
1	2	23
0	2	23
0	0	21
1	2	20
4	8	23
5	8	27
12	16	44
6	13	32
1	4	21
1	3	20
3	4	23
3	4	22
5	10	25
0	4	21
7	8	30
6	6	25
5	9	25
0	7	89
4	7	29
5	10	25
8	9	31
2	38	90
2	6	22
2	6	24
3	7	23
3	6	21
2	5	20
3	5	21
4	7	23
3	12	31
8	9	31
6	10	32
6	10	30
5	11	32
7	9	30
5	7	23
4	7	25
4	6	25
3	6	25
7	9	27
8	9	31
2	6	21
5	11	30
6	10	30
2	13	27
4	11	23
3	9	23
3	9	26
5	9	30
0	12	65
3	7	23
3	4	23
4	6	24
25	30	91
4	7	21
4	5	24
7	7	31
5	9	33
5	7	30
4	8	31
4	7	30
4	6	27
3	5	25
3	6	23
3	6	23
3	5	21
3	7	23
3	7	24
3	4	23
3	6	24
5	8	23
3	5	23
3	6	22
4	8	26
5	7	24
3	10	30
2	5	23
2	6	22
6	7	24
5	6	23
0	3	24
0	3	21
1	3	20
2	4	21
5	7	23
2	3	21
0	11	91
0	9	91
4	10	25
0	14	90
0	12	89
4	8	23
4	7	23
2	5	21
1	5	21
3	6	22
7	9	30
3	6	24
5	6	23
4	9	24
4	12	27
5	10	25
2	5	21
2	6	23
4	6	22
3	9	26
3	10	30
3	8	22
0	19	90
1	8	24
4	12	91
0	9	91
0	6	89
3	5	21
2	6	21
4	8	25
4	6	25
1	4	21
3	6	21
3	8	21
2	7	21
4	6	22
2	7	21
4	7	24
2	9	23
1	4	22
5	6	23
2	4	23
6	9	27
6	9	25
3	5	22
6	10	25
3	6	21
5	9	26
4	6	22
3	7	23
5	7	24
4	6	22
4	6	22
0	4	22
6	11	31
4	7	33
0	3	20
1	5	22
7	7	28
7	10	25
6	10	32
5	8	25
4	8	24
7	37	90
4	10	26
3	9	24
3	10	23
2	8	25
3	6	22
3	6	22
2	6	21
1	6	23
2	7	22
2	6	20
2	3	20
4	6	21
7	11	31
4	6	24
7	12	31
5	9	25
3	6	23
6	10	29
2	6	21
3	7	27
4	8	30
0	12	68
2	5	23
2	6	21
0	15	90
0	12	91
3	5	23
4	6	23
4	7	26
4	5	25
4	6	22
3	6	23
2	5	22
4	9	23
2	9	24
9	11	29
3	6	22
1	7	22
3	6	22
4	8	30
5	8	31
4	7	26
4	7	25
2	6	24
2	5	22
3	6	24
0	6	91
0	9	90
1	2	22
2	4	21
6	12	33
3	8	24
6	9	26
5	10	27
6	10	26
4	10	25
5	10	27
3	6	22
4	4	21
0	4	20
3	6	23
2	8	23
3	6	20
4	7	23
4	7	22
2	7	22
3	8	24
3	4	23
3	8	23
5	12	29
4	10	26
4	9	27
5	7	28
7	8	22
5	12	24
3	8	25
2	7	24
2	6	22
4	8	24
5	8	30
6	8	30
3	8	21
3	7	23
3	8	22
2	8	22
3	5	26
5	8	22
6	10	27
6	8	30
6	7	25
3	9	25
3	6	27
2	4	20
3	5	22
7	14	31
4	7	25
0	10	90
0	13	91
6	7	26
4	6	22
4	2	23
1	6	22
4	6	22
4	5	22
1	7	24
4	7	31
0	0	91
7	9	32
4	8	28
3	7	23
4	9	24
4	9	25
6	13	32
3	6	23
4	11	26
4	11	27
6	7	25
2	4	23
4	9	30
6	10	34
4	6	25
4	7	26
5	6	25
5	7	29
6	6	26
8	10	31
4	8	26
2	6	21
6	11	31
2	8	22
4	6	23
0	9	36
0	11	88
9	13	36
1	4	21
3	9	26
3	5	24
3	5	23
3	5	24
1	5	20
1	6	20
3	6	23
4	11	31
2	5	23
1	35	91
0	7	91
4	7	23
3	8	25
6	10	27
4	9	25
2	4	23
4	8	24
4	7	21
1	5	22
3	5	21
2	6	21
4	9	30
4	8	26
13	15	36
11	16	36
11	15	34
2	7	22
1	3	20
6	8	26
2	6	21
2	7	22
4	5	24
0	6	90
9	11	25
6	7	25
0	4	20
3	5	22
3	7	22
3	6	24
8	9	26
5	42	91
0	2	90
0	12	90
3	10	22
9	10	33
2	7	26
1	4	24
1	3	22
3	3	25
4	3	23
1	4	22
4	8	23
5	8	25
4	8	26
2	4	20
7	12	30
1	6	20
5	7	24
2	7	25
4	8	26
0	5	24
2	3	20
3	7	23
0	1	21
2	5	22
2	4	24
1	3	23
1	4	22
1	1	22
1	1	21
4	5	22
5	8	26
3	6	22
3	8	24
3	7	24
5	7	24
5	9	25
4	9	27
4	8	26
3	8	23
5	13	29
5	13	30
2	5	26
6	8	24
4	16	89
0	10	91
3	7	22
2	10	91
2	6	20
2	9	22
2	7	21
2	7	20
8	7	31
3	7	21
12	17	39
7	10	30
10	14	35
4	8	25
1	7	21
5	10	22
2	5	23
6	7	24
3	5	21
8	14	35
3	5	21
2	5	22
2	5	21
6	8	30
2	4	20
1	4	22
1	5	21
1	3	21
3	6	23
0	4	22
7	9	25
6	8	28
0	3	22
5	8	25
3	6	25
5	5	23
3	6	21
2	6	20
1	7	25
3	3	23
5	7	29
2	7	22
3	8	23
4	8	25
8	9	33
1	5	91
1	10	90
1	8	90
2	18	91
5	7	31
0	5	22
2	6	21
6	6	26
4	8	23
3	4	20
3	8	25
3	9	26
2	6	23
3	4	22
6	9	25
5	9	31
3	7	23
2	6	22
2	6	21
5	7	26
4	9	26
9	12	36
0	7	90
0	4	22
2	4	24
1	5	22
4	7	25
2	49	91
1	11	90
4	9	25
3	7	21
4	8	22
7	12	30
5	8	24
2	3	21
1	2	22
5	9	31
0	7	91
0	5	90
0	9	91
5	8	30
3	5	22
4	7	27
2	8	30
4	10	24
3	8	23
4	6	22
3	8	23
4	6	23
7	8	27
7	9	28
8	10	29
4	6	25
3	4	22
4	7	22
0	2	21
4	6	24
2	5	23
3	8	25
4	8	22
3	6	22
3	4	23
4	5	23
3	6	24
3	9	22
4	7	24
0	3	21
2	5	23
3	7	23
2	5	22
3	7	21
3	7	22
7	12	25
10	14	33
5	7	24
3	4	20
2	6	23
8	9	30
8	9	28
1	4	21
6	7	24
6	6	28
2	7	23
2	6	21
3	7	22
3	6	21
8	9	31
0	3	22
6	12	30
6	12	33
5	11	28
5	10	26
6	10	26
5	10	25
4	4	23
8	14	31
8	12	29
8	11	27
2	6	23
3	6	22
5	8	26
8	13	26
5	9	25
5	8	23
4	7	23
7	9	26
8	14	28
7	9	26
7	11	26
4	8	24
3	7	24
3	7	26
1	4	23
1	4	21
3	7	23
8	13	31
1	5	21
3	4	21
5	7	22
4	6	22
0	4	23
3	6	20
3	5	22
4	6	25
8	12	32
5	7	23
6	10	25
7	10	27
9	12	34
5	6	25
3	7	24
6	10	31
4	6	25
4	8	28
8	9	33
3	18	90
4	6	23
1	4	21
1	7	22
4	8	32
2	5	21
2	5	22
2	5	21
6	10	28
7	13	27
7	11	30
6	10	27
1	7	21
2	7	22
3	9	25
5	9	24
6	11	30
3	5	22
4	7	25
3	8	23
5	8	26
2	4	20
3	6	24
4	6	22
6	7	23
4	4	25
3	7	20
3	6	20
4	5	23
4	6	24
6	8	24
5	7	33
4	8	22
7	12	32
3	7	24
1	8	90
3	8	23
2	3	22
5	12	27
2	4	22
3	7	21
4	10	27
6	5	26
3	6	23
0	5	61
0	13	89
3	9	22
5	12	29
2	4	21
1	6	23
1	3	26
0	4	25
0	3	25
1	3	24
1	4	22
1	3	22
0	4	20
4	5	23
3	5	23
2	5	21
2	3	22
1	3	22
6	10	31
5	8	26
6	10	27
3	5	24
2	4	20
2	7	22
1	4	25
4	5	23
0	11	91
12	18	41
9	12	33
12	14	39
10	14	38
10	14	38
11	14	38
13	15	40
11	14	37
11	13	35
4	8	23
2	5	21
2	4	23
0	11	90
0	12	91
2	4	20
8	12	31
9	13	33
7	10	27
7	10	25
4	7	24
2	3	24
0	4	20
4	8	22
6	8	25
3	5	22
6	8	25
1	6	20
2	4	21
5	7	27
5	8	25
5	8	27
3	2	21
3	4	24
0	11	89
4	10	25
5	7	25
5	7	24
4	9	27
0	9	90
4	9	24
3	5	25
3	5	22
7	13	30
7	5	26
3	8	22
0	9	90
0	10	91
5	9	24
3	7	24
2	7	24
4	6	20
2	6	23
3	6	23
5	6	23
2	5	22
6	8	24
6	6	25
6	6	31
0	15	90
0	5	20
4	9	25
5	11	31
4	5	22
0	4	21
3	8	22
5	5	22
28	28	87
3	6	21
4	9	24
2	6	21
0	3	20
1	8	23
0	3	21
0	6	32
0	5	33
0	3	22
6	7	25
2	5	23
4	5	22
2	4	21
1	7	20
3	5	21
2	4	23
2	6	21
5	7	24
0	4	20
5	6	23
7	7	28
6	11	32
6	9	29
7	6	32
8	7	32
0	1	20
2	9	23
3	9	22
1	5	21
8	11	33
2	8	23
6	15	30
3	12	26
4	9	22
3	8	21
8	10	27
5	8	32
3	6	21
3	8	24
3	7	22
5	8	24
4	6	24
10	11	27
3	3	22
5	7	26
6	10	25
2	6	21
2	6	21
2	9	22
2	6	21
5	8	25
4	12	28
4	12	30
4	7	21
3	7	21
3	8	21
3	7	22
4	7	22
6	9	25
5	7	24
4	10	26
2	5	26
5	6	26
3	5	24
4	5	23
2	3	21
5	6	25
3	7	21
6	9	30
3	7	24
2	8	23
3	8	23
7	7	27
4	6	22
6	7	27
7	10	26
3	8	22
3	6	21
4	7	25
3	6	23
5	7	26
3	6	22
5	7	24
5	9	25
5	8	27
6	8	30
3	8	25
4	8	23
5	12	30
3	5	24
11	16	40
1	13	91
2	12	90
3	4	21
2	12	91
0	5	20
4	10	31
0	5	24
4	10	30
1	3	23
3	7	22
6	8	24
5	9	24
1	4	21
9	12	32
6	8	27
2	6	22
3	9	30
4	7	26
4	8	26
4	8	27
0	11	91
0	11	91
0	14	90
11	13	37
10	12	35
3	6	20
5	8	28
8	11	33
0	14	90
4	6	24
6	12	30
6	13	30
6	12	32
4	5	22
5	7	27
4	9	25
8	10	31
8	9	27
5	8	23
2	7	21
6	10	30
6	7	27
3	4	22
3	4	21
2	7	23
1	4	22
6	7	25
3	7	25
3	9	24
3	6	23
2	5	23
2	6	21
2	6	20
2	5	21
3	4	23
3	5	22
4	7	23
3	8	25
4	7	24
4	6	24
3	5	22
4	5	21
6	7	25
2	6	22
4	9	29
2	8	25
6	5	26
7	8	26
6	10	27
1	4	20
5	9	24
4	10	24
10	16	35
4	9	30
1	4	21
2	7	22
0	11	90
1	8	91
1	7	21
4	6	27
5	14	32
3	10	25
4	8	24
2	6	24
5	8	27
4	6	24
3	3	23
4	8	23
8	12	34
4	10	23
3	4	21
0	6	90
0	14	90
3	4	23
0	4	21
8	12	29
7	11	25
3	6	22
2	7	22
2	5	21
6	7	25
1	7	30
0	5	24
1	6	30
3	7	22
6	6	22
3	6	21
4	5	22
8	12	32
9	13	34
10	13	34
2	8	24
3	4	24
3	8	24
3	5	21
4	6	23
3	5	20
2	4	21
8	10	30
0	13	90
2	6	23
3	7	23
1	16	91
3	-1	89
4	8	25
3	8	22
2	6	22
5	10	26
3	6	22
2	2	21
1	4	22
4	7	22
3	7	24
3	7	25
2	6	22
3	6	21
3	5	22
2	6	23
10	11	37
9	12	35
8	10	29
2	5	22
3	6	22
5	10	27
5	9	23
2	6	23
3	5	24
3	5	22
5	8	23
5	6	23
4	7	22
0	5	20
0	8	66
3	4	25
7	9	32
4	6	24
7	7	28
6	6	26
7	11	27
5	6	25
1	6	20
5	9	26
3	8	22
4	7	23
2	6	23
4	7	23
0	11	67
6	7	25
6	14	31
6	10	32
2	5	24
5	9	26
5	6	31
4	9	23
6	6	23
4	4	27
6	6	26
5	7	31
8	8	28
1	6	20
7	11	28
8	12	32
3	7	23
7	7	29
6	12	30
6	11	31
3	7	22
2	7	21
3	6	22
5	6	25
3	9	23
2	6	20
5	9	23
4	8	22
3	8	21
1	5	21
5	6	22
4	5	23
0	12	90
0	12	88
4	10	24
1	6	21
5	6	27
1	7	22
4	9	30
5	7	21
4	6	24
3	8	25
4	6	23
3	9	22
8	12	30
2	8	26
4	7	25
4	8	24
8	11	34
3	5	21
6	10	31
0	5	21
2	4	21
8	12	28
3	7	23
7	12	30
4	7	24
5	11	30
8	9	28
3	6	21
3	7	21
18	26	65
4	6	22
2	8	24
5	9	25
5	8	23
3	7	22
2	7	21
6	7	24
2	8	26
6	12	31
2	8	22
2	5	21
14	10	38
3	7	22
4	8	24
0	3	23
5	8	24
5	4	22
8	17	33
5	7	30
5	9	25
2	4	22
3	6	21
3	9	24
3	10	24
3	8	23
3	8	22
3	7	23
4	8	24
3	6	22
3	7	22
4	6	23
5	11	31
2	6	22
4	8	23
3	8	24
1	4	21
5	9	31
5	8	30
4	6	26
2	5	21
2	8	22
5	8	25
4	9	25
3	4	23
4	4	22
1	5	21
6	10	28
5	8	26
1	3	21
5	8	26
3	6	25
4	6	24
4	7	26
2	6	23
5	12	25
4	6	90
4	11	30
4	9	28
3	11	26
2	6	22
1	4	20
4	6	22
4	6	23
8	15	33
4	8	22
5	7	23
9	12	32
8	12	31
7	11	33
2	6	22
3	6	22
5	8	25
6	10	24
3	5	23
3	5	21
4	7	22
3	6	24
3	6	24
5	11	30
6	7	25
4	8	22
4	9	22
6	6	31
4	7	25
6	8	28
2	5	22
2	6	20
5	9	24
1	7	20
5	7	31
8	11	32
4	6	22
4	7	25
5	8	26
4	9	24
4	10	31
2	5	23
2	5	21
8	11	34
4	7	25
6	11	27
3	8	21
0	15	91
0	13	90
3	8	23
4	8	23
3	4	21
0	2	22
3	7	22
0	6	21
9	11	30
1	7	91
2	6	21
9	12	34
8	12	32
2	7	23
1	4	22
1	4	24
0	4	21
0	2	22
0	2	23
5	12	32
9	9	30
3	7	22
5	7	24
4	7	24
3	6	22
3	8	26
1	5	22
2	5	22
3	7	25
2	5	21
5	7	30
8	13	36
13	15	37
0	3	20
3	7	25
3	8	25
2	6	22
3	7	23
3	9	24
1	5	21
3	3	21
2	5	22
3	4	21
1	6	20
3	6	22
6	6	25
2	4	21
4	8	25
4	8	24
3	6	24
2	5	23
8	16	36
7	10	27
4	5	21
4	9	25
4	8	23
4	5	24
11	15	33
4	6	25
5	7	26
7	10	25
6	10	26
5	8	23
3	6	23
3	7	25
2	33	90
2	6	21
2	8	22
5	6	22
3	6	21
4	9	26
9	15	34
7	9	25
0	6	90
0	10	90
5	9	24
4	7	25
4	6	24
4	9	30
5	8	26
4	8	25
4	9	30
4	7	25
4	8	24
4	8	22
3	6	23
3	8	25
10	13	33
4	9	25
7	10	27
1	5	20
9	12	30
11	12	38
7	13	33
6	12	25
2	8	24
2	3	22
4	7	23
0	5	31
2	5	25
3	6	20
8	10	30
4	10	28
3	12	30
7	9	32
10	12	34
0	62	91
4	5	23
7	10	28
3	7	25
6	8	25
6	8	23
7	6	26
6	9	27
3	6	22
3	9	21
3	6	20
3	5	21
6	11	33
7	8	26
4	6	23
3	5	22
7	8	25
4	4	23
5	9	25
2	6	24
9	11	31
7	9	27
5	7	28
4	9	30
3	7	21
9	11	32
8	10	33
7	8	27
4	9	25
4	6	21
4	8	25
3	5	28
0	8	90
4	7	23
8	9	29
7	9	23
2	6	21
5	7	23
9	12	31
5	8	23
7	11	26
5	12	30
7	10	27
5	7	23
6	12	32
4	8	25
3	9	24
4	8	24
3	7	21
5	7	24
6	10	28
6	8	27
4	9	24
3	5	22
0	11	91
0	16	88
7	9	29
3	9	26
2	9	25
4	7	23
9	8	25
3	6	21
3	6	22
6	11	30
4	6	25
2	6	21
1	5	23
1	4	21
1	6	23
1	5	21
1	3	22
4	11	30
1	6	20
5	10	28
2	5	21
12	11	33
5	7	23
3	15	91
2	6	90
1	10	91
2	7	21
3	6	21
2	7	22
5	7	30
0	12	90
0	13	91
3	8	26
4	7	24
4	9	26
3	7	23
3	6	22
3	6	24
18	36	91
7	9	28
9	14	35
6	13	31
7	12	34
6	11	30
7	11	32
7	10	28
8	10	32
5	7	27
5	6	30
3	8	23
4	7	24
9	11	33
9	11	33
9	12	32
3	5	22
2	5	21
2	4	20
3	6	21
6	15	31
0	8	90
4	7	22
1	6	20
0	3	23
3	9	22
2	7	21
6	7	30
9	11	30
5	6	23
2	6	22
8	12	30
5	8	25
3	5	22
2	4	21
3	4	24
3	6	23
2	5	22
3	7	24
4	8	25
6	7	24
5	9	26
2	4	22
2	5	23
1	4	22
2	6	21
0	10	90
2	6	22
6	10	24
3	5	21
3	5	22
4	9	22
4	9	26
4	7	22
4	7	26
6	8	27
6	10	31
6	8	31
5	7	24
5	6	25
5	10	31
5	10	26
7	8	31
6	8	26
3	4	23
5	8	27
3	7	23
3	6	21
3	5	24
3	5	24
4	5	24
7	10	31
6	8	30
8	8	28
3	5	26
5	8	28
1	4	20
4	7	23
2	6	21
8	11	31
4	7	30
4	9	25
4	8	24
7	10	30
6	9	27
5	7	22
7	13	27
7	16	33
9	14	32
4	11	24
6	11	25
2	5	23
1	4	21
4	7	24
7	9	26
9	12	32
6	9	26
7	10	27
7	14	29
32	33	91
1	4	21
1	3	22
8	10	35
0	2	27
1	7	91
1	8	90
5	9	30
4	8	25
4	8	23
6	14	34
4	6	23
2	6	22
2	6	21
5	10	26
11	14	37
2	6	24
3	9	25
3	8	24
2	7	22
4	6	25
2	4	22
4	7	24
5	8	22
3	7	22
8	13	31
8	12	30
5	9	30
9	9	30
0	3	21
2	6	21
2	5	20
5	8	24
3	8	22
0	3	91
0	3	88
5	7	24
11	13	34
6	11	30
6	14	34
5	10	25
5	11	27
2	5	22
2	4	21
2	6	25
4	6	23
2	7	23
2	5	21
6	9	27
2	5	21
5	8	30
3	5	22
3	7	23
2	6	22
6	8	25
3	8	23
7	9	32
2	6	21
5	9	24
6	10	26
6	9	25
6	9	25
7	12	30
4	6	22
2	6	22
3	8	23
9	11	31
2	6	22
3	6	21
5	7	23
7	10	26
5	7	27
3	7	23
4	7	22
3	6	20
2	6	20
5	9	25
7	9	32
5	6	26
5	8	30
5	8	32
3	7	26
5	6	25
3	6	24
7	11	30
9	11	28
2	7	22
11	15	35
7	12	30
3	9	26
5	9	27
5	11	32
4	7	24
5	8	23
4	7	25
8	7	29
1	4	20
8	12	30
7	10	25
5	7	30
1	6	21
5	11	30
5	10	25
4	7	23
4	10	26
4	10	25
3	7	24
3	5	21
5	7	24
4	8	23
3	5	22
2	8	25
3	8	24
8	13	32
9	12	31
9	9	30
9	10	29
5	12	26
4	9	23
3	8	23
5	8	28
7	13	33
2	4	20
2	5	21
3	7	23
2	6	21
0	4	21
3	6	23
8	6	30
5	9	25
2	8	22
4	6	22
2	4	22
2	5	22
4	3	24
5	13	32
3	5	23
5	10	25
6	8	24
0	5	20
2	7	30
5	8	24
8	11	30
6	10	30
9	15	36
4	7	25
5	8	25
4	6	22
3	8	24
3	7	23
4	7	23
3	6	25
6	8	25
3	6	24
4	8	23
4	7	25
4	8	25
3	7	23
4	7	22
6	12	34
7	7	26
3	6	22
2	6	23
0	9	90
3	8	23
5	8	25
7	10	27
6	8	26
6	8	33
5	6	25
3	6	23
1	6	23
3	7	24
7	10	28
8	12	34
4	7	21
3	8	21
7	13	31
3	7	21
4	6	23
6	7	25
2	6	21
5	12	27
3	10	25
3	9	23
3	8	24
2	8	23
3	5	23
3	4	22
4	10	25
3	7	23
4	7	22
8	10	26
5	15	30
2	6	22
4	8	23
3	8	24
5	7	23
5	8	30
5	8	24
1	5	22
5	10	23
3	8	25
4	9	24
0	6	21
10	13	36
11	12	38
9	12	36
9	14	36
11	16	39
13	15	41
3	8	24
6	9	26
6	7	26
1	8	22
0	13	91
0	19	91
6	10	31
6	8	26
5	8	25
6	7	24
8	13	30
3	11	26
4	7	23
1	7	24
2	6	22
4	7	24
2	5	22
5	11	30
3	6	24
2	7	20
7	10	30
9	11	32
2	7	22
5	10	25
3	7	25
2	7	22
2	8	23
3	7	22
5	10	26
4	7	24
3	7	20
4	6	21
3	6	21
1	6	22
7	9	31
3	7	22
2	7	22
3	4	22
2	3	22
4	3	23
3	4	25
2	6	21
2	6	21
4	5	27
4	8	22
8	13	31
9	15	34
2	5	23
7	7	26
0	11	91
0	4	91
4	10	24
3	8	22
2	6	22
3	7	22
3	9	22
2	7	22
2	7	22
6	11	30
2	12	24
3	7	22
6	14	30
5	12	29
3	7	22
2	6	24
2	6	23
2	5	20
4	8	24
2	9	30
7	9	25
5	9	25
0	2	91
5	9	27
5	8	26
8	11	29
3	7	22
3	6	21
2	6	22
2	7	21
5	9	25
3	6	22
10	11	31
4	8	22
4	5	23
2	7	22
2	6	20
7	13	34
6	12	32
5	8	26
2	6	22
1	4	21
2	6	22
10	11	34
4	9	22
6	9	26
4	8	24
5	9	31
6	12	71
10	12	33
7	9	25
6	10	26
30	38	90
5	8	31
0	3	20
6	8	25
2	4	22
5	8	24
3	5	20
5	7	21
7	12	31
2	6	21
5	10	25
2	8	22
10	13	31
0	8	90
2	6	21
3	7	23
4	7	23
4	7	22
5	7	24
7	14	35
5	9	23
3	10	26
3	9	24
2	7	22
2	6	21
7	11	33
0	12	91
2	4	21
5	7	24
7	9	34
6	8	24
11	15	36
10	16	33
4	9	26
4	10	31
4	8	26
3	9	26
5	8	27
4	11	30
3	8	23
3	7	24
2	6	23
2	8	23
2	7	21
5	9	30
3	5	21
2	3	23
2	4	22
1	5	22
2	3	23
8	10	28
7	9	26
8	14	37
4	6	23
7	8	31
3	5	21
7	9	28
1	5	21
6	9	24
10	12	34
3	8	22
6	12	30
7	14	34
3	5	24
1	5	20
6	7	26
3	10	30
2	6	22
6	9	25
7	10	27
2	5	23
7	10	27
8	13	29
2	5	22
6	10	27
7	10	28
5	9	23
8	13	33
4	6	22
3	6	25
1	4	21
7	13	34
7	13	33
6	10	24
7	11	30
4	8	22
5	6	27
4	5	24
1	5	20
7	10	27
2	6	21
2	5	20
1	3	22
7	8	29
2	6	22
5	10	27
0	59	91
5	8	23
1	5	21
4	6	25
2	6	24
3	7	23
5	7	25
3	8	21
3	5	22
2	7	21
4	9	23
4	9	24
3	7	22
2	6	21
4	8	24
15	12	47
2	4	22
2	6	24
3	7	21
6	9	25
8	10	28
5	10	31
3	9	25
2	4	21
3	7	23
4	6	24
2	5	22
5	10	25
0	6	91
0	12	59
0	11	90
1	7	22
3	5	22
4	7	23
3	8	24
3	5	22
1	5	20
3	6	23
0	5	41
3	6	21
7	8	32
2	4	26
3	8	22
8	7	31
2	6	22
3	7	23
0	5	90
0	4	91
9	6	31
7	8	30
3	7	22
8	9	32
10	12	35
4	6	24
2	6	24
4	8	26
4	7	24
0	7	91
0	7	91
0	8	63
4	6	24
2	6	21
2	6	20
8	12	30
5	11	32
2	5	20
2	6	23
2	6	24
4	7	25
3	8	25
6	10	26
5	7	25
4	6	24
4	8	25
3	5	22
4	5	22
2	7	23
3	8	32
5	9	30
6	8	25
6	11	31
2	5	21
2	5	21
5	8	25
6	10	32
2	3	21
3	5	22
7	15	33
3	8	24
3	7	25
6	9	26
6	7	24
2	6	22
3	7	22
7	10	30
3	7	23
2	7	22
0	5	91
3	8	21
3	13	37
3	5	23
2	7	22
2	4	22
0	23	79
6	8	25
9	11	31
9	10	31
7	9	30
8	11	35
10	9	33
9	8	32
8	8	31
3	7	21
3	7	21
0	10	90
2	5	22
2	6	20
3	5	21
3	5	22
3	6	26
7	9	27
6	9	30
4	10	31
4	7	24
2	5	21
5	7	23
7	13	31
4	7	24
6	11	33
2	7	22
3	6	21
3	7	22
2	9	23
9	10	37
9	7	32
10	10	37
7	9	27
1	3	22
3	8	22
3	5	22
2	7	20
7	12	32
9	11	35
2	6	22
7	14	33
2	4	21
5	7	26
3	6	24
2	6	21
4	6	24
4	7	27
5	8	28
8	10	28
4	11	26
4	8	31
7	13	31
3	9	23
4	4	24
1	5	20
4	7	30
8	13	30
1	4	90
8	13	27
10	7	33
11	8	34
6	7	24
9	16	34
7	13	33
3	6	23
3	6	21
0	24	56
1	25	59
0	20	47
1	-1	47
12	15	34
8	16	33
9	16	35
9	15	36
8	13	31
8	13	31
7	8	24
1	6	20
1	6	21
1	4	20
1	4	20
1	3	22
0	5	21
3	8	24
1	4	22
0	2	21
7	12	30
3	8	23
5	9	24
4	8	25
0	4	20
9	13	33
2	6	22
3	8	22
5	7	22
2	5	21
1	5	25
1	7	22
2	4	20
0	3	21
0	4	20
2	5	23
2	5	20
2	7	23
8	11	29
6	8	26
3	8	24
4	5	23
8	11	30
4	7	26
4	8	26
4	6	23
1	5	20
6	9	26
2	4	22
5	10	31
8	14	33
3	7	25
2	4	21
5	8	27
1	4	22
6	10	33
8	10	30
7	12	30
8	8	27
6	11	29
3	7	24
2	7	25
2	6	22
5	9	24
4	7	24
5	8	32
1	2	22
1	5	21
4	9	25
3	9	21
0	12	90
0	8	90
1	7	91
1	4	23
1	3	22
4	6	25
4	8	24
5	9	26
1	4	21
7	10	26
8	12	28
1	3	23
1	4	23
1	4	21
5	7	24
8	9	26
3	8	24
2	6	22
3	7	24
8	10	30
4	6	23
3	6	23
2	5	26
3	6	23
3	7	25
6	8	31
1	4	20
2	8	23
2	7	22
4	9	26
5	9	26
3	7	23
8	11	28
2	5	20
2	4	21
5	12	33
2	6	21
9	13	36
7	10	29
3	7	24
3	7	27
7	9	33
8	10	36
2	5	23
2	9	25
3	7	25
1	2	21
0	10	91
1	13	91
1	6	20
5	9	30
6	8	26
1	6	22
6	7	24
3	9	24
4	9	23
4	5	24
3	5	23
5	9	25
3	8	22
7	9	29
1	6	21
2	6	23
1	2	22
1	5	21
1	4	22
4	6	24
4	8	26
16	19	54
12	14	42
13	14	45
11	11	40
10	10	39
11	11	40
5	12	30
6	11	32
4	7	23
4	7	22
7	9	29
2	4	23
4	8	25
6	9	30
0	11	91
0	11	90
2	5	21
10	10	34
9	9	31
1	3	22
7	10	29
5	6	23
4	10	31
3	3	25
4	8	25
5	7	25
3	8	23
5	7	23
3	8	31
3	7	23
0	16	90
5	7	24
0	13	91
3	6	25
0	3	23
5	10	31
2	7	21
5	10	32
1	5	20
3	7	22
0	6	91
1	6	24
2	4	22
4	7	26
6	7	24
8	10	30
8	9	27
5	10	32
6	10	30
7	9	30
7	13	32
6	9	30
7	9	26
7	8	25
6	8	26
7	9	27
4	9	25
0	10	90
0	9	90
0	20	91
1	4	21
11	14	37
10	13	36
3	9	24
1	4	22
3	6	23
9	6	30
2	4	21
3	7	25
3	7	25
9	9	36
3	7	24
3	7	22
1	7	21
3	6	30
2	6	20
0	6	30
2	4	20
4	8	31
0	5	23
6	8	30
2	5	21
5	8	25
7	10	27
6	10	28
8	11	31
5	8	25
3	8	22
1	2	23
0	13	90
0	14	90
0	13	91
5	11	30
7	10	30
7	10	28
4	9	26
7	8	28
3	7	22
4	8	23
4	7	23
1	4	20
8	8	30
2	5	21
0	11	90
0	7	91
4	6	21
2	5	21
5	8	26
0	3	20
0	3	21
1	4	21
3	8	22
5	5	25
2	7	21
4	9	23
4	6	25
2	7	24
3	7	23
3	5	24
3	5	22
3	5	22
4	6	21
3	3	23
3	7	25
2	2	21
3	4	90
3	7	23
4	8	24
0	3	20
4	7	23
2	7	23
2	7	22
3	6	21
5	9	31
1	5	20
3	5	21
6	9	30
15	30	90
11	23	45
4	6	21
0	12	91
4	6	25
7	7	28
2	5	22
3	7	24
13	16	42
10	13	32
13	16	38
11	15	34
12	18	40
11	17	38
14	16	39
10	14	34
11	15	37
11	15	35
9	12	32
9	10	30
8	10	29
5	10	26
4	10	24
7	8	26
5	7	26
0	6	21
3	6	22
2	7	21
5	5	23
4	7	23
6	9	24
6	9	24
2	6	24
5	8	30
6	9	29
4	9	28
1	3	21
7	11	28
2	10	30
6	6	26
4	8	22
1	4	22
2	5	21
6	7	25
5	10	26
2	6	21
5	7	23
6	9	31
6	9	26
2	6	22
4	11	88
7	8	32
3	9	91
4	15	87
6	9	30
5	6	27
8	8	29
2	4	23
4	4	22
2	2	21
6	8	24
2	7	23
2	6	21
4	6	22
5	9	28
7	12	25
3	7	24
3	8	24
3	7	25
6	10	30
3	8	24
2	6	24
0	12	91
0	11	91
4	8	26
0	-1	89
0	10	86
0	8	90
5	8	25
4	7	24
6	10	29
3	9	25
11	17	38
0	2	22
4	5	22
6	10	32
4	5	23
4	7	24
3	6	25
3	9	23
5	10	23
2	8	22
5	8	24
7	9	30
4	7	22
4	7	24
7	9	31
4	5	24
6	7	28
4	5	24
4	7	22
0	2	22
1	3	24
3	3	31
0	1	23
0	1	21
3	6	21
4	8	25
3	6	28
5	7	23
7	13	32
5	10	26
2	5	91
3	4	22
4	7	23
4	9	31
4	7	23
1	2	20
1	5	22
1	5	21
7	12	31
4	9	31
5	6	24
3	6	22
6	10	26
4	6	25
4	9	24
2	7	21
2	7	22
2	5	22
0	4	21
0	2	21
3	5	20
5	6	26
2	3	20
1	4	20
1	4	21
7	10	28
3	3	21
5	8	25
9	11	30
7	11	31
4	12	30
3	6	24
2	5	22
2	6	21
6	7	24
3	6	24
4	7	22
5	12	25
6	9	27
1	4	20
4	10	28
7	9	31
8	9	28
5	6	25
5	10	30
4	6	23
4	6	24
3	7	23
4	7	23
2	10	22
0	65	91
7	10	25
2	9	20
5	12	30
7	9	28
6	9	25
1	4	20
4	6	21
4	5	22
3	6	22
3	7	21
4	8	24
8	12	35
4	6	24
2	5	23
4	7	21
2	4	21
6	11	26
8	10	26
5	11	32
6	9	25
9	13	33
3	9	24
5	7	24
9	11	30
4	9	24
6	8	30
4	7	23
4	6	22
6	10	27
9	10	33
5	10	25
7	11	28
5	7	23
4	7	22
5	6	23
8	11	29
6	8	31
7	10	26
7	11	27
0	8	91
0	10	90
2	5	20
3	6	21
3	7	22
3	6	23
7	11	33
0	7	91
0	-1	83
1	6	21
3	10	22
4	6	26
4	8	23
3	11	26
5	8	24
7	7	25
6	10	30
0	13	91
0	15	90
5	10	24
5	6	27
4	9	26
2	8	23
6	14	31
2	5	22
4	7	24
4	6	22
3	8	23
2	3	22
6	10	30
7	14	35
7	10	26
8	11	31
6	8	25
8	12	32
6	11	30
7	14	31
5	10	24
3	8	24
10	11	30
9	11	30
6	9	28
2	6	21
5	6	25
5	10	25
0	11	91
2	4	22
2	5	25
4	10	25
7	12	31
8	8	36
7	11	32
3	10	24
5	13	32
6	11	25
6	11	26
5	10	28
3	9	26
7	7	26
8	12	30
0	-1	90
0	7	91
0	7	90
0	7	91
7	13	32
9	13	31
6	8	23
4	8	25
5	7	30
3	7	23
4	6	24
3	5	23
3	6	23
3	5	22
3	4	22
3	8	24
5	9	25
4	8	23
3	7	22
4	9	24
5	9	25
4	8	25
5	9	24
3	6	22
0	5	21
2	6	22
2	6	21
1	6	21
6	8	27
5	8	24
6	12	27
9	18	35
8	17	36
5	7	30
6	7	27
2	5	21
8	10	31
7	10	30
8	9	31
5	7	22
3	5	22
1	4	25
0	3	28
5	7	24
2	6	23
4	5	25
3	4	21
3	6	23
5	9	30
3	6	21
2	6	21
2	6	21
2	6	20
5	8	27
4	6	24
5	5	25
0	17	90
1	16	89
5	12	29
6	11	32
6	6	25
2	6	21
4	8	21
7	10	26
7	13	30
0	11	90
6	8	25
5	12	29
6	9	30
5	11	30
6	8	25
6	8	26
6	9	27
3	7	22
1	5	20
2	6	22
3	7	22
7	10	27
3	6	24
3	6	22
3	5	22
3	5	23
3	5	20
2	5	21
6	10	30
5	10	32
1	5	91
2	11	90
3	4	22
4	7	22
2	5	20
7	10	30
5	7	25
4	8	24
3	8	23
0	5	91
0	8	90
5	10	25
2	5	22
2	5	21
5	6	21
3	5	23
6	8	26
0	3	22
4	7	23
0	4	23
0	3	22
7	11	29
2	6	22
2	5	22
2	6	22
5	6	23
2	4	21
1	2	22
3	9	22
6	13	31
5	9	25
7	6	30
9	10	29
8	12	28
5	10	32
6	12	33
7	9	30
4	8	23
7	11	30
2	6	22
2	7	22
2	5	22
1	6	22
5	7	25
8	13	32
2	3	22
0	3	20
3	3	23
2	3	23
4	7	25
4	5	30
2	3	24
6	9	25
2	7	21
4	6	23
4	9	25
0	4	20
3	7	23
9	11	34
2	5	22
2	6	22
2	5	21
6	12	30
7	9	30
8	10	32
4	5	22
4	21	91
4	7	23
6	11	29
3	7	22
3	7	23
4	9	26
10	13	36
7	9	27
2	3	22
2	4	21
2	6	22
3	4	25
3	4	21
7	7	29
9	12	33
4	6	22
3	5	30
5	7	25
8	11	28
3	5	23
4	8	25
5	7	23
7	6	31
4	8	30
3	8	23
6	29	90
6	9	31
3	6	23
5	7	25
8	10	29
9	11	36
4	6	23
4	8	25
3	6	23
9	10	31
3	4	22
4	7	25
6	11	25
5	7	23
5	7	25
4	9	31
2	7	24
3	6	23
4	9	25
4	8	33
2	1	21
5	7	25
3	5	23
2	5	21
3	6	23
3	6	22
4	8	24
9	12	28
7	9	25
5	9	25
2	5	21
6	9	33
3	6	20
8	7	29
4	10	25
2	8	22
3	6	20
4	7	25
7	11	34
8	15	34
4	7	24
4	6	23
6	6	25
4	14	91
8	10	30
8	9	34
5	8	24
5	10	24
5	8	27
5	8	24
4	7	24
3	6	24
3	6	22
4	8	23
4	8	24
1	5	20
3	5	23
7	8	31
4	7	26
3	9	23
1	3	21
4	8	24
3	6	21
3	5	23
3	8	24
6	14	33
0	4	21
5	8	25
7	10	31
0	11	91
0	10	91
0	9	90
2	8	21
2	6	23
5	6	26
5	5	24
3	7	20
0	4	23
3	6	22
1	4	23
0	5	22
3	6	23
5	9	25
1	4	22
5	10	25
2	6	22
0	5	91
0	13	90
4	6	26
13	17	43
6	8	26
2	6	22
2	5	20
6	47	91
3	7	23
4	13	32
5	8	26
1	5	21
2	4	21
3	5	22
3	7	22
8	8	31
1	5	22
8	13	32
4	8	24
5	9	26
3	3	21
2	5	21
5	11	33
8	9	26
3	5	22
3	8	24
0	14	90
3	6	30
4	5	24
3	5	23
2	4	23
7	10	30
7	12	26
5	7	30
4	8	27
3	7	26
3	7	25
5	8	24
0	7	89
0	-1	91
1	3	20
2	11	91
2	8	22
2	6	20
3	8	24
3	7	22
2	7	22
1	4	20
3	5	22
2	6	21
3	7	21
3	6	22
7	8	27
3	7	23
0	11	91
0	11	90
0	9	90
3	5	22
7	11	26
4	6	21
2	4	22
3	9	23
1	7	22
4	14	90
2	5	20
10	15	37
9	11	30
7	8	25
7	8	28
2	4	22
5	9	31
5	8	31
5	8	30
2	4	22
5	8	22
6	9	31
5	10	30
4	8	24
4	9	25
9	14	37
7	13	35
8	12	35
7	13	35
5	14	34
7	13	35
7	14	35
4	12	32
5	12	31
5	10	28
5	12	28
2	4	23
1	5	22
3	7	21
2	7	23
10	14	32
2	4	22
2	3	20
3	6	22
0	1	21
5	10	30
4	8	27
5	11	30
4	9	24
2	8	24
2	5	22
5	8	24
4	7	30
5	7	30
3	4	22
1	6	87
4	7	23
3	7	24
4	9	25
3	9	25
5	11	26
5	10	26
4	10	25
9	10	31
4	7	23
2	3	23
1	1	22
1	2	22
4	4	25
5	2	30
8	11	39
3	7	23
2	3	21
3	4	24
3	8	23
9	9	32
6	8	28
3	6	21
3	7	22
1	4	23
7	8	27
7	9	26
4	5	23
0	23	90
7	8	27
5	11	33
5	5	25
23	-1	62
0	2	23
1	1	22
0	2	23
0	3	23
5	6	24
2	7	21
2	5	22
3	8	22
0	11	91
5	8	26
8	11	27
4	6	22
7	10	32
7	8	27
9	9	30
4	8	24
2	5	21
1	5	21
3	8	23
2	7	21
3	5	24
7	7	26
1	6	21
3	5	23
3	6	22
0	3	20
2	4	22
4	7	22
6	5	24
2	8	22
6	10	28
0	3	20
1	10	91
0	11	91
3	6	25
4	8	25
3	7	23
8	5	38
5	7	26
7	8	28
6	6	28
5	7	25
4	6	25
4	4	22
3	4	25
3	3	23
3	2	24
2	2	23
5	7	24
0	5	21
1	16	74
1	15	74
4	5	23
3	5	23
3	4	23
0	11	46
6	8	22
5	8	27
4	7	24
1	2	22
4	6	24
4	6	23
2	5	22
2	6	23
3	5	22
5	6	24
6	10	33
2	6	23
4	7	23
0	2	20
2	5	22
0	3	20
3	5	20
2	49	91
0	4	91
0	11	90
3	8	30
4	11	90
2	13	90
5	7	25
2	5	22
3	25	91
0	7	90
0	9	90
0	11	91
2	4	21
5	8	28
6	9	26
2	5	23
0	3	23
3	-1	91
3	11	91
1	5	20
8	6	32
6	8	25
5	9	26
2	5	21
4	8	21
0	15	90
0	12	90
5	9	24
4	6	23
2	5	21
4	9	22
4	4	25
7	10	31
2	8	22
6	6	26
0	0	21
5	8	28
3	4	24
1	7	22
1	3	20
1	3	21
5	8	25
5	9	24
6	8	30
4	9	26
5	9	24
4	9	25
3	8	23
1	4	25
1	5	25
6	12	31
3	7	25
4	7	25
2	3	22
5	7	30
3	6	20
3	7	23
6	6	29
5	6	28
4	7	25
0	8	22
0	4	22
1	4	23
5	6	24
4	9	34
2	5	22
2	5	20
6	8	24
0	2	22
1	4	23
7	12	31
3	9	25
3	7	23
10	15	35
5	11	31
4	5	23
3	8	27
2	8	22
3	8	23
3	9	25
4	8	23
7	8	25
1	3	20
6	9	27
6	7	24
2	4	23
3	7	25
3	8	24
5	5	25
4	6	23
9	11	30
5	8	23
9	12	32
0	13	91
0	13	90
0	16	91
0	12	90
1	14	91
0	13	90
0	15	91
1	11	66
1	14	91
0	13	90
0	8	48
1	5	22
6	9	24
3	6	21
2	5	20
7	16	36
4	10	32
3	10	28
6	9	28
3	8	25
3	7	22
10	14	32
2	4	23
7	8	27
7	10	29
4	9	25
9	9	29
10	11	37
4	8	25
6	9	26
4	7	24
4	6	23
5	8	25
6	7	25
7	9	33
5	12	31
5	13	32
1	10	91
1	10	91
4	10	90
3	10	91
6	6	25
3	4	21
11	12	39
10	11	32
4	7	25
4	6	24
5	10	32
4	7	24
6	11	30
0	3	20
5	8	26
2	5	20
7	9	27
3	6	23
3	6	22
4	9	23
0	4	39
2	6	22
6	8	24
3	7	24
3	5	22
3	8	24
3	6	24
4	6	23
3	6	22
2	6	22
2	6	23
7	11	25
4	7	22
7	8	30
0	10	90
0	10	91
6	13	33
2	7	21
1	5	21
9	13	33
8	15	36
6	10	27
0	2	22
5	7	24
3	5	22
5	12	26
7	10	31
5	10	27
5	8	32
2	3	22
1	3	21
4	6	22
5	7	23
3	5	24
1	4	23
4	9	23
4	7	22
4	4	22
8	10	33
2	5	21
2	3	21
1	3	22
8	8	33
3	6	20
3	6	22
2	5	21
0	15	91
4	7	23
4	8	27
5	9	25
3	8	22
3	4	23
3	7	21
3	8	22
4	5	22
3	8	23
3	7	21
1	5	21
4	8	23
9	13	30
5	7	26
1	5	21
5	8	30
5	11	30
6	12	31
4	10	27
3	7	23
3	6	22
9	12	32
6	10	26
6	9	23
3	7	23
1	7	20
3	10	23
5	8	24
2	6	22
10	10	31
9	10	33
7	11	31
7	10	32
3	4	22
3	6	24
2	8	23
5	7	25
4	7	26
3	11	90
3	9	24
3	8	22
3	9	22
6	9	25
3	6	21
2	7	23
3	8	25
4	6	21
4	8	23
6	8	25
5	8	27
8	12	34
11	14	36
11	15	41
7	10	29
6	9	26
1	5	20
4	7	24
4	7	22
3	8	23
3	7	21
3	7	21
3	3	24
5	13	30
5	8	25
4	11	31
3	9	24
5	6	30
7	5	27
7	8	26
0	2	91
0	9	91
9	12	32
4	10	24
7	8	24
5	7	24
7	10	26
3	6	21
0	6	90
0	6	89
5	9	28
3	8	23
7	11	31
3	4	21
2	7	22
10	13	35
0	12	90
3	8	23
3	6	22
8	10	28
10	13	33
9	12	29
9	12	33
9	12	34
9	13	33
4	8	25
2	4	21
7	11	34
2	7	26
1	6	20
1	6	20
2	6	22
4	7	24
3	8	25
4	7	24
1	6	21
6	13	31
5	12	30
4	9	24
7	13	32
1	4	22
5	8	24
2	6	23
2	7	23
4	9	24
4	7	24
3	7	23
4	9	27
4	7	22
7	9	26
3	9	23
4	11	33
2	7	22
5	9	27
8	9	29
2	4	22
1	3	20
2	7	21
2	8	23
3	5	23
3	7	23
4	5	23
6	8	23
8	9	30
5	10	34
2	5	23
1	5	23
0	5	21
0	6	20
4	10	31
3	7	24
6	5	25
4	8	24
7	9	32
2	7	90
2	8	78
6	7	23
6	8	25
5	7	24
3	5	24
0	4	21
0	2	22
6	9	24
2	6	21
0	6	20
0	4	30
0	4	30
0	4	33
0	5	30
1	4	32
0	3	30
3	6	22
3	5	22
5	12	30
4	7	22
4	6	26
3	10	25
3	5	22
3	5	21
8	11	31
5	7	25
6	7	24
4	4	23
7	11	29
7	11	28
0	3	21
2	5	20
5	9	24
2	4	20
1	4	21
1	6	22
2	4	21
6	11	30
4	9	24
1	6	21
1	9	22
3	5	23
2	4	21
9	14	30
8	10	33
6	9	31
5	8	25
4	7	24
3	7	24
4	5	25
2	4	22
8	9	28
7	12	28
6	6	25
6	7	27
10	11	31
5	7	30
4	7	23
2	5	22
3	5	23
4	6	23
3	7	25
3	9	25
4	10	26
5	12	31
5	10	27
6	12	30
4	9	25
12	14	40
10	14	37
5	8	25
2	4	23
7	10	27
0	14	91
0	18	90
2	8	23
3	5	23
4	6	25
3	5	23
4	9	21
4	8	24
3	8	22
5	10	24
3	4	22
2	6	20
6	8	25
3	6	21
6	9	25
6	9	28
5	9	26
7	12	31
6	10	27
0	8	91
0	10	91
5	9	27
8	10	32
4	8	25
4	8	24
5	9	25
0	3	91
0	11	90
7	11	30
8	11	30
3	5	22
5	6	23
2	5	24
3	12	87
3	14	90
3	5	22
1	6	21
6	6	25
5	10	32
4	7	25
2	5	23
2	4	20
3	5	23
2	4	22
4	7	23
4	8	23
5	6	26
3	6	22
0	12	91
1	3	22
4	7	23
12	15	40
11	13	34
8	13	39
2	5	22
11	11	34
5	6	27
2	8	91
4	9	91
2	10	24
29	32	88
2	6	20
3	7	22
2	5	23
3	5	21
6	7	24
2	6	25
0	3	22
0	4	21
2	6	23
0	2	33
4	6	25
3	10	23
1	4	21
3	9	23
4	8	24
3	8	22
2	5	22
3	4	21
6	8	24
4	7	21
4	7	24
4	8	26
7	9	30
5	9	24
6	7	26
3	8	23
1	9	23
7	11	31
3	4	21
6	8	26
6	9	27
5	9	24
4	7	22
3	6	24
4	7	23
3	6	21
7	10	27
3	6	21
6	9	26
5	11	32
3	11	30
9	11	31
6	9	28
1	3	22
0	15	89
3	10	30
4	7	25
11	16	38
10	13	37
4	6	24
6	8	28
3	7	24
3	6	22
4	12	28
2	5	22
4	8	24
3	8	23
7	14	30
4	7	24
3	4	24
5	8	30
3	13	32
0	13	91
2	4	23
0	5	22
3	11	24
3	10	24
8	9	27
3	9	26
2	4	21
3	5	23
5	8	25
4	8	22
10	10	33
2	4	21
3	7	28
7	12	28
4	9	23
2	10	23
0	8	52
8	11	29
7	11	30
9	10	31
7	9	27
6	9	34
4	7	25
4	7	23
8	8	25
3	5	21
6	12	32
4	7	23
4	6	24
5	8	23
7	11	33
5	5	27
6	11	26
3	12	27
4	13	28
2	13	25
4	10	25
3	6	22
5	10	30
0	3	23
5	10	27
4	10	25
4	9	25
3	10	24
3	5	21
3	5	23
3	5	23
2	6	24
10	11	32
8	9	31
7	8	26
2	6	22
4	7	21
8	12	35
1	5	20
3	7	23
2	5	21
4	8	22
3	7	21
11	11	33
3	5	22
1	2	22
3	8	25
4	10	23
4	6	23
3	4	22
5	10	28
2	6	22
5	8	23
8	15	33
0	3	20
3	4	22
10	12	37
4	6	21
1	3	22
9	10	33
8	10	31
3	7	22
4	7	23
3	5	23
3	6	24
9	11	32
8	11	32
9	11	30
7	10	28
6	11	26
4	6	22
1	5	20
1	3	22
0	3	22
2	6	20
5	9	31
2	7	22
6	11	32
9	12	34
5	10	30
3	9	30
4	8	32
3	6	26
2	5	23
3	7	26
4	9	30
3	6	22
4	8	25
4	8	28
5	10	32
4	7	24
3	8	23
3	10	30
8	11	27
3	6	22
9	10	33
4	7	27
2	7	25
3	6	25
3	6	24
3	5	22
5	7	29
4	8	28
5	7	24
7	7	25
6	8	25
6	8	25
2	5	21
6	9	26
4	8	23
0	4	86
7	8	25
6	8	24
6	10	30
3	7	23
3	6	22
3	9	25
5	27	90
3	6	24
8	10	28
4	4	22
8	11	29
6	12	30
8	10	26
3	4	24
1	4	21
2	5	23
4	6	23
4	8	24
5	8	25
2	5	22
6	7	24
4	9	25
6	12	30
0	6	24
5	12	25
7	7	26
9	12	31
8	12	27
7	8	26
7	14	31
4	6	25
7	13	30
9	9	30
3	8	23
1	7	20
3	5	25
3	6	24
1	5	22
2	7	23
7	9	27
3	7	21
4	4	22
3	4	23
3	4	23
4	5	25
4	6	24
1	6	20
3	7	24
2	4	23
2	3	23
3	5	23
4	5	24
2	3	21
2	3	22
4	8	23
5	7	22
2	6	21
1	7	23
3	6	23
2	5	23
3	6	25
9	7	30
2	6	20
2	4	22
6	15	30
10	15	38
0	7	91
0	1	82
4	5	30
2	4	25
1	4	23
1	4	21
2	3	24
1	3	23
2	3	21
1	5	25
1	4	24
6	14	32
5	10	28
4	9	24
8	12	32
10	15	36
3	6	22
4	8	26
3	8	25
3	6	23
2	6	22
8	8	28
5	7	23
4	8	24
7	12	33
9	13	31
8	12	31
5	9	25
6	7	26
0	4	91
0	11	90
0	7	91
1	6	20
6	11	31
2	9	22
3	7	21
3	7	21
2	7	23
4	7	27
3	6	23
2	6	23
2	4	21
4	4	23
4	3	23
6	10	25
6	12	34
1	7	21
5	5	23
7	9	28
0	14	91
0	5	21
3	5	21
1	3	22
0	5	21
4	3	22
11	13	38
8	13	35
8	10	33
8	9	29
7	9	29
0	14	91
0	9	90
0	10	91
1	10	90
0	14	91
0	14	91
6	9	25
8	11	34
3	5	24
6	7	27
0	2	20
0	9	90
0	8	90
3	15	90
7	9	27
3	9	22
3	8	21
1	8	90
7	8	25
9	11	32
7	11	29
4	5	25
2	4	23
6	11	32
5	9	31
8	11	30
3	7	21
4	8	24
4	7	23
4	7	22
3	7	21
4	5	24
6	7	25
7	9	26
0	4	22
4	8	23
6	6	21
2	4	22
4	7	22
6	15	33
5	9	25
10	11	30
5	12	31
7	10	28
6	10	28
9	12	29
6	9	29
8	8	28
3	6	25
3	7	24
4	8	23
4	8	23
3	10	24
4	7	21
3	7	22
1	3	20
9	12	32
7	10	27
3	11	24
2	6	21
6	6	27
5	13	31
2	4	22
4	7	22
3	5	23
5	8	23
3	7	21
3	8	22
6	9	30
3	9	24
3	8	24
0	10	88
0	11	91
4	6	24
4	7	26
9	11	33
1	6	21
4	9	23
3	10	24
4	8	24
5	10	26
3	6	22
0	1	20
2	6	23
4	4	24
4	9	24
4	6	24
5	8	30
4	7	25
6	7	25
0	10	90
0	9	90
3	6	22
4	6	23
4	6	23
3	6	21
5	6	23
1	7	22
2	7	24
1	8	21
4	9	30
2	6	21
2	6	23
3	7	26
9	11	29
6	8	24
6	9	24
7	12	33
6	8	26
2	3	23
2	4	23
3	7	23
1	5	20
3	9	27
9	10	28
6	11	34
2	5	23
4	12	30
6	12	35
5	6	23
2	8	24
7	9	29
3	9	23
8	11	33
5	9	24
8	12	32
0	1	22
5	8	25
0	8	91
0	14	91
5	8	25
5	10	26
4	8	25
6	12	31
3	6	24
2	6	20
0	5	21
4	3	23
1	5	21
1	4	20
5	6	24
3	6	22
5	8	27
4	9	29
5	8	25
5	8	25
5	8	30
3	7	25
5	7	27
4	7	26
4	7	25
3	7	24
3	6	23
2	5	21
8	7	30
3	6	22
2	5	21
3	6	22
5	10	25
0	10	91
1	8	90
9	12	30
9	9	28
4	6	22
3	7	22
4	8	23
4	10	25
2	8	22
0	4	21
0	8	90
0	0	20
7	8	30
0	3	21
5	7	22
2	5	23
2	4	22
4	9	24
2	7	23
5	6	31
2	7	24
3	6	22
3	5	25
4	7	24
7	9	30
2	3	21
0	4	20
6	11	30
6	9	31
7	12	34
3	4	24
5	6	25
1	6	20
1	6	21
3	5	21
6	7	26
6	7	31
0	7	90
0	6	90
4	7	25
6	9	23
1	3	20
0	2	23
1	4	20
5	6	25
3	7	22
4	10	28
0	11	91
0	9	90
4	6	22
3	11	91
3	12	90
5	8	25
3	5	22
3	5	21
6	7	29
9	10	34
6	8	30
5	6	26
4	8	30
4	6	25
4	4	25
2	7	23
2	7	25
3	7	26
3	8	23
8	8	26
5	5	22
3	7	21
6	8	28
2	6	22
1	7	21
0	2	90
3	6	23
0	5	20
6	10	30
5	8	24
5	7	23
7	8	28
8	10	27
7	9	29
4	8	24
6	7	26
6	12	30
5	8	25
3	6	21
1	4	22
1	8	24
4	7	23
2	5	22
6	9	30
5	9	27
2	8	25
2	7	21
2	5	22
6	8	30
2	7	21
5	6	27
2	8	21
2	6	22
5	10	30
3	10	30
2	8	22
2	5	21
5	5	23
2	5	22
5	7	25
4	6	23
4	5	21
0	17	85
2	5	23
3	6	22
4	9	31
5	9	24
2	5	20
4	8	24
3	5	26
3	5	25
5	6	25
5	9	26
1	5	21
1	5	20
3	6	21
3	6	22
4	7	23
2	8	23
8	11	30
6	10	26
4	6	21
3	7	22
3	5	21
4	6	20
1	3	22
4	8	26
4	7	25
3	8	21
3	8	24
4	7	22
7	10	27
5	7	25
4	8	22
6	13	30
4	5	23
0	-1	91
2	5	21
5	9	27
2	4	20
2	6	24
4	7	26
2	6	20
2	6	23
6	9	25
5	7	25
5	9	29
6	11	33
5	9	29
5	9	30
6	9	30
3	5	23
4	12	33
8	15	33
2	5	23
9	13	30
9	9	28
2	5	21
2	7	24
6	10	31
5	9	25
5	8	26
4	9	24
5	12	32
9	10	33
1	6	21
4	8	23
4	7	24
6	9	24
4	10	23
5	9	23
5	7	22
2	9	31
3	8	28
4	9	24
1	14	87
0	10	87
1	3	21
1	3	21
2	3	20
9	13	31
4	6	24
4	7	24
5	8	31
3	8	25
4	5	23
3	6	21
0	2	20
3	4	25
2	7	23
3	5	23
3	5	22
2	5	21
6	8	26
6	8	26
5	7	24
3	5	21
3	5	22
6	6	28
3	6	21
4	9	26
6	9	24
3	6	25
2	6	22
9	15	35
6	9	24
6	9	25
8	11	29
10	13	33
2	7	20
6	7	24
3	28	90
6	11	32
3	8	21
2	7	23
8	11	30
4	7	26
3	8	24
4	8	26
2	7	23
3	9	24
0	4	90
5	9	22
5	9	25
0	4	21
4	7	23
7	8	30
1	3	21
2	7	21
5	11	32
5	11	26
5	9	26
5	9	25
3	7	24
2	6	22
3	5	21
3	6	23
0	6	85
0	7	90
3	7	21
7	8	26
9	9	28
8	8	27
6	10	30
8	12	33
2	4	20
2	4	22
2	5	22
5	5	24
3	5	20
1	3	22
1	3	22
1	7	25
8	10	28
7	10	30
6	11	30
5	12	31
4	8	31
1	4	22
7	14	33
4	5	26
11	12	33
4	8	25
2	8	22
6	8	27
3	7	24
7	12	31
7	10	31
0	3	21
3	6	23
9	10	29
5	6	25
0	18	91
0	5	22
2	6	21
2	4	22
2	5	20
4	10	25
0	11	90
0	12	91
2	51	91
6	11	30
3	8	23
9	10	34
0	3	23
7	11	32
0	16	91
1	2	20
0	8	91
3	5	22
3	6	90
4	10	91
7	6	27
8	10	31
3	8	22
4	8	23
3	7	23
2	7	22
4	10	24
4	10	24
4	9	24
3	7	25
4	5	24
12	28	90
0	9	91
0	7	90
6	8	26
8	13	35
3	8	25
3	6	22
7	11	35
8	8	28
6	12	35
6	7	27
2	5	20
8	9	31
5	9	28
3	5	25
1	6	22
3	6	23
2	4	22
2	5	22
8	10	28
3	8	23
3	6	23
7	14	31
5	13	89
1	13	90
6	9	27
10	11	31
3	8	20
6	7	26
4	8	24
1	3	21
0	3	20
0	3	22
2	5	21
3	6	21
6	10	30
6	11	31
6	11	31
4	5	23
3	6	21
3	3	24
5	5	25
4	3	25
0	13	90
0	10	91
2	5	21
2	4	21
3	5	22
5	12	35
0	9	90
0	11	91
4	7	24
2	5	20
2	6	24
4	7	25
3	6	25
3	7	25
5	7	26
5	5	25
5	5	26
5	5	26
4	6	26
3	5	24
1	8	24
28	20	91
6	7	24
4	4	22
4	6	22
9	11	32
0	8	91
0	15	91
3	7	23
2	6	23
5	6	24
4	10	28
0	9	90
4	6	24
2	5	23
4	5	22
4	4	22
2	8	24
7	10	30
0	9	91
5	9	23
2	3	21
2	3	20
8	11	27
4	10	25
4	9	23
3	9	24
1	6	28
5	10	35
5	9	32
4	8	30
3	6	25
3	6	24
4	9	32
2	8	31
3	6	23
1	1	21
1	5	21
10	11	35
8	13	33
5	7	25
2	25	91
1	5	21
3	4	20
3	6	23
0	8	88
0	7	91
4	5	23
4	7	25
5	8	25
3	6	26
3	7	23
6	9	33
4	7	26
3	4	24
8	9	32
1	10	91
1	11	91
2	7	22
0	-1	90
5	7	30
5	8	31
2	5	21
2	7	22
3	7	21
2	4	23
3	6	22
2	6	20
3	6	23
3	9	24
4	6	21
1	2	21
4	7	28
3	7	22
0	9	90
0	8	91
2	4	21
3	6	23
4	7	25
3	7	24
3	7	23
1	5	20
3	9	25
2	8	90
1	17	91
0	16	91
0	17	91
1	17	91
1	12	91
0	8	90
3	5	22
4	9	26
9	9	31
7	11	29
6	6	27
7	10	27
2	7	20
3	6	24
4	8	23
4	6	22
3	6	22
5	9	24
7	17	91
1	8	91
2	4	22
2	4	21
2	7	21
4	8	23
4	41	86
2	8	20
4	10	30
1	12	22
3	7	22
5	6	30
5	15	90
4	10	31
2	3	23
7	11	31
10	9	28
5	9	25
5	6	25
5	9	27
5	8	26
1	4	21
1	4	22
3	5	21
3	9	24
2	7	30
3	12	31
3	9	22
3	9	21
5	7	24
6	8	31
4	5	22
4	6	25
6	9	25
4	8	23
2	5	22
6	10	27
3	7	22
2	7	23
1	6	21
5	7	23
1	5	20
7	9	27
0	8	90
3	11	27
2	6	21
1	6	20
1	5	20
5	6	22
4	7	24
5	8	24
0	2	21
3	7	22
3	5	20
5	6	25
2	5	20
3	5	22
2	5	22
3	5	25
4	6	23
2	4	24
3	7	21
2	7	22
5	6	24
0	3	23
4	8	25
7	8	27
3	5	24
5	10	26
6	9	26
1	1	90
6	10	26
2	6	22
2	6	21
3	8	22
2	7	23
3	7	23
3	8	23
5	10	25
1	8	24
4	7	26
4	6	24
0	5	57
7	9	25
5	8	30
3	6	21
3	9	24
2	6	22
2	7	23
1	5	23
0	8	25
4	7	23
5	10	26
10	9	35
4	8	26
5	9	30
5	7	26
4	10	27
3	6	20
5	10	30
7	9	32
6	10	30
5	9	26
5	11	25
1	9	25
2	6	22
2	6	21
4	7	25
5	7	23
8	8	29
4	8	29
7	13	31
2	6	21
3	7	21
7	7	33
6	8	26
1	6	23
2	5	21
3	7	21
3	7	23
4	5	22
3	7	25
6	11	26
3	7	21
3	7	31
3	4	22
2	5	22
8	13	28
2	6	21
2	6	21
2	4	22
40	41	91
3	5	22
4	12	30
3	4	21
3	7	24
3	7	25
3	8	24
4	8	24
4	7	22
2	7	21
2	7	22
0	8	91
8	11	34
7	11	31
5	7	24
4	8	26
5	12	33
3	6	22
3	5	21
5	5	23
2	5	22
3	7	23
1	9	28
4	7	24
1	8	25
8	13	31
6	11	29
4	5	25
2	4	22
5	9	24
3	7	22
5	7	23
3	6	21
4	7	22
3	7	21
4	5	21
4	7	28
0	16	91
5	9	24
1	4	23
8	14	34
0	5	48
2	24	91
2	23	91
8	10	32
7	8	26
9	10	29
8	9	29
6	9	25
6	10	26
2	8	22
7	14	36
6	11	30
5	11	28
6	10	28
5	11	31
5	9	24
0	3	21
2	5	30
1	4	25
1	3	22
2	4	23
5	15	31
7	8	26
7	9	28
3	7	23
6	7	23
9	12	30
3	7	23
4	11	26
4	11	25
5	10	23
6	13	31
7	12	31
6	13	31
6	9	31
5	10	30
2	10	23
2	8	23
2	7	23
3	5	23
4	5	23
1	5	22
2	4	21
3	8	22
3	9	23
3	10	23
5	17	34
3	8	21
3	7	22
2	10	23
1	5	22
5	8	23
3	7	24
2	9	23
4	7	26
2	3	22
3	9	21
5	8	25
7	11	31
3	5	21
4	8	23
6	8	30
5	5	24
5	9	23
3	6	22
1	13	88
5	9	27
9	12	30
1	3	22
2	3	21
4	11	27
1	3	21
10	11	37
3	5	21
2	7	24
5	7	23
2	6	22
4	7	25
4	7	31
6	8	23
4	11	35
1	6	22
3	10	26
3	7	22
12	11	38
13	10	41
10	8	32
3	5	22
4	8	24
6	9	31
3	11	30
4	7	26
3	6	23
3	5	23
4	8	25
4	8	23
4	10	27
5	7	23
5	7	24
3	8	23
1	3	20
6	12	31
8	12	30
0	2	21
0	2	23
0	2	22
1	2	21
0	2	22
0	2	23
1	1	25
5	8	25
5	6	23
4	8	21
3	6	22
2	3	21
3	8	23
2	5	21
5	10	30
2	6	22
2	5	21
2	8	23
3	6	24
3	9	24
2	7	23
3	7	24
5	12	33
6	12	30
4	12	26
0	11	85
0	11	85
3	7	27
6	10	25
5	9	24
3	5	23
6	12	32
6	10	26
2	4	20
2	5	24
0	3	21
4	7	23
7	14	31
11	13	36
9	12	32
5	32	91
8	12	38
4	7	24
5	8	23
6	10	30
3	10	30
5	10	30
4	6	26
3	5	24
2	5	22
7	10	32
10	11	35
10	11	35
10	13	34
8	10	32
9	16	34
1	7	20
7	11	28
9	10	29
4	6	24
4	8	23
3	5	21
3	7	21
8	10	33
5	9	27
1	7	20
2	7	23
3	4	21
3	9	23
2	4	21
10	13	34
9	11	31
2	8	21
3	5	22
8	10	28
6	14	30
6	8	25
4	6	23
2	5	20
8	13	27
2	7	22
4	11	27
3	6	24
2	6	23
3	6	23
5	9	24
1	5	22
4	8	24
2	5	23
2	6	22
5	6	25
5	8	26
5	11	30
6	7	23
2	5	21
3	6	24
4	6	23
6	9	30
8	8	29
0	10	90
0	9	21
9	9	29
2	6	25
3	6	24
3	6	25
6	8	26
4	6	25
4	8	24
6	12	31
7	9	31
3	5	21
1	8	21
6	10	25
3	6	23
5	7	24
4	6	25
2	3	21
6	11	27
8	12	30
2	9	23
4	9	22
3	7	25
5	11	31
4	7	31
2	6	22
2	8	22
2	6	20
2	5	23
4	10	28
9	10	31
3	6	21
2	6	21
2	7	22
4	7	23
4	8	25
3	8	24
5	11	25
3	7	23
3	7	22
6	8	23
5	10	27
1	8	24
8	9	31
7	11	28
5	7	24
6	9	24
6	7	29
5	9	22
5	10	26
4	7	21
2	6	21
3	9	24
4	10	24
2	6	21
9	11	31
6	7	24
4	4	22
8	9	27
7	8	28
4	10	30
4	7	23
5	8	24
5	10	30
3	8	23
9	11	33
6	10	24
7	10	32
0	7	91
4	7	25
3	8	24
3	7	21
3	8	22
5	8	24
3	5	21
2	5	22
6	9	29
4	8	25
4	9	26
6	11	26
3	7	24
7	10	31
5	11	31
1	6	20
6	8	27
5	7	24
9	13	37
3	4	22
1	3	24
8	10	33
4	7	24
5	11	25
1	2	22
1	3	21
4	6	22
6	7	30
0	3	23
0	3	22
3	6	24
9	12	32
5	6	23
6	7	24
3	8	24
4	8	22
3	9	22
7	8	28
6	8	26
0	5	20
5	10	24
6	10	27
9	12	29
0	3	22
3	8	24
5	8	31
3	6	21
0	4	26
1	6	23
0	6	21
0	11	91
5	8	28
3	7	22
0	-1	90
4	7	23
6	9	27
5	8	27
6	6	27
1	7	21
2	9	22
7	12	28
5	7	25
4	9	24
3	4	23
5	9	25
7	11	32
8	10	32
7	9	26
5	8	23
5	6	24
7	11	33
5	8	30
1	8	22
4	8	23
4	6	27
7	9	34
7	8	24
5	7	26
4	9	21
0	8	91
0	8	90
2	7	21
8	10	30
0	8	90
3	7	23
9	16	34
2	3	21
3	7	23
9	10	30
5	9	26
5	7	25
3	7	24
6	11	32
4	9	30
4	7	24
4	9	25
4	8	24
6	10	30
3	5	22
2	5	21
4	5	26
3	5	25
3	5	23
2	7	21
4	6	22
4	4	26
4	9	25
7	8	30
3	7	23
8	10	30
3	6	21
4	8	25
2	3	21
5	6	24
3	5	21
5	8	28
1	1	20
4	6	22
9	9	29
8	11	29
0	5	21
2	2	20
6	10	28
5	8	30
10	10	34
8	11	30
8	11	32
2	6	20
2	7	22
2	9	23
6	12	35
5	8	23
6	10	25
7	11	27
2	2	21
2	3	20
3	7	22
2	9	22
1	5	21
1	10	90
5	8	27
2	4	21
0	5	20
2	8	22
5	6	25
2	5	21
3	7	21
1	4	20
1	3	21
1	4	22
3	8	23
0	5	91
5	11	31
1	5	21
7	10	27
4	7	30
2	4	22
3	9	31
1	6	22
0	6	23
3	9	31
2	6	25
2	7	24
3	7	25
3	8	22
3	5	23
3	4	22
1	3	22
1	6	22
7	11	32
2	6	21
3	6	22
4	6	26
4	6	30
6	8	23
6	13	30
6	9	26
2	6	22
1	6	20
1	6	21
1	3	23
5	10	24
7	9	28
5	8	28
6	8	24
2	1	21
1	3	21
1	3	20
2	6	21
4	4	21
5	10	24
4	7	25
4	9	27
6	7	30
6	7	30
5	5	26
3	10	23
1	7	22
6	11	27
6	8	27
2	7	21
4	3	26
4	11	26
7	11	27
3	5	22
3	5	23
4	8	24
7	11	26
3	4	24
5	11	30
8	11	30
9	9	30
3	6	23
1	2	21
4	7	23
4	7	23
3	5	24
5	6	23
7	12	29
4	9	26
7	8	27
8	9	31
3	5	24
3	4	24
1	5	21
7	14	29
9	8	28
2	7	23
4	8	25
6	10	27
5	11	30
3	6	21
3	33	87
2	8	20
3	8	23
3	7	22
4	9	25
1	5	22
5	10	26
7	12	26
4	10	28
6	7	24
4	6	24
1	2	23
6	13	32
3	7	23
6	8	30
2	5	20
1	4	21
1	5	22
0	5	22
2	8	21
4	8	24
4	8	25
4	7	23
3	7	24
4	7	25
4	9	26
4	8	23
5	8	23
3	7	21
0	10	91
1	7	89
7	13	31
5	8	30
2	8	23
1	4	22
7	9	30
6	7	32
5	6	27
3	6	24
5	11	34
1	5	21
4	10	23
5	9	24
3	4	23
0	8	91
2	6	21
4	10	25
1	5	20
1	4	21
1	5	21
2	67	91
3	10	24
3	5	21
5	8	31
4	9	30
6	12	33
3	6	23
10	12	31
2	4	21
2	5	23
8	12	27
5	8	24
3	7	22
1	6	22
3	6	21
6	8	30
4	8	24
5	7	32
6	14	41
7	9	30
7	12	25
5	10	25
10	14	31
9	12	30
5	8	24
5	9	24
4	10	30
5	7	24
1	4	21
0	7	90
0	12	91
10	10	26
4	8	30
5	8	30
0	-1	91
2	5	22
6	7	23
6	7	26
1	1	21
2	5	21
2	5	23
10	12	37
8	11	29
3	6	23
2	6	22
4	7	21
6	12	27
5	7	30
5	6	31
6	9	30
7	12	27
0	5	90
2	5	27
2	7	22
4	5	23
0	14	91
0	5	90
7	11	30
1	6	26
3	5	24
4	5	23
3	12	26
3	7	20
9	13	37
5	8	24
0	8	91
3	6	24
7	7	25
7	9	30
2	4	21
11	10	34
6	6	31
1	3	20
1	6	21
3	4	23
3	5	23
3	4	24
5	6	29
4	6	26
2	5	24
6	11	26
5	7	25
0	7	91
2	7	22
2	6	24
2	4	20
4	6	24
7	11	31
7	8	31
7	9	33
9	9	32
6	10	35
5	6	25
3	11	26
3	7	28
3	8	25
3	7	24
4	8	25
1	7	90
2	7	91
4	9	26
3	5	25
6	8	27
2	5	22
2	7	24
3	9	25
4	8	24
6	9	27
4	7	23
5	11	30
7	9	29
1	6	20
5	9	26
9	12	31
8	14	34
7	12	31
6	12	30
0	6	90
2	7	91
5	6	23
3	7	23
5	10	30
5	9	23
4	8	24
3	6	22
3	4	23
4	8	23
3	4	22
2	8	22
2	8	23
0	5	39
6	7	24
3	5	23
3	6	24
5	10	28
6	8	22
4	6	25
0	4	20
2	8	22
2	7	21
3	5	23
3	6	23
8	12	31
7	9	27
6	9	26
3	5	23
5	8	23
2	8	22
1	7	22
9	10	28
8	10	28
1	4	22
1	6	20
6	13	31
2	4	23
4	10	25
4	7	23
13	14	45
9	8	31
9	9	30
12	11	38
8	10	27
5	5	23
10	9	36
0	12	91
0	13	90
4	10	23
6	11	31
7	10	32
2	5	20
3	8	21
4	8	24
4	10	30
11	11	34
5	7	24
5	7	23
5	7	23
4	8	24
4	8	24
2	4	21
3	9	90
2	6	22
8	9	34
4	9	32
5	8	31
3	7	23
4	7	23
8	12	30
7	12	29
5	8	30
9	10	31
3	4	21
2	2	20
3	8	22
6	13	32
2	6	23
3	3	22
1	5	21
3	6	22
0	3	20
3	8	23
0	11	90
3	5	22
2	4	23
0	9	91
4	8	23
5	11	32
4	7	24
4	6	24
5	8	25
5	12	34
2	5	21
2	6	21
2	3	20
3	6	23
5	9	27
5	8	30
5	8	29
3	5	23
3	6	21
3	6	21
5	6	23
0	5	20
5	8	24
4	5	22
3	5	23
0	13	90
1	13	90
3	6	23
4	8	22
6	6	24
1	4	21
1	5	21
5	9	31
4	6	22
3	5	24
0	5	23
7	8	27
6	8	27
5	7	26
4	8	23
4	6	23
2	6	21
3	9	25
3	8	22
3	8	22
3	27	90
6	11	32
4	8	25
5	9	25
4	8	26
4	9	27
4	9	24
4	8	24
2	7	24
3	7	24
0	3	20
0	4	20
5	9	24
3	8	24
4	6	24
8	11	30
4	9	24
3	4	22
5	9	24
1	2	22
1	2	21
1	5	22
2	5	22
2	4	21
2	5	22
2	7	24
3	6	22
3	5	24
6	9	24
4	14	30
4	7	24
2	7	21
6	10	25
3	8	24
3	6	21
3	6	23
4	9	30
3	4	24
0	5	21
0	5	22
4	8	30
4	7	25
2	6	23
3	7	23
5	10	30
0	-1	91
0	-1	91
1	23	91
1	-1	91
1	9	90
1	8	91
2	7	21
4	8	24
7	9	32
3	7	22
3	8	22
4	8	24
2	6	21
2	5	21
10	12	33
0	9	89
0	8	90
6	33	91
24	24	75
2	4	26
3	5	23
3	5	21
3	6	22
5	8	23
0	7	91
0	11	91
5	6	22
5	9	30
14	17	44
10	15	40
14	18	44
11	15	37
12	17	41
12	15	39
11	14	35
10	13	36
0	11	90
1	7	22
7	10	27
1	1	23
7	8	23
3	7	25
2	9	22
5	8	25
4	7	25
4	7	24
1	6	22
3	7	24
7	10	30
5	12	26
4	9	25
3	8	26
5	13	32
4	8	23
1	5	21
4	7	23
1	5	21
2	5	20
3	9	22
4	8	22
4	8	28
1	5	20
2	7	91
5	11	30
0	7	90
0	11	91
8	11	29
7	14	32
6	13	32
4	7	24
5	10	91
2	6	20
2	17	90
3	5	23
1	4	20
3	4	22
8	12	28
8	11	27
4	7	23
2	5	23
2	4	20
4	7	25
2	6	23
3	7	25
2	5	22
0	4	89
5	8	23
1	5	20
4	8	26
6	8	24
6	7	25
4	7	22
4	10	24
3	7	22
2	11	25
3	11	23
3	8	23
4	6	24
5	10	24
4	5	25
1	7	23
0	8	22
1	3	21
4	8	30
8	10	26
4	6	23
5	8	26
6	11	27
2	7	22
3	7	21
6	10	30
4	9	27
3	10	24
0	5	22
1	3	21
8	7	29
0	8	90
0	7	90
0	5	91
0	6	91
0	5	71
0	10	91
0	10	90
0	9	91
0	9	91
0	7	90
0	6	90
0	7	90
0	9	90
1	8	65
0	7	91
0	7	91
0	5	91
0	2	91
0	8	91
0	4	91
0	4	91
0	4	91
0	6	91
0	4	87
1	13	89
0	2	90
0	3	91
0	9	90
0	4	90
0	5	90
0	7	91
0	7	90
0	10	91
0	7	91
0	9	91
0	12	90
0	13	89
0	9	91
0	13	91
0	6	90
0	6	91
0	6	90
3	7	90
0	9	91
0	7	91
0	6	90
1	8	91
0	10	91
0	12	91
0	8	91
2	-1	90
0	15	91
0	7	91
0	6	91
0	6	89
0	3	90
0	5	91
0	5	91
0	5	90
0	5	90
1	7	72
0	6	72
0	8	87
0	8	91
0	7	91
0	6	90
0	7	91
0	6	91
0	8	90
0	9	91
0	10	91
0	9	91
0	9	91
0	11	90
0	10	91
0	10	91
0	10	90
0	8	90
0	9	90
0	11	90
0	11	91
0	13	90
0	9	90
0	5	90
0	10	90
0	12	90
0	11	90
0	9	90
0	10	90
0	9	90
0	9	91
0	13	90
0	11	90
0	16	91
1	11	91
0	10	90
3	12	90
3	11	90
0	6	90
1	10	91
0	13	91
0	8	91
0	13	91
0	4	90
0	12	89
0	4	91
0	4	91
0	5	91
0	14	91
0	3	91
0	5	90
0	14	91
0	8	91
0	6	90
0	6	90
0	4	91
0	4	66
0	4	88
0	4	89
0	5	90
0	3	66
0	6	74
0	10	91
0	10	91
0	11	91
0	11	91
0	11	90
0	12	90
0	4	91
1	4	91
0	4	91
0	3	91
1	20	91
0	4	90
0	6	91
0	7	91
0	8	90
0	9	91
0	9	91
0	11	90
0	9	91
2	9	91
0	7	90
0	4	91
0	6	91
0	2	49
0	5	91
0	5	91
1	5	39
0	5	90
0	5	91
0	2	88
0	4	91
0	5	90
0	5	91
0	4	88
0	5	91
0	4	90
0	4	91
0	5	91
0	6	91
0	-1	90
0	4	90
0	4	90
0	4	91
0	4	90
0	3	91
0	4	91
0	4	91
0	4	91
0	4	91
0	4	91
0	4	91
0	2	90
0	2	91
0	1	91
0	5	91
0	4	91
0	3	91
0	3	91
0	3	90
0	3	91
1	4	91
0	0	91
0	0	91
0	0	91
0	0	90
0	1	90
0	1	91
1	3	90
0	4	90
0	4	91
0	5	90
0	5	91
0	5	90
0	4	90
0	0	91
0	0	91
0	0	91
0	0	90
0	20	91
0	3	90
0	4	91
0	0	35
0	5	91
0	6	90
0	6	77
0	9	91
1	7	65
0	7	89
0	7	90
0	10	91
0	4	91
0	14	90
0	14	89
0	13	88
0	15	91
0	16	91
0	14	90
0	10	90
0	9	90
0	9	90
1	7	91
0	7	91
0	6	90
0	13	90
0	3	91
0	16	91
0	16	90
0	3	91
0	13	91
0	17	91
0	-1	87
0	8	91
0	8	91
0	12	91
0	12	90
1	11	79
0	12	90
0	11	90
0	8	90
0	9	91
0	13	91
0	8	89
1	13	74
0	4	91
0	4	91
0	4	91
0	4	91
1	3	82
0	3	91
0	2	91
0	6	90
0	7	90
1	7	91
0	4	90
0	4	90
0	12	91
1	3	90
0	5	80
0	7	91
0	4	90
0	2	90
0	1	91
0	1	90
0	4	90
0	4	90
0	6	89
0	6	90
0	6	91
1	6	91
0	7	91
0	5	91
0	2	91
0	2	90
0	4	91
0	-1	90
0	8	91
0	10	91
0	10	90
1	7	71
1	8	71
0	10	91
0	7	90
0	5	91
0	7	91
0	8	89
0	8	90
0	8	90
0	8	91
0	16	90
0	2	90
0	3	91
0	14	90
0	2	91
0	4	91
0	5	91
0	8	91
0	8	91
0	8	91
0	7	91
0	14	90
0	4	91
0	3	90
0	3	90
0	3	91
0	3	91
0	3	90
0	3	91
0	3	91
0	5	91
0	5	91
1	6	91
0	4	73
0	14	91
0	5	91
0	5	91
0	1	90
0	1	91
0	1	91
0	2	82
0	4	82
0	-1	91
0	6	91
0	5	90
0	5	91
0	5	90
0	5	91
0	5	90
0	7	90
0	7	89
0	7	90
0	6	91
0	5	91
0	5	91
0	15	90
0	4	91
0	6	90
0	4	91
0	4	90
0	4	90
0	4	91
0	4	91
0	5	90
0	5	90
0	6	91
0	6	90
0	7	91
0	4	91
0	5	91
0	4	89
0	4	91
0	4	90
0	3	91
0	1	90
0	1	91
0	1	75
0	3	91
0	4	90
0	4	90
0	4	90
0	4	91
0	4	91
0	1	90
0	1	90
0	1	91
0	1	91
0	3	90
0	3	90
0	4	90
0	4	87
0	5	91
0	6	90
0	3	88
0	1	90
1	0	90
0	1	90
0	1	90
0	2	91
0	1	90
0	1	90
0	1	91
0	1	91
0	1	90
0	2	90
0	5	91
0	5	91
0	5	91
0	7	91
0	7	90
0	7	91
0	7	90
0	7	91
0	5	91
0	5	91
0	4	89
0	3	91
0	2	90
0	1	47
0	1	90
0	1	90
0	3	91
0	3	91
0	3	91
0	3	90
0	4	90
0	4	91
0	4	90
0	2	33
0	4	90
0	4	91
1	5	91
0	6	91
0	6	91
0	7	90
0	5	91
0	7	91
0	6	91
0	7	91
1	17	91
0	8	69
0	8	69
0	9	91
0	6	90
0	8	91
0	8	90
0	12	91
0	12	90
0	8	91
0	13	90
0	9	91
0	9	91
0	8	91
0	5	90
0	7	91
0	4	90
1	6	90
0	6	91
0	6	91
0	6	90
0	7	90
0	6	90
0	6	90
0	5	91
0	4	91
0	3	91
0	3	91
0	4	90
0	5	91
0	5	90
0	2	91
0	5	91
0	5	91
0	5	91
0	3	90
0	4	90
0	3	77
0	4	91
0	1	91
0	1	61
0	4	90
0	9	90
0	6	90
0	1	34
0	3	91
0	4	91
0	6	90
0	7	91
0	9	90
0	11	91
0	-1	87
0	7	91
0	7	90
0	7	91
0	7	91
0	7	91
0	7	89
0	5	91
0	6	91
0	6	91
1	3	86
0	10	91
0	7	87
0	6	89
0	8	91
0	7	91
0	8	90
0	6	91
0	5	91
0	2	91
0	2	90
0	13	91
0	9	91
0	9	90
0	10	88
2	4	21
4	9	23
4	13	27
5	10	30
4	11	27
4	11	28
3	9	24
2	4	23
2	3	21
8	9	27
5	7	23
6	8	26
1	7	22
3	5	21
5	5	24
10	11	32
2	6	20
3	7	23
6	8	25
4	11	30
4	9	26
4	12	26
4	11	26
5	9	25
3	10	24
5	10	26
5	8	25
4	9	23
3	8	23
2	8	22
5	10	26
3	4	23
3	6	23
1	6	22
7	10	26
3	10	23
2	4	23
2	4	22
7	10	31
1	5	24
1	12	75
1	13	75
3	6	21
0	1	22
5	5	25
3	8	26
3	10	27
1	5	21
7	8	30
4	8	24
2	9	91
7	8	26
7	9	24
7	5	26
2	5	21
8	11	30
5	6	25
7	8	30
6	7	30
9	9	32
7	10	31
3	5	24
5	9	31
6	10	32
4	6	24
7	10	32
7	9	32
8	10	31
7	10	30
5	7	25
6	7	26
3	5	22
3	7	25
4	6	22
4	5	23
2	5	25
1	3	22
3	4	23
2	4	22
3	10	24
3	4	23
2	5	21
2	3	21
8	9	30
5	7	23
5	7	24
3	8	22
4	9	22
4	6	24
5	9	27
4	9	24
4	8	26
3	7	23
3	7	21
4	7	22
7	7	27
5	7	28
3	7	21
5	8	24
10	11	33
4	5	25
3	6	22
5	8	24
2	8	23
7	12	33
5	10	26
2	6	23
1	4	22
4	8	23
11	15	33
10	13	33
9	10	37
9	10	38
2	5	22
2	4	21
2	5	22
2	5	23
1	6	22
5	8	27
3	6	24
2	5	21
3	7	24
8	10	30
4	8	26
6	11	27
4	9	22
3	7	22
5	10	30
1	3	21
5	8	30
2	4	22
4	6	25
4	7	24
6	10	30
2	4	21
5	11	31
0	0	24
5	6	25
5	8	25
7	8	25
4	6	21
0	4	20
1	13	89
6	7	24
2	5	21
3	5	20
3	7	22
0	2	20
1	3	20
0	4	22
0	5	20
6	6	30
2	5	21
3	5	22
1	4	23
0	2	22
5	5	25
5	5	25
7	10	28
6	8	24
3	4	22
6	8	24
4	8	23
2	5	21
2	4	20
5	7	25
3	7	23
3	8	24
7	8	27
8	9	28
5	9	25
2	6	23
2	6	20
4	10	25
3	7	26
3	6	21
2	5	21
4	6	22
2	3	21
4	7	23
4	8	22
4	10	25
1	6	21
2	6	20
4	9	24
6	9	24
8	10	29
3	8	24
4	7	25
4	7	22
3	6	24
7	12	30
4	7	30
2	6	21
3	7	21
2	6	25
1	4	21
2	4	22
7	16	35
2	6	21
9	11	32
6	8	25
3	6	21
4	6	20
3	8	23
4	7	22
3	8	21
3	8	21
4	3	24
5	8	23
4	7	24
4	7	24
4	6	24
7	9	31
2	5	20
1	4	21
7	13	31
5	10	27
8	12	33
3	8	24
6	9	32
3	9	22
6	11	33
3	9	24
7	10	30
9	12	32
5	7	22
0	6	91
0	11	91
2	6	21
11	11	32
4	5	21
4	7	24
3	6	23
4	5	23
5	7	25
5	7	23
3	6	23
3	6	22
9	9	33
10	9	30
7	9	24
5	7	24
3	4	24
5	9	26
3	8	21
2	5	23
4	9	24
6	9	25
7	9	25
0	11	89
0	9	91
4	8	23
7	10	30
2	9	24
2	7	22
2	8	21
3	10	25
6	13	31
4	7	22
5	9	26
3	8	25
1	7	22
3	7	23
6	12	30
3	7	22
3	7	23
4	9	23
3	9	23
1	4	22
6	8	27
3	5	23
19	43	91
10	11	31
2	7	21
6	11	27
0	13	91
0	14	91
6	6	23
3	5	21
2	6	21
3	6	22
3	5	23
3	6	21
6	8	30
4	8	23
3	9	31
4	7	24
6	7	35
2	7	22
2	7	21
2	7	20
7	9	30
3	9	25
2	4	20
5	7	26
5	6	24
4	6	23
2	6	22
4	11	24
5	9	25
3	6	23
3	6	25
4	9	29
6	10	30
3	7	23
4	7	22
1	8	60
4	6	23
0	4	91
5	7	23
3	6	25
3	5	23
1	10	91
1	10	90
6	12	32
3	13	31
5	8	26
5	11	27
5	9	31
4	7	25
4	7	23
7	12	30
2	9	22
3	8	27
3	6	25
4	7	23
6	11	27
5	11	27
3	7	21
3	6	20
7	7	24
4	8	24
3	5	22
3	5	22
4	6	22
4	5	24
5	7	24
3	8	23
1	6	20
1	4	22
3	8	23
4	8	24
9	15	34
3	7	21
3	5	24
3	4	22
4	6	22
1	5	20
4	7	23
5	7	25
3	6	22
3	7	21
0	12	91
8	9	29
6	14	37
5	9	25
5	9	22
6	7	26
6	7	27
6	10	24
3	6	23
3	6	24
1	5	20
1	6	20
4	9	26
9	10	33
9	10	30
2	5	22
5	6	21
2	5	21
0	1	73
1	4	73
6	10	25
7	10	25
5	12	30
5	11	27
8	9	32
7	6	28
6	12	30
5	9	26
6	9	24
5	8	24
5	7	23
3	7	24
5	7	24
4	8	23
10	8	33
2	6	22
9	10	32
9	12	33
4	8	21
6	13	33
5	7	23
4	7	21
5	7	22
3	6	23
1	7	23
7	10	32
6	8	28
6	8	26
5	9	24
3	6	22
2	3	23
3	10	25
2	6	22
5	11	27
8	12	30
6	13	31
6	9	26
1	3	21
3	6	21
7	9	26
2	8	21
6	6	25
4	9	25
4	5	22
8	10	30
1	8	20
6	12	30
1	6	20
8	14	33
4	7	24
7	8	29
5	8	24
5	9	26
7	10	25
7	10	25
2	4	22
4	7	25
4	6	22
5	13	34
1	2	20
5	11	31
3	8	24
5	8	24
6	11	33
6	8	29
3	5	21
7	10	29
6	9	27
3	6	21
4	7	22
4	7	26
3	6	23
9	11	31
0	3	21
2	6	23
3	8	23
2	10	23
2	9	25
5	7	25
3	4	21
1	2	20
5	9	25
5	5	24
2	7	23
4	7	25
4	7	23
7	11	26
7	11	29
3	8	23
4	7	24
8	10	30
3	6	23
3	8	21
9	8	31
2	5	24
4	9	23
5	8	24
8	11	30
2	6	23
2	5	22
3	7	25
2	7	22
6	8	25
7	12	32
4	9	25
4	9	23
3	7	23
4	8	22
1	10	91
6	9	25
2	5	22
2	5	21
4	8	27
3	7	22
3	6	23
3	6	22
3	6	21
5	8	24
3	8	23
7	9	35
5	12	30
3	6	20
0	11	90
0	8	73
5	8	30
3	6	23
5	9	29
6	8	29
6	12	34
6	10	31
2	9	23
4	6	24
4	8	24
5	7	24
8	11	33
4	7	22
2	4	22
1	5	20
1	4	22
6	10	25
3	5	22
3	6	20
5	9	26
7	12	30
5	7	26
7	11	31
6	9	31
3	5	21
2	7	23
2	6	21
2	7	22
3	6	23
2	7	23
3	5	21
2	6	22
7	10	27
5	13	38
6	10	26
2	4	22
5	13	31
6	10	25
9	12	36
9	10	30
0	4	43
3	5	21
2	6	25
4	8	23
3	8	28
2	5	21
2	7	22
5	7	24
3	7	22
0	5	23
0	3	22
1	3	20
1	4	21
1	6	20
6	6	25
3	6	23
6	8	25
3	8	25
4	7	25
2	6	24
5	9	25
4	9	22
5	9	24
3	8	23
2	7	22
3	7	21
5	9	23
5	9	24
2	5	22
4	6	25
4	7	23
2	5	21
3	6	21
6	10	30
5	9	23
4	9	23
8	10	29
5	10	26
0	9	91
9	14	36
5	8	25
3	10	23
3	12	28
7	11	30
2	7	24
3	7	23
3	8	25
3	8	25
3	8	23
8	14	32
3	5	23
5	8	24
4	9	23
3	7	21
3	6	23
2	8	21
2	9	21
3	8	22
3	5	23
3	9	23
5	6	30
3	7	27
6	15	33
2	6	22
1	6	22
6	8	24
3	4	21
7	10	30
3	7	21
5	8	25
7	9	32
4	10	23
3	10	23
5	9	25
4	8	23
3	10	25
3	6	21
3	6	25
3	9	27
3	9	25
3	8	26
2	4	21
2	8	23
3	7	24
2	7	22
5	10	30
4	6	24
4	7	24
2	6	21
2	5	20
1	6	24
1	6	23
0	5	22
0	3	21
4	8	22
7	9	30
6	8	26
4	7	25
5	7	22
5	7	24
5	7	26
5	10	31
7	11	32
7	9	30
4	10	26
5	10	28
4	7	24
8	12	33
5	7	27
5	11	26
6	15	30
5	12	28
5	10	25
4	11	26
6	8	28
3	6	21
6	8	26
6	7	30
3	6	20
4	9	25
6	8	23
9	10	27
2	8	23
1	7	22
2	7	21
1	7	91
5	6	23
0	8	90
7	7	26
2	2	21
5	11	27
6	9	30
4	5	23
0	8	91
0	12	91
4	9	27
3	8	24
4	6	21
4	6	24
2	6	22
5	9	24
5	6	23
4	8	24
1	3	20
5	7	24
4	8	24
6	6	27
2	4	21
2	6	23
1	15	91
8	11	30
0	11	91
5	9	26
3	6	21
5	9	30
3	7	24
6	7	29
8	11	36
3	9	22
2	7	21
6	8	27
5	11	31
5	9	24
5	9	24
1	6	22
4	10	30
4	5	22
3	7	21
3	7	21
3	8	22
3	4	21
0	10	90
0	13	91
8	12	31
3	6	23
5	9	30
4	7	25
2	7	23
4	6	25
3	5	24
3	5	23
3	6	27
4	9	26
4	9	26
4	10	26
2	9	25
3	5	20
7	8	31
2	4	21
2	5	21
9	11	33
6	9	23
7	10	30
3	6	20
6	12	31
5	8	24
7	11	32
7	10	33
3	8	22
5	8	23
6	8	26
5	9	26
4	16	35
9	9	29
2	9	24
1	8	20
6	19	38
2	5	21
2	4	20
4	8	26
5	10	28
5	8	24
4	11	26
2	7	24
1	3	20
8	8	30
1	4	21
8	10	29
8	12	32
7	8	25
2	6	22
3	8	23
8	12	35
6	9	27
6	8	26
6	9	26
4	8	21
7	11	34
7	9	31
6	9	33
5	9	28
6	8	28
8	10	34
7	9	37
7	9	34
8	10	32
4	11	25
7	8	25
5	11	27
5	8	27
5	10	23
2	7	23
5	5	25
8	11	30
5	8	24
5	8	25
5	9	24
6	9	30
7	9	29
8	10	31
6	7	25
4	6	21
7	11	31
9	7	31
5	12	30
4	10	23
3	5	22
8	11	33
9	10	30
7	10	27
4	7	25
4	9	23
4	8	22
3	9	23
3	9	26
5	8	24
7	12	31
9	12	30
8	10	30
7	10	26
3	8	21
7	8	25
7	10	26
5	11	30
9	18	35
12	13	38
3	9	22
2	7	23
4	7	24
3	6	23
2	6	23
4	5	22
6	8	25
10	9	29
7	6	24
6	11	31
6	10	30
4	9	26
1	5	21
8	11	30
4	9	31
2	5	22
7	8	27
8	12	32
8	11	30
8	12	30
7	9	27
3	5	21
5	8	29
2	7	21
3	6	24
2	5	22
3	5	21
2	6	20
7	12	27
5	8	24
4	6	25
3	6	23
3	5	23
6	8	25
2	7	23
3	6	21
3	6	22
6	6	22
3	7	22
7	9	25
3	8	23
4	10	26
8	11	30
5	8	28
4	8	22
2	6	21
8	8	33
2	4	20
6	13	30
5	10	27
6	9	27
5	9	24
2	7	20
11	12	33
2	7	21
2	8	22
3	8	21
5	10	26
7	10	30
4	6	22
4	11	22
7	9	31
3	5	21
2	4	24
5	12	32
6	8	23
8	10	29
8	10	28
3	7	23
4	7	24
6	12	29
3	8	22
7	9	32
8	8	31
5	8	24
5	7	25
6	9	25
3	5	23
2	4	20
2	3	20
8	10	27
1	4	23
1	3	21
2	4	23
2	4	21
9	9	34
4	8	22
2	7	22
9	14	32
5	7	26
3	6	23
4	8	22
6	11	31
3	9	26
4	6	23
3	8	27
3	8	25
5	8	24
6	9	30
5	8	27
7	11	26
5	8	25
4	10	24
5	10	24
6	10	25
9	12	34
6	11	31
8	11	31
10	12	30
11	13	30
9	10	28
9	12	30
9	13	31
8	13	30
9	13	28
4	5	22
5	12	28
4	8	25
2	6	22
6	9	26
4	4	22
6	10	27
1	5	20
6	10	26
1	4	22
1	4	22
1	4	21
6	7	25
1	10	91
1	8	91
8	13	31
4	10	24
4	10	23
3	9	23
4	7	26
2	6	22
2	5	22
2	7	22
3	8	22
6	10	26
6	8	26
2	5	20
6	10	30
6	14	32
2	7	22
3	7	24
4	11	28
6	9	25
2	7	23
2	7	23
4	7	26
4	9	25
3	8	22
5	6	25
4	5	24
3	5	22
2	6	22
2	6	22
0	2	23
7	9	27
6	8	25
4	8	24
4	11	30
8	14	28
2	5	20
3	5	25
3	5	22
4	6	25
4	9	24
4	8	23
3	7	23
4	8	22
0	17	88
0	14	91
3	9	25
7	9	32
4	7	23
9	12	35
4	7	26
9	10	32
9	9	33
8	9	29
5	9	30
2	4	22
0	8	90
2	12	90
0	13	90
2	8	22
4	9	26
2	2	22
3	5	23
0	9	91
0	14	91
4	9	25
3	9	24
4	8	22
2	7	22
3	6	23
3	6	23
0	-1	89
0	11	90
3	7	20
2	5	21
1	6	22
8	6	32
7	8	33
7	8	29
6	5	28
6	7	28
7	7	28
6	7	27
5	5	23
6	7	27
3	5	23
3	12	26
4	12	25
4	8	25
4	7	24
3	6	25
7	6	31
0	4	91
0	7	91
1	4	22
6	8	24
5	8	23
4	9	23
3	7	21
5	7	24
5	12	32
5	11	31
5	11	30
5	11	32
6	13	34
7	11	27
7	10	26
3	5	23
2	11	23
6	8	25
2	7	23
8	10	34
6	7	27
4	6	23
5	6	22
4	8	23
3	7	21
3	7	24
5	9	25
4	6	23
4	7	24
5	8	28
4	9	28
4	7	26
4	8	23
6	6	26
0	3	24
6	10	30
6	9	30
4	8	21
4	8	22
4	6	24
3	7	24
1	3	21
2	5	22
3	10	25
2	5	21
6	9	25
7	9	28
3	6	24
2	5	21
7	10	31
3	10	31
1	4	22
3	8	25
4	9	24
0	4	91
3	7	23
5	7	25
14	15	40
12	16	41
12	15	38
9	14	34
11	16	39
11	14	38
9	15	39
9	15	37
3	10	23
3	7	21
4	8	23
3	7	23
3	6	21
5	8	25
6	10	26
1	5	20
3	8	22
2	6	23
6	9	29
7	14	33
6	15	32
4	9	27
4	9	23
6	7	24
5	9	23
2	5	22
3	8	23
3	8	23
5	8	23
4	8	23
6	8	24
3	9	23
3	6	21
6	11	31
10	13	32
2	6	26
3	7	24
4	6	22
8	11	29
7	10	25
3	7	23
2	5	22
9	9	34
5	12	33
8	11	29
8	13	30
4	7	20
4	8	22
5	10	25
2	7	21
9	10	33
9	10	32
8	10	31
3	5	23
4	5	24
4	7	23
5	6	26
3	6	23
5	11	30
4	8	23
0	6	91
9	13	39
8	13	37
9	12	38
9	11	36
4	9	31
6	9	29
4	10	30
3	6	24
6	8	24
6	9	23
3	6	23
4	8	31
6	9	30
2	7	24
2	6	22
4	10	24
0	6	91
7	14	31
4	8	26
7	10	26
0	20	91
0	19	91
7	9	25
1	5	20
7	10	31
8	13	28
5	7	25
4	8	22
4	9	24
4	8	23
7	9	26
13	15	37
8	12	31
8	11	32
7	11	33
6	9	27
9	11	30
5	8	26
3	6	22
3	7	26
5	9	24
3	5	22
0	3	23
1	3	23
1	4	21
5	12	26
3	7	23
7	11	27
6	11	26
2	5	21
6	7	26
3	5	22
6	9	28
3	6	21
1	5	20
5	11	26
6	7	25
10	13	33
5	6	26
6	13	33
1	5	22
3	9	24
5	8	32
5	11	33
4	8	30
4	7	25
7	10	30
5	8	31
1	10	91
0	5	90
3	9	24
5	7	24
4	7	28
3	5	22
4	9	23
2	8	22
2	5	24
4	10	25
4	9	23
3	7	23
7	9	25
1	9	91
2	7	22
2	7	22
5	13	31
8	11	29
8	9	35
3	5	23
2	5	22
6	8	24
6	8	25
6	9	27
2	4	22
1	4	21
1	3	20
3	6	20
2	7	21
6	12	30
5	10	28
3	9	24
7	9	30
1	3	24
6	12	29
2	6	22
5	5	24
4	9	25
3	5	21
4	13	30
3	7	23
3	4	23
1	2	21
2	4	21
5	10	24
3	7	23
3	8	22
5	8	23
3	6	22
4	9	25
4	7	21
4	8	24
7	12	30
2	5	22
3	6	22
2	5	21
3	8	22
4	8	23
3	9	25
4	10	26
3	7	23
3	7	21
4	7	23
7	11	27
3	9	22
3	5	23
7	9	30
7	10	26
8	12	33
12	14	42
11	14	36
8	13	31
4	8	21
5	9	27
8	11	31
5	9	30
2	8	23
6	10	32
8	11	32
4	7	27
2	3	21
7	7	28
8	7	27
4	7	23
2	5	23
4	8	30
7	13	28
4	5	21
2	5	21
6	8	25
6	9	25
8	8	30
9	8	31
9	8	30
7	9	33
6	9	24
7	13	35
4	8	23
3	9	30
3	7	22
5	7	22
8	10	32
3	9	27
6	7	25
7	12	33
6	9	27
3	7	24
2	4	20
6	8	25
10	14	34
4	9	26
2	4	22
6	9	23
2	7	26
0	3	21
6	9	25
7	9	26
6	10	28
4	11	30
7	9	24
6	9	30
6	10	30
4	9	27
3	5	22
4	9	24
10	12	31
5	11	30
2	6	20
2	6	20
7	9	31
2	10	89
6	13	91
6	10	24
5	7	27
5	9	28
3	7	23
4	6	24
9	10	32
8	9	31
4	9	30
1	5	20
7	8	27
2	7	21
2	6	21
5	7	28
4	6	24
2	8	22
8	11	31
6	10	31
5	8	25
8	13	31
5	9	30
5	8	27
7	8	25
7	11	30
0	3	22
7	8	30
4	10	25
7	13	34
2	7	22
2	6	20
2	6	22
3	7	24
10	12	31
0	4	25
3	10	26
3	9	25
7	14	36
1	7	21
9	10	34
1	3	23
5	11	26
6	8	26
4	11	26
5	7	24
8	11	36
5	9	27
3	8	22
3	8	25
3	7	23
2	7	23
2	7	21
2	6	20
3	5	24
2	8	25
2	6	21
0	10	91
5	15	33
2	7	20
7	6	32
5	11	30
3	7	21
2	5	21
3	6	23
5	7	21
4	10	25
8	8	30
7	13	32
5	10	24
2	9	22
4	9	22
7	11	31
9	12	35
6	10	30
4	7	24
8	11	33
4	8	26
7	11	32
6	11	29
7	10	29
7	10	30
7	11	27
8	13	31
4	7	24
3	8	26
2	8	23
6	14	31
3	7	23
3	8	22
7	10	31
5	7	25
8	13	33
1	7	20
4	7	23
9	11	33
4	8	23
5	6	25
6	8	24
0	10	90
2	5	21
2	5	20
5	10	28
2	5	23
2	5	22
2	7	21
2	7	21
3	8	21
2	5	21
6	7	25
2	6	20
4	6	22
9	14	32
0	2	21
5	7	24
4	5	24
2	6	20
3	3	23
3	5	23
4	6	22
8	11	32
4	7	21
3	5	21
6	8	25
5	10	24
3	8	27
2	6	22
5	7	24
1	2	27
5	11	30
4	8	22
2	8	23
6	8	24
5	6	34
5	10	32
2	3	21
5	8	24
3	7	24
3	6	23
3	5	22
4	8	25
0	5	22
1	8	91
1	7	90
2	5	21
3	7	23
3	10	24
6	8	23
4	8	23
2	7	24
2	4	22
4	6	26
7	6	27
2	27	90
8	11	31
3	5	22
7	8	30
7	9	31
9	8	34
6	9	31
3	8	25
3	7	31
10	13	35
9	13	31
9	10	35
9	9	31
9	10	30
8	11	30
6	8	27
5	7	23
4	8	23
3	9	23
3	7	21
4	9	24
7	11	30
5	9	24
0	-1	91
8	10	33
5	9	28
2	6	20
0	12	90
0	13	91
6	10	28
3	6	23
5	8	25
1	2	22
4	7	21
4	6	22
11	12	32
4	8	23
1	7	22
9	11	31
2	8	22
5	11	30
5	7	24
3	8	24
0	4	23
1	4	22
0	4	21
1	4	23
5	10	26
7	12	30
9	10	34
7	9	32
11	14	33
3	4	21
10	14	35
10	11	29
9	12	29
8	9	27
3	7	22
4	8	24
3	5	23
0	4	22
2	4	21
2	5	23
3	6	23
6	12	28
6	9	27
8	11	30
4	8	24
3	6	20
3	7	21
4	6	21
3	8	22
3	7	25
3	5	22
4	7	25
9	12	31
4	6	21
1	4	20
6	8	25
0	4	20
0	3	20
2	6	20
5	9	26
7	11	30
4	12	28
4	12	25
2	8	23
2	7	22
5	11	65
7	9	25
6	8	29
8	11	33
5	9	23
3	6	20
4	12	30
2	6	22
6	11	30
5	11	30
7	12	32
3	11	26
4	13	30
6	10	32
3	11	24
5	8	23
4	9	24
4	8	24
3	8	31
4	9	26
4	7	25
4	9	25
4	10	24
4	8	25
4	7	25
4	7	24
3	7	23
3	6	21
3	9	25
5	12	31
6	10	24
6	12	31
6	11	30
6	10	28
7	10	30
7	7	26
6	8	28
7	9	32
0	12	90
1	5	21
2	6	22
6	11	30
1	6	21
3	7	25
6	10	24
4	10	25
2	8	24
3	8	24
2	8	23
5	9	26
5	10	32
8	9	30
6	7	25
5	7	25
10	13	39
8	11	32
8	12	30
7	10	26
5	9	26
2	7	21
7	8	32
3	8	24
4	9	25
5	8	26
4	10	30
12	14	38
0	2	21
4	7	30
7	11	30
5	10	23
6	7	25
4	8	24
10	14	31
9	14	34
1	3	23
3	6	23
2	5	22
9	13	32
6	11	28
5	5	24
5	8	25
4	7	23
6	10	31
0	16	90
0	9	91
3	4	21
5	8	22
6	8	26
3	7	21
3	6	23
6	8	24
6	9	24
7	10	26
3	5	22
2	5	21
4	10	26
7	12	28
7	13	31
7	12	32
6	14	31
10	11	37
10	11	33
7	13	33
5	10	25
3	10	24
3	9	24
4	6	23
8	11	28
7	10	26
2	6	22
2	7	24
4	6	27
4	7	24
7	9	27
8	11	33
6	10	27
5	9	27
6	12	33
6	13	32
3	10	27
2	7	23
6	7	24
9	13	31
7	8	26
7	11	33
8	9	32
3	9	27
8	10	27
5	11	30
3	6	22
2	6	22
6	8	24
3	7	25
7	11	31
4	8	22
3	7	24
3	7	22
5	9	24
5	7	25
0	11	91
0	8	90
7	10	26
1	6	21
11	10	31
4	5	21
2	4	23
2	5	21
2	6	20
3	6	21
8	9	28
3	9	25
3	6	22
6	10	30
3	8	24
5	9	27
5	8	24
2	6	21
2	7	22
2	6	20
2	8	23
6	10	30
4	9	24
4	9	25
2	5	21
3	7	22
2	5	22
3	4	22
5	9	24
3	7	22
3	8	20
5	6	23
6	9	25
10	12	34
8	14	31
8	12	35
7	9	27
9	14	33
7	12	34
9	13	34
7	11	30
6	9	26
4	7	24
6	9	24
3	6	25
9	13	32
10	12	35
5	8	28
6	10	26
6	8	26
7	8	25
8	13	31
6	10	27
7	9	27
7	11	28
8	13	31
8	15	37
2	7	22
3	8	21
7	13	34
1	7	22
5	11	26
1	20	90
0	-1	91
7	9	26
4	7	22
7	11	29
8	11	28
7	9	26
9	15	34
5	8	30
7	8	26
6	7	31
3	7	22
4	6	23
7	9	30
6	10	31
3	9	25
4	9	23
7	8	30
0	3	20
2	7	24
7	12	30
1	5	20
3	6	25
7	11	30
8	13	30
8	10	30
6	11	26
7	11	27
3	6	23
7	9	24
5	8	34
2	8	23
5	9	26
4	8	24
7	8	24
2	8	21
8	10	28
1	5	22
6	6	27
2	7	23
3	4	21
2	6	23
6	9	23
3	7	21
4	7	20
4	8	22
3	8	23
7	13	31
3	8	23
8	10	30
2	9	22
8	13	31
2	5	21
5	8	24
2	6	23
8	11	27
8	12	31
9	10	35
8	13	34
1	6	21
2	7	23
4	8	23
0	11	90
0	12	91
1	6	21
1	4	20
4	5	21
6	9	27
2	7	22
5	9	23
2	5	22
5	8	24
6	11	27
3	7	23
3	9	21
8	9	29
6	9	26
5	7	24
4	9	25
3	8	24
5	8	26
4	10	28
7	8	26
7	11	32
8	13	34
0	6	91
0	7	91
5	7	26
5	9	24
4	13	25
7	11	28
5	10	26
2	6	21
0	7	91
2	7	23
3	7	26
4	7	21
2	9	23
9	13	34
7	8	26
6	9	25
9	12	33
7	9	30
3	8	23
2	7	22
1	5	22
1	8	23
1	6	21
6	9	30
6	8	32
8	9	26
8	9	27
7	11	31
3	8	23
5	11	30
6	12	27
5	7	22
6	11	32
7	10	31
5	8	25
5	7	26
4	7	24
3	6	24
1	3	22
7	10	31
11	15	37
2	6	20
4	7	27
3	6	24
3	7	27
3	7	25
3	7	22
3	7	24
4	6	23
3	5	23
8	11	27
7	9	26
5	8	22
2	6	21
3	7	25
5	10	24
3	8	25
3	7	24
3	7	22
4	7	23
2	4	25
8	14	31
7	14	32
6	14	30
7	11	27
4	10	26
0	10	91
0	3	24
5	8	24
5	8	25
8	10	27
7	10	28
2	6	21
3	7	22
4	7	23
8	11	31
3	7	24
2	4	22
5	6	25
4	8	22
4	7	23
6	9	31
10	12	35
4	7	24
3	6	21
1	9	90
1	8	91
5	7	24
5	9	30
6	9	25
4	8	24
6	9	26
4	9	25
3	6	23
9	12	36
5	9	31
6	13	30
7	12	29
8	11	32
6	11	27
7	11	32
6	12	31
6	10	30
6	9	29
5	9	29
5	10	30
2	6	21
5	10	23
3	8	22
6	8	25
7	9	26
4	7	22
3	6	22
4	5	26
6	9	25
6	7	22
6	10	26
2	5	21
9	14	34
1	5	20
7	10	27
1	6	20
8	10	29
5	12	34
6	11	30
7	13	34
5	12	30
4	11	31
5	10	26
6	11	31
4	8	24
2	7	22
3	5	23
6	8	26
3	6	25
9	12	31
3	6	22
3	7	22
4	10	24
4	9	22
3	5	22
4	10	24
5	7	26
4	9	25
6	10	30
4	8	25
3	6	22
0	4	69
2	5	22
3	7	21
1	5	22
1	6	22
2	5	21
6	13	31
2	5	22
3	6	22
6	9	27
4	8	25
5	9	25
3	7	25
4	8	24
4	4	24
4	7	28
4	7	24
2	5	21
5	7	20
4	6	25
2	5	22
1	2	22
9	13	38
2	5	24
1	5	21
2	5	24
2	2	24
1	6	21
4	8	25
2	7	24
5	7	24
5	10	25
1	4	22
6	9	24
5	7	29
3	7	22
3	8	24
4	7	23
3	7	24
6	10	32
6	8	28
5	8	27
5	6	25
1	4	21
4	8	23
3	5	21
7	25	90
8	10	29
2	6	22
5	8	23
6	8	25
6	6	31
5	7	32
2	7	22
8	11	28
3	5	24
3	5	23
2	5	20
9	12	36
2	5	21
3	6	23
5	7	25
7	11	32
8	12	33
6	9	26
5	9	25
6	8	24
6	10	26
3	7	23
5	10	30
3	10	24
4	7	23
2	6	21
3	6	21
6	10	25
4	8	21
3	5	20
2	5	21
4	11	25
4	12	30
8	9	26
9	14	31
3	6	23
7	8	26
3	7	24
2	6	21
7	13	30
9	10	33
1	8	24
9	12	34
3	8	22
4	11	23
3	9	23
3	6	21
6	11	30
3	5	21
8	10	34
9	11	30
8	10	30
1	11	30
6	12	33
10	14	35
2	4	22
2	4	20
3	6	27
5	14	31
2	5	23
3	9	30
0	7	90
0	7	91
2	7	23
9	12	32
2	5	20
0	14	90
0	14	91
7	10	33
4	10	30
3	7	23
3	5	22
2	7	21
3	6	21
3	8	25
0	2	21
6	8	28
7	8	28
7	9	27
0	5	87
1	8	91
3	6	26
3	5	22
2	6	22
5	8	31
4	8	24
2	6	22
8	14	35
5	8	28
5	8	27
8	12	34
4	5	24
6	8	27
1	6	23
6	6	24
3	5	20
3	7	24
7	8	28
6	7	22
9	12	32
6	7	25
1	10	91
1	15	91
7	10	31
2	5	23
2	8	25
2	8	23
3	7	25
4	10	26
4	7	23
9	11	38
3	6	25
1	4	21
3	9	22
2	4	23
3	4	21
4	6	24
2	6	23
0	1	21
5	10	30
3	5	21
2	7	22
3	9	21
4	7	21
4	8	21
4	8	23
4	9	21
3	9	23
8	9	25
3	6	22
3	7	24
5	7	26
0	3	20
5	11	30
1	6	22
5	13	31
4	7	23
4	8	22
4	10	25
2	8	21
6	9	28
3	8	24
7	10	33
5	9	30
1	6	24
1	4	20
6	11	30
5	13	28
7	13	31
6	10	27
5	9	25
3	6	24
4	8	23
2	7	22
4	7	23
3	7	23
4	8	24
4	7	22
3	7	20
2	8	21
9	13	32
3	7	22
7	6	30
5	7	23
7	8	24
2	4	21
3	5	20
3	6	22
3	10	25
6	8	25
4	5	24
3	5	24
1	4	22
4	10	30
3	12	29
6	10	29
4	7	22
3	7	22
3	7	23
2	7	21
8	8	28
10	11	36
11	12	36
8	13	28
3	5	23
5	8	24
4	10	26
5	9	23
4	8	22
5	9	24
7	6	31
10	10	26
2	7	21
4	9	25
3	8	25
6	9	26
4	6	23
2	6	21
2	7	21
3	10	25
4	10	24
3	5	22
2	6	24
7	12	29
2	6	25
1	13	90
0	12	87
4	8	26
4	8	24
4	9	24
1	6	22
2	6	22
3	7	23
5	7	23
8	9	30
2	5	21
2	5	22
6	10	32
4	8	27
3	7	22
2	4	21
9	14	33
4	7	22
4	8	22
1	6	23
2	4	20
7	12	35
4	7	23
3	9	24
3	5	21
3	7	22
5	14	30
5	8	32
4	14	30
5	8	27
7	9	24
4	7	22
3	6	21
8	11	27
1	6	22
3	5	21
8	8	28
3	2	25
4	12	30
4	10	23
4	8	25
2	9	23
3	8	23
4	7	25
4	11	30
1	5	24
0	6	23
2	6	23
6	10	30
3	8	24
0	5	26
5	8	24
2	4	22
2	4	20
7	9	26
6	15	30
11	11	32
7	13	36
8	11	34
9	13	35
6	14	33
6	7	25
3	7	26
11	14	36
5	8	23
0	9	91
6	11	29
3	8	21
2	6	21
0	10	91
0	6	91
4	11	30
8	13	32
3	5	21
8	10	31
4	9	30
2	6	22
6	10	27
5	8	24
5	6	26
0	10	90
1	11	91
0	7	21
2	6	22
3	12	91
9	8	30
3	6	22
1	7	23
3	7	23
4	9	23
3	7	22
0	2	23
8	10	29
8	14	35
4	7	24
5	8	25
4	9	23
2	7	21
3	8	22
3	8	23
3	8	22
3	5	22
7	11	27
7	7	25
4	8	22
4	8	22
0	9	91
4	6	24
7	13	28
6	12	30
3	5	22
10	15	32
10	12	33
3	7	23
4	8	23
6	10	26
3	7	23
4	7	30
3	7	23
7	9	29
8	11	31
3	4	24
3	5	21
2	5	22
2	6	22
6	7	25
4	6	23
6	9	29
5	8	26
6	11	28
6	7	25
9	12	33
4	7	24
8	11	33
4	7	23
6	12	31
4	10	25
4	6	21
2	5	23
2	6	21
7	10	36
6	9	23
2	8	24
9	11	34
4	7	20
0	11	91
0	6	91
2	5	23
0	4	20
6	9	25
4	11	29
4	8	25
6	10	31
4	9	23
5	12	32
6	11	31
7	9	29
5	8	26
2	6	24
2	7	91
5	6	27
6	10	25
5	10	25
6	9	23
5	9	31
7	10	24
2	7	20
3	6	21
4	6	22
3	5	22
3	6	20
6	12	32
4	7	26
4	13	30
8	8	34
8	10	30
5	8	25
7	8	27
8	10	29
6	10	30
6	9	25
4	8	26
4	8	25
5	9	28
4	8	26
6	12	30
3	9	24
3	9	24
5	8	25
1	6	21
2	5	21
3	7	22
0	10	91
8	14	34
6	9	30
9	16	35
11	15	37
1	22	90
1	3	21
7	11	30
6	9	25
8	15	33
3	7	22
5	6	22
3	6	22
10	14	33
4	7	24
2	4	22
3	6	22
4	8	24
3	7	23
6	8	25
6	7	24
7	10	28
6	9	27
5	7	26
5	10	27
5	7	25
9	14	35
7	8	24
9	11	27
6	8	23
2	6	23
4	7	24
6	7	23
1	3	20
0	3	21
3	10	24
2	6	24
7	7	32
4	7	24
0	5	21
0	5	20
4	7	22
3	6	21
2	7	23
3	5	22
8	12	31
9	9	32
2	6	21
2	5	21
3	6	21
4	7	23
2	6	21
5	7	25
5	6	24
6	5	24
0	3	21
3	4	23
6	8	31
5	8	30
5	9	24
5	8	25
7	12	30
8	11	34
3	6	22
4	5	27
5	5	26
2	6	23
5	7	26
4	7	25
5	7	24
5	9	26
7	11	29
5	10	27
4	9	27
5	13	33
9	11	31
3	9	24
2	8	23
4	9	25
5	11	25
2	10	25
5	7	24
5	8	27
5	7	30
6	9	30
4	6	22
2	7	21
7	10	28
6	7	26
7	13	33
5	13	27
4	7	25
2	4	21
10	14	35
11	12	32
10	12	34
3	5	23
3	7	23
3	10	26
2	5	22
3	6	21
8	12	31
3	8	24
7	10	27
3	7	22
0	3	22
0	3	23
4	6	23
11	12	37
11	12	39
11	12	33
11	12	34
11	13	41
11	12	37
3	5	22
5	13	30
6	12	28
6	8	26
5	7	24
2	5	21
6	8	32
4	6	23
0	4	91
7	10	29
3	5	23
6	10	27
6	9	29
8	8	24
2	6	20
3	7	24
7	10	31
2	11	23
2	10	22
4	13	31
3	9	25
11	13	37
3	8	21
5	8	23
2	5	20
2	5	21
4	7	24
1	7	91
1	5	90
3	7	22
8	9	30
2	4	21
3	5	24
4	8	23
4	8	22
9	16	39
2	6	22
2	5	21
5	7	24
7	10	25
3	7	22
8	10	29
3	6	23
2	6	22
5	8	25
6	10	27
3	11	32
6	8	26
5	17	90
4	9	22
2	6	21
2	8	23
6	8	28
3	7	24
5	9	24
9	10	34
2	8	22
3	6	23
2	7	21
4	10	24
4	11	26
3	8	26
4	6	25
3	8	24
5	6	24
7	10	26
2	6	23
4	8	24
1	9	81
0	9	81
3	6	21
2	7	21
4	7	24
2	6	21
5	7	24
0	7	23
8	11	32
3	6	22
3	8	26
3	6	24
4	6	22
2	6	22
1	5	22
3	7	24
2	5	21
9	7	28
7	8	30
1	4	20
3	7	22
5	10	31
7	12	30
3	7	22
6	7	24
3	7	24
2	4	23
5	8	30
3	11	30
3	6	23
4	8	25
6	10	31
6	11	31
4	10	25
5	10	26
8	14	36
6	8	27
5	10	30
5	12	31
3	9	24
8	13	32
3	4	21
7	8	30
10	11	28
4	6	22
8	10	28
6	12	30
9	9	30
3	3	24
2	8	22
2	6	22
3	6	22
8	13	32
12	12	35
8	10	31
8	9	27
9	10	29
7	12	29
8	9	30
4	10	25
2	4	21
9	11	32
4	8	24
2	6	21
3	6	22
4	4	25
3	8	23
3	7	24
3	9	24
4	8	24
5	12	26
7	11	30
6	11	33
6	7	26
4	6	23
4	5	24
4	7	25
4	7	23
4	6	21
3	5	24
3	6	21
3	5	21
2	6	21
7	10	26
3	6	22
2	6	21
7	9	26
2	8	21
5	10	25
1	8	25
5	9	26
5	8	23
4	9	24
5	11	30
4	7	27
3	4	21
2	5	22
7	11	30
3	8	27
7	11	30
4	6	25
3	4	21
2	4	20
2	6	22
7	10	31
2	5	21
2	6	22
3	6	21
1	4	21
7	10	30
6	26	90
6	21	82
4	11	25
6	14	32
7	12	33
6	13	33
3	6	22
3	8	26
5	8	24
1	3	21
0	18	91
1	11	90
3	8	23
0	11	90
3	7	24
3	6	23
8	11	30
4	8	24
0	7	90
0	9	90
0	12	82
0	15	90
