0	12	90
4	8	23
6	7	25
0	6	91
2	5	23
0	30	91
6	9	25
5	7	25
8	10	31
0	27	91
7	12	28
9	12	33
9	10	32
10	13	34
0	10	89
10	12	32
4	5	21
0	6	90
0	5	90
4	12	28
3	6	22
7	12	31
5	6	25
3	5	23
9	14	40
4	9	24
2	5	21
5	8	25
3	3	22
6	8	25
4	6	21
2	6	22
7	7	24
1	7	21
8	14	34
1	12	91
0	13	90
2	8	22
10	10	33
7	11	33
7	11	36
7	11	25
5	10	31
7	8	24
7	8	26
7	8	27
7	9	27
0	6	31
3	7	24
4	6	23
3	7	22
0	23	64
3	8	21
0	2	32
9	9	33
4	10	24
8	7	30
8	14	34
4	8	24
5	9	25
2	10	23
0	36	90
0	38	90
0	38	90
5	8	23
0	10	87
0	9	87
8	12	30
9	12	29
7	12	30
8	11	32
5	7	27
6	8	27
8	10	28
4	7	21
2	6	22
8	12	28
2	7	21
0	14	90
5	8	24
2	3	20
3	8	25
2	4	20
1	5	20
1	5	20
1	9	90
6	7	27
4	8	25
5	10	30
4	7	21
0	39	89
0	28	91
10	11	33
2	5	20
8	11	28
5	7	22
6	12	27
5	7	22
9	12	90
6	11	30
4	10	26
3	6	22
2	6	22
1	6	21
3	6	24
10	12	33
2	7	21
4	8	21
29	36	91
3	5	23
3	5	24
2	7	22
1	4	21
13	16	49
1	3	20
2	7	22
3	8	24
2	6	23
5	8	24
2	21	91
37	32	90
9	9	30
2	7	21
0	4	86
2	6	21
2	19	91
2	5	23
2	5	22
4	10	27
6	8	25
7	9	27
5	7	26
1	4	21
1	9	22
3	6	21
3	8	22
4	7	20
6	7	24
3	6	22
9	11	33
2	8	22
6	9	24
6	11	24
7	13	31
3	8	24
5	11	26
6	7	30
9	12	29
6	8	26
4	8	23
3	6	24
2	5	22
3	6	23
3	7	24
3	6	26
6	29	91
4	6	23
10	13	33
2	7	22
3	10	25
5	8	23
0	21	91
0	22	91
5	7	26
2	7	24
0	9	91
7	7	24
5	5	25
6	9	27
4	6	22
2	6	22
6	11	30
5	9	26
7	11	29
6	6	27
5	6	25
0	13	90
0	13	91
2	6	24
8	10	29
2	3	20
2	3	20
1	4	22
6	11	30
7	11	27
4	7	24
5	7	24
9	8	32
5	9	23
2	5	23
4	7	23
8	38	90
2	36	90
2	35	90
4	8	23
4	9	24
11	10	36
8	10	33
7	7	30
6	7	27
5	6	26
5	6	25
5	7	26
2	7	24
3	6	23
3	7	24
4	12	26
6	8	24
7	8	25
6	8	26
2	9	23
2	8	22
6	7	25
5	9	22
3	5	21
4	9	25
4	8	24
6	11	32
5	9	30
7	11	31
7	8	28
4	8	23
6	8	22
7	11	30
10	16	33
0	38	91
6	41	90
3	5	22
0	6	58
4	9	26
4	10	29
2	5	23
4	7	28
0	5	90
0	8	89
1	6	31
3	7	23
6	5	28
9	11	33
6	11	30
6	10	28
5	10	27
4	8	25
5	10	30
11	10	34
9	10	35
5	16	31
5	6	26
2	23	90
5	8	24
3	9	25
0	5	91
4	5	22
0	10	91
0	13	91
0	34	90
8	11	28
0	10	91
5	8	24
2	2	22
1	34	90
4	9	27
4	8	23
1	5	22
4	7	26
3	7	22
7	8	26
6	7	26
0	7	66
7	7	26
3	9	22
3	9	22
4	8	23
5	7	24
6	11	33
6	8	26
3	6	24
8	10	32
3	8	26
4	7	28
4	11	30
4	14	31
9	11	32
9	11	31
2	37	90
4	8	22
4	8	25
5	10	25
5	9	25
5	9	26
11	15	39
4	7	22
4	9	24
6	7	26
2	4	21
5	9	26
6	9	30
2	8	22
8	13	32
6	9	24
10	12	34
0	5	90
0	10	89
0	20	89
4	9	24
4	7	21
1	27	90
5	11	28
5	10	25
5	10	24
3	6	24
3	5	21
4	8	25
2	7	23
4	11	23
5	8	23
6	9	25
7	8	27
7	10	30
7	8	26
5	6	23
3	7	23
4	6	21
3	4	25
3	13	31
11	15	37
12	16	40
11	16	38
11	13	38
11	13	38
10	13	38
3	5	22
7	8	27
2	5	21
4	5	24
3	7	23
2	7	21
2	7	22
1	6	24
2	6	23
7	8	31
3	8	25
2	5	21
2	6	20
4	7	30
5	7	25
6	5	25
3	6	22
0	19	90
3	6	22
3	26	90
1	25	89
6	9	26
27	25	89
4	11	25
5	8	21
5	8	25
2	23	91
3	7	24
3	5	23
8	13	32
2	6	24
3	6	21
1	4	21
4	7	25
5	9	28
2	4	23
3	7	24
1	6	90
0	12	91
1	6	91
9	12	33
6	9	27
3	8	23
6	9	26
0	11	79
6	8	30
6	11	32
3	6	31
5	9	24
0	19	90
1	11	90
0	4	90
6	34	90
4	6	25
0	28	91
1	4	21
1	9	91
1	8	89
3	7	20
0	8	90
6	29	90
0	9	88
0	9	91
6	11	31
6	8	24
7	10	26
6	8	25
6	11	28
4	8	25
3	6	24
3	8	26
6	9	24
4	9	26
2	5	24
2	5	21
0	11	91
0	10	91
0	13	89
0	15	91
0	6	90
7	8	27
6	7	24
1	10	90
0	9	91
5	9	25
0	22	90
9	10	34
0	14	91
0	8	90
2	5	23
1	9	90
1	-1	90
6	8	26
2	6	23
2	5	22
0	4	91
0	7	90
1	3	20
3	6	22
6	9	25
17	19	59
2	4	21
2	5	21
8	9	34
4	8	23
4	7	26
7	11	30
4	7	27
3	6	22
0	8	90
8	10	27
3	7	23
3	6	22
3	9	24
3	8	23
9	13	34
1	5	20
5	7	24
2	4	21
1	4	20
5	6	25
5	7	26
1	4	91
1	4	91
2	4	20
6	8	26
1	29	77
1	5	21
8	8	28
6	10	27
1	21	91
1	-1	91
0	21	91
0	20	91
3	7	22
2	8	22
5	8	26
5	8	31
5	9	30
6	9	30
5	7	24
6	6	26
7	14	36
2	6	22
5	9	29
2	8	25
0	10	91
1	3	21
0	5	90
2	7	23
2	8	20
8	9	27
7	9	27
0	9	91
4	8	24
4	9	26
3	10	25
4	8	25
4	13	32
10	10	29
3	10	25
3	8	22
4	9	25
3	10	23
4	9	25
3	8	23
4	8	22
3	7	20
2	6	22
1	40	91
0	17	82
4	7	24
11	15	38
9	15	36
11	14	39
5	10	23
5	9	27
5	8	26
6	9	27
7	11	27
6	10	30
11	15	34
4	6	25
5	6	25
1	-1	90
2	7	24
5	10	27
6	8	26
8	11	30
4	12	30
4	5	23
8	9	30
4	5	21
5	6	24
7	10	30
5	6	26
6	12	30
4	8	22
1	4	20
5	13	31
2	9	23
6	10	28
4	8	22
3	10	22
4	5	24
7	9	26
10	13	34
10	11	30
7	14	31
1	7	91
7	9	28
9	10	30
7	11	27
6	10	26
7	11	32
4	9	24
3	6	23
5	6	24
4	5	25
6	9	26
9	12	35
6	8	25
5	7	31
7	10	29
6	11	31
6	11	30
6	11	30
5	9	26
5	9	24
9	10	31
5	7	23
3	9	25
3	8	23
3	7	23
4	12	32
3	7	22
6	6	25
4	10	24
5	7	25
6	9	27
4	10	23
0	9	91
1	6	90
4	6	22
4	6	22
4	7	22
5	8	25
4	6	22
3	3	22
5	8	24
9	11	33
2	6	23
4	5	24
6	9	27
8	13	32
4	10	38
2	7	22
3	7	24
7	10	32
5	8	23
6	12	31
2	5	22
6	12	29
2	5	21
5	8	25
0	11	91
5	11	30
2	6	22
2	9	23
3	11	24
3	12	26
4	28	90
1	5	22
3	7	22
0	13	90
0	12	91
2	6	21
2	3	22
0	9	77
0	11	77
5	10	31
4	7	24
3	7	25
2	8	25
3	8	23
3	9	22
2	11	25
3	7	20
2	4	21
2	6	22
3	7	23
2	5	22
3	6	20
4	7	23
8	10	31
10	10	29
9	10	29
3	41	91
3	-1	91
7	7	27
0	18	90
5	12	27
6	9	26
8	10	35
11	12	40
6	7	26
10	11	37
10	10	38
10	10	33
12	13	41
9	11	38
10	11	34
10	11	38
9	11	36
1	5	22
0	3	91
11	15	35
2	6	21
6	11	26
6	28	90
0	13	91
0	12	91
2	5	22
1	9	91
1	10	89
1	2	23
5	9	30
6	11	29
3	6	22
2	8	23
5	7	24
5	9	27
6	9	27
2	4	22
4	7	23
5	8	25
8	13	31
0	3	21
1	6	22
1	6	20
9	11	29
5	10	30
5	6	24
4	6	23
2	7	22
7	10	26
7	10	26
6	9	25
4	5	22
0	-1	91
0	26	87
2	7	21
7	12	27
5	8	24
2	5	24
2	8	21
4	11	25
4	10	26
6	12	27
6	11	27
5	8	26
3	6	22
5	4	30
5	9	25
2	5	21
7	13	29
5	9	26
14	15	38
7	9	25
8	10	33
2	8	25
0	13	90
6	10	23
6	8	25
3	5	23
9	7	32
7	6	26
0	8	91
0	19	91
14	16	45
1	20	90
4	11	30
0	-1	90
0	14	91
7	7	24
4	6	23
3	4	23
1	8	91
3	24	90
1	5	20
4	6	22
3	6	23
5	9	27
5	10	30
3	8	22
3	7	25
10	11	34
7	7	29
4	9	24
8	13	34
8	12	32
8	12	26
8	13	31
8	12	31
5	11	27
1	4	20
3	7	24
8	11	27
0	8	63
0	6	63
5	7	24
2	5	21
9	11	27
0	33	90
11	12	38
9	11	32
7	9	26
11	13	38
6	8	27
6	8	26
6	10	31
1	6	21
7	9	32
7	10	27
3	8	24
3	7	22
7	11	32
5	11	27
0	16	91
0	15	91
4	9	30
5	8	24
3	6	22
5	9	30
1	25	91
3	8	21
12	24	61
3	5	23
3	7	21
0	5	23
4	11	30
3	6	21
3	6	24
0	6	91
2	5	23
24	26	61
8	9	26
2	7	22
9	11	30
7	10	27
6	10	26
1	4	22
2	7	23
0	13	91
0	-1	91
5	9	25
3	7	23
3	6	22
3	6	23
8	25	90
7	9	25
6	9	25
5	8	24
1	6	21
2	7	22
4	11	26
12	10	39
4	8	22
0	38	90
5	8	24
4	9	27
5	9	26
6	8	25
3	4	24
5	9	25
6	9	28
0	36	90
6	6	24
7	8	25
2	5	21
4	13	30
2	4	21
3	7	23
0	7	88
1	16	90
5	9	27
5	8	24
5	8	24
6	7	26
9	12	30
1	11	76
6	11	31
6	6	23
7	8	24
3	7	21
4	8	24
4	9	24
3	6	20
5	7	24
7	9	27
0	8	91
0	2	90
1	29	91
6	5	24
6	6	27
4	7	21
5	9	24
7	14	30
6	37	83
0	16	90
6	8	26
8	10	30
7	8	30
6	10	27
4	7	21
10	13	30
7	9	27
0	17	91
2	23	89
0	23	89
0	11	86
7	8	26
3	8	33
1	29	91
6	11	28
3	5	22
2	8	23
6	7	30
0	14	91
0	11	90
5	11	25
7	13	29
6	8	24
6	9	26
7	9	27
5	9	25
5	7	22
5	9	27
6	12	32
7	11	31
4	12	31
6	7	25
35	36	77
0	11	90
2	6	23
4	7	23
4	7	22
0	10	91
4	9	26
0	14	90
1	13	90
5	6	25
2	5	24
4	25	87
2	23	89
0	16	77
5	7	25
5	50	90
6	10	29
9	12	30
5	6	28
0	8	91
0	10	90
4	-1	91
8	10	32
1	7	22
3	6	21
1	3	21
3	7	21
1	3	22
5	8	28
1	4	22
5	7	25
3	6	22
0	15	91
1	4	21
1	6	20
0	12	91
3	3	25
4	7	22
0	11	74
0	7	90
0	9	91
0	9	91
0	9	90
5	11	27
5	10	26
3	5	22
2	5	21
3	6	22
5	12	28
0	11	91
1	4	20
5	10	26
4	7	25
2	7	23
5	7	23
3	8	25
0	33	90
1	4	21
0	4	20
2	7	26
4	21	87
6	10	24
6	6	26
3	4	22
1	8	90
3	8	25
4	5	22
6	10	26
0	23	90
3	4	21
5	8	22
1	8	23
5	9	26
2	-1	91
1	20	91
2	5	23
4	7	25
5	6	24
3	7	21
5	11	27
6	10	26
5	9	28
5	9	31
7	10	26
1	4	21
7	11	30
0	23	90
0	20	90
5	6	21
11	12	35
9	19	36
1	12	90
0	7	90
0	20	90
1	20	90
0	20	90
3	7	22
4	9	23
4	12	27
6	11	26
3	5	22
3	5	23
3	36	88
0	17	91
4	9	24
2	7	22
3	7	24
5	8	27
5	6	30
0	8	91
0	10	91
1	2	22
7	8	27
0	30	91
0	17	90
9	12	36
5	8	24
4	7	23
4	7	22
2	11	22
1	7	21
4	7	24
4	7	23
8	10	32
8	10	29
1	5	21
6	11	26
4	9	27
4	8	26
6	5	26
4	9	30
6	10	30
3	7	23
5	7	26
3	7	23
4	6	24
7	7	25
1	37	90
3	40	87
4	7	24
0	5	34
6	9	27
7	9	27
4	24	89
6	8	24
6	8	23
3	8	23
5	8	30
6	4	24
3	6	25
4	6	24
2	28	88
1	9	91
1	7	90
28	31	69
1	4	21
6	8	24
3	7	23
2	6	21
2	26	90
0	21	91
0	19	91
6	13	33
4	9	24
5	8	25
6	6	24
0	14	90
6	9	25
4	7	24
8	13	30
9	11	28
0	13	82
0	10	91
0	8	88
4	9	24
8	11	28
4	7	24
0	13	91
0	10	90
6	11	31
5	9	24
6	10	25
9	11	29
3	5	24
3	4	22
3	5	22
2	3	24
1	5	23
2	4	23
1	4	21
2	9	22
8	11	28
6	10	28
4	34	91
3	8	30
2	5	21
0	18	90
0	8	90
0	-1	90
5	7	26
6	8	25
6	8	26
6	8	25
4	7	25
1	3	21
2	5	21
0	11	90
4	6	22
4	5	23
0	4	91
0	8	91
6	7	24
0	14	87
0	11	90
1	3	21
3	6	23
4	6	22
3	7	23
3	5	22
2	4	22
0	5	91
0	10	90
3	7	30
4	7	23
3	7	22
3	8	20
3	4	22
2	4	23
3	6	26
2	5	25
2	6	24
0	34	87
3	5	20
2	8	23
0	12	91
7	8	31
5	5	25
5	5	25
6	6	27
6	6	27
0	6	89
3	9	25
0	14	91
0	12	91
0	17	90
3	5	23
3	7	23
4	7	23
3	6	22
2	8	22
6	11	30
4	9	24
2	5	22
4	7	25
6	8	25
6	8	25
7	9	27
0	13	91
1	10	91
4	9	27
8	12	36
6	13	32
6	9	28
7	10	27
5	10	26
2	3	23
0	9	90
0	14	91
11	16	41
3	7	22
2	7	23
2	6	23
3	8	22
0	13	88
2	6	22
4	6	23
4	8	28
8	10	28
7	8	26
8	7	26
3	9	21
0	4	20
2	7	23
1	5	23
1	5	22
13	16	76
5	9	30
6	7	34
7	7	27
5	7	26
3	4	23
5	7	23
4	6	24
27	15	90
0	10	91
0	12	90
5	10	26
5	7	24
4	6	24
5	7	30
4	8	24
3	7	23
5	7	24
3	8	24
5	8	23
3	10	25
0	21	91
7	15	34
5	10	28
2	4	22
3	7	23
5	7	23
7	11	27
6	11	31
6	10	26
6	9	24
5	6	25
5	6	24
6	13	30
6	9	24
5	9	25
5	7	24
2	8	23
1	38	90
8	11	29
8	12	30
6	10	27
3	9	25
3	13	30
2	6	23
5	12	31
5	9	25
0	8	91
4	7	22
7	12	31
6	8	22
4	10	23
4	8	25
7	11	31
3	6	21
0	26	88
2	7	22
8	12	29
8	10	30
11	13	34
7	7	28
6	11	31
1	3	89
5	7	24
5	6	25
3	26	90
2	5	23
6	8	24
10	14	35
13	15	40
11	13	34
12	13	39
2	5	21
4	29	89
2	6	22
5	8	25
0	5	34
12	15	38
0	10	91
0	10	91
8	11	32
6	8	30
3	7	22
3	7	22
3	6	22
1	-1	91
0	-1	91
8	9	30
5	8	22
3	6	22
9	12	34
2	4	20
7	11	26
7	9	24
3	30	91
3	9	25
3	9	23
3	8	22
4	8	27
2	5	22
6	9	26
8	12	29
4	8	25
3	10	30
3	9	31
5	7	25
7	11	29
4	9	24
4	8	23
8	11	33
11	11	34
9	10	29
10	11	30
10	9	34
9	9	33
8	9	31
8	8	29
1	4	22
2	6	24
3	6	22
2	7	22
4	7	34
1	5	25
1	3	24
1	2	23
1	3	22
1	3	21
1	3	20
2	6	22
0	8	90
0	16	91
4	6	23
4	6	22
3	7	23
2	6	21
3	6	21
8	9	32
3	7	23
2	6	23
11	13	37
11	13	38
10	13	35
3	8	24
3	6	23
3	10	90
8	10	30
9	11	33
9	11	32
9	11	33
8	10	30
8	11	28
6	9	26
7	8	25
3	7	21
0	32	91
8	10	30
4	10	25
6	8	26
9	8	33
9	10	32
9	14	36
7	11	32
3	6	25
4	6	26
3	9	23
5	7	24
3	6	22
1	6	24
0	4	23
1	3	22
5	9	26
8	9	25
7	10	28
7	10	27
2	6	23
7	8	33
0	7	89
0	8	90
3	6	23
4	7	25
5	6	24
4	6	24
4	34	90
4	3	23
5	7	25
5	8	26
3	5	25
2	7	23
0	5	20
7	10	26
5	7	25
2	6	21
3	7	22
0	3	21
2	5	21
3	5	21
6	7	24
9	10	35
9	9	31
1	18	91
1	19	91
1	13	90
4	6	22
2	4	20
2	3	25
8	11	31
2	5	22
7	8	27
4	13	30
3	10	27
2	8	22
2	6	23
9	11	31
7	10	26
10	13	31
3	8	21
2	7	20
3	6	21
3	8	20
8	11	28
4	6	22
5	10	27
1	4	22
2	6	20
9	9	34
2	6	21
4	10	23
0	4	90
6	9	27
8	12	25
7	14	32
5	8	30
1	6	20
4	9	24
5	7	23
11	15	39
3	8	24
2	6	22
4	6	23
5	8	22
4	6	23
6	10	26
4	6	22
0	10	91
27	31	69
4	6	22
5	9	23
9	11	28
3	8	23
5	9	24
3	8	23
3	9	23
3	9	24
4	9	24
6	8	27
4	10	25
5	6	24
4	7	25
6	7	25
0	21	90
6	10	32
8	11	36
7	11	31
3	8	21
2	6	20
6	10	28
14	17	47
6	8	25
7	12	28
7	8	30
5	7	25
5	7	24
5	6	27
4	6	24
7	11	33
8	12	30
3	7	25
1	3	21
1	4	20
1	13	82
0	11	90
0	9	90
8	10	30
7	11	28
6	8	25
6	8	26
6	9	25
6	8	25
6	8	26
6	11	33
6	13	28
3	9	30
0	29	90
6	8	28
5	9	26
4	10	23
6	11	26
0	16	91
5	8	23
5	8	24
3	6	23
6	7	32
1	5	20
2	7	24
3	6	23
4	7	23
5	7	27
3	7	20
9	15	36
2	8	21
4	6	23
7	10	30
8	7	30
7	9	26
6	10	26
5	6	24
8	10	35
9	10	34
7	10	33
9	11	35
9	12	36
11	15	40
10	14	40
9	13	36
10	13	35
7	12	33
7	11	27
7	9	26
6	10	25
8	11	31
7	10	30
2	7	23
4	7	22
3	8	22
10	14	34
2	6	22
9	8	31
6	10	27
2	5	20
9	10	31
6	8	25
5	10	30
4	10	25
5	11	30
7	10	32
1	6	23
1	7	22
2	6	20
1	18	91
1	36	90
8	12	30
3	6	24
12	14	38
9	14	33
6	7	31
7	7	29
6	9	24
1	9	63
2	10	23
0	3	91
1	3	69
0	4	90
0	8	91
0	15	90
5	35	91
5	8	24
4	8	23
5	9	25
5	7	23
3	7	21
5	11	31
1	4	20
0	11	91
0	6	90
1	3	22
4	7	26
1	4	21
6	9	27
2	6	22
0	9	91
7	9	30
4	7	24
0	6	89
0	10	90
1	4	21
0	10	91
0	9	90
0	3	21
1	14	91
3	6	20
6	8	26
2	5	22
4	8	23
3	7	22
3	5	24
5	6	26
5	9	25
4	10	25
3	6	22
8	10	31
6	8	30
8	11	31
7	11	31
8	11	29
7	9	28
7	10	30
8	12	35
5	7	25
3	6	22
3	38	91
4	10	25
3	11	30
4	10	22
7	14	33
6	7	26
8	10	31
7	13	32
9	11	35
8	12	37
6	8	27
6	8	27
6	10	31
5	9	30
7	5	26
10	10	33
6	11	28
3	4	22
3	5	23
3	5	21
3	5	22
2	16	91
0	17	91
2	4	22
7	10	30
6	7	25
4	7	22
17	21	48
4	10	31
3	9	24
3	9	23
9	12	31
5	11	31
2	23	89
4	7	23
5	7	28
0	18	90
3	6	25
5	15	30
6	14	31
7	10	30
2	6	22
7	8	28
1	3	22
6	10	27
4	8	23
2	7	24
3	8	24
3	7	23
1	4	34
1	5	35
4	6	25
0	5	91
0	5	90
1	3	21
0	7	91
2	4	22
2	4	23
4	9	23
4	6	24
3	6	23
2	6	21
7	10	28
3	8	23
4	13	30
4	7	21
3	8	23
5	8	25
3	7	24
7	9	28
6	14	31
3	9	25
5	7	26
8	12	30
1	4	22
2	5	23
3	4	23
2	3	22
2	4	21
2	8	24
3	8	24
3	7	22
2	7	21
4	8	24
2	7	22
4	7	23
2	8	25
7	9	30
8	15	33
19	32	75
3	28	89
3	30	90
7	10	27
5	11	25
2	4	21
11	11	36
6	11	32
2	6	21
0	-1	90
8	9	30
2	5	22
7	11	26
3	9	23
5	6	26
3	7	21
3	6	22
0	4	20
4	8	22
1	4	23
0	3	22
0	3	21
0	10	90
5	7	27
6	9	30
1	1	22
8	11	34
8	9	30
5	7	25
6	8	24
4	7	22
6	8	26
2	5	21
9	12	28
3	8	24
2	4	21
9	11	33
9	10	30
1	23	89
0	5	23
1	5	22
1	4	21
2	4	22
5	5	22
4	6	25
5	5	24
3	6	22
7	10	30
1	37	89
7	12	33
8	8	30
4	9	24
3	6	23
3	6	22
2	5	21
0	3	21
0	6	43
5	7	30
5	9	30
1	13	91
0	9	90
3	4	24
1	11	91
6	7	24
4	15	31
0	14	91
0	8	90
6	9	26
3	6	24
0	14	90
0	6	91
0	16	90
0	9	91
2	2	21
2	3	22
5	9	32
4	6	24
4	6	25
4	5	25
31	20	91
5	4	26
1	28	90
1	11	91
1	13	89
4	10	24
7	10	31
5	9	26
2	7	21
2	4	21
3	5	21
1	30	91
4	8	25
1	16	90
4	4	23
0	24	91
0	27	90
0	24	89
5	7	25
4	7	26
6	7	26
2	7	22
1	11	91
0	9	91
0	5	91
3	7	25
4	7	23
0	7	91
0	7	91
4	8	24
6	9	27
1	4	20
3	6	23
3	6	22
4	6	20
1	4	25
5	6	26
10	11	30
12	12	91
13	14	91
6	28	90
3	8	25
5	10	23
2	8	25
4	7	23
8	11	26
5	10	24
5	7	21
6	9	24
0	23	88
3	8	25
2	7	21
3	22	88
2	7	20
4	28	91
4	8	24
4	7	25
3	18	90
2	7	22
5	13	30
5	4	26
4	6	23
6	11	29
7	11	29
8	12	32
3	8	22
5	12	29
10	13	33
9	12	32
7	11	27
4	8	23
3	8	24
6	11	27
2	8	21
4	9	24
6	9	30
2	7	22
7	12	30
7	11	32
7	12	30
7	10	32
6	8	27
5	10	24
5	11	29
7	13	31
4	12	27
5	10	24
7	13	31
3	7	23
5	11	33
2	6	21
3	6	22
3	6	23
6	10	26
4	5	20
2	5	21
10	13	29
8	11	32
5	8	25
5	8	24
6	8	31
9	13	33
8	12	26
8	29	91
5	10	28
5	8	26
6	8	24
6	9	24
2	4	22
3	7	21
6	7	27
8	10	29
8	10	27
8	10	28
3	7	24
3	6	23
8	10	32
8	9	26
10	10	28
8	10	27
5	8	24
3	5	22
6	8	24
5	10	30
3	7	25
4	28	90
6	8	30
5	7	26
3	7	23
4	9	24
9	14	34
5	8	28
5	10	25
3	7	23
3	6	21
4	7	24
2	7	21
5	9	24
6	8	26
7	8	26
8	13	35
4	9	23
5	10	25
4	9	27
3	10	25
3	10	25
2	6	21
7	9	25
7	29	90
3	6	23
6	7	26
2	8	24
4	6	24
3	36	91
8	9	26
5	10	24
0	25	90
6	8	24
5	-1	91
3	6	21
3	11	30
2	5	21
4	7	24
1	4	21
5	7	24
6	8	27
4	6	23
6	14	32
6	7	24
3	7	23
3	7	23
1	6	20
0	37	91
7	11	27
0	8	91
2	4	22
6	8	25
5	8	26
6	8	27
6	8	26
6	10	25
7	10	34
7	14	31
3	5	21
2	4	20
6	9	29
4	13	27
3	13	24
4	7	22
6	12	31
7	8	27
4	7	22
3	7	22
3	9	24
2	6	22
2	6	21
3	7	24
6	8	25
3	12	26
5	9	25
5	7	21
0	19	90
3	7	20
4	6	23
5	8	23
5	8	24
3	6	22
3	7	22
9	17	38
5	5	27
3	12	30
2	4	20
8	13	35
4	17	31
6	9	30
3	4	22
3	6	24
4	8	25
5	7	26
5	5	25
2	3	21
2	4	23
1	4	22
1	4	20
2	4	24
0	11	80
0	12	91
3	6	22
3	6	23
2	7	23
4	8	26
0	17	91
0	24	89
2	7	22
5	8	25
5	7	25
5	4	24
3	9	28
4	7	25
5	7	24
8	13	31
5	5	24
0	4	21
1	27	90
1	28	90
0	5	75
0	15	91
1	5	23
0	7	91
0	12	91
5	5	22
2	5	20
8	11	29
10	13	34
10	16	35
7	10	31
8	11	28
7	12	29
7	12	30
2	6	20
4	8	24
11	9	37
8	8	30
2	5	21
2	3	22
0	0	25
5	9	25
10	11	33
7	12	30
0	16	88
7	9	27
8	10	33
6	10	31
5	6	24
2	5	22
2	5	21
3	7	22
0	5	70
0	-1	91
3	8	24
5	6	25
7	8	26
6	7	25
2	5	24
6	12	27
6	10	27
4	8	23
2	7	22
0	20	90
2	21	90
0	10	90
0	11	91
8	16	33
1	4	20
7	9	25
8	11	28
7	12	31
5	10	25
10	10	33
10	12	35
4	6	23
0	5	22
8	11	30
2	6	21
5	6	27
5	6	24
4	6	24
5	8	24
6	9	26
7	11	31
7	10	30
4	9	23
5	12	26
2	5	23
8	10	30
6	9	26
1	26	90
4	7	24
7	11	33
2	8	22
1	3	20
0	2	22
8	8	34
5	10	24
0	11	91
5	7	25
1	4	21
1	7	20
1	1	22
3	6	22
4	10	30
4	8	26
3	6	26
3	8	25
3	9	26
6	10	27
3	7	22
7	11	25
4	8	27
0	1	28
4	31	88
1	26	90
6	9	32
2	6	22
3	6	21
0	24	90
3	6	21
5	9	28
10	13	32
6	14	28
7	14	32
7	11	29
0	1	90
0	0	91
4	5	23
39	38	90
5	40	90
6	7	27
9	13	32
2	5	20
5	5	26
5	8	25
5	7	24
3	8	23
3	10	23
2	6	22
6	9	25
1	4	20
4	8	23
3	8	22
2	7	20
2	7	22
4	13	31
3	11	26
5	8	30
2	8	22
8	9	27
6	11	27
6	8	26
6	8	26
2	6	20
6	9	23
4	6	23
3	5	21
8	8	28
8	9	31
9	10	31
9	9	29
7	10	30
4	6	24
3	6	24
4	6	23
8	14	34
1	5	21
4	9	25
4	8	23
6	8	27
5	12	30
3	5	24
0	8	91
2	5	24
2	4	22
4	6	23
3	6	21
3	9	24
2	7	22
5	7	24
4	5	22
3	4	23
2	4	21
3	4	20
4	32	90
3	7	21
4	7	23
2	5	22
2	8	21
1	2	21
1	4	22
3	5	21
5	5	25
3	6	22
9	12	31
5	8	23
2	4	22
5	7	28
3	7	22
2	7	21
6	12	32
4	7	23
8	10	32
4	4	23
7	7	30
7	5	28
7	7	28
6	6	25
0	2	44
7	9	30
6	10	30
5	7	25
0	15	89
0	15	91
6	10	28
5	8	26
10	12	34
12	12	33
10	10	32
9	10	30
7	9	28
2	36	90
4	8	24
5	6	24
14	41	90
2	5	22
4	7	25
4	6	22
3	8	25
2	8	23
2	5	22
8	9	30
3	5	21
9	12	37
10	16	36
10	15	35
7	10	26
5	11	30
5	8	23
1	3	23
4	7	22
8	9	28
10	11	37
3	6	23
3	3	25
1	3	21
4	7	24
5	8	25
3	7	21
5	13	31
6	11	30
5	10	24
3	10	24
5	9	25
0	10	91
8	13	33
4	7	23
0	-1	91
1	21	91
6	10	32
6	8	24
1	5	20
3	7	28
0	15	91
0	12	90
4	6	23
7	9	31
5	8	26
5	6	24
5	6	24
0	12	49
4	10	26
4	9	25
3	6	25
1	4	22
1	2	22
4	8	31
8	8	30
0	35	89
6	7	25
5	7	25
0	4	21
7	9	25
0	34	88
9	10	34
23	18	90
20	18	91
8	13	35
3	4	25
4	8	22
4	6	24
4	6	24
3	6	22
1	6	22
5	12	27
1	24	89
5	8	24
2	5	21
40	41	90
8	8	29
8	9	28
9	12	32
6	8	27
3	8	20
4	8	21
4	6	25
5	9	28
2	7	23
1	6	22
3	4	22
3	5	22
3	4	21
5	7	24
0	11	24
3	5	22
2	6	22
3	7	27
2	6	23
1	4	22
7	9	28
3	5	21
1	4	21
0	4	23
6	11	31
0	14	91
0	9	91
0	11	90
0	10	91
7	10	30
9	12	30
7	13	29
9	15	33
2	4	20
0	9	90
6	8	24
0	15	89
6	26	90
6	8	27
5	12	31
4	4	22
3	6	22
7	7	25
0	8	55
1	4	22
5	6	25
5	9	27
2	7	21
5	6	26
1	7	21
1	5	22
2	4	20
2	4	20
2	5	20
0	16	89
1	6	79
7	11	28
6	9	24
5	11	29
3	7	21
3	5	23
0	23	91
4	9	24
4	9	23
3	8	24
5	7	22
0	13	90
0	19	81
7	13	32
6	14	30
10	12	32
4	8	25
7	8	24
4	4	24
3	4	21
0	3	22
0	4	23
2	6	20
2	5	22
0	11	91
2	6	24
0	-1	91
2	13	90
0	17	91
6	8	30
0	2	89
0	8	91
1	7	20
1	7	21
4	6	21
5	10	32
4	5	22
5	5	23
4	29	91
4	5	24
4	8	24
6	10	27
2	5	22
2	4	20
5	7	25
2	6	22
3	5	22
1	5	21
0	6	90
0	13	91
7	7	30
0	5	22
3	6	21
8	8	26
0	10	89
3	7	24
6	12	27
2	5	21
0	12	90
0	7	90
0	16	91
0	14	91
0	3	23
5	7	25
6	8	26
3	5	21
2	6	20
5	11	31
4	9	28
11	9	32
7	6	31
1	19	91
1	7	23
5	11	31
6	7	26
0	10	27
1	3	21
1	4	22
0	10	90
2	7	21
2	4	21
0	5	90
2	5	22
3	6	22
2	8	23
7	13	28
3	5	22
1	30	89
5	9	25
4	7	23
2	6	23
1	2	23
3	6	22
5	9	30
4	5	24
2	6	23
0	24	90
5	12	28
3	8	23
3	8	23
7	9	28
4	7	23
1	6	23
7	12	30
4	11	26
4	9	24
4	8	22
8	9	32
7	9	30
5	7	23
2	5	23
5	8	30
4	14	35
5	6	24
3	8	22
5	23	90
3	25	88
7	8	27
4	7	25
5	9	25
3	4	22
3	5	21
9	12	34
3	4	25
2	6	20
3	7	22
3	8	26
6	12	31
4	8	24
10	15	38
1	13	90
6	7	25
6	7	27
7	5	25
6	10	27
3	4	23
3	4	21
1	8	90
2	5	21
0	13	91
1	6	22
5	12	91
2	10	91
6	5	24
7	6	28
7	6	26
7	9	28
1	6	21
1	2	22
7	10	30
6	8	26
1	6	21
8	10	31
7	12	30
0	11	90
5	6	25
1	3	20
1	3	20
4	7	22
7	7	25
1	5	24
3	5	20
6	10	25
1	13	91
0	3	21
10	12	34
8	12	33
8	11	31
7	12	31
7	9	31
6	10	30
6	12	30
4	9	26
3	6	22
3	6	21
3	8	23
3	7	22
3	7	20
2	8	20
5	10	28
5	6	25
6	6	26
5	8	24
0	8	89
1	6	23
0	5	25
5	6	23
1	5	20
0	11	78
2	7	22
6	8	30
8	8	28
7	9	30
6	9	27
6	10	28
5	10	26
5	7	28
1	5	20
4	8	22
5	9	27
2	6	21
3	8	23
5	9	23
0	28	89
1	12	90
5	11	32
4	11	30
4	11	31
6	10	28
4	10	26
6	11	30
5	11	30
5	12	32
5	12	31
6	15	36
5	11	30
7	8	26
8	13	31
7	9	27
6	9	25
7	13	29
0	20	90
4	8	26
6	8	26
3	7	25
3	8	24
2	9	27
2	7	22
3	7	25
4	7	22
8	10	29
7	10	28
8	11	30
4	8	25
0	9	91
4	6	23
0	8	91
0	15	90
2	6	23
3	5	23
6	8	25
4	5	23
5	7	26
3	9	25
8	11	30
5	11	31
6	11	26
6	11	31
0	6	31
4	8	24
5	7	22
2	5	22
3	8	23
4	7	25
0	11	91
2	9	20
2	4	22
6	9	27
4	28	62
8	10	34
7	12	30
0	31	91
2	7	23
3	7	21
6	8	25
4	6	25
1	5	21
5	8	23
3	10	23
3	10	29
3	25	91
2	3	21
2	9	24
4	6	24
0	4	20
2	5	22
8	9	30
5	7	25
0	2	20
6	12	27
4	7	32
6	11	26
4	10	27
6	9	27
4	8	24
2	7	23
7	10	31
7	10	30
8	15	34
8	11	31
5	9	26
7	11	29
10	15	35
4	6	25
0	13	91
0	6	88
6	5	25
4	5	24
6	7	23
1	6	22
0	8	90
0	10	90
5	28	91
4	8	24
4	6	22
3	6	23
3	7	24
6	10	30
8	16	33
7	12	27
7	10	27
4	8	27
6	8	26
8	9	32
4	8	23
1	6	21
3	7	23
3	30	91
2	7	23
4	9	23
4	7	22
7	15	34
3	6	24
3	7	21
6	9	24
5	9	30
2	9	24
4	6	25
6	9	30
0	12	90
7	8	25
6	8	24
4	10	30
1	4	24
1	2	22
2	2	22
1	6	21
8	8	30
8	11	30
3	7	21
0	5	91
0	6	91
2	6	20
0	11	90
0	11	91
4	8	23
6	11	30
6	9	30
3	2	26
14	16	85
15	17	89
4	32	90
4	7	22
7	7	27
5	10	27
3	8	26
0	5	91
0	6	90
1	7	21
2	8	23
4	7	24
0	8	91
4	9	25
0	4	22
5	33	91
5	32	91
5	33	91
0	9	90
11	15	42
13	14	43
0	3	22
6	9	30
2	4	21
0	25	91
3	37	87
3	7	26
7	10	26
3	7	25
10	16	41
5	10	30
4	9	25
7	11	30
7	13	32
0	36	90
5	9	27
2	7	23
6	8	28
5	7	27
0	9	91
0	4	91
4	7	24
7	11	26
5	39	91
3	7	25
4	7	23
2	7	22
3	8	24
3	10	24
3	8	24
4	9	24
4	8	23
5	9	25
4	7	25
0	11	91
7	12	30
9	15	34
2	5	22
6	7	23
5	9	27
3	8	23
2	6	23
1	6	20
3	11	30
7	10	29
0	15	90
7	10	26
5	12	27
5	9	26
2	5	21
2	6	21
3	6	23
3	9	24
3	5	23
1	4	21
2	5	21
2	7	21
7	9	28
4	8	25
2	6	22
0	2	22
6	7	24
1	5	20
7	9	26
3	7	21
5	10	26
6	10	32
4	8	24
6	11	29
5	11	30
7	11	28
12	15	38
11	15	40
2	4	21
0	10	91
0	18	89
1	3	21
9	12	33
1	5	23
2	4	22
6	8	26
5	11	27
7	12	27
5	9	24
10	10	33
3	6	23
6	9	26
1	6	21
1	6	22
4	9	23
1	28	91
2	7	21
3	3	22
4	6	24
2	7	22
2	6	21
2	3	21
6	10	32
5	9	26
0	6	91
3	9	22
1	25	91
10	22	90
1	7	22
7	13	45
2	7	21
0	7	91
0	7	70
5	10	26
7	13	35
6	12	33
5	10	33
0	9	88
0	11	90
4	10	25
1	7	22
5	7	24
2	5	21
4	7	24
8	13	30
7	10	25
4	8	24
4	11	25
5	9	25
4	12	26
1	4	21
3	5	23
8	12	35
8	10	25
1	5	22
0	4	91
2	7	25
1	4	21
3	7	24
2	6	22
2	7	21
3	7	22
3	8	23
6	12	26
4	9	23
4	7	25
1	4	20
0	32	91
2	6	22
3	8	21
4	7	24
3	7	21
4	8	23
0	3	91
0	7	90
2	7	20
3	7	21
2	8	22
2	7	21
3	6	22
7	8	31
8	9	26
1	12	91
4	7	27
7	5	25
5	5	24
5	8	27
0	14	90
0	13	91
0	22	89
6	9	29
6	6	25
7	10	30
5	7	25
6	7	25
2	8	21
3	8	22
3	10	22
3	10	25
5	9	24
8	11	26
6	8	25
5	10	24
5	7	26
6	7	26
7	9	26
1	5	21
2	26	90
7	10	28
5	11	30
3	6	22
4	8	23
6	8	26
6	11	30
7	10	25
3	6	24
9	13	34
9	11	31
6	9	25
2	4	21
3	5	22
4	7	23
4	5	22
5	6	23
6	7	25
2	6	22
1	7	22
5	8	23
4	6	22
5	8	24
5	7	24
5	9	23
1	5	22
0	3	23
1	3	22
2	7	23
4	6	24
0	28	90
4	9	31
7	10	26
8	11	30
4	5	25
5	13	26
7	11	27
2	6	21
6	8	25
8	10	31
3	5	22
8	10	27
9	11	31
6	10	27
1	14	91
0	13	88
6	4	25
3	7	24
4	7	24
4	7	23
7	8	28
7	10	31
5	9	30
5	9	29
6	9	31
5	12	32
5	10	30
35	29	81
1	5	21
4	7	25
2	7	20
0	13	90
4	6	23
9	14	35
3	8	30
2	6	21
4	6	20
6	7	23
3	7	22
6	8	25
4	7	23
6	11	26
3	8	21
0	12	91
0	15	89
3	7	21
8	8	27
1	11	91
3	7	22
8	12	32
3	22	87
9	11	34
7	9	26
2	7	21
2	7	21
4	7	24
3	9	24
3	8	22
3	7	22
2	6	22
2	7	21
2	9	22
5	9	24
4	7	24
3	3	23
7	11	28
7	12	32
6	10	25
6	8	25
1	32	78
8	8	27
2	7	23
3	8	22
2	7	23
3	7	23
2	9	24
5	15	30
3	5	21
4	27	89
5	12	32
4	7	22
2	7	21
6	7	27
0	3	21
2	13	30
9	13	33
6	13	33
7	12	31
3	4	24
3	9	24
13	12	34
10	12	32
10	13	35
10	12	35
2	6	21
5	7	24
6	11	27
0	21	85
9	13	34
3	7	24
0	5	91
5	12	30
0	4	90
0	6	91
4	7	26
2	9	91
0	6	91
6	7	44
5	8	24
1	6	20
4	7	23
0	4	22
0	4	23
0	5	21
0	4	23
0	2	22
1	3	21
0	3	20
6	13	31
7	13	30
8	14	32
7	15	33
7	12	28
8	13	32
7	12	31
0	8	91
4	33	90
3	8	23
4	6	24
1	6	21
6	25	90
4	6	27
0	5	91
0	8	91
6	9	31
0	9	91
0	11	90
6	8	26
2	6	21
1	2	20
6	10	31
2	7	21
5	6	23
7	4	25
0	15	91
0	2	22
0	11	89
0	4	22
5	8	25
3	6	22
2	6	21
0	7	88
2	5	21
0	11	90
0	8	91
5	9	25
4	5	22
6	8	28
3	13	30
4	6	21
1	7	63
1	5	22
1	3	21
7	7	32
3	8	21
6	10	26
6	8	30
5	6	24
4	9	24
4	9	26
7	7	25
8	12	31
2	6	21
5	9	26
4	6	25
13	12	36
5	12	30
4	8	24
3	9	22
4	12	25
1	23	90
8	12	26
5	8	24
12	11	34
5	12	31
7	9	28
4	6	23
3	8	24
0	12	90
0	12	90
0	10	91
6	13	29
4	9	26
5	8	23
3	7	22
4	8	24
3	9	25
2	8	23
9	18	41
5	9	25
7	11	28
7	11	31
6	12	27
5	8	26
6	10	29
7	13	31
6	12	28
8	12	28
6	10	26
5	11	24
2	7	20
4	5	23
2	4	22
5	13	31
5	5	23
1	3	22
3	5	22
8	11	27
8	11	31
13	20	42
4	6	25
2	6	22
11	14	32
4	10	25
7	8	30
0	9	90
0	10	91
4	7	23
2	5	22
2	5	21
6	9	26
3	7	25
5	7	25
4	8	25
7	11	30
7	10	28
6	8	25
5	9	25
2	4	22
2	8	23
0	17	90
2	5	21
7	10	27
0	13	91
5	12	30
6	11	32
9	12	30
4	13	30
5	9	23
11	17	39
10	15	34
0	26	90
0	20	91
3	7	23
0	9	91
0	11	91
7	8	26
2	4	20
3	7	22
0	12	90
0	12	90
3	5	22
2	4	26
5	10	25
3	4	21
2	21	91
3	5	23
2	7	21
8	8	32
10	11	35
8	13	34
4	9	30
4	7	21
5	10	25
6	8	26
2	7	21
2	6	22
3	5	21
4	7	24
4	7	23
3	7	23
4	9	26
4	8	23
0	29	91
3	6	22
1	5	21
8	11	28
2	9	23
5	8	25
2	5	23
4	11	24
3	4	24
3	5	22
6	9	27
7	10	28
5	8	23
3	28	91
5	8	25
5	8	26
5	10	30
6	9	26
7	12	29
11	13	42
0	3	23
0	5	20
1	4	22
0	4	21
7	11	30
1	3	22
5	8	23
0	6	63
1	7	63
4	7	30
4	8	30
3	8	24
4	6	24
3	9	24
6	14	31
3	6	21
5	6	26
0	30	90
8	9	30
0	19	91
5	13	30
1	6	27
3	8	23
4	10	22
2	4	21
2	5	21
5	7	22
3	7	22
3	11	32
2	24	91
5	41	90
4	7	24
3	6	23
4	8	26
3	5	23
3	5	22
2	8	25
6	9	30
13	-1	54
6	10	27
3	5	21
10	11	33
0	2	20
4	9	30
1	5	22
2	3	21
0	5	32
0	5	32
2	5	21
2	10	91
1	6	79
6	8	25
2	4	21
1	20	87
2	8	23
2	3	21
2	6	21
1	6	46
3	8	23
9	7	36
3	5	23
8	12	31
4	4	24
2	6	21
3	6	25
1	16	91
4	6	23
5	10	25
1	6	21
3	7	24
1	3	21
0	9	91
8	11	34
7	10	35
5	7	27
9	8	29
5	7	29
4	7	23
4	7	25
7	11	30
7	10	26
5	11	30
2	17	90
8	10	30
8	11	27
5	7	23
3	4	22
3	8	23
32	35	86
5	10	30
1	5	20
3	8	23
2	8	22
3	9	24
2	6	23
2	8	24
1	6	23
9	13	31
6	8	30
8	13	32
0	10	91
3	7	25
7	7	31
8	8	33
0	22	91
8	11	28
5	9	25
8	8	32
2	8	22
2	7	21
3	8	23
5	7	24
4	10	24
3	9	26
7	9	29
3	6	21
8	13	32
3	5	21
5	7	24
8	12	32
5	6	25
6	9	25
6	9	26
6	9	25
2	10	91
0	12	90
1	5	20
11	12	36
6	8	26
3	5	22
2	7	24
2	8	24
8	10	27
3	6	25
0	8	91
7	10	27
2	10	25
4	9	24
6	10	28
0	12	90
5	5	24
1	15	90
30	41	90
3	5	22
0	12	90
3	6	23
3	7	24
6	8	25
0	3	20
10	11	29
5	9	26
4	9	25
5	7	24
1	5	22
0	7	91
0	9	91
0	14	91
0	8	90
5	7	25
0	15	90
0	9	89
7	11	26
6	10	30
2	9	23
4	5	25
3	5	24
3	4	23
4	5	25
3	8	23
3	7	25
4	8	24
2	8	23
0	4	21
9	12	30
6	9	27
7	8	27
1	3	22
1	2	21
1	3	21
3	6	22
3	7	23
3	5	22
1	6	23
5	9	26
0	8	91
6	5	28
1	-1	91
3	6	23
2	6	20
6	11	27
1	28	90
7	10	32
0	5	91
0	11	91
5	7	26
9	13	31
0	10	91
0	4	91
4	5	23
6	9	27
7	9	25
3	8	24
3	4	22
3	6	24
5	9	26
6	8	26
6	10	30
3	9	22
4	11	30
4	10	30
1	4	22
6	8	27
3	8	22
0	11	91
0	11	87
0	5	91
3	5	23
3	7	25
4	9	24
7	8	28
7	11	29
6	13	30
3	12	30
5	9	30
6	9	25
4	11	31
7	8	25
7	10	27
8	9	29
7	10	26
6	13	31
5	9	26
3	5	25
4	7	26
1	17	90
5	10	25
5	8	27
0	4	23
1	4	22
0	5	20
7	9	28
1	3	24
1	5	22
1	3	21
2	10	24
6	11	26
6	10	30
5	9	32
8	7	32
7	7	29
2	5	25
0	5	90
0	-1	91
4	5	22
0	7	90
0	15	91
5	6	30
1	3	22
3	8	24
3	5	23
5	11	30
0	10	90
3	4	21
7	10	28
2	7	23
4	6	24
4	6	23
8	10	27
0	9	90
3	5	23
2	6	20
2	4	22
3	3	22
0	23	91
22	35	91
5	8	27
1	4	20
4	6	23
4	5	22
3	4	22
7	11	32
6	8	25
0	11	90
0	12	89
0	7	91
0	6	91
0	10	90
0	4	91
1	8	90
3	4	22
0	6	91
0	13	90
2	6	20
11	15	43
10	14	42
0	3	24
6	9	26
2	4	22
8	12	28
6	10	30
5	9	27
4	11	31
5	8	23
3	5	25
3	6	22
0	8	91
0	12	91
0	9	90
0	9	91
1	2	20
3	6	21
0	9	90
0	8	91
3	8	22
1	10	90
4	6	24
4	7	21
0	14	90
6	12	28
4	12	27
5	11	26
4	10	25
3	8	25
1	9	88
0	9	90
1	12	91
3	7	24
0	6	91
1	11	90
3	4	22
3	4	21
0	6	90
0	17	91
3	5	22
0	3	22
3	12	27
5	10	26
4	37	90
3	5	23
1	2	22
0	9	90
8	9	32
0	10	90
3	6	24
0	17	91
4	10	25
9	9	34
2	9	22
8	10	26
9	10	27
10	14	35
4	7	23
0	8	91
3	6	22
5	24	90
8	10	31
5	10	30
0	6	91
1	13	91
1	6	21
2	5	21
2	6	22
2	6	21
1	-1	91
0	3	22
2	4	23
1	3	22
0	5	21
0	5	20
0	4	21
6	10	30
6	9	30
6	9	31
1	5	21
6	9	25
6	7	25
0	12	91
0	15	90
1	5	20
4	8	24
1	5	22
2	4	20
3	7	21
8	11	32
10	15	32
4	8	26
4	9	27
4	5	23
0	38	88
3	5	23
0	11	91
0	9	90
4	5	22
4	9	24
3	8	24
1	-1	91
5	8	23
10	12	31
3	9	26
4	8	23
5	6	23
0	3	22
2	5	21
2	5	23
1	8	91
0	15	90
6	9	30
4	7	25
0	-1	91
7	8	26
6	8	27
7	8	25
0	10	90
1	13	91
1	11	90
3	6	22
3	5	20
1	6	20
6	10	25
8	10	28
2	8	23
6	11	32
3	8	23
3	5	22
2	6	22
6	10	30
6	8	24
8	7	29
3	24	90
2	29	91
3	7	21
3	10	30
1	14	90
4	7	26
5	7	24
6	10	34
6	8	23
3	7	23
8	10	26
0	14	91
0	12	91
2	6	22
2	6	23
3	7	23
2	7	21
3	6	23
3	8	23
7	8	30
0	34	91
3	9	26
3	8	22
3	7	21
0	5	60
0	5	60
0	24	91
3	9	25
6	9	27
1	2	21
6	7	25
2	6	22
0	3	22
3	7	23
4	7	27
2	5	21
6	9	30
6	7	28
6	6	26
5	5	26
4	4	24
6	9	24
8	6	30
7	9	26
4	8	22
2	6	21
2	4	21
3	5	27
3	8	24
4	12	27
5	6	25
5	9	26
4	12	27
6	9	30
4	11	27
0	9	91
0	8	91
6	10	30
5	7	23
1	6	22
5	8	27
0	9	91
0	15	91
5	6	24
2	5	21
4	7	23
4	8	25
8	13	33
8	12	37
11	13	38
7	8	26
6	8	27
0	-1	91
0	11	90
0	0	91
4	7	24
5	9	27
4	11	26
0	8	89
3	25	90
8	6	26
7	8	27
6	8	26
6	11	27
6	11	28
6	9	25
7	12	28
7	12	28
7	8	28
0	21	91
4	11	30
2	8	22
1	13	90
3	10	25
0	21	90
0	20	90
0	2	21
0	1	23
0	2	25
0	1	23
27	29	90
2	4	21
0	8	36
3	7	25
6	9	25
2	4	20
2	5	21
3	6	22
4	6	24
5	10	25
5	7	26
3	10	30
0	9	91
3	6	23
5	8	28
5	7	23
3	6	22
3	6	22
0	21	90
1	2	65
2	29	91
3	8	24
2	9	21
2	31	90
1	28	90
0	3	91
1	11	91
0	27	91
4	9	25
2	3	21
3	4	22
3	7	20
7	7	28
1	11	91
6	11	31
5	9	24
7	10	29
6	8	26
2	4	23
3	3	22
7	12	28
7	12	32
3	5	22
5	12	32
6	10	29
5	11	26
6	11	25
5	9	25
4	9	24
5	10	24
3	9	24
4	9	23
4	8	24
3	8	23
6	10	26
6	10	25
6	10	29
7	11	32
2	6	21
5	8	27
2	5	22
2	5	21
1	6	30
6	9	23
2	6	21
7	10	27
3	7	22
5	4	24
7	8	28
2	7	22
0	23	91
7	7	30
7	10	31
2	5	20
3	10	25
4	9	24
6	9	24
4	11	24
5	7	30
6	9	28
4	7	23
2	6	21
4	32	90
0	38	91
0	36	90
1	3	22
1	-1	91
9	13	32
9	14	32
8	13	30
4	7	23
3	7	22
2	8	24
3	8	23
2	7	23
3	7	22
4	8	24
4	9	25
3	7	25
6	11	27
9	11	29
2	5	22
4	7	25
4	7	23
0	6	90
0	11	89
2	7	22
4	7	24
23	40	90
8	9	27
0	9	90
0	8	91
2	7	21
3	8	23
7	14	30
5	7	22
0	11	91
0	12	91
6	11	30
2	10	25
6	10	26
4	10	24
5	11	24
8	12	30
2	6	23
5	8	24
6	9	26
10	13	34
5	8	27
0	22	88
4	7	21
6	9	23
2	6	23
2	6	21
5	8	26
2	6	22
4	7	22
8	17	33
4	9	23
8	10	28
3	7	22
3	2	23
5	7	25
9	10	30
4	10	25
2	6	20
2	7	23
7	8	34
2	6	23
4	8	22
5	12	26
2	6	24
3	5	22
5	8	24
8	37	89
4	8	24
8	12	37
4	6	22
4	6	23
4	8	25
2	9	22
8	13	33
3	5	25
3	8	23
6	10	24
6	10	24
5	9	27
3	6	22
3	6	22
7	9	24
0	27	90
0	27	90
0	27	90
0	27	90
0	27	90
4	7	25
4	7	23
4	8	22
2	5	20
4	9	22
2	26	89
5	11	27
6	10	26
6	11	26
6	10	25
3	5	23
5	27	91
16	33	91
4	26	91
5	26	91
5	27	91
6	-1	91
7	9	24
5	8	29
3	6	22
3	7	26
7	6	25
1	13	90
0	13	91
2	6	21
3	8	22
3	6	24
8	10	28
2	6	22
3	7	24
1	4	22
4	4	23
4	8	24
4	10	27
0	6	22
1	4	21
1	4	20
4	7	22
2	5	21
5	9	27
4	8	24
7	10	25
9	12	32
9	10	30
10	12	35
9	12	33
7	13	33
9	12	32
8	12	32
8	11	30
8	10	29
8	12	30
7	11	26
7	10	29
5	7	26
4	8	24
3	6	21
3	8	23
0	24	88
0	24	86
2	9	25
3	29	90
3	26	86
5	8	24
5	8	25
5	7	24
3	6	22
6	6	23
3	6	22
7	8	27
5	7	27
7	10	26
2	5	20
0	5	91
6	7	30
3	5	21
1	5	22
1	3	22
0	7	79
1	19	90
0	5	90
5	7	24
4	8	24
5	8	26
5	7	24
4	8	22
3	9	26
4	9	30
4	7	24
1	4	20
0	3	21
2	6	22
2	6	20
3	7	23
3	10	25
2	9	21
6	8	25
3	2	23
6	8	24
6	8	25
7	10	26
8	13	34
9	12	32
9	14	37
2	4	21
3	6	22
3	7	21
4	7	26
0	15	91
1	31	90
5	9	25
0	6	90
8	13	31
3	8	23
9	15	34
8	13	33
7	11	30
4	9	22
4	9	22
6	12	26
6	12	27
5	11	25
5	7	24
5	7	25
3	5	20
2	4	22
0	16	90
5	9	24
3	8	22
5	8	23
6	8	25
1	8	90
5	9	23
6	13	30
9	14	33
5	9	24
1	6	21
4	9	24
0	16	90
1	9	91
7	8	28
6	9	25
4	9	24
3	8	22
3	6	22
2	6	24
9	22	91
0	13	90
0	9	90
6	12	27
5	7	24
10	16	35
4	9	24
2	7	23
5	7	23
2	6	20
0	3	21
5	37	89
6	12	26
8	10	31
0	2	90
1	5	91
2	6	22
2	7	22
5	8	27
3	6	22
6	14	29
6	7	25
0	4	21
0	27	90
4	9	23
2	4	20
6	14	30
5	12	27
6	10	25
2	5	21
5	10	30
7	7	25
3	8	25
4	7	22
7	10	27
1	4	20
5	8	27
3	7	24
7	9	25
4	6	24
4	10	29
1	4	21
4	8	24
5	9	25
5	6	25
4	6	21
0	4	20
4	7	23
1	5	22
0	9	91
0	-1	90
2	5	21
1	21	91
2	5	22
3	6	23
2	6	22
0	-1	88
3	5	23
0	12	90
2	6	22
3	8	22
8	11	27
1	2	20
5	7	27
4	6	22
5	6	22
2	8	25
2	7	21
2	5	23
2	7	22
3	10	26
4	8	25
6	9	25
0	12	90
4	5	24
1	3	24
3	11	26
4	8	24
7	10	29
5	8	23
3	6	24
6	7	23
1	9	91
8	13	34
7	12	32
7	11	32
0	3	22
2	8	23
0	5	91
2	5	20
7	9	25
6	11	27
1	5	20
4	7	26
2	7	22
3	5	25
4	8	28
1	3	20
6	8	27
3	8	24
0	0	20
0	9	90
0	8	90
5	9	26
0	4	22
21	30	90
7	10	24
6	10	31
0	15	90
2	6	23
0	15	90
7	9	32
2	31	91
3	7	22
7	11	31
7	11	31
3	5	22
0	9	76
5	7	23
2	4	22
2	5	21
5	9	25
6	8	24
6	8	24
0	26	90
3	7	21
3	7	21
6	11	34
4	8	24
6	9	25
6	9	25
3	7	23
3	8	23
7	9	26
5	27	90
6	8	29
7	8	27
7	10	26
2	28	90
0	8	33
9	11	33
7	9	30
5	7	23
3	8	24
3	6	24
4	7	24
7	11	25
8	12	31
12	13	39
9	13	34
9	12	29
0	13	91
0	9	91
0	7	90
0	7	91
4	7	24
3	6	25
3	6	23
3	9	23
3	6	23
4	4	26
6	9	24
0	10	91
4	5	21
6	11	30
0	8	82
37	44	91
4	6	24
5	8	25
4	6	24
4	7	23
0	9	91
7	8	26
5	11	26
3	7	20
2	5	22
6	8	26
1	7	91
8	9	30
7	11	30
8	10	29
0	12	91
0	15	91
0	2	22
1	13	90
0	8	91
2	4	24
7	12	32
5	7	25
2	6	22
0	5	90
0	6	90
0	11	91
0	11	91
5	8	26
5	12	28
4	8	24
4	8	23
9	13	33
10	12	36
7	10	30
10	13	33
1	8	23
5	9	26
5	10	26
4	9	25
4	11	26
10	13	35
9	13	34
0	9	90
0	10	91
0	14	91
2	6	21
4	8	24
4	9	24
1	12	91
0	7	91
3	5	22
3	8	23
4	5	24
0	9	91
0	9	91
5	8	24
4	21	90
0	15	91
6	11	26
7	12	27
1	23	90
1	7	91
0	12	91
3	7	25
3	8	24
1	3	21
0	8	90
1	2	21
5	11	25
3	6	26
6	8	27
6	12	30
6	9	25
2	5	25
2	4	21
0	8	91
0	12	90
6	9	26
5	6	26
0	8	88
0	7	88
6	7	24
0	11	90
0	6	89
6	8	32
5	10	35
3	7	21
0	14	90
0	10	90
0	11	90
3	6	23
10	13	35
0	11	91
0	7	90
2	5	21
3	8	24
0	10	91
5	8	22
4	9	25
3	7	25
5	6	22
0	-1	91
4	5	23
5	10	24
4	5	26
5	8	26
6	8	25
4	9	25
4	8	23
4	9	25
3	7	22
6	7	26
6	7	25
6	6	24
1	36	88
7	12	28
0	5	90
0	7	90
0	8	90
0	7	91
5	5	22
0	17	90
0	11	90
2	13	25
3	10	25
6	-1	91
5	35	91
0	8	90
3	9	31
0	12	91
0	8	91
8	11	29
6	9	26
8	15	37
10	11	31
10	10	32
5	8	27
9	11	31
8	10	31
3	7	23
4	7	22
3	7	24
2	8	23
1	29	91
0	22	91
5	9	30
7	10	25
4	39	91
6	9	26
0	3	91
4	8	31
4	7	23
6	9	27
7	10	29
2	4	20
0	8	91
4	8	23
6	7	25
3	9	24
8	12	30
2	4	23
2	5	23
3	6	22
10	13	32
5	8	25
5	9	23
2	7	21
6	8	26
4	7	24
5	9	25
8	10	27
4	8	24
0	35	90
0	33	90
0	33	90
4	9	24
4	8	23
4	7	22
3	8	23
7	11	31
0	4	47
2	5	20
0	-1	91
7	11	28
9	10	35
4	5	25
8	13	33
11	12	36
11	12	36
8	10	28
2	5	21
5	9	30
5	12	27
7	15	33
5	8	26
0	15	80
0	16	80
5	7	26
4	6	25
7	8	30
6	9	25
4	10	29
3	7	23
3	8	24
3	6	21
4	9	24
3	11	26
5	9	26
11	11	38
12	14	38
11	14	36
11	13	37
8	12	31
10	10	30
2	9	21
2	7	20
7	10	32
4	8	25
3	6	22
4	7	24
0	5	91
0	3	91
4	6	22
2	3	20
0	7	90
3	8	22
6	8	23
3	6	25
3	6	25
3	4	22
6	7	27
3	10	23
4	9	24
4	7	22
11	12	37
3	7	24
6	6	25
4	8	24
1	22	91
4	7	22
5	9	26
0	4	91
0	9	91
6	7	24
12	14	37
12	14	35
2	4	21
0	16	91
0	16	90
5	9	25
3	5	23
4	6	24
3	7	21
0	7	91
3	9	25
29	31	82
0	7	91
0	8	91
5	7	65
7	9	31
6	10	31
3	7	25
1	6	22
6	11	30
8	11	31
6	10	32
6	9	30
6	8	26
10	10	31
8	10	32
6	8	26
4	6	23
5	6	26
2	4	23
3	3	23
2	4	22
0	10	91
3	26	90
5	8	25
5	9	25
6	11	28
2	4	22
5	7	25
0	13	90
2	4	22
5	11	30
2	6	24
2	5	22
0	12	91
5	9	26
7	11	30
2	8	23
4	7	25
2	4	22
4	6	23
6	9	26
1	-1	91
6	10	27
6	10	30
5	9	26
6	10	26
10	15	31
9	14	31
3	25	91
0	7	91
6	7	26
6	10	30
0	3	23
1	3	23
0	3	23
3	8	24
1	6	24
3	5	21
0	27	90
0	27	90
2	4	21
5	7	25
5	6	25
5	8	26
3	24	91
0	11	91
2	6	22
6	7	26
0	4	20
4	8	23
1	14	90
2	7	23
6	26	89
4	7	24
5	10	31
21	22	70
8	11	32
6	8	26
6	9	26
7	8	27
1	5	21
9	10	33
7	9	26
0	21	91
0	5	90
0	9	91
0	16	91
0	6	91
5	9	25
3	7	30
3	5	23
5	8	24
4	9	28
2	4	22
4	7	26
4	6	25
4	7	23
2	6	22
3	4	21
2	4	21
8	11	32
7	7	26
2	3	22
4	6	24
2	5	23
3	7	22
9	16	36
0	12	91
4	7	22
3	7	24
3	5	23
0	19	91
7	11	30
5	9	25
5	7	22
2	4	21
4	8	24
4	10	24
7	10	29
3	5	25
7	9	29
0	8	91
9	17	50
5	7	26
6	10	27
9	10	35
3	5	20
6	9	23
6	10	26
0	6	90
8	11	35
4	8	25
3	8	24
4	9	24
0	5	91
2	5	21
2	6	21
9	9	35
8	11	30
9	13	35
2	9	22
5	8	24
6	9	27
6	4	25
4	8	24
6	9	26
0	10	91
0	17	90
0	6	91
0	7	91
0	8	91
6	7	24
3	8	24
2	8	22
3	8	22
3	6	22
0	11	91
0	3	91
6	8	25
7	8	27
6	8	26
7	9	28
7	9	29
0	21	91
1	8	90
1	3	20
8	11	29
3	8	23
4	8	24
0	33	90
5	-1	91
5	-1	91
5	-1	91
3	-1	91
4	8	25
0	12	91
1	7	91
3	6	20
3	4	24
3	9	23
7	8	27
2	3	24
2	4	22
5	9	25
3	10	27
4	8	26
2	6	21
2	7	23
3	7	22
2	6	21
3	10	22
0	10	91
1	4	21
0	11	91
1	6	21
6	7	30
1	2	21
3	6	23
5	11	25
1	4	27
8	8	31
4	12	27
3	4	87
3	5	21
2	4	21
6	9	23
6	8	25
0	15	91
0	12	91
3	7	24
3	11	88
5	6	27
0	11	91
5	11	24
3	4	23
5	8	24
5	8	25
6	9	27
6	7	26
7	8	27
9	10	30
0	4	24
11	12	36
8	10	34
3	6	24
7	7	30
3	4	23
6	23	90
7	10	32
0	11	90
1	8	90
6	8	26
4	6	20
3	7	20
2	6	22
4	6	22
1	5	20
7	11	27
7	10	27
6	9	25
7	8	30
1	4	22
2	5	23
6	6	24
3	6	24
2	25	90
8	10	32
3	10	23
10	10	31
6	14	31
5	11	32
0	11	91
7	11	32
4	11	26
6	5	25
4	8	22
2	8	23
5	7	26
1	20	90
2	20	89
1	8	90
0	4	91
3	26	91
5	27	91
5	27	91
2	6	22
6	9	23
3	7	24
6	9	30
5	7	25
4	6	23
9	7	30
9	9	37
0	34	90
1	5	20
3	6	24
6	9	27
8	10	29
1	5	23
2	6	22
6	8	25
3	6	26
7	13	32
3	6	25
1	5	22
3	8	23
5	11	27
4	10	27
5	10	25
3	9	23
0	9	90
0	6	91
0	8	91
7	39	90
7	12	31
5	10	32
6	11	33
5	10	28
2	8	24
6	4	24
8	8	27
4	7	24
6	8	24
3	13	91
1	11	91
1	4	20
4	7	24
5	8	24
3	8	22
0	4	21
7	8	30
5	8	24
5	8	24
4	7	24
8	13	36
7	11	30
2	6	22
0	7	91
0	8	91
0	30	86
0	30	83
8	12	33
0	3	21
3	5	21
5	5	23
2	4	21
2	6	20
6	9	26
6	10	30
6	10	31
4	7	21
2	9	22
6	11	30
5	10	26
1	4	23
6	9	25
0	10	91
2	3	23
5	6	27
5	6	29
1	3	20
1	2	21
5	5	25
5	33	90
3	7	23
5	7	24
28	29	88
0	2	22
8	9	27
2	7	22
2	6	21
3	5	23
4	6	25
2	5	25
34	36	75
3	7	23
3	7	24
3	8	23
2	38	90
1	3	25
0	5	91
8	12	33
0	37	91
0	7	60
11	13	36
11	14	35
3	9	22
2	3	22
7	7	30
3	9	21
3	9	21
0	11	90
0	16	90
5	10	31
6	10	32
5	9	29
3	6	21
3	5	22
2	6	21
2	5	22
5	8	25
3	7	26
0	17	91
0	16	90
2	7	21
5	9	26
8	14	31
8	15	32
7	10	26
8	8	28
4	7	21
4	5	23
7	8	28
0	7	91
0	13	90
0	11	91
0	10	90
4	9	24
4	6	24
5	35	90
5	8	25
5	6	24
0	9	91
0	-1	90
0	21	91
3	7	20
2	8	22
0	2	22
7	10	28
2	5	25
0	13	91
0	9	91
0	15	90
6	7	24
1	33	91
1	-1	91
2	4	24
2	5	21
0	13	90
5	6	23
6	7	26
3	7	22
0	11	90
1	13	91
3	8	24
9	10	33
6	12	31
0	8	90
0	11	91
0	8	91
0	12	90
0	17	91
4	6	26
8	10	31
6	12	36
6	8	26
4	5	24
0	12	91
1	11	90
0	30	91
8	11	30
6	11	29
11	12	35
6	11	31
3	7	24
3	6	22
5	8	25
1	4	21
5	7	24
5	8	24
0	26	88
8	10	34
4	8	23
5	5	24
0	12	91
0	12	90
0	0	22
2	7	24
5	9	25
5	8	25
5	9	23
0	17	91
2	12	90
2	25	91
5	10	27
0	20	89
0	11	90
9	12	35
0	5	22
2	8	20
0	9	71
0	10	71
4	6	24
1	24	90
0	10	90
0	9	90
1	5	22
1	6	21
7	7	26
0	3	91
1	10	91
10	9	36
8	10	27
7	9	26
7	9	33
0	9	91
0	6	89
4	7	24
4	7	23
3	6	23
3	7	21
5	7	25
3	5	24
4	7	24
4	11	25
16	16	54
7	9	28
0	5	91
3	3	31
3	3	24
4	8	21
6	7	24
0	12	91
0	12	91
3	8	22
0	5	22
5	7	32
4	6	27
4	30	87
0	7	91
0	7	86
4	10	30
8	9	25
0	22	88
10	10	31
7	9	25
1	5	90
4	7	23
3	9	30
7	11	26
0	14	91
0	9	90
3	6	23
1	5	21
10	11	32
2	3	22
5	8	30
0	12	88
0	10	88
3	9	24
4	7	24
0	7	91
3	6	24
7	8	28
2	6	23
2	4	21
3	9	23
3	8	22
4	11	24
3	8	24
2	5	23
2	5	22
0	19	91
0	12	90
4	6	24
0	10	90
0	3	21
0	6	50
0	10	91
2	2	23
6	8	27
0	8	91
5	7	25
4	5	22
1	5	22
0	6	89
2	5	24
5	27	91
0	11	91
0	10	91
5	8	23
0	25	91
2	2	21
5	7	27
4	8	30
3	6	22
5	6	28
0	25	90
4	8	25
3	6	23
7	10	30
1	25	90
3	18	90
8	8	28
2	5	24
0	18	91
4	9	27
3	7	23
4	7	23
2	6	22
2	7	22
5	10	25
5	6	24
0	20	91
9	9	31
4	6	25
2	6	26
2	5	22
6	8	25
0	9	91
0	9	90
5	11	24
1	2	21
0	13	89
0	7	91
1	6	22
5	8	28
6	10	25
0	8	90
0	12	91
7	8	24
4	9	24
3	4	24
0	10	91
0	18	89
2	29	91
6	10	24
0	2	21
9	11	32
9	13	35
9	11	34
2	7	22
5	9	26
4	10	30
0	-1	91
0	19	90
3	6	21
4	10	26
3	7	22
8	6	27
5	7	25
0	22	91
0	13	91
5	11	26
5	11	27
2	5	21
1	4	30
5	10	27
6	9	26
6	6	25
6	9	29
5	10	31
6	8	28
8	9	33
2	26	91
0	32	90
4	6	22
5	10	27
2	8	23
2	5	22
3	9	25
4	10	25
2	6	22
3	8	25
4	7	24
3	10	25
7	7	25
3	7	21
0	10	91
0	10	89
0	11	89
4	9	26
2	7	21
2	8	21
11	9	35
7	8	31
3	4	25
4	7	25
1	-1	91
0	11	89
0	13	91
1	7	75
5	8	23
2	4	22
2	5	21
0	9	90
0	7	69
3	6	22
3	4	22
0	11	91
1	7	90
1	10	91
0	4	23
0	3	22
7	10	29
6	11	27
0	4	49
0	17	89
0	8	90
6	7	24
6	6	25
2	6	24
5	8	23
1	5	34
2	5	22
0	7	90
0	7	89
5	5	22
9	12	32
10	11	31
0	9	89
0	7	91
3	8	23
1	15	76
4	6	22
4	6	22
6	9	31
2	2	22
4	7	25
4	5	22
1	3	22
3	7	23
3	8	22
0	31	90
0	10	90
0	7	91
5	7	24
6	9	24
5	8	22
0	10	91
3	7	23
0	3	20
0	9	91
0	13	90
7	9	26
1	3	20
4	11	26
0	8	91
0	14	91
5	7	23
5	6	23
6	10	32
9	13	32
0	29	90
2	6	21
7	10	27
3	3	23
4	4	23
3	6	23
3	5	22
0	8	90
5	10	30
5	11	31
0	9	90
0	13	90
3	9	23
0	10	89
0	12	89
0	24	91
6	10	30
2	8	22
2	9	23
7	10	33
6	8	29
0	9	90
0	14	90
1	5	91
0	3	71
1	7	71
1	24	89
5	9	25
4	9	25
1	4	22
3	8	22
4	8	29
3	7	24
4	8	24
4	9	24
4	10	26
5	7	24
7	6	25
8	11	32
4	4	23
1	7	91
0	10	91
3	4	23
3	6	22
2	6	22
5	6	24
2	9	23
3	8	23
8	10	29
8	8	28
0	8	90
1	25	91
10	9	34
3	8	30
0	21	90
0	10	91
3	5	20
0	13	90
3	8	23
5	6	23
3	6	22
3	6	20
3	5	23
3	5	22
6	6	25
5	-1	91
3	7	24
2	32	89
2	6	23
6	9	26
7	12	28
7	12	27
4	12	31
0	6	90
0	11	90
3	6	24
3	6	24
3	5	22
2	4	21
0	15	91
1	7	91
6	7	32
2	6	22
4	10	26
5	6	24
1	3	22
6	11	28
8	11	28
6	9	26
0	3	21
3	5	24
1	5	22
3	5	25
7	9	26
3	9	24
3	5	22
4	8	25
5	4	27
3	5	20
2	22	91
0	-1	91
0	13	90
0	12	91
0	12	90
3	7	27
4	9	23
6	12	27
6	7	27
1	4	21
3	6	23
0	12	90
0	11	91
1	5	22
8	9	30
3	6	20
4	7	23
2	7	23
1	9	90
0	10	90
0	6	91
2	6	21
3	6	22
2	6	21
4	8	23
1	4	21
2	5	20
3	26	90
3	8	24
3	6	22
2	5	23
2	5	23
2	7	25
4	8	25
5	9	26
6	8	24
2	7	22
1	3	21
2	4	23
6	9	28
2	7	88
2	7	21
2	7	20
5	39	90
4	9	22
6	12	31
6	9	31
6	8	26
7	9	33
6	7	30
6	9	30
0	18	91
0	11	91
0	6	90
1	7	25
2	5	24
1	4	23
2	6	22
0	5	22
0	5	20
0	26	91
1	8	72
0	9	72
2	5	20
3	6	23
8	14	29
5	11	30
6	9	25
0	6	91
1	10	89
3	5	21
2	4	23
3	5	21
0	11	91
0	13	91
0	11	91
0	10	91
2	5	21
8	9	28
7	7	26
4	7	21
0	19	90
6	8	23
6	10	26
2	6	21
0	14	90
0	11	89
0	6	91
0	21	91
2	4	23
6	5	26
3	8	21
0	14	90
2	7	23
4	7	22
10	15	34
1	21	91
7	11	30
1	26	90
2	3	22
0	-1	91
0	9	91
0	23	90
0	9	90
1	6	91
0	8	91
0	9	91
0	-1	91
0	6	91
1	5	20
2	5	21
10	11	34
4	6	24
2	4	23
2	9	25
0	6	91
0	8	90
0	8	90
0	9	90
3	8	21
0	10	91
0	10	90
3	7	23
0	11	90
0	15	91
1	5	21
9	10	32
8	9	27
2	4	22
1	7	20
0	38	90
5	10	26
4	2	27
4	8	31
7	10	32
7	9	25
6	9	25
3	8	21
3	8	22
0	12	91
0	11	90
3	5	23
4	5	22
29	37	91
0	2	22
0	2	22
0	2	22
4	7	27
4	8	24
1	6	21
4	8	26
4	8	25
6	11	34
10	16	39
9	15	32
11	15	36
9	14	33
8	14	34
3	25	89
4	25	90
4	6	24
6	12	27
3	6	23
6	9	25
5	10	26
7	12	29
8	8	31
8	11	29
6	23	91
3	8	28
3	6	22
2	5	20
4	9	24
9	14	36
2	6	20
9	13	32
6	7	24
3	6	20
4	22	91
2	5	22
4	8	26
5	11	25
6	15	32
0	12	91
7	7	27
6	11	32
4	6	24
4	8	23
7	8	25
4	8	24
4	8	27
1	4	21
8	10	31
9	9	34
10	7	31
8	8	28
3	5	20
2	18	90
0	2	78
6	8	30
2	4	20
0	5	90
1	23	90
4	9	25
1	4	20
0	13	90
1	13	90
2	3	21
4	2	23
4	7	27
8	10	30
0	11	90
0	12	91
2	11	89
0	6	91
7	9	32
0	3	90
2	21	91
10	8	35
5	5	25
1	4	21
0	9	90
5	9	59
1	5	22
5	7	24
5	10	32
4	-1	91
0	9	91
1	23	88
9	11	34
6	9	25
7	8	29
7	10	28
2	9	24
4	9	24
4	9	24
4	6	23
0	19	89
2	22	90
2	21	91
1	22	91
4	6	21
4	7	23
2	7	24
2	4	23
4	7	24
4	12	31
6	13	31
3	11	26
3	7	22
0	5	35
6	5	25
2	5	23
0	6	83
0	9	91
0	9	90
6	7	26
0	14	91
5	7	25
2	6	22
3	7	27
1	6	22
0	4	91
5	8	24
0	7	90
0	12	91
1	6	90
0	12	91
0	9	90
0	8	91
0	7	91
0	11	91
6	11	26
3	9	26
4	10	27
3	6	25
3	9	22
3	9	24
2	6	22
3	5	25
0	9	91
0	12	88
1	23	91
0	8	74
1	8	74
2	7	21
3	6	22
3	6	23
0	12	68
8	13	32
9	9	29
3	7	23
4	9	30
4	11	30
4	7	26
5	8	26
4	8	27
0	9	90
0	8	90
7	8	28
5	9	26
0	8	91
1	7	21
0	6	91
0	4	91
4	6	22
0	-1	90
0	23	90
0	26	90
0	25	90
0	25	90
4	9	30
6	8	30
5	10	27
0	13	91
3	7	22
2	7	23
5	6	31
7	9	27
8	13	32
3	8	31
0	12	90
0	12	91
6	7	25
3	8	24
0	2	39
0	12	90
3	9	23
0	7	91
4	7	22
0	3	23
0	3	24
0	3	22
2	39	91
2	4	22
1	6	21
1	5	21
0	12	90
0	9	89
9	12	29
4	8	30
2	9	23
6	10	24
10	12	36
6	9	30
5	9	25
3	7	24
2	4	23
2	7	22
1	18	91
0	14	88
0	4	90
0	5	90
6	12	35
5	7	23
0	19	90
0	13	91
1	6	37
0	6	37
0	6	42
1	4	31
6	8	25
0	9	91
0	12	90
0	7	91
0	6	91
0	10	91
0	5	90
3	8	22
0	6	91
8	11	31
7	5	27
7	13	33
0	16	90
0	18	90
5	11	31
0	14	90
8	10	27
0	8	91
20	30	91
2	7	21
2	5	21
9	10	32
9	12	30
10	14	34
5	5	26
5	6	25
4	6	30
2	4	21
8	7	27
1	7	22
0	4	20
0	14	90
3	7	23
4	7	23
3	6	20
9	13	30
4	7	24
2	5	21
4	7	24
6	12	27
2	7	21
3	6	22
2	6	23
0	-1	90
14	15	70
3	6	25
7	9	27
2	5	20
3	5	21
1	20	91
2	7	22
4	4	23
3	6	22
2	6	26
1	4	23
0	3	21
0	8	51
7	10	28
6	9	27
7	9	27
6	8	26
10	8	31
8	8	33
5	7	22
2	3	22
7	7	27
8	10	29
11	12	35
7	9	28
7	10	27
3	10	24
5	7	24
3	5	21
4	6	24
8	8	30
6	8	26
6	9	25
2	7	23
8	28	90
7	9	27
8	10	26
6	6	26
6	11	26
6	9	26
5	8	23
6	13	31
6	9	29
6	11	28
6	8	26
4	7	22
8	10	31
1	26	90
4	10	23
0	22	91
6	12	31
7	10	30
4	8	25
2	6	20
3	4	25
2	2	22
2	6	22
5	9	26
0	2	51
3	7	22
27	32	91
6	9	26
3	4	21
2	5	22
0	12	90
3	7	24
3	7	24
2	6	22
3	6	22
6	8	24
5	33	91
4	19	61
0	6	91
6	7	24
4	5	24
5	8	25
7	8	30
6	5	25
8	9	28
6	12	31
3	16	91
0	4	87
0	22	90
0	23	90
3	7	23
4	6	24
2	5	23
1	4	21
0	5	40
2	6	22
0	33	90
0	33	90
6	9	30
4	7	24
0	5	21
0	10	91
0	10	90
1	9	89
0	11	90
2	5	23
0	11	90
0	11	90
0	6	90
6	8	26
7	9	26
8	8	27
7	7	27
0	7	91
0	10	91
7	11	32
1	7	90
1	8	90
3	4	89
3	10	90
0	14	89
0	12	89
0	5	91
0	10	91
11	8	45
2	6	25
9	10	30
9	11	31
1	9	90
11	12	41
1	3	20
0	14	91
0	23	80
4	4	22
6	7	24
5	8	24
0	8	91
0	5	90
3	6	24
5	9	23
6	9	28
5	10	25
6	6	24
0	9	90
4	1	24
4	8	27
0	9	91
0	4	90
3	6	22
1	21	91
3	6	21
1	4	21
0	9	91
0	7	91
5	8	27
2	5	20
7	9	28
5	10	24
0	5	20
5	7	24
3	5	22
0	8	91
0	10	90
0	3	23
8	13	31
0	12	90
0	12	91
0	9	90
0	9	91
5	5	24
3	15	91
0	4	91
0	9	91
1	8	22
0	4	21
5	9	26
4	9	27
11	27	90
4	9	22
0	13	91
0	11	91
4	9	25
5	7	24
3	8	23
6	9	32
2	4	20
6	34	90
1	3	22
6	8	27
7	15	32
9	14	31
4	7	21
3	7	24
4	7	23
3	8	22
5	7	25
4	7	23
4	6	22
5	5	24
5	6	23
0	32	90
0	30	90
0	13	91
2	6	21
3	7	24
4	8	25
4	8	23
5	7	24
6	9	24
2	6	20
0	12	90
0	17	91
2	5	23
1	34	90
1	13	91
1	21	91
0	22	87
3	7	22
5	10	26
5	10	30
2	4	23
3	4	22
4	7	23
0	11	89
3	4	24
8	9	29
1	5	23
0	21	91
0	8	89
0	9	90
6	9	27
6	7	25
8	15	31
3	6	21
3	7	22
0	14	90
0	14	91
4	8	26
4	8	26
5	6	25
5	10	30
3	4	23
3	6	24
3	6	24
1	5	22
3	5	22
8	14	33
3	5	21
6	9	25
6	10	25
3	11	24
0	22	89
8	9	27
7	9	29
6	7	31
7	10	28
6	11	30
6	10	24
4	6	24
3	5	23
3	6	21
3	7	23
8	11	31
8	11	25
6	9	26
4	6	23
7	11	28
1	4	21
5	9	28
6	6	22
4	7	24
3	4	25
2	6	21
4	6	24
4	6	24
3	7	23
4	8	25
0	15	91
0	6	90
1	5	21
7	7	25
6	7	26
5	7	24
8	9	31
8	10	31
3	9	25
5	9	24
4	9	25
6	9	31
5	7	24
2	7	23
6	9	26
1	-1	91
5	8	30
5	8	25
0	8	89
0	14	90
0	13	91
3	5	21
6	11	34
2	4	22
1	31	90
8	10	38
7	8	27
1	7	21
7	11	27
0	10	90
2	6	23
4	8	26
5	7	24
3	5	23
5	7	22
0	8	90
0	9	91
4	7	23
3	7	22
6	9	29
5	37	91
2	5	24
9	12	34
3	34	90
2	5	23
2	4	21
6	9	26
5	9	31
5	9	26
2	12	91
0	10	91
2	6	21
2	3	22
2	7	23
2	6	23
7	12	30
3	8	22
3	8	26
3	10	25
9	14	32
9	13	30
12	14	41
0	5	23
1	5	21
5	9	24
3	9	24
4	10	24
3	10	23
3	24	90
5	9	24
7	9	24
9	13	31
0	21	90
8	13	29
5	8	25
6	10	26
7	12	26
6	10	24
0	34	90
2	6	22
3	6	21
5	8	23
4	7	24
4	9	24
4	7	24
5	6	23
2	6	24
4	7	24
2	8	22
3	11	23
4	11	25
4	9	24
0	20	91
6	8	27
4	7	25
6	9	30
4	9	25
7	12	27
7	8	28
7	12	32
5	12	30
8	12	32
5	10	25
5	7	22
7	6	24
0	15	91
1	2	26
6	7	24
3	6	23
4	8	23
0	15	91
0	12	91
4	7	26
1	5	91
1	4	21
2	4	22
3	5	22
0	26	91
9	10	33
0	11	90
1	4	20
1	1	22
0	2	21
0	2	20
4	5	23
1	1	21
4	8	24
3	6	22
3	7	24
3	6	22
6	9	25
0	-1	90
0	32	88
0	11	89
0	7	91
0	2	90
0	31	86
5	10	23
11	16	44
2	4	21
1	6	21
3	8	23
5	4	24
0	11	60
1	8	60
2	11	23
2	9	23
3	6	23
1	-1	91
0	12	91
12	21	90
6	7	29
9	13	33
0	7	90
7	8	23
4	10	27
3	5	22
0	9	91
0	9	90
3	4	22
4	7	24
0	9	91
4	8	24
6	9	24
5	8	24
0	30	89
1	28	87
0	9	91
9	12	32
4	9	25
5	7	24
4	6	23
0	36	90
3	7	22
3	7	21
6	9	28
6	7	31
4	6	24
2	4	22
5	6	23
5	8	23
5	6	25
10	11	35
4	10	24
6	6	25
0	3	21
3	7	25
3	8	25
4	9	24
5	10	23
4	7	24
3	8	24
11	17	39
2	8	23
1	6	20
4	6	24
7	8	24
2	5	22
2	4	22
1	3	21
7	12	30
6	9	26
5	8	30
3	6	20
1	12	90
3	5	25
3	6	24
2	6	22
3	6	24
1	3	21
5	6	27
0	7	90
1	12	90
2	5	20
0	12	91
7	8	26
0	13	64
2	33	90
6	8	25
6	9	25
1	4	22
0	3	21
0	3	21
3	6	22
3	5	22
3	7	24
7	10	27
3	7	22
4	8	23
3	8	24
4	9	33
3	7	31
6	7	27
3	6	21
4	7	22
6	9	28
0	14	90
0	11	90
5	9	24
10	8	31
5	9	25
8	13	36
5	9	24
4	11	30
1	8	22
0	9	91
0	5	24
5	27	91
7	8	27
0	10	90
0	9	91
1	3	21
3	6	23
5	8	25
5	10	32
3	6	22
1	5	20
8	9	31
3	6	23
1	5	91
1	8	91
4	7	26
4	5	24
4	8	24
4	6	23
5	6	23
4	8	25
4	7	23
0	3	22
6	8	25
1	6	20
1	8	22
5	11	30
6	10	31
4	7	24
6	10	24
7	11	27
8	12	31
6	9	26
6	10	26
5	8	25
5	8	25
5	9	26
5	9	24
0	11	91
3	8	24
4	5	22
0	27	91
3	4	21
4	8	24
1	-1	91
1	-1	91
1	25	91
0	26	91
0	24	91
4	9	31
4	8	30
6	7	25
7	11	31
6	7	24
4	8	26
4	7	25
4	6	21
3	6	22
7	12	27
7	10	32
7	12	30
6	12	32
6	10	26
5	8	25
1	4	22
9	10	32
8	11	30
3	7	23
7	10	26
5	11	30
4	10	26
0	28	91
4	11	26
4	10	30
6	9	25
0	15	91
3	8	21
7	14	35
5	10	29
5	8	24
8	11	31
5	8	24
4	9	23
7	11	31
3	8	23
5	10	24
6	11	25
4	34	90
2	5	21
9	13	30
9	13	32
5	9	26
10	13	31
7	11	30
1	25	91
9	10	34
8	9	30
9	12	34
1	9	79
0	7	91
0	13	90
3	29	90
1	22	89
4	26	90
0	10	90
0	14	91
0	4	90
0	3	91
0	9	91
0	10	90
2	4	22
2	3	21
3	6	23
2	5	22
2	5	22
7	13	31
6	11	31
0	9	91
0	9	90
6	8	30
5	6	27
6	7	25
6	9	27
8	15	31
9	18	34
6	9	25
0	2	22
6	7	24
6	12	26
1	29	91
0	22	91
7	6	25
3	6	21
0	4	91
1	5	91
1	-1	91
0	-1	91
4	8	24
2	7	22
8	11	27
2	5	22
0	11	90
0	15	90
2	7	20
5	7	24
7	12	32
2	11	26
3	6	22
2	13	30
4	5	24
0	13	91
0	11	90
3	7	21
6	9	24
6	9	25
6	8	26
6	10	27
6	9	30
7	9	27
5	6	24
3	7	30
4	9	24
3	6	24
4	7	23
2	5	22
3	8	22
2	6	22
7	11	29
1	20	84
5	7	25
5	5	32
6	12	30
4	9	26
3	6	21
4	7	26
6	8	31
8	11	31
9	13	31
9	13	34
7	10	30
6	8	25
5	5	24
3	6	21
3	6	25
1	5	22
1	4	21
0	4	20
3	6	21
7	13	30
8	11	32
4	10	26
3	8	24
6	8	27
5	8	25
2	6	23
0	32	91
3	6	22
6	12	30
0	3	21
6	11	32
6	8	26
6	7	26
5	12	30
0	21	90
7	10	28
7	11	32
0	13	91
9	14	33
8	13	27
5	9	26
7	11	28
5	9	24
4	11	32
9	14	33
8	13	27
6	9	24
6	8	23
7	8	30
7	9	32
6	9	26
7	9	31
3	10	26
5	9	25
4	7	25
3	6	24
4	6	24
4	5	22
2	6	23
1	7	20
5	12	26
3	7	24
3	6	23
4	8	29
4	9	27
7	11	26
4	9	23
2	6	21
2	4	22
2	3	22
5	9	25
5	13	32
4	7	23
7	9	28
8	-1	90
5	6	26
4	7	23
2	7	20
4	6	23
3	6	22
8	10	28
3	8	24
6	11	33
2	8	22
2	7	21
3	6	23
2	7	22
3	8	26
5	10	28
6	10	26
4	8	22
10	14	35
9	14	31
8	12	27
9	14	31
9	14	32
8	11	28
6	8	24
4	24	91
0	7	91
0	13	90
9	12	31
1	23	91
5	9	23
0	9	91
0	13	91
2	4	22
7	12	29
6	12	32
4	8	24
8	12	30
2	4	21
2	6	22
4	9	23
5	8	23
3	6	25
3	6	23
1	-1	91
2	6	24
6	10	28
7	12	29
7	9	26
6	10	27
4	10	26
8	10	32
7	9	28
6	11	30
5	10	30
6	12	32
5	9	30
6	10	27
6	10	28
6	9	23
1	5	20
5	6	30
1	6	22
5	10	25
5	9	25
5	10	25
7	11	29
5	10	25
3	6	24
0	11	80
0	10	76
2	5	24
4	5	22
3	8	24
2	8	23
1	5	22
1	4	21
0	10	90
4	6	24
3	7	23
2	6	22
3	7	23
4	6	24
5	7	23
2	6	22
0	2	20
3	9	24
2	5	23
5	11	26
3	9	23
2	5	22
3	6	22
6	10	26
0	9	77
2	8	22
5	8	25
5	9	24
3	5	21
1	4	21
2	6	24
6	8	25
6	7	24
6	8	25
5	8	23
3	4	23
8	12	30
4	7	24
3	27	91
2	6	21
3	9	26
3	7	25
4	8	24
0	23	91
5	7	25
4	8	25
5	10	34
0	16	91
0	16	91
4	9	24
4	8	25
4	8	25
2	5	21
8	12	31
5	7	23
3	7	21
5	7	25
0	7	75
7	9	33
2	6	23
7	14	30
9	12	36
6	8	25
2	6	21
5	9	26
4	4	25
5	7	26
6	8	25
5	9	27
4	9	26
4	8	25
3	8	24
3	7	25
3	7	22
2	6	23
12	12	35
9	13	32
8	12	32
9	12	33
6	28	90
8	9	30
7	8	27
3	7	24
6	9	28
3	8	22
2	5	21
5	7	23
6	12	30
2	6	20
6	7	26
0	3	21
7	9	26
2	2	21
3	6	31
6	7	24
5	9	24
3	7	22
3	6	24
4	10	23
7	11	27
6	11	26
12	14	90
2	5	21
5	5	25
4	8	23
2	7	21
4	10	23
3	8	23
3	10	24
4	10	26
5	9	24
4	8	22
3	7	21
4	10	25
5	9	24
4	9	23
4	8	25
4	10	24
4	6	24
12	11	40
13	11	38
12	10	40
10	10	38
11	10	38
10	10	36
13	10	35
9	9	34
9	9	33
1	4	91
5	7	26
3	8	21
1	21	91
7	10	26
6	8	24
5	8	26
8	11	33
5	10	23
0	0	52
10	10	33
7	9	30
4	11	25
8	10	26
1	5	21
0	4	90
6	8	26
6	10	35
6	5	25
8	11	28
10	14	33
9	15	31
10	12	31
2	10	26
4	7	25
7	12	35
0	5	91
0	4	90
0	19	80
6	10	26
4	11	25
6	7	24
1	6	20
2	8	22
5	9	24
7	10	26
7	11	24
8	11	35
1	5	22
7	7	26
6	5	27
2	6	21
5	8	25
5	8	24
4	8	23
6	8	25
7	10	32
6	6	30
1	8	90
1	6	22
0	10	89
0	11	91
7	11	30
1	5	21
3	9	22
4	7	27
3	7	25
9	9	32
5	7	31
3	9	31
11	11	35
3	6	21
5	7	24
7	9	30
1	4	20
4	9	24
6	9	26
5	8	24
3	8	24
9	14	34
6	10	24
6	7	31
8	11	32
4	11	24
3	9	24
5	9	23
3	8	22
6	11	31
8	12	26
7	9	26
2	5	22
1	3	21
2	3	21
0	8	90
9	13	33
3	5	22
2	7	23
6	8	24
6	10	30
3	6	22
3	8	24
1	3	22
4	10	24
5	10	25
4	9	23
7	12	31
8	11	32
1	2	21
11	13	39
12	12	37
3	6	23
3	7	22
7	10	29
4	9	23
1	11	89
5	10	23
3	5	23
5	11	30
8	9	25
1	3	21
1	5	22
8	9	27
6	10	27
2	8	23
2	9	24
3	9	25
3	5	24
0	8	90
4	9	23
4	7	24
1	3	20
4	8	25
7	8	26
6	11	30
4	9	24
4	8	25
3	6	22
0	4	22
1	4	20
1	4	22
0	9	91
0	10	90
3	10	24
3	8	24
9	12	32
10	11	33
10	10	32
6	11	25
4	6	23
8	12	33
8	12	31
7	13	31
7	11	30
7	9	31
0	20	90
0	24	90
7	11	30
5	8	24
7	12	32
5	9	24
4	7	23
5	9	25
7	10	28
0	13	91
0	12	90
5	10	26
6	11	25
3	6	24
3	7	24
4	7	24
6	6	24
3	6	23
3	2	23
5	-1	91
4	10	23
5	11	25
5	8	26
0	10	91
0	30	90
7	10	33
2	7	23
8	13	37
3	6	23
0	8	91
0	10	91
4	8	25
3	7	23
7	10	26
5	7	23
11	15	39
11	16	38
5	9	26
8	11	28
7	10	29
7	10	29
4	9	24
9	13	32
7	10	26
4	7	22
3	8	24
4	8	24
4	7	22
2	6	21
0	11	91
0	10	90
2	4	22
2	4	21
4	7	24
0	8	90
0	11	91
4	3	26
5	8	24
5	8	24
5	9	25
4	6	22
0	9	90
3	7	22
5	8	24
6	15	30
3	7	22
7	7	26
7	8	30
9	11	29
6	39	90
0	3	28
0	14	91
0	6	90
1	-1	90
1	-1	90
3	6	22
4	11	25
3	6	22
3	7	21
4	9	25
6	12	26
1	10	91
3	8	24
4	11	26
1	4	21
1	7	22
3	33	91
1	4	22
1	3	22
6	10	31
2	6	22
1	4	43
4	5	21
0	10	90
4	7	22
3	7	23
3	5	22
3	5	22
6	8	24
2	6	44
6	8	31
9	11	31
8	11	31
11	13	30
8	11	30
7	9	27
8	14	33
7	8	26
11	13	36
4	7	24
7	11	27
5	6	23
8	11	28
2	2	21
5	9	25
5	6	22
7	8	25
6	7	25
0	13	91
0	10	91
4	6	21
10	13	36
1	21	91
5	8	26
1	11	91
2	12	91
4	8	31
0	10	90
0	14	90
0	11	91
0	8	89
0	14	90
0	4	34
0	4	34
5	6	24
1	6	22
1	4	21
1	8	90
0	4	90
1	4	20
4	9	23
1	4	20
2	5	20
3	5	22
5	9	30
7	10	25
3	7	34
7	11	34
3	8	22
0	1	21
6	11	30
4	11	25
0	11	91
0	14	90
2	6	30
2	30	91
0	23	90
3	7	21
3	7	22
5	10	26
5	5	25
5	9	26
4	8	24
3	5	22
0	9	91
0	-1	89
0	15	90
2	6	22
5	7	24
0	4	40
4	10	23
8	11	36
10	10	35
7	10	32
2	4	21
0	14	90
3	14	91
9	13	30
3	5	25
1	20	91
5	9	26
5	6	26
5	9	26
3	5	23
1	4	20
0	22	87
6	9	26
5	7	25
4	8	22
6	7	25
1	7	21
3	6	22
6	9	32
3	8	24
2	5	21
2	8	21
8	14	36
3	7	22
5	5	25
4	7	25
2	4	22
1	6	23
4	8	24
10	13	34
9	11	30
10	11	31
0	9	91
2	7	23
3	8	24
1	29	90
5	8	23
12	-1	90
8	12	31
7	9	28
4	29	90
10	11	31
6	7	28
2	9	24
6	7	27
6	11	31
3	8	23
10	10	35
6	8	30
7	7	25
3	6	22
3	6	24
6	8	27
4	7	23
4	9	23
3	8	21
0	16	90
9	16	38
4	12	28
5	10	26
4	14	28
4	12	27
4	12	26
5	8	23
5	9	23
5	10	27
5	10	26
8	10	31
7	11	31
8	13	32
7	10	27
7	12	30
7	10	26
7	9	27
6	13	32
6	10	26
1	5	22
2	4	21
2	7	21
6	10	26
1	1	88
11	10	71
5	12	26
4	7	25
4	7	23
5	6	25
5	8	24
3	6	22
3	6	22
1	10	23
8	11	31
8	11	31
0	18	91
0	14	90
8	11	34
11	12	35
4	6	31
10	11	29
8	9	28
6	10	28
4	10	22
5	7	26
5	7	23
6	10	26
3	7	22
5	12	31
5	9	22
6	10	26
5	12	25
2	8	24
0	2	21
3	5	24
1	6	22
0	5	21
6	7	26
4	7	24
6	9	29
3	9	27
3	8	24
3	6	23
5	9	30
4	8	26
4	6	30
1	7	22
2	7	24
4	7	25
4	9	23
7	10	26
0	3	21
4	7	22
1	5	23
6	8	22
8	9	28
7	10	26
7	9	27
7	9	26
4	6	20
3	4	23
5	5	24
3	6	25
4	7	24
1	9	90
0	12	91
0	24	88
2	5	21
6	7	25
3	5	23
3	5	22
3	6	23
5	11	25
5	9	24
25	48	90
12	9	33
8	9	30
2	6	22
0	18	90
4	9	24
2	6	25
1	5	23
2	5	24
2	6	22
4	4	21
4	7	24
0	7	91
3	6	22
2	6	21
4	8	31
3	9	26
6	9	25
2	6	22
2	27	90
6	8	22
4	10	28
3	5	20
6	10	24
6	9	30
7	11	28
8	10	27
6	10	26
0	7	90
0	8	90
5	12	27
0	9	90
0	13	89
4	41	90
0	8	89
0	7	91
2	6	21
7	8	30
5	9	24
6	7	25
5	6	25
5	6	26
4	10	26
2	6	21
4	6	22
2	5	23
6	10	30
5	7	26
5	8	28
0	24	91
4	11	28
3	11	31
2	6	21
3	7	23
4	9	27
13	8	38
2	7	22
2	5	22
6	10	26
8	8	30
7	11	25
6	9	25
3	6	21
3	8	23
1	3	21
7	9	29
4	7	24
1	5	24
4	6	30
5	8	24
0	4	54
7	8	31
8	10	28
11	12	33
8	13	36
9	11	37
1	8	89
3	4	23
0	24	91
0	11	91
0	14	91
5	10	26
9	15	37
9	15	31
2	5	22
0	11	90
0	11	91
0	5	91
5	12	91
3	15	89
1	3	23
0	9	91
0	6	91
3	6	21
2	7	21
2	5	22
4	6	22
3	22	54
6	7	25
6	10	26
6	9	25
7	8	28
2	5	20
6	7	24
1	6	57
0	5	57
4	6	22
1	4	21
3	4	24
1	39	90
6	11	30
8	11	32
4	8	30
7	15	38
3	7	21
1	2	22
3	6	21
3	5	22
4	7	22
3	6	22
4	6	23
1	27	91
1	27	91
1	27	91
1	27	91
2	3	22
2	3	20
6	7	27
1	3	22
1	2	21
0	3	37
2	4	21
13	13	46
2	5	21
2	5	20
2	5	21
21	25	90
3	4	23
3	6	23
0	0	21
1	7	22
3	7	22
3	6	21
4	11	28
4	8	23
3	6	22
4	8	23
7	10	31
6	11	29
4	10	26
3	10	26
4	10	27
4	10	24
5	6	24
3	7	23
0	5	26
2	9	31
0	23	89
7	5	25
0	1	21
2	5	21
0	15	91
0	13	91
4	7	21
2	23	85
0	8	90
0	10	91
0	14	91
1	3	20
0	11	91
0	8	90
0	11	90
0	10	91
10	10	34
10	10	38
9	10	33
3	4	23
0	12	90
0	12	90
4	9	27
3	7	22
5	5	23
6	26	91
3	6	22
1	3	21
5	8	27
5	8	26
0	27	91
0	14	90
11	15	38
2	9	26
3	11	24
0	4	90
0	5	90
1	9	23
0	2	21
7	10	32
8	10	31
6	9	30
8	10	30
7	9	28
6	8	26
5	9	25
5	8	24
2	6	20
4	5	25
4	5	26
3	5	25
3	4	22
4	5	24
7	8	25
3	6	23
4	7	23
2	7	21
5	8	25
3	9	24
1	3	21
2	4	21
2	6	21
5	8	25
5	7	23
0	9	91
5	9	31
2	9	23
6	7	26
6	13	30
3	8	23
5	7	25
0	7	55
2	6	20
0	15	90
0	14	91
2	4	21
2	6	22
0	10	91
0	11	90
4	6	24
3	7	22
4	6	26
4	8	23
0	8	91
0	16	90
4	9	25
6	7	26
1	3	22
3	7	22
1	4	25
5	11	30
8	11	31
5	10	31
0	18	91
3	6	25
0	8	91
0	9	90
7	13	30
5	8	26
4	7	25
1	14	90
0	11	91
0	7	91
1	5	22
2	7	20
3	6	23
5	9	25
5	7	26
7	11	31
6	9	26
5	8	25
5	8	26
5	7	26
4	12	24
5	10	24
2	7	23
3	8	22
10	14	35
6	7	26
3	9	23
8	9	30
7	10	27
3	5	22
4	7	22
4	7	22
0	41	91
2	6	22
8	8	34
6	8	26
4	6	25
6	8	32
11	11	39
11	11	39
10	11	38
10	11	38
10	10	37
1	25	90
6	10	27
6	10	26
5	31	91
0	19	90
5	11	26
1	5	21
0	11	91
0	8	91
5	11	30
6	12	31
1	13	90
4	7	23
6	8	25
3	7	24
3	8	25
3	9	25
3	7	23
5	9	25
3	8	24
6	9	30
4	10	24
3	8	33
8	10	30
7	10	26
4	12	26
8	6	29
1	5	22
0	26	91
10	12	35
4	7	26
7	12	34
5	11	31
4	6	21
5	8	24
9	11	27
8	11	27
9	13	32
8	11	32
9	13	31
2	5	22
6	10	31
5	7	23
29	30	91
4	7	21
12	-1	40
12	12	36
4	8	24
1	15	90
1	11	90
3	5	21
3	5	20
0	13	89
0	4	23
1	4	22
5	10	26
7	12	27
2	3	21
5	8	24
9	14	35
3	8	22
1	8	22
1	8	21
7	12	28
6	8	25
6	11	25
3	8	25
8	11	29
2	5	24
5	8	24
3	7	20
2	7	21
3	7	21
5	9	23
5	9	24
0	8	90
0	2	23
0	3	21
5	8	27
1	4	22
5	11	29
6	7	27
7	13	27
0	20	90
2	7	21
2	7	20
0	8	90
5	6	25
4	6	26
6	8	26
6	9	25
3	10	31
5	7	23
17	18	53
9	15	33
0	39	91
0	24	91
5	13	29
0	0	90
0	1	91
4	10	30
4	-1	91
6	11	30
6	8	26
7	9	26
4	7	24
3	28	90
3	8	25
7	8	26
3	6	22
0	10	91
3	6	25
4	8	24
1	5	22
6	7	25
6	10	25
5	11	24
3	6	22
8	10	28
0	8	81
7	10	29
4	9	24
0	-1	91
3	7	24
4	7	24
0	10	91
8	13	30
0	12	91
0	10	90
5	7	23
0	3	20
4	5	26
5	4	27
2	8	21
3	9	22
8	12	34
9	11	29
0	20	90
6	8	25
7	9	30
3	6	22
3	9	24
5	8	26
6	8	26
6	9	26
4	11	25
2	13	90
4	8	26
4	8	25
3	7	22
7	11	27
8	11	26
5	6	25
1	5	21
7	6	27
3	5	22
5	10	24
6	7	23
4	11	30
3	5	21
5	9	26
1	7	88
3	8	23
4	11	28
4	8	25
3	5	22
3	5	22
2	5	21
3	7	22
3	6	22
2	5	25
3	5	21
2	10	23
4	8	22
1	4	22
4	6	26
4	8	23
4	-1	90
7	9	26
8	10	27
0	11	90
1	6	20
2	10	22
3	8	23
2	6	21
0	28	83
6	8	25
6	32	91
8	12	32
5	12	31
6	11	32
0	11	91
0	8	91
2	4	21
5	6	22
2	7	22
2	8	23
2	6	22
4	11	26
2	10	24
4	10	26
5	8	25
4	6	22
7	12	32
6	9	26
7	10	26
6	9	28
5	13	31
6	5	25
5	8	26
4	7	22
0	9	90
5	8	24
3	8	22
8	11	29
6	11	28
6	12	27
9	10	29
1	3	22
5	5	24
8	11	32
8	11	33
5	8	22
5	11	31
5	8	27
3	7	24
8	10	30
0	7	91
4	9	24
0	14	90
0	14	90
3	5	23
0	32	90
2	8	23
4	9	24
5	8	25
5	9	23
2	5	21
1	11	91
0	11	91
6	13	30
5	9	28
2	4	22
1	16	78
1	10	91
7	6	27
0	4	21
2	6	21
4	7	23
2	4	24
5	9	32
6	7	25
3	7	22
7	8	26
2	3	22
0	4	21
2	4	23
4	8	23
3	7	23
4	5	25
3	6	22
2	9	23
3	11	23
4	10	24
7	8	25
4	9	24
0	24	91
7	8	26
6	7	23
3	7	24
3	6	21
1	6	22
0	27	90
9	16	38
0	10	90
4	10	24
5	10	26
9	11	32
8	11	27
9	11	29
9	13	30
4	9	24
3	6	24
3	5	23
0	5	90
6	7	27
2	9	24
3	22	90
7	9	31
6	8	24
4	8	21
5	7	25
2	5	21
2	5	25
10	10	35
3	4	23
3	4	22
5	8	26
0	11	91
2	5	22
2	5	20
3	6	22
5	6	30
7	9	28
7	10	27
5	8	25
2	6	22
5	7	25
4	7	22
8	10	32
6	8	27
0	3	22
3	5	22
4	6	23
7	8	30
8	8	29
5	8	23
5	9	26
5	7	24
4	7	25
3	5	23
4	6	22
3	6	25
6	14	34
5	8	26
3	6	21
0	4	22
0	4	22
5	6	24
5	7	25
5	7	25
1	3	21
0	6	21
0	5	20
7	10	27
4	9	26
1	21	90
23	44	91
3	20	90
4	8	24
3	6	22
8	10	25
0	11	91
0	12	91
6	8	26
6	9	30
6	8	25
6	8	25
6	7	24
0	4	20
7	12	30
4	7	24
3	2	24
6	9	28
4	8	26
9	11	30
10	11	29
10	12	32
10	11	30
9	10	29
9	10	31
2	8	30
8	8	32
6	7	31
5	5	25
6	9	26
0	5	91
3	6	24
0	8	90
2	5	21
7	7	29
3	7	23
3	9	24
7	9	26
5	9	26
0	4	22
8	10	31
0	11	91
1	5	22
7	6	30
2	7	22
2	6	25
3	7	22
8	12	38
5	9	25
3	41	91
7	8	24
7	8	26
9	8	36
7	8	27
1	5	20
7	10	30
0	2	91
0	2	90
11	13	36
8	8	31
9	8	30
9	10	31
2	4	23
2	5	22
4	7	22
0	3	21
6	32	67
7	28	58
5	31	66
6	29	61
4	31	64
1	6	24
1	4	22
8	8	31
2	30	90
8	9	25
6	10	29
3	6	22
0	2	26
8	9	27
2	5	22
3	6	24
6	9	32
5	7	26
6	7	25
4	8	26
0	10	91
3	27	83
2	28	89
3	9	25
4	8	25
2	9	23
4	8	26
4	8	26
3	5	23
6	7	25
2	8	21
8	15	31
0	-1	88
0	9	90
9	11	31
8	9	30
8	9	29
7	8	26
6	9	26
5	9	25
0	8	90
0	10	91
6	10	27
0	23	88
0	25	91
1	3	20
2	5	21
1	4	20
5	7	25
7	8	30
1	5	20
0	6	88
0	9	90
2	8	22
3	8	22
2	8	22
9	12	34
9	13	35
1	22	91
7	11	29
3	8	22
3	7	23
0	5	89
0	27	91
3	6	22
4	9	23
5	8	23
0	13	90
2	6	21
0	17	91
0	31	91
1	28	91
1	12	90
0	12	91
7	11	36
1	25	91
8	14	37
0	8	90
0	8	91
0	11	90
0	14	91
4	-1	91
4	32	89
5	8	26
4	9	33
10	14	34
7	7	27
1	7	89
0	4	22
1	6	20
3	5	22
3	8	22
2	6	21
0	16	91
0	10	91
4	10	27
3	3	23
9	12	31
2	4	23
4	5	22
6	6	29
3	8	23
3	5	23
2	5	22
3	4	23
0	26	91
5	9	23
4	9	27
1	6	21
8	11	32
3	9	25
9	13	34
3	9	24
1	4	22
8	9	27
3	7	24
7	14	31
0	20	90
0	20	90
0	13	91
5	5	22
0	30	90
6	7	27
1	10	91
2	9	25
6	11	25
2	4	25
4	6	22
4	9	25
7	10	31
4	4	23
2	6	22
6	9	26
5	8	25
6	10	26
4	7	27
0	12	90
0	4	91
4	10	30
4	7	27
4	6	26
5	6	25
2	5	24
1	5	20
7	9	31
5	6	24
7	8	26
2	6	22
2	6	21
0	10	91
2	4	21
7	7	27
2	7	21
5	6	24
3	13	32
5	6	25
4	5	23
4	5	23
4	7	30
4	8	31
3	6	22
3	6	23
1	6	24
3	7	22
0	7	91
0	8	90
2	3	23
0	8	91
0	9	90
6	8	25
5	8	29
1	13	90
9	10	32
8	9	29
10	10	35
9	11	33
8	11	32
8	9	30
0	4	21
2	38	86
6	10	25
1	9	22
0	4	90
1	8	76
0	14	91
0	16	90
4	7	23
0	5	21
0	14	91
0	11	90
6	10	29
0	6	91
0	10	91
0	7	91
0	9	91
0	26	91
6	9	30
2	32	90
3	4	22
3	3	23
5	7	25
0	8	91
0	10	87
7	7	31
2	7	22
3	5	21
4	7	24
1	-1	91
0	-1	91
9	10	32
7	12	27
9	11	31
0	11	91
5	7	27
1	3	21
4	12	30
3	7	24
2	6	20
3	4	25
8	9	27
1	30	90
0	8	91
0	8	90
5	10	25
4	7	27
3	7	22
4	6	23
5	8	26
5	5	27
5	6	26
1	6	21
3	7	23
4	6	26
7	12	32
5	12	30
3	7	21
7	10	28
6	8	26
4	6	24
6	9	29
6	9	27
20	-1	91
0	32	90
6	8	27
2	6	23
1	2	22
2	6	21
2	4	20
5	8	29
5	6	24
3	36	90
0	12	90
4	7	24
0	13	90
0	8	90
2	5	22
0	5	23
1	3	22
4	6	23
4	9	24
5	9	25
4	6	23
6	8	23
6	10	27
3	8	21
1	9	90
1	11	91
5	8	25
0	11	91
0	9	91
2	6	21
0	9	91
10	14	36
10	13	38
10	12	35
13	14	40
2	5	23
3	6	21
3	7	21
6	8	27
0	7	91
9	17	45
9	12	33
6	9	30
9	11	30
7	8	31
2	7	22
10	13	32
6	9	24
4	7	24
2	6	22
9	12	30
3	7	22
8	13	32
8	10	30
7	8	24
2	7	23
1	6	23
5	6	23
2	4	20
0	6	91
0	-1	90
2	3	22
1	2	21
0	1	21
3	7	22
2	5	23
5	9	23
5	10	24
6	8	25
4	6	24
3	7	24
4	6	25
2	3	22
4	7	22
7	9	26
8	10	28
9	11	29
7	8	25
0	17	90
7	10	26
8	10	25
10	-1	40
10	13	37
9	14	36
9	14	35
6	7	24
0	3	21
7	13	34
4	10	31
2	5	21
3	6	22
3	8	23
2	7	22
3	7	23
2	7	23
3	7	23
5	9	23
3	4	23
9	14	35
5	7	26
0	-1	90
1	4	21
0	6	22
1	5	24
2	5	22
3	4	22
0	21	91
3	4	21
0	10	90
1	15	90
0	9	90
11	11	37
4	8	26
7	9	30
3	7	21
1	4	23
1	7	57
0	7	90
4	5	23
5	6	22
0	14	91
0	11	91
3	7	24
4	8	25
3	7	23
0	3	21
2	4	21
2	6	21
7	14	31
10	14	38
6	8	26
1	4	20
6	7	25
3	8	22
2	7	21
1	4	22
4	8	22
5	9	25
6	10	25
6	10	27
0	29	91
10	12	35
0	15	90
0	14	91
1	4	21
0	9	88
0	14	90
6	9	24
1	7	21
1	26	91
6	7	30
4	8	24
4	6	24
0	12	91
1	15	91
2	6	21
0	41	91
10	13	34
5	9	24
2	4	23
5	6	24
5	12	26
0	8	91
9	9	27
2	39	91
5	9	25
5	8	25
3	27	90
2	5	22
3	8	21
6	11	26
5	6	23
5	8	25
3	7	23
6	8	25
3	6	22
8	11	29
5	8	25
7	10	27
1	4	22
6	9	26
2	7	21
7	8	24
9	12	33
5	6	27
3	6	23
4	7	24
4	6	23
8	12	30
4	9	26
4	7	24
7	11	30
6	8	28
2	5	22
3	6	24
6	8	27
3	33	91
1	2	22
3	5	23
4	8	25
4	7	25
6	8	27
6	9	25
2	6	21
3	5	22
7	11	28
8	10	28
2	6	21
0	25	91
3	5	22
8	8	26
3	8	21
6	9	28
7	8	27
3	8	25
3	7	22
2	8	22
2	6	22
0	10	91
4	5	22
6	8	23
3	9	24
1	7	22
2	4	22
4	9	27
3	8	22
2	9	22
6	9	24
2	28	91
2	8	26
3	6	21
8	11	28
10	14	32
4	8	31
1	6	20
3	6	23
5	7	24
2	4	23
8	12	31
6	42	91
6	6	26
8	10	26
7	9	26
7	9	26
4	7	27
2	8	23
0	6	91
3	29	91
1	5	23
2	6	22
4	6	22
4	8	25
10	11	39
3	7	22
5	7	25
0	11	91
2	9	22
1	27	91
10	13	31
10	11	35
2	5	20
3	6	21
2	6	21
4	6	23
4	9	25
1	6	91
6	9	27
5	8	25
1	5	21
8	11	31
0	9	91
4	24	91
4	5	23
2	9	24
8	14	31
1	2	54
6	8	26
5	27	91
1	21	91
7	9	26
6	10	28
6	11	27
4	18	88
6	9	24
0	6	39
4	7	24
7	11	24
2	9	23
4	5	24
8	12	33
7	11	27
5	8	25
3	9	23
3	4	23
4	5	24
1	5	22
5	8	30
2	5	20
4	10	25
5	12	28
5	11	30
7	13	30
5	9	24
2	6	21
8	13	28
11	12	36
12	16	43
12	20	45
10	15	36
11	13	32
8	13	30
9	10	32
10	14	38
10	13	33
10	14	36
10	14	35
10	14	34
8	13	33
10	12	33
6	8	28
7	12	30
7	9	24
0	25	70
8	12	30
1	4	20
7	9	25
9	11	31
8	11	28
5	8	25
4	7	24
8	12	32
7	11	34
8	12	31
5	10	25
3	10	24
3	6	22
0	13	91
7	8	30
4	16	30
5	8	24
23	33	88
4	9	25
2	5	22
3	8	26
2	8	24
3	8	23
7	8	27
6	9	26
2	4	20
4	6	23
2	5	21
6	8	23
2	10	24
4	8	23
6	7	28
5	7	26
5	6	24
4	4	26
3	5	25
1	7	20
4	6	23
4	8	28
5	8	24
1	6	20
1	30	90
0	2	21
0	3	20
0	14	91
27	58	91
5	6	24
4	6	23
3	7	22
1	4	22
0	22	87
4	7	24
7	8	21
10	12	37
4	8	30
4	8	24
9	11	29
2	4	21
5	8	26
2	7	23
1	27	88
1	3	24
7	10	28
4	7	23
7	12	32
5	8	25
6	6	28
3	8	22
7	11	33
4	4	25
0	5	20
4	10	23
1	12	89
4	5	24
0	7	90
5	11	26
7	10	27
7	11	25
3	7	26
0	14	89
3	7	22
7	15	34
3	6	24
4	28	84
6	8	30
2	5	22
4	6	23
2	34	90
0	32	89
4	10	30
4	9	24
2	7	21
5	11	26
10	14	34
9	12	29
5	12	31
5	6	25
6	8	23
3	7	22
4	5	25
5	4	25
2	6	21
7	9	29
3	6	21
0	9	91
0	9	91
2	10	24
3	8	30
3	8	24
6	6	26
0	3	91
0	7	90
2	21	91
0	21	90
6	24	90
3	5	22
3	6	24
7	10	29
0	10	91
1	33	90
7	8	30
4	4	23
0	3	20
0	7	91
0	16	90
3	7	20
20	20	62
3	7	25
4	5	24
3	5	22
2	8	24
4	8	24
6	7	26
7	11	31
2	5	21
4	10	27
4	7	23
4	7	24
4	9	26
0	20	90
2	6	22
4	-1	90
8	12	30
6	7	24
29	31	90
5	6	27
2	6	22
3	5	22
3	5	21
4	8	27
5	9	26
8	10	25
4	6	24
5	8	28
4	6	25
4	6	23
2	5	21
6	10	25
8	9	31
4	5	22
0	5	91
6	10	25
4	8	23
5	8	25
8	14	33
7	9	28
7	6	26
2	9	22
3	7	24
3	5	23
4	7	23
1	4	22
4	9	30
8	10	28
5	9	25
5	8	24
17	-1	58
10	12	35
2	5	23
7	12	34
8	11	29
2	5	22
2	8	91
2	6	26
3	7	20
1	6	20
8	9	29
8	8	26
8	10	30
7	8	27
5	5	25
4	10	25
7	12	30
7	10	29
3	12	31
6	9	31
6	12	32
0	1	25
8	9	26
0	13	90
5	7	25
0	7	91
5	10	27
7	10	32
2	5	23
3	6	22
2	7	22
4	5	24
0	19	91
8	10	31
1	8	23
1	8	22
3	8	25
7	8	31
7	10	28
6	8	24
3	10	24
4	8	25
9	13	30
5	7	21
6	8	25
7	10	31
7	9	26
7	10	25
2	6	23
0	25	91
4	6	23
4	9	25
4	8	24
3	9	24
6	8	30
6	8	25
3	10	25
8	11	32
5	8	23
1	42	91
1	4	21
7	9	23
2	5	24
3	5	22
9	16	34
9	13	35
7	8	25
8	9	30
3	5	21
0	6	88
0	9	91
3	7	22
3	7	22
2	5	21
8	10	25
6	8	24
3	9	23
7	10	30
9	11	31
5	10	24
1	5	24
2	8	22
6	10	25
4	6	23
0	22	90
4	7	22
0	33	91
5	5	22
5	8	25
6	10	27
0	26	90
5	34	89
0	39	91
3	4	24
0	5	23
4	6	22
5	8	27
2	6	22
8	12	30
6	10	27
3	8	23
5	9	24
2	7	24
2	5	23
2	6	21
7	9	25
7	24	90
1	23	87
2	9	22
4	5	24
8	9	31
4	6	22
11	17	35
0	1	66
0	4	21
3	7	23
9	12	28
0	26	90
3	5	22
3	6	24
0	-1	90
0	6	91
7	13	33
2	12	30
2	7	22
2	6	22
12	15	39
7	9	30
2	6	23
3	10	26
5	9	25
3	4	24
3	4	22
7	13	32
2	4	22
2	5	20
4	5	21
9	11	57
6	10	27
5	10	32
4	8	31
0	21	91
2	3	21
4	9	31
8	11	31
0	8	91
4	5	23
1	-1	91
7	6	25
5	10	30
3	8	21
4	6	23
2	5	22
0	14	91
1	11	91
2	9	71
2	11	71
3	4	24
4	4	24
6	7	25
6	8	24
5	9	23
2	5	21
5	12	31
4	6	23
3	7	22
4	8	22
3	7	23
3	5	21
8	10	32
12	12	38
8	9	31
4	12	31
3	4	25
2	6	22
0	23	90
6	9	27
6	10	29
3	7	23
2	5	21
4	8	24
5	6	25
3	6	23
4	6	24
5	9	30
5	7	24
4	8	25
3	8	25
4	6	20
5	5	25
5	9	30
7	9	28
4	9	25
2	5	22
2	4	21
4	7	22
3	6	24
10	11	34
6	9	25
0	7	91
0	3	90
0	30	91
3	7	22
3	9	27
0	-1	90
3	7	23
2	4	23
4	9	30
6	10	31
4	7	25
2	24	90
6	6	22
1	5	22
2	6	23
0	21	90
0	20	90
6	9	26
4	6	22
5	13	32
2	7	21
4	6	22
6	10	26
9	11	37
3	5	22
8	9	35
11	14	35
10	12	29
8	10	34
9	19	41
0	8	90
2	10	25
5	9	26
6	7	30
5	5	25
5	5	24
0	9	90
0	9	90
6	9	27
4	39	90
0	8	90
6	8	25
4	7	23
1	10	90
0	14	90
2	10	90
2	7	21
0	4	91
28	30	90
6	11	30
4	5	23
2	7	20
9	11	30
7	10	24
8	9	31
3	5	21
16	15	46
0	14	91
0	13	90
10	13	33
2	10	24
5	10	30
2	4	21
8	13	33
0	5	91
3	6	26
7	9	27
7	11	25
3	4	22
5	8	24
5	33	90
3	6	23
3	7	22
3	7	21
2	6	23
8	10	31
8	9	31
7	8	31
5	8	26
5	7	27
5	7	25
5	10	26
4	8	26
7	10	29
2	7	23
2	9	23
3	10	23
5	8	24
2	5	21
0	24	90
3	6	23
3	8	25
9	11	34
2	6	24
3	5	24
2	5	22
2	9	23
0	5	90
0	5	90
5	10	24
5	8	24
5	10	28
6	8	30
6	10	31
7	11	33
7	10	30
8	10	30
0	12	91
0	11	90
7	11	31
4	9	30
7	12	25
5	7	25
9	11	33
4	8	23
6	9	32
3	5	21
3	6	21
7	12	31
6	8	30
0	21	91
7	10	31
4	11	24
6	7	23
0	15	90
1	3	21
5	8	27
8	13	33
3	7	22
0	9	90
0	4	20
0	13	91
0	11	90
6	6	24
6	7	26
4	8	23
1	24	91
0	5	91
0	12	90
6	7	26
6	10	31
1	27	91
24	29	91
2	5	23
0	33	91
9	9	27
3	6	23
4	7	23
5	10	26
1	4	21
0	4	20
4	7	22
2	9	24
3	7	23
4	8	27
2	7	23
3	5	30
0	14	91
4	9	25
2	9	25
4	7	24
22	28	65
5	9	27
3	6	21
0	14	89
0	12	91
1	14	91
6	9	27
2	4	23
3	8	23
3	6	20
3	5	23
6	7	26
7	12	32
0	6	81
8	11	27
7	9	27
7	9	27
2	7	21
6	7	23
3	7	22
10	10	32
0	4	21
1	3	21
3	5	23
5	9	23
7	11	35
0	8	91
0	8	90
2	6	21
1	5	23
0	10	90
4	9	24
4	8	23
0	13	90
7	5	32
4	6	26
3	8	21
1	13	91
0	14	91
0	11	91
1	17	90
2	5	20
3	2	22
4	4	22
1	8	91
3	6	24
0	7	89
0	7	91
2	5	22
3	4	21
0	11	88
4	6	28
1	9	90
1	9	91
6	10	30
7	8	37
0	6	91
0	10	90
2	7	22
3	5	22
3	6	23
3	5	21
0	0	21
0	8	88
0	8	90
3	7	23
6	9	25
2	8	23
4	6	26
0	15	91
0	11	91
4	9	23
4	7	26
5	7	25
6	8	27
4	7	25
6	6	22
9	15	45
3	7	25
5	10	27
1	8	90
0	9	90
0	8	90
0	6	90
1	6	21
2	36	91
8	6	32
7	6	30
3	4	21
4	4	26
9	10	33
0	10	90
0	10	91
6	9	24
7	9	32
4	7	26
4	6	24
9	10	37
5	7	25
3	9	26
4	8	22
2	3	20
4	10	26
3	9	25
3	8	24
5	7	24
4	6	23
3	7	21
0	9	91
3	7	22
0	3	23
6	10	31
5	7	24
6	8	25
0	8	90
5	8	23
3	9	27
3	7	24
0	5	20
6	8	24
6	8	25
2	6	21
0	4	89
0	3	91
4	8	24
0	9	91
0	2	91
0	28	91
1	4	22
0	12	91
1	-1	91
0	-1	91
4	7	26
5	7	24
4	7	24
3	7	23
3	5	23
2	6	21
4	5	26
7	12	31
8	12	34
7	11	32
9	11	33
7	10	30
6	8	26
0	-1	90
3	9	23
1	2	23
2	6	22
6	13	31
3	12	32
5	11	28
2	8	23
2	7	22
3	8	23
8	11	30
5	7	27
2	7	21
6	9	30
0	23	91
2	6	23
1	2	21
4	6	24
4	7	22
4	6	23
2	8	21
6	8	25
5	6	25
4	24	90
7	27	90
3	5	22
8	12	35
9	10	28
4	5	22
0	13	91
8	11	34
3	8	25
4	4	23
3	5	21
4	8	90
1	14	87
3	11	28
4	9	26
2	7	23
4	3	23
7	9	27
0	3	22
3	6	23
2	6	22
3	8	21
6	8	28
7	8	29
7	8	27
7	7	28
4	7	31
2	4	22
6	8	28
1	36	91
0	3	22
3	9	24
3	7	23
10	13	35
3	7	22
4	9	23
3	9	25
2	5	22
0	-1	91
0	-1	91
0	5	90
0	6	91
6	7	26
5	7	26
0	3	20
2	5	25
0	8	91
4	5	24
5	26	91
5	12	30
4	11	27
5	9	26
6	9	26
1	14	91
2	31	90
3	31	91
8	9	29
3	7	22
5	7	24
5	7	24
3	6	23
3	7	30
7	8	26
6	9	26
4	8	26
3	5	23
2	6	22
2	6	21
4	6	21
7	9	26
4	9	24
4	8	25
3	8	22
2	5	23
4	4	24
4	7	27
0	14	91
7	9	30
8	10	27
6	8	26
4	7	24
1	4	21
0	4	23
0	8	90
4	9	25
4	7	24
3	9	25
3	5	21
4	10	27
6	9	25
4	8	24
2	5	24
0	3	91
0	12	91
7	8	31
3	7	23
3	7	21
6	7	26
3	4	23
3	8	23
1	3	20
3	10	28
0	11	75
4	7	22
7	11	31
3	7	24
3	6	23
7	11	34
1	18	90
8	9	28
6	10	27
3	25	91
0	1	40
6	9	24
3	-1	90
8	14	36
2	5	21
7	10	27
2	7	23
4	7	24
3	7	23
3	7	22
0	5	21
6	6	24
6	8	25
0	17	91
8	13	28
7	11	26
6	10	27
0	20	90
4	9	30
4	8	30
4	9	27
5	9	25
4	7	23
3	10	26
7	9	30
5	8	30
4	8	32
4	8	25
3	7	26
1	4	23
0	27	91
5	8	26
8	14	31
9	7	28
4	11	28
5	10	25
6	8	24
0	12	90
0	11	91
6	6	26
5	9	27
4	6	21
4	7	25
0	8	90
0	6	88
4	8	31
4	9	26
5	7	27
3	6	26
3	9	22
0	14	90
0	7	91
3	6	22
8	9	26
1	5	21
0	4	21
1	18	79
7	13	31
0	11	90
0	12	84
3	6	21
6	12	28
7	10	27
8	11	28
7	10	26
6	10	26
2	7	22
3	9	24
10	12	34
2	3	23
2	5	22
2	6	21
2	26	82
0	11	91
3	6	21
7	9	32
4	7	22
3	9	23
2	5	22
1	5	21
9	11	29
6	13	31
2	6	22
0	11	91
6	8	24
2	4	21
1	9	22
7	13	34
6	9	26
4	10	23
0	8	90
4	8	23
4	7	23
2	7	22
4	8	24
4	4	25
3	4	24
3	4	22
2	4	20
2	7	21
5	10	25
25	38	91
1	8	58
6	9	23
5	9	23
6	38	91
6	7	23
8	11	29
5	9	31
4	8	25
6	12	33
5	9	27
7	10	33
5	10	31
8	10	31
6	11	26
6	11	31
4	6	25
3	8	26
5	9	31
3	6	24
3	6	24
3	10	25
1	5	22
11	15	38
1	4	21
5	9	32
3	7	20
6	9	25
2	7	24
0	3	22
7	9	25
0	12	84
5	7	24
3	8	23
7	12	32
3	6	22
5	8	24
4	7	24
6	8	24
2	5	21
37	38	89
5	10	33
7	9	27
7	13	29
2	8	22
6	6	24
7	8	25
7	8	27
0	8	90
5	10	24
0	12	90
9	12	37
0	11	90
0	10	88
7	12	30
4	8	26
1	8	21
0	9	90
5	8	28
0	3	20
4	8	23
0	6	68
3	8	23
3	8	23
4	9	27
1	21	89
4	7	24
2	5	22
5	7	23
1	4	21
0	23	91
1	5	21
8	10	28
8	9	31
5	8	25
1	5	21
6	9	27
4	7	25
5	7	25
2	7	24
4	11	23
3	6	23
5	7	25
5	7	26
1	3	21
8	6	35
5	7	25
4	9	22
5	7	25
4	9	24
2	6	22
4	6	25
2	24	87
2	5	22
9	11	28
3	5	21
0	10	62
5	8	25
3	5	22
6	8	25
5	6	25
3	8	24
4	7	24
5	6	24
3	7	22
4	8	23
0	3	21
3	4	22
3	7	25
1	3	22
6	9	27
0	22	90
4	8	22
4	8	23
3	7	21
3	8	24
3	7	23
1	2	21
6	5	24
7	12	31
3	7	25
3	6	24
3	6	22
4	5	23
8	15	32
6	8	27
9	10	33
2	4	21
2	6	21
7	7	31
2	5	24
4	7	22
4	7	21
1	3	21
0	10	91
3	5	22
3	8	23
3	7	20
2	9	23
3	7	21
8	9	25
0	16	90
1	6	21
3	6	21
1	7	21
1	6	20
7	11	31
7	11	26
7	11	27
6	33	90
3	7	21
0	2	20
7	7	25
4	7	25
3	7	24
4	5	25
0	12	90
0	7	91
1	7	21
6	9	25
5	7	24
7	7	30
4	5	20
10	13	35
10	11	30
8	13	33
8	13	32
8	11	34
8	11	30
7	12	29
8	10	28
5	7	24
4	5	24
4	9	23
0	2	41
5	6	23
0	21	65
0	21	59
0	15	44
3	6	22
0	5	91
6	9	31
6	8	24
3	9	26
3	8	26
3	8	23
4	8	25
5	7	27
4	7	25
5	6	25
3	7	25
1	6	21
3	6	22
2	3	20
5	9	30
4	4	25
5	6	25
4	6	22
3	6	23
4	8	27
4	9	28
3	7	23
4	5	23
8	12	37
3	23	91
2	5	25
0	3	22
3	7	20
2	7	21
0	15	91
0	9	90
7	9	32
1	10	91
0	7	91
4	10	27
3	5	22
2	4	21
4	5	23
5	7	24
3	5	24
5	9	26
2	8	20
2	7	24
2	7	23
3	8	22
5	8	23
5	10	29
3	9	24
8	11	34
4	6	22
2	5	21
2	8	23
1	8	22
2	5	22
0	7	91
0	10	91
0	10	91
0	10	91
6	5	26
5	7	24
3	5	23
5	10	26
2	5	23
3	5	23
5	7	24
7	8	30
3	6	22
0	5	21
2	4	22
3	5	23
2	6	22
1	5	24
4	5	26
4	6	21
4	8	24
6	7	25
6	9	27
6	8	26
7	11	27
1	6	68
1	8	68
0	6	91
0	7	91
5	9	24
5	9	29
3	5	22
2	4	21
6	10	27
4	8	25
5	10	25
4	9	24
4	5	23
1	5	22
13	12	40
3	7	25
3	8	24
7	9	31
11	14	37
7	10	30
5	8	25
8	10	30
7	10	27
8	11	28
8	10	28
0	2	69
1	3	22
5	9	24
2	7	26
3	6	26
3	7	26
6	7	30
0	37	91
4	6	22
1	4	23
1	4	24
1	5	21
0	4	25
1	4	22
2	33	90
4	6	24
1	5	21
0	3	20
10	11	36
7	10	33
24	16	67
1	24	89
1	2	22
0	10	91
0	9	89
5	8	28
0	2	20
0	10	91
5	6	25
0	13	90
0	15	91
8	13	36
9	10	28
8	10	30
3	6	21
3	7	22
6	10	25
6	8	26
6	10	27
6	8	25
5	8	24
12	15	35
4	6	24
3	6	22
2	6	25
7	9	31
8	10	26
2	6	22
3	8	23
7	10	24
8	10	28
3	6	23
3	6	22
4	7	22
7	11	29
9	12	33
7	8	29
5	8	25
2	6	22
2	6	21
4	5	24
2	6	22
2	4	22
1	3	22
4	4	25
7	8	27
7	10	32
4	6	22
5	9	24
4	9	25
1	7	21
0	-1	90
10	11	29
8	11	27
0	13	90
0	8	89
1	22	90
2	5	22
2	7	22
6	9	24
2	5	22
3	7	24
3	6	25
3	7	25
1	5	23
23	32	90
23	38	91
0	27	90
0	-1	91
2	4	22
2	6	21
4	8	22
7	8	28
7	10	29
0	10	91
0	8	91
8	12	29
0	4	24
1	6	23
1	4	25
1	4	22
4	8	26
4	9	26
4	7	25
4	6	23
3	5	22
9	10	33
1	8	91
0	10	90
4	6	21
2	8	21
4	4	23
4	10	27
5	9	26
8	13	40
5	8	24
6	10	25
4	6	22
3	7	29
3	8	22
3	6	23
5	6	24
9	13	35
0	7	90
2	6	21
5	10	24
5	9	25
7	14	33
7	13	30
7	12	28
7	11	27
4	7	30
7	9	30
5	8	24
7	8	26
5	7	25
6	11	30
3	7	23
6	8	28
2	7	90
6	6	91
5	14	30
6	12	25
3	6	26
5	10	32
4	7	23
2	10	22
6	6	25
9	11	33
10	12	33
3	9	25
4	7	23
3	7	22
2	5	21
7	7	26
3	11	27
7	13	30
5	17	33
7	14	32
7	9	26
2	8	24
0	3	21
3	7	26
1	4	22
4	8	25
6	7	22
4	7	22
3	6	22
8	11	28
7	10	34
8	8	31
1	3	20
0	9	91
1	8	91
8	8	28
6	9	23
8	11	30
4	6	23
3	8	25
2	5	21
3	6	21
8	7	25
3	7	22
7	12	32
0	11	91
0	7	91
6	9	27
4	7	23
8	10	30
8	14	34
6	12	31
6	13	30
8	12	34
7	9	28
6	11	25
6	12	27
7	10	27
6	8	26
4	7	26
5	9	25
12	19	41
11	14	35
10	15	39
9	14	34
8	12	31
6	10	26
6	10	25
2	4	21
6	9	27
6	9	26
8	11	29
4	8	26
4	6	21
5	12	31
6	12	30
15	18	47
4	6	21
3	24	91
4	6	25
0	5	91
2	4	21
4	7	22
8	10	31
7	8	28
5	12	30
3	8	23
8	13	29
5	7	31
4	7	25
5	7	24
5	-1	91
2	5	31
8	10	32
8	10	32
3	6	23
3	7	22
4	7	24
3	5	23
4	9	26
6	9	33
6	6	31
4	5	25
2	6	22
5	9	26
1	3	20
1	8	22
7	7	31
4	9	33
4	9	25
6	8	26
4	8	23
5	8	26
5	9	28
8	13	31
3	8	21
11	11	33
3	8	23
3	7	23
3	6	22
2	4	21
4	7	23
8	9	25
2	5	22
6	11	27
0	3	22
1	3	21
0	3	91
0	5	91
4	12	30
5	7	25
5	9	24
5	9	26
4	6	24
3	7	22
3	6	22
4	9	24
3	6	22
7	8	29
4	8	22
4	7	23
4	8	22
4	7	22
10	11	36
1	36	91
0	36	91
3	6	22
5	8	25
4	7	26
6	10	31
5	6	26
3	6	24
3	6	24
4	6	23
5	8	24
5	8	24
0	13	90
0	14	87
10	10	35
8	9	31
7	8	30
9	11	35
11	12	40
7	10	32
10	10	36
10	12	39
9	12	36
8	9	29
7	10	30
11	12	37
9	10	30
13	14	41
9	11	34
11	10	32
4	8	23
6	8	29
3	7	22
3	7	23
4	6	25
6	7	26
4	9	25
4	11	26
4	10	23
8	11	27
2	8	21
5	9	25
2	4	21
6	8	27
6	8	27
6	8	26
6	8	25
7	11	27
7	11	28
2	8	22
2	7	23
5	8	27
3	5	22
1	10	89
1	11	91
6	40	91
0	4	90
3	7	24
3	8	25
3	7	23
3	8	25
6	9	27
0	4	90
0	34	91
0	4	90
0	9	90
5	6	24
4	8	24
4	9	23
4	7	23
0	2	20
9	8	30
4	7	24
8	8	25
2	7	20
6	8	29
4	7	26
7	12	31
7	9	31
6	5	24
5	7	24
5	6	23
4	8	29
0	5	22
7	9	26
2	5	24
4	6	24
5	8	25
1	7	22
5	12	30
1	4	22
4	6	22
7	7	34
5	8	27
5	8	28
4	8	25
5	7	31
6	7	27
6	7	29
4	8	24
2	9	23
3	6	21
0	15	90
0	8	91
9	10	32
7	11	30
7	10	32
7	8	25
0	11	91
2	6	22
3	8	20
5	7	24
6	7	24
1	14	91
5	8	21
6	7	26
8	10	26
0	8	91
2	6	24
3	7	23
4	8	23
1	7	20
9	10	31
8	13	30
0	10	90
0	16	91
2	8	23
2	6	22
2	5	21
9	12	33
7	8	26
7	11	29
8	8	27
4	7	24
1	5	20
0	31	90
0	-1	90
0	31	90
3	3	24
4	7	23
3	6	24
4	8	25
6	8	26
4	7	25
7	10	30
7	9	27
4	6	22
5	6	24
8	7	28
7	9	28
0	27	90
4	29	90
4	10	26
5	9	24
7	12	31
0	13	73
0	16	90
9	11	33
6	8	26
9	11	31
8	14	38
4	8	23
3	9	22
10	11	27
3	7	23
3	9	25
4	42	91
6	10	24
3	6	22
3	7	23
5	9	26
0	4	22
9	10	33
1	3	22
2	6	23
4	6	21
5	7	23
4	7	22
5	8	26
2	4	22
8	11	35
10	13	36
9	12	30
8	10	28
4	9	26
3	7	23
8	10	26
5	7	24
2	7	23
6	9	24
0	-1	90
3	9	23
3	9	24
3	10	24
6	9	27
5	8	25
6	9	32
2	7	22
5	9	25
4	9	23
3	8	23
2	9	24
10	15	40
1	5	20
8	10	28
2	8	22
5	8	24
23	25	73
4	10	25
2	9	22
8	9	28
0	8	90
0	9	89
3	9	22
3	6	22
0	12	91
2	4	21
4	7	24
4	9	23
6	12	37
3	6	22
4	8	22
5	9	25
2	4	22
3	8	21
2	5	23
0	8	91
4	8	24
4	10	26
11	11	36
9	11	34
8	15	35
4	10	32
2	5	21
11	15	37
11	15	38
13	15	39
5	7	26
3	9	24
5	6	25
7	6	26
3	8	24
4	25	91
2	4	23
7	6	24
4	7	26
9	12	30
4	7	27
5	7	23
0	26	91
12	14	41
4	8	22
9	18	35
6	11	30
6	9	27
3	5	22
3	5	24
6	9	25
1	4	21
2	6	20
7	8	27
4	7	22
5	9	23
3	6	21
4	7	30
4	8	25
3	9	27
4	9	25
2	7	22
3	8	22
4	9	24
1	23	91
5	5	22
2	7	22
8	10	34
4	7	22
6	10	24
6	8	25
4	8	25
2	24	91
0	30	91
10	13	36
11	13	36
5	8	23
7	9	30
3	8	23
5	7	25
4	7	23
5	7	24
3	32	83
7	7	26
5	13	32
2	7	22
2	7	22
0	3	21
3	9	25
4	6	27
2	8	22
5	8	24
2	7	21
5	9	24
5	6	28
6	10	28
1	3	23
0	2	22
0	23	91
6	9	25
4	9	30
6	10	25
5	9	26
7	10	26
1	13	91
1	12	91
2	8	24
5	11	26
5	10	24
5	10	31
5	10	31
5	11	27
1	4	20
7	10	26
2	7	22
4	7	22
5	7	26
8	9	26
2	9	23
6	10	31
2	5	24
7	11	33
8	9	32
4	8	23
10	17	36
8	12	32
5	9	26
5	8	26
6	9	25
4	6	26
5	7	22
2	23	90
5	9	30
6	10	26
6	12	29
5	9	22
2	2	82
2	8	22
3	6	22
4	7	22
3	8	22
9	14	34
5	10	24
5	9	25
7	11	30
6	12	27
5	10	25
9	10	27
7	10	28
7	11	30
5	9	25
4	8	22
3	7	22
2	5	20
2	4	22
5	9	27
4	6	41
3	7	22
7	8	32
6	10	29
8	12	29
6	10	26
8	10	26
2	6	21
0	13	91
2	4	23
0	14	90
9	13	35
1	8	67
1	6	68
0	18	91
0	5	91
9	10	32
2	18	91
3	18	91
4	8	22
0	10	91
1	7	20
6	9	25
10	16	39
6	8	27
6	8	25
5	8	24
6	8	27
26	51	90
5	9	23
2	38	90
7	12	30
5	11	30
3	5	21
7	12	31
7	15	32
5	14	30
6	8	25
7	11	35
3	8	23
2	7	22
3	8	23
2	7	20
3	8	25
3	6	22
3	10	23
3	6	20
1	10	91
0	13	90
0	20	91
3	8	22
1	3	20
6	8	26
4	8	21
3	7	22
3	7	21
2	4	20
3	6	24
27	29	91
5	6	22
4	22	90
5	8	24
5	10	24
5	8	30
0	7	31
0	5	91
0	8	90
3	10	23
3	5	25
5	9	25
0	6	77
2	4	23
2	5	20
1	10	91
0	11	90
7	7	24
2	5	23
2	6	21
2	6	22
4	7	24
8	9	28
9	13	34
9	12	35
3	9	24
5	8	28
5	9	24
5	9	25
3	7	24
4	9	24
4	7	26
0	9	90
0	9	90
4	8	22
4	8	24
3	3	24
3	4	24
5	7	25
4	8	21
2	6	22
1	16	90
1	7	25
9	11	33
5	6	30
0	12	89
0	13	91
3	5	21
4	9	22
4	7	21
3	6	22
4	8	32
7	8	29
7	8	29
6	-1	91
5	9	26
5	7	25
3	8	22
3	7	21
0	14	90
9	9	27
9	10	29
4	8	25
2	8	24
5	6	30
2	6	20
4	8	23
6	10	26
5	7	25
9	14	35
3	8	22
4	7	23
4	7	22
1	8	25
6	8	27
3	6	25
4	7	24
8	12	34
7	7	26
2	8	23
5	9	24
6	9	30
2	8	22
6	8	24
1	5	22
3	6	25
0	12	91
7	13	34
7	11	28
6	9	26
10	14	36
10	16	36
9	12	28
4	31	89
0	6	91
0	2	90
0	0	56
4	9	91
4	7	23
1	10	89
12	14	34
3	4	24
2	2	22
0	6	22
3	5	22
0	6	91
0	8	91
5	8	25
3	8	26
4	8	25
4	7	25
4	7	23
7	9	27
3	7	22
3	8	22
2	7	22
0	10	91
8	11	28
5	7	24
1	4	22
0	5	20
7	9	25
6	10	25
2	8	22
9	9	35
4	8	24
4	5	23
2	5	20
3	7	24
4	6	25
4	7	28
5	8	28
3	4	23
7	10	27
3	9	23
7	12	27
9	11	31
9	14	37
0	6	91
0	6	91
6	8	26
2	10	21
0	7	90
5	11	31
3	10	25
2	7	21
0	8	91
0	29	91
7	10	30
1	4	21
6	10	26
5	9	24
0	12	90
6	9	26
4	7	24
1	4	22
7	12	34
2	22	86
2	22	89
0	25	91
8	13	34
2	7	24
1	-1	91
1	8	23
0	10	91
1	8	91
5	9	25
6	11	26
5	8	24
6	14	30
8	10	27
7	9	26
10	12	33
2	5	20
7	11	27
8	12	30
8	11	31
3	8	24
3	11	26
6	10	26
4	9	22
5	10	24
5	9	24
3	9	24
4	9	23
8	10	32
3	8	21
9	10	28
4	8	27
6	10	26
4	8	25
3	8	27
6	9	30
5	10	31
5	9	28
8	14	34
7	10	29
4	4	22
0	11	91
0	10	89
0	19	91
2	7	23
4	5	22
4	5	22
4	4	24
6	12	31
7	9	29
8	12	31
0	15	91
0	7	91
8	8	28
4	9	22
7	11	30
2	7	21
5	9	27
6	10	27
7	9	29
4	9	24
1	21	91
3	7	22
3	8	21
6	10	26
0	2	22
7	9	31
3	8	24
3	9	25
4	9	26
3	7	22
0	26	81
4	10	25
7	12	27
6	10	26
3	9	23
2	6	20
5	8	25
2	6	20
8	10	31
2	10	23
9	12	34
8	9	29
2	5	21
2	6	21
6	7	24
5	23	91
7	13	30
8	13	30
9	14	35
9	12	29
3	7	22
4	11	27
3	5	21
9	13	30
8	12	28
4	6	24
5	7	28
0	21	88
3	7	23
6	11	26
5	9	25
3	7	20
0	2	21
5	9	25
4	8	26
2	5	21
2	5	22
8	8	26
5	7	28
4	8	23
2	6	24
4	28	88
2	7	22
7	10	27
5	9	25
5	9	27
5	6	24
28	29	66
3	7	23
5	9	25
2	21	90
7	8	30
4	9	26
9	14	33
6	6	24
4	6	22
7	12	31
5	12	25
3	9	23
9	10	30
5	7	24
3	7	22
2	8	21
0	12	90
0	13	91
0	17	90
6	7	23
5	3	24
7	13	31
2	33	90
7	7	24
5	10	32
10	11	32
9	10	31
7	10	29
9	8	28
9	8	27
9	10	32
8	10	31
10	9	32
5	9	23
3	5	22
4	6	24
4	7	25
4	6	24
4	6	23
5	6	25
3	5	31
12	12	34
6	10	25
3	6	22
2	5	21
7	10	28
6	8	25
6	10	27
4	11	31
3	7	22
2	5	21
5	7	24
6	9	30
5	10	27
4	9	27
3	10	30
7	11	29
4	9	25
4	9	25
3	10	24
3	9	22
5	10	25
5	6	22
2	6	20
7	7	25
5	7	23
8	9	31
7	9	28
7	8	27
1	5	22
8	10	34
7	9	33
5	7	24
3	7	23
3	6	22
3	7	23
5	8	27
6	9	25
7	11	31
0	12	90
7	10	26
6	11	26
1	3	28
4	7	23
6	7	26
7	9	30
4	7	23
4	11	32
4	21	90
7	9	30
8	11	35
3	10	25
6	9	27
4	9	24
3	9	23
4	8	22
4	6	21
4	7	23
3	7	24
8	10	31
8	10	30
5	9	24
4	5	22
10	10	32
7	13	31
6	9	26
7	10	32
7	10	31
5	13	30
6	9	26
6	8	25
4	7	23
5	12	26
5	11	26
3	9	24
6	11	26
8	10	27
4	5	22
5	9	28
0	10	91
0	5	91
6	26	91
0	3	22
7	12	30
5	8	26
3	8	20
3	7	21
4	8	32
3	3	24
0	8	91
0	17	91
1	5	23
0	3	22
8	13	31
5	14	32
4	12	31
7	13	31
7	10	26
0	12	91
3	6	26
4	7	27
5	8	25
5	8	25
5	7	24
5	9	25
4	7	23
2	6	23
6	9	28
8	8	30
5	7	25
5	7	24
5	7	24
3	8	24
3	7	23
4	10	25
10	11	37
4	7	21
2	5	20
0	14	91
0	13	91
0	7	90
4	9	83
6	12	30
1	7	90
8	7	28
4	6	23
0	13	90
5	9	26
5	7	27
3	7	20
6	9	25
7	10	31
6	11	27
0	7	90
0	10	88
0	12	91
0	8	91
10	11	32
3	5	23
4	6	24
3	7	22
5	8	26
5	9	24
10	10	40
4	7	23
2	6	21
4	9	25
5	10	26
7	9	28
6	13	28
3	6	21
2	7	21
2	7	21
3	4	22
3	8	24
0	8	91
0	10	90
11	13	39
4	9	36
4	8	23
1	4	22
0	2	21
3	7	24
3	8	22
3	7	23
1	4	22
8	10	30
5	7	24
3	7	22
6	8	28
4	23	91
3	7	24
0	19	90
0	9	44
8	11	34
0	4	91
0	7	90
0	13	55
0	8	91
1	4	20
3	-1	91
2	8	21
7	8	27
0	32	90
7	8	26
2	5	21
6	9	27
4	7	23
5	8	25
4	12	29
5	9	27
5	8	32
9	10	28
1	6	20
2	7	24
4	6	22
4	7	23
5	7	26
4	8	26
8	11	32
6	10	31
6	11	34
7	10	31
7	9	27
2	6	23
2	9	23
5	10	30
0	15	91
0	14	88
3	7	23
6	8	25
3	7	22
5	7	28
2	4	24
3	8	22
29	30	89
3	9	24
8	10	25
2	5	22
2	5	23
2	4	20
4	8	25
3	7	24
6	26	91
2	4	23
0	5	53
5	6	25
4	7	22
3	7	22
2	3	23
6	8	25
7	8	25
8	8	26
8	8	25
3	11	50
1	4	20
6	7	25
2	5	22
3	6	23
6	11	31
4	7	30
4	5	23
5	7	24
5	8	23
13	16	41
9	12	33
8	13	31
2	4	22
7	13	30
6	8	25
0	7	90
0	12	91
6	8	26
1	4	20
10	11	30
2	6	20
4	10	25
5	12	26
2	6	21
2	24	91
6	11	25
4	4	22
7	10	27
5	7	22
5	10	24
2	6	30
2	4	25
3	6	30
2	4	26
2	4	27
2	5	24
8	14	33
4	7	22
4	7	21
3	8	24
3	7	22
3	6	24
4	5	23
2	5	21
3	5	22
0	24	88
3	6	24
7	13	33
7	10	25
6	10	25
4	8	24
3	8	23
0	23	90
0	14	89
9	11	34
11	15	40
6	9	26
5	8	24
5	9	25
3	6	24
2	7	23
2	6	21
5	7	24
4	9	24
4	7	22
4	3	24
7	15	35
1	8	63
0	7	63
6	10	28
4	8	26
4	8	26
4	8	24
3	6	21
4	9	24
5	7	23
5	9	24
9	12	33
9	11	32
9	10	30
8	10	29
4	7	22
6	11	26
3	8	21
5	7	26
9	10	28
8	10	27
6	10	27
6	9	27
2	3	22
9	13	28
4	9	24
3	8	23
7	8	26
0	37	91
0	37	91
1	37	91
3	8	23
5	9	26
4	8	24
10	14	36
9	13	33
3	6	21
0	9	89
0	10	90
2	3	21
8	11	30
6	9	25
2	7	20
5	12	30
3	5	22
4	7	27
4	7	24
7	10	27
5	9	25
8	11	27
7	14	27
8	11	26
7	11	25
7	11	24
0	7	91
0	7	91
4	9	26
5	11	28
2	8	24
2	6	23
2	7	22
2	6	20
6	11	31
7	12	31
6	11	26
5	6	21
8	10	28
2	7	23
10	14	33
3	7	22
6	8	26
6	9	25
5	6	22
5	9	25
5	10	30
5	7	22
8	9	30
5	6	24
5	6	24
5	6	23
2	5	22
1	5	90
4	10	27
6	9	24
1	4	21
3	37	90
3	7	25
3	6	22
3	9	23
4	7	25
2	8	21
6	9	26
10	13	35
7	10	28
3	10	24
1	6	21
0	31	91
7	9	27
6	11	28
2	7	24
4	9	23
4	9	23
4	6	21
2	5	21
7	10	30
3	6	23
3	5	22
4	7	23
5	12	29
2	10	24
2	5	21
1	8	22
2	28	90
29	29	89
4	6	23
1	10	91
0	12	91
3	6	22
3	7	23
3	8	25
2	8	20
4	6	24
2	6	20
5	5	24
4	10	25
0	3	90
7	8	26
7	8	27
7	7	24
6	7	26
0	9	90
0	6	90
6	8	25
4	5	24
5	7	25
6	6	23
5	9	26
5	8	25
6	8	27
4	7	23
5	8	24
7	10	25
7	9	26
8	17	34
7	14	30
0	8	91
7	9	28
1	4	21
3	6	22
3	6	23
10	10	38
8	11	30
2	6	22
4	6	24
3	4	22
2	5	21
3	8	23
8	11	32
9	9	30
6	11	27
0	35	90
2	3	20
2	3	22
3	8	23
6	9	29
6	9	26
6	8	25
8	10	26
7	10	26
1	4	21
4	9	26
8	8	26
0	10	91
4	9	25
3	9	24
6	8	29
7	8	25
2	7	22
6	10	27
2	6	21
3	8	22
9	12	30
3	5	24
1	3	20
3	34	80
5	10	27
3	7	31
0	4	23
4	6	21
2	7	22
2	11	31
0	12	90
0	13	91
6	6	25
6	7	25
9	7	39
8	8	30
5	9	24
2	4	23
0	4	21
1	6	21
3	6	22
2	6	20
5	25	91
3	8	26
5	8	25
0	9	88
4	12	26
1	9	90
4	5	22
0	19	91
2	6	22
0	9	90
0	9	90
6	12	32
5	9	31
4	8	24
6	9	26
9	7	29
3	8	23
7	12	31
5	11	28
5	10	32
1	26	90
7	7	34
6	6	30
5	5	26
5	6	28
6	6	30
6	9	31
5	9	25
8	10	29
7	9	25
4	8	22
5	8	25
0	17	91
0	10	90
0	7	91
3	4	21
3	7	23
3	7	24
4	9	25
8	13	31
5	7	23
4	8	24
2	6	22
7	9	29
5	28	91
3	7	25
10	15	33
7	8	33
4	6	23
0	6	90
0	9	90
3	5	22
5	8	24
3	8	21
3	7	23
4	8	26
2	5	22
4	7	21
2	6	22
1	6	21
6	13	28
5	10	26
9	12	33
7	12	31
0	20	91
4	6	22
5	7	25
6	7	25
4	6	25
4	6	23
3	5	21
2	5	21
9	14	35
4	8	24
2	5	23
9	9	30
3	4	22
0	7	90
0	5	91
1	1	26
1	1	25
0	19	90
0	18	91
3	4	24
3	4	24
8	13	32
7	25	91
4	6	23
3	6	23
3	5	24
3	6	22
3	6	21
3	6	25
3	5	25
7	10	25
27	54	89
25	50	91
7	8	25
2	6	23
4	6	25
5	8	25
4	6	23
4	6	21
2	6	21
1	6	21
6	9	27
3	5	22
9	13	31
10	10	26
3	8	25
2	6	24
3	7	23
6	9	31
4	7	23
5	8	25
4	7	24
3	6	22
5	10	30
6	7	23
3	6	22
4	6	24
3	8	23
3	8	23
5	6	24
7	7	25
6	8	27
0	-1	90
4	7	30
3	6	22
3	6	21
3	7	23
2	6	25
5	10	26
4	6	24
2	4	24
5	6	24
0	6	87
0	5	87
2	7	23
2	6	21
3	6	30
0	10	91
3	7	24
3	7	24
2	5	24
3	9	23
0	14	91
0	11	91
2	4	21
2	5	23
4	10	30
5	6	24
6	7	28
1	2	21
4	6	23
2	7	22
3	4	23
0	16	91
0	11	91
4	7	24
7	8	28
6	10	25
3	7	21
9	15	36
8	14	32
10	13	34
6	8	25
11	13	37
5	7	23
6	27	90
6	9	25
7	10	33
7	11	30
2	6	21
4	5	23
6	10	27
5	9	23
3	8	22
5	12	32
4	9	24
6	14	34
2	9	24
2	9	23
3	10	22
3	7	22
8	8	29
0	11	61
8	13	34
8	9	29
7	10	32
6	9	26
7	11	29
5	6	23
0	11	91
0	13	91
3	4	22
21	27	91
22	24	89
1	3	21
3	6	23
6	6	24
0	36	90
3	9	23
4	7	23
6	9	29
4	5	24
5	6	26
0	15	90
5	7	24
8	8	31
5	7	24
2	4	21
0	9	91
0	9	91
7	10	25
6	8	26
3	7	21
0	10	91
0	9	91
1	12	91
2	7	20
3	6	21
3	6	22
3	5	26
3	4	28
4	12	31
0	6	91
5	6	24
0	6	91
0	11	91
5	11	30
4	8	25
3	6	24
3	5	23
3	5	23
5	5	23
4	5	23
8	8	26
0	10	91
0	2	21
1	1	20
1	3	22
2	5	23
5	7	23
7	12	28
1	29	91
0	9	91
0	13	90
4	11	30
9	10	29
0	8	91
0	13	90
0	14	91
6	10	26
7	10	27
0	8	91
2	27	91
5	11	27
1	3	22
1	20	90
3	6	25
3	6	22
0	8	91
0	8	91
0	10	91
0	15	90
1	4	22
3	6	23
3	6	23
4	7	25
6	7	26
5	7	25
4	10	27
1	4	20
0	12	91
0	13	90
5	9	30
5	13	30
0	6	90
2	8	91
7	7	33
6	12	29
1	2	24
9	7	32
7	6	28
7	7	29
6	7	30
8	6	26
7	6	26
8	8	30
3	6	22
0	13	89
0	14	90
2	7	22
3	38	90
4	3	23
0	8	91
0	2	91
0	12	91
0	12	91
3	6	23
7	13	30
8	9	26
1	6	22
0	8	90
1	4	21
6	6	24
3	5	22
3	8	23
19	27	65
3	9	25
4	8	24
3	7	23
4	8	23
4	8	24
2	4	22
2	6	21
9	11	31
8	10	26
7	10	26
5	6	25
4	9	27
3	8	21
3	8	22
5	9	24
5	9	30
3	6	22
0	9	91
3	8	24
3	7	22
0	3	90
1	11	90
8	11	30
0	11	91
0	11	90
8	10	30
2	5	20
0	15	90
0	7	91
1	8	21
0	31	90
0	5	27
6	8	27
2	5	22
0	10	91
0	-1	91
0	10	90
4	7	26
3	6	22
6	6	24
0	11	90
1	5	89
1	5	20
2	5	22
3	2	22
4	7	23
2	6	21
2	6	20
4	6	23
3	8	25
1	4	22
0	5	21
3	6	20
5	9	31
6	10	31
0	8	90
0	-1	89
2	6	22
2	6	22
2	4	21
0	12	90
0	12	91
0	9	91
1	9	90
1	4	23
1	10	91
1	11	88
3	4	22
0	7	91
4	4	25
1	4	23
1	3	24
0	8	91
0	8	90
3	5	20
4	12	26
2	6	21
7	10	30
0	20	91
0	14	90
10	10	34
10	9	33
7	9	32
7	8	28
0	26	91
6	7	24
3	4	22
4	4	23
2	9	26
3	7	23
3	6	21
0	13	91
0	10	89
0	12	91
3	5	21
4	7	25
4	6	24
3	5	23
0	13	91
0	13	90
3	8	24
2	8	23
2	6	21
3	26	90
3	6	23
5	10	30
2	5	23
4	5	24
4	5	23
0	15	90
1	22	91
0	9	90
0	9	90
4	6	25
6	7	27
6	9	26
0	12	90
0	13	91
0	14	91
0	11	91
0	6	90
2	5	22
7	8	32
2	5	21
4	6	23
6	7	39
3	8	25
0	12	90
0	-1	90
6	8	27
5	7	24
5	6	24
4	7	25
1	25	83
2	6	21
9	10	27
2	7	24
5	8	24
2	5	22
1	4	21
4	7	24
7	11	27
4	10	27
6	8	26
3	8	24
3	8	23
7	8	26
5	9	26
4	7	24
5	10	27
1	6	23
4	39	90
6	8	26
6	10	30
3	7	21
1	2	21
2	3	24
3	3	23
4	4	30
3	3	23
1	3	22
5	5	28
5	7	26
8	10	25
7	8	25
3	13	90
5	9	24
8	10	26
3	6	23
8	8	28
8	7	31
8	8	31
5	7	26
2	4	22
2	6	23
2	6	22
4	8	24
2	7	22
4	8	31
2	4	21
9	13	36
2	7	25
7	7	28
0	13	91
0	8	90
4	10	30
3	3	22
4	6	25
4	7	24
4	7	23
4	7	22
6	11	30
8	9	27
12	11	33
8	8	27
2	7	22
2	7	22
3	4	21
2	5	23
3	7	22
6	10	26
3	6	20
2	6	23
2	6	24
7	12	30
1	38	90
1	39	91
2	6	23
3	4	22
5	12	31
4	7	24
4	9	24
2	7	23
2	5	24
2	6	22
3	6	23
2	4	21
5	9	27
7	14	35
1	22	89
0	16	91
5	8	24
6	9	26
3	6	21
4	7	30
5	10	24
5	10	24
6	12	26
3	7	23
3	7	21
0	9	75
4	5	24
8	8	30
5	9	30
3	2	91
3	5	26
3	4	24
5	5	28
5	5	25
8	8	29
1	2	21
0	2	23
0	5	69
8	12	31
3	7	23
0	6	91
2	3	22
1	5	91
1	6	91
7	10	30
2	6	21
1	4	21
7	11	30
0	9	87
0	7	90
3	9	23
3	44	90
5	8	28
3	5	22
0	20	91
7	12	31
24	22	73
6	8	24
0	7	91
3	28	91
5	7	24
1	24	89
5	10	26
4	5	27
0	3	20
5	7	25
0	10	90
4	10	33
8	11	29
3	6	22
4	6	24
6	9	30
9	9	34
0	8	55
7	12	33
0	2	21
4	7	23
5	6	22
2	4	21
2	4	20
8	10	31
2	7	22
6	8	24
6	8	25
6	9	28
6	8	28
3	4	24
2	5	22
7	8	27
6	9	25
5	14	35
7	11	31
7	11	32
6	9	28
0	10	91
0	6	90
7	10	26
1	24	90
6	7	24
3	7	22
0	13	88
0	9	65
1	26	91
5	7	25
7	8	27
4	6	22
2	6	21
9	10	31
1	8	90
0	9	91
3	7	22
3	5	24
3	5	23
3	7	26
0	3	39
5	29	90
0	1	21
3	10	29
0	11	91
1	9	90
0	8	90
0	10	90
8	9	27
3	6	21
1	3	20
3	5	25
4	5	23
6	11	31
6	11	31
5	6	28
4	8	23
7	14	32
0	-1	91
6	11	29
2	5	22
2	6	21
3	7	21
5	7	26
1	7	21
5	5	26
2	5	20
0	9	90
0	9	90
10	14	36
3	8	22
5	7	26
0	12	91
0	4	30
3	7	23
0	26	83
6	8	26
5	11	31
3	6	20
4	9	30
2	26	90
2	5	23
1	5	21
1	9	89
2	0	91
7	11	31
0	37	91
2	6	21
5	11	30
3	6	22
2	5	22
3	8	24
3	9	23
4	10	23
3	8	23
5	11	27
5	10	26
1	15	91
0	12	89
2	6	22
3	7	21
4	6	33
3	5	24
7	10	27
6	9	31
0	6	89
0	8	90
2	6	25
8	10	30
8	12	28
2	12	91
0	12	90
4	5	22
3	6	22
0	4	22
0	3	21
2	4	20
0	10	65
5	6	26
1	6	22
5	8	25
8	11	27
5	9	26
2	4	20
6	6	30
0	21	91
0	12	91
0	16	91
0	11	90
8	9	28
6	11	26
6	8	26
6	34	90
12	13	37
3	9	21
9	10	32
3	5	29
7	10	28
9	12	33
4	8	24
3	8	24
2	5	20
5	10	23
0	39	90
0	8	90
0	5	90
3	7	24
2	6	22
4	11	24
5	8	23
4	8	26
4	5	22
3	7	22
5	10	24
3	10	25
3	9	26
0	-1	91
5	5	24
5	9	27
3	6	22
3	7	23
2	6	22
3	10	25
0	29	91
0	9	90
0	14	90
5	5	24
1	2	21
6	10	30
10	11	34
6	12	30
5	9	24
5	4	26
4	8	25
4	7	24
2	10	25
1	5	20
0	14	90
0	9	91
3	9	21
4	10	30
5	7	23
4	7	23
0	3	21
0	2	21
9	10	31
9	11	31
1	3	90
6	10	30
2	7	24
5	18	32
0	10	87
0	12	90
0	3	21
0	11	89
0	12	72
3	4	25
3	6	25
1	6	21
0	11	91
7	5	34
5	5	25
5	4	25
6	5	29
0	10	90
0	9	90
4	8	25
5	9	27
4	7	23
4	7	25
3	6	22
3	8	22
5	6	23
7	12	32
7	11	29
7	9	25
0	9	91
1	8	22
0	5	91
4	6	23
3	7	25
2	5	21
8	9	29
10	9	31
9	9	32
8	10	33
2	5	21
1	29	91
6	9	25
5	7	26
0	14	90
0	-1	91
8	10	32
4	8	24
3	8	25
4	7	24
5	8	25
4	11	25
4	10	26
3	8	25
2	10	22
10	14	35
8	11	26
8	12	26
9	9	32
7	10	29
4	8	24
4	8	23
0	11	91
0	-1	91
9	12	32
2	5	20
0	5	21
1	-1	90
0	-1	91
3	4	23
2	6	20
3	6	21
8	13	29
9	10	34
3	7	22
2	7	22
6	5	27
2	4	23
4	5	23
1	7	20
2	5	22
4	12	26
0	35	90
0	35	90
2	7	22
3	4	25
2	5	21
6	8	26
28	40	89
4	11	30
0	10	91
0	9	90
6	11	25
0	25	91
4	9	24
3	10	26
2	5	21
4	7	23
0	9	91
0	10	91
0	2	22
2	7	23
2	24	83
3	8	22
6	13	34
5	7	26
5	9	32
9	10	36
8	9	32
3	9	30
5	6	25
3	6	25
3	5	30
2	4	22
4	5	23
3	9	31
4	11	30
4	21	91
4	9	25
5	9	27
5	9	30
2	6	22
1	5	23
3	7	22
10	8	31
2	5	20
3	6	23
6	12	56
9	16	32
8	13	30
6	13	30
1	4	21
2	6	20
3	8	23
5	7	25
8	11	28
10	13	32
2	5	20
4	9	24
2	4	20
2	6	23
3	6	21
7	8	25
8	11	30
9	13	32
2	7	22
2	5	22
5	7	24
3	8	23
0	31	90
5	9	25
6	6	32
4	9	23
4	9	26
9	15	34
6	9	28
0	7	90
5	9	23
5	8	26
8	9	30
3	5	22
1	3	21
7	8	30
1	15	89
7	10	25
6	8	25
8	12	31
7	11	26
4	8	29
5	6	24
6	7	27
5	8	26
5	10	25
3	7	26
4	7	25
9	12	31
3	7	24
3	8	26
3	6	23
3	8	26
5	11	30
6	12	28
0	-1	91
1	-1	91
1	-1	91
7	9	26
2	6	21
5	10	26
14	15	42
3	7	22
5	9	29
6	11	27
6	11	26
0	26	90
7	8	23
3	4	24
0	28	91
2	8	21
6	8	26
5	8	25
6	6	25
2	5	22
5	7	21
36	34	90
2	7	90
4	10	90
9	11	32
3	7	24
5	6	25
7	14	28
3	4	22
0	-1	91
0	11	91
2	3	20
0	7	47
0	7	47
1	3	20
0	23	85
0	24	90
5	7	24
3	7	23
3	6	22
4	8	23
3	8	22
4	10	23
3	9	22
2	8	21
2	6	21
0	12	90
0	12	91
6	10	27
3	5	34
0	19	91
4	6	24
3	6	24
3	7	23
0	12	91
0	10	90
0	4	22
0	2	21
0	5	22
4	8	24
0	6	91
0	10	91
0	10	91
6	6	25
6	6	24
0	12	86
0	9	90
3	6	23
2	11	30
3	7	22
2	5	22
6	9	27
3	7	22
6	6	26
2	20	91
2	5	22
6	37	89
4	38	90
11	11	33
8	10	30
4	9	26
3	8	32
5	11	33
4	7	23
4	7	25
4	9	26
6	9	26
4	6	24
4	5	23
3	5	25
8	15	33
8	15	33
4	4	22
3	7	23
0	9	91
0	13	91
1	5	21
0	-1	90
0	5	91
8	12	34
2	4	20
0	3	24
0	4	25
1	4	24
2	7	22
4	8	26
3	7	24
0	19	90
0	19	90
7	11	28
3	9	22
3	7	21
0	11	91
0	9	90
7	7	27
6	8	25
5	8	23
4	10	23
0	12	91
0	5	90
6	8	26
0	10	90
4	7	25
0	28	91
3	7	23
6	10	36
4	8	23
3	8	24
3	7	23
0	27	90
5	7	25
3	4	21
7	9	27
2	3	21
1	1	20
5	6	24
8	13	34
2	6	22
4	6	23
0	2	22
3	6	25
4	7	25
7	10	27
0	36	90
0	35	90
0	35	90
0	34	90
0	33	90
0	4	22
11	9	35
2	5	21
6	7	24
2	3	22
6	7	24
2	7	23
2	7	20
6	8	27
1	35	91
2	12	26
0	6	90
0	9	90
0	7	91
3	18	89
15	23	47
8	11	31
6	9	25
4	8	25
4	7	23
11	13	39
6	10	30
6	7	25
5	7	25
5	10	30
3	8	24
7	11	26
5	8	24
2	6	21
2	5	20
1	6	24
2	6	22
4	7	22
0	12	91
0	12	91
6	8	28
8	10	26
8	8	31
5	7	23
3	6	21
4	9	24
7	12	30
3	9	25
3	8	24
3	8	24
3	10	23
5	7	23
5	10	30
6	15	31
4	8	22
5	7	24
1	2	23
0	3	24
0	3	25
1	3	22
3	8	22
10	15	34
6	10	28
8	15	33
8	13	32
11	13	31
2	7	25
2	4	21
3	8	23
4	9	24
4	8	26
4	8	24
9	9	32
5	8	28
0	12	90
1	8	91
2	31	91
3	8	23
4	7	23
3	5	22
5	8	24
4	7	23
3	7	24
6	10	26
4	7	23
6	8	28
3	6	22
7	8	32
2	6	22
4	7	24
6	11	32
8	13	35
4	6	25
5	8	26
7	11	32
5	8	30
9	11	30
7	10	30
9	10	31
0	5	21
4	9	26
3	7	23
5	7	23
3	4	20
7	8	24
5	8	23
3	6	22
9	10	30
5	7	30
6	8	26
5	6	30
3	6	21
4	8	23
5	11	33
2	6	23
5	7	23
2	7	23
2	7	22
5	9	25
6	9	25
4	9	24
2	8	21
4	8	24
4	7	23
8	12	33
9	12	31
8	12	29
1	26	90
4	8	23
6	11	25
6	11	33
3	6	21
3	7	23
5	7	23
4	10	25
1	3	20
5	6	23
6	7	24
0	35	86
4	11	27
8	10	30
6	10	27
1	4	91
3	6	24
3	7	26
4	10	26
2	9	24
2	5	22
10	9	35
2	5	21
8	13	31
10	14	32
3	8	20
2	9	22
6	10	25
0	-1	90
0	15	91
2	5	22
3	23	91
8	9	26
4	7	22
4	6	24
7	10	30
1	17	74
5	7	24
3	8	22
8	12	32
9	13	31
4	7	23
3	7	22
3	7	22
0	9	90
2	14	91
3	8	21
20	23	55
5	12	31
7	12	27
7	9	27
6	9	25
3	4	25
5	9	27
0	-1	90
8	9	34
8	8	28
2	7	22
4	9	24
6	8	27
9	14	35
7	9	28
6	12	29
6	8	27
3	6	22
3	6	26
1	4	20
5	9	24
4	10	25
11	13	38
6	6	30
1	2	90
1	12	81
4	6	23
2	7	25
7	12	31
0	11	90
3	7	21
2	3	21
2	3	21
6	9	25
7	7	28
3	6	22
1	5	22
4	9	23
0	11	91
0	8	90
6	5	25
6	5	25
6	9	24
2	6	21
5	7	24
1	3	24
2	6	21
3	7	23
3	7	24
0	7	91
2	4	21
2	3	22
0	4	90
5	5	24
6	7	26
3	5	21
0	20	91
5	7	22
10	17	38
10	17	38
3	7	21
3	7	22
0	4	91
1	26	90
9	11	36
7	11	27
3	17	69
1	4	22
8	10	34
5	9	24
5	9	23
6	11	26
7	13	30
8	12	30
7	10	26
7	10	27
6	10	26
2	3	23
3	39	89
3	5	23
3	8	24
4	8	23
4	9	26
4	9	27
4	10	30
5	9	25
5	8	24
4	8	24
3	11	25
7	10	30
4	10	25
4	8	25
2	5	21
3	8	23
4	12	26
2	7	21
1	6	20
5	10	25
24	38	90
7	13	31
6	9	25
6	9	26
7	9	27
8	12	31
6	5	30
3	9	24
0	7	89
0	7	90
7	8	26
5	4	25
7	12	30
5	9	30
0	7	91
0	9	90
5	9	25
4	8	24
5	9	26
7	10	26
6	12	33
5	12	27
2	26	90
4	26	90
6	10	25
2	7	21
2	9	23
4	8	23
4	8	23
6	10	25
4	5	23
9	13	34
5	7	25
2	7	23
4	9	25
9	10	29
4	7	24
7	12	29
6	10	26
6	7	23
2	7	22
0	4	90
1	-1	91
1	4	21
1	6	90
0	10	90
0	7	91
3	7	24
2	7	21
8	12	31
6	9	25
3	8	25
4	5	24
4	4	23
0	15	89
5	5	25
37	37	81
5	11	27
2	8	22
4	33	90
5	8	21
8	12	32
3	4	22
2	6	22
5	9	25
1	6	22
7	10	28
8	10	27
9	8	30
6	6	28
10	14	36
5	5	24
8	12	29
0	15	90
7	8	26
8	10	31
4	7	23
7	13	33
7	11	28
8	13	31
7	12	29
3	5	21
4	9	24
4	7	26
3	5	22
4	6	23
2	6	22
2	7	22
7	9	26
0	6	90
4	8	24
5	8	23
5	8	25
4	8	26
2	9	22
8	11	28
3	10	30
5	10	28
5	8	26
4	8	24
4	7	24
5	13	25
4	10	29
3	6	25
2	6	21
8	11	28
7	6	26
5	6	24
3	6	23
2	5	20
11	13	37
10	12	37
8	9	30
5	9	23
7	12	30
5	7	23
3	8	23
3	6	24
3	6	23
3	6	22
4	9	22
7	9	27
7	10	32
6	9	30
9	9	30
7	8	26
2	6	22
8	7	27
5	5	23
6	9	28
0	12	91
0	6	90
0	36	90
5	11	30
6	9	25
7	9	26
5	5	23
7	10	24
8	13	31
2	7	21
6	13	31
6	7	25
6	8	26
8	9	26
6	12	28
4	5	24
3	6	22
7	12	34
4	8	21
3	7	21
3	6	23
7	11	28
0	9	91
0	5	90
1	4	21
9	13	36
0	35	90
3	8	22
4	7	21
5	6	23
2	6	22
6	11	28
8	9	30
9	10	33
0	37	91
4	10	90
9	15	33
8	13	31
4	8	25
5	7	25
5	8	25
1	-1	91
1	-1	91
2	7	22
7	12	30
6	11	30
2	5	21
6	9	26
3	6	22
7	8	25
9	11	35
4	6	24
6	7	25
6	11	26
1	20	90
1	21	91
11	15	36
9	16	35
6	9	26
1	8	23
0	15	89
5	7	23
4	7	23
4	8	22
4	7	21
5	8	26
6	8	27
7	9	30
9	10	28
0	12	91
5	7	25
5	8	24
4	7	24
7	7	28
6	10	32
4	5	23
5	-1	91
4	30	91
0	39	90
8	11	34
3	6	22
3	7	22
8	9	28
8	8	27
10	10	32
7	8	26
7	8	26
1	2	20
1	32	88
11	16	41
0	13	90
3	6	25
6	9	26
8	13	27
3	5	23
6	8	23
4	8	31
1	5	22
5	11	26
4	3	25
1	5	23
2	6	21
0	36	91
6	10	29
9	13	32
6	6	25
6	10	29
4	6	21
1	34	89
7	12	30
6	10	30
7	10	27
7	10	25
6	11	25
4	7	22
7	8	24
3	5	20
2	6	22
0	8	90
0	8	91
5	8	23
0	11	90
0	13	91
7	14	29
2	6	22
2	7	24
6	12	34
2	7	23
2	5	21
2	7	24
5	7	25
5	7	24
6	8	25
5	7	26
1	3	21
1	12	91
2	11	23
2	7	23
4	11	30
7	11	28
4	10	27
3	6	22
3	7	23
2	5	23
5	6	25
2	5	21
9	11	32
5	5	22
4	11	25
0	8	90
8	12	31
4	8	23
0	8	90
0	7	90
0	12	90
0	11	91
1	9	23
4	8	23
2	5	24
1	5	21
5	7	25
2	7	22
3	5	24
1	4	23
1	3	22
3	8	23
3	9	23
5	9	25
2	6	21
2	3	24
3	8	22
3	8	24
4	9	23
7	6	26
0	3	20
3	9	25
4	10	30
3	7	24
6	12	33
5	12	31
6	9	25
9	7	33
8	10	27
4	7	23
3	7	24
4	6	23
6	9	30
0	3	21
4	6	21
8	13	35
4	10	25
1	5	20
3	7	23
3	6	23
5	9	26
4	10	31
3	6	23
4	4	26
3	6	23
7	10	31
2	7	22
5	8	25
5	9	24
2	4	21
4	7	24
9	10	31
4	6	24
9	10	30
2	6	21
0	34	90
1	4	25
0	3	21
3	8	24
2	6	24
6	8	25
14	14	42
3	6	24
3	7	24
5	9	26
4	8	23
6	8	24
2	3	25
2	3	23
1	3	23
3	5	24
3	4	22
2	3	21
5	6	24
6	8	26
4	-1	91
5	26	91
5	25	91
8	25	91
6	25	91
2	17	91
2	15	91
4	6	27
6	6	24
1	5	21
0	11	91
1	3	24
1	4	22
8	10	25
3	7	22
2	7	22
7	13	30
6	7	27
7	9	28
5	13	32
2	6	21
0	11	90
0	10	90
0	23	87
0	-1	89
4	8	27
4	9	26
0	11	91
0	5	91
0	6	90
2	6	23
3	8	25
4	5	23
5	10	26
0	3	91
0	14	91
3	6	23
2	4	23
3	8	24
5	8	30
7	7	25
7	8	29
8	7	30
7	8	32
7	7	26
7	8	30
5	6	26
0	8	91
0	8	91
3	5	20
7	8	25
7	10	31
0	13	90
0	9	91
4	34	89
1	4	21
2	22	87
3	9	23
3	8	23
3	7	22
5	5	23
3	7	25
3	5	25
0	30	90
5	9	24
0	27	91
3	5	22
4	6	23
10	9	31
2	7	22
6	7	27
7	13	31
2	4	21
6	8	25
6	8	25
6	10	30
8	11	31
0	26	91
6	9	24
4	8	23
0	0	91
0	11	90
0	9	90
0	9	90
5	13	32
4	9	24
0	4	89
0	5	91
4	4	26
6	9	28
3	2	33
4	29	89
21	27	91
2	6	24
2	5	23
2	6	22
0	5	21
41	-1	91
4	6	27
4	4	24
2	7	22
2	5	20
1	5	21
3	6	21
2	6	22
2	6	21
8	8	27
3	5	21
5	10	24
5	8	35
3	4	22
6	9	30
8	12	36
7	12	33
5	6	26
3	5	22
4	7	22
0	1	91
2	4	20
0	7	87
0	14	91
0	2	20
3	6	24
3	5	23
2	4	22
2	5	21
2	5	22
4	7	25
3	6	23
4	10	25
3	8	22
3	6	22
7	11	32
6	9	26
5	8	27
6	10	30
5	10	27
1	3	20
0	5	21
0	23	87
0	9	86
0	8	86
4	5	24
4	10	34
3	8	21
3	9	25
4	8	24
3	5	26
0	4	20
0	16	88
0	14	91
7	6	27
5	31	91
2	8	22
3	9	24
0	11	89
0	12	91
0	14	90
0	17	90
0	10	91
2	2	21
3	5	23
2	5	20
6	10	27
5	9	27
7	8	26
2	1	24
0	-1	90
5	11	30
6	11	30
6	11	30
5	9	27
9	12	31
0	13	91
0	13	91
6	8	27
0	3	91
1	3	21
0	4	20
5	8	24
3	8	24
5	8	25
4	8	25
5	8	24
4	9	30
3	8	24
5	11	26
3	8	25
8	8	26
1	7	22
7	10	30
0	2	23
0	5	91
0	0	72
2	6	21
1	5	21
3	9	27
5	10	36
5	9	27
5	9	25
3	6	23
1	22	91
3	8	21
1	6	91
3	7	23
6	8	27
6	11	30
4	6	24
7	12	33
3	4	23
7	14	29
1	5	21
4	7	24
6	10	32
5	8	26
2	4	22
4	7	24
4	5	25
0	21	83
2	2	21
0	9	90
0	14	90
4	7	21
4	8	24
8	8	31
0	11	90
5	7	26
2	7	25
0	8	91
6	12	31
8	9	30
1	17	90
4	7	25
4	7	24
3	7	25
7	8	27
3	28	91
0	-1	91
4	5	23
0	23	91
2	2	21
4	6	23
4	4	21
4	7	26
4	6	26
8	11	33
6	8	27
2	8	25
2	7	21
0	10	90
1	14	91
4	7	22
8	7	27
4	8	26
4	24	91
7	10	26
0	8	90
0	7	90
2	6	21
2	7	21
1	35	90
3	8	24
3	7	26
3	5	23
0	11	90
1	6	23
5	6	23
6	10	27
7	11	32
9	11	34
4	10	30
1	31	91
15	37	90
3	11	31
2	4	22
2	9	23
6	7	26
0	4	21
1	4	24
4	8	24
4	8	23
6	33	91
6	33	91
5	33	91
6	35	91
5	34	91
4	9	24
7	10	34
6	8	23
7	11	30
3	8	22
3	7	22
4	5	24
4	7	23
1	4	22
2	7	23
0	16	91
0	2	22
4	11	23
9	14	34
8	11	31
10	16	38
7	13	30
0	9	90
7	16	33
0	14	90
1	13	90
0	8	91
4	5	24
11	12	37
9	12	34
9	13	34
7	9	30
3	9	21
5	12	26
7	12	31
0	3	91
2	6	25
8	12	31
35	35	88
36	36	91
2	5	23
7	8	24
2	7	23
6	8	24
4	20	91
8	11	31
3	8	22
8	12	34
2	5	21
2	5	20
5	6	25
5	9	24
6	7	26
7	8	26
6	7	26
8	9	31
1	10	90
8	8	30
8	8	31
9	9	28
10	11	35
9	9	28
7	8	28
8	8	29
9	12	34
8	8	29
8	9	31
12	13	38
9	8	30
10	9	34
4	10	26
1	10	90
0	8	90
5	9	24
0	5	89
0	9	91
2	5	77
0	4	77
1	5	24
4	7	22
2	7	22
8	10	31
8	9	31
8	11	32
2	4	24
5	8	27
5	10	32
4	7	23
0	7	91
0	11	90
3	13	91
7	10	27
0	7	90
1	6	91
1	12	90
0	10	90
4	4	24
8	12	35
12	14	39
5	8	24
3	5	22
0	11	90
0	7	91
0	10	90
0	12	91
0	-1	88
3	6	24
1	6	73
5	7	25
1	8	90
0	9	90
7	12	31
4	11	90
0	9	91
0	6	90
4	8	23
4	13	25
0	9	91
0	6	90
0	21	88
8	8	31
2	5	21
4	7	22
10	12	33
0	4	31
0	10	90
0	9	91
8	10	30
0	21	90
7	9	30
9	10	30
7	12	31
2	6	23
4	9	24
0	13	90
3	6	24
3	4	22
4	6	22
3	5	21
0	2	21
4	6	22
4	5	22
2	5	23
0	8	89
2	10	46
4	18	91
0	11	91
3	5	20
0	10	91
0	9	90
0	15	90
6	6	27
4	9	24
0	2	20
2	6	21
3	5	26
0	3	60
1	6	24
2	6	23
4	7	23
5	7	22
4	7	23
4	7	31
3	7	26
4	5	24
5	6	24
6	7	24
1	7	91
0	9	91
3	5	22
5	12	32
0	5	90
2	6	22
1	12	90
2	7	22
3	5	21
3	7	23
0	8	90
0	8	91
7	8	31
7	9	30
7	7	30
8	7	29
7	8	27
6	7	26
8	15	34
0	7	91
0	16	90
1	15	90
0	6	87
0	34	90
0	12	91
10	8	33
3	6	22
3	6	24
3	6	22
1	4	20
4	5	21
0	6	42
0	5	23
3	8	22
3	9	23
4	7	22
3	2	25
2	4	20
2	4	21
0	9	90
0	3	88
6	9	26
0	14	91
0	14	91
4	6	30
3	5	23
4	9	25
2	10	91
0	9	87
7	11	31
2	7	21
0	12	91
0	9	90
1	4	22
4	8	23
5	7	26
0	9	89
0	21	90
8	12	31
0	8	90
7	9	31
7	9	30
0	4	21
1	10	90
0	8	90
0	7	90
5	7	26
6	12	91
4	6	33
2	7	21
0	7	52
2	5	20
0	26	84
3	5	23
4	7	23
4	7	23
1	4	21
5	7	25
0	3	21
0	12	90
2	4	22
6	7	27
5	7	26
7	6	26
2	6	23
1	5	22
2	4	21
1	6	20
0	13	91
6	7	26
5	8	24
7	12	29
3	5	21
3	5	22
4	7	30
0	13	91
0	9	91
7	11	32
7	10	31
1	24	91
10	11	32
12	15	37
8	11	30
4	8	24
6	13	32
9	13	31
8	16	32
7	12	30
5	11	26
2	5	21
7	7	28
4	8	25
5	7	24
0	12	91
0	10	91
0	32	91
5	13	30
3	7	24
7	11	30
7	13	30
7	13	26
2	4	23
5	11	27
4	6	24
6	10	26
5	7	23
9	11	31
7	10	27
7	10	27
6	11	27
6	11	27
7	10	31
4	6	22
5	13	31
32	43	91
6	9	25
6	11	28
2	6	22
0	34	91
3	8	24
5	11	31
7	11	32
7	10	30
7	10	31
3	6	22
6	8	25
0	25	91
4	9	30
4	10	27
3	5	24
0	9	90
0	9	91
5	8	26
5	7	23
8	7	28
0	-1	90
5	27	90
3	-1	91
1	5	20
0	14	91
0	12	90
3	6	24
2	4	20
5	7	25
5	10	31
2	6	21
2	6	23
3	6	21
1	8	22
2	4	21
1	30	91
2	31	91
1	30	90
0	13	91
0	9	91
5	6	25
0	5	88
0	7	90
5	9	24
6	11	28
8	10	31
9	11	33
3	9	24
2	6	22
5	8	25
4	7	24
2	6	21
0	6	90
2	18	91
2	13	91
0	5	20
4	5	24
4	5	22
3	5	22
0	10	89
0	11	91
4	5	23
7	6	32
5	10	30
2	4	23
3	6	23
0	7	91
2	5	22
4	10	25
4	6	23
0	10	91
1	11	91
4	8	30
0	22	91
0	10	91
0	6	91
1	5	25
6	8	24
9	9	36
0	9	90
0	9	91
1	17	90
0	12	90
0	6	90
0	27	91
0	2	46
1	7	21
1	8	90
1	8	24
0	14	90
0	9	91
7	11	30
9	11	32
3	9	24
5	7	27
5	9	26
5	7	27
3	7	22
6	8	26
4	8	22
30	34	91
0	22	91
6	6	27
6	12	31
0	13	91
2	5	21
3	6	22
4	6	24
3	6	21
2	5	21
4	7	22
0	-1	90
0	13	91
8	7	30
5	8	31
3	7	23
2	4	22
4	7	26
4	5	23
5	7	24
5	9	27
4	7	27
6	8	24
6	6	28
0	1	22
3	6	22
3	9	24
3	6	24
4	7	22
3	6	21
6	8	28
3	7	21
3	7	22
10	12	37
5	8	26
9	14	28
36	27	89
11	14	39
6	10	27
2	7	20
8	11	30
5	9	30
0	15	90
2	5	22
9	11	34
2	5	21
0	9	35
8	12	31
5	10	32
6	9	28
3	6	25
3	7	22
3	7	24
3	9	24
3	8	25
9	13	34
1	6	21
6	9	24
4	5	22
0	10	89
0	8	91
8	10	30
9	11	32
7	11	32
10	11	33
8	11	32
4	6	21
1	13	28
5	13	28
0	10	90
0	16	91
6	7	25
7	11	30
5	10	30
8	10	26
6	8	28
3	5	22
3	10	23
5	9	25
0	7	91
0	11	91
8	7	29
3	29	90
3	9	23
4	7	22
3	9	25
6	9	25
4	7	25
4	9	23
4	8	25
8	10	29
9	12	31
8	12	30
8	12	28
8	11	27
3	4	23
5	10	26
5	11	31
4	11	30
3	8	23
0	5	21
5	5	24
3	5	22
5	9	24
2	6	21
3	5	21
3	2	25
1	13	91
1	12	90
2	7	23
2	8	23
3	6	21
3	8	30
5	7	27
7	8	27
6	8	33
5	6	26
3	8	25
4	6	24
2	2	23
4	7	23
3	6	21
0	12	90
0	6	91
2	7	20
0	10	90
2	9	25
5	8	23
10	8	34
2	29	88
9	13	32
6	8	24
2	7	21
5	7	26
8	12	31
7	11	30
7	10	26
5	9	26
5	8	25
1	5	21
4	9	22
4	8	21
0	32	91
3	6	21
5	7	24
6	12	32
6	7	26
4	9	26
4	13	30
6	7	25
2	6	21
7	10	26
0	9	91
4	9	32
5	5	23
6	6	24
0	12	91
0	12	91
2	4	21
4	7	23
4	7	22
12	8	37
8	7	30
7	11	30
6	9	25
1	7	22
4	8	24
3	7	22
4	7	24
4	7	26
4	7	25
9	13	36
4	7	23
4	33	91
5	34	91
3	32	91
4	5	23
5	9	27
7	12	27
8	8	25
2	8	22
4	8	21
3	9	21
7	9	26
8	10	31
2	7	20
2	6	22
3	6	21
10	10	34
3	13	30
5	8	26
6	9	26
2	8	23
2	7	22
3	4	21
7	9	30
5	6	22
2	7	21
7	9	27
3	8	22
3	8	23
4	6	23
6	9	25
3	6	21
8	12	30
7	9	26
2	7	22
1	4	21
5	41	91
7	9	27
4	7	26
0	7	91
0	6	91
8	11	29
3	7	23
10	12	32
2	5	22
6	11	26
2	7	22
5	8	25
4	8	23
1	7	21
5	7	24
2	3	22
0	5	89
0	7	90
1	7	91
5	9	26
0	8	90
2	5	21
4	8	32
1	7	76
3	4	22
5	9	24
6	7	25
4	8	23
8	8	31
0	25	87
0	11	90
6	9	27
2	7	22
4	8	23
0	16	91
7	10	27
3	3	22
3	7	21
3	5	22
0	7	49
0	5	91
14	14	39
5	34	90
7	12	28
2	5	23
0	5	91
0	7	84
3	8	23
7	9	27
4	7	23
10	12	33
8	10	29
10	11	32
7	13	30
6	11	28
4	6	25
2	6	23
6	8	23
6	8	25
3	8	21
0	13	91
0	12	91
6	10	29
5	8	24
8	11	34
4	5	22
3	5	20
4	8	21
3	6	24
2	6	22
0	8	89
3	8	23
3	6	21
2	6	21
8	15	30
0	35	91
7	11	30
0	11	91
3	6	24
0	8	90
0	7	91
0	5	90
0	11	91
0	2	20
3	7	23
2	5	22
2	6	21
3	6	22
2	5	22
6	9	26
5	8	25
6	9	25
5	7	22
4	7	24
3	8	23
6	7	24
7	9	32
6	10	27
1	5	24
3	7	23
0	10	90
2	5	22
6	7	25
7	9	26
9	10	32
7	10	28
2	7	22
2	4	21
0	8	91
0	13	91
3	7	24
5	9	25
11	16	40
12	15	37
4	8	23
5	8	24
3	22	91
0	8	39
4	8	26
3	11	90
2	7	90
3	6	26
1	4	22
3	3	22
3	11	33
4	9	24
4	6	22
10	16	37
7	10	32
2	8	24
0	4	90
0	5	91
0	4	21
0	4	20
2	7	21
4	7	24
6	9	31
2	7	21
2	5	20
4	7	23
4	5	24
2	5	22
3	42	91
4	5	23
4	8	23
4	8	31
7	10	31
4	7	22
4	8	23
3	6	25
3	7	25
2	7	22
7	10	31
9	17	41
8	15	40
7	12	36
9	13	37
11	14	40
8	15	39
4	6	36
8	14	37
7	11	32
6	14	32
7	13	39
8	15	37
5	12	31
3	8	26
7	11	32
8	11	31
6	11	31
6	11	31
6	11	31
4	8	25
3	9	26
4	8	22
7	8	28
8	15	35
3	6	24
7	11	32
4	7	23
4	6	22
8	10	30
6	9	26
6	11	26
4	40	91
8	12	30
5	8	24
2	6	23
1	10	91
9	11	31
9	13	28
10	13	30
6	11	30
7	11	28
3	7	25
2	4	22
2	6	20
2	6	21
4	7	23
2	5	23
2	4	20
4	7	23
5	8	24
9	16	34
6	12	30
2	7	23
6	10	25
4	12	31
0	10	91
0	9	91
4	9	24
1	7	22
2	5	23
3	5	22
7	10	25
2	24	91
2	6	23
3	6	23
2	9	22
0	10	91
1	12	90
4	7	30
5	8	24
5	6	25
3	6	22
2	6	22
3	5	24
4	6	25
3	4	23
3	4	24
2	4	25
34	39	91
8	10	32
5	6	22
6	12	32
2	6	20
8	12	29
1	7	21
3	6	24
8	9	29
7	10	27
10	12	31
8	9	28
9	9	29
7	12	31
7	10	30
5	7	26
3	3	23
3	3	22
8	9	27
4	9	23
3	5	24
5	10	26
26	30	89
0	5	24
3	8	24
3	8	22
5	6	30
2	5	21
6	13	28
19	24	47
6	7	26
6	10	28
4	7	29
0	16	90
6	10	28
3	7	26
3	6	24
3	7	24
3	8	23
6	10	26
7	9	31
6	7	24
5	8	24
3	8	26
2	7	22
2	4	20
5	12	31
7	10	30
7	12	32
6	10	28
7	9	28
6	12	27
28	29	90
7	11	29
2	7	22
2	6	20
2	6	22
8	14	32
6	8	25
5	5	24
6	6	25
10	15	36
3	7	24
2	8	22
2	6	21
5	6	23
4	6	22
2	5	22
5	8	24
4	11	30
3	5	22
0	4	76
0	2	76
0	6	91
4	10	26
5	8	26
4	9	26
2	4	20
0	13	58
1	21	90
2	7	22
6	8	26
0	9	58
19	22	88
3	7	25
5	6	26
0	5	90
0	8	91
1	11	90
5	8	29
2	5	21
0	11	91
4	5	26
5	5	23
3	7	24
3	7	24
2	4	21
5	7	25
7	10	26
3	5	23
0	7	91
0	7	91
2	5	21
3	7	25
0	22	90
5	7	22
3	5	23
4	27	87
2	5	21
2	4	22
6	5	65
0	7	90
0	8	91
2	8	22
2	8	21
1	4	23
0	4	22
8	9	28
0	6	89
0	8	91
3	7	23
1	3	22
5	9	28
0	9	91
0	9	90
0	15	90
4	7	24
4	6	25
4	5	23
5	6	22
4	10	24
1	7	20
7	14	32
6	11	31
0	-1	91
0	-1	91
3	6	23
2	5	22
10	12	35
6	10	32
8	10	30
7	9	26
6	7	25
6	6	26
15	24	90
6	9	25
6	10	26
0	32	91
2	5	22
0	10	91
1	25	90
0	21	91
3	7	23
4	7	24
6	11	27
6	11	29
5	14	30
7	10	31
0	10	91
7	9	26
4	11	30
3	11	31
7	11	26
7	33	90
0	3	22
2	5	22
2	5	21
6	11	26
5	10	28
5	10	27
5	7	22
6	9	25
2	7	23
7	11	32
7	10	31
7	13	28
7	11	28
5	8	24
3	7	25
3	6	22
5	9	26
3	7	23
3	7	23
6	11	27
8	11	34
3	6	22
4	8	23
9	11	31
8	10	29
6	13	32
0	7	91
0	4	21
3	9	21
6	8	30
0	3	21
3	6	22
2	8	23
8	11	32
8	11	31
3	12	31
2	5	20
3	5	23
6	10	33
0	16	90
0	21	91
7	8	27
9	11	32
2	7	23
0	9	91
0	9	90
3	6	23
5	7	25
3	5	24
4	11	24
5	6	22
3	6	24
0	-1	91
0	20	91
1	19	91
1	19	91
0	1	89
3	8	22
2	4	21
1	6	90
0	7	91
0	17	90
0	18	90
7	10	30
6	8	24
0	27	90
8	14	32
6	10	28
6	9	26
5	8	26
3	7	23
8	8	28
0	2	21
2	7	21
1	10	31
4	6	23
3	9	25
1	3	21
1	7	22
1	5	21
7	8	33
8	12	31
5	6	26
2	6	20
0	25	91
0	25	91
0	25	91
7	7	28
8	11	32
0	13	90
0	3	90
7	7	27
4	8	24
0	12	90
0	13	91
5	7	27
4	4	24
7	9	27
6	9	26
3	5	21
0	22	90
2	5	23
1	4	22
2	3	21
4	11	25
2	5	21
3	8	23
0	6	90
5	9	27
1	5	20
0	7	91
5	7	26
3	8	22
9	9	37
2	6	22
2	6	21
8	11	29
0	39	89
3	6	24
8	8	28
9	12	31
5	8	24
2	3	23
5	7	24
5	6	25
4	6	24
1	4	22
1	4	20
7	7	26
3	6	23
3	6	23
2	5	23
4	8	26
4	9	25
5	8	26
6	6	25
3	8	25
5	6	26
2	5	22
4	8	24
6	7	24
6	11	26
4	9	24
2	4	24
5	7	22
5	7	25
4	10	25
1	4	24
1	5	22
2	6	23
2	4	21
2	4	22
2	20	90
7	11	32
6	8	27
7	9	26
6	10	26
5	10	30
2	4	21
1	4	21
3	6	23
2	6	22
2	8	22
7	8	28
9	10	29
8	13	32
6	10	31
12	19	41
8	13	30
1	3	23
0	30	90
7	12	27
7	11	27
3	7	28
5	8	25
1	13	90
4	-1	91
4	8	24
5	6	25
7	13	30
3	24	91
0	8	90
2	2	24
2	3	22
7	12	33
0	16	91
1	15	90
6	7	23
2	8	22
11	11	35
8	9	30
6	12	31
5	9	31
4	7	24
10	13	32
7	9	32
3	6	22
0	12	91
6	10	34
4	5	25
3	8	23
2	7	22
6	10	30
9	12	34
6	10	25
4	6	22
3	8	23
3	8	24
2	5	21
3	8	24
3	7	23
3	7	24
7	8	26
9	12	30
8	11	33
12	15	38
5	8	24
6	9	24
7	10	30
0	10	90
7	8	28
2	6	21
3	4	22
3	5	21
9	12	30
9	12	32
3	6	22
4	6	23
0	11	91
4	9	22
3	8	23
4	7	21
5	7	22
1	6	21
7	8	24
4	6	23
7	9	26
7	6	25
7	11	27
6	6	23
3	21	89
0	5	90
8	8	27
2	4	21
2	8	24
4	7	27
0	11	91
2	2	23
9	10	32
3	5	22
3	7	24
0	8	46
3	4	22
0	12	40
7	10	28
9	12	36
6	13	27
3	9	30
3	9	25
3	10	24
4	4	25
5	10	26
3	7	22
5	9	24
10	14	36
6	10	29
8	11	28
7	10	29
0	4	91
3	6	20
4	8	23
4	9	24
35	23	90
4	9	23
4	7	23
4	6	21
5	7	22
4	7	24
6	11	28
3	5	22
7	20	90
8	10	26
5	5	26
7	8	30
6	7	27
5	6	25
3	6	25
4	7	23
4	6	22
5	8	24
4	9	25
5	7	26
5	7	23
8	11	33
4	7	25
3	6	24
3	6	24
4	5	25
3	6	25
4	4	25
3	3	25
5	5	26
0	9	91
0	12	90
3	7	25
4	5	24
0	8	91
2	6	21
2	5	21
2	6	21
8	9	31
4	5	24
0	15	90
0	3	90
6	8	26
0	8	90
3	7	21
3	8	22
7	9	26
4	5	22
6	8	24
5	8	25
7	9	28
8	13	29
3	6	22
5	8	29
3	8	25
6	7	27
7	9	31
2	4	24
0	10	91
0	12	89
2	5	23
1	4	20
8	10	28
2	6	21
1	15	90
2	5	22
6	13	32
7	10	27
4	9	24
4	9	23
0	7	91
0	11	91
4	8	23
6	8	26
1	4	22
0	9	91
0	5	91
4	6	26
4	10	24
3	6	23
3	7	24
6	9	26
4	6	24
7	11	30
5	11	30
5	13	31
3	8	28
3	6	23
4	7	24
3	6	21
8	10	28
4	9	24
6	12	31
2	4	22
9	10	30
4	9	23
3	8	22
3	7	21
8	9	26
2	6	21
4	6	21
9	11	34
4	10	25
4	7	22
5	10	23
6	7	25
5	9	26
5	10	25
3	8	24
4	7	23
3	7	22
1	4	21
6	8	25
7	9	30
5	7	26
4	10	29
5	12	30
7	10	31
5	8	25
5	7	25
3	8	23
2	8	21
5	7	27
6	12	28
3	7	26
9	11	31
7	13	34
6	11	30
6	11	28
6	9	25
5	10	31
7	11	26
4	7	23
4	7	25
4	9	28
1	4	22
0	29	90
0	24	75
0	-1	90
0	30	90
8	10	32
6	9	24
8	12	28
12	15	33
1	13	91
1	13	91
5	26	90
6	7	24
2	6	21
3	7	21
8	12	27
0	3	21
1	1	22
1	3	23
2	3	25
1	4	26
5	9	24
1	3	21
1	4	20
6	11	31
6	6	25
0	22	89
3	5	22
8	8	33
3	5	22
6	10	26
4	9	24
6	7	23
7	8	34
5	7	25
3	5	22
2	5	21
1	3	21
1	3	22
1	22	90
2	6	21
4	4	23
2	8	25
3	9	24
3	8	22
1	7	26
9	8	27
8	8	26
2	5	22
0	15	91
0	11	91
10	13	31
7	7	26
7	10	32
5	9	27
7	9	26
2	5	20
9	14	38
2	30	88
1	7	20
3	6	22
7	8	29
3	7	21
0	17	88
3	6	23
2	5	25
4	8	23
5	6	27
2	9	25
6	10	30
8	12	27
5	9	32
2	4	33
3	6	22
2	5	22
1	27	90
4	30	89
7	9	31
0	6	47
1	2	20
0	7	91
0	10	90
12	16	80
0	8	89
9	11	33
9	10	32
8	10	31
9	10	30
6	7	24
3	5	20
10	10	37
2	6	23
5	7	24
5	12	26
3	7	30
0	14	90
0	16	91
4	6	23
1	12	91
3	10	31
3	8	25
3	9	30
6	9	26
4	8	22
7	11	30
7	13	31
7	9	31
0	12	90
4	5	23
1	5	21
2	6	21
3	5	23
3	5	22
6	13	32
2	4	22
2	6	21
3	6	22
5	11	27
4	9	27
1	5	22
5	7	24
6	7	25
4	7	22
4	6	24
6	6	25
7	10	28
2	5	21
2	6	22
7	13	31
5	13	28
7	12	30
6	9	25
0	4	90
5	8	26
4	5	22
8	12	28
6	7	24
6	7	25
1	7	90
2	8	90
9	12	33
3	8	26
1	9	87
4	6	24
10	9	33
10	9	31
3	5	23
8	10	31
4	5	23
1	2	21
6	9	24
2	9	22
3	5	23
4	8	24
2	4	23
2	6	22
4	7	24
4	6	25
1	5	20
3	7	21
7	10	31
7	9	33
5	6	24
3	10	23
6	8	24
8	10	29
3	7	21
2	7	20
6	9	24
0	15	91
9	11	30
3	8	23
4	8	22
7	9	27
3	5	21
7	10	31
3	6	24
4	7	24
4	8	30
4	8	31
0	15	90
10	18	35
3	8	30
7	11	27
4	9	23
6	10	28
5	8	25
4	8	24
5	8	25
4	8	28
6	12	30
4	7	27
5	12	28
7	12	30
2	7	22
0	7	91
6	6	22
5	6	23
0	22	91
5	35	90
3	5	21
9	16	36
8	14	35
7	8	30
4	7	24
0	12	90
0	8	90
7	8	27
7	12	31
3	7	22
1	7	20
0	28	90
2	10	25
2	6	22
0	7	91
1	10	90
3	8	25
2	6	22
4	9	23
5	6	24
5	11	30
3	6	23
4	7	24
4	5	22
3	6	21
4	10	27
0	11	90
3	9	24
4	8	24
4	9	25
3	7	24
6	8	26
7	9	28
2	5	21
5	6	22
8	11	30
5	8	31
5	9	23
6	9	29
7	12	37
3	7	25
5	10	31
2	7	21
3	7	22
3	8	24
6	9	30
5	10	31
6	11	32
2	7	25
4	11	26
5	11	28
7	10	31
9	12	36
8	13	37
8	12	36
8	9	28
7	9	29
6	10	31
6	10	27
7	9	30
4	8	27
6	11	25
3	6	22
11	14	39
10	10	37
2	9	23
7	8	30
6	12	30
7	8	26
7	11	26
2	6	21
0	6	90
0	11	90
0	5	22
4	7	25
6	8	23
2	8	23
1	5	22
5	7	24
0	8	90
6	9	31
9	13	35
8	13	30
4	8	23
4	4	23
5	10	31
5	8	25
5	7	25
3	6	21
3	8	22
3	7	23
4	6	24
2	6	22
0	38	90
5	6	26
4	7	25
0	11	90
0	12	89
1	3	23
0	10	91
0	10	90
7	9	24
5	8	25
3	8	23
5	10	24
7	9	28
5	6	26
8	11	28
0	6	90
6	13	31
6	12	31
5	9	24
0	11	90
8	8	26
3	7	23
3	7	24
5	9	29
5	9	31
4	8	26
4	9	27
5	9	27
7	9	27
6	8	26
2	8	23
7	9	26
5	6	23
1	4	21
5	5	24
9	11	37
7	10	26
7	8	25
4	6	23
2	4	22
2	27	90
2	6	21
2	13	89
1	9	90
3	13	30
8	9	30
10	10	33
3	9	22
2	5	23
4	10	31
5	7	25
2	5	22
2	4	21
3	7	21
5	7	30
8	10	31
2	4	20
1	4	21
7	11	32
4	10	26
3	7	25
5	7	23
6	6	24
5	7	23
1	7	23
4	8	25
4	7	26
4	7	24
4	10	31
3	8	25
3	8	26
4	9	23
0	8	91
3	7	21
7	7	27
8	8	27
8	11	31
4	11	30
5	11	30
9	10	31
5	9	23
5	8	24
8	10	31
6	9	25
5	9	24
4	9	25
8	12	31
4	5	27
2	5	25
5	6	25
5	6	25
3	7	24
4	37	90
9	12	33
4	6	23
3	8	23
2	9	24
2	5	26
2	7	25
1	7	24
2	6	23
1	3	22
1	3	21
7	10	26
7	11	31
3	6	24
5	8	22
6	11	28
3	8	25
4	7	25
5	7	27
1	26	90
0	10	90
0	11	90
0	7	91
3	4	22
2	6	22
0	4	23
5	7	25
0	19	89
5	12	32
1	8	66
2	6	22
1	4	21
11	12	39
6	8	26
6	8	25
2	6	21
3	7	23
3	6	23
0	10	91
5	8	26
0	8	91
1	9	91
3	7	24
2	6	20
4	5	22
5	10	25
3	8	23
11	10	40
4	13	91
3	15	91
2	8	24
1	7	22
6	10	26
6	10	25
5	9	28
0	20	80
4	8	27
7	13	31
0	34	90
6	6	25
7	10	25
5	9	25
7	8	27
0	14	91
5	9	30
4	8	24
5	8	23
3	8	22
6	12	32
2	6	25
5	10	30
9	11	32
1	4	20
0	8	91
4	9	22
1	12	90
0	3	31
7	10	26
3	6	22
5	8	23
4	5	25
0	13	91
0	9	90
0	13	90
2	6	22
7	12	33
4	7	22
3	7	23
0	13	90
0	8	91
1	24	89
4	26	90
0	5	25
1	6	21
0	25	89
0	10	90
3	5	21
3	4	22
1	7	28
4	5	25
9	14	32
5	6	23
3	5	21
8	11	32
6	7	26
5	10	26
3	7	24
3	6	22
4	7	24
3	5	23
2	7	24
1	12	91
2	6	20
6	8	24
5	5	24
7	11	30
7	7	25
7	10	27
6	9	26
5	11	27
4	8	26
5	14	33
3	7	25
4	7	24
4	7	23
1	5	20
4	4	21
3	4	23
2	3	23
4	9	26
4	7	25
3	6	22
6	6	23
10	13	34
0	3	21
0	4	20
1	8	33
1	6	31
1	6	31
1	6	30
1	4	21
3	8	24
0	6	91
3	8	22
1	2	21
1	3	20
1	6	21
5	8	23
6	10	28
1	20	91
0	20	90
7	12	30
8	10	26
7	9	26
4	6	25
6	8	24
3	7	23
4	7	23
7	8	27
6	12	33
7	11	35
0	6	20
2	30	91
3	7	24
5	7	25
4	6	24
3	7	24
2	7	23
8	11	31
7	9	30
7	10	26
4	7	24
4	8	22
5	10	33
2	5	21
0	18	91
6	7	23
8	9	25
6	7	25
4	8	23
3	7	21
2	8	23
3	8	23
5	9	24
9	11	31
0	22	91
3	6	20
0	15	90
0	14	91
3	6	21
6	34	90
5	33	90
0	7	90
0	13	91
5	9	30
8	12	33
1	5	20
0	9	90
0	10	91
3	5	22
0	1	90
0	0	90
0	0	91
0	1	85
0	2	91
5	9	25
6	9	27
4	8	24
4	8	26
3	9	24
3	4	23
0	2	22
7	27	91
4	6	23
1	4	21
3	26	91
12	17	38
8	13	29
11	15	35
10	15	36
9	18	37
13	13	56
2	8	23
1	3	21
2	4	20
3	7	24
0	8	91
4	6	25
0	8	91
0	8	91
3	5	23
4	6	24
6	9	32
3	9	33
1	6	21
6	8	26
0	7	90
2	4	25
7	7	26
2	7	24
3	5	21
6	10	26
3	34	91
4	8	23
4	6	23
4	5	22
5	11	30
5	10	30
6	5	26
6	5	25
6	7	23
0	11	89
0	12	90
1	3	20
6	29	90
0	15	91
5	7	24
4	6	23
5	10	26
4	7	26
4	6	26
3	7	26
5	6	25
15	15	90
15	15	91
15	15	91
13	12	71
3	7	24
1	3	22
4	8	23
10	13	36
4	7	25
2	7	23
4	11	26
5	12	30
7	11	27
6	14	35
6	13	32
7	12	31
6	13	31
5	12	30
6	11	29
6	12	31
5	13	30
4	9	25
0	16	90
1	14	91
6	12	32
3	7	27
8	11	29
8	13	31
0	37	91
3	8	22
3	5	23
3	5	21
27	28	91
28	-1	89
25	28	91
11	16	36
6	10	24
1	27	89
5	6	24
7	9	26
0	17	91
0	1	91
0	1	91
4	6	23
0	8	90
1	6	91
0	8	83
4	8	22
2	7	22
2	7	22
5	8	23
5	8	26
0	2	87
1	1	21
4	6	23
6	7	26
3	4	22
0	5	20
0	12	91
0	12	87
3	7	22
7	10	26
6	8	25
2	5	22
0	22	90
1	16	90
1	13	90
0	4	23
4	8	22
3	6	22
6	6	24
3	4	23
5	10	24
1	5	27
0	13	90
0	-1	91
5	8	25
8	9	25
4	5	22
0	3	25
0	11	91
0	17	90
0	-1	91
0	-1	90
1	6	22
1	4	25
2	7	21
3	6	21
3	4	20
7	7	25
0	5	91
0	8	90
3	25	90
2	4	21
6	8	27
2	11	91
7	10	28
0	14	91
0	8	91
3	5	22
1	4	22
9	12	30
4	8	23
3	10	24
3	10	25
4	8	22
3	7	23
5	12	25
2	26	90
0	21	87
2	27	87
0	32	90
3	7	23
0	5	91
0	17	91
2	6	22
2	7	20
0	33	89
0	7	91
0	9	90
4	5	21
6	10	27
6	9	31
3	6	22
4	7	25
5	7	24
2	5	22
6	10	24
5	8	24
5	9	24
2	7	23
2	7	23
2	6	22
3	5	23
3	8	23
7	10	34
0	25	68
6	10	24
8	13	31
6	4	26
8	13	30
3	9	22
4	8	31
5	8	27
5	10	24
4	7	24
8	15	33
6	10	32
5	8	25
5	9	25
5	7	24
5	7	23
5	8	25
5	10	24
4	9	30
5	7	23
4	10	27
7	9	34
0	6	90
0	7	91
3	7	23
5	7	25
5	7	24
6	11	32
4	6	24
2	7	24
4	7	24
2	6	24
2	6	21
6	9	25
8	11	29
5	9	22
6	9	24
9	16	38
10	14	38
10	17	38
9	15	36
8	14	35
3	8	23
3	7	22
2	7	21
2	5	20
5	8	25
4	5	22
2	6	22
3	6	22
0	15	68
5	8	27
8	6	33
0	12	90
3	7	23
25	26	81
6	11	32
6	7	33
4	5	25
2	4	20
10	12	37
10	10	37
1	6	75
0	9	75
1	4	21
0	2	21
3	6	24
0	16	90
3	6	23
3	4	24
0	11	89
0	11	91
2	5	22
2	7	23
2	6	24
3	4	21
4	7	32
6	8	30
5	8	30
3	6	28
3	8	30
3	6	23
2	4	22
0	8	90
4	5	23
6	9	28
1	25	90
1	24	90
0	-1	90
0	24	90
0	12	91
0	10	91
1	15	91
0	7	91
4	22	91
0	10	91
2	9	27
2	5	21
5	8	25
7	10	38
1	29	90
4	6	23
4	7	26
3	6	22
0	7	90
8	5	25
5	8	25
0	6	91
2	6	21
8	34	88
7	9	30
0	2	21
1	6	23
2	5	22
2	3	22
8	10	26
1	21	90
1	5	22
6	8	25
4	7	21
5	6	26
6	8	27
0	13	90
0	17	91
4	10	25
0	8	91
1	15	90
6	34	90
0	13	91
0	11	90
0	3	90
7	8	25
5	7	23
4	7	23
7	10	30
1	21	90
7	10	25
2	5	22
2	5	21
2	36	91
4	7	21
8	10	33
3	6	23
7	7	27
4	7	23
0	8	91
0	10	91
8	9	26
6	12	28
7	10	29
6	9	30
4	8	25
2	7	25
8	12	29
6	12	30
0	-1	91
4	7	25
2	5	23
6	10	26
3	6	24
4	8	24
5	7	23
5	8	23
4	7	23
2	5	21
6	14	30
6	13	28
4	7	26
4	7	22
6	9	26
2	4	23
2	5	20
3	4	24
3	3	24
0	27	91
6	9	25
2	8	22
10	12	34
6	11	26
5	10	26
6	12	29
5	10	24
5	9	25
2	7	22
7	10	30
5	8	22
7	10	25
4	6	24
7	8	24
0	12	63
0	36	89
5	14	30
9	12	33
26	39	90
3	10	26
3	6	22
3	6	21
0	-1	90
3	6	24
0	24	90
2	22	90
8	10	28
7	13	33
3	11	26
2	6	21
4	8	23
3	7	24
5	7	24
0	12	90
0	9	91
2	4	21
4	11	30
4	7	24
3	5	23
1	6	20
3	24	90
2	4	20
1	5	21
5	7	25
10	12	32
7	11	30
6	7	24
6	7	25
0	14	91
4	8	23
3	8	23
2	22	84
1	11	90
6	11	26
1	4	22
7	10	26
3	5	21
4	10	25
0	10	90
0	13	88
3	8	22
2	7	20
8	9	31
3	5	20
4	7	22
6	8	31
5	10	25
0	-1	90
3	8	23
3	7	21
3	7	22
6	8	22
5	7	24
6	7	24
2	7	22
3	5	21
3	6	23
5	36	90
1	4	22
4	9	91
8	12	91
9	8	26
7	9	26
0	9	91
8	10	27
2	6	21
8	15	34
0	12	91
0	13	91
2	8	22
0	13	84
4	6	21
3	8	22
5	7	24
1	3	20
6	12	31
5	11	30
0	9	90
7	10	27
7	12	27
6	7	26
6	6	25
5	6	24
2	7	21
1	11	90
0	9	90
7	10	30
7	9	32
6	8	28
7	9	30
5	6	27
5	6	26
5	8	26
4	6	24
3	7	27
5	8	24
8	8	30
5	9	24
3	5	24
3	5	22
4	12	25
3	7	25
4	11	24
6	10	27
6	9	28
6	9	26
6	9	25
5	9	25
2	6	21
0	5	91
0	6	88
2	4	23
3	6	24
5	9	26
5	9	24
6	24	90
1	29	90
5	8	25
4	6	23
10	14	35
7	10	25
2	7	25
9	11	36
9	9	34
10	9	33
1	8	22
6	8	31
0	14	90
5	9	23
2	5	22
0	11	91
0	14	90
3	5	22
3	5	21
3	5	20
2	5	24
6	12	31
1	14	91
0	9	90
0	7	91
0	13	91
3	7	22
4	10	22
4	7	25
5	8	25
4	7	22
3	5	23
2	4	23
0	10	90
0	3	20
0	4	21
9	14	32
5	12	30
6	10	26
7	12	31
7	6	27
7	6	26
6	12	31
6	8	25
7	7	26
2	5	22
6	9	32
1	5	21
1	31	90
7	9	25
4	7	23
0	9	91
3	7	22
20	23	70
3	8	24
2	5	21
7	8	30
6	7	30
3	35	91
4	35	91
3	25	91
2	5	22
2	4	21
3	6	24
3	6	23
3	6	21
8	13	33
8	12	30
6	12	27
6	11	27
8	15	34
8	12	28
6	15	31
6	13	27
0	5	90
7	10	28
7	9	28
3	11	30
1	16	91
1	16	91
1	3	23
0	5	22
7	12	26
6	10	27
3	6	23
5	6	24
3	6	21
4	9	24
4	8	22
0	37	91
0	36	91
1	37	91
1	4	22
6	10	26
4	7	25
1	4	21
1	5	21
4	8	23
4	8	23
2	5	24
4	9	24
4	5	22
0	3	22
6	12	33
3	7	22
4	12	30
8	11	29
4	7	23
4	9	25
6	8	28
1	5	22
1	6	30
1	4	25
1	4	22
4	8	26
2	9	25
4	7	23
5	11	26
5	5	25
1	20	90
4	7	25
1	5	21
8	12	31
9	13	30
10	12	30
7	7	25
3	7	23
3	7	22
2	9	24
5	8	26
5	7	22
2	6	22
0	8	90
0	11	91
0	18	90
6	7	23
6	7	29
8	9	31
7	12	27
8	10	27
9	13	32
8	14	33
7	11	26
6	10	26
5	7	26
3	8	21
4	9	23
2	9	24
11	18	39
3	8	24
3	6	22
4	9	27
5	9	26
3	9	27
0	4	20
4	3	22
6	8	27
7	9	26
5	8	25
7	10	30
9	10	30
3	7	24
10	9	26
10	11	31
2	9	23
5	12	25
3	7	22
5	11	30
6	12	31
3	6	22
8	11	30
3	4	22
0	35	90
3	8	28
7	8	29
10	13	32
5	8	28
1	4	24
1	4	22
0	3	21
7	10	28
2	5	22
5	9	25
8	14	33
4	9	30
8	7	26
9	9	30
6	7	25
6	8	27
3	7	23
3	7	25
3	7	23
3	7	22
6	10	28
9	12	32
0	16	91
5	7	27
3	7	22
3	8	23
5	7	25
4	6	23
4	6	23
8	9	28
2	7	23
4	7	24
2	5	23
0	4	22
1	7	91
6	8	26
4	9	29
3	5	24
6	8	27
5	8	26
5	11	34
8	15	33
1	7	67
1	9	67
6	10	32
6	9	27
6	8	25
0	5	91
6	8	26
4	9	32
3	6	23
2	6	21
2	5	21
5	7	24
5	7	25
0	10	91
0	14	91
4	8	91
1	9	91
0	12	91
0	5	26
0	14	91
5	4	23
1	11	91
0	4	91
0	4	90
5	9	30
0	6	91
0	9	90
9	11	32
4	6	23
3	7	27
2	3	21
2	7	23
7	10	29
8	10	29
2	-1	91
2	-1	91
5	8	24
8	11	30
6	6	25
3	5	24
1	4	23
2	3	22
3	6	21
4	9	25
0	3	24
2	7	23
0	8	89
0	7	68
0	8	68
5	8	24
5	10	26
5	9	25
6	10	26
7	9	27
2	6	20
6	9	27
0	20	90
0	20	91
0	8	91
3	7	22
4	8	23
7	7	27
5	11	30
0	4	22
2	6	23
5	7	24
1	11	91
1	12	90
4	7	24
1	5	21
6	7	32
0	14	90
1	4	27
8	12	32
4	7	24
0	2	20
5	-1	74
4	20	68
5	22	68
4	21	64
3	16	58
1	5	22
0	11	91
4	9	28
3	12	91
1	3	22
0	17	91
6	6	26
3	6	22
4	6	24
4	5	24
2	4	23
3	12	27
2	10	26
4	10	25
2	7	25
0	11	69
4	7	26
4	7	27
6	11	29
1	18	91
2	7	21
8	13	32
1	7	22
1	2	20
9	9	32
2	9	25
7	9	30
0	8	91
0	9	90
3	7	25
0	7	91
0	7	90
1	23	88
4	7	23
4	7	24
0	19	90
8	12	30
2	7	22
6	9	26
2	7	23
5	9	27
3	9	23
8	11	32
2	5	22
5	9	25
1	6	23
5	8	25
4	10	25
2	6	22
5	8	25
6	10	29
4	5	25
4	9	32
4	33	90
6	10	24
2	6	25
4	6	24
7	10	31
3	6	22
7	9	25
4	7	25
3	6	22
6	9	24
5	10	27
6	9	25
6	10	27
10	10	34
3	7	23
11	13	31
2	4	22
2	9	23
6	7	38
3	5	23
4	6	27
3	6	24
0	5	20
1	6	21
3	3	21
2	4	22
1	4	22
4	6	24
6	8	24
4	6	22
1	5	21
6	37	90
2	5	20
4	7	24
6	8	25
6	8	25
7	9	28
5	8	26
7	11	30
8	11	31
8	12	31
8	12	29
5	9	32
3	5	22
4	10	26
3	7	23
3	7	22
1	1	21
9	16	37
9	15	33
9	13	31
1	2	22
1	7	91
0	12	90
6	7	25
13	13	38
8	13	32
3	4	22
0	4	20
3	4	23
0	6	90
4	7	26
2	5	20
3	6	23
5	7	27
4	7	23
0	1	23
4	8	26
5	28	90
5	29	90
2	23	90
0	8	89
1	5	21
5	7	24
0	3	91
0	7	90
0	10	91
0	10	88
0	11	91
2	26	90
0	11	91
0	8	90
5	9	27
5	6	24
1	5	21
4	5	24
4	9	25
6	12	25
4	7	23
0	6	23
3	6	30
3	6	20
4	7	24
3	6	22
3	5	23
5	7	26
0	27	88
2	5	23
5	5	25
4	6	25
1	3	21
3	7	26
3	8	25
2	10	27
11	14	38
0	11	91
1	4	23
0	2	20
0	3	21
0	24	91
2	6	22
3	5	21
0	7	91
2	6	24
10	11	34
4	7	23
5	12	33
4	13	33
2	10	25
2	3	24
5	13	27
6	8	27
0	22	90
4	8	25
3	7	22
0	16	87
2	9	22
8	9	27
4	7	25
3	7	25
4	7	25
0	9	90
5	8	25
4	7	21
1	0	20
1	5	21
4	9	22
0	22	90
8	10	30
6	10	28
2	5	21
3	6	26
5	9	25
3	8	22
9	11	30
8	12	29
7	8	25
3	10	27
9	11	32
3	6	20
7	12	31
0	23	90
6	10	28
2	5	22
0	11	91
0	14	91
5	7	28
7	10	26
2	7	24
0	8	90
0	12	91
0	27	91
7	9	26
6	9	27
8	11	29
1	7	21
8	9	32
6	8	26
5	8	26
5	8	25
0	12	90
0	5	91
2	6	21
3	6	25
3	6	23
5	7	26
3	6	23
5	6	23
5	9	26
1	6	21
3	8	23
1	4	22
2	4	21
1	4	21
8	9	30
4	6	25
5	5	25
5	5	23
2	10	22
0	15	90
4	7	23
3	7	23
3	7	22
4	7	21
4	7	22
1	16	90
2	9	26
4	7	24
4	25	91
6	8	24
4	7	24
4	9	26
4	9	25
5	6	23
6	9	26
8	11	29
6	9	26
0	21	91
2	7	22
2	6	21
3	6	22
3	5	21
7	13	27
3	10	22
8	9	25
4	8	36
3	4	23
8	10	30
7	9	26
7	10	27
4	7	21
2	5	21
5	23	91
0	19	88
4	10	26
0	7	91
0	5	90
1	8	23
8	11	32
3	13	28
1	5	21
0	4	21
7	10	28
6	9	24
2	5	24
0	13	90
0	12	91
7	7	25
5	8	26
6	9	26
1	6	21
2	6	22
1	6	21
0	11	91
0	11	90
3	6	21
7	8	25
3	6	22
1	22	90
3	5	21
1	7	23
2	4	22
1	14	91
0	7	90
0	7	91
0	8	90
9	11	31
5	10	24
4	7	23
4	6	22
4	6	22
2	7	23
3	6	23
3	5	23
10	12	34
4	6	21
7	7	25
5	9	24
5	6	25
8	9	39
5	10	28
3	7	23
3	9	24
6	10	25
8	9	31
2	9	23
5	6	24
5	6	24
6	7	23
5	6	21
3	7	22
2	31	90
4	9	25
7	8	33
0	10	91
0	8	90
7	7	26
3	7	23
5	9	26
4	7	26
7	8	31
8	11	33
10	11	34
7	12	30
2	6	22
7	9	27
11	10	32
6	11	27
4	8	24
5	11	30
7	8	24
4	7	24
4	10	26
2	4	21
2	8	21
0	5	22
4	8	25
4	6	23
1	12	90
0	10	90
3	6	23
7	14	31
8	14	33
0	1	34
6	10	33
8	11	34
0	8	90
0	35	90
3	7	22
4	7	23
4	12	30
5	9	25
8	10	28
0	11	91
4	7	24
1	3	21
0	8	90
0	10	91
5	6	23
6	11	25
4	8	24
5	11	30
6	10	26
5	9	26
6	10	26
7	11	28
1	17	90
0	6	91
10	13	35
1	3	21
0	10	91
0	12	91
5	10	29
5	9	24
5	10	25
4	7	23
0	11	90
5	8	24
2	5	21
7	10	27
10	14	35
4	8	23
0	9	90
4	6	23
3	7	68
8	10	31
2	6	21
1	3	20
3	7	23
2	9	22
4	9	23
6	10	29
4	7	23
3	7	21
0	10	90
5	11	25
3	34	83
3	7	24
5	9	26
4	6	21
5	6	24
1	5	21
6	8	25
3	5	21
5	7	23
2	7	23
5	6	24
0	13	91
0	18	91
0	7	91
0	3	90
1	6	21
0	8	91
2	7	21
3	4	21
2	5	21
9	12	30
3	7	22
5	7	24
3	5	23
3	4	21
2	5	23
5	8	25
2	6	23
0	12	80
0	11	80
3	11	24
6	7	26
4	8	23
3	7	22
4	8	23
5	9	26
4	8	23
0	2	89
0	9	91
1	9	89
4	6	24
0	13	90
0	22	89
6	7	26
1	12	90
0	9	90
6	7	26
2	1	21
0	10	87
0	11	87
3	6	22
6	6	26
2	10	22
3	5	23
0	7	90
3	7	24
4	7	24
3	6	22
0	9	91
1	5	21
6	7	25
6	9	24
5	6	24
6	7	25
0	12	91
0	-1	90
0	12	90
0	11	90
2	4	22
0	18	91
0	16	91
3	7	23
1	14	90
0	8	91
5	7	25
0	14	91
0	14	91
6	8	28
2	5	21
3	8	24
3	6	23
2	5	22
0	7	91
0	11	89
0	1	21
1	11	88
1	3	20
2	8	22
0	14	91
1	3	22
6	7	25
5	6	25
5	8	31
9	11	36
2	5	21
0	14	91
0	6	91
0	-1	90
5	6	24
0	3	20
1	4	21
4	6	24
4	8	22
0	5	21
1	5	22
0	3	30
3	7	22
2	7	23
0	7	89
1	11	89
1	7	91
2	25	89
2	5	22
2	3	21
2	5	22
0	8	91
4	6	22
0	27	90
0	28	91
4	9	26
3	4	22
0	12	90
0	8	90
9	13	28
5	22	91
4	23	91
2	3	23
4	3	23
6	11	30
0	10	89
0	9	90
2	6	21
1	6	21
3	7	24
3	7	25
6	7	29
0	7	91
5	7	24
0	4	21
9	9	33
0	8	91
0	4	91
1	8	89
0	6	91
5	4	30
2	5	21
7	9	25
5	8	30
7	9	28
7	10	26
2	9	22
5	37	91
7	37	91
5	10	32
7	9	28
3	8	25
1	8	91
0	11	90
2	5	21
5	8	26
5	7	25
5	8	24
4	6	23
4	6	24
10	14	33
4	7	33
5	6	24
6	8	26
5	8	25
4	8	25
8	10	90
3	6	24
6	10	30
3	5	23
3	9	24
4	10	26
3	9	25
3	10	26
1	7	21
2	4	20
0	2	21
3	7	20
3	8	27
0	11	91
0	8	67
7	8	31
11	13	33
4	6	24
4	7	25
1	-1	89
6	7	27
7	12	30
5	9	26
0	4	20
1	6	21
1	6	22
3	7	24
0	24	90
6	11	26
3	21	91
2	7	23
6	7	26
1	9	68
1	-1	68
3	5	22
0	-1	87
0	8	89
5	9	27
7	8	27
7	9	26
4	7	22
2	6	21
2	6	21
2	8	25
4	9	24
4	4	25
6	10	28
5	11	30
4	5	22
6	6	27
7	7	25
4	8	25
2	7	21
4	5	22
6	12	27
12	13	35
4	8	24
5	10	30
0	32	91
3	8	22
3	6	23
2	5	22
5	11	25
7	11	29
4	8	25
6	14	34
5	11	32
5	13	33
8	13	34
4	8	26
6	11	34
5	12	29
6	12	29
3	7	24
3	7	24
8	24	91
4	8	24
9	13	36
6	8	25
5	13	33
6	10	32
3	8	30
6	13	32
2	7	20
3	13	88
0	17	90
0	10	67
3	10	26
1	5	20
10	9	32
9	10	37
9	10	36
2	7	23
5	6	26
6	9	26
4	7	24
8	9	26
3	9	24
4	6	22
5	10	25
6	7	25
7	10	28
8	11	31
9	10	30
6	8	25
9	9	27
10	10	32
9	10	33
3	6	22
3	6	22
3	7	20
8	11	26
1	5	21
3	8	25
3	7	23
2	4	21
5	8	25
0	2	22
1	6	21
4	9	26
7	6	26
7	9	26
0	9	90
6	9	24
0	6	91
4	7	22
4	7	25
6	11	31
7	11	31
6	8	28
3	9	27
5	12	32
7	11	28
3	9	25
6	7	25
6	7	24
8	11	33
9	11	34
0	19	89
3	5	24
3	7	23
6	8	24
0	6	90
5	39	90
5	9	30
7	12	29
3	5	22
5	12	31
4	7	28
5	9	23
6	9	26
4	7	22
1	3	21
8	9	30
9	11	28
6	13	28
4	8	23
4	8	22
2	6	21
3	6	21
1	3	25
1	4	21
3	9	31
2	8	23
0	13	90
0	9	90
7	9	28
2	7	23
2	8	23
7	11	28
7	7	25
3	6	21
0	33	90
8	11	32
9	13	34
12	14	33
6	12	30
0	15	91
0	9	90
7	7	29
3	6	23
6	10	28
4	10	23
4	7	24
5	4	24
5	11	26
6	11	29
5	11	28
4	9	22
2	6	24
4	7	24
3	6	22
3	7	21
2	6	22
11	15	38
2	5	23
6	10	30
5	7	24
3	8	22
2	4	22
7	13	32
12	12	35
3	6	21
10	11	35
2	8	22
4	6	22
5	34	90
0	10	90
0	27	91
2	5	21
8	9	28
8	9	27
3	5	22
0	-1	90
6	9	31
3	6	24
4	9	24
0	4	21
1	6	89
0	11	90
4	5	23
1	5	20
9	12	31
4	8	25
7	11	27
3	26	91
4	26	91
3	27	91
4	26	91
4	26	91
4	6	24
6	13	32
6	11	27
4	10	25
5	10	25
5	7	24
0	17	91
0	16	90
7	10	31
5	8	26
6	9	27
7	10	29
5	8	27
12	15	38
10	16	39
10	15	36
5	8	23
6	10	32
6	9	25
8	12	32
6	6	23
4	4	24
7	10	30
3	9	23
3	7	22
3	7	21
3	6	21
3	7	23
3	7	21
1	9	91
5	9	24
8	8	29
0	10	91
0	15	91
4	7	24
2	23	91
5	8	22
4	9	25
5	7	24
7	9	26
6	34	90
7	10	27
5	10	26
2	7	22
3	8	22
3	8	23
2	6	23
3	7	23
3	7	24
3	7	23
0	4	20
5	11	31
8	11	30
8	12	31
5	9	30
4	8	24
0	7	23
0	3	21
1	5	21
6	13	31
5	10	25
7	11	30
5	7	25
4	8	23
5	7	24
6	10	27
7	11	25
2	8	30
6	8	24
4	10	24
5	9	25
4	8	23
4	7	23
4	10	25
3	8	24
3	8	23
4	7	25
0	13	91
0	8	91
3	7	22
2	6	22
3	7	21
8	12	29
2	4	20
5	9	25
9	10	29
5	8	28
5	9	27
0	23	90
4	13	30
7	4	25
2	5	21
0	4	21
3	5	24
3	7	21
2	4	23
8	11	31
6	7	25
7	7	32
2	6	27
3	4	24
2	4	22
2	4	20
3	5	25
6	5	24
6	5	25
6	10	25
8	11	31
3	30	90
5	6	24
3	5	22
4	6	23
3	4	22
2	7	32
0	4	20
0	5	91
5	6	26
8	13	34
4	8	26
7	8	27
7	10	26
6	11	25
5	9	26
5	9	25
5	10	26
6	8	26
2	6	22
6	7	26
4	8	24
3	3	22
4	6	24
5	6	25
5	7	27
5	7	25
8	11	28
3	7	23
2	6	21
6	10	28
4	7	24
6	8	27
0	3	21
5	10	30
6	10	24
9	12	30
7	10	28
4	5	21
1	4	23
0	4	21
0	26	90
4	7	22
4	6	22
7	9	27
6	10	30
4	6	22
7	10	24
6	11	31
6	7	24
3	11	27
3	7	23
2	9	23
4	9	25
8	14	35
2	8	23
6	8	24
4	6	28
2	6	23
3	7	21
6	8	25
2	4	21
4	8	30
2	5	24
3	9	30
3	7	23
3	10	25
1	19	91
2	4	21
3	10	22
6	7	25
9	11	29
6	26	88
6	7	25
3	4	23
7	10	30
5	10	25
3	6	22
6	7	25
5	9	25
6	7	25
5	8	24
3	8	22
4	7	22
5	13	28
9	13	35
4	11	29
7	8	26
7	7	28
4	10	27
5	9	23
6	8	25
7	11	27
0	10	91
0	9	89
2	9	23
1	11	91
0	9	90
0	10	90
2	6	23
2	7	22
2	7	22
1	6	22
2	7	22
0	16	91
10	16	32
10	17	36
7	9	29
6	11	31
7	10	26
3	5	22
4	6	25
2	6	22
2	8	24
4	6	24
3	5	23
2	5	25
27	28	87
5	10	25
5	10	26
7	10	27
5	7	23
6	11	27
6	10	24
2	8	21
0	12	90
3	4	25
4	9	24
4	7	22
0	17	91
0	10	90
8	13	36
1	4	20
7	12	34
7	12	30
1	19	90
6	8	26
5	-1	91
6	9	25
0	0	22
1	2	20
7	8	29
4	11	31
5	10	31
4	7	23
3	6	22
5	8	24
2	4	21
4	7	25
8	11	28
6	10	27
7	9	27
6	8	25
2	8	22
5	8	25
3	6	20
3	8	22
6	9	28
7	10	26
0	21	89
0	4	20
6	17	32
3	6	22
1	4	20
1	5	25
0	15	91
0	11	90
6	12	34
1	4	23
4	7	24
4	30	91
5	5	25
7	6	25
1	3	22
4	4	22
3	4	21
5	7	24
7	8	26
9	11	29
0	6	91
0	9	91
5	5	24
7	11	31
10	13	91
6	8	24
0	13	90
2	7	91
3	12	91
5	7	26
2	6	23
3	7	22
1	5	22
5	6	22
7	9	31
8	8	31
5	7	27
6	8	30
7	8	29
7	10	25
7	10	26
9	11	29
4	11	27
0	9	90
2	13	91
8	11	27
2	5	22
2	5	22
0	9	78
2	9	26
4	8	25
4	9	26
9	10	32
7	10	30
10	11	32
3	6	22
4	8	22
0	0	24
3	7	22
6	11	30
0	5	25
1	4	24
0	3	22
1	3	24
0	3	22
4	9	26
2	6	23
8	13	31
2	4	21
4	7	25
4	6	22
0	24	91
3	5	21
2	7	22
7	11	38
4	6	22
5	10	25
4	13	30
5	11	31
6	11	25
8	11	31
5	12	30
5	11	30
10	13	62
2	30	90
5	6	23
3	8	23
7	9	25
5	10	26
5	9	25
3	6	25
2	5	22
4	8	23
6	7	25
3	5	22
8	10	29
0	7	91
5	8	27
5	10	24
0	4	21
2	5	22
2	5	23
11	11	32
4	8	24
4	8	25
4	7	23
3	7	24
7	10	25
1	1	22
6	9	30
5	9	26
4	9	23
7	11	31
4	10	24
6	26	91
15	18	45
6	9	27
7	14	30
3	6	21
0	4	20
4	9	24
3	6	23
3	6	23
2	7	22
5	8	22
7	12	25
6	9	24
8	7	32
5	8	24
5	11	26
5	8	25
6	8	26
7	14	33
9	11	29
7	11	28
2	5	21
5	-1	91
4	11	30
3	8	23
4	9	24
3	8	22
0	7	91
0	5	91
7	10	25
2	6	24
2	7	22
4	5	24
9	12	33
7	9	25
6	9	28
3	8	25
3	7	21
36	42	87
6	9	33
5	7	28
5	7	26
6	7	26
9	11	30
3	6	21
3	21	90
1	14	30
8	14	31
2	8	24
8	7	26
5	9	25
5	7	23
4	9	24
4	8	25
2	3	57
4	9	24
4	9	25
3	7	24
3	7	22
7	12	29
4	10	25
3	7	21
3	10	24
8	11	32
7	8	24
7	7	25
0	9	91
0	10	90
2	5	22
4	9	24
10	13	34
8	11	31
7	6	31
1	5	21
4	7	24
4	9	23
8	9	27
7	12	30
5	11	32
3	7	21
9	15	36
3	27	89
2	6	22
4	39	91
4	40	91
3	39	91
3	38	91
3	39	91
3	39	91
12	12	36
4	6	21
0	5	90
4	10	25
4	7	24
6	8	27
5	7	25
4	8	25
4	8	23
0	-1	91
0	11	90
6	8	24
2	8	21
0	2	20
2	8	22
4	7	24
6	10	31
4	8	23
4	10	24
3	8	25
4	7	30
3	7	21
3	5	20
8	17	37
3	7	25
6	10	26
0	4	20
4	9	31
3	5	24
6	22	90
1	22	87
6	9	25
7	9	27
2	7	23
2	8	22
9	12	35
4	8	24
0	9	91
3	6	22
2	4	21
7	6	30
9	8	29
5	8	24
1	6	20
4	7	26
5	6	25
0	6	91
0	17	91
3	6	23
3	7	23
3	6	22
3	6	22
0	10	90
0	6	91
5	8	24
2	7	22
5	8	27
3	6	22
5	8	26
2	5	22
3	5	21
10	12	33
1	3	20
2	5	21
6	7	27
4	9	24
2	7	23
8	11	36
3	7	24
3	9	30
0	35	88
2	6	24
5	6	23
2	7	20
3	8	23
9	10	29
1	7	22
11	15	37
4	8	23
5	8	23
0	10	91
6	10	26
6	11	24
3	8	21
4	8	24
0	5	20
2	5	21
3	8	23
3	8	22
0	38	91
3	8	26
5	8	23
4	9	27
8	10	27
4	7	24
4	7	23
5	9	25
3	5	24
3	5	23
5	7	25
7	8	26
7	13	31
4	9	25
3	9	24
5	13	30
11	13	35
6	13	33
3	6	21
1	15	90
0	16	90
0	18	90
0	11	91
0	11	91
0	11	90
0	12	90
0	-1	91
0	10	90
0	12	90
0	12	90
0	10	90
0	10	89
0	11	90
0	12	90
0	12	91
1	7	58
0	12	90
0	11	90
0	13	91
1	12	91
0	13	90
0	12	91
0	12	91
0	12	90
0	7	91
0	17	90
0	12	91
0	13	91
0	11	90
0	13	91
4	8	25
7	8	25
6	8	22
8	8	27
8	13	31
10	13	34
0	11	67
6	10	26
8	11	31
6	9	26
6	11	30
4	7	26
3	6	25
2	24	91
3	6	24
6	6	28
3	9	27
3	6	23
0	8	90
6	8	27
7	9	25
0	3	21
0	3	20
1	3	22
7	8	26
5	10	30
8	9	29
5	7	26
1	6	20
5	8	24
6	9	26
3	7	22
4	7	22
9	14	35
9	13	33
9	13	33
7	10	27
8	11	30
7	8	24
8	9	25
6	10	26
5	7	25
3	6	23
2	6	22
2	10	23
1	3	21
0	22	90
8	12	35
5	7	24
0	37	90
0	4	20
1	24	87
0	14	91
1	14	90
6	8	26
5	8	25
6	9	30
5	5	24
4	10	24
2	4	23
1	14	91
1	11	91
3	9	31
3	5	22
5	8	32
3	5	21
9	7	33
3	4	25
0	2	22
3	36	91
4	36	91
4	6	23
0	16	91
0	14	90
1	27	89
7	11	29
0	14	90
0	12	91
0	11	91
2	4	20
4	8	23
0	2	23
0	-1	90
6	9	27
3	4	22
5	7	31
2	10	24
5	6	23
4	9	23
3	9	25
3	6	21
4	7	23
2	8	25
3	6	22
5	6	24
3	7	23
3	8	21
7	15	33
5	8	25
5	9	25
4	9	25
5	9	30
2	4	21
3	4	24
3	9	23
3	4	21
0	24	90
0	7	91
0	29	87
4	12	25
4	9	24
7	10	28
6	8	23
4	9	24
5	5	26
5	5	25
2	6	24
3	5	24
8	14	32
0	8	91
5	10	30
7	11	31
3	9	24
4	9	24
6	10	28
3	6	23
3	6	23
0	26	87
3	6	20
5	7	26
5	7	25
5	6	24
3	6	21
3	8	23
8	10	27
7	9	27
6	10	27
5	9	23
2	5	21
2	7	21
2	5	22
3	8	24
3	7	22
5	10	25
6	7	28
6	7	26
1	5	21
2	7	23
2	7	20
2	4	21
5	6	24
5	10	32
6	10	33
0	0	20
9	12	35
6	9	25
5	9	26
11	14	69
9	11	31
9	11	33
7	9	32
11	15	42
12	13	40
3	7	23
3	4	21
7	10	26
8	9	30
8	8	28
4	6	22
3	8	24
4	7	23
9	11	29
7	14	33
5	10	24
0	8	91
0	7	90
7	8	27
6	7	26
0	9	89
0	10	91
7	11	27
2	5	23
2	7	20
9	11	32
0	13	91
0	13	91
8	9	29
2	7	21
1	4	20
4	7	24
5	7	27
3	5	23
4	6	24
1	7	21
7	11	28
7	11	29
8	10	30
2	6	24
5	8	25
6	7	26
0	-1	90
3	8	23
1	21	91
6	8	24
7	10	25
6	8	26
5	6	24
6	9	27
6	7	26
3	7	21
8	10	26
10	13	33
6	10	26
10	11	33
5	7	25
6	9	27
6	8	26
3	5	21
1	3	22
0	4	20
5	6	25
5	7	24
5	6	23
0	13	91
0	30	91
4	38	90
0	2	20
3	6	23
2	5	21
8	9	30
5	11	30
10	11	35
4	8	25
6	8	27
5	9	25
4	7	23
3	7	31
6	9	25
3	8	29
2	9	23
5	12	31
4	8	25
3	10	32
2	9	23
4	7	25
5	7	27
0	12	90
3	5	23
2	5	22
3	5	24
3	6	25
3	5	23
5	13	30
3	5	21
7	7	29
0	11	91
1	21	90
5	9	25
7	12	30
3	9	31
1	6	21
0	13	91
0	4	46
4	9	31
1	4	23
0	22	79
4	7	22
0	8	90
2	6	22
3	5	21
0	33	90
3	7	23
2	6	22
6	7	27
5	6	26
8	11	30
2	6	21
8	9	30
4	9	25
0	13	90
0	10	91
4	7	23
3	6	24
2	9	22
4	7	23
6	14	33
11	14	34
0	14	91
2	7	20
11	17	36
4	9	26
3	10	25
6	9	25
0	7	21
7	12	30
2	5	21
5	8	26
2	7	22
4	8	26
4	5	23
3	6	23
3	7	22
4	8	23
6	11	31
0	14	91
2	7	22
3	5	22
6	8	26
8	11	30
4	7	21
4	5	25
4	6	26
2	7	22
6	8	24
6	9	26
3	7	23
2	7	21
0	7	90
5	9	27
5	8	25
10	12	37
7	10	31
0	12	90
0	7	91
1	5	20
4	6	22
0	14	91
0	16	90
1	3	21
10	13	34
2	7	25
9	10	31
3	9	22
11	17	34
7	10	28
0	2	20
0	10	90
0	4	90
4	6	23
2	7	21
4	5	22
0	11	90
0	8	91
3	9	22
3	6	28
4	7	23
2	2	23
4	5	24
2	4	20
0	8	87
7	4	27
7	8	26
6	7	26
0	6	90
0	5	90
3	37	91
6	9	26
0	10	91
0	12	90
0	13	86
3	7	24
3	5	22
2	5	22
3	5	21
4	9	23
1	4	21
2	7	21
7	12	31
0	9	90
6	7	25
2	3	22
8	13	28
5	8	30
4	6	23
1	1	21
1	6	24
0	13	65
4	7	25
1	3	24
0	4	24
1	4	22
1	4	21
1	4	20
0	2	22
3	4	20
2	6	20
4	7	30
6	8	27
10	13	32
10	13	34
1	7	48
3	6	30
2	5	20
2	5	20
10	12	30
9	16	35
5	9	24
5	9	23
3	9	24
5	9	24
6	6	23
6	12	33
1	7	90
0	17	89
5	9	23
1	7	22
5	7	24
5	10	26
1	4	22
2	6	23
0	13	88
1	7	90
0	7	90
0	10	90
4	10	25
5	10	27
4	10	25
0	4	41
1	5	41
2	5	21
1	2	21
1	7	23
2	4	21
0	8	91
0	10	90
3	8	22
0	8	91
0	13	89
2	8	24
0	7	91
0	7	91
2	5	24
0	15	90
0	15	91
1	6	90
0	11	90
0	10	90
9	9	27
4	40	91
6	-1	91
4	12	32
7	9	24
0	10	91
1	5	20
6	9	25
5	9	26
2	4	91
6	8	25
4	7	22
5	6	23
6	11	24
0	9	90
5	8	25
4	7	24
8	11	26
0	28	91
3	7	21
4	8	22
5	6	25
0	7	91
8	12	31
5	8	31
3	7	25
2	6	23
8	10	28
11	14	39
3	7	23
3	5	20
4	7	24
8	12	31
4	7	23
0	5	22
6	9	27
2	7	21
7	12	35
5	6	27
6	7	23
2	6	20
0	21	90
6	11	29
3	7	26
4	6	24
4	7	32
5	8	26
7	11	33
6	8	26
4	9	25
3	8	23
7	8	26
8	8	27
4	8	23
6	8	24
4	7	27
2	7	24
3	7	23
1	6	21
5	9	23
4	27	91
6	7	25
4	9	23
8	11	31
8	10	30
10	13	35
1	4	21
3	6	22
5	10	32
6	10	27
7	10	26
4	9	25
9	11	26
4	8	24
4	8	23
4	8	24
3	6	23
2	8	21
2	5	21
8	11	27
3	9	24
2	6	22
4	7	22
6	8	23
3	8	26
0	14	90
7	11	30
0	5	62
0	5	62
3	7	23
3	7	22
4	10	25
9	11	31
4	12	30
5	11	26
5	8	26
4	8	30
3	6	24
8	13	30
7	7	27
6	9	29
6	8	31
4	8	22
8	11	33
6	10	26
6	9	24
5	8	26
5	9	24
3	8	25
4	7	24
3	6	23
6	7	23
6	9	26
2	5	22
2	5	21
4	8	25
4	9	23
0	7	91
3	7	24
6	9	32
5	11	30
7	11	28
7	10	28
0	4	22
7	13	37
0	12	91
0	11	91
1	6	21
2	6	22
5	10	25
4	10	25
6	10	30
4	8	25
3	7	23
5	15	31
4	12	25
10	11	36
3	6	24
4	26	91
6	9	23
5	6	22
6	9	26
2	4	21
2	5	21
7	6	25
2	3	21
1	5	22
2	4	21
1	5	21
0	13	91
6	10	25
5	7	24
2	3	21
6	11	30
2	7	21
5	8	28
5	6	24
3	6	24
5	7	22
2	5	23
2	4	23
8	10	34
2	5	20
4	7	26
3	9	28
3	9	23
3	8	23
1	7	22
0	13	91
0	6	91
0	12	91
0	8	91
2	5	20
2	6	21
4	12	26
4	7	26
8	35	91
0	10	79
0	1	21
5	9	24
3	7	23
3	9	28
4	5	22
6	10	26
1	6	22
6	7	31
2	5	22
1	-1	91
6	6	25
5	6	21
1	21	90
3	5	22
2	5	20
3	7	25
3	7	23
8	13	31
7	10	27
3	7	22
5	10	29
5	6	24
10	11	39
7	8	33
0	6	22
5	10	27
8	8	25
5	7	26
3	5	22
9	9	31
4	9	25
4	9	23
5	9	24
6	8	32
2	5	22
8	10	26
0	25	91
7	7	26
3	5	23
5	7	25
5	7	24
5	6	23
3	4	24
6	12	32
7	11	30
5	8	27
4	8	26
5	8	26
1	7	23
5	8	26
1	10	90
0	7	89
5	8	25
5	12	32
3	6	23
0	13	90
0	9	90
8	10	29
4	10	26
5	6	22
6	9	24
7	10	26
5	8	26
5	9	26
4	8	25
0	-1	91
0	1	69
7	11	31
0	13	90
0	9	91
4	5	24
1	7	21
2	4	21
3	7	22
0	5	90
0	8	90
2	4	24
7	13	27
8	11	28
4	7	23
3	6	23
4	8	30
2	4	20
8	8	26
9	12	34
0	-1	90
8	8	30
2	5	21
0	10	90
0	8	85
10	11	31
7	10	30
6	10	27
0	13	91
7	9	28
1	5	23
1	4	22
1	4	21
3	7	22
1	2	22
3	6	21
5	11	24
1	5	20
3	6	21
6	8	31
0	10	91
0	11	90
0	7	90
1	5	62
0	7	69
21	27	91
3	7	20
0	14	90
0	17	91
2	6	21
3	4	25
5	10	26
3	7	21
3	6	21
6	9	27
6	8	30
2	5	22
7	9	25
4	10	25
0	15	91
4	6	23
3	5	23
1	3	20
0	4	91
6	6	27
3	7	25
2	5	22
3	5	24
3	7	22
2	7	21
7	10	31
1	4	22
0	4	23
1	7	91
5	11	25
5	29	91
5	11	30
8	9	27
6	9	26
1	4	61
1	4	20
2	6	24
3	7	22
4	7	23
9	11	30
9	12	31
8	11	31
8	9	30
8	8	30
2	5	23
4	7	23
5	10	25
3	9	24
4	9	25
4	10	26
4	10	25
3	6	22
3	5	21
0	35	89
1	4	22
4	6	23
5	6	25
5	7	23
5	8	25
5	9	28
0	6	91
4	7	25
5	10	27
3	6	24
3	5	22
3	8	26
3	7	24
4	7	25
4	6	25
3	22	88
4	8	26
3	8	24
4	8	23
2	6	24
2	6	23
2	5	21
5	6	23
11	11	29
4	6	24
4	6	23
4	7	23
4	9	25
8	10	34
10	11	33
2	8	22
4	8	23
3	7	23
3	7	22
3	8	25
5	5	24
4	7	23
4	8	23
4	9	24
5	8	26
6	9	25
5	8	25
1	5	21
4	7	26
4	8	25
0	14	56
5	8	26
8	8	30
1	6	22
3	7	24
4	6	24
3	5	22
3	7	23
4	7	23
6	9	27
4	13	30
4	8	26
3	11	26
2	11	26
5	9	27
4	10	26
4	7	23
4	3	22
2	5	21
3	9	24
6	8	24
4	5	23
4	5	23
5	8	24
1	3	21
0	5	23
0	6	22
1	5	22
12	11	41
0	13	89
2	3	21
0	9	91
0	7	35
3	8	25
3	8	22
2	6	21
3	7	22
3	7	23
2	5	20
1	4	20
5	9	26
6	10	30
4	7	25
7	6	27
7	8	27
7	11	30
6	8	26
0	3	22
0	5	90
6	7	23
3	8	24
5	8	24
4	9	26
0	12	91
0	12	91
5	7	30
8	14	29
2	3	21
5	6	25
3	5	24
5	6	24
3	6	23
0	19	90
0	10	91
0	3	91
8	9	32
12	22	42
25	46	84
0	20	91
1	11	91
0	3	90
1	6	21
0	7	91
0	11	90
0	8	91
0	17	90
3	6	22
6	30	79
0	36	91
5	9	30
9	10	28
6	11	31
2	5	22
2	7	20
0	10	91
0	6	90
1	2	21
2	4	21
4	6	23
0	12	90
8	17	34
3	4	23
3	6	23
0	18	90
0	17	91
19	19	69
1	2	20
0	8	91
0	8	90
2	13	36
9	11	28
2	5	23
3	5	23
3	5	22
0	20	91
3	7	23
0	8	91
38	38	91
4	6	23
5	8	24
5	10	28
5	8	27
5	11	30
0	12	91
0	10	88
2	5	22
2	30	90
0	12	91
6	6	25
7	9	25
6	10	32
0	15	90
0	7	90
4	6	21
4	8	30
4	6	24
4	7	24
0	9	90
2	6	24
0	14	51
3	10	24
5	10	24
5	9	24
5	8	23
4	8	24
26	30	90
0	10	90
4	5	23
13	12	44
0	15	91
0	12	90
5	11	31
10	9	29
1	28	91
1	27	91
4	7	24
5	10	29
6	9	31
8	38	91
5	9	27
6	9	25
1	2	21
3	22	91
6	10	25
7	9	24
8	12	29
2	3	22
5	7	65
4	10	25
2	9	24
1	5	22
6	29	90
6	5	26
6	4	25
1	7	90
1	9	91
4	9	30
4	9	31
0	11	91
2	23	91
3	5	24
4	5	23
3	5	23
1	25	90
0	2	91
4	6	24
0	8	91
1	16	91
0	24	91
4	8	21
0	4	21
2	4	21
7	9	29
0	8	90
0	14	91
7	13	34
2	7	22
4	10	26
5	10	28
3	8	22
3	7	23
6	12	30
9	10	27
2	5	21
2	6	20
4	8	24
2	5	23
3	7	22
6	11	32
11	12	36
2	8	24
6	7	25
6	8	24
2	4	22
1	2	21
6	8	27
4	7	21
4	5	24
3	7	23
3	7	22
5	8	28
2	5	24
3	5	24
1	6	24
0	9	90
3	8	24
0	9	90
2	8	22
0	16	91
0	15	90
0	9	89
1	12	90
4	4	24
0	8	91
5	7	26
0	7	31
0	5	30
0	7	31
1	4	22
0	8	46
0	12	90
0	13	87
4	4	26
3	8	21
25	51	91
3	8	24
0	0	91
0	4	87
0	-1	91
11	12	68
15	26	89
4	19	90
5	10	32
10	12	39
3	7	22
4	11	24
1	11	91
2	7	22
0	4	91
0	4	91
6	8	24
6	7	24
2	5	21
8	9	26
5	9	26
2	4	24
4	8	22
5	8	25
5	8	24
6	10	33
8	11	31
3	7	24
2	6	22
3	5	21
9	10	33
7	9	25
4	6	25
3	10	25
14	15	91
0	9	91
0	8	90
5	10	26
0	17	89
0	9	91
5	7	26
4	8	26
0	10	90
0	10	91
10	12	33
9	10	35
5	11	30
6	9	32
6	9	30
3	6	24
6	9	25
8	13	33
8	11	31
8	11	30
3	7	24
0	17	91
0	25	90
3	6	23
4	23	88
6	8	24
8	26	90
1	6	21
0	35	91
7	10	30
3	7	21
1	7	20
1	3	22
5	8	25
8	9	30
8	9	26
7	9	32
3	7	23
0	4	91
0	6	91
6	7	28
6	7	27
6	8	28
0	3	59
0	3	59
5	8	26
5	8	25
6	9	31
0	30	90
3	9	25
6	10	29
4	6	30
4	8	25
3	7	25
2	7	24
3	8	22
3	7	24
6	7	25
5	9	23
3	7	22
6	8	24
2	6	22
2	5	21
1	6	20
6	9	24
9	12	29
4	8	24
0	0	38
5	9	24
5	7	27
8	10	27
7	10	25
7	9	25
4	7	22
6	10	28
9	10	31
9	11	28
4	7	24
2	7	22
6	11	27
6	8	25
3	9	23
7	11	27
7	11	33
8	14	30
0	6	90
1	15	90
6	12	29
8	11	30
3	10	25
1	6	20
5	10	27
5	9	25
6	10	26
5	8	25
5	7	24
2	7	22
2	5	21
4	6	24
10	10	35
1	2	22
29	36	90
27	35	91
4	10	30
0	19	90
0	20	90
0	6	90
7	14	30
11	14	36
3	9	23
6	13	32
4	7	24
3	7	23
6	11	25
7	10	30
5	8	27
2	4	23
4	6	24
7	9	27
1	8	21
5	6	23
7	11	29
6	11	31
3	5	21
2	7	22
7	11	33
2	5	22
5	11	25
2	9	21
3	10	24
4	9	26
5	10	24
5	10	25
6	8	31
4	7	22
5	8	24
0	1	41
7	9	28
5	8	23
1	6	21
3	7	24
3	6	22
3	6	23
7	11	31
5	14	31
5	10	27
4	6	21
3	6	23
5	8	31
6	8	31
3	4	23
4	5	23
0	3	23
0	2	22
4	8	25
6	28	90
4	28	90
3	5	20
7	12	31
7	6	30
3	5	21
3	9	24
3	9	22
2	5	21
2	6	22
28	32	88
27	33	90
9	8	29
5	8	23
3	5	27
8	13	29
1	22	91
5	9	25
3	8	23
8	14	32
2	9	22
0	16	90
2	6	22
6	25	91
3	7	23
8	11	30
4	8	28
0	10	89
8	10	34
6	10	25
3	6	20
4	8	24
8	9	32
2	7	24
9	8	30
8	10	29
7	8	27
6	10	26
4	6	22
6	13	27
4	12	25
4	9	26
4	8	24
5	9	25
2	7	22
3	7	23
0	6	90
3	7	23
3	6	22
4	7	23
9	12	31
4	5	23
5	8	25
6	9	30
9	12	36
3	6	21
6	10	30
4	8	22
0	5	90
0	8	90
9	9	29
8	10	30
0	12	90
0	12	90
5	8	30
0	7	55
0	10	55
0	11	91
0	34	91
7	11	29
6	13	31
7	11	28
9	13	32
7	10	27
7	13	34
4	6	24
1	12	90
1	3	90
2	7	21
7	13	30
2	4	20
1	7	23
0	2	20
1	5	89
3	8	22
2	4	21
1	4	23
6	7	30
9	9	33
2	4	20
5	8	24
5	9	25
7	11	31
6	7	25
2	11	30
2	10	27
4	10	29
10	13	36
11	14	37
3	25	88
3	8	23
3	8	23
2	9	22
5	8	24
4	8	23
4	7	22
1	7	23
4	7	22
2	8	22
5	9	26
1	6	22
1	5	23
0	7	90
0	15	91
3	8	22
3	9	23
4	9	24
5	8	22
3	7	22
6	10	26
4	9	30
4	6	24
5	7	25
3	6	25
3	7	22
3	8	22
2	7	24
5	10	25
6	7	24
0	6	91
2	6	22
2	6	21
8	12	28
0	-1	91
3	8	24
2	7	28
5	36	88
3	35	87
0	32	89
4	31	87
3	30	85
1	32	87
5	7	26
7	8	26
1	4	21
6	7	26
1	7	20
6	9	24
0	22	90
1	5	21
5	12	31
8	6	29
0	9	91
3	8	23
2	8	23
3	7	22
6	8	39
3	8	23
4	8	24
6	10	28
6	10	26
9	9	28
9	13	32
0	7	90
0	7	90
2	6	25
4	9	30
7	7	29
4	7	23
3	34	87
3	18	91
4	6	25
8	12	28
6	7	24
7	9	28
3	6	21
0	16	91
0	20	90
2	6	23
6	7	26
0	9	90
5	5	22
3	6	22
0	22	90
5	11	25
2	5	22
3	5	21
2	9	25
0	14	89
2	4	22
2	5	20
11	12	36
11	15	39
2	5	20
4	5	26
6	8	24
4	7	21
3	7	24
4	6	26
4	7	24
4	7	26
11	11	33
5	5	25
6	7	25
7	11	24
7	10	25
6	9	24
4	5	23
7	12	28
7	9	26
1	8	91
0	13	90
6	10	31
1	15	90
6	11	27
7	10	28
5	9	31
2	5	23
3	5	20
2	5	23
7	9	26
4	7	21
1	10	22
7	9	27
7	8	26
2	9	26
4	6	22
3	5	22
0	5	27
5	9	25
11	11	72
0	15	90
3	29	88
1	8	23
4	6	25
2	4	21
2	5	20
1	8	91
2	8	91
2	33	91
7	10	29
7	10	27
1	25	90
3	5	21
3	4	24
5	8	22
5	9	23
0	4	90
3	5	21
5	5	27
4	8	25
2	8	22
2	7	21
7	8	27
2	7	23
3	6	23
2	4	22
4	7	22
6	12	29
3	5	23
4	7	23
3	6	24
0	6	91
1	6	20
4	5	24
2	8	21
6	8	24
4	6	23
2	6	22
0	9	90
0	22	91
4	8	24
0	7	91
11	11	35
4	6	22
4	9	27
4	6	22
3	8	24
2	6	21
0	14	91
0	10	91
0	30	90
5	8	26
6	10	27
6	10	27
3	6	21
0	36	83
0	2	89
7	10	30
7	10	27
0	33	90
6	15	51
9	13	34
6	10	26
4	8	26
25	25	78
27	26	83
6	8	25
4	9	25
10	12	34
9	13	35
5	10	27
8	14	33
4	6	24
5	7	23
7	10	32
6	7	25
3	8	24
3	10	22
8	10	32
8	11	34
8	9	28
4	7	23
3	6	23
4	8	24
3	8	22
4	7	24
4	9	26
3	9	25
5	6	26
3	6	20
1	6	21
5	8	24
5	9	25
5	9	25
3	7	22
2	6	21
4	7	23
9	14	32
8	15	32
8	12	28
7	14	27
7	11	26
8	9	33
7	11	28
0	6	91
0	9	91
0	12	91
4	8	22
7	10	30
3	9	22
6	10	26
5	9	25
5	8	28
4	9	26
2	9	23
4	9	25
4	10	23
0	4	91
1	5	21
1	4	22
8	9	29
10	12	36
5	9	25
7	7	24
4	6	23
6	11	33
3	26	90
4	6	25
2	22	90
5	9	24
2	4	21
6	10	30
4	7	24
1	5	22
1	5	21
1	3	23
8	12	31
3	7	21
4	7	22
5	5	25
2	5	22
3	9	22
7	11	31
10	12	29
6	9	31
9	10	28
2	7	24
0	2	22
0	2	21
5	7	24
3	6	25
2	6	21
6	10	31
1	7	24
5	8	30
4	7	25
5	7	25
0	7	90
2	6	22
1	4	22
4	11	29
5	7	27
3	9	26
5	7	24
4	6	23
0	16	83
8	13	30
10	10	33
9	11	33
0	8	90
0	2	21
0	23	90
5	6	23
1	30	91
0	10	90
6	11	30
4	11	27
3	8	23
6	11	33
0	18	91
6	10	27
3	36	90
0	26	90
5	9	25
2	7	22
0	27	91
0	13	91
0	11	91
4	7	23
1	4	22
1	3	21
1	5	21
1	3	21
0	29	91
6	9	26
6	12	31
5	8	24
4	6	24
6	8	23
6	9	25
4	11	26
5	8	26
8	15	33
4	8	24
6	10	31
7	9	26
7	9	27
0	7	54
8	9	32
4	9	25
8	13	33
8	12	27
3	5	22
1	4	22
2	4	21
4	8	28
4	6	31
7	14	28
3	7	23
2	3	23
6	10	25
1	11	90
1	15	91
6	9	25
7	10	26
0	11	90
0	9	91
3	6	22
4	7	23
0	10	91
0	13	90
0	9	58
0	6	91
0	9	91
0	-1	91
3	6	22
3	6	23
4	7	23
14	38	90
0	6	90
5	7	25
7	7	25
4	9	24
5	9	24
7	11	25
6	14	31
3	10	25
4	10	24
6	10	25
4	7	26
4	7	22
9	7	37
5	9	24
2	5	22
4	7	25
3	5	21
0	14	91
1	12	90
2	8	22
6	8	29
3	5	22
3	7	23
4	8	24
8	12	29
4	9	26
4	6	28
2	7	23
4	6	22
5	9	25
5	8	24
6	9	31
7	11	32
5	7	26
6	6	26
8	7	28
3	5	22
4	9	26
2	5	21
5	7	26
5	9	23
2	5	23
3	6	21
7	11	25
6	10	27
5	9	23
3	7	22
6	9	30
0	28	90
5	10	25
4	9	26
4	6	27
0	16	90
9	10	33
0	9	91
0	9	91
5	9	26
7	8	26
7	11	30
10	10	37
10	10	35
11	11	38
9	10	32
0	15	90
9	12	33
4	7	23
0	6	89
8	8	32
7	6	31
3	7	23
3	11	24
5	8	25
0	19	87
8	13	33
1	2	21
6	9	25
5	11	27
6	9	26
0	-1	90
0	20	91
8	8	27
0	7	90
1	20	90
5	7	24
0	3	20
3	6	23
3	7	24
0	9	90
2	5	23
2	5	21
6	5	28
5	10	25
5	9	25
4	6	24
7	7	27
5	29	91
0	21	91
3	6	21
0	11	90
0	12	91
4	7	25
3	8	24
2	5	22
4	9	23
4	10	23
2	4	21
4	24	91
5	7	24
4	8	22
5	10	26
5	8	25
5	9	23
3	10	24
2	6	20
1	4	20
4	6	25
6	10	28
3	4	23
0	14	91
3	14	31
3	8	25
3	6	21
4	7	24
2	7	22
3	9	23
6	9	23
6	9	24
3	2	22
3	10	23
3	5	22
3	6	22
6	9	27
1	4	21
2	4	21
6	9	27
4	9	25
0	12	43
3	4	23
3	11	27
4	8	25
3	9	25
7	10	25
6	9	26
5	8	27
6	9	27
5	8	25
7	10	27
7	9	27
7	9	26
8	8	28
7	10	29
5	8	26
1	6	20
12	13	38
7	8	30
8	11	31
0	8	91
8	14	32
8	11	32
4	9	23
4	13	30
4	8	24
5	11	28
3	7	23
2	6	22
4	12	26
4	7	23
9	11	30
3	6	24
4	9	26
4	8	26
1	7	91
11	15	38
10	14	35
11	13	31
2	4	21
8	8	25
4	6	22
3	7	23
2	7	20
0	11	89
0	8	90
1	5	91
0	7	90
6	10	26
0	17	90
0	15	91
4	7	21
5	13	32
6	11	31
9	10	29
1	26	91
1	9	22
0	3	91
0	6	91
6	10	27
5	11	30
4	13	30
7	9	30
2	7	23
6	10	26
7	14	28
3	6	22
0	8	90
0	8	90
5	8	26
4	8	26
3	6	22
2	6	22
9	13	33
8	12	31
9	11	29
1	6	23
6	9	26
6	12	31
7	13	30
6	12	31
7	11	28
5	9	26
6	10	26
4	9	25
9	14	32
5	9	27
6	9	26
9	12	29
6	9	30
0	15	91
0	21	71
8	12	32
5	9	30
1	7	20
0	11	90
7	10	26
6	11	27
0	8	90
0	8	90
7	8	32
4	6	26
7	6	25
5	8	23
4	9	24
4	8	23
5	8	26
7	10	27
4	9	24
7	38	91
6	38	91
1	6	22
1	5	22
4	8	22
3	7	23
8	11	28
5	12	28
3	6	20
7	10	27
0	12	90
7	26	91
5	7	25
3	7	25
4	7	24
8	12	31
1	5	22
1	6	21
7	9	27
4	7	25
4	6	24
0	12	90
8	15	37
2	5	21
5	9	24
6	9	26
6	9	27
0	7	91
0	9	91
5	7	22
4	5	21
6	28	91
7	11	31
3	7	23
5	-1	91
1	7	20
7	11	34
6	11	27
2	5	21
7	10	27
2	4	23
5	6	22
1	7	90
2	5	23
5	8	24
4	7	23
1	30	90
4	7	24
6	8	26
4	7	24
2	8	24
2	8	21
6	8	25
3	7	24
2	3	21
3	8	21
5	10	24
15	30	90
2	2	20
3	9	22
3	6	28
5	8	23
2	7	23
1	5	21
0	11	91
0	8	89
3	8	24
3	7	22
1	6	22
4	6	24
2	5	21
23	39	72
0	36	90
8	13	34
9	14	35
8	10	29
4	6	23
6	6	28
8	9	29
2	3	23
2	4	22
2	5	22
3	6	21
0	10	91
0	12	90
8	12	32
0	10	91
0	9	91
0	12	91
0	11	91
2	5	20
4	7	23
6	7	24
7	10	27
0	3	24
0	8	91
0	9	90
7	10	31
0	11	90
0	10	90
4	8	30
4	10	31
8	10	31
2	3	22
0	17	91
0	12	90
3	6	21
3	6	22
6	9	27
5	7	24
3	5	22
3	5	24
3	5	24
3	5	22
2	4	21
7	9	27
7	32	90
0	4	22
4	5	24
3	7	25
4	7	23
0	15	91
2	7	90
2	7	25
6	6	26
7	7	26
3	6	23
2	6	26
1	5	21
2	4	22
3	4	23
2	5	24
2	6	20
2	6	23
7	5	26
5	8	24
6	9	30
4	7	24
3	7	24
4	6	21
2	7	24
5	7	25
4	7	25
10	12	32
1	5	30
0	2	23
0	29	91
7	8	25
2	4	21
3	7	20
2	6	25
2	6	24
2	6	22
4	7	22
5	10	25
7	6	30
10	8	32
4	7	24
4	10	24
5	14	30
0	10	90
5	10	25
5	36	91
4	6	27
6	6	22
3	10	26
5	9	27
5	14	30
6	13	30
2	6	22
1	2	23
10	11	34
9	10	31
10	11	32
7	11	30
7	11	33
0	32	90
7	10	30
7	9	32
7	7	31
7	6	30
1	7	23
8	14	33
2	5	21
4	6	24
5	13	31
5	8	25
5	7	27
6	7	26
6	8	26
7	11	31
8	9	28
0	18	91
4	10	30
2	7	21
0	19	90
4	8	23
0	7	91
5	6	23
0	13	91
3	4	23
7	11	26
0	21	91
0	11	91
0	10	91
4	8	24
0	25	91
1	26	91
1	27	91
1	28	91
1	4	22
0	5	57
2	5	21
2	4	22
2	7	21
1	9	90
0	9	91
12	10	37
0	15	90
1	19	91
3	4	21
3	5	23
3	5	25
7	6	30
0	10	90
0	8	90
5	8	24
2	2	24
4	6	24
7	9	31
3	10	26
2	8	23
4	6	23
0	9	58
0	7	87
0	14	88
6	8	26
4	7	24
8	8	26
7	9	27
1	1	21
1	10	90
6	12	28
4	6	21
3	7	22
2	5	22
1	-1	91
2	9	23
3	10	24
3	9	23
3	8	22
7	12	30
7	13	30
6	10	25
5	10	24
6	11	26
6	12	28
2	7	22
3	6	22
5	7	27
8	9	28
7	9	31
1	3	22
0	5	21
0	3	20
8	9	31
5	5	24
8	9	29
7	5	27
0	6	89
16	21	61
14	15	45
13	13	44
12	14	47
11	11	36
8	11	37
1	10	91
2	6	22
4	6	28
5	11	31
0	14	91
0	16	91
8	9	28
1	30	90
7	12	31
3	6	22
6	24	90
0	1	28
2	9	25
2	4	22
3	5	23
3	5	23
5	13	32
5	9	24
6	14	30
6	13	30
0	6	91
0	12	91
0	14	90
0	7	91
0	7	90
2	6	22
3	9	24
2	5	21
3	4	20
2	4	21
7	11	28
0	10	91
8	12	28
7	12	26
2	5	22
3	5	22
3	6	22
2	6	22
6	8	27
7	9	25
6	10	26
21	22	89
0	10	90
3	6	24
6	8	24
5	24	90
2	3	21
4	6	31
9	10	32
3	29	90
1	11	91
1	10	90
5	7	24
0	3	91
2	6	23
3	5	23
3	8	22
5	8	25
10	11	32
4	6	24
2	7	21
6	9	25
8	9	27
1	9	23
1	17	88
0	15	66
5	10	30
0	12	89
0	9	90
7	8	30
4	7	23
3	6	23
0	6	20
3	7	21
4	4	26
4	5	27
3	4	24
3	4	22
4	9	26
3	7	25
0	12	90
0	14	91
8	10	50
6	9	24
9	11	33
2	6	21
10	15	37
2	5	21
3	20	91
3	7	22
1	4	20
7	7	25
5	7	25
7	8	30
0	24	88
2	5	23
3	5	25
2	7	24
2	6	22
0	15	90
0	11	90
1	4	20
4	8	25
7	10	32
4	6	22
7	10	27
1	4	21
9	9	25
0	9	91
3	5	25
5	8	25
0	8	91
0	-1	91
0	-1	90
0	25	90
5	10	23
4	7	22
1	14	63
4	11	32
6	10	28
4	10	25
5	10	26
3	8	26
6	8	28
6	8	25
1	11	90
1	4	21
3	3	22
6	11	28
4	9	30
0	9	90
0	5	91
2	5	22
3	7	21
4	6	25
6	9	26
0	39	90
4	9	30
4	15	91
3	11	90
7	8	25
4	6	27
2	5	20
4	9	28
3	6	21
0	25	90
3	5	25
4	8	23
4	23	90
9	14	33
3	6	21
3	9	25
5	7	25
4	8	25
5	8	25
4	8	23
5	7	24
9	12	31
3	6	21
7	11	26
5	6	23
2	5	22
1	4	22
7	9	27
5	7	24
6	10	25
4	7	24
2	6	22
7	11	30
4	11	27
5	10	27
4	6	24
7	9	25
4	8	22
4	8	24
6	12	30
1	5	22
4	7	24
6	9	23
5	7	26
6	11	32
8	11	27
3	7	22
0	2	90
9	12	31
7	12	31
4	8	24
5	8	23
8	12	31
8	10	27
8	11	28
9	11	31
8	8	28
2	5	21
4	8	33
9	13	32
4	9	27
0	10	91
0	7	91
5	8	26
3	6	23
6	7	29
4	9	36
4	8	29
6	9	22
7	6	30
6	13	31
4	7	23
6	9	27
7	12	32
8	11	31
7	13	30
8	10	34
6	7	26
6	7	28
2	24	85
5	8	22
9	10	29
13	14	36
4	7	23
5	7	25
4	6	23
4	9	25
7	11	31
4	8	26
4	9	25
10	12	32
4	7	27
6	10	34
2	9	23
3	7	24
3	5	20
2	5	22
5	7	27
5	6	26
6	10	25
6	13	30
1	4	21
4	7	24
5	9	27
6	8	25
1	6	20
6	6	25
6	8	27
4	10	30
6	6	27
5	7	26
5	7	25
5	7	24
1	3	20
1	4	21
6	9	24
0	27	91
6	7	25
0	11	91
4	8	25
5	9	25
7	9	31
2	7	21
4	11	31
6	11	32
6	8	26
5	7	25
3	7	23
7	10	28
12	14	36
2	7	22
2	6	21
3	21	89
11	17	42
10	16	37
11	16	37
6	7	25
6	7	24
7	10	27
6	11	28
7	9	27
5	7	23
5	12	32
0	16	91
4	7	23
3	7	23
2	6	24
7	12	34
7	10	32
3	8	22
4	8	23
3	7	23
2	5	21
2	6	22
4	8	25
3	6	21
6	7	24
7	9	26
4	5	23
0	8	90
1	6	90
0	11	91
5	7	26
8	11	30
7	14	31
6	10	25
4	9	23
3	11	24
4	8	22
2	8	23
6	8	30
2	2	23
2	6	20
3	6	23
9	11	33
25	28	87
7	6	25
7	8	25
8	10	26
5	9	26
2	8	22
5	8	27
0	11	91
5	8	25
0	3	21
1	4	23
6	10	26
5	7	36
2	5	25
3	5	23
5	6	24
4	8	30
4	7	26
4	6	25
3	6	25
3	6	23
2	6	21
3	7	22
3	5	23
6	8	31
4	7	28
4	4	23
3	10	24
6	10	31
0	5	90
5	10	27
7	12	27
6	11	24
0	4	22
8	12	30
7	12	28
6	12	26
7	11	25
4	7	23
3	6	23
0	26	90
1	8	22
5	8	25
1	10	91
5	10	24
4	9	25
5	9	26
8	10	33
7	11	28
8	13	30
5	11	25
10	12	36
2	4	21
5	6	23
0	4	23
5	6	22
8	10	28
7	12	30
6	10	27
4	6	23
4	7	23
5	9	24
1	4	21
0	18	91
0	10	90
0	10	90
3	9	26
4	8	24
3	6	24
3	8	23
4	7	22
4	11	30
5	12	30
6	12	26
3	8	24
10	11	33
8	13	30
7	13	31
8	12	30
7	10	25
3	7	24
7	7	24
10	9	36
3	8	21
7	8	25
7	9	27
9	12	34
5	7	24
5	6	24
6	6	26
4	6	23
2	5	23
1	3	21
1	1	21
4	7	22
4	8	23
1	4	23
1	3	20
3	7	22
2	3	20
5	31	90
6	12	31
5	9	25
7	9	26
5	28	88
2	5	22
4	6	24
7	16	37
3	6	21
6	9	31
7	8	25
9	12	33
7	11	30
8	11	32
7	9	25
8	12	30
7	9	30
3	8	22
3	8	23
4	8	23
2	6	22
4	6	23
5	10	25
5	6	22
14	15	90
3	5	25
7	8	23
9	15	33
10	13	31
2	9	24
6	9	26
6	9	25
3	7	26
8	14	35
6	9	27
9	11	35
5	42	91
7	9	27
3	5	22
1	10	87
4	8	22
4	5	24
1	3	21
7	8	31
6	9	23
10	13	35
4	8	22
4	7	23
2	3	24
3	7	24
3	7	23
3	7	22
4	6	23
0	6	22
4	5	23
4	6	25
6	9	26
3	7	22
1	7	20
4	9	24
4	7	23
11	12	37
10	14	38
11	12	37
10	10	30
8	9	28
9	12	32
7	8	26
7	11	34
4	7	25
3	9	25
3	10	26
3	8	23
2	4	20
2	5	21
4	31	87
0	4	21
8	11	33
6	8	25
7	9	27
3	8	22
3	7	20
5	8	23
5	6	26
0	13	91
7	9	26
6	9	24
9	12	29
9	12	29
3	8	24
1	2	21
1	2	22
12	14	40
10	11	36
5	8	25
3	7	24
9	13	35
6	9	26
5	10	29
5	9	30
4	10	30
4	10	28
13	17	43
11	16	43
4	8	23
3	6	22
4	10	30
5	7	22
5	8	24
3	5	22
9	14	31
9	13	30
8	14	31
2	7	22
7	9	30
5	12	31
2	7	23
5	9	27
5	9	26
4	8	23
8	13	30
0	9	90
1	5	23
3	8	22
4	8	25
7	9	25
0	9	91
0	7	90
0	16	90
16	17	64
4	10	25
4	8	25
4	8	22
0	5	90
5	7	27
9	9	31
7	9	27
5	11	30
5	10	28
5	10	25
6	12	30
5	10	25
4	9	25
4	11	24
3	11	25
4	9	23
4	13	29
2	6	22
6	9	23
3	6	23
3	7	21
2	8	21
2	5	22
0	16	91
0	10	90
0	12	91
4	7	23
3	7	23
0	21	90
3	6	21
0	10	91
1	5	91
2	6	25
5	7	25
4	7	24
2	7	22
2	5	21
2	5	21
3	5	24
4	6	23
3	6	25
4	7	22
5	10	31
2	27	90
6	8	24
3	4	20
7	9	27
6	8	25
3	6	32
3	5	24
9	10	35
3	7	22
6	8	31
6	10	25
5	6	23
4	8	23
6	6	24
6	7	25
6	7	25
2	6	21
7	15	33
4	7	23
4	5	22
3	6	21
7	9	30
5	8	23
6	7	27
4	7	21
4	7	22
0	16	90
0	14	91
7	7	26
5	9	25
0	11	75
3	7	24
3	6	22
6	9	27
4	9	26
7	10	30
4	9	27
3	6	22
2	7	22
2	7	23
0	4	22
4	7	24
4	7	23
3	5	21
7	11	27
1	9	91
0	11	91
0	12	91
3	7	25
6	8	26
3	9	24
3	9	24
4	7	23
4	9	31
10	14	36
4	7	22
0	25	89
6	7	22
6	7	26
4	7	24
2	7	25
0	6	64
0	5	64
6	7	25
6	32	90
8	9	26
5	10	26
6	9	25
7	7	30
1	3	22
4	6	24
5	12	33
6	8	27
5	9	30
1	6	90
0	9	90
8	11	29
6	9	25
2	7	22
5	7	25
5	7	24
6	10	29
4	7	25
2	5	22
9	9	37
0	25	90
7	10	28
7	9	28
4	4	23
0	7	91
0	11	90
2	5	21
7	11	32
3	6	22
8	12	33
5	6	23
4	10	25
2	10	24
6	8	27
6	10	28
9	9	30
4	8	26
0	9	91
4	8	23
3	8	23
3	7	21
4	8	26
4	7	24
3	8	25
3	6	23
3	8	22
6	9	25
4	6	23
2	6	22
4	6	27
5	6	25
2	7	23
3	7	22
3	4	23
3	5	21
2	8	22
2	8	23
6	7	25
2	27	87
6	7	31
4	5	24
1	3	22
2	5	21
2	7	23
0	6	21
6	7	25
5	6	24
2	6	21
7	13	30
7	13	31
7	11	31
5	8	30
4	9	30
3	7	25
1	5	21
3	7	22
5	7	25
2	5	20
3	6	21
2	9	26
4	8	24
1	5	21
4	8	21
4	9	24
8	9	29
6	9	31
0	3	20
32	41	91
5	9	23
3	6	22
2	22	89
2	6	23
2	37	90
5	8	25
4	5	22
3	6	21
3	8	22
3	7	24
0	9	88
0	8	88
4	9	23
4	7	22
4	5	23
0	2	22
0	2	22
4	7	22
3	6	23
3	6	22
5	8	24
5	8	25
1	4	21
2	5	21
3	5	22
5	8	27
7	10	30
8	9	29
0	12	89
0	4	91
6	9	26
3	4	23
6	9	27
7	8	27
3	34	88
5	11	28
5	10	25
2	6	25
1	3	22
5	11	31
8	10	36
0	19	90
3	4	21
7	9	26
6	12	32
6	10	31
0	11	91
3	7	24
1	13	91
1	13	88
3	6	23
7	10	31
6	8	25
6	9	27
2	6	21
3	6	22
10	13	33
2	4	20
0	5	21
0	17	91
1	36	91
3	7	21
5	10	27
6	10	26
4	6	24
10	10	32
3	6	22
2	8	21
5	8	25
3	12	26
2	10	26
1	4	21
2	6	21
3	7	22
1	4	22
4	7	24
2	9	30
5	7	23
2	28	91
4	28	91
5	4	24
3	6	23
6	10	29
5	10	26
2	9	22
6	10	26
6	5	26
4	5	22
4	6	25
6	7	23
0	6	91
0	8	91
7	11	29
6	9	27
6	9	26
6	6	23
4	7	24
2	8	20
9	11	32
5	7	25
5	7	25
3	9	23
0	19	91
2	4	22
7	42	90
3	4	22
4	9	24
4	7	27
3	8	23
4	9	30
9	11	27
9	12	30
10	15	34
9	12	30
3	5	24
2	6	22
4	7	24
3	7	23
5	9	24
4	7	24
2	5	21
4	12	25
8	9	27
7	8	31
0	-1	91
5	10	26
5	9	32
2	6	20
2	9	22
7	13	28
3	9	27
1	7	91
6	10	27
13	17	44
0	9	90
1	3	21
4	8	24
1	21	91
4	7	25
6	8	28
3	6	21
4	7	23
4	7	23
4	8	23
6	10	30
8	14	44
11	15	34
10	13	33
0	13	91
6	10	29
9	9	32
0	13	91
8	10	32
0	6	90
0	12	91
0	10	90
4	31	90
6	25	90
5	11	29
4	7	22
6	9	25
4	10	91
4	12	88
8	9	27
1	6	20
5	7	23
0	25	91
2	4	21
3	7	22
8	10	30
6	11	27
2	7	23
4	8	24
4	10	25
4	8	22
4	8	22
4	7	24
4	6	21
3	7	24
4	9	27
6	8	24
6	8	25
11	11	39
6	11	30
2	6	20
4	6	25
4	7	23
0	19	90
8	13	33
6	10	28
5	9	25
6	11	27
2	5	22
1	5	21
10	10	32
8	11	32
5	9	23
3	9	22
5	9	28
2	5	24
2	7	23
3	6	22
5	6	23
6	11	24
4	8	23
5	8	23
9	14	32
8	10	27
6	9	28
6	11	30
8	12	33
1	7	22
4	-1	91
1	4	22
0	8	82
0	5	84
0	1	22
7	11	29
6	11	30
5	7	24
3	6	21
3	5	24
5	9	26
6	9	26
8	13	30
2	7	22
3	7	22
3	8	22
3	5	23
2	4	23
4	7	24
8	8	27
4	8	24
4	7	23
4	7	23
2	6	23
1	38	90
4	39	89
2	4	23
8	11	31
5	11	27
5	10	26
6	13	30
5	14	32
8	14	33
8	13	36
4	10	27
6	13	30
5	11	27
3	11	27
5	8	26
4	9	26
4	10	27
3	7	22
3	6	22
6	15	30
5	6	23
10	12	36
8	12	32
3	6	25
8	10	31
7	8	28
6	9	27
6	8	27
7	10	26
5	6	26
2	7	21
7	10	28
2	5	20
2	6	22
4	8	23
1	7	24
9	9	34
8	9	31
5	13	31
11	11	38
7	10	25
7	9	24
3	6	26
1	4	20
2	5	22
2	5	21
1	7	22
4	7	25
6	11	30
3	6	24
4	7	25
4	7	23
3	6	21
3	5	24
1	4	21
6	6	25
4	8	25
6	10	27
8	9	26
3	7	22
1	20	91
2	6	20
6	8	26
2	6	20
7	10	27
2	5	22
5	6	21
2	6	20
3	10	31
2	7	21
2	6	22
4	6	24
2	9	23
5	6	24
4	9	26
4	7	24
8	8	27
5	7	25
2	7	22
2	5	22
3	6	23
8	10	31
7	10	28
6	9	26
0	-1	90
9	13	35
8	12	30
9	12	31
8	8	29
4	30	90
6	10	26
5	4	24
3	8	31
5	7	26
6	12	30
0	33	91
2	7	22
2	6	22
9	11	32
9	11	30
2	3	21
6	6	24
7	7	28
8	7	28
6	7	26
5	7	23
2	9	36
5	8	27
5	8	24
5	8	24
3	9	23
8	10	26
7	10	26
4	7	30
8	9	26
8	8	32
6	9	30
8	9	30
3	8	24
9	7	31
10	15	35
6	12	33
4	10	24
6	8	26
6	9	24
2	4	21
1	4	91
0	7	90
7	5	25
5	7	22
0	37	91
3	9	26
3	9	22
7	33	50
2	5	22
0	30	83
3	8	22
6	10	26
3	6	22
3	8	23
6	8	24
6	8	25
5	7	22
3	7	22
3	5	21
7	8	27
6	8	24
3	8	23
4	7	25
7	9	30
7	10	32
5	8	27
6	10	28
7	12	27
1	4	20
5	11	32
7	12	31
6	8	23
8	7	31
3	8	25
5	10	30
4	9	25
3	7	23
7	9	26
4	9	25
4	11	23
5	9	23
3	8	23
1	23	91
6	6	27
7	9	24
9	10	30
8	10	28
10	13	34
10	13	34
9	13	34
10	12	30
8	13	32
8	12	29
8	11	28
10	11	28
3	8	22
5	10	31
4	6	23
2	5	22
7	10	29
8	10	27
6	9	27
28	29	91
4	9	22
4	13	30
5	11	26
5	6	24
3	6	24
6	8	26
7	10	32
8	10	30
0	37	91
0	11	90
0	11	90
3	6	22
6	10	26
10	14	33
8	10	31
6	9	25
8	15	36
7	11	33
7	12	32
5	12	31
5	8	31
0	14	90
6	8	25
6	8	25
4	10	24
5	10	25
6	9	29
4	8	25
2	7	20
9	13	32
4	8	25
3	9	25
1	13	89
0	9	91
3	9	23
4	8	22
4	8	23
6	8	26
7	7	31
3	10	24
7	9	28
8	11	32
6	10	31
7	10	30
4	6	23
2	4	23
2	4	22
2	4	20
10	11	32
6	11	27
4	6	21
2	5	21
4	5	24
2	3	20
0	14	91
4	7	24
0	7	90
3	5	21
1	7	24
2	7	22
2	5	21
4	6	22
6	9	26
2	5	22
7	9	25
7	9	24
6	9	26
1	11	91
1	9	90
2	4	23
1	4	24
5	6	27
5	6	26
5	7	26
0	9	90
2	6	22
6	10	26
0	4	20
0	9	90
10	10	31
4	9	26
1	8	90
0	13	91
7	9	26
5	8	23
3	8	24
2	4	21
7	8	26
10	16	37
3	3	24
9	8	38
11	8	39
5	9	28
5	6	23
5	7	25
1	1	20
7	7	31
4	7	21
2	4	21
3	5	22
9	10	29
3	8	21
3	7	20
0	11	91
0	9	89
6	11	30
2	7	22
4	8	25
7	9	27
3	4	25
0	14	90
0	9	89
3	6	21
3	6	20
6	11	30
13	17	40
8	10	29
3	8	23
8	15	33
3	7	22
4	9	24
4	10	26
3	8	22
5	9	24
6	8	22
5	8	23
9	11	27
8	9	26
6	8	24
5	12	26
3	7	23
3	8	24
3	9	23
5	6	23
2	8	25
1	7	21
2	7	22
2	7	23
0	7	90
0	8	91
5	7	24
3	8	25
5	7	24
5	7	24
7	10	33
4	7	26
4	9	23
0	9	89
0	8	91
4	10	23
1	6	22
1	7	21
2	5	21
9	11	29
8	12	34
3	7	23
6	8	27
6	9	25
1	3	21
2	8	23
2	7	22
2	6	21
5	9	26
4	10	25
4	9	25
2	9	23
6	11	26
7	10	30
1	32	90
4	10	30
4	9	24
7	9	28
3	7	23
3	6	24
3	6	25
3	4	23
0	11	90
0	10	91
0	23	90
7	11	31
3	5	22
7	12	32
7	10	34
0	6	90
0	27	89
2	5	21
7	7	30
7	9	29
0	12	91
0	14	91
0	12	90
0	13	90
3	6	21
5	12	30
6	10	26
6	8	26
8	10	29
0	21	91
0	9	90
1	3	22
2	-1	75
0	7	90
0	11	91
0	8	89
0	13	90
0	7	91
6	13	31
6	9	28
2	5	22
7	8	27
6	10	27
6	10	25
7	10	26
6	11	28
6	12	30
2	7	20
6	6	24
4	11	30
4	9	24
5	9	23
1	-1	88
2	6	22
1	3	21
0	6	91
4	7	21
3	5	22
0	11	87
0	10	91
5	6	24
4	7	24
9	11	33
4	10	30
0	10	90
0	11	90
10	13	36
4	11	24
3	8	25
9	12	33
7	9	27
2	5	22
1	2	22
2	6	22
0	12	90
0	3	25
1	6	21
2	5	20
0	8	90
0	13	91
0	5	91
28	31	91
5	11	30
4	9	25
3	8	24
9	11	37
10	11	40
1	4	20
1	5	22
3	3	21
0	14	84
0	7	91
0	11	90
3	7	23
6	9	25
8	10	32
0	5	88
0	13	91
7	9	28
8	9	30
0	2	20
2	3	22
7	13	33
8	11	27
0	5	90
5	6	23
0	6	91
0	6	91
4	8	25
3	9	25
4	10	25
8	10	30
6	13	28
12	16	39
6	10	29
1	3	22
9	15	33
6	9	25
7	12	29
8	10	28
4	9	24
2	6	23
1	6	20
2	29	91
7	10	26
6	9	26
5	9	28
0	5	90
4	10	24
2	27	91
9	13	38
5	7	23
5	7	24
4	7	27
2	4	20
6	7	24
3	8	22
2	7	21
5	9	31
3	12	91
10	13	34
6	7	24
11	15	44
3	7	23
5	8	26
5	9	26
2	6	22
1	5	22
2	3	23
3	6	25
2	7	21
2	6	21
5	6	23
5	11	30
5	8	27
1	5	21
2	3	21
5	27	90
2	8	91
0	10	90
0	14	91
6	9	28
6	14	28
6	9	26
3	5	22
1	3	22
5	8	26
5	8	24
6	9	25
0	10	90
1	21	86
3	6	21
2	-1	91
0	29	91
4	32	91
2	6	21
4	7	26
0	13	90
0	13	91
0	5	21
7	12	28
5	7	27
2	8	23
2	7	21
0	-1	90
3	5	24
7	10	28
9	11	32
9	9	31
4	7	25
1	16	90
0	7	89
2	6	24
3	8	22
2	6	20
2	5	21
4	4	21
3	4	23
3	5	22
2	3	21
0	1	25
1	4	20
0	13	85
0	10	91
4	9	27
9	12	30
1	5	22
4	6	23
3	5	22
3	6	21
5	7	25
2	4	22
4	6	23
3	8	24
4	8	25
4	7	24
6	7	25
6	9	23
10	12	35
9	12	31
7	10	30
6	9	27
5	7	24
0	12	90
5	9	31
4	6	23
4	6	28
3	4	22
3	6	23
2	8	26
3	7	25
2	8	24
3	10	26
6	10	26
5	10	25
5	9	24
3	6	20
6	12	27
1	14	91
1	31	90
4	5	24
8	11	31
4	8	23
6	10	25
0	2	20
0	9	91
0	10	90
0	5	23
6	9	25
3	25	90
3	7	22
4	10	25
3	10	25
3	9	24
1	5	20
9	9	26
2	6	21
5	10	30
0	7	90
0	13	90
7	9	29
2	6	23
3	6	22
3	5	24
3	6	23
2	6	25
0	2	21
2	4	21
7	8	25
8	11	29
4	5	26
0	28	89
6	8	23
5	6	24
3	8	25
9	8	27
8	10	31
6	10	27
8	15	33
1	37	91
6	7	26
6	7	25
0	6	90
0	4	89
1	10	90
0	11	91
1	3	23
9	12	34
4	9	27
3	6	21
1	7	21
2	8	23
5	11	24
1	2	32
5	9	26
5	7	24
5	10	27
3	4	22
4	7	31
7	9	33
9	13	32
8	10	29
4	6	25
2	5	21
4	12	27
8	12	32
8	12	29
7	9	25
5	10	24
8	10	32
5	10	29
4	5	24
31	38	87
9	15	35
11	12	33
9	13	31
8	11	29
7	10	24
4	6	23
5	8	24
0	7	91
1	3	20
6	10	28
10	13	30
11	14	33
5	9	28
3	7	24
4	8	26
3	6	22
3	6	25
7	11	27
9	11	30
9	13	37
2	4	24
4	5	24
6	6	25
6	6	26
5	7	26
2	5	22
2	5	22
4	8	23
6	7	23
4	8	23
6	11	27
6	8	24
4	9	24
4	10	30
7	10	25
3	7	24
6	7	24
3	8	23
4	7	23
12	12	32
1	5	24
12	14	41
1	29	91
4	29	91
1	28	91
0	28	91
6	9	22
4	6	23
2	6	22
6	8	24
2	5	20
9	13	32
5	8	22
8	12	33
7	13	33
3	5	21
4	11	29
5	7	23
4	8	21
6	8	24
3	8	23
3	6	21
4	7	23
10	9	27
5	11	26
5	9	25
4	10	26
0	3	20
4	8	23
5	10	29
8	9	28
0	11	90
5	8	23
0	8	90
6	13	32
7	8	26
2	21	91
1	8	91
4	9	25
0	5	91
0	6	90
9	9	29
6	7	23
6	7	25
6	7	25
6	7	24
5	13	31
2	5	21
9	9	34
0	6	40
8	9	31
0	9	91
2	6	23
5	15	31
4	5	21
3	4	22
7	9	29
7	9	32
10	11	34
7	10	29
7	11	27
4	10	22
7	8	25
8	9	27
4	7	21
6	8	30
3	4	24
4	9	24
2	10	24
0	12	91
0	-1	91
5	8	24
4	8	23
5	9	26
4	8	24
6	9	26
6	8	26
6	10	30
2	9	23
2	6	22
4	6	22
5	9	23
3	7	23
7	9	28
5	7	26
5	7	23
0	2	21
0	12	91
4	9	29
5	10	27
7	10	25
2	5	23
11	17	37
8	9	32
9	11	34
7	8	24
6	9	26
1	14	90
0	11	90
6	13	28
6	7	26
10	11	31
7	11	28
4	8	22
6	8	29
8	12	30
7	8	24
6	11	27
4	31	91
4	6	22
1	23	91
1	12	91
6	13	30
4	6	23
8	11	36
5	12	30
1	4	23
1	5	21
6	9	30
4	8	23
3	5	21
5	7	22
3	7	22
4	9	24
4	10	25
3	9	23
4	9	21
0	21	90
3	8	21
8	10	28
4	7	22
2	8	21
2	5	21
6	8	24
7	11	29
5	12	30
3	5	23
3	5	23
3	8	26
4	6	22
3	5	24
6	8	28
6	8	31
6	7	28
5	10	29
4	7	28
3	4	22
2	5	21
7	10	28
4	8	24
5	6	26
6	6	28
4	13	29
0	9	91
1	5	26
0	3	25
0	4	24
3	5	26
5	9	25
6	9	25
8	8	28
8	8	26
6	10	26
4	7	24
2	6	22
9	12	29
6	5	24
2	14	91
3	4	23
6	11	32
2	4	21
5	7	24
8	7	30
8	16	34
7	9	27
3	8	23
6	12	26
5	9	27
3	6	24
4	7	24
2	6	22
8	8	26
5	8	26
5	9	26
2	7	22
2	6	20
5	7	23
11	15	34
6	8	25
6	11	27
4	8	25
4	8	21
3	6	20
3	9	22
7	8	26
3	7	22
1	7	21
5	8	24
5	7	25
5	12	32
4	9	24
3	4	23
1	4	20
3	5	23
2	5	22
9	28	91
4	8	26
5	9	30
5	5	25
1	5	23
4	7	26
9	10	26
3	6	26
1	13	91
1	14	91
7	8	30
2	4	21
2	5	21
3	5	23
10	16	38
3	7	22
6	9	26
5	6	25
1	2	20
2	9	24
9	12	30
5	13	30
4	7	24
3	8	22
4	7	24
2	7	21
6	9	25
2	9	23
7	9	32
4	12	30
5	12	30
4	31	90
4	10	26
1	4	20
1	3	21
1	3	22
1	20	90
6	8	25
4	6	21
2	6	22
8	11	31
1	13	91
0	7	23
2	5	22
8	13	33
0	12	89
3	8	22
0	6	23
9	9	36
5	9	25
5	7	25
5	8	25
6	9	27
3	7	22
7	10	25
8	9	30
2	11	23
6	7	24
0	2	61
8	10	28
0	6	91
9	14	33
3	8	24
4	8	23
3	7	23
5	9	23
0	-1	91
12	14	35
12	17	37
8	11	33
6	12	33
6	7	28
6	9	31
6	7	25
3	9	25
2	6	24
7	9	25
5	9	26
5	8	24
6	12	31
3	6	22
4	7	24
5	6	24
1	27	91
6	10	32
2	7	22
5	9	25
4	8	22
5	8	25
6	10	26
3	10	26
0	28	90
6	8	25
6	8	26
6	8	24
4	5	23
3	5	22
1	5	21
6	6	25
6	7	26
5	9	24
7	9	32
1	2	22
1	3	21
6	7	26
8	12	32
8	9	26
1	33	91
10	11	37
6	11	30
3	6	21
0	8	90
0	9	90
4	7	25
8	8	26
7	10	30
4	7	23
1	8	91
0	12	87
3	10	26
6	11	29
5	6	23
9	8	33
9	11	31
10	13	34
10	12	33
9	12	30
10	12	34
3	7	25
2	5	22
6	11	27
4	6	24
5	7	25
4	6	23
5	9	28
5	11	25
2	6	20
9	9	34
1	10	91
0	5	90
4	9	24
3	7	24
0	6	91
0	8	80
14	12	41
12	13	40
12	14	40
9	10	32
12	12	38
1	5	20
4	7	23
4	9	23
1	4	21
0	22	90
7	10	30
4	11	25
7	12	26
5	10	24
3	6	22
4	8	23
0	5	90
1	8	91
0	10	89
0	17	90
6	7	24
1	5	20
0	7	91
7	11	26
10	10	33
0	12	90
0	13	91
4	9	23
2	8	22
3	8	24
3	7	23
5	6	25
4	11	28
1	4	21
0	5	20
5	7	25
6	8	27
0	32	91
2	4	21
6	6	26
11	13	41
3	25	90
5	11	26
7	10	30
5	6	20
4	6	23
7	9	28
0	11	91
2	5	25
7	11	28
7	13	29
8	12	29
2	3	25
1	5	22
4	8	25
3	5	23
2	4	21
1	2	30
5	10	29
5	10	30
6	11	27
5	8	25
5	8	25
5	9	26
7	8	29
7	12	33
3	8	30
6	7	23
8	9	34
5	7	23
0	9	90
9	15	32
6	31	91
3	4	23
7	8	26
4	8	25
4	8	24
2	7	21
2	5	21
4	8	21
0	6	22
0	4	24
8	10	26
7	10	24
1	7	21
0	4	20
3	11	23
2	5	22
2	5	23
3	8	26
3	8	30
4	6	22
1	5	23
7	8	26
3	6	24
8	9	25
3	6	24
4	7	22
2	4	22
1	14	91
0	12	90
10	9	40
0	8	90
0	9	91
3	7	21
0	8	90
0	6	91
0	7	90
0	9	91
5	7	24
2	6	22
1	6	91
0	28	91
3	6	22
2	8	23
6	8	26
9	9	29
8	13	29
7	10	26
6	11	32
0	8	90
7	10	32
1	3	22
4	5	24
1	7	21
6	9	24
0	5	23
4	5	23
0	16	90
0	14	91
7	8	31
4	7	25
0	-1	90
8	11	34
6	7	24
7	11	27
1	23	90
4	7	23
8	9	26
7	14	30
5	9	23
3	6	23
6	8	26
3	7	22
3	8	21
0	10	90
0	9	91
0	9	91
2	6	21
3	7	22
6	11	32
4	13	30
6	9	25
6	13	32
4	10	25
5	8	23
8	10	29
3	6	23
4	8	22
2	4	21
5	11	24
5	7	26
2	10	25
3	7	23
4	8	22
2	6	32
4	8	24
6	11	26
7	11	30
4	7	23
3	7	22
3	9	24
3	8	22
8	9	32
7	9	28
8	13	33
0	10	90
0	8	91
0	15	90
0	13	91
1	4	21
4	7	23
3	7	26
0	3	20
4	8	31
9	12	29
5	5	26
3	5	24
3	4	23
4	5	22
4	5	22
3	8	23
5	9	24
10	25	90
9	12	32
3	5	26
8	10	29
3	10	24
4	7	21
4	5	25
8	9	25
3	5	22
1	4	22
3	7	23
3	8	24
5	9	25
5	9	25
6	12	27
7	12	27
8	13	31
9	11	28
8	13	31
4	7	24
2	6	20
10	11	34
4	9	24
2	7	24
2	7	23
3	8	21
41	42	90
4	7	24
0	2	20
1	3	23
4	4	24
5	9	24
6	7	26
8	13	38
0	10	91
4	6	33
3	5	24
4	9	22
3	8	22
3	7	22
4	6	31
2	7	22
5	7	25
3	6	22
1	5	21
6	6	24
3	6	26
6	9	28
3	5	23
5	8	25
0	21	90
4	7	24
3	7	24
4	7	22
6	6	27
6	6	25
0	2	90
0	6	91
8	12	37
5	9	27
7	7	26
2	5	23
4	8	24
1	8	91
0	14	90
6	9	30
6	6	24
4	7	24
4	8	21
3	7	21
0	27	86
6	8	25
3	7	26
3	7	23
3	7	23
2	6	20
3	8	24
7	8	31
3	8	22
5	10	26
6	7	24
6	10	27
8	11	28
4	7	24
0	6	90
0	7	89
2	4	21
5	8	26
5	10	28
2	4	22
3	6	21
3	5	22
4	6	21
5	7	30
8	11	45
3	6	20
2	22	90
2	6	25
4	5	21
1	6	22
1	4	21
1	4	20
1	-1	91
5	10	32
7	15	30
2	6	22
0	5	91
1	18	91
4	7	25
3	6	24
4	7	24
0	20	90
4	6	24
3	5	22
1	8	21
0	10	91
0	16	68
0	17	68
4	11	23
2	5	22
2	7	21
0	9	88
0	21	91
5	8	24
0	14	91
0	6	90
6	7	24
0	8	90
0	10	91
0	7	90
0	7	90
6	8	26
7	10	30
7	11	28
3	7	23
0	4	91
7	6	24
5	11	26
0	7	91
3	7	25
0	10	91
0	14	90
4	7	23
4	7	23
0	29	90
0	23	91
8	9	33
1	6	20
4	7	23
3	6	24
3	7	24
5	8	26
3	8	23
6	8	31
7	8	29
5	10	25
2	5	22
2	4	22
3	6	25
2	5	21
6	11	26
7	11	26
6	8	27
0	7	90
0	10	91
2	4	21
4	6	26
11	12	33
0	7	90
0	3	20
2	4	21
2	7	22
1	20	91
4	9	24
3	-1	70
1	7	21
3	21	88
3	20	91
1	7	21
28	30	90
1	13	91
0	12	90
1	4	21
3	7	24
3	8	23
2	5	21
6	8	24
4	9	25
6	8	26
2	8	21
3	4	22
6	9	24
5	8	23
1	5	24
3	7	23
0	37	91
5	7	25
0	21	90
3	8	23
2	9	22
6	8	25
3	8	22
2	7	21
0	11	90
0	12	90
2	6	22
3	29	91
1	3	22
0	0	77
4	6	24
3	8	27
5	6	26
0	15	89
7	8	25
0	16	91
1	10	88
1	11	90
0	-1	90
0	8	90
0	10	91
4	9	25
2	5	24
0	7	90
0	10	90
0	11	91
4	6	21
9	9	34
0	11	90
4	7	31
2	8	23
8	8	31
4	9	23
3	10	26
0	3	21
0	15	91
1	10	81
0	12	81
6	11	34
5	8	28
4	9	26
0	3	24
4	6	22
0	11	91
0	12	87
5	10	30
6	8	26
8	11	27
0	15	91
8	5	28
6	8	30
0	6	91
0	7	90
3	4	22
1	4	20
5	8	23
3	6	23
8	9	29
0	2	31
6	8	28
5	6	30
3	7	24
3	7	23
3	8	25
5	7	25
6	9	27
5	9	30
3	9	25
9	13	34
2	5	21
5	8	25
2	5	22
5	7	27
3	5	24
3	4	21
2	5	20
0	15	80
0	12	90
26	30	90
2	4	23
8	6	27
0	28	90
0	11	90
0	22	89
0	9	91
1	8	91
5	7	25
2	5	20
0	8	90
4	9	26
0	39	91
0	15	91
3	5	23
0	7	88
0	8	91
7	10	30
2	6	21
1	5	20
1	5	65
3	5	22
0	13	91
4	5	26
3	5	23
6	10	25
7	8	33
5	8	23
10	12	32
7	12	28
6	10	26
6	13	29
9	9	27
1	7	22
6	10	28
2	3	22
5	10	27
10	21	43
8	12	32
7	11	27
6	8	25
1	4	22
0	20	91
3	6	23
0	8	91
0	8	91
4	6	26
2	7	21
3	6	21
1	10	91
0	7	90
0	9	91
5	7	22
0	7	90
0	9	91
0	9	63
1	12	91
5	6	26
3	6	22
5	6	25
6	7	24
0	20	91
0	14	90
0	7	56
0	8	90
7	11	36
2	6	23
0	26	91
2	5	21
3	5	22
0	11	89
1	20	91
7	9	26
0	9	91
10	11	34
8	12	30
4	8	24
6	13	30
9	6	35
2	4	21
7	10	32
5	7	23
7	6	31
0	7	91
2	4	20
3	8	23
2	5	21
0	1	42
2	7	21
6	7	25
4	7	23
5	5	22
5	5	24
5	5	25
4	4	23
6	6	26
5	5	24
5	5	27
0	11	91
0	10	90
0	6	90
0	10	91
3	5	21
1	5	23
10	16	38
12	16	39
9	16	37
11	15	37
10	19	39
0	12	91
0	10	90
0	0	20
0	23	89
3	7	22
0	18	90
0	38	91
1	4	21
5	7	26
8	10	31
5	6	26
9	11	31
0	26	90
5	9	30
0	12	91
7	7	26
9	9	29
7	8	27
2	7	21
3	8	23
2	7	22
3	8	22
0	17	76
2	16	90
0	8	90
0	11	90
10	7	34
9	11	31
9	12	34
11	12	36
10	12	34
23	27	91
1	6	24
6	7	24
6	7	25
6	6	26
2	2	22
0	23	91
5	6	23
1	3	20
5	12	31
5	7	23
1	4	20
5	8	30
3	8	26
4	7	24
4	7	23
1	6	25
4	6	24
3	6	26
5	6	25
1	11	91
0	7	90
0	11	91
1	10	90
7	9	25
2	6	20
2	8	23
2	6	20
0	21	90
2	5	21
4	7	21
4	8	25
10	13	36
9	10	29
6	13	29
1	3	22
0	2	21
5	12	28
2	6	24
2	5	22
13	13	38
4	8	23
7	8	25
10	9	39
6	9	26
3	5	22
3	6	23
5	7	26
5	8	23
7	9	26
2	6	22
3	6	23
4	5	24
4	6	24
4	5	22
10	17	36
14	15	38
2	27	88
2	5	23
5	8	25
6	7	26
7	10	28
0	-1	91
5	6	23
3	7	24
3	7	24
15	26	90
7	10	25
3	9	22
7	9	31
5	-1	91
1	40	90
0	36	90
9	13	38
6	9	26
5	7	30
4	7	21
6	8	26
5	6	24
5	12	30
1	4	21
3	4	23
7	10	26
6	9	26
5	8	27
7	11	30
7	10	30
6	9	27
2	7	24
3	6	23
3	7	23
3	6	22
5	9	28
3	10	24
2	7	23
5	11	30
5	9	25
7	10	30
7	8	25
6	8	25
6	8	25
8	8	32
6	11	24
5	8	24
5	10	27
5	10	27
5	8	30
4	6	25
5	8	26
4	6	24
6	7	23
5	12	26
6	12	32
3	9	31
8	10	32
5	9	27
4	8	21
5	8	24
1	6	20
4	7	23
3	7	23
0	15	90
0	14	90
3	9	24
4	9	23
3	5	21
9	12	32
8	11	30
2	6	22
6	11	29
5	12	32
3	7	21
6	9	30
3	6	21
12	14	39
11	14	37
7	16	39
7	11	35
2	6	22
2	6	21
2	6	21
5	7	26
4	8	28
2	6	22
4	6	23
5	8	27
6	8	29
7	11	26
4	7	23
3	11	25
4	6	25
8	10	28
9	10	32
4	7	24
3	7	23
3	6	22
2	5	22
5	8	25
2	4	25
3	5	20
3	7	24
1	3	20
4	9	22
9	10	32
1	33	90
0	35	90
9	11	35
6	7	27
2	6	25
5	7	25
2	5	23
2	7	23
2	4	22
3	7	22
3	6	23
1	6	20
2	6	24
5	7	23
4	9	26
5	7	26
8	7	27
9	13	33
3	4	22
5	7	22
3	7	26
1	3	21
6	9	26
7	11	28
7	12	31
8	14	29
5	11	31
6	9	27
0	10	91
0	12	90
0	4	90
0	15	90
5	7	24
9	15	34
5	9	24
4	6	21
3	6	22
6	10	28
7	9	26
7	8	27
7	7	25
9	11	32
6	7	25
6	14	31
7	13	29
7	11	27
6	10	25
2	6	22
5	10	25
9	8	33
1	5	21
1	5	20
2	4	22
2	4	22
6	7	27
4	9	25
5	8	25
0	3	22
0	4	22
7	13	28
4	8	25
4	6	23
3	6	23
0	8	90
0	10	89
5	6	24
6	10	27
5	11	28
6	9	25
7	11	27
7	9	27
0	30	91
6	8	28
4	9	23
4	8	21
3	8	20
3	8	24
11	14	33
11	14	32
8	10	31
0	8	91
0	6	91
8	10	31
0	8	59
0	6	91
4	11	24
5	8	24
4	8	30
4	9	30
1	6	21
7	9	31
6	10	29
4	9	27
3	7	23
3	7	24
4	7	24
5	9	27
6	8	25
8	12	27
2	7	20
3	5	23
3	5	21
2	3	20
4	8	23
3	5	22
5	12	29
6	10	31
9	11	35
10	17	36
2	4	21
0	3	91
0	14	90
0	14	89
7	8	29
6	10	30
5	8	27
5	7	27
6	8	26
4	7	24
4	8	25
5	8	25
4	7	27
3	7	24
3	4	23
8	10	28
4	21	86
3	25	88
3	6	25
5	7	24
0	12	88
1	4	22
0	3	21
6	8	24
3	8	25
4	8	26
2	5	21
6	7	30
3	11	30
1	14	91
7	11	32
5	11	26
6	7	27
7	10	26
2	5	21
7	8	25
8	10	31
4	9	26
0	10	90
2	39	90
1	35	87
1	34	85
6	11	28
1	4	20
10	10	36
7	8	25
4	7	21
2	6	23
6	8	33
2	7	20
9	15	31
3	5	23
0	23	91
21	34	91
5	10	26
4	6	24
1	7	90
0	10	90
6	10	26
12	14	40
12	16	40
24	-1	85
25	-1	82
16	21	55
14	19	52
14	17	49
9	13	38
10	14	37
9	13	36
27	34	91
10	11	35
27	34	90
28	34	91
28	33	91
28	32	91
27	32	91
27	32	91
11	13	35
28	31	91
27	31	91
26	31	89
12	16	49
10	11	32
14	15	44
11	11	31
12	13	41
17	19	59
6	10	25
2	4	24
2	4	22
5	8	23
4	8	24
0	11	91
0	13	90
0	10	91
0	9	90
2	5	21
2	6	22
2	7	22
2	6	20
2	5	21
2	4	20
6	7	25
4	8	25
2	4	22
10	11	34
5	7	23
1	3	22
2	4	22
2	8	22
2	8	20
1	5	21
3	8	24
4	8	22
8	12	34
3	8	30
1	4	20
1	4	21
0	9	91
0	10	90
6	7	29
3	6	21
3	8	30
11	32	90
6	7	25
6	6	25
7	9	26
8	11	29
6	7	25
6	7	26
7	7	27
0	11	91
6	9	31
4	8	24
1	11	90
5	8	24
5	7	25
4	7	24
4	7	23
0	9	91
1	6	21
3	6	22
6	8	36
1	5	20
4	6	24
5	11	31
3	5	21
0	26	90
0	26	90
0	3	21
6	7	24
4	10	26
3	7	24
2	9	25
4	7	24
1	5	23
5	10	28
5	7	23
3	7	24
2	6	20
0	24	91
2	25	91
2	-1	91
2	8	22
4	5	24
5	7	25
5	7	25
4	7	24
5	7	23
2	6	23
0	13	91
0	16	90
6	5	23
5	11	30
5	13	31
4	12	30
3	7	24
2	7	23
3	7	21
5	9	25
5	11	30
7	7	29
9	7	27
8	8	27
0	7	91
0	15	91
0	9	88
0	11	91
6	7	26
4	5	23
4	6	26
4	4	24
7	10	30
5	9	27
5	12	26
1	3	23
0	19	90
0	14	91
3	8	24
6	10	30
7	8	25
0	9	91
0	4	90
9	13	38
8	11	33
9	10	29
4	9	24
3	7	23
2	6	22
1	3	21
6	6	25
0	6	90
0	11	80
7	13	29
1	4	21
5	8	24
2	7	22
5	8	24
5	7	25
4	7	23
5	7	25
5	7	25
6	9	30
6	9	28
7	7	26
0	9	88
1	8	91
5	8	25
1	4	21
0	2	91
0	21	90
1	14	89
7	11	32
0	7	90
6	9	26
0	15	91
0	10	90
1	6	22
3	6	22
10	15	38
3	6	22
4	7	23
3	6	21
3	8	31
2	7	23
5	9	23
7	9	27
8	10	30
2	8	24
3	6	23
4	5	23
3	9	25
4	7	25
4	6	23
4	8	24
6	6	24
8	10	27
4	8	22
2	5	22
4	10	33
0	36	91
6	10	29
6	9	27
6	6	25
3	4	22
4	7	22
2	7	22
9	12	34
5	8	24
5	9	26
7	10	31
5	8	25
6	9	28
3	7	22
3	5	21
1	11	24
4	8	23
5	10	27
2	3	20
0	-1	90
7	8	25
3	8	24
3	7	23
3	8	25
5	9	25
8	11	27
6	10	27
7	13	27
3	8	26
6	9	27
3	5	23
3	8	22
0	20	91
0	9	91
4	8	23
0	3	20
7	8	25
4	4	24
2	24	91
0	13	91
8	12	32
9	11	29
3	7	22
2	6	21
4	9	21
6	9	24
0	5	23
0	13	91
0	11	91
4	8	30
2	5	22
3	5	22
3	7	20
1	2	23
2	39	89
4	8	23
3	9	25
5	10	27
8	8	31
2	4	21
3	7	24
0	6	90
0	8	89
6	8	25
3	10	22
2	5	20
8	13	31
6	11	30
1	5	20
5	7	25
3	7	25
2	5	23
5	10	26
0	2	90
0	4	91
2	9	23
2	8	22
8	10	34
8	11	33
7	12	32
4	6	22
6	9	26
5	24	91
4	7	23
4	6	22
9	14	36
7	11	33
2	8	21
9	10	32
5	7	26
3	7	24
2	5	21
28	42	91
8	9	33
5	11	30
2	8	23
6	11	30
8	13	30
8	15	31
7	12	26
6	13	27
4	6	24
2	7	21
0	21	90
0	7	90
1	4	25
2	4	21
3	6	22
4	8	23
5	5	25
3	5	22
4	6	21
7	8	27
6	11	31
6	10	28
7	12	33
9	13	35
7	11	31
3	10	31
5	9	28
5	10	27
6	11	26
6	10	27
6	12	28
4	11	26
3	7	23
7	10	32
3	7	21
3	6	21
9	14	31
7	10	25
5	9	28
2	5	24
2	8	22
3	11	26
2	7	23
4	7	25
6	6	24
10	11	34
5	9	24
2	6	21
5	21	91
3	11	25
3	8	24
6	8	26
3	7	24
5	8	24
5	8	24
4	7	23
2	4	21
3	8	22
4	8	21
6	5	25
3	6	20
4	9	27
5	8	24
1	3	20
5	6	24
1	4	23
4	6	24
2	6	22
4	38	90
5	8	27
0	21	90
6	33	91
1	8	27
6	11	27
5	9	26
6	9	25
5	10	24
4	9	24
4	8	22
3	7	23
1	29	90
4	7	23
4	9	31
3	7	31
3	7	26
0	4	24
3	6	22
3	6	22
5	9	25
4	7	25
3	6	23
7	10	28
2	5	22
4	8	23
34	34	91
1	9	90
2	4	21
4	7	23
3	6	24
3	7	22
6	10	32
4	9	24
4	8	22
3	7	23
3	7	23
2	7	24
2	6	21
2	6	21
2	7	22
8	11	31
8	13	35
9	11	32
9	12	31
5	9	24
1	32	90
4	9	25
4	9	24
3	7	22
3	9	22
3	5	22
2	6	22
10	14	36
2	6	22
3	6	22
5	7	22
2	6	23
2	5	24
0	13	90
0	14	90
3	6	23
4	7	24
3	6	21
4	6	24
4	6	24
3	6	21
3	6	23
4	6	23
2	6	22
5	12	26
9	11	28
9	10	32
3	6	22
1	8	22
1	3	22
1	3	21
0	12	90
0	15	91
2	29	90
6	9	28
0	15	87
0	25	89
5	8	32
5	9	30
4	8	23
0	14	91
0	9	91
4	29	88
6	9	27
6	12	26
0	6	22
4	7	24
5	7	23
3	7	26
2	6	25
4	5	25
3	8	23
4	6	23
8	10	32
6	9	27
6	7	26
6	10	25
2	3	20
6	12	26
6	11	25
6	11	24
9	12	34
4	11	31
4	8	24
3	6	22
4	8	24
1	3	21
2	8	23
2	7	22
2	8	23
2	32	90
4	9	23
4	6	24
3	8	24
5	9	32
2	7	23
2	6	21
5	8	26
4	9	24
3	7	22
6	12	32
3	7	22
4	7	24
3	8	24
4	9	23
5	8	25
3	6	23
4	7	22
6	9	27
4	7	25
6	9	26
7	12	29
4	7	23
5	9	31
5	7	26
7	9	33
5	7	26
8	9	31
6	9	30
1	31	91
3	8	24
1	10	91
3	7	22
4	7	22
0	0	90
0	1	91
0	2	91
0	3	20
0	9	91
0	11	90
0	8	90
6	7	26
9	10	34
8	10	33
8	10	32
8	10	30
0	1	91
2	6	22
3	9	25
3	8	23
2	4	20
0	12	90
0	9	91
10	12	35
7	11	25
0	5	91
5	6	24
3	6	21
0	10	91
0	7	91
2	5	23
2	4	22
3	4	25
0	6	91
0	5	91
5	7	24
0	8	91
0	12	91
0	5	32
6	4	26
4	5	24
5	6	24
2	5	22
4	8	22
4	6	24
4	6	22
6	9	26
0	20	90
0	19	91
6	6	24
6	5	24
6	11	31
6	9	25
4	8	25
3	9	26
9	14	37
8	12	32
4	11	30
5	9	27
3	6	24
3	6	21
2	5	24
8	11	32
6	10	30
7	12	32
2	6	21
9	9	33
9	9	33
11	9	35
7	15	32
8	13	29
8	13	34
7	14	32
7	13	32
6	11	29
7	10	27
5	10	25
6	9	25
0	12	90
10	13	33
8	10	31
8	11	30
2	4	21
4	9	24
4	5	21
4	9	25
6	12	30
3	7	32
5	8	25
6	10	27
8	15	34
9	14	33
3	6	23
4	9	27
8	10	28
3	7	21
2	8	23
3	9	22
5	6	24
8	18	30
0	3	24
8	12	30
3	6	21
4	7	24
3	5	21
6	8	27
2	5	21
4	9	26
3	9	24
5	8	27
5	7	25
6	10	30
5	8	25
1	5	22
4	6	23
5	6	22
11	15	38
8	11	31
6	12	33
5	6	24
6	8	25
7	10	28
8	10	27
8	14	32
4	7	24
2	6	20
2	7	23
0	8	91
2	29	91
7	10	30
10	11	32
0	25	89
3	6	30
1	4	20
6	11	31
1	6	24
0	20	91
7	8	25
2	4	22
4	5	23
2	5	23
1	5	23
2	4	22
0	11	91
7	9	26
8	9	30
2	5	22
4	5	25
3	5	23
5	9	24
2	22	91
4	7	28
4	8	21
6	7	27
3	8	21
3	6	23
5	9	24
3	5	22
2	3	22
2	5	23
2	6	22
3	5	25
3	8	25
3	7	22
2	6	21
2	6	22
2	5	20
2	8	21
1	5	22
1	3	22
2	3	21
4	6	23
0	9	90
3	6	22
2	7	22
27	33	90
26	27	79
28	30	91
0	11	90
0	6	91
4	7	22
1	20	78
0	41	91
2	7	22
2	6	24
6	9	26
9	10	29
3	6	24
4	6	23
5	11	30
3	7	24
8	13	28
0	6	91
0	13	91
10	12	33
6	10	26
3	7	22
7	10	28
3	7	21
7	10	28
6	10	32
8	9	29
7	11	29
7	10	26
9	9	30
10	12	34
5	13	31
5	8	24
6	12	30
4	5	24
6	8	25
6	8	25
5	7	24
3	6	21
0	14	90
0	7	91
2	5	21
4	6	22
3	6	21
4	6	24
4	7	25
4	7	24
3	8	25
0	8	90
7	8	29
6	7	27
6	6	25
0	-1	90
0	22	90
5	8	26
1	6	22
6	10	27
7	11	27
3	6	23
5	6	25
5	7	23
1	26	91
3	9	24
3	5	21
4	9	30
4	9	24
4	6	24
6	6	24
7	7	26
0	32	91
2	7	21
9	10	28
4	7	23
8	11	26
4	6	27
8	11	29
9	13	31
3	34	91
6	7	26
3	7	23
4	10	26
36	35	84
4	7	21
6	6	24
5	5	23
3	6	23
7	12	30
3	4	22
3	4	21
7	10	30
4	8	25
8	10	30
2	5	23
2	6	21
4	10	24
3	8	24
4	7	21
6	7	25
4	6	24
4	6	22
6	11	31
4	6	23
2	6	20
0	18	89
0	4	22
3	8	25
4	6	25
4	8	28
8	9	31
7	7	25
4	6	26
3	6	21
5	10	27
3	6	22
2	6	22
2	6	21
7	10	29
5	8	26
3	7	24
11	15	35
11	14	33
8	12	28
4	10	25
0	10	44
5	9	22
0	16	76
4	6	23
6	8	26
7	12	30
6	8	29
30	30	90
7	7	27
2	5	22
9	10	33
6	8	26
20	26	53
2	8	24
0	12	90
1	12	90
7	9	26
2	5	22
0	4	21
3	6	22
6	10	27
12	14	39
7	38	90
4	6	21
0	13	90
6	9	27
3	6	22
5	10	26
6	9	26
1	5	22
0	3	22
1	24	88
6	9	25
7	7	26
0	9	91
2	6	22
5	5	25
2	5	21
3	7	22
4	38	85
0	9	91
2	4	21
9	10	27
0	3	21
3	8	23
5	7	25
2	2	22
3	5	21
3	4	22
3	7	23
3	8	21
2	-1	91
10	13	34
9	10	35
9	9	30
7	10	29
9	8	31
2	3	23
11	11	63
6	9	27
8	11	29
6	9	30
3	5	22
5	9	25
6	12	30
3	6	22
5	14	33
5	10	26
3	12	28
5	10	25
7	10	29
8	11	31
4	9	24
4	10	23
2	4	20
6	9	25
5	7	24
5	8	23
3	9	23
3	9	22
4	6	22
7	11	29
8	12	30
0	9	90
7	11	30
9	9	27
6	7	27
1	5	23
2	4	21
3	7	23
7	10	33
5	8	24
6	9	26
0	7	90
0	6	91
2	6	22
2	9	22
8	10	30
0	3	20
5	6	26
2	7	22
1	3	22
1	3	23
11	15	32
3	9	22
2	26	85
3	8	25
3	8	25
4	7	24
0	4	22
6	4	25
5	7	24
6	8	24
3	4	22
4	7	25
5	6	24
4	11	25
2	5	23
5	7	31
5	7	30
4	6	25
2	7	25
4	9	23
2	7	21
0	12	91
8	9	34
0	13	91
5	10	23
3	7	20
4	6	22
3	7	23
4	6	24
0	5	21
2	4	22
5	6	25
0	13	91
1	21	88
3	3	21
0	20	89
0	21	90
0	21	90
0	22	90
0	22	90
6	8	32
7	8	31
2	4	21
0	4	21
5	9	27
1	5	22
1	5	22
0	5	20
3	9	22
0	24	91
5	6	24
7	11	30
3	7	22
5	7	27
2	6	22
4	8	23
1	4	24
2	7	21
1	-1	91
2	8	21
2	4	20
4	7	25
4	6	23
1	7	22
0	7	22
2	5	22
7	38	91
4	8	30
4	6	22
5	7	23
2	5	21
2	5	23
8	9	34
5	11	25
8	10	33
12	-1	40
11	13	40
7	9	31
8	8	28
13	13	41
10	12	38
8	10	34
8	6	27
10	10	39
11	12	40
11	12	40
10	-1	40
11	10	38
13	11	40
12	11	38
3	5	22
7	9	31
6	8	24
0	19	90
6	26	91
9	10	30
5	5	25
6	14	33
3	7	23
3	6	21
2	9	26
3	8	23
6	10	25
4	5	24
6	10	28
0	22	91
0	10	90
7	7	27
6	8	26
5	8	26
6	8	24
2	10	26
4	10	25
2	9	22
6	8	28
3	7	23
7	8	30
3	6	21
6	7	30
3	8	27
6	9	24
3	7	21
0	11	90
0	11	91
3	12	28
4	5	22
3	8	23
5	26	91
5	8	25
0	7	90
0	4	90
5	8	25
6	7	26
1	9	90
0	7	91
0	9	91
1	9	91
1	8	91
7	10	32
4	6	27
3	9	25
5	8	25
3	10	25
7	6	27
4	6	22
3	9	25
3	27	91
1	28	90
5	10	25
5	8	24
4	6	24
5	6	26
5	7	25
0	8	90
5	8	23
2	4	22
2	4	21
34	36	90
0	8	91
0	8	91
3	38	91
35	37	91
5	8	25
5	28	90
1	27	88
1	4	21
4	9	24
4	8	23
3	6	22
2	8	23
3	7	24
2	5	23
0	7	91
0	2	22
0	11	91
0	11	91
5	9	31
1	7	21
0	9	91
3	8	23
0	30	91
22	23	90
0	11	91
0	11	83
3	7	24
1	5	21
4	11	24
0	15	91
2	5	22
1	2	20
0	5	91
0	6	90
3	3	24
0	7	91
5	10	30
5	8	29
0	10	90
0	10	90
0	11	91
0	8	91
0	13	88
2	4	21
1	8	91
3	6	23
4	7	24
2	6	22
4	6	23
5	9	31
0	13	90
0	9	90
4	5	24
1	31	91
1	4	24
3	9	31
0	13	91
1	14	91
3	5	24
1	3	20
2	5	23
0	21	91
7	8	28
2	4	21
0	20	89
3	8	25
4	9	27
8	11	32
8	10	33
9	10	32
10	10	33
2	5	22
5	7	24
0	4	21
3	6	22
0	5	91
0	8	91
0	10	90
9	10	31
2	6	27
0	9	46
1	9	90
0	14	91
5	6	23
3	7	22
5	31	90
2	5	21
7	8	26
1	4	20
2	4	21
0	4	91
0	9	90
2	5	22
3	8	25
2	7	21
3	9	29
24	27	91
2	5	21
0	15	90
4	8	25
3	7	26
4	7	22
21	23	64
1	26	91
1	1	23
2	5	22
3	6	23
8	10	29
0	24	89
23	26	73
5	9	30
0	13	90
4	7	24
1	6	21
1	4	20
0	-1	91
3	5	22
7	10	29
5	7	25
1	9	91
4	6	22
8	14	32
5	10	31
3	4	23
2	9	34
5	9	23
0	4	88
0	4	34
0	10	91
2	0	23
6	11	28
1	6	21
4	6	27
5	6	26
7	9	29
1	13	91
7	9	31
4	7	22
4	7	23
3	7	26
3	6	22
1	2	23
0	6	20
0	7	90
0	8	89
0	9	91
0	9	90
4	5	23
0	7	61
0	7	61
0	2	90
5	6	25
0	3	21
7	8	30
0	9	91
0	8	90
0	21	90
4	4	22
6	14	32
0	8	89
1	9	90
4	6	23
5	5	23
4	7	24
1	5	20
2	5	21
3	7	22
11	15	41
14	15	46
11	15	43
12	14	44
13	14	43
12	13	40
12	14	41
11	14	40
11	11	37
10	11	36
14	13	44
13	13	41
12	13	41
10	11	38
2	7	20
6	22	90
0	15	91
3	9	25
3	9	24
5	7	30
5	8	26
3	8	26
2	8	23
3	8	23
0	13	91
4	9	23
3	4	26
6	8	26
5	8	23
8	12	30
6	8	25
2	5	23
6	8	25
5	8	22
1	6	20
2	6	21
2	8	22
2	5	22
4	7	25
3	6	24
7	11	28
6	10	27
2	8	27
5	7	24
7	7	26
1	13	91
0	12	91
4	8	26
3	6	22
4	7	31
4	9	25
3	8	25
0	10	86
6	7	27
5	9	28
4	6	23
5	6	23
0	10	90
0	16	90
9	9	32
3	8	21
5	11	27
4	9	33
7	9	27
2	5	22
27	-1	90
5	6	24
5	7	24
0	7	91
4	4	24
8	9	29
3	6	21
8	10	27
7	11	27
5	9	26
5	8	26
5	8	25
5	9	26
0	20	90
2	4	21
1	25	90
5	9	27
10	8	33
5	7	24
1	5	20
0	17	88
7	8	27
5	6	24
5	7	25
4	9	24
0	11	87
8	5	34
9	7	31
2	5	22
1	4	21
3	4	23
2	4	21
3	6	22
2	9	91
5	8	23
8	12	33
3	5	22
5	8	23
2	25	90
5	6	25
5	6	25
5	5	23
5	12	31
0	20	90
5	7	24
29	-1	89
7	6	25
5	9	26
0	32	91
6	6	23
4	8	25
8	10	29
1	6	21
5	11	32
8	14	34
4	8	24
4	11	28
4	7	23
5	11	30
5	9	27
3	5	25
3	7	21
0	10	91
0	8	90
2	13	30
2	15	90
0	5	90
0	12	91
3	20	88
0	30	90
0	10	85
0	15	91
2	23	89
4	22	90
3	4	23
0	1	20
3	6	22
3	6	22
5	7	23
0	9	91
0	10	91
0	12	91
0	18	90
5	6	25
9	35	89
0	10	90
0	1	23
0	1	23
6	7	25
0	6	91
3	8	22
4	7	22
1	12	91
3	7	91
3	5	23
0	43	90
9	12	32
9	13	30
5	9	31
10	13	34
0	10	90
0	12	91
7	10	31
5	5	24
0	30	90
5	9	24
8	14	28
12	15	38
9	13	33
12	15	33
12	17	38
0	5	75
3	9	24
6	25	90
4	6	22
2	6	22
6	10	26
5	8	25
9	7	34
2	4	21
5	8	23
7	11	32
5	10	27
0	11	91
0	8	90
8	11	31
6	9	26
8	10	29
7	8	27
7	7	31
5	6	25
6	7	28
6	7	26
0	6	91
0	11	90
9	10	28
8	10	27
0	15	91
1	6	25
4	10	26
3	4	25
0	8	91
10	16	35
0	6	91
5	7	23
7	11	33
0	11	91
0	4	90
3	5	22
6	8	24
0	10	91
2	6	23
3	5	21
0	3	21
0	12	90
0	7	90
8	12	33
12	12	38
7	13	35
7	8	30
5	10	30
11	11	35
8	8	31
1	3	20
2	7	21
0	27	91
0	19	91
0	5	22
1	6	21
3	7	21
4	9	25
1	10	91
1	6	22
8	10	30
3	9	22
0	7	90
0	10	91
5	8	24
2	4	21
0	8	91
0	8	91
0	7	91
0	19	90
4	7	25
4	7	22
0	25	79
0	13	90
2	5	23
3	4	22
4	6	23
3	6	22
2	6	22
0	11	90
1	9	91
0	6	64
5	6	23
4	5	28
3	6	21
0	9	91
0	10	91
0	5	32
0	4	31
2	4	21
7	8	24
4	4	23
3	7	27
6	29	89
6	10	24
0	5	91
0	9	90
2	5	21
5	7	31
4	7	24
3	7	22
3	6	21
4	7	23
8	11	32
5	6	24
2	3	21
4	7	24
3	7	23
0	5	25
6	9	27
1	12	90
8	13	35
23	30	68
4	9	24
7	10	32
8	10	28
5	7	22
7	9	31
8	11	33
6	10	28
5	7	25
0	10	83
3	6	20
2	22	91
0	10	90
8	9	30
7	9	25
5	8	25
0	1	22
5	10	26
9	12	31
4	5	23
3	6	22
0	15	91
0	13	90
3	6	22
6	25	90
5	6	22
2	6	21
1	30	91
3	6	21
2	5	21
9	11	34
0	6	91
0	13	89
2	5	20
5	7	30
7	10	27
8	12	28
2	6	22
25	32	90
27	32	91
2	8	22
0	12	91
3	7	23
5	7	25
0	4	21
0	5	65
2	7	21
1	9	32
1	3	22
3	6	20
5	-1	91
7	9	29
5	9	26
0	6	91
3	4	23
0	21	90
0	21	90
5	8	23
3	5	23
4	5	23
7	10	27
1	7	24
7	14	30
0	5	90
5	9	23
5	9	24
5	7	26
6	5	24
4	6	26
1	2	24
5	7	24
4	9	29
1	7	23
1	4	23
6	9	25
5	9	25
1	11	91
0	10	91
4	-1	91
4	-1	91
3	6	21
5	7	22
6	38	91
8	11	31
2	5	21
0	4	21
0	4	20
0	2	63
6	15	32
4	11	27
5	6	24
1	4	22
6	8	26
4	9	27
6	9	25
3	8	25
2	7	24
4	5	23
8	12	29
6	9	27
6	7	28
6	5	26
5	6	24
5	6	24
0	17	90
3	31	90
2	8	30
3	7	24
2	4	23
7	10	26
6	7	26
3	6	21
3	6	23
6	11	31
1	2	23
6	9	28
0	16	91
0	11	90
5	9	26
1	9	22
1	-1	91
1	-1	91
3	7	21
3	6	22
0	11	90
0	11	90
7	14	30
2	6	23
2	9	23
5	13	30
2	6	23
3	7	24
3	35	90
3	4	22
4	7	23
6	8	31
5	7	25
5	7	25
1	4	21
2	7	24
0	-1	88
7	11	26
6	11	30
7	10	27
3	6	22
3	8	26
4	9	24
4	11	26
10	10	32
3	6	24
4	9	26
4	8	22
4	9	23
4	8	23
6	10	26
6	10	28
3	8	22
2	8	22
6	10	26
5	7	25
4	11	26
5	6	24
3	8	23
0	41	88
2	7	21
4	4	24
4	4	25
4	5	22
3	6	21
2	6	21
0	8	84
1	4	21
5	8	24
7	14	32
6	7	25
2	7	23
6	11	27
2	15	91
3	7	22
5	10	25
7	13	33
3	8	22
19	43	83
4	8	24
4	6	21
4	9	23
10	13	39
3	8	23
4	11	28
5	9	24
4	11	27
6	9	24
5	7	30
4	7	25
1	4	21
0	3	22
8	12	29
6	11	26
1	6	20
4	9	24
3	6	24
1	3	91
4	8	24
3	6	22
7	9	34
7	8	32
9	12	31
10	11	30
4	8	26
4	8	25
4	8	24
5	10	30
8	10	31
3	5	22
3	5	21
2	5	20
7	6	32
0	5	91
0	8	90
3	6	23
8	6	32
7	7	33
3	6	22
0	5	91
4	7	26
3	8	25
8	8	33
4	11	27
5	11	26
3	7	25
10	10	37
6	8	26
1	8	22
3	8	26
4	6	22
4	8	25
8	9	26
7	10	26
4	8	26
7	15	32
4	8	24
3	7	23
4	4	23
6	11	30
2	4	22
12	-1	42
4	8	25
3	7	22
7	10	25
6	7	26
8	11	31
11	12	34
9	10	35
3	6	24
0	11	90
0	7	89
6	8	26
3	8	22
7	9	30
4	10	26
4	9	25
7	10	28
1	6	22
0	3	21
4	7	24
2	6	22
0	11	90
1	7	90
6	8	24
5	8	24
4	8	27
4	7	24
4	7	24
7	8	33
6	8	27
4	10	24
5	10	24
4	9	22
4	10	24
0	8	87
4	9	30
13	14	39
6	7	25
2	6	21
3	9	26
3	9	25
8	9	30
8	12	31
8	7	29
6	28	90
11	15	36
5	8	22
8	12	29
4	7	24
2	4	21
4	8	26
4	6	23
8	7	29
0	22	91
4	8	24
6	10	28
0	6	71
0	11	90
0	8	91
6	5	26
2	8	23
4	7	22
1	22	91
3	4	25
2	4	23
3	8	26
2	6	23
1	7	22
6	8	27
5	9	26
4	6	22
10	16	36
5	6	25
4	7	24
3	7	22
2	7	22
1	25	89
1	5	20
4	7	22
8	9	27
4	9	23
6	8	27
7	8	26
5	6	25
5	6	24
2	4	21
5	11	24
11	15	36
4	11	25
10	13	36
12	13	40
4	8	22
8	8	26
7	7	26
2	7	22
3	4	23
2	8	21
6	12	26
2	5	21
6	10	26
9	14	34
4	8	23
6	9	24
3	8	22
3	8	23
3	8	22
1	5	21
4	7	24
7	8	28
4	10	27
7	10	29
5	10	30
6	7	25
2	7	23
3	7	23
5	10	30
2	8	23
6	8	27
5	9	24
2	7	23
5	10	23
1	11	90
5	7	25
6	6	26
7	7	27
0	2	20
0	13	91
0	18	89
4	10	26
6	11	27
6	10	27
5	8	27
4	7	23
4	7	21
2	4	22
1	5	21
3	5	24
4	27	91
1	6	22
2	9	24
2	3	22
4	8	22
1	21	91
2	5	23
1	3	21
2	6	21
2	5	20
0	10	90
0	16	88
5	8	25
6	10	26
5	9	25
5	8	26
6	10	28
7	7	31
4	5	22
1	6	22
1	6	23
2	6	22
0	4	21
1	5	20
0	5	20
3	6	22
5	6	23
3	7	23
5	7	29
7	10	33
3	24	91
4	7	25
6	9	23
8	12	28
4	6	23
2	7	21
1	7	22
2	8	23
2	7	20
0	6	88
1	5	21
6	8	26
3	7	23
3	4	23
0	4	21
2	8	25
3	8	22
5	8	25
3	8	24
3	7	24
3	6	23
5	7	22
2	8	22
7	9	25
2	6	21
3	8	23
7	7	30
2	5	22
4	9	24
2	7	23
6	8	29
7	9	27
7	9	27
5	10	26
4	9	23
0	5	74
1	5	74
3	9	22
1	4	20
3	5	24
0	12	91
0	9	90
3	9	23
0	11	89
0	10	90
4	7	22
6	6	24
6	7	25
6	10	25
0	12	90
7	9	24
4	10	30
3	7	21
8	11	30
4	10	25
7	12	32
7	8	26
5	7	26
2	6	23
7	8	25
7	8	27
5	8	24
0	5	23
6	7	23
4	9	22
0	20	91
0	20	91
4	24	90
6	10	27
6	9	27
4	9	24
5	13	28
8	9	25
5	8	29
8	11	32
4	4	25
2	3	20
7	9	26
7	10	26
7	11	25
4	9	22
21	31	91
23	29	90
3	7	21
6	8	25
8	8	28
8	9	27
2	5	23
3	5	23
2	5	21
5	14	34
0	4	91
2	5	20
0	10	91
0	9	91
12	16	43
10	14	37
5	9	27
4	8	24
6	9	30
5	8	23
5	8	24
5	9	31
1	27	91
1	26	91
1	27	91
2	5	20
7	7	26
0	26	91
5	6	24
9	11	28
9	12	35
7	11	32
6	11	30
6	7	24
3	10	25
5	9	26
3	38	89
8	28	90
3	6	23
2	7	23
7	12	28
9	11	29
7	12	27
2	5	22
4	8	21
2	6	21
3	8	25
1	20	90
1	9	91
0	12	89
10	13	34
10	11	33
3	5	23
4	7	23
4	8	26
5	7	24
4	8	30
5	9	32
5	8	25
5	10	27
5	10	32
4	9	32
4	10	26
4	7	23
7	10	28
4	8	24
9	13	30
7	8	25
7	13	30
6	8	33
2	8	22
4	7	25
3	8	24
0	4	20
3	6	20
1	2	22
4	22	91
4	8	24
2	6	23
2	7	28
6	8	26
7	9	28
8	12	30
4	8	23
11	13	34
8	13	35
5	10	28
9	11	30
8	11	30
7	8	26
3	7	22
3	7	23
7	11	29
10	14	34
0	8	90
0	11	90
7	11	26
9	8	26
12	14	37
8	8	30
3	7	22
3	8	26
4	6	23
1	6	21
3	9	26
9	9	32
2	6	25
0	3	20
2	5	21
7	11	30
7	13	34
4	6	21
4	-1	91
3	42	91
4	43	91
3	6	21
4	9	24
6	13	31
5	9	30
3	8	25
4	9	24
3	6	22
3	6	23
6	9	25
0	27	90
8	11	31
2	6	21
5	8	25
5	6	25
1	3	23
6	11	33
8	13	30
6	11	30
7	10	26
6	10	27
1	5	22
0	11	40
0	4	40
4	10	28
3	9	23
3	8	22
7	8	28
3	8	23
1	5	23
7	11	32
5	5	24
7	11	29
6	8	25
6	6	23
1	11	91
0	8	91
5	7	29
3	5	23
3	5	24
7	13	29
5	9	23
3	36	91
0	12	91
0	8	91
2	5	21
1	3	21
3	5	22
3	5	22
2	18	51
4	4	26
7	29	90
2	9	28
9	13	35
0	15	90
0	10	91
2	9	23
6	8	25
1	4	25
0	2	22
7	10	28
5	8	23
6	7	25
1	4	26
2	3	20
6	9	25
6	14	34
7	14	29
2	7	22
4	8	25
8	7	29
6	7	26
0	10	91
0	5	91
3	4	23
5	5	22
5	9	28
3	6	21
0	1	66
7	12	30
22	28	91
0	3	21
0	3	22
2	6	21
2	7	32
3	5	22
4	20	91
6	8	26
2	5	21
8	8	30
0	5	20
3	8	25
2	4	21
0	20	90
6	8	25
3	38	91
4	6	23
2	2	22
0	9	79
0	7	86
0	11	91
3	25	91
0	5	21
6	7	25
5	9	24
5	8	25
8	9	28
4	8	23
8	11	34
8	11	32
4	7	24
5	7	24
2	5	21
0	12	91
3	9	30
2	5	20
5	7	24
7	9	29
3	8	30
2	7	22
4	9	25
1	4	21
3	7	22
2	20	91
5	8	24
6	8	26
0	8	90
0	8	90
1	4	20
4	6	21
1	5	21
4	7	21
0	19	90
4	6	24
7	10	25
2	4	23
2	10	22
6	7	24
3	9	22
8	12	31
3	6	23
0	8	91
0	7	91
2	6	21
5	7	24
5	10	30
1	7	90
1	6	91
0	14	90
0	13	91
7	13	29
5	9	23
4	15	29
6	9	26
2	4	21
3	8	30
7	9	28
6	11	24
3	6	27
2	7	20
5	11	26
7	11	30
4	10	25
5	8	26
5	9	26
4	8	25
7	13	30
3	6	26
3	8	22
7	12	29
9	8	31
5	8	24
5	8	25
5	6	26
3	5	26
5	5	26
6	9	26
7	9	26
4	8	24
3	7	22
2	5	22
6	10	29
9	11	30
6	6	26
3	7	21
11	16	38
1	7	30
5	7	26
2	6	24
6	11	27
3	5	22
3	7	24
1	4	24
7	9	25
8	10	30
8	11	30
7	9	27
6	10	26
6	8	24
6	9	24
7	9	28
0	6	90
3	6	21
3	7	25
3	6	22
4	8	24
5	8	24
6	8	23
0	6	90
2	7	21
5	10	25
0	6	91
0	4	90
0	20	91
4	6	25
2	7	25
1	5	91
4	8	23
9	10	30
3	6	20
3	7	23
4	8	22
7	11	30
3	5	22
3	5	20
3	7	32
0	10	90
0	3	89
6	33	89
0	27	91
2	6	22
4	7	24
5	5	25
2	6	25
3	6	30
0	6	90
8	9	31
4	8	22
6	9	30
11	17	46
0	13	89
0	15	91
5	7	22
6	11	25
7	11	26
0	9	90
4	8	24
2	7	22
0	11	91
5	10	27
0	4	20
5	8	24
9	14	35
11	14	36
8	14	30
11	19	40
12	16	36
10	15	32
11	15	33
11	16	36
9	15	33
11	19	40
13	19	41
10	10	30
10	10	31
12	11	40
5	8	37
6	7	35
5	8	33
6	7	37
5	7	32
1	1	29
0	20	91
0	19	90
1	11	87
4	8	28
2	5	21
0	20	90
8	12	32
3	9	25
4	8	29
5	8	26
6	8	26
5	7	27
1	3	22
3	6	22
2	41	90
6	35	90
5	11	26
4	8	23
3	15	90
1	-1	91
6	7	25
6	9	31
6	9	25
5	9	28
0	3	20
0	9	90
0	10	90
4	4	23
0	8	90
1	19	91
2	5	20
3	6	22
1	6	21
0	3	22
4	25	91
0	7	91
0	8	90
5	9	31
4	6	27
3	6	22
6	10	25
6	8	23
5	8	23
3	7	21
3	7	22
6	9	25
3	6	22
7	7	27
7	8	26
8	9	25
2	9	21
9	10	37
5	8	24
8	8	29
7	10	31
5	9	26
5	9	24
3	6	21
7	14	31
3	4	21
7	9	29
3	23	91
9	8	30
8	11	30
2	7	23
3	8	22
11	13	37
4	8	24
3	4	22
8	12	28
5	7	27
4	7	24
3	5	21
3	5	21
5	6	23
9	10	29
3	7	24
3	8	21
5	8	25
5	7	24
5	8	25
5	8	24
4	8	22
10	12	30
3	6	20
7	10	26
10	10	36
2	5	21
0	31	90
3	7	25
5	10	30
7	9	27
7	9	26
7	10	28
4	7	24
1	8	23
2	7	21
3	6	22
5	9	26
4	7	22
7	13	30
7	14	31
4	6	21
4	11	28
1	21	90
3	5	23
3	6	22
7	10	26
6	9	25
3	6	21
3	7	21
2	13	35
5	7	22
1	25	91
4	8	24
7	10	27
3	7	23
3	8	24
7	10	26
9	9	30
0	5	21
1	4	20
5	13	30
1	4	22
0	15	90
1	10	90
0	17	91
3	7	21
6	15	37
0	5	91
1	4	21
3	11	26
4	9	26
3	6	22
3	7	22
4	6	20
6	10	24
2	7	22
4	7	23
5	7	24
6	10	26
3	6	21
4	4	23
4	5	22
2	5	22
3	42	90
4	9	23
2	6	23
12	9	38
6	11	29
6	8	25
3	5	22
4	5	24
4	7	23
3	6	22
8	11	30
5	6	24
5	7	25
5	7	26
6	7	28
3	30	91
6	9	27
6	8	26
6	10	30
9	15	35
5	7	25
3	5	23
0	11	91
6	8	28
6	9	27
5	5	22
1	6	21
0	24	90
10	13	31
1	4	22
2	7	22
8	9	28
2	6	22
3	5	22
0	4	21
6	8	30
3	5	21
4	5	24
1	5	21
6	9	26
1	7	61
1	4	61
3	8	22
5	5	21
1	3	21
2	3	23
2	4	21
3	6	22
8	24	91
8	12	26
5	12	26
3	12	24
7	10	28
3	7	23
7	9	29
9	14	37
3	6	21
0	29	90
5	3	24
2	6	23
3	6	22
2	6	22
0	13	89
0	9	90
0	11	91
6	7	25
6	9	24
0	8	91
0	7	91
6	9	31
0	9	90
0	4	22
0	4	20
8	12	34
8	10	30
36	31	89
37	31	90
3	7	22
3	6	25
5	8	25
5	8	25
4	9	24
5	7	24
8	12	27
1	5	22
7	10	29
2	5	22
9	8	29
1	11	91
0	-1	90
7	12	28
1	6	23
8	8	31
0	8	91
0	14	90
2	5	21
1	5	22
3	5	22
6	9	25
5	8	25
4	10	25
0	15	91
1	2	20
1	2	21
3	6	22
4	6	22
3	5	21
4	8	23
2	4	22
3	31	90
4	8	23
3	4	22
0	3	22
2	7	23
0	3	22
3	4	22
0	11	89
0	2	43
3	9	21
4	6	24
4	7	24
4	4	22
7	10	28
6	9	25
7	9	28
5	11	31
6	10	32
3	7	20
1	2	21
5	7	23
2	4	22
3	8	24
0	18	91
5	6	23
5	6	23
2	6	24
3	6	21
0	13	91
0	8	89
0	5	90
6	10	31
5	5	23
1	5	20
4	7	22
0	9	86
0	17	90
9	8	30
2	4	22
4	6	22
2	5	22
0	11	89
0	-1	91
0	7	90
8	12	31
1	9	91
4	6	24
8	12	34
0	7	91
3	4	22
5	7	24
8	13	34
5	10	24
2	6	22
3	10	25
2	6	20
1	17	90
2	6	20
0	1	91
0	12	90
4	8	22
3	8	21
4	10	30
11	12	34
1	2	21
1	6	22
6	8	26
2	7	21
0	1	91
0	2	91
2	9	28
5	6	24
6	23	90
0	19	89
6	7	25
5	10	25
5	9	33
2	8	23
5	8	22
3	7	25
8	10	31
7	6	25
2	24	88
3	7	24
2	6	20
2	5	21
4	9	25
4	23	89
3	32	90
7	12	31
1	4	22
5	9	23
2	9	22
3	6	24
5	6	24
5	37	90
4	6	21
4	10	31
4	7	23
3	6	21
4	8	24
2	5	21
3	8	28
3	9	26
2	6	23
3	7	22
9	13	33
4	8	25
5	12	33
3	7	30
2	6	21
3	7	20
7	9	31
8	11	32
9	13	34
7	9	26
8	10	28
9	10	32
8	10	30
7	39	90
2	37	90
0	38	88
4	6	23
3	10	30
2	3	22
1	7	50
4	7	22
7	11	26
6	8	25
3	5	22
5	16	31
4	9	28
5	6	23
2	7	21
3	9	24
2	7	22
7	13	31
2	5	23
7	8	26
3	10	26
2	3	22
0	30	90
5	7	24
1	6	22
5	10	26
6	9	25
3	9	24
4	9	28
9	9	34
5	9	27
0	18	90
2	5	20
7	10	26
0	11	91
0	9	90
5	10	31
5	9	30
2	7	22
2	5	23
1	4	21
5	31	91
3	6	22
8	12	31
3	6	26
4	6	24
4	7	29
0	8	91
0	8	91
6	9	27
8	11	28
2	4	24
2	6	22
7	8	24
8	10	25
4	8	24
0	7	90
8	10	26
1	3	23
2	3	21
5	9	26
2	5	23
2	5	21
6	8	24
3	8	21
4	9	22
4	8	21
2	6	23
2	9	32
10	12	32
3	8	27
0	26	91
6	10	24
5	8	23
5	9	28
4	7	23
4	10	25
5	9	26
4	8	23
0	13	90
0	-1	91
4	9	24
3	5	22
3	7	24
5	7	25
4	6	23
3	8	21
4	8	21
7	11	32
3	8	25
3	4	25
7	8	34
1	4	20
0	6	91
0	9	91
6	8	30
6	10	27
1	5	20
5	10	26
7	10	26
7	9	29
1	26	91
2	7	23
2	5	24
4	8	24
5	5	23
6	9	25
2	7	24
2	4	21
4	6	23
6	10	26
2	6	22
1	6	23
4	9	25
1	5	22
4	7	23
8	11	34
3	5	23
7	11	28
7	9	27
6	8	24
3	8	23
6	5	24
5	5	25
5	8	24
4	8	23
9	14	35
3	7	22
0	3	22
3	10	27
6	10	31
4	6	26
3	8	23
2	4	21
3	5	21
5	7	25
0	7	90
9	12	32
5	7	23
1	22	91
6	9	25
7	9	25
2	6	22
4	9	31
12	12	40
5	7	25
10	14	32
6	7	30
3	8	21
3	7	21
6	11	28
4	8	24
1	8	20
5	11	30
5	10	26
5	7	23
9	10	30
7	11	33
5	8	24
4	9	27
8	10	30
9	12	29
5	8	26
4	25	91
5	9	26
3	7	23
2	7	21
6	10	31
7	7	24
7	12	28
6	10	25
8	12	27
2	5	21
3	6	21
3	7	22
6	8	26
5	7	26
3	4	25
1	7	20
2	3	21
4	9	23
3	8	24
3	6	23
4	10	23
8	12	32
7	10	32
0	10	91
0	6	90
0	11	91
0	10	90
1	7	91
0	22	91
0	9	90
0	7	90
0	18	90
3	6	26
2	6	23
5	8	23
3	7	24
3	7	23
1	9	89
1	8	91
4	5	22
5	4	23
2	5	21
3	6	22
1	5	21
2	6	21
9	11	32
0	38	91
3	10	32
2	25	90
0	13	90
2	3	26
0	8	91
0	13	91
1	4	21
29	32	88
30	33	91
28	33	90
0	5	21
0	3	23
0	3	22
2	6	25
0	16	91
0	15	90
3	4	22
3	6	21
1	4	24
2	5	21
4	7	30
0	5	23
8	31	90
4	7	23
1	4	22
9	9	29
5	8	24
8	14	36
2	6	22
0	26	91
4	6	23
4	8	24
4	11	28
3	5	24
2	5	22
3	9	21
6	8	27
5	5	25
0	11	89
0	12	91
6	10	32
3	7	23
4	6	23
9	11	36
7	9	31
2	5	31
1	3	23
2	5	21
4	9	25
4	8	24
0	11	90
1	3	21
4	4	22
1	4	21
3	6	22
3	6	22
4	24	91
6	10	26
6	10	26
6	9	25
5	9	25
0	5	91
0	10	90
0	8	90
0	10	91
2	6	23
4	12	31
3	10	24
10	12	32
4	12	34
6	9	25
4	23	91
0	13	91
0	13	90
7	13	33
3	6	25
4	4	22
0	21	91
0	22	91
3	8	20
6	8	27
8	11	31
5	5	24
2	7	22
2	6	22
1	3	21
2	8	21
0	12	74
3	17	89
4	7	25
4	7	25
3	6	23
2	8	24
7	8	24
8	10	31
4	4	24
4	7	22
4	9	24
4	8	22
2	4	21
0	11	90
4	7	23
0	8	90
4	8	25
4	-1	90
0	15	91
7	13	27
2	14	91
6	7	26
5	10	26
7	4	33
4	23	91
6	25	91
6	9	28
2	4	22
1	10	91
1	13	90
0	12	91
5	8	28
7	9	30
0	8	91
0	11	91
4	8	25
2	9	30
4	5	25
7	9	28
3	5	21
3	4	21
2	8	22
7	9	26
4	5	24
5	10	31
6	8	31
4	6	24
3	6	25
4	7	26
4	11	31
3	6	24
5	10	30
4	10	27
6	8	27
4	9	26
4	5	22
7	10	27
10	14	31
7	11	28
8	10	27
8	10	29
8	12	31
6	8	26
8	10	32
8	10	31
8	9	27
2	7	20
3	11	27
6	8	24
2	7	21
0	3	21
0	13	91
0	13	91
0	7	91
11	41	91
4	9	25
1	1	22
2	1	21
3	7	23
6	7	32
7	6	26
5	9	24
2	5	22
0	9	90
0	6	90
0	12	90
8	12	28
0	11	79
0	6	91
8	13	32
0	25	82
6	7	23
5	6	22
5	11	27
6	10	25
6	9	24
1	7	20
7	10	27
4	5	22
0	20	91
2	5	25
4	8	23
5	7	22
3	6	22
3	5	21
7	11	31
5	7	27
3	8	24
1	12	25
5	7	30
2	5	21
0	3	22
0	2	91
7	12	31
0	9	90
0	6	91
3	8	23
3	7	21
3	8	23
7	10	26
7	9	25
7	9	25
7	9	25
9	30	90
4	7	26
3	7	33
6	12	26
5	7	24
7	10	26
5	10	25
4	10	25
7	13	30
8	13	30
9	9	27
10	10	32
5	8	26
0	28	91
5	8	23
0	7	90
4	7	25
6	8	30
5	8	30
4	8	24
4	10	30
6	8	27
6	10	31
5	9	26
7	12	30
0	11	90
0	12	91
1	5	91
0	24	90
6	9	25
6	12	31
5	13	30
5	8	27
4	9	27
0	7	60
0	7	60
0	11	91
7	8	25
8	8	28
2	5	22
6	10	27
4	7	21
3	9	23
0	10	90
1	5	20
4	6	22
20	24	75
3	5	22
3	5	22
3	7	24
3	6	22
2	30	91
0	2	37
4	7	26
6	11	28
6	10	26
4	10	30
0	12	82
3	9	23
6	9	24
4	8	21
1	3	22
7	10	29
3	6	23
4	7	24
0	10	90
0	7	90
10	7	31
1	4	21
3	5	22
6	6	26
0	22	90
6	7	23
2	6	22
4	8	26
7	10	27
5	9	26
6	9	25
3	6	23
6	13	29
6	8	27
6	9	25
2	6	21
4	6	21
11	14	32
10	11	35
3	39	89
2	36	82
2	6	22
1	18	91
3	6	22
4	8	25
0	8	91
4	7	24
5	9	31
7	10	34
5	11	30
1	5	22
4	8	25
3	6	23
0	3	76
7	12	32
22	31	90
5	7	24
4	10	25
1	-1	90
3	7	24
2	7	22
2	5	22
0	12	91
8	13	32
4	6	24
6	10	24
5	10	26
8	11	30
6	8	23
7	14	30
3	6	23
2	6	22
2	6	21
7	10	30
9	7	33
2	5	90
4	7	25
3	6	24
6	8	23
1	25	90
6	9	26
2	5	21
2	6	21
0	31	91
5	8	23
3	6	23
3	6	21
2	5	21
6	8	30
0	4	89
5	9	25
3	6	21
3	8	27
4	10	24
4	8	26
8	10	29
6	10	28
5	9	25
5	9	25
1	3	21
4	7	25
6	9	31
3	7	24
7	12	29
5	5	24
3	5	23
3	5	23
2	4	23
10	12	29
6	10	25
4	5	24
2	7	24
3	6	21
6	7	26
7	8	27
5	8	28
5	7	27
5	8	27
5	8	26
10	15	37
33	39	90
27	35	90
26	35	91
0	22	90
1	4	22
1	3	20
0	8	91
3	8	23
7	11	28
4	7	24
29	30	90
0	9	91
0	9	91
3	5	22
4	5	24
3	8	22
0	-1	67
1	2	22
3	8	23
0	13	88
0	13	90
2	4	24
2	5	23
3	8	22
6	11	31
5	9	23
3	7	22
4	8	23
5	11	28
3	7	26
3	6	24
3	6	23
3	7	22
4	7	23
4	9	29
3	7	25
1	6	20
0	12	90
1	15	91
2	6	23
7	6	25
6	6	24
5	7	25
3	33	90
2	8	25
3	6	21
2	7	21
2	7	21
0	34	90
0	11	91
2	40	87
2	3	23
2	5	23
2	5	23
3	6	24
2	7	25
3	10	26
5	10	26
2	10	22
10	11	33
9	13	34
7	10	30
7	8	24
8	10	32
7	12	26
7	10	25
3	7	23
8	12	33
4	8	23
6	8	25
6	8	26
0	10	90
4	8	24
0	8	90
0	12	91
0	5	90
0	7	90
6	6	25
9	10	32
3	7	22
7	9	26
2	7	23
0	13	91
0	13	90
6	9	27
1	-1	91
0	4	23
1	3	22
0	4	21
14	31	91
8	17	52
4	5	22
5	6	24
2	10	26
5	8	25
3	6	23
5	11	26
2	38	90
6	8	25
6	10	25
6	9	25
4	8	24
3	8	24
4	7	23
5	6	25
5	7	24
2	4	22
2	5	22
0	15	87
1	6	20
5	7	27
5	8	23
8	12	33
10	11	32
10	12	32
7	12	29
4	8	30
5	8	22
3	6	23
2	7	21
6	8	25
3	6	22
6	12	26
4	10	23
7	8	25
0	-1	77
1	3	77
0	13	91
3	8	23
5	10	29
8	9	25
5	10	30
5	9	30
3	10	23
10	13	33
9	15	35
3	9	22
0	12	91
3	9	24
6	9	25
3	9	25
4	10	25
4	8	23
3	7	24
3	6	23
4	7	23
6	10	28
6	34	90
3	6	24
4	9	22
4	8	30
2	6	22
2	6	21
2	6	20
0	10	90
5	11	28
3	-1	91
5	6	26
4	8	25
3	7	23
2	6	23
4	8	26
0	12	89
0	15	90
1	8	22
1	7	22
4	6	23
1	13	91
0	6	89
0	8	91
0	19	91
1	1	23
3	5	20
5	10	30
6	6	23
5	6	23
3	7	24
6	8	25
5	7	25
5	7	24
4	6	22
0	11	91
0	13	91
4	7	25
4	8	24
0	30	91
0	29	91
5	6	24
0	9	90
4	7	25
3	6	21
0	3	22
0	8	91
0	9	90
0	21	91
9	10	32
0	14	90
0	5	89
0	5	90
8	9	28
7	10	29
4	3	23
1	3	22
4	8	24
0	2	23
6	7	26
0	6	89
0	6	91
0	4	21
2	9	90
0	4	22
2	6	23
1	6	22
3	5	23
1	2	91
0	7	91
6	8	24
5	7	26
2	6	22
2	3	21
4	5	26
4	7	23
6	9	26
6	9	25
3	7	24
4	9	30
9	12	32
3	7	24
3	6	24
2	6	21
5	-1	91
7	12	29
8	10	32
6	10	30
7	10	28
9	13	31
5	14	30
5	10	27
4	10	25
4	6	22
8	12	34
0	1	91
6	12	32
6	13	30
8	13	30
7	12	29
2	2	22
6	9	26
0	11	91
0	7	90
6	8	27
4	8	24
4	7	21
2	5	21
6	13	28
0	10	90
1	16	91
4	10	28
5	8	26
4	7	25
5	6	26
0	6	90
0	2	88
8	9	36
4	6	21
7	9	26
5	7	24
0	4	21
7	10	29
6	12	26
0	4	21
1	6	20
0	-1	90
0	9	91
4	5	24
7	6	28
6	5	27
7	8	29
8	8	31
0	11	91
3	4	20
4	4	22
7	11	32
0	27	91
1	7	22
2	7	21
9	12	30
5	9	24
4	9	23
7	9	33
4	6	26
3	5	22
4	8	25
1	21	90
0	22	91
6	7	24
9	10	29
7	8	30
7	8	29
4	5	25
2	7	22
2	4	91
0	35	89
0	11	91
0	8	91
7	5	25
5	10	30
3	8	26
3	6	25
3	5	22
3	5	20
2	6	26
0	7	90
6	8	26
5	5	25
2	6	21
2	7	24
2	6	23
2	5	22
1	6	20
2	3	20
5	7	27
4	8	24
2	7	23
0	10	90
0	13	91
5	8	24
2	4	23
2	6	23
1	3	20
3	6	21
0	12	91
3	7	23
3	8	24
1	6	22
2	6	23
3	3	23
9	10	31
3	4	21
5	9	26
3	14	90
19	19	62
3	10	23
4	5	22
2	5	22
3	8	22
3	6	22
5	7	25
7	8	31
4	5	20
19	20	68
3	5	21
3	8	22
0	10	91
0	6	91
5	7	24
1	3	21
3	6	23
2	5	21
2	6	20
2	4	22
20	39	91
4	8	24
0	1	88
2	3	21
8	10	30
6	8	27
3	6	23
5	6	26
6	7	23
1	4	21
2	4	20
10	13	29
8	11	30
8	11	32
9	12	33
0	10	91
0	8	91
3	7	23
5	7	25
4	7	24
5	9	25
3	5	22
3	7	21
10	13	36
12	15	36
4	8	30
4	10	30
3	7	24
3	9	26
0	8	90
0	8	91
5	8	28
5	9	24
9	13	32
9	12	31
0	6	91
0	7	91
4	10	26
6	8	24
3	8	22
1	8	21
6	7	22
9	14	32
0	3	39
10	10	36
8	6	32
3	7	22
4	8	24
5	6	23
6	10	32
0	38	90
4	5	24
3	9	24
3	8	23
2	6	21
2	7	20
3	8	22
1	6	22
0	6	91
0	18	91
0	11	91
3	7	24
3	5	22
5	6	24
6	7	24
3	5	24
3	4	22
1	9	91
1	9	91
5	9	25
5	9	26
4	5	23
1	3	21
1	3	20
0	14	91
8	10	26
7	10	26
8	7	28
1	3	21
2	3	21
7	9	26
3	8	24
3	7	24
4	6	23
1	2	22
6	6	27
7	7	25
5	10	33
0	4	91
4	8	26
5	8	27
10	14	36
2	8	22
6	9	26
5	8	25
3	7	23
4	8	23
4	8	24
3	7	20
0	6	91
0	7	89
4	6	23
4	8	23
0	11	91
6	11	30
6	13	33
0	9	91
1	3	20
3	7	26
3	7	25
0	31	89
0	7	91
2	5	22
3	8	22
3	4	21
0	2	21
7	6	26
4	7	24
8	10	29
4	7	24
7	10	31
7	13	30
9	13	33
3	7	23
2	5	21
2	7	21
2	8	23
3	10	23
5	9	24
4	9	24
12	15	38
5	4	25
5	6	25
6	9	25
7	8	24
6	7	26
3	6	22
0	23	36
6	7	26
6	9	30
7	11	30
2	4	22
2	5	20
4	11	28
5	5	25
8	11	27
3	5	22
3	6	23
2	7	23
3	24	89
7	7	28
6	12	30
1	5	20
6	9	25
6	8	25
1	6	22
0	6	91
0	6	90
4	7	23
8	8	29
6	7	25
6	8	25
4	29	91
4	30	91
10	12	33
5	6	27
6	7	26
3	6	23
3	9	25
7	10	26
11	14	33
2	7	22
4	11	25
5	9	24
6	10	25
3	8	23
1	2	20
8	13	27
3	7	24
3	9	22
3	8	21
0	39	90
0	5	22
2	4	21
6	8	24
3	8	24
5	9	25
5	10	25
7	11	27
2	6	22
5	39	86
6	6	24
5	10	30
6	11	27
4	6	22
2	6	21
6	11	25
3	12	32
7	7	25
5	7	24
5	7	24
2	5	22
1	4	21
0	5	82
0	17	90
1	36	91
3	5	23
2	3	23
5	8	25
4	9	24
5	7	26
3	6	21
2	6	22
2	6	22
2	6	21
5	10	25
5	11	31
5	11	33
5	11	31
5	10	24
4	5	22
9	12	32
1	5	20
0	8	89
3	30	91
4	11	26
4	10	24
5	10	25
4	9	25
6	8	26
4	4	24
3	7	24
5	7	26
7	9	30
7	8	27
7	8	25
7	8	26
8	9	31
5	8	28
1	4	21
3	9	24
7	10	24
9	14	36
8	11	34
9	10	32
7	11	30
8	11	30
2	6	21
2	7	22
4	9	25
1	6	20
3	6	22
1	38	90
6	10	28
6	10	34
4	11	28
0	1	77
8	10	32
12	20	41
2	4	21
1	5	22
5	6	25
4	28	90
4	5	24
5	9	30
4	8	26
0	10	91
0	10	90
6	7	26
2	5	23
2	5	22
2	5	21
8	11	31
8	13	30
7	15	30
9	11	33
4	8	24
5	8	28
3	8	24
0	12	91
0	17	91
1	5	20
6	8	28
4	7	24
4	6	24
0	26	90
9	13	31
8	11	27
0	12	90
5	12	26
1	7	25
3	7	24
7	12	27
7	11	33
9	11	31
9	12	28
0	16	90
5	9	28
5	9	26
0	10	91
2	2	20
8	12	33
8	8	25
9	10	35
4	5	24
2	5	22
5	13	27
4	10	27
3	8	25
1	6	21
3	8	23
3	8	23
3	8	25
3	10	23
5	11	30
6	13	28
7	12	33
1	3	21
6	7	24
4	6	23
3	6	23
8	11	26
3	6	24
0	12	91
0	11	90
7	8	26
6	7	25
5	8	34
3	6	24
2	5	23
10	11	31
6	7	24
5	5	25
10	13	33
3	8	22
5	10	31
8	11	32
5	9	25
5	9	24
2	5	20
6	10	27
1	5	22
5	11	26
5	7	24
3	6	22
4	7	25
8	11	32
8	11	31
8	10	30
4	5	25
7	8	24
2	7	20
4	-1	90
4	4	23
2	10	21
6	13	32
3	6	22
2	5	23
4	7	24
0	9	91
0	7	91
2	10	26
1	5	21
2	5	21
4	5	23
0	30	91
1	4	21
0	25	90
3	6	21
11	13	37
9	16	35
10	16	38
10	15	36
9	15	33
5	9	33
4	7	26
3	7	25
3	7	24
3	8	22
5	10	25
5	9	27
5	9	22
2	4	21
4	9	27
6	8	23
3	21	91
5	9	25
5	-1	91
4	-1	91
2	6	22
4	7	24
3	7	22
0	8	90
0	14	91
8	10	28
1	3	22
0	0	22
3	6	24
2	5	23
3	6	23
2	5	22
5	9	27
4	7	24
7	9	33
4	4	23
4	8	24
4	11	27
1	4	21
7	10	35
2	5	21
1	2	21
1	12	91
0	12	91
5	8	26
4	8	21
0	16	90
2	5	20
4	7	24
5	8	23
4	8	23
3	10	23
3	8	28
6	8	32
3	6	22
6	12	32
0	8	91
0	8	90
9	11	35
8	10	31
3	8	24
4	5	24
6	7	25
3	9	22
3	8	23
5	7	24
8	9	30
6	12	32
8	11	29
6	9	27
6	12	31
8	10	30
6	9	25
5	7	24
5	6	24
4	-1	91
4	7	24
4	8	24
5	12	32
5	8	27
7	6	29
8	9	28
7	9	28
6	9	26
7	8	25
7	9	28
7	9	27
1	13	90
1	21	90
7	13	34
5	8	22
2	5	23
2	6	21
2	7	22
5	10	26
8	9	31
6	10	30
0	39	91
3	6	23
8	13	37
9	12	35
10	12	35
10	12	33
8	9	31
8	12	32
5	5	23
7	10	33
4	10	26
9	10	30
0	30	91
7	10	27
3	7	23
0	2	22
0	2	21
0	11	91
0	10	91
2	5	20
4	9	26
2	3	21
0	6	88
0	7	91
2	6	22
5	9	25
2	6	22
4	7	22
0	2	88
6	8	25
4	4	24
0	8	91
5	10	30
6	10	29
5	8	25
0	14	91
0	19	90
0	18	90
0	2	20
4	10	24
2	6	22
2	5	21
1	11	91
0	9	91
0	-1	90
6	11	31
0	25	90
3	10	24
1	2	21
3	4	21
3	5	21
3	5	22
5	7	25
8	13	36
3	4	21
7	9	26
4	11	27
6	12	27
0	5	89
0	9	91
7	8	26
3	6	23
0	17	91
0	14	90
4	9	24
5	10	32
0	6	77
7	10	34
13	12	37
7	10	25
8	11	26
2	5	21
7	12	28
6	10	27
6	8	27
1	5	21
5	9	25
2	37	90
3	37	90
2	37	87
0	38	90
2	39	90
1	38	90
2	37	90
2	36	89
9	9	31
6	9	25
6	10	32
5	21	87
4	10	25
4	5	24
6	9	26
8	11	33
8	11	30
11	11	34
6	7	23
1	11	87
10	11	34
4	7	24
0	13	90
2	5	22
2	6	23
3	7	24
4	6	24
5	6	25
0	7	89
0	7	90
0	33	77
4	8	23
3	8	24
2	6	21
3	7	23
3	6	22
3	7	23
2	6	21
9	12	32
8	10	27
7	11	28
4	8	23
5	8	24
4	7	34
7	12	29
6	10	26
5	9	26
1	4	20
4	8	22
3	5	24
4	6	22
2	33	91
1	4	20
1	4	21
6	9	26
4	6	23
5	12	30
8	10	26
4	7	21
4	10	26
9	11	28
7	11	30
6	8	24
2	6	21
2	6	23
1	3	22
3	9	24
3	9	23
8	9	26
4	8	22
0	17	90
0	8	91
2	7	21
5	8	25
4	9	25
6	12	30
4	10	24
4	8	26
1	4	21
7	9	26
6	8	31
4	10	26
2	5	21
7	9	26
7	11	25
5	4	24
0	31	87
0	30	91
6	9	27
5	7	30
3	5	25
4	9	24
3	8	24
4	8	24
1	3	21
4	6	22
0	5	21
6	9	25
7	11	29
6	12	30
5	8	25
5	8	24
6	9	31
3	25	91
8	13	34
2	6	23
2	7	23
5	8	24
8	11	28
8	11	28
4	6	23
3	8	25
8	12	35
7	12	30
5	7	25
6	8	28
13	18	40
11	16	36
5	9	23
7	9	27
2	6	24
0	36	90
0	9	90
0	7	90
8	11	30
34	34	87
3	5	26
0	5	22
3	4	22
8	10	28
9	14	34
5	7	25
3	6	22
2	6	21
3	8	22
8	11	34
10	9	34
9	9	35
3	7	22
5	8	23
4	10	25
4	5	23
7	11	32
6	7	26
9	15	32
10	7	30
8	9	26
8	12	29
2	5	21
3	7	24
3	7	24
7	9	32
6	8	27
5	13	29
4	9	26
2	5	21
4	6	23
2	23	91
5	9	28
5	9	27
8	11	29
7	12	28
3	5	21
3	9	22
4	7	22
4	6	23
4	10	24
0	2	21
7	12	35
10	12	32
0	12	91
0	6	91
3	7	21
0	11	91
4	11	27
5	6	24
2	6	21
8	13	28
7	11	28
5	7	26
7	12	30
8	13	32
0	9	91
0	10	91
7	9	29
6	9	28
1	8	90
3	7	24
9	11	29
5	8	31
7	10	28
0	4	64
0	10	90
1	10	90
5	9	25
0	14	90
0	18	91
2	6	21
4	7	26
5	9	25
0	15	90
0	10	90
4	6	23
0	4	21
1	5	21
5	8	30
0	10	90
0	11	90
6	11	25
3	5	23
3	5	24
6	8	27
8	11	34
0	18	83
3	7	30
0	4	91
0	8	91
4	7	23
3	8	23
0	9	91
0	9	91
6	8	26
3	9	22
10	41	91
6	7	30
5	9	25
3	6	21
4	5	25
0	15	90
5	8	26
5	6	22
8	10	31
2	6	21
9	11	28
6	9	26
3	6	23
4	6	24
7	8	25
7	9	29
3	5	23
3	5	22
5	8	24
2	6	20
5	7	26
4	6	22
8	9	25
7	11	30
4	8	24
4	7	25
3	6	21
4	7	22
5	30	91
7	10	29
0	2	22
2	7	21
0	1	21
7	12	30
7	12	27
0	2	22
9	13	32
9	13	31
9	12	30
1	3	20
5	8	25
3	4	24
4	6	25
3	5	24
4	7	27
4	7	26
4	9	26
5	7	27
9	15	33
11	19	43
7	11	33
3	6	22
5	4	23
9	9	35
4	5	25
9	9	31
0	8	34
7	11	29
6	9	26
8	11	30
1	6	21
5	8	23
1	23	91
3	7	21
2	6	20
2	8	23
9	14	29
3	5	22
3	7	22
0	4	21
0	6	40
2	6	22
3	6	23
6	8	27
4	9	25
2	4	21
5	5	23
1	2	26
2	2	23
3	41	90
6	11	30
7	11	30
4	8	26
2	4	21
1	4	20
5	24	90
3	5	22
3	6	27
3	9	27
3	6	23
6	11	34
0	-1	91
3	9	23
2	6	22
2	9	22
2	6	22
0	6	91
0	6	91
5	8	25
0	2	22
0	2	21
0	4	22
1	6	23
1	4	20
2	6	23
4	7	21
0	9	91
1	3	21
2	5	20
4	8	22
7	10	30
8	9	31
7	11	31
1	7	22
8	13	35
8	10	29
0	12	90
0	8	90
1	25	91
0	25	91
0	-1	91
1	38	91
3	8	24
0	5	91
1	5	89
1	5	21
4	11	30
6	7	24
4	16	89
3	-1	90
7	9	29
0	4	91
0	4	90
6	9	24
2	6	23
1	2	22
3	8	24
5	10	27
2	7	21
4	9	25
0	13	91
0	7	89
5	7	27
10	10	30
0	19	90
0	9	91
0	10	91
3	7	24
5	6	24
11	17	40
1	5	20
0	27	90
0	23	84
4	8	31
1	29	90
5	7	24
3	4	23
4	27	90
0	4	20
0	14	91
0	13	90
3	9	26
0	10	89
0	10	91
4	10	26
1	2	30
0	4	30
8	13	27
8	12	26
3	7	26
5	8	23
5	7	23
4	8	23
5	9	24
3	7	22
2	9	21
2	4	21
7	11	28
0	28	90
9	27	90
0	-1	88
6	7	25
0	13	90
0	10	90
2	4	21
9	31	89
4	7	22
2	9	23
2	7	22
8	12	32
9	11	31
3	6	22
1	5	22
6	8	27
6	10	29
7	10	27
6	9	27
3	-1	91
3	6	22
6	5	26
3	8	22
2	4	20
5	9	25
3	7	22
4	9	23
6	7	23
6	11	31
6	10	26
0	9	68
8	13	32
9	11	32
8	14	33
8	12	31
5	9	26
2	5	22
2	5	21
2	5	21
4	7	24
3	7	22
3	8	23
3	8	24
3	8	26
3	8	23
5	5	24
3	12	25
0	10	91
4	5	23
6	9	27
0	5	21
5	8	23
0	10	90
4	6	23
4	5	29
0	-1	86
0	14	86
3	5	21
4	9	30
6	8	28
6	7	27
7	9	31
6	9	32
7	9	31
5	8	30
7	8	30
5	7	27
4	5	22
0	16	91
0	15	90
3	6	28
5	8	24
4	6	21
0	2	20
1	3	21
0	2	20
1	13	91
1	13	90
2	8	21
10	15	37
7	10	31
6	13	31
3	3	21
2	6	21
2	6	22
5	7	25
8	7	28
2	7	23
5	7	23
8	9	33
9	11	27
5	9	25
3	6	22
3	8	22
1	10	89
0	13	90
4	8	25
1	6	23
9	12	32
4	8	24
3	6	23
7	12	29
1	7	22
8	11	31
4	8	25
6	6	25
3	3	23
7	12	30
1	7	21
5	5	25
0	20	87
4	8	25
2	6	21
2	5	22
4	8	22
3	-1	91
6	-1	91
2	3	22
3	9	24
8	11	34
2	6	24
3	7	23
4	5	21
5	9	31
39	24	88
3	5	23
4	5	22
0	10	90
0	7	91
7	10	31
0	28	90
7	6	31
4	5	23
2	7	22
6	11	27
7	11	27
3	6	22
6	10	30
0	14	90
0	1	22
0	2	21
1	2	21
2	5	23
6	7	25
4	6	23
6	6	23
0	25	91
2	8	24
4	7	22
4	8	25
4	6	23
6	9	26
6	7	26
3	6	24
5	9	24
3	12	25
6	7	26
4	8	26
5	8	27
5	8	22
0	11	91
1	3	20
6	7	31
4	7	32
4	8	31
3	5	23
1	21	91
2	5	22
3	7	23
1	-1	91
2	4	20
3	6	21
0	8	89
5	4	22
4	8	25
0	10	91
0	9	90
2	4	21
3	7	24
8	14	31
4	6	23
5	6	27
6	9	26
0	9	90
6	11	30
5	7	24
5	7	23
5	7	24
11	12	37
8	9	30
2	8	22
4	10	31
3	8	28
2	7	22
1	6	21
0	12	90
0	5	91
4	6	25
2	7	23
3	9	26
0	11	88
6	8	32
6	10	27
1	14	90
1	11	91
4	8	22
4	6	24
0	7	89
0	9	90
5	8	32
0	13	90
0	3	91
0	6	91
0	9	91
2	6	21
0	4	42
0	6	45
0	11	90
3	24	91
1	7	47
3	10	25
4	9	26
4	9	23
2	9	24
10	12	36
8	12	35
2	6	21
3	7	24
8	11	32
7	8	30
4	11	30
8	10	32
2	21	91
2	21	89
1	5	21
2	7	25
3	8	21
4	8	30
2	5	23
3	27	91
0	27	91
0	8	91
2	7	25
3	6	25
2	6	21
4	7	24
1	4	22
3	5	24
0	23	90
0	9	90
0	7	91
0	9	90
5	10	32
5	8	27
5	8	27
2	6	22
5	7	23
3	4	23
3	7	24
5	7	30
3	4	22
0	13	91
22	27	71
6	9	32
3	7	25
1	8	22
3	7	22
4	6	25
4	8	24
3	9	23
0	13	89
0	16	89
3	8	24
0	8	21
7	12	29
1	38	90
7	12	25
5	8	22
10	11	36
0	9	91
0	3	22
10	11	30
4	5	22
0	0	91
0	0	77
0	0	78
0	2	91
2	4	21
3	5	20
4	9	26
4	8	23
4	9	23
5	9	25
4	10	26
4	9	27
4	9	26
3	12	27
8	8	32
4	6	24
4	6	23
2	7	23
6	7	26
3	6	24
4	7	25
6	9	27
4	11	30
8	12	35
10	11	37
6	9	24
3	5	24
3	6	23
2	6	22
1	5	20
6	10	27
8	9	33
7	9	29
4	9	26
3	5	20
10	16	36
10	14	36
12	18	44
10	16	38
12	17	38
10	15	34
9	15	33
9	14	32
2	6	21
4	7	24
5	7	26
0	10	91
6	8	25
7	9	28
6	8	26
8	14	36
6	6	26
0	14	90
0	11	91
3	9	21
9	10	31
1	3	23
0	11	90
0	-1	90
1	5	22
4	6	23
5	14	91
2	8	88
3	5	91
2	4	20
4	6	31
2	5	21
2	4	22
2	3	21
0	1	22
4	8	25
3	9	24
4	9	25
3	7	25
3	7	25
2	4	22
0	6	60
3	7	23
4	8	23
3	8	22
1	23	90
1	7	23
0	10	91
0	7	91
2	9	22
2	7	21
1	6	21
6	8	25
5	7	27
16	18	59
0	15	91
0	12	91
3	6	22
3	5	21
0	8	90
3	5	25
7	10	28
0	10	88
6	10	28
2	4	21
4	8	23
0	3	54
0	7	90
6	8	25
3	7	26
6	7	26
1	3	22
2	5	22
4	8	24
3	8	23
2	6	21
2	6	20
5	5	24
5	8	25
4	7	30
2	7	30
2	9	23
6	10	24
5	7	23
0	15	91
0	11	91
1	6	21
6	8	24
0	9	91
0	9	91
3	8	23
2	3	20
5	8	24
2	5	21
2	5	20
4	6	24
1	4	23
1	6	23
5	8	25
2	6	25
3	8	23
4	6	24
2	3	24
1	2	22
7	5	27
2	5	22
4	12	32
1	9	83
3	7	25
9	9	37
5	6	24
4	8	26
2	5	22
1	14	88
1	10	90
4	6	24
5	7	24
2	6	23
9	9	27
8	11	28
3	7	21
10	14	32
2	5	21
8	10	30
8	9	30
7	10	26
4	8	25
5	7	24
2	7	22
5	9	26
8	13	28
6	11	29
6	10	26
5	9	26
5	8	24
3	9	23
10	12	29
3	5	21
6	9	26
7	10	26
4	8	25
3	6	21
9	14	34
8	13	30
7	12	29
3	7	24
5	10	24
6	6	24
1	5	21
4	6	24
2	3	20
7	10	26
7	9	31
5	6	26
5	8	28
2	8	24
19	24	51
9	12	30
8	12	32
6	9	27
6	12	26
2	6	21
3	9	27
3	6	21
2	6	22
5	8	24
4	5	23
0	11	90
3	4	24
4	7	22
0	9	90
0	9	90
5	6	25
7	11	31
4	8	24
3	8	25
5	10	26
0	5	91
0	7	91
3	7	27
0	30	91
1	-1	91
6	8	28
7	9	32
21	23	55
1	4	21
6	14	31
0	4	26
1	4	26
1	4	24
1	4	23
1	4	23
6	8	30
3	7	25
4	8	24
5	6	23
5	9	26
1	4	20
4	4	25
0	12	91
0	7	90
4	9	24
3	4	21
0	13	91
0	9	91
8	9	28
11	12	30
10	14	38
11	15	39
12	14	38
11	13	36
10	13	36
10	13	34
9	13	36
3	6	23
10	13	35
0	17	91
0	7	90
7	11	26
7	10	25
0	9	90
1	13	91
0	7	75
3	4	21
0	12	89
0	13	91
30	30	90
8	12	34
8	11	31
1	14	91
1	-1	90
5	7	24
0	15	91
0	10	91
0	20	90
1	10	90
0	13	91
0	10	90
8	11	32
4	7	23
4	7	25
0	12	90
0	9	91
0	10	90
0	9	91
1	8	91
1	13	91
0	15	91
0	8	68
0	12	90
2	6	24
5	6	24
5	6	23
5	5	25
2	6	20
0	15	90
0	12	89
0	-1	91
1	4	21
27	29	91
1	4	20
4	9	22
5	9	25
0	2	90
0	2	90
5	11	30
6	8	30
0	24	91
0	4	22
4	7	23
1	6	22
1	31	90
0	9	91
0	9	91
4	8	24
4	7	27
1	3	21
4	7	22
7	10	25
5	8	25
2	8	23
7	9	27
0	10	91
6	8	30
6	8	24
0	7	91
0	12	91
6	8	24
5	9	26
7	8	27
0	26	91
5	7	26
1	7	26
6	11	30
2	6	21
2	6	20
1	5	20
3	6	21
0	5	85
0	5	85
3	7	23
5	7	23
4	8	27
6	8	23
3	4	25
3	5	23
4	5	25
7	10	30
4	6	24
6	7	26
4	9	23
9	12	31
2	5	22
3	4	22
0	5	91
1	11	91
5	8	25
8	11	33
8	9	31
6	8	26
4	6	23
4	8	26
5	8	27
0	10	91
0	9	90
11	14	39
10	13	35
8	12	34
7	9	30
4	7	20
4	6	25
1	-1	90
0	8	90
5	7	25
6	11	27
8	13	33
6	7	26
5	7	24
2	6	21
3	7	22
1	6	21
3	8	24
2	5	22
5	6	23
2	3	23
4	7	24
5	6	24
4	5	22
4	5	22
3	7	22
6	8	26
3	6	23
0	10	91
2	7	21
9	10	32
8	11	33
10	11	30
0	6	77
5	7	26
2	6	21
1	3	22
1	27	84
5	11	26
0	6	89
9	13	35
8	13	33
8	12	31
8	11	30
7	13	30
5	12	32
4	7	24
6	9	25
5	11	30
10	8	27
10	8	26
8	11	29
3	7	23
3	7	21
0	19	84
0	4	91
0	7	91
4	6	30
3	7	24
3	6	23
9	11	35
9	12	35
6	10	26
6	9	25
5	8	23
5	10	26
5	9	25
2	6	23
3	5	24
3	6	22
3	4	23
3	4	23
6	7	27
7	8	27
5	9	27
7	10	28
7	11	31
10	12	33
1	6	20
3	4	21
2	8	22
8	6	32
3	6	21
5	6	26
4	6	26
1	3	20
8	11	31
6	13	30
7	8	26
0	16	91
0	10	90
3	5	22
0	4	90
3	7	22
2	6	32
5	6	21
0	16	90
0	11	91
3	8	22
1	6	21
9	11	33
5	13	31
2	6	22
0	14	91
4	6	24
0	39	90
0	4	20
3	41	91
7	13	30
4	6	23
5	8	25
4	7	21
3	5	21
5	10	26
3	7	23
2	6	22
6	7	24
6	10	30
3	8	21
4	7	30
8	9	30
5	7	26
8	8	45
2	23	91
2	25	85
3	9	23
7	8	26
2	5	21
6	9	30
4	8	25
4	10	30
3	6	21
6	10	32
4	8	25
8	12	29
6	9	26
2	3	22
5	7	26
3	7	24
3	7	23
2	8	24
2	3	23
7	9	26
9	9	34
5	11	26
5	9	22
11	12	33
2	6	22
2	5	23
4	6	25
2	4	22
7	12	31
2	8	22
0	10	91
0	11	91
0	10	91
5	9	25
7	10	31
8	12	32
7	8	32
0	21	91
0	20	91
0	21	91
5	7	25
0	35	91
8	10	31
0	17	91
0	9	91
5	8	33
4	7	30
0	7	91
0	12	90
3	4	20
5	8	26
3	6	21
0	18	81
6	6	25
1	24	90
1	-1	91
4	9	21
4	12	30
9	12	34
9	12	33
0	2	22
1	3	23
2	4	24
4	7	21
4	8	25
3	8	26
3	8	24
10	12	34
12	17	40
10	16	37
3	7	24
3	6	22
3	7	23
3	4	22
4	9	23
3	5	22
0	9	88
2	28	88
5	5	21
2	5	23
5	8	26
4	7	24
5	7	26
4	7	23
4	7	22
1	8	23
4	6	23
3	5	23
1	3	49
2	7	22
2	-1	90
7	14	32
9	11	32
4	7	23
5	8	25
5	8	25
4	8	28
3	6	23
8	12	34
7	11	31
3	6	22
6	7	24
4	7	23
4	8	23
6	10	26
11	13	38
3	13	30
8	7	32
7	12	28
1	18	90
8	11	32
4	8	27
7	8	25
6	8	26
6	9	24
6	9	24
6	7	24
7	9	37
0	4	90
4	7	23
2	8	22
4	11	30
6	10	28
9	14	31
9	11	30
7	11	30
5	10	30
3	5	24
1	25	90
7	9	26
2	5	23
1	4	20
3	8	23
4	9	24
4	8	23
3	8	23
9	10	32
5	11	25
6	10	24
9	12	31
7	12	30
7	9	28
4	5	22
5	5	24
6	7	25
4	8	23
2	-1	91
0	9	91
0	16	90
4	10	24
3	25	91
6	10	30
5	9	24
0	19	91
5	7	26
0	14	91
0	4	91
7	11	30
7	10	32
6	13	30
2	7	22
7	10	32
2	5	21
4	7	24
7	8	29
0	4	78
0	19	91
2	5	20
4	8	27
3	5	21
6	10	23
3	6	25
5	8	26
6	11	33
8	10	33
6	11	30
7	8	31
6	10	30
10	11	34
9	13	34
4	14	30
2	5	22
2	4	20
3	6	22
6	6	26
2	5	22
4	5	22
0	9	83
2	5	22
3	6	22
5	5	22
5	6	24
1	4	22
1	4	23
4	7	24
6	6	26
8	11	31
0	12	91
0	6	91
6	9	25
7	7	31
4	8	22
9	10	28
3	28	90
6	8	26
4	8	25
5	8	25
5	10	26
3	7	22
2	6	21
3	6	25
4	5	24
3	4	21
6	7	25
6	8	26
0	9	91
0	10	91
0	26	90
3	23	91
2	5	22
3	8	24
3	7	22
6	10	30
6	6	26
0	13	91
0	11	91
3	8	23
6	13	30
8	15	31
8	14	32
9	13	32
3	22	91
0	5	23
7	10	27
6	9	26
9	11	31
4	11	24
26	29	90
2	4	22
4	8	25
0	35	90
1	37	90
0	36	90
0	36	90
2	6	23
7	13	32
9	12	30
10	13	29
4	7	24
4	6	23
2	4	21
6	13	32
3	8	25
5	8	26
4	8	25
4	10	26
8	12	30
2	4	21
7	9	26
7	9	28
2	5	22
4	9	26
6	10	26
4	14	31
2	7	22
8	10	31
2	6	21
9	11	32
3	6	25
5	8	22
6	10	26
6	8	24
7	12	29
5	7	23
9	13	34
6	8	23
6	9	30
6	12	31
6	11	28
4	10	25
2	6	20
8	9	29
5	9	31
4	7	27
5	8	28
4	7	27
1	6	21
2	6	24
5	10	25
4	6	22
6	6	27
2	8	20
4	9	24
4	8	22
2	8	23
0	9	90
6	10	24
9	10	30
7	8	29
7	9	26
2	5	20
7	9	32
3	6	23
2	14	91
0	9	90
2	4	20
4	25	91
0	15	91
1	6	91
3	36	91
5	8	25
0	14	90
0	12	90
6	9	25
6	8	25
7	10	27
3	6	23
0	27	91
7	17	39
1	6	20
6	7	28
3	8	23
4	7	25
0	6	76
5	9	24
6	9	26
3	5	23
3	6	22
4	7	24
3	8	24
3	7	24
4	6	22
5	6	26
7	7	27
5	8	23
6	11	27
5	11	30
7	9	25
7	9	34
1	4	21
2	31	90
2	5	21
0	9	90
0	9	91
0	14	90
0	14	90
0	22	91
8	11	27
3	7	23
8	12	31
3	7	21
5	6	25
0	7	20
7	17	91
1	6	20
8	12	29
0	19	90
0	13	91
4	11	26
3	8	23
2	7	22
3	5	23
5	8	26
0	6	69
0	6	69
3	7	24
6	6	25
3	8	22
5	11	29
11	13	34
9	13	32
12	13	37
9	12	36
9	12	38
6	8	24
0	10	89
4	7	24
4	7	23
4	23	90
7	9	27
8	13	31
4	9	24
4	8	24
5	7	24
6	8	25
0	36	90
0	-1	90
5	9	27
5	9	26
5	8	25
4	6	24
0	1	91
0	3	90
5	6	22
2	6	22
0	23	91
6	6	25
2	6	20
6	7	22
7	8	25
5	5	23
4	6	24
9	16	35
9	11	31
1	5	20
5	9	25
6	6	26
0	9	90
5	14	32
6	8	25
6	10	28
0	10	91
0	7	90
1	31	91
3	8	23
7	37	90
7	8	30
1	6	37
6	10	26
6	8	24
2	5	21
2	6	22
2	5	20
4	9	32
2	38	91
0	8	39
1	6	22
9	14	36
10	11	36
7	8	30
5	7	26
5	7	25
2	6	21
3	6	21
1	6	21
4	7	24
4	10	27
4	9	24
1	5	20
6	9	25
8	9	29
2	6	20
0	21	86
0	18	90
1	12	91
2	4	22
1	7	21
2	7	24
5	7	23
4	8	25
2	6	21
7	10	31
8	9	28
4	7	23
0	3	20
6	10	25
2	6	21
5	7	23
3	12	91
4	8	23
4	7	22
7	11	32
1	7	20
2	6	23
6	8	25
9	17	35
9	18	36
4	11	30
5	10	29
4	9	27
4	9	27
3	8	23
3	7	23
2	7	23
2	7	22
2	7	22
2	4	21
4	7	23
5	8	25
1	5	21
6	7	24
6	8	24
0	14	90
0	6	91
6	9	27
5	8	25
3	26	91
2	7	22
4	6	23
1	6	20
4	7	23
9	10	31
3	39	91
3	6	21
6	8	25
7	12	27
1	32	90
7	11	27
6	9	26
6	10	26
6	11	29
7	12	30
7	13	29
0	9	90
0	15	91
5	36	90
6	7	26
1	4	22
1	4	21
8	14	33
2	4	20
3	5	24
2	6	23
8	10	26
7	8	28
5	9	26
5	9	25
1	11	26
3	38	90
5	7	24
0	-1	90
3	6	24
5	6	24
0	10	90
7	5	23
4	9	24
1	4	20
2	6	21
10	9	39
0	36	90
4	7	26
8	9	31
2	7	21
1	14	91
5	8	24
0	21	91
0	8	90
0	15	91
5	7	24
4	6	23
6	5	24
2	6	21
2	6	21
3	3	22
5	8	26
0	7	89
0	11	91
0	7	91
0	0	50
0	10	91
0	9	91
3	8	23
2	7	22
0	-1	91
0	5	91
0	11	91
2	6	24
3	7	25
4	7	24
6	6	25
5	7	26
0	7	65
2	6	23
8	13	30
0	11	89
0	15	90
3	5	20
0	10	91
0	5	90
0	5	91
4	4	22
0	-1	90
0	-1	91
4	7	25
2	5	22
4	7	22
3	8	23
4	7	23
5	6	22
3	6	23
0	12	89
6	8	25
2	5	21
5	7	21
0	10	91
0	10	90
3	9	21
5	7	23
6	10	26
7	10	27
6	11	31
6	9	27
18	18	56
7	10	25
7	12	31
9	12	33
9	12	33
7	10	30
9	10	34
7	11	34
9	9	32
7	7	30
3	7	21
3	6	20
5	7	26
4	6	25
2	7	23
2	4	22
5	33	91
5	33	91
5	34	91
7	7	25
4	7	25
7	10	30
4	7	24
0	11	91
0	8	90
0	24	87
7	10	26
1	5	22
8	11	30
2	6	23
3	6	23
3	7	23
3	6	25
4	6	24
2	4	21
2	6	22
3	4	20
9	11	33
9	13	32
7	9	31
6	9	26
6	8	24
5	13	30
0	11	91
0	14	90
1	-1	69
1	-1	70
0	28	63
0	25	59
0	24	57
0	26	60
1	-1	59
3	6	24
9	14	37
9	14	36
4	7	23
1	5	20
7	9	30
8	12	32
3	8	23
2	5	22
7	10	32
3	37	90
5	23	90
0	21	90
2	5	23
0	9	91
0	10	91
3	7	25
0	4	20
4	10	25
2	7	25
4	8	25
0	5	20
5	7	25
1	4	25
4	6	30
3	5	22
3	7	24
5	24	91
2	4	20
5	7	27
5	9	26
6	8	30
9	10	29
8	12	30
7	8	30
4	8	26
7	11	30
4	9	24
2	6	24
2	3	22
0	-1	90
4	22	90
1	5	23
4	8	24
6	10	26
4	7	24
7	10	26
1	8	31
5	7	24
7	10	26
2	5	21
0	9	89
2	4	22
9	28	90
3	7	25
2	8	23
8	11	30
9	12	31
2	6	21
6	13	31
5	8	23
4	9	30
3	4	23
1	4	20
1	6	20
0	20	90
4	6	24
3	24	87
6	12	32
7	11	31
4	8	23
3	6	23
3	5	24
3	4	23
4	8	23
4	7	23
11	13	45
11	12	41
11	11	39
12	11	40
12	11	37
9	11	41
2	6	21
2	4	22
1	5	20
4	6	24
4	7	22
0	0	88
6	7	26
0	16	66
8	9	31
1	21	90
11	9	39
1	28	91
0	10	90
0	9	91
3	8	23
0	12	90
4	6	24
5	8	25
4	6	22
5	8	25
3	6	23
0	36	90
5	8	24
9	7	32
4	6	30
0	12	90
6	10	27
6	8	24
0	14	91
0	10	90
7	12	30
7	11	31
7	11	28
5	12	30
6	9	27
5	9	26
5	8	25
5	10	26
5	10	25
3	6	22
7	8	28
1	5	21
12	12	35
6	9	29
9	6	30
4	6	26
2	7	20
5	9	25
2	4	20
1	4	22
0	5	22
6	14	31
4	7	24
2	4	21
13	13	37
6	10	28
3	8	25
0	5	90
5	6	24
7	9	31
4	10	24
2	5	24
0	-1	88
3	7	22
6	11	30
6	10	29
6	9	29
6	8	27
1	4	21
6	7	24
6	7	26
5	7	24
2	4	20
0	3	21
3	8	21
2	7	21
4	6	23
2	5	23
2	29	90
5	5	24
4	7	24
4	8	25
4	7	23
6	8	29
3	37	88
6	10	25
4	6	23
0	11	89
0	11	90
8	8	24
2	5	22
9	12	31
14	19	42
10	15	35
10	13	32
12	19	41
11	19	40
12	16	38
9	15	34
13	17	40
11	16	37
8	14	31
11	17	38
13	17	42
10	16	37
11	16	41
8	10	34
0	13	91
8	12	30
7	10	29
5	9	30
1	8	90
0	13	91
2	5	22
2	5	24
2	4	21
5	9	24
2	5	22
7	11	28
10	11	33
4	8	22
2	4	21
5	11	25
8	10	26
0	4	21
0	5	21
0	3	44
9	12	30
0	2	21
0	13	90
7	8	28
7	9	28
0	6	90
5	7	27
2	8	22
3	9	24
7	8	27
10	9	34
4	6	23
7	10	30
0	24	83
9	11	32
3	6	22
0	15	89
2	4	22
6	6	24
5	6	23
0	6	91
6	10	26
3	6	23
2	8	23
8	13	31
5	7	24
0	2	25
1	2	23
1	1	22
0	1	21
3	5	23
3	5	23
7	9	31
3	11	32
1	11	90
1	8	89
6	6	25
6	36	90
0	8	63
0	7	63
3	7	33
0	11	91
0	11	91
5	9	32
3	5	23
1	2	22
1	4	20
1	4	22
7	11	28
5	10	26
7	8	32
3	5	23
6	8	25
5	13	31
7	7	28
5	6	25
0	2	21
2	4	21
3	7	25
3	5	22
3	7	21
9	10	31
6	7	25
25	30	70
0	14	91
3	6	23
0	14	91
7	10	29
6	9	25
0	9	90
1	6	90
8	14	30
8	12	32
6	11	30
6	7	26
3	6	22
4	9	22
5	11	30
7	9	31
7	8	29
1	27	90
3	9	24
2	6	22
7	9	26
3	7	24
1	5	20
3	5	21
5	9	32
4	24	91
3	8	24
8	12	33
2	5	23
2	4	22
8	8	26
7	9	26
1	5	23
1	8	22
3	6	23
2	6	22
9	10	29
0	12	91
5	10	26
2	8	23
1	5	22
12	15	35
9	11	33
2	5	20
4	6	23
5	9	25
8	11	31
6	7	27
5	6	26
5	11	29
9	13	30
0	1	34
6	10	30
4	8	22
6	9	26
5	7	24
4	8	23
0	17	90
5	9	26
4	13	31
4	8	24
7	11	30
2	9	91
0	9	91
4	10	23
4	9	23
2	37	86
3	10	24
5	13	31
6	13	30
2	7	22
5	7	25
0	5	89
0	5	90
4	9	25
6	13	31
5	13	31
5	10	24
2	6	23
2	5	22
4	9	24
3	7	22
6	9	26
1	7	23
3	5	22
1	5	21
2	5	21
5	8	24
5	6	23
6	9	25
5	8	24
7	12	29
7	11	30
6	9	27
7	12	28
8	9	30
9	13	37
8	11	33
5	7	24
7	10	26
4	10	28
3	9	24
0	12	90
0	8	91
6	10	26
4	8	23
2	6	21
7	10	31
5	11	37
4	5	24
4	6	25
5	10	29
3	24	91
2	4	21
6	10	28
6	8	24
3	7	24
5	8	24
9	13	32
0	2	22
6	9	25
7	12	30
6	8	25
6	8	24
2	5	22
6	9	25
6	10	32
3	6	24
3	5	21
6	5	25
7	9	30
4	6	24
4	8	26
0	12	91
6	9	30
5	25	91
4	-1	91
5	8	24
5	8	26
2	5	21
0	15	91
0	19	91
0	10	90
0	8	91
0	4	22
1	27	91
2	5	21
0	2	21
1	6	30
3	6	24
6	10	31
4	9	26
3	6	22
2	6	21
0	9	91
0	9	91
3	6	24
4	9	24
3	7	23
0	7	90
0	6	91
0	28	88
2	3	22
9	11	34
2	5	23
0	13	91
4	5	25
3	6	21
0	24	90
6	7	22
0	13	91
5	11	30
0	16	91
21	27	65
0	14	91
8	11	32
8	10	27
1	3	21
1	5	21
2	2	23
2	4	21
6	6	24
7	9	25
4	7	22
0	7	90
2	7	23
1	5	67
0	8	90
0	8	90
6	10	30
4	6	24
4	6	22
4	7	24
1	7	22
0	-1	90
2	5	21
2	7	23
4	6	24
0	9	91
5	7	25
6	10	26
4	8	30
3	9	25
3	5	21
4	6	30
1	5	33
1	8	24
1	4	22
0	20	89
8	13	34
5	6	21
3	6	23
3	6	22
1	29	88
0	7	46
0	6	91
7	5	25
3	7	21
14	19	42
0	23	90
3	6	22
0	12	91
0	13	91
1	3	21
6	6	24
2	9	21
3	7	22
3	7	21
2	7	21
2	3	22
8	10	27
0	12	91
2	5	23
0	7	91
0	7	91
4	7	22
8	10	29
5	9	25
5	7	24
3	24	84
3	6	22
2	8	22
3	30	90
2	32	89
2	5	23
6	11	34
5	8	26
6	8	27
0	7	91
5	33	91
5	32	91
6	33	91
2	5	25
3	4	27
6	11	26
4	8	26
0	9	90
0	12	90
3	6	23
0	25	91
4	7	25
6	8	26
2	8	22
2	6	20
2	36	91
13	15	46
6	8	24
6	10	25
4	7	21
0	9	91
3	7	21
4	7	22
4	8	27
5	6	22
2	6	25
3	5	23
5	12	30
7	9	27
2	4	24
2	3	22
2	6	20
9	9	30
6	8	25
9	11	32
8	10	33
0	8	90
5	7	30
2	24	90
9	11	37
3	8	26
4	10	27
4	12	32
4	12	31
5	11	31
5	9	24
6	11	28
3	8	24
3	9	26
5	7	23
2	6	22
11	14	32
9	11	31
1	4	21
5	10	30
5	10	30
4	12	31
5	9	24
3	10	25
0	12	91
5	10	24
4	6	24
0	8	90
3	10	31
1	6	91
1	6	91
7	8	27
3	8	23
3	7	23
6	11	26
7	9	31
1	2	22
3	6	22
7	7	29
6	8	28
5	8	24
6	8	25
0	11	91
0	12	90
0	2	22
0	2	22
1	13	91
0	13	90
5	7	29
3	6	21
2	7	22
1	8	91
2	14	90
6	9	24
2	4	20
6	9	28
0	14	91
10	13	40
0	13	90
2	5	22
3	6	26
0	10	90
5	8	25
6	10	27
6	10	28
0	7	74
0	8	74
6	5	24
5	5	23
4	7	22
0	11	90
0	11	91
3	5	22
2	7	22
0	6	90
6	7	25
4	7	26
1	9	90
3	3	25
7	10	29
14	20	42
9	9	29
8	10	33
3	7	23
4	5	26
4	8	24
0	11	90
0	10	90
4	7	26
4	7	26
6	8	27
3	5	23
4	7	23
2	6	22
0	11	91
0	10	91
11	11	40
0	7	90
0	10	90
0	14	91
0	14	90
0	3	22
0	2	20
2	6	21
5	7	28
4	7	24
2	5	21
1	5	20
7	9	25
3	7	22
3	29	91
2	4	21
1	10	91
0	7	90
0	4	26
1	11	90
0	5	89
2	5	20
2	7	23
4	7	22
2	5	20
1	5	20
3	5	26
0	30	90
4	8	21
3	9	28
2	5	22
0	1	21
3	11	22
1	31	87
4	11	30
0	10	91
0	10	91
8	10	29
2	5	21
2	6	22
5	9	24
3	10	23
3	8	23
0	5	90
1	5	21
2	5	20
0	12	90
0	12	90
0	19	90
0	16	91
0	11	90
5	5	27
7	7	27
4	7	25
0	5	21
3	5	22
3	9	23
3	8	24
4	9	24
6	9	25
5	9	27
6	8	23
5	8	24
0	19	80
4	7	23
0	22	91
7	12	30
5	11	25
0	19	90
0	15	91
0	14	90
0	13	90
0	14	91
0	14	90
0	12	91
0	17	91
1	13	90
0	12	91
0	12	91
1	4	22
1	6	21
9	8	27
9	9	29
0	16	90
11	11	36
0	11	90
4	7	23
4	6	22
7	8	27
10	11	34
13	14	41
10	13	40
10	11	35
12	13	39
9	11	32
12	14	40
7	12	26
0	19	90
8	9	28
5	7	24
3	9	24
3	7	24
7	9	27
2	6	22
3	7	22
3	7	23
9	13	36
4	8	25
2	7	24
3	7	24
3	5	21
2	5	21
6	7	24
0	26	91
4	9	23
6	14	32
6	7	26
4	10	27
4	7	23
4	7	20
1	15	50
0	8	90
0	8	91
8	8	33
6	10	24
5	8	23
5	24	91
3	5	25
2	6	23
3	7	21
3	8	22
0	10	87
0	3	22
1	5	24
6	7	28
4	7	23
10	11	34
3	6	23
4	9	25
4	7	24
2	8	20
3	4	23
6	10	26
3	6	24
9	10	34
6	11	32
6	9	28
2	4	22
0	5	91
0	21	87
6	8	24
2	6	20
3	8	22
2	8	21
7	11	30
5	6	24
6	9	30
6	9	28
4	4	26
0	11	91
6	8	29
3	6	22
7	9	30
9	11	30
8	11	30
6	7	25
10	12	32
1	5	21
5	8	24
4	8	22
4	6	25
0	9	91
8	6	27
5	6	28
6	8	22
8	11	30
5	8	26
7	9	28
7	10	26
7	9	24
8	16	30
2	5	20
4	9	24
4	8	25
3	11	29
4	9	24
8	11	30
8	11	32
8	11	30
8	11	31
2	4	21
6	7	24
7	9	32
0	12	90
5	7	26
4	12	27
0	12	89
2	7	21
1	8	22
1	6	21
2	7	21
2	7	21
5	13	28
5	8	24
3	6	24
3	7	23
4	10	30
4	10	27
5	9	25
3	6	23
2	35	90
2	9	23
7	10	30
0	5	91
7	8	27
4	6	24
5	8	25
5	7	24
6	8	25
0	22	90
0	22	90
0	14	90
0	12	90
0	8	91
0	13	90
5	8	24
2	5	21
4	8	23
4	7	25
1	4	22
5	8	24
6	8	27
6	10	27
5	23	90
2	6	21
1	6	23
2	5	21
4	25	91
3	8	25
8	12	33
5	9	24
6	7	23
2	4	22
6	10	25
7	6	25
4	13	26
0	12	90
0	12	90
3	19	72
4	9	25
0	13	90
4	6	22
2	4	22
2	8	24
5	9	25
4	9	24
4	12	32
5	14	30
11	9	30
5	9	26
7	8	24
4	8	25
4	10	21
7	8	26
7	8	26
2	8	23
7	7	26
3	7	24
6	9	31
4	9	24
3	13	25
5	7	25
4	7	23
8	13	34
8	11	27
4	6	26
6	7	23
4	8	25
7	11	31
4	8	23
5	8	23
2	5	22
2	4	21
4	7	22
2	5	22
0	17	90
0	14	90
0	8	91
1	15	91
5	29	90
3	6	21
2	4	21
4	8	27
4	7	25
9	13	33
12	14	37
0	10	90
3	6	22
1	24	91
0	6	90
0	5	91
0	16	90
0	27	91
3	9	23
3	6	26
3	8	22
3	8	21
5	8	25
6	8	26
5	13	27
8	9	26
5	8	27
5	10	24
0	5	91
6	8	25
2	5	22
5	9	27
3	7	22
7	10	26
5	7	26
5	8	25
3	7	23
2	5	23
2	5	22
6	8	30
8	10	28
5	7	25
0	6	21
3	4	22
4	9	25
4	8	23
3	4	21
2	3	20
4	5	22
4	8	24
7	8	26
3	38	89
2	4	22
0	2	91
7	12	31
7	11	32
8	11	29
3	6	24
9	14	32
6	9	26
6	10	26
4	8	24
1	4	22
6	9	25
4	12	28
3	11	24
3	10	25
3	9	24
2	6	23
8	10	31
10	11	31
7	8	27
7	8	26
0	34	91
2	8	22
0	4	23
0	25	90
2	4	22
1	4	23
3	7	24
4	9	25
6	8	25
6	8	26
4	10	26
1	5	20
8	9	27
8	9	28
8	12	34
5	8	26
10	17	41
4	4	22
4	7	23
9	13	35
9	12	31
8	9	26
4	7	22
2	6	20
7	6	26
7	12	34
5	10	30
3	7	25
3	6	23
3	6	23
4	7	25
4	7	24
3	10	30
4	8	25
4	7	23
2	5	22
3	6	23
2	5	22
3	7	21
6	9	25
5	8	24
3	5	22
5	8	26
0	10	73
0	10	73
5	8	26
6	7	25
5	10	30
5	9	24
3	7	22
3	6	22
3	6	27
5	7	25
8	9	26
6	12	26
8	10	25
2	4	21
6	7	24
3	22	89
7	11	30
2	22	91
0	8	56
0	8	56
4	7	23
1	8	43
4	5	27
1	4	20
3	5	21
6	10	28
2	6	20
3	5	23
4	8	20
3	5	23
2	5	23
7	10	24
0	26	91
7	14	34
4	8	24
6	11	26
3	4	25
2	3	22
3	4	22
4	4	24
2	4	21
2	6	22
8	10	28
9	12	30
2	4	22
1	3	23
1	3	21
1	4	25
1	3	23
1	3	24
7	8	25
6	12	31
4	13	31
2	8	23
1	27	89
4	6	22
7	29	91
2	4	23
7	9	29
2	6	22
3	6	24
3	4	22
1	3	21
7	12	31
6	6	25
6	13	31
2	9	22
2	8	22
2	4	22
2	4	21
4	4	25
6	7	26
3	7	22
1	3	20
6	13	30
1	3	21
10	13	35
11	14	38
8	12	33
5	8	27
0	13	91
0	12	91
4	8	23
5	9	27
2	6	23
8	9	27
7	10	28
8	11	33
9	12	35
5	9	22
3	6	23
6	11	28
6	11	31
0	6	91
7	8	30
7	10	27
2	6	22
5	6	23
17	32	72
10	14	90
0	11	74
4	7	22
6	12	32
5	10	25
2	4	20
8	12	31
7	12	33
6	9	28
6	7	25
0	12	91
0	20	85
4	6	24
6	11	30
6	8	24
7	7	31
6	9	25
7	10	30
5	8	27
6	8	27
4	6	23
3	7	23
4	9	24
3	8	20
2	5	21
5	8	25
2	7	20
1	4	20
3	9	26
6	21	90
2	7	21
3	10	24
6	11	24
0	14	91
0	7	89
6	6	26
2	5	22
2	6	25
5	8	25
4	8	24
1	4	20
6	6	25
8	10	26
3	5	22
1	9	90
9	14	32
6	9	24
2	4	22
0	9	91
0	9	90
5	9	34
6	7	24
6	8	24
0	11	26
4	7	24
5	7	25
4	7	24
6	8	29
5	11	28
3	6	22
5	6	24
0	4	21
0	30	89
6	7	26
1	8	87
0	7	87
0	12	91
0	8	90
2	7	21
5	6	24
0	13	90
10	15	39
5	8	26
6	8	25
3	8	25
3	6	23
3	6	22
3	6	21
1	39	89
5	9	27
5	11	26
2	4	21
0	5	21
0	12	90
2	10	24
8	9	28
6	9	26
2	7	25
1	4	22
0	8	90
0	11	91
3	5	31
3	7	23
2	6	25
2	6	24
5	7	26
7	12	27
6	7	24
2	36	89
0	36	90
4	6	25
5	7	26
5	8	22
4	7	23
6	8	25
1	3	20
0	1	23
5	11	30
0	4	23
1	4	27
0	3	25
0	8	91
0	6	91
4	7	23
4	4	24
3	7	23
2	5	21
0	15	90
1	7	23
9	13	33
6	5	24
10	9	33
6	8	30
4	7	26
2	6	23
4	7	22
2	8	21
2	8	23
1	7	21
9	12	28
8	10	29
4	8	22
4	8	23
0	5	44
0	5	44
6	7	25
7	10	25
4	4	23
0	13	88
0	8	91
3	13	90
0	6	91
0	12	90
4	8	25
4	7	21
3	6	24
9	11	31
2	5	25
2	6	24
0	-1	91
2	6	22
3	5	23
5	8	24
2	4	20
2	6	21
6	11	26
7	10	28
5	8	25
3	7	22
3	8	23
2	5	21
0	11	91
2	4	23
3	5	22
0	14	90
0	9	91
3	7	23
9	11	30
6	6	27
2	5	22
9	15	32
9	13	30
6	15	28
7	14	31
6	7	27
6	7	26
3	8	24
10	17	39
5	9	24
2	6	22
2	8	23
5	10	26
3	6	22
3	6	21
1	18	90
1	14	90
8	12	35
2	6	22
9	9	28
6	9	26
1	4	21
5	10	32
5	7	26
7	10	27
4	10	30
2	4	22
5	7	25
5	6	26
5	6	29
5	8	24
0	9	91
0	18	91
1	8	21
0	-1	90
5	8	24
2	5	22
5	6	25
4	7	24
4	9	24
3	8	24
2	7	23
2	6	22
6	8	24
3	29	91
0	21	89
5	30	90
4	8	25
4	8	24
3	8	27
6	9	26
0	11	90
0	13	91
7	8	26
9	10	28
8	9	29
8	9	26
8	11	32
2	4	20
2	4	21
2	5	21
3	5	21
2	3	21
1	3	20
0	15	89
0	6	90
2	31	90
5	12	28
7	8	28
5	9	24
3	5	22
7	7	27
0	8	88
7	10	28
0	5	90
0	15	91
0	4	20
3	5	22
6	11	32
5	8	30
7	7	27
7	7	31
3	7	23
4	9	25
0	11	90
0	11	91
3	7	25
3	8	23
4	8	25
3	8	23
0	10	91
0	13	90
0	7	90
0	11	44
2	5	27
8	13	34
0	10	91
0	11	90
0	-1	90
4	8	22
4	8	23
0	9	74
4	12	25
5	11	24
6	9	27
7	9	26
5	8	25
4	8	24
5	8	27
8	9	30
7	7	23
2	5	20
6	9	32
6	8	29
4	6	21
0	11	91
4	6	25
2	5	23
8	10	30
3	6	21
1	29	90
6	10	27
7	8	27
5	6	25
0	7	90
4	11	39
0	-1	91
3	9	24
7	11	31
0	7	91
0	10	88
5	7	26
6	10	31
7	12	32
29	29	91
2	4	21
1	5	23
2	3	21
0	8	90
0	7	90
5	10	26
8	12	30
5	8	28
4	5	24
3	5	26
4	6	25
6	7	24
3	3	21
0	1	46
7	10	28
4	5	24
7	7	25
4	6	24
3	5	23
3	4	24
3	5	22
6	10	30
4	10	25
5	7	23
5	8	24
0	8	90
9	12	33
2	4	21
0	8	91
0	10	90
1	12	91
2	7	24
2	8	21
4	8	24
3	7	24
3	7	22
0	7	91
0	4	91
3	9	23
3	6	21
5	7	29
2	6	23
0	15	90
0	12	90
0	16	91
0	17	91
1	17	91
1	17	91
0	16	91
2	17	91
1	17	91
1	-1	91
6	7	25
3	6	23
2	22	84
3	8	26
4	10	24
7	25	90
3	5	23
0	24	91
3	7	25
5	13	32
6	8	25
6	10	28
3	9	24
2	3	20
4	5	24
5	10	26
1	4	21
3	7	23
5	8	25
7	9	31
6	7	24
5	6	25
2	6	22
1	5	21
6	11	32
6	9	26
6	9	25
3	6	21
3	9	22
1	10	24
6	13	32
6	10	27
6	10	27
6	9	25
5	8	23
1	2	23
7	10	30
7	10	27
2	8	22
0	11	91
1	24	88
2	27	90
2	28	90
5	10	27
3	6	21
4	7	23
0	2	20
4	6	23
1	9	91
0	8	90
4	8	24
2	4	21
3	6	22
3	7	23
2	6	21
2	5	21
8	10	29
5	10	25
7	8	26
5	9	25
3	8	22
3	7	25
4	8	24
9	10	31
7	8	30
2	6	22
5	7	27
4	6	24
0	10	90
0	12	91
6	13	28
7	9	26
0	12	90
0	5	91
5	7	31
3	8	30
3	6	25
3	6	24
4	5	24
4	9	28
4	9	25
0	7	91
0	8	90
1	22	91
4	7	21
5	7	23
2	8	23
5	8	25
3	8	22
4	7	24
2	5	21
3	9	24
3	9	23
5	9	23
7	11	30
3	6	21
6	10	25
4	11	26
5	11	27
3	8	23
3	6	22
2	7	22
2	5	21
2	25	90
3	7	24
8	10	30
6	9	26
2	5	22
2	6	23
5	9	30
2	10	26
4	9	25
6	12	28
0	19	90
0	6	91
0	11	90
0	14	91
6	8	24
5	7	24
5	7	22
2	5	23
0	13	90
5	7	26
2	6	21
0	18	90
7	13	32
5	10	27
5	10	29
2	4	26
1	3	22
1	4	25
1	4	23
3	4	24
3	2	22
4	6	23
7	11	27
3	7	22
2	7	22
3	6	24
4	9	23
2	7	21
2	8	22
3	9	23
3	8	24
3	7	22
8	8	27
7	10	30
8	10	31
7	9	30
7	9	28
7	8	25
6	7	25
5	8	24
3	5	24
6	10	34
9	12	34
2	3	21
1	3	20
1	25	90
4	6	24
4	8	23
8	11	34
3	7	22
10	10	35
9	8	29
10	8	31
5	8	32
3	8	26
2	5	23
0	26	89
2	8	24
0	18	85
3	6	24
3	5	22
0	36	90
6	10	24
2	5	23
3	8	23
2	8	24
3	10	23
0	5	21
0	2	22
0	2	23
1	2	21
2	8	25
8	11	31
1	14	91
2	5	22
6	9	26
3	5	22
2	5	21
6	11	26
9	15	32
5	-1	91
5	8	24
6	9	25
6	12	31
3	5	24
2	5	22
5	9	26
6	13	28
10	10	33
9	11	34
1	9	90
1	10	91
2	2	23
7	9	26
3	7	21
0	21	90
7	9	26
7	10	26
3	8	21
2	8	23
2	7	22
4	8	22
31	36	89
1	3	22
5	9	26
2	9	22
1	5	21
1	4	22
2	5	21
5	7	24
6	8	26
0	8	90
0	8	91
0	3	23
0	2	22
0	13	90
8	9	31
1	7	91
1	11	90
6	7	23
6	7	25
5	6	25
0	6	28
2	7	23
5	7	25
2	4	21
5	9	24
2	9	23
4	8	23
4	8	29
7	12	31
0	7	90
0	12	90
0	5	91
5	9	26
7	9	28
0	11	91
0	37	91
8	9	30
0	10	91
3	6	23
2	8	23
0	29	91
3	8	23
3	7	22
2	7	21
7	8	24
4	5	23
6	10	24
4	9	22
5	10	24
2	5	21
6	13	30
2	8	22
4	6	23
2	6	20
3	10	26
7	11	31
2	6	21
6	7	24
4	7	23
5	8	26
4	8	26
1	15	91
1	3	21
2	7	22
1	3	23
7	9	31
5	9	28
0	38	90
0	12	91
0	13	90
2	6	22
4	12	26
4	11	23
4	10	24
6	11	27
5	8	26
4	5	25
0	6	90
1	8	22
0	10	90
0	10	91
8	10	31
4	7	24
8	10	31
3	6	23
4	7	23
5	4	25
7	7	25
2	5	24
0	12	91
0	10	90
7	8	26
3	8	22
7	7	26
9	10	27
0	4	89
0	7	90
0	12	91
3	7	24
2	8	22
5	9	28
1	6	22
0	-1	91
6	8	25
2	5	23
6	9	24
4	7	24
8	12	32
7	24	90
7	10	28
3	6	20
5	9	23
0	6	20
5	7	23
5	9	25
1	4	23
5	9	27
5	5	27
7	11	28
8	10	28
6	12	27
6	9	27
3	8	21
3	7	24
5	7	23
0	14	90
5	9	26
5	9	25
0	11	91
3	6	22
3	6	22
2	8	22
5	9	30
4	9	26
7	8	24
4	9	23
4	9	21
4	9	24
5	11	30
0	12	91
0	18	90
9	14	35
8	15	31
0	20	90
8	9	28
6	10	25
6	10	27
6	10	27
4	6	25
4	7	24
7	9	27
5	5	23
9	9	31
5	9	27
3	5	22
2	5	22
3	5	25
4	5	26
5	8	25
5	8	23
3	9	26
2	3	21
2	6	21
3	7	23
6	9	31
8	10	33
7	8	25
0	23	90
0	26	90
2	2	21
6	11	28
6	8	28
7	10	28
6	10	35
11	30	90
0	19	91
1	21	91
1	23	91
4	9	26
3	7	22
2	8	22
0	29	91
0	11	81
1	6	20
0	0	91
4	5	24
4	5	22
0	13	91
0	9	91
1	4	20
4	7	22
4	10	25
3	7	23
3	4	21
5	5	23
2	5	23
1	7	25
1	6	21
3	7	23
3	5	23
4	8	25
9	8	28
8	9	32
4	7	25
7	10	25
2	6	22
0	9	91
4	6	24
0	17	91
2	21	88
5	8	23
1	4	20
7	9	25
5	9	27
1	8	89
3	9	23
7	8	30
7	11	30
2	3	21
3	10	23
0	-1	91
6	8	24
6	8	25
1	4	22
2	-1	90
0	13	90
3	6	21
1	6	22
0	12	91
8	11	31
8	13	31
6	7	25
0	2	22
0	17	88
5	-1	91
2	7	20
8	7	29
0	7	90
0	8	91
6	7	26
2	7	25
3	7	22
7	13	28
10	8	29
5	8	24
7	10	31
2	3	22
5	13	32
2	8	22
7	12	26
0	10	90
1	9	91
4	6	24
6	7	24
2	5	21
1	4	20
4	8	23
5	8	24
4	6	23
4	5	22
3	6	22
5	8	26
0	10	91
5	7	23
0	13	91
10	11	37
8	8	32
7	7	30
5	6	27
1	6	21
4	9	24
4	8	30
4	11	32
8	13	32
10	15	35
19	33	90
5	13	30
0	21	90
0	22	90
6	10	27
10	13	30
10	11	29
5	8	24
4	8	24
9	11	30
0	10	91
3	12	91
3	6	23
0	26	91
0	9	81
9	8	27
7	10	29
4	6	23
2	5	21
0	11	91
1	13	90
0	5	91
0	14	87
7	12	29
6	10	25
5	5	22
1	9	89
0	15	91
3	10	27
3	5	23
3	8	23
1	37	91
5	9	24
0	26	77
4	6	22
1	15	91
1	6	90
3	3	26
5	7	25
4	4	24
3	5	23
3	6	23
3	5	24
5	7	26
3	6	24
2	5	21
6	6	27
0	12	91
3	7	24
3	8	24
3	8	25
9	9	28
4	9	29
6	9	31
6	6	25
4	5	25
4	5	22
3	7	23
3	9	27
3	7	25
4	7	24
4	7	24
0	5	21
6	15	30
1	6	89
0	7	89
5	9	23
8	13	33
8	12	32
3	8	23
1	5	21
6	-1	91
5	-1	91
1	5	21
6	7	25
5	4	24
3	4	21
4	8	24
4	6	26
4	7	25
3	5	22
2	7	21
1	4	90
0	4	57
0	5	57
9	9	27
5	8	24
3	5	21
2	6	23
1	5	20
2	8	22
8	8	28
8	10	29
4	10	25
4	9	23
6	7	30
9	9	30
10	9	31
6	10	27
0	19	90
0	19	90
0	11	91
0	11	91
4	10	25
0	27	90
1	5	30
5	6	28
1	4	20
5	6	22
4	9	31
4	7	23
4	7	23
7	13	29
8	12	29
7	16	38
2	6	23
0	10	85
4	10	25
7	10	26
6	9	25
3	7	22
3	6	21
1	7	20
3	6	20
4	7	23
3	5	24
4	6	24
5	8	27
3	9	30
2	7	23
0	12	91
3	6	22
0	24	90
2	22	90
5	8	27
3	4	22
4	6	24
3	6	23
3	6	22
5	8	22
8	10	34
1	4	21
8	13	32
5	8	25
5	9	26
2	23	91
3	39	90
6	8	26
7	8	27
5	8	28
4	5	22
2	6	22
7	8	24
4	8	21
2	5	21
4	7	24
4	7	25
3	7	25
2	2	21
3	7	23
0	14	90
1	4	21
5	7	25
5	9	25
0	-1	91
5	10	26
4	10	24
8	9	28
4	7	21
0	6	91
0	12	91
6	9	28
2	7	21
0	8	90
3	6	21
3	8	23
4	10	26
3	6	22
4	5	21
2	4	28
3	6	21
4	5	22
2	7	23
0	11	89
0	8	91
0	-1	91
0	-1	91
0	-1	91
1	-1	91
1	18	71
0	20	88
7	30	91
2	6	22
0	3	45
4	8	24
3	5	22
3	8	28
2	7	23
15	17	44
12	17	44
11	15	37
11	17	41
11	16	39
10	14	37
30	30	90
21	22	70
26	31	90
2	5	22
1	6	23
2	1	23
4	7	25
2	7	24
0	10	84
5	9	31
7	9	29
0	5	91
4	8	25
5	7	24
2	4	22
0	4	21
5	7	23
2	8	25
7	10	30
0	25	91
0	8	90
0	20	91
4	9	23
3	9	22
3	7	22
2	6	22
7	13	32
7	16	31
8	13	31
3	4	22
1	5	22
1	4	20
0	4	91
8	13	30
8	9	27
0	2	20
1	3	21
6	8	24
7	11	27
2	20	91
0	11	91
0	9	90
1	10	26
1	11	24
3	8	22
2	10	23
5	9	24
0	10	91
0	20	90
9	11	32
1	5	22
1	5	21
6	5	24
1	23	90
2	7	22
0	9	91
0	10	90
0	4	91
0	7	90
0	4	91
0	3	91
0	1	90
0	5	91
2	9	91
4	5	26
4	6	24
6	10	28
1	5	21
6	29	91
4	5	22
3	5	24
7	11	25
3	5	21
5	7	24
2	8	22
0	21	91
1	7	22
6	9	24
4	12	26
5	12	26
5	12	28
6	11	25
4	9	24
4	11	26
3	9	25
3	8	23
0	6	91
5	5	24
5	11	32
6	10	26
4	6	23
0	5	24
0	4	23
1	4	22
7	7	27
8	10	30
7	10	25
6	4	24
5	7	25
2	2	22
3	6	25
5	10	26
2	5	21
2	5	23
0	12	90
0	4	91
3	6	21
4	5	23
5	5	23
5	5	24
0	16	91
4	8	23
6	10	30
5	7	27
4	9	23
2	6	21
3	7	22
4	7	22
4	7	23
2	6	21
3	5	23
0	24	91
2	7	22
6	6	25
4	8	23
9	14	32
7	8	31
8	8	32
9	10	35
6	7	27
4	6	25
3	6	23
4	6	24
7	10	26
6	7	25
1	3	21
2	7	27
7	9	31
5	8	25
28	31	91
4	5	23
6	6	26
0	2	25
0	1	24
6	6	25
5	7	25
7	7	26
27	30	91
6	8	25
0	8	90
4	6	24
3	6	20
0	17	90
1	23	91
3	8	22
0	6	90
0	14	91
2	5	20
0	4	21
7	13	31
6	9	26
8	11	28
3	4	21
0	18	90
3	7	24
9	11	31
5	11	25
3	5	24
6	10	33
5	6	22
1	3	21
3	6	21
1	3	21
3	6	23
6	10	28
6	9	25
5	8	23
7	10	25
5	8	24
4	7	25
3	6	24
6	13	32
7	10	27
0	9	90
0	4	91
4	7	24
5	38	91
3	6	21
6	12	28
12	11	36
2	8	25
7	9	29
7	10	29
6	10	25
4	8	23
1	9	90
8	11	27
4	9	31
3	8	24
8	11	33
6	11	31
4	9	24
3	5	24
6	9	25
3	34	90
7	34	90
3	33	90
2	5	21
2	6	21
5	6	23
2	6	21
2	5	21
3	6	21
6	10	25
7	10	30
3	10	23
2	7	22
5	12	27
5	10	31
7	8	29
6	9	25
0	13	91
8	12	31
0	27	68
1	2	20
5	8	23
4	7	22
5	7	24
6	6	24
2	8	23
3	6	20
7	10	27
5	7	23
4	9	21
2	6	22
3	6	23
5	9	25
4	9	25
18	22	58
0	21	64
6	11	29
8	12	29
9	12	33
5	6	25
7	11	29
12	14	42
0	25	91
4	5	23
4	10	24
5	9	25
3	9	27
4	9	26
3	7	22
2	6	22
2	8	25
3	6	23
5	6	24
6	13	31
6	10	28
5	12	30
5	10	26
4	8	22
1	6	22
0	15	90
0	16	90
1	4	21
1	5	20
2	6	23
8	9	30
5	5	28
8	6	30
8	5	32
3	35	90
3	8	21
2	7	24
5	8	25
3	7	21
3	13	30
5	8	26
4	7	23
3	7	21
8	11	27
8	8	27
5	5	27
5	9	27
0	12	91
0	10	90
5	8	24
0	28	86
8	10	31
7	9	30
2	8	21
2	4	23
3	6	22
1	5	20
8	10	25
3	3	21
8	11	32
4	7	24
8	9	32
8	7	29
7	9	30
4	7	25
4	9	25
4	9	25
9	13	31
1	10	91
3	6	23
10	12	35
8	13	34
8	11	31
2	6	21
6	11	30
6	7	24
3	8	22
9	10	30
7	12	30
2	6	20
6	10	25
1	-1	91
3	7	21
9	11	36
5	6	25
4	6	24
3	9	24
4	6	21
2	3	21
4	9	23
9	9	33
4	-1	91
4	6	22
7	18	91
3	9	28
6	8	25
5	6	25
2	4	20
7	10	26
3	8	22
5	6	21
6	12	31
4	14	28
3	8	22
4	8	23
7	13	27
1	5	21
2	5	20
4	8	24
2	4	22
8	12	30
6	12	26
3	9	23
5	7	25
7	10	30
9	12	35
3	5	22
9	8	30
8	12	30
8	11	31
5	7	25
8	12	31
3	6	23
8	11	29
3	7	22
8	12	31
2	5	22
5	8	23
5	7	23
2	5	21
10	12	35
8	10	31
4	7	23
4	6	23
4	7	24
5	7	25
7	9	32
6	8	29
6	6	24
0	14	91
0	10	91
6	9	30
2	7	22
4	5	25
6	11	29
7	9	28
3	21	91
1	9	22
6	7	26
1	3	22
2	8	23
5	7	24
4	13	30
2	8	21
6	9	28
2	4	21
5	8	30
2	6	22
0	33	91
5	7	25
6	8	25
3	8	23
0	11	90
4	8	23
2	5	21
2	4	24
0	2	20
7	9	27
6	12	32
7	8	25
3	10	90
0	32	90
8	12	32
8	12	30
5	8	25
1	5	22
7	10	31
0	11	90
3	8	22
3	7	23
3	7	21
3	6	21
6	8	23
4	7	23
3	6	24
3	5	21
3	7	22
3	10	22
4	7	23
5	8	24
5	8	27
0	22	91
3	9	24
3	7	24
3	7	22
8	13	33
4	11	28
4	8	25
9	11	28
3	22	90
1	5	26
6	9	24
2	3	23
4	10	23
3	10	23
4	7	22
7	9	28
4	7	23
3	6	23
3	5	22
2	4	21
3	6	25
2	6	21
0	6	90
0	11	91
0	15	84
2	5	21
5	6	30
3	10	23
5	7	24
5	7	26
6	10	30
5	8	27
5	10	26
6	10	25
1	5	21
2	5	20
6	8	25
4	5	22
0	15	90
8	9	34
4	8	27
6	9	30
6	11	31
0	38	91
5	8	23
7	9	26
8	9	29
3	7	22
3	5	21
4	6	25
4	5	23
3	8	26
2	6	22
4	7	23
5	8	23
4	7	26
3	9	25
2	4	21
6	5	26
5	24	91
5	26	91
5	20	91
3	5	21
7	14	34
5	11	25
0	5	91
1	7	89
0	7	24
5	8	24
3	6	21
12	35	90
3	7	24
8	8	27
7	7	25
3	7	25
3	5	23
3	9	25
2	4	21
7	9	29
8	10	30
6	12	31
7	10	31
3	5	20
4	22	89
2	4	25
6	8	24
5	7	23
3	7	23
4	9	32
0	7	91
0	8	90
7	8	28
4	9	26
3	10	26
7	11	28
10	12	31
4	8	24
3	7	24
4	9	25
2	5	20
7	6	30
8	8	30
7	12	32
7	11	28
5	7	30
2	5	21
0	-1	91
6	8	26
3	6	25
5	8	24
6	9	26
7	9	31
4	8	30
8	10	33
7	9	32
6	7	30
6	6	30
8	9	26
5	8	23
4	8	24
6	7	26
5	9	23
3	5	21
8	9	26
0	6	91
0	5	23
4	10	24
6	7	23
2	5	22
0	8	90
7	10	32
7	11	28
1	11	91
3	8	23
4	9	23
11	14	32
6	14	28
7	11	29
8	11	27
1	34	88
3	7	26
7	8	26
7	7	26
6	8	25
11	12	36
13	15	37
3	9	22
0	10	91
5	8	24
3	7	26
2	7	21
8	13	31
4	6	25
4	8	25
0	4	22
10	11	30
8	13	31
7	11	30
0	10	91
2	8	23
6	8	25
3	6	22
2	6	22
3	5	21
3	5	20
2	6	20
0	19	90
4	8	25
3	7	23
3	6	22
6	9	25
1	3	21
5	9	25
5	9	24
7	8	28
9	11	30
5	8	22
11	11	33
7	13	29
7	7	30
6	8	25
9	9	28
5	10	22
0	-1	91
5	7	25
2	4	21
8	11	35
7	37	89
4	4	23
2	4	22
2	3	20
8	13	34
1	3	21
4	6	25
6	9	24
6	9	24
8	10	30
3	11	22
3	4	22
6	10	30
7	7	27
2	9	26
5	7	23
2	3	22
4	9	22
5	10	24
3	7	24
9	12	36
6	11	29
9	14	34
8	11	28
8	14	33
9	14	32
9	11	27
4	7	23
12	19	38
6	13	30
7	11	28
6	6	25
4	7	23
2	7	21
4	8	25
3	7	23
3	7	23
2	5	21
6	7	28
6	8	25
4	7	24
3	27	91
3	5	23
3	5	22
2	6	22
2	6	22
2	6	21
0	26	90
5	8	25
3	6	21
8	11	31
3	5	23
4	7	22
1	8	91
1	8	91
3	8	23
6	8	25
4	8	23
6	9	25
2	24	91
9	10	31
2	7	23
2	5	20
2	5	23
7	11	33
4	6	22
3	6	22
9	9	35
0	7	22
8	8	32
8	7	34
6	6	28
5	6	28
6	7	27
6	6	26
6	6	25
6	7	25
2	5	20
4	10	24
7	10	25
6	8	24
5	8	23
3	8	23
7	10	32
4	38	91
2	7	24
3	8	24
3	7	23
5	6	24
4	8	23
8	10	32
3	8	22
8	14	33
5	27	91
5	12	34
4	8	24
5	7	26
4	6	23
4	7	25
2	5	22
6	14	32
4	7	22
2	5	21
1	7	90
1	7	90
0	4	36
4	8	23
5	7	23
8	11	30
13	18	43
11	18	42
9	15	37
13	14	40
11	16	37
10	15	37
9	10	33
4	8	24
4	9	23
4	8	25
5	12	25
3	7	22
6	12	32
6	9	26
2	4	22
4	6	23
5	7	23
0	10	91
0	14	90
6	12	32
3	6	23
3	8	22
7	11	26
6	10	25
9	13	35
5	7	26
3	10	23
9	9	32
1	11	91
3	6	23
4	6	24
4	6	23
7	13	31
8	11	27
5	10	26
3	7	22
6	10	32
6	9	29
6	10	31
4	9	24
10	13	37
5	9	24
6	11	26
12	13	36
1	39	91
4	10	30
4	9	25
3	9	23
4	8	23
13	-1	40
7	10	26
7	9	26
6	11	33
8	10	30
7	10	29
8	10	30
6	11	27
6	10	25
9	9	27
4	7	24
6	9	26
6	11	25
6	8	26
3	6	22
3	5	21
5	8	27
3	10	24
2	8	23
3	11	24
5	10	24
10	17	37
2	7	21
4	11	24
7	12	31
6	8	25
7	9	30
6	9	25
8	11	30
8	11	30
2	4	22
1	3	20
3	7	23
2	6	20
7	7	28
4	6	21
5	9	25
1	4	21
4	5	23
7	11	27
5	6	25
0	16	90
2	4	22
2	4	22
2	4	20
3	7	23
3	9	22
2	8	23
5	8	25
2	7	22
2	8	23
4	7	24
10	14	30
3	8	22
2	34	75
6	8	24
7	10	25
8	14	33
6	9	27
3	5	22
1	6	26
3	8	24
8	10	33
6	7	26
11	17	39
9	8	31
4	8	23
6	10	27
6	8	24
5	7	26
4	9	22
4	6	21
11	14	43
10	12	36
6	9	26
6	7	25
0	12	90
1	12	91
3	40	87
5	10	26
6	9	24
5	10	26
7	8	27
1	5	21
2	6	21
9	11	31
5	6	24
6	10	27
5	8	26
3	5	21
7	10	27
8	10	32
8	10	31
3	8	22
2	7	22
5	8	24
5	8	26
5	8	26
2	4	22
0	10	91
6	12	33
0	21	91
2	13	27
1	2	21
0	3	20
6	8	27
6	9	26
7	10	30
0	8	65
2	4	20
1	3	24
0	3	22
7	8	25
9	10	31
0	8	91
0	2	91
5	11	26
5	11	25
4	7	24
0	11	90
0	11	90
8	11	33
3	8	22
3	7	23
2	6	22
2	7	21
6	11	31
6	9	27
1	7	90
2	5	21
2	5	20
5	10	25
5	9	24
6	10	35
9	10	29
8	13	30
5	10	25
7	10	29
5	10	27
6	9	27
5	14	31
7	9	29
7	9	26
0	24	89
6	11	30
6	10	30
5	-1	90
6	9	26
3	6	23
7	9	30
1	4	30
8	12	27
4	6	25
6	12	32
3	6	21
2	5	22
4	6	23
5	9	23
6	9	25
3	8	22
9	9	31
9	9	28
0	12	91
3	6	23
4	6	24
4	5	22
8	10	31
3	34	90
5	5	24
1	30	90
9	11	34
7	10	31
8	8	37
9	8	32
4	8	26
0	1	79
4	10	26
10	12	32
9	12	31
9	12	34
6	8	25
8	10	27
1	15	91
0	3	30
3	8	22
3	7	22
3	7	22
7	8	26
4	11	25
5	8	24
2	8	22
3	7	25
1	4	22
1	4	21
1	38	91
9	11	31
4	7	23
7	9	32
2	3	26
4	7	23
10	13	31
10	15	35
3	6	23
4	6	22
3	7	24
2	5	21
4	3	22
2	3	23
4	7	24
0	11	91
3	5	22
5	7	22
5	8	25
6	8	24
3	6	21
5	7	25
2	7	23
3	9	23
2	7	22
5	7	24
5	7	24
2	5	24
6	10	25
6	11	30
4	9	22
3	6	21
0	33	91
2	5	22
5	7	24
5	13	26
5	11	27
1	10	25
3	10	25
3	10	24
3	10	23
6	7	30
4	6	21
3	8	24
3	7	23
3	7	21
9	12	31
5	12	30
1	6	22
0	9	90
6	13	31
4	10	27
6	7	26
8	9	27
7	10	25
9	9	33
1	13	91
7	10	31
4	9	23
3	8	24
2	8	24
2	7	22
6	12	34
6	8	28
8	8	29
5	10	26
8	11	30
8	11	27
8	12	31
7	11	27
3	5	22
5	8	24
5	13	25
10	10	34
4	8	32
5	8	23
6	9	26
5	8	23
10	13	30
8	12	30
3	5	20
5	8	25
6	12	28
8	13	32
9	12	31
0	7	91
0	8	91
2	5	20
5	7	27
9	9	34
2	3	24
2	6	22
4	8	23
10	14	33
5	14	30
10	11	87
5	12	31
10	13	39
9	10	37
3	10	24
6	11	26
7	10	26
7	10	26
2	5	20
3	6	24
3	8	23
5	8	31
6	10	28
4	9	27
5	12	28
5	12	30
2	7	23
7	11	32
5	8	25
4	9	26
2	6	22
7	11	30
9	10	30
7	10	30
9	10	30
6	9	26
2	6	22
1	6	20
6	9	26
6	8	26
2	8	23
2	5	21
2	6	22
3	7	21
3	6	21
6	7	26
4	11	25
9	10	32
6	11	27
7	11	29
4	11	26
4	8	24
3	7	23
6	11	32
5	11	30
7	9	30
7	8	27
6	9	25
7	11	30
5	10	27
7	10	31
7	10	28
7	10	27
8	10	26
0	13	91
0	12	91
6	7	24
5	7	24
0	29	91
2	4	21
7	9	30
2	6	21
9	10	28
0	4	22
7	12	31
8	12	29
2	5	21
6	9	24
7	10	25
4	8	24
7	11	35
9	11	32
7	10	28
3	7	23
4	8	22
3	6	21
3	28	91
6	9	24
2	4	23
5	8	25
7	10	27
3	7	23
1	6	21
3	26	90
4	9	22
9	11	30
5	10	31
6	6	26
7	6	24
6	8	26
6	8	24
4	8	23
1	4	21
5	6	25
2	4	22
1	5	21
5	10	31
2	7	23
3	7	23
6	9	25
6	11	30
1	5	20
5	9	26
3	7	24
7	10	32
5	9	28
1	18	90
9	8	35
4	9	25
5	11	27
4	5	24
0	5	91
0	9	91
4	8	23
11	13	34
7	9	27
7	13	33
5	6	25
6	7	25
3	4	21
8	12	30
3	8	23
6	9	27
5	39	90
6	9	26
4	6	23
3	5	25
4	7	24
7	13	30
4	8	23
4	10	24
0	34	86
4	7	23
6	15	32
3	8	21
3	7	24
3	6	22
3	6	23
4	8	25
3	9	23
8	9	27
3	7	24
4	8	25
3	7	22
5	9	24
4	14	31
6	14	31
4	11	25
4	7	25
7	11	31
5	8	24
8	11	31
9	10	27
9	12	32
2	7	21
5	8	24
4	8	23
3	6	23
4	8	23
4	6	27
8	11	29
7	13	30
5	10	26
5	10	27
3	7	24
6	9	30
7	13	31
8	10	33
7	10	28
6	9	26
6	9	28
6	8	27
6	11	31
7	10	30
6	9	29
5	9	27
4	7	23
5	8	23
5	9	23
10	9	31
5	9	26
5	8	25
5	9	27
1	6	20
4	12	31
7	13	32
4	10	25
4	8	24
4	8	22
6	12	30
2	4	20
4	10	24
3	7	22
1	5	21
5	9	24
2	3	20
7	12	32
2	5	20
5	7	26
4	9	25
4	9	26
5	8	25
4	8	25
7	9	27
5	8	26
3	8	21
2	2	22
0	3	21
3	11	26
4	5	23
3	5	22
11	14	31
3	5	24
2	4	30
5	7	24
5	10	25
6	10	28
1	9	23
11	14	34
7	8	29
3	8	25
3	8	24
7	9	33
4	9	24
6	10	31
4	8	26
1	26	88
3	26	89
3	25	90
1	25	90
5	23	82
4	8	24
5	7	24
3	28	91
6	12	31
5	8	23
7	7	25
2	13	90
0	4	91
2	5	23
5	7	21
2	6	21
8	12	34
5	8	24
3	8	23
5	9	25
1	6	22
4	6	24
6	10	32
7	9	23
1	4	21
3	9	22
3	7	22
7	13	29
3	7	23
2	5	21
7	8	26
6	10	30
9	12	34
1	22	91
4	9	22
2	7	21
7	10	26
0	6	90
7	24	90
3	26	90
7	11	27
9	9	33
6	7	27
7	8	25
6	11	31
7	9	26
0	4	23
6	15	32
2	7	21
3	6	22
1	2	21
1	9	32
8	11	33
0	10	90
6	7	26
6	9	27
6	9	26
6	9	30
5	10	26
3	7	23
4	8	23
5	9	25
6	11	28
1	3	21
5	6	25
4	7	23
7	8	30
8	11	33
6	11	30
3	6	22
3	4	21
2	6	24
4	6	23
3	7	24
2	8	23
7	11	33
0	26	90
4	7	25
8	12	34
7	11	28
5	9	26
4	7	22
4	7	20
7	10	26
6	9	26
4	6	26
3	7	23
1	5	20
4	6	24
3	8	21
6	6	24
6	8	22
3	7	21
3	6	21
5	9	30
3	9	24
5	6	24
5	9	33
6	15	30
6	14	31
6	13	26
0	2	91
0	2	90
4	5	22
3	5	23
0	8	90
0	4	91
0	15	91
4	8	22
4	13	30
2	8	23
4	8	25
4	36	90
8	14	31
0	3	83
0	6	89
5	7	25
3	6	22
3	11	24
4	5	24
4	5	23
7	10	31
7	10	30
3	7	22
3	9	23
3	7	22
4	7	26
5	8	27
4	8	24
0	9	91
2	5	21
5	8	24
7	11	27
0	9	91
3	7	20
4	10	25
4	10	32
3	5	22
2	7	22
2	7	23
2	6	22
7	9	28
8	9	30
8	10	30
4	9	23
4	8	26
2	5	21
3	7	21
9	14	33
9	14	35
2	18	90
4	9	23
3	6	22
1	7	23
7	10	28
2	4	20
2	6	91
2	4	22
8	8	29
9	10	30
5	8	32
5	9	33
6	9	33
7	13	35
7	9	32
7	9	24
10	13	34
5	8	24
10	12	33
5	10	27
1	3	21
8	8	29
8	8	28
4	8	23
2	5	23
1	6	21
5	8	23
3	9	26
3	7	23
1	4	20
5	7	23
6	7	23
8	12	31
9	11	30
7	8	27
4	9	24
5	8	26
4	8	23
3	13	28
9	16	38
7	9	30
2	6	21
7	9	30
4	9	25
7	6	24
7	8	30
5	8	30
0	9	89
4	7	22
2	9	25
3	7	23
2	7	23
5	8	24
4	8	25
0	10	91
3	7	22
1	11	90
0	11	90
4	10	25
3	10	24
4	9	22
6	9	25
2	5	25
7	7	27
7	7	25
3	5	23
7	13	29
6	10	27
6	9	27
9	13	32
4	12	27
4	10	27
3	7	22
3	7	23
8	11	29
3	7	26
1	7	24
0	12	90
9	11	34
3	6	24
7	11	32
5	6	23
6	12	30
7	13	31
2	7	23
3	9	21
9	14	33
5	9	25
8	7	28
2	7	24
10	12	33
9	11	34
8	9	33
6	13	32
5	12	31
6	8	25
2	7	23
4	10	30
5	7	23
6	9	24
3	7	24
4	9	30
2	9	22
7	9	24
3	4	21
5	11	30
4	8	24
0	22	88
2	22	89
1	6	23
7	9	25
3	6	21
1	32	90
10	16	35
9	15	35
0	6	89
4	8	23
4	7	23
4	8	23
7	10	29
4	9	26
4	9	26
0	10	90
6	9	24
6	9	25
6	10	30
7	11	31
4	8	23
3	8	22
1	26	90
6	6	30
6	6	29
3	8	22
1	5	22
2	7	21
3	6	23
1	2	23
7	10	28
7	10	27
2	5	21
4	8	23
6	9	25
5	7	25
5	6	24
4	6	24
6	9	24
5	12	32
6	6	27
5	7	21
5	7	26
2	7	22
0	11	90
3	7	25
2	7	24
4	7	25
4	7	24
4	9	26
4	7	24
3	9	24
5	9	26
3	9	23
8	12	30
6	10	27
6	7	26
9	10	29
8	10	27
2	9	25
4	8	24
0	2	21
6	7	25
1	3	21
7	11	29
2	6	20
0	6	91
0	13	86
4	6	23
6	9	28
11	12	35
10	12	37
11	12	35
10	12	38
11	12	37
8	13	34
9	12	33
11	13	41
10	12	39
4	8	24
1	3	32
7	13	32
0	20	90
6	7	25
8	11	29
7	11	27
6	9	26
6	9	30
1	11	23
7	10	26
6	25	90
2	6	21
0	21	91
0	2	20
3	6	21
2	6	22
3	5	21
7	10	31
3	7	22
1	6	22
2	42	87
0	20	90
0	20	90
3	7	24
2	7	23
8	10	29
3	7	24
5	10	30
5	8	24
4	7	23
8	10	33
6	7	26
5	8	26
3	8	91
5	7	25
6	9	33
3	7	24
0	27	91
2	7	21
3	10	24
3	8	24
0	-1	91
0	9	90
5	8	26
8	10	32
9	13	35
1	7	23
4	11	25
5	7	25
8	9	32
9	10	32
3	7	24
3	8	25
3	7	23
6	10	27
2	9	25
6	10	27
5	11	30
5	10	30
3	9	23
8	12	28
6	7	24
4	7	24
9	9	29
3	6	20
9	11	31
8	10	27
8	12	31
11	18	38
3	8	22
0	12	91
0	11	91
4	6	23
4	9	24
4	13	26
5	12	27
4	6	23
4	7	22
4	5	22
3	5	21
2	7	21
2	9	22
4	8	25
6	39	90
4	7	22
7	10	28
5	9	25
4	8	23
4	6	22
2	10	26
1	24	90
0	41	91
6	8	25
0	11	91
0	12	91
6	10	30
7	6	28
1	27	90
5	7	24
0	3	28
0	25	90
17	33	72
0	0	47
0	6	91
5	5	25
25	50	90
0	11	91
8	-1	90
2	7	22
0	38	90
20	-1	91
0	-1	90
1	20	90
9	28	90
0	-1	90
2	5	25
0	11	62
0	12	91
3	5	22
4	6	21
3	7	23
0	12	91
0	-1	91
1	13	90
0	16	90
0	20	90
0	12	91
0	14	90
0	15	91
0	20	90
