6	10	26
8	9	30
1	6	21
2	6	23
7	16	39
7	7	31
2	8	26
2	7	21
1	12	91
1	5	22
4	7	25
2	6	20
4	9	22
2	6	22
2	5	21
1	4	21
4	11	30
0	11	90
0	10	91
0	11	91
2	6	24
7	12	28
4	7	26
4	8	23
3	9	26
10	10	30
4	8	30
11	13	31
8	13	30
0	8	68
3	6	21
8	13	33
8	9	27
9	9	27
9	11	33
9	10	31
7	9	31
2	4	20
3	9	23
0	12	91
0	15	91
0	15	90
9	12	32
7	11	27
2	7	24
3	7	22
0	12	90
0	11	90
2	6	20
1	11	71
0	10	71
8	10	32
8	11	31
0	15	91
0	8	91
11	12	34
4	12	27
6	8	25
5	8	22
1	4	20
1	5	24
1	6	91
1	19	90
1	8	91
0	11	91
7	10	26
3	6	22
5	11	31
10	13	37
2	5	22
3	8	23
4	6	23
2	6	22
7	6	25
5	9	26
2	6	21
7	8	25
8	11	30
5	9	26
4	7	25
4	10	31
5	9	26
2	7	21
2	11	90
2	12	91
3	12	91
5	13	90
6	6	24
6	9	26
3	7	22
4	10	25
4	8	26
3	8	24
2	8	22
7	9	25
6	8	24
4	10	31
6	14	30
6	12	30
7	8	28
4	8	22
3	8	24
2	7	22
3	9	23
3	8	22
1	8	20
7	7	23
2	5	20
6	14	30
7	15	32
2	8	23
3	9	24
3	7	21
2	7	21
6	11	31
4	36	91
6	7	21
2	6	22
9	9	32
7	8	27
0	13	89
0	13	91
1	5	20
3	6	22
3	6	21
3	7	22
3	11	25
3	8	22
6	10	30
0	8	91
2	5	21
3	6	24
2	7	23
0	9	64
6	9	24
7	10	27
0	13	91
10	11	36
6	11	25
8	12	30
3	6	21
4	6	22
2	5	23
0	14	91
6	10	26
7	7	31
8	10	32
5	10	23
5	8	30
8	10	28
3	5	21
3	10	30
3	6	23
0	2	90
3	8	21
3	6	20
8	9	30
11	11	36
8	9	33
3	8	21
4	6	21
8	7	30
3	8	22
5	9	26
4	7	25
15	16	40
5	7	30
0	13	91
0	12	90
4	5	21
0	-1	90
0	38	90
0	38	90
4	7	24
4	5	21
8	8	30
8	12	29
8	12	30
8	13	29
10	12	32
8	11	31
8	11	28
8	15	36
9	11	30
8	9	27
7	9	27
5	8	27
6	8	26
0	13	91
0	13	91
5	6	27
3	7	22
2	6	21
8	10	26
4	8	25
6	10	26
4	9	24
5	9	30
1	18	91
5	9	29
2	5	22
3	5	22
2	4	22
1	5	20
6	11	30
6	11	25
3	7	22
2	7	22
6	9	28
8	9	25
3	7	23
5	10	31
2	6	24
0	-1	91
0	5	91
3	7	22
3	5	21
4	11	26
9	16	35
1	8	90
9	13	32
3	6	25
1	4	23
1	5	22
1	4	21
5	9	25
7	12	33
3	10	24
4	4	24
2	6	21
1	6	22
1	6	20
3	7	24
4	6	24
2	5	20
8	13	29
10	16	44
6	8	30
0	10	90
7	11	28
4	9	24
3	6	23
3	6	22
4	10	30
2	5	22
3	7	21
9	10	33
10	8	33
7	9	30
5	4	24
2	7	22
3	5	21
6	7	22
8	12	31
2	5	21
6	7	26
1	8	21
2	7	23
2	6	22
4	6	26
10	18	40
3	8	23
3	6	22
3	8	21
0	10	88
3	7	22
5	10	24
8	9	28
3	5	20
5	7	23
13	11	34
0	13	91
0	8	90
3	5	24
4	7	21
7	10	30
3	6	22
1	5	20
0	8	90
0	8	91
0	7	62
7	10	34
2	7	22
2	7	22
1	6	20
4	5	23
7	11	26
1	4	22
2	3	21
1	4	21
1	5	22
2	7	23
3	7	24
2	5	23
2	5	22
2	4	20
2	6	21
2	5	22
5	12	26
10	13	36
4	10	30
7	10	32
6	11	34
3	18	91
3	9	23
4	6	25
3	8	24
5	7	25
3	22	91
4	9	30
3	7	23
8	12	29
0	4	91
1	19	90
1	9	22
2	8	21
2	6	21
2	7	21
3	5	23
6	9	26
2	6	21
0	12	90
0	13	90
3	6	25
6	11	30
6	11	31
0	11	91
1	10	91
2	4	21
3	5	22
3	5	23
1	5	22
7	12	32
1	4	21
1	8	88
0	11	91
1	6	21
4	6	23
4	10	31
4	9	35
0	11	91
0	9	91
3	4	21
5	7	26
5	8	27
5	13	28
4	11	26
3	8	22
0	16	87
10	12	34
7	8	30
6	7	28
0	17	91
2	4	21
1	3	22
0	5	22
2	12	91
1	13	91
4	6	21
4	6	21
2	6	21
2	9	22
7	10	25
4	5	24
6	7	30
6	8	25
3	6	21
2	8	22
2	8	22
4	7	25
5	7	24
6	9	24
6	7	27
28	29	91
2	8	22
8	10	34
0	14	91
0	4	91
3	8	22
4	8	25
10	13	35
9	11	35
9	11	30
5	8	23
6	8	25
6	9	24
1	6	21
0	4	20
3	6	21
3	8	23
1	7	22
2	4	25
2	8	24
3	9	26
0	5	90
0	9	91
0	-1	91
4	12	27
6	10	25
3	6	21
3	4	21
0	9	73
2	6	24
4	9	24
5	14	31
2	5	21
2	5	21
3	5	21
3	8	23
0	10	88
0	9	91
6	13	32
5	9	31
0	9	91
1	6	21
3	4	22
4	10	23
9	10	33
7	10	28
9	13	33
3	6	21
3	6	21
4	8	23
3	6	22
2	7	21
4	8	23
3	9	25
4	9	26
5	10	29
5	10	26
5	5	26
2	5	21
1	7	21
7	13	30
4	7	24
0	9	90
0	11	91
6	7	26
7	10	30
5	13	32
5	13	29
2	6	22
3	7	24
2	6	21
3	7	23
3	8	25
4	7	26
2	6	20
3	8	24
3	8	23
2	7	23
7	9	24
5	12	31
0	4	21
5	9	26
6	11	28
1	6	21
7	9	25
2	6	22
9	9	28
9	10	34
5	8	23
5	7	25
6	9	32
4	7	23
5	7	24
1	5	21
4	7	30
3	6	24
0	6	91
0	9	90
7	7	24
4	10	26
3	5	24
0	10	91
0	10	91
4	9	24
1	3	21
6	6	24
7	12	30
10	11	37
8	10	30
6	6	26
6	7	27
5	8	23
5	11	33
4	6	23
9	11	29
4	7	21
1	-1	90
9	12	33
7	13	31
6	6	26
2	3	20
1	6	21
2	9	21
5	10	26
0	10	91
8	12	33
7	6	28
4	10	23
5	6	24
4	5	24
4	7	24
7	9	31
1	5	21
1	4	21
6	7	26
7	10	26
0	19	61
9	9	31
0	7	89
0	11	91
12	13	35
2	4	25
5	12	31
6	8	25
4	8	21
0	4	22
3	5	21
2	5	21
1	6	23
4	8	24
3	7	24
5	7	21
2	4	23
11	10	32
10	11	32
5	9	26
2	4	22
4	8	25
10	12	31
9	10	35
7	9	30
8	8	31
7	7	30
7	9	28
6	8	28
5	6	25
5	6	24
7	10	26
3	5	23
5	8	26
4	7	24
3	6	22
1	5	91
2	8	23
5	7	25
4	6	23
4	8	25
6	11	32
5	8	25
3	8	27
0	7	91
0	9	91
9	15	32
6	8	24
6	8	24
6	10	26
7	9	25
3	5	21
2	8	21
2	5	23
4	6	25
5	9	30
2	9	23
3	8	22
3	8	21
2	5	21
4	12	30
0	5	91
0	5	90
5	10	34
3	9	25
4	8	24
4	8	23
7	15	36
8	9	31
8	10	29
4	8	24
6	5	22
5	9	24
0	8	90
0	5	90
9	8	30
5	5	23
2	4	21
3	5	23
2	4	22
2	6	22
2	5	23
2	6	20
3	7	23
4	6	21
0	26	90
6	9	28
3	9	26
3	8	23
5	7	25
5	8	29
7	11	28
2	6	24
2	5	22
5	7	25
5	9	28
9	9	28
3	13	25
7	10	27
6	8	26
0	12	91
0	9	91
0	4	60
7	11	31
8	11	28
4	7	22
9	12	35
5	10	26
6	11	31
5	8	24
11	11	35
10	10	35
9	10	34
0	8	91
0	10	90
8	13	36
0	7	91
2	7	24
4	7	25
3	6	23
3	8	23
7	7	32
6	6	25
8	9	30
9	11	33
5	7	26
4	7	26
5	10	25
4	10	33
5	8	25
4	8	25
3	7	22
6	8	30
9	13	30
3	4	22
3	6	23
2	5	21
3	7	22
2	7	23
2	8	24
2	7	22
1	7	24
5	8	24
2	7	23
1	5	23
2	5	22
3	6	26
3	6	22
0	4	20
3	6	23
7	10	29
6	8	26
0	8	90
0	6	90
3	8	24
0	12	90
0	6	90
5	6	22
9	13	32
7	14	33
5	10	26
6	23	90
3	7	23
2	6	22
9	15	34
2	8	22
3	10	24
4	10	25
3	9	22
2	6	20
6	11	25
5	9	25
4	7	22
5	5	26
4	8	23
6	-1	91
7	10	30
0	17	88
0	-1	88
7	11	30
2	7	22
3	6	21
4	8	28
3	10	27
4	9	26
4	9	30
4	11	30
8	12	34
9	12	33
2	7	21
4	10	24
3	8	22
2	6	20
9	11	33
7	9	25
8	12	30
0	5	91
4	7	22
3	7	22
0	6	88
2	10	26
4	8	23
6	11	26
4	8	25
5	11	24
4	10	23
4	10	25
2	6	22
4	8	24
8	10	28
1	3	21
5	6	26
7	10	30
6	9	29
7	7	26
8	13	32
2	5	22
4	7	22
7	12	26
5	10	26
6	13	32
5	7	23
7	9	25
7	11	28
7	10	24
2	6	21
3	9	23
7	12	28
5	9	27
2	5	20
4	6	20
0	3	22
1	3	21
1	5	20
6	9	24
10	12	35
8	8	30
8	8	27
9	8	32
2	6	23
2	5	21
2	4	22
5	8	27
10	11	31
9	12	28
2	6	22
3	8	22
8	11	35
0	12	91
7	13	30
3	9	24
6	12	30
5	7	23
5	7	23
3	7	23
5	9	24
4	7	24
4	8	24
2	7	22
5	7	25
5	12	30
8	11	27
4	8	24
2	6	22
1	5	20
1	6	21
4	7	26
7	9	28
5	10	25
5	10	24
0	29	91
5	9	23
6	10	27
3	5	23
5	9	25
4	7	22
4	8	24
4	8	23
3	8	24
6	11	25
2	7	20
6	9	25
7	9	30
6	8	24
6	7	24
3	6	24
3	5	22
1	3	23
0	4	21
3	5	25
2	8	22
3	8	24
2	6	22
4	6	21
2	5	22
5	-1	91
3	7	23
0	-1	90
0	7	91
1	7	91
1	3	21
4	7	24
3	8	23
4	9	22
6	10	26
5	10	30
6	10	28
0	12	90
6	8	24
12	16	39
13	16	43
14	12	37
12	15	38
13	13	39
12	14	40
11	16	39
11	14	39
12	14	41
11	16	40
0	5	91
9	10	31
2	5	23
2	5	22
2	5	21
3	9	24
5	9	26
5	5	24
2	7	26
3	6	25
3	6	24
2	6	23
2	6	22
2	5	21
2	5	21
9	12	32
5	7	22
2	8	25
2	5	23
6	7	30
3	8	25
2	8	22
4	6	24
0	20	91
0	6	90
5	15	91
4	10	28
3	7	22
2	4	23
7	6	26
4	5	22
6	9	28
4	7	22
2	5	20
6	8	27
3	5	23
5	9	30
6	7	28
2	4	21
5	7	24
5	10	31
5	9	26
8	11	29
1	13	90
3	10	30
2	6	22
4	10	25
0	6	91
0	1	91
6	10	27
4	8	24
4	7	24
4	7	24
6	9	30
3	5	25
3	8	26
2	6	24
2	6	22
3	12	30
8	11	31
3	8	23
2	5	21
12	15	35
11	12	36
5	6	25
2	5	21
1	4	21
2	4	23
0	11	90
0	9	90
5	8	26
2	6	25
0	1	91
2	5	22
2	5	23
3	4	23
2	4	21
8	13	30
1	4	24
1	4	23
3	8	22
4	7	24
2	6	23
3	7	20
3	-1	91
0	15	91
0	26	87
5	9	33
0	8	91
7	12	31
3	16	90
0	3	90
6	9	28
4	8	21
5	9	24
2	4	23
3	6	21
0	14	91
3	9	25
6	5	25
4	8	24
3	8	23
6	11	28
4	9	25
5	7	24
2	6	23
3	7	21
6	13	32
5	13	31
3	8	23
7	14	33
6	12	31
0	9	91
0	10	90
3	7	25
0	14	91
0	13	90
4	9	25
5	11	30
1	3	21
5	8	26
2	6	20
4	9	23
3	7	21
0	8	90
0	13	90
6	9	34
7	8	30
5	8	30
4	8	30
3	7	24
4	8	26
2	5	24
8	13	30
2	3	22
1	17	91
0	8	91
0	15	91
5	7	23
0	12	91
1	-1	91
4	7	24
4	7	23
3	10	23
1	3	22
0	11	90
0	14	89
1	5	91
4	6	23
4	6	22
2	5	20
4	7	25
0	12	90
0	13	91
0	13	91
0	14	90
2	6	23
2	5	21
2	5	20
3	5	21
6	9	27
2	6	23
2	4	20
6	14	30
4	9	22
0	12	91
0	10	91
4	7	24
5	8	27
0	5	91
0	5	90
6	8	25
4	6	23
4	6	23
7	10	28
2	7	23
1	8	24
2	5	22
3	7	21
0	13	91
0	3	22
0	3	21
4	6	22
3	6	21
0	10	91
0	7	90
6	11	26
0	13	91
0	11	91
0	6	90
0	8	89
11	16	36
2	4	21
6	9	29
2	5	22
5	7	26
3	5	23
6	7	24
10	12	32
0	20	90
2	6	21
3	9	26
2	6	22
5	8	25
1	8	91
7	7	31
0	10	91
5	8	24
3	6	24
3	5	23
3	6	24
3	7	24
4	10	28
4	8	26
4	7	25
3	5	21
5	9	23
3	5	23
2	6	23
2	4	25
2	5	21
3	5	22
4	11	33
9	12	31
7	10	28
0	9	90
0	7	90
0	17	91
0	5	91
4	5	20
6	8	29
0	9	91
0	9	90
3	6	22
5	7	26
6	7	24
0	10	91
0	12	91
0	10	91
1	4	20
2	5	23
0	7	63
0	6	63
2	6	20
6	5	26
4	7	23
3	7	22
3	5	24
5	14	31
6	11	29
6	7	31
2	4	21
3	5	23
3	4	24
0	12	91
2	3	22
2	6	22
3	7	23
4	10	24
0	11	91
0	15	91
0	9	86
0	9	90
0	7	91
2	4	36
6	7	22
0	14	91
5	7	23
5	6	23
6	8	26
2	5	22
2	7	22
3	8	23
3	6	22
2	7	23
3	5	22
0	12	91
3	7	21
5	9	30
5	7	26
4	4	23
0	4	91
3	6	22
2	4	24
2	7	23
0	9	78
2	5	22
7	7	25
7	9	30
4	7	26
1	5	21
0	6	91
0	10	91
7	28	91
5	6	22
1	4	21
10	13	38
11	11	35
8	10	35
8	8	33
2	4	21
6	11	31
3	5	23
6	27	91
4	6	24
4	5	23
5	8	25
4	8	26
4	8	24
4	9	23
5	10	24
7	12	27
4	7	24
0	10	90
0	7	91
5	9	26
8	12	33
3	7	23
3	9	25
3	6	21
3	6	22
4	6	23
3	10	23
3	7	22
3	9	23
3	5	23
4	7	23
10	17	35
5	10	26
13	24	90
3	8	24
5	8	22
5	9	32
3	6	24
0	9	90
0	7	90
7	9	26
1	5	20
2	6	21
5	8	24
0	10	90
0	11	90
10	10	31
11	10	34
5	7	23
2	5	21
2	5	21
2	4	21
2	5	22
2	5	20
4	24	56
5	9	32
3	4	23
5	9	26
4	5	22
3	6	23
7	8	25
0	14	91
0	14	91
1	21	91
1	-1	91
1	-1	91
2	-1	91
1	-1	91
0	20	91
1	20	91
0	19	91
0	7	89
4	7	22
3	9	24
3	6	23
2	9	23
2	8	22
3	3	22
4	7	26
5	8	27
5	7	27
5	8	29
4	7	27
5	8	28
4	8	26
0	28	91
3	5	24
3	5	25
4	6	24
3	6	25
2	7	20
2	5	21
4	6	24
1	2	21
1	4	20
2	6	25
0	12	91
0	15	90
2	7	22
2	6	20
4	9	24
2	10	24
1	4	20
2	6	20
2	7	22
0	2	90
0	8	90
0	8	90
2	5	23
4	7	21
4	8	23
4	7	22
0	14	91
1	4	22
2	3	20
0	14	90
0	10	90
0	6	91
1	5	21
0	5	90
0	10	90
0	7	90
0	8	90
2	6	22
9	9	25
6	8	29
5	8	30
6	6	28
7	9	26
5	6	23
4	7	23
3	8	25
3	7	26
5	10	27
5	9	24
4	7	24
2	7	23
2	7	22
2	5	20
3	6	22
6	5	24
2	7	22
2	8	22
5	6	23
2	5	24
4	10	25
4	9	25
2	9	26
5	9	26
5	11	27
4	10	24
3	9	23
4	10	28
4	9	27
4	10	26
4	9	25
4	8	23
4	8	23
6	6	23
3	9	22
2	6	22
2	6	22
8	9	29
6	11	27
2	5	22
0	6	90
3	5	22
0	12	91
8	12	29
11	14	35
11	15	34
10	13	35
12	15	38
10	14	35
3	7	24
2	5	21
10	10	32
4	8	25
4	9	26
10	12	32
7	9	27
5	6	27
5	6	25
7	6	30
0	2	21
6	8	25
4	6	23
0	27	90
4	10	27
5	10	30
3	7	23
0	9	90
2	7	23
2	6	21
5	7	23
3	4	23
0	9	91
1	10	90
10	9	32
1	4	20
2	4	21
4	8	25
3	6	21
6	13	32
6	13	31
5	7	26
3	6	23
0	13	91
1	11	90
4	9	26
1	4	67
1	6	90
7	9	26
7	11	27
5	6	22
3	5	21
0	13	90
0	13	90
5	12	31
0	9	91
0	9	91
7	12	31
4	7	30
6	6	27
7	6	28
8	7	29
7	9	34
5	8	31
3	8	22
1	7	20
3	6	22
2	7	21
1	13	91
0	14	90
8	13	29
5	5	30
8	10	32
4	10	24
3	8	26
2	8	22
4	8	24
3	4	23
2	4	21
3	10	22
3	5	23
2	5	22
4	11	30
2	8	26
3	7	24
1	6	20
3	8	23
6	7	23
9	12	30
8	10	30
10	13	34
8	14	32
5	11	26
7	14	32
7	12	27
8	16	34
6	15	32
6	15	30
9	9	32
6	11	30
8	12	30
7	10	30
2	7	24
2	6	22
7	10	29
8	11	27
8	9	26
4	6	21
5	9	26
10	12	31
8	12	30
3	8	23
4	9	22
4	8	24
4	6	25
6	6	24
4	5	24
9	11	30
0	10	91
0	6	91
6	10	26
7	9	25
7	10	31
8	11	28
0	20	91
3	6	21
9	11	30
8	11	29
5	9	26
5	10	27
5	9	25
10	10	31
4	8	21
8	13	28
3	7	23
5	11	32
7	12	29
5	9	26
4	7	24
3	9	26
2	7	23
2	6	22
3	7	24
3	7	23
3	8	26
2	8	23
3	9	22
2	7	22
8	12	30
4	8	22
3	7	23
4	9	25
11	17	39
1	5	21
7	8	27
7	8	25
4	6	22
6	10	30
3	8	23
2	7	22
5	10	26
5	10	25
10	11	35
5	11	25
3	7	22
7	14	30
7	9	29
6	8	26
5	7	26
1	35	87
5	12	31
3	5	22
5	8	30
4	8	31
3	6	26
6	9	30
4	7	24
5	7	25
4	11	31
4	8	22
0	11	88
4	4	22
0	4	21
3	11	26
7	10	31
2	3	20
3	7	24
1	6	22
3	6	25
4	7	24
6	11	28
5	7	23
3	7	21
3	7	22
3	6	22
1	5	23
2	7	21
2	6	25
3	6	22
0	15	90
0	12	91
1	4	22
7	7	30
8	11	29
7	10	29
4	6	23
8	12	33
4	10	30
2	7	22
0	12	90
6	9	24
3	10	30
5	11	31
6	10	30
4	6	23
2	6	21
10	10	32
2	5	23
3	7	21
7	9	26
2	6	22
2	5	21
5	8	30
6	12	30
4	5	23
1	4	22
2	6	22
3	7	23
2	5	21
2	10	23
2	9	24
2	9	24
2	11	26
3	6	22
2	5	22
1	3	21
3	7	23
3	6	22
10	13	33
9	12	31
0	2	23
0	2	22
0	3	22
2	6	21
3	26	91
3	4	23
3	6	22
0	-1	90
5	7	22
2	5	22
6	9	27
6	10	27
0	2	90
4	16	31
15	16	91
0	12	90
0	9	90
6	7	24
0	8	90
0	10	90
0	11	90
0	12	91
2	7	22
2	7	24
2	9	25
2	6	22
2	8	24
2	9	24
2	10	22
3	8	23
4	9	25
3	7	23
2	9	24
6	13	30
3	5	22
3	5	21
0	-1	91
5	7	22
2	6	22
2	7	23
1	6	21
2	7	23
2	8	25
2	7	24
3	6	25
3	7	26
2	7	23
2	7	24
3	5	22
2	6	22
9	13	33
3	6	20
1	5	22
3	7	21
5	9	23
6	10	27
7	7	26
9	10	31
8	11	33
9	10	29
9	10	28
4	9	26
8	11	33
2	7	21
0	11	90
0	6	90
2	4	21
3	8	22
8	9	34
0	11	90
0	13	90
0	9	90
0	24	90
1	5	20
0	7	90
0	7	91
0	9	68
0	9	68
0	9	68
3	6	23
4	9	26
4	5	24
5	8	26
9	11	33
11	12	39
7	7	28
6	8	26
11	11	39
8	8	29
9	12	39
13	11	36
11	11	39
10	14	40
11	13	40
9	10	36
10	10	35
7	13	30
2	5	21
2	7	23
3	5	23
3	6	22
1	4	20
2	5	21
4	8	23
4	8	23
6	10	32
3	9	23
5	8	24
5	8	24
2	8	26
4	6	22
0	7	91
0	13	90
4	7	26
5	8	23
5	7	25
2	6	22
2	6	23
3	6	23
5	11	32
1	4	22
4	7	23
4	7	22
3	7	23
9	9	25
4	6	22
6	12	30
3	7	23
1	4	21
0	5	22
1	4	91
0	10	91
7	9	26
5	5	24
2	6	22
0	6	20
7	8	27
0	13	89
0	11	89
3	10	21
3	9	27
0	10	90
0	7	91
2	4	23
4	6	24
0	7	36
0	12	89
3	9	26
3	9	24
3	7	21
3	8	30
5	9	25
2	5	20
4	10	24
4	7	30
5	6	24
8	10	35
1	-1	91
5	8	28
2	9	23
2	7	22
2	6	21
1	8	91
2	4	22
7	10	27
6	10	25
6	9	26
2	6	22
4	6	23
2	5	20
3	9	24
4	8	25
3	9	26
3	8	25
0	32	88
6	10	30
5	8	28
3	8	24
3	4	20
4	6	26
0	8	91
0	9	90
0	11	90
2	3	20
3	8	25
0	10	90
0	10	91
4	7	24
0	4	20
0	7	90
0	4	90
1	7	22
3	6	24
1	20	77
5	9	24
2	6	23
4	7	26
9	12	27
6	9	27
0	10	91
5	9	24
3	8	23
2	8	22
3	9	25
3	8	23
2	7	20
0	6	91
2	4	22
4	4	22
3	11	30
4	7	24
4	11	25
6	11	26
5	9	25
4	13	31
5	12	26
5	9	25
5	12	28
8	11	32
3	5	22
3	8	22
5	9	25
5	9	27
0	8	91
0	-1	90
1	4	20
7	10	28
0	12	90
4	5	24
5	-1	91
6	8	25
3	7	25
0	3	54
2	5	22
4	9	26
0	19	91
1	13	91
0	14	91
4	6	25
4	8	25
4	5	22
6	7	24
2	3	23
1	4	22
1	3	20
3	3	22
6	9	27
6	8	26
4	6	26
2	4	22
5	11	30
7	11	31
4	7	23
4	8	22
6	9	26
6	10	25
5	8	24
7	8	26
4	6	24
3	10	24
5	11	24
4	10	25
9	12	29
1	9	22
7	6	26
8	6	28
6	10	26
3	8	25
1	6	22
0	7	91
3	7	23
4	6	23
3	6	22
5	8	24
1	4	24
3	11	30
3	6	24
3	8	25
2	4	20
6	8	25
5	9	23
3	5	22
5	10	26
0	8	89
0	8	91
5	8	25
5	9	24
5	7	22
2	9	22
2	6	23
5	6	23
7	8	31
0	34	89
3	4	23
3	5	23
6	8	30
3	7	30
1	6	21
4	6	26
4	7	22
8	10	32
4	11	26
0	11	90
2	8	22
5	6	25
5	8	24
9	9	33
4	8	23
7	8	30
7	8	30
0	8	91
0	6	90
0	10	90
2	3	22
4	7	21
6	8	25
4	8	23
2	7	20
1	6	20
9	9	34
7	10	33
9	11	31
8	14	31
6	11	27
6	12	28
7	10	33
6	8	31
1	5	21
6	11	28
1	5	21
3	6	21
3	8	22
3	6	22
5	9	25
6	5	25
6	7	25
3	9	21
2	4	21
8	9	30
1	10	91
0	9	90
3	4	22
7	30	90
6	9	25
1	6	30
0	10	81
2	7	23
7	8	26
9	9	30
7	9	27
11	10	31
8	10	26
10	11	34
10	11	31
6	9	29
0	-1	90
2	4	21
6	9	25
4	6	23
6	5	24
9	8	26
2	6	20
3	8	21
2	8	22
0	14	91
7	11	30
0	9	90
0	9	91
5	6	22
4	7	22
2	6	23
2	4	22
2	3	20
2	6	22
1	6	21
9	9	31
3	5	21
6	9	26
4	5	22
4	8	24
8	10	31
2	6	20
2	10	25
3	7	23
3	8	24
7	12	34
3	7	23
0	5	22
2	5	21
0	11	91
0	9	90
4	9	23
8	10	33
8	15	34
0	5	90
3	6	22
4	7	24
4	10	24
5	9	23
5	9	24
7	11	30
7	11	32
8	14	31
7	11	28
5	11	26
0	1	90
3	7	26
4	6	26
4	4	23
1	6	20
5	8	24
2	7	22
0	4	21
5	6	25
1	6	21
0	16	72
4	9	29
1	6	20
0	10	90
5	7	22
0	15	90
0	16	91
3	8	23
6	9	24
3	7	25
0	4	23
3	9	23
3	8	24
2	7	23
2	6	22
0	10	90
0	9	91
4	9	30
0	12	90
0	12	91
4	6	21
3	8	22
4	9	23
4	7	22
4	6	23
8	6	27
3	9	22
2	7	23
3	8	23
3	6	22
5	8	24
5	7	23
4	8	23
4	8	25
3	5	22
2	4	20
2	4	20
0	11	91
0	26	90
0	14	91
5	6	25
9	15	35
8	12	30
4	10	25
2	3	22
7	11	33
1	1	20
3	4	21
4	7	22
0	11	91
0	7	91
7	8	24
6	9	25
2	4	21
7	13	31
2	6	21
0	-1	91
8	11	29
0	3	21
1	7	20
9	11	29
8	9	26
8	8	27
7	10	27
2	5	22
5	9	25
3	7	22
0	18	91
10	12	35
2	8	23
6	9	31
5	9	26
4	7	23
4	11	27
10	12	33
0	7	22
1	2	22
5	11	30
1	6	20
3	7	23
4	7	24
3	5	27
6	10	29
12	13	38
6	8	25
0	27	88
2	7	21
1	6	20
3	7	22
1	7	21
5	11	26
3	10	25
4	11	24
2	8	23
4	8	23
4	8	24
3	8	22
4	8	23
4	8	25
8	12	28
2	7	22
7	13	31
6	13	36
2	6	22
2	6	21
5	9	23
5	9	25
5	10	24
9	11	33
8	13	30
8	12	31
6	7	26
4	8	24
3	4	22
5	6	23
0	21	89
8	11	27
2	5	21
2	6	22
2	6	21
14	14	38
0	36	90
3	4	22
2	8	21
0	14	91
6	6	26
6	6	24
7	7	26
8	8	27
0	10	90
8	8	27
4	9	26
4	9	23
1	3	23
2	7	22
2	5	22
5	9	24
9	12	30
6	12	30
0	2	34
6	10	28
9	8	33
10	9	33
2	7	21
3	7	21
3	5	22
7	12	26
7	11	30
5	8	27
4	7	23
3	7	22
5	7	23
1	7	22
2	8	22
5	9	24
7	8	26
4	7	23
9	12	31
4	6	26
5	8	26
4	8	26
3	7	24
2	7	23
8	10	33
2	7	22
2	8	22
2	6	23
2	8	23
2	6	20
2	6	21
2	8	21
8	23	91
1	3	20
0	4	21
8	15	34
4	9	30
5	15	34
5	11	26
5	10	31
7	9	28
2	4	22
8	8	29
5	7	25
7	13	29
6	12	30
6	13	31
2	5	23
3	7	26
3	6	23
3	5	22
1	4	23
6	9	26
6	8	25
7	11	33
5	11	29
4	8	26
0	2	21
2	3	24
8	10	31
0	9	90
0	-1	91
0	7	91
0	7	90
7	9	26
2	5	20
5	6	23
2	4	22
1	3	20
2	6	21
2	7	22
0	10	91
6	8	31
6	5	25
3	8	25
1	12	91
0	10	91
6	13	30
7	8	25
3	9	24
2	8	23
4	9	25
4	8	26
5	8	27
2	5	22
2	6	23
2	8	22
1	7	22
9	15	32
7	14	31
0	16	90
5	10	28
4	8	25
4	7	23
2	6	22
4	8	25
9	8	29
4	5	23
6	8	23
6	11	27
4	8	25
2	25	90
3	6	22
3	6	24
5	8	24
9	13	30
0	14	91
0	13	91
2	5	23
2	-1	91
2	-1	90
1	12	91
1	13	91
10	12	33
0	10	90
0	14	91
0	14	90
5	-1	91
0	9	91
0	8	90
2	3	30
7	9	28
5	8	24
0	7	91
0	12	91
7	16	32
3	5	21
8	8	31
7	11	33
0	14	91
0	8	89
8	13	36
7	10	30
2	6	21
4	29	91
6	10	28
1	5	22
2	4	23
3	10	30
3	6	23
3	7	24
3	8	24
3	4	24
5	8	23
7	10	31
4	8	24
3	9	24
5	9	23
7	12	30
4	8	25
2	5	22
6	5	25
7	8	30
6	8	26
9	12	32
1	3	23
2	5	21
2	6	23
0	8	90
1	18	91
7	10	30
5	9	25
8	10	32
6	11	31
7	11	34
6	11	32
6	12	34
3	4	22
6	9	24
4	5	25
4	5	23
9	8	27
3	8	22
2	4	21
3	7	23
0	6	90
0	14	91
2	7	22
3	6	22
4	7	22
0	7	91
1	8	90
4	8	29
2	4	20
0	10	91
0	11	89
0	16	91
6	9	28
0	12	91
0	8	90
0	8	90
0	9	91
2	7	22
2	7	23
3	6	24
8	10	31
2	25	90
6	9	26
5	7	25
1	6	22
0	10	90
0	7	90
3	6	24
2	6	20
3	4	21
0	9	91
0	12	91
6	10	32
8	5	28
1	4	25
1	4	24
5	8	24
2	8	22
4	-1	91
0	9	90
3	7	23
3	4	21
4	6	25
2	6	23
3	6	24
2	5	21
2	6	22
1	4	22
5	6	25
1	13	91
0	4	91
9	10	34
0	8	90
1	6	21
3	5	22
3	5	23
1	3	21
2	1	20
3	5	25
6	11	30
1	5	21
0	5	91
0	8	89
2	4	22
1	4	21
5	9	26
4	7	22
3	8	21
3	7	22
8	9	32
7	9	29
2	7	22
4	8	22
4	11	30
2	6	22
7	11	31
1	5	21
1	5	21
6	8	27
1	3	21
4	8	23
0	9	91
0	11	90
2	5	22
6	11	30
7	11	34
3	7	23
5	10	26
2	5	21
3	5	22
2	5	24
8	10	27
2	9	20
7	10	30
3	7	20
4	9	25
5	8	24
7	13	31
2	6	23
3	6	21
5	8	24
2	7	22
2	7	21
2	5	22
8	13	32
7	12	31
0	5	21
2	4	21
6	9	24
3	5	26
0	8	91
2	8	23
2	8	25
5	9	30
0	27	89
5	7	31
0	4	21
1	4	21
3	9	25
2	7	22
4	8	25
6	13	30
5	8	26
2	6	21
2	6	20
2	7	25
4	11	30
8	7	30
3	8	25
1	5	22
3	6	23
4	6	26
2	5	23
2	7	20
6	10	27
4	4	24
4	7	30
4	5	24
5	7	30
3	6	21
4	7	23
5	9	25
3	4	22
8	8	32
3	10	31
4	7	21
6	8	25
5	9	25
3	4	22
3	5	21
4	9	25
4	6	22
1	3	21
2	6	22
8	9	31
2	6	23
5	9	24
1	-1	91
1	-1	91
5	11	30
1	5	21
1	5	20
1	4	20
3	5	23
2	4	22
4	6	25
4	8	30
3	5	22
3	7	26
4	7	24
4	7	26
4	7	26
3	8	21
6	10	30
7	10	27
8	11	30
5	10	28
4	9	33
5	9	27
4	7	26
3	4	21
6	8	29
2	6	23
0	4	21
4	8	21
3	7	21
4	6	25
7	10	30
6	11	30
7	10	26
7	9	31
3	7	31
2	5	22
0	6	91
0	8	91
3	3	23
5	11	26
10	10	32
3	7	22
3	7	23
3	7	24
3	11	28
5	6	25
0	10	90
0	20	90
0	20	90
0	20	90
3	9	24
0	12	90
0	9	90
8	11	30
3	7	22
3	7	23
5	8	22
2	6	22
2	4	20
5	12	29
3	5	22
2	4	21
2	4	20
6	13	29
2	6	20
2	7	24
4	8	22
1	5	22
0	9	90
0	10	89
9	11	35
6	11	32
4	4	23
5	9	23
2	6	22
2	7	21
6	11	31
8	9	27
0	7	90
0	7	90
9	12	34
0	4	90
0	16	90
1	3	24
0	2	21
7	15	33
1	2	21
8	8	28
0	5	91
0	2	90
6	10	26
8	9	28
4	7	23
4	7	24
2	5	21
9	12	31
4	6	23
3	6	22
3	5	22
3	7	22
3	7	22
5	10	26
4	6	24
5	8	27
1	5	21
3	6	23
3	6	21
6	7	26
2	7	21
5	8	24
4	7	22
4	7	23
5	8	26
2	7	23
2	5	24
4	7	25
6	6	25
4	9	24
1	13	90
0	4	91
1	9	89
9	11	33
3	4	21
3	6	21
4	7	22
2	3	22
2	6	20
0	16	91
0	11	90
5	6	23
4	6	24
2	4	20
3	6	22
3	7	25
0	19	90
2	5	22
3	5	22
3	7	23
7	7	29
8	11	28
2	6	24
0	12	90
2	7	23
1	4	20
2	5	25
3	6	22
5	9	29
9	8	30
7	8	28
2	4	21
2	3	20
2	6	22
1	6	20
2	5	21
5	6	27
1	14	90
0	15	91
5	9	30
4	8	24
5	9	25
5	12	31
6	9	27
5	9	27
3	10	30
4	9	26
7	5	26
2	5	26
2	6	22
1	3	21
2	6	20
6	10	32
4	9	30
5	9	30
6	11	31
3	8	22
3	8	23
4	7	24
4	7	25
3	6	25
3	7	26
4	8	26
9	12	29
3	7	22
7	8	25
8	11	29
2	9	24
2	7	22
4	5	22
4	9	24
2	7	21
8	9	28
8	13	34
3	5	22
7	9	31
3	6	21
5	7	25
4	11	31
8	12	35
6	10	30
6	13	33
7	12	31
8	11	30
6	9	28
1	5	30
1	5	21
5	7	24
0	5	91
0	12	91
1	7	20
6	8	23
7	11	27
1	5	22
5	9	27
0	8	91
0	6	91
0	9	91
3	5	24
5	5	25
5	7	27
4	8	26
4	7	25
5	7	24
5	8	22
7	13	32
5	6	26
0	8	85
0	6	91
0	4	20
3	11	29
2	9	25
0	13	91
0	10	91
0	8	91
0	12	90
0	5	91
2	5	23
8	12	30
0	0	56
2	4	24
2	4	21
4	7	29
2	6	21
0	14	91
0	8	91
2	5	25
1	7	22
3	6	22
2	7	21
4	9	30
5	7	24
4	5	24
0	7	83
0	11	91
0	6	90
0	6	91
0	15	91
6	11	30
0	11	91
0	-1	91
3	5	23
1	3	21
5	8	24
2	4	20
3	7	21
4	7	24
7	12	32
7	12	31
5	6	22
1	-1	91
2	8	25
7	12	30
5	9	31
3	8	22
2	4	21
2	3	22
1	6	70
0	6	70
7	10	31
3	8	23
2	5	21
0	12	88
0	4	90
4	5	23
0	5	90
0	9	89
3	7	25
8	14	32
1	3	22
2	5	21
1	5	22
3	7	25
2	4	23
3	6	23
1	10	90
0	9	91
0	7	91
6	8	28
1	2	20
2	7	22
1	14	90
1	13	91
0	9	91
4	9	26
5	14	31
4	14	31
5	12	28
4	11	31
1	10	90
0	10	91
2	6	23
6	10	25
8	10	29
7	11	28
5	8	23
3	5	25
3	5	24
3	5	22
2	4	22
0	3	25
1	4	24
1	6	27
1	4	24
1	4	21
2	4	23
1	4	22
1	4	23
0	4	22
3	10	27
3	9	25
3	8	23
0	8	91
6	9	33
16	27	89
9	18	35
3	8	24
5	13	31
8	13	30
8	10	28
6	5	25
0	3	22
4	6	23
1	5	22
1	5	21
0	6	20
2	6	22
2	6	23
3	4	21
0	7	90
2	5	22
2	5	21
0	11	91
0	8	90
6	10	30
3	7	23
2	5	23
1	6	22
2	5	21
6	7	25
0	12	91
7	10	27
6	10	28
6	10	33
9	12	31
4	9	24
3	7	23
0	19	90
0	11	91
3	6	21
0	15	90
2	5	21
2	5	22
0	7	90
5	10	26
6	8	25
4	6	24
0	9	88
1	-1	88
4	8	24
8	7	32
1	3	21
4	7	24
0	5	21
2	8	91
1	-1	91
2	2	27
0	13	90
0	9	91
5	6	25
6	9	28
2	5	22
0	10	89
1	5	21
0	9	91
0	9	91
0	8	91
0	12	90
0	14	90
0	13	91
0	8	91
3	4	22
3	4	22
3	5	23
3	7	25
3	4	21
2	7	25
3	7	23
2	6	24
2	6	22
4	5	24
3	6	22
10	10	29
8	12	37
3	6	25
2	6	22
3	8	24
3	7	22
0	4	91
0	9	91
6	10	31
5	6	24
3	5	23
4	7	30
4	6	23
3	7	25
2	7	21
3	5	20
2	4	21
1	4	21
0	13	91
0	13	91
5	10	26
3	6	22
3	6	24
3	7	24
3	6	22
3	8	23
3	7	22
3	8	23
0	13	90
0	7	91
0	10	91
2	4	22
4	5	25
5	5	23
2	7	23
4	7	23
9	35	90
1	12	90
4	8	25
5	7	24
2	6	23
3	5	23
6	7	32
0	16	91
0	6	90
0	9	90
7	7	29
6	10	28
2	5	25
4	4	22
5	8	24
3	5	23
1	33	90
0	15	91
0	14	90
1	6	21
3	3	21
5	5	26
7	5	26
8	7	27
0	6	91
0	9	90
0	11	91
3	10	24
0	5	21
2	5	23
2	6	22
3	6	21
2	6	21
0	11	91
0	15	90
0	9	90
0	10	90
4	6	23
3	3	23
3	4	21
3	8	23
4	8	24
4	6	21
4	6	22
3	8	24
4	7	23
3	7	24
0	9	91
5	8	25
3	8	23
3	8	23
1	11	91
5	12	30
6	9	24
0	-1	90
0	6	91
1	11	91
0	2	20
4	8	23
4	8	24
5	6	24
4	7	24
6	10	30
1	6	39
0	12	90
0	7	91
0	10	91
1	5	21
2	6	22
6	8	27
5	7	25
6	8	25
0	8	91
1	8	90
6	11	27
2	5	24
2	6	22
2	7	91
0	10	91
3	7	21
2	8	22
2	6	21
1	7	90
5	27	91
6	12	31
7	8	27
6	9	25
5	9	26
3	8	25
3	8	27
7	10	26
2	5	20
0	16	91
0	15	90
2	6	23
4	8	23
3	7	22
3	7	24
2	9	25
0	12	90
0	16	88
2	3	22
2	5	20
1	2	22
2	7	22
3	8	23
4	6	25
3	7	23
4	5	23
7	10	25
7	13	33
2	7	22
0	7	90
0	10	91
0	8	90
0	8	91
0	8	86
0	8	88
4	6	22
1	0	23
0	12	91
0	12	60
3	6	24
4	5	23
0	10	91
8	11	32
9	10	29
1	3	20
3	7	27
0	5	21
6	8	26
6	8	25
1	4	23
0	6	90
0	11	91
2	7	23
2	6	24
1	4	22
0	3	23
0	10	91
0	11	89
1	5	21
4	10	26
2	5	21
4	6	30
5	8	31
8	12	35
8	7	31
7	9	30
5	8	31
4	6	24
4	5	23
3	5	23
4	5	22
3	7	24
5	6	23
3	9	26
4	7	25
3	7	24
0	5	48
0	3	22
0	10	91
0	10	88
2	6	23
6	11	32
5	6	23
5	9	26
3	8	24
5	10	30
3	8	26
2	7	26
3	6	24
4	8	24
4	8	26
2	5	22
2	5	21
2	6	23
4	6	23
3	7	22
4	11	26
3	9	23
4	7	22
5	9	30
6	9	26
2	7	22
4	8	22
4	8	22
6	8	26
4	7	22
3	7	23
4	8	23
4	8	24
5	8	25
4	8	24
3	9	22
2	8	22
2	8	21
10	11	31
0	17	90
8	10	30
3	5	24
12	14	39
4	9	30
5	9	26
3	8	22
3	6	22
6	9	21
1	3	20
1	4	21
5	8	27
5	8	24
4	9	26
6	11	28
5	6	21
8	8	26
4	6	22
2	9	24
4	7	23
7	9	27
7	8	26
6	8	24
0	4	90
3	6	22
4	11	26
4	9	24
7	10	27
2	4	21
6	9	27
5	9	25
5	9	24
7	9	25
0	5	20
4	7	25
2	8	22
2	7	23
3	5	21
2	9	21
2	7	22
4	9	24
3	7	23
4	8	25
3	7	22
7	12	31
8	14	32
9	12	32
9	14	33
10	15	35
9	11	31
9	12	34
7	11	31
8	8	26
5	11	30
5	13	30
3	11	24
7	6	26
2	6	23
4	5	23
2	8	22
2	4	22
11	11	40
10	15	32
2	5	22
2	5	20
2	5	21
4	6	23
4	6	23
6	11	31
4	5	22
3	10	23
5	9	23
2	8	22
4	7	22
5	7	27
5	7	25
5	7	22
5	7	23
3	8	23
5	10	31
4	10	23
5	9	22
4	9	24
4	10	24
5	9	25
4	9	25
10	13	41
6	9	22
3	7	22
3	6	22
3	8	23
7	13	32
3	9	24
3	7	22
6	11	31
3	8	23
0	10	88
1	4	37
0	3	37
4	10	31
4	10	30
3	6	22
3	5	22
8	11	31
0	8	90
2	7	21
8	10	32
1	23	91
0	8	90
1	-1	91
6	10	27
4	8	23
8	26	90
3	6	22
5	8	24
6	11	29
5	7	22
7	11	27
2	4	20
4	5	24
0	10	91
7	11	36
0	24	89
8	13	33
7	9	29
3	7	21
3	7	22
0	10	90
0	13	90
7	9	31
7	11	30
4	8	23
0	4	21
0	5	20
2	4	21
3	7	22
1	27	91
2	6	20
2	7	21
3	6	26
8	10	28
8	9	27
5	9	27
5	9	25
0	8	91
3	8	21
2	8	23
1	10	66
1	8	66
12	16	38
5	8	27
3	6	23
2	4	22
2	7	23
0	7	83
4	6	23
3	7	22
2	6	22
1	-1	91
0	-1	91
5	7	23
4	11	31
7	11	30
1	5	23
4	9	23
4	8	24
4	7	23
4	6	22
4	7	23
3	6	22
11	7	34
5	8	22
4	8	23
6	10	25
3	5	22
5	7	25
0	9	91
0	10	91
7	9	30
10	15	37
7	10	26
2	4	21
4	10	24
6	6	25
4	8	32
2	5	21
4	12	30
3	9	26
3	9	23
3	8	24
4	9	29
0	5	21
0	7	48
4	8	24
2	6	21
3	4	22
3	6	22
2	8	23
3	9	25
3	8	22
2	8	24
6	8	22
9	12	30
6	8	25
2	6	21
0	5	76
6	9	33
3	7	23
2	7	22
5	9	26
0	15	90
1	17	91
3	4	22
5	9	27
4	9	24
5	9	24
1	4	22
7	9	32
10	11	33
9	10	31
7	8	29
9	9	30
10	10	30
11	10	36
10	10	32
11	11	35
9	11	36
3	6	23
3	5	23
2	6	23
3	6	23
3	8	22
3	8	23
4	10	27
3	6	21
2	4	21
3	8	22
6	7	25
3	6	28
1	4	25
1	4	25
3	4	24
0	3	23
1	4	22
1	2	21
1	3	20
5	9	26
4	8	24
3	5	22
0	4	25
6	7	26
0	11	91
0	12	91
5	8	23
3	7	23
2	7	21
3	7	22
4	7	22
4	5	24
5	7	25
5	6	25
4	6	24
3	6	23
4	7	23
4	7	23
5	9	30
9	14	30
2	6	21
3	5	21
7	8	28
9	11	33
9	9	32
4	9	24
6	9	30
3	6	22
2	5	21
10	13	38
12	11	38
9	10	28
3	8	23
2	8	24
2	5	23
1	6	21
3	5	23
9	10	34
8	11	31
8	12	32
8	13	31
8	10	30
8	12	31
9	12	32
8	13	33
9	10	31
9	10	30
7	9	27
7	10	26
7	10	31
6	11	30
7	9	24
4	5	23
3	7	21
0	3	90
2	4	21
5	9	24
8	10	27
4	7	23
2	5	21
2	6	20
4	4	23
1	5	20
2	5	21
5	8	32
4	6	27
7	8	28
7	8	32
4	6	24
0	4	90
4	9	22
2	6	22
2	5	22
6	11	25
7	7	30
8	11	33
11	17	40
10	14	35
6	15	31
5	9	25
1	5	24
0	5	23
1	4	22
1	3	22
4	6	24
7	10	26
8	8	26
7	9	27
5	9	27
0	7	90
0	15	91
3	6	21
0	8	91
0	9	91
0	17	91
2	4	23
4	5	23
2	7	21
0	17	91
0	18	90
5	8	25
6	7	26
7	9	24
4	4	23
2	5	21
2	6	24
6	9	25
0	-1	90
7	12	33
0	6	60
7	12	29
0	13	91
0	10	91
0	12	91
1	10	90
4	7	23
7	14	29
0	7	91
2	7	23
3	10	26
2	7	24
9	14	34
2	7	24
7	10	31
1	4	22
3	6	21
7	8	25
3	6	21
1	10	90
0	3	21
4	5	23
3	7	23
4	9	25
4	7	22
4	9	25
3	7	23
2	4	22
4	5	22
4	7	22
1	6	23
2	5	22
2	6	21
6	8	26
8	12	32
4	8	25
3	7	25
4	6	21
3	5	21
3	5	23
3	5	21
9	13	30
9	12	30
8	11	30
5	9	30
9	10	34
10	13	44
12	12	40
2	19	91
6	7	25
6	8	25
0	12	85
0	14	91
3	6	23
2	5	23
3	5	23
3	5	21
0	12	91
0	8	90
2	6	23
10	10	31
8	9	30
3	6	22
2	4	21
4	8	22
2	5	24
0	9	90
0	7	91
2	8	22
9	15	42
0	7	91
0	14	90
6	12	32
6	10	33
4	11	30
4	9	25
6	8	27
3	9	27
3	7	25
3	7	24
3	7	23
2	6	23
2	5	22
1	4	23
8	12	31
9	9	29
4	8	23
5	10	30
5	32	90
9	13	33
6	9	26
9	13	32
10	11	31
8	10	27
8	10	28
9	12	28
9	13	31
5	11	25
2	6	22
3	8	23
3	9	21
4	10	23
3	8	22
3	8	23
8	11	29
6	9	26
3	5	22
3	7	22
4	8	26
6	12	30
6	11	31
5	7	24
3	8	22
2	8	21
3	6	21
3	6	22
2	4	22
9	11	33
8	10	34
7	8	32
4	7	21
5	11	26
9	12	31
8	9	29
7	8	27
2	7	25
2	8	22
3	9	28
0	4	91
4	8	23
3	5	23
2	7	21
4	8	21
2	7	23
1	6	20
8	12	31
2	6	21
2	4	22
3	6	22
2	6	22
4	7	25
4	8	26
4	8	25
2	4	22
11	9	35
10	8	33
6	7	30
3	12	23
4	8	25
3	9	22
5	9	23
4	7	21
3	6	22
1	3	20
6	9	26
4	6	23
0	5	20
2	5	21
2	6	22
2	6	20
1	5	23
3	4	23
3	5	21
5	10	31
4	8	30
2	4	21
0	9	90
1	11	91
2	3	21
0	13	91
0	12	90
9	10	30
6	10	30
3	9	24
5	9	24
2	4	23
0	12	90
0	13	91
4	9	23
0	10	91
3	9	25
3	8	23
4	9	25
3	7	21
3	7	22
5	9	25
6	13	33
3	10	25
0	12	91
4	5	22
5	6	24
4	6	25
4	5	24
4	5	23
4	5	22
4	8	23
1	4	20
8	8	28
8	10	28
0	7	91
0	10	91
4	7	22
9	12	34
6	11	35
0	11	90
0	9	89
2	8	23
2	7	21
1	4	21
1	1	22
1	1	21
0	14	90
1	2	21
0	3	21
0	3	20
4	7	20
7	12	30
6	9	25
3	6	26
1	3	23
2	4	22
5	9	26
9	9	33
5	7	25
5	7	24
5	9	26
6	14	34
5	9	24
7	9	31
6	7	25
9	11	28
6	8	28
7	10	30
7	9	27
8	11	33
8	12	30
6	10	25
1	5	21
2	6	23
3	6	21
6	13	30
8	10	32
2	4	21
8	13	31
7	10	30
4	6	21
1	3	20
0	12	90
0	9	90
1	7	61
0	9	61
4	8	23
3	7	21
3	7	21
7	8	25
5	6	24
5	5	25
8	11	29
7	10	27
8	10	27
8	10	31
9	10	30
6	9	26
5	6	23
4	9	26
5	9	25
2	7	24
2	7	24
2	6	21
6	8	24
3	7	22
1	14	90
1	12	91
2	4	23
8	12	33
6	11	27
2	6	21
1	5	21
0	12	91
2	4	21
3	8	23
6	6	24
4	7	23
3	8	24
6	11	32
8	13	32
6	10	28
2	8	23
4	10	25
3	9	22
3	7	24
3	6	23
2	5	21
4	8	24
3	7	24
8	10	31
5	6	24
0	10	91
1	10	90
7	7	31
2	4	20
9	12	28
3	7	24
2	7	25
3	6	26
3	7	26
4	8	26
4	7	25
3	6	23
0	4	22
1	4	21
3	7	20
2	5	24
6	8	27
8	8	33
8	11	35
7	11	31
7	10	27
6	8	26
6	10	27
5	6	24
0	15	90
0	11	90
3	7	21
6	8	27
4	6	22
3	8	22
8	10	36
9	11	38
9	11	36
9	12	38
9	12	37
9	11	34
10	14	39
9	15	38
11	15	39
8	11	36
7	10	34
8	11	33
9	12	34
8	11	30
6	9	26
7	9	26
6	10	26
5	11	25
10	11	31
3	7	21
3	10	24
3	5	22
6	15	34
2	7	22
4	8	24
4	9	24
4	6	23
10	13	34
1	4	24
1	5	21
7	7	27
3	8	23
0	7	91
0	18	90
2	5	23
6	7	26
3	5	22
3	6	23
0	5	20
0	9	91
0	10	91
2	6	20
4	9	23
1	4	22
6	9	26
8	9	33
5	12	25
0	11	90
0	6	91
5	9	26
5	9	25
3	9	24
6	13	32
7	11	32
4	7	22
4	7	22
2	8	20
2	5	20
3	6	21
0	8	88
0	15	91
0	7	91
0	9	89
0	6	91
5	8	22
3	7	22
2	7	21
3	7	22
1	4	22
11	17	38
11	16	36
11	16	39
12	13	37
11	12	33
1	4	21
3	5	24
0	8	91
4	6	23
5	7	25
5	7	24
5	12	31
7	9	32
3	4	21
1	8	22
4	7	23
4	8	22
1	8	23
0	3	48
3	5	23
4	8	30
3	8	26
3	6	23
4	8	25
4	9	24
0	16	91
0	12	90
0	12	91
0	2	90
3	7	23
0	3	20
0	5	91
0	10	87
2	6	21
2	6	21
0	10	62
8	17	34
0	8	91
3	7	24
2	3	20
0	13	90
0	13	91
8	35	91
5	6	23
0	8	90
0	8	91
0	3	21
1	6	36
0	12	91
7	11	30
0	6	91
4	7	23
4	8	23
4	9	24
4	8	24
4	8	25
3	7	23
4	4	22
0	11	90
0	11	91
5	9	26
4	8	23
4	8	22
4	7	21
5	7	24
1	4	20
5	10	30
2	7	20
0	24	90
6	10	31
4	8	23
2	5	22
3	5	23
7	9	30
2	6	22
2	6	21
1	7	21
0	18	83
1	3	20
4	34	91
4	8	23
5	7	25
5	8	26
2	5	22
5	5	24
5	6	24
1	3	21
1	4	22
1	4	23
3	6	20
2	5	22
6	11	26
4	6	22
2	4	21
3	7	23
4	9	23
2	7	21
0	12	87
0	16	91
3	6	22
1	12	90
1	10	91
5	9	26
3	5	22
0	10	90
0	8	91
3	7	22
0	-1	90
0	9	90
7	11	31
8	10	31
8	10	30
8	10	32
8	9	27
7	9	28
10	10	32
1	2	22
6	11	31
5	12	27
4	7	26
5	8	25
1	4	21
5	6	27
4	7	24
3	5	25
4	9	24
7	10	31
3	6	22
0	11	91
0	16	91
5	10	28
5	11	32
6	5	28
4	38	91
2	4	21
1	3	20
4	9	26
4	10	24
4	12	26
3	8	25
4	9	23
3	8	23
0	4	21
0	4	90
10	16	40
1	6	21
0	7	91
1	5	21
3	6	22
10	16	40
7	9	30
5	11	32
4	14	30
3	5	21
4	6	24
4	6	21
0	12	90
0	11	91
3	5	20
6	8	29
8	10	33
7	9	32
8	14	35
9	11	32
4	6	24
8	8	25
7	8	26
0	4	57
6	9	32
5	8	24
3	5	24
6	7	30
2	4	22
3	4	22
3	4	23
4	9	30
3	9	24
3	5	24
4	8	21
3	10	31
7	10	25
9	12	34
3	5	23
1	5	22
3	5	23
2	6	21
2	4	21
3	9	24
4	9	24
2	8	22
0	12	91
1	6	21
4	7	23
0	11	90
0	6	91
2	8	22
2	5	24
4	8	23
3	8	23
3	8	22
0	7	90
0	7	90
3	7	24
8	11	30
10	12	38
4	8	24
4	7	23
3	5	20
5	13	31
7	9	30
5	6	24
7	14	31
6	12	31
2	7	30
7	10	34
3	5	21
3	7	23
2	6	20
3	9	23
5	8	23
6	12	34
2	6	22
2	6	21
8	10	30
7	9	26
7	9	27
0	6	91
0	8	90
3	7	22
2	9	25
2	10	25
4	9	24
3	8	23
3	8	22
1	8	24
1	6	23
0	36	90
4	10	27
4	10	26
0	8	91
10	12	33
7	10	26
3	7	23
4	6	24
1	11	90
0	8	90
0	11	91
0	10	90
1	3	22
1	6	21
2	4	23
2	6	22
3	4	23
0	11	91
0	-1	90
8	8	26
1	2	22
2	5	22
0	41	89
8	9	35
4	8	27
8	11	30
3	7	24
3	11	27
0	15	91
0	6	90
3	7	24
3	8	22
0	13	90
0	12	90
3	15	64
5	8	25
5	9	24
5	9	25
5	7	30
6	9	30
0	13	90
0	13	91
2	4	22
2	5	22
4	7	22
5	7	25
2	7	21
8	10	30
3	7	22
1	6	20
3	7	23
4	7	21
4	12	30
3	8	26
0	9	91
4	7	22
0	7	90
5	10	28
2	8	23
3	9	28
4	11	31
2	10	25
3	9	24
6	12	31
6	13	29
0	10	90
0	8	91
4	8	21
0	9	90
0	6	91
2	5	22
6	10	30
1	6	22
0	6	88
0	6	88
0	13	91
4	9	24
3	8	24
4	7	21
3	7	22
3	8	24
4	8	25
3	8	24
4	5	21
2	7	21
2	6	20
3	6	23
7	13	33
4	7	21
0	10	90
3	7	25
3	7	25
3	8	24
7	9	30
1	4	21
1	5	21
2	8	22
2	7	23
2	14	90
2	14	91
5	5	26
4	5	23
3	4	22
4	5	23
2	3	23
2	4	21
1	4	24
2	4	20
2	7	23
3	5	20
0	10	90
0	9	91
4	6	25
2	8	25
0	2	22
1	4	20
2	5	23
4	10	24
3	9	23
3	7	22
2	7	22
4	7	22
2	7	23
3	8	24
4	8	23
0	8	91
0	10	91
0	7	91
0	4	91
4	6	23
0	32	90
0	11	90
8	12	37
6	11	28
1	4	21
3	8	24
3	8	25
3	9	24
7	10	28
6	9	25
0	3	21
13	11	40
6	10	27
2	6	21
4	8	24
3	5	20
3	5	21
4	10	25
4	9	25
5	11	32
6	11	28
8	9	31
4	7	25
2	6	23
2	5	22
2	5	21
8	9	26
3	9	23
4	9	23
4	9	23
4	8	22
4	8	25
2	7	21
1	5	21
4	6	21
2	5	21
4	9	24
6	7	26
5	6	26
5	6	26
6	10	31
2	6	21
3	6	22
1	5	22
0	4	23
0	4	21
1	5	22
5	8	23
5	10	24
5	12	26
0	2	23
0	4	22
0	3	21
0	3	22
0	13	91
4	6	23
7	11	32
7	12	31
2	4	24
5	8	27
7	9	26
5	7	23
0	9	91
0	9	89
5	9	30
6	12	31
3	3	23
5	10	31
6	7	25
2	7	23
3	7	24
3	7	21
7	10	29
7	9	30
0	5	90
2	3	20
0	18	90
3	4	21
6	9	31
5	8	25
11	13	39
9	10	33
4	8	25
6	8	24
2	5	24
1	4	21
1	4	22
1	6	24
3	9	22
2	4	21
1	5	22
0	-1	91
0	-1	91
5	10	25
1	4	21
3	5	23
0	4	90
0	11	91
2	3	31
4	7	24
4	5	24
3	6	21
4	8	24
7	9	30
0	10	90
0	10	90
5	7	23
5	9	30
5	9	25
8	12	32
2	8	90
5	8	31
6	7	30
5	5	25
0	9	91
5	8	30
7	4	32
3	6	24
3	6	23
2	6	22
2	5	21
2	4	22
1	4	25
1	5	24
1	4	21
1	4	22
0	9	90
0	9	91
0	8	91
1	1	21
3	4	23
2	5	22
0	4	22
1	4	21
1	8	91
3	3	22
0	16	91
7	10	30
8	9	27
2	5	22
2	4	23
0	14	91
1	6	22
2	7	21
1	10	91
6	9	26
3	6	22
0	9	91
0	10	90
5	8	27
6	9	26
4	7	26
4	6	26
4	5	25
3	5	24
3	5	23
1	3	22
9	9	30
8	9	29
1	4	91
4	8	24
0	10	90
5	9	25
0	10	90
0	8	90
7	9	28
5	8	25
5	7	23
4	9	25
5	7	23
5	9	26
2	4	21
0	12	73
2	3	22
2	2	22
5	9	30
8	9	34
7	8	27
4	6	24
5	6	26
3	5	22
3	9	28
4	12	31
7	12	30
7	9	29
9	11	28
5	6	31
8	8	32
9	7	30
0	14	91
0	13	90
0	14	91
6	12	35
5	9	24
0	1	85
7	8	24
0	20	90
4	6	24
6	8	30
2	3	22
4	10	25
5	10	31
5	10	26
1	3	21
4	8	25
0	7	91
7	14	31
2	5	20
3	8	21
0	3	38
0	6	67
7	11	31
1	12	90
0	11	90
2	5	24
0	8	90
2	6	22
2	5	21
2	3	22
0	7	91
0	6	91
0	7	91
0	19	91
0	4	67
6	9	28
6	9	27
6	8	26
5	8	25
5	8	24
5	8	23
6	8	26
4	8	25
5	8	24
4	9	23
4	8	22
0	15	90
3	7	21
5	6	25
1	9	86
0	7	91
2	2	23
4	5	23
4	9	23
6	7	31
3	30	86
2	8	25
6	7	24
3	6	23
4	9	25
2	5	21
3	6	21
2	5	20
0	11	90
0	9	89
2	6	21
2	7	22
2	5	21
0	10	91
4	11	31
2	6	22
2	17	40
5	6	23
0	10	91
0	5	91
0	11	91
0	13	88
0	7	91
0	9	90
7	10	32
0	14	90
0	11	91
0	8	91
2	5	23
0	8	63
10	10	32
0	5	89
0	5	91
5	5	23
4	8	22
0	11	91
0	7	91
2	6	22
0	6	20
3	5	26
2	6	20
2	5	20
4	8	24
4	6	22
4	6	21
4	6	23
5	6	22
3	6	24
3	4	22
1	-1	91
0	22	90
0	7	91
4	5	22
2	5	22
6	10	34
0	11	91
0	11	91
2	5	21
2	5	23
2	4	21
8	11	30
9	11	30
3	7	21
1	15	90
0	4	20
1	4	21
5	6	22
3	3	22
0	16	90
0	15	91
1	5	22
0	24	90
4	11	30
3	5	22
5	11	32
0	12	91
0	10	91
2	5	23
3	10	30
8	11	30
4	10	24
0	10	90
3	7	23
6	8	25
5	7	25
0	9	89
0	14	90
3	10	22
6	9	30
1	5	21
2	5	22
7	10	26
3	8	25
0	4	35
5	5	24
4	7	23
7	8	24
1	6	20
6	11	91
2	6	21
3	6	22
2	6	21
3	6	24
4	7	21
3	5	22
3	7	24
5	12	30
5	10	24
5	10	25
3	7	25
2	9	22
4	8	30
2	7	23
4	6	23
4	6	23
6	8	26
5	7	23
8	10	31
2	6	21
7	9	29
3	1	24
7	10	27
6	25	90
2	23	90
9	10	30
8	10	28
7	11	29
0	5	90
0	10	91
0	2	22
0	7	91
0	11	90
0	10	91
1	6	89
1	4	21
3	6	21
1	6	22
8	10	30
6	10	30
9	12	34
5	6	22
4	8	27
5	5	24
6	11	28
5	7	30
2	5	22
4	9	25
3	7	20
10	11	34
10	11	30
5	10	25
0	9	90
4	7	24
5	7	24
4	8	25
8	11	32
3	19	90
4	9	24
7	10	26
3	8	23
2	8	22
5	8	28
0	12	90
0	12	88
4	7	23
1	8	24
1	6	22
4	7	25
8	13	36
0	9	90
8	7	32
3	6	21
0	34	90
3	9	20
0	-1	90
4	8	23
3	5	21
3	5	22
8	11	28
8	11	31
3	8	23
4	6	24
3	7	24
4	8	31
2	6	23
5	11	28
4	10	26
4	10	25
10	13	32
7	10	30
8	12	33
6	7	23
0	19	90
4	8	22
6	9	27
2	8	20
2	9	22
2	7	21
3	8	22
4	9	24
8	11	31
6	8	30
3	8	21
9	11	35
7	11	31
6	9	30
8	10	31
8	13	32
7	14	30
7	9	27
6	12	29
5	11	25
4	7	26
3	7	22
3	5	22
7	11	33
9	32	90
4	32	90
2	6	21
3	6	24
3	6	23
1	7	22
1	38	91
1	5	21
5	9	26
3	6	21
3	8	22
9	11	29
8	10	28
7	11	30
4	8	21
5	10	30
3	6	22
6	8	24
8	12	28
0	2	90
2	6	21
6	12	30
0	-1	90
0	13	91
9	12	26
8	11	28
4	7	25
5	10	30
11	12	37
5	8	26
9	9	30
5	9	24
6	8	25
5	8	25
5	7	21
5	8	26
0	12	91
2	8	25
4	7	21
5	8	24
7	10	28
5	8	24
5	8	23
6	8	27
8	10	29
8	10	28
7	9	27
4	7	23
4	7	23
3	6	23
3	6	21
0	4	90
0	10	91
2	4	21
7	9	26
5	8	30
7	12	33
9	11	32
8	10	27
7	12	31
9	10	28
10	11	34
6	9	25
4	10	25
3	9	30
6	8	24
7	12	30
4	6	23
9	8	29
5	6	23
2	8	20
6	11	30
2	5	20
8	10	28
3	9	28
8	11	30
6	6	26
5	9	24
4	7	26
4	7	22
3	6	20
5	10	30
6	7	24
6	10	34
9	10	35
5	10	32
6	9	28
5	8	31
6	8	31
8	9	32
3	9	28
3	6	24
3	6	23
4	8	22
9	10	79
10	13	88
3	7	24
6	11	26
2	6	21
2	5	20
1	11	91
1	9	91
8	12	35
3	9	25
4	7	24
3	6	22
2	7	21
4	8	23
4	7	21
6	7	25
8	9	32
4	10	26
5	9	27
6	12	33
5	11	27
5	12	26
4	11	26
4	10	25
3	10	26
3	10	25
5	8	25
3	6	24
9	13	36
2	5	22
3	6	24
0	8	91
4	7	24
3	12	26
2	3	21
4	8	24
0	13	91
0	8	90
3	7	21
5	6	27
6	8	30
4	6	26
4	7	25
4	7	24
5	7	31
1	4	23
0	16	91
0	15	90
8	12	32
3	6	20
6	11	30
5	9	25
2	9	24
5	6	23
4	5	23
5	10	25
3	5	21
2	6	22
2	5	21
6	10	29
4	6	25
7	12	33
6	11	31
3	8	25
6	10	28
0	5	39
7	9	26
2	5	21
6	12	31
3	8	22
3	8	23
0	0	90
1	5	21
3	9	23
5	10	26
5	10	25
2	6	21
3	10	27
4	11	29
3	6	23
4	8	26
6	10	30
1	14	91
3	5	23
2	7	21
1	6	20
3	8	26
3	8	25
8	12	35
4	7	24
4	7	30
2	5	22
3	5	22
0	10	91
0	8	91
0	7	90
0	12	90
5	10	26
3	6	24
5	8	26
4	6	23
2	5	21
4	6	21
2	7	23
6	8	23
6	9	24
1	6	22
0	1	66
7	13	35
9	11	32
5	8	25
2	5	21
2	6	22
2	7	20
4	7	23
3	7	26
7	12	30
4	11	24
5	8	21
5	8	23
1	4	21
5	9	23
2	5	22
4	7	22
0	8	91
0	10	90
5	10	23
6	10	24
6	10	26
8	8	32
10	16	36
7	8	25
5	9	24
1	4	23
0	12	79
0	13	79
4	8	22
2	6	22
5	9	27
4	8	26
3	8	26
3	8	22
3	7	23
2	10	30
3	7	22
3	7	21
4	8	23
4	7	25
2	31	87
3	6	22
3	6	25
5	6	25
1	6	20
0	-1	90
2	4	22
3	12	31
2	13	88
4	7	20
3	6	25
2	7	21
0	14	91
0	11	90
0	3	22
1	6	21
2	5	20
4	6	22
3	6	24
3	7	25
3	5	23
4	6	25
6	11	29
2	7	23
3	6	23
2	6	22
3	7	22
4	7	25
5	9	23
7	10	32
3	7	22
3	7	21
3	5	22
6	8	25
4	10	28
2	5	21
5	9	25
2	5	22
6	9	29
5	12	32
5	11	27
6	11	31
5	8	23
2	8	24
2	6	22
1	6	20
3	7	24
2	5	21
2	6	22
1	6	21
0	8	91
0	12	91
2	6	21
4	9	26
0	9	91
10	17	39
1	5	21
4	7	24
4	6	21
1	3	20
4	5	21
0	17	91
0	11	91
0	35	90
5	10	26
6	10	31
5	9	25
5	8	25
5	10	27
0	9	90
0	11	90
3	5	20
4	9	26
11	9	34
3	4	24
4	10	27
4	11	30
2	4	21
3	4	22
4	6	24
3	7	25
5	9	26
0	9	75
0	9	91
5	13	31
6	8	23
2	7	21
7	8	27
5	7	23
5	8	25
1	5	21
1	3	22
2	3	21
2	6	23
2	6	24
2	6	26
3	7	22
2	7	22
3	7	22
1	6	21
5	7	26
4	6	23
2	7	23
3	5	22
4	5	22
0	5	91
3	7	22
6	8	25
6	8	25
5	7	29
3	6	25
4	5	25
5	4	23
0	4	91
4	8	28
4	8	26
2	4	22
2	7	21
2	3	23
1	11	90
1	12	91
1	12	91
0	8	91
1	3	21
1	5	22
4	9	25
0	1	21
5	8	31
7	10	30
7	11	29
4	14	91
6	12	90
2	6	21
2	5	22
4	10	25
4	12	28
4	7	26
0	7	91
0	10	91
2	20	90
6	11	27
8	12	30
1	31	90
0	12	91
0	-1	90
5	8	30
5	9	24
0	6	91
0	6	90
4	7	30
3	9	25
2	6	21
2	2	22
5	9	32
5	9	30
0	4	22
1	16	91
0	8	81
0	14	90
0	7	91
2	4	22
0	9	90
0	9	45
9	10	33
11	15	39
7	12	30
7	12	28
9	14	34
8	12	31
5	13	29
8	14	32
2	6	21
3	9	23
4	10	26
9	8	33
3	6	21
1	11	90
4	5	22
4	8	26
1	13	90
4	8	25
3	8	22
2	6	22
7	9	31
0	5	91
0	16	90
0	9	91
0	-1	91
4	10	24
1	5	22
1	11	90
0	13	89
3	7	23
3	6	24
3	5	22
3	7	22
2	7	21
2	8	22
6	12	31
5	8	22
1	3	23
3	8	31
0	19	90
0	22	90
0	12	91
3	7	23
1	-1	91
6	9	30
8	12	30
4	9	31
2	5	21
2	3	21
0	10	90
7	11	26
1	9	87
3	8	26
5	7	24
4	9	25
2	2	23
3	5	22
3	6	20
4	5	23
4	10	30
9	14	30
7	10	32
3	7	22
5	9	33
1	8	21
0	9	90
0	11	91
0	8	91
0	15	90
1	6	22
0	7	90
0	11	91
4	7	24
2	7	23
2	7	22
2	7	22
2	7	20
0	4	22
7	10	35
0	11	91
3	10	25
0	4	21
1	2	21
0	4	90
4	7	24
0	10	87
1	9	90
5	9	23
3	7	24
2	5	20
2	5	21
5	12	30
0	8	90
0	11	90
7	10	25
6	9	30
4	5	23
5	7	25
6	8	26
6	9	28
4	5	22
3	8	24
7	11	29
6	12	30
7	9	26
1	6	20
0	4	21
2	3	22
2	6	22
3	9	23
3	7	22
3	7	22
4	42	90
0	7	90
0	12	90
0	8	89
8	8	30
7	9	28
3	4	22
4	8	25
3	7	23
4	7	30
3	6	21
7	11	29
6	14	32
4	11	24
6	9	24
4	8	25
0	8	90
0	-1	91
7	9	26
6	11	29
6	13	32
6	11	26
5	8	25
7	13	32
10	11	35
9	10	36
10	12	33
2	4	21
0	5	22
1	4	20
2	4	22
6	9	27
5	10	30
4	7	22
5	11	28
4	6	24
3	5	22
4	5	21
1	5	21
3	7	21
4	7	25
3	6	24
5	7	26
5	8	26
5	7	25
1	2	20
3	10	27
8	8	31
7	11	32
8	10	32
7	10	30
5	11	30
2	6	22
3	6	23
3	7	24
7	9	26
7	8	26
4	5	25
3	5	23
2	10	29
7	8	25
4	9	24
0	8	91
0	9	90
6	13	31
5	10	31
5	10	30
6	12	33
3	6	21
1	11	90
1	8	91
0	27	90
3	7	23
1	4	20
1	3	21
0	2	22
1	3	23
2	4	22
3	6	20
6	10	25
0	3	91
2	4	21
1	6	21
4	11	24
4	9	23
3	5	22
3	7	23
3	7	24
3	6	25
0	4	74
0	-1	74
6	12	30
2	7	23
2	7	21
2	7	20
1	6	21
3	6	21
5	11	27
3	9	23
1	6	20
1	4	20
5	8	24
5	8	24
5	8	23
5	9	25
5	10	25
4	9	30
4	7	23
3	11	31
4	9	27
4	7	25
4	7	22
4	7	24
5	6	23
1	2	40
1	5	40
7	9	31
6	7	22
8	7	32
8	7	33
8	6	31
8	9	33
8	8	32
6	6	30
1	7	91
2	6	23
2	5	22
4	8	24
3	6	21
0	4	89
0	5	90
0	6	90
9	12	31
8	11	28
8	12	31
8	12	30
7	10	27
0	26	90
8	12	31
3	8	25
2	5	23
5	8	21
10	11	34
5	8	24
3	6	22
2	7	22
0	10	89
0	7	84
6	8	30
3	6	22
1	-1	91
0	11	91
0	14	90
1	5	21
3	7	25
7	9	29
8	10	32
4	7	26
3	5	21
3	6	22
0	8	90
0	8	91
2	5	21
2	4	22
8	11	30
8	14	34
4	9	23
1	4	20
2	6	21
0	6	91
8	10	27
0	13	90
7	9	31
2	6	21
1	6	25
2	5	21
1	5	24
2	7	21
5	8	23
3	6	90
2	7	90
3	5	24
2	5	23
8	14	29
0	5	48
0	3	48
5	9	24
4	8	24
3	10	24
4	9	25
3	6	23
2	5	22
0	3	20
2	4	22
5	9	30
1	4	20
5	8	25
3	8	24
3	7	22
2	7	22
0	6	91
0	9	91
0	7	91
9	14	31
7	10	31
0	9	90
5	9	26
4	8	24
2	5	22
3	6	23
3	5	22
1	6	21
3	8	24
4	7	24
4	7	23
3	7	20
3	6	23
3	8	23
4	7	21
3	5	25
7	12	31
7	10	27
7	9	28
5	8	26
6	10	26
8	9	25
4	6	21
2	7	21
2	5	20
4	6	22
6	5	27
6	12	34
3	5	21
4	9	23
10	14	34
8	9	31
8	9	30
9	10	31
0	4	91
7	12	31
6	10	30
4	8	23
2	7	21
0	11	90
5	8	27
3	7	24
4	8	25
4	8	24
2	6	25
3	6	21
6	9	31
2	6	22
6	9	25
2	5	23
1	5	22
2	6	24
8	11	32
6	6	27
1	4	21
2	5	20
4	9	22
4	5	24
10	12	30
4	6	24
4	5	24
3	6	23
2	4	22
5	6	24
0	13	89
8	9	31
5	8	32
8	7	31
3	5	23
2	5	23
6	7	23
2	5	24
2	5	22
1	3	21
2	4	23
4	6	23
4	6	23
5	6	23
4	6	23
4	7	22
4	7	23
4	8	23
3	8	23
2	7	23
2	7	23
2	7	22
2	7	21
7	9	30
3	8	23
6	8	27
4	5	23
2	4	23
2	4	22
3	4	21
3	7	22
0	8	90
0	8	91
5	11	31
3	7	22
3	7	23
3	6	22
2	6	24
3	6	23
4	4	23
2	5	21
0	3	22
1	3	21
3	6	22
5	6	26
2	8	21
0	7	63
3	8	25
3	9	29
7	8	29
1	2	22
7	11	33
0	12	91
0	11	90
1	11	86
0	10	86
4	7	24
2	5	23
0	6	90
9	10	27
2	6	25
5	6	24
7	11	29
0	10	90
0	14	91
0	11	90
0	13	91
4	7	23
1	2	21
3	7	22
5	7	24
2	5	22
2	5	20
2	6	23
2	6	21
2	7	23
4	7	25
1	4	22
2	4	21
2	3	90
2	6	22
0	12	91
0	11	91
4	5	22
8	12	35
6	7	26
6	8	26
3	6	23
3	7	23
2	6	22
0	6	91
0	5	91
5	10	31
5	9	31
3	6	22
3	7	24
5	6	23
6	7	26
3	9	26
0	3	21
4	7	24
3	8	23
6	11	30
0	16	90
3	18	90
0	16	90
3	7	20
6	7	28
5	7	23
5	7	25
6	9	27
8	8	27
7	7	30
2	5	21
3	9	24
2	8	25
8	8	34
7	6	27
8	6	27
7	7	25
3	7	20
3	6	22
2	8	22
6	8	26
6	8	25
3	11	26
1	4	21
0	16	57
4	24	91
0	16	91
2	6	20
2	6	21
6	8	25
1	3	22
6	7	27
5	9	30
6	7	25
10	16	35
11	11	34
10	12	33
9	13	33
10	10	31
8	11	30
8	9	28
9	7	27
2	3	21
4	8	25
2	7	22
6	35	91
2	7	30
2	4	21
4	6	23
3	6	22
0	14	81
0	3	21
8	10	33
3	6	25
4	6	23
4	7	22
2	4	21
4	6	22
3	7	23
4	7	26
2	6	21
2	7	22
2	8	24
2	7	23
9	12	34
9	13	33
7	10	27
9	11	29
6	7	28
6	7	24
4	7	25
7	7	24
1	4	23
1	4	21
1	3	23
1	3	23
2	7	23
3	6	23
4	7	23
7	10	26
2	6	22
4	11	27
6	9	28
8	13	31
1	4	21
1	7	20
8	13	34
5	12	31
5	8	25
1	9	91
3	7	22
1	4	22
3	9	24
3	8	22
4	7	22
0	9	91
0	14	91
4	10	26
5	8	23
5	11	25
6	10	27
6	6	25
4	8	27
3	8	26
4	7	22
0	2	21
0	3	20
7	11	29
5	3	26
5	11	31
5	12	30
4	14	33
4	10	30
4	12	30
4	12	30
6	12	30
5	13	29
5	10	25
6	11	25
6	11	26
0	-1	91
6	5	26
3	6	24
1	15	90
0	12	91
8	11	37
0	8	90
0	6	91
0	16	91
5	6	23
5	5	23
4	5	21
5	7	23
4	6	23
2	5	21
4	6	24
2	5	21
1	40	90
5	6	24
5	8	25
0	2	33
2	6	22
5	5	22
0	18	90
7	8	30
3	5	23
1	38	90
2	3	21
1	2	22
1	4	23
4	7	23
4	7	21
2	6	20
8	11	31
4	6	22
4	6	23
4	7	26
7	10	31
0	2	91
0	8	91
4	7	25
0	13	91
2	12	25
5	5	31
3	7	24
1	4	20
2	3	21
5	10	30
6	9	25
0	5	91
0	10	90
4	7	24
0	14	91
0	9	91
9	8	34
1	7	21
3	8	66
3	10	66
0	3	20
4	9	23
0	16	91
0	9	91
1	4	23
0	12	90
2	4	20
8	9	27
5	6	24
5	6	22
4	8	25
4	28	90
2	6	21
0	6	91
0	3	91
5	9	32
3	9	25
4	10	25
3	4	21
7	8	29
0	-1	91
1	4	20
6	10	25
0	7	87
0	6	91
0	6	91
0	2	20
0	3	21
0	2	22
1	5	25
1	4	23
0	23	90
0	-1	90
4	2	23
2	8	21
3	8	24
4	7	24
6	7	25
10	9	35
5	7	29
0	14	91
1	15	91
0	4	91
0	3	68
3	9	24
4	11	23
0	11	91
0	13	91
4	9	23
4	7	22
2	5	21
2	5	22
4	6	24
4	6	22
1	5	21
4	6	23
4	6	23
2	5	22
2	8	24
7	8	30
9	10	32
3	6	22
3	6	22
1	6	22
4	5	25
8	10	30
2	8	23
4	8	22
3	9	23
5	6	24
5	9	29
3	7	24
4	8	23
4	7	23
3	7	27
2	6	21
9	11	33
0	12	90
0	14	91
6	9	25
1	11	88
0	7	91
9	15	34
4	6	22
3	7	23
4	6	24
3	8	24
0	11	91
0	14	91
9	13	34
3	6	22
2	5	22
2	5	22
3	8	23
5	5	26
4	8	22
5	8	25
0	6	90
9	9	27
0	11	90
0	18	90
4	6	25
5	9	23
5	12	28
1	7	91
7	10	31
7	9	30
7	8	28
3	9	24
3	6	22
11	34	90
7	13	31
8	11	33
0	15	90
1	4	21
2	4	25
2	6	23
1	12	91
2	5	26
6	8	24
1	6	22
5	6	22
2	6	22
2	6	23
4	6	23
5	5	24
4	7	23
3	4	23
2	4	22
2	3	21
2	6	22
2	6	21
1	7	22
4	7	25
4	7	23
4	6	21
0	5	22
0	5	20
5	9	25
6	10	32
1	4	21
0	3	22
0	4	23
0	4	23
1	11	91
0	12	90
2	6	20
0	6	91
0	5	90
10	12	32
7	9	31
3	6	21
2	7	23
0	19	91
0	14	91
6	7	25
0	15	89
6	8	32
0	12	91
6	11	28
4	5	23
2	5	21
7	14	34
6	10	25
6	8	25
3	7	21
2	7	24
2	6	24
4	7	23
4	7	21
3	8	22
2	7	22
5	7	23
0	7	90
5	13	33
6	8	32
5	10	30
4	7	24
0	7	23
6	10	26
7	10	29
2	5	20
7	10	30
6	8	23
0	6	90
0	12	91
2	6	22
4	7	24
0	12	91
0	12	91
0	4	90
4	6	24
0	7	91
7	11	27
4	6	25
0	7	91
5	8	26
2	8	23
3	6	22
2	7	21
5	12	33
4	5	22
0	11	91
0	-1	88
0	4	40
0	3	40
1	5	20
8	8	27
2	6	21
0	12	88
0	13	91
5	7	22
3	6	22
1	4	20
0	11	91
3	11	30
4	8	23
3	4	21
2	8	22
0	13	77
3	6	21
6	11	31
5	8	24
5	8	25
0	10	90
1	7	89
2	3	20
3	7	23
2	5	22
2	6	21
4	9	23
3	8	22
0	4	22
2	4	24
2	4	21
0	4	22
5	9	30
0	11	90
1	5	20
0	7	90
0	4	22
1	3	21
1	4	21
1	10	91
6	12	30
2	4	22
6	5	27
7	13	31
7	11	28
6	10	26
5	9	24
0	9	91
0	10	90
2	6	22
1	17	91
5	11	28
7	12	29
5	13	28
4	10	26
2	7	22
4	7	22
2	5	22
4	5	23
3	5	22
5	13	29
4	8	23
3	9	24
2	9	25
2	7	23
1	3	24
2	4	21
0	11	85
3	4	21
0	11	90
0	9	90
5	8	25
7	15	33
6	15	31
6	12	27
7	13	30
5	11	30
4	8	23
11	12	32
6	6	32
9	11	30
11	15	33
8	11	26
8	11	27
9	11	28
8	11	27
8	12	29
0	6	91
0	8	91
8	10	27
1	6	27
0	14	91
8	8	30
0	4	90
0	6	91
0	12	90
0	12	91
3	6	20
1	1	23
3	4	23
4	5	22
4	4	22
3	5	24
2	5	22
3	7	24
0	10	90
1	5	21
0	3	22
2	4	24
1	3	23
0	13	90
0	10	90
2	6	22
0	13	81
0	13	81
8	11	32
0	4	21
0	3	45
0	4	45
0	3	84
0	10	90
0	11	89
0	10	91
0	11	91
1	5	20
8	8	27
1	5	21
6	8	30
0	12	91
3	6	21
3	5	23
8	7	33
0	4	21
0	2	21
6	8	25
3	6	23
4	-1	91
1	3	22
6	8	26
3	6	22
6	9	30
0	4	20
0	8	91
0	6	91
0	10	90
8	10	30
8	11	30
2	5	22
3	5	21
0	4	91
2	4	21
3	6	21
1	3	20
5	8	30
6	8	31
0	1	88
0	3	91
1	3	22
0	1	20
7	10	30
3	5	24
4	6	22
4	6	23
3	6	24
1	19	90
2	5	22
2	6	21
3	7	22
2	7	20
3	7	22
4	6	23
8	7	34
3	5	22
2	5	23
2	4	21
0	5	91
3	6	23
8	10	29
0	6	91
0	15	91
0	4	21
1	8	22
3	6	23
2	4	21
0	14	90
0	13	91
1	15	90
0	11	88
5	6	25
6	6	24
4	8	26
1	5	20
7	13	35
5	7	28
6	11	30
1	5	21
3	5	21
6	9	22
3	7	21
0	6	87
0	6	87
4	6	21
7	10	27
2	5	21
0	10	91
2	5	21
4	9	24
3	6	21
0	7	90
3	5	21
0	4	23
1	3	21
0	4	24
0	4	23
1	4	25
0	3	22
6	7	25
6	9	32
3	5	22
3	6	21
3	6	20
0	7	91
0	10	91
5	7	24
3	7	22
5	7	25
0	19	84
0	19	84
6	9	25
6	9	24
4	11	28
0	8	91
1	3	21
5	9	29
5	11	30
1	6	21
4	6	23
0	24	90
2	5	22
4	6	24
7	8	26
2	6	21
8	9	33
5	8	23
3	6	24
0	16	90
2	4	23
1	3	21
3	4	22
2	3	20
1	4	21
0	16	90
0	11	91
3	7	23
2	8	22
0	15	90
0	15	86
7	8	24
6	11	32
2	4	22
3	5	23
2	5	22
0	0	24
5	10	26
0	4	20
1	4	23
2	5	22
0	4	21
2	4	22
6	8	26
6	9	28
4	5	23
2	6	22
4	8	24
2	5	23
0	3	79
0	1	25
1	2	20
2	5	21
3	7	24
3	7	22
2	6	22
2	5	25
0	14	91
4	37	90
5	7	25
2	6	21
1	2	20
4	7	24
7	12	32
3	7	21
5	11	30
0	4	30
2	7	23
0	8	90
0	12	91
8	10	33
6	9	22
5	11	32
2	4	23
1	5	21
0	4	22
6	9	28
4	9	25
0	12	91
0	14	90
1	2	29
4	7	23
2	6	22
5	9	25
5	9	24
4	8	23
9	11	32
10	10	32
2	35	86
10	37	91
3	6	21
4	11	30
3	5	26
6	13	27
1	10	90
1	9	91
2	5	20
5	10	32
4	5	22
4	7	20
7	9	27
4	9	23
4	11	25
5	10	28
7	12	38
2	10	23
7	10	26
1	5	24
0	10	91
0	24	91
8	8	30
4	6	23
3	5	22
3	6	22
3	10	26
7	8	26
3	6	22
3	8	22
2	6	20
1	27	90
0	19	91
1	11	91
3	4	21
3	9	25
3	8	23
3	7	22
7	8	31
2	4	21
1	4	21
1	4	20
5	12	31
4	5	21
6	11	27
2	4	22
3	8	21
2	7	32
2	5	21
2	4	21
1	6	20
0	13	91
4	8	25
4	8	23
4	6	23
0	3	20
0	3	24
0	3	22
0	2	23
0	13	90
3	9	28
4	7	23
5	7	25
7	12	31
4	7	23
5	9	23
2	12	27
0	10	83
1	12	83
3	4	24
4	5	22
4	6	23
0	27	90
0	10	91
0	8	90
4	5	22
8	9	31
19	21	48
6	8	30
9	12	33
9	11	32
4	6	24
1	4	21
4	8	25
3	5	22
2	7	23
6	6	31
4	7	23
2	5	21
2	6	21
1	7	22
2	7	21
3	6	21
7	26	90
0	7	91
0	6	90
1	5	22
0	5	23
0	2	21
3	6	22
0	8	91
6	10	24
4	7	23
0	11	91
0	5	91
2	6	24
3	7	23
1	2	21
3	6	23
4	9	23
1	22	91
4	8	24
4	8	24
4	8	23
2	5	21
2	5	22
7	14	30
3	4	24
3	4	25
2	3	22
2	2	23
3	2	24
3	3	22
0	15	90
1	9	90
2	5	22
11	9	42
6	10	30
7	6	27
6	5	24
6	5	25
7	6	27
7	9	25
4	8	24
3	9	24
4	8	22
5	8	23
0	4	20
5	6	26
4	5	23
0	3	21
0	12	90
6	8	26
8	9	32
0	13	91
2	6	22
1	5	21
4	5	22
5	3	25
4	9	23
0	21	91
3	8	24
2	6	23
3	7	22
2	4	22
2	6	22
5	9	30
0	6	90
0	5	66
1	3	20
2	3	21
0	2	21
3	6	22
0	16	91
7	9	27
7	8	24
0	14	91
0	12	91
4	6	22
5	5	23
9	10	32
2	5	23
5	7	26
0	3	21
1	11	90
2	4	22
3	8	22
2	8	25
1	12	90
1	7	22
0	24	91
3	7	30
6	6	29
0	9	91
3	2	21
2	5	22
0	4	22
2	4	21
6	11	26
3	7	22
2	5	21
4	6	23
0	7	89
0	6	90
5	7	23
3	7	23
0	5	61
5	8	30
0	9	90
0	8	91
5	8	30
6	9	28
1	6	91
1	7	24
2	3	21
0	6	91
2	5	21
8	12	34
8	11	31
7	10	31
7	11	33
8	14	37
7	11	33
6	11	30
4	11	30
5	9	27
4	8	24
3	6	22
4	7	24
3	8	23
3	8	22
3	8	21
2	8	20
2	5	24
4	7	21
2	5	22
2	4	22
0	7	91
0	10	90
4	9	25
7	8	33
5	6	29
3	7	26
4	6	30
4	5	25
2	5	20
3	5	23
1	4	20
4	7	23
3	4	21
4	7	23
7	14	28
3	6	22
5	6	24
1	5	25
3	7	21
1	5	22
2	8	23
2	5	21
0	7	90
0	8	90
0	15	91
1	5	23
4	9	31
4	8	24
4	5	24
0	4	90
3	5	21
3	4	23
0	10	91
7	13	31
5	6	23
1	5	21
1	5	20
2	3	22
5	8	31
2	7	23
10	12	34
0	11	91
0	12	91
0	8	91
2	4	22
6	9	30
2	3	22
3	3	21
2	4	22
7	7	28
9	11	33
8	13	35
7	10	31
6	9	27
7	9	26
6	11	27
6	9	27
6	11	28
3	6	22
4	10	24
0	11	90
4	8	22
3	5	23
1	6	20
2	5	21
0	13	78
5	7	23
1	27	91
2	6	21
2	5	21
5	7	23
5	8	24
3	6	22
3	4	23
6	11	32
2	6	23
2	5	24
0	8	91
5	8	25
7	8	24
8	17	36
10	9	31
7	11	33
5	11	32
6	13	34
6	12	34
4	10	28
7	11	33
5	12	31
6	12	30
5	12	34
5	13	33
7	13	35
6	12	35
5	10	31
4	10	27
2	7	22
5	10	31
6	8	27
9	12	30
8	10	30
8	9	31
7	9	29
8	12	30
0	8	91
0	10	91
4	6	22
6	9	24
0	9	91
0	9	89
1	8	40
2	8	20
5	4	27
4	3	24
0	10	90
0	9	91
8	12	29
0	6	91
0	9	91
2	3	22
3	7	26
4	9	30
3	7	25
4	7	26
3	8	28
5	9	29
3	6	23
5	8	27
0	16	90
3	6	23
3	4	55
3	6	25
1	5	24
4	6	22
1	4	21
0	11	91
0	12	91
4	10	29
4	10	23
1	4	21
8	11	30
6	10	30
3	9	22
2	8	20
6	13	31
8	12	29
7	11	30
8	10	30
6	8	26
9	12	32
3	7	22
4	11	27
0	10	88
5	9	24
3	4	21
5	7	24
4	8	23
0	10	91
3	8	21
0	12	91
6	9	30
5	6	26
5	7	25
10	13	34
6	9	31
3	7	23
3	6	22
3	5	21
2	6	22
6	41	91
7	13	30
3	7	23
2	9	23
5	7	32
2	7	90
0	2	20
0	3	91
0	8	91
2	5	23
3	6	25
3	6	24
3	7	25
2	7	23
4	7	25
3	6	21
11	13	39
4	7	27
0	10	90
0	6	42
4	6	25
4	6	26
0	11	89
1	5	21
0	5	22
2	11	32
5	15	31
5	8	25
6	11	25
5	8	23
4	7	25
6	11	27
4	12	30
9	10	26
0	7	91
4	6	22
1	3	23
8	10	31
3	8	22
4	10	25
0	9	90
0	12	91
8	11	33
5	8	24
3	7	24
2	8	29
0	7	67
3	7	24
5	8	31
1	11	91
1	11	91
0	10	90
0	8	91
2	2	22
3	6	22
5	8	26
0	12	91
0	7	91
0	4	21
1	6	70
6	16	91
3	10	90
7	4	30
4	7	22
3	7	23
6	8	30
0	6	60
0	5	21
0	4	21
2	7	22
0	11	91
0	7	90
2	7	21
3	5	22
0	13	91
0	6	90
3	9	25
2	6	23
11	16	36
3	6	23
3	7	21
2	5	21
3	6	24
3	8	21
4	9	25
3	7	22
7	9	27
6	8	25
5	7	26
3	8	22
5	8	25
6	12	26
5	8	26
5	8	24
4	7	20
6	12	32
5	9	24
4	7	27
4	4	24
2	2	22
6	10	24
0	11	90
0	10	91
2	5	21
3	5	24
6	9	26
5	10	30
1	6	26
3	6	23
7	9	29
6	10	28
0	9	91
0	11	91
4	9	25
3	7	22
2	4	21
5	10	30
0	4	20
2	23	91
8	10	33
9	14	33
3	7	22
2	5	20
3	4	23
2	7	22
3	5	21
7	8	26
2	6	21
3	5	21
8	9	28
9	10	30
9	9	31
3	10	30
1	22	74
1	3	25
4	6	24
6	9	27
0	4	22
0	8	91
2	6	24
0	2	20
0	3	21
4	9	23
3	7	22
3	6	22
5	10	26
6	8	28
1	4	21
3	6	22
4	7	24
3	7	21
3	8	23
3	7	23
3	7	22
2	5	21
10	11	33
7	10	32
10	12	34
7	9	28
6	14	35
5	13	32
6	12	31
6	14	32
8	13	36
4	8	25
2	8	25
10	10	35
3	4	21
3	7	25
6	5	25
0	7	91
1	7	90
4	5	24
4	6	24
3	5	23
8	10	30
1	8	91
1	8	91
3	5	22
7	10	27
3	7	20
8	9	34
5	6	23
4	7	26
1	3	21
2	4	21
3	9	23
2	6	21
2	7	20
3	7	23
4	6	22
3	5	22
2	5	21
2	7	21
4	5	24
0	12	91
4	10	24
2	6	22
5	8	25
6	8	25
2	5	22
3	7	21
4	10	28
7	8	31
7	7	30
2	26	90
0	10	90
0	11	91
10	14	34
6	8	31
5	6	25
2	6	22
3	7	23
3	7	22
3	6	20
0	9	90
0	10	91
3	9	25
1	6	21
0	11	90
0	7	91
4	6	21
3	6	22
4	7	23
8	10	27
3	30	91
2	7	22
0	9	91
0	5	91
5	9	24
3	9	23
2	7	23
6	10	25
2	7	21
1	6	22
3	7	25
5	9	23
6	10	30
2	7	21
5	9	24
4	9	26
1	4	21
6	9	30
0	12	90
3	5	20
2	8	21
1	9	90
0	20	90
3	6	25
3	5	24
6	11	35
7	10	32
6	9	27
1	30	90
3	6	22
5	8	25
3	6	22
4	8	23
2	4	24
0	4	21
1	4	22
3	2	23
1	2	22
3	2	21
1	11	91
2	7	23
6	7	22
5	6	24
0	3	21
8	9	34
3	7	23
3	7	22
0	12	90
0	8	90
0	7	91
0	-1	91
1	5	89
5	8	27
4	5	22
1	3	22
1	6	21
0	3	22
1	6	20
2	5	20
1	5	24
8	11	30
0	10	90
0	11	91
0	8	89
0	9	90
3	6	22
4	9	26
11	15	39
10	14	36
4	7	25
7	8	26
4	8	23
0	11	90
0	12	90
2	6	25
0	11	91
0	12	88
3	7	22
2	8	22
2	8	21
0	8	91
1	9	91
1	13	91
5	8	32
4	11	30
1	6	23
0	6	66
10	10	30
0	-1	90
4	8	26
7	9	24
2	8	25
2	9	24
3	9	23
3	9	26
8	13	33
0	10	91
0	12	79
3	5	21
3	10	33
2	3	24
1	4	23
5	33	91
5	33	91
3	6	24
3	10	25
0	3	21
0	6	23
0	4	22
4	11	30
6	7	25
2	3	22
9	10	33
3	7	23
4	11	30
2	7	23
3	7	21
2	7	21
2	5	20
2	6	21
1	6	21
5	7	22
8	16	39
7	13	32
8	14	38
9	16	36
3	11	27
5	10	25
6	13	28
0	8	90
7	10	28
2	8	21
6	10	24
0	35	90
7	9	26
7	8	30
6	8	28
1	5	21
8	12	28
3	7	23
6	9	22
3	6	23
3	3	23
4	6	22
3	6	23
6	9	25
3	8	24
5	7	25
3	7	23
6	10	26
4	9	25
5	9	24
5	7	23
4	8	25
7	13	27
4	9	26
7	12	26
7	12	32
4	6	25
0	11	91
5	40	91
4	8	30
4	8	26
4	7	23
3	6	21
4	6	24
5	8	25
6	9	25
6	12	31
4	12	26
4	10	25
4	8	24
6	9	25
5	9	25
3	11	24
4	10	33
5	11	32
6	9	25
4	7	31
1	9	91
9	14	34
11	17	39
12	16	36
12	16	39
3	5	22
2	6	22
6	10	26
3	8	24
5	9	25
4	8	26
6	10	26
8	10	32
8	10	30
8	10	32
3	5	29
5	7	25
3	8	24
3	10	23
3	8	24
4	6	23
4	5	22
1	6	20
5	6	24
0	4	91
0	10	91
6	8	23
7	12	29
0	10	77
7	13	30
0	18	91
4	10	28
1	5	20
6	13	31
4	7	25
3	7	24
6	12	30
6	11	27
0	12	91
0	11	90
0	2	22
4	7	31
5	9	28
4	9	25
5	9	26
6	9	27
5	8	26
3	6	22
3	5	25
2	7	21
0	5	91
0	12	91
4	6	25
2	4	20
3	6	22
2	6	21
4	7	23
3	10	27
3	7	24
3	10	26
10	11	33
8	11	30
10	11	35
10	12	33
9	12	32
6	7	24
5	10	26
4	7	23
4	9	26
4	10	26
3	9	24
3	7	23
7	10	29
3	6	22
4	5	21
2	6	22
3	5	23
3	5	22
1	3	22
1	4	20
0	9	89
0	7	68
6	11	28
0	11	91
0	12	90
0	7	91
1	7	91
3	6	21
3	6	22
6	10	31
4	8	30
5	7	26
0	6	88
0	11	63
3	7	22
5	8	30
0	10	91
0	15	90
1	4	21
7	8	26
11	13	35
10	13	35
7	10	32
6	13	31
7	11	32
2	6	22
1	6	21
1	5	20
4	8	26
3	7	23
2	5	20
0	8	89
0	8	89
10	9	33
6	8	25
6	7	25
6	13	30
6	10	28
6	10	29
7	10	27
7	11	29
2	6	21
1	5	20
0	6	91
6	9	27
0	10	91
3	5	21
2	8	23
3	3	21
12	13	40
3	6	22
11	11	38
2	4	21
3	9	23
4	7	23
2	6	22
3	6	22
1	4	21
11	12	34
2	4	22
3	5	21
6	8	25
5	12	28
4	7	24
1	6	20
3	5	23
3	7	23
4	7	27
3	9	26
3	8	25
3	8	24
5	12	30
7	9	30
6	10	27
6	10	25
1	3	22
3	7	24
5	9	27
1	6	22
3	9	23
1	6	20
4	8	24
2	6	22
3	7	21
7	9	34
2	7	22
7	8	27
5	7	23
6	9	25
0	6	90
0	11	91
3	5	23
2	3	21
8	8	30
0	15	90
7	8	25
9	11	30
2	5	21
0	4	21
0	6	90
1	8	91
0	12	90
1	12	91
4	8	23
5	7	22
1	7	22
1	7	21
1	5	20
0	8	91
4	7	22
0	12	90
0	5	91
1	6	22
1	8	22
2	6	22
1	7	22
5	8	27
2	5	21
0	5	22
2	5	22
0	7	90
5	9	23
7	10	26
0	10	91
0	11	91
3	5	22
6	36	90
3	8	22
6	7	26
6	11	30
5	10	28
3	10	28
4	11	27
4	9	26
4	11	32
5	10	30
6	13	35
7	13	34
0	11	90
5	6	31
1	5	22
2	5	22
1	6	20
0	13	91
0	-1	89
0	8	91
5	6	20
3	7	23
6	8	25
2	7	22
1	6	20
5	8	23
1	2	21
2	7	21
4	9	24
5	8	23
3	8	27
4	11	25
5	12	26
3	8	25
7	14	31
2	7	24
4	9	23
2	9	21
6	12	29
7	13	33
6	7	27
2	7	22
1	6	21
2	7	23
2	8	21
2	6	22
3	8	24
2	6	21
3	7	21
6	12	27
7	13	31
6	11	27
5	11	25
0	2	23
3	9	23
4	8	24
4	9	24
5	9	23
7	11	25
0	7	89
3	5	21
3	7	23
3	7	22
2	6	22
2	6	22
2	5	21
2	6	24
2	6	21
3	7	25
5	9	26
3	7	23
9	11	31
2	5	23
3	4	22
2	4	21
1	5	21
6	12	31
0	13	90
2	6	22
7	8	27
4	11	25
3	7	23
5	6	25
5	11	33
4	8	23
4	9	23
3	7	21
4	11	27
2	9	23
0	7	77
0	8	77
1	7	22
6	8	24
3	10	23
6	8	26
3	7	23
1	8	23
0	9	90
0	10	91
3	7	25
4	9	24
2	8	23
2	8	21
0	4	21
0	13	88
10	10	33
7	12	38
3	9	22
3	6	24
4	10	25
6	6	27
24	26	71
6	6	29
6	7	28
5	6	26
6	6	25
0	11	90
1	11	90
7	9	27
4	11	24
2	6	22
4	5	22
0	9	90
0	15	88
4	6	24
4	7	21
0	18	90
3	5	23
4	8	23
0	10	91
1	3	22
6	11	33
6	11	30
4	8	22
0	5	20
4	10	26
3	9	23
5	11	30
6	9	23
0	2	23
2	7	21
5	8	27
5	7	25
6	10	24
8	13	28
3	8	22
2	7	22
5	8	25
4	9	24
3	8	22
4	8	23
3	9	23
3	8	23
4	10	32
4	9	26
4	9	25
4	9	24
4	9	25
3	7	22
4	7	23
5	7	30
1	5	21
2	7	21
5	12	31
6	10	30
6	10	30
3	7	23
3	6	23
7	10	26
7	9	32
0	6	91
0	7	90
6	8	26
2	5	21
7	16	33
1	5	20
0	5	22
1	6	21
0	14	91
0	13	91
0	11	91
0	12	90
7	11	26
0	3	22
7	9	32
3	8	23
1	5	22
3	7	24
7	8	28
3	8	21
4	9	24
3	9	23
2	5	21
3	6	24
6	10	25
5	9	25
5	9	24
3	6	20
3	6	22
4	7	25
2	5	20
8	11	34
0	7	90
0	9	90
3	6	24
2	6	21
2	7	22
5	7	22
6	10	33
0	6	90
8	10	33
3	6	24
4	5	23
3	4	21
3	5	22
4	9	26
4	7	24
5	7	22
3	6	23
3	7	22
6	10	27
0	7	91
3	5	22
3	8	25
2	8	23
3	8	21
3	8	23
4	7	24
5	8	23
8	10	28
5	11	24
7	8	26
5	8	22
4	9	23
5	7	23
5	6	25
4	6	23
4	5	23
5	10	25
5	11	25
5	8	23
0	3	22
1	3	22
1	4	22
1	4	23
0	3	24
1	7	23
3	6	22
4	7	22
2	5	24
2	7	22
4	8	30
5	12	31
6	11	28
8	13	30
2	5	21
5	11	31
9	14	41
2	5	21
7	11	26
0	3	43
0	6	91
7	10	27
7	10	26
9	11	32
7	10	27
8	11	31
6	11	27
6	9	25
7	10	26
8	12	34
6	9	24
7	11	27
2	5	20
6	10	28
2	7	24
5	12	32
4	7	24
3	7	20
7	9	26
9	11	31
3	8	23
7	9	27
7	11	27
6	11	32
4	11	26
7	10	30
3	7	22
8	11	31
0	9	90
1	16	91
0	11	90
5	6	22
10	11	32
6	9	23
9	11	32
5	10	30
8	10	32
9	9	28
7	8	29
8	8	28
5	8	31
5	10	32
4	24	91
5	9	30
6	10	30
5	10	26
2	6	22
5	8	25
5	7	23
4	8	22
5	8	25
4	7	23
0	15	91
0	7	90
4	9	22
2	5	21
2	5	21
4	9	23
3	6	21
2	7	24
4	9	22
4	10	23
3	5	23
6	9	26
4	7	22
2	3	22
0	8	90
0	8	91
4	5	20
4	9	25
3	7	25
4	10	25
6	10	27
6	8	23
2	5	21
4	6	21
4	7	23
5	12	30
4	7	24
4	8	25
4	9	23
2	26	91
6	8	25
7	9	26
8	10	33
0	9	86
0	13	88
0	12	90
10	11	42
8	9	33
2	7	22
2	7	24
4	8	23
4	8	24
0	11	89
0	10	91
8	10	32
7	9	31
6	10	27
6	11	26
6	10	27
4	9	24
0	3	20
4	6	22
5	8	26
7	13	28
2	6	21
2	6	20
3	8	24
5	5	25
2	9	22
3	7	23
0	13	91
0	12	91
5	8	25
0	16	91
0	8	91
6	11	31
1	5	23
5	8	24
6	10	26
3	7	20
11	11	30
3	7	22
3	4	21
5	6	22
3	5	21
8	8	24
7	11	27
0	3	21
1	3	20
2	6	20
3	4	22
6	27	90
4	10	31
9	10	32
9	13	32
3	5	21
4	4	22
8	11	30
3	6	23
2	6	22
2	6	24
8	9	30
5	11	35
3	7	22
7	10	31
3	5	23
1	6	21
1	6	20
13	14	37
7	9	26
2	7	22
2	7	21
6	9	25
2	6	20
3	7	21
0	8	91
0	8	91
4	8	24
5	11	30
3	3	23
4	7	24
3	8	23
1	8	21
9	13	30
0	18	91
0	15	91
0	7	91
0	6	88
4	10	24
5	8	23
5	9	23
3	9	23
3	7	23
3	7	22
2	8	21
2	5	22
2	6	22
5	12	31
4	8	24
1	6	22
0	15	90
9	15	31
7	11	30
4	8	24
4	6	24
5	8	25
4	6	24
2	4	23
2	3	21
3	6	23
2	5	20
3	9	23
2	8	25
4	8	24
3	6	24
0	11	91
2	6	22
5	8	23
3	3	22
3	5	24
2	7	23
2	7	24
3	8	24
4	7	24
1	7	25
5	7	24
4	-1	91
3	6	21
1	6	22
4	7	24
9	13	30
8	13	33
0	-1	90
0	11	90
6	11	29
7	10	26
2	6	22
3	7	24
5	11	26
7	10	28
3	5	25
2	6	24
2	4	21
7	14	32
0	11	91
0	15	91
3	5	21
2	5	22
9	11	33
2	5	21
10	11	31
0	3	22
4	7	21
6	12	30
7	12	30
6	11	30
7	10	31
8	13	32
6	12	29
3	7	21
3	7	20
4	8	22
9	9	26
4	6	24
4	6	20
7	13	35
0	8	91
0	7	89
2	3	23
3	6	24
7	11	27
9	13	37
5	7	25
2	6	21
2	8	21
6	9	32
0	8	91
0	15	89
2	7	23
0	8	90
6	9	25
4	6	23
4	11	91
6	15	31
4	5	22
0	9	91
0	13	90
10	11	31
2	6	23
5	8	25
9	13	31
12	14	35
10	15	40
10	15	36
10	12	36
4	10	25
3	10	23
0	37	89
4	9	25
0	10	87
0	8	87
6	8	28
4	7	24
0	5	23
1	7	23
4	7	23
5	9	26
1	5	21
3	6	22
0	18	89
0	8	90
7	10	26
0	8	91
0	7	89
3	11	26
5	8	30
6	8	31
3	7	23
1	4	22
0	6	90
0	4	91
0	4	21
4	10	30
3	6	22
0	10	90
0	12	90
4	5	30
0	14	90
4	11	27
7	10	31
7	16	31
3	4	22
3	4	23
10	13	35
4	7	22
3	7	22
0	1	21
1	7	24
1	3	22
0	2	23
0	3	23
1	4	23
0	5	21
0	8	90
4	6	24
5	6	24
0	1	24
1	3	23
0	3	22
0	2	21
0	3	20
3	7	23
6	13	31
6	11	29
7	14	31
9	13	32
6	14	28
2	4	21
3	6	22
4	4	23
6	9	28
3	32	89
6	11	33
3	7	24
0	12	88
3	4	21
2	5	21
4	6	23
5	5	23
5	5	24
1	4	23
0	3	22
6	12	25
9	13	32
11	17	40
1	6	22
1	5	20
1	5	20
3	7	24
0	3	91
0	12	90
4	7	23
9	14	32
8	9	30
2	8	20
1	-1	78
0	8	91
0	14	90
5	8	25
6	10	31
5	10	30
4	8	27
5	7	24
4	6	23
4	7	22
0	9	91
0	16	91
2	6	21
3	6	23
6	7	23
2	6	22
2	7	21
5	11	32
5	6	31
1	5	20
4	5	21
0	9	91
1	4	22
3	7	24
7	7	31
1	2	22
4	4	24
5	5	23
3	7	24
4	7	21
0	10	90
0	15	90
0	3	22
4	5	22
4	10	30
0	15	89
0	12	90
4	7	23
4	12	30
0	14	91
0	11	90
3	7	24
1	3	22
8	12	32
1	9	24
2	6	22
4	6	24
2	6	23
2	6	22
2	7	22
1	3	21
3	3	22
1	6	22
0	2	20
4	8	23
5	12	30
1	6	21
3	9	30
4	8	25
0	11	91
3	5	22
7	10	31
6	8	30
0	29	76
3	7	24
9	12	33
2	4	23
0	7	91
0	7	90
2	5	22
3	5	25
4	4	24
0	3	91
0	5	90
0	8	90
0	7	90
1	4	21
0	10	91
6	6	26
6	9	29
0	12	91
0	13	89
3	7	22
2	7	22
0	10	91
0	11	91
5	6	24
5	9	25
5	9	31
0	12	91
0	7	82
9	11	36
10	12	37
3	5	23
3	5	22
2	8	21
5	7	21
2	5	23
2	4	23
1	5	20
3	8	25
3	6	24
3	8	25
3	6	24
4	8	26
0	12	89
8	13	33
1	7	56
0	7	56
1	2	21
4	8	31
3	5	24
3	5	23
8	11	31
5	20	91
0	12	91
0	12	91
0	11	91
0	8	91
3	11	31
5	8	29
0	6	91
7	11	28
7	9	35
2	8	23
0	33	91
4	8	22
2	6	23
3	6	21
3	6	20
3	6	22
2	10	22
8	7	31
2	4	22
5	8	23
0	12	90
0	9	90
0	9	91
0	9	90
4	8	22
3	5	24
7	9	30
2	3	21
0	11	91
3	7	21
10	12	33
4	9	22
10	12	31
6	12	32
3	9	31
7	10	25
5	8	26
2	5	22
4	8	23
4	10	23
3	8	22
6	6	26
3	5	21
4	8	22
7	10	26
6	11	26
4	7	23
2	6	21
10	8	30
3	9	24
5	9	24
4	9	23
1	7	68
6	9	26
7	7	27
3	5	22
3	6	23
4	8	22
3	7	21
6	7	23
4	8	25
5	8	23
4	7	24
10	11	34
10	10	33
0	14	90
4	8	28
2	6	21
2	5	20
9	13	29
6	10	26
7	11	27
2	6	21
8	11	34
6	12	31
0	13	91
0	11	90
4	6	22
4	9	23
6	8	24
4	8	24
2	9	25
4	7	24
4	7	25
2	5	22
3	5	23
2	5	23
4	12	25
0	11	91
6	12	27
8	11	29
8	12	31
4	8	25
7	11	28
0	17	91
0	10	90
7	12	30
4	7	22
6	12	29
7	12	30
7	9	29
6	10	28
8	11	30
6	9	24
6	10	25
1	6	21
6	7	23
4	9	24
0	27	90
0	-1	90
8	6	32
3	5	23
10	13	30
6	6	25
5	13	32
0	2	91
3	6	23
0	10	69
0	13	90
0	9	91
4	7	24
2	7	20
3	5	23
3	6	23
2	6	21
6	10	30
8	8	26
2	7	21
3	9	24
5	39	91
4	9	26
3	9	24
9	14	31
1	4	20
3	10	24
2	5	22
2	5	21
3	6	21
3	6	22
0	4	20
6	10	27
0	12	91
4	12	33
4	8	25
3	10	23
4	8	23
3	9	22
7	13	29
0	3	21
0	5	54
5	10	23
7	10	30
5	10	26
2	5	21
4	9	25
7	11	30
0	7	90
0	8	90
4	7	22
2	6	22
3	5	20
6	15	33
4	11	26
4	8	23
2	3	22
3	7	23
4	9	24
7	8	28
3	9	24
0	13	90
0	10	91
3	7	23
3	8	25
4	7	23
3	6	24
2	6	22
2	5	21
5	9	30
4	8	25
3	9	26
5	10	31
5	8	27
6	12	30
4	8	25
6	11	28
8	10	29
6	11	27
6	11	27
2	5	22
5	10	32
5	5	22
5	9	24
2	56	91
7	10	30
0	5	90
3	7	24
3	7	23
11	10	34
3	7	22
3	7	23
3	8	22
0	13	90
1	5	21
1	13	91
5	7	25
2	5	23
5	9	24
1	27	90
0	40	91
2	5	23
1	4	21
3	6	22
0	6	86
0	6	86
1	6	22
7	10	28
0	8	90
1	6	90
5	9	23
0	8	90
2	11	91
0	3	34
5	12	26
0	10	91
10	10	34
1	4	24
1	11	91
1	11	91
14	15	41
6	10	27
2	6	22
4	7	24
4	8	25
6	9	30
6	10	30
6	12	30
5	11	26
4	9	24
2	6	22
3	8	22
0	5	22
7	9	26
1	9	90
11	16	36
10	14	32
3	5	22
1	5	20
0	5	21
1	4	21
1	4	20
4	8	27
6	10	31
4	9	25
7	11	26
0	12	91
8	9	26
4	6	21
1	4	21
4	7	23
3	7	21
3	6	21
2	7	23
3	5	23
2	4	26
5	8	25
2	9	25
0	4	90
0	10	91
3	5	23
4	7	23
4	8	24
7	7	25
3	5	21
3	7	22
2	6	20
11	11	36
14	14	45
4	10	24
1	3	22
6	9	26
2	6	21
4	9	29
2	5	20
2	6	23
3	9	25
1	3	21
4	7	22
10	11	31
5	10	26
5	10	25
2	5	23
7	15	33
8	10	31
6	11	30
7	10	30
2	6	21
3	6	21
4	6	25
5	7	26
2	7	24
3	6	22
2	4	22
4	7	24
5	7	26
4	7	25
4	8	31
3	6	23
4	9	26
4	9	24
0	2	91
0	5	90
9	10	29
1	5	21
7	9	25
0	10	90
4	10	30
2	2	23
0	11	90
0	10	91
2	6	21
2	5	21
3	8	23
0	8	90
0	14	90
6	10	27
4	8	25
8	11	29
2	3	22
5	9	24
3	5	26
2	4	22
2	5	23
3	5	24
2	4	20
3	5	23
4	6	21
2	4	20
6	7	25
4	7	24
4	9	25
1	16	90
0	6	91
9	10	31
5	8	25
5	7	26
7	9	30
8	9	27
2	5	20
10	13	42
1	3	22
2	10	90
0	3	22
0	3	21
0	3	20
2	4	22
1	10	91
1	7	90
1	6	22
1	4	22
1	5	22
2	6	20
2	6	24
2	5	23
2	6	22
1	3	21
1	2	21
0	8	89
0	6	90
4	9	25
3	8	22
3	6	23
4	8	30
5	8	31
4	6	23
7	13	32
4	9	25
4	10	29
6	13	31
4	36	90
3	8	23
1	4	20
1	4	21
3	5	21
3	6	21
9	14	33
9	15	34
0	6	90
0	11	91
5	8	24
0	13	90
6	8	29
0	1	90
3	7	23
3	6	24
4	7	22
7	10	33
8	10	33
8	11	33
5	9	27
1	3	23
6	11	30
1	7	20
6	11	27
5	10	25
4	10	24
0	13	88
2	6	24
2	4	21
5	12	30
6	13	32
1	22	80
0	3	20
4	8	23
2	6	21
3	6	22
3	7	22
4	5	26
5	10	26
2	4	21
3	6	24
2	4	21
4	7	24
4	7	23
5	8	24
5	10	25
6	8	24
2	6	20
3	5	23
2	4	21
3	5	23
4	5	26
1	6	22
1	4	21
3	7	24
2	5	21
0	23	90
3	8	23
0	11	90
3	7	24
4	7	24
3	3	21
0	12	90
0	14	91
4	9	25
3	8	24
0	2	24
1	7	24
2	5	23
0	2	20
7	10	32
5	11	28
3	11	24
2	3	21
0	5	22
4	5	22
4	5	21
4	7	23
2	4	22
4	8	24
4	25	91
1	8	91
3	4	23
2	4	22
2	5	23
2	7	23
0	9	89
0	8	91
0	8	91
0	10	91
0	4	91
0	-1	91
0	10	90
0	10	90
6	12	30
0	-1	90
0	8	91
0	-1	90
0	8	91
6	9	27
2	9	22
0	5	91
3	9	22
2	3	22
3	5	23
0	11	90
1	9	91
6	8	28
5	6	23
6	5	26
1	13	90
0	3	22
0	6	90
0	16	91
0	10	89
2	4	22
1	5	20
4	12	30
5	4	24
7	7	26
6	9	25
3	6	24
3	6	23
0	8	91
0	10	90
2	4	21
3	7	24
0	9	91
0	7	91
1	3	21
2	4	21
1	4	22
5	8	27
6	9	25
0	7	89
5	7	29
5	11	31
1	3	24
0	8	91
0	5	90
9	9	36
8	9	31
0	14	91
3	5	23
0	11	90
0	4	21
4	8	24
1	1	21
7	8	23
2	5	21
0	11	90
0	11	91
0	9	90
0	11	91
6	12	32
0	12	91
1	19	91
4	10	24
3	6	22
1	4	22
0	13	91
0	16	91
5	8	25
2	7	22
1	4	21
9	14	36
2	6	21
1	7	23
1	27	90
2	9	22
1	3	23
0	16	91
1	4	21
0	12	91
0	9	91
1	13	91
0	9	91
2	4	21
6	9	24
4	6	26
1	2	22
0	3	20
3	4	21
3	4	22
3	7	22
1	9	25
7	6	23
6	8	26
0	12	90
0	14	90
0	7	90
0	37	88
7	13	29
7	13	31
8	11	30
3	6	23
3	7	22
8	9	30
0	12	90
11	12	32
8	10	27
8	13	33
9	14	31
4	13	30
6	8	24
3	4	22
2	6	24
10	14	34
7	15	37
0	9	91
3	10	27
2	8	24
4	10	26
3	8	24
3	8	23
3	5	22
3	5	22
3	6	22
2	6	21
5	8	25
2	4	21
6	10	33
6	6	26
1	2	23
9	11	30
2	6	22
0	1	21
4	6	25
2	8	24
4	9	24
3	8	22
4	10	25
3	8	23
3	8	26
3	6	25
3	8	26
3	8	23
3	7	26
2	5	23
4	6	22
4	10	21
12	16	42
1	11	91
0	9	91
2	6	21
3	6	23
6	13	35
8	10	31
4	7	25
2	9	22
1	6	24
2	7	20
4	10	23
5	9	24
3	7	22
0	12	89
5	8	25
9	13	35
7	11	28
0	10	89
0	18	90
1	5	24
3	5	24
3	5	23
3	7	24
3	6	23
5	8	24
7	8	25
6	9	26
7	7	31
8	7	30
9	8	35
7	8	33
8	8	31
6	10	27
4	6	23
9	12	30
4	9	25
3	12	27
4	11	25
4	9	26
7	7	28
5	7	23
2	8	22
2	7	21
4	8	25
6	9	24
8	11	32
5	11	28
5	10	28
5	8	24
6	9	25
5	9	27
1	3	21
6	15	33
2	7	22
1	5	21
5	8	25
1	4	22
5	9	27
0	9	91
0	9	90
0	19	90
1	11	90
0	14	90
0	9	91
0	12	90
1	6	20
1	6	21
1	5	22
2	6	21
1	3	22
1	5	22
7	11	27
3	7	22
1	5	21
2	5	22
3	5	23
3	7	24
4	6	23
10	10	31
4	8	25
7	13	31
6	12	30
1	6	20
0	6	91
5	8	26
0	17	91
0	9	90
2	5	22
1	3	22
0	3	23
3	26	90
2	4	21
2	4	20
0	15	91
0	12	91
7	8	30
0	12	90
1	4	20
6	10	25
6	9	25
6	9	26
8	12	28
4	6	24
5	9	25
0	9	91
0	9	90
1	3	21
3	6	21
0	5	90
0	6	91
2	4	22
1	3	20
2	4	22
4	8	31
4	6	22
4	7	22
4	8	25
3	8	23
4	6	24
3	5	22
2	8	23
2	7	21
0	10	90
0	7	91
0	9	91
0	5	91
3	6	23
4	6	28
8	10	26
8	10	33
5	7	22
3	7	22
3	6	23
4	7	23
4	8	22
4	8	24
7	9	26
7	11	29
2	6	22
4	7	24
2	9	23
0	17	90
0	12	91
6	8	27
3	7	24
3	6	23
5	5	24
3	7	20
2	7	20
5	12	30
2	5	21
0	11	64
0	11	90
4	35	91
6	9	31
2	6	21
2	7	22
2	7	22
9	11	33
1	12	90
0	10	91
2	8	22
2	3	21
9	21	90
6	5	23
6	8	26
0	7	22
0	-1	91
3	6	24
4	7	22
3	4	22
4	9	25
5	10	27
4	11	26
3	7	25
3	27	89
0	14	87
0	12	90
6	10	26
5	10	30
4	8	27
0	2	22
2	2	22
3	7	23
6	8	25
0	8	91
0	14	90
0	4	68
0	7	68
5	9	23
4	9	25
4	9	25
0	12	90
0	16	91
6	8	27
3	6	22
1	4	22
0	7	91
1	7	91
7	10	30
2	5	21
0	25	90
6	10	30
0	8	91
3	7	24
5	6	24
4	7	23
2	9	23
1	7	90
1	8	90
0	7	90
0	6	91
0	10	90
0	7	90
4	9	30
3	5	25
2	3	22
5	6	28
3	6	26
3	4	23
3	4	24
4	6	26
2	10	27
5	8	25
5	8	25
4	8	26
3	8	24
8	10	27
6	10	24
0	13	91
1	10	91
5	9	36
1	3	23
1	4	23
0	2	22
1	2	21
0	4	22
0	9	90
0	11	91
3	6	22
3	5	21
5	6	21
4	9	24
4	7	23
4	7	23
3	7	23
3	5	21
6	8	23
1	13	90
2	9	26
6	10	25
4	6	24
1	3	90
0	9	90
3	6	22
2	5	22
9	10	36
4	4	23
0	9	90
0	11	91
3	9	26
4	10	32
4	27	91
0	5	28
4	7	30
0	10	90
0	12	90
0	8	90
4	7	23
6	8	26
5	6	23
2	9	22
6	8	25
5	10	31
4	11	30
1	4	20
6	5	24
2	5	21
1	5	21
5	9	24
6	12	27
2	5	20
4	6	22
8	13	29
8	12	32
9	14	31
9	14	31
4	7	24
0	3	21
1	3	20
5	7	26
7	9	25
3	5	22
6	9	25
2	4	24
2	4	23
3	4	23
4	6	21
2	6	30
4	8	23
1	6	21
1	3	20
3	7	23
5	9	32
2	5	21
5	9	23
3	11	24
3	10	24
3	6	22
2	5	21
2	4	22
2	6	20
0	11	91
0	9	91
1	5	22
4	7	23
2	7	22
4	7	24
4	6	24
5	8	26
0	9	91
0	13	91
1	10	89
3	5	25
6	9	30
4	7	32
6	9	27
3	4	21
3	7	24
4	6	23
4	9	26
3	7	24
5	9	26
4	6	22
3	7	24
3	8	23
3	8	23
2	6	24
3	7	22
9	10	32
6	11	29
4	5	22
4	6	23
5	7	22
3	5	22
5	7	30
3	8	24
6	8	23
5	7	23
8	9	26
9	13	34
9	11	32
7	13	30
8	14	32
8	11	32
7	9	28
5	10	26
8	13	32
8	12	31
8	9	26
11	11	34
5	11	31
2	5	20
4	7	23
5	12	32
6	9	25
8	11	30
5	11	29
3	8	25
5	13	31
3	6	23
4	8	21
3	11	30
0	10	91
7	13	32
5	7	26
6	9	30
4	6	24
3	7	24
4	7	24
10	13	34
7	12	33
0	4	21
3	8	25
2	7	22
8	12	33
1	7	20
2	7	21
3	9	23
4	12	26
1	7	22
3	4	24
3	5	26
4	6	26
4	5	25
4	5	24
5	8	26
3	4	20
8	10	27
5	7	22
4	8	22
4	7	21
3	7	21
6	12	32
6	13	30
7	9	33
3	7	23
3	4	23
0	3	22
0	5	20
0	3	21
6	10	31
4	6	23
1	5	21
0	5	90
0	3	91
1	11	90
0	10	90
0	4	21
2	1	22
6	7	25
0	2	21
0	4	91
1	15	90
0	6	90
3	9	23
4	6	25
1	3	21
5	6	25
4	8	27
4	7	25
2	8	25
4	7	25
5	7	23
2	6	21
2	6	20
2	4	22
2	6	23
5	7	28
8	8	29
2	7	21
2	4	21
2	5	21
2	7	25
5	8	24
4	9	22
0	10	90
0	2	20
9	12	33
1	4	22
4	6	23
3	6	23
2	3	23
2	4	22
1	5	25
1	5	22
2	5	23
7	11	33
6	7	29
4	5	23
2	3	24
0	6	91
0	11	90
8	11	28
5	9	25
0	5	21
2	6	22
4	10	24
4	8	23
2	4	23
5	7	23
3	6	24
3	6	23
6	7	31
7	8	27
9	9	28
9	9	28
0	3	30
2	4	20
0	9	91
5	5	23
3	5	24
0	5	87
2	5	21
0	6	90
4	6	24
5	8	23
5	6	32
1	6	21
1	3	21
0	3	25
1	8	52
0	13	90
1	6	21
0	11	91
0	8	90
2	6	21
2	6	21
2	4	22
4	8	23
2	4	20
0	8	90
0	13	91
4	9	25
9	10	33
9	9	32
8	9	30
10	10	33
0	15	91
0	13	91
0	7	90
0	9	90
0	9	90
0	7	90
0	8	91
5	6	31
5	7	24
4	9	24
1	8	22
3	7	22
0	8	91
0	9	91
0	10	91
0	5	91
0	7	82
0	10	67
0	12	90
0	8	62
0	6	91
0	11	91
0	14	90
0	8	91
4	8	20
5	9	24
3	5	24
0	14	90
0	12	90
4	5	23
2	4	21
0	4	36
3	4	21
0	11	91
0	16	90
2	12	91
3	8	23
5	7	23
1	13	63
1	7	63
4	7	26
0	9	90
0	18	89
0	12	88
1	20	91
4	8	21
0	14	90
0	16	90
0	7	90
3	4	22
5	6	24
5	7	23
9	10	32
0	9	91
0	13	91
0	10	90
3	7	21
4	7	22
5	7	31
0	10	89
0	6	90
1	5	21
1	9	90
0	9	91
4	7	24
0	3	22
0	9	90
0	4	22
0	5	43
4	9	23
3	7	25
0	9	90
0	8	90
0	7	88
9	8	38
13	16	46
4	11	30
5	7	24
0	11	90
0	13	91
7	10	29
0	6	91
3	6	23
2	7	25
2	5	22
2	6	21
0	2	24
0	2	25
0	3	24
0	3	25
0	4	25
0	2	22
0	10	89
0	10	91
0	13	90
7	10	26
8	8	26
6	12	31
7	8	27
8	11	27
8	11	28
0	14	91
1	5	31
2	4	21
2	5	21
8	9	28
3	7	22
3	11	25
4	6	23
0	11	90
0	7	90
0	9	90
0	9	90
0	10	91
3	7	24
2	4	91
1	2	20
0	9	91
0	11	91
2	5	21
3	8	21
4	7	25
4	4	23
0	11	90
0	15	91
0	7	89
0	10	91
2	7	21
0	14	90
0	7	91
5	5	24
0	10	91
0	6	91
0	6	90
0	7	91
0	8	50
3	6	23
7	13	31
7	9	27
0	10	90
1	15	91
2	5	22
2	5	22
0	10	60
0	9	60
4	10	30
4	11	30
2	10	24
3	10	26
5	11	27
5	11	28
6	10	32
5	10	26
5	10	30
4	8	25
5	8	30
3	7	23
3	7	22
0	15	70
0	14	70
0	12	90
0	11	63
0	10	63
1	6	24
2	3	21
0	11	91
0	8	90
1	8	90
0	7	90
0	4	20
5	8	23
1	4	21
2	3	23
2	3	22
0	6	91
0	12	91
0	16	83
0	6	90
0	9	91
6	11	30
9	11	31
7	12	32
5	8	27
0	11	90
0	13	91
3	4	25
7	6	24
0	12	90
0	10	89
0	8	91
0	4	91
0	9	90
0	16	91
1	2	20
3	6	24
3	6	22
0	10	90
2	11	90
0	6	91
0	6	90
3	5	25
0	16	90
0	16	91
1	13	87
0	14	87
2	5	23
0	17	91
1	6	88
4	8	22
0	5	91
0	-1	90
0	10	91
0	13	91
0	3	21
0	14	90
0	10	91
0	12	91
1	1	22
0	8	91
4	8	25
3	4	21
6	9	30
6	8	27
8	10	35
7	12	34
7	10	31
0	10	91
4	7	22
2	6	23
3	7	22
3	9	22
5	10	30
8	10	29
7	9	26
4	6	24
1	7	22
4	4	23
0	5	22
0	9	80
0	11	80
5	8	29
0	9	90
1	6	20
5	5	26
0	4	79
2	5	22
4	9	27
7	11	32
2	6	22
0	7	91
0	9	91
3	7	22
4	7	24
2	7	24
1	4	22
2	6	20
2	5	23
2	7	22
3	7	24
0	-1	91
0	-1	91
1	3	23
0	7	63
0	8	63
1	11	90
0	17	91
4	7	23
6	6	23
4	6	26
4	10	25
0	3	20
7	32	90
1	4	21
3	6	21
1	4	21
0	2	23
2	1	24
0	3	23
1	4	22
0	4	21
0	4	20
0	0	42
6	9	31
6	8	25
0	4	21
4	15	31
0	10	91
0	10	91
1	5	21
1	5	21
0	4	20
0	4	21
0	5	22
2	6	20
3	3	22
4	6	22
5	8	25
0	16	91
0	15	90
3	5	22
0	12	91
11	12	37
0	9	91
1	-1	91
7	7	28
2	4	20
1	11	85
0	5	91
0	5	91
0	3	22
0	9	87
3	6	22
2	7	25
8	11	29
7	11	30
8	11	27
8	12	28
10	16	32
9	14	29
10	12	29
0	7	91
0	8	90
0	6	91
1	3	24
2	7	24
3	6	26
3	8	25
4	9	26
4	8	25
4	7	23
2	7	22
2	6	22
0	11	91
0	11	91
6	9	27
3	6	22
7	10	31
25	28	91
0	8	74
0	5	91
3	9	24
3	11	24
5	12	24
5	11	24
4	9	27
5	5	24
5	8	23
2	6	25
2	6	24
0	12	90
0	12	90
2	6	23
2	7	21
4	8	24
0	9	91
0	9	91
7	11	34
2	6	21
4	8	25
4	9	23
3	8	24
0	6	91
0	7	91
4	6	24
3	7	23
7	7	25
2	5	22
1	7	26
3	7	24
2	4	23
3	5	26
4	7	22
4	7	26
10	12	31
1	5	22
2	4	21
0	10	91
2	6	20
5	8	23
8	9	29
3	6	21
0	2	22
6	10	30
4	6	22
6	8	24
3	7	22
0	7	90
0	10	90
1	9	91
8	9	28
7	9	27
6	9	27
8	8	26
6	7	26
4	7	23
0	12	90
0	13	90
2	5	21
0	-1	91
6	8	26
3	5	22
3	7	23
3	6	20
10	13	39
4	7	25
2	5	20
1	4	22
4	5	23
3	7	25
1	2	22
6	10	25
0	4	90
1	13	90
4	6	22
4	7	24
3	6	25
3	5	22
3	9	24
3	7	24
2	7	23
2	6	23
2	5	23
2	5	21
5	11	31
4	8	24
8	7	30
8	7	30
5	8	26
2	4	21
7	9	26
6	9	25
4	6	24
4	5	24
2	6	24
4	10	25
3	6	22
3	10	32
7	10	30
6	10	28
7	10	27
3	11	91
4	10	91
3	8	23
3	7	24
5	7	25
3	11	26
7	8	26
2	9	22
9	11	33
4	8	23
5	7	24
3	8	25
4	8	24
1	7	20
3	7	23
2	8	22
3	6	21
6	10	28
3	5	22
3	7	23
2	6	21
2	6	22
0	3	20
2	6	23
2	8	24
3	8	21
3	8	22
0	6	86
5	11	30
5	13	30
5	6	21
9	12	32
5	7	24
3	9	26
4	9	26
4	9	25
3	8	23
4	7	23
2	7	23
3	7	21
0	25	91
0	26	91
0	24	91
9	9	32
0	12	90
0	14	91
4	7	24
2	6	22
1	2	21
1	2	20
3	5	22
4	7	30
7	7	25
7	7	26
4	7	23
0	5	20
1	5	21
8	9	26
2	4	20
2	7	21
3	6	23
5	7	22
5	8	25
1	5	23
2	5	20
2	5	21
2	6	21
4	7	22
4	7	23
3	5	21
6	9	25
7	7	27
5	6	25
5	4	25
5	4	25
7	11	31
1	5	24
7	14	32
6	7	32
5	5	26
2	7	25
3	6	23
4	7	24
5	8	30
7	11	31
5	7	25
3	6	22
5	6	23
3	6	22
4	8	25
2	4	21
7	11	32
9	6	34
10	7	36
3	6	25
3	6	24
3	5	23
4	7	24
4	13	30
6	11	31
5	8	26
5	11	29
5	12	29
5	7	25
5	12	29
4	13	28
3	8	23
2	7	20
4	10	22
3	7	23
2	6	24
0	11	91
0	12	91
1	8	22
0	1	23
2	7	23
4	5	21
2	5	21
5	6	23
1	9	22
2	6	21
5	5	22
2	6	21
10	12	35
4	6	22
4	7	23
2	5	20
3	7	21
3	8	24
4	8	24
5	8	24
5	8	25
2	7	21
9	13	31
14	14	40
14	15	40
8	12	33
8	12	32
9	12	38
4	8	24
4	8	23
1	4	30
2	6	27
1	2	22
3	5	24
5	10	33
3	4	22
6	8	25
5	8	27
3	7	25
3	6	23
4	6	23
0	4	20
3	6	24
3	6	23
2	5	22
3	6	22
4	6	24
3	6	21
6	10	25
3	7	22
3	9	23
2	5	22
14	12	36
9	11	36
9	10	32
7	8	26
3	6	21
2	8	24
3	9	24
6	9	26
5	9	25
6	9	25
6	10	26
7	12	28
8	11	30
3	7	24
4	7	24
4	39	90
7	12	30
4	11	26
5	10	25
4	5	22
6	7	27
2	5	24
2	6	22
5	9	25
9	12	31
1	9	51
6	13	35
5	12	27
4	11	25
2	5	21
0	19	90
0	-1	90
0	13	91
3	5	22
2	5	22
0	4	22
0	9	91
0	5	91
0	20	90
0	-1	90
2	4	21
0	2	24
1	3	30
1	1	27
0	2	23
0	0	25
0	1	22
1	0	23
0	7	88
1	5	21
8	12	28
0	7	90
0	11	90
2	4	21
0	13	90
7	8	26
6	7	24
0	7	91
0	8	91
8	10	26
5	10	30
5	10	31
3	6	23
4	8	22
2	6	23
5	6	25
2	8	21
5	8	26
3	7	24
6	9	24
0	5	21
2	7	22
2	4	22
0	7	87
0	7	90
2	4	21
1	7	22
3	7	22
1	5	24
0	3	22
3	8	22
2	4	21
3	4	22
3	6	22
4	6	22
2	6	21
3	9	25
3	6	22
2	5	23
2	7	21
4	8	23
2	6	22
4	9	27
4	7	23
8	10	33
3	6	22
3	6	22
4	6	24
3	6	22
0	21	90
9	15	39
1	5	20
3	8	24
3	8	22
3	7	22
2	5	22
0	10	91
6	13	27
4	11	31
0	6	90
0	12	91
0	13	90
0	5	91
0	13	90
0	13	90
7	7	30
0	7	90
3	7	21
6	10	30
3	11	26
1	7	23
2	3	21
3	4	23
1	4	21
5	8	24
0	10	91
0	16	91
3	6	22
6	10	30
7	13	32
3	7	20
6	8	26
0	3	20
2	5	23
5	11	23
3	6	21
6	9	28
4	9	26
7	11	33
4	9	22
1	14	90
12	12	40
2	3	21
0	12	91
1	5	22
7	11	30
5	9	25
4	10	25
5	7	24
4	7	23
7	10	32
5	8	26
6	10	24
0	5	90
2	7	23
1	6	22
10	12	32
1	9	90
0	7	91
3	5	21
11	13	36
8	11	30
5	14	32
5	14	32
8	11	30
7	12	31
4	10	30
5	10	26
5	11	28
4	11	26
4	11	25
4	10	24
3	9	23
3	10	25
4	9	26
3	9	28
3	8	24
3	6	20
2	7	22
2	7	21
0	11	90
0	7	90
6	10	26
3	8	27
0	8	91
0	9	91
2	9	32
1	10	90
1	10	91
6	11	27
2	5	22
2	5	21
4	11	24
6	7	23
3	6	21
8	10	29
1	4	21
11	38	90
2	7	23
5	10	31
4	11	25
4	10	25
6	11	31
6	12	31
4	8	24
6	8	29
1	6	21
2	6	21
3	8	21
6	13	30
5	8	25
4	8	26
2	7	23
6	9	27
5	8	22
3	8	20
7	11	29
0	4	21
4	7	30
4	5	23
3	5	23
2	7	21
3	7	22
4	7	23
2	8	24
2	7	22
3	7	22
3	9	25
3	9	25
3	9	23
2	10	22
5	8	25
5	8	25
6	14	30
0	4	87
1	9	90
0	12	90
0	7	91
5	9	29
2	7	21
8	8	29
4	10	24
0	9	91
3	6	21
3	4	22
0	10	91
3	8	22
6	9	24
0	12	90
6	9	26
4	8	23
6	9	26
4	6	21
4	12	30
0	6	90
3	5	24
5	7	22
8	12	31
4	7	21
5	9	29
4	11	32
4	6	23
7	9	26
2	5	22
0	3	20
5	9	23
1	-1	91
1	-1	91
9	12	34
9	13	32
8	16	37
10	15	35
8	14	33
9	14	33
3	6	23
3	6	24
2	7	21
3	5	23
0	3	90
3	7	20
3	7	22
3	8	22
5	8	25
3	8	25
3	7	23
3	8	24
2	6	22
3	7	22
0	11	91
0	11	88
2	5	22
2	5	20
4	8	24
4	7	24
3	8	27
4	8	26
5	7	24
6	9	27
4	7	24
3	7	23
3	7	23
9	11	34
3	6	23
0	10	88
0	11	88
2	3	21
2	4	21
3	7	25
4	8	23
3	7	22
3	7	21
2	7	24
6	8	23
4	7	24
4	7	26
8	10	34
4	8	24
3	5	22
4	7	25
5	9	26
12	14	37
3	3	22
3	7	23
3	9	25
3	7	22
2	8	23
3	6	22
4	3	23
5	5	23
2	4	22
5	13	30
3	3	23
7	8	26
1	8	22
5	10	24
5	9	25
4	10	27
2	6	21
8	11	31
2	6	22
3	6	22
9	13	31
7	6	34
7	8	25
5	6	21
3	10	24
3	6	24
5	7	24
4	8	22
3	8	22
5	9	25
5	7	24
6	10	26
5	8	26
0	4	21
2	7	23
4	9	23
4	9	22
4	8	24
5	9	25
4	8	26
5	8	26
4	8	25
6	9	22
4	7	21
5	12	31
3	7	22
9	14	36
3	8	23
2	9	23
3	6	20
3	7	22
4	9	21
3	6	25
2	7	22
6	10	25
4	6	23
3	6	23
4	10	30
5	7	25
8	12	30
8	12	29
6	10	30
0	5	90
0	-1	91
4	5	21
6	6	27
1	4	21
3	5	23
3	7	22
4	7	24
8	12	34
8	18	34
8	11	29
4	7	24
4	7	24
9	9	30
0	16	90
0	9	91
3	24	91
5	9	30
4	5	22
3	6	23
2	8	20
2	7	20
3	5	21
5	13	26
7	10	28
5	6	23
2	6	22
5	7	25
12	12	35
7	9	31
2	7	21
4	10	24
4	7	21
2	7	22
2	6	22
4	5	21
3	7	23
2	5	24
6	12	30
3	6	21
3	7	25
0	13	90
0	17	91
3	7	23
3	6	23
5	7	24
3	7	24
2	6	23
3	7	22
7	9	27
0	-1	90
0	12	90
0	10	91
4	7	21
3	7	23
3	7	20
7	8	28
7	12	31
2	5	21
1	8	22
2	7	23
5	9	30
3	9	25
4	7	25
0	4	91
0	8	91
5	7	25
3	7	24
6	12	30
7	9	24
2	4	20
0	11	91
0	11	91
3	6	23
6	7	27
5	7	24
3	7	22
1	9	23
3	9	24
6	10	25
9	12	30
1	4	24
1	4	22
4	8	25
2	5	22
3	6	22
7	9	24
0	27	90
0	27	90
0	27	90
6	7	32
6	6	29
3	8	24
6	7	28
3	5	22
7	12	28
3	8	24
2	9	22
3	7	22
7	12	31
1	5	20
4	6	23
5	9	26
6	11	26
6	11	26
6	11	25
0	21	90
0	6	91
5	7	26
6	27	91
5	27	91
6	27	91
6	27	91
7	-1	91
8	27	91
5	26	91
2	4	20
5	8	25
2	7	22
8	9	31
6	7	25
8	7	27
5	5	26
3	7	21
3	9	26
2	8	23
3	7	22
3	7	23
0	7	91
1	6	22
0	4	90
0	11	91
4	7	23
0	11	91
3	8	22
2	7	24
4	9	24
3	7	22
2	8	24
4	7	24
2	6	22
5	9	29
7	9	32
5	10	30
5	10	30
4	10	28
5	11	31
5	8	25
5	8	24
1	7	23
2	6	22
1	6	21
0	5	20
6	9	31
4	7	23
2	7	20
4	9	23
4	9	23
5	8	24
2	8	21
3	6	21
4	11	26
6	15	32
4	6	25
1	5	22
1	8	24
2	5	23
5	10	31
12	14	39
0	12	90
5	7	22
5	25	90
8	10	30
9	12	34
9	13	35
11	11	33
9	15	35
10	12	35
9	13	35
9	12	34
8	11	33
8	12	33
9	12	33
7	11	32
7	11	30
7	11	28
7	13	31
2	6	23
11	14	35
5	9	23
0	11	90
2	7	21
5	9	30
2	6	26
4	8	27
3	10	30
4	8	25
4	8	24
4	8	23
2	6	21
3	5	20
6	14	31
0	15	90
4	9	25
6	8	30
4	8	23
4	9	22
4	9	23
0	6	91
0	7	91
3	7	24
5	7	24
1	6	21
6	8	23
3	5	21
8	8	29
8	10	28
3	6	23
3	6	23
6	8	25
5	7	26
5	7	26
5	7	26
3	5	22
4	8	24
4	9	23
8	9	27
7	7	27
7	9	25
2	7	21
3	5	20
5	6	24
0	8	90
3	4	23
7	9	30
7	8	30
3	6	21
3	10	30
6	7	26
4	8	25
9	12	34
0	4	51
0	7	90
7	15	30
0	5	90
0	9	90
4	6	24
4	6	23
4	7	24
4	6	21
3	7	23
2	6	22
2	5	20
1	3	23
1	4	22
2	3	26
2	3	25
5	10	28
1	6	22
5	8	24
4	8	22
4	8	23
0	10	91
0	10	91
0	12	90
0	7	90
3	4	22
2	5	21
3	5	23
4	7	23
1	8	21
3	6	22
7	11	32
2	7	20
4	8	25
1	4	23
4	8	27
6	9	32
9	11	31
0	5	21
0	3	22
0	2	20
0	10	91
0	10	91
6	8	26
6	12	30
2	6	23
4	6	24
2	7	22
2	6	21
3	6	22
4	7	25
3	7	22
4	7	23
4	6	24
5	7	23
2	7	24
2	6	21
2	4	22
3	10	25
4	9	25
3	9	23
3	7	24
0	2	21
6	10	28
5	8	25
3	7	22
5	12	24
3	4	25
7	8	26
7	11	32
8	9	27
9	12	33
9	11	31
6	8	25
9	12	32
0	33	90
1	6	20
9	12	32
10	14	36
11	12	34
8	12	33
9	10	90
11	13	90
3	8	22
3	5	24
2	4	22
3	3	21
5	6	21
4	6	22
1	14	91
1	13	91
3	7	23
3	7	23
2	7	21
2	5	21
0	13	91
0	11	91
1	7	21
4	10	30
0	4	21
4	6	23
7	12	27
3	9	23
6	9	25
2	7	23
7	10	27
5	8	24
4	7	24
3	8	24
11	11	36
10	12	31
7	12	32
0	8	91
0	9	91
0	7	90
2	6	27
4	8	24
4	9	22
2	7	21
5	8	24
6	12	30
6	10	25
3	5	22
5	7	24
8	9	27
1	4	21
6	12	33
3	8	22
4	8	22
4	10	24
4	12	28
4	10	25
3	8	25
9	14	33
0	10	91
1	14	90
4	10	24
0	15	86
0	4	71
0	2	71
4	8	25
9	12	29
0	4	20
1	5	20
7	9	27
4	10	28
3	8	24
2	6	21
2	7	20
6	7	25
4	8	25
5	9	26
6	14	31
5	11	27
4	11	25
5	10	27
3	11	26
8	11	32
4	9	24
4	8	22
2	23	91
3	6	23
4	8	23
5	9	23
3	5	21
3	6	24
3	5	23
4	8	21
3	8	23
5	7	31
2	5	20
8	13	35
1	9	20
3	6	24
5	9	24
3	6	24
4	7	23
2	6	23
2	8	24
4	6	23
7	9	26
10	13	32
3	7	22
8	15	35
1	4	20
0	4	91
0	10	90
0	6	90
2	5	29
7	10	27
8	11	30
6	8	24
4	14	29
9	9	31
9	10	32
9	10	32
9	12	36
9	12	34
8	11	32
9	12	34
10	13	34
0	8	91
1	16	91
1	4	21
7	10	31
3	7	23
7	12	32
0	-1	91
0	6	89
3	6	25
6	9	30
5	7	26
5	8	23
7	12	35
3	7	23
2	8	24
3	6	21
4	8	25
3	3	24
0	10	90
0	12	91
2	3	22
6	7	25
8	10	36
6	9	25
0	11	91
0	11	91
3	8	21
5	9	31
6	8	25
0	3	21
2	8	23
4	8	24
3	6	23
0	6	20
2	23	90
6	9	26
1	4	21
0	14	90
0	10	90
1	25	91
5	8	25
4	9	23
5	6	23
5	10	31
6	12	31
6	14	30
7	11	28
5	12	28
6	10	25
1	3	23
0	24	90
1	4	20
7	10	24
0	11	91
4	7	23
3	6	21
7	11	29
5	7	26
2	5	21
6	10	30
4	4	22
1	6	20
0	10	90
0	10	91
0	9	91
7	9	26
6	12	31
5	10	26
3	9	24
2	6	22
6	7	24
3	9	24
10	12	32
0	12	90
0	8	90
0	4	22
4	7	24
3	7	23
2	5	22
3	6	23
2	6	22
3	6	23
4	7	23
3	5	22
3	6	22
7	10	26
5	8	24
3	8	23
6	11	31
1	3	21
1	5	22
5	8	24
2	5	23
0	-1	86
0	8	86
7	12	30
3	3	21
5	11	33
6	7	31
3	7	22
2	3	21
4	5	23
5	6	32
5	6	30
4	5	26
6	8	30
6	8	31
5	7	27
1	3	24
0	10	91
0	10	90
0	15	90
6	10	30
0	9	91
1	11	91
4	8	25
3	6	23
3	6	21
4	9	25
5	8	23
3	7	25
1	4	23
4	8	23
2	4	21
2	6	23
2	9	23
1	6	22
3	5	23
3	5	22
6	7	26
3	7	21
4	5	27
5	6	24
5	6	24
2	7	21
2	5	21
2	5	22
8	12	31
2	9	22
7	9	30
6	8	23
6	8	26
3	7	21
2	6	25
2	5	23
3	8	23
2	8	23
3	9	22
2	6	22
2	7	22
5	6	24
5	9	25
3	6	23
3	9	26
4	11	26
4	12	30
4	8	25
2	6	22
4	5	23
6	6	27
1	5	21
8	10	30
2	6	21
6	7	23
4	5	24
4	4	22
3	4	23
2	3	21
0	2	24
0	2	23
0	21	90
5	6	25
3	4	22
2	10	23
3	7	24
3	8	24
5	8	23
3	6	22
9	11	31
2	8	22
6	8	23
0	13	91
3	6	24
4	5	23
4	6	25
4	6	24
2	7	21
0	9	83
1	4	26
1	4	27
1	5	26
0	4	23
0	4	24
0	4	23
0	3	23
2	8	23
1	4	21
0	15	90
0	10	91
3	6	23
5	7	25
2	7	22
2	7	22
5	8	31
3	4	22
5	6	22
3	8	22
4	6	22
3	7	24
0	12	90
0	12	91
1	5	21
1	5	21
2	6	21
4	7	24
3	6	24
4	7	25
4	7	24
4	7	24
4	7	23
6	6	24
0	11	75
6	8	27
4	5	24
1	11	91
1	10	90
1	4	21
6	11	26
8	10	30
6	6	25
4	7	23
5	11	30
8	12	33
4	9	27
3	6	21
0	13	90
0	0	20
8	11	30
8	7	32
4	5	22
6	9	28
6	12	32
5	8	23
0	4	23
1	3	22
2	3	22
5	8	25
4	5	24
5	6	24
5	6	24
3	6	23
2	4	20
7	10	30
3	8	22
2	7	21
3	7	21
3	12	30
3	5	23
3	5	22
0	10	91
4	8	23
0	7	88
0	7	91
1	6	20
0	3	21
4	13	31
4	10	25
3	10	24
2	3	20
2	4	20
4	7	22
0	2	22
0	7	91
0	16	91
3	8	25
3	6	22
3	9	24
3	7	26
6	10	30
0	6	91
5	9	27
6	11	31
5	8	26
8	12	32
8	10	27
5	8	24
5	8	23
5	7	26
8	10	28
8	9	27
2	5	22
5	10	30
4	7	23
7	13	32
0	22	90
6	12	25
5	9	25
4	7	24
3	8	23
2	6	22
2	4	22
2	5	21
3	6	21
1	8	23
3	9	23
4	7	23
6	13	36
0	9	90
7	10	26
7	8	24
6	8	24
4	37	90
0	36	90
0	36	90
0	25	90
0	26	90
3	8	22
3	7	22
2	7	21
3	7	20
5	12	30
7	9	29
4	10	27
4	11	25
4	8	23
6	10	27
5	10	26
7	10	33
5	10	25
6	7	26
0	10	90
0	10	91
3	9	23
2	7	21
3	7	21
0	9	91
4	6	23
0	8	91
4	6	25
7	9	26
6	8	25
5	6	26
6	8	30
6	8	29
7	9	27
7	7	26
7	8	27
4	7	23
2	8	23
3	8	23
5	8	22
4	7	23
3	7	22
3	7	23
2	7	22
1	5	21
8	11	33
27	31	91
7	10	31
8	9	30
7	11	30
3	6	20
4	8	25
3	5	21
3	9	21
5	10	30
2	7	25
2	6	24
3	6	24
2	5	24
8	12	28
6	27	90
5	10	27
1	3	21
1	7	22
2	6	22
1	5	21
5	13	32
4	13	30
7	12	27
1	7	21
1	3	20
0	16	91
9	11	33
3	7	23
0	25	90
7	8	30
3	5	25
2	9	23
4	9	23
3	8	22
3	22	88
3	6	22
5	8	30
8	14	37
7	11	27
4	8	24
6	8	24
6	10	28
3	6	25
3	6	24
11	12	40
7	7	30
4	6	24
4	5	22
1	5	21
3	9	24
5	8	23
4	8	24
2	3	24
6	10	30
2	5	23
3	6	22
2	7	22
2	4	22
3	7	22
3	6	20
2	6	23
3	5	24
3	7	24
6	7	25
3	6	24
4	6	24
4	7	24
3	6	23
3	6	22
0	6	80
0	6	80
0	10	91
0	-1	91
0	17	91
0	11	91
0	13	91
2	5	21
1	6	21
1	9	90
0	11	91
0	7	21
8	11	26
5	6	25
5	7	23
6	6	24
1	4	22
4	6	23
3	7	26
4	7	25
6	7	25
1	6	90
4	7	27
3	8	22
7	10	26
5	10	24
6	6	31
0	3	20
6	11	30
3	8	24
7	8	31
8	10	32
11	26	90
4	9	25
7	10	29
1	4	26
0	1	21
0	1	23
0	3	20
0	5	89
0	9	91
0	-1	90
0	9	91
0	10	91
0	9	91
0	14	91
7	10	30
5	10	29
4	8	25
0	15	91
0	15	90
0	8	91
0	7	89
8	15	32
0	14	91
0	13	91
5	8	26
8	12	35
0	15	90
0	31	90
2	6	22
3	5	21
0	13	91
0	14	88
4	9	30
0	7	77
0	10	91
5	9	25
8	11	31
0	7	91
6	10	26
1	6	21
2	8	22
2	7	24
3	5	22
0	-1	90
6	9	25
3	8	23
4	8	25
1	4	20
7	8	25
8	17	35
2	5	20
4	8	25
3	7	21
3	8	23
2	7	21
3	6	21
2	5	21
9	12	32
8	11	33
10	13	35
8	10	30
11	13	36
10	14	35
8	13	33
9	12	33
7	13	31
0	11	89
5	7	25
5	8	25
0	9	90
3	4	21
7	11	31
6	8	26
2	8	25
3	9	26
3	8	24
4	9	32
3	10	25
5	12	28
3	10	26
4	9	26
4	15	34
6	9	23
1	5	20
8	14	33
9	13	32
7	10	30
0	11	90
0	9	91
0	16	91
5	3	24
0	6	90
0	-1	82
0	3	82
0	12	90
4	5	23
4	5	23
2	7	21
4	9	24
0	5	91
4	6	24
4	6	26
7	14	32
3	9	23
3	7	24
6	12	31
5	13	30
1	4	22
5	7	25
1	5	20
0	11	91
0	9	91
0	11	90
2	5	22
0	9	90
1	6	21
0	-1	91
3	7	22
0	7	63
0	9	90
0	8	90
6	11	27
7	10	26
9	11	29
3	9	91
4	10	90
0	12	91
0	11	90
2	5	21
5	9	30
4	9	28
3	3	21
1	3	20
3	6	23
4	5	23
0	13	90
8	10	26
0	3	35
0	-1	91
1	-1	90
2	5	22
0	16	91
0	16	91
1	9	90
0	10	89
0	-1	91
2	7	23
1	12	90
1	6	91
0	15	91
0	17	91
1	2	22
1	2	22
0	6	91
0	7	80
3	8	23
0	4	90
5	11	25
2	7	21
0	9	89
0	10	91
0	10	91
4	6	25
5	8	30
2	6	23
0	8	90
3	12	30
5	7	24
3	6	22
0	17	91
0	17	91
1	4	21
5	10	25
6	10	25
5	9	25
3	5	23
5	10	30
0	6	90
2	4	20
2	4	21
0	16	88
0	7	90
2	4	21
7	9	26
5	11	30
3	6	24
3	6	23
0	8	61
1	7	61
6	10	24
2	6	21
6	10	31
0	12	91
3	7	25
2	6	22
6	7	26
0	10	91
0	10	91
0	7	90
0	3	91
0	13	90
1	3	23
2	6	20
4	9	26
0	24	90
3	7	20
0	6	87
0	7	90
5	7	23
3	7	28
3	6	23
3	6	22
0	8	91
1	8	90
0	7	91
0	8	91
0	4	91
1	10	91
2	5	23
3	8	25
2	4	24
0	25	90
10	12	33
7	10	30
0	1	21
2	12	54
10	12	36
8	11	34
11	17	39
3	6	21
7	7	31
8	10	30
0	12	91
0	13	90
0	4	35
0	4	91
0	10	90
7	9	28
5	13	32
2	6	22
9	9	31
5	9	26
0	7	91
1	16	91
6	8	26
7	10	33
4	7	25
0	10	91
1	8	90
6	13	30
2	4	22
5	11	32
4	7	24
3	6	24
6	8	25
5	8	24
3	9	25
2	6	22
3	7	23
6	9	24
3	6	21
2	6	20
5	12	33
3	9	25
7	8	26
4	10	25
2	5	24
5	7	27
4	7	23
4	10	26
3	8	23
4	9	25
4	9	26
5	10	26
4	9	25
5	7	24
3	6	25
3	7	22
1	5	21
7	11	30
6	7	25
4	10	23
3	12	25
3	7	21
1	8	91
0	8	91
2	6	21
1	6	20
2	7	20
7	8	31
3	58	91
3	21	91
2	4	23
4	5	22
3	5	24
3	5	23
4	10	26
5	7	27
3	17	88
0	8	86
8	12	30
7	11	31
4	7	25
4	5	22
0	11	90
0	7	91
0	3	90
0	12	91
3	8	25
2	11	24
2	5	21
5	-1	91
3	7	22
3	9	22
0	11	76
2	7	30
4	6	22
4	8	26
4	8	25
3	5	22
2	6	22
5	6	25
5	6	24
3	6	22
7	9	24
3	6	22
3	7	24
4	5	22
3	7	23
8	11	32
1	4	21
2	6	21
0	16	91
0	20	91
6	8	26
4	7	24
4	7	25
6	7	25
0	11	88
0	4	90
0	7	91
5	5	23
5	9	25
1	8	89
6	8	28
3	12	31
6	9	25
2	8	22
5	9	24
5	10	26
7	8	26
8	10	28
8	8	27
9	10	30
4	10	25
5	11	32
5	9	30
10	10	34
9	10	31
5	15	31
0	7	91
10	13	32
8	10	29
8	12	30
8	8	27
4	8	23
6	8	28
3	7	21
0	3	20
4	7	22
3	5	22
3	10	26
8	12	28
3	7	23
3	7	22
5	5	23
4	7	23
4	8	22
0	3	21
6	7	24
0	2	24
3	3	23
1	5	21
3	7	30
2	3	23
2	3	22
4	38	91
4	5	22
6	9	26
4	9	25
6	9	27
0	3	91
0	10	90
2	4	22
5	13	32
6	8	28
5	7	27
2	4	20
6	14	32
5	9	24
4	8	23
5	11	26
3	8	25
5	10	26
3	7	23
3	4	21
9	9	30
5	14	32
7	9	27
6	9	25
1	5	22
1	4	21
0	3	21
0	7	90
9	12	32
4	5	25
3	7	23
2	5	23
2	4	23
2	3	23
2	6	21
2	6	20
8	15	34
2	7	22
5	12	31
6	8	26
6	10	29
1	8	88
8	8	30
7	8	27
3	8	26
5	10	26
7	12	31
7	10	27
8	12	27
5	10	25
2	6	22
6	11	34
3	8	23
0	4	20
0	33	90
0	33	91
4	7	23
0	13	91
11	12	32
3	8	24
2	8	23
4	8	23
3	6	23
9	13	30
2	8	23
6	7	23
7	9	28
7	10	34
3	7	21
4	5	23
8	11	27
9	12	31
11	13	38
0	24	91
0	7	90
9	14	33
7	14	29
6	11	26
3	5	22
1	5	21
5	11	29
6	8	28
6	6	23
2	6	23
1	7	21
5	11	32
6	9	24
3	8	25
5	9	24
4	6	22
8	11	31
4	7	22
0	-1	70
0	9	70
2	8	25
4	6	22
2	5	21
5	12	30
6	10	31
4	10	30
5	11	28
4	10	27
0	10	90
5	11	30
8	11	32
1	7	20
3	8	25
4	8	23
2	4	23
8	17	33
12	11	42
13	14	40
12	11	39
9	12	34
11	11	35
5	12	30
6	11	30
6	9	30
5	6	26
3	6	21
2	6	21
3	5	22
7	12	28
2	8	22
2	6	21
3	10	24
8	10	30
3	7	25
3	6	23
3	6	24
4	7	25
5	9	26
7	14	30
1	1	22
1	9	91
0	2	21
5	9	25
3	8	22
3	5	27
1	4	20
9	10	31
0	3	21
1	3	20
0	14	90
4	8	26
4	7	22
4	8	25
3	8	23
5	6	23
4	8	22
1	9	21
6	9	27
3	6	25
2	5	24
3	7	30
2	4	22
5	8	24
9	14	34
1	6	21
4	9	22
2	4	21
7	9	27
4	10	24
3	9	24
3	8	24
3	7	22
0	6	21
0	10	90
0	8	90
8	10	30
4	6	23
5	7	26
12	10	36
2	8	21
4	8	23
5	11	31
3	7	23
4	8	23
6	11	30
5	8	24
4	10	25
6	10	30
6	11	26
0	26	90
5	7	25
3	6	22
2	5	23
6	12	31
1	23	90
3	8	25
2	4	23
3	5	24
0	7	91
7	10	27
11	14	36
11	13	35
10	13	32
10	12	30
8	12	30
1	4	21
4	7	24
4	6	24
7	11	31
1	4	21
0	11	91
0	8	91
6	9	25
2	4	22
2	4	21
7	8	26
0	10	91
4	5	23
3	5	24
3	5	23
3	5	24
3	5	21
3	28	91
3	6	20
0	8	85
4	6	23
4	7	24
7	5	24
2	5	21
2	6	22
4	7	23
5	9	29
0	13	90
1	29	87
1	3	21
6	7	27
2	9	25
5	7	24
1	5	21
1	6	21
0	14	90
1	3	20
4	6	25
8	12	32
8	11	31
9	9	28
7	10	30
7	8	26
8	10	28
7	10	31
6	8	27
0	7	58
5	8	30
4	6	23
6	8	30
4	6	27
5	6	25
4	7	27
3	5	25
0	15	91
0	13	90
2	2	22
2	3	24
4	3	23
3	5	24
3	4	23
3	4	25
2	5	23
3	5	23
9	12	31
0	13	91
7	7	28
9	8	30
3	5	27
6	11	32
1	5	89
0	15	91
1	-1	91
0	10	90
4	53	90
4	8	23
7	10	30
2	4	23
3	4	24
2	4	21
2	4	21
2	4	23
2	4	23
5	8	25
5	8	25
4	6	24
3	7	23
2	8	24
2	8	24
7	10	28
9	13	33
2	9	23
1	15	90
0	11	91
3	4	22
5	8	25
11	12	38
0	8	91
4	10	24
3	7	23
0	3	21
6	11	26
5	7	24
3	6	25
2	7	24
5	8	24
0	15	91
0	6	90
2	5	23
0	8	91
0	9	91
9	8	28
5	8	24
7	12	26
6	8	28
6	10	25
4	5	23
12	14	37
12	15	39
12	14	37
11	15	37
1	7	22
2	8	22
8	8	26
7	6	26
0	9	91
0	12	91
0	8	90
3	6	21
5	9	26
1	3	22
0	2	22
1	5	23
3	8	23
4	8	24
4	9	24
5	8	24
2	5	22
0	15	91
0	11	90
5	7	31
0	10	91
10	11	37
3	5	26
0	7	78
3	7	21
3	9	24
3	5	22
3	5	22
7	10	31
2	5	21
1	5	20
6	6	25
5	6	24
1	3	22
1	3	21
0	11	90
1	3	24
3	4	21
0	19	90
0	-1	91
1	5	23
0	13	89
0	7	91
7	7	26
6	5	25
5	6	27
0	18	90
2	7	23
2	8	24
8	10	31
4	5	22
2	6	23
4	4	22
7	12	30
6	9	27
8	11	32
6	10	27
7	8	26
5	4	24
4	9	30
0	8	91
0	6	90
4	8	22
1	9	91
0	13	90
0	6	90
0	6	91
4	5	24
5	7	27
4	6	25
0	9	91
0	13	91
3	9	24
4	7	23
6	12	32
0	7	90
0	11	91
2	4	21
5	9	27
2	4	21
0	15	91
0	8	91
7	9	24
2	7	21
2	5	23
0	9	91
0	6	91
3	12	27
8	10	28
0	10	91
0	9	90
0	5	91
0	11	91
0	13	91
3	5	24
4	8	32
4	4	22
4	6	23
2	4	22
2	4	21
5	8	23
2	5	23
4	6	26
4	5	23
3	7	23
4	7	25
2	6	24
4	7	23
4	9	23
3	7	24
3	6	22
9	13	32
5	9	23
10	12	32
1	6	22
4	7	25
3	8	29
5	6	23
0	5	22
1	5	21
5	6	25
1	5	20
4	5	23
2	5	25
7	9	28
7	9	29
2	26	90
0	24	91
3	5	21
4	9	22
4	8	21
7	7	26
9	13	33
1	11	91
0	9	86
1	7	23
3	7	23
3	4	28
3	5	22
1	7	20
0	4	21
8	16	32
6	11	32
3	6	24
3	7	21
3	6	21
6	12	28
6	9	30
5	10	27
4	6	21
3	7	23
10	12	29
5	9	25
5	11	28
6	11	27
3	7	20
2	7	20
7	9	25
5	14	30
7	12	28
9	13	32
5	9	26
5	10	31
3	5	24
3	4	23
4	8	26
5	8	24
6	9	30
7	12	30
7	12	32
4	7	24
4	6	23
0	14	89
0	13	90
2	7	20
3	6	20
0	13	91
0	18	90
5	8	24
5	4	23
4	8	23
6	9	28
4	6	22
3	6	21
3	7	22
2	4	21
7	13	34
2	7	91
2	7	90
3	7	22
3	7	21
0	2	91
0	0	88
0	13	91
1	10	90
8	9	29
6	10	23
5	9	24
2	5	21
8	11	30
5	6	24
5	6	24
3	8	22
6	9	28
1	8	91
6	7	27
0	11	90
0	4	90
0	10	91
0	10	91
7	10	31
3	8	24
6	9	27
5	9	25
6	10	31
6	12	31
2	5	21
1	5	20
3	7	24
4	8	25
3	6	24
0	11	57
3	10	23
2	5	21
4	5	26
3	8	22
6	8	25
0	10	90
0	8	90
4	9	25
3	8	22
3	5	20
4	7	23
5	8	23
6	9	25
0	14	76
0	4	20
7	13	33
3	8	24
4	8	21
2	6	22
2	6	20
0	7	90
0	14	91
2	5	22
2	7	22
0	16	91
4	7	22
5	5	26
9	8	32
8	9	33
10	12	34
9	12	33
8	10	30
5	4	22
8	10	30
3	10	22
2	8	21
2	8	21
11	9	33
1	6	22
8	11	31
9	13	33
8	10	30
9	11	30
2	8	25
2	5	30
3	8	26
5	8	26
4	8	24
0	9	91
7	11	33
1	7	20
4	6	22
4	8	23
6	7	24
0	17	90
0	13	91
8	9	30
8	7	28
6	8	26
2	7	20
4	7	22
3	7	22
3	8	22
2	7	23
3	6	22
5	6	22
0	12	91
3	7	23
3	6	24
4	9	31
3	6	22
7	10	27
6	8	27
6	8	30
5	8	25
7	8	27
7	9	30
6	9	29
6	9	30
8	8	30
0	5	89
3	7	23
4	5	23
4	6	24
4	9	23
7	14	30
0	9	91
0	6	91
1	24	90
2	7	23
7	7	27
8	9	29
4	9	28
2	7	24
0	-1	90
0	15	91
9	12	27
0	9	90
4	7	24
5	8	26
2	3	21
5	29	91
6	-1	91
5	-1	91
5	-1	91
4	-1	91
5	6	25
5	6	23
3	3	22
2	5	20
3	8	26
3	7	24
3	5	23
3	6	22
4	6	26
2	5	22
0	13	91
7	10	27
4	8	24
3	8	23
4	8	23
0	2	22
0	4	24
5	6	24
5	8	23
7	13	32
2	3	21
4	5	21
4	4	23
6	12	37
5	13	33
4	13	32
4	10	31
3	9	24
5	11	31
3	7	21
5	11	30
6	13	31
4	9	26
3	13	30
1	9	24
2	7	23
4	8	24
0	10	91
0	2	48
3	9	23
1	4	22
1	9	21
0	8	90
5	8	24
3	8	24
7	10	30
2	6	22
6	11	26
4	10	24
5	10	24
4	10	23
0	8	90
4	8	25
1	5	21
6	7	31
7	9	31
0	9	91
0	12	91
2	7	21
2	7	20
3	6	23
4	10	28
4	10	25
3	11	26
2	6	20
5	10	25
10	12	40
8	7	30
10	11	35
0	12	90
0	12	90
3	5	22
3	5	22
2	6	20
3	6	26
4	8	30
0	7	20
5	11	27
4	4	23
3	7	24
6	9	24
6	15	31
0	11	90
0	-1	91
0	10	90
0	14	91
6	8	31
2	2	21
4	7	24
0	17	90
10	9	33
6	8	33
2	6	21
5	8	26
5	7	24
1	7	21
0	4	21
1	4	21
1	5	20
0	9	91
0	6	91
7	7	26
6	7	27
8	10	29
10	12	36
4	6	24
4	7	24
1	7	21
0	9	90
2	7	22
0	11	91
0	10	91
0	9	90
0	9	91
4	8	25
0	14	90
0	11	90
2	7	23
3	36	91
5	7	23
3	8	31
2	8	22
2	4	21
0	5	66
0	6	77
9	11	31
4	5	23
0	7	89
0	-1	90
4	6	20
3	6	20
5	8	24
3	6	21
5	7	23
2	8	22
1	4	20
0	11	91
0	10	91
7	8	26
7	9	27
7	10	26
6	10	25
7	8	25
3	6	26
3	8	24
2	9	91
0	9	91
7	10	27
4	12	30
5	10	27
5	9	25
7	12	27
6	14	30
1	7	90
0	9	91
4	6	25
0	-1	79
3	14	30
7	11	30
4	9	23
9	13	33
8	10	30
4	7	24
4	6	25
6	9	24
4	6	24
5	8	26
5	8	24
4	6	22
1	5	21
3	7	25
3	6	21
4	6	23
9	12	33
7	11	29
6	8	30
3	6	22
5	7	24
5	8	25
5	9	25
4	10	24
6	12	34
7	8	28
4	6	26
4	6	22
2	6	21
7	10	26
5	7	27
0	6	91
0	8	90
5	27	91
5	-1	91
2	6	21
3	10	24
2	7	21
3	10	24
2	10	22
6	8	26
3	6	23
3	5	22
4	13	32
3	10	25
0	6	65
3	8	23
6	8	24
8	9	32
10	11	39
10	9	34
7	8	31
2	7	20
8	10	31
4	6	25
0	34	90
0	34	90
2	6	25
3	5	21
6	7	23
3	6	24
0	6	91
7	9	30
6	8	27
8	9	26
5	12	31
4	9	26
2	-1	91
4	7	22
8	9	33
9	10	33
11	10	36
9	10	36
5	9	25
0	5	65
0	7	65
2	6	21
8	12	32
0	13	91
0	12	90
6	12	31
5	5	24
4	5	23
7	10	35
2	6	23
5	7	23
2	4	22
1	4	22
7	7	25
5	8	25
5	9	25
4	6	21
8	12	33
0	4	24
3	12	91
5	10	28
3	8	24
4	9	24
4	8	22
3	9	24
5	8	24
5	10	26
6	10	27
5	10	24
4	10	26
4	9	26
5	40	90
2	7	22
0	3	22
3	8	20
5	9	28
6	9	28
4	11	32
4	9	25
3	8	24
3	7	25
2	7	24
5	8	23
3	10	29
5	12	30
5	8	26
4	10	27
6	12	26
4	10	25
4	10	24
2	8	22
8	10	29
2	6	21
7	9	25
0	10	91
0	8	90
2	6	21
3	7	22
5	9	25
3	8	23
3	8	22
5	9	25
4	8	24
6	7	26
7	11	30
1	3	22
1	4	21
3	8	30
5	8	29
3	7	24
3	7	22
1	4	22
1	4	22
1	4	21
0	4	20
3	3	23
0	12	91
0	12	90
1	3	21
5	8	25
5	8	24
6	10	25
0	16	91
3	7	20
5	8	23
3	6	21
3	3	25
5	3	22
2	5	20
2	5	21
2	4	21
1	11	90
7	11	30
5	12	33
7	12	33
6	10	31
9	12	30
8	13	32
0	2	21
0	3	20
0	3	22
4	8	25
0	6	91
0	17	90
0	13	91
4	10	24
4	11	23
7	11	31
2	7	22
2	6	22
3	6	21
3	2	23
3	5	21
4	7	26
6	6	25
1	7	22
3	5	22
2	6	21
3	6	22
6	8	25
3	9	26
0	12	91
0	10	91
2	5	21
6	10	28
0	10	89
1	12	91
8	11	27
4	6	24
2	6	22
3	6	21
0	6	91
0	7	91
3	7	20
0	8	89
0	8	90
2	4	21
9	12	35
3	6	23
6	9	27
6	9	24
4	9	23
3	9	24
0	6	91
4	8	23
4	7	22
2	9	22
3	6	22
1	7	21
3	4	23
4	6	23
3	7	22
9	11	33
9	12	32
7	11	31
7	12	31
8	12	32
0	10	90
0	12	91
6	11	30
2	3	24
1	3	22
2	4	22
1	4	23
8	8	30
3	8	24
1	7	21
2	6	22
3	4	23
2	3	24
2	3	20
2	6	24
6	6	25
3	5	27
5	7	26
4	6	22
0	6	90
5	6	25
7	10	31
5	10	32
3	6	21
0	12	91
5	7	24
4	7	23
3	6	26
3	4	24
4	5	24
2	6	20
4	6	22
0	5	21
5	8	26
1	6	22
4	5	23
0	3	21
3	7	21
3	7	23
3	6	22
6	7	27
4	7	24
3	7	22
3	5	23
3	6	24
3	7	23
3	6	24
4	9	27
4	7	26
5	7	25
3	6	25
0	7	90
0	11	90
0	3	91
6	38	91
4	9	28
6	9	27
7	8	28
1	4	21
8	13	31
3	10	27
0	3	30
0	3	24
2	6	21
3	6	21
0	18	90
3	6	23
3	9	23
4	5	21
1	6	20
3	6	23
4	8	24
3	8	23
3	11	23
0	7	90
0	5	90
4	5	23
1	4	20
1	2	20
6	12	31
0	8	90
0	16	90
3	12	24
1	5	24
0	10	91
0	11	91
1	5	24
0	5	90
0	7	90
7	7	30
1	5	20
2	5	21
4	10	22
3	8	22
2	6	22
3	6	30
3	5	24
4	4	23
3	6	25
7	9	27
5	9	31
5	8	30
4	8	26
3	6	20
0	13	90
10	11	34
5	8	22
2	8	21
0	2	90
0	6	91
5	12	32
0	2	89
0	3	90
3	6	22
2	5	22
3	8	25
3	6	21
4	9	31
2	5	21
4	6	22
2	5	22
2	4	21
1	4	21
0	4	20
5	8	27
6	11	31
5	10	31
4	9	30
3	7	26
2	7	20
4	27	88
11	14	37
5	9	24
3	6	21
3	7	21
9	13	32
7	11	27
7	11	29
8	11	28
8	7	26
0	11	90
0	10	91
3	7	20
7	11	26
8	12	25
7	14	32
6	13	30
11	13	40
7	14	31
1	6	20
3	10	26
3	6	21
3	7	20
4	7	22
3	5	23
3	8	25
3	8	24
2	7	23
3	8	21
3	8	21
3	8	21
0	13	90
0	5	91
0	10	90
4	7	26
3	8	23
8	10	29
5	7	24
0	13	90
0	14	91
5	6	24
8	13	31
0	13	91
0	11	90
3	5	21
7	11	28
3	5	21
1	15	91
0	7	91
4	13	32
7	9	26
2	5	22
5	10	30
2	5	21
1	6	21
4	10	22
2	8	22
5	13	31
0	9	90
0	12	90
3	7	25
3	6	21
4	8	26
0	9	91
0	8	91
0	4	22
4	7	25
3	5	25
0	13	91
0	13	90
0	4	21
0	3	20
5	6	25
1	3	22
0	2	21
0	4	90
0	6	90
0	10	90
0	15	91
2	6	21
1	4	20
6	9	25
2	7	22
3	6	22
3	3	21
2	3	21
0	8	87
0	12	81
0	13	81
3	8	22
7	14	39
1	12	91
0	11	90
3	5	20
6	10	26
5	10	33
1	13	91
0	14	91
0	12	90
1	12	80
2	6	21
2	3	21
2	4	21
3	7	22
0	1	21
2	4	20
4	5	24
0	5	21
7	10	31
6	8	25
5	9	27
0	3	22
0	6	87
1	5	22
3	9	25
1	6	23
0	4	24
0	4	22
0	3	23
0	2	23
0	11	48
4	8	24
1	4	21
5	9	27
2	3	22
2	4	21
2	5	23
4	7	24
0	4	21
7	10	29
2	4	21
3	5	22
0	8	91
3	4	22
7	9	30
5	6	23
7	12	34
9	10	33
6	11	32
6	8	28
0	13	91
0	14	90
1	6	21
1	4	22
4	7	23
9	8	34
8	12	32
9	12	37
8	12	34
8	12	33
5	9	24
1	4	22
5	7	27
3	6	23
4	7	25
4	7	24
2	6	21
4	7	23
4	8	24
3	7	24
5	9	23
7	7	26
6	8	26
5	10	28
1	5	20
0	12	91
0	7	91
5	8	24
3	8	23
0	15	90
0	16	91
0	0	90
0	0	91
2	6	24
0	9	90
0	7	91
0	8	90
0	7	91
0	7	87
4	8	23
6	9	34
0	9	90
0	8	90
0	8	91
0	13	91
4	11	30
5	9	28
1	4	21
0	4	91
0	3	91
10	12	34
12	13	35
2	7	22
2	6	21
5	8	23
4	5	26
2	11	91
2	12	90
2	6	22
4	8	22
1	3	23
6	8	26
0	11	91
0	11	90
0	10	83
0	9	83
2	8	24
0	7	89
3	7	22
4	6	25
4	10	23
0	16	91
1	3	20
3	4	22
4	7	23
2	5	20
6	9	29
0	13	91
2	6	23
3	5	22
4	7	22
0	13	91
5	8	25
5	8	24
0	13	91
0	6	89
2	3	23
1	4	20
6	10	30
2	5	22
3	5	21
1	4	21
0	2	22
0	22	90
5	7	27
0	5	91
0	4	91
10	10	34
7	10	32
2	4	21
4	10	24
3	8	26
0	4	22
5	9	23
9	15	36
6	9	26
0	11	91
0	5	90
0	7	91
0	35	90
4	10	24
3	9	23
1	16	91
7	9	30
10	14	39
1	11	91
1	4	21
5	8	24
0	11	91
0	13	90
2	9	24
3	9	24
3	9	24
4	8	23
1	4	21
4	8	24
2	7	23
8	10	30
9	10	30
7	10	28
9	6	33
8	6	31
10	9	35
9	8	31
9	10	30
2	6	21
3	6	22
8	10	27
4	10	26
6	8	26
5	10	30
3	7	21
6	13	34
0	10	91
0	12	90
0	12	91
0	16	91
2	7	22
9	10	34
5	7	25
2	6	21
7	11	30
4	5	21
0	8	56
3	7	26
3	9	25
4	8	25
4	7	25
4	8	25
3	7	24
4	6	23
1	6	21
3	7	23
2	4	25
4	6	24
0	2	23
0	2	22
1	2	21
1	5	22
1	4	20
3	9	25
8	9	27
5	9	24
4	5	23
4	3	29
3	3	25
5	6	24
3	5	22
3	5	22
3	8	23
2	7	23
3	7	22
5	7	27
4	6	26
0	4	21
1	4	20
0	13	48
0	3	48
0	4	23
1	4	21
0	5	25
0	4	24
0	5	22
0	24	90
0	14	91
0	13	90
5	9	31
5	13	31
3	31	91
0	13	90
0	12	91
0	12	90
0	10	91
0	4	88
0	20	91
0	12	90
0	7	91
3	7	20
3	3	23
5	6	31
6	5	31
3	3	31
4	8	22
2	4	21
1	3	22
2	5	22
0	3	60
7	8	31
4	7	26
5	7	24
0	2	22
7	8	25
5	10	26
3	5	23
6	5	24
8	13	33
2	5	23
3	4	30
2	3	22
7	11	24
2	5	20
3	5	23
6	7	26
4	5	23
2	8	21
1	5	22
0	14	90
4	6	23
4	7	23
3	7	22
4	6	25
3	6	26
5	7	23
0	11	90
0	9	91
4	6	26
7	10	30
6	9	31
4	12	30
4	8	23
5	9	22
6	7	25
4	5	22
4	9	23
3	8	25
4	6	23
3	7	23
3	7	22
5	8	24
0	4	91
7	13	33
5	10	27
4	7	24
4	7	26
3	6	23
3	6	22
3	5	24
2	5	21
3	9	24
3	8	22
3	8	23
4	9	24
0	10	91
5	5	23
2	5	23
2	4	22
2	5	21
0	8	90
2	5	21
1	5	22
2	5	21
1	4	21
0	7	91
0	5	88
0	12	91
0	12	91
4	6	25
6	12	30
3	11	27
0	13	91
2	5	21
2	6	22
2	7	21
6	7	31
0	5	22
1	4	21
5	9	25
4	10	24
7	12	34
0	7	91
0	11	89
0	9	90
4	7	25
1	5	22
7	10	33
6	10	27
1	9	91
2	3	20
0	8	91
2	6	21
0	3	20
7	7	25
0	11	91
0	10	90
0	9	91
0	10	91
3	5	23
6	28	91
6	27	91
1	4	20
0	7	90
0	7	90
3	6	21
0	4	20
0	11	91
0	10	91
6	9	24
2	3	22
3	6	23
5	7	22
3	6	25
8	10	33
7	8	27
5	8	24
3	7	24
3	6	22
0	10	90
2	7	23
0	8	91
0	9	91
4	4	23
4	4	22
4	5	23
0	-1	91
1	5	20
3	8	21
6	8	31
3	6	22
2	8	22
3	8	25
0	9	90
3	6	22
2	9	91
1	7	91
2	6	22
3	8	26
4	6	23
3	6	23
5	4	25
7	5	26
4	5	21
4	6	25
0	6	91
0	8	90
1	9	90
1	9	91
6	8	24
4	7	25
4	7	24
4	7	23
2	8	23
0	7	90
5	9	25
1	5	21
1	5	21
0	11	91
3	6	22
2	7	24
2	8	21
2	3	20
7	8	30
7	7	27
0	8	91
2	6	20
11	13	34
7	8	26
0	13	91
1	5	20
7	11	31
4	9	23
2	6	23
1	2	22
0	5	51
2	6	22
2	6	21
2	6	22
6	10	25
0	10	90
3	5	25
0	11	90
0	10	90
6	8	24
5	6	25
0	3	20
0	4	90
0	13	91
1	13	90
0	7	76
0	6	76
1	15	90
0	10	91
0	10	91
0	8	90
6	14	30
5	8	23
2	4	21
0	18	91
3	6	23
1	22	90
0	11	91
1	12	90
0	6	91
0	1	22
5	6	23
0	8	91
0	13	91
2	4	22
1	3	21
2	3	25
6	7	23
0	9	91
6	10	30
1	4	21
2	4	22
2	6	24
3	6	21
10	11	32
10	10	31
10	11	34
3	6	23
0	9	91
0	12	91
3	6	25
5	10	28
7	11	31
2	2	22
4	5	22
0	3	21
2	4	21
4	7	23
1	5	23
3	3	24
6	6	31
5	6	24
1	4	20
4	7	25
11	11	39
10	10	38
3	7	22
2	6	21
2	6	20
7	11	30
3	5	24
2	6	22
3	6	22
4	8	25
8	7	29
3	9	26
3	6	24
2	6	22
0	5	91
2	7	20
5	11	26
3	7	22
4	10	27
3	6	26
2	4	23
4	5	26
3	5	24
3	4	22
3	5	22
4	8	25
2	18	56
4	9	28
2	7	22
2	7	21
7	8	26
3	5	23
0	9	91
0	11	91
5	10	27
2	6	21
7	13	32
4	8	24
6	10	26
3	5	23
3	5	22
3	12	30
0	3	91
0	14	91
2	5	22
6	11	27
0	6	91
5	10	30
5	11	29
5	8	26
9	10	34
6	10	35
7	10	33
7	7	34
7	10	30
5	31	90
0	5	91
8	10	30
0	8	90
1	4	22
2	5	22
3	9	24
6	9	26
5	8	26
4	7	24
5	8	22
7	8	32
0	9	90
1	14	91
0	5	23
0	11	91
9	11	32
3	6	21
3	6	22
3	7	26
6	13	28
7	11	26
0	10	91
4	6	23
2	5	21
2	8	23
3	6	24
2	4	20
0	20	91
0	10	91
4	8	24
3	9	24
3	9	23
2	8	24
2	9	25
2	7	23
2	5	22
4	6	23
4	7	24
7	10	23
3	6	21
6	10	30
0	13	91
0	10	91
7	10	31
5	9	32
1	5	20
3	7	23
2	6	23
4	6	21
4	6	22
3	7	25
3	8	22
5	7	23
2	7	22
3	8	26
3	8	23
4	7	25
3	8	24
8	14	38
6	7	25
0	8	91
5	9	30
3	7	21
3	5	20
3	4	22
2	3	22
3	7	23
2	5	21
1	9	86
5	9	27
0	8	91
0	5	91
10	11	36
9	10	34
1	10	91
8	10	35
2	7	21
3	7	23
2	8	22
2	6	22
3	5	21
6	8	29
4	9	24
0	14	91
0	10	90
0	4	22
3	5	24
3	3	23
4	7	23
3	7	25
3	7	24
4	7	23
3	17	91
1	6	21
0	16	90
0	11	90
0	6	38
0	6	91
8	7	27
0	-1	59
2	7	23
0	7	23
0	6	91
0	7	91
5	11	35
0	10	91
0	-1	91
0	5	22
6	7	25
6	11	32
0	4	21
2	4	22
2	5	23
1	3	21
2	6	24
2	6	20
3	8	25
2	4	24
0	11	91
0	8	90
0	10	91
0	11	91
0	7	91
0	21	91
5	3	26
0	17	83
2	3	21
1	5	22
3	5	22
0	4	21
5	8	26
3	5	22
0	4	23
0	3	23
0	4	20
3	8	25
8	9	32
7	8	27
6	9	29
6	8	26
7	11	29
6	11	27
1	5	22
2	6	20
6	8	26
6	7	25
1	4	22
10	13	34
2	5	21
0	10	91
0	8	90
5	4	24
3	2	22
0	3	20
2	2	22
4	8	26
7	10	32
9	11	30
2	4	20
1	4	21
0	12	90
0	12	91
0	4	91
0	4	88
0	7	66
4	21	91
9	11	31
8	10	30
9	11	31
3	9	31
3	7	23
3	6	24
2	6	22
1	4	22
6	8	31
6	10	31
3	6	22
0	9	91
3	7	21
1	11	90
5	8	25
1	5	22
0	2	21
5	7	25
0	10	55
0	10	91
0	9	90
2	5	21
3	7	24
4	6	26
4	5	23
2	6	22
0	4	90
0	5	90
0	12	90
0	15	90
3	8	27
4	3	26
6	6	26
3	9	26
0	4	40
3	8	24
2	7	21
3	8	23
2	8	22
1	8	50
5	9	30
4	10	26
5	9	26
5	9	23
5	8	23
5	8	22
3	7	20
5	9	23
5	8	23
4	10	30
3	7	24
3	7	24
0	3	48
0	2	20
0	11	90
0	9	91
3	7	22
0	13	91
0	13	91
5	8	26
7	9	26
0	8	91
6	7	28
1	1	23
0	2	91
0	2	91
2	7	23
3	8	25
1	3	20
0	13	90
0	9	90
4	6	23
0	8	91
10	10	32
9	10	31
2	8	22
3	21	89
1	6	21
1	3	21
5	9	25
6	10	26
8	8	32
5	10	25
2	6	21
5	8	23
9	10	36
4	9	24
0	10	91
0	6	90
3	4	26
3	4	23
4	5	24
3	6	25
4	5	25
3	6	25
3	6	23
3	5	22
0	10	90
6	8	26
5	7	26
0	11	90
1	13	90
5	10	32
4	8	26
5	10	30
3	9	23
0	13	91
0	12	91
0	8	88
2	6	22
4	7	23
1	13	90
0	11	91
0	10	91
0	12	90
3	8	22
6	11	26
4	8	22
0	10	91
0	9	91
1	-1	90
0	-1	91
0	13	91
0	14	90
2	6	23
4	18	68
2	6	21
1	6	20
5	7	25
0	11	81
3	7	24
0	9	88
1	13	91
4	5	24
0	11	91
0	9	91
0	10	91
2	17	91
1	12	91
2	5	21
3	10	24
4	10	25
4	8	27
3	5	23
9	12	34
5	6	25
1	5	24
0	11	91
2	9	24
3	8	21
3	7	22
0	3	22
1	11	91
5	12	27
0	10	90
5	7	24
1	4	20
0	3	22
0	3	23
0	16	90
0	10	91
3	8	23
5	8	23
2	7	21
3	8	22
6	9	25
4	11	25
4	9	23
4	8	23
3	7	25
4	9	25
3	7	23
3	7	22
4	9	24
4	10	26
5	9	27
6	8	29
8	10	25
5	5	26
1	7	21
0	12	90
0	11	91
8	9	30
6	7	25
0	6	91
8	11	30
5	14	33
8	14	34
2	8	21
0	5	90
3	7	24
3	8	25
5	8	25
8	10	31
6	10	29
4	10	28
0	14	90
0	13	91
0	12	90
0	15	89
0	7	90
6	12	30
6	9	24
9	12	30
1	5	23
0	15	90
0	6	90
1	12	91
0	6	88
0	9	91
0	7	90
0	13	90
0	5	90
0	3	90
0	8	90
7	8	28
0	14	90
0	6	90
0	12	91
0	6	88
0	5	91
0	9	91
0	10	89
3	4	22
2	5	23
4	6	23
4	6	24
3	5	22
5	7	30
4	6	24
4	8	24
3	7	24
0	11	90
0	11	89
2	5	21
2	4	23
0	9	91
0	11	91
4	5	24
3	5	22
3	5	22
7	8	26
8	7	26
0	15	91
0	4	21
0	9	91
5	8	31
0	9	90
2	5	21
0	19	91
4	-1	91
2	8	21
9	26	90
7	25	90
0	13	90
0	15	91
0	17	90
5	13	28
6	13	32
0	7	91
3	4	21
6	8	26
7	11	29
7	12	31
0	35	88
2	5	22
7	8	25
5	8	26
3	6	25
2	6	26
3	6	22
2	4	26
2	4	21
3	4	21
1	3	23
0	12	91
0	15	91
4	5	22
5	7	25
1	2	20
3	8	22
4	6	22
0	10	89
1	3	21
2	6	22
0	-1	90
0	7	91
7	8	26
7	12	27
7	10	26
6	11	27
3	6	24
10	15	35
0	5	90
0	5	90
5	8	28
3	4	24
3	5	24
1	5	24
1	6	22
4	11	26
3	6	23
5	10	24
4	11	27
8	9	27
6	9	26
6	8	24
5	6	24
4	7	22
1	2	23
3	10	25
4	6	24
3	5	20
5	9	24
2	4	21
2	4	22
0	8	91
0	12	91
11	13	31
0	16	90
2	8	30
2	6	20
4	5	23
0	13	90
2	8	23
2	7	21
1	4	45
1	6	20
4	7	25
2	5	22
4	7	24
6	9	31
0	10	90
0	11	89
3	7	22
3	7	24
0	11	90
0	10	91
3	7	25
6	7	25
0	10	90
0	11	91
3	6	21
0	13	90
4	6	25
3	38	91
3	5	22
4	8	23
4	8	22
7	8	24
2	7	21
6	10	31
6	9	32
5	9	32
6	9	30
6	8	31
7	10	31
3	7	21
0	8	90
0	7	90
0	13	91
0	6	91
2	5	25
2	5	21
0	6	89
0	11	90
7	8	26
2	6	21
2	7	22
7	9	26
6	12	31
7	11	30
6	11	35
2	5	23
0	10	89
0	13	90
6	10	30
6	9	24
3	7	22
6	10	31
25	31	90
2	6	20
1	4	20
4	9	23
0	8	90
0	13	91
0	8	91
1	4	21
3	7	22
3	5	20
0	24	91
2	9	25
3	9	23
4	10	25
3	4	22
3	6	25
3	8	24
3	9	23
7	14	33
5	10	25
0	7	90
2	7	21
2	5	23
3	6	24
2	5	22
4	6	27
3	8	24
5	8	26
3	6	22
6	8	24
2	6	21
2	6	20
4	9	24
3	8	22
0	7	63
0	6	63
3	5	24
4	5	23
2	4	21
1	4	20
0	13	91
0	9	91
0	2	91
4	9	22
3	6	23
6	11	33
2	6	41
0	10	91
1	7	91
4	3	22
2	7	22
2	7	20
1	5	23
2	8	25
5	13	29
4	8	26
4	8	23
3	7	22
2	-1	91
2	11	26
4	8	30
2	5	24
3	9	24
0	7	28
0	8	90
0	7	90
6	11	26
9	9	30
7	9	31
9	9	30
6	8	26
5	7	30
7	9	31
6	9	30
6	9	31
0	9	91
6	10	25
0	2	32
2	5	25
1	5	24
0	6	23
0	6	23
1	3	22
0	3	21
0	4	21
1	2	22
0	6	49
7	12	27
1	1	21
2	5	20
4	5	23
4	5	23
4	9	32
4	12	33
0	8	90
0	12	91
0	3	90
5	10	30
6	12	36
0	11	90
0	12	91
2	4	20
6	10	27
7	12	25
1	6	23
6	8	24
3	5	21
7	10	30
6	9	27
5	8	24
0	8	91
8	11	31
0	20	91
4	8	24
4	11	25
3	9	24
3	5	22
3	7	23
4	7	20
4	7	20
7	12	30
5	9	24
1	5	21
8	12	32
6	11	30
6	7	23
6	9	24
8	11	31
6	6	26
2	7	22
3	5	21
3	7	21
7	10	31
0	9	91
0	13	90
7	8	30
1	4	80
0	3	43
0	9	91
0	8	90
0	12	90
0	5	90
0	9	90
7	7	30
9	9	34
8	9	31
8	6	28
11	11	36
8	8	29
1	8	23
5	7	28
3	9	23
7	11	32
5	8	26
2	5	22
3	8	24
3	7	22
0	9	73
0	11	73
9	9	32
2	4	22
0	14	90
5	10	24
2	5	21
1	21	89
2	5	22
1	2	22
3	6	22
4	9	23
4	8	22
6	6	25
9	15	36
0	4	91
1	9	91
1	5	22
6	8	27
0	3	24
4	10	30
0	6	91
5	13	91
3	3	22
2	7	23
2	4	23
4	4	24
0	3	22
0	8	91
0	8	91
0	12	90
0	9	91
0	9	90
0	9	90
1	10	91
4	6	22
10	9	30
0	4	21
0	8	91
0	9	90
3	5	23
2	6	23
2	6	23
1	4	23
9	13	35
11	12	33
9	8	30
0	15	73
1	9	73
2	7	22
1	6	22
1	4	21
1	3	20
1	6	22
3	8	23
4	9	24
0	14	91
7	13	29
4	9	26
4	5	23
1	-1	90
0	15	89
3	8	22
3	9	24
1	1	22
3	5	23
7	9	25
2	3	21
1	14	91
1	15	91
2	6	23
0	-1	90
9	8	33
2	5	22
8	14	36
5	10	26
8	11	32
7	8	23
9	8	26
1	4	20
1	5	23
3	6	23
0	2	53
0	-1	53
3	7	23
0	10	90
0	9	90
5	10	25
0	2	21
5	6	24
6	11	27
7	9	31
6	10	26
7	9	25
7	10	25
6	8	25
3	8	23
3	9	22
3	6	90
1	8	62
2	4	21
3	5	24
9	10	32
4	14	29
4	7	23
1	3	22
0	2	21
0	2	21
0	2	22
5	8	26
5	6	22
7	7	26
5	6	24
0	5	90
0	8	90
7	8	30
4	6	24
5	6	24
2	6	20
7	8	29
3	6	22
6	9	26
6	10	30
2	7	21
6	11	27
6	10	26
6	9	25
11	18	40
11	15	37
9	15	32
8	14	35
8	16	37
3	7	22
2	4	21
6	9	27
7	9	28
7	11	27
0	-1	90
4	7	25
1	5	21
7	10	26
3	8	25
8	9	26
8	10	29
9	12	36
2	6	22
2	5	21
3	6	23
4	7	24
10	12	40
9	11	37
7	12	31
9	13	34
2	5	21
2	6	22
6	10	26
4	10	23
4	6	24
2	6	23
4	8	26
5	9	24
0	10	90
0	13	91
2	5	23
2	7	22
5	8	26
3	6	22
3	6	20
6	10	28
3	6	24
6	21	91
4	23	91
5	24	91
2	6	21
3	6	22
2	6	21
6	9	26
5	12	32
4	6	23
0	10	91
0	11	90
2	6	23
3	10	23
3	8	22
3	9	24
3	7	24
0	5	91
0	11	90
6	10	30
3	7	24
2	5	21
2	6	20
4	9	24
0	8	91
0	14	91
2	5	21
2	4	23
5	7	27
6	12	32
5	6	22
4	8	24
3	6	21
4	6	22
5	8	24
3	6	21
4	10	23
4	9	26
5	7	27
5	11	30
3	7	23
3	7	24
0	11	90
0	4	91
0	6	89
0	18	90
5	9	24
4	7	21
5	10	24
3	10	27
3	5	24
4	9	26
7	9	34
7	8	26
8	13	29
2	6	21
3	7	23
5	10	30
3	6	22
5	9	25
3	7	21
2	6	20
3	6	22
8	11	33
7	7	32
2	5	20
1	13	90
0	8	90
0	12	91
0	7	91
6	8	32
0	9	90
1	13	90
6	11	31
5	9	31
7	9	30
2	5	20
6	10	30
2	4	22
3	4	20
3	4	21
0	5	22
1	6	22
0	10	90
3	5	26
3	6	23
4	7	23
3	5	24
3	5	25
3	4	22
1	3	21
0	9	89
0	12	90
0	3	22
2	4	23
0	11	91
0	8	91
2	4	23
2	3	21
2	3	22
4	3	23
1	4	21
0	9	90
0	9	91
0	12	90
0	-1	91
5	13	30
8	8	25
3	6	22
2	5	22
4	7	24
7	11	31
4	11	30
0	7	90
0	10	91
5	9	25
3	8	23
0	3	91
0	4	89
0	5	90
0	14	90
3	7	22
5	8	25
1	5	21
1	9	61
4	8	23
0	1	20
0	1	89
9	14	36
7	10	29
3	5	22
0	7	91
5	7	24
4	6	23
0	10	91
0	10	90
3	8	22
9	16	35
4	6	23
0	8	91
0	9	91
3	5	26
3	5	22
8	9	27
8	10	32
8	10	28
9	10	28
7	10	30
3	9	26
2	6	21
5	8	24
2	21	91
0	22	91
3	5	21
3	5	22
3	7	24
3	4	23
2	4	22
3	8	25
4	9	25
0	2	21
0	11	91
1	9	91
6	9	26
4	12	30
4	13	31
5	13	30
6	13	31
5	11	30
4	9	24
4	9	24
5	10	25
4	8	23
0	10	90
0	16	91
0	5	91
0	7	90
0	5	90
0	4	90
3	6	24
0	8	90
0	10	91
3	7	23
3	7	23
4	7	22
3	5	23
2	4	21
3	5	24
3	5	24
0	0	22
0	-1	66
2	4	22
2	4	21
2	6	23
0	6	91
0	3	22
1	5	21
35	39	91
0	11	90
0	9	90
6	9	28
1	14	90
0	13	91
0	12	91
0	15	90
1	13	89
0	12	90
6	7	26
0	3	21
0	5	91
3	4	23
4	7	25
3	5	23
3	5	23
7	8	30
4	7	25
7	8	31
4	4	24
1	5	20
1	1	30
2	6	21
2	5	22
0	3	91
0	8	91
7	8	32
0	-1	91
0	10	91
8	10	29
5	6	24
7	9	28
0	4	33
0	9	91
5	12	30
2	4	22
4	6	26
2	4	24
7	13	29
7	9	26
3	7	25
5	7	26
4	9	25
4	5	21
4	8	26
7	10	31
9	10	29
7	9	28
3	8	22
3	13	25
4	6	24
0	10	90
0	6	90
6	6	26
3	10	23
3	9	22
3	9	23
3	8	20
0	7	91
0	3	89
0	9	91
2	6	21
1	5	21
0	5	91
0	7	90
1	4	21
3	5	22
0	7	88
0	8	90
0	3	90
5	10	27
0	8	90
2	4	20
0	17	91
1	12	90
0	8	91
0	8	91
2	3	23
0	8	82
0	9	85
1	3	21
2	7	21
5	10	28
1	20	89
2	9	25
0	9	91
0	8	90
3	5	22
5	8	23
2	3	22
7	11	31
2	7	23
0	16	91
0	13	90
0	23	90
5	6	27
6	10	27
3	5	24
9	10	34
3	5	22
2	6	23
4	8	25
6	7	26
5	7	30
5	8	26
6	8	26
5	7	27
7	9	28
3	6	22
4	6	24
2	6	22
5	8	22
2	6	23
0	7	66
2	6	22
1	31	91
6	7	28
8	9	28
0	2	37
0	1	37
3	4	22
5	8	24
3	14	32
7	11	36
1	7	21
2	6	21
0	25	90
0	25	90
0	25	90
4	11	31
3	6	89
4	8	24
7	8	27
5	10	34
4	8	23
4	8	22
3	7	23
1	9	90
1	9	90
3	6	21
2	6	21
4	7	24
3	6	24
2	6	23
3	6	24
1	9	91
0	8	91
2	5	22
0	12	91
0	11	90
7	7	27
0	22	91
0	12	90
0	5	91
0	13	90
6	12	30
6	10	26
8	9	28
3	6	22
0	12	91
0	15	91
0	5	55
5	7	27
9	10	30
1	3	22
0	13	91
7	8	28
0	8	91
0	14	90
3	6	23
16	13	40
2	5	21
0	-1	91
8	9	29
2	7	24
0	9	89
0	1	20
1	2	21
6	10	30
0	4	53
9	12	33
3	7	22
6	8	26
2	5	23
6	18	34
2	4	25
9	13	34
2	7	22
1	5	25
1	2	24
0	4	22
0	4	23
0	4	24
0	4	21
6	12	28
2	5	21
2	4	23
1	4	21
0	11	70
0	15	90
0	10	91
0	4	20
0	11	90
0	18	91
2	6	21
0	12	90
0	11	91
3	6	21
2	6	23
0	3	90
0	11	91
0	9	91
4	8	25
2	6	23
8	13	34
6	12	32
11	15	37
9	14	32
10	12	30
0	8	90
0	6	91
2	5	21
1	4	22
3	5	23
0	10	91
0	10	91
5	3	29
0	2	21
0	6	91
0	9	90
8	10	34
7	8	26
4	8	26
3	6	21
5	7	25
0	-1	69
3	4	24
2	9	21
4	7	24
3	5	21
7	8	25
5	7	24
4	10	24
0	7	90
0	12	91
0	13	90
1	15	91
9	10	32
3	-1	90
1	6	22
3	8	21
5	9	25
1	9	23
3	7	24
3	8	23
2	7	22
3	8	25
10	12	36
5	7	22
3	6	22
9	13	31
8	14	30
9	12	29
3	6	21
5	8	26
0	13	89
0	10	91
3	9	26
8	5	29
2	6	23
1	6	21
1	7	89
0	9	91
2	6	22
4	6	22
6	9	31
3	26	91
0	6	57
0	4	34
6	9	30
0	15	91
0	15	90
7	13	30
3	6	25
0	9	90
0	12	91
2	8	23
3	7	22
1	16	90
8	8	32
5	10	30
5	8	24
5	7	24
3	7	22
1	7	22
6	9	26
3	7	23
0	12	90
0	6	90
0	14	90
0	-1	91
2	7	22
3	7	22
5	12	30
7	11	30
0	12	90
1	12	90
3	8	21
2	8	22
1	5	21
2	4	25
1	10	91
0	3	90
7	11	26
2	4	22
0	11	89
2	5	21
7	10	31
9	11	31
2	-1	73
0	9	73
7	9	27
4	8	26
5	7	23
4	7	23
3	7	24
2	5	23
2	5	21
0	9	91
0	8	90
0	11	91
0	12	90
4	8	28
6	7	25
1	6	20
3	7	22
3	7	21
7	10	29
6	9	31
0	13	90
2	5	21
2	5	21
0	15	90
0	8	75
0	10	91
10	12	30
8	12	31
1	6	21
3	7	21
3	7	22
2	4	22
1	3	21
7	10	30
1	2	22
5	8	26
2	4	21
0	12	91
6	29	90
7	10	30
4	6	22
0	11	91
0	6	90
3	9	22
4	9	23
1	4	21
5	8	24
6	13	32
2	8	24
2	10	31
0	6	91
4	7	23
1	8	91
0	9	91
3	6	21
5	9	23
1	4	23
1	4	21
9	11	35
2	6	23
1	7	22
3	6	22
6	8	25
6	10	25
10	13	36
11	12	33
5	8	22
6	11	30
4	8	28
1	6	22
5	8	25
5	5	24
4	7	24
2	7	22
2	3	21
3	6	22
2	5	22
3	7	24
3	7	24
0	-1	45
1	9	25
0	8	90
0	8	91
1	24	90
0	5	57
0	9	91
3	8	22
4	7	26
4	7	30
3	5	23
0	13	91
0	28	91
6	6	25
2	5	20
3	9	27
0	12	90
9	14	33
1	3	22
4	4	24
3	6	22
7	10	41
3	5	24
3	5	24
2	5	23
3	5	22
1	4	21
3	6	24
3	7	21
9	11	32
3	4	22
0	13	90
0	12	91
3	20	90
7	10	29
6	9	27
8	9	26
6	8	26
2	5	22
2	7	22
3	7	24
8	13	32
6	9	30
0	4	22
1	5	24
3	6	24
2	3	31
9	8	29
7	8	31
7	7	27
7	7	28
2	5	22
9	11	32
9	11	29
11	13	35
6	11	28
0	12	91
0	13	90
1	2	21
6	8	25
3	6	22
4	6	24
3	7	23
3	6	22
1	4	20
7	7	23
2	6	22
2	7	21
5	8	26
6	8	26
9	9	30
7	8	27
6	8	25
6	8	25
6	9	24
2	6	21
3	7	25
2	5	22
1	3	21
6	10	27
7	8	26
7	10	31
2	5	21
2	5	22
6	6	25
6	6	25
0	5	72
0	7	63
5	10	25
2	6	22
1	6	21
4	5	25
6	11	29
7	11	32
6	11	28
8	9	26
4	10	27
3	7	26
3	6	26
5	10	30
5	12	30
2	7	22
9	9	29
2	6	22
4	25	91
5	8	30
7	11	30
3	9	31
11	10	35
2	5	22
2	5	21
4	7	24
3	10	24
2	10	23
3	10	22
2	5	23
2	5	22
2	2	22
3	3	23
0	4	91
0	-1	91
9	12	28
3	5	25
3	6	22
6	11	30
4	10	23
4	8	25
3	6	21
0	11	91
6	11	29
0	3	21
3	44	91
4	7	24
0	12	91
3	6	22
3	6	22
2	7	23
2	5	20
4	8	25
3	4	21
3	4	22
4	6	22
3	4	22
3	4	22
5	9	23
3	5	24
3	6	21
5	13	32
5	11	27
3	7	24
0	5	84
0	5	91
2	6	31
0	4	25
5	4	27
0	10	91
3	7	23
6	9	25
2	6	22
0	7	91
3	7	25
4	7	26
3	7	24
3	7	23
4	7	24
3	6	22
3	6	21
3	5	22
6	6	32
4	5	24
2	2	21
6	8	23
3	7	24
4	5	22
0	11	91
8	12	33
4	7	24
2	5	20
0	14	90
0	15	90
9	13	33
0	12	90
0	7	91
0	4	91
0	9	90
5	8	25
3	6	23
4	7	23
6	9	25
0	6	90
0	15	89
2	7	24
1	5	22
8	9	31
0	9	91
3	5	21
8	10	27
0	14	89
0	20	90
3	7	23
6	8	24
1	13	91
0	11	91
4	5	23
1	8	89
0	8	90
6	7	33
3	7	22
0	7	91
3	4	22
11	11	45
2	7	23
2	6	21
6	7	25
3	4	21
3	6	22
0	8	90
3	5	22
2	5	24
2	6	22
2	4	21
0	7	91
0	11	91
0	12	91
0	12	91
1	9	91
0	10	90
0	6	91
0	11	79
0	12	91
4	5	26
0	17	81
0	33	90
0	33	90
2	32	90
0	31	90
0	11	90
0	8	91
0	8	90
2	8	24
0	6	21
1	6	24
8	8	34
0	25	91
0	15	90
6	11	31
5	7	26
0	11	90
4	7	24
2	3	20
0	1	60
0	14	91
0	7	91
3	5	22
2	6	22
1	7	21
2	7	23
2	8	25
3	6	23
2	9	25
5	7	25
0	9	91
1	8	91
0	11	91
0	9	90
9	10	36
3	6	21
0	3	20
0	2	21
0	3	20
0	9	91
0	9	91
2	4	22
4	5	25
8	8	29
4	7	25
3	5	24
0	7	90
0	-1	91
0	6	91
1	15	91
8	8	30
0	5	91
0	10	90
0	8	90
1	4	20
3	6	23
0	13	91
0	6	91
0	10	91
4	7	24
2	9	90
0	9	91
0	15	91
3	9	24
0	4	90
0	4	91
0	11	91
4	9	30
0	13	90
0	8	91
1	11	91
3	3	23
0	14	46
0	10	91
0	9	90
30	20	89
0	9	87
1	2	21
0	12	75
5	7	27
0	9	91
10	11	33
8	10	30
11	10	31
4	10	27
6	10	30
0	11	91
0	10	90
2	8	23
3	5	25
1	4	22
1	4	20
0	6	90
0	10	91
3	5	21
1	15	91
4	10	24
1	3	21
2	7	23
1	5	22
2	6	21
0	11	91
1	13	90
0	10	91
0	11	91
1	16	91
1	12	90
2	4	20
0	7	91
0	6	90
0	9	90
0	11	91
0	10	90
3	7	21
2	8	22
2	4	21
1	4	20
1	4	22
0	8	91
0	4	90
5	6	24
5	6	21
5	9	30
6	6	32
4	5	22
1	3	21
4	8	26
5	7	26
3	8	24
6	6	24
6	7	24
0	6	91
0	6	91
5	8	27
0	7	76
0	8	76
6	8	24
0	11	90
0	14	90
0	12	91
0	11	91
0	12	91
4	8	24
3	6	20
2	10	91
0	10	90
0	11	91
0	16	91
3	5	23
2	5	21
1	12	90
0	11	90
3	6	24
2	7	24
3	7	22
7	7	24
5	6	25
0	8	90
0	4	23
0	3	21
2	5	21
1	0	22
2	4	90
0	9	90
0	11	90
0	8	91
0	-1	89
5	9	24
3	7	22
4	8	21
1	7	21
2	6	22
1	3	31
2	7	25
1	3	21
3	7	23
3	5	23
2	4	22
6	9	25
0	7	90
0	15	91
0	15	91
0	3	91
7	7	30
0	4	21
0	4	20
0	2	21
5	10	32
2	5	22
2	4	21
0	9	88
0	7	91
0	7	91
0	12	91
0	11	89
7	9	33
0	10	90
0	9	83
0	11	90
0	4	90
0	7	88
0	11	91
0	11	90
0	6	91
0	6	90
4	7	24
1	4	91
0	7	91
3	11	24
6	9	29
1	5	60
0	7	60
0	11	91
0	11	91
0	12	90
0	7	90
2	4	21
0	3	91
0	6	91
0	6	91
1	10	90
0	11	90
0	10	91
1	3	55
0	8	91
0	6	91
0	10	90
0	5	90
1	5	21
5	10	26
0	19	90
2	5	22
0	7	90
0	14	90
0	15	91
3	5	24
4	8	24
8	11	31
4	7	25
3	9	26
1	-1	91
8	10	30
3	7	24
0	6	91
0	7	91
2	4	25
0	13	91
0	11	90
2	5	20
3	7	24
1	5	22
8	11	27
9	16	36
8	13	32
8	13	31
2	6	21
4	7	21
3	7	25
3	6	24
3	5	24
3	4	22
3	4	21
5	6	23
8	11	30
1	4	22
1	31	90
0	-1	90
3	8	22
0	10	91
6	14	90
0	7	91
0	12	91
0	13	91
1	16	90
3	7	23
3	6	22
2	9	24
3	7	22
5	8	24
4	8	24
3	8	24
2	7	21
2	7	21
2	6	20
5	13	30
3	5	25
2	5	22
0	2	91
4	8	24
4	8	24
3	7	23
6	8	25
1	3	20
6	9	26
5	9	26
7	10	33
0	11	91
0	13	90
4	6	23
4	4	22
1	21	90
4	5	24
0	12	91
0	9	91
5	9	24
2	6	21
0	13	91
0	12	91
3	6	23
3	4	23
2	12	90
7	8	30
3	5	22
4	8	23
4	8	23
1	8	91
1	-1	91
4	7	23
8	8	28
7	8	27
0	0	21
5	5	25
5	5	24
2	3	23
3	6	23
2	6	23
0	6	91
10	12	29
4	12	32
1	3	22
1	4	20
5	5	32
2	8	22
2	9	24
3	8	22
5	8	26
1	5	20
3	6	20
7	14	33
7	11	30
0	7	85
0	5	85
5	10	30
0	10	91
0	10	91
5	6	23
3	6	21
0	4	20
2	6	23
2	6	22
3	6	24
1	6	22
0	5	47
0	5	47
8	10	28
2	7	22
10	12	34
5	11	30
6	9	31
4	7	26
3	7	26
2	6	29
3	5	27
2	8	23
3	8	22
5	11	26
3	6	24
7	7	31
3	5	25
5	6	25
3	4	23
0	15	90
0	16	90
5	5	24
7	12	32
4	11	28
7	11	33
2	6	22
7	10	31
5	8	25
4	7	26
4	8	23
0	12	90
1	11	91
4	8	23
6	7	26
8	12	29
8	11	33
6	12	31
4	8	22
4	10	23
3	9	24
1	5	20
0	12	91
0	13	91
0	-1	90
0	10	91
0	10	90
3	5	23
6	7	31
3	8	23
7	13	30
5	7	25
4	6	25
3	7	24
3	8	22
2	6	22
2	5	21
5	8	26
4	12	26
6	9	28
4	9	24
3	8	24
7	9	26
4	5	24
1	5	20
1	6	21
6	8	27
4	5	25
6	7	25
4	5	23
4	6	23
4	6	24
3	7	25
3	5	23
3	6	22
2	6	20
3	6	23
7	13	32
9	10	30
10	12	32
9	10	28
8	11	27
4	10	27
2	6	21
4	8	23
0	9	90
0	11	90
0	13	91
0	6	91
2	6	23
8	12	28
8	12	29
0	9	91
0	10	88
6	9	30
0	10	90
0	5	90
4	8	23
0	3	22
1	6	21
1	4	20
4	7	23
5	9	26
6	10	26
3	5	24
3	8	24
3	6	24
6	8	30
0	9	91
0	18	90
3	6	23
3	6	22
0	2	20
5	7	30
4	5	21
3	7	26
5	6	26
0	15	91
0	2	91
3	6	21
0	8	91
0	10	90
2	9	26
2	7	21
3	6	23
0	5	21
3	6	24
3	6	26
0	11	90
0	8	91
5	7	30
6	7	26
5	7	23
4	7	22
5	9	26
2	5	25
3	7	23
0	8	90
3	7	24
3	5	22
0	5	56
0	12	87
1	10	87
2	8	23
4	6	25
4	7	27
4	7	25
4	7	25
4	7	24
3	8	27
0	6	22
0	5	23
1	5	21
1	5	22
3	7	22
3	6	24
6	7	25
6	6	25
11	12	35
10	9	31
10	10	34
9	10	34
3	6	21
3	8	24
1	4	21
4	9	23
3	7	22
0	11	91
5	9	24
0	11	91
0	9	90
5	11	27
5	9	27
6	9	30
5	8	30
4	9	24
1	6	22
3	9	26
1	6	74
8	10	32
4	8	26
7	13	32
5	8	24
3	6	24
3	6	23
2	7	22
6	10	25
3	8	22
4	7	22
3	6	22
5	6	25
3	7	21
8	11	31
6	9	27
2	6	23
1	6	21
2	5	21
1	21	90
5	9	24
10	12	37
12	12	37
11	10	35
3	6	21
0	5	91
4	11	30
6	12	31
1	7	21
6	7	23
8	11	27
6	11	30
5	8	26
2	5	23
2	6	23
6	7	24
0	11	91
4	8	26
4	5	26
1	8	91
0	8	89
7	5	28
6	8	25
2	6	22
2	9	24
5	6	24
6	9	26
6	10	26
0	11	90
2	7	21
0	3	20
5	6	22
5	10	27
4	6	24
3	7	23
1	5	20
6	7	23
4	8	26
2	6	23
6	8	26
3	8	22
4	5	22
4	7	23
6	6	24
5	8	28
4	7	22
4	7	21
2	5	22
7	10	32
6	7	27
1	5	21
4	7	23
4	8	24
2	5	21
3	8	23
6	6	30
3	4	23
4	8	21
3	7	21
0	26	87
2	5	22
2	5	21
4	37	91
4	7	25
2	5	22
3	5	23
0	12	91
0	8	90
0	10	91
0	10	90
0	12	89
0	9	91
0	6	91
2	5	22
0	10	90
5	9	26
6	9	27
4	8	24
7	6	27
0	14	91
2	6	23
5	4	24
3	4	22
1	3	20
6	9	30
12	39	90
1	35	87
4	8	25
2	8	24
4	6	22
3	6	23
4	8	26
5	9	27
3	9	26
4	8	25
4	12	31
3	8	23
1	4	22
9	12	34
11	15	35
10	11	32
14	16	44
1	4	22
0	4	23
0	3	21
3	7	27
4	12	30
4	9	24
3	10	23
0	7	70
3	6	24
6	9	26
1	8	91
8	11	32
0	14	91
0	15	90
7	9	28
4	10	30
6	11	32
3	7	23
4	6	23
2	3	20
2	6	21
4	6	23
3	8	24
5	8	30
3	5	20
3	-1	91
3	6	22
9	13	35
0	11	90
0	8	91
0	16	90
1	8	91
7	10	25
4	10	27
4	10	26
6	10	25
4	8	24
4	5	24
6	8	23
9	12	30
4	5	21
2	8	23
3	6	22
2	6	21
3	9	26
4	9	25
5	10	25
4	8	22
0	10	91
0	13	91
2	8	21
7	10	28
2	8	22
1	11	91
4	9	28
1	6	24
1	30	90
5	8	27
3	7	24
4	6	23
8	11	31
11	15	36
7	8	26
6	9	26
6	11	31
4	5	24
9	11	32
5	6	23
5	9	25
4	7	25
3	11	24
3	8	23
2	10	23
3	10	22
6	13	30
5	11	26
4	10	24
3	9	24
4	10	26
0	21	90
0	20	90
0	14	91
8	8	29
4	7	25
5	8	27
1	5	20
2	7	21
1	3	21
6	9	27
0	22	89
7	12	31
7	12	28
7	10	28
7	12	33
3	7	23
0	5	20
10	12	35
4	11	28
4	11	26
5	9	25
3	8	21
7	13	33
2	7	22
4	6	22
4	7	21
3	6	23
6	12	30
0	10	90
0	-1	89
0	10	61
0	13	90
0	14	91
3	5	23
1	11	91
6	8	24
3	6	23
3	6	22
4	8	23
2	6	21
1	8	91
1	8	90
1	7	72
0	2	72
1	6	23
4	8	30
4	5	22
1	4	20
3	5	23
2	4	22
2	4	20
0	20	90
6	7	25
3	4	23
4	8	25
2	4	21
2	2	21
1	2	20
1	2	23
1	1	22
1	1	21
1	1	20
2	5	23
1	1	21
4	7	26
3	6	22
4	6	23
5	9	25
1	2	21
0	6	91
4	11	30
0	13	90
3	6	21
2	6	21
7	10	27
7	9	25
4	8	22
9	28	90
2	6	22
0	13	90
0	13	91
0	-1	91
0	32	86
0	7	91
0	7	91
4	7	23
0	15	91
4	9	90
3	7	89
4	-1	90
5	8	22
6	8	23
0	20	91
0	12	90
0	11	90
6	9	23
5	8	24
7	11	31
8	11	30
0	9	91
2	5	22
2	5	22
4	7	23
3	9	24
0	9	90
5	10	25
4	8	22
1	3	21
2	6	22
3	8	26
1	8	90
0	13	91
0	10	91
0	10	89
0	22	91
1	10	90
0	2	91
0	10	90
0	-1	90
6	10	30
6	13	29
3	5	21
1	6	21
6	8	25
1	6	22
2	6	20
0	7	91
0	8	91
1	9	91
1	6	50
0	11	88
5	8	27
2	6	21
7	11	34
4	6	26
4	9	23
2	8	23
3	8	22
5	9	33
3	5	21
3	10	26
0	12	90
0	11	90
4	5	22
7	10	27
0	30	90
0	11	91
0	13	91
5	9	24
0	8	91
0	4	91
6	9	24
6	9	25
6	9	31
7	9	31
4	8	25
1	3	22
9	14	31
7	6	27
5	9	27
2	5	23
4	7	24
3	7	23
5	7	23
4	6	24
3	6	25
1	5	21
1	19	91
3	7	22
2	4	21
1	6	26
1	5	20
6	11	31
5	8	27
5	9	30
3	7	22
2	11	91
2	12	90
3	4	21
1	8	89
5	8	27
4	7	25
4	7	26
4	5	23
3	5	22
2	4	22
0	3	22
7	10	30
5	8	23
6	14	33
0	11	90
0	8	91
2	6	20
0	6	91
0	8	91
1	3	20
0	4	22
5	10	26
5	10	29
3	7	25
4	7	23
7	10	26
2	4	21
4	8	22
6	6	24
10	13	39
0	-1	79
1	12	90
1	12	91
2	8	22
3	6	23
2	6	21
3	7	21
1	4	21
1	6	21
7	14	30
1	10	91
0	9	91
4	8	22
0	11	90
0	9	90
4	10	31
5	10	30
5	8	27
2	7	21
0	21	91
3	5	22
0	7	85
1	2	21
2	4	21
2	2	22
5	11	32
0	6	72
0	14	90
6	10	26
5	4	23
2	6	22
8	11	30
0	10	90
0	11	91
3	7	21
1	5	20
2	6	22
2	6	21
3	6	20
9	8	31
5	9	22
2	7	22
6	10	30
5	9	31
5	7	23
7	10	31
2	6	22
5	6	24
6	7	26
2	5	24
3	8	23
5	8	24
6	9	30
1	4	23
4	5	23
2	6	21
0	14	89
1	2	22
7	11	30
3	7	24
1	3	23
3	6	25
2	6	25
3	6	23
2	5	22
3	5	21
0	13	90
0	12	91
0	13	91
0	3	20
5	5	24
0	5	25
2	4	22
5	11	28
8	12	29
7	13	34
0	10	91
0	9	91
2	4	25
5	10	27
2	4	22
0	5	23
0	4	22
0	4	20
0	7	90
2	6	23
1	5	22
6	7	24
4	10	27
7	7	25
7	7	26
4	6	22
3	3	22
2	5	21
6	11	33
3	7	22
4	7	23
4	7	23
4	8	31
2	6	21
2	6	22
0	12	91
5	9	26
5	9	25
4	8	25
3	7	22
3	9	23
0	8	69
7	7	30
5	9	25
1	5	21
7	9	30
5	10	26
2	5	23
0	3	23
0	3	23
0	3	23
0	3	22
0	3	23
2	3	21
2	3	21
1	7	25
1	5	22
3	8	23
1	3	23
1	3	21
0	-1	90
3	5	21
0	-1	91
5	10	28
6	9	25
4	7	22
4	10	30
3	5	22
4	5	22
3	6	24
3	5	24
3	7	24
3	7	23
2	5	23
2	4	21
3	8	21
2	6	21
7	10	24
6	10	25
0	2	20
3	7	23
4	13	30
3	8	24
3	7	24
3	7	23
3	7	22
3	6	23
4	7	24
6	9	25
5	8	24
4	9	23
5	8	24
5	9	26
0	6	37
1	35	90
0	6	91
6	9	24
2	9	22
2	4	22
2	6	21
2	7	21
3	5	20
2	7	24
3	8	24
3	6	21
3	8	24
6	9	32
4	8	22
8	11	29
2	5	22
0	14	91
0	15	91
5	10	24
5	9	25
6	8	26
5	7	24
0	15	91
0	16	90
1	5	21
8	7	27
6	9	27
2	27	91
0	34	88
2	6	22
9	11	30
1	8	22
5	7	22
7	10	32
2	7	23
4	7	24
0	5	23
4	7	22
4	7	21
4	10	30
4	11	24
4	7	27
0	11	91
0	11	91
1	9	89
0	15	90
2	4	24
2	4	23
6	8	25
1	2	22
3	7	21
4	7	23
3	6	22
2	6	23
2	5	22
2	5	21
2	6	23
7	11	28
6	12	31
7	14	32
2	7	22
0	14	90
4	7	31
0	7	90
1	8	89
3	3	21
8	9	34
0	9	90
7	10	25
2	6	21
0	2	20
5	4	26
2	9	22
0	10	90
2	7	21
7	6	26
3	8	21
3	4	22
5	9	27
4	7	26
4	7	25
3	5	24
4	6	23
3	8	22
3	7	23
4	6	23
4	6	21
3	6	22
1	3	22
1	3	21
2	4	24
7	10	27
2	7	29
0	9	91
0	5	91
2	6	21
4	38	90
3	6	20
2	5	22
5	7	30
9	15	33
6	7	24
5	8	24
8	13	33
4	12	24
4	12	28
4	9	25
6	10	27
3	7	22
4	8	30
5	8	25
5	9	26
4	8	25
4	9	25
4	9	25
0	4	34
0	9	90
6	10	26
1	6	20
0	8	91
0	12	90
3	7	23
0	23	91
8	13	33
0	11	90
6	10	26
6	8	25
7	9	24
6	11	27
1	4	22
4	6	22
2	6	21
1	6	22
5	8	23
2	7	21
3	6	23
2	6	23
0	15	90
0	21	90
7	10	28
4	6	25
4	9	23
0	10	90
0	9	90
2	3	21
5	8	26
10	14	34
3	9	25
1	-1	91
1	20	75
1	25	91
1	26	91
6	8	23
5	9	31
6	9	31
5	9	30
5	8	26
3	6	24
3	5	23
6	7	24
3	6	21
3	4	23
6	9	31
6	9	30
5	8	26
5	8	25
3	8	31
4	7	24
4	6	23
3	6	22
3	6	21
3	3	22
6	6	23
3	6	23
5	10	31
3	7	22
4	11	30
4	6	23
8	10	31
2	6	22
2	2	22
1	5	21
1	7	20
0	8	91
3	4	22
2	4	21
0	7	91
5	8	23
0	11	91
0	8	90
1	7	25
5	10	30
3	7	20
5	7	23
1	4	22
5	10	24
7	10	31
4	9	21
1	9	25
7	11	28
5	8	23
3	9	22
6	8	31
0	7	23
1	4	21
2	5	22
1	5	21
4	13	26
7	9	30
8	10	29
5	7	23
3	8	23
2	6	22
2	6	21
3	6	22
5	8	25
9	11	30
2	8	24
3	8	23
8	10	31
4	7	21
4	8	22
9	13	32
2	8	25
6	9	24
6	9	25
9	12	32
6	8	26
7	13	31
0	8	90
0	9	90
0	9	91
4	8	25
3	8	22
3	6	20
2	5	21
0	3	22
7	10	33
6	9	27
0	6	90
10	14	34
7	11	28
0	9	91
3	5	21
5	7	23
1	5	24
7	7	26
5	8	25
6	7	24
3	7	22
5	8	24
6	10	30
0	1	32
10	16	35
8	14	36
4	9	23
4	7	25
8	13	32
5	8	25
0	19	91
0	10	91
10	12	33
4	7	21
4	8	24
4	8	26
4	8	26
4	8	24
4	8	23
4	8	22
4	9	27
5	8	24
5	9	25
5	10	30
2	7	21
5	10	28
4	6	23
6	9	24
4	9	23
5	9	24
2	6	20
10	13	31
9	12	31
8	14	35
4	9	24
4	8	23
3	8	24
3	9	25
3	8	25
5	8	26
4	9	24
0	11	90
4	6	23
7	9	33
8	9	30
10	11	35
8	11	33
2	6	20
2	6	20
5	9	30
9	10	32
2	6	21
3	7	23
1	5	22
1	4	21
1	3	21
1	2	23
4	8	24
5	8	25
0	13	89
4	4	22
3	7	24
3	5	23
2	6	23
2	5	22
0	3	91
0	8	91
3	6	25
8	10	33
3	3	23
11	11	33
3	6	24
2	6	23
7	10	31
5	6	23
6	7	27
6	9	31
6	8	26
6	9	30
3	9	23
10	13	33
4	10	26
4	6	22
9	11	35
3	6	24
2	7	21
3	4	22
3	6	23
6	8	24
5	10	27
7	9	26
5	8	25
2	5	20
3	6	22
3	7	22
2	5	22
1	-1	91
9	11	31
7	10	28
3	8	24
2	8	23
3	8	25
4	26	91
1	5	22
6	13	28
1	5	21
3	8	23
1	5	20
0	6	22
1	5	21
5	12	25
6	17	34
4	11	28
3	8	24
4	8	23
1	9	22
1	8	21
2	7	22
5	7	25
9	10	36
7	11	32
2	6	22
11	12	38
1	3	20
3	6	21
5	7	23
2	7	22
2	5	22
2	5	20
5	9	25
4	6	24
3	6	21
4	7	23
7	10	30
7	9	26
8	9	28
6	7	26
7	9	28
5	7	23
3	8	27
3	6	23
3	6	23
3	6	22
0	11	90
0	-1	91
5	9	25
2	7	23
2	6	21
3	6	22
2	7	22
3	7	23
3	6	22
7	11	25
2	5	20
4	7	24
3	10	25
5	12	27
6	9	25
5	9	28
8	10	26
5	12	26
6	7	25
3	5	21
4	10	26
3	10	25
3	7	24
5	10	30
3	9	27
3	9	26
3	7	24
9	11	31
12	13	31
2	5	20
7	9	33
6	7	24
0	12	90
0	7	88
4	5	24
3	5	22
3	4	21
2	6	23
4	9	24
2	6	21
3	6	21
3	7	22
8	12	30
2	7	26
2	8	24
0	5	22
1	4	21
1	4	21
5	7	26
0	-1	90
0	4	20
0	5	21
3	5	23
2	5	23
3	6	20
1	6	22
13	14	40
12	15	38
5	9	24
4	7	23
5	11	28
3	7	23
3	7	22
3	6	22
5	9	25
4	6	22
4	7	22
9	13	32
7	12	32
6	10	32
9	10	31
5	9	26
6	9	27
5	7	23
5	7	23
2	6	23
6	13	30
2	6	23
7	10	27
0	22	91
7	9	26
1	3	21
1	3	21
1	4	22
2	5	22
2	5	21
3	5	22
4	6	22
0	12	90
1	12	90
0	24	90
10	13	36
8	10	33
7	10	28
1	4	20
0	7	91
3	6	25
0	7	91
0	9	90
5	8	22
0	5	91
0	12	90
6	13	28
5	12	31
7	8	26
0	7	90
0	5	91
1	5	20
2	6	21
3	6	24
1	6	21
2	8	23
1	6	21
5	8	24
4	7	26
5	8	23
8	13	31
6	13	26
0	8	91
0	8	91
7	12	27
0	6	59
4	6	23
6	10	25
3	5	21
10	11	34
8	10	34
8	8	28
6	8	25
5	10	27
2	8	23
6	10	30
5	10	31
7	11	32
7	9	31
5	9	30
5	10	27
4	9	26
6	8	30
3	7	24
3	6	23
4	7	30
6	8	30
4	9	26
3	5	22
4	6	22
4	5	23
4	8	24
5	6	25
6	9	25
5	8	24
5	7	23
4	6	22
3	6	25
3	6	22
3	11	24
4	6	26
1	7	20
3	8	21
3	6	23
4	7	23
6	8	24
5	10	31
3	3	26
4	4	30
4	5	31
6	8	32
6	8	32
7	12	26
3	5	21
1	4	20
4	9	23
4	8	22
5	9	25
4	9	23
3	4	22
4	8	23
2	7	21
2	9	21
2	9	21
3	7	22
2	5	22
4	8	21
3	7	25
2	5	22
4	7	22
5	8	26
0	18	91
0	13	90
3	7	22
1	5	24
4	6	25
6	6	25
1	7	22
3	6	23
2	7	22
0	7	85
4	9	30
2	4	21
3	8	23
1	6	20
0	5	90
9	13	35
11	10	29
10	11	30
3	7	22
3	9	22
4	6	25
4	6	23
3	7	25
3	5	23
4	5	23
0	14	91
3	6	23
8	9	28
7	10	26
2	8	23
6	11	33
5	13	32
3	8	24
3	8	25
2	8	22
6	11	32
3	6	23
6	7	28
5	9	25
6	8	25
7	10	26
5	11	24
3	8	21
1	8	24
7	9	31
4	11	24
7	8	30
14	-1	42
10	14	35
7	14	34
2	8	23
9	13	30
8	13	31
5	8	23
6	9	38
0	5	91
0	7	91
7	8	31
1	4	22
7	10	27
7	11	27
6	13	27
3	6	22
3	7	23
4	7	23
3	13	31
7	11	30
8	12	33
8	10	30
0	15	90
6	11	26
2	6	22
0	8	91
6	7	24
2	6	23
0	7	91
0	10	90
4	6	21
0	8	90
4	11	30
3	7	22
1	5	21
8	12	32
0	14	91
1	6	91
4	7	24
5	10	31
6	13	30
2	4	21
6	11	31
0	2	22
0	3	22
3	8	23
1	6	22
8	9	27
4	11	25
4	10	25
5	7	26
0	15	91
0	9	90
2	5	22
3	9	24
6	9	30
0	4	22
6	7	26
6	6	25
5	5	22
0	-1	91
0	6	90
4	5	22
1	4	20
8	11	36
0	12	90
0	11	91
3	7	22
1	6	20
5	8	23
4	9	26
7	10	28
6	10	30
7	9	27
8	9	30
14	20	46
3	11	26
8	10	33
3	8	25
8	11	32
6	8	29
7	10	26
4	8	22
2	6	21
0	25	90
0	24	88
6	8	27
6	9	30
8	11	29
3	8	24
6	10	25
5	8	24
5	9	28
6	11	31
6	13	30
4	8	27
9	9	31
7	14	31
2	7	21
2	8	22
2	4	20
3	4	25
0	10	91
0	3	21
0	3	20
0	1	21
2	3	23
2	6	22
4	7	24
6	9	25
5	8	24
8	11	30
5	9	25
0	11	91
0	-1	91
5	9	26
6	10	25
5	9	26
6	11	32
2	5	23
7	8	31
4	6	24
0	9	90
4	8	25
4	8	26
4	10	26
4	4	25
2	9	23
4	6	27
6	11	32
8	10	32
3	7	23
4	8	27
5	7	24
3	8	24
2	4	23
2	4	22
1	4	21
2	5	21
2	7	22
2	7	26
3	6	30
2	6	23
3	8	25
3	6	24
0	7	90
0	5	91
9	14	32
3	7	22
2	6	23
3	6	23
3	5	22
1	5	21
1	4	20
2	7	21
5	10	24
3	5	20
4	9	26
5	9	26
5	9	23
1	22	91
4	8	23
1	5	20
0	3	20
6	9	25
0	11	90
7	9	24
3	4	22
2	4	24
3	6	23
2	5	24
2	6	22
3	6	24
3	5	23
1	5	23
1	3	21
2	8	21
4	10	25
5	7	22
4	9	25
3	8	23
6	12	30
4	8	24
4	8	24
2	6	20
6	12	33
7	8	26
2	4	22
3	9	24
1	4	21
4	4	23
8	13	32
3	9	24
6	7	24
6	8	25
6	6	26
0	8	76
1	3	22
4	8	23
5	8	24
3	7	23
2	6	20
0	12	91
6	8	32
0	15	91
0	7	90
0	11	90
3	6	25
4	6	23
4	7	22
4	7	21
0	12	91
0	10	91
4	8	24
0	13	91
3	9	23
3	6	22
4	6	21
5	7	25
2	6	21
2	6	22
5	10	26
6	10	25
4	4	24
0	22	90
4	8	25
4	9	27
0	20	90
8	10	33
4	7	22
0	10	44
0	11	44
2	2	23
5	8	23
0	10	76
0	10	76
0	12	90
0	11	91
0	10	90
0	7	90
3	7	21
9	10	30
4	6	25
4	10	24
1	8	91
1	7	91
0	8	90
1	8	21
1	20	90
3	8	20
2	5	22
1	3	20
3	7	21
3	6	20
4	5	23
4	7	22
0	5	21
3	9	23
3	6	23
3	9	23
2	8	23
4	6	23
6	9	25
6	10	25
8	9	30
4	10	31
4	7	25
8	10	29
8	11	32
7	10	27
8	12	30
6	11	30
6	10	28
4	10	34
5	11	31
5	8	27
3	8	27
4	8	24
3	7	26
3	7	24
3	7	23
2	6	22
2	6	21
10	12	33
8	11	33
7	11	30
13	14	38
12	13	35
9	12	32
8	12	32
8	12	31
9	13	32
8	10	28
2	8	21
2	7	22
5	7	30
4	5	22
3	6	21
3	11	31
0	13	90
0	5	91
1	3	28
6	8	27
8	11	33
10	10	30
9	10	30
0	18	90
0	18	90
4	9	24
4	7	23
3	6	26
5	5	24
4	5	25
4	5	23
2	7	22
4	6	22
0	9	91
2	10	91
2	5	21
2	5	21
2	5	22
10	12	31
4	7	23
4	7	25
6	9	30
5	8	24
5	7	23
4	8	23
4	7	24
8	9	30
8	9	32
5	9	25
3	4	22
2	7	23
5	10	29
7	12	32
5	10	30
5	10	30
4	7	26
1	7	23
3	7	23
2	6	24
2	6	20
8	10	30
4	5	25
2	5	21
2	6	22
2	6	23
8	9	30
5	9	25
7	8	30
1	6	24
4	6	22
1	6	21
7	12	33
6	11	26
4	6	21
1	11	90
0	14	90
2	8	24
0	12	90
2	6	23
0	6	91
2	2	22
1	4	20
8	17	35
7	9	29
4	8	26
5	9	24
4	8	23
3	7	21
3	8	22
3	7	21
6	12	25
5	9	24
3	8	24
6	12	30
5	11	26
8	9	26
2	7	21
1	4	20
5	7	23
6	10	29
4	8	23
6	11	26
0	13	90
0	9	91
6	13	27
2	9	22
3	6	21
10	11	37
3	6	23
4	9	26
3	8	23
4	9	23
5	10	25
6	10	28
5	10	26
2	5	21
4	11	27
0	8	91
0	12	91
3	7	23
4	9	24
2	10	24
3	9	25
4	9	24
4	7	23
4	8	25
4	11	25
4	11	26
3	10	25
3	7	23
5	25	91
6	9	27
14	11	41
13	10	39
10	10	38
12	10	37
11	10	36
12	11	38
8	8	30
11	10	38
8	8	32
3	5	23
6	7	24
3	10	24
4	9	21
2	3	21
9	9	33
6	8	24
14	-1	41
4	6	26
5	7	24
2	4	21
6	11	26
6	9	25
6	9	27
3	7	22
1	5	22
2	5	23
5	9	25
5	6	25
2	5	23
2	8	22
3	7	23
3	8	27
4	9	27
2	10	24
3	7	21
9	11	28
8	10	26
6	8	27
6	8	22
0	14	90
0	12	89
1	6	21
1	5	20
4	10	23
1	4	26
3	24	88
7	13	32
5	7	23
2	7	24
6	11	27
6	14	30
0	8	91
4	7	22
1	6	20
4	7	24
3	9	24
6	9	25
7	9	26
6	6	24
4	7	24
2	6	20
11	18	38
9	15	34
10	15	34
10	16	35
3	6	23
1	13	90
3	10	28
6	7	24
5	7	21
4	7	23
6	10	30
3	7	21
0	3	22
5	8	21
8	11	34
6	9	27
8	10	34
7	9	31
6	9	27
5	11	26
6	10	25
2	8	22
3	9	24
0	18	91
2	7	24
2	8	22
8	10	29
0	13	90
0	17	91
4	8	24
13	13	37
9	15	31
7	10	28
3	5	21
8	9	27
10	11	32
3	4	21
6	10	26
5	10	24
3	8	24
5	12	29
8	12	32
5	8	27
5	7	24
4	8	23
2	23	90
0	14	91
5	7	26
6	7	24
7	10	27
5	9	27
5	7	26
0	4	20
5	7	24
5	7	23
4	7	23
5	9	24
3	6	23
3	6	23
2	6	22
3	7	26
6	13	31
3	6	21
4	7	23
5	11	23
0	5	23
0	3	21
4	9	23
1	5	22
5	10	28
5	12	30
4	6	23
3	8	24
2	7	23
5	6	25
2	7	24
3	9	23
3	8	31
5	7	26
5	8	28
4	6	24
0	4	21
2	5	20
6	11	27
4	8	25
4	7	22
4	7	23
4	8	28
2	9	23
2	5	21
1	5	22
9	13	33
8	11	28
4	6	21
0	0	47
1	15	91
1	9	90
3	8	25
4	8	23
3	7	23
4	8	24
6	8	26
0	6	90
2	7	22
5	9	26
5	10	23
5	8	25
3	7	23
4	7	24
4	8	21
9	13	35
4	11	30
3	9	24
4	9	23
3	8	22
6	8	24
4	7	23
3	6	24
3	7	25
7	11	27
4	-1	55
2	7	22
2	7	22
8	8	28
2	6	22
3	6	23
8	9	26
7	9	25
11	14	37
2	6	23
2	6	22
1	4	21
9	12	34
11	16	40
8	14	33
6	10	28
2	4	22
2	4	21
11	13	36
9	15	33
4	8	25
1	7	91
0	8	91
5	9	30
3	8	22
3	7	24
3	5	21
7	9	25
3	9	24
0	7	91
5	10	26
5	10	25
7	11	30
7	12	30
5	10	27
7	12	31
8	11	31
3	6	24
2	7	22
6	8	25
4	8	21
6	9	27
0	8	90
0	6	91
4	8	24
5	11	25
4	8	24
4	7	23
4	6	22
6	9	29
2	6	22
7	13	31
4	6	21
6	8	24
6	8	25
4	9	24
4	9	23
0	14	90
0	9	91
3	6	23
0	9	90
4	12	31
4	7	24
2	5	24
6	10	25
3	5	21
2	2	23
2	4	21
0	1	22
4	1	28
6	10	30
3	6	24
0	7	91
1	10	90
2	8	23
7	10	27
5	9	26
4	8	24
3	9	24
0	10	61
0	9	61
1	5	22
3	6	23
4	6	26
4	9	24
2	5	24
4	5	24
4	7	23
3	6	22
1	4	21
4	8	25
3	6	21
6	6	28
6	6	27
4	8	25
3	9	29
3	5	23
1	3	23
0	14	91
0	11	91
0	14	91
0	9	91
6	10	25
8	12	30
9	9	26
3	7	24
1	16	79
6	9	26
1	5	90
0	4	22
0	15	91
0	10	90
0	14	91
1	3	20
2	10	24
3	8	23
2	9	22
0	8	90
0	7	91
0	-1	91
8	14	33
9	12	32
6	9	26
5	10	33
5	9	26
6	11	27
2	6	90
0	6	25
4	8	24
3	8	22
2	7	22
3	8	23
2	7	21
2	7	20
1	5	21
0	13	91
0	5	90
5	7	22
0	4	21
1	4	20
0	4	22
1	6	24
1	5	23
2	6	23
1	5	20
6	12	90
0	14	91
0	4	58
0	3	20
3	7	21
5	9	25
5	9	26
5	9	25
4	8	24
0	8	90
2	8	24
9	12	32
10	10	32
9	10	31
3	4	24
3	7	23
8	11	32
8	13	31
2	5	21
8	9	31
8	11	33
5	5	23
5	11	31
2	4	22
3	7	22
0	12	90
0	10	90
0	24	89
0	25	90
3	11	27
5	8	24
3	9	24
3	4	21
1	3	21
0	10	90
6	8	26
4	5	22
0	11	91
0	14	91
5	12	28
8	11	30
8	11	31
3	9	30
7	9	24
1	5	21
3	6	22
3	8	22
4	9	25
3	4	24
7	8	26
4	6	23
7	14	33
6	12	32
6	12	32
5	10	31
4	8	25
6	11	33
4	10	27
3	10	26
4	9	28
5	13	30
3	6	23
6	10	25
3	5	24
2	6	25
3	6	23
0	7	91
0	9	91
1	4	22
0	-1	77
0	14	91
1	8	91
0	14	90
5	-1	91
3	-1	91
2	5	22
2	5	23
4	11	25
3	9	24
3	11	23
4	9	22
5	10	24
0	1	51
8	11	34
9	13	30
0	9	91
0	10	91
5	8	25
2	5	22
4	5	23
3	5	22
5	7	24
3	8	25
0	13	91
0	12	91
7	10	30
0	12	91
0	7	90
8	12	33
13	13	35
0	10	91
7	10	30
2	7	23
3	7	24
2	7	23
3	6	22
3	4	24
2	4	22
8	9	26
8	9	25
4	8	22
4	9	25
0	9	91
2	6	20
6	7	31
4	8	25
5	8	25
2	8	27
3	6	22
3	7	22
6	7	28
4	9	24
10	11	32
4	8	23
5	7	26
0	9	91
4	6	26
5	8	24
1	4	21
3	6	21
0	4	21
1	4	24
0	6	23
10	13	33
11	14	37
0	16	89
0	11	86
0	11	91
0	15	90
7	11	32
7	11	29
7	11	31
2	6	21
6	10	27
7	12	30
3	4	21
2	4	23
4	8	23
2	10	24
37	39	82
5	9	26
8	9	31
4	11	28
2	6	25
3	6	23
2	4	20
4	8	24
2	9	25
2	10	25
3	8	26
7	10	27
7	13	30
3	7	22
7	10	31
4	10	27
5	8	25
3	9	24
4	7	21
4	6	22
4	7	21
3	5	21
9	12	33
5	12	26
6	13	27
4	7	24
6	7	27
0	4	22
2	7	22
6	8	27
4	5	23
3	5	23
2	4	22
2	4	22
0	8	91
4	9	30
3	12	91
5	6	26
5	9	26
5	9	25
6	10	27
2	4	21
3	6	21
1	17	91
0	12	91
6	7	26
5	4	23
4	6	24
0	4	21
4	6	24
0	5	22
9	11	30
7	9	27
5	5	23
0	7	91
0	13	91
0	14	29
1	4	22
8	9	30
0	9	90
0	9	90
0	12	91
14	17	45
3	5	23
0	11	91
1	9	91
5	8	23
0	7	90
0	11	88
2	4	20
7	16	30
9	12	31
3	6	20
3	10	25
0	10	90
3	6	24
2	7	21
6	7	26
0	10	91
5	9	25
1	8	90
3	7	23
11	17	42
6	8	30
9	14	29
4	9	25
6	14	34
0	14	91
0	18	90
5	9	24
4	8	25
1	7	22
0	18	90
3	9	24
7	10	34
0	14	91
0	14	91
2	6	22
3	8	23
2	3	23
3	4	22
1	4	22
1	4	24
3	28	86
7	11	28
2	6	20
4	8	26
3	5	25
3	8	24
6	7	24
3	7	22
4	10	24
0	16	84
0	14	84
12	-1	40
4	5	23
4	5	21
3	8	25
2	5	23
3	5	23
3	5	21
3	7	21
0	9	91
0	5	91
0	10	90
3	8	24
6	7	27
0	10	91
2	5	22
0	9	90
0	9	91
1	3	86
7	7	30
2	6	26
0	13	91
0	11	91
7	11	31
0	8	91
1	10	91
0	8	90
0	4	91
8	10	31
3	5	22
6	8	29
10	12	34
0	5	90
1	3	21
1	3	22
0	11	90
4	6	21
0	9	88
0	3	91
0	12	90
0	15	91
2	5	21
11	12	36
10	11	35
11	10	36
0	20	90
0	9	91
7	8	27
8	10	30
8	11	31
7	9	26
8	8	28
7	9	29
2	6	23
3	5	23
2	6	22
3	6	20
4	7	24
5	9	24
3	5	21
12	12	30
8	12	29
0	6	91
0	6	87
0	9	90
9	12	31
0	11	90
0	17	91
2	5	20
6	12	35
0	6	91
0	9	91
0	7	91
5	9	25
0	10	91
0	9	91
4	6	22
2	3	22
4	7	23
0	15	90
0	13	90
1	8	90
0	6	91
5	7	27
5	10	30
5	6	24
0	8	91
5	12	30
6	7	26
0	9	90
0	10	91
3	28	91
5	8	30
3	4	22
4	5	23
0	7	90
4	9	25
1	5	20
0	3	21
0	4	91
0	5	91
11	14	36
7	12	31
7	10	26
10	11	32
0	14	91
0	11	91
0	14	90
0	10	90
0	9	90
0	3	91
3	6	23
1	3	22
0	13	91
0	12	91
5	8	26
6	8	25
6	7	23
1	9	23
3	7	21
9	11	34
0	8	90
0	9	90
6	7	24
4	7	22
0	13	91
0	13	91
0	12	90
6	10	26
5	7	26
4	9	26
4	9	31
6	8	24
4	4	25
0	5	20
5	9	26
1	4	22
5	7	23
0	8	91
0	8	91
5	8	23
1	4	23
1	4	22
2	4	21
4	12	90
2	7	91
2	10	32
0	7	91
0	13	90
0	11	91
0	14	90
0	15	90
0	14	91
0	16	89
0	9	88
0	10	90
1	8	90
2	5	20
1	5	20
5	8	30
2	6	21
7	12	30
2	10	25
1	5	22
0	10	90
0	12	90
4	6	25
5	9	29
2	5	20
5	7	23
4	6	26
2	6	22
4	5	24
8	8	31
5	7	24
7	9	30
0	9	91
0	10	91
3	8	24
1	15	90
0	10	91
0	-1	90
1	10	91
1	12	90
1	5	21
4	6	24
5	9	24
4	6	24
3	8	21
2	5	23
2	5	21
0	10	64
0	11	64
0	7	91
1	4	90
0	11	90
0	11	89
2	30	90
4	6	22
5	6	24
0	4	20
4	7	25
0	10	89
0	10	91
1	6	20
3	7	22
3	8	25
3	5	22
0	18	90
3	6	23
2	5	24
0	14	90
0	14	89
0	27	91
2	4	21
3	7	24
4	7	26
4	7	24
3	7	24
1	16	91
0	10	90
7	11	30
6	8	25
6	8	25
0	26	90
0	3	91
7	7	27
1	6	21
2	6	21
3	3	24
3	6	25
4	5	22
6	8	30
0	10	91
1	2	23
0	5	90
2	5	21
2	6	21
0	5	91
0	4	91
0	13	90
0	12	91
2	5	22
0	7	58
0	11	90
0	10	90
0	13	90
1	10	90
0	14	89
4	10	24
5	8	24
6	9	24
10	15	35
0	22	90
6	7	24
0	4	91
0	11	91
3	6	22
7	11	34
0	14	91
0	15	90
4	9	29
5	10	25
9	10	34
8	11	31
9	10	32
8	9	29
9	10	32
8	9	31
6	9	31
5	7	32
0	10	91
0	7	91
3	6	22
3	7	24
3	6	23
4	9	27
5	6	22
2	5	22
0	13	90
0	16	90
7	10	33
0	11	91
3	6	21
0	6	73
4	6	24
9	13	30
2	4	30
5	8	23
0	7	91
0	9	91
0	8	91
0	7	89
4	10	30
3	5	23
0	11	91
1	4	20
1	3	22
1	4	22
1	12	91
1	11	91
3	4	21
4	7	24
2	5	20
5	11	34
8	11	35
0	9	91
5	9	31
1	3	21
4	8	25
4	9	22
8	13	31
2	5	21
0	12	90
0	5	91
0	7	90
0	6	88
2	9	24
5	10	25
8	11	28
5	9	26
7	11	37
3	9	23
7	7	27
4	8	22
4	4	22
1	7	21
4	6	25
1	7	22
2	9	24
4	8	23
2	7	22
0	13	90
0	8	90
6	12	30
5	9	29
4	9	26
4	9	26
5	12	30
6	13	31
4	11	27
4	10	30
4	7	24
3	7	22
3	6	25
2	6	22
6	8	25
4	7	25
5	7	24
4	7	25
4	6	23
7	10	24
5	6	23
3	7	24
4	7	21
5	6	23
4	5	23
5	7	25
5	6	23
6	8	25
3	7	23
3	6	21
2	5	22
6	11	29
6	4	25
5	7	23
3	8	21
2	9	24
3	7	22
5	10	30
2	4	22
2	5	22
5	8	24
0	15	91
5	7	31
3	7	24
1	6	21
2	7	22
10	12	34
10	11	30
8	11	30
4	6	22
2	5	21
3	8	23
6	11	30
7	10	30
9	10	30
7	11	33
6	11	31
5	7	26
2	6	26
2	6	22
8	11	35
2	4	20
5	17	33
2	2	23
1	5	21
4	7	23
5	7	24
5	8	24
5	9	30
6	10	26
6	13	30
6	11	26
4	8	24
2	10	22
2	9	21
3	9	23
7	15	30
6	8	30
1	10	90
0	11	91
3	10	24
3	7	23
3	8	24
0	18	89
3	7	25
4	7	23
1	4	21
3	5	22
3	5	21
0	10	91
5	8	23
3	7	21
3	7	22
5	8	26
2	5	22
2	6	24
4	9	25
2	6	21
9	12	32
4	6	25
3	6	24
3	7	24
3	7	22
1	4	23
9	15	35
2	7	24
3	8	22
2	8	23
4	5	25
6	15	32
5	13	31
6	11	27
6	12	30
6	11	28
5	12	28
5	12	27
6	11	31
5	11	27
4	10	24
3	8	23
3	7	21
1	5	23
4	8	22
5	10	26
5	8	27
9	12	34
6	9	27
5	10	26
7	12	31
5	13	29
5	11	25
5	9	22
0	9	91
8	10	32
8	12	29
1	5	24
1	4	22
1	4	21
8	13	30
3	7	21
7	11	32
4	5	23
9	12	33
2	6	21
6	11	34
6	10	30
12	13	89
4	10	26
4	6	24
4	9	23
8	11	27
3	8	25
3	6	23
5	10	29
1	10	22
2	8	21
8	10	31
8	11	31
6	9	32
3	9	25
3	9	24
4	8	23
4	9	25
3	10	32
10	11	35
11	13	36
6	8	25
11	11	31
10	14	38
3	6	21
3	6	21
4	12	66
2	6	22
10	8	32
0	16	89
3	5	21
9	10	29
7	6	25
4	7	23
3	8	24
1	10	23
1	9	21
4	8	21
4	10	22
5	10	23
4	9	23
3	9	24
2	8	23
7	12	30
3	7	24
4	7	27
0	4	39
4	6	22
5	6	23
4	7	22
7	8	24
5	8	24
1	5	24
2	7	21
3	7	22
4	10	30
7	7	30
4	12	25
6	10	25
6	12	30
3	7	25
2	4	22
2	2	21
9	12	34
3	8	22
1	8	20
2	24	89
6	10	30
1	3	91
6	9	27
1	5	22
0	5	21
8	13	36
3	6	23
5	7	25
3	8	24
4	7	24
3	8	21
4	8	22
3	7	23
4	7	23
4	4	21
3	7	24
3	5	23
3	6	23
4	6	23
3	8	25
3	6	21
0	6	21
3	9	22
3	7	23
4	8	23
3	9	23
4	8	24
3	7	23
6	11	29
10	13	33
4	6	20
3	7	32
3	9	27
1	5	24
0	2	22
8	7	30
2	7	21
3	6	21
3	6	23
4	7	23
3	7	22
2	5	23
8	13	30
9	11	32
2	4	23
1	5	22
1	4	22
2	4	22
6	10	25
6	9	27
5	9	25
8	16	38
8	12	33
7	10	30
7	10	28
7	10	27
7	11	26
6	7	23
8	12	29
3	6	21
8	13	32
5	7	22
5	11	25
3	6	21
3	6	26
3	5	25
4	8	26
4	7	24
9	11	34
7	6	23
2	7	25
3	5	22
4	6	25
3	5	22
3	5	23
3	5	24
4	9	24
4	8	22
2	7	22
2	6	21
5	9	25
6	12	30
11	9	33
5	11	37
4	8	22
4	7	22
2	4	22
9	6	30
8	6	33
5	6	25
1	10	90
0	10	90
9	16	36
0	25	90
1	5	90
1	3	91
4	7	22
2	7	22
1	4	23
3	8	22
2	6	23
3	6	24
3	6	22
5	8	30
2	4	21
4	6	23
2	6	22
3	8	24
0	7	91
0	13	91
5	8	23
3	6	24
3	5	25
2	6	24
2	5	24
3	5	23
3	4	22
1	4	21
6	9	28
2	6	22
3	5	22
2	11	24
2	6	22
2	5	21
2	4	22
2	4	22
3	27	91
2	5	22
2	6	21
5	7	25
2	6	21
2	5	20
3	6	23
5	9	29
5	8	31
6	8	26
3	2	25
0	7	91
0	7	91
0	5	91
7	10	31
2	6	22
2	6	23
3	5	22
2	5	21
0	4	74
4	23	88
2	30	90
2	5	23
6	8	22
1	10	23
9	10	34
0	15	90
0	13	91
2	7	20
2	6	20
8	10	26
4	6	22
0	3	62
3	6	23
6	9	31
3	8	23
4	12	25
3	12	24
6	12	30
0	13	91
0	10	89
0	10	90
1	11	90
4	4	22
5	4	24
5	5	25
3	6	26
4	7	26
5	6	25
3	5	23
2	7	21
4	5	23
3	6	25
3	5	24
6	9	24
4	6	22
0	30	90
0	16	91
0	10	90
5	8	27
0	9	90
0	9	90
0	13	90
5	10	25
6	11	29
1	3	21
1	4	22
0	10	91
1	3	23
2	5	22
1	7	24
2	6	21
4	9	28
3	6	24
3	9	23
4	8	22
2	6	23
0	14	89
5	9	33
4	6	26
4	7	27
4	7	27
4	6	23
2	8	22
9	11	35
4	7	23
3	7	22
3	7	24
6	11	27
5	11	28
12	9	39
6	9	30
1	9	68
0	8	68
1	7	23
3	7	23
3	7	24
3	9	25
4	8	24
0	9	90
0	7	91
4	8	23
3	5	21
3	5	22
1	5	22
2	5	23
3	7	24
7	11	27
10	11	30
7	9	28
8	12	28
4	11	24
3	9	25
6	11	25
7	10	24
4	5	22
2	6	20
8	12	29
1	3	21
10	12	31
0	4	34
2	5	21
2	5	22
4	5	22
0	9	69
3	8	21
4	6	26
4	7	24
10	11	31
1	9	90
0	14	90
3	5	21
2	4	20
0	14	91
4	7	23
0	-1	58
1	8	58
0	12	91
0	15	90
3	10	30
3	9	23
1	12	91
6	11	28
2	7	20
9	13	32
8	14	35
0	10	90
4	5	24
2	4	23
0	10	91
1	14	90
1	4	24
0	4	21
7	7	25
3	7	23
3	12	89
10	14	36
2	5	23
4	5	23
3	6	21
0	12	26
4	7	24
3	5	22
0	4	21
0	30	90
3	6	23
1	5	22
2	5	20
6	7	26
0	11	88
0	11	91
4	7	24
6	9	28
3	5	23
2	5	23
4	9	23
2	8	23
1	2	21
7	12	31
5	7	25
6	11	31
8	14	30
0	29	90
4	6	22
1	7	20
2	6	21
9	12	33
10	10	33
0	7	91
7	11	32
3	7	23
3	6	22
3	9	28
6	7	25
2	6	22
3	5	21
1	7	22
0	5	46
9	10	33
0	10	90
5	8	24
4	7	23
5	8	24
4	6	23
0	7	91
0	6	91
3	3	20
0	8	91
0	9	91
0	11	91
0	9	91
1	16	44
1	4	20
0	2	22
4	5	24
4	7	23
3	6	21
5	7	24
5	7	26
5	8	30
4	9	25
1	5	21
3	7	28
2	10	24
1	4	21
1	3	22
1	4	20
5	8	22
0	12	90
0	13	91
1	13	90
0	9	90
2	6	23
6	9	31
6	9	30
4	8	30
7	8	25
7	7	31
2	3	22
0	3	21
0	-1	90
0	12	91
0	10	90
0	8	90
4	7	21
1	3	22
6	5	25
6	10	26
1	2	22
3	4	22
2	6	20
4	9	24
2	6	24
2	5	23
4	7	22
5	8	26
0	8	91
3	8	25
4	8	24
4	7	23
3	7	23
0	6	91
1	25	91
2	27	91
1	27	91
1	27	91
0	13	91
0	9	91
5	7	25
3	7	23
2	3	22
2	3	20
2	5	22
2	4	22
3	7	23
1	2	22
0	2	25
0	2	21
0	3	22
7	29	90
11	14	35
7	8	32
1	3	22
2	5	22
2	5	21
3	6	22
3	6	22
3	4	23
2	5	20
2	6	21
0	7	91
0	9	91
3	5	25
5	8	30
5	9	26
1	3	21
1	3	26
6	9	27
0	3	91
5	11	27
6	8	26
3	8	23
3	7	22
3	6	21
3	8	20
4	8	29
2	6	23
4	8	23
9	13	33
7	14	30
0	17	90
0	5	90
3	8	23
2	9	23
3	8	22
3	8	25
3	10	25
4	7	24
3	8	23
4	7	22
0	7	41
3	6	23
3	7	22
3	7	23
5	10	27
2	9	26
6	11	28
3	10	26
5	10	27
5	10	25
4	10	25
8	16	36
3	6	22
3	7	24
4	6	23
4	5	24
1	5	26
5	5	25
6	4	26
1	3	20
0	4	21
0	7	91
0	9	91
2	4	21
4	10	28
0	13	91
1	11	91
2	4	23
2	5	22
2	4	21
1	4	20
0	13	91
1	4	23
0	3	22
1	3	20
3	4	23
0	3	20
0	10	91
0	4	91
0	3	91
4	7	24
3	6	24
0	10	60
0	8	89
1	8	91
0	5	90
9	10	36
8	11	36
9	10	37
3	4	23
3	3	23
0	8	91
5	12	30
3	4	21
5	7	25
3	5	22
4	7	27
4	8	24
3	5	24
1	5	21
10	10	33
2	4	22
2	6	21
0	16	91
3	4	21
0	11	91
1	10	25
2	3	21
3	5	23
2	4	21
0	8	90
0	11	91
0	13	90
0	10	90
0	7	40
2	6	21
0	8	83
3	5	24
6	5	24
3	7	24
6	5	29
7	10	31
5	8	27
2	4	21
2	5	22
13	13	40
3	6	21
0	10	90
0	12	90
4	8	23
0	10	90
6	8	28
7	6	27
2	6	21
6	7	23
5	12	28
1	8	91
0	11	91
2	9	26
4	7	27
5	7	27
4	5	24
4	7	24
4	7	24
1	6	20
0	18	91
5	6	23
0	16	90
0	11	91
0	11	91
0	6	91
0	6	90
0	8	91
4	8	31
7	9	30
0	7	90
0	7	89
3	7	22
9	10	31
6	8	30
7	11	33
9	10	32
6	10	28
6	9	31
6	9	25
5	7	24
0	14	90
0	14	90
4	6	23
4	7	23
4	7	22
4	8	28
0	3	22
9	13	33
3	6	23
8	10	28
4	6	25
4	4	27
6	7	31
3	6	27
4	5	26
5	7	31
5	6	27
3	6	26
7	8	27
7	8	25
7	8	25
1	13	91
4	6	23
3	6	23
3	7	21
5	7	23
2	7	21
3	6	21
5	9	26
0	7	70
0	2	21
5	6	26
1	6	23
3	9	23
0	10	87
4	9	23
2	6	23
4	8	24
5	6	27
0	11	90
0	7	89
0	7	90
0	10	91
0	6	91
1	11	91
5	9	28
7	10	32
6	11	32
0	7	85
3	7	22
3	5	20
4	13	91
4	12	91
3	7	24
0	1	24
1	4	22
0	9	90
2	6	23
0	13	90
0	9	91
6	11	30
2	6	22
2	5	21
8	8	28
0	9	91
0	8	91
2	4	23
3	6	23
3	6	22
5	-1	91
0	11	90
4	5	24
0	11	90
0	6	91
0	8	91
2	5	21
1	3	20
6	8	24
1	4	21
0	8	90
0	8	91
0	-1	90
0	10	91
1	10	91
0	7	90
0	11	87
0	12	90
0	8	91
0	17	91
2	3	23
1	9	88
0	5	90
0	6	90
0	13	91
0	7	90
0	8	91
4	8	30
7	6	24
7	7	25
0	15	90
3	5	23
0	11	91
1	3	23
3	12	90
2	6	21
3	6	24
0	6	90
0	5	91
0	14	90
0	13	90
4	9	23
3	6	23
3	6	22
2	7	22
3	8	24
5	7	24
2	7	21
2	4	22
8	8	30
1	6	23
5	6	26
6	9	25
7	10	27
7	9	26
5	9	25
4	8	23
5	7	24
0	14	91
5	8	24
8	13	35
6	11	32
2	6	25
6	8	24
4	9	30
3	9	25
3	8	26
3	7	23
2	8	23
0	13	91
0	26	91
3	7	24
0	8	61
0	5	61
3	8	22
4	8	24
4	8	26
4	7	22
4	5	21
5	7	30
4	7	25
5	9	25
0	9	91
2	5	21
3	6	21
3	7	24
7	8	27
3	7	23
3	7	22
5	7	25
2	4	24
1	13	90
0	8	62
0	8	62
7	7	27
6	9	25
6	9	24
7	11	30
6	8	27
9	10	31
4	8	30
8	11	31
3	5	21
3	7	25
6	7	26
0	12	91
0	11	90
0	11	91
0	17	91
6	10	24
2	7	21
2	3	23
2	3	22
0	11	90
4	7	23
4	7	22
1	5	21
5	9	27
1	4	21
0	6	91
0	6	91
2	7	23
4	9	29
1	14	90
2	5	21
6	8	26
6	8	25
0	9	90
0	9	90
0	11	90
6	9	23
1	4	20
4	8	31
0	16	90
1	10	91
0	5	90
0	12	91
3	7	20
0	12	91
8	13	30
3	8	25
0	10	91
0	-1	46
0	3	46
3	5	23
3	7	24
3	7	23
7	11	30
0	10	88
3	8	25
4	8	26
5	8	23
0	15	91
3	6	23
4	10	23
8	9	28
1	7	22
0	7	91
0	13	91
4	10	25
4	44	91
1	5	66
2	6	24
0	14	91
4	12	30
6	9	26
3	7	23
1	5	21
4	6	23
7	9	29
6	10	28
6	8	26
5	8	26
3	6	25
1	4	24
3	4	23
2	7	20
0	3	22
0	35	90
3	8	30
10	13	36
7	8	26
4	9	24
4	9	23
4	8	24
3	8	24
7	9	28
5	9	26
4	8	23
4	9	25
4	8	24
2	6	23
2	6	22
4	8	23
4	6	24
1	3	20
0	7	90
11	13	35
4	8	25
5	9	25
4	7	24
6	11	26
4	10	30
4	8	24
2	6	21
3	6	21
3	6	22
1	6	24
8	13	31
3	6	21
2	8	23
3	7	21
1	7	22
3	8	23
3	8	22
3	6	21
3	6	20
2	4	21
8	10	27
5	13	28
0	7	91
0	7	91
4	9	26
5	7	25
6	7	26
5	7	25
4	7	22
5	10	28
10	12	32
0	8	91
10	12	39
8	6	27
10	9	37
9	9	36
12	9	34
10	10	38
11	11	37
10	11	37
8	8	35
8	7	29
8	12	33
4	10	25
7	10	30
0	6	90
8	13	29
7	12	27
6	10	27
7	11	30
7	13	31
0	8	84
2	6	22
1	5	22
7	8	30
3	4	21
8	7	24
1	3	23
3	4	24
0	-1	91
2	8	23
0	5	21
0	5	20
10	9	34
0	28	91
1	22	91
3	5	21
1	5	24
2	6	22
4	7	22
4	6	21
4	8	23
3	7	22
0	18	91
1	13	91
3	7	22
3	7	21
5	34	78
5	19	47
4	7	23
8	13	32
5	10	28
5	9	27
5	9	26
5	9	24
3	9	24
4	3	22
1	8	23
2	7	21
7	11	30
4	7	24
0	12	91
3	8	22
3	8	23
5	9	28
11	14	33
0	16	66
3	9	25
4	7	23
2	6	22
3	8	23
8	10	32
4	9	25
4	9	25
6	11	26
6	11	26
4	9	26
4	7	24
0	3	22
7	10	29
4	7	24
8	11	30
4	14	90
7	9	26
3	7	22
6	10	26
1	4	21
3	10	22
0	12	91
7	11	34
7	10	30
10	12	37
1	18	91
9	13	33
8	12	30
6	8	26
5	9	25
8	11	30
6	9	26
6	10	27
6	15	33
0	11	91
0	11	91
4	7	26
3	7	24
6	10	31
4	11	31
7	11	31
1	6	20
2	4	21
1	6	21
9	12	32
4	5	24
4	8	24
4	7	24
9	12	30
2	6	21
2	6	23
2	4	21
4	9	24
2	5	22
1	8	23
4	8	26
0	19	91
6	9	23
5	8	24
0	26	90
5	6	23
4	5	23
14	-1	42
8	12	32
4	8	22
0	10	91
1	14	91
3	5	22
3	6	22
0	6	64
10	14	36
5	7	23
4	10	26
0	7	91
2	6	21
3	6	22
0	3	23
0	3	24
0	2	22
0	13	90
1	4	21
5	9	30
6	11	32
5	6	30
3	7	26
7	8	27
5	9	26
0	2	20
7	10	27
6	10	26
0	4	22
1	4	21
0	5	20
0	13	90
6	14	32
9	14	33
0	13	90
2	7	23
5	10	30
5	9	22
5	14	27
4	9	23
8	15	34
10	8	35
5	10	25
4	10	25
3	11	26
2	9	24
3	8	23
0	2	90
0	3	91
9	12	34
8	11	32
2	4	21
1	6	20
8	12	32
5	8	23
9	11	32
2	7	21
4	9	24
4	8	31
3	8	24
1	7	22
6	11	30
5	10	27
3	8	24
2	4	21
2	6	23
8	9	28
8	10	30
5	7	29
5	8	26
7	9	26
4	5	21
5	8	25
3	7	21
3	7	22
0	2	20
5	9	23
2	5	22
3	6	22
3	5	20
0	9	91
0	13	91
6	7	23
1	3	23
1	7	21
0	2	26
0	2	23
0	2	24
0	3	21
6	26	91
2	8	23
5	8	23
5	9	28
3	6	21
2	5	21
0	20	90
7	9	26
1	21	90
2	2	20
5	6	22
2	7	20
7	8	30
4	8	24
3	6	22
2	5	22
2	4	24
6	9	28
3	9	25
3	7	24
5	7	30
3	6	21
2	6	20
4	9	24
0	9	91
3	7	22
6	8	28
1	12	60
0	9	89
0	10	91
3	7	23
2	6	22
6	13	30
6	7	26
0	14	90
3	6	21
10	15	39
3	7	22
7	8	25
7	9	26
3	7	22
2	6	22
3	9	23
4	7	26
0	11	91
0	12	90
0	8	23
1	3	22
1	12	90
5	10	23
3	6	23
4	8	26
3	8	24
3	7	24
2	7	20
4	7	23
6	9	30
7	14	31
4	7	24
0	8	90
2	3	24
1	12	91
0	10	91
7	11	30
6	6	23
3	6	22
2	6	24
10	14	36
11	17	38
6	13	33
3	8	24
4	-1	91
6	7	25
7	10	31
7	12	32
6	10	27
5	8	26
2	5	20
5	5	24
5	7	25
4	9	28
4	7	27
4	7	24
2	5	22
0	7	91
4	13	30
5	9	29
2	5	20
3	6	21
4	10	30
0	10	90
0	11	91
6	6	25
5	6	25
1	-1	90
4	8	24
0	7	90
0	8	91
0	16	90
0	13	91
0	14	91
0	5	91
0	12	90
0	1	90
6	12	27
4	7	23
5	6	23
3	6	20
2	8	24
6	8	25
2	9	26
4	8	25
0	9	91
0	9	90
3	6	23
3	9	24
1	7	91
5	8	30
2	4	23
6	7	25
7	12	32
0	3	90
0	6	91
6	9	24
2	5	22
5	10	24
2	3	20
4	6	22
3	7	22
9	11	29
7	9	27
8	10	28
26	33	91
0	14	89
7	11	29
3	9	23
4	8	24
5	10	26
1	5	22
1	6	22
0	4	21
2	6	21
1	6	20
0	12	91
0	5	91
0	10	90
0	10	91
4	9	25
6	6	24
5	5	23
0	9	91
0	13	90
0	11	91
6	11	27
0	-1	91
4	8	23
3	6	24
5	9	30
1	4	20
9	12	30
0	10	91
0	8	89
4	8	25
1	4	23
4	36	90
3	7	24
2	10	24
0	2	20
1	2	21
1	4	24
0	4	22
0	10	91
0	8	90
5	5	27
0	12	91
2	5	21
0	2	20
2	6	25
3	8	21
2	7	20
4	7	24
3	8	23
0	11	91
8	10	28
10	15	34
0	11	91
9	12	32
4	8	21
2	6	22
2	6	21
4	8	22
3	8	22
10	11	34
0	5	90
0	10	91
4	7	26
6	8	25
9	10	27
3	6	22
3	6	21
3	6	20
1	3	22
1	3	21
2	4	23
3	8	25
0	-1	72
0	8	72
2	1	23
3	6	22
5	8	26
3	6	24
0	7	90
0	4	91
6	7	27
7	9	26
5	8	25
14	17	44
9	15	34
1	6	21
3	9	24
11	10	33
7	9	26
5	8	26
5	4	23
7	9	28
12	12	41
6	7	31
7	7	27
6	6	25
9	8	30
6	9	27
6	9	24
6	10	26
3	6	20
3	7	26
3	8	25
3	7	23
2	6	21
2	7	22
4	8	26
5	8	23
5	9	28
6	11	30
4	8	23
5	10	26
5	9	24
5	11	29
3	5	21
2	5	21
6	7	26
0	3	21
0	9	91
3	7	22
9	11	29
1	3	21
10	13	35
6	8	27
8	7	28
6	7	27
5	7	25
0	11	89
3	8	23
7	7	27
8	6	27
3	7	23
4	7	23
3	6	21
1	8	23
2	5	23
3	6	22
2	7	23
3	8	22
6	7	23
5	12	31
7	9	27
3	11	24
1	4	23
4	7	24
7	11	32
0	12	91
0	17	90
5	9	30
2	7	24
5	9	30
3	8	23
3	7	25
2	9	23
3	7	24
3	8	25
4	8	26
3	6	24
2	6	23
2	5	22
2	8	24
2	2	22
4	8	21
3	5	21
2	3	21
4	10	25
5	9	22
3	8	22
7	10	27
2	6	21
3	6	22
2	5	20
8	12	32
9	12	31
6	10	25
5	6	22
3	5	21
3	5	20
2	6	20
6	10	27
4	6	22
3	7	24
1	10	23
2	10	24
4	9	23
5	6	30
4	6	24
2	7	25
4	7	25
4	7	24
4	8	23
2	6	22
2	6	21
2	6	24
4	8	22
2	7	89
2	5	22
3	8	22
6	8	30
3	6	23
4	10	31
0	8	91
0	5	89
4	9	25
2	5	23
1	10	91
1	13	89
9	10	28
2	9	22
3	9	23
1	7	22
2	4	22
2	4	22
0	6	91
0	12	90
4	8	24
4	7	23
3	7	22
0	13	90
3	8	22
2	6	24
1	11	90
4	6	21
7	10	29
9	11	32
8	11	31
7	8	25
5	31	91
6	12	30
5	11	25
4	10	29
1	3	21
6	8	23
9	12	32
7	12	29
7	11	29
4	11	31
7	10	28
3	5	22
2	8	22
2	4	21
5	8	22
2	7	22
2	7	22
2	6	21
3	12	28
4	10	24
4	9	24
5	13	30
6	12	31
5	9	23
5	11	28
6	14	35
6	15	39
5	8	24
3	7	22
3	6	23
3	5	21
2	5	22
8	7	30
6	10	25
7	12	29
7	11	28
7	11	30
7	10	32
5	12	28
5	9	26
6	9	27
5	9	26
0	10	91
4	9	22
5	10	24
6	7	25
6	7	26
6	8	25
8	10	30
0	-1	91
7	12	28
6	10	31
6	9	27
3	7	22
8	8	32
1	6	23
0	8	91
0	11	91
5	8	26
6	8	33
3	7	22
5	11	31
3	8	22
7	13	32
6	10	27
5	12	30
5	12	27
3	7	23
5	8	22
0	-1	89
2	7	21
3	8	23
3	5	22
4	6	22
2	4	21
3	24	90
0	3	20
2	7	23
4	5	21
6	13	27
6	12	27
9	9	34
7	10	27
8	10	28
5	9	24
4	7	23
0	9	91
2	6	21
2	5	20
2	5	21
0	10	91
5	10	30
0	17	90
2	14	91
0	4	20
2	5	21
7	9	27
5	6	31
9	14	34
7	9	29
7	8	32
7	11	32
7	9	34
8	10	29
7	8	29
2	6	23
5	8	23
0	15	91
4	10	25
11	15	37
5	9	24
5	8	21
6	12	26
2	7	22
3	7	22
3	5	22
13	35	90
4	12	29
3	7	25
3	6	23
3	10	23
4	10	22
6	12	31
5	12	30
5	9	29
3	9	24
3	8	24
4	9	25
5	8	25
5	10	26
4	8	25
3	7	25
5	7	25
4	7	23
4	5	22
3	9	24
0	21	91
2	4	23
6	9	28
1	5	21
6	6	26
1	8	26
0	10	91
0	3	22
2	5	22
3	6	22
3	6	23
5	8	23
2	5	21
2	4	22
4	6	22
3	6	23
3	6	22
0	9	90
0	-1	91
0	19	90
3	8	30
1	13	91
0	9	90
2	7	23
4	7	23
3	7	22
0	21	91
0	11	91
1	6	26
0	9	88
2	5	20
2	4	22
10	10	33
4	5	23
3	7	23
2	5	21
1	4	20
0	4	91
1	17	91
1	4	23
2	4	22
1	3	21
5	19	33
0	7	21
7	9	29
5	8	30
3	8	25
3	9	24
2	7	23
3	6	26
4	4	24
4	4	25
3	5	23
2	4	21
2	6	23
3	6	22
3	9	90
3	10	91
5	8	25
6	9	26
2	10	25
3	8	22
2	7	21
4	10	24
4	10	23
6	10	25
7	9	26
4	9	24
6	8	25
3	6	21
7	8	24
5	9	26
6	8	25
0	35	91
7	5	31
4	10	27
5	7	24
8	11	35
8	8	26
1	7	21
3	8	21
2	7	22
5	8	24
0	6	91
3	6	23
4	8	24
5	6	22
1	2	22
3	22	91
8	15	36
2	8	25
5	9	24
8	10	27
5	8	25
5	-1	91
2	9	23
5	8	23
2	6	20
0	3	20
8	12	33
8	11	26
9	11	27
2	6	21
5	9	23
5	7	22
3	7	23
4	8	24
4	7	27
3	6	23
3	6	24
3	5	23
5	9	25
6	10	30
1	6	21
8	10	91
6	6	22
6	8	23
9	10	31
5	4	22
9	10	33
4	9	22
8	17	37
9	11	29
10	12	35
7	12	33
2	6	22
2	6	22
0	7	91
0	9	90
5	10	26
3	7	30
7	11	30
10	11	32
1	8	22
3	8	23
6	8	24
4	8	21
0	4	21
5	11	31
2	6	21
2	5	22
0	7	90
2	6	24
1	4	20
1	4	20
4	6	23
2	7	23
4	8	26
4	7	23
0	13	90
0	12	90
3	6	23
3	5	24
3	7	26
4	6	29
3	4	24
4	12	91
1	10	90
2	3	20
4	13	28
2	3	23
3	8	24
3	8	22
4	8	23
2	6	22
4	30	91
3	30	91
2	6	22
0	18	91
0	14	90
2	5	20
4	5	23
3	5	24
6	9	30
5	8	27
6	7	25
5	7	26
2	6	21
2	5	22
4	9	22
0	7	90
0	5	91
7	9	24
5	12	26
5	9	26
4	6	24
2	7	23
2	4	22
2	5	22
0	3	23
0	2	22
9	9	29
6	10	26
4	7	23
4	9	24
3	9	25
4	7	23
0	6	90
0	19	90
3	4	22
2	5	22
7	29	90
4	10	25
5	8	23
5	9	25
4	9	25
7	13	30
3	7	25
3	5	22
2	6	22
3	6	22
3	6	22
3	5	24
3	5	23
4	8	24
5	8	23
0	14	91
4	7	23
4	7	22
4	8	20
8	11	34
8	11	33
7	9	30
6	9	25
5	8	26
7	9	28
4	9	23
3	6	21
3	4	22
4	5	23
5	10	26
3	8	22
7	9	31
3	8	22
4	7	22
5	8	23
0	10	57
0	5	21
1	4	22
2	4	22
0	17	91
3	8	24
6	12	28
5	11	27
5	7	25
5	7	24
7	9	27
1	3	22
1	3	21
8	14	37
0	11	90
3	7	24
3	6	21
5	7	25
0	8	91
7	7	32
4	8	24
10	11	39
4	7	30
2	8	22
2	6	21
3	6	22
1	6	20
5	5	25
3	6	21
7	12	32
6	8	26
5	8	32
4	8	28
4	8	28
5	8	25
4	6	26
0	5	21
1	4	20
0	11	91
2	3	21
4	5	25
2	5	22
0	1	63
0	4	20
0	9	91
0	7	90
2	4	23
7	12	30
0	2	22
5	10	26
5	9	26
4	10	25
4	11	28
4	10	27
4	8	23
5	9	23
2	7	23
2	8	21
4	7	20
0	7	90
0	11	90
3	8	25
9	11	29
11	12	35
10	10	29
8	11	31
0	7	91
0	10	91
0	3	35
5	8	23
2	4	21
6	20	91
10	10	35
6	7	31
5	10	30
4	8	22
3	6	22
7	8	26
0	7	91
9	9	26
0	14	91
4	9	22
0	9	91
3	5	21
0	10	88
0	10	91
1	5	21
5	12	32
3	5	22
2	3	22
7	8	29
8	8	30
7	8	28
8	13	34
3	7	22
2	4	20
0	10	76
3	8	23
8	11	28
0	9	91
2	4	23
4	8	23
5	11	28
3	8	25
3	8	22
4	6	24
5	7	23
3	7	22
2	7	23
0	5	23
0	3	20
0	6	91
0	6	89
7	9	26
7	11	32
6	9	31
0	3	21
4	5	25
0	19	90
0	12	91
0	9	90
6	5	25
5	7	23
5	7	23
1	12	91
0	11	91
3	8	22
5	11	25
2	6	22
0	5	20
0	23	90
0	12	88
0	14	90
0	5	91
0	8	90
6	6	23
0	16	90
0	8	91
0	6	90
0	4	21
3	6	22
5	8	23
4	9	24
5	6	23
7	9	31
7	10	26
0	6	90
5	11	30
7	6	34
6	10	23
2	7	22
3	7	21
2	7	22
1	5	22
0	2	20
11	12	33
3	7	22
0	4	91
0	11	90
1	5	24
4	7	21
7	10	31
6	9	31
3	6	23
3	5	20
0	12	90
0	9	90
3	10	24
8	11	31
6	8	26
7	8	24
4	6	24
7	8	27
4	7	25
1	5	21
4	7	27
0	19	91
0	26	90
7	9	27
5	10	30
6	7	25
4	7	25
3	7	24
3	6	23
9	8	31
0	6	91
3	10	24
5	11	30
0	11	91
3	8	22
9	8	36
8	9	34
6	8	28
0	7	91
2	3	24
3	6	23
4	7	21
0	11	91
0	10	91
0	10	90
0	13	91
8	11	33
6	11	30
7	10	26
8	15	32
4	24	52
6	29	60
5	31	66
6	30	63
6	10	29
0	30	90
0	6	90
2	4	21
9	8	30
7	7	28
2	6	22
3	6	25
0	3	21
2	7	23
0	7	90
0	7	85
4	8	24
7	9	25
6	8	26
7	9	24
5	9	35
3	8	24
2	9	22
3	6	23
1	5	21
0	10	91
4	8	25
4	8	23
0	14	89
0	8	90
6	9	32
7	10	29
5	7	25
2	5	21
0	2	24
5	5	23
8	9	30
12	12	36
5	7	25
7	10	30
7	10	32
3	5	22
4	6	23
3	6	23
2	8	21
5	6	26
4	7	25
0	2	20
0	2	88
0	12	91
5	9	24
2	3	23
6	10	26
7	13	29
6	8	27
3	5	22
0	5	91
1	6	91
0	2	21
4	6	25
5	9	26
3	9	26
3	9	25
3	8	24
0	9	90
0	8	90
0	4	20
1	3	20
6	6	25
2	5	22
9	11	31
5	7	23
4	7	23
4	11	25
5	5	25
2	3	20
1	28	90
9	11	30
0	12	91
0	8	91
4	4	22
1	3	20
1	2	21
2	3	22
5	6	25
7	8	26
7	8	30
3	8	21
1	8	21
8	9	30
8	8	29
7	7	25
7	8	27
7	7	26
6	7	25
7	7	26
3	8	21
3	6	23
4	7	22
0	14	90
2	3	24
2	7	22
8	10	27
8	10	28
0	4	20
3	7	22
0	13	91
1	13	89
3	8	23
4	8	23
2	7	22
5	5	23
3	6	24
3	7	26
0	8	91
0	8	91
3	8	23
8	11	32
0	7	91
2	5	23
0	8	90
0	9	91
6	10	26
4	6	24
6	9	55
0	11	55
0	6	55
5	9	26
2	6	22
3	7	25
6	9	26
0	8	91
1	4	21
2	3	20
1	3	21
2	4	20
1	4	21
1	12	91
3	7	22
3	4	20
3	23	90
3	5	21
0	5	91
6	7	30
1	8	91
0	9	91
3	6	22
7	10	31
4	7	23
3	7	22
3	8	23
3	5	24
8	8	28
2	6	23
3	7	24
0	14	90
0	10	87
6	10	33
4	12	30
1	9	90
5	8	25
2	6	21
1	5	22
1	3	22
1	4	20
2	7	22
2	7	24
6	9	22
4	6	24
3	7	24
0	8	91
5	6	21
0	11	90
0	8	90
0	21	91
2	8	22
3	8	23
3	7	24
3	8	23
1	3	21
5	9	23
4	9	24
6	7	25
9	8	30
4	8	24
4	6	26
0	2	91
0	6	91
4	6	26
10	13	34
2	6	24
0	40	91
7	11	28
8	10	29
7	10	31
3	7	22
2	3	22
5	8	23
2	7	23
5	8	31
3	5	24
5	7	27
5	11	29
1	5	24
4	8	24
7	11	31
5	9	27
5	12	34
6	11	33
4	11	31
5	10	30
4	8	25
3	8	23
6	11	30
3	8	23
3	7	22
3	7	21
2	6	21
1	1	24
2	6	22
2	5	22
4	7	22
0	3	22
0	3	21
1	3	23
2	9	22
3	8	22
3	8	23
6	9	24
5	10	24
3	6	23
1	6	21
3	7	23
9	11	32
10	11	31
2	3	21
3	5	22
1	5	22
1	2	20
0	9	91
1	2	20
2	7	22
2	5	21
4	9	25
6	13	27
0	12	91
0	14	90
0	5	90
3	6	23
0	10	90
3	4	23
11	11	37
3	5	22
17	19	47
0	6	91
1	12	91
1	14	90
3	5	22
3	5	21
2	5	21
3	7	25
0	4	20
5	5	23
3	6	24
5	8	25
3	7	24
3	5	22
2	5	23
3	5	22
0	3	90
0	4	91
5	-1	91
0	12	91
0	13	91
0	23	90
2	5	22
4	7	20
4	26	91
2	5	20
3	6	22
2	7	22
7	15	36
11	12	40
5	8	24
4	7	23
4	7	22
6	8	23
0	17	91
0	7	90
11	14	35
4	6	31
3	6	21
2	6	21
5	5	23
4	9	25
2	2	20
4	8	24
2	8	21
1	6	21
6	10	30
5	9	25
0	16	91
0	16	91
7	7	26
6	7	28
7	7	30
1	4	22
8	8	27
4	7	21
3	5	23
11	11	30
5	8	26
2	5	20
3	7	23
2	4	20
2	5	21
2	5	21
1	6	21
2	6	20
3	8	23
9	7	28
2	4	20
3	6	22
0	11	91
1	7	22
6	11	30
0	3	24
0	14	89
0	6	91
7	8	25
3	8	26
0	9	91
9	12	33
4	7	23
8	8	31
0	13	90
0	14	91
0	4	23
2	3	21
7	10	31
5	7	30
1	3	25
3	5	24
5	9	26
0	13	91
5	7	22
4	8	21
0	17	90
4	35	90
4	6	23
4	8	24
6	12	31
5	9	31
6	9	30
6	8	32
6	6	26
0	10	91
0	15	90
8	10	33
5	6	24
4	9	23
3	5	23
2	5	23
2	4	22
2	4	22
1	4	20
4	6	24
0	3	20
5	9	25
4	7	23
4	7	27
4	8	24
6	9	30
1	4	22
2	6	22
2	6	23
0	5	21
8	11	31
4	11	26
8	11	32
4	7	23
4	9	24
0	11	91
0	14	91
0	8	91
2	5	21
7	13	32
6	14	31
4	5	23
3	6	22
0	12	90
0	8	90
3	5	22
0	7	91
0	8	91
0	4	20
12	10	35
2	6	21
0	6	90
1	6	90
0	10	90
0	10	90
0	-1	91
2	6	24
0	15	90
0	9	90
0	13	91
0	5	91
3	5	21
2	4	22
3	4	20
2	4	21
5	5	24
0	9	91
3	7	22
0	10	91
0	10	91
5	5	23
1	3	21
2	5	20
0	9	91
4	6	21
3	6	22
7	13	32
6	13	36
2	6	20
9	9	28
0	9	90
1	4	20
1	4	21
8	9	26
4	6	24
3	8	24
4	8	24
1	4	21
5	8	30
1	3	22
6	9	26
10	11	31
6	10	26
0	3	22
1	6	24
7	12	32
7	9	30
3	7	23
3	7	24
1	4	21
6	10	33
6	7	27
4	6	26
4	6	26
4	7	26
7	8	31
0	9	91
0	12	91
0	14	79
2	6	20
0	5	22
3	9	27
7	13	36
6	10	28
1	5	24
1	3	22
0	12	90
4	6	25
6	8	25
2	6	21
2	6	22
5	7	23
1	6	20
2	6	21
1	16	88
2	5	21
3	5	22
1	12	91
1	13	91
4	8	25
0	7	91
0	13	90
0	13	90
2	8	21
4	10	27
7	11	30
7	10	33
3	6	24
6	7	28
6	9	30
6	10	31
2	5	21
0	6	90
0	10	91
7	10	30
0	9	91
2	8	24
3	2	23
1	29	91
0	14	91
3	4	21
3	6	23
0	10	90
4	12	31
7	8	28
0	13	91
1	3	22
4	8	24
1	10	69
0	24	91
2	6	22
3	6	23
0	8	89
0	8	90
2	5	22
4	9	27
0	10	91
0	14	90
0	16	91
0	15	90
5	9	23
4	6	24
7	13	33
4	5	23
8	11	34
0	10	91
5	10	24
6	9	30
3	8	25
0	11	90
3	6	23
5	7	31
3	7	26
3	6	22
3	7	24
6	11	26
4	7	21
7	10	30
3	5	21
0	3	21
3	8	24
1	4	21
3	4	24
1	2	22
0	12	91
0	8	89
0	14	91
3	-1	90
0	1	21
0	3	21
6	8	25
7	10	28
1	4	22
4	6	23
0	8	71
0	10	91
6	9	31
5	9	27
2	6	21
0	2	20
9	10	29
10	11	33
9	12	32
11	13	32
8	11	30
8	12	33
9	9	29
8	9	31
8	9	30
8	9	28
1	13	91
0	13	90
1	15	80
0	13	80
4	7	23
5	12	25
5	9	24
0	9	89
0	17	90
0	7	90
0	9	90
0	13	91
0	4	88
0	7	91
3	6	22
3	7	25
8	7	30
3	5	23
6	10	27
6	10	26
7	9	26
4	6	24
5	7	31
6	8	29
2	7	20
3	6	24
1	6	24
3	4	21
2	17	91
0	2	20
0	2	22
0	2	23
1	2	20
7	11	27
3	4	22
1	5	21
2	4	23
0	9	87
0	8	91
0	6	90
0	10	91
1	10	91
1	9	90
0	3	20
0	8	91
0	10	91
0	-1	91
0	-1	89
0	3	91
0	4	91
1	0	25
0	8	89
1	9	90
5	8	26
2	5	21
0	11	90
0	10	91
6	8	24
0	10	91
0	5	90
5	8	24
0	12	91
0	6	91
0	6	91
0	7	90
0	9	90
2	3	20
5	9	25
3	4	22
3	6	23
2	4	21
4	6	22
4	5	24
3	5	22
3	6	25
0	4	91
0	4	91
0	6	90
0	7	91
1	3	22
6	13	31
3	8	24
2	6	24
0	8	90
3	6	22
2	6	23
1	10	90
4	9	26
6	12	31
1	6	91
2	4	25
2	3	23
3	4	22
7	8	25
0	5	89
0	4	30
0	4	22
0	-1	91
0	13	91
0	5	91
5	7	27
0	12	91
0	11	90
4	7	25
2	7	22
3	5	21
1	3	21
3	4	22
0	5	91
0	10	90
4	7	25
1	-1	91
5	9	30
3	6	22
2	9	22
11	13	39
9	10	32
9	11	34
1	7	64
0	7	64
5	9	24
5	8	25
2	5	21
5	11	31
2	8	23
4	7	24
4	8	27
0	20	91
1	30	90
3	5	23
2	7	23
6	10	30
5	9	30
0	9	90
0	5	90
1	4	23
5	8	27
1	3	22
1	17	91
0	6	51
5	9	25
4	9	24
5	10	30
6	11	31
0	11	91
0	5	91
4	7	23
3	6	23
5	7	24
5	8	25
5	10	27
6	7	26
5	6	26
5	7	30
3	8	26
4	7	28
5	10	32
1	6	21
1	3	22
11	14	35
4	6	25
0	10	91
0	8	90
3	8	24
1	10	24
0	2	20
0	14	91
0	4	90
3	6	22
2	4	22
1	11	91
0	7	91
2	8	91
1	6	23
1	3	20
2	6	21
4	8	22
2	7	22
5	6	24
4	5	23
4	7	30
1	4	22
4	6	23
2	6	23
4	6	23
6	10	28
3	8	21
2	8	20
9	13	36
6	7	26
1	5	20
5	4	23
0	5	20
6	11	27
0	16	91
5	7	23
6	8	26
5	9	30
3	6	21
1	10	87
6	12	30
2	6	22
1	7	22
9	11	29
6	8	27
0	12	90
0	13	91
3	7	24
3	5	24
3	6	21
2	5	20
0	5	91
0	12	91
3	5	21
2	4	21
1	9	91
5	6	24
5	6	24
7	13	32
3	4	21
2	5	21
2	5	20
0	7	91
0	17	91
1	12	91
0	9	91
0	12	91
0	9	91
0	14	91
1	5	24
3	6	24
2	7	23
0	21	91
0	20	90
6	8	25
0	6	91
0	6	90
7	10	28
0	5	22
0	4	23
2	3	21
5	6	31
4	7	23
3	7	20
4	6	24
5	10	31
5	10	30
1	21	88
0	14	91
1	6	21
0	2	20
5	8	26
3	5	22
0	14	90
0	5	91
0	16	90
0	10	90
0	11	90
0	13	91
0	5	21
1	5	20
2	6	20
6	10	24
2	6	22
3	7	23
1	5	20
9	14	37
7	11	29
8	12	33
9	13	34
8	12	31
11	13	33
12	13	38
8	12	31
9	12	33
10	14	35
2	6	22
10	10	35
4	7	22
10	15	38
5	8	23
4	6	21
7	8	31
9	10	32
8	11	30
8	10	29
6	8	23
2	7	22
3	7	21
3	9	31
11	15	37
9	12	29
10	13	31
8	12	29
8	12	30
6	9	26
3	5	23
5	5	24
0	8	90
6	9	27
2	7	24
3	6	21
0	13	91
5	6	23
0	13	91
0	8	90
8	10	30
0	3	22
8	8	26
6	9	25
6	9	24
5	11	25
4	8	26
3	6	22
2	6	22
2	6	21
6	10	25
5	9	27
0	9	90
0	11	90
1	4	21
3	8	26
3	7	20
9	10	31
7	11	31
8	12	32
5	10	31
6	9	25
7	9	31
1	5	20
1	5	22
0	7	91
0	11	90
3	5	23
0	7	49
0	7	49
4	6	24
3	5	24
3	4	23
2	6	22
2	8	21
2	8	22
2	8	23
3	8	24
0	2	20
2	8	23
2	4	21
4	5	25
0	7	91
4	7	23
2	4	21
1	3	22
3	4	22
0	12	91
0	5	21
0	3	20
2	3	22
1	4	24
0	3	21
0	3	22
2	3	23
2	7	22
3	7	22
6	6	23
0	13	90
0	12	91
0	-1	81
1	11	81
3	7	22
4	7	24
3	8	23
4	6	22
0	10	91
3	8	23
8	10	30
3	8	23
3	9	24
5	8	24
5	8	28
9	11	30
8	10	27
5	9	25
0	4	90
0	4	90
4	8	31
4	6	23
4	7	23
5	9	26
6	9	27
3	6	21
3	7	22
4	8	22
3	6	21
2	4	22
6	7	22
4	6	23
4	8	24
10	11	28
8	12	27
8	10	31
7	10	27
7	9	26
6	7	26
3	8	22
5	4	25
3	5	23
8	7	31
9	12	33
7	6	24
3	6	23
3	7	24
2	7	20
3	6	22
5	7	23
1	23	90
9	11	28
9	12	38
5	8	23
1	6	20
0	9	70
12	14	39
12	15	39
10	11	34
10	14	36
4	6	25
4	8	24
2	7	21
2	5	20
5	5	23
4	8	31
2	4	21
5	10	25
0	5	91
9	-1	90
3	13	90
0	11	91
0	3	90
3	9	23
2	5	23
3	5	24
2	4	22
3	5	22
4	4	22
4	8	21
3	9	22
4	8	25
5	14	30
0	5	91
2	5	22
3	6	22
3	6	22
4	7	23
3	7	22
2	7	23
3	3	21
4	6	23
7	9	30
6	9	27
2	7	23
3	6	23
10	13	36
3	5	22
5	7	23
1	4	20
2	7	21
0	19	90
2	5	21
6	9	27
0	27	90
2	5	20
10	10	36
2	5	24
8	9	27
0	17	91
0	4	21
4	8	24
5	7	24
0	2	22
0	3	21
3	9	25
5	10	25
5	8	23
4	4	24
1	3	21
1	2	21
2	6	24
7	13	33
5	9	24
0	1	22
6	7	25
4	7	24
3	5	23
0	7	91
3	6	20
3	7	21
3	7	20
2	5	22
2	5	21
0	9	91
2	5	20
1	6	22
13	14	37
1	5	21
3	6	24
0	8	90
4	28	90
4	5	24
1	4	20
2	5	22
1	4	20
0	2	21
0	12	91
0	-1	90
0	12	90
0	4	22
1	4	21
5	10	25
6	12	29
0	10	91
2	7	21
2	5	22
7	8	24
4	4	23
4	6	21
5	11	26
0	12	84
0	12	91
0	8	91
3	7	22
5	11	27
8	10	32
4	7	26
4	7	23
4	8	23
2	5	20
0	10	90
3	7	21
2	6	22
2	5	22
3	6	22
0	3	22
5	7	32
3	6	21
4	8	23
5	11	30
6	10	29
4	9	24
4	10	23
3	7	90
4	6	25
3	5	23
0	17	91
0	9	90
3	9	25
3	5	20
0	14	90
1	6	90
2	4	21
3	6	22
5	6	23
2	6	22
0	13	89
0	-1	84
0	-1	89
0	12	91
2	6	22
4	11	30
6	9	30
5	6	27
5	7	26
4	8	25
5	7	24
4	6	25
3	6	23
2	6	22
4	5	22
2	6	23
3	5	21
0	16	91
0	9	91
0	2	21
0	2	20
2	4	21
2	4	20
6	7	26
5	6	24
3	7	21
6	9	26
0	2	21
0	2	22
1	3	20
1	4	23
1	4	20
1	4	21
1	4	21
3	10	32
4	12	32
3	7	22
5	19	88
5	6	22
3	7	22
8	10	30
0	7	89
2	7	21
4	10	23
4	6	23
1	7	22
1	4	21
0	9	91
0	12	91
5	10	29
2	3	20
1	4	21
1	3	33
0	3	33
1	5	20
2	5	20
1	6	22
5	9	25
6	9	26
5	9	32
8	10	29
2	4	21
2	5	22
0	5	91
0	13	91
4	6	25
2	10	22
11	13	39
1	2	20
0	5	24
3	5	27
3	6	24
6	13	30
5	6	25
1	4	22
0	2	22
4	7	25
2	5	21
1	14	30
3	7	22
5	11	26
5	9	26
2	3	23
1	5	21
2	4	20
0	5	90
0	3	89
0	2	21
1	3	20
0	17	90
1	3	21
1	7	20
2	7	21
2	7	22
2	10	24
0	12	91
0	13	90
2	7	22
4	5	23
1	6	21
0	4	21
5	6	25
4	7	25
5	5	24
3	7	21
2	6	23
3	7	22
3	8	23
3	5	21
4	4	23
7	12	31
4	11	30
3	6	22
3	6	23
0	6	89
0	9	91
7	9	29
1	4	21
5	13	30
0	10	90
3	5	23
4	10	23
0	7	41
9	14	33
0	9	90
0	2	91
4	9	24
4	6	23
9	11	29
7	9	27
1	8	24
6	11	31
5	8	25
6	9	24
8	10	28
9	12	32
5	7	26
5	7	90
4	13	91
4	11	33
0	7	91
0	12	90
0	10	91
0	7	90
5	9	27
5	6	24
4	6	23
4	7	26
4	6	24
3	8	23
3	9	22
4	8	23
4	8	23
3	6	21
4	9	22
0	20	89
2	5	21
2	7	23
2	6	22
0	4	22
4	8	22
2	9	22
9	12	33
8	11	28
7	11	33
1	3	22
8	12	36
0	16	91
1	5	23
0	14	91
8	11	31
8	11	29
7	11	27
2	4	21
7	12	31
7	11	31
3	8	22
10	10	31
5	7	25
2	5	22
4	6	25
3	6	23
4	9	23
4	9	27
6	6	23
7	9	28
3	8	23
2	8	23
2	9	24
3	10	25
2	5	23
7	36	91
0	6	91
0	5	90
1	5	20
4	5	24
2	5	20
4	7	21
5	9	25
5	9	26
1	4	20
0	9	90
0	8	90
5	8	26
8	9	29
4	7	25
0	4	20
5	9	27
4	7	23
1	11	91
8	11	31
4	8	22
2	8	23
3	6	22
5	8	26
2	5	22
7	8	24
9	10	31
6	11	30
4	9	27
1	14	91
6	12	33
0	7	90
4	8	21
3	6	21
5	10	26
3	8	23
3	6	21
12	29	88
8	9	33
7	9	28
6	9	27
0	8	91
0	12	90
4	7	25
3	5	23
3	8	24
2	9	22
8	9	27
8	9	26
7	15	30
8	13	31
3	8	23
4	7	24
3	7	22
3	7	21
2	5	22
2	6	23
3	6	23
2	5	20
6	10	30
2	2	23
7	9	25
4	9	24
3	7	24
2	7	21
3	7	21
3	5	21
3	3	21
2	6	22
10	13	36
4	12	30
7	12	30
4	12	31
2	4	22
3	5	23
0	26	91
4	7	24
0	8	91
3	8	26
3	9	23
3	8	22
3	9	23
4	9	22
0	9	91
0	8	91
5	10	26
0	11	90
0	11	90
5	7	22
4	7	22
5	9	27
5	9	25
3	5	24
4	10	33
6	6	24
3	6	20
4	10	28
3	7	25
2	7	21
3	7	23
3	6	22
3	6	21
2	5	20
2	7	22
8	11	32
7	10	29
8	10	28
9	14	34
8	13	32
9	12	31
8	12	31
5	5	23
1	6	20
4	6	23
6	7	24
4	4	24
0	11	91
0	10	90
0	11	90
2	7	21
10	12	33
7	8	26
2	3	20
4	6	24
6	8	26
0	11	80
9	12	36
4	7	23
0	4	40
0	4	40
3	6	26
2	5	21
3	6	24
3	6	21
0	19	91
0	10	91
3	8	23
2	8	22
4	7	23
3	8	21
2	5	23
2	6	22
3	5	21
2	6	22
3	6	23
3	7	23
3	9	25
4	9	25
4	7	22
0	6	90
7	9	30
6	25	91
8	25	91
3	7	24
6	11	32
3	7	22
3	4	23
5	9	24
2	8	21
11	15	36
3	7	22
8	12	29
5	9	25
2	5	21
2	6	21
2	5	21
3	7	23
4	5	21
2	4	20
4	12	27
3	7	22
0	6	30
5	8	31
1	5	20
4	5	23
2	7	21
7	9	24
1	6	20
3	8	25
7	13	31
5	11	30
3	6	25
5	6	25
5	8	27
6	8	26
2	6	21
2	4	22
6	10	29
5	8	26
2	6	23
3	11	24
6	12	30
3	6	21
3	7	22
5	25	91
8	11	30
5	5	23
6	8	28
9	12	30
4	9	24
2	3	20
0	8	89
5	10	30
6	12	32
3	7	22
7	13	32
5	15	32
9	15	32
9	15	32
7	12	32
9	13	35
7	12	30
2	5	21
2	5	22
6	9	26
1	5	21
1	3	20
4	6	22
2	6	21
3	5	21
5	9	26
6	10	26
6	10	25
8	9	27
5	10	26
5	9	32
4	9	30
3	6	27
5	7	23
4	10	23
6	10	32
8	13	32
8	14	32
3	7	26
4	10	33
7	17	33
7	10	26
7	11	25
0	11	91
5	10	23
3	6	23
3	5	22
5	8	24
4	8	22
0	20	91
7	10	32
2	7	24
2	8	22
3	6	25
7	9	25
6	8	24
5	7	25
4	10	26
7	9	26
4	10	31
3	4	23
3	5	24
5	6	27
4	4	25
2	6	23
5	6	26
3	6	22
7	10	28
0	13	91
0	7	91
0	11	90
0	8	90
2	6	21
7	10	29
4	11	23
5	9	30
8	9	31
8	11	28
4	12	31
5	7	25
7	11	33
3	10	27
6	12	32
2	10	25
6	11	28
5	12	29
5	13	33
3	4	26
2	8	22
7	7	29
2	7	22
3	7	21
5	8	25
4	8	22
5	8	30
8	9	33
4	7	22
1	6	23
2	5	21
4	6	21
0	13	90
1	13	90
4	7	24
2	9	24
9	11	28
13	16	40
12	12	31
10	13	33
11	14	34
12	13	36
12	14	39
10	13	32
11	15	35
9	14	33
9	11	29
12	15	38
9	13	33
10	12	34
9	12	33
7	11	31
0	11	91
4	5	25
8	11	34
5	7	27
3	6	23
4	7	23
2	7	23
1	6	61
4	6	23
3	7	23
4	8	24
8	13	30
7	12	35
5	-1	90
3	5	22
3	6	26
2	6	22
3	6	22
0	13	91
0	17	80
4	9	23
1	3	21
7	9	28
0	14	90
5	7	21
7	11	32
9	15	36
9	10	28
0	9	91
5	8	25
10	10	33
7	12	31
3	6	22
8	10	30
2	6	21
4	8	28
6	10	30
5	10	28
4	6	30
6	10	26
5	9	26
4	7	24
4	7	30
4	8	21
4	7	22
3	6	23
5	9	24
4	7	22
4	5	25
3	5	24
3	7	22
0	8	91
4	5	22
7	10	28
0	-1	91
0	12	91
2	7	22
4	10	30
5	8	25
4	9	24
4	9	25
3	8	25
7	10	32
3	7	22
9	14	33
10	14	32
8	13	28
3	9	24
6	9	26
2	3	23
3	5	21
2	5	21
4	7	26
4	7	25
2	7	23
0	6	22
1	4	20
1	3	21
2	10	91
2	9	91
6	12	30
3	5	21
5	8	33
1	4	20
4	7	21
6	12	32
3	6	23
0	11	89
0	14	91
1	5	20
1	5	21
10	6	40
7	10	26
7	8	30
12	14	33
5	4	24
3	6	22
5	7	25
3	8	25
0	14	91
3	8	23
1	9	24
0	9	91
7	7	25
6	8	26
3	5	54
3	4	22
4	5	25
5	5	25
5	5	24
4	5	23
3	5	21
2	5	21
1	4	20
2	7	22
2	8	23
6	12	33
0	10	91
3	7	21
5	7	26
3	6	22
1	6	20
1	6	21
3	8	26
3	5	21
0	5	90
0	9	91
0	13	90
8	12	29
0	4	21
1	4	21
2	7	21
1	3	22
0	6	74
1	8	74
2	5	21
0	4	24
0	4	22
0	10	90
0	14	91
0	5	20
4	5	24
1	7	22
3	8	22
4	7	23
7	11	26
3	4	21
3	6	25
3	9	23
3	7	30
0	8	91
0	9	91
3	6	22
2	4	22
7	11	32
7	13	32
5	9	32
5	6	24
5	9	26
8	10	28
4	7	26
4	7	22
2	5	21
0	5	87
6	8	25
4	9	37
6	11	25
2	6	21
2	6	23
4	6	24
4	7	22
3	7	21
1	30	90
0	16	91
0	5	91
0	3	45
0	4	45
1	4	22
3	6	23
2	6	21
4	6	23
3	6	23
3	7	22
4	6	22
3	7	21
3	7	22
2	10	22
0	14	91
0	9	91
5	8	27
9	13	36
7	13	29
6	10	27
6	8	27
3	9	23
0	16	91
0	8	90
3	10	24
4	8	21
0	5	20
8	7	31
4	8	22
2	5	22
6	8	27
4	8	22
6	10	30
1	5	22
4	4	24
3	8	22
0	5	22
0	12	90
2	6	22
9	11	31
1	4	21
4	9	21
8	11	31
2	3	20
4	7	23
3	7	22
4	8	31
5	8	26
0	16	90
1	9	91
0	7	91
2	6	21
3	4	22
1	5	20
36	35	91
1	5	21
0	-1	91
0	-1	91
0	12	90
7	11	28
5	11	26
7	9	26
2	7	21
0	5	90
4	6	23
1	5	21
0	7	91
0	9	91
1	5	20
7	9	26
8	7	26
3	7	22
8	13	32
2	8	23
3	8	23
3	6	21
8	12	34
4	6	24
2	7	22
1	5	20
2	8	23
3	5	21
3	7	24
6	11	30
4	32	85
2	34	90
4	9	30
5	8	30
5	11	31
3	6	21
1	12	91
4	10	25
8	11	28
5	9	23
4	9	30
0	-1	90
0	11	90
3	6	23
3	7	25
0	5	22
4	9	23
0	11	91
0	12	90
0	20	90
3	6	22
1	4	27
2	7	21
2	10	25
0	6	91
0	7	90
3	4	22
3	5	25
4	5	25
0	5	90
0	8	90
7	11	30
2	7	21
0	9	91
0	11	91
0	8	90
0	8	91
3	6	21
5	9	27
3	5	23
7	11	30
2	6	22
4	8	24
0	8	90
0	8	91
1	5	21
2	9	22
2	8	21
4	6	23
6	11	30
6	14	33
4	7	25
4	8	25
6	6	25
7	10	25
0	12	90
4	8	24
3	6	23
4	8	25
5	11	27
2	4	22
5	8	23
9	9	36
6	8	27
0	10	91
0	14	91
4	6	25
4	7	24
1	3	21
4	8	25
1	5	22
0	3	20
3	5	21
2	7	21
5	7	24
0	5	20
3	8	25
3	7	20
10	14	33
5	9	26
2	4	20
4	7	22
3	4	24
0	10	91
0	6	91
3	5	23
4	5	23
4	6	24
5	8	23
2	4	23
1	6	21
2	6	21
3	6	22
4	7	23
2	3	22
2	2	22
3	4	20
4	4	22
4	6	26
4	4	24
4	4	23
4	4	23
4	9	30
2	4	22
2	4	20
0	3	22
2	7	20
6	9	26
5	9	23
4	8	21
5	6	22
3	5	21
4	6	25
7	7	27
5	11	26
8	12	33
7	11	32
7	11	31
7	10	30
2	5	21
3	7	23
4	8	24
3	7	23
5	6	25
5	6	27
1	3	22
3	8	23
1	7	90
3	7	24
6	15	30
2	7	24
2	6	23
3	7	24
2	7	23
3	6	23
2	5	21
3	7	26
0	-1	88
6	-1	91
7	8	29
0	2	50
0	4	50
4	7	28
9	9	24
2	4	21
2	4	21
3	7	24
3	6	23
5	8	25
3	7	24
4	7	23
2	5	22
5	15	30
7	12	30
6	11	32
7	9	32
5	9	30
6	9	30
0	4	90
4	6	23
0	5	23
2	6	23
3	6	23
5	7	25
2	6	24
3	8	26
4	9	26
3	8	27
3	9	27
6	12	32
2	5	24
0	11	91
0	5	91
3	6	25
8	10	25
7	11	26
9	10	31
0	5	91
6	14	29
4	8	26
6	10	31
3	6	24
3	6	25
5	6	26
6	7	26
3	6	24
6	8	26
5	12	31
0	5	91
3	5	22
10	8	29
0	10	90
0	16	91
3	8	23
7	8	25
2	7	25
4	8	24
4	9	24
4	8	23
9	13	30
8	9	29
1	3	20
4	11	27
6	8	22
3	8	23
5	7	25
4	7	25
4	9	24
3	9	23
6	12	38
3	7	23
4	5	23
0	11	91
0	7	91
9	11	33
5	7	25
1	4	22
5	5	23
6	14	30
8	12	30
1	5	24
0	3	21
9	9	32
10	12	34
0	11	91
0	11	91
14	17	43
7	13	39
7	10	30
4	7	27
1	6	22
5	12	30
2	8	22
6	10	26
3	7	23
4	7	23
4	9	24
4	9	26
3	10	25
0	11	91
0	10	90
6	10	27
5	7	25
5	8	31
3	6	23
4	6	22
11	13	32
0	12	89
3	25	91
9	11	35
3	6	23
7	9	31
3	5	23
3	5	22
2	7	23
3	6	21
4	8	30
9	12	28
0	4	90
5	10	27
1	6	22
4	6	25
0	3	21
2	3	22
8	10	32
1	4	22
3	7	24
2	6	22
5	13	26
3	7	20
6	8	25
2	5	25
10	9	29
8	10	29
3	8	22
2	7	21
3	3	23
7	12	32
9	12	30
8	12	31
8	11	28
7	10	27
7	10	26
6	11	30
0	9	91
1	11	91
2	9	24
5	9	31
1	3	22
11	12	34
5	7	25
7	10	25
1	9	21
2	10	23
7	9	26
1	9	91
0	8	91
0	2	21
0	14	90
0	14	91
5	10	26
9	10	30
3	6	23
3	6	22
3	6	23
2	7	21
0	5	91
0	15	91
7	11	31
0	11	90
0	7	91
1	7	20
2	8	24
3	6	25
1	8	24
1	9	22
2	6	23
4	9	26
3	7	23
3	6	22
6	13	33
2	5	22
6	9	30
6	14	33
3	10	25
4	9	24
5	13	27
4	6	26
4	7	27
3	4	24
3	8	25
3	4	23
0	4	90
3	7	24
4	7	24
3	9	24
5	8	23
0	12	91
0	11	91
3	6	23
4	6	23
4	7	23
3	7	24
4	10	26
3	8	25
4	7	25
0	12	90
0	10	89
0	3	22
6	8	26
3	8	32
0	9	90
6	9	27
6	12	30
5	9	24
2	5	22
2	5	21
4	8	24
0	6	90
0	4	91
4	6	25
4	5	24
4	5	23
6	6	27
4	5	24
1	2	20
0	40	91
0	14	90
2	7	23
2	5	23
3	5	23
3	5	22
6	11	32
9	15	34
10	15	35
5	5	26
6	8	25
8	9	30
0	7	90
0	6	90
4	-1	90
0	2	20
5	7	25
3	7	24
3	7	23
3	7	22
4	8	23
0	10	91
0	9	90
7	11	28
8	10	31
6	10	26
5	8	24
4	8	23
3	8	21
2	9	22
4	8	26
3	8	24
3	8	25
3	6	21
8	11	32
2	6	21
7	9	29
0	5	20
6	10	30
6	8	30
8	12	34
5	14	31
6	14	34
0	14	90
4	7	23
5	8	24
3	5	23
1	5	20
5	13	34
3	9	24
3	10	24
2	5	21
3	9	23
5	9	23
0	10	90
1	16	91
5	6	25
6	7	25
6	8	30
4	5	24
4	6	23
8	13	31
8	13	29
4	6	25
1	5	22
6	8	33
2	6	22
0	3	21
4	9	26
5	11	28
4	8	24
3	7	23
4	7	24
4	7	23
3	5	21
4	8	26
1	7	22
3	5	21
2	4	21
5	6	22
4	7	24
3	6	22
3	5	22
7	8	32
1	2	20
0	10	88
0	11	91
5	9	29
3	8	25
0	6	91
3	5	22
6	15	34
5	6	27
0	8	90
0	12	91
3	7	24
1	9	24
0	3	20
0	3	65
5	8	30
3	10	24
4	9	25
4	9	23
4	9	24
2	6	21
2	8	24
3	8	23
3	5	21
2	5	24
2	6	23
2	5	22
5	8	24
2	6	21
10	23	90
3	7	22
4	6	24
8	9	31
7	9	29
4	7	25
3	8	26
3	4	21
2	3	21
8	11	28
3	7	25
0	11	90
0	8	90
0	5	91
4	6	25
0	5	20
0	5	21
0	4	21
3	7	23
5	5	28
1	5	21
8	9	28
1	3	22
6	6	25
4	6	23
2	5	21
2	5	20
0	4	91
5	10	26
2	7	22
4	6	25
4	5	23
0	6	20
3	5	23
0	8	91
0	-1	82
1	3	20
8	11	32
2	5	21
2	5	21
3	7	22
2	7	23
2	6	22
5	7	25
3	6	23
5	6	24
3	8	22
0	14	89
0	14	91
6	8	27
2	3	20
6	9	25
1	5	21
5	10	26
4	7	24
0	6	71
4	6	24
0	15	89
0	13	91
3	4	23
3	4	22
3	4	21
1	6	22
2	6	22
2	4	22
0	9	90
0	9	90
2	6	22
2	6	21
0	15	91
1	2	22
4	7	22
2	5	20
0	10	91
0	8	90
0	11	91
0	11	91
3	6	21
0	11	90
0	14	91
0	11	91
0	11	90
6	6	28
0	12	91
1	11	90
3	5	25
6	6	23
0	10	91
4	5	24
7	11	37
4	6	26
8	12	32
7	9	31
6	10	29
3	7	22
0	-1	91
0	-1	91
1	-1	91
7	6	25
28	32	91
2	7	22
3	7	22
4	8	23
3	8	24
0	10	88
0	11	91
0	13	90
0	8	90
4	6	21
3	6	21
9	11	34
2	5	22
5	7	24
1	5	20
3	8	23
4	9	23
2	6	24
4	6	26
4	6	22
4	4	23
4	4	24
2	3	24
6	8	23
2	7	22
4	6	24
4	10	23
5	7	25
2	5	21
3	7	23
2	6	22
9	7	32
6	10	30
5	7	23
7	8	26
3	7	22
4	8	24
4	8	25
2	7	21
3	5	21
2	5	21
2	5	21
3	8	27
15	10	38
11	10	34
12	12	36
9	9	31
11	9	32
8	10	30
10	11	30
8	12	30
2	13	90
0	10	91
0	16	90
6	10	31
4	9	26
5	10	28
0	17	90
0	18	90
0	15	89
0	13	91
1	5	21
2	6	21
3	5	22
4	7	22
3	6	21
3	8	24
2	5	22
0	24	90
3	6	22
3	7	22
2	6	21
2	5	21
2	6	21
2	7	22
7	11	27
5	8	26
6	6	24
5	11	27
0	9	91
0	13	90
7	12	30
3	10	23
2	5	21
3	7	23
3	7	24
3	10	30
5	8	30
5	8	26
5	8	24
5	8	28
5	6	25
4	7	23
2	8	22
5	9	23
2	5	20
8	12	34
2	5	22
5	8	24
2	5	21
6	10	26
5	9	28
5	9	30
4	10	25
3	6	22
3	6	21
6	12	31
3	7	23
4	7	26
4	6	22
11	11	36
10	10	33
7	9	27
2	6	20
4	9	24
3	7	20
3	7	21
8	11	27
4	8	24
2	7	22
2	5	20
3	7	22
3	4	24
2	5	21
6	11	30
5	7	23
4	8	25
8	13	31
10	11	33
8	10	30
3	9	23
6	16	33
0	9	90
0	13	91
1	11	91
0	10	89
7	8	27
6	10	26
3	7	23
5	6	23
0	3	22
1	4	23
2	4	22
5	10	26
3	7	23
3	7	22
1	5	23
3	6	24
0	28	90
0	21	90
6	10	26
5	8	25
3	7	22
3	9	22
9	10	36
5	9	26
4	9	27
2	9	25
6	12	28
4	10	27
4	9	28
3	11	26
1	5	23
4	8	24
5	10	27
3	9	24
2	7	22
2	6	22
4	8	24
5	9	27
1	6	22
6	5	28
3	5	23
7	8	26
3	9	23
6	9	26
3	8	22
7	9	28
5	8	29
5	6	25
7	12	33
4	4	23
5	7	25
12	14	36
9	12	30
9	13	31
11	14	34
11	13	32
11	13	31
2	6	22
1	4	21
5	8	27
2	7	21
6	14	30
2	7	24
3	9	25
5	11	32
5	10	26
6	12	28
9	11	32
8	11	30
8	12	29
1	6	21
5	13	31
7	8	32
6	5	24
4	4	23
5	6	25
4	7	26
4	6	23
3	7	21
5	7	22
7	11	30
4	10	26
1	6	90
5	8	25
5	10	27
3	6	22
0	9	90
3	8	22
0	9	90
0	10	91
6	8	25
0	-1	91
4	9	24
1	4	21
3	5	23
3	8	28
2	9	23
4	6	24
6	11	89
2	7	24
0	11	90
6	9	26
8	10	31
0	16	91
6	8	25
0	9	91
1	3	20
0	13	90
0	1	89
0	1	91
4	8	25
0	11	90
0	13	90
3	7	22
3	6	22
2	5	22
2	7	22
0	7	89
0	12	88
4	6	24
5	5	26
2	5	20
13	18	42
10	15	35
7	11	26
3	7	25
3	7	21
3	5	22
5	8	25
5	7	23
2	6	23
8	11	31
4	8	24
4	8	25
7	11	26
1	6	21
3	7	24
4	5	22
3	5	23
2	5	21
6	12	26
6	11	28
1	9	22
1	12	90
1	14	90
4	8	22
7	9	27
4	5	25
3	8	24
6	12	33
3	9	26
6	12	32
7	11	31
7	12	35
3	4	21
6	8	25
0	15	91
0	15	91
3	7	23
1	10	32
0	14	61
5	6	23
1	4	21
2	5	22
3	4	23
3	5	22
6	12	26
0	11	90
2	6	20
2	6	22
3	10	23
2	9	22
3	7	24
3	5	22
3	6	24
5	6	25
3	7	23
3	6	22
2	6	23
4	7	25
4	7	24
3	6	22
3	7	21
2	5	23
8	11	34
7	11	31
8	11	33
7	10	32
6	10	30
6	9	30
5	8	28
5	9	28
5	10	27
4	8	25
2	7	24
0	23	90
4	9	25
7	6	29
10	8	35
4	28	90
1	9	91
5	7	24
3	6	23
2	5	21
2	7	22
3	8	23
4	7	24
4	9	25
4	9	23
4	7	24
1	10	90
0	9	91
6	10	31
2	5	21
9	11	31
3	4	23
5	7	33
2	4	22
5	6	23
3	8	22
2	5	24
6	11	27
8	11	32
0	31	90
4	11	24
3	6	24
1	8	22
3	6	24
1	3	21
2	4	24
2	5	21
1	6	20
5	9	24
3	9	25
1	6	20
2	5	20
6	10	24
1	4	23
1	3	23
3	8	22
1	5	20
2	7	21
2	7	21
2	7	25
6	11	33
6	12	33
10	10	34
3	7	25
4	8	22
5	13	27
2	8	22
5	9	25
1	4	22
7	9	27
8	9	28
8	9	30
6	7	26
8	9	30
8	7	26
6	9	24
6	10	25
10	15	34
8	9	32
5	15	34
7	12	31
7	11	30
6	12	30
0	21	91
2	8	22
2	5	21
4	6	25
5	8	24
2	5	21
5	6	26
0	13	90
0	9	90
3	4	25
2	3	22
1	3	23
0	2	21
1	4	20
0	2	22
1	6	24
4	9	27
0	6	24
2	5	22
1	4	21
2	4	22
3	6	22
4	12	28
6	11	27
4	9	25
3	7	24
4	9	25
3	8	25
3	7	22
3	9	21
4	12	31
4	5	22
4	8	23
1	6	24
1	4	23
0	6	22
1	6	22
10	10	32
7	9	26
1	3	24
3	11	26
5	8	25
3	7	21
1	5	22
4	6	25
4	9	25
4	9	24
6	7	26
4	7	23
0	7	91
0	7	90
4	7	22
6	9	26
8	8	29
12	13	37
5	7	24
6	10	24
7	8	30
7	7	30
2	8	22
1	4	21
10	13	36
0	7	91
1	9	89
8	9	27
4	9	25
1	5	22
1	9	24
5	7	25
4	9	27
5	8	24
4	9	26
2	8	25
0	3	20
2	5	21
6	8	25
2	9	25
3	8	26
3	9	25
4	7	24
5	9	30
3	9	23
3	6	22
4	9	25
4	10	24
3	6	23
1	9	25
2	7	23
4	7	24
2	6	23
0	8	90
0	7	90
1	5	22
6	10	24
0	5	20
4	7	23
2	9	22
3	7	21
3	5	22
4	8	22
0	9	90
8	8	26
11	11	36
1	5	20
2	6	22
4	8	26
0	6	22
4	8	23
3	6	20
0	14	90
0	8	91
0	8	90
5	11	31
8	14	33
0	19	91
0	14	90
4	6	24
3	7	22
4	8	23
2	7	20
3	8	21
4	11	25
9	9	29
8	9	27
3	8	23
3	7	23
4	8	23
7	11	31
3	6	24
7	9	28
9	11	31
7	9	27
9	10	30
2	6	21
4	7	26
7	8	27
6	7	24
5	9	23
0	4	90
0	13	91
0	4	21
0	3	21
3	4	21
3	5	22
4	7	31
1	4	23
0	10	90
7	8	25
4	7	23
3	10	25
5	9	24
5	8	25
3	7	22
5	10	26
2	19	90
0	19	90
3	5	24
6	11	30
5	11	27
6	9	30
10	13	35
7	5	31
3	5	21
2	3	24
1	8	22
3	9	21
0	14	90
0	14	91
0	14	91
0	4	37
0	14	90
0	13	90
0	13	90
0	14	91
0	12	91
1	-1	91
0	11	91
0	8	60
0	19	91
0	13	90
0	12	90
0	14	90
1	12	91
0	15	90
2	5	20
8	14	33
4	3	24
3	9	24
3	2	22
3	3	23
0	7	91
0	8	91
0	12	90
0	7	90
3	7	22
7	15	32
2	7	23
1	7	23
1	6	22
2	6	24
2	2	23
2	2	21
6	10	30
0	8	91
7	10	31
2	7	22
0	3	44
6	11	30
2	3	20
6	8	23
1	9	91
4	5	26
0	15	91
2	5	24
3	4	23
1	5	22
4	6	24
4	5	24
4	8	25
3	5	24
4	7	22
3	7	22
2	5	22
6	9	25
1	9	91
2	10	90
0	5	21
0	3	21
3	5	22
2	6	21
2	4	21
1	6	21
5	8	22
2	6	21
7	10	27
3	5	23
8	10	26
0	13	91
2	8	24
0	10	90
1	3	21
2	6	20
2	7	22
9	7	33
2	8	22
1	3	22
1	3	21
0	3	21
5	8	23
6	8	28
5	8	25
6	9	26
5	9	23
5	9	31
5	8	23
4	7	25
4	7	26
6	8	27
7	8	31
7	8	28
0	14	90
1	2	21
3	5	21
4	10	27
3	5	21
3	7	21
3	7	22
7	11	35
0	11	91
0	-1	91
4	7	25
2	6	22
5	10	39
1	3	20
3	6	23
0	3	20
4	10	25
7	11	30
0	3	30
4	7	23
6	7	35
7	7	33
7	7	33
7	7	31
5	6	31
5	5	28
4	6	27
4	5	25
4	5	22
2	3	21
3	4	20
7	10	29
3	4	22
3	7	20
8	14	31
4	7	22
8	10	25
0	9	90
5	9	25
7	9	26
0	5	91
2	13	91
8	12	32
3	8	22
0	16	91
0	11	91
4	7	27
5	6	23
5	11	26
5	10	26
8	11	33
7	10	30
5	7	26
7	11	36
6	8	30
5	8	28
4	8	28
3	8	26
3	8	22
7	12	31
4	8	25
6	10	30
4	7	23
2	4	20
3	8	24
2	4	21
2	5	21
3	11	30
3	5	21
3	8	22
4	10	25
4	8	25
5	9	26
5	10	25
5	9	26
5	7	24
3	8	23
4	6	22
2	4	21
5	7	30
3	4	27
6	8	30
4	6	26
3	8	22
3	8	21
1	3	22
3	8	20
3	7	20
2	8	23
4	8	22
3	7	22
1	5	23
5	4	23
3	5	23
5	8	23
1	4	21
1	3	22
6	9	27
1	10	91
3	6	20
1	4	24
7	9	28
3	8	24
7	11	30
2	6	23
5	8	25
5	6	25
4	6	22
5	8	24
3	9	23
4	6	24
1	5	21
4	7	26
6	8	25
0	8	88
0	10	91
0	5	91
4	7	23
2	5	22
3	6	21
4	6	22
3	8	25
0	7	91
1	13	81
5	9	26
1	28	91
0	10	91
6	11	26
13	16	38
2	5	21
3	6	22
5	9	25
6	10	31
0	7	90
0	8	91
0	8	90
4	10	31
0	12	90
2	6	22
0	7	73
1	8	73
0	16	91
1	15	91
1	15	90
3	4	21
5	7	26
4	7	25
4	7	24
5	8	25
2	8	24
2	7	23
0	6	91
0	4	90
0	9	90
0	5	90
0	9	90
9	13	33
2	8	23
3	6	23
3	8	22
3	6	21
6	10	33
6	11	34
7	12	34
6	12	35
6	11	29
9	12	34
6	11	29
7	11	32
0	15	90
0	8	91
6	9	24
14	16	42
6	9	27
5	6	25
8	10	27
4	8	24
3	7	28
0	4	90
0	5	91
2	-1	91
2	4	23
0	6	91
0	12	80
2	6	20
3	7	23
3	7	22
6	7	24
6	14	33
3	9	23
5	12	25
3	9	23
6	14	32
5	11	28
7	12	30
3	7	23
0	7	90
2	20	91
2	8	23
2	7	22
2	7	23
2	6	21
3	7	25
2	4	21
8	11	30
0	24	91
0	17	90
7	10	31
6	11	30
1	5	21
0	11	90
0	7	90
3	6	21
7	8	25
0	8	88
2	5	21
5	8	24
2	6	22
2	5	21
10	13	32
7	7	26
4	5	21
2	7	22
6	7	27
0	10	90
0	5	89
0	3	23
1	3	22
0	1	21
2	3	20
3	12	91
3	11	91
3	6	23
5	7	23
3	7	25
3	6	23
0	10	91
1	5	21
3	7	20
8	12	30
0	8	91
0	7	90
2	7	20
3	5	23
5	5	28
0	10	91
0	10	90
6	7	23
5	8	22
6	7	25
6	7	26
3	6	23
3	7	24
3	7	22
8	32	90
3	22	90
2	7	22
2	7	21
2	7	20
6	9	27
3	5	21
3	5	22
0	13	46
0	12	90
0	9	91
3	6	21
4	5	24
3	5	23
0	8	91
0	11	90
0	20	91
0	5	40
2	6	22
2	6	21
3	5	22
0	15	90
6	13	31
4	10	25
3	8	25
3	6	24
2	7	24
4	8	22
6	8	27
5	7	25
4	12	31
3	7	29
1	4	22
3	6	22
2	6	23
4	6	24
4	7	24
4	4	25
2	4	21
2	7	23
3	7	30
0	10	89
0	15	90
3	8	25
3	8	22
5	6	25
0	13	91
0	10	90
8	7	31
5	8	24
4	9	24
2	7	21
3	7	20
2	6	20
8	8	28
3	4	22
6	9	31
2	5	24
0	7	90
2	5	24
4	9	25
8	11	32
7	8	28
2	3	21
3	4	21
3	9	31
5	10	31
5	7	26
3	4	22
3	4	24
4	7	24
9	12	34
0	11	90
3	25	91
8	8	27
8	9	29
1	4	21
1	3	22
0	6	90
0	8	91
0	8	90
0	11	90
2	23	86
1	4	21
1	5	22
4	11	26
2	9	25
2	7	23
2	7	22
3	9	23
1	4	21
2	4	22
4	6	23
3	10	39
0	11	91
0	10	90
0	9	91
0	6	59
1	4	23
4	10	23
3	7	26
5	10	26
2	6	23
3	8	26
2	5	22
2	6	23
0	5	35
3	4	24
0	-1	89
2	6	21
0	12	90
0	14	91
0	12	91
0	7	90
1	3	22
2	3	20
1	16	91
1	4	20
0	12	79
3	6	24
3	6	24
0	8	91
0	17	90
1	16	90
0	8	90
4	6	25
1	3	90
0	6	91
3	6	23
3	6	23
1	6	22
1	6	22
6	7	25
3	7	23
1	4	24
9	11	36
7	7	26
5	7	24
5	9	30
1	2	21
1	2	21
0	10	91
0	11	90
4	8	31
5	8	24
1	4	23
1	10	33
2	5	23
5	7	24
0	12	91
0	12	91
1	9	82
0	11	82
3	7	21
8	13	36
4	6	26
9	12	32
4	7	28
5	9	26
5	9	25
11	19	90
1	7	91
3	6	23
2	11	91
3	11	91
0	15	82
1	11	90
5	11	30
3	5	21
3	4	20
5	8	25
4	6	25
3	7	24
3	6	23
3	6	23
3	10	25
7	12	32
5	8	24
5	8	22
2	5	22
1	7	21
5	9	26
4	9	25
3	8	23
6	8	24
5	5	24
4	9	26
4	9	25
4	8	24
0	14	90
0	6	89
5	6	23
8	13	34
7	9	27
6	10	26
2	5	20
2	6	22
2	6	21
2	36	89
3	5	23
8	10	31
0	9	91
4	8	24
2	7	26
5	8	30
5	8	27
4	8	30
0	11	91
0	8	90
3	5	21
2	3	20
4	7	22
5	10	30
3	7	22
3	6	21
7	10	28
4	9	25
6	8	26
4	7	23
5	8	24
0	9	91
0	7	90
5	6	23
6	10	25
7	13	34
7	11	32
8	11	32
5	11	30
6	10	33
1	5	20
3	7	23
4	7	23
0	2	22
7	7	31
2	5	21
2	5	21
0	25	91
3	6	24
1	20	91
2	7	22
3	8	23
4	8	25
1	4	20
1	4	21
9	10	33
8	10	28
0	6	90
0	7	90
1	3	21
1	3	21
3	8	22
1	5	23
0	6	90
0	15	89
6	7	28
7	11	26
5	8	24
0	7	90
3	4	21
0	15	91
0	9	91
0	7	90
1	15	91
1	17	91
0	18	90
0	13	90
5	8	23
3	6	21
4	5	22
3	10	26
3	6	25
0	7	90
7	10	30
2	5	23
4	8	23
6	7	24
2	6	22
3	5	21
6	6	23
6	9	27
5	10	29
5	11	25
6	11	27
5	9	24
3	7	25
3	6	24
3	6	23
3	6	22
0	7	89
0	7	91
7	11	32
4	7	25
1	5	21
5	9	25
7	8	30
8	9	34
3	7	25
3	6	22
4	9	24
4	9	23
4	7	22
4	10	24
1	6	22
4	8	25
10	11	34
0	4	21
0	4	20
9	7	29
8	12	29
3	12	29
7	12	33
1	4	21
4	11	26
1	6	22
2	5	21
3	6	23
5	7	23
1	3	22
4	5	24
10	10	33
8	10	30
2	8	24
7	11	35
3	6	25
7	13	33
3	8	24
3	8	25
3	6	23
3	6	22
10	10	34
3	3	21
1	4	22
1	4	22
0	10	91
1	9	91
5	8	26
3	7	22
4	8	22
3	8	22
0	10	91
9	9	28
5	10	27
4	8	22
4	8	21
5	7	26
0	4	91
1	11	91
6	7	31
5	-1	91
4	7	24
3	5	21
11	14	34
3	5	22
0	6	46
8	10	31
4	7	24
2	5	20
3	4	21
3	3	21
6	8	25
5	8	24
6	10	26
4	7	23
2	6	22
3	8	25
9	9	33
3	6	23
4	7	24
5	7	25
4	6	23
3	6	23
0	9	90
2	4	21
5	9	30
1	4	21
9	12	34
8	12	32
5	8	25
0	9	87
0	6	90
0	16	90
0	3	91
8	10	31
6	11	31
5	14	30
9	10	36
0	7	91
0	10	91
4	8	30
5	8	30
3	8	26
4	9	30
4	10	30
4	8	24
3	7	23
5	9	27
5	9	31
5	10	30
5	11	31
7	9	29
5	9	26
5	10	29
6	10	30
4	8	27
9	8	31
3	-1	91
5	-1	91
8	14	33
7	11	28
5	7	26
7	10	26
6	9	26
4	7	23
8	10	32
6	10	25
5	10	26
3	8	25
6	10	27
3	10	28
5	10	26
3	7	20
3	8	22
8	11	32
6	8	24
6	9	23
7	5	26
3	7	22
4	8	22
3	7	21
5	11	30
3	5	21
3	7	25
3	6	23
3	7	23
12	13	36
12	11	34
7	11	28
3	7	22
2	9	24
4	8	23
5	9	26
4	5	23
3	5	22
3	7	25
4	9	25
4	8	27
3	4	25
2	6	22
7	11	26
7	10	25
5	6	23
6	9	27
2	8	24
3	6	23
2	6	23
3	10	27
5	9	25
0	10	91
0	9	91
2	4	22
2	4	21
6	8	31
6	8	25
3	7	22
3	9	24
3	7	21
2	4	23
3	7	23
3	5	23
3	7	26
3	6	25
5	9	30
1	9	90
2	4	88
3	9	24
0	6	90
0	6	91
1	53	91
3	6	23
3	5	22
6	10	26
5	9	28
2	6	23
4	8	23
2	7	21
4	8	23
0	12	91
0	5	91
4	7	25
4	5	22
0	3	21
8	12	27
7	14	33
7	13	32
8	15	33
7	12	31
5	9	26
3	5	22
2	5	21
5	12	28
6	11	28
6	11	27
6	12	27
7	10	26
8	10	31
7	14	32
3	6	21
2	7	22
2	7	23
6	7	25
1	5	23
7	11	29
7	10	30
4	9	24
3	10	25
4	10	30
4	9	25
0	7	91
0	5	89
1	5	22
6	10	31
6	9	30
5	10	27
0	11	91
0	11	91
2	6	21
7	16	36
2	6	22
1	4	21
0	9	91
0	12	90
3	5	23
0	14	90
0	9	90
0	6	90
0	6	90
0	7	91
1	4	90
0	-1	57
0	17	91
0	8	91
0	11	90
3	24	90
0	12	90
1	13	90
5	7	22
4	9	23
0	14	90
0	12	91
4	8	24
0	3	91
3	6	23
1	2	22
5	9	24
2	5	22
8	11	32
7	11	28
2	7	22
2	6	21
2	6	20
4	7	27
2	9	23
5	6	26
5	7	24
3	5	20
2	4	21
0	11	86
0	7	91
4	9	28
3	6	22
4	8	22
7	8	33
0	12	91
0	9	91
3	6	30
4	9	24
5	8	27
3	6	22
2	7	21
3	7	21
6	5	27
9	11	32
5	12	32
2	4	20
2	5	20
4	8	30
2	3	23
7	10	27
3	5	23
6	8	26
2	7	23
2	6	24
2	7	25
1	4	21
5	11	28
4	5	24
3	3	22
2	4	23
2	3	22
0	10	91
0	7	90
6	11	31
8	15	35
1	6	22
2	8	22
2	6	21
4	9	23
5	8	23
4	6	22
2	5	22
2	5	21
5	9	28
5	9	30
5	10	31
6	11	32
6	10	28
5	10	31
7	11	32
0	2	20
1	4	22
1	3	21
2	5	21
4	7	24
2	4	21
3	8	23
5	11	32
3	5	24
3	6	25
3	6	24
0	3	23
0	2	22
2	7	21
0	6	91
0	7	91
4	9	30
0	-1	90
0	8	91
0	4	20
9	13	33
1	3	21
6	8	27
5	10	26
3	10	26
0	3	90
0	6	22
1	7	21
5	6	25
3	7	22
4	7	20
4	10	30
2	4	23
0	4	33
4	6	24
4	5	25
0	5	21
0	15	87
0	16	90
5	10	26
5	10	27
5	11	26
5	10	24
3	9	23
4	8	25
3	7	24
0	6	91
5	7	28
5	9	28
6	8	25
4	8	25
5	8	24
3	6	22
5	8	25
2	5	23
6	11	28
8	11	27
6	12	32
0	8	91
0	7	91
3	6	22
4	6	23
4	6	22
0	15	90
0	7	90
4	5	23
4	8	23
7	9	26
7	11	27
4	6	23
0	9	62
9	12	36
0	5	91
5	10	26
3	7	21
4	7	24
7	12	30
0	5	21
9	11	29
2	6	22
1	6	22
5	9	25
6	7	24
2	5	22
3	5	23
6	7	25
3	8	23
5	7	25
4	7	24
6	8	25
3	9	21
4	9	23
2	7	23
3	8	22
3	8	23
0	3	90
0	15	91
4	9	24
6	11	30
8	8	26
7	11	28
6	11	27
7	9	28
1	5	20
5	10	28
7	9	27
0	14	91
4	6	22
10	11	37
6	10	30
2	6	21
1	2	21
0	2	20
0	8	90
0	8	90
0	11	91
1	6	24
5	9	28
4	8	27
4	9	28
5	9	26
4	8	26
4	8	24
0	12	91
1	7	20
7	11	32
0	10	90
5	23	90
0	10	91
0	11	91
2	8	23
3	9	24
5	9	30
3	8	23
3	7	21
0	7	90
0	4	91
0	8	90
3	8	23
0	10	89
7	12	30
0	7	91
0	11	91
3	5	23
5	10	27
4	10	26
3	7	24
3	8	23
4	8	23
3	9	24
4	7	23
8	14	36
0	10	90
0	4	91
4	10	30
3	5	21
8	11	32
3	7	24
1	3	20
0	10	91
0	9	91
7	6	23
0	11	90
0	11	89
7	8	25
5	8	25
0	-1	91
2	5	21
2	6	22
2	5	22
5	8	26
5	10	31
6	9	31
5	8	25
4	7	25
4	7	24
0	16	90
0	20	91
3	9	21
0	13	91
0	10	91
2	6	23
5	11	24
3	7	24
3	6	23
5	10	34
5	10	30
5	11	30
4	7	23
3	5	21
3	6	22
0	11	90
0	13	91
2	7	23
4	7	25
4	6	23
5	7	23
9	10	31
5	7	25
6	5	30
6	4	33
4	5	27
3	10	30
0	12	91
0	13	91
0	9	91
2	4	21
2	9	22
3	7	22
5	6	25
4	6	26
2	15	90
0	0	91
7	8	27
8	10	30
3	6	22
4	6	24
3	6	23
3	5	23
2	7	22
5	7	23
0	3	90
0	4	90
5	8	27
5	7	24
3	6	22
7	12	30
2	4	21
0	13	91
0	12	91
3	6	22
4	6	23
4	6	24
7	10	32
1	6	20
1	4	21
4	7	24
5	8	24
3	6	22
4	8	25
4	8	25
2	6	21
8	11	28
5	7	26
0	19	91
0	19	90
2	7	23
3	6	24
2	7	21
2	6	22
3	7	23
3	6	22
2	7	24
5	8	23
5	9	32
5	6	25
5	7	23
3	6	23
3	7	21
1	14	86
0	13	86
2	3	20
0	15	91
0	8	90
4	7	24
3	6	23
8	13	34
7	10	31
0	3	21
3	5	21
5	8	24
7	11	30
3	9	25
3	8	23
5	8	23
0	3	22
4	5	24
3	7	24
4	7	24
3	7	24
3	6	21
6	13	31
1	7	22
2	5	23
3	8	21
3	8	21
2	4	22
4	8	24
0	7	91
0	7	90
6	7	22
5	7	27
4	8	22
7	9	31
4	8	23
5	9	24
3	8	23
4	8	23
3	6	23
2	6	25
2	6	23
6	26	90
1	3	23
3	4	22
0	7	91
1	20	91
0	8	90
1	3	21
8	10	31
3	6	25
3	6	24
2	6	22
3	6	22
6	6	44
4	7	23
8	12	35
8	14	29
8	10	26
7	12	27
1	8	22
6	7	27
3	5	22
2	6	22
3	7	22
4	9	24
2	4	21
3	6	23
3	9	24
6	9	25
8	10	31
4	9	31
7	10	31
5	8	27
0	5	90
0	6	88
0	10	90
1	4	23
4	7	22
2	4	21
4	7	24
3	7	22
2	6	20
3	7	21
5	8	24
2	4	22
3	6	23
5	9	23
3	8	22
4	7	24
4	4	25
4	7	23
4	7	21
1	4	21
2	4	22
9	11	38
7	9	30
3	7	25
3	7	21
4	8	21
8	5	37
7	10	25
4	9	27
1	4	22
6	9	30
2	6	21
2	6	22
2	5	21
7	9	32
1	10	91
6	9	25
1	4	20
0	2	21
7	11	28
7	11	27
7	11	30
6	11	26
1	11	91
0	9	91
4	7	22
1	5	21
2	5	22
1	2	22
3	8	23
3	8	23
3	5	24
4	6	25
3	7	25
4	5	25
4	8	24
3	6	20
7	11	30
4	8	32
3	6	23
5	9	25
3	8	23
3	9	24
1	7	90
0	15	89
0	15	91
0	14	90
0	11	91
1	8	22
2	7	21
2	6	23
6	8	24
2	5	21
0	9	90
5	5	22
2	4	21
0	4	90
0	15	91
10	15	37
10	13	35
10	13	33
8	13	33
9	12	31
9	12	33
7	12	31
10	13	33
6	10	27
6	11	32
0	12	90
0	16	91
0	11	90
0	10	91
0	7	89
0	14	90
0	12	91
0	6	90
4	5	24
7	10	28
3	5	22
6	7	26
6	6	24
6	6	23
6	8	31
0	6	21
0	19	52
2	5	21
3	6	23
3	6	24
2	6	22
3	7	22
4	8	22
0	8	91
1	7	24
1	9	23
3	8	23
3	6	21
3	6	20
1	3	21
4	8	25
5	11	25
5	9	33
5	9	24
5	8	25
1	6	22
3	9	27
4	8	27
5	7	26
3	7	25
4	8	25
5	8	27
4	6	28
4	7	26
4	6	27
3	6	25
3	5	24
4	7	24
1	5	21
1	3	73
1	4	73
1	20	90
0	14	90
2	3	20
1	2	20
2	5	20
2	6	21
4	8	22
0	14	91
0	15	90
5	9	26
3	7	22
9	10	32
10	8	30
4	6	26
3	6	25
3	6	24
2	5	23
2	5	22
4	6	25
4	7	26
4	7	24
3	6	26
3	7	23
8	11	35
4	10	27
2	5	21
8	12	34
0	6	88
0	9	91
1	7	91
0	10	91
0	4	25
1	4	22
1	4	23
1	5	24
0	3	21
0	11	91
3	7	22
2	4	20
3	5	21
4	7	22
2	6	22
1	6	21
5	9	26
7	10	28
6	7	25
5	13	35
4	10	25
2	4	21
3	5	21
4	9	22
4	8	23
3	6	22
4	7	25
1	5	22
0	15	90
10	11	40
3	7	22
0	2	21
3	5	21
5	8	25
4	6	22
4	8	26
6	6	25
0	12	91
0	10	91
0	-1	91
5	9	27
5	9	27
0	8	91
1	3	20
3	8	20
3	8	22
2	6	20
2	6	21
0	18	91
0	16	90
3	12	30
3	7	25
0	6	91
0	2	91
3	8	25
4	7	23
3	7	24
3	7	23
4	8	24
2	7	23
1	9	23
5	8	23
7	13	31
4	8	30
3	6	22
2	7	22
2	6	21
1	14	91
0	14	91
5	9	25
0	10	91
1	17	91
7	11	33
3	5	21
5	5	24
8	9	27
0	14	91
7	12	34
1	6	21
4	5	23
0	7	91
3	11	90
0	16	91
0	13	90
1	5	21
2	9	21
0	4	21
6	8	31
0	15	91
0	6	91
4	6	23
0	8	90
0	8	90
5	12	30
5	10	28
2	7	21
0	22	90
2	4	21
4	7	23
2	7	23
1	8	23
2	7	22
5	8	24
0	6	33
8	10	31
1	4	20
2	3	21
0	3	90
0	12	91
0	10	90
4	5	23
0	20	91
0	6	90
6	8	24
2	4	23
2	3	23
4	5	24
3	5	23
2	6	23
7	9	31
9	13	34
2	5	21
6	6	24
0	-1	90
2	3	22
0	14	90
7	10	26
7	12	30
0	5	68
7	9	27
0	20	90
4	7	21
3	6	22
7	8	27
0	9	91
0	4	91
5	9	25
2	4	22
8	11	27
8	11	31
0	-1	90
3	9	23
3	6	22
4	10	27
0	4	20
3	7	23
3	5	22
0	8	91
0	10	91
3	6	22
4	8	22
4	7	22
0	10	91
0	10	90
4	11	37
0	11	89
0	3	90
0	20	90
0	17	91
6	6	27
4	9	25
1	4	23
3	7	22
3	8	25
5	10	31
4	6	23
4	6	22
5	6	24
6	11	31
4	6	21
4	7	25
6	8	30
4	7	26
7	8	30
5	8	28
4	6	26
2	6	21
0	9	89
0	8	91
3	6	22
3	6	21
4	6	21
4	6	21
1	4	20
2	5	22
4	13	30
7	11	32
3	4	23
2	6	21
2	4	21
2	4	22
3	5	21
2	17	90
11	18	34
5	8	31
0	4	23
1	4	21
5	8	24
6	12	31
6	14	30
4	4	22
5	9	28
5	6	28
5	10	25
4	8	24
1	11	91
0	7	91
0	11	91
8	12	34
1	4	22
6	9	31
3	7	21
6	7	31
0	6	90
5	7	25
3	8	26
4	7	25
4	6	24
3	7	23
3	5	22
2	5	22
3	3	21
9	15	37
5	10	30
6	11	31
5	10	31
7	13	33
5	9	26
4	8	25
5	8	24
6	12	30
6	12	30
4	9	27
3	9	25
3	9	23
4	8	24
6	9	25
3	8	24
7	10	25
5	8	23
0	15	91
1	20	91
3	3	24
0	11	91
0	13	91
0	10	90
0	5	88
3	6	23
4	11	31
5	11	32
3	8	25
7	13	37
4	7	22
6	6	26
3	9	22
3	5	31
5	7	29
4	9	23
1	13	91
1	12	91
8	10	27
4	6	24
4	6	25
3	7	23
7	10	26
6	10	26
2	6	23
8	11	30
8	11	29
8	10	28
2	4	21
7	10	28
5	6	23
9	9	33
6	11	25
3	7	23
4	8	26
4	9	30
3	7	25
4	7	28
4	8	25
5	8	27
5	28	91
3	7	22
3	5	22
0	4	23
0	3	24
1	5	21
1	3	24
0	5	22
1	5	21
1	6	25
4	9	32
1	3	21
1	33	90
4	5	23
4	5	23
1	10	78
0	4	22
0	3	22
0	5	20
9	10	34
4	4	21
9	11	31
2	6	21
3	6	20
0	-1	91
0	-1	91
0	11	91
0	8	91
0	7	90
0	11	90
1	4	20
7	7	30
0	4	91
1	14	91
8	18	90
0	25	90
0	11	90
1	3	20
0	2	21
4	8	20
11	10	36
0	7	91
0	12	91
3	6	21
10	14	34
9	12	34
6	7	26
2	5	21
3	6	22
5	8	26
0	4	89
0	6	91
4	8	24
0	7	91
0	5	91
8	13	31
6	9	30
6	9	28
5	9	27
7	9	30
6	9	26
2	7	21
3	8	22
5	8	27
4	7	23
4	7	24
3	6	23
3	8	25
4	7	23
4	8	23
2	6	25
7	7	24
5	7	22
4	7	24
0	15	90
7	9	31
4	6	24
4	9	22
6	8	23
6	9	24
9	13	32
6	9	26
2	8	24
2	7	23
2	6	22
2	6	21
3	8	24
3	9	24
6	9	27
2	6	22
0	13	90
2	5	25
4	8	25
7	13	31
0	12	79
0	8	90
1	10	90
2	6	20
7	12	32
5	9	30
5	7	25
6	9	28
0	6	90
0	14	91
4	5	23
5	9	32
9	9	31
3	6	23
4	6	23
3	7	27
4	8	23
7	10	27
8	8	28
8	11	32
4	7	21
2	5	21
0	11	91
2	4	21
3	6	20
2	6	22
2	5	21
4	5	23
2	5	22
6	11	26
0	8	91
6	13	31
2	8	21
9	11	32
8	7	29
8	7	27
8	13	32
7	12	31
2	6	22
0	5	90
6	9	29
3	4	20
4	10	91
3	4	22
2	5	22
1	3	22
1	3	21
6	11	26
2	7	21
0	7	90
7	7	24
5	8	24
6	8	25
6	9	26
0	3	20
0	17	91
0	5	90
0	7	90
5	7	24
2	5	21
2	4	23
5	9	30
6	8	24
0	7	79
0	8	79
1	4	21
4	6	24
6	6	31
2	7	21
2	6	21
2	10	24
3	8	22
0	8	89
0	11	69
4	6	22
4	7	23
3	7	22
5	6	25
0	11	90
0	10	91
7	12	30
4	9	22
5	9	30
4	7	25
3	6	23
1	12	91
1	8	91
0	3	91
0	10	90
0	15	89
7	9	30
6	9	24
4	6	23
4	8	26
3	7	24
4	7	25
4	7	26
3	7	24
4	7	26
4	7	31
3	10	27
3	6	23
5	9	25
4	7	24
5	8	26
0	3	21
4	8	24
6	9	30
0	16	91
2	6	22
0	9	91
0	16	91
0	7	90
0	5	91
3	7	24
5	7	24
3	6	23
10	9	32
9	9	32
8	11	32
2	5	23
3	6	24
1	6	20
7	8	28
4	6	28
6	11	31
5	12	29
4	9	24
5	10	25
8	10	27
2	7	22
3	6	22
5	11	31
8	13	33
6	10	31
4	9	26
4	8	25
5	9	26
7	12	31
7	12	32
5	11	27
4	6	25
2	5	21
2	5	20
3	5	23
2	5	23
0	13	91
2	6	24
1	4	23
1	3	23
4	5	31
0	4	26
3	5	31
0	2	24
0	4	23
0	3	24
2	4	30
1	3	23
1	2	21
1	3	20
1	6	22
0	23	89
7	11	31
4	10	31
6	9	30
6	8	25
3	7	25
3	6	23
1	6	20
2	7	21
4	7	22
4	9	23
13	23	52
3	7	22
1	5	20
0	5	20
5	9	27
3	8	26
2	6	22
1	6	21
1	6	22
3	6	21
2	10	24
2	4	22
2	4	21
4	6	24
3	8	22
3	7	23
0	2	20
1	3	20
6	10	30
5	8	23
0	7	91
0	13	91
0	6	91
0	18	91
1	7	22
0	19	91
0	19	90
7	8	28
9	12	35
8	11	31
6	9	26
3	10	23
4	9	30
8	7	31
1	17	90
0	14	91
6	9	26
4	9	24
2	7	21
1	6	22
0	10	89
0	8	88
2	5	20
4	8	26
7	9	25
3	6	24
0	13	90
0	15	91
0	8	91
1	16	89
0	6	59
3	6	22
3	6	21
3	5	23
2	4	22
3	5	24
4	7	25
2	5	22
1	6	23
3	5	22
0	4	23
5	10	30
2	6	21
4	8	24
5	10	26
5	9	25
5	10	25
3	9	25
8	16	34
8	14	32
3	5	22
5	6	26
9	15	38
8	9	30
1	4	20
1	4	21
5	7	25
8	9	26
5	5	26
5	7	24
5	8	25
7	7	25
5	6	27
0	12	91
3	6	25
2	5	21
2	4	21
6	8	24
4	9	24
3	7	23
6	12	30
3	8	23
4	7	26
2	6	22
2	6	22
7	13	30
0	4	87
0	7	90
4	7	21
2	6	22
0	9	91
4	5	24
7	9	34
5	7	32
2	5	21
2	7	22
6	8	24
5	8	24
2	3	22
2	4	22
3	5	22
5	9	30
6	6	25
6	6	23
9	12	35
10	11	36
6	9	28
6	8	25
6	6	30
5	9	28
2	5	20
3	10	23
6	7	24
4	6	23
4	7	24
4	8	23
4	6	22
4	8	21
0	8	90
0	7	90
3	7	23
4	11	27
2	5	21
4	10	32
3	8	21
6	11	29
2	9	24
3	10	24
2	9	24
2	5	26
1	2	23
1	2	22
0	2	21
0	3	20
2	5	20
7	12	26
3	7	23
1	6	21
5	11	32
3	8	22
2	7	21
10	11	30
4	7	23
5	9	26
3	6	22
7	13	33
8	12	31
11	11	35
3	5	21
7	11	27
1	3	21
9	9	35
7	11	30
3	8	22
0	7	90
4	6	25
5	9	23
2	4	23
7	11	28
8	8	33
7	8	31
8	12	34
6	10	30
4	11	30
7	8	26
9	11	31
3	6	22
0	10	91
0	8	85
5	7	22
3	9	22
7	8	25
7	8	26
6	7	24
0	18	90
8	14	31
5	13	29
8	14	35
7	12	33
5	10	32
3	7	23
2	6	22
3	8	24
5	9	22
7	8	24
3	7	23
3	4	23
5	10	25
6	6	27
4	7	24
6	8	26
7	8	27
7	8	28
0	17	90
3	6	23
1	6	21
6	8	24
7	8	24
2	8	23
2	8	23
0	6	91
0	8	90
4	7	25
9	14	33
9	15	34
8	14	33
8	14	35
7	13	32
7	11	30
7	10	31
6	12	34
5	38	91
3	9	26
9	13	30
5	10	25
6	9	24
6	10	26
6	10	26
8	11	31
6	7	25
4	9	26
5	9	24
3	5	23
12	19	41
9	16	35
6	11	28
7	10	27
7	9	26
2	6	22
4	7	24
6	11	31
2	5	22
1	3	20
6	7	26
5	10	27
5	11	28
7	9	26
7	11	27
1	6	23
3	7	24
0	7	91
0	8	91
3	7	21
3	5	22
6	9	28
7	10	27
6	9	26
1	6	20
2	5	21
4	7	22
4	7	23
3	6	20
6	12	29
3	6	27
8	13	31
8	8	30
5	9	25
4	7	24
4	6	23
4	7	23
4	6	21
4	7	22
0	15	91
4	6	21
3	5	20
5	10	27
3	9	23
5	8	23
8	9	31
5	8	24
7	9	25
2	6	20
7	11	30
3	5	23
3	7	23
10	11	35
7	7	27
5	5	23
2	11	32
4	7	25
7	12	32
0	8	91
10	11	29
8	10	28
5	5	24
8	13	33
3	9	25
7	9	26
7	10	31
8	9	30
0	37	89
5	-1	91
2	4	23
3	6	22
4	7	23
3	7	22
8	9	28
9	9	28
4	5	30
6	8	27
7	6	23
8	10	32
9	9	31
8	9	30
8	8	27
3	6	23
0	4	26
3	7	24
3	6	23
3	6	22
6	7	26
5	8	31
7	8	32
6	10	34
5	9	33
3	6	24
3	4	23
3	6	25
3	4	22
4	6	26
4	8	26
5	7	32
6	9	34
7	10	36
6	9	30
7	9	36
6	10	36
7	10	33
8	10	33
4	6	27
4	6	26
7	8	35
4	5	28
5	5	25
4	5	25
5	6	29
6	7	31
7	11	34
6	8	34
6	10	36
6	7	26
4	6	23
3	6	23
1	7	21
4	8	24
3	9	23
2	10	23
5	9	24
4	8	23
4	7	22
3	7	22
6	5	24
1	12	90
2	8	23
3	5	22
3	7	21
4	5	23
2	6	22
3	7	21
3	7	22
3	6	21
7	5	32
5	8	25
3	7	22
0	3	91
5	9	25
2	13	90
1	12	90
6	13	31
3	6	24
3	6	21
7	9	28
8	8	25
6	8	28
7	10	27
7	8	26
7	17	34
7	15	32
5	10	27
2	7	22
2	6	21
3	5	20
4	9	25
6	9	30
5	7	23
4	10	24
2	4	22
5	7	25
3	5	23
6	8	26
6	9	26
2	4	21
5	9	27
9	8	34
4	7	25
5	9	25
3	4	23
9	13	33
8	12	32
4	8	22
6	9	28
4	8	24
10	12	36
10	12	31
4	9	25
2	6	22
2	6	21
3	6	24
2	4	24
2	5	23
5	10	24
4	9	23
8	11	30
4	12	32
4	10	26
6	9	25
6	8	26
2	7	20
6	11	29
3	5	20
4	8	23
4	7	22
2	5	22
0	9	91
0	12	91
4	8	22
5	8	22
4	10	23
3	9	23
5	7	31
2	9	21
6	8	25
6	9	30
0	4	22
5	10	27
6	10	30
4	9	27
4	8	27
4	10	26
4	8	25
1	7	22
4	6	23
4	6	23
6	13	30
5	11	26
4	10	32
3	11	25
2	12	32
0	14	90
3	7	20
3	6	22
8	10	29
4	8	23
4	8	22
4	9	25
3	9	23
5	8	22
4	8	22
4	8	23
8	10	34
7	9	24
3	6	21
7	12	30
7	8	25
5	11	27
1	4	21
3	6	23
4	8	26
6	9	31
6	10	29
2	4	21
5	9	25
0	4	22
1	4	21
4	6	22
3	8	22
2	7	22
4	8	26
5	9	24
5	8	23
12	17	41
3	7	23
1	13	90
1	13	91
0	11	90
0	12	91
4	7	23
4	6	23
7	9	32
8	10	33
10	12	39
7	9	33
7	8	30
9	10	34
8	10	37
7	8	28
8	10	34
11	13	37
9	10	33
12	13	43
10	11	37
10	11	32
12	14	39
10	11	34
11	12	35
9	12	35
12	12	38
10	11	35
3	6	23
3	5	22
2	9	25
3	6	23
3	7	23
3	7	24
2	8	22
2	8	24
2	5	21
3	6	22
4	8	21
5	7	24
10	12	34
6	12	30
3	10	23
3	6	23
6	11	31
6	8	29
6	8	28
5	9	25
5	9	24
3	8	23
8	12	30
4	9	22
0	-1	90
0	12	89
1	4	21
1	4	20
3	7	21
3	5	21
1	6	22
7	8	28
4	9	25
2	7	20
3	7	22
4	8	21
0	9	90
0	12	91
5	9	23
2	6	21
9	14	34
9	12	30
5	13	33
0	7	90
0	10	90
1	5	22
3	5	21
5	8	30
3	7	25
0	-1	91
1	6	22
3	9	27
3	10	26
3	13	30
5	11	26
5	10	25
4	10	24
4	10	23
5	14	30
9	10	31
8	11	32
7	10	28
0	12	90
3	7	21
2	5	21
3	5	23
3	5	21
7	8	27
3	6	22
1	4	30
8	14	32
5	7	25
6	8	27
8	8	26
5	8	25
6	11	27
2	8	22
0	10	90
7	12	29
10	13	30
5	9	25
2	6	22
4	6	22
5	10	26
5	9	24
1	8	23
5	10	27
4	10	26
3	9	27
8	34	91
3	7	21
5	9	25
6	8	30
7	10	26
6	40	91
6	10	27
2	7	21
3	6	20
4	7	23
6	9	27
3	8	24
4	9	27
3	7	23
3	9	25
4	7	25
3	6	21
3	7	23
4	10	25
8	12	30
3	9	25
2	7	23
5	8	26
2	4	22
3	10	22
6	9	25
0	11	90
0	7	90
4	10	31
6	6	25
5	7	24
6	8	29
2	7	23
3	8	25
4	9	25
2	6	24
3	5	23
3	6	20
6	6	25
8	9	26
2	6	21
3	6	22
3	7	23
3	6	22
3	6	21
1	33	91
7	37	90
5	5	27
2	6	22
4	8	25
4	6	21
3	6	23
3	5	21
2	4	24
2	4	21
2	4	22
5	6	24
5	8	24
0	12	91
0	12	91
9	13	33
5	10	32
0	6	22
3	7	23
10	12	33
6	10	30
7	8	26
0	8	91
0	14	91
3	7	21
3	7	20
3	6	25
9	11	30
4	7	23
9	9	27
4	7	22
2	6	22
9	9	31
0	12	90
0	15	91
3	10	25
4	7	24
3	11	25
4	9	23
3	7	24
1	7	91
0	6	90
7	11	25
7	9	34
4	8	33
6	7	31
6	7	26
4	7	25
6	7	27
6	7	30
5	7	28
1	6	21
3	9	24
3	8	24
2	9	22
3	15	90
8	14	30
0	9	90
2	6	21
10	15	33
3	6	22
2	6	20
3	6	21
3	4	23
2	5	22
0	3	91
0	1	91
2	6	21
2	7	20
2	7	25
4	7	23
9	10	31
6	7	24
7	11	35
7	11	29
7	11	31
0	10	63
4	7	23
3	6	23
7	10	30
4	7	28
4	7	22
0	2	22
3	7	22
2	6	22
2	7	23
0	10	90
0	9	90
2	6	23
5	7	24
5	8	25
1	6	20
1	5	91
0	15	90
2	4	24
7	12	30
4	6	24
4	7	23
1	4	21
5	12	30
3	7	22
3	6	23
4	7	24
5	8	25
7	9	27
7	9	30
3	8	21
4	6	21
5	8	23
0	2	21
7	10	30
6	11	30
5	10	25
3	7	21
7	8	24
5	5	23
2	5	21
7	15	30
9	12	29
0	8	90
0	9	91
2	9	21
5	7	25
2	6	22
1	5	20
3	6	23
4	9	22
3	7	23
6	9	26
5	7	26
7	10	30
5	9	24
6	10	26
4	8	24
3	6	22
6	9	25
0	11	90
0	13	90
1	6	91
0	7	90
0	10	60
0	10	60
0	8	90
0	12	91
2	5	21
6	10	31
3	7	22
8	8	28
6	12	31
4	10	25
1	8	87
0	9	89
6	8	31
2	6	22
4	10	25
1	7	23
0	-1	90
0	-1	90
0	31	90
0	32	90
0	0	21
0	1	21
3	8	23
1	10	23
4	9	23
3	6	24
4	7	24
4	9	27
4	8	25
4	6	24
4	8	25
8	8	31
7	9	26
1	5	21
6	8	26
4	6	25
4	6	23
3	5	21
4	6	25
4	6	25
5	7	30
4	6	24
4	4	21
4	5	22
4	5	23
1	5	21
1	12	91
7	13	37
3	5	22
2	6	22
5	8	22
8	13	30
9	8	30
5	5	24
4	9	25
1	5	22
2	5	22
5	8	26
5	8	26
10	12	31
2	4	21
5	9	24
4	9	25
5	8	24
7	8	26
0	7	90
2	6	21
2	6	22
3	6	22
6	8	22
0	10	90
0	12	91
2	5	22
3	6	22
5	8	24
3	5	22
7	9	28
7	11	30
7	9	27
5	8	24
7	10	31
5	8	24
7	10	31
1	7	22
3	7	22
3	7	22
8	13	31
4	7	25
9	11	27
8	11	30
3	5	24
3	9	22
5	6	24
5	7	23
6	9	31
5	9	26
6	11	31
6	9	26
3	8	23
10	13	36
6	11	26
6	10	24
0	10	91
0	8	91
4	7	22
4	6	23
7	10	25
1	7	21
2	6	22
1	3	21
4	8	26
3	8	23
1	20	91
5	8	25
6	8	28
3	6	22
5	8	25
2	7	21
2	6	21
2	7	22
5	8	25
5	7	24
5	7	23
7	9	32
5	10	31
0	4	21
1	3	21
0	4	21
7	9	26
3	6	24
0	3	20
1	3	22
2	4	22
2	5	23
4	7	22
4	6	23
4	6	21
4	8	24
4	7	23
4	7	26
4	7	25
5	7	25
4	8	23
7	10	26
3	7	20
3	6	25
9	11	33
9	10	30
5	10	27
0	7	91
3	5	20
2	6	21
5	10	30
0	7	90
0	10	91
3	9	23
3	7	22
5	7	23
4	7	28
2	4	22
3	6	21
2	9	25
3	8	24
2	7	21
9	11	30
3	8	24
3	7	22
4	8	24
4	8	25
2	7	24
4	7	25
4	8	24
4	9	32
2	7	25
3	7	25
0	3	21
2	6	23
4	8	25
3	10	24
4	8	24
4	7	26
4	7	25
5	8	26
5	7	25
5	8	26
4	9	29
4	7	26
4	9	26
5	9	31
4	14	33
4	8	25
4	9	25
5	9	25
5	10	26
3	12	25
4	10	24
3	7	23
5	9	24
4	11	27
2	9	25
3	9	23
2	6	20
7	11	32
2	6	23
1	3	20
4	8	24
3	5	21
2	7	22
5	7	24
0	17	90
2	11	24
3	8	21
8	12	30
3	8	22
4	8	23
3	7	21
3	9	22
3	7	20
9	9	31
5	7	27
8	12	31
0	11	91
0	10	91
2	6	22
4	9	24
0	-1	90
7	15	34
8	13	32
2	5	21
3	6	24
5	9	25
8	11	31
7	8	25
4	7	24
3	7	23
2	6	22
7	12	32
5	7	25
4	6	21
3	5	21
3	4	20
10	10	29
5	10	24
3	6	22
2	8	22
2	7	20
0	16	91
0	11	91
3	4	22
6	10	33
0	10	70
0	8	90
3	4	25
0	7	91
0	10	91
6	8	24
4	4	22
9	11	32
4	9	26
5	9	26
4	9	25
5	10	28
4	6	23
0	11	90
6	9	30
7	13	38
4	3	23
1	15	78
1	14	78
3	5	24
1	3	21
2	5	21
2	5	22
4	13	30
7	9	24
6	11	30
7	11	26
0	15	90
1	5	25
2	5	22
4	8	25
2	9	24
3	5	22
3	3	22
1	6	20
2	4	20
3	8	24
3	7	23
4	10	24
3	7	23
4	6	25
5	8	25
4	7	21
1	12	90
0	11	91
5	8	23
2	7	22
7	7	31
8	8	31
8	9	33
4	7	24
8	9	32
10	14	35
11	13	36
10	12	31
1	7	23
1	14	91
0	11	83
1	4	21
3	6	21
1	11	25
1	9	24
6	11	31
4	7	24
6	9	32
3	5	25
9	12	31
10	16	36
11	18	40
12	16	38
11	18	39
11	16	39
6	10	28
8	11	34
5	10	28
6	10	31
7	10	32
5	9	27
24	34	79
1	5	21
5	6	33
5	3	24
3	7	30
6	8	31
5	7	30
6	6	27
3	6	24
2	7	23
4	7	22
4	5	22
3	13	91
0	2	30
7	10	24
9	14	33
5	6	24
3	5	23
3	5	22
3	5	22
7	9	26
5	8	25
5	9	25
5	7	24
0	7	90
7	9	26
2	6	22
7	12	29
2	38	85
0	15	91
0	8	90
3	8	24
2	5	22
4	8	23
3	5	22
0	3	22
9	10	27
8	13	29
5	6	25
0	8	91
0	11	90
2	7	24
9	10	27
0	20	90
7	8	27
1	3	23
9	10	30
7	9	28
6	10	25
2	6	22
2	6	23
5	8	25
6	9	24
0	13	91
1	6	20
6	10	26
7	13	32
2	3	20
2	7	22
2	6	20
9	9	30
8	11	32
1	7	20
1	34	90
0	10	91
3	5	22
5	8	28
0	12	91
0	11	90
1	5	22
5	6	24
9	12	30
4	6	22
6	10	31
8	13	32
8	9	28
6	7	23
2	4	20
5	9	23
5	8	22
1	5	20
3	10	24
3	10	23
3	7	22
4	6	22
5	9	25
0	11	91
5	5	24
7	11	28
2	3	23
3	7	22
9	9	35
7	11	25
6	9	30
9	13	33
6	12	27
2	4	21
5	8	26
4	7	24
5	7	26
0	12	91
0	8	90
10	13	36
3	6	20
3	6	22
4	6	23
4	7	23
3	7	22
3	8	21
8	11	33
9	12	33
9	12	29
7	10	28
3	8	23
8	10	31
8	14	34
6	9	31
0	8	70
4	8	26
4	10	24
6	12	32
5	8	25
6	8	24
1	5	20
7	6	26
9	10	31
4	7	23
2	6	22
4	8	23
2	7	22
3	7	23
2	6	22
0	3	21
0	3	20
4	5	23
6	8	31
7	10	26
3	5	21
3	16	32
5	11	23
1	5	20
9	12	29
8	9	26
3	7	22
6	9	25
4	8	22
2	8	22
3	6	21
1	5	20
4	4	24
8	15	35
4	7	25
7	11	30
1	6	22
3	6	23
0	16	91
1	4	22
6	10	26
3	7	24
2	8	21
0	10	90
2	6	22
2	7	23
1	3	21
7	9	27
8	10	27
7	9	25
0	10	91
6	9	27
8	14	34
0	13	91
0	5	90
6	12	33
6	12	33
3	7	25
2	6	20
11	13	34
4	6	22
3	8	23
2	6	21
4	8	24
4	8	23
3	7	21
4	7	24
5	13	30
5	10	28
5	10	26
4	11	25
5	10	30
5	13	31
6	13	32
5	11	27
5	12	31
5	13	33
3	8	25
5	11	26
3	8	23
3	9	24
2	8	23
11	12	30
4	6	21
5	7	22
3	6	23
3	6	23
5	7	21
7	12	31
7	13	31
3	5	23
4	7	23
4	7	22
6	7	27
3	8	23
7	12	31
7	12	30
1	5	23
2	10	25
3	9	24
3	8	22
3	4	24
3	8	24
3	6	30
10	14	37
10	16	38
10	12	37
9	11	34
4	8	23
11	13	36
7	10	24
7	11	30
3	7	21
5	7	23
5	8	25
5	9	25
5	9	24
2	6	21
3	6	22
3	7	24
8	11	27
6	11	26
6	10	26
6	10	31
4	7	25
6	9	27
5	10	26
0	17	91
2	8	24
3	7	23
3	8	22
4	7	22
8	14	33
5	12	25
0	13	90
0	13	91
3	7	21
3	8	22
2	7	20
4	10	25
1	5	22
4	6	24
0	13	91
4	7	20
2	7	23
5	9	24
5	11	25
7	11	27
4	6	24
2	5	22
4	8	22
5	7	22
0	5	20
0	3	21
10	14	30
0	35	91
3	5	22
3	6	22
2	5	21
4	8	28
4	6	22
3	6	22
0	13	91
0	13	91
8	13	33
4	7	25
8	14	33
9	9	31
7	9	30
6	11	28
6	10	27
8	12	28
6	9	26
6	12	26
1	7	21
7	13	34
5	10	26
3	5	22
3	4	21
1	8	22
0	14	91
0	12	90
4	6	24
5	4	24
2	7	25
3	9	25
4	8	23
3	7	21
0	11	90
0	8	90
4	9	26
10	13	38
4	10	25
3	17	91
3	18	89
6	10	26
6	7	26
1	7	20
7	10	24
3	4	23
3	6	24
0	11	91
0	9	91
7	10	26
5	8	24
10	13	35
1	5	22
6	10	27
14	16	45
12	15	39
12	13	37
5	11	26
2	7	20
5	10	28
9	13	33
5	5	25
3	7	24
2	5	21
2	7	22
1	7	22
8	13	30
6	13	32
4	9	31
4	9	24
7	15	89
1	8	91
1	8	91
6	9	23
3	10	25
1	11	91
4	9	25
0	6	91
0	9	87
6	11	26
1	6	20
1	6	21
6	7	25
4	8	23
5	8	22
5	10	35
8	11	30
2	4	20
5	7	24
4	8	25
0	8	91
3	5	22
1	6	22
9	13	30
1	5	22
6	12	30
5	9	27
6	12	31
6	9	24
2	8	23
5	41	91
7	11	30
7	15	36
8	14	31
6	15	32
5	12	27
5	11	25
0	14	91
4	6	21
6	7	30
5	11	25
3	9	26
3	7	23
3	7	24
2	6	22
2	6	21
3	6	23
3	7	23
4	8	25
3	7	23
4	8	24
2	9	25
2	10	26
0	4	22
3	7	24
2	7	22
0	9	90
5	9	24
6	9	27
6	8	25
5	11	31
0	13	91
0	6	90
3	6	25
4	6	23
2	7	20
3	7	20
2	6	22
1	6	22
0	8	91
1	3	24
3	8	25
4	10	24
2	4	22
1	3	20
0	9	90
0	9	91
0	13	90
5	9	26
0	13	90
0	4	89
0	4	89
8	10	30
3	8	25
4	8	21
4	7	23
6	12	36
4	9	25
5	7	24
0	4	22
3	7	22
3	7	21
4	8	26
3	6	24
7	10	31
3	5	21
5	8	30
3	6	25
3	5	22
2	5	20
3	7	22
2	6	23
4	9	26
4	9	23
0	4	91
0	6	90
7	5	32
3	6	24
4	6	22
5	8	28
0	6	91
0	19	90
0	24	90
6	11	31
0	8	90
0	3	21
0	7	30
0	6	90
3	6	22
4	7	23
3	7	23
3	6	26
4	5	26
6	7	30
4	7	25
4	7	27
0	11	91
1	3	23
2	5	21
2	5	21
0	16	90
0	10	91
6	8	30
6	11	25
2	4	22
5	7	22
2	5	22
3	8	24
2	6	21
2	6	22
4	9	25
3	7	25
4	8	25
5	9	27
8	10	28
2	4	21
4	7	24
8	10	28
5	10	29
3	6	24
3	8	25
4	8	25
3	10	26
2	8	25
6	12	30
4	7	24
0	26	90
2	4	24
3	5	23
3	5	23
3	5	23
3	5	22
0	8	91
0	16	91
0	8	91
0	5	90
0	9	90
1	3	22
9	13	35
2	7	26
5	8	25
0	8	88
0	15	91
2	10	22
2	3	22
4	7	25
10	15	34
7	11	32
4	6	21
4	8	31
3	6	21
3	8	25
4	9	24
4	7	25
2	3	22
8	8	27
7	6	30
3	7	25
2	4	22
1	4	23
0	17	91
0	16	91
2	3	23
6	9	23
2	5	22
2	7	25
3	4	23
3	4	22
5	6	23
5	8	24
5	8	23
3	6	23
3	6	22
3	6	21
0	3	23
3	8	23
4	7	25
2	6	22
0	17	91
1	6	22
2	5	22
6	9	32
16	17	40
3	6	24
0	3	21
8	8	33
3	6	26
3	5	22
1	4	21
7	11	28
7	10	27
0	6	23
4	6	22
5	8	30
0	9	91
0	10	91
0	12	91
0	8	91
0	9	91
0	6	91
2	6	22
6	7	25
8	8	31
6	11	27
3	5	22
3	8	22
1	3	22
3	5	21
3	6	23
0	10	91
0	11	91
2	4	22
3	4	22
8	-1	91
9	14	35
9	12	34
8	10	30
6	9	32
7	11	33
7	12	32
5	10	27
9	12	34
9	12	34
0	12	91
3	6	21
2	7	22
3	7	21
3	7	24
2	7	23
2	6	22
8	9	27
3	6	22
2	5	23
0	12	89
0	10	90
7	7	23
5	8	30
4	9	25
0	7	90
2	5	20
7	6	26
4	8	25
2	6	22
5	9	23
3	7	20
5	8	25
3	7	23
6	9	27
10	13	35
2	5	21
11	14	36
5	6	21
7	12	30
6	10	30
4	5	23
7	7	25
4	8	26
2	7	21
3	7	22
3	8	23
4	8	23
2	6	20
4	10	32
2	3	23
3	7	24
2	7	23
3	5	23
2	6	23
5	11	30
0	21	90
0	4	20
9	13	33
8	11	32
4	7	24
3	6	24
5	9	25
6	10	30
0	14	91
6	11	28
15	19	91
5	11	25
6	11	29
4	8	24
4	9	25
3	5	21
2	6	24
4	10	26
3	7	24
4	8	23
3	8	30
8	8	30
2	5	21
6	7	24
6	7	28
1	6	22
3	6	24
4	9	22
7	9	31
3	10	22
5	7	30
5	6	23
4	6	26
4	6	24
2	7	90
8	11	32
7	9	29
5	4	24
5	8	23
0	3	39
8	15	34
9	14	35
8	14	31
10	16	36
8	14	33
9	12	28
1	7	22
6	9	30
1	2	22
1	7	20
2	7	22
9	14	33
3	4	24
0	3	91
2	4	22
3	6	24
9	30	90
4	7	24
2	7	21
4	11	27
11	10	33
0	19	91
0	13	91
0	14	79
0	14	79
10	16	33
11	14	33
10	11	30
10	11	31
9	11	31
7	11	32
8	11	28
8	11	27
0	5	91
0	-1	91
2	6	22
4	9	25
3	3	23
4	4	23
2	6	22
0	6	90
0	3	91
2	7	23
1	6	24
3	5	26
4	8	22
1	12	90
0	14	91
0	13	89
6	9	24
5	8	29
6	9	26
3	8	26
5	8	26
6	7	26
4	7	25
6	7	25
4	6	23
4	7	23
3	7	22
3	10	23
3	9	23
3	9	22
3	7	22
3	9	25
0	7	29
7	6	32
2	5	23
0	3	22
1	5	21
0	5	20
10	12	34
6	9	25
2	7	21
5	6	24
4	6	23
9	10	28
6	10	26
3	5	22
4	9	25
8	10	26
9	14	34
3	5	21
3	7	21
5	9	30
2	5	21
2	6	23
2	5	20
2	6	22
9	14	32
2	6	22
2	3	21
3	6	21
2	6	22
2	6	20
5	7	24
3	6	23
3	5	22
1	6	22
0	8	91
3	6	24
3	7	24
3	6	25
3	8	25
4	8	31
4	7	27
4	8	25
4	9	27
3	5	23
3	7	22
0	11	91
0	22	91
6	13	32
1	14	91
0	9	91
5	11	25
0	12	90
0	10	91
3	6	21
8	29	91
0	8	91
0	6	91
2	4	23
1	6	21
2	10	90
1	4	90
0	8	90
0	3	91
8	8	28
3	8	24
8	11	31
2	5	22
3	11	24
4	7	27
0	10	90
2	6	20
7	11	32
9	11	33
8	9	30
6	7	25
10	14	91
0	8	91
0	5	91
2	42	90
9	15	37
6	9	30
6	10	28
6	9	33
2	5	20
8	13	29
0	3	91
1	9	91
0	12	91
2	6	21
2	9	22
4	5	24
2	5	22
5	7	24
0	16	90
0	20	90
0	20	90
3	9	25
3	8	24
2	7	22
3	8	23
5	13	30
3	12	26
4	8	25
4	7	23
7	11	27
0	5	90
0	10	91
5	10	26
5	9	24
6	11	28
5	7	23
2	6	24
1	7	20
8	11	28
4	8	24
0	9	91
0	9	90
3	7	22
3	7	22
9	14	35
1	15	91
1	4	21
1	3	20
3	8	22
0	10	89
8	10	32
6	9	29
7	10	28
4	7	23
2	8	24
0	11	89
0	11	89
4	5	22
4	9	24
4	9	23
5	11	28
4	9	24
3	6	24
10	11	33
3	8	25
4	10	25
1	3	22
4	7	22
2	8	23
5	13	34
3	8	22
2	5	21
0	5	65
1	6	20
10	15	36
3	9	24
4	10	24
4	-1	91
2	6	21
1	4	20
0	9	91
0	9	90
3	8	23
5	9	26
7	10	25
7	8	33
11	12	37
9	12	32
9	12	33
2	3	21
2	5	20
2	4	20
4	8	23
2	5	22
2	6	22
6	10	30
5	7	23
8	11	29
7	12	28
7	12	31
7	10	28
3	7	23
1	8	23
6	12	30
5	9	26
4	8	23
5	10	27
4	8	23
5	11	27
4	9	25
4	12	26
4	10	25
4	10	25
3	8	25
0	6	91
0	7	91
1	15	90
3	6	22
0	2	23
7	11	31
7	9	27
8	11	28
6	9	27
7	10	28
5	8	26
5	8	26
5	8	24
6	16	34
5	10	32
5	9	30
6	11	36
6	11	31
6	9	29
4	9	28
5	11	33
5	7	28
3	8	26
5	7	25
2	7	22
2	5	23
2	6	23
2	7	24
1	3	22
1	6	20
3	4	21
0	13	90
0	8	91
0	3	39
7	8	24
7	9	30
2	4	21
4	6	23
4	5	22
4	5	23
3	6	22
4	6	22
3	4	22
1	5	20
0	17	90
5	11	30
7	10	26
2	4	23
1	5	22
3	8	25
2	5	23
2	3	21
8	12	30
9	11	34
1	5	23
7	7	27
6	8	26
6	10	29
5	7	23
3	8	24
7	12	31
0	4	20
4	9	22
3	6	24
7	10	30
2	7	23
9	10	29
3	7	26
1	5	21
0	13	91
0	10	90
8	15	34
8	12	32
7	9	27
6	9	26
6	8	24
6	10	30
5	9	24
2	8	21
5	7	25
1	4	22
5	12	34
3	7	22
2	7	22
0	15	91
2	7	22
6	10	27
5	7	24
3	7	20
3	6	22
3	7	23
4	8	24
2	7	21
3	5	21
1	6	23
3	8	22
8	11	32
7	13	27
1	4	21
6	10	32
3	7	90
7	10	30
7	9	25
2	3	20
3	7	23
5	9	26
2	7	22
0	10	91
0	8	90
0	9	90
0	11	91
0	12	91
6	9	31
8	13	29
2	6	20
5	10	31
5	9	25
1	5	20
4	9	24
3	10	26
3	9	27
2	7	23
2	7	22
3	8	24
3	8	24
7	10	32
0	12	90
4	9	25
3	9	22
2	7	22
1	6	21
2	8	24
9	13	27
7	12	25
4	7	24
0	12	90
0	10	91
3	8	25
3	6	20
3	8	23
6	10	31
1	3	20
8	11	32
3	9	22
4	7	22
5	7	26
5	7	25
7	9	27
9	10	31
10	11	32
10	10	31
8	10	30
2	7	23
4	5	21
2	6	24
2	6	22
2	5	21
2	3	22
10	11	32
3	6	23
7	9	30
2	5	22
8	12	27
2	6	21
5	7	24
6	10	26
6	10	24
0	7	90
5	23	91
4	7	24
8	13	31
8	13	30
8	13	32
3	8	24
3	6	23
6	10	26
0	9	91
1	13	90
0	2	21
5	10	26
5	10	24
2	23	90
3	7	23
2	6	20
3	7	22
4	7	23
3	7	22
4	8	22
10	14	35
4	6	20
5	11	25
2	7	22
5	11	31
3	8	23
8	10	27
8	9	24
5	8	24
3	8	23
5	7	25
0	3	21
2	6	22
6	10	31
1	7	23
5	7	21
2	5	23
2	5	22
1	6	23
4	7	22
4	8	23
5	10	25
3	9	26
3	7	26
3	8	21
3	8	23
2	7	23
4	6	23
3	8	24
1	4	21
6	10	30
8	10	28
5	6	25
1	6	20
2	10	29
8	7	34
4	8	23
4	7	21
3	5	22
7	7	25
6	10	27
5	6	27
1	9	90
3	7	24
9	11	34
0	7	90
0	9	91
6	10	31
6	13	30
3	7	20
2	7	21
2	6	20
5	9	25
0	7	90
4	7	24
4	6	21
4	6	25
2	6	21
5	8	24
11	13	32
14	16	37
0	14	91
0	14	90
5	12	25
4	12	25
3	9	23
3	9	23
3	9	23
4	6	22
3	7	23
3	7	23
1	6	21
1	8	21
2	4	22
4	9	27
2	6	21
6	11	32
8	11	32
8	9	31
5	8	21
3	8	24
5	7	23
2	8	23
1	1	23
5	8	23
7	12	31
4	7	23
5	7	23
4	4	23
5	4	24
9	10	29
3	5	24
3	7	21
1	8	21
2	6	21
6	7	23
8	10	32
8	12	35
7	10	30
8	9	29
8	10	28
8	8	27
9	10	31
7	8	32
1	7	21
5	10	24
10	10	31
2	4	21
11	11	36
3	5	22
4	6	25
4	8	25
4	7	26
4	6	23
7	12	30
8	11	27
6	10	25
5	9	24
9	11	31
4	8	23
7	11	40
5	9	28
2	5	21
9	10	28
6	10	29
6	9	25
7	10	27
7	14	33
2	5	23
5	6	25
7	8	28
5	14	30
0	7	91
0	8	91
0	14	90
8	11	28
4	8	23
4	6	24
7	14	32
0	8	90
0	11	91
5	7	26
3	10	24
3	7	23
1	4	22
3	7	22
14	14	86
10	9	60
0	-1	90
0	12	91
0	7	90
0	9	90
6	23	91
6	10	30
5	10	28
8	12	34
4	10	30
6	10	30
5	12	31
5	10	27
3	10	24
5	10	25
3	10	25
4	11	30
3	8	25
3	9	22
5	10	25
7	8	31
0	11	90
2	6	22
0	3	90
0	7	90
2	5	21
6	7	25
1	8	23
9	9	31
7	9	28
2	6	20
8	10	31
9	11	35
7	10	32
6	11	31
6	8	28
6	9	31
5	7	27
3	8	28
13	25	66
3	6	23
3	8	23
4	12	27
4	8	21
3	7	20
8	10	32
7	10	29
3	7	24
4	8	25
3	6	22
3	8	24
4	9	24
4	7	23
5	8	26
8	11	31
9	13	31
8	11	26
8	10	26
3	6	23
7	12	29
3	8	23
7	12	27
4	10	30
1	3	21
4	9	24
4	9	23
4	8	22
3	8	21
4	8	24
4	6	24
5	10	25
7	10	25
7	6	26
6	9	26
3	11	24
2	5	22
4	6	24
5	9	26
1	5	21
2	5	21
4	8	24
5	7	25
5	9	26
6	9	26
5	9	25
4	9	25
3	9	24
4	8	23
4	9	22
3	7	22
4	7	24
4	6	22
2	6	22
9	17	36
4	6	21
4	6	22
4	6	22
6	10	25
6	6	25
0	2	91
0	10	90
0	10	90
0	11	91
3	7	21
6	11	24
3	7	22
6	9	26
9	12	33
8	9	29
5	10	26
4	7	22
6	12	26
6	13	26
4	6	21
4	9	22
4	9	23
8	11	30
5	5	26
3	6	25
8	9	32
8	7	31
10	10	32
7	12	32
8	14	37
6	11	28
9	12	35
7	11	32
4	9	24
6	8	25
4	8	25
2	7	23
0	8	91
0	12	91
1	8	22
1	5	21
0	3	22
7	8	25
4	8	24
7	11	28
6	8	26
4	5	23
4	10	23
3	7	23
2	7	22
2	6	21
0	6	66
4	5	23
4	9	32
5	7	25
4	7	24
8	11	31
6	10	26
8	11	26
3	6	22
4	6	22
4	24	90
2	5	22
0	7	90
0	7	91
5	7	27
3	7	31
8	9	32
5	4	24
1	3	22
0	1	22
0	3	21
4	9	25
2	3	24
4	6	23
1	7	21
3	7	23
7	10	26
7	10	28
8	14	28
2	6	21
3	3	21
4	8	23
0	19	79
4	6	23
0	7	91
0	8	91
3	8	25
2	5	20
3	7	22
3	7	23
2	6	21
3	9	23
2	9	23
7	12	30
3	8	23
3	10	23
3	7	23
5	8	24
6	11	30
1	6	20
0	6	91
1	8	91
5	8	27
2	7	23
0	12	90
0	11	91
1	16	90
2	2	23
7	9	26
4	7	23
4	8	26
6	10	25
1	5	23
2	6	22
2	5	22
0	3	23
0	3	22
6	11	30
2	5	23
6	15	35
8	13	29
8	13	31
5	13	31
6	12	30
4	13	30
6	10	30
5	11	31
5	12	30
5	11	26
10	11	32
1	4	24
3	9	23
3	7	26
2	7	25
4	8	27
3	8	26
5	9	25
5	7	24
5	9	25
4	6	22
5	8	27
5	7	23
4	9	24
6	9	24
6	8	28
6	9	27
6	8	26
6	8	27
6	8	27
5	7	24
3	8	24
3	7	23
2	6	21
4	6	25
5	7	24
6	9	31
0	3	22
8	11	33
8	13	33
4	6	23
0	10	91
0	24	90
0	3	22
3	7	22
3	6	21
2	5	20
7	7	25
2	5	21
2	5	21
2	7	22
5	11	30
5	9	26
3	7	24
0	12	91
0	12	91
3	5	21
3	6	21
0	14	91
0	2	21
0	9	58
0	11	89
2	3	21
1	5	25
1	2	23
7	11	31
4	7	22
7	9	24
2	6	20
4	6	23
2	4	24
1	4	22
0	4	20
1	8	90
6	7	25
5	6	23
0	18	90
2	6	21
0	15	91
0	20	90
4	8	23
2	5	91
0	8	89
2	7	21
5	20	90
7	10	27
0	24	90
4	9	25
4	6	24
1	6	21
1	9	23
3	6	21
4	8	30
0	23	90
2	7	20
0	12	90
5	10	30
3	5	21
5	8	24
4	7	23
4	7	22
0	10	91
2	6	21
1	16	90
0	15	91
5	8	24
7	8	28
3	4	21
1	33	91
0	27	91
6	7	24
3	8	23
11	12	35
3	7	22
3	6	21
3	6	20
4	7	21
5	6	25
6	8	26
3	5	23
5	8	24
2	8	22
3	9	24
3	8	24
3	7	21
3	7	22
1	6	22
2	6	22
0	10	90
0	13	90
7	6	24
11	10	37
3	6	22
2	6	21
1	7	21
0	17	91
0	18	91
4	9	25
5	8	26
23	26	57
4	8	24
6	8	30
4	7	22
6	10	30
5	11	28
2	2	23
3	6	21
2	7	21
2	6	22
2	6	23
3	4	22
6	9	24
7	11	30
2	5	21
6	7	24
4	8	24
0	7	45
3	-1	91
1	5	21
4	6	26
10	12	35
0	11	90
0	13	91
1	4	22
0	2	21
0	3	20
3	12	26
4	11	25
3	9	24
2	7	22
3	6	23
2	8	24
4	7	25
2	7	23
2	9	23
3	8	24
4	9	25
3	8	21
7	9	28
6	9	32
6	7	25
8	10	27
2	7	24
7	9	26
4	6	22
5	8	25
4	8	23
7	13	31
3	9	22
8	14	30
2	8	22
3	10	24
3	5	23
1	26	90
3	9	24
0	12	91
7	8	30
8	10	33
3	8	24
0	9	89
3	6	25
3	7	23
12	10	37
10	10	34
2	5	20
5	8	24
2	9	22
3	5	24
3	5	22
4	5	20
1	6	21
0	7	55
3	5	24
0	20	90
0	13	91
0	12	90
4	8	24
1	15	91
1	24	91
3	5	24
9	11	33
4	8	28
3	10	24
1	13	90
0	4	91
3	7	22
6	9	27
4	8	23
9	12	31
9	14	32
4	9	23
3	8	21
3	6	21
2	4	21
4	8	24
6	10	29
7	13	32
7	16	35
6	11	29
5	11	27
6	10	26
5	13	31
4	8	25
5	7	25
3	6	21
4	6	22
9	9	30
6	9	26
4	6	22
4	9	24
1	6	22
0	16	91
0	15	91
1	6	20
3	4	23
8	9	32
6	10	25
6	9	28
6	8	25
0	-1	90
0	6	90
7	10	29
0	3	90
0	6	89
1	6	20
7	12	30
0	5	90
0	10	90
0	11	91
2	6	22
2	6	21
2	5	22
3	9	24
3	8	23
3	7	22
2	7	24
4	8	23
6	7	31
4	6	25
5	9	28
6	12	33
6	10	30
8	14	38
7	11	32
4	6	23
6	13	31
8	11	32
3	4	22
1	6	23
3	5	25
8	11	34
7	10	26
0	10	90
4	9	24
4	9	24
3	8	23
4	8	23
3	5	23
2	8	23
8	12	37
10	13	37
3	5	24
4	7	23
3	7	22
3	6	24
7	10	28
3	6	21
4	5	23
0	6	90
0	9	90
2	7	25
1	4	21
5	7	25
2	8	22
6	9	25
0	14	91
0	12	91
3	8	30
3	7	21
1	6	20
1	5	21
1	14	91
0	18	91
1	14	91
5	8	23
1	12	91
0	10	91
7	12	31
0	11	90
0	7	91
0	8	91
4	9	27
3	7	22
3	7	23
3	10	24
8	8	30
4	6	22
1	6	21
10	13	32
7	10	26
7	11	30
8	12	30
8	10	31
8	10	35
4	5	21
5	5	23
3	8	22
3	7	22
3	6	21
2	6	21
2	4	22
2	5	22
3	10	25
5	9	26
3	3	22
2	5	23
2	4	21
4	8	27
5	9	28
4	9	26
4	9	25
4	9	22
6	11	30
5	7	27
0	9	90
2	6	24
2	7	22
4	8	22
3	9	22
3	8	21
3	7	20
6	10	35
0	6	91
0	10	88
2	5	22
6	10	30
6	12	31
3	6	23
4	6	22
0	13	90
6	10	24
1	4	22
1	2	21
5	8	22
0	4	23
2	5	23
8	11	36
0	16	90
0	6	88
2	7	22
4	8	25
0	9	90
0	10	90
6	8	30
5	7	30
5	8	30
1	12	91
1	12	91
1	6	91
1	9	91
0	5	20
0	16	90
0	1	22
1	7	23
1	4	22
0	12	90
0	13	90
0	9	91
7	9	28
6	7	24
3	6	23
4	11	30
5	8	26
0	12	91
0	15	91
2	5	20
6	7	27
0	12	89
1	13	91
3	7	21
7	7	26
0	10	90
1	10	90
6	8	27
7	10	27
5	9	27
4	8	23
4	10	26
4	9	25
7	11	30
8	11	28
3	8	24
3	11	28
3	9	23
0	6	90
3	7	22
0	11	91
3	6	25
3	4	24
3	5	22
0	11	89
3	8	23
3	5	22
3	5	20
0	11	91
0	7	91
2	9	24
6	8	25
4	6	25
0	5	90
0	5	90
2	5	21
9	13	32
0	10	91
9	10	26
1	4	22
1	1	25
3	6	21
9	20	66
2	18	90
3	7	25
1	7	21
11	12	32
3	6	21
3	8	22
2	6	20
4	7	24
7	9	27
4	7	25
2	6	21
1	3	20
5	7	24
8	11	29
2	5	22
1	6	20
5	9	31
1	4	21
5	9	30
0	8	91
0	7	90
3	7	21
4	10	26
4	7	30
6	10	27
0	9	82
0	22	91
4	6	23
7	10	28
5	9	26
6	10	26
7	6	25
2	5	24
1	5	24
2	6	23
3	5	22
5	9	30
7	15	32
3	5	25
2	4	24
2	6	21
1	25	91
6	11	28
6	11	26
0	3	21
6	11	24
2	6	24
9	10	31
10	11	32
4	5	25
4	7	23
4	6	23
4	6	22
3	6	21
5	8	27
2	5	27
3	5	26
0	4	21
4	7	24
5	10	30
4	8	30
3	8	25
2	1	22
1	2	22
3	7	21
3	8	25
3	7	23
2	6	22
3	7	24
3	6	24
3	6	23
3	6	22
5	6	22
7	8	26
2	6	23
9	13	34
10	14	34
2	4	23
2	6	22
3	5	22
4	6	23
1	5	21
5	8	30
5	9	26
7	11	30
2	3	20
6	7	24
2	4	23
4	6	24
0	9	90
7	8	27
3	7	21
7	14	33
7	10	28
6	10	25
4	8	25
3	9	30
3	8	22
8	10	25
0	25	90
5	8	24
2	5	24
3	9	23
0	8	90
5	6	24
5	7	25
5	9	24
10	12	30
9	13	34
10	11	29
2	6	20
2	7	24
5	6	26
3	7	22
4	12	27
5	9	25
4	10	24
2	8	26
6	9	26
5	13	30
4	8	23
3	8	22
2	7	21
2	6	21
2	4	21
5	8	27
4	7	26
4	8	26
5	7	24
5	9	26
3	8	23
2	7	22
5	8	24
0	11	88
0	9	91
5	8	25
4	8	24
4	8	23
5	8	25
5	7	23
5	10	23
9	14	38
8	8	32
9	9	32
7	9	28
10	9	30
10	9	29
7	11	30
0	2	22
4	7	23
4	8	26
6	9	30
6	8	23
0	9	91
3	7	22
1	16	90
8	12	33
3	8	22
4	9	22
3	8	22
3	7	21
7	12	31
8	12	30
8	10	27
9	10	32
5	7	31
2	5	23
5	8	24
2	5	20
7	14	32
7	11	27
7	10	25
4	11	25
5	8	26
5	8	24
2	9	22
3	6	21
6	9	25
2	6	21
8	12	30
8	11	27
11	12	33
6	11	30
3	8	25
7	11	31
0	38	91
0	37	91
1	37	91
1	32	78
3	7	23
5	6	23
2	7	21
4	8	21
7	10	28
7	9	25
4	9	26
6	8	24
1	3	20
8	8	30
8	11	35
3	10	22
3	6	23
1	5	91
0	10	90
0	10	90
9	17	37
6	11	26
7	14	30
5	17	30
2	5	21
1	6	21
2	5	21
4	9	23
7	10	27
6	9	25
0	10	91
0	2	91
2	5	21
7	7	22
2	10	24
12	15	39
2	9	23
0	4	91
3	6	21
8	14	29
7	13	30
1	6	23
7	8	25
2	7	23
7	12	28
5	10	24
2	7	22
2	6	22
9	13	33
10	13	32
5	8	25
4	8	25
3	6	23
3	3	91
7	9	26
4	10	29
5	7	27
2	9	24
2	7	22
2	8	22
2	8	21
0	1	22
1	3	23
6	12	31
7	11	24
4	11	28
4	10	26
5	9	25
3	7	23
3	6	23
2	7	23
3	8	23
3	6	21
2	6	20
0	14	90
0	9	91
2	7	23
0	3	21
9	17	35
2	51	90
4	6	22
3	7	22
2	6	21
6	7	23
3	6	20
4	6	24
3	5	22
3	5	21
3	7	22
3	5	24
3	6	22
7	8	30
6	10	25
2	7	23
3	6	22
2	10	30
3	8	25
3	8	23
7	9	26
5	6	24
3	9	26
3	7	27
6	8	32
1	5	21
5	5	21
5	9	24
0	-1	91
1	3	22
5	11	28
5	10	25
0	8	90
5	9	25
2	5	20
4	6	23
6	9	30
3	7	25
3	6	24
3	6	23
4	7	27
4	7	26
5	8	24
5	10	25
6	8	27
5	7	25
4	7	26
3	7	22
1	6	90
0	11	91
4	6	21
5	8	24
7	11	26
3	6	22
5	8	24
3	4	21
3	5	21
4	6	22
4	7	23
6	11	26
3	7	26
6	8	25
3	5	25
0	13	89
2	8	24
6	8	31
5	8	27
2	4	21
2	4	20
0	11	90
0	13	91
6	7	30
3	8	23
3	8	21
4	10	25
4	10	24
4	10	23
3	8	23
5	8	23
3	6	21
4	6	21
6	7	26
2	5	21
7	8	27
6	10	29
4	7	22
4	7	22
3	9	25
2	9	23
0	11	91
0	13	90
3	11	24
5	9	24
0	9	91
6	11	31
3	7	23
4	9	30
8	13	33
8	10	29
4	7	25
7	10	32
4	7	21
2	6	23
3	7	23
0	14	89
0	7	90
0	-1	90
3	6	23
4	10	24
2	7	24
8	11	29
4	9	24
6	10	27
5	7	23
3	6	22
13	-1	41
7	11	26
7	11	26
2	6	21
2	6	22
4	6	24
0	8	91
0	3	90
0	7	91
0	12	91
3	6	22
3	6	24
4	13	31
5	10	24
3	5	25
7	12	30
4	13	30
1	8	91
1	6	22
1	10	91
0	9	91
7	9	24
5	9	25
4	5	23
4	6	22
4	7	22
5	6	21
3	7	23
2	8	24
2	4	21
3	9	21
3	8	21
2	8	20
0	12	91
0	8	91
4	7	24
3	6	23
3	5	21
6	10	25
6	10	26
9	12	32
3	4	23
4	5	24
7	13	32
6	7	24
6	6	25
0	13	90
4	10	25
0	6	40
1	61	91
5	8	22
5	9	25
4	8	24
3	5	24
2	8	21
3	6	20
5	7	25
5	6	23
7	10	31
6	8	28
5	7	24
6	8	26
6	11	31
4	10	31
4	8	25
5	9	30
5	8	25
6	12	31
5	9	26
4	10	27
3	7	23
1	5	20
5	8	24
4	7	24
6	9	25
7	9	25
7	8	31
7	7	30
5	7	23
2	5	23
3	5	23
4	9	24
6	9	33
8	10	31
7	10	31
7	11	33
2	6	21
3	6	22
3	6	21
5	8	25
8	11	33
4	6	24
2	6	21
4	7	25
3	8	23
3	6	23
1	5	20
2	4	20
9	10	37
4	6	25
1	4	21
8	13	32
0	5	91
2	5	21
2	4	22
2	5	22
5	6	24
2	7	22
3	5	22
0	4	20
5	10	25
0	3	21
0	3	21
0	8	91
0	3	91
0	10	91
2	3	21
3	4	21
2	3	22
3	5	21
2	9	23
2	5	22
4	10	30
8	12	31
7	11	31
6	8	28
5	7	24
7	9	27
1	2	22
0	1	21
6	7	22
1	5	21
5	9	24
9	10	30
6	9	28
2	7	21
3	6	22
2	5	20
7	9	31
8	9	26
3	8	23
3	8	22
2	8	25
0	13	91
0	11	90
5	10	31
5	7	23
2	4	21
3	7	22
0	4	21
1	4	23
4	9	24
4	8	21
2	7	22
2	9	23
2	4	21
2	5	22
4	9	26
0	3	21
1	3	21
2	7	22
2	5	21
6	5	28
0	2	23
0	-1	91
0	13	90
2	6	20
3	7	23
4	8	24
3	6	23
6	7	26
4	7	23
9	10	32
3	5	23
3	6	20
1	53	86
1	6	22
4	36	87
5	37	88
4	8	24
0	6	91
1	12	90
7	12	29
8	10	30
6	10	31
6	8	26
7	10	33
7	7	26
2	6	21
0	-1	91
0	10	91
1	5	21
5	9	26
5	9	25
3	7	21
6	11	28
0	8	90
0	8	91
2	6	22
4	8	22
2	7	22
4	8	24
0	6	90
0	7	91
4	6	23
1	7	20
1	7	22
2	8	21
3	4	22
3	5	25
2	2	21
8	8	31
7	10	36
2	4	22
1	4	21
1	6	22
0	6	23
3	5	22
3	7	24
3	6	23
2	6	22
6	10	31
0	4	22
0	3	21
2	7	21
3	6	21
3	6	23
3	7	22
2	4	22
4	24	91
5	24	91
5	25	91
4	7	21
4	7	23
3	6	22
3	6	21
5	7	24
2	6	20
2	6	20
3	7	24
0	11	89
3	6	23
4	6	24
2	5	21
0	11	91
0	10	90
3	10	25
4	9	24
3	9	23
4	8	24
1	12	90
3	7	23
0	3	22
3	5	25
4	5	22
0	12	91
3	6	22
4	6	24
7	9	28
5	9	30
5	8	30
5	8	30
7	12	31
3	7	22
7	12	30
6	11	27
6	8	25
2	7	21
3	8	24
3	9	23
2	5	23
3	6	21
4	7	23
3	6	23
6	10	31
8	11	31
9	12	33
9	11	30
10	10	28
6	9	28
5	7	27
5	7	26
5	6	31
7	6	28
7	7	30
5	6	31
7	7	31
6	6	29
5	6	28
5	5	25
7	9	31
0	6	90
0	9	91
2	6	22
3	7	23
2	6	22
5	9	26
5	9	25
7	9	31
6	11	28
3	6	22
6	8	27
2	8	23
3	6	21
3	8	23
3	8	21
4	8	22
4	8	23
3	7	21
7	10	28
0	13	91
0	2	91
4	7	24
4	5	23
0	10	88
0	12	90
2	6	23
7	10	26
3	5	22
2	4	22
1	6	21
2	4	20
3	7	25
3	6	23
3	5	23
3	7	23
9	9	33
3	8	21
2	4	23
0	13	85
0	15	85
3	6	24
5	8	25
4	7	25
3	8	22
2	8	22
0	9	91
5	10	26
0	7	91
8	12	31
7	10	28
4	6	25
4	7	28
6	10	23
0	10	90
0	10	88
0	7	91
1	11	90
8	10	27
2	4	21
2	6	21
0	6	90
0	8	90
7	9	30
0	9	91
0	9	91
0	17	91
3	8	22
4	8	22
6	7	24
10	14	33
9	12	35
0	17	90
4	5	24
5	6	28
0	7	91
0	8	90
4	7	24
4	5	21
3	6	23
3	5	23
3	6	21
3	8	24
2	6	20
2	9	25
0	25	90
1	23	90
4	7	26
3	7	25
3	6	23
2	5	22
4	8	25
5	7	25
0	13	90
0	12	91
5	6	25
4	6	24
3	5	22
4	7	21
1	7	22
2	5	21
6	8	26
7	13	32
4	6	27
3	6	23
2	5	21
2	5	20
0	7	87
0	8	87
5	10	26
6	10	28
3	9	26
7	12	31
8	11	31
3	6	22
0	10	91
0	9	90
4	6	22
2	9	22
2	7	20
5	7	25
5	8	25
4	9	24
2	4	23
2	4	23
5	7	22
5	8	33
0	3	20
2	5	25
4	7	24
8	12	32
4	7	22
3	6	22
6	9	27
0	7	91
0	11	91
5	7	27
3	5	23
3	4	23
2	5	21
3	5	22
4	6	23
3	6	22
1	4	20
3	5	21
6	7	26
1	5	23
0	6	24
1	7	21
0	5	90
0	9	91
4	7	24
6	8	24
4	5	23
3	36	90
0	4	30
6	8	24
0	7	91
1	1	27
1	1	26
0	0	24
0	0	22
5	12	25
3	5	25
0	6	91
0	9	91
4	8	26
5	6	23
0	34	91
4	6	25
5	25	91
5	25	91
4	8	23
1	6	22
4	9	25
3	11	30
3	5	25
4	7	25
3	7	24
3	6	25
3	5	24
3	5	23
3	5	21
8	10	30
1	5	22
4	7	27
5	10	29
8	9	26
4	6	23
2	9	22
0	9	90
1	7	90
2	7	25
3	6	23
6	11	26
3	5	20
3	10	31
5	7	25
5	7	24
6	11	37
5	9	31
6	10	26
5	7	27
4	5	25
5	7	26
5	7	26
5	6	24
4	6	24
4	6	23
4	6	22
4	10	23
6	9	25
3	5	21
3	7	25
6	12	30
6	9	26
3	4	22
5	7	30
4	7	25
5	8	24
4	6	25
2	7	24
5	6	26
2	7	22
5	9	31
1	4	22
7	9	31
5	8	31
3	8	27
4	7	23
4	5	21
2	5	22
2	6	23
2	5	23
0	9	91
4	7	22
5	8	26
5	8	26
5	8	26
0	5	33
2	6	23
0	9	91
0	10	90
0	4	23
1	4	22
1	5	22
6	4	26
3	7	22
3	7	24
2	7	22
0	9	82
5	9	24
6	10	30
5	10	30
2	3	22
1	5	21
8	8	26
3	6	22
4	7	22
3	5	23
8	9	27
2	7	22
2	7	20
7	10	30
0	8	90
2	6	26
4	7	30
2	8	22
3	9	23
2	6	20
7	8	26
0	12	90
0	13	90
4	8	24
3	7	23
3	7	24
4	8	23
1	4	21
3	6	26
4	6	26
5	7	27
5	9	26
3	7	24
3	7	22
4	6	23
4	6	22
1	5	21
1	1	22
0	5	91
0	8	90
5	26	90
3	7	24
2	8	22
3	6	21
0	10	69
0	12	69
0	6	91
1	7	90
6	10	24
5	10	25
4	6	21
5	7	25
0	13	91
2	5	21
1	4	20
4	6	25
0	22	91
0	6	91
1	5	21
6	6	25
4	9	30
3	8	25
3	11	25
2	6	23
2	5	21
2	7	22
2	5	21
11	17	33
9	17	30
3	8	27
1	7	22
0	15	91
0	6	91
2	4	21
2	4	21
0	6	90
0	5	90
1	6	21
3	6	20
3	9	26
2	2	22
4	8	25
4	7	24
5	11	32
3	7	24
5	9	26
2	9	23
2	10	25
4	9	23
3	5	22
3	5	23
3	4	22
4	4	23
5	9	25
5	10	35
5	8	26
6	8	30
4	8	24
0	10	90
0	8	90
3	5	22
3	6	23
2	5	22
2	6	21
2	7	22
1	6	21
0	8	91
0	10	90
2	6	22
0	-1	91
0	12	91
6	9	27
9	8	30
5	7	29
6	9	25
0	11	90
3	6	22
1	5	21
0	8	91
0	13	91
3	7	22
0	9	91
4	10	29
4	8	30
7	11	31
9	14	34
9	15	34
2	4	20
8	13	31
7	11	29
2	7	22
7	11	28
8	8	25
0	10	91
7	9	26
8	10	25
4	9	24
1	3	24
7	7	26
3	7	21
6	10	30
3	12	30
7	10	30
1	5	21
2	6	22
3	7	21
3	8	25
4	10	24
6	11	25
1	29	91
4	7	22
7	7	28
5	10	30
2	5	20
10	10	28
0	4	21
4	9	23
3	8	22
8	8	28
0	12	90
0	11	91
5	11	30
1	5	20
5	12	31
2	6	22
3	8	23
2	4	21
7	11	27
4	29	91
4	7	24
7	11	32
4	6	23
4	8	23
4	9	23
2	8	22
6	12	30
4	11	26
3	10	23
7	13	30
4	8	25
4	7	23
5	8	25
4	8	26
0	3	23
4	6	22
6	10	30
4	10	26
11	12	35
8	12	32
2	4	22
0	3	21
5	7	27
11	14	40
9	13	32
5	8	25
4	8	23
4	9	23
7	9	26
8	11	28
0	11	90
3	6	22
5	12	30
4	6	24
0	12	90
0	9	91
1	2	23
3	7	24
2	5	21
3	6	23
1	27	90
1	6	22
3	5	21
4	8	26
4	5	23
3	6	22
4	5	23
3	7	22
1	3	22
0	3	21
3	9	22
5	10	24
6	11	25
3	7	23
0	15	90
1	9	90
4	8	24
4	8	23
6	10	31
1	5	22
2	3	22
6	9	29
1	9	91
0	10	90
5	11	31
6	9	32
4	7	30
4	6	25
5	8	27
0	4	21
5	6	22
0	8	91
0	7	89
0	3	21
0	4	22
0	3	23
0	2	22
6	7	31
2	7	22
5	7	30
0	5	91
0	3	91
1	6	20
6	9	31
5	8	27
4	11	30
7	9	30
2	4	22
0	-1	91
0	15	90
0	2	57
6	10	25
6	10	24
0	12	91
0	10	90
1	7	55
0	11	91
0	7	91
0	7	91
7	10	25
5	5	35
3	7	23
2	6	22
2	6	22
0	7	90
9	8	33
5	8	28
4	7	22
4	8	24
3	7	21
3	7	22
6	12	33
0	11	91
0	6	91
7	7	32
0	17	91
0	10	91
0	10	90
0	-1	89
0	12	91
0	11	91
3	5	23
0	8	88
0	-1	91
0	8	90
2	7	21
2	8	20
4	7	25
8	10	32
7	11	29
0	7	91
0	13	91
0	4	20
3	7	21
1	4	20
2	5	20
1	8	90
0	7	89
0	10	90
0	8	90
2	7	22
0	11	91
0	13	89
0	6	91
6	10	28
1	27	91
0	11	90
0	10	90
3	8	30
1	7	26
2	7	27
4	6	25
1	4	22
0	3	45
0	9	91
2	4	23
5	5	24
5	6	25
5	5	25
0	8	86
0	10	90
0	10	91
3	7	25
0	13	90
2	3	24
2	5	20
8	8	25
0	10	90
0	10	91
4	10	30
0	9	91
0	11	90
5	10	32
5	11	30
6	13	32
6	11	31
4	10	26
5	10	28
5	12	30
5	9	26
6	10	30
0	7	82
0	18	91
0	8	91
3	11	89
0	7	91
0	13	90
0	13	90
2	6	22
0	12	90
5	11	31
9	9	33
3	6	23
2	6	21
2	6	20
3	5	26
3	6	23
3	6	24
3	4	23
4	6	24
5	6	25
4	5	27
4	5	25
4	6	28
4	5	24
4	5	25
0	9	91
0	8	90
6	6	25
0	5	56
1	11	90
0	3	21
8	9	31
0	7	73
0	5	73
4	6	22
0	10	91
0	7	91
2	4	22
0	3	20
4	4	24
1	5	23
0	12	91
0	11	91
0	14	91
0	-1	89
0	11	91
5	10	31
2	5	22
6	8	32
0	1	21
0	1	21
0	1	20
0	1	21
6	9	26
2	4	23
1	3	25
2	4	23
0	2	21
2	8	22
1	3	24
4	7	22
4	8	24
0	11	90
0	12	88
0	2	21
8	12	29
0	15	91
0	9	91
0	8	91
5	6	30
4	6	31
0	4	71
0	6	91
0	5	91
0	5	90
1	22	90
0	9	90
0	12	91
7	10	30
4	10	30
1	7	47
1	1	22
0	13	90
0	12	90
0	11	91
0	13	91
0	16	91
1	5	21
2	7	22
2	5	22
6	10	26
6	10	27
6	9	26
8	11	28
0	7	90
0	7	64
0	19	90
10	12	41
2	7	22
0	7	89
0	11	91
0	10	89
7	11	32
0	26	90
0	-1	91
2	4	24
2	3	21
1	3	22
5	10	23
2	5	20
0	9	90
8	15	34
7	9	26
8	9	27
0	15	90
0	7	91
2	3	21
3	7	25
3	6	22
7	6	24
0	13	91
6	10	30
0	5	90
4	8	23
0	23	63
0	8	91
0	-1	76
0	3	22
1	4	20
0	4	21
0	4	22
0	13	90
0	13	90
0	13	91
0	14	91
8	9	26
0	7	89
0	7	91
2	6	22
1	3	20
2	4	23
0	9	77
5	9	30
0	7	90
0	9	91
0	14	91
0	18	90
2	7	23
1	6	91
0	6	90
4	10	31
0	9	91
0	12	91
2	4	22
9	6	28
7	8	29
7	8	31
3	5	22
2	3	23
2	5	25
8	6	29
6	7	30
8	10	38
7	6	28
7	6	28
8	7	28
6	8	31
7	12	32
0	9	91
0	10	91
0	5	91
0	15	90
0	9	61
3	6	30
1	3	21
0	25	91
2	6	22
2	5	23
3	6	24
0	10	90
0	9	91
3	3	24
0	8	91
3	5	23
0	12	90
0	14	91
3	5	23
2	9	23
2	8	22
3	7	23
3	7	22
6	10	34
5	8	27
0	13	91
0	11	91
0	-1	91
0	7	91
3	8	22
1	5	23
0	1	21
0	9	90
0	6	90
2	3	22
0	7	58
2	5	21
0	6	91
1	6	21
0	7	90
2	6	22
0	8	91
0	8	90
1	2	20
8	13	30
6	14	31
6	13	29
2	6	22
1	5	22
0	11	91
1	9	91
0	9	86
0	13	91
0	16	80
2	5	20
3	6	22
0	6	91
0	9	91
3	5	22
0	17	90
0	13	91
2	6	22
0	0	22
2	7	25
2	8	24
3	9	24
5	12	31
4	11	30
6	11	28
5	6	24
4	6	24
7	7	26
7	8	27
7	8	25
4	9	24
5	11	31
4	8	22
3	9	25
5	9	23
3	8	23
3	7	23
3	7	23
3	7	22
1	15	91
0	11	90
3	7	23
4	9	30
1	6	22
8	9	30
2	5	23
3	7	24
0	12	91
0	14	91
2	7	21
0	1	40
0	9	91
2	3	23
8	14	32
1	3	21
2	5	91
1	5	90
3	6	24
3	6	22
4	6	22
0	3	22
3	9	25
3	8	21
5	9	27
4	9	25
4	9	25
2	5	24
1	6	21
0	9	76
0	9	76
0	11	78
10	11	36
1	16	88
1	16	90
0	5	91
0	12	91
4	5	23
0	13	91
0	17	90
2	5	22
2	6	21
1	5	22
0	16	91
0	4	90
0	3	62
0	3	21
4	6	23
6	11	31
3	5	21
0	12	66
0	10	91
0	11	90
0	13	91
0	3	23
0	3	22
3	8	24
10	10	37
3	8	24
2	5	20
2	5	21
2	5	21
2	6	89
1	8	21
2	3	22
6	35	90
0	16	89
0	13	90
2	7	22
2	7	22
0	6	88
0	10	91
2	5	22
5	5	25
3	5	23
2	6	23
0	4	91
0	4	90
0	8	91
0	8	91
0	6	91
0	10	91
0	7	91
0	11	91
3	7	23
0	4	31
5	8	27
2	7	22
3	5	21
3	4	24
4	5	23
2	5	21
0	8	91
0	10	90
0	-1	90
0	-1	91
1	3	22
3	4	24
0	9	91
6	9	26
1	7	21
1	4	20
2	5	21
9	9	35
0	-1	91
0	-1	91
2	5	21
0	3	21
6	9	28
1	13	91
3	6	21
2	6	24
0	7	91
0	10	88
4	7	21
0	24	91
0	9	91
0	6	91
3	7	21
0	5	21
4	6	24
4	6	24
3	8	30
0	8	90
0	5	91
7	9	27
2	5	21
0	8	74
0	12	90
0	4	68
0	2	21
0	5	22
4	8	25
6	9	25
7	9	29
3	5	23
0	13	90
0	11	91
0	8	91
0	3	22
3	5	20
0	3	21
0	3	20
2	5	23
0	9	90
0	11	91
0	16	90
3	38	91
9	12	34
2	6	22
2	5	21
2	5	22
0	8	90
0	9	88
0	8	91
3	5	25
6	9	30
6	9	32
0	17	91
0	15	90
0	15	91
0	10	90
2	3	25
1	26	91
5	11	30
4	10	30
2	6	22
0	5	84
2	6	23
5	7	30
0	10	91
2	5	23
0	10	90
0	12	91
1	7	89
4	8	25
5	9	26
3	5	26
4	8	23
4	7	21
1	3	20
5	10	30
0	30	89
2	4	22
1	2	21
2	5	21
0	12	91
2	6	22
2	6	21
1	5	23
1	4	21
1	6	21
1	6	21
2	6	21
2	5	22
0	25	90
4	4	23
7	7	31
3	6	25
4	9	31
0	8	91
0	7	91
4	6	24
0	-1	90
3	4	21
2	6	25
3	6	22
1	10	91
0	16	91
3	8	25
4	7	24
0	8	90
0	4	91
0	11	90
3	4	24
0	9	91
0	8	91
0	6	90
3	7	21
1	2	20
3	5	20
4	9	24
3	4	27
0	16	91
0	16	90
4	9	23
0	7	91
1	3	20
2	5	21
1	3	21
1	3	22
0	23	90
3	5	20
4	6	22
7	9	27
0	8	90
0	11	91
0	9	90
6	13	32
7	9	26
0	24	61
5	9	24
4	7	25
0	11	91
3	5	22
3	7	24
3	9	24
2	5	21
4	8	32
11	9	34
9	10	33
9	10	34
13	11	40
2	7	22
3	9	22
2	4	22
2	5	23
3	8	25
5	8	27
5	8	28
2	6	24
3	5	22
2	4	20
10	12	35
2	6	20
7	12	31
2	5	21
0	31	90
0	10	90
0	10	91
4	6	24
4	6	26
4	4	24
4	6	24
3	5	22
4	5	24
0	6	89
4	6	21
8	9	29
0	13	91
2	7	22
1	8	21
2	6	20
0	7	91
0	13	91
5	9	31
3	7	23
3	6	24
3	5	22
7	9	32
1	4	24
2	7	45
0	6	45
5	5	24
3	4	22
3	8	25
1	4	22
4	8	23
0	-1	91
0	5	22
4	9	23
4	8	23
6	15	34
0	11	90
0	12	91
6	10	33
9	16	36
3	6	20
5	8	27
5	9	30
6	10	26
0	14	90
6	11	31
6	7	24
2	6	24
4	9	22
0	8	91
1	5	23
2	5	22
7	8	33
1	13	91
1	9	90
0	12	89
2	5	21
1	4	21
0	10	90
0	3	91
0	9	90
0	12	90
0	7	91
0	4	91
0	7	91
0	10	91
0	7	91
3	4	24
2	5	21
3	7	23
5	7	23
5	7	24
5	8	24
4	8	23
7	9	27
3	4	21
5	8	25
4	9	30
5	10	30
1	16	91
0	8	91
0	8	90
2	5	20
7	9	28
8	11	30
2	7	24
2	7	21
3	6	23
5	8	22
4	5	26
2	6	24
3	7	24
4	7	22
7	9	29
0	6	84
1	14	91
5	14	30
2	5	23
1	4	22
0	4	21
9	11	32
5	9	26
6	9	29
6	10	27
7	8	25
2	7	22
5	10	31
3	6	22
5	8	26
7	10	33
2	8	24
3	7	24
4	9	24
0	9	90
0	7	91
2	9	22
4	8	21
4	8	23
2	6	20
2	4	22
1	3	21
4	7	23
4	6	23
6	10	25
2	8	24
7	12	31
0	12	91
3	7	21
2	7	25
5	8	27
0	2	21
3	7	21
9	11	31
0	3	91
0	6	91
3	7	22
1	7	21
4	8	27
3	5	23
3	5	22
4	8	24
3	8	24
3	7	21
4	7	23
3	3	24
0	9	90
0	11	91
6	7	27
8	7	27
0	21	91
0	11	90
1	16	29
1	4	20
0	2	22
6	9	30
2	6	21
1	-1	91
4	8	91
3	6	22
3	9	22
4	10	24
4	8	24
3	4	21
7	9	30
7	10	26
1	5	23
8	11	28
6	9	26
5	8	26
7	10	30
5	8	25
7	11	29
7	9	27
3	5	23
3	5	22
2	5	21
7	6	26
4	7	23
6	7	29
4	4	23
6	8	25
9	8	32
5	7	28
4	6	22
5	4	22
1	13	91
3	7	23
4	7	24
4	8	23
3	9	26
6	8	24
5	8	30
2	6	22
10	15	38
0	7	67
2	3	20
1	4	22
2	5	22
10	14	35
10	13	31
5	8	23
4	12	28
2	7	23
2	6	21
4	6	23
0	11	91
5	6	23
2	6	23
4	5	25
2	4	24
3	4	23
5	7	26
4	7	26
3	6	25
3	6	24
3	6	23
2	6	22
2	5	21
2	5	21
6	8	25
9	8	31
6	8	25
7	8	24
9	9	28
4	8	23
3	8	24
2	6	23
2	7	22
2	7	20
3	4	23
2	4	23
6	7	25
2	5	22
2	4	20
2	7	23
3	8	22
3	8	24
2	7	22
3	7	24
4	6	23
3	7	21
0	30	91
0	11	91
3	8	22
3	7	22
7	11	26
2	4	21
3	5	21
0	8	85
5	8	24
4	12	31
0	6	90
0	2	21
0	4	21
5	8	26
6	10	27
5	10	26
6	11	26
5	8	29
5	7	26
4	7	25
0	11	90
0	7	91
0	11	91
0	14	91
2	6	21
2	7	22
2	5	21
3	6	23
4	7	24
4	6	25
2	7	23
6	7	24
1	4	23
2	5	23
9	13	32
7	26	91
4	5	23
3	6	22
0	8	53
1	8	24
1	5	20
2	9	24
2	6	22
2	6	21
3	8	21
2	4	22
6	9	26
1	4	20
3	7	21
4	8	27
0	4	21
0	2	22
0	16	91
0	5	88
1	5	22
3	5	23
1	9	91
0	4	89
4	8	24
3	7	22
6	11	26
0	3	90
0	7	90
0	8	90
1	7	22
2	6	22
2	5	20
0	17	91
2	7	22
4	8	25
3	5	20
4	5	23
6	10	28
7	10	27
4	5	23
4	6	23
5	7	23
0	17	90
7	10	32
5	8	28
4	5	23
4	6	22
5	7	21
8	12	34
5	8	22
4	8	23
2	2	23
4	8	24
4	3	24
1	4	23
2	6	21
7	8	26
0	16	91
0	4	91
0	7	91
0	7	90
4	6	23
0	15	90
0	9	91
4	10	24
9	10	34
3	3	23
5	10	24
3	6	23
3	6	22
5	9	31
0	7	90
1	5	20
7	6	32
15	24	90
6	8	25
2	7	21
2	7	21
2	5	22
2	4	21
0	6	90
0	8	91
0	11	91
0	10	91
2	5	22
5	7	23
1	6	21
2	3	20
4	7	25
9	10	32
3	4	23
3	4	24
4	5	23
4	4	23
2	4	22
3	4	24
3	4	24
0	13	91
0	-1	91
2	6	21
1	5	21
0	8	91
0	6	90
2	7	22
3	6	21
0	9	90
0	8	91
6	10	31
6	10	31
1	3	24
5	5	24
5	8	22
2	6	21
5	7	24
0	8	91
5	7	22
3	8	23
6	6	30
5	7	28
4	8	30
2	4	22
17	21	49
3	6	23
0	2	22
0	1	22
1	3	21
0	4	24
0	3	22
1	1	21
0	4	24
0	5	25
0	3	24
3	4	23
0	7	91
0	12	91
3	4	29
0	8	90
4	7	23
3	7	23
9	12	28
3	5	21
2	8	23
0	12	90
2	3	24
6	7	25
1	10	91
0	2	21
2	7	21
1	5	23
1	4	22
1	5	23
4	6	25
2	8	22
3	8	21
2	7	20
0	10	90
0	11	91
1	11	91
1	3	21
0	3	20
0	7	91
4	7	23
9	11	31
3	7	24
5	3	24
6	10	30
2	5	22
2	3	22
0	1	45
5	9	24
4	9	25
6	10	30
4	8	25
5	8	27
4	5	22
4	15	90
0	3	46
1	4	20
0	9	91
5	9	27
1	4	22
0	7	91
0	11	90
0	13	90
0	7	90
0	10	91
1	5	91
4	8	31
0	6	82
0	7	82
0	8	90
0	10	91
0	14	90
3	4	21
6	8	24
0	-1	90
0	7	60
2	4	20
0	2	22
3	9	24
5	9	24
3	7	23
0	10	91
0	12	91
0	10	90
0	12	91
0	8	91
0	14	90
0	15	90
0	7	91
0	11	90
0	3	90
1	6	90
0	3	21
0	11	90
3	6	22
3	7	22
5	10	31
0	7	90
0	8	91
4	34	91
2	5	23
7	10	29
0	7	91
0	18	90
0	19	90
2	6	24
0	7	90
0	7	90
2	7	23
0	9	79
0	8	90
0	16	90
0	11	88
0	8	91
0	9	91
10	35	90
0	10	90
1	-1	91
9	11	30
8	9	33
9	8	33
1	3	20
1	5	21
6	8	26
5	9	25
0	12	89
0	9	90
6	6	27
8	12	34
1	4	25
0	3	21
2	7	23
2	7	22
2	6	21
1	4	21
4	7	24
3	6	23
4	5	22
2	4	22
0	6	90
0	5	90
3	8	23
0	13	91
3	7	22
1	12	91
5	8	33
6	8	24
6	8	32
6	11	26
6	11	30
0	8	91
8	8	28
4	6	24
3	6	24
2	5	24
4	8	22
0	8	74
0	10	91
9	11	31
8	11	31
2	4	22
3	6	26
1	11	91
1	10	90
8	6	35
6	11	28
2	8	22
0	10	87
2	7	24
11	11	35
6	9	26
4	7	24
0	14	90
0	7	91
0	9	91
4	7	26
4	10	28
0	7	91
0	6	91
4	6	26
6	8	26
0	4	21
9	13	35
7	11	30
6	10	30
0	16	90
0	9	90
2	4	22
7	10	33
7	11	31
1	6	22
7	9	30
0	10	91
3	6	21
2	6	22
3	8	25
8	11	27
8	9	27
0	30	91
0	11	90
1	-1	90
3	8	24
0	15	91
0	13	90
2	7	21
5	7	24
6	8	31
0	10	89
0	7	91
3	7	24
10	13	33
0	8	88
0	7	88
5	10	23
0	12	91
0	8	90
1	3	24
3	29	90
4	8	23
4	6	24
7	12	27
0	10	84
0	11	84
1	3	20
3	7	23
2	6	22
9	11	32
3	5	20
5	9	25
4	12	26
3	7	21
3	8	22
3	7	22
0	1	23
1	3	20
2	5	24
3	6	22
0	6	91
0	13	91
0	12	91
0	9	91
0	13	90
0	27	91
0	6	91
4	7	25
2	4	21
4	4	23
1	4	22
4	6	23
8	10	29
6	8	24
6	10	34
6	10	26
3	7	24
3	8	23
0	9	91
0	9	90
8	13	32
9	12	32
3	10	23
3	9	22
3	8	21
0	12	90
3	7	21
0	13	91
7	9	27
3	6	21
6	9	26
2	6	22
0	28	90
0	5	22
7	12	29
1	6	25
2	6	25
2	6	25
5	5	23
6	10	32
6	11	31
4	6	24
0	8	84
5	8	29
3	6	23
4	7	24
9	12	34
8	12	31
3	5	23
9	13	32
0	9	90
0	12	91
9	17	41
5	9	27
7	9	26
3	7	24
2	3	21
3	7	21
3	6	20
6	10	25
6	13	32
5	8	26
4	7	23
0	4	24
0	3	23
2	4	21
2	4	22
2	4	24
3	5	23
0	13	90
5	12	26
2	5	23
7	9	30
8	11	30
2	5	21
1	6	22
1	7	21
0	12	90
1	6	91
2	7	20
4	7	22
4	6	21
3	6	22
8	13	31
1	3	21
3	6	21
3	7	22
8	11	29
7	10	26
6	7	25
2	7	21
1	6	20
1	15	88
6	9	26
9	12	32
5	7	21
2	5	20
0	24	91
1	6	23
0	6	81
1	6	81
0	5	91
9	12	35
9	11	35
9	11	30
4	12	31
6	11	31
5	9	30
4	8	26
5	8	26
4	8	30
3	7	23
0	26	91
3	10	26
4	5	26
0	12	91
2	5	21
0	20	91
0	16	90
5	10	30
2	5	21
0	16	91
0	20	89
0	11	91
3	6	22
5	9	25
0	10	91
0	11	90
3	5	23
2	5	22
1	6	21
3	5	23
5	9	28
0	3	91
0	6	91
0	9	91
0	9	91
5	7	26
1	5	21
2	3	22
5	6	27
0	12	90
0	9	91
0	5	90
0	9	90
0	8	91
0	11	91
0	12	90
3	8	25
5	7	24
5	6	24
1	3	21
2	4	21
4	5	22
0	8	68
0	7	68
4	10	22
3	7	24
3	6	22
0	8	91
0	14	91
8	11	35
0	8	91
3	7	21
8	10	31
3	6	22
2	7	22
4	8	24
3	5	22
1	4	20
1	5	21
8	7	26
3	8	22
2	6	24
2	6	22
2	4	21
2	4	20
3	6	22
4	8	24
4	9	23
2	8	24
2	6	24
3	8	23
4	8	24
5	12	30
2	4	22
0	15	90
4	7	24
5	10	26
0	15	91
0	12	90
1	7	21
0	7	90
0	26	90
3	6	22
6	11	30
7	11	31
4	3	21
3	6	23
0	8	91
2	6	23
0	5	91
4	9	25
4	6	27
4	6	24
0	33	90
4	6	21
0	7	91
0	10	90
7	10	30
0	11	89
0	18	89
1	4	22
5	10	30
1	9	22
3	8	23
1	4	20
7	8	28
4	3	23
2	5	22
3	3	25
3	7	24
6	10	30
2	4	22
1	9	91
1	7	91
3	7	24
3	8	23
3	8	25
0	10	91
0	14	91
8	9	29
0	15	90
0	8	91
2	4	21
9	11	28
7	10	28
7	9	27
1	6	91
0	9	91
0	15	90
0	8	89
0	14	90
0	12	91
2	7	23
3	7	21
3	7	22
3	5	23
4	6	22
4	6	22
4	6	24
1	6	20
2	6	23
4	7	30
5	6	26
1	5	21
0	13	91
7	10	26
1	11	91
0	10	91
4	7	25
4	7	24
3	5	23
4	6	22
1	4	22
0	3	21
2	5	21
2	5	21
4	7	21
2	6	20
5	8	25
6	9	27
6	8	25
3	6	21
1	5	22
1	5	20
4	8	30
1	9	91
2	4	20
0	9	90
3	6	20
4	7	23
4	7	24
5	7	23
2	6	22
2	4	20
3	6	22
3	5	21
2	7	25
3	8	30
4	7	23
6	10	31
8	12	30
4	10	25
5	10	25
0	6	90
0	8	91
9	10	27
6	12	26
2	5	21
2	6	21
2	5	21
0	10	90
0	11	90
8	10	32
7	8	29
6	8	24
6	10	34
6	7	24
3	10	39
0	13	91
0	9	90
4	14	30
4	6	22
3	7	23
2	7	22
1	7	21
1	8	22
3	8	24
3	8	26
0	9	91
0	10	91
8	11	36
7	12	31
1	3	21
9	11	31
1	6	91
8	8	28
3	8	23
3	7	22
3	6	21
2	5	22
5	8	26
4	10	22
2	12	23
3	9	25
0	38	90
0	1	20
3	7	21
3	7	23
2	6	22
2	4	21
0	7	91
0	14	90
0	3	22
8	13	36
4	10	25
5	9	26
5	10	25
2	7	22
3	8	23
2	5	22
3	6	27
8	9	30
3	8	22
2	10	23
0	10	90
1	4	22
0	11	91
0	13	90
4	9	31
5	10	27
5	10	26
0	10	61
6	7	26
6	9	24
3	7	22
0	11	88
0	7	90
3	8	24
3	7	25
2	9	22
5	8	26
4	9	26
4	8	24
5	9	25
2	3	21
0	8	90
3	8	21
5	5	25
7	9	27
4	5	23
1	3	22
0	5	90
5	8	27
0	6	91
0	10	87
4	5	24
0	15	91
0	14	90
5	8	24
4	11	24
4	7	21
8	14	31
2	14	90
1	12	91
6	9	30
2	5	25
7	9	30
5	11	30
0	5	20
3	7	21
6	10	30
4	7	26
4	7	23
3	7	22
2	6	21
4	6	22
3	9	22
3	4	20
5	8	25
3	5	21
6	9	25
2	7	22
6	8	31
3	7	21
3	7	20
3	9	23
3	10	23
3	10	25
5	9	25
4	9	27
3	10	25
4	8	24
2	6	22
5	8	25
1	4	21
2	5	25
2	5	24
3	5	23
3	4	23
3	7	24
3	6	23
0	17	91
8	11	31
1	2	21
8	11	31
6	11	25
4	6	22
2	5	24
0	6	91
0	5	90
4	6	23
2	26	90
4	7	23
0	3	23
0	3	21
0	3	21
0	3	23
0	3	22
0	3	21
0	3	21
0	5	23
9	12	31
9	11	30
11	11	38
6	11	34
4	6	22
0	10	91
0	10	91
0	-1	91
3	7	25
0	5	21
1	5	21
3	6	23
0	11	91
0	11	90
1	2	22
3	8	22
2	7	21
1	5	20
3	5	21
3	4	22
1	6	23
0	3	23
3	6	23
0	8	91
0	10	91
0	14	90
0	7	91
3	7	22
0	-1	90
0	10	91
8	12	31
3	7	22
0	9	91
0	12	91
4	8	25
5	7	25
0	4	91
0	12	91
2	7	21
0	9	91
0	7	91
2	8	25
0	2	20
5	4	26
5	4	24
6	4	25
5	5	30
3	7	23
4	9	31
4	8	28
5	8	30
4	7	25
3	7	23
3	7	23
5	9	30
5	8	26
4	10	26
4	8	24
3	8	24
3	8	22
0	10	90
9	11	34
8	12	30
4	5	22
0	21	90
4	8	32
4	12	38
0	5	91
0	9	90
7	11	28
3	9	24
0	8	91
4	10	27
0	7	87
0	24	90
0	11	91
0	10	91
7	10	27
0	-1	90
0	8	91
0	9	91
0	12	91
1	8	91
4	7	21
5	9	24
0	19	90
0	7	91
0	7	90
0	14	91
2	4	21
0	14	90
0	11	91
0	12	91
0	2	22
3	6	23
3	6	22
0	5	90
0	3	91
6	9	30
6	10	32
1	29	91
10	9	32
9	9	31
12	10	34
4	7	25
2	4	20
3	6	21
0	7	89
0	8	91
6	11	29
3	5	23
2	3	22
4	7	24
11	12	34
10	12	34
5	10	26
3	6	25
4	7	25
5	6	22
4	8	25
4	8	30
5	9	27
4	7	24
4	8	23
4	10	25
5	9	27
4	11	25
3	11	26
3	6	25
4	8	26
4	8	26
2	9	23
2	6	21
8	14	34
9	13	34
11	12	32
9	14	33
7	8	26
7	10	26
4	8	20
0	8	90
0	5	91
3	5	21
6	9	28
5	6	22
2	4	21
6	9	23
4	7	25
0	17	90
6	12	29
2	4	22
4	7	24
2	5	20
4	6	23
1	2	23
1	2	20
1	5	22
0	4	21
0	6	91
0	13	91
2	3	21
8	10	29
9	11	29
9	9	29
1	17	91
6	10	27
4	7	25
1	4	22
2	6	21
4	7	23
7	13	30
9	10	34
9	9	31
3	7	24
8	9	31
6	8	27
2	5	20
1	3	22
5	7	28
3	10	31
0	11	91
0	4	91
0	31	90
3	27	91
1	3	21
4	5	23
3	9	22
3	8	23
2	7	22
1	7	20
6	9	28
2	6	22
2	5	21
0	4	91
0	5	91
2	5	22
0	4	91
4	7	31
3	5	21
4	8	32
5	9	30
4	7	26
2	7	21
7	10	28
1	2	23
1	3	23
1	1	23
0	3	22
0	35	90
0	35	90
1	6	23
0	10	90
0	13	91
3	8	25
5	9	27
3	6	20
2	7	21
3	10	21
2	5	20
3	9	21
0	24	90
4	6	23
3	12	31
0	3	20
0	12	90
0	12	91
7	8	27
6	10	27
1	6	23
0	10	90
0	10	90
2	5	21
0	13	89
7	9	30
3	8	24
7	8	25
0	15	91
0	18	91
4	13	30
8	10	28
0	5	91
1	5	91
5	5	25
4	7	22
2	8	23
2	5	21
4	9	24
4	9	25
2	7	23
10	12	29
2	4	22
2	6	23
2	5	21
3	7	25
3	6	24
4	7	23
5	9	30
1	5	20
5	8	24
1	4	21
5	7	25
3	8	26
3	8	22
4	7	25
6	7	26
10	10	36
0	7	91
3	6	22
0	12	91
0	8	91
1	2	23
3	7	22
0	5	91
0	3	20
6	11	37
3	6	28
2	6	24
2	5	26
4	5	26
4	5	25
0	0	21
3	5	22
3	5	21
4	6	23
1	3	22
5	11	26
4	6	26
4	10	27
4	22	91
3	10	27
4	9	26
5	7	26
6	11	30
5	7	26
6	9	30
6	10	30
6	10	25
4	9	25
5	7	25
3	7	23
2	6	22
0	4	22
0	4	21
0	3	20
3	8	22
5	6	23
0	11	68
0	9	91
0	11	90
4	8	23
3	5	22
5	10	28
6	10	27
3	11	30
1	6	21
9	8	31
6	14	33
0	10	90
0	8	91
2	6	22
3	6	22
3	6	20
5	11	25
2	7	23
0	9	91
0	9	90
0	-1	88
2	5	23
3	7	23
0	5	21
6	9	30
4	7	23
3	6	23
6	8	27
2	8	23
2	8	23
1	8	22
1	10	90
0	9	91
3	6	21
5	5	25
4	7	26
3	6	24
11	13	33
8	8	25
2	6	21
2	6	21
7	9	26
3	7	23
5	7	25
4	7	22
5	7	23
3	5	21
6	6	27
0	11	91
0	11	91
6	8	23
10	7	29
7	6	32
3	7	20
2	5	23
2	7	20
6	8	25
7	8	25
0	14	91
9	13	32
8	12	29
9	12	31
8	12	30
4	5	23
2	6	20
3	8	25
3	5	22
2	5	21
4	6	23
2	7	23
3	6	22
2	8	24
4	7	27
1	8	24
3	6	22
2	4	22
2	4	21
3	8	25
4	8	23
2	5	24
3	8	24
5	8	25
7	9	31
5	10	24
1	6	22
2	7	21
0	17	90
0	9	90
4	5	22
2	8	23
7	14	33
4	10	30
3	8	26
3	10	25
5	8	31
0	7	91
5	8	24
4	6	23
9	14	34
1	6	22
4	6	22
3	7	22
4	8	25
3	7	24
4	7	26
9	10	32
4	9	22
2	9	23
2	6	21
4	8	30
0	16	91
4	3	24
6	8	25
3	7	20
3	7	22
3	7	20
7	12	35
9	11	33
9	10	32
8	9	28
3	5	22
3	5	21
3	5	24
1	7	23
3	9	23
7	11	27
1	3	21
8	10	27
7	10	25
8	13	31
3	4	22
2	7	21
3	5	20
6	9	31
4	8	24
5	8	25
0	7	90
0	6	91
6	10	31
4	8	23
2	7	21
6	8	26
4	6	23
4	9	23
4	7	21
7	7	28
3	8	26
3	9	26
2	6	25
4	6	24
7	10	28
4	10	30
6	10	30
3	8	25
3	6	23
4	7	25
5	11	30
4	10	32
4	9	25
2	7	24
6	12	30
5	12	29
7	10	29
3	7	23
1	42	89
6	12	28
1	-1	91
7	11	30
6	8	25
3	7	20
4	8	24
3	7	22
4	6	22
5	7	26
4	7	23
6	8	21
7	9	30
4	9	24
2	7	23
5	10	28
0	2	89
0	19	86
7	11	26
5	9	26
4	5	22
2	7	20
2	4	22
7	11	28
5	13	29
0	13	90
0	8	91
3	7	22
2	4	21
4	8	22
1	7	23
2	3	23
1	3	21
6	10	30
6	9	26
8	9	27
6	11	28
6	11	26
1	6	22
6	9	25
0	10	91
5	9	30
3	4	25
0	10	91
0	8	90
0	7	90
7	8	25
7	8	34
3	8	24
2	4	23
5	8	24
1	12	90
1	11	91
4	8	22
3	5	21
3	29	84
0	10	90
5	7	21
4	7	21
0	16	91
0	14	91
4	10	26
0	8	90
1	6	89
4	4	25
0	7	89
0	9	91
3	5	21
0	11	90
0	8	84
0	-1	91
2	2	22
3	8	24
0	10	68
0	17	91
8	9	36
3	5	23
3	8	24
4	7	25
0	2	68
2	4	22
4	8	24
1	4	20
0	10	91
0	13	91
1	3	20
5	13	30
2	6	26
4	9	33
3	7	22
0	3	90
3	6	25
0	6	90
1	4	20
0	14	91
0	14	91
2	4	22
2	5	21
5	9	27
5	6	25
5	7	26
3	4	21
5	6	25
3	8	25
3	6	23
3	6	23
3	9	26
4	8	27
3	8	24
3	9	24
3	9	25
5	9	26
4	6	21
1	7	91
1	7	89
5	8	32
2	6	22
0	12	91
0	9	90
2	2	21
2	4	20
0	3	22
0	3	21
1	4	24
0	11	91
0	13	91
6	11	31
2	6	21
0	11	91
0	13	90
3	7	25
4	6	23
3	8	23
6	7	25
5	8	25
3	8	22
1	4	23
1	5	22
1	5	21
2	-1	87
0	10	87
4	9	30
6	8	23
4	7	24
1	7	30
0	9	91
0	8	91
0	8	68
0	7	91
0	4	91
9	7	30
0	12	90
0	9	90
0	6	91
0	4	24
0	4	21
0	4	20
0	6	23
0	8	91
0	9	90
0	11	91
0	9	90
3	5	23
4	5	22
6	6	31
0	4	91
0	3	90
0	7	90
0	13	91
9	8	30
1	6	91
6	5	25
5	6	24
0	9	90
0	6	91
1	8	42
0	8	91
0	9	91
0	13	90
8	8	27
1	5	20
0	13	91
0	9	90
0	13	91
2	3	21
2	5	25
4	4	20
7	10	26
8	9	27
0	16	91
0	24	90
1	5	23
3	9	25
3	7	22
3	6	22
8	13	36
0	8	90
0	9	88
2	6	22
2	6	24
4	6	23
4	5	22
0	2	21
3	5	21
0	12	91
0	-1	90
4	7	25
14	38	90
7	38	90
14	39	90
7	10	30
5	8	26
8	10	31
7	15	30
5	8	25
4	8	25
4	9	25
4	6	24
4	10	26
1	5	21
4	7	23
5	7	31
3	7	26
6	11	30
2	8	24
3	7	26
4	9	27
5	8	26
5	10	27
3	10	29
1	1	22
3	3	22
4	6	23
4	6	23
4	7	22
10	15	36
7	13	32
7	14	32
7	13	32
0	14	90
0	13	91
8	28	90
2	5	21
3	4	22
2	4	22
2	4	20
0	2	90
6	9	28
3	7	22
6	7	28
2	9	27
8	15	32
0	10	91
0	15	91
2	6	21
3	6	21
0	11	91
0	8	89
0	8	91
4	6	21
8	8	30
4	8	23
2	6	31
4	8	23
11	11	35
1	3	20
2	4	20
0	4	23
5	6	26
0	9	91
0	10	90
5	8	33
3	5	22
0	-1	91
0	10	82
2	5	23
2	5	22
4	8	25
5	9	26
5	10	24
5	10	26
3	6	23
3	6	26
2	4	25
3	7	22
0	6	91
1	10	91
0	7	91
0	10	90
3	7	27
6	8	27
4	8	24
4	8	23
2	8	22
1	6	23
3	2	21
6	10	29
0	-1	90
7	11	28
0	9	90
3	17	91
3	7	22
3	7	21
3	6	20
6	9	29
1	10	91
9	14	33
2	7	21
7	5	25
1	11	91
6	10	25
0	12	89
0	20	91
6	10	25
8	9	30
0	11	90
0	12	90
0	19	90
0	19	91
4	8	30
0	11	90
5	8	25
5	8	24
5	8	23
4	7	22
6	9	24
6	10	27
8	11	30
6	10	25
6	10	24
4	8	21
7	6	26
1	3	22
8	14	33
7	8	30
4	8	30
0	7	91
1	4	22
1	4	20
2	7	21
1	4	23
1	4	22
2	4	21
5	10	24
5	10	31
0	14	90
0	14	91
1	3	20
2	5	22
6	12	30
8	11	30
5	8	23
0	3	63
9	9	29
5	9	25
0	-1	90
0	-1	89
7	9	30
7	11	30
6	12	31
7	12	34
3	7	24
3	8	25
1	9	23
3	5	24
6	11	32
6	10	26
0	10	90
0	9	90
4	7	25
6	11	29
2	7	22
3	5	22
2	6	23
5	8	30
2	8	22
7	11	29
6	8	26
3	4	23
2	4	20
2	3	21
2	5	21
0	11	91
0	12	91
5	11	32
2	6	22
2	6	22
3	9	23
3	8	24
0	21	91
0	8	90
7	11	31
7	10	25
4	5	22
2	4	21
2	5	22
7	8	26
0	9	91
3	6	23
10	10	39
4	6	26
2	8	22
0	36	90
0	35	90
0	37	90
0	34	90
0	33	90
0	34	90
9	21	55
0	11	91
0	7	91
7	11	28
8	11	30
3	5	25
7	22	90
3	6	23
11	11	35
3	5	21
6	6	30
7	9	26
9	10	33
9	10	31
4	7	21
2	3	24
5	6	25
7	7	24
0	7	91
0	4	91
0	10	90
0	8	90
3	10	26
2	7	23
2	8	21
2	8	21
5	9	25
4	9	23
3	7	22
4	7	24
4	7	24
8	11	27
6	7	25
4	9	23
7	13	30
11	10	32
8	11	29
4	8	24
3	7	21
6	9	32
0	7	91
4	7	25
4	7	24
4	24	91
0	5	90
9	14	31
8	10	26
9	11	34
5	10	25
5	7	23
1	6	20
0	9	91
0	8	90
4	5	21
2	8	24
7	9	27
8	13	31
9	13	32
6	7	26
2	7	22
2	7	22
2	6	22
6	11	31
7	9	29
4	7	23
0	3	21
3	6	22
2	5	20
9	15	34
4	9	26
4	6	22
2	6	22
4	5	21
4	8	25
2	7	22
3	9	24
2	8	23
3	9	24
5	7	27
3	8	23
3	7	22
4	7	22
0	2	20
7	10	32
4	10	24
4	9	23
4	9	23
3	7	22
6	12	30
2	12	23
3	9	23
6	10	26
8	8	31
2	9	23
3	9	26
4	7	23
3	8	22
6	10	32
0	10	91
0	11	90
3	6	21
3	6	22
3	7	24
1	6	21
2	5	20
11	11	35
10	13	36
4	7	25
3	5	24
4	9	24
4	6	22
2	7	21
7	12	31
6	10	30
3	6	25
3	10	25
4	9	25
4	8	25
5	9	24
4	9	24
5	7	23
3	7	23
8	12	30
6	13	30
8	12	34
6	9	30
4	7	25
5	12	30
4	10	25
5	7	24
5	4	23
3	7	21
3	6	20
2	6	21
3	7	22
1	9	24
2	9	23
1	2	23
1	3	22
0	3	24
0	2	23
3	6	22
2	9	22
2	8	22
3	10	23
1	5	23
1	5	22
5	9	26
3	7	23
4	7	22
2	6	21
8	16	34
3	5	26
9	13	32
10	14	32
9	15	33
10	10	28
7	11	28
7	12	28
11	12	33
9	13	31
8	13	30
3	8	30
5	8	24
2	7	23
4	9	26
4	9	24
3	9	23
4	8	25
0	17	90
0	9	91
6	9	24
6	11	28
0	7	90
3	7	24
2	7	22
6	8	28
7	8	27
7	7	25
7	10	25
2	6	25
1	6	22
3	8	32
7	12	31
6	13	34
7	9	29
4	6	23
1	5	20
8	11	29
6	7	23
4	6	24
3	4	21
3	4	22
5	8	24
0	9	91
0	5	91
5	11	30
2	5	21
3	4	22
0	12	90
0	7	91
3	7	23
1	6	23
5	10	26
9	12	30
7	11	31
0	5	91
4	10	25
0	8	90
4	10	28
7	9	24
4	9	35
5	6	25
4	9	26
2	6	22
2	6	21
3	7	23
3	6	21
9	9	33
4	7	24
0	9	63
0	8	91
7	10	33
6	7	27
3	7	24
3	6	23
2	6	21
3	8	22
2	3	22
0	9	90
4	6	22
5	9	30
5	8	27
3	6	22
3	7	20
2	5	23
1	5	20
0	10	91
0	13	91
0	10	91
0	8	91
3	6	21
7	8	24
6	10	30
7	12	34
3	5	23
4	8	22
4	7	24
1	4	22
5	8	30
6	10	26
5	8	25
3	6	25
0	7	91
4	10	28
4	9	27
5	10	26
8	14	38
5	10	30
0	7	90
0	10	91
6	9	25
8	12	30
7	10	29
5	10	26
9	11	33
0	14	91
8	11	33
4	9	23
8	9	32
9	9	31
7	8	27
1	5	20
1	8	22
3	6	23
5	11	30
5	9	27
4	10	24
5	8	21
4	5	24
3	-1	91
2	8	23
4	6	25
3	5	21
8	10	31
3	7	27
4	9	23
3	9	23
2	8	21
3	6	22
8	10	30
0	22	90
0	12	80
0	12	80
3	6	26
7	7	31
9	11	33
8	9	32
0	13	90
2	16	91
0	10	91
0	15	90
0	17	90
0	14	90
10	12	35
3	7	22
3	7	23
2	7	20
8	9	33
9	12	35
4	8	24
11	15	37
7	11	28
6	7	25
5	9	25
4	10	27
4	6	23
11	15	38
3	8	28
3	7	24
2	6	22
5	7	23
3	7	23
2	7	22
2	7	21
1	7	20
3	7	22
2	5	20
0	10	91
0	10	90
5	9	24
5	9	24
11	18	36
10	15	34
8	11	33
4	8	25
3	7	22
3	7	21
10	15	33
10	12	32
10	11	30
6	11	30
8	10	30
8	10	28
7	12	30
2	6	21
6	8	25
4	5	22
0	16	90
0	12	90
4	8	24
4	8	23
5	9	27
5	7	26
1	5	20
5	5	24
2	5	24
3	5	22
6	9	26
0	13	91
0	-1	90
3	7	22
2	6	22
2	6	23
15	15	41
5	6	25
3	5	22
3	5	23
3	5	22
3	7	24
3	8	24
4	14	30
8	11	30
1	4	21
1	3	20
1	5	20
5	7	23
4	6	24
0	8	89
0	6	91
0	7	61
2	11	23
0	9	90
4	8	22
5	7	22
3	7	21
5	8	23
2	10	27
4	8	25
4	10	27
3	7	23
4	13	28
1	20	90
6	10	25
2	6	20
2	7	22
2	7	23
2	5	21
4	10	26
4	9	25
4	10	27
4	9	26
2	8	25
0	7	90
0	11	90
2	7	22
3	10	24
2	6	20
5	37	90
2	5	21
2	5	23
2	5	22
2	5	21
2	7	23
4	10	24
2	5	21
0	7	90
4	11	30
1	8	22
2	6	22
3	6	23
2	5	21
5	9	24
1	8	20
3	12	24
7	9	29
9	12	33
0	3	91
4	13	90
5	8	23
2	11	23
3	9	23
4	11	24
3	7	21
3	6	22
2	5	21
2	4	22
2	4	21
4	7	23
3	7	22
2	6	21
1	3	20
3	6	22
2	6	22
9	10	30
3	5	22
7	10	30
4	6	24
0	8	90
0	12	91
2	8	23
2	6	23
0	8	91
0	9	91
3	5	21
4	8	24
3	6	20
10	15	34
9	12	31
6	12	26
6	5	30
6	9	26
4	6	22
3	10	28
4	10	27
3	10	26
3	9	25
3	8	24
3	7	23
3	7	22
4	8	23
4	7	23
9	9	27
4	7	23
4	8	22
3	6	22
3	9	23
6	15	33
4	14	30
3	13	26
9	9	31
7	8	31
9	10	32
4	5	21
1	4	21
9	17	35
1	6	20
1	4	21
7	11	32
6	9	27
8	11	33
5	8	24
9	14	34
2	5	20
3	5	22
2	8	23
3	6	23
1	3	20
6	9	26
2	8	22
2	6	22
0	9	91
5	8	27
10	12	38
5	8	23
2	8	23
4	9	31
3	8	22
6	9	26
8	13	36
7	8	24
5	6	30
4	6	23
5	7	25
1	6	20
3	7	23
7	7	29
8	8	28
7	7	27
11	9	37
7	13	33
5	10	27
5	11	28
2	7	21
6	7	27
7	9	28
5	10	25
0	10	91
0	4	91
9	17	36
4	8	22
3	6	23
6	8	26
9	13	35
4	8	25
2	8	24
3	7	24
2	4	20
4	9	27
4	8	24
3	7	23
4	7	24
2	6	22
5	12	30
8	13	31
2	5	20
0	13	91
0	15	90
4	8	21
0	1	90
3	6	21
1	4	20
4	6	22
4	6	23
4	6	21
3	5	21
0	25	88
0	27	90
4	8	24
8	11	29
9	13	33
5	9	24
2	3	24
2	5	23
2	5	22
3	6	22
7	8	26
1	3	21
2	8	23
3	7	22
0	15	90
0	13	91
2	3	22
2	3	21
1	8	38
0	7	90
2	3	21
0	15	91
1	4	21
5	9	26
6	9	25
4	6	23
1	2	22
7	7	30
0	27	90
3	6	22
5	9	23
5	9	25
4	8	24
5	5	25
6	6	26
8	9	27
6	8	25
4	9	26
2	5	22
2	7	21
3	5	22
4	7	21
2	8	22
2	8	22
5	7	22
3	6	20
7	9	31
3	7	21
3	9	25
5	6	23
3	6	22
4	10	23
3	7	22
3	4	23
2	6	24
2	6	23
3	9	25
3	8	24
2	6	25
4	6	23
0	10	88
0	22	91
0	10	91
1	6	21
2	3	20
2	4	21
6	9	32
6	8	30
5	8	24
5	9	27
5	12	30
2	6	25
4	7	31
2	6	21
4	7	25
4	7	23
7	12	30
8	9	30
4	8	22
4	5	24
7	8	24
5	7	24
3	8	20
0	3	21
1	4	22
2	5	23
2	7	21
4	5	22
1	8	22
1	22	91
0	20	91
3	8	24
10	18	39
10	16	37
10	16	36
4	8	26
5	11	31
0	15	90
2	6	22
4	8	21
10	11	34
8	12	31
1	27	90
0	26	90
2	7	22
0	4	48
2	6	22
3	7	23
7	8	31
3	8	26
3	8	25
5	8	26
8	6	29
5	8	25
1	4	22
0	2	20
1	5	24
0	6	25
6	10	27
4	9	23
4	8	24
4	9	24
4	9	25
5	10	23
4	7	22
8	10	29
8	13	31
7	11	26
7	13	30
7	9	26
7	11	29
7	10	27
7	12	28
5	11	32
3	8	26
3	8	27
3	6	25
2	5	22
3	8	26
4	7	26
5	9	24
6	9	28
5	10	25
6	9	26
5	8	27
4	7	23
7	10	30
4	10	25
2	7	24
2	6	24
2	8	23
2	8	23
8	10	34
2	7	22
2	7	22
1	6	21
0	6	90
0	9	90
6	10	29
9	9	27
7	12	32
4	8	23
4	9	23
2	3	21
6	11	29
6	5	26
2	5	23
3	5	21
5	9	24
9	13	34
6	7	26
4	10	26
6	11	27
0	11	91
1	25	91
1	5	90
2	7	21
2	6	23
0	10	90
6	11	32
7	9	27
6	11	30
3	52	89
4	6	21
7	10	27
2	5	23
3	6	25
3	5	21
2	6	22
3	8	23
6	10	30
4	10	26
3	8	23
6	10	31
0	6	91
7	11	30
3	5	23
5	8	25
3	7	23
0	10	91
5	9	25
5	9	25
6	9	26
8	8	27
9	11	29
4	5	30
8	14	32
7	11	31
7	9	25
1	3	21
8	11	31
5	6	25
2	9	22
5	9	30
0	9	90
6	8	28
3	7	24
2	8	24
2	7	23
3	6	21
5	8	24
4	8	23
6	8	25
6	9	26
7	10	26
3	6	21
3	8	22
4	7	22
0	-1	89
5	5	25
4	5	23
4	5	24
3	5	25
4	5	23
3	9	25
3	11	24
4	10	24
3	9	22
5	11	32
5	12	30
5	11	30
7	7	35
0	9	82
1	11	82
5	9	23
1	6	22
2	4	21
7	11	30
2	6	21
4	10	24
3	7	21
1	5	21
3	6	24
1	3	22
8	15	34
7	9	27
7	9	26
5	9	24
6	10	35
5	6	21
2	4	21
3	7	23
8	11	31
9	13	30
6	11	32
2	7	22
2	6	21
6	11	30
4	7	25
9	8	32
2	5	24
5	8	31
1	-1	91
1	4	21
7	7	27
8	12	31
2	4	21
2	4	23
1	4	22
8	9	30
6	9	25
2	5	21
4	8	23
3	7	21
4	8	23
4	7	23
3	6	22
3	6	24
1	2	22
9	11	31
7	10	28
3	9	25
5	9	25
5	9	24
4	6	21
4	6	24
3	7	22
9	10	28
9	11	32
5	10	24
4	9	23
4	8	23
3	26	91
0	8	90
0	7	90
4	5	24
3	7	22
4	5	22
6	9	25
4	9	24
3	9	21
3	8	23
5	6	23
11	15	34
2	6	22
1	16	90
0	5	90
7	9	24
7	11	30
4	5	24
2	6	21
3	6	23
5	7	24
4	11	24
9	8	28
8	8	29
5	7	24
0	17	91
3	5	22
3	4	20
7	7	23
2	5	22
5	7	23
3	10	22
8	12	30
4	8	24
11	13	35
7	10	32
11	15	36
9	12	33
4	7	23
0	10	91
3	8	21
4	3	22
3	5	21
5	11	31
5	8	26
5	6	21
9	13	34
8	9	28
3	6	21
9	13	34
10	13	33
7	11	28
6	12	29
9	13	31
9	13	37
9	13	32
7	12	30
10	13	34
4	8	25
3	7	22
3	6	22
4	8	26
0	10	90
2	6	21
4	8	23
0	14	90
0	17	91
7	12	30
3	7	23
1	5	22
4	8	25
8	12	38
6	9	34
3	6	23
4	6	22
3	6	23
3	7	23
4	6	20
4	8	24
3	6	91
9	11	28
5	7	25
3	7	21
4	7	23
5	9	26
5	8	24
5	10	24
3	10	24
3	6	22
9	11	35
8	9	25
0	11	90
6	7	26
4	8	24
4	8	21
3	7	22
3	6	22
5	9	24
6	8	23
3	7	26
4	9	32
2	9	23
3	8	22
4	11	26
3	9	26
4	7	25
3	8	26
3	5	21
2	6	21
5	8	29
5	9	27
2	7	22
4	10	28
1	6	21
4	8	24
4	7	24
4	6	23
4	6	22
3	8	22
0	16	90
6	12	25
3	8	21
6	14	30
5	8	26
5	8	24
5	7	28
7	9	33
2	4	20
7	8	24
3	7	23
2	5	21
3	7	22
2	6	21
6	6	90
4	7	23
2	5	23
0	15	90
0	9	88
7	14	30
5	12	28
5	8	25
9	9	31
3	6	22
2	8	22
2	5	22
0	7	91
2	5	22
3	7	23
2	5	22
5	8	26
9	14	32
12	13	36
5	9	32
5	7	23
3	8	25
8	11	31
0	4	91
0	10	91
0	9	90
2	8	23
2	8	22
3	9	23
6	14	27
2	7	23
6	8	22
3	5	23
3	5	22
3	6	24
3	6	23
3	6	22
1	4	21
1	24	90
5	8	27
4	7	20
3	8	23
5	6	24
6	9	28
2	5	23
4	10	24
10	11	32
9	10	29
6	9	26
5	8	24
2	4	24
2	5	22
5	8	23
1	7	23
3	6	22
3	10	26
6	8	24
4	5	23
8	12	30
7	7	27
8	7	28
2	6	21
7	9	26
7	11	26
6	12	30
2	10	23
4	7	23
0	13	90
0	7	91
13	13	34
2	6	22
2	6	21
4	6	23
4	11	24
4	6	23
6	9	30
6	9	31
6	10	24
2	7	22
4	5	23
6	11	32
9	11	33
7	10	25
7	10	24
5	11	26
3	5	24
5	7	27
5	8	22
2	5	21
1	3	21
8	12	33
7	12	33
7	12	30
6	7	31
7	12	35
6	7	26
7	8	26
8	10	28
6	10	25
9	11	35
10	10	30
9	9	30
1	3	20
6	8	26
2	5	25
4	8	23
9	13	32
0	10	91
0	6	91
4	23	91
4	4	23
3	7	21
5	7	24
10	13	34
2	6	20
4	5	24
0	10	91
0	10	90
4	5	23
4	5	22
3	8	22
5	6	25
6	10	31
4	6	22
7	13	29
5	7	25
6	8	24
10	10	91
4	11	90
0	9	91
0	10	91
1	6	20
8	8	27
3	7	22
2	6	20
4	8	23
4	8	21
6	9	25
7	11	26
6	8	29
7	11	27
3	6	22
5	15	34
3	17	33
2	8	22
8	12	32
8	12	35
9	14	34
9	14	32
2	5	22
1	7	20
3	4	21
4	9	27
4	8	26
4	7	25
4	8	25
4	6	24
3	6	24
1	20	91
4	9	23
5	9	22
4	12	30
4	7	24
4	8	25
3	6	23
3	5	22
2	5	21
7	9	23
7	9	26
4	11	28
2	6	22
0	40	91
3	8	22
3	7	24
6	9	24
3	6	23
3	4	24
2	6	23
2	6	21
1	7	20
3	7	24
2	6	22
5	8	24
7	10	27
8	12	29
7	11	29
3	5	24
2	5	23
7	10	27
6	10	26
0	17	91
4	6	25
7	8	25
6	12	31
4	8	24
2	4	21
4	10	30
3	6	22
3	6	21
4	5	24
1	3	20
1	4	21
3	5	22
5	8	26
4	6	22
2	5	23
0	7	91
3	3	21
7	9	23
3	6	21
0	13	91
0	8	90
3	5	23
1	3	22
8	42	90
4	9	31
3	7	23
3	6	22
3	8	23
4	9	24
1	3	20
0	13	91
4	8	23
7	13	30
0	5	22
4	7	25
2	5	22
7	11	31
1	3	20
4	5	22
2	7	21
0	16	71
5	8	26
5	10	30
3	8	23
5	10	24
3	6	22
3	6	25
5	6	25
3	5	23
4	5	26
1	9	91
3	7	25
4	7	23
0	10	90
3	6	21
10	11	34
2	3	21
8	10	28
6	10	25
3	9	25
6	8	27
2	5	20
23	30	84
5	7	25
5	8	24
0	7	21
2	8	24
5	28	88
3	9	21
4	6	23
2	7	22
4	30	91
3	-1	91
4	29	91
0	14	90
3	7	22
3	9	22
2	4	21
8	12	34
3	8	23
3	7	22
0	7	66
1	6	22
10	13	33
8	10	31
7	9	30
8	11	32
8	8	27
9	10	34
1	3	22
3	6	23
3	9	24
3	5	20
0	4	22
4	6	23
3	4	23
3	9	21
4	10	24
3	7	22
3	6	21
7	11	25
3	8	24
2	6	22
4	9	23
3	6	24
2	6	23
3	7	22
4	9	26
4	7	32
5	10	28
3	8	24
4	7	24
4	6	24
5	5	22
2	5	21
1	2	23
4	8	23
3	10	23
1	6	20
3	6	26
2	6	23
2	5	22
7	9	29
6	10	30
2	7	21
6	9	35
6	8	23
1	9	24
2	5	20
6	8	23
0	14	91
4	8	24
7	10	27
3	7	23
2	7	22
4	8	23
7	11	30
8	11	32
7	12	30
6	13	31
5	9	27
4	10	25
3	9	26
7	11	30
7	10	30
6	12	30
7	8	31
2	4	22
4	5	25
1	5	23
7	10	26
8	10	27
6	8	25
4	12	26
5	6	27
4	9	22
4	8	23
4	7	24
3	6	23
7	12	33
6	9	33
2	4	22
7	9	24
3	5	21
6	8	27
2	6	23
1	4	21
0	3	91
7	8	27
5	8	24
1	4	22
3	5	20
5	5	24
4	9	24
4	5	21
6	10	25
7	10	28
3	11	25
3	8	23
2	7	22
2	7	21
1	5	61
1	-1	91
7	11	28
5	8	26
7	16	32
3	9	21
2	5	21
2	3	24
3	7	23
10	11	33
3	7	23
3	7	23
1	8	22
2	8	22
2	7	20
3	7	22
5	10	24
5	7	24
3	4	23
0	11	91
0	12	91
3	8	22
2	6	23
0	6	23
1	4	22
1	4	21
5	7	24
5	9	24
5	9	27
6	8	30
2	4	22
0	10	90
8	11	28
6	10	30
3	7	23
10	12	37
9	12	33
3	4	25
6	10	26
0	7	91
3	8	26
8	15	32
2	7	21
2	5	22
6	8	27
6	11	31
6	9	25
3	7	22
2	8	22
2	8	22
3	6	24
3	6	25
2	7	21
5	7	24
7	11	31
5	11	30
2	4	20
6	6	24
3	5	22
2	6	20
6	10	28
4	6	20
1	5	91
1	6	90
7	15	33
4	8	23
2	7	23
7	8	27
2	6	21
9	10	27
4	4	23
1	4	22
3	7	22
3	10	24
4	8	24
2	6	22
4	4	22
3	5	23
4	5	23
7	10	26
3	6	20
5	7	25
5	8	27
0	16	91
0	-1	91
0	8	91
0	8	91
1	14	91
0	15	90
1	14	91
2	6	24
2	6	22
2	7	23
0	2	89
0	-1	91
1	4	20
0	2	20
0	4	21
4	9	26
5	6	23
2	4	24
1	4	23
0	5	22
1	2	22
1	4	22
0	4	22
1	3	21
1	3	20
3	9	24
3	7	23
2	8	23
3	6	21
2	5	21
1	7	21
0	13	91
7	8	25
6	8	24
5	8	23
0	29	90
4	9	23
5	10	26
8	12	30
5	8	26
5	8	30
0	8	91
2	6	24
4	6	22
4	7	23
4	7	23
5	7	24
0	5	21
4	12	26
7	10	30
3	7	23
4	7	24
7	12	31
2	7	20
9	24	90
7	8	28
1	7	21
3	7	22
8	7	27
0	14	90
0	8	90
9	9	30
8	11	33
4	11	34
4	5	22
3	7	23
3	7	22
3	7	21
0	6	36
0	5	36
2	9	24
6	9	26
2	8	27
3	7	24
3	6	21
3	6	22
2	4	21
2	7	22
3	7	22
5	9	27
9	13	33
2	5	20
3	7	23
3	7	23
1	3	21
3	7	25
5	8	22
0	19	90
11	16	36
3	9	24
4	12	26
2	7	23
6	12	28
6	9	25
6	9	24
4	7	24
7	9	27
2	5	23
2	8	21
4	7	23
4	7	23
7	10	30
9	11	31
1	9	90
7	10	28
0	23	90
2	7	21
3	9	22
4	9	23
1	6	22
1	19	91
1	19	91
4	6	23
5	11	30
5	9	30
5	8	30
6	9	30
0	12	91
0	14	90
0	-1	89
4	7	24
4	9	21
3	8	25
3	8	30
6	10	30
2	4	25
2	4	24
1	2	23
1	3	24
0	3	22
0	2	21
1	2	21
2	3	20
2	7	22
4	5	21
0	12	91
0	11	90
1	3	20
2	4	20
2	5	23
5	8	26
1	11	91
3	8	31
3	3	23
1	6	20
3	5	22
3	7	24
8	9	26
3	7	21
3	6	24
3	7	24
2	6	22
2	5	21
3	7	23
1	15	90
5	8	24
6	9	26
4	8	25
5	8	24
1	5	22
5	9	23
2	6	23
3	7	22
2	6	21
5	7	27
2	6	22
2	5	23
2	6	24
4	6	24
3	5	24
4	5	23
3	5	22
2	7	23
4	8	24
3	6	21
2	7	22
4	8	23
3	9	25
4	7	23
5	7	23
3	5	22
0	6	90
0	13	91
0	4	20
8	10	31
3	7	23
2	9	22
1	12	91
5	8	24
7	15	31
4	12	30
0	-1	90
2	4	22
0	4	21
3	5	22
3	7	21
2	7	22
0	4	21
8	11	31
6	10	29
4	7	24
2	4	25
1	6	21
2	6	23
2	6	24
1	4	21
1	3	20
0	6	90
0	3	90
0	20	90
1	4	20
0	3	21
3	6	22
3	7	25
3	7	23
2	7	22
0	10	90
2	4	22
2	6	22
3	6	22
6	8	31
5	9	25
4	7	24
8	12	32
6	7	24
5	7	23
4	6	23
8	13	32
4	5	25
4	4	24
3	4	23
2	3	22
6	9	25
3	3	23
0	7	42
4	23	91
4	25	91
6	24	91
0	18	91
1	2	21
4	5	24
9	13	31
8	12	30
0	9	90
0	12	90
6	6	24
2	4	22
4	10	22
2	6	21
3	10	26
0	13	91
0	14	91
0	10	91
2	19	90
1	4	21
1	3	24
0	4	23
2	5	24
1	4	21
8	10	26
3	5	22
3	6	22
1	14	91
4	6	21
1	7	21
0	2	21
0	11	90
0	12	91
2	4	21
1	3	20
0	7	91
0	8	89
2	5	24
2	3	22
3	6	24
1	34	90
3	31	84
4	7	23
0	12	91
0	7	90
0	11	89
7	12	31
3	4	22
0	4	21
2	6	25
0	8	90
0	9	90
0	13	90
3	6	23
0	-1	90
3	8	26
1	3	20
0	10	91
4	6	24
3	7	22
3	8	24
6	8	30
3	7	25
2	6	23
2	5	22
2	7	23
5	8	24
2	6	22
3	6	21
2	6	27
1	4	21
1	3	21
2	4	21
2	5	20
0	4	20
0	4	91
0	5	91
1	10	89
3	6	23
5	5	25
3	3	22
2	4	21
3	7	22
0	22	90
5	6	23
6	10	31
5	9	30
4	8	25
3	7	22
5	5	24
3	6	22
0	8	62
0	8	91
0	9	91
0	10	91
9	9	34
8	10	27
5	10	30
4	8	24
6	8	31
9	9	32
6	7	29
7	6	27
6	7	26
7	8	32
8	7	30
1	2	21
7	10	29
3	7	23
0	7	72
0	7	72
9	8	29
2	6	21
0	15	90
10	12	33
0	6	89
0	12	90
2	10	23
3	7	21
2	3	20
7	8	30
0	34	90
0	35	90
9	13	29
5	7	26
7	11	32
2	5	31
11	11	39
5	9	24
4	9	22
3	9	24
3	8	23
3	8	22
2	7	22
1	6	88
0	10	90
4	5	27
4	6	24
2	4	21
2	7	20
0	6	48
1	6	48
4	5	24
3	7	24
1	7	22
0	1	91
0	5	91
5	6	23
3	6	22
11	14	38
8	12	33
4	6	24
0	9	91
0	10	90
0	9	91
0	11	90
4	5	24
2	5	24
0	5	90
4	6	22
3	6	23
2	6	21
7	9	26
6	11	32
7	10	33
5	9	25
6	10	27
1	4	22
5	8	23
7	9	25
1	9	90
0	9	90
0	12	90
4	9	30
0	8	91
0	13	91
3	5	23
6	9	33
6	8	24
4	6	24
4	5	25
2	8	23
6	8	24
2	6	24
7	9	26
0	15	90
3	8	21
0	5	90
0	10	91
10	13	35
3	6	22
0	7	91
0	8	89
2	7	23
6	10	30
2	9	23
0	8	90
2	4	22
3	9	23
11	19	38
4	11	30
5	10	31
16	31	89
5	10	24
3	9	30
0	7	89
5	5	26
5	6	23
5	9	25
1	4	21
0	9	69
0	10	90
0	10	91
2	5	22
0	2	22
0	12	91
0	7	90
0	12	91
0	10	91
3	5	21
2	10	24
0	3	90
1	10	90
8	11	29
1	2	22
4	7	21
0	17	91
0	10	91
1	9	91
2	4	23
0	6	91
0	12	90
3	8	21
3	9	25
3	8	24
3	8	23
2	5	24
2	4	23
2	4	22
1	4	21
2	3	21
4	8	25
5	4	24
4	5	24
2	4	21
6	10	27
2	7	23
2	5	20
7	7	30
6	7	26
6	10	28
3	8	22
2	12	51
4	7	24
3	6	21
3	6	22
3	5	22
0	7	90
0	17	91
7	12	31
4	7	22
5	9	41
0	17	91
3	3	22
1	3	23
2	4	21
1	4	21
5	8	26
1	-1	87
0	6	87
6	10	30
2	7	23
2	6	21
7	9	34
8	12	35
8	11	35
8	11	33
6	9	28
0	15	91
3	7	21
1	3	20
3	4	23
6	7	25
3	5	22
4	8	25
0	7	91
0	2	22
0	9	91
0	12	88
0	0	90
5	7	25
0	2	20
3	7	22
4	7	22
3	7	20
0	6	90
2	7	22
5	8	31
6	8	30
4	4	23
2	5	22
1	7	21
1	8	22
0	12	90
0	10	90
0	5	20
3	5	23
0	4	22
1	4	23
2	5	21
2	5	22
2	5	21
4	10	24
4	12	26
5	8	26
3	8	22
4	7	21
3	5	23
0	6	42
3	8	22
3	6	22
2	8	24
4	8	24
3	7	23
3	7	22
3	7	21
8	13	31
7	9	27
7	10	35
6	8	27
6	8	27
5	7	24
5	9	25
5	6	23
1	4	23
3	11	24
5	10	27
4	7	24
6	8	30
3	6	21
6	7	26
5	8	30
5	6	23
4	9	23
1	5	21
0	15	90
0	17	91
4	8	22
3	8	23
5	7	21
1	1	22
9	8	28
4	5	25
2	5	24
3	5	24
8	12	36
4	10	30
5	11	31
5	11	29
7	13	33
0	5	90
0	5	91
2	3	22
5	7	25
4	9	24
0	11	89
0	12	91
0	2	21
5	5	24
0	5	90
0	19	91
7	7	25
2	5	22
3	8	22
7	14	32
3	5	22
3	7	26
4	6	23
3	9	25
1	4	20
0	4	23
3	5	20
5	7	23
1	3	21
3	7	22
4	9	25
3	11	25
5	4	22
0	8	91
0	8	90
0	11	90
0	11	91
3	8	22
0	11	90
0	10	91
5	7	28
0	11	91
0	9	90
0	7	90
9	14	36
0	13	90
0	7	91
11	10	35
3	5	23
3	6	21
3	5	22
0	0	90
0	5	91
3	6	25
2	3	21
2	5	21
5	9	26
5	7	24
2	7	23
3	6	21
0	12	86
0	15	90
1	4	20
0	11	90
0	12	90
2	3	22
5	8	24
6	10	30
1	6	90
1	14	90
4	11	32
6	12	33
6	11	31
6	9	25
2	10	25
4	8	24
3	9	23
0	2	21
0	2	21
2	7	21
2	4	21
3	5	27
1	5	22
1	4	21
0	4	20
4	5	22
0	10	90
0	6	91
7	9	30
5	8	23
5	8	24
4	8	25
5	8	26
0	8	91
5	8	25
6	11	32
5	9	31
3	5	22
3	6	24
5	9	25
2	3	22
2	3	21
0	-1	91
0	16	90
4	10	24
2	11	25
0	13	90
0	-1	91
3	7	24
0	3	84
2	13	90
1	15	91
2	5	24
2	4	21
12	9	34
6	8	25
1	3	23
5	13	34
0	8	90
6	3	24
0	3	89
1	-1	91
6	9	25
5	10	25
5	8	23
5	11	27
4	11	26
5	9	24
4	9	24
2	5	21
7	9	27
6	8	27
0	7	91
0	14	91
0	14	91
6	8	26
7	9	30
4	7	24
2	5	22
2	5	20
1	4	21
3	6	24
3	6	24
6	9	26
8	10	26
2	6	21
6	11	27
6	9	27
1	6	21
4	13	30
1	4	21
0	8	91
0	7	90
3	7	22
3	7	20
3	6	24
5	9	27
3	7	27
0	8	91
0	3	91
4	8	23
5	6	24
7	9	27
6	7	26
5	8	23
2	4	21
3	6	23
7	10	33
3	12	28
4	11	24
5	8	24
3	7	20
5	6	25
3	7	21
2	11	23
5	7	25
4	8	30
2	6	22
3	6	22
4	7	24
5	7	27
5	11	30
5	10	28
4	10	26
4	9	26
3	8	24
3	8	24
3	6	23
0	14	91
7	9	28
6	7	26
0	8	88
0	14	91
2	8	20
4	7	22
2	6	21
2	6	23
2	5	23
2	5	21
1	6	20
0	9	86
4	8	25
5	8	24
4	8	30
5	9	24
3	7	24
7	12	33
2	4	22
2	4	21
0	10	91
0	9	91
6	13	32
3	6	21
5	8	24
4	7	22
3	6	24
4	7	23
3	5	23
2	4	21
4	7	22
3	5	21
4	8	22
3	7	24
3	6	23
0	6	90
4	7	23
4	8	24
3	6	22
4	5	25
5	6	22
1	5	22
0	12	88
0	14	90
0	11	91
0	11	91
3	6	21
1	3	24
2	3	23
1	7	22
0	15	90
1	12	90
0	13	90
3	5	22
3	5	23
0	11	82
2	5	22
0	5	21
1	4	21
5	6	22
5	9	27
4	6	21
4	7	21
2	5	22
1	3	21
5	9	25
3	5	23
2	5	26
2	7	22
0	5	21
4	7	23
6	8	25
2	5	22
8	10	32
0	22	91
0	11	83
0	7	91
0	8	91
1	9	91
2	4	22
0	2	21
0	7	90
0	8	88
1	7	20
2	7	22
5	8	23
3	6	23
0	14	91
0	9	90
1	6	23
2	7	23
0	13	90
5	7	26
14	24	90
5	9	26
0	11	91
3	6	26
0	9	91
0	-1	81
0	9	91
0	11	91
0	4	91
6	12	27
6	7	25
5	9	30
0	13	91
0	8	90
10	10	36
7	10	28
4	7	26
3	7	24
4	7	24
5	8	30
4	9	30
3	6	24
3	7	26
2	5	24
7	9	27
4	8	25
3	8	25
6	-1	90
1	7	91
4	7	24
3	7	23
6	6	24
4	7	25
1	5	21
3	6	23
1	5	22
8	13	32
7	22	90
3	6	23
4	5	21
3	4	22
5	7	25
5	8	30
6	9	30
4	8	30
4	5	28
1	11	91
1	13	90
0	9	91
0	9	90
5	7	26
1	2	20
5	10	23
0	11	89
0	11	91
0	5	21
3	6	22
5	8	26
3	7	25
0	7	91
0	14	91
2	4	21
2	7	21
1	7	20
2	5	20
0	4	91
0	11	91
3	7	23
2	5	21
4	8	23
4	22	90
4	24	90
3	9	29
5	8	25
3	5	22
0	2	21
4	9	22
2	7	21
2	7	21
2	7	22
3	4	22
4	8	25
0	7	90
4	7	23
2	8	24
2	7	25
3	7	23
4	7	25
3	6	26
2	5	24
3	5	21
3	5	24
3	4	22
5	6	24
9	12	30
7	10	32
5	7	26
5	11	27
6	11	25
6	10	25
4	6	22
0	10	90
0	9	91
5	11	31
9	13	32
5	30	91
5	7	23
9	10	32
1	3	23
1	3	23
0	3	21
2	5	21
5	8	26
8	13	33
2	8	23
2	5	20
5	9	24
6	10	32
4	10	26
0	8	90
5	7	24
6	7	24
2	5	23
0	3	21
0	4	22
1	4	23
6	11	33
7	11	32
6	11	31
4	8	23
5	10	25
5	9	25
5	10	27
10	11	33
10	9	27
2	6	90
7	12	30
6	34	91
5	33	91
6	33	91
4	34	91
4	33	91
4	33	91
2	6	20
0	8	89
3	7	22
6	14	32
7	13	31
3	7	22
5	11	25
5	8	22
5	6	24
5	7	22
3	7	21
6	8	31
6	8	24
7	9	28
7	9	27
6	8	25
6	8	26
8	11	30
3	8	22
2	4	21
4	6	23
4	6	22
3	8	24
4	5	24
3	5	24
4	11	26
2	7	25
3	8	24
2	6	22
3	5	21
4	9	24
4	8	24
7	10	30
5	8	24
5	8	24
2	5	21
11	14	35
9	12	32
9	12	32
10	10	29
3	5	24
4	7	21
2	6	22
2	6	23
3	6	21
5	8	23
8	9	32
6	9	31
7	10	31
1	7	20
3	7	21
6	10	28
10	14	34
2	5	22
7	8	25
2	4	23
5	6	25
5	9	24
7	9	31
6	9	30
3	10	23
4	10	23
4	9	22
1	5	23
0	11	90
5	7	23
4	6	25
1	7	90
0	8	91
0	11	91
4	8	24
5	5	22
10	9	32
4	6	24
4	6	26
7	8	26
7	10	30
4	6	23
3	7	22
2	6	22
0	-1	90
6	7	24
9	13	32
7	10	28
5	9	23
8	9	28
0	-1	91
0	10	90
3	10	23
4	9	23
8	11	33
8	10	30
7	11	35
7	14	31
9	11	30
5	10	27
0	8	91
0	5	91
1	32	79
4	7	23
6	8	27
6	8	27
0	7	90
6	7	24
7	8	26
0	14	91
0	11	91
8	9	33
10	8	32
10	9	36
8	9	33
9	8	32
8	8	30
8	10	35
9	9	29
10	11	35
8	8	28
8	9	31
11	13	37
8	9	31
4	7	21
5	7	24
2	10	23
3	6	24
4	8	22
0	10	91
5	9	26
1	4	20
3	4	22
1	3	21
6	7	27
7	9	28
7	10	31
1	12	91
8	7	31
0	11	90
1	15	90
3	6	26
0	8	90
1	6	91
9	8	33
9	8	30
8	8	30
0	9	91
7	8	29
5	11	30
4	8	24
3	6	20
6	10	26
2	7	23
1	7	22
10	11	33
5	9	23
3	9	22
0	14	91
0	16	91
0	4	91
0	14	90
0	13	90
3	7	25
3	7	23
3	6	23
2	7	22
2	7	20
9	10	33
1	10	89
1	10	90
0	-1	89
0	12	90
0	6	89
0	-1	89
0	10	91
0	7	90
0	13	91
3	11	26
5	9	23
6	11	31
0	5	42
0	9	91
0	11	89
0	10	90
0	15	91
1	5	21
2	3	20
8	11	34
0	10	91
0	2	56
9	10	34
0	10	90
2	4	23
2	3	22
0	15	91
0	9	90
2	3	23
0	8	91
0	10	88
0	3	21
9	11	33
2	5	22
2	6	24
0	11	91
0	11	91
3	4	22
0	4	46
0	5	90
0	6	91
0	13	91
5	5	24
1	14	91
0	11	90
1	25	90
4	9	25
1	2	21
0	13	91
1	8	91
0	9	91
0	6	49
2	5	20
2	6	22
0	11	90
0	12	91
0	14	90
0	11	91
0	11	91
0	7	89
9	13	33
8	12	30
6	11	28
7	10	29
0	5	91
0	6	91
0	11	91
0	16	91
1	9	90
1	7	23
4	11	30
4	7	23
0	13	90
3	5	24
3	7	25
3	6	23
0	5	90
5	9	23
0	14	90
0	8	91
0	12	89
0	5	90
0	9	90
5	3	30
4	6	22
0	13	91
1	10	91
0	5	90
0	16	91
0	16	91
0	13	91
2	6	21
0	12	90
3	8	22
4	6	24
2	5	27
5	8	26
0	11	88
0	8	91
5	10	34
4	7	25
3	8	27
5	8	91
0	12	90
0	7	91
5	7	31
3	5	25
2	6	26
0	5	91
0	13	90
0	13	89
5	8	24
8	7	27
7	7	31
0	8	91
0	-1	90
1	13	91
3	6	23
0	10	91
0	10	91
5	7	26
1	13	91
0	11	90
7	9	34
0	10	87
0	11	87
21	20	52
0	10	91
0	4	90
0	5	90
2	5	21
0	3	23
2	6	21
5	5	22
2	6	22
0	11	90
0	8	90
0	10	90
7	10	29
3	6	23
3	7	22
2	7	22
2	6	24
4	5	24
2	4	23
3	4	22
3	4	21
2	4	23
3	6	24
2	5	22
2	6	21
0	14	90
0	11	91
0	3	21
3	5	21
3	6	22
0	-1	91
2	4	21
0	4	90
3	8	24
4	7	24
3	6	24
3	5	23
2	6	25
3	4	22
2	5	22
2	4	21
6	10	28
5	6	30
0	4	24
0	6	90
0	11	91
0	10	90
0	9	91
0	3	23
5	8	26
5	26	91
2	14	91
2	16	91
0	13	89
0	14	91
2	6	21
3	6	22
9	10	35
0	14	91
0	7	62
0	9	91
0	11	91
0	4	21
1	4	20
4	7	26
5	9	24
0	2	21
5	10	25
0	10	91
0	9	91
0	14	90
5	8	22
7	11	28
9	10	36
0	15	91
0	11	89
0	9	91
0	11	90
3	9	22
4	10	25
4	9	30
0	12	91
6	7	26
1	1	22
5	9	27
0	9	90
0	10	91
0	7	91
0	14	90
1	2	22
0	11	90
0	20	91
1	4	21
2	6	24
0	7	90
4	7	23
2	6	22
3	5	25
2	7	21
5	8	25
4	7	21
0	12	91
0	9	91
3	7	22
4	9	23
5	8	24
4	7	23
4	6	21
3	6	25
0	6	89
4	6	31
4	5	30
5	7	31
3	5	23
3	4	24
4	6	25
6	10	87
3	4	22
0	10	74
2	4	21
0	20	91
2	4	22
1	4	23
1	5	22
1	7	91
1	4	91
2	7	21
1	1	30
0	8	91
0	11	91
0	10	91
5	6	24
2	5	21
3	5	21
2	4	23
3	4	22
3	5	23
3	5	22
3	5	22
3	8	21
10	9	35
7	8	30
6	7	27
7	8	28
6	8	27
7	7	26
7	10	33
0	7	90
12	29	90
0	5	91
0	14	91
8	12	32
1	5	20
0	14	90
0	11	90
2	9	24
2	9	23
4	7	23
0	23	84
0	2	24
1	1	20
0	0	23
2	4	22
4	6	24
3	5	25
3	5	24
4	5	25
5	9	30
2	4	21
2	7	22
1	6	22
3	6	21
3	7	26
3	6	23
4	7	24
0	10	91
0	12	91
0	14	90
0	10	90
4	10	28
0	11	90
2	6	20
0	12	90
6	10	32
0	9	91
0	6	91
3	7	23
6	9	28
0	10	91
4	8	23
4	8	24
5	7	21
0	6	91
0	14	90
0	-1	89
0	9	91
0	7	91
4	6	29
2	5	22
2	6	23
2	4	21
2	4	22
3	7	22
4	7	28
6	8	27
5	6	24
0	2	90
3	7	24
2	6	21
7	12	32
0	7	91
0	8	90
0	9	91
3	9	24
0	14	91
0	11	91
2	6	24
2	8	25
0	10	90
4	10	26
5	8	23
0	7	91
0	16	90
0	19	90
2	6	21
0	2	91
0	11	88
0	11	89
6	6	30
9	11	30
1	3	21
3	7	22
2	7	25
0	31	91
2	5	28
1	3	22
0	3	22
1	5	21
5	12	26
4	12	29
6	10	30
5	7	24
0	9	90
2	5	21
2	6	24
3	4	22
2	5	21
5	9	27
1	4	20
0	10	91
1	14	91
0	18	89
7	15	31
0	8	90
0	8	89
0	3	23
0	3	22
1	3	21
3	7	24
0	6	42
0	4	42
0	12	90
0	13	91
0	12	91
0	9	90
0	13	90
0	15	91
0	14	90
4	7	26
0	10	90
0	10	90
0	2	31
4	6	20
7	9	31
2	5	20
3	6	22
4	10	31
4	5	23
3	10	27
1	3	24
2	8	22
2	6	21
3	8	22
0	5	21
2	24	90
0	16	89
1	11	91
0	7	91
4	6	26
0	7	91
0	6	91
2	8	24
9	8	27
10	10	33
2	4	20
6	6	30
0	10	91
4	4	24
4	6	25
5	8	30
8	10	34
11	12	34
0	8	90
3	4	22
0	3	21
0	22	91
0	12	90
2	6	20
0	10	91
0	11	90
0	14	90
0	11	90
0	-1	59
0	9	59
0	15	91
0	12	91
0	8	54
0	3	90
4	7	25
3	5	23
4	5	22
1	2	23
4	7	22
8	10	34
0	7	91
0	13	91
3	7	25
4	6	26
3	6	25
3	8	25
3	7	25
6	8	31
0	14	89
0	10	90
0	3	21
0	4	22
0	8	91
0	5	90
0	14	91
0	15	90
0	8	91
6	8	32
0	8	89
0	9	90
0	16	91
4	6	25
0	9	91
0	36	87
4	9	24
1	18	90
4	7	26
10	11	31
1	6	23
4	6	21
3	8	23
2	4	24
2	6	23
1	6	22
1	5	21
1	5	20
3	8	23
3	7	22
2	6	23
7	12	40
7	11	27
7	9	27
5	9	24
1	5	20
1	5	22
2	5	21
6	8	25
0	8	90
0	10	91
0	13	90
0	10	91
2	5	22
4	5	24
4	5	23
4	5	23
5	8	24
8	9	26
0	16	90
0	18	90
3	8	23
3	13	34
3	8	22
8	9	29
10	11	34
0	12	90
3	6	22
5	12	32
4	10	27
2	11	25
5	10	31
3	5	20
9	12	30
7	9	30
5	9	23
1	6	22
3	5	22
5	10	23
10	19	41
5	5	22
4	6	26
3	8	24
0	5	91
0	11	91
5	7	22
6	9	28
4	7	22
8	8	26
0	2	23
0	13	91
0	8	90
1	8	90
6	8	24
8	9	32
9	12	30
11	13	35
8	10	29
4	8	24
3	6	23
4	7	23
4	7	24
11	14	34
7	13	30
7	12	29
3	5	21
7	10	25
5	10	24
3	7	23
3	6	24
2	6	23
3	5	22
4	6	21
2	1	21
6	13	31
0	11	91
0	11	90
2	3	20
0	10	90
0	10	90
0	7	91
0	6	89
7	10	25
5	12	30
0	8	59
0	7	59
0	-1	90
0	10	91
0	9	91
0	16	91
0	16	91
1	19	78
0	17	89
0	17	89
0	16	85
0	13	91
0	13	91
0	6	91
0	10	91
0	11	91
0	14	90
0	13	91
0	12	91
0	13	90
0	10	90
0	9	91
1	19	91
0	9	90
0	8	90
0	12	91
0	12	73
0	9	90
1	10	86
1	10	86
5	8	26
4	8	25
6	8	27
8	12	30
10	14	36
7	10	29
6	10	30
2	6	34
2	8	23
2	4	22
7	11	27
2	5	24
2	5	24
7	13	31
7	13	26
2	4	23
2	3	22
8	13	30
6	9	27
5	13	30
4	10	27
4	9	26
3	5	22
3	5	21
4	5	24
3	4	23
5	13	28
5	10	26
2	6	23
8	8	28
9	12	29
8	10	28
4	4	22
9	13	31
6	10	26
2	5	20
8	11	29
7	9	25
5	8	24
2	8	22
1	7	22
1	7	21
8	12	33
0	13	91
0	13	91
3	6	21
8	13	33
2	4	22
5	8	23
4	8	23
1	10	23
6	11	27
8	14	34
6	9	25
6	13	30
4	7	24
2	6	21
4	11	23
4	8	23
4	9	22
5	7	22
3	7	22
0	8	90
9	15	34
8	13	31
7	11	32
7	12	32
6	10	26
6	13	32
3	8	23
2	6	23
3	5	22
3	5	21
2	6	22
1	5	23
0	11	89
0	11	90
8	14	29
0	3	21
0	10	91
0	14	90
0	-1	56
17	18	54
5	8	30
4	11	30
7	11	31
6	9	29
4	9	31
4	9	25
10	10	35
11	38	90
4	7	22
4	10	22
3	7	30
0	9	90
0	10	90
5	6	25
6	6	26
0	15	91
0	6	91
1	4	23
1	3	90
1	5	91
2	3	21
6	7	30
3	7	22
6	15	56
1	3	21
2	6	20
2	5	21
0	12	90
4	12	31
7	9	27
6	6	24
1	24	90
4	5	24
2	7	25
9	11	32
2	4	20
4	8	27
3	7	21
3	9	24
2	7	23
2	6	23
0	14	91
0	6	91
2	4	21
0	-1	89
0	9	90
5	12	33
5	9	27
3	7	22
2	6	21
2	6	22
4	9	25
0	11	90
1	6	91
0	14	91
3	6	22
1	5	21
7	24	90
2	7	23
2	4	24
2	5	20
3	6	22
3	5	23
2	5	21
0	4	20
7	9	27
0	11	90
1	7	91
0	9	91
2	5	20
5	8	25
3	24	91
2	5	20
2	8	24
10	12	32
12	10	32
1	4	21
3	6	22
5	6	21
3	8	23
3	8	23
3	7	23
4	8	27
2	8	23
2	9	27
4	6	23
0	7	91
0	6	91
6	6	26
3	39	91
0	-1	89
0	10	90
3	4	23
0	9	91
5	8	25
6	8	26
4	7	25
4	7	23
1	5	24
3	5	23
3	7	21
3	3	22
0	-1	86
0	4	88
0	11	89
0	12	91
0	5	90
0	11	91
0	10	90
0	8	90
0	7	91
0	9	91
0	7	91
0	12	91
3	7	24
0	15	90
0	12	89
5	25	91
1	9	81
4	10	30
9	8	32
8	10	36
2	5	20
4	6	30
0	9	91
0	13	91
1	6	21
4	6	23
5	8	25
4	5	23
3	6	22
3	6	23
3	5	21
3	5	20
0	3	20
2	6	21
0	8	91
0	13	90
0	8	91
0	5	90
0	14	91
3	7	22
0	9	90
0	8	90
0	12	91
4	7	21
0	18	91
8	10	27
0	4	89
0	15	88
0	5	91
6	6	27
5	5	25
0	11	90
0	8	44
0	13	91
0	12	90
1	4	21
8	12	29
0	13	91
0	9	91
0	10	91
3	7	25
3	5	22
1	5	23
3	8	22
4	7	26
4	6	23
8	10	32
2	7	24
3	7	22
4	6	29
3	5	24
3	7	24
6	10	26
1	13	91
0	15	91
0	14	91
2	7	22
3	5	24
2	6	23
0	12	91
0	13	90
9	10	35
0	8	57
0	9	57
0	14	91
0	11	91
7	8	30
6	6	27
1	3	24
0	8	91
0	10	91
2	7	21
1	7	22
3	6	23
0	5	91
0	15	91
0	9	90
0	11	80
5	8	24
2	6	21
9	9	30
5	6	30
3	8	26
2	7	23
0	24	90
2	5	22
4	5	22
3	28	91
3	29	91
0	5	36
0	3	36
0	-1	91
0	-1	88
5	12	31
1	7	22
0	9	91
3	8	22
10	14	31
3	8	21
1	4	23
3	10	23
4	8	24
3	9	25
4	9	24
4	7	25
5	8	30
3	5	20
5	7	22
0	11	91
0	17	90
1	6	20
0	6	86
0	11	91
8	12	29
3	8	21
3	3	23
3	8	23
3	10	23
4	6	22
4	8	21
0	14	90
0	12	89
5	8	28
4	7	25
6	7	24
5	22	90
5	8	32
0	9	91
0	5	90
0	11	89
0	2	90
3	6	25
0	24	90
7	9	29
3	7	22
9	10	33
7	9	32
4	6	23
2	5	21
2	5	22
2	5	21
8	11	29
2	3	23
2	4	21
0	10	91
0	16	90
4	9	24
5	7	23
4	8	24
4	6	23
4	7	25
4	6	24
4	6	21
1	4	21
0	10	91
3	6	23
3	6	22
3	7	24
8	10	31
4	7	23
3	6	22
4	7	25
3	6	23
4	10	30
2	7	90
1	3	21
0	3	22
1	4	22
7	10	31
0	7	91
0	10	90
0	12	91
0	12	90
4	8	25
3	6	22
3	5	23
5	7	24
7	11	31
1	11	91
0	13	90
3	7	23
7	8	25
4	8	24
2	7	22
8	10	32
1	7	23
7	6	27
3	6	22
0	5	88
0	6	91
1	4	24
2	8	24
3	8	24
3	6	24
3	6	23
3	6	22
0	8	90
0	6	91
3	8	21
3	8	25
1	5	21
8	11	30
3	8	21
11	13	39
1	5	20
9	11	29
8	11	35
4	10	31
2	5	20
3	6	23
3	5	22
3	5	21
5	7	23
3	7	23
5	9	26
7	8	26
1	8	22
1	6	21
1	7	23
1	5	20
8	14	32
8	13	33
8	13	32
10	25	90
1	3	21
3	6	23
4	3	21
0	9	70
0	6	41
5	7	24
5	7	25
0	3	20
5	7	25
1	4	21
9	10	33
3	4	25
8	12	37
1	5	22
3	8	25
1	4	23
4	9	25
7	13	32
2	7	21
6	13	29
6	12	31
3	4	23
2	5	21
2	8	22
2	7	21
2	8	23
3	9	23
4	8	23
4	10	23
0	10	91
0	16	91
1	2	24
4	7	23
5	8	23
3	7	20
4	7	24
7	8	24
6	8	24
7	14	32
5	9	31
4	8	24
8	13	33
2	4	21
6	11	28
6	9	25
3	8	26
4	8	25
2	6	22
4	6	25
3	5	23
2	7	25
0	11	90
9	12	34
6	12	33
5	10	27
6	10	30
2	6	25
7	8	26
0	9	91
10	11	33
8	11	33
8	11	33
9	10	32
8	11	32
4	6	22
4	6	22
2	5	22
5	6	26
8	10	30
7	11	30
6	9	31
6	9	30
6	8	28
1	10	90
5	9	25
4	5	22
5	6	24
0	11	90
0	7	90
7	6	27
7	7	27
0	14	91
5	8	25
17	16	46
5	8	25
1	3	21
2	7	20
4	7	21
6	9	26
5	9	25
4	9	24
4	7	24
3	5	22
3	6	22
9	9	29
9	10	34
10	12	33
9	12	31
10	12	30
9	12	29
8	12	28
2	5	21
1	5	21
0	12	90
0	6	89
2	6	22
4	10	30
5	9	25
8	13	37
3	6	22
4	7	22
6	11	25
6	9	24
6	7	26
1	4	21
2	3	21
0	11	91
1	11	88
0	11	91
0	15	90
0	10	89
0	7	91
0	8	90
0	2	21
6	10	24
0	9	91
1	6	20
0	14	90
0	13	88
1	5	21
0	10	89
0	9	90
2	4	21
2	7	22
0	13	75
2	5	21
0	11	89
0	17	91
2	5	22
5	11	25
1	6	21
3	5	24
0	9	91
0	7	91
3	6	23
3	7	24
2	6	22
2	6	22
3	6	21
0	10	91
0	9	90
0	8	90
0	11	90
4	6	25
5	8	27
4	8	27
6	9	31
4	8	25
3	5	25
3	7	24
3	8	25
2	6	21
2	2	25
0	12	91
0	11	90
0	10	91
2	12	91
0	5	91
0	12	91
0	10	91
0	10	90
0	10	90
3	5	21
0	13	91
0	8	90
0	8	91
0	8	90
2	4	23
0	10	91
2	6	23
0	6	41
5	8	24
3	8	24
3	5	20
0	10	91
1	13	91
8	12	31
0	9	72
0	14	91
0	5	22
1	5	21
1	5	21
1	3	21
2	4	21
1	7	21
0	12	90
6	10	24
4	9	23
4	7	23
4	7	24
6	7	25
0	12	91
0	10	91
4	8	24
3	5	22
3	6	23
5	8	24
5	8	25
4	8	24
4	8	23
3	4	21
3	7	20
9	7	32
2	4	21
6	11	28
6	9	26
5	9	30
1	5	22
0	10	91
0	8	90
10	11	34
8	11	29
6	9	24
2	7	22
2	6	21
0	10	90
0	8	91
8	12	30
7	9	26
6	9	27
7	11	27
8	12	32
8	11	30
7	10	27
6	8	26
7	12	32
6	7	25
0	6	90
1	6	21
3	9	21
2	6	25
4	6	24
2	5	22
4	7	22
4	8	23
3	9	22
3	6	25
6	10	30
3	7	22
2	5	23
2	7	22
0	10	91
8	15	34
6	12	28
2	7	21
6	10	25
3	5	23
2	8	23
1	11	91
2	8	23
6	14	32
0	28	90
6	7	28
5	7	26
3	7	25
5	7	23
7	11	30
0	9	91
0	10	90
7	9	25
0	12	90
2	5	22
6	9	28
9	13	35
6	11	29
6	12	30
6	11	29
5	9	27
2	5	22
4	11	30
8	12	31
4	6	25
6	7	30
3	6	25
3	5	30
5	6	24
3	5	21
4	6	24
9	16	32
2	4	22
4	10	91
3	11	91
4	7	24
4	7	23
3	7	21
4	8	24
4	6	20
3	10	24
0	8	91
0	10	91
1	-1	90
4	7	24
5	12	30
3	5	22
4	8	23
4	7	24
3	7	23
4	7	22
6	11	27
6	15	30
1	7	22
1	3	20
6	10	30
8	7	32
8	7	30
2	8	26
5	14	32
10	9	38
0	18	91
5	10	31
7	11	27
4	6	25
2	4	21
5	11	26
5	7	25
4	7	23
8	12	32
0	9	86
1	11	86
0	10	90
1	5	21
3	9	26
4	7	27
3	6	22
2	5	22
4	8	24
4	7	24
7	13	30
3	6	23
4	5	24
6	8	27
4	6	24
4	7	25
3	5	21
4	10	27
3	7	21
2	9	23
0	11	91
0	12	89
8	9	29
4	7	23
2	6	21
4	6	24
6	-1	91
4	32	91
5	34	91
4	33	91
4	32	91
4	8	27
4	6	24
5	9	27
6	11	27
4	5	24
6	10	24
11	14	39
3	7	22
5	10	23
4	9	23
3	10	22
2	7	21
1	8	31
6	7	26
8	9	30
7	9	28
7	8	27
7	8	26
6	7	28
3	7	21
2	7	20
3	7	22
2	6	22
4	7	23
9	13	32
8	11	32
6	10	30
5	8	26
5	7	27
4	6	24
3	6	25
2	5	21
2	8	21
2	7	23
5	11	27
0	-1	90
2	7	21
3	7	21
2	4	22
0	2	43
6	8	26
1	23	90
0	22	90
7	14	32
2	6	20
5	10	31
3	10	27
1	5	20
3	8	23
3	7	21
5	13	30
6	9	30
4	5	26
5	7	24
6	8	30
7	10	30
5	7	24
4	5	25
4	8	25
2	6	23
5	9	26
2	6	21
3	6	22
8	12	34
0	9	89
4	5	23
4	6	30
9	13	35
3	6	22
0	5	30
0	2	22
0	4	21
2	7	22
2	7	21
0	4	23
0	2	21
7	9	27
3	5	20
0	7	90
1	11	88
2	7	22
3	9	24
8	12	33
5	10	30
3	8	23
3	8	24
2	4	23
3	5	22
2	5	22
3	6	22
3	8	22
5	11	24
4	6	22
4	8	24
3	6	22
3	7	21
1	27	90
4	6	21
8	7	26
8	9	27
4	8	22
5	8	23
1	6	22
0	5	20
1	5	21
4	8	23
4	7	26
4	41	91
4	41	91
3	10	30
7	12	26
2	6	20
3	5	21
0	6	91
0	24	91
3	9	23
8	10	30
2	4	24
4	9	25
4	7	24
2	4	20
5	7	24
3	5	22
4	9	27
4	6	22
2	6	22
5	11	27
4	7	25
3	7	26
3	7	22
2	5	24
5	6	21
7	10	32
2	6	22
3	5	20
3	5	22
0	8	91
0	6	91
1	2	20
4	8	24
4	7	23
7	9	30
6	9	25
5	5	25
4	6	22
5	12	30
1	23	90
0	3	21
5	6	24
5	11	32
6	6	31
2	5	21
1	2	21
0	12	91
0	4	64
0	8	91
1	9	90
0	5	91
1	7	22
3	6	21
0	5	91
0	7	91
4	4	24
3	4	22
3	5	24
6	6	23
1	2	23
1	2	23
0	6	75
1	2	21
2	9	91
3	6	22
0	10	91
0	13	90
0	3	91
0	9	90
0	12	90
0	13	90
1	3	21
5	8	27
3	6	21
9	9	33
7	10	31
0	4	20
1	3	21
6	10	33
3	7	22
3	5	24
0	11	90
4	8	29
2	4	25
6	9	32
2	4	22
2	5	21
3	8	22
1	6	23
3	7	22
0	7	91
1	8	90
7	9	25
9	10	28
0	13	77
0	15	77
7	7	25
4	9	28
3	4	24
2	3	24
2	-1	88
2	3	21
3	5	21
3	6	22
4	10	24
6	9	28
2	5	22
3	4	21
8	11	32
3	6	24
0	12	89
0	6	90
0	5	90
0	11	89
0	15	91
7	8	26
0	8	91
0	12	91
0	12	91
0	3	90
0	5	21
3	5	25
7	10	27
1	9	90
1	14	89
0	-1	90
3	6	23
5	10	25
8	11	32
0	9	91
1	-1	91
6	8	23
2	3	21
10	12	36
6	13	31
5	12	30
2	5	22
1	4	21
0	5	90
0	6	91
3	7	22
5	6	30
3	4	21
6	8	30
4	8	29
3	7	21
8	9	33
8	9	33
2	9	23
2	27	91
1	7	22
10	12	32
7	9	27
7	10	28
1	3	24
5	7	25
4	9	26
5	7	25
0	9	90
0	12	90
0	10	91
0	10	90
4	7	30
1	4	21
7	8	26
0	12	90
0	10	91
0	6	91
3	8	25
0	7	91
6	7	23
7	8	24
4	7	24
6	12	33
4	7	23
4	7	23
2	5	23
0	8	91
0	13	91
4	7	26
0	-1	89
0	10	91
3	6	21
7	8	25
10	15	32
10	12	32
4	10	27
4	7	24
1	9	81
0	11	81
5	9	26
3	8	23
3	6	22
1	6	21
1	6	22
8	11	28
2	5	22
3	8	24
4	9	25
6	7	31
2	5	21
2	6	22
3	6	24
4	6	23
1	7	21
11	11	37
3	5	23
0	7	91
0	4	90
0	12	90
0	7	91
3	6	23
7	10	29
3	8	23
3	6	22
3	6	21
4	7	23
3	4	21
3	7	21
6	9	26
11	12	33
3	7	25
2	6	23
3	11	26
0	15	91
0	14	90
2	4	21
2	7	22
0	8	91
5	5	23
3	4	21
1	4	20
1	4	22
1	4	21
0	5	91
6	9	32
5	7	23
5	10	25
3	6	23
1	4	23
2	5	22
5	9	25
3	6	24
10	10	35
5	8	26
5	9	25
2	5	21
0	4	21
1	4	22
0	4	20
2	7	22
0	1	29
5	9	25
2	9	24
5	7	25
5	9	24
5	8	24
5	8	30
1	5	23
4	6	23
3	6	21
4	8	24
4	11	24
3	7	22
2	5	20
3	5	22
7	11	31
7	7	23
2	5	21
3	7	24
4	6	26
6	7	25
2	5	22
0	7	91
0	5	89
2	8	25
0	9	91
0	13	90
0	15	90
2	5	22
0	13	90
0	14	90
3	6	21
4	5	30
7	9	28
8	8	27
2	5	22
9	7	31
2	4	23
3	6	24
2	5	22
1	6	27
2	4	22
2	5	22
1	6	21
0	14	91
0	9	90
2	6	21
0	8	91
0	7	91
9	14	34
2	3	21
3	4	21
0	15	89
0	15	91
5	8	24
8	10	34
2	6	23
4	7	24
4	8	23
4	7	23
6	6	32
5	7	27
5	9	28
1	5	23
1	3	23
1	3	23
6	6	23
3	11	22
3	7	24
0	7	90
4	8	26
6	10	31
7	13	26
2	6	23
5	9	25
5	8	26
6	7	24
2	4	24
0	6	91
0	16	91
3	6	22
6	15	33
25	30	90
2	10	23
2	6	20
5	9	27
7	15	34
5	8	26
3	5	20
4	6	23
0	11	91
0	11	91
7	7	24
0	12	91
1	4	24
1	3	23
1	5	21
0	3	20
2	5	21
2	5	22
5	10	26
0	17	90
0	11	91
5	8	26
6	9	31
3	6	22
7	8	29
2	5	20
0	7	91
0	15	90
5	10	33
8	12	31
6	8	27
2	5	21
4	6	23
5	10	30
0	15	90
0	14	90
4	8	28
2	5	20
3	6	22
4	6	20
4	7	26
2	6	24
3	7	24
3	6	22
8	11	30
3	4	22
5	7	27
10	16	43
10	17	43
8	12	35
5	10	31
7	13	38
8	11	36
9	14	38
6	12	35
6	10	35
8	12	34
7	13	34
8	11	33
7	12	34
8	12	34
6	13	33
8	12	38
8	11	35
5	11	31
7	10	31
5	10	28
4	9	25
6	10	30
4	9	22
4	7	25
1	17	83
2	7	22
3	7	22
0	21	90
2	5	20
3	5	23
3	6	23
4	7	25
5	8	23
11	9	36
6	8	25
7	9	26
4	10	25
4	40	91
7	6	23
2	6	23
2	5	22
2	5	21
3	6	23
7	11	31
8	11	31
9	12	29
9	13	29
8	11	29
8	11	28
8	10	30
8	8	27
7	10	32
8	10	29
5	10	30
3	7	22
5	12	30
8	9	26
0	10	91
0	13	90
0	13	91
3	7	24
3	7	27
2	5	21
3	5	20
6	8	25
3	7	21
6	8	24
5	7	22
2	4	24
2	4	21
2	3	22
2	4	20
1	2	22
4	8	23
4	8	24
4	8	24
4	12	31
4	11	29
5	9	27
3	9	25
4	7	27
2	9	24
3	8	24
4	7	25
5	9	25
6	10	30
6	7	24
3	8	22
0	9	26
5	8	25
4	7	24
4	8	25
2	7	22
2	7	22
3	7	22
1	5	21
2	3	20
2	7	21
0	7	87
2	8	23
2	4	22
7	11	26
1	13	91
0	6	90
4	6	23
4	7	25
0	12	91
0	9	88
0	1	41
0	2	41
4	7	22
3	9	33
4	8	32
3	6	24
3	6	24
2	8	22
2	7	20
4	8	24
2	8	22
2	7	23
1	5	20
2	3	21
0	10	91
0	10	90
3	5	22
3	8	23
4	7	23
4	6	22
4	9	28
5	8	30
5	6	24
5	8	24
4	7	25
4	7	25
3	5	24
4	6	25
4	7	26
2	9	25
3	5	24
3	4	25
2	5	24
7	10	29
6	10	31
6	10	28
6	10	30
1	12	90
4	28	90
2	5	23
1	6	23
2	6	22
2	5	21
4	5	23
0	5	21
8	11	33
1	0	22
2	0	23
1	1	24
2	5	21
9	10	31
2	6	20
6	10	26
6	11	31
3	6	22
3	6	23
4	5	22
4	7	22
0	18	91
0	10	91
5	12	25
3	5	23
3	5	22
0	4	22
0	4	21
10	-1	90
4	6	22
8	11	27
9	10	28
9	10	29
10	12	31
1	7	21
1	5	22
2	7	22
3	8	22
5	10	30
6	9	25
2	5	21
3	4	24
3	3	23
5	11	30
8	9	26
3	5	23
0	14	91
1	6	89
2	5	24
0	3	21
0	14	90
0	9	89
3	19	90
0	13	90
0	11	91
0	15	91
0	7	90
4	5	31
3	6	23
4	9	30
2	7	21
4	7	23
4	4	22
1	6	21
7	7	25
1	8	74
6	9	28
6	6	29
3	5	23
5	8	26
4	9	26
3	6	22
2	5	21
4	8	24
12	13	32
7	9	31
5	9	27
2	4	21
2	6	22
5	11	34
2	7	21
6	11	27
5	5	23
0	16	90
0	10	89
4	8	23
4	8	22
3	8	21
5	12	26
3	7	21
0	6	91
3	8	24
1	5	21
5	9	26
1	5	21
3	6	25
2	6	23
3	7	25
3	9	26
5	8	30
2	8	23
2	8	25
3	7	25
3	8	21
2	7	21
6	10	27
5	7	23
4	8	22
2	8	24
4	8	24
8	9	32
3	5	23
4	5	22
3	5	22
6	7	25
1	4	21
2	9	22
2	7	21
7	12	31
5	13	30
7	12	31
5	12	31
6	12	31
6	10	27
6	12	27
1	6	21
4	10	22
10	12	34
2	5	20
3	6	22
6	7	26
6	7	24
6	7	24
5	10	24
10	13	31
9	10	30
3	8	24
3	5	21
0	9	91
0	10	91
4	8	29
1	5	20
3	8	23
6	10	24
4	9	25
3	5	23
4	6	24
3	6	21
2	5	21
5	8	24
3	5	26
0	5	69
0	4	69
3	7	23
4	7	23
4	6	22
2	8	22
2	5	23
3	6	21
3	7	23
0	0	21
0	0	20
6	10	30
6	11	32
4	8	25
5	11	31
4	7	30
4	10	27
3	9	25
3	10	25
4	8	23
5	8	26
4	9	26
0	10	90
0	8	91
0	3	90
1	7	21
2	6	20
5	6	25
2	7	24
2	4	21
0	14	91
0	14	90
3	10	23
8	13	32
0	-1	89
7	8	26
3	6	24
3	12	90
2	6	22
3	7	25
2	8	24
6	8	27
5	8	26
0	3	22
0	2	22
0	16	90
1	15	91
2	5	21
5	5	27
7	9	27
2	8	22
4	10	23
0	8	91
5	9	23
1	2	23
12	27	90
5	9	28
3	6	24
7	10	26
3	5	21
7	8	31
3	8	24
4	7	22
0	8	91
0	16	90
4	7	25
5	7	26
4	5	24
4	7	23
8	12	32
3	7	22
3	8	22
3	9	24
4	6	20
2	8	23
3	7	21
0	6	91
0	18	90
4	8	24
6	11	31
3	2	27
4	7	24
4	6	25
2	7	24
4	7	24
0	8	91
0	11	90
3	6	21
0	9	91
0	4	21
0	11	91
7	10	27
3	6	22
2	4	21
0	6	91
0	9	90
2	4	21
0	11	91
0	8	90
5	8	24
2	6	21
2	6	20
2	7	24
0	23	91
1	2	21
8	9	30
3	6	22
5	7	23
2	5	23
3	13	26
0	12	90
0	8	91
8	8	28
8	8	25
5	7	21
2	5	21
2	3	21
0	9	88
0	9	91
8	10	31
9	10	31
2	5	22
0	6	82
0	6	82
2	4	23
3	3	21
5	8	25
6	9	28
2	8	22
2	8	21
0	11	91
0	8	90
1	4	22
1	4	24
0	3	23
5	9	24
1	11	90
0	7	91
0	7	86
2	4	22
1	4	23
1	3	21
0	7	91
0	10	91
1	9	91
3	7	30
4	6	23
8	10	26
1	11	91
1	10	90
2	7	24
0	8	91
5	5	24
0	10	90
0	8	91
1	7	21
2	6	21
0	11	91
3	5	20
5	8	25
2	6	21
1	5	21
4	9	30
6	10	27
8	10	27
5	11	31
0	4	22
10	11	35
0	8	90
0	9	88
7	9	30
0	13	90
0	-1	90
3	6	23
2	5	22
11	12	32
3	6	22
3	6	23
3	4	23
9	10	31
6	7	26
6	6	25
9	9	34
2	5	21
8	9	28
7	10	32
8	11	31
6	10	26
2	3	22
4	7	24
2	5	21
3	6	20
2	4	22
11	-1	90
3	5	21
7	10	30
2	6	21
7	10	30
0	13	91
0	10	90
0	8	91
1	9	91
7	8	27
5	6	24
3	6	21
5	6	22
7	9	26
3	6	21
3	6	22
5	9	25
4	8	23
4	6	22
3	6	23
2	5	20
9	10	33
9	9	32
3	9	24
2	6	21
4	9	25
7	8	33
8	11	33
4	6	24
8	9	26
3	5	23
4	22	91
4	22	91
5	9	25
4	7	21
1	4	21
2	8	22
0	5	22
1	33	90
6	32	90
3	5	21
0	9	90
0	10	91
6	8	25
4	7	21
8	12	29
4	9	30
4	9	24
3	6	23
5	6	26
2	5	23
2	5	20
1	4	20
2	7	23
5	9	26
6	9	30
5	7	21
4	6	22
5	8	21
5	8	25
1	4	23
2	4	24
2	7	23
3	6	21
5	9	25
3	5	25
0	9	91
0	11	91
5	12	27
4	8	24
2	4	21
1	5	21
7	12	26
6	10	27
3	7	20
4	8	30
7	9	26
5	7	24
4	9	24
6	12	30
2	8	22
2	8	24
8	12	28
3	8	23
1	5	24
6	7	26
6	9	25
2	7	21
11	14	37
5	38	90
3	7	21
3	7	22
4	7	21
0	4	20
8	10	30
2	6	22
4	6	22
5	7	24
8	11	34
8	12	32
17	25	90
3	5	23
3	5	23
7	8	30
8	9	28
8	12	35
2	9	23
2	3	21
8	12	30
0	2	91
5	7	24
7	8	27
3	6	23
3	6	23
3	11	30
3	6	22
4	8	24
6	10	24
3	7	22
2	7	21
5	8	23
7	12	31
5	12	32
2	8	22
2	6	20
3	5	22
4	7	25
2	7	21
2	4	22
3	7	25
5	6	25
4	7	25
6	13	32
3	39	91
7	8	27
8	8	31
3	8	24
7	9	29
4	11	30
2	6	22
2	8	23
3	7	24
2	6	23
5	10	24
7	7	25
5	9	31
7	11	30
6	12	31
6	8	22
4	9	22
2	6	24
4	5	23
5	8	26
2	8	24
4	9	25
5	9	26
7	9	26
1	-1	91
2	21	91
1	19	91
0	14	91
0	8	90
0	8	91
8	9	29
0	9	90
6	8	34
3	7	21
2	8	23
2	7	21
10	11	37
3	6	20
4	4	23
3	5	22
8	8	27
8	11	30
8	10	30
7	9	27
5	6	23
4	6	23
2	6	22
3	6	22
2	7	25
1	3	21
5	8	26
0	6	73
6	7	30
3	6	23
4	7	23
4	7	24
3	7	23
4	7	25
5	8	25
1	7	22
0	4	21
0	10	91
0	10	90
0	10	88
3	8	24
7	7	29
5	8	24
0	11	91
1	12	90
0	12	91
0	14	91
5	7	24
6	13	31
3	8	26
1	4	26
1	3	24
5	11	31
6	10	30
2	7	23
0	3	22
1	5	21
1	4	22
2	6	23
3	6	20
5	5	26
1	4	22
1	5	22
7	9	27
3	7	21
4	7	32
2	4	22
2	6	20
0	-1	89
5	8	23
0	12	90
1	12	91
6	7	26
7	12	30
2	7	22
2	6	20
5	11	27
2	7	25
0	7	90
0	17	91
1	25	91
0	25	91
0	5	21
0	4	22
3	6	22
2	10	22
10	16	37
6	11	30
0	14	91
8	9	26
3	7	27
5	9	23
1	5	22
7	8	27
0	11	91
5	8	23
0	2	91
0	7	90
7	9	33
7	8	26
3	6	23
0	12	90
0	8	89
4	6	21
0	11	90
0	13	91
4	6	23
5	8	23
8	7	26
0	11	91
0	5	91
1	4	23
1	3	21
6	9	26
4	9	22
6	8	25
6	9	26
0	6	90
0	9	89
5	6	24
3	7	23
3	8	22
0	10	91
0	9	90
4	12	33
4	7	21
1	6	20
4	5	23
5	10	31
3	7	20
2	6	20
3	6	21
7	10	25
5	7	27
3	5	21
0	16	90
0	17	90
0	17	90
5	6	25
3	6	26
3	6	21
6	10	25
9	10	34
2	6	21
0	7	91
0	13	91
6	7	24
6	13	31
7	9	30
3	7	21
1	6	22
8	12	27
8	14	30
8	13	28
8	14	32
7	11	30
4	6	24
6	8	25
3	8	21
5	12	24
2	8	22
8	12	30
0	11	90
0	-1	91
3	6	24
3	23	91
40	40	91
5	7	25
9	13	35
5	6	24
2	3	23
5	6	24
5	8	21
4	7	25
3	7	26
4	6	24
7	10	25
1	3	22
1	4	20
8	14	35
0	7	91
0	8	90
7	8	27
2	11	24
4	10	30
6	10	24
4	5	23
7	9	26
3	5	25
10	8	36
10	8	35
0	8	91
4	7	27
1	4	22
2	5	21
5	9	27
4	9	25
2	6	22
2	5	22
1	5	20
3	5	21
10	11	34
3	6	23
4	5	22
2	6	22
2	6	22
8	14	34
2	4	23
2	7	21
3	8	22
6	8	30
2	4	21
8	10	32
5	8	27
7	9	30
4	8	26
6	10	28
5	7	26
5	7	25
4	7	22
3	5	22
6	8	25
6	10	32
5	8	25
5	6	25
8	11	26
6	9	25
9	10	30
2	5	21
6	9	30
3	6	22
4	7	22
0	10	90
2	4	23
2	3	22
2	6	22
0	5	90
0	9	89
0	10	90
0	9	90
2	7	22
5	10	30
1	6	21
1	5	20
6	8	25
3	8	22
0	16	91
2	5	21
1	7	91
5	7	24
4	7	24
3	5	24
4	10	31
3	7	25
0	5	22
3	9	24
8	13	28
6	9	25
5	10	25
5	7	24
7	8	27
1	4	22
0	11	90
0	12	91
2	4	22
3	5	23
2	4	21
4	6	23
6	12	32
10	10	33
0	10	90
3	7	23
5	7	25
3	7	24
7	12	33
7	11	31
2	4	21
3	5	23
0	16	90
0	7	91
5	7	24
4	5	27
0	10	91
4	5	25
3	8	21
1	4	20
4	9	23
0	7	91
0	-1	90
3	3	22
4	7	23
8	11	31
8	9	29
9	10	30
3	8	21
3	5	20
3	8	23
4	4	23
3	7	22
3	7	24
1	4	22
1	5	20
4	8	21
5	9	30
3	7	23
3	5	21
6	12	27
0	7	90
0	10	91
3	8	25
4	8	24
9	12	34
9	13	35
9	11	31
0	7	91
6	11	30
13	10	39
1	9	90
0	10	91
4	9	31
2	6	22
0	4	21
0	7	91
0	-1	88
2	8	22
6	15	33
0	8	91
0	3	88
8	9	30
1	10	90
2	6	21
2	5	20
3	4	23
4	8	24
1	4	20
0	5	91
0	5	89
3	8	24
3	7	23
3	8	25
4	9	24
7	8	28
9	8	34
4	8	31
4	9	23
2	6	21
3	6	22
8	8	34
4	8	24
4	-1	91
4	6	24
6	10	27
4	6	21
5	6	25
5	7	25
0	2	28
2	6	21
4	8	25
3	4	24
5	8	24
4	6	21
3	6	23
3	4	23
0	3	20
7	9	28
3	5	21
0	12	91
0	11	91
4	8	23
5	8	30
4	8	24
2	7	22
5	8	25
9	12	34
5	7	24
4	8	23
4	10	23
0	11	90
4	6	22
2	5	21
1	4	23
3	7	24
5	9	24
4	11	31
9	9	34
4	6	23
4	8	24
5	8	26
5	6	23
0	5	20
1	3	22
0	3	21
2	6	21
1	27	91
2	6	23
3	5	21
0	10	90
0	8	91
7	9	33
4	8	25
8	11	31
3	8	22
3	6	22
0	12	91
1	5	20
5	8	31
4	7	26
3	7	24
3	7	23
0	8	91
0	8	91
0	3	20
4	6	23
4	6	22
7	13	32
1	15	90
0	8	91
6	8	26
7	8	28
5	7	27
3	5	21
3	8	23
2	6	22
3	7	23
1	7	22
2	6	21
13	15	39
1	4	20
0	-1	90
0	-1	90
3	6	23
4	6	22
7	5	23
5	6	23
5	9	27
4	9	26
3	11	25
2	10	24
2	7	23
4	12	27
4	9	25
4	9	23
6	9	25
4	8	25
4	7	25
3	8	22
4	7	23
0	3	20
3	8	23
1	13	91
3	6	22
2	6	22
10	11	34
7	9	27
8	8	27
11	15	33
11	15	35
12	18	37
4	6	24
5	7	26
1	3	21
0	6	90
5	7	24
0	6	22
2	4	24
3	10	24
1	4	21
7	7	24
2	7	21
3	7	23
9	9	32
8	9	31
9	12	33
9	13	29
5	9	27
0	13	91
0	15	88
1	3	60
4	9	24
2	8	24
4	6	22
3	6	21
2	6	23
1	5	25
0	9	90
0	11	90
8	8	26
6	10	28
9	13	32
0	11	91
7	9	27
8	14	31
8	13	29
8	9	32
2	7	20
7	9	31
3	10	24
3	9	22
4	11	31
3	8	22
4	8	22
2	6	22
0	11	91
5	9	24
9	10	35
0	10	67
1	11	89
0	8	90
3	6	23
2	6	22
6	13	29
7	10	27
7	10	26
2	6	21
7	9	31
3	7	24
3	6	22
4	6	24
4	7	23
0	3	90
0	9	91
6	9	26
2	6	20
6	6	24
6	10	25
4	4	21
2	5	22
8	8	27
8	9	28
2	5	22
3	6	23
3	7	22
2	7	24
3	6	22
3	5	22
2	4	22
0	3	21
0	10	91
0	14	90
8	15	40
2	6	20
2	6	20
10	10	35
8	8	25
2	5	23
2	2	24
0	4	21
1	4	20
6	10	30
9	9	31
9	9	30
3	5	22
0	9	91
0	11	89
3	8	25
4	8	21
6	13	28
7	12	31
3	5	25
4	7	24
4	8	25
2	5	20
2	4	23
2	5	22
6	8	26
7	10	27
6	8	26
0	25	90
1	7	21
1	7	20
3	11	24
3	10	24
4	9	25
2	8	21
5	12	30
9	5	34
0	17	91
0	14	91
4	7	24
5	9	26
7	14	28
6	6	24
6	7	30
10	12	36
7	12	30
11	14	35
7	10	28
9	11	30
2	6	21
2	5	21
2	4	20
7	11	25
3	10	26
2	6	22
2	4	21
2	6	22
1	8	24
1	8	23
4	8	24
0	10	91
0	7	91
7	10	26
3	7	25
2	7	22
3	7	23
4	8	23
5	7	26
5	7	24
5	8	25
5	7	23
3	6	22
4	6	23
3	6	21
4	6	22
5	8	24
3	7	23
7	11	25
6	9	30
5	11	27
8	12	28
7	11	30
3	7	22
5	5	25
5	6	26
4	6	25
9	11	30
4	7	24
4	8	25
4	9	26
5	9	25
4	7	24
5	9	26
5	7	26
5	10	28
3	8	24
3	8	22
4	6	24
2	4	30
5	9	23
0	12	91
0	9	88
10	12	37
4	9	26
5	8	25
4	6	25
3	5	23
2	4	22
2	4	21
3	5	24
4	5	25
2	4	24
4	6	27
4	4	26
5	5	28
6	6	31
5	5	27
4	5	25
5	5	26
3	7	23
0	6	90
0	6	91
8	11	30
5	11	26
5	10	25
9	13	32
0	12	91
0	13	90
1	3	22
4	6	21
3	6	22
0	9	87
0	6	90
7	8	24
1	4	21
2	7	20
0	3	22
3	6	22
2	6	20
2	5	21
2	7	21
3	6	21
0	8	91
0	9	89
0	13	90
9	13	37
7	8	25
6	9	26
0	6	91
0	3	91
0	11	91
0	9	90
0	8	77
1	3	20
6	8	34
6	7	26
4	6	21
2	7	21
3	36	91
0	11	90
5	8	24
2	5	23
11	12	34
0	9	91
0	14	90
4	8	22
3	7	22
2	15	91
0	11	90
3	7	22
3	3	23
4	9	26
4	12	29
6	13	33
4	13	31
5	9	24
6	8	24
0	3	20
5	8	25
5	10	31
7	9	28
10	15	35
10	14	36
3	5	21
5	11	32
6	12	30
5	10	32
5	11	33
5	9	29
5	10	26
5	7	26
4	8	25
1	6	21
3	7	21
4	8	23
5	8	24
4	11	27
1	5	21
0	2	21
1	2	20
1	6	22
5	9	21
6	7	24
2	5	22
3	6	22
4	8	23
10	13	37
9	14	34
8	12	30
1	10	22
2	5	22
6	9	25
4	10	26
0	10	91
4	8	23
1	6	24
0	5	21
2	5	22
1	4	20
8	8	27
3	7	23
3	5	22
5	8	24
3	10	23
4	9	22
7	12	30
1	6	22
9	12	31
4	7	23
2	7	20
3	9	22
2	3	21
4	8	31
3	9	32
3	8	25
6	11	30
6	12	31
3	7	23
6	9	30
4	11	30
5	10	30
3	6	23
3	7	24
2	5	21
3	5	23
4	7	24
2	5	22
5	6	23
6	8	24
2	8	22
5	9	31
2	9	23
4	8	26
3	7	22
4	8	24
5	9	26
3	6	23
7	10	30
7	10	27
3	6	27
0	5	90
0	13	90
7	6	27
2	4	22
0	5	91
0	6	91
8	11	30
0	5	21
4	11	30
4	9	22
3	7	23
0	2	22
5	8	25
2	6	21
6	9	30
8	10	30
5	11	26
4	10	26
3	10	25
4	9	23
3	8	23
4	10	25
1	2	23
2	6	22
0	5	61
0	6	61
3	8	23
3	7	21
5	7	22
4	7	23
7	9	27
8	8	29
14	43	90
5	6	24
6	12	27
3	6	22
3	6	22
3	6	20
4	10	24
7	12	35
0	13	91
0	12	90
0	8	91
0	7	90
4	7	22
5	7	22
4	7	22
3	7	23
3	9	26
4	9	26
3	9	25
4	7	25
3	7	22
1	6	23
3	4	23
0	4	21
0	5	20
5	10	30
7	10	26
5	13	31
8	8	30
4	7	22
0	10	90
0	14	91
5	9	26
5	7	24
7	14	31
7	12	32
5	10	26
4	9	26
7	11	30
3	7	24
7	10	26
6	7	24
0	12	90
0	6	87
1	4	22
0	-1	90
5	7	24
5	11	30
5	11	26
4	8	22
5	6	24
4	7	23
3	8	22
3	8	23
2	7	21
9	17	37
8	16	35
9	15	34
6	12	31
5	6	24
2	6	22
7	10	27
1	7	91
6	8	26
4	8	26
6	9	30
8	11	31
10	12	33
2	6	21
7	13	32
6	12	31
6	12	30
8	14	31
6	13	32
9	10	31
7	9	28
7	8	24
2	7	23
5	8	24
6	13	32
0	9	91
0	10	91
7	11	28
3	7	21
1	4	21
7	11	26
4	6	22
4	8	21
4	6	23
7	13	33
6	9	36
0	6	91
0	5	91
3	4	23
0	12	90
0	11	91
3	29	91
0	25	81
6	7	27
4	10	25
4	10	30
3	8	23
4	7	22
6	12	31
0	-1	90
1	-1	90
0	31	90
0	-1	90
8	9	30
5	15	32
0	3	22
2	3	23
2	5	21
1	4	22
4	9	24
7	10	29
5	8	25
0	5	20
6	8	24
6	11	26
8	10	28
8	12	28
5	8	24
6	8	31
4	8	24
11	12	33
2	5	22
3	6	23
2	7	24
1	12	91
7	9	26
3	6	25
0	10	90
5	5	23
8	10	27
0	9	90
1	2	20
0	2	23
1	1	22
3	4	25
2	4	26
1	2	23
2	3	23
3	6	22
4	14	33
6	6	24
4	8	25
7	13	30
0	8	90
7	8	32
3	8	21
5	10	31
4	8	24
1	1	21
0	-1	90
4	5	28
0	7	90
0	7	91
3	5	23
0	10	91
0	12	91
8	9	28
6	10	25
4	5	21
3	8	24
4	6	23
0	17	91
2	3	22
3	8	22
0	7	91
0	10	91
0	10	91
0	5	90
3	7	24
2	4	21
3	6	25
7	7	27
0	6	91
0	15	91
3	7	21
4	8	24
5	24	86
5	8	23
1	5	22
1	3	21
4	7	26
2	6	24
2	6	26
2	5	25
2	5	22
5	6	23
0	6	91
0	8	91
2	7	22
8	9	33
0	8	90
5	11	30
0	8	91
0	12	91
6	9	25
1	5	20
6	10	30
5	9	27
3	5	24
6	7	26
0	6	91
0	10	90
0	10	91
0	10	91
4	8	24
4	9	24
4	9	25
9	13	33
0	13	90
0	12	90
4	7	24
3	5	22
0	12	90
0	16	91
0	2	20
0	7	35
0	5	90
0	11	90
0	6	91
3	6	22
4	5	24
2	5	22
2	6	21
2	4	22
1	5	21
1	5	23
5	8	23
5	7	24
3	8	24
3	7	25
2	9	23
3	9	25
4	9	26
6	14	34
3	10	25
3	8	23
3	8	22
7	8	30
6	8	27
3	6	22
3	7	22
5	8	24
4	8	26
4	6	26
0	15	91
0	16	91
0	11	90
3	7	27
5	8	31
2	4	23
0	7	90
0	10	91
2	4	21
1	4	20
0	10	90
0	10	91
1	4	22
4	7	23
0	-1	90
4	6	25
11	15	35
9	11	30
0	7	88
2	7	25
4	6	23
6	7	25
5	6	24
2	6	22
5	5	24
3	7	26
3	7	25
0	10	91
1	8	91
2	5	20
1	16	73
4	8	24
4	7	24
8	11	28
7	13	29
1	7	20
2	6	23
3	6	25
2	6	21
2	5	22
3	5	21
0	16	90
0	-1	90
0	12	90
1	12	91
1	11	90
4	9	22
5	10	27
3	6	22
3	5	20
2	4	21
0	-1	91
0	12	91
0	6	67
0	12	90
0	12	91
3	11	30
1	5	22
5	8	25
7	9	31
1	1	22
7	9	30
0	20	86
4	9	30
0	8	91
0	13	89
3	6	23
3	6	20
7	7	27
3	7	24
4	6	27
1	14	90
3	4	22
4	6	24
4	6	24
2	5	24
1	3	22
2	5	24
1	3	22
0	3	21
0	2	21
0	8	91
4	9	27
3	7	22
5	8	25
5	12	30
7	11	30
6	10	26
6	11	28
4	10	28
0	10	90
0	15	90
0	4	49
4	7	21
3	4	23
2	4	22
1	21	90
6	7	26
11	13	34
7	9	27
7	7	27
0	3	22
5	8	22
0	11	89
3	6	24
7	9	36
0	2	22
0	9	91
0	11	88
0	10	91
0	6	91
0	17	91
0	-1	90
0	21	91
0	12	91
0	3	23
0	5	21
0	2	20
0	2	22
0	8	91
0	10	90
0	6	20
3	6	23
3	17	91
1	4	20
0	3	90
0	8	91
0	8	90
1	6	21
0	10	91
7	10	31
9	9	30
6	9	27
5	8	24
2	9	21
3	8	22
2	5	24
3	6	24
4	6	24
3	6	22
3	4	22
3	4	25
0	10	90
0	8	88
2	4	21
2	5	23
2	20	90
3	6	22
6	4	25
5	7	26
4	8	23
0	10	91
0	16	91
5	11	25
0	3	21
4	5	24
8	10	28
8	10	27
9	11	33
7	9	31
6	9	26
3	7	24
0	7	90
0	10	90
5	9	24
3	9	30
4	6	24
4	9	32
0	17	91
0	6	91
7	9	29
5	8	26
9	10	32
4	8	23
4	9	23
0	9	91
4	5	21
2	5	22
0	9	91
2	5	21
4	8	24
4	9	25
7	12	31
10	13	30
0	12	91
0	12	91
6	9	25
4	8	24
6	9	31
7	9	30
1	4	21
1	4	20
5	6	23
7	11	33
5	7	25
1	6	22
2	4	20
1	6	21
0	7	91
5	12	27
5	13	32
3	5	25
3	8	24
2	6	22
2	4	21
1	5	22
0	3	21
2	7	21
4	6	24
2	6	20
2	8	22
1	16	90
4	9	24
3	8	22
2	6	22
3	7	21
0	2	23
4	10	25
2	6	20
5	6	22
6	7	31
3	6	24
3	6	23
5	8	31
5	7	28
8	12	26
2	6	22
7	8	27
2	5	21
5	12	26
8	9	31
2	6	20
3	2	45
6	10	26
3	5	24
2	7	24
3	6	21
5	7	23
4	10	30
3	12	31
2	4	22
4	7	22
1	7	23
3	9	30
1	4	25
2	7	21
0	4	21
4	9	25
4	8	23
5	7	27
5	6	23
6	6	22
4	6	23
27	33	89
0	7	90
4	7	24
6	11	29
2	7	21
5	6	23
4	7	30
0	6	91
0	17	91
0	12	91
0	3	21
3	8	23
8	11	33
2	5	21
2	5	21
2	7	22
6	13	27
3	4	20
1	1	42
2	5	20
0	12	91
0	8	91
0	12	81
7	7	26
6	8	23
6	7	24
6	7	25
6	7	25
5	4	24
10	15	36
5	8	23
6	7	25
4	6	25
8	12	32
4	6	24
10	11	35
8	10	33
11	11	33
9	9	31
8	10	31
2	7	25
2	5	22
4	5	23
3	4	22
3	4	21
5	13	32
4	8	23
3	8	25
4	5	22
0	3	21
1	5	23
3	5	21
3	6	22
8	12	29
1	4	21
5	10	27
3	6	23
3	6	22
2	6	23
4	7	27
3	5	25
7	13	30
2	8	24
0	11	91
8	9	25
7	11	26
4	7	24
3	7	21
7	16	35
0	7	21
3	7	23
3	6	23
2	6	22
0	11	90
2	8	21
7	10	27
8	10	29
9	10	30
6	7	22
1	5	20
3	7	21
1	9	91
5	9	27
3	4	22
0	29	90
7	10	31
3	7	22
4	7	23
0	-1	91
5	8	24
3	8	23
5	10	30
1	4	23
3	6	22
8	10	30
5	8	24
6	9	26
6	8	25
3	6	21
2	7	20
11	14	33
6	9	25
5	9	25
4	9	24
4	8	25
7	6	25
0	5	21
3	7	22
9	13	31
6	12	26
0	11	91
0	7	91
3	5	22
4	8	23
3	6	22
4	7	24
4	12	26
4	9	24
9	13	33
2	12	36
0	13	91
9	14	32
4	6	22
4	6	24
4	8	24
1	4	22
5	11	33
5	9	24
11	17	35
9	14	31
8	14	30
7	10	30
5	9	25
0	16	91
0	8	91
1	6	22
0	5	21
1	5	22
0	4	20
3	6	22
2	4	23
5	9	25
4	7	26
1	4	21
3	9	27
3	5	20
1	7	22
5	6	24
7	10	30
4	7	22
0	9	90
2	4	22
3	7	22
3	8	23
3	7	23
7	10	28
8	10	28
4	7	22
3	5	23
4	6	26
4	8	23
5	8	25
4	7	26
4	9	26
3	7	24
4	7	24
6	10	27
0	14	91
0	6	90
0	7	90
0	11	91
5	9	27
4	8	24
4	9	25
5	10	31
8	13	33
5	9	27
0	8	90
0	8	91
3	10	24
4	6	22
7	12	29
1	3	20
5	9	26
5	7	24
3	6	22
0	-1	91
0	11	91
0	11	91
7	10	28
2	4	24
7	9	30
0	6	90
0	9	91
3	4	26
5	6	25
5	6	24
3	6	25
2	5	20
3	5	21
3	6	23
6	14	33
4	9	25
3	7	24
0	22	91
4	6	23
6	8	25
4	5	23
0	9	91
6	7	29
8	14	35
3	9	28
4	7	23
4	10	23
3	4	20
2	6	22
8	10	34
6	13	33
2	8	24
2	6	22
4	11	79
2	9	79
5	7	23
4	8	25
6	9	26
4	8	25
4	7	23
0	11	90
1	7	91
1	7	23
5	13	33
6	12	30
6	13	28
3	10	25
2	10	24
3	9	25
2	4	20
2	6	23
2	5	22
5	12	30
4	10	26
3	4	23
1	6	22
4	8	25
4	6	24
2	3	21
0	14	90
7	9	26
3	6	21
0	8	74
0	9	74
9	11	28
6	7	23
0	3	91
8	10	33
4	6	22
2	6	24
2	6	22
1	7	21
2	8	24
2	6	21
3	7	22
8	8	28
6	6	24
4	6	23
3	5	22
4	5	21
7	14	31
3	6	21
3	7	23
4	9	24
4	7	24
4	6	25
1	5	20
3	5	21
3	5	22
3	5	23
7	11	30
2	7	21
5	8	30
2	6	23
3	6	22
2	5	21
1	6	22
1	6	23
4	7	23
3	7	22
2	6	23
4	8	25
2	8	24
6	10	26
6	9	24
4	8	23
4	8	22
3	8	25
3	8	27
4	8	27
4	7	24
6	11	30
5	8	25
6	10	29
4	9	23
5	7	22
4	6	23
2	5	21
2	5	20
3	8	24
7	10	29
5	7	25
7	11	31
5	5	24
4	8	25
5	8	25
4	7	23
7	11	32
0	5	49
0	11	91
0	33	90
6	8	26
4	5	23
4	8	27
4	9	30
4	7	27
4	11	33
3	6	23
2	6	22
2	6	21
6	11	33
4	8	25
4	11	31
3	7	23
7	12	33
8	10	34
8	10	36
3	9	25
6	12	33
4	10	26
4	7	25
7	11	33
5	11	32
8	12	37
8	10	33
8	11	36
6	10	33
5	11	31
6	11	32
5	8	26
4	4	24
3	6	25
3	7	21
4	10	30
7	12	32
5	13	30
3	10	25
3	8	22
6	14	32
5	10	31
4	8	25
3	6	22
3	5	21
3	8	23
9	10	37
6	7	31
4	10	24
3	7	21
3	7	22
4	9	26
2	7	21
1	6	21
0	4	22
0	3	24
2	6	21
4	7	24
3	6	21
3	5	21
5	9	25
7	8	28
11	13	37
11	14	36
0	31	90
3	7	23
2	7	22
3	4	23
1	6	25
1	4	23
4	11	24
3	7	25
0	8	91
0	3	22
0	15	91
5	10	30
7	10	30
4	7	25
5	5	25
3	6	26
4	8	28
6	6	25
6	9	27
5	7	25
5	8	26
3	8	23
4	5	23
5	8	23
5	8	23
6	8	30
0	17	91
0	5	91
11	15	39
0	6	54
3	37	91
3	35	91
4	30	78
8	13	30
0	10	91
1	11	91
1	2	23
0	10	91
0	9	90
4	8	28
5	8	25
4	10	30
3	9	23
7	10	28
2	5	25
5	8	25
5	7	25
3	8	21
0	4	91
0	7	90
3	9	23
4	7	22
3	8	22
3	8	22
3	7	22
9	11	30
5	33	91
5	7	25
3	7	23
2	6	22
0	9	90
0	10	90
2	6	22
4	7	27
3	7	25
3	7	24
5	9	23
8	12	28
6	7	31
0	10	91
0	9	90
0	15	90
0	14	90
4	6	22
7	9	25
0	3	90
0	6	90
5	10	31
4	6	24
7	8	27
4	9	24
0	13	91
4	6	23
5	8	25
6	8	23
5	9	24
2	4	20
0	10	90
5	7	22
0	6	90
4	12	33
5	29	90
0	1	57
6	13	31
5	13	31
6	13	31
3	6	20
0	13	90
0	-1	90
4	7	24
0	5	90
4	8	24
4	8	23
7	8	29
7	8	28
3	8	21
3	5	23
4	7	23
5	11	26
0	7	90
0	12	91
3	7	25
4	11	31
4	7	25
4	7	26
5	11	31
5	9	27
7	10	30
7	11	26
0	-1	90
8	11	32
4	9	23
3	5	24
6	9	26
1	12	27
8	9	26
4	5	20
3	7	22
5	10	27
4	7	25
5	8	25
3	5	23
3	6	20
1	14	90
4	8	23
7	11	26
3	6	23
0	6	91
3	5	22
5	9	30
9	12	33
2	6	25
4	8	30
2	4	21
8	7	31
2	3	21
2	5	25
2	4	21
2	5	22
0	4	21
0	-1	90
0	-1	90
7	9	30
7	9	26
4	7	24
2	6	22
4	9	89
2	4	24
4	5	23
3	4	22
2	8	21
2	6	20
3	8	24
3	6	21
3	5	21
8	9	32
6	7	25
7	10	25
5	10	26
3	8	22
2	8	26
4	7	23
1	6	22
4	5	21
3	5	22
4	6	24
5	6	22
0	6	91
7	11	30
1	5	21
6	9	29
5	9	26
3	6	23
6	7	31
8	8	26
8	13	33
3	6	22
0	9	91
0	9	91
4	7	30
1	3	22
1	4	20
6	7	26
5	6	25
4	7	24
4	10	32
6	9	27
3	9	24
4	6	24
6	7	27
3	7	22
2	4	23
2	5	20
5	9	25
0	4	91
2	6	21
1	3	21
5	7	24
0	14	91
0	9	91
0	3	21
3	7	22
7	9	32
4	7	24
3	6	22
6	8	26
6	8	25
5	7	25
5	11	27
1	7	23
2	7	23
4	7	22
4	8	25
6	8	27
4	7	23
4	8	26
4	8	27
5	9	30
4	8	24
5	8	25
4	7	24
5	10	33
4	6	25
4	8	27
8	10	31
3	8	27
5	10	31
4	8	27
2	8	22
5	10	27
5	9	25
3	7	22
4	8	21
5	8	26
9	10	31
8	10	29
6	9	27
0	5	22
5	6	26
9	9	32
0	34	90
6	9	27
5	11	27
7	7	24
5	7	23
2	5	21
5	8	22
3	9	26
4	8	24
4	8	24
3	5	24
5	6	27
4	6	30
4	7	27
4	7	26
4	6	25
4	8	26
5	6	25
3	7	25
5	9	28
6	9	23
6	8	27
0	8	90
0	9	90
1	5	21
5	10	25
3	8	23
3	10	23
3	9	24
5	12	30
4	9	25
2	12	91
2	10	91
3	7	23
2	4	24
2	7	25
2	6	25
1	8	24
1	6	24
1	4	22
1	3	21
8	12	31
3	9	22
8	12	30
2	4	22
2	4	21
2	5	23
5	9	26
0	33	90
5	5	22
7	10	27
0	10	88
0	13	90
2	8	25
2	4	22
1	3	20
3	6	23
3	8	24
3	7	25
3	7	21
4	7	22
3	9	24
0	8	90
0	11	91
6	8	28
3	7	25
4	9	31
5	35	90
10	11	32
0	12	72
2	3	21
0	8	91
0	11	90
2	5	22
4	4	22
2	6	21
2	4	21
2	4	23
7	10	30
6	8	26
1	4	43
6	8	24
0	4	91
0	12	91
3	6	23
2	5	21
1	7	25
0	11	91
1	10	90
7	8	23
8	9	28
8	11	27
0	5	62
0	6	62
5	6	24
7	9	28
1	15	86
6	5	25
4	12	30
0	13	91
0	2	91
0	4	91
3	6	22
1	4	20
1	5	20
2	2	21
3	6	24
3	6	20
2	5	23
2	4	23
0	8	91
0	17	88
6	10	32
2	4	22
5	9	23
6	11	30
1	3	23
3	7	23
2	7	21
6	7	25
6	7	28
2	7	21
8	17	42
4	8	24
4	8	26
5	7	26
6	9	26
8	16	36
0	3	22
5	7	24
10	15	36
7	10	29
4	7	22
4	32	91
3	7	24
1	6	21
7	11	29
3	3	22
3	6	26
2	5	22
2	5	25
2	5	22
3	7	20
4	7	25
5	8	25
5	9	24
2	5	22
3	5	23
4	9	23
1	3	21
2	6	22
6	12	31
6	8	25
4	6	23
4	5	22
6	8	35
5	8	30
1	6	21
3	7	21
3	8	23
5	11	27
8	9	25
7	10	26
2	5	22
12	11	40
12	10	39
3	7	21
1	7	21
5	6	24
6	10	26
3	8	22
4	8	26
7	12	32
7	13	32
5	10	25
3	7	23
3	6	22
3	8	25
6	9	30
6	7	24
9	9	31
7	8	27
0	-1	90
0	4	90
2	2	22
4	7	24
5	11	26
0	7	90
0	4	89
4	7	21
6	7	24
0	-1	91
2	7	21
6	8	32
0	6	91
4	5	22
0	7	20
0	-1	90
6	9	25
9	8	32
8	10	34
4	6	24
1	5	23
2	6	21
5	12	25
5	8	25
4	9	25
5	8	25
4	8	23
3	8	22
3	7	22
2	6	21
2	5	20
4	4	24
1	13	91
3	6	21
7	13	33
1	5	20
3	9	23
0	11	90
1	12	91
3	6	24
9	11	28
7	11	26
8	11	30
8	9	29
6	7	24
5	8	24
7	10	34
1	6	22
0	8	78
2	6	21
2	3	24
9	15	37
1	3	21
3	7	24
4	6	22
4	7	23
3	8	25
3	8	24
8	8	31
0	8	90
0	12	91
3	8	21
4	6	24
8	9	34
5	11	30
6	9	35
1	0	21
1	7	20
1	5	20
2	6	24
2	3	20
1	6	21
10	12	33
2	12	24
7	11	30
0	25	90
4	8	21
2	3	24
0	3	21
0	0	20
6	12	28
0	5	91
6	10	25
9	10	30
0	11	90
0	9	90
4	7	24
5	11	30
1	6	21
7	9	30
6	9	24
5	8	25
8	11	30
10	11	29
10	11	29
2	7	22
1	8	22
3	5	21
2	4	23
0	9	91
0	11	91
4	7	25
0	14	88
0	14	91
7	8	30
4	8	34
8	12	33
8	10	32
7	10	29
8	9	26
5	7	30
0	4	20
1	4	21
1	4	20
6	7	32
6	7	31
4	6	31
5	7	31
4	10	32
5	8	26
4	7	23
3	5	21
4	7	22
4	8	24
4	8	23
4	5	21
2	5	20
0	13	90
0	6	91
0	11	91
0	11	91
0	20	89
0	24	91
2	7	24
5	6	22
2	8	21
2	7	20
7	10	30
6	8	26
9	12	31
7	9	26
7	7	26
6	8	25
4	6	23
0	10	91
6	12	26
3	9	25
4	6	22
4	7	24
4	13	30
5	8	26
7	13	31
3	10	26
3	10	26
3	8	26
2	7	24
4	7	24
4	7	25
3	7	23
3	6	21
4	8	26
3	6	22
3	8	22
4	9	23
5	7	23
4	8	24
1	7	22
2	5	20
3	5	23
1	4	21
1	7	20
2	3	23
7	9	29
0	20	91
0	22	90
5	6	24
3	8	21
0	6	91
3	8	25
6	9	30
7	12	32
9	12	31
5	10	25
3	5	21
8	13	33
8	10	28
8	15	32
3	8	24
0	4	20
0	11	88
5	12	26
4	7	23
1	4	23
0	4	22
0	3	21
0	4	20
3	9	40
2	8	33
3	8	33
2	7	32
1	6	34
1	3	29
10	14	35
6	9	28
0	2	91
2	6	23
1	7	89
7	10	30
6	12	33
1	6	32
7	9	26
6	8	30
1	2	20
4	7	23
1	4	20
2	3	21
10	11	33
10	12	30
10	11	34
0	4	91
1	5	89
7	9	25
3	8	22
1	8	22
1	6	21
5	9	30
0	11	88
5	10	30
0	7	90
4	8	30
9	16	34
5	6	27
0	10	91
9	9	38
9	10	34
6	11	32
6	11	30
4	5	23
4	8	25
8	17	35
5	8	25
9	12	30
2	6	21
3	5	20
3	7	22
0	4	20
4	7	24
3	7	23
4	7	22
2	5	21
6	10	28
6	7	26
6	7	25
4	6	23
3	10	24
4	8	26
4	10	24
2	5	21
6	12	34
1	4	21
3	7	23
5	8	23
4	7	23
3	8	22
6	11	26
5	16	30
5	8	28
4	8	27
3	6	24
4	7	24
5	7	24
5	9	26
4	8	26
3	6	21
4	9	24
3	8	20
1	7	91
0	7	90
2	7	23
3	7	24
2	6	22
6	8	25
7	10	24
4	9	22
5	10	27
7	10	32
8	10	27
5	10	30
5	7	30
4	7	24
4	5	24
8	8	25
4	6	22
3	7	25
3	6	23
4	6	22
4	8	22
6	7	24
5	8	25
2	7	20
5	8	26
2	5	22
2	6	21
2	8	21
9	10	27
7	10	27
5	11	26
5	9	26
4	10	24
5	11	26
5	11	30
4	9	24
4	7	23
3	9	24
4	10	25
3	9	26
4	9	25
5	6	24
8	12	31
2	6	22
3	7	22
1	4	20
3	7	22
7	11	31
1	7	23
2	4	20
4	10	27
2	5	22
3	5	21
0	12	91
3	8	22
2	3	22
5	11	26
4	7	31
0	2	22
3	8	22
2	8	21
1	3	20
2	3	21
3	5	20
2	4	21
3	6	21
4	7	25
6	9	26
8	8	27
2	5	21
4	7	24
3	6	23
3	6	23
8	11	29
6	10	27
6	11	27
5	7	22
0	6	89
0	3	20
0	11	90
0	5	91
1	3	22
5	7	30
7	10	31
0	11	91
0	11	91
0	3	91
0	3	91
0	10	90
0	0	91
0	9	91
0	9	90
7	8	24
6	10	27
7	10	30
5	9	26
7	11	33
5	8	25
6	8	27
5	9	28
1	3	21
0	3	21
2	5	21
6	9	30
5	8	28
4	6	23
1	3	24
3	5	22
1	5	20
1	3	24
1	3	22
3	7	22
7	13	32
0	5	91
0	8	90
1	10	91
4	8	25
0	3	21
0	4	20
7	8	25
0	10	90
0	14	91
4	7	23
8	12	26
9	12	26
9	12	34
7	11	28
4	6	26
0	9	90
5	5	22
3	5	22
0	4	90
4	9	25
4	8	24
3	7	23
4	8	25
3	11	26
4	8	24
1	4	21
1	3	20
2	4	22
2	4	20
0	26	90
2	10	77
2	7	77
3	7	22
0	11	91
0	13	91
3	9	25
0	6	91
10	10	36
2	8	23
0	8	90
0	14	91
4	7	24
3	7	24
2	15	90
0	6	91
0	12	91
2	7	24
3	7	24
3	7	20
2	5	23
0	8	91
0	10	91
0	12	90
0	-1	91
1	5	23
1	7	22
4	7	23
2	5	24
1	3	21
6	6	23
0	8	91
1	5	22
0	3	23
0	4	21
4	6	22
5	8	24
6	7	24
2	5	21
1	6	21
2	5	23
5	7	22
0	15	91
0	3	90
0	3	90
3	6	20
0	12	90
4	5	25
8	9	31
4	5	24
6	7	25
2	5	23
6	11	31
2	8	24
3	6	23
2	7	22
2	6	22
5	11	26
2	7	21
0	7	91
0	10	91
0	9	91
5	5	25
7	11	28
0	6	91
0	7	91
6	11	33
4	9	24
3	5	21
0	8	91
5	9	26
8	10	29
2	21	90
1	3	20
5	8	30
1	6	20
1	7	22
5	6	22
0	7	90
4	7	22
3	8	27
4	8	30
0	13	91
2	5	24
2	8	24
2	5	21
0	9	91
0	8	90
3	3	24
6	9	31
5	8	26
0	18	61
6	8	31
3	5	23
0	-1	91
0	4	90
0	7	91
0	12	90
3	6	26
5	7	25
4	7	26
3	4	23
0	12	91
0	10	90
2	6	23
22	15	91
3	10	25
3	4	22
5	5	24
4	4	23
3	7	23
3	7	23
6	7	28
0	4	22
1	4	22
1	4	22
5	6	24
4	9	22
5	7	23
7	31	90
2	7	24
4	7	26
4	8	23
5	9	25
4	7	22
5	8	24
3	6	23
3	8	24
3	9	25
11	13	39
3	6	23
5	22	90
4	9	30
3	6	22
5	10	26
5	14	30
3	6	23
6	7	32
4	7	24
4	8	25
7	12	31
7	13	32
6	14	32
6	14	30
5	13	29
6	14	31
6	12	30
8	14	32
8	13	30
4	10	26
6	9	25
4	6	24
3	6	27
3	7	23
7	7	24
4	7	24
3	4	22
5	13	32
5	12	31
6	11	30
4	9	24
3	9	23
1	7	23
1	3	22
6	9	25
7	10	27
3	16	35
2	5	22
5	11	27
0	10	90
0	-1	91
5	10	27
3	4	22
4	7	23
4	8	23
9	14	32
3	8	23
3	8	24
3	4	23
5	7	25
3	8	27
4	5	23
2	7	23
5	9	26
9	11	30
8	11	29
3	5	20
0	-1	90
3	6	26
11	14	37
8	11	32
4	8	22
7	10	27
9	12	33
4	7	22
9	10	32
3	5	22
3	5	23
0	4	90
0	7	91
3	6	25
1	5	21
11	16	36
9	12	36
6	10	24
6	10	25
6	7	24
7	6	27
3	3	23
3	5	23
5	7	25
4	8	22
0	7	85
0	7	85
1	5	21
0	6	55
0	13	90
8	28	90
1	28	90
3	7	22
3	4	23
2	3	21
3	5	21
1	6	20
1	5	20
2	4	22
6	10	27
4	7	23
6	8	30
1	2	22
4	7	26
5	6	25
6	8	26
5	11	30
8	11	27
2	5	22
2	5	21
0	6	21
4	10	30
2	10	23
4	12	91
4	10	91
9	13	34
6	8	25
6	9	28
5	12	30
3	8	23
0	20	90
4	7	25
5	6	24
2	5	22
2	2	22
6	20	60
4	6	24
6	8	25
0	4	22
5	8	25
5	7	27
4	8	22
4	8	23
3	7	21
3	5	30
5	7	24
6	6	24
2	8	22
2	5	21
3	7	24
0	20	91
0	8	91
6	9	26
3	9	24
0	2	22
1	4	21
3	10	23
3	8	22
3	10	22
0	14	90
5	9	25
5	8	25
3	7	24
3	7	23
3	5	21
0	13	88
0	12	88
0	10	91
0	10	90
4	4	22
3	5	23
6	8	25
0	8	90
0	4	23
0	3	22
0	3	22
8	5	33
9	-1	40
7	12	32
3	5	21
3	5	22
4	6	22
4	6	24
5	5	25
4	5	23
2	6	22
4	5	24
2	6	24
2	7	23
0	8	90
0	7	91
0	8	91
2	5	21
3	6	24
5	5	26
2	6	21
0	10	66
0	11	66
1	6	22
1	3	22
0	5	21
1	3	20
3	5	23
3	5	22
1	6	22
0	5	91
5	9	25
6	7	23
1	5	22
1	4	22
7	9	27
1	6	22
6	11	31
3	12	27
0	9	91
4	6	24
2	6	22
2	5	20
3	6	22
2	7	22
3	5	20
8	7	32
5	8	31
0	7	91
2	6	21
0	6	91
0	14	90
0	9	90
3	7	21
2	5	22
2	5	20
2	5	21
0	3	22
4	6	22
5	8	24
3	7	22
4	9	21
2	6	21
3	8	21
3	8	24
4	8	23
4	10	25
4	8	24
3	8	25
5	8	24
5	10	25
5	11	26
5	9	25
4	11	24
3	7	28
3	8	23
1	27	89
3	5	25
2	5	23
2	5	23
3	5	24
3	10	22
7	11	32
6	14	37
8	10	28
7	13	32
6	8	25
2	4	23
0	32	91
10	9	32
5	11	31
2	5	26
3	8	26
4	6	23
4	7	24
3	5	20
3	8	21
1	18	91
1	18	91
0	17	91
0	17	91
4	12	26
0	3	20
2	4	21
5	9	26
6	8	26
3	6	22
2	7	22
2	6	21
1	7	20
2	6	23
4	7	22
3	7	21
1	9	22
3	5	23
3	6	22
4	9	25
0	14	90
0	12	91
1	6	22
3	7	27
2	8	22
6	7	33
5	10	25
6	9	23
2	6	22
2	7	23
9	10	27
5	8	27
2	6	22
3	7	22
6	9	28
3	7	22
3	5	21
0	9	91
6	8	24
4	6	25
5	8	26
3	7	24
2	7	23
2	6	22
2	4	22
5	10	26
6	10	24
3	9	23
6	8	25
6	9	25
7	10	25
3	7	24
3	7	24
3	8	23
7	12	32
7	13	31
2	5	23
2	7	23
5	11	24
4	10	24
4	10	25
4	8	25
2	4	21
1	7	21
5	8	25
3	7	22
8	13	32
6	10	27
7	13	34
4	9	24
4	8	23
2	7	26
3	7	24
4	8	23
2	6	22
5	8	24
5	6	26
5	14	32
4	8	24
3	5	22
4	6	22
2	8	26
10	21	88
0	3	91
0	12	91
7	8	30
2	6	20
1	4	21
8	10	31
5	9	26
4	6	22
0	7	90
10	9	33
6	4	26
5	8	23
2	9	22
4	9	23
0	7	91
0	11	91
7	8	25
7	7	32
3	6	23
7	11	26
6	10	28
5	8	25
8	9	26
0	6	91
0	10	90
4	7	25
8	13	33
7	12	29
8	11	33
5	10	31
6	10	30
7	10	32
6	8	26
6	9	32
5	10	32
6	7	25
5	6	22
9	13	40
1	3	21
4	7	23
4	10	30
5	11	31
0	12	90
0	13	91
3	4	24
5	8	25
4	7	23
3	8	24
5	9	32
3	7	26
3	8	24
2	5	24
3	6	24
3	7	24
2	7	23
9	12	33
8	13	30
5	8	24
3	6	22
2	6	21
5	9	27
5	9	30
2	6	21
1	6	22
7	11	28
5	8	24
3	6	20
4	6	22
4	8	25
7	9	31
6	8	25
3	6	23
5	7	25
3	7	23
11	16	38
8	14	34
2	8	23
3	9	24
3	8	23
2	6	21
4	6	23
8	8	31
10	9	34
0	13	89
0	11	91
8	8	30
1	7	21
4	8	26
3	8	25
4	8	25
5	6	24
4	7	24
4	5	23
4	6	23
7	14	31
9	12	34
9	8	28
0	-1	91
4	8	23
4	6	24
7	6	27
0	30	90
0	3	22
5	7	25
4	7	23
1	5	22
3	5	21
3	5	22
4	10	24
5	7	23
4	7	23
2	6	22
7	9	28
4	6	20
1	5	20
1	3	22
0	13	90
0	8	89
2	4	22
1	4	20
0	7	59
3	5	21
0	8	91
0	10	90
1	6	22
0	9	91
0	8	90
4	6	25
0	-1	90
0	4	91
6	8	35
4	7	24
5	11	32
4	12	31
7	10	32
4	6	32
5	7	32
4	7	30
4	5	25
3	5	24
2	5	27
9	11	37
0	4	91
0	4	30
0	3	30
0	12	90
0	16	90
9	14	39
0	4	20
3	8	23
2	5	21
5	7	24
1	4	21
0	2	21
5	9	26
0	18	90
4	6	24
0	16	89
0	13	91
2	7	22
2	4	20
0	7	90
1	13	91
2	4	20
4	7	25
5	6	25
1	6	22
1	6	21
4	8	26
3	7	23
4	6	25
0	4	22
6	9	27
8	11	34
3	8	22
3	6	24
3	6	23
3	6	23
2	8	25
0	11	90
0	9	90
4	5	22
2	5	23
2	6	23
0	17	91
0	10	90
0	12	91
0	20	90
0	-1	90
0	12	91
0	9	91
3	8	25
3	7	25
2	5	22
2	6	23
0	13	91
0	11	91
0	13	90
0	8	90
1	9	91
1	10	91
1	2	22
0	4	21
5	8	24
2	4	22
2	5	21
3	4	22
1	4	22
0	8	91
0	8	90
0	8	91
6	8	30
7	8	30
5	9	33
5	10	34
7	9	33
6	10	32
4	7	30
5	8	26
4	7	31
5	8	26
5	7	30
3	6	29
2	7	30
3	8	30
4	7	27
2	4	24
2	5	24
2	4	21
0	8	91
0	16	90
3	6	21
6	8	27
6	8	26
5	7	24
7	11	29
0	25	90
0	24	90
0	24	90
0	-1	90
0	10	91
0	12	89
0	14	90
3	5	23
0	3	20
0	8	91
0	7	91
0	9	90
5	22	91
9	10	33
0	15	90
1	12	91
6	8	30
2	4	24
0	6	91
0	7	90
0	16	91
0	7	87
1	5	21
0	27	90
0	-1	91
0	8	90
1	5	22
1	6	91
0	10	91
0	10	91
0	4	41
0	3	22
0	8	88
0	10	91
7	11	27
0	11	91
0	13	91
0	11	91
3	8	25
4	9	25
0	16	91
0	15	89
0	5	91
0	13	91
2	4	22
4	5	25
0	7	91
0	9	91
0	8	90
0	6	81
4	8	25
8	9	28
7	8	26
0	7	67
0	11	90
2	4	21
1	9	20
3	5	24
1	7	90
1	4	20
11	11	29
2	6	24
6	11	32
3	7	22
0	6	91
6	6	24
9	12	34
0	5	91
0	33	90
1	12	91
2	4	21
9	10	29
0	12	91
0	9	90
1	3	22
6	8	25
5	10	30
5	8	29
1	3	21
1	4	22
0	11	83
0	13	83
5	9	24
5	10	28
0	10	90
10	12	33
4	8	25
0	9	90
4	12	26
7	9	26
7	9	32
3	5	22
6	6	25
3	4	23
1	3	23
1	2	22
0	15	90
5	6	27
5	6	26
7	11	30
3	8	24
6	10	32
3	7	22
2	4	20
3	5	25
0	10	91
0	9	90
0	13	90
0	11	91
0	13	91
2	8	23
4	6	30
1	7	90
4	6	23
4	7	30
7	10	30
4	7	24
4	7	24
4	8	24
4	8	23
0	5	90
0	4	91
4	7	27
1	3	22
0	18	90
0	19	90
0	12	91
0	9	90
2	7	21
0	11	90
0	40	91
0	7	91
0	11	91
1	36	91
2	3	22
4	7	31
2	6	21
3	7	23
3	3	21
5	5	25
4	9	26
3	6	23
5	10	30
8	10	35
2	5	24
1	3	20
2	5	20
2	5	21
2	6	22
5	9	30
2	6	23
2	6	21
2	5	22
9	13	35
10	12	37
1	-1	89
1	-1	89
3	9	23
6	12	31
6	8	26
5	7	24
2	9	24
3	4	44
2	9	25
4	9	26
3	6	22
6	13	28
0	9	91
0	12	91
8	10	28
3	7	22
2	7	20
8	7	31
0	7	88
3	5	21
3	6	23
3	7	23
2	6	21
5	7	25
2	5	21
6	10	26
4	9	24
5	8	23
6	8	24
2	8	23
4	10	25
4	6	22
4	7	21
2	4	21
3	5	21
0	5	91
7	10	30
6	6	27
2	6	23
5	6	23
7	14	32
3	10	24
3	9	23
5	10	23
0	12	90
2	7	22
4	8	23
4	9	23
2	6	20
1	5	21
9	14	37
5	4	25
5	4	24
4	4	24
5	4	25
0	27	91
5	8	30
6	9	27
4	10	30
8	10	31
6	11	26
2	3	22
2	4	21
5	6	25
5	8	24
7	13	34
7	11	27
6	8	24
5	9	25
4	6	22
7	11	32
5	8	26
3	7	23
3	8	25
2	4	20
2	5	21
0	9	91
0	10	90
7	12	31
3	5	24
4	6	23
3	7	20
6	8	26
8	11	31
3	4	22
7	10	30
5	9	25
2	7	23
2	5	22
2	4	22
7	8	27
3	6	23
2	8	24
3	5	23
7	13	32
8	11	32
8	9	33
8	10	30
3	7	24
12	14	39
11	11	32
0	8	91
0	3	91
3	7	21
8	10	30
0	13	89
4	7	24
4	7	23
3	5	20
2	5	21
8	11	31
4	6	24
4	6	24
2	23	90
0	21	85
3	7	22
8	10	29
0	3	86
5	11	24
10	11	33
4	4	21
3	7	22
0	3	91
2	8	91
3	10	24
5	9	23
5	9	24
0	16	90
1	13	91
1	7	91
1	9	91
2	5	21
3	8	23
0	3	22
0	8	90
0	8	89
2	6	22
3	7	22
7	13	31
2	5	21
3	7	22
0	6	91
0	9	85
5	6	24
2	6	22
2	5	23
2	4	21
2	4	20
3	6	23
3	6	24
7	9	25
2	9	21
3	5	23
2	6	23
0	7	91
0	8	90
0	12	90
1	7	22
0	12	90
0	8	91
4	7	24
4	6	24
3	5	24
2	5	22
4	7	23
9	13	30
7	9	29
4	5	24
0	11	90
0	9	87
8	9	29
10	11	35
1	6	23
1	5	21
1	6	20
2	7	22
1	5	23
3	5	23
3	5	22
4	6	24
5	7	26
3	9	23
9	14	34
8	14	32
4	4	25
0	10	91
0	8	90
1	6	23
1	5	21
6	7	26
6	6	27
6	8	27
8	9	29
7	8	24
6	7	25
5	7	30
3	5	21
4	4	25
5	10	91
4	7	90
4	8	24
3	8	22
4	5	23
5	12	28
6	9	30
2	6	22
1	16	91
0	11	91
7	10	28
8	10	30
2	5	21
0	10	87
9	19	39
6	8	25
1	5	21
1	4	22
6	8	26
4	5	21
2	4	23
0	13	91
0	13	91
0	11	91
0	11	91
4	6	28
2	11	90
0	-1	91
3	7	23
4	6	24
0	11	90
2	7	21
12	15	37
0	5	90
0	7	90
5	8	27
3	5	21
2	3	21
6	10	29
3	8	22
3	8	22
3	7	21
3	6	25
5	11	31
5	12	30
3	5	23
3	6	23
7	8	26
6	8	25
7	9	32
5	7	24
4	7	26
6	7	26
5	6	25
4	6	22
4	7	22
5	7	26
0	29	90
5	7	24
3	5	21
2	5	21
6	7	27
2	7	21
2	7	20
3	6	23
10	13	33
4	6	23
5	6	22
3	5	21
3	10	24
3	9	24
4	5	23
3	7	25
0	8	91
0	8	90
0	10	90
0	13	90
7	8	27
7	8	26
3	6	21
2	6	24
2	5	20
3	8	22
3	8	23
2	8	23
4	9	25
8	12	30
4	6	23
7	11	29
3	9	23
3	10	25
3	8	22
1	6	21
7	8	26
2	6	21
3	5	22
2	4	22
4	7	21
1	4	21
4	5	23
5	12	31
3	2	22
3	6	24
0	9	91
0	5	91
3	5	23
4	4	22
7	10	27
3	6	22
2	6	22
7	10	28
6	10	24
6	6	25
7	11	30
2	5	21
2	6	21
3	8	22
2	7	21
3	7	22
2	6	24
2	6	23
7	9	28
0	4	90
0	6	91
7	8	30
7	9	30
6	9	30
6	9	25
5	6	25
5	6	26
5	8	26
4	5	24
0	7	90
0	12	90
5	9	26
7	10	31
3	7	24
5	7	23
5	10	25
4	6	24
3	5	23
4	6	22
7	8	30
5	5	22
0	11	88
3	8	23
7	10	27
5	8	28
4	8	25
2	4	23
7	9	27
1	5	21
7	10	29
7	10	29
7	11	30
5	9	24
6	9	25
2	7	21
1	2	21
1	4	20
2	5	22
7	9	26
2	4	20
1	5	24
0	7	91
1	14	91
2	4	22
1	3	20
4	7	22
6	11	30
6	9	28
3	9	23
2	7	24
5	8	27
1	3	21
3	6	22
0	10	71
0	7	90
1	12	90
3	5	21
2	6	23
5	8	27
0	24	89
5	7	27
4	7	25
1	3	26
5	26	91
5	11	31
4	8	24
5	7	24
4	8	23
1	5	20
9	10	35
8	10	34
9	9	33
4	9	24
4	7	24
2	8	23
1	7	22
5	8	24
8	10	27
7	10	26
7	7	28
6	7	31
6	8	23
4	8	23
3	5	23
4	5	22
2	5	22
3	6	23
1	13	91
0	10	90
4	5	22
0	11	91
1	6	24
2	6	22
0	12	91
0	9	91
0	5	91
0	6	91
0	7	91
1	14	89
5	8	24
4	6	25
4	6	22
3	5	20
5	8	24
1	6	21
0	5	21
0	5	20
1	4	21
7	9	26
0	6	90
0	6	91
0	11	91
0	4	90
0	5	41
0	7	41
3	7	22
4	10	22
3	9	22
3	9	22
4	7	25
4	8	25
7	9	30
4	7	26
4	8	27
4	8	26
0	4	40
4	6	23
3	6	24
4	7	24
0	4	77
5	23	87
11	14	35
0	4	21
0	3	20
8	12	32
9	12	34
7	7	25
3	6	21
2	7	25
2	6	22
7	13	30
4	6	24
2	4	21
3	4	21
2	3	22
2	14	91
0	11	89
7	12	33
7	7	26
3	4	22
1	4	20
2	4	20
6	11	31
0	5	22
2	6	21
4	6	22
6	-1	90
4	11	23
7	9	31
3	8	23
6	9	24
2	5	22
2	6	23
3	5	23
4	5	22
3	5	21
4	7	22
8	7	26
9	10	30
11	11	31
8	13	33
3	6	21
3	7	23
3	7	22
3	8	26
12	16	39
7	12	32
6	12	31
5	6	22
6	9	29
4	8	23
3	4	21
7	8	29
8	7	27
7	7	30
1	5	21
1	8	22
2	4	23
4	5	21
2	5	21
2	6	21
2	4	20
8	11	29
0	12	90
2	3	21
5	5	25
21	21	88
2	4	21
3	6	26
3	5	24
2	4	23
3	6	24
3	6	26
3	6	24
3	7	25
3	5	24
2	6	21
3	7	23
0	9	91
0	10	91
4	8	24
5	7	24
4	8	25
0	13	91
0	6	90
3	5	21
7	11	32
8	12	28
7	13	28
11	17	38
6	15	35
6	14	33
6	11	27
8	13	31
8	12	27
7	14	31
6	14	30
2	6	23
5	8	25
4	9	24
4	7	24
6	10	29
6	9	28
3	6	22
3	11	27
3	7	21
5	7	23
4	6	22
1	4	22
1	3	24
1	4	23
3	5	22
4	7	25
3	7	22
21	23	90
7	13	27
6	12	27
3	6	23
4	8	25
4	5	23
9	12	37
8	11	32
7	11	30
3	5	22
4	9	23
3	8	22
4	5	23
5	9	31
4	9	25
4	7	23
8	11	29
8	12	31
0	37	91
1	-1	91
0	37	91
2	7	24
3	4	23
5	8	26
0	2	23
1	2	21
1	4	22
1	3	21
2	3	22
10	11	35
3	9	27
1	2	21
2	6	24
2	7	22
3	9	22
0	9	91
0	8	88
4	8	23
2	4	20
2	4	22
7	14	30
5	9	22
3	9	24
2	8	24
5	8	23
0	2	23
0	3	22
0	3	22
0	3	21
3	14	33
1	6	20
4	8	25
4	6	23
2	6	21
4	11	23
4	11	24
5	10	26
3	8	24
3	10	25
1	6	21
5	13	30
0	7	91
0	8	90
0	12	91
0	3	22
1	3	22
0	4	21
1	9	91
4	9	25
0	8	90
0	6	91
2	6	21
2	4	22
3	7	22
5	9	27
4	8	24
5	11	28
6	10	26
4	8	24
2	4	21
0	18	91
0	10	90
3	7	20
5	7	22
2	3	20
8	11	36
9	14	38
7	10	27
0	8	91
1	11	91
5	8	24
9	12	29
8	11	29
0	27	90
3	6	23
2	7	24
2	6	22
1	5	21
1	6	31
1	3	23
1	3	22
1	4	22
0	9	90
2	9	25
4	7	24
7	10	31
1	4	21
1	4	22
3	5	24
2	5	22
7	12	28
7	9	29
4	7	22
6	12	32
2	4	25
6	9	32
1	5	21
2	5	22
1	5	21
2	5	22
2	8	22
6	8	25
1	5	21
4	10	24
0	4	24
4	11	30
5	9	24
6	10	31
5	19	91
7	11	28
6	10	27
3	6	21
2	4	20
4	8	22
4	8	22
3	7	22
4	7	21
2	6	20
4	7	25
5	6	28
4	6	24
8	9	32
7	11	32
12	14	35
0	5	20
2	7	22
3	8	32
3	8	22
3	5	20
8	10	36
2	5	91
2	17	91
10	13	32
10	12	31
3	5	24
7	11	27
7	9	27
6	7	27
4	6	24
5	11	28
2	8	26
2	7	22
2	6	22
4	11	24
4	10	24
7	9	28
1	10	91
3	6	23
5	8	22
6	7	30
2	7	24
2	7	25
4	8	26
1	7	22
3	9	23
6	12	29
1	4	22
2	15	91
0	9	91
3	6	21
1	8	22
10	13	35
3	4	22
4	9	23
0	8	90
0	12	90
3	8	21
2	8	21
0	14	90
0	4	91
1	7	91
6	10	30
3	6	25
4	8	25
0	12	90
2	5	21
3	7	25
9	13	32
7	10	27
4	10	26
9	13	31
8	13	32
8	12	28
8	12	30
7	11	26
6	11	26
5	7	24
1	3	22
1	4	21
4	10	23
3	7	24
6	11	30
6	10	26
7	7	24
2	5	21
11	14	33
4	8	24
2	6	30
5	9	24
0	10	91
7	14	33
8	11	28
0	28	90
0	10	91
5	11	30
0	11	90
0	5	89
2	8	21
5	8	24
3	6	22
2	5	21
3	4	22
2	5	22
7	11	29
0	11	89
0	6	90
3	6	23
3	6	21
8	10	33
9	10	31
6	11	31
2	5	20
2	3	21
5	7	25
0	10	91
5	7	22
7	12	32
2	5	22
0	11	91
0	12	91
0	4	21
7	12	36
2	4	21
2	6	20
7	9	27
2	6	22
3	6	22
2	5	22
7	8	25
3	8	24
3	8	24
3	6	23
5	8	25
6	8	27
5	9	26
6	10	25
1	8	53
4	9	23
3	12	24
5	8	25
2	6	20
2	5	24
5	7	25
7	15	39
6	12	31
6	13	31
6	14	34
8	13	35
7	14	33
7	12	32
6	12	31
6	11	26
4	5	22
5	9	30
4	10	30
3	6	21
2	4	21
4	7	20
6	8	25
4	6	24
2	5	20
4	8	25
5	6	26
1	6	23
4	10	26
0	9	90
1	7	21
0	32	90
1	4	21
7	12	29
6	10	28
0	-1	89
0	-1	90
2	6	23
8	9	29
2	7	22
9	13	30
6	10	27
0	6	90
0	8	91
2	5	21
0	7	91
3	7	22
5	9	24
4	8	26
4	8	23
4	9	25
0	3	22
0	2	21
0	3	22
0	3	21
0	4	22
3	7	23
1	5	21
3	8	22
2	7	22
1	7	21
5	7	25
0	8	90
2	5	23
2	7	24
2	5	23
2	6	23
2	7	22
0	5	83
8	10	34
4	8	25
6	8	26
0	1	42
5	10	27
2	8	22
2	5	22
3	7	22
4	9	27
2	4	20
10	10	34
0	11	91
0	8	88
0	5	90
0	12	91
0	7	90
8	11	31
8	11	31
3	6	23
10	13	32
7	11	31
0	6	69
0	4	69
0	28	91
0	4	21
1	3	21
2	3	21
2	6	24
4	13	33
8	7	26
2	5	20
2	4	21
1	6	22
7	8	24
6	7	25
0	13	90
0	14	90
3	7	21
8	10	29
4	25	91
0	6	90
0	10	91
2	4	21
0	8	91
0	8	90
0	11	91
0	14	91
0	12	90
0	-1	91
4	8	23
4	7	22
0	17	90
3	13	91
4	17	90
9	9	30
3	8	25
3	7	24
4	8	26
3	7	22
2	6	23
6	10	25
0	11	72
6	9	28
6	9	27
0	16	90
9	12	35
2	5	22
2	5	20
7	8	25
3	9	25
3	6	22
4	7	24
4	6	24
4	6	23
4	8	23
0	17	90
0	17	89
3	6	25
2	5	21
2	6	22
7	11	31
3	7	25
4	8	24
5	9	28
4	7	24
4	8	25
5	8	27
2	6	24
0	4	21
0	4	22
0	4	23
3	6	25
2	5	24
9	10	30
0	11	91
1	5	20
4	6	25
1	1	24
0	13	91
0	10	91
1	6	21
4	6	22
0	7	90
0	8	91
4	6	24
6	8	25
1	8	33
4	6	24
2	9	21
4	8	25
7	9	28
3	6	26
3	6	24
4	8	26
11	7	34
6	9	30
0	12	90
0	9	90
0	5	90
0	13	90
7	11	28
6	8	27
6	8	26
5	11	31
5	12	30
8	13	35
5	13	34
5	12	32
3	6	21
4	6	23
6	10	26
5	9	26
6	8	26
6	9	26
3	6	24
7	9	32
2	7	22
0	5	90
0	6	91
3	7	23
2	6	21
0	4	91
0	8	91
0	6	91
3	7	24
4	7	23
4	7	24
3	9	23
3	4	21
3	6	24
2	7	22
2	6	22
2	6	21
0	12	91
0	10	90
0	10	91
0	2	91
6	14	30
4	9	24
1	4	90
1	5	91
1	5	91
0	6	91
2	6	23
3	6	23
2	5	22
0	7	91
0	7	91
7	12	28
2	6	22
5	7	24
2	5	21
5	8	24
0	4	21
2	5	22
2	10	23
2	10	23
0	5	91
1	6	21
7	7	25
0	7	91
3	9	24
7	11	28
8	11	28
0	8	91
0	-1	90
6	7	26
7	8	27
4	6	23
0	27	90
6	8	24
0	4	91
4	10	30
4	11	30
5	7	26
4	6	25
4	9	25
5	10	25
2	7	22
3	5	22
3	6	23
7	10	27
11	14	36
9	14	33
8	11	31
4	7	25
8	10	28
0	11	90
0	10	90
6	10	29
3	6	23
0	2	20
4	8	25
5	7	26
9	13	35
0	3	21
1	2	22
6	8	30
3	6	27
0	10	91
0	16	90
1	6	20
0	10	90
2	7	21
0	6	31
0	5	31
2	5	21
2	3	21
2	6	21
2	7	21
3	8	25
7	14	32
7	8	29
0	5	90
3	9	23
3	7	25
6	9	30
6	8	26
0	1	25
5	5	26
0	-1	89
0	-1	91
0	6	90
0	8	91
0	9	91
1	3	23
0	14	90
0	3	20
2	5	21
6	9	30
8	9	27
0	-1	90
1	12	91
7	13	31
2	7	23
4	7	22
3	7	21
7	11	28
0	5	25
0	5	23
0	10	70
0	12	70
2	6	23
2	8	22
0	16	90
7	13	32
1	10	90
4	10	26
0	13	91
0	13	90
3	7	22
10	10	32
8	10	31
10	10	31
7	8	27
7	8	27
1	5	23
0	11	90
0	10	90
1	5	91
0	14	87
0	7	91
3	5	23
0	10	91
0	9	91
3	7	24
4	12	32
3	6	23
3	6	22
7	10	31
3	7	24
3	6	22
0	2	22
0	7	90
1	4	20
1	5	21
0	10	91
0	8	90
0	11	91
6	10	25
4	7	22
0	7	89
1	8	91
3	4	20
0	24	89
1	11	90
1	3	21
3	7	24
3	6	23
4	22	73
4	22	67
4	21	72
4	20	61
3	17	51
3	6	21
0	9	87
0	7	90
4	8	30
4	6	23
3	7	23
3	6	23
0	16	91
0	14	91
0	13	90
0	11	90
0	8	91
0	15	90
0	8	90
0	8	90
0	12	91
8	10	33
1	7	22
4	9	25
0	10	71
0	6	91
1	2	22
5	6	25
3	6	24
1	10	90
4	7	22
5	5	26
2	4	23
0	6	91
0	7	90
0	6	89
0	5	91
3	6	22
0	9	84
0	8	84
4	6	30
2	7	24
5	9	24
5	12	27
3	10	26
2	9	25
5	9	27
0	12	90
0	16	90
5	7	23
2	4	22
5	6	26
4	5	26
5	8	27
6	9	28
4	7	28
4	9	26
5	8	27
4	8	28
4	8	27
3	8	26
3	9	25
2	6	22
7	8	30
8	9	29
2	9	22
2	8	21
4	6	22
6	8	30
9	14	33
8	12	30
1	2	21
3	7	23
4	6	22
3	7	23
0	23	91
2	4	21
2	6	20
4	6	22
4	24	90
2	5	20
1	8	91
3	4	21
3	5	23
3	8	23
6	10	25
3	7	21
2	6	23
1	9	91
0	11	90
13	14	37
2	7	23
0	10	90
3	12	24
3	8	23
1	9	25
7	9	27
7	10	31
4	7	22
3	9	23
2	7	23
4	7	24
5	8	25
0	28	90
2	6	21
6	7	30
5	11	32
2	5	22
3	10	24
2	6	23
3	5	22
0	6	90
4	5	24
3	6	22
2	7	24
6	9	26
10	11	32
7	11	28
1	4	21
5	9	24
0	12	91
7	13	30
8	14	36
8	10	32
3	6	25
5	8	23
2	7	21
6	7	25
3	7	22
4	7	22
5	8	24
2	9	24
4	7	23
7	8	26
3	5	23
7	11	29
0	10	90
0	7	90
2	6	24
4	10	28
4	7	22
6	12	30
2	6	23
2	8	23
5	11	27
5	10	29
5	10	30
5	9	24
1	-1	90
1	2	22
2	7	22
4	7	24
3	8	24
6	10	26
3	6	24
3	7	23
3	8	22
6	11	27
5	8	31
0	8	89
4	7	26
5	9	31
3	6	21
3	6	23
1	3	21
3	6	23
6	8	26
3	9	23
6	9	28
4	9	24
2	8	23
6	11	30
3	8	24
0	10	88
0	4	91
9	31	91
3	7	23
2	7	20
10	18	39
1	4	20
4	9	23
3	6	21
2	8	24
7	9	25
6	7	27
6	10	25
5	6	24
6	8	28
9	8	29
7	11	31
0	5	20
2	4	21
4	6	23
4	7	25
4	5	22
3	7	24
2	4	22
9	12	38
6	7	25
0	10	90
7	9	24
9	12	29
7	9	25
3	6	21
9	10	35
6	7	25
0	11	90
0	9	91
6	10	27
8	10	30
6	8	26
5	8	29
4	7	24
3	6	25
3	8	25
4	6	23
4	8	24
3	8	22
6	10	25
5	9	25
6	9	27
9	11	34
10	10	33
3	9	30
1	4	23
5	13	32
6	13	31
5	6	25
5	7	24
5	11	30
0	9	91
7	11	27
6	11	27
3	4	21
4	10	27
2	3	22
2	9	23
6	5	25
3	4	21
3	5	22
4	7	25
5	6	24
6	7	26
2	5	23
3	5	23
4	5	25
2	6	23
5	6	25
3	5	26
3	6	24
0	7	56
0	7	47
4	7	26
2	5	21
1	5	22
0	1	20
0	6	23
1	6	22
0	13	90
0	-1	90
0	3	21
4	6	25
3	9	26
4	6	21
4	9	25
2	5	22
5	10	24
2	7	20
5	8	22
6	7	29
4	6	22
4	5	23
4	7	26
0	6	22
1	4	21
0	11	91
0	10	90
1	5	21
5	13	30
2	5	20
6	8	26
8	11	31
5	8	26
8	12	31
8	12	30
6	10	26
7	11	30
6	10	30
6	11	30
6	11	35
7	9	31
5	10	30
6	11	28
2	4	22
4	8	22
3	10	28
3	8	23
3	7	23
2	6	22
6	8	28
1	8	22
2	5	20
5	7	25
1	1	20
3	5	22
9	15	33
8	11	33
8	12	31
9	12	30
9	12	33
1	3	22
0	21	91
5	8	32
2	11	87
4	5	24
0	14	90
5	7	24
0	6	91
0	7	89
3	4	22
9	10	33
3	14	91
0	7	45
0	3	21
1	3	21
0	3	21
2	4	21
3	8	23
3	10	24
2	8	23
5	8	27
0	9	91
0	10	90
4	7	24
3	5	23
2	6	22
8	11	30
4	7	27
5	7	23
1	6	21
4	8	23
5	11	26
5	8	30
7	9	25
0	17	91
0	11	91
1	4	25
2	6	23
8	14	30
2	6	21
7	10	31
5	3	23
1	4	24
1	14	84
2	4	21
6	9	26
6	6	30
3	5	23
4	7	26
3	7	25
0	-1	91
0	21	91
0	13	90
2	2	23
6	8	28
5	7	26
5	7	25
4	8	26
4	6	22
3	5	22
3	7	24
3	6	23
3	7	20
3	6	24
5	50	90
3	6	20
3	5	21
0	16	90
0	8	90
4	24	91
0	9	90
5	9	23
3	4	21
1	6	20
2	5	20
3	7	26
3	8	23
3	7	23
1	4	21
0	6	91
5	8	29
0	12	91
0	12	91
3	25	90
4	8	32
0	5	90
0	18	91
2	3	20
0	2	22
2	7	21
7	9	28
5	9	27
1	4	21
0	11	88
0	14	91
4	6	25
4	8	22
1	6	20
2	13	91
0	22	91
0	5	58
5	17	91
0	4	20
3	9	23
3	7	23
4	4	23
4	5	22
0	8	60
3	6	23
7	12	30
6	9	28
5	12	32
0	12	90
0	9	91
0	14	91
2	5	23
1	5	24
2	4	21
8	9	30
3	7	22
6	12	26
0	14	91
1	11	90
4	7	22
3	8	22
3	4	25
0	9	90
0	10	90
5	6	25
3	5	24
0	11	91
3	5	21
4	7	23
2	7	21
2	5	20
0	12	91
0	12	91
0	12	91
6	8	28
5	8	27
5	7	24
3	4	23
3	5	22
2	4	23
4	7	28
3	6	26
3	6	24
0	-1	90
0	5	90
8	9	27
2	18	90
4	8	23
2	5	20
5	8	24
5	7	27
4	6	26
5	4	25
6	10	31
2	5	22
2	7	21
2	7	25
4	6	24
6	11	27
1	3	20
4	8	27
5	10	27
5	9	30
5	10	27
5	10	27
5	7	24
7	10	30
3	6	22
2	4	21
1	4	20
1	5	21
0	5	25
2	4	23
3	5	26
2	5	22
10	10	32
10	9	33
3	7	22
2	6	23
9	12	34
0	9	91
3	6	21
0	14	90
9	9	31
2	6	20
4	9	24
4	6	23
5	6	24
4	6	23
3	6	23
7	10	28
0	12	91
0	12	91
3	8	30
2	7	20
2	6	21
7	9	25
6	9	26
6	8	24
4	9	24
5	11	31
5	11	30
3	4	22
0	2	20
0	5	21
0	11	91
0	13	91
4	9	26
5	8	25
1	4	22
1	3	21
3	5	21
4	8	25
3	9	25
4	10	25
3	10	24
4	6	22
3	7	23
4	7	24
5	6	23
3	5	23
0	12	90
0	4	90
3	8	24
5	7	27
3	7	23
3	8	23
6	9	24
8	12	34
0	7	91
5	11	31
5	10	32
4	10	30
6	8	27
4	8	23
4	8	30
3	7	22
3	6	21
5	8	28
4	8	27
1	4	21
3	5	22
0	11	91
5	9	25
5	8	24
1	3	20
4	10	24
5	9	23
6	8	23
0	25	90
4	8	25
5	11	30
4	8	23
0	12	91
0	11	90
6	9	30
3	5	22
5	7	21
0	9	91
0	7	91
0	11	91
0	16	91
0	13	91
0	7	91
3	8	91
2	9	90
4	8	20
5	9	30
0	8	91
4	7	23
4	7	22
4	7	24
3	5	20
2	9	90
8	11	29
5	7	25
5	9	25
10	12	34
4	7	24
5	7	23
1	8	22
0	5	21
1	5	21
3	8	23
3	7	22
5	7	27
4	6	22
4	8	21
6	11	31
3	8	23
6	12	32
0	9	90
3	5	21
4	5	22
6	8	24
5	13	28
7	10	27
6	9	30
3	6	25
0	11	91
0	10	88
3	7	23
0	9	90
0	-1	90
0	14	91
5	13	30
1	5	23
7	8	30
7	10	29
6	9	26
6	9	27
8	12	33
7	10	31
0	11	90
0	11	89
0	6	91
7	6	27
9	13	32
10	10	35
8	10	34
9	10	33
8	10	33
4	7	24
4	6	23
4	6	24
6	8	24
6	9	26
4	3	23
0	7	91
3	8	23
2	6	21
7	9	30
4	7	26
4	5	25
2	6	25
4	5	24
6	5	25
4	4	25
1	-1	90
3	6	23
1	5	23
3	8	23
3	8	23
6	13	32
3	4	22
4	6	21
6	7	24
1	6	20
3	9	21
3	9	23
3	10	25
3	9	24
1	7	24
2	4	24
1	4	23
1	4	22
7	7	27
7	7	25
0	14	90
4	10	24
3	4	23
0	9	91
3	5	24
3	8	27
9	8	26
1	10	91
1	11	90
2	7	20
5	11	28
3	10	24
5	9	24
2	5	21
6	10	31
4	10	30
2	6	23
2	6	22
3	7	22
2	4	22
3	8	30
2	7	22
3	6	22
4	6	23
4	7	23
4	7	22
4	7	23
4	6	24
4	10	23
3	6	26
1	2	22
4	14	34
4	7	22
4	6	23
6	9	30
2	5	23
3	5	21
3	5	21
5	8	23
2	5	22
5	-1	90
4	8	25
3	4	22
4	7	24
3	7	22
0	9	90
0	-1	90
4	25	91
5	-1	91
2	5	22
3	5	22
0	9	91
7	11	31
8	10	30
5	8	26
4	8	25
6	9	27
9	13	34
2	5	20
2	7	24
8	9	30
9	11	29
8	11	28
0	7	88
3	2	24
9	12	30
6	8	26
6	9	32
3	7	30
3	9	23
3	8	24
3	7	23
6	7	26
9	9	26
2	6	22
3	8	25
4	8	26
3	7	21
3	4	23
3	5	21
9	12	31
6	10	26
5	8	26
3	7	26
7	12	30
8	11	31
4	5	25
4	7	24
3	6	23
0	3	43
0	13	90
3	5	23
6	17	36
7	11	27
6	9	24
4	8	22
4	8	22
1	7	22
2	6	26
3	7	24
3	8	23
3	8	23
3	6	24
6	11	31
2	5	21
2	6	23
2	7	22
2	8	23
3	5	22
2	9	24
7	8	27
3	6	23
3	8	23
1	6	22
1	6	21
2	8	24
0	8	89
5	14	30
4	14	31
1	6	22
7	34	90
5	7	24
0	6	23
5	9	25
8	10	30
7	10	30
0	12	91
0	11	91
3	6	26
4	7	26
8	11	29
4	23	91
1	4	21
4	9	23
0	10	91
6	10	27
2	7	21
1	4	21
5	10	24
7	8	23
0	14	91
0	13	90
4	7	24
6	11	30
2	8	22
2	7	23
2	10	24
17	21	43
2	6	30
1	2	23
8	13	27
2	5	22
2	4	20
0	12	91
0	12	91
1	3	21
3	6	23
2	6	22
3	9	25
6	7	27
10	14	32
2	6	22
6	10	26
0	7	91
5	7	24
0	19	90
4	10	25
0	12	90
4	6	23
4	6	24
3	7	25
4	7	24
4	7	21
0	8	90
0	2	21
2	4	24
2	5	23
3	5	20
0	10	81
0	10	91
0	7	89
7	12	31
3	9	23
3	10	23
0	3	21
3	4	31
13	12	38
3	7	24
3	6	23
1	5	90
4	7	24
0	8	90
0	6	91
4	6	24
4	8	23
4	8	23
0	4	21
3	7	23
4	6	22
6	10	30
4	7	25
7	7	25
4	8	23
3	9	22
3	9	24
5	9	25
0	15	90
0	6	90
2	4	24
1	1	22
7	11	30
6	6	23
0	28	91
4	9	22
5	5	25
5	9	22
0	9	91
0	13	91
4	9	24
5	8	23
2	5	21
2	5	20
2	7	24
4	7	23
9	10	26
0	11	91
0	8	91
6	13	30
3	8	23
3	7	22
3	6	23
3	8	24
5	6	24
7	8	33
4	7	22
3	7	22
9	9	29
6	12	31
9	11	34
4	7	23
1	5	21
3	7	22
1	5	21
6	10	26
9	14	37
0	9	89
0	12	91
0	13	91
5	8	35
0	12	91
2	7	21
4	11	23
0	3	20
1	22	90
0	8	90
0	8	90
2	6	21
3	8	23
3	7	21
5	8	24
6	13	30
2	6	24
5	10	26
4	8	26
8	14	32
5	8	23
9	12	33
9	8	33
10	10	31
9	10	30
8	10	32
5	8	25
2	5	20
2	4	22
2	6	23
3	4	23
9	11	33
8	10	29
7	12	31
8	10	27
5	8	24
3	7	23
4	7	22
0	7	90
0	10	90
1	4	22
4	9	24
6	8	23
4	7	23
4	6	21
3	6	21
0	8	90
0	9	90
3	7	23
4	9	24
3	9	24
3	8	22
2	4	22
0	11	91
0	16	91
1	5	21
7	14	32
11	16	38
11	15	35
5	9	23
3	5	21
3	7	21
0	6	87
0	12	90
3	4	22
5	8	24
1	6	20
1	6	20
9	11	33
2	7	24
3	8	24
2	7	23
6	10	24
5	8	30
5	8	24
6	9	28
4	8	24
2	5	22
3	5	21
5	9	25
0	9	81
4	6	24
2	4	21
3	5	22
4	9	31
4	6	22
0	16	91
0	8	91
0	15	90
1	21	90
8	12	30
0	16	90
0	11	91
5	29	90
0	16	91
4	7	22
8	9	31
3	7	23
2	5	21
3	7	25
2	7	20
7	10	25
7	10	31
0	8	37
2	6	25
12	14	42
7	10	30
2	10	22
4	12	30
0	-1	90
3	3	24
3	3	25
2	6	22
3	6	22
2	5	22
0	10	91
8	14	33
8	14	31
8	12	29
8	10	31
6	9	29
4	6	24
3	7	23
1	7	21
2	5	22
11	11	37
2	5	22
9	13	34
0	7	91
0	12	91
8	12	28
0	26	91
3	8	23
3	6	22
3	6	21
3	5	21
6	7	35
4	8	25
0	12	90
0	12	90
0	10	88
2	6	22
6	9	26
7	9	26
8	11	27
6	10	30
3	6	20
8	11	30
9	12	30
7	30	89
4	8	22
4	9	27
5	8	25
0	9	91
0	8	89
3	5	21
2	5	21
5	8	26
7	14	33
5	7	23
3	6	21
2	5	22
7	10	25
1	3	20
0	3	20
1	5	22
2	6	21
2	4	22
3	6	22
2	4	22
5	8	25
2	8	24
0	15	91
7	9	26
7	10	26
0	7	89
0	7	89
9	11	30
7	11	28
1	12	91
0	7	91
3	7	21
3	37	91
2	5	23
2	5	22
4	11	30
4	8	23
2	5	21
0	13	91
23	38	91
5	10	26
5	9	26
0	10	89
0	7	91
5	7	26
3	7	24
5	9	24
2	8	23
4	6	23
4	6	22
4	7	24
5	9	24
0	5	90
8	11	33
2	5	22
4	7	23
4	7	22
2	6	22
8	15	34
1	7	21
6	9	25
3	7	23
0	8	24
1	3	23
2	6	22
2	6	23
2	6	22
4	5	22
3	6	23
6	12	30
4	9	23
4	9	24
2	5	21
0	11	90
0	9	91
4	11	27
0	8	91
0	9	90
8	12	31
0	11	90
6	8	23
7	10	31
4	7	24
0	8	90
2	4	22
4	11	24
6	7	23
3	5	23
0	5	67
0	5	67
2	3	21
7	11	31
5	7	31
1	6	21
2	6	23
3	5	21
1	5	20
2	8	24
2	5	21
7	8	25
4	7	25
5	13	32
5	12	31
0	11	90
0	4	91
3	7	21
0	12	91
5	14	30
4	10	25
7	6	23
12	14	35
4	10	25
2	7	22
5	9	23
3	6	25
2	7	24
2	6	22
0	7	91
0	6	91
0	-1	48
4	6	23
4	8	25
3	6	24
0	8	91
0	11	91
1	4	22
1	5	24
2	4	21
7	9	25
5	5	25
0	14	46
2	6	46
0	8	91
0	8	91
3	5	21
8	16	35
1	4	20
0	15	90
0	23	91
0	9	88
0	5	23
1	1	20
2	5	21
3	8	23
2	7	22
2	7	22
3	7	21
4	7	25
0	2	21
5	6	21
0	6	90
0	6	89
2	5	22
0	13	90
0	8	45
1	8	90
3	5	30
3	6	23
2	4	23
2	5	22
3	6	23
3	6	23
4	8	30
3	6	26
3	6	25
3	5	21
3	6	22
0	5	91
4	4	22
9	14	33
2	6	22
3	5	20
2	5	20
3	8	24
5	7	26
1	11	74
0	11	74
8	12	29
8	11	28
7	13	29
0	13	90
6	9	25
0	9	91
8	11	31
1	3	21
0	10	91
6	10	26
0	13	90
3	4	23
0	-1	91
0	10	90
5	7	23
2	5	22
2	5	23
0	-1	84
0	12	84
3	5	23
0	10	86
0	9	86
0	-1	90
2	5	23
1	5	22
2	5	21
0	8	90
0	8	91
0	5	90
0	8	91
6	10	30
1	3	21
2	6	22
9	14	34
7	7	32
0	13	91
2	5	22
3	5	25
3	5	22
2	5	21
4	4	31
2	5	21
4	8	25
4	10	24
4	6	21
1	6	21
0	4	20
7	8	28
4	8	29
0	11	91
0	9	91
3	11	91
2	12	30
4	8	23
4	9	24
5	8	24
5	10	25
4	9	26
7	8	26
4	6	24
3	5	24
0	5	91
0	5	89
0	1	90
1	12	90
2	5	23
3	6	23
0	11	91
0	11	90
2	4	20
1	8	91
0	2	91
0	5	58
1	2	23
1	3	21
0	11	91
0	12	90
0	8	89
1	1	21
0	6	91
1	12	91
0	7	89
0	9	91
0	7	90
7	10	29
6	8	30
0	12	91
0	10	91
0	7	91
5	7	30
2	15	90
3	6	22
7	9	32
3	6	22
4	6	22
2	4	21
1	4	21
6	7	23
3	7	23
0	6	91
0	7	91
4	10	29
0	14	90
0	16	91
5	6	22
5	8	25
4	31	90
7	8	26
2	1	22
5	6	22
13	16	91
3	6	23
4	5	23
0	4	90
0	12	91
3	8	22
2	7	23
3	4	23
5	7	26
1	5	22
0	30	91
0	0	21
4	6	31
3	8	25
9	11	32
6	10	33
0	2	22
1	2	20
0	8	90
1	10	90
2	4	21
0	5	22
0	9	90
0	12	90
5	6	22
0	10	91
0	11	91
0	5	21
3	5	21
2	5	20
2	5	22
1	4	20
1	4	21
0	24	91
0	13	91
0	11	90
0	8	91
0	8	89
0	7	90
7	8	25
0	9	91
0	7	90
6	7	24
6	7	25
8	10	34
5	9	26
0	20	90
5	7	23
9	11	35
5	7	31
1	5	20
3	4	23
2	5	23
0	7	90
4	8	33
0	7	71
0	9	91
0	9	91
5	6	25
3	11	90
0	14	90
2	5	22
0	5	71
0	5	71
2	4	20
0	10	90
0	8	91
1	7	91
0	10	91
0	12	91
0	13	91
0	2	22
3	5	21
0	6	21
3	5	23
5	7	25
3	7	24
1	3	23
2	4	25
0	4	91
0	2	90
3	3	23
0	9	88
3	7	23
3	7	22
3	7	21
0	13	90
0	7	91
0	6	90
1	3	77
4	6	25
8	9	29
0	6	91
0	14	89
1	15	91
6	10	28
0	8	90
0	14	91
0	7	91
3	7	22
3	4	21
3	7	22
3	5	23
0	8	88
3	6	23
0	6	90
0	10	91
0	7	91
1	8	90
7	9	24
6	7	25
0	9	90
0	6	91
0	5	89
2	3	22
7	7	27
1	10	71
3	2	20
1	3	20
0	14	90
3	5	26
4	8	22
4	9	23
2	4	24
1	3	23
0	2	23
0	2	23
1	2	21
0	7	90
0	4	91
0	5	91
2	5	23
2	4	21
1	4	20
1	8	91
2	6	22
3	5	23
7	9	30
0	22	90
6	6	25
6	5	25
4	7	24
0	2	91
5	5	24
0	7	90
0	9	91
5	8	27
3	6	23
3	6	23
0	30	90
0	-1	90
0	-1	90
2	7	24
0	3	21
0	2	22
0	4	20
1	3	21
0	3	23
6	10	25
3	8	22
0	9	91
1	11	91
0	4	21
2	8	24
2	8	24
3	8	23
3	4	22
0	2	22
0	13	90
0	13	91
1	9	91
0	8	91
1	5	22
2	6	22
3	7	22
4	8	22
1	6	23
3	8	30
0	4	22
0	5	21
0	9	91
0	10	90
0	9	90
0	12	91
8	11	34
8	11	30
4	10	31
7	7	25
0	10	90
0	13	91
4	7	24
0	10	91
0	14	91
10	10	32
1	-1	91
1	19	90
0	5	20
5	9	31
0	3	41
0	11	91
2	6	21
0	20	90
4	8	23
0	10	54
0	14	91
0	2	21
8	9	26
0	7	91
0	17	90
1	2	35
2	4	22
2	4	21
3	3	23
0	8	91
3	6	22
2	4	22
4	7	22
3	5	21
0	27	90
0	-1	89
2	7	24
1	7	21
4	7	27
6	6	28
0	8	90
11	9	32
0	9	85
7	10	27
11	16	35
6	11	31
2	7	21
5	8	23
0	8	90
9	13	28
8	12	30
8	13	30
1	4	24
3	7	21
5	22	91
4	22	91
4	21	91
5	23	91
2	6	23
3	6	25
4	5	25
4	5	24
1	5	20
0	2	21
0	2	21
1	2	22
3	4	21
4	9	26
0	4	20
0	2	22
1	3	21
2	6	22
2	6	21
2	5	22
5	7	23
5	8	25
3	6	23
0	23	91
7	27	91
4	8	25
3	7	23
2	5	22
3	11	26
7	11	31
2	5	21
2	4	22
3	5	21
0	4	21
0	6	22
9	8	33
0	39	90
6	13	31
6	12	29
3	13	30
2	4	22
0	4	21
0	8	90
5	11	29
2	6	27
0	8	90
0	4	91
0	10	91
3	4	23
2	5	21
2	3	22
5	7	24
2	5	23
0	10	91
0	8	91
2	4	21
2	5	21
0	-1	90
2	5	23
2	6	21
1	5	20
2	4	20
3	9	23
6	9	27
0	7	90
1	14	90
8	13	31
2	8	22
6	8	30
2	4	21
6	18	44
7	37	91
5	35	91
7	9	27
0	15	91
8	8	25
7	11	26
2	3	21
3	6	21
3	6	22
2	6	21
8	10	33
0	4	90
0	4	89
4	6	24
3	6	22
3	8	24
5	6	30
3	9	23
4	9	23
5	8	25
4	10	26
0	8	91
9	13	33
2	4	22
2	3	21
6	10	25
0	7	90
6	6	28
6	10	31
7	8	26
6	8	26
5	8	24
7	8	29
1	3	21
4	8	26
3	6	24
2	5	21
3	6	22
3	6	26
2	5	26
1	6	24
3	6	25
3	6	24
1	8	91
0	3	90
2	7	23
5	8	24
3	10	26
4	8	24
4	8	27
4	9	27
3	9	26
2	9	25
0	1	22
0	1	21
6	10	29
3	7	20
3	4	20
0	8	76
0	9	76
4	7	24
2	6	22
3	6	23
5	8	23
0	8	90
7	7	27
9	11	30
6	9	31
7	12	32
2	5	22
5	8	31
2	5	20
2	6	21
1	4	22
8	10	28
7	10	25
6	10	25
2	4	24
3	5	23
3	6	20
3	5	22
2	6	22
0	12	91
5	9	32
5	5	24
4	6	22
3	8	22
3	9	23
4	6	23
2	6	21
3	3	22
3	3	22
3	5	22
8	23	90
3	7	23
6	9	26
4	7	22
5	6	23
2	7	23
1	6	20
3	6	21
2	8	23
2	7	22
3	9	23
4	9	25
4	9	24
3	7	25
1	21	90
8	13	34
4	6	20
9	10	30
9	10	30
7	10	30
7	13	32
2	7	20
0	3	22
8	10	31
7	7	26
8	8	30
5	10	26
3	10	27
3	10	25
4	12	29
2	6	22
7	13	29
1	7	22
3	7	21
3	6	23
5	7	24
3	5	23
3	5	22
0	17	91
0	6	91
0	16	91
0	17	90
3	8	23
2	6	24
7	10	24
7	14	35
5	9	22
3	4	22
4	7	22
3	6	21
3	7	21
3	8	23
7	9	30
8	9	29
7	12	29
2	3	21
8	13	33
4	7	23
3	7	24
5	7	25
6	11	32
5	12	31
5	10	28
3	8	26
4	10	28
5	11	31
4	11	27
6	11	32
4	10	26
4	11	27
4	13	30
5	10	27
4	12	30
5	10	26
2	6	23
7	11	31
2	6	21
8	13	31
1	7	22
0	15	90
0	11	90
2	7	21
0	16	90
0	19	90
2	6	22
2	8	20
0	10	90
0	9	89
4	6	22
3	9	26
0	9	91
0	10	91
4	11	30
6	9	30
3	5	22
3	16	90
0	8	91
0	8	90
0	7	91
0	9	91
6	10	30
5	8	23
3	7	23
5	8	24
7	10	30
2	7	21
2	7	21
7	11	30
8	8	30
6	10	32
6	9	24
10	10	35
9	10	36
11	9	36
8	8	31
7	9	34
9	10	36
9	9	34
3	9	23
7	10	26
8	9	26
3	6	21
3	9	24
1	3	22
3	8	23
2	7	22
5	10	30
6	7	26
2	9	25
1	20	91
5	7	25
2	4	21
3	4	24
4	9	24
4	11	30
5	7	26
6	10	32
2	9	24
3	9	25
1	8	23
10	12	35
0	11	91
0	10	90
0	14	91
5	6	23
6	9	26
7	8	25
8	10	30
9	11	31
7	9	27
9	10	27
8	9	29
3	6	23
7	13	29
6	6	22
1	6	20
5	8	23
7	11	28
4	6	25
7	7	23
3	6	22
3	5	21
6	10	31
0	11	91
0	6	91
5	11	24
6	8	25
3	7	20
3	6	22
4	8	26
4	6	24
6	8	24
1	5	20
3	6	22
0	3	22
5	14	32
4	11	27
4	7	24
2	6	22
1	4	21
8	11	32
3	6	25
5	9	31
1	4	21
0	9	90
0	2	21
2	8	23
0	6	91
0	12	90
5	7	23
8	11	31
2	5	20
2	4	20
8	15	34
5	10	28
4	8	27
4	7	28
8	10	32
0	7	90
7	8	26
6	12	33
5	13	32
6	12	31
1	5	20
3	3	22
0	4	91
2	3	28
0	10	90
4	9	24
2	7	23
6	7	24
6	7	25
9	11	33
4	5	21
2	5	23
7	7	30
5	9	25
4	7	26
4	6	20
4	7	26
4	8	23
2	5	20
3	7	23
3	9	23
0	27	91
1	5	20
11	15	35
3	8	23
6	8	27
4	12	31
2	5	21
8	13	35
5	10	32
2	6	23
0	5	21
1	5	20
3	7	25
3	7	21
0	11	90
4	7	23
0	33	89
5	7	26
3	5	21
4	8	24
1	8	23
3	9	24
2	4	21
3	7	22
3	7	21
0	12	87
2	3	21
1	4	21
8	11	32
9	14	36
8	11	32
8	12	29
5	7	26
2	6	23
3	7	23
2	6	22
3	7	24
5	11	27
3	6	22
2	6	20
0	4	24
0	3	23
1	4	22
0	5	21
4	9	23
10	12	31
1	11	22
1	10	22
2	8	22
3	10	23
3	8	22
7	10	27
2	8	24
2	7	23
2	6	21
2	6	22
7	13	30
0	17	91
7	10	27
3	7	20
2	4	20
2	4	21
2	4	22
2	7	22
3	6	22
8	10	28
10	15	37
4	7	22
9	9	31
9	9	32
8	9	31
0	12	90
5	9	25
3	6	21
5	9	24
2	9	25
3	7	22
2	7	22
2	3	22
4	11	24
3	7	23
2	6	21
6	12	29
3	7	22
0	8	90
5	9	26
3	14	91
2	12	90
6	29	91
7	10	30
6	12	28
6	11	27
6	9	24
2	8	23
1	9	22
3	5	26
4	5	25
4	7	26
3	6	24
4	7	26
5	6	25
5	6	26
4	6	25
4	6	23
4	7	22
3	7	21
4	13	32
3	9	23
2	6	22
2	6	23
3	5	23
3	5	22
0	7	87
0	12	90
7	10	27
2	7	22
3	9	23
3	11	24
3	5	22
3	5	21
0	5	91
5	10	31
5	10	31
8	12	32
11	10	31
4	8	26
7	12	33
1	6	23
3	5	21
3	4	20
3	4	22
7	12	32
6	9	32
4	8	22
2	4	21
2	5	23
6	6	30
4	6	24
6	8	30
5	10	30
3	4	23
3	9	25
3	6	24
2	7	22
6	12	31
0	6	91
4	6	22
4	6	22
2	5	22
0	14	91
0	11	71
3	7	22
0	3	21
15	19	42
4	10	25
2	5	22
0	6	90
0	6	91
0	2	21
1	3	20
2	4	22
2	5	20
3	5	21
3	6	21
4	7	24
8	9	30
9	9	27
4	7	23
0	0	44
2	1	21
1	6	21
5	9	30
1	6	90
0	7	90
0	5	91
5	10	30
2	5	22
1	6	20
3	5	22
3	5	21
2	4	22
4	7	21
5	13	33
8	10	26
5	9	32
2	5	22
5	10	31
4	9	23
4	8	21
5	6	24
10	15	35
1	4	21
0	6	22
1	5	21
4	11	22
0	6	91
0	5	91
3	8	22
6	12	28
4	8	23
3	9	22
9	12	38
2	3	24
6	6	23
4	26	91
3	26	91
4	27	91
4	27	91
4	26	91
6	25	91
1	8	22
5	8	24
6	10	26
5	9	24
5	10	27
0	11	91
3	4	23
9	11	28
1	16	91
0	13	84
1	6	20
0	33	91
7	9	32
8	11	33
5	9	27
4	8	25
6	9	28
6	8	26
7	9	32
6	9	27
6	10	32
7	10	32
13	14	38
12	15	37
12	11	36
4	8	23
3	7	23
5	8	23
2	7	25
3	5	23
2	5	21
5	10	30
6	8	25
1	6	20
6	9	26
4	8	24
7	12	35
8	12	30
2	7	22
0	-1	91
0	-1	88
6	9	24
8	12	30
1	4	22
7	10	30
6	10	30
8	9	29
4	8	24
3	8	23
3	7	23
3	8	21
2	6	22
3	4	22
4	6	23
6	5	30
6	6	31
0	3	21
3	5	23
4	7	24
4	8	23
1	5	21
2	7	22
5	9	25
2	6	23
3	7	21
3	7	22
3	7	23
4	8	22
2	10	25
5	27	90
4	6	23
3	7	25
3	8	23
3	8	21
4	7	21
4	7	22
2	5	22
0	2	21
0	3	20
3	6	21
4	8	23
2	7	25
8	7	33
5	9	24
4	8	22
2	9	21
1	4	21
2	7	22
8	9	32
5	6	26
2	6	23
0	4	21
0	5	20
2	8	21
6	11	28
7	8	31
8	8	30
7	8	23
4	8	22
5	6	22
5	10	25
4	12	30
7	8	30
2	4	21
5	5	23
0	21	90
2	5	21
3	6	25
0	38	90
3	7	24
5	7	24
8	10	27
9	13	28
0	14	90
7	9	26
6	10	26
2	6	22
2	7	22
3	6	23
4	8	24
0	6	91
0	14	90
7	12	30
3	7	31
2	10	24
6	9	27
3	7	26
3	7	23
3	7	24
3	9	22
8	10	26
1	5	20
2	8	25
3	7	21
2	6	22
4	6	21
0	9	90
8	11	30
8	13	30
8	11	27
10	11	33
6	12	36
5	10	25
4	10	28
4	10	26
5	8	25
5	6	23
7	9	28
9	13	35
1	5	21
0	4	20
0	4	23
0	3	21
0	4	20
1	3	23
8	12	27
7	13	32
4	8	24
4	7	23
3	7	23
0	5	21
0	4	22
0	4	22
6	10	27
6	9	26
5	11	30
0	13	91
2	6	21
0	11	90
8	12	30
3	4	20
3	5	21
2	4	23
1	7	22
8	14	32
8	11	26
8	11	26
5	10	28
3	6	22
5	10	28
5	14	31
6	8	24
6	11	30
1	8	23
0	0	91
5	8	25
4	8	26
4	9	24
6	15	30
5	10	26
3	6	21
5	8	23
6	13	31
1	8	21
2	8	23
4	8	24
2	9	25
4	8	21
3	9	27
4	8	22
4	8	25
3	8	26
3	8	25
0	5	91
0	8	90
6	7	23
5	6	23
1	6	21
2	6	20
0	20	90
5	12	31
5	10	24
1	4	23
4	10	25
0	6	89
0	13	91
5	7	26
3	6	22
1	5	23
3	7	21
3	6	23
2	4	20
3	5	23
5	11	25
0	9	90
0	7	91
3	7	22
8	9	28
8	10	30
5	12	31
4	6	25
3	6	22
1	5	22
6	8	23
7	10	30
4	8	23
10	12	33
5	31	89
2	5	20
2	5	21
7	9	26
6	8	32
0	-1	90
1	2	22
0	5	48
3	6	22
2	5	21
0	9	91
1	3	22
1	3	20
1	4	20
0	3	20
0	12	82
0	17	91
0	15	90
2	4	22
2	4	20
6	6	25
3	6	21
3	5	20
2	4	22
1	5	22
0	5	20
8	12	31
7	10	27
6	12	31
1	14	91
0	11	90
7	10	32
6	7	26
0	6	90
0	7	89
2	4	21
3	3	21
0	8	91
0	12	91
7	10	25
5	7	27
0	11	91
2	5	21
1	4	20
6	15	32
3	4	23
3	6	25
2	4	22
3	5	21
3	4	23
4	5	24
5	6	25
4	5	25
5	5	26
3	4	24
1	3	22
4	6	25
0	5	20
2	6	22
8	12	28
5	12	26
8	9	27
1	2	21
4	6	24
10	12	33
9	12	35
12	13	37
11	13	38
11	12	37
8	11	31
5	10	26
5	7	21
1	3	20
1	5	21
0	4	91
1	5	22
4	7	22
1	7	21
0	3	21
3	7	22
5	6	24
5	8	25
4	7	24
4	7	22
2	8	20
0	7	90
6	8	25
1	3	22
6	11	25
0	-1	89
3	6	22
3	5	22
3	6	20
5	6	23
5	8	30
7	10	30
4	5	22
1	7	21
2	6	20
0	12	90
0	7	91
4	7	24
0	16	91
6	12	32
8	11	32
4	10	24
4	8	22
0	12	91
0	10	91
9	12	35
3	6	25
5	9	26
5	9	25
5	8	24
5	9	25
5	9	25
5	9	26
2	6	21
0	6	91
6	9	23
3	5	21
6	11	29
1	4	20
0	2	22
5	7	21
0	4	90
2	5	23
6	9	25
3	7	24
6	10	30
3	7	20
7	13	30
5	6	27
4	10	25
0	9	86
0	15	91
0	10	91
3	3	22
7	8	27
5	6	26
5	7	26
6	7	26
4	7	25
4	6	24
7	11	32
2	8	24
3	5	24
4	6	24
7	8	30
3	9	90
4	7	91
2	5	23
8	8	36
2	55	91
4	6	22
3	6	21
1	6	22
2	6	21
2	7	21
4	10	24
4	9	29
0	5	91
7	11	31
4	10	28
6	9	24
8	15	33
4	9	24
5	11	28
3	8	21
3	6	22
1	20	90
0	28	73
2	7	21
3	8	23
15	-1	43
0	26	90
2	6	21
4	7	24
9	12	34
2	6	21
2	5	21
3	7	24
4	9	25
4	8	25
7	9	29
6	-1	90
6	9	26
7	11	28
7	12	26
4	4	24
1	2	20
5	6	23
7	10	27
4	7	23
3	8	23
3	7	22
3	9	31
5	11	24
4	10	24
2	3	21
1	2	21
1	2	22
0	5	91
0	6	91
0	-1	91
6	8	24
0	30	91
6	14	31
3	7	21
4	6	22
3	8	21
3	6	22
3	8	24
3	9	24
3	9	23
1	8	23
4	9	24
3	6	23
6	8	29
6	8	26
6	6	26
0	5	44
0	10	90
5	8	32
1	4	21
3	6	23
0	6	90
5	8	26
2	7	24
2	8	22
2	7	21
6	8	24
4	8	22
2	5	21
2	7	23
8	14	34
2	7	23
5	5	24
2	6	23
0	7	90
2	7	23
0	14	90
9	12	31
4	6	24
0	5	90
0	5	90
1	10	90
0	4	91
3	10	25
4	10	25
4	10	26
0	8	91
6	10	24
3	7	24
4	7	22
2	6	22
5	6	22
0	15	90
2	6	22
0	16	90
2	5	21
2	4	21
2	5	22
3	6	22
5	7	24
1	3	22
2	5	22
4	6	24
2	3	21
7	9	31
3	9	24
1	4	21
2	7	21
3	7	25
5	10	30
4	7	23
3	9	30
4	6	24
4	8	26
3	6	22
2	6	23
7	11	26
5	9	30
6	12	34
0	6	91
0	12	91
8	9	27
7	9	28
7	9	25
7	9	30
6	11	28
5	9	23
1	7	20
3	8	23
3	8	22
4	9	26
9	10	34
4	6	22
9	15	36
8	14	34
6	13	31
6	13	30
5	10	26
6	7	29
7	7	26
5	9	27
2	7	20
5	10	27
5	8	23
0	9	87
0	10	87
0	8	90
0	10	90
4	19	44
6	9	30
5	8	25
6	10	26
2	6	24
7	10	25
2	7	25
0	9	91
3	6	25
7	10	32
8	11	32
1	6	22
4	8	21
4	26	90
2	5	24
3	5	22
2	5	22
2	8	23
3	6	22
2	6	87
0	7	87
0	13	91
0	9	91
4	9	23
6	7	25
2	5	22
3	7	23
0	1	20
0	7	91
5	9	31
3	5	23
3	6	22
3	6	24
3	6	23
2	6	21
2	7	22
3	8	23
3	7	21
4	10	26
3	9	23
0	16	91
12	18	36
10	14	33
10	14	32
10	16	34
7	10	30
3	8	24
7	9	26
4	9	23
3	7	21
4	5	24
5	7	24
7	8	24
3	6	23
2	7	22
2	7	21
3	9	25
4	6	25
3	6	24
3	6	23
3	6	24
3	5	23
2	5	23
2	4	21
2	4	20
1	3	20
3	6	22
4	9	26
5	6	24
5	8	23
6	10	26
5	9	24
7	10	27
9	12	30
8	15	33
2	7	23
4	6	23
6	12	30
2	5	33
3	5	22
5	6	22
0	10	90
0	8	90
0	11	90
2	3	23
0	4	21
1	4	20
2	7	20
2	6	21
2	4	21
0	3	22
7	11	27
3	6	24
0	10	90
0	8	91
8	9	31
5	12	28
1	3	21
1	24	91
5	8	24
9	12	29
1	5	21
1	6	20
4	8	26
0	5	91
2	7	26
2	6	20
3	5	23
2	7	23
2	5	22
1	10	91
0	11	91
7	26	90
2	4	21
1	4	23
0	2	21
5	8	24
7	9	26
7	12	32
5	-1	91
6	-1	91
4	5	22
4	8	22
5	7	26
0	13	91
0	11	90
9	10	30
5	10	24
2	7	22
0	7	90
0	9	90
1	5	20
2	3	22
1	9	22
3	6	23
3	12	26
5	12	31
5	12	30
7	11	31
3	7	23
8	11	32
7	11	24
3	6	21
3	5	22
4	6	25
5	10	31
2	3	23
0	-1	91
2	6	22
0	6	91
0	10	89
4	6	24
6	8	25
1	5	22
1	3	22
8	9	32
3	6	21
4	6	22
0	9	89
0	9	90
0	7	76
6	8	30
7	9	26
1	17	91
2	19	90
3	9	25
5	10	26
0	7	81
2	5	20
1	4	22
1	4	21
2	5	21
3	9	26
3	8	24
2	7	21
2	8	22
4	8	23
4	10	26
0	9	91
0	14	90
1	7	20
4	6	24
3	6	23
2	7	23
3	6	29
8	10	27
3	5	20
2	7	25
5	9	27
0	9	90
0	12	91
0	23	89
0	18	91
0	7	88
1	8	90
7	13	34
5	5	27
1	3	21
0	4	20
2	6	22
0	0	90
1	1	91
3	6	23
8	13	31
4	7	22
0	7	91
0	4	91
2	6	24
3	5	23
3	7	22
0	2	23
0	3	22
0	3	21
3	8	23
4	6	21
4	11	24
2	4	23
2	7	23
5	7	26
6	7	26
4	6	21
0	13	90
0	13	90
3	4	21
4	3	22
3	4	22
2	4	23
3	4	21
1	3	21
5	7	24
7	9	27
2	7	20
6	8	24
3	8	23
0	10	90
0	12	89
2	3	21
4	6	24
1	8	91
3	5	24
9	11	30
7	8	26
8	9	30
3	7	22
4	12	29
4	7	23
7	11	29
6	11	28
3	4	22
0	2	20
2	4	22
5	5	26
5	5	24
3	5	24
5	6	26
6	6	34
5	5	30
4	6	27
2	6	21
10	9	33
0	11	91
0	15	91
2	6	22
4	6	25
4	6	25
5	32	91
4	8	24
5	8	25
5	9	22
5	7	26
5	11	26
5	8	22
0	11	91
0	11	91
2	6	20
6	8	26
1	8	88
5	7	23
6	9	31
0	7	91
3	6	22
2	6	22
0	8	90
7	8	31
6	8	29
6	8	28
6	7	27
7	8	30
4	4	22
0	5	61
3	8	24
4	8	24
9	12	31
1	5	22
5	9	26
6	11	26
4	8	25
2	7	22
2	6	21
6	11	32
6	11	30
6	9	30
4	6	24
2	7	22
1	5	21
4	10	25
2	6	22
2	6	21
0	9	79
0	7	21
5	7	22
2	5	22
2	6	22
2	7	22
2	10	22
2	9	21
4	7	26
4	8	26
4	10	27
3	8	26
5	10	30
4	8	26
3	7	24
5	11	30
8	14	34
0	2	91
0	5	90
0	12	91
0	8	91
4	9	21
2	6	21
3	7	23
0	11	90
0	10	90
2	7	22
4	7	21
5	12	29
4	11	27
4	8	24
5	8	25
2	6	22
3	8	25
3	6	23
1	6	49
1	6	49
3	6	22
3	6	23
7	10	34
4	7	22
2	6	21
1	4	23
2	6	21
5	7	28
7	10	25
0	7	91
0	6	90
3	5	24
3	8	25
3	9	24
3	8	23
2	6	22
4	8	24
4	9	26
1	5	24
1	5	26
0	4	30
1	3	23
0	3	22
1	4	26
1	4	23
0	3	23
1	2	21
0	2	21
4	7	22
3	9	22
2	7	21
5	7	22
3	4	21
2	6	20
7	12	33
8	10	27
4	7	22
4	7	24
3	4	22
6	9	31
0	12	91
2	7	24
2	6	21
2	6	23
2	7	23
4	7	25
4	9	25
4	7	22
3	8	21
3	7	20
3	8	21
3	6	23
2	5	21
1	4	21
5	8	26
5	8	25
3	7	22
3	6	22
3	7	21
6	9	24
2	6	22
2	6	21
4	6	23
3	8	23
8	11	27
0	14	90
5	9	30
6	5	23
2	12	24
4	14	32
6	12	31
5	13	32
2	2	25
5	8	24
0	3	20
6	8	26
4	12	27
5	11	32
0	5	84
2	8	24
3	6	22
7	9	27
7	10	25
6	10	26
8	13	31
7	13	30
5	12	30
0	5	20
4	6	22
6	10	33
7	7	25
0	8	91
0	16	90
0	13	89
4	12	27
3	7	21
1	7	21
0	3	20
2	5	21
6	8	24
4	7	24
5	9	25
3	6	22
3	7	22
2	6	24
2	2	22
2	5	22
2	3	21
2	4	22
3	6	22
3	5	21
2	7	21
3	1	22
7	11	28
4	11	25
3	6	23
6	7	25
1	6	91
0	9	90
3	8	23
3	7	24
10	11	32
9	10	35
3	7	26
2	6	21
4	7	30
4	11	23
4	11	22
2	5	23
2	5	24
0	5	24
1	4	21
3	5	25
4	8	27
4	7	26
5	6	26
4	7	25
4	9	25
3	7	23
3	7	24
3	7	23
3	6	23
3	7	23
3	6	22
2	6	21
0	11	90
0	12	91
0	9	91
1	-1	90
4	24	91
7	11	27
2	6	26
4	7	26
3	5	24
4	6	22
6	9	30
0	23	89
0	9	91
3	6	24
3	7	24
2	6	20
3	6	21
2	8	22
5	8	23
7	12	33
3	7	21
5	6	25
0	10	90
3	7	23
7	12	30
3	8	21
9	9	27
4	8	24
6	12	27
3	5	24
2	7	23
3	6	21
7	9	31
5	8	22
2	10	25
4	7	23
3	8	24
3	6	23
3	7	22
2	7	23
3	6	21
2	7	22
6	9	27
4	8	26
4	9	25
5	7	24
3	9	23
9	11	29
8	10	28
3	7	26
6	9	26
0	-1	89
0	14	91
6	12	30
5	9	24
0	10	91
4	7	22
2	7	21
2	5	21
2	5	21
2	6	25
4	5	22
7	7	31
7	7	32
5	8	24
7	10	28
3	9	27
6	8	24
7	14	31
5	8	24
8	14	29
9	12	28
9	13	30
1	-1	89
0	6	91
3	5	22
2	4	21
5	7	24
8	9	30
3	9	26
5	12	27
4	7	22
5	9	26
0	13	90
0	14	90
1	5	21
6	10	25
6	8	25
5	9	23
2	7	21
7	9	30
6	10	29
3	7	25
8	11	29
7	9	26
7	8	27
3	8	23
5	11	24
9	12	34
4	9	25
6	6	28
6	7	26
4	7	23
8	11	32
8	12	27
5	9	25
3	6	23
2	6	22
2	5	22
3	5	20
2	6	22
2	6	21
2	5	23
1	4	21
6	10	30
4	9	24
6	11	30
5	13	30
5	11	30
3	10	25
3	8	24
6	9	30
1	9	90
6	9	25
9	14	34
9	13	33
8	12	34
6	10	25
3	9	23
0	10	90
0	10	89
9	11	31
4	9	25
5	7	26
5	10	27
3	8	23
0	13	90
1	9	90
2	4	24
7	7	26
2	4	22
2	4	20
2	7	22
3	8	26
5	6	25
6	7	26
2	6	22
0	3	21
4	4	25
3	24	90
0	8	91
4	6	21
1	7	24
2	5	22
4	8	20
2	3	21
4	7	23
7	10	26
3	27	90
3	6	23
2	6	21
0	12	91
3	8	23
0	12	90
5	8	24
4	7	22
6	12	31
6	12	31
6	11	27
5	6	25
4	12	30
4	10	25
4	9	24
0	3	22
1	4	22
6	9	25
5	7	22
3	8	23
5	8	25
4	8	25
0	5	91
0	6	91
9	11	31
3	6	22
4	10	24
4	9	24
3	8	23
3	8	22
3	7	20
3	7	23
4	8	22
3	9	22
3	8	21
8	12	33
6	12	30
4	8	25
5	7	27
4	8	25
7	7	30
8	11	31
5	9	24
4	10	23
4	8	22
3	8	21
2	5	23
3	6	24
3	7	23
3	7	22
2	6	22
6	8	27
5	7	23
5	10	23
10	15	40
9	14	36
4	7	27
2	7	21
11	13	33
0	5	90
4	7	23
3	6	24
7	10	28
8	12	31
6	7	25
7	8	24
7	7	25
2	5	22
33	35	89
9	12	33
8	12	32
9	10	30
8	13	30
2	7	20
3	6	22
2	6	23
3	6	22
23	27	60
6	10	25
3	7	25
5	7	22
5	7	24
0	12	90
0	15	91
2	4	21
2	5	20
12	13	40
5	5	22
8	12	29
5	7	29
3	6	22
9	11	30
9	10	32
9	13	30
5	5	24
7	9	27
8	10	26
3	7	21
3	9	23
3	4	22
3	7	23
2	6	20
2	6	22
3	7	21
3	6	20
4	39	91
4	39	91
3	38	91
3	39	91
3	39	91
13	13	37
12	14	36
10	13	35
6	8	25
7	8	26
5	5	26
8	11	35
8	12	31
2	5	22
5	7	24
1	13	91
3	8	26
6	8	25
5	8	25
4	8	24
6	10	27
6	8	31
2	6	21
2	6	20
5	10	25
4	8	24
2	6	22
0	13	90
1	9	91
0	8	91
6	8	26
1	12	90
0	11	91
3	9	25
3	8	24
4	8	23
2	7	23
4	8	25
0	9	91
7	10	32
5	7	28
2	9	22
4	8	25
2	5	23
5	7	24
3	7	24
0	9	91
0	10	91
0	9	90
3	6	21
2	8	21
2	6	21
1	6	21
8	11	30
6	12	31
5	9	28
0	2	20
0	2	21
1	3	22
1	3	23
0	4	91
0	5	91
0	11	91
0	7	91
7	8	26
5	8	27
0	8	91
0	10	91
0	10	90
0	14	90
0	8	90
0	10	91
3	4	24
2	8	22
2	6	23
0	8	90
0	9	87
2	7	21
1	8	21
0	22	91
0	24	90
0	5	91
0	14	91
6	5	24
2	7	24
3	7	23
3	9	30
0	5	41
3	5	24
4	8	25
3	11	25
4	10	24
5	8	23
3	8	25
3	7	23
3	7	22
0	11	90
1	-1	90
1	6	22
6	14	31
0	6	90
0	4	91
3	8	21
8	8	28
6	7	24
5	8	22
3	7	22
6	10	26
6	10	30
3	7	22
0	4	20
0	17	91
3	7	23
0	12	91
4	6	22
3	7	26
5	7	24
5	8	25
7	12	31
6	37	91
2	6	23
2	8	22
2	9	23
2	7	21
4	9	22
4	9	27
0	5	90
0	9	90
0	11	91
3	6	24
2	7	23
11	12	37
1	8	91
1	9	91
2	5	20
2	7	22
7	10	37
4	6	24
4	6	22
7	8	25
2	6	22
0	11	91
0	11	90
0	16	90
2	7	22
2	4	21
2	3	20
4	6	22
0	10	91
0	9	90
0	10	63
0	10	63
3	7	22
0	10	90
0	6	91
8	9	28
9	8	29
3	5	21
4	7	24
0	8	91
0	7	91
10	10	31
4	4	27
0	12	90
6	11	32
3	4	21
3	6	25
3	6	24
3	6	21
5	8	23
4	8	24
4	8	23
4	7	22
3	6	22
0	16	91
0	14	90
1	4	21
3	6	23
3	6	22
2	5	22
6	5	25
4	7	22
1	5	21
4	7	23
3	7	24
0	8	82
2	5	21
1	12	91
1	13	91
0	5	20
5	7	25
4	7	24
0	9	91
0	9	90
0	6	90
3	7	22
1	6	23
4	7	22
3	6	21
3	7	21
2	8	22
2	6	23
3	7	22
8	14	32
3	5	22
5	11	30
5	9	26
3	6	23
6	10	30
2	9	23
2	7	24
2	4	22
3	5	21
0	3	22
6	8	25
8	8	34
1	12	91
0	9	91
0	8	90
0	11	91
7	7	26
4	4	22
2	7	27
1	4	20
0	11	90
3	6	21
6	9	26
2	3	22
6	11	27
6	9	27
3	10	24
7	7	28
5	7	25
3	7	23
3	5	22
4	9	23
2	8	24
5	8	24
5	7	30
3	7	21
9	11	37
7	13	31
4	7	30
5	7	23
5	14	29
5	8	25
6	10	30
1	8	91
5	6	23
9	29	87
8	9	29
8	11	28
7	12	33
9	10	29
5	9	27
5	9	26
3	8	22
3	7	22
3	6	22
9	12	32
5	7	23
8	12	34
7	12	30
3	7	21
3	9	23
11	9	34
13	15	40
6	7	24
8	13	30
4	8	23
6	11	25
6	11	25
6	8	25
3	7	21
3	7	23
3	8	21
4	7	24
1	8	21
3	7	25
8	10	31
7	8	29
3	26	90
4	7	22
8	8	28
0	12	91
0	-1	89
7	10	29
0	15	89
0	14	91
3	8	22
8	12	31
0	5	49
4	15	33
3	8	23
4	8	23
1	4	22
3	7	22
11	13	36
0	9	91
4	6	24
0	8	90
0	12	90
6	12	32
2	5	21
3	6	21
7	12	27
1	3	22
7	10	27
3	8	23
6	10	30
11	11	34
3	7	23
3	7	23
5	8	23
2	5	21
4	5	24
4	5	23
4	8	27
5	7	24
7	11	28
5	10	26
1	15	91
0	14	88
5	8	25
5	10	27
5	11	25
5	10	28
5	8	27
0	10	91
10	13	33
0	11	90
0	-1	90
3	10	33
4	7	21
1	6	22
5	13	32
6	11	31
11	13	34
0	28	89
9	12	33
0	7	59
0	10	90
0	8	90
0	13	91
0	13	90
0	12	91
0	12	90
0	12	90
1	12	90
0	15	91
0	16	90
0	15	91
1	16	90
1	11	91
0	16	90
0	13	90
0	13	90
0	11	75
0	9	91
1	12	89
2	10	91
0	8	91
2	13	91
0	13	91
0	11	90
0	12	91
0	10	91
1	10	91
0	10	89
0	11	91
0	10	90
0	12	91
0	13	90
0	13	90
0	12	91
0	12	90
0	12	91
0	13	91
0	7	51
0	10	90
0	14	90
0	12	91
0	12	91
0	12	91
0	12	90
0	10	91
0	14	91
0	12	90
0	11	91
1	7	91
0	11	91
0	7	91
0	6	91
0	12	91
0	11	91
1	13	90
0	12	91
0	10	90
0	9	91
0	11	91
0	10	90
0	10	90
0	11	90
0	11	90
0	10	90
0	12	90
0	12	91
0	13	90
1	12	90
1	9	85
0	11	90
0	13	90
0	13	91
0	8	90
0	20	91
0	7	67
1	11	91
0	8	61
1	8	91
0	12	91
0	11	91
0	12	91
0	11	91
0	12	91
0	11	90
0	9	91
0	8	61
1	8	91
0	11	90
0	12	91
1	13	91
0	12	91
1	12	91
0	12	91
1	10	90
0	13	91
0	13	90
0	9	90
1	8	91
0	12	91
0	13	91
0	8	91
0	12	91
0	8	91
0	12	91
0	9	91
0	11	91
0	12	91
0	11	90
0	-1	91
0	11	90
0	11	88
0	21	90
0	18	90
0	12	90
0	11	90
0	12	90
1	13	91
0	13	90
0	6	90
0	11	91
0	13	90
0	13	90
0	13	90
0	16	90
0	12	91
0	11	90
1	13	90
0	14	91
0	14	91
0	-1	91
0	13	91
0	13	91
0	12	90
3	5	22
6	11	34
5	12	32
6	12	33
7	10	31
4	8	25
4	6	23
4	8	25
0	2	91
7	10	27
7	11	28
6	8	25
6	8	25
5	9	26
10	11	32
10	11	32
7	8	27
8	9	28
3	7	22
2	5	20
10	13	33
9	12	31
11	12	34
4	17	33
0	8	91
3	7	23
7	9	26
4	8	24
7	10	25
3	6	22
7	7	26
13	10	35
3	6	22
0	11	91
2	6	21
1	3	21
1	2	20
0	4	23
6	9	26
9	14	35
8	11	32
7	11	30
6	10	30
4	7	22
4	7	24
4	7	23
3	6	23
4	46	90
0	6	90
0	5	90
4	9	24
3	8	23
5	7	24
7	10	36
8	10	37
9	12	36
4	6	21
5	6	24
3	5	21
3	7	22
2	6	21
2	10	24
2	11	26
4	7	23
6	9	25
7	10	40
3	8	22
5	11	30
0	2	21
0	3	21
0	2	22
0	4	20
3	6	22
12	11	34
9	9	29
0	26	90
8	8	32
6	8	30
8	9	34
8	9	32
9	9	31
6	7	27
6	7	28
7	8	30
6	8	27
6	10	33
7	9	29
3	7	22
4	7	24
2	10	26
0	6	90
0	13	90
7	7	31
1	9	91
3	7	23
4	7	24
4	7	23
2	8	24
1	8	23
2	5	25
9	15	35
8	13	33
8	13	31
5	13	30
7	10	25
8	13	30
9	12	33
8	14	34
9	12	32
6	9	26
5	10	25
6	11	27
3	5	23
6	9	26
6	8	26
2	5	24
2	7	27
10	12	32
6	13	27
2	3	22
8	12	30
6	8	31
1	4	20
3	8	23
6	7	24
4	12	30
2	5	22
0	3	22
4	6	24
3	3	22
2	5	23
2	4	22
5	8	28
1	1	21
3	6	21
7	10	29
1	19	90
4	7	23
10	14	36
5	14	28
0	2	21
8	11	38
5	7	23
2	6	23
9	11	33
7	11	31
4	8	23
4	6	24
5	7	24
5	7	24
5	7	26
6	8	26
4	6	23
5	6	23
5	10	29
3	8	31
1	11	90
4	8	30
5	8	24
1	4	23
3	9	23
2	6	22
3	5	21
4	7	22
4	7	23
0	7	91
5	10	30
3	7	22
7	11	28
7	11	33
2	5	20
2	5	25
6	8	25
3	7	23
7	6	28
3	6	22
0	5	22
4	6	24
4	8	22
3	5	24
0	4	20
0	3	20
4	10	25
7	13	27
1	6	20
1	7	21
1	4	20
4	5	24
4	6	23
3	5	21
7	10	31
0	8	91
2	6	21
3	4	23
3	4	21
3	5	24
3	6	23
3	4	22
2	5	22
2	5	21
2	5	20
6	8	24
0	11	90
2	6	20
5	9	29
1	3	23
2	3	22
3	4	21
0	3	20
6	9	25
5	-1	91
4	36	91
4	-1	91
4	37	91
4	37	91
2	5	20
0	9	90
0	13	88
1	13	91
6	8	31
3	5	21
0	3	23
1	6	23
1	9	24
0	27	90
9	7	35
1	15	91
6	8	29
8	12	31
0	12	91
0	9	90
0	2	22
0	2	23
7	10	28
0	10	90
0	14	90
1	3	21
6	11	30
6	10	28
7	9	26
2	5	21
8	9	30
8	11	34
0	8	90
0	11	90
4	4	22
3	5	22
0	7	91
0	5	90
2	4	21
3	6	22
3	9	21
5	6	25
4	6	26
5	6	24
6	9	31
4	6	29
3	5	25
4	6	23
6	5	25
8	8	26
3	5	21
2	6	22
1	5	23
4	11	28
2	6	21
4	7	25
2	48	90
2	5	21
3	5	21
2	4	22
6	8	26
3	6	20
3	6	24
2	9	23
3	7	23
3	9	23
2	9	23
4	8	25
3	6	22
0	10	89
0	8	90
4	6	24
4	7	27
4	7	23
3	6	22
3	9	22
1	4	20
7	12	31
5	8	25
5	9	25
6	8	24
6	8	27
1	4	21
3	8	24
3	9	25
2	6	22
1	6	21
6	7	24
3	7	24
3	8	24
3	5	22
3	7	22
6	12	33
3	6	21
2	6	21
3	5	21
4	6	23
1	6	22
6	7	24
0	12	91
0	12	91
5	11	51
7	8	29
4	8	25
4	8	24
4	7	25
4	8	23
3	8	21
3	7	20
3	6	23
0	34	91
0	21	91
8	11	35
5	12	31
3	7	22
4	10	25
4	8	24
5	11	25
1	1	22
0	1	20
1	0	21
5	7	25
4	10	24
3	6	23
3	6	22
7	10	29
5	6	25
4	6	22
3	6	23
4	7	25
5	6	26
4	6	25
4	5	25
4	6	24
4	6	23
13	19	41
5	10	26
7	13	30
5	11	31
4	8	25
7	12	33
6	10	30
5	10	31
4	9	25
4	8	24
2	7	22
2	6	23
2	5	21
3	7	22
4	10	30
6	11	30
4	8	24
0	8	90
0	11	91
2	7	23
13	14	34
8	13	30
4	6	24
3	6	25
3	6	23
2	5	21
4	7	21
3	8	21
3	8	21
7	8	31
9	11	33
8	9	31
4	5	30
5	6	25
6	7	26
3	5	23
3	7	24
0	4	24
3	5	21
2	5	22
5	10	30
4	10	23
1	6	22
1	3	23
2	5	21
8	10	30
7	11	30
7	11	31
4	5	26
5	9	27
5	9	23
0	10	87
1	12	87
3	5	21
3	6	22
3	7	23
3	9	25
2	6	23
3	8	24
6	10	25
4	9	26
6	8	25
5	7	24
6	7	24
4	8	22
7	8	26
3	9	23
5	10	30
8	8	30
11	11	34
5	5	23
1	7	23
2	6	22
6	10	33
0	5	22
1	6	42
0	7	90
0	12	90
5	8	22
2	6	21
2	8	23
6	12	31
3	4	22
3	8	22
11	13	32
4	26	91
3	7	22
2	7	26
5	9	26
3	7	20
1	3	22
3	5	21
1	4	20
0	11	91
0	9	91
8	11	36
3	7	23
5	11	32
6	11	30
2	5	20
0	7	89
3	7	23
7	10	30
7	11	30
4	10	26
5	10	27
2	9	24
5	10	26
4	9	25
5	10	26
1	7	22
2	6	23
11	15	38
11	15	37
8	10	32
10	15	37
10	11	34
9	13	34
3	7	24
3	7	23
1	11	80
1	10	80
5	6	24
7	9	25
0	9	90
0	7	91
3	8	22
0	19	89
7	8	26
9	8	28
9	9	30
6	13	28
3	7	24
3	9	24
9	12	33
2	8	81
11	13	30
8	14	28
6	11	31
10	9	30
0	10	84
0	5	91
2	6	21
3	5	21
3	10	31
6	8	24
8	11	31
1	5	21
3	13	90
2	7	21
2	8	20
7	9	27
0	10	91
9	10	25
10	13	32
3	6	24
3	6	20
3	10	24
4	12	25
2	7	20
1	6	21
9	13	32
8	13	28
0	11	91
0	16	91
0	12	90
0	2	33
0	12	91
0	8	89
7	12	32
3	4	24
0	9	91
7	10	26
2	7	22
5	10	32
5	9	25
7	8	26
1	5	20
1	5	22
2	5	21
0	7	90
2	5	23
3	7	23
4	6	22
0	10	91
0	9	90
0	9	90
0	2	91
0	7	90
8	11	32
3	6	22
2	4	23
4	6	23
5	6	22
0	14	91
3	7	23
7	10	32
0	7	56
0	22	91
0	7	88
0	12	91
9	11	29
2	6	22
5	6	27
3	6	23
3	7	21
10	12	33
1	18	90
0	8	90
0	11	90
9	9	32
6	5	25
7	13	31
6	11	30
3	7	22
4	8	23
3	7	23
8	12	32
7	11	29
7	11	30
7	11	28
8	14	33
0	7	91
0	20	91
4	8	25
7	13	32
1	4	22
9	13	34
3	13	30
4	8	26
4	6	21
10	11	30
6	11	32
7	9	26
4	7	23
4	8	26
6	7	24
4	7	26
3	8	23
6	9	27
4	6	23
0	21	90
2	6	24
8	12	30
6	8	23
0	10	89
0	7	91
0	8	91
5	10	29
7	6	25
2	5	21
6	13	31
8	9	31
2	8	23
0	4	24
8	11	32
7	7	24
7	8	26
0	10	91
5	7	23
3	4	23
4	9	23
4	10	28
2	4	21
6	7	24
4	7	25
6	8	27
6	10	32
6	8	25
4	9	26
3	7	24
3	5	21
5	9	24
1	2	21
0	3	22
1	2	21
4	4	25
0	13	90
0	17	91
5	7	24
5	7	24
3	7	21
3	7	22
7	11	30
0	29	90
0	8	91
0	9	90
7	11	34
7	9	26
1	5	20
8	11	24
4	15	30
4	7	21
4	8	23
2	7	20
2	6	22
1	6	21
3	6	24
3	6	24
2	5	23
2	5	22
4	9	25
2	4	21
0	6	91
4	7	23
0	8	91
0	13	91
7	12	31
4	8	22
2	7	21
4	7	24
0	9	91
0	7	91
5	8	25
3	5	24
6	8	28
0	9	91
0	9	91
6	5	27
4	14	31
7	9	28
4	8	23
2	5	21
4	11	26
3	10	24
8	14	31
8	12	33
4	7	24
9	13	31
0	7	91
0	10	90
2	5	23
0	3	90
6	8	25
4	8	26
2	7	23
3	5	21
1	4	22
1	5	21
1	5	20
4	6	21
6	10	30
4	7	24
2	10	25
2	9	24
3	8	23
3	5	25
2	5	22
3	6	26
3	5	24
2	4	21
3	5	22
3	4	22
3	4	24
3	5	23
5	10	35
2	6	20
8	12	32
3	5	21
6	10	27
2	4	23
3	4	22
8	10	37
10	7	29
0	6	88
0	9	91
2	6	24
6	11	28
1	3	21
0	5	31
3	5	22
3	6	24
4	5	31
4	4	23
8	11	31
2	7	24
0	9	90
1	12	90
2	5	21
2	7	22
2	9	21
4	7	23
1	5	21
0	12	89
0	7	60
2	2	27
0	16	91
2	4	21
6	7	23
5	7	25
2	5	23
6	7	30
4	8	24
2	8	24
3	5	20
0	11	91
0	11	91
4	6	23
3	7	24
4	6	26
0	9	91
0	7	90
0	8	91
0	9	90
6	7	44
3	7	21
2	6	22
0	11	91
3	7	21
3	7	22
3	5	23
8	9	27
8	11	28
0	10	90
0	6	51
2	7	21
4	10	26
8	12	34
7	10	30
4	10	27
3	9	25
5	11	30
5	11	26
4	9	25
4	9	26
4	9	26
4	8	23
6	14	32
4	9	26
3	7	24
6	10	26
1	7	83
1	22	90
4	9	23
3	26	90
0	21	90
2	6	21
6	9	25
0	12	91
0	13	91
0	4	20
0	6	79
0	5	79
3	6	25
0	3	38
0	5	22
4	9	23
4	8	22
0	13	90
0	8	91
0	10	89
0	12	90
3	9	24
4	6	23
2	6	25
4	7	25
0	11	89
0	12	90
0	-1	91
0	-1	90
4	7	23
4	6	25
5	8	28
0	9	91
7	12	30
0	12	91
0	12	91
5	9	30
0	10	90
5	8	21
0	9	90
0	10	91
0	6	91
3	6	24
7	8	28
11	16	36
9	13	29
0	3	21
2	4	24
7	11	28
7	13	30
4	8	26
3	5	22
1	4	23
0	4	22
6	14	30
0	9	90
4	8	22
6	9	25
0	4	21
4	9	30
5	10	31
7	9	27
5	8	26
1	21	90
2	5	23
7	12	35
0	11	91
0	11	91
3	6	22
2	6	21
3	7	25
3	7	23
3	6	22
3	7	21
2	6	22
2	5	23
7	8	27
2	4	21
0	8	90
3	8	24
8	15	34
4	10	23
0	28	90
4	7	24
3	7	23
2	4	23
5	6	24
4	7	25
3	8	26
0	23	90
2	5	23
3	6	23
2	7	20
2	7	23
3	8	23
0	5	91
0	6	91
2	5	21
7	13	31
0	6	91
1	14	90
2	6	22
3	6	23
1	12	90
0	5	91
0	6	91
0	13	90
5	8	25
6	9	25
3	5	21
8	11	37
8	10	30
3	7	22
4	8	20
4	7	22
5	8	26
6	9	31
3	7	24
3	7	24
2	5	23
2	6	22
5	9	24
0	3	20
1	2	22
1	2	23
0	3	20
1	2	21
4	5	23
4	6	23
2	5	21
0	10	91
0	5	91
6	11	30
7	12	30
10	15	35
3	8	27
3	7	24
3	9	26
3	8	25
4	6	25
2	7	23
0	13	90
2	7	23
8	12	32
1	5	20
2	6	21
0	2	22
0	9	62
0	11	62
2	6	23
4	9	25
0	3	27
1	4	30
3	6	22
0	8	91
6	7	24
2	7	21
1	3	20
5	5	30
1	5	22
0	9	90
0	8	91
8	12	30
5	8	25
7	8	29
0	6	89
1	10	91
0	9	91
0	2	90
7	10	26
0	5	20
2	4	21
0	1	21
4	6	23
5	8	22
7	12	30
2	5	22
7	9	33
2	6	21
3	7	21
9	11	29
7	11	32
2	3	21
0	9	90
0	4	90
7	13	30
0	8	60
0	9	60
0	3	22
0	3	21
2	6	21
0	10	90
0	9	91
0	28	90
3	8	26
2	6	25
3	5	20
2	7	21
5	8	26
8	10	32
3	5	22
1	3	23
5	8	24
0	34	90
0	34	90
0	3	22
0	8	80
0	8	80
1	8	90
2	5	25
3	5	23
3	5	24
3	7	25
3	6	24
3	4	24
3	5	23
4	6	24
4	7	23
2	5	23
3	5	21
3	8	23
4	7	24
0	13	91
0	4	21
0	4	20
0	10	68
3	8	25
0	12	91
4	7	25
1	3	20
2	7	20
2	7	21
1	10	90
1	7	90
0	9	90
2	6	21
2	5	20
5	7	25
0	7	90
4	8	23
6	6	25
4	6	23
4	8	22
3	7	22
8	13	31
3	9	23
2	5	24
0	15	90
0	13	91
5	5	23
1	6	86
2	3	20
6	10	31
6	7	26
7	8	28
5	6	25
1	5	21
0	8	50
0	8	50
7	9	24
0	11	91
0	6	90
0	2	24
1	4	22
0	3	22
0	3	21
0	2	23
0	2	24
0	2	22
10	13	31
0	8	88
3	4	23
1	4	21
0	17	90
3	7	20
5	9	31
6	7	25
6	7	30
7	8	28
8	8	27
8	11	31
9	12	32
10	16	34
3	6	24
0	13	91
0	13	91
1	8	90
5	9	27
6	9	28
5	5	25
0	7	57
10	15	34
1	4	20
1	5	22
2	4	20
6	9	25
0	8	91
0	17	90
5	8	24
1	4	23
1	4	21
0	11	89
0	7	91
4	6	25
3	7	24
3	8	25
3	8	23
4	8	24
5	10	25
5	9	31
4	9	30
0	6	45
0	5	45
1	6	23
2	7	22
3	9	22
2	8	21
7	10	30
3	7	23
5	10	25
0	8	91
0	8	88
4	8	24
7	8	32
3	5	21
3	4	22
2	5	22
0	3	58
0	4	58
0	11	91
3	9	23
0	5	91
0	10	64
0	11	91
0	11	91
0	4	90
1	5	23
9	14	37
5	10	31
3	8	23
6	10	26
4	8	24
4	9	23
2	8	23
4	7	25
0	14	91
0	8	90
4	5	24
7	12	33
5	9	25
4	6	23
2	6	22
4	4	24
5	8	23
0	2	21
0	4	20
1	3	22
3	5	22
2	4	20
0	18	91
0	14	91
1	4	21
2	7	23
0	0	40
3	7	23
0	7	90
3	6	23
3	4	20
5	7	23
7	6	30
3	7	25
5	9	27
3	7	23
2	7	22
2	6	21
2	8	20
0	3	20
0	1	91
3	4	23
2	5	22
0	4	23
0	4	21
0	3	21
4	9	26
3	7	22
0	14	91
0	13	91
1	13	89
0	9	91
0	6	90
7	7	30
7	10	26
9	11	33
2	5	22
3	8	23
3	4	21
0	13	91
0	10	90
5	9	28
0	28	90
6	6	28
1	3	21
5	-1	91
5	-1	91
0	5	90
0	5	91
3	6	21
2	8	22
3	6	21
3	11	25
3	7	22
7	8	26
7	9	28
7	7	26
7	8	26
1	5	20
4	5	23
0	7	77
0	7	77
3	7	21
2	3	22
1	17	91
5	8	24
4	8	23
4	7	23
5	6	28
4	10	27
5	9	23
6	11	26
4	8	23
0	12	90
3	7	22
3	7	24
2	4	20
4	8	24
3	7	22
3	7	21
6	10	24
2	5	21
2	5	21
0	15	90
0	10	90
9	12	30
3	6	21
3	7	21
6	8	30
0	8	90
0	10	90
2	5	21
1	5	20
7	10	25
7	10	25
5	11	30
3	8	22
2	6	21
2	8	22
4	8	23
4	8	22
4	7	24
3	5	21
3	7	22
0	6	91
2	8	23
3	8	24
4	8	25
3	7	22
1	5	22
5	6	23
7	10	30
2	5	21
2	5	20
6	10	26
5	6	22
0	8	90
0	8	90
1	4	20
3	7	24
4	7	24
0	11	90
0	10	91
4	9	24
7	10	31
4	9	25
3	5	20
3	6	24
2	5	20
2	5	21
5	11	30
5	10	24
5	8	25
4	7	26
3	6	23
2	4	21
6	11	34
0	6	66
0	6	30
5	8	26
6	8	25
3	8	22
3	7	22
1	4	21
0	8	90
7	7	27
7	11	31
2	5	21
2	5	21
4	7	30
7	9	28
2	8	22
0	28	90
6	11	31
6	9	27
5	9	28
7	10	30
4	7	25
3	6	24
3	5	23
0	5	21
3	8	24
4	7	23
3	5	22
0	7	90
4	8	24
5	10	24
5	9	26
1	5	20
4	10	25
5	8	26
7	8	25
6	7	25
0	8	91
0	8	91
7	7	26
4	9	25
8	10	26
5	8	23
6	8	24
3	7	20
3	6	20
0	5	90
0	-1	91
6	11	31
10	13	37
6	7	33
0	5	21
6	7	24
3	9	22
4	7	24
6	6	22
8	10	31
1	39	91
2	3	21
0	28	90
7	10	28
7	8	26
1	4	22
2	7	23
0	8	90
2	6	22
2	5	24
4	7	24
4	8	24
3	5	22
1	6	21
3	8	23
3	9	25
3	6	24
5	7	24
3	9	25
4	5	24
3	7	22
3	9	23
7	10	30
2	5	20
7	10	31
6	11	31
0	13	90
0	13	91
3	3	22
0	10	70
3	5	21
4	7	25
3	6	22
3	7	23
4	6	25
6	10	27
3	6	22
4	7	24
8	11	31
7	11	27
3	9	24
4	10	27
0	4	91
0	5	91
0	8	88
0	7	90
7	10	27
6	11	26
7	11	32
4	7	24
3	8	24
3	7	22
1	6	21
2	4	20
4	10	30
5	10	31
3	7	20
3	5	21
3	8	24
3	6	22
3	6	20
5	8	23
4	8	23
4	8	22
3	7	22
3	5	21
4	5	22
3	8	24
9	14	31
7	13	28
4	8	24
3	7	22
4	9	24
3	8	23
4	6	23
5	6	25
5	8	25
5	6	22
2	6	22
2	5	21
2	5	22
0	8	88
3	8	24
4	9	26
3	8	24
6	8	25
5	9	28
0	9	91
0	12	91
4	7	23
6	10	31
3	9	21
7	11	30
4	6	22
2	6	20
0	8	58
0	8	58
4	6	22
0	5	90
0	4	91
6	7	26
6	11	30
0	12	90
7	8	27
0	9	90
0	7	91
3	7	23
3	7	22
0	3	21
4	8	25
1	3	22
6	8	27
5	8	26
6	10	30
3	7	24
6	11	28
4	9	22
5	8	24
1	6	21
3	6	21
5	7	24
5	9	23
6	9	29
3	5	20
5	6	30
6	9	24
4	9	22
4	9	29
2	5	21
3	8	25
9	11	31
9	12	32
8	11	32
6	10	27
6	10	25
6	10	25
6	13	32
3	7	21
7	8	22
4	9	30
7	11	30
4	7	23
5	7	22
4	7	25
4	8	27
7	10	30
5	9	27
3	6	24
3	6	23
2	6	22
3	5	22
6	7	23
4	7	25
2	6	22
10	10	33
0	19	90
0	5	91
0	4	89
5	8	26
6	9	26
7	9	31
6	8	24
5	7	23
3	5	23
2	5	21
1	5	21
2	8	22
3	8	23
6	9	24
7	10	27
0	8	90
3	8	25
3	9	24
5	8	24
6	9	27
6	8	26
4	6	22
2	7	21
4	9	23
4	10	22
4	10	24
3	5	22
2	5	23
3	5	21
2	5	23
5	7	30
8	15	33
6	10	27
2	6	21
5	7	24
7	9	26
5	9	25
4	8	24
2	10	24
2	4	22
2	6	21
1	6	21
3	7	23
3	7	25
3	6	22
4	10	24
2	5	23
1	26	90
2	6	20
1	36	91
4	9	25
3	9	23
7	9	28
2	6	21
1	6	20
1	5	22
6	9	23
6	12	30
3	8	25
4	8	24
4	8	23
4	10	25
6	12	31
6	12	28
5	13	28
6	9	30
4	8	25
5	7	24
3	8	22
4	11	28
2	10	24
0	5	91
3	6	20
4	6	23
4	7	23
4	7	23
5	5	28
1	7	30
5	7	22
3	5	24
4	8	23
2	6	21
3	8	22
3	7	22
7	8	26
4	4	23
3	6	23
3	5	22
3	8	23
4	8	24
6	10	25
2	5	22
3	8	22
4	9	31
2	3	21
5	7	25
2	6	21
2	5	21
2	4	22
5	7	21
3	6	25
3	7	21
2	5	21
4	7	21
2	6	21
3	6	21
2	6	21
3	9	24
2	9	25
8	5	31
7	13	38
3	6	21
7	7	27
2	6	22
2	7	22
4	6	22
7	14	29
0	8	90
0	5	90
0	10	91
0	14	91
0	11	91
3	9	29
5	5	25
5	9	26
5	8	28
3	6	24
3	5	23
3	5	22
2	5	23
2	6	23
3	6	23
3	5	23
3	5	22
5	6	25
1	7	22
3	8	20
6	10	26
0	9	91
0	12	90
3	8	22
4	8	21
3	6	21
2	5	20
9	10	32
2	22	90
8	10	30
8	12	31
2	4	21
3	11	26
5	9	29
3	8	25
4	9	25
3	10	24
5	8	25
3	8	24
3	7	23
3	5	24
1	5	23
2	5	21
11	8	32
4	11	25
8	15	34
2	5	21
4	8	24
7	11	26
0	14	91
0	7	90
8	11	30
0	10	90
0	13	91
1	5	20
4	7	27
9	8	31
6	8	26
2	7	20
4	6	23
8	35	91
4	8	22
4	4	24
4	6	21
4	8	23
3	10	24
7	11	31
8	9	27
5	8	24
2	8	22
2	7	21
3	6	24
2	6	22
2	5	22
7	8	26
3	5	25
6	8	31
3	9	24
0	6	25
0	21	91
1	21	91
1	22	91
0	12	91
4	6	23
3	5	24
2	5	21
2	5	20
3	6	23
3	5	23
3	7	23
0	6	91
0	10	90
2	5	25
3	8	23
2	3	20
4	9	25
3	8	24
2	9	27
2	8	26
3	6	23
2	8	24
3	8	22
6	12	31
3	9	24
3	9	24
3	10	25
0	5	20
0	11	90
0	6	91
8	10	29
6	10	27
5	10	24
0	7	91
0	8	91
0	10	91
0	7	91
2	7	22
4	7	25
1	4	20
4	6	22
0	4	20
7	14	31
8	15	33
3	8	23
3	3	21
3	8	22
0	14	83
0	11	83
1	2	21
3	2	91
4	8	23
4	8	23
2	6	21
4	6	24
4	10	26
4	7	24
5	12	27
6	7	33
2	4	22
4	10	24
4	8	24
4	9	23
3	8	23
4	8	22
1	7	23
3	7	20
3	5	23
3	8	29
4	8	25
2	6	22
2	6	21
3	7	25
6	9	25
9	13	32
7	11	33
4	7	24
3	6	24
5	8	30
4	9	26
8	10	31
5	8	27
7	12	31
0	10	90
0	7	90
5	9	25
5	9	27
10	15	37
11	13	37
0	10	91
0	11	90
5	8	25
2	5	22
6	11	30
5	9	31
5	8	26
4	9	27
5	9	26
3	6	23
5	7	24
0	12	91
2	4	23
3	6	23
2	6	23
6	9	25
4	10	26
5	9	24
6	8	24
1	5	20
3	6	22
1	4	21
6	9	26
5	9	22
6	11	30
6	9	24
5	10	25
4	7	25
3	10	25
2	4	21
3	8	30
0	7	91
6	8	27
0	6	91
2	5	24
3	7	23
5	12	26
6	11	26
6	12	27
6	11	32
0	9	91
0	5	86
2	5	21
3	8	23
7	9	25
0	10	90
0	10	90
4	7	23
2	5	22
3	5	20
2	5	23
1	5	20
3	8	23
3	6	25
4	7	22
5	9	23
0	6	39
6	9	26
6	9	28
7	11	28
4	7	23
3	7	23
0	8	90
1	14	90
0	12	91
0	12	91
3	8	23
6	7	25
3	7	23
5	8	25
4	9	26
4	7	21
5	7	26
3	4	22
5	7	23
5	10	28
1	8	21
0	13	89
0	12	90
1	4	20
1	7	23
3	6	23
2	6	22
1	4	23
0	11	91
0	14	91
3	4	23
2	9	22
2	3	25
1	2	24
3	4	22
3	5	23
7	9	26
1	5	21
2	4	20
3	6	23
2	6	21
1	5	21
4	7	22
6	9	27
8	11	28
4	6	23
3	11	22
0	9	90
2	5	24
4	7	24
3	5	20
2	5	22
2	5	21
10	12	35
9	10	33
8	7	25
4	5	24
2	18	91
0	12	90
0	15	90
0	12	91
6	10	26
0	12	90
0	6	91
0	10	90
0	11	91
0	10	91
0	10	91
0	14	91
0	9	90
0	9	91
0	7	91
0	8	74
10	14	35
4	10	31
0	10	91
8	9	31
3	8	23
5	9	22
3	7	25
6	9	26
5	7	23
4	7	23
2	4	22
6	10	27
8	9	29
2	4	20
0	7	90
2	4	24
2	4	23
1	4	22
2	4	21
0	20	90
2	5	24
0	13	90
0	15	91
3	6	20
2	5	21
3	7	23
6	9	26
7	13	30
4	11	27
4	6	25
3	6	20
3	6	21
0	9	91
0	10	91
5	10	30
6	9	32
0	6	91
1	13	90
0	10	90
0	9	90
0	9	91
2	4	21
2	5	22
4	9	31
0	15	91
0	10	91
1	6	31
0	13	77
0	13	77
3	9	29
0	10	90
0	-1	91
0	5	90
0	8	91
1	2	22
2	7	24
0	7	90
3	5	22
2	6	20
8	9	30
0	-1	90
5	7	25
1	6	91
0	14	91
9	14	32
0	7	91
0	6	90
6	6	35
1	3	23
0	5	91
0	6	90
11	15	33
1	5	21
2	5	23
0	7	91
0	9	91
3	7	21
4	6	30
1	22	91
3	7	21
3	3	23
3	6	22
5	8	28
4	11	30
0	6	91
0	9	90
0	26	88
9	12	35
2	9	23
6	9	28
0	14	90
0	14	89
4	5	20
0	12	91
2	6	23
3	6	23
0	15	91
0	14	90
3	7	23
3	4	20
1	4	22
0	7	90
4	8	24
6	7	24
5	10	24
4	7	24
4	7	25
4	9	28
3	5	23
3	5	22
3	5	24
3	5	22
2	10	24
1	6	21
3	6	23
0	9	89
6	9	25
1	5	22
1	3	20
0	8	91
0	10	89
0	6	91
0	10	89
0	7	90
0	10	89
0	6	91
0	10	90
3	6	24
0	4	22
0	8	90
0	9	91
2	5	23
0	10	90
4	10	29
5	7	27
7	13	37
1	4	21
2	5	21
1	4	21
1	4	22
0	10	91
0	9	91
0	5	90
0	13	91
2	7	21
3	6	21
0	10	90
0	4	90
7	8	27
3	7	23
0	9	90
3	7	21
3	10	24
3	9	26
0	13	90
0	15	91
0	12	90
0	11	90
3	7	22
3	7	22
2	6	21
2	5	22
2	4	23
1	3	20
1	3	24
1	3	22
2	3	22
5	7	24
5	12	26
0	8	91
0	7	91
0	10	90
0	13	91
6	12	32
4	6	24
6	9	30
6	9	31
3	8	24
4	7	26
2	6	22
3	6	21
0	3	20
1	7	91
7	9	26
7	10	30
8	10	31
5	9	30
4	7	22
2	4	21
10	15	36
10	16	37
4	6	22
6	7	28
2	6	21
7	10	30
1	5	22
0	6	20
1	5	21
1	3	22
2	4	21
0	15	90
0	14	91
1	6	23
0	3	23
8	9	33
4	8	25
0	9	90
3	5	21
3	6	21
4	10	24
2	10	90
3	6	23
5	8	24
4	7	23
3	6	23
9	12	32
9	11	35
7	12	36
8	10	29
2	5	22
0	9	91
0	12	91
5	9	24
2	3	20
3	8	23
4	9	24
4	9	26
4	5	23
3	5	21
0	11	90
1	10	91
3	7	23
5	9	25
4	7	24
3	5	21
2	6	22
3	7	23
4	5	24
1	6	21
2	4	21
3	5	22
5	7	26
4	6	24
5	7	25
2	4	21
3	6	24
3	4	25
3	7	24
2	6	22
3	6	23
0	14	91
9	9	28
3	8	22
3	7	22
4	7	24
8	11	26
10	11	29
9	12	32
8	11	29
8	11	30
5	8	26
3	9	24
3	9	26
2	3	21
8	10	30
1	4	22
3	5	23
3	6	24
3	6	25
4	8	30
4	7	26
5	8	26
3	9	27
3	8	26
4	7	27
9	10	27
0	10	91
0	11	91
9	12	37
3	7	24
9	12	32
9	11	33
6	8	24
1	4	23
3	8	21
3	8	22
10	12	31
2	8	24
3	8	26
2	9	24
4	8	24
2	21	91
3	9	23
4	7	24
3	7	25
2	5	24
2	6	23
3	5	23
2	7	23
2	5	22
2	6	21
5	6	23
0	2	21
3	6	22
6	9	26
6	10	27
3	6	21
4	5	25
8	12	32
4	6	23
4	7	24
3	9	23
0	13	91
0	4	91
8	12	33
8	11	33
8	12	35
9	11	33
8	11	31
0	10	90
0	4	88
5	7	24
4	8	22
5	8	22
2	8	21
0	7	91
3	8	23
2	8	22
3	8	24
2	9	22
2	7	21
3	6	23
0	15	91
2	4	21
2	5	22
2	7	22
5	9	26
6	8	25
0	10	91
4	5	25
5	6	27
5	6	25
4	5	22
6	9	26
4	8	23
4	7	24
5	8	25
3	7	23
3	8	23
2	5	22
1	5	20
4	8	30
4	9	30
5	8	26
4	9	25
5	9	28
7	9	31
5	8	25
4	7	25
7	11	26
4	12	30
5	10	23
6	8	26
4	8	23
4	9	24
4	7	23
2	5	24
1	7	21
4	6	21
1	9	90
5	11	29
4	9	25
4	11	28
5	10	27
3	12	30
3	10	26
4	12	30
3	12	30
2	5	22
6	8	28
8	6	27
7	12	32
6	8	24
1	5	22
3	6	23
2	5	20
6	10	24
5	9	25
8	11	31
8	11	28
4	6	23
7	13	31
6	13	30
7	10	29
0	13	90
9	11	29
6	6	25
4	7	24
3	5	21
5	6	24
4	5	24
1	2	20
2	3	23
1	2	24
0	2	23
4	9	25
8	8	28
4	9	25
4	8	25
1	6	23
2	7	23
5	8	25
4	6	21
6	9	31
10	12	36
0	3	21
6	11	33
1	4	21
7	9	26
1	8	22
0	6	24
1	3	25
0	4	23
0	4	23
1	15	90
2	5	21
5	10	27
5	9	26
3	7	24
0	22	91
0	5	70
1	4	22
0	3	21
2	5	22
2	4	20
3	5	23
4	6	24
4	6	24
2	6	21
5	9	24
0	6	91
0	17	89
3	9	24
3	8	22
3	7	23
2	6	21
6	8	24
4	6	23
2	6	23
6	9	29
5	9	30
2	6	22
0	5	22
6	11	28
1	7	76
0	9	76
0	9	90
0	12	91
0	-1	88
0	9	91
10	13	31
4	7	26
4	8	32
2	5	24
2	8	30
0	6	90
4	5	22
0	11	91
0	12	89
4	7	24
5	7	30
9	10	29
8	8	27
7	10	27
7	11	30
0	4	21
0	4	22
3	5	30
0	11	91
3	7	23
3	7	22
4	8	30
4	8	25
2	8	24
7	11	30
4	6	21
7	9	32
5	7	22
5	8	24
3	4	21
2	8	22
4	7	21
3	4	21
0	7	90
0	9	91
0	8	90
2	5	21
7	10	29
0	4	27
2	6	23
0	12	91
0	2	91
5	5	24
8	16	34
8	14	33
2	4	21
2	3	22
8	10	37
0	9	91
0	8	91
0	7	91
0	8	88
5	6	23
6	6	22
4	11	90
2	13	90
4	8	25
3	4	25
3	4	22
4	5	25
2	3	21
3	3	23
0	11	91
1	9	91
0	13	91
0	13	90
3	7	23
0	8	90
0	8	90
0	12	90
0	13	91
0	8	91
0	13	91
0	2	22
0	7	91
0	9	90
0	7	91
3	6	30
0	5	20
0	8	90
1	6	22
2	4	23
3	5	22
2	6	23
10	11	31
1	12	90
1	9	90
5	5	23
3	6	21
0	-1	90
0	7	91
0	8	91
0	10	91
2	6	22
2	6	22
3	8	23
4	8	23
4	5	23
2	5	22
2	3	24
3	3	25
0	7	90
6	9	25
2	6	23
2	4	20
5	10	30
0	15	91
1	15	91
1	29	90
0	7	90
0	7	88
2	6	22
3	5	23
2	7	22
0	9	90
0	11	88
3	6	23
1	3	21
6	11	28
0	9	89
2	4	25
0	5	22
2	7	21
3	4	21
3	4	21
4	6	21
0	13	90
0	14	90
3	6	21
0	8	91
1	11	91
0	14	91
1	19	90
0	10	91
0	14	91
0	8	90
0	7	90
2	4	21
3	9	31
2	9	24
3	9	25
4	8	26
2	9	24
4	9	24
3	9	23
4	5	22
4	8	24
4	8	24
3	3	20
6	11	30
0	1	21
0	14	86
0	15	91
0	8	90
0	6	91
0	10	91
0	12	90
0	11	71
4	7	21
1	18	91
1	20	91
0	5	83
0	13	91
0	1	91
2	3	22
11	11	40
1	3	21
5	8	25
4	7	23
0	12	90
8	10	30
0	4	22
8	14	34
0	7	91
0	4	91
5	7	23
2	4	22
4	7	27
4	5	23
3	6	25
3	6	24
0	8	91
0	10	90
2	5	21
6	6	25
6	11	33
3	5	26
0	9	77
0	8	91
0	28	90
3	7	25
0	10	90
0	12	91
4	4	28
3	6	22
0	6	91
0	8	90
5	11	31
2	9	22
0	8	91
1	7	89
4	6	23
0	9	91
0	9	89
2	7	25
3	7	24
5	8	27
0	12	90
0	7	43
1	31	88
3	5	24
2	6	23
2	4	22
0	10	90
0	10	89
0	12	81
0	12	81
4	8	24
0	8	90
3	28	90
3	5	24
1	17	91
0	8	90
3	6	28
4	8	24
4	7	24
5	11	30
3	7	23
4	6	23
0	14	90
1	2	23
8	10	28
6	10	28
5	9	25
2	5	29
1	10	91
1	10	91
1	4	22
0	5	86
2	4	22
1	4	21
5	36	90
0	16	70
6	7	25
2	7	21
4	8	25
7	10	27
2	6	20
7	8	31
0	4	21
1	13	91
1	14	91
4	9	30
7	9	25
2	8	23
0	14	91
0	8	91
2	7	23
2	8	23
2	8	24
4	4	22
0	0	91
4	6	23
4	6	23
2	5	21
1	4	21
0	8	90
0	7	90
0	7	91
0	18	91
0	17	90
7	11	30
0	10	90
0	13	91
4	8	24
0	7	90
0	12	91
0	14	91
8	10	26
9	12	34
5	8	23
2	5	21
4	5	24
12	15	39
2	9	24
0	26	91
0	3	24
0	2	24
1	2	21
1	4	20
4	5	22
5	8	26
4	8	25
1	13	91
8	12	32
8	13	33
8	12	32
5	11	31
6	10	30
8	12	34
6	11	31
4	6	23
5	10	24
4	10	25
5	10	25
4	10	26
4	10	26
4	8	25
5	9	26
9	14	34
6	5	25
2	3	21
3	8	23
9	10	34
4	4	22
4	4	21
1	6	91
0	3	90
0	6	91
0	10	90
0	8	91
0	3	90
6	11	35
5	11	25
0	27	91
1	28	91
0	28	91
0	27	91
3	8	24
7	9	25
4	42	90
8	8	31
6	6	26
11	12	36
5	9	26
0	2	21
0	8	91
1	11	90
1	10	91
1	11	91
0	15	91
8	10	28
4	9	30
2	7	22
1	3	20
1	3	21
7	10	29
0	6	91
0	8	91
1	11	89
2	4	21
2	6	25
2	6	23
3	9	24
2	8	24
3	9	24
0	5	83
1	8	83
2	5	20
2	4	22
4	3	24
0	15	91
0	15	91
5	9	30
6	10	32
5	7	25
0	8	91
3	5	21
4	6	24
4	7	25
3	6	24
4	4	22
4	5	23
3	6	22
0	11	89
2	5	20
0	12	90
0	14	91
3	4	23
3	5	24
3	3	23
3	5	23
3	5	23
3	5	25
1	26	90
2	6	22
2	4	22
2	9	90
0	4	20
4	8	24
2	3	22
0	4	91
0	6	90
0	6	88
3	5	22
4	9	24
5	11	26
6	12	28
3	11	26
4	13	30
6	12	30
7	10	30
0	11	90
1	10	90
0	3	20
0	6	91
1	3	21
0	4	90
0	11	90
0	14	90
1	5	22
4	5	25
0	0	20
3	2	24
2	1	22
3	5	21
1	8	20
2	8	20
5	7	23
5	8	24
0	12	91
0	7	91
6	9	33
0	4	38
1	5	38
5	7	25
2	4	23
5	8	32
2	18	91
3	6	23
4	8	22
8	8	26
6	8	27
0	12	91
1	9	90
1	11	90
6	10	25
0	6	90
4	4	24
0	6	91
4	7	24
2	6	21
4	8	27
6	13	27
3	8	23
2	6	22
9	11	32
4	6	23
0	9	91
0	12	91
3	5	21
4	4	26
4	7	25
0	8	90
2	5	20
9	11	30
6	11	26
4	9	26
3	8	23
2	2	21
2	8	21
5	7	23
0	6	91
0	6	90
4	5	24
2	6	22
5	8	24
2	8	22
3	5	23
2	5	20
5	8	24
4	6	24
1	5	20
2	7	21
0	15	91
0	15	90
0	32	91
6	12	32
6	9	26
3	4	22
11	14	45
12	13	38
11	12	36
2	5	24
2	8	22
6	7	23
6	9	26
6	8	24
0	13	89
0	12	91
0	16	91
0	12	91
0	6	35
2	4	22
4	7	22
4	6	22
5	7	22
0	4	90
0	7	91
0	4	91
4	4	23
1	-1	89
0	6	89
0	5	91
0	6	90
5	9	26
0	33	91
4	7	21
1	3	22
0	12	91
0	12	90
1	5	22
3	6	24
2	4	22
0	13	91
0	5	91
1	-1	89
0	12	90
0	10	91
3	7	23
3	6	23
0	12	90
0	9	89
6	5	25
3	5	25
4	5	24
4	5	25
3	6	26
1	11	91
0	8	91
0	11	91
2	8	23
2	8	23
0	11	91
0	9	89
3	5	24
5	6	26
3	8	23
1	4	21
3	4	23
2	5	20
2	6	21
3	5	26
7	9	26
5	8	24
0	7	91
0	3	90
3	5	21
0	7	90
0	11	91
1	7	21
5	6	24
0	2	21
0	14	91
0	13	90
0	11	91
0	9	91
0	7	91
2	4	22
2	4	21
6	24	90
0	6	91
0	12	91
0	4	26
2	4	22
2	7	23
2	2	21
0	14	91
0	9	90
2	4	23
0	10	89
0	10	90
0	11	91
0	13	90
2	5	22
3	8	21
0	10	90
3	6	21
3	7	22
5	4	24
1	6	21
4	9	25
4	9	26
2	6	23
5	11	26
3	10	30
5	9	24
9	13	32
9	14	32
0	7	91
0	5	90
2	7	25
9	11	33
2	2	23
8	8	29
5	8	23
4	7	21
0	11	91
0	10	90
2	4	22
5	6	23
3	7	23
6	8	24
6	8	26
6	8	25
6	8	24
2	6	22
3	11	24
3	4	21
2	4	26
3	6	27
10	9	26
1	6	20
1	6	20
0	8	91
0	8	91
9	13	38
2	7	22
4	8	25
4	12	30
4	6	21
3	6	24
4	8	26
4	9	24
5	9	24
4	6	23
4	6	22
3	7	23
3	5	21
9	11	34
3	7	23
0	13	91
0	17	90
1	6	23
0	9	91
0	19	89
0	9	91
6	8	24
3	5	21
0	14	90
0	14	91
7	13	29
7	12	28
2	4	21
2	5	22
5	8	26
3	6	23
0	15	90
0	12	91
6	6	27
5	7	24
2	4	22
3	6	21
3	8	20
5	9	25
6	10	28
4	7	23
5	8	30
4	9	30
4	8	27
4	8	32
3	7	21
3	6	20
4	8	24
8	11	30
3	5	25
7	16	37
4	7	23
3	6	21
5	10	31
6	9	32
5	7	25
4	7	27
5	8	30
3	6	22
6	9	25
7	13	30
0	8	75
0	15	91
6	10	38
0	31	90
3	6	22
5	9	25
5	8	24
7	11	30
7	13	32
7	11	30
4	7	24
2	9	22
3	6	22
6	9	24
0	10	90
4	9	23
0	8	90
0	14	91
1	10	90
4	7	22
7	8	27
5	10	24
5	10	28
4	6	23
6	5	24
4	7	23
3	8	23
4	8	23
4	6	23
5	8	24
3	7	21
5	7	23
5	9	23
7	13	31
1	5	21
2	5	22
0	18	90
7	8	26
0	11	59
0	11	91
6	9	26
5	7	23
0	15	59
0	5	59
3	5	21
2	4	21
9	12	34
7	7	26
0	5	91
0	5	91
3	5	22
5	9	27
0	3	23
1	5	23
3	6	21
1	3	21
1	3	22
11	14	39
2	5	22
2	4	21
2	4	22
7	13	31
7	8	28
7	8	28
7	7	27
7	8	29
7	8	29
0	6	91
7	13	33
6	7	27
5	6	26
2	7	23
4	7	23
0	10	91
0	12	90
4	7	24
6	9	26
5	8	24
6	9	26
6	11	32
5	9	30
4	6	24
3	6	21
0	10	91
0	7	90
3	7	22
4	7	22
2	7	22
3	10	24
11	12	37
2	8	22
5	11	25
5	9	24
6	12	32
2	8	23
3	5	23
2	8	22
4	7	22
3	9	22
1	5	22
3	7	22
10	9	31
6	9	28
4	8	26
4	9	22
3	6	24
5	8	26
6	7	25
7	9	29
4	10	25
7	10	27
5	10	30
4	8	24
8	9	29
10	15	35
8	14	31
1	4	20
5	8	23
10	13	32
7	9	34
6	7	27
0	10	77
1	10	91
7	11	32
7	10	30
5	8	24
5	8	25
5	9	25
0	6	91
2	6	22
1	4	21
2	5	20
8	11	26
1	4	23
4	9	23
4	7	22
3	8	22
3	7	21
2	7	21
1	3	21
0	3	21
10	10	32
6	9	24
4	9	26
4	5	22
0	9	60
0	10	91
0	10	90
6	10	26
9	12	31
4	7	25
5	8	24
7	15	38
6	8	27
7	10	29
5	9	23
0	1	91
0	9	91
8	11	25
8	12	31
8	10	31
0	3	21
0	3	20
3	6	24
0	11	90
0	9	90
0	8	91
0	11	91
4	9	24
3	8	22
2	7	22
4	7	22
3	9	23
5	7	25
7	10	26
4	9	25
5	13	27
7	13	31
7	13	32
3	6	21
6	8	28
6	8	24
7	11	27
4	8	24
5	9	24
1	5	20
1	9	22
7	9	25
4	9	27
6	12	28
5	7	24
8	10	26
2	5	21
5	9	25
5	10	25
4	9	24
2	5	21
0	10	90
0	10	89
8	12	33
8	12	34
9	14	34
4	10	27
2	8	22
5	6	22
3	6	20
2	4	21
4	7	25
2	8	25
7	13	29
6	6	25
6	8	27
0	12	91
4	8	24
4	12	31
5	11	30
4	10	28
1	7	21
5	7	23
3	7	22
6	8	25
6	9	27
5	7	25
5	8	23
6	9	31
1	7	21
1	7	21
1	7	21
6	13	30
5	10	26
9	10	31
1	6	23
0	22	90
3	6	22
2	6	21
2	5	21
3	6	22
6	8	26
3	6	22
2	6	21
2	5	21
2	5	22
2	5	23
6	9	25
5	7	30
8	8	32
0	10	91
2	7	23
2	6	22
7	9	32
0	3	20
0	15	91
0	14	90
5	9	32
0	-1	90
3	6	23
2	4	20
10	15	36
0	6	22
1	4	21
7	12	26
3	4	23
4	8	24
2	6	22
4	7	24
7	12	33
5	12	31
3	8	24
3	8	23
3	6	23
4	8	24
5	8	24
4	8	21
4	6	22
0	11	88
0	11	90
5	7	23
3	12	25
9	11	26
5	8	25
6	14	31
0	1	90
4	7	25
0	3	24
0	14	90
4	8	22
9	10	30
0	7	90
7	12	31
3	7	21
5	10	25
3	8	23
3	7	22
7	11	30
3	9	24
6	9	27
4	9	30
4	8	26
3	8	21
3	5	22
8	13	30
6	8	26
0	9	90
0	9	91
3	6	23
4	6	24
2	4	21
3	6	24
6	7	25
2	12	91
0	10	90
6	9	24
2	8	22
3	8	21
1	3	20
4	10	24
7	13	29
7	14	31
5	12	30
5	10	26
5	7	22
3	8	25
3	9	23
4	7	23
6	7	26
3	7	22
9	8	31
3	5	23
4	5	21
6	11	41
6	13	32
7	10	29
0	6	91
6	9	24
2	5	22
0	2	21
2	7	23
2	7	22
4	5	24
4	8	22
1	7	21
1	6	23
0	4	27
3	7	24
3	9	25
3	6	22
4	10	33
2	5	21
3	6	23
5	9	25
5	9	27
5	8	26
5	10	27
5	11	28
5	11	29
4	13	27
7	10	30
4	7	24
4	6	23
3	7	23
2	6	21
2	7	23
4	7	23
8	8	30
3	8	22
5	9	26
3	7	23
2	6	22
3	7	22
0	6	90
4	8	31
3	7	22
0	3	21
0	4	24
0	3	22
1	4	20
0	3	23
6	8	25
7	11	30
0	21	89
1	15	91
3	6	22
3	7	24
2	5	21
1	3	20
5	10	31
4	9	23
3	7	21
7	29	89
6	8	24
2	4	21
3	6	22
2	6	22
6	10	27
0	6	90
0	7	90
2	5	22
6	8	23
10	10	35
4	8	23
3	7	24
0	9	91
2	5	21
2	5	22
3	8	23
2	9	22
4	10	24
4	9	23
3	5	23
3	5	21
6	13	30
5	7	25
3	9	24
4	8	23
4	9	25
5	8	25
2	6	21
0	25	91
0	7	90
26	30	82
9	8	29
6	7	26
3	5	22
2	5	23
4	4	31
0	12	91
5	7	23
4	11	23
5	7	26
8	13	31
3	9	22
5	12	33
0	13	91
5	9	24
5	7	25
11	7	41
1	6	22
9	13	34
1	22	91
1	9	20
7	11	32
6	9	25
5	12	30
8	12	32
7	12	30
1	6	22
3	7	23
1	6	20
2	5	22
1	5	20
6	7	24
5	10	30
5	10	24
2	9	23
3	7	22
0	9	91
3	5	21
6	10	27
5	10	30
8	12	29
7	12	28
7	12	29
3	7	22
3	7	26
8	6	27
5	7	31
4	9	24
0	6	91
0	3	21
6	10	30
6	10	25
11	14	35
0	5	22
1	6	20
3	6	20
7	8	27
8	14	34
0	13	90
0	16	91
4	7	24
5	10	24
3	8	22
0	8	90
0	8	90
4	6	22
0	5	90
0	3	91
5	9	30
5	9	30
3	7	22
7	8	26
2	4	21
2	5	21
3	7	24
9	11	34
3	6	21
7	11	31
4	7	22
4	7	23
0	4	21
7	11	29
6	11	26
4	11	25
9	10	30
6	12	30
2	6	22
7	10	30
3	6	23
3	8	25
3	8	24
5	10	30
4	7	26
3	7	22
4	5	22
5	7	25
0	10	91
0	12	90
2	6	24
1	4	20
0	7	91
0	11	91
2	7	24
2	5	21
2	7	20
2	8	22
5	9	25
5	8	25
4	7	21
5	9	24
6	7	26
3	6	23
3	7	24
5	7	25
7	12	30
8	10	27
0	2	22
5	7	22
7	10	30
7	12	31
8	12	31
6	14	30
7	9	25
7	9	26
6	12	27
4	7	22
3	7	21
4	7	26
0	12	90
0	5	90
8	10	32
6	10	26
8	12	34
5	12	31
9	12	35
8	12	33
6	12	34
5	13	32
4	8	24
0	11	90
0	11	89
8	9	30
4	8	24
1	7	22
1	6	21
2	7	21
3	9	23
5	8	24
10	12	32
8	11	28
9	13	32
7	14	31
8	10	28
7	12	28
7	11	27
8	9	26
6	12	30
3	8	24
6	9	30
3	6	24
3	8	22
3	8	21
6	14	31
4	9	24
0	10	90
3	7	25
0	4	21
0	7	23
0	3	91
0	4	91
11	14	37
2	3	20
8	8	32
7	10	28
0	11	85
6	12	32
8	10	27
3	7	22
7	11	31
4	8	22
4	10	26
5	5	30
6	10	27
6	8	25
1	8	25
5	9	24
7	7	32
0	11	91
0	12	91
6	8	25
8	10	30
2	3	20
0	13	91
1	8	23
0	15	56
5	8	24
6	8	25
8	10	30
5	8	24
4	8	24
2	6	24
7	9	27
6	8	26
3	4	23
0	9	90
0	8	85
4	5	22
1	7	21
2	7	20
3	7	20
7	10	26
6	13	34
7	7	31
6	11	30
0	8	91
6	8	31
1	11	30
3	6	31
4	5	25
4	6	27
3	5	25
6	11	31
3	7	22
0	28	90
0	26	90
0	5	90
1	13	91
3	10	23
9	13	32
9	13	36
1	4	22
3	8	22
1	2	22
1	2	20
4	8	23
3	6	23
4	10	23
6	10	27
5	10	26
5	9	25
4	9	25
4	8	24
5	7	23
3	6	22
6	8	25
4	8	25
5	4	23
4	8	23
1	8	22
1	2	21
5	10	28
6	9	24
6	8	24
3	10	30
2	4	23
0	9	91
0	6	22
2	5	22
3	10	27
3	8	24
2	7	22
5	9	25
3	8	21
3	7	24
8	6	25
8	11	30
3	6	20
12	15	33
9	12	28
5	10	26
2	7	21
3	9	30
4	7	30
4	9	30
3	8	26
3	8	26
3	6	24
5	9	31
5	9	32
4	7	26
4	7	25
3	6	25
3	6	24
4	7	23
3	7	22
3	5	23
4	4	22
3	5	21
5	13	32
3	10	27
4	7	24
5	6	23
6	12	30
5	12	30
5	6	24
6	13	32
3	7	22
2	7	22
2	6	23
2	6	23
4	7	24
4	6	24
4	6	25
2	5	20
5	4	24
2	4	23
0	8	90
0	10	91
2	8	24
4	8	24
2	7	22
7	9	32
1	6	27
1	5	25
6	9	26
7	12	28
0	32	85
10	9	31
9	9	31
5	7	25
11	16	37
5	6	26
1	4	23
1	3	22
0	3	21
3	6	25
6	8	22
3	7	22
0	3	20
0	3	21
3	5	24
0	5	91
0	5	90
3	4	21
3	7	21
3	5	21
8	14	32
3	7	28
8	11	30
2	4	21
0	8	91
1	2	26
5	11	28
6	9	27
8	11	30
3	7	25
0	4	90
0	-1	90
7	10	33
6	11	30
2	8	24
4	9	24
4	8	23
3	8	23
3	7	22
0	8	90
1	11	91
3	6	20
3	7	31
5	9	25
0	10	91
4	7	23
3	8	23
3	9	24
3	7	23
8	9	28
8	9	27
6	9	27
1	6	21
3	5	22
3	8	22
0	10	79
0	8	88
3	5	25
3	5	25
3	5	24
7	6	26
3	7	23
6	10	27
4	9	31
3	5	21
0	6	90
4	6	23
4	7	24
0	30	91
3	11	32
5	8	23
4	7	22
1	5	22
2	6	20
5	7	22
2	5	20
7	13	28
4	8	26
4	8	22
1	-1	91
2	7	22
1	6	21
4	6	22
2	8	21
0	11	91
0	5	91
0	9	91
0	13	90
2	5	24
3	6	23
6	8	26
10	14	34
2	5	21
7	6	25
6	13	90
2	6	91
2	4	21
3	5	22
0	12	91
1	6	21
3	7	25
1	6	23
1	5	21
3	6	25
3	3	21
3	7	22
2	8	23
3	8	23
2	40	90
6	7	24
7	7	25
4	5	23
5	5	23
5	6	24
5	8	24
10	8	32
4	7	25
3	6	21
0	11	91
0	11	91
4	7	23
7	10	31
6	8	26
3	5	22
3	6	22
2	5	22
5	13	28
4	10	24
6	13	30
7	11	33
5	5	25
7	7	28
4	7	26
3	7	22
0	10	90
5	9	26
3	5	23
4	6	24
2	4	21
2	5	25
2	4	23
2	5	21
2	4	22
7	13	35
7	11	32
8	12	32
12	15	39
1	2	20
2	4	21
3	8	21
10	16	35
11	15	33
1	6	89
1	9	91
0	14	91
0	24	90
4	9	30
6	8	24
4	5	22
11	12	37
6	8	24
3	7	24
4	7	22
3	5	21
5	7	23
4	7	21
5	8	23
7	7	28
5	8	26
2	5	23
4	8	23
11	12	34
5	10	32
7	11	35
2	5	22
6	9	32
2	7	22
9	11	31
8	11	26
6	9	25
2	5	22
9	8	33
2	4	20
0	13	91
0	10	90
0	14	91
5	8	24
4	9	21
6	8	26
5	8	27
6	11	27
7	12	30
8	10	28
8	8	30
2	8	21
0	9	91
7	10	27
8	13	31
2	3	22
0	3	91
3	5	21
2	5	23
2	5	22
2	5	20
7	7	27
6	8	26
7	8	26
3	6	24
2	5	22
10	14	37
6	7	27
1	4	21
2	5	20
7	6	41
3	4	21
4	5	23
2	3	21
1	8	91
4	7	25
1	3	20
0	4	26
2	5	23
5	9	26
5	8	24
3	7	23
2	6	22
2	6	21
4	8	24
4	1	23
0	15	90
4	10	24
4	11	30
4	8	23
5	8	27
4	7	24
4	9	24
4	8	23
4	6	23
2	5	22
2	4	21
0	11	91
7	10	31
0	14	91
1	5	20
1	4	22
9	10	32
2	5	24
3	6	22
2	6	22
3	7	22
0	10	91
3	8	23
0	11	90
2	3	22
1	3	21
4	8	23
6	6	26
10	11	37
9	11	35
10	13	32
7	10	30
7	10	28
5	9	25
2	5	21
0	7	91
0	7	91
2	6	22
3	5	24
5	8	27
3	7	22
0	16	91
4	10	37
4	10	22
1	3	21
2	6	20
3	7	22
1	6	20
2	6	21
6	9	24
0	-1	91
0	-1	90
3	7	22
2	4	23
2	6	22
2	6	21
8	11	29
3	6	21
2	5	22
3	7	24
0	3	22
3	9	25
5	6	27
3	8	23
8	9	28
1	6	20
4	8	25
2	8	23
3	7	22
5	11	24
2	8	23
5	10	27
2	6	24
2	6	21
2	6	22
2	7	20
3	6	23
4	7	24
4	7	24
0	9	90
3	7	25
3	8	23
5	11	26
9	13	32
7	12	27
8	13	30
5	9	25
1	7	22
3	9	28
7	9	31
3	5	24
3	6	24
5	6	24
3	7	25
3	6	24
3	6	23
0	9	90
7	11	31
2	4	21
5	9	30
4	6	23
5	9	30
5	7	22
0	3	23
7	11	32
3	5	23
1	6	20
7	10	31
4	6	22
0	6	90
0	8	91
8	10	34
2	7	22
5	6	22
4	4	23
5	5	25
4	5	24
4	5	24
2	8	22
4	10	23
7	8	30
0	9	90
1	3	20
1	4	22
1	5	22
3	5	23
4	7	27
0	5	21
3	7	23
1	10	22
2	6	22
6	12	25
10	11	36
9	10	33
4	9	28
6	11	36
6	8	23
9	13	31
2	5	21
5	7	23
6	8	25
3	9	26
4	8	24
4	5	23
4	5	22
3	5	22
2	4	21
3	4	21
2	6	20
4	7	21
1	4	21
0	30	90
2	7	21
0	6	90
5	10	30
7	12	28
4	12	30
0	6	45
3	7	23
3	7	22
2	7	22
3	7	25
5	8	22
3	7	24
3	8	20
5	7	22
8	14	31
3	5	23
2	5	23
5	8	24
1	1	20
3	5	20
3	7	24
2	6	23
5	22	89
6	8	25
8	11	27
4	8	26
5	10	24
6	10	24
0	8	91
0	5	90
7	13	31
8	13	32
5	10	27
6	10	30
3	8	20
2	5	22
3	7	24
2	6	22
3	5	23
4	6	26
8	11	29
5	12	31
7	8	26
2	6	22
2	7	22
5	9	26
10	13	31
4	6	22
3	5	21
3	8	22
6	8	25
13	15	43
0	15	90
0	16	91
0	10	91
6	12	30
6	12	30
5	9	23
4	10	26
4	9	27
0	15	90
3	6	21
9	12	32
8	14	32
2	16	89
4	7	22
5	7	24
4	6	25
4	6	24
0	4	90
0	2	60
6	8	32
5	9	25
5	7	27
2	4	23
1	4	20
3	30	90
3	8	24
8	12	32
4	10	25
6	8	25
5	8	25
3	6	22
3	6	23
0	10	90
5	13	30
6	7	26
6	8	25
5	9	26
5	8	24
8	12	35
8	10	32
8	9	28
2	7	20
3	6	24
5	6	23
4	6	24
6	7	24
5	7	23
3	5	21
3	7	22
3	7	22
4	7	23
6	8	27
3	9	25
5	9	24
1	7	20
3	7	22
7	12	30
4	8	23
0	19	91
0	7	91
2	7	22
8	10	33
1	7	23
2	6	22
1	6	21
1	4	20
1	5	20
5	10	26
7	10	31
0	13	90
6	8	25
6	8	24
5	7	26
6	8	24
6	12	30
0	26	91
5	9	25
0	4	52
2	6	21
3	7	22
3	10	23
6	11	27
5	9	25
4	8	24
3	7	22
4	6	23
7	12	27
9	15	33
6	15	27
5	10	30
4	8	23
4	11	24
3	5	21
3	7	24
0	10	90
0	10	90
6	11	28
7	9	27
7	11	26
3	7	22
2	6	24
2	21	91
6	11	30
5	11	26
5	10	25
6	9	24
5	9	23
5	8	25
8	9	30
6	8	24
4	7	23
2	8	23
8	11	32
6	12	29
7	10	25
4	8	24
3	7	21
4	8	27
2	7	24
2	7	22
4	6	23
3	7	21
8	10	32
3	5	20
11	11	37
3	6	22
4	10	25
4	10	24
6	11	28
12	9	34
3	9	23
2	10	23
2	5	22
2	5	22
1	4	21
8	8	31
8	9	29
11	12	38
10	11	34
9	12	30
0	6	90
0	11	91
6	11	30
0	6	91
5	9	31
6	8	22
5	5	24
7	10	25
1	4	30
3	6	23
9	15	34
2	24	89
4	10	26
3	9	22
4	7	23
4	9	22
3	7	23
2	6	23
4	8	22
2	9	22
5	9	23
0	7	90
0	8	91
5	9	24
2	7	20
7	7	27
3	6	21
2	4	22
1	13	91
1	8	90
0	5	91
7	11	34
5	10	30
6	9	27
3	8	23
5	8	23
8	10	31
8	13	29
4	5	22
5	8	24
2	4	23
1	5	24
1	5	21
1	4	22
1	4	21
0	3	23
1	3	22
1	4	21
1	3	20
8	8	24
4	8	24
3	6	23
12	-1	40
2	5	21
4	7	22
4	7	20
3	6	21
3	7	22
3	7	24
1	2	21
2	6	23
7	9	27
8	12	34
1	2	23
3	9	23
5	9	30
12	14	35
8	10	28
3	8	23
4	7	25
0	9	91
0	7	91
0	9	90
0	12	90
7	13	31
1	6	22
4	11	30
3	8	23
4	8	24
1	3	27
7	11	25
4	6	24
0	3	20
0	9	91
0	10	90
4	7	23
4	7	21
3	5	24
1	2	22
0	1	21
0	2	22
1	5	21
3	7	23
0	6	90
0	10	90
0	7	91
0	9	91
0	12	91
1	13	91
2	5	22
2	7	24
4	9	24
4	9	24
4	8	24
3	7	22
6	9	30
6	11	31
5	11	34
7	10	36
6	10	31
5	9	30
6	7	31
5	8	30
5	8	31
6	10	35
3	7	24
2	5	21
5	9	24
2	2	22
0	8	91
0	9	91
0	5	91
0	7	91
5	6	23
5	6	24
3	6	30
0	7	90
0	8	89
1	4	20
4	6	23
0	11	91
3	6	25
3	6	23
4	9	23
4	8	24
4	7	25
0	8	91
0	9	91
2	6	23
1	3	23
7	10	27
2	4	21
2	4	20
4	8	24
4	7	23
4	8	23
3	6	21
3	9	25
0	2	20
3	5	24
7	11	28
9	14	35
9	11	33
9	14	32
10	12	37
3	6	21
5	8	26
1	30	91
0	8	90
0	11	91
4	9	25
0	7	90
0	7	91
2	12	89
7	10	28
9	13	32
10	13	30
0	9	86
3	5	21
1	26	90
8	11	29
1	3	21
4	7	23
2	6	23
0	6	90
5	6	26
2	7	21
7	11	26
6	8	35
6	13	32
1	10	90
0	5	90
0	10	91
0	12	91
5	7	24
2	4	21
1	3	21
0	2	21
6	7	28
1	4	21
1	1	22
1	2	21
0	1	21
3	7	21
3	8	24
6	8	24
0	12	91
0	12	90
4	7	23
5	8	22
9	9	27
3	4	22
0	2	21
1	6	21
2	7	22
5	7	24
7	8	34
0	11	91
0	9	90
1	8	90
0	19	91
2	6	20
5	8	25
0	10	91
0	14	91
0	12	91
3	6	22
4	9	25
0	7	91
7	13	30
4	6	24
5	6	24
4	5	24
4	6	26
8	10	32
8	12	34
2	6	21
7	10	30
5	8	27
4	9	28
4	11	30
6	9	26
6	10	28
7	11	29
5	9	26
4	11	29
6	11	30
7	11	30
5	10	31
3	7	23
8	10	26
7	10	27
10	12	34
2	9	21
5	7	23
1	3	22
3	6	23
6	8	26
4	5	24
3	10	26
5	8	22
8	12	30
6	11	25
7	10	25
0	17	90
0	9	82
1	2	21
4	6	24
4	11	27
1	15	91
0	6	90
0	9	90
7	12	31
8	10	27
5	6	25
2	4	24
2	3	22
0	4	21
0	16	91
0	17	91
2	8	23
2	8	22
0	11	90
0	9	90
0	10	91
0	1	91
3	8	23
1	4	22
5	24	90
3	8	23
3	7	21
4	6	24
4	7	23
4	5	23
5	6	25
6	9	31
4	7	25
4	6	23
2	5	23
0	3	22
2	5	20
4	7	24
2	5	22
3	7	22
2	6	22
3	5	22
3	6	23
5	9	23
0	3	22
0	4	21
0	5	20
0	7	91
2	29	91
7	10	28
3	7	23
4	7	21
7	9	31
5	8	26
3	6	22
3	7	23
7	11	32
6	9	26
0	2	20
1	4	21
4	5	24
2	5	23
6	9	26
1	7	21
1	8	22
2	7	23
0	6	91
0	5	91
3	8	24
4	5	22
2	4	23
6	6	24
5	9	26
2	5	22
1	5	21
2	7	24
1	7	90
4	6	22
2	7	22
4	7	26
3	7	24
4	6	24
4	7	23
2	9	24
4	8	23
4	6	24
4	6	24
4	7	24
3	6	22
4	7	25
5	10	28
0	32	90
1	7	91
11	11	34
9	13	29
3	6	23
2	5	22
3	5	21
5	9	23
5	7	25
7	9	28
5	10	28
3	7	23
4	7	26
5	11	25
2	7	23
7	9	25
4	6	23
0	4	21
4	10	29
0	8	90
3	9	24
1	6	20
0	15	91
0	15	90
7	9	31
5	12	31
7	14	33
2	7	21
9	12	32
6	11	31
3	10	26
5	9	25
5	13	30
4	10	26
4	8	25
4	12	26
6	10	26
5	8	24
4	9	25
3	6	22
5	8	26
4	8	23
4	8	24
4	7	22
3	7	21
5	8	24
3	5	22
2	8	22
3	7	21
7	13	30
6	11	30
5	7	24
2	5	23
7	9	25
5	8	24
0	14	91
4	9	23
4	9	25
4	8	24
4	6	22
2	5	23
3	7	24
3	6	22
3	6	25
2	7	24
3	6	22
4	7	23
3	7	24
3	5	23
4	6	24
5	8	23
5	9	25
4	8	24
5	8	23
4	8	25
5	5	23
0	9	91
4	10	30
4	7	22
2	7	21
3	7	23
3	5	21
4	10	26
3	6	23
2	6	22
2	5	21
5	6	23
7	10	28
4	8	24
5	9	25
0	12	90
0	12	91
7	8	28
2	6	20
3	9	22
4	9	25
4	8	26
2	5	20
2	4	21
6	9	30
5	10	24
10	13	31
3	6	23
3	9	22
8	10	34
9	10	30
3	5	21
4	7	24
2	6	23
4	8	24
1	47	91
7	12	26
4	7	23
10	10	30
4	11	30
6	8	30
6	7	30
7	10	27
3	6	23
3	6	21
5	6	22
4	10	28
4	8	21
3	9	23
4	7	23
2	5	22
4	6	22
2	8	23
1	7	21
2	6	23
5	8	25
6	11	28
0	6	91
0	14	90
5	8	27
2	8	25
5	8	26
3	6	22
1	5	21
10	12	29
8	10	33
9	10	32
5	10	30
0	8	91
0	7	91
0	12	90
1	12	90
0	12	91
1	9	90
7	10	31
5	8	25
7	12	29
5	26	91
1	5	22
9	11	37
8	10	37
8	9	32
9	12	39
4	8	23
0	13	91
2	6	23
0	10	89
0	3	90
1	10	24
7	10	27
0	6	90
0	8	89
8	10	31
3	6	25
3	5	24
3	5	22
3	6	24
3	6	23
3	6	24
3	5	22
2	4	21
5	7	23
4	8	22
5	11	32
0	11	91
2	6	21
7	8	30
9	10	31
6	10	28
7	10	31
7	11	28
0	15	90
0	12	91
3	5	21
3	8	22
3	8	23
1	12	91
0	13	90
2	9	90
3	6	23
3	9	24
9	9	31
5	9	26
4	9	25
4	6	23
1	5	22
5	8	24
3	5	21
5	8	23
9	12	33
0	1	22
1	2	21
0	2	21
1	2	21
0	1	22
0	2	21
5	7	24
2	6	21
3	7	20
3	12	32
1	3	20
4	7	24
4	9	25
6	12	29
6	9	27
4	11	26
7	12	28
4	11	30
7	10	29
2	6	22
5	13	32
4	11	27
4	8	23
3	7	22
5	7	26
3	7	21
3	7	21
0	3	90
0	17	91
3	6	25
6	8	30
6	11	34
4	7	25
5	9	28
4	8	27
4	6	24
4	7	24
5	8	25
5	7	24
1	7	21
4	6	23
3	5	21
2	7	26
0	14	91
0	14	90
1	7	20
1	4	22
0	4	21
0	3	20
7	9	30
4	5	24
1	6	20
2	7	23
2	6	24
3	7	24
2	4	20
4	7	25
5	10	26
4	6	22
2	5	21
3	5	22
8	6	31
3	7	23
3	8	27
4	9	26
6	9	25
2	5	23
2	6	21
1	3	21
3	6	24
2	6	23
3	7	25
6	30	91
3	7	22
2	8	21
2	7	21
1	11	90
8	12	32
2	7	22
6	9	25
3	9	28
4	7	27
6	11	30
5	11	30
4	10	27
5	12	27
4	10	26
4	8	25
5	8	24
5	8	26
2	4	20
9	12	33
2	6	22
4	9	30
7	7	25
2	5	23
9	12	35
9	13	33
0	7	90
3	8	23
8	11	33
2	5	21
4	6	27
2	6	21
3	6	23
7	12	32
5	9	33
2	6	22
0	11	90
2	6	21
5	5	24
5	9	24
5	7	25
7	11	31
3	5	22
4	8	26
0	15	91
0	4	91
2	4	21
0	2	22
1	4	23
3	8	22
4	6	24
5	10	30
4	11	24
5	8	23
6	8	26
3	7	23
2	5	21
1	4	21
2	6	20
1	-1	90
5	5	21
5	8	25
6	9	25
4	7	25
5	7	24
0	12	91
0	13	91
6	12	32
3	5	20
1	6	22
3	6	23
3	6	22
2	6	23
2	25	90
5	7	24
0	10	82
3	7	22
1	14	90
0	9	91
2	6	22
4	6	26
1	6	21
0	14	90
0	12	91
0	11	87
0	8	90
3	7	23
3	9	24
3	7	22
0	16	90
0	8	91
2	5	20
4	6	23
0	10	91
0	7	90
6	9	28
7	8	29
3	6	22
8	12	34
5	14	33
4	7	22
0	23	90
5	8	26
3	3	21
1	5	21
1	5	21
0	13	91
0	10	90
2	7	23
2	5	22
5	8	24
3	4	23
7	13	35
3	10	26
3	9	26
7	11	30
7	14	32
9	14	32
9	16	33
10	14	35
5	11	27
3	7	22
8	11	26
8	10	27
7	9	30
6	8	25
6	9	25
7	8	26
7	8	26
3	6	22
8	8	28
9	15	32
9	14	33
1	8	20
3	7	22
11	12	38
10	13	37
3	5	21
7	9	30
5	7	28
2	6	22
9	14	36
9	14	34
6	9	29
7	15	32
8	12	33
8	12	32
7	9	25
3	4	20
0	10	91
4	9	23
0	3	20
3	8	25
3	7	27
6	8	23
5	7	25
5	8	23
3	9	25
3	7	23
3	8	23
2	7	23
4	9	24
4	7	23
7	11	32
8	11	30
4	12	91
0	7	23
4	8	24
9	10	30
8	10	31
7	9	26
3	8	22
3	6	22
2	8	23
4	8	23
9	9	34
9	11	33
8	11	32
6	10	30
4	8	24
3	6	23
5	10	25
10	9	35
4	7	22
4	8	21
3	6	23
10	16	39
11	13	35
12	15	37
10	14	34
8	13	34
2	7	21
2	6	20
3	6	22
2	5	21
0	3	21
5	10	28
3	5	24
3	5	22
4	6	22
3	7	24
3	7	23
7	6	22
6	11	31
5	7	24
12	16	37
4	7	21
4	5	24
4	8	22
3	6	21
2	5	23
4	10	30
3	11	24
2	5	20
2	5	22
10	10	35
8	9	30
6	8	23
7	11	31
0	3	23
5	7	21
0	14	91
2	5	20
2	6	22
3	5	21
3	6	23
10	10	33
0	6	90
0	13	91
3	9	23
0	5	91
2	22	91
6	12	26
2	10	25
2	6	22
6	10	30
6	8	27
4	9	22
8	12	32
3	7	23
3	12	26
2	8	24
2	9	23
2	7	22
8	10	27
0	7	90
0	9	91
3	8	22
5	6	24
3	6	23
3	8	26
3	7	20
7	10	25
3	6	21
3	8	21
2	6	22
11	9	33
8	10	28
6	7	25
8	9	29
4	7	21
4	6	20
5	9	28
9	9	32
2	4	21
6	9	24
4	10	30
5	12	26
3	7	25
12	18	40
5	6	24
3	8	22
3	6	21
3	7	22
2	4	22
6	10	26
10	13	30
8	12	29
9	13	29
9	13	28
7	11	31
2	5	21
0	14	89
5	11	30
3	4	22
5	12	26
3	4	24
5	6	25
4	6	23
8	14	32
5	12	36
5	9	27
6	8	26
2	7	23
4	7	24
2	6	24
8	13	34
8	11	28
9	12	28
7	11	30
2	5	23
2	6	21
8	10	29
5	10	25
7	13	31
7	12	30
6	11	30
7	10	26
5	9	27
5	10	26
6	9	26
5	10	25
4	8	24
4	6	22
7	9	27
2	4	23
3	8	22
3	7	21
2	6	22
9	10	27
10	11	29
7	11	25
6	10	30
6	11	30
6	12	30
5	13	30
0	10	91
9	11	31
8	11	30
8	10	27
7	9	26
4	6	23
0	7	91
3	5	21
3	6	22
6	7	24
2	6	21
6	9	25
4	10	24
5	14	30
4	8	24
2	9	24
0	11	91
0	10	90
0	12	90
0	17	89
6	8	26
6	7	24
6	8	26
4	7	26
4	8	23
4	6	23
2	4	23
9	15	33
4	10	30
6	9	26
0	10	91
0	5	90
5	6	21
7	10	30
6	10	28
6	11	27
7	12	32
5	9	26
8	11	33
1	5	20
5	10	31
6	10	27
5	10	25
3	7	25
4	5	23
6	9	30
5	7	30
6	8	25
0	22	91
10	10	31
3	8	24
3	7	22
4	5	24
9	10	32
5	-1	91
3	6	21
4	7	25
5	8	22
3	8	24
2	7	22
5	10	25
1	11	90
6	10	28
2	6	22
10	39	91
7	38	91
1	6	23
1	6	22
2	6	21
4	9	23
3	9	23
5	9	26
4	6	22
1	2	21
9	11	28
0	8	91
3	5	23
2	8	24
3	7	26
5	7	25
3	7	21
4	8	24
0	15	91
0	-1	90
5	7	26
5	8	26
4	6	25
4	7	24
4	8	29
0	12	90
1	23	91
1	6	91
0	14	90
1	4	22
9	12	32
0	11	91
4	12	32
5	12	36
3	9	22
2	5	21
0	6	84
0	6	84
5	8	26
5	9	26
4	9	25
0	11	89
2	5	22
2	6	21
2	4	22
4	4	22
1	6	91
7	11	28
0	3	89
6	6	23
3	5	22
2	8	22
0	18	91
5	12	33
6	7	30
5	6	25
5	9	25
5	8	22
4	11	31
5	11	30
6	8	24
1	11	72
1	11	72
5	7	23
4	9	25
0	7	90
8	10	30
8	9	26
1	4	20
0	8	91
0	8	91
5	10	25
0	4	21
0	2	20
7	11	31
4	4	24
2	4	20
1	4	22
2	6	21
5	9	26
5	8	26
5	12	26
7	10	30
3	6	22
1	5	20
9	14	37
7	8	26
2	6	21
6	9	26
7	10	27
3	6	23
2	6	20
0	9	90
0	8	91
2	6	22
2	6	21
2	4	22
2	6	23
3	6	22
0	13	91
3	5	22
2	7	23
4	7	23
0	18	89
7	8	25
5	8	24
4	7	23
2	5	23
3	6	23
3	4	23
8	8	30
0	4	91
0	5	91
2	4	24
3	6	22
8	9	27
7	8	27
0	6	91
4	8	24
0	18	90
0	6	91
0	2	21
0	3	20
2	6	22
2	7	22
2	7	22
2	7	21
1	7	21
2	7	20
5	8	25
3	7	22
2	3	23
1	4	21
0	10	91
0	7	91
0	7	78
4	8	25
2	4	22
4	6	23
3	8	21
5	6	23
2	3	22
2	5	22
2	4	21
0	6	21
2	6	23
6	10	27
8	7	31
3	5	22
5	6	23
4	9	23
3	7	22
9	10	33
9	13	32
7	9	31
3	6	23
4	5	24
2	4	25
2	30	89
3	3	23
0	9	91
0	12	91
0	1	91
0	1	90
1	6	21
3	7	22
3	8	22
2	5	22
6	11	31
3	6	22
1	21	91
0	21	91
2	6	22
3	7	22
4	5	26
0	8	90
0	11	91
3	7	22
3	8	23
3	7	21
3	8	24
3	7	23
4	8	24
3	6	22
3	6	23
0	6	66
1	6	66
3	4	21
2	6	22
7	11	27
11	13	33
1	4	20
1	5	23
3	5	23
8	15	37
0	11	91
0	13	91
1	-1	90
1	7	89
3	9	24
0	11	90
4	7	25
4	6	27
9	15	34
9	14	34
8	13	31
8	11	29
2	6	24
3	6	23
3	6	24
8	12	29
0	7	46
2	6	22
5	7	30
2	20	90
0	-1	90
0	2	91
8	10	28
0	9	90
3	6	21
8	9	25
5	7	28
3	6	23
8	8	30
4	6	24
9	9	29
8	12	36
7	11	29
1	4	21
2	4	21
1	5	22
2	4	23
2	6	21
2	5	22
5	8	24
4	7	22
4	7	23
0	12	90
0	9	90
3	5	22
0	8	91
0	9	90
6	8	25
2	5	21
0	13	91
0	8	90
1	5	20
2	5	20
5	10	24
4	8	25
7	9	32
6	7	28
6	9	26
8	15	35
7	15	33
5	7	24
6	10	28
2	3	21
7	14	33
9	14	32
10	11	32
8	10	28
0	2	20
4	7	22
0	7	91
0	17	91
7	9	30
0	7	90
9	10	28
5	9	26
5	21	90
5	6	22
1	7	22
3	7	22
4	6	23
2	5	22
3	6	21
6	10	31
0	3	89
0	7	90
8	9	31
3	5	21
0	5	91
4	5	24
4	8	24
4	7	24
2	5	23
0	14	91
0	9	64
2	5	22
4	6	25
0	9	91
0	8	89
2	10	36
6	9	38
5	10	32
5	9	30
5	9	32
2	23	90
0	6	73
0	6	91
0	9	91
3	3	20
2	3	23
3	6	23
3	6	21
3	7	21
3	8	23
3	8	23
7	9	27
0	4	90
0	7	91
0	7	90
0	9	91
0	11	91
0	9	91
0	12	91
3	5	23
4	5	23
3	5	25
3	5	24
3	5	23
2	5	22
1	3	20
3	7	23
2	5	22
5	8	30
0	4	32
6	8	34
4	7	23
2	6	22
0	17	90
0	7	91
0	12	90
4	5	24
5	8	25
2	6	21
0	9	90
0	5	91
0	8	91
0	13	90
0	12	90
0	12	91
3	7	21
4	7	26
5	6	26
3	6	23
2	6	22
3	8	25
4	9	27
7	7	27
8	9	28
8	9	27
0	3	22
2	7	21
2	7	22
0	11	91
2	7	22
3	7	21
5	9	23
5	10	31
1	4	20
7	9	31
0	11	91
0	13	91
2	5	24
1	4	22
1	3	24
1	6	24
0	9	91
2	5	21
0	10	91
0	13	90
4	6	22
10	8	33
0	19	89
0	17	91
8	8	30
2	4	22
0	7	91
0	3	31
0	11	91
0	21	90
4	8	23
5	10	26
6	10	30
3	7	23
4	9	30
4	7	23
4	7	22
0	2	21
0	9	90
1	18	91
0	3	90
4	4	22
5	8	25
3	5	21
1	4	22
4	8	25
7	12	31
0	10	91
0	11	90
0	16	91
0	11	90
6	7	32
2	5	22
7	10	31
3	5	21
0	5	91
0	4	76
0	11	90
0	10	91
0	7	59
1	10	90
10	12	33
0	3	21
0	7	91
4	7	23
4	4	23
2	4	22
2	3	20
3	3	21
2	6	21
6	9	26
11	17	39
2	5	20
4	6	23
3	6	22
3	6	22
2	6	22
2	5	20
0	20	91
0	24	91
5	8	22
3	6	22
0	16	90
0	15	91
3	7	23
2	5	21
1	17	91
0	9	90
0	10	90
5	9	24
4	10	25
4	5	22
0	14	90
6	10	26
5	9	25
4	9	26
4	11	25
7	12	30
5	12	27
7	12	33
6	14	31
6	14	30
3	6	21
4	9	25
3	9	23
5	9	25
5	12	26
5	10	27
4	8	25
5	11	26
6	10	31
6	13	33
4	8	28
4	7	27
6	16	31
0	9	91
0	9	89
0	10	90
3	6	22
3	5	22
0	12	91
3	6	21
5	10	30
5	7	26
5	12	27
8	24	91
3	8	28
6	15	34
4	9	27
6	14	30
8	12	31
5	12	28
6	11	32
3	9	27
4	10	25
1	5	23
2	7	21
10	10	32
10	9	30
4	7	23
3	7	23
5	9	26
3	9	25
9	9	29
9	9	34
7	8	31
7	7	31
8	6	30
5	5	24
3	6	21
0	24	89
4	8	25
1	2	65
0	2	65
3	7	22
5	7	24
2	6	22
10	15	36
5	14	32
7	14	34
5	9	26
7	12	33
5	9	23
2	7	24
4	7	23
4	8	23
5	10	26
3	7	23
7	10	32
8	10	27
1	5	21
5	8	27
6	7	27
7	8	25
6	10	26
6	8	25
0	4	91
0	9	90
8	12	33
5	10	30
4	8	28
2	7	22
2	7	22
6	8	26
0	17	90
0	4	91
0	8	91
4	8	23
4	6	23
0	6	91
0	-1	90
0	9	91
1	12	91
0	12	91
0	8	90
5	8	31
0	12	91
0	8	90
0	8	91
5	8	25
2	5	23
8	15	34
3	7	22
4	8	24
6	7	25
2	4	22
1	-1	56
5	8	23
0	3	20
6	6	26
8	9	30
3	8	23
0	2	20
0	14	91
0	14	91
5	10	24
4	12	30
5	8	24
2	7	20
3	7	24
3	5	21
1	6	21
2	6	22
5	9	25
0	10	90
4	28	91
3	7	23
0	10	91
0	14	90
1	26	91
2	27	91
1	28	91
2	28	91
3	5	23
2	4	21
5	7	24
2	7	21
1	6	20
12	10	36
13	10	37
10	9	35
13	12	40
8	9	26
2	5	22
2	5	22
4	6	26
0	8	90
0	11	90
2	11	30
0	10	90
0	11	90
0	7	90
1	12	91
5	8	25
4	8	26
5	10	26
3	9	24
2	7	24
3	6	24
2	3	22
6	8	25
2	4	20
5	8	24
5	10	26
5	11	30
2	7	24
3	8	23
4	7	24
3	8	25
0	13	91
4	7	24
0	9	91
0	4	54
6	11	32
0	14	91
0	14	90
5	8	25
5	8	25
5	7	26
7	11	32
3	6	22
3	5	23
1	5	23
0	7	91
0	9	89
0	1	27
0	4	22
0	4	20
0	8	70
0	-1	90
4	7	23
4	7	21
4	7	23
3	6	23
6	7	30
4	6	24
4	7	23
3	8	23
3	8	23
5	8	24
5	10	30
7	10	33
1	-1	91
0	-1	91
0	4	20
3	12	30
4	9	25
3	10	24
4	9	23
3	8	22
5	8	26
7	10	25
6	12	31
4	7	22
4	6	22
2	6	21
5	5	25
2	6	21
3	4	22
7	9	31
1	3	23
0	4	22
0	4	21
1	3	20
3	4	22
1	5	22
2	6	20
0	8	91
0	9	91
7	10	27
5	7	30
5	12	30
4	15	31
5	10	30
3	6	24
10	12	30
9	12	30
6	6	27
5	5	26
4	10	25
6	4	26
6	5	27
6	4	25
8	5	27
9	7	36
6	4	25
3	3	23
3	6	24
0	13	90
2	5	25
0	9	90
0	14	91
0	6	90
6	11	27
8	9	27
14	17	50
14	15	45
11	11	36
13	15	48
12	14	45
10	12	36
1	10	90
7	10	26
2	6	22
3	7	21
5	9	28
8	10	33
7	9	26
0	-1	91
0	23	90
5	14	31
3	7	23
6	9	27
8	9	29
5	8	28
4	8	22
5	9	28
4	8	26
0	8	90
2	6	21
4	7	24
4	6	23
5	6	22
7	11	29
2	9	25
5	12	31
1	7	21
2	4	23
3	6	25
2	4	22
3	5	23
3	5	25
5	6	28
4	6	24
2	5	21
4	6	22
4	5	22
8	11	29
3	7	23
0	5	90
2	5	21
1	6	22
1	4	87
3	6	21
1	4	20
4	7	24
1	5	21
3	7	22
3	6	25
5	8	25
3	4	20
4	6	22
5	8	24
1	5	21
2	4	21
4	6	23
1	4	21
7	10	30
5	10	28
0	8	91
7	8	25
5	8	27
5	6	25
3	3	21
5	11	31
5	9	33
7	11	30
6	11	27
8	10	26
0	10	91
0	10	91
1	3	20
4	9	25
5	6	25
3	8	23
1	6	22
3	10	22
4	7	22
0	10	90
0	8	91
0	8	91
3	7	24
3	7	24
3	7	23
4	9	27
3	6	21
0	11	88
1	14	88
2	5	22
2	8	22
7	10	31
6	8	27
7	9	28
4	7	27
0	8	90
1	22	91
0	12	90
0	12	91
0	11	89
0	17	90
0	11	89
0	8	59
2	5	23
2	5	23
5	35	91
0	9	91
3	6	21
0	6	90
0	7	91
0	10	90
1	13	90
2	7	21
6	20	74
0	7	90
0	10	91
2	5	23
0	8	90
0	5	91
0	16	90
3	9	22
0	12	90
0	11	89
10	15	30
6	9	25
0	8	86
3	6	24
7	14	31
10	12	35
3	6	23
2	6	24
4	6	23
7	10	33
0	2	90
7	13	28
7	11	26
1	4	22
5	9	23
3	4	24
2	7	23
4	9	26
8	13	31
0	6	91
4	10	24
1	4	20
4	8	30
1	13	90
0	11	63
1	3	26
4	6	23
7	12	28
3	3	21
3	8	25
6	7	24
5	10	25
4	7	24
4	6	23
1	3	21
0	7	90
0	6	90
6	8	25
6	11	30
0	15	91
0	15	91
0	12	91
2	7	21
5	10	28
3	4	25
3	4	25
3	4	23
5	5	26
4	4	25
8	7	30
3	6	25
4	8	31
7	8	25
6	8	28
5	10	28
5	8	27
5	8	31
5	10	30
7	8	26
7	9	27
3	5	20
3	7	22
0	13	91
0	8	91
6	9	24
0	12	91
0	16	90
4	7	23
0	5	22
1	4	21
2	5	21
4	5	23
4	5	25
5	5	25
1	4	21
2	7	23
2	6	21
3	7	25
4	8	24
4	5	23
4	4	22
4	5	22
8	12	30
2	5	22
2	5	21
2	7	20
2	6	22
0	9	68
5	7	25
10	11	33
3	6	22
6	8	27
2	6	21
3	10	30
7	6	32
8	9	29
9	10	34
3	5	23
2	6	22
7	9	30
6	8	30
4	13	31
3	5	22
0	5	22
0	4	52
10	12	33
7	9	24
5	6	28
3	5	21
2	34	90
8	12	29
2	7	21
5	8	27
5	7	26
5	25	90
5	6	24
4	7	24
0	10	91
4	9	31
2	11	90
3	7	21
3	6	21
4	7	23
1	5	20
5	10	26
2	6	20
1	4	22
2	6	22
5	9	26
1	5	20
2	3	21
2	3	20
1	5	21
0	9	91
6	9	28
8	10	34
7	9	31
4	7	23
8	11	30
7	11	28
7	10	29
7	10	30
5	13	28
5	11	27
2	10	22
3	8	23
7	9	25
3	6	22
0	9	90
0	12	91
3	6	22
6	5	23
5	7	23
3	10	25
4	6	24
2	6	22
6	10	25
5	7	23
0	16	90
6	9	31
0	5	20
7	10	27
6	8	22
0	8	91
0	12	90
0	8	91
4	4	22
2	4	22
0	10	91
0	9	91
4	7	22
4	9	25
2	8	21
6	10	32
2	5	21
1	6	22
9	12	34
5	10	26
5	9	25
0	12	91
0	11	91
2	6	22
0	4	22
3	4	21
3	6	25
4	7	24
5	10	31
1	6	23
4	7	20
0	5	91
5	7	27
2	4	23
3	7	25
7	10	30
2	2	22
0	23	88
3	4	25
2	7	23
5	7	31
2	5	21
8	9	32
0	8	90
0	7	91
9	11	32
1	2	21
0	11	91
2	6	20
2	3	23
0	2	21
0	1	21
0	9	91
3	6	22
3	6	22
7	13	31
1	5	20
1	12	89
6	7	23
0	12	61
4	7	23
4	8	27
0	3	21
1	6	90
5	13	91
4	6	27
4	6	26
5	7	30
4	5	24
8	8	30
3	7	24
3	7	24
9	11	29
3	6	22
5	9	31
4	6	22
3	9	26
1	2	25
5	8	24
2	10	24
5	8	26
3	7	24
4	8	26
4	8	26
5	8	26
6	9	27
5	9	27
9	13	33
4	12	35
3	7	23
8	10	28
5	7	24
4	12	30
7	9	32
3	8	22
6	10	31
0	7	91
3	7	21
5	7	23
3	10	21
0	29	73
4	9	27
5	8	23
2	5	20
2	5	21
6	9	34
3	8	22
10	12	29
4	8	24
2	7	20
4	11	26
2	6	22
2	5	22
5	10	28
2	9	22
1	5	20
1	5	20
2	11	24
5	14	32
6	12	30
2	5	21
4	8	26
5	8	24
7	17	35
7	15	34
5	15	31
4	10	27
4	8	27
6	9	26
2	8	21
3	7	21
4	7	25
5	7	24
6	11	30
6	11	30
7	13	33
5	11	30
5	11	30
4	7	22
4	7	21
6	11	29
0	7	90
1	10	25
8	10	28
5	11	31
5	9	27
7	11	32
0	2	21
3	8	21
2	5	21
7	12	31
1	23	91
7	12	31
6	8	30
3	8	21
2	6	23
2	6	22
5	7	23
7	9	24
5	10	27
4	8	25
0	-1	90
0	18	91
4	8	22
5	7	24
7	10	26
9	12	33
5	11	27
5	10	26
8	10	27
2	8	21
2	7	22
4	7	22
8	7	27
7	11	25
0	10	91
3	9	24
5	12	26
1	3	21
3	6	22
0	3	23
9	14	32
7	10	28
8	12	29
4	7	25
6	12	31
2	7	22
4	8	30
3	7	22
3	7	21
0	8	88
0	10	91
7	10	28
0	23	90
9	10	36
6	8	25
2	4	21
0	9	91
8	11	31
2	6	23
6	8	24
2	7	23
1	24	91
2	8	91
2	4	24
6	8	24
5	8	26
5	6	23
4	7	23
7	13	31
5	12	27
1	6	21
2	5	23
9	10	27
3	5	24
9	11	32
9	12	34
10	12	30
8	12	33
7	14	34
9	11	31
7	8	28
8	11	35
7	7	26
6	9	30
2	6	21
2	7	20
9	10	30
8	8	28
7	12	30
2	4	24
5	5	25
4	6	23
4	5	23
9	10	32
5	11	25
4	9	23
4	15	32
5	10	31
6	15	30
6	11	26
5	9	26
5	10	25
4	10	24
4	9	25
6	9	26
5	7	24
10	13	36
10	11	30
10	12	32
3	7	22
8	11	30
4	7	21
4	7	27
3	7	26
5	8	25
4	6	23
1	17	90
0	7	91
10	13	35
4	9	27
10	13	35
4	8	26
1	7	91
1	6	21
3	11	25
2	9	22
3	7	23
3	6	23
8	8	25
3	5	22
4	6	26
4	7	26
6	9	29
7	8	32
4	8	29
4	6	27
7	9	28
5	7	25
3	8	25
9	10	29
7	9	30
2	4	22
3	5	20
4	9	25
3	8	26
0	14	90
5	7	27
5	8	26
4	8	25
0	12	77
0	13	77
2	6	22
5	11	24
8	12	29
9	10	30
8	10	29
4	6	24
1	5	20
3	7	22
6	9	25
8	11	29
10	11	34
6	10	30
7	9	34
0	11	91
0	8	91
4	9	28
5	9	26
4	8	25
6	9	25
2	5	20
2	3	20
2	6	22
3	5	24
2	5	21
0	9	90
3	6	23
0	10	91
0	9	89
5	8	22
6	8	26
6	7	25
5	7	24
0	4	20
2	4	22
1	4	23
1	4	21
5	9	26
6	8	26
6	7	26
5	8	24
3	6	21
6	9	30
4	8	26
6	10	28
5	9	24
5	9	30
3	6	22
2	5	22
2	3	21
0	11	91
1	9	90
6	12	30
2	7	21
4	8	24
3	6	23
4	5	23
1	11	90
0	11	90
0	11	91
6	9	31
6	9	33
4	9	32
8	9	26
2	5	22
5	8	27
6	8	26
6	9	28
7	10	26
4	6	23
5	7	23
4	7	24
0	3	20
0	-1	91
0	9	90
0	5	91
0	14	90
8	10	33
11	15	37
11	12	33
5	7	24
5	14	31
4	11	26
4	6	21
10	10	35
8	10	31
0	11	90
0	9	91
3	9	25
2	5	21
3	5	22
2	5	22
2	5	21
9	7	27
5	14	29
0	19	89
9	12	30
13	17	42
12	16	40
10	16	38
9	15	37
6	8	26
6	7	24
2	6	23
5	12	30
3	7	23
6	8	27
5	8	24
5	8	23
6	11	27
4	11	27
5	7	25
0	12	90
0	13	91
2	6	21
3	7	21
2	9	23
4	9	30
4	6	23
8	10	34
5	8	24
4	7	23
4	8	22
2	6	23
1	9	70
5	8	24
4	10	26
0	8	90
3	6	24
2	8	24
2	6	21
2	6	22
4	8	25
3	7	24
5	9	27
3	7	23
2	3	20
3	6	22
0	7	90
0	-1	91
1	13	91
0	6	90
6	6	25
6	13	31
5	10	27
6	7	24
5	9	26
5	9	26
6	7	24
1	6	20
2	6	25
4	7	25
2	6	23
5	7	25
6	8	32
0	10	91
0	13	90
0	11	90
0	13	90
0	8	90
2	8	22
6	11	30
2	10	88
8	13	33
3	8	24
5	9	25
4	9	26
4	9	25
3	11	28
4	9	24
4	7	26
3	10	22
4	8	24
3	9	24
6	8	25
4	5	24
5	5	25
0	23	90
8	35	91
3	6	21
3	7	22
4	8	23
0	11	89
0	8	90
5	7	25
29	29	90
4	8	24
7	7	26
7	6	25
2	2	21
3	9	23
6	9	26
9	12	32
6	12	32
7	12	33
5	12	33
7	10	28
0	7	91
0	7	89
2	6	22
2	7	21
4	12	27
3	7	23
5	8	26
5	8	25
5	8	25
0	3	22
0	2	20
1	4	23
10	14	39
5	7	23
2	7	24
0	8	90
3	6	23
8	12	30
1	20	90
1	4	22
0	11	91
3	6	23
5	11	31
6	9	30
0	6	90
0	6	91
5	6	26
1	6	20
0	3	21
5	11	26
3	6	26
5	7	30
2	5	23
4	5	24
4	7	25
6	8	30
4	6	25
4	8	25
4	5	25
3	7	25
3	6	23
3	7	25
2	6	23
2	5	22
2	6	21
3	7	21
3	7	21
2	7	21
1	2	20
1	2	21
0	7	90
1	5	23
6	8	25
0	14	89
5	6	31
5	7	26
2	-1	90
0	8	91
5	9	25
2	6	22
0	17	69
5	8	23
3	7	23
1	7	22
0	5	91
4	8	25
8	13	31
0	3	21
3	7	23
2	7	23
3	5	22
5	7	23
1	7	90
0	11	90
0	16	91
2	6	20
3	5	31
1	5	22
1	6	23
8	16	31
6	11	26
4	7	23
2	3	23
2	7	26
3	9	22
5	12	25
1	6	20
4	8	23
2	5	20
1	2	22
1	6	22
2	3	22
0	2	21
0	2	20
4	8	24
6	9	26
6	8	30
8	13	30
4	8	22
4	10	28
4	10	25
5	11	32
5	10	28
4	9	25
8	12	28
7	10	25
9	12	29
6	10	24
6	9	24
4	13	26
3	8	26
0	11	91
0	6	91
1	2	29
6	8	31
2	8	22
2	5	24
3	7	22
6	7	22
2	6	21
4	7	25
8	12	32
10	11	30
7	10	28
8	10	28
6	10	26
6	10	27
8	11	27
5	8	22
4	6	22
4	7	22
5	8	25
8	10	32
4	8	24
0	8	90
7	10	32
8	13	32
1	5	21
2	7	20
2	7	22
6	10	25
2	7	20
0	11	90
3	7	22
3	7	23
4	10	23
5	8	23
6	10	29
4	9	27
6	9	26
4	9	26
6	9	26
5	10	26
4	8	25
3	7	24
3	7	23
3	7	22
5	9	26
6	12	30
5	8	22
5	9	23
4	8	22
6	5	24
1	6	20
2	5	22
4	6	23
4	7	24
3	7	23
8	11	31
5	6	22
4	9	26
10	13	35
2	5	21
0	8	90
10	14	34
11	12	34
8	15	32
9	11	30
9	11	31
10	12	30
9	13	33
10	12	31
8	12	31
8	12	30
9	12	30
2	7	22
0	6	90
0	8	90
2	7	24
5	7	24
4	7	24
2	8	23
2	5	24
2	3	22
2	4	21
2	5	21
2	5	20
7	11	29
8	9	27
8	8	26
4	8	23
0	9	91
0	11	91
2	4	22
0	17	90
0	11	91
8	10	26
5	9	31
6	10	26
9	11	28
5	6	23
4	7	27
0	13	91
1	4	22
7	8	28
7	7	25
3	5	23
0	8	90
0	19	91
6	6	24
1	4	23
0	0	22
1	3	23
3	4	20
4	6	22
7	7	31
0	30	90
0	29	90
6	10	32
1	2	21
1	3	24
1	2	20
1	8	21
4	-1	91
4	10	24
3	6	23
0	8	90
1	-1	91
7	9	27
2	3	21
5	8	26
4	8	25
2	7	23
6	7	24
2	6	21
5	9	27
1	3	23
8	11	34
5	7	24
5	9	26
0	10	91
2	7	24
3	8	22
3	7	21
3	6	22
3	6	21
2	5	20
7	9	32
6	16	34
6	7	25
8	10	32
10	12	33
6	8	24
7	12	31
5	8	25
3	8	24
3	8	23
2	7	24
2	7	23
3	6	21
2	5	22
1	6	22
3	5	21
2	4	22
2	4	24
3	6	22
4	8	22
2	2	23
7	12	30
6	8	25
2	6	25
4	6	22
1	4	20
4	7	21
1	25	90
4	5	21
0	6	21
0	11	90
0	10	91
3	7	22
14	15	91
3	6	24
3	5	23
1	7	21
8	16	32
10	15	33
9	15	33
1	4	21
1	4	20
0	13	91
0	11	90
6	9	24
6	7	27
4	9	26
3	7	23
3	8	22
7	10	30
8	13	37
6	11	27
6	10	26
9	13	32
3	5	22
0	10	89
0	9	90
5	10	31
4	6	22
11	15	36
11	16	34
8	9	31
0	5	50
6	11	27
5	8	29
2	4	21
1	5	23
0	10	90
0	10	91
2	8	25
5	9	25
6	8	24
0	12	90
0	2	21
1	4	21
7	8	32
6	8	32
4	7	23
2	6	22
4	9	25
3	9	24
2	3	23
2	2	22
1	7	89
1	9	90
3	8	24
3	8	25
3	8	23
2	6	21
2	6	22
5	7	24
7	9	23
2	7	20
2	9	21
1	3	20
4	9	26
1	5	22
5	9	29
3	8	23
3	3	23
5	6	22
3	5	21
4	6	21
4	6	21
5	7	25
4	8	26
11	18	40
4	8	24
2	4	20
1	1	22
2	8	21
5	7	22
8	10	33
9	10	30
8	12	35
10	12	35
10	12	37
10	9	32
9	12	35
8	12	34
7	8	28
7	8	27
7	12	35
5	10	32
4	5	24
7	12	36
8	9	35
6	9	31
5	8	26
5	8	27
5	8	23
4	9	24
3	9	23
4	8	23
4	9	27
3	8	21
3	8	22
4	9	24
3	9	25
5	8	23
4	7	22
5	10	32
6	7	25
1	4	21
1	4	21
1	3	20
4	8	23
2	5	22
2	5	21
7	15	30
8	7	31
3	6	22
2	5	23
1	5	22
2	6	24
0	9	90
0	10	91
1	5	21
10	26	88
6	8	26
3	7	24
3	4	22
3	8	22
3	8	21
7	12	25
2	5	21
2	4	21
0	7	91
2	4	21
7	13	31
5	9	26
0	11	90
4	8	22
5	7	24
4	12	30
4	7	25
8	11	31
8	10	28
6	9	27
8	8	26
6	9	25
1	5	22
1	13	90
6	13	35
3	8	23
1	6	22
1	5	21
4	7	25
3	5	22
0	3	90
0	12	91
0	8	91
0	5	91
0	9	91
1	2	21
1	2	22
6	8	24
3	7	22
11	14	41
10	10	36
4	12	30
4	8	26
4	7	26
4	8	25
5	8	25
4	7	24
7	15	31
4	12	26
2	4	20
0	3	21
7	10	30
2	5	21
3	8	22
1	4	21
5	7	25
3	8	26
4	11	30
3	9	22
6	10	37
4	10	28
5	9	29
5	10	30
7	11	35
8	10	34
5	11	28
6	9	30
5	10	28
12	17	44
17	22	57
12	16	40
12	16	40
2	4	22
6	8	24
6	10	28
2	5	22
2	8	21
3	7	23
4	6	22
1	4	23
0	4	22
5	9	25
3	7	22
4	7	21
5	8	25
6	11	32
4	6	23
5	36	90
3	7	24
5	7	24
4	6	23
3	6	21
7	11	33
3	8	22
4	6	21
3	9	24
5	9	25
5	9	26
10	14	32
9	12	30
9	13	31
10	15	33
9	11	29
1	3	20
7	11	30
8	12	29
0	12	90
0	12	91
3	8	22
2	10	24
4	9	24
9	10	33
2	7	23
1	8	21
2	7	22
3	8	22
5	8	25
3	7	21
0	12	91
0	12	90
1	3	21
6	12	30
2	5	23
0	6	91
3	6	23
3	8	22
2	7	20
0	8	90
4	11	28
6	10	27
0	10	91
0	10	90
0	10	90
0	12	90
7	12	31
2	4	20
1	11	90
0	2	25
0	2	26
0	2	23
0	2	20
0	11	86
4	5	22
4	5	25
6	10	30
7	8	33
6	9	33
2	6	22
1	14	90
0	6	91
2	6	21
2	8	23
4	9	24
3	9	25
3	8	25
5	9	26
3	9	25
3	8	24
3	7	24
4	4	23
2	4	21
0	3	21
4	8	22
4	13	32
0	5	25
6	8	25
1	5	21
0	10	91
0	13	90
3	5	23
6	9	29
5	10	28
6	9	27
7	15	35
5	12	27
8	12	31
4	13	30
5	9	25
5	10	26
3	10	25
5	10	25
5	11	25
5	12	25
4	9	24
3	9	22
5	11	30
6	12	31
6	9	28
6	12	30
6	13	31
2	6	22
4	9	26
0	9	90
0	14	91
5	8	29
4	8	24
0	24	91
6	8	24
2	6	23
3	6	23
7	9	25
5	7	26
5	8	28
4	11	25
2	7	21
2	9	22
4	15	30
3	7	20
2	4	21
3	7	24
9	12	32
2	7	23
2	7	20
3	8	21
9	12	37
8	10	26
6	9	24
2	6	21
4	7	23
4	5	24
2	4	21
3	5	22
2	4	22
3	8	23
4	10	30
15	17	40
1	3	20
3	6	22
4	5	30
0	3	22
0	4	23
2	7	23
4	10	34
6	8	31
2	6	25
5	8	27
4	8	26
3	7	24
1	3	22
1	3	21
6	9	28
7	9	28
6	9	27
5	8	24
2	7	21
3	6	22
6	9	30
3	6	22
4	6	22
4	7	24
3	8	23
2	8	23
3	7	24
3	6	24
3	7	25
4	6	23
4	6	24
3	6	25
3	6	21
0	14	91
3	4	21
3	7	21
4	6	22
1	-1	90
3	6	21
8	10	31
8	11	31
7	9	27
3	5	21
3	8	22
3	4	24
2	6	22
4	5	20
0	16	91
0	15	91
3	6	21
7	10	31
2	7	22
0	13	91
0	15	91
3	4	23
3	6	23
3	8	23
4	9	25
2	9	24
6	9	30
0	2	47
2	6	21
3	6	21
3	8	23
1	8	22
4	7	22
3	5	24
3	4	23
3	4	22
5	7	27
6	7	26
2	6	21
3	7	23
3	7	24
4	8	24
4	7	24
5	9	24
4	10	25
2	5	21
9	13	32
2	9	21
4	5	23
3	9	23
3	9	22
8	9	31
0	9	91
0	14	91
2	9	23
0	7	89
0	-1	91
7	11	29
0	5	21
3	6	22
2	6	21
2	6	22
2	5	21
3	8	23
4	8	26
0	6	60
0	3	55
0	2	57
2	3	20
3	5	22
1	6	22
2	5	21
2	4	20
10	15	40
7	10	30
2	5	22
2	5	22
3	6	22
2	4	21
4	5	22
4	7	23
6	11	32
9	10	28
2	6	23
2	6	21
2	6	22
5	8	20
8	11	30
5	7	25
8	12	32
8	13	30
6	12	30
3	5	21
4	6	25
5	9	27
5	3	26
1	5	22
1	4	21
6	9	26
4	7	23
4	8	23
7	10	32
4	7	25
3	7	24
3	6	22
3	6	23
5	8	25
7	11	28
5	9	26
4	9	26
5	10	27
4	8	26
3	8	24
3	6	22
1	6	21
3	7	21
2	4	21
1	4	21
2	4	20
3	9	22
6	8	25
4	6	22
4	5	25
4	7	23
2	5	21
2	6	21
6	7	26
3	6	23
2	6	20
3	7	22
3	8	23
1	7	22
2	5	20
3	5	21
2	6	20
0	3	21
0	13	91
0	10	91
4	6	24
6	11	30
0	9	91
1	9	91
1	6	23
1	5	22
6	14	32
8	8	28
1	11	90
3	7	25
6	7	25
6	11	25
10	11	30
3	6	22
3	6	21
6	7	25
6	11	27
1	6	23
2	6	21
3	8	23
2	8	23
3	7	22
3	7	22
4	8	28
3	6	23
2	7	23
3	5	23
4	8	24
6	7	22
8	14	33
3	5	23
3	6	23
5	10	30
3	5	22
5	8	26
4	8	24
4	7	23
10	10	32
8	13	32
5	6	20
7	7	25
4	7	30
5	6	23
5	14	90
3	12	89
1	4	20
1	5	20
5	8	25
2	6	21
5	10	26
2	6	22
4	7	24
3	9	25
10	10	31
5	8	25
8	10	27
6	8	25
2	7	22
2	5	20
6	12	27
0	5	90
3	4	23
0	17	90
0	17	88
4	6	23
3	7	23
4	8	24
5	13	35
6	11	31
5	13	30
0	5	20
0	4	90
2	8	23
1	6	21
1	5	20
4	7	30
6	12	28
3	8	25
6	8	23
1	10	90
0	9	90
6	8	26
9	12	29
6	8	25
6	8	26
1	3	22
2	6	22
3	6	25
3	7	25
4	6	24
3	6	23
5	5	23
5	7	26
5	11	22
6	10	29
5	11	31
4	8	24
6	9	27
8	13	29
4	9	24
3	5	21
1	11	91
7	12	30
10	13	36
3	8	23
2	5	22
6	6	29
5	9	27
0	8	90
2	6	22
0	10	90
0	14	90
0	8	91
3	4	24
6	12	31
9	10	31
6	8	27
0	-1	89
2	16	90
2	6	21
2	7	23
6	10	31
0	5	23
1	4	22
3	7	23
2	7	22
1	3	28
2	6	22
1	3	21
9	11	29
3	7	23
3	7	22
3	5	21
0	18	91
0	10	91
3	-1	90
1	8	90
0	7	91
1	5	21
3	6	22
8	13	34
7	10	29
3	7	22
1	4	91
10	9	32
6	12	31
4	8	24
6	12	36
5	11	31
5	9	26
4	8	25
3	5	22
0	16	91
6	12	34
6	6	26
6	10	26
0	9	88
0	8	91
3	6	22
4	6	26
4	8	22
3	5	21
10	13	35
3	6	25
4	13	31
3	7	22
3	6	25
2	6	23
3	6	24
3	5	22
1	4	22
3	8	23
3	7	22
3	7	21
3	8	26
5	8	27
4	7	24
3	6	23
3	6	23
5	10	32
3	7	23
4	7	23
4	7	22
4	6	23
3	6	23
7	13	31
2	9	22
7	13	30
2	6	23
2	6	22
4	8	23
5	7	26
0	18	91
0	8	90
14	13	41
8	8	30
9	13	28
6	8	27
4	7	23
1	2	20
5	8	23
8	8	25
4	8	25
3	7	25
4	9	26
5	8	24
5	9	31
3	8	27
2	5	21
3	6	22
3	6	24
3	7	24
3	7	23
5	7	23
10	16	44
0	9	90
5	6	23
6	10	25
8	12	31
8	9	28
6	5	25
0	10	91
0	6	90
3	6	22
9	10	33
8	11	34
3	6	22
3	8	23
4	8	24
5	7	25
4	4	25
2	8	22
3	5	20
6	7	24
7	9	27
6	12	28
4	6	22
7	11	30
3	6	22
5	8	23
0	8	91
0	5	24
1	3	21
4	9	25
3	6	21
2	5	20
7	12	27
7	13	28
6	10	27
6	10	32
6	9	31
2	5	21
2	6	21
4	7	22
2	6	23
4	10	25
1	12	89
3	4	26
3	8	23
3	4	23
2	4	24
0	2	21
5	6	26
5	8	30
3	6	23
3	6	22
0	7	91
0	10	91
1	6	22
3	6	21
3	7	22
4	9	24
3	8	24
3	9	25
0	5	20
4	6	22
7	8	26
7	9	27
6	8	26
3	7	22
5	11	27
10	30	91
8	11	29
5	7	24
3	7	23
4	8	22
2	8	22
8	35	90
6	10	31
3	6	22
3	7	23
7	11	28
6	12	27
6	10	31
3	13	32
4	7	24
3	10	24
2	7	21
7	10	27
4	5	21
6	6	23
4	6	23
10	13	35
5	5	23
6	8	27
0	9	90
0	7	91
2	6	22
6	10	24
4	8	23
1	5	25
8	14	32
3	6	24
1	5	21
9	9	29
9	8	32
5	7	22
3	7	22
2	7	20
0	10	90
0	10	90
5	9	24
5	11	30
1	4	20
1	4	21
4	6	25
6	10	25
3	7	23
3	6	22
2	5	21
0	7	90
0	5	91
5	9	30
4	7	24
0	4	90
0	1	87
4	11	31
3	6	21
3	6	21
7	12	26
6	7	27
3	6	21
5	7	30
6	8	25
0	15	91
0	10	90
4	6	22
2	7	23
4	8	24
3	6	24
6	11	26
5	8	25
0	9	91
9	8	32
3	7	23
3	8	23
3	10	24
3	8	26
2	5	22
5	11	31
8	10	29
5	7	23
0	2	91
0	7	91
1	7	23
3	4	21
3	5	21
4	6	23
0	12	90
0	6	91
3	7	24
0	3	22
1	3	21
3	8	25
2	8	20
6	7	25
3	7	30
1	4	23
0	4	24
0	2	22
2	5	23
7	12	30
0	11	90
4	5	25
2	5	21
3	6	23
3	7	22
0	13	90
0	11	91
2	5	21
4	6	24
2	5	23
3	6	21
2	7	22
0	11	91
0	13	91
5	8	25
6	9	24
2	5	22
2	4	21
0	8	91
0	5	90
3	4	24
0	22	90
7	10	30
8	9	28
2	5	22
5	6	26
6	7	25
1	6	20
4	6	24
0	11	91
0	11	91
3	8	22
8	9	27
8	12	29
0	8	91
0	3	22
0	3	21
2	5	21
4	8	24
0	12	91
0	12	91
7	7	26
7	9	28
7	9	27
2	8	22
3	6	23
0	-1	90
3	9	24
2	5	21
4	7	25
3	7	25
3	7	23
4	8	23
5	9	30
7	13	33
5	8	23
4	6	21
5	5	24
5	6	25
3	9	22
4	9	27
3	7	23
4	8	23
6	11	30
3	6	26
4	6	25
4	8	22
8	13	36
4	11	31
1	7	20
6	9	27
2	7	22
3	7	21
0	6	91
10	11	33
9	11	32
7	12	31
6	7	26
2	5	23
0	6	89
0	11	91
3	9	25
5	10	25
9	11	30
3	6	22
3	5	20
2	4	20
0	10	91
0	10	90
6	8	24
4	7	22
6	10	30
4	6	24
6	9	28
1	4	23
3	6	22
0	5	21
2	6	22
2	4	20
5	7	23
0	7	91
0	11	90
2	8	21
8	13	32
3	6	20
10	11	34
4	8	23
4	9	24
3	10	24
10	-1	91
9	10	33
7	34	91
5	8	26
6	10	26
7	10	26
6	9	27
3	5	24
4	6	23
4	4	23
0	15	91
0	5	91
2	7	22
2	5	20
6	7	22
6	11	28
3	7	24
2	6	22
4	12	26
4	10	25
2	11	26
3	5	24
2	6	21
2	6	21
3	5	20
7	11	29
5	9	24
3	7	23
7	12	30
0	11	90
0	9	88
0	7	90
0	7	91
3	8	23
6	10	25
2	8	25
3	8	23
3	7	25
1	8	23
7	11	30
0	3	20
3	11	28
5	3	23
3	5	26
4	5	28
3	4	26
4	4	26
3	7	26
3	6	23
4	7	22
4	7	24
5	7	25
7	10	31
6	10	32
8	11	31
5	9	27
2	7	22
8	13	30
2	8	21
2	7	20
2	6	22
5	8	25
0	10	91
5	12	33
2	7	22
2	6	25
4	5	23
3	5	21
2	8	23
5	9	25
4	6	22
5	9	25
2	5	20
1	7	22
3	6	24
2	6	24
6	10	27
5	9	26
5	9	25
6	9	26
3	8	23
5	8	27
0	2	25
3	7	22
3	6	21
5	9	23
5	7	24
2	7	20
3	8	24
0	9	91
3	7	20
3	8	25
6	13	32
3	7	23
3	7	22
4	5	21
3	6	23
0	8	89
0	11	90
0	11	90
3	7	21
0	9	66
0	2	90
2	7	22
3	8	24
3	9	23
3	7	23
0	17	91
0	17	90
0	12	91
0	14	90
0	18	90
4	6	22
0	4	91
4	11	25
1	4	21
4	8	22
4	8	23
9	10	32
6	8	25
1	4	21
4	6	23
4	7	25
4	8	24
6	8	26
5	10	25
4	8	28
4	8	25
5	8	26
4	9	27
2	7	22
4	6	24
4	7	25
2	3	23
10	14	34
10	14	33
8	12	29
7	12	32
2	5	24
2	6	22
4	6	23
3	5	21
2	5	21
2	6	22
3	6	23
3	6	22
4	9	26
4	6	23
10	11	34
3	8	23
3	7	23
3	7	23
5	8	25
5	10	25
3	7	21
4	8	23
1	3	21
8	8	27
2	11	23
7	9	27
7	10	30
6	6	23
5	12	30
2	8	22
0	22	90
8	13	35
2	5	22
5	11	32
3	4	21
4	6	22
0	10	90
8	9	32
3	6	22
4	8	23
4	8	22
5	6	21
4	10	22
4	5	24
4	7	24
4	7	23
3	5	22
0	4	21
1	4	21
1	9	80
0	13	79
2	5	21
7	12	31
0	26	90
3	7	24
0	9	91
0	16	90
3	6	23
5	12	28
6	10	27
7	12	30
9	15	32
7	10	27
0	14	90
0	11	90
2	35	89
0	9	91
0	9	90
4	13	30
2	7	21
6	11	26
6	13	32
0	9	91
4	6	24
0	7	85
0	6	91
4	5	23
7	12	30
6	6	30
2	5	23
1	5	21
5	7	25
4	9	23
4	4	23
6	9	28
4	7	24
4	8	25
3	7	25
2	7	22
6	11	28
3	7	21
3	7	23
4	7	23
6	9	27
6	9	25
4	8	23
4	8	23
3	8	22
0	8	90
0	-1	90
0	3	21
0	13	91
0	7	91
0	5	21
0	11	90
2	6	20
6	8	25
0	13	91
0	13	90
4	5	22
7	12	31
4	10	29
6	6	24
8	11	31
2	5	23
6	9	26
9	8	32
2	6	22
2	5	21
2	5	21
0	10	91
6	8	26
7	10	28
4	8	23
6	7	25
11	12	36
4	7	22
0	6	67
0	7	67
3	7	22
4	5	22
0	2	90
10	11	31
4	8	23
4	5	24
1	5	20
0	7	90
0	12	90
7	9	28
0	5	91
2	7	21
6	13	31
0	3	21
0	6	23
0	7	25
1	3	22
11	12	33
2	6	21
8	13	29
5	9	28
4	5	22
6	7	25
5	7	24
5	10	26
5	8	23
2	5	21
6	9	32
4	6	22
0	5	21
3	7	23
3	6	22
2	10	24
3	5	22
5	7	25
6	8	31
7	9	31
4	7	25
9	9	28
3	7	26
5	8	23
4	7	24
2	6	22
0	16	91
0	9	88
6	13	28
5	9	28
1	5	22
0	7	91
0	9	91
2	7	21
7	12	30
4	8	24
2	6	22
2	7	24
2	7	23
2	6	22
17	49	90
0	13	90
4	9	26
0	9	75
6	10	29
3	6	20
3	8	25
3	6	24
0	12	90
0	12	91
0	17	91
2	4	20
3	9	22
9	12	29
5	8	28
2	3	21
3	8	23
4	10	27
3	10	25
5	8	24
3	7	24
3	9	24
1	6	22
4	6	22
4	8	24
0	3	21
3	10	26
0	3	21
0	10	86
0	6	91
2	5	23
0	8	90
0	8	91
5	7	25
3	5	22
4	7	23
3	5	22
3	6	23
5	7	24
3	5	23
5	7	24
1	10	26
0	7	91
0	-1	89
4	38	90
5	8	34
7	9	30
6	8	26
2	7	22
7	11	29
0	6	88
0	12	91
5	9	26
4	7	24
2	8	21
2	6	22
4	4	23
0	12	90
0	15	91
0	9	91
0	8	91
4	7	22
0	10	90
7	9	30
0	10	90
0	11	90
7	11	31
6	11	28
5	7	24
5	4	31
8	11	26
4	7	25
2	17	56
5	7	23
0	15	91
0	13	91
2	3	20
4	7	23
5	6	23
7	13	31
9	11	29
7	12	30
8	13	33
5	10	27
5	8	25
5	12	30
5	10	26
6	11	28
8	10	29
1	11	89
8	15	35
3	5	20
2	5	21
10	11	33
7	9	29
2	9	22
0	-1	90
3	6	22
7	13	27
8	9	31
4	9	22
4	8	21
2	5	20
6	11	27
4	7	21
0	12	91
0	12	91
5	9	32
0	3	21
1	6	20
0	12	90
3	7	23
1	8	21
5	10	26
7	10	31
4	7	23
4	7	24
6	10	24
2	4	21
0	11	90
4	8	23
10	14	32
7	11	25
0	3	90
0	5	91
7	13	31
1	8	21
3	7	21
8	11	31
0	13	91
4	5	22
0	14	91
0	15	90
5	10	25
7	10	31
0	10	91
7	11	31
7	12	33
7	8	26
2	4	23
4	7	23
0	13	90
2	6	23
0	4	21
0	8	91
6	11	30
6	12	30
3	7	22
2	3	20
1	4	26
1	2	22
1	2	22
1	2	21
8	9	28
7	10	26
2	9	25
3	4	21
1	1	20
1	2	21
7	10	26
2	4	22
4	5	22
2	6	23
3	7	23
3	6	23
7	11	27
0	16	91
8	10	29
0	8	91
3	8	24
3	8	23
4	7	22
3	9	24
4	7	22
5	7	22
7	14	32
4	7	24
1	6	23
1	5	20
3	21	86
4	9	35
4	8	24
4	7	23
4	7	25
3	7	24
2	6	22
2	6	21
0	8	91
0	8	91
6	13	32
3	8	21
2	4	23
3	4	21
7	10	33
2	4	21
2	6	20
2	4	20
10	12	32
7	7	24
6	11	27
4	6	21
23	23	75
3	5	24
4	10	23
1	4	20
0	13	90
1	7	47
8	11	34
6	11	30
5	9	26
0	7	90
0	4	91
7	8	25
0	5	23
4	6	25
2	6	20
3	6	23
6	13	30
5	14	28
5	14	28
5	11	31
7	14	35
9	15	34
5	9	29
4	12	32
5	11	27
5	9	26
7	14	34
5	10	27
6	13	33
5	11	30
0	10	90
0	11	91
0	5	20
6	7	26
3	6	22
3	6	22
6	7	25
6	9	26
4	7	23
4	7	21
4	6	21
3	8	25
4	10	29
3	8	24
2	7	22
1	5	27
4	6	23
4	6	23
3	7	21
6	10	27
6	10	28
0	11	90
0	9	91
2	7	23
0	10	90
0	9	89
5	6	21
4	7	24
0	-1	90
6	8	25
5	9	30
7	8	28
6	10	28
8	7	26
8	11	31
9	12	31
2	4	21
2	7	21
2	5	20
2	3	21
5	9	24
4	6	21
2	5	20
9	8	29
6	37	91
3	6	23
1	7	22
1	7	21
3	7	24
6	10	30
2	6	21
0	8	91
3	5	21
5	12	32
9	12	30
3	3	21
5	8	26
7	9	25
7	9	25
6	8	30
8	10	30
4	7	24
3	9	26
2	5	24
2	5	22
1	5	20
2	5	21
3	6	23
3	7	23
2	7	23
3	7	23
5	8	24
3	7	24
2	6	22
7	12	30
7	9	31
6	7	26
7	10	36
4	9	23
4	11	22
6	11	26
0	9	91
4	8	28
4	6	23
4	6	23
3	7	25
3	6	21
0	8	90
6	7	26
7	11	27
7	15	31
0	13	90
2	14	91
5	11	27
8	9	33
0	8	91
6	9	26
1	5	23
4	8	21
5	9	31
7	7	31
7	11	30
9	9	31
2	7	22
2	6	20
1	5	21
6	9	25
7	10	30
5	9	24
3	5	20
2	7	21
3	8	22
2	7	21
3	8	23
8	12	33
2	6	20
4	8	30
5	9	23
2	5	22
2	5	21
2	6	25
0	16	90
0	6	89
3	6	23
3	7	22
7	11	30
0	10	72
2	6	21
4	8	22
2	4	21
3	6	24
4	11	30
0	11	90
0	13	91
5	7	23
0	9	89
1	6	21
3	7	24
1	3	22
6	12	31
0	22	90
0	4	23
0	6	91
0	6	91
9	11	30
4	8	25
4	8	26
4	7	25
4	8	25
3	7	25
0	33	90
0	5	21
9	10	32
7	7	26
6	8	25
8	12	31
6	11	27
5	9	26
2	8	24
3	9	23
4	8	24
3	9	23
5	10	30
4	8	24
0	11	91
2	6	21
2	6	21
3	8	21
0	7	91
6	8	26
1	5	20
4	7	25
1	6	22
10	12	33
9	12	31
10	15	33
9	12	32
9	13	30
8	12	32
0	15	91
0	4	90
3	9	25
5	8	27
3	6	25
5	8	21
6	11	28
6	7	27
3	5	20
0	13	90
1	7	20
5	9	24
0	3	88
2	8	25
2	6	22
2	7	22
0	10	91
0	13	91
4	8	25
3	5	22
3	8	25
4	8	22
2	6	20
3	7	32
6	9	29
0	3	90
0	7	91
0	3	21
5	6	24
2	7	22
5	8	25
4	9	26
2	6	20
7	8	25
1	3	20
0	14	91
0	7	90
9	11	36
4	9	33
3	6	24
4	7	22
4	8	24
7	8	28
4	9	30
10	13	33
5	8	23
6	10	26
5	9	27
6	8	23
0	7	91
0	7	90
0	12	91
3	7	20
5	8	24
4	6	23
3	6	22
4	7	23
6	12	26
3	8	22
5	10	28
6	11	25
4	9	25
3	7	25
8	9	26
0	3	22
4	6	42
6	11	26
2	3	21
0	6	38
4	6	26
8	9	31
8	8	29
8	9	32
9	8	30
3	7	20
5	8	26
4	6	26
3	7	25
5	10	31
12	14	40
9	12	36
3	7	24
7	12	33
5	9	34
6	12	30
6	9	27
3	11	26
4	9	24
5	8	23
6	10	26
2	4	21
1	4	22
0	9	91
8	12	32
0	6	21
2	5	22
4	9	22
3	9	25
3	9	23
3	9	23
1	6	22
1	6	20
1	7	21
5	8	24
7	10	33
0	10	91
3	7	22
2	5	22
0	3	90
3	7	22
2	9	22
5	10	26
9	14	32
5	9	25
4	11	25
4	9	23
3	8	23
3	8	22
3	7	22
3	8	24
3	6	23
4	7	24
7	10	27
6	8	25
3	8	21
2	5	21
5	7	23
6	8	25
5	8	23
5	7	22
5	7	21
4	7	25
3	5	21
4	9	24
8	10	30
7	8	29
8	13	34
8	13	33
9	12	32
2	6	23
3	6	23
5	8	24
6	9	26
2	7	23
2	6	22
2	5	21
3	7	24
3	7	25
2	6	22
3	8	22
0	13	90
6	10	31
2	7	21
3	8	21
6	7	25
2	4	21
0	8	91
0	7	91
0	-1	91
5	10	25
4	8	30
8	14	32
6	10	28
0	7	87
3	6	22
4	7	24
3	6	23
3	6	22
1	4	21
1	6	20
8	9	33
2	5	21
3	6	24
0	10	90
7	9	25
6	13	31
1	4	22
3	7	22
9	9	30
8	12	28
7	15	32
1	13	90
0	9	91
7	8	26
8	7	31
8	6	30
3	7	24
1	6	21
4	9	25
4	8	26
4	8	27
4	9	25
4	8	24
6	11	30
5	10	26
5	10	26
5	8	30
4	8	24
5	10	25
4	9	24
3	10	23
3	9	23
3	8	22
3	7	22
7	10	25
3	8	22
4	7	24
5	8	23
4	7	21
7	11	33
7	11	31
9	11	32
8	10	29
13	13	38
9	13	32
10	14	32
10	12	31
8	13	31
10	11	30
10	14	33
8	11	29
8	11	27
8	11	30
8	11	29
3	9	23
3	8	22
5	8	24
0	19	91
0	10	91
4	7	24
3	7	23
4	6	23
4	7	24
3	5	23
3	5	20
3	5	21
8	11	33
6	9	27
7	9	26
8	10	30
5	9	26
8	12	33
3	8	22
4	8	22
3	8	22
3	8	22
1	5	21
3	6	25
7	9	26
2	5	21
4	9	30
6	13	31
3	9	25
3	8	22
3	4	24
3	4	24
3	6	24
3	5	23
4	7	26
4	10	25
3	5	20
3	4	22
5	9	28
3	10	26
2	6	21
3	6	22
5	12	24
5	10	24
8	8	33
3	7	22
0	20	89
0	12	91
2	6	21
3	5	21
0	4	21
0	9	77
0	33	90
9	9	31
7	8	26
8	11	30
3	7	24
8	12	31
5	7	26
10	14	37
4	7	23
5	7	24
5	5	23
0	11	91
0	12	90
8	10	27
6	9	32
10	12	33
6	11	33
6	12	30
5	9	26
5	9	26
7	9	26
6	8	25
2	6	21
7	9	30
0	9	91
2	7	23
2	5	21
4	10	27
4	8	24
3	8	25
3	7	25
3	6	21
8	10	31
0	3	90
0	7	91
6	8	28
7	8	26
6	10	25
4	9	25
5	7	22
3	7	22
6	9	27
5	9	25
7	11	32
4	12	26
4	9	25
3	8	23
3	8	24
1	4	21
1	3	22
0	2	22
3	4	21
3	7	23
4	8	23
6	11	27
5	9	26
2	6	21
0	11	91
0	9	90
9	11	34
7	11	28
7	11	31
3	9	24
6	9	24
9	11	32
7	9	28
2	5	22
0	6	91
0	11	91
0	6	91
1	3	21
1	3	22
3	5	22
4	5	21
3	5	21
3	8	22
2	6	21
2	4	22
4	8	25
0	4	23
0	4	20
3	5	21
5	7	25
3	7	25
4	7	23
1	4	21
3	6	23
0	10	91
0	10	91
2	4	22
3	7	23
6	8	23
0	18	89
1	18	91
4	10	27
7	7	24
3	5	23
4	7	22
0	10	90
0	10	90
5	11	30
0	6	89
0	8	91
2	6	23
6	9	25
0	3	20
1	5	21
2	7	21
2	6	22
7	9	26
1	5	22
2	6	21
3	5	21
7	10	25
4	8	24
0	13	90
0	12	90
7	9	24
0	9	90
0	8	91
0	3	22
8	13	33
0	11	91
0	15	90
0	18	91
0	36	91
5	6	26
5	8	27
5	7	25
0	6	91
7	7	27
4	7	21
2	5	23
2	6	22
7	11	29
8	10	29
6	9	32
2	7	20
0	10	90
2	15	90
2	5	21
0	9	90
0	7	91
6	6	25
4	6	23
2	6	22
4	7	23
3	8	22
5	8	24
2	7	22
1	6	22
6	8	25
2	7	22
6	9	30
3	7	22
5	9	24
0	5	91
6	8	26
5	7	25
0	7	91
0	9	91
8	10	33
5	10	26
2	4	22
2	5	21
6	8	24
0	9	90
0	8	90
1	7	22
2	6	21
2	6	20
0	10	91
1	4	21
7	9	26
9	16	38
8	7	31
3	6	26
2	3	23
10	11	36
9	8	37
10	8	35
2	4	20
1	4	21
4	8	26
9	9	27
7	7	25
4	8	30
3	10	28
3	8	24
2	9	23
2	7	22
0	7	91
3	5	24
5	6	25
7	9	26
9	13	35
10	13	34
0	11	90
2	5	21
3	5	22
7	12	31
3	6	22
4	7	25
0	4	22
0	4	21
0	-1	65
3	8	20
2	5	20
4	9	24
4	6	24
9	11	31
4	9	25
3	7	23
6	12	30
6	11	31
2	5	20
6	12	31
1	4	22
1	6	90
0	17	90
3	8	22
3	7	21
1	10	23
4	8	24
3	7	22
3	6	21
5	8	24
7	9	25
8	12	28
4	8	24
7	9	30
8	10	38
4	10	25
6	10	25
7	9	30
6	9	23
6	11	30
5	10	32
5	9	25
2	9	24
4	9	24
4	9	28
5	11	27
4	10	26
3	8	25
3	8	23
2	5	20
7	12	28
12	10	32
9	10	31
9	10	29
2	7	23
6	8	24
7	11	27
4	7	24
3	6	23
2	5	20
3	6	21
3	7	24
3	6	22
4	7	26
3	9	24
2	9	27
3	8	23
3	9	25
2	7	23
4	6	23
3	6	21
1	6	21
2	7	23
1	7	21
1	6	21
2	7	24
1	6	21
9	10	34
7	9	28
1	6	21
2	6	21
2	6	21
3	9	22
4	7	23
3	8	24
2	10	90
0	14	91
6	10	32
0	11	90
5	8	25
4	8	27
4	6	24
6	9	30
4	6	25
3	9	29
5	9	28
5	12	31
1	9	25
1	9	90
0	8	91
4	5	23
5	10	23
2	6	22
8	11	32
8	13	33
2	7	21
2	8	24
1	7	22
10	11	30
9	11	31
9	11	29
8	15	32
10	16	39
4	8	23
6	8	25
7	14	33
9	15	34
2	6	21
0	8	91
6	8	25
6	7	26
7	12	28
4	8	27
4	10	24
5	10	25
6	9	27
4	6	22
7	10	29
7	10	30
7	11	34
7	9	26
6	11	31
8	16	34
0	11	90
0	10	90
4	5	21
5	6	22
0	6	91
0	17	90
0	8	91
0	8	90
0	5	22
0	4	21
2	6	20
0	10	91
0	14	90
2	8	21
11	15	38
3	7	21
8	14	31
2	6	21
3	6	24
3	8	23
2	7	23
2	7	21
7	11	31
0	4	20
0	10	89
0	13	91
2	6	20
3	6	21
2	7	21
6	12	30
5	11	31
4	10	25
3	10	24
2	9	25
3	8	23
4	5	23
4	7	24
6	13	27
5	7	24
3	5	22
0	23	90
0	31	90
9	11	34
2	5	20
7	9	26
4	5	25
4	7	25
7	9	24
4	10	24
5	10	25
3	9	24
3	7	23
5	9	31
3	8	26
3	7	24
6	7	30
4	7	25
3	7	24
3	6	24
3	5	24
3	4	23
6	11	26
5	10	26
5	9	26
4	5	23
3	6	23
8	9	30
9	10	30
3	4	22
3	10	24
3	5	22
0	5	89
0	6	91
8	11	33
7	10	32
8	9	32
8	9	30
9	12	35
0	12	90
7	9	29
1	7	91
0	11	90
6	7	30
4	6	26
4	7	26
6	8	30
5	9	27
6	9	30
5	7	27
3	5	24
3	6	24
4	5	22
1	4	20
3	6	22
3	5	21
4	7	23
3	6	24
4	7	21
4	9	26
5	10	26
3	10	25
1	13	88
0	14	90
9	10	29
3	6	21
4	8	24
6	9	30
7	13	30
0	9	90
0	12	90
0	10	91
0	8	89
1	3	23
4	9	25
3	8	24
3	6	23
0	9	90
0	12	91
0	11	90
9	7	30
1	4	22
4	4	21
3	7	22
1	6	90
0	11	91
0	-1	88
0	4	89
4	8	23
3	7	21
0	7	91
0	10	91
2	3	22
7	11	31
3	5	22
0	12	89
0	11	91
3	6	24
3	4	22
5	6	23
4	5	22
4	6	22
2	7	26
2	4	23
4	8	24
2	4	20
7	7	29
1	4	23
1	2	22
7	9	26
2	7	22
3	6	22
3	8	22
3	8	23
8	11	34
0	10	91
5	9	25
6	10	27
3	8	21
2	5	24
7	12	30
4	6	23
6	7	26
9	13	33
12	12	37
1	9	91
0	12	91
0	8	91
0	10	91
7	9	30
7	8	27
6	10	26
7	9	27
7	10	28
7	10	27
8	11	30
8	11	30
6	12	28
6	10	25
4	9	24
6	9	26
8	13	36
4	8	21
5	11	29
5	6	24
5	7	25
0	9	91
7	10	32
1	3	21
1	2	20
0	2	20
0	12	91
0	12	91
3	10	30
4	9	27
3	6	21
5	11	24
5	9	24
5	8	23
4	8	26
4	9	23
2	6	22
2	6	22
2	6	21
4	5	22
2	3	21
1	3	20
0	8	90
0	10	90
3	8	24
1	7	24
4	9	24
4	6	24
7	12	27
2	4	21
1	4	22
3	6	22
4	6	24
6	6	24
5	10	30
2	10	22
0	5	91
2	5	22
3	5	23
5	6	30
0	4	90
1	8	91
3	6	20
10	15	36
3	7	22
0	21	91
4	6	24
7	8	25
3	6	24
4	5	24
3	7	25
4	8	26
4	7	25
3	8	25
0	7	91
0	8	91
10	10	33
9	11	31
5	10	29
0	13	90
0	12	88
6	9	26
5	8	24
5	9	27
3	6	22
2	6	23
3	5	20
0	11	90
3	6	24
2	4	22
0	12	91
0	9	91
1	5	28
1	5	24
0	14	83
0	4	23
5	6	22
2	7	24
3	5	22
5	8	30
6	7	25
3	7	21
0	-1	64
0	7	64
3	4	22
0	5	91
6	8	30
7	13	34
5	8	27
9	13	36
4	11	24
2	5	21
4	7	25
6	6	32
0	10	91
6	6	30
0	8	89
0	8	90
0	6	90
9	7	33
1	3	23
4	5	22
0	38	90
3	4	24
0	9	91
4	5	23
11	12	33
12	13	34
1	5	21
1	4	23
3	7	22
3	5	21
2	6	21
2	26	88
0	5	23
3	5	22
3	5	22
2	5	22
1	5	22
0	8	90
0	8	91
2	6	23
2	5	22
2	6	21
1	5	20
2	4	22
0	11	91
0	10	91
3	6	22
0	-1	90
1	3	21
0	9	90
0	10	91
1	3	22
2	6	21
0	7	89
0	7	91
0	5	91
0	5	91
5	8	26
0	13	91
0	2	90
0	10	90
1	3	21
3	7	22
0	10	90
0	9	91
3	9	27
4	10	26
4	7	25
3	8	24
4	9	28
5	8	23
3	8	23
3	4	22
7	11	37
8	9	28
8	10	27
5	9	28
4	8	22
0	7	91
0	7	89
2	10	90
1	3	21
4	6	21
3	5	23
6	12	30
1	4	22
3	5	22
3	7	22
4	8	22
4	10	24
0	12	90
0	13	90
6	8	26
0	11	89
4	6	23
8	10	27
2	3	22
3	8	23
7	11	28
3	7	23
3	7	22
8	9	30
8	8	29
0	11	90
0	10	91
4	6	21
3	5	21
5	8	23
0	1	20
0	3	21
0	2	22
0	12	90
0	4	20
6	10	26
2	3	22
2	3	21
1	2	20
4	7	25
4	6	24
1	4	22
0	13	90
0	12	90
1	8	20
3	6	22
3	10	25
1	5	23
3	8	23
4	10	23
3	8	23
3	8	22
2	9	24
4	10	25
4	10	26
4	9	25
5	10	27
4	5	22
5	6	22
5	7	25
4	10	30
4	9	23
5	10	30
6	12	30
5	9	24
6	9	24
5	9	24
6	8	24
0	7	91
0	12	91
2	6	21
0	9	91
4	11	30
1	3	23
2	5	21
0	-1	91
3	8	24
5	11	26
7	14	32
5	10	28
5	10	28
4	8	25
2	9	24
3	9	90
2	9	91
5	9	24
5	12	28
3	7	22
5	8	22
5	14	33
3	5	23
2	6	21
5	7	23
5	12	32
5	9	25
6	10	30
9	15	35
6	10	30
7	9	25
6	7	25
4	7	24
7	8	28
2	5	23
6	9	30
7	14	31
3	11	23
4	7	23
6	12	30
7	10	26
5	9	25
3	7	23
6	10	26
6	9	29
7	13	31
5	-1	91
3	8	23
5	6	25
2	6	22
5	9	24
3	6	24
0	10	90
0	10	90
3	6	21
2	6	22
2	6	30
0	2	91
4	7	24
2	6	21
2	4	21
3	8	22
2	7	21
6	8	31
10	10	34
8	13	27
3	8	22
3	7	21
0	3	22
2	6	24
3	6	22
1	7	21
5	8	26
5	7	25
5	7	26
4	8	24
3	7	26
3	5	23
3	5	22
2	6	22
0	17	91
0	20	90
2	4	22
8	10	32
2	2	22
2	3	22
2	3	21
2	6	23
3	4	26
3	7	21
3	6	24
3	6	21
4	7	23
2	8	22
4	8	23
4	8	22
2	8	24
3	7	23
3	8	25
3	6	23
3	8	23
0	10	91
1	12	90
9	12	35
2	6	23
2	4	20
0	4	21
3	6	23
3	4	24
5	5	25
4	7	27
4	6	25
5	6	26
5	5	26
3	7	25
3	5	22
3	6	23
0	4	21
11	14	35
0	8	91
0	9	91
6	12	27
10	11	32
2	5	21
0	4	91
0	11	90
6	8	24
4	6	22
0	8	90
0	9	91
4	8	25
2	3	22
3	8	26
0	3	91
1	-1	91
0	29	90
6	11	27
8	14	33
7	14	31
8	12	30
7	14	29
8	13	30
6	11	28
2	23	90
3	6	23
0	9	90
0	5	90
7	10	32
5	12	32
5	8	22
4	7	22
5	8	26
6	9	26
0	8	90
0	10	91
2	3	22
3	7	22
8	11	34
0	13	91
0	10	91
0	4	91
0	11	91
4	7	24
1	3	22
3	5	22
3	3	21
0	3	22
4	7	24
2	8	25
2	6	21
0	8	91
0	-1	90
0	9	91
2	4	23
3	6	23
7	9	26
0	2	23
0	3	23
1	13	90
0	13	91
0	13	91
15	16	41
12	16	40
12	15	39
11	15	38
3	6	28
5	8	25
2	5	21
6	10	30
4	7	25
4	8	24
3	6	22
1	4	22
1	4	22
0	9	91
1	9	91
7	7	27
5	8	25
3	8	24
2	7	23
2	7	22
2	7	20
2	8	22
2	7	22
3	4	22
3	7	22
3	8	24
9	9	32
2	6	22
5	6	23
4	6	22
3	7	25
3	7	24
4	7	25
3	30	91
0	13	90
3	7	21
5	13	30
0	3	23
2	4	21
6	10	30
1	5	21
0	12	91
5	6	26
2	6	21
1	6	20
6	10	26
2	6	21
4	5	23
1	9	87
0	7	90
0	2	91
4	5	24
2	4	23
3	5	24
0	4	20
3	8	22
0	5	91
9	10	34
4	9	28
9	14	32
6	7	28
4	7	24
2	4	23
3	19	89
4	22	90
4	7	24
1	5	22
2	7	23
5	6	24
3	6	23
3	5	23
2	4	23
2	9	25
5	11	30
5	29	90
5	8	23
4	9	26
4	7	25
4	9	25
3	6	24
3	7	23
5	7	24
6	9	23
9	13	34
9	13	32
4	8	25
6	11	31
4	9	24
4	6	23
4	7	23
0	13	89
0	11	91
7	10	25
6	10	25
6	9	26
3	5	21
5	5	25
1	16	90
2	8	22
0	9	90
0	12	90
2	7	22
4	10	32
5	8	25
6	11	33
4	6	23
1	-1	91
7	9	24
9	12	32
5	8	24
1	4	20
4	10	23
3	6	24
4	5	23
2	3	22
4	7	22
7	11	32
2	3	23
4	6	24
4	4	22
5	8	30
5	8	26
3	9	26
3	7	25
0	3	23
2	4	21
3	6	21
4	8	24
3	9	23
4	10	25
7	10	26
5	10	25
5	8	24
3	7	21
3	7	20
3	6	20
0	10	91
0	12	89
0	10	91
6	7	27
6	8	26
0	5	37
6	10	31
1	15	91
1	16	91
2	5	22
0	12	90
0	12	90
0	10	90
0	13	90
4	6	23
4	5	22
2	7	21
2	8	23
7	9	25
8	12	31
1	4	24
0	3	21
1	5	25
6	8	26
5	7	24
1	13	89
3	5	24
0	5	21
2	5	21
3	12	27
2	4	21
0	12	91
7	11	32
2	5	20
4	8	24
5	9	23
5	41	91
7	9	31
1	8	91
0	11	90
0	12	89
0	12	89
0	5	88
0	7	91
1	6	22
0	5	90
0	-1	90
0	16	91
5	9	25
5	11	27
6	11	31
5	10	27
4	9	24
3	8	23
1	4	20
0	9	90
0	9	91
0	9	91
0	11	91
4	9	24
2	4	21
1	6	33
4	7	30
0	14	90
0	14	91
3	7	24
6	14	31
2	8	23
2	6	22
1	5	21
3	34	91
6	12	32
6	9	27
2	5	20
2	5	21
6	8	24
0	12	91
7	9	33
7	9	30
3	7	23
4	8	22
3	8	24
3	9	30
4	8	24
3	7	22
0	6	75
0	6	75
3	6	25
2	4	22
3	6	22
3	6	23
10	14	35
2	7	20
3	6	25
1	4	20
6	9	27
3	3	22
3	8	26
4	6	24
2	6	22
7	10	30
4	5	23
11	12	33
6	7	24
5	8	24
6	9	31
3	7	21
4	8	31
4	9	26
3	8	24
0	4	23
0	-1	91
0	13	90
4	8	21
4	6	21
3	7	20
4	9	22
11	11	33
9	10	29
0	9	90
1	10	90
6	11	28
7	11	26
6	14	31
1	7	21
0	7	90
0	18	90
5	8	28
12	11	36
11	11	35
4	8	23
4	8	22
3	5	24
2	5	21
2	7	23
0	14	90
6	7	24
2	10	91
0	14	91
4	6	21
4	5	25
0	13	88
1	13	91
4	6	24
2	4	20
5	8	31
4	8	22
4	7	21
3	4	23
10	9	33
4	7	24
2	7	22
3	8	21
0	6	89
0	6	90
4	5	22
8	11	32
9	12	34
1	6	24
4	8	24
5	8	26
5	8	25
3	7	23
3	5	21
9	11	34
7	8	29
11	11	32
6	10	29
8	13	37
2	5	21
0	7	90
4	8	24
2	8	21
4	8	24
0	3	25
4	6	24
2	6	21
4	5	23
5	9	24
5	9	27
11	16	37
4	8	22
2	6	21
0	13	89
0	12	89
0	25	90
4	10	30
4	7	27
9	10	33
9	11	31
8	10	32
3	8	21
2	7	22
3	5	21
2	9	24
13	15	41
13	15	39
8	11	28
4	9	23
3	7	22
3	8	24
3	8	22
7	14	28
3	6	20
5	9	24
6	9	24
6	9	25
3	6	20
6	8	24
3	8	22
7	14	32
8	13	32
9	10	30
7	10	28
5	7	30
1	7	20
6	10	24
6	10	29
4	4	20
3	6	22
7	11	33
2	8	91
0	16	89
1	16	89
4	8	25
8	11	27
9	14	32
9	12	28
9	13	30
10	15	32
4	7	22
5	7	22
2	8	20
7	9	28
5	10	30
6	9	29
6	12	30
3	8	24
4	9	28
4	8	27
4	7	25
4	7	24
3	7	24
3	6	23
3	10	25
3	9	22
0	6	90
6	7	26
7	11	32
0	1	42
1	3	42
8	10	28
0	6	91
0	3	90
1	5	21
2	4	22
8	9	28
2	6	23
5	5	25
4	5	25
5	7	27
6	7	27
0	11	91
0	17	90
0	11	91
0	8	91
4	6	22
3	5	24
2	5	23
2	6	21
2	11	25
1	3	22
0	9	71
6	10	30
4	8	23
2	5	21
2	6	22
6	11	28
3	4	23
3	5	22
3	6	22
6	10	26
5	11	30
1	5	21
2	4	23
4	8	25
0	10	89
0	3	40
0	16	91
0	13	91
2	4	23
4	6	23
4	9	24
5	10	30
4	6	22
4	8	24
12	19	39
6	13	32
6	9	27
1	8	22
6	8	23
1	22	89
2	7	24
6	10	25
3	12	30
3	6	24
2	4	23
6	10	24
0	2	23
0	3	22
1	5	23
0	4	24
2	5	24
6	8	29
0	10	90
3	5	30
2	7	23
20	31	71
1	29	91
1	29	91
2	28	91
3	28	91
5	9	22
3	5	21
6	10	27
1	4	21
3	6	20
2	6	22
3	5	22
5	7	24
7	8	26
6	8	26
2	6	21
4	5	22
3	5	24
4	6	23
7	11	31
4	11	26
5	10	24
6	10	25
3	4	25
4	8	25
4	10	26
2	7	22
0	7	91
0	7	90
3	6	23
3	6	23
3	5	21
6	9	25
0	9	90
3	6	21
9	15	39
2	7	22
3	7	26
6	8	24
4	6	23
4	7	22
4	6	21
2	7	20
2	7	23
4	7	21
3	6	23
3	7	21
9	9	27
8	13	31
8	13	32
7	10	30
6	12	28
8	13	34
1	4	20
4	5	24
3	7	23
3	6	22
5	11	30
4	8	23
6	13	33
9	13	34
3	6	21
4	6	22
11	9	32
8	12	31
3	5	23
5	7	24
1	8	23
3	6	22
2	5	21
2	3	20
0	15	90
7	9	28
5	9	25
2	5	21
3	6	23
3	5	23
4	6	23
2	6	23
3	8	23
4	9	22
8	10	31
0	7	90
5	6	25
9	9	29
0	8	90
0	6	91
5	7	22
3	7	21
5	9	30
8	10	30
5	7	25
5	7	25
6	7	24
6	12	31
4	13	30
3	7	24
4	6	23
3	5	22
3	6	22
9	9	34
1	8	22
7	9	35
1	15	90
1	14	91
4	6	23
5	7	24
4	9	23
10	15	34
3	7	23
5	10	26
6	7	23
2	6	22
3	5	21
6	7	24
4	12	31
2	5	22
4	5	23
5	8	23
1	4	21
0	10	91
0	11	90
6	9	32
9	11	37
8	12	39
8	9	26
2	6	22
6	8	24
3	5	21
5	9	27
3	6	21
3	7	24
3	7	21
3	6	24
4	7	23
3	4	22
0	13	91
0	11	90
5	7	25
0	5	90
10	36	91
4	8	23
4	9	23
2	6	21
7	9	30
5	14	30
2	6	21
6	10	27
6	9	30
4	6	23
2	7	21
3	7	22
3	8	22
2	6	21
2	5	20
3	7	22
5	9	25
3	7	21
5	8	23
1	4	22
2	5	24
4	6	25
4	9	24
3	6	23
5	8	24
4	7	23
8	11	30
7	12	31
6	8	25
6	9	25
6	9	27
5	5	24
4	9	25
2	7	23
2	8	23
2	7	22
5	12	32
6	7	26
4	8	22
6	8	30
2	6	21
7	13	30
8	15	31
2	6	22
3	8	25
3	8	24
4	9	25
5	8	25
5	9	24
3	8	25
8	10	29
4	9	24
11	13	35
10	12	32
9	11	32
5	6	22
7	10	30
0	10	91
6	10	25
0	7	89
1	7	90
6	10	34
5	11	30
8	14	29
7	10	25
3	6	23
3	6	24
10	16	33
8	12	33
7	12	34
8	10	31
0	12	90
0	8	91
0	8	91
7	9	24
5	12	31
3	7	22
6	8	25
4	7	24
5	8	30
3	3	22
0	10	89
7	13	33
7	8	26
7	9	30
1	15	91
3	6	21
3	9	23
6	9	24
0	14	91
0	9	90
0	15	90
0	10	91
5	9	26
4	8	25
3	9	26
5	7	26
6	8	28
3	6	23
3	7	21
8	11	31
3	6	23
2	7	21
9	9	25
3	6	21
0	11	91
0	8	91
8	9	31
0	8	91
0	2	90
3	8	22
4	8	22
6	10	24
6	10	27
6	11	26
3	6	24
4	11	31
0	2	32
8	10	30
7	12	29
5	9	25
4	9	25
3	8	23
2	7	23
2	6	21
0	7	90
1	11	90
0	9	90
3	8	21
7	11	31
7	10	27
2	5	24
3	5	23
4	6	23
4	6	23
5	8	25
4	10	23
0	11	90
0	10	91
4	8	25
4	7	23
4	10	30
5	8	26
2	4	21
4	6	30
2	5	21
9	10	35
4	8	22
5	6	24
3	5	20
4	11	24
8	13	31
9	11	31
8	11	27
6	11	31
3	5	21
5	9	27
6	13	31
6	14	32
5	11	31
2	5	21
9	12	28
8	12	31
10	14	35
0	4	20
3	7	24
4	7	23
6	7	24
5	9	25
4	7	23
3	6	22
7	8	31
1	7	22
7	11	32
5	6	25
0	11	91
5	11	30
4	8	25
3	7	23
4	8	23
3	7	22
5	10	27
5	9	27
4	9	22
3	5	20
4	9	24
5	8	24
5	6	23
3	9	26
8	9	27
7	14	32
2	6	21
4	8	25
2	8	22
3	8	21
4	9	24
4	3	23
4	8	26
4	9	30
3	6	22
4	8	25
3	6	22
4	8	25
4	7	24
4	9	21
5	8	30
6	7	26
3	8	21
4	8	25
4	6	23
3	6	21
4	8	23
7	10	25
2	4	21
5	7	25
9	11	36
9	12	37
3	5	24
3	4	23
6	10	33
3	5	22
5	10	29
5	8	28
6	8	30
6	7	28
6	9	28
6	8	30
6	7	28
3	7	23
3	5	21
2	5	20
4	9	24
4	5	24
6	8	31
4	6	23
5	10	27
6	10	31
5	11	26
0	10	91
1	10	90
0	3	25
3	8	26
5	11	25
0	6	22
7	11	30
0	2	21
3	7	23
3	7	22
2	6	21
7	8	27
5	9	23
2	7	22
0	3	30
0	3	25
0	3	23
3	7	23
0	5	20
1	3	23
0	9	91
0	9	91
6	10	26
9	11	32
6	8	25
8	9	27
6	7	26
3	6	23
6	7	30
4	8	25
4	9	30
8	11	29
6	10	24
2	8	22
2	10	23
2	6	22
0	5	22
3	4	22
3	9	23
5	7	25
10	13	36
3	7	22
3	4	20
0	7	91
0	5	90
0	8	90
2	5	22
4	7	22
3	5	23
4	9	26
7	9	26
10	11	32
0	24	90
8	14	29
2	6	20
2	6	21
1	7	23
2	6	21
6	17	34
1	3	21
2	6	20
3	9	25
0	15	90
0	11	90
3	7	21
6	10	29
9	12	35
0	7	90
7	9	28
6	8	27
6	10	26
5	7	23
4	8	26
4	8	26
2	6	25
3	6	24
3	7	22
6	9	26
3	8	23
3	7	21
0	13	90
2	7	22
4	6	23
4	8	25
7	9	24
8	14	38
6	7	31
8	10	33
3	8	23
3	7	23
2	7	22
2	6	21
7	12	27
0	12	90
0	8	91
3	6	23
6	9	26
6	10	28
3	6	22
7	13	31
5	6	25
3	8	21
2	8	22
3	7	21
6	8	26
4	8	23
2	7	22
3	8	22
4	9	26
3	7	21
1	6	24
2	7	23
3	7	23
3	4	20
8	9	30
2	6	26
4	9	26
5	6	25
6	9	30
3	8	26
3	7	22
5	7	23
3	4	24
3	5	23
1	4	20
3	5	22
3	5	23
3	6	23
0	5	91
0	14	90
0	9	89
4	8	24
8	12	36
6	10	29
4	9	23
0	8	91
0	13	91
2	5	20
2	5	21
2	3	24
2	6	21
2	6	22
3	6	22
4	7	22
3	5	20
4	7	25
5	9	25
5	8	24
0	10	90
0	14	90
0	9	91
5	7	24
0	12	91
4	6	22
4	6	26
5	8	27
5	7	26
5	7	27
6	7	30
6	8	30
5	7	25
4	6	25
3	6	25
5	7	30
4	4	25
3	4	21
2	4	22
2	5	21
3	6	23
7	11	25
3	6	21
0	10	82
0	11	82
3	5	21
4	5	24
5	11	31
9	10	32
1	3	21
7	11	31
3	9	23
3	6	20
6	10	27
5	7	26
1	8	91
0	8	91
0	1	20
0	10	90
1	-1	90
3	7	23
3	7	23
2	7	22
2	7	22
2	6	27
5	10	23
6	9	24
5	10	23
4	10	31
4	5	22
2	7	22
5	11	28
4	7	23
0	10	91
3	6	23
1	11	90
0	13	91
0	4	21
3	5	21
4	8	23
3	9	23
0	13	91
4	23	91
6	7	28
2	9	25
3	9	23
0	12	91
6	10	29
1	12	90
0	10	90
0	26	87
8	13	32
6	10	31
5	12	30
0	7	91
0	7	91
5	9	24
15	23	54
7	11	30
6	9	24
2	5	21
2	9	20
9	10	28
8	10	29
1	3	22
0	3	20
0	3	21
0	4	21
1	3	22
1	3	22
1	4	21
1	5	24
4	5	22
4	8	22
5	10	30
3	7	20
3	7	21
4	27	86
3	5	21
7	27	86
2	6	22
0	9	91
4	7	23
4	12	30
4	9	30
8	11	33
0	3	23
4	8	24
2	6	21
5	11	30
2	8	21
5	8	24
5	12	30
3	7	22
5	7	24
4	5	24
5	8	23
8	12	29
3	6	21
3	7	23
6	8	30
2	6	22
0	14	89
0	-1	88
6	10	29
5	5	23
0	18	90
5	8	25
3	5	22
8	12	29
3	9	23
3	6	22
3	8	23
5	10	24
0	11	90
0	10	91
8	9	29
4	9	25
2	9	22
9	13	34
3	4	22
2	5	20
2	7	21
2	11	22
6	8	24
2	4	25
2	8	23
10	12	34
7	10	28
6	11	30
3	10	23
2	7	24
6	10	25
7	10	28
4	7	22
1	4	23
8	12	33
9	12	34
1	7	22
2	5	24
6	8	25
8	13	30
1	4	22
1	3	22
4	9	22
3	9	24
4	9	24
4	9	25
4	6	22
3	7	22
3	10	23
0	4	20
7	11	27
3	4	23
2	8	21
3	6	20
2	8	22
9	16	37
15	22	47
11	14	35
13	16	39
11	15	34
10	15	34
7	7	26
6	10	34
6	11	32
8	11	33
7	10	33
6	7	28
7	10	32
0	14	91
0	13	31
4	11	26
6	8	26
3	5	21
3	6	22
6	15	35
9	11	31
1	8	21
5	10	28
5	8	24
6	8	27
2	6	20
2	9	26
3	6	22
4	7	26
5	6	27
3	6	24
5	7	24
6	7	26
5	9	25
2	5	20
6	7	25
5	8	25
0	8	89
0	7	90
1	5	21
0	10	91
10	8	31
1	12	90
0	14	91
6	6	25
5	6	24
4	10	26
0	14	90
4	9	23
3	6	22
2	8	21
4	9	31
3	6	24
5	7	28
4	6	24
0	3	21
2	10	23
2	9	21
8	9	29
5	9	30
5	7	25
6	13	33
4	8	22
3	7	23
3	6	21
3	9	24
4	7	24
7	11	26
0	9	90
6	8	30
6	9	34
8	9	27
0	8	91
0	9	91
0	9	91
8	13	32
5	9	24
1	7	22
3	7	25
4	6	23
3	5	24
2	6	21
4	7	23
7	11	31
0	4	88
3	7	22
3	7	21
3	8	22
2	4	23
2	4	22
1	3	21
3	7	22
3	6	21
6	8	26
8	10	32
7	10	26
6	9	30
0	32	90
6	7	25
7	10	31
0	12	90
6	7	24
4	6	22
4	6	21
4	10	23
4	9	27
4	5	22
5	7	25
3	6	20
6	11	30
0	7	91
7	8	26
0	6	20
2	5	22
2	5	21
2	5	23
3	6	24
0	7	90
1	4	20
3	8	22
3	8	25
4	9	25
4	8	26
5	8	25
3	6	24
3	7	23
3	6	23
6	7	27
0	11	91
0	9	91
9	11	28
11	11	34
8	14	31
3	6	23
1	6	23
2	6	24
5	10	30
5	6	21
4	6	24
3	5	21
4	6	21
2	6	22
3	7	23
5	8	25
0	11	91
0	6	90
3	8	21
0	14	91
0	11	90
4	7	21
4	7	25
0	7	91
0	7	90
1	1	23
0	20	90
3	5	23
6	12	28
5	8	28
5	9	26
5	10	24
3	6	20
0	10	91
3	5	22
0	11	90
0	15	90
0	8	91
0	7	91
5	8	26
0	34	91
4	5	22
0	5	89
1	7	22
5	12	30
8	9	27
2	9	21
4	8	23
2	5	22
10	11	37
11	11	36
10	11	33
11	11	35
11	11	31
11	11	39
7	14	36
0	19	91
0	5	91
1	3	20
6	9	25
0	14	91
6	13	31
3	6	22
1	5	21
4	8	24
3	7	22
1	4	20
6	12	30
6	7	24
3	7	24
4	8	25
3	8	23
2	8	24
5	8	28
5	7	25
4	7	24
4	7	23
4	8	24
4	8	25
1	4	21
2	4	22
2	4	23
2	4	21
0	14	90
0	9	90
0	6	91
5	12	27
0	11	91
0	9	91
5	7	24
6	11	31
0	9	90
0	6	90
5	13	27
6	12	27
6	10	26
6	9	25
5	11	24
4	8	22
4	8	24
4	7	22
2	8	24
3	6	21
4	6	21
1	4	21
2	6	22
4	7	25
1	4	21
5	3	23
8	7	30
7	5	26
0	12	91
7	8	27
7	8	27
6	7	25
6	7	25
7	8	25
5	8	26
0	13	91
2	5	20
3	6	24
1	6	22
0	7	60
2	6	21
6	6	28
9	9	32
1	14	90
0	10	91
4	8	24
11	13	30
8	12	33
5	8	25
0	10	90
0	11	91
9	11	35
1	11	59
2	6	21
4	6	25
3	6	25
2	6	24
4	7	23
3	6	24
4	9	28
4	6	26
6	7	31
1	4	23
0	2	23
0	3	25
2	8	24
0	1	35
0	1	35
2	6	21
0	3	23
1	3	21
0	2	20
5	7	26
2	4	20
6	8	25
3	9	23
0	7	91
5	37	91
0	42	91
0	16	67
4	9	24
0	5	91
0	11	90
0	10	77
11	12	33
3	6	21
4	6	23
1	5	20
1	6	22
5	7	25
2	3	20
0	19	90
0	22	91
3	8	22
6	8	30
3	13	91
3	13	90
5	10	27
9	13	33
8	13	30
1	5	23
0	4	21
2	4	22
0	15	91
2	5	23
1	5	22
2	5	22
1	5	22
0	3	47
11	10	36
0	21	90
6	7	23
8	10	30
7	12	27
5	9	27
1	4	20
0	6	91
5	8	24
7	8	36
5	9	30
4	7	25
4	8	25
2	6	22
2	6	24
2	5	22
2	4	21
6	11	31
7	12	32
5	11	31
4	9	27
5	10	31
4	9	25
6	10	31
6	11	29
6	9	30
5	9	25
4	8	25
2	7	24
4	-1	91
5	11	30
5	7	27
6	11	25
7	11	32
6	9	27
5	8	24
6	11	31
4	9	24
3	6	24
5	13	30
3	8	25
2	2	22
2	7	21
6	7	24
6	7	23
8	11	34
0	16	90
0	6	90
5	7	24
3	4	22
7	10	28
11	13	33
10	14	32
6	31	91
6	31	91
3	6	22
6	10	27
7	8	26
8	9	27
3	9	26
3	8	24
4	8	26
4	7	24
4	8	23
6	10	32
1	14	90
0	14	91
4	7	25
1	4	21
5	10	26
1	6	21
1	6	20
8	7	27
2	4	21
2	6	22
4	8	21
5	5	23
4	8	21
8	9	31
2	7	23
1	5	21
1	4	22
2	6	23
2	7	22
1	5	20
3	3	23
0	1	22
4	8	23
2	5	22
4	9	25
0	5	21
0	15	91
0	11	91
0	10	90
1	3	20
1	3	21
5	10	24
7	9	24
5	9	25
0	5	23
0	4	20
3	6	24
3	10	23
1	3	22
9	9	29
0	16	91
0	15	90
5	6	25
8	14	33
5	9	30
4	12	30
4	10	32
1	6	91
0	11	90
5	7	24
9	17	36
2	6	21
3	6	22
2	6	22
3	8	25
10	9	32
0	4	21
0	5	20
5	10	30
2	6	20
2	5	21
5	11	30
6	9	31
0	6	90
0	5	91
2	4	23
3	6	25
6	10	28
0	7	91
1	18	90
1	5	22
7	12	32
0	6	89
3	6	23
0	10	90
0	6	90
0	26	91
3	5	24
3	8	22
2	5	21
3	5	24
0	3	20
2	4	21
3	4	24
0	4	91
0	5	91
0	8	87
0	7	91
7	6	26
6	6	27
3	7	21
0	9	90
0	8	91
0	10	90
0	10	91
0	9	91
0	7	91
0	-1	91
0	7	90
0	6	90
0	12	91
0	3	22
0	8	91
3	5	25
0	15	90
4	7	24
6	8	24
5	5	25
0	4	91
0	8	91
1	26	83
0	10	91
3	9	22
7	8	26
0	5	91
0	11	91
0	13	90
0	8	90
1	4	23
0	7	90
0	10	91
2	5	21
4	4	21
2	6	22
3	13	30
0	9	71
6	9	26
3	6	23
2	5	23
1	4	23
5	8	23
0	15	91
0	12	90
4	13	30
1	6	20
6	5	25
2	5	22
10	29	90
2	7	21
1	5	22
2	5	22
4	6	22
6	10	27
5	6	26
7	10	25
3	5	20
5	8	22
4	5	23
0	12	90
0	12	90
1	3	21
1	4	21
4	6	23
0	7	90
0	9	91
0	7	91
1	11	90
6	10	26
6	10	28
7	6	30
5	9	25
4	7	23
3	6	25
0	10	91
6	8	26
5	9	28
0	4	43
0	5	43
4	9	25
6	7	25
2	7	22
0	12	90
0	13	91
0	8	91
0	7	91
3	6	22
2	2	21
0	1	21
7	9	26
0	-1	90
3	8	25
2	4	22
7	14	31
3	8	22
3	9	24
4	7	25
6	10	30
2	5	21
1	5	21
0	3	22
1	5	22
3	4	23
10	14	35
4	5	23
1	23	90
0	21	90
6	9	26
6	7	24
4	7	23
6	10	31
7	9	31
8	10	32
7	9	36
7	8	31
6	8	30
0	13	91
0	17	91
10	13	32
7	11	27
6	6	22
5	10	25
1	6	90
0	9	90
0	8	91
2	9	22
4	7	25
3	7	26
4	7	24
5	7	24
8	9	28
7	9	26
2	4	25
0	4	64
0	5	64
7	13	31
8	11	30
7	12	31
5	6	22
10	9	33
3	8	23
4	5	22
5	9	23
3	6	23
7	9	26
4	8	22
0	9	91
4	8	21
3	6	25
1	2	20
0	10	90
9	9	30
3	7	23
7	13	29
3	10	25
4	7	22
2	8	23
0	15	91
0	5	91
5	9	28
7	13	31
3	-1	91
2	5	22
2	9	24
8	15	33
9	18	39
3	7	21
2	7	20
6	11	32
3	7	21
3	5	21
4	8	23
5	8	24
3	7	22
2	5	22
2	5	21
2	6	21
2	8	20
11	12	34
4	7	21
5	8	25
3	9	24
2	10	23
2	9	24
1	7	21
6	8	28
5	7	24
5	7	23
5	7	24
3	7	23
3	7	23
3	9	23
4	9	26
4	10	25
4	11	30
2	6	20
3	6	21
5	9	26
6	11	30
6	8	23
6	11	26
8	10	28
8	11	32
9	11	33
9	11	37
7	10	26
5	9	24
10	11	32
5	10	24
6	11	30
0	7	90
8	11	33
5	9	26
3	10	24
8	11	26
0	5	21
7	11	30
6	7	24
0	10	91
2	5	21
2	5	20
2	4	20
0	11	91
2	8	24
2	8	22
4	5	22
0	12	91
0	16	91
8	10	30
0	6	90
0	5	91
8	11	27
0	18	86
0	9	89
2	5	21
3	7	21
3	6	22
2	6	21
9	11	29
2	4	22
3	5	26
7	4	30
4	5	25
4	6	26
4	4	24
4	5	24
3	5	23
7	8	26
3	9	22
6	11	30
2	6	20
0	5	91
0	10	91
4	9	25
4	7	24
4	10	24
4	9	23
4	8	22
4	8	21
3	8	22
3	6	22
6	8	26
3	10	26
5	8	31
0	17	91
0	21	90
0	11	91
0	10	90
0	10	91
6	24	90
5	10	33
3	9	30
6	13	34
9	14	34
5	6	21
7	10	24
0	11	91
7	10	30
3	5	23
3	7	22
4	10	26
6	10	30
6	11	27
6	9	25
3	6	22
5	9	33
4	8	25
4	7	23
4	9	25
9	13	31
8	12	28
8	13	32
9	13	31
8	13	32
7	11	26
2	5	21
6	10	23
7	11	31
8	13	32
0	4	24
1	5	23
0	6	22
0	5	21
0	9	91
2	8	23
3	7	22
1	7	22
2	7	22
5	7	23
0	2	91
3	5	23
0	3	21
2	7	23
2	6	21
2	7	24
2	6	23
2	7	22
1	6	22
1	5	20
3	5	20
3	8	25
5	11	30
4	7	26
0	9	82
0	7	82
0	2	20
8	13	34
0	4	91
0	5	88
0	4	90
0	5	91
1	8	22
7	9	30
6	9	25
6	9	24
5	11	26
5	10	26
1	6	21
0	10	91
0	8	90
0	7	91
0	17	91
5	8	30
6	8	23
5	8	24
0	8	90
0	7	91
0	16	88
0	5	91
0	9	91
8	9	31
9	9	32
3	8	23
4	8	25
3	6	22
1	4	22
3	8	24
2	7	23
4	8	23
8	11	32
0	8	91
0	9	90
0	14	91
4	8	23
0	9	82
1	9	82
3	4	24
4	8	30
2	7	21
4	8	24
3	6	23
3	6	21
2	6	21
2	5	21
2	5	21
3	6	23
5	7	23
3	9	25
1	3	21
0	11	90
2	6	22
1	7	23
1	9	25
2	8	23
1	6	24
0	6	55
2	9	25
2	6	21
1	3	22
0	10	90
0	10	91
0	12	90
0	12	91
4	5	22
2	6	22
0	10	90
1	11	90
3	9	27
0	10	91
2	5	21
0	2	91
0	13	90
1	-1	90
0	6	90
0	6	24
0	10	90
0	10	91
0	14	90
12	15	36
5	6	24
7	9	33
4	7	25
4	6	25
4	7	23
3	6	22
4	6	25
6	9	30
5	6	26
9	11	36
8	8	30
5	7	24
5	7	23
1	5	21
2	6	22
0	12	90
7	7	27
0	6	90
0	11	90
0	12	91
7	10	30
0	11	91
2	21	90
0	19	90
1	21	91
3	13	91
1	6	20
4	4	21
2	7	24
0	12	91
0	8	90
12	16	38
5	10	30
5	7	25
4	6	24
2	5	22
4	5	24
4	6	23
4	8	26
3	7	21
1	8	21
1	3	22
1	3	21
0	6	50
1	4	24
6	8	25
4	11	33
0	8	90
0	12	87
5	8	26
0	10	90
5	8	25
2	3	22
2	5	22
2	5	21
1	11	91
1	7	91
0	3	31
3	7	23
4	8	27
3	7	24
3	8	24
2	6	20
2	6	21
3	8	24
5	9	26
4	9	27
4	9	27
4	9	26
4	6	21
0	12	90
0	9	90
5	7	25
0	5	20
0	8	90
0	6	91
4	7	24
4	6	23
2	7	22
2	8	23
1	7	21
3	7	22
2	8	25
6	9	30
4	7	24
3	7	25
4	10	25
6	9	26
5	9	24
7	11	28
6	10	28
8	13	27
3	10	26
4	10	27
4	4	22
2	5	21
6	8	27
2	6	24
0	-1	90
0	10	91
0	4	90
3	3	21
2	7	23
0	12	91
0	13	91
0	9	90
0	9	90
0	25	89
3	10	26
2	8	22
2	5	22
1	5	21
1	4	21
2	5	22
4	6	23
4	8	23
4	6	24
3	6	21
4	7	25
5	8	23
4	10	26
4	8	25
5	9	25
0	12	84
0	8	91
0	8	91
0	14	91
3	11	30
2	7	22
3	6	20
1	5	23
1	5	22
2	23	90
3	6	23
0	3	89
0	14	91
4	6	24
3	7	22
2	6	21
0	22	91
2	7	21
1	7	21
2	4	22
0	14	90
4	6	26
0	11	90
3	4	22
0	9	91
0	15	91
2	5	24
0	6	23
2	5	23
1	4	21
1	3	21
1	4	20
3	6	21
5	9	32
1	-1	91
1	-1	91
6	9	24
1	2	24
0	7	90
5	9	30
3	11	31
0	1	86
0	1	82
3	5	22
0	10	91
0	14	88
22	43	90
0	7	91
0	10	91
0	13	90
0	11	90
0	11	91
0	9	90
0	7	91
1	6	91
2	5	22
2	5	21
4	6	25
2	4	23
3	5	24
8	9	31
6	5	27
0	-1	90
0	13	90
0	8	91
0	3	39
0	2	39
7	10	34
5	8	24
3	7	24
5	6	24
6	8	31
5	10	30
3	8	21
3	7	21
4	7	25
1	6	20
3	7	22
1	6	21
0	13	91
1	3	24
5	7	32
1	10	90
0	17	91
1	3	20
0	11	90
6	7	24
0	6	91
0	10	90
4	8	23
0	11	91
0	14	90
0	16	91
5	10	25
0	11	91
0	5	91
3	4	22
2	5	21
0	7	91
2	7	22
3	5	22
5	13	31
2	6	21
3	6	22
3	6	23
5	12	30
2	3	21
4	8	22
0	4	20
9	14	38
2	7	22
5	26	90
4	7	22
0	3	21
5	7	26
5	9	24
0	7	90
0	4	91
0	14	91
2	6	22
7	11	27
7	10	26
0	13	90
0	8	91
0	11	91
2	3	20
3	6	22
3	8	26
2	2	21
5	11	28
3	8	23
4	8	22
7	9	34
0	12	89
2	6	24
5	6	27
6	8	24
0	9	91
0	7	91
6	8	23
4	7	23
3	5	22
0	13	90
0	-1	91
5	6	24
6	7	25
2	5	21
6	11	35
1	6	23
5	36	90
0	6	91
0	11	90
2	5	22
5	8	31
4	7	27
5	5	23
5	7	26
11	11	35
0	12	90
4	8	25
6	10	30
3	6	25
2	1	24
7	10	30
3	4	21
2	7	22
1	7	22
0	26	90
4	5	20
10	14	36
3	8	21
1	3	22
0	7	90
2	4	21
3	6	22
0	9	90
0	7	89
4	12	32
4	8	24
3	6	22
6	9	25
6	12	31
5	13	27
5	9	26
3	10	25
3	9	24
0	11	91
0	10	90
0	18	91
1	12	91
0	10	90
6	10	31
0	8	91
2	6	20
0	6	91
0	7	91
0	7	91
2	6	23
4	6	24
5	7	25
4	6	24
4	6	24
4	6	23
3	6	24
0	4	20
5	11	33
7	7	25
0	-1	91
4	5	23
0	5	86
0	6	86
0	11	91
0	10	90
0	13	91
0	15	90
0	10	91
0	9	91
0	9	91
0	10	90
2	6	24
0	4	72
0	5	72
4	7	91
6	11	91
8	9	34
1	6	20
4	6	25
6	9	32
6	11	34
5	8	28
5	9	26
4	7	23
4	7	24
5	7	30
4	9	26
6	8	31
4	7	25
5	7	26
6	9	28
2	3	24
0	8	90
0	7	91
0	15	90
0	11	90
0	10	91
3	10	24
0	10	90
3	6	24
0	14	91
0	8	91
2	9	91
7	7	23
3	7	24
3	6	23
2	7	23
3	5	22
2	5	21
2	6	21
3	5	21
3	5	22
4	5	23
1	5	24
5	8	24
0	2	23
2	6	24
0	-1	88
0	9	91
2	2	22
3	11	40
5	7	31
0	9	74
5	16	34
1	8	64
1	10	64
13	12	34
0	19	91
0	12	91
3	7	21
2	6	21
3	9	23
4	6	21
0	5	88
0	14	91
5	7	29
2	5	21
0	4	20
1	11	91
0	18	90
5	8	23
3	6	21
3	8	22
3	9	22
7	9	31
0	9	91
0	6	90
0	18	90
0	5	21
3	6	24
0	15	88
0	15	91
3	6	23
1	6	23
0	11	91
0	10	91
2	4	22
6	8	27
7	10	26
0	-1	91
0	4	91
0	11	90
0	12	91
0	13	91
0	21	90
7	8	27
0	10	91
3	6	22
4	7	24
8	11	36
3	7	24
2	8	23
3	6	23
2	5	22
0	9	91
0	12	89
0	11	89
0	11	91
5	12	90
4	11	91
0	5	22
6	9	26
2	6	21
5	8	23
3	3	24
1	3	21
3	7	21
5	8	24
5	8	24
5	8	23
3	4	22
2	4	24
0	8	90
2	8	23
3	7	21
2	8	22
3	9	24
2	5	23
3	8	23
0	23	91
6	9	25
6	9	24
5	8	23
5	9	27
3	6	21
0	13	91
7	7	25
0	14	90
0	13	90
0	8	91
1	10	89
0	8	91
0	8	90
0	1	25
5	6	27
0	8	91
0	5	90
3	4	21
1	37	91
6	8	25
0	13	91
0	13	90
0	7	86
0	14	89
1	11	91
2	17	91
0	14	91
0	13	88
0	5	86
0	11	91
3	8	23
3	8	24
3	7	22
3	8	24
0	10	89
0	13	91
5	5	26
0	7	90
0	9	91
7	10	27
7	10	26
0	7	90
0	6	91
0	4	91
3	5	23
0	7	90
0	6	91
4	5	23
0	-1	91
3	8	22
4	8	23
4	8	22
0	9	90
0	13	90
5	9	26
2	4	21
0	9	90
0	4	91
1	12	85
0	2	21
4	7	23
3	7	22
3	7	22
9	10	35
3	5	22
3	4	22
1	10	91
1	9	91
6	5	25
0	16	91
0	15	91
3	6	24
2	2	23
3	5	22
3	5	22
0	7	91
0	9	90
3	7	25
7	7	24
3	3	22
4	9	27
0	-1	90
1	9	91
0	13	91
2	3	23
1	5	22
0	1	23
0	14	91
0	9	89
3	7	22
1	12	90
0	10	91
0	3	91
6	9	27
9	8	27
4	5	22
4	25	91
5	7	23
2	6	23
5	6	24
0	15	89
0	15	91
0	6	89
1	5	22
3	6	21
3	6	25
0	5	20
0	3	23
0	2	22
3	7	23
6	7	25
0	8	45
0	16	91
3	4	21
4	10	22
2	4	20
5	10	26
5	9	24
1	2	23
4	7	25
0	9	91
0	11	90
22	22	76
0	8	90
5	13	31
5	10	26
4	8	26
6	10	35
3	5	22
1	5	21
3	7	22
2	6	21
2	5	20
4	6	22
4	7	21
0	2	90
1	8	91
0	10	90
0	13	86
0	12	86
0	9	90
0	12	91
0	5	21
5	7	25
0	14	89
0	12	91
0	11	90
0	7	91
4	7	23
10	8	33
11	7	33
7	7	28
3	9	22
8	9	28
8	10	30
5	10	25
7	10	27
3	7	24
2	7	21
6	12	30
1	5	22
1	4	21
1	4	23
2	6	22
3	5	21
2	5	20
1	5	22
2	5	21
3	6	22
3	7	22
4	6	23
3	5	24
6	10	32
6	9	30
5	8	27
6	8	28
5	7	28
5	9	28
6	7	26
8	10	32
5	7	27
5	8	27
6	9	27
5	8	25
4	7	25
0	11	89
0	9	90
0	15	90
0	15	90
6	4	24
0	13	91
0	4	31
2	5	20
3	6	23
5	8	23
0	20	91
1	8	91
0	-1	91
7	9	27
0	4	48
6	9	24
0	4	91
7	8	27
5	8	26
6	10	27
0	9	90
0	9	90
0	8	90
0	-1	90
9	9	34
0	13	91
0	12	90
0	9	90
6	8	31
1	9	91
3	6	22
0	5	91
0	6	91
2	5	21
0	1	22
3	8	22
2	6	22
0	8	91
0	13	90
2	6	24
7	9	28
0	9	89
0	9	90
2	5	21
0	8	85
0	9	91
0	11	91
6	8	28
0	9	89
8	11	35
5	10	31
7	9	31
3	5	23
3	6	23
3	6	24
4	7	25
2	4	24
3	5	25
7	10	34
6	8	26
5	8	26
5	9	27
4	9	27
3	8	24
2	5	22
9	12	35
4	7	24
5	6	24
5	8	25
0	10	90
1	5	90
2	5	22
3	4	25
0	8	88
0	13	91
0	4	88
2	4	20
0	16	91
0	15	90
2	4	22
8	11	27
7	11	32
6	5	30
2	6	21
9	9	32
0	2	90
0	1	90
1	12	90
0	11	91
1	8	91
0	6	91
2	7	22
3	6	23
1	3	23
0	2	22
4	9	22
0	3	21
2	6	22
0	10	91
0	9	91
4	11	31
1	2	21
0	7	91
0	7	90
0	7	91
0	6	91
1	7	91
0	14	90
4	9	23
1	5	20
0	2	20
0	8	90
0	11	91
0	12	91
0	13	91
0	8	91
8	11	31
0	5	23
1	13	91
0	11	90
0	9	90
6	7	26
8	8	27
4	7	26
3	5	22
4	12	91
1	9	90
0	11	90
8	6	25
0	7	90
7	9	27
1	5	21
0	10	86
5	7	23
0	4	90
0	10	91
0	16	90
10	12	36
2	6	22
0	9	91
1	3	22
0	14	91
4	9	30
2	5	20
9	12	33
0	8	65
0	8	65
3	8	24
0	6	90
0	12	91
0	15	91
4	7	24
0	12	90
0	1	91
3	10	30
3	5	25
4	5	24
5	7	24
0	13	91
0	4	22
3	4	22
0	7	88
1	9	91
0	9	91
0	12	91
0	7	90
0	-1	89
5	6	24
1	5	21
2	2	20
1	4	21
2	4	22
2	3	21
2	3	21
4	6	23
6	8	28
2	6	22
2	5	21
0	2	22
0	7	90
4	5	21
1	6	24
0	6	59
1	2	24
6	9	26
4	7	23
0	10	91
0	12	90
0	11	90
0	9	90
0	9	91
2	6	21
0	4	90
0	6	90
1	6	21
0	7	65
0	8	65
2	7	21
0	8	91
1	5	21
4	6	25
1	7	20
0	6	91
0	7	91
0	12	91
0	12	90
4	8	24
2	6	22
6	5	30
1	4	21
2	7	21
5	7	26
0	13	91
0	11	91
6	7	31
0	13	90
0	15	90
0	8	90
3	4	24
4	7	22
3	6	21
3	5	23
3	4	26
3	5	23
0	6	90
1	7	91
0	10	91
1	27	90
8	11	33
3	4	21
0	-1	90
5	9	22
0	10	90
0	9	91
6	8	24
5	10	31
4	9	27
4	7	26
3	6	24
0	1	90
0	10	91
3	10	26
5	7	26
1	11	90
0	10	91
9	11	33
6	10	26
7	14	31
7	11	26
1	15	90
0	10	91
0	21	90
0	8	91
2	7	23
1	6	22
1	6	21
0	12	91
0	13	91
0	12	90
0	10	91
0	7	91
0	9	90
0	11	91
0	13	91
0	-1	90
0	7	86
1	8	86
6	8	26
5	8	26
0	12	91
2	4	21
1	3	22
4	25	91
2	6	23
2	8	22
2	7	21
7	15	28
4	8	22
2	6	22
3	6	22
2	6	20
0	18	89
0	8	90
0	10	91
0	39	90
0	6	91
0	11	90
0	8	91
0	7	90
3	5	21
9	13	33
0	7	88
0	10	91
4	7	22
2	6	22
3	6	21
3	8	22
3	7	21
4	7	21
0	6	82
0	16	91
0	12	89
3	6	24
2	3	22
5	12	28
2	5	21
0	11	90
0	11	91
0	-1	91
0	4	23
0	4	23
2	6	21
4	7	22
0	4	91
8	9	31
7	8	31
0	11	91
4	8	28
0	9	68
0	10	90
0	11	90
0	8	91
0	11	91
0	4	91
0	17	88
0	10	90
0	10	90
5	7	24
4	6	21
6	9	26
6	11	28
5	8	26
4	7	24
0	5	91
0	7	90
6	8	26
5	10	27
0	21	90
4	6	24
2	5	21
8	8	27
4	7	23
0	4	91
0	16	91
0	12	91
0	13	91
3	4	25
0	12	91
0	13	83
0	3	22
2	5	23
6	10	31
3	8	26
4	8	26
0	7	90
0	11	90
0	15	91
2	5	21
3	7	21
4	8	23
0	11	90
0	11	91
3	11	33
1	5	22
0	11	90
3	6	23
1	12	91
0	16	90
0	11	90
0	11	90
0	8	90
0	7	89
10	11	35
0	11	91
0	10	90
6	10	24
1	11	91
0	11	89
0	16	72
2	24	90
6	23	90
7	7	24
0	6	91
0	11	91
0	9	90
2	4	22
4	7	22
5	10	34
5	7	23
3	36	87
4	7	24
0	11	90
0	12	91
6	7	25
6	8	31
0	14	91
0	13	91
3	6	24
4	8	23
2	5	22
5	13	31
0	7	90
0	6	91
4	6	21
1	5	20
7	11	34
0	8	91
4	9	24
4	8	23
0	5	91
4	8	22
7	9	25
0	6	91
0	7	89
3	6	23
3	6	24
6	11	33
0	11	90
0	9	91
10	12	33
5	20	63
1	5	25
5	7	22
5	7	24
3	5	24
2	4	24
4	4	24
4	7	30
4	8	30
4	6	23
2	4	23
1	15	91
0	11	89
3	5	24
3	8	22
4	9	31
7	10	26
4	5	23
2	6	21
3	6	20
0	4	24
5	10	30
1	5	90
0	13	90
1	4	23
2	5	21
2	5	20
4	6	26
3	6	22
2	8	22
1	7	22
2	6	22
5	4	23
0	11	90
0	11	90
2	7	22
7	9	27
3	7	23
3	5	22
3	6	23
1	3	22
2	6	22
2	5	22
2	4	21
3	5	24
4	7	24
3	22	91
3	7	29
3	12	30
2	5	22
1	9	90
0	9	90
0	2	20
1	4	22
0	15	90
5	4	24
5	5	24
5	5	26
5	5	24
5	5	25
5	10	24
0	2	21
0	4	22
2	7	21
0	10	90
0	7	59
0	8	90
0	8	90
5	6	27
0	5	91
1	-1	91
1	-1	91
4	10	30
2	7	24
5	7	25
0	11	90
0	12	90
0	8	91
3	5	21
2	3	22
1	13	90
0	6	90
11	16	39
12	17	40
10	16	39
11	15	38
11	14	36
10	13	33
12	18	40
13	16	40
11	20	40
2	5	22
0	10	91
0	8	90
0	9	91
1	14	91
0	1	21
0	2	21
0	11	88
0	7	91
0	0	20
4	6	25
0	-1	90
0	10	91
0	3	22
0	2	21
4	6	23
0	-1	90
0	7	91
1	12	90
7	11	28
0	9	65
0	11	65
2	5	22
4	4	22
5	9	26
8	11	31
1	3	20
6	15	29
5	7	26
5	6	25
3	5	21
9	16	37
6	9	30
1	4	21
2	4	23
0	4	20
0	9	91
6	8	25
2	7	23
0	22	90
4	10	30
2	6	22
2	7	21
2	6	21
3	7	23
2	7	22
3	8	24
1	8	90
0	8	91
2	30	90
5	8	24
9	6	30
0	10	90
0	10	91
0	9	91
0	10	91
0	4	21
0	8	90
0	15	91
10	11	32
10	11	31
10	12	33
8	9	35
9	9	33
8	13	32
8	12	30
8	13	32
3	4	30
4	7	30
7	8	24
7	8	30
2	5	21
1	2	20
1	5	21
0	31	90
0	2	91
3	4	23
0	8	90
0	33	89
2	6	20
3	5	23
6	12	34
4	7	24
6	8	24
6	25	90
1	1	91
0	5	89
6	7	25
0	11	91
0	8	91
3	6	22
5	6	23
0	9	90
5	12	30
0	10	91
0	11	90
7	8	30
0	14	91
1	7	91
5	7	26
0	3	22
0	3	21
0	4	20
2	7	21
0	9	91
3	8	22
3	6	25
7	10	30
2	4	21
3	6	24
2	5	22
0	2	20
6	8	30
1	3	21
3	6	20
3	7	21
3	4	25
3	3	22
2	3	22
4	8	25
4	7	24
1	6	20
4	8	22
4	7	22
2	5	21
0	16	90
2	4	21
3	4	21
0	5	91
0	8	90
0	11	91
0	12	90
0	7	90
0	11	91
0	1	21
4	7	23
3	6	22
9	15	34
5	8	25
1	4	45
0	4	45
0	10	90
0	13	91
0	6	91
0	12	90
2	7	22
3	7	21
0	12	91
7	9	25
2	6	21
3	5	21
7	12	31
5	8	24
0	11	91
0	10	90
1	2	23
2	6	21
2	5	21
0	10	89
0	10	91
1	11	90
0	10	90
0	12	91
0	11	90
2	6	20
1	21	90
5	8	24
0	6	90
2	3	20
1	3	20
0	5	23
1	5	21
0	4	23
0	2	20
2	6	20
2	5	22
3	5	21
2	7	23
2	5	22
2	7	22
2	4	20
6	6	24
0	2	91
10	9	31
2	3	22
3	6	24
0	13	91
0	12	90
1	4	23
7	8	26
4	6	23
2	4	24
2	5	23
1	5	22
1	4	21
4	9	26
5	11	27
0	13	91
6	12	27
4	6	22
4	6	22
3	5	23
3	4	22
4	5	24
2	5	21
3	4	23
1	4	20
0	10	90
0	12	91
2	4	21
2	5	22
4	8	22
0	10	91
4	7	22
0	12	90
0	13	91
3	6	27
4	6	24
7	9	26
6	12	30
2	5	22
6	10	27
9	11	32
13	13	42
12	12	40
12	11	38
12	11	36
6	12	35
3	7	21
5	7	24
0	10	91
4	9	25
3	9	23
3	8	21
7	8	25
5	9	25
5	7	30
2	5	21
2	5	22
4	6	24
5	10	30
3	8	25
4	9	25
4	9	24
3	8	23
3	7	20
9	12	29
3	6	23
3	9	26
3	8	25
3	5	21
2	5	25
4	8	25
4	5	24
5	6	24
4	5	22
5	10	25
1	4	21
1	3	21
1	3	20
14	18	43
11	14	34
2	4	23
3	5	22
2	9	25
2	7	22
5	9	24
5	7	26
3	7	24
3	6	23
2	5	23
5	8	24
4	8	27
8	9	26
7	8	25
7	8	26
3	9	23
3	5	25
2	6	22
1	5	21
2	5	21
4	8	22
4	7	25
3	8	24
3	7	23
3	5	21
8	12	31
3	7	21
3	9	24
3	9	23
3	9	22
5	8	24
0	38	90
0	36	90
9	14	36
10	12	35
3	6	22
3	6	24
7	11	30
3	6	23
2	5	26
3	5	22
3	6	21
3	4	26
5	11	31
6	13	32
3	8	24
4	8	25
4	5	23
3	4	21
4	6	23
4	5	23
3	5	22
6	8	31
7	10	26
5	9	26
6	8	27
7	10	28
0	4	20
3	8	24
4	8	23
4	7	22
0	8	91
0	12	91
5	9	24
0	7	91
5	8	28
0	19	91
0	9	90
3	9	24
3	7	22
3	10	24
5	13	30
4	8	25
3	7	22
5	13	31
4	17	32
5	13	31
4	9	23
4	12	27
5	10	24
4	10	24
5	10	26
4	9	24
4	10	30
5	7	22
10	14	34
1	5	21
3	6	22
5	8	24
7	11	29
2	5	22
6	9	26
4	8	26
3	7	22
0	5	22
7	12	27
9	7	28
0	2	22
0	7	90
0	9	91
5	8	26
3	8	23
3	7	24
4	4	26
6	7	22
2	5	20
6	11	24
7	10	30
4	8	27
6	9	27
6	9	27
5	8	24
0	3	91
0	7	90
5	8	29
5	9	30
6	10	31
3	6	24
4	7	25
4	6	22
3	6	21
3	5	21
2	8	22
5	7	28
6	7	30
2	8	21
6	9	26
3	5	23
0	3	91
0	11	91
3	8	30
8	10	34
7	9	30
11	15	37
0	11	91
0	5	20
6	10	24
0	3	21
4	6	22
4	7	25
6	7	27
4	6	22
0	9	91
1	6	20
1	3	22
2	7	23
8	11	32
5	12	30
3	7	25
5	7	24
3	9	23
4	9	24
2	9	23
8	8	31
1	2	22
1	3	21
2	5	20
3	5	22
2	4	21
3	7	20
5	12	27
8	13	33
0	7	90
2	6	22
1	32	90
8	10	26
3	5	22
2	5	21
11	15	41
2	7	21
6	10	26
10	12	27
4	6	24
2	7	23
0	7	21
2	4	21
5	9	27
8	13	32
6	10	31
6	13	31
7	9	32
8	13	33
3	7	23
4	6	21
6	9	25
6	10	24
5	8	23
3	33	90
3	9	23
4	7	24
10	11	33
3	11	30
2	6	21
4	6	23
9	14	39
10	15	32
7	12	32
4	9	23
5	9	25
3	7	22
7	9	31
2	6	23
2	6	22
3	7	22
3	8	23
3	9	22
6	13	28
8	10	32
4	9	25
2	7	22
2	4	21
1	11	91
0	12	91
6	8	23
0	4	91
3	8	22
2	6	20
5	7	27
5	9	26
1	3	20
1	5	21
0	5	90
6	6	24
5	6	23
5	6	28
7	8	28
5	6	26
7	7	29
7	8	29
5	6	22
3	7	22
3	7	22
5	3	24
7	8	25
9	12	36
8	12	30
8	8	27
5	7	27
6	8	26
7	11	30
2	4	23
7	10	26
6	10	27
6	9	26
9	9	30
4	15	30
4	7	24
3	7	23
3	7	22
5	12	30
4	10	30
3	8	23
1	4	23
7	15	31
7	9	25
5	11	24
9	9	27
2	5	22
6	8	26
7	12	27
0	6	91
1	8	89
6	7	24
7	10	28
7	12	28
8	11	32
3	7	23
6	11	30
1	7	20
0	4	42
0	3	42
2	5	21
2	5	22
1	5	20
0	5	21
3	5	22
7	12	33
6	15	35
2	8	24
4	6	26
3	7	24
2	7	23
4	11	27
6	10	27
7	10	28
8	12	34
4	6	23
7	9	25
6	7	24
4	8	22
3	5	22
2	28	90
0	34	90
1	34	90
0	35	90
0	35	90
0	36	90
0	15	90
5	6	26
6	7	26
5	9	23
0	11	90
1	4	24
1	6	24
1	5	23
3	7	22
3	7	23
3	7	24
2	6	20
3	8	25
0	4	20
3	24	91
3	7	23
0	-1	91
9	11	34
0	8	90
0	-1	91
0	-1	90
0	8	91
0	12	88
0	4	23
0	6	91
0	-1	90
0	8	90
2	23	54
7	13	30
3	11	25
0	7	90
0	5	91
8	13	32
9	13	31
1	4	20
3	6	21
5	8	27
5	9	26
3	40	91
5	-1	91
2	6	20
3	7	23
2	9	24
3	7	22
10	15	34
9	12	32
7	11	28
7	11	30
7	11	29
7	10	30
8	9	27
2	4	21
6	7	25
7	8	26
2	5	20
3	6	23
3	8	24
5	10	28
4	7	24
6	10	32
4	10	26
6	20	90
4	6	24
5	7	30
5	7	23
5	6	24
2	6	22
4	5	22
3	7	25
5	7	27
1	5	20
6	10	29
2	8	22
7	9	30
0	-1	88
0	13	90
0	12	90
1	7	90
5	6	25
5	13	32
6	11	26
5	10	25
4	7	22
3	10	25
3	6	22
5	9	27
5	9	25
7	10	28
7	10	26
7	10	31
5	6	25
5	9	28
11	15	36
8	11	28
2	6	22
5	8	23
4	6	25
2	11	24
3	14	28
7	12	29
7	12	28
9	14	32
6	10	25
2	8	22
2	8	23
2	6	21
0	14	91
0	8	90
6	13	30
3	6	20
2	13	25
4	7	22
3	7	22
6	12	32
4	7	24
4	6	23
0	8	91
0	9	90
10	12	32
0	13	91
0	11	90
7	12	25
1	7	22
6	8	23
6	8	25
3	6	22
1	4	20
0	5	21
2	4	22
7	10	28
4	8	23
2	6	21
5	11	31
4	8	26
2	6	24
0	5	21
7	8	27
5	8	24
3	8	23
2	6	22
6	9	25
0	2	22
0	3	23
0	2	26
0	2	25
0	2	23
0	2	22
0	3	23
0	4	20
4	8	26
8	9	32
4	6	23
1	6	21
6	7	26
5	10	31
4	9	22
5	10	30
3	8	21
8	9	27
0	2	21
0	-1	90
7	12	28
0	8	90
0	7	91
2	3	21
8	8	26
3	6	24
2	7	23
3	6	22
4	5	21
6	9	26
1	6	21
5	9	25
6	10	27
6	8	26
8	10	28
3	8	22
5	9	24
6	26	91
7	8	25
3	8	24
4	10	24
4	8	23
4	8	22
4	8	21
3	8	20
2	4	21
0	8	91
3	5	21
0	1	23
1	13	91
0	7	91
10	14	35
11	15	32
8	10	29
1	5	20
6	11	26
2	23	91
5	9	30
0	3	91
0	4	20
0	4	20
1	3	21
3	6	23
1	5	23
2	7	20
4	9	31
5	8	24
8	12	29
4	12	25
5	9	24
1	5	20
1	6	24
8	9	26
4	8	24
0	11	90
0	10	91
5	11	25
6	9	26
4	7	23
5	10	31
4	9	32
5	10	31
6	9	30
7	9	30
5	9	27
8	10	31
5	7	27
1	5	20
6	9	24
1	14	91
0	26	90
3	7	25
4	8	23
4	9	26
3	7	24
6	8	25
6	10	25
4	5	24
5	6	24
1	6	21
6	7	22
5	11	27
2	5	21
2	7	20
1	5	22
3	7	21
1	5	20
2	5	21
4	8	25
8	10	29
4	7	22
3	5	23
4	7	24
3	6	21
0	-1	90
0	6	90
5	9	30
9	14	31
3	8	23
2	7	22
4	9	26
2	2	22
3	4	22
2	3	21
1	5	22
2	6	21
6	8	26
0	4	91
3	12	89
0	1	69
16	31	90
5	8	23
5	8	23
3	5	21
3	6	23
3	6	22
1	4	20
1	8	22
9	14	36
7	11	27
4	9	23
6	8	26
0	16	90
3	8	23
3	6	21
0	14	91
0	9	90
3	5	23
4	8	20
0	10	90
0	12	91
4	6	23
3	11	29
6	8	26
4	5	23
1	5	23
0	3	21
10	17	36
1	4	20
0	8	91
0	5	91
3	7	23
4	8	24
10	12	39
4	8	24
2	4	22
2	5	21
3	5	23
4	6	22
5	7	23
0	11	90
0	7	91
7	8	27
7	7	25
0	15	91
0	12	91
3	9	28
4	8	22
6	8	31
7	8	29
6	10	32
5	8	28
6	10	30
7	11	35
5	7	25
3	7	24
4	8	26
5	8	29
4	7	24
7	11	26
3	6	23
10	13	34
4	7	24
6	9	26
0	8	91
1	8	91
1	12	90
5	7	23
0	13	76
0	13	76
1	1	22
4	8	24
4	8	24
0	11	91
1	14	90
1	4	22
2	3	21
0	6	91
0	10	91
1	3	21
4	24	90
3	8	23
3	6	23
3	6	22
3	6	25
3	6	24
5	7	26
1	2	22
0	5	22
0	4	20
1	3	22
1	3	25
0	6	91
0	12	91
1	4	20
2	5	21
4	5	22
3	6	24
4	7	23
3	7	24
2	8	25
4	8	26
2	7	25
10	15	34
11	8	30
2	7	25
3	8	23
1	5	91
0	4	90
6	7	35
3	7	26
0	9	47
1	8	90
5	10	26
0	-1	91
0	14	90
3	6	22
3	11	26
4	39	90
0	7	22
4	10	24
5	8	26
6	8	25
2	5	21
3	5	21
2	4	21
7	11	33
5	9	30
0	6	91
0	8	91
4	6	23
3	10	23
5	10	24
5	10	33
2	6	21
3	8	24
8	13	31
0	37	90
0	10	90
1	3	21
5	9	22
8	9	25
0	14	91
4	9	23
3	9	24
0	8	91
0	7	91
0	15	88
7	11	27
7	8	30
3	5	25
0	4	24
1	5	22
5	13	33
2	6	21
3	7	21
10	16	33
9	13	29
1	5	22
2	5	20
0	4	20
2	5	21
0	6	61
4	8	23
2	4	22
2	6	24
12	16	42
13	17	44
14	20	46
27	34	89
12	16	40
9	14	38
18	22	60
16	19	52
13	17	46
10	11	33
11	14	36
9	14	40
9	11	35
10	12	34
17	17	49
27	34	91
11	14	37
27	34	90
28	33	90
12	15	40
13	14	41
28	33	91
28	32	91
11	13	36
27	32	91
26	31	90
27	32	91
27	31	91
11	12	37
14	14	45
10	11	32
10	11	32
13	12	39
12	13	42
13	13	40
27	32	91
16	16	51
17	20	60
8	10	27
4	10	30
0	6	90
0	6	91
11	14	35
8	10	30
0	9	90
2	4	23
2	4	22
0	7	84
0	9	84
2	3	22
2	6	22
6	11	30
0	6	91
0	11	89
2	7	22
2	5	21
2	7	22
0	18	91
0	8	91
9	11	33
10	10	31
2	5	22
5	5	30
2	4	21
2	5	21
1	15	91
0	17	91
0	19	88
0	8	91
8	12	30
6	10	26
6	7	25
0	6	36
6	7	24
0	17	76
1	8	76
3	5	22
1	6	22
1	4	21
1	5	20
6	7	24
0	9	91
0	10	90
1	10	24
6	7	24
1	3	22
6	10	24
4	8	24
6	6	23
3	5	23
0	5	20
0	11	91
0	11	90
0	6	91
5	6	26
1	12	91
0	13	91
2	6	20
1	7	20
3	46	91
3	8	23
2	8	22
0	1	20
1	11	90
0	12	91
3	7	24
3	6	22
3	8	23
2	8	22
6	10	30
1	11	89
0	29	91
1	4	22
1	4	22
1	3	20
6	9	30
0	-1	89
0	15	91
2	5	22
4	5	23
6	7	26
2	9	24
4	4	26
4	9	25
0	11	90
2	6	20
0	13	91
1	16	91
6	13	35
1	4	23
1	4	21
8	12	28
7	11	30
5	6	24
7	9	26
1	5	20
0	13	90
0	4	91
7	10	32
5	7	23
2	5	21
5	7	22
1	5	20
7	7	33
0	5	90
0	5	91
5	12	28
4	7	26
4	10	25
4	8	24
4	8	23
5	9	25
5	7	25
4	7	25
3	7	24
4	7	23
6	7	25
1	13	90
9	11	33
0	7	91
0	18	90
0	16	91
1	15	91
0	12	91
4	6	26
3	8	23
1	6	22
2	6	22
0	4	22
4	8	26
5	12	31
6	10	30
3	5	24
4	7	24
4	8	21
3	7	23
3	10	30
6	10	24
3	8	22
6	10	28
3	5	22
3	5	21
2	4	20
2	5	22
3	6	22
4	9	23
0	8	90
0	16	91
9	13	32
3	8	22
1	25	90
0	-1	90
0	25	90
0	26	90
0	26	90
8	11	31
6	6	25
3	4	26
0	10	90
0	-1	91
0	9	91
0	9	91
3	8	26
3	7	25
2	5	22
2	10	90
1	9	91
4	7	24
0	11	91
1	2	22
0	-1	90
6	10	25
0	11	83
5	7	24
5	8	24
2	6	21
2	8	22
0	5	91
1	11	89
0	12	91
3	5	23
0	11	91
0	7	91
0	15	90
0	10	90
2	4	21
10	10	34
9	9	30
2	6	20
0	23	91
0	24	91
2	25	91
1	-1	91
5	5	24
3	6	22
3	6	22
3	7	22
3	5	24
3	6	24
3	8	25
6	14	29
3	6	23
5	7	24
4	10	25
4	10	25
5	8	24
4	9	24
2	7	23
3	6	22
2	7	24
3	7	26
2	7	24
2	5	22
2	5	21
0	11	91
4	7	23
4	9	23
4	9	22
1	13	91
8	7	27
6	5	26
2	6	23
3	5	21
4	10	27
7	11	30
6	13	32
5	11	30
0	11	90
0	8	91
1	8	21
4	4	24
0	7	91
0	6	90
0	13	90
0	14	91
4	7	24
3	6	23
2	7	23
2	7	21
4	9	28
4	8	26
4	9	27
3	9	25
5	5	22
4	6	26
0	3	21
2	7	23
7	6	27
6	10	29
9	7	37
2	6	21
0	5	91
2	7	23
5	6	25
4	8	25
3	6	22
3	6	22
4	4	25
2	3	21
0	7	90
4	5	23
3	4	22
2	4	20
4	6	30
0	8	90
0	8	90
5	6	25
0	2	22
5	6	22
3	8	22
0	8	90
0	11	89
6	6	30
4	4	24
4	4	25
0	9	72
3	6	22
2	6	24
1	11	57
0	7	91
6	9	30
6	11	31
6	12	30
4	9	27
6	10	28
8	12	30
2	10	27
4	9	27
0	11	90
4	7	25
0	6	90
1	7	91
1	3	20
5	5	24
4	5	24
1	3	23
4	6	23
4	8	25
2	3	21
0	3	21
0	3	20
1	11	91
5	9	27
0	4	38
0	13	91
0	21	90
0	10	91
6	9	26
7	12	33
9	12	32
8	10	27
7	11	32
5	12	30
3	7	23
3	6	23
2	7	24
2	5	22
3	5	21
0	3	23
1	6	22
1	10	91
0	15	89
1	2	22
0	3	21
1	4	21
0	3	22
3	6	22
0	10	91
0	6	91
7	7	27
4	8	22
0	8	91
0	10	90
0	2	21
1	3	23
2	2	21
2	6	21
3	8	23
4	7	22
0	10	90
0	14	90
0	13	91
3	3	21
0	-1	63
8	12	30
8	11	29
0	9	90
0	7	90
2	6	22
1	4	21
7	9	27
0	3	23
4	6	23
1	5	21
5	8	24
5	8	25
5	7	24
6	9	27
4	7	22
0	17	91
0	13	91
6	30	90
5	8	32
7	7	25
7	8	26
7	7	26
0	10	87
0	8	91
3	7	24
5	8	24
0	4	91
0	5	91
1	6	21
0	8	91
0	17	91
0	14	90
5	9	26
1	4	20
1	3	21
0	3	23
1	4	22
0	8	88
0	6	60
5	14	27
6	11	26
5	10	27
9	11	32
0	4	22
2	8	23
4	7	23
0	9	91
0	-1	91
4	7	24
5	11	31
2	5	23
4	8	31
4	8	31
4	9	30
4	8	30
2	5	24
2	4	23
6	11	32
3	5	23
3	8	22
0	11	89
0	11	89
3	4	23
4	10	23
1	6	20
1	7	21
5	10	27
0	5	22
11	12	41
3	5	20
0	11	88
0	13	88
2	6	24
3	6	24
7	11	29
1	6	22
0	14	88
4	5	24
4	9	26
5	7	25
3	6	22
3	6	22
2	5	22
0	11	91
0	10	91
6	9	27
7	11	29
4	8	22
3	6	21
3	6	22
8	11	30
2	8	23
4	9	23
3	7	24
2	7	22
3	7	22
6	9	23
4	4	23
1	6	21
3	6	25
3	5	24
5	5	24
3	7	24
5	7	25
4	10	31
5	8	26
4	7	24
3	6	23
3	8	22
3	8	23
2	7	21
3	8	24
3	6	22
6	7	24
5	8	27
2	7	22
5	7	26
2	6	20
1	4	20
2	5	24
2	6	22
4	7	21
3	4	21
6	9	24
2	9	22
4	8	21
3	7	21
5	8	30
7	11	34
6	7	24
5	10	31
3	7	23
5	5	23
2	4	23
2	4	21
5	10	24
6	11	31
2	6	21
5	6	26
2	6	20
4	7	22
3	5	23
2	9	23
2	7	21
2	7	22
2	8	24
1	3	22
2	5	22
4	9	25
2	12	91
0	11	90
5	9	26
5	8	25
7	10	26
5	10	25
3	7	23
2	8	23
2	6	22
6	8	26
7	12	26
7	11	25
6	11	30
4	7	24
6	10	30
3	9	22
6	9	27
4	7	22
0	9	90
5	6	24
0	9	91
8	7	30
6	7	25
0	37	91
5	5	23
8	9	31
3	5	21
5	9	27
3	7	22
3	6	22
4	7	26
4	8	24
4	9	27
5	7	25
5	8	26
3	7	23
6	11	30
2	5	20
3	8	25
3	7	24
2	5	25
5	6	26
5	6	25
5	9	25
4	6	23
4	7	22
0	14	91
0	13	91
1	15	91
6	7	25
5	6	24
2	6	20
5	14	30
2	7	20
12	14	34
6	10	27
6	8	25
0	4	21
11	10	34
4	5	22
3	8	26
3	8	22
5	9	23
6	8	24
4	11	25
5	6	23
3	6	25
1	5	21
2	5	20
2	7	22
4	8	23
3	8	24
0	9	91
0	12	90
3	9	22
2	4	22
2	4	24
3	8	24
1	9	23
6	10	31
0	10	89
5	6	23
2	3	20
4	7	21
3	6	22
7	11	31
0	3	21
0	2	22
1	32	90
2	6	21
2	8	21
4	6	24
0	14	90
1	12	90
9	11	32
9	13	34
9	12	33
8	12	30
0	14	90
0	6	90
5	7	25
3	5	23
2	9	22
0	13	85
1	14	91
0	16	91
2	4	21
3	6	21
4	5	25
3	5	23
0	12	90
0	6	91
8	7	28
2	5	21
2	5	21
0	3	20
9	23	90
2	8	23
0	0	21
0	2	21
3	6	24
3	7	21
2	6	21
1	5	91
0	9	91
0	12	91
2	8	21
4	7	22
0	13	91
0	7	90
2	3	20
3	6	22
2	7	22
2	7	21
6	12	33
6	11	28
4	12	28
4	8	25
2	5	22
4	8	26
3	7	24
5	6	25
4	6	24
7	5	24
0	6	91
0	5	91
2	7	21
3	9	22
5	8	23
1	12	91
2	6	23
7	9	31
2	7	22
7	12	31
2	7	24
2	5	21
1	4	22
0	14	90
3	6	21
8	13	31
2	4	20
5	8	22
0	5	36
8	8	28
4	10	28
3	6	22
5	8	22
4	7	22
3	4	22
3	6	21
2	8	22
4	6	22
6	14	31
0	11	87
4	7	26
0	4	32
0	7	32
0	12	90
0	11	90
8	15	33
2	7	22
1	7	22
5	6	22
4	5	23
3	5	22
3	5	20
5	9	26
6	10	31
6	9	33
7	8	31
7	11	33
5	11	26
4	9	24
5	10	27
6	10	29
3	6	20
0	8	91
3	6	21
3	8	22
1	5	21
3	5	22
2	6	21
5	8	23
4	7	22
0	6	91
0	6	91
5	9	24
5	7	26
3	8	23
2	7	22
2	7	21
2	7	22
2	6	21
3	4	20
3	6	21
5	8	28
5	5	25
8	7	28
7	6	27
10	11	32
12	12	36
2	8	22
2	8	21
0	10	91
4	9	22
7	10	30
6	11	30
3	7	27
9	15	32
0	13	91
0	14	90
5	6	24
8	14	33
11	14	36
0	13	91
6	8	27
6	9	25
6	9	26
5	7	26
2	5	25
6	14	28
7	13	30
2	7	23
4	6	22
3	7	24
3	7	22
2	7	21
3	6	21
4	10	31
8	12	32
2	5	21
3	6	22
4	10	25
6	8	27
4	9	25
3	6	22
3	6	21
2	6	21
4	9	25
4	7	25
4	6	24
6	9	26
6	10	26
5	8	24
4	6	23
3	6	23
6	9	27
4	9	26
8	10	30
9	12	35
7	12	31
6	10	31
7	12	33
8	12	33
8	14	34
5	9	24
8	13	32
0	13	88
0	-1	90
8	13	34
4	8	23
3	7	27
6	10	30
8	12	32
5	10	28
4	10	28
6	9	27
4	12	31
5	12	27
6	10	30
7	10	26
4	7	24
8	9	25
2	5	22
2	5	22
2	5	24
3	5	22
2	8	23
6	12	32
8	9	25
1	5	22
5	8	24
7	8	25
2	4	21
6	12	25
5	8	22
4	11	26
4	9	26
4	10	27
7	10	29
3	6	21
2	4	21
5	6	23
4	6	24
4	7	23
1	7	91
1	9	91
3	5	21
3	7	21
3	8	22
1	7	24
0	24	91
7	10	27
8	8	25
3	6	24
0	35	90
4	9	24
4	7	23
4	8	23
4	8	25
5	9	30
4	7	23
4	7	23
5	8	24
1	7	24
5	21	91
5	7	26
4	10	27
4	10	25
6	10	32
2	7	24
4	9	25
4	8	24
4	7	23
5	7	22
5	8	25
6	8	26
4	7	24
0	8	90
0	6	90
8	11	29
6	9	28
0	11	91
7	7	24
4	9	23
3	8	22
6	4	24
5	3	23
2	5	23
5	6	23
3	13	29
2	7	21
6	26	90
5	9	25
1	6	25
10	11	30
5	10	25
5	7	24
2	8	22
1	8	20
2	7	24
3	8	24
4	6	24
4	7	24
2	7	23
2	6	24
2	5	21
2	5	25
3	7	24
3	5	20
6	11	27
8	9	26
6	11	27
6	9	27
12	14	39
11	14	34
9	11	32
4	7	20
2	5	24
1	1	21
1	1	22
0	11	91
0	8	89
4	7	26
9	10	28
7	13	31
7	10	26
7	11	25
5	10	25
5	10	25
5	9	25
4	9	24
3	6	21
4	8	22
3	6	23
4	8	25
1	5	22
4	9	22
7	9	31
2	6	22
1	8	23
6	9	32
5	8	32
3	9	27
2	7	25
0	10	91
1	11	91
0	10	91
0	10	89
5	9	27
7	9	32
1	5	20
3	6	22
3	7	22
1	5	22
2	6	25
1	3	21
4	26	90
2	5	22
2	7	24
1	3	22
4	12	26
3	-1	91
8	8	30
0	4	21
1	5	22
1	4	21
4	10	26
6	7	26
3	6	22
3	4	20
3	5	31
0	13	90
0	9	90
0	13	91
0	4	91
11	11	35
2	8	20
0	12	90
0	15	90
3	9	28
0	9	91
0	10	91
3	6	23
2	3	20
3	4	25
3	7	20
1	3	22
0	9	91
0	8	91
3	6	22
10	11	30
0	14	91
0	8	90
4	8	24
4	9	23
5	9	25
4	10	24
3	8	23
3	8	25
3	6	25
3	7	23
2	7	23
2	6	22
2	6	21
6	12	31
2	7	22
3	6	22
4	8	23
3	8	30
9	13	35
9	11	32
8	10	31
9	12	34
14	14	42
10	13	32
5	7	25
3	5	23
2	5	21
3	10	24
3	8	21
5	11	30
3	6	20
2	6	21
0	5	90
0	8	90
2	6	21
2	5	21
4	9	26
3	8	21
4	10	30
6	12	32
3	8	24
1	8	22
7	11	25
5	8	25
3	10	24
5	10	25
5	8	28
5	10	27
5	8	24
5	8	25
4	6	23
6	12	30
6	13	32
3	5	22
1	7	21
5	8	22
0	26	88
4	9	28
10	15	37
8	11	30
3	6	22
9	10	33
2	7	22
3	5	22
4	10	30
2	7	22
0	13	91
0	4	91
1	6	21
3	5	23
3	6	22
4	8	23
4	8	24
3	9	25
4	9	24
8	9	35
3	8	21
9	44	91
3	6	24
2	6	23
2	7	23
3	8	21
4	8	23
3	7	24
4	8	22
2	5	22
2	6	21
4	6	24
4	7	24
3	6	21
4	8	23
2	5	22
3	6	21
3	6	22
0	8	44
5	9	25
4	8	23
4	6	23
4	6	27
4	6	22
4	6	22
5	5	25
3	8	22
4	8	23
4	7	22
2	7	24
2	7	22
8	9	26
5	9	24
8	9	30
1	4	21
2	5	22
9	12	31
5	7	23
3	6	23
5	8	31
5	13	30
7	11	28
11	10	32
4	8	21
4	9	26
5	9	26
4	8	24
2	6	23
3	7	21
1	6	21
3	7	22
1	3	22
1	3	21
0	10	72
10	10	33
3	7	23
5	9	30
5	9	23
9	25	90
2	7	22
6	10	31
5	9	30
7	9	28
4	8	23
2	11	26
5	8	23
0	10	90
1	9	91
0	7	90
0	14	91
4	6	22
5	8	30
2	6	21
6	11	30
7	10	28
6	12	26
3	9	24
3	8	21
9	13	30
3	8	22
9	13	35
2	5	23
1	6	21
8	10	28
5	11	25
2	4	24
2	6	23
4	8	26
3	9	27
0	4	22
8	11	28
6	6	31
3	7	23
3	8	23
1	7	21
4	9	26
7	9	31
0	5	91
4	7	25
2	6	23
0	9	90
0	9	91
5	12	29
5	7	24
1	5	20
7	11	25
6	10	26
7	10	26
6	11	26
3	5	20
3	6	21
2	3	20
6	11	27
7	8	29
5	11	26
5	10	26
5	11	30
4	10	25
2	6	21
5	11	32
6	12	30
0	7	21
2	5	21
2	6	22
6	10	26
4	10	26
3	7	24
4	7	23
4	8	25
0	10	91
0	8	90
6	9	26
0	11	90
0	9	91
1	6	91
0	6	90
6	8	25
11	15	35
3	6	23
5	8	25
4	7	30
8	8	32
2	9	24
3	7	23
4	6	21
3	8	23
2	7	22
4	6	22
1	6	90
6	7	26
6	7	24
0	12	91
1	4	20
2	6	21
4	7	27
3	6	20
2	7	22
2	4	35
10	13	39
2	6	22
2	4	21
4	10	24
3	8	24
4	8	25
3	6	24
6	11	31
2	7	23
2	6	22
3	7	22
3	9	24
4	8	25
5	9	26
4	9	26
8	13	29
3	10	26
4	9	24
0	27	90
4	5	24
6	8	26
3	7	23
3	8	22
9	12	32
6	11	29
5	10	25
3	11	24
5	7	24
5	10	24
3	8	23
3	8	22
2	6	22
4	8	24
4	8	23
6	10	25
5	11	27
5	11	27
6	10	26
5	10	25
4	8	23
5	8	23
4	8	25
5	8	24
5	8	26
6	11	32
7	9	32
2	5	22
4	8	24
5	9	23
5	10	23
0	8	76
2	5	23
2	5	22
0	10	91
4	4	26
4	5	24
4	7	24
4	9	25
3	6	23
7	10	27
8	8	33
8	8	33
0	7	91
5	7	24
0	12	90
0	7	91
0	10	91
0	10	90
3	5	23
3	5	22
9	12	31
6	10	27
4	9	30
5	7	30
9	11	36
2	4	21
4	5	23
5	7	26
5	8	26
8	11	33
6	9	27
5	9	27
2	9	26
3	7	23
3	10	26
2	8	23
2	7	22
3	5	27
2	11	29
6	6	25
2	9	91
0	21	90
3	5	22
2	6	22
2	7	22
2	6	20
4	6	24
3	7	22
3	6	21
0	0	91
0	0	91
0	0	90
7	12	27
4	8	27
3	6	24
1	3	21
0	4	20
2	6	22
8	11	33
7	10	32
9	11	33
9	9	30
0	13	91
0	14	91
0	16	90
1	3	20
0	7	90
1	12	54
1	3	21
0	10	91
0	11	91
2	6	22
1	6	91
0	3	91
3	10	26
4	9	25
3	8	24
4	8	23
4	8	23
5	9	26
5	9	30
0	19	91
0	12	91
0	10	89
0	4	91
4	6	23
8	13	28
1	3	20
4	7	26
1	7	25
5	6	25
5	9	25
0	15	91
0	16	91
4	10	30
6	8	25
3	7	23
4	8	30
0	13	86
0	9	86
6	6	34
3	6	23
3	7	22
2	5	23
3	6	20
6	11	31
5	6	24
4	5	24
0	8	91
0	10	91
0	8	91
0	3	90
9	13	36
0	13	91
1	4	23
2	5	22
2	9	22
2	6	20
5	9	25
3	6	23
4	5	22
0	29	91
1	7	22
0	3	20
0	4	21
0	6	72
0	17	90
5	10	28
3	6	24
2	4	23
2	4	22
5	6	26
4	7	24
3	8	23
0	3	21
7	8	31
5	5	25
5	4	27
3	4	23
6	5	25
3	11	91
5	10	91
0	14	91
4	7	24
3	6	23
0	-1	91
6	9	27
4	6	24
3	9	23
2	8	24
4	8	23
3	5	22
5	14	34
7	13	32
4	7	23
3	5	22
3	7	22
2	4	22
0	13	91
0	11	90
3	9	25
2	6	22
5	4	26
1	1	21
0	2	20
4	5	24
3	6	25
6	9	24
4	7	24
2	7	22
3	6	22
2	4	24
5	8	27
0	2	22
1	17	90
6	8	25
0	7	67
0	3	23
3	4	22
3	6	23
2	7	22
2	6	21
0	1	22
6	9	26
5	12	31
4	10	26
3	7	23
4	6	22
4	7	25
3	9	26
10	14	38
9	13	36
5	9	33
4	8	23
3	5	22
5	5	22
8	30	90
3	8	22
2	5	21
6	13	31
2	6	21
5	6	23
6	12	30
6	11	25
8	9	33
5	7	26
3	6	23
4	7	24
3	7	22
4	7	22
6	11	31
8	11	31
6	9	28
5	10	25
2	6	21
3	5	21
0	6	53
0	7	53
6	9	26
0	7	91
11	9	37
11	10	37
10	13	40
10	11	39
11	13	35
8	13	33
8	13	35
8	13	32
9	14	32
6	13	30
7	10	28
6	10	26
7	13	30
3	8	23
6	8	26
4	7	22
4	6	23
2	8	21
5	8	23
8	14	35
8	11	32
9	10	30
8	11	31
6	9	26
3	7	23
0	11	91
5	7	24
2	6	22
1	2	21
7	13	30
4	7	23
3	8	23
3	7	24
4	7	22
3	6	22
4	7	25
3	9	24
3	8	24
3	30	91
4	4	22
1	4	22
9	12	32
2	6	20
7	8	26
6	8	30
5	9	26
4	11	23
2	5	21
7	12	31
5	9	24
5	9	27
4	7	21
0	6	89
4	8	22
6	9	25
0	5	33
7	8	24
9	13	30
5	10	27
6	10	27
1	4	22
9	12	33
5	9	29
2	4	21
1	5	21
1	7	22
1	6	24
2	6	23
6	9	23
4	10	25
1	6	23
2	5	22
1	4	22
5	7	27
7	12	35
6	10	26
7	10	26
5	7	24
6	7	30
4	6	21
4	7	22
2	10	25
9	13	32
5	6	23
7	11	26
2	8	24
4	5	23
0	25	91
2	8	23
4	8	23
4	10	23
3	6	24
0	8	80
0	9	80
4	10	30
5	10	26
3	8	23
4	7	23
4	7	22
7	8	25
2	5	24
5	8	23
4	9	24
0	10	90
0	17	91
0	12	90
2	4	21
3	6	23
0	10	91
0	12	89
4	16	90
0	7	90
0	4	91
3	7	24
1	5	21
10	13	34
3	6	21
0	5	22
0	3	24
0	2	21
3	5	21
0	7	23
5	7	25
8	14	35
1	12	90
1	7	90
1	6	21
4	6	30
2	6	26
6	11	31
9	11	36
4	7	24
4	6	23
4	8	23
6	13	29
5	7	25
0	4	21
6	10	32
7	10	32
3	7	25
4	9	24
4	8	28
4	7	22
4	6	23
3	5	24
4	5	23
0	6	91
2	11	91
6	9	23
6	10	25
5	6	23
5	6	22
3	6	23
9	12	31
9	14	35
5	3	25
4	11	26
0	13	90
1	10	91
0	13	91
0	10	91
9	12	30
3	6	22
2	7	21
4	9	23
1	4	20
4	8	30
4	4	23
2	4	23
4	11	24
8	13	29
3	8	25
2	6	23
0	8	22
2	5	22
2	4	23
9	10	30
4	8	28
0	11	90
4	6	22
4	6	22
1	3	21
2	6	22
6	7	26
4	8	25
0	21	91
0	8	90
4	10	30
0	5	90
3	8	22
2	5	21
8	9	31
8	11	29
0	18	90
2	61	91
4	5	23
1	4	21
4	7	25
3	4	20
9	10	33
10	11	31
3	5	22
2	4	21
2	6	24
3	5	22
2	7	25
3	6	24
2	4	21
2	5	22
3	6	23
3	7	27
3	6	23
3	7	25
7	9	32
0	8	91
6	8	25
6	7	26
0	10	90
0	-1	90
1	4	20
3	4	25
2	5	23
6	8	25
4	7	21
5	7	23
4	8	25
2	7	22
3	6	22
3	7	23
2	7	22
7	10	32
0	26	90
2	4	23
1	3	20
3	6	24
3	6	24
2	4	23
2	6	25
2	3	21
2	4	22
0	10	91
0	13	91
0	10	91
4	8	22
3	7	22
11	12	32
4	5	22
3	5	23
5	8	24
3	5	23
3	5	21
2	5	20
6	9	24
0	10	90
0	7	89
9	9	34
3	8	25
3	8	24
3	7	24
3	7	22
2	6	22
0	9	90
0	9	90
0	13	90
2	6	21
5	8	23
4	9	25
2	8	22
2	5	23
2	5	20
4	8	22
3	5	22
2	8	21
6	7	23
5	11	30
3	6	24
3	6	23
0	9	91
0	5	91
3	8	23
4	7	23
1	4	21
0	7	89
3	7	21
2	7	20
2	3	21
1	5	21
4	6	24
4	5	24
0	11	90
0	7	91
0	11	73
2	4	22
2	4	21
0	7	90
0	11	91
0	2	91
0	2	91
0	3	22
0	14	90
3	7	21
4	6	22
2	7	23
2	6	22
3	7	22
3	6	22
7	9	26
4	9	25
9	10	27
6	8	32
4	8	22
1	6	20
3	4	21
2	8	24
2	7	21
2	6	23
0	3	20
1	4	22
7	9	24
4	8	26
5	8	22
3	6	21
0	8	91
9	9	32
4	7	22
7	9	26
4	7	22
6	10	30
2	6	23
5	6	25
4	6	22
5	9	26
1	5	24
5	8	30
3	6	23
3	8	23
6	8	26
5	11	27
5	6	23
3	6	24
3	6	22
6	9	30
8	10	33
2	8	24
7	9	27
2	5	21
4	8	23
0	4	91
0	4	91
8	11	32
0	7	91
2	11	24
4	7	23
9	8	30
5	5	24
5	9	31
2	7	22
0	10	91
0	6	90
3	7	25
5	7	23
2	5	21
2	6	22
6	10	26
8	10	32
5	7	26
5	8	25
8	9	30
9	9	30
3	7	21
3	6	21
2	5	23
3	4	22
6	9	31
8	13	30
5	10	27
4	11	26
3	6	25
2	5	23
7	8	30
6	11	30
4	8	24
11	11	34
11	11	35
0	6	90
0	7	91
7	8	31
2	9	22
3	8	22
1	6	21
10	14	41
2	28	91
5	7	22
4	7	23
7	11	30
5	10	32
7	10	30
6	7	26
7	7	26
4	5	24
3	6	21
5	10	26
4	5	23
0	16	91
0	15	90
2	3	21
6	8	24
7	11	31
1	5	21
4	7	22
0	9	90
4	7	22
2	5	25
6	11	27
3	7	23
2	5	21
2	6	21
3	7	21
2	8	22
2	7	24
5	6	24
3	5	25
4	5	23
7	8	28
7	8	27
5	8	26
7	9	27
6	8	25
3	5	23
1	9	22
0	5	22
0	22	90
0	23	90
1	8	22
4	5	23
7	7	26
6	9	30
1	9	21
7	10	27
6	9	27
3	4	20
6	10	26
9	10	31
4	13	41
1	8	24
5	7	25
6	9	26
5	9	26
3	8	24
4	9	25
5	8	25
6	8	26
4	7	22
5	7	25
4	7	22
4	6	21
5	7	22
4	6	23
0	26	91
3	6	21
8	12	29
3	7	24
3	9	23
3	7	23
1	7	20
8	11	32
5	7	24
11	10	32
5	9	24
6	7	28
4	7	25
1	5	23
7	10	27
3	10	25
7	7	26
5	7	31
6	8	29
2	7	23
2	7	22
0	20	90
0	11	90
4	8	24
0	14	90
4	9	26
3	6	22
2	7	21
2	17	91
8	12	32
10	13	33
8	13	29
7	10	28
9	9	27
0	13	91
0	3	91
4	8	21
4	7	21
2	6	21
0	-1	91
0	-1	90
3	8	24
3	7	22
6	9	26
4	14	30
6	8	28
6	9	24
6	10	26
7	9	31
6	6	24
4	10	31
3	8	25
4	9	26
10	14	38
11	13	34
10	11	34
9	10	31
1	7	21
2	6	23
4	10	24
0	4	22
7	10	27
6	11	28
3	9	23
3	4	20
5	6	22
10	16	35
0	22	91
3	10	25
5	7	23
8	12	35
3	10	23
0	8	91
0	9	91
6	7	27
2	6	22
5	7	23
4	7	24
5	7	22
4	7	24
3	10	23
4	9	24
3	10	23
3	9	23
5	6	22
3	8	23
7	9	29
5	8	22
3	8	26
7	9	28
3	3	23
8	12	33
3	8	24
7	10	24
10	15	37
3	6	22
4	6	25
6	6	24
4	7	27
5	7	25
2	6	22
2	6	23
2	5	20
2	3	24
3	9	22
4	11	31
2	6	20
4	8	24
0	13	91
5	11	30
3	6	22
3	29	90
3	8	21
4	5	23
0	7	22
6	8	30
7	11	33
6	8	30
4	7	25
2	8	24
3	5	21
6	10	26
0	11	91
0	12	91
5	9	25
5	8	24
5	8	25
3	6	22
5	9	25
5	9	26
5	7	23
4	8	24
5	7	26
6	9	24
3	6	23
0	6	91
0	4	20
3	6	22
5	11	29
5	7	30
4	7	23
3	4	24
10	12	35
5	11	28
8	12	32
8	9	27
0	5	90
0	7	91
5	9	25
3	8	22
3	6	22
3	6	22
2	8	23
2	7	21
2	6	22
2	6	21
3	6	23
6	12	31
3	8	21
5	8	24
8	11	33
2	4	23
2	5	22
2	5	23
3	5	25
3	5	24
3	5	23
2	4	21
0	6	91
0	12	89
3	6	25
3	8	25
4	8	22
5	8	26
4	8	24
4	6	23
4	7	25
2	6	22
2	6	21
10	15	34
12	13	33
10	13	32
3	6	21
0	14	89
1	12	88
0	7	90
0	6	90
0	6	90
1	6	90
6	11	26
6	13	33
7	9	24
2	5	22
2	5	20
9	9	31
2	6	21
8	15	35
5	7	21
2	6	21
1	7	21
5	10	30
4	9	26
4	7	21
4	8	21
1	5	21
1	4	22
3	6	21
3	7	22
6	12	34
5	9	26
5	8	25
6	12	32
4	10	31
8	10	28
6	10	27
0	3	21
5	7	26
8	11	33
3	7	23
0	8	69
4	7	23
0	9	90
1	9	89
0	5	20
3	6	23
5	6	22
3	5	23
2	7	21
4	8	24
6	14	32
8	11	31
8	11	30
0	5	91
0	14	91
6	9	26
4	9	23
1	5	22
0	12	91
0	10	90
4	6	23
0	-1	90
0	9	74
2	6	23
2	5	21
3	6	21
3	8	24
2	5	23
6	9	26
8	14	33
8	11	30
6	7	28
5	10	25
0	10	91
0	7	88
5	13	31
5	13	30
7	12	35
5	15	33
1	5	21
1	7	91
0	3	22
8	12	30
1	7	22
1	5	20
0	8	90
3	8	27
10	17	36
0	-1	90
2	6	20
10	9	32
0	11	90
2	5	20
2	5	21
3	6	23
2	5	22
5	5	21
1	6	21
5	10	24
4	6	22
0	4	90
0	9	91
2	4	22
2	7	21
2	4	22
0	6	23
4	7	26
3	4	22
0	17	90
0	16	91
0	14	90
6	10	26
2	6	21
4	6	23
2	6	21
2	6	21
6	9	24
0	4	20
2	5	21
3	9	24
4	8	24
3	7	23
5	10	28
5	10	30
5	9	24
5	8	26
4	9	23
1	2	22
1	7	20
0	12	91
0	10	91
3	4	26
5	7	24
5	6	24
4	7	24
3	5	24
6	10	26
7	14	32
0	14	91
0	10	91
9	12	31
9	13	33
9	9	29
11	10	34
8	10	31
9	8	30
7	12	29
6	10	31
0	11	89
0	9	91
0	11	91
4	7	23
0	2	87
3	8	24
4	6	24
9	9	32
8	11	33
8	8	26
7	7	27
4	6	22
3	5	21
2	6	21
5	8	24
5	9	24
3	-1	91
5	-1	91
6	9	29
13	11	36
4	8	22
4	8	23
6	9	26
4	8	28
6	10	30
3	5	22
3	7	21
4	7	25
8	11	28
2	5	21
0	17	78
0	6	91
2	7	23
5	9	31
2	10	24
6	11	31
5	13	35
7	16	33
5	10	28
4	11	27
6	14	31
4	10	29
5	11	27
6	10	33
6	13	34
6	11	30
2	4	20
8	9	30
2	4	22
2	7	22
5	7	23
6	11	31
5	9	24
2	7	22
5	5	27
3	3	22
0	6	90
0	17	90
3	5	22
2	4	21
0	10	91
9	10	30
2	8	23
4	8	23
2	10	22
2	8	23
2	8	22
2	7	22
4	6	22
1	6	21
7	9	26
4	7	24
3	7	22
0	7	90
0	7	90
0	10	91
9	12	33
8	11	30
10	9	32
4	8	24
0	9	91
0	6	91
0	18	88
3	7	21
3	11	30
2	6	20
0	7	91
0	7	90
2	6	24
0	13	90
1	13	90
1	4	21
1	4	22
5	9	24
7	11	27
0	4	21
8	13	35
2	5	23
3	7	24
2	7	21
9	11	32
2	4	21
2	3	20
8	10	31
7	13	30
8	11	31
7	8	28
5	10	25
0	11	90
3	7	24
3	6	22
3	6	22
4	9	24
6	8	24
4	5	23
2	5	22
2	5	22
2	4	21
2	4	20
3	5	23
5	6	25
6	6	22
0	9	91
0	10	90
2	8	22
2	6	22
2	7	24
4	8	25
3	6	21
0	6	91
0	5	91
3	9	25
8	9	31
3	4	24
1	4	90
0	9	91
5	10	30
6	8	30
0	13	90
0	9	90
1	24	90
2	7	21
2	8	22
2	10	22
5	12	29
0	12	90
2	5	21
2	4	21
3	7	23
11	14	36
4	7	23
0	12	91
0	14	91
0	16	91
1	5	23
0	3	21
0	2	22
3	7	25
4	9	22
2	8	22
6	10	32
2	7	21
3	4	22
1	30	87
5	9	26
4	8	24
4	7	22
2	8	23
3	6	22
1	3	21
0	3	21
0	4	22
3	5	21
6	9	28
0	15	90
2	6	22
4	12	28
3	6	23
0	12	90
4	6	22
0	11	91
3	4	23
5	9	25
6	7	24
2	5	22
3	7	25
5	6	25
5	7	30
0	9	91
0	6	91
0	12	91
3	7	25
4	7	26
5	7	24
2	4	21
0	12	90
0	16	90
2	7	22
3	6	26
7	11	31
3	5	23
4	7	23
0	9	90
3	5	21
8	9	35
3	11	31
5	9	27
0	1	21
9	14	30
4	5	30
3	7	20
2	8	23
3	4	22
5	6	25
6	11	29
4	9	25
2	9	22
4	7	23
2	8	21
3	5	22
4	7	24
1	4	22
1	4	21
7	10	24
0	13	91
0	9	90
2	14	90
0	1	23
3	6	24
2	5	23
7	11	31
4	7	22
6	9	25
4	6	23
1	5	21
1	5	22
3	7	24
5	5	26
3	3	21
0	4	20
1	3	21
0	3	20
1	32	90
4	5	25
0	21	90
0	22	90
5	24	90
0	12	90
0	11	91
5	11	30
2	5	22
3	6	22
2	4	22
2	4	20
6	11	32
2	4	21
8	11	32
3	7	22
3	7	23
2	6	21
2	6	22
3	5	22
2	5	20
2	4	21
2	6	22
1	4	22
1	5	22
0	3	23
7	9	32
1	0	20
2	6	22
3	6	23
2	5	22
0	10	88
0	17	90
4	7	30
12	15	38
11	17	39
13	16	40
10	14	34
3	7	24
5	7	26
5	6	24
4	6	25
4	8	22
3	7	22
4	10	24
5	8	26
2	7	20
7	10	30
2	7	21
2	6	21
3	7	22
2	6	21
2	7	23
5	8	24
4	6	24
1	5	21
8	11	28
8	11	30
0	11	91
0	4	89
3	6	22
4	6	23
0	8	91
7	8	29
10	13	34
8	12	31
8	11	31
8	10	30
0	13	90
0	13	91
0	11	90
0	-1	91
0	13	90
5	6	26
7	9	27
1	6	22
0	11	88
1	4	90
1	6	24
2	6	22
3	9	28
2	3	20
4	6	23
0	6	91
0	10	62
0	11	62
1	12	91
0	7	91
9	11	31
0	4	55
0	4	89
6	8	30
2	4	21
7	11	30
6	10	26
2	6	22
2	5	21
0	8	91
2	6	20
4	6	24
0	12	91
0	16	91
4	7	25
9	9	34
7	9	32
5	8	24
1	6	20
7	9	31
13	13	41
8	13	39
7	6	28
9	11	37
7	6	27
11	12	40
9	8	32
11	11	40
11	11	40
10	8	33
11	11	42
11	10	35
11	10	36
12	12	40
10	10	35
7	9	30
4	6	23
4	6	22
7	10	30
1	6	22
0	11	90
0	7	91
5	26	91
4	25	91
4	26	91
3	9	23
2	7	23
0	1	50
7	9	27
2	7	23
4	7	24
3	6	22
3	6	21
4	7	24
3	7	25
3	9	24
4	9	24
3	8	24
0	7	91
0	13	91
4	7	22
4	7	22
4	6	22
1	5	20
2	6	22
0	2	21
7	7	28
7	8	30
7	9	25
5	7	24
5	8	25
5	7	25
6	8	26
4	8	26
4	9	25
4	7	24
4	9	27
3	10	27
2	8	24
0	11	90
0	6	91
0	18	91
4	17	36
11	11	39
7	10	30
2	5	22
3	7	21
8	10	30
3	5	22
0	2	24
1	3	23
0	1	22
0	3	21
4	6	24
2	6	22
3	5	22
4	6	23
5	7	24
2	6	21
0	3	91
0	6	91
1	5	21
2	4	21
3	6	25
7	8	25
3	8	25
4	5	25
1	4	22
1	5	21
5	11	30
1	3	21
5	9	27
3	9	22
1	7	21
3	5	23
0	12	90
0	12	91
1	10	90
4	6	27
1	9	91
0	7	90
2	4	23
1	29	91
1	6	22
3	28	64
0	7	90
0	8	91
4	6	24
5	10	27
3	6	23
4	8	24
5	8	25
5	7	25
6	8	22
5	9	26
1	4	21
0	9	91
0	7	91
0	12	90
3	8	25
2	6	21
3	7	22
3	8	24
4	8	24
3	6	20
2	5	21
2	4	23
0	15	90
0	12	90
5	9	25
5	8	22
3	8	21
3	7	21
0	7	90
0	8	91
3	7	21
4	9	24
4	10	25
4	7	30
4	6	22
4	8	21
7	11	32
6	11	27
7	10	26
0	2	23
0	5	90
3	5	22
5	9	30
4	7	23
4	9	24
4	8	24
2	11	91
0	10	91
5	9	25
2	3	22
6	9	26
5	9	26
6	11	30
0	32	91
3	24	90
5	10	30
0	13	91
0	13	91
4	7	22
2	8	24
3	6	22
5	10	24
0	9	91
0	5	90
0	10	91
0	10	91
0	16	90
0	12	90
4	8	24
6	11	30
0	20	86
0	-1	90
0	13	90
4	9	24
4	7	24
4	7	24
0	9	91
0	8	84
6	8	26
4	9	26
2	5	22
3	9	23
4	8	24
3	8	24
4	9	23
0	7	91
3	6	21
2	2	22
5	9	24
5	8	24
4	7	23
0	20	91
1	4	20
3	7	22
3	6	23
4	7	23
6	9	26
4	5	25
3	9	24
2	7	22
2	6	22
3	4	22
0	6	87
0	16	91
3	6	21
6	8	25
2	6	22
3	7	23
0	13	90
0	12	91
1	6	23
6	7	26
3	7	23
1	5	21
2	5	24
6	6	23
0	13	91
0	9	91
7	11	28
1	13	90
0	11	90
10	12	31
5	11	30
3	8	24
3	7	22
3	6	22
2	5	20
3	8	89
3	6	90
2	4	22
2	4	21
0	5	22
0	6	91
0	4	21
0	6	22
0	12	91
0	12	91
1	4	22
0	18	91
2	6	22
4	6	23
0	4	91
2	7	22
2	5	24
1	5	23
0	27	90
0	19	91
3	23	90
1	6	21
3	38	91
0	11	90
0	4	91
0	12	90
0	10	90
6	11	30
0	0	91
3	7	24
0	11	91
2	4	21
0	6	22
7	10	30
8	9	29
1	4	21
0	4	20
0	11	90
0	8	90
2	6	22
0	12	91
0	14	90
4	8	24
4	8	24
3	7	23
3	7	25
3	7	24
2	5	22
0	10	90
0	12	91
0	7	90
0	8	91
0	11	59
0	13	90
0	12	90
0	5	70
1	13	91
4	8	24
0	8	91
0	12	91
4	6	23
2	6	23
0	3	80
0	4	91
0	0	90
0	3	91
6	8	25
0	12	91
14	28	69
8	28	90
0	27	91
5	8	24
0	6	91
0	7	91
9	9	36
1	6	22
0	3	21
0	3	21
0	9	90
0	10	88
6	10	30
1	8	90
1	7	91
0	12	91
0	12	91
3	7	22
6	8	30
1	7	86
5	9	25
0	8	91
0	12	91
2	5	21
1	3	20
0	4	91
0	4	91
2	6	20
1	15	91
3	8	23
6	8	30
6	6	24
6	6	25
4	7	25
0	3	21
0	4	38
2	4	22
7	9	31
0	14	91
4	9	24
0	4	89
1	4	21
1	5	63
0	5	63
9	8	28
2	6	23
0	2	23
4	8	30
1	4	23
0	9	90
0	17	91
0	11	91
1	11	90
3	8	26
0	11	91
5	7	28
0	3	55
3	6	20
5	9	30
5	9	28
4	8	28
4	7	26
3	6	24
0	4	37
3	5	24
4	5	24
1	2	20
0	2	20
5	5	23
0	12	91
0	11	91
0	3	91
3	7	30
2	6	21
2	9	21
0	3	20
1	4	20
2	4	20
2	4	21
0	8	90
0	9	90
2	0	20
9	9	28
0	6	90
0	8	91
0	3	90
2	7	22
2	7	20
0	4	20
6	7	24
1	14	89
0	9	90
4	6	30
0	7	91
0	6	90
3	8	25
2	4	20
2	6	23
2	5	22
2	6	21
3	6	22
4	7	24
4	9	23
4	6	31
5	8	24
4	8	23
5	8	22
0	4	20
6	9	30
1	6	22
4	4	22
1	4	20
9	13	30
0	13	91
3	3	30
0	8	91
0	16	91
4	4	25
0	3	20
0	14	91
0	7	91
0	11	90
0	15	90
4	10	25
0	11	91
0	12	90
3	6	24
6	8	27
0	7	91
0	13	91
2	5	22
7	5	29
10	7	32
5	8	24
4	7	22
1	4	21
0	20	91
0	24	88
1	5	23
0	11	90
3	6	24
4	6	24
0	14	90
0	14	90
1	3	22
1	3	22
1	2	21
1	2	20
3	5	22
1	5	20
8	12	28
6	7	30
4	9	25
2	6	22
2	6	21
0	15	90
0	21	90
5	8	26
2	7	21
6	9	29
0	10	91
0	8	91
2	4	23
2	5	21
1	5	22
1	5	21
0	8	91
0	10	91
4	10	30
3	9	28
3	10	27
3	9	25
4	9	25
4	9	26
5	8	25
5	9	27
4	9	25
3	7	24
2	5	21
2	4	20
8	11	33
6	10	30
9	10	33
8	10	31
10	11	34
2	5	23
4	7	24
5	6	24
0	11	90
0	6	20
0	8	90
3	6	20
2	4	20
2	5	21
5	8	23
4	7	23
2	5	21
3	7	23
3	6	28
3	4	21
0	3	22
0	13	91
1	3	21
0	9	75
0	11	75
0	4	22
8	9	25
1	3	21
5	27	91
3	6	22
3	6	22
2	5	21
8	10	30
0	12	90
1	5	21
7	10	32
2	6	20
5	7	23
1	6	22
12	12	37
2	3	21
0	15	91
0	8	91
0	16	90
0	7	90
0	8	91
1	4	61
0	4	61
0	8	91
0	7	91
2	8	22
1	2	22
3	3	23
3	4	24
2	5	20
2	8	24
4	6	24
9	13	32
0	9	82
0	9	90
1	3	22
0	3	91
0	6	90
2	6	22
2	4	21
3	5	22
4	5	22
0	4	90
4	8	23
3	5	22
3	4	21
0	13	91
0	10	91
0	11	91
0	11	91
4	7	26
2	7	21
2	7	22
2	6	20
4	7	23
0	6	91
1	9	90
2	6	21
9	7	29
3	4	22
0	35	91
3	9	22
5	8	30
7	15	90
4	6	23
5	7	25
4	8	30
5	7	31
4	7	30
3	8	21
4	9	22
1	26	91
1	25	91
1	9	39
2	5	21
2	5	22
3	6	23
0	9	90
0	8	91
2	4	20
3	7	21
2	4	23
5	4	22
6	13	32
5	7	23
1	21	90
3	5	22
2	7	24
7	9	30
6	6	30
2	6	22
2	6	20
3	6	21
2	7	20
0	5	22
5	8	22
0	12	90
4	8	24
6	9	30
5	9	28
4	9	24
6	11	33
7	10	33
0	4	21
1	6	20
4	15	34
1	40	91
4	40	90
1	5	22
1	8	91
0	3	88
3	5	22
0	10	91
0	12	91
10	12	35
6	10	31
8	11	32
6	8	25
1	12	90
0	24	91
4	3	31
3	7	22
3	7	22
8	10	31
0	5	91
0	15	91
4	10	27
0	8	75
0	6	75
0	8	83
0	6	90
5	6	28
5	7	27
5	6	27
4	4	25
2	3	23
2	2	23
2	2	23
1	4	22
0	28	91
4	15	91
1	5	91
3	7	22
0	11	91
0	11	89
0	14	90
1	12	90
5	6	26
1	3	21
1	5	22
7	11	34
3	6	22
0	9	90
0	5	91
2	5	22
0	-1	91
0	12	90
2	5	23
2	5	22
5	11	32
0	12	91
4	8	23
3	7	21
0	9	90
0	12	90
2	6	21
0	9	91
0	11	90
6	10	32
0	9	91
0	7	91
7	9	30
6	10	30
0	19	90
0	8	90
1	4	20
1	21	90
0	13	91
2	5	23
1	-1	90
1	9	91
2	3	23
0	13	91
0	12	91
4	8	27
6	8	31
8	9	36
7	8	28
7	9	29
0	11	90
0	13	91
0	8	91
0	10	90
0	8	90
0	5	91
0	8	91
3	7	24
4	7	22
4	7	24
5	7	25
3	7	25
0	9	91
0	12	90
5	24	90
4	8	22
0	12	91
0	10	91
0	7	90
0	14	91
3	4	24
2	5	23
0	9	91
0	16	90
0	6	91
0	9	90
0	10	91
0	10	90
4	12	30
2	5	22
0	9	90
0	7	91
5	8	30
0	14	91
0	5	22
0	4	20
0	13	91
3	8	25
0	-1	89
0	8	90
9	14	36
4	10	25
6	10	25
3	5	23
4	7	23
4	7	24
8	10	31
0	5	48
0	12	91
2	4	23
1	4	22
3	6	22
2	6	21
0	11	91
0	9	91
2	6	22
1	4	21
1	4	20
3	7	25
3	6	22
3	4	24
0	6	90
0	8	91
0	4	20
4	40	90
1	3	21
5	7	25
0	11	91
0	-1	90
0	6	91
0	6	91
3	5	23
0	5	23
1	5	22
1	5	21
7	11	30
3	5	22
0	3	22
1	4	21
3	7	22
3	8	22
0	13	91
0	14	90
5	8	26
0	8	90
0	14	90
14	17	49
19	17	55
15	17	48
15	15	45
15	16	51
15	14	45
14	14	43
12	13	43
12	13	41
12	14	40
12	12	39
13	12	38
11	11	38
12	11	37
12	13	41
12	12	40
11	10	38
11	10	35
8	9	33
1	5	21
0	12	91
1	6	22
1	6	21
1	6	20
2	7	22
3	7	21
2	6	20
0	7	91
4	9	26
4	9	26
4	9	31
3	6	23
4	9	26
3	9	27
5	8	27
3	8	26
5	8	27
4	8	24
4	8	25
3	8	26
3	7	25
7	8	25
4	8	23
0	3	91
0	7	91
0	7	61
0	11	91
0	9	91
0	9	91
0	9	90
1	13	91
1	10	90
0	12	90
3	3	24
1	5	68
0	10	91
3	8	23
0	7	90
0	11	91
5	7	23
2	5	22
0	13	90
2	5	21
0	11	91
0	9	91
0	9	90
0	14	91
0	11	90
3	5	23
6	6	24
1	5	22
1	4	21
8	14	32
3	11	26
6	10	26
3	5	23
4	8	21
0	10	90
0	11	91
4	10	30
2	5	20
5	8	24
2	7	22
7	8	29
4	8	31
3	4	21
5	8	26
2	5	21
4	4	22
4	7	22
0	5	90
0	9	91
2	5	21
1	4	89
1	5	90
5	-1	91
0	16	91
2	6	22
2	9	23
2	9	22
0	12	83
6	6	24
3	5	21
2	7	23
4	7	26
3	6	24
3	6	23
3	6	25
3	6	23
2	5	21
2	5	20
2	7	22
3	8	22
6	9	26
8	9	31
6	11	27
3	9	24
2	9	23
2	9	23
3	8	23
3	6	22
0	6	22
2	8	22
4	12	27
2	5	22
3	8	27
1	7	23
0	8	90
0	11	91
7	7	27
7	7	27
2	6	22
2	6	23
7	9	30
9	9	28
4	9	22
5	11	30
6	6	24
2	4	20
3	8	25
1	3	21
4	5	22
1	5	21
5	8	32
1	6	90
3	7	21
3	3	21
6	8	33
2	4	22
3	7	23
6	7	24
4	8	24
4	7	24
0	13	90
3	6	23
1	17	91
0	16	91
5	9	30
6	10	31
3	7	23
4	7	23
3	5	22
3	5	23
3	6	22
2	4	21
5	9	25
0	10	90
5	8	23
4	7	21
7	9	24
0	6	89
0	7	91
4	6	23
0	7	90
0	6	91
8	11	31
5	11	30
0	8	90
3	6	22
4	6	23
8	7	32
9	10	33
3	4	23
5	9	30
5	10	28
6	9	27
5	10	27
5	10	26
4	11	27
2	4	23
0	9	91
0	6	91
4	6	22
4	5	24
0	17	90
4	13	32
0	16	91
0	17	90
0	10	90
0	5	91
2	13	31
6	12	31
2	5	22
8	10	28
19	26	60
0	13	91
0	14	90
0	11	90
1	7	91
9	12	33
0	12	91
0	11	90
0	6	66
4	7	22
0	14	89
7	6	29
4	4	23
2	7	21
4	7	24
4	5	21
0	2	25
5	7	23
0	8	91
0	6	90
0	3	42
0	11	91
0	6	91
0	14	91
2	14	91
1	6	20
6	12	28
4	12	30
0	13	90
7	8	26
1	30	90
0	12	91
8	9	28
1	5	23
0	12	91
0	11	90
6	9	27
8	11	27
5	9	25
0	9	90
0	12	90
0	13	91
3	7	24
1	3	20
5	11	30
0	12	77
0	12	77
5	10	25
2	5	22
5	7	23
1	10	90
0	13	91
0	14	90
0	-1	90
8	8	24
2	3	21
0	26	90
2	5	20
2	8	21
3	8	22
1	3	22
0	7	91
0	4	90
1	6	22
12	9	34
9	7	30
3	6	22
5	8	24
4	7	22
5	8	24
0	10	82
1	14	91
5	10	25
4	5	23
6	8	24
6	7	24
3	9	24
0	13	91
0	5	91
3	6	20
1	4	20
6	10	31
7	5	27
7	8	29
3	4	24
3	6	23
5	7	24
4	7	25
4	7	23
1	3	22
5	9	30
0	39	90
1	8	21
1	10	90
0	8	91
4	5	22
8	15	35
1	2	21
9	9	34
9	6	34
0	6	80
1	5	22
2	6	24
4	5	23
3	5	22
2	5	22
3	7	23
15	20	61
0	20	89
4	8	24
2	5	21
3	6	21
1	10	23
4	9	24
4	11	25
5	8	25
5	7	28
5	4	24
4	6	24
8	11	32
8	11	30
2	7	23
5	8	23
8	9	31
7	10	31
2	5	20
3	4	23
0	8	90
0	9	91
3	9	27
4	8	24
3	9	23
0	4	21
2	5	22
2	5	20
6	8	25
4	7	24
0	4	22
9	7	27
7	6	25
6	9	27
1	6	20
2	5	20
1	5	22
6	12	30
2	5	21
1	5	20
2	4	21
1	4	21
5	9	30
0	3	21
2	6	22
2	5	21
5	9	26
4	8	24
5	8	28
4	8	26
4	7	23
4	9	26
7	12	31
5	11	27
5	10	28
6	13	31
6	11	29
3	5	20
0	11	91
0	7	91
6	6	30
5	6	25
4	7	21
3	8	22
3	6	22
5	6	23
4	6	24
2	6	21
1	27	90
0	10	90
2	5	21
9	11	28
7	10	31
6	9	24
4	6	22
2	4	23
0	5	90
0	9	91
4	7	30
6	7	28
2	6	21
0	3	22
4	5	22
0	14	91
5	8	32
4	8	26
3	7	25
2	6	22
3	7	23
4	7	24
0	13	91
0	6	91
0	14	91
0	9	90
4	7	26
3	9	24
3	7	23
0	5	90
0	9	91
0	8	91
0	10	90
0	2	90
3	7	21
3	6	22
2	6	22
0	12	91
0	13	91
0	23	86
0	-1	91
0	-1	90
3	23	90
0	11	91
0	11	91
1	5	20
5	8	25
3	4	22
3	3	21
2	6	21
0	4	20
0	9	82
7	11	31
3	6	24
3	6	22
3	6	21
0	5	90
4	8	24
8	10	30
7	9	28
3	8	31
2	7	22
3	4	23
3	6	23
1	11	74
8	8	27
0	8	91
0	2	91
1	13	90
2	7	23
0	14	91
0	5	91
4	5	21
4	9	23
0	7	91
0	2	23
0	2	22
0	2	23
2	2	23
2	2	21
1	2	23
1	3	23
3	3	22
0	13	90
0	-1	91
5	5	22
1	3	21
6	8	32
10	12	33
4	7	24
4	8	22
0	11	89
2	7	21
0	7	61
0	6	61
2	5	21
0	16	91
0	12	91
1	2	22
7	10	25
8	8	30
0	7	91
1	7	22
0	9	89
0	9	90
1	3	20
3	5	24
3	6	21
3	5	22
6	8	25
5	8	23
0	37	90
3	5	22
3	5	22
9	11	33
9	12	33
2	7	20
0	7	60
2	5	21
0	9	91
3	39	91
9	11	31
6	10	34
6	9	31
7	8	31
4	5	26
4	5	24
4	6	26
0	7	91
0	11	90
8	11	31
5	5	24
0	11	91
2	6	23
2	6	22
2	6	20
0	13	90
0	6	91
0	11	89
0	13	91
0	11	90
0	9	90
1	15	91
8	13	28
4	6	26
4	6	25
4	3	23
4	7	25
0	14	90
0	14	91
0	5	90
0	6	90
0	9	91
0	10	90
10	14	38
11	16	37
10	17	36
0	10	82
1	13	91
3	9	23
6	9	31
9	12	36
0	10	91
0	9	91
3	7	21
2	6	22
0	-1	90
0	9	90
1	6	90
3	7	23
2	7	21
6	9	24
4	10	30
0	4	90
0	12	89
2	5	23
1	4	20
0	8	90
0	4	90
7	11	29
7	9	26
4	7	27
5	9	25
6	10	25
0	6	91
0	10	90
8	6	29
2	6	22
0	6	21
8	13	34
5	11	24
7	12	30
0	10	88
0	8	90
0	8	90
0	9	90
8	7	31
0	5	90
1	10	91
8	12	29
2	4	22
0	18	91
0	10	91
7	10	32
4	7	22
4	8	28
0	8	91
0	11	91
0	9	89
7	7	30
5	6	26
0	11	90
0	11	91
0	16	89
6	6	26
4	10	30
0	10	90
0	15	90
5	9	26
4	7	25
2	8	22
3	7	23
0	3	21
3	7	23
0	8	91
0	14	90
0	8	78
9	11	27
8	11	35
0	6	91
0	5	91
1	13	89
0	7	90
8	10	32
5	5	25
4	7	26
2	7	22
3	9	28
4	8	26
4	9	27
4	9	30
3	7	26
3	6	25
4	6	25
3	5	24
3	4	23
3	6	21
3	4	24
1	3	21
0	10	91
0	9	90
10	17	39
0	13	90
0	7	90
0	10	91
0	9	90
1	5	22
0	4	90
4	10	31
6	8	26
1	4	20
1	1	22
0	1	21
1	4	21
1	4	21
4	7	23
0	-1	90
0	9	90
0	9	90
0	14	90
5	10	25
6	10	25
6	9	26
2	5	20
2	5	20
0	10	91
0	7	91
4	7	25
6	5	25
5	5	23
1	7	24
0	8	90
0	12	90
0	9	91
0	5	90
5	8	24
2	5	23
3	6	24
2	5	22
3	9	25
3	8	23
5	7	24
1	3	22
0	3	21
0	8	89
0	15	91
0	11	91
0	7	90
4	6	24
4	7	23
3	6	22
4	9	25
5	10	31
1	21	89
4	9	90
3	5	23
3	6	22
9	10	35
11	13	38
9	11	32
8	11	32
6	10	30
5	10	31
6	10	30
9	8	32
7	8	32
2	2	21
5	9	27
2	6	22
1	5	23
2	3	22
3	6	23
4	6	26
0	28	90
3	6	25
0	10	90
0	13	91
7	9	34
3	9	25
5	6	24
2	7	22
3	6	21
11	14	35
3	7	20
4	9	27
4	10	26
4	9	25
2	8	24
3	8	23
0	4	21
1	5	20
5	5	24
3	9	23
9	13	34
4	9	25
6	10	29
6	9	26
3	7	21
8	12	31
0	5	90
0	7	91
4	7	24
4	8	22
4	6	24
4	6	22
0	15	91
0	10	90
2	4	21
4	7	25
5	6	25
4	5	25
0	7	87
0	10	91
4	7	24
1	15	91
2	4	20
1	4	21
0	9	91
0	13	91
2	6	20
2	7	21
5	7	24
3	9	25
3	8	24
4	8	24
3	7	23
2	6	23
1	5	21
0	7	90
1	-1	91
1	14	89
1	15	90
2	3	25
4	6	24
8	11	34
2	5	22
3	5	23
5	7	25
3	5	24
0	4	91
0	9	88
0	7	91
0	12	90
3	6	23
2	6	22
0	9	91
1	12	89
1	14	90
1	3	20
2	4	22
1	4	20
0	10	90
2	3	23
0	13	91
4	7	23
3	6	21
4	6	22
2	6	20
4	7	24
4	6	23
4	7	24
3	6	26
3	7	25
2	7	24
6	11	34
1	4	20
1	8	22
6	6	25
4	6	23
1	4	23
0	9	91
0	5	91
2	5	22
0	6	90
0	6	90
0	10	90
2	6	21
2	5	20
0	12	91
0	4	32
0	3	24
3	4	25
2	3	21
4	10	23
0	7	90
0	7	91
2	5	22
0	10	91
0	9	90
7	7	23
9	9	32
6	6	31
4	5	23
3	10	80
6	8	28
2	4	22
3	5	22
0	4	20
5	6	23
2	4	21
4	8	25
6	6	26
2	6	20
5	6	23
0	6	90
0	11	91
1	4	20
3	8	23
3	7	23
3	7	24
3	6	21
3	6	21
4	8	23
3	7	23
2	8	24
3	8	25
5	11	31
5	9	34
3	8	25
3	6	26
2	8	22
4	8	24
5	6	24
3	5	23
1	4	21
1	4	22
3	8	22
0	27	90
10	12	35
1	3	21
6	9	26
3	5	23
0	3	21
2	6	21
0	6	91
2	5	21
1	5	20
0	11	91
0	8	91
2	9	21
2	8	22
0	8	91
6	9	27
2	7	24
7	9	25
0	9	89
3	7	21
3	7	22
3	8	22
3	8	25
4	8	24
5	8	26
4	6	22
3	8	22
3	8	24
2	7	22
0	8	90
5	6	23
0	10	90
0	9	91
4	7	23
0	6	90
6	11	33
9	11	35
7	9	28
5	7	26
7	9	27
7	10	32
9	9	29
6	9	27
5	7	28
0	12	90
0	15	90
0	1	91
0	8	91
0	11	90
0	13	91
0	12	91
0	8	91
0	11	91
3	6	22
4	7	22
5	7	24
0	3	91
0	4	91
6	7	26
9	14	34
9	13	34
11	14	34
10	16	36
10	13	32
0	14	90
3	9	22
0	11	91
1	13	89
6	9	25
4	5	22
39	28	87
1	7	20
0	9	70
0	10	70
3	5	20
0	10	91
0	4	90
7	9	26
6	10	27
0	2	23
6	10	27
0	7	67
5	10	28
5	14	32
5	11	28
6	11	30
7	10	27
9	13	32
7	8	31
0	11	91
2	17	91
0	11	91
0	7	91
3	5	22
3	6	23
4	6	23
3	6	22
0	13	89
4	7	23
2	6	23
2	8	22
4	9	23
0	11	90
0	8	46
0	3	54
1	3	54
0	5	91
0	11	91
2	6	23
6	7	25
5	10	34
8	11	34
6	9	31
8	13	35
6	12	32
6	10	30
6	9	32
2	6	22
0	8	90
4	7	24
7	9	31
2	10	24
0	7	90
0	9	83
1	3	90
4	9	24
4	7	24
0	15	91
0	2	91
0	11	91
0	9	91
3	6	23
0	3	23
4	7	30
2	8	24
5	7	30
10	12	36
3	4	22
1	6	20
3	3	23
3	7	23
0	2	20
2	6	21
0	7	91
0	5	90
0	-1	89
7	9	31
10	12	29
8	11	28
0	8	71
0	10	90
5	7	24
4	7	23
3	6	23
2	5	21
3	9	22
3	6	22
3	6	21
3	7	25
1	7	22
1	5	22
1	9	89
1	4	20
2	4	21
9	12	32
3	5	21
2	5	22
0	3	22
1	4	22
3	6	23
1	7	90
0	10	90
4	8	23
0	8	90
0	7	91
7	9	27
9	10	34
10	13	32
8	11	30
2	6	21
0	11	91
1	9	91
1	7	91
0	5	91
2	4	21
1	5	21
2	5	20
0	11	90
4	11	25
12	14	37
9	12	32
5	8	24
3	7	23
0	9	89
1	8	91
10	13	34
1	2	22
0	22	90
0	11	91
0	10	91
2	17	91
5	10	30
2	5	22
2	5	21
8	10	30
7	11	31
0	10	91
0	9	80
0	2	23
0	2	24
1	4	22
3	7	23
4	7	22
10	12	33
4	5	24
4	5	23
8	11	27
2	6	23
2	5	22
10	12	32
4	8	25
4	7	24
3	7	23
1	21	90
0	9	91
0	9	90
4	9	26
0	7	91
3	22	91
3	7	24
3	7	20
3	6	23
5	5	23
5	9	25
7	11	33
6	10	31
6	11	30
0	5	54
0	8	89
2	6	21
1	4	24
1	3	21
3	6	22
3	7	23
5	10	26
0	24	91
0	13	90
0	6	91
11	13	31
9	11	30
0	10	90
0	13	90
7	11	31
1	11	91
0	10	91
0	13	91
3	7	24
3	7	23
4	9	24
3	8	22
2	5	21
0	11	90
7	38	91
5	8	24
2	5	21
1	5	20
8	10	25
4	10	24
3	10	25
3	8	27
4	5	24
0	5	20
4	5	24
9	11	32
0	11	78
7	14	31
0	13	90
4	5	21
3	11	27
4	8	26
4	6	24
1	4	24
0	8	91
0	12	91
10	13	36
0	6	91
0	6	91
3	7	24
0	12	91
0	11	91
6	10	25
3	7	21
5	9	31
10	12	37
11	14	39
9	13	37
2	5	20
2	6	24
0	3	23
4	8	23
2	7	22
2	4	22
2	4	21
6	12	32
4	6	22
2	5	22
2	8	24
2	6	21
3	6	22
3	6	23
2	5	22
4	6	22
2	4	24
7	16	35
10	14	33
2	2	34
3	9	24
2	5	22
7	12	27
6	8	23
7	10	30
9	11	31
8	12	30
0	14	91
0	13	90
5	8	25
5	7	25
6	6	30
5	5	25
5	6	24
6	6	28
5	6	24
2	5	21
1	3	21
3	23	90
6	6	26
4	10	30
3	4	25
9	11	31
7	10	30
0	10	91
0	11	91
8	10	31
0	16	91
2	3	21
5	11	31
0	13	90
0	14	91
3	7	23
3	7	21
7	9	26
3	8	22
4	8	23
5	9	26
8	11	33
8	9	32
2	7	24
2	6	23
3	6	23
2	5	22
1	3	21
0	5	24
2	6	20
3	6	21
4	8	22
3	9	23
2	8	24
2	8	23
3	8	24
4	7	23
2	4	22
3	7	24
3	5	24
5	10	31
3	5	24
0	11	91
0	6	91
5	10	25
7	6	28
6	9	30
0	5	22
1	6	21
7	8	31
6	8	30
5	6	26
5	7	26
6	6	25
5	7	24
8	11	33
0	9	91
5	10	25
1	6	23
10	10	30
2	8	25
2	5	22
4	6	25
6	10	25
3	5	21
1	6	22
1	7	21
3	6	22
6	9	27
4	7	22
5	10	30
9	13	34
2	6	21
0	6	90
5	11	24
8	8	30
2	7	22
3	7	30
0	11	91
0	7	90
1	4	23
1	2	22
0	2	22
1	8	24
5	9	30
6	13	33
3	8	24
3	7	23
5	9	24
5	10	25
5	9	24
5	8	23
8	9	27
8	10	26
5	10	27
5	12	30
8	12	30
1	9	91
0	12	90
10	13	34
3	8	21
2	7	22
2	8	23
5	8	25
5	8	22
5	6	26
4	9	24
2	7	21
7	6	28
3	6	21
8	11	30
2	5	21
0	9	90
3	10	27
2	11	27
4	8	25
3	12	27
3	8	22
3	7	21
0	13	90
0	11	91
3	7	23
7	11	30
4	14	30
7	8	25
0	10	91
0	12	90
2	6	20
3	6	21
6	4	24
4	4	25
4	5	27
3	4	24
5	4	24
4	7	23
4	9	24
3	7	21
4	7	23
1	4	21
2	3	20
3	11	25
3	6	20
6	11	27
1	10	90
6	9	25
5	11	30
3	9	23
5	13	28
3	7	22
4	6	23
5	8	30
3	8	23
5	9	26
4	9	23
0	-1	90
0	5	91
0	5	91
8	9	32
3	6	22
8	11	32
3	6	21
4	7	23
4	7	22
5	8	25
5	8	30
3	9	23
8	12	33
9	10	33
0	10	91
5	12	30
4	10	30
5	7	24
7	9	25
5	11	31
3	8	22
5	11	28
6	12	27
6	12	28
3	7	21
9	11	27
0	15	91
0	2	45
2	6	21
7	10	34
5	11	27
5	7	24
10	14	34
9	14	33
2	8	23
5	7	23
0	8	91
2	6	22
1	6	21
3	7	22
3	8	21
3	7	22
0	8	90
3	7	21
4	9	23
2	7	21
9	12	29
2	8	22
6	9	25
4	8	26
4	9	24
6	11	30
5	10	26
6	10	27
7	8	23
2	8	23
2	7	22
6	10	27
4	9	23
4	8	21
1	5	20
5	20	91
1	11	91
6	9	29
4	9	24
3	9	23
6	11	28
7	11	26
2	6	24
0	5	21
0	7	70
0	8	70
1	6	20
9	14	31
5	9	25
0	23	90
6	11	31
4	7	25
3	6	23
3	7	20
2	8	24
3	7	23
4	8	24
4	7	23
3	7	22
7	9	25
4	7	23
2	7	20
2	7	21
8	11	29
5	8	23
0	7	90
0	9	90
5	7	25
7	10	26
1	4	22
8	12	31
5	7	26
0	12	91
8	11	28
6	13	27
5	13	30
3	10	30
1	6	21
8	6	28
6	8	24
4	9	24
4	6	23
3	5	21
1	5	20
2	4	21
5	5	25
0	-1	91
6	10	27
8	10	33
6	7	28
4	5	21
6	10	26
2	5	21
1	5	22
4	7	22
1	5	21
3	6	24
2	9	23
2	6	22
3	8	25
3	8	26
7	6	30
5	5	24
2	8	22
3	6	21
3	4	22
8	12	32
0	15	91
1	6	91
1	21	90
1	19	91
3	6	21
0	3	21
3	9	26
3	7	23
2	6	22
3	7	26
8	12	26
3	7	24
2	8	21
6	10	26
5	8	26
8	11	29
7	12	28
6	7	24
2	8	21
4	7	20
3	3	21
3	5	22
9	13	32
6	14	32
8	12	34
6	7	26
5	6	23
5	12	27
8	12	31
5	8	26
3	8	24
8	11	32
5	10	26
2	5	23
4	9	24
5	13	30
2	5	21
4	6	27
6	10	31
5	9	31
5	7	26
3	7	23
2	6	24
7	12	29
5	6	24
4	5	23
3	4	22
3	4	23
3	6	22
2	4	21
1	4	20
4	6	24
5	6	24
0	3	22
1	5	23
1	5	22
10	13	34
11	10	33
4	6	24
4	7	22
4	7	24
1	6	20
7	10	25
3	4	21
0	2	22
7	9	26
2	6	23
3	9	23
3	7	21
4	7	21
2	4	22
3	4	23
0	2	91
7	12	26
4	8	26
4	9	25
4	8	24
1	2	22
7	11	29
0	5	22
9	9	30
4	5	21
5	6	22
0	3	20
4	8	22
4	8	25
5	7	24
8	10	27
2	6	23
4	7	25
0	2	25
1	4	24
5	6	31
2	5	22
3	7	22
7	13	30
6	8	25
1	4	21
3	7	23
2	6	23
6	8	24
7	12	28
6	10	25
4	10	24
5	8	26
5	6	24
4	7	25
3	12	30
4	8	26
3	4	21
5	7	23
4	5	21
3	10	30
9	15	33
6	7	25
5	7	23
9	15	32
5	11	32
4	8	23
6	9	24
7	11	26
6	12	30
4	9	23
4	9	23
2	7	23
2	8	21
1	3	21
4	8	22
7	11	28
3	8	21
3	7	21
2	7	22
2	8	22
5	9	27
2	5	21
0	10	90
8	9	29
2	6	20
6	7	24
6	7	25
8	10	26
3	7	22
5	7	23
4	10	25
7	12	34
9	13	37
4	8	25
0	9	91
3	8	25
4	7	25
4	7	24
3	8	24
3	7	22
10	12	32
3	9	26
3	7	22
4	5	22
5	5	25
5	10	25
2	5	22
1	5	21
3	8	25
5	7	24
9	8	30
8	7	29
4	9	24
5	6	23
4	6	24
0	13	83
3	6	23
10	14	35
7	13	30
8	10	29
4	5	24
1	5	20
4	7	22
3	6	22
3	8	23
2	7	22
4	12	34
6	11	32
6	9	28
6	10	27
7	11	28
3	7	20
3	5	22
3	5	21
2	5	21
8	8	33
7	7	31
9	13	36
11	12	34
0	9	91
3	7	21
2	5	22
0	6	91
3	6	20
3	6	22
5	8	24
5	9	25
5	12	26
5	10	33
2	6	22
5	9	33
4	8	30
2	5	21
7	9	27
0	4	91
0	9	90
0	6	90
0	9	89
0	9	91
3	6	22
6	8	24
1	10	90
9	13	30
3	7	23
2	5	22
2	6	21
4	6	21
3	8	24
3	6	23
1	3	20
2	4	23
0	0	22
4	8	24
3	6	22
5	8	25
2	6	22
1	1	21
5	8	23
3	5	28
1	3	23
3	3	24
3	3	23
4	5	26
3	5	25
3	8	24
3	7	25
2	6	24
9	11	29
3	7	22
4	6	24
5	9	27
0	6	90
6	9	27
6	12	25
8	11	28
8	11	30
8	10	28
6	9	26
4	24	91
0	16	89
4	7	23
4	7	22
0	16	91
3	6	21
9	12	33
2	7	21
0	10	91
2	6	22
3	6	23
5	7	22
3	7	24
3	7	23
3	8	23
3	9	23
2	5	21
1	3	20
3	18	90
8	10	33
4	8	23
2	8	25
3	4	22
3	5	24
5	8	25
9	9	27
5	6	23
6	10	26
6	8	30
7	7	26
5	7	25
5	6	24
5	7	25
3	6	21
4	5	23
3	8	23
0	8	91
3	6	21
0	9	91
2	7	21
6	9	25
6	11	25
3	9	22
7	11	28
4	11	30
6	9	25
0	5	91
0	10	90
3	9	23
2	9	22
3	7	21
8	11	31
6	12	31
4	8	26
9	12	38
3	7	25
6	10	30
6	13	32
6	10	32
11	13	37
9	9	32
11	13	37
3	6	23
0	9	90
0	13	91
5	10	32
1	8	21
3	9	23
4	7	21
3	8	27
3	11	25
4	5	23
2	6	21
10	14	34
4	39	90
9	10	32
2	5	21
6	10	31
8	13	36
2	7	24
3	8	23
2	7	22
1	8	22
4	10	22
3	7	22
2	7	21
5	11	27
4	10	26
7	11	25
6	9	24
2	8	20
8	9	26
3	7	21
6	8	29
5	8	24
4	5	22
3	5	23
3	5	22
2	5	20
4	8	23
5	8	24
4	7	22
3	8	24
3	7	25
3	6	23
2	6	23
0	13	90
2	7	23
0	10	91
8	8	26
10	13	39
7	7	30
2	5	21
5	12	26
6	7	28
5	11	26
3	8	23
4	7	23
1	5	23
8	11	32
8	9	30
5	11	31
5	11	31
4	10	27
5	12	30
5	10	27
4	9	23
4	10	24
5	13	30
5	8	26
3	9	26
4	7	24
6	10	32
2	6	22
4	6	24
4	10	32
3	8	24
4	11	28
6	7	25
5	9	24
3	6	22
2	7	24
3	4	21
3	9	25
3	9	24
7	12	28
3	6	22
8	10	31
7	6	26
6	7	26
0	3	91
0	3	90
3	6	22
3	11	25
4	14	24
8	10	27
7	10	30
6	14	33
6	13	31
6	12	27
6	11	32
8	8	27
7	10	26
1	5	22
3	7	22
4	9	27
8	13	33
5	8	24
1	5	22
7	9	33
3	9	25
4	8	23
3	7	23
3	7	22
5	11	25
6	13	30
0	2	21
4	5	24
4	10	25
2	4	21
2	6	22
2	3	22
2	3	21
1	13	91
3	16	90
4	8	30
3	27	91
4	28	91
2	6	22
2	6	22
0	11	91
3	6	22
4	8	22
2	5	24
0	8	39
0	7	39
0	10	90
0	9	90
9	11	28
10	17	39
2	5	23
1	5	22
5	10	30
0	3	21
2	7	22
2	6	21
0	10	91
0	7	91
0	9	91
4	10	34
2	5	26
4	5	24
5	7	24
5	7	24
4	8	27
7	9	27
7	11	26
6	9	25
7	9	26
5	9	26
5	6	23
2	5	20
2	26	90
0	3	21
3	9	29
9	11	31
3	7	22
0	6	90
0	-1	88
0	10	90
0	11	91
1	9	90
7	7	25
9	10	34
8	7	25
8	6	30
8	7	30
8	7	29
3	5	22
4	8	24
4	9	24
2	7	22
0	10	90
0	5	90
8	9	30
0	-1	74
0	11	91
0	14	91
0	-1	61
0	13	81
0	8	91
5	9	24
1	4	77
5	12	90
0	9	91
7	11	28
5	9	30
0	12	78
0	13	78
2	7	21
0	-1	91
0	15	91
2	6	22
1	-1	91
0	9	90
3	7	24
5	8	30
4	4	25
0	3	89
0	-1	91
3	6	25
1	6	23
1	6	24
0	15	90
0	8	90
1	4	20
4	10	27
2	6	23
4	6	22
1	4	21
2	5	20
2	7	21
4	9	24
4	6	23
3	6	22
2	6	26
5	7	27
1	3	21
4	9	25
4	11	30
6	8	24
3	6	21
1	11	90
1	8	91
0	5	90
0	11	90
4	5	22
0	10	72
9	8	33
0	9	91
7	10	27
1	1	21
2	8	20
1	4	21
3	7	22
2	7	22
0	21	91
0	22	91
9	9	29
6	34	91
0	9	90
0	1	91
0	0	91
3	7	21
0	14	90
5	7	24
4	6	23
3	7	24
1	6	24
2	5	22
3	6	22
5	8	25
6	13	34
5	9	23
4	11	24
5	10	26
8	12	32
5	11	30
2	5	22
6	13	33
0	7	44
10	11	36
8	9	31
0	6	90
0	8	91
0	12	90
9	10	31
6	9	30
5	7	23
2	4	21
5	8	25
4	7	26
4	7	25
0	8	90
0	9	91
4	6	22
3	8	24
4	8	23
4	10	25
3	7	22
4	7	21
1	11	89
0	4	20
0	3	20
5	8	25
3	7	23
2	7	22
2	6	21
3	4	24
3	5	23
4	8	24
8	11	30
8	11	29
5	9	25
0	5	91
0	9	90
2	7	22
4	9	22
4	7	30
4	8	24
3	8	22
3	7	23
4	7	24
3	4	21
4	7	24
4	8	30
4	6	24
1	19	69
0	8	61
6	9	28
5	9	23
2	8	22
10	11	32
3	5	24
2	5	22
7	10	26
7	9	25
0	10	90
5	7	24
4	11	31
6	14	32
4	8	30
2	5	22
3	7	24
1	12	91
0	8	90
4	7	22
0	8	91
0	8	91
1	3	24
2	6	22
11	11	39
3	8	24
0	3	25
6	9	31
3	11	27
5	12	33
6	10	29
5	6	26
3	7	24
4	6	24
6	9	33
1	5	22
1	4	21
2	4	20
1	4	90
0	3	91
0	4	91
1	15	91
3	6	22
6	10	30
0	6	90
5	10	26
0	15	88
0	21	91
6	11	30
6	11	31
4	7	26
5	9	26
5	10	26
4	9	23
4	8	23
1	13	91
1	11	91
0	8	59
0	3	21
2	7	22
1	15	91
1	15	90
4	12	30
0	-1	90
7	8	27
0	12	90
0	9	91
0	3	22
0	3	22
6	9	27
0	7	91
0	6	90
2	4	23
4	9	30
5	8	26
8	12	32
3	6	22
3	6	24
3	7	23
0	7	91
0	8	91
6	9	23
8	9	28
6	7	26
6	8	26
5	9	24
0	6	22
0	8	90
0	12	91
7	10	25
5	8	26
0	10	91
3	4	25
1	-1	88
1	8	88
0	4	91
2	7	20
8	13	33
3	6	23
4	9	24
6	11	27
8	10	27
8	8	26
5	8	26
2	6	22
4	7	26
3	7	24
4	6	25
3	5	23
6	11	30
3	7	24
1	4	20
9	9	29
1	4	22
7	8	26
6	9	26
7	9	28
5	8	25
2	7	22
0	25	90
6	7	25
2	5	22
3	7	23
4	7	22
3	9	23
3	9	24
4	7	25
4	8	22
5	10	26
0	3	20
1	4	21
1	8	90
3	7	24
4	8	23
2	6	21
4	6	27
6	9	26
4	9	25
4	6	23
0	7	91
5	11	28
5	11	27
6	10	25
6	10	26
11	14	33
4	8	25
0	-1	91
3	6	24
4	6	24
3	5	22
7	7	30
1	10	90
0	3	49
3	6	24
4	8	24
8	11	32
1	3	20
1	3	21
8	8	30
6	7	24
1	4	22
0	14	90
0	14	91
0	9	91
0	7	91
3	7	25
7	10	30
7	10	27
7	9	25
2	3	24
2	6	22
2	8	22
0	13	91
0	2	22
3	6	26
0	14	90
0	12	91
2	6	21
3	3	21
2	6	24
2	8	23
3	8	23
0	9	91
0	12	90
4	7	22
3	6	21
6	15	32
6	11	26
5	8	30
0	5	21
3	7	21
6	9	24
9	10	31
9	10	30
11	11	35
8	10	27
7	9	26
3	6	23
2	6	22
1	4	21
3	7	22
0	5	90
1	8	24
5	14	32
2	8	22
3	10	24
0	10	91
6	16	91
8	8	31
4	7	23
0	13	90
0	10	91
0	10	91
0	11	90
0	8	91
0	3	20
4	7	23
2	5	22
7	12	33
9	8	33
3	5	20
0	11	91
0	13	91
0	10	90
3	5	21
0	9	91
1	6	90
2	5	23
5	5	23
0	8	90
3	7	23
4	8	25
3	6	23
11	15	41
2	8	22
5	6	27
2	3	21
2	7	21
3	8	24
0	12	91
2	6	22
0	3	21
8	11	33
8	15	34
7	13	31
4	11	25
7	8	25
5	8	26
6	11	30
0	10	90
0	27	91
0	27	91
1	27	91
3	5	20
2	4	21
5	7	30
8	10	35
9	13	33
7	13	33
14	15	42
10	12	34
3	7	24
4	7	21
4	11	26
4	8	24
4	9	25
0	6	24
1	6	23
4	5	26
0	10	91
7	9	31
6	10	27
9	11	30
11	14	34
8	12	29
6	9	26
4	9	26
2	6	22
2	6	21
4	6	22
1	5	21
1	15	90
1	15	91
2	7	22
4	8	24
2	9	24
3	8	22
8	12	27
15	19	48
3	7	22
2	5	21
2	7	21
2	6	20
3	7	21
9	10	27
7	11	25
9	15	34
8	10	27
8	10	30
7	11	31
8	8	27
3	6	23
8	8	36
8	10	37
7	11	30
0	4	90
0	7	90
3	6	22
0	16	91
0	7	90
7	7	25
6	8	23
6	8	25
2	8	22
0	12	90
0	19	91
6	7	31
7	12	35
0	1	72
0	10	91
4	8	24
6	12	29
7	11	31
6	10	29
6	10	31
6	11	34
6	12	32
7	12	34
6	9	31
5	10	31
5	10	30
6	9	27
4	9	26
5	9	30
3	9	25
3	7	25
4	8	23
3	7	24
4	9	26
3	7	24
7	10	31
9	15	37
10	14	37
8	14	32
11	12	36
10	13	34
8	10	30
1	-1	91
0	9	91
7	8	25
3	8	20
0	2	22
2	9	25
0	10	63
0	16	90
0	13	90
6	8	26
0	7	91
0	9	91
0	37	90
6	13	32
2	6	24
9	11	28
0	11	91
2	8	22
2	7	21
6	9	24
2	7	21
3	6	25
3	9	23
5	10	30
5	8	28
3	8	24
3	7	26
3	6	24
6	31	90
0	4	20
0	4	20
0	14	90
0	11	91
6	14	33
5	9	33
6	10	32
4	7	23
2	7	21
3	21	91
2	2	22
2	2	23
2	2	24
1	1	21
7	8	25
1	5	21
6	9	26
5	9	24
3	7	23
3	6	22
1	3	20
8	11	30
5	8	28
4	6	23
5	7	28
3	6	23
5	10	26
6	9	27
3	5	20
8	11	31
4	7	22
2	9	22
4	8	23
10	12	34
9	14	34
11	14	39
11	13	37
11	14	35
9	12	36
11	14	37
6	8	27
0	4	21
4	10	30
7	11	29
4	5	24
7	8	26
8	11	29
3	6	21
4	8	26
4	10	26
3	7	23
4	6	24
3	7	23
3	6	21
5	8	30
9	8	32
5	12	28
5	12	29
7	12	28
2	6	22
3	6	21
2	6	23
3	5	23
7	13	27
3	6	22
5	7	24
2	6	21
4	4	21
3	7	22
3	5	22
8	8	29
8	13	32
2	7	22
2	7	24
6	11	30
8	9	29
13	12	36
6	8	25
4	10	26
4	7	22
3	10	22
1	6	21
5	9	32
2	7	21
4	7	25
1	5	22
2	7	23
6	7	27
3	6	23
7	6	30
7	8	31
5	14	32
3	7	23
0	-1	91
2	3	22
1	3	21
2	5	21
6	14	35
6	12	32
5	8	27
4	8	24
2	5	21
1	3	22
5	43	91
4	37	78
4	42	91
6	43	91
5	9	31
6	12	32
2	5	25
0	12	91
0	8	91
2	7	21
6	9	31
8	12	34
5	7	25
5	7	23
5	9	28
2	7	21
3	7	21
4	7	26
4	11	25
4	9	24
5	8	26
3	10	24
3	6	23
5	8	24
10	11	32
5	9	25
7	10	28
3	3	22
2	5	24
2	6	22
0	2	22
2	1	23
5	7	25
2	4	20
2	4	23
0	17	90
3	7	24
3	7	23
7	9	30
0	11	90
0	10	91
0	3	21
1	3	21
5	6	24
2	4	21
0	8	90
1	7	87
0	-1	91
3	7	25
3	5	25
6	11	30
0	5	23
0	9	91
5	7	27
2	7	21
2	5	23
6	12	31
6	11	30
7	10	26
0	28	90
7	9	26
6	6	26
0	8	91
7	8	31
0	6	91
0	10	89
4	9	26
6	7	26
6	9	24
0	11	90
0	12	90
1	4	21
0	18	90
0	8	90
0	5	91
5	8	23
2	8	22
0	8	91
1	12	91
6	7	25
0	13	90
0	14	91
4	11	27
4	9	22
3	8	23
4	9	24
3	9	23
3	9	23
0	7	91
2	6	22
5	8	25
4	7	24
0	4	26
3	8	24
3	6	22
4	8	22
3	6	23
2	5	22
3	6	21
2	5	25
0	7	91
0	7	90
0	9	91
2	5	20
5	9	25
11	13	35
6	7	27
7	10	30
3	6	22
4	9	23
4	8	23
3	5	22
1	3	23
1	3	25
0	3	24
0	3	23
3	10	30
1	5	22
0	12	90
0	10	90
1	3	22
3	6	25
10	14	33
10	12	33
8	11	27
10	13	34
2	6	21
0	13	90
2	7	21
0	9	91
4	8	24
5	10	23
1	5	20
6	7	30
0	9	91
0	7	90
2	7	23
2	8	22
4	5	22
2	5	20
3	5	24
2	4	21
2	5	23
3	4	21
3	8	21
2	5	22
4	5	24
0	21	90
6	9	32
2	5	21
7	12	31
8	11	30
2	4	21
6	8	25
6	11	30
5	8	27
6	9	30
10	12	35
0	19	90
7	13	32
0	11	90
0	7	91
0	13	90
0	7	91
0	1	21
2	3	23
2	2	22
4	7	24
4	9	24
3	8	23
0	10	90
2	5	27
1	6	25
6	9	27
7	11	28
0	5	90
1	5	90
5	9	32
5	8	23
4	6	25
3	5	21
3	6	21
2	5	22
5	7	24
0	13	90
0	7	90
3	9	22
6	6	25
2	7	23
6	8	27
0	5	90
1	2	21
1	3	20
2	6	23
7	12	30
6	9	25
2	4	22
5	13	34
5	13	32
9	15	36
4	5	21
0	2	20
1	11	91
0	2	91
0	1	90
0	11	90
0	5	90
3	5	21
5	15	32
4	13	31
6	7	27
2	6	25
6	11	26
5	10	26
0	5	59
0	4	59
2	4	23
4	6	26
5	7	28
5	6	25
3	5	24
2	6	25
6	8	27
4	7	22
0	11	90
7	8	24
0	3	23
2	4	20
0	11	90
1	9	91
1	2	22
0	2	23
1	4	21
9	15	33
0	11	90
0	8	90
2	6	21
2	-1	91
4	5	21
1	5	20
0	4	22
1	3	23
6	7	25
5	6	22
3	8	22
3	5	23
2	5	25
3	3	22
0	17	91
6	12	27
6	12	28
2	8	26
13	14	40
0	5	91
6	9	28
0	9	91
3	6	20
2	4	22
2	5	23
2	4	24
0	17	91
6	8	25
6	9	26
6	10	25
3	6	23
4	8	23
3	8	23
3	7	22
5	9	25
4	7	23
1	4	20
0	5	23
5	7	25
4	8	22
1	4	22
5	6	24
7	14	34
1	4	22
0	2	23
1	4	21
2	6	22
0	12	91
0	10	91
3	6	22
10	12	32
8	11	29
6	7	24
2	6	21
4	4	23
4	6	23
0	7	90
0	8	91
3	7	23
3	4	22
0	3	21
2	6	21
2	2	21
3	6	23
4	7	24
4	8	26
3	7	26
3	6	23
7	13	29
4	10	23
3	8	24
3	7	24
2	6	22
2	6	21
3	7	23
5	7	24
7	10	30
2	6	20
2	6	22
7	13	33
7	7	25
7	7	26
0	13	91
0	17	91
3	7	21
3	9	24
3	9	21
3	6	23
2	5	22
3	6	22
6	8	25
7	10	26
2	4	21
1	7	22
7	13	32
3	6	22
5	7	28
2	4	22
7	11	27
0	15	91
5	7	25
4	7	25
3	7	23
7	11	30
1	6	21
1	4	20
2	6	23
2	5	21
1	4	21
0	13	88
5	7	22
3	7	22
0	10	89
0	6	90
0	9	91
0	13	91
6	7	27
0	15	91
5	7	21
0	11	91
0	15	90
0	11	91
1	5	21
2	7	23
0	14	90
0	12	91
0	9	89
0	12	91
5	9	26
3	5	23
0	12	90
5	7	22
3	9	23
4	6	22
4	10	24
0	6	61
4	7	25
0	4	89
0	7	91
5	8	25
0	6	90
2	5	21
1	6	21
5	9	30
6	6	24
3	8	25
3	6	21
3	7	22
2	8	22
8	9	30
0	10	91
0	7	90
4	9	23
3	6	24
5	8	25
5	7	24
2	6	21
2	8	91
0	8	90
5	11	25
6	11	26
6	12	28
5	6	23
9	9	29
7	8	27
2	5	23
2	5	21
2	7	22
5	6	23
5	12	32
2	5	21
7	9	26
5	8	24
1	7	21
1	5	21
1	5	20
6	9	33
2	4	21
4	5	22
6	7	28
6	10	26
5	10	24
6	9	26
5	13	30
5	12	31
0	6	90
0	5	90
3	4	26
8	11	27
5	8	25
6	9	31
4	8	24
2	4	21
3	7	23
3	5	22
0	4	91
3	6	21
1	5	21
4	8	25
6	11	30
11	14	39
3	8	23
0	3	36
2	3	21
2	7	20
6	8	29
1	5	24
2	7	21
3	7	22
3	21	90
8	7	33
5	10	30
3	6	24
7	12	31
4	9	27
5	10	25
5	8	24
4	9	26
6	9	26
5	8	26
5	8	25
6	9	25
3	7	22
1	8	20
1	33	90
5	6	24
6	8	26
7	7	24
1	26	90
5	8	23
2	8	22
4	11	25
2	11	24
2	9	25
4	7	23
4	10	24
4	9	26
4	8	24
5	13	28
0	11	90
9	8	33
9	8	33
7	7	30
4	8	22
7	9	31
4	9	25
4	6	23
5	8	24
5	8	24
6	10	31
6	11	27
6	7	29
5	9	24
1	8	22
3	5	26
4	6	27
7	10	27
6	8	26
6	11	26
4	7	25
5	7	25
6	11	32
4	7	23
4	7	22
5	8	24
3	9	26
8	11	30
8	10	32
9	11	31
10	14	36
9	12	30
3	6	22
1	6	22
2	8	21
2	9	24
3	8	20
3	8	21
5	8	31
12	14	37
4	7	24
8	11	31
6	11	25
7	8	27
7	7	26
2	9	23
3	8	21
5	13	33
0	13	89
2	7	22
5	10	33
4	7	24
3	6	24
2	6	24
6	7	24
4	6	23
6	11	26
6	9	25
9	12	30
6	9	27
6	8	25
7	8	24
0	15	91
3	27	91
3	6	23
0	4	30
6	10	25
0	15	90
0	15	91
3	6	21
2	5	21
2	6	22
9	12	28
3	7	24
3	6	22
3	8	24
4	8	23
5	9	31
10	12	34
0	13	91
0	11	91
2	5	21
3	7	23
4	7	23
0	5	90
0	8	91
2	7	21
0	12	76
5	9	31
4	10	24
3	8	23
2	6	21
6	10	30
2	7	22
0	14	91
0	15	91
3	7	22
6	9	31
0	6	90
6	7	23
7	11	27
6	11	31
5	7	22
6	11	30
7	12	28
4	10	23
3	5	22
0	7	90
0	9	91
0	12	91
0	14	91
0	-1	89
0	9	91
3	7	22
4	8	25
3	9	24
5	6	24
2	5	22
5	9	28
3	7	21
0	8	90
0	7	90
4	6	24
4	10	24
5	7	23
4	7	22
3	7	22
7	13	34
0	3	91
4	4	22
1	11	87
5	7	28
0	9	90
0	17	90
0	9	91
0	4	91
8	11	29
0	4	91
3	7	22
5	8	26
3	5	23
2	6	22
2	5	21
0	6	22
0	7	91
2	6	21
2	6	23
2	5	22
3	6	24
5	10	27
1	10	89
3	7	21
5	7	26
0	6	90
0	16	86
0	6	90
0	9	90
2	5	22
7	8	30
7	8	31
7	9	29
8	11	31
7	12	35
2	10	90
4	12	90
6	7	26
2	6	20
1	7	20
4	6	24
0	5	21
4	7	22
4	6	26
2	6	22
1	5	21
4	38	91
7	11	28
4	7	24
4	8	24
8	13	28
1	6	21
2	8	23
0	15	90
0	14	88
9	12	33
11	15	36
0	10	70
5	10	30
10	9	31
0	8	91
4	7	25
3	8	24
0	11	90
6	8	25
4	5	25
0	4	20
3	9	24
0	11	91
10	14	34
10	12	32
9	15	35
12	15	37
9	11	31
10	15	36
9	17	35
11	17	38
11	20	39
11	14	33
13	18	40
12	19	42
9	15	33
9	18	36
10	17	35
23	48	89
3	7	24
1	9	90
0	8	90
9	18	38
0	9	91
3	7	22
10	10	34
7	7	28
10	10	34
8	8	27
10	12	34
9	9	27
9	11	34
8	10	32
6	7	30
4	7	30
3	4	26
3	4	30
3	4	30
3	8	23
3	8	23
3	8	24
5	8	23
7	13	31
4	5	20
3	8	22
4	4	24
0	17	91
0	10	91
2	6	21
2	5	20
3	6	22
6	30	90
4	5	21
6	8	31
6	8	30
2	4	24
5	7	24
0	8	90
0	8	91
3	8	22
5	7	24
0	31	91
3	5	22
5	7	23
5	11	25
3	7	25
7	11	30
7	11	26
0	15	88
0	10	91
3	6	21
0	7	90
0	14	91
10	9	31
6	10	26
6	7	27
0	8	91
0	5	21
0	3	91
5	10	24
4	8	24
8	11	27
3	7	24
3	6	24
3	5	22
3	5	20
4	7	22
3	6	22
3	5	21
1	7	24
3	7	22
2	7	22
2	6	23
3	7	21
0	8	91
0	8	91
0	6	90
1	7	91
0	4	91
2	6	21
0	8	90
0	12	88
7	10	32
2	-1	91
2	-1	88
5	7	23
0	12	90
0	5	88
4	7	24
5	9	26
4	6	23
7	7	27
5	7	24
7	8	32
6	9	27
4	7	26
6	7	25
5	7	26
4	7	24
2	4	21
0	15	90
0	11	91
1	8	90
0	10	89
0	6	90
0	7	90
11	9	33
10	11	35
7	8	30
7	8	33
6	8	25
0	7	91
2	6	22
0	4	90
0	3	91
5	8	25
3	4	21
11	9	32
10	10	33
0	4	22
4	10	29
5	7	30
3	8	25
2	6	24
2	7	22
2	7	22
4	10	26
1	6	21
2	3	23
2	4	22
0	36	90
6	9	31
1	6	21
4	-1	86
4	8	25
0	9	65
2	6	91
2	5	90
5	8	24
5	8	28
5	8	25
6	9	30
5	6	27
3	6	22
5	10	25
3	6	22
5	6	23
7	14	31
5	7	24
4	7	22
0	11	91
0	9	91
1	39	91
10	10	26
5	8	25
3	8	24
5	8	30
2	7	21
2	6	21
4	10	25
5	12	25
3	9	22
2	6	23
3	7	24
7	9	32
2	3	21
8	9	29
5	9	30
4	7	23
8	11	31
3	6	23
5	7	26
3	6	23
3	9	31
6	9	26
3	7	23
2	8	21
3	8	21
4	7	21
6	11	32
0	5	75
8	13	31
8	10	28
3	5	22
4	7	23
1	15	90
2	5	21
5	10	35
6	10	32
6	10	23
7	11	33
11	14	33
9	7	28
6	8	28
5	9	27
5	9	25
3	11	28
5	11	26
2	8	23
4	9	26
11	11	35
3	6	23
3	7	23
4	7	24
4	9	28
0	14	91
0	10	90
10	9	33
9	9	33
7	13	30
3	7	23
2	6	22
5	8	24
5	10	26
11	12	34
8	10	33
5	18	31
4	6	22
3	8	24
2	8	22
1	4	21
8	12	29
9	12	31
2	7	23
4	8	24
3	6	22
3	7	24
0	8	89
0	7	91
6	9	26
4	7	20
7	9	28
0	6	91
5	8	25
0	12	91
0	8	90
4	7	22
3	6	25
2	5	22
1	4	21
3	5	22
0	5	21
5	9	30
8	12	31
4	5	22
4	7	22
5	6	24
5	10	26
5	8	22
2	6	22
3	7	24
3	7	23
5	7	25
3	6	25
3	6	24
2	5	22
4	10	24
3	7	22
2	4	20
5	11	30
5	8	28
2	7	21
6	8	30
2	4	23
3	7	25
5	8	24
3	8	24
3	7	26
3	8	22
5	9	24
2	8	23
3	9	25
4	8	24
2	7	23
3	8	23
6	10	26
2	6	21
3	6	21
3	8	25
9	12	34
11	15	34
7	10	30
4	7	21
0	7	91
0	7	90
2	4	24
0	36	90
7	14	32
2	7	22
2	6	21
2	6	20
7	9	33
7	9	27
10	10	35
2	4	21
4	6	22
4	10	27
0	10	91
0	11	91
6	8	25
5	5	26
1	5	20
7	8	28
5	10	32
7	7	29
4	4	23
0	7	91
7	11	29
5	10	30
5	5	24
3	7	26
2	9	23
9	10	30
2	7	22
2	7	22
6	9	24
3	6	22
3	6	21
5	9	28
4	8	20
4	7	27
4	10	30
10	11	30
5	7	29
9	11	34
3	6	23
8	12	28
5	10	26
5	11	25
4	7	22
4	6	21
3	6	21
3	6	22
3	5	23
3	8	24
5	8	24
9	11	33
5	7	24
0	12	90
5	9	25
2	8	24
3	8	22
3	7	21
9	14	36
35	36	91
5	7	23
3	7	20
1	4	22
1	5	21
7	10	30
4	8	24
2	7	23
9	9	27
6	8	26
3	8	24
3	6	23
5	6	23
4	7	24
3	7	23
2	7	22
2	9	23
3	7	23
5	7	24
2	8	24
5	8	25
10	13	37
6	8	25
3	9	23
0	0	91
0	0	90
3	8	24
7	9	29
6	8	27
6	11	31
8	13	34
0	19	90
1	6	90
0	13	91
0	18	90
0	4	23
0	4	21
0	16	91
2	7	21
0	15	90
2	7	21
4	6	23
2	5	22
4	5	22
3	7	22
2	3	22
3	8	24
5	9	30
3	8	27
2	7	24
3	8	26
3	7	25
3	7	24
3	8	22
3	7	27
10	13	31
4	8	24
2	6	23
4	12	27
5	9	26
6	10	31
6	8	25
3	7	24
5	7	23
5	7	24
3	6	22
8	11	29
8	11	27
2	5	22
3	4	24
0	12	88
2	7	24
0	10	91
0	9	91
0	10	91
0	11	90
0	4	91
3	9	27
3	5	23
2	5	20
3	8	25
1	22	91
0	-1	91
1	8	91
3	5	20
2	7	20
3	8	25
2	6	24
3	5	23
2	5	23
0	4	20
40	45	91
3	6	23
4	7	24
3	6	23
3	7	24
4	8	25
3	7	22
4	5	22
2	6	21
0	8	87
1	10	91
0	4	87
2	6	24
0	10	90
0	9	91
5	9	25
5	8	24
4	8	26
3	7	25
3	7	24
3	7	23
4	6	25
5	7	24
4	8	30
2	5	22
3	5	21
1	2	24
4	6	24
5	6	24
5	8	28
3	30	91
3	30	91
4	28	90
7	10	29
2	7	23
2	6	22
7	10	30
7	9	29
6	8	28
6	8	27
7	8	26
7	9	27
5	7	26
0	7	90
2	6	24
4	6	22
2	8	22
4	9	26
4	7	22
3	6	21
0	11	91
3	7	24
0	10	80
0	10	80
2	7	23
0	10	90
0	12	90
6	10	29
4	6	22
6	10	29
4	7	24
0	6	21
3	7	24
5	10	30
1	3	21
1	10	91
2	-1	90
0	2	21
1	1	22
0	6	89
2	5	20
3	5	21
5	7	32
1	11	90
1	5	21
2	5	21
3	6	26
3	6	23
5	6	23
5	7	23
1	6	22
2	2	21
0	5	87
0	6	91
3	7	22
2	6	20
4	5	23
2	8	23
4	8	30
3	4	20
3	4	21
3	5	22
0	-1	63
0	13	63
6	9	27
0	14	82
0	11	82
0	-1	91
0	13	90
6	10	33
5	11	33
5	11	34
0	1	57
3	7	25
0	12	83
0	17	91
0	2	22
1	7	23
2	4	20
1	5	20
0	13	90
0	10	91
1	12	91
1	10	91
2	5	20
6	8	27
2	5	23
4	12	25
6	13	31
3	9	24
3	11	24
9	11	33
8	10	28
5	6	22
3	7	22
3	7	23
9	11	32
6	8	28
5	3	24
0	7	91
0	12	91
3	4	22
3	6	24
0	9	91
0	4	91
0	10	91
3	17	90
1	4	24
7	6	33
4	8	24
0	15	91
0	9	90
1	14	90
0	3	91
0	12	91
3	6	21
2	6	21
0	16	91
0	13	91
8	15	36
2	7	21
4	8	22
4	6	24
1	9	89
0	8	90
5	11	25
1	10	91
0	2	46
1	4	20
3	6	25
0	9	91
0	4	20
0	4	20
0	10	90
0	13	91
2	5	22
8	11	34
8	10	30
2	5	23
1	13	90
0	10	91
5	7	24
1	9	90
0	11	91
1	6	22
4	8	24
8	15	42
3	4	22
0	10	91
0	9	90
0	12	90
0	12	91
4	7	22
5	10	26
6	8	30
5	-1	88
8	11	30
5	8	26
6	10	26
0	4	23
0	10	91
0	9	90
4	6	26
8	11	29
9	13	28
3	5	21
1	5	24
2	6	22
2	7	21
4	12	31
2	3	24
2	4	23
0	38	90
0	39	90
2	5	22
2	5	22
7	6	26
0	5	63
0	5	63
9	10	31
0	3	22
2	5	31
7	8	31
4	7	24
3	6	23
4	6	22
1	5	22
0	7	91
3	22	87
6	7	25
5	9	23
2	8	23
3	8	22
3	5	23
0	13	90
0	13	91
2	5	21
2	4	21
4	3	24
7	9	25
5	7	25
0	5	48
1	1	20
4	6	22
3	6	21
1	6	22
6	7	26
4	7	29
3	7	26
1	5	21
6	8	25
0	3	21
0	2	20
4	6	24
3	8	24
4	5	24
4	9	26
2	6	23
1	4	23
4	5	22
4	5	22
3	5	21
3	5	20
1	28	91
5	7	23
2	6	21
0	15	90
0	16	91
0	15	91
0	8	91
5	8	30
4	6	22
3	5	23
2	4	21
2	4	22
3	5	23
0	10	90
4	6	24
6	10	26
4	4	23
1	3	22
0	3	21
0	4	20
5	6	26
4	5	21
4	7	25
4	5	23
1	5	23
4	9	23
5	8	24
4	8	23
0	8	91
1	5	21
3	6	23
1	5	23
0	3	23
3	4	23
3	6	22
0	4	22
2	5	22
0	4	21
4	-1	90
6	8	27
3	6	24
0	8	76
0	5	89
0	11	91
2	9	21
2	6	23
3	5	25
5	7	26
4	9	31
6	7	27
5	8	25
3	8	24
6	12	32
6	10	33
5	11	30
6	11	32
5	10	31
4	7	24
4	9	25
3	5	22
2	6	21
5	9	26
3	7	22
4	7	25
2	7	22
3	7	23
3	9	22
3	7	21
1	3	21
3	12	30
4	10	25
3	6	24
0	4	23
0	4	20
3	7	22
0	15	91
0	11	90
0	10	89
0	10	91
4	5	24
0	8	70
0	7	70
4	10	24
0	2	91
7	7	24
4	9	25
0	11	90
0	5	90
0	4	91
1	8	91
1	17	90
0	9	91
0	9	91
0	8	91
5	9	25
3	6	22
1	5	21
9	9	29
1	3	21
0	11	90
2	6	23
1	4	20
6	10	31
2	5	21
1	5	20
7	10	31
0	7	89
4	7	24
4	7	23
4	6	22
4	7	21
0	11	90
3	5	21
0	9	90
5	8	30
0	12	91
0	10	83
3	5	23
0	12	91
0	16	90
0	9	91
2	7	22
3	6	23
4	6	23
0	20	90
0	21	91
5	9	24
4	7	22
2	6	22
2	6	21
0	9	91
1	9	91
3	6	23
4	7	24
0	4	21
0	9	91
0	7	90
3	4	23
0	6	90
3	5	22
2	4	22
2	4	22
0	4	90
2	6	21
5	10	27
3	4	21
0	12	90
2	6	22
4	10	25
4	7	22
5	9	22
0	12	90
2	8	21
7	10	31
0	14	90
0	8	91
1	4	22
3	8	24
4	7	25
0	6	90
0	8	90
4	7	22
2	7	26
2	5	23
4	7	22
4	7	24
7	11	28
5	7	24
2	6	23
0	9	90
0	11	91
0	9	89
0	5	90
3	9	26
0	13	91
3	10	26
1	8	23
3	10	23
2	8	22
2	7	22
4	7	22
5	9	26
2	6	26
3	7	23
3	6	21
2	6	22
4	10	24
0	13	91
0	10	91
8	13	32
3	5	22
5	8	27
5	7	25
3	5	23
4	6	23
1	5	21
1	-1	90
0	11	91
0	11	90
0	5	22
8	8	27
3	9	24
0	8	91
2	6	20
2	3	21
2	6	23
4	6	22
0	7	91
0	6	91
4	7	23
3	6	21
2	17	90
2	18	90
1	17	90
6	10	26
3	7	21
0	11	90
0	8	91
4	9	22
4	8	21
3	9	23
2	8	22
7	11	26
8	12	32
3	8	23
3	7	22
4	8	23
0	7	90
0	9	89
5	9	25
7	12	29
2	7	21
3	4	22
2	4	21
2	3	23
5	8	25
2	5	22
3	4	22
3	5	23
5	7	24
0	11	90
5	9	25
1	5	21
3	6	22
1	3	21
1	-1	91
0	8	90
4	7	22
3	8	25
3	7	23
3	7	23
4	7	24
3	15	90
4	8	22
2	8	23
7	9	30
8	11	30
5	8	25
1	5	21
5	13	30
2	5	22
2	4	22
2	4	21
1	7	21
2	5	20
2	6	22
0	12	90
0	20	91
0	14	90
7	8	30
8	7	30
3	8	23
0	3	22
1	5	21
6	10	32
5	11	30
4	9	30
6	8	31
6	7	29
6	8	29
4	9	31
5	8	27
3	8	27
3	7	25
3	7	25
3	6	24
6	7	24
3	7	23
3	9	22
0	8	91
0	8	91
3	4	25
9	21	90
4	6	23
5	6	22
1	3	22
2	6	22
3	10	30
4	10	30
3	6	22
4	9	25
7	12	32
7	9	25
4	8	24
1	20	91
0	11	91
2	4	22
5	7	26
3	6	22
0	17	91
3	7	21
2	7	22
2	6	21
0	7	90
0	7	91
5	8	25
2	6	20
3	7	21
2	1	23
2	5	22
2	5	22
3	6	22
1	5	20
8	33	90
7	16	33
7	15	35
3	8	22
7	11	27
3	9	23
3	9	22
2	6	25
3	5	24
3	9	24
2	5	22
2	6	20
4	8	23
3	9	23
5	6	24
9	11	33
4	7	24
3	6	21
4	6	22
3	7	23
3	6	22
4	6	23
3	6	23
5	6	22
4	6	21
0	14	90
0	16	90
4	8	23
1	6	20
2	6	23
3	7	24
3	8	25
3	6	22
4	8	24
3	9	30
3	9	28
3	9	26
4	7	22
3	6	21
2	4	21
0	10	90
0	11	89
7	10	27
0	15	78
0	13	91
7	8	32
2	8	24
5	9	25
0	6	90
0	11	91
0	4	22
3	4	21
3	7	23
3	7	22
1	8	49
7	9	31
5	10	26
0	3	21
2	9	22
2	7	21
2	7	22
9	10	31
7	11	32
7	10	30
7	13	33
8	11	33
7	9	29
9	10	31
9	10	33
7	9	28
8	9	26
8	10	27
1	38	90
3	4	22
2	5	20
0	25	90
9	10	36
1	11	91
1	5	20
1	6	21
6	7	29
0	5	89
5	9	22
9	13	31
3	7	22
0	6	57
0	8	57
2	5	22
3	4	23
5	7	25
3	5	22
6	10	24
5	16	32
3	11	26
4	7	24
4	5	23
2	3	21
3	7	23
2	6	21
2	7	21
2	6	20
0	8	90
0	8	91
1	9	22
4	7	22
7	10	26
2	7	23
2	7	22
7	10	26
7	13	35
3	6	21
3	3	23
22	20	60
8	8	28
5	9	25
3	9	24
0	5	90
0	5	90
0	8	91
0	6	87
2	7	21
6	10	30
5	8	26
7	11	30
4	9	24
1	11	90
0	11	90
4	9	24
4	8	31
2	7	22
1	5	22
1	5	21
6	7	24
6	9	26
0	11	90
0	13	91
2	5	21
6	4	24
2	9	32
5	11	30
6	9	32
7	15	34
1	6	20
2	6	23
5	9	26
6	22	90
1	24	91
4	9	90
0	8	91
0	6	88
0	6	91
0	13	90
2	6	22
1	-1	91
2	5	21
1	5	21
0	4	20
3	7	23
5	7	24
2	5	20
2	7	21
5	11	26
8	10	35
0	9	91
1	11	91
4	9	28
5	9	31
3	8	23
3	10	27
0	16	90
1	3	20
0	7	90
7	10	31
6	10	32
1	3	21
0	14	91
0	8	90
3	6	22
6	8	26
4	7	24
5	9	30
0	14	91
0	8	90
3	6	22
1	5	21
4	7	26
6	7	25
1	2	23
1	4	21
4	6	23
5	13	32
2	8	22
4	7	22
0	13	90
0	11	90
2	6	22
3	8	25
5	11	25
0	5	91
8	10	34
6	10	30
4	8	25
2	9	24
3	7	24
2	7	22
3	9	23
2	4	21
5	6	24
6	10	25
3	6	21
2	4	20
3	5	23
3	6	22
7	11	31
2	7	26
9	12	32
9	13	31
9	12	31
2	9	36
4	5	21
3	4	22
6	9	23
5	11	28
5	7	25
8	10	29
3	6	21
6	13	30
3	6	21
4	6	23
4	6	24
5	6	25
6	8	28
7	10	27
0	9	88
0	7	91
0	1	27
2	5	22
5	7	25
1	5	23
2	3	22
1	4	21
8	11	32
5	8	24
4	8	27
2	9	23
2	7	22
2	6	22
0	6	91
0	5	90
1	3	22
5	28	90
0	5	61
0	5	61
0	11	90
0	16	90
6	10	26
2	8	21
4	11	27
6	10	26
8	12	33
1	3	22
0	2	22
1	3	23
1	3	22
6	10	26
6	10	28
5	10	26
7	9	24
7	10	27
8	12	30
2	5	21
2	8	23
5	7	25
2	7	25
4	9	25
6	10	29
5	10	24
4	9	24
7	10	30
9	8	31
4	8	23
13	19	44
2	8	24
2	8	25
4	8	26
3	6	24
6	8	24
5	12	31
5	7	24
4	6	22
2	7	22
4	10	25
2	5	24
5	10	28
6	11	30
5	12	33
3	7	25
8	12	26
5	9	24
6	7	23
3	4	22
3	7	24
2	6	22
2	7	23
6	10	30
3	8	21
4	7	21
4	7	21
2	5	23
5	9	31
5	8	24
5	8	23
7	13	33
7	14	34
0	12	91
0	13	91
5	11	26
6	7	30
3	8	24
0	11	91
0	10	90
5	8	24
6	10	25
0	4	20
5	9	27
6	7	25
7	7	24
7	12	26
3	8	22
4	9	23
5	9	23
3	6	22
2	5	20
11	17	36
1	5	22
2	3	21
4	6	23
2	2	24
4	7	22
6	10	30
8	10	30
7	9	29
6	8	26
5	8	24
7	12	34
3	6	22
3	7	23
2	5	21
0	9	90
0	11	91
5	8	30
2	6	22
3	5	22
2	6	24
0	11	91
0	7	90
7	8	27
7	12	28
2	4	21
5	6	31
4	6	24
7	11	28
5	8	35
0	29	90
4	9	27
3	5	21
7	13	28
5	8	25
3	6	21
4	8	23
2	8	21
6	9	24
6	9	28
1	7	24
2	7	23
2	7	20
3	8	22
4	7	22
4	5	23
0	9	91
0	9	90
5	8	24
3	7	22
0	12	91
0	14	91
12	11	35
2	6	23
3	6	22
3	8	22
4	6	22
3	6	21
2	6	23
4	8	25
4	7	24
5	8	23
4	8	22
1	4	20
10	10	37
4	6	21
0	16	88
0	8	90
6	8	33
1	5	21
4	7	24
4	7	22
2	5	24
0	10	91
0	8	90
2	5	22
4	6	22
3	6	24
5	9	31
4	6	23
4	7	24
3	6	24
6	8	26
1	4	20
3	6	21
8	9	31
0	11	90
4	6	24
5	7	22
3	29	91
5	5	24
3	7	23
6	9	25
2	4	21
5	7	24
3	7	21
3	8	23
0	12	89
8	7	26
6	13	31
9	10	29
10	12	32
3	6	23
3	9	25
6	10	25
5	12	30
1	3	22
4	6	22
7	9	25
8	13	33
3	6	24
3	7	23
5	7	25
1	4	20
3	7	24
7	8	24
7	9	31
4	7	24
4	11	29
3	10	22
3	8	21
3	8	22
4	10	24
4	9	24
5	13	34
5	11	30
5	10	29
4	8	25
1	7	21
1	6	20
2	7	23
1	8	21
2	5	21
6	13	28
6	11	27
5	11	29
4	8	24
8	13	32
7	11	30
6	6	27
5	8	28
8	8	32
7	8	30
2	6	20
8	14	31
3	7	24
8	10	34
4	6	26
2	7	21
6	13	30
10	12	32
11	13	33
9	13	28
9	12	31
0	7	90
0	4	91
5	8	26
5	6	23
9	14	36
1	10	22
5	8	24
4	8	23
5	8	25
5	8	24
4	9	23
12	14	36
5	8	27
6	11	30
1	6	22
0	9	91
0	10	91
4	6	24
4	8	24
4	9	22
8	12	31
9	11	31
0	11	91
2	5	22
4	9	26
1	5	22
6	9	26
5	8	27
4	7	22
4	6	23
3	5	21
5	10	25
3	7	23
2	7	24
3	7	22
3	8	24
2	6	21
2	6	22
5	11	31
0	22	90
8	8	31
4	10	24
5	-1	91
7	12	31
4	10	27
4	8	24
5	7	24
2	7	24
7	12	28
7	11	27
6	11	30
3	6	21
2	5	20
6	9	26
2	6	21
7	8	26
5	8	23
0	4	22
8	9	36
2	6	22
6	8	26
4	6	23
9	7	31
2	6	24
1	13	90
5	9	30
1	7	23
1	7	21
2	6	21
4	9	24
6	13	30
0	3	21
0	11	90
1	9	90
4	7	23
2	5	24
2	4	23
7	15	34
3	5	23
3	5	21
2	3	23
3	9	23
4	9	23
7	6	24
0	6	90
0	10	88
1	2	22
2	5	23
2	6	23
4	10	25
5	9	31
2	4	20
4	7	24
1	6	20
0	19	91
0	12	90
3	6	22
0	12	90
1	3	21
0	4	20
0	8	90
0	10	91
0	7	91
3	7	30
0	5	22
0	7	91
4	8	23
1	9	45
0	8	91
3	7	23
0	12	91
1	11	91
2	6	22
4	8	26
0	20	90
3	7	26
3	9	28
4	7	26
4	8	25
5	9	25
4	8	25
0	4	21
5	8	23
4	8	24
4	6	24
4	7	24
4	7	23
0	4	91
0	5	91
4	5	24
3	7	25
0	9	89
3	6	20
0	-1	81
0	9	81
0	10	91
0	8	91
2	6	25
4	4	24
1	17	90
0	11	91
0	-1	52
0	8	91
0	7	90
3	7	23
0	9	91
0	18	91
4	6	23
1	4	22
0	3	21
3	6	21
4	6	21
0	11	91
0	7	91
0	15	91
0	9	90
0	16	90
0	11	90
1	7	23
2	6	24
3	7	26
3	7	22
2	4	22
1	5	91
0	7	88
6	14	35
7	8	26
0	4	91
1	10	91
1	7	91
3	5	25
3	7	23
0	13	91
3	9	26
1	6	23
5	13	26
0	8	90
0	9	91
0	8	90
4	10	30
8	9	32
6	6	24
6	9	33
1	3	21
0	11	91
0	7	91
4	8	24
4	7	23
1	3	21
0	4	22
0	11	90
0	4	20
0	3	22
1	1	23
4	5	23
3	4	21
2	4	21
4	5	22
6	9	33
5	9	27
7	10	30
4	4	23
2	7	23
0	11	91
0	8	91
3	7	21
0	6	61
0	7	61
8	11	32
3	6	22
4	10	30
4	5	24
3	4	24
3	4	23
2	4	22
7	13	32
0	8	91
0	11	91
0	3	21
3	6	21
3	9	24
0	11	91
0	13	91
4	8	25
1	4	21
0	11	91
9	11	31
0	9	91
0	10	90
3	6	21
6	6	30
0	5	25
2	6	26
1	5	23
5	12	30
3	7	21
4	6	22
3	7	23
4	6	23
2	5	23
0	13	91
2	7	23
3	5	24
2	5	22
1	9	90
1	4	21
0	6	90
1	4	22
9	10	29
9	9	32
2	5	24
4	37	91
0	35	89
0	37	91
0	37	91
1	37	91
2	5	21
3	7	24
5	7	24
5	6	31
1	5	20
0	15	91
0	8	90
2	8	23
10	11	33
0	3	20
5	7	24
2	5	21
10	10	32
1	8	24
4	6	24
8	10	29
2	6	23
2	8	23
3	8	24
3	8	25
3	11	26
4	12	27
4	9	23
5	7	26
9	12	35
2	6	23
2	5	22
2	5	21
2	8	21
2	8	22
4	6	25
3	9	30
7	7	28
5	5	26
0	8	90
0	6	91
0	-1	90
6	8	26
0	9	91
0	11	90
0	7	91
0	13	91
0	3	90
3	5	21
4	8	25
5	9	30
8	10	28
5	5	29
3	6	23
2	6	22
2	5	21
3	7	23
5	8	23
3	9	24
5	10	25
2	9	24
2	9	22
7	7	30
6	10	28
0	3	23
3	5	22
1	4	21
0	11	69
0	11	69
5	7	28
1	4	21
1	6	23
1	3	21
3	6	23
3	6	22
0	5	53
0	16	91
0	11	91
2	3	22
2	2	21
2	8	24
6	8	26
4	8	28
3	6	22
3	5	22
1	5	20
5	8	32
4	7	31
3	8	30
4	7	27
0	10	91
0	10	90
6	13	29
6	12	28
5	9	26
5	9	26
0	2	22
0	6	49
5	9	23
3	7	25
2	8	90
0	2	88
0	2	77
0	7	90
0	9	90
4	9	23
8	13	34
1	8	77
7	11	30
7	10	28
4	9	24
2	5	21
0	7	91
0	5	90
2	6	23
2	5	22
2	7	24
3	9	24
4	12	31
0	2	21
6	6	27
2	8	24
10	12	32
4	7	23
4	6	22
2	6	22
1	6	21
0	9	90
5	8	27
0	12	91
0	9	91
0	10	91
0	13	91
3	6	24
8	8	33
1	7	90
0	11	91
4	7	23
0	8	90
2	5	20
6	11	30
4	8	25
0	3	21
4	14	90
1	12	91
0	8	91
3	5	24
3	4	23
4	4	22
2	4	22
0	22	90
3	7	23
3	7	22
3	7	21
0	4	91
0	11	91
0	10	90
0	12	89
6	9	30
0	15	91
0	16	90
4	9	31
3	7	26
3	8	23
3	6	23
0	23	91
3	5	22
4	5	24
2	3	20
2	8	22
2	7	21
5	8	30
1	5	21
0	11	91
0	4	90
11	14	38
6	5	26
4	7	21
0	12	90
2	9	23
3	7	24
5	7	25
3	7	26
2	8	23
2	6	22
4	9	23
0	5	20
4	5	23
7	12	27
8	11	27
6	8	24
4	6	22
2	13	90
0	12	91
5	9	23
4	9	23
4	10	25
3	10	23
2	4	21
1	9	90
4	10	24
2	5	20
0	6	91
2	6	24
1	-1	70
1	7	70
0	12	91
4	6	23
3	8	21
7	9	30
7	8	29
2	4	20
3	7	21
3	8	22
3	9	22
0	14	90
0	17	91
4	5	23
2	4	25
3	7	30
3	30	90
3	6	21
2	6	21
1	6	21
1	6	22
0	10	91
0	10	91
1	5	28
0	10	89
0	12	90
2	7	22
6	10	25
1	2	20
6	10	26
4	9	24
0	13	90
0	12	90
9	10	38
0	3	20
5	16	31
8	12	34
9	13	32
3	10	27
0	11	90
0	12	91
6	8	28
0	15	91
0	15	91
3	3	21
0	8	89
0	9	89
3	5	22
3	5	22
6	7	26
6	5	31
0	-1	91
1	3	20
2	4	22
0	4	39
7	6	28
0	14	91
0	14	91
0	12	89
2	6	23
2	7	23
0	16	91
0	4	90
0	17	91
6	8	27
6	7	26
5	7	25
0	5	89
0	13	91
3	4	22
6	7	23
1	4	22
4	8	25
7	6	26
7	6	25
6	9	26
5	7	26
5	7	25
3	5	24
3	5	23
3	6	24
3	5	23
2	4	20
2	7	21
5	7	27
4	7	25
4	6	24
5	8	32
4	7	27
4	6	26
5	8	30
5	9	31
6	10	31
5	10	30
4	12	30
8	13	36
4	9	28
4	9	26
1	4	24
0	26	91
4	8	25
4	7	23
4	6	22
3	6	21
3	5	20
5	10	27
8	11	30
7	11	28
8	12	30
7	9	28
8	11	29
8	10	27
9	11	31
4	9	24
0	9	91
0	12	90
6	8	26
8	10	31
8	10	30
6	7	25
4	8	23
0	12	90
6	9	26
9	10	36
4	8	25
0	13	90
0	7	91
9	15	40
6	8	25
0	3	21
0	15	90
0	16	91
4	8	24
3	4	23
0	9	91
0	16	91
0	13	91
0	12	90
4	8	25
4	9	25
4	10	26
2	1	21
2	1	22
1	1	23
3	2	23
0	6	90
0	10	91
0	1	58
8	10	29
6	12	30
6	11	26
4	8	24
0	8	90
3	6	23
0	9	90
2	6	22
4	6	21
0	11	91
0	9	91
4	10	25
6	10	32
5	10	24
7	5	26
6	5	25
6	6	26
9	7	33
6	9	24
8	10	32
4	9	26
2	8	20
0	14	91
0	10	91
3	7	21
6	9	31
7	13	32
5	7	25
3	8	25
1	5	21
5	8	27
3	5	22
0	8	91
0	4	89
0	11	90
4	6	23
3	8	23
3	9	23
4	9	25
6	13	34
6	10	26
4	6	21
5	7	21
2	6	21
2	3	22
0	7	90
2	6	21
6	9	29
6	10	24
6	9	25
6	9	24
2	7	21
1	5	20
5	10	25
0	10	91
0	7	90
5	14	30
0	11	90
1	6	22
2	9	25
1	7	22
4	9	23
6	9	31
4	7	24
4	9	24
5	7	22
3	6	22
2	7	23
0	15	91
0	11	90
3	6	23
3	7	21
3	5	25
7	8	25
7	8	24
0	6	91
4	6	22
4	6	21
6	9	30
2	10	24
2	10	24
3	8	22
4	10	25
5	7	22
8	14	32
7	12	28
0	12	91
4	8	25
5	8	25
0	7	90
3	9	24
2	6	21
0	10	91
6	10	27
7	8	31
2	4	22
4	10	25
2	7	21
3	10	24
2	8	23
3	7	22
2	7	21
3	8	23
3	7	21
3	7	21
3	6	22
3	5	23
8	8	24
1	5	20
4	6	24
7	12	31
3	5	24
5	8	24
6	6	25
3	8	30
5	7	25
4	9	26
0	8	91
0	11	90
5	6	23
6	8	26
1	10	91
0	11	90
5	7	23
6	10	33
2	7	23
0	5	57
4	6	22
7	11	32
6	10	26
7	12	29
7	8	28
5	10	26
5	10	26
2	7	21
8	12	34
3	5	30
2	11	25
4	5	23
0	9	89
0	11	91
6	10	30
5	9	30
7	11	30
2	6	21
4	8	21
0	12	90
1	6	21
2	5	22
4	6	25
6	8	32
5	8	30
5	7	23
0	11	91
0	11	91
3	8	24
1	3	22
1	2	21
2	8	22
4	7	21
0	2	91
0	2	90
5	8	30
1	11	75
0	11	75
6	6	24
4	8	24
3	4	23
5	7	24
5	10	24
6	13	30
5	10	25
7	10	26
10	10	32
6	6	24
6	12	30
3	5	22
3	6	23
5	12	31
4	8	26
5	8	25
4	8	24
6	7	24
2	5	20
5	9	30
5	7	23
4	8	24
3	8	22
4	8	30
6	9	25
4	4	22
1	35	90
0	8	91
1	11	90
2	8	23
4	8	22
5	5	31
5	7	27
1	22	90
5	11	30
7	10	31
5	13	27
6	10	28
8	12	31
6	10	26
3	4	22
0	20	90
0	4	91
2	5	21
6	8	23
2	4	21
0	10	91
7	4	32
10	12	33
3	7	22
3	6	21
4	9	23
0	13	90
0	16	91
1	3	21
3	7	22
0	12	90
3	5	21
3	8	25
10	41	90
4	5	22
3	7	31
8	11	34
9	7	29
6	7	25
0	7	90
0	7	91
5	9	26
1	6	21
7	12	39
5	8	32
0	3	23
2	8	21
0	8	90
0	5	89
2	3	21
0	29	90
3	5	20
7	10	34
9	13	34
9	12	32
4	6	25
6	10	29
5	10	30
4	9	24
0	11	90
0	8	90
6	12	31
7	11	30
6	11	34
6	15	33
3	5	21
4	6	22
0	12	91
0	13	91
2	5	23
2	5	22
3	7	24
4	6	25
3	5	23
3	7	24
0	11	89
0	14	90
3	5	22
3	16	91
4	16	90
7	10	25
6	12	27
4	8	30
5	6	25
2	7	22
7	11	32
4	8	26
3	5	22
3	6	23
6	10	25
1	6	21
4	9	30
0	8	91
4	6	25
5	8	23
6	8	27
10	9	29
9	11	32
2	5	21
0	1	20
4	25	91
4	9	23
2	4	21
5	-1	90
4	7	26
4	6	25
3	4	22
2	6	21
3	8	22
2	7	21
6	9	27
6	8	25
6	7	24
6	8	24
5	9	25
7	12	32
0	8	90
3	4	23
2	5	23
4	7	24
0	11	91
11	13	34
6	11	31
9	12	29
2	4	21
6	8	25
9	13	28
6	8	26
3	6	25
1	13	90
0	16	91
3	5	23
3	9	22
5	9	25
9	10	32
0	4	22
4	9	29
10	10	30
6	8	30
6	8	26
7	9	28
3	6	22
2	10	22
0	14	90
3	4	22
3	7	22
6	8	24
3	5	21
4	5	25
0	17	91
7	13	33
0	9	91
1	8	90
4	7	21
3	7	25
1	9	90
0	7	90
8	9	27
7	10	27
3	5	23
0	12	91
0	11	90
6	8	26
5	25	90
3	7	22
3	4	23
0	9	91
7	9	24
5	7	26
6	10	27
8	11	28
6	8	23
6	10	26
2	6	21
7	9	30
6	10	25
7	10	32
2	5	21
6	9	31
2	6	21
2	3	24
6	11	31
5	9	26
7	8	29
2	6	23
8	8	33
3	11	26
9	12	31
13	-1	40
5	8	26
3	5	23
3	6	21
6	8	27
4	7	22
3	8	21
3	6	24
4	6	24
1	7	21
1	4	23
12	14	37
2	6	23
2	7	22
4	7	24
3	6	22
3	7	22
0	9	90
1	8	90
2	5	21
3	5	21
4	7	22
4	6	22
7	12	32
2	13	46
1	5	21
2	4	22
4	8	24
4	7	22
6	11	32
4	6	27
4	5	26
6	6	25
5	7	31
5	10	26
5	12	26
2	5	23
2	5	21
3	7	23
4	8	26
0	4	22
1	5	22
0	12	89
0	17	90
0	8	90
7	10	25
6	45	91
3	5	20
3	7	20
1	4	22
2	5	20
3	7	24
6	10	25
5	9	24
7	8	26
3	8	25
5	10	25
0	8	90
0	10	90
2	5	23
0	31	90
3	7	23
2	7	22
1	6	20
2	6	22
2	5	22
1	5	21
2	5	20
3	8	22
6	11	24
6	10	24
6	11	27
9	12	31
8	11	31
3	7	22
1	6	22
6	17	33
6	16	32
4	13	29
9	9	30
4	25	90
3	8	24
2	7	23
3	8	23
2	6	20
8	11	32
5	9	30
0	12	91
0	10	90
0	6	91
4	3	21
1	16	91
0	10	90
1	3	22
4	10	24
1	4	20
2	9	24
2	5	21
1	3	22
4	7	24
3	8	25
4	7	25
4	8	25
3	6	24
3	6	22
4	5	22
0	2	21
1	4	21
0	9	63
2	6	23
2	5	22
6	8	27
5	14	30
7	8	26
3	5	23
3	9	23
2	6	21
1	5	22
0	5	90
1	4	21
2	5	21
3	7	24
2	7	25
4	5	24
3	7	22
3	7	24
9	8	38
11	-1	41
1	3	22
0	3	20
1	4	20
1	2	22
0	9	91
4	4	25
5	8	24
0	8	90
3	5	20
3	8	22
0	4	23
4	7	24
4	8	23
6	12	33
1	3	87
3	5	21
3	5	22
1	7	91
2	6	22
6	9	32
7	9	30
6	9	32
5	7	25
5	8	26
5	9	30
4	7	24
5	7	24
2	4	21
4	6	23
0	8	91
0	9	91
0	13	91
3	9	22
1	4	20
3	6	21
3	7	24
4	8	26
6	11	30
4	6	23
4	6	25
0	13	91
0	14	90
4	-1	90
3	4	22
8	11	28
6	11	27
7	11	28
7	10	28
6	10	27
5	9	25
5	8	24
0	3	20
1	3	21
10	10	29
2	7	22
1	6	21
3	7	22
5	11	31
9	12	31
1	3	21
7	9	28
5	9	23
0	12	90
3	6	24
4	5	23
2	4	22
0	9	90
0	7	91
3	4	22
5	7	26
6	11	34
5	8	23
4	8	24
5	9	24
0	3	22
1	6	88
0	9	91
3	6	22
2	2	22
7	9	31
2	7	21
2	7	20
0	14	91
3	8	23
3	8	23
0	9	91
1	3	20
0	5	21
1	6	23
2	7	23
4	7	23
2	4	21
0	4	22
3	7	21
8	10	30
7	8	28
5	7	25
6	8	26
4	8	23
4	7	23
3	8	25
2	5	22
1	4	21
0	3	21
0	-1	70
2	3	21
0	15	89
0	4	21
5	7	24
3	5	20
5	7	23
1	8	23
0	19	91
3	6	24
4	8	21
0	16	90
6	11	27
3	5	21
5	9	24
0	8	34
0	5	34
0	-1	90
2	5	21
3	4	22
0	9	85
0	8	85
3	5	21
4	8	24
3	6	24
3	5	23
3	7	22
3	11	30
4	8	23
5	11	30
3	5	22
2	5	22
2	6	21
0	1	21
0	1	22
3	8	22
5	9	30
4	7	28
2	8	23
2	5	23
3	5	23
0	4	22
1	3	20
4	8	24
5	11	31
5	11	30
6	11	30
6	10	29
5	9	24
3	10	23
3	6	25
3	5	24
4	7	24
3	6	22
2	6	21
9	12	34
4	8	23
0	14	90
0	14	91
2	4	24
0	18	91
0	17	90
3	4	22
2	5	22
5	7	26
4	7	30
4	9	30
4	8	28
3	9	26
2	6	23
2	7	24
4	7	27
2	6	25
3	6	26
1	5	21
1	7	21
5	11	30
3	31	90
4	8	25
7	6	23
6	10	30
4	7	22
7	8	28
6	7	24
0	1	91
0	1	56
3	8	91
2	4	21
1	5	20
4	9	25
3	8	24
3	7	25
3	8	25
3	7	23
2	8	24
3	7	22
2	7	21
4	8	24
6	8	31
3	7	23
2	5	23
3	8	26
2	4	24
1	4	21
3	6	24
3	8	26
4	9	30
3	8	25
4	8	27
5	10	26
6	9	31
5	8	24
3	7	21
1	2	21
0	25	90
6	9	22
4	8	25
7	9	26
4	7	23
5	8	25
2	7	25
4	8	24
2	6	22
2	5	21
8	15	30
7	12	26
7	11	25
7	8	23
2	6	21
0	7	91
0	11	91
10	13	38
0	9	91
2	6	22
0	8	89
3	5	21
3	5	23
5	10	30
2	7	22
4	9	25
3	5	23
7	9	28
2	4	21
0	6	88
0	12	90
5	8	23
6	8	24
6	9	26
6	9	25
2	5	21
3	4	23
6	7	25
4	8	24
1	4	21
3	6	24
6	6	27
6	6	25
9	9	35
7	9	33
11	11	38
1	5	20
3	4	25
3	7	22
2	6	21
0	8	90
0	9	90
3	7	24
0	11	87
7	9	25
1	7	74
0	6	74
0	10	90
0	13	91
2	6	21
8	9	29
0	10	91
6	10	27
6	7	25
2	7	23
2	7	22
2	7	21
1	7	20
0	4	48
3	8	23
3	8	22
3	4	31
3	5	25
5	11	30
9	12	34
0	23	91
0	23	91
1	22	91
1	24	91
1	14	63
0	2	24
0	4	23
0	2	22
0	4	21
16	29	91
9	10	32
7	11	30
4	10	24
3	8	24
5	6	24
1	5	23
6	7	25
3	5	22
4	7	24
1	2	21
6	11	25
11	10	42
6	7	26
4	7	24
9	9	34
2	2	22
0	19	90
6	12	32
5	8	26
3	9	23
5	10	23
9	38	90
6	7	25
9	10	28
6	10	25
5	11	25
5	5	25
2	6	21
2	6	21
4	7	22
1	4	23
2	10	24
2	9	23
3	9	25
3	8	24
3	7	23
0	7	70
0	12	90
7	12	30
5	6	25
5	7	24
0	7	90
1	10	91
0	14	90
6	9	26
2	4	22
7	27	90
4	7	30
4	8	30
6	13	32
4	7	28
3	5	23
0	4	91
2	12	91
11	11	31
10	11	33
9	10	34
11	12	36
8	10	30
6	8	26
0	11	91
0	10	90
5	7	25
5	11	26
3	6	22
3	5	21
3	-1	82
2	10	82
0	12	90
0	15	91
0	29	91
3	4	25
4	38	90
3	4	24
5	9	22
5	8	22
2	5	21
0	9	91
0	15	90
0	15	90
1	5	20
9	8	37
5	8	23
4	9	24
0	4	48
0	11	91
3	8	25
4	6	22
3	5	22
3	5	21
0	11	90
5	7	25
0	10	91
0	8	50
5	7	22
0	11	90
0	12	91
3	9	23
9	10	25
4	10	24
4	5	22
4	9	30
1	4	22
3	7	22
3	6	23
3	12	25
3	6	21
3	9	23
6	9	30
6	10	30
2	11	24
6	10	30
3	8	25
3	9	25
4	7	24
3	8	25
4	8	26
5	8	26
3	6	23
0	9	90
0	9	91
0	35	90
5	6	24
0	9	90
0	13	90
0	6	91
3	9	24
1	7	21
0	13	91
0	12	91
0	18	90
0	9	87
0	11	87
4	7	25
3	7	23
0	8	90
0	14	91
0	10	90
0	9	91
0	15	90
2	4	23
4	8	26
2	5	24
4	8	23
0	6	88
3	7	23
4	6	22
2	6	21
3	6	20
0	6	91
0	11	91
0	17	91
0	5	20
10	14	38
1	4	20
1	4	22
7	11	30
0	10	90
0	9	89
3	7	23
2	7	22
0	7	90
0	8	90
4	9	30
6	15	37
0	10	90
9	12	32
5	9	31
8	12	34
8	9	26
10	11	31
0	13	87
0	8	89
9	9	34
2	6	21
2	5	21
2	5	22
3	10	25
3	7	25
2	6	22
4	6	23
5	8	26
4	10	27
3	10	24
0	7	90
1	13	91
3	7	24
3	4	23
1	7	20
0	3	91
0	8	91
2	23	91
3	8	25
5	12	30
0	1	20
3	7	23
1	6	58
0	20	91
1	-1	91
0	13	90
2	3	20
0	17	90
0	9	91
0	8	91
5	10	30
5	5	30
5	5	30
8	8	29
4	11	29
4	8	23
0	18	90
0	14	91
0	10	91
9	10	30
8	9	34
1	3	20
3	7	25
0	6	90
0	8	88
3	7	24
5	7	24
5	6	22
3	4	21
5	10	28
3	5	24
0	12	91
1	5	20
0	9	91
7	11	32
8	11	32
7	10	25
6	8	26
4	9	25
4	8	24
0	8	90
5	7	24
0	11	90
0	10	90
2	4	21
4	5	22
2	8	23
2	9	90
0	10	91
2	7	20
5	12	26
0	15	90
0	13	90
0	6	23
0	7	91
4	7	23
0	6	91
0	9	91
2	4	26
3	12	88
3	11	90
1	6	21
0	5	61
6	13	31
4	6	23
3	7	22
2	6	21
3	6	24
2	6	22
0	3	21
1	6	20
6	9	25
3	6	22
0	2	91
0	8	90
0	11	91
0	8	91
8	7	31
0	2	21
4	7	23
4	8	23
0	4	21
0	14	91
0	15	91
7	10	27
0	5	82
0	4	82
8	10	30
0	13	91
0	7	90
6	12	27
0	11	91
1	11	91
0	3	20
6	7	26
6	9	31
3	5	23
0	15	90
0	9	90
0	9	90
0	12	90
0	4	60
1	2	23
1	1	22
0	1	20
3	4	22
0	7	91
4	9	24
0	9	90
1	2	22
0	6	91
5	9	31
0	24	91
4	11	28
0	11	91
0	6	90
1	14	90
0	7	87
0	9	91
5	9	26
10	13	33
7	8	26
0	16	91
0	17	91
1	7	91
1	6	91
9	11	36
0	7	90
2	5	21
0	12	91
8	9	26
3	4	22
8	29	90
1	5	90
0	10	90
6	8	30
3	5	24
1	4	24
1	5	23
1	7	25
1	4	21
0	14	91
0	12	91
0	12	91
0	12	91
0	9	91
2	7	22
3	8	21
0	10	91
1	5	20
0	9	91
0	6	90
1	6	21
0	6	21
0	37	90
6	10	30
7	11	31
4	8	25
0	11	90
2	4	21
5	5	27
0	15	91
0	11	91
0	26	91
0	12	90
0	16	91
0	13	91
0	7	91
3	6	24
4	7	25
0	10	90
0	12	91
0	9	91
5	6	24
3	3	21
3	4	21
4	5	22
2	6	23
4	5	23
3	2	22
3	3	22
0	8	91
0	9	91
0	18	91
0	12	91
0	10	90
1	2	21
0	6	91
0	8	91
0	12	91
0	9	91
5	11	29
0	12	90
0	9	91
9	9	32
0	8	90
0	9	91
4	12	30
0	10	91
0	10	90
6	9	25
5	6	25
0	17	90
0	15	91
0	12	81
1	4	22
0	11	90
5	7	22
6	12	30
4	8	22
6	9	27
8	8	28
0	11	90
0	11	91
0	14	90
0	10	91
3	8	25
3	8	26
2	5	21
6	6	30
2	8	21
2	5	23
3	7	24
1	7	24
0	7	83
0	4	20
1	5	25
8	12	30
6	13	32
8	12	31
7	12	32
7	9	28
7	13	35
3	8	22
1	6	91
0	15	91
8	12	31
6	11	28
7	12	32
6	10	25
4	11	30
3	6	22
7	8	27
3	6	23
0	9	90
0	16	91
0	15	91
0	15	91
7	12	30
5	12	30
8	13	32
8	12	29
6	10	33
6	11	32
5	9	27
4	24	88
0	7	91
0	8	91
1	6	24
1	5	22
2	3	21
8	10	29
4	5	23
0	2	24
0	2	22
5	8	25
4	7	24
0	13	91
0	12	91
0	4	82
0	8	91
0	9	88
0	8	89
0	6	91
3	12	32
0	10	90
0	12	91
1	5	22
4	7	24
3	6	21
2	5	21
2	5	23
4	8	22
5	7	25
5	9	24
3	6	23
3	7	24
4	6	26
7	9	27
5	8	25
4	6	23
0	15	90
0	12	91
2	4	21
0	14	91
1	2	21
4	6	24
2	6	20
7	10	27
0	8	89
6	6	27
9	8	30
2	5	21
0	10	90
7	7	27
0	8	90
0	7	89
6	12	28
6	10	30
0	9	91
0	11	91
1	11	91
1	6	20
3	7	23
7	6	26
9	6	27
8	8	32
7	7	26
8	6	31
7	7	28
9	8	32
8	7	32
0	8	90
0	7	91
1	1	21
1	4	22
0	6	89
0	5	91
3	4	23
3	3	22
4	4	23
0	7	89
0	12	91
0	11	91
2	4	20
2	4	21
2	4	20
4	5	23
5	6	24
0	7	90
0	8	91
0	5	90
4	8	25
1	9	85
2	11	85
0	9	90
0	18	89
0	-1	75
0	7	91
4	6	22
5	6	23
7	10	28
2	8	23
2	7	20
5	9	24
0	13	91
0	11	90
9	14	34
5	10	23
0	9	90
3	8	24
4	6	26
4	8	22
0	4	91
0	6	90
4	5	24
7	7	24
3	4	22
1	10	90
2	12	90
2	10	91
0	9	90
0	11	91
0	6	91
1	-1	91
3	7	24
0	8	90
0	6	90
6	9	29
1	4	23
4	6	25
0	10	81
0	-1	90
2	4	20
5	6	26
0	12	91
4	9	26
3	4	21
9	10	29
7	8	30
0	5	51
0	16	91
4	7	24
4	8	26
0	17	91
1	8	91
0	6	90
5	7	24
3	5	22
0	-1	91
0	10	90
0	9	67
2	5	23
2	5	21
2	7	22
0	8	90
0	10	90
3	7	22
0	11	90
5	8	22
8	5	25
7	14	33
1	6	71
6	9	27
0	28	84
4	6	24
0	11	91
0	9	90
4	8	27
3	9	91
1	8	90
3	6	22
1	4	91
8	12	31
7	9	26
7	11	30
3	8	26
2	7	22
3	7	22
5	10	30
0	11	91
0	9	91
2	7	22
0	6	21
2	6	20
0	13	91
0	9	91
0	6	91
6	5	25
4	11	26
2	13	90
0	10	91
1	4	21
0	4	90
0	4	91
0	7	91
2	6	22
3	6	24
2	6	23
2	5	22
1	5	21
4	6	25
2	4	22
3	4	22
4	7	24
7	10	27
1	5	22
6	9	27
3	7	21
2	4	20
0	17	90
0	17	91
5	7	29
3	5	24
3	6	23
8	16	33
2	7	23
0	15	91
0	10	90
2	5	20
3	8	23
2	7	24
4	8	25
4	8	24
3	9	24
4	7	24
2	5	21
1	4	21
5	9	32
4	5	23
1	5	20
2	5	22
2	4	22
4	7	23
2	6	21
2	6	22
0	12	89
0	7	91
0	14	91
3	7	25
4	7	26
6	11	30
3	5	24
4	4	23
0	9	90
0	12	91
0	6	91
0	6	87
0	8	90
1	4	22
3	6	22
0	11	91
0	1	90
0	11	91
0	13	90
7	12	32
3	7	24
2	7	22
3	8	25
3	7	23
2	5	24
3	6	22
3	5	24
2	6	22
2	7	23
2	4	20
0	16	91
0	20	90
0	11	91
0	12	91
9	11	30
5	9	26
2	7	24
3	3	22
2	5	20
4	10	27
8	10	27
5	8	30
17	17	57
3	10	24
4	10	24
4	9	23
0	20	91
5	6	24
5	8	25
3	5	22
1	5	21
2	6	22
0	5	90
3	8	24
3	6	22
3	8	21
8	9	25
4	7	23
4	4	23
0	6	91
10	9	32
2	6	22
6	4	25
3	7	23
0	15	90
1	7	21
3	6	23
1	9	91
0	8	91
6	10	24
3	5	22
7	11	29
6	13	33
0	3	22
0	16	91
1	9	91
3	2	25
3	8	24
3	5	21
2	4	24
2	6	21
3	8	25
1	4	21
4	6	23
3	5	22
8	8	28
0	10	75
0	8	75
5	9	26
5	6	22
3	6	22
3	5	21
4	6	23
9	8	26
1	5	23
2	6	20
0	2	88
1	2	88
0	13	91
0	6	91
1	9	90
0	11	90
0	12	91
2	6	22
5	9	26
4	10	28
3	6	21
5	8	24
3	6	24
2	17	91
0	9	89
5	7	24
0	8	90
0	12	81
1	10	91
0	9	90
2	5	22
2	5	21
0	7	91
0	11	90
3	7	21
6	10	31
2	5	21
5	24	91
3	6	20
4	8	25
5	5	25
4	8	21
7	8	24
1	3	20
1	4	21
0	2	22
1	8	21
4	8	24
5	7	30
8	7	35
9	10	30
9	13	31
2	4	21
11	15	36
9	13	31
9	11	31
9	11	32
9	13	36
4	16	91
0	10	90
0	14	91
0	8	90
0	8	91
4	6	31
4	8	22
5	7	25
8	14	31
0	3	22
1	4	20
8	13	29
4	8	27
3	8	25
4	8	26
5	11	31
5	8	24
4	12	27
2	5	24
1	19	91
3	5	23
3	4	22
3	4	21
2	5	21
3	7	22
2	6	22
2	6	20
7	10	26
5	6	22
3	7	21
12	14	36
11	14	35
2	5	21
5	10	26
4	9	30
4	7	24
6	11	24
5	10	25
5	7	23
6	8	24
6	7	25
2	4	22
2	4	23
5	7	22
5	7	31
1	17	91
1	10	90
0	8	91
0	11	90
2	5	21
8	10	28
7	8	26
8	13	32
10	12	32
0	15	90
0	14	90
3	7	90
0	4	87
8	7	30
6	11	28
0	11	90
3	7	21
0	14	91
1	8	91
5	6	24
2	5	21
6	10	31
3	8	30
7	6	26
2	5	22
4	9	28
6	9	29
0	8	90
0	12	91
0	15	90
1	7	25
4	8	23
9	13	36
5	12	30
3	7	23
7	7	27
2	5	20
4	8	24
0	10	90
0	9	90
7	8	27
3	6	21
0	16	90
5	9	32
4	7	23
0	7	88
0	8	90
0	7	91
4	7	23
7	5	34
4	5	24
4	8	24
3	8	23
0	7	91
0	2	90
4	6	24
4	5	22
0	11	88
0	6	90
3	9	27
4	5	22
6	8	31
3	6	24
1	16	91
0	10	91
9	11	31
0	4	91
0	9	91
0	10	91
2	5	21
4	8	23
0	3	90
0	9	83
4	7	24
1	4	85
3	9	24
3	7	22
2	6	20
3	8	23
3	9	24
4	9	24
4	8	24
1	4	21
4	5	23
2	6	20
2	3	22
8	8	30
3	8	25
2	6	23
2	6	21
2	5	22
2	5	22
6	8	25
3	7	25
3	5	24
3	4	23
3	4	21
2	4	23
5	10	26
5	10	26
2	5	23
5	5	24
5	5	23
2	5	22
3	8	25
7	22	90
0	10	90
1	3	21
0	1	20
0	14	91
0	13	90
2	5	21
1	4	22
11	11	32
2	4	21
0	10	90
0	8	90
7	7	27
6	4	25
0	3	20
7	12	28
4	6	24
3	7	21
1	4	21
0	4	23
11	12	37
4	8	24
2	7	25
1	7	22
3	6	24
1	3	22
0	13	90
0	17	90
6	7	30
0	12	89
0	12	69
0	9	91
0	13	86
0	13	86
8	9	28
5	9	25
1	4	20
5	10	25
4	9	26
3	6	22
0	15	91
0	16	91
2	7	22
2	7	21
0	15	91
0	13	90
5	8	25
5	7	24
2	5	22
0	7	91
0	16	91
0	11	90
4	3	23
1	4	22
0	2	23
1	3	21
7	7	25
5	9	24
7	15	33
4	8	22
0	7	90
7	6	25
3	6	22
0	7	90
1	4	90
4	6	25
5	5	22
4	11	25
0	11	89
0	-1	52
0	11	91
6	10	26
0	8	91
9	10	37
9	9	36
0	8	91
2	8	22
9	14	35
4	7	22
4	7	24
3	7	22
11	15	38
8	12	29
5	9	30
5	9	32
3	7	24
3	7	23
4	7	24
6	10	29
5	8	24
6	9	30
0	10	91
10	9	37
0	9	90
0	9	90
9	13	33
7	9	26
3	8	22
3	8	21
2	6	23
5	7	23
5	7	24
5	7	24
4	9	23
3	10	24
5	11	29
5	11	24
5	13	32
8	6	28
4	10	29
4	7	25
3	6	23
2	7	21
2	7	20
0	2	21
0	3	20
3	6	21
2	6	20
2	5	21
0	5	91
0	7	90
4	6	22
5	6	23
4	6	25
5	7	31
6	8	32
1	3	20
0	12	88
2	9	22
2	7	22
0	10	91
0	14	91
3	4	22
6	7	24
0	4	20
2	7	20
6	6	25
6	10	26
0	12	90
0	7	90
0	8	91
2	6	22
7	9	30
3	7	24
3	7	24
3	5	23
4	7	24
0	8	91
0	7	90
0	10	91
0	14	91
0	13	91
3	5	23
0	3	21
0	2	20
8	8	28
4	6	25
7	6	25
7	10	32
1	5	20
5	9	28
0	10	91
2	6	23
3	6	21
2	9	23
9	12	29
3	8	23
1	8	22
3	5	23
10	12	32
8	14	35
8	14	31
4	8	24
2	4	23
1	4	21
5	10	28
2	5	20
2	7	21
3	6	22
3	5	21
4	8	23
4	6	24
5	9	25
3	10	24
3	9	25
11	15	39
13	15	39
10	12	31
4	6	23
3	6	23
5	5	30
5	5	31
6	9	28
8	10	25
5	9	30
6	8	25
0	16	89
0	12	90
9	14	35
0	16	90
6	10	27
6	8	25
0	5	91
0	13	90
7	14	33
6	8	26
3	7	24
3	6	22
5	9	27
6	9	30
6	7	25
4	10	25
4	7	22
4	7	22
5	9	23
2	4	21
6	9	26
6	7	25
2	5	20
0	36	91
10	10	33
9	7	28
6	7	26
5	9	31
2	7	26
4	8	26
0	8	91
5	7	25
8	8	29
5	6	24
8	10	31
2	7	21
3	8	23
0	9	91
0	12	90
3	6	23
2	5	22
3	6	23
3	6	25
2	9	23
4	9	25
2	10	23
5	7	23
4	7	22
5	9	24
9	13	34
6	7	26
6	12	30
2	5	21
1	5	20
2	4	21
2	6	20
3	4	22
2	7	20
6	7	25
4	5	22
1	6	23
2	6	22
1	6	22
4	7	25
2	9	24
0	10	91
5	5	24
3	4	22
3	6	23
3	7	23
5	6	24
10	9	28
9	11	34
8	11	31
7	9	27
7	6	25
6	7	25
0	8	91
2	7	23
3	29	91
6	30	91
8	10	31
8	11	30
3	26	67
3	6	23
5	7	25
2	2	22
7	10	31
6	7	25
9	11	30
8	12	29
10	13	33
3	6	23
3	6	24
4	13	31
4	9	25
4	8	24
4	9	25
4	10	25
1	11	90
7	15	34
6	10	25
6	10	26
4	8	25
3	5	22
5	10	25
4	7	25
4	6	23
4	8	26
4	8	23
5	9	25
7	11	27
4	9	25
4	9	26
4	8	23
5	7	23
6	7	24
3	9	24
3	9	23
8	12	30
8	11	30
7	13	33
0	10	89
8	10	31
7	11	37
3	8	30
3	6	22
4	7	23
3	7	23
0	6	91
0	6	91
4	10	30
3	9	24
3	9	22
3	8	21
0	8	90
7	9	26
1	6	20
7	9	25
3	7	21
4	7	26
0	5	22
5	8	24
5	8	23
4	8	22
3	6	23
3	6	22
4	6	22
6	11	27
3	8	24
4	8	25
3	7	23
5	11	25
6	7	24
6	8	27
5	7	25
2	5	22
4	8	23
0	8	91
0	8	90
3	9	24
7	11	32
3	6	22
2	7	20
2	4	23
0	17	91
0	15	91
7	12	32
4	13	30
4	10	23
4	11	26
6	10	27
5	9	31
6	9	25
2	4	21
0	21	90
0	4	91
0	13	91
0	6	91
0	7	89
4	8	23
5	10	31
2	6	22
4	10	30
0	5	22
0	5	86
0	12	91
5	9	23
5	7	24
5	7	27
5	7	28
3	7	24
10	16	41
2	6	22
1	5	22
0	4	22
1	4	20
4	9	24
6	8	24
5	8	24
4	7	21
5	12	30
4	9	24
4	8	24
3	6	25
6	9	28
2	6	22
3	5	22
0	9	90
2	6	22
7	11	26
9	11	32
0	6	91
5	8	30
7	9	25
3	7	88
3	10	91
4	6	25
2	8	26
3	6	25
3	8	24
3	6	25
3	5	21
3	5	20
4	6	23
2	6	21
1	5	23
2	6	22
2	6	21
1	6	20
4	6	22
0	10	89
0	10	90
5	11	28
2	6	22
9	12	31
6	8	22
5	9	25
1	6	21
3	7	26
6	8	25
0	10	90
3	9	23
4	9	29
7	11	32
6	14	35
5	9	31
4	8	24
4	9	24
4	9	23
3	7	21
4	6	22
4	6	21
0	19	90
0	19	90
2	6	21
1	5	21
2	5	20
2	15	90
8	9	31
5	14	29
4	8	28
1	11	91
0	6	91
8	11	30
6	10	26
4	29	90
7	12	30
7	10	31
4	5	23
2	5	22
8	10	30
0	6	22
3	5	22
5	12	30
4	11	27
2	5	21
4	6	22
6	7	23
6	10	30
4	9	23
0	6	90
6	10	32
4	6	23
3	8	20
6	8	26
0	17	91
1	11	91
1	6	20
0	13	91
0	5	49
4	8	22
5	8	24
3	8	23
2	7	24
2	5	20
2	8	22
8	11	30
7	8	25
8	8	26
7	7	25
7	10	30
2	8	25
4	7	23
3	6	22
2	7	22
7	11	31
4	8	25
0	12	91
2	6	21
2	6	22
3	10	25
3	7	23
2	6	22
0	7	23
0	5	21
4	8	23
6	11	30
2	5	25
2	6	23
2	6	23
1	7	22
7	10	32
2	6	22
2	5	21
8	9	31
8	8	31
8	7	29
2	6	22
2	7	22
2	8	23
5	8	24
4	7	22
1	7	21
8	8	32
5	9	25
4	6	23
4	6	22
12	11	33
0	9	91
1	12	84
6	9	24
2	6	20
7	14	33
4	13	30
10	13	37
6	9	26
0	1	89
6	9	24
6	9	26
2	5	21
10	13	33
6	15	31
4	10	31
5	8	30
7	12	26
3	5	22
4	6	23
3	6	21
8	12	31
0	6	91
8	10	27
2	6	22
0	7	91
0	10	91
4	5	23
4	5	25
4	5	22
4	5	24
5	7	27
4	8	30
6	8	31
5	9	26
6	9	31
4	9	26
3	8	22
5	14	30
12	15	39
3	9	22
2	5	23
2	5	21
2	5	22
0	4	20
2	7	23
2	7	23
3	6	20
0	7	89
0	7	91
8	11	31
2	6	20
7	13	32
7	11	28
4	9	24
2	8	23
5	9	24
1	4	79
0	-1	91
0	11	91
2	5	20
4	6	21
6	11	24
5	7	26
4	9	24
0	8	91
0	4	91
1	5	21
4	9	25
0	11	90
0	16	91
3	7	23
7	16	35
4	10	89
2	8	21
1	7	22
1	5	20
3	6	23
3	7	25
2	5	21
4	7	21
0	6	91
0	11	90
0	10	91
0	8	80
0	3	23
3	6	23
1	3	23
6	8	24
7	8	26
4	6	22
8	6	31
2	6	22
0	3	21
4	7	23
4	8	25
4	6	21
4	10	24
0	5	91
0	11	90
0	9	90
0	5	53
2	5	21
0	20	90
3	6	24
2	15	91
2	14	87
7	10	31
3	5	22
9	12	27
3	8	23
2	20	90
0	16	90
4	7	25
4	9	25
5	8	25
3	5	22
4	4	22
0	7	91
8	11	34
7	7	25
3	9	25
2	5	21
0	12	90
4	6	23
1	7	22
1	6	21
0	12	91
0	10	91
3	6	22
0	6	91
3	6	23
7	5	27
6	10	31
4	11	27
3	5	20
3	6	23
1	3	21
1	6	20
2	5	21
3	8	22
2	6	21
3	5	21
3	4	21
6	11	28
6	11	27
2	8	23
3	6	24
3	7	21
1	11	89
5	9	30
5	10	30
2	7	25
3	8	24
3	7	23
3	8	22
4	9	30
4	8	24
7	11	31
7	13	28
0	14	91
0	7	91
0	8	90
5	11	30
2	5	21
6	13	33
4	8	24
5	7	31
5	9	25
2	6	23
6	11	25
5	8	30
6	6	25
6	10	29
2	9	24
0	2	28
0	-1	91
0	13	91
3	9	23
5	6	23
2	7	22
4	6	23
4	8	28
3	5	22
3	5	21
5	7	25
7	10	26
1	4	21
2	6	21
1	10	91
0	15	89
6	6	25
5	7	21
4	7	23
6	6	25
0	15	91
0	16	90
0	9	90
0	11	91
0	7	91
3	4	32
7	8	28
7	9	27
6	7	25
7	8	28
10	14	36
2	4	21
9	11	30
3	5	23
5	7	23
3	7	21
3	9	22
2	6	22
5	6	24
4	5	24
4	5	24
3	8	22
9	12	32
10	12	32
0	8	83
1	11	83
2	8	91
4	10	91
3	6	22
9	11	30
9	14	31
6	9	26
6	10	28
5	12	27
6	11	30
0	8	87
7	9	29
8	11	29
8	11	32
6	10	26
2	6	24
2	7	22
2	5	21
2	5	21
4	9	25
4	9	26
7	9	31
5	10	28
2	5	23
5	12	26
6	7	24
5	9	26
5	9	26
9	11	33
9	12	35
9	9	30
6	12	33
2	4	21
2	4	23
2	5	22
5	9	24
6	8	30
4	15	31
3	3	23
5	10	25
4	8	24
0	4	22
2	4	21
2	4	20
1	4	23
2	37	91
6	8	28
0	6	90
0	9	90
0	3	20
1	3	20
4	5	23
1	2	20
4	7	22
8	11	30
2	9	21
0	10	87
0	17	89
0	8	91
4	6	21
2	7	22
4	5	25
2	6	24
3	7	25
4	7	24
5	7	24
4	8	24
4	9	23
2	6	23
6	10	31
2	5	22
0	13	74
0	12	74
4	5	23
3	8	23
8	8	24
8	15	33
2	6	22
6	9	30
4	8	25
6	9	29
4	9	26
2	6	21
3	5	21
8	9	32
2	4	21
8	12	31
4	7	25
3	5	21
3	5	22
3	4	21
2	7	21
2	5	21
0	13	90
10	15	36
9	15	34
9	12	31
0	8	90
0	10	87
0	12	91
0	12	89
4	6	23
3	6	23
3	7	23
6	8	25
4	7	22
4	9	24
2	5	23
3	6	25
2	5	22
2	12	90
1	9	91
4	10	30
5	10	30
4	7	24
1	8	22
6	6	26
3	8	24
4	5	22
4	7	23
2	4	21
3	6	21
2	6	20
4	6	22
6	9	27
3	8	23
3	8	23
2	7	22
8	15	37
2	5	23
3	5	23
2	7	23
3	7	24
6	8	24
5	6	21
3	9	30
4	4	22
4	5	24
2	6	23
10	11	36
0	28	90
0	12	90
3	6	21
3	6	22
3	5	21
5	7	26
7	14	28
6	11	25
0	-1	90
0	24	90
0	7	91
9	10	34
5	-1	91
3	6	22
3	6	22
6	9	28
0	4	22
2	5	21
7	8	29
0	11	91
0	12	91
8	11	30
0	12	91
0	11	90
1	5	20
4	7	25
2	7	23
3	7	22
7	11	28
5	13	30
7	12	32
0	2	22
0	0	21
7	9	27
3	6	26
3	6	26
3	6	24
2	6	23
3	5	23
8	10	30
5	9	29
6	8	24
3	6	21
0	4	91
0	8	91
3	10	23
4	8	25
5	6	23
1	9	23
3	5	20
2	4	22
6	13	30
4	15	33
5	10	25
0	-1	89
0	10	91
2	7	24
8	14	34
1	7	21
0	14	90
2	26	85
3	24	90
0	9	90
7	9	25
9	13	32
2	4	23
1	3	22
0	6	91
0	12	91
3	6	21
1	6	22
0	34	91
5	9	26
6	7	28
6	9	25
4	7	22
4	7	25
4	6	24
4	8	24
2	8	25
2	7	22
3	6	22
5	9	23
2	4	21
0	24	91
4	7	23
2	8	25
4	7	25
4	9	23
8	10	28
5	8	24
5	6	23
6	11	30
4	7	22
4	6	21
4	7	22
3	8	22
3	6	22
3	5	23
0	2	20
0	2	21
10	11	32
7	8	25
6	9	24
1	5	20
1	7	22
2	7	21
4	9	25
4	6	24
1	8	23
3	8	21
2	6	20
10	10	42
3	7	22
3	6	22
2	8	23
2	9	22
3	8	21
0	20	87
4	10	28
5	9	25
4	7	22
8	9	33
9	11	34
7	9	30
3	9	23
3	8	23
4	6	21
3	4	21
2	9	24
8	9	33
7	8	23
0	27	91
3	8	23
6	-1	91
3	8	23
5	7	24
3	6	23
6	12	30
6	9	25
4	6	22
3	7	21
5	12	26
0	14	90
0	9	80
0	16	91
6	9	32
5	8	23
5	9	29
2	5	24
2	4	24
7	9	31
7	9	27
8	10	29
7	9	28
7	10	26
4	7	22
7	10	30
3	6	24
3	9	25
9	12	33
4	7	20
3	5	21
0	9	91
2	6	21
4	8	22
2	6	22
2	7	23
5	11	26
4	8	22
5	10	27
4	8	24
0	4	20
9	13	30
1	6	21
1	7	22
0	10	91
0	11	91
6	10	30
6	10	30
4	7	24
3	7	24
3	5	23
2	5	22
3	5	23
4	7	24
4	7	23
5	24	90
5	8	24
8	13	35
8	13	34
9	14	35
10	12	33
3	9	23
5	8	23
1	5	22
0	6	65
0	10	91
5	8	23
5	7	25
6	8	25
6	6	24
4	8	23
2	6	24
6	10	23
5	7	23
0	13	88
0	15	91
0	12	90
0	10	91
1	28	89
3	4	22
7	8	26
4	8	23
3	5	22
0	6	21
3	5	21
5	13	30
3	5	22
2	6	24
2	7	22
5	6	24
6	12	30
6	10	26
0	6	90
0	3	22
0	3	20
1	4	47
2	6	22
6	9	28
5	9	26
2	9	24
0	6	91
0	6	90
8	14	40
0	10	91
0	10	90
0	10	91
5	5	25
2	6	22
3	6	21
7	5	31
1	18	90
3	25	89
0	20	90
0	8	90
0	12	90
0	3	58
3	7	23
3	8	22
5	14	31
2	4	27
0	9	90
3	5	21
1	10	91
0	12	90
0	8	91
5	9	27
4	8	26
3	9	24
3	5	22
3	4	23
3	11	26
0	6	91
0	13	91
8	15	33
6	12	31
4	10	27
5	11	25
3	8	24
2	6	22
3	6	22
1	14	91
0	6	90
2	4	21
4	6	21
5	6	24
7	10	31
7	10	28
3	8	24
3	7	23
3	7	22
6	10	23
4	7	26
3	9	22
2	4	22
5	6	25
0	7	91
7	10	27
0	25	90
1	5	21
2	6	22
1	5	22
2	4	21
1	4	22
0	5	91
0	6	91
6	8	26
0	8	91
0	8	90
1	8	22
0	9	91
0	2	90
6	7	31
1	2	23
2	2	21
1	2	21
1	4	24
3	7	23
2	3	21
2	3	20
0	5	90
7	7	30
0	7	75
0	6	75
3	6	22
4	6	23
1	4	22
1	7	23
5	8	26
3	4	23
5	7	27
7	9	26
5	11	28
7	11	28
5	8	27
7	10	28
6	11	30
5	9	25
4	9	27
0	11	91
0	2	90
1	5	21
2	5	21
4	7	21
3	7	21
3	8	22
0	-1	90
10	11	37
10	11	34
10	11	33
6	8	25
5	8	25
0	8	91
9	11	26
0	9	91
4	9	25
7	11	28
6	9	27
6	7	27
4	6	24
5	11	31
0	2	22
3	8	23
4	6	30
4	6	25
4	8	24
2	5	22
0	4	20
1	5	21
1	23	91
2	5	21
8	9	34
3	5	23
1	37	90
2	37	90
0	38	90
1	37	87
0	9	91
3	4	23
9	11	29
2	2	20
0	8	91
0	9	90
0	9	90
10	11	33
8	10	30
7	9	27
3	6	24
3	7	21
1	8	20
2	6	21
4	8	24
3	11	31
0	8	90
0	11	91
5	6	24
3	7	21
2	7	21
0	22	91
0	12	90
3	9	26
7	8	27
4	6	26
3	7	26
0	16	90
6	11	32
7	12	30
0	7	91
0	5	90
3	7	23
7	12	33
6	8	30
4	7	24
0	6	90
0	8	90
2	6	21
2	7	22
2	4	22
10	12	30
5	9	28
7	15	36
6	11	31
0	13	91
0	10	91
4	8	23
2	7	21
2	7	23
2	6	22
3	7	24
3	7	23
0	8	90
5	7	27
0	10	91
3	8	22
4	8	23
2	7	22
6	6	26
4	7	25
5	8	24
1	19	90
3	5	21
8	10	31
1	2	21
5	7	22
0	10	90
0	15	90
2	5	22
3	6	25
3	7	23
2	6	22
3	8	25
3	7	22
0	10	91
0	9	90
1	7	24
4	8	24
4	9	25
0	5	89
9	12	33
8	11	30
8	10	29
6	10	26
5	8	24
9	8	29
2	7	20
2	6	22
3	7	21
5	6	22
2	7	21
4	8	25
3	9	25
4	9	27
4	7	22
9	15	32
5	10	27
6	9	26
5	9	25
8	14	32
3	8	23
3	9	22
1	14	90
2	6	22
2	5	21
9	6	35
5	9	26
3	5	24
2	6	22
2	4	21
5	10	24
3	4	21
2	6	22
2	6	24
2	5	21
2	7	23
8	10	30
6	11	28
0	10	91
1	11	91
1	10	91
2	5	20
2	5	21
2	5	20
3	7	27
0	7	91
0	11	90
3	6	21
5	9	24
7	9	25
5	8	27
9	9	30
8	10	30
2	6	20
0	10	91
0	11	91
6	11	31
4	9	22
3	7	22
4	7	25
6	8	25
6	8	24
7	8	30
7	10	30
3	7	23
2	6	23
0	9	91
0	9	90
4	10	27
2	6	21
3	9	25
3	9	24
3	8	23
3	8	22
10	11	29
8	10	28
8	9	27
3	8	25
7	13	32
4	11	28
4	8	25
6	9	24
6	9	23
2	7	21
6	7	29
8	12	34
3	5	22
0	8	91
5	10	26
3	6	22
2	8	23
3	7	23
2	6	20
4	5	24
4	9	24
4	7	25
0	14	89
4	7	23
9	9	31
5	7	23
7	11	28
0	4	21
4	7	23
8	12	34
5	10	24
5	10	31
0	13	90
0	8	91
6	12	33
2	8	21
8	13	32
2	6	22
4	6	22
6	6	25
5	8	25
3	6	23
2	3	21
4	3	22
4	6	23
3	11	25
5	10	23
6	11	24
3	8	22
7	15	38
6	14	36
3	6	22
2	6	21
3	6	20
4	4	22
4	7	22
0	8	90
0	16	91
0	7	91
0	8	90
6	7	26
7	11	25
0	8	83
1	10	90
0	30	91
8	11	27
0	9	91
1	3	22
0	11	90
0	9	91
8	10	32
4	6	24
3	6	23
4	9	26
3	8	25
4	8	24
8	14	29
3	6	22
4	6	24
3	5	21
3	6	22
3	8	23
3	5	24
1	5	20
2	5	20
2	6	22
2	7	23
6	7	25
5	11	26
6	10	27
6	10	26
5	10	27
8	12	31
3	7	22
5	8	30
6	6	24
7	13	31
3	41	90
5	12	30
10	14	32
7	8	30
1	6	22
4	7	21
0	5	20
2	4	21
2	7	22
3	9	25
2	6	20
3	5	21
7	10	28
8	7	25
5	9	27
6	8	25
6	10	27
4	8	21
3	7	20
7	16	33
6	16	32
4	8	23
2	6	22
4	6	23
2	5	21
5	8	22
1	5	91
3	7	23
3	7	22
4	7	24
3	7	24
2	8	22
3	8	22
6	11	30
3	6	20
5	8	22
0	13	91
7	8	26
2	7	20
9	13	32
4	6	23
3	8	22
2	6	21
7	11	27
5	8	30
6	7	28
5	7	25
8	9	31
5	7	26
10	16	34
7	11	35
3	7	67
0	6	90
7	13	32
2	7	25
9	11	32
7	10	27
9	9	31
2	6	23
4	6	23
4	7	23
2	7	22
1	1	25
0	-1	91
0	-1	89
5	7	23
34	35	89
1	4	20
3	8	24
0	7	90
4	7	22
5	8	25
4	8	23
4	8	23
5	6	27
3	7	21
8	11	32
9	10	28
3	5	21
10	14	33
2	6	21
7	11	26
5	9	25
4	8	24
2	5	23
3	8	22
4	7	24
3	7	22
3	6	22
9	10	33
8	10	32
2	6	21
2	7	21
3	7	24
2	6	21
0	7	91
1	6	78
0	5	78
2	5	21
2	6	22
4	6	23
5	8	31
5	9	30
3	7	23
3	7	21
7	10	27
7	9	27
1	6	21
5	8	26
6	12	29
5	10	23
3	6	20
9	7	31
2	5	22
1	4	21
4	6	22
9	12	30
1	4	22
4	7	26
3	6	23
5	6	25
3	5	21
3	9	23
2	5	22
4	8	26
1	4	20
3	7	25
3	7	24
10	11	36
6	8	28
1	6	21
5	7	24
4	9	24
1	5	21
6	10	26
4	5	22
6	12	31
3	7	23
4	8	24
3	7	23
3	7	24
4	8	26
3	8	25
3	8	23
4	8	22
4	6	23
3	2	24
2	5	22
2	3	22
7	9	30
6	10	29
8	9	30
8	8	35
5	7	24
4	5	22
3	6	22
2	4	21
2	7	21
4	12	30
5	9	27
5	10	22
2	7	24
2	6	21
3	8	27
3	7	21
4	7	23
4	7	23
0	13	91
5	8	24
0	11	90
0	16	90
9	13	31
9	13	34
7	9	26
6	8	30
2	5	24
7	10	30
7	9	26
3	2	25
2	7	22
4	9	30
0	11	91
0	-1	90
4	6	22
0	13	91
4	7	21
0	11	90
0	10	90
18	23	71
1	11	91
3	4	24
0	12	91
0	13	91
0	7	91
4	5	26
0	6	90
1	7	91
5	5	24
2	7	21
2	5	21
4	7	24
5	6	23
3	-1	91
4	-1	91
6	9	26
3	6	22
7	8	30
3	7	24
3	6	21
4	6	22
3	5	22
5	7	23
5	9	30
7	9	25
0	8	91
0	18	91
7	11	31
2	7	21
6	10	29
2	7	22
2	7	20
2	6	21
4	10	25
3	9	24
7	10	28
3	7	22
5	6	24
2	9	22
3	7	23
6	7	25
6	10	31
0	6	91
7	7	90
4	5	24
0	4	90
0	11	91
3	4	21
1	19	90
5	4	24
0	12	89
0	14	90
0	12	52
3	8	26
0	12	90
8	10	31
8	8	30
8	10	32
2	3	21
0	10	91
0	5	91
0	7	91
0	-1	88
0	7	91
0	7	91
4	7	24
1	3	20
2	4	21
3	7	23
0	2	23
5	4	30
2	7	26
2	9	24
3	6	22
8	10	29
7	11	27
3	10	26
0	11	90
0	10	91
4	7	24
1	5	22
4	4	24
3	6	25
2	5	21
2	4	21
1	3	21
0	3	20
1	10	89
0	13	91
0	11	91
0	8	90
1	4	23
1	4	20
1	4	21
2	4	22
4	9	23
4	8	22
1	4	22
4	7	23
2	6	21
4	6	24
0	7	91
0	14	90
4	9	25
6	9	31
0	-1	90
0	10	88
0	9	91
7	12	31
1	3	21
0	4	90
0	5	91
4	8	21
0	6	90
3	5	23
6	9	32
2	5	22
4	9	25
4	6	24
1	3	21
7	7	27
0	4	21
5	8	30
2	5	22
7	11	25
5	7	24
5	6	26
4	5	23
3	5	24
3	5	23
4	6	24
5	7	22
0	15	91
3	8	21
3	7	20
2	6	21
3	7	23
2	3	23
4	4	23
0	3	20
2	3	21
0	3	21
3	4	22
9	11	31
0	12	87
5	7	24
1	2	21
0	12	91
0	13	90
0	2	90
0	8	90
3	6	22
8	12	33
9	11	32
2	4	25
0	18	90
0	17	90
4	6	24
0	9	91
0	10	90
0	11	73
6	12	32
0	6	89
6	7	26
11	12	31
0	9	91
2	5	22
2	8	23
6	8	25
1	5	20
6	7	25
10	12	42
4	5	22
0	12	91
0	12	89
4	9	26
3	4	22
2	5	21
8	11	29
2	6	22
2	7	22
4	6	22
4	6	22
7	14	31
5	10	26
4	8	25
10	11	32
9	9	30
8	12	31
2	7	23
1	8	21
4	7	24
6	10	25
5	11	30
7	16	34
9	12	28
5	11	24
7	9	27
4	7	24
0	11	89
0	10	91
0	8	91
3	8	24
5	7	25
4	7	23
7	14	31
8	9	28
5	8	25
4	6	23
4	6	22
0	10	58
5	8	24
2	8	22
4	8	23
2	4	21
2	8	21
4	10	31
4	9	26
6	9	25
3	4	24
8	10	30
2	7	23
2	4	21
3	4	21
4	7	23
2	4	21
6	9	23
4	10	22
4	8	21
5	9	26
3	7	21
1	14	91
5	10	25
0	7	91
0	2	22
2	6	22
3	35	90
3	7	22
10	12	30
8	9	29
2	7	22
10	15	37
0	15	91
0	7	90
3	6	23
4	7	25
1	14	91
5	10	26
1	4	21
0	1	22
0	1	21
0	2	20
7	15	30
7	12	26
3	7	23
0	2	21
0	2	22
1	3	23
0	8	91
0	10	91
4	5	23
0	6	91
0	6	91
6	8	33
5	10	28
4	7	25
9	12	31
9	12	30
8	11	30
0	-1	90
4	5	25
5	8	26
5	9	25
1	3	21
0	3	23
1	3	20
5	9	22
3	4	25
3	4	23
4	9	30
4	5	22
3	6	23
4	8	25
4	10	27
6	10	28
6	9	26
4	9	28
3	9	24
0	10	91
0	11	91
2	6	22
10	12	31
10	17	37
9	15	33
10	10	27
6	7	23
1	6	23
4	7	23
0	4	22
8	9	27
1	12	90
0	13	91
4	6	25
8	9	33
2	5	21
9	15	36
5	9	22
0	8	91
0	6	90
0	8	91
0	13	90
7	7	27
9	9	31
9	14	35
5	9	28
0	7	91
6	10	28
3	6	21
5	11	30
5	8	23
5	5	24
4	7	22
0	-1	88
4	9	32
5	9	24
4	8	23
4	6	22
2	8	24
2	8	23
1	5	21
7	15	32
8	12	29
1	8	91
1	12	90
6	11	32
1	5	23
1	4	21
0	10	88
0	9	91
3	8	25
0	5	90
0	5	91
3	7	21
10	12	32
4	7	23
0	14	91
0	13	91
6	9	26
6	6	24
5	8	25
8	11	31
4	7	21
8	7	32
1	6	22
0	11	91
0	12	90
0	9	90
3	6	22
4	9	26
2	6	21
0	11	91
3	7	23
4	6	21
5	8	23
6	9	27
3	6	24
3	10	25
0	4	91
0	10	91
3	9	30
3	4	23
3	3	22
3	5	24
0	9	90
0	9	90
3	11	27
4	9	31
5	9	22
3	6	23
5	5	28
1	4	22
12	16	38
3	8	25
3	7	23
1	2	21
2	3	23
3	3	24
9	9	30
0	9	90
0	7	91
4	6	22
0	5	22
0	3	22
0	7	91
0	7	90
6	11	32
5	9	28
5	11	28
6	8	27
6	12	30
6	10	26
6	11	30
4	9	26
3	11	27
1	4	21
1	4	20
2	4	22
2	4	20
9	13	35
8	11	31
1	5	23
4	6	22
3	9	22
1	4	20
6	7	26
0	9	90
0	11	91
4	8	24
0	7	91
0	3	91
3	5	23
1	6	20
6	7	24
11	18	42
10	19	41
3	7	24
0	10	90
0	10	91
6	8	28
7	7	27
6	8	26
5	9	30
3	7	25
3	9	23
0	8	91
0	13	90
2	8	70
0	12	91
0	7	89
6	7	30
2	7	21
1	6	21
2	6	24
0	2	22
0	2	23
0	2	20
0	2	24
0	2	21
1	6	25
1	4	21
0	5	22
0	6	23
0	11	91
3	3	22
0	17	91
0	11	91
2	7	23
1	7	20
5	7	22
1	5	21
1	4	21
4	8	22
0	9	90
0	11	91
2	5	21
1	4	20
1	4	22
6	8	25
7	11	26
3	5	22
9	11	33
0	8	90
0	3	90
0	9	91
0	13	90
0	12	91
0	9	90
0	11	89
4	6	22
3	6	22
2	5	21
2	5	21
4	7	26
1	2	20
0	7	91
4	7	30
8	11	31
0	11	91
0	9	90
3	6	24
0	3	90
8	8	30
7	9	30
8	10	31
8	9	32
8	9	32
2	5	22
3	5	22
2	6	23
0	10	91
0	9	90
0	11	90
2	8	23
2	6	21
0	6	90
4	9	24
4	10	30
3	9	24
2	8	23
9	9	29
7	11	32
4	9	24
4	9	23
5	9	32
4	7	31
1	5	23
7	9	28
5	8	24
0	15	90
0	13	91
4	6	21
0	10	91
0	4	58
0	4	58
2	4	22
3	7	22
1	38	91
2	-1	91
3	8	24
2	9	23
2	8	22
3	8	21
5	8	27
1	7	91
2	6	90
2	5	21
3	7	23
6	9	28
2	5	23
1	-1	90
4	10	28
2	9	22
2	8	22
5	8	24
7	10	30
0	9	91
6	9	25
6	9	24
6	9	24
6	11	27
7	7	25
4	7	25
1	2	21
3	7	21
5	11	26
4	8	22
3	7	23
4	8	24
2	7	21
5	9	23
4	8	23
3	6	21
4	8	24
9	14	34
2	5	21
3	7	22
0	25	90
6	9	26
8	11	33
3	7	22
0	12	90
0	13	91
3	7	23
8	11	28
4	5	23
0	38	90
5	8	23
5	11	32
4	6	23
5	7	24
6	8	24
0	4	22
5	12	30
5	8	24
5	5	22
6	8	26
0	9	91
7	11	30
7	8	25
7	9	26
2	6	22
2	6	23
3	7	22
3	6	23
3	8	25
2	6	22
3	6	22
3	6	22
3	7	23
4	6	23
2	7	23
4	6	21
5	8	31
3	5	21
0	9	37
4	11	27
3	8	22
9	13	33
8	11	30
0	7	90
0	10	91
0	13	91
0	9	84
0	8	91
3	5	23
0	6	89
0	9	90
1	1	20
3	6	21
0	8	90
0	15	90
1	4	22
0	4	20
6	6	24
5	11	32
6	11	30
6	9	26
4	10	26
2	6	22
0	-1	91
2	6	21
2	5	20
5	9	25
3	8	23
8	12	32
3	6	23
1	4	25
1	4	24
1	3	23
8	12	26
4	9	24
3	8	23
3	7	22
0	16	90
5	7	30
6	7	26
3	7	26
4	7	26
5	8	24
8	9	28
0	13	91
0	13	90
4	6	24
6	12	31
2	6	22
2	5	21
2	5	20
6	10	31
7	10	31
3	3	24
1	2	24
5	7	24
4	8	23
5	9	24
4	8	23
0	12	91
0	11	90
3	7	23
1	5	21
3	9	25
5	9	24
4	8	23
5	9	24
8	11	30
3	9	23
5	6	25
0	13	91
0	12	91
4	8	24
9	10	34
2	6	22
2	6	22
5	7	25
2	7	21
2	4	22
5	6	21
2	4	23
2	24	90
3	7	22
3	9	22
2	7	20
4	7	23
3	4	21
3	4	23
0	13	91
2	7	23
2	29	90
4	8	24
5	9	25
2	7	21
0	4	91
6	7	25
3	7	25
1	23	85
4	8	27
4	7	23
4	7	26
0	12	91
2	4	22
11	12	41
13	12	40
1	2	22
2	5	20
5	11	25
4	6	21
1	7	20
3	7	22
3	7	21
4	6	21
2	4	22
0	21	91
0	5	90
4	5	25
2	6	24
2	5	23
2	10	23
4	10	24
2	13	27
2	9	22
2	9	22
1	10	23
2	10	22
0	14	91
8	13	31
10	12	31
9	12	30
2	5	22
4	4	24
3	3	22
5	10	25
6	9	28
6	10	27
6	10	28
6	9	28
6	10	30
4	6	23
0	11	91
0	7	90
4	-1	91
2	6	21
1	6	20
3	9	23
2	8	22
3	8	21
2	8	20
3	17	91
3	6	23
3	6	22
3	7	22
2	5	22
2	5	21
5	9	24
5	9	25
0	10	91
0	6	91
4	8	21
4	5	24
7	8	28
8	10	29
5	11	30
4	8	24
6	8	26
1	6	21
7	10	33
5	6	25
0	15	91
0	9	91
0	6	91
0	11	91
0	9	87
0	13	91
9	13	32
8	12	30
8	12	32
10	14	33
2	6	22
2	4	21
4	6	22
3	8	24
3	9	25
7	10	31
2	4	23
2	5	23
7	8	25
5	7	25
2	5	23
0	9	91
0	7	91
5	10	31
4	10	30
4	10	31
5	12	33
3	9	24
3	9	25
5	5	23
3	9	26
3	6	22
2	6	24
0	16	91
0	15	91
4	13	30
2	6	21
6	8	24
0	30	90
1	3	20
4	6	26
8	11	31
0	5	21
0	5	22
0	30	91
0	24	86
3	20	91
5	9	24
8	10	30
8	12	34
5	11	34
6	11	33
6	10	33
4	7	30
8	11	39
5	9	31
8	10	35
5	9	34
6	9	34
6	10	34
6	10	33
7	8	31
7	9	31
5	7	28
6	8	35
5	7	26
4	6	26
4	8	26
4	6	24
4	5	23
4	5	22
3	5	22
3	6	23
5	8	22
0	5	90
0	6	91
0	12	90
5	6	24
0	10	91
0	16	90
4	9	23
3	9	24
2	9	23
0	4	22
0	4	21
0	15	90
1	4	23
1	4	21
6	9	27
9	10	36
7	7	29
2	8	23
3	6	23
4	9	31
5	8	26
5	9	25
2	4	23
0	7	91
0	14	91
4	27	91
0	7	91
0	7	91
4	8	24
4	6	24
2	3	23
0	2	20
1	3	23
0	3	21
0	3	21
0	3	23
0	2	91
0	1	91
1	6	21
2	5	22
0	8	91
0	9	91
7	10	26
0	13	91
0	13	90
7	12	26
2	8	21
0	1	90
0	3	90
1	1	91
3	27	90
0	22	90
0	6	91
0	12	91
6	4	25
0	8	91
0	9	90
3	4	21
3	5	22
1	15	91
0	10	90
6	9	26
8	9	33
6	11	30
5	8	30
3	5	23
3	3	22
0	13	90
0	8	91
2	5	20
2	6	22
2	6	21
6	9	24
5	8	25
5	8	25
5	7	24
3	7	20
4	7	23
2	10	23
3	8	22
7	12	30
9	11	27
8	9	26
5	11	31
3	4	24
3	7	24
0	13	91
2	4	20
5	10	25
4	10	24
1	6	20
2	5	21
2	5	22
3	9	28
4	8	23
6	8	26
4	8	26
4	11	27
3	8	23
2	8	24
3	6	23
2	8	23
2	5	21
1	6	20
7	11	30
0	13	91
0	7	91
4	9	24
2	6	23
5	10	31
0	6	21
3	7	22
3	7	22
3	9	22
3	5	21
2	4	22
1	4	23
4	10	25
5	8	26
3	6	25
5	9	26
2	5	22
3	5	23
1	7	22
2	7	22
1	7	22
2	8	23
1	7	22
1	7	20
5	12	30
1	4	20
3	8	23
0	4	90
0	3	89
2	6	21
3	8	22
2	4	20
3	7	24
3	6	21
3	7	24
5	6	31
2	3	22
2	4	21
6	11	26
3	6	23
5	8	30
2	7	22
6	15	91
2	5	91
0	3	28
4	9	23
2	8	21
5	9	25
4	11	33
8	9	29
0	11	91
0	15	90
3	9	23
4	7	24
4	5	23
3	6	22
3	4	22
4	6	23
2	6	21
4	7	23
1	5	20
0	8	90
0	8	91
4	10	26
2	8	22
0	14	91
1	17	91
1	4	20
0	10	90
2	3	25
3	4	24
4	7	24
0	3	90
4	5	24
3	5	22
6	9	31
0	9	91
0	10	91
0	8	90
3	5	24
0	9	91
0	8	91
5	8	35
8	10	33
8	11	37
0	13	87
0	9	91
0	4	20
4	5	25
6	5	24
5	13	32
2	4	20
7	8	26
3	7	22
2	7	22
1	3	21
0	8	90
0	10	89
3	11	91
0	10	91
6	11	28
7	11	27
7	11	26
7	10	26
4	8	26
2	6	22
5	14	90
5	13	90
1	3	22
0	7	90
4	10	30
3	8	23
4	7	26
7	7	36
0	5	20
0	11	90
0	-1	90
3	6	22
3	7	21
6	10	27
6	29	91
0	6	89
2	4	21
3	6	30
4	5	24
6	13	31
5	11	31
0	11	91
0	2	23
0	1	23
0	2	22
1	1	20
5	12	30
6	10	31
1	3	20
0	10	91
0	10	91
0	6	90
5	7	24
2	6	23
5	5	22
3	4	23
0	8	70
2	7	27
1	10	90
0	10	91
2	5	23
5	7	26
10	12	30
4	7	32
4	7	23
5	7	31
9	10	34
7	10	30
4	8	21
5	8	30
0	11	91
0	15	91
1	6	22
0	15	91
0	13	90
1	2	22
3	5	23
3	3	28
0	13	91
5	11	26
0	23	91
0	24	91
4	7	22
2	4	21
4	6	23
3	5	21
3	5	22
2	5	20
4	7	22
5	7	23
6	10	26
5	11	27
6	7	26
6	9	30
5	8	24
5	8	26
3	7	25
3	6	25
4	6	25
4	7	30
7	10	25
7	10	27
2	6	21
2	5	23
2	7	21
3	8	23
4	5	22
2	7	23
3	10	27
4	11	25
3	8	22
3	7	23
4	11	26
3	9	23
3	9	24
3	9	27
3	9	26
6	10	31
4	6	30
5	11	30
2	7	26
3	7	22
2	6	22
2	6	25
3	7	23
0	13	90
0	14	90
4	5	25
6	9	33
5	7	30
5	7	30
4	7	30
0	5	90
0	12	81
3	9	24
0	10	91
0	12	91
3	6	21
3	6	23
1	6	23
4	8	28
2	3	21
4	7	25
3	6	21
0	8	91
1	5	22
3	8	23
5	7	25
5	6	24
4	5	22
3	6	22
0	9	90
0	3	90
1	4	20
1	4	21
2	6	21
1	2	24
4	6	23
4	8	25
2	6	21
2	4	21
1	8	24
1	4	20
5	8	25
3	6	26
2	5	22
0	4	21
5	7	25
0	6	90
9	13	33
3	9	26
3	7	21
2	6	22
2	5	21
4	9	24
0	9	88
9	10	30
2	4	23
2	5	22
3	6	22
4	7	25
3	6	23
2	7	23
7	7	25
6	7	24
0	3	20
2	6	21
5	9	24
0	13	91
1	22	91
0	2	21
7	7	28
3	6	22
2	5	21
1	6	23
2	7	23
7	10	31
6	7	30
4	8	26
5	8	27
5	9	31
3	7	23
3	7	24
1	5	22
3	15	32
2	6	21
2	5	21
1	7	23
1	7	23
2	7	22
4	8	25
3	5	23
1	5	21
3	6	22
3	7	26
5	6	21
0	15	91
1	8	91
2	6	21
0	14	90
4	6	27
4	6	25
1	4	20
6	13	31
2	7	21
3	8	24
3	7	23
5	9	25
3	5	20
0	9	91
0	7	91
4	8	24
8	13	30
0	12	85
6	9	30
0	6	91
0	8	91
5	10	32
5	7	26
0	9	90
6	10	26
6	6	24
3	5	22
5	7	24
0	9	90
0	11	91
3	6	22
1	-1	81
4	9	21
3	6	22
3	6	22
1	3	20
6	8	30
5	7	25
6	12	28
2	6	22
2	6	24
3	8	22
3	4	30
1	8	90
1	9	90
1	1	25
6	11	30
3	5	22
0	8	90
3	5	22
3	6	21
0	11	91
0	7	91
5	6	22
4	13	91
0	8	91
0	10	91
6	7	25
9	11	33
3	5	21
4	7	25
5	7	24
3	24	91
1	17	91
0	17	91
3	6	23
0	4	90
5	8	25
4	10	29
5	10	26
3	9	27
4	11	26
4	10	25
4	10	25
3	9	24
2	6	21
2	3	21
10	11	34
0	8	91
2	6	22
2	6	21
5	10	34
3	7	22
0	4	21
2	3	21
1	4	22
3	6	20
2	5	20
2	3	20
3	7	23
5	7	25
8	11	32
5	8	28
4	4	23
5	11	26
6	13	33
7	13	31
6	8	26
0	13	90
0	17	90
1	10	91
8	8	27
7	8	30
2	6	23
0	10	90
0	8	90
1	5	20
0	10	91
0	8	91
0	2	21
6	8	26
3	9	24
0	5	91
0	5	91
4	5	25
2	4	22
4	6	24
4	7	24
3	8	22
3	7	21
5	14	31
4	8	31
9	16	37
3	7	22
2	7	22
2	7	22
2	7	23
3	8	23
7	13	34
12	13	34
0	15	90
0	21	91
2	4	21
3	8	26
3	8	27
4	7	26
4	6	25
3	8	26
3	6	23
1	5	23
3	9	27
0	-1	91
2	6	21
4	6	25
3	7	23
4	6	22
5	8	26
3	5	23
3	8	22
4	5	23
5	7	25
4	7	24
3	4	22
2	4	23
4	9	30
1	2	22
5	10	30
3	6	20
0	8	91
0	14	91
0	1	20
4	8	22
6	10	31
5	9	30
5	11	30
3	7	25
5	8	26
4	8	25
6	10	26
5	9	25
0	8	89
0	9	90
10	11	34
2	3	23
0	7	91
1	7	91
0	4	20
3	6	23
2	6	21
4	8	22
5	7	24
4	7	23
3	7	25
3	9	24
3	8	25
5	8	24
4	7	26
2	4	22
6	12	29
5	7	27
1	3	20
4	7	26
6	7	24
2	5	21
5	7	22
2	4	23
0	13	91
1	11	91
6	11	32
4	9	30
0	14	90
0	11	91
4	9	26
2	7	25
3	7	24
2	9	24
2	6	22
4	8	29
5	7	26
5	9	32
6	8	31
4	8	27
3	6	25
0	8	90
0	8	91
3	7	22
3	6	23
2	8	22
2	7	21
6	12	30
6	9	26
3	5	26
4	9	25
6	11	28
0	8	91
4	6	24
1	5	24
1	5	20
5	7	24
0	8	91
7	11	32
3	8	22
5	14	27
6	14	31
4	7	22
3	5	21
5	2	23
3	6	20
0	10	91
0	13	90
0	18	91
1	5	22
4	5	22
4	6	23
4	7	24
4	7	24
0	0	75
3	4	21
2	4	20
5	8	28
3	7	24
6	10	30
4	10	26
6	13	30
3	9	24
3	7	23
4	9	26
5	11	27
5	13	28
5	10	26
4	11	31
3	11	27
7	11	30
6	8	28
4	5	23
1	3	21
0	9	91
0	11	91
7	9	32
4	7	25
4	6	25
2	4	23
5	7	27
7	10	32
4	7	26
3	6	25
6	9	28
6	8	27
4	6	26
6	9	28
0	11	91
5	8	27
4	6	24
6	10	31
4	6	23
8	11	27
2	6	21
6	8	30
0	15	91
5	8	27
9	12	34
4	9	32
5	9	24
6	10	27
7	8	24
7	9	27
2	6	20
0	6	91
0	8	91
4	4	22
0	8	91
0	7	91
1	5	20
9	8	33
0	10	91
0	10	62
1	6	20
8	9	30
2	4	24
3	6	22
0	15	91
0	7	83
8	14	31
3	6	23
8	12	27
4	7	24
5	13	30
10	12	41
3	7	21
3	7	22
3	8	23
0	13	91
4	7	25
4	7	23
0	5	22
9	15	37
10	16	37
10	15	36
11	16	37
12	18	38
12	16	38
10	16	38
12	17	39
12	16	37
10	15	33
11	14	32
2	5	24
4	7	24
2	5	21
0	11	90
0	5	91
0	14	91
3	6	22
5	7	25
5	8	28
6	8	30
0	5	90
0	8	91
7	9	32
7	8	28
3	7	24
5	6	24
8	8	27
1	5	22
5	9	28
4	8	32
2	7	22
2	7	23
3	8	24
3	7	23
2	7	22
4	6	24
0	6	90
0	5	90
7	7	23
1	7	22
3	10	26
6	8	25
0	4	21
5	7	23
2	5	22
5	7	24
0	10	91
6	9	25
3	7	21
0	8	91
0	10	91
7	9	26
4	6	23
6	9	30
0	19	91
0	14	90
3	11	23
3	10	22
3	10	25
6	9	30
10	9	31
6	9	30
1	3	22
1	3	23
1	6	20
4	8	22
4	7	21
0	15	91
0	6	76
0	5	76
4	4	24
7	6	30
4	6	22
0	3	52
1	5	22
1	4	22
4	8	23
1	5	23
0	8	85
0	6	91
3	3	21
1	6	20
6	8	25
1	-1	91
0	5	91
3	5	22
5	9	27
2	3	21
4	8	23
2	5	21
3	5	22
1	5	20
0	4	20
0	14	90
0	13	91
0	6	85
0	6	85
6	9	26
1	3	20
0	5	21
1	3	21
1	11	89
0	8	90
1	1	21
0	13	90
0	10	90
0	5	75
2	5	22
1	5	21
2	3	24
2	4	22
2	4	22
0	1	22
1	1	21
0	10	88
2	5	22
3	8	25
3	6	22
4	8	25
4	8	26
3	6	22
3	7	25
3	8	30
5	8	30
4	7	23
4	9	25
4	9	24
5	12	25
0	8	90
0	16	91
11	10	37
3	5	22
0	8	91
2	7	22
0	10	91
1	6	23
10	11	29
0	14	91
5	10	30
3	7	22
7	8	30
0	12	91
0	7	91
7	10	28
10	13	36
3	7	23
4	7	23
0	3	28
2	5	22
1	14	91
0	9	91
5	6	25
2	6	21
2	9	22
2	7	21
2	7	20
1	6	23
3	6	21
0	12	91
0	10	90
0	7	90
0	11	91
4	7	24
3	6	24
8	8	31
1	3	90
2	8	21
6	8	23
1	6	24
0	4	91
0	5	91
2	5	22
6	7	24
0	11	91
0	5	91
2	5	24
3	6	24
0	10	91
0	12	90
3	7	25
2	5	21
6	10	31
5	8	22
0	11	88
3	7	24
2	8	21
0	14	90
0	13	90
0	7	90
0	12	91
6	7	27
3	7	21
7	9	32
2	8	22
4	7	27
0	-1	90
0	3	21
3	3	22
1	5	23
0	11	90
0	10	91
4	9	30
4	7	24
4	7	23
0	16	90
4	5	22
0	4	20
1	4	20
3	4	24
0	11	91
0	7	90
0	3	22
0	5	88
0	6	91
6	8	26
3	6	21
10	14	33
7	10	26
0	8	91
0	7	91
2	3	20
0	12	91
0	12	90
0	10	91
0	12	90
8	10	31
2	5	21
3	5	21
0	18	90
0	15	87
3	6	22
1	7	21
2	7	21
2	3	24
0	9	90
0	16	91
2	6	20
0	5	62
1	3	21
2	7	22
0	12	90
4	7	25
4	6	31
5	9	31
1	3	20
3	7	22
3	7	23
0	5	38
8	10	26
0	-1	86
0	12	91
3	7	23
3	7	22
2	7	21
1	7	22
1	3	21
2	5	21
4	8	24
4	6	27
0	6	81
13	20	51
12	13	45
0	8	90
0	7	91
6	10	26
6	9	31
0	7	90
3	14	91
3	7	25
3	7	24
2	7	21
2	6	22
2	6	20
3	20	91
9	10	36
0	10	90
0	12	91
0	12	91
0	7	91
5	10	25
2	3	23
3	6	23
1	5	22
0	3	23
2	5	24
2	5	23
2	6	24
2	5	22
0	17	82
0	15	82
6	8	27
0	11	91
4	9	30
0	9	91
0	14	90
1	2	22
0	12	91
0	-1	91
0	7	90
7	10	31
0	9	90
3	7	22
3	7	21
4	8	23
3	9	23
3	8	22
12	16	37
3	5	21
0	10	91
0	10	91
0	10	91
0	14	79
1	3	22
1	2	22
0	5	91
1	3	22
8	10	34
7	11	27
2	4	21
0	10	90
0	13	90
9	11	29
3	7	22
3	6	21
7	12	29
5	8	23
4	8	23
5	10	25
4	9	26
10	13	31
6	10	24
3	10	26
3	8	24
6	9	24
6	13	28
0	15	91
0	21	90
6	9	35
5	10	26
6	9	28
3	8	25
4	8	23
3	7	21
3	6	23
2	5	22
2	5	21
4	6	25
4	5	26
3	6	22
10	13	36
4	6	25
5	6	25
4	6	24
6	7	23
5	10	30
3	6	23
2	5	23
2	10	28
3	7	22
3	7	21
5	7	24
2	5	21
5	7	24
8	10	30
8	9	28
8	9	30
9	9	28
2	5	21
7	9	26
1	5	21
5	5	24
0	3	20
2	7	22
3	6	21
3	21	90
6	8	30
6	14	34
0	10	90
8	11	29
10	12	30
0	15	89
0	18	90
6	11	27
0	7	91
0	10	90
3	4	23
4	7	23
0	2	22
0	3	21
5	13	30
6	12	31
7	13	30
5	11	28
6	13	31
5	10	26
6	10	26
3	10	26
4	10	25
3	9	23
1	5	23
1	11	90
1	9	91
7	9	26
7	7	26
8	12	30
2	5	22
5	9	26
5	8	25
4	7	23
1	4	21
3	5	22
5	10	26
4	7	24
4	7	22
4	7	24
10	14	35
6	10	26
5	10	27
0	11	91
5	8	26
9	9	31
2	8	26
4	5	25
2	6	22
5	9	24
8	8	31
2	4	21
9	10	33
6	6	24
0	10	91
4	6	25
0	17	90
4	11	30
2	3	21
5	8	23
3	5	24
3	7	23
3	7	23
1	5	20
3	6	25
3	4	22
0	5	91
0	6	90
6	11	32
2	4	21
0	15	91
0	10	90
3	5	22
3	6	23
2	4	23
4	10	29
5	10	32
7	8	32
3	8	23
2	8	23
7	11	27
0	5	91
0	12	90
3	8	23
3	6	22
5	9	25
4	9	23
2	6	22
3	5	21
1	3	21
7	14	28
8	11	30
7	11	27
7	13	32
8	13	31
6	12	26
2	6	22
2	6	21
4	10	25
3	10	26
0	13	91
2	7	22
2	7	21
3	9	23
4	8	24
2	9	24
3	8	23
2	7	22
4	8	25
0	8	91
1	10	90
4	6	24
3	6	23
6	10	28
4	8	22
2	4	23
3	8	21
4	9	26
6	7	27
2	5	22
1	6	20
0	12	91
0	9	91
1	5	23
4	11	30
4	8	23
4	8	24
0	20	90
0	9	91
0	7	91
2	4	23
4	9	22
1	3	91
5	11	31
5	8	25
7	11	28
4	7	24
2	7	25
0	8	90
0	6	90
0	7	91
6	11	33
5	8	26
5	7	20
5	9	31
4	8	25
6	8	23
5	11	30
1	4	21
1	3	21
0	6	91
3	3	23
0	4	27
1	3	26
1	4	25
1	3	25
0	4	23
1	4	22
1	4	21
0	4	20
0	12	91
0	9	90
8	13	30
0	36	90
4	7	22
1	3	22
8	9	36
3	6	22
0	8	90
0	10	89
2	5	23
4	22	75
7	12	30
7	10	30
0	6	90
0	7	90
6	10	28
0	14	91
7	9	30
3	5	22
3	5	22
6	6	31
2	4	21
6	9	25
2	6	22
3	4	23
0	10	91
0	8	91
2	3	21
9	12	30
11	13	39
12	14	40
12	17	42
11	14	38
11	14	39
10	14	37
11	14	37
10	12	32
5	10	25
0	16	91
0	9	91
0	4	90
6	10	27
7	11	25
0	10	90
1	11	88
5	8	24
3	5	22
4	8	30
0	11	90
0	-1	91
6	9	25
0	9	90
0	5	91
8	13	33
2	6	22
1	6	22
2	5	21
0	11	90
0	7	91
0	9	91
4	6	21
0	11	90
0	16	91
0	11	91
2	3	23
9	12	32
7	9	27
2	5	21
0	2	90
0	8	91
0	6	91
5	6	24
5	7	24
0	7	91
2	6	22
1	3	21
3	4	21
0	11	91
0	20	90
0	20	90
4	8	24
0	17	91
0	11	90
3	8	23
3	8	22
3	5	21
4	4	23
0	7	91
0	5	20
1	5	21
0	7	91
1	13	90
0	11	91
2	6	22
2	6	22
0	12	91
0	12	91
0	12	91
2	6	23
2	3	21
7	5	26
4	6	25
0	10	91
0	12	91
1	2	20
0	15	91
0	9	91
0	12	91
0	11	91
0	7	91
3	5	22
2	6	32
0	16	91
0	5	20
1	4	20
4	6	25
4	6	23
5	5	30
3	7	23
2	6	20
5	9	30
0	19	91
0	13	91
0	11	89
5	7	24
2	6	22
1	3	23
2	6	24
7	11	30
7	12	31
0	3	66
0	6	91
4	8	26
13	11	44
1	6	21
5	10	27
4	6	21
2	6	21
0	9	90
0	10	91
0	3	21
4	10	25
1	4	20
0	15	91
0	11	91
0	11	90
0	3	22
0	7	35
0	6	33
0	5	29
0	5	28
6	7	25
2	2	21
4	6	23
0	0	52
0	2	52
3	3	22
2	4	20
3	5	24
4	6	24
3	6	24
2	8	23
3	8	21
2	6	21
2	5	21
5	8	23
4	7	24
6	7	26
1	4	22
1	5	21
4	6	22
23	22	73
3	7	24
5	9	27
0	13	90
2	7	21
0	2	21
5	5	23
6	7	27
7	7	28
7	9	32
7	10	30
6	8	28
4	6	24
0	7	91
0	7	90
0	9	91
0	1	20
1	2	21
8	14	30
0	21	91
0	8	91
4	7	23
2	7	22
2	6	20
2	5	22
4	7	22
4	6	21
6	9	28
2	31	90
2	4	22
2	4	22
0	16	90
4	6	23
4	6	25
4	6	21
3	6	23
7	9	26
2	6	21
0	12	91
4	10	30
3	5	22
3	6	22
7	11	35
4	6	23
5	9	22
5	7	23
5	8	24
5	7	25
5	7	23
7	12	27
9	10	26
7	12	29
5	9	24
2	5	21
2	5	20
2	6	23
0	2	22
0	7	91
4	7	21
0	12	91
4	5	23
5	8	25
0	13	90
8	11	27
7	7	27
3	8	23
5	11	31
0	8	91
0	8	91
5	4	25
6	9	25
5	7	23
5	8	24
5	9	26
4	9	24
6	7	24
3	10	24
4	7	22
2	7	21
2	7	21
2	7	21
2	6	21
0	12	91
0	14	91
4	8	26
5	8	24
7	14	32
5	9	30
4	5	28
5	6	26
2	4	22
3	5	23
3	5	24
4	6	25
4	5	23
3	4	23
3	4	23
3	8	25
0	8	91
3	8	21
3	6	20
6	8	26
3	7	22
4	8	24
6	7	25
3	6	21
7	9	26
0	4	91
4	7	23
5	7	24
4	7	23
3	6	24
4	7	25
6	7	24
5	8	25
4	9	23
4	8	22
1	3	20
3	8	25
9	12	32
7	10	28
8	10	29
11	16	38
8	9	24
3	4	21
6	8	30
4	6	22
4	7	23
6	7	25
6	8	25
4	9	22
7	10	25
6	9	31
6	9	26
6	8	28
7	8	28
10	9	32
7	10	30
2	6	22
4	7	23
4	9	28
3	8	26
5	9	27
7	9	24
4	6	21
7	12	32
10	12	34
6	7	27
4	7	21
5	8	25
3	6	20
4	5	21
4	7	26
4	5	25
2	3	21
0	7	91
0	14	90
0	5	91
4	10	33
3	7	23
0	5	52
9	11	30
0	10	91
5	10	30
6	7	24
5	11	30
6	12	26
4	7	24
4	7	24
5	12	30
3	8	24
3	6	24
7	9	28
2	7	25
0	14	90
0	19	91
2	6	23
3	7	30
0	9	91
3	7	21
3	7	22
1	6	21
2	7	20
3	8	23
4	10	23
4	7	23
0	2	20
2	7	21
3	6	21
4	7	24
5	10	30
3	9	26
2	8	24
3	5	23
2	6	22
2	6	21
2	3	23
2	3	22
4	5	22
3	8	22
4	7	24
4	7	25
4	6	24
4	5	23
4	5	22
4	6	22
6	9	30
2	6	22
0	15	91
0	6	91
4	7	24
7	8	27
4	7	20
3	9	24
8	14	33
0	11	91
4	8	24
0	11	81
0	4	22
0	4	21
2	6	21
3	3	22
7	13	33
8	10	34
3	8	23
3	5	22
0	2	48
1	7	21
1	2	21
8	11	32
8	11	33
0	9	91
0	6	90
3	5	24
4	8	25
3	7	24
3	8	24
1	6	21
3	5	23
0	3	32
0	3	22
3	8	22
2	5	22
1	3	21
6	7	24
4	4	22
6	11	29
1	8	91
0	4	90
3	4	22
0	13	91
0	10	91
0	14	91
0	3	91
0	9	91
0	9	91
2	7	22
2	5	21
5	10	23
0	3	22
2	3	20
3	6	24
3	4	24
2	6	22
1	3	23
1	11	91
0	9	91
0	8	91
0	12	91
0	6	91
0	-1	89
0	30	91
9	13	33
9	12	32
8	12	31
8	11	30
6	8	24
2	6	22
6	8	25
5	11	28
3	7	27
3	3	22
4	5	23
1	3	22
1	11	91
1	8	91
1	32	91
8	8	26
7	8	30
11	13	30
8	10	36
9	10	29
6	9	32
3	8	23
2	7	23
2	8	22
2	4	20
8	12	33
0	3	21
3	6	24
4	7	23
10	10	30
0	9	91
0	9	91
4	7	23
0	9	91
0	10	91
4	7	22
3	7	25
3	6	24
3	6	23
2	6	23
3	6	22
3	4	23
0	10	91
0	10	90
7	11	27
6	12	27
0	2	91
3	6	23
1	5	21
1	5	20
9	10	36
9	10	32
9	14	37
10	12	35
8	9	28
3	6	22
1	5	22
6	7	25
6	8	25
5	9	24
6	9	26
3	6	23
2	4	23
2	5	22
3	5	24
3	5	23
5	7	25
0	1	21
0	13	91
0	12	90
7	7	28
3	4	24
3	4	23
3	4	21
3	5	24
5	6	25
5	10	28
5	7	27
6	9	28
0	8	91
3	8	24
4	8	24
1	9	90
0	10	91
9	10	32
2	6	21
1	5	22
0	6	90
3	5	21
2	8	22
5	5	26
3	8	25
3	5	22
6	7	26
0	32	91
5	4	25
5	4	25
0	12	91
4	7	27
0	14	91
0	9	90
0	0	22
1	3	21
0	12	90
0	10	89
2	3	22
0	7	90
0	5	91
0	11	89
3	7	23
0	13	91
0	17	91
4	8	24
5	8	25
6	10	30
5	7	28
4	5	27
5	7	26
6	9	36
5	6	27
5	9	24
8	11	30
11	12	35
6	9	24
7	10	26
7	12	30
8	12	29
4	5	21
8	9	29
4	8	25
7	8	26
0	-1	90
0	-1	90
2	7	21
3	8	22
4	9	23
5	9	22
3	8	23
3	8	20
6	7	24
3	9	23
3	6	22
0	10	91
0	10	91
3	8	23
3	8	22
4	8	21
5	10	25
1	6	21
3	5	23
1	5	21
3	9	24
5	10	30
1	5	22
1	5	21
5	9	25
4	8	25
4	7	22
5	9	27
5	16	31
7	8	30
2	6	23
2	6	23
2	6	21
5	8	27
4	6	25
5	10	23
1	5	22
5	9	24
0	13	91
2	7	23
3	8	24
0	8	81
0	10	90
7	9	26
3	5	23
2	6	20
7	13	32
0	12	91
8	11	31
4	7	26
3	6	24
1	3	21
8	11	27
5	7	25
6	8	24
5	8	30
3	17	89
0	8	90
0	11	91
4	9	25
3	8	22
4	7	22
3	5	22
3	4	21
3	5	20
4	6	23
5	8	22
2	8	23
4	8	24
5	7	25
4	9	24
5	42	91
5	6	26
3	8	25
5	7	22
10	21	49
4	9	25
1	3	20
3	6	21
6	7	24
4	14	30
4	5	23
5	6	23
4	9	24
4	7	22
4	8	25
6	10	25
7	9	23
4	5	24
2	5	22
5	11	26
6	7	24
6	12	31
6	12	30
3	9	23
7	10	27
6	10	31
5	8	26
4	9	25
0	1	20
2	4	21
0	5	21
1	23	91
10	14	31
2	3	21
2	5	23
3	6	22
3	4	22
5	12	34
6	14	34
3	10	25
2	10	24
4	10	25
3	8	24
3	9	23
2	8	22
3	8	23
3	6	23
4	7	22
2	6	23
2	6	21
4	5	22
5	14	30
2	4	21
5	9	31
5	6	30
3	7	21
2	5	20
4	10	29
4	8	24
1	5	23
5	9	26
3	8	24
0	4	90
2	6	20
6	12	31
2	5	21
9	13	35
10	14	35
6	10	28
7	8	27
4	11	31
4	9	25
3	6	22
4	7	23
4	7	25
3	6	24
4	12	25
4	10	24
2	7	23
4	9	25
1	7	90
10	10	36
4	6	23
3	5	22
6	12	27
4	12	30
7	6	27
4	13	26
5	10	24
4	8	23
4	10	24
11	13	35
9	10	28
4	8	22
0	9	90
4	9	25
4	10	24
2	6	22
3	7	23
4	9	24
5	8	24
2	6	24
2	6	24
2	5	22
8	14	31
4	8	25
3	2	23
0	9	91
2	8	21
0	4	20
7	9	31
5	8	25
5	8	25
2	6	23
0	12	90
0	11	90
1	6	21
0	5	91
1	10	90
0	-1	90
0	7	90
7	6	28
5	6	29
4	6	27
3	5	21
0	8	90
5	10	26
5	7	30
0	20	91
6	10	24
7	7	25
2	24	90
7	9	27
3	5	21
0	-1	90
0	8	90
7	6	27
0	4	91
0	14	91
6	9	35
1	20	91
0	21	91
0	21	91
5	8	25
3	4	23
0	10	91
0	7	90
0	10	91
3	6	21
2	5	21
3	9	23
4	8	23
2	5	22
1	-1	90
0	9	77
5	7	26
6	8	25
1	-1	91
4	7	24
2	5	20
0	10	90
0	10	91
2	6	23
0	8	91
0	14	91
8	11	33
5	-1	91
4	8	23
3	7	21
8	10	27
5	7	22
0	8	91
0	6	91
0	20	90
10	13	35
10	12	34
8	8	31
3	8	24
0	14	90
0	10	89
2	4	21
0	3	25
0	3	22
2	4	24
1	3	23
1	4	30
3	7	24
7	8	33
3	6	21
3	8	24
2	5	22
5	9	32
2	5	20
4	6	21
1	3	21
1	6	20
0	-1	91
11	13	35
12	13	35
9	16	38
4	8	24
3	8	25
2	5	21
4	7	23
4	7	23
2	6	22
1	2	23
3	4	26
5	9	24
3	3	22
7	11	31
6	7	30
3	8	22
2	8	22
4	10	23
4	8	25
1	17	91
5	9	28
1	5	20
5	7	24
4	6	23
4	7	22
2	6	22
0	13	84
0	15	84
2	6	23
0	7	91
6	11	31
3	6	20
4	7	25
4	9	25
4	9	24
3	7	26
3	5	23
1	6	23
1	33	75
0	3	21
5	10	31
4	5	24
3	8	25
4	7	23
4	5	22
8	11	32
10	12	32
8	12	33
4	7	26
5	7	26
4	6	25
5	6	23
6	9	26
4	8	23
3	7	22
5	9	23
2	8	90
0	11	91
0	-1	91
2	6	21
4	6	25
4	8	25
4	10	26
3	8	20
3	5	21
3	8	24
2	8	23
5	7	24
11	14	35
8	8	27
4	6	24
4	10	30
3	5	22
4	10	27
5	8	26
4	9	28
5	9	27
4	8	29
4	7	25
4	7	24
3	6	23
3	6	23
9	11	28
9	14	33
10	10	28
5	7	25
8	10	31
0	12	91
7	12	32
9	11	31
8	12	30
2	4	21
7	11	30
5	7	25
3	7	22
7	10	24
3	7	25
2	6	20
2	8	22
1	6	20
0	-1	91
0	6	90
0	5	90
5	6	22
6	7	24
0	29	91
5	8	25
2	4	22
0	1	90
8	12	31
5	9	25
5	7	23
8	10	27
3	6	23
3	6	20
7	8	23
9	11	30
0	8	77
3	7	24
4	8	25
3	8	23
3	6	24
6	8	24
0	7	91
1	12	90
5	7	24
5	9	30
2	6	21
4	9	21
7	12	26
7	9	25
8	10	29
8	10	32
3	6	22
0	6	21
2	3	21
6	9	31
2	6	23
2	5	24
2	8	26
4	8	25
5	7	25
5	7	26
5	11	25
7	13	30
8	12	30
4	5	21
8	12	31
9	11	30
9	10	29
7	10	26
8	9	30
7	9	27
6	9	26
8	10	30
6	11	30
9	12	33
0	23	91
8	13	33
1	2	22
1	3	21
5	10	25
2	3	23
10	14	34
8	12	36
2	-1	90
3	36	83
7	9	26
9	11	33
6	8	23
3	7	21
6	7	27
4	7	21
4	7	23
2	7	25
9	11	33
5	7	23
4	9	23
8	10	26
7	9	23
7	8	30
7	11	26
7	13	30
5	10	28
4	8	26
8	13	32
8	11	26
3	9	25
1	4	23
7	12	33
6	13	31
4	8	24
2	6	23
4	9	25
4	9	24
3	8	21
3	7	20
3	11	24
4	8	25
3	6	22
5	6	26
0	9	90
4	7	21
3	5	23
3	5	22
2	4	22
1	-1	91
0	-1	91
1	18	91
1	17	89
0	16	91
6	9	31
5	8	30
5	9	24
3	10	24
1	9	26
2	8	24
4	7	23
8	9	27
3	7	23
3	7	22
3	7	23
1	6	22
3	6	25
3	5	22
3	8	21
2	9	23
5	13	30
4	8	22
3	9	23
6	8	24
5	11	27
11	14	38
8	10	27
2	5	23
3	4	20
11	13	35
0	18	89
2	6	22
6	7	25
9	13	33
4	7	24
3	7	23
2	5	23
5	7	23
3	8	25
4	5	23
2	4	22
6	8	30
2	2	24
2	6	20
2	5	22
7	9	27
5	8	23
3	10	24
7	9	29
2	6	22
0	14	91
0	12	91
3	4	23
3	4	23
0	19	90
3	7	21
2	6	20
1	7	22
2	6	21
4	9	25
5	7	25
3	6	22
2	8	24
4	6	24
0	9	90
0	7	91
7	5	25
3	7	23
6	8	26
5	7	25
8	13	36
8	14	33
8	13	36
8	13	36
8	12	33
6	10	27
9	10	34
8	9	32
5	9	28
4	8	27
7	8	31
2	5	23
3	9	23
3	4	21
8	15	32
2	4	21
2	4	21
6	8	24
2	4	20
3	7	23
4	7	24
0	11	56
0	9	56
7	10	27
3	7	23
3	9	23
4	9	24
2	6	20
0	13	72
1	15	72
2	5	22
2	5	23
5	12	26
3	4	20
2	5	21
0	15	90
0	6	91
1	14	90
2	5	23
3	6	23
4	5	23
2	4	23
2	4	21
6	7	25
2	5	22
2	5	22
3	6	23
4	8	23
3	7	23
8	11	31
0	8	91
0	9	90
3	7	26
0	5	90
5	8	26
1	3	21
1	2	21
1	3	21
2	7	21
0	9	91
0	7	91
5	8	26
4	7	24
10	13	35
4	7	31
3	6	22
5	7	24
2	4	23
6	9	26
1	7	21
7	9	30
7	12	28
1	10	90
3	6	23
3	7	22
3	7	21
5	9	23
5	9	24
4	7	22
0	12	91
5	21	90
3	3	23
7	7	26
4	8	26
6	7	26
7	9	25
5	7	28
8	10	31
2	5	20
5	9	30
7	9	33
3	7	25
5	8	26
7	10	31
3	8	25
4	10	24
5	7	23
3	7	23
3	7	21
2	6	21
3	5	24
3	4	23
4	5	24
5	11	31
1	8	88
0	8	90
0	-1	90
0	12	90
0	13	91
0	13	90
4	7	26
2	4	21
0	5	91
1	5	21
1	3	23
4	11	32
3	8	24
4	7	21
2	5	22
7	11	30
2	4	21
4	9	25
4	8	22
4	8	22
5	9	26
5	10	27
3	3	21
6	10	31
5	10	30
4	11	29
7	10	27
0	11	90
3	5	21
5	36	91
1	4	22
7	10	30
7	13	27
8	15	33
8	15	33
7	10	26
1	5	22
2	6	21
3	6	22
2	6	24
6	9	26
7	10	27
3	10	24
3	10	25
7	11	26
4	8	24
0	11	90
7	9	30
3	6	21
3	7	23
0	9	75
10	12	34
6	7	23
5	9	23
4	8	25
4	8	24
4	8	23
3	6	22
7	10	28
4	26	91
5	6	24
6	11	30
4	6	23
4	8	23
0	35	90
0	37	90
0	35	90
0	36	90
2	7	22
2	7	23
2	6	21
3	9	25
2	6	21
4	8	24
3	8	23
3	7	24
2	8	22
3	25	91
7	8	26
2	4	22
6	8	30
2	9	23
5	8	22
4	7	21
8	8	27
9	12	30
4	8	23
9	10	31
6	11	26
4	8	24
2	4	23
8	8	32
0	11	90
1	4	21
4	6	23
2	6	22
8	8	24
9	10	31
4	9	22
2	5	20
2	5	21
4	8	28
5	10	30
5	9	25
5	10	26
4	9	26
6	11	27
8	11	42
1	7	21
4	6	22
10	11	33
1	3	91
6	11	30
3	4	25
2	5	22
2	6	22
2	6	21
2	6	20
6	9	26
2	4	20
1	4	20
0	3	91
0	3	91
2	4	21
6	11	33
1	3	21
5	8	25
2	7	23
6	9	28
2	6	22
5	6	23
2	3	22
3	7	22
0	7	68
2	7	22
5	7	25
7	10	32
10	9	32
9	13	34
7	8	24
0	10	91
0	12	91
1	7	20
1	7	20
2	7	24
6	8	23
6	10	26
5	10	25
4	6	22
2	6	21
9	12	34
9	13	32
0	10	90
2	4	21
7	11	26
11	13	33
7	12	34
3	9	25
3	7	22
8	10	27
8	9	28
3	9	22
3	10	23
4	7	21
3	7	24
2	6	21
2	6	20
5	6	24
3	7	22
5	6	22
7	10	31
4	9	27
3	6	24
4	4	24
2	5	23
3	5	24
4	10	23
2	11	22
6	10	28
0	8	91
0	8	91
2	6	21
3	5	23
7	9	24
4	6	21
2	6	21
4	7	23
2	6	24
7	10	25
7	14	31
5	8	24
5	8	31
4	8	24
3	9	24
5	7	23
3	5	21
5	7	31
2	7	20
4	10	25
9	12	32
6	9	28
6	11	28
2	7	22
5	11	26
1	11	91
0	11	91
9	9	33
4	9	25
1	5	21
5	10	30
4	9	25
4	6	24
3	8	22
5	8	25
3	8	22
6	6	25
4	8	28
3	7	22
3	6	23
3	5	22
6	7	24
0	4	20
7	7	28
4	7	23
4	8	22
5	5	25
2	6	22
2	7	22
4	9	24
4	5	22
0	3	22
7	12	32
8	10	30
8	9	29
3	8	21
3	8	23
4	8	23
6	7	26
3	6	21
2	5	20
3	6	24
3	6	23
3	5	23
7	8	26
2	6	20
3	6	22
3	6	21
0	9	90
2	10	90
3	4	20
1	6	23
1	3	21
0	16	90
1	10	91
6	9	30
0	6	90
1	7	90
6	6	24
0	16	90
0	16	91
7	9	26
0	35	90
4	10	28
7	9	30
3	5	22
0	12	90
3	7	21
6	9	25
4	7	22
6	11	30
0	33	90
0	16	90
7	11	30
2	8	30
3	7	23
4	7	24
3	8	21
4	6	25
5	8	25
4	10	25
5	7	26
5	9	24
2	8	23
2	4	21
0	14	90
0	12	89
4	6	24
4	7	25
4	7	23
6	8	25
2	3	22
1	7	91
4	7	24
4	7	24
4	8	23
4	8	26
3	10	25
4	7	25
4	7	24
5	6	24
0	15	90
0	19	89
4	3	22
6	7	30
2	7	23
7	9	25
5	8	23
5	9	25
3	22	90
5	8	30
3	6	23
6	10	27
9	12	31
3	7	22
4	9	25
3	8	23
7	11	31
8	11	30
5	8	21
6	7	22
0	11	91
0	9	91
3	7	22
4	8	22
3	7	21
0	10	89
2	4	24
4	6	23
10	15	34
1	5	21
7	11	27
2	9	23
4	8	22
2	8	23
2	7	21
3	5	23
2	5	22
3	10	25
3	7	23
8	9	25
6	10	25
0	9	91
7	12	34
5	8	27
2	8	23
3	6	23
2	9	23
3	10	25
3	7	23
7	9	25
9	10	26
3	8	25
10	13	34
10	13	33
11	14	39
11	13	38
11	14	35
12	14	37
10	14	34
9	11	31
9	14	36
9	15	39
2	4	21
7	9	26
5	6	25
0	3	22
6	7	30
6	5	26
0	11	90
4	8	23
4	8	23
8	13	33
3	8	22
1	3	23
1	10	90
0	9	90
5	11	26
0	15	90
0	8	90
3	5	24
7	9	31
6	8	26
7	8	25
6	9	25
8	14	32
0	8	90
2	8	25
3	7	23
2	6	22
3	6	21
2	5	23
2	5	22
4	7	23
8	10	30
0	7	91
6	9	30
4	5	24
0	12	90
5	10	32
2	7	20
2	7	21
0	11	91
1	13	91
1	6	22
2	7	22
2	7	20
3	8	23
3	9	22
0	35	90
0	-1	90
7	9	27
4	8	21
5	10	26
3	7	23
4	9	24
2	7	20
4	5	21
6	10	26
7	9	26
3	5	24
4	7	22
3	6	21
3	5	21
5	10	25
8	9	24
0	7	91
0	7	91
0	3	90
0	4	91
3	8	23
6	14	28
5	10	25
1	2	20
2	7	24
4	9	30
3	7	22
3	8	20
3	8	24
0	7	90
2	3	22
5	7	30
0	2	90
3	6	22
2	7	22
2	6	20
2	5	21
1	5	20
7	8	25
1	6	21
2	5	21
3	9	25
7	10	25
9	16	33
0	7	88
0	8	91
4	8	23
3	8	23
6	11	25
3	5	23
6	7	27
7	9	26
3	8	30
4	7	22
11	31	90
0	5	20
3	7	22
4	6	24
5	10	24
2	7	22
1	5	56
4	6	22
7	8	24
7	13	30
2	7	22
3	8	23
3	8	24
10	12	31
0	-1	89
0	-1	89
4	8	24
1	5	36
3	7	21
4	7	23
4	7	21
0	6	89
0	6	90
4	11	30
6	11	28
9	12	33
2	5	22
2	6	22
3	6	23
5	8	26
3	7	22
4	9	25
2	7	22
3	7	22
0	2	22
5	10	30
6	8	24
8	13	31
2	5	22
1	6	21
3	7	21
3	7	23
9	9	33
3	5	22
3	5	21
8	10	34
7	11	29
5	8	25
2	5	22
0	6	90
0	4	91
4	9	25
7	9	27
0	-1	90
2	5	22
2	6	22
2	6	22
4	9	24
6	14	30
8	13	31
6	12	32
3	8	23
2	5	21
2	7	25
4	9	24
8	11	33
3	7	21
2	5	22
1	6	21
1	5	20
1	16	74
5	10	31
5	9	30
3	6	25
1	5	21
2	6	22
2	7	23
3	8	21
3	8	21
6	7	25
3	11	26
0	9	90
0	-1	89
7	9	28
5	10	26
2	6	21
6	9	27
6	9	28
9	12	32
9	10	27
4	7	22
0	15	91
0	12	91
0	7	91
5	10	27
0	9	89
0	10	91
0	3	23
0	2	21
1	5	21
4	14	30
9	16	34
7	9	31
6	10	26
4	6	22
8	9	32
3	8	24
2	6	21
3	7	21
5	10	31
5	10	32
6	10	26
3	5	23
3	5	21
6	12	30
4	7	23
4	6	22
4	10	27
4	12	28
5	9	27
3	7	23
8	10	26
4	7	22
3	6	21
5	9	25
4	6	21
3	5	21
1	26	91
7	8	28
0	3	22
11	17	35
10	19	35
10	16	37
9	16	35
3	6	20
4	8	26
5	10	26
4	9	30
6	12	31
5	12	31
5	10	30
4	8	26
3	9	28
4	7	25
3	7	25
3	6	24
2	7	23
2	8	23
3	8	21
8	10	31
5	6	23
2	6	23
3	9	23
3	8	22
5	5	45
1	5	22
1	4	21
5	7	26
1	3	23
0	4	91
4	8	26
6	10	27
3	6	21
4	9	23
2	4	21
7	12	31
7	9	27
3	5	21
7	8	29
3	8	24
2	6	22
1	6	22
0	3	90
0	11	91
2	4	22
9	9	26
3	7	22
11	16	36
9	10	31
9	12	32
4	7	24
7	14	34
3	6	21
3	8	23
5	6	27
2	8	24
7	14	36
6	13	31
10	15	39
2	6	21
2	6	22
4	7	23
5	7	22
7	10	31
4	5	22
6	11	28
6	8	26
5	9	25
5	11	27
5	7	25
5	11	33
8	13	32
7	11	26
2	8	22
5	10	27
4	7	22
1	5	22
0	4	22
1	5	21
4	9	32
11	15	40
5	7	22
2	6	20
2	5	20
4	6	25
5	5	30
4	5	25
1	6	22
0	5	90
0	12	90
1	2	28
3	6	21
2	7	22
8	11	30
2	5	20
2	5	22
1	5	24
5	7	26
8	8	27
5	9	25
4	8	23
1	10	24
0	11	91
0	9	91
0	10	90
0	9	90
3	8	23
3	4	22
5	10	28
4	6	23
3	6	23
1	5	21
2	6	22
5	7	24
5	10	29
2	6	22
2	6	21
4	8	24
2	6	21
4	9	25
3	8	23
2	8	26
3	7	22
1	2	20
9	11	32
3	7	21
11	9	39
9	8	37
2	5	21
3	11	31
5	8	23
3	6	23
3	5	26
6	10	31
0	11	91
0	12	90
2	7	25
0	4	62
10	14	37
2	7	21
0	11	90
0	9	91
2	13	91
4	5	23
1	9	91
0	9	90
4	10	25
3	8	22
3	5	21
2	4	21
2	7	24
0	10	91
0	14	90
0	9	90
0	6	91
0	7	91
1	4	21
1	5	20
2	5	25
0	8	91
0	10	90
3	8	23
2	6	22
0	10	91
0	7	91
3	6	23
2	8	26
1	4	20
0	18	91
1	14	90
0	9	90
0	9	91
0	7	90
0	10	90
1	10	91
5	7	28
4	9	27
2	9	25
3	7	24
3	7	23
2	6	23
2	5	22
2	5	22
0	6	90
0	6	90
0	1	59
1	8	90
1	11	91
0	5	91
0	7	91
4	6	23
3	6	22
2	5	21
2	4	22
2	6	21
0	10	91
0	11	91
0	6	73
0	9	91
2	5	22
3	6	22
2	6	20
0	-1	91
0	7	91
7	8	28
8	7	29
2	4	21
2	4	22
9	11	32
5	9	26
0	6	89
0	10	90
1	4	23
0	5	90
0	7	73
0	6	73
1	4	20
2	3	20
6	14	33
6	6	31
2	5	21
2	7	22
0	14	90
0	14	90
4	8	24
2	7	22
2	5	20
2	5	21
0	8	91
0	7	90
1	19	91
0	10	90
0	9	91
3	7	22
5	7	24
5	7	26
4	8	26
3	7	25
4	7	24
6	8	26
0	18	90
0	17	90
0	2	21
4	7	22
5	6	25
7	7	25
5	8	24
3	7	24
2	5	22
2	6	21
8	11	29
8	12	30
5	11	30
6	10	28
6	10	27
6	10	30
1	5	21
1	5	20
3	5	21
0	11	90
0	11	90
1	5	21
0	9	89
0	6	90
1	7	23
2	6	23
3	8	24
0	7	91
0	11	91
0	9	91
0	11	90
3	7	24
4	8	25
3	7	25
1	10	90
1	14	91
2	5	21
4	7	24
5	7	24
4	6	25
4	7	22
3	7	23
4	7	22
4	9	24
3	11	25
0	15	91
2	5	21
3	5	23
2	12	30
4	7	24
3	7	24
2	4	22
2	6	23
1	35	91
3	9	21
4	8	23
3	6	22
7	9	24
2	7	21
6	8	26
6	9	33
7	8	32
7	9	30
2	5	21
5	7	23
6	11	27
3	7	23
4	6	23
4	8	21
7	8	24
5	9	24
3	7	22
0	14	91
4	8	26
4	8	25
9	11	30
7	10	26
4	6	23
7	9	26
10	9	35
8	11	30
9	10	36
9	9	33
9	8	32
7	8	31
7	7	30
5	9	27
3	7	23
3	6	20
6	9	26
0	6	86
0	14	91
2	6	20
0	10	89
0	11	91
2	6	20
6	6	27
2	5	23
5	7	24
2	6	26
7	8	26
7	8	26
0	6	78
4	8	23
5	7	30
4	7	30
7	10	27
6	9	31
4	32	91
3	33	91
3	30	91
4	33	91
5	7	27
8	11	27
7	9	29
3	8	25
3	7	23
3	6	21
4	7	22
4	8	24
2	8	23
4	9	32
5	10	31
4	7	25
4	11	24
9	9	34
12	10	37
2	6	23
5	8	28
4	6	31
8	9	28
1	3	22
2	5	21
0	3	20
2	6	21
1	6	24
8	13	31
5	11	30
5	11	30
1	5	21
2	5	21
2	6	21
2	5	21
7	10	31
2	4	22
3	5	91
4	6	91
2	5	20
9	11	37
5	12	30
5	9	26
4	5	21
3	6	22
2	6	21
3	6	23
3	6	24
3	6	22
4	7	25
4	6	24
3	8	26
4	6	28
3	10	25
2	5	21
3	9	27
2	6	23
3	6	22
1	4	25
5	6	24
0	5	21
7	12	28
6	11	31
6	8	24
6	12	30
6	14	31
7	12	30
5	12	28
2	-1	69
0	27	61
0	24	57
0	23	54
0	25	57
1	-1	50
1	-1	41
12	16	36
11	18	39
12	16	38
9	16	34
10	15	36
8	14	31
7	14	30
5	7	23
0	11	91
0	10	91
6	10	25
1	7	20
2	6	22
1	4	21
0	5	20
0	4	21
0	5	21
0	4	20
6	8	26
4	7	24
5	7	25
2	4	22
5	8	22
0	4	20
10	10	28
4	7	22
3	6	23
1	2	21
0	19	91
0	8	91
1	36	90
0	12	90
1	5	21
2	8	22
2	8	22
3	6	21
1	7	22
0	14	84
1	7	21
2	5	21
3	7	21
0	13	91
0	16	90
3	8	25
0	7	90
0	6	90
3	9	23
4	13	30
3	14	36
1	9	49
2	4	20
0	3	91
1	9	90
1	4	24
0	3	22
1	6	21
2	5	22
4	10	26
5	6	26
2	6	23
7	14	32
6	7	26
5	10	28
4	8	23
0	9	90
0	5	91
2	7	22
4	7	23
3	7	26
3	7	25
5	9	28
4	8	24
3	8	26
4	6	23
2	6	25
3	6	23
2	5	22
0	7	90
2	7	20
2	4	23
3	7	23
5	13	32
5	25	91
3	7	25
2	4	22
4	7	24
4	5	25
5	7	25
6	10	30
1	14	89
1	2	20
1	6	22
0	5	91
0	4	90
2	6	21
9	13	32
9	11	33
6	10	26
6	8	25
7	9	32
6	9	31
0	5	90
0	5	91
3	9	31
3	10	22
4	9	23
3	8	22
3	7	22
0	9	91
0	13	90
4	5	21
7	9	26
6	10	24
8	12	32
2	2	22
1	2	23
0	-1	71
2	6	20
4	6	21
5	14	31
0	12	91
0	12	90
0	8	91
0	9	90
1	4	23
0	2	22
5	11	26
4	8	23
7	9	25
8	12	28
7	11	29
2	8	33
0	5	20
5	8	24
8	12	27
3	8	23
2	6	21
2	6	20
3	7	22
3	8	21
4	8	25
5	12	30
1	11	91
1	14	91
8	32	91
2	3	21
7	10	24
4	8	22
7	8	35
9	10	31
4	7	24
5	10	30
4	7	24
3	7	21
9	11	30
5	9	31
4	8	23
6	8	31
6	8	30
2	5	22
3	7	23
2	7	22
5	9	26
3	9	27
8	12	27
2	7	25
5	11	30
6	10	25
1	4	21
6	7	24
10	12	30
10	14	38
10	13	37
2	5	21
3	10	25
10	14	36
7	11	31
6	11	31
1	5	20
7	10	31
9	10	30
5	9	25
8	10	33
3	5	22
0	38	90
3	7	24
1	5	23
7	9	30
1	5	20
1	4	21
1	6	20
1	3	20
4	6	22
2	7	22
4	4	22
1	6	22
2	4	21
6	10	31
5	8	24
7	8	26
3	10	22
0	9	90
0	10	89
0	-1	89
0	-1	91
2	6	23
4	9	26
4	6	24
3	7	26
3	6	24
3	5	23
3	8	25
4	7	23
5	8	24
0	6	22
1	6	21
0	3	20
1	2	21
0	11	91
0	14	89
1	2	23
1	2	22
2	3	23
12	16	49
13	14	48
14	14	47
11	12	39
12	12	43
10	12	42
8	10	38
0	14	90
0	21	91
1	8	91
1	12	91
0	10	91
0	9	91
3	5	22
0	9	90
0	8	90
4	7	27
16	16	90
6	12	30
5	-1	90
0	-1	90
4	9	27
0	15	91
0	16	91
3	7	23
6	10	25
1	2	22
0	4	91
2	3	23
6	9	25
4	8	30
4	8	24
0	11	91
0	12	89
0	9	90
0	8	91
2	5	21
0	9	90
0	3	21
7	14	32
8	9	31
8	9	30
6	9	30
0	10	89
1	15	90
0	11	90
0	8	91
0	12	91
0	17	91
0	-1	73
3	4	24
3	7	22
0	12	90
0	10	91
0	12	90
0	11	91
4	9	26
4	8	25
4	8	25
5	8	23
5	9	23
3	8	24
2	7	25
6	9	34
6	7	24
4	6	22
3	9	30
0	8	91
0	10	91
0	4	22
0	6	90
0	10	90
0	9	91
0	13	91
1	11	91
1	10	91
2	6	22
2	6	22
0	16	90
3	7	24
2	3	21
0	-1	91
0	7	91
3	6	22
3	6	24
4	9	24
5	8	28
9	9	34
8	9	34
0	20	88
0	0	91
3	7	24
6	7	24
7	10	31
6	10	30
6	10	30
6	11	31
7	10	28
6	11	27
5	10	26
6	8	25
5	8	27
6	9	26
6	8	25
5	8	27
3	7	23
9	8	28
4	6	24
5	7	23
4	6	22
9	13	33
3	6	21
2	3	21
1	5	21
5	8	26
0	9	90
2	6	24
6	12	31
4	6	22
1	5	21
2	7	23
2	6	21
7	13	30
3	6	20
0	6	91
2	4	21
4	8	26
0	6	69
0	21	90
0	12	90
3	7	29
2	4	20
2	8	23
1	4	21
2	7	23
3	6	21
4	6	25
0	5	22
0	5	22
1	4	21
2	6	30
5	7	25
5	8	24
7	9	27
4	6	25
11	12	33
6	13	31
5	10	26
6	10	26
5	10	26
4	10	25
7	11	31
5	10	30
4	7	23
1	5	22
2	7	23
8	11	28
8	9	25
3	9	25
5	7	27
5	6	24
3	8	22
0	11	76
4	8	23
3	8	24
9	17	89
6	14	90
5	12	30
2	13	29
6	10	30
4	10	27
6	8	26
0	11	91
0	10	90
4	7	25
3	6	23
3	7	24
4	7	25
4	8	23
1	-1	91
1	-1	90
1	5	21
1	4	20
1	2	22
4	5	22
3	8	21
4	10	26
6	7	24
0	9	90
4	6	23
4	7	28
0	30	90
4	5	23
0	16	90
0	10	91
1	4	21
5	7	26
5	7	23
2	5	21
0	10	90
1	4	21
2	4	20
2	4	23
8	7	30
3	9	23
2	7	21
9	9	30
5	4	24
3	7	27
3	7	26
2	5	24
4	6	24
4	6	23
3	5	24
4	5	22
2	6	23
2	6	22
4	6	22
3	5	21
3	3	22
0	6	91
4	6	23
4	6	25
4	6	25
0	2	21
4	7	21
5	9	25
4	6	23
3	7	20
6	8	25
0	5	91
0	2	91
0	9	90
0	17	90
4	8	24
2	5	21
0	12	91
0	13	90
2	5	20
0	11	90
0	11	91
7	9	26
0	7	86
0	7	86
5	7	25
3	9	24
1	9	90
0	5	23
4	7	25
1	8	23
2	6	22
7	11	32
4	7	24
6	9	32
2	6	22
0	14	90
2	6	22
3	6	25
3	6	23
2	4	21
2	5	21
8	10	28
12	16	39
10	12	30
15	18	42
11	18	39
9	14	32
9	15	34
11	15	36
13	19	41
8	11	29
9	14	34
7	13	32
12	18	42
13	16	38
11	14	35
13	16	39
13	16	40
12	16	39
11	17	42
10	13	34
10	12	38
9	11	34
7	11	30
9	11	29
6	10	31
2	6	23
2	5	21
6	5	29
2	4	21
4	10	25
5	9	23
4	10	24
4	7	27
0	14	89
0	13	91
6	8	23
6	12	32
0	8	90
5	6	23
4	9	30
1	3	23
4	10	32
1	12	91
0	12	83
4	6	22
0	8	91
0	10	91
0	13	91
0	6	91
2	3	22
5	9	24
3	6	21
4	7	25
3	11	25
2	7	23
0	10	89
0	8	91
6	8	26
2	5	21
5	7	22
2	6	20
5	9	23
3	9	27
5	8	26
2	5	22
3	7	22
0	16	91
0	-1	90
6	11	27
10	15	36
7	12	30
7	14	33
3	7	21
0	14	90
7	11	30
3	8	22
0	7	91
0	8	91
4	5	23
2	4	21
2	5	22
4	7	20
3	8	22
5	8	24
1	4	23
8	10	32
4	7	22
3	7	25
7	10	30
9	11	30
8	11	29
4	7	24
7	10	31
4	4	23
1	4	20
0	11	91
2	7	22
2	6	22
6	8	25
4	9	23
4	7	24
3	7	28
8	7	28
8	9	30
3	3	23
2	3	21
0	11	91
2	7	23
3	6	21
3	9	23
3	9	23
3	7	24
3	6	22
8	8	25
6	13	32
4	7	24
3	6	23
0	7	91
3	3	22
2	8	23
2	5	22
2	6	22
5	9	31
6	11	31
0	7	91
0	10	91
5	7	25
24	29	90
0	20	90
6	10	32
0	10	91
0	11	91
0	8	90
0	8	90
4	7	23
8	37	90
2	8	24
5	7	25
0	9	91
16	18	46
13	16	39
1	5	22
0	2	25
3	7	25
3	7	22
2	4	21
4	9	23
8	13	31
3	3	22
1	4	24
1	8	21
5	12	32
2	8	23
2	8	22
3	9	24
8	14	32
4	5	23
3	6	24
3	6	21
4	9	26
3	9	23
3	9	22
2	8	23
2	8	22
1	5	21
5	9	24
2	5	20
3	6	21
0	3	21
0	3	20
4	8	30
5	8	28
4	9	25
0	1	22
2	3	26
2	3	26
1	2	25
1	2	24
1	1	23
1	1	22
1	2	21
1	2	25
2	1	22
0	2	22
5	6	25
3	6	23
4	5	22
3	5	23
0	13	91
3	3	21
0	13	90
0	12	90
0	12	90
6	6	24
1	5	21
3	6	22
3	7	23
0	5	89
0	3	91
4	6	23
4	10	30
8	13	34
6	11	25
3	6	23
0	24	87
0	6	90
6	10	28
6	9	27
1	10	89
3	7	26
0	3	22
3	8	22
3	10	25
6	12	33
3	3	24
2	4	21
0	14	91
0	16	90
7	7	28
0	9	91
0	9	90
0	3	91
0	-1	90
0	4	91
2	7	22
1	6	22
0	3	21
1	5	23
1	5	22
0	4	21
26	45	90
0	28	90
0	-1	74
5	6	24
4	5	21
0	12	91
4	6	22
3	5	21
5	10	26
3	5	24
2	6	21
2	7	22
2	7	21
2	8	23
0	2	90
1	7	90
0	9	91
4	7	22
3	8	23
5	7	25
7	13	36
1	3	20
1	5	21
0	4	20
0	10	90
0	10	91
7	11	31
2	5	21
0	8	91
0	13	88
7	11	30
6	9	26
4	11	26
3	8	23
4	8	24
4	7	24
2	6	22
3	5	23
3	5	21
3	8	24
3	8	24
0	9	90
1	5	21
5	7	24
5	7	25
5	7	24
10	14	31
0	8	90
0	12	90
2	7	22
4	6	22
4	6	21
4	7	23
4	6	23
6	13	32
6	11	26
3	5	23
7	10	28
6	10	28
4	5	21
0	5	21
4	50	91
3	5	21
4	8	25
2	8	22
7	13	30
3	6	20
3	5	21
3	7	30
7	13	31
7	10	27
3	4	24
8	7	26
5	10	26
0	5	91
5	8	23
5	8	26
0	4	36
4	8	23
3	7	22
2	8	24
1	16	90
0	15	90
3	9	22
3	10	23
4	5	22
3	24	88
0	-1	90
0	9	91
7	9	32
3	8	20
2	6	22
0	12	90
0	15	87
6	12	32
3	4	21
3	7	24
6	11	29
2	10	82
3	8	22
0	7	90
1	5	21
1	4	20
6	7	24
2	5	22
4	8	24
4	8	23
3	8	22
3	7	23
3	10	30
7	10	32
3	5	22
2	5	23
2	4	22
2	6	22
7	11	31
7	10	26
5	12	31
3	8	25
1	7	21
2	6	21
3	6	23
4	7	23
8	11	31
6	11	29
7	12	29
5	8	26
8	9	28
5	4	23
3	5	23
3	5	23
6	5	26
7	11	32
5	8	27
3	8	24
1	3	22
2	7	23
3	7	22
2	4	23
1	4	20
9	15	35
5	12	32
5	11	24
6	9	30
4	8	25
4	7	24
2	6	21
6	10	30
7	10	26
4	8	23
4	8	22
3	7	23
2	5	21
7	10	27
9	11	33
5	6	25
0	10	91
8	11	28
3	8	26
0	7	90
0	12	90
0	11	90
4	6	22
0	34	90
0	33	90
3	7	22
3	5	25
2	5	22
5	10	24
2	8	22
0	13	91
0	21	90
8	10	30
3	6	23
2	6	21
3	10	27
5	7	27
4	7	23
7	7	29
8	13	32
1	18	90
6	9	26
5	8	26
4	9	26
1	10	23
6	10	26
6	14	31
5	11	31
11	13	34
3	6	22
4	6	21
7	10	30
3	6	22
3	8	22
6	8	26
7	12	30
2	6	22
6	9	25
4	9	31
2	5	20
1	7	91
0	-1	91
6	9	29
4	7	22
10	15	34
7	11	30
0	13	90
0	13	91
4	7	23
6	7	28
2	5	23
2	5	22
0	-1	91
4	8	24
0	1	91
1	8	90
6	13	30
0	10	90
0	15	91
0	17	90
4	8	25
5	12	29
5	9	24
6	12	28
5	9	27
5	10	27
6	9	28
0	8	90
0	9	90
0	13	91
3	6	21
1	5	20
9	13	31
6	11	27
5	10	23
0	7	91
0	19	91
5	9	28
4	9	26
3	5	22
2	5	24
3	8	24
4	8	22
4	8	23
4	8	26
5	9	24
5	9	25
6	13	31
3	7	24
3	8	24
4	25	90
2	8	22
1	5	21
0	5	21
0	4	22
3	5	21
8	11	28
7	9	36
3	6	21
3	6	23
6	7	24
9	12	33
5	9	30
5	13	30
6	10	29
6	7	24
8	13	32
9	14	32
2	8	21
0	10	90
0	9	91
5	5	23
8	14	37
5	8	22
6	11	30
0	11	91
1	12	91
3	9	21
7	14	29
5	10	26
5	10	25
1	5	22
2	6	24
2	8	23
7	8	25
1	2	23
4	5	25
2	5	21
2	6	22
8	11	31
4	6	23
0	9	91
0	12	91
0	29	91
8	12	34
7	8	27
1	13	90
2	6	21
5	5	26
4	6	22
4	6	24
4	7	27
5	6	28
4	8	28
6	11	28
0	11	90
0	11	90
3	9	22
2	4	21
0	8	83
3	8	32
0	13	91
0	14	90
0	9	90
0	13	90
0	18	90
0	9	91
0	9	91
3	8	21
6	8	25
0	6	90
0	11	90
6	8	26
7	10	30
2	6	22
0	10	90
0	10	91
5	8	30
4	8	26
0	28	90
5	9	28
4	8	27
4	4	23
4	7	24
5	10	30
6	10	28
4	6	23
0	4	21
0	5	91
6	8	24
7	7	26
6	8	25
9	9	33
8	9	30
12	13	36
5	9	26
7	11	32
4	7	25
3	21	91
0	6	20
4	8	22
2	6	23
0	12	90
0	4	90
0	13	91
0	10	90
0	12	91
3	10	23
2	7	23
6	12	30
6	10	26
7	10	26
3	6	24
3	6	22
0	12	91
3	5	22
3	5	22
3	5	20
4	5	23
6	11	32
6	5	24
3	8	22
3	7	21
0	8	90
0	8	91
0	-1	89
0	9	91
0	12	91
0	6	89
9	10	31
0	6	91
0	12	91
0	10	90
0	4	91
3	8	23
4	7	23
4	7	23
4	7	24
4	5	23
2	2	21
0	8	89
5	9	27
2	7	23
8	9	31
0	8	91
0	10	91
3	3	24
4	8	26
4	6	23
1	12	88
9	13	32
4	11	90
0	8	90
0	11	90
4	6	26
3	7	22
3	7	22
4	9	25
2	10	26
0	7	90
0	7	91
1	2	22
2	6	22
2	6	22
2	6	22
3	5	23
3	5	22
4	8	23
0	10	90
0	10	91
1	4	23
0	4	22
0	4	21
6	11	30
5	8	26
0	6	91
0	12	91
0	6	91
0	9	89
1	4	21
7	13	32
4	9	25
2	7	22
0	25	90
5	10	32
2	4	22
0	9	89
0	11	90
2	5	21
1	8	90
0	9	90
0	9	91
0	9	91
0	7	90
3	9	22
0	3	21
0	11	90
0	15	91
0	7	91
0	7	91
5	9	31
3	10	25
6	13	30
0	6	24
3	9	23
6	6	23
3	6	25
0	10	91
0	13	90
0	10	91
0	-1	90
2	6	22
8	9	33
8	11	28
9	14	36
5	11	37
6	8	31
9	13	33
5	9	30
5	7	27
5	7	28
6	11	31
7	11	34
11	12	36
4	4	21
5	8	28
2	5	22
0	14	90
2	6	23
6	7	26
3	4	25
4	10	31
5	9	26
5	5	24
4	8	24
2	5	22
1	4	21
0	4	23
3	4	23
2	3	21
4	8	25
0	5	21
0	14	91
0	12	91
0	3	20
9	9	30
0	12	91
2	4	21
0	4	22
0	5	22
4	9	29
0	-1	91
0	13	90
6	9	31
6	7	32
4	9	26
2	6	21
4	10	26
0	18	91
2	7	23
7	10	29
3	8	22
1	9	90
1	7	91
4	6	21
2	5	23
3	6	23
8	11	30
2	5	21
2	6	22
3	3	24
4	24	91
0	5	90
1	7	22
2	5	21
1	5	21
0	10	90
0	13	91
7	7	25
5	5	24
1	3	22
6	8	23
4	6	23
4	9	22
2	7	22
3	7	23
0	10	91
0	5	91
9	12	27
0	37	88
2	6	21
5	11	30
6	9	27
0	9	90
0	8	91
0	10	90
2	4	23
0	-1	90
0	13	91
0	20	90
2	4	22
2	3	21
0	8	91
2	5	20
0	10	62
0	9	62
0	10	91
0	-1	90
0	13	90
0	6	91
0	13	90
3	6	22
3	5	21
7	7	29
0	12	91
0	11	91
0	21	90
0	8	91
0	10	91
5	8	23
0	26	90
1	10	91
0	9	91
3	7	23
4	7	26
0	11	91
0	10	89
1	3	20
0	4	22
3	5	30
7	21	90
3	5	21
1	4	21
5	8	24
0	11	90
0	8	91
2	3	21
0	11	91
0	15	91
0	11	88
1	11	90
6	10	32
6	9	29
1	-1	91
3	8	23
4	7	22
2	8	31
3	6	24
5	13	31
5	12	30
6	11	31
3	3	23
2	9	24
2	5	21
1	4	21
9	7	30
8	10	32
3	4	22
4	7	25
5	7	23
4	7	24
3	6	22
0	3	91
0	7	91
0	4	73
8	12	31
3	6	22
4	7	24
6	5	34
5	11	28
2	7	23
3	9	26
3	7	25
6	10	30
2	8	24
2	7	23
4	7	23
3	8	25
3	9	23
0	9	91
0	5	90
2	5	22
3	5	22
2	8	25
3	7	23
1	7	21
3	8	22
0	15	91
0	17	91
2	10	26
4	6	24
4	9	31
8	7	27
8	14	34
2	8	23
4	6	22
8	9	32
5	8	27
0	25	90
7	10	33
7	8	24
3	6	21
3	8	23
5	7	25
9	14	33
5	6	27
0	4	91
5	10	23
5	7	25
5	5	22
2	6	21
3	7	23
0	0	23
7	12	31
4	9	26
3	9	25
4	9	23
6	9	25
4	8	25
4	7	25
3	6	24
3	6	23
4	8	24
5	7	24
2	4	20
4	8	24
2	8	24
5	6	31
4	9	23
5	10	25
0	8	91
0	8	90
1	4	21
2	7	20
3	8	23
4	8	21
3	6	21
2	5	23
3	6	21
4	9	26
1	12	90
5	7	23
2	6	24
1	6	21
3	6	26
1	4	22
2	9	21
0	12	91
0	6	91
5	6	25
0	4	90
2	6	20
1	7	22
3	5	23
1	2	22
0	2	21
1	10	91
1	4	22
7	11	27
8	9	27
3	8	21
5	10	27
3	5	22
2	4	24
6	9	30
0	24	91
0	21	91
6	9	27
4	6	23
4	7	26
6	9	26
2	6	21
4	8	23
2	8	21
4	6	22
5	9	25
5	7	24
5	10	25
8	10	31
4	8	21
6	10	30
3	6	22
1	2	22
3	6	23
1	7	22
2	5	21
2	7	22
5	7	30
7	5	25
2	6	23
2	7	23
2	6	22
2	5	20
6	8	25
7	10	25
4	9	24
3	8	23
5	9	26
2	7	23
3	6	22
1	27	80
2	7	22
0	17	90
0	7	91
3	6	22
0	16	90
0	13	90
5	7	29
0	8	91
0	10	70
0	8	90
0	12	91
0	4	80
5	10	31
6	9	29
7	8	26
3	7	23
0	10	88
0	9	91
4	7	24
4	7	23
3	5	23
2	4	23
4	5	24
6	32	91
5	33	91
6	32	91
5	15	90
3	13	91
3	5	24
3	6	25
2	4	23
1	21	90
8	11	30
7	10	27
3	7	23
0	4	21
0	7	91
1	9	91
2	5	22
4	8	26
3	8	25
3	8	24
0	10	91
1	12	91
0	5	22
5	26	91
3	8	24
2	7	23
0	14	90
0	23	90
0	12	85
2	9	25
2	9	24
0	16	91
0	11	91
6	8	24
0	-1	89
0	4	90
3	7	22
3	7	21
1	4	20
2	5	21
3	6	21
4	7	23
3	7	21
2	5	21
0	9	90
0	12	89
0	3	21
6	10	25
4	8	23
0	13	91
0	7	90
0	11	22
0	5	90
0	10	91
4	6	21
23	24	56
0	12	67
0	13	67
4	7	28
4	9	24
5	10	25
5	7	23
2	4	22
4	7	23
0	18	90
1	5	20
3	4	20
6	11	30
3	8	23
10	12	38
6	8	27
0	13	91
6	8	30
0	4	21
5	7	26
5	7	26
6	8	26
5	8	30
0	8	90
0	20	88
0	8	91
1	6	23
4	6	23
4	8	25
5	10	28
5	10	29
4	12	33
3	8	24
5	9	25
7	15	34
4	13	35
5	12	35
6	12	32
5	12	31
5	9	25
2	8	25
5	12	28
8	12	33
2	4	22
2	7	25
2	6	21
9	14	32
7	11	25
0	13	91
0	8	61
6	10	30
1	3	20
4	7	27
0	9	91
0	12	90
5	10	30
3	10	30
3	10	25
4	10	26
5	12	30
4	8	24
4	8	23
5	9	24
4	10	25
0	11	90
0	14	90
5	9	24
4	8	24
1	4	24
0	13	91
0	-1	91
1	7	90
0	7	91
6	9	33
5	7	23
4	7	30
3	7	32
2	6	22
0	5	91
3	6	22
1	10	90
0	12	90
4	10	30
0	9	91
3	7	26
4	10	26
3	7	23
5	8	24
3	10	25
4	10	25
4	11	28
4	9	26
4	10	25
3	7	26
8	10	32
2	6	22
3	8	26
3	4	21
2	3	24
1	2	22
2	2	22
0	9	90
0	5	90
3	5	21
0	13	90
0	17	91
0	19	90
0	25	90
1	4	20
8	8	32
3	5	24
3	7	26
2	6	21
0	7	90
0	12	91
3	3	22
1	16	85
0	10	85
0	5	91
2	6	23
1	7	20
0	5	90
0	11	91
5	8	23
6	6	24
7	8	26
8	9	26
6	8	25
6	8	24
2	5	23
5	7	25
2	6	23
0	10	90
0	4	20
1	2	21
0	9	90
0	12	91
4	7	22
0	17	89
0	20	91
0	-1	91
5	8	25
1	3	22
0	5	90
4	6	27
2	6	21
0	2	24
1	2	23
0	1	22
0	2	22
0	8	91
0	11	88
0	12	88
0	3	90
0	3	91
0	8	91
0	12	90
0	11	91
0	13	91
0	10	91
8	11	27
0	12	91
0	8	91
2	7	21
2	6	22
2	5	22
7	8	27
0	11	91
0	8	90
4	6	22
3	5	23
5	8	26
6	7	26
6	8	24
8	8	31
0	7	91
6	10	28
6	9	27
1	18	90
1	9	90
9	10	32
8	10	31
0	9	66
2	6	22
2	8	23
2	6	21
2	5	23
3	6	24
3	6	24
6	7	23
7	8	26
7	10	27
0	11	91
0	11	91
4	10	30
4	6	24
3	5	21
0	7	91
4	6	30
0	3	21
0	10	90
9	11	32
0	11	91
0	13	90
0	9	91
0	18	90
7	7	23
0	8	91
0	8	91
0	9	90
2	3	23
1	2	22
1	5	22
2	5	23
0	3	20
6	5	24
1	5	22
6	4	27
5	5	26
3	4	22
0	12	91
3	8	22
4	8	22
8	11	28
0	4	20
0	10	91
3	6	23
5	8	25
4	8	25
4	8	24
4	8	23
3	7	22
5	11	30
0	18	91
6	6	26
4	8	28
5	7	26
5	7	27
0	8	91
3	5	25
3	6	21
3	6	23
2	4	26
4	5	24
3	4	22
4	3	23
4	4	25
3	4	23
2	4	24
3	3	25
3	2	25
5	10	30
3	4	22
0	3	81
0	4	81
5	7	25
10	22	50
7	12	32
2	4	21
2	4	22
1	3	22
0	3	22
3	6	22
3	6	25
4	5	26
3	4	23
3	4	22
0	10	91
1	5	91
2	7	21
4	8	25
4	7	25
3	7	22
0	2	23
0	2	22
1	2	21
0	2	20
0	2	20
3	6	22
2	5	22
3	5	21
3	7	22
3	6	21
0	-1	86
0	13	91
6	10	30
0	0	91
3	4	25
2	6	22
4	5	24
1	6	91
0	9	90
0	11	91
0	13	90
5	10	30
2	6	22
2	6	23
3	5	23
0	27	90
0	6	90
0	9	88
0	2	21
0	3	20
0	13	91
3	6	21
0	2	21
2	8	23
0	-1	91
0	3	21
1	21	91
4	7	22
1	3	21
0	3	21
0	3	22
2	6	22
2	3	22
3	24	90
0	14	91
2	7	24
5	7	25
3	5	22
0	8	88
0	9	91
0	15	91
0	9	91
4	9	30
5	8	25
2	4	22
0	6	91
8	9	28
0	9	74
10	11	31
4	8	26
1	5	23
2	5	22
0	9	91
2	3	21
0	7	91
2	6	21
0	7	91
7	5	28
3	6	22
8	6	28
5	10	25
0	11	91
0	11	91
2	5	20
1	5	20
0	4	21
0	10	87
3	5	21
3	7	22
3	6	21
4	8	21
0	33	91
3	6	23
0	2	91
0	2	53
1	14	90
0	12	90
0	13	91
0	-1	91
7	8	27
0	5	91
0	6	91
0	6	90
0	8	90
3	10	26
2	10	22
5	8	31
9	8	30
2	6	22
0	9	85
0	0	23
4	5	23
0	12	90
0	13	91
0	16	91
8	12	30
2	5	22
1	7	23
3	7	24
1	3	21
2	3	20
5	8	24
1	4	90
1	3	91
3	6	22
3	7	23
6	10	31
4	8	23
4	8	22
4	7	24
3	9	25
4	8	23
3	8	23
1	9	89
0	10	89
6	13	32
4	5	24
2	7	22
3	9	22
3	9	24
1	3	22
8	11	33
6	9	24
3	9	30
3	6	24
9	13	36
2	4	23
4	6	26
7	10	30
10	11	33
4	6	24
0	18	91
0	15	91
2	44	90
7	9	30
1	4	22
7	8	32
7	8	31
1	7	24
4	11	30
0	8	91
1	7	22
7	13	30
1	3	23
3	5	22
2	5	20
2	6	21
9	14	33
7	14	33
1	4	24
0	1	22
0	4	22
6	8	27
5	9	31
2	7	23
1	11	91
4	8	24
4	9	27
3	8	25
3	8	24
4	5	24
1	3	21
6	9	27
6	7	24
7	8	26
0	5	91
7	17	32
2	4	23
3	7	27
4	6	27
7	13	34
9	14	32
2	8	23
0	-1	91
6	11	30
0	11	90
0	9	90
0	13	90
0	14	91
0	12	91
0	13	90
0	12	89
0	12	90
0	10	81
0	14	91
0	15	91
0	12	90
0	13	91
0	13	91
0	15	90
0	15	90
1	15	83
0	14	83
0	14	91
0	12	90
0	12	90
0	12	91
0	13	91
0	5	42
0	13	90
0	10	67
0	15	91
1	13	91
1	14	91
0	12	90
0	13	90
0	16	90
0	12	90
1	15	90
0	23	91
0	6	91
1	15	89
0	14	91
0	20	91
0	12	91
0	12	91
0	11	91
0	12	90
0	9	69
0	10	79
0	11	90
0	15	91
0	14	90
0	12	91
0	12	91
0	12	90
0	12	90
0	13	90
0	11	90
1	13	90
0	13	91
0	13	90
0	10	90
0	12	91
0	14	91
1	4	23
0	11	91
0	12	90
0	7	76
5	8	22
2	8	23
4	7	22
5	10	29
4	8	25
6	11	27
2	7	22
3	7	21
2	7	21
3	3	22
0	6	90
0	7	91
0	9	91
8	10	35
0	14	91
4	6	23
6	10	31
4	7	22
7	12	34
7	12	33
6	9	27
3	5	22
11	14	41
7	12	35
13	14	43
13	13	40
9	11	33
12	12	41
11	12	36
0	10	82
0	8	82
3	5	23
4	8	25
5	9	28
6	11	30
7	11	26
7	10	28
7	10	28
0	15	90
6	10	33
3	8	24
8	10	27
8	11	32
8	10	28
4	11	31
3	6	21
2	6	21
5	7	24
2	6	24
3	6	22
2	7	24
2	7	22
6	14	34
9	15	36
6	11	26
1	17	91
2	6	22
3	7	24
3	7	23
3	8	28
3	9	23
4	7	24
3	9	23
5	7	22
4	8	23
4	7	24
1	4	90
2	6	91
3	7	25
2	6	24
3	6	22
3	7	23
2	6	21
2	7	21
3	7	24
0	8	91
0	6	91
2	3	21
5	10	24
8	10	27
4	7	22
4	12	25
7	14	33
3	6	22
9	16	36
5	7	25
6	12	28
5	11	30
3	7	24
3	9	22
5	7	30
2	3	22
5	8	22
4	6	22
4	6	23
4	36	90
4	7	21
2	7	23
3	7	23
3	6	23
6	12	27
0	5	91
0	10	91
2	6	20
2	4	21
2	5	20
8	8	33
3	7	21
3	7	22
0	13	90
0	9	89
0	9	91
2	6	22
0	5	21
8	12	30
1	3	35
0	12	90
0	-1	91
3	9	26
0	7	91
4	7	23
3	6	23
4	8	23
5	11	30
5	4	24
2	8	21
0	12	90
3	5	23
3	8	23
3	7	22
4	7	21
2	3	23
2	7	22
4	8	25
3	8	23
3	6	22
2	7	24
7	12	30
4	5	23
5	8	28
2	10	48
3	9	21
0	9	90
0	9	91
3	4	22
1	9	21
0	15	91
0	12	90
4	8	21
9	11	31
3	8	24
9	14	38
1	2	21
3	6	24
3	6	23
5	14	30
3	7	23
5	8	24
4	8	24
3	11	23
3	8	26
2	7	22
2	8	20
1	4	21
3	9	25
4	9	28
4	9	25
8	9	29
6	9	27
6	10	31
6	12	31
3	6	23
6	11	31
4	7	24
0	9	91
0	11	91
7	7	32
3	11	31
2	7	23
4	9	24
4	9	23
2	9	22
3	8	21
4	9	30
6	8	27
3	16	91
4	6	26
2	7	21
6	7	27
1	6	21
9	11	32
6	9	25
9	11	32
1	3	75
1	11	90
4	6	23
1	4	22
1	5	21
0	35	90
0	10	91
7	9	25
6	6	21
3	7	23
13	18	42
9	11	32
9	13	32
8	12	31
9	11	31
3	5	22
7	9	28
7	10	30
8	10	28
8	10	30
11	14	33
4	8	27
4	7	24
6	13	32
5	10	32
2	7	20
3	6	23
6	7	30
7	6	27
1	9	91
0	3	91
0	4	90
4	8	25
7	11	33
3	6	21
10	10	34
10	12	33
7	10	28
11	15	35
5	8	23
5	8	24
5	7	23
7	9	26
2	7	21
5	8	26
7	9	24
7	9	25
7	9	26
7	11	27
9	12	32
6	8	30
6	11	28
4	10	26
3	7	20
2	4	21
3	4	21
7	14	35
5	8	24
3	6	23
4	11	25
8	12	31
5	7	22
4	10	25
3	7	23
10	14	37
8	12	30
8	12	29
7	12	33
9	12	32
7	13	32
0	11	91
0	8	91
4	10	25
4	7	27
3	6	22
4	7	21
5	9	26
8	12	33
3	8	23
5	8	24
1	6	20
3	6	22
1	6	20
7	7	24
8	12	29
2	6	23
0	37	90
0	7	91
0	10	91
4	8	25
5	7	24
3	6	23
2	7	22
2	6	22
2	4	21
1	5	21
3	4	23
1	3	22
0	-1	90
0	5	91
4	7	24
0	5	90
0	6	91
3	7	21
4	6	25
3	9	24
3	8	23
4	7	23
6	13	31
8	8	26
3	6	23
2	7	23
3	7	21
3	9	25
3	9	25
0	-1	90
0	14	91
0	6	52
7	10	26
3	8	22
2	6	22
0	7	91
4	5	23
0	6	45
0	3	87
1	6	23
1	8	23
4	7	30
3	7	22
8	10	26
0	9	91
0	6	87
5	10	32
4	10	23
5	8	30
2	7	23
4	8	25
5	6	26
0	6	80
1	6	80
8	11	27
8	9	33
8	11	32
0	6	91
0	9	91
0	8	90
5	8	24
3	8	23
4	5	21
6	8	28
10	10	32
10	11	31
1	4	22
0	10	89
0	9	91
0	5	90
6	11	28
8	9	35
3	5	21
3	5	21
3	11	26
0	5	20
0	8	90
6	7	30
3	6	22
0	17	91
1	3	21
7	11	26
5	15	35
5	7	24
3	10	26
1	7	83
0	9	90
5	10	23
0	3	22
7	9	31
4	9	31
2	4	24
0	15	91
0	3	21
0	3	22
7	10	25
0	25	90
0	22	90
0	22	90
0	-1	90
0	7	58
1	19	91
0	18	91
0	5	35
0	3	25
1	4	30
4	5	23
4	5	21
3	5	22
8	6	31
3	7	23
4	8	24
3	7	20
0	32	90
4	6	21
3	5	22
2	6	24
4	8	23
8	11	30
8	12	32
8	11	28
8	11	31
5	7	23
7	9	31
0	8	91
1	9	90
7	11	28
5	9	31
7	9	26
2	5	20
0	5	90
7	6	26
2	6	22
2	4	20
7	10	28
0	6	90
0	19	91
3	23	89
0	8	90
0	9	90
2	4	24
2	4	22
1	5	23
6	10	29
7	12	33
4	8	23
2	3	21
1	4	20
6	11	31
4	8	26
5	10	25
4	8	24
4	7	23
8	10	30
7	10	28
6	10	31
4	7	24
5	8	24
5	9	24
8	12	32
2	9	25
2	8	24
3	6	24
7	9	26
3	8	24
5	6	25
7	10	27
0	14	90
0	11	91
3	6	24
6	9	27
7	9	30
0	16	90
0	14	90
4	8	22
4	8	22
9	12	28
6	10	27
6	9	26
8	11	37
3	9	31
0	6	90
0	5	91
3	6	22
2	6	24
2	8	24
5	7	25
5	8	30
4	7	24
2	6	21
3	7	25
3	6	23
5	10	27
3	10	27
4	9	26
6	13	30
3	8	25
4	9	24
12	13	37
5	8	27
7	11	27
9	13	32
6	8	25
3	6	22
3	7	24
3	6	25
3	5	22
4	8	21
4	7	22
3	4	22
7	9	29
0	10	90
0	10	90
4	9	23
5	9	24
2	7	22
1	4	21
6	10	31
7	21	90
2	6	20
4	7	23
0	13	88
8	7	26
2	7	22
3	5	23
1	11	90
2	7	22
7	7	27
5	11	30
1	4	22
0	13	90
0	9	90
0	11	81
3	9	22
0	7	90
5	11	31
9	13	35
10	14	34
11	14	33
9	14	35
3	7	26
1	4	23
2	3	20
5	7	23
0	5	23
1	4	22
7	9	26
3	5	22
0	11	91
7	7	27
0	8	91
1	11	91
0	20	90
1	3	22
0	8	91
2	6	23
2	4	23
0	9	91
0	10	91
0	1	21
0	9	90
0	11	91
0	12	91
4	5	24
3	4	23
3	5	23
2	4	22
2	4	21
4	5	22
2	5	21
0	17	91
4	7	22
1	1	23
7	11	31
0	7	91
2	6	22
5	9	30
2	5	22
0	8	91
0	6	91
3	8	27
0	12	91
1	15	91
0	13	91
0	11	90
0	9	90
0	11	90
0	10	91
6	26	91
0	3	91
0	13	89
0	7	91
0	6	91
2	4	22
3	5	24
3	5	22
3	6	20
0	15	90
0	15	91
0	4	21
0	16	90
6	6	26
0	11	89
4	7	30
9	14	38
12	15	37
0	13	91
0	13	90
2	3	22
4	8	24
0	11	91
0	14	91
6	7	25
0	13	91
0	8	90
0	5	90
0	10	90
0	10	91
4	9	26
3	7	22
4	11	30
6	11	31
3	7	23
2	8	22
2	6	22
0	21	90
5	9	27
0	7	90
0	6	91
4	7	23
2	6	21
3	8	22
2	6	22
2	8	22
4	9	24
3	8	23
2	9	22
3	6	23
2	6	23
2	6	22
3	4	21
3	10	24
3	7	20
5	10	30
6	9	26
7	11	31
5	7	25
5	7	26
10	15	32
8	13	34
7	11	34
6	10	28
6	11	27
5	9	30
4	10	30
1	5	21
5	10	24
4	7	25
4	8	23
6	8	25
3	8	22
3	40	91
3	6	23
3	7	22
3	5	21
0	8	89
0	3	91
1	12	90
5	7	25
5	8	26
0	5	22
2	5	21
0	3	21
4	7	22
5	13	30
1	4	21
2	4	22
2	7	21
2	5	22
10	11	37
7	9	28
0	8	91
0	10	90
9	11	31
7	10	28
2	11	90
8	10	32
0	12	90
4	6	22
5	9	28
5	7	23
4	11	25
12	14	35
3	6	24
4	8	25
8	12	32
4	12	31
6	8	27
9	10	33
5	12	30
7	12	26
4	8	25
4	8	24
3	8	24
4	8	24
5	6	31
2	3	20
2	5	21
3	5	24
3	5	22
1	4	23
2	4	23
4	9	25
2	11	23
4	8	23
3	9	22
3	9	24
6	8	26
7	9	26
6	6	28
3	37	89
0	7	90
0	8	91
0	2	46
3	10	25
2	4	21
3	5	23
3	8	24
3	5	23
9	12	32
6	8	31
0	2	52
5	10	29
7	10	29
6	8	26
3	8	23
1	12	89
0	10	89
1	6	20
8	8	28
8	8	25
6	7	25
10	9	32
3	8	21
2	7	22
4	7	22
2	10	22
3	6	22
0	6	91
4	8	23
6	9	31
2	9	25
6	10	31
3	4	23
7	10	27
6	9	25
0	10	91
5	9	25
6	11	28
6	12	32
7	10	31
4	13	27
4	9	27
5	10	25
0	14	91
0	16	91
5	10	30
4	9	26
5	10	25
3	8	24
4	8	23
3	10	25
3	9	24
2	5	24
3	5	23
2	5	22
2	5	23
2	5	23
2	6	23
2	5	22
9	11	32
7	8	29
2	5	21
3	9	23
0	8	91
3	5	22
12	13	39
0	10	90
0	7	90
3	6	22
4	7	24
2	6	20
5	9	25
3	6	21
7	8	31
0	9	90
4	6	23
4	7	25
0	7	91
0	6	91
6	11	30
8	10	27
5	11	26
0	3	22
1	3	21
7	10	24
6	7	26
5	9	26
0	15	91
0	17	90
6	8	23
2	4	20
10	10	33
6	9	26
9	12	28
8	12	29
0	8	91
0	6	90
5	7	23
3	7	23
1	4	20
6	11	31
2	4	24
2	5	21
0	13	91
0	9	89
7	9	25
8	10	27
5	10	30
10	10	33
9	11	32
8	13	32
10	10	31
8	11	30
0	4	21
8	11	27
0	22	90
5	11	26
3	6	23
9	11	33
9	13	33
10	11	31
8	12	31
5	8	26
4	33	90
6	8	25
5	9	30
0	6	90
0	8	91
1	5	20
5	8	22
0	3	21
3	5	22
3	5	24
2	4	21
3	5	22
2	6	20
4	5	23
6	11	30
2	6	21
6	9	30
6	9	31
5	11	32
5	10	31
8	7	26
2	6	22
3	7	24
3	8	26
5	9	27
5	9	28
3	6	23
3	7	25
5	14	32
4	8	26
4	7	27
4	7	24
3	10	26
4	8	26
4	7	25
3	6	23
3	6	23
4	7	23
7	10	27
2	4	23
3	7	21
7	9	30
0	14	90
0	14	91
1	22	90
3	6	25
2	7	23
2	5	22
3	5	21
5	9	30
5	9	28
5	8	26
5	8	33
3	8	26
4	10	29
0	10	91
5	7	23
5	7	26
4	5	22
7	9	25
5	8	24
0	10	91
0	12	91
0	2	21
2	5	22
6	8	26
7	8	30
4	8	22
8	10	31
5	8	25
5	11	30
3	7	23
6	11	31
4	7	25
3	5	22
7	11	32
2	3	25
2	4	23
4	9	23
0	10	91
0	9	91
6	9	24
4	6	24
6	11	30
7	10	27
7	11	30
6	11	26
7	10	25
2	5	23
2	6	22
5	6	27
0	-1	90
0	13	91
2	5	21
1	11	91
2	11	91
4	6	22
2	5	22
6	8	24
0	20	90
7	10	28
4	6	22
0	8	91
0	7	91
0	22	90
3	8	24
0	12	91
0	12	91
3	6	21
0	6	90
0	8	91
9	12	29
7	12	27
3	8	23
4	9	26
5	9	28
4	7	21
3	5	21
4	5	23
1	5	21
2	5	26
5	4	26
5	6	25
0	5	25
3	7	23
5	6	26
3	5	24
4	5	23
6	10	32
4	6	21
1	6	23
2	7	21
5	7	25
3	5	23
3	4	22
3	5	23
4	8	22
5	6	25
2	7	23
1	6	21
7	13	31
2	6	23
5	10	26
4	8	25
9	8	27
5	9	25
8	9	26
1	4	22
3	5	20
3	5	26
3	3	25
3	4	24
4	4	23
4	4	24
4	4	31
2	4	22
2	4	21
2	4	20
0	3	20
4	7	23
3	7	23
0	4	91
0	4	90
0	8	91
0	3	91
1	4	21
2	4	22
0	7	46
5	8	24
5	7	25
2	6	21
3	7	24
3	8	24
3	7	21
6	12	30
7	9	29
4	9	23
0	13	91
5	8	27
7	8	24
6	15	30
9	15	36
1	3	90
5	8	24
8	14	31
4	6	24
1	3	24
1	4	22
1	4	21
2	4	25
1	3	23
3	6	30
6	16	33
6	12	29
5	10	26
3	9	24
3	9	24
6	9	24
8	12	34
8	11	32
8	14	34
6	13	33
7	7	26
3	5	25
4	7	33
1	5	22
5	6	25
3	7	25
3	7	24
2	7	23
2	6	22
8	11	34
4	7	26
0	5	90
0	3	90
6	10	29
8	13	33
6	8	30
0	9	90
0	13	91
1	6	30
3	6	25
3	10	25
5	8	23
0	15	91
4	12	30
3	10	22
2	9	22
6	7	27
0	9	90
0	10	91
2	5	21
5	7	26
3	5	23
2	5	23
2	5	23
2	4	21
3	4	23
4	4	24
3	4	22
5	5	23
4	5	25
2	6	22
3	7	22
1	13	90
3	8	23
8	14	33
1	27	90
5	8	24
2	7	26
2	6	22
2	6	23
1	3	21
0	4	22
4	8	30
1	5	22
0	14	91
0	5	91
1	3	23
0	4	21
1	3	22
0	10	91
10	13	37
9	10	34
8	10	29
7	10	29
5	8	26
0	14	91
0	8	90
0	12	90
0	12	91
0	8	91
0	14	90
0	12	90
0	13	91
0	13	91
1	13	91
0	13	90
0	12	91
0	6	91
5	8	26
1	4	20
0	16	90
0	15	91
5	8	26
4	6	22
0	12	89
1	7	20
5	7	25
1	8	23
4	9	24
9	9	27
6	9	27
5	8	25
2	6	23
2	8	26
4	8	23
5	9	23
10	13	38
0	8	88
4	7	23
0	6	91
0	11	91
1	5	20
6	13	31
0	6	90
0	12	91
4	12	31
1	9	90
5	3	24
8	8	32
7	10	27
8	9	33
6	9	27
6	11	25
10	8	31
7	7	31
1	9	91
1	4	20
6	8	21
7	10	27
7	13	31
4	7	21
0	11	90
6	8	30
0	11	91
0	11	90
8	12	36
3	6	24
3	8	20
3	10	23
9	8	31
4	8	22
4	7	22
3	7	22
7	15	34
7	9	31
8	10	30
5	11	26
8	13	33
9	12	31
8	10	33
0	19	90
0	4	22
0	15	90
1	13	90
6	10	26
7	11	27
4	7	24
3	7	21
6	7	23
4	13	31
7	11	29
8	10	30
8	12	30
9	8	30
7	9	31
6	11	28
6	8	26
4	6	25
3	7	24
3	6	23
4	7	25
3	7	23
4	8	23
2	7	22
3	7	30
6	13	33
3	9	24
3	9	24
3	6	24
3	6	22
3	7	23
4	7	21
3	8	21
7	10	30
3	5	21
6	8	30
7	11	28
3	9	25
4	9	22
2	6	22
5	6	26
0	6	91
0	8	90
7	10	30
2	6	20
0	5	91
0	3	90
4	7	22
6	8	24
2	5	23
2	5	21
1	6	20
0	7	90
0	8	90
8	10	31
4	10	30
0	11	90
1	5	20
4	8	23
4	8	22
12	16	41
0	6	91
2	4	21
7	10	30
5	9	27
0	5	20
3	8	25
6	8	28
4	8	27
3	10	25
7	9	32
0	8	91
0	18	90
0	7	90
0	10	91
0	6	91
2	9	25
0	12	91
0	13	91
4	11	25
0	8	91
0	8	89
5	8	24
0	8	90
2	5	21
1	5	20
2	6	22
0	11	89
0	13	89
7	12	33
3	6	23
2	6	20
2	7	21
3	9	24
4	9	23
8	10	31
5	7	24
8	16	37
2	4	22
3	7	23
4	8	23
3	4	24
0	16	91
0	19	90
8	7	25
5	10	33
5	9	30
3	7	24
4	6	23
4	8	22
3	7	21
3	6	22
3	8	23
2	7	21
3	6	20
7	10	30
7	9	32
0	17	91
0	-1	90
2	5	22
11	11	33
4	7	22
6	8	23
8	10	32
0	12	91
0	8	91
3	7	25
3	6	22
4	5	23
3	5	22
2	7	21
2	6	23
2	6	23
2	7	22
10	14	33
9	14	32
7	15	29
10	12	33
6	9	24
0	14	90
2	6	21
2	4	21
6	9	31
11	10	34
9	8	26
3	7	23
3	7	23
2	5	22
5	11	31
3	6	22
1	5	20
2	6	22
2	6	22
1	6	24
2	28	88
6	7	26
1	7	22
6	9	31
4	10	26
4	11	27
2	5	20
6	5	26
6	11	31
3	7	24
2	8	23
7	11	30
4	7	25
4	6	24
4	6	23
3	4	21
2	7	23
6	11	30
0	15	90
0	13	90
2	8	23
2	5	23
8	10	31
4	9	25
1	12	91
0	9	72
6	7	24
5	7	29
4	6	24
1	16	91
1	11	90
0	8	90
0	9	90
0	9	90
4	9	27
5	7	23
0	8	90
0	9	91
4	9	23
2	9	22
0	11	91
5	17	31
8	15	33
7	7	30
1	14	91
6	7	31
0	9	91
0	10	91
2	4	21
0	1	22
2	6	20
0	9	91
1	5	21
3	5	30
4	5	22
7	6	25
2	6	25
3	6	24
1	4	21
0	2	22
0	14	90
0	3	21
0	7	91
0	8	91
0	11	91
6	6	24
0	8	91
3	5	23
0	14	90
2	7	22
2	7	22
0	15	91
0	16	91
3	6	24
5	7	27
5	8	27
5	7	26
5	8	25
5	8	28
5	8	27
5	8	25
3	7	26
4	7	26
4	7	24
3	7	26
3	7	24
3	7	23
2	6	22
2	5	22
1	4	23
3	11	25
3	8	22
2	5	21
4	9	26
0	22	91
3	6	22
1	4	21
0	13	90
5	9	31
0	7	81
1	8	81
1	39	88
0	40	91
5	13	30
5	13	31
5	10	23
1	4	22
1	4	21
0	11	63
0	3	63
0	11	90
0	10	91
0	10	90
4	7	24
2	3	23
1	7	91
3	7	24
0	3	21
4	5	25
5	8	24
9	13	32
2	6	30
0	3	91
0	2	91
9	13	33
4	10	30
2	6	21
2	4	22
2	6	24
5	7	24
2	9	91
2	11	90
1	4	20
4	7	24
0	5	91
1	15	90
0	9	90
0	8	90
4	10	31
0	4	91
4	6	23
2	7	21
4	7	22
3	7	23
3	7	25
2	9	23
3	7	23
7	10	33
6	11	27
6	6	31
2	6	24
0	10	90
0	12	89
4	4	23
6	7	27
4	7	23
2	3	21
1	36	90
3	4	24
4	6	25
4	6	25
6	12	35
3	6	23
1	5	20
1	15	91
0	8	91
0	8	90
7	9	26
4	7	24
5	8	24
3	7	23
0	9	90
0	9	90
1	5	20
3	6	24
1	3	20
0	16	91
0	-1	89
0	3	91
0	13	90
1	4	20
1	7	22
2	9	24
3	8	23
6	11	31
1	3	22
5	7	26
0	3	26
3	6	22
3	6	21
3	6	20
6	7	26
6	9	30
9	6	29
3	7	23
3	6	23
2	3	21
6	7	26
4	7	22
8	14	34
5	8	31
5	5	25
1	4	90
7	9	31
6	8	30
5	7	31
5	8	30
3	7	23
3	7	25
4	7	24
4	9	26
3	8	22
8	10	31
7	8	26
1	7	89
1	5	91
7	8	28
6	11	31
3	8	23
1	7	21
3	8	20
4	8	30
6	7	26
1	4	22
0	5	20
5	8	23
6	8	26
2	8	21
5	6	24
1	6	23
9	13	28
3	6	22
2	6	23
0	10	90
0	10	91
1	4	20
7	8	27
6	7	26
4	8	22
0	11	61
6	12	33
9	12	31
2	5	22
6	15	31
4	6	24
5	8	25
3	8	22
2	5	21
3	5	22
1	4	24
2	6	23
0	19	89
5	8	26
4	8	24
2	6	20
4	10	30
6	7	30
1	5	21
2	6	23
2	6	21
5	9	30
0	10	90
2	6	23
2	6	21
2	6	22
3	5	23
4	6	25
4	5	22
2	19	90
2	9	22
5	6	26
6	10	29
2	5	20
2	6	25
3	5	25
2	5	22
5	7	24
0	17	91
2	6	22
3	6	21
4	9	32
1	6	21
4	8	23
1	30	91
4	8	23
4	8	23
4	6	30
1	5	21
3	6	22
2	6	22
6	10	26
4	6	21
3	4	21
4	8	26
3	7	22
3	7	23
3	8	25
3	8	24
4	8	23
4	7	23
2	6	22
6	10	28
6	9	26
0	6	91
4	6	26
0	6	91
3	6	22
8	11	31
0	4	90
2	4	23
2	5	21
2	4	20
0	2	63
0	1	63
5	12	32
3	22	91
2	8	23
3	6	25
3	6	22
1	5	23
0	15	90
0	10	91
4	9	26
1	6	20
5	12	31
8	9	33
7	11	34
5	8	25
4	7	24
3	7	23
3	6	24
3	7	24
0	10	90
2	5	21
4	9	23
4	7	30
3	6	22
2	5	23
9	14	30
3	5	22
5	6	23
6	12	30
4	12	27
6	12	33
5	7	24
7	7	27
4	5	23
7	10	26
4	7	24
3	7	21
0	12	91
0	8	91
6	9	30
4	8	27
5	10	25
2	7	23
3	7	20
2	4	21
6	10	26
5	8	26
5	6	22
6	8	30
1	4	23
4	8	26
3	6	22
2	9	23
2	6	20
4	11	29
1	6	21
2	3	21
12	17	38
12	18	42
2	7	22
4	8	24
4	5	25
1	4	24
2	8	20
4	6	24
4	6	24
4	6	23
9	12	29
0	34	90
2	10	24
3	10	22
7	9	30
4	15	31
3	6	24
3	6	23
4	5	22
4	6	21
3	7	22
6	11	31
7	10	27
2	5	21
2	11	89
8	13	91
6	7	25
6	9	26
1	7	20
3	7	23
3	5	24
9	-1	91
2	5	21
7	9	31
6	7	25
10	10	34
6	10	27
0	10	90
5	8	26
3	5	22
3	9	30
1	3	21
6	8	25
5	9	26
1	7	23
11	15	38
6	10	26
6	9	25
6	9	24
6	7	25
6	13	31
6	7	25
5	10	25
0	7	90
3	6	23
4	8	24
5	6	26
4	7	22
2	6	25
6	10	31
4	10	30
5	8	25
0	13	91
9	10	34
3	5	22
2	4	22
7	13	31
7	13	29
3	5	24
4	6	24
4	9	27
3	7	25
4	9	24
2	9	24
0	13	90
7	11	31
7	12	31
5	15	32
3	8	22
6	10	30
0	13	91
6	8	27
4	7	25
3	5	25
2	3	22
0	14	90
0	12	91
2	13	26
4	9	26
5	8	25
4	9	24
4	8	23
4	7	22
4	7	23
2	6	22
2	6	21
0	-1	90
0	9	91
2	6	22
5	7	24
2	7	23
7	8	25
0	8	90
0	9	91
9	9	29
7	8	27
7	8	26
10	9	27
2	5	22
2	4	21
7	8	27
4	7	26
0	8	91
2	4	20
2	5	22
2	4	21
3	5	21
0	9	91
0	12	91
0	10	91
3	7	24
10	16	35
7	11	26
3	5	20
1	3	22
1	3	21
5	7	23
0	7	90
0	7	90
0	10	91
0	8	91
4	6	24
0	21	91
6	8	31
4	5	23
3	6	22
0	9	91
0	6	91
5	13	33
0	6	90
0	9	90
0	5	91
2	4	22
8	9	26
6	11	30
3	6	22
9	12	30
0	7	91
0	12	91
1	7	21
3	8	23
5	8	25
4	7	26
6	9	24
0	5	46
0	8	91
0	6	91
0	3	21
0	11	91
0	6	91
2	5	22
3	5	22
3	5	23
2	4	21
0	11	88
0	5	91
4	6	21
2	4	22
1	18	90
0	2	21
0	9	76
2	7	24
2	6	22
2	4	22
5	9	24
6	6	25
6	4	26
0	13	91
0	10	91
0	11	91
3	5	23
0	6	91
0	9	90
4	8	25
4	6	21
3	4	21
5	8	24
4	8	27
5	10	25
5	4	24
0	11	91
2	10	88
4	7	25
3	7	23
0	6	91
0	9	90
6	7	26
7	12	32
0	8	85
0	10	90
0	11	91
2	6	21
3	6	22
3	7	24
3	9	24
4	6	22
0	10	90
0	15	91
0	0	91
0	8	90
0	5	21
2	5	24
2	6	23
2	6	21
0	10	57
7	9	30
0	4	90
0	7	91
4	6	23
2	4	23
3	7	24
2	6	22
0	9	90
0	10	91
1	8	91
8	11	33
6	14	34
1	8	90
0	3	49
6	9	30
5	8	23
4	8	22
5	12	28
3	11	25
4	7	24
4	5	22
3	9	30
6	11	31
5	5	25
0	4	20
0	12	90
0	14	90
1	6	90
0	11	91
1	10	91
0	9	91
0	3	21
5	7	26
5	11	26
2	9	23
8	9	29
6	9	26
8	9	27
6	6	25
4	9	23
2	5	21
6	11	29
7	11	32
5	5	27
0	9	90
0	12	91
7	8	24
6	8	24
11	10	37
0	4	20
1	4	21
0	11	91
0	13	91
0	15	90
7	7	31
12	12	37
5	6	24
2	6	21
4	6	22
6	7	27
2	5	23
2	5	22
3	6	22
0	9	91
0	16	90
5	6	24
7	10	30
0	13	90
3	5	22
5	11	25
8	12	30
3	8	20
3	8	21
5	7	30
7	7	26
5	6	25
1	3	23
0	2	21
0	10	90
0	7	91
0	8	90
4	4	22
1	4	22
8	9	27
6	12	32
7	10	30
0	7	91
0	3	90
2	5	21
0	3	21
1	4	21
0	8	90
6	9	29
9	9	31
7	13	30
2	4	22
4	10	54
6	13	30
2	7	22
8	10	33
2	7	20
4	5	25
0	24	90
1	9	31
2	1	22
5	5	24
0	4	30
0	14	90
0	11	91
4	6	25
3	8	23
3	5	22
3	6	21
2	4	21
0	5	89
7	9	26
0	13	90
0	11	91
0	10	90
0	5	90
6	8	32
4	9	26
0	7	90
2	6	21
4	6	25
4	7	27
6	7	27
5	6	27
5	6	28
5	5	26
0	8	91
0	11	91
2	5	22
0	7	90
0	10	91
0	10	91
0	19	91
0	19	90
2	5	23
6	7	25
3	6	24
2	6	22
3	7	23
7	9	25
9	5	31
0	13	90
0	7	90
1	10	91
8	13	37
0	16	91
0	14	90
0	2	22
7	11	30
9	7	29
8	11	31
0	16	91
3	6	24
3	5	23
4	5	22
0	5	91
0	7	91
0	5	91
0	12	91
3	5	23
3	5	24
4	4	21
1	4	21
2	7	23
2	6	21
8	10	30
0	10	89
3	6	30
2	5	23
3	8	24
4	8	25
1	4	20
0	10	89
3	5	22
2	4	21
0	12	91
0	13	90
4	10	25
4	9	23
3	9	22
4	9	24
3	8	21
4	7	23
4	8	22
5	7	23
2	6	23
2	7	25
4	8	27
2	6	24
0	7	90
3	6	21
0	6	91
12	15	42
9	11	33
8	13	32
1	11	91
0	7	90
4	7	25
4	6	21
2	7	21
0	10	77
0	11	77
0	15	85
0	16	85
0	5	91
0	4	91
0	12	91
0	8	91
0	21	91
0	11	88
1	5	23
4	5	23
1	7	22
3	8	25
3	7	24
4	9	24
5	8	25
4	7	24
3	7	23
0	8	91
0	12	90
5	9	31
5	8	31
2	4	30
9	11	34
8	10	33
5	8	26
2	6	22
1	6	21
3	7	22
5	6	24
0	10	91
0	11	90
0	10	91
2	6	21
0	8	90
3	9	22
2	7	21
2	6	22
2	5	21
1	6	91
0	5	90
0	10	90
2	4	21
1	3	20
0	3	26
0	4	22
1	3	23
5	10	28
3	6	22
2	7	21
3	7	23
4	9	25
3	7	24
1	3	21
0	5	33
4	7	24
0	6	91
0	8	91
1	7	24
12	13	38
1	10	91
0	8	91
6	7	24
0	14	90
1	10	91
8	10	30
0	9	90
1	-1	90
0	14	91
2	9	27
4	6	26
3	5	23
2	4	22
2	5	24
4	7	25
2	6	23
1	4	20
0	21	90
0	20	91
0	16	91
0	-1	91
0	17	91
0	16	91
1	16	91
1	17	91
1	17	91
7	-1	91
5	28	91
5	9	26
7	6	25
11	14	39
0	15	91
0	14	91
2	7	21
3	7	24
4	8	24
4	9	25
3	7	23
3	25	91
5	7	30
7	11	30
2	4	21
4	8	25
2	5	20
5	7	25
2	9	22
10	12	31
4	5	25
1	3	22
1	4	21
1	3	20
0	3	20
3	24	90
2	8	21
3	10	25
5	7	26
2	8	20
2	8	20
0	16	90
0	9	91
0	18	88
5	13	27
3	7	23
0	9	90
0	5	52
0	8	90
0	10	90
0	9	91
6	8	25
3	7	21
2	6	25
0	2	90
0	4	20
2	6	22
2	4	22
2	4	22
0	9	91
5	9	25
3	7	23
1	16	91
7	10	29
7	10	26
5	7	30
4	6	24
2	3	21
2	3	20
0	17	89
3	4	25
6	13	31
2	8	25
1	4	24
7	11	28
3	7	22
5	5	25
3	5	22
5	7	25
0	8	91
0	10	90
2	8	25
0	3	57
5	9	25
7	8	25
5	8	27
4	8	27
5	7	24
3	9	24
0	9	90
3	5	20
2	6	21
5	9	25
0	17	91
0	11	91
3	5	25
0	12	91
0	14	90
6	12	31
2	7	21
3	10	23
2	9	23
3	8	24
3	7	23
3	8	26
6	8	26
4	11	24
4	8	25
8	11	28
6	9	24
5	10	25
6	8	29
4	6	23
4	7	22
0	10	91
0	36	90
5	9	27
0	8	91
0	9	90
6	11	30
6	9	25
6	12	30
7	9	27
5	11	32
7	9	30
3	6	23
2	7	22
2	6	21
2	23	86
5	7	27
2	7	21
2	7	22
5	6	24
2	6	24
4	9	28
4	9	24
4	9	22
3	9	26
5	11	30
3	7	22
3	7	22
5	7	23
2	5	21
2	5	20
10	19	42
12	16	39
8	8	31
1	9	91
0	-1	91
2	7	21
2	4	22
2	4	20
3	7	23
4	7	26
3	7	22
3	7	24
3	7	23
4	8	25
2	5	23
2	4	23
0	11	91
0	13	90
0	6	90
2	3	21
7	10	26
6	10	25
6	9	26
2	7	23
9	13	34
2	7	22
0	12	91
0	10	90
4	9	23
4	9	22
2	7	23
3	7	24
3	7	23
5	9	24
4	8	24
1	2	21
0	8	89
0	10	91
0	9	91
0	13	90
5	6	24
1	10	90
7	13	30
9	10	32
9	9	30
9	11	34
11	12	36
0	7	70
8	10	30
0	18	91
0	14	90
0	5	58
6	9	24
0	14	91
0	8	90
3	6	22
3	6	21
4	4	23
7	9	34
4	5	24
1	6	22
4	10	26
4	4	26
0	11	91
0	14	91
2	5	21
5	6	25
6	7	28
0	11	91
1	11	88
4	5	24
2	5	21
0	3	20
9	12	33
3	6	21
5	6	22
5	7	24
4	7	25
2	4	20
3	4	21
0	7	91
10	11	33
5	10	30
5	10	29
5	9	28
4	9	25
0	0	22
2	8	23
4	8	22
4	11	24
5	11	25
3	11	24
3	7	24
4	9	30
0	3	91
0	4	91
4	6	21
3	7	21
5	8	23
4	7	22
4	7	21
4	7	23
0	13	91
0	9	91
4	7	24
6	7	25
4	12	27
3	8	22
2	5	21
3	7	21
0	11	91
0	7	90
6	6	26
2	5	22
2	5	20
5	10	26
0	13	87
0	13	91
0	-1	91
5	9	25
4	6	24
4	10	30
3	10	26
3	6	24
3	7	22
1	5	20
2	6	21
4	7	23
5	9	24
3	7	22
7	13	31
4	9	22
7	10	26
4	7	22
0	26	90
2	6	21
1	6	22
3	7	22
2	8	23
1	7	20
0	11	88
8	12	34
3	8	26
4	10	31
3	7	24
2	7	22
3	7	24
3	7	24
4	8	24
6	8	27
5	9	26
2	7	22
2	7	22
2	6	21
3	7	22
3	7	22
2	4	24
7	11	32
2	5	23
4	9	25
4	7	23
0	21	89
0	21	91
4	6	24
2	5	23
0	10	86
3	7	22
1	5	20
4	7	22
4	7	21
3	7	21
0	7	90
0	5	91
1	5	20
9	11	31
8	9	30
0	9	90
0	10	90
4	-1	91
2	5	22
3	6	23
3	6	24
3	5	21
3	8	26
4	10	26
4	9	26
4	9	25
7	13	34
7	11	29
0	10	90
4	4	24
2	4	22
0	7	90
0	11	91
0	11	91
0	4	91
3	5	22
0	1	88
0	1	82
5	8	24
5	7	24
0	6	91
0	12	90
5	7	23
3	7	23
2	7	21
3	7	21
2	6	20
4	5	21
4	6	22
0	5	90
0	8	90
3	6	22
2	4	21
1	6	20
0	7	90
0	6	91
0	5	90
1	5	21
2	6	23
3	5	21
2	6	21
0	11	91
11	12	35
11	11	38
5	8	23
8	10	26
9	9	30
7	10	28
5	11	25
2	8	22
5	8	21
2	4	22
7	18	37
5	11	29
7	11	29
4	10	28
6	10	29
5	9	24
1	2	23
1	2	21
0	2	23
0	3	20
2	4	23
2	5	25
1	5	24
2	5	26
1	3	22
2	4	21
7	15	31
4	9	26
8	10	32
2	7	24
0	39	90
3	7	24
6	11	26
9	12	31
5	5	22
4	10	26
3	10	25
4	9	24
2	8	23
6	13	32
2	6	22
3	10	22
3	7	24
2	6	22
1	5	24
2	5	23
1	4	21
0	23	90
0	2	22
6	9	32
2	7	21
3	10	23
4	8	23
3	7	24
4	8	26
3	6	25
3	7	23
3	7	21
2	6	21
3	7	22
3	7	21
3	5	21
2	8	20
0	10	90
0	9	91
7	11	32
8	10	31
7	9	29
7	8	25
6	8	24
2	7	23
2	5	22
7	13	34
2	6	20
10	15	35
3	6	23
0	9	90
0	11	90
7	12	30
3	10	23
7	12	37
0	1	21
2	3	20
0	2	21
1	4	21
2	7	21
5	6	22
4	5	22
7	9	29
9	11	33
4	7	22
6	9	25
3	7	22
3	6	24
0	10	90
4	6	22
2	10	26
3	8	23
0	17	87
0	11	91
5	8	23
16	12	46
11	9	33
13	10	38
9	7	28
11	8	32
14	-1	44
0	8	71
4	9	24
3	8	24
2	8	23
0	8	91
0	10	91
1	14	91
0	7	90
0	10	88
2	4	24
2	3	21
4	8	23
6	6	27
0	13	87
0	16	90
1	9	91
1	24	65
0	14	90
0	17	90
3	6	24
3	5	24
3	6	22
0	11	91
0	7	90
6	6	31
6	7	30
5	8	26
6	8	24
4	8	26
8	10	28
4	8	23
3	7	24
3	9	27
4	8	26
4	9	24
0	5	22
2	5	30
0	3	22
0	2	23
0	2	22
0	2	23
0	2	22
1	2	23
0	1	22
0	2	24
0	13	91
0	13	91
3	7	23
0	13	91
0	-1	91
1	4	20
1	4	22
0	10	89
7	13	34
1	5	20
3	5	22
1	10	88
0	12	89
5	36	90
2	8	22
0	15	90
0	9	91
6	8	32
1	4	23
3	5	21
2	8	90
0	9	91
6	10	30
5	6	21
2	8	23
2	6	21
4	9	25
3	6	22
3	8	23
2	6	23
2	7	23
2	8	24
6	11	30
5	10	26
4	5	22
3	7	21
0	1	90
5	11	24
4	6	25
0	38	90
6	8	26
2	7	22
2	7	22
6	12	30
0	11	89
2	5	25
2	5	22
6	14	31
1	12	91
0	11	91
5	10	26
2	11	29
8	11	29
7	11	26
8	12	29
9	12	30
10	12	32
6	-1	91
3	4	24
8	10	32
3	7	22
6	9	28
7	10	30
6	8	25
7	8	25
3	5	20
1	3	22
6	10	30
5	9	30
2	6	24
2	6	22
0	5	90
0	30	75
9	10	33
9	12	34
10	11	34
9	15	33
10	17	35
1	34	90
9	11	29
4	9	22
4	7	22
3	7	21
2	6	22
3	6	22
5	12	32
7	10	26
7	10	27
6	11	27
3	10	23
3	8	22
2	5	23
0	4	21
7	7	30
10	14	33
4	8	23
3	7	21
4	9	27
1	6	91
8	12	27
1	8	20
6	43	91
4	-1	91
0	11	90
1	7	22
4	8	24
4	6	23
0	6	90
3	5	22
2	6	23
3	7	22
1	3	21
0	4	21
4	7	24
4	7	26
6	9	31
4	9	30
4	8	24
7	9	24
4	5	25
6	5	27
8	12	31
0	3	24
0	3	22
0	3	21
0	5	90
0	10	90
6	11	25
8	8	29
8	8	30
6	7	24
0	9	91
6	7	23
4	7	25
2	5	23
8	14	33
6	11	26
10	15	38
2	6	21
3	8	26
5	8	28
0	11	91
0	16	90
10	12	33
0	2	91
3	7	22
3	7	21
3	7	22
1	3	21
6	9	32
3	5	21
0	7	89
0	11	90
7	10	26
1	3	21
3	8	25
2	8	22
3	5	21
3	8	24
0	8	91
3	6	21
5	6	24
2	3	22
6	10	27
4	9	24
3	9	23
4	9	24
4	7	25
4	7	25
6	9	30
5	9	31
2	7	22
2	7	22
2	6	20
6	9	26
4	10	27
3	8	23
3	7	21
2	7	23
4	7	24
0	37	91
10	14	35
0	10	91
3	9	23
0	11	90
0	9	91
5	8	26
4	9	26
5	8	24
3	7	25
3	8	24
3	7	23
7	10	26
4	6	21
3	8	24
3	7	23
2	6	22
2	7	22
10	11	35
7	13	32
8	12	30
0	12	90
3	8	91
5	11	28
8	8	24
0	8	90
4	5	23
2	7	23
3	5	21
2	5	20
3	6	22
2	5	20
0	8	91
1	3	23
1	13	91
4	5	22
5	8	22
5	8	26
0	9	91
0	13	91
9	11	31
2	6	21
2	8	23
5	8	24
4	8	24
5	11	30
8	11	30
3	6	21
0	9	89
0	7	91
2	6	20
10	12	32
10	11	32
9	13	32
9	11	30
6	7	25
5	11	31
3	10	23
4	5	23
9	9	32
6	8	27
4	8	24
0	9	91
4	5	21
7	13	30
0	2	20
3	5	24
3	8	26
4	7	25
3	7	26
7	10	27
3	8	22
0	5	90
1	6	22
3	8	23
3	7	21
4	7	23
4	6	22
0	8	90
8	10	29
0	8	91
0	5	90
4	7	23
3	30	91
5	8	24
6	10	25
7	11	31
4	10	26
0	9	91
0	8	91
5	8	30
5	5	23
3	6	22
4	7	24
6	11	30
8	15	34
10	14	35
6	11	27
6	9	25
6	11	30
4	8	23
0	3	91
0	2	91
9	11	30
8	8	27
2	7	23
2	6	21
4	8	24
5	6	24
4	9	27
2	7	22
5	5	22
2	6	20
2	6	20
9	13	35
9	15	30
0	10	89
0	8	90
1	21	91
4	13	90
1	8	90
1	5	91
4	8	26
4	6	32
4	7	23
4	8	23
4	7	24
0	1	26
2	5	21
4	7	25
3	7	22
5	10	26
1	4	23
3	6	21
0	-1	89
1	4	22
1	2	23
0	3	23
1	4	21
5	8	30
1	7	22
0	3	21
0	3	22
0	2	22
7	9	24
3	21	90
2	7	22
5	8	24
2	7	22
6	7	26
6	7	25
2	4	20
7	8	27
3	8	24
4	8	23
4	8	22
0	8	91
0	16	91
2	4	22
5	12	32
2	6	20
5	6	25
3	5	24
5	6	24
5	8	24
6	8	24
7	11	31
4	5	24
1	6	21
7	10	31
6	8	27
5	10	30
0	9	90
5	9	26
2	6	24
3	9	25
2	5	23
4	8	24
7	9	28
6	11	30
6	10	28
5	9	25
7	10	27
3	8	26
9	14	33
3	7	21
3	6	20
4	8	22
5	9	25
1	7	20
3	6	21
0	4	28
0	4	20
0	4	21
1	3	21
2	6	23
1	6	21
1	6	21
0	3	91
0	12	90
0	12	89
0	13	89
0	4	23
2	8	21
1	8	20
5	8	24
3	8	91
0	6	91
0	7	91
0	7	80
2	4	20
6	9	26
8	7	28
7	9	28
7	10	28
7	10	27
6	8	26
0	4	20
6	10	26
5	7	24
4	9	30
5	11	27
4	10	24
4	8	25
3	7	22
5	9	25
2	5	21
6	7	25
5	8	27
1	5	21
0	4	22
7	9	25
2	7	23
3	6	22
3	8	22
2	13	91
1	8	21
0	14	91
2	7	23
3	9	28
2	5	21
7	8	36
8	10	32
6	7	25
6	7	24
7	8	24
3	7	21
8	10	26
3	9	25
2	7	22
4	25	90
5	9	24
3	7	21
2	7	22
2	6	20
0	3	22
8	14	31
1	4	21
4	8	25
6	10	28
2	7	22
0	9	91
1	10	91
3	7	23
10	9	30
8	9	32
9	9	30
4	6	24
6	10	25
5	10	24
5	11	27
6	8	27
6	9	25
5	7	25
4	6	27
5	9	30
3	7	23
7	8	26
2	2	22
1	5	21
5	12	30
4	6	22
8	13	31
1	5	21
6	10	31
7	14	30
3	5	23
0	9	91
0	8	91
3	7	22
5	8	24
3	5	22
2	5	22
0	9	89
0	7	90
2	7	21
3	4	21
3	9	24
3	5	31
5	6	30
3	5	25
8	12	30
2	6	21
2	6	20
5	6	23
0	6	90
7	9	30
4	8	23
7	10	30
1	6	91
0	6	90
8	10	29
9	13	36
3	4	23
0	11	90
0	14	91
11	13	36
1	6	21
2	4	23
3	3	21
4	6	24
2	6	21
4	10	25
4	6	26
7	12	31
1	6	21
3	5	20
0	10	91
4	6	22
8	11	29
3	5	24
0	12	90
0	28	90
0	29	90
6	8	30
10	13	30
2	2	22
2	2	22
8	12	34
4	8	22
5	7	27
4	8	24
9	9	34
0	6	89
0	14	91
7	10	27
4	6	24
5	27	90
8	27	90
1	26	90
1	9	91
2	7	22
4	8	25
0	6	70
3	7	24
4	7	22
0	19	91
1	21	91
2	24	91
1	15	89
1	12	90
5	7	30
0	13	91
0	14	91
2	4	20
2	7	23
3	7	22
2	8	23
2	9	22
1	7	22
1	5	21
5	7	27
7	10	28
4	6	22
3	9	25
5	8	24
2	5	22
5	9	27
6	10	30
4	6	24
0	6	63
0	5	91
0	9	91
0	7	87
0	4	52
0	15	91
3	6	21
1	9	86
2	4	22
1	4	23
1	4	20
1	3	22
0	8	91
0	7	90
7	11	30
6	9	30
2	4	20
7	7	30
0	10	91
3	13	91
3	8	23
3	9	22
7	11	30
3	8	23
3	6	25
3	6	22
2	6	21
1	6	20
7	10	27
4	9	33
2	5	23
1	4	24
1	6	22
3	6	30
1	5	24
3	5	22
3	6	24
4	6	25
3	6	22
1	5	21
4	8	22
6	14	35
4	7	23
4	5	23
4	5	23
1	4	21
7	14	32
2	5	22
2	6	22
3	5	21
7	12	32
7	11	30
7	12	33
5	13	31
5	8	24
0	3	44
0	3	44
6	8	27
7	9	28
0	9	91
2	7	21
2	8	21
2	4	21
1	6	20
0	10	91
0	7	90
6	8	26
3	7	24
5	7	26
0	15	90
0	17	91
3	7	22
3	6	22
3	5	20
7	11	31
3	6	23
2	6	22
3	7	23
1	5	22
1	3	22
1	5	23
5	10	26
0	10	91
5	8	29
4	6	25
0	9	91
0	7	91
0	3	21
0	4	20
3	9	21
2	3	21
1	1	20
2	4	20
0	12	90
0	-1	78
1	5	20
4	7	23
0	10	91
8	9	25
4	9	25
4	10	24
3	6	23
4	8	23
6	5	27
6	8	30
7	10	30
8	10	32
3	10	24
4	9	23
4	6	24
2	5	24
0	4	91
0	6	90
6	8	23
0	17	87
0	17	87
3	5	24
0	8	90
0	12	91
6	10	31
6	8	25
6	8	24
10	15	33
0	-1	47
8	9	31
2	6	21
2	5	20
0	9	91
0	5	73
0	6	73
5	7	24
7	7	35
1	7	21
1	4	21
0	8	91
0	8	90
7	12	29
6	11	33
3	7	21
3	7	21
3	8	22
2	7	22
8	9	31
4	2	23
1	6	91
9	8	27
9	11	34
2	2	22
9	13	31
7	8	30
2	9	26
4	11	30
8	9	27
2	5	22
6	9	30
1	4	22
3	-1	91
3	30	91
2	4	24
2	5	22
5	7	26
7	8	26
6	7	25
2	7	22
3	5	22
1	5	22
0	-1	90
3	7	26
3	8	24
1	5	20
7	14	29
6	10	25
8	10	32
9	8	29
11	12	36
2	6	21
6	7	25
0	7	90
0	6	91
0	9	91
0	4	91
0	6	90
0	8	89
2	8	23
5	9	25
0	9	91
0	10	90
3	8	22
8	11	26
6	9	25
6	8	24
2	34	90
3	5	23
0	9	91
5	8	26
0	-1	90
0	14	91
3	6	24
2	6	22
0	11	91
2	5	22
5	7	23
0	10	91
0	8	90
1	15	91
0	10	91
3	6	23
5	7	23
1	5	21
1	5	20
3	25	90
0	24	90
0	2	91
4	7	25
4	8	25
3	6	21
5	7	23
5	8	22
4	8	24
4	8	25
3	8	23
4	9	27
4	8	26
0	10	91
4	9	23
0	7	20
7	9	30
0	5	91
3	6	22
0	11	91
0	11	91
0	6	91
1	7	91
0	12	91
5	4	26
0	9	89
0	9	91
0	10	91
0	10	90
6	7	31
0	11	91
0	12	91
0	7	90
5	8	24
6	6	24
2	8	23
0	6	73
1	1	20
1	6	25
0	7	91
0	8	91
0	17	90
0	16	90
3	8	24
6	6	28
7	10	31
3	6	22
5	9	25
4	9	23
2	3	21
3	7	21
2	4	22
5	7	23
5	7	22
3	4	22
4	11	30
4	6	24
1	4	21
1	5	20
1	5	23
1	4	22
4	10	30
0	8	90
0	7	91
0	7	90
0	11	88
0	12	88
3	8	24
3	7	23
2	7	22
1	1	21
5	8	25
5	8	32
3	6	25
3	6	23
8	10	28
9	14	37
1	12	91
0	8	90
8	12	30
5	6	27
3	6	25
3	8	23
2	5	23
3	5	21
6	11	33
6	8	31
0	21	90
0	22	90
0	23	90
0	-1	91
0	6	91
1	7	90
5	10	32
3	6	23
4	8	24
2	5	21
10	13	29
11	12	34
12	13	34
4	7	24
3	5	24
0	10	90
0	13	89
5	8	25
5	9	24
5	8	22
1	9	90
2	6	25
5	7	23
6	10	27
0	-1	91
8	10	30
0	11	91
2	5	24
6	9	27
6	9	27
1	3	21
5	8	30
4	7	24
0	27	82
2	5	20
6	-1	91
0	12	90
2	5	23
3	8	22
3	5	25
5	7	27
4	10	24
2	3	22
1	4	36
0	4	89
0	5	91
0	7	71
0	9	91
0	13	91
0	14	90
4	6	23
2	5	23
5	8	26
0	7	91
0	8	90
4	4	24
5	8	30
1	5	21
5	6	26
5	9	30
0	5	91
0	5	90
8	8	30
8	11	28
2	5	23
3	8	23
0	13	91
3	6	23
3	7	22
2	7	21
6	10	25
2	5	23
2	6	21
2	6	21
7	9	27
4	8	22
0	11	91
1	4	21
3	7	23
4	6	25
0	8	91
0	8	91
0	31	90
0	13	91
1	7	91
0	10	91
1	8	91
0	7	91
4	11	27
2	7	22
0	12	91
0	12	91
0	8	90
0	7	91
3	7	24
4	7	24
5	6	24
2	9	21
5	9	24
0	13	91
0	13	91
0	5	20
3	6	24
2	7	21
3	8	23
3	7	23
0	10	90
0	9	91
0	7	91
3	7	24
0	7	88
0	5	90
0	13	91
0	9	91
0	9	91
0	10	90
0	-1	91
0	2	22
0	8	91
0	15	91
0	11	91
6	8	26
9	13	30
3	4	25
4	4	24
5	6	31
3	4	25
3	5	23
4	5	25
4	6	25
3	6	24
4	5	26
4	7	24
5	10	28
0	8	91
2	7	21
0	10	91
0	20	90
3	7	24
4	4	24
0	7	91
0	6	91
3	6	23
0	7	57
3	7	24
6	8	28
0	8	89
0	10	90
2	5	22
3	6	22
2	5	22
2	6	23
2	6	21
2	5	21
7	9	31
6	6	24
4	3	24
0	3	91
3	4	20
4	8	25
4	8	24
1	11	90
0	10	90
3	9	23
4	7	25
3	7	24
7	9	27
1	3	22
3	29	91
2	5	22
3	6	23
0	10	91
0	12	90
0	11	90
6	8	27
3	9	25
4	7	26
5	8	33
3	6	24
4	7	25
4	4	24
3	5	22
4	6	24
0	13	90
2	7	22
0	8	91
0	10	91
3	5	21
4	8	26
4	7	25
6	10	30
5	7	24
6	12	31
5	8	26
4	8	23
3	6	23
0	9	91
0	6	91
6	14	31
8	13	33
6	13	29
1	6	21
2	3	21
0	25	57
0	10	91
9	15	37
8	14	36
10	13	35
7	14	33
7	13	32
8	12	32
0	17	91
0	10	91
3	14	31
3	9	24
2	9	23
0	8	91
5	10	29
1	10	90
0	8	89
4	7	21
4	9	24
1	10	91
1	15	90
1	11	89
1	8	89
0	8	89
0	6	91
1	10	90
7	11	26
6	10	28
0	18	90
1	11	91
4	7	22
0	9	88
0	10	90
0	12	91
7	5	30
9	9	34
0	6	90
4	7	24
3	8	26
0	11	91
0	10	91
1	6	91
3	6	22
8	10	31
4	4	25
4	5	24
3	6	25
3	4	23
2	6	23
7	12	33
5	8	26
1	4	21
3	7	25
5	13	31
4	8	23
3	4	22
4	9	22
1	5	21
6	8	24
1	4	22
6	9	30
4	7	23
3	6	25
13	16	44
4	5	26
3	5	21
3	8	24
2	7	21
0	4	91
0	7	90
3	6	24
5	13	31
6	11	32
8	9	27
4	10	25
0	3	22
5	8	23
0	10	90
0	12	89
3	6	22
0	12	90
7	10	26
1	6	20
1	8	22
3	7	23
2	6	22
7	11	29
3	8	23
2	6	21
3	6	24
1	5	21
7	10	31
5	9	24
7	9	26
6	8	31
2	5	22
1	4	20
6	11	28
0	2	20
5	7	23
3	6	23
11	9	35
9	9	30
4	8	24
8	15	36
5	10	23
0	12	91
0	9	91
4	5	21
5	12	26
0	8	90
0	8	91
0	6	90
6	8	24
2	4	23
0	-1	90
4	9	23
9	7	35
10	7	34
0	19	90
0	19	90
1	13	89
0	2	91
2	4	22
4	6	24
3	8	21
1	12	78
4	6	21
8	11	34
4	3	26
4	7	23
6	10	33
0	9	90
5	8	23
5	8	24
5	7	26
6	11	34
5	9	26
5	8	23
5	9	23
4	20	91
3	18	91
4	7	24
2	6	22
5	9	32
4	10	30
4	8	23
8	14	33
3	6	25
8	10	31
4	7	24
0	10	90
0	14	90
2	2	21
3	9	24
3	9	22
4	11	26
0	8	91
5	8	25
0	12	91
0	11	90
0	4	64
0	5	64
0	2	28
9	12	31
0	15	90
1	6	22
0	11	90
2	6	24
3	8	21
5	8	25
1	12	49
1	2	21
2	7	23
1	5	21
1	5	20
4	8	24
8	10	31
10	14	35
0	7	91
6	13	26
1	2	21
4	5	25
6	9	32
3	7	24
5	10	30
3	7	25
2	7	25
4	7	23
4	7	22
0	11	90
0	8	90
6	9	27
5	5	31
2	6	22
0	2	91
0	13	90
3	5	21
3	6	22
3	6	23
6	9	25
6	8	27
3	5	23
3	4	23
4	4	22
8	9	24
5	9	30
5	7	24
5	6	23
0	11	58
3	6	23
4	5	24
3	6	23
4	6	24
4	6	22
3	7	23
4	8	24
5	7	27
1	7	22
3	6	22
2	6	21
1	4	21
0	14	90
0	14	91
4	6	25
0	4	21
7	7	28
6	8	27
6	8	28
5	7	26
5	7	24
4	7	25
3	8	26
5	8	26
4	7	24
4	6	23
4	8	30
6	6	24
9	11	34
3	6	21
2	7	21
2	6	20
4	8	26
5	9	27
3	8	25
4	7	24
3	8	25
4	9	24
5	12	30
2	8	25
2	9	26
2	7	24
0	4	22
0	4	22
0	3	21
0	4	20
1	4	21
7	32	90
3	7	21
3	6	22
0	16	91
1	5	20
7	10	32
0	14	90
0	12	91
3	5	22
2	5	21
1	4	22
4	6	24
2	8	23
3	7	23
2	7	22
7	9	27
4	12	30
5	13	32
1	5	22
2	8	23
2	8	22
3	5	24
1	7	21
1	7	20
6	7	30
3	7	22
5	7	24
3	7	23
7	12	32
0	10	90
0	7	91
0	7	22
5	9	26
1	5	21
3	8	23
2	6	21
2	6	22
0	10	91
6	8	22
0	10	91
0	8	90
3	6	25
4	5	22
4	6	22
4	6	23
2	6	24
3	4	27
1	4	21
2	4	22
1	3	20
4	10	30
0	2	22
3	7	23
4	11	31
0	7	91
0	9	91
0	8	82
0	9	82
2	6	23
2	5	22
4	5	24
0	7	91
0	9	90
2	5	23
2	3	20
0	21	91
0	-1	91
1	-1	91
2	-1	91
1	-1	91
1	23	91
0	12	90
7	9	26
4	5	23
0	4	32
2	2	22
3	5	23
6	9	31
0	8	87
0	11	91
7	11	28
0	8	90
0	9	90
0	8	90
0	9	91
8	8	29
0	16	91
0	13	90
6	33	91
6	32	91
1	6	90
0	7	91
3	8	22
0	3	91
4	6	30
0	8	90
3	5	23
5	8	25
1	5	20
3	5	21
3	6	22
3	6	24
3	6	22
1	6	23
0	9	89
0	8	91
5	12	31
5	9	24
7	9	26
0	3	22
1	2	22
0	5	20
3	5	23
0	14	90
0	11	91
3	5	26
1	6	21
3	6	22
12	16	41
13	17	45
13	16	42
11	15	41
10	15	37
10	17	40
12	14	39
10	14	35
9	13	34
11	14	36
2	8	24
2	6	21
6	11	30
1	6	23
0	10	90
0	10	91
2	5	21
0	9	91
1	-1	90
4	7	22
3	5	21
0	5	90
0	6	91
4	7	30
7	6	27
6	8	24
4	7	22
4	7	24
4	6	24
6	11	31
6	12	35
3	8	25
5	7	25
2	6	25
5	7	24
0	7	63
6	8	30
6	8	26
0	6	91
0	3	23
0	13	91
0	13	91
5	7	24
6	8	26
5	10	26
6	10	27
4	9	25
1	3	24
0	7	90
0	7	82
6	9	24
3	6	23
3	6	23
0	3	21
5	9	32
2	7	22
2	7	23
2	7	22
5	8	23
2	6	20
4	8	24
5	12	30
4	7	22
7	12	31
5	13	30
6	6	25
4	9	22
4	10	23
0	0	20
2	5	23
1	7	23
3	5	23
1	6	22
5	14	33
6	15	29
7	15	30
8	13	31
5	4	21
2	4	21
3	6	23
0	14	91
0	11	88
6	9	26
8	14	34
0	11	89
0	3	39
2	5	22
0	10	91
0	9	90
0	8	89
0	11	90
2	6	23
3	7	22
4	7	24
3	5	23
3	7	23
6	10	26
3	7	22
6	11	29
7	10	27
7	9	26
3	6	23
2	4	20
6	9	31
6	9	25
3	6	25
4	7	22
0	6	91
0	8	90
0	9	90
4	5	21
4	6	22
5	6	22
0	15	89
0	5	90
4	8	23
1	6	20
0	11	91
5	10	26
1	4	23
2	3	21
6	8	24
6	8	25
7	11	27
7	10	31
6	8	25
3	6	24
3	6	24
3	9	23
4	10	24
3	10	22
3	10	27
3	12	25
3	7	24
4	10	25
4	11	32
5	5	23
5	7	24
4	5	24
4	9	26
4	11	25
4	9	24
0	3	41
0	3	41
1	7	23
1	6	22
2	6	21
6	10	34
4	9	26
0	13	82
0	11	91
0	14	91
0	10	91
0	5	91
0	6	91
0	6	90
2	7	22
3	7	21
2	7	22
3	4	21
0	13	90
0	10	91
5	8	24
5	8	23
0	16	90
0	9	89
0	6	22
3	6	23
2	11	23
0	5	21
5	7	23
0	5	91
0	6	91
0	10	91
0	10	91
0	7	90
0	7	91
0	3	91
0	13	83
0	13	83
0	12	90
0	6	91
0	12	87
0	11	87
0	5	91
0	8	90
1	10	90
0	6	91
0	5	89
0	4	91
0	0	91
0	7	91
0	12	89
0	9	90
2	7	90
0	3	91
1	2	89
0	3	91
1	5	90
0	4	91
0	6	91
0	5	91
0	3	91
0	5	91
0	3	89
0	5	90
0	13	91
1	5	91
4	-1	91
2	5	22
2	4	22
3	7	20
6	10	28
4	11	28
4	9	26
3	8	24
2	8	23
2	7	22
3	4	22
2	4	24
2	4	23
2	4	23
4	6	24
9	9	32
9	9	27
3	9	25
10	12	31
7	12	29
2	7	20
3	6	23
5	6	25
3	6	21
7	9	26
4	7	21
2	6	20
0	6	50
0	7	90
0	18	90
5	12	32
3	8	22
7	10	26
3	9	24
3	7	22
0	-1	91
4	6	22
3	5	24
6	8	31
7	11	33
5	8	25
10	14	34
2	6	22
3	6	22
2	6	22
2	4	22
6	10	24
2	5	21
3	11	25
5	10	26
5	12	26
6	11	25
3	12	24
5	11	26
4	9	24
4	9	24
3	7	22
3	7	23
3	6	21
6	8	24
9	9	31
9	10	33
4	7	24
1	4	23
0	6	24
1	5	23
0	3	20
0	14	91
0	14	91
7	9	31
4	8	21
2	7	21
4	6	23
0	32	90
0	34	90
0	14	91
0	14	91
6	21	48
9	14	37
5	10	27
5	9	26
5	9	27
4	9	26
0	-1	86
0	10	86
8	12	35
2	3	29
6	10	28
6	11	28
4	8	25
0	10	91
0	8	90
6	9	26
4	7	26
6	14	35
4	7	21
0	12	91
0	11	91
2	5	21
2	9	23
0	11	91
0	11	59
0	12	91
0	9	91
2	6	24
3	5	22
3	6	21
6	8	27
7	9	31
7	10	36
8	11	37
6	10	31
5	6	24
4	5	24
6	10	30
4	6	24
6	11	31
5	9	30
7	9	29
8	10	33
7	8	28
7	9	30
8	9	31
1	3	20
5	8	23
4	11	30
7	11	32
2	4	22
4	6	24
1	5	21
5	9	31
3	10	31
3	5	21
7	10	27
7	12	32
4	8	22
2	6	22
4	7	25
3	6	23
2	4	21
1	3	24
2	4	23
2	3	23
3	6	24
0	1	23
2	6	25
2	6	24
3	7	24
3	7	23
4	6	26
3	5	22
5	7	33
1	2	21
1	2	22
2	4	22
6	9	25
3	7	23
4	9	23
5	10	24
3	9	24
4	8	24
4	7	22
3	7	21
5	8	23
6	9	27
3	7	21
2	7	23
4	9	24
3	7	23
0	10	90
3	10	23
2	6	20
6	9	26
7	10	26
7	11	30
3	6	23
2	6	22
2	7	21
2	6	22
3	7	22
2	4	23
5	10	31
7	12	32
4	7	27
2	6	22
7	9	25
9	11	28
0	6	91
3	7	90
4	8	23
11	15	32
10	15	34
9	15	31
9	11	37
8	9	31
6	7	27
2	5	22
2	5	23
3	7	23
7	9	28
3	11	25
4	10	26
4	8	23
5	8	24
6	10	26
3	7	21
0	-1	90
5	9	25
0	37	90
2	3	22
1	3	21
3	6	23
8	10	33
8	14	36
0	11	90
0	15	91
11	12	35
4	10	32
0	7	82
0	7	82
0	11	91
6	9	31
7	9	30
5	10	30
3	7	25
2	6	23
1	12	91
0	9	91
7	9	30
4	7	23
8	12	31
5	8	26
1	2	24
6	8	25
6	7	25
6	8	26
0	3	31
0	9	91
1	4	20
2	4	21
0	-1	90
2	3	23
0	12	90
6	8	24
4	7	24
3	6	21
4	8	23
3	7	23
4	8	23
4	9	26
2	5	21
5	8	24
2	6	25
3	5	24
1	3	21
2	3	21
1	6	91
0	11	91
0	10	90
3	14	91
4	6	22
3	7	23
0	4	20
1	4	21
4	5	23
5	10	25
3	6	23
0	4	23
6	6	30
5	5	26
9	14	31
7	10	28
8	10	27
2	4	21
1	12	91
0	13	91
6	8	26
3	5	23
3	8	21
6	6	24
2	19	90
3	7	23
0	9	90
0	11	90
2	4	23
8	10	27
4	12	30
5	9	27
1	14	91
0	7	90
2	6	20
5	10	26
4	9	25
8	12	30
5	9	25
4	9	25
7	8	26
1	6	22
9	11	33
4	11	26
0	7	91
5	8	30
0	3	21
1	6	21
3	6	21
0	6	90
0	7	91
0	3	22
8	11	27
6	9	30
5	7	24
4	7	23
8	8	26
6	12	31
10	9	33
11	12	35
2	6	21
6	9	25
5	8	23
3	8	23
4	7	25
5	10	27
0	8	70
4	7	23
2	5	21
4	7	25
2	6	20
3	6	21
1	5	21
4	7	22
6	13	30
6	10	25
12	9	36
3	7	22
4	6	24
6	10	30
8	12	33
6	8	28
6	9	26
6	8	25
6	10	32
4	4	23
2	6	22
9	12	33
0	6	90
0	8	90
6	8	27
1	4	23
0	12	91
0	13	91
3	6	21
3	7	24
2	8	25
5	7	26
3	7	24
0	10	91
0	8	91
2	6	20
9	13	33
6	9	24
7	12	30
0	8	90
0	13	91
7	8	28
2	9	25
1	9	25
3	10	26
4	6	24
8	11	36
6	10	30
5	10	24
0	4	79
0	2	79
2	5	20
0	8	90
9	11	28
10	12	31
5	8	29
10	12	29
1	43	91
1	5	20
3	5	20
2	21	91
8	14	32
3	6	22
0	15	82
8	10	30
3	7	22
1	10	89
0	13	90
4	6	21
3	7	23
5	10	28
4	9	26
0	-1	90
0	-1	91
3	6	21
3	6	22
3	5	22
4	9	30
7	8	26
5	6	25
0	6	90
0	11	91
8	10	31
9	8	30
9	9	30
5	9	25
2	5	20
1	5	22
4	8	21
0	21	90
4	6	23
2	6	22
6	12	31
0	9	90
0	7	91
5	8	24
6	9	25
7	10	25
5	7	24
4	10	33
2	10	24
2	8	23
2	7	21
1	6	21
6	11	27
2	5	20
5	6	23
11	11	35
3	5	22
0	11	90
0	13	91
0	7	91
0	10	91
7	10	26
6	11	26
0	8	91
0	15	90
3	11	28
0	8	54
6	11	30
6	9	29
5	9	24
4	7	23
3	8	22
4	8	23
4	9	26
2	8	22
7	10	32
5	11	31
8	12	33
8	11	33
10	13	32
8	9	31
6	12	33
2	6	22
2	6	21
6	10	28
4	10	25
3	6	23
3	7	21
4	7	22
8	13	34
7	10	26
3	8	22
2	5	22
3	5	21
8	12	31
5	6	24
2	5	24
3	4	22
6	10	24
1	4	23
2	6	22
2	5	22
2	5	21
2	6	21
4	10	25
4	7	23
10	11	32
2	8	25
4	5	25
8	5	28
5	7	31
0	16	86
0	16	86
10	13	32
0	37	91
8	9	26
6	10	27
3	8	22
9	13	35
3	9	23
6	11	31
6	7	25
6	11	28
8	10	31
3	7	23
4	6	24
4	9	23
5	6	23
0	4	90
0	6	91
4	10	24
4	10	26
5	10	25
4	7	23
4	8	22
2	7	24
3	7	25
9	9	28
5	8	25
6	10	28
0	13	90
8	13	31
6	8	25
4	11	25
3	7	23
4	7	22
7	9	27
0	11	91
6	6	31
4	5	24
0	10	91
6	10	31
6	10	30
0	6	91
0	6	91
3	5	23
0	8	91
9	10	31
0	3	48
4	6	23
2	6	24
3	5	22
8	11	30
10	14	32
5	11	31
5	11	27
5	10	26
5	10	28
2	8	25
2	5	21
3	24	91
4	8	25
3	8	23
3	7	24
5	8	24
3	7	21
5	8	24
3	7	21
2	7	25
4	7	23
5	10	28
3	6	20
3	6	21
4	7	23
6	10	25
3	4	22
1	4	91
4	11	25
2	6	22
3	4	22
3	7	22
4	5	24
5	6	25
2	5	21
0	12	91
0	11	91
5	9	24
2	5	20
4	10	24
0	7	89
7	7	28
6	11	30
2	5	23
3	6	22
0	5	90
0	8	89
3	7	21
3	5	22
5	13	31
4	8	21
0	15	91
0	13	91
11	12	33
4	7	23
4	5	23
3	6	21
3	6	21
3	7	22
4	8	24
3	10	24
7	8	27
0	14	91
4	6	23
4	5	24
7	9	32
2	4	23
0	4	90
0	11	90
5	9	90
5	9	22
3	7	21
5	10	24
5	8	23
3	8	22
1	4	21
2	4	23
4	6	23
2	8	23
4	8	24
8	9	30
7	9	30
7	11	28
7	7	26
5	9	27
3	6	24
3	6	22
2	5	20
1	5	20
3	8	26
4	10	26
5	7	27
6	9	24
8	10	31
8	10	30
8	10	32
0	24	90
0	14	90
0	13	91
3	8	22
9	13	36
2	8	21
7	11	27
6	10	25
5	9	24
5	9	26
9	8	31
7	5	30
7	10	31
5	8	26
5	9	24
4	8	24
4	8	23
6	9	26
4	9	25
4	8	23
5	7	22
6	6	24
8	12	31
2	5	23
0	19	87
4	6	23
9	11	34
8	10	29
4	8	21
7	11	26
3	6	22
2	6	21
6	10	26
3	8	23
3	8	21
3	7	23
2	7	23
1	4	21
4	9	23
4	9	23
8	12	30
7	11	25
8	12	30
0	7	91
2	6	22
5	12	30
4	8	21
4	11	30
5	9	23
8	11	26
6	9	30
2	3	21
2	5	20
6	11	31
4	6	23
8	9	30
5	6	25
4	9	25
3	8	24
4	8	23
4	8	23
4	8	22
4	6	21
9	11	30
8	9	29
4	10	23
3	6	26
3	5	22
7	9	27
6	10	30
3	10	23
5	-1	91
6	9	26
7	11	26
6	11	25
6	10	25
6	11	25
5	7	23
0	19	91
5	7	23
4	6	22
3	4	22
5	11	32
5	9	29
5	17	91
2	16	85
1	2	20
2	6	22
6	11	30
4	10	28
3	7	25
4	11	25
5	7	25
5	7	24
6	7	26
1	3	21
6	11	27
6	10	25
2	5	22
8	8	25
4	8	24
3	8	22
4	7	23
2	7	24
1	6	21
7	10	27
4	8	22
5	5	25
5	11	29
4	6	24
5	6	21
4	7	21
5	10	31
4	7	23
2	6	21
0	3	22
1	4	21
9	14	33
9	12	32
3	7	24
3	8	24
3	9	23
2	9	24
2	9	23
2	9	25
6	8	28
6	11	29
8	12	27
9	13	32
0	16	90
0	15	91
3	5	22
2	6	20
2	4	23
5	10	26
4	10	30
2	8	23
2	7	21
5	9	25
12	16	37
8	14	32
7	11	28
6	12	24
4	6	26
12	13	34
4	6	22
3	4	21
8	12	34
9	8	30
9	11	32
6	11	25
6	12	27
7	12	32
11	12	31
3	5	22
3	7	23
4	5	25
6	11	33
3	7	26
10	14	33
4	10	25
3	8	23
3	7	23
3	7	22
0	17	91
0	9	89
9	12	35
2	5	22
2	5	21
3	7	21
4	6	23
3	7	22
5	11	30
4	10	24
0	12	90
7	10	28
3	5	22
3	7	23
4	6	22
3	7	22
6	8	24
3	7	23
3	6	21
4	8	24
3	7	23
4	8	23
9	13	34
4	12	30
3	7	20
3	7	21
4	6	23
5	6	24
6	8	28
6	9	30
3	8	28
5	11	33
6	11	31
5	10	25
3	7	20
8	10	31
2	8	21
6	9	25
3	6	21
4	6	22
7	8	27
9	11	30
4	9	24
4	7	21
5	8	22
3	7	22
3	7	21
3	7	22
7	8	26
6	11	30
6	9	28
1	6	23
0	30	90
0	5	22
4	9	23
3	5	22
3	7	21
7	12	30
5	10	25
4	6	22
4	9	23
3	9	24
8	10	32
2	4	21
6	7	26
4	7	22
1	5	20
2	7	23
2	6	21
2	7	21
8	13	34
3	8	21
2	5	22
2	5	22
5	13	27
0	7	91
6	10	28
5	9	28
3	7	22
4	11	32
1	3	20
5	7	24
6	10	27
4	7	22
5	7	23
2	6	21
0	17	91
0	5	90
3	5	21
9	11	31
5	7	25
6	9	27
8	10	30
6	7	27
4	6	25
2	4	21
6	11	30
3	6	22
1	12	90
1	10	91
2	6	25
0	2	20
0	3	22
1	2	20
1	5	22
1	5	21
1	4	20
3	6	21
6	8	25
3	6	21
8	10	32
5	8	23
3	6	22
5	9	23
3	8	23
3	7	21
3	7	22
5	9	23
3	6	25
3	6	23
1	6	22
3	7	21
5	7	26
4	9	23
3	10	27
3	10	23
7	10	27
5	8	24
6	7	26
4	9	25
3	10	22
8	11	31
4	8	24
6	8	26
4	10	24
5	6	23
0	13	91
4	9	30
5	9	23
1	24	91
4	9	30
6	11	30
0	9	91
0	16	90
3	8	24
3	12	30
3	8	25
3	7	23
2	8	24
8	13	34
4	9	24
4	9	23
3	8	22
2	7	24
2	6	23
5	20	91
2	9	22
2	8	21
3	34	90
5	11	26
3	6	22
6	8	25
2	5	20
0	2	21
1	3	21
5	6	25
10	11	32
3	6	23
3	7	20
7	13	31
3	9	31
5	9	23
8	12	30
6	7	25
4	7	25
4	8	24
4	11	24
4	10	23
2	7	22
3	6	22
4	6	21
3	9	26
2	4	21
7	6	27
3	5	23
3	8	23
3	8	25
2	9	25
5	10	29
2	4	21
1	8	25
2	8	24
2	8	22
3	6	24
2	6	22
6	10	31
4	6	23
3	7	24
7	7	30
1	8	91
5	8	28
0	2	23
1	13	91
0	6	90
0	10	91
0	12	90
4	7	26
2	5	21
5	7	23
4	8	22
2	5	23
2	5	20
2	6	20
0	5	26
0	5	24
1	4	23
0	5	22
1	4	21
0	4	21
2	5	23
4	9	23
6	9	31
6	8	30
6	9	31
5	8	25
5	7	24
4	7	27
8	10	31
3	8	27
4	11	31
6	8	29
7	10	31
3	7	24
4	8	26
6	11	32
2	8	28
7	11	28
6	9	30
6	10	25
5	11	26
5	10	26
4	9	24
6	11	24
4	10	25
4	10	25
2	5	21
1	5	20
2	4	21
6	10	30
10	14	34
6	7	25
2	7	23
6	8	30
4	7	25
4	8	25
7	13	33
7	12	33
0	9	91
0	9	91
5	7	24
4	6	23
7	6	26
0	10	90
5	6	25
4	5	25
4	6	23
2	6	22
4	6	21
5	9	25
0	4	22
8	13	33
6	11	31
0	9	91
2	3	25
5	9	24
2	4	22
2	6	21
3	6	23
3	7	24
4	10	25
3	9	23
5	10	24
1	7	21
1	3	21
6	9	26
4	7	24
0	9	88
0	12	90
3	4	21
2	4	22
1	4	22
2	5	23
1	6	24
6	6	26
2	3	24
2	8	26
3	6	21
1	3	22
0	9	89
0	13	91
5	24	91
4	26	91
4	25	91
6	25	91
4	6	21
4	4	26
7	10	27
3	8	21
0	8	91
0	14	90
0	8	22
8	14	38
1	12	91
1	13	91
9	12	36
3	7	26
3	7	21
3	7	21
2	5	21
6	10	28
3	6	21
3	7	22
6	12	30
7	9	31
10	10	28
6	8	27
5	11	30
5	11	30
5	11	32
2	8	22
5	7	25
8	9	34
3	6	22
4	8	25
1	8	20
3	6	22
2	5	21
3	7	21
3	7	23
2	7	23
1	5	21
7	11	30
8	12	31
2	6	22
2	6	22
7	7	28
2	8	23
2	6	21
3	6	23
8	10	26
6	9	30
3	8	22
4	6	23
7	8	26
0	4	20
7	13	31
3	5	21
5	7	25
3	5	24
3	5	23
5	7	25
3	11	29
6	11	30
5	13	30
4	12	28
8	10	29
7	11	27
2	6	23
5	7	24
3	6	22
4	11	25
2	5	21
4	7	22
11	12	36
7	11	30
7	11	31
3	6	20
5	7	23
5	8	24
7	10	27
1	7	21
7	9	30
8	7	26
3	5	21
5	10	28
6	7	22
7	9	28
3	9	24
3	7	25
5	8	24
4	11	28
5	12	28
5	7	25
7	8	32
5	7	24
9	12	34
9	11	33
6	9	31
2	8	23
4	8	25
2	5	20
2	5	21
0	3	22
12	17	35
2	5	23
3	7	24
3	7	25
5	12	30
6	10	28
5	8	26
5	8	25
2	4	22
9	13	33
1	6	22
5	9	27
0	5	74
1	6	74
1	4	22
2	7	22
3	7	22
7	10	30
6	9	28
6	9	29
3	5	22
6	7	23
3	9	24
2	5	21
6	8	25
2	6	23
16	25	55
3	6	24
2	4	20
6	10	29
2	6	23
0	4	21
2	4	24
0	4	21
8	11	34
6	10	32
6	10	30
5	8	29
9	10	33
7	10	32
7	10	35
7	8	33
4	10	30
3	5	23
2	7	22
5	8	25
27	40	89
4	7	25
6	10	28
4	9	24
8	12	31
3	9	23
4	7	23
7	11	28
3	7	23
6	8	26
8	11	32
0	12	91
0	16	91
4	5	23
9	13	34
10	10	33
7	9	25
5	12	30
2	7	25
0	6	90
5	8	24
5	7	24
4	7	23
0	9	73
9	13	29
6	9	30
4	7	25
3	6	22
4	8	28
3	8	25
4	7	25
6	11	29
2	9	30
4	7	22
0	0	23
4	8	24
3	10	24
4	8	25
4	6	23
8	11	31
5	9	26
7	10	29
3	7	22
2	4	22
2	5	21
7	14	29
11	15	37
0	21	91
4	9	25
5	10	24
5	9	26
4	7	25
2	7	21
5	9	28
12	15	38
11	14	36
7	9	25
5	7	24
3	6	22
5	8	25
4	7	24
3	8	26
4	8	27
2	7	23
2	7	25
2	6	26
2	5	22
4	7	24
2	6	22
3	5	22
4	8	21
7	13	31
7	7	25
2	5	20
2	5	20
5	10	24
5	9	24
8	11	29
8	11	29
9	12	32
8	13	34
8	11	31
9	10	30
0	13	85
3	6	23
3	6	24
4	6	23
3	5	23
2	5	20
3	5	20
4	7	25
5	7	27
7	10	25
1	7	21
4	6	23
4	6	22
4	8	23
7	13	30
5	50	91
3	6	24
3	7	25
4	8	27
3	6	23
3	6	23
5	7	23
7	11	30
5	7	25
0	8	90
0	17	91
10	14	33
7	8	26
6	12	26
2	9	21
2	8	22
3	-1	91
2	4	22
1	4	20
4	9	22
1	5	21
2	4	21
2	3	21
6	10	28
5	10	26
6	11	27
5	9	24
5	8	23
3	7	23
0	17	90
8	8	27
7	7	25
2	8	21
7	8	25
4	8	23
10	10	34
11	11	33
11	12	33
11	12	35
1	4	22
2	7	21
6	6	30
6	7	23
5	6	22
4	9	24
7	7	30
5	6	25
7	10	33
9	9	29
9	9	28
3	7	22
5	9	21
4	8	22
10	11	30
7	13	32
6	9	26
5	8	26
2	11	63
5	11	27
3	7	22
3	8	23
9	15	32
4	7	21
3	6	23
8	7	31
9	7	30
7	11	26
2	8	23
2	8	24
6	11	28
4	9	24
3	7	20
7	14	34
3	15	30
4	7	24
3	5	22
8	14	32
7	16	91
5	9	26
4	10	24
4	4	22
3	4	22
2	3	20
7	10	32
7	9	31
4	8	31
8	10	30
0	4	21
3	5	24
1	5	20
1	4	21
6	9	24
2	5	21
7	11	31
2	8	21
3	5	22
4	26	90
2	8	22
3	8	21
3	7	23
3	10	23
0	5	88
0	7	91
5	7	22
6	10	31
5	8	26
5	8	25
3	4	22
4	10	90
3	9	25
4	8	24
4	6	21
4	8	22
5	11	25
4	11	24
7	11	27
3	5	24
7	11	31
7	11	30
9	11	30
10	14	34
9	13	34
10	12	29
10	13	32
10	14	31
9	13	30
9	11	28
5	8	24
0	11	89
2	6	22
2	7	23
13	19	39
9	11	34
2	5	20
1	7	20
8	12	31
1	3	22
1	3	21
5	9	31
7	7	25
3	8	24
0	15	91
6	11	30
3	7	22
1	8	22
2	9	21
1	8	21
8	12	31
10	14	36
3	10	25
3	10	25
4	10	25
3	8	24
3	9	23
4	8	23
9	15	32
2	6	24
2	6	20
2	5	21
3	7	23
3	10	23
7	11	29
4	9	24
5	17	36
6	8	26
5	6	24
6	7	25
7	11	26
2	5	20
3	6	22
4	7	25
6	6	24
7	11	29
2	7	22
2	6	21
4	27	91
0	8	91
0	9	91
5	8	24
4	7	23
3	8	24
5	8	27
6	9	25
5	7	27
4	5	23
4	5	24
4	5	23
5	6	23
2	6	22
4	5	22
9	8	31
2	6	22
2	6	21
0	26	90
9	12	30
7	7	25
0	9	57
5	10	31
3	7	22
6	12	31
3	9	25
3	8	25
3	8	24
6	9	25
4	7	31
3	5	20
1	5	21
3	5	23
3	5	23
2	5	22
3	5	23
0	-1	90
0	-1	91
4	6	24
4	7	23
4	7	25
6	9	24
5	9	25
3	8	25
7	11	32
9	15	36
0	9	89
0	6	90
5	6	24
2	5	21
1	6	22
6	11	29
2	5	22
9	7	32
2	10	23
4	8	23
4	7	23
3	7	24
0	21	90
8	10	32
7	8	29
6	7	27
0	6	22
4	6	24
4	6	22
3	3	22
6	11	30
1	3	21
6	8	26
3	5	20
0	-1	91
0	13	91
4	5	24
4	5	25
5	9	26
3	7	26
3	9	26
2	9	24
4	8	24
4	8	23
4	8	22
3	6	24
2	5	22
10	8	35
10	9	32
2	5	22
0	10	90
1	2	23
0	15	90
1	6	22
1	5	21
7	8	30
3	4	21
9	10	37
9	8	33
7	7	33
9	6	29
8	8	34
5	6	26
6	6	27
6	8	27
6	8	27
5	7	26
3	5	20
5	8	23
5	10	25
5	10	32
3	9	26
3	7	25
3	7	24
3	8	25
0	12	91
0	10	91
0	10	89
0	14	90
6	9	26
5	-1	91
2	7	21
1	7	22
7	13	30
2	5	22
6	9	32
5	7	24
5	8	23
3	7	24
0	5	90
0	9	91
12	37	90
4	8	30
7	10	31
6	9	26
2	9	24
4	12	30
3	8	23
5	12	30
3	6	24
5	9	25
2	8	22
4	11	30
7	8	29
4	8	25
0	-1	88
7	11	33
3	5	23
2	10	23
5	8	25
5	10	25
2	6	23
6	12	39
7	9	31
1	5	21
4	8	23
2	5	21
7	10	32
9	7	31
3	6	23
5	9	22
3	7	24
2	5	21
2	5	21
4	7	23
7	10	30
6	8	23
5	8	26
7	10	29
2	6	24
2	6	21
2	6	21
3	7	24
4	6	26
6	10	30
5	9	24
6	11	32
5	9	32
6	10	30
5	8	26
0	3	20
0	7	90
0	8	90
2	5	23
5	7	25
0	16	90
11	13	34
5	8	22
6	11	31
4	8	26
4	7	24
4	6	22
3	8	22
4	8	23
3	6	24
0	3	36
0	19	88
0	19	88
5	12	27
4	6	23
5	10	26
2	5	22
6	13	31
8	10	29
9	9	27
4	8	24
3	9	23
0	6	87
0	2	91
2	7	22
2	5	21
8	13	33
7	11	30
2	6	21
1	4	21
0	17	91
0	12	91
0	10	91
0	9	91
3	8	24
3	6	23
11	15	38
13	16	41
10	14	35
11	18	41
11	16	42
11	15	41
10	14	37
9	13	38
2	6	20
5	9	26
1	5	23
0	5	21
1	7	23
3	8	23
3	10	24
4	9	23
5	8	25
3	7	24
2	9	23
2	10	23
2	7	21
4	7	24
6	10	25
0	11	90
6	9	24
6	12	34
7	11	29
8	13	31
7	12	30
0	8	91
6	11	28
4	6	23
3	5	21
7	11	30
3	10	23
4	8	22
3	6	21
7	15	33
5	6	25
3	6	21
7	9	25
8	16	32
4	8	24
5	8	22
0	6	90
3	10	26
8	36	91
8	9	26
2	4	23
2	4	21
6	11	26
1	5	21
6	11	26
6	11	31
6	11	30
7	10	28
1	9	91
3	6	25
1	6	23
2	6	22
3	7	23
3	7	22
7	10	26
8	11	27
4	7	23
8	14	33
6	8	25
4	6	23
3	6	21
6	20	45
4	8	26
10	11	34
8	10	30
6	10	26
0	7	91
0	8	90
3	6	23
4	6	24
4	6	23
4	6	24
5	6	25
4	9	30
8	16	33
6	11	27
3	7	21
3	9	22
1	4	20
3	6	21
2	6	23
3	8	21
2	4	22
3	8	25
9	11	39
7	10	34
9	13	36
5	8	31
6	9	29
7	11	34
7	11	34
6	7	25
7	10	31
7	10	25
0	11	91
0	12	90
6	11	30
7	28	90
3	9	23
4	5	24
4	12	30
7	9	27
2	6	20
4	9	30
2	6	22
2	6	21
2	7	23
4	10	25
5	6	21
4	4	22
4	8	24
12	11	38
4	6	24
7	10	31
2	5	22
1	3	22
1	4	22
3	7	20
4	8	23
5	8	22
4	8	23
6	10	32
4	10	26
4	8	24
5	8	24
3	8	23
4	13	31
7	10	27
0	9	91
4	7	22
8	13	36
10	13	35
11	14	38
6	9	26
8	9	27
8	11	29
7	11	32
7	9	27
6	9	30
9	10	31
3	6	22
5	10	30
3	7	24
0	9	91
5	7	26
2	7	22
1	4	25
1	3	23
6	10	26
3	5	21
6	9	25
1	4	20
3	5	21
4	6	23
3	6	22
4	7	34
7	9	31
3	6	25
6	9	25
5	10	25
8	10	29
2	6	21
3	5	24
3	4	24
2	2	22
5	11	28
6	11	25
4	9	24
5	11	30
5	8	23
11	13	37
0	10	88
3	6	24
2	6	22
0	10	91
3	8	21
4	10	26
3	5	22
8	12	34
5	13	34
5	11	33
6	9	34
5	8	28
6	13	29
0	21	91
0	9	91
0	13	90
5	11	25
4	7	24
6	7	26
5	7	24
6	12	30
2	7	22
4	11	24
0	2	22
6	8	26
2	10	26
5	9	25
4	8	24
3	7	23
2	6	21
3	7	22
2	7	22
2	9	23
8	12	28
5	8	25
7	6	25
1	9	90
0	5	90
2	6	23
6	9	26
6	10	25
3	5	24
0	11	91
0	10	90
8	11	32
2	3	22
1	3	21
1	3	21
3	7	23
2	7	22
2	6	20
7	7	29
2	5	21
2	5	23
4	9	25
3	9	21
7	14	35
2	9	91
4	6	21
0	16	90
0	10	91
1	4	21
4	8	30
0	2	90
3	8	24
4	8	23
5	5	23
7	8	26
8	15	32
5	7	23
4	6	24
5	10	30
0	16	90
0	16	90
0	16	90
2	17	90
3	10	23
4	8	23
2	5	25
3	5	24
3	4	23
2	4	22
2	4	20
5	10	24
3	8	23
5	7	23
3	6	22
7	9	26
3	8	23
3	9	24
2	10	25
2	7	23
2	6	23
2	5	22
2	6	23
2	8	23
2	6	21
4	7	23
7	10	27
3	8	23
4	6	21
5	7	24
7	8	30
7	10	30
5	8	25
5	8	25
5	11	26
2	7	23
4	7	23
2	5	22
7	10	30
2	5	22
8	11	24
4	7	22
8	13	31
5	8	26
3	6	23
3	6	21
2	23	90
5	12	25
3	8	25
3	8	22
9	11	29
6	10	26
0	7	91
0	12	90
3	7	21
4	7	22
8	7	28
8	7	27
6	7	26
4	7	24
3	5	24
3	6	25
4	13	30
6	10	26
2	6	22
5	6	25
3	9	25
2	5	21
0	11	91
8	14	33
9	13	32
8	10	32
9	9	33
6	8	29
8	9	31
9	8	31
6	8	24
8	8	32
5	8	25
0	8	90
3	8	23
4	8	22
6	11	31
5	7	25
3	8	22
3	7	23
4	8	22
10	12	39
11	13	39
12	12	34
10	13	35
8	10	32
9	12	31
2	5	21
3	9	27
4	12	33
6	8	25
6	9	28
8	8	30
8	12	30
2	8	25
3	7	22
4	7	23
5	11	30
4	7	24
2	4	20
7	9	29
0	9	90
0	7	91
5	9	25
0	11	90
1	15	91
1	5	20
3	10	24
2	4	22
6	9	24
2	6	21
6	10	26
8	8	34
5	13	30
6	12	30
3	6	21
6	10	31
6	11	30
5	10	24
3	5	22
4	10	27
4	7	24
2	6	20
2	7	21
8	9	26
8	10	27
1	5	21
7	9	27
2	7	21
2	6	21
10	10	39
2	6	22
1	5	25
6	8	24
8	9	30
6	11	30
4	7	26
6	9	30
0	7	91
1	6	91
4	7	25
3	7	22
8	14	34
4	7	23
7	9	28
6	11	26
6	7	26
9	9	30
9	10	32
8	9	31
5	8	24
7	8	25
5	6	26
4	9	25
3	7	23
2	5	21
7	7	24
0	7	91
0	5	90
2	7	22
2	6	21
0	1	23
7	8	26
3	7	23
7	13	29
6	11	30
8	11	31
3	9	23
3	7	21
2	8	23
2	5	21
1	5	22
4	7	26
6	10	25
4	8	25
6	8	25
5	9	28
3	5	25
2	5	21
2	4	22
0	8	90
0	8	90
0	6	90
0	10	91
4	7	21
4	7	23
0	6	91
0	11	91
0	2	22
8	9	30
5	10	30
0	8	90
0	8	91
3	7	22
3	7	21
2	7	21
2	6	24
2	4	20
4	11	25
2	4	20
4	6	24
6	10	26
3	6	23
2	7	22
0	3	23
4	9	25
4	10	30
0	8	73
4	10	30
4	8	23
8	10	32
2	5	21
3	4	21
3	5	21
8	10	32
8	10	34
4	7	23
4	7	23
4	8	23
4	8	22
3	8	26
2	8	25
3	8	24
2	7	23
2	6	22
2	6	21
4	8	25
3	9	22
2	8	22
0	6	91
0	12	91
4	8	26
4	7	22
1	7	21
3	9	91
9	13	35
2	7	23
4	5	23
3	6	22
6	12	31
2	6	23
5	6	25
9	16	35
8	12	30
2	7	22
4	8	25
6	11	26
5	8	24
5	9	27
6	9	24
9	13	32
5	8	25
6	8	26
7	15	33
3	6	21
7	11	31
3	9	22
1	4	23
0	3	22
9	11	30
4	7	24
4	8	25
3	8	26
6	10	30
7	12	31
6	10	29
6	9	27
5	10	29
7	11	28
3	8	26
8	13	32
7	10	29
2	6	21
4	5	25
3	7	22
0	6	91
0	8	89
7	11	29
6	10	27
4	6	23
6	6	23
6	11	27
0	2	20
0	2	22
8	8	29
3	7	25
3	6	24
2	4	22
0	3	21
0	10	90
0	7	91
2	5	23
2	6	20
2	7	21
5	8	24
7	11	28
7	12	29
1	4	21
1	4	22
0	9	89
1	6	33
0	4	23
8	10	27
7	13	29
0	2	23
9	13	31
9	14	35
6	14	33
3	6	20
4	7	23
3	6	21
3	6	20
2	6	23
6	9	30
2	8	25
4	7	24
4	6	23
4	6	22
4	6	21
6	9	26
4	8	24
7	12	33
4	9	24
4	6	21
9	8	34
9	8	31
9	8	30
5	8	24
7	10	28
8	11	30
7	9	30
2	2	21
2	8	23
3	7	24
2	6	22
7	12	30
4	9	23
3	8	22
5	8	23
6	9	32
0	9	91
0	8	90
9	12	34
8	13	34
0	15	91
0	9	91
0	12	89
2	7	21
5	11	31
5	8	24
1	3	22
0	3	20
2	6	21
7	11	30
2	6	24
2	6	23
2	5	22
0	5	86
0	6	86
5	13	34
4	9	23
12	14	34
0	8	91
5	8	24
6	8	24
2	4	21
3	7	21
0	9	91
0	10	88
2	5	22
7	9	26
5	9	31
4	31	90
6	9	25
8	8	31
9	9	32
4	10	26
7	9	31
0	11	90
4	7	26
1	3	22
3	8	26
1	25	90
3	4	22
10	13	35
8	11	35
9	12	31
8	9	31
8	10	32
8	10	29
4	8	25
3	7	23
3	8	23
3	8	21
4	7	23
6	12	30
7	11	30
1	7	27
4	8	21
3	8	24
0	7	91
0	9	91
3	62	90
8	8	27
3	5	23
3	5	26
4	8	21
5	7	23
8	10	31
4	7	23
2	6	21
3	7	22
3	6	21
2	5	22
2	7	22
0	9	90
0	9	91
5	12	30
3	7	22
0	3	22
2	5	23
1	5	22
0	4	21
0	4	21
4	7	25
5	8	24
4	8	25
8	10	35
0	7	90
3	10	26
4	9	26
2	6	24
6	9	27
5	8	24
10	14	36
10	13	33
11	15	37
9	13	30
8	12	29
9	12	29
7	9	26
4	8	23
4	7	23
5	6	22
3	7	24
2	2	30
3	7	23
6	9	25
0	9	91
0	9	91
2	6	21
3	32	90
7	32	90
0	38	91
0	5	91
0	7	88
5	7	24
0	13	90
0	12	90
8	10	29
7	10	28
2	7	21
0	9	91
0	6	90
0	8	90
0	11	91
4	8	23
4	6	21
5	6	23
7	10	31
4	10	26
6	9	30
3	5	22
3	5	22
0	8	91
0	7	91
4	6	22
4	7	21
1	4	20
10	13	35
7	10	28
7	9	30
6	8	24
5	8	26
3	8	22
1	7	20
9	14	36
2	7	24
2	7	23
5	9	27
6	7	26
4	10	25
4	9	24
4	9	24
3	7	22
3	7	23
4	11	30
4	7	24
4	7	25
5	6	25
3	6	25
3	6	22
4	7	23
4	9	25
5	10	25
7	10	30
3	6	21
4	10	25
4	6	23
6	11	26
7	8	26
7	10	31
2	7	23
3	7	22
2	5	21
2	7	20
6	8	32
4	8	26
4	6	25
5	10	24
5	7	24
4	11	27
2	10	24
2	13	27
4	9	26
5	12	31
2	10	24
3	10	23
4	9	27
4	10	26
4	9	25
0	8	91
0	12	91
0	11	90
2	7	24
4	6	22
0	16	91
4	9	25
4	9	24
3	11	25
4	8	25
3	8	24
3	7	23
3	6	21
9	9	32
8	9	30
4	9	23
8	11	30
4	12	28
3	11	30
0	7	90
0	11	91
6	12	31
6	10	28
3	9	26
7	28	91
0	11	81
6	7	26
3	7	22
1	7	21
0	-1	90
4	13	30
10	35	90
8	11	31
1	7	21
2	7	22
2	6	21
2	6	20
8	9	33
4	7	26
0	-1	91
0	-1	85
3	6	24
2	7	22
7	10	25
3	11	25
3	5	24
3	10	25
2	8	24
2	9	24
2	9	22
2	7	22
7	12	30
5	7	26
5	7	27
7	8	27
4	8	24
5	8	25
4	7	25
5	25	91
1	5	21
6	7	24
4	11	30
8	13	35
8	11	32
9	8	32
6	7	28
8	8	30
7	11	27
7	10	28
6	10	28
7	10	28
4	10	23
4	9	23
4	9	22
2	8	21
2	8	20
2	6	20
0	13	91
0	15	91
5	15	32
4	8	24
0	14	90
0	9	91
6	10	26
12	14	38
6	11	26
1	3	21
1	4	22
3	7	21
5	7	22
4	9	24
4	8	23
8	7	33
1	6	23
10	9	30
7	10	28
0	12	91
0	10	90
6	8	25
5	8	24
4	6	22
3	6	22
3	6	24
2	7	22
8	9	26
8	11	30
6	8	26
4	8	25
4	10	27
1	5	23
8	12	30
4	8	24
8	-1	40
8	12	31
4	7	25
3	6	22
3	6	26
4	6	25
8	17	29
4	8	23
6	10	30
9	14	32
4	7	24
2	7	23
2	7	22
5	11	31
8	13	30
2	4	24
2	7	22
0	7	91
0	3	90
8	9	29
4	7	23
7	9	29
7	10	27
3	7	23
5	11	27
9	11	35
6	10	27
2	6	22
5	9	24
4	9	23
6	8	24
10	13	30
0	4	21
6	13	31
6	10	26
8	13	31
7	13	31
10	10	37
9	11	35
5	9	30
3	11	25
3	9	24
3	10	25
6	8	24
6	9	30
9	12	29
8	11	28
8	11	26
7	11	27
8	12	29
7	10	26
2	5	23
2	5	22
3	7	30
7	9	25
6	9	24
6	9	25
2	5	22
4	9	23
8	9	27
0	-1	90
6	11	26
6	10	28
6	12	33
4	10	28
3	11	29
3	7	24
7	11	31
3	6	21
5	10	27
3	5	22
1	5	20
2	8	23
10	13	35
10	15	36
7	15	33
4	9	30
6	8	25
7	8	30
6	13	30
7	13	31
2	5	21
3	7	22
2	6	22
3	8	26
3	8	25
6	15	32
6	8	24
7	11	31
4	5	24
4	6	22
7	8	24
5	8	23
1	2	22
3	7	22
8	11	34
3	7	22
3	6	22
4	6	22
5	10	29
6	7	23
5	8	26
8	19	37
9	11	30
8	13	30
0	5	21
11	10	31
6	9	25
3	6	21
3	6	23
1	9	24
2	8	23
2	7	22
2	6	22
6	7	21
6	7	23
6	8	27
6	11	30
8	10	26
3	8	24
3	9	23
2	8	21
4	8	23
7	11	28
4	8	23
5	8	24
5	13	25
5	9	27
4	7	26
5	10	25
2	7	22
2	6	20
2	8	23
2	8	23
2	8	24
2	9	24
3	38	91
4	37	91
6	38	91
2	4	21
2	6	22
2	5	20
4	6	21
3	6	21
1	5	20
2	4	21
3	9	22
0	11	90
0	11	88
5	7	25
2	6	23
3	7	22
3	7	21
4	9	26
9	11	34
11	12	35
10	12	34
7	12	30
3	10	25
4	6	26
9	12	31
5	8	23
6	10	26
3	7	22
7	12	34
7	10	27
4	9	24
5	9	26
7	12	32
6	9	27
9	12	37
9	14	36
2	9	24
1	4	22
3	7	22
3	8	21
1	8	22
3	8	25
5	9	25
12	-1	43
9	11	31
8	10	28
8	10	29
8	11	30
7	10	27
8	10	26
7	13	30
3	6	22
6	14	31
4	8	24
1	4	21
6	10	32
1	7	24
4	9	23
5	12	31
4	10	24
1	4	21
7	11	26
4	7	27
1	5	23
7	13	27
8	13	36
6	9	32
7	8	27
5	7	21
1	7	20
5	8	22
4	8	30
2	3	22
1	5	24
2	6	24
4	26	91
9	13	28
7	9	30
7	8	24
1	3	23
2	3	22
4	6	24
4	9	23
0	4	22
8	13	30
3	6	25
0	5	22
6	9	24
6	10	25
7	14	30
2	8	23
3	11	25
7	9	29
5	6	24
4	6	24
6	7	25
5	7	24
4	7	26
2	5	22
9	12	32
9	11	31
3	7	22
10	10	33
8	9	25
10	15	37
3	5	23
3	8	21
3	6	23
5	9	24
6	10	30
6	7	30
9	9	27
3	6	20
5	8	25
4	8	24
4	7	23
4	7	22
0	9	89
0	7	84
8	11	30
6	13	31
7	12	28
2	11	91
0	9	90
6	9	24
11	11	35
12	12	37
1	6	21
5	9	25
6	10	27
4	6	23
8	12	33
5	11	24
2	10	22
5	9	26
8	11	30
1	5	26
4	8	23
2	4	23
0	3	22
4	6	24
2	5	23
2	6	21
7	10	28
4	7	21
4	9	35
9	13	32
4	10	30
7	7	28
6	7	25
0	10	90
5	6	30
6	10	32
14	10	38
6	12	28
1	6	22
1	5	21
8	11	30
2	7	24
2	8	24
2	5	22
1	6	22
11	15	35
2	6	21
6	9	30
1	6	20
0	5	23
1	8	21
4	9	23
4	8	21
6	9	31
8	13	31
0	11	90
0	5	91
10	15	36
3	9	23
2	6	22
3	7	23
4	7	24
5	7	25
6	7	25
8	9	27
3	7	24
4	8	24
3	7	25
4	7	25
10	16	36
0	14	91
7	9	31
6	8	30
11	11	35
8	13	29
4	6	25
4	10	31
5	9	30
5	12	27
5	11	27
1	10	90
0	9	91
5	6	22
2	6	26
0	8	66
2	8	22
6	7	30
5	9	24
4	8	22
8	10	26
3	7	23
4	7	27
3	4	21
6	10	25
6	6	24
7	8	26
7	8	25
6	9	25
0	13	91
0	12	91
0	12	90
0	13	90
2	7	22
1	9	90
3	8	23
2	7	22
2	7	22
0	10	91
0	10	90
7	12	29
5	8	23
9	16	35
0	8	90
6	39	90
7	10	28
9	10	32
5	5	28
6	8	30
2	4	21
8	10	27
4	8	26
6	13	30
3	8	23
4	8	24
6	9	29
5	7	24
3	7	23
5	7	23
3	6	24
10	14	41
8	11	30
2	7	21
3	7	26
2	6	21
3	7	24
3	7	26
3	6	23
3	8	26
4	8	34
3	6	24
3	5	22
2	4	22
7	13	30
4	6	26
5	11	26
10	13	36
7	12	34
7	15	32
8	10	31
1	6	21
1	5	21
5	9	25
4	7	25
3	8	26
3	6	22
3	6	23
4	6	22
3	7	22
3	6	23
2	6	23
4	7	21
4	9	25
4	9	23
6	12	32
7	15	32
5	13	32
6	12	28
6	12	30
6	11	27
5	9	26
6	8	25
0	11	91
6	9	27
7	10	30
7	10	27
0	11	91
2	7	22
3	6	21
3	6	22
5	10	31
2	7	22
4	8	25
4	7	23
2	8	22
3	9	24
4	6	24
4	7	25
7	10	28
3	-1	91
5	7	23
8	8	28
7	9	27
4	6	23
8	12	31
0	6	90
0	14	90
4	7	21
1	4	20
2	4	21
3	6	24
13	13	42
13	12	40
9	15	37
3	5	23
5	8	26
3	8	23
4	7	24
5	10	26
9	15	35
8	12	34
3	9	24
4	11	25
4	11	29
4	12	27
6	9	29
0	29	91
2	8	24
2	7	24
6	12	32
8	11	31
9	14	34
8	11	33
7	10	33
6	12	32
6	9	27
7	11	30
7	10	30
6	12	33
7	10	31
7	11	31
5	9	27
7	11	31
2	3	20
7	9	25
6	9	26
4	9	23
7	11	33
3	8	23
2	9	21
2	4	22
3	6	22
10	12	36
9	10	27
3	6	21
3	7	25
4	11	27
7	10	27
5	9	26
4	7	24
3	6	21
3	6	22
3	5	21
8	8	27
5	6	24
3	9	24
0	10	90
1	17	91
5	10	29
5	10	31
5	9	25
6	12	30
4	9	25
3	7	24
2	8	24
9	12	33
7	11	33
4	8	23
9	9	25
8	13	27
3	8	25
2	2	21
4	6	22
3	11	24
3	7	23
4	8	22
3	6	24
1	7	21
4	6	22
5	10	31
7	6	32
4	5	24
5	9	32
4	6	24
4	9	25
4	6	22
4	10	26
1	0	22
7	9	35
5	11	33
8	11	28
3	7	22
1	5	22
2	8	21
5	7	25
7	9	27
9	14	33
3	4	22
6	9	24
2	5	21
0	10	91
6	9	28
8	13	32
0	7	91
2	6	21
6	11	30
0	8	91
6	8	24
8	12	32
3	7	24
5	7	25
4	9	24
3	6	23
4	10	28
5	9	25
6	9	27
4	8	26
3	9	28
3	7	24
2	4	21
9	8	34
4	4	22
2	4	22
1	5	22
1	21	90
3	9	23
2	4	23
4	9	24
4	4	24
0	5	21
5	7	23
2	4	21
5	9	27
2	6	21
2	4	22
7	10	30
3	7	22
5	9	31
4	7	25
6	11	26
6	14	32
0	14	91
0	12	91
3	5	23
1	4	21
2	4	22
0	4	21
10	14	35
10	14	35
5	8	25
2	9	24
6	10	25
0	7	38
0	9	90
7	9	30
4	7	24
4	8	24
5	9	30
4	8	23
5	8	24
10	12	39
7	10	35
7	9	33
6	8	33
6	8	28
5	9	26
8	12	31
5	7	25
6	13	31
5	10	26
3	6	22
3	6	22
3	27	90
6	25	90
0	4	20
8	10	28
8	11	32
0	22	91
8	13	31
2	7	21
3	6	23
3	8	22
9	10	30
9	11	30
4	7	24
3	5	20
0	8	90
1	9	91
3	5	24
5	7	22
4	7	21
0	3	75
2	6	21
2	5	20
9	16	40
2	5	22
3	5	23
7	11	32
9	13	34
6	9	26
5	9	26
5	8	26
7	11	26
8	12	30
0	7	91
3	4	22
4	10	25
3	7	21
0	3	20
1	8	24
0	37	90
4	28	90
1	3	22
3	8	23
4	7	22
4	8	26
1	3	21
3	7	23
2	7	23
5	7	24
5	9	30
2	5	20
3	4	23
1	4	20
7	9	37
3	5	20
4	8	21
5	7	23
2	4	20
3	4	21
2	5	22
5	10	25
7	9	26
7	14	32
5	8	24
0	10	91
0	8	91
2	7	24
4	8	26
3	5	23
6	7	25
4	9	26
2	6	21
5	10	28
0	16	90
0	9	90
0	8	91
0	12	91
2	8	23
2	8	24
7	11	28
5	7	25
5	10	26
4	8	24
4	9	24
4	5	22
2	6	22
4	9	25
5	8	25
4	8	25
3	7	20
6	8	25
0	7	91
0	7	91
0	14	91
0	18	91
6	9	28
6	8	25
4	7	21
2	25	88
6	11	27
0	14	91
2	4	23
3	10	21
2	6	23
2	6	22
4	8	26
4	8	30
4	5	25
5	8	28
4	6	21
9	12	32
1	5	21
4	11	26
6	6	28
0	5	91
2	6	22
8	9	32
2	7	21
7	10	31
8	9	30
9	9	30
3	8	24
3	6	21
2	6	21
2	5	23
3	6	21
0	10	90
0	8	91
1	5	20
4	7	22
0	11	91
7	9	27
2	6	22
2	6	22
4	9	27
5	8	26
4	9	26
5	7	25
3	7	24
3	8	23
4	9	24
4	9	24
4	9	25
2	9	23
1	25	90
8	10	28
8	12	32
6	13	31
7	9	30
3	7	21
7	8	30
8	8	30
9	9	32
4	6	21
1	6	21
1	7	20
3	6	22
7	9	27
5	7	25
8	11	32
2	4	22
2	5	23
3	8	25
2	7	23
3	11	26
4	11	27
4	8	25
5	9	28
5	7	24
8	10	34
4	7	25
5	10	31
4	8	23
0	18	90
11	15	38
2	5	22
0	13	80
0	12	80
6	7	26
0	12	91
2	5	21
3	10	22
2	6	21
8	14	33
8	8	29
3	5	22
1	1	21
0	6	91
2	6	20
2	3	21
3	5	22
4	9	25
0	10	91
5	8	24
2	8	21
4	9	22
6	9	25
5	8	26
6	11	30
3	6	23
3	6	22
0	6	89
0	5	91
0	2	22
0	20	91
2	4	22
4	7	23
7	9	30
8	10	28
5	7	25
4	9	25
5	9	31
3	7	24
4	11	25
6	9	25
4	9	28
4	9	25
2	3	23
1	4	20
7	18	37
4	12	25
6	9	27
5	9	28
5	13	28
3	5	24
10	15	38
4	8	23
5	8	25
2	6	20
4	8	25
0	16	90
0	5	91
0	-1	91
10	10	38
0	13	91
0	5	91
3	7	24
3	9	25
3	7	22
3	8	24
3	9	25
4	7	25
3	8	22
3	7	20
2	7	20
2	7	21
10	15	35
6	9	31
4	9	26
5	6	24
0	3	21
1	4	21
3	6	22
4	10	30
3	5	22
5	6	26
3	6	24
4	5	24
6	9	32
4	5	23
7	14	33
5	8	24
7	10	30
3	7	22
4	7	22
6	9	24
0	9	91
2	8	24
3	7	23
10	12	37
9	13	29
4	25	90
2	6	20
2	6	21
5	9	23
6	10	29
7	18	33
4	10	26
5	10	24
5	8	23
8	8	32
4	7	23
7	9	27
4	7	23
4	7	22
5	10	25
5	8	31
6	8	25
1	6	22
5	10	30
3	6	22
2	7	22
8	10	32
3	11	25
5	9	24
4	5	21
2	5	20
2	6	21
5	28	90
1	5	20
27	25	90
5	9	26
5	9	26
2	8	22
4	8	23
5	8	23
5	9	24
6	10	27
6	9	26
6	8	24
3	8	22
5	9	26
2	7	22
3	7	23
3	7	22
4	8	22
5	6	30
7	11	30
8	11	29
8	11	31
3	7	23
4	7	26
3	8	21
9	11	31
9	14	33
10	14	33
9	16	34
7	12	28
12	13	34
11	15	35
3	6	23
3	9	24
3	8	22
4	9	22
3	7	21
6	9	27
2	5	21
4	8	24
3	8	23
4	9	24
3	6	23
7	11	31
4	4	22
3	8	23
2	6	24
3	7	21
3	6	22
0	17	91
6	9	25
5	9	26
3	7	22
6	11	28
5	7	25
12	35	90
2	5	20
0	-1	90
0	8	91
0	15	91
0	9	90
3	5	21
7	12	30
8	8	29
4	7	24
0	15	90
2	4	20
5	7	24
9	11	31
5	9	30
7	10	32
6	10	30
7	11	33
4	7	28
9	11	36
0	25	91
0	12	91
5	9	26
4	7	25
6	12	29
6	12	28
7	14	32
6	8	32
2	4	22
9	7	34
0	7	91
0	9	91
6	9	28
6	7	26
2	6	22
5	9	23
5	9	23
2	11	24
3	10	23
8	9	33
9	11	35
0	10	90
0	10	90
3	3	23
7	10	32
3	8	26
5	9	27
2	7	22
5	7	21
6	10	26
3	7	24
4	10	25
1	4	22
2	9	26
4	7	23
6	7	23
0	10	90
0	12	90
0	13	91
4	10	30
2	4	22
0	6	90
1	9	91
5	8	24
0	11	90
1	10	91
0	5	23
0	3	22
3	7	21
0	4	91
0	16	90
6	12	35
8	12	36
0	10	89
0	10	89
7	15	32
3	6	24
8	8	30
8	9	32
2	6	23
6	10	25
3	5	21
4	8	27
4	8	23
4	7	24
4	9	23
3	7	21
4	10	30
3	4	23
3	8	24
5	7	25
4	10	30
8	10	28
2	6	21
4	7	26
5	4	22
8	10	31
4	6	25
7	11	32
6	7	24
4	8	24
2	8	22
3	5	20
6	8	31
7	12	32
2	8	23
3	7	24
2	6	22
6	9	27
4	7	24
3	6	24
5	9	31
3	9	23
3	8	22
3	8	21
6	9	27
8	10	29
3	6	22
4	9	31
4	7	23
3	7	23
2	6	21
2	6	21
3	7	22
5	12	25
3	9	24
4	9	23
4	8	23
3	7	22
6	8	30
0	11	85
0	12	84
1	14	84
4	6	22
3	6	23
11	15	36
6	7	26
2	5	21
4	8	22
7	13	27
5	8	24
2	5	22
1	5	20
10	10	33
6	13	30
4	7	22
4	9	21
7	12	28
5	11	27
0	4	91
0	4	90
4	7	22
5	10	25
6	13	30
10	15	38
8	10	25
6	15	29
2	8	21
5	8	27
5	11	29
3	5	22
9	13	31
2	7	24
3	9	23
0	10	90
0	7	91
2	5	21
2	5	21
4	8	23
7	6	24
2	6	21
2	8	30
5	9	25
3	7	23
9	8	27
7	9	29
2	5	23
8	10	28
10	11	31
9	12	32
4	6	21
8	7	28
6	13	30
7	12	36
2	9	21
3	7	25
3	5	23
2	5	22
3	9	25
3	5	24
4	8	23
8	9	29
4	6	30
9	12	34
7	11	32
0	9	48
0	7	48
2	7	23
2	5	21
3	9	22
6	8	24
5	12	27
5	10	32
5	10	30
9	12	32
11	16	91
5	11	30
2	7	21
2	10	23
2	9	21
5	7	25
4	6	21
4	4	23
4	6	23
5	8	24
2	7	21
2	6	21
5	7	27
5	8	23
0	7	91
3	5	22
9	11	32
6	7	24
3	7	20
5	13	30
3	8	21
3	7	21
2	7	21
5	13	31
7	8	25
4	7	22
3	4	24
4	7	25
2	6	22
1	7	24
6	10	29
7	11	33
7	9	27
6	9	27
5	9	26
5	14	31
5	6	22
5	9	24
3	7	22
6	9	24
6	10	24
3	10	25
2	8	27
3	9	24
3	7	24
2	6	20
3	6	22
3	6	21
8	12	30
4	5	22
1	4	21
6	10	31
0	28	90
2	5	21
3	4	22
2	4	21
7	10	32
10	14	35
5	10	30
6	8	27
6	8	24
6	8	25
6	9	29
9	12	31
5	11	30
5	9	27
4	9	28
5	8	26
5	11	32
0	2	22
2	7	24
2	7	22
1	11	24
0	12	91
0	10	91
1	6	23
4	9	34
4	6	25
3	8	22
3	7	22
2	8	24
3	5	21
5	33	91
5	8	24
2	8	23
0	4	91
0	4	91
4	12	28
9	13	33
9	14	33
2	6	21
0	3	21
2	4	24
3	5	22
6	7	23
0	11	90
0	12	90
6	7	25
6	12	29
2	7	22
9	15	33
5	7	26
2	4	21
11	11	37
1	4	21
3	7	22
3	7	22
2	5	22
2	5	21
8	12	33
0	4	28
5	7	24
4	8	25
0	17	91
4	6	23
6	10	30
6	8	27
5	9	26
5	8	23
5	10	29
6	12	33
4	9	27
0	12	91
0	9	90
7	7	25
0	8	90
6	10	24
6	10	24
9	12	28
8	11	29
2	4	22
0	11	90
5	7	25
4	9	24
3	8	22
0	9	91
4	9	26
3	7	20
3	6	24
3	6	25
3	7	22
4	7	23
5	9	25
3	8	23
4	6	32
3	8	22
1	5	21
2	4	20
3	8	22
0	9	91
0	7	91
4	10	26
2	6	21
7	10	27
9	8	30
3	6	22
3	6	21
2	6	23
4	7	24
2	6	23
5	6	24
4	9	25
6	9	25
4	8	25
3	9	26
5	8	24
3	10	24
4	11	30
7	10	26
8	10	28
6	9	25
7	9	27
5	6	30
9	10	28
6	9	26
8	11	26
4	7	26
4	7	25
4	7	25
3	8	25
4	8	26
4	12	32
3	8	24
7	8	27
6	7	23
4	5	23
5	6	24
9	10	30
9	11	31
2	7	23
3	9	24
4	10	24
5	10	25
5	11	27
5	13	30
6	12	32
4	10	24
8	12	30
4	9	25
11	17	38
10	9	30
5	9	31
2	7	21
6	8	27
6	8	26
7	10	26
6	8	23
7	14	33
10	13	32
11	12	33
9	10	28
1	6	20
5	8	23
7	8	25
5	7	28
2	5	22
4	6	21
5	9	25
6	10	34
5	9	24
5	10	26
0	9	90
8	7	28
3	7	23
0	21	91
8	12	32
2	10	91
0	13	90
0	-1	91
1	14	90
4	7	24
8	14	36
2	6	21
0	3	20
0	3	22
0	2	23
11	-1	42
12	13	37
11	13	38
9	11	31
11	11	32
10	12	37
10	12	35
11	13	38
10	12	37
11	11	38
10	11	39
10	11	36
9	11	34
2	6	23
2	3	20
4	8	24
5	13	29
5	8	24
6	12	27
1	23	90
0	11	90
1	5	21
3	6	24
2	7	24
6	9	26
2	9	24
5	8	25
7	11	27
7	11	30
8	9	28
8	9	26
6	14	31
2	10	22
6	7	25
3	6	22
4	7	25
6	10	26
1	9	84
1	10	84
3	5	24
1	2	21
1	4	20
2	5	20
1	4	91
0	8	90
7	9	29
3	7	23
3	4	21
3	7	20
3	6	23
2	6	22
3	6	23
5	8	23
3	7	22
6	9	26
4	8	23
3	8	22
0	10	91
0	3	91
3	6	22
1	5	23
1	5	22
1	27	90
0	20	90
0	20	90
0	20	90
0	19	90
3	8	25
2	5	20
0	24	90
1	7	21
7	12	34
3	5	22
0	8	90
4	7	24
5	8	30
3	6	23
6	8	25
6	7	26
6	8	26
5	7	25
3	8	22
2	6	23
2	5	21
3	24	91
0	-1	91
5	9	30
3	10	30
9	10	31
8	11	31
3	6	20
4	8	24
4	7	22
2	7	21
2	7	24
3	8	26
3	9	25
3	8	24
3	9	25
4	8	26
6	8	27
8	10	27
3	6	21
2	12	37
5	6	27
3	6	22
6	14	31
2	7	22
8	12	31
6	10	27
3	5	23
7	7	25
3	5	22
3	8	23
7	12	28
7	11	26
7	11	30
3	6	21
6	9	25
3	9	24
2	4	22
3	5	22
3	7	22
2	5	21
8	9	33
8	7	29
0	13	91
1	7	91
1	4	21
2	47	90
8	10	30
0	10	90
0	11	91
0	19	91
5	8	26
3	8	23
2	5	23
2	7	24
3	7	21
3	8	24
3	6	23
4	6	23
4	8	24
6	10	26
4	9	27
6	10	32
4	9	26
5	9	28
6	12	32
6	10	31
6	10	30
5	11	31
8	12	28
10	12	29
5	9	26
0	4	22
2	58	90
5	6	24
8	9	28
1	5	21
3	6	22
6	5	26
3	9	21
7	10	35
4	8	25
9	12	32
8	10	28
2	6	22
3	8	24
12	14	37
7	12	28
8	11	30
9	10	28
4	12	28
3	5	22
5	9	31
0	6	51
2	4	21
6	9	30
3	8	22
7	12	29
2	4	22
3	5	24
2	5	22
4	7	23
5	7	22
5	8	22
7	10	30
9	10	30
2	8	23
0	14	86
0	13	86
5	8	26
5	8	24
3	6	21
4	7	25
5	10	30
3	10	26
3	7	23
4	8	24
5	11	27
6	11	26
5	7	26
4	7	22
4	6	24
3	5	21
4	6	25
2	4	22
4	6	24
4	6	22
3	5	23
2	5	21
4	8	22
2	5	21
4	8	23
4	9	22
3	6	24
3	7	23
4	7	24
2	6	20
2	7	21
3	7	21
2	5	22
3	9	25
5	10	22
5	9	24
20	20	90
0	11	90
0	2	91
3	7	25
4	7	22
4	9	25
3	8	24
5	12	30
5	10	30
0	-1	89
0	15	89
3	6	22
3	9	25
7	8	31
14	28	90
0	28	90
2	4	20
2	4	20
3	6	23
2	6	21
0	36	90
3	6	24
1	5	20
0	8	83
0	41	91
0	25	91
17	20	53
2	6	23
2	4	21
0	16	90
0	40	90
4	24	91
0	22	90
7	-1	91
6	-1	91
3	5	20
0	19	91
0	8	91
0	26	91
0	12	91
0	11	91
0	-1	90
22	21	70
0	10	91
0	9	91
3	5	23
0	11	91
3	6	22
0	36	90
3	-1	91
0	5	91
0	13	90
1	36	91
2	5	21
0	12	90
3	4	26
2	5	20
0	9	91
8	12	31
1	15	90
0	11	91
0	10	91
0	5	27
0	13	91
0	12	91
0	13	90
0	12	91
0	13	90
0	12	91
0	13	91
6	7	24
3	7	23
0	12	90
0	11	91
0	14	91
0	15	91
2	15	90
8	12	34
7	10	30
6	9	31
3	5	24
4	6	22
4	6	22
5	11	28
5	8	27
3	8	25
0	12	91
0	5	91
0	4	91
0	9	91
0	11	90
0	2	47
0	8	88
0	8	90
0	7	87
0	7	87
0	11	91
0	11	91
0	9	91
0	9	91
0	13	91
0	-1	90
1	20	90
0	14	91
0	12	91
0	14	91
0	19	89
0	12	90
4	15	91
0	14	91
