3	-1	21
0	-1	44
0	-1	44
2	-1	46
2	-1	46
1	-1	30
0	-1	21
0	-1	22
0	-1	28
0	-1	27
1	-1	26
2	-1	42
1	-1	30
0	-1	33
0	-1	26
2	-1	41
5	-1	40
3	-1	29
0	-1	86
1	-1	85
4	-1	31
1	-1	33
3	8	24
1	2	21
5	-1	44
4	-1	44
3	7	22
0	-1	28
3	-1	24
4	7	24
3	-1	24
5	-1	23
6	-1	40
7	-1	40
3	-1	26
1	-1	34
1	-1	34
4	-1	31
1	-1	51
0	7	86
0	9	85
0	-1	86
6	-1	35
2	-1	31
5	-1	31
2	-1	26
3	-1	48
3	-1	36
2	-1	36
3	-1	24
0	0	86
2	-1	26
3	-1	35
4	-1	35
4	-1	35
1	6	20
0	-1	30
1	-1	29
3	-1	33
3	-1	33
3	-1	28
2	-1	30
2	10	21
2	-1	31
4	-1	26
2	-1	23
3	-1	37
3	-1	24
6	-1	28
1	-1	31
3	-1	46
0	-1	85
1	-1	85
1	-1	28
3	-1	26
2	-1	36
0	0	86
1	-1	25
5	-1	47
5	-1	47
1	-1	24
2	-1	27
0	0	85
1	-1	24
2	6	21
1	-1	26
1	-1	27
2	5	20
0	11	84
2	-1	26
9	-1	56
0	0	86
3	6	22
2	-1	28
4	-1	28
3	-1	27
2	-1	27
5	-1	39
5	-1	39
3	7	21
0	12	86
0	-1	85
0	13	86
0	7	85
2	-1	36
1	-1	25
6	9	21
3	-1	54
4	-1	54
2	-1	29
5	7	23
3	6	21
0	-1	84
0	-1	22
0	-1	85
4	-1	45
5	-1	45
1	-1	25
3	-1	37
3	-1	37
4	10	23
5	-1	28
0	0	86
0	0	86
8	-1	79
9	-1	79
2	-1	28
1	-1	44
2	-1	28
2	-1	25
2	4	22
2	5	20
5	-1	27
3	8	22
3	-1	36
3	-1	41
2	-1	36
10	-1	72
1	-1	30
1	-1	29
1	-1	86
4	5	23
1	-1	35
0	-1	20
3	8	22
2	-1	29
2	-1	29
2	-1	23
2	-1	25
0	-1	21
2	3	20
0	7	85
1	-1	24
2	-1	22
3	-1	40
2	-1	29
3	-1	29
1	1	85
4	-1	28
3	-1	40
4	-1	40
0	-1	86
5	-1	36
0	0	86
2	-1	25
0	-1	28
4	7	20
1	-1	37
3	-1	47
3	-1	47
1	4	20
2	-1	42
2	-1	42
0	16	85
0	15	84
2	-1	36
0	11	85
3	-1	28
4	-1	26
1	-1	24
3	4	21
4	6	22
2	-1	36
1	1	68
6	-1	37
1	-1	45
3	-1	22
2	-1	51
5	-1	23
1	2	20
4	-1	33
4	-1	25
1	-1	25
5	8	25
3	-1	27
4	7	22
2	-1	49
0	-1	20
3	5	21
3	-1	86
2	-1	44
4	5	20
4	-1	30
5	-1	28
1	-1	23
2	-1	34
1	-1	22
5	-1	85
3	-1	27
8	-1	43
1	-1	49
3	-1	47
1	-1	26
8	-1	36
2	-1	25
1	-1	20
0	-1	85
3	-1	26
0	0	86
4	5	23
0	6	86
0	-1	85
1	-1	29
3	-1	30
1	-1	24
0	0	86
0	0	86
4	-1	33
0	0	79
0	-1	85
2	-1	43
3	-1	43
5	6	22
2	-1	34
2	-1	86
1	6	23
1	-1	27
5	-1	32
0	-1	27
0	-1	27
3	6	20
5	-1	41
2	-1	21
0	0	86
0	0	86
0	-1	86
4	-1	30
2	-1	26
3	-1	43
4	-1	47
2	-1	24
2	-1	36
3	-1	51
0	0	86
1	-1	28
5	7	24
0	0	86
0	0	86
0	0	86
0	0	86
0	0	86
3	-1	29
1	-1	35
2	-1	55
2	-1	55
5	-1	42
5	-1	42
0	-1	44
7	-1	32
1	-1	86
2	-1	27
0	-1	23
0	-1	23
2	-1	21
4	-1	39
5	-1	39
2	-1	22
1	6	23
3	-1	65
3	-1	45
2	-1	45
0	-1	41
1	-1	41
2	-1	24
4	-1	86
2	-1	23
4	-1	52
3	-1	52
1	6	22
3	7	22
5	-1	46
5	-1	38
3	-1	38
3	-1	32
4	-1	32
1	-1	31
1	-1	30
2	-1	31
2	-1	30
1	-1	30
1	-1	22
4	-1	26
7	-1	83
1	-1	24
0	0	86
4	-1	48
0	8	86
1	-1	86
0	0	22
0	-1	85
3	-1	42
5	-1	70
3	-1	29
2	-1	43
3	-1	33
3	-1	33
3	-1	33
4	-1	42
1	-1	24
1	-1	25
1	-1	22
1	-1	86
0	7	85
3	-1	41
2	-1	33
2	-1	33
4	-1	30
0	-1	86
0	-1	85
4	-1	46
1	5	20
0	15	86
3	-1	84
3	-1	34
2	7	20
0	-1	26
2	5	20
0	-1	21
0	-1	22
0	-1	21
6	-1	86
4	-1	36
5	-1	43
1	-1	31
2	-1	24
1	-1	27
5	8	23
0	-1	84
2	-1	86
2	5	22
2	-1	22
7	-1	84
1	-1	21
8	-1	54
1	-1	25
4	-1	35
2	-1	22
1	-1	27
1	-1	39
1	-1	23
3	-1	85
0	0	85
1	2	20
6	-1	52
5	-1	52
2	-1	85
0	0	85
0	0	85
2	-1	49
3	-1	85
0	-1	75
2	-1	30
0	0	85
4	-1	25
0	-1	85
3	-1	86
1	-1	28
2	-1	23
4	-1	86
5	-1	85
2	3	21
0	-1	85
0	-1	86
0	-1	21
1	-1	86
3	-1	24
5	-1	37
2	-1	23
6	-1	84
6	-1	75
6	-1	85
5	8	22
2	5	20
2	-1	33
2	-1	37
2	-1	37
4	-1	26
3	-1	26
1	-1	23
2	-1	48
2	-1	48
2	-1	36
6	-1	28
2	5	21
2	-1	85
5	-1	52
1	-1	41
5	-1	53
3	-1	57
3	-1	57
3	-1	23
0	-1	84
3	-1	23
0	-1	85
3	-1	30
1	-1	43
0	0	86
1	-1	34
0	0	86
3	-1	31
1	-1	25
2	-1	44
3	-1	44
2	-1	27
1	-1	38
3	-1	23
5	-1	55
6	-1	55
1	-1	34
2	-1	84
2	-1	85
1	-1	33
3	-1	85
3	-1	27
3	-1	33
6	-1	36
1	-1	85
5	-1	85
5	-1	27
3	-1	31
3	-1	29
2	-1	40
4	-1	49
4	-1	49
3	-1	43
0	0	86
4	-1	30
3	-1	25
0	11	85
3	-1	84
0	9	86
0	-1	85
2	-1	29
1	-1	34
0	0	86
0	0	86
0	0	85
2	-1	27
3	-1	76
3	-1	25
3	-1	25
3	6	21
4	-1	31
3	-1	30
4	-1	35
3	-1	35
5	-1	48
3	-1	38
3	-1	86
4	-1	45
4	9	24
7	-1	41
8	-1	41
3	-1	34
0	-1	28
3	-1	38
2	-1	29
0	0	86
5	-1	58
4	-1	58
2	-1	36
3	-1	36
0	-1	85
0	0	86
2	-1	85
0	-1	36
0	-1	36
4	-1	40
6	-1	53
6	-1	36
1	-1	27
1	-1	80
0	11	86
4	5	20
6	-1	44
0	-1	32
0	-1	32
0	-1	27
4	5	21
1	-1	84
3	-1	45
2	-1	26
1	-1	21
2	-1	26
0	-1	86
1	7	84
2	-1	21
1	3	20
2	-1	23
1	-1	32
2	5	21
3	5	23
3	-1	24
2	-1	30
4	-1	24
0	0	86
0	-1	21
0	-1	24
3	4	22
0	0	50
2	-1	40
5	6	25
2	-1	85
1	-1	22
2	-1	22
1	-1	44
5	-1	25
2	-1	25
7	-1	59
1	-1	22
3	-1	27
4	-1	27
0	-1	32
5	9	22
3	6	21
1	-1	23
1	5	20
5	-1	32
2	4	20
3	-1	23
2	-1	24
3	-1	22
1	-1	21
3	-1	29
1	-1	25
1	-1	43
3	-1	26
7	-1	64
6	-1	64
0	-1	22
1	-1	28
6	-1	38
7	-1	39
7	-1	39
2	-1	33
0	0	86
6	-1	86
4	-1	85
8	-1	59
8	-1	59
4	-1	25
2	-1	29
0	-1	84
0	-1	86
0	-1	81
0	0	85
0	-1	85
0	-1	85
0	-1	85
0	1	85
0	-1	84
0	-1	85
0	-1	85
0	0	77
0	1	85
0	-1	86
0	0	74
1	-1	83
0	-1	84
2	-1	83
0	-1	85
4	-1	85
1	-1	83
2	-1	28
2	-1	22
2	5	21
3	-1	26
2	-1	51
0	-1	85
0	-1	85
0	14	86
4	6	21
4	-1	35
5	-1	35
1	1	86
0	-1	85
2	4	20
2	-1	29
0	-1	86
0	-1	25
0	5	85
0	-1	86
3	-1	31
1	-1	21
1	10	85
0	7	86
0	-1	30
2	-1	40
5	-1	40
5	-1	40
3	-1	62
0	-1	86
5	-1	37
0	10	86
0	10	84
2	-1	25
0	-1	85
0	-1	21
3	-1	46
4	-1	42
4	-1	24
2	-1	39
3	-1	39
2	-1	28
4	6	21
7	-1	34
4	-1	44
3	-1	32
3	-1	37
3	-1	85
3	3	21
2	-1	41
2	-1	37
2	-1	37
4	-1	30
3	-1	25
3	-1	28
5	-1	32
6	-1	32
0	0	86
0	0	86
3	-1	37
3	-1	34
0	1	58
9	-1	40
2	-1	26
2	-1	27
1	-1	22
2	-1	55
1	-1	34
2	-1	34
0	1	20
4	-1	28
4	-1	29
4	-1	37
3	-1	37
5	-1	44
3	-1	37
2	-1	21
1	-1	30
1	-1	30
6	-1	40
4	-1	78
5	-1	56
2	-1	23
3	6	21
2	-1	44
5	-1	60
2	-1	28
7	-1	86
7	-1	81
0	-1	21
3	-1	44
7	-1	29
4	-1	23
4	-1	24
2	-1	36
4	-1	24
2	-1	85
5	-1	44
5	-1	86
0	0	86
0	10	85
4	-1	86
1	-1	34
1	-1	29
1	-1	24
2	-1	21
4	-1	22
5	9	21
1	-1	34
1	-1	20
0	-1	26
5	9	25
1	-1	24
2	-1	25
2	-1	85
1	-1	27
1	-1	27
2	-1	25
1	-1	28
4	-1	32
3	-1	32
2	-1	25
5	-1	38
2	4	20
0	-1	85
2	-1	86
2	-1	86
5	-1	65
5	-1	65
3	-1	30
8	-1	44
3	-1	36
5	-1	36
0	-1	24
4	-1	79
2	-1	33
3	-1	25
4	-1	85
2	6	22
0	-1	86
0	-1	85
4	-1	26
0	0	25
5	-1	26
3	9	23
3	-1	29
3	-1	22
1	12	86
0	-1	85
3	-1	26
4	6	22
1	-1	24
2	-1	23
0	-1	26
4	-1	80
1	-1	27
3	-1	25
4	-1	41
3	-1	41
3	7	22
0	-1	86
3	-1	43
2	7	22
1	-1	70
0	13	85
3	-1	22
11	-1	74
1	-1	28
1	-1	23
2	5	20
2	-1	85
1	-1	29
5	10	26
4	8	22
6	-1	30
1	-1	30
3	7	24
0	0	86
2	-1	28
1	-1	34
1	8	84
2	-1	22
1	-1	30
4	-1	58
3	-1	28
5	-1	38
3	-1	81
6	-1	28
2	-1	50
2	-1	50
7	-1	75
7	-1	75
0	-1	83
3	-1	85
0	-1	84
3	6	23
4	8	20
7	-1	84
6	-1	86
2	-1	22
4	-1	52
0	-1	84
3	-1	61
0	-1	80
0	-1	83
3	5	20
5	-1	61
3	8	22
4	-1	40
1	-1	32
1	-1	32
2	-1	26
1	-1	26
4	-1	40
4	-1	40
6	-1	30
0	-1	86
0	-1	85
3	-1	43
5	-1	36
2	-1	85
3	-1	32
3	5	22
4	-1	24
3	-1	37
1	-1	23
1	-1	32
0	-1	85
3	-1	43
0	0	85
1	-1	85
5	7	21
5	-1	38
5	-1	38
6	-1	38
0	0	86
0	0	67
0	0	86
0	0	86
0	0	86
0	-1	86
0	0	86
0	0	85
0	0	85
0	0	85
0	0	85
0	1	85
0	-1	85
1	-1	85
1	-1	85
0	-1	85
0	-1	85
1	-1	85
1	-1	82
0	-1	85
1	-1	85
1	-1	85
1	-1	85
2	-1	85
0	-1	85
0	-1	78
2	-1	85
2	-1	85
3	-1	84
1	-1	52
4	6	24
0	-1	27
0	-1	24
0	-1	24
5	-1	49
3	-1	31
2	-1	24
3	7	20
0	0	85
3	-1	37
1	-1	29
4	-1	33
0	-1	26
0	2	81
4	-1	26
1	-1	21
2	-1	30
1	-1	24
5	-1	25
0	5	20
1	-1	24
3	-1	85
2	-1	37
2	-1	27
2	-1	33
2	-1	36
2	-1	34
3	8	22
1	-1	26
0	8	85
5	-1	42
5	-1	42
3	5	22
3	6	20
7	-1	38
2	-1	22
0	-1	86
1	-1	86
3	-1	21
0	-1	25
6	-1	47
0	12	85
4	-1	26
1	-1	28
0	0	77
2	-1	26
1	-1	41
1	-1	41
0	0	86
0	0	86
2	-1	44
0	1	20
1	-1	20
4	-1	45
5	-1	45
4	-1	27
0	-1	31
4	-1	86
1	-1	86
1	-1	42
2	-1	42
3	-1	85
0	-1	85
4	-1	54
1	-1	21
3	5	22
4	-1	24
2	-1	41
5	-1	34
0	0	79
3	-1	26
3	-1	26
2	-1	26
5	-1	34
1	-1	26
0	-1	26
1	-1	42
1	-1	24
1	-1	22
0	1	20
4	-1	85
0	-1	84
0	-1	85
2	-1	35
1	-1	35
3	-1	40
3	-1	40
0	-1	83
0	-1	86
5	-1	28
2	-1	33
1	-1	33
6	-1	86
0	0	81
2	-1	21
0	-1	24
2	4	20
4	8	21
4	-1	86
3	-1	29
18	-1	86
3	-1	40
3	-1	40
1	-1	23
0	-1	25
0	-1	85
5	-1	45
5	-1	45
0	-1	32
0	0	86
2	-1	25
2	8	20
0	0	86
1	-1	21
2	-1	48
2	-1	48
0	8	84
0	-1	85
0	1	85
0	0	86
7	-1	58
2	-1	29
6	-1	65
7	-1	45
1	-1	29
4	7	23
2	-1	21
1	-1	86
3	5	22
1	3	20
0	0	82
6	-1	28
0	-1	86
0	-1	86
2	-1	27
1	-1	25
2	-1	39
2	-1	39
5	-1	30
2	-1	28
3	-1	52
4	-1	52
3	6	20
5	-1	85
2	-1	25
2	-1	23
4	-1	31
0	-1	86
3	-1	40
3	-1	40
0	15	85
5	8	23
5	-1	30
3	-1	36
4	-1	28
6	-1	32
2	-1	32
0	-1	85
1	-1	25
0	-1	86
1	3	22
1	-1	86
0	-1	85
0	10	85
5	-1	31
1	-1	32
2	6	21
1	0	75
1	-1	28
2	-1	45
3	-1	45
5	-1	37
3	-1	31
6	-1	27
0	0	86
0	0	86
8	-1	34
6	-1	34
0	-1	26
3	-1	29
0	-1	22
6	-1	54
2	-1	30
0	0	86
5	-1	29
7	-1	42
5	-1	36
3	5	21
1	-1	30
1	-1	23
3	-1	27
0	8	86
0	-1	85
2	-1	21
0	0	86
8	-1	85
3	7	23
4	-1	77
1	-1	85
4	-1	45
4	-1	45
0	-1	48
4	7	22
2	-1	85
0	11	83
4	-1	21
5	-1	86
0	0	37
3	-1	26
2	-1	86
2	-1	85
3	-1	38
3	-1	38
2	4	21
3	-1	47
0	-1	24
2	-1	30
2	-1	20
3	-1	34
5	-1	49
1	-1	26
1	-1	29
5	-1	26
0	-1	86
2	-1	26
3	-1	40
0	0	86
2	-1	55
2	-1	55
0	0	84
4	8	25
3	-1	23
3	10	21
0	0	86
0	0	86
4	-1	85
3	-1	36
6	7	21
4	5	20
8	-1	82
4	-1	26
5	-1	40
6	-1	40
3	-1	34
2	-1	22
0	-1	27
4	4	22
6	-1	49
2	-1	25
1	-1	22
2	5	21
1	-1	85
0	11	84
0	-1	20
2	-1	27
2	-1	27
1	-1	28
5	-1	24
1	-1	25
2	-1	29
2	-1	40
3	7	22
3	5	20
2	-1	86
4	-1	23
4	-1	37
4	-1	37
2	-1	25
2	-1	34
0	-1	21
1	-1	35
4	6	22
2	-1	25
4	5	21
2	-1	24
5	-1	50
4	6	20
3	-1	25
4	-1	32
3	-1	62
1	-1	26
0	0	82
11	-1	85
12	-1	85
1	4	21
1	-1	47
2	-1	47
2	-1	24
0	-1	33
4	-1	44
5	-1	61
3	-1	35
3	-1	47
4	-1	24
0	0	68
4	-1	30
3	-1	74
5	-1	23
3	5	21
3	-1	44
4	6	24
0	1	85
2	-1	82
8	-1	49
2	-1	22
2	5	21
3	-1	40
2	-1	27
2	-1	32
2	-1	32
2	-1	28
5	-1	24
3	-1	21
5	-1	52
6	-1	52
1	-1	26
2	-1	26
2	-1	32
0	0	86
4	-1	85
0	0	85
2	-1	50
3	5	22
2	-1	31
0	0	85
0	0	85
1	-1	34
1	-1	85
0	-1	25
3	-1	86
0	-1	85
2	-1	86
5	-1	37
4	-1	26
2	-1	23
0	-1	27
2	-1	27
2	-1	60
5	7	22
7	-1	54
2	-1	52
1	-1	25
17	-1	80
3	5	23
3	-1	25
5	-1	86
3	-1	25
2	-1	38
3	-1	40
3	7	20
4	-1	31
1	-1	82
1	-1	85
0	-1	22
2	7	21
2	-1	50
0	-1	85
5	-1	38
3	-1	41
3	-1	31
2	-1	26
4	-1	29
1	4	20
0	-1	30
6	-1	85
5	-1	43
6	-1	37
5	-1	37
1	4	20
5	8	24
3	4	20
3	4	20
3	-1	22
7	-1	43
7	-1	43
3	-1	85
0	-1	85
0	0	86
3	-1	33
0	0	86
0	0	86
3	-1	21
1	-1	84
2	-1	85
0	0	86
2	-1	23
2	-1	33
2	-1	26
5	-1	60
4	-1	31
2	-1	28
3	-1	28
9	-1	83
8	-1	83
1	-1	46
2	-1	30
9	-1	86
4	-1	38
1	-1	86
1	-1	30
7	-1	86
5	-1	85
2	-1	56
4	-1	56
3	6	20
6	-1	57
8	-1	84
0	16	84
4	-1	29
2	-1	24
6	-1	56
1	-1	29
4	-1	46
2	-1	46
3	-1	46
5	6	23
6	-1	61
6	-1	61
2	-1	26
5	7	22
4	-1	36
2	-1	30
3	4	20
4	7	20
4	-1	28
3	6	20
2	-1	28
3	-1	28
1	-1	33
2	-1	85
5	-1	86
4	-1	30
3	-1	30
3	-1	25
2	-1	25
4	-1	32
0	0	85
4	-1	30
1	-1	22
2	-1	34
2	-1	25
0	0	86
3	-1	24
4	-1	28
2	-1	40
4	-1	72
3	-1	34
2	-1	38
4	-1	47
0	-1	86
2	-1	85
4	-1	85
1	5	21
4	-1	36
4	5	22
6	-1	55
6	-1	55
2	-1	85
2	-1	24
2	-1	80
2	-1	32
0	14	85
0	10	84
7	-1	54
6	-1	54
3	-1	23
5	-1	57
4	-1	57
5	-1	38
4	-1	38
3	7	20
2	-1	23
0	-1	26
2	2	85
3	-1	23
2	-1	33
2	-1	30
0	19	86
0	3	86
3	-1	28
0	0	85
0	-1	37
6	-1	58
5	-1	58
1	-1	35
1	-1	30
18	-1	85
2	-1	22
6	-1	35
2	7	22
0	-1	21
3	-1	31
3	-1	31
5	-1	75
0	-1	23
3	-1	25
2	-1	60
4	-1	60
0	-1	25
1	-1	33
3	-1	28
3	-1	29
3	-1	27
1	-1	47
2	-1	23
0	-1	32
4	9	21
1	-1	40
1	-1	43
1	-1	22
0	-1	23
5	-1	84
3	-1	76
2	7	20
0	-1	27
2	-1	26
4	-1	40
0	0	86
2	-1	28
1	-1	24
2	-1	26
5	-1	83
2	-1	25
1	-1	28
0	-1	85
0	-1	24
1	-1	22
4	-1	26
3	-1	41
4	-1	51
4	-1	51
7	-1	45
7	-1	45
2	-1	41
2	-1	38
1	-1	86
2	-1	29
4	-1	35
1	-1	23
3	-1	40
0	-1	83
2	-1	24
5	-1	36
3	-1	31
1	7	22
1	-1	52
0	-1	22
1	-1	23
3	7	21
7	-1	57
5	-1	26
3	-1	84
3	5	22
4	-1	28
2	-1	25
0	-1	24
0	0	77
4	-1	32
3	-1	86
2	-1	86
5	6	21
3	-1	39
2	-1	86
2	-1	31
0	-1	85
4	-1	40
1	-1	47
2	-1	47
2	-1	27
4	-1	31
6	-1	82
0	0	86
0	0	86
3	-1	27
0	-1	85
0	-1	29
0	-1	29
4	-1	62
3	-1	23
0	0	84
4	-1	49
0	0	85
3	4	21
4	-1	24
0	0	86
0	-1	86
2	-1	26
3	7	20
4	-1	24
2	-1	31
7	-1	83
2	-1	21
2	3	20
2	-1	22
2	-1	24
2	-1	28
4	-1	24
5	-1	62
5	-1	62
1	3	20
3	-1	26
2	-1	27
3	6	22
2	-1	40
6	-1	28
1	-1	47
1	-1	47
2	4	20
3	-1	86
3	-1	34
0	-1	26
2	-1	26
1	-1	26
5	-1	23
2	-1	50
11	-1	53
7	-1	45
1	-1	30
1	-1	30
0	-1	24
7	-1	42
2	-1	86
1	7	85
0	10	85
5	-1	84
2	5	22
4	-1	27
3	-1	31
0	0	86
3	-1	24
0	0	86
0	0	86
2	-1	52
2	-1	52
0	-1	36
0	0	86
0	-1	26
1	-1	21
1	-1	23
3	6	21
8	-1	85
7	-1	85
2	2	20
2	-1	33
4	-1	55
2	-1	27
2	2	20
7	-1	72
2	-1	85
2	-1	86
1	-1	86
0	-1	22
0	-1	24
0	-1	24
3	-1	33
3	-1	35
3	-1	85
2	-1	83
3	-1	38
8	-1	35
4	5	20
3	-1	29
2	-1	61
3	-1	61
6	-1	52
2	-1	22
2	-1	23
3	-1	38
0	10	78
4	8	21
3	-1	23
3	-1	83
2	-1	83
4	-1	21
3	-1	31
0	0	85
3	-1	30
5	-1	31
0	-1	22
3	-1	31
0	-1	66
5	-1	86
4	-1	46
0	-1	85
2	-1	86
3	-1	31
3	-1	27
4	-1	41
0	-1	30
1	-1	30
2	-1	39
1	-1	37
1	-1	37
0	-1	85
4	8	21
3	-1	24
1	-1	23
0	-1	86
3	-1	31
1	-1	24
0	-1	84
1	-1	85
0	0	86
0	0	86
0	0	86
0	0	86
0	0	86
6	-1	83
3	-1	45
0	-1	23
2	6	25
2	-1	25
4	-1	30
3	-1	27
2	-1	27
3	-1	32
4	7	27
0	0	85
3	-1	29
3	-1	29
0	0	85
7	-1	49
8	-1	49
4	8	22
1	-1	29
0	-1	85
1	-1	85
0	-1	31
2	4	20
4	-1	41
1	-1	25
1	-1	29
2	6	22
0	-1	23
0	-1	33
1	-1	31
4	-1	37
4	-1	37
1	-1	26
0	-1	26
13	-1	85
2	-1	47
2	-1	47
1	-1	24
2	-1	85
5	-1	51
9	-1	53
2	-1	85
2	4	20
2	4	20
8	-1	39
7	-1	39
3	-1	25
4	-1	86
2	-1	86
3	-1	85
4	-1	34
5	-1	40
4	-1	51
5	-1	33
0	-1	27
3	-1	31
2	-1	25
1	-1	23
2	-1	28
4	-1	23
7	-1	84
4	-1	25
1	-1	45
1	-1	24
0	10	84
0	10	86
0	-1	84
3	-1	32
5	-1	27
1	-1	85
1	-1	30
0	-1	30
2	4	24
0	0	84
2	-1	22
5	-1	27
5	-1	30
0	-1	83
5	-1	30
5	-1	30
0	-1	28
0	-1	28
1	-1	23
4	6	21
0	-1	84
6	-1	52
6	-1	52
4	-1	28
3	-1	26
5	-1	30
5	14	30
2	3	20
2	-1	29
0	0	86
3	-1	25
8	-1	72
9	-1	72
2	-1	20
1	-1	25
2	-1	43
4	-1	33
2	-1	33
3	-1	44
3	-1	44
2	-1	24
5	-1	32
3	7	22
4	-1	25
3	-1	30
0	-1	21
4	-1	35
5	-1	35
4	-1	33
0	-1	44
7	-1	54
2	-1	43
5	-1	38
3	-1	42
3	-1	26
1	-1	40
0	0	86
4	-1	28
0	-1	84
0	-1	85
2	-1	83
2	-1	84
1	-1	44
2	-1	28
6	-1	52
2	-1	34
0	-1	83
0	-1	85
1	-1	32
1	-1	22
2	-1	36
0	0	85
4	-1	28
0	5	84
3	-1	86
3	-1	63
5	-1	27
0	5	86
0	7	84
4	-1	32
4	-1	32
3	-1	40
0	-1	39
1	-1	39
4	-1	33
0	-1	85
0	-1	83
5	-1	86
1	-1	39
1	-1	39
3	9	25
2	-1	29
7	-1	34
1	-1	21
0	0	85
0	5	21
2	-1	31
4	-1	31
2	-1	34
1	-1	28
5	7	20
2	5	21
3	-1	40
3	-1	57
2	-1	57
3	-1	27
0	0	86
4	-1	30
3	-1	43
2	-1	29
3	-1	44
2	-1	44
3	-1	33
4	9	24
0	2	20
1	-1	24
2	-1	37
2	-1	37
3	-1	29
3	-1	29
1	-1	84
0	-1	85
4	-1	36
2	6	20
4	-1	36
2	3	21
0	0	86
6	-1	85
2	-1	20
2	5	20
3	-1	24
4	-1	35
5	-1	64
3	-1	25
0	-1	83
5	-1	86
1	-1	29
6	-1	53
6	-1	53
0	0	86
4	-1	25
5	-1	28
3	6	20
5	-1	33
0	-1	86
2	-1	34
2	-1	23
3	-1	22
6	-1	85
4	-1	29
3	-1	42
3	-1	22
1	-1	31
6	-1	35
0	0	86
2	-1	22
0	8	85
2	-1	86
1	-1	41
6	-1	67
6	-1	67
2	-1	22
1	-1	85
0	-1	86
1	-1	85
0	14	86
0	-1	82
0	-1	86
6	-1	49
6	-1	49
3	-1	32
0	-1	23
3	-1	25
5	-1	38
6	-1	38
3	7	24
2	-1	49
1	-1	49
6	-1	85
1	-1	25
1	-1	85
0	-1	81
3	-1	39
4	-1	51
0	-1	22
0	0	86
0	0	86
0	2	21
3	-1	86
0	8	84
0	-1	83
4	-1	22
2	-1	28
6	-1	27
0	-1	69
0	-1	83
0	-1	85
3	5	21
0	0	86
5	8	22
1	-1	31
6	-1	29
2	-1	86
1	-1	27
7	-1	72
6	-1	85
0	-1	26
0	-1	23
4	-1	34
7	-1	40
0	-1	24
3	-1	40
1	-1	39
0	-1	26
0	-1	21
8	-1	61
4	-1	28
1	-1	86
3	-1	37
4	8	20
0	0	86
0	-1	27
3	-1	23
2	-1	21
3	-1	25
1	-1	26
2	-1	38
0	0	86
1	-1	27
1	-1	27
0	25	85
2	-1	36
1	-1	21
0	-1	20
4	8	23
2	-1	54
2	-1	54
2	-1	27
3	-1	41
3	-1	41
2	-1	38
2	-1	21
2	-1	41
3	-1	34
2	-1	34
5	-1	85
1	-1	21
3	-1	29
2	-1	41
3	-1	22
1	-1	25
1	-1	25
1	-1	37
1	-1	37
3	-1	37
3	-1	36
2	-1	36
4	6	22
0	-1	29
2	-1	85
1	-1	41
1	-1	20
3	-1	53
8	-1	68
7	-1	68
2	-1	32
2	-1	32
2	-1	28
1	-1	29
3	-1	25
4	7	20
1	-1	36
1	-1	36
0	-1	26
3	-1	36
1	-1	22
1	-1	23
0	-1	86
0	0	86
0	-1	81
0	0	86
0	0	80
0	0	86
0	0	85
0	0	86
0	0	85
0	0	85
0	0	85
0	-1	85
0	-1	85
0	0	85
0	0	85
0	0	85
0	-1	85
0	-1	85
1	-1	85
1	-1	85
0	-1	85
2	-1	85
1	-1	85
2	-1	85
0	-1	82
0	-1	77
2	-1	85
1	-1	85
0	-1	84
2	-1	85
3	-1	85
2	-1	85
7	-1	50
0	0	86
0	0	86
0	0	86
3	-1	42
2	-1	42
4	9	23
0	0	55
2	-1	23
5	-1	54
3	8	22
2	5	22
0	0	85
5	-1	46
6	-1	46
1	5	20
4	-1	59
5	-1	59
4	-1	25
1	-1	85
5	-1	55
2	-1	23
2	-1	34
3	-1	26
0	-1	25
0	-1	24
1	-1	26
2	-1	26
3	-1	31
1	-1	22
3	-1	28
4	-1	43
1	-1	24
0	-1	24
0	-1	20
0	-1	30
4	-1	29
2	-1	24
4	-1	31
2	-1	37
5	-1	36
6	-1	36
2	-1	20
0	-1	27
4	-1	57
3	-1	33
2	-1	25
2	-1	28
1	-1	21
4	-1	33
3	3	21
1	-1	21
4	-1	83
1	-1	41
0	-1	85
3	-1	30
1	-1	84
0	10	85
2	-1	52
4	7	23
3	4	22
4	-1	27
0	0	85
2	-1	83
0	-1	85
1	-1	23
0	0	85
3	-1	33
3	-1	23
1	-1	33
1	-1	41
10	-1	80
0	1	85
2	-1	24
6	-1	84
0	-1	34
1	-1	31
2	-1	23
4	-1	51
1	-1	73
0	-1	73
3	-1	27
3	-1	39
1	-1	63
1	-1	63
0	-1	85
2	6	22
3	-1	52
1	-1	86
0	-1	84
3	-1	25
3	-1	40
2	-1	40
2	-1	34
7	-1	63
1	-1	29
1	-1	29
0	0	54
1	-1	21
3	-1	57
4	-1	57
3	-1	23
3	-1	86
0	13	81
0	-1	24
2	-1	39
1	-1	39
1	-1	34
2	7	21
1	-1	27
5	-1	40
20	-1	86
0	2	22
2	-1	26
1	-1	85
2	-1	86
1	-1	31
0	-1	84
6	-1	31
4	7	22
0	0	86
1	-1	34
1	-1	34
3	-1	31
3	7	20
3	-1	33
1	-1	28
1	-1	21
6	-1	55
5	-1	55
3	-1	45
3	-1	45
2	-1	38
10	-1	85
1	-1	27
3	-1	62
2	-1	25
7	-1	45
0	0	86
0	-1	85
4	-1	49
4	-1	49
5	-1	29
0	0	86
2	-1	23
0	-1	21
3	-1	26
2	-1	22
0	0	86
1	-1	39
5	-1	40
3	-1	28
1	-1	85
0	-1	48
1	4	22
10	-1	85
1	-1	37
1	-1	21
2	-1	24
1	-1	25
2	-1	42
2	5	20
4	-1	86
3	-1	27
4	-1	27
4	7	23
3	-1	41
4	-1	41
3	-1	24
6	10	26
5	-1	30
0	0	85
3	-1	84
1	-1	39
2	-1	33
2	-1	33
11	-1	85
3	-1	28
4	-1	35
4	-1	38
0	0	86
0	0	86
2	-1	42
2	-1	42
1	-1	23
4	-1	85
4	-1	30
5	7	21
1	-1	26
2	-1	26
4	-1	40
4	-1	40
0	-1	50
0	-1	50
2	-1	85
2	-1	29
1	-1	25
2	-1	25
2	-1	28
2	-1	28
1	-1	86
0	-1	23
2	6	21
3	-1	21
5	-1	35
3	-1	35
2	-1	36
1	-1	28
3	-1	28
4	-1	29
0	0	86
0	0	86
2	-1	38
4	-1	36
1	-1	67
3	-1	27
1	-1	32
4	-1	57
4	-1	46
4	-1	46
2	-1	38
2	-1	38
3	-1	81
6	-1	36
1	-1	36
0	0	86
1	-1	29
4	-1	31
0	0	86
5	-1	28
1	-1	85
2	7	20
1	13	85
0	-1	34
4	7	21
0	0	86
0	0	86
0	0	86
1	-1	22
4	-1	59
4	8	27
3	-1	35
2	-1	35
2	-1	23
1	-1	21
2	-1	25
1	-1	25
2	-1	41
1	7	24
2	-1	25
2	-1	25
5	-1	86
2	-1	41
2	-1	41
2	-1	24
4	-1	26
2	-1	27
2	-1	27
0	-1	26
0	-1	34
0	-1	26
1	-1	44
0	0	51
1	-1	22
1	-1	22
4	-1	53
6	-1	53
3	-1	50
3	-1	50
2	-1	26
0	0	86
0	0	86
0	-1	85
2	-1	29
3	-1	25
1	4	24
2	5	20
6	-1	37
2	-1	41
3	-1	39
2	-1	39
3	-1	24
5	-1	36
5	-1	36
2	-1	27
1	-1	42
3	-1	27
4	-1	84
7	-1	85
3	-1	84
10	-1	86
1	-1	23
4	-1	29
0	-1	21
0	0	86
2	-1	22
7	-1	53
7	-1	53
0	-1	42
1	-1	32
0	0	85
0	0	86
0	0	86
3	5	20
5	-1	78
4	5	21
2	-1	26
8	-1	61
3	-1	39
2	-1	39
2	-1	82
0	8	85
2	-1	42
0	-1	25
1	-1	86
6	-1	44
1	-1	21
4	-1	53
3	4	20
0	-1	85
0	-1	21
1	1	64
6	-1	57
1	-1	21
5	-1	33
2	-1	31
6	-1	26
2	-1	26
4	-1	85
1	-1	35
3	-1	39
4	-1	30
2	-1	22
4	-1	51
1	-1	32
2	-1	39
4	-1	25
3	-1	30
1	-1	28
1	-1	28
5	-1	44
3	-1	39
4	-1	24
2	3	22
3	-1	80
7	-1	46
2	-1	85
0	11	85
0	-1	83
3	5	25
0	-1	31
4	-1	40
5	-1	40
2	-1	28
4	-1	28
9	-1	79
2	-1	24
6	-1	32
4	-1	24
3	-1	26
4	-1	23
0	9	85
0	15	85
0	15	85
8	-1	85
1	-1	35
1	-1	24
2	-1	45
8	-1	86
7	-1	79
6	-1	64
2	-1	36
2	7	23
1	-1	27
12	-1	70
0	0	86
0	0	86
2	-1	26
1	-1	22
0	5	86
3	-1	35
4	-1	22
2	3	20
1	-1	30
2	-1	30
7	-1	56
2	-1	56
0	-1	34
1	-1	20
2	-1	33
7	-1	59
6	-1	59
1	-1	21
4	-1	52
1	-1	39
2	-1	39
1	-1	85
0	-1	23
4	-1	45
4	-1	31
0	-1	33
0	-1	28
0	-1	85
2	-1	86
1	-1	35
4	6	23
4	-1	85
0	0	85
0	-1	27
2	-1	25
0	15	85
1	-1	27
6	9	24
3	-1	22
6	-1	49
4	-1	43
0	-1	27
7	-1	55
0	-1	79
0	1	20
4	-1	45
3	8	23
0	0	86
5	-1	46
2	-1	25
5	-1	31
0	-1	21
2	-1	21
0	0	86
0	-1	43
0	0	86
1	4	20
2	-1	27
4	-1	34
3	-1	37
0	-1	85
0	-1	25
0	-1	26
0	-1	86
4	-1	35
0	0	86
0	0	86
0	0	86
0	-1	85
2	-1	85
2	-1	23
1	11	85
0	-1	86
5	12	25
1	-1	42
2	-1	52
3	-1	22
6	-1	85
3	-1	31
3	-1	86
7	-1	46
8	-1	46
0	0	86
0	0	86
1	-1	24
6	-1	81
6	-1	81
3	-1	33
3	-1	27
3	5	21
0	0	86
0	0	86
0	0	86
7	-1	51
7	-1	77
2	-1	85
2	-1	33
0	-1	31
1	-1	23
4	-1	34
0	8	85
4	3	85
2	-1	33
3	7	20
0	8	85
1	8	85
2	-1	33
3	6	20
4	-1	27
2	-1	24
1	-1	31
3	-1	85
4	-1	46
0	0	86
0	0	86
0	0	86
0	-1	27
3	-1	33
4	-1	37
0	-1	35
1	-1	22
4	-1	30
1	-1	33
0	-1	20
3	-1	26
2	4	20
0	-1	85
0	38	85
2	-1	31
2	-1	31
3	-1	26
5	10	26
2	-1	28
3	-1	23
1	-1	83
1	-1	28
5	-1	30
7	-1	31
2	-1	36
2	-1	25
4	-1	86
4	-1	28
2	-1	29
0	-1	84
4	-1	86
1	12	86
0	11	85
0	-1	86
3	-1	22
10	-1	85
9	-1	86
1	-1	23
4	-1	26
2	-1	83
3	-1	55
5	-1	34
4	-1	34
1	-1	26
3	-1	32
2	-1	32
2	-1	21
0	0	86
0	0	86
6	-1	36
3	8	22
3	-1	31
2	-1	28
4	7	21
2	-1	86
3	-1	33
2	-1	33
3	4	20
0	0	86
4	-1	29
1	-1	25
3	-1	30
3	4	21
1	-1	23
4	-1	25
4	-1	28
3	4	22
1	-1	34
1	-1	34
4	7	22
1	-1	26
1	-1	22
2	-1	61
3	-1	86
2	-1	81
3	-1	22
2	-1	38
4	-1	36
3	-1	25
5	-1	27
2	-1	22
5	-1	35
4	-1	35
4	-1	27
1	-1	25
3	-1	24
2	4	20
3	-1	24
6	8	24
3	-1	86
0	-1	28
1	-1	20
0	-1	83
5	-1	34
2	-1	85
3	6	21
1	-1	22
4	-1	37
5	-1	37
5	-1	37
1	-1	85
1	-1	21
6	-1	44
5	-1	33
7	-1	86
4	-1	37
2	-1	35
2	-1	27
1	-1	27
0	-1	83
0	-1	81
1	-1	38
5	-1	26
1	-1	23
1	-1	26
1	4	26
4	7	22
0	-1	85
5	-1	48
3	-1	26
2	-1	24
7	-1	86
3	-1	69
3	-1	69
0	-1	22
0	-1	22
0	-1	23
6	-1	86
1	-1	24
1	-1	33
1	6	22
1	-1	24
0	-1	27
4	-1	62
3	-1	25
4	-1	25
0	0	86
8	-1	85
18	-1	84
0	-1	84
0	-1	29
1	-1	26
1	-1	86
1	-1	85
3	-1	85
0	-1	86
2	-1	27
5	-1	37
1	11	83
1	-1	84
5	8	25
0	-1	25
2	2	20
2	-1	35
2	-1	21
0	-1	26
0	-1	85
3	-1	75
5	-1	42
5	-1	42
1	1	20
2	-1	28
5	-1	41
4	-1	41
0	-1	86
0	5	84
1	-1	26
2	5	20
1	-1	26
5	-1	43
2	-1	26
2	-1	28
4	-1	28
4	-1	24
5	-1	54
4	-1	25
3	6	23
2	-1	35
2	-1	32
3	-1	27
2	-1	85
0	0	86
0	0	86
0	0	86
2	-1	23
9	-1	72
5	6	20
0	0	76
2	-1	23
5	-1	41
4	-1	31
1	-1	86
1	-1	32
1	4	20
1	-1	29
1	-1	30
3	-1	59
3	-1	59
4	5	22
6	-1	26
2	-1	85
2	-1	26
2	-1	34
2	-1	24
1	1	21
4	9	21
2	-1	25
3	-1	27
6	-1	30
1	-1	27
4	-1	31
1	-1	84
0	-1	86
1	-1	25
3	-1	43
2	-1	43
2	-1	31
3	-1	32
2	-1	45
2	-1	45
3	6	20
4	-1	33
0	6	22
2	3	21
3	-1	27
4	-1	27
0	-1	86
5	-1	38
11	-1	72
12	-1	72
5	-1	55
3	-1	26
2	-1	42
1	6	22
4	-1	86
1	4	85
5	-1	37
0	-1	86
0	-1	60
4	-1	35
4	-1	35
5	-1	80
3	-1	35
3	-1	35
9	-1	33
5	-1	53
5	-1	53
1	2	23
4	-1	84
1	-1	26
2	4	21
3	5	27
6	-1	83
0	-1	85
1	12	86
3	-1	32
1	-1	22
3	-1	38
3	-1	38
2	7	22
5	-1	32
3	-1	85
1	-1	34
0	-1	34
0	-1	85
1	-1	34
2	-1	39
1	-1	39
0	-1	86
4	-1	32
2	-1	37
2	-1	37
2	5	20
3	-1	86
1	-1	23
3	5	20
0	-1	25
1	-1	30
4	-1	45
0	-1	84
6	-1	41
1	-1	21
0	-1	85
5	-1	86
1	-1	21
1	-1	29
2	-1	29
0	-1	86
5	-1	41
2	-1	28
6	-1	83
0	-1	85
1	-1	25
1	-1	23
3	-1	37
3	-1	37
4	-1	85
2	-1	25
3	-1	26
2	-1	21
4	-1	38
2	-1	38
1	-1	28
4	-1	42
5	-1	42
3	6	20
3	-1	27
4	7	20
0	0	86
0	0	86
2	-1	22
0	-1	85
0	-1	86
5	-1	83
6	-1	83
1	-1	34
0	0	70
0	0	86
4	-1	36
1	-1	27
7	-1	86
3	-1	30
5	-1	23
5	-1	26
7	-1	75
7	-1	75
3	-1	32
1	-1	29
1	-1	29
2	-1	26
3	-1	45
3	-1	45
3	-1	86
8	-1	86
5	-1	30
3	-1	33
3	-1	31
4	-1	42
4	-1	42
2	-1	44
1	-1	86
3	-1	85
0	-1	46
2	-1	27
2	-1	85
0	-1	86
2	-1	25
2	-1	23
1	-1	22
2	-1	39
3	9	22
2	-1	33
0	0	86
2	-1	43
2	8	25
0	-1	84
5	-1	31
6	-1	80
2	-1	49
5	-1	37
0	-1	84
6	-1	84
1	-1	23
0	-1	20
4	-1	85
6	-1	54
4	-1	54
0	-1	86
0	11	85
3	5	23
2	7	20
3	-1	23
1	-1	56
3	-1	33
4	-1	33
1	-1	36
4	-1	35
2	6	21
2	-1	43
2	-1	43
3	-1	85
2	3	22
0	4	20
1	-1	86
0	16	85
1	3	20
7	-1	38
1	3	20
5	-1	37
3	-1	28
3	-1	31
0	-1	22
1	-1	43
2	-1	35
2	-1	35
1	-1	52
1	-1	52
1	-1	28
0	-1	84
4	-1	59
2	-1	30
1	-1	25
2	-1	21
5	-1	82
0	0	85
5	-1	82
5	-1	29
0	-1	40
0	-1	27
2	-1	23
2	5	20
3	-1	27
2	5	27
2	-1	28
8	-1	49
8	-1	49
0	-1	85
0	-1	86
3	5	20
2	-1	24
6	-1	59
4	-1	46
2	-1	27
2	-1	39
2	7	20
4	-1	86
3	5	23
1	-1	20
1	-1	81
2	-1	30
3	-1	53
3	-1	53
1	-1	22
0	0	85
3	-1	25
3	-1	25
0	-1	53
0	-1	53
0	-1	24
0	0	83
1	-1	23
3	-1	59
1	-1	26
2	-1	45
0	0	86
1	-1	81
0	-1	81
4	7	21
5	-1	42
3	-1	24
1	-1	29
3	-1	34
2	-1	36
2	-1	26
2	-1	65
0	-1	85
1	-1	84
1	-1	25
4	7	21
3	-1	24
2	-1	35
1	-1	23
2	12	86
0	7	86
0	0	85
2	-1	24
0	9	85
0	5	84
2	-1	45
1	-1	32
3	-1	56
4	-1	56
1	-1	20
1	-1	28
2	-1	28
2	-1	37
1	-1	24
3	-1	75
2	-1	36
3	-1	85
0	14	85
2	-1	30
2	-1	30
2	4	21
1	-1	22
4	-1	28
6	-1	41
6	-1	58
4	-1	58
0	0	86
2	-1	38
2	-1	38
3	-1	24
3	3	20
2	-1	26
2	-1	27
1	7	85
3	-1	85
6	-1	84
2	4	21
2	-1	22
2	-1	28
0	0	79
4	-1	59
4	-1	59
0	0	85
4	-1	25
3	-1	86
0	-1	86
2	-1	26
0	-1	86
3	-1	54
4	-1	63
5	-1	63
4	-1	26
2	3	20
1	-1	20
2	-1	83
1	1	85
3	-1	30
3	-1	31
0	0	86
0	-1	86
1	-1	85
4	-1	22
1	-1	25
3	7	23
4	-1	43
8	-1	43
0	-1	85
3	-1	32
4	-1	32
4	-1	32
1	-1	86
4	-1	24
0	11	84
1	-1	86
1	-1	43
1	-1	28
2	-1	30
0	-1	74
0	2	20
0	-1	86
0	0	86
0	0	86
0	-1	85
0	0	85
0	0	81
4	-1	26
1	-1	35
1	-1	21
2	-1	39
1	-1	86
0	-1	85
0	9	85
4	-1	54
4	-1	54
2	-1	26
2	-1	83
3	-1	28
6	-1	33
1	-1	24
1	-1	24
1	-1	35
0	-1	29
7	-1	48
2	5	20
5	-1	37
5	-1	58
6	-1	58
7	-1	84
3	-1	23
5	-1	42
0	0	20
4	-1	25
2	-1	45
1	-1	38
4	-1	35
8	-1	58
0	-1	85
4	8	22
9	-1	52
7	-1	52
0	-1	31
1	-1	31
1	4	21
6	-1	32
6	-1	32
1	-1	22
0	-1	84
0	0	85
3	-1	29
3	-1	29
0	0	86
0	0	86
0	0	86
0	-1	76
0	-1	76
0	-1	29
1	-1	36
3	-1	29
3	-1	27
3	-1	27
4	-1	32
4	-1	32
5	-1	42
5	-1	52
5	-1	52
1	-1	46
4	-1	24
4	-1	85
4	-1	86
1	-1	38
5	-1	57
5	-1	57
1	3	21
5	-1	38
2	-1	38
3	-1	34
18	-1	86
0	0	86
0	0	85
1	-1	24
1	-1	26
1	-1	24
1	-1	22
1	-1	34
3	-1	46
0	-1	21
5	-1	28
1	-1	42
0	-1	86
0	8	86
1	-1	28
2	5	22
11	-1	86
4	-1	51
6	-1	86
1	-1	21
1	-1	33
2	-1	26
4	-1	52
3	-1	37
2	-1	26
1	-1	23
4	-1	25
0	0	86
2	-1	25
2	-1	72
1	-1	72
5	-1	85
0	0	85
6	-1	85
1	-1	22
3	-1	31
3	-1	31
3	-1	42
2	-1	24
1	1	86
0	0	85
2	4	24
6	-1	48
2	-1	37
4	-1	38
4	8	23
3	-1	24
6	-1	66
4	-1	85
3	-1	37
3	-1	37
3	-1	26
2	-1	26
2	-1	22
2	-1	27
3	-1	23
0	-1	26
0	-1	26
0	-1	84
9	-1	44
3	-1	84
13	-1	85
7	-1	60
1	-1	29
1	2	20
0	-1	86
0	8	84
1	3	21
1	-1	46
3	-1	38
3	-1	26
0	0	86
0	0	86
2	-1	26
2	-1	21
0	0	85
1	-1	28
2	-1	27
1	-1	28
4	-1	46
2	-1	50
1	-1	27
3	-1	24
2	-1	42
13	-1	85
2	-1	82
1	-1	76
7	7	85
2	-1	23
2	5	22
2	-1	31
2	-1	31
2	3	23
2	3	23
5	-1	42
0	-1	85
1	-1	85
0	0	85
3	-1	26
1	-1	23
0	0	86
0	0	86
0	0	86
0	0	86
2	-1	31
4	-1	20
5	8	23
2	-1	38
2	-1	27
2	-1	33
2	-1	24
1	1	85
4	-1	27
0	0	85
1	3	85
9	-1	72
0	-1	23
4	6	23
3	-1	41
2	-1	85
1	-1	38
1	-1	84
2	-1	25
2	-1	42
4	6	21
3	-1	33
7	-1	84
5	-1	60
2	-1	41
3	4	20
2	-1	29
3	-1	42
8	-1	85
2	-1	85
3	-1	32
0	-1	23
1	-1	45
2	-1	45
6	-1	84
5	-1	45
1	-1	84
4	-1	32
3	-1	31
3	-1	24
1	-1	22
0	6	84
0	-1	84
11	-1	85
0	-1	21
0	7	86
3	4	23
0	0	86
4	-1	30
5	-1	83
2	-1	51
1	-1	25
1	-1	25
2	-1	77
1	-1	77
3	-1	48
2	-1	20
2	-1	20
3	-1	30
3	-1	31
0	0	85
0	0	86
0	7	86
0	9	86
0	-1	86
0	12	85
0	-1	86
0	8	85
0	7	84
0	-1	86
0	-1	84
0	10	85
0	-1	76
0	-1	76
0	14	85
3	-1	25
1	-1	22
2	-1	83
6	-1	86
0	-1	23
6	9	23
4	-1	34
6	-1	55
2	-1	32
5	7	22
1	-1	36
2	-1	36
0	0	86
0	0	86
0	5	20
1	-1	28
4	-1	58
3	-1	55
4	-1	38
2	-1	84
3	-1	26
2	-1	22
1	-1	51
2	-1	42
2	-1	42
5	-1	32
0	0	85
0	-1	85
0	13	86
4	-1	39
3	-1	24
3	-1	59
3	-1	23
2	-1	86
3	-1	28
3	-1	52
5	-1	52
3	-1	26
0	6	84
0	-1	86
2	-1	21
4	-1	50
3	-1	50
1	-1	24
1	12	86
0	18	86
2	-1	40
0	-1	29
1	-1	30
1	10	81
1	-1	86
8	-1	86
0	-1	78
0	-1	85
3	-1	26
3	4	22
4	8	22
2	-1	25
1	-1	35
1	-1	36
3	-1	25
2	-1	21
3	5	20
1	-1	41
2	-1	47
1	-1	25
5	-1	57
3	6	20
1	-1	26
4	-1	35
1	10	68
0	3	84
0	14	85
1	12	85
1	15	86
2	-1	24
8	-1	37
9	-1	37
1	-1	22
1	-1	22
3	3	22
0	0	86
0	0	86
0	0	86
0	0	86
0	7	85
0	2	86
1	-1	84
3	7	21
0	36	85
6	-1	32
2	-1	32
1	-1	22
3	-1	31
6	-1	83
5	-1	74
0	0	86
4	-1	32
0	0	86
3	-1	32
4	-1	32
1	-1	23
2	-1	28
3	-1	28
4	-1	34
1	-1	28
0	0	85
0	-1	82
1	5	83
0	11	85
5	-1	26
1	-1	21
1	-1	85
4	-1	37
4	-1	37
1	-1	34
3	-1	47
2	-1	47
4	-1	54
5	-1	54
1	-1	85
6	-1	35
5	-1	42
5	-1	42
4	-1	27
1	-1	85
3	-1	21
1	-1	25
6	-1	44
5	-1	27
4	-1	85
3	-1	29
4	-1	29
1	-1	85
2	-1	22
2	-1	59
4	-1	34
3	-1	46
0	-1	35
0	-1	35
4	-1	38
2	-1	27
0	0	86
3	-1	24
3	5	20
3	-1	28
2	-1	26
3	-1	23
4	6	22
4	-1	29
5	-1	52
3	-1	28
3	-1	44
2	-1	44
0	-1	38
1	-1	38
2	5	20
5	-1	54
4	-1	54
3	6	21
7	-1	86
2	-1	21
4	-1	37
2	-1	23
1	1	85
3	7	23
4	-1	23
4	-1	34
0	0	85
1	-1	23
0	-1	23
4	7	21
6	-1	86
0	0	55
3	5	23
3	8	23
3	4	20
0	-1	44
3	7	20
1	-1	24
3	-1	40
1	-1	37
2	-1	22
4	-1	58
4	-1	58
0	2	86
0	13	85
1	1	20
0	0	85
1	-1	41
8	-1	53
7	-1	53
3	-1	86
3	-1	26
1	-1	26
0	-1	20
0	-1	86
2	-1	22
2	-1	29
3	-1	29
3	6	21
6	-1	67
8	-1	67
7	-1	47
6	-1	47
2	-1	26
2	-1	42
1	4	20
1	3	21
0	-1	81
3	8	20
4	-1	35
2	-1	41
2	-1	41
1	-1	21
4	-1	41
4	-1	24
1	-1	29
2	-1	29
3	6	22
4	-1	86
4	-1	61
3	-1	61
0	-1	83
1	17	86
3	7	21
1	-1	85
0	-1	85
3	-1	29
6	-1	37
5	8	22
5	-1	33
2	4	85
3	6	21
2	-1	42
1	-1	42
4	-1	25
0	1	40
1	11	86
0	-1	85
1	-1	30
2	-1	22
2	-1	30
3	-1	35
3	-1	35
3	-1	34
2	-1	34
3	6	20
0	-1	84
2	-1	25
5	-1	42
0	0	85
6	-1	34
0	13	84
4	-1	84
0	0	81
3	-1	22
3	-1	26
2	-1	26
3	-1	26
2	-1	28
2	-1	24
1	-1	37
1	-1	22
2	-1	28
2	5	21
7	-1	39
7	-1	39
2	-1	29
4	-1	31
2	-1	39
2	-1	39
2	-1	29
0	-1	28
3	-1	36
4	-1	62
4	-1	62
3	-1	34
3	-1	34
6	11	24
4	4	20
0	6	84
0	-1	85
5	-1	29
2	-1	22
2	-1	82
7	-1	84
3	-1	24
9	-1	85
7	-1	51
3	-1	23
4	7	23
3	-1	26
3	-1	27
0	11	82
0	-1	83
4	-1	44
7	-1	32
2	-1	29
2	-1	29
0	-1	85
1	-1	36
5	-1	31
2	-1	25
0	14	83
5	5	20
3	-1	25
3	-1	25
3	-1	51
6	-1	32
1	-1	31
3	-1	42
0	-1	86
3	-1	41
4	4	20
4	-1	65
4	-1	34
5	-1	34
3	-1	40
2	-1	40
4	-1	29
3	-1	46
3	-1	46
3	-1	26
2	-1	41
2	-1	31
3	-1	45
4	-1	23
1	-1	20
1	-1	29
1	-1	40
1	-1	40
0	0	86
0	0	86
0	0	86
5	-1	86
4	-1	60
3	-1	21
2	-1	31
3	-1	31
5	-1	27
4	-1	86
4	-1	80
1	-1	25
2	-1	28
4	-1	27
2	-1	34
1	-1	26
0	0	86
0	0	86
2	7	23
3	5	21
0	-1	86
2	-1	30
3	-1	25
2	-1	24
8	-1	39
7	-1	39
2	-1	34
2	-1	34
1	-1	20
0	0	86
2	-1	36
3	-1	23
1	-1	33
0	-1	86
0	13	85
5	-1	61
1	-1	23
9	-1	61
10	-1	61
2	-1	44
3	-1	44
3	-1	25
3	-1	39
3	-1	39
2	-1	37
4	-1	37
2	-1	36
2	-1	36
0	0	85
1	-1	24
4	-1	32
1	-1	22
0	0	40
2	-1	24
1	-1	85
2	-1	27
3	-1	36
4	-1	36
1	-1	26
2	-1	85
3	5	20
3	-1	85
3	-1	34
5	-1	44
3	5	21
3	-1	26
0	0	81
0	0	71
6	-1	27
5	-1	86
3	-1	28
1	-1	25
5	-1	32
0	2	84
2	-1	29
1	1	86
0	0	85
8	-1	85
2	-1	85
4	-1	30
3	8	21
4	-1	34
0	-1	86
3	-1	26
3	-1	85
3	6	27
3	-1	27
4	-1	31
2	4	21
0	-1	29
4	-1	85
1	-1	24
0	-1	25
3	-1	27
2	-1	35
0	-1	22
5	-1	35
4	-1	35
0	11	85
0	-1	86
0	-1	83
0	-1	85
1	-1	21
15	-1	65
2	-1	35
3	-1	35
0	0	78
2	-1	21
2	-1	24
2	5	20
0	0	80
0	-1	27
2	-1	45
4	8	23
4	-1	85
0	-1	86
0	0	86
0	0	86
0	0	86
3	-1	30
3	-1	40
6	-1	86
7	-1	85
1	-1	31
0	0	86
0	0	86
5	-1	30
2	-1	29
0	-1	22
2	-1	30
0	-1	22
3	-1	25
2	-1	30
0	-1	86
3	-1	24
6	-1	47
5	-1	47
0	0	86
0	-1	21
3	-1	29
1	1	78
5	-1	41
1	-1	22
2	6	20
2	-1	22
3	-1	46
6	-1	31
2	-1	26
0	-1	22
0	-1	24
3	-1	39
2	-1	32
1	-1	44
4	-1	57
2	-1	83
2	3	21
3	-1	23
4	6	23
5	-1	79
5	-1	79
1	-1	38
3	-1	27
1	-1	35
0	-1	33
1	-1	35
0	-1	33
2	-1	42
2	-1	42
0	0	86
0	0	86
2	5	21
6	-1	44
4	-1	44
2	-1	22
5	-1	85
4	-1	38
3	6	21
0	-1	85
3	-1	45
0	-1	26
0	0	85
2	5	23
2	-1	24
1	-1	22
5	-1	32
5	-1	32
1	-1	85
5	-1	60
0	-1	86
0	-1	84
2	6	21
0	1	86
3	-1	20
2	-1	22
2	-1	26
0	10	84
0	-1	86
1	-1	85
3	-1	50
1	-1	32
0	0	86
0	0	86
0	0	86
0	0	86
5	-1	84
1	-1	41
2	-1	25
1	4	22
5	-1	24
2	-1	28
3	-1	26
3	-1	31
2	-1	24
1	-1	21
2	-1	22
2	-1	42
0	18	85
0	-1	84
2	5	21
0	-1	85
1	-1	29
1	-1	29
3	-1	24
0	-1	22
3	-1	32
4	-1	24
3	-1	32
4	-1	34
1	2	20
2	-1	36
1	-1	26
3	-1	29
4	-1	34
4	-1	45
4	-1	45
3	-1	42
3	-1	42
4	-1	37
4	-1	24
2	-1	22
3	6	21
3	3	20
2	2	21
3	6	20
1	-1	31
0	0	86
3	-1	39
4	-1	39
0	-1	85
1	-1	84
1	-1	25
0	-1	85
3	-1	86
0	-1	28
1	-1	86
1	-1	85
2	-1	23
1	-1	85
4	-1	26
12	-1	73
3	6	20
2	-1	29
4	-1	28
1	-1	26
0	-1	35
0	-1	35
2	3	22
0	-1	22
2	-1	27
1	-1	22
0	6	85
3	4	20
5	-1	85
3	8	25
3	-1	86
9	-1	75
8	-1	75
4	-1	26
2	-1	36
0	-1	41
1	-1	41
1	4	20
0	-1	26
9	-1	34
2	-1	49
4	-1	49
0	-1	85
3	-1	27
3	-1	27
3	-1	28
0	-1	86
4	-1	84
0	17	70
4	-1	80
1	-1	36
2	-1	26
4	7	21
3	-1	25
5	6	20
0	0	84
7	-1	31
0	-1	22
2	3	20
1	-1	22
3	5	21
6	-1	25
0	-1	22
0	-1	25
4	-1	26
2	6	20
4	-1	36
4	-1	62
5	-1	62
2	-1	35
5	-1	23
1	-1	25
6	10	25
3	-1	22
1	-1	26
7	-1	29
0	0	86
0	0	86
5	-1	38
2	-1	26
8	-1	85
4	-1	28
1	19	85
4	-1	44
4	-1	44
0	-1	26
0	-1	83
0	-1	86
2	-1	25
8	10	28
3	-1	43
3	-1	24
6	-1	66
7	-1	66
4	-1	35
5	-1	44
0	-1	23
3	-1	36
3	-1	44
3	-1	44
1	-1	46
1	-1	46
3	-1	85
3	-1	28
1	-1	24
2	-1	25
7	-1	54
6	-1	54
4	-1	37
3	-1	35
4	-1	35
6	7	81
4	-1	43
2	-1	25
2	-1	26
0	-1	85
0	0	85
1	-1	25
3	4	22
3	-1	25
0	9	85
0	-1	86
2	-1	33
5	9	23
1	-1	86
2	-1	32
0	0	50
4	6	23
1	-1	85
0	-1	85
2	-1	42
1	-1	42
0	0	86
0	0	86
0	-1	27
2	-1	31
5	-1	39
5	-1	39
4	-1	23
6	9	22
3	-1	33
1	-1	25
4	-1	85
0	-1	85
0	-1	86
8	-1	35
7	-1	35
6	-1	32
3	-1	29
2	-1	85
3	-1	85
0	-1	85
0	-1	86
4	5	22
1	-1	50
2	-1	43
4	-1	41
4	7	22
6	-1	60
2	-1	25
1	1	86
4	5	20
0	0	86
5	-1	29
4	-1	27
2	-1	34
2	-1	22
0	-1	86
1	-1	31
2	-1	31
4	-1	27
2	-1	23
4	-1	40
3	-1	86
2	-1	24
4	-1	80
4	-1	39
5	-1	39
3	6	21
1	-1	24
0	0	86
5	-1	86
0	-1	32
3	6	24
2	-1	38
2	-1	38
4	5	21
8	-1	44
8	-1	44
1	-1	35
1	-1	29
2	-1	42
1	-1	26
1	-1	25
3	2	20
2	3	21
0	0	40
3	-1	85
2	-1	24
0	-1	58
3	4	21
3	-1	31
1	-1	42
4	-1	26
1	-1	23
1	-1	39
1	-1	39
0	-1	84
0	-1	36
0	-1	29
2	-1	59
3	-1	59
1	-1	85
3	-1	47
6	-1	26
3	-1	49
3	-1	49
2	-1	24
3	-1	51
0	-1	85
0	0	86
0	0	86
3	-1	35
4	-1	51
3	-1	62
4	-1	62
1	-1	23
4	7	21
2	-1	24
0	15	85
1	-1	84
3	4	20
2	-1	86
2	5	20
2	-1	43
2	-1	43
0	-1	85
4	-1	85
2	-1	85
0	-1	86
0	-1	34
1	-1	30
3	-1	25
1	-1	41
5	6	25
6	6	20
2	-1	40
2	-1	41
2	-1	41
0	0	86
0	0	86
5	-1	45
2	-1	26
5	-1	86
4	-1	24
0	-1	24
0	11	83
0	-1	84
3	-1	26
2	-1	24
3	7	20
0	11	86
1	-1	86
7	-1	46
6	-1	46
3	6	23
4	5	21
1	-1	85
1	-1	27
2	-1	31
1	-1	22
1	-1	34
2	5	20
2	-1	85
7	-1	68
7	-1	68
3	7	23
5	-1	86
4	-1	85
2	-1	30
1	-1	30
3	-1	32
4	-1	37
4	-1	37
2	-1	24
1	2	20
6	-1	86
2	-1	37
1	-1	85
3	-1	27
16	-1	86
3	-1	25
1	-1	23
1	10	23
1	-1	23
3	-1	23
5	-1	24
1	-1	23
3	-1	30
2	-1	24
0	0	86
4	-1	35
3	-1	27
2	-1	85
2	-1	23
0	0	86
0	0	86
1	4	20
3	-1	46
3	-1	46
1	-1	24
1	-1	28
4	-1	27
4	-1	31
1	-1	22
0	14	86
0	13	85
9	-1	85
1	-1	25
3	-1	35
0	-1	85
4	-1	23
3	-1	64
3	-1	26
3	-1	23
2	6	20
4	-1	28
4	-1	28
6	-1	34
6	-1	34
4	11	21
1	-1	26
4	7	23
1	3	20
1	-1	85
4	-1	85
2	4	20
1	-1	22
1	-1	28
8	-1	84
9	-1	84
4	8	23
3	6	23
4	4	21
4	-1	84
2	3	20
0	0	86
0	0	85
4	-1	32
1	-1	21
4	-1	51
2	4	20
2	-1	27
3	6	20
6	-1	34
4	-1	34
2	-1	38
2	-1	38
0	-1	28
3	-1	27
3	-1	54
1	-1	26
0	-1	28
1	-1	85
1	-1	85
0	12	85
4	-1	24
0	-1	85
0	5	86
0	-1	35
2	-1	39
0	-1	85
4	-1	86
2	-1	44
2	-1	44
4	-1	28
3	5	20
7	-1	38
5	-1	85
5	-1	86
6	-1	30
4	7	21
0	-1	35
8	-1	85
2	-1	25
3	-1	34
6	-1	48
4	-1	30
3	-1	48
2	-1	48
15	-1	86
2	5	20
1	-1	25
0	-1	85
3	-1	46
2	-1	46
3	-1	24
3	6	21
2	-1	24
6	-1	86
1	-1	85
0	0	85
4	-1	27
3	3	20
1	-1	28
3	-1	34
1	-1	27
2	3	20
3	-1	72
2	-1	33
2	-1	33
2	-1	23
6	-1	37
6	-1	37
3	-1	39
3	-1	25
4	-1	84
4	-1	37
3	-1	24
1	-1	24
5	7	23
2	7	21
1	-1	24
1	-1	36
1	-1	36
0	12	85
3	7	23
0	-1	21
3	-1	30
0	-1	85
1	-1	22
2	-1	25
2	-1	27
1	-1	20
3	-1	32
4	-1	83
0	8	85
6	-1	84
5	-1	36
4	-1	36
3	-1	24
2	6	22
5	-1	30
2	-1	29
2	-1	29
2	-1	48
3	-1	48
1	-1	27
1	-1	27
1	-1	36
3	4	24
1	-1	24
4	-1	28
5	-1	34
6	-1	34
1	-1	29
2	-1	25
3	-1	39
3	-1	39
0	0	83
2	-1	26
2	-1	27
1	-1	20
2	-1	86
3	5	21
2	2	23
0	-1	25
0	-1	22
0	0	86
3	-1	26
0	-1	25
1	-1	21
5	8	25
0	-1	85
0	-1	85
3	-1	44
3	-1	44
4	-1	86
0	-1	25
0	0	86
0	0	86
0	0	85
2	-1	32
0	-1	86
2	-1	86
1	-1	24
2	-1	24
3	7	22
0	0	86
4	-1	65
4	-1	65
3	6	22
1	-1	36
5	-1	41
0	-1	23
3	-1	60
3	-1	60
6	-1	85
2	-1	40
2	-1	44
0	-1	85
2	-1	37
2	-1	37
3	-1	30
0	-1	22
3	-1	86
0	4	22
4	-1	27
3	-1	38
3	-1	38
0	-1	23
4	8	24
3	-1	26
1	-1	85
1	-1	25
2	6	24
6	-1	23
3	6	20
1	-1	22
6	-1	43
1	-1	43
1	-1	43
7	-1	62
5	-1	26
7	-1	86
3	-1	33
3	-1	80
2	-1	80
0	-1	28
0	-1	28
2	-1	26
2	-1	36
3	6	24
5	-1	26
5	-1	52
4	-1	52
3	-1	29
5	-1	25
2	-1	43
2	-1	43
2	-1	23
7	-1	85
2	4	22
5	8	22
1	-1	34
1	-1	23
3	-1	28
0	-1	34
0	-1	34
1	4	20
1	-1	27
4	-1	42
2	-1	26
6	-1	72
1	3	20
0	-1	86
3	-1	31
4	-1	31
9	-1	85
0	-1	24
5	-1	55
0	-1	26
3	-1	47
3	-1	47
2	-1	38
3	-1	36
5	-1	36
4	-1	25
1	-1	37
0	0	86
0	0	86
2	-1	85
3	-1	42
0	0	86
0	-1	84
4	-1	36
4	-1	36
3	7	22
4	6	27
4	-1	62
3	-1	36
6	-1	42
6	-1	42
1	-1	25
3	-1	26
2	-1	29
4	-1	29
0	-1	23
0	-1	26
3	-1	31
3	4	20
1	-1	34
4	-1	47
3	-1	47
2	-1	25
0	3	20
4	6	20
4	6	21
3	-1	31
3	-1	26
1	-1	85
0	17	86
3	6	24
3	-1	29
7	-1	63
3	5	21
3	-1	30
3	7	21
0	4	85
1	-1	28
1	-1	21
0	-1	29
2	-1	24
2	-1	25
5	-1	39
2	-1	25
1	-1	33
0	3	20
3	-1	42
4	-1	42
5	-1	33
1	-1	35
4	-1	40
0	-1	85
4	-1	52
1	-1	23
1	-1	37
1	-1	37
0	0	86
1	-1	82
1	-1	82
3	-1	25
0	0	86
0	-1	42
0	-1	85
0	-1	86
0	-1	29
1	-1	29
4	6	24
6	-1	44
3	5	23
0	-1	31
2	-1	65
8	-1	71
3	-1	40
3	-1	85
3	-1	45
0	-1	21
1	-1	20
2	-1	23
0	0	49
2	-1	41
3	-1	41
5	-1	86
5	-1	86
2	-1	23
0	-1	27
3	-1	85
2	5	20
1	-1	24
3	-1	65
1	-1	29
4	-1	26
1	-1	25
0	0	86
2	-1	24
1	-1	23
3	5	21
2	-1	22
2	-1	34
5	-1	47
4	-1	47
5	-1	56
0	-1	85
3	-1	25
1	-1	20
1	-1	29
6	-1	41
1	-1	26
0	-1	85
8	-1	86
0	-1	35
4	-1	36
0	0	86
4	14	24
0	-1	24
1	-1	27
2	-1	27
1	-1	21
2	-1	42
2	-1	24
7	-1	71
1	-1	24
2	4	20
3	6	20
5	-1	26
2	3	27
0	-1	35
3	-1	23
2	-1	28
3	5	21
3	-1	40
1	-1	33
0	2	20
1	-1	22
2	-1	24
2	-1	22
2	-1	29
8	-1	44
6	-1	44
0	0	86
5	-1	59
4	-1	59
2	-1	25
1	-1	29
3	8	22
4	-1	51
0	-1	23
2	-1	27
0	0	85
3	-1	31
1	-1	27
3	-1	20
3	-1	53
3	-1	53
0	-1	84
4	-1	86
2	5	22
2	-1	65
2	-1	65
4	7	24
0	-1	84
2	-1	26
3	-1	28
1	-1	28
1	-1	86
0	7	85
2	9	31
2	4	24
2	-1	23
0	-1	30
0	-1	83
2	10	86
0	0	66
3	-1	30
5	-1	44
7	-1	38
5	-1	44
0	-1	21
2	3	20
2	-1	27
3	3	27
1	-1	24
2	5	21
0	-1	85
2	-1	86
1	-1	44
1	-1	86
3	-1	34
2	6	22
3	-1	40
1	4	20
4	-1	56
2	-1	25
2	-1	31
2	-1	31
0	-1	86
2	-1	30
4	-1	28
2	-1	28
9	-1	86
3	-1	26
4	-1	28
2	-1	86
4	7	23
2	-1	21
3	8	23
1	-1	20
3	-1	38
0	0	86
0	0	86
2	-1	46
1	-1	46
0	0	86
4	-1	41
0	9	85
1	-1	86
4	-1	40
6	-1	40
4	-1	35
3	-1	34
1	-1	27
2	-1	28
0	-1	85
0	-1	86
2	3	20
2	-1	29
2	-1	39
5	-1	24
1	-1	30
1	-1	85
2	-1	86
1	-1	22
2	-1	41
1	-1	76
2	4	21
1	-1	22
3	-1	45
7	-1	39
0	-1	25
3	-1	37
2	-1	37
5	-1	31
3	-1	33
0	0	86
0	0	86
3	-1	27
0	0	86
0	-1	25
1	5	23
7	-1	74
3	-1	31
2	10	20
1	-1	23
2	-1	26
4	-1	47
5	-1	30
0	0	86
6	-1	27
4	-1	58
4	-1	30
5	-1	30
3	7	20
5	-1	28
16	-1	85
3	-1	32
3	-1	29
3	-1	25
3	-1	85
0	15	85
3	-1	72
5	-1	38
2	-1	27
4	-1	31
6	-1	45
4	-1	45
1	3	20
0	0	86
0	0	86
2	7	22
2	-1	21
5	-1	35
6	-1	35
6	-1	70
5	-1	70
2	-1	32
3	7	23
2	-1	22
3	6	21
2	-1	24
0	-1	25
0	-1	86
5	8	21
1	-1	28
0	-1	86
3	-1	32
3	-1	57
3	-1	55
1	-1	23
4	-1	84
3	7	23
0	16	85
6	-1	86
1	-1	21
8	-1	85
4	-1	62
3	-1	40
0	-1	86
3	-1	45
4	-1	35
1	-1	24
1	-1	30
2	-1	85
5	8	22
3	-1	36
2	-1	36
2	-1	26
1	-1	20
0	0	86
1	-1	80
2	-1	27
2	-1	27
6	-1	40
6	-1	40
5	-1	65
5	-1	65
3	-1	24
2	-1	24
1	-1	35
1	-1	39
7	-1	39
0	-1	26
6	-1	86
2	4	20
0	-1	85
3	-1	68
3	-1	29
2	-1	23
4	-1	48
5	-1	48
3	9	22
1	-1	31
1	-1	31
0	8	84
0	11	86
3	-1	60
3	-1	60
3	-1	22
5	-1	32
2	-1	32
6	-1	36
1	-1	36
1	-1	31
1	-1	85
3	-1	29
0	-1	28
0	-1	28
1	-1	32
2	-1	32
0	-1	21
3	-1	35
1	-1	26
2	-1	35
1	-1	23
4	-1	53
5	-1	53
4	-1	53
7	-1	53
3	-1	21
0	-1	84
0	7	86
1	-1	85
0	8	85
5	-1	40
1	-1	85
1	-1	20
1	-1	85
1	-1	85
0	-1	86
1	-1	28
2	-1	33
0	-1	86
6	-1	42
8	-1	42
6	-1	31
0	8	85
1	-1	82
3	-1	85
5	-1	34
4	-1	34
1	-1	23
1	-1	21
2	-1	24
5	-1	25
0	-1	28
1	-1	33
4	-1	35
5	-1	44
0	0	86
1	2	21
1	-1	23
1	-1	34
5	-1	42
6	-1	42
1	-1	24
5	-1	85
2	-1	22
0	-1	29
0	-1	29
2	-1	23
1	-1	37
3	-1	86
2	-1	21
0	-1	23
3	-1	40
3	-1	40
2	-1	33
3	-1	44
2	-1	34
4	6	21
2	-1	31
3	-1	28
4	-1	27
1	-1	85
3	-1	27
3	-1	27
3	3	21
1	-1	33
5	-1	56
5	-1	56
4	-1	45
5	-1	45
6	-1	45
6	-1	45
1	-1	29
0	-1	85
4	-1	38
5	-1	54
5	-1	54
3	-1	30
4	6	22
3	-1	29
1	-1	24
2	-1	26
3	5	21
3	-1	37
3	-1	37
3	7	21
2	3	20
1	-1	50
0	-1	85
2	-1	23
1	-1	21
2	5	24
0	2	20
1	-1	24
2	-1	31
2	6	20
2	-1	36
1	-1	22
3	-1	28
3	-1	26
2	-1	38
0	-1	33
4	-1	42
5	-1	58
3	-1	25
4	-1	29
3	-1	39
3	-1	25
2	5	21
3	-1	47
0	-1	85
2	-1	44
1	-1	28
4	-1	25
2	-1	24
3	-1	42
3	-1	42
5	-1	24
1	-1	32
3	-1	23
1	-1	22
2	-1	36
1	-1	32
0	-1	79
0	9	86
0	-1	82
5	-1	59
5	-1	59
0	-1	28
0	0	86
2	-1	23
3	-1	24
2	-1	37
5	8	24
1	-1	29
2	-1	27
3	-1	26
3	-1	26
4	-1	27
2	-1	20
1	-1	85
5	-1	43
5	-1	43
4	-1	30
0	-1	85
0	-1	26
4	-1	36
1	-1	25
7	-1	38
2	4	21
1	-1	23
4	-1	40
3	-1	42
2	-1	85
4	8	20
1	-1	28
4	-1	25
2	-1	23
1	-1	86
6	-1	74
3	-1	31
3	-1	33
4	-1	33
2	-1	24
3	-1	32
6	-1	40
3	-1	31
4	-1	59
5	-1	85
1	-1	21
5	-1	38
0	1	85
0	3	84
3	6	85
0	9	85
1	3	21
2	-1	81
4	-1	28
1	-1	35
1	-1	26
0	9	85
1	-1	86
3	4	20
5	-1	28
0	-1	85
0	13	84
2	-1	24
0	-1	85
3	6	21
0	-1	84
1	4	20
2	-1	22
0	-1	20
2	-1	26
2	-1	26
2	-1	85
2	4	20
1	-1	25
6	-1	30
1	-1	30
1	-1	30
3	-1	32
3	-1	29
2	-1	86
0	-1	30
4	-1	86
0	-1	85
4	-1	34
4	-1	34
3	-1	57
3	-1	57
1	8	23
1	-1	30
5	-1	30
4	-1	30
0	12	84
2	-1	37
1	-1	28
3	-1	36
2	-1	33
0	-1	23
5	8	20
0	-1	23
3	-1	24
0	-1	86
0	-1	85
1	-1	23
3	-1	41
3	-1	41
3	-1	24
4	-1	34
5	-1	34
0	-1	21
1	-1	50
7	-1	86
2	-1	23
2	6	22
3	5	20
0	0	86
0	0	86
1	1	86
2	-1	22
1	-1	23
3	-1	45
3	-1	45
1	-1	30
0	-1	86
8	-1	49
8	-1	49
1	-1	81
2	-1	85
2	-1	24
0	10	86
0	-1	85
2	-1	85
3	-1	32
3	-1	32
4	-1	33
1	-1	20
2	-1	21
2	-1	32
0	-1	85
1	-1	85
1	-1	86
1	-1	85
1	-1	85
1	15	84
0	-1	86
1	9	85
0	-1	86
0	-1	86
0	-1	84
1	-1	86
2	-1	86
0	-1	86
0	12	85
0	14	85
1	13	85
0	13	86
2	-1	86
1	-1	85
1	-1	86
2	-1	86
0	-1	86
2	-1	23
4	-1	37
1	6	86
3	-1	30
4	5	21
2	-1	22
2	-1	34
2	-1	35
4	8	25
0	-1	30
1	-1	42
3	-1	31
0	-1	24
1	-1	20
2	3	20
3	-1	29
4	-1	54
2	-1	54
3	-1	47
3	-1	47
0	0	85
0	-1	30
4	-1	52
2	-1	24
2	-1	22
3	-1	44
1	-1	86
1	-1	35
2	-1	35
2	-1	44
3	9	23
5	-1	52
5	-1	52
3	-1	41
3	-1	41
0	5	21
1	-1	85
3	-1	84
3	-1	86
3	-1	22
2	5	22
4	-1	30
0	-1	86
1	-1	85
7	-1	85
7	-1	82
3	-1	22
2	-1	23
3	-1	23
1	-1	24
2	-1	24
3	-1	30
0	0	86
0	0	86
0	0	86
3	-1	60
3	-1	60
5	-1	32
0	22	86
2	-1	25
3	-1	39
3	-1	85
4	-1	25
8	-1	56
3	-1	54
3	-1	54
4	-1	27
8	-1	85
2	-1	85
1	-1	35
6	-1	40
3	6	20
0	0	86
1	2	20
4	-1	36
1	-1	24
2	-1	29
0	5	86
0	7	85
3	-1	85
5	-1	31
4	-1	29
6	-1	31
3	-1	30
2	-1	30
5	-1	81
3	-1	47
18	-1	86
7	-1	86
0	0	86
3	-1	23
2	-1	44
1	8	85
2	-1	86
3	4	22
1	-1	24
4	8	20
1	-1	31
1	-1	31
2	6	21
5	8	20
6	-1	32
1	-1	32
1	-1	22
2	-1	29
3	-1	29
0	-1	34
2	-1	33
1	-1	36
1	3	21
1	-1	50
0	-1	29
1	-1	35
5	-1	34
2	-1	34
0	-1	25
0	-1	36
3	-1	27
3	-1	27
0	-1	25
1	-1	30
2	-1	86
0	-1	85
4	5	23
3	-1	28
3	4	21
5	-1	26
10	-1	85
10	-1	84
1	-1	30
3	-1	36
6	-1	64
3	-1	22
2	-1	28
3	6	22
2	-1	40
6	-1	44
3	6	22
1	-1	36
2	-1	20
3	-1	23
4	-1	29
4	-1	57
4	-1	57
0	-1	83
4	6	20
3	9	22
10	-1	58
2	-1	25
1	-1	42
0	-1	57
4	8	20
6	-1	84
6	-1	64
3	-1	23
3	-1	84
5	-1	34
2	-1	23
1	-1	22
1	1	86
3	-1	21
4	-1	24
3	-1	37
4	8	23
2	-1	32
0	-1	25
1	-1	48
1	-1	48
1	-1	23
2	-1	24
5	-1	26
1	-1	21
2	-1	36
4	-1	44
6	-1	31
0	-1	24
1	-1	40
2	9	84
1	7	84
1	-1	29
1	-1	86
0	-1	21
7	-1	76
7	-1	76
3	-1	27
0	-1	83
1	1	48
0	-1	84
1	-1	23
2	-1	46
1	-1	36
1	-1	36
3	5	21
3	-1	26
0	-1	23
0	-1	85
6	-1	35
2	-1	37
10	-1	85
4	9	22
1	-1	26
0	-1	23
0	-1	85
0	12	86
4	7	22
2	6	22
6	7	23
5	-1	26
4	-1	44
7	-1	85
0	-1	37
3	-1	24
4	-1	44
0	-1	24
2	-1	25
0	0	86
2	-1	36
3	-1	36
3	-1	20
0	-1	28
0	-1	26
0	-1	33
1	-1	33
0	0	86
0	0	86
4	-1	48
4	-1	48
3	-1	23
2	-1	40
4	-1	29
2	-1	21
1	-1	29
0	-1	21
0	-1	84
1	4	21
0	0	86
0	0	86
1	2	20
3	-1	81
2	-1	28
4	-1	22
3	8	22
3	-1	27
3	-1	27
0	-1	86
1	-1	33
0	-1	85
2	-1	34
4	-1	86
6	-1	55
2	-1	25
1	-1	22
2	-1	28
2	-1	28
3	-1	38
5	-1	32
0	0	86
0	0	86
0	0	86
0	1	20
1	-1	26
5	-1	86
4	-1	31
1	-1	26
0	-1	24
4	-1	64
5	-1	64
2	-1	28
0	-1	86
7	-1	51
7	-1	51
4	-1	84
16	-1	86
0	-1	86
4	-1	51
2	-1	27
4	-1	36
4	-1	36
0	-1	85
1	-1	86
3	-1	29
1	4	20
1	-1	30
4	-1	25
1	-1	25
0	-1	29
1	-1	22
0	-1	32
4	-1	29
2	-1	35
2	-1	35
0	4	21
3	-1	31
4	-1	32
3	-1	32
2	5	22
3	8	22
4	-1	29
0	-1	32
0	-1	42
1	-1	25
2	-1	28
1	-1	28
4	-1	27
1	-1	25
0	-1	25
0	10	85
1	-1	22
1	-1	85
1	-1	23
7	-1	34
4	-1	29
1	-1	22
3	5	20
4	-1	25
3	-1	35
5	-1	49
5	-1	49
3	-1	23
0	-1	37
0	-1	32
2	-1	45
0	-1	42
0	-1	45
2	-1	42
0	-1	36
0	-1	29
2	-1	27
4	-1	66
0	-1	41
0	-1	28
1	-1	41
0	-1	25
2	-1	25
3	-1	86
7	-1	59
1	-1	86
0	-1	85
3	6	20
5	8	23
4	-1	25
6	-1	27
1	-1	23
2	-1	25
3	5	23
4	-1	53
4	-1	53
0	-1	22
1	-1	31
1	-1	22
0	-1	23
1	-1	22
3	6	21
0	0	80
2	-1	38
2	-1	23
3	5	21
5	9	23
5	5	23
4	5	21
3	7	22
3	-1	41
1	-1	25
4	-1	26
4	6	21
1	-1	30
1	-1	30
2	5	20
1	-1	39
5	-1	47
2	5	21
4	-1	26
3	-1	79
1	-1	36
9	-1	84
2	-1	22
3	-1	26
2	4	22
3	-1	36
3	-1	36
4	6	24
5	-1	29
5	6	23
1	-1	24
2	5	24
4	-1	28
3	-1	41
3	-1	47
0	0	86
0	0	86
0	0	86
4	6	22
3	6	22
0	0	26
3	-1	23
3	-1	50
3	-1	35
3	-1	35
2	-1	29
1	-1	29
2	-1	23
0	-1	27
0	-1	27
5	-1	54
6	-1	54
0	0	85
3	-1	25
0	-1	33
5	-1	85
8	-1	84
5	-1	86
2	-1	26
7	-1	30
0	0	86
0	0	86
2	-1	23
2	-1	36
1	4	21
2	-1	50
4	-1	32
2	-1	32
2	-1	26
1	-1	47
1	-1	47
0	0	86
3	-1	29
2	-1	22
4	-1	36
5	-1	36
5	8	26
4	-1	25
5	-1	50
4	-1	35
1	-1	27
1	-1	33
5	6	21
2	5	20
3	-1	52
2	8	23
2	-1	22
4	-1	28
3	-1	84
2	5	21
3	-1	24
1	-1	30
2	7	21
5	-1	29
7	-1	36
3	-1	30
2	-1	30
2	-1	30
4	6	21
1	-1	25
15	-1	82
0	0	86
0	-1	27
2	-1	24
1	-1	34
1	-1	25
4	-1	28
3	-1	25
1	-1	22
3	-1	37
4	6	22
3	-1	29
3	-1	46
5	-1	41
7	-1	41
1	-1	27
1	-1	22
0	0	86
4	-1	44
4	-1	41
3	-1	32
5	-1	51
6	-1	51
2	-1	46
2	-1	46
1	-1	23
1	-1	39
3	-1	27
2	-1	32
1	-1	29
4	-1	38
4	-1	38
0	-1	31
2	-1	31
0	-1	26
3	7	20
4	6	22
3	-1	29
0	0	85
2	-1	21
0	-1	85
4	-1	43
4	10	26
0	14	85
3	-1	49
4	-1	49
3	-1	42
6	8	24
3	9	21
3	-1	23
4	8	21
2	-1	38
1	-1	23
1	-1	24
2	7	22
2	-1	21
6	6	20
2	-1	21
4	-1	28
0	-1	85
0	-1	23
7	-1	26
0	8	85
1	3	23
2	-1	20
3	-1	30
0	0	86
0	-1	26
0	0	84
1	-1	33
3	-1	33
3	-1	24
2	-1	38
2	-1	30
2	-1	24
0	-1	73
5	-1	48
4	-1	27
6	-1	33
4	-1	33
0	-1	79
3	6	21
3	-1	31
3	-1	80
3	-1	86
4	-1	32
0	-1	20
2	-1	22
0	-1	85
0	-1	23
3	-1	23
4	-1	40
3	-1	40
4	-1	37
0	-1	56
5	-1	45
0	-1	24
0	-1	22
3	-1	86
4	-1	85
2	-1	75
1	-1	34
6	-1	40
6	-1	40
1	-1	31
0	0	73
5	-1	39
2	-1	20
2	-1	29
2	-1	22
0	0	85
1	-1	20
11	-1	86
0	-1	36
6	-1	49
3	-1	29
3	5	20
1	-1	84
3	-1	37
2	-1	30
4	-1	26
3	-1	49
3	-1	49
3	-1	21
2	-1	37
4	-1	46
1	-1	23
3	-1	25
1	-1	38
1	-1	48
1	-1	48
3	5	21
5	-1	30
5	-1	30
3	6	20
7	6	21
3	-1	27
8	-1	47
3	-1	85
3	-1	85
0	1	57
2	-1	29
6	-1	86
4	-1	25
1	-1	30
11	-1	46
6	-1	39
2	-1	21
7	-1	37
3	7	22
0	-1	27
3	-1	34
3	-1	22
1	5	21
3	-1	86
2	-1	42
4	-1	85
2	-1	35
2	-1	23
4	-1	48
1	-1	42
3	-1	24
2	-1	22
3	-1	86
0	0	85
3	-1	85
4	-1	31
1	-1	22
4	-1	30
4	-1	30
2	-1	32
1	3	23
2	-1	20
4	-1	26
5	-1	86
2	-1	22
1	7	22
2	-1	26
5	-1	84
3	-1	27
3	-1	32
1	-1	24
1	-1	29
1	5	20
3	5	20
4	-1	29
4	-1	32
0	-1	86
1	-1	86
2	-1	35
2	-1	35
5	-1	40
2	-1	40
1	-1	30
7	-1	75
2	-1	21
1	-1	45
1	-1	45
1	-1	30
0	-1	30
4	-1	44
4	-1	58
0	-1	85
1	-1	86
0	-1	31
1	-1	21
3	-1	24
2	4	20
5	6	20
5	7	20
0	0	86
2	-1	39
1	-1	39
4	5	23
5	-1	85
0	0	84
0	0	86
0	0	86
2	5	22
3	-1	43
3	-1	43
4	-1	84
3	-1	23
0	0	86
4	-1	39
0	-1	64
1	-1	41
2	-1	41
4	-1	86
0	-1	26
1	-1	26
2	-1	32
1	-1	29
4	-1	52
7	-1	85
0	8	85
0	-1	84
4	-1	28
4	-1	63
2	-1	22
4	-1	59
1	-1	21
4	-1	25
5	-1	86
2	-1	28
1	5	20
4	-1	33
1	2	20
6	-1	86
5	-1	63
2	-1	24
0	-1	82
0	0	86
3	8	20
5	-1	85
3	-1	31
0	0	85
0	0	70
3	-1	85
1	-1	85
3	-1	53
3	-1	53
1	-1	32
2	2	21
2	-1	39
2	6	20
4	-1	41
6	-1	39
0	-1	28
2	-1	39
0	-1	23
1	-1	26
0	-1	86
1	4	20
1	-1	21
0	-1	85
2	-1	26
3	-1	33
5	-1	33
7	-1	51
1	-1	40
1	-1	23
4	-1	33
4	-1	85
3	4	22
1	4	20
0	0	86
2	-1	21
0	-1	86
0	0	86
0	0	86
1	-1	24
6	-1	26
1	-1	22
0	-1	25
6	-1	30
4	7	24
1	6	23
2	4	23
0	0	86
2	-1	23
4	-1	85
1	-1	30
6	-1	41
2	-1	29
3	-1	25
3	-1	41
0	0	86
0	0	86
1	-1	20
7	-1	85
4	-1	45
4	-1	45
1	-1	24
3	-1	25
3	-1	38
2	-1	38
3	-1	47
3	4	22
3	4	21
3	-1	26
0	7	85
1	-1	86
6	-1	31
4	-1	85
3	-1	36
3	-1	36
2	4	20
3	-1	41
3	-1	41
6	-1	86
2	4	21
0	-1	85
2	-1	86
4	6	21
2	-1	28
2	-1	28
0	-1	23
4	-1	25
6	-1	30
0	0	86
0	0	86
1	-1	22
2	-1	24
2	-1	37
2	-1	37
2	-1	23
1	4	20
3	-1	23
6	-1	83
2	1	21
2	-1	25
3	-1	55
0	-1	21
2	-1	22
3	-1	22
0	-1	85
3	-1	24
4	-1	33
6	-1	81
5	-1	32
5	-1	32
4	-1	25
1	-1	25
2	-1	22
1	-1	23
0	11	85
0	-1	86
6	-1	31
4	-1	48
4	-1	48
0	0	86
0	0	86
0	0	86
0	0	86
2	-1	24
0	0	85
5	5	21
0	-1	25
2	-1	35
1	-1	22
4	-1	65
4	7	26
3	-1	25
3	-1	23
1	-1	25
2	-1	28
0	-1	27
2	-1	36
2	-1	36
1	-1	84
0	-1	67
3	-1	31
2	-1	31
2	-1	27
1	-1	25
2	-1	44
0	0	86
4	-1	68
3	-1	37
1	-1	22
4	-1	23
4	-1	27
3	5	23
3	-1	83
0	-1	39
6	-1	84
0	-1	32
1	-1	85
3	-1	44
4	-1	44
2	-1	33
3	-1	29
2	-1	33
2	-1	33
4	9	23
2	5	22
0	-1	26
0	-1	26
0	0	86
1	-1	25
3	6	23
1	-1	32
0	-1	28
7	-1	53
1	-1	32
0	-1	32
0	-1	85
1	12	85
2	-1	86
1	10	85
4	-1	51
2	-1	27
1	-1	41
4	-1	85
2	-1	24
3	-1	53
3	-1	53
8	-1	66
4	-1	66
7	-1	39
5	-1	39
2	6	21
1	14	85
3	-1	86
3	-1	41
7	-1	86
1	-1	32
2	-1	32
3	-1	48
3	-1	48
4	-1	40
10	-1	60
10	-1	60
4	-1	28
4	-1	25
3	-1	34
4	-1	33
3	-1	33
2	-1	25
5	-1	34
4	-1	34
1	-1	45
2	4	22
1	-1	29
2	-1	24
0	-1	86
1	-1	33
0	0	86
3	-1	30
2	-1	22
2	-1	26
1	-1	32
4	-1	43
2	-1	23
3	-1	84
1	-1	84
2	-1	27
2	-1	27
5	-1	86
0	0	86
0	0	86
5	-1	29
2	-1	32
9	-1	40
4	-1	44
3	-1	30
2	-1	24
3	-1	24
7	-1	35
4	6	20
1	4	20
2	-1	32
1	-1	32
2	-1	24
0	0	85
10	-1	52
11	-1	52
5	-1	26
3	-1	26
4	-1	23
3	-1	72
5	-1	30
1	-1	20
2	-1	86
3	-1	46
3	-1	22
3	8	35
3	-1	24
3	-1	34
1	-1	27
4	10	20
3	-1	28
1	-1	23
3	8	22
3	-1	38
1	-1	23
1	-1	86
3	-1	31
4	-1	31
2	-1	26
5	-1	29
0	0	86
2	-1	85
0	-1	30
4	-1	24
4	-1	49
4	-1	49
5	-1	85
0	-1	25
2	-1	31
4	-1	34
2	-1	25
0	-1	23
0	-1	23
2	-1	23
1	-1	24
0	0	86
2	-1	30
4	-1	38
3	-1	38
2	-1	84
0	-1	25
3	-1	31
0	0	86
0	0	86
0	0	86
4	-1	37
2	-1	26
0	-1	21
0	-1	44
5	8	22
5	-1	33
3	-1	26
2	-1	23
4	6	22
1	-1	23
2	-1	26
1	-1	26
1	-1	25
0	0	86
3	6	22
4	-1	27
0	-1	30
1	-1	22
4	-1	46
0	0	86
0	0	85
0	0	86
1	-1	24
3	-1	36
1	-1	36
2	-1	24
0	-1	25
2	-1	26
2	-1	20
5	8	20
2	-1	30
1	-1	43
1	-1	43
2	-1	43
2	-1	43
4	-1	23
3	-1	36
1	-1	26
3	-1	25
0	-1	28
4	-1	33
2	-1	27
2	-1	27
4	-1	50
4	-1	50
1	-1	26
4	-1	45
3	-1	45
1	-1	38
4	-1	84
5	-1	39
6	-1	39
1	-1	26
0	0	85
4	-1	43
2	-1	24
4	-1	85
0	-1	84
2	-1	24
5	-1	32
4	-1	22
1	-1	58
1	-1	58
1	-1	26
2	-1	25
11	-1	77
5	5	23
5	8	22
5	-1	76
3	-1	37
2	-1	24
0	0	86
4	7	20
2	-1	33
2	-1	23
2	-1	21
3	-1	29
1	-1	29
0	0	86
0	-1	31
2	-1	86
0	-1	85
1	-1	32
1	-1	32
5	-1	26
1	-1	22
6	-1	51
0	-1	85
0	10	86
0	-1	85
6	-1	57
3	-1	32
7	-1	37
2	-1	36
2	-1	36
0	-1	21
3	-1	85
3	-1	51
3	-1	29
1	-1	86
0	-1	86
2	-1	36
2	-1	36
2	-1	27
6	7	24
1	-1	28
2	7	20
1	-1	22
1	-1	33
1	-1	33
4	-1	86
3	-1	45
8	-1	83
3	-1	80
4	-1	51
3	5	21
6	-1	46
4	-1	46
1	-1	21
2	-1	24
0	-1	51
5	-1	65
4	-1	65
3	-1	23
4	-1	27
2	-1	29
2	-1	34
8	-1	58
3	-1	36
6	-1	75
5	-1	75
1	4	20
2	-1	27
2	-1	24
0	-1	22
0	-1	85
2	4	24
5	-1	34
3	-1	32
0	-1	37
1	-1	39
2	-1	27
0	10	85
1	10	86
2	-1	34
7	-1	53
3	6	21
3	-1	29
3	-1	86
0	16	85
2	-1	86
2	-1	42
1	-1	38
3	-1	37
1	-1	84
0	13	86
1	-1	30
2	-1	36
0	11	85
0	-1	86
3	-1	33
3	7	20
17	-1	85
4	-1	43
4	-1	29
3	-1	39
5	7	20
2	-1	26
5	-1	29
0	3	20
3	-1	32
1	1	20
2	-1	23
0	8	85
2	-1	86
5	-1	26
5	-1	31
2	-1	23
15	-1	85
3	-1	29
18	-1	84
3	-1	82
0	-1	85
3	-1	85
2	-1	48
0	-1	24
1	-1	21
4	-1	56
4	-1	56
0	0	86
4	-1	84
2	-1	34
2	-1	38
2	-1	22
0	-1	86
2	-1	31
1	-1	31
1	-1	86
0	4	84
4	6	23
3	-1	32
4	-1	31
3	-1	32
3	-1	25
0	-1	84
0	-1	86
2	-1	21
2	-1	26
1	-1	26
4	-1	49
3	-1	49
4	-1	25
2	-1	61
9	-1	85
5	-1	83
0	-1	86
2	-1	39
4	-1	39
0	0	85
3	-1	38
1	-1	25
2	-1	22
3	-1	44
1	-1	29
5	-1	85
1	-1	22
3	6	20
3	-1	86
4	-1	86
3	-1	34
2	-1	43
0	-1	24
0	-1	23
1	-1	23
1	-1	24
2	-1	25
1	-1	30
2	-1	33
3	-1	33
1	-1	86
4	-1	34
2	-1	35
1	-1	25
1	-1	86
0	12	86
6	-1	85
7	-1	85
2	-1	28
2	-1	29
1	-1	23
4	-1	27
0	0	85
2	-1	48
2	-1	48
3	6	20
1	-1	26
1	1	86
0	-1	86
2	12	86
0	-1	30
0	-1	85
0	-1	86
0	-1	84
0	-1	86
1	-1	24
6	-1	37
1	-1	25
2	-1	42
2	-1	42
4	-1	22
21	-1	85
0	-1	25
2	-1	27
0	-1	85
7	-1	56
6	-1	56
1	-1	25
3	-1	40
3	-1	40
3	-1	26
0	-1	29
6	-1	53
3	-1	37
3	-1	37
0	-1	29
1	3	20
1	-1	86
0	-1	81
0	-1	22
5	-1	29
1	3	20
1	1	86
4	-1	31
2	-1	34
1	-1	34
2	-1	28
5	-1	28
3	7	22
0	11	85
0	-1	85
0	4	85
6	-1	33
4	-1	30
3	-1	30
3	-1	24
0	-1	23
4	-1	53
2	-1	21
3	-1	33
3	-1	33
3	-1	26
1	-1	38
1	-1	25
1	-1	24
0	-1	21
5	-1	33
4	-1	33
0	0	86
0	-1	26
2	-1	23
5	-1	86
0	-1	84
1	-1	61
1	-1	61
4	8	21
2	-1	24
2	-1	85
2	18	85
0	-1	85
2	-1	86
1	-1	30
7	-1	86
1	-1	33
1	-1	28
5	-1	51
2	5	25
2	3	20
0	-1	84
5	-1	26
3	-1	38
0	7	85
1	-1	85
3	-1	36
0	-1	26
1	-1	40
0	-1	40
5	-1	34
1	-1	30
3	-1	33
4	-1	33
0	-1	29
5	-1	83
4	-1	83
1	-1	20
4	-1	86
1	-1	36
0	0	85
1	-1	34
1	-1	34
1	10	85
6	-1	86
3	-1	22
4	-1	42
3	-1	85
4	5	21
2	-1	30
4	-1	37
4	-1	37
2	-1	39
3	-1	33
3	-1	33
3	-1	85
0	11	85
3	-1	43
3	-1	25
2	-1	86
1	5	85
3	-1	30
0	-1	32
1	-1	31
2	-1	34
1	-1	28
4	6	21
2	-1	32
3	-1	32
3	-1	34
2	-1	36
1	-1	26
4	-1	39
4	-1	36
1	-1	39
1	-1	79
1	-1	29
1	-1	21
2	-1	22
0	0	86
4	7	23
1	-1	24
3	-1	39
0	-1	86
0	0	57
4	8	23
4	-1	32
6	-1	40
3	-1	36
4	-1	55
4	-1	31
4	-1	31
2	-1	38
2	-1	38
2	-1	22
0	-1	23
5	-1	49
0	0	86
2	-1	30
2	-1	30
0	0	86
1	-1	21
2	-1	56
3	-1	86
4	-1	27
5	-1	86
1	-1	27
2	5	24
3	-1	25
3	-1	32
8	-1	86
2	-1	29
6	-1	86
0	-1	23
4	-1	54
4	-1	54
3	-1	20
2	6	23
9	-1	60
4	-1	40
2	-1	39
3	-1	29
2	7	26
3	-1	41
2	6	22
0	1	20
4	-1	31
5	-1	37
3	-1	36
2	8	21
3	5	22
5	-1	33
3	8	21
0	-1	25
6	-1	35
4	-1	35
3	7	21
2	-1	42
1	-1	42
0	-1	86
0	-1	85
4	-1	43
5	8	27
3	-1	26
3	-1	23
3	-1	65
0	8	86
6	-1	32
4	-1	84
2	-1	30
3	-1	71
2	-1	28
4	7	23
0	12	86
0	-1	85
0	-1	25
2	-1	31
2	2	86
1	-1	84
0	-1	85
2	-1	34
2	-1	32
2	-1	26
3	-1	36
1	-1	41
5	-1	44
7	-1	44
5	-1	85
1	-1	38
0	-1	26
4	-1	85
0	-1	83
6	-1	46
4	-1	85
2	-1	22
3	5	20
1	-1	28
4	-1	30
0	-1	34
0	-1	25
1	-1	34
1	-1	34
4	-1	45
1	-1	23
2	-1	25
4	-1	60
3	-1	21
2	5	20
4	-1	25
3	5	20
3	-1	27
3	-1	24
4	-1	28
5	-1	46
6	-1	46
3	10	23
4	-1	28
6	-1	41
4	-1	26
2	-1	23
0	0	85
1	1	86
4	-1	27
3	8	21
3	6	20
2	-1	23
1	-1	32
3	-1	26
4	-1	44
1	-1	21
3	-1	58
2	-1	58
6	-1	30
1	-1	22
2	-1	27
2	4	22
4	-1	25
3	6	22
0	0	61
0	0	86
2	-1	37
0	0	86
1	-1	38
3	-1	24
3	-1	53
4	-1	36
4	-1	36
1	-1	85
5	-1	37
2	4	20
0	0	70
4	-1	40
1	-1	26
0	-1	84
2	-1	85
2	-1	31
1	3	20
2	-1	86
5	-1	64
1	-1	42
1	-1	42
6	-1	58
7	-1	58
2	-1	85
0	0	86
2	4	20
5	-1	37
0	0	86
1	-1	27
3	-1	23
1	7	21
0	-1	20
4	-1	27
4	-1	47
2	-1	36
0	-1	57
2	-1	30
3	7	20
3	-1	23
0	-1	26
0	-1	84
0	0	86
0	0	86
4	-1	42
3	-1	42
0	-1	85
1	9	86
4	-1	26
0	0	86
2	4	22
0	0	85
3	7	21
1	2	84
2	-1	21
3	-1	23
1	-1	20
1	-1	20
1	-1	30
2	6	21
1	4	20
0	-1	28
2	7	22
0	-1	85
1	12	85
2	-1	24
2	-1	23
1	-1	24
0	-1	85
0	-1	84
0	-1	28
4	-1	60
0	-1	24
0	-1	85
0	-1	85
5	-1	84
0	7	85
1	-1	86
0	10	86
2	-1	29
0	4	20
4	6	20
0	0	86
0	0	86
0	0	86
4	-1	28
4	-1	25
6	-1	55
6	-1	55
6	-1	42
2	-1	25
3	-1	25
4	-1	73
4	-1	73
3	3	20
9	-1	55
2	-1	55
0	0	85
4	-1	86
1	3	21
3	-1	25
1	-1	85
2	4	22
1	-1	25
2	5	22
0	5	20
3	-1	38
4	-1	25
0	-1	25
0	-1	25
4	-1	40
5	-1	59
5	-1	59
2	-1	24
4	-1	32
0	-1	23
6	-1	65
5	6	21
3	-1	27
0	0	86
0	0	86
3	5	21
2	-1	22
1	-1	37
1	-1	37
2	-1	57
3	-1	57
0	-1	86
0	-1	32
0	-1	84
1	-1	21
3	6	23
6	-1	85
0	-1	86
2	-1	36
0	6	85
10	-1	85
10	-1	85
6	8	24
4	7	24
4	-1	28
2	-1	38
0	-1	86
2	-1	85
0	0	86
0	-1	85
1	-1	33
0	-1	85
0	6	84
1	-1	23
2	-1	32
3	-1	36
3	-1	36
2	-1	21
5	-1	30
7	-1	35
2	5	20
4	-1	32
2	-1	20
2	-1	25
2	6	21
4	9	23
3	-1	29
1	-1	34
3	-1	32
3	-1	45
2	-1	22
3	7	20
0	-1	26
3	-1	34
1	-1	39
8	-1	75
1	-1	31
2	-1	33
3	-1	39
4	-1	24
3	-1	67
2	-1	33
4	-1	45
2	-1	24
5	-1	85
1	-1	29
9	-1	46
3	-1	42
3	-1	85
1	-1	85
3	-1	41
12	-1	85
0	-1	21
7	-1	28
3	-1	22
5	-1	62
3	-1	34
1	1	86
0	0	50
4	-1	37
5	-1	37
1	6	20
2	-1	22
4	-1	55
4	5	23
0	-1	23
4	-1	28
5	-1	36
3	-1	48
3	-1	48
4	-1	31
4	-1	51
5	-1	23
1	-1	36
0	-1	22
3	-1	30
0	2	20
10	-1	62
5	-1	62
3	6	24
0	-1	24
1	4	21
4	-1	30
4	-1	30
1	-1	23
2	-1	24
4	-1	33
5	-1	33
0	-1	86
0	-1	86
2	-1	21
4	-1	22
4	-1	28
0	0	85
2	-1	26
1	-1	39
2	-1	34
0	-1	85
0	-1	84
5	-1	29
4	-1	28
1	-1	86
2	-1	23
2	8	21
1	-1	27
5	-1	31
5	-1	31
3	-1	63
3	-1	46
4	5	21
2	-1	32
4	-1	37
1	-1	22
5	6	20
4	-1	35
5	-1	35
2	-1	85
0	-1	86
6	7	22
2	-1	23
4	6	22
6	-1	55
2	-1	24
2	-1	47
5	-1	49
5	-1	49
3	4	23
2	5	20
1	-1	21
3	-1	86
0	-1	85
3	-1	25
0	-1	21
7	-1	83
3	-1	21
1	-1	48
1	-1	48
0	-1	85
3	5	21
2	6	23
3	-1	45
0	-1	38
4	-1	35
4	-1	35
3	-1	23
4	-1	24
2	-1	44
0	0	86
0	-1	26
8	-1	56
8	-1	56
4	-1	85
1	-1	36
3	-1	86
1	-1	39
0	-1	39
3	7	22
0	0	86
0	0	86
0	-1	30
0	0	85
1	-1	37
0	-1	21
4	-1	30
1	-1	23
0	-1	24
1	-1	40
1	-1	40
5	-1	45
2	-1	23
2	-1	23
2	-1	33
3	-1	34
4	-1	23
2	-1	20
0	0	86
0	0	86
3	-1	47
4	-1	47
6	-1	60
5	-1	60
4	-1	81
4	-1	86
3	-1	24
0	-1	86
4	-1	48
2	8	21
4	7	21
3	-1	86
2	-1	33
2	-1	38
3	6	20
4	-1	26
3	-1	44
1	-1	23
3	-1	38
4	-1	38
6	-1	41
1	-1	42
2	-1	35
2	-1	35
3	-1	34
2	-1	22
3	-1	20
3	-1	39
0	-1	85
0	-1	85
5	-1	34
6	-1	29
4	5	21
3	-1	34
3	-1	21
7	-1	76
7	-1	76
3	8	22
1	-1	30
2	-1	24
4	-1	31
1	-1	33
1	-1	33
2	3	20
2	-1	31
3	-1	22
4	-1	29
5	-1	32
2	-1	32
2	-1	24
0	-1	33
3	-1	23
1	-1	28
2	6	20
1	-1	22
0	0	85
0	0	86
0	0	86
2	-1	23
5	-1	85
5	7	22
4	6	23
0	0	26
3	-1	85
0	-1	80
5	-1	72
1	-1	33
2	-1	26
4	-1	40
1	4	22
4	-1	23
2	6	22
3	-1	31
2	-1	83
2	-1	28
2	-1	86
0	-1	31
3	-1	46
3	-1	25
0	-1	46
0	-1	84
2	-1	86
3	-1	85
2	-1	25
4	-1	58
1	-1	86
3	-1	35
2	3	20
3	-1	26
3	-1	41
2	-1	36
2	6	22
10	-1	50
0	-1	83
0	9	86
2	2	20
5	-1	85
2	-1	42
2	-1	24
0	-1	35
6	9	21
0	-1	85
1	-1	20
0	-1	85
2	-1	42
5	-1	34
5	-1	34
4	-1	26
1	-1	24
0	0	86
1	1	86
4	-1	36
1	-1	85
1	-1	34
3	-1	31
0	0	85
3	-1	85
4	-1	25
2	-1	25
14	-1	86
3	-1	26
5	-1	85
0	0	85
2	-1	51
3	4	21
5	-1	27
0	0	86
0	-1	86
2	-1	46
1	-1	28
8	-1	85
3	-1	28
2	-1	23
3	-1	39
2	-1	39
0	0	84
3	-1	85
2	-1	30
1	-1	30
4	-1	42
2	-1	24
3	-1	23
0	-1	23
2	-1	26
1	-1	32
2	-1	34
3	6	22
1	-1	28
2	-1	28
4	-1	31
0	-1	69
4	-1	38
2	4	20
0	5	85
1	8	24
4	8	21
2	-1	49
2	-1	49
4	-1	43
0	0	86
1	-1	86
2	-1	26
4	-1	42
3	-1	42
6	-1	30
1	-1	24
1	-1	24
9	-1	50
8	-1	50
1	-1	20
4	6	24
0	-1	38
2	-1	65
2	-1	65
0	-1	85
0	7	86
3	-1	44
2	-1	44
1	-1	42
1	-1	42
1	-1	41
1	-1	41
2	6	20
1	-1	86
5	-1	50
6	-1	50
7	-1	57
4	-1	27
3	-1	20
7	-1	76
6	-1	76
3	-1	27
2	5	20
1	-1	22
1	-1	21
4	-1	36
4	-1	43
3	-1	43
3	-1	40
3	-1	45
2	-1	45
4	-1	33
4	-1	33
6	-1	31
1	-1	85
3	-1	35
4	-1	43
2	-1	25
2	3	20
2	-1	86
0	0	86
0	0	86
0	0	86
3	-1	44
1	-1	37
1	-1	29
2	-1	22
3	4	20
1	-1	27
3	-1	27
1	-1	86
0	-1	26
2	-1	32
1	-1	86
0	0	86
2	-1	29
6	-1	85
1	-1	22
4	6	20
3	-1	43
2	-1	43
3	6	20
5	-1	28
2	-1	33
2	-1	33
2	-1	37
2	-1	37
3	-1	51
4	-1	36
3	-1	36
4	-1	82
2	-1	21
3	-1	85
3	9	20
5	-1	29
0	-1	86
11	-1	86
3	7	22
2	-1	27
3	5	22
4	-1	37
5	-1	42
3	-1	44
4	-1	44
2	-1	21
1	-1	26
1	2	20
1	-1	32
0	0	86
1	-1	23
0	-1	23
1	-1	30
1	-1	24
0	-1	85
0	0	86
0	-1	86
0	-1	86
0	-1	85
5	-1	74
5	-1	74
1	-1	25
5	-1	85
1	-1	29
0	-1	24
5	-1	86
0	-1	23
1	-1	26
0	-1	26
0	-1	26
2	4	20
1	-1	25
5	-1	33
0	0	85
2	-1	22
4	-1	33
3	-1	33
3	8	21
0	0	86
2	-1	43
1	-1	43
2	-1	40
3	-1	40
2	-1	20
2	-1	26
2	-1	29
6	-1	36
0	-1	27
1	-1	24
4	-1	53
1	-1	27
1	3	20
2	-1	30
1	1	85
0	-1	86
1	-1	86
0	-1	24
8	-1	49
2	-1	55
1	-1	22
1	-1	85
0	-1	86
3	-1	85
5	-1	55
1	2	20
3	-1	29
2	-1	39
1	-1	39
2	-1	32
5	-1	52
2	-1	52
1	-1	21
3	-1	30
2	4	21
1	6	21
4	-1	40
3	-1	40
12	-1	86
1	3	20
2	-1	22
3	5	21
1	-1	49
0	-1	85
0	10	82
3	-1	29
3	-1	28
1	1	77
4	-1	24
2	-1	33
2	-1	33
1	-1	85
4	7	20
1	-1	31
0	-1	84
0	-1	84
4	-1	38
7	-1	63
3	-1	23
2	-1	85
3	-1	67
2	-1	67
3	-1	46
5	-1	32
4	-1	32
0	-1	86
1	-1	55
0	-1	55
4	-1	25
0	-1	85
0	12	85
5	-1	40
5	-1	40
2	-1	63
1	1	85
2	-1	86
2	-1	44
4	-1	26
11	-1	75
11	-1	75
2	4	20
0	-1	30
1	-1	21
0	-1	35
2	6	20
6	-1	41
4	-1	38
5	-1	38
7	-1	49
0	-1	83
4	-1	85
1	-1	22
1	2	20
1	-1	32
0	-1	21
6	-1	59
5	-1	48
4	-1	28
3	-1	28
0	0	82
2	4	20
3	-1	28
6	-1	35
4	-1	53
0	0	82
2	-1	23
2	4	20
5	-1	36
3	-1	36
2	-1	25
0	-1	21
0	0	85
5	-1	29
5	-1	31
3	10	20
1	-1	23
3	-1	44
7	-1	44
5	8	24
2	-1	39
1	-1	24
6	-1	27
0	0	85
10	-1	81
4	-1	24
2	-1	34
2	-1	34
5	-1	85
4	-1	50
7	-1	85
0	0	85
3	-1	27
2	-1	27
8	-1	35
3	6	22
4	-1	44
1	5	20
1	4	21
2	-1	38
2	-1	38
1	-1	26
6	-1	86
5	7	21
1	-1	29
0	0	86
1	-1	25
0	10	85
2	-1	22
0	0	86
0	0	86
6	-1	74
0	0	86
5	-1	30
0	13	86
2	-1	85
9	-1	57
1	-1	34
1	-1	34
1	1	86
1	-1	22
3	7	23
2	-1	20
1	1	20
0	-1	22
3	5	21
2	-1	24
1	-1	86
1	-1	83
1	-1	31
13	-1	85
4	8	22
3	-1	49
1	-1	73
1	-1	24
0	-1	86
2	-1	22
3	-1	22
1	-1	85
0	-1	86
3	-1	25
4	-1	35
2	-1	33
2	-1	33
1	1	86
5	-1	85
4	-1	35
4	5	21
1	-1	26
0	0	85
2	-1	85
0	-1	85
0	0	85
1	-1	25
2	-1	24
2	7	22
3	-1	31
0	0	86
3	9	22
3	-1	30
1	-1	25
4	-1	32
2	-1	37
9	-1	57
0	0	86
3	-1	47
4	-1	47
4	-1	42
1	-1	31
2	-1	31
0	-1	85
0	8	79
0	-1	36
0	8	85
0	-1	86
3	-1	86
2	-1	49
7	-1	56
3	-1	29
1	-1	29
2	-1	29
2	6	20
0	0	85
4	-1	38
0	-1	85
4	-1	24
3	-1	30
2	-1	30
3	-1	32
3	-1	32
2	7	20
2	-1	37
3	-1	33
3	-1	33
5	-1	31
1	-1	37
3	-1	43
2	-1	20
5	-1	47
5	-1	47
4	-1	28
6	-1	30
0	-1	85
3	10	20
0	0	86
0	-1	23
6	-1	32
0	0	86
0	0	86
2	-1	52
1	-1	52
5	-1	34
7	-1	33
6	-1	33
6	-1	86
3	-1	86
3	-1	29
3	7	20
3	-1	21
3	-1	25
1	-1	38
6	-1	55
3	-1	85
2	-1	35
2	-1	38
1	-1	38
11	-1	84
5	-1	30
5	-1	30
2	-1	35
2	-1	35
4	7	23
3	-1	85
3	-1	29
1	-1	22
6	-1	61
5	-1	61
0	0	86
3	-1	26
2	6	21
1	-1	31
3	-1	34
2	-1	34
0	-1	35
3	-1	85
1	-1	23
2	-1	23
6	-1	51
7	-1	51
2	-1	84
0	0	86
2	-1	33
1	-1	27
5	-1	22
1	-1	39
0	-1	37
2	-1	43
0	-1	24
0	-1	39
1	-1	23
0	-1	23
1	-1	20
7	-1	48
3	-1	26
1	4	20
3	-1	39
3	-1	39
4	-1	34
5	-1	34
0	3	21
3	6	23
0	0	86
0	0	86
0	7	85
2	6	20
5	-1	31
4	5	21
0	-1	85
1	-1	86
4	-1	41
4	-1	41
2	-1	22
3	-1	26
0	6	85
4	-1	86
0	-1	85
4	6	20
1	-1	27
3	-1	37
1	-1	85
2	5	21
4	-1	41
4	-1	30
1	-1	32
2	-1	21
7	-1	82
7	-1	82
5	-1	86
4	-1	86
2	-1	23
2	-1	38
2	-1	38
5	-1	85
2	4	20
3	6	20
1	-1	23
6	-1	63
8	-1	51
5	-1	42
7	-1	85
6	-1	86
6	-1	65
7	-1	43
8	-1	48
7	-1	42
5	-1	38
7	-1	66
8	-1	49
8	-1	54
7	-1	40
6	-1	34
6	-1	39
5	-1	64
5	-1	28
2	-1	24
1	-1	24
0	-1	85
0	6	85
4	-1	84
2	-1	27
1	-1	34
0	-1	85
2	-1	36
2	-1	36
5	-1	28
0	0	86
3	-1	28
4	11	28
2	-1	20
4	-1	46
3	-1	46
2	3	20
5	-1	73
5	-1	73
3	-1	39
4	-1	40
3	-1	26
2	-1	85
8	-1	50
7	-1	50
2	-1	25
3	-1	23
3	-1	23
1	-1	25
3	-1	41
2	-1	41
2	-1	28
2	-1	28
5	-1	25
6	-1	43
6	-1	43
4	6	26
1	-1	74
6	-1	46
5	-1	46
4	-1	35
5	-1	27
4	-1	27
1	-1	45
0	0	85
5	-1	41
4	-1	41
5	-1	26
0	-1	21
0	-1	86
2	6	22
1	-1	26
0	-1	44
0	-1	20
3	-1	25
4	-1	34
0	-1	23
3	6	22
0	0	85
2	-1	25
6	-1	44
6	-1	44
4	-1	46
3	-1	86
0	8	84
4	-1	46
4	-1	46
2	-1	49
2	-1	25
4	-1	46
0	-1	40
0	-1	40
3	-1	33
0	-1	30
1	-1	23
2	-1	23
10	-1	85
1	-1	85
1	-1	22
1	-1	43
0	21	85
1	-1	86
6	-1	84
4	-1	24
3	-1	55
3	-1	55
0	-1	84
6	-1	86
3	5	23
0	-1	46
0	-1	46
4	-1	85
0	-1	85
2	4	20
5	-1	83
1	-1	44
4	-1	25
0	-1	84
9	-1	85
6	-1	27
4	-1	86
3	-1	25
6	-1	31
3	-1	26
2	-1	31
0	16	85
0	12	85
3	-1	28
6	-1	49
3	-1	29
7	-1	41
6	-1	41
12	-1	84
2	-1	29
5	-1	86
6	-1	43
5	-1	33
2	-1	86
2	-1	23
3	-1	29
3	-1	44
3	-1	44
1	4	20
3	5	23
0	-1	23
0	-1	86
0	-1	85
3	-1	86
2	-1	85
3	-1	33
4	-1	33
0	-1	27
1	-1	43
0	-1	43
4	-1	29
0	-1	20
3	-1	37
5	8	26
2	-1	28
0	0	86
2	-1	85
1	-1	23
5	9	21
1	-1	31
0	-1	85
1	-1	32
1	-1	32
0	-1	85
0	8	86
5	-1	33
0	9	86
0	9	85
5	-1	35
4	-1	35
0	0	41
2	-1	26
0	0	85
2	-1	24
0	1	81
2	-1	30
3	-1	61
3	-1	39
0	0	86
0	0	86
0	0	86
0	0	86
0	1	86
0	1	86
0	1	86
0	1	86
0	1	86
0	1	84
1	-1	85
3	-1	36
1	-1	37
3	-1	25
3	-1	28
4	-1	28
4	-1	28
3	-1	85
0	-1	85
7	-1	42
4	-1	27
3	-1	33
2	-1	33
6	-1	30
2	-1	23
3	-1	38
0	0	85
0	-1	76
0	-1	76
0	0	86
3	-1	32
3	-1	84
4	-1	38
5	-1	38
2	-1	24
5	-1	28
1	-1	32
3	-1	84
0	-1	85
0	0	86
3	9	22
5	-1	52
4	-1	41
4	-1	41
3	-1	35
2	-1	30
4	7	24
2	4	22
1	4	20
6	-1	24
2	5	20
4	-1	27
3	-1	34
4	-1	86
2	-1	33
2	-1	49
5	-1	33
2	-1	38
1	-1	27
1	-1	24
2	6	22
2	-1	20
3	-1	27
1	-1	85
2	-1	29
2	-1	29
0	0	85
2	7	20
2	3	20
3	8	26
3	-1	43
7	-1	84
7	-1	84
3	-1	28
1	-1	27
1	-1	85
4	-1	85
3	-1	33
4	-1	81
4	-1	86
5	-1	41
9	-1	62
1	-1	22
0	-1	68
0	4	68
0	0	86
2	-1	38
3	-1	27
3	-1	31
6	-1	49
3	-1	85
2	-1	27
7	-1	84
1	-1	34
3	9	24
0	-1	85
2	-1	24
7	-1	84
3	-1	23
1	-1	34
3	-1	36
3	-1	36
2	-1	22
3	-1	24
4	-1	25
3	-1	24
3	-1	36
0	-1	23
5	-1	46
2	-1	83
1	-1	30
2	-1	30
1	-1	25
0	0	86
0	-1	85
0	-1	22
3	-1	26
3	-1	37
2	-1	23
4	-1	23
0	0	86
1	-1	26
0	-1	20
2	-1	25
2	-1	35
1	-1	85
4	-1	32
3	-1	41
4	-1	63
4	-1	63
0	-1	86
0	10	86
4	9	27
3	-1	23
3	-1	38
3	-1	38
3	4	20
2	-1	20
3	-1	26
4	7	20
2	-1	34
6	-1	42
6	-1	42
2	-1	41
2	-1	41
3	-1	26
0	-1	26
5	-1	47
2	-1	21
2	-1	32
0	-1	84
0	11	85
3	7	20
4	4	20
5	-1	26
2	-1	39
3	-1	38
3	-1	29
0	-1	34
0	-1	34
0	-1	36
1	-1	36
5	-1	38
5	-1	38
3	-1	28
0	-1	23
0	5	86
0	11	85
2	-1	22
4	-1	29
1	-1	25
0	0	86
1	-1	21
4	-1	84
0	0	85
5	-1	35
4	-1	36
0	-1	63
6	-1	48
8	-1	43
0	-1	86
1	-1	86
0	17	85
1	9	67
2	4	21
3	-1	38
1	-1	26
2	-1	85
1	-1	84
3	-1	31
6	-1	30
3	-1	86
2	5	23
4	7	21
2	-1	30
12	-1	86
1	-1	23
3	-1	47
4	-1	27
2	-1	86
2	-1	37
1	-1	85
0	-1	85
0	0	81
5	-1	33
1	-1	25
1	-1	50
0	-1	86
0	-1	23
6	-1	44
0	0	86
0	-1	85
2	-1	25
2	-1	29
0	-1	22
2	-1	40
2	-1	27
2	-1	86
0	0	86
0	0	86
6	-1	51
5	-1	31
2	4	22
4	-1	55
4	-1	30
0	-1	34
2	-1	23
2	-1	40
6	9	23
3	4	21
6	-1	48
3	-1	34
3	6	20
2	8	20
0	-1	26
0	12	85
4	7	23
2	-1	45
2	-1	45
4	-1	29
1	-1	24
4	-1	32
2	-1	33
2	-1	33
1	-1	85
2	-1	22
3	-1	30
3	-1	37
2	-1	37
1	-1	25
1	-1	29
2	-1	29
0	0	86
2	-1	77
3	-1	21
4	-1	22
3	-1	29
2	-1	23
2	-1	42
2	-1	42
1	-1	25
1	-1	25
5	-1	32
2	-1	21
0	0	85
1	-1	23
1	-1	31
1	-1	27
2	-1	27
4	-1	26
3	-1	26
5	-1	86
4	-1	29
4	-1	30
4	6	20
5	-1	35
1	-1	25
6	-1	82
2	-1	22
23	-1	84
2	-1	37
4	-1	49
4	-1	49
2	-1	27
1	-1	27
2	-1	23
2	-1	86
2	4	20
3	-1	27
2	-1	27
3	-1	28
2	-1	23
5	-1	55
0	-1	32
4	-1	27
2	-1	86
4	-1	26
2	-1	46
4	-1	48
5	-1	30
5	-1	29
0	0	85
2	-1	29
4	7	23
4	-1	37
5	-1	71
5	-1	71
3	-1	25
3	-1	25
5	-1	27
0	-1	25
1	-1	27
2	-1	23
0	0	86
2	-1	22
2	-1	27
0	0	86
3	-1	85
3	-1	46
2	-1	20
2	-1	28
2	-1	24
4	-1	55
4	-1	55
3	-1	32
2	-1	24
0	-1	86
1	-1	26
2	-1	20
5	-1	35
2	-1	26
4	-1	38
6	-1	63
7	-1	63
3	-1	26
5	-1	47
4	-1	47
1	-1	22
5	-1	41
3	5	21
21	-1	85
0	-1	20
2	-1	33
23	-1	85
4	-1	38
0	0	86
0	-1	85
3	-1	32
4	-1	86
1	-1	38
0	-1	85
0	-1	86
3	5	21
0	-1	25
2	-1	21
0	0	85
2	-1	24
4	-1	50
5	-1	50
0	-1	20
3	8	26
1	-1	45
2	-1	25
1	-1	29
2	-1	24
1	-1	86
1	-1	84
1	-1	24
3	-1	22
0	-1	30
3	6	20
2	-1	85
0	-1	85
2	-1	27
3	6	21
1	-1	39
4	5	20
2	-1	30
2	-1	21
0	-1	85
3	-1	24
3	-1	24
4	-1	29
3	-1	36
2	-1	38
2	-1	38
1	-1	86
0	-1	85
0	-1	24
4	-1	37
3	-1	37
9	-1	85
3	-1	44
4	-1	45
4	-1	45
1	-1	27
4	-1	26
2	-1	37
3	-1	30
2	-1	30
5	6	21
1	-1	29
0	0	85
4	-1	31
4	-1	40
3	-1	23
2	-1	28
2	-1	49
2	-1	49
5	-1	36
0	6	85
0	12	86
2	-1	32
2	-1	32
4	-1	33
1	-1	23
5	-1	51
3	-1	43
2	-1	28
4	-1	82
1	7	22
5	-1	72
3	5	20
2	-1	22
2	-1	25
2	-1	25
7	-1	37
0	13	85
0	-1	86
3	-1	32
2	-1	32
0	0	85
0	-1	21
6	-1	85
3	-1	40
4	-1	22
2	-1	40
1	-1	40
4	-1	23
3	5	20
1	1	86
4	-1	25
2	-1	86
3	-1	71
3	-1	27
3	-1	50
3	-1	50
10	-1	46
0	5	85
0	12	84
2	-1	26
1	5	22
1	2	23
5	-1	86
6	-1	48
1	-1	33
1	-1	24
1	3	20
0	13	85
2	-1	36
0	-1	85
6	-1	85
3	8	21
0	-1	21
6	7	22
1	-1	37
4	-1	85
2	-1	75
4	6	23
1	-1	36
3	-1	29
2	-1	32
3	-1	25
1	-1	42
4	-1	86
0	-1	20
2	-1	21
0	-1	22
3	-1	27
2	-1	30
9	-1	86
3	5	21
5	-1	25
1	-1	24
0	0	86
5	-1	33
1	-1	23
3	-1	24
0	-1	29
2	-1	41
2	-1	41
1	-1	80
0	-1	22
3	-1	27
4	6	23
4	-1	85
6	-1	34
4	-1	85
1	-1	25
3	-1	32
2	-1	28
6	-1	84
6	-1	84
5	-1	27
1	-1	85
5	-1	30
6	-1	85
0	0	86
2	-1	22
0	0	53
3	-1	38
0	-1	22
3	-1	39
4	-1	39
2	-1	37
1	-1	21
0	-1	40
4	-1	41
5	-1	41
1	-1	29
3	-1	28
3	-1	37
3	-1	37
2	-1	45
0	-1	85
3	-1	85
2	-1	30
1	-1	35
0	-1	86
0	-1	85
5	-1	86
3	-1	32
3	-1	32
4	-1	34
3	-1	34
4	-1	26
3	-1	27
3	8	21
2	-1	21
4	-1	34
4	-1	34
2	-1	23
2	-1	34
1	-1	29
5	-1	39
5	-1	39
5	-1	33
2	-1	22
2	-1	34
4	-1	23
4	-1	23
0	7	84
3	-1	28
4	9	22
0	0	86
0	0	85
3	-1	28
0	14	85
0	-1	21
3	-1	41
3	-1	23
1	-1	46
1	-1	46
25	-1	85
0	0	86
1	-1	25
2	-1	86
2	-1	27
2	-1	32
4	-1	47
5	-1	47
1	-1	24
2	-1	24
2	-1	33
3	-1	33
3	-1	54
2	-1	26
3	-1	27
4	-1	27
1	-1	33
2	-1	86
1	-1	23
3	6	22
0	-1	35
1	-1	35
0	7	86
0	-1	85
4	-1	37
6	-1	43
4	-1	37
1	-1	27
4	-1	28
2	5	20
6	6	22
2	-1	31
4	-1	34
1	-1	27
5	-1	36
6	-1	36
1	-1	21
3	-1	35
3	-1	35
3	-1	25
4	-1	58
2	-1	84
2	-1	84
0	10	85
0	-1	85
10	-1	50
0	-1	85
0	9	86
2	-1	44
2	-1	28
7	-1	86
2	-1	40
3	-1	40
2	-1	22
1	-1	33
2	-1	33
0	-1	23
2	-1	25
4	-1	38
4	9	21
2	-1	35
1	-1	86
0	-1	35
4	6	22
4	6	22
1	-1	27
0	0	86
5	-1	31
2	-1	39
1	-1	43
4	-1	29
4	8	22
0	5	85
2	-1	24
4	-1	52
0	-1	25
1	-1	30
1	-1	28
0	-1	30
0	-1	28
0	0	86
0	0	86
3	-1	23
0	0	85
6	-1	26
1	-1	35
0	0	86
0	0	86
0	0	86
3	6	22
5	-1	25
1	-1	23
3	-1	32
3	6	20
3	-1	27
2	-1	39
2	-1	39
1	-1	21
1	-1	21
2	-1	41
2	-1	41
5	-1	39
2	-1	44
1	-1	44
1	-1	86
5	-1	54
2	-1	25
3	-1	31
2	-1	43
1	-1	26
0	10	79
23	-1	86
5	-1	85
2	-1	21
1	-1	21
4	-1	34
4	9	22
2	-1	85
4	-1	50
4	-1	50
3	-1	21
5	-1	26
3	-1	25
2	-1	44
10	-1	58
2	7	22
3	-1	37
0	0	85
2	-1	26
7	-1	39
3	-1	39
1	4	20
6	-1	55
6	-1	55
1	7	20
6	-1	39
1	3	20
4	-1	86
0	0	86
0	0	86
2	4	20
0	-1	84
1	10	86
0	-1	26
4	-1	36
2	-1	59
2	-1	23
8	-1	53
4	-1	24
3	-1	36
0	-1	27
5	-1	47
7	-1	86
4	-1	28
6	-1	44
3	-1	39
0	-1	34
4	-1	24
2	-1	30
2	-1	30
1	-1	21
0	-1	23
2	-1	25
0	0	86
5	-1	85
2	-1	85
3	-1	84
2	-1	85
2	-1	85
2	-1	85
0	3	85
0	11	86
0	-1	26
8	-1	41
0	0	86
5	-1	82
5	-1	60
2	5	21
2	-1	86
3	4	22
2	2	20
1	-1	30
2	-1	48
2	-1	48
1	-1	43
7	-1	86
3	-1	26
2	-1	38
3	-1	38
1	-1	31
1	-1	25
3	-1	34
4	-1	41
0	-1	83
2	-1	33
2	-1	33
3	-1	30
1	-1	20
2	-1	27
1	-1	34
0	-1	36
0	0	86
5	-1	48
6	-1	74
5	-1	74
2	-1	22
2	-1	24
3	4	21
6	-1	34
7	-1	34
1	-1	43
0	-1	29
0	-1	29
0	-1	23
1	-1	25
1	-1	25
9	-1	77
2	-1	77
1	-1	32
7	-1	35
0	-1	83
0	-1	83
0	0	86
0	0	86
1	-1	25
4	-1	38
1	-1	22
2	4	21
2	-1	38
1	-1	30
2	-1	38
3	-1	40
2	-1	40
4	-1	41
3	-1	20
1	11	84
0	12	85
3	5	23
2	6	20
0	0	85
2	-1	24
0	0	86
3	-1	31
2	-1	24
4	-1	37
1	-1	28
1	-1	35
1	-1	35
0	-1	86
0	-1	85
3	-1	22
1	-1	27
6	-1	44
3	-1	85
6	-1	52
5	-1	52
4	7	23
1	-1	50
5	-1	48
10	-1	75
8	-1	75
1	-1	28
4	7	22
1	-1	31
1	-1	22
1	1	86
2	-1	41
1	-1	41
3	-1	20
1	-1	21
1	-1	27
2	2	20
2	-1	35
2	-1	25
1	-1	28
1	-1	25
1	-1	25
3	-1	85
3	-1	39
2	-1	29
0	0	86
1	-1	44
3	-1	56
2	-1	60
2	-1	60
3	-1	33
2	-1	32
3	-1	86
3	-1	28
2	-1	23
4	7	20
2	-1	40
2	-1	43
0	-1	85
1	-1	32
1	4	21
2	-1	26
2	7	21
1	-1	25
0	-1	85
3	-1	25
4	-1	33
2	-1	84
0	0	86
0	0	86
4	-1	28
2	-1	29
4	8	22
1	-1	21
2	-1	23
4	5	20
3	-1	30
9	-1	55
9	-1	55
2	-1	84
2	-1	56
1	-1	22
0	7	86
3	-1	24
5	-1	47
1	-1	86
1	-1	26
2	3	21
4	-1	42
3	-1	35
3	-1	35
2	-1	23
1	-1	29
2	-1	32
0	-1	32
3	-1	43
1	-1	27
2	-1	28
6	-1	85
0	-1	33
4	8	24
3	-1	29
0	-1	84
2	-1	31
2	-1	31
1	17	86
0	-1	85
0	-1	85
1	-1	86
0	2	23
4	-1	40
5	-1	44
4	-1	44
0	0	85
2	5	20
2	-1	24
1	-1	24
3	-1	36
5	-1	29
4	-1	29
1	-1	25
0	10	85
0	10	85
1	-1	22
2	7	23
0	-1	23
1	1	85
1	-1	35
1	-1	35
2	-1	38
3	-1	48
1	-1	28
2	-1	32
0	-1	86
0	-1	85
3	-1	23
5	-1	33
0	8	84
2	-1	85
2	3	85
4	-1	44
3	-1	44
1	-1	27
0	0	28
6	-1	42
6	-1	42
1	-1	25
0	0	86
3	-1	23
7	-1	57
0	-1	35
0	-1	35
1	-1	85
0	-1	86
5	-1	84
1	-1	24
1	-1	23
4	-1	59
5	-1	27
0	0	86
1	2	21
2	-1	32
2	-1	32
0	0	86
3	-1	25
0	0	38
2	-1	41
2	-1	27
4	-1	24
4	-1	31
3	-1	26
3	-1	27
0	1	28
3	-1	30
3	3	20
2	-1	23
1	-1	32
0	-1	22
3	5	23
0	-1	33
0	-1	33
2	-1	36
1	-1	21
0	10	84
0	-1	21
1	-1	31
2	-1	21
4	-1	22
5	-1	40
1	-1	42
4	-1	37
4	-1	37
3	3	78
3	9	22
0	-1	25
8	-1	85
9	-1	85
4	-1	24
4	-1	27
3	6	20
3	-1	25
2	-1	69
5	-1	45
1	4	21
2	-1	31
2	-1	52
0	-1	32
2	-1	23
1	-1	85
0	-1	86
3	-1	26
0	-1	85
0	-1	83
1	-1	86
5	-1	37
2	-1	42
2	-1	42
3	-1	26
2	-1	24
5	-1	48
4	-1	48
4	-1	34
3	-1	20
8	-1	83
2	-1	25
11	-1	85
2	-1	28
0	9	84
2	-1	86
2	-1	25
2	-1	85
1	4	21
1	-1	46
1	-1	46
3	-1	45
3	-1	45
3	-1	41
3	-1	41
1	-1	26
1	-1	26
1	-1	36
4	-1	32
0	-1	85
4	-1	39
0	-1	79
1	-1	86
2	-1	21
0	-1	86
3	-1	32
0	-1	31
2	-1	31
3	-1	32
3	-1	35
3	-1	35
1	-1	27
1	-1	86
0	-1	83
1	-1	39
1	-1	39
1	-1	28
1	-1	28
3	-1	43
3	-1	43
4	-1	33
4	-1	33
0	2	85
0	-1	84
2	-1	31
10	-1	46
1	-1	32
1	-1	86
5	8	24
5	-1	85
0	-1	86
5	-1	36
6	-1	66
2	-1	66
2	-1	66
5	8	21
3	-1	32
3	-1	36
2	-1	25
3	-1	24
9	-1	46
1	-1	21
6	-1	25
2	-1	45
3	-1	45
2	-1	22
2	-1	38
0	-1	23
2	-1	36
1	-1	26
8	-1	86
6	-1	82
2	-1	33
1	4	20
1	-1	20
5	-1	32
4	-1	30
4	-1	30
4	7	20
0	-1	73
0	-1	85
0	-1	86
1	3	20
14	-1	85
4	-1	35
3	-1	35
0	0	86
3	-1	36
4	-1	34
0	0	85
4	-1	29
1	3	20
0	-1	20
3	-1	24
5	-1	41
4	-1	41
9	-1	52
9	-1	52
9	-1	41
4	-1	28
3	-1	30
3	-1	49
3	-1	49
4	-1	83
0	-1	86
3	-1	23
1	-1	26
2	-1	85
5	-1	29
0	13	86
1	-1	29
6	-1	54
2	-1	21
5	-1	44
4	-1	44
1	-1	21
7	-1	85
2	-1	36
2	-1	31
2	-1	31
1	-1	32
6	-1	38
7	-1	38
0	-1	86
2	-1	20
5	-1	47
3	-1	29
3	4	20
2	-1	25
6	-1	85
3	7	21
3	-1	85
0	12	86
2	-1	86
0	-1	32
1	-1	38
1	-1	38
5	-1	26
4	-1	29
2	5	23
0	-1	84
0	15	86
2	-1	32
1	-1	39
0	-1	39
4	-1	35
4	-1	35
4	6	21
0	0	80
2	-1	32
1	-1	85
3	-1	28
3	-1	28
2	-1	37
0	-1	27
1	-1	22
3	-1	35
2	-1	35
2	-1	56
3	-1	20
1	4	20
0	-1	84
2	-1	23
3	-1	24
6	-1	51
4	-1	86
0	-1	85
0	0	86
2	-1	42
2	-1	25
1	-1	27
4	-1	36
4	-1	27
5	-1	35
0	-1	33
0	-1	36
3	-1	27
1	15	86
0	-1	86
1	-1	24
1	-1	27
2	2	21
1	-1	29
1	-1	21
0	-1	85
3	7	22
4	-1	86
3	-1	43
3	-1	43
5	-1	33
1	-1	42
1	-1	20
1	-1	86
0	8	86
0	7	85
4	4	20
1	-1	85
0	0	86
3	-1	48
5	-1	48
2	4	21
0	0	83
5	-1	59
4	-1	59
1	-1	26
3	-1	36
2	-1	20
4	-1	29
3	4	23
6	-1	35
6	-1	85
1	-1	21
2	-1	23
2	-1	38
1	-1	29
2	-1	34
1	-1	34
0	0	86
2	5	20
0	-1	84
0	-1	84
2	-1	32
2	-1	31
2	-1	55
2	-1	55
0	9	85
0	9	86
1	-1	29
2	-1	32
7	-1	30
1	-1	25
3	-1	28
2	-1	85
3	-1	24
1	-1	39
1	-1	39
3	-1	42
0	-1	23
3	-1	25
8	-1	35
10	-1	35
2	-1	22
0	-1	27
6	-1	51
4	-1	39
3	5	20
6	7	25
4	-1	46
4	-1	34
3	-1	23
2	3	23
8	-1	58
6	-1	76
6	-1	76
2	-1	27
2	6	21
1	1	20
0	0	82
4	-1	22
4	7	22
3	5	21
0	8	85
1	-1	86
2	-1	33
0	10	85
0	0	85
6	-1	61
6	-1	61
3	-1	29
3	-1	29
5	-1	37
2	-1	20
4	-1	27
2	-1	24
0	-1	86
3	-1	40
5	-1	48
2	-1	23
2	-1	25
5	-1	40
4	-1	40
3	-1	20
3	-1	44
2	-1	38
0	0	86
2	-1	32
0	9	84
2	-1	86
1	-1	34
3	-1	30
3	-1	49
3	-1	49
6	-1	31
3	-1	25
3	-1	30
3	6	20
1	-1	44
2	-1	44
3	-1	44
3	-1	44
4	-1	35
3	-1	35
3	-1	35
1	-1	26
8	-1	58
4	6	23
4	6	20
0	-1	24
5	-1	23
0	-1	22
3	-1	41
2	-1	33
2	-1	33
0	-1	85
0	0	86
0	0	86
3	-1	23
0	-1	22
4	6	23
2	-1	38
3	-1	27
3	-1	86
3	-1	23
3	-1	85
2	-1	27
2	-1	22
3	-1	24
4	-1	53
2	5	20
3	-1	40
3	-1	40
0	-1	86
6	-1	31
5	7	20
1	-1	53
3	-1	36
2	-1	55
4	-1	25
5	-1	65
3	-1	23
1	-1	23
4	-1	25
4	11	30
0	0	86
2	-1	39
2	-1	39
3	-1	35
5	7	23
5	-1	36
0	0	86
0	-1	21
4	-1	44
4	-1	44
2	-1	28
4	-1	25
2	-1	25
3	-1	36
5	-1	36
4	8	23
3	-1	26
2	-1	32
4	-1	42
2	-1	22
4	-1	85
4	-1	25
2	-1	27
3	-1	46
6	-1	85
0	0	86
1	1	85
3	-1	27
1	-1	43
3	-1	84
4	-1	69
0	0	85
2	-1	42
1	4	20
7	-1	40
3	-1	33
3	-1	83
4	8	23
4	-1	37
2	-1	42
2	-1	42
2	-1	23
0	-1	25
0	-1	25
3	-1	37
1	-1	20
4	-1	32
2	-1	27
6	-1	82
5	-1	83
5	-1	33
2	-1	26
1	-1	25
2	-1	42
4	-1	44
4	-1	44
3	-1	25
1	-1	27
7	-1	86
3	-1	36
3	-1	36
2	-1	26
1	-1	23
3	-1	49
1	-1	56
1	-1	56
2	-1	24
4	7	21
3	-1	40
1	-1	24
3	-1	25
2	-1	23
0	10	84
0	-1	85
1	-1	38
8	-1	86
1	-1	84
0	-1	86
0	-1	85
1	5	20
2	-1	34
2	-1	34
1	-1	42
2	-1	23
0	-1	84
0	0	85
0	19	85
2	6	21
0	-1	85
5	7	21
2	6	20
3	-1	23
5	-1	83
3	5	21
1	-1	35
6	-1	35
3	-1	27
3	-1	43
3	-1	39
1	-1	24
2	-1	42
1	-1	33
1	-1	33
2	-1	45
6	-1	28
7	-1	28
1	-1	23
3	3	21
1	4	20
2	-1	24
2	-1	48
0	0	86
0	0	86
4	-1	25
1	-1	26
4	-1	30
2	-1	60
2	-1	60
4	-1	51
1	5	20
3	-1	34
4	-1	29
1	-1	31
1	-1	41
4	-1	34
2	-1	22
3	-1	34
3	-1	34
0	-1	33
0	-1	21
4	-1	33
4	-1	26
0	0	86
3	-1	28
3	-1	28
1	-1	51
5	-1	34
0	0	20
1	-1	28
2	-1	28
3	-1	54
1	-1	27
6	-1	45
5	-1	45
6	-1	84
0	0	86
2	-1	25
5	-1	86
1	-1	25
1	7	84
2	-1	80
3	-1	28
1	-1	85
0	0	52
4	-1	72
4	-1	72
3	-1	30
2	-1	21
2	8	20
3	-1	26
4	-1	37
4	-1	37
6	-1	36
6	-1	36
3	-1	24
4	-1	26
0	1	21
4	-1	27
3	-1	22
3	-1	24
9	-1	85
0	-1	27
3	-1	24
4	-1	46
0	0	86
1	-1	23
3	-1	36
2	3	21
0	-1	69
0	-1	86
2	-1	53
1	-1	53
3	-1	29
2	6	24
3	-1	33
3	-1	33
0	-1	22
2	4	21
2	-1	26
2	-1	27
2	-1	25
2	-1	36
1	-1	30
0	-1	30
2	-1	36
4	-1	30
0	0	85
3	-1	25
3	8	21
3	-1	23
3	-1	58
6	-1	36
1	-1	31
1	3	20
1	-1	22
3	-1	86
0	-1	85
3	3	21
2	-1	39
0	-1	36
4	-1	25
3	-1	86
0	7	85
1	-1	41
8	-1	34
3	6	20
0	-1	85
2	-1	43
2	-1	43
0	-1	22
3	-1	27
2	-1	27
2	-1	25
2	-1	21
3	-1	22
4	-1	25
3	-1	37
3	-1	37
1	-1	25
1	-1	21
4	-1	32
2	-1	29
1	-1	29
4	8	21
0	9	85
0	-1	27
3	3	20
2	-1	24
1	-1	24
2	-1	26
3	-1	22
3	-1	47
3	-1	86
1	2	86
8	-1	86
5	-1	84
6	-1	33
2	-1	21
3	-1	25
0	-1	86
1	-1	27
1	-1	41
2	3	21
4	-1	55
3	-1	27
4	-1	85
3	-1	40
1	-1	84
0	-1	29
0	-1	25
0	-1	25
0	7	86
3	-1	44
14	-1	86
6	-1	52
2	5	20
1	-1	28
1	-1	22
3	5	22
3	-1	27
6	-1	62
7	-1	62
0	-1	86
0	6	84
1	4	20
5	-1	27
5	-1	85
2	-1	41
2	-1	41
5	-1	28
1	-1	23
6	-1	54
0	0	86
0	0	86
2	-1	25
0	-1	25
3	8	21
3	-1	24
2	-1	23
4	-1	35
4	-1	35
2	5	23
2	-1	31
8	-1	59
9	-1	59
0	3	20
6	-1	29
1	-1	86
3	5	21
2	-1	41
2	-1	41
2	5	21
3	-1	85
0	-1	85
0	-1	86
1	-1	85
0	-1	85
1	-1	64
1	-1	64
1	-1	85
0	-1	86
0	7	56
0	-1	85
0	-1	56
0	-1	86
0	-1	85
0	-1	86
0	-1	86
0	-1	86
1	9	86
0	-1	86
0	-1	85
2	16	84
0	-1	86
0	-1	47
0	-1	47
3	-1	85
0	9	85
0	-1	85
2	-1	86
1	-1	85
2	-1	86
0	-1	83
0	6	84
1	-1	86
2	-1	86
2	-1	86
0	-1	85
0	19	85
1	8	85
0	8	85
2	-1	86
0	-1	85
0	-1	85
1	-1	86
0	-1	85
1	6	86
1	12	83
0	-1	86
0	-1	86
0	-1	85
5	-1	84
1	-1	83
1	-1	86
0	-1	86
0	-1	85
0	-1	85
0	-1	86
0	-1	86
0	12	86
1	17	84
0	-1	84
0	-1	85
0	11	84
2	-1	86
0	-1	86
0	11	86
0	-1	85
1	-1	85
1	-1	85
1	-1	86
0	7	85
0	-1	85
1	12	85
0	-1	85
0	-1	85
1	-1	85
2	-1	85
1	-1	85
1	12	85
0	-1	85
1	-1	84
0	-1	83
2	-1	86
1	8	85
0	-1	85
0	13	86
0	-1	86
0	-1	85
4	-1	86
0	19	86
1	-1	86
0	-1	85
1	9	84
1	-1	84
5	-1	86
1	-1	85
0	9	85
0	-1	80
0	-1	86
0	-1	85
0	10	85
0	8	84
0	10	84
1	-1	86
0	7	85
0	-1	84
1	-1	86
0	-1	85
0	7	85
0	-1	86
1	8	86
0	7	84
0	-1	81
0	-1	85
0	8	83
0	-1	85
0	-1	85
0	6	86
1	-1	83
1	-1	85
4	-1	86
5	-1	35
2	-1	22
0	1	86
1	2	39
0	-1	21
1	-1	22
5	-1	42
4	-1	36
3	-1	27
7	-1	85
0	-1	84
0	0	85
3	7	24
4	-1	36
5	5	20
7	-1	85
2	-1	26
2	-1	27
0	8	85
1	-1	86
4	-1	66
3	-1	86
3	-1	32
3	-1	25
4	-1	85
4	-1	68
4	-1	68
0	2	20
1	-1	25
2	-1	20
3	8	22
0	-1	27
0	-1	24
4	7	21
3	-1	29
4	-1	86
3	7	24
3	-1	26
3	-1	24
0	1	85
4	-1	37
1	-1	29
2	-1	29
1	-1	29
1	-1	86
2	-1	26
2	-1	26
3	10	26
5	-1	50
5	-1	50
0	-1	86
1	-1	85
0	-1	84
0	-1	85
1	-1	39
3	-1	27
1	-1	37
1	-1	37
7	-1	85
6	-1	39
3	5	20
5	9	20
3	-1	32
1	-1	24
4	-1	42
1	-1	42
2	-1	63
2	-1	21
3	-1	35
2	6	20
3	4	22
4	-1	27
4	-1	62
5	-1	62
3	-1	37
1	-1	86
0	6	84
2	-1	38
2	-1	29
5	-1	34
4	-1	34
3	-1	34
4	-1	53
5	-1	27
1	-1	28
3	-1	50
2	-1	50
3	-1	27
2	-1	86
1	-1	86
2	-1	27
2	6	21
0	13	86
1	-1	85
0	-1	30
1	19	85
1	13	85
0	-1	24
0	-1	27
0	-1	27
0	-1	33
5	10	29
1	4	21
3	-1	28
1	4	20
3	-1	23
6	-1	81
7	-1	81
2	-1	25
1	5	20
4	7	25
3	-1	27
1	-1	22
3	-1	86
5	8	22
2	-1	85
2	-1	24
0	-1	24
4	-1	49
5	-1	49
7	-1	55
4	-1	86
1	7	21
0	0	86
2	-1	28
3	6	20
3	-1	20
4	5	22
4	-1	34
4	-1	34
2	-1	28
0	11	85
1	-1	85
0	-1	22
3	-1	51
3	9	21
2	-1	32
5	-1	85
3	9	25
0	0	86
4	-1	43
0	0	85
1	-1	23
2	-1	21
0	-1	73
2	-1	25
1	-1	29
2	-1	29
0	-1	86
2	-1	35
2	-1	35
7	-1	28
2	-1	28
1	-1	26
2	-1	26
0	-1	22
4	-1	26
2	-1	25
1	-1	21
1	-1	44
1	-1	44
1	-1	85
2	-1	47
2	-1	47
0	21	86
1	-1	23
1	-1	24
0	-1	86
5	-1	42
4	-1	42
6	-1	41
3	9	21
1	-1	26
3	-1	23
0	-1	85
6	-1	84
2	-1	27
2	-1	27
5	-1	56
3	7	22
1	1	85
1	-1	35
2	-1	34
5	-1	36
0	-1	30
1	-1	38
0	-1	23
3	9	23
4	-1	43
2	-1	46
1	-1	24
8	-1	85
0	-1	24
4	-1	44
0	-1	29
0	-1	31
1	-1	38
1	-1	38
5	-1	86
0	7	83
8	-1	69
4	-1	51
4	-1	51
1	-1	37
0	-1	84
0	-1	86
0	0	45
1	-1	25
4	-1	84
1	-1	23
3	-1	39
1	-1	24
1	-1	24
2	-1	26
2	-1	29
3	-1	26
2	5	20
4	-1	46
0	-1	83
0	14	86
4	-1	86
2	-1	21
1	-1	26
3	-1	85
4	-1	24
5	-1	45
5	-1	86
0	-1	83
1	-1	25
1	5	20
2	-1	83
3	-1	46
0	-1	40
0	-1	40
0	-1	21
0	10	86
1	-1	21
7	-1	86
2	-1	40
2	5	20
5	-1	83
5	-1	23
2	-1	42
0	0	86
3	-1	24
2	-1	22
1	-1	27
1	-1	35
1	-1	35
1	-1	86
0	10	86
2	-1	39
0	-1	26
3	-1	84
1	-1	85
4	-1	85
1	-1	86
3	-1	86
4	-1	85
2	-1	85
14	-1	85
6	-1	37
4	-1	86
4	-1	43
3	-1	25
6	-1	53
3	-1	28
3	-1	28
6	-1	53
2	-1	53
4	-1	34
3	-1	85
2	-1	28
3	-1	26
2	4	20
2	-1	86
0	-1	85
3	-1	32
9	-1	46
3	-1	30
0	-1	85
0	14	86
3	-1	32
1	-1	22
2	-1	32
3	-1	28
2	-1	28
7	-1	45
4	-1	30
4	-1	25
1	-1	86
2	-1	49
5	-1	37
4	-1	47
4	-1	47
1	-1	21
2	-1	31
4	-1	29
4	-1	30
4	-1	30
2	-1	24
3	8	22
4	-1	59
5	-1	75
4	-1	39
7	-1	51
7	-1	51
3	7	22
1	3	20
2	-1	28
5	-1	45
5	-1	45
4	4	22
2	-1	21
2	-1	29
1	3	20
1	4	20
5	-1	86
5	-1	63
3	6	22
2	-1	30
14	-1	86
2	5	21
1	-1	85
2	-1	84
2	4	22
4	-1	31
3	-1	32
2	-1	27
3	-1	30
3	-1	30
4	-1	28
0	-1	35
4	-1	28
5	9	23
3	-1	35
3	-1	35
7	-1	51
1	-1	85
3	-1	59
3	-1	59
3	-1	23
3	6	20
5	-1	42
3	-1	42
2	6	24
3	-1	26
2	-1	34
1	1	85
0	0	86
3	-1	26
3	-1	26
0	-1	83
0	-1	35
0	-1	35
0	0	86
2	5	24
3	-1	24
7	-1	81
5	-1	59
5	-1	59
4	-1	34
3	8	20
1	-1	23
2	-1	33
3	-1	33
2	6	23
4	6	21
2	-1	31
2	-1	26
1	-1	22
1	-1	46
1	1	82
2	-1	36
3	-1	36
4	-1	85
2	-1	21
3	-1	44
0	7	83
0	-1	84
0	-1	37
0	-1	37
2	-1	43
1	2	21
0	8	84
2	-1	30
3	-1	30
3	5	23
3	-1	23
4	-1	33
3	-1	29
4	-1	51
1	-1	34
3	-1	45
2	-1	21
1	-1	20
0	-1	24
1	-1	86
0	7	85
0	-1	25
4	-1	34
5	-1	34
4	-1	39
1	-1	86
1	-1	25
4	-1	85
2	-1	85
0	-1	84
3	-1	25
3	-1	33
2	-1	22
3	-1	41
3	-1	41
1	-1	33
5	-1	34
5	-1	34
0	6	84
1	-1	85
2	-1	27
4	-1	26
0	0	86
3	-1	21
1	-1	22
0	-1	86
1	-1	32
5	-1	82
1	11	84
3	-1	25
2	-1	30
3	-1	47
5	-1	39
5	-1	39
3	-1	29
4	-1	86
0	10	85
0	12	86
4	-1	81
2	-1	49
1	-1	50
0	-1	84
0	-1	85
2	-1	37
3	-1	37
3	-1	37
3	-1	42
2	-1	42
2	-1	85
0	0	85
2	-1	63
2	-1	63
2	-1	47
2	-1	47
3	-1	59
5	-1	58
4	-1	51
4	-1	51
1	-1	26
3	-1	22
1	-1	38
2	-1	38
0	-1	86
4	-1	33
1	-1	40
2	-1	24
4	-1	24
0	16	83
0	9	86
5	-1	25
2	-1	21
0	-1	29
2	-1	23
4	-1	45
4	-1	45
5	-1	30
1	-1	36
1	-1	36
3	6	24
7	-1	84
2	-1	24
0	0	84
0	-1	85
3	-1	55
3	-1	55
2	-1	24
3	-1	26
1	-1	22
2	-1	33
2	-1	33
6	-1	82
3	4	20
1	-1	36
2	-1	29
2	-1	22
2	-1	24
2	-1	22
1	-1	23
0	-1	22
3	-1	84
2	-1	85
3	-1	52
2	-1	52
3	-1	35
3	-1	35
14	-1	85
0	12	84
2	-1	86
3	6	22
3	-1	50
4	-1	50
1	-1	38
3	-1	32
4	-1	32
3	-1	43
5	-1	32
2	-1	35
11	-1	85
4	-1	85
2	-1	59
2	-1	85
3	-1	85
2	-1	58
5	-1	85
2	-1	82
4	-1	85
2	-1	58
2	-1	59
2	-1	82
3	-1	86
5	-1	85
3	-1	83
5	-1	85
2	-1	58
3	-1	85
5	-1	85
3	-1	85
9	-1	85
2	-1	27
3	-1	22
4	5	22
1	-1	25
3	-1	24
3	-1	22
0	0	85
8	-1	41
3	5	20
8	-1	61
0	-1	21
6	-1	39
7	-1	39
4	8	23
3	-1	85
2	-1	23
2	-1	22
0	-1	26
3	-1	22
4	-1	27
3	-1	32
2	-1	32
1	-1	20
3	-1	44
4	-1	30
1	2	20
3	-1	34
1	-1	23
4	6	23
6	-1	84
3	-1	44
3	-1	44
0	-1	41
0	-1	41
0	-1	85
1	-1	36
1	-1	86
3	-1	44
12	-1	84
12	-1	85
12	-1	84
2	-1	25
1	-1	86
1	-1	32
2	-1	32
1	-1	44
3	-1	33
0	0	86
0	0	86
2	-1	68
2	-1	41
3	-1	41
2	-1	23
2	6	22
4	-1	36
4	-1	36
1	-1	85
3	-1	23
4	-1	85
5	-1	25
3	8	23
0	-1	85
0	-1	85
0	14	85
2	4	21
0	-1	31
0	-1	31
4	-1	29
3	-1	27
4	6	20
1	-1	21
1	-1	30
4	-1	26
0	-1	24
3	-1	36
4	-1	36
0	-1	34
2	-1	38
2	5	20
4	-1	86
2	-1	35
0	-1	84
2	-1	86
3	-1	29
1	-1	86
1	-1	21
4	-1	31
4	6	21
2	-1	86
5	-1	40
5	7	21
3	-1	29
1	8	85
0	-1	86
3	-1	28
1	-1	22
3	7	22
6	-1	41
4	-1	41
6	-1	52
0	0	86
0	0	86
5	-1	33
4	-1	33
0	0	74
9	-1	44
2	-1	85
4	-1	85
1	-1	76
6	-1	85
1	-1	85
2	-1	85
5	-1	40
4	-1	40
2	-1	41
1	-1	41
0	0	86
0	0	86
0	-1	40
3	-1	42
1	14	85
6	-1	39
2	-1	39
1	-1	24
2	-1	26
0	0	86
0	0	86
2	-1	24
1	1	86
1	-1	85
1	-1	45
1	-1	45
3	-1	39
4	-1	39
4	7	23
0	0	86
4	-1	28
2	-1	42
0	0	86
0	0	86
0	0	86
6	-1	26
4	-1	37
2	-1	29
1	3	21
3	-1	54
2	-1	42
3	-1	34
2	-1	45
1	-1	45
2	-1	24
0	-1	21
5	-1	86
4	8	20
2	-1	33
2	-1	24
0	-1	85
7	-1	42
1	-1	84
2	-1	20
1	-1	86
0	-1	85
1	-1	34
6	-1	44
2	-1	30
4	6	21
2	-1	24
2	-1	23
1	-1	30
1	-1	30
2	-1	21
11	-1	85
0	0	33
4	-1	42
4	-1	25
2	-1	23
5	-1	83
2	-1	26
2	4	20
3	-1	62
2	-1	62
0	-1	21
2	-1	30
5	-1	66
3	-1	36
1	3	85
4	-1	25
3	-1	85
0	-1	33
0	-1	27
0	-1	23
3	-1	38
4	-1	44
4	-1	44
9	-1	85
1	-1	31
4	-1	29
2	-1	85
3	-1	28
0	-1	37
3	-1	31
3	-1	31
3	-1	86
1	-1	37
3	7	21
0	-1	85
2	-1	85
3	-1	38
3	-1	22
0	-1	85
0	-1	86
3	5	21
1	2	75
1	-1	25
5	-1	37
2	-1	37
1	-1	45
1	-1	45
0	-1	85
2	-1	21
2	-1	37
4	-1	30
10	-1	86
1	-1	46
1	-1	46
4	-1	27
0	-1	85
3	-1	22
2	-1	25
1	-1	22
2	5	21
6	-1	85
1	-1	29
1	-1	29
0	-1	21
4	-1	43
4	-1	34
1	-1	38
2	-1	21
5	10	21
0	1	84
4	-1	35
0	8	85
0	-1	86
0	7	21
3	-1	30
4	-1	28
4	-1	85
4	-1	85
4	-1	72
2	-1	47
0	-1	30
3	-1	25
5	-1	46
3	-1	38
1	-1	24
1	-1	35
3	-1	57
2	-1	46
2	-1	46
3	-1	33
3	-1	30
3	-1	31
2	-1	24
4	-1	30
4	6	21
2	-1	41
2	-1	31
3	7	20
0	3	20
2	-1	27
5	-1	33
1	-1	42
3	-1	42
4	-1	31
4	-1	31
2	-1	21
3	-1	43
5	7	24
1	-1	31
2	-1	31
0	-1	86
4	-1	43
0	0	86
2	-1	24
3	5	20
0	0	86
1	-1	27
0	0	86
1	-1	23
2	-1	42
1	11	85
2	-1	84
0	0	86
1	1	86
1	-1	24
17	-1	86
2	-1	27
0	0	86
0	0	86
0	-1	24
4	-1	38
1	8	22
1	-1	23
3	-1	31
0	0	86
1	-1	25
0	-1	24
6	-1	44
0	-1	82
3	7	23
0	-1	84
2	-1	32
2	-1	32
2	-1	22
6	-1	48
4	-1	43
3	-1	31
3	-1	31
3	-1	24
6	-1	53
5	-1	53
2	-1	27
3	-1	25
4	7	21
3	-1	24
0	-1	28
2	-1	33
7	-1	53
3	5	20
5	-1	24
1	-1	46
4	-1	40
0	0	86
0	0	86
0	0	86
5	-1	35
4	-1	33
4	-1	85
4	-1	29
4	-1	29
9	-1	82
3	-1	32
1	-1	23
0	3	20
5	-1	38
5	-1	38
3	-1	23
3	-1	42
2	3	20
2	-1	25
2	-1	85
3	-1	28
4	-1	25
1	-1	29
1	-1	29
2	-1	29
3	-1	29
1	-1	20
3	-1	33
3	-1	86
3	-1	35
0	0	86
4	-1	76
0	0	20
3	5	25
3	4	22
1	-1	23
1	-1	31
2	-1	24
1	-1	23
3	-1	31
1	-1	24
0	0	86
7	-1	30
6	-1	46
5	-1	46
6	-1	59
1	-1	22
5	-1	30
3	-1	68
3	-1	23
0	0	44
2	-1	35
1	-1	20
1	-1	86
1	-1	86
2	-1	22
5	-1	57
2	-1	33
2	-1	33
0	-1	28
2	-1	24
2	-1	21
2	-1	23
3	-1	21
6	-1	52
7	-1	80
3	7	21
2	-1	29
2	-1	29
9	-1	86
6	-1	38
0	-1	24
3	-1	85
0	0	86
0	0	86
1	-1	34
0	31	86
0	6	85
3	-1	86
3	5	20
0	0	86
0	1	86
0	2	86
0	2	86
0	2	86
0	2	86
0	2	86
0	2	86
0	2	86
0	-1	85
0	-1	86
0	2	86
0	2	85
1	-1	85
0	2	85
0	3	84
0	-1	86
0	2	85
0	-1	85
0	-1	86
0	2	85
0	2	84
0	2	86
1	2	85
0	2	86
1	-1	82
0	4	86
0	2	86
0	2	86
0	-1	86
0	2	86
0	2	86
1	-1	85
0	-1	85
0	-1	84
0	2	82
0	2	85
0	2	56
0	-1	56
0	2	85
1	-1	85
0	-1	85
0	2	86
0	2	86
0	2	70
0	2	84
0	2	77
0	2	86
1	-1	75
1	-1	86
0	-1	85
1	-1	85
0	2	85
2	-1	85
0	-1	84
0	-1	85
1	-1	85
2	-1	85
1	-1	85
0	-1	84
0	2	85
0	-1	85
3	-1	85
0	-1	85
0	2	85
0	2	85
3	-1	85
0	-1	85
0	-1	85
0	-1	85
1	-1	85
1	-1	85
2	-1	85
2	-1	40
4	4	23
6	-1	39
2	2	22
7	-1	42
6	-1	42
2	-1	39
1	-1	39
4	-1	28
8	-1	45
4	-1	86
5	-1	63
4	-1	30
3	-1	23
1	-1	36
3	-1	26
2	-1	23
0	-1	21
1	1	85
5	-1	32
2	-1	27
1	-1	20
3	-1	25
3	-1	29
5	-1	38
2	-1	25
2	-1	20
1	-1	25
3	-1	27
4	-1	27
4	-1	36
0	-1	22
1	-1	20
2	-1	23
0	-1	24
6	-1	26
1	-1	32
3	-1	86
9	-1	53
1	3	21
3	-1	42
1	-1	85
4	-1	40
4	-1	85
3	-1	35
2	-1	35
4	-1	85
3	-1	85
2	-1	38
1	-1	31
0	-1	27
1	-1	28
1	-1	26
0	-1	24
1	-1	47
1	-1	28
0	-1	27
4	6	23
9	-1	66
2	-1	85
3	-1	24
3	7	24
2	3	21
4	-1	29
4	-1	29
3	-1	32
3	-1	32
7	-1	56
3	-1	24
3	6	24
1	-1	85
3	-1	42
3	-1	42
2	4	22
1	-1	25
1	-1	23
1	-1	22
5	-1	36
0	-1	34
5	-1	33
3	-1	26
3	8	23
2	-1	44
1	-1	27
3	-1	30
4	-1	50
5	-1	50
3	-1	27
4	-1	35
4	-1	35
4	-1	26
1	-1	33
1	-1	33
0	0	86
7	-1	74
4	-1	28
0	-1	85
1	-1	36
1	-1	36
3	-1	63
5	-1	86
3	7	21
5	-1	29
2	-1	65
1	-1	28
4	-1	65
4	-1	65
1	-1	21
1	-1	44
5	-1	30
3	-1	30
5	-1	38
0	0	86
0	0	86
3	-1	25
3	-1	25
3	6	20
5	-1	28
3	-1	27
0	-1	30
6	-1	86
0	-1	86
0	-1	85
3	-1	34
4	7	21
1	-1	32
1	-1	23
4	6	20
1	-1	46
0	-1	85
2	6	21
2	-1	40
2	-1	40
2	-1	85
0	-1	27
1	-1	22
4	-1	21
3	5	23
5	-1	41
2	-1	25
4	7	22
3	-1	25
2	-1	25
0	0	85
1	9	86
3	-1	80
3	-1	65
6	-1	46
7	-1	46
1	-1	27
4	-1	54
3	-1	26
6	-1	36
2	6	22
3	-1	30
0	-1	85
5	-1	27
0	0	86
4	7	20
7	-1	40
4	-1	23
2	4	22
1	-1	21
2	-1	40
2	-1	40
6	-1	66
2	-1	47
0	0	86
6	-1	49
3	-1	39
1	-1	29
3	-1	33
2	4	20
6	-1	37
6	-1	37
3	-1	29
0	-1	24
6	-1	85
1	-1	42
3	-1	39
1	-1	23
3	-1	28
3	-1	24
5	-1	31
7	-1	35
2	-1	22
3	-1	31
1	-1	20
1	-1	27
3	-1	63
0	0	86
1	4	20
5	-1	32
1	7	20
4	-1	25
4	-1	33
3	-1	59
3	-1	59
4	-1	27
0	-1	20
3	-1	49
3	-1	49
1	-1	26
6	-1	51
0	-1	39
2	-1	39
2	5	23
0	-1	86
1	-1	25
0	-1	84
0	0	85
6	-1	35
4	-1	85
4	7	22
3	-1	22
6	-1	65
6	-1	65
4	-1	43
22	-1	86
2	-1	33
4	-1	25
5	9	25
3	-1	30
3	-1	30
5	5	22
0	-1	26
2	-1	21
0	0	83
2	-1	25
0	13	83
0	-1	82
1	-1	85
0	-1	85
2	-1	37
2	-1	37
3	-1	49
4	-1	49
0	-1	31
0	1	85
3	-1	32
5	-1	46
0	9	85
3	-1	28
0	14	85
0	9	86
1	2	21
0	0	85
0	-1	27
3	-1	25
2	-1	28
7	-1	85
3	8	24
3	-1	27
3	-1	41
3	-1	41
2	-1	86
3	-1	30
3	-1	42
4	-1	42
6	8	21
1	-1	24
4	-1	32
2	-1	26
1	-1	24
1	-1	24
2	-1	21
4	-1	30
6	-1	51
5	-1	51
3	-1	24
4	-1	28
6	-1	35
4	-1	35
0	0	86
2	-1	42
3	-1	42
0	-1	56
2	-1	56
0	-1	85
0	-1	84
7	-1	84
4	-1	31
3	-1	42
3	-1	42
5	7	25
4	-1	24
7	-1	54
8	-1	54
0	5	86
0	5	85
2	6	21
0	-1	43
1	-1	29
3	7	22
3	7	22
6	-1	45
2	-1	34
10	-1	60
1	-1	69
0	-1	69
4	-1	56
0	0	86
0	0	86
3	-1	35
3	-1	35
7	-1	45
2	-1	29
0	-1	29
0	-1	86
1	-1	86
6	-1	76
2	-1	36
5	-1	78
2	-1	42
1	-1	42
1	-1	29
5	-1	34
0	-1	86
2	-1	22
3	-1	86
4	-1	46
0	-1	39
3	-1	26
3	-1	86
1	-1	28
1	-1	85
2	-1	37
3	-1	29
2	-1	27
5	-1	59
5	-1	59
4	-1	44
3	-1	23
0	0	84
3	-1	38
3	-1	38
5	-1	35
2	-1	41
2	-1	41
3	-1	29
0	-1	85
2	-1	20
0	-1	22
5	-1	24
0	0	86
0	-1	26
0	-1	26
3	-1	27
0	-1	85
0	-1	86
2	6	24
0	-1	24
2	-1	23
1	-1	40
0	-1	84
0	11	83
0	-1	86
2	4	20
0	-1	32
1	-1	20
0	-1	21
5	-1	31
0	-1	85
2	-1	45
4	8	21
2	-1	49
2	-1	24
0	-1	85
1	-1	86
2	-1	58
2	-1	58
1	-1	81
4	-1	28
3	-1	53
3	-1	53
2	-1	36
0	-1	45
3	-1	28
4	-1	29
3	5	22
1	-1	34
0	-1	34
1	-1	22
4	-1	35
2	-1	46
3	5	20
3	-1	32
3	-1	32
3	-1	51
3	-1	51
4	-1	85
6	-1	40
1	-1	23
1	4	22
1	5	21
2	4	21
1	-1	37
11	-1	80
0	-1	37
2	-1	28
2	-1	28
3	-1	22
1	-1	22
1	-1	37
4	-1	27
1	4	20
2	8	21
1	-1	41
1	5	21
6	8	22
1	-1	31
1	-1	28
0	-1	83
0	-1	85
3	4	21
5	-1	56
5	-1	56
1	-1	21
1	-1	36
7	-1	51
8	-1	43
2	3	20
3	4	20
1	-1	28
3	-1	73
3	-1	73
3	6	20
2	-1	20
1	-1	28
1	-1	24
0	0	86
2	-1	24
0	-1	37
6	-1	38
5	-1	38
3	4	22
3	-1	24
0	-1	22
1	-1	28
0	0	86
0	-1	31
3	-1	24
3	-1	27
2	-1	27
9	-1	54
1	-1	30
4	-1	37
5	8	20
2	-1	29
2	-1	47
4	5	23
2	3	84
0	-1	27
0	-1	27
3	-1	85
9	-1	86
3	5	21
0	7	84
4	-1	54
4	-1	54
2	-1	24
8	-1	81
3	-1	29
1	-1	21
3	6	22
6	-1	41
0	-1	30
3	-1	36
3	-1	30
4	-1	86
1	6	84
2	-1	40
7	-1	43
1	-1	43
0	-1	26
4	-1	27
2	-1	30
0	0	79
2	-1	85
2	-1	68
2	-1	85
3	-1	79
2	-1	84
1	-1	27
1	-1	30
2	-1	30
0	0	86
0	0	86
3	-1	27
1	-1	26
1	5	20
1	-1	86
1	11	86
8	-1	32
0	-1	23
2	-1	40
0	0	85
3	-1	32
8	-1	48
8	-1	48
3	-1	40
4	-1	34
1	-1	27
2	-1	22
6	-1	37
2	5	20
2	-1	27
0	-1	86
4	-1	58
5	10	24
2	-1	21
2	4	22
4	-1	80
1	3	20
2	-1	21
3	9	21
4	-1	25
4	-1	31
2	-1	27
2	-1	27
2	-1	25
4	-1	30
5	-1	33
6	-1	33
1	8	22
0	-1	86
0	-1	85
0	0	86
3	-1	26
1	-1	22
0	0	76
0	0	86
0	0	86
0	0	86
1	-1	86
2	-1	83
3	-1	47
5	-1	47
0	0	86
0	0	86
1	-1	84
1	-1	34
4	-1	71
1	-1	26
5	-1	45
3	-1	24
5	-1	26
4	-1	57
1	-1	35
2	-1	32
3	-1	39
3	-1	39
5	-1	34
0	-1	86
0	-1	84
1	12	85
1	12	85
1	-1	25
5	-1	84
0	4	20
3	-1	26
4	-1	86
1	5	20
2	-1	41
3	-1	41
5	-1	85
0	0	86
1	-1	85
0	-1	83
2	-1	35
2	-1	35
0	-1	80
0	-1	80
6	-1	84
2	-1	35
2	-1	33
7	-1	47
6	-1	47
1	-1	21
4	-1	86
5	-1	47
1	-1	39
1	-1	39
3	-1	86
0	-1	84
2	-1	29
0	1	84
3	-1	79
1	-1	86
3	-1	85
1	-1	25
1	-1	23
0	-1	84
5	-1	41
2	-1	26
1	4	21
4	-1	86
1	13	84
6	-1	41
4	-1	29
3	-1	40
1	5	21
0	0	86
3	-1	28
2	-1	23
0	0	85
3	-1	22
4	-1	71
5	7	22
6	-1	37
6	-1	37
4	5	21
1	-1	86
2	-1	20
3	5	23
2	-1	42
2	-1	42
2	-1	29
3	-1	29
4	4	20
4	-1	53
3	-1	53
2	-1	22
2	-1	22
1	-1	25
4	-1	78
4	-1	27
5	-1	35
5	-1	27
1	-1	38
4	-1	23
4	-1	37
4	-1	37
3	-1	32
2	-1	32
2	-1	31
0	0	85
3	-1	29
4	-1	29
4	-1	29
2	-1	34
3	-1	29
1	4	20
3	-1	34
8	-1	56
3	-1	26
5	-1	59
1	-1	22
2	-1	86
0	-1	85
5	-1	27
4	-1	33
2	-1	33
0	0	86
0	0	86
2	-1	33
2	-1	33
2	-1	69
2	-1	69
1	-1	20
3	5	20
0	-1	85
0	13	86
1	-1	28
2	-1	28
2	-1	22
1	-1	26
2	3	22
2	-1	43
2	-1	43
2	4	20
2	-1	85
8	-1	71
0	-1	22
1	1	83
3	-1	24
0	2	85
0	7	85
2	-1	31
5	9	21
3	-1	29
4	-1	54
0	-1	23
3	6	22
3	-1	22
3	4	20
2	-1	27
0	4	20
1	-1	82
4	-1	56
1	1	85
1	-1	85
7	-1	86
4	-1	36
3	-1	65
1	-1	28
1	-1	28
3	8	21
3	-1	21
0	-1	84
3	5	23
2	-1	23
2	-1	38
2	-1	29
5	-1	40
7	-1	40
1	-1	21
8	-1	83
2	-1	32
1	-1	24
5	-1	30
2	-1	30
0	0	86
2	-1	84
0	8	85
4	-1	30
5	-1	55
5	-1	55
1	-1	33
3	-1	27
1	-1	31
1	-1	24
0	-1	42
0	-1	42
2	-1	27
1	-1	85
0	-1	84
2	-1	32
0	-1	29
0	-1	29
1	-1	86
0	-1	80
6	-1	49
3	-1	49
1	-1	30
3	-1	25
3	-1	24
1	-1	33
2	4	20
3	5	21
2	-1	32
0	-1	84
2	-1	30
0	-1	30
3	-1	31
4	-1	51
3	-1	26
3	-1	26
0	0	86
0	0	86
1	-1	24
1	-1	25
5	-1	34
1	-1	22
4	-1	38
5	-1	48
5	-1	48
4	6	26
5	-1	35
5	-1	35
5	-1	25
3	-1	38
1	-1	86
1	8	85
1	-1	20
3	-1	33
4	6	21
1	-1	21
2	-1	27
4	-1	32
1	-1	25
1	7	21
5	-1	86
1	-1	29
9	-1	85
5	-1	28
0	5	86
0	13	85
3	-1	35
2	-1	27
2	-1	55
4	-1	55
4	-1	27
0	9	85
2	-1	86
2	-1	52
2	-1	52
1	-1	45
1	-1	45
0	-1	86
1	-1	22
3	-1	51
3	7	23
5	-1	79
0	0	85
2	-1	21
0	-1	83
4	-1	25
2	-1	37
2	-1	47
1	-1	47
1	-1	37
2	-1	69
1	-1	21
3	-1	34
2	-1	29
2	-1	24
6	-1	86
1	-1	23
2	-1	25
2	-1	35
1	-1	29
5	-1	80
1	-1	49
1	-1	49
4	-1	45
1	-1	25
3	5	24
1	-1	22
1	-1	34
3	-1	23
4	-1	54
4	-1	54
2	5	22
0	0	86
1	-1	22
3	-1	34
3	-1	31
2	-1	23
2	-1	85
0	-1	40
3	-1	21
0	-1	20
3	-1	23
0	-1	22
4	6	25
0	8	86
0	-1	23
0	0	86
4	-1	33
4	-1	33
2	-1	21
0	4	21
2	6	20
2	4	22
3	9	22
1	10	81
1	8	85
0	-1	21
0	-1	29
0	-1	29
1	4	20
3	3	21
3	-1	22
0	-1	27
3	-1	31
2	-1	27
3	-1	29
1	-1	25
1	-1	28
2	-1	20
4	-1	58
4	-1	84
3	-1	47
3	-1	47
1	12	85
0	-1	86
2	-1	23
5	-1	85
5	-1	86
3	-1	30
1	-1	85
3	-1	43
3	-1	43
4	-1	29
4	-1	67
1	-1	24
5	-1	34
3	7	21
0	-1	21
3	-1	26
4	-1	36
4	-1	40
0	-1	20
3	5	21
2	-1	21
2	5	20
0	-1	32
5	-1	37
5	-1	37
4	-1	37
4	-1	30
2	-1	39
2	-1	39
2	-1	27
2	-1	26
3	-1	24
1	-1	31
2	-1	31
4	-1	32
2	-1	39
2	-1	39
2	-1	25
2	-1	25
1	-1	26
4	-1	85
3	-1	35
4	-1	37
1	-1	26
5	-1	23
4	-1	28
3	-1	40
0	-1	85
2	-1	50
0	0	86
1	-1	47
1	-1	24
3	-1	44
2	-1	44
3	-1	38
3	-1	38
3	-1	26
0	-1	37
1	-1	30
1	-1	30
2	-1	29
3	-1	34
3	-1	31
0	-1	84
5	-1	60
5	-1	60
2	-1	44
2	-1	85
6	-1	33
3	-1	86
5	6	22
1	-1	33
1	3	21
5	-1	31
3	6	23
5	10	25
3	-1	27
4	-1	25
1	-1	22
8	-1	52
1	-1	30
2	-1	33
2	-1	24
3	-1	24
0	0	86
5	-1	26
0	0	86
0	-1	25
6	-1	84
5	-1	27
4	-1	40
3	-1	40
3	5	21
3	-1	37
5	-1	48
1	-1	85
2	-1	86
2	-1	30
2	-1	34
3	-1	44
1	-1	35
3	-1	28
1	-1	21
3	-1	35
3	-1	35
1	-1	31
1	-1	21
3	-1	33
2	-1	23
0	-1	25
3	6	21
0	-1	83
1	-1	44
1	-1	32
1	-1	51
2	-1	40
2	-1	57
1	-1	47
1	-1	77
2	-1	46
1	-1	42
5	-1	36
3	-1	85
0	-1	86
2	-1	65
8	-1	85
0	-1	24
1	-1	23
2	-1	20
2	-1	22
2	-1	33
3	-1	33
0	-1	85
6	-1	73
0	-1	85
4	-1	39
4	-1	39
3	6	21
2	-1	84
2	-1	27
6	-1	84
6	-1	86
7	-1	61
6	-1	61
1	-1	38
3	6	20
3	7	20
1	-1	37
5	7	20
5	-1	65
7	-1	59
4	6	24
1	-1	24
2	-1	85
0	-1	86
0	-1	85
3	-1	24
2	5	24
2	-1	27
5	8	22
8	-1	32
5	-1	46
2	-1	30
1	-1	32
1	-1	32
7	-1	46
1	-1	29
0	-1	28
6	-1	27
2	-1	35
4	-1	36
0	-1	36
0	-1	27
7	-1	83
1	-1	40
1	-1	40
2	-1	30
2	-1	30
3	-1	24
3	-1	32
2	-1	21
0	-1	26
0	-1	26
2	-1	32
2	-1	31
1	-1	31
0	-1	27
1	1	23
1	9	86
0	-1	86
3	-1	26
5	-1	85
8	-1	55
0	-1	85
1	-1	24
7	-1	86
7	-1	85
3	5	20
1	-1	42
0	9	86
0	11	84
0	-1	28
0	0	86
2	-1	34
1	-1	33
3	-1	39
3	-1	26
8	-1	53
2	6	20
3	-1	47
3	-1	47
0	-1	86
8	-1	86
5	-1	82
2	-1	22
2	-1	38
2	-1	38
0	2	21
7	-1	82
1	-1	34
3	5	22
0	0	86
1	-1	45
0	-1	85
1	-1	86
4	-1	23
1	-1	83
2	-1	86
1	-1	31
6	6	22
0	0	86
0	-1	26
4	-1	38
6	-1	38
2	-1	33
3	7	22
1	4	20
5	-1	29
5	-1	86
3	-1	60
4	5	20
5	-1	29
7	-1	36
3	-1	47
3	-1	47
7	-1	57
7	-1	57
6	10	21
6	9	27
3	7	20
3	4	21
3	-1	27
6	-1	84
0	0	86
2	-1	84
1	-1	83
0	-1	85
0	-1	85
1	-1	24
1	-1	35
2	-1	26
0	-1	41
4	-1	33
5	-1	34
8	-1	31
4	-1	55
2	-1	25
0	-1	21
3	-1	25
0	-1	85
0	9	86
3	-1	23
2	-1	24
5	-1	29
3	-1	29
0	-1	33
1	-1	33
2	-1	21
1	-1	29
7	-1	71
6	-1	71
2	-1	29
0	0	86
1	-1	34
4	-1	38
2	-1	22
0	0	57
2	-1	85
2	-1	43
3	-1	27
0	0	86
1	-1	37
2	-1	40
0	2	20
0	-1	27
2	-1	31
1	-1	31
3	-1	25
3	-1	33
4	-1	33
1	12	86
5	-1	31
3	-1	26
3	-1	26
2	6	23
3	-1	33
1	-1	26
1	-1	33
4	-1	31
4	7	20
1	-1	35
7	-1	37
1	1	86
0	-1	85
1	-1	20
2	2	20
0	-1	85
0	11	84
2	-1	30
2	-1	24
1	-1	21
3	-1	25
8	-1	80
6	-1	80
2	-1	32
2	-1	32
4	-1	26
6	-1	34
7	-1	34
4	-1	51
2	-1	30
4	-1	26
3	6	20
0	2	86
0	3	85
3	5	23
4	-1	27
3	-1	85
4	6	22
5	-1	34
6	-1	34
3	-1	26
3	-1	50
1	-1	35
5	8	21
4	-1	36
3	-1	26
5	-1	86
2	-1	85
3	-1	24
2	-1	24
1	-1	33
6	-1	85
0	-1	22
2	-1	22
0	4	85
0	0	84
4	-1	38
0	-1	20
1	2	20
0	11	86
2	-1	48
2	-1	33
2	-1	27
1	-1	27
2	-1	27
4	-1	25
3	7	22
2	-1	21
4	-1	46
0	-1	86
0	-1	83
4	-1	24
4	-1	27
0	-1	85
0	10	85
11	-1	73
2	-1	23
2	8	22
1	-1	25
5	-1	51
0	0	86
2	-1	21
3	5	20
0	0	86
1	-1	25
0	-1	26
0	-1	25
5	-1	26
5	-1	31
1	-1	25
1	-1	25
4	-1	25
3	-1	30
3	-1	30
3	-1	26
0	-1	24
1	4	20
1	-1	22
1	12	85
3	-1	28
1	-1	22
2	-1	21
3	-1	25
5	-1	33
1	-1	27
2	-1	25
2	-1	36
1	-1	36
2	-1	33
2	-1	33
4	-1	23
6	-1	85
3	-1	30
3	-1	30
7	-1	43
0	-1	23
5	-1	37
4	-1	37
7	-1	33
6	-1	23
2	4	22
7	-1	49
7	-1	49
9	-1	60
2	-1	25
3	-1	25
4	-1	50
4	-1	50
1	3	20
4	-1	51
4	-1	51
1	-1	31
1	-1	31
2	-1	26
3	-1	86
4	-1	36
3	-1	25
1	-1	22
1	-1	28
0	-1	21
1	-1	24
6	-1	45
4	-1	36
2	-1	29
4	-1	30
4	-1	29
1	-1	27
6	-1	85
0	-1	86
5	-1	67
2	-1	24
4	6	22
2	-1	25
2	-1	47
1	-1	24
4	5	21
5	-1	85
2	6	22
5	-1	33
1	-1	33
5	-1	40
1	-1	86
0	-1	84
2	-1	21
0	27	85
4	6	20
3	-1	26
0	17	85
0	-1	85
4	-1	82
6	-1	70
2	-1	24
2	-1	41
2	-1	43
3	-1	43
3	5	21
6	9	27
0	-1	86
2	-1	22
2	-1	22
1	5	20
1	-1	26
2	-1	41
1	1	86
2	-1	23
2	-1	23
4	-1	30
2	-1	24
3	4	22
6	-1	44
4	-1	48
3	7	24
1	-1	37
1	-1	37
0	0	85
3	-1	45
4	-1	45
3	-1	38
3	-1	69
3	-1	69
2	-1	21
1	3	20
4	-1	31
6	10	24
8	-1	49
1	-1	81
1	-1	81
1	-1	36
0	-1	86
0	14	84
1	-1	31
1	-1	31
0	12	86
0	18	86
1	-1	27
1	-1	27
2	8	20
1	-1	34
2	-1	33
6	-1	32
2	-1	33
2	-1	33
3	-1	26
4	-1	86
4	6	20
0	7	85
2	-1	40
2	-1	40
0	-1	25
2	-1	34
6	-1	64
6	-1	64
2	-1	35
2	-1	35
4	-1	43
3	-1	38
3	-1	85
2	-1	31
2	-1	31
1	-1	20
3	-1	25
2	-1	24
2	-1	27
3	-1	69
3	-1	30
3	-1	44
4	-1	44
3	-1	35
0	6	84
3	-1	47
3	-1	47
2	-1	22
1	-1	31
1	-1	31
0	-1	86
4	-1	25
13	-1	84
0	0	86
4	-1	58
4	-1	58
0	-1	34
1	-1	23
2	-1	46
3	-1	46
6	-1	84
0	12	86
2	5	20
4	-1	40
0	-1	85
3	-1	28
0	-1	30
4	-1	38
4	-1	38
9	-1	54
7	-1	36
0	-1	23
5	-1	30
7	-1	70
0	-1	27
0	-1	27
0	-1	28
2	-1	85
1	-1	22
4	-1	36
4	-1	36
2	-1	41
2	6	21
4	-1	30
0	16	85
0	-1	86
1	-1	29
2	-1	29
2	-1	34
0	-1	22
6	-1	36
5	-1	85
2	-1	24
4	-1	85
1	1	21
3	6	21
4	-1	27
9	-1	85
4	-1	33
1	-1	27
4	-1	45
5	-1	36
4	-1	28
4	-1	33
0	0	86
0	0	86
6	-1	86
2	-1	30
0	-1	84
3	-1	25
1	-1	75
11	-1	82
0	-1	86
1	-1	25
0	0	86
5	-1	85
0	-1	23
0	-1	26
0	-1	26
2	4	22
2	-1	35
0	-1	86
4	-1	60
1	-1	27
4	-1	46
4	-1	29
4	7	22
0	0	86
0	0	86
2	-1	83
2	-1	21
1	-1	24
3	-1	32
3	-1	32
0	-1	29
4	-1	28
2	-1	29
1	-1	42
2	-1	29
2	-1	35
3	-1	45
3	-1	20
3	-1	36
4	-1	36
7	-1	67
1	-1	39
1	-1	31
3	-1	36
1	-1	25
1	-1	32
2	-1	39
2	-1	22
0	-1	23
2	-1	29
0	-1	85
1	1	86
2	-1	28
3	-1	31
3	-1	24
3	8	20
3	-1	36
2	7	23
2	-1	25
5	-1	34
1	-1	21
0	0	86
1	-1	26
5	-1	30
2	-1	24
4	-1	41
4	-1	41
2	7	20
3	-1	28
2	3	20
1	-1	27
2	-1	27
1	3	21
1	-1	21
1	-1	20
3	-1	40
2	-1	22
1	-1	86
2	-1	40
2	-1	29
1	-1	25
3	-1	47
1	4	20
2	-1	33
3	-1	86
3	-1	24
0	-1	21
4	8	23
3	-1	24
2	-1	31
1	-1	27
2	-1	50
2	-1	29
0	0	86
2	3	20
2	-1	23
0	0	86
0	-1	86
2	-1	24
2	4	29
4	-1	32
0	-1	27
0	-1	85
1	-1	85
4	8	21
0	-1	33
0	-1	46
1	-1	33
4	-1	27
1	-1	24
4	-1	24
2	-1	25
1	-1	22
1	6	20
5	-1	85
6	-1	80
1	-1	42
4	-1	24
3	-1	26
4	-1	26
1	-1	49
3	-1	23
4	-1	46
4	-1	36
2	-1	36
3	-1	59
3	4	24
0	1	82
6	-1	49
0	0	83
0	-1	86
3	-1	24
0	-1	83
0	12	86
0	-1	20
0	-1	43
0	-1	43
3	7	22
0	-1	20
2	-1	62
4	-1	32
0	-1	34
2	-1	29
1	-1	26
2	-1	86
1	-1	27
3	-1	37
3	-1	37
1	-1	29
2	-1	25
2	-1	33
3	3	24
2	-1	37
5	7	25
2	-1	27
4	-1	28
4	-1	26
6	-1	27
1	-1	25
2	-1	23
2	-1	23
0	-1	34
2	-1	55
2	-1	26
2	5	20
3	-1	31
4	-1	32
0	-1	23
3	-1	24
3	-1	30
0	-1	31
2	-1	35
1	-1	35
1	-1	24
3	-1	25
7	-1	37
4	-1	85
1	-1	21
7	-1	80
4	-1	42
3	-1	42
1	1	81
3	-1	27
3	-1	27
1	-1	29
2	-1	24
5	-1	27
1	-1	33
0	-1	70
0	-1	70
1	-1	24
0	3	20
3	-1	27
1	-1	31
5	-1	59
1	-1	23
1	3	20
0	11	86
0	-1	86
2	-1	33
4	-1	85
5	-1	30
2	-1	21
3	-1	34
3	-1	53
1	-1	84
0	-1	86
0	0	85
1	-1	24
4	-1	30
5	-1	24
2	-1	46
2	-1	30
3	6	22
2	-1	32
0	0	86
0	0	86
0	0	86
2	-1	80
2	-1	80
2	-1	28
6	-1	86
3	4	23
2	-1	30
1	-1	84
2	-1	86
1	-1	85
4	-1	32
1	-1	30
2	-1	35
1	-1	29
0	0	85
0	-1	85
0	6	84
2	-1	78
3	-1	48
0	3	20
0	-1	23
2	-1	33
2	-1	33
0	-1	28
1	-1	26
0	-1	27
3	-1	57
3	-1	21
4	-1	32
3	-1	32
4	-1	21
3	-1	29
0	0	63
2	7	21
0	24	85
1	-1	86
1	-1	86
1	-1	72
3	-1	23
2	-1	23
4	5	21
0	-1	85
0	-1	86
0	-1	84
2	-1	25
3	-1	31
3	-1	25
3	-1	24
1	-1	22
0	-1	21
8	-1	36
0	6	20
4	-1	40
5	-1	30
7	-1	36
7	-1	36
8	-1	36
2	-1	86
4	-1	42
0	-1	85
1	-1	85
0	0	85
5	-1	27
1	1	85
0	0	86
4	-1	25
0	-1	85
0	-1	85
0	-1	85
1	-1	38
3	7	21
1	9	84
0	-1	84
2	-1	43
0	-1	85
2	-1	85
4	-1	36
5	-1	36
3	-1	25
2	8	22
2	-1	28
9	-1	53
1	-1	33
2	-1	84
0	-1	85
6	-1	38
2	-1	86
0	-1	83
0	0	86
0	0	86
2	2	86
2	-1	32
2	-1	39
2	-1	27
3	4	22
4	-1	40
4	-1	40
0	-1	26
2	-1	31
0	-1	26
4	-1	81
1	10	85
2	-1	23
0	2	20
5	-1	30
5	-1	85
3	-1	23
2	-1	24
4	-1	36
3	-1	40
8	-1	86
4	8	21
2	6	22
2	-1	25
6	-1	70
2	-1	25
2	5	20
2	-1	37
6	-1	86
3	-1	86
1	-1	39
2	-1	39
3	-1	31
0	-1	27
5	-1	84
3	-1	56
2	-1	56
2	-1	86
0	-1	85
1	4	20
2	-1	26
0	-1	31
4	-1	24
4	-1	24
1	-1	21
7	-1	86
2	-1	42
0	-1	42
4	-1	43
4	-1	43
11	-1	85
2	-1	34
2	-1	34
2	6	22
5	-1	26
1	1	23
5	-1	27
3	5	21
2	-1	28
0	-1	30
3	-1	52
0	-1	24
3	-1	29
1	-1	31
1	-1	37
4	-1	54
4	-1	54
0	0	86
0	0	86
3	-1	29
3	9	20
0	-1	22
3	7	21
2	7	22
2	-1	86
0	-1	85
2	4	20
1	-1	25
2	-1	25
3	-1	25
0	0	81
2	-1	22
6	-1	32
0	0	86
4	-1	40
4	-1	40
3	-1	21
3	5	21
3	-1	26
0	0	86
5	-1	52
2	4	24
3	-1	22
2	-1	38
4	-1	30
1	-1	22
0	12	85
6	-1	36
1	-1	25
4	-1	24
1	-1	49
1	-1	49
6	-1	84
0	-1	85
0	0	86
7	-1	30
6	-1	62
6	-1	62
5	-1	86
8	-1	56
1	4	20
1	-1	28
3	-1	22
3	7	21
2	-1	42
3	-1	26
4	-1	28
2	-1	41
3	-1	41
4	6	20
6	-1	37
1	5	20
3	4	23
3	-1	29
2	15	85
0	11	86
0	9	85
1	-1	21
2	-1	43
9	-1	85
2	-1	24
6	-1	26
6	-1	64
5	-1	64
5	10	26
5	-1	86
4	-1	29
5	-1	85
1	-1	86
5	-1	27
6	-1	77
2	7	20
2	-1	24
5	-1	41
2	4	20
7	-1	81
3	6	24
3	-1	28
2	-1	31
6	-1	34
5	-1	77
6	-1	86
2	-1	27
0	0	86
0	0	86
0	0	86
0	0	86
2	3	20
2	4	20
3	6	20
2	-1	43
1	-1	43
2	-1	23
0	10	86
0	-1	85
3	-1	25
2	-1	83
2	-1	25
3	-1	33
3	-1	33
2	-1	32
2	-1	32
8	-1	84
4	7	21
2	-1	37
2	-1	37
3	-1	38
2	-1	31
2	-1	31
2	8	23
2	7	22
4	-1	60
4	-1	60
1	-1	44
1	-1	44
4	-1	54
5	-1	54
3	-1	43
4	-1	43
4	-1	55
1	-1	30
2	-1	22
3	-1	52
2	-1	23
2	4	22
1	-1	39
2	8	22
5	-1	85
6	-1	86
1	-1	25
4	-1	25
5	-1	46
0	-1	86
0	-1	84
2	-1	37
2	-1	37
2	-1	23
5	-1	41
4	9	23
4	-1	44
3	-1	44
1	-1	32
0	-1	32
3	3	20
3	-1	44
4	7	21
3	-1	27
1	-1	86
0	6	85
1	-1	21
4	-1	28
5	-1	44
6	-1	44
2	-1	37
2	-1	37
4	-1	26
0	-1	23
2	-1	32
3	-1	70
2	-1	70
7	-1	86
8	-1	85
0	12	86
2	-1	34
1	-1	24
0	-1	35
4	-1	72
5	-1	65
1	-1	30
0	-1	85
0	-1	85
3	-1	84
4	-1	28
2	7	21
1	1	20
5	-1	49
5	-1	49
1	-1	23
2	-1	34
6	-1	38
5	-1	38
2	-1	25
5	-1	34
0	0	86
0	-1	21
1	-1	86
4	-1	28
4	6	20
0	-1	36
17	-1	85
4	-1	30
4	6	22
3	-1	24
0	-1	27
1	-1	23
3	-1	28
7	-1	84
0	-1	25
5	-1	31
2	-1	27
3	-1	30
2	-1	22
2	-1	24
3	-1	39
7	-1	86
2	3	21
0	-1	36
1	-1	20
4	-1	30
1	1	21
0	-1	23
7	-1	53
1	1	86
1	3	21
3	7	20
10	-1	85
5	-1	50
1	-1	35
3	-1	28
2	-1	29
2	-1	29
2	-1	45
1	-1	25
1	-1	21
2	-1	22
2	-1	24
1	-1	26
1	-1	26
1	-1	21
2	-1	23
1	-1	24
2	-1	24
3	-1	40
2	-1	27
3	8	21
1	-1	30
2	-1	30
0	-1	22
2	3	60
1	-1	43
3	-1	28
2	-1	26
0	0	32
3	3	21
1	-1	33
2	5	20
5	-1	40
5	-1	40
4	6	22
0	-1	85
0	-1	85
0	-1	85
0	-1	85
0	0	76
3	-1	31
3	-1	31
3	-1	36
1	-1	31
5	-1	23
3	6	21
0	-1	35
2	-1	24
2	-1	24
2	-1	37
2	-1	25
5	-1	38
4	-1	38
2	-1	43
2	-1	49
1	-1	33
1	-1	33
3	-1	27
0	0	86
3	-1	31
3	-1	24
3	-1	42
2	-1	21
4	-1	29
4	-1	31
3	6	20
4	-1	30
1	-1	22
3	-1	33
3	6	21
2	-1	27
5	-1	72
1	-1	26
0	-1	21
0	-1	32
1	-1	32
1	-1	29
1	1	22
5	-1	29
4	-1	36
3	-1	36
2	-1	25
6	-1	47
1	-1	35
2	-1	30
4	-1	38
5	-1	52
0	0	86
4	-1	24
4	-1	30
7	-1	46
0	-1	86
0	-1	86
0	0	86
0	-1	85
0	-1	86
2	-1	27
4	-1	37
2	-1	43
2	-1	43
3	-1	31
3	-1	31
3	-1	23
3	-1	36
0	1	85
2	-1	23
5	-1	24
5	-1	84
5	-1	78
3	-1	38
1	-1	24
2	-1	39
4	-1	84
5	-1	86
0	-1	30
3	8	24
0	-1	21
2	-1	34
3	-1	46
2	-1	31
2	7	22
1	-1	29
0	0	86
3	-1	84
2	-1	28
7	-1	38
3	-1	40
2	-1	85
4	-1	28
3	-1	23
1	-1	23
0	0	86
3	-1	26
2	-1	23
6	-1	33
5	-1	33
3	-1	43
0	0	85
3	6	21
0	-1	29
5	-1	85
3	7	20
1	-1	85
6	-1	86
0	-1	85
4	-1	26
5	-1	46
0	0	86
0	0	86
0	0	86
6	-1	60
1	-1	26
0	0	84
2	-1	52
2	-1	27
0	3	23
3	-1	25
2	-1	26
0	-1	21
2	6	20
3	-1	39
2	-1	39
1	-1	25
0	9	85
3	4	20
4	-1	58
0	0	86
6	-1	52
2	-1	44
3	-1	23
0	0	86
2	-1	25
3	-1	42
1	-1	36
2	-1	36
0	-1	85
2	-1	32
2	-1	35
3	-1	54
3	-1	24
1	-1	23
0	-1	26
1	13	85
0	8	85
3	-1	82
0	10	84
1	16	85
2	-1	86
2	-1	22
2	-1	22
5	-1	29
1	-1	26
0	-1	82
2	-1	59
1	-1	26
0	0	60
1	-1	25
2	-1	29
0	-1	20
2	-1	22
1	-1	85
2	-1	28
6	-1	27
1	-1	28
1	3	20
3	-1	84
2	-1	21
1	-1	23
2	-1	40
0	0	86
5	-1	28
10	-1	76
1	-1	76
2	-1	38
3	-1	38
4	-1	29
1	-1	21
1	2	86
1	-1	21
5	-1	26
0	-1	21
3	-1	37
3	-1	37
3	-1	25
1	-1	22
3	-1	23
0	16	85
3	-1	30
7	-1	31
0	-1	23
0	-1	30
0	-1	30
7	-1	78
6	-1	78
4	-1	42
4	-1	42
3	-1	25
0	-1	22
1	-1	28
1	-1	31
1	-1	31
17	-1	86
0	-1	86
4	-1	27
3	-1	21
0	1	85
0	7	86
0	12	85
2	-1	23
6	-1	51
0	-1	20
2	-1	28
3	6	21
2	-1	26
2	-1	28
5	-1	26
0	-1	23
1	-1	39
1	-1	39
2	-1	27
0	0	34
2	7	21
5	-1	32
5	-1	32
4	-1	35
4	-1	39
2	-1	30
2	-1	34
4	5	21
3	9	22
2	4	20
4	-1	43
1	-1	37
1	-1	37
0	-1	33
1	-1	43
5	-1	62
2	3	20
3	-1	25
2	-1	20
2	-1	23
2	-1	22
6	-1	49
0	0	85
4	-1	30
4	-1	30
5	-1	30
5	-1	86
0	-1	21
1	-1	33
3	5	23
5	8	23
1	-1	22
4	-1	33
2	-1	27
5	8	21
0	-1	86
3	-1	27
5	-1	28
1	-1	24
5	-1	40
1	-1	23
3	-1	37
7	-1	85
2	-1	31
3	-1	34
5	-1	67
4	-1	67
2	3	85
4	6	20
4	-1	39
2	-1	41
5	8	22
3	6	24
2	-1	25
0	0	85
1	2	20
2	-1	45
2	-1	23
4	-1	23
5	-1	48
3	-1	25
1	-1	25
0	0	78
0	0	85
5	-1	35
3	-1	86
3	7	26
5	-1	56
4	-1	56
2	-1	25
2	3	20
1	-1	23
1	-1	26
3	-1	36
3	-1	50
2	-1	86
3	8	20
4	-1	84
1	3	20
0	0	86
0	-1	21
3	-1	41
3	-1	24
4	-1	74
2	-1	30
0	0	86
0	-1	85
0	0	85
0	-1	40
6	-1	29
4	-1	44
4	-1	44
3	-1	44
3	-1	30
0	-1	85
6	-1	86
4	-1	34
4	-1	34
0	0	85
7	-1	53
6	-1	53
5	-1	56
5	-1	38
3	-1	26
2	5	21
2	-1	24
0	0	85
3	7	20
4	-1	23
2	-1	24
2	-1	24
4	-1	31
6	-1	49
5	-1	49
5	-1	82
2	-1	35
2	-1	35
2	-1	34
2	-1	34
4	-1	28
0	0	86
3	-1	39
1	-1	31
0	-1	31
2	-1	24
5	-1	51
2	-1	33
5	-1	31
3	-1	26
0	-1	86
0	-1	26
2	-1	27
4	-1	26
1	-1	84
2	-1	23
1	-1	23
2	-1	23
2	-1	26
1	-1	27
3	6	21
2	-1	30
0	0	86
1	-1	21
5	7	82
2	-1	26
1	-1	33
0	0	86
0	-1	47
0	-1	47
1	-1	22
3	-1	25
1	11	84
1	-1	22
1	-1	22
2	-1	85
2	-1	33
2	-1	29
0	0	86
0	-1	85
3	-1	32
1	-1	86
1	-1	29
0	-1	26
2	-1	27
5	-1	86
5	-1	28
5	7	20
2	-1	22
4	-1	29
3	-1	37
4	-1	37
1	-1	23
5	-1	32
3	-1	28
1	-1	85
5	-1	39
4	-1	27
0	0	39
2	-1	33
2	5	21
1	-1	24
2	-1	29
4	-1	28
3	-1	22
0	-1	21
0	-1	21
4	-1	35
3	-1	86
3	-1	31
6	-1	86
0	-1	86
0	-1	85
5	-1	26
0	0	85
1	-1	23
1	-1	20
0	-1	86
2	-1	64
2	-1	86
5	-1	38
1	-1	26
1	-1	84
2	-1	38
2	-1	38
0	-1	32
3	6	20
3	-1	29
0	5	20
2	-1	81
1	-1	34
1	-1	34
4	-1	42
1	-1	30
1	-1	30
7	-1	66
3	-1	46
4	-1	46
2	-1	35
2	-1	29
4	-1	86
0	8	85
4	-1	36
0	-1	86
4	-1	35
3	-1	24
3	-1	31
4	-1	86
18	-1	85
2	-1	85
3	-1	86
1	1	85
0	-1	21
2	-1	53
2	-1	53
0	-1	82
1	4	21
1	6	22
0	0	85
1	-1	22
2	-1	26
13	-1	85
2	-1	24
2	4	22
2	4	22
2	-1	22
3	-1	39
4	8	29
2	-1	44
5	-1	40
2	-1	25
19	-1	86
2	-1	28
5	-1	85
2	-1	40
2	-1	40
1	-1	35
5	-1	86
6	-1	57
5	-1	57
0	-1	85
2	-1	30
1	-1	21
1	-1	33
0	-1	27
0	-1	27
0	-1	46
4	-1	47
2	-1	24
6	-1	42
2	-1	22
0	-1	85
5	-1	27
0	-1	31
1	-1	31
2	-1	24
3	-1	27
1	-1	24
2	-1	28
2	-1	26
3	-1	36
3	-1	36
6	-1	86
2	4	22
3	3	86
5	-1	35
5	-1	35
4	9	24
11	11	86
0	-1	22
4	-1	31
5	-1	31
3	-1	56
1	-1	52
3	-1	52
2	-1	52
4	-1	27
1	-1	82
3	5	23
0	-1	84
0	0	85
2	-1	23
0	4	85
2	-1	42
2	-1	42
4	8	25
2	-1	61
3	-1	61
1	-1	26
1	-1	85
0	-1	85
3	-1	34
2	-1	34
1	-1	38
1	-1	38
2	-1	24
2	-1	24
1	-1	50
2	-1	50
0	0	86
0	0	86
1	-1	39
1	-1	39
0	-1	34
1	-1	84
1	-1	48
0	0	84
0	-1	86
0	-1	85
4	-1	39
0	-1	47
0	-1	47
3	-1	49
4	-1	49
2	-1	25
4	-1	35
1	-1	86
4	-1	26
3	-1	41
3	-1	41
0	-1	23
0	-1	24
0	-1	24
2	3	20
2	-1	49
2	6	21
2	6	22
4	7	23
0	-1	35
0	-1	84
0	9	84
0	9	85
0	-1	86
3	-1	38
0	0	84
4	-1	46
2	-1	34
3	-1	25
4	-1	24
2	-1	24
2	-1	47
0	0	44
2	-1	84
2	-1	30
0	-1	43
1	-1	43
4	-1	29
0	0	86
0	0	84
1	-1	27
4	6	22
4	-1	37
4	-1	40
3	-1	40
2	-1	42
2	-1	42
3	-1	86
2	6	23
3	-1	39
4	6	21
1	-1	20
1	-1	23
4	6	22
1	-1	37
1	-1	37
1	-1	27
5	-1	81
5	-1	37
5	-1	37
0	0	85
3	-1	43
3	-1	24
1	4	22
2	-1	21
1	3	20
4	-1	52
3	-1	52
3	-1	32
6	-1	36
3	-1	29
2	-1	21
3	-1	37
0	-1	85
2	-1	84
3	-1	38
2	-1	38
3	-1	44
2	-1	44
1	-1	34
5	-1	81
0	6	85
5	-1	37
1	-1	27
1	-1	28
0	-1	42
0	-1	42
9	-1	77
0	10	85
1	-1	86
0	-1	83
0	0	78
10	-1	77
1	-1	23
4	8	22
0	0	83
1	-1	39
0	-1	86
0	-1	86
2	-1	29
0	-1	84
1	-1	24
3	-1	25
0	11	86
0	9	85
1	-1	34
0	0	85
5	-1	56
1	-1	25
0	0	20
1	-1	23
4	-1	80
0	4	85
5	-1	86
3	-1	84
0	-1	24
1	-1	34
0	-1	25
0	-1	25
1	-1	86
2	-1	37
0	0	86
0	0	86
3	-1	25
1	1	86
3	-1	86
0	-1	25
3	-1	85
0	-1	85
3	-1	85
2	-1	85
0	-1	85
0	-1	80
4	-1	85
0	-1	85
1	-1	85
0	1	85
0	-1	85
3	-1	85
2	-1	85
0	-1	85
0	-1	85
0	-1	75
2	-1	85
0	-1	85
3	-1	42
1	-1	84
0	-1	84
1	-1	25
0	0	86
0	13	81
1	-1	21
3	-1	26
0	-1	85
2	-1	30
0	0	86
0	-1	85
5	-1	86
0	16	84
0	7	86
2	-1	23
1	7	22
1	2	20
15	-1	82
2	-1	34
0	-1	36
0	-1	86
1	-1	85
2	8	20
4	-1	86
1	-1	32
2	-1	38
1	-1	30
1	3	21
3	7	23
4	-1	32
1	-1	25
2	-1	23
0	0	78
4	-1	47
5	-1	47
1	-1	37
1	-1	37
2	-1	29
0	11	86
1	-1	85
3	-1	21
1	2	22
0	16	86
0	-1	86
2	-1	27
2	-1	25
7	-1	86
3	-1	86
2	-1	86
11	-1	86
0	-1	35
2	-1	39
2	-1	28
3	-1	26
0	-1	20
4	-1	85
3	-1	47
2	-1	85
3	-1	32
2	-1	85
1	-1	84
0	-1	85
0	2	77
1	-1	27
3	-1	25
0	-1	27
3	-1	27
2	5	21
1	6	20
9	-1	84
6	-1	57
6	-1	57
3	7	23
13	-1	85
5	-1	49
0	-1	22
5	-1	49
0	0	86
0	0	86
0	0	86
1	-1	33
3	-1	41
4	-1	41
1	8	70
0	-1	86
0	-1	81
0	-1	86
1	3	20
0	-1	85
0	5	86
5	-1	85
2	-1	33
3	-1	25
1	-1	24
2	-1	35
2	7	20
2	-1	44
2	-1	33
3	-1	33
3	-1	31
3	-1	31
1	-1	32
1	-1	32
4	-1	25
3	-1	86
0	-1	85
4	6	25
2	-1	22
1	-1	85
3	-1	85
1	-1	84
4	-1	36
0	0	86
3	-1	24
2	-1	20
5	-1	29
3	7	20
0	-1	24
1	-1	31
2	-1	27
3	7	23
0	-1	20
2	-1	29
7	-1	84
5	-1	47
0	13	85
3	-1	27
1	-1	29
2	11	85
0	19	86
0	-1	24
5	6	21
7	-1	62
2	-1	28
0	-1	85
0	-1	22
6	-1	35
1	-1	85
2	-1	27
5	-1	85
1	-1	28
3	-1	30
2	-1	46
2	-1	86
1	17	85
2	-1	22
1	-1	24
4	-1	31
1	-1	85
1	-1	22
3	-1	39
4	-1	39
0	-1	84
0	14	86
2	-1	30
2	-1	33
1	-1	76
0	-1	20
5	-1	85
10	-1	86
1	14	86
0	-1	86
5	-1	44
2	-1	23
3	-1	30
4	-1	30
0	-1	63
0	-1	63
2	-1	29
5	-1	37
7	-1	49
5	-1	85
7	-1	81
7	-1	81
2	-1	30
2	-1	26
5	-1	37
2	5	20
4	7	23
3	-1	27
1	-1	22
3	-1	48
3	-1	48
2	-1	34
7	-1	44
5	-1	28
2	-1	36
3	-1	41
4	7	21
4	-1	41
2	-1	26
0	-1	25
0	-1	86
4	6	21
8	-1	57
0	0	85
0	-1	84
5	-1	30
2	-1	27
1	-1	34
2	-1	34
4	-1	48
4	-1	44
5	-1	44
2	-1	23
3	-1	24
4	-1	37
4	-1	37
3	-1	22
3	4	20
4	8	20
2	-1	22
4	-1	60
4	-1	60
3	-1	46
1	-1	29
2	-1	45
5	6	22
6	-1	39
1	-1	34
0	-1	34
2	4	20
3	-1	27
0	0	86
2	-1	23
5	-1	55
0	-1	85
1	-1	72
0	0	69
0	-1	85
0	-1	85
0	-1	71
1	-1	85
0	-1	75
1	-1	85
6	-1	52
2	-1	24
1	-1	29
3	-1	80
7	-1	81
3	-1	86
3	-1	28
3	-1	30
0	0	85
0	0	86
3	-1	24
0	-1	85
0	6	86
4	-1	71
3	5	20
2	-1	40
1	-1	40
1	-1	41
3	-1	37
1	-1	22
1	-1	25
1	-1	23
0	0	84
2	-1	22
2	7	23
5	-1	84
2	-1	48
2	-1	48
3	-1	44
4	-1	54
8	-1	50
8	-1	50
3	9	24
2	-1	40
1	-1	85
0	9	86
0	0	84
1	6	20
4	-1	24
3	4	20
4	-1	27
1	-1	75
0	0	85
0	0	85
1	3	20
5	-1	38
5	-1	38
5	-1	33
0	-1	21
2	-1	42
3	-1	39
3	7	20
2	-1	40
2	-1	40
4	-1	27
2	-1	34
4	-1	29
5	-1	54
4	-1	27
5	-1	49
5	-1	53
6	-1	53
0	8	85
5	-1	29
6	-1	48
5	-1	48
0	0	86
0	0	86
3	-1	40
2	4	20
3	-1	36
2	-1	34
0	-1	85
5	-1	37
0	2	83
3	-1	42
6	-1	55
7	-1	37
5	8	24
5	7	21
2	-1	26
5	-1	37
2	-1	36
1	-1	46
2	-1	46
0	-1	84
2	-1	35
1	-1	29
0	-1	24
3	-1	28
4	-1	39
0	-1	27
0	-1	27
0	0	86
0	0	86
4	-1	56
3	-1	56
3	-1	26
2	-1	24
0	-1	85
3	-1	24
3	-1	40
2	-1	36
3	-1	45
4	-1	45
0	-1	23
7	-1	85
4	-1	37
5	-1	37
5	-1	40
4	-1	25
0	-1	28
1	-1	28
2	-1	39
3	-1	39
10	-1	63
1	-1	21
0	0	85
0	0	85
9	-1	57
3	6	24
5	-1	35
0	7	85
0	-1	85
6	-1	44
4	8	22
0	-1	86
5	-1	39
3	-1	60
0	1	69
1	-1	32
3	-1	23
5	-1	38
4	-1	38
4	-1	40
0	-1	40
2	-1	23
3	-1	24
4	6	20
5	-1	42
5	-1	42
3	-1	30
2	-1	63
3	-1	85
1	-1	27
3	-1	39
1	-1	23
4	-1	33
3	-1	33
3	6	22
1	-1	22
1	-1	26
1	-1	26
1	-1	24
3	-1	24
3	-1	30
0	0	86
4	-1	33
4	7	21
1	2	20
0	0	86
4	-1	61
3	6	21
3	-1	31
0	-1	26
1	-1	20
0	-1	85
0	2	20
4	-1	44
4	-1	44
3	-1	38
7	-1	64
3	-1	80
4	-1	44
2	-1	24
6	-1	27
0	10	82
1	9	85
2	-1	24
3	-1	85
1	-1	27
1	-1	27
2	-1	22
2	-1	25
2	-1	85
2	-1	85
4	8	21
3	-1	28
9	-1	86
2	-1	86
2	-1	44
3	-1	44
4	-1	33
3	-1	33
0	7	84
0	-1	85
0	0	85
2	7	21
3	-1	25
2	-1	24
1	-1	26
0	0	84
3	-1	28
3	-1	32
6	5	21
2	4	24
5	-1	29
1	-1	23
7	-1	86
2	-1	31
2	-1	31
2	-1	32
0	-1	25
6	-1	27
1	-1	29
1	-1	29
6	-1	25
0	0	85
5	-1	42
0	0	86
0	-1	27
2	-1	85
4	8	23
4	-1	85
3	-1	34
0	0	40
3	-1	28
0	-1	85
5	9	27
2	-1	24
1	-1	85
0	-1	85
0	-1	81
0	-1	30
3	-1	36
4	-1	86
3	-1	85
1	-1	23
4	7	22
3	-1	25
0	12	86
9	-1	86
4	-1	85
3	-1	37
9	-1	77
9	-1	77
2	-1	34
2	-1	34
0	-1	34
0	-1	86
0	-1	86
0	-1	85
2	4	20
3	-1	44
1	-1	25
4	-1	45
0	8	86
0	9	84
7	-1	86
7	-1	85
5	-1	25
3	-1	44
6	-1	34
2	-1	24
2	-1	26
4	-1	83
1	-1	35
4	-1	39
0	-1	85
1	-1	25
0	0	86
2	-1	21
0	0	86
0	12	85
0	-1	86
3	-1	24
3	7	22
0	5	20
2	-1	21
2	-1	55
2	-1	55
1	-1	21
3	-1	51
4	-1	51
1	-1	27
0	-1	27
1	-1	85
1	-1	22
2	-1	38
2	-1	20
2	-1	27
3	-1	25
1	-1	43
0	0	83
2	5	21
2	-1	85
0	5	85
4	7	21
1	-1	21
10	-1	66
0	-1	30
0	-1	30
1	-1	26
1	-1	39
2	5	23
2	-1	51
5	6	20
0	-1	31
3	6	20
0	3	86
6	-1	30
3	-1	85
4	-1	26
4	-1	30
3	4	21
3	-1	24
0	-1	20
1	1	20
0	-1	53
0	-1	53
0	0	74
7	9	22
4	8	22
3	-1	42
3	-1	86
3	-1	31
4	8	22
1	-1	72
1	-1	72
0	0	86
3	7	22
5	-1	64
3	4	20
1	-1	26
3	-1	38
5	-1	38
4	6	21
3	6	20
3	-1	23
1	-1	21
3	6	22
2	7	20
2	6	21
3	5	21
3	5	22
3	-1	25
1	-1	25
2	7	21
3	-1	32
3	-1	32
7	-1	84
6	-1	38
7	-1	35
5	8	22
5	-1	54
3	6	22
2	-1	86
0	-1	85
2	-1	21
1	-1	86
5	-1	35
1	-1	33
2	-1	27
2	-1	29
4	-1	25
3	-1	34
4	-1	28
0	0	86
3	-1	80
2	-1	36
2	-1	23
0	0	41
1	-1	26
4	-1	40
4	-1	31
6	-1	26
5	6	21
0	-1	85
3	-1	35
7	-1	73
5	-1	80
2	-1	22
3	-1	22
0	-1	31
0	-1	31
2	-1	24
1	-1	27
0	-1	32
2	-1	23
0	-1	86
4	-1	46
0	0	82
1	-1	26
3	-1	40
2	-1	29
1	-1	29
0	-1	38
2	-1	32
1	-1	47
2	-1	47
2	-1	26
0	0	73
0	0	85
5	-1	34
5	-1	34
3	-1	30
2	-1	51
5	-1	24
1	-1	43
2	-1	43
16	-1	84
0	-1	28
5	-1	25
1	-1	25
3	-1	27
4	9	23
2	-1	55
3	-1	38
1	-1	23
5	-1	46
0	0	86
0	0	86
6	-1	44
1	-1	33
5	-1	81
0	0	86
0	0	86
3	-1	26
3	7	20
4	-1	26
1	-1	35
1	-1	35
5	7	20
3	-1	34
0	11	85
5	-1	46
4	-1	46
2	-1	25
5	8	20
6	-1	24
4	-1	22
4	4	22
0	-1	84
2	-1	26
0	0	78
4	-1	24
1	-1	24
1	-1	86
18	-1	85
4	-1	24
1	-1	84
1	-1	22
3	-1	44
3	-1	44
5	-1	34
4	8	20
7	-1	48
5	7	21
1	9	84
5	-1	37
2	-1	37
8	-1	79
3	-1	46
3	-1	46
4	-1	86
1	-1	21
3	-1	31
4	-1	31
2	-1	83
2	-1	22
2	-1	49
1	-1	49
0	0	86
0	0	86
6	-1	86
0	-1	86
3	8	25
4	-1	27
1	-1	29
1	-1	83
2	-1	47
2	-1	47
3	-1	57
3	8	21
12	-1	75
2	-1	32
2	-1	32
0	-1	24
4	-1	46
3	-1	36
8	-1	41
4	-1	26
1	-1	24
2	-1	25
2	-1	25
3	-1	35
5	-1	71
2	-1	37
2	-1	42
1	0	20
1	-1	29
2	-1	39
2	-1	39
0	-1	28
0	-1	20
2	-1	42
2	-1	42
2	-1	24
0	-1	85
3	-1	86
0	-1	84
0	-1	85
5	-1	27
7	-1	34
7	-1	34
3	-1	33
1	-1	33
0	-1	85
0	8	86
4	-1	85
5	-1	29
6	-1	29
2	-1	27
3	-1	27
3	-1	47
1	-1	23
2	-1	28
1	-1	23
3	-1	36
5	-1	25
0	-1	26
4	-1	37
5	-1	37
0	0	86
1	-1	31
1	-1	25
3	7	26
2	-1	86
0	5	85
1	-1	23
4	-1	36
4	4	23
2	5	20
5	-1	37
3	-1	41
2	6	21
8	-1	84
1	-1	27
1	-1	23
4	-1	30
4	-1	30
0	-1	24
2	-1	37
0	-1	86
1	-1	26
5	-1	54
0	13	85
2	-1	26
2	-1	24
2	-1	22
1	1	22
0	0	85
3	-1	67
3	-1	67
3	6	20
2	-1	85
1	-1	85
1	-1	85
1	-1	36
1	-1	36
0	-1	24
0	0	86
0	0	86
4	6	21
5	-1	37
4	8	21
4	6	21
3	-1	34
3	-1	23
2	-1	50
2	-1	50
1	3	20
1	-1	27
2	5	21
0	0	86
3	-1	85
3	-1	35
0	-1	74
0	-1	81
0	0	83
8	-1	69
9	-1	69
4	-1	37
1	-1	23
2	-1	23
0	0	85
1	-1	23
1	-1	41
0	-1	41
0	-1	28
1	-1	28
4	-1	29
3	-1	26
3	-1	73
23	-1	85
5	-1	85
6	-1	86
0	3	22
4	-1	48
2	-1	28
2	-1	38
3	4	21
3	-1	30
3	-1	28
0	-1	32
0	-1	39
0	-1	39
10	-1	86
0	-1	29
4	-1	44
3	-1	37
3	-1	44
2	-1	85
0	-1	85
2	-1	85
2	-1	85
3	-1	29
0	-1	38
0	-1	38
3	-1	86
1	14	85
5	-1	86
3	-1	32
5	-1	86
4	-1	27
4	-1	85
1	-1	85
0	-1	85
1	-1	85
2	-1	85
2	-1	85
1	-1	85
0	-1	85
0	-1	85
1	-1	85
7	-1	54
1	3	20
3	-1	48
0	0	85
2	-1	26
2	-1	26
3	-1	85
3	-1	23
3	-1	31
5	7	24
1	-1	30
0	-1	85
2	-1	24
3	6	21
0	0	85
5	-1	77
2	-1	24
0	-1	30
1	-1	25
5	-1	82
5	-1	82
4	-1	85
3	-1	22
4	-1	33
3	-1	33
0	-1	84
5	8	21
3	7	22
3	5	20
0	-1	24
2	-1	34
2	-1	34
9	-1	69
6	-1	69
0	0	86
0	0	86
2	-1	30
2	-1	21
3	-1	23
0	-1	85
0	-1	85
4	-1	40
3	-1	40
0	-1	84
5	-1	47
2	-1	84
2	-1	36
0	0	86
7	-1	45
5	-1	45
8	-1	85
3	-1	45
3	-1	34
2	5	20
3	-1	25
1	4	20
0	-1	86
0	-1	86
3	-1	32
4	-1	42
5	-1	32
1	-1	21
2	-1	40
0	-1	21
4	-1	85
6	-1	33
2	-1	33
1	-1	29
4	-1	37
4	-1	86
4	-1	85
0	0	86
4	-1	37
4	-1	37
1	-1	84
1	-1	27
4	-1	86
0	-1	26
3	-1	25
0	-1	29
1	-1	28
1	-1	28
5	-1	36
2	6	22
4	-1	25
2	-1	25
7	-1	83
0	-1	85
1	-1	30
2	-1	27
2	-1	32
0	-1	86
4	6	20
3	7	23
1	-1	41
3	-1	37
2	-1	37
4	-1	54
3	-1	54
3	7	24
6	-1	86
0	0	39
0	-1	86
5	-1	80
0	-1	21
3	-1	36
1	-1	25
2	-1	40
1	-1	58
4	-1	30
4	-1	25
6	-1	86
3	-1	24
1	-1	38
3	-1	49
4	-1	49
3	-1	39
5	-1	43
6	-1	53
1	-1	40
1	-1	42
3	5	20
3	-1	33
5	-1	86
0	-1	86
2	-1	21
6	-1	85
5	8	20
4	10	22
0	-1	85
9	-1	86
1	-1	35
1	-1	23
2	-1	37
2	-1	82
5	-1	32
2	-1	28
2	-1	28
2	-1	22
8	-1	49
1	-1	25
2	-1	44
0	-1	85
3	-1	41
3	-1	41
6	-1	57
6	-1	57
0	-1	79
0	0	86
2	3	20
2	-1	24
0	-1	83
1	-1	22
0	-1	21
2	-1	37
2	-1	26
0	7	86
1	6	80
2	-1	39
5	-1	48
0	-1	86
0	-1	28
0	-1	28
8	-1	70
4	-1	25
3	7	22
0	8	38
3	6	20
2	-1	84
3	-1	29
4	10	22
4	-1	38
3	-1	30
3	-1	85
2	-1	29
5	-1	86
1	1	86
4	-1	25
0	-1	85
0	-1	82
0	-1	82
4	-1	32
4	-1	32
4	-1	33
1	-1	20
1	-1	33
0	-1	85
0	7	86
2	-1	27
1	-1	25
5	-1	85
5	-1	32
4	-1	32
3	4	21
1	-1	37
3	-1	24
1	4	21
5	-1	45
6	-1	45
4	5	21
0	-1	85
1	-1	85
3	-1	24
4	-1	51
2	-1	24
6	-1	44
6	-1	85
1	-1	24
0	-1	85
4	-1	47
1	-1	20
1	1	85
1	-1	31
2	-1	48
2	-1	48
0	-1	21
5	-1	53
6	-1	53
4	-1	62
0	0	86
1	-1	37
1	-1	30
0	0	86
1	4	20
0	0	86
1	-1	28
2	-1	34
3	-1	85
2	-1	23
3	-1	24
7	-1	33
8	-1	33
0	0	85
1	-1	86
3	-1	85
6	-1	84
4	7	24
0	-1	30
6	-1	31
2	-1	29
4	-1	37
5	-1	36
3	-1	30
3	-1	30
3	-1	44
1	-1	29
3	-1	30
2	-1	30
3	-1	37
3	-1	37
0	0	86
3	-1	33
3	-1	33
3	5	22
3	-1	25
0	0	86
2	-1	20
0	0	86
3	-1	62
3	-1	62
3	-1	28
1	-1	24
1	5	20
1	-1	20
2	-1	24
3	-1	29
0	-1	85
0	-1	84
4	-1	86
0	-1	85
5	-1	25
3	-1	51
3	-1	41
5	-1	45
5	-1	41
1	-1	84
5	8	23
1	-1	27
4	7	20
5	9	27
2	-1	63
2	-1	63
4	-1	24
0	-1	20
0	-1	86
0	-1	86
2	-1	20
0	0	86
0	0	20
3	-1	42
3	-1	42
0	-1	27
0	-1	82
2	-1	32
3	5	21
0	-1	21
0	0	86
0	0	86
5	-1	26
5	-1	28
0	-1	84
2	-1	50
2	-1	50
3	-1	38
0	2	23
0	9	85
0	-1	86
3	-1	30
3	-1	35
9	-1	84
1	-1	21
9	-1	84
3	-1	71
0	-1	24
0	0	86
5	-1	53
2	-1	45
4	-1	45
0	18	85
5	9	22
3	-1	29
3	-1	43
2	5	20
2	6	20
2	-1	21
4	-1	39
2	-1	45
2	-1	40
3	-1	42
0	-1	86
4	6	23
3	-1	26
9	-1	85
0	0	86
0	-1	86
2	-1	26
5	-1	32
0	0	86
4	-1	61
4	-1	61
0	-1	42
1	-1	42
1	3	20
0	-1	85
2	-1	36
2	-1	36
3	-1	23
1	1	83
2	6	21
0	0	86
3	-1	38
1	-1	23
4	4	23
0	0	86
1	-1	35
2	-1	35
3	-1	86
0	13	84
3	-1	28
2	-1	85
0	-1	24
0	-1	24
3	-1	36
0	-1	21
2	-1	25
0	0	40
0	-1	20
0	3	20
3	-1	37
2	8	23
2	3	20
3	-1	30
5	-1	49
2	-1	28
3	7	23
4	-1	28
0	-1	21
0	0	86
0	9	86
1	-1	86
0	0	83
3	5	21
3	-1	38
1	-1	40
2	-1	21
4	-1	73
5	-1	28
3	-1	41
2	-1	85
4	-1	31
1	-1	33
17	-1	84
4	-1	37
3	-1	37
0	-1	21
3	-1	26
6	-1	57
1	-1	25
5	-1	49
5	-1	49
1	-1	36
0	-1	84
1	-1	26
3	-1	26
2	-1	29
3	-1	40
2	-1	42
1	-1	49
1	-1	49
1	-1	31
6	-1	32
0	-1	86
3	-1	46
3	-1	28
3	-1	25
3	7	23
4	-1	35
0	-1	34
2	-1	48
4	-1	86
5	-1	85
2	-1	36
5	-1	29
2	-1	21
0	-1	84
1	-1	86
0	-1	82
0	-1	85
2	-1	24
0	0	86
4	-1	38
3	-1	85
0	0	79
2	-1	25
5	-1	51
1	-1	86
1	-1	23
3	5	21
0	2	22
2	6	22
0	-1	27
0	-1	28
25	-1	85
0	-1	86
3	-1	84
0	-1	85
0	0	85
1	-1	24
6	-1	28
0	0	86
0	0	86
0	-1	25
2	-1	26
0	-1	27
4	-1	33
0	0	86
0	0	86
4	-1	36
3	-1	24
2	-1	44
3	-1	28
0	-1	85
3	-1	27
5	-1	34
5	-1	85
2	-1	38
2	-1	26
3	-1	85
0	6	86
0	-1	86
1	-1	30
5	-1	28
0	0	86
3	-1	28
1	-1	29
2	6	20
2	7	20
3	-1	31
4	-1	37
3	-1	38
3	-1	82
6	-1	45
5	-1	45
0	0	86
3	-1	31
5	-1	48
5	-1	48
4	7	22
1	-1	34
4	-1	34
4	-1	31
4	-1	34
5	-1	33
0	-1	27
1	-1	22
5	-1	43
5	-1	43
2	-1	61
2	-1	61
1	-1	22
0	-1	30
4	-1	83
1	-1	31
1	-1	31
4	-1	26
0	5	21
1	-1	30
0	0	86
0	0	86
0	0	86
0	0	86
0	0	86
0	-1	25
3	-1	28
0	0	85
1	-1	27
1	-1	27
2	-1	46
3	-1	46
3	-1	32
3	-1	55
3	-1	55
0	-1	22
1	10	86
0	22	85
3	-1	28
3	-1	28
4	6	22
3	-1	33
2	-1	38
2	-1	25
1	3	20
3	-1	76
2	-1	22
3	-1	85
3	-1	30
2	-1	21
0	0	86
0	-1	83
4	6	22
1	-1	33
2	-1	41
1	1	85
4	-1	43
2	-1	43
0	-1	85
0	-1	86
2	5	20
2	-1	29
1	5	20
1	-1	24
2	6	22
1	-1	22
0	-1	86
4	-1	36
1	-1	33
1	-1	84
7	-1	45
2	-1	21
0	-1	85
2	-1	32
1	-1	32
1	-1	30
6	-1	46
5	-1	27
2	4	85
1	3	20
2	-1	32
1	-1	32
1	-1	20
1	-1	40
0	-1	23
0	-1	23
1	-1	23
3	-1	23
4	8	23
0	-1	85
1	4	20
1	-1	20
2	6	22
2	-1	29
4	4	21
2	-1	26
2	-1	26
0	0	86
4	7	22
1	-1	36
1	-1	36
4	-1	28
3	-1	28
6	-1	38
4	-1	84
1	-1	26
6	-1	28
1	-1	25
3	-1	33
4	-1	36
4	-1	36
1	-1	47
2	-1	38
3	-1	49
4	-1	25
2	4	22
0	0	85
2	-1	22
3	-1	32
4	-1	32
4	-1	40
4	-1	40
2	-1	23
7	10	26
3	-1	45
3	-1	45
1	-1	35
2	-1	49
2	6	22
1	-1	25
3	-1	27
4	5	21
2	-1	25
3	-1	30
2	-1	27
7	-1	43
7	-1	43
5	-1	39
3	-1	39
5	-1	85
0	6	85
0	0	86
0	0	86
6	-1	36
2	-1	24
1	-1	73
1	-1	25
4	6	26
0	-1	85
3	-1	32
8	-1	54
1	5	20
3	-1	28
5	7	22
1	-1	39
2	5	20
1	7	22
3	-1	33
2	-1	33
5	-1	47
3	-1	37
3	-1	37
0	9	85
6	-1	36
2	-1	31
4	-1	30
5	-1	44
4	-1	44
2	3	21
2	-1	52
3	-1	23
4	7	21
3	-1	23
2	-1	24
0	-1	85
2	-1	28
1	-1	28
0	0	86
4	-1	27
4	-1	25
5	-1	26
1	-1	27
2	-1	27
0	0	86
3	-1	33
2	3	22
2	3	20
3	-1	46
2	-1	22
5	-1	36
5	-1	51
3	-1	44
4	-1	26
1	-1	27
5	-1	25
2	-1	28
5	-1	63
5	-1	63
2	-1	37
3	-1	36
2	-1	24
3	-1	22
3	-1	22
4	-1	27
1	3	20
5	-1	41
6	-1	41
3	-1	34
3	-1	34
3	-1	85
11	-1	60
3	-1	25
2	-1	25
3	5	20
2	-1	86
2	-1	32
3	7	23
3	-1	26
5	-1	29
0	-1	86
0	-1	84
0	-1	85
2	9	22
2	4	20
1	-1	25
1	-1	25
8	-1	62
8	-1	62
1	-1	28
2	-1	28
5	-1	29
2	-1	24
0	0	86
4	-1	27
0	0	86
0	0	86
4	-1	30
2	3	23
1	-1	23
0	0	80
2	7	20
0	-1	27
5	9	21
1	-1	27
0	8	85
1	-1	86
3	-1	31
3	-1	23
0	-1	22
0	-1	28
6	-1	85
4	-1	42
4	-1	42
4	-1	38
4	-1	38
1	-1	23
1	-1	23
2	5	20
4	-1	35
2	-1	25
1	-1	20
4	-1	25
2	-1	25
1	-1	41
2	-1	24
2	-1	38
2	-1	38
9	-1	84
3	-1	31
3	-1	27
1	-1	85
0	-1	27
1	-1	22
5	-1	86
2	-1	80
1	-1	85
0	-1	25
2	-1	25
3	-1	43
3	-1	43
3	-1	24
3	-1	48
5	-1	85
5	-1	86
4	-1	27
1	-1	26
1	7	20
1	-1	44
2	-1	44
5	8	22
1	-1	50
4	-1	45
1	-1	31
5	-1	45
1	-1	30
1	-1	30
2	-1	51
3	-1	51
0	-1	38
0	-1	38
3	-1	37
4	6	23
7	-1	86
4	-1	29
4	-1	29
4	-1	31
3	4	21
4	-1	27
2	-1	23
4	-1	25
0	0	86
0	0	86
0	0	86
1	-1	25
3	-1	34
0	-1	26
2	6	24
2	-1	29
4	5	22
3	4	20
3	-1	48
3	-1	48
3	-1	29
9	-1	82
0	0	86
1	-1	29
1	-1	24
1	6	22
4	-1	37
1	-1	21
6	-1	85
5	-1	25
4	-1	28
4	-1	48
5	-1	43
3	4	21
0	4	85
0	-1	31
2	3	20
1	-1	35
1	-1	34
2	-1	24
0	-1	23
2	-1	26
6	-1	29
2	-1	29
4	-1	86
0	-1	38
0	-1	38
0	-1	86
5	-1	43
2	7	20
2	-1	40
1	-1	32
2	-1	34
3	-1	22
6	-1	84
5	-1	67
3	-1	28
0	0	85
3	-1	21
2	-1	27
1	-1	84
5	-1	33
2	-1	31
3	-1	31
2	-1	45
2	-1	45
2	-1	34
1	-1	34
4	6	21
3	-1	30
0	-1	84
0	10	84
1	-1	86
4	-1	34
4	-1	41
2	-1	24
4	-1	44
3	-1	44
6	-1	65
6	-1	65
1	-1	38
2	5	20
1	-1	24
4	-1	40
5	-1	40
0	-1	29
0	-1	29
8	-1	63
2	-1	33
0	-1	21
3	-1	24
3	-1	33
6	-1	83
3	-1	23
2	-1	27
1	-1	25
5	-1	40
1	-1	36
2	-1	26
2	-1	28
1	-1	22
4	-1	41
5	-1	57
5	-1	57
1	7	22
3	-1	24
2	-1	33
5	-1	41
1	3	22
0	-1	86
4	-1	32
6	-1	59
3	-1	26
3	-1	44
3	-1	44
1	-1	22
1	5	22
5	-1	28
1	-1	22
2	-1	21
4	-1	33
2	-1	24
4	-1	26
2	-1	54
2	-1	54
1	-1	36
5	-1	28
6	-1	28
2	-1	24
4	-1	85
3	-1	28
2	5	20
2	-1	46
2	-1	46
2	-1	22
3	-1	45
0	0	20
2	7	21
3	-1	32
4	-1	32
0	-1	85
0	0	86
0	0	86
1	-1	86
1	6	85
1	-1	29
3	-1	32
2	-1	27
6	-1	86
6	-1	30
2	-1	23
7	-1	44
6	-1	44
3	-1	30
3	-1	30
3	-1	86
0	-1	85
3	8	23
6	-1	86
1	-1	24
1	-1	36
5	-1	56
2	4	20
3	8	20
4	-1	84
1	-1	25
0	-1	22
2	5	21
4	8	25
11	-1	85
4	6	21
2	6	23
11	-1	86
6	-1	46
4	-1	38
8	-1	66
3	-1	25
0	13	85
3	-1	30
1	14	86
5	-1	33
3	-1	85
4	-1	34
1	-1	29
3	-1	44
3	-1	50
4	-1	50
0	-1	33
5	-1	57
4	-1	57
4	-1	31
3	-1	31
3	5	22
3	-1	46
4	-1	85
4	-1	85
0	-1	34
4	-1	43
5	-1	43
8	-1	86
3	-1	38
3	-1	38
0	-1	85
0	11	85
0	-1	22
2	-1	30
2	-1	33
2	-1	33
2	-1	30
2	-1	30
1	-1	30
5	-1	73
4	-1	36
2	-1	33
0	-1	84
1	-1	21
1	-1	85
1	-1	24
4	-1	34
3	-1	25
2	3	21
0	0	86
4	-1	25
0	0	86
3	-1	50
3	-1	50
7	-1	44
2	-1	21
1	-1	35
2	-1	28
2	-1	28
2	3	85
1	-1	27
5	-1	43
5	7	23
1	-1	22
4	7	22
1	-1	86
1	-1	85
0	-1	25
0	0	86
2	-1	24
4	-1	26
1	-1	21
7	-1	49
2	-1	84
1	-1	30
0	-1	86
1	-1	85
0	-1	22
2	-1	25
1	-1	86
0	11	85
0	-1	41
0	-1	85
0	-1	86
3	-1	31
0	-1	27
0	-1	27
3	-1	37
2	7	20
3	-1	26
1	-1	28
5	7	23
1	-1	25
2	-1	25
2	-1	25
2	-1	24
0	-1	66
0	-1	23
8	-1	41
3	-1	41
1	-1	20
0	0	86
0	0	86
1	-1	38
1	-1	26
0	-1	33
0	-1	33
1	-1	34
1	-1	25
0	6	86
0	-1	22
1	-1	39
0	-1	85
0	-1	53
0	-1	53
3	-1	83
1	-1	28
2	-1	86
1	-1	46
2	-1	46
1	4	20
1	-1	27
1	-1	27
5	-1	34
1	-1	33
2	-1	26
3	-1	26
0	-1	24
2	-1	29
6	-1	23
3	-1	34
2	-1	29
4	8	21
3	-1	42
3	-1	42
4	8	20
0	-1	38
0	0	68
5	-1	36
4	-1	36
1	-1	41
2	-1	40
3	9	22
1	-1	34
0	0	86
5	-1	22
0	-1	27
3	-1	23
5	-1	45
5	-1	45
0	-1	20
3	6	21
6	-1	59
1	-1	25
1	-1	43
3	-1	34
1	-1	29
2	-1	33
4	-1	41
4	-1	41
4	-1	41
2	-1	23
2	9	23
1	-1	37
3	-1	23
0	0	85
5	-1	44
0	0	34
0	11	85
1	12	85
0	-1	29
1	-1	85
4	-1	21
2	-1	25
0	-1	83
0	0	86
0	0	86
7	-1	59
3	-1	35
2	-1	35
3	-1	25
0	0	86
2	-1	26
2	-1	21
1	-1	24
3	-1	55
4	-1	55
0	-1	25
0	-1	20
5	-1	33
6	-1	33
2	-1	29
1	-1	86
0	0	86
0	0	86
5	-1	84
1	-1	85
2	-1	50
2	-1	50
0	-1	23
0	-1	23
3	-1	85
1	-1	26
3	-1	28
3	5	22
1	4	20
0	-1	86
3	-1	31
2	-1	31
9	-1	41
9	-1	41
3	-1	38
3	-1	55
4	-1	85
1	-1	85
4	-1	40
1	-1	27
5	-1	83
1	-1	25
1	-1	32
5	8	21
0	0	86
0	0	86
1	2	21
1	-1	25
2	-1	20
1	-1	23
3	-1	75
2	6	21
4	-1	25
2	-1	25
2	6	21
3	-1	26
2	-1	79
1	1	86
5	-1	27
4	-1	81
7	-1	48
0	-1	81
3	3	21
2	-1	20
3	-1	24
0	0	86
3	-1	38
2	-1	38
2	-1	36
0	-1	23
2	-1	86
3	-1	40
2	-1	40
4	-1	29
0	-1	26
2	-1	26
2	-1	37
2	-1	37
3	-1	34
0	-1	32
2	-1	23
2	-1	27
0	-1	21
3	-1	33
4	-1	33
1	-1	27
2	-1	37
2	-1	37
1	-1	86
0	7	84
16	-1	86
1	-1	23
1	-1	20
4	-1	24
2	-1	33
1	-1	86
2	-1	27
2	-1	27
5	-1	36
5	-1	36
0	0	54
1	-1	23
2	-1	30
16	-1	86
1	-1	26
0	-1	68
0	-1	68
0	-1	23
2	-1	23
3	-1	24
3	-1	33
2	-1	32
2	-1	86
1	-1	33
1	-1	23
0	0	85
3	6	22
2	-1	34
1	-1	34
0	13	84
2	-1	35
1	-1	22
4	9	22
2	-1	29
0	-1	84
0	-1	86
5	-1	33
0	-1	85
0	9	85
3	-1	32
8	-1	51
8	-1	51
0	12	86
0	-1	85
3	-1	25
2	-1	34
2	-1	34
0	13	86
3	14	84
4	-1	26
4	-1	26
2	-1	85
6	-1	85
2	-1	47
2	-1	42
2	-1	42
1	-1	27
2	-1	35
4	-1	26
1	-1	20
3	-1	31
1	-1	31
2	-1	22
3	-1	22
3	-1	23
4	-1	56
4	-1	56
1	-1	78
0	11	83
4	-1	24
1	-1	27
2	-1	28
0	-1	86
0	8	85
2	-1	34
1	-1	24
1	1	20
0	-1	22
3	-1	24
4	-1	26
3	-1	24
5	-1	38
3	-1	24
2	-1	23
2	-1	23
2	-1	25
0	-1	84
4	-1	30
1	-1	23
3	6	22
4	-1	39
2	-1	81
4	-1	35
5	-1	35
5	-1	63
6	-1	86
1	-1	28
0	0	86
5	-1	73
1	-1	27
1	-1	27
0	13	85
1	11	86
4	-1	86
3	-1	35
4	-1	41
4	-1	35
4	-1	35
4	-1	49
2	-1	27
4	-1	31
2	-1	23
2	-1	22
4	-1	31
4	-1	32
3	-1	25
1	-1	25
2	-1	26
1	-1	44
2	-1	24
0	0	84
3	7	24
1	-1	23
5	-1	45
4	-1	45
0	-1	84
2	-1	25
0	-1	85
5	-1	35
1	-1	22
5	-1	41
5	-1	60
3	-1	86
3	-1	32
4	-1	37
3	-1	45
2	-1	45
1	-1	42
3	-1	45
2	-1	25
3	-1	25
3	-1	86
0	19	86
3	-1	30
4	-1	85
0	0	86
0	-1	49
2	-1	25
0	0	50
1	-1	20
4	-1	27
0	7	85
0	10	86
6	-1	83
1	-1	45
1	-1	45
3	-1	23
2	-1	25
0	-1	34
4	-1	85
4	-1	27
0	-1	85
1	-1	31
3	-1	23
0	-1	86
6	-1	82
3	-1	22
2	-1	28
2	-1	31
2	-1	23
3	-1	26
2	7	23
3	4	21
1	-1	23
2	-1	26
1	-1	25
2	-1	28
3	6	21
0	-1	86
1	-1	36
0	0	86
0	0	86
0	0	86
2	-1	28
2	3	22
0	-1	29
0	-1	39
4	-1	34
4	-1	63
4	-1	63
0	-1	85
1	-1	20
0	-1	20
2	-1	39
2	-1	26
0	-1	85
4	-1	24
5	-1	82
5	-1	82
4	6	20
2	-1	56
2	-1	56
1	-1	86
0	-1	85
2	-1	24
5	-1	39
1	-1	21
1	-1	85
2	-1	24
3	-1	26
3	-1	34
0	3	20
2	-1	34
3	-1	34
0	-1	85
1	-1	86
4	-1	27
3	7	21
3	-1	26
2	-1	22
3	6	21
0	-1	85
5	-1	33
6	-1	33
2	-1	24
3	4	20
0	-1	85
7	-1	83
2	-1	23
3	-1	23
0	0	85
3	-1	60
6	-1	33
1	-1	85
1	-1	30
3	-1	32
4	-1	31
2	-1	30
1	-1	29
3	-1	28
3	-1	31
2	-1	27
4	-1	24
1	-1	22
22	-1	83
4	-1	37
1	-1	30
5	-1	49
0	-1	86
2	-1	23
3	-1	40
6	-1	85
7	-1	60
8	-1	60
4	-1	40
3	-1	35
2	-1	35
2	2	85
3	-1	26
5	-1	41
6	-1	41
3	-1	86
0	0	86
3	-1	26
4	7	22
1	-1	28
2	-1	36
5	-1	33
3	-1	25
3	-1	23
2	-1	34
2	-1	25
3	-1	47
1	-1	38
3	-1	24
1	-1	38
2	-1	35
4	-1	51
3	-1	31
5	-1	51
3	-1	31
3	-1	24
1	-1	86
0	-1	30
2	-1	45
3	-1	24
1	6	22
2	-1	34
3	-1	36
3	-1	36
4	5	23
7	-1	49
3	3	22
0	-1	25
5	-1	41
5	-1	41
2	5	21
3	-1	34
2	-1	28
3	-1	35
3	-1	35
6	-1	50
6	-1	50
5	7	22
1	-1	32
1	-1	22
1	-1	25
2	-1	23
5	-1	26
4	-1	47
3	-1	47
4	-1	49
4	-1	44
5	-1	44
0	-1	86
4	-1	37
3	-1	24
1	-1	86
1	-1	27
1	-1	27
2	-1	30
1	-1	28
2	-1	34
0	0	86
0	0	86
3	-1	26
3	-1	28
3	9	21
1	-1	21
2	-1	31
2	-1	31
5	-1	85
3	-1	35
3	-1	35
2	-1	32
1	-1	84
7	-1	74
5	-1	84
3	4	21
2	-1	33
3	-1	33
4	6	20
2	-1	28
1	-1	83
0	-1	85
4	-1	33
5	-1	33
2	-1	84
3	-1	25
3	-1	46
3	-1	46
0	-1	68
1	-1	68
0	0	77
5	-1	25
1	3	21
0	-1	86
16	-1	86
1	-1	24
3	-1	31
3	-1	31
3	-1	31
4	-1	85
0	-1	27
2	-1	37
1	-1	24
2	-1	21
5	-1	83
2	-1	22
1	-1	22
1	-1	23
1	-1	35
1	-1	20
0	-1	23
1	-1	29
1	-1	29
4	-1	28
0	-1	85
4	-1	39
2	-1	46
0	0	85
4	-1	34
2	-1	39
2	-1	37
2	-1	37
4	-1	40
2	-1	23
0	-1	38
4	-1	40
4	-1	32
6	-1	32
7	-1	32
6	-1	48
5	-1	42
2	-1	26
2	-1	22
0	14	81
0	14	85
1	-1	47
1	-1	85
4	-1	35
4	-1	23
3	9	23
4	-1	35
3	-1	35
4	-1	25
0	-1	52
0	0	86
0	-1	24
4	-1	34
4	-1	34
6	-1	32
4	-1	26
4	-1	26
5	-1	37
0	-1	23
3	-1	24
1	1	86
1	-1	22
2	-1	22
1	-1	26
3	8	22
4	-1	29
2	-1	22
3	-1	27
2	-1	27
0	0	86
1	-1	25
1	-1	31
3	-1	29
4	-1	32
3	7	20
0	-1	29
1	-1	21
3	-1	30
2	-1	32
4	5	23
4	-1	30
3	-1	34
5	-1	38
1	3	20
4	-1	27
5	-1	44
2	-1	57
3	-1	57
2	6	20
2	-1	32
3	-1	32
2	-1	25
2	-1	25
2	-1	31
0	-1	85
4	-1	25
0	0	85
2	3	21
3	-1	27
1	-1	33
3	-1	23
1	-1	25
2	7	22
3	7	22
2	-1	23
4	6	20
0	0	86
4	-1	34
2	-1	26
3	9	21
2	-1	28
1	-1	21
3	-1	44
4	-1	22
0	0	20
5	8	25
2	-1	27
2	-1	38
2	4	20
3	7	22
5	-1	27
0	10	86
0	5	85
1	-1	86
3	-1	31
4	-1	33
1	-1	23
3	-1	22
3	6	22
2	3	21
4	-1	40
3	-1	35
4	-1	53
4	-1	53
4	-1	30
3	-1	30
10	-1	84
4	-1	33
5	-1	33
2	-1	26
2	-1	45
2	-1	45
8	-1	85
8	-1	86
5	-1	40
3	-1	27
5	7	22
3	-1	27
2	-1	31
0	-1	84
1	2	85
0	0	86
2	-1	30
1	-1	85
9	-1	85
6	-1	48
0	0	44
3	-1	28
1	-1	27
3	-1	23
0	-1	26
6	-1	37
4	-1	37
0	0	61
2	-1	30
3	-1	30
3	5	22
5	-1	23
0	-1	20
2	-1	85
0	0	86
3	-1	24
5	-1	85
0	-1	31
0	-1	31
1	-1	21
2	-1	28
2	-1	25
7	8	21
3	6	22
0	-1	25
1	-1	61
1	-1	79
0	-1	24
2	-1	40
3	-1	40
1	-1	26
0	-1	86
0	-1	85
3	-1	32
3	-1	32
0	-1	20
2	-1	24
3	-1	34
2	-1	34
0	-1	21
1	-1	43
2	-1	43
0	3	20
2	-1	85
2	-1	40
3	-1	25
3	-1	86
4	-1	46
1	-1	22
0	-1	86
0	-1	85
2	-1	27
0	-1	85
3	-1	36
0	-1	20
2	-1	86
1	-1	37
2	-1	32
4	-1	24
3	-1	27
1	-1	29
4	5	22
1	-1	36
1	-1	27
1	3	20
4	7	21
1	2	21
2	-1	25
3	6	24
2	-1	23
0	-1	86
0	-1	85
2	7	20
3	-1	26
0	0	86
3	-1	33
5	-1	42
5	-1	42
0	-1	21
4	-1	25
1	-1	23
6	-1	35
2	5	21
0	0	86
4	-1	36
3	-1	36
2	-1	25
2	-1	23
7	-1	86
2	-1	25
5	-1	25
4	-1	29
0	-1	86
0	-1	84
0	-1	20
2	-1	34
2	-1	23
1	-1	85
0	0	85
4	-1	34
5	-1	34
5	-1	44
4	-1	44
4	-1	86
3	7	22
3	-1	85
0	0	86
4	-1	33
5	-1	26
3	-1	23
7	-1	86
7	-1	86
0	15	85
2	-1	27
1	-1	27
1	-1	25
5	-1	85
0	0	85
2	-1	25
2	-1	28
5	-1	86
1	-1	34
2	-1	34
1	-1	30
4	-1	29
5	-1	86
1	-1	23
2	-1	26
2	-1	35
3	-1	24
0	0	86
0	-1	85
2	-1	36
0	0	86
3	-1	25
0	-1	82
0	-1	75
2	-1	26
2	-1	46
4	-1	85
4	-1	35
4	-1	85
0	-1	30
0	0	86
0	0	86
4	-1	43
4	-1	43
4	-1	39
0	-1	83
8	-1	85
0	0	86
0	0	86
4	-1	46
3	4	20
1	5	20
0	-1	84
2	-1	37
4	-1	57
1	-1	30
1	-1	25
0	-1	29
0	-1	29
3	-1	32
2	-1	32
1	-1	85
0	-1	77
4	-1	37
4	-1	37
4	3	27
1	-1	84
2	-1	32
5	-1	39
2	-1	73
1	-1	31
1	-1	59
1	4	21
4	-1	28
2	-1	37
2	-1	37
0	-1	24
0	-1	30
2	-1	86
4	-1	33
3	-1	33
4	-1	69
4	-1	69
1	-1	26
0	-1	86
0	0	85
0	-1	86
5	-1	60
3	-1	27
3	5	21
2	-1	32
3	-1	32
2	-1	29
3	-1	36
3	-1	84
0	0	86
3	-1	30
3	5	21
4	7	23
3	-1	25
3	-1	43
2	-1	43
0	10	86
0	-1	85
3	7	21
0	-1	85
5	-1	30
0	-1	25
3	-1	39
4	-1	39
3	-1	43
1	-1	28
7	-1	58
4	-1	34
4	-1	24
2	-1	84
3	-1	34
0	0	86
5	-1	85
7	-1	57
1	-1	29
4	-1	25
1	-1	21
1	-1	33
1	-1	33
0	-1	23
1	-1	85
2	-1	31
2	-1	31
1	-1	22
2	-1	44
4	-1	33
4	-1	33
0	-1	27
1	-1	38
0	-1	85
3	-1	85
0	13	85
2	-1	27
2	7	23
1	-1	85
2	-1	22
2	-1	24
3	-1	35
3	-1	85
4	-1	86
1	-1	22
0	12	86
1	-1	85
1	-1	86
3	-1	34
2	-1	34
3	6	21
0	0	86
0	0	86
4	-1	24
6	-1	26
5	-1	85
0	0	72
2	5	20
4	-1	23
3	-1	47
6	-1	44
0	-1	86
0	-1	83
4	-1	37
2	-1	37
3	-1	33
3	-1	33
0	-1	50
4	-1	22
1	-1	21
2	5	21
0	0	86
5	-1	27
3	-1	33
3	8	21
0	-1	85
1	-1	24
4	-1	27
0	-1	85
0	-1	86
3	-1	24
3	-1	23
1	-1	32
1	-1	22
1	-1	25
9	-1	83
2	3	21
1	-1	84
4	11	23
3	-1	23
1	-1	27
2	6	20
0	-1	86
2	-1	25
0	-1	30
3	5	20
2	-1	22
1	-1	29
4	-1	35
4	-1	84
4	-1	29
2	-1	86
0	0	86
1	-1	86
0	0	86
8	-1	85
4	-1	43
0	-1	36
4	-1	67
4	-1	67
4	-1	28
1	14	86
2	-1	86
0	-1	25
4	-1	33
0	0	86
0	0	86
2	-1	20
2	-1	27
4	-1	47
0	-1	25
4	-1	32
3	-1	30
0	-1	20
1	-1	24
3	-1	36
4	-1	36
1	-1	46
2	-1	29
2	-1	29
3	-1	37
1	-1	40
1	-1	40
10	-1	61
10	-1	61
0	0	86
1	-1	35
2	5	21
1	4	20
6	-1	27
4	-1	46
2	-1	22
3	-1	35
4	-1	35
2	-1	60
3	-1	60
2	-1	30
1	-1	33
0	0	85
0	0	85
2	-1	26
5	-1	86
3	-1	21
3	-1	36
4	-1	36
0	0	85
4	-1	40
3	-1	40
2	-1	35
6	-1	28
6	-1	26
3	5	22
1	-1	42
0	0	59
2	-1	25
2	-1	31
0	0	86
0	0	85
3	-1	85
5	-1	85
0	-1	85
2	-1	35
1	-1	35
2	-1	85
0	-1	28
5	8	23
2	-1	34
5	-1	49
4	-1	49
4	-1	28
1	-1	27
2	-1	26
1	-1	26
2	-1	22
0	0	86
2	-1	40
7	-1	86
4	-1	54
0	-1	22
0	-1	86
0	-1	85
7	-1	46
7	-1	46
3	5	22
5	-1	33
1	9	83
0	-1	85
5	-1	85
3	-1	24
6	-1	27
0	0	86
2	-1	23
4	-1	40
1	-1	22
3	5	21
0	0	85
4	-1	59
4	-1	27
2	-1	37
3	-1	37
3	5	25
1	-1	26
3	-1	40
5	-1	86
0	-1	21
2	-1	22
3	6	22
2	3	20
1	-1	26
4	-1	26
1	-1	26
3	-1	35
5	-1	32
2	-1	28
0	-1	34
2	-1	34
5	-1	84
4	-1	60
5	-1	60
5	-1	60
0	-1	25
1	-1	38
3	5	22
2	-1	26
0	-1	85
2	-1	45
3	-1	36
3	-1	36
2	-1	27
3	-1	40
3	-1	40
2	-1	22
5	-1	85
0	0	86
10	-1	86
20	-1	83
2	-1	23
3	-1	34
3	-1	22
0	-1	85
0	-1	30
0	-1	30
1	-1	86
0	8	85
0	-1	32
0	-1	26
5	-1	85
6	-1	60
4	-1	44
4	-1	21
1	-1	24
3	-1	36
1	9	83
1	-1	72
2	-1	72
3	5	20
0	-1	82
4	-1	31
2	-1	23
3	-1	85
2	3	20
5	-1	64
5	-1	64
1	3	20
1	-1	20
2	-1	31
1	-1	30
4	-1	48
2	-1	28
0	-1	26
2	-1	41
0	-1	26
1	-1	33
2	-1	44
2	-1	44
3	-1	40
0	-1	28
1	-1	34
3	-1	36
0	-1	26
0	0	86
0	0	86
5	-1	38
0	-1	36
0	-1	21
3	-1	36
2	-1	23
0	16	85
3	-1	30
0	-1	86
0	-1	86
0	-1	85
0	-1	86
2	-1	80
0	-1	86
0	-1	84
0	-1	85
0	4	86
0	-1	86
1	-1	85
0	-1	83
0	23	85
0	-1	83
0	-1	84
1	-1	86
0	-1	86
1	-1	86
1	-1	86
2	-1	86
1	-1	86
0	-1	85
0	12	86
0	-1	86
0	14	84
0	8	86
1	-1	85
0	-1	84
5	-1	86
0	-1	83
5	-1	86
1	-1	85
2	-1	84
1	-1	85
0	-1	86
1	-1	81
2	-1	85
0	-1	83
0	-1	85
0	-1	85
2	-1	86
2	-1	85
0	-1	84
0	-1	84
1	-1	86
3	-1	85
2	-1	86
2	-1	82
2	-1	31
1	-1	31
1	-1	30
2	-1	25
5	-1	67
3	7	20
4	-1	29
4	-1	27
3	-1	42
3	-1	42
3	5	21
2	-1	25
1	-1	27
1	-1	27
1	-1	27
5	-1	85
1	-1	31
6	-1	34
6	-1	34
5	-1	39
5	-1	66
5	-1	66
1	8	21
2	6	21
4	-1	32
4	-1	40
3	-1	40
6	-1	52
4	7	21
5	-1	30
4	-1	26
2	-1	25
1	-1	24
4	-1	27
0	4	85
2	-1	26
2	5	22
0	-1	24
1	-1	24
0	-1	21
3	-1	42
3	6	20
3	-1	22
12	-1	85
0	0	86
0	1	27
2	-1	39
3	-1	39
3	5	24
6	-1	26
2	-1	36
0	0	85
4	-1	51
2	-1	35
1	1	86
0	-1	85
4	-1	28
2	-1	25
2	-1	26
1	-1	24
0	-1	45
3	-1	28
4	-1	43
4	-1	43
4	7	24
2	-1	22
3	-1	40
4	-1	40
6	-1	39
2	-1	50
2	5	20
4	8	23
3	-1	27
0	0	86
2	-1	27
3	-1	23
4	-1	85
5	-1	34
6	-1	34
3	4	21
2	-1	47
0	0	85
2	-1	21
3	-1	28
1	-1	26
2	-1	26
1	6	83
0	6	85
0	-1	41
0	-1	41
0	0	86
2	-1	20
1	-1	26
2	-1	26
0	-1	84
4	-1	36
2	-1	31
7	-1	32
4	6	23
5	-1	46
1	-1	85
0	-1	85
0	0	86
4	-1	36
4	-1	36
0	-1	23
0	-1	30
1	-1	52
0	-1	29
4	-1	48
0	0	86
0	0	86
0	0	86
11	-1	84
0	-1	24
3	6	23
2	-1	39
4	-1	42
4	-1	42
0	0	86
0	0	86
8	-1	85
3	7	23
0	-1	31
5	-1	26
2	11	21
4	-1	35
0	8	84
0	10	85
4	-1	36
3	8	22
3	-1	27
4	-1	29
5	-1	86
0	-1	85
1	-1	86
1	-1	29
0	-1	86
0	10	85
1	-1	86
1	-1	24
8	-1	71
3	-1	26
2	-1	86
1	-1	27
3	-1	28
0	0	86
0	-1	25
4	7	27
2	-1	28
0	-1	23
2	-1	23
2	-1	27
5	-1	85
5	-1	38
3	-1	86
2	4	20
0	11	85
2	-1	86
3	-1	24
2	-1	22
2	-1	22
0	3	20
6	-1	45
1	3	20
3	-1	54
3	-1	86
4	-1	27
2	-1	32
2	-1	32
4	-1	32
1	-1	85
0	-1	85
1	-1	84
5	-1	55
4	-1	42
2	-1	37
2	-1	37
3	-1	34
5	9	20
2	-1	25
1	4	22
2	-1	20
4	-1	49
4	-1	49
3	-1	23
3	-1	34
3	6	25
5	-1	51
6	-1	51
2	-1	36
0	-1	30
2	-1	45
1	-1	34
3	-1	25
1	-1	39
0	-1	39
3	-1	33
4	-1	85
0	-1	85
0	-1	85
2	-1	21
3	-1	27
0	-1	26
9	-1	50
5	-1	38
3	-1	33
4	-1	33
1	-1	38
6	-1	43
6	-1	43
2	-1	24
0	-1	25
6	-1	51
7	-1	40
8	-1	40
3	-1	26
4	6	21
1	-1	24
3	-1	29
4	-1	31
2	-1	30
4	-1	30
0	-1	24
2	-1	29
3	-1	20
2	-1	25
3	-1	34
3	-1	85
0	-1	28
6	-1	47
5	-1	47
0	-1	24
2	-1	21
3	-1	36
4	7	23
0	-1	32
3	-1	46
3	-1	46
0	0	86
7	-1	85
2	-1	55
2	-1	55
0	-1	25
0	7	86
3	-1	86
6	-1	85
1	-1	24
3	-1	41
2	-1	41
1	-1	24
2	-1	23
2	-1	34
4	-1	85
1	-1	29
2	-1	29
2	-1	86
0	9	83
3	-1	30
4	-1	26
0	13	86
0	13	86
1	-1	86
0	10	85
0	8	85
0	-1	81
0	8	83
2	-1	86
0	9	85
0	9	85
0	-1	85
0	-1	86
0	-1	85
0	9	86
0	-1	86
0	6	86
1	-1	82
0	11	85
2	-1	86
0	6	85
1	-1	86
2	-1	30
2	-1	30
1	-1	24
3	-1	28
3	-1	41
3	-1	41
9	-1	83
2	-1	51
0	7	86
0	11	85
3	6	20
5	-1	30
4	-1	24
2	-1	45
0	-1	21
1	-1	22
1	-1	86
1	7	85
4	-1	86
0	-1	67
1	-1	27
4	7	24
0	-1	42
0	-1	42
2	-1	32
2	-1	48
2	-1	48
0	0	59
4	5	23
5	-1	38
2	-1	33
2	4	20
1	-1	31
2	-1	29
2	-1	30
3	-1	24
0	-1	32
2	-1	29
2	-1	34
4	-1	55
2	5	20
1	-1	85
0	-1	85
1	-1	24
0	-1	84
0	19	86
3	-1	30
0	0	86
0	0	86
1	-1	29
2	-1	24
1	-1	26
1	-1	26
2	6	21
4	7	21
0	0	86
1	-1	36
4	-1	42
5	-1	42
13	-1	85
2	-1	31
6	-1	64
4	-1	64
2	-1	24
1	-1	24
2	-1	35
0	-1	85
0	11	85
0	13	86
3	-1	85
4	-1	29
0	-1	20
1	-1	20
0	-1	86
0	6	86
3	5	22
3	-1	46
3	-1	46
2	-1	86
2	-1	38
1	0	22
1	-1	44
3	-1	28
0	10	86
4	-1	51
1	-1	86
2	-1	26
3	-1	23
2	-1	41
3	-1	22
2	-1	29
2	-1	27
1	-1	31
0	-1	76
2	-1	31
3	-1	25
5	-1	24
2	-1	32
7	-1	82
7	-1	82
2	-1	25
2	-1	52
2	-1	52
6	-1	25
2	-1	86
4	8	21
3	-1	24
1	-1	20
2	-1	36
1	-1	23
3	-1	36
1	-1	31
2	-1	29
3	-1	23
1	-1	85
2	-1	29
2	-1	50
2	-1	50
2	-1	31
2	-1	31
0	-1	28
3	-1	30
2	6	20
2	-1	28
3	5	23
3	-1	22
0	1	20
3	-1	85
2	-1	31
2	-1	25
5	-1	48
5	-1	48
1	-1	25
4	-1	30
1	-1	34
4	9	24
3	-1	33
0	-1	29
2	-1	39
2	-1	39
0	8	83
3	-1	26
3	-1	47
0	0	86
0	0	86
3	5	21
1	-1	23
0	-1	86
5	-1	27
4	-1	25
5	8	21
5	-1	62
3	-1	25
4	-1	27
6	-1	84
3	-1	26
5	9	21
1	-1	22
5	9	25
3	-1	26
1	-1	28
6	-1	86
0	-1	25
2	-1	51
2	5	21
0	8	84
0	17	85
3	-1	28
3	8	22
3	6	22
2	6	21
0	-1	26
0	-1	24
0	-1	22
0	8	85
0	-1	85
3	-1	40
2	3	20
2	-1	30
1	-1	85
3	-1	22
0	0	85
5	-1	30
1	-1	26
10	-1	86
3	6	24
0	-1	35
0	6	35
2	6	20
3	-1	85
1	-1	84
0	6	84
3	-1	31
1	-1	23
3	-1	48
0	-1	23
0	-1	39
0	-1	27
4	-1	85
9	-1	38
7	-1	38
3	-1	31
2	-1	31
0	-1	26
1	-1	37
1	-1	37
0	-1	26
4	-1	86
0	-1	86
4	-1	46
6	-1	34
5	-1	34
2	-1	22
2	-1	35
4	7	21
0	-1	25
4	-1	26
2	-1	26
5	-1	81
5	-1	85
3	-1	25
2	-1	37
1	-1	26
1	-1	25
5	-1	45
3	-1	86
0	-1	84
1	-1	44
5	-1	30
3	7	22
3	-1	27
2	-1	84
1	-1	86
0	-1	29
0	0	86
1	-1	32
4	-1	41
2	-1	26
1	-1	22
3	-1	59
0	0	85
3	-1	23
0	-1	85
1	-1	48
1	-1	48
0	-1	84
1	-1	29
1	-1	30
3	-1	44
3	6	20
0	0	84
3	7	23
2	5	20
3	-1	39
0	0	85
0	-1	76
0	-1	86
1	5	21
2	-1	31
1	-1	86
0	6	84
4	-1	32
1	-1	21
2	-1	32
2	-1	84
5	-1	45
3	-1	29
2	-1	24
1	-1	28
1	-1	25
4	-1	32
1	-1	25
0	9	85
3	-1	86
4	-1	86
7	-1	86
0	11	85
0	-1	86
5	-1	27
3	-1	85
4	5	23
2	6	21
4	-1	51
6	-1	58
5	-1	58
3	-1	45
4	-1	45
2	-1	21
0	-1	39
3	-1	33
2	-1	37
3	-1	24
1	-1	23
1	-1	29
4	-1	37
4	-1	60
5	-1	32
3	9	20
5	7	21
2	6	22
1	-1	52
4	7	20
3	-1	33
4	-1	44
5	-1	44
1	-1	29
1	-1	29
0	0	86
0	0	86
1	-1	20
4	-1	84
3	-1	69
0	-1	22
1	-1	26
1	-1	29
1	-1	29
7	-1	37
5	-1	28
3	7	22
0	0	85
0	-1	21
3	6	21
1	-1	25
3	-1	25
3	-1	23
1	-1	42
2	-1	42
2	-1	22
5	-1	25
0	-1	22
6	-1	85
1	18	85
0	-1	25
2	6	22
2	-1	23
2	-1	44
2	-1	44
4	-1	24
3	-1	27
2	6	21
5	-1	85
1	-1	23
6	-1	29
8	-1	85
1	-1	21
2	-1	86
12	-1	85
5	-1	38
4	-1	38
0	0	81
2	-1	39
0	0	86
2	-1	25
1	-1	28
2	-1	24
0	0	85
6	10	23
5	-1	24
3	4	20
3	4	21
4	6	22
0	0	86
1	-1	42
2	-1	28
1	-1	25
0	-1	25
0	-1	22
1	-1	85
2	4	22
3	-1	43
3	-1	32
3	-1	26
7	-1	30
3	-1	32
2	-1	40
1	-1	28
1	-1	24
1	-1	24
4	5	23
1	-1	36
1	-1	27
2	-1	23
4	-1	37
1	-1	61
1	16	86
1	-1	85
1	-1	35
1	-1	35
3	6	21
0	-1	82
6	-1	31
4	-1	44
4	-1	37
2	-1	31
1	-1	31
2	3	22
8	-1	84
2	-1	23
0	-1	23
1	5	20
6	-1	43
0	-1	86
0	10	85
2	-1	45
9	-1	47
8	-1	47
2	-1	86
5	-1	28
3	-1	33
4	-1	33
2	6	20
2	-1	21
7	-1	69
7	-1	69
3	-1	29
7	-1	54
3	-1	44
2	-1	44
5	-1	40
5	-1	40
1	-1	28
2	-1	35
2	-1	35
2	-1	33
4	-1	42
3	-1	42
4	-1	26
6	-1	86
3	-1	42
1	4	20
4	-1	40
1	-1	31
2	10	25
2	-1	36
2	-1	36
3	-1	24
1	3	85
0	9	85
4	-1	46
1	2	21
2	-1	21
3	-1	26
7	-1	86
2	-1	40
3	-1	40
4	-1	29
4	9	21
5	7	21
4	5	21
0	0	86
1	-1	40
1	-1	40
4	-1	44
4	-1	34
6	-1	34
2	-1	25
2	-1	25
2	-1	25
1	-1	25
1	-1	39
1	-1	39
0	0	85
3	-1	85
3	-1	23
1	-1	23
2	-1	30
6	-1	35
6	-1	35
0	-1	80
5	-1	86
0	-1	20
2	-1	31
1	-1	24
5	-1	35
1	4	20
5	-1	85
4	-1	29
8	-1	54
3	5	20
0	-1	84
1	3	22
1	-1	25
0	-1	84
2	2	20
2	-1	29
4	7	22
4	-1	33
0	0	86
1	-1	46
4	-1	83
0	-1	29
2	-1	45
2	-1	45
0	-1	85
0	-1	82
0	0	85
3	-1	40
3	-1	40
2	-1	22
0	-1	25
2	3	20
0	-1	86
1	-1	85
0	-1	86
5	-1	86
2	-1	35
1	1	85
5	-1	32
5	-1	32
4	-1	27
2	-1	22
1	-1	37
0	0	86
0	0	85
1	-1	31
0	-1	85
4	-1	58
5	-1	38
5	-1	38
2	-1	54
2	-1	54
5	-1	28
5	-1	52
5	-1	52
0	-1	20
4	6	21
3	-1	27
1	1	85
8	-1	86
0	-1	28
5	6	21
1	-1	31
2	-1	86
3	-1	28
1	-1	35
3	-1	24
2	-1	22
1	3	77
4	-1	40
4	-1	40
3	-1	28
0	-1	30
0	-1	81
0	-1	29
2	-1	30
0	-1	30
0	-1	86
0	-1	86
5	-1	41
0	-1	85
2	-1	21
1	-1	22
2	-1	75
2	-1	35
5	-1	50
3	-1	24
3	-1	50
3	-1	50
3	9	22
1	-1	22
4	-1	42
5	-1	36
4	-1	83
5	-1	71
0	-1	84
0	-1	82
2	-1	28
0	8	86
0	-1	86
1	-1	25
2	-1	86
3	-1	25
4	7	20
0	-1	42
1	-1	22
4	-1	68
1	-1	35
1	-1	35
20	-1	84
2	4	20
2	-1	24
6	-1	53
5	-1	53
2	-1	44
3	-1	32
5	-1	85
1	-1	84
1	-1	84
1	10	85
5	-1	28
2	-1	24
3	-1	86
4	-1	37
1	-1	21
3	-1	27
3	-1	33
2	-1	33
2	-1	28
1	-1	28
5	7	21
2	-1	24
6	-1	86
1	-1	26
1	-1	24
10	-1	86
2	-1	34
7	-1	45
4	8	20
1	-1	34
3	5	25
2	4	25
6	-1	40
4	-1	40
1	-1	30
3	-1	23
6	-1	52
5	-1	52
1	-1	85
2	-1	63
1	-1	23
6	-1	27
3	-1	37
5	7	20
3	-1	43
3	-1	43
2	-1	24
3	-1	34
2	5	20
3	-1	25
2	3	20
0	-1	38
6	-1	84
1	-1	22
0	-1	86
4	-1	30
3	-1	30
3	4	20
2	-1	25
4	-1	37
1	-1	24
1	-1	31
2	-1	21
1	-1	38
4	6	21
0	0	65
5	-1	86
2	-1	86
2	-1	85
3	-1	25
1	-1	56
1	-1	56
2	-1	24
4	7	21
1	-1	21
2	-1	56
3	-1	56
4	-1	48
5	-1	86
4	-1	66
3	-1	41
5	-1	37
5	-1	37
6	7	22
3	7	24
3	-1	26
2	-1	25
0	0	86
3	-1	41
3	-1	41
2	-1	24
2	6	20
0	-1	21
3	7	20
2	-1	22
0	-1	85
0	6	78
0	-1	27
2	-1	22
4	-1	31
3	-1	43
3	-1	43
0	0	86
0	-1	86
3	-1	25
0	-1	47
0	-1	22
4	6	21
4	-1	32
4	-1	32
5	-1	84
1	-1	38
3	-1	29
1	-1	25
4	10	21
4	8	24
3	7	20
4	-1	28
15	-1	82
0	0	86
3	-1	24
1	-1	24
4	-1	25
5	8	23
1	-1	24
2	-1	22
3	7	22
0	-1	26
4	-1	36
5	-1	36
4	-1	54
4	-1	86
6	-1	28
1	-1	25
1	-1	21
0	0	86
6	-1	29
3	-1	55
2	-1	52
3	-1	52
4	-1	43
3	-1	43
0	-1	80
2	-1	33
4	-1	36
2	-1	22
7	-1	54
6	-1	33
6	-1	33
5	-1	31
3	-1	22
2	-1	27
0	0	80
0	0	86
3	-1	33
6	-1	82
5	-1	27
4	8	21
8	-1	49
2	7	20
2	-1	22
5	8	25
5	-1	36
5	-1	28
5	8	21
0	8	85
1	-1	84
5	-1	38
6	-1	38
5	9	22
2	9	85
0	8	83
4	-1	81
4	-1	27
1	-1	21
0	7	86
0	-1	86
3	7	20
7	-1	59
7	-1	59
0	0	86
5	-1	85
2	5	20
7	-1	44
0	4	22
1	-1	24
1	-1	34
3	-1	71
5	-1	55
0	0	86
0	0	86
0	5	83
1	-1	28
0	-1	24
3	6	20
3	-1	38
0	4	23
0	-1	85
3	-1	32
2	-1	33
1	-1	20
1	-1	22
7	-1	85
1	-1	26
4	-1	25
2	-1	21
4	-1	29
3	6	21
6	8	21
1	-1	22
3	-1	37
3	-1	21
0	-1	85
2	-1	70
0	-1	47
3	-1	25
1	-1	26
2	-1	24
6	-1	26
3	9	22
1	-1	35
0	-1	24
3	-1	29
5	-1	28
2	-1	85
3	6	21
0	0	86
0	0	86
3	-1	46
2	-1	24
0	-1	34
6	-1	46
1	-1	24
3	-1	27
2	3	20
2	-1	24
4	-1	25
0	0	22
1	-1	26
0	-1	30
3	-1	26
1	-1	29
1	-1	29
1	-1	25
1	-1	25
2	-1	31
2	-1	31
3	5	20
4	-1	29
1	-1	38
7	-1	26
3	-1	24
7	-1	50
6	-1	28
3	-1	39
0	6	83
8	-1	41
3	-1	33
3	-1	30
0	-1	85
0	7	81
5	-1	42
3	7	20
7	-1	33
8	-1	41
3	8	22
3	-1	43
1	-1	32
0	0	86
6	-1	29
2	-1	23
3	6	22
6	-1	82
5	-1	82
3	-1	40
4	-1	35
3	-1	27
3	-1	85
1	-1	23
1	3	21
0	0	85
1	-1	84
0	7	86
1	-1	38
4	-1	32
3	-1	32
3	-1	49
3	8	22
0	0	86
4	-1	26
2	-1	33
1	-1	33
3	-1	28
5	-1	37
0	-1	27
1	-1	27
1	-1	23
6	-1	36
0	0	85
4	-1	35
2	-1	35
0	0	85
3	-1	23
2	-1	37
0	-1	57
0	-1	57
4	-1	25
6	-1	42
5	-1	42
5	5	24
7	-1	45
6	-1	44
5	-1	44
7	-1	46
4	-1	23
3	-1	27
8	-1	50
6	-1	85
0	0	85
1	-1	21
1	-1	32
0	-1	24
2	-1	30
3	-1	35
0	12	83
4	-1	35
2	-1	30
0	-1	31
2	7	20
3	-1	49
5	-1	36
1	-1	21
1	-1	29
1	-1	29
2	-1	22
1	-1	46
1	-1	46
3	-1	31
3	-1	31
5	-1	47
5	-1	47
4	-1	28
0	-1	85
0	-1	86
2	-1	24
0	-1	23
4	-1	30
5	-1	31
6	-1	80
4	-1	82
0	-1	86
5	-1	31
4	-1	31
4	-1	24
5	-1	27
6	-1	45
4	-1	29
0	0	86
4	-1	26
2	-1	22
5	-1	31
1	1	86
5	-1	41
4	-1	41
2	-1	25
4	-1	24
4	5	23
4	7	21
3	6	20
1	-1	21
5	-1	30
5	6	20
1	-1	22
2	-1	23
0	0	86
0	0	86
4	-1	37
0	-1	85
0	-1	84
3	-1	39
2	-1	45
6	-1	46
7	-1	46
3	-1	27
2	-1	30
2	-1	30
1	-1	29
0	-1	26
2	-1	39
1	-1	39
2	-1	50
1	-1	40
1	-1	32
2	-1	40
2	-1	44
4	-1	47
1	-1	24
1	-1	49
3	-1	25
0	-1	22
3	-1	43
2	-1	43
0	-1	25
3	-1	28
1	2	86
2	-1	85
4	-1	35
0	-1	86
3	6	21
3	-1	37
4	-1	84
0	0	86
2	-1	28
2	6	20
2	-1	25
2	-1	31
3	-1	27
0	-1	24
5	-1	86
3	-1	40
3	-1	34
4	-1	27
4	5	20
0	0	85
6	-1	85
4	-1	37
3	-1	37
4	-1	39
3	-1	39
3	-1	27
3	-1	25
6	-1	32
3	-1	32
2	6	21
5	-1	32
2	-1	23
8	-1	61
0	-1	20
6	-1	40
6	-1	40
5	-1	83
6	-1	31
3	-1	29
3	-1	85
6	7	24
2	-1	34
5	-1	85
4	-1	32
0	0	82
3	-1	26
3	8	21
5	7	21
2	-1	22
3	-1	42
4	8	22
3	5	22
6	-1	60
6	-1	60
1	-1	37
0	-1	85
4	8	24
0	-1	22
6	-1	55
5	-1	24
2	-1	30
3	-1	30
1	-1	29
10	-1	71
10	-1	71
2	-1	23
1	4	21
5	-1	31
2	-1	22
3	-1	29
3	-1	33
3	5	20
1	-1	85
4	-1	29
2	-1	37
1	-1	35
1	-1	35
2	-1	28
2	-1	28
3	-1	29
3	-1	27
2	-1	29
2	6	22
4	-1	41
2	-1	26
6	-1	33
6	-1	33
0	13	85
4	6	24
2	-1	29
2	-1	29
3	-1	24
3	2	21
3	-1	31
3	-1	28
0	0	86
6	-1	66
6	-1	66
3	-1	31
5	8	25
7	-1	47
6	-1	47
1	-1	24
3	8	22
3	-1	26
3	6	23
4	-1	35
4	-1	52
5	-1	52
1	-1	41
2	-1	21
3	-1	42
5	-1	73
5	-1	63
6	-1	63
0	-1	85
4	-1	37
3	-1	86
2	-1	25
0	0	86
1	5	20
3	-1	37
3	-1	37
1	4	21
1	-1	24
0	-1	22
4	-1	24
0	-1	24
3	-1	36
0	-1	26
6	9	26
1	-1	25
0	-1	38
0	-1	38
1	4	20
3	3	21
1	-1	43
2	-1	24
1	-1	24
2	-1	26
0	-1	30
3	-1	27
4	-1	28
2	-1	34
0	-1	20
8	-1	86
2	-1	28
4	-1	27
6	-1	38
4	-1	43
6	-1	33
7	-1	33
3	-1	24
2	-1	23
4	-1	85
1	-1	29
0	0	86
0	0	86
1	-1	82
1	9	85
4	-1	82
4	-1	82
2	-1	83
1	-1	85
0	0	86
0	0	86
4	-1	46
4	-1	46
3	-1	51
3	-1	51
1	-1	22
1	-1	25
2	-1	43
3	-1	44
3	-1	44
2	37	86
6	-1	81
1	-1	34
0	0	82
4	7	25
7	-1	66
7	-1	66
2	-1	23
4	-1	81
1	-1	24
3	-1	42
0	0	86
0	0	86
2	-1	29
3	-1	25
8	-1	49
2	-1	21
5	-1	51
4	-1	29
0	8	85
3	-1	29
4	-1	85
4	5	21
3	-1	45
0	-1	29
0	-1	29
3	-1	38
2	-1	43
5	-1	34
0	0	85
1	-1	41
0	-1	35
1	-1	21
3	7	21
0	-1	86
3	-1	31
2	-1	34
3	-1	41
3	-1	41
1	3	21
3	8	21
1	-1	24
2	-1	29
3	-1	30
3	-1	33
4	-1	39
4	-1	39
7	-1	46
2	-1	24
6	-1	50
6	-1	50
3	-1	30
3	-1	85
10	-1	49
4	7	22
2	-1	29
4	-1	40
3	-1	40
3	-1	26
3	-1	31
4	6	23
3	5	20
2	-1	22
6	-1	85
0	11	85
5	-1	33
3	5	20
3	-1	50
5	5	21
0	0	85
2	-1	85
4	7	24
7	-1	30
5	-1	51
5	-1	26
2	-1	25
2	-1	21
0	-1	85
0	-1	85
0	-1	85
0	-1	85
0	2	85
2	-1	85
1	-1	85
0	-1	85
1	-1	85
0	-1	85
0	-1	85
0	-1	73
1	-1	85
1	-1	85
0	-1	86
5	-1	35
2	-1	22
7	-1	36
2	-1	25
1	4	20
3	-1	46
3	-1	46
1	-1	25
2	-1	32
2	-1	32
1	-1	20
8	-1	33
3	-1	41
3	-1	80
0	-1	85
2	-1	29
2	-1	25
1	-1	85
4	6	21
6	-1	37
13	-1	84
5	-1	33
4	-1	33
3	-1	26
2	-1	56
3	-1	22
2	-1	23
1	-1	33
1	-1	21
2	-1	21
1	-1	23
4	-1	85
4	-1	38
1	-1	32
5	-1	41
5	-1	55
3	-1	29
0	-1	22
3	8	22
0	-1	47
4	-1	42
5	-1	42
4	-1	85
2	-1	21
6	10	22
0	-1	85
5	-1	26
4	7	24
5	-1	63
5	-1	63
4	-1	45
3	-1	32
2	-1	32
2	-1	37
2	-1	29
8	-1	85
4	-1	80
4	-1	42
0	-1	85
3	-1	85
2	-1	37
2	-1	30
4	8	22
2	-1	26
3	-1	55
4	6	20
2	-1	30
7	-1	84
1	-1	23
0	0	86
4	-1	28
3	-1	33
3	-1	33
2	-1	38
2	-1	24
4	-1	25
4	-1	38
3	-1	38
4	-1	86
4	-1	86
0	0	86
0	0	86
3	-1	86
2	-1	32
9	-1	85
2	-1	25
1	-1	30
11	-1	70
11	-1	70
0	-1	86
0	0	86
6	-1	83
1	7	86
3	-1	27
2	-1	38
2	-1	27
7	10	26
5	-1	54
5	-1	54
2	-1	24
0	-1	24
2	-1	43
3	8	20
5	-1	59
5	-1	48
6	-1	48
2	-1	26
2	-1	37
1	-1	22
0	-1	36
2	-1	36
3	9	22
3	-1	28
3	-1	33
1	-1	85
1	11	86
4	-1	71
2	-1	24
2	-1	25
0	8	85
0	0	85
5	10	24
1	-1	25
2	-1	33
4	-1	26
3	-1	42
4	7	22
3	5	22
2	5	20
3	7	21
5	-1	30
2	-1	27
6	-1	36
3	-1	37
5	-1	33
6	-1	33
1	-1	40
1	-1	22
3	-1	43
4	-1	43
4	-1	28
2	-1	25
1	-1	27
3	-1	41
4	-1	26
2	-1	24
3	8	20
3	-1	45
3	6	20
5	-1	36
8	-1	85
4	-1	23
4	5	20
3	-1	22
0	0	86
0	0	49
2	-1	23
2	-1	43
0	-1	30
4	4	20
2	-1	48
3	-1	25
2	-1	27
2	-1	21
3	5	21
1	-1	24
1	-1	50
1	-1	37
1	-1	25
1	-1	25
3	7	23
1	-1	40
0	-1	86
4	-1	41
5	-1	41
1	-1	23
1	-1	28
2	-1	27
1	3	20
4	-1	58
4	-1	58
4	-1	86
10	-1	46
8	-1	46
2	3	20
0	0	77
2	-1	47
2	-1	47
3	5	21
1	-1	27
2	-1	30
1	-1	30
3	-1	30
4	-1	30
6	-1	49
8	-1	84
1	5	21
5	8	23
3	6	22
2	-1	25
2	-1	41
2	-1	41
0	-1	86
3	-1	33
5	-1	27
2	-1	34
0	0	86
1	-1	24
1	-1	20
2	-1	29
2	-1	29
0	5	75
0	11	86
0	-1	85
2	-1	25
2	-1	25
5	-1	50
4	-1	46
4	7	20
4	-1	50
0	0	86
0	0	86
0	0	86
12	-1	84
2	-1	35
3	-1	51
3	-1	51
2	-1	25
3	-1	25
3	7	23
6	-1	53
5	-1	34
1	-1	21
1	-1	23
4	-1	38
4	-1	44
5	4	86
3	-1	30
0	0	85
1	-1	41
4	8	21
1	-1	86
0	-1	26
1	-1	48
3	-1	85
2	-1	28
0	0	85
0	-1	69
3	4	24
1	-1	27
2	-1	29
2	-1	39
1	-1	86
1	-1	21
3	-1	34
3	6	20
3	-1	85
3	-1	47
0	0	86
4	6	22
2	-1	30
0	0	86
1	-1	29
4	-1	28
5	-1	85
4	-1	86
0	-1	86
1	-1	86
4	-1	26
3	7	21
0	0	85
0	0	85
0	0	85
6	-1	28
1	1	75
0	0	86
0	0	86
0	7	85
0	0	86
2	-1	31
5	-1	86
0	8	86
2	-1	84
0	0	86
0	0	86
0	12	85
0	-1	28
2	-1	28
2	-1	22
1	-1	43
1	-1	43
2	-1	22
4	-1	28
2	-1	24
0	-1	85
1	-1	33
0	-1	86
7	-1	85
1	1	86
2	2	84
3	7	21
0	0	86
0	0	86
2	-1	85
2	-1	85
0	0	85
1	-1	85
0	-1	86
1	-1	77
2	-1	85
2	-1	31
5	8	22
1	-1	85
3	-1	85
2	-1	85
2	-1	20
3	-1	42
2	-1	29
2	2	21
3	-1	35
0	0	86
4	9	20
3	-1	35
2	-1	26
2	5	21
2	-1	47
2	-1	47
2	-1	28
1	1	29
0	-1	84
1	-1	84
0	14	85
0	0	85
3	-1	27
2	6	20
1	-1	80
0	0	86
0	0	86
0	-1	23
0	-1	85
0	0	49
2	-1	49
1	-1	48
0	-1	85
5	-1	25
0	12	86
1	-1	84
0	-1	85
0	-1	85
1	-1	86
2	-1	86
0	-1	86
0	-1	84
3	-1	86
1	-1	85
0	-1	86
0	-1	84
0	13	85
0	-1	84
3	-1	86
0	-1	86
3	-1	86
0	-1	86
0	11	85
0	-1	82
1	-1	85
0	11	82
4	-1	86
2	-1	84
0	-1	86
2	-1	84
0	-1	85
1	-1	83
4	-1	86
0	-1	86
1	-1	79
0	-1	84
0	-1	85
0	-1	84
1	-1	86
5	-1	86
1	-1	84
1	-1	85
0	-1	86
0	-1	85
0	6	85
