CellID,Genome,Combined_TotalReads,Combined_UniqMapped,Combined_MappingRate,Combined_mCG_Rate,Combined_mCHG_Rate,Combined_mCHH_Rate,BAM_Combined_Mapped,BAM_Combined_MappedMapQ30,Bismark_R1_TotalReads,Bismark_R1_UniqMapped,Bismark_R1_MappingRate,Bismark_R1_Unmapped,Bismark_R1_Ambiguous,Bismark_R1_mCG_Rate,Bismark_R1_mCHG_Rate,Bismark_R1_mCHH_Rate,Bismark_R1_TotalC,Bismark_R2_TotalReads,Bismark_R2_UniqMapped,Bismark_R2_MappingRate,Bismark_R2_Unmapped,Bismark_R2_Ambiguous,Bismark_R2_mCG_Rate,Bismark_R2_mCHG_Rate,Bismark_R2_mCHH_Rate,Bismark_R2_TotalC,BAM_R1_TotalReads,BAM_R1_Mapped,BAM_R1_MappedMapQ30,BAM_R1_MappedMapQ30ToLambda,BAM_R1_MappedMapQ30ToTargetSpecies,BAM_R1_DuplicateMapped,BAM_R2_TotalReads,BAM_R2_Mapped,BAM_R2_MappedMapQ30,BAM_R2_MappedMapQ30ToLambda,BAM_R2_MappedMapQ30ToTargetSpecies,BAM_R2_DuplicateMapped,BAM_R1_Input,BAM_R1_TotalReads_Pct,BAM_R1_Mapped_Pct,BAM_R1_MappedMapQ30_Pct,BAM_R1_MappedMapQ30ToLambda_Pct,BAM_R1_MappedMapQ30ToTargetSpecies_Pct,BAM_R1_DuplicateMapped_Pct,BAM_R1_SecondarySkipped,BAM_R1_SecondarySkipped_Pct,BAM_R1_SupplementarySkipped,BAM_R1_SupplementarySkipped_Pct,BAM_R2_Input,BAM_R2_TotalReads_Pct,BAM_R2_Mapped_Pct,BAM_R2_MappedMapQ30_Pct,BAM_R2_MappedMapQ30ToLambda_Pct,BAM_R2_MappedMapQ30ToTargetSpecies_Pct,BAM_R2_DuplicateMapped_Pct,BAM_R2_SecondarySkipped,BAM_R2_SecondarySkipped_Pct,BAM_R2_SupplementarySkipped,BAM_R2_SupplementarySkipped_Pct,HCG_site_count,chrM_noncpg,chrM_endo,chr21_noncpg,chr21_endo
SRR6911624,hg38,2918982,1288241,44.1332286392996,73.85,2.25,2.5,1288240,741590,1459491,1020695,69.9,350201,88595,76.8,1.8,2.1,27273466,1459491,267546,18.3,1173187,18758,70.9,2.7,2.9,8117298,1020695,1020695,729065,0,729065,0,267545,267545,12525,0,12525,0,05.align/SRR6911624_1.clean_bismark_bt2.bam,100.0,100.0,71.4283,0.0,100.0,0.0,0,0.0,0,0.0,05.align/SRR6911624_2.clean_bismark_bt2.bam,100.0,100.0,4.6815,0.0,100.0,0.0,0,0.0,0,0.0,295087,10.877,5.469,0.862,82.531
SRR6911625,hg38,3931130,1625853,41.358413484163584,77.0,5.65,6.7,1625853,944243,1965565,1300146,66.1,539812,125607,81.3,5.6,6.7,35185729,1965565,325707,16.6,1613672,26186,72.7,5.7,6.7,9966300,1300146,1300146,931100,0,931100,0,325707,325707,13143,0,13143,0,05.align/SRR6911625_1.clean_bismark_bt2.bam,100.0,100.0,71.615,0.0,100.0,0.0,0,0.0,0,0.0,05.align/SRR6911625_2.clean_bismark_bt2.bam,100.0,100.0,4.0352,0.0,100.0,0.0,0,0.0,0,0.0,359516,21.6745,4.2815,3.333,81.81
SRR6911626,hg38,5762750,2787073,48.36359377033534,74.15,2.2,2.45,2787073,1573296,2881375,2113699,73.4,592335,175341,77.6,1.8,2.1,57454800,2881375,673374,23.4,2162359,45642,70.7,2.6,2.8,20364724,2113699,2113699,1540887,0,1540887,0,673374,673374,32409,0,32409,0,05.align/SRR6911626_1.clean_bismark_bt2.bam,100.0,100.0,72.9,0.0,100.0,0.0,0,0.0,0,0.0,05.align/SRR6911626_2.clean_bismark_bt2.bam,100.0,100.0,4.8129,0.0,100.0,0.0,0,0.0,0,0.0,512024,1.6665,0.0,1.0005,82.4025
SRR6911627,hg38,6073862,2934691,48.31672171675945,76.7,3.9,4.65,2934690,1672372,3036931,2224837,73.3,630169,181925,80.5,3.6,4.5,60050266,3036931,709854,23.4,2279534,47543,72.9,4.2,4.8,21211344,2224836,2224836,1640167,0,1640167,0,709854,709854,32205,0,32205,0,05.align/SRR6911627_1.clean_bismark_bt2.bam,100.0,100.0,73.7208,0.0,100.0,0.0,0,0.0,0,0.0,05.align/SRR6911627_2.clean_bismark_bt2.bam,100.0,100.0,4.5368,0.0,100.0,0.0,0,0.0,0,0.0,521584,3.4185,3.4995,2.236,83.6575
SRR6911628,hg38,5296278,2485843,46.93565934416585,79.0,8.850000000000001,9.55,2485843,1412224,2648139,1937754,73.2,559539,150846,83.0,8.9,9.7,53225375,2648139,548089,20.7,2063123,36927,75.0,8.8,9.4,16504859,1937754,1937754,1387379,0,1387379,0,548089,548089,24845,0,24845,0,05.align/SRR6911628_1.clean_bismark_bt2.bam,100.0,100.0,71.5973,0.0,100.0,0.0,0,0.0,0,0.0,05.align/SRR6911628_2.clean_bismark_bt2.bam,100.0,100.0,4.533,0.0,100.0,0.0,0,0.0,0,0.0,447512,6.98,5.333,6.3415,86.11349999999999
SRR6911629,hg38,5027662,2299114,45.72928729099132,75.69999999999999,4.050000000000001,4.75,2299114,1351665,2513831,1822320,72.5,542455,149056,79.6,3.7,4.5,49275648,2513831,476794,19.0,2004700,32337,71.8,4.4,5.0,14427399,1822320,1822320,1328542,0,1328542,0,476794,476794,23123,0,23123,0,05.align/SRR6911629_1.clean_bismark_bt2.bam,100.0,100.0,72.9039,0.0,100.0,0.0,0,0.0,0,0.0,05.align/SRR6911629_2.clean_bismark_bt2.bam,100.0,100.0,4.8497,0.0,100.0,0.0,0,0.0,0,0.0,502814,1.065,0.0,2.9685,82.949
SRR6911630,hg38,5911228,2721560,46.04051814614493,73.3,1.4,1.35,2721560,1566864,2955614,2139710,72.4,638302,177602,76.3,0.9,0.9,57240781,2955614,581850,19.7,2334174,39590,70.3,1.9,1.8,17567213,2139710,2139710,1538498,0,1538498,0,581850,581850,28366,0,28366,0,05.align/SRR6911630_1.clean_bismark_bt2.bam,100.0,100.0,71.9022,0.0,100.0,0.0,0,0.0,0,0.0,05.align/SRR6911630_2.clean_bismark_bt2.bam,100.0,100.0,4.8751,0.0,100.0,0.0,0,0.0,0,0.0,548826,1.2795,3.4885,0.674,78.54499999999999
SRR6911631,hg38,5132616,2273635,44.2977810925267,73.30000000000001,2.0,2.25,2273634,1335329,2566308,1827964,71.2,584192,154152,77.4,1.6,1.9,49416540,2566308,445671,17.4,2090486,30151,69.2,2.4,2.6,13558012,1827964,1827964,1314312,0,1314312,0,445670,445670,21017,0,21017,0,05.align/SRR6911631_1.clean_bismark_bt2.bam,100.0,100.0,71.9003,0.0,100.0,0.0,0,0.0,0,0.0,05.align/SRR6911631_2.clean_bismark_bt2.bam,100.0,100.0,4.7158,0.0,100.0,0.0,0,0.0,0,0.0,528101,5.555,4.01,0.78,83.59
SRR6911632,hg38,3758026,1611243,42.87471667306187,72.3,1.4,1.4,1611237,983041,1879013,1339975,71.3,431696,107342,76.1,0.9,0.9,36143673,1879013,271268,14.4,1590076,17669,68.5,1.9,1.9,8252852,1339969,1339969,970608,0,970608,0,271268,271268,12433,0,12433,0,05.align/SRR6911632_1.clean_bismark_bt2.bam,100.0,100.0,72.4351,0.0,100.0,0.0,0,0.0,0,0.0,05.align/SRR6911632_2.clean_bismark_bt2.bam,100.0,100.0,4.5833,0.0,100.0,0.0,0,0.0,0,0.0,399547,11.476,11.875,0.5329999999999999,82.44200000000001
SRR6911633,hg38,5422676,2285708,42.15092327109346,72.35,2.4,2.95,2285708,1326106,2711338,1832858,67.6,731154,147326,76.2,2.0,2.6,49562278,2711338,452850,16.7,2228771,29717,68.5,2.8,3.3,13668367,1832858,1832858,1305336,0,1305336,0,452850,452850,20770,0,20770,0,05.align/SRR6911633_1.clean_bismark_bt2.bam,100.0,100.0,71.2186,0.0,100.0,0.0,0,0.0,0,0.0,05.align/SRR6911633_2.clean_bismark_bt2.bam,100.0,100.0,4.5865,0.0,100.0,0.0,0,0.0,0,0.0,498531,7.015,30.0,1.4175,77.72999999999999
SRR6911634,hg38,4033760,1740936,43.15913688469319,75.85,6.05,6.85,1740936,1066323,2016880,1443606,71.6,458562,114712,80.1,5.8,6.7,39228758,2016880,297330,14.7,1699529,20021,71.6,6.3,7.0,9012757,1443606,1443606,1053146,0,1053146,0,297330,297330,13177,0,13177,0,05.align/SRR6911634_1.clean_bismark_bt2.bam,100.0,100.0,72.9525,0.0,100.0,0.0,0,0.0,0,0.0,05.align/SRR6911634_2.clean_bismark_bt2.bam,100.0,100.0,4.4318,0.0,100.0,0.0,0,0.0,0,0.0,384129,2.128,0.0,5.444,79.6585
SRR6911635,hg38,3901032,1367710,35.060209708610444,76.05,5.1,6.05,1367707,807899,1950516,1124876,57.7,727755,97885,80.3,5.1,6.1,29970572,1950516,242834,12.4,1690190,17492,71.8,5.1,6.0,7365149,1124873,1124873,798133,0,798133,0,242834,242834,9766,0,9766,0,05.align/SRR6911635_1.clean_bismark_bt2.bam,100.0,100.0,70.9532,0.0,100.0,0.0,0,0.0,0,0.0,05.align/SRR6911635_2.clean_bismark_bt2.bam,100.0,100.0,4.0217,0.0,100.0,0.0,0,0.0,0,0.0,325754,3.575,5.836,3.577,80.54050000000001
SRR6911636,hg38,4849994,2100627,43.31195048901091,73.85,4.4,5.3,2100627,1247883,2424997,1715275,70.7,563476,146246,77.7,4.3,5.3,45456741,2424997,385352,15.9,2013349,26296,70.0,4.5,5.3,11687309,1715275,1715275,1230240,0,1230240,0,385352,385352,17643,0,17643,0,05.align/SRR6911636_1.clean_bismark_bt2.bam,100.0,100.0,71.7226,0.0,100.0,0.0,0,0.0,0,0.0,05.align/SRR6911636_2.clean_bismark_bt2.bam,100.0,100.0,4.5784,0.0,100.0,0.0,0,0.0,0,0.0,488724,2.9615,1.8,2.1100000000000003,76.73349999999999
SRR6911637,hg38,9738644,4383995,45.01648278754208,79.25,4.0,4.75,4383995,2598558,4869322,3567685,73.3,993020,308617,82.9,3.7,4.5,93739423,4869322,816310,16.8,3996017,56995,75.6,4.3,5.0,24414996,3567685,3567685,2561897,0,2561897,0,816310,816310,36661,0,36661,0,05.align/SRR6911637_1.clean_bismark_bt2.bam,100.0,100.0,71.8084,0.0,100.0,0.0,0,0.0,0,0.0,05.align/SRR6911637_2.clean_bismark_bt2.bam,100.0,100.0,4.4911,0.0,100.0,0.0,0,0.0,0,0.0,730934,1.5555,0.6025,2.2805,86.6105
SRR6911638,hg38,6243944,2651940,42.47219385695964,71.25,1.3,1.25,2651939,1607699,3121972,2192309,70.2,754075,175588,74.5,0.8,0.8,59303872,3121972,459631,14.7,2632267,30074,68.0,1.8,1.7,14026556,2192309,2192309,1586739,0,1586739,0,459630,459630,20960,0,20960,0,05.align/SRR6911638_1.clean_bismark_bt2.bam,100.0,100.0,72.3775,0.0,100.0,0.0,0,0.0,0,0.0,05.align/SRR6911638_2.clean_bismark_bt2.bam,100.0,100.0,4.5602,0.0,100.0,0.0,0,0.0,0,0.0,517845,9.283,4.969,0.457,76.14150000000001
SRR6911639,hg38,7195772,3266862,45.399743071348006,73.65,2.35,2.6,3266862,1803331,3597886,2451939,68.1,942652,203295,77.7,2.1,2.4,65648059,3597886,814923,22.7,2729183,53780,69.6,2.6,2.8,24413835,2451939,2451939,1765275,0,1765275,0,814923,814923,38056,0,38056,0,05.align/SRR6911639_1.clean_bismark_bt2.bam,100.0,100.0,71.9951,0.0,100.0,0.0,0,0.0,0,0.0,05.align/SRR6911639_2.clean_bismark_bt2.bam,100.0,100.0,4.6699,0.0,100.0,0.0,0,0.0,0,0.0,589664,5.0455,8.676,0.8995,82.348
SRR6911640,hg38,6479760,2942786,45.415046236280354,77.19999999999999,5.1,5.9,2942786,1757403,3239880,2407559,74.3,643176,189145,81.3,4.9,5.8,64242312,3239880,535227,16.5,2669082,35571,73.1,5.3,6.0,15925032,2407559,2407559,1735114,0,1735114,0,535227,535227,22289,0,22289,0,05.align/SRR6911640_1.clean_bismark_bt2.bam,100.0,100.0,72.0694,0.0,100.0,0.0,0,0.0,0,0.0,05.align/SRR6911640_2.clean_bismark_bt2.bam,100.0,100.0,4.1644,0.0,100.0,0.0,0,0.0,0,0.0,562547,3.095,2.114,4.275,84.49350000000001
SRR6911641,hg38,10421812,5116533,49.09446649008829,72.8,1.1,1.0,5116531,3015479,5210906,3919165,75.2,951488,340253,77.3,0.7,0.7,108143929,5210906,1197368,23.0,3931945,81593,68.3,1.5,1.3,36027908,3919164,3919164,2963089,0,2963089,0,1197367,1197367,52390,0,52390,0,05.align/SRR6911641_1.clean_bismark_bt2.bam,100.0,100.0,75.6051,0.0,100.0,0.0,0,0.0,0,0.0,05.align/SRR6911641_2.clean_bismark_bt2.bam,100.0,100.0,4.3754,0.0,100.0,0.0,0,0.0,0,0.0,889393,3.0395,3.9475,0.255,74.93299999999999
SRR6911642,hg38,7627792,3779077,49.54352452190621,67.44999999999999,1.0,0.95,3779077,2248108,3813896,2909830,76.3,670837,233229,71.6,0.6,0.6,80587466,3813896,869247,22.8,2887559,57090,63.3,1.4,1.3,26156482,2909830,2909830,2210553,0,2210553,0,869247,869247,37555,0,37555,0,05.align/SRR6911642_1.clean_bismark_bt2.bam,100.0,100.0,75.9685,0.0,100.0,0.0,0,0.0,0,0.0,05.align/SRR6911642_2.clean_bismark_bt2.bam,100.0,100.0,4.3204,0.0,100.0,0.0,0,0.0,0,0.0,641093,0.0,0.0,0.171,72.75800000000001
SRR6911643,hg38,6774748,3273815,48.32379005093621,73.1,3.0,3.7,3273813,1968252,3387374,2542448,75.1,630363,214563,78.3,2.8,3.6,69749529,3387374,731367,21.6,2607107,48900,67.9,3.2,3.8,21918799,2542447,2542447,1936380,0,1936380,0,731366,731366,31872,0,31872,0,05.align/SRR6911643_1.clean_bismark_bt2.bam,100.0,100.0,76.1621,0.0,100.0,0.0,0,0.0,0,0.0,05.align/SRR6911643_2.clean_bismark_bt2.bam,100.0,100.0,4.3579,0.0,100.0,0.0,0,0.0,0,0.0,611250,3.708,4.469,2.0170000000000003,81.39850000000001
SRR6911644,hg38,6535836,1430587,21.888355215767348,72.85,2.0,2.65,1430587,846026,3267918,1101187,33.7,2070808,95923,77.7,1.7,1.9,30567994,3267918,329400,10.1,2895778,42740,68.0,2.3,3.4,9956367,1101187,1101187,829193,0,829193,0,329400,329400,16833,0,16833,0,05.align/SRR6911644_1.clean_bismark_bt2.bam,100.0,100.0,75.2999,0.0,100.0,0.0,0,0.0,0,0.0,05.align/SRR6911644_2.clean_bismark_bt2.bam,100.0,100.0,5.1102,0.0,100.0,0.0,0,0.0,0,0.0,330134,11.111,0.0,0.4895,75.386
SRR6911645,hg38,2640492,1248804,47.29436786780645,77.25,3.2,3.8,1248804,743367,1320246,974640,73.8,263633,81973,82.1,3.0,3.7,26669013,1320246,274164,20.8,1027668,18414,72.4,3.4,3.9,8170336,974640,974640,731459,0,731459,0,274164,274164,11908,0,11908,0,05.align/SRR6911645_1.clean_bismark_bt2.bam,100.0,100.0,75.0491,0.0,100.0,0.0,0,0.0,0,0.0,05.align/SRR6911645_2.clean_bismark_bt2.bam,100.0,100.0,4.3434,0.0,100.0,0.0,0,0.0,0,0.0,285561,2.344,0.0,1.372,87.8555
SRR6911646,hg38,4029954,1907665,47.33714082096223,77.2,3.1,3.7,1907663,1147347,2014977,1487698,73.8,412072,115207,82.0,2.9,3.6,40707866,2014977,419967,20.8,1568192,26818,72.4,3.3,3.8,12494726,1487696,1487696,1129064,0,1129064,0,419967,419967,18283,0,18283,0,05.align/SRR6911646_1.clean_bismark_bt2.bam,100.0,100.0,75.8935,0.0,100.0,0.0,0,0.0,0,0.0,05.align/SRR6911646_2.clean_bismark_bt2.bam,100.0,100.0,4.3534,0.0,100.0,0.0,0,0.0,0,0.0,403944,1.196,0.6945,1.416,86.5075
SRR6911647,hg38,8629472,3922964,45.46006986290702,77.95,5.8,6.5,3922963,2388721,4314736,3215574,74.5,825054,274108,83.0,5.8,6.6,87767489,4314736,707390,16.4,3556752,50594,72.9,5.8,6.4,21085217,3215574,3215574,2361643,0,2361643,0,707389,707389,27078,0,27078,0,05.align/SRR6911647_1.clean_bismark_bt2.bam,100.0,100.0,73.4439,0.0,100.0,0.0,0,0.0,0,0.0,05.align/SRR6911647_2.clean_bismark_bt2.bam,100.0,100.0,3.8279,0.0,100.0,0.0,0,0.0,0,0.0,657271,3.0765,7.179,3.9665,82.90950000000001
SRR6911648,hg38,13867248,6498997,46.86580206829791,72.6,1.1,1.0499999999999998,6498997,3803036,6933624,5084260,73.3,1437106,412258,77.3,0.7,0.7,139753381,6933624,1414737,20.4,5426447,92440,67.9,1.5,1.4,42530681,5084260,5084260,3743169,0,3743169,0,1414737,1414737,59867,0,59867,0,05.align/SRR6911648_1.clean_bismark_bt2.bam,100.0,100.0,73.6227,0.0,100.0,0.0,0,0.0,0,0.0,05.align/SRR6911648_2.clean_bismark_bt2.bam,100.0,100.0,4.2317,0.0,100.0,0.0,0,0.0,0,0.0,841372,2.1825,9.47,0.349,76.6995
SRR6911649,hg38,8148194,3908343,47.96575781087196,69.85,1.05,0.95,3908343,2345780,4074097,3052820,74.9,767755,253522,74.1,0.6,0.6,83915436,4074097,855523,21.0,3161072,57502,65.6,1.5,1.3,25769682,3052820,3052820,2308004,0,2308004,0,855523,855523,37776,0,37776,0,05.align/SRR6911649_1.clean_bismark_bt2.bam,100.0,100.0,75.6024,0.0,100.0,0.0,0,0.0,0,0.0,05.align/SRR6911649_2.clean_bismark_bt2.bam,100.0,100.0,4.4155,0.0,100.0,0.0,0,0.0,0,0.0,611503,9.506,2.841,0.3035,78.2755
SRR6911650,hg38,14745918,7133037,48.37295989303616,73.2,1.85,2.1,7133035,4334315,7372959,5729471,77.7,1203913,439575,78.0,1.5,1.8,158889020,7372959,1403566,19.0,5880490,88903,68.4,2.2,2.4,41958075,5729471,5729471,4273839,0,4273839,0,1403564,1403564,60476,0,60476,0,05.align/SRR6911650_1.clean_bismark_bt2.bam,100.0,100.0,74.594,0.0,100.0,0.0,0,0.0,0,0.0,05.align/SRR6911650_2.clean_bismark_bt2.bam,100.0,100.0,4.3087,0.0,100.0,0.0,0,0.0,0,0.0,1068299,2.465,0.0,0.5335,82.15350000000001
SRR6911651,hg38,12327596,5276532,42.80260320016976,68.4,1.0499999999999998,1.0499999999999998,5276526,3198200,6163798,4182061,67.8,1656565,325172,73.0,0.7,0.7,114906687,6163798,1094471,17.8,4999565,69762,63.8,1.4,1.4,32735643,4182055,4182055,3150208,0,3150208,0,1094471,1094471,47992,0,47992,0,05.align/SRR6911651_1.clean_bismark_bt2.bam,100.0,100.0,75.3268,0.0,100.0,0.0,0,0.0,0,0.0,05.align/SRR6911651_2.clean_bismark_bt2.bam,100.0,100.0,4.3849,0.0,100.0,0.0,0,0.0,0,0.0,728261,0.9415,2.593,0.306,76.0885
SRR6911652,hg38,6182162,2787684,45.092380303201374,79.9,4.5,5.35,2787684,1719417,3091081,2201961,71.2,696101,193019,82.4,4.2,5.1,60232254,3091081,585723,18.9,2463879,41479,77.4,4.8,5.6,17678811,2201961,2201961,1692746,0,1692746,0,585723,585723,26671,0,26671,0,05.align/SRR6911652_1.clean_bismark_bt2.bam,100.0,100.0,76.8745,0.0,100.0,0.0,0,0.0,0,0.0,05.align/SRR6911652_2.clean_bismark_bt2.bam,100.0,100.0,4.5535,0.0,100.0,0.0,0,0.0,0,0.0,644345,3.595,9.722,2.709,89.4855
SRR6911653,hg38,7349072,3400760,46.27468611002858,73.94999999999999,3.25,4.0,3400752,2080019,3674536,2634683,71.7,812501,227352,76.6,2.8,3.6,72266084,3674536,766077,20.8,2855300,53159,71.3,3.7,4.4,23116749,2634675,2634675,2043460,0,2043460,0,766077,766077,36559,0,36559,0,05.align/SRR6911653_1.clean_bismark_bt2.bam,100.0,100.0,77.5602,0.0,100.0,0.0,0,0.0,0,0.0,05.align/SRR6911653_2.clean_bismark_bt2.bam,100.0,100.0,4.7722,0.0,100.0,0.0,0,0.0,0,0.0,684341,1.4375,1.621,2.85,81.523
SRR6911654,hg38,9234066,4441870,48.10307831891173,71.1,1.15,1.1,4441864,2713371,4617033,3434399,74.4,883563,299071,73.0,0.7,0.7,94201106,4617033,1007471,21.8,3539107,70455,69.2,1.6,1.5,30308714,3434397,3434397,2662999,0,2662999,0,1007467,1007467,50372,0,50372,0,05.align/SRR6911654_1.clean_bismark_bt2.bam,100.0,100.0,77.5391,0.0,100.0,0.0,0,0.0,0,0.0,05.align/SRR6911654_2.clean_bismark_bt2.bam,100.0,100.0,4.9999,0.0,100.0,0.0,0,0.0,0,0.0,805433,1.897,0.5355,0.1875,76.3235
SRR6911655,hg38,16383588,7966984,48.62783414719657,71.30000000000001,2.3,2.25,7966977,4905607,8191794,6239138,76.2,1452425,500231,72.9,2.0,2.0,171755944,8191794,1727846,21.1,6350969,112979,69.7,2.6,2.5,51849304,6239131,6239131,4817578,0,4817578,0,1727846,1727846,88029,0,88029,0,05.align/SRR6911655_1.clean_bismark_bt2.bam,100.0,100.0,77.2155,0.0,100.0,0.0,0,0.0,0,0.0,05.align/SRR6911655_2.clean_bismark_bt2.bam,100.0,100.0,5.0947,0.0,100.0,0.0,0,0.0,0,0.0,1305918,0.4315,0.94,1.1875,75.0285
SRR6911656,hg38,12659100,5963122,47.10541823668349,75.5,2.25,2.4,5963122,3769648,6329550,4772215,75.4,1176369,380966,77.3,1.8,2.0,131480464,6329550,1190907,18.8,5060890,77753,73.7,2.7,2.8,35922569,4772215,4772215,3713991,0,3713991,0,1190907,1190907,55657,0,55657,0,05.align/SRR6911656_1.clean_bismark_bt2.bam,100.0,100.0,77.8253,0.0,100.0,0.0,0,0.0,0,0.0,05.align/SRR6911656_2.clean_bismark_bt2.bam,100.0,100.0,4.6735,0.0,100.0,0.0,0,0.0,0,0.0,919008,3.5715,4.0,0.6395,82.07300000000001
SRR6911657,hg38,9783858,4331693,44.27387437552753,77.65,4.9,5.699999999999999,4331692,2624102,4891929,3453226,70.6,1164301,274402,79.9,4.4,5.3,95367121,4891929,878467,18.0,3955033,58429,75.4,5.4,6.1,26438162,3453226,3453226,2585795,0,2585795,0,878466,878466,38307,0,38307,0,05.align/SRR6911657_1.clean_bismark_bt2.bam,100.0,100.0,74.8806,0.0,100.0,0.0,0,0.0,0,0.0,05.align/SRR6911657_2.clean_bismark_bt2.bam,100.0,100.0,4.3607,0.0,100.0,0.0,0,0.0,0,0.0,771729,4.654,2.018,3.4240000000000004,88.15799999999999
SRR6911658,hg38,9637774,4368895,45.330955052484114,78.44999999999999,3.7,4.3,4368895,2820692,4818887,3650136,75.7,884092,284659,80.6,3.1,3.8,101403516,4818887,718759,14.9,4053212,46916,76.3,4.3,4.8,21835901,3650136,3650136,2784525,0,2784525,0,718759,718759,36167,0,36167,0,05.align/SRR6911658_1.clean_bismark_bt2.bam,100.0,100.0,76.2855,0.0,100.0,0.0,0,0.0,0,0.0,05.align/SRR6911658_2.clean_bismark_bt2.bam,100.0,100.0,5.0319,0.0,100.0,0.0,0,0.0,0,0.0,764411,1.0385,1.4065,2.157,85.9445
SRR6911659,hg38,13363188,6223960,46.575412992767895,76.1,2.4,2.6,6223959,3934490,6681594,5019563,75.1,1257789,404242,77.9,1.9,2.2,138274390,6681594,1204397,18.0,5395905,81292,74.3,2.9,3.0,36311039,5019562,5019562,3878111,0,3878111,0,1204397,1204397,56379,0,56379,0,05.align/SRR6911659_1.clean_bismark_bt2.bam,100.0,100.0,77.2599,0.0,100.0,0.0,0,0.0,0,0.0,05.align/SRR6911659_2.clean_bismark_bt2.bam,100.0,100.0,4.6811,0.0,100.0,0.0,0,0.0,0,0.0,935734,1.5975,2.9255,1.6925,79.3945
SRR6911660,hg38,11514068,5552779,48.22603965861588,77.25,4.1,4.9,5552779,3321670,5757034,4348209,75.5,1065669,343156,79.3,3.6,4.5,120842663,5757034,1204570,20.9,4473490,78974,75.2,4.6,5.3,36419385,4348209,4348209,3263413,0,3263413,0,1204570,1204570,58257,0,58257,0,05.align/SRR6911660_1.clean_bismark_bt2.bam,100.0,100.0,75.0519,0.0,100.0,0.0,0,0.0,0,0.0,05.align/SRR6911660_2.clean_bismark_bt2.bam,100.0,100.0,4.8363,0.0,100.0,0.0,0,0.0,0,0.0,911398,8.062999999999999,5.3345,3.3,86.3375
SRR6911661,hg38,24447996,10802433,44.185351633729,75.6,2.05,2.35,10802430,6348912,12223998,9104143,74.5,2368864,750991,77.8,1.5,1.9,245738748,12223998,1698290,13.9,10411003,114705,73.4,2.6,2.8,51019803,9104140,9104140,6273364,0,6273364,0,1698290,1698290,75548,0,75548,0,05.align/SRR6911661_1.clean_bismark_bt2.bam,100.0,100.0,68.9067,0.0,100.0,0.0,0,0.0,0,0.0,05.align/SRR6911661_2.clean_bismark_bt2.bam,100.0,100.0,4.4485,0.0,100.0,0.0,0,0.0,0,0.0,1816075,1.4485,1.4475,0.916,82.30600000000001
SRR6911662,hg38,5936674,2550930,42.96900924659161,74.85,2.45,2.8,2550929,1518663,2968337,2187262,73.7,611402,169673,77.3,1.9,2.3,59565302,2968337,363668,12.3,2581215,23454,72.4,3.0,3.3,10902340,2187261,2187261,1502948,0,1502948,0,363668,363668,15715,0,15715,0,05.align/SRR6911662_1.clean_bismark_bt2.bam,100.0,100.0,68.7137,0.0,100.0,0.0,0,0.0,0,0.0,05.align/SRR6911662_2.clean_bismark_bt2.bam,100.0,100.0,4.3212,0.0,100.0,0.0,0,0.0,0,0.0,503425,2.857,4.348,1.1715,75.9905
SRR6911663,hg38,8322512,3346186,40.20644247794416,80.4,6.25,7.25,3346185,1988572,4161256,2854067,68.6,1077851,229338,82.9,6.1,7.1,76518599,4161256,492119,11.8,3635619,33518,77.9,6.4,7.4,14633085,2854066,2854066,1967202,0,1967202,0,492119,492119,21370,0,21370,0,05.align/SRR6911663_1.clean_bismark_bt2.bam,100.0,100.0,68.9263,0.0,100.0,0.0,0,0.0,0,0.0,05.align/SRR6911663_2.clean_bismark_bt2.bam,100.0,100.0,4.3424,0.0,100.0,0.0,0,0.0,0,0.0,536799,2.12,4.127,3.119,89.661
SRR6911664,hg38,9032848,4217675,46.69263780371373,81.1,5.65,6.550000000000001,4217673,2431448,4516424,3331928,73.8,928913,255583,83.5,5.4,6.4,90423242,4516424,885747,19.6,3574007,56670,78.7,5.9,6.7,26267241,3331926,3331926,2393115,0,2393115,0,885747,885747,38333,0,38333,0,05.align/SRR6911664_1.clean_bismark_bt2.bam,100.0,100.0,71.8238,0.0,100.0,0.0,0,0.0,0,0.0,05.align/SRR6911664_2.clean_bismark_bt2.bam,100.0,100.0,4.3278,0.0,100.0,0.0,0,0.0,0,0.0,599949,4.5835,1.584,3.1975,88.1995
SRR6911665,hg38,5066154,2289454,45.19116473758989,73.85,3.45,4.15,2289454,1291550,2533077,1790711,70.7,603688,138678,76.4,3.0,3.8,49248958,2533077,498743,19.7,2001968,32366,71.3,3.9,4.5,14935189,1790711,1790711,1268817,0,1268817,0,498743,498743,22733,0,22733,0,05.align/SRR6911665_1.clean_bismark_bt2.bam,100.0,100.0,70.8555,0.0,100.0,0.0,0,0.0,0,0.0,05.align/SRR6911665_2.clean_bismark_bt2.bam,100.0,100.0,4.5581,0.0,100.0,0.0,0,0.0,0,0.0,441425,10.6735,18.095,2.0745,82.95849999999999
SRR6911666,hg38,6516852,2883462,44.24624036267817,75.94999999999999,4.4,5.300000000000001,2883462,1606826,3258426,2339815,71.8,733779,184832,78.3,3.9,4.9,63761121,3258426,543647,16.7,2678168,36611,73.6,4.9,5.7,16202943,2339815,2339815,1583083,0,1583083,0,543647,543647,23743,0,23743,0,05.align/SRR6911666_1.clean_bismark_bt2.bam,100.0,100.0,67.6585,0.0,100.0,0.0,0,0.0,0,0.0,05.align/SRR6911666_2.clean_bismark_bt2.bam,100.0,100.0,4.3674,0.0,100.0,0.0,0,0.0,0,0.0,494715,4.8115,16.19,3.1630000000000003,81.90350000000001
SRR6911667,hg38,10158780,4318188,42.50695457525411,74.4,1.95,2.1,4318180,2524594,5079390,3534988,69.6,1260603,283799,76.5,1.5,1.7,96594837,5079390,783200,15.4,4245421,50769,72.3,2.4,2.5,23351134,3534980,3534980,2491187,0,2491187,0,783200,783200,33407,0,33407,0,05.align/SRR6911667_1.clean_bismark_bt2.bam,100.0,100.0,70.4724,0.0,100.0,0.0,0,0.0,0,0.0,05.align/SRR6911667_2.clean_bismark_bt2.bam,100.0,100.0,4.2654,0.0,100.0,0.0,0,0.0,0,0.0,649573,2.821,2.399,1.0455,82.071
SRR6911668,hg38,9706224,4661704,48.02798699061551,77.95,3.25,3.85,4661704,2663077,4853112,3679881,75.8,888691,284540,80.0,2.8,3.5,101268879,4853112,981823,20.2,3809701,61588,75.9,3.7,4.2,29304772,3679881,3679881,2617302,0,2617302,0,981823,981823,45775,0,45775,0,05.align/SRR6911668_1.clean_bismark_bt2.bam,100.0,100.0,71.1246,0.0,100.0,0.0,0,0.0,0,0.0,05.align/SRR6911668_2.clean_bismark_bt2.bam,100.0,100.0,4.6622,0.0,100.0,0.0,0,0.0,0,0.0,654922,2.222,2.0835,2.8195,84.6645
SRR6911669,hg38,13340916,6334884,47.48462549348186,75.19999999999999,4.85,5.7,6334854,3669683,6670458,4972374,74.5,1295527,402557,77.8,4.5,5.4,135588068,6670458,1362510,20.4,5219352,88596,72.6,5.2,6.0,40618628,4972353,4972353,3606223,0,3606223,0,1362501,1362501,63460,0,63460,0,05.align/SRR6911669_1.clean_bismark_bt2.bam,100.0,100.0,72.5255,0.0,100.0,0.0,0,0.0,0,0.0,05.align/SRR6911669_2.clean_bismark_bt2.bam,100.0,100.0,4.6576,0.0,100.0,0.0,0,0.0,0,0.0,820562,2.5245,0.525,2.9005,83.2315
SRR6911670,hg38,19551822,7957036,40.69715855637393,76.95,5.15,6.0,7957036,4592544,9775911,6437339,65.8,2816407,522165,79.2,4.8,5.7,176036464,9775911,1519697,15.5,8156444,99770,74.7,5.5,6.3,45265087,6437339,6437339,4522422,0,4522422,0,1519697,1519697,70122,0,70122,0,05.align/SRR6911670_1.clean_bismark_bt2.bam,100.0,100.0,70.253,0.0,100.0,0.0,0,0.0,0,0.0,05.align/SRR6911670_2.clean_bismark_bt2.bam,100.0,100.0,4.6142,0.0,100.0,0.0,0,0.0,0,0.0,842667,4.4795,3.3815,3.232,81.761
SRR6911671,hg38,15830508,7261344,45.869305015353895,68.30000000000001,1.1,1.0,7261341,4181266,7915254,5755378,72.7,1674427,485449,70.2,0.6,0.6,156695214,7915254,1505966,19.0,6306651,102637,66.4,1.6,1.4,44912021,5755376,5755376,4108245,0,4108245,0,1505965,1505965,73021,0,73021,0,05.align/SRR6911671_1.clean_bismark_bt2.bam,100.0,100.0,71.381,0.0,100.0,0.0,0,0.0,0,0.0,05.align/SRR6911671_2.clean_bismark_bt2.bam,100.0,100.0,4.8488,0.0,100.0,0.0,0,0.0,0,0.0,820257,0.235,0.8085,0.383,72.587
SRR6911672,hg38,7071800,3225781,45.61470912638932,75.30000000000001,2.1,2.3,3225777,1885244,3535900,2609181,73.8,724241,202478,77.4,1.6,1.9,71789367,3535900,616600,17.4,2879556,39744,73.2,2.6,2.7,18516624,2609181,2609181,1859367,0,1859367,0,616596,616596,25877,0,25877,0,05.align/SRR6911672_1.clean_bismark_bt2.bam,100.0,100.0,71.2625,0.0,100.0,0.0,0,0.0,0,0.0,05.align/SRR6911672_2.clean_bismark_bt2.bam,100.0,100.0,4.1968,0.0,100.0,0.0,0,0.0,0,0.0,486724,4.378,11.628,0.6395,79.7605
SRR6911673,hg38,10686664,4844262,45.329973881465726,79.25,4.449999999999999,5.2,4844256,2829959,5343332,3876825,72.6,1141032,325475,81.8,4.1,5.0,105007517,5343332,967437,18.1,4310257,65638,76.7,4.8,5.4,28831631,3876823,3876823,2789407,0,2789407,0,967433,967433,40552,0,40552,0,05.align/SRR6911673_1.clean_bismark_bt2.bam,100.0,100.0,71.9508,0.0,100.0,0.0,0,0.0,0,0.0,05.align/SRR6911673_2.clean_bismark_bt2.bam,100.0,100.0,4.1917,0.0,100.0,0.0,0,0.0,0,0.0,652653,1.1725,1.007,2.507,85.95750000000001
SRR6911674,hg38,1830600,790837,43.20097235878947,69.35,1.25,1.45,790837,494704,915300,676220,73.9,186239,52841,75.5,0.9,1.0,18340387,915300,114617,12.5,793119,7564,63.2,1.6,1.9,3340148,676220,676220,489362,0,489362,0,114617,114617,5342,0,5342,0,05.align/SRR6911674_1.clean_bismark_bt2.bam,100.0,100.0,72.3673,0.0,100.0,0.0,0,0.0,0,0.0,05.align/SRR6911674_2.clean_bismark_bt2.bam,100.0,100.0,4.6607,0.0,100.0,0.0,0,0.0,0,0.0,212192,0.0,0.0,0.2605,70.3095
SRR6911675,hg38,3447658,1426999,41.39038732960172,72.95,2.8,3.2,1426999,889843,1723829,1235942,71.7,391522,96365,78.9,2.6,3.0,33399375,1723829,191057,11.1,1519999,12773,67.0,3.0,3.4,5539462,1235942,1235942,881934,0,881934,0,191057,191057,7909,0,7909,0,05.align/SRR6911675_1.clean_bismark_bt2.bam,100.0,100.0,71.3572,0.0,100.0,0.0,0,0.0,0,0.0,05.align/SRR6911675_2.clean_bismark_bt2.bam,100.0,100.0,4.1396,0.0,100.0,0.0,0,0.0,0,0.0,383629,1.351,0.0,1.3725,79.82849999999999
SRR6911676,hg38,3249048,1282375,39.46925376294841,69.9,2.75,3.5,1282375,803928,1624524,1099940,67.7,433469,91115,76.0,2.5,3.3,29552437,1624524,182435,11.2,1429197,12892,63.8,3.0,3.7,5343032,1099940,1099940,796675,0,796675,0,182435,182435,7253,0,7253,0,05.align/SRR6911676_1.clean_bismark_bt2.bam,100.0,100.0,72.429,0.0,100.0,0.0,0,0.0,0,0.0,05.align/SRR6911676_2.clean_bismark_bt2.bam,100.0,100.0,3.9757,0.0,100.0,0.0,0,0.0,0,0.0,332239,1.823,0.357,1.5825,68.699
SRR6911677,hg38,3053948,1264761,41.41396644605606,74.3,3.55,4.4,1264761,803718,1526974,1076784,70.5,359025,91165,80.8,3.4,4.3,29433414,1526974,187977,12.3,1325147,13850,67.8,3.7,4.5,5552363,1076784,1076784,795443,0,795443,0,187977,187977,8275,0,8275,0,05.align/SRR6911677_1.clean_bismark_bt2.bam,100.0,100.0,73.8721,0.0,100.0,0.0,0,0.0,0,0.0,05.align/SRR6911677_2.clean_bismark_bt2.bam,100.0,100.0,4.4021,0.0,100.0,0.0,0,0.0,0,0.0,345082,12.963,15.385,1.6125,89.424
SRR6911678,hg38,3965692,1688587,42.57988265351924,70.2,3.6,4.5,1688584,1070373,1982846,1423861,71.8,440631,118354,76.8,3.5,4.5,38911283,1982846,264726,13.4,1699851,18269,63.6,3.7,4.5,7775706,1423859,1423859,1059709,0,1059709,0,264725,264725,10664,0,10664,0,05.align/SRR6911678_1.clean_bismark_bt2.bam,100.0,100.0,74.4251,0.0,100.0,0.0,0,0.0,0,0.0,05.align/SRR6911678_2.clean_bismark_bt2.bam,100.0,100.0,4.0283,0.0,100.0,0.0,0,0.0,0,0.0,419703,2.5065,0.428,2.8985000000000003,76.686
SRR6911679,hg38,4938436,2172679,43.99528514695746,71.7,3.8,4.7,2172677,1363489,2469218,1857118,75.2,463770,148330,78.4,3.7,4.7,50514328,2469218,315561,12.8,2131996,21661,65.0,3.9,4.7,9097585,1857116,1857116,1350104,0,1350104,0,315561,315561,13385,0,13385,0,05.align/SRR6911679_1.clean_bismark_bt2.bam,100.0,100.0,72.699,0.0,100.0,0.0,0,0.0,0,0.0,05.align/SRR6911679_2.clean_bismark_bt2.bam,100.0,100.0,4.2417,0.0,100.0,0.0,0,0.0,0,0.0,473804,1.57,2.404,2.396,80.7695
SRR6911680,hg38,8393748,3723977,44.36608056377199,72.15,4.1,5.0,3723975,2364299,4196874,3193533,76.1,748056,255285,79.1,4.0,5.0,86911699,4196874,530444,12.6,3630032,36398,65.2,4.2,5.0,15327160,3193531,3193531,2342769,0,2342769,0,530444,530444,21530,0,21530,0,05.align/SRR6911680_1.clean_bismark_bt2.bam,100.0,100.0,73.3598,0.0,100.0,0.0,0,0.0,0,0.0,05.align/SRR6911680_2.clean_bismark_bt2.bam,100.0,100.0,4.0589,0.0,100.0,0.0,0,0.0,0,0.0,684207,1.6495,0.862,3.085,81.94200000000001
SRR6911681,hg38,6552254,2945949,44.96084858737161,71.0,2.95,3.8,2945947,1835299,3276127,2428170,74.1,634706,213251,77.4,2.8,3.7,65840148,3276127,517779,15.8,2721998,36350,64.6,3.1,3.9,15181063,2428168,2428168,1812661,0,1812661,0,517779,517779,22638,0,22638,0,05.align/SRR6911681_1.clean_bismark_bt2.bam,100.0,100.0,74.6514,0.0,100.0,0.0,0,0.0,0,0.0,05.align/SRR6911681_2.clean_bismark_bt2.bam,100.0,100.0,4.3721,0.0,100.0,0.0,0,0.0,0,0.0,627124,0.874,0.0,2.059,80.72800000000001
SRR6911682,hg38,7015742,3029944,43.18779111318518,71.0,3.75,4.6,3029941,1897422,3507871,2588525,73.8,714314,205032,77.9,3.7,4.6,70582115,3507871,441419,12.6,3035756,30696,64.1,3.8,4.6,12751185,2588523,2588523,1879166,0,1879166,0,441418,441418,18256,0,18256,0,05.align/SRR6911682_1.clean_bismark_bt2.bam,100.0,100.0,72.5961,0.0,100.0,0.0,0,0.0,0,0.0,05.align/SRR6911682_2.clean_bismark_bt2.bam,100.0,100.0,4.1358,0.0,100.0,0.0,0,0.0,0,0.0,616021,7.96,5.0105,2.1855,81.172
SRR6911683,hg38,7286370,3274592,44.94133567194638,70.1,2.65,3.35,3274592,2031164,3643185,2702233,74.2,703856,237096,76.5,2.4,3.2,73335476,3643185,572359,15.7,3030604,40222,63.7,2.9,3.5,16789499,2702233,2702233,2005552,0,2005552,0,572359,572359,25612,0,25612,0,05.align/SRR6911683_1.clean_bismark_bt2.bam,100.0,100.0,74.2183,0.0,100.0,0.0,0,0.0,0,0.0,05.align/SRR6911683_2.clean_bismark_bt2.bam,100.0,100.0,4.4748,0.0,100.0,0.0,0,0.0,0,0.0,634414,2.8445,4.833,1.36,79.18549999999999
SRR6911684,hg38,3519394,1399263,39.75863458311289,71.7,3.3,4.15,1399263,835487,1759697,1190162,67.6,466226,103309,78.2,3.2,4.1,31838811,1759697,209101,11.9,1535130,15466,65.2,3.4,4.2,6039849,1190162,1190162,827447,0,827447,0,209101,209101,8040,0,8040,0,05.align/SRR6911684_1.clean_bismark_bt2.bam,100.0,100.0,69.5239,0.0,100.0,0.0,0,0.0,0,0.0,05.align/SRR6911684_2.clean_bismark_bt2.bam,100.0,100.0,3.845,0.0,100.0,0.0,0,0.0,0,0.0,320679,1.6875,4.242,1.2175,77.622
SRR6911685,hg38,5288408,2225590,42.08430968261148,71.65,3.7,4.55,2225590,1349238,2644204,1908029,72.2,575804,160371,78.2,3.6,4.5,50649532,2644204,317561,12.0,2304315,22328,65.1,3.8,4.6,9109962,1908029,1908029,1335596,0,1335596,0,317561,317561,13642,0,13642,0,05.align/SRR6911685_1.clean_bismark_bt2.bam,100.0,100.0,69.9987,0.0,100.0,0.0,0,0.0,0,0.0,05.align/SRR6911685_2.clean_bismark_bt2.bam,100.0,100.0,4.2959,0.0,100.0,0.0,0,0.0,0,0.0,475783,1.8595,0.0,2.358,74.61149999999999
SRR6911686,hg38,5344518,2109482,39.47001394700139,72.45,5.25,6.4,2109482,1317696,2672259,1805589,67.6,723851,142819,79.5,6.0,7.0,49174695,2672259,303893,11.4,2347355,21011,65.4,4.5,5.8,8822833,1805589,1805589,1304846,0,1304846,0,303893,303893,12850,0,12850,0,05.align/SRR6911686_1.clean_bismark_bt2.bam,100.0,100.0,72.2671,0.0,100.0,0.0,0,0.0,0,0.0,05.align/SRR6911686_2.clean_bismark_bt2.bam,100.0,100.0,4.2285,0.0,100.0,0.0,0,0.0,0,0.0,475615,1.95,1.6045,2.057,79.40700000000001
SRR6911687,hg38,3792518,1650671,43.52440779450487,71.2,3.85,4.7,1650671,1022073,1896259,1399701,73.8,384712,111846,77.9,3.8,4.7,38183265,1896259,250970,13.2,1627989,17300,64.5,3.9,4.7,7305663,1399701,1399701,1011005,0,1011005,0,250970,250970,11068,0,11068,0,05.align/SRR6911687_1.clean_bismark_bt2.bam,100.0,100.0,72.2301,0.0,100.0,0.0,0,0.0,0,0.0,05.align/SRR6911687_2.clean_bismark_bt2.bam,100.0,100.0,4.4101,0.0,100.0,0.0,0,0.0,0,0.0,392377,2.812,0.0,2.587,74.083
SRR6911688,hg38,5950010,2614606,43.9428841296065,71.4,1.8,2.05,2614606,1622178,2975005,2239639,75.3,559131,176235,77.8,1.5,1.7,60854583,2975005,374967,12.6,2575068,24970,65.0,2.1,2.4,10890411,2239639,2239639,1606263,0,1606263,0,374967,374967,15915,0,15915,0,05.align/SRR6911688_1.clean_bismark_bt2.bam,100.0,100.0,71.7197,0.0,100.0,0.0,0,0.0,0,0.0,05.align/SRR6911688_2.clean_bismark_bt2.bam,100.0,100.0,4.2444,0.0,100.0,0.0,0,0.0,0,0.0,540394,6.476,5.0,0.9805,78.2195
SRR6911689,hg38,6048492,2592719,42.86554400667141,74.85,4.800000000000001,5.699999999999999,2592715,1626217,3024246,2188329,72.4,658760,177157,81.4,4.9,5.8,59616101,3024246,404390,13.4,2591209,28647,68.3,4.7,5.6,11824650,2188327,2188327,1610514,0,1610514,0,404388,404388,15703,0,15703,0,05.align/SRR6911689_1.clean_bismark_bt2.bam,100.0,100.0,73.5957,0.0,100.0,0.0,0,0.0,0,0.0,05.align/SRR6911689_2.clean_bismark_bt2.bam,100.0,100.0,3.8832,0.0,100.0,0.0,0,0.0,0,0.0,524143,0.937,2.314,3.427,82.7685
SRR6911690,hg38,8203320,4429900,54.0013067879834,78.6,8.05,8.9,4429897,2629339,4101660,3218239,78.5,626810,256611,80.0,7.6,8.5,89626889,4101660,1211661,29.5,2810328,79671,77.2,8.5,9.3,36108779,3218236,3218236,2568910,0,2568910,0,1211661,1211661,60429,0,60429,0,05.align/SRR6911690_1.clean_bismark_bt2.bam,100.0,100.0,79.8235,0.0,100.0,0.0,0,0.0,0,0.0,05.align/SRR6911690_2.clean_bismark_bt2.bam,100.0,100.0,4.9873,0.0,100.0,0.0,0,0.0,0,0.0,655294,0.8315,4.1275,6.38,87.8535
SRR6911691,hg38,6342602,3485425,54.9526046250419,79.0,5.6,6.55,3485424,2040484,3171301,2503712,78.9,485677,181912,80.0,5.1,6.1,70296326,3171301,981713,31.0,2130426,59162,78.0,6.1,7.0,29307998,2503711,2503711,1988816,0,1988816,0,981713,981713,51668,0,51668,0,05.align/SRR6911691_1.clean_bismark_bt2.bam,100.0,100.0,79.4347,0.0,100.0,0.0,0,0.0,0,0.0,05.align/SRR6911691_2.clean_bismark_bt2.bam,100.0,100.0,5.263,0.0,100.0,0.0,0,0.0,0,0.0,611186,2.095,1.9445,3.981,86.20349999999999
SRR6911692,hg38,7867862,4299239,54.64304025667964,79.6,2.6,3.15,4299239,2527913,3933931,3088636,78.5,601015,244280,80.6,2.2,2.8,85713605,3933931,1210603,30.8,2644521,78807,78.6,3.0,3.5,35897534,3088636,3088636,2464107,0,2464107,0,1210603,1210603,63806,0,63806,0,05.align/SRR6911692_1.clean_bismark_bt2.bam,100.0,100.0,79.7798,0.0,100.0,0.0,0,0.0,0,0.0,05.align/SRR6911692_2.clean_bismark_bt2.bam,100.0,100.0,5.2706,0.0,100.0,0.0,0,0.0,0,0.0,692213,0.6025,11.538,1.295,84.816
SRR6911693,hg38,11669856,6380033,54.67105163936898,81.4,9.5,10.3,6380016,3712582,5834928,4584460,78.6,870175,380293,82.6,9.0,9.9,125581094,5834928,1795573,30.8,3917562,121793,80.2,10.0,10.7,52866227,4584450,4584450,3614405,0,3614405,0,1795566,1795566,98177,0,98177,0,05.align/SRR6911693_1.clean_bismark_bt2.bam,100.0,100.0,78.8405,0.0,100.0,0.0,0,0.0,0,0.0,05.align/SRR6911693_2.clean_bismark_bt2.bam,100.0,100.0,5.4677,0.0,100.0,0.0,0,0.0,0,0.0,706411,2.4005,2.5225,7.8505,90.0895
SRR6911694,hg38,7601288,4175268,54.92842791905793,77.25,1.6,1.7,4175268,2463252,3800644,3031738,79.8,539990,228916,78.2,1.2,1.4,84664871,3800644,1143530,30.1,2584931,72183,76.3,2.0,2.0,33889101,3031738,3031738,2404184,0,2404184,0,1143530,1143530,59068,0,59068,0,05.align/SRR6911694_1.clean_bismark_bt2.bam,100.0,100.0,79.3005,0.0,100.0,0.0,0,0.0,0,0.0,05.align/SRR6911694_2.clean_bismark_bt2.bam,100.0,100.0,5.1654,0.0,100.0,0.0,0,0.0,0,0.0,547085,0.0,0.0,0.61,81.22200000000001
SRR6911695,hg38,7715874,4249602,55.07609377758113,80.80000000000001,3.9,4.699999999999999,4249601,2496771,3857937,3078249,79.8,545165,234523,81.9,3.5,4.3,85966567,3857937,1171353,30.4,2612351,74233,79.7,4.3,5.1,34880650,3078249,3078249,2437195,0,2437195,0,1171352,1171352,59576,0,59576,0,05.align/SRR6911695_1.clean_bismark_bt2.bam,100.0,100.0,79.1747,0.0,100.0,0.0,0,0.0,0,0.0,05.align/SRR6911695_2.clean_bismark_bt2.bam,100.0,100.0,5.0861,0.0,100.0,0.0,0,0.0,0,0.0,614113,7.7585,2.778,2.5275,88.1375
SRR6911696,hg38,9439288,5171967,54.79191862776091,79.55000000000001,3.75,4.5,5171966,3027349,4719644,3738991,79.2,697975,282678,80.7,3.3,4.1,104286267,4719644,1432976,30.4,3195218,91450,78.4,4.2,4.9,42559359,3738991,3738991,2953181,0,2953181,0,1432975,1432975,74168,0,74168,0,05.align/SRR6911696_1.clean_bismark_bt2.bam,100.0,100.0,78.9834,0.0,100.0,0.0,0,0.0,0,0.0,05.align/SRR6911696_2.clean_bismark_bt2.bam,100.0,100.0,5.1758,0.0,100.0,0.0,0,0.0,0,0.0,712233,2.025,4.514,2.648,87.988
SRR6911697,hg38,12363636,6845287,55.366293540185104,81.05000000000001,9.1,10.8,6845286,3994053,6181818,4907054,79.4,904365,370399,82.2,8.4,9.7,136128442,6181818,1938233,31.4,4120671,122914,79.9,9.8,11.9,57724047,4907054,4907054,3889288,0,3889288,0,1938232,1938232,104765,0,104765,0,05.align/SRR6911697_1.clean_bismark_bt2.bam,100.0,100.0,79.2591,0.0,100.0,0.0,0,0.0,0,0.0,05.align/SRR6911697_2.clean_bismark_bt2.bam,100.0,100.0,5.4052,0.0,100.0,0.0,0,0.0,0,0.0,670103,2.6655,2.153,3.714,88.0215
SRR6911698,hg38,8263376,4510193,54.580512855762585,69.05000000000001,1.0499999999999998,1.0,4510189,2640840,4131688,3208133,77.6,671714,251841,69.7,0.7,0.7,88852869,4131688,1302060,31.5,2744397,85231,68.4,1.4,1.3,38559245,3208133,3208133,2568010,0,2568010,0,1302056,1302056,72830,0,72830,0,05.align/SRR6911698_1.clean_bismark_bt2.bam,100.0,100.0,80.0469,0.0,100.0,0.0,0,0.0,0,0.0,05.align/SRR6911698_2.clean_bismark_bt2.bam,100.0,100.0,5.5935,0.0,100.0,0.0,0,0.0,0,0.0,512043,1.0565,0.47,0.356,75.793
SRR6911699,hg38,11383056,6115449,53.7241405120031,80.65,3.1500000000000004,3.7,6115448,3605113,5691528,4386133,77.1,950673,354722,81.7,2.7,3.4,120783993,5691528,1729316,30.4,3847079,115133,79.6,3.6,4.0,50887271,4386132,4386132,3513384,0,3513384,0,1729316,1729316,91729,0,91729,0,05.align/SRR6911699_1.clean_bismark_bt2.bam,100.0,100.0,80.1021,0.0,100.0,0.0,0,0.0,0,0.0,05.align/SRR6911699_2.clean_bismark_bt2.bam,100.0,100.0,5.3044,0.0,100.0,0.0,0,0.0,0,0.0,764775,7.1085,1.6035,2.174,87.6515
SRR6911700,hg38,5178564,2368149,45.72983939176961,84.1,6.949999999999999,7.9,2368149,1282863,2589282,1860762,71.9,573200,155320,85.2,6.6,7.5,49816195,2589282,507387,19.6,2045815,36080,83.0,7.3,8.3,14573485,1860762,1860762,1257685,0,1257685,0,507387,507387,25178,0,25178,0,05.align/SRR6911700_1.clean_bismark_bt2.bam,100.0,100.0,67.5898,0.0,100.0,0.0,0,0.0,0,0.0,05.align/SRR6911700_2.clean_bismark_bt2.bam,100.0,100.0,4.9623,0.0,100.0,0.0,0,0.0,0,0.0,483735,0.0,0.0,4.299,91.5905
SRR6911701,hg38,4471828,2134239,47.72632131647281,83.7,4.5,5.25,2134239,1165974,2235914,1621155,72.5,474529,140230,84.9,4.1,5.0,43470634,2235914,513084,22.9,1685331,37499,82.5,4.9,5.5,14817434,1621155,1621155,1139465,0,1139465,0,513084,513084,26509,0,26509,0,05.align/SRR6911701_1.clean_bismark_bt2.bam,100.0,100.0,70.2872,0.0,100.0,0.0,0,0.0,0,0.0,05.align/SRR6911701_2.clean_bismark_bt2.bam,100.0,100.0,5.1666,0.0,100.0,0.0,0,0.0,0,0.0,470386,0.635,0.0,2.972,88.437
SRR6911702,hg38,5308606,2377661,44.78880142922642,80.25,1.25,1.05,2377658,1256277,2654303,1842660,69.4,661883,149760,81.3,0.9,0.8,48896166,2654303,535001,20.2,2082848,36454,79.2,1.6,1.3,15245742,1842657,1842657,1231749,0,1231749,0,535001,535001,24528,0,24528,0,05.align/SRR6911702_1.clean_bismark_bt2.bam,100.0,100.0,66.8464,0.0,100.0,0.0,0,0.0,0,0.0,05.align/SRR6911702_2.clean_bismark_bt2.bam,100.0,100.0,4.5847,0.0,100.0,0.0,0,0.0,0,0.0,482252,1.031,2.778,0.4579999999999999,82.7635
SRR6911703,hg38,6301546,2964018,47.03636218794563,83.65,5.199999999999999,5.9,2964017,1643835,3150773,2284603,72.5,669992,196178,84.9,4.8,5.6,61388258,3150773,679415,21.6,2422171,49187,82.4,5.6,6.2,19630288,2284602,2284602,1610462,0,1610462,0,679415,679415,33373,0,33373,0,05.align/SRR6911703_1.clean_bismark_bt2.bam,100.0,100.0,70.492,0.0,100.0,0.0,0,0.0,0,0.0,05.align/SRR6911703_2.clean_bismark_bt2.bam,100.0,100.0,4.912,0.0,100.0,0.0,0,0.0,0,0.0,597249,2.907,0.0,3.1325000000000003,88.43549999999999
SRR6911704,hg38,6837140,3229801,47.23906487215415,84.1,5.5,6.25,3229801,1742764,3418570,2520575,73.7,689214,208781,85.3,5.1,6.0,67126650,3418570,709226,20.7,2660136,49208,82.9,5.9,6.5,20402519,2520575,2520575,1712054,0,1712054,0,709226,709226,30710,0,30710,0,05.align/SRR6911704_1.clean_bismark_bt2.bam,100.0,100.0,67.9232,0.0,100.0,0.0,0,0.0,0,0.0,05.align/SRR6911704_2.clean_bismark_bt2.bam,100.0,100.0,4.3301,0.0,100.0,0.0,0,0.0,0,0.0,617916,0.0,0.0,3.149,89.14750000000001
SRR6911705,hg38,5099870,2416764,47.38873735997192,81.6,5.0,5.85,2416764,1291706,2549935,1878665,73.7,517246,154024,82.8,4.6,5.5,49948777,2549935,538099,21.1,1974431,37405,80.4,5.4,6.2,15472836,1878665,1878665,1266460,0,1266460,0,538099,538099,25246,0,25246,0,05.align/SRR6911705_1.clean_bismark_bt2.bam,100.0,100.0,67.4128,0.0,100.0,0.0,0,0.0,0,0.0,05.align/SRR6911705_2.clean_bismark_bt2.bam,100.0,100.0,4.6917,0.0,100.0,0.0,0,0.0,0,0.0,502312,0.0,0.0,2.685,84.9675
SRR6911706,hg38,6346916,3014633,47.49760356053239,83.3,4.15,4.7,3014631,1674143,3173458,2321437,73.2,653091,198930,84.6,3.7,4.4,62288515,3173458,693196,21.8,2429907,50355,82.0,4.6,5.0,19983525,2321435,2321435,1639076,0,1639076,0,693196,693196,35067,0,35067,0,05.align/SRR6911706_1.clean_bismark_bt2.bam,100.0,100.0,70.6062,0.0,100.0,0.0,0,0.0,0,0.0,05.align/SRR6911706_2.clean_bismark_bt2.bam,100.0,100.0,5.0587,0.0,100.0,0.0,0,0.0,0,0.0,634514,0.0,0.0,2.647,88.743
SRR6911707,hg38,4217474,1936144,45.907668903234494,78.8,3.3,3.85,1936144,1057432,2108737,1532477,72.7,448904,127356,79.8,2.8,3.5,40767782,2108737,403667,19.1,1676842,28228,77.8,3.8,4.2,11636057,1532477,1532477,1037135,0,1037135,0,403667,403667,20297,0,20297,0,05.align/SRR6911707_1.clean_bismark_bt2.bam,100.0,100.0,67.677,0.0,100.0,0.0,0,0.0,0,0.0,05.align/SRR6911707_2.clean_bismark_bt2.bam,100.0,100.0,5.0282,0.0,100.0,0.0,0,0.0,0,0.0,443665,0.0,0.0,2.209,83.2345
SRR6911708,hg38,5618472,2645707,47.089439975851086,83.80000000000001,4.949999999999999,5.6,2645705,1446048,2809236,2035609,72.5,599586,174041,84.9,4.6,5.4,54289635,2809236,610098,21.7,2155730,43408,82.7,5.3,5.8,17531033,2035607,2035607,1416210,0,1416210,0,610098,610098,29838,0,29838,0,05.align/SRR6911708_1.clean_bismark_bt2.bam,100.0,100.0,69.5719,0.0,100.0,0.0,0,0.0,0,0.0,05.align/SRR6911708_2.clean_bismark_bt2.bam,100.0,100.0,4.8907,0.0,100.0,0.0,0,0.0,0,0.0,557976,0.0,0.0,3.536,87.509
SRR6911709,hg38,5551302,2522424,45.4384214730166,82.5,4.800000000000001,5.4,2522424,1363051,2775651,1961744,70.7,648957,164950,83.6,4.4,5.0,52041271,2775651,560680,20.2,2174761,40210,81.4,5.2,5.8,16148179,1961744,1961744,1336627,0,1336627,0,560680,560680,26424,0,26424,0,05.align/SRR6911709_1.clean_bismark_bt2.bam,100.0,100.0,68.1346,0.0,100.0,0.0,0,0.0,0,0.0,05.align/SRR6911709_2.clean_bismark_bt2.bam,100.0,100.0,4.7128,0.0,100.0,0.0,0,0.0,0,0.0,534672,0.615,2.0835,2.5405,88.5615
SRR6911710,hg38,4714490,2212561,46.93107844114634,84.85,8.55,9.75,2212561,1176184,2357245,1707669,72.4,515211,134365,86.0,8.2,9.2,45355320,2357245,504892,21.4,1818723,33630,83.7,8.9,10.3,14482439,1707669,1707669,1151643,0,1151643,0,504892,504892,24541,0,24541,0,05.align/SRR6911710_1.clean_bismark_bt2.bam,100.0,100.0,67.4395,0.0,100.0,0.0,0,0.0,0,0.0,05.align/SRR6911710_2.clean_bismark_bt2.bam,100.0,100.0,4.8606,0.0,100.0,0.0,0,0.0,0,0.0,437027,2.321,1.852,3.5460000000000003,90.05
SRR6911711,hg38,5199724,2449178,47.1020769563923,85.15,5.35,6.05,2449178,1309672,2599862,1903384,73.2,540152,156326,86.3,5.0,5.8,50503058,2599862,545794,21.0,2016230,37838,84.0,5.7,6.3,15668432,1903384,1903384,1285956,0,1285956,0,545794,545794,23716,0,23716,0,05.align/SRR6911711_1.clean_bismark_bt2.bam,100.0,100.0,67.5616,0.0,100.0,0.0,0,0.0,0,0.0,05.align/SRR6911711_2.clean_bismark_bt2.bam,100.0,100.0,4.3452,0.0,100.0,0.0,0,0.0,0,0.0,498737,0.0,5.0,3.494,89.7765
SRR6911712,hg38,3821618,1791391,46.87519788738697,80.19999999999999,3.55,4.2,1791391,988534,1910809,1397119,73.1,395814,117876,81.3,3.1,3.9,37438070,1910809,394272,20.6,1488709,27828,79.1,4.0,4.5,11350304,1397119,1397119,970048,0,970048,0,394272,394272,18486,0,18486,0,05.align/SRR6911712_1.clean_bismark_bt2.bam,100.0,100.0,69.432,0.0,100.0,0.0,0,0.0,0,0.0,05.align/SRR6911712_2.clean_bismark_bt2.bam,100.0,100.0,4.6886,0.0,100.0,0.0,0,0.0,0,0.0,402964,4.902,3.03,1.855,86.09649999999999
SRR6911713,hg38,4399830,2059757,46.81446783171168,79.5,5.4,6.300000000000001,2059757,1095130,2199915,1600607,72.8,465944,133364,80.6,5.0,5.9,42632117,2199915,459150,20.9,1708178,32587,78.4,5.8,6.7,13109103,1600607,1600607,1073539,0,1073539,0,459150,459150,21591,0,21591,0,05.align/SRR6911713_1.clean_bismark_bt2.bam,100.0,100.0,67.0707,0.0,100.0,0.0,0,0.0,0,0.0,05.align/SRR6911713_2.clean_bismark_bt2.bam,100.0,100.0,4.7024,0.0,100.0,0.0,0,0.0,0,0.0,418579,0.633,0.0,2.7685,86.512
SRR6911714,hg38,5274098,2482390,47.06757439850378,81.95,2.4,2.7,2482389,1371719,2637049,1909249,72.4,564937,162863,83.2,2.0,2.4,51141547,2637049,573141,21.7,2022508,41400,80.7,2.8,3.0,16482273,1909248,1909248,1342519,0,1342519,0,573141,573141,29200,0,29200,0,05.align/SRR6911714_1.clean_bismark_bt2.bam,100.0,100.0,70.3166,0.0,100.0,0.0,0,0.0,0,0.0,05.align/SRR6911714_2.clean_bismark_bt2.bam,100.0,100.0,5.0947,0.0,100.0,0.0,0,0.0,0,0.0,513647,1.171,11.293,0.851,85.399
SRR6911715,hg38,4508468,2080946,46.15638837849132,80.75,1.35,1.2,2080946,1133769,2254234,1623662,72.0,494342,136230,81.7,0.9,0.9,43299408,2254234,457284,20.3,1764340,32610,79.8,1.8,1.5,13111490,1623662,1623662,1112028,0,1112028,0,457284,457284,21741,0,21741,0,05.align/SRR6911715_1.clean_bismark_bt2.bam,100.0,100.0,68.4889,0.0,100.0,0.0,0,0.0,0,0.0,05.align/SRR6911715_2.clean_bismark_bt2.bam,100.0,100.0,4.7544,0.0,100.0,0.0,0,0.0,0,0.0,415681,0.0,0.0,0.302,83.00800000000001
SRR6911716,hg38,4803732,2278428,47.43037288508185,78.3,4.5,5.15,2278428,1266097,2401866,1756426,73.1,494664,150776,79.6,4.1,4.9,47083622,2401866,522002,21.7,1841798,38066,77.0,4.9,5.4,15022203,1756426,1756426,1239819,0,1239819,0,522002,522002,26278,0,26278,0,05.align/SRR6911716_1.clean_bismark_bt2.bam,100.0,100.0,70.5876,0.0,100.0,0.0,0,0.0,0,0.0,05.align/SRR6911716_2.clean_bismark_bt2.bam,100.0,100.0,5.0341,0.0,100.0,0.0,0,0.0,0,0.0,482787,0.0,0.0,3.544,83.51750000000001
SRR6911717,hg38,7787170,3928866,50.45306574789044,87.1,44.95,48.8,3928866,2130650,3893585,3035299,78.0,620372,237914,88.0,44.6,46.9,76742319,3893585,893567,22.9,2938404,61614,86.2,45.3,50.7,25560203,3035299,3035299,2079577,0,2079577,0,893567,893567,51073,0,51073,0,05.align/SRR6911717_1.clean_bismark_bt2.bam,100.0,100.0,68.5131,0.0,100.0,0.0,0,0.0,0,0.0,05.align/SRR6911717_2.clean_bismark_bt2.bam,100.0,100.0,5.7156,0.0,100.0,0.0,0,0.0,0,0.0,415458,2.652,6.818,3.2505,85.5445
SRR6911718,hg38,4815094,2281925,47.39107896959021,84.4,5.5,6.2,2281925,1261410,2407547,1777724,73.8,480830,148993,85.4,5.1,5.9,47723500,2407547,504201,20.9,1867719,35627,83.4,5.9,6.5,14546270,1777724,1777724,1234796,0,1234796,0,504201,504201,26614,0,26614,0,05.align/SRR6911718_1.clean_bismark_bt2.bam,100.0,100.0,69.4594,0.0,100.0,0.0,0,0.0,0,0.0,05.align/SRR6911718_2.clean_bismark_bt2.bam,100.0,100.0,5.2785,0.0,100.0,0.0,0,0.0,0,0.0,476002,1.2605,1.4705,4.48,88.157
SRR6911719,hg38,4215534,1975614,46.86509467128008,84.30000000000001,5.15,5.85,1975614,1052113,2107767,1529949,72.6,457372,120446,85.4,4.8,5.6,41008654,2107767,445665,21.1,1632626,29476,83.2,5.5,6.1,12894747,1529949,1529949,1032433,0,1032433,0,445665,445665,19680,0,19680,0,05.align/SRR6911719_1.clean_bismark_bt2.bam,100.0,100.0,67.4815,0.0,100.0,0.0,0,0.0,0,0.0,05.align/SRR6911719_2.clean_bismark_bt2.bam,100.0,100.0,4.4159,0.0,100.0,0.0,0,0.0,0,0.0,410779,0.0,0.0,4.265000000000001,90.076
SRR6911720,hg38,5692518,2601044,45.6923280699332,82.15,5.85,6.7,2601044,1430886,2846259,2054605,72.2,616829,174825,83.5,5.4,6.4,54873617,2846259,546439,19.2,2260507,39313,80.8,6.3,7.0,15810392,2054605,2054605,1406071,0,1406071,0,546439,546439,24815,0,24815,0,05.align/SRR6911720_1.clean_bismark_bt2.bam,100.0,100.0,68.4351,0.0,100.0,0.0,0,0.0,0,0.0,05.align/SRR6911720_2.clean_bismark_bt2.bam,100.0,100.0,4.5412,0.0,100.0,0.0,0,0.0,0,0.0,545758,0.0,0.0,3.98,87.44900000000001
SRR6911721,hg38,4982344,2230557,44.76922910180429,78.75,4.4,5.050000000000001,2230557,1253035,2491172,1757348,70.5,585539,148285,80.1,3.9,4.7,47174063,2491172,473209,19.0,1984472,33491,77.4,4.9,5.4,13685524,1757348,1757348,1231320,0,1231320,0,473209,473209,21715,0,21715,0,05.align/SRR6911721_1.clean_bismark_bt2.bam,100.0,100.0,70.0669,0.0,100.0,0.0,0,0.0,0,0.0,05.align/SRR6911721_2.clean_bismark_bt2.bam,100.0,100.0,4.5889,0.0,100.0,0.0,0,0.0,0,0.0,487320,0.5745,0.0,2.8595,84.669
SRR6911722,hg38,6024372,2775438,46.07016299790252,82.0,3.4,3.8,2775438,1459588,3012186,2173664,72.2,661330,177192,83.0,3.0,3.4,57753539,3012186,601774,20.0,2368685,41727,81.0,3.8,4.2,17186936,2173664,2173664,1431587,0,1431587,0,601774,601774,28001,0,28001,0,05.align/SRR6911722_1.clean_bismark_bt2.bam,100.0,100.0,65.8605,0.0,100.0,0.0,0,0.0,0,0.0,05.align/SRR6911722_2.clean_bismark_bt2.bam,100.0,100.0,4.6531,0.0,100.0,0.0,0,0.0,0,0.0,533086,0.4235,1.923,1.1555,81.5525
SRR6911723,hg38,5281704,2473364,46.82890218762733,79.9,4.5,5.2,2473364,1302018,2640852,1934503,73.3,548247,158102,81.1,4.1,5.0,51415383,2640852,538861,20.4,2064332,37659,78.7,4.9,5.4,15413357,1934503,1934503,1277593,0,1277593,0,538861,538861,24425,0,24425,0,05.align/SRR6911723_1.clean_bismark_bt2.bam,100.0,100.0,66.0424,0.0,100.0,0.0,0,0.0,0,0.0,05.align/SRR6911723_2.clean_bismark_bt2.bam,100.0,100.0,4.5327,0.0,100.0,0.0,0,0.0,0,0.0,485131,0.0,0.0,3.5285,85.0485
SRR6911724,hg38,5140644,2405326,46.79036323075474,79.1,3.3,3.85,2405324,1347405,2570322,1873397,72.9,534104,162821,80.4,2.9,3.6,50262881,2570322,531929,20.7,1999338,39055,77.8,3.7,4.1,15303795,1873395,1873395,1319334,0,1319334,0,531929,531929,28071,0,28071,0,05.align/SRR6911724_1.clean_bismark_bt2.bam,100.0,100.0,70.4248,0.0,100.0,0.0,0,0.0,0,0.0,05.align/SRR6911724_2.clean_bismark_bt2.bam,100.0,100.0,5.2772,0.0,100.0,0.0,0,0.0,0,0.0,532021,0.541,2.174,2.225,84.9385
SRR6911725,hg38,4474580,2074821,46.36906704092898,84.95,7.5,8.2,2074820,1155140,2237290,1634973,73.1,466931,135386,86.0,7.1,7.9,43890665,2237290,439848,19.7,1766596,30846,83.9,7.9,8.5,12654893,1634972,1634972,1132626,0,1132626,0,439848,439848,22514,0,22514,0,05.align/SRR6911725_1.clean_bismark_bt2.bam,100.0,100.0,69.2749,0.0,100.0,0.0,0,0.0,0,0.0,05.align/SRR6911725_2.clean_bismark_bt2.bam,100.0,100.0,5.1186,0.0,100.0,0.0,0,0.0,0,0.0,452765,1.744,0.0,4.683,90.5925
SRR6911726,hg38,4181962,1921173,45.93951355846848,79.65,8.2,9.55,1921173,1011576,2090981,1508360,72.1,460852,121769,80.7,7.8,8.9,39937811,2090981,412813,19.7,1649607,28561,78.6,8.6,10.2,11802988,1508360,1508360,991274,0,991274,0,412813,412813,20302,0,20302,0,05.align/SRR6911726_1.clean_bismark_bt2.bam,100.0,100.0,65.7187,0.0,100.0,0.0,0,0.0,0,0.0,05.align/SRR6911726_2.clean_bismark_bt2.bam,100.0,100.0,4.918,0.0,100.0,0.0,0,0.0,0,0.0,363660,0.0,0.0,3.543,84.804
SRR6911727,hg38,4595032,2170569,47.23729889149847,79.75,6.15,7.050000000000001,2170563,1153562,2297516,1664317,72.4,498491,134708,80.8,5.8,6.7,44265457,2297516,506252,22.0,1756343,34921,78.7,6.5,7.4,14501305,1664311,1664311,1129196,0,1129196,0,506252,506252,24366,0,24366,0,05.align/SRR6911727_1.clean_bismark_bt2.bam,100.0,100.0,67.8477,0.0,100.0,0.0,0,0.0,0,0.0,05.align/SRR6911727_2.clean_bismark_bt2.bam,100.0,100.0,4.813,0.0,100.0,0.0,0,0.0,0,0.0,420163,2.362,5.691,2.583,83.47
SRR6911728,hg38,3501078,1611709,46.0346498992596,78.7,1.3,1.1,1611709,861848,1750539,1239538,70.8,402906,108095,79.7,0.8,0.8,32731438,1750539,372171,21.3,1351104,27264,77.7,1.8,1.4,10711130,1239538,1239538,843967,0,843967,0,372171,372171,17881,0,17881,0,05.align/SRR6911728_1.clean_bismark_bt2.bam,100.0,100.0,68.0872,0.0,100.0,0.0,0,0.0,0,0.0,05.align/SRR6911728_2.clean_bismark_bt2.bam,100.0,100.0,4.8045,0.0,100.0,0.0,0,0.0,0,0.0,360213,0.0,0.0,0.3655,82.3805
SRR6911729,hg38,5063244,2341104,46.23723446865291,83.9,5.0,5.75,2341101,1212257,2531622,1831292,72.3,552802,147528,84.9,4.7,5.5,48659652,2531622,509812,20.1,1986600,35210,82.9,5.3,6.0,14610961,1831289,1831289,1190117,0,1190117,0,509812,509812,22140,0,22140,0,05.align/SRR6911729_1.clean_bismark_bt2.bam,100.0,100.0,64.9879,0.0,100.0,0.0,0,0.0,0,0.0,05.align/SRR6911729_2.clean_bismark_bt2.bam,100.0,100.0,4.3428,0.0,100.0,0.0,0,0.0,0,0.0,461215,4.545,2.778,3.0945,87.9855
SRR6911730,hg38,5276956,2528763,47.92086574153736,79.7,4.4,5.05,2528762,1396541,2638478,1947300,73.8,527015,164163,80.9,4.0,4.8,52354330,2638478,581463,22.0,2015197,41818,78.5,4.8,5.3,16780242,1947299,1947299,1367616,0,1367616,0,581463,581463,28925,0,28925,0,05.align/SRR6911730_1.clean_bismark_bt2.bam,100.0,100.0,70.2314,0.0,100.0,0.0,0,0.0,0,0.0,05.align/SRR6911730_2.clean_bismark_bt2.bam,100.0,100.0,4.9745,0.0,100.0,0.0,0,0.0,0,0.0,536102,2.941,4.348,3.3075,83.2235
SRR6911731,hg38,6116714,2864824,46.83599723642465,84.95,6.4,7.15,2864824,1497295,3058357,2225074,72.8,654410,178873,86.0,6.1,6.9,59114668,3058357,639750,20.9,2375227,43380,83.9,6.7,7.4,18349225,2225074,2225074,1468576,0,1468576,0,639750,639750,28719,0,28719,0,05.align/SRR6911731_1.clean_bismark_bt2.bam,100.0,100.0,66.0012,0.0,100.0,0.0,0,0.0,0,0.0,05.align/SRR6911731_2.clean_bismark_bt2.bam,100.0,100.0,4.4891,0.0,100.0,0.0,0,0.0,0,0.0,538474,,,4.676,90.4055
SRR6911732,hg38,5184994,2443823,47.13260998951976,79.44999999999999,3.5,4.15,2443823,1279625,2592497,1908318,73.6,528860,155319,80.6,3.1,3.9,50663857,2592497,535505,20.7,2019959,37033,78.3,3.9,4.4,15329152,1908318,1908318,1255588,0,1255588,0,535505,535505,24037,0,24037,0,05.align/SRR6911732_1.clean_bismark_bt2.bam,100.0,100.0,65.7955,0.0,100.0,0.0,0,0.0,0,0.0,05.align/SRR6911732_2.clean_bismark_bt2.bam,100.0,100.0,4.4887,0.0,100.0,0.0,0,0.0,0,0.0,486066,0.0,0.0,2.027,81.926
SRR6911733,hg38,4162164,1914617,46.00051799977128,83.95,5.65,6.35,1914615,1030856,2081082,1515203,72.8,438382,127497,85.2,5.2,6.0,40324986,2081082,399414,19.2,1653311,28357,82.7,6.1,6.7,11554371,1515201,1515201,1012032,0,1012032,0,399414,399414,18824,0,18824,0,05.align/SRR6911733_1.clean_bismark_bt2.bam,100.0,100.0,66.7919,0.0,100.0,0.0,0,0.0,0,0.0,05.align/SRR6911733_2.clean_bismark_bt2.bam,100.0,100.0,4.7129,0.0,100.0,0.0,0,0.0,0,0.0,402639,8.108,0.0,3.7705,88.065
SRR6911734,hg38,4920348,2232456,45.3719127183687,82.0,4.85,5.65,2232456,1164254,2460174,1756474,71.4,560750,142950,83.1,4.5,5.3,46593431,2460174,475982,19.3,1950990,33202,80.9,5.2,6.0,13563548,1756474,1756474,1140846,0,1140846,0,475982,475982,23408,0,23408,0,05.align/SRR6911734_1.clean_bismark_bt2.bam,100.0,100.0,64.9509,0.0,100.0,0.0,0,0.0,0,0.0,05.align/SRR6911734_2.clean_bismark_bt2.bam,100.0,100.0,4.9178,0.0,100.0,0.0,0,0.0,0,0.0,434400,1.01,0.0,2.244,87.7835
SRR6911735,hg38,4315586,1954656,45.292945152755614,83.85,4.75,5.35,1954655,1012395,2157793,1548891,71.8,482542,126360,84.7,4.4,5.1,41128195,2157793,405765,18.8,1723837,28191,83.0,5.1,5.6,11569322,1548890,1548890,992859,0,992859,0,405765,405765,19536,0,19536,0,05.align/SRR6911735_1.clean_bismark_bt2.bam,100.0,100.0,64.1013,0.0,100.0,0.0,0,0.0,0,0.0,05.align/SRR6911735_2.clean_bismark_bt2.bam,100.0,100.0,4.8146,0.0,100.0,0.0,0,0.0,0,0.0,385941,75.0,,3.221,87.428
SRR6911736,hg38,5405838,2584481,47.80907233994064,84.6,7.4,8.45,2584480,1381142,2702919,1984475,73.4,557672,160772,85.7,7.1,8.1,52996085,2702919,600006,22.2,2062294,40619,83.5,7.7,8.8,17225733,1984474,1984474,1353939,0,1353939,0,600006,600006,27203,0,27203,0,05.align/SRR6911736_1.clean_bismark_bt2.bam,100.0,100.0,68.2266,0.0,100.0,0.0,0,0.0,0,0.0,05.align/SRR6911736_2.clean_bismark_bt2.bam,100.0,100.0,4.5338,0.0,100.0,0.0,0,0.0,0,0.0,502012,1.8945,3.552,4.4285,88.2115
SRR6911737,hg38,3393670,1610899,47.46775614600124,80.1,1.3,1.1,1610899,881105,1696835,1242738,73.2,351490,102607,81.0,0.9,0.8,33262616,1696835,368161,21.7,1303543,25131,79.2,1.7,1.4,10570181,1242738,1242738,863105,0,863105,0,368161,368161,18000,0,18000,0,05.align/SRR6911737_1.clean_bismark_bt2.bam,100.0,100.0,69.4519,0.0,100.0,0.0,0,0.0,0,0.0,05.align/SRR6911737_2.clean_bismark_bt2.bam,100.0,100.0,4.8892,0.0,100.0,0.0,0,0.0,0,0.0,363350,0.0,11.111,0.611,82.144
SRR6911738,hg38,2915544,1354231,46.448655894063,79.94999999999999,3.9,4.6,1354230,745220,1457772,1064298,73.0,303895,89579,81.3,3.5,4.3,28541903,1457772,289933,19.9,1147045,20794,78.6,4.3,4.9,8390842,1064297,1064297,731829,0,731829,0,289933,289933,13391,0,13391,0,05.align/SRR6911738_1.clean_bismark_bt2.bam,100.0,100.0,68.7617,0.0,100.0,0.0,0,0.0,0,0.0,05.align/SRR6911738_2.clean_bismark_bt2.bam,100.0,100.0,4.6187,0.0,100.0,0.0,0,0.0,0,0.0,317830,0.0,0.0,3.083,84.77850000000001
SRR6911739,hg38,3469700,1611170,46.43542669395049,81.15,3.2,3.5,1611170,843579,1734850,1250330,72.1,383487,101033,82.2,2.8,3.1,33232096,1734850,360840,20.8,1349142,24868,80.1,3.6,3.9,10330496,1250330,1250330,826712,0,826712,0,360840,360840,16867,0,16867,0,05.align/SRR6911739_1.clean_bismark_bt2.bam,100.0,100.0,66.1195,0.0,100.0,0.0,0,0.0,0,0.0,05.align/SRR6911739_2.clean_bismark_bt2.bam,100.0,100.0,4.6744,0.0,100.0,0.0,0,0.0,0,0.0,335284,0.9175,0.0,0.719,83.52799999999999
SRR6911740,hg38,5098844,2254581,44.21749322003184,84.25,8.15,8.8,2254581,1213706,2549422,1832017,71.9,563925,153480,85.7,7.8,8.5,48566492,2549422,422564,16.6,2096601,30257,82.8,8.5,9.1,12238866,1832017,1832017,1196518,0,1196518,0,422564,422564,17188,0,17188,0,05.align/SRR6911740_1.clean_bismark_bt2.bam,100.0,100.0,65.3115,0.0,100.0,0.0,0,0.0,0,0.0,05.align/SRR6911740_2.clean_bismark_bt2.bam,100.0,100.0,4.0675,0.0,100.0,0.0,0,0.0,0,0.0,477458,0.0,0.0,5.6125,86.52199999999999
SRR6911741,hg38,5739932,2554453,44.50319272075,79.55000000000001,5.949999999999999,6.85,2554453,1344758,2869966,2052670,71.5,648621,168675,80.7,5.6,6.5,54140203,2869966,501783,17.5,2332994,35189,78.4,6.3,7.2,14386083,2052670,2052670,1323552,0,1323552,0,501783,501783,21206,0,21206,0,05.align/SRR6911741_1.clean_bismark_bt2.bam,100.0,100.0,64.4795,0.0,100.0,0.0,0,0.0,0,0.0,05.align/SRR6911741_2.clean_bismark_bt2.bam,100.0,100.0,4.2261,0.0,100.0,0.0,0,0.0,0,0.0,503683,0.0,0.0,3.3465,84.242
SRR6911742,hg38,4736988,2108592,44.51334898885114,84.65,7.2,7.9,2108592,1108222,2368494,1703254,71.9,523933,141307,86.0,6.9,7.7,44848065,2368494,405338,17.1,1934518,28638,83.3,7.5,8.1,11617435,1703254,1703254,1091590,0,1091590,0,405338,405338,16632,0,16632,0,05.align/SRR6911742_1.clean_bismark_bt2.bam,100.0,100.0,64.0885,0.0,100.0,0.0,0,0.0,0,0.0,05.align/SRR6911742_2.clean_bismark_bt2.bam,100.0,100.0,4.1032,0.0,100.0,0.0,0,0.0,0,0.0,417914,0.0,0.0,4.5765,86.852
SRR6911743,hg38,6611636,3118968,47.17392185534715,83.5,5.699999999999999,6.5,3118967,1711636,3305818,2435426,73.7,667975,202417,84.8,5.3,6.2,65363903,3305818,683542,20.7,2574478,47798,82.2,6.1,6.8,19805548,2435426,2435426,1680983,0,1680983,0,683541,683541,30653,0,30653,0,05.align/SRR6911743_1.clean_bismark_bt2.bam,100.0,100.0,69.0221,0.0,100.0,0.0,0,0.0,0,0.0,05.align/SRR6911743_2.clean_bismark_bt2.bam,100.0,100.0,4.4844,0.0,100.0,0.0,0,0.0,0,0.0,619206,0.643,0.481,3.87,88.75999999999999
SRR6911744,hg38,4521672,2114359,46.76055671441892,79.8,2.85,3.0,2114359,1114846,2260836,1637414,72.4,496990,126432,81.0,2.5,2.6,43538419,2260836,476945,21.1,1752096,31795,78.6,3.2,3.4,13643023,1637414,1637414,1092035,0,1092035,0,476945,476945,22811,0,22811,0,05.align/SRR6911744_1.clean_bismark_bt2.bam,100.0,100.0,66.6927,0.0,100.0,0.0,0,0.0,0,0.0,05.align/SRR6911744_2.clean_bismark_bt2.bam,100.0,100.0,4.7827,0.0,100.0,0.0,0,0.0,0,0.0,395474,6.667,0.0,0.286,82.119
SRR6911745,hg38,5261412,2468285,46.9129769727214,78.19999999999999,3.35,3.9,2468285,1361760,2630706,1927169,73.3,542478,161059,79.6,2.9,3.6,51593161,2630706,541116,20.6,2051545,38045,76.8,3.8,4.2,15618542,1927169,1927169,1335905,0,1335905,0,541116,541116,25855,0,25855,0,05.align/SRR6911745_1.clean_bismark_bt2.bam,100.0,100.0,69.3196,0.0,100.0,0.0,0,0.0,0,0.0,05.align/SRR6911745_2.clean_bismark_bt2.bam,100.0,100.0,4.7781,0.0,100.0,0.0,0,0.0,0,0.0,496815,0.0,0.0,1.6915,85.661
SRR6911746,hg38,2440116,1107127,45.37190035227833,79.6,5.550000000000001,6.5,1107127,571955,1220058,869075,71.2,280181,70802,80.6,5.2,6.0,22969993,1220058,238052,19.5,965938,16068,78.6,5.9,7.0,6774348,869075,869075,559889,0,559889,0,238052,238052,12066,0,12066,0,05.align/SRR6911746_1.clean_bismark_bt2.bam,100.0,100.0,64.4236,0.0,100.0,0.0,0,0.0,0,0.0,05.align/SRR6911746_2.clean_bismark_bt2.bam,100.0,100.0,5.0686,0.0,100.0,0.0,0,0.0,0,0.0,207278,0.0,0.0,1.0945,84.229
SRR6911747,hg38,4874986,2271791,46.60097485408164,79.4,3.45,4.05,2271785,1246660,2437493,1772141,72.7,517258,148094,80.5,3.1,3.8,47484852,2437493,499650,20.5,1902823,35020,78.3,3.8,4.3,14374898,1772135,1772135,1220418,0,1220418,0,499650,499650,26242,0,26242,0,05.align/SRR6911747_1.clean_bismark_bt2.bam,100.0,100.0,68.8671,0.0,100.0,0.0,0,0.0,0,0.0,05.align/SRR6911747_2.clean_bismark_bt2.bam,100.0,100.0,5.2521,0.0,100.0,0.0,0,0.0,0,0.0,474531,1.928,0.909,2.6185,83.2485
SRR6911748,hg38,5602612,2632573,46.98831545000796,83.80000000000001,4.199999999999999,4.65,2632573,1443535,2801306,2023749,72.2,604846,172711,84.9,3.8,4.4,54092930,2801306,608824,21.7,2148544,43938,82.7,4.6,4.9,17503399,2023749,2023749,1412684,0,1412684,0,608824,608824,30851,0,30851,0,05.align/SRR6911748_1.clean_bismark_bt2.bam,100.0,100.0,69.8053,0.0,100.0,0.0,0,0.0,0,0.0,05.align/SRR6911748_2.clean_bismark_bt2.bam,100.0,100.0,5.0673,0.0,100.0,0.0,0,0.0,0,0.0,557790,0.782,0.0,3.1315,89.255
SRR6911749,hg38,4551112,2104381,46.23883130100951,74.1,2.95,3.05,2104381,1104322,2275556,1621834,71.3,524752,128970,74.9,2.6,2.6,43029732,2275556,482547,21.2,1760440,32569,73.3,3.3,3.5,13745453,1621834,1621834,1079426,0,1079426,0,482547,482547,24896,0,24896,0,05.align/SRR6911749_1.clean_bismark_bt2.bam,100.0,100.0,66.5559,0.0,100.0,0.0,0,0.0,0,0.0,05.align/SRR6911749_2.clean_bismark_bt2.bam,100.0,100.0,5.1593,0.0,100.0,0.0,0,0.0,0,0.0,402661,0.0,0.0,0.395,76.0385
SRR6911750,hg38,3760076,1760709,46.8264205297978,79.4,3.9,4.55,1760709,910012,1880038,1368720,72.8,399156,112162,80.4,3.6,4.3,36390429,1880038,391989,20.9,1461271,26778,78.4,4.2,4.8,11178817,1368720,1368720,892793,0,892793,0,391989,391989,17219,0,17219,0,05.align/SRR6911750_1.clean_bismark_bt2.bam,100.0,100.0,65.2283,0.0,100.0,0.0,0,0.0,0,0.0,05.align/SRR6911750_2.clean_bismark_bt2.bam,100.0,100.0,4.3927,0.0,100.0,0.0,0,0.0,0,0.0,354199,0.0,0.0,2.6145,87.042
SRR6911751,hg38,2948942,1361033,46.153264458914414,80.19999999999999,7.4,8.45,1361033,714671,1474471,1064660,72.2,319158,90653,81.3,7.0,8.0,28189550,1474471,296373,20.1,1156745,21353,79.1,7.8,8.9,8452342,1064660,1064660,701013,0,701013,0,296373,296373,13658,0,13658,0,05.align/SRR6911751_1.clean_bismark_bt2.bam,100.0,100.0,65.8438,0.0,100.0,0.0,0,0.0,0,0.0,05.align/SRR6911751_2.clean_bismark_bt2.bam,100.0,100.0,4.6084,0.0,100.0,0.0,0,0.0,0,0.0,268807,0.0,30.0,3.115,85.9045
SRR6911752,hg38,1619190,757274,46.768692988469546,83.2,3.7,4.25,757274,411422,809595,575881,71.1,184062,49652,84.2,3.3,4.0,15384298,809595,181393,22.4,615149,13053,82.2,4.1,4.5,5211640,575881,575881,401570,0,401570,0,181393,181393,9852,0,9852,0,05.align/SRR6911752_1.clean_bismark_bt2.bam,100.0,100.0,69.7314,0.0,100.0,0.0,0,0.0,0,0.0,05.align/SRR6911752_2.clean_bismark_bt2.bam,100.0,100.0,5.4313,0.0,100.0,0.0,0,0.0,0,0.0,157041,0.0,0.0,2.473,87.7945
SRR6911753,hg38,5445446,2516965,46.22146652450506,79.8,3.7,4.35,2516965,1387688,2722723,1952579,71.7,601982,168162,81.1,3.3,4.1,52135548,2722723,564386,20.7,2117561,40776,78.5,4.1,4.6,16272689,1952579,1952579,1359729,0,1359729,0,564386,564386,27959,0,27959,0,05.align/SRR6911753_1.clean_bismark_bt2.bam,100.0,100.0,69.6376,0.0,100.0,0.0,0,0.0,0,0.0,05.align/SRR6911753_2.clean_bismark_bt2.bam,100.0,100.0,4.9539,0.0,100.0,0.0,0,0.0,0,0.0,522638,1.042,0.0,2.6085000000000003,87.34899999999999
SRR6911754,hg38,5485110,2581924,47.07150813748493,84.2,5.199999999999999,5.8,2581924,1422710,2742555,2012497,73.4,559941,170117,85.4,4.8,5.5,53937275,2742555,569427,20.8,2132193,40935,83.0,5.6,6.1,16408915,2012497,2012497,1395032,0,1395032,0,569427,569427,27678,0,27678,0,05.align/SRR6911754_1.clean_bismark_bt2.bam,100.0,100.0,69.3185,0.0,100.0,0.0,0,0.0,0,0.0,05.align/SRR6911754_2.clean_bismark_bt2.bam,100.0,100.0,4.8607,0.0,100.0,0.0,0,0.0,0,0.0,519197,1.8635,0.3205,3.255,89.7075
SRR6911755,hg38,5612620,2631436,46.884271516689175,80.8,5.2,6.0,2631435,1457731,2806310,2014894,71.8,619173,172243,82.0,4.7,5.5,53970016,2806310,616542,22.0,2145521,44247,79.6,5.7,6.5,17808298,2014893,2014893,1426059,0,1426059,0,616542,616542,31672,0,31672,0,05.align/SRR6911755_1.clean_bismark_bt2.bam,100.0,100.0,70.7759,0.0,100.0,0.0,0,0.0,0,0.0,05.align/SRR6911755_2.clean_bismark_bt2.bam,100.0,100.0,5.137,0.0,100.0,0.0,0,0.0,0,0.0,523333,0.0,0.0,2.2875,81.65299999999999
SRR6911756,hg38,5048848,2368385,46.909413791027184,79.94999999999999,1.45,1.3,2368385,1297141,2524424,1820418,72.1,549579,154427,81.1,1.0,1.0,48733453,2524424,547967,21.7,1936897,39560,78.8,1.9,1.6,15749154,1820418,1820418,1268956,0,1268956,0,547967,547967,28185,0,28185,0,05.align/SRR6911756_1.clean_bismark_bt2.bam,100.0,100.0,69.7068,0.0,100.0,0.0,0,0.0,0,0.0,05.align/SRR6911756_2.clean_bismark_bt2.bam,100.0,100.0,5.1436,0.0,100.0,0.0,0,0.0,0,0.0,492403,0.0,0.0,0.9385,82.94149999999999
SRR6911757,hg38,4113468,1937774,47.10803633333236,82.35,3.1,3.5,1937774,1069541,2056734,1511269,73.5,419445,126020,83.4,2.7,3.2,40520919,2056734,426505,20.7,1600205,30024,81.3,3.5,3.8,12269892,1511269,1511269,1048371,0,1048371,0,426505,426505,21170,0,21170,0,05.align/SRR6911757_1.clean_bismark_bt2.bam,100.0,100.0,69.3702,0.0,100.0,0.0,0,0.0,0,0.0,05.align/SRR6911757_2.clean_bismark_bt2.bam,100.0,100.0,4.9636,0.0,100.0,0.0,0,0.0,0,0.0,414245,2.4195,0.0,1.2895,88.8845
SRR6911758,hg38,4816968,2266227,47.046752230863895,84.3,6.0,6.8,2266227,1247864,2408484,1750126,72.7,508171,150187,85.6,5.7,6.6,46875506,2408484,516101,21.4,1855184,37199,83.0,6.3,7.0,14832418,1750126,1750126,1221527,0,1221527,0,516101,516101,26337,0,26337,0,05.align/SRR6911758_1.clean_bismark_bt2.bam,100.0,100.0,69.7965,0.0,100.0,0.0,0,0.0,0,0.0,05.align/SRR6911758_2.clean_bismark_bt2.bam,100.0,100.0,5.1031,0.0,100.0,0.0,0,0.0,0,0.0,492857,0.575,0.0,4.746,87.3865
SRR6911759,hg38,5305784,2448883,46.154969746224126,84.05,5.15,6.0,2448882,1281405,2652892,1914549,72.2,582195,156148,85.1,4.8,5.6,50793486,2652892,534334,20.1,2081867,36691,83.0,5.5,6.4,15264669,1914548,1914548,1256322,0,1256322,0,534334,534334,25083,0,25083,0,05.align/SRR6911759_1.clean_bismark_bt2.bam,100.0,100.0,65.6198,0.0,100.0,0.0,0,0.0,0,0.0,05.align/SRR6911759_2.clean_bismark_bt2.bam,100.0,100.0,4.6943,0.0,100.0,0.0,0,0.0,0,0.0,479478,4.096,2.941,2.4195,89.0085
SRR6911760,hg38,2993788,1388748,46.38765336757312,84.5,5.65,6.35,1388747,752988,1496894,1083010,72.4,323899,89985,85.5,5.3,6.1,29002958,1496894,305738,20.4,1169900,21256,83.5,6.0,6.6,8843979,1083009,1083009,738149,0,738149,0,305738,305738,14839,0,14839,0,05.align/SRR6911760_1.clean_bismark_bt2.bam,100.0,100.0,68.1572,0.0,100.0,0.0,0,0.0,0,0.0,05.align/SRR6911760_2.clean_bismark_bt2.bam,100.0,100.0,4.8535,0.0,100.0,0.0,0,0.0,0,0.0,317222,2.899,0.0,4.198,88.045
SRR6911761,hg38,3610260,1634230,45.26626891138034,79.4,3.25,3.85,1634230,843505,1805130,1275446,70.7,424626,105058,80.4,2.9,3.6,33773670,1805130,358784,19.9,1421355,24991,78.4,3.6,4.1,10227386,1275446,1275446,826899,0,826899,0,358784,358784,16606,0,16606,0,05.align/SRR6911761_1.clean_bismark_bt2.bam,100.0,100.0,64.8321,0.0,100.0,0.0,0,0.0,0,0.0,05.align/SRR6911761_2.clean_bismark_bt2.bam,100.0,100.0,4.6284,0.0,100.0,0.0,0,0.0,0,0.0,331629,0.0,0.0,2.535,84.6075
SRR6911762,hg38,4172534,1890622,45.31112268947359,82.75,4.5,5.1,1890620,988733,2086267,1483697,71.1,480296,122274,84.0,4.1,4.7,39263027,2086267,406925,19.5,1651174,28168,81.5,4.9,5.5,11595630,1483695,1483695,970116,0,970116,0,406925,406925,18617,0,18617,0,05.align/SRR6911762_1.clean_bismark_bt2.bam,100.0,100.0,65.3851,0.0,100.0,0.0,0,0.0,0,0.0,05.align/SRR6911762_2.clean_bismark_bt2.bam,100.0,100.0,4.575,0.0,100.0,0.0,0,0.0,0,0.0,377232,2.0835,4.167,2.4635,88.0565
SRR6911763,hg38,4318704,1959993,45.38382348037744,85.69999999999999,8.600000000000001,9.15,1959993,1017316,2159352,1556631,72.1,479606,123115,86.8,8.3,8.9,41241815,2159352,403362,18.7,1729010,26980,84.6,8.9,9.4,11524091,1556631,1556631,999990,0,999990,0,403362,403362,17326,0,17326,0,05.align/SRR6911763_1.clean_bismark_bt2.bam,100.0,100.0,64.2407,0.0,100.0,0.0,0,0.0,0,0.0,05.align/SRR6911763_2.clean_bismark_bt2.bam,100.0,100.0,4.2954,0.0,100.0,0.0,0,0.0,0,0.0,396510,0.0,0.0,5.254,88.68
SRR6911764,hg38,5570128,2577477,46.27320952049935,77.65,1.7000000000000002,1.7,2577475,1329249,2785064,2001988,71.9,622501,160575,78.7,1.3,1.5,53121184,2785064,575489,20.7,2169985,39590,76.6,2.1,1.9,16338685,2001986,2001986,1301285,0,1301285,0,575489,575489,27964,0,27964,0,05.align/SRR6911764_1.clean_bismark_bt2.bam,100.0,100.0,64.9997,0.0,100.0,0.0,0,0.0,0,0.0,05.align/SRR6911764_2.clean_bismark_bt2.bam,100.0,100.0,4.8592,0.0,100.0,0.0,0,0.0,0,0.0,490216,4.545,0.0,0.6174999999999999,81.8965
SRR6911765,hg38,7255770,3447029,47.507418234039946,84.30000000000001,4.949999999999999,5.75,3447028,1871467,3627885,2637659,72.7,763101,227125,85.4,4.6,5.5,70586229,3627885,809370,22.3,2759304,59211,83.2,5.3,6.0,23319334,2637658,2637658,1829303,0,1829303,0,809370,809370,42164,0,42164,0,05.align/SRR6911765_1.clean_bismark_bt2.bam,100.0,100.0,69.3533,0.0,100.0,0.0,0,0.0,0,0.0,05.align/SRR6911765_2.clean_bismark_bt2.bam,100.0,100.0,5.2095,0.0,100.0,0.0,0,0.0,0,0.0,669347,0.0,0.0,3.3265,90.075
SRR6911766,hg38,6496450,3065417,47.18603237152599,79.75,4.949999999999999,5.8,3065417,1602831,3248225,2364816,72.8,692578,190831,81.0,4.6,5.5,62704942,3248225,700601,21.6,2499245,48379,78.5,5.3,6.1,20009433,2364816,2364816,1568365,0,1568365,0,700601,700601,34466,0,34466,0,05.align/SRR6911766_1.clean_bismark_bt2.bam,100.0,100.0,66.3208,0.0,100.0,0.0,0,0.0,0,0.0,05.align/SRR6911766_2.clean_bismark_bt2.bam,100.0,100.0,4.9195,0.0,100.0,0.0,0,0.0,0,0.0,550262,1.25,0.0,2.2655000000000003,85.1985
SRR6911767,hg38,5655410,2650786,46.87168569564364,78.9,3.75,4.35,2650786,1379939,2827705,2056085,72.7,608238,163382,80.0,3.4,4.1,54472194,2827705,594701,21.0,2193141,39863,77.8,4.1,4.6,16987385,2056085,2056085,1352301,0,1352301,0,594701,594701,27638,0,27638,0,05.align/SRR6911767_1.clean_bismark_bt2.bam,100.0,100.0,65.7707,0.0,100.0,0.0,0,0.0,0,0.0,05.align/SRR6911767_2.clean_bismark_bt2.bam,100.0,100.0,4.6474,0.0,100.0,0.0,0,0.0,0,0.0,483620,0.685,2.6315,2.797,82.935
SRR6911768,hg38,3713770,1742352,46.91599102798504,80.5,2.0,2.05,1742350,953933,1856885,1361650,73.3,381692,113543,81.5,1.5,1.7,36266133,1856885,380702,20.5,1449416,26767,79.5,2.5,2.4,10906006,1361650,1361650,934572,0,934572,0,380700,380700,19361,0,19361,0,05.align/SRR6911768_1.clean_bismark_bt2.bam,100.0,100.0,68.6353,0.0,100.0,0.0,0,0.0,0,0.0,05.align/SRR6911768_2.clean_bismark_bt2.bam,100.0,100.0,5.0856,0.0,100.0,0.0,0,0.0,0,0.0,386617,0.871,1.882,1.006,83.69149999999999
SRR6911769,hg38,4373450,2008468,45.924110256205054,84.0,4.800000000000001,5.4,2008468,1096282,2186725,1579561,72.2,474619,132545,85.2,4.4,5.1,42246001,2186725,428907,19.6,1726993,30825,82.8,5.2,5.7,12335661,1579561,1579561,1074676,0,1074676,0,428907,428907,21606,0,21606,0,05.align/SRR6911769_1.clean_bismark_bt2.bam,100.0,100.0,68.0364,0.0,100.0,0.0,0,0.0,0,0.0,05.align/SRR6911769_2.clean_bismark_bt2.bam,100.0,100.0,5.0375,0.0,100.0,0.0,0,0.0,0,0.0,428174,2.2725,4.1665,2.763,87.5655
SRR6911770,hg38,5082552,2315816,45.56403948252768,79.5,3.7,4.35,2315816,1208413,2541276,1827927,71.9,564063,149286,80.6,3.3,4.1,48519404,2541276,487889,19.2,2019297,34090,78.4,4.1,4.6,13939994,1827927,1827927,1185883,0,1185883,0,487889,487889,22530,0,22530,0,05.align/SRR6911770_1.clean_bismark_bt2.bam,100.0,100.0,64.8758,0.0,100.0,0.0,0,0.0,0,0.0,05.align/SRR6911770_2.clean_bismark_bt2.bam,100.0,100.0,4.6179,0.0,100.0,0.0,0,0.0,0,0.0,456012,0.0,11.111,2.464,86.857
SRR6911771,hg38,2993530,1414874,47.26440022314792,79.0,8.75,10.1,1414874,745392,1496765,1078408,72.0,328860,89497,80.0,8.3,9.4,28652346,1496765,336466,22.5,1136259,24040,78.0,9.2,10.8,9660885,1078408,1078408,727842,0,727842,0,336466,336466,17550,0,17550,0,05.align/SRR6911771_1.clean_bismark_bt2.bam,100.0,100.0,67.4923,0.0,100.0,0.0,0,0.0,0,0.0,05.align/SRR6911771_2.clean_bismark_bt2.bam,100.0,100.0,5.216,0.0,100.0,0.0,0,0.0,0,0.0,287945,0.0,0.0,3.3725,85.078
SRR6911772,hg38,2617428,1186327,45.32415027271046,84.25,4.800000000000001,5.35,1186327,602642,1308714,930553,71.1,301824,76337,85.2,4.4,5.1,24736475,1308714,255774,19.5,1035273,17667,83.3,5.2,5.6,7333878,930553,930553,591067,0,591067,0,255774,255774,11575,0,11575,0,05.align/SRR6911772_1.clean_bismark_bt2.bam,100.0,100.0,63.5178,0.0,100.0,0.0,0,0.0,0,0.0,05.align/SRR6911772_2.clean_bismark_bt2.bam,100.0,100.0,4.5255,0.0,100.0,0.0,0,0.0,0,0.0,245238,1.155,10.0,2.9335,87.0635
SRR6911773,hg38,2675630,1259563,47.07538037770544,82.6,5.6,6.35,1259563,691364,1337815,976329,73.0,279098,82388,83.8,5.2,6.0,26107706,1337815,283234,21.2,1034417,20164,81.4,6.0,6.7,8154263,976329,976329,676624,0,676624,0,283234,283234,14740,0,14740,0,05.align/SRR6911773_1.clean_bismark_bt2.bam,100.0,100.0,69.3029,0.0,100.0,0.0,0,0.0,0,0.0,05.align/SRR6911773_2.clean_bismark_bt2.bam,100.0,100.0,5.2042,0.0,100.0,0.0,0,0.0,0,0.0,254161,0.0,12.5,3.0465,89.5635
SRR6911774,hg38,5392788,2468633,45.77656306904704,84.35,7.9,8.9,2468633,1322856,2696394,1934769,71.8,602001,159624,85.6,7.5,8.5,51543796,2696394,533864,19.8,2124159,38371,83.1,8.3,9.3,15332685,1934769,1934769,1296619,0,1296619,0,533864,533864,26237,0,26237,0,05.align/SRR6911774_1.clean_bismark_bt2.bam,100.0,100.0,67.0167,0.0,100.0,0.0,0,0.0,0,0.0,05.align/SRR6911774_2.clean_bismark_bt2.bam,100.0,100.0,4.9145,0.0,100.0,0.0,0,0.0,0,0.0,493816,0.517,0.8705,4.077,87.394
SRR6911775,hg38,5372788,2494692,46.43198279924688,80.5,3.6,4.1,2494692,1299235,2686394,1945186,72.4,583721,157487,81.6,3.1,3.6,51508125,2686394,549506,20.5,2098548,38340,79.4,4.1,4.6,15661592,1945186,1945186,1272540,0,1272540,0,549506,549506,26695,0,26695,0,05.align/SRR6911775_1.clean_bismark_bt2.bam,100.0,100.0,65.42,0.0,100.0,0.0,0,0.0,0,0.0,05.align/SRR6911775_2.clean_bismark_bt2.bam,100.0,100.0,4.858,0.0,100.0,0.0,0,0.0,0,0.0,474854,0.0,0.0,0.969,85.8755
SRR6911776,hg38,2997790,1367107,45.60382815340635,79.80000000000001,2.3,2.15,1367107,755223,1498895,1062099,70.9,348345,88451,80.9,1.9,1.9,28258541,1498895,305008,20.3,1172373,21514,78.7,2.7,2.4,8709997,1062099,1062099,738411,0,738411,0,305008,305008,16812,0,16812,0,05.align/SRR6911776_1.clean_bismark_bt2.bam,100.0,100.0,69.5237,0.0,100.0,0.0,0,0.0,0,0.0,05.align/SRR6911776_2.clean_bismark_bt2.bam,100.0,100.0,5.512,0.0,100.0,0.0,0,0.0,0,0.0,299003,1.6045,1.2195,0.745,83.1845
SRR6911777,mm10,2896360,1301478,44.93495283735447,75.85,2.45,2.8,1301478,644973,1448180,917145,63.3,416994,114041,76.8,2.2,2.6,25830939,1448180,384333,26.5,1030281,33566,74.9,2.7,3.0,11716527,917145,917145,628494,0,628494,0,384333,384333,16479,0,16479,0,05.align/SRR6911777_1.clean_bismark_bt2.bam,100.0,100.0,68.5272,0.0,100.0,0.0,0,0.0,0,0.0,05.align/SRR6911777_2.clean_bismark_bt2.bam,100.0,100.0,4.2877,0.0,100.0,0.0,0,0.0,0,0.0,241189,0.0,0.0,,
SRR6911778,mm10,3306326,1492950,45.154349571094926,77.6,3.45,3.95,1492950,734428,1653163,1060640,64.2,459689,132834,78.6,3.2,3.7,29882773,1653163,432310,26.2,1182859,37994,76.6,3.7,4.2,13168860,1060640,1060640,715784,0,715784,0,432310,432310,18644,0,18644,0,05.align/SRR6911778_1.clean_bismark_bt2.bam,100.0,100.0,67.486,0.0,100.0,0.0,0,0.0,0,0.0,05.align/SRR6911778_2.clean_bismark_bt2.bam,100.0,100.0,4.3126,0.0,100.0,0.0,0,0.0,0,0.0,275744,3.226,8.333,,
SRR6911779,mm10,3972848,1789561,45.04478902792153,75.3,2.15,2.45,1789561,870811,1986424,1266248,63.7,565565,154611,76.6,1.9,2.2,35612306,1986424,523313,26.3,1420409,42702,74.0,2.4,2.7,15941588,1266248,1266248,848930,0,848930,0,523313,523313,21881,0,21881,0,05.align/SRR6911779_1.clean_bismark_bt2.bam,100.0,100.0,67.0429,0.0,100.0,0.0,0,0.0,0,0.0,05.align/SRR6911779_2.clean_bismark_bt2.bam,100.0,100.0,4.1812,0.0,100.0,0.0,0,0.0,0,0.0,324147,0.0,0.0,,
SRR6911780,mm10,3772106,1649166,43.72003331825776,75.25,2.3,2.7,1649165,774820,1886053,1179930,62.6,558237,147886,76.3,2.1,2.5,33220419,1886053,469236,24.9,1375853,40964,74.2,2.5,2.9,14272943,1179929,1179929,755434,0,755434,0,469236,469236,19386,0,19386,0,05.align/SRR6911780_1.clean_bismark_bt2.bam,100.0,100.0,64.0237,0.0,100.0,0.0,0,0.0,0,0.0,05.align/SRR6911780_2.clean_bismark_bt2.bam,100.0,100.0,4.1314,0.0,100.0,0.0,0,0.0,0,0.0,286980,0.0,,,
SRR6911781,mm10,3314128,1439181,43.42563111623933,76.75,2.1,2.4000000000000004,1439179,679300,1657064,1033895,62.4,496899,126270,77.9,1.9,2.2,29081381,1657064,405286,24.5,1216850,34928,75.6,2.3,2.6,12346566,1033893,1033893,662690,0,662690,0,405286,405286,16610,0,16610,0,05.align/SRR6911781_1.clean_bismark_bt2.bam,100.0,100.0,64.0966,0.0,100.0,0.0,0,0.0,0,0.0,05.align/SRR6911781_2.clean_bismark_bt2.bam,100.0,100.0,4.0983,0.0,100.0,0.0,0,0.0,0,0.0,249906,0.0,0.0,,
SRR6911782,mm10,3748488,1635769,43.638101549211314,75.25,2.6,3.15,1635769,762635,1874244,1175660,62.7,554174,144410,76.4,2.4,2.9,33092636,1874244,460109,24.5,1374099,40036,74.1,2.8,3.4,14005480,1175660,1175660,744184,0,744184,0,460109,460109,18451,0,18451,0,05.align/SRR6911782_1.clean_bismark_bt2.bam,100.0,100.0,63.2993,0.0,100.0,0.0,0,0.0,0,0.0,05.align/SRR6911782_2.clean_bismark_bt2.bam,100.0,100.0,4.0101,0.0,100.0,0.0,0,0.0,0,0.0,278016,0.0,0.0,,
SRR6911783,mm10,3487386,1517866,43.52446216163052,75.85,2.05,2.5,1517866,706965,1743693,1091591,62.6,519955,132147,77.1,1.8,2.1,30552108,1743693,426275,24.4,1275815,41603,74.6,2.3,2.9,12926289,1091591,1091591,689010,0,689010,0,426275,426275,17955,0,17955,0,05.align/SRR6911783_1.clean_bismark_bt2.bam,100.0,100.0,63.1198,0.0,100.0,0.0,0,0.0,0,0.0,05.align/SRR6911783_2.clean_bismark_bt2.bam,100.0,100.0,4.2121,0.0,100.0,0.0,0,0.0,0,0.0,256181,2.5,0.0,,
SRR6911784,mm10,6116746,3047369,49.82010042594543,76.1,1.95,2.25,3047369,1649279,3058373,2076737,67.9,712988,268648,77.0,1.7,2.0,58357229,3058373,970632,31.7,2000378,87363,75.2,2.2,2.5,29574330,2076737,2076737,1602457,0,1602457,0,970632,970632,46822,0,46822,0,05.align/SRR6911784_1.clean_bismark_bt2.bam,100.0,100.0,77.1623,0.0,100.0,0.0,0,0.0,0,0.0,05.align/SRR6911784_2.clean_bismark_bt2.bam,100.0,100.0,4.8239,0.0,100.0,0.0,0,0.0,0,0.0,512574,0.0,4.348,,
SRR6911785,mm10,5616300,2795369,49.77243024767196,75.35,2.45,2.8,2795369,1498013,2808150,1926727,68.6,639070,242353,76.1,2.2,2.5,54261859,2808150,868642,30.9,1862463,77045,74.6,2.7,3.1,26505777,1926727,1926727,1456908,0,1456908,0,868642,868642,41105,0,41105,0,05.align/SRR6911785_1.clean_bismark_bt2.bam,100.0,100.0,75.6157,0.0,100.0,0.0,0,0.0,0,0.0,05.align/SRR6911785_2.clean_bismark_bt2.bam,100.0,100.0,4.7321,0.0,100.0,0.0,0,0.0,0,0.0,469089,16.6665,12.5,,
SRR6911786,mm10,6819814,3392682,49.74742712924429,75.5,2.05,2.3,3392682,1802370,3409907,2329919,68.3,784308,295680,76.6,1.8,2.0,65499731,3409907,1062763,31.2,2253249,93895,74.4,2.3,2.6,32406358,2329919,2329919,1754180,0,1754180,0,1062763,1062763,48190,0,48190,0,05.align/SRR6911786_1.clean_bismark_bt2.bam,100.0,100.0,75.2893,0.0,100.0,0.0,0,0.0,0,0.0,05.align/SRR6911786_2.clean_bismark_bt2.bam,100.0,100.0,4.5344,0.0,100.0,0.0,0,0.0,0,0.0,558614,16.6665,0.0,,
SRR6911787,mm10,7382250,3548488,48.067838396152936,81.9,3.35,3.9,3548488,1860834,3691125,2450872,66.4,832487,407766,82.7,3.1,3.7,68863716,3691125,1097616,29.7,2475454,118055,81.1,3.6,4.1,33663099,2450872,2450872,1810074,0,1810074,0,1097616,1097616,50760,0,50760,0,05.align/SRR6911787_1.clean_bismark_bt2.bam,100.0,100.0,73.8543,0.0,100.0,0.0,0,0.0,0,0.0,05.align/SRR6911787_2.clean_bismark_bt2.bam,100.0,100.0,4.6246,0.0,100.0,0.0,0,0.0,0,0.0,574378,0.0,0.0,,
SRR6911788,mm10,14656848,7241613,49.40771030715472,74.05,1.7,1.95,7241613,3751037,7328424,5009673,68.4,1690329,628422,75.0,1.5,1.7,140774528,7328424,2231940,30.5,4898550,197934,73.1,1.9,2.2,67930489,5009673,5009673,3649428,0,3649428,0,2231940,2231940,101609,0,101609,0,05.align/SRR6911788_1.clean_bismark_bt2.bam,100.0,100.0,72.8476,0.0,100.0,0.0,0,0.0,0,0.0,05.align/SRR6911788_2.clean_bismark_bt2.bam,100.0,100.0,4.5525,0.0,100.0,0.0,0,0.0,0,0.0,1122073,0.0,0.0,,
SRR6911789,mm10,7483204,3085426,41.231349566308765,80.75,3.35,4.0,3085426,1631465,3741602,2138967,57.2,1335073,267562,81.5,3.1,3.7,60261264,3741602,946459,25.3,2709178,85965,80.0,3.6,4.3,28936648,2138967,2138967,1589303,0,1589303,0,946459,946459,42162,0,42162,0,05.align/SRR6911789_1.clean_bismark_bt2.bam,100.0,100.0,74.3024,0.0,100.0,0.0,0,0.0,0,0.0,05.align/SRR6911789_2.clean_bismark_bt2.bam,100.0,100.0,4.4547,0.0,100.0,0.0,0,0.0,0,0.0,504077,11.765,0.0,,
SRR6911790,mm10,7003178,3417003,48.79217692310548,81.35,3.15,3.7,3417003,1786739,3501589,2371223,67.7,833420,296946,82.1,2.9,3.4,66603851,3501589,1045780,29.9,2361909,93900,80.6,3.4,4.0,31812311,2371223,2371223,1740116,0,1740116,0,1045780,1045780,46623,0,46623,0,05.align/SRR6911790_1.clean_bismark_bt2.bam,100.0,100.0,73.3847,0.0,100.0,0.0,0,0.0,0,0.0,05.align/SRR6911790_2.clean_bismark_bt2.bam,100.0,100.0,4.4582,0.0,100.0,0.0,0,0.0,0,0.0,542723,0.595,0.0,,
SRR6911791,mm10,4671848,2268679,48.560633821990784,80.25,3.15,3.75,2268678,1165208,2335924,1588616,68.0,558473,188835,80.9,2.9,3.5,44471340,2335924,680063,29.1,1601090,54771,79.6,3.4,4.0,20689637,1588615,1588615,1135201,0,1135201,0,680063,680063,30007,0,30007,0,05.align/SRR6911791_1.clean_bismark_bt2.bam,100.0,100.0,71.4585,0.0,100.0,0.0,0,0.0,0,0.0,05.align/SRR6911791_2.clean_bismark_bt2.bam,100.0,100.0,4.4124,0.0,100.0,0.0,0,0.0,0,0.0,353375,0.0,0.0,,
SRR6911792,mm10,4203792,1801795,42.86118342677278,73.15,1.25,1.25,1801795,910784,2101896,1194960,56.9,690429,216507,74.3,1.0,1.0,33573937,2101896,606835,28.9,1425261,69800,72.0,1.5,1.5,18682187,1194960,1194960,877504,0,877504,0,606835,606835,33280,0,33280,0,05.align/SRR6911792_1.clean_bismark_bt2.bam,100.0,100.0,73.4338,0.0,100.0,0.0,0,0.0,0,0.0,05.align/SRR6911792_2.clean_bismark_bt2.bam,100.0,100.0,5.4842,0.0,100.0,0.0,0,0.0,0,0.0,277462,0.0,0.0,,
SRR6911793,mm10,5808476,2873635,49.4731320229265,77.4,2.25,2.7,2873634,1558836,2904238,1945017,67.0,696399,262822,78.1,2.0,2.4,54788936,2904238,928618,32.0,1888250,87370,76.7,2.5,3.0,28427776,1945016,1945016,1516209,0,1516209,0,928618,928618,42627,0,42627,0,05.align/SRR6911793_1.clean_bismark_bt2.bam,100.0,100.0,77.9535,0.0,100.0,0.0,0,0.0,0,0.0,05.align/SRR6911793_2.clean_bismark_bt2.bam,100.0,100.0,4.5904,0.0,100.0,0.0,0,0.0,0,0.0,490444,0.9435,0.0,,
SRR6911794,mm10,6700644,3377449,50.40484168387397,79.15,3.0,3.55,3377449,1823812,3350322,2299333,68.6,754234,296755,79.7,2.7,3.2,64736207,3350322,1078116,32.2,2173294,98912,78.6,3.3,3.9,32942946,2299333,2299333,1775130,0,1775130,0,1078116,1078116,48682,0,48682,0,05.align/SRR6911794_1.clean_bismark_bt2.bam,100.0,100.0,77.202,0.0,100.0,0.0,0,0.0,0,0.0,05.align/SRR6911794_2.clean_bismark_bt2.bam,100.0,100.0,4.5155,0.0,100.0,0.0,0,0.0,0,0.0,571806,2.0,0.0,,
SRR6911795,mm10,6047570,3026568,50.04601848345699,76.1,2.15,2.5,3026568,1627503,3023785,2055059,68.0,699816,268910,77.1,1.9,2.2,57777322,3023785,971509,32.1,1962040,90236,75.1,2.4,2.8,29689570,2055059,2055059,1586408,0,1586408,0,971509,971509,41095,0,41095,0,05.align/SRR6911795_1.clean_bismark_bt2.bam,100.0,100.0,77.1953,0.0,100.0,0.0,0,0.0,0,0.0,05.align/SRR6911795_2.clean_bismark_bt2.bam,100.0,100.0,4.23,0.0,100.0,0.0,0,0.0,0,0.0,511857,0.0,0.0,,
SRR6911796,mm10,7120584,3442486,48.34555704981501,77.3,3.05,3.6,3442486,1823348,3560292,2335647,65.6,820333,404312,78.5,2.8,3.3,65697804,3560292,1106839,31.1,2332774,120679,76.1,3.3,3.9,34068931,2335647,2335647,1774086,0,1774086,0,1106839,1106839,49262,0,49262,0,05.align/SRR6911796_1.clean_bismark_bt2.bam,100.0,100.0,75.9569,0.0,100.0,0.0,0,0.0,0,0.0,05.align/SRR6911796_2.clean_bismark_bt2.bam,100.0,100.0,4.4507,0.0,100.0,0.0,0,0.0,0,0.0,571464,0.0,0.0,,
SRR6911797,mm10,7106378,3506840,49.347783075991735,75.7,2.75,3.4000000000000004,3506840,1844243,3553189,2391541,67.3,855686,305962,76.7,2.5,3.1,67399925,3553189,1115299,31.4,2336699,101191,74.7,3.0,3.7,34103403,2391541,2391541,1796453,0,1796453,0,1115299,1115299,47790,0,47790,0,05.align/SRR6911797_1.clean_bismark_bt2.bam,100.0,100.0,75.117,0.0,100.0,0.0,0,0.0,0,0.0,05.align/SRR6911797_2.clean_bismark_bt2.bam,100.0,100.0,4.2849,0.0,100.0,0.0,0,0.0,0,0.0,577515,,,,
SRR6911798,mm10,5641526,2721072,48.2329071956772,77.8,2.65,3.2,2721072,1427543,2820763,1866965,66.2,717163,236635,78.6,2.4,2.9,52522009,2820763,854107,30.3,1888892,77764,77.0,2.9,3.5,26132168,1866965,1866965,1391383,0,1391383,0,854107,854107,36160,0,36160,0,05.align/SRR6911798_1.clean_bismark_bt2.bam,100.0,100.0,74.5265,0.0,100.0,0.0,0,0.0,0,0.0,05.align/SRR6911798_2.clean_bismark_bt2.bam,100.0,100.0,4.2337,0.0,100.0,0.0,0,0.0,0,0.0,444336,0.0,0.0,,
SRR6911799,mm10,4839636,2326851,48.07904974671649,78.55000000000001,2.65,3.15,2326851,1197588,2419818,1603120,66.2,609643,207055,79.4,2.4,2.9,45176680,2419818,723731,29.9,1631233,64854,77.7,2.9,3.4,22071961,1603120,1603120,1166951,0,1166951,0,723731,723731,30637,0,30637,0,05.align/SRR6911799_1.clean_bismark_bt2.bam,100.0,100.0,72.7925,0.0,100.0,0.0,0,0.0,0,0.0,05.align/SRR6911799_2.clean_bismark_bt2.bam,100.0,100.0,4.2332,0.0,100.0,0.0,0,0.0,0,0.0,370749,0.0,0.0,,
SRR6911800,mm10,6140804,3011932,49.047844549345655,74.75,2.35,2.85,3011932,1555335,3070402,2069857,67.4,737844,262701,75.9,2.1,2.6,58018993,3070402,942075,30.7,2042828,85499,73.6,2.6,3.1,28708688,2069857,2069857,1516112,0,1516112,0,942075,942075,39223,0,39223,0,05.align/SRR6911800_1.clean_bismark_bt2.bam,100.0,100.0,73.2472,0.0,100.0,0.0,0,0.0,0,0.0,05.align/SRR6911800_2.clean_bismark_bt2.bam,100.0,100.0,4.1635,0.0,100.0,0.0,0,0.0,0,0.0,479911,27.778,0.0,,
SRR6911801,mm10,5033060,2521233,50.0934421604352,75.65,1.85,2.25,2521233,1388804,2516530,1731067,68.8,560505,224958,76.4,1.6,1.9,48631204,2516530,790166,31.4,1653223,73141,74.9,2.1,2.6,24081762,1731067,1731067,1350931,0,1350931,0,790166,790166,37873,0,37873,0,05.align/SRR6911801_1.clean_bismark_bt2.bam,100.0,100.0,78.0404,0.0,100.0,0.0,0,0.0,0,0.0,05.align/SRR6911801_2.clean_bismark_bt2.bam,100.0,100.0,4.793,0.0,100.0,0.0,0,0.0,0,0.0,478933,0.0,0.0,,
SRR6911802,mm10,4358838,2189139,50.22299521110901,76.1,2.5,2.95,2189139,1199841,2179419,1512073,69.4,471952,195394,76.8,2.2,2.6,42486733,2179419,677066,31.1,1439971,62382,75.4,2.8,3.3,20624490,1512073,1512073,1167941,0,1167941,0,677066,677066,31900,0,31900,0,05.align/SRR6911802_1.clean_bismark_bt2.bam,100.0,100.0,77.241,0.0,100.0,0.0,0,0.0,0,0.0,05.align/SRR6911802_2.clean_bismark_bt2.bam,100.0,100.0,4.7115,0.0,100.0,0.0,0,0.0,0,0.0,416556,0.0,0.0,,
SRR6911803,mm10,5130932,2549719,49.69309669276459,77.4,2.25,2.7,2549719,1373305,2565466,1759928,68.6,577780,227758,78.4,2.0,2.4,49388617,2565466,789791,30.8,1703125,72550,76.4,2.5,3.0,24014473,1759928,1759928,1335996,0,1335996,0,789791,789791,37309,0,37309,0,05.align/SRR6911803_1.clean_bismark_bt2.bam,100.0,100.0,75.912,0.0,100.0,0.0,0,0.0,0,0.0,05.align/SRR6911803_2.clean_bismark_bt2.bam,100.0,100.0,4.7239,0.0,100.0,0.0,0,0.0,0,0.0,471666,0.0,0.0,,
SRR6911804,mm10,5691322,2729325,47.95590549963612,75.5,2.55,3.0,2729325,1466338,2845661,1877056,66.0,625499,343106,76.5,2.3,2.7,52501000,2845661,852269,29.9,1894650,98742,74.5,2.8,3.3,26067711,1877056,1877056,1425767,0,1425767,0,852269,852269,40571,0,40571,0,05.align/SRR6911804_1.clean_bismark_bt2.bam,100.0,100.0,75.9576,0.0,100.0,0.0,0,0.0,0,0.0,05.align/SRR6911804_2.clean_bismark_bt2.bam,100.0,100.0,4.7604,0.0,100.0,0.0,0,0.0,0,0.0,499620,2.055,0.0,,
SRR6911805,mm10,3745506,1812040,48.37904411313184,76.1,2.35,2.85,1812040,969577,1872753,1251387,66.8,456817,164549,77.0,2.1,2.5,35232129,1872753,560653,29.9,1260063,52037,75.2,2.6,3.2,17114570,1251387,1251387,942502,0,942502,0,560653,560653,27075,0,27075,0,05.align/SRR6911805_1.clean_bismark_bt2.bam,100.0,100.0,75.3166,0.0,100.0,0.0,0,0.0,0,0.0,05.align/SRR6911805_2.clean_bismark_bt2.bam,100.0,100.0,4.8292,0.0,100.0,0.0,0,0.0,0,0.0,335622,0.0,0.0,,
SRR6911806,mm10,2646914,1317227,49.76463156717597,78.5,2.85,3.45,1317227,714258,1323457,914556,69.1,312947,95954,79.2,2.6,3.1,25559668,1323457,402671,30.4,889135,31651,77.8,3.1,3.8,12177103,914556,914556,695594,0,695594,0,402671,402671,18664,0,18664,0,05.align/SRR6911806_1.clean_bismark_bt2.bam,100.0,100.0,76.0581,0.0,100.0,0.0,0,0.0,0,0.0,05.align/SRR6911806_2.clean_bismark_bt2.bam,100.0,100.0,4.635,0.0,100.0,0.0,0,0.0,0,0.0,237650,0.0,11.111,,
SRR6911807,mm10,5261084,2578079,49.00281006727892,76.7,2.3,2.7,2578079,1367190,2630542,1795651,68.3,608835,226056,77.4,2.1,2.4,50514886,2630542,782428,29.7,1776435,71679,76.0,2.5,3.0,23813332,1795651,1795651,1331184,0,1331184,0,782428,782428,36006,0,36006,0,05.align/SRR6911807_1.clean_bismark_bt2.bam,100.0,100.0,74.1338,0.0,100.0,0.0,0,0.0,0,0.0,05.align/SRR6911807_2.clean_bismark_bt2.bam,100.0,100.0,4.6018,0.0,100.0,0.0,0,0.0,0,0.0,463933,,,,
SRR6911808,mm10,4883834,2394236,49.02369736563528,80.2,2.8,3.3,2394236,1258722,2441917,1672806,68.5,553999,215112,80.7,2.6,3.0,46796944,2441917,721430,29.5,1652982,67505,79.7,3.0,3.6,21923247,1672806,1672806,1225858,0,1225858,0,721430,721430,32864,0,32864,0,05.align/SRR6911808_1.clean_bismark_bt2.bam,100.0,100.0,73.2815,0.0,100.0,0.0,0,0.0,0,0.0,05.align/SRR6911808_2.clean_bismark_bt2.bam,100.0,100.0,4.5554,0.0,100.0,0.0,0,0.0,0,0.0,422710,0.0,0.0,,
SRR6911809,mm10,5192670,2618326,50.42350081942431,75.25,1.9,2.25,2618326,1430732,2596335,1787838,68.9,585274,223223,76.0,1.6,1.9,50231031,2596335,830488,32.0,1690053,75794,74.5,2.2,2.6,25284663,1787838,1787838,1388981,0,1388981,0,830488,830488,41751,0,41751,0,05.align/SRR6911809_1.clean_bismark_bt2.bam,100.0,100.0,77.6905,0.0,100.0,0.0,0,0.0,0,0.0,05.align/SRR6911809_2.clean_bismark_bt2.bam,100.0,100.0,5.0273,0.0,100.0,0.0,0,0.0,0,0.0,461782,16.667,0.0,,
SRR6911810,mm10,3822630,1995802,52.210179902318565,77.85,3.25,3.85,1995802,1103961,1911315,1367365,71.5,384227,159723,78.3,3.0,3.5,38377660,1911315,628437,32.9,1226228,56650,77.4,3.5,4.2,19077440,1367365,1367365,1072331,0,1072331,0,628437,628437,31630,0,31630,0,05.align/SRR6911810_1.clean_bismark_bt2.bam,100.0,100.0,78.4232,0.0,100.0,0.0,0,0.0,0,0.0,05.align/SRR6911810_2.clean_bismark_bt2.bam,100.0,100.0,5.0331,0.0,100.0,0.0,0,0.0,0,0.0,349059,3.226,0.0,,
SRR6911811,mm10,6547482,3231388,49.35314064246377,77.0,2.6,3.05,3231387,1741129,3273741,2217095,67.7,773025,283621,77.9,2.3,2.7,62247023,3273741,1014293,31.0,2166264,93184,76.1,2.9,3.4,30860671,2217094,2217094,1692362,0,1692362,0,1014293,1014293,48767,0,48767,0,05.align/SRR6911811_1.clean_bismark_bt2.bam,100.0,100.0,76.3324,0.0,100.0,0.0,0,0.0,0,0.0,05.align/SRR6911811_2.clean_bismark_bt2.bam,100.0,100.0,4.808,0.0,100.0,0.0,0,0.0,0,0.0,557554,1.471,0.0,,
SRR6911812,mm10,4629208,2110872,45.59898799103432,77.2,2.85,3.45,2110872,1129172,2314604,1452550,62.8,689237,172817,78.0,2.6,3.1,40792820,2314604,658322,28.4,1603468,52814,76.4,3.1,3.8,20056568,1452550,1452550,1096999,0,1096999,0,658322,658322,32173,0,32173,0,05.align/SRR6911812_1.clean_bismark_bt2.bam,100.0,100.0,75.5223,0.0,100.0,0.0,0,0.0,0,0.0,05.align/SRR6911812_2.clean_bismark_bt2.bam,100.0,100.0,4.8871,0.0,100.0,0.0,0,0.0,0,0.0,364121,4.348,0.0,,
SRR6911813,mm10,5082650,2508175,49.34778117714185,76.3,2.15,2.55,2508174,1331773,2541325,1734587,68.3,602237,204501,77.0,1.9,2.2,48805041,2541325,773588,30.4,1702275,65462,75.6,2.4,2.9,23572326,1734586,1734586,1294563,0,1294563,0,773588,773588,37210,0,37210,0,05.align/SRR6911813_1.clean_bismark_bt2.bam,100.0,100.0,74.6324,0.0,100.0,0.0,0,0.0,0,0.0,05.align/SRR6911813_2.clean_bismark_bt2.bam,100.0,100.0,4.8101,0.0,100.0,0.0,0,0.0,0,0.0,427122,0.0,,,
SRR6911814,mm10,4759384,2373576,49.87149597510938,77.1,2.15,2.6,2373576,1252025,2379692,1643308,69.1,532936,203448,77.9,1.9,2.3,45953343,2379692,730268,30.7,1582145,67279,76.3,2.4,2.9,22166642,1643308,1643308,1217196,0,1217196,0,730268,730268,34829,0,34829,0,05.align/SRR6911814_1.clean_bismark_bt2.bam,100.0,100.0,74.0699,0.0,100.0,0.0,0,0.0,0,0.0,05.align/SRR6911814_2.clean_bismark_bt2.bam,100.0,100.0,4.7693,0.0,100.0,0.0,0,0.0,0,0.0,396014,5.0,0.0,,
SRR6911815,mm10,5707616,2683069,47.00857590980192,74.30000000000001,1.45,1.5,2683069,1442318,2853808,1819250,63.7,792089,242469,75.4,1.2,1.2,51105703,2853808,863819,30.3,1911655,78334,73.2,1.7,1.8,26400161,1819250,1819250,1399695,0,1399695,0,863819,863819,42623,0,42623,0,05.align/SRR6911815_1.clean_bismark_bt2.bam,100.0,100.0,76.938,0.0,100.0,0.0,0,0.0,0,0.0,05.align/SRR6911815_2.clean_bismark_bt2.bam,100.0,100.0,4.9343,0.0,100.0,0.0,0,0.0,0,0.0,500051,0.0,0.0,,
SRR6911816,mm10,7259850,3461979,47.686646418314425,74.05,1.45,1.55,3461979,1851348,3629925,2342799,64.5,911632,375494,75.1,1.2,1.3,65889399,3629925,1119180,30.8,2391389,119356,73.0,1.7,1.8,34394324,2342799,2342799,1794119,0,1794119,0,1119180,1119180,57229,0,57229,0,05.align/SRR6911816_1.clean_bismark_bt2.bam,100.0,100.0,76.5802,0.0,100.0,0.0,0,0.0,0,0.0,05.align/SRR6911816_2.clean_bismark_bt2.bam,100.0,100.0,5.1135,0.0,100.0,0.0,0,0.0,0,0.0,635873,1.1905,0.0,,
SRR6911817,mm10,4105100,1998989,48.6952571191932,71.0,1.05,1.05,1998989,1060489,2052550,1356031,66.1,514719,181800,71.9,0.8,0.8,38123956,2052550,642958,31.3,1349581,60011,70.1,1.3,1.3,19618385,1356031,1356031,1027802,0,1027802,0,642958,642958,32687,0,32687,0,05.align/SRR6911817_1.clean_bismark_bt2.bam,100.0,100.0,75.7949,0.0,100.0,0.0,0,0.0,0,0.0,05.align/SRR6911817_2.clean_bismark_bt2.bam,100.0,100.0,5.0838,0.0,100.0,0.0,0,0.0,0,0.0,364508,,,,
SRR6911818,mm10,5427296,2671243,49.21867169212808,69.05,1.15,1.15,2671243,1404369,2713648,1826530,67.3,652664,234454,70.1,0.9,0.9,51502373,2713648,844713,31.1,1792139,76796,68.0,1.4,1.4,25817060,1826530,1826530,1362817,0,1362817,0,844713,844713,41552,0,41552,0,05.align/SRR6911818_1.clean_bismark_bt2.bam,100.0,100.0,74.6124,0.0,100.0,0.0,0,0.0,0,0.0,05.align/SRR6911818_2.clean_bismark_bt2.bam,100.0,100.0,4.9191,0.0,100.0,0.0,0,0.0,0,0.0,482915,5.263,9.524,,
SRR6911819,mm10,6572650,3356866,51.07325051539333,77.8,2.95,3.45,3356866,1768874,3286325,2226236,67.7,771320,288769,78.8,2.7,3.2,62551095,3286325,1130630,34.4,2057997,97698,76.8,3.2,3.7,34567937,2226236,2226236,1712115,0,1712115,0,1130630,1130630,56759,0,56759,0,05.align/SRR6911819_1.clean_bismark_bt2.bam,100.0,100.0,76.9063,0.0,100.0,0.0,0,0.0,0,0.0,05.align/SRR6911819_2.clean_bismark_bt2.bam,100.0,100.0,5.0201,0.0,100.0,0.0,0,0.0,0,0.0,595307,1.6665,0.0,,
SRR6911820,mm10,4809784,2440960,50.74988814466512,75.94999999999999,2.35,2.75,2440960,1284260,2404892,1628060,67.7,560140,216692,76.8,2.1,2.5,45835193,2404892,812900,33.8,1517470,74522,75.1,2.6,3.0,24868193,1628060,1628060,1244843,0,1244843,0,812900,812900,39417,0,39417,0,05.align/SRR6911820_1.clean_bismark_bt2.bam,100.0,100.0,76.4617,0.0,100.0,0.0,0,0.0,0,0.0,05.align/SRR6911820_2.clean_bismark_bt2.bam,100.0,100.0,4.8489,0.0,100.0,0.0,0,0.0,0,0.0,439356,0.0,0.0,,
SRR6911821,mm10,3846442,1766467,45.924701321377,75.95,2.55,3.0,1766466,920371,1923221,1182681,61.5,585323,155217,77.0,2.3,2.7,33088672,1923221,583786,30.4,1288077,51358,74.9,2.8,3.3,17822635,1182680,1182680,892079,0,892079,0,583786,583786,28292,0,28292,0,05.align/SRR6911821_1.clean_bismark_bt2.bam,100.0,100.0,75.4286,0.0,100.0,0.0,0,0.0,0,0.0,05.align/SRR6911821_2.clean_bismark_bt2.bam,100.0,100.0,4.8463,0.0,100.0,0.0,0,0.0,0,0.0,310192,0.0,0.0,,
SRR6911822,mm10,3476182,1778547,51.163805577498536,80.65,3.45,4.050000000000001,1778547,953664,1738091,1173190,67.5,399913,164988,81.3,3.2,3.7,32996662,1738091,605357,34.8,1075188,57546,80.0,3.7,4.4,18510155,1173190,1173190,917140,0,917140,0,605357,605357,36524,0,36524,0,05.align/SRR6911822_1.clean_bismark_bt2.bam,100.0,100.0,78.1749,0.0,100.0,0.0,0,0.0,0,0.0,05.align/SRR6911822_2.clean_bismark_bt2.bam,100.0,100.0,6.0335,0.0,100.0,0.0,0,0.0,0,0.0,340856,2.703,0.0,,
SRR6911823,mm10,2685476,1358592,50.59036088946615,80.7,2.75,3.2,1358592,713044,1342738,898023,66.9,336372,108343,81.4,2.5,2.9,25089583,1342738,460569,34.3,847945,34224,80.0,3.0,3.5,13957425,898023,898023,686842,0,686842,0,460569,460569,26202,0,26202,0,05.align/SRR6911823_1.clean_bismark_bt2.bam,100.0,100.0,76.4838,0.0,100.0,0.0,0,0.0,0,0.0,05.align/SRR6911823_2.clean_bismark_bt2.bam,100.0,100.0,5.689,0.0,100.0,0.0,0,0.0,0,0.0,247768,0.0,0.0,,
SRR6911824,mm10,3658786,1836685,50.19930107964773,77.8,2.95,3.45,1836685,964418,1829393,1221303,66.8,446849,161241,78.5,2.7,3.2,34362414,1829393,615382,33.6,1157535,56476,77.1,3.2,3.7,18795115,1221303,1221303,930135,0,930135,0,615382,615382,34283,0,34283,0,05.align/SRR6911824_1.clean_bismark_bt2.bam,100.0,100.0,76.1592,0.0,100.0,0.0,0,0.0,0,0.0,05.align/SRR6911824_2.clean_bismark_bt2.bam,100.0,100.0,5.571,0.0,100.0,0.0,0,0.0,0,0.0,342728,0.0,0.0,,
SRR6911825,mm10,4055408,1859215,45.845325550474826,81.05,2.85,3.35,1859215,942053,2027704,1297936,64.0,563467,166301,81.8,2.6,3.1,36517353,2027704,561279,27.7,1414353,52072,80.3,3.1,3.6,17100957,1297936,1297936,917666,0,917666,0,561279,561279,24387,0,24387,0,05.align/SRR6911825_1.clean_bismark_bt2.bam,100.0,100.0,70.7019,0.0,100.0,0.0,0,0.0,0,0.0,05.align/SRR6911825_2.clean_bismark_bt2.bam,100.0,100.0,4.3449,0.0,100.0,0.0,0,0.0,0,0.0,340372,0.0,0.0,,
SRR6911826,mm10,3362108,1548496,46.05729500658515,77.15,2.1,2.4000000000000004,1548496,776672,1681054,1079350,64.2,464710,136994,78.2,1.8,2.1,30313344,1681054,469146,27.9,1169040,42868,76.1,2.4,2.7,14247206,1079350,1079350,756493,0,756493,0,469146,469146,20179,0,20179,0,05.align/SRR6911826_1.clean_bismark_bt2.bam,100.0,100.0,70.0878,0.0,100.0,0.0,0,0.0,0,0.0,05.align/SRR6911826_2.clean_bismark_bt2.bam,100.0,100.0,4.3012,0.0,100.0,0.0,0,0.0,0,0.0,282984,0.0,0.0,,
SRR6911827,mm10,3544438,1637653,46.20346018183983,75.5,1.95,2.25,1637653,810043,1772219,1140505,64.4,490461,141253,76.8,1.7,2.0,32055244,1772219,497148,28.1,1230424,44647,74.2,2.2,2.5,15151433,1140505,1140505,789070,0,789070,0,497148,497148,20973,0,20973,0,05.align/SRR6911827_1.clean_bismark_bt2.bam,100.0,100.0,69.186,0.0,100.0,0.0,0,0.0,0,0.0,05.align/SRR6911827_2.clean_bismark_bt2.bam,100.0,100.0,4.2187,0.0,100.0,0.0,0,0.0,0,0.0,296348,0.0,0.0,,
SRR6911828,mm10,5832438,2640335,45.26983398709082,78.2,2.75,3.25,2640335,1294181,2916219,1844516,63.3,788330,283373,79.5,2.5,3.0,51658101,2916219,795819,27.3,2038868,81532,76.9,3.0,3.5,24269270,1844516,1844516,1259516,0,1259516,0,795819,795819,34665,0,34665,0,05.align/SRR6911828_1.clean_bismark_bt2.bam,100.0,100.0,68.2844,0.0,100.0,0.0,0,0.0,0,0.0,05.align/SRR6911828_2.clean_bismark_bt2.bam,100.0,100.0,4.3559,0.0,100.0,0.0,0,0.0,0,0.0,464824,2.5,3.5715,,
SRR6911829,mm10,5319416,2466188,46.3620066563698,79.95,2.45,2.85,2466188,1194039,2659708,1723820,64.8,722460,213428,80.7,2.2,2.6,48440609,2659708,742368,27.9,1850695,66645,79.2,2.7,3.1,22552488,1723820,1723820,1161599,0,1161599,0,742368,742368,32440,0,32440,0,05.align/SRR6911829_1.clean_bismark_bt2.bam,100.0,100.0,67.3852,0.0,100.0,0.0,0,0.0,0,0.0,05.align/SRR6911829_2.clean_bismark_bt2.bam,100.0,100.0,4.3698,0.0,100.0,0.0,0,0.0,0,0.0,427405,0.0,0.0,,
SRR6911830,mm10,4500862,2036099,45.23797885827204,77.44999999999999,3.05,3.6,2036099,990017,2250431,1437876,63.9,637682,174873,78.6,2.8,3.4,40328740,2250431,598223,26.6,1598736,53472,76.3,3.3,3.8,18171454,1437876,1437876,965046,0,965046,0,598223,598223,24971,0,24971,0,05.align/SRR6911830_1.clean_bismark_bt2.bam,100.0,100.0,67.1161,0.0,100.0,0.0,0,0.0,0,0.0,05.align/SRR6911830_2.clean_bismark_bt2.bam,100.0,100.0,4.1742,0.0,100.0,0.0,0,0.0,0,0.0,352567,0.0,0.0,,
SRR6911831,mm10,5489948,2520897,45.91841307057917,80.95,3.35,3.9,2520897,1195439,2744974,1782111,64.9,746863,216000,81.7,3.1,3.7,49875021,2744974,738786,26.9,1939927,66261,80.2,3.6,4.1,22366383,1782111,1782111,1164803,0,1164803,0,738786,738786,30636,0,30636,0,05.align/SRR6911831_1.clean_bismark_bt2.bam,100.0,100.0,65.3609,0.0,100.0,0.0,0,0.0,0,0.0,05.align/SRR6911831_2.clean_bismark_bt2.bam,100.0,100.0,4.1468,0.0,100.0,0.0,0,0.0,0,0.0,423916,0.8065,0.0,,
SRR6911832,mm10,5516168,2549505,46.21876998670091,77.19999999999999,1.8,1.9,2549505,1275105,2758084,1784781,64.7,752967,220336,78.1,1.5,1.6,50100758,2758084,764724,27.7,1925686,67674,76.3,2.1,2.2,23240898,1784781,1784781,1242326,0,1242326,0,764724,764724,32779,0,32779,0,05.align/SRR6911832_1.clean_bismark_bt2.bam,100.0,100.0,69.6066,0.0,100.0,0.0,0,0.0,0,0.0,05.align/SRR6911832_2.clean_bismark_bt2.bam,100.0,100.0,4.2864,0.0,100.0,0.0,0,0.0,0,0.0,424669,,,,
SRR6911833,mm10,8221572,3795453,46.16456560862083,73.8,1.5,1.55,3795453,1885162,4110786,2647380,64.4,1137827,325579,75.0,1.2,1.3,74193814,4110786,1148073,27.9,2862378,100335,72.6,1.8,1.8,34904684,2647380,2647380,1836839,0,1836839,0,1148073,1148073,48323,0,48323,0,05.align/SRR6911833_1.clean_bismark_bt2.bam,100.0,100.0,69.3833,0.0,100.0,0.0,0,0.0,0,0.0,05.align/SRR6911833_2.clean_bismark_bt2.bam,100.0,100.0,4.2091,0.0,100.0,0.0,0,0.0,0,0.0,621928,0.0,0.0,,
SRR6911834,mm10,14897010,6926510,46.49597469559328,72.1,1.05,1.05,6926509,3384562,7448505,4821996,64.7,2034390,592119,73.3,0.8,0.8,135310771,7448505,2104514,28.3,5159433,184558,70.9,1.3,1.3,63991648,4821995,4821995,3291779,0,3291779,0,2104514,2104514,92783,0,92783,0,05.align/SRR6911834_1.clean_bismark_bt2.bam,100.0,100.0,68.2659,0.0,100.0,0.0,0,0.0,0,0.0,05.align/SRR6911834_2.clean_bismark_bt2.bam,100.0,100.0,4.4088,0.0,100.0,0.0,0,0.0,0,0.0,1089371,2.83,3.5715,,
SRR6911835,mm10,8398396,3786552,45.08660939541313,74.9,1.3,1.35,3786552,1851040,4199198,2660823,63.4,1217280,321095,76.2,1.0,1.1,74605090,4199198,1125729,26.8,2974143,99326,73.6,1.6,1.6,34231735,2660823,2660823,1803447,0,1803447,0,1125729,1125729,47593,0,47593,0,05.align/SRR6911835_1.clean_bismark_bt2.bam,100.0,100.0,67.7778,0.0,100.0,0.0,0,0.0,0,0.0,05.align/SRR6911835_2.clean_bismark_bt2.bam,100.0,100.0,4.2277,0.0,100.0,0.0,0,0.0,0,0.0,600633,1.25,0.0,,
SRR6911836,mm10,5094492,2399235,47.09468579006504,78.35,2.2,2.55,2399235,1203283,2547246,1637062,64.3,708782,201402,79.4,1.9,2.3,46017626,2547246,762173,29.9,1718331,66742,77.3,2.5,2.8,23274655,1637062,1637062,1169751,0,1169751,0,762173,762173,33532,0,33532,0,05.align/SRR6911836_1.clean_bismark_bt2.bam,100.0,100.0,71.4543,0.0,100.0,0.0,0,0.0,0,0.0,05.align/SRR6911836_2.clean_bismark_bt2.bam,100.0,100.0,4.3995,0.0,100.0,0.0,0,0.0,0,0.0,428897,0.0,0.0,,
SRR6911837,mm10,4848750,2252556,46.456426914153134,77.25,2.1,2.45,2252556,1112080,2424375,1543087,63.6,686660,194628,78.3,1.8,2.2,43319311,2424375,709469,29.3,1652359,62547,76.2,2.4,2.7,21592793,1543087,1543087,1080512,0,1080512,0,709469,709469,31568,0,31568,0,05.align/SRR6911837_1.clean_bismark_bt2.bam,100.0,100.0,70.0228,0.0,100.0,0.0,0,0.0,0,0.0,05.align/SRR6911837_2.clean_bismark_bt2.bam,100.0,100.0,4.4495,0.0,100.0,0.0,0,0.0,0,0.0,400382,0.0,0.0,,
SRR6911838,mm10,4973944,2324750,46.73856400474151,81.45,2.95,3.45,2324750,1147349,2486972,1590752,64.0,694896,201324,82.5,2.7,3.2,44686525,2486972,733998,29.5,1686989,65985,80.4,3.2,3.7,22397379,1590752,1590752,1116155,0,1116155,0,733998,733998,31194,0,31194,0,05.align/SRR6911838_1.clean_bismark_bt2.bam,100.0,100.0,70.1652,0.0,100.0,0.0,0,0.0,0,0.0,05.align/SRR6911838_2.clean_bismark_bt2.bam,100.0,100.0,4.2499,0.0,100.0,0.0,0,0.0,0,0.0,412217,0.0,0.0,,
SRR6911839,mm10,4789314,2184178,45.6052369921872,81.55,3.35,4.0,2184178,1069866,2394657,1492981,62.3,660115,241561,82.5,3.1,3.8,41923201,2394657,691197,28.9,1629797,73663,80.6,3.6,4.2,21222348,1492981,1492981,1039252,0,1039252,0,691197,691197,30614,0,30614,0,05.align/SRR6911839_1.clean_bismark_bt2.bam,100.0,100.0,69.6092,0.0,100.0,0.0,0,0.0,0,0.0,05.align/SRR6911839_2.clean_bismark_bt2.bam,100.0,100.0,4.4291,0.0,100.0,0.0,0,0.0,0,0.0,383454,0.0,0.0,,
SRR6911840,mm10,4478026,2115258,47.23639389320205,77.25,1.85,2.15,2115258,1025693,2239013,1441023,64.4,607985,190005,78.3,1.6,1.9,40520307,2239013,674235,30.1,1501313,63465,76.2,2.1,2.4,20608081,1441023,1441023,995956,0,995956,0,674235,674235,29737,0,29737,0,05.align/SRR6911840_1.clean_bismark_bt2.bam,100.0,100.0,69.1145,0.0,100.0,0.0,0,0.0,0,0.0,05.align/SRR6911840_2.clean_bismark_bt2.bam,100.0,100.0,4.4105,0.0,100.0,0.0,0,0.0,0,0.0,368405,0.0,0.0,,
SRR6911841,mm10,5461954,2553898,46.75795512009072,83.5,3.3,3.9,2553898,1255055,2730977,1762177,64.5,754217,214583,84.4,3.1,3.7,49534321,2730977,791721,29.0,1868682,70574,82.6,3.5,4.1,24169735,1762177,1762177,1220101,0,1220101,0,791721,791721,34954,0,34954,0,05.align/SRR6911841_1.clean_bismark_bt2.bam,100.0,100.0,69.2383,0.0,100.0,0.0,0,0.0,0,0.0,05.align/SRR6911841_2.clean_bismark_bt2.bam,100.0,100.0,4.4149,0.0,100.0,0.0,0,0.0,0,0.0,444950,0.0,0.0,,
SRR6911842,mm10,5390388,2449929,45.44995647808655,78.05,2.75,3.25,2449929,1173777,2695194,1686918,62.6,800290,207986,79.3,2.5,3.0,47400792,2695194,763011,28.3,1867169,65014,76.8,3.0,3.5,23225399,1686918,1686918,1140495,0,1140495,0,763011,763011,33282,0,33282,0,05.align/SRR6911842_1.clean_bismark_bt2.bam,100.0,100.0,67.6082,0.0,100.0,0.0,0,0.0,0,0.0,05.align/SRR6911842_2.clean_bismark_bt2.bam,100.0,100.0,4.3619,0.0,100.0,0.0,0,0.0,0,0.0,414461,4.762,0.0,,
SRR6911843,mm10,2401916,1025099,42.67838675457426,80.7,3.05,3.6,1025099,493602,1200958,704779,58.7,396509,99670,81.5,2.8,3.4,19658766,1200958,320320,26.7,845387,35251,79.9,3.3,3.8,9699100,704779,704779,480347,0,480347,0,320320,320320,13255,0,13255,0,05.align/SRR6911843_1.clean_bismark_bt2.bam,100.0,100.0,68.1557,0.0,100.0,0.0,0,0.0,0,0.0,05.align/SRR6911843_2.clean_bismark_bt2.bam,100.0,100.0,4.138,0.0,100.0,0.0,0,0.0,0,0.0,172099,3.846,0.0,,
SRR6911844,mm10,3834804,1746893,45.553644984202585,76.35,2.2,2.55,1746892,872229,1917402,1209522,63.1,551646,156234,77.6,1.9,2.3,34063823,1917402,537371,28.0,1331893,48138,75.1,2.5,2.8,16436795,1209521,1209521,849090,0,849090,0,537371,537371,23139,0,23139,0,05.align/SRR6911844_1.clean_bismark_bt2.bam,100.0,100.0,70.2005,0.0,100.0,0.0,0,0.0,0,0.0,05.align/SRR6911844_2.clean_bismark_bt2.bam,100.0,100.0,4.306,0.0,100.0,0.0,0,0.0,0,0.0,309580,0.0,0.0,,
SRR6911845,mm10,4018408,1899767,47.27660804975503,79.1,2.85,3.35,1899767,953914,2009204,1312832,65.3,534708,161664,80.1,2.6,3.1,36959258,2009204,586935,29.2,1370165,52104,78.1,3.1,3.6,17932708,1312832,1312832,927979,0,927979,0,586935,586935,25935,0,25935,0,05.align/SRR6911845_1.clean_bismark_bt2.bam,100.0,100.0,70.6853,0.0,100.0,0.0,0,0.0,0,0.0,05.align/SRR6911845_2.clean_bismark_bt2.bam,100.0,100.0,4.4187,0.0,100.0,0.0,0,0.0,0,0.0,337348,0.5,0.0,,
SRR6911846,mm10,4632622,1974168,42.61448484249309,78.9,3.25,3.85,1974168,981174,2316311,1364077,58.9,777724,174510,80.2,3.0,3.6,38349069,2316311,610091,26.3,1651385,54835,77.6,3.5,4.1,18646850,1364077,1364077,955448,0,955448,0,610091,610091,25726,0,25726,0,05.align/SRR6911846_1.clean_bismark_bt2.bam,100.0,100.0,70.0436,0.0,100.0,0.0,0,0.0,0,0.0,05.align/SRR6911846_2.clean_bismark_bt2.bam,100.0,100.0,4.2167,0.0,100.0,0.0,0,0.0,0,0.0,347246,0.0,0.0,,
SRR6911847,mm10,5493456,2500351,45.515081944772106,81.94999999999999,4.1,4.7,2500351,1230514,2746728,1733002,63.1,733305,280421,83.1,3.9,4.5,48692008,2746728,767349,27.9,1897649,81730,80.8,4.3,4.9,23550832,1733002,1733002,1197093,0,1197093,0,767349,767349,33421,0,33421,0,05.align/SRR6911847_1.clean_bismark_bt2.bam,100.0,100.0,69.0763,0.0,100.0,0.0,0,0.0,0,0.0,05.align/SRR6911847_2.clean_bismark_bt2.bam,100.0,100.0,4.3554,0.0,100.0,0.0,0,0.0,0,0.0,429076,0.0,0.0,,
SRR6911848,mm10,4034312,1884288,46.706551203774026,79.6,2.75,3.2,1884288,917864,2017156,1302341,64.6,550621,164194,80.7,2.5,3.0,36661107,2017156,581947,28.8,1382458,52751,78.5,3.0,3.4,17760134,1302341,1302341,893169,0,893169,0,581947,581947,24695,0,24695,0,05.align/SRR6911848_1.clean_bismark_bt2.bam,100.0,100.0,68.5818,0.0,100.0,0.0,0,0.0,0,0.0,05.align/SRR6911848_2.clean_bismark_bt2.bam,100.0,100.0,4.2435,0.0,100.0,0.0,0,0.0,0,0.0,323460,0.0,0.0,,
SRR6911849,mm10,2848996,1445191,50.72632604608781,76.30000000000001,2.05,2.45,1445190,752731,1424498,970276,68.1,327755,126467,77.2,1.8,2.2,27126232,1424498,474915,33.3,907383,42200,75.4,2.3,2.7,14466228,970275,970275,730662,0,730662,0,474915,474915,22069,0,22069,0,05.align/SRR6911849_1.clean_bismark_bt2.bam,100.0,100.0,75.3046,0.0,100.0,0.0,0,0.0,0,0.0,05.align/SRR6911849_2.clean_bismark_bt2.bam,100.0,100.0,4.6469,0.0,100.0,0.0,0,0.0,0,0.0,275844,0.0,0.0,,
SRR6911850,mm10,2668144,1356475,50.839647335376206,76.85,1.95,2.25,1356475,701804,1334072,915841,68.7,300698,117533,77.6,1.7,2.0,25618257,1334072,440634,33.0,854703,38735,76.1,2.2,2.5,13415236,915841,915841,681242,0,681242,0,440634,440634,20562,0,20562,0,05.align/SRR6911850_1.clean_bismark_bt2.bam,100.0,100.0,74.3843,0.0,100.0,0.0,0,0.0,0,0.0,05.align/SRR6911850_2.clean_bismark_bt2.bam,100.0,100.0,4.6665,0.0,100.0,0.0,0,0.0,0,0.0,256063,0.0,0.0,,
SRR6911851,mm10,2948220,1481749,50.25910549416258,81.7,2.75,3.35,1481749,764831,1474110,1001008,67.9,344805,128297,82.4,2.5,3.1,27995106,1474110,480741,32.6,951081,42288,81.0,3.0,3.6,14640516,1001008,1001008,743264,0,743264,0,480741,480741,21567,0,21567,0,05.align/SRR6911851_1.clean_bismark_bt2.bam,100.0,100.0,74.2516,0.0,100.0,0.0,0,0.0,0,0.0,05.align/SRR6911851_2.clean_bismark_bt2.bam,100.0,100.0,4.4862,0.0,100.0,0.0,0,0.0,0,0.0,280754,0.0,0.0,,
SRR6911852,mm10,3325382,1613261,48.51355423226565,76.65,2.15,2.5,1613261,818649,1662691,1089660,65.5,380999,192032,77.9,1.9,2.3,30459190,1662691,523601,31.5,1085782,53308,75.4,2.4,2.7,16014024,1089660,1089660,794657,0,794657,0,523601,523601,23992,0,23992,0,05.align/SRR6911852_1.clean_bismark_bt2.bam,100.0,100.0,72.9271,0.0,100.0,0.0,0,0.0,0,0.0,05.align/SRR6911852_2.clean_bismark_bt2.bam,100.0,100.0,4.5821,0.0,100.0,0.0,0,0.0,0,0.0,298958,0.0,,,
SRR6911853,mm10,3009452,1496606,49.73018343538956,81.25,2.8,3.45,1496606,752404,1504726,1018382,67.7,354106,132238,81.9,2.6,3.2,28458202,1504726,478224,31.8,983459,43043,80.6,3.0,3.7,14537016,1018382,1018382,730470,0,730470,0,478224,478224,21934,0,21934,0,05.align/SRR6911853_1.clean_bismark_bt2.bam,100.0,100.0,71.7285,0.0,100.0,0.0,0,0.0,0,0.0,05.align/SRR6911853_2.clean_bismark_bt2.bam,100.0,100.0,4.5866,0.0,100.0,0.0,0,0.0,0,0.0,273021,0.0,0.0,,
SRR6911854,mm10,3060458,1505907,49.20528234662916,82.9,2.4000000000000004,2.95,1505907,760380,1530229,1025733,67.0,375128,129368,83.6,2.2,2.7,28648842,1530229,480174,31.4,1007226,42829,82.2,2.6,3.2,14607371,1025733,1025733,739153,0,739153,0,480174,480174,21227,0,21227,0,05.align/SRR6911854_1.clean_bismark_bt2.bam,100.0,100.0,72.061,0.0,100.0,0.0,0,0.0,0,0.0,05.align/SRR6911854_2.clean_bismark_bt2.bam,100.0,100.0,4.4207,0.0,100.0,0.0,0,0.0,0,0.0,274079,1.5875,0.0,,
SRR6911855,mm10,2708104,1323273,48.86344837569015,77.05000000000001,1.85,2.25,1323273,652378,1354052,905935,66.9,332880,115237,77.9,1.6,2.0,25317698,1354052,417338,30.8,899819,36895,76.2,2.1,2.5,12670591,905935,905935,634012,0,634012,0,417338,417338,18366,0,18366,0,05.align/SRR6911855_1.clean_bismark_bt2.bam,100.0,100.0,69.9843,0.0,100.0,0.0,0,0.0,0,0.0,05.align/SRR6911855_2.clean_bismark_bt2.bam,100.0,100.0,4.4007,0.0,100.0,0.0,0,0.0,0,0.0,233838,0.0,0.0,,
SRR6911856,mm10,2472068,1256451,50.82590770156808,78.1,3.5,4.15,1256451,632297,1236034,859832,69.6,273483,102719,78.9,3.3,3.9,23878761,1236034,396619,32.1,804509,34906,77.3,3.7,4.4,12004660,859832,859832,615128,0,615128,0,396619,396619,17169,0,17169,0,05.align/SRR6911856_1.clean_bismark_bt2.bam,100.0,100.0,71.5405,0.0,100.0,0.0,0,0.0,0,0.0,05.align/SRR6911856_2.clean_bismark_bt2.bam,100.0,100.0,4.3288,0.0,100.0,0.0,0,0.0,0,0.0,222529,0.0,0.0,,
SRR6911857,mm10,3346324,1645529,49.17422819786727,79.35,2.5,3.1,1645529,880811,1673162,1138481,68.0,386097,148584,80.1,2.2,2.8,31777486,1673162,507048,30.3,1119472,46642,78.6,2.8,3.4,15430542,1138481,1138481,858814,0,858814,0,507048,507048,21997,0,21997,0,05.align/SRR6911857_1.clean_bismark_bt2.bam,100.0,100.0,75.4351,0.0,100.0,0.0,0,0.0,0,0.0,05.align/SRR6911857_2.clean_bismark_bt2.bam,100.0,100.0,4.3382,0.0,100.0,0.0,0,0.0,0,0.0,313035,0.0,0.0,,
SRR6911858,mm10,2585182,1255963,48.5831558474413,76.05,2.15,2.6,1255963,664538,1292591,868979,67.2,309423,114189,77.3,1.9,2.3,24223468,1292591,386984,29.9,871591,34016,74.8,2.4,2.9,11769018,868979,868979,648270,0,648270,0,386984,386984,16268,0,16268,0,05.align/SRR6911858_1.clean_bismark_bt2.bam,100.0,100.0,74.6013,0.0,100.0,0.0,0,0.0,0,0.0,05.align/SRR6911858_2.clean_bismark_bt2.bam,100.0,100.0,4.2038,0.0,100.0,0.0,0,0.0,0,0.0,239182,0.0,0.0,,
SRR6911859,mm10,4165462,1961974,47.10099383933883,78.7,2.45,2.85,1961974,1022848,2082731,1361797,65.4,481049,239885,79.7,2.2,2.6,37972079,2082731,600177,28.8,1420083,62471,77.7,2.7,3.1,18305543,1361797,1361797,997305,0,997305,0,600177,600177,25543,0,25543,0,05.align/SRR6911859_1.clean_bismark_bt2.bam,100.0,100.0,73.2345,0.0,100.0,0.0,0,0.0,0,0.0,05.align/SRR6911859_2.clean_bismark_bt2.bam,100.0,100.0,4.2559,0.0,100.0,0.0,0,0.0,0,0.0,357675,0.0,,,
SRR6911860,mm10,3492294,1696450,48.576952570430784,76.80000000000001,1.75,2.15,1696450,873495,1746147,1182703,67.7,414086,149358,77.7,1.5,1.9,32940164,1746147,513747,29.4,1186571,45829,75.9,2.0,2.4,15554604,1182703,1182703,851655,0,851655,0,513747,513747,21840,0,21840,0,05.align/SRR6911860_1.clean_bismark_bt2.bam,100.0,100.0,72.0092,0.0,100.0,0.0,0,0.0,0,0.0,05.align/SRR6911860_2.clean_bismark_bt2.bam,100.0,100.0,4.2511,0.0,100.0,0.0,0,0.0,0,0.0,307773,0.0,0.0,,
SRR6911861,mm10,3325146,1612363,48.48999111617956,81.8,3.7,4.45,1612363,848581,1662573,1125331,67.7,394448,142794,82.5,3.5,4.2,31300654,1662573,487032,29.3,1131445,44096,81.1,3.9,4.7,14757036,1125331,1125331,828693,0,828693,0,487032,487032,19888,0,19888,0,05.align/SRR6911861_1.clean_bismark_bt2.bam,100.0,100.0,73.6399,0.0,100.0,0.0,0,0.0,0,0.0,05.align/SRR6911861_2.clean_bismark_bt2.bam,100.0,100.0,4.0835,0.0,100.0,0.0,0,0.0,0,0.0,296589,,,,
SRR6911862,mm10,3489252,1675645,48.02304333421604,77.94999999999999,2.15,2.55,1675645,864321,1744626,1173678,67.3,421927,149021,78.8,1.9,2.3,32725092,1744626,501967,28.8,1197215,45444,77.1,2.4,2.8,15193379,1173678,1173678,843369,0,843369,0,501967,501967,20952,0,20952,0,05.align/SRR6911862_1.clean_bismark_bt2.bam,100.0,100.0,71.8569,0.0,100.0,0.0,0,0.0,0,0.0,05.align/SRR6911862_2.clean_bismark_bt2.bam,100.0,100.0,4.174,0.0,100.0,0.0,0,0.0,0,0.0,300203,0.0,0.0,,
SRR6911863,mm10,2814408,1365136,48.50526291852496,79.0,2.25,2.8,1365136,703381,1407204,959766,68.2,326746,120692,79.8,2.0,2.5,26575419,1407204,405370,28.8,965220,36614,78.2,2.5,3.1,12239608,959766,959766,687012,0,687012,0,405370,405370,16369,0,16369,0,05.align/SRR6911863_1.clean_bismark_bt2.bam,100.0,100.0,71.5812,0.0,100.0,0.0,0,0.0,0,0.0,05.align/SRR6911863_2.clean_bismark_bt2.bam,100.0,100.0,4.038,0.0,100.0,0.0,0,0.0,0,0.0,244309,,,,
SRR6911864,mm10,6661578,2977232,44.692593856890966,74.4,0.95,1.1,2977232,1615727,3330789,2179071,65.4,780948,370770,75.2,0.7,0.7,60823200,3330789,798161,24.0,2445459,87169,73.6,1.2,1.5,24200532,2179071,2179071,1583628,0,1583628,0,798161,798161,32099,0,32099,0,05.align/SRR6911864_1.clean_bismark_bt2.bam,100.0,100.0,72.6745,0.0,100.0,0.0,0,0.0,0,0.0,05.align/SRR6911864_2.clean_bismark_bt2.bam,100.0,100.0,4.0216,0.0,100.0,0.0,0,0.0,0,0.0,517050,2.899,0.0,,
SRR6911865,mm10,4553974,2109414,46.32029080534935,74.15,1.15,1.4,2109414,1151339,2276987,1547445,68.0,533610,195932,74.9,0.9,1.0,43158114,2276987,561969,24.7,1657766,57252,73.4,1.4,1.8,16962648,1547445,1547445,1128757,0,1128757,0,561969,561969,22582,0,22582,0,05.align/SRR6911865_1.clean_bismark_bt2.bam,100.0,100.0,72.9433,0.0,100.0,0.0,0,0.0,0,0.0,05.align/SRR6911865_2.clean_bismark_bt2.bam,100.0,100.0,4.0184,0.0,100.0,0.0,0,0.0,0,0.0,368189,0.0,0.0,,
SRR6911866,mm10,5301610,2401625,45.29991832669699,73.4,1.05,1.35,2401625,1297365,2650805,1765963,66.6,663987,220855,74.2,0.8,0.9,49324246,2650805,635662,24.0,1951770,63373,72.6,1.3,1.8,19236407,1765963,1765963,1272120,0,1272120,0,635662,635662,25245,0,25245,0,05.align/SRR6911866_1.clean_bismark_bt2.bam,100.0,100.0,72.0355,0.0,100.0,0.0,0,0.0,0,0.0,05.align/SRR6911866_2.clean_bismark_bt2.bam,100.0,100.0,3.9715,0.0,100.0,0.0,0,0.0,0,0.0,413156,,,,
SRR6911867,mm10,4838516,2209459,45.66398044359056,72.8,1.2,1.5,2209459,1173481,2419258,1625028,67.2,589753,204477,73.5,1.0,1.1,45282856,2419258,584431,24.2,1776988,57839,72.1,1.4,1.9,17617452,1625028,1625028,1150548,0,1150548,0,584431,584431,22933,0,22933,0,05.align/SRR6911867_1.clean_bismark_bt2.bam,100.0,100.0,70.8017,0.0,100.0,0.0,0,0.0,0,0.0,05.align/SRR6911867_2.clean_bismark_bt2.bam,100.0,100.0,3.924,0.0,100.0,0.0,0,0.0,0,0.0,368335,0.0,0.0,,
SRR6911868,mm10,3780326,1872141,49.52326862815535,76.4,2.0,2.4000000000000004,1872141,994136,1890163,1285498,68.0,437137,167528,77.3,1.7,2.1,35891507,1890163,586643,31.0,1250444,53076,75.5,2.3,2.7,17866750,1285498,1285498,969336,0,969336,0,586643,586643,24800,0,24800,0,05.align/SRR6911868_1.clean_bismark_bt2.bam,100.0,100.0,75.4055,0.0,100.0,0.0,0,0.0,0,0.0,05.align/SRR6911868_2.clean_bismark_bt2.bam,100.0,100.0,4.2274,0.0,100.0,0.0,0,0.0,0,0.0,358767,0.0,0.0,,
SRR6911869,mm10,3119582,1503611,48.199117702307554,75.44999999999999,2.35,2.8,1503611,795704,1559791,1037837,66.5,385677,136277,76.3,2.1,2.5,28952917,1559791,465774,29.9,1051678,42339,74.6,2.6,3.1,14152025,1037837,1037837,775861,0,775861,0,465774,465774,19843,0,19843,0,05.align/SRR6911869_1.clean_bismark_bt2.bam,100.0,100.0,74.7575,0.0,100.0,0.0,0,0.0,0,0.0,05.align/SRR6911869_2.clean_bismark_bt2.bam,100.0,100.0,4.2602,0.0,100.0,0.0,0,0.0,0,0.0,286741,0.0,0.0,,
SRR6911870,mm10,1557758,793847,50.96086811943832,78.75,2.25,2.7,793847,423672,778879,543762,69.8,171453,63664,79.6,2.0,2.4,15193762,778879,250085,32.1,506943,21851,77.9,2.5,3.0,7618627,543762,543762,413421,0,413421,0,250085,250085,10251,0,10251,0,05.align/SRR6911870_1.clean_bismark_bt2.bam,100.0,100.0,76.0298,0.0,100.0,0.0,0,0.0,0,0.0,05.align/SRR6911870_2.clean_bismark_bt2.bam,100.0,100.0,4.099,0.0,100.0,0.0,0,0.0,0,0.0,153054,0.0,0.0,,
SRR6911871,mm10,3506926,1678496,47.86231588576434,77.0,1.75,2.1,1678496,871404,1753463,1149724,65.6,410838,192901,78.0,1.5,1.8,32063846,1753463,528772,30.2,1171147,53544,76.0,2.0,2.4,16166962,1149724,1149724,849313,0,849313,0,528772,528772,22091,0,22091,0,05.align/SRR6911871_1.clean_bismark_bt2.bam,100.0,100.0,73.871,0.0,100.0,0.0,0,0.0,0,0.0,05.align/SRR6911871_2.clean_bismark_bt2.bam,100.0,100.0,4.1778,0.0,100.0,0.0,0,0.0,0,0.0,313686,0.0,0.0,,
SRR6911872,mm10,2216450,1076789,48.58169595524375,78.45,2.05,2.45,1076789,549343,1108225,743624,67.1,265602,98999,79.4,1.8,2.2,20650959,1108225,333165,30.1,743399,31661,77.5,2.3,2.7,10067210,743624,743624,535616,0,535616,0,333165,333165,13727,0,13727,0,05.align/SRR6911872_1.clean_bismark_bt2.bam,100.0,100.0,72.0278,0.0,100.0,0.0,0,0.0,0,0.0,05.align/SRR6911872_2.clean_bismark_bt2.bam,100.0,100.0,4.1202,0.0,100.0,0.0,0,0.0,0,0.0,192831,0.0,0.0,,
