0	2	78
0	11	116
0	16	150
1	-1	151
0	9	135
0	12	150
4	-1	134
0	11	145
1	29	150
0	10	133
2	16	151
0	14	150
0	22	151
0	16	151
0	18	151
0	8	137
1	14	135
0	4	128
0	-1	115
2	9	149
0	15	149
0	-1	149
0	10	151
0	5	137
0	8	150
0	-1	145
1	-1	150
1	-1	146
0	-1	147
0	33	148
0	-1	134
1	25	151
0	8	142
0	13	137
0	16	150
0	-1	137
0	6	131
1	11	136
2	9	149
1	11	149
0	9	147
0	22	103
1	25	150
0	16	151
0	1	150
0	20	149
1	-1	141
0	29	120
0	-1	145
1	-1	150
0	14	150
1	14	141
1	15	139
0	34	150
2	-1	151
0	15	150
0	-1	138
0	12	150
0	9	150
0	12	140
1	-1	133
0	16	150
1	-1	143
0	17	130
0	-1	144
0	28	147
0	18	150
0	17	127
0	-1	150
1	-1	149
1	16	149
1	17	149
0	10	148
1	-1	149
0	1	63
1	-1	145
2	16	125
0	13	150
0	16	149
1	-1	148
0	25	151
1	21	150
2	-1	150
0	18	149
0	15	150
1	10	119
0	-1	151
0	-1	150
1	7	148
0	-1	151
0	14	151
0	17	150
0	-1	148
1	-1	121
0	8	69
0	39	151
0	12	149
0	21	150
1	23	149
0	13	133
0	21	151
0	20	150
0	12	145
0	12	150
0	26	137
1	16	121
1	11	121
0	10	124
0	15	133
0	14	150
0	17	133
0	12	106
1	6	126
0	10	150
0	-1	130
0	10	118
1	10	108
0	19	145
0	22	119
0	12	138
0	12	148
0	15	151
0	-1	147
1	20	125
0	11	134
0	16	150
3	19	150
0	12	150
1	19	151
0	19	149
1	-1	150
0	13	105
0	-1	142
0	14	150
0	7	148
0	40	150
1	-1	150
1	31	149
0	15	125
0	18	116
0	20	146
1	14	134
0	12	130
0	5	66
0	18	130
0	-1	148
0	9	115
0	15	149
2	-1	141
1	13	127
0	19	117
0	-1	151
0	22	151
1	-1	151
0	25	150
0	17	151
1	13	151
0	14	148
0	16	148
0	-1	139
1	-1	141
0	19	150
0	14	139
1	18	150
0	17	149
1	18	150
0	7	149
0	-1	147
0	-1	142
0	16	150
0	3	63
0	9	150
0	29	151
1	14	150
1	18	149
0	17	149
0	15	147
0	-1	147
0	16	150
0	7	150
0	16	139
1	-1	150
0	15	150
0	20	140
1	12	135
2	10	131
1	10	120
0	19	150
0	-1	150
1	8	90
1	-1	148
0	11	150
2	14	150
1	-1	150
0	17	150
1	-1	146
0	-1	149
0	38	145
1	17	150
0	22	142
0	11	146
0	-1	144
0	14	150
0	14	147
1	9	128
0	32	150
1	22	150
0	15	149
0	-1	146
0	13	144
1	12	150
0	13	151
0	14	125
0	19	149
0	30	147
0	-1	150
0	9	146
0	14	150
0	-1	150
0	-1	149
0	-1	150
1	-1	147
1	10	151
0	-1	150
0	11	147
0	24	151
1	6	63
0	15	148
0	-1	122
1	11	149
0	-1	147
1	-1	150
0	15	149
0	6	71
1	-1	127
0	14	150
0	-1	150
0	-1	148
1	10	108
1	-1	150
0	6	64
1	-1	150
0	-1	150
0	-1	151
4	25	149
0	13	128
0	-1	151
0	13	148
0	16	150
1	23	150
1	-1	150
0	8	108
0	12	103
2	-1	133
0	10	150
0	12	138
2	38	146
0	19	149
38	46	121
1	17	127
1	-1	150
1	-1	138
2	17	150
0	9	148
0	-1	137
1	-1	145
1	10	135
1	-1	147
1	-1	150
0	9	150
2	-1	150
0	13	150
0	38	147
0	33	150
0	15	150
0	-1	151
7	-1	145
1	37	150
0	-1	150
1	-1	141
1	-1	148
0	21	149
0	-1	105
0	-1	146
0	-1	145
1	20	150
0	34	150
0	16	142
1	23	150
0	21	150
0	15	150
0	20	148
1	19	149
2	22	149
0	16	142
38	59	150
1	-1	146
0	22	146
0	-1	138
0	9	143
0	15	150
0	21	151
1	25	148
0	-1	147
0	-1	150
0	13	150
0	11	149
0	-1	148
1	17	150
0	16	139
0	13	142
2	-1	151
0	-1	150
0	25	138
0	13	148
0	16	150
1	-1	121
20	20	84
1	-1	149
0	18	146
0	15	134
0	11	100
0	-1	150
0	-1	149
0	-1	105
1	-1	151
0	13	135
2	-1	145
0	11	149
0	14	149
0	18	147
0	-1	146
0	36	149
0	5	138
1	-1	148
0	16	150
0	23	150
1	-1	151
0	-1	151
0	-1	150
1	10	150
0	26	150
0	19	150
0	-1	149
2	17	150
0	24	151
0	12	145
0	-1	149
1	16	150
0	14	113
1	-1	150
0	16	150
0	-1	150
0	14	151
1	18	150
0	10	148
1	40	136
0	10	130
0	-1	150
0	15	150
2	-1	150
0	-1	133
0	9	150
0	24	149
0	8	143
1	-1	149
1	-1	150
0	16	150
1	15	150
0	7	150
3	37	149
0	14	119
0	-1	148
0	15	150
0	21	147
1	-1	146
0	15	151
0	13	150
0	14	150
0	26	147
0	18	99
1	-1	149
1	12	150
0	-1	149
0	11	149
0	-1	150
1	-1	151
0	5	134
1	15	150
0	28	138
1	15	151
0	8	133
2	19	150
0	-1	150
1	22	150
0	-1	140
0	20	145
0	18	138
0	-1	146
0	16	149
0	27	151
0	-1	147
2	17	150
0	21	140
1	-1	150
1	20	150
0	-1	138
2	13	150
0	22	149
0	14	121
0	19	145
0	20	150
3	-1	151
1	16	150
0	-1	149
0	20	151
0	23	149
1	15	150
1	19	151
0	17	149
0	14	150
3	23	145
0	-1	136
0	5	149
0	-1	130
2	-1	150
1	-1	145
0	-1	150
0	21	116
0	17	150
0	12	148
0	13	148
0	11	150
0	16	121
1	-1	148
0	11	150
0	14	150
1	22	150
0	-1	131
0	-1	151
1	15	150
0	18	151
0	14	120
5	22	150
1	17	150
1	-1	146
0	12	151
1	27	150
0	11	140
0	15	149
0	17	148
1	9	150
1	-1	150
0	-1	143
1	35	147
0	-1	138
0	4	150
2	-1	134
0	16	150
0	-1	151
1	-1	147
1	-1	145
0	-1	143
0	-1	138
0	-1	151
0	39	148
0	-1	150
0	15	148
1	18	150
0	15	149
0	14	151
0	19	147
0	-1	136
1	-1	147
0	12	150
1	-1	149
2	12	147
0	-1	150
0	-1	150
0	17	150
4	-1	150
0	6	72
0	-1	123
0	-1	145
0	-1	150
0	30	149
0	17	146
0	16	145
0	-1	149
1	13	122
0	13	139
2	-1	148
0	21	150
1	-1	151
0	-1	150
1	-1	151
1	32	145
2	21	150
0	-1	150
1	12	151
1	20	150
1	11	108
0	-1	137
0	-1	150
1	9	145
0	14	143
1	-1	149
0	14	151
1	17	150
2	-1	149
1	-1	149
0	-1	130
2	31	151
0	17	150
0	21	150
0	14	132
0	15	150
0	-1	150
1	26	150
0	34	147
0	-1	136
0	20	150
0	14	150
0	25	150
0	7	148
0	17	151
0	18	134
0	24	95
1	13	119
0	-1	149
0	-1	144
0	23	151
0	10	146
1	36	146
0	29	147
0	12	139
2	-1	151
0	17	147
2	28	150
0	-1	146
0	11	95
0	15	151
0	16	135
1	-1	125
2	20	150
1	-1	150
0	16	150
0	-1	127
2	-1	150
0	-1	150
0	-1	143
1	12	150
0	6	124
1	9	106
0	12	150
0	-1	150
1	-1	144
0	25	150
0	14	145
0	22	133
1	-1	138
0	-1	147
1	20	150
1	19	148
0	17	150
1	14	150
0	14	147
0	15	150
3	16	151
0	17	150
0	-1	149
0	14	150
0	20	149
0	31	147
1	20	148
1	13	150
2	-1	151
0	10	150
1	17	138
1	-1	150
0	6	63
0	17	137
0	17	149
1	36	150
0	-1	150
0	-1	150
2	-1	147
0	19	151
2	37	150
0	17	151
0	-1	150
0	14	148
0	12	150
0	13	133
0	-1	150
1	31	142
0	13	151
1	14	150
0	18	150
0	16	149
0	-1	150
1	-1	146
0	27	105
0	19	137
0	17	148
0	15	150
1	-1	150
0	12	150
0	12	149
1	18	149
0	40	150
0	-1	122
1	8	149
0	22	151
0	17	149
0	24	150
0	13	137
0	26	105
0	-1	151
0	14	150
0	7	150
1	23	150
0	18	150
0	13	146
0	13	149
1	-1	145
0	13	150
0	17	150
0	12	149
1	20	133
0	13	147
0	11	144
1	11	85
0	12	141
0	22	150
0	-1	150
0	18	150
0	-1	150
1	9	151
0	22	150
0	19	150
0	17	150
0	-1	144
2	14	135
0	-1	151
0	32	150
0	12	150
0	21	115
0	-1	149
1	17	150
2	23	151
0	13	148
0	20	148
0	-1	150
0	-1	150
0	16	141
0	20	142
1	16	150
1	19	145
0	14	146
0	17	150
0	15	147
0	12	150
0	12	116
0	21	149
2	-1	148
1	-1	150
0	-1	137
1	19	150
0	-1	149
1	15	151
0	5	145
0	16	147
0	20	150
1	12	148
1	16	150
1	18	149
0	-1	150
0	37	148
0	-1	151
0	20	149
1	-1	144
1	-1	139
1	15	137
0	-1	149
0	14	144
3	-1	148
0	19	145
0	13	113
1	-1	133
0	-1	147
0	-1	151
1	18	150
1	16	146
2	-1	151
0	-1	149
0	33	148
2	13	150
1	12	150
1	16	146
0	-1	151
1	-1	150
0	16	147
1	-1	151
1	14	148
1	14	142
0	19	151
1	20	129
0	12	150
0	15	135
0	22	150
0	-1	145
0	8	149
1	16	148
0	18	150
1	-1	149
2	22	150
1	-1	150
2	10	150
1	20	149
0	-1	145
1	-1	124
1	-1	150
0	19	150
0	-1	149
1	21	150
0	-1	135
0	-1	150
1	18	146
0	19	150
1	14	148
1	15	151
1	-1	151
0	-1	150
1	-1	150
1	-1	150
0	-1	150
1	-1	148
0	15	133
0	14	146
1	-1	142
0	10	150
1	-1	150
1	15	150
1	18	144
0	14	149
0	19	150
0	-1	151
1	-1	150
0	17	139
0	22	150
0	9	149
0	14	144
0	12	150
1	19	149
0	-1	148
1	28	150
1	-1	149
1	19	147
2	20	150
0	-1	150
1	-1	137
1	16	143
1	-1	151
0	15	143
0	-1	149
0	-1	150
0	13	150
1	14	126
0	21	148
1	-1	150
0	18	150
0	20	131
0	-1	134
1	-1	145
0	11	145
0	20	150
0	-1	143
0	-1	150
2	-1	150
0	18	131
0	16	148
1	16	150
1	11	150
0	15	151
0	13	134
1	-1	149
0	15	139
0	18	151
0	-1	151
1	-1	149
0	13	138
0	14	144
0	24	147
0	11	147
0	22	149
0	-1	147
1	17	136
1	30	150
0	26	149
1	-1	149
0	-1	149
1	6	150
0	19	150
1	-1	148
1	19	144
0	13	148
0	-1	151
1	-1	151
2	13	127
1	13	150
1	13	151
0	15	129
0	15	150
0	-1	150
0	10	147
0	17	130
0	-1	149
0	-1	150
1	17	150
0	10	151
0	12	146
0	-1	150
0	22	151
0	14	150
1	17	150
0	14	150
0	10	148
0	22	151
0	16	123
1	-1	150
0	12	149
2	-1	150
0	15	149
0	-1	144
0	-1	150
0	13	148
1	9	122
0	19	150
0	17	150
1	14	147
0	-1	150
1	-1	151
0	-1	145
0	-1	149
0	13	150
0	4	149
0	19	150
0	16	144
0	8	133
0	17	148
1	18	151
0	18	150
1	-1	150
0	15	150
1	15	149
0	-1	150
0	-1	151
1	18	148
1	-1	150
1	12	119
0	12	150
0	-1	150
0	-1	150
0	22	149
0	-1	147
0	23	150
1	-1	150
0	-1	150
1	11	150
0	11	146
0	-1	149
0	28	151
1	9	147
0	16	142
6	24	150
2	11	124
0	17	110
0	30	150
0	11	150
1	15	148
0	21	150
0	17	150
1	23	149
0	-1	150
37	50	148
0	11	150
0	-1	134
0	13	150
0	15	141
0	13	122
1	12	149
0	13	144
0	-1	147
0	8	124
0	-1	149
0	10	150
0	-1	150
0	24	149
0	28	148
0	-1	150
0	20	150
0	20	149
1	16	150
0	14	150
1	-1	140
1	24	150
1	13	150
0	13	145
0	11	144
1	10	151
0	-1	151
0	14	150
0	15	139
0	21	150
0	15	148
1	18	150
0	15	150
0	20	150
1	-1	145
0	16	147
1	21	150
1	14	149
2	-1	150
0	10	150
0	11	147
0	-1	149
0	9	145
0	-1	150
0	19	142
0	-1	145
1	15	149
0	-1	145
0	-1	150
1	17	140
0	-1	150
1	10	136
0	18	150
0	-1	129
0	13	143
1	-1	151
0	17	145
1	-1	150
2	41	150
0	-1	149
1	18	149
2	-1	150
1	-1	143
0	-1	141
0	16	151
0	11	149
2	-1	149
1	-1	137
0	19	150
0	14	146
0	16	150
1	14	150
1	15	150
0	18	151
1	-1	136
0	22	149
1	14	150
0	16	151
0	-1	131
1	17	151
1	-1	150
1	20	150
1	15	150
0	17	149
0	21	150
0	13	150
0	17	137
0	11	141
0	14	150
1	17	151
2	21	150
0	-1	127
1	23	148
0	5	132
0	27	151
1	16	148
0	44	151
0	42	151
0	21	151
0	16	150
0	26	148
0	13	135
2	16	143
0	9	131
1	-1	149
1	13	107
0	15	141
0	-1	149
0	12	142
0	34	150
0	16	150
0	16	151
1	14	139
1	13	144
1	-1	150
0	-1	148
0	11	150
1	24	150
1	17	150
3	10	141
0	-1	148
0	20	150
1	-1	150
5	26	147
0	33	146
0	8	151
1	-1	146
1	20	146
2	17	139
1	-1	150
1	-1	138
0	13	150
0	13	150
1	10	100
0	15	151
1	-1	140
0	22	145
0	10	147
0	16	119
1	9	150
0	38	151
0	15	145
0	21	151
0	-1	150
0	16	150
0	19	150
0	16	145
1	-1	149
1	18	151
1	-1	150
0	18	148
1	-1	118
0	20	75
0	14	127
0	-1	139
1	19	148
0	-1	149
0	39	149
1	-1	150
0	-1	144
0	15	150
0	15	150
0	8	120
1	-1	151
1	-1	148
0	14	147
1	16	151
0	20	150
0	-1	150
0	-1	150
0	38	149
0	-1	143
1	20	146
0	16	124
0	23	147
0	-1	147
1	-1	148
0	-1	109
0	-1	136
1	-1	150
0	9	143
0	40	150
1	-1	148
0	-1	143
0	16	150
0	-1	109
1	16	137
2	-1	150
0	16	143
3	-1	148
1	-1	145
1	14	148
0	-1	150
0	-1	149
1	-1	151
1	-1	144
0	9	147
1	14	92
0	-1	150
0	14	100
1	13	150
0	23	151
0	19	150
1	-1	150
0	-1	150
1	24	151
0	15	150
0	-1	144
1	-1	150
0	25	131
0	-1	150
0	40	150
2	33	150
0	19	149
0	9	151
0	17	147
0	13	150
2	-1	147
1	19	151
3	15	150
0	9	150
1	14	123
0	-1	142
0	19	150
0	13	140
0	-1	150
0	14	150
0	-1	150
1	13	137
0	14	146
0	36	150
0	-1	150
1	-1	150
0	10	137
0	19	150
0	-1	130
0	8	150
1	-1	148
0	17	150
4	-1	121
1	-1	148
0	19	151
0	10	114
1	15	150
0	-1	149
0	26	150
1	-1	148
0	18	151
0	14	149
1	-1	124
0	22	150
1	-1	150
1	32	144
0	12	147
31	-1	139
1	-1	150
1	-1	150
2	-1	146
0	17	144
0	15	150
0	31	148
0	-1	150
0	-1	150
0	16	150
3	16	140
0	-1	151
1	14	124
1	-1	150
0	18	149
0	14	147
0	15	150
1	-1	150
0	21	124
0	17	150
1	11	151
0	-1	146
0	13	143
0	-1	140
0	12	151
1	16	148
0	19	150
0	-1	138
0	21	149
0	20	131
1	11	148
0	14	150
0	13	149
3	-1	150
0	18	127
0	14	150
0	37	150
0	15	150
1	13	143
2	-1	145
1	42	149
0	21	150
0	14	141
1	16	151
0	25	151
0	13	147
1	20	150
1	-1	151
0	14	149
2	17	150
1	-1	150
0	19	150
0	21	150
0	12	150
0	-1	149
2	17	144
0	14	141
0	-1	132
0	11	149
0	9	150
0	-1	150
0	3	150
1	13	149
0	20	150
0	6	116
3	20	130
0	-1	150
0	-1	148
4	-1	134
0	14	150
0	4	140
0	-1	150
0	12	71
0	-1	150
0	11	124
2	21	150
0	24	151
0	-1	147
0	-1	150
1	-1	150
1	-1	145
0	-1	148
1	12	126
1	-1	150
0	22	148
0	18	149
0	32	141
0	12	148
0	9	138
2	13	150
1	19	150
0	-1	149
0	16	150
0	10	150
2	-1	150
0	15	150
1	16	150
0	-1	148
1	20	150
1	24	141
1	19	148
0	9	150
0	-1	150
1	11	149
0	16	135
0	-1	149
0	18	149
0	22	150
0	-1	150
0	12	150
0	15	102
0	21	150
2	11	150
0	-1	150
1	14	150
1	-1	150
1	17	139
1	11	151
1	18	145
0	-1	149
1	-1	147
0	12	150
0	20	151
0	24	151
0	-1	149
1	40	150
0	14	92
1	16	150
0	-1	150
2	-1	150
1	18	150
0	-1	146
0	17	149
0	-1	148
0	21	146
0	11	148
0	19	149
0	-1	151
1	-1	150
0	11	150
2	25	138
1	-1	148
0	18	137
0	13	137
0	-1	146
0	13	149
1	-1	151
0	36	150
0	12	150
0	8	144
0	13	150
1	-1	148
0	-1	150
0	-1	149
0	11	123
0	7	134
0	12	151
0	17	147
0	12	136
0	9	150
0	42	150
0	12	141
0	10	143
1	15	148
0	23	150
0	20	110
0	13	148
0	-1	123
0	15	151
0	17	150
1	-1	150
0	18	129
0	12	148
0	13	90
1	-1	143
1	-1	147
0	17	150
0	14	135
0	20	127
0	10	147
0	11	150
1	-1	150
1	14	150
0	14	151
1	20	151
0	18	150
1	-1	148
0	-1	151
0	22	150
1	20	151
0	-1	150
0	-1	150
0	-1	147
0	-1	147
0	22	128
0	25	149
0	-1	150
0	16	136
1	-1	150
0	-1	130
1	17	150
0	15	149
0	27	147
0	-1	142
0	-1	147
0	-1	150
0	15	140
2	12	150
1	12	150
0	-1	150
1	-1	130
0	24	142
0	13	150
0	6	150
0	16	147
1	15	123
0	15	150
0	19	150
0	-1	136
1	-1	150
0	19	150
0	-1	150
1	22	150
0	16	149
1	-1	138
0	-1	102
0	-1	146
1	-1	146
0	23	150
0	25	150
0	8	147
2	35	150
3	-1	150
2	-1	150
1	10	150
0	34	148
0	16	135
1	23	150
0	11	150
1	-1	151
1	20	77
1	-1	136
0	18	145
1	6	139
0	14	133
0	12	151
0	-1	151
0	12	137
2	-1	149
2	10	151
0	-1	133
1	8	150
1	-1	150
1	12	150
0	19	146
0	22	150
0	-1	149
1	13	149
0	19	150
0	-1	143
0	16	150
1	11	148
2	25	122
0	19	145
1	22	150
0	13	150
2	19	151
0	-1	150
0	-1	150
0	44	150
0	35	149
1	16	136
0	23	150
0	42	149
0	-1	150
1	-1	149
0	20	147
0	11	147
0	15	140
1	13	149
0	13	150
0	13	111
1	31	150
0	22	148
1	11	147
0	15	125
0	16	150
1	15	143
0	15	147
0	9	95
0	14	150
0	-1	139
1	13	150
0	-1	127
0	-1	117
0	-1	145
0	-1	150
1	12	65
0	-1	150
1	8	149
0	8	124
0	18	151
4	-1	150
0	-1	150
0	12	94
1	12	120
0	22	143
0	23	151
2	-1	150
2	28	148
0	-1	150
2	-1	148
0	-1	131
1	26	102
2	15	150
0	17	149
0	-1	139
1	-1	150
0	16	150
2	14	150
0	24	151
0	14	149
0	21	150
1	-1	150
0	17	135
0	20	122
2	44	149
1	9	151
0	-1	137
0	21	151
0	12	129
1	17	148
0	18	150
0	14	148
0	11	104
0	14	150
1	-1	146
2	-1	149
0	-1	150
0	11	138
0	12	148
1	31	120
0	13	150
1	20	150
1	27	134
0	19	132
0	26	148
0	14	148
2	16	150
0	40	151
0	10	150
0	28	150
0	12	146
2	-1	150
0	20	150
3	18	150
0	18	150
0	-1	116
0	-1	144
0	27	150
0	9	149
1	18	150
0	10	145
0	12	150
1	-1	148
0	29	150
1	-1	147
1	18	141
0	14	147
0	-1	120
0	17	130
0	25	149
0	5	145
3	17	150
1	-1	149
1	-1	144
1	15	150
1	-1	149
0	15	143
2	20	151
0	-1	150
3	26	151
0	11	144
0	20	143
0	17	136
2	15	144
0	13	150
0	14	149
0	-1	119
0	9	149
0	13	150
1	-1	143
0	19	150
1	17	148
0	-1	146
0	10	150
0	19	151
0	16	151
0	12	148
1	18	150
0	-1	149
0	25	150
1	-1	147
0	-1	149
0	10	150
1	-1	150
0	26	150
0	-1	150
1	-1	148
0	-1	150
0	12	134
1	21	149
2	23	149
1	-1	150
0	13	107
1	16	149
0	13	123
0	16	149
0	15	150
0	18	146
1	7	136
0	17	149
0	-1	150
0	14	128
0	-1	150
0	10	117
0	21	151
1	8	149
0	-1	141
1	20	149
0	-1	146
0	15	134
1	-1	151
1	-1	148
1	17	127
0	10	131
0	-1	147
0	17	149
2	-1	147
0	-1	150
0	-1	150
1	-1	148
0	-1	148
1	-1	148
0	10	150
0	13	149
0	19	151
0	15	147
1	16	125
1	16	150
0	16	150
0	36	150
0	5	149
0	32	147
1	20	151
0	15	143
0	14	150
0	16	149
0	13	139
1	24	135
0	-1	150
1	15	150
1	15	150
0	-1	150
0	-1	147
1	21	150
0	-1	150
2	16	150
0	29	150
1	22	150
0	13	151
0	-1	149
0	7	151
0	6	149
0	19	150
0	13	136
0	19	144
2	40	150
0	12	150
0	-1	150
0	11	81
0	-1	149
1	-1	145
0	16	144
0	8	149
1	-1	139
0	19	150
0	17	116
0	13	124
0	-1	124
0	12	145
0	19	145
0	14	150
1	13	150
0	12	150
1	22	148
0	-1	150
0	14	150
1	31	151
0	21	149
0	-1	150
0	16	150
1	19	150
1	14	147
2	-1	150
0	14	149
0	-1	144
0	17	150
0	-1	150
1	44	150
0	-1	149
1	13	150
0	-1	129
1	23	150
0	17	149
0	-1	148
1	18	151
0	11	150
2	22	147
1	15	150
0	16	150
0	20	150
0	-1	100
1	12	151
0	21	150
0	22	151
2	19	151
0	15	118
0	16	150
0	-1	150
1	12	84
0	12	151
0	-1	149
0	32	149
0	11	112
1	-1	149
1	13	149
1	21	150
1	-1	150
1	21	150
0	14	140
1	14	136
0	16	150
0	36	151
1	16	140
0	-1	146
0	-1	146
0	36	151
0	12	148
0	-1	151
0	14	145
0	14	135
0	-1	130
0	-1	151
1	46	149
0	-1	148
0	43	150
0	-1	149
0	-1	149
0	20	148
0	11	150
0	15	146
0	25	151
0	12	149
1	27	148
0	-1	151
0	12	149
1	17	149
0	15	150
0	16	150
0	-1	150
0	16	151
0	16	150
1	-1	149
0	12	149
0	21	150
0	42	150
0	25	143
1	-1	151
0	20	150
0	11	150
1	23	150
0	-1	149
0	20	150
0	7	132
0	16	148
0	17	151
3	-1	150
0	-1	149
0	15	143
0	-1	149
2	-1	149
0	-1	151
0	13	150
1	21	149
0	19	150
1	-1	150
0	8	137
1	14	129
0	34	150
0	14	151
0	12	147
1	18	150
2	-1	148
0	20	150
0	10	149
1	-1	146
0	14	144
0	36	145
0	16	149
1	-1	146
0	-1	134
1	18	151
0	-1	150
0	14	150
1	13	149
1	16	150
0	-1	151
0	11	137
1	28	150
0	26	144
0	16	149
2	-1	150
1	15	150
0	12	150
0	12	150
0	15	147
0	16	124
0	-1	150
0	22	150
1	-1	151
0	-1	151
0	5	122
0	19	150
0	-1	149
1	16	135
0	-1	125
1	19	150
0	28	142
0	14	149
0	12	112
0	42	150
0	15	148
0	17	150
1	23	149
1	18	150
0	12	150
2	-1	151
1	13	151
0	18	150
0	-1	135
0	11	128
0	7	148
0	-1	149
0	17	150
0	10	151
1	25	150
1	-1	150
1	17	150
0	43	148
0	-1	150
0	-1	150
3	18	150
0	37	150
0	18	150
0	40	148
0	10	150
1	-1	149
0	-1	133
1	-1	147
0	25	150
0	18	148
1	-1	134
0	24	151
0	21	142
0	-1	150
1	16	150
0	14	150
1	-1	143
0	15	133
0	-1	150
0	15	124
1	15	150
0	13	150
0	-1	151
1	27	149
0	18	135
0	20	150
0	-1	123
0	15	144
2	39	150
0	-1	151
0	-1	150
0	-1	150
0	16	150
0	13	150
0	18	149
0	11	146
0	20	149
0	-1	149
0	6	112
0	20	148
0	13	150
0	15	131
0	17	148
0	20	145
1	25	105
0	35	146
0	10	150
1	-1	150
1	-1	129
0	-1	151
1	16	150
0	15	150
0	5	149
0	15	142
1	-1	140
2	-1	150
1	12	149
0	14	139
0	-1	142
0	17	141
0	-1	149
0	11	144
0	-1	145
0	17	150
0	18	145
0	34	150
0	22	150
1	12	126
0	18	150
0	14	149
0	8	150
0	15	151
0	19	149
0	21	151
0	-1	138
1	14	151
0	15	148
2	21	150
0	24	150
3	18	151
1	-1	151
0	-1	145
0	10	121
0	8	100
0	28	150
0	17	146
0	-1	150
1	36	150
3	-1	150
0	15	150
1	33	141
0	4	65
0	25	150
1	13	146
0	19	151
0	-1	148
1	-1	150
1	-1	145
0	-1	147
0	-1	147
1	38	149
2	-1	150
1	18	150
0	37	147
2	17	147
1	13	146
0	9	151
0	-1	149
0	16	150
0	-1	150
1	-1	142
1	39	131
1	-1	147
0	12	110
0	15	148
0	42	150
2	-1	148
0	8	151
1	14	151
1	22	150
1	14	150
3	11	144
1	18	150
1	-1	150
1	9	151
1	11	150
1	18	149
0	18	133
0	-1	148
2	17	150
2	27	145
1	15	150
0	12	121
1	21	149
0	16	150
0	-1	128
1	19	148
0	25	151
2	14	149
0	16	150
0	6	90
0	12	103
0	8	150
0	14	150
0	9	148
0	-1	148
0	13	150
0	12	151
1	-1	150
1	-1	151
0	12	151
0	27	150
0	17	150
0	-1	150
1	15	138
0	20	144
0	16	150
1	23	149
0	37	151
0	-1	150
1	-1	146
1	-1	150
0	20	148
0	39	146
1	-1	151
1	12	149
0	18	150
0	-1	150
1	18	146
0	17	151
1	8	149
0	28	150
0	19	150
0	10	135
0	13	150
1	-1	150
1	17	149
0	11	149
0	-1	150
0	13	144
1	19	117
0	17	151
0	9	150
0	-1	137
0	17	148
1	20	101
2	-1	151
2	19	145
0	11	150
21	21	145
0	8	150
0	12	148
1	29	138
0	16	144
0	13	140
0	7	63
0	10	87
0	-1	147
0	-1	151
0	15	137
1	8	116
1	-1	151
1	12	142
1	-1	145
0	-1	146
0	8	149
0	13	127
1	18	147
0	22	147
1	18	150
0	-1	150
0	13	150
0	-1	150
2	16	147
1	-1	149
0	25	150
0	17	148
0	19	137
1	32	131
0	16	150
0	25	149
0	11	131
0	-1	147
1	20	147
1	-1	150
0	17	148
0	24	151
0	-1	150
1	-1	120
0	-1	150
0	18	151
0	-1	151
0	13	150
0	11	140
0	-1	150
0	13	148
0	25	147
0	-1	149
0	21	151
0	12	149
0	13	89
0	23	151
1	10	145
1	11	134
0	16	150
0	-1	150
0	18	150
0	17	132
2	9	145
0	-1	133
0	19	150
0	-1	151
0	12	149
0	16	144
0	19	150
0	35	150
0	12	140
0	9	113
1	14	151
2	20	150
0	41	149
0	7	144
1	13	138
0	9	149
0	16	149
0	18	145
1	16	123
0	13	150
0	14	150
0	11	151
0	-1	144
0	10	150
0	15	149
0	9	150
0	7	149
2	-1	151
0	16	150
0	19	150
0	7	105
0	14	133
0	11	147
1	14	150
0	37	150
0	-1	150
0	13	150
0	-1	150
0	14	148
0	21	150
1	-1	148
0	20	129
0	13	150
0	10	150
1	18	150
0	-1	140
0	20	150
0	11	150
0	-1	149
0	19	149
0	-1	148
0	-1	150
0	-1	145
0	14	150
0	12	150
0	-1	150
0	7	150
0	17	124
0	11	150
1	15	147
0	10	138
1	-1	141
0	9	150
0	8	111
0	19	150
1	10	146
0	13	151
0	22	150
1	11	150
0	4	127
0	12	146
0	9	151
0	13	150
0	18	150
1	17	136
0	17	150
0	19	148
0	-1	150
1	-1	150
1	34	143
2	-1	140
1	18	150
0	-1	122
0	-1	150
0	8	109
0	13	150
0	15	146
0	20	149
0	10	150
0	-1	149
0	-1	143
0	16	150
0	26	150
0	11	138
1	-1	151
0	16	149
1	15	149
0	16	150
1	15	150
0	-1	148
1	-1	149
0	38	150
0	-1	148
0	16	150
0	15	150
0	-1	150
0	23	149
0	7	83
0	-1	123
1	12	151
0	17	124
0	11	142
0	14	150
0	10	150
0	16	150
2	-1	141
0	17	150
0	-1	150
0	19	150
1	17	149
0	36	134
0	19	148
0	22	106
0	18	150
2	-1	149
0	16	149
1	16	150
0	12	134
0	16	151
0	16	150
0	22	149
0	-1	147
0	14	148
0	22	148
0	-1	150
0	-1	146
0	-1	140
2	-1	150
1	18	149
0	-1	150
0	17	150
0	20	151
0	-1	109
1	-1	147
0	-1	149
0	16	140
0	20	145
0	29	151
0	15	144
1	24	150
0	14	135
0	-1	146
0	-1	149
0	-1	149
0	-1	136
2	25	144
1	8	99
0	16	150
1	-1	151
0	4	150
0	-1	148
0	11	148
1	-1	149
0	-1	149
0	17	149
0	18	150
1	16	150
1	19	106
0	20	149
0	14	147
0	20	146
0	30	149
0	-1	149
1	4	148
0	15	145
1	23	151
0	16	150
7	17	149
0	20	145
1	20	151
1	32	150
0	14	120
0	-1	148
0	12	110
1	17	150
0	30	150
2	13	143
0	17	150
1	-1	150
1	22	148
0	11	151
0	18	136
1	7	148
1	16	147
0	-1	149
0	-1	137
0	10	149
1	13	150
1	23	150
0	10	130
1	15	151
0	-1	142
1	23	150
0	-1	150
0	-1	147
0	18	150
0	12	138
1	14	150
1	23	150
0	39	149
1	16	142
0	19	150
0	13	150
3	12	140
2	24	150
0	-1	150
1	18	114
1	10	128
1	-1	150
1	20	147
0	18	151
0	10	149
0	-1	144
1	22	151
1	-1	131
0	-1	150
0	14	150
0	19	128
1	-1	132
3	-1	151
0	13	141
0	23	150
0	-1	113
0	24	147
0	-1	149
0	21	150
2	28	149
0	11	135
0	13	150
0	40	146
0	12	150
0	-1	149
1	-1	151
0	-1	144
1	12	150
0	14	122
2	-1	148
0	4	91
0	10	148
1	10	149
0	13	147
0	18	149
0	18	150
0	-1	116
0	33	150
0	-1	150
1	30	148
0	7	147
1	-1	135
0	21	150
1	-1	148
1	27	151
1	16	150
0	16	147
1	15	149
0	-1	149
0	17	151
0	15	150
0	15	149
1	-1	151
0	-1	151
0	13	149
0	23	150
0	-1	148
0	7	150
0	-1	141
1	-1	151
1	-1	140
0	-1	127
1	6	97
0	10	121
0	33	151
0	-1	148
2	-1	149
0	-1	150
1	-1	150
0	-1	150
1	18	150
0	21	150
0	15	147
0	17	150
1	18	150
0	-1	150
0	11	148
0	15	138
0	42	150
0	16	151
0	-1	150
1	22	150
0	21	151
0	14	149
3	41	150
0	-1	150
0	-1	150
0	-1	147
1	-1	150
1	12	121
0	16	138
1	-1	141
0	12	148
1	-1	148
0	-1	148
1	-1	147
0	7	150
0	11	151
1	-1	150
1	14	131
0	21	150
0	12	150
1	-1	150
0	30	150
1	13	150
1	30	148
0	20	147
1	12	150
0	12	141
0	-1	141
3	20	150
1	-1	148
0	-1	149
1	-1	140
0	-1	149
1	15	150
0	-1	148
0	-1	133
0	19	150
0	-1	112
1	-1	150
0	16	139
0	31	147
1	11	145
0	17	150
0	-1	135
0	11	150
0	11	150
0	13	147
0	13	134
0	13	150
0	-1	150
0	27	149
0	11	94
0	20	140
0	8	121
1	-1	150
1	-1	150
0	11	150
0	36	147
0	-1	150
1	18	150
0	-1	150
0	14	150
3	20	113
1	16	150
0	-1	150
0	16	149
0	13	149
1	17	146
3	19	146
0	10	151
0	14	150
0	16	146
0	13	150
0	-1	150
2	-1	150
0	16	150
0	18	150
1	-1	150
2	-1	146
1	17	150
1	-1	150
0	16	150
1	19	150
0	19	134
0	37	150
0	13	151
0	-1	147
0	15	151
0	16	150
1	15	149
0	8	151
0	-1	151
1	21	142
0	16	150
1	11	145
0	8	66
0	27	121
0	17	150
1	15	151
0	17	150
1	-1	125
0	24	150
1	10	137
1	-1	150
0	10	148
0	37	151
0	20	148
0	17	150
1	-1	150
0	22	150
1	20	148
0	11	147
1	22	150
0	11	151
1	-1	151
0	12	150
0	-1	150
0	9	138
0	23	149
0	33	150
0	-1	143
0	25	150
0	15	151
1	-1	150
0	22	136
1	31	151
0	21	147
0	15	150
0	-1	149
0	-1	151
0	10	150
0	8	149
0	26	150
1	12	149
0	13	137
0	-1	150
0	-1	149
0	13	149
2	19	150
1	20	149
0	-1	151
0	-1	148
0	13	147
1	20	151
0	9	129
0	-1	147
0	-1	150
0	15	149
0	13	150
0	18	150
1	37	151
2	-1	150
0	-1	150
0	-1	150
1	22	150
0	-1	149
2	-1	150
1	9	136
0	19	150
0	-1	150
0	12	150
0	16	144
0	19	151
0	-1	150
0	-1	150
20	21	63
1	-1	150
0	16	150
1	17	150
1	12	150
0	-1	143
1	-1	150
0	16	150
0	8	134
0	-1	149
0	-1	147
1	15	148
0	33	150
0	39	146
0	-1	140
0	4	149
1	27	149
1	-1	151
0	14	150
0	12	150
1	14	141
0	14	146
1	19	135
0	18	150
0	18	128
0	12	150
0	17	149
0	12	135
0	18	150
0	37	146
0	15	150
0	16	150
0	-1	150
1	16	150
0	13	149
0	-1	151
0	-1	149
0	12	136
0	-1	148
0	16	150
1	-1	151
0	20	149
0	-1	145
1	16	150
0	16	150
0	-1	150
0	16	151
0	13	150
0	14	133
0	17	148
1	18	150
0	7	150
0	-1	148
1	12	150
1	13	150
1	-1	150
0	22	150
0	32	149
2	17	149
0	-1	150
0	-1	150
0	35	143
1	-1	150
1	9	151
0	13	150
0	15	150
0	19	149
0	18	147
0	-1	148
1	-1	150
0	20	150
0	18	150
0	-1	139
0	-1	150
0	13	149
0	-1	150
0	15	150
0	-1	107
0	13	148
0	16	149
0	-1	144
0	-1	148
1	-1	104
0	14	150
1	16	123
0	1	150
0	18	150
0	18	148
1	-1	150
1	-1	150
0	11	142
0	8	149
0	-1	150
7	21	148
0	14	147
0	19	149
1	14	150
0	9	149
0	-1	143
1	-1	147
0	14	146
0	11	150
1	17	150
0	13	145
0	17	151
0	8	150
0	13	149
0	-1	151
0	20	150
0	-1	144
0	-1	150
1	-1	148
1	-1	150
0	-1	150
0	19	142
0	15	150
0	-1	151
0	-1	150
2	-1	150
0	9	148
0	-1	118
0	13	150
1	-1	144
0	16	150
0	-1	151
1	23	150
0	-1	150
0	10	116
0	9	150
0	-1	150
2	-1	145
0	15	150
2	-1	145
1	22	146
4	-1	148
0	7	90
0	-1	150
0	-1	146
0	13	149
0	23	151
0	-1	141
3	10	106
0	-1	146
0	15	150
0	-1	109
1	11	150
1	17	146
1	-1	151
1	-1	150
0	12	146
1	18	144
0	11	150
0	-1	129
1	13	150
0	7	149
0	16	149
1	18	150
0	12	151
0	-1	144
1	-1	149
1	27	148
1	11	147
0	-1	150
0	-1	150
0	-1	147
0	16	150
1	12	150
1	-1	145
0	11	141
0	15	140
0	-1	136
0	-1	150
0	-1	149
1	20	150
2	-1	150
3	-1	150
0	17	151
0	8	149
3	-1	148
0	19	149
1	16	150
0	14	151
0	12	150
0	45	150
0	-1	150
1	-1	149
1	-1	150
0	16	150
0	-1	130
2	34	143
0	-1	150
1	15	107
0	37	149
0	15	150
0	-1	147
0	11	150
0	25	151
2	-1	150
1	12	150
2	-1	151
0	-1	150
0	-1	144
0	-1	147
0	22	146
0	18	127
0	18	150
0	17	149
1	-1	150
1	12	150
2	11	149
0	8	149
0	8	149
2	-1	149
0	12	148
0	-1	151
0	-1	150
0	17	150
0	20	149
0	12	104
0	16	145
0	19	150
1	14	102
0	-1	150
0	23	150
0	35	147
0	4	99
0	-1	117
0	-1	141
0	18	150
1	-1	150
1	16	150
0	31	149
1	16	149
0	14	149
0	11	151
2	-1	151
0	15	150
0	-1	150
0	17	148
0	12	150
0	15	151
0	19	150
0	11	150
0	-1	135
1	16	130
1	18	124
0	8	92
0	14	143
0	13	150
0	24	150
0	7	94
1	18	140
4	13	146
0	-1	149
0	14	150
1	16	150
0	-1	150
1	19	140
0	14	150
1	-1	151
0	-1	150
0	28	150
0	-1	151
0	14	150
0	-1	150
1	-1	147
0	16	148
0	15	150
0	-1	151
0	8	150
1	-1	151
0	-1	150
0	15	150
0	23	149
1	-1	151
0	17	141
1	14	123
0	20	150
0	-1	149
0	13	150
1	-1	149
0	19	149
1	-1	148
1	-1	150
1	9	74
0	-1	147
0	-1	144
0	-1	145
0	27	131
3	30	150
0	18	151
1	39	148
0	17	150
1	8	150
0	20	149
0	16	150
0	-1	148
1	22	150
0	10	124
0	9	151
0	16	150
0	15	120
0	15	150
2	13	150
1	-1	148
1	-1	150
0	-1	148
0	25	150
0	25	135
1	-1	150
0	20	150
0	-1	138
1	-1	150
0	-1	144
0	8	148
0	24	142
2	-1	150
0	33	146
0	33	143
0	23	148
0	17	150
0	17	150
0	24	150
1	17	150
0	12	151
0	16	148
0	20	148
1	-1	150
1	15	150
0	-1	150
0	16	148
1	-1	150
1	21	150
1	17	134
0	11	149
0	-1	150
0	13	149
0	-1	149
0	-1	149
0	15	150
0	28	150
0	15	142
0	-1	150
0	15	146
0	19	150
0	-1	147
1	41	150
0	21	150
0	-1	137
0	13	145
0	-1	150
0	15	150
1	-1	148
0	-1	150
0	37	150
1	17	151
0	20	140
0	8	150
0	14	124
0	-1	150
0	12	150
0	9	151
1	-1	145
0	-1	150
0	17	138
0	13	137
0	21	150
0	15	150
0	18	149
0	-1	148
1	11	138
1	19	131
0	-1	150
0	30	149
1	18	150
1	15	150
0	17	151
1	14	150
0	16	150
0	-1	150
1	39	150
0	-1	148
0	-1	150
0	14	148
0	-1	138
2	15	151
0	14	150
0	-1	151
0	-1	150
0	16	145
0	-1	150
0	16	147
1	13	148
0	-1	150
0	11	150
0	-1	149
0	20	148
0	7	150
2	21	145
0	-1	150
1	-1	150
0	41	150
0	22	148
0	-1	149
0	17	149
0	6	150
1	16	151
0	21	93
0	-1	150
1	-1	150
0	13	148
1	23	150
0	11	128
1	-1	151
0	14	150
1	17	120
0	13	151
0	18	151
0	16	150
0	14	150
0	12	141
1	-1	150
1	-1	151
1	-1	149
0	12	140
1	21	150
0	11	150
1	12	146
0	-1	150
1	12	146
0	16	146
1	14	144
0	17	149
1	18	150
0	19	151
0	-1	151
0	11	105
0	-1	148
0	-1	147
0	10	145
0	12	146
1	20	150
1	-1	150
0	17	150
0	15	145
0	-1	148
1	-1	150
0	-1	150
0	-1	129
1	-1	147
0	-1	148
2	44	150
0	-1	150
1	19	149
0	39	149
0	15	142
0	18	150
1	-1	148
0	-1	151
2	-1	134
1	19	149
0	-1	148
0	-1	144
0	13	143
0	-1	151
1	22	150
2	-1	149
0	-1	151
0	-1	148
0	7	150
0	-1	150
0	15	150
1	-1	145
0	-1	151
0	-1	150
0	-1	135
1	12	151
2	13	150
0	19	149
0	-1	111
1	-1	150
1	-1	151
1	10	141
0	-1	150
0	-1	147
1	-1	150
0	23	151
0	-1	149
1	21	127
0	20	146
1	-1	150
0	10	150
0	15	140
0	17	150
0	15	149
0	-1	149
1	24	146
0	21	148
1	18	148
2	12	133
0	-1	150
1	30	142
1	-1	114
0	16	150
0	17	150
0	22	149
0	15	148
0	-1	150
0	-1	150
0	-1	149
1	30	151
0	26	151
1	-1	145
0	13	150
1	-1	150
1	-1	150
0	9	129
0	19	148
0	-1	145
0	16	147
0	-1	150
0	19	150
0	19	150
0	12	151
1	-1	148
0	24	150
0	17	148
0	17	146
1	-1	150
0	-1	145
0	17	150
0	20	151
1	-1	148
4	-1	141
0	9	95
2	-1	149
1	-1	148
1	-1	150
0	-1	147
0	39	151
1	-1	150
1	14	147
0	11	150
0	22	146
1	-1	150
2	-1	148
0	12	147
1	-1	150
0	13	133
1	17	151
1	19	148
1	7	135
0	10	151
0	-1	146
0	16	150
0	16	150
0	10	136
1	15	150
0	15	151
1	22	144
0	17	150
1	-1	150
0	16	150
0	-1	150
0	19	119
0	-1	123
0	-1	151
0	-1	150
0	-1	150
1	17	150
1	11	108
1	-1	150
0	-1	150
0	21	147
0	8	147
1	15	146
0	15	143
0	14	150
0	19	144
1	14	143
0	22	150
0	16	150
1	19	150
0	9	149
0	14	143
0	12	137
0	10	150
0	-1	151
1	-1	149
0	17	151
0	20	137
0	10	149
0	-1	127
0	-1	149
0	19	137
0	36	151
0	22	150
0	21	150
2	-1	150
0	25	149
0	10	150
0	19	138
0	28	147
0	27	148
0	13	147
1	-1	150
0	-1	150
2	-1	150
0	29	150
0	31	147
0	14	147
0	4	73
0	14	150
1	18	151
0	33	150
0	29	148
0	23	150
0	14	150
3	-1	150
1	25	150
0	9	149
0	18	133
0	22	150
0	9	150
0	21	150
0	19	149
0	21	140
0	14	111
0	24	150
0	-1	150
0	-1	147
0	12	150
0	11	149
0	8	149
1	-1	147
0	-1	150
0	16	150
0	-1	150
1	22	149
0	-1	145
0	-1	151
0	11	149
0	21	150
0	14	150
0	14	143
1	18	146
0	14	148
0	17	146
1	7	147
0	-1	150
0	-1	148
0	-1	147
0	-1	150
0	-1	148
1	15	148
0	17	150
2	-1	143
1	23	150
1	-1	151
1	12	150
0	-1	150
0	-1	150
0	28	151
0	15	148
0	17	150
0	16	150
0	17	150
0	-1	151
1	25	150
0	-1	150
0	13	146
0	23	151
0	-1	143
0	-1	139
0	12	150
0	-1	144
0	4	150
0	21	142
0	10	150
1	-1	151
0	-1	145
1	-1	149
0	19	145
0	15	150
0	16	150
0	20	135
1	-1	150
0	-1	147
0	16	150
0	-1	129
0	15	150
1	17	150
0	-1	149
1	-1	149
0	-1	150
1	-1	149
0	15	150
0	20	148
0	16	147
0	13	144
0	23	147
3	-1	151
1	15	150
1	39	150
0	8	151
0	-1	149
0	-1	106
0	15	150
0	-1	150
0	-1	150
0	16	150
0	15	150
1	18	150
0	-1	149
1	22	150
1	-1	149
0	12	94
1	-1	149
0	-1	150
1	-1	151
1	-1	150
0	18	148
0	15	144
0	17	150
0	15	147
0	17	146
0	18	151
0	8	101
0	-1	133
0	18	150
0	6	150
1	13	150
1	15	146
0	-1	150
1	-1	147
1	-1	150
1	17	133
0	-1	144
0	-1	148
1	-1	150
1	35	146
0	9	140
0	-1	147
1	17	149
0	20	150
0	-1	143
0	17	150
1	-1	150
1	-1	145
0	13	142
0	13	140
0	37	150
0	22	141
0	17	150
0	21	150
0	16	144
1	25	150
1	-1	137
0	22	150
0	13	150
0	-1	143
2	-1	150
1	17	150
0	-1	148
0	12	70
0	12	150
1	12	151
1	15	150
0	20	150
0	17	151
0	-1	149
0	13	151
1	21	124
1	13	139
0	11	150
1	-1	150
0	18	145
0	10	80
1	12	148
0	13	150
0	13	150
0	-1	147
1	-1	147
0	-1	136
0	17	149
0	-1	150
1	-1	150
0	16	150
1	9	150
0	22	147
0	27	150
0	-1	138
1	-1	150
0	18	150
0	14	122
0	-1	150
0	15	147
0	19	151
0	10	150
0	-1	151
0	19	150
0	15	122
0	20	148
0	15	150
0	-1	135
0	16	148
0	17	149
0	14	149
1	24	150
0	24	150
1	-1	150
0	28	150
1	36	150
1	14	117
0	-1	148
1	17	149
2	-1	150
0	-1	149
0	16	147
2	20	151
0	-1	144
1	-1	150
0	-1	151
0	28	149
0	25	150
0	-1	150
1	18	147
0	-1	150
1	15	141
0	11	149
1	20	151
0	22	149
1	18	146
0	-1	151
0	41	149
0	10	142
1	16	134
0	-1	147
0	-1	151
0	15	143
0	-1	151
0	-1	149
0	34	149
0	16	148
0	-1	151
0	14	150
2	-1	145
1	39	148
0	13	142
0	-1	150
0	8	150
0	14	150
2	-1	128
0	14	150
0	17	151
0	20	150
1	-1	149
1	16	126
0	-1	142
1	-1	108
0	-1	149
0	14	150
0	15	150
1	15	143
0	-1	145
1	-1	151
1	-1	151
1	13	150
1	19	149
0	-1	146
0	-1	146
2	13	148
1	19	136
0	19	150
1	-1	150
2	16	151
1	-1	151
1	-1	150
0	18	149
0	21	148
0	26	151
0	9	148
1	30	150
4	-1	149
2	-1	151
0	14	151
1	20	145
1	10	143
1	-1	143
0	14	150
0	12	150
0	5	150
0	13	142
0	10	142
0	8	114
0	-1	127
0	32	150
0	20	150
0	-1	68
0	20	149
0	-1	150
0	-1	150
0	16	150
0	35	150
0	36	150
3	-1	148
0	-1	150
0	15	151
1	-1	150
0	14	147
0	-1	147
0	15	150
1	-1	142
0	-1	149
0	17	151
0	-1	147
0	36	150
0	15	148
0	12	150
0	21	150
1	-1	145
1	-1	149
1	13	150
0	8	149
0	14	144
1	-1	150
1	18	138
1	-1	150
1	24	150
0	-1	150
0	15	150
0	17	150
0	14	150
0	-1	149
0	16	150
0	14	150
0	12	150
0	23	148
0	18	150
0	19	149
0	15	137
2	-1	150
0	19	150
0	16	151
0	-1	151
0	-1	150
1	9	149
0	6	149
0	17	147
0	34	150
1	-1	150
0	14	151
1	-1	140
1	17	139
0	-1	145
0	9	150
1	-1	145
1	23	150
0	11	151
0	12	150
0	12	150
0	16	139
0	-1	149
1	-1	150
0	17	150
0	-1	149
1	15	149
0	14	150
1	-1	150
0	13	149
0	15	151
0	17	150
1	9	150
1	-1	147
1	-1	150
0	13	150
0	41	151
1	16	144
0	18	150
0	40	146
0	-1	150
0	-1	139
0	14	139
0	19	151
1	-1	145
0	17	150
3	17	151
0	20	150
0	21	150
1	25	151
0	14	150
0	36	150
0	13	149
0	17	151
0	17	150
0	-1	150
0	-1	147
0	-1	149
0	16	151
0	21	145
1	24	150
1	12	149
2	-1	150
1	-1	150
0	22	151
1	-1	143
0	16	147
2	35	150
0	10	146
0	-1	148
1	-1	151
0	15	150
0	15	147
1	20	144
1	16	146
1	24	150
0	10	151
0	13	141
0	10	145
1	-1	150
0	-1	150
1	6	146
0	7	150
1	11	146
1	19	151
0	14	150
1	29	151
0	-1	144
0	18	150
1	33	151
1	34	150
0	10	150
1	-1	143
2	16	146
0	14	145
0	7	149
0	-1	150
0	20	151
0	-1	149
1	25	150
0	9	149
1	24	134
0	15	150
0	25	150
0	13	148
0	21	150
0	20	150
0	20	149
1	23	125
0	16	144
0	14	151
0	-1	150
2	31	146
0	-1	132
0	10	143
0	14	150
0	18	148
1	-1	150
0	16	149
0	-1	150
1	-1	150
5	26	132
1	18	150
0	-1	150
1	-1	151
2	21	150
2	24	149
0	15	129
0	23	146
0	14	150
0	16	148
0	21	149
0	-1	150
0	19	140
1	-1	150
0	13	150
0	-1	149
0	-1	149
0	-1	149
1	-1	145
0	-1	150
0	-1	147
2	31	151
0	16	151
1	13	150
0	32	150
0	-1	150
0	13	149
0	23	150
0	-1	151
0	16	149
0	6	150
0	18	150
1	-1	151
1	13	150
0	-1	146
0	-1	146
0	13	131
0	11	151
0	14	146
1	17	150
0	14	150
0	18	149
1	19	150
0	-1	148
1	-1	150
2	-1	150
1	-1	136
0	35	148
1	-1	150
0	-1	148
0	17	150
2	16	150
0	-1	150
0	19	147
0	-1	147
0	14	144
0	23	150
0	18	150
0	-1	148
0	22	150
0	-1	149
0	-1	151
0	12	150
0	13	123
0	-1	150
1	-1	150
0	15	149
1	21	151
0	-1	149
0	15	145
0	-1	150
0	21	150
0	18	144
0	14	150
0	9	150
0	19	149
0	16	139
0	-1	148
0	12	147
0	-1	150
0	39	147
0	16	150
0	28	150
0	31	147
0	17	134
0	15	147
1	-1	146
0	-1	150
0	19	151
0	-1	150
0	31	148
0	-1	149
0	15	141
0	14	91
0	20	151
1	36	151
0	23	150
0	17	118
0	-1	151
1	24	151
1	-1	150
0	25	151
0	39	147
0	15	147
0	22	150
0	22	150
1	22	150
1	10	147
1	14	148
1	16	150
0	-1	150
1	17	150
0	-1	150
0	-1	151
2	16	150
0	-1	150
1	-1	150
1	-1	148
0	17	150
0	15	150
0	-1	150
0	-1	150
0	12	150
0	35	151
0	-1	148
0	26	149
0	21	144
0	11	149
0	34	151
0	12	135
2	-1	145
1	-1	150
1	-1	150
0	14	150
0	16	150
0	16	149
2	12	143
0	-1	147
0	15	148
0	20	150
0	16	150
0	16	150
1	13	145
0	18	150
1	25	150
0	10	126
0	12	148
0	-1	150
1	9	149
0	15	97
0	14	150
0	-1	121
1	25	151
0	13	151
0	16	150
1	15	150
0	-1	148
0	12	150
0	17	150
2	26	150
1	-1	149
0	17	150
0	-1	123
0	19	151
0	-1	151
0	30	128
0	13	147
1	-1	150
0	-1	150
1	21	150
0	16	147
0	-1	142
0	-1	151
0	8	84
1	17	150
0	17	126
0	16	149
0	-1	150
0	-1	150
2	6	89
1	12	150
0	24	150
0	8	150
0	-1	149
1	-1	145
1	18	146
2	-1	141
0	16	141
0	42	150
1	-1	147
0	10	146
0	-1	148
0	27	147
0	12	130
0	-1	144
0	17	151
0	15	120
0	25	151
0	-1	134
0	7	149
0	9	151
0	13	150
1	13	150
0	-1	149
0	11	151
1	14	142
0	22	150
0	23	150
3	13	150
0	18	150
0	31	130
0	19	150
0	-1	149
1	14	148
0	11	149
0	15	149
0	41	148
1	19	147
0	-1	151
1	-1	149
1	14	143
0	26	149
1	22	151
1	-1	149
0	-1	150
0	-1	150
1	-1	150
0	28	145
2	-1	148
1	-1	148
1	19	150
0	15	148
0	30	146
1	9	146
0	13	150
0	12	151
0	-1	149
0	17	127
1	22	149
0	35	151
0	-1	150
0	14	150
0	30	150
0	13	142
0	13	141
0	10	150
0	17	150
1	-1	151
0	-1	150
1	21	148
0	22	150
0	-1	150
0	14	150
1	21	135
1	17	150
1	-1	150
0	-1	150
1	-1	140
0	-1	150
0	15	149
1	19	144
0	7	102
1	-1	150
0	11	150
0	-1	150
0	-1	150
1	33	150
1	-1	148
1	15	150
0	14	146
2	15	142
0	20	150
0	16	147
1	14	124
0	26	130
1	20	151
0	6	148
0	38	150
0	23	144
0	23	146
0	-1	151
0	31	147
0	-1	127
1	-1	150
0	16	150
0	15	150
0	-1	127
2	25	149
0	-1	126
0	-1	147
0	19	150
0	-1	144
0	-1	132
1	20	149
1	18	150
0	15	149
0	-1	150
0	18	150
0	7	147
0	-1	136
0	12	150
0	26	150
0	-1	150
1	15	150
1	20	151
0	13	151
0	16	150
0	-1	144
0	-1	150
2	-1	137
0	12	150
0	12	149
2	16	144
0	20	148
1	-1	135
1	32	149
0	13	131
0	13	136
0	-1	150
0	-1	150
0	20	149
0	-1	123
0	16	146
0	-1	149
0	20	147
0	17	149
2	23	150
1	14	150
0	19	150
0	18	150
0	17	150
0	18	134
0	-1	151
1	23	146
0	-1	150
0	8	150
1	21	146
1	17	150
1	10	148
1	30	148
0	17	151
0	19	148
0	-1	150
1	-1	147
0	-1	150
0	12	143
0	21	149
0	-1	144
0	22	150
0	14	151
2	-1	150
0	-1	150
1	-1	150
0	-1	132
1	11	136
0	16	144
0	14	110
0	-1	150
1	-1	150
0	-1	150
0	-1	150
0	6	151
0	-1	149
0	12	150
1	-1	149
0	-1	150
0	31	150
0	12	147
0	5	64
0	12	150
0	12	118
1	12	150
0	-1	150
0	15	150
0	-1	148
1	-1	148
1	29	150
0	13	150
0	15	130
0	13	150
1	16	150
0	-1	151
0	-1	145
0	9	148
1	10	127
1	20	148
2	18	151
0	15	147
0	22	150
0	12	150
0	23	150
0	13	64
0	10	150
1	12	126
1	40	150
0	-1	150
0	14	148
0	-1	150
0	-1	147
1	-1	150
1	12	139
1	-1	146
1	24	150
1	10	150
1	37	150
0	19	150
0	20	120
0	20	150
3	22	150
0	16	124
0	16	150
0	15	149
0	-1	149
0	-1	146
0	18	150
1	15	150
1	19	149
0	42	148
0	-1	151
0	17	131
1	14	146
0	14	150
2	-1	145
0	-1	146
1	-1	149
0	-1	110
0	-1	146
0	-1	138
2	8	132
0	13	149
0	11	150
0	15	151
0	19	127
0	-1	150
0	-1	147
0	10	149
0	-1	148
0	-1	149
1	37	150
0	18	150
0	-1	150
0	35	149
1	-1	128
0	-1	109
0	19	149
0	43	150
0	5	92
0	11	150
0	-1	150
1	-1	150
0	-1	151
0	17	148
1	19	150
0	-1	149
0	13	149
0	-1	150
0	-1	141
0	-1	150
0	18	150
0	-1	149
0	15	148
1	19	149
1	-1	150
1	-1	148
0	4	149
0	-1	150
1	18	122
0	11	150
1	24	142
0	-1	137
1	-1	150
0	21	150
1	14	144
1	21	150
1	-1	141
0	21	150
1	16	150
0	20	150
2	-1	150
0	-1	150
0	10	149
0	13	151
1	24	150
1	17	147
0	41	149
0	-1	150
1	19	150
0	13	149
0	19	150
0	19	150
0	16	136
0	-1	150
1	-1	150
0	-1	150
0	14	150
0	14	149
0	13	151
1	-1	148
0	13	150
0	14	150
0	14	150
0	20	148
1	19	149
0	13	148
1	19	151
0	10	95
1	27	142
0	-1	151
1	18	150
0	15	147
0	-1	148
0	8	147
0	23	150
1	-1	147
0	14	148
0	13	128
0	10	151
0	31	150
0	19	144
0	17	126
1	-1	145
0	9	92
0	-1	121
0	-1	149
0	20	150
0	22	146
0	25	150
0	-1	151
0	20	137
0	-1	138
1	-1	134
0	19	150
0	37	118
0	-1	149
0	20	143
0	21	150
1	20	150
1	18	150
1	18	143
0	19	151
0	37	150
1	21	150
1	-1	151
0	19	150
0	19	150
0	18	143
0	19	150
1	21	151
0	25	150
0	22	150
0	18	146
0	-1	147
0	17	145
1	43	148
0	18	150
0	-1	149
0	10	104
2	19	151
3	26	151
3	-1	139
0	37	150
0	38	149
1	-1	116
1	-1	147
0	21	150
0	37	144
2	-1	148
0	19	150
0	23	150
1	23	149
2	20	151
0	-1	86
2	48	151
0	-1	115
0	22	150
6	25	150
0	17	141
0	23	149
0	21	89
0	-1	149
0	19	150
0	20	146
1	-1	149
1	20	148
0	-1	142
0	-1	151
0	24	150
0	-1	147
1	18	150
0	21	147
0	16	148
0	18	100
0	23	148
0	17	151
0	-1	150
0	-1	145
0	19	122
1	-1	150
0	-1	150
0	20	136
0	19	142
0	17	149
0	17	128
1	18	140
1	21	151
0	-1	145
0	24	148
1	19	120
0	16	150
0	20	150
0	-1	150
0	27	150
0	41	150
0	-1	145
0	21	150
0	21	148
0	18	150
0	18	150
0	16	149
0	20	150
0	-1	150
1	18	141
0	6	95
0	9	148
0	16	116
0	15	143
1	18	151
0	-1	151
0	32	145
0	-1	150
0	-1	147
0	-1	145
0	-1	150
0	11	91
0	14	150
2	-1	151
0	16	150
0	13	147
1	13	99
0	11	150
0	7	118
0	-1	149
1	10	149
0	6	150
1	2	109
0	6	103
0	2	119
0	8	133
0	-1	150
0	-1	150
1	-1	150
0	13	121
0	-1	143
1	24	148
0	9	150
0	-1	151
0	42	150
1	16	146
0	-1	150
0	26	150
0	19	141
0	14	143
0	-1	144
0	-1	150
0	-1	148
0	13	150
0	-1	147
1	20	97
0	-1	150
1	-1	151
1	-1	151
0	15	148
0	11	151
0	9	151
0	18	150
1	-1	150
0	21	150
0	11	147
0	-1	150
0	13	151
0	44	149
1	-1	145
0	-1	150
0	-1	144
1	30	150
3	-1	149
0	47	150
0	17	148
0	19	151
0	13	143
1	16	150
0	14	118
0	13	150
1	-1	144
2	22	151
0	16	147
0	10	139
0	-1	150
1	-1	150
0	-1	151
0	-1	145
1	21	147
1	11	119
1	-1	150
1	-1	149
0	13	150
0	14	147
0	8	148
0	-1	149
1	17	149
1	18	149
1	11	150
0	-1	149
0	17	149
0	-1	138
1	-1	150
2	-1	110
0	-1	146
0	38	151
0	16	151
0	9	150
0	-1	150
0	-1	146
1	15	150
0	23	151
0	27	151
0	13	126
0	-1	150
1	16	130
3	10	150
0	13	150
0	-1	149
0	14	149
0	16	151
1	21	131
1	-1	147
3	18	150
0	15	150
0	-1	105
0	17	139
0	9	146
0	14	146
1	11	144
0	20	150
0	24	150
0	-1	150
0	-1	151
0	12	150
0	-1	151
0	14	150
3	17	136
0	18	148
0	18	150
1	14	138
0	13	149
0	9	147
0	23	151
0	-1	150
0	-1	151
0	-1	150
0	43	149
0	18	150
1	14	141
0	-1	143
1	-1	149
1	-1	151
0	-1	149
0	13	147
0	18	150
0	18	147
1	23	150
0	14	147
0	25	148
0	-1	150
2	36	139
0	-1	148
1	20	150
1	-1	151
0	-1	150
0	18	116
0	17	150
0	-1	129
1	-1	151
0	-1	150
0	-1	150
0	14	150
0	14	140
0	-1	150
0	11	149
0	9	150
0	11	148
0	31	150
1	22	151
1	20	149
0	16	149
0	17	151
0	33	150
0	21	130
0	21	142
0	35	150
0	-1	150
1	-1	145
0	-1	151
0	-1	147
0	-1	147
0	23	146
1	17	150
0	7	150
0	17	151
0	22	151
0	-1	142
0	-1	150
0	17	149
0	11	150
0	15	147
0	22	150
0	17	150
0	15	150
2	26	151
0	-1	149
0	15	150
1	22	150
1	46	150
0	28	150
0	-1	150
1	14	139
0	22	144
1	13	150
0	19	151
0	8	151
0	-1	151
0	-1	148
0	10	151
0	41	150
1	-1	151
0	-1	118
1	31	149
0	17	151
0	-1	150
1	21	150
2	-1	150
0	-1	149
0	31	150
1	15	142
1	7	150
0	15	147
1	17	127
0	13	151
0	19	120
0	17	107
0	12	100
0	13	150
1	-1	149
0	19	150
0	10	109
0	14	150
1	11	148
2	-1	150
0	18	150
0	12	150
0	13	147
1	32	149
0	-1	150
1	7	101
0	15	150
0	9	150
0	-1	131
1	-1	149
0	18	151
0	20	150
1	-1	146
1	-1	150
2	17	150
0	-1	151
1	-1	151
0	18	142
0	17	151
0	-1	143
0	16	150
0	16	148
0	22	150
2	17	150
2	16	151
2	19	150
0	16	150
0	-1	150
0	14	150
0	36	142
0	-1	150
0	21	151
0	15	151
0	-1	144
1	16	151
1	-1	150
0	-1	149
0	13	137
1	25	137
0	6	64
1	-1	150
1	-1	146
0	-1	147
0	12	102
1	14	150
1	-1	150
1	15	150
1	14	150
0	7	150
2	15	151
0	-1	150
1	29	150
1	21	150
0	-1	118
0	-1	150
1	19	150
1	-1	147
1	15	150
0	-1	138
1	15	143
0	16	119
1	7	125
0	12	145
0	17	150
0	17	151
0	-1	150
0	9	151
0	-1	151
0	-1	150
0	21	147
0	29	117
0	13	139
0	-1	132
0	-1	145
1	-1	130
1	-1	150
2	14	150
0	16	150
0	21	150
0	-1	146
0	16	150
0	11	150
1	-1	121
1	27	150
1	16	141
0	40	148
0	15	151
0	-1	115
1	21	150
2	16	149
0	17	150
2	18	151
1	18	150
0	16	138
1	15	150
0	-1	150
1	-1	150
0	36	150
0	20	145
1	-1	150
1	12	146
1	18	150
0	15	147
0	-1	146
0	9	143
2	30	150
0	13	148
0	20	145
0	-1	137
1	19	146
1	19	149
0	8	133
0	14	151
0	-1	150
0	8	83
1	25	148
2	14	127
0	-1	151
1	16	146
0	19	150
1	16	150
0	13	150
1	-1	150
0	24	150
0	-1	146
0	10	150
0	20	149
0	15	120
2	-1	149
0	-1	142
0	17	150
0	-1	150
1	14	148
1	-1	149
1	29	150
0	12	150
2	29	150
2	13	150
0	10	150
0	12	139
0	-1	150
1	17	150
0	-1	150
2	-1	150
0	-1	151
0	24	150
0	-1	150
0	-1	151
1	10	150
0	13	145
0	-1	149
0	5	127
0	10	150
1	-1	150
1	13	150
1	15	99
0	19	150
0	17	148
0	18	150
0	6	150
0	-1	150
0	-1	150
0	23	151
1	18	94
1	16	141
0	13	150
0	17	150
0	14	132
1	-1	149
0	9	148
0	-1	150
1	-1	148
0	-1	139
0	16	149
0	12	145
2	-1	140
0	17	144
0	17	149
0	-1	150
2	-1	150
0	12	147
0	17	150
1	15	149
1	-1	150
0	15	142
2	-1	150
0	21	147
0	1	150
0	18	151
1	34	147
0	-1	149
0	-1	150
0	-1	148
1	21	150
1	39	150
0	23	148
0	23	148
1	-1	149
0	10	148
0	13	151
0	12	141
0	-1	151
1	14	151
0	-1	148
0	17	150
1	-1	146
0	24	141
1	-1	150
0	13	145
0	10	140
0	32	150
2	14	131
0	13	149
0	-1	150
0	15	143
0	20	151
0	-1	149
0	12	133
0	25	150
1	-1	148
0	-1	150
1	14	150
0	12	115
1	9	150
1	-1	150
1	14	149
0	9	146
2	-1	150
0	19	150
0	11	147
0	22	140
2	16	151
0	13	150
0	-1	149
0	20	150
0	-1	141
0	-1	145
1	16	123
1	16	146
0	-1	150
0	-1	149
0	-1	150
0	-1	150
1	12	150
0	-1	147
0	14	150
1	-1	149
0	16	121
0	-1	145
0	-1	149
0	31	150
0	6	65
0	13	147
0	30	150
1	-1	131
0	-1	147
1	-1	150
0	16	142
0	7	146
0	15	150
0	13	150
0	21	147
0	17	148
0	-1	150
0	-1	150
1	-1	150
0	31	150
0	24	150
0	4	150
1	-1	150
3	14	131
0	10	147
1	37	147
0	-1	150
0	14	150
1	-1	146
0	21	146
0	19	150
0	14	150
0	14	150
0	-1	150
0	19	149
0	-1	147
0	18	148
0	14	151
0	-1	150
0	18	150
1	-1	150
0	36	150
0	13	147
0	16	148
0	-1	151
0	-1	146
0	-1	151
0	-1	150
2	14	148
2	16	150
0	-1	150
0	15	130
0	-1	150
0	11	150
0	15	150
2	16	149
0	-1	151
1	17	150
0	20	126
1	17	149
3	26	107
0	19	150
1	-1	147
0	8	136
1	-1	150
0	22	151
0	13	150
0	-1	145
1	14	139
2	18	150
1	-1	135
1	-1	151
1	-1	124
0	18	150
1	-1	149
1	16	149
0	21	133
1	8	148
1	24	150
1	13	136
0	-1	105
0	9	151
1	-1	136
0	19	150
0	15	123
0	-1	150
2	-1	151
2	-1	125
1	21	150
1	-1	150
1	-1	151
1	14	148
0	40	151
0	12	148
1	13	151
1	16	150
1	-1	146
2	10	91
0	-1	141
1	-1	150
0	18	150
1	-1	150
1	-1	150
0	-1	149
0	11	150
0	43	150
2	-1	149
1	14	151
0	37	150
0	10	147
1	14	151
0	14	149
0	18	149
0	19	147
1	-1	151
0	10	80
0	11	150
1	18	150
0	16	150
0	17	149
1	22	151
0	-1	146
2	-1	151
0	28	140
1	-1	150
2	-1	149
0	13	120
0	7	149
0	-1	149
0	13	144
1	-1	151
0	-1	147
0	11	111
0	16	148
0	-1	142
1	22	149
0	12	137
1	22	150
0	12	147
0	18	150
1	-1	137
0	-1	150
1	21	149
1	-1	150
0	13	151
0	19	149
0	-1	149
0	13	148
0	18	148
1	-1	151
0	19	150
0	16	150
0	19	148
0	18	148
0	-1	147
0	-1	123
1	-1	130
36	-1	148
0	15	150
1	10	150
0	16	150
1	16	140
0	35	149
0	17	149
0	-1	134
0	-1	144
1	46	150
0	13	119
1	18	149
0	15	148
0	18	150
0	-1	137
0	17	150
1	-1	150
0	-1	150
1	23	150
0	-1	141
0	19	150
0	37	150
0	30	143
0	-1	150
0	23	150
0	22	141
0	20	151
0	-1	150
0	14	150
0	-1	149
0	13	125
0	19	150
1	-1	150
0	12	148
0	13	150
0	18	136
1	13	149
0	-1	150
0	14	150
0	9	147
0	18	148
1	11	149
1	14	150
0	17	150
0	-1	149
1	-1	150
0	13	150
0	17	150
1	18	150
2	21	146
0	14	150
0	14	150
0	13	151
0	22	149
0	-1	150
2	-1	148
0	18	148
1	-1	144
0	25	124
1	20	150
0	17	144
0	15	147
0	22	150
1	-1	150
0	-1	151
0	21	148
0	19	144
1	19	150
1	23	139
0	14	149
1	15	149
0	-1	150
0	18	148
0	7	151
0	-1	145
1	-1	131
0	14	148
1	33	143
0	13	150
0	18	132
0	10	150
1	16	150
0	14	150
2	-1	150
1	-1	149
0	12	150
0	-1	131
0	13	145
0	21	151
1	12	151
0	12	146
0	-1	139
0	11	149
0	14	150
2	13	147
1	-1	147
1	19	102
1	13	150
0	25	147
0	13	139
0	7	151
1	10	150
0	14	150
1	-1	150
0	9	150
0	-1	135
0	19	150
0	-1	150
0	-1	149
0	42	150
1	-1	142
0	-1	151
1	11	150
0	15	143
0	17	150
2	23	150
1	19	151
1	-1	148
0	12	131
0	-1	145
0	40	150
0	20	150
0	17	150
0	-1	147
0	-1	150
1	-1	151
0	-1	149
1	-1	150
0	-1	150
0	-1	147
0	-1	150
0	7	135
0	-1	150
0	29	150
0	12	150
0	32	150
0	16	150
0	-1	150
1	-1	150
0	39	149
0	-1	150
0	11	146
1	17	144
1	18	149
1	17	149
0	-1	150
1	-1	138
1	13	120
0	-1	148
0	21	150
0	13	143
0	12	148
0	15	112
1	-1	150
2	-1	147
0	-1	150
0	18	150
0	13	149
1	18	150
1	-1	150
1	23	150
1	40	149
0	-1	136
1	18	150
0	-1	149
0	17	148
2	-1	150
0	-1	133
0	16	150
1	10	142
0	21	150
0	16	150
1	13	130
1	18	147
0	-1	149
0	26	149
0	7	147
0	15	151
3	19	149
0	15	150
1	-1	150
0	24	120
0	-1	148
0	19	150
2	-1	150
1	-1	145
0	10	145
0	13	146
0	17	150
0	20	151
0	23	150
4	-1	147
0	13	150
1	23	146
0	16	115
0	10	150
1	-1	150
0	-1	150
1	-1	149
0	18	149
0	28	151
0	11	99
0	12	147
0	-1	143
1	-1	150
0	-1	151
1	-1	150
1	-1	139
0	14	151
0	13	150
0	13	150
0	17	150
2	11	140
0	24	150
0	17	150
0	12	147
0	15	150
1	23	150
0	-1	150
0	16	150
1	18	150
0	16	150
0	-1	147
0	-1	151
1	18	134
0	-1	148
1	-1	147
0	13	149
0	9	148
1	15	146
1	-1	150
0	14	150
0	-1	148
1	-1	150
0	-1	150
0	-1	148
0	-1	150
0	-1	150
0	8	150
0	20	150
0	-1	136
0	14	146
0	-1	148
0	22	150
0	-1	140
0	14	150
0	13	150
0	17	151
0	17	150
1	-1	146
2	-1	149
0	16	150
0	7	71
0	13	149
0	19	149
0	21	151
0	17	150
0	13	150
0	15	150
1	12	150
0	-1	147
0	13	146
0	17	143
0	4	84
1	19	149
0	15	150
1	-1	149
0	-1	150
1	-1	148
0	14	144
1	12	150
2	13	150
0	9	150
0	37	150
0	22	113
1	29	149
0	12	150
0	20	151
0	14	147
0	16	150
1	-1	150
0	-1	150
0	-1	150
0	14	151
0	12	137
1	21	150
0	11	150
1	-1	149
0	-1	149
0	11	148
0	15	150
0	39	151
1	-1	150
1	-1	150
0	9	151
0	16	146
0	27	112
0	16	151
0	14	150
0	18	147
0	40	149
0	33	149
0	16	151
0	-1	149
0	22	146
0	19	149
0	19	150
0	15	150
1	-1	149
0	-1	151
0	13	122
0	17	150
0	-1	150
0	-1	146
0	32	150
0	9	149
2	-1	151
1	22	150
1	15	151
0	22	150
0	15	150
1	15	141
0	32	149
1	-1	149
0	9	150
0	18	150
0	20	148
1	13	150
1	13	133
0	34	148
1	17	150
0	12	150
1	-1	144
0	9	147
1	-1	150
0	9	150
1	19	150
0	18	125
0	-1	150
0	8	150
1	15	149
0	9	150
1	-1	149
0	-1	150
0	19	150
1	-1	150
2	17	150
0	17	150
0	16	150
1	10	144
0	21	150
0	14	150
1	21	150
1	18	149
0	16	149
0	19	150
0	9	150
1	-1	146
0	20	150
1	-1	136
1	-1	150
0	44	145
1	-1	150
0	29	118
0	7	145
0	19	137
0	16	149
0	-1	149
1	16	148
1	21	150
1	-1	149
0	17	150
2	10	150
0	-1	149
0	13	120
1	-1	146
0	-1	135
0	17	142
2	11	150
1	-1	147
0	18	149
0	12	149
1	13	136
0	-1	150
2	14	92
0	16	150
0	17	150
1	-1	137
1	12	121
0	11	150
0	19	151
0	-1	150
0	15	150
1	-1	150
1	17	150
0	-1	149
2	-1	150
1	13	130
0	14	146
0	-1	151
1	-1	150
0	14	148
0	11	150
1	27	144
2	19	140
0	14	139
0	12	145
0	22	151
0	17	150
0	20	148
0	-1	147
0	-1	142
1	16	150
0	22	149
0	-1	150
0	10	151
0	10	150
1	-1	150
0	11	149
1	20	151
0	-1	149
0	-1	104
0	-1	145
1	18	131
1	-1	149
0	18	146
0	13	126
1	-1	148
0	18	150
0	16	150
0	13	150
0	-1	150
0	19	145
0	14	150
0	17	140
0	17	151
1	-1	150
0	13	149
0	7	143
0	-1	150
0	16	151
1	-1	150
3	13	134
0	19	151
0	6	114
1	18	150
1	-1	149
0	-1	148
0	-1	149
2	27	144
0	-1	150
1	-1	147
0	19	149
0	-1	150
0	20	150
1	22	150
0	18	150
2	37	149
2	24	150
2	21	149
0	-1	136
0	14	150
0	16	126
0	-1	150
0	19	150
1	21	151
1	-1	148
0	17	150
0	-1	146
0	15	150
1	11	150
0	18	149
0	20	150
0	7	150
1	22	150
0	-1	138
0	16	147
0	19	134
0	19	148
0	22	150
0	3	140
0	13	150
1	23	151
1	-1	148
0	26	150
0	35	150
0	30	149
0	-1	140
0	13	150
0	24	125
0	21	150
1	-1	139
0	39	148
0	20	135
0	-1	148
1	-1	148
0	11	150
1	12	148
1	-1	147
0	15	149
0	17	138
2	-1	148
0	12	132
4	19	150
0	19	144
0	-1	150
0	-1	146
0	22	151
0	-1	102
0	17	146
2	-1	149
0	-1	149
0	39	150
0	26	150
1	16	150
0	-1	148
1	-1	148
1	15	150
0	19	150
0	33	150
0	-1	146
0	-1	149
0	22	151
0	-1	149
0	-1	147
0	12	149
0	-1	146
0	20	149
0	19	150
2	17	150
0	29	143
1	32	149
1	-1	150
1	-1	133
1	18	151
1	17	151
0	17	137
1	-1	148
0	36	150
0	-1	138
0	10	141
1	9	141
0	17	150
0	32	148
0	34	145
0	19	150
1	11	140
0	-1	151
1	19	150
0	33	150
0	13	150
1	-1	149
1	-1	150
0	7	149
0	17	150
0	-1	151
0	-1	149
1	21	151
0	-1	150
0	8	150
0	35	151
0	-1	149
0	-1	149
0	14	151
0	18	148
0	-1	137
0	-1	151
1	-1	149
1	36	150
0	15	149
1	17	150
1	-1	150
1	19	150
4	21	150
0	-1	150
1	-1	140
2	19	150
1	-1	151
0	15	150
0	12	147
1	16	147
0	18	150
0	10	149
0	20	150
0	-1	145
1	24	150
0	15	150
1	12	145
0	10	142
0	-1	146
0	16	151
0	23	150
0	-1	151
0	24	147
0	-1	151
1	-1	151
2	-1	150
0	26	149
0	-1	150
0	-1	151
0	15	148
0	17	148
0	-1	149
1	20	125
0	11	134
0	-1	151
0	15	150
1	-1	149
0	11	149
0	-1	146
0	-1	147
2	-1	146
0	10	147
1	-1	150
0	7	150
0	11	149
0	-1	150
0	11	150
0	15	150
0	12	150
0	14	150
0	16	150
0	15	136
0	9	149
0	18	149
0	16	140
1	13	149
1	-1	145
0	16	148
0	-1	150
0	14	150
0	-1	147
2	16	150
0	21	150
0	-1	150
0	23	135
0	15	149
1	-1	148
0	14	150
0	13	150
1	21	150
0	16	149
1	41	150
0	-1	147
1	19	150
0	-1	149
0	16	151
0	20	150
0	16	150
0	-1	143
1	-1	150
0	18	150
0	15	147
1	-1	136
1	18	143
1	14	149
0	19	148
1	-1	150
0	12	150
0	17	149
0	-1	105
1	19	148
0	39	151
0	-1	112
1	-1	150
0	16	150
1	11	122
1	-1	150
0	24	150
0	-1	150
0	12	123
0	8	135
0	11	150
0	15	145
1	-1	150
0	-1	150
0	-1	145
0	12	116
0	14	113
0	11	146
0	-1	150
1	-1	150
1	-1	150
0	10	148
0	24	150
0	13	145
0	11	150
1	15	150
0	15	148
0	-1	149
0	12	150
0	-1	143
1	12	147
0	33	147
0	-1	150
0	36	149
0	15	129
0	38	135
0	-1	150
0	-1	150
0	13	150
0	-1	151
0	-1	150
0	14	150
0	14	144
1	20	148
0	22	150
1	9	150
1	9	150
1	23	151
1	25	151
2	13	148
0	12	150
0	21	150
0	-1	144
0	13	145
1	-1	150
0	-1	151
1	-1	149
1	41	150
0	14	148
0	7	150
0	19	133
1	16	150
0	-1	151
0	17	151
2	-1	148
0	-1	150
1	-1	150
1	-1	150
0	14	148
1	12	150
0	15	149
0	25	149
0	-1	151
0	-1	150
1	14	150
0	18	151
0	-1	150
0	12	150
0	11	150
1	16	151
0	-1	150
1	-1	150
1	-1	147
1	20	150
0	-1	145
0	-1	150
1	25	150
0	17	148
0	9	104
0	18	150
0	-1	150
0	-1	150
2	10	120
0	-1	145
0	-1	151
1	13	149
0	26	150
0	25	150
1	10	151
0	-1	150
1	-1	124
0	-1	149
0	-1	138
0	19	150
0	13	136
0	19	150
0	-1	150
1	13	150
0	21	134
0	-1	149
2	-1	150
0	27	150
0	-1	150
1	18	150
0	16	126
0	-1	134
0	17	150
0	15	150
0	13	150
0	11	150
0	11	147
0	13	144
1	20	147
0	12	150
0	-1	147
0	22	150
0	17	150
0	-1	150
0	8	136
0	33	142
1	-1	151
0	12	150
0	9	141
0	14	125
0	21	150
0	15	151
1	13	150
0	13	150
1	-1	150
0	11	150
1	16	111
0	21	146
1	27	150
1	18	151
0	-1	150
2	32	150
0	20	150
0	16	144
0	18	148
0	-1	150
1	-1	150
0	-1	150
2	-1	149
0	-1	146
1	-1	149
0	-1	144
0	13	151
0	13	119
0	14	150
1	-1	141
0	-1	110
2	21	150
1	-1	121
0	12	150
2	22	150
2	14	150
0	8	148
0	18	145
0	11	151
0	22	150
0	22	127
0	15	145
0	18	150
1	38	150
0	15	151
0	-1	150
0	9	148
0	11	150
2	20	150
0	-1	149
0	12	150
1	-1	149
0	9	150
0	17	150
0	16	100
2	-1	150
0	13	150
2	-1	150
2	18	150
1	-1	150
1	16	140
1	18	145
0	15	148
0	19	150
0	-1	146
2	-1	150
2	13	150
0	38	145
0	-1	150
0	21	140
0	-1	150
0	13	145
0	10	138
3	17	150
0	17	150
0	15	149
1	12	147
0	-1	151
0	-1	150
1	-1	150
0	5	151
0	14	127
0	8	89
0	15	147
3	27	150
0	16	151
0	16	147
1	19	147
0	-1	149
1	-1	147
5	23	140
0	14	149
0	45	151
1	-1	146
0	13	147
0	-1	150
0	18	150
0	15	150
2	20	145
0	11	148
0	16	138
0	14	142
0	24	148
0	-1	148
0	12	150
0	8	148
0	16	147
1	9	148
1	18	150
1	25	150
1	-1	150
0	36	149
0	22	150
0	-1	150
0	16	150
0	-1	147
1	-1	150
0	15	138
1	-1	150
0	17	148
0	15	150
0	13	150
0	22	147
0	14	150
0	34	150
0	15	151
0	-1	150
2	38	148
0	-1	151
1	16	127
0	16	151
0	13	140
0	13	137
0	20	137
2	32	151
0	21	120
0	16	151
0	15	142
0	14	151
2	15	142
0	-1	150
0	-1	151
0	17	148
0	9	150
0	-1	151
0	12	149
0	-1	147
0	20	150
1	7	150
1	10	150
1	23	150
1	21	150
0	9	133
0	-1	151
0	-1	146
1	-1	148
1	13	138
0	14	150
0	27	151
0	8	150
0	11	151
0	14	150
0	16	151
0	-1	148
0	-1	149
0	8	151
0	21	149
0	-1	149
1	22	149
2	-1	147
0	19	150
0	-1	147
0	15	150
2	11	151
0	-1	144
2	24	147
0	38	149
0	29	150
1	23	149
0	-1	149
0	41	150
0	16	150
1	19	144
1	33	149
1	-1	139
0	18	148
0	-1	149
1	15	150
2	-1	146
0	18	147
0	-1	150
1	11	132
0	30	147
0	18	148
0	16	151
1	-1	150
1	13	146
1	-1	150
0	16	149
0	13	149
0	14	151
0	-1	150
0	14	121
0	25	149
0	14	150
0	-1	148
1	-1	149
0	19	150
1	-1	150
0	-1	142
0	-1	123
1	16	149
1	-1	149
0	18	149
1	-1	118
0	14	144
1	-1	134
1	-1	149
0	17	150
0	-1	151
1	19	150
0	16	145
0	12	150
0	-1	150
0	13	146
0	-1	150
0	-1	150
0	4	78
0	37	151
0	13	150
0	-1	149
0	40	149
1	20	144
0	19	139
0	16	138
0	-1	150
0	47	150
1	-1	151
0	12	145
1	17	136
0	-1	150
0	27	150
2	27	150
0	16	103
0	35	150
0	19	145
0	20	150
0	19	149
0	13	150
1	13	85
0	14	150
0	14	105
0	-1	151
1	9	146
0	11	150
0	21	151
0	9	150
0	12	133
0	13	148
0	-1	149
0	13	149
0	19	149
1	-1	150
0	-1	142
0	14	150
0	-1	149
0	33	139
0	11	150
0	-1	150
0	-1	147
1	12	150
0	19	151
0	19	150
0	21	151
0	-1	150
1	17	150
0	-1	150
0	-1	150
1	-1	150
0	23	147
0	-1	151
1	15	150
2	26	151
0	15	148
0	9	146
1	-1	150
0	-1	149
0	-1	148
0	5	119
0	17	150
1	14	150
0	9	150
0	8	149
1	10	142
0	9	150
0	18	146
0	24	148
0	18	140
0	13	148
0	-1	150
0	14	150
1	11	148
1	15	150
0	-1	150
0	13	150
0	18	150
0	15	150
1	18	151
0	15	149
2	-1	150
2	-1	145
0	-1	151
2	18	148
0	12	150
0	16	149
0	13	107
0	19	151
0	8	143
0	17	150
0	14	150
1	-1	150
1	20	149
0	13	150
0	23	150
1	-1	150
0	11	150
0	9	143
0	18	150
1	-1	150
0	-1	150
0	13	149
0	14	151
0	17	124
1	-1	148
0	9	149
0	16	150
1	11	151
0	15	147
0	10	150
1	-1	150
2	17	148
1	-1	149
1	23	151
0	-1	149
1	28	148
0	21	149
1	-1	149
0	9	144
0	17	150
0	42	150
1	23	151
1	18	144
0	-1	147
1	-1	150
0	14	148
0	16	150
0	22	145
0	7	105
0	18	150
0	21	150
0	13	150
2	37	146
0	21	150
0	9	150
1	14	150
0	10	151
0	17	151
1	-1	148
0	-1	151
0	14	150
1	33	151
0	-1	151
0	19	147
0	15	148
1	-1	151
0	13	131
1	14	143
2	-1	150
5	17	149
1	10	113
0	9	70
1	7	70
0	-1	146
1	-1	150
1	-1	150
0	18	149
1	21	141
1	-1	150
0	11	149
1	10	151
0	14	150
0	15	139
0	19	150
0	-1	151
0	12	147
1	-1	150
0	17	150
0	-1	147
0	-1	149
0	16	120
0	19	150
2	14	150
0	-1	150
1	-1	150
0	-1	150
1	-1	150
0	7	141
0	8	150
0	14	122
1	11	150
0	-1	148
0	-1	109
0	-1	144
0	15	150
0	23	150
0	10	150
0	14	151
0	21	150
1	12	150
1	15	148
0	10	151
0	14	150
0	16	144
1	-1	132
0	-1	150
2	14	150
0	-1	149
0	37	151
1	8	150
0	12	151
0	-1	150
0	-1	150
0	-1	149
0	10	90
1	-1	148
1	11	132
0	24	132
0	-1	151
0	10	146
0	7	150
0	23	144
2	19	124
1	16	150
0	10	108
2	13	150
0	14	150
0	15	151
0	18	149
1	19	150
0	26	146
3	19	150
0	-1	143
0	19	150
1	-1	150
0	39	149
0	16	137
1	-1	150
2	-1	151
0	15	144
2	-1	150
2	-1	150
0	16	140
0	11	150
0	-1	150
0	19	150
1	-1	129
1	-1	129
0	15	136
0	16	149
1	-1	148
0	13	122
0	36	149
0	-1	149
0	-1	150
1	7	130
0	25	141
0	-1	148
0	22	150
0	21	147
0	-1	150
0	-1	150
0	-1	151
0	-1	145
2	-1	149
0	-1	150
0	-1	149
1	12	148
0	10	150
0	21	150
1	19	147
0	18	149
1	-1	150
0	29	150
2	-1	147
0	15	150
0	15	150
0	21	150
1	-1	151
0	19	149
0	17	149
0	14	144
0	10	148
0	11	121
0	-1	150
2	19	151
1	-1	148
1	12	148
0	-1	149
0	12	150
0	14	150
1	21	125
0	-1	149
0	14	140
1	-1	143
0	-1	150
0	12	150
1	19	148
1	29	149
0	12	116
1	-1	151
1	20	150
0	20	146
1	-1	146
0	22	150
0	13	151
0	20	140
1	22	150
0	-1	138
2	18	150
2	31	148
0	33	148
0	16	130
0	-1	150
0	20	150
1	-1	150
1	13	134
0	-1	150
1	-1	117
0	-1	150
0	12	146
0	15	150
0	-1	144
0	21	148
1	-1	149
0	-1	150
2	-1	149
1	21	150
1	20	150
0	17	146
0	-1	145
1	8	150
0	24	151
0	11	151
3	16	148
0	-1	150
0	25	150
0	-1	151
0	21	146
0	-1	150
2	15	149
1	-1	150
0	-1	151
0	14	151
0	-1	147
0	18	131
1	-1	149
0	-1	135
0	41	141
2	-1	149
0	20	151
0	12	150
0	17	143
0	20	150
0	20	143
0	15	137
0	-1	136
0	-1	148
1	19	149
1	-1	150
2	-1	149
0	24	138
0	18	149
0	18	150
1	19	150
2	12	151
1	15	150
0	-1	150
0	11	138
0	-1	151
1	-1	148
0	16	150
0	-1	145
1	5	62
0	-1	150
1	43	151
0	-1	139
0	18	150
0	12	149
0	27	148
0	13	150
1	-1	146
2	21	151
0	17	148
0	12	149
1	-1	132
1	16	151
0	-1	150
0	30	148
1	-1	141
1	-1	150
0	19	151
0	12	150
0	14	149
0	17	130
0	21	150
0	-1	147
0	30	151
0	-1	149
0	16	147
0	-1	149
0	-1	149
0	14	151
0	-1	150
1	-1	147
1	-1	150
0	-1	150
0	14	132
0	-1	151
0	-1	147
0	13	150
0	11	150
0	39	147
2	-1	148
0	16	140
0	9	110
2	-1	150
0	12	150
2	19	150
0	13	117
0	12	150
0	22	150
5	-1	137
2	18	151
1	15	150
0	17	150
1	31	151
0	19	148
0	-1	104
0	-1	150
1	-1	150
0	14	150
3	-1	150
1	-1	151
0	-1	147
0	-1	150
0	11	141
0	-1	132
0	37	139
0	19	150
1	16	133
2	-1	151
0	-1	150
0	19	150
0	-1	150
0	11	150
0	14	150
0	12	125
1	19	144
2	20	138
0	20	150
0	21	150
1	16	149
0	14	151
0	-1	150
0	14	148
1	38	150
0	-1	151
0	29	149
0	15	139
0	-1	150
1	-1	146
0	-1	151
0	19	150
0	20	137
0	-1	141
1	21	151
0	15	150
0	7	150
0	-1	150
0	12	150
0	14	150
0	10	70
0	15	149
0	-1	150
0	-1	145
0	20	97
1	7	103
0	14	151
0	-1	150
0	-1	150
1	36	150
0	17	146
0	9	97
0	-1	150
1	-1	117
0	15	141
0	11	148
1	20	150
0	19	150
1	-1	150
0	16	150
0	-1	151
2	14	148
0	15	150
1	-1	150
0	-1	150
0	22	147
1	21	149
1	14	150
0	17	144
0	10	149
0	-1	142
1	8	142
0	14	150
0	-1	146
0	36	149
0	-1	150
0	-1	150
1	-1	150
0	14	138
1	-1	149
0	8	74
0	46	151
1	18	150
1	12	150
1	-1	150
1	-1	149
1	-1	149
3	-1	148
0	14	150
0	22	150
0	15	148
0	-1	148
0	-1	150
0	-1	146
0	10	150
0	-1	150
0	13	150
0	-1	150
1	16	144
0	31	150
0	21	151
0	-1	150
0	-1	150
6	-1	147
1	44	150
0	18	148
0	12	127
1	21	150
0	24	148
2	20	151
1	18	151
0	-1	150
0	5	148
0	17	150
0	19	150
1	15	135
0	-1	150
0	18	120
0	15	151
0	6	144
0	9	147
0	3	150
1	-1	148
0	8	150
0	20	149
0	17	150
0	-1	131
3	23	150
1	-1	149
0	15	150
0	36	150
1	20	150
0	16	144
0	18	148
1	16	145
0	19	150
0	16	151
0	15	136
0	15	150
0	-1	140
0	30	150
1	23	136
1	-1	149
1	-1	150
0	13	150
1	-1	84
1	-1	149
0	16	150
0	35	150
0	12	150
0	17	149
2	15	149
1	19	142
2	19	151
2	-1	139
0	20	150
0	-1	151
0	-1	151
0	17	150
1	-1	147
1	-1	150
0	-1	150
0	25	131
0	-1	151
1	-1	151
0	19	150
1	-1	150
0	11	150
0	-1	150
0	-1	151
1	22	150
0	-1	132
1	12	147
0	13	151
1	11	149
0	-1	151
0	-1	151
0	-1	149
2	25	150
0	-1	148
1	-1	124
1	16	150
0	-1	146
0	13	101
1	-1	149
1	15	148
0	10	149
1	-1	150
0	20	150
1	16	150
0	33	150
0	11	150
1	-1	150
0	10	150
1	16	150
0	-1	147
0	12	81
1	42	143
3	-1	145
0	-1	151
1	26	150
0	24	144
0	12	143
0	8	123
0	-1	150
1	20	145
0	17	151
0	15	150
0	17	148
0	16	150
0	19	149
0	14	149
0	-1	136
1	11	150
1	13	150
0	14	147
0	23	123
0	11	150
0	25	148
1	-1	143
1	33	140
1	-1	146
0	17	151
0	12	150
0	11	142
1	12	150
0	20	151
0	18	130
0	-1	151
0	17	150
2	22	147
0	15	150
0	14	150
0	10	123
0	-1	141
0	-1	150
1	-1	151
1	-1	145
0	26	151
0	14	151
1	16	148
0	20	144
0	15	148
0	-1	150
0	-1	149
2	9	148
2	-1	138
0	-1	151
0	-1	142
1	18	128
0	13	143
0	14	151
0	18	151
0	16	138
1	15	151
0	-1	149
0	25	150
1	12	149
0	33	147
0	19	149
0	-1	150
2	-1	150
0	21	147
0	29	150
1	-1	151
1	-1	150
0	13	131
0	14	150
3	-1	148
0	-1	148
1	18	150
0	15	144
1	-1	150
0	12	136
1	-1	149
0	-1	150
1	23	150
0	17	115
0	17	141
0	7	146
0	16	151
0	12	150
0	18	148
0	-1	150
1	-1	149
0	-1	149
0	16	147
0	17	147
0	16	150
0	-1	151
0	18	151
1	-1	146
0	25	150
0	-1	149
0	20	148
0	25	150
0	28	148
0	15	150
1	-1	149
1	-1	141
1	7	132
0	17	148
2	25	151
1	-1	100
1	-1	134
0	17	148
1	-1	151
0	20	144
0	11	149
0	13	149
0	21	149
1	22	150
0	7	119
32	35	101
0	18	148
0	-1	145
0	-1	150
0	7	150
0	2	149
0	14	149
0	25	148
3	-1	151
0	19	147
0	-1	150
0	12	151
0	-1	146
1	-1	151
0	8	140
0	14	146
0	-1	148
1	-1	150
0	20	143
0	21	149
1	-1	150
3	-1	149
0	14	137
0	16	150
0	-1	141
0	44	150
1	19	146
2	13	150
0	12	147
0	19	146
1	-1	148
0	12	118
1	12	151
0	19	141
0	-1	150
0	11	148
1	22	150
0	12	148
0	41	150
0	7	148
0	18	148
1	-1	150
1	-1	151
0	13	150
0	8	150
1	-1	147
0	-1	149
1	-1	150
2	18	151
0	11	149
1	19	148
0	-1	146
2	-1	150
1	39	149
0	20	103
0	11	135
1	17	150
0	20	151
0	13	149
0	-1	127
0	-1	150
1	17	133
0	21	150
1	-1	150
0	17	149
0	-1	146
0	34	142
0	15	150
1	35	150
0	12	150
1	15	143
0	23	150
0	-1	148
1	17	150
0	36	147
0	18	144
1	-1	121
0	18	149
0	12	136
0	12	89
0	13	150
0	12	151
1	-1	148
0	10	136
1	-1	151
0	16	124
0	13	133
1	27	151
0	-1	151
0	20	151
1	-1	150
1	-1	136
1	15	150
0	15	137
0	15	149
1	24	143
0	-1	149
1	16	146
0	-1	149
0	14	134
1	15	147
0	16	150
0	17	150
0	11	148
0	-1	147
1	16	149
2	-1	148
0	20	150
2	31	147
0	-1	148
0	13	150
0	18	150
0	22	151
0	11	147
2	17	147
1	-1	150
1	16	122
0	17	148
0	-1	150
0	19	150
0	-1	150
0	20	149
1	16	148
1	8	145
0	32	128
1	-1	150
0	11	147
1	22	149
0	24	150
0	20	150
0	17	150
0	16	150
1	44	144
0	-1	149
0	42	150
0	-1	150
0	16	150
0	-1	150
0	24	150
0	19	142
0	19	148
1	17	150
0	-1	149
1	-1	150
0	-1	149
0	15	146
0	-1	150
0	-1	150
0	13	149
0	16	151
1	16	149
0	16	122
0	33	150
1	15	150
1	11	150
0	36	150
0	14	148
0	15	150
0	-1	148
1	25	150
2	26	151
1	11	147
1	18	147
1	-1	149
0	11	143
1	-1	150
0	15	144
0	21	147
1	21	150
1	-1	150
1	-1	150
0	44	150
0	16	150
0	16	150
1	-1	151
0	16	149
1	-1	151
0	24	130
0	18	150
1	-1	150
0	-1	149
0	-1	131
1	19	140
0	14	122
0	-1	149
0	8	150
0	13	148
1	-1	149
1	-1	151
0	-1	148
1	34	150
2	18	150
3	16	150
0	-1	142
0	39	143
0	12	103
0	25	146
0	-1	149
0	16	110
1	-1	150
0	-1	150
0	-1	146
0	-1	150
0	33	126
0	-1	146
0	13	142
0	19	150
0	9	101
0	5	68
1	-1	151
0	14	128
0	22	150
0	-1	149
0	17	151
0	-1	128
1	14	140
1	15	151
0	-1	150
2	-1	151
1	16	147
0	-1	151
0	22	151
1	-1	145
0	17	150
0	13	148
1	30	147
1	-1	150
0	27	150
0	22	149
1	-1	150
0	16	150
1	18	145
8	20	151
0	29	151
0	19	144
1	-1	150
0	13	150
1	11	142
0	17	150
0	-1	151
0	19	148
0	9	150
0	-1	151
0	10	150
1	30	144
0	16	148
2	-1	148
0	39	148
2	16	150
0	14	137
0	20	143
0	16	144
0	19	151
0	-1	146
1	13	148
0	12	118
0	9	130
0	-1	146
1	19	151
1	21	150
0	21	151
2	34	150
0	20	150
0	-1	149
0	17	150
1	15	148
0	-1	150
0	-1	150
1	-1	150
0	16	150
1	11	151
0	7	150
0	18	144
0	15	150
0	37	137
0	-1	148
1	13	149
0	17	151
0	-1	151
0	17	150
0	-1	150
0	13	150
0	16	127
1	11	150
0	-1	150
2	28	149
0	19	150
0	20	147
0	15	148
0	-1	148
0	7	113
0	16	147
1	-1	150
0	-1	150
0	0	100
0	14	150
0	-1	145
1	-1	149
0	-1	145
1	28	150
0	-1	150
0	14	149
0	-1	150
0	15	150
0	14	150
1	33	146
1	-1	150
1	21	150
0	14	150
0	-1	150
0	8	150
0	16	147
0	15	150
0	-1	151
0	-1	139
0	16	133
0	20	150
1	15	151
0	10	150
1	-1	149
1	-1	150
0	29	147
0	19	150
0	-1	150
0	-1	150
0	24	150
0	-1	150
0	29	145
2	-1	150
1	-1	151
0	-1	146
0	8	145
0	-1	149
0	22	150
0	16	125
0	14	149
1	17	150
0	22	150
1	26	148
0	13	151
0	17	150
0	-1	149
0	12	147
0	-1	149
0	10	150
0	23	147
0	21	150
0	19	147
0	-1	147
0	-1	150
0	13	149
0	-1	150
0	20	150
0	12	132
2	-1	150
0	16	150
1	-1	151
0	16	150
0	11	149
0	16	147
0	13	149
0	15	149
1	17	150
0	-1	149
0	16	150
0	-1	144
0	13	148
0	14	122
0	-1	150
1	-1	149
1	24	151
1	18	151
0	-1	142
0	11	150
1	20	151
0	15	150
0	20	148
1	-1	148
1	-1	147
0	-1	150
0	35	149
0	8	150
0	-1	147
0	-1	149
0	10	134
0	-1	150
0	-1	94
1	-1	148
1	-1	150
0	14	150
0	16	150
1	14	150
0	19	148
1	19	151
0	21	124
0	9	150
0	22	151
0	20	143
1	7	130
1	17	150
0	19	151
0	-1	123
0	-1	114
0	11	150
1	13	145
1	21	139
1	-1	151
0	13	148
1	-1	150
0	13	151
0	-1	150
0	19	150
0	34	147
0	9	150
1	15	146
0	8	150
2	21	148
0	19	151
0	-1	150
0	-1	150
0	15	151
3	31	150
0	23	150
1	-1	151
0	-1	147
0	16	145
0	11	136
1	14	150
0	9	150
0	-1	149
0	14	150
0	-1	150
1	16	150
0	11	150
1	41	150
0	12	150
1	19	150
1	30	141
1	-1	150
0	11	142
0	-1	147
0	14	149
0	13	151
0	18	150
0	19	150
1	-1	145
0	-1	147
0	18	140
1	4	149
0	9	62
0	19	148
1	-1	150
0	13	148
1	-1	140
0	-1	136
1	16	151
0	18	146
0	-1	139
0	19	131
0	18	148
0	13	149
0	10	148
0	19	150
1	-1	150
0	10	151
0	7	118
1	17	150
0	37	150
0	18	150
0	11	119
0	15	150
0	17	149
0	25	150
1	11	147
0	21	150
0	24	151
0	14	149
2	14	149
0	14	149
1	14	142
1	-1	130
0	14	149
1	-1	149
0	-1	150
0	19	150
1	-1	150
1	-1	149
1	-1	150
0	14	150
0	12	146
0	39	149
0	18	150
2	-1	136
0	20	150
0	18	150
0	15	149
0	32	147
0	22	150
0	13	149
2	-1	150
1	-1	150
1	17	141
0	17	151
1	17	150
0	10	150
2	21	150
0	-1	140
1	20	145
2	-1	149
1	14	150
0	-1	150
0	7	71
1	-1	145
1	16	150
0	-1	150
0	18	137
1	19	146
0	-1	150
1	-1	150
0	9	149
0	14	141
0	12	147
0	33	141
1	-1	151
0	18	146
1	-1	101
0	18	147
0	14	142
0	16	150
0	10	151
2	23	150
0	16	150
1	-1	150
0	13	151
1	18	150
1	25	145
0	23	147
0	-1	149
0	14	150
0	7	76
1	22	145
0	21	150
0	-1	149
1	-1	148
0	18	151
1	19	134
0	-1	138
1	19	150
0	-1	150
0	15	149
0	22	150
0	-1	143
0	-1	150
1	17	151
1	17	148
0	-1	146
0	-1	147
2	18	150
0	21	144
12	13	76
1	-1	147
0	-1	146
1	-1	151
1	-1	150
0	-1	135
0	16	150
0	-1	150
1	19	149
1	25	150
2	19	150
0	19	150
0	20	137
0	-1	150
1	-1	151
2	11	149
0	13	147
0	-1	150
0	54	143
1	19	149
0	12	129
0	16	148
0	-1	150
0	17	150
0	21	150
0	-1	150
1	43	150
0	13	150
0	7	113
0	19	149
0	22	150
0	16	150
0	20	150
0	4	137
0	-1	150
0	18	150
0	-1	150
0	-1	150
0	10	150
0	12	147
0	23	150
0	-1	150
1	14	141
0	9	150
0	9	126
0	22	150
2	10	148
0	-1	151
0	10	150
0	-1	150
0	10	144
0	10	150
2	-1	150
0	-1	146
1	-1	149
0	-1	149
0	15	150
0	18	150
0	29	146
0	7	147
0	21	149
0	15	150
1	14	150
0	-1	150
1	31	150
0	-1	148
1	16	150
1	15	149
0	7	150
1	12	141
0	18	150
0	16	122
0	-1	149
1	-1	151
1	15	142
0	-1	146
0	19	150
1	30	133
0	-1	149
1	16	150
0	20	150
0	19	150
1	9	150
1	11	129
0	-1	148
1	15	151
0	17	150
0	8	134
0	28	96
0	10	147
0	14	150
1	16	150
0	-1	125
0	15	150
1	13	134
0	-1	147
2	19	150
0	14	150
1	20	142
3	22	151
1	-1	149
0	16	147
0	-1	148
0	20	149
1	-1	150
0	11	150
0	6	126
0	14	126
1	19	150
0	-1	151
0	9	145
0	1	65
0	14	151
0	13	132
1	7	150
1	-1	149
1	-1	144
0	-1	149
2	32	149
2	-1	134
0	15	150
1	22	149
0	-1	148
0	6	130
0	18	150
1	-1	150
1	14	136
1	11	151
0	-1	147
0	-1	146
0	8	150
0	13	146
0	30	150
2	-1	149
0	16	146
0	-1	137
1	18	145
0	19	150
0	-1	150
0	18	147
0	14	150
2	15	131
1	21	149
0	17	133
0	6	133
0	15	150
0	18	150
1	-1	150
0	11	147
0	9	147
0	16	150
0	-1	148
0	16	150
0	21	150
0	-1	147
0	21	150
0	9	148
0	25	146
0	-1	151
0	24	127
0	19	150
2	20	149
0	-1	150
0	16	150
0	-1	150
0	17	150
1	-1	149
1	-1	146
0	12	150
0	16	150
2	-1	149
0	8	149
0	-1	145
1	-1	150
0	18	146
0	33	151
0	41	150
1	-1	151
0	-1	150
1	21	150
1	11	94
0	-1	151
2	-1	150
0	-1	151
0	18	150
0	9	149
1	10	133
1	15	150
1	28	140
0	11	149
2	33	149
0	14	150
1	14	150
1	-1	150
1	10	150
0	19	135
0	3	148
0	-1	136
0	15	140
1	34	143
1	23	147
0	13	150
0	18	150
0	-1	150
1	27	150
0	20	150
1	-1	150
0	-1	150
1	17	148
0	26	129
0	-1	129
0	-1	150
0	12	150
1	18	150
0	6	148
0	14	144
0	12	146
0	18	150
0	10	147
2	13	149
1	16	150
0	37	148
1	-1	150
0	12	150
0	19	145
0	-1	149
0	10	149
1	14	148
0	21	150
0	15	151
1	-1	150
1	23	150
0	11	149
0	-1	150
0	15	148
0	-1	147
0	30	144
0	12	150
0	8	149
0	26	150
0	12	150
0	-1	150
0	12	150
0	19	147
1	-1	150
0	12	138
0	16	123
0	-1	148
2	17	146
1	16	150
1	14	98
1	18	150
1	14	125
1	22	150
0	17	150
0	-1	150
9	42	150
1	-1	151
0	11	148
0	15	146
0	17	134
0	14	135
1	42	146
0	20	144
1	39	149
0	14	143
3	19	150
0	-1	150
4	19	150
0	11	130
0	17	138
0	44	150
0	22	147
1	11	151
0	30	147
1	15	147
1	20	133
0	16	150
0	16	147
0	10	134
0	5	150
0	17	150
0	10	151
2	11	150
0	-1	148
0	14	148
0	25	148
1	-1	151
0	23	150
0	10	150
0	18	148
1	15	131
2	19	150
0	17	150
1	20	151
0	18	147
1	-1	147
1	19	149
0	-1	138
1	19	150
1	-1	151
0	-1	122
1	-1	103
0	18	150
0	-1	150
0	17	150
2	-1	150
0	10	147
1	-1	150
0	19	136
0	20	150
0	-1	147
0	14	145
0	-1	150
1	17	150
0	16	150
2	15	150
0	7	149
0	12	143
3	13	149
0	40	147
1	13	150
0	17	139
0	15	148
0	-1	151
1	13	146
0	-1	122
1	11	148
1	7	151
0	14	150
0	19	151
0	-1	150
0	11	150
0	19	150
0	19	150
0	-1	151
0	17	142
1	11	149
0	13	150
0	7	106
0	-1	149
0	13	150
0	16	143
0	17	150
1	35	148
1	20	150
2	19	150
1	20	144
0	25	151
0	31	139
0	17	149
0	-1	150
0	15	149
0	13	150
2	-1	150
0	24	149
0	9	141
1	12	144
0	15	150
0	9	99
2	12	151
0	-1	150
1	13	150
1	12	145
0	15	149
1	-1	149
1	11	150
0	-1	129
1	21	112
0	20	151
1	17	143
1	-1	148
1	-1	151
0	17	150
0	9	150
0	16	150
1	-1	149
1	18	147
0	13	120
3	29	150
1	11	150
1	12	150
0	20	150
0	21	138
0	21	150
0	16	151
0	4	67
0	16	151
0	12	135
1	-1	149
1	-1	149
0	18	149
0	12	126
0	-1	148
0	13	150
0	-1	148
0	15	148
1	-1	149
1	20	149
1	15	148
2	24	149
0	16	151
0	-1	146
2	17	150
0	14	128
0	14	150
0	23	150
0	13	96
1	14	150
0	-1	149
1	-1	147
0	18	126
0	-1	150
0	-1	148
0	-1	150
1	20	146
0	-1	150
2	-1	150
0	33	151
0	-1	146
1	-1	149
1	-1	150
0	41	146
0	6	83
0	-1	151
0	17	150
1	20	150
0	-1	150
0	19	145
0	19	151
3	27	151
0	16	150
0	13	150
0	18	150
0	15	150
2	27	147
1	12	150
1	8	136
0	10	141
0	14	151
0	21	150
0	-1	150
1	14	150
0	15	147
0	12	150
1	8	65
1	22	151
1	-1	149
0	6	147
0	18	151
1	15	150
1	-1	150
0	-1	145
0	10	137
0	13	151
0	-1	151
0	17	149
1	14	125
0	22	149
1	15	145
0	-1	150
1	19	150
0	-1	147
0	-1	150
0	17	150
0	-1	134
0	16	150
0	-1	148
0	-1	150
0	-1	145
0	-1	148
1	-1	147
0	12	142
0	12	146
2	-1	143
0	-1	149
1	23	142
0	19	127
0	30	150
0	11	151
0	-1	150
1	7	144
1	-1	150
0	-1	148
0	30	145
1	22	148
0	16	150
1	-1	120
0	23	150
0	-1	151
1	-1	147
1	15	149
2	41	149
0	19	150
1	-1	149
0	15	150
1	15	149
0	16	150
1	-1	150
2	16	149
0	13	150
0	-1	142
0	43	150
1	15	150
0	19	150
0	11	145
0	22	149
1	17	147
0	16	150
0	9	149
1	21	150
0	-1	148
0	-1	150
2	-1	150
0	-1	148
1	13	150
0	13	151
0	12	149
1	20	149
1	-1	151
0	15	149
0	13	150
0	-1	148
1	16	150
0	16	150
1	26	150
0	12	146
0	-1	144
0	13	150
1	13	149
1	30	150
0	17	150
1	-1	146
1	16	150
0	29	150
0	18	102
0	-1	150
2	-1	149
0	-1	146
0	-1	150
0	-1	150
1	-1	149
0	-1	151
1	20	150
0	11	149
0	17	148
0	-1	151
0	15	137
0	13	146
0	19	150
3	-1	150
1	15	149
0	19	146
0	-1	145
0	38	151
0	16	125
0	33	151
0	19	150
1	-1	145
0	-1	138
1	-1	151
3	-1	150
0	23	147
0	-1	149
0	-1	149
0	17	150
0	-1	146
0	14	151
0	10	150
0	-1	150
0	10	150
1	17	147
0	17	145
0	-1	138
1	24	150
0	36	151
0	15	150
2	-1	150
0	-1	147
1	37	150
3	19	150
1	21	151
0	16	148
2	16	143
2	18	134
0	-1	148
1	-1	149
1	15	129
1	35	150
0	10	149
0	-1	151
1	-1	150
0	8	74
1	-1	149
0	-1	148
1	34	150
0	-1	149
0	17	141
0	-1	142
3	17	146
1	-1	144
0	16	150
0	17	149
0	-1	148
0	-1	144
1	13	150
0	14	150
3	46	150
0	10	150
1	15	150
1	-1	151
0	11	150
0	23	149
0	16	150
2	15	150
1	-1	150
0	17	148
0	-1	150
0	-1	147
0	17	147
0	17	150
0	-1	130
0	-1	150
0	-1	150
0	-1	151
0	11	150
0	15	146
0	7	80
0	22	151
0	20	129
0	21	133
15	13	146
0	-1	147
1	21	149
0	19	150
1	-1	150
1	-1	133
0	19	150
1	22	150
0	-1	150
1	17	150
1	13	148
2	14	151
0	-1	145
0	41	150
0	-1	146
0	22	143
0	15	149
0	38	148
0	15	150
1	-1	143
0	13	137
0	9	133
0	-1	149
0	6	69
1	17	150
0	11	147
1	16	149
0	12	135
1	-1	147
0	10	150
0	13	134
0	15	149
0	-1	151
0	12	150
0	15	149
1	-1	149
1	19	146
0	20	151
0	14	144
1	8	150
0	15	150
1	15	149
0	-1	128
0	14	150
0	-1	150
0	14	150
1	20	149
1	16	150
0	25	149
2	13	149
0	-1	129
0	-1	146
0	25	142
1	13	146
0	-1	150
0	-1	150
0	20	149
1	16	141
0	27	150
1	17	138
0	20	145
0	-1	150
0	16	151
1	8	149
0	15	150
0	-1	150
1	12	149
0	-1	150
0	-1	137
0	14	147
1	19	148
0	17	145
1	13	147
1	-1	138
1	-1	148
0	17	149
0	11	148
0	12	149
0	13	146
0	-1	149
0	19	147
0	18	145
1	28	150
1	13	151
1	-1	148
1	18	151
0	22	149
0	13	150
1	19	136
0	-1	149
1	30	131
0	-1	147
1	11	141
2	16	150
2	-1	150
0	19	148
1	21	125
2	24	150
0	-1	151
0	17	145
0	17	150
0	4	141
1	-1	148
0	13	146
0	11	147
0	-1	150
0	17	150
0	19	150
0	13	150
0	18	149
1	19	150
0	-1	149
2	-1	125
0	10	124
1	15	150
0	11	150
0	16	149
0	9	148
1	18	148
0	18	150
0	15	148
0	11	149
0	15	147
0	-1	150
0	-1	150
2	33	151
1	21	150
0	16	150
1	-1	150
1	19	148
1	-1	149
1	15	150
0	27	150
1	23	151
0	-1	151
0	-1	150
0	19	150
0	34	150
0	41	151
1	40	150
0	35	150
1	-1	150
0	15	149
0	-1	143
0	14	133
8	21	151
0	-1	148
1	-1	144
1	-1	149
1	13	140
0	19	149
0	19	130
0	-1	150
0	20	145
0	-1	150
0	27	150
0	15	139
0	-1	123
0	24	151
0	12	149
1	-1	150
1	-1	151
0	15	126
0	16	150
1	12	144
1	15	141
0	-1	149
1	16	149
0	16	148
1	11	145
1	-1	150
0	14	150
0	12	150
0	9	149
0	12	139
0	18	150
1	-1	149
1	22	150
0	14	133
0	12	151
0	14	146
0	12	141
0	12	151
0	-1	150
0	21	138
0	15	150
0	18	150
1	17	150
0	15	94
0	-1	134
0	11	103
0	18	146
2	-1	149
0	-1	149
1	10	150
1	-1	130
0	15	150
1	23	150
0	-1	150
1	-1	149
0	18	145
0	10	128
0	11	151
0	9	150
0	12	150
0	20	150
0	20	150
0	-1	138
0	-1	139
0	17	151
0	13	150
1	16	149
0	16	148
0	17	150
0	-1	129
1	-1	150
0	17	150
0	-1	147
2	18	150
0	-1	149
0	16	150
2	9	119
0	14	129
0	13	145
0	11	146
0	-1	149
0	20	150
1	20	150
0	-1	149
0	7	66
0	17	150
2	18	141
0	23	150
0	-1	70
1	20	150
1	14	150
1	38	151
0	37	150
0	40	146
0	15	133
0	15	151
1	-1	130
1	19	150
0	16	150
0	-1	150
1	19	151
0	34	150
0	-1	151
2	-1	148
0	12	148
1	-1	149
0	-1	149
1	20	150
0	13	149
1	23	151
0	16	149
0	13	150
0	14	150
0	-1	135
1	13	150
0	-1	151
0	-1	151
0	14	148
0	18	141
1	-1	150
0	13	150
0	11	150
0	-1	145
1	-1	150
1	15	150
0	16	150
0	-1	150
0	17	150
1	-1	147
7	37	149
0	22	142
0	-1	150
0	-1	150
0	36	150
0	-1	146
1	22	150
4	-1	141
1	14	136
1	-1	149
1	20	150
0	15	150
0	14	150
0	18	150
2	21	149
0	-1	150
0	15	150
1	-1	150
0	16	150
1	-1	150
0	-1	147
0	22	150
0	33	150
1	-1	112
0	11	145
0	-1	150
0	20	151
0	13	150
1	13	150
0	21	150
0	-1	112
0	37	148
1	11	150
0	13	107
1	-1	150
0	-1	150
0	15	147
0	19	148
0	16	150
0	15	150
0	12	149
1	14	145
0	14	148
1	13	150
1	19	151
2	18	150
0	9	117
0	21	148
0	-1	148
0	34	148
0	26	151
2	-1	148
0	21	150
1	12	150
0	-1	150
0	-1	132
0	34	149
0	-1	150
1	20	150
1	19	149
0	15	151
0	23	146
0	14	150
1	11	150
1	18	150
1	15	150
1	-1	148
0	8	149
0	11	151
0	15	151
1	10	141
1	26	130
0	17	149
0	-1	150
0	17	146
0	-1	151
0	16	140
0	12	150
1	16	151
0	-1	118
1	14	150
0	18	147
0	9	117
1	-1	151
0	26	146
1	-1	150
1	13	150
2	-1	150
0	13	150
1	-1	150
0	19	151
0	21	150
0	16	150
0	12	150
2	21	150
2	26	150
0	-1	147
1	-1	150
0	-1	150
0	-1	149
1	-1	150
1	-1	151
1	29	148
0	16	150
0	-1	148
0	12	118
0	14	141
0	16	142
0	-1	150
0	15	148
1	12	150
0	11	150
0	-1	151
0	-1	150
1	17	142
0	34	149
0	17	148
0	15	151
0	16	150
2	25	148
0	17	142
0	16	141
1	32	148
1	-1	148
0	-1	147
1	-1	145
3	-1	150
0	15	144
0	15	134
3	-1	150
2	-1	147
1	22	150
0	18	150
0	-1	148
2	15	151
0	17	150
1	20	149
0	27	151
0	10	150
0	-1	149
2	23	137
0	-1	149
1	14	101
0	14	150
0	17	151
1	-1	150
0	14	120
1	10	146
0	-1	150
0	16	150
0	-1	150
0	45	150
0	-1	150
1	-1	147
0	12	151
0	-1	148
4	16	128
0	-1	150
0	23	146
1	19	150
0	-1	145
1	-1	148
0	-1	149
0	18	149
0	-1	142
0	-1	150
0	19	149
0	31	147
1	-1	151
1	22	150
2	-1	150
0	16	150
0	7	135
0	14	149
0	-1	150
0	17	150
0	14	150
0	-1	151
0	25	147
0	12	149
0	-1	147
0	11	150
0	5	142
0	-1	150
0	-1	149
1	-1	150
0	17	147
1	22	150
0	12	150
1	33	147
0	-1	150
0	6	150
0	-1	142
1	-1	151
3	36	149
1	-1	149
2	-1	144
1	-1	151
0	15	147
0	20	149
0	14	150
0	-1	149
0	-1	150
0	14	150
0	14	149
0	11	151
2	15	150
0	8	150
0	-1	147
0	-1	149
2	-1	137
1	17	150
0	17	149
1	15	149
0	14	150
0	24	150
0	18	125
0	13	150
1	-1	150
0	-1	151
1	15	148
0	-1	147
0	21	145
0	-1	150
0	16	143
0	14	149
0	12	151
1	18	150
1	-1	150
0	-1	150
0	-1	151
0	-1	149
1	11	151
0	-1	149
0	27	151
0	-1	144
0	17	150
0	11	148
1	-1	132
0	17	149
1	-1	150
0	12	150
2	20	149
0	19	124
0	17	150
0	18	149
1	-1	146
0	20	150
0	-1	146
0	-1	135
0	-1	149
0	-1	143
0	-1	150
1	-1	150
0	-1	146
1	12	149
0	33	150
1	13	150
1	-1	150
0	14	119
1	-1	150
0	-1	150
2	-1	150
1	15	120
0	-1	150
0	19	149
0	-1	147
1	-1	150
0	22	150
1	-1	148
1	24	150
0	17	151
0	-1	151
0	15	150
0	7	151
1	10	138
0	-1	149
1	21	144
0	16	145
1	16	149
2	15	151
2	-1	150
0	-1	145
2	-1	149
1	11	149
0	20	150
0	15	145
0	25	149
0	16	138
0	-1	109
0	18	150
1	-1	151
0	-1	149
0	9	148
0	22	146
1	-1	138
1	-1	150
0	9	133
0	17	150
0	12	150
0	24	139
0	16	149
1	-1	151
0	14	150
0	15	148
1	16	151
1	15	150
3	-1	150
1	37	140
1	14	110
2	19	148
2	23	145
0	-1	148
0	-1	150
2	6	122
1	42	150
0	21	146
1	16	147
1	-1	149
0	16	148
1	-1	146
0	17	150
0	19	136
0	-1	150
0	12	149
0	25	150
0	17	149
0	-1	150
0	11	150
0	-1	150
1	15	150
0	19	146
0	21	145
1	15	125
0	-1	150
0	21	120
2	18	144
0	13	149
0	17	148
1	8	149
0	-1	149
0	17	151
0	-1	149
0	17	151
0	15	146
0	8	150
0	-1	150
0	15	149
0	-1	148
0	-1	150
0	18	150
0	-1	138
0	-1	141
1	21	149
0	20	151
1	-1	149
0	12	150
0	16	150
1	-1	150
0	22	151
0	19	150
0	-1	150
0	18	142
0	28	150
1	8	76
0	13	142
0	15	150
0	13	146
0	31	150
1	-1	142
0	9	132
0	-1	151
1	34	150
2	14	135
0	-1	150
0	-1	150
1	16	150
1	11	147
0	39	150
0	-1	146
0	16	150
1	-1	143
0	12	150
0	-1	148
1	21	150
0	14	149
0	13	150
0	13	150
0	-1	148
0	-1	144
1	16	150
0	18	127
1	-1	151
1	20	150
1	17	117
1	10	150
0	22	150
0	17	151
1	17	146
1	-1	151
1	16	151
0	17	150
1	-1	150
0	10	150
0	9	124
0	11	131
1	-1	145
0	10	136
0	19	150
0	20	150
0	-1	149
0	7	135
0	22	150
2	-1	150
0	-1	133
0	37	149
1	-1	150
0	14	129
1	-1	141
1	16	101
1	9	105
0	17	148
0	-1	146
0	-1	146
0	19	150
1	-1	150
3	26	147
0	15	140
0	14	126
1	-1	150
1	-1	146
0	20	150
0	-1	150
1	-1	150
1	-1	151
0	10	127
1	12	125
0	18	133
2	13	151
0	-1	149
0	8	150
2	12	137
0	-1	92
2	18	151
0	12	150
0	18	150
0	11	151
1	15	149
0	25	150
0	8	111
1	-1	150
1	18	145
0	14	147
0	22	146
0	17	137
0	16	148
1	-1	149
0	-1	150
0	15	145
0	22	149
0	9	150
1	11	147
0	11	148
0	13	141
0	-1	144
0	16	150
0	15	150
2	17	150
0	-1	133
0	18	149
0	20	146
0	18	150
0	-1	150
1	11	150
0	-1	150
0	25	150
1	-1	145
0	-1	150
1	9	135
1	16	144
0	-1	151
1	20	128
0	13	149
1	11	135
1	14	139
0	18	140
1	-1	150
1	-1	137
0	21	150
0	18	149
0	-1	149
0	16	150
0	16	151
1	-1	148
0	21	150
0	16	148
0	13	148
0	17	121
0	13	145
0	-1	136
0	-1	140
0	-1	149
0	28	150
0	-1	146
0	16	150
0	-1	148
0	20	143
0	22	133
0	15	148
0	13	140
0	15	150
1	-1	139
0	-1	151
3	12	100
1	14	148
1	20	149
0	7	69
1	22	150
0	12	150
0	39	150
2	-1	145
3	15	122
0	13	150
0	-1	103
0	-1	147
1	13	150
1	13	150
0	7	149
0	14	150
0	14	151
1	-1	148
1	-1	144
0	17	144
0	18	86
0	14	128
1	16	143
0	11	149
1	11	122
0	-1	150
0	15	148
1	24	145
1	16	150
0	15	121
1	-1	149
0	10	150
0	-1	147
1	-1	147
0	-1	150
0	-1	150
0	18	150
0	40	150
0	-1	138
0	35	148
0	-1	149
0	10	148
0	17	149
0	-1	145
0	16	122
0	6	150
0	15	148
0	22	149
0	12	114
1	17	150
0	10	150
3	-1	138
0	19	150
1	-1	150
1	18	150
1	33	145
0	-1	150
2	18	146
0	18	150
1	12	147
0	12	150
0	7	150
0	6	150
2	20	150
0	-1	149
0	-1	147
1	9	150
0	15	149
1	13	149
0	11	151
0	-1	149
0	17	150
0	14	151
1	16	140
1	-1	147
0	21	143
1	15	150
0	16	150
0	38	147
0	9	149
2	22	150
1	-1	151
0	14	150
1	-1	149
1	33	150
0	15	101
0	9	87
1	-1	150
1	17	148
0	13	110
1	14	149
1	16	149
37	38	150
0	-1	150
0	-1	151
0	-1	150
0	18	149
1	-1	150
2	17	132
0	-1	143
0	22	150
1	-1	150
4	20	140
1	14	150
1	23	151
0	-1	102
1	-1	149
0	-1	115
0	-1	149
1	17	150
0	-1	151
1	31	149
1	7	143
0	19	150
0	15	149
1	-1	148
0	9	144
1	34	140
0	14	148
0	-1	150
1	11	143
0	14	150
0	12	149
0	18	150
0	15	132
1	17	150
0	18	150
0	7	80
0	24	150
2	-1	149
1	16	150
0	12	125
1	18	150
0	13	144
1	10	146
1	23	150
1	-1	147
0	21	150
1	-1	130
1	-1	142
0	-1	150
1	14	149
0	13	150
0	-1	150
0	12	150
1	22	151
1	23	151
0	-1	148
0	21	151
0	-1	150
0	17	149
2	17	149
0	-1	150
0	-1	146
0	-1	151
0	15	148
0	15	150
0	-1	150
0	-1	146
1	14	150
0	17	151
0	13	150
1	9	145
0	-1	151
0	-1	150
2	-1	150
0	34	149
0	14	140
3	38	148
2	17	150
0	17	150
1	16	150
0	18	150
1	19	150
0	-1	150
0	23	150
0	-1	149
1	-1	151
1	12	120
0	16	120
0	12	150
0	9	147
0	-1	148
0	12	151
0	20	150
2	-1	150
2	-1	150
1	16	150
0	13	147
0	18	151
1	-1	150
0	-1	144
0	18	150
0	13	146
0	17	146
0	-1	150
0	17	150
0	27	150
0	21	151
0	-1	150
0	-1	150
0	-1	151
0	-1	150
0	-1	146
1	-1	147
1	-1	150
0	12	121
0	-1	150
0	14	150
0	38	115
0	11	150
0	13	147
0	-1	150
0	-1	150
0	10	148
0	-1	136
0	21	150
1	-1	149
0	21	150
0	-1	149
0	31	150
1	18	150
0	-1	151
0	-1	148
0	40	150
0	13	131
0	-1	150
0	14	149
0	18	151
0	13	150
0	14	150
1	-1	150
0	15	150
0	23	150
1	-1	150
1	-1	150
1	16	149
1	-1	149
0	-1	150
0	12	149
0	18	150
0	-1	149
1	40	150
0	-1	148
1	-1	150
0	-1	149
0	-1	150
0	14	150
0	8	148
0	-1	150
0	11	146
1	-1	146
1	27	151
0	-1	151
0	17	121
0	19	150
0	-1	143
0	36	150
0	19	147
0	12	150
2	-1	149
1	19	150
0	16	149
1	17	145
0	22	150
0	22	149
1	-1	148
1	-1	150
0	-1	149
0	19	142
0	30	148
0	-1	150
1	17	149
0	-1	150
1	-1	147
1	-1	147
0	20	150
0	12	151
2	21	150
1	20	150
0	6	144
0	11	150
0	-1	150
0	-1	150
1	21	133
0	17	146
2	29	138
0	16	142
1	41	146
1	14	147
0	5	150
0	-1	150
1	31	150
1	-1	151
1	15	150
1	22	137
0	-1	146
1	16	149
2	-1	150
0	17	149
0	24	128
1	16	150
1	-1	150
1	-1	142
0	17	150
1	-1	151
0	9	150
0	-1	150
0	-1	149
1	16	150
0	16	150
1	12	149
0	-1	145
1	17	141
2	-1	149
1	-1	149
0	6	93
0	-1	150
0	17	150
0	25	150
1	-1	146
0	-1	150
1	12	145
0	-1	150
0	-1	146
0	14	150
1	20	151
2	13	63
0	-1	149
0	-1	150
1	18	149
0	15	145
1	-1	143
0	-1	149
0	-1	150
1	-1	150
0	-1	150
0	16	151
0	20	148
0	5	150
0	-1	150
0	10	150
1	17	149
0	14	150
1	22	150
0	18	150
1	-1	74
0	12	123
0	18	151
1	-1	148
0	-1	150
2	-1	149
1	-1	149
0	26	150
1	23	147
0	15	150
0	18	147
0	9	150
1	22	150
1	16	143
0	21	150
0	24	149
0	15	150
2	11	149
0	15	145
1	-1	150
0	37	150
0	-1	150
0	-1	150
1	-1	142
1	13	150
0	11	150
0	8	149
0	-1	120
1	-1	150
1	29	150
0	11	150
1	-1	147
3	24	150
0	13	151
1	21	151
0	-1	147
3	-1	150
0	-1	150
1	-1	150
0	-1	150
1	17	148
0	8	150
1	17	144
0	-1	149
0	-1	150
0	16	96
1	21	150
0	28	145
0	-1	151
0	-1	150
0	20	150
1	14	150
0	15	145
0	-1	150
1	-1	148
1	-1	150
0	21	151
0	-1	150
1	17	126
0	13	149
0	16	146
2	-1	150
2	15	150
0	14	150
0	11	150
0	27	127
0	24	150
2	-1	151
0	16	150
0	-1	150
0	-1	150
0	16	146
2	16	146
0	21	146
0	15	151
0	20	150
1	-1	149
1	-1	135
1	18	146
0	17	151
1	-1	137
1	-1	147
0	14	150
0	19	151
0	23	150
0	13	150
0	-1	151
0	13	150
1	10	85
2	-1	146
0	22	148
0	-1	150
0	15	151
0	12	136
0	12	137
0	-1	144
0	16	147
1	-1	150
0	-1	134
0	17	150
0	16	118
0	23	148
2	14	150
0	10	137
0	12	150
0	-1	107
0	4	150
0	17	150
0	-1	147
0	18	150
0	17	150
1	14	138
0	14	150
0	27	150
38	51	150
0	-1	147
0	15	148
0	17	151
0	31	139
0	-1	150
0	34	150
0	13	146
1	29	146
0	12	150
0	-1	149
1	16	151
0	22	144
1	18	148
0	-1	142
0	24	150
0	-1	147
3	21	149
0	-1	148
1	27	150
1	-1	127
0	-1	150
0	7	148
0	30	109
0	-1	121
0	-1	150
0	11	109
1	-1	151
1	16	146
0	26	150
0	39	150
0	24	150
2	-1	146
0	33	148
1	18	149
1	-1	142
0	13	150
0	16	151
0	-1	145
1	15	150
0	22	150
0	12	149
0	10	149
0	15	151
0	17	150
0	22	150
0	-1	150
0	-1	151
0	15	151
1	-1	143
0	8	144
0	-1	145
0	15	147
0	13	149
0	19	148
3	20	94
1	15	133
0	7	150
1	35	149
0	11	151
0	19	144
0	-1	149
2	30	147
2	-1	151
0	-1	150
0	14	148
0	8	151
0	8	144
0	-1	150
0	-1	151
0	11	150
0	14	149
2	38	147
0	27	115
0	9	150
0	11	147
0	22	148
0	8	149
1	-1	145
0	9	149
0	11	128
0	18	147
2	37	150
0	14	150
0	22	151
1	-1	151
0	16	144
0	-1	151
1	-1	143
0	32	150
0	16	150
1	16	150
0	6	149
0	20	141
0	19	151
0	-1	150
0	17	148
1	-1	149
0	20	150
1	13	150
0	10	150
1	21	145
0	23	150
0	17	149
1	-1	146
1	19	151
1	-1	150
1	-1	145
0	8	151
1	15	150
2	-1	148
0	17	143
0	22	150
0	11	107
0	12	135
0	24	149
0	17	149
0	12	143
1	20	151
0	19	151
1	20	150
0	-1	148
1	12	151
0	-1	147
0	-1	150
0	10	148
0	-1	148
1	-1	133
0	7	99
0	17	147
1	17	151
1	-1	150
1	22	136
0	-1	150
0	-1	151
1	15	150
0	18	131
0	11	150
1	18	150
0	11	150
3	-1	150
1	10	151
0	10	131
0	-1	150
0	18	150
1	23	148
0	15	150
0	37	131
0	-1	145
0	14	150
0	12	147
0	24	134
1	-1	150
0	-1	148
0	17	151
0	13	149
1	-1	150
0	18	146
1	-1	149
2	15	148
0	-1	149
0	-1	145
0	9	150
0	9	150
0	20	151
1	36	148
0	-1	149
0	-1	150
0	9	150
0	41	149
0	-1	150
0	16	142
0	-1	151
0	14	150
0	13	134
0	20	150
2	19	151
0	14	150
0	22	149
1	-1	150
0	13	150
0	-1	143
0	12	150
1	11	150
1	-1	144
0	26	149
0	-1	149
1	27	144
0	17	150
0	11	149
0	14	150
0	12	143
0	12	146
0	17	150
0	-1	151
1	-1	150
1	27	149
0	15	150
0	14	151
0	16	150
0	-1	149
0	-1	145
1	-1	149
0	-1	150
0	-1	149
0	24	150
0	-1	150
0	-1	150
1	32	150
2	17	150
0	-1	146
0	15	128
0	6	110
2	16	143
0	13	147
0	18	124
1	18	140
0	15	146
0	-1	148
0	16	120
0	18	148
0	10	150
0	17	150
0	10	151
0	21	149
1	-1	150
2	21	151
0	-1	151
1	20	148
2	18	150
1	10	150
1	-1	150
2	-1	151
0	8	150
0	-1	149
0	14	150
0	14	150
1	16	150
0	21	151
0	20	147
0	9	150
1	-1	144
0	9	150
0	-1	150
1	11	77
0	15	150
1	25	150
1	-1	150
1	-1	151
0	16	150
0	26	147
0	20	148
2	15	149
2	14	149
0	40	150
0	-1	150
0	15	140
1	7	148
0	18	151
0	21	151
0	15	151
0	36	148
0	16	139
1	15	150
0	13	150
0	14	146
0	11	150
0	11	146
0	14	151
0	10	144
0	-1	150
0	-1	149
0	15	150
0	-1	150
0	-1	150
0	-1	150
0	18	122
0	-1	150
0	15	150
1	-1	146
0	-1	145
0	19	148
1	7	118
0	20	150
0	12	141
0	-1	150
1	-1	150
1	-1	150
0	14	150
1	-1	149
1	19	149
4	37	150
1	34	118
0	14	149
0	13	150
0	-1	134
0	17	150
1	14	132
0	-1	134
0	23	150
0	-1	151
0	10	149
0	14	148
0	-1	150
1	19	151
1	22	150
0	-1	135
0	10	149
1	8	150
0	16	149
0	12	149
1	6	149
3	23	123
0	10	150
0	11	117
2	29	150
0	-1	151
2	21	151
0	17	151
0	11	149
0	-1	150
1	17	150
0	18	144
1	8	98
1	-1	130
0	19	149
1	-1	150
0	11	150
0	39	149
1	19	151
1	18	150
0	17	149
0	21	150
0	5	150
0	21	136
0	19	151
0	12	139
0	-1	151
0	13	149
0	12	150
0	14	147
0	-1	147
0	18	150
0	11	150
0	-1	150
1	-1	147
1	15	150
0	12	150
0	-1	139
0	13	140
0	16	150
0	14	150
2	-1	150
1	-1	150
0	19	149
0	21	150
0	14	151
0	22	150
1	-1	130
0	19	148
0	8	138
0	17	150
3	-1	148
0	-1	151
0	12	149
0	17	141
2	-1	144
0	16	127
0	-1	148
1	19	150
0	-1	150
1	18	150
0	-1	146
1	19	151
2	15	148
0	6	151
0	14	151
0	15	150
1	14	150
1	13	150
4	21	149
1	13	150
0	15	145
2	-1	150
1	17	151
0	-1	148
0	-1	147
1	-1	150
0	-1	148
0	-1	139
0	-1	135
0	9	111
0	21	150
0	10	149
0	-1	150
0	20	150
0	11	150
2	16	140
2	15	150
3	-1	150
0	19	150
2	18	150
1	-1	132
0	9	69
1	-1	150
0	-1	151
0	13	150
1	-1	149
0	8	145
0	-1	150
0	-1	150
0	-1	112
1	31	150
1	15	147
0	16	140
1	28	150
0	-1	147
0	-1	98
0	-1	138
0	-1	151
1	43	149
0	12	147
0	-1	150
3	20	148
0	19	150
1	9	151
0	22	150
0	-1	150
1	20	139
0	39	150
0	13	104
0	12	150
1	-1	149
0	13	150
0	15	140
1	17	150
3	-1	150
1	-1	138
0	-1	150
5	20	149
0	14	150
1	-1	150
0	-1	149
1	-1	148
0	-1	150
0	-1	150
2	-1	150
0	14	150
0	15	150
1	25	143
1	8	150
0	22	150
0	15	150
1	38	147
1	14	150
1	-1	150
0	13	129
1	15	150
0	14	150
0	-1	150
0	23	125
1	18	148
0	-1	146
0	18	150
1	13	145
0	21	150
0	11	144
0	-1	151
0	10	133
1	-1	150
2	-1	150
0	16	148
0	20	141
0	14	139
0	16	150
0	11	150
0	39	148
1	-1	150
0	11	150
0	10	149
0	23	150
0	-1	150
0	13	151
0	-1	149
0	21	149
0	19	149
0	9	146
1	-1	146
0	3	150
1	28	150
0	12	150
0	9	146
1	11	117
0	12	150
0	38	148
0	-1	149
0	-1	150
1	-1	150
0	-1	150
0	13	150
0	-1	150
0	-1	150
0	14	150
2	29	149
0	-1	149
0	14	150
2	-1	148
0	14	140
0	13	130
0	-1	149
0	-1	149
1	12	151
0	13	150
0	20	139
32	53	150
0	18	151
0	21	150
1	16	150
0	18	150
1	21	150
0	16	150
0	-1	145
1	14	148
1	-1	151
2	13	150
0	25	150
0	-1	144
0	-1	150
1	21	151
1	31	131
0	-1	150
1	-1	150
0	11	150
1	19	139
0	17	150
0	12	151
1	-1	135
2	-1	151
0	-1	146
0	15	151
0	31	150
1	27	149
0	-1	150
0	18	151
0	5	77
0	-1	147
0	14	146
1	24	150
0	-1	137
0	15	140
1	17	150
0	-1	147
1	39	148
1	-1	150
1	10	147
1	13	138
0	18	148
0	-1	145
0	7	147
0	16	122
1	16	150
1	19	150
0	13	148
0	13	150
1	20	150
0	10	151
0	11	104
0	22	151
0	-1	149
1	19	150
0	-1	150
0	-1	150
0	16	150
1	14	150
0	-1	147
1	-1	149
1	11	133
0	19	150
0	17	148
0	14	148
2	12	150
1	15	149
0	-1	150
1	16	151
0	19	149
0	-1	151
1	-1	145
0	-1	150
0	12	150
0	14	148
0	20	140
0	19	148
0	9	140
2	12	148
1	18	147
0	-1	150
0	24	151
1	15	150
1	-1	151
0	-1	150
0	17	150
0	14	150
0	-1	137
0	9	124
0	16	150
1	15	138
0	-1	141
2	18	147
0	12	150
0	9	148
0	-1	150
0	18	149
0	-1	150
0	37	147
0	23	145
0	15	150
0	17	150
0	-1	149
0	-1	149
1	-1	150
1	-1	151
0	18	150
0	-1	150
2	-1	150
0	-1	150
0	-1	147
0	-1	136
1	17	150
0	-1	150
0	12	148
0	-1	149
0	17	148
0	38	146
1	19	150
0	18	151
1	-1	151
0	18	146
0	11	149
0	12	150
0	-1	150
0	13	149
0	17	150
1	15	150
0	36	145
2	18	150
0	14	150
0	-1	148
1	-1	87
0	21	148
0	18	150
0	19	150
2	19	151
1	-1	119
0	20	146
1	16	151
1	-1	151
0	31	150
0	21	150
0	11	150
0	-1	151
0	-1	150
0	-1	150
0	9	147
1	18	150
2	-1	150
0	-1	149
1	12	147
0	18	134
0	12	151
0	14	150
0	11	150
0	22	150
0	19	149
1	26	150
0	10	144
0	-1	148
0	43	150
0	11	151
0	19	147
0	22	150
1	14	149
0	-1	146
1	40	151
1	-1	150
0	-1	151
0	17	147
1	13	149
0	12	150
0	-1	147
0	37	150
3	-1	151
0	21	150
0	-1	146
0	7	104
0	-1	148
0	-1	150
0	11	98
1	27	149
1	-1	143
0	11	142
1	-1	148
0	-1	149
0	-1	145
1	16	151
0	-1	148
2	15	150
0	10	150
0	10	147
0	14	150
0	13	150
1	-1	146
1	16	144
3	19	147
0	-1	145
0	9	105
1	-1	150
0	12	134
1	15	150
1	-1	150
0	14	148
0	-1	150
0	14	151
0	-1	150
0	42	150
1	-1	150
0	-1	149
2	20	151
0	16	150
1	11	139
0	18	135
1	-1	149
0	11	149
1	-1	151
0	-1	146
0	11	148
0	14	149
0	-1	150
0	15	150
0	18	145
1	-1	134
0	12	150
0	-1	150
0	22	149
1	19	151
0	19	150
0	20	143
0	8	150
1	20	145
0	19	150
1	-1	142
0	18	150
0	17	150
1	11	150
0	13	149
0	-1	149
0	17	149
0	-1	151
0	41	150
1	18	96
0	-1	148
0	-1	147
0	13	150
1	-1	149
0	-1	145
1	18	151
0	-1	147
0	14	148
0	-1	150
1	15	123
0	13	148
1	20	136
0	11	150
0	38	150
1	-1	150
1	39	145
1	12	140
0	16	149
1	8	92
0	32	150
2	-1	138
1	18	147
0	20	150
1	18	150
0	11	146
0	36	150
0	-1	150
0	-1	150
0	18	150
0	17	150
0	-1	150
0	-1	149
0	26	150
1	-1	149
1	21	151
0	7	114
0	9	94
1	18	150
0	23	150
0	14	102
2	12	150
0	17	151
0	25	148
0	13	150
0	2	103
0	1	68
0	12	150
0	20	151
0	14	150
0	23	141
0	15	150
0	16	150
1	21	141
0	14	150
0	14	148
0	17	149
0	19	148
1	16	150
4	33	147
1	-1	148
0	22	150
0	13	147
0	23	150
1	21	128
0	-1	140
0	18	151
0	-1	145
1	18	150
0	38	132
0	13	149
0	16	149
0	16	134
0	13	150
1	12	150
0	11	149
0	-1	150
0	-1	150
0	13	148
1	-1	151
0	17	150
0	13	100
0	33	146
1	-1	146
0	-1	150
0	-1	151
0	15	142
0	10	137
0	15	146
1	17	146
0	-1	144
1	-1	150
1	16	150
0	16	150
0	7	146
0	15	149
0	-1	150
0	14	108
0	36	147
0	38	147
1	16	149
0	18	150
0	4	148
1	-1	148
0	22	151
1	38	150
0	4	130
0	1	90
0	12	123
0	18	150
0	-1	149
0	16	139
0	-1	150
0	6	144
0	38	123
0	7	128
1	15	141
4	23	151
0	17	150
0	23	149
0	11	150
1	30	146
0	20	149
2	21	150
0	20	147
1	31	150
0	-1	149
0	12	97
0	20	149
0	-1	151
1	10	151
0	18	150
0	21	115
0	-1	150
0	13	131
0	-1	149
0	22	142
2	-1	151
0	-1	151
0	21	150
0	-1	143
0	-1	149
0	17	150
0	28	139
0	-1	150
1	-1	140
0	-1	131
0	13	150
1	16	147
0	-1	141
2	20	150
1	-1	149
1	-1	150
1	29	146
0	23	149
0	22	150
0	-1	150
2	17	150
1	19	142
0	5	140
1	-1	147
1	18	148
1	-1	151
0	18	150
2	11	151
0	16	150
1	-1	147
3	19	148
1	13	143
0	13	149
1	18	150
0	24	140
0	-1	151
0	8	150
1	-1	146
0	-1	150
0	21	150
0	15	149
1	14	147
0	-1	77
1	-1	150
0	14	147
0	-1	144
1	-1	149
1	18	150
0	11	150
0	15	149
0	-1	150
0	-1	150
0	14	150
0	21	150
0	-1	149
0	-1	150
0	15	142
0	20	150
2	-1	150
0	16	148
0	8	146
0	-1	151
0	9	150
1	10	151
0	11	147
0	11	149
0	-1	150
1	-1	150
0	43	151
1	16	150
0	25	143
0	-1	150
0	-1	150
1	27	147
0	16	147
0	-1	150
0	17	150
1	16	148
0	13	150
0	15	129
1	-1	150
0	33	151
1	18	142
0	10	150
0	10	103
2	16	150
0	12	142
0	-1	150
1	-1	149
1	20	145
0	13	151
0	13	147
0	-1	146
0	-1	149
0	-1	149
0	13	141
0	-1	147
0	-1	150
0	20	150
0	15	145
0	16	151
0	11	151
0	8	110
1	-1	146
0	16	149
0	-1	140
1	-1	131
0	20	150
0	17	150
0	20	149
2	-1	147
0	12	151
0	15	145
0	6	63
0	24	148
1	16	151
2	-1	150
0	30	149
1	-1	150
0	6	124
0	-1	150
0	21	150
0	13	150
0	-1	148
0	13	150
1	15	148
1	-1	150
0	17	150
0	13	124
0	-1	150
0	17	150
0	-1	150
1	15	142
2	14	150
0	-1	145
0	-1	149
0	18	147
0	15	141
0	33	151
0	39	151
2	23	149
1	37	147
0	14	150
1	-1	149
0	14	146
0	17	149
0	16	148
1	26	148
1	33	149
1	-1	150
1	-1	150
0	11	150
2	19	150
0	-1	147
0	-1	150
0	-1	150
0	13	150
0	23	150
0	30	150
1	-1	150
1	-1	149
0	19	150
2	-1	147
1	-1	150
0	13	151
0	-1	147
0	35	151
1	10	121
0	16	148
0	17	150
1	-1	148
0	17	145
0	13	131
0	-1	144
0	-1	149
0	17	150
1	19	146
1	18	150
0	13	145
0	16	146
1	-1	150
1	-1	150
0	-1	150
1	-1	134
0	13	149
0	-1	97
0	-1	150
2	-1	146
0	22	150
0	-1	149
0	18	151
0	-1	150
1	-1	144
0	21	149
1	15	150
3	12	129
1	17	151
0	12	149
0	20	151
2	11	150
0	12	149
0	20	149
1	-1	141
2	14	151
0	18	149
0	-1	151
1	20	148
0	13	148
0	22	150
0	-1	147
1	12	148
0	25	148
1	-1	150
0	11	150
1	-1	150
0	15	147
0	-1	135
1	22	149
1	15	151
0	23	146
0	-1	151
2	16	150
1	22	150
1	11	120
0	12	150
0	18	151
0	17	141
0	28	145
0	20	150
1	-1	133
1	17	121
0	11	151
0	-1	142
1	-1	146
0	11	151
0	-1	151
1	40	150
0	24	145
1	-1	138
1	-1	149
1	-1	151
0	-1	150
1	-1	151
1	19	148
0	16	144
0	5	150
1	-1	151
0	19	150
0	19	150
0	18	149
0	16	151
0	14	141
1	17	150
0	14	150
1	-1	139
0	-1	148
1	-1	150
1	12	150
1	-1	149
0	-1	148
0	-1	151
1	14	126
0	19	149
0	-1	146
0	-1	150
0	-1	150
0	23	151
0	12	150
0	31	150
0	18	139
0	12	149
1	7	147
0	17	150
0	22	149
0	21	150
1	15	150
0	-1	149
0	-1	149
0	18	151
0	-1	150
0	-1	150
1	-1	149
2	-1	149
0	11	150
0	12	111
0	17	148
2	16	147
1	-1	150
0	18	151
0	12	149
0	10	95
0	12	150
0	21	148
1	21	150
0	-1	149
1	14	150
2	17	146
0	-1	150
1	7	146
1	16	147
0	17	151
0	17	150
0	15	150
0	21	144
1	-1	115
2	-1	146
1	12	147
0	34	150
0	20	151
0	12	148
1	-1	150
0	13	150
1	-1	150
0	22	150
0	18	151
0	17	150
0	36	145
1	15	151
0	13	141
0	-1	150
0	23	149
0	-1	150
0	19	143
1	22	151
0	14	150
0	11	151
0	-1	149
0	13	150
0	16	149
1	-1	150
0	-1	149
0	11	151
0	-1	150
0	13	146
0	-1	148
0	-1	150
0	-1	150
0	15	150
0	10	150
0	10	139
0	-1	142
0	9	145
1	-1	150
0	17	148
0	-1	148
0	-1	150
1	19	150
0	21	131
0	18	150
0	22	149
1	-1	151
1	10	150
0	15	146
1	37	147
0	19	138
0	24	150
1	-1	149
0	-1	149
0	13	150
0	17	149
1	33	150
1	-1	151
0	10	150
0	16	150
0	11	150
0	24	150
1	11	147
0	-1	130
0	-1	150
2	30	142
0	10	145
0	23	147
0	18	151
0	-1	146
0	-1	150
0	23	151
0	16	148
0	11	147
0	19	143
0	18	148
1	17	151
1	-1	150
0	15	150
0	15	146
0	-1	149
0	-1	148
1	24	150
0	17	149
0	-1	150
0	18	150
1	12	150
1	-1	149
0	17	150
0	11	150
2	21	150
0	12	150
0	20	150
1	18	136
0	15	150
1	22	144
0	12	149
0	34	150
1	-1	150
1	-1	148
1	12	140
1	9	149
1	-1	136
0	13	150
0	18	149
1	11	136
0	23	150
0	16	149
1	17	107
0	13	151
1	25	150
0	17	149
0	-1	150
0	-1	149
0	22	150
0	28	147
1	-1	149
0	-1	151
0	-1	150
1	12	110
0	-1	150
0	-1	146
0	-1	147
0	11	150
0	6	146
1	-1	151
0	31	145
0	17	150
0	-1	150
0	8	149
1	8	150
0	14	149
3	17	149
1	-1	150
1	14	128
0	-1	137
1	-1	147
0	14	151
0	12	148
1	15	150
0	22	149
0	-1	116
1	34	150
0	14	150
0	20	150
3	11	151
1	-1	150
1	16	150
0	-1	102
0	11	126
0	-1	149
0	-1	150
0	-1	149
0	14	150
0	13	148
0	-1	147
2	31	150
2	27	151
0	16	140
0	22	150
0	-1	151
2	-1	150
0	-1	150
1	16	149
0	17	150
1	16	132
1	16	148
1	14	149
1	-1	147
0	-1	137
0	11	150
0	15	150
1	-1	150
0	-1	134
1	38	146
1	17	151
0	10	68
0	20	150
0	16	148
0	16	141
0	9	151
0	14	147
2	15	150
0	12	147
0	16	149
1	-1	146
0	18	149
1	-1	150
0	19	149
1	-1	150
0	-1	143
0	-1	150
0	13	147
1	17	150
0	-1	150
0	26	151
0	19	140
0	-1	145
0	14	150
0	16	150
1	-1	148
0	-1	149
1	-1	149
0	23	149
1	-1	149
0	-1	122
0	-1	149
0	13	150
2	-1	146
0	-1	119
0	8	150
0	-1	150
0	18	139
0	-1	141
0	6	150
1	-1	143
2	-1	149
0	13	145
0	11	150
0	15	150
0	-1	132
0	-1	150
0	-1	141
1	20	150
0	-1	137
0	-1	150
1	17	144
0	-1	142
1	-1	150
0	-1	150
0	13	150
2	19	150
0	34	151
1	15	150
1	12	150
0	18	142
1	-1	149
1	-1	150
0	18	150
0	20	149
1	10	149
0	-1	139
1	11	150
0	15	149
1	-1	150
1	11	150
0	16	150
3	22	150
0	19	150
0	16	149
0	-1	150
0	-1	145
0	25	147
0	15	133
1	-1	144
0	21	150
0	15	150
1	-1	151
0	13	143
3	-1	150
0	12	150
1	-1	148
0	17	150
1	10	151
1	38	150
0	-1	151
0	-1	150
0	17	150
0	16	150
0	19	150
2	-1	149
0	-1	146
0	9	148
0	-1	136
1	-1	150
0	-1	148
0	-1	150
0	24	137
1	37	149
1	24	145
1	-1	150
1	11	150
0	20	150
0	10	114
0	17	150
1	11	150
0	22	148
0	17	150
0	13	150
0	-1	150
0	-1	149
0	11	150
1	-1	142
0	22	147
0	9	140
0	7	150
1	15	147
0	19	150
1	15	150
0	16	150
1	19	146
0	20	151
0	16	150
0	17	126
0	15	149
0	-1	148
0	13	150
1	-1	143
2	-1	150
0	20	150
1	-1	150
0	16	150
0	19	150
1	15	150
0	30	150
0	30	138
0	19	148
0	16	151
1	-1	149
0	20	150
0	15	150
0	15	141
0	26	150
0	16	139
1	14	151
0	42	150
1	-1	150
0	-1	151
0	14	150
1	18	150
1	17	150
1	-1	150
0	12	148
0	21	150
1	17	147
0	-1	149
0	9	150
1	12	145
0	13	151
1	32	150
1	-1	150
0	-1	150
0	12	141
0	11	146
2	-1	150
0	17	149
1	-1	150
0	19	150
1	13	151
0	35	146
0	18	151
0	15	148
0	-1	144
0	15	150
0	-1	150
0	16	147
0	14	143
0	-1	150
0	12	149
0	14	150
0	17	143
0	-1	149
0	15	127
0	12	135
0	17	150
0	16	150
1	-1	148
0	-1	139
0	-1	147
0	-1	150
0	24	150
0	8	144
1	-1	150
0	21	150
0	31	150
0	41	150
0	-1	150
0	17	150
0	13	122
0	15	146
0	29	150
2	15	145
0	-1	150
0	-1	150
0	15	150
1	15	149
1	14	147
0	15	149
0	18	149
0	15	133
0	15	140
0	5	94
0	-1	148
0	10	148
1	17	149
0	19	150
0	13	150
0	15	146
0	19	150
0	-1	149
1	13	151
0	-1	150
1	-1	149
1	-1	141
3	12	148
0	17	151
0	18	141
0	-1	150
0	9	120
1	-1	148
0	15	151
1	35	150
2	15	149
0	11	147
0	16	150
0	23	143
2	7	88
0	18	110
0	15	151
0	13	143
1	22	147
0	-1	143
0	11	147
0	20	150
0	-1	150
0	-1	140
0	-1	150
0	7	151
0	29	150
0	15	150
0	-1	150
0	18	150
0	14	150
0	18	124
1	17	149
1	39	149
1	-1	149
0	17	131
0	-1	150
4	-1	150
1	-1	147
1	-1	149
1	-1	149
0	13	150
1	18	142
0	19	150
0	15	151
0	-1	148
1	20	144
0	16	146
0	-1	150
0	17	120
1	-1	147
0	14	149
0	11	145
1	-1	150
0	-1	150
1	-1	150
2	15	144
0	24	151
0	9	128
1	15	149
0	14	148
0	-1	150
0	-1	150
0	17	150
0	14	149
5	16	150
0	-1	150
0	13	151
0	-1	150
0	15	150
0	14	150
0	21	150
0	22	150
1	20	151
0	-1	150
0	15	150
1	5	150
0	9	148
3	-1	151
1	23	151
0	16	150
2	-1	148
0	15	150
2	11	150
0	-1	151
0	14	150
1	13	150
2	18	145
0	-1	151
0	-1	142
0	15	150
0	-1	148
1	-1	136
0	-1	150
0	8	106
1	-1	150
1	13	150
0	14	146
0	19	150
3	25	147
0	15	150
0	-1	150
0	19	150
1	-1	149
0	17	139
0	31	148
0	13	151
1	14	140
1	29	141
2	-1	149
0	-1	144
0	-1	150
0	17	150
0	15	137
0	-1	147
0	12	150
0	18	143
1	32	151
0	-1	149
1	-1	150
1	-1	150
0	-1	150
0	-1	150
0	18	150
0	13	136
0	-1	150
0	14	150
0	10	150
0	-1	144
0	16	148
1	-1	150
0	-1	136
1	25	150
0	39	151
0	17	150
0	20	151
0	17	150
0	13	151
0	14	149
0	-1	150
0	17	150
1	15	150
1	12	150
0	-1	133
2	17	118
0	-1	143
0	-1	148
0	19	146
0	-1	142
0	13	150
0	13	150
0	16	150
0	13	150
0	24	148
0	4	93
0	33	146
0	8	148
0	-1	151
0	21	150
1	-1	148
0	-1	149
0	18	148
0	16	147
0	-1	142
0	18	144
1	-1	124
0	13	146
0	13	151
1	-1	150
0	18	129
1	14	145
0	-1	150
0	17	102
0	-1	130
0	-1	150
1	20	149
0	-1	150
0	15	150
0	14	151
0	-1	147
1	-1	147
1	-1	148
0	15	138
0	11	137
0	17	150
1	22	147
1	11	149
0	25	145
0	19	136
1	-1	119
0	-1	151
0	-1	146
0	17	150
0	25	150
0	14	151
0	15	150
0	14	150
1	20	149
0	-1	150
0	13	145
0	-1	144
0	17	149
0	27	150
1	17	150
1	17	150
0	7	150
0	-1	151
0	-1	150
2	-1	147
0	16	150
1	10	148
0	18	150
0	-1	148
0	15	150
0	16	146
0	18	147
2	-1	135
0	26	150
0	17	145
1	16	150
0	-1	149
0	-1	148
1	-1	145
0	-1	151
0	15	122
0	20	149
0	15	149
0	5	73
4	39	146
0	-1	150
0	17	147
0	21	146
1	15	149
0	-1	150
0	10	151
0	13	150
0	-1	150
0	16	149
0	-1	150
0	-1	151
0	-1	146
0	13	150
1	19	140
0	-1	148
1	15	150
1	10	149
0	22	149
0	13	149
0	11	134
0	17	150
0	-1	134
0	7	147
1	-1	150
0	-1	150
0	16	148
1	-1	138
2	-1	150
1	12	147
0	16	151
2	-1	150
0	15	136
1	-1	150
1	21	149
0	15	142
1	-1	149
0	10	150
0	11	150
0	16	150
1	-1	150
1	-1	149
0	40	150
0	-1	149
0	-1	131
0	16	148
1	-1	148
1	17	151
0	5	97
1	12	150
0	-1	144
0	-1	150
0	-1	147
0	-1	151
2	21	150
0	-1	150
0	13	148
0	-1	145
0	11	148
0	16	142
0	10	129
0	37	129
2	-1	150
0	-1	145
0	19	145
0	-1	148
0	13	150
0	37	150
0	14	146
0	17	147
1	19	150
1	18	151
0	14	149
2	17	149
0	23	145
2	24	150
1	17	151
1	9	119
0	12	142
0	-1	150
0	15	148
1	19	132
0	8	147
1	15	150
0	10	147
1	-1	150
0	19	144
0	10	150
0	-1	150
0	-1	150
0	13	150
0	6	147
0	18	150
1	-1	150
0	12	150
0	43	147
1	19	144
0	-1	150
0	13	139
1	-1	149
0	13	150
0	18	139
0	21	150
0	-1	151
0	31	150
0	21	146
0	15	142
0	-1	151
0	18	151
0	16	151
0	-1	149
0	-1	149
0	-1	150
0	11	150
0	14	150
0	13	147
0	12	146
0	-1	151
0	13	150
0	13	150
0	19	151
0	12	145
0	15	148
0	-1	150
0	7	149
0	-1	150
2	19	147
0	16	150
0	12	133
0	26	150
1	-1	150
1	-1	151
1	-1	151
0	17	150
0	16	150
0	20	150
0	-1	150
0	12	147
0	13	137
1	-1	120
0	-1	128
1	12	151
0	14	149
0	12	122
1	15	151
1	6	147
0	20	150
1	-1	145
0	-1	149
0	-1	150
0	7	146
0	-1	150
0	-1	149
0	-1	150
0	14	151
0	14	149
1	22	150
0	13	120
0	13	135
0	-1	149
0	-1	150
0	-1	145
0	17	151
1	12	147
0	7	145
0	-1	150
1	15	150
0	-1	150
0	-1	149
0	5	148
0	9	150
0	37	150
1	-1	148
1	13	125
1	19	150
1	-1	150
0	-1	136
2	-1	150
0	15	150
0	32	146
0	10	150
0	15	150
1	19	150
0	12	150
0	14	150
2	16	150
0	15	145
0	17	151
0	21	146
4	21	150
0	17	133
0	20	150
0	21	150
0	14	150
0	-1	150
0	-1	150
0	-1	149
0	10	150
0	-1	151
1	13	148
0	15	141
3	-1	127
0	10	150
0	12	131
1	20	144
0	21	148
0	6	148
0	14	150
0	12	150
0	10	147
0	13	128
0	6	89
0	11	149
1	20	149
1	-1	150
1	-1	147
1	15	146
0	12	150
1	-1	151
0	16	150
0	-1	150
0	15	150
0	-1	150
0	16	150
0	-1	148
2	12	150
1	14	147
1	-1	145
0	17	150
0	13	150
0	15	148
0	-1	151
0	-1	146
0	11	150
1	34	150
1	18	151
1	-1	150
0	-1	150
0	-1	145
1	-1	148
0	17	151
0	-1	151
2	-1	147
1	17	133
1	20	151
1	19	150
0	-1	150
0	28	150
1	14	148
0	23	148
0	-1	150
0	11	118
0	15	151
0	15	145
0	16	148
0	27	149
0	18	151
1	14	150
0	-1	147
0	14	97
0	-1	149
1	40	149
1	-1	150
0	22	150
0	15	151
0	17	150
0	-1	127
1	23	149
0	-1	150
0	11	146
1	-1	150
1	-1	150
0	12	149
0	24	145
0	38	151
0	-1	149
0	18	150
0	-1	148
0	17	144
0	-1	151
0	36	150
0	15	132
0	15	150
0	13	150
1	18	150
1	19	133
0	-1	150
0	14	148
0	19	149
1	37	150
0	-1	143
0	8	130
1	13	150
0	-1	151
1	-1	149
0	15	149
1	-1	149
2	28	145
1	14	147
0	12	150
0	16	149
1	34	151
1	-1	150
1	11	151
0	-1	150
1	15	146
0	19	131
1	-1	148
0	8	151
0	13	146
0	25	143
0	16	114
1	12	145
0	15	130
0	51	151
1	-1	147
0	13	123
0	-1	151
1	-1	149
0	17	148
0	18	145
0	14	150
0	-1	150
0	18	150
1	13	141
0	21	148
0	-1	150
0	14	149
0	-1	149
0	-1	133
0	10	146
1	23	150
1	-1	148
0	8	149
1	-1	147
1	19	150
0	15	145
0	29	149
0	15	150
1	30	151
0	15	146
1	-1	150
0	-1	139
0	10	114
0	27	149
0	23	150
0	20	147
0	11	147
0	-1	131
1	14	150
0	12	150
0	-1	147
0	15	149
0	12	141
0	12	144
0	12	150
0	13	134
0	9	112
0	14	150
1	20	150
0	-1	150
0	-1	147
1	11	147
0	16	147
2	-1	150
1	-1	150
0	11	148
0	8	150
1	21	150
0	-1	149
0	11	150
0	15	150
0	-1	132
0	6	149
0	22	149
1	-1	150
0	14	150
2	-1	151
0	32	151
0	19	126
0	27	151
1	-1	150
1	19	148
0	40	151
0	20	150
0	-1	150
3	17	150
1	-1	150
1	12	150
0	14	147
2	-1	149
0	13	146
0	13	135
1	24	150
0	12	149
0	12	120
0	11	149
0	-1	151
0	14	149
0	10	149
1	12	147
1	-1	150
0	13	150
0	12	139
0	-1	150
1	-1	148
0	16	150
0	20	129
0	16	140
1	23	149
1	23	146
0	31	149
3	-1	146
2	12	150
0	15	150
0	29	151
0	-1	151
0	38	144
0	-1	150
0	5	90
0	18	151
1	-1	128
0	15	150
0	20	150
0	11	137
0	28	150
1	-1	150
1	27	150
0	16	149
2	-1	150
0	15	150
0	-1	148
0	15	150
0	44	145
0	10	131
0	31	150
0	-1	149
0	-1	150
0	19	149
0	-1	151
2	19	150
1	21	147
0	22	146
1	-1	150
0	22	145
0	12	150
0	12	137
0	12	150
0	12	150
0	13	148
0	-1	147
1	5	150
0	19	148
1	-1	150
0	-1	150
0	24	150
3	16	149
0	-1	147
0	32	150
1	19	150
0	17	150
0	12	150
0	-1	136
0	-1	127
1	17	139
0	21	150
1	19	148
0	-1	148
0	30	132
0	14	144
0	15	119
0	13	149
0	11	150
0	33	150
1	-1	150
0	-1	150
0	-1	149
0	-1	148
1	-1	146
0	-1	149
0	20	150
0	17	150
0	13	148
0	-1	143
0	11	124
1	-1	150
0	17	150
0	15	150
0	19	146
1	20	150
0	8	117
1	12	150
0	24	150
0	18	150
0	-1	150
0	-1	149
0	14	150
0	15	151
1	-1	151
0	7	148
0	13	149
1	18	151
1	-1	150
0	16	118
0	-1	150
0	15	150
0	22	149
0	-1	150
0	-1	150
38	43	96
1	-1	149
1	14	137
0	-1	149
0	-1	148
0	32	148
0	14	119
0	-1	143
0	20	150
0	15	147
0	-1	150
0	16	146
0	16	148
0	17	137
0	-1	149
2	-1	150
0	11	150
0	-1	150
0	12	149
0	21	150
1	-1	150
1	15	151
2	-1	146
0	-1	149
0	-1	150
0	12	144
0	32	150
0	20	151
0	-1	150
0	-1	147
0	10	149
0	5	145
1	43	150
1	-1	150
0	21	133
0	20	147
0	13	150
0	-1	134
0	20	145
0	29	151
0	22	151
0	13	150
0	17	150
0	14	150
0	14	150
2	9	151
0	15	150
1	11	128
0	14	148
1	14	149
0	17	120
0	19	143
0	24	137
0	-1	148
2	-1	147
0	18	151
0	13	150
0	18	150
0	18	151
0	13	148
0	13	150
0	15	150
2	-1	151
0	-1	149
0	-1	145
0	17	150
0	-1	150
0	-1	150
0	18	150
0	-1	150
0	26	135
0	12	151
0	14	149
0	7	129
0	11	139
0	19	145
1	-1	151
0	13	148
0	18	139
0	7	111
0	-1	150
0	16	150
0	14	150
1	-1	148
0	-1	117
0	12	150
0	15	150
0	15	144
0	17	141
1	18	151
0	17	150
0	21	146
0	-1	150
0	20	150
0	9	148
1	-1	150
1	-1	149
0	11	147
1	15	151
1	-1	151
0	17	150
0	18	129
0	14	149
0	17	150
0	-1	136
0	17	149
0	-1	150
0	9	142
0	13	149
0	18	148
0	-1	132
1	-1	133
0	14	135
0	-1	150
0	-1	137
0	19	148
0	15	151
0	21	150
0	13	151
0	19	142
1	-1	149
0	26	149
1	-1	130
0	11	151
0	31	149
0	-1	150
1	-1	139
1	33	147
0	12	148
0	17	150
1	-1	149
0	16	150
0	-1	151
1	-1	150
0	-1	144
0	-1	151
0	14	150
0	21	150
0	13	149
1	15	150
1	22	150
0	-1	150
0	20	151
1	19	151
1	45	151
1	15	147
0	-1	149
0	15	149
1	14	150
0	-1	150
0	-1	140
1	14	150
1	-1	150
2	-1	149
0	18	151
1	17	144
1	10	151
1	17	150
1	-1	151
0	11	149
0	14	149
0	-1	150
0	8	150
0	9	150
1	-1	150
0	37	150
0	16	148
0	-1	151
0	30	151
0	25	148
0	9	150
0	12	151
0	-1	119
0	39	151
0	-1	150
0	-1	118
1	-1	135
0	-1	150
1	17	150
0	-1	150
2	-1	147
0	-1	145
0	17	150
0	14	145
2	-1	149
1	-1	150
0	19	151
0	-1	150
1	40	150
0	11	150
1	15	110
0	13	146
0	14	146
0	16	141
0	-1	146
0	19	148
0	30	150
0	16	149
1	-1	150
0	-1	150
1	21	150
0	23	150
0	-1	134
0	13	150
0	15	148
0	-1	150
1	13	150
1	16	147
0	12	147
0	17	150
0	14	150
1	15	150
1	-1	149
0	12	148
0	24	151
0	11	150
1	-1	149
0	-1	150
0	7	150
0	17	148
1	15	145
0	-1	150
0	-1	150
1	-1	150
0	16	126
0	15	150
0	23	150
0	-1	150
1	-1	145
0	31	150
0	20	147
0	7	151
0	18	105
0	18	146
0	-1	150
1	21	150
1	18	150
0	-1	147
3	14	149
0	32	148
3	18	151
1	-1	149
0	19	141
0	22	150
1	12	150
1	18	150
0	18	151
0	-1	149
0	15	150
1	17	150
0	18	150
0	-1	140
0	18	150
1	-1	150
0	18	145
0	15	141
0	8	149
0	37	150
0	-1	150
0	14	150
0	17	148
0	-1	148
2	15	138
1	16	151
0	-1	150
1	17	147
0	15	123
0	16	150
0	28	147
1	24	150
0	19	150
0	20	150
0	11	150
0	20	150
0	18	151
0	17	148
0	30	150
0	12	151
0	-1	146
2	15	150
1	-1	146
1	17	150
0	20	150
0	41	150
0	-1	147
1	-1	147
0	8	150
0	37	150
1	-1	150
1	9	150
0	16	150
0	-1	148
2	-1	149
0	-1	147
1	21	150
0	19	150
1	19	146
0	11	150
0	28	150
0	17	134
1	12	147
0	23	149
0	24	137
0	13	138
0	-1	149
0	-1	151
2	24	151
0	16	148
0	-1	150
1	19	150
0	34	144
1	-1	150
0	16	149
1	-1	149
0	-1	149
0	15	151
0	38	150
0	14	145
0	7	147
0	-1	146
0	12	141
0	13	147
0	-1	150
0	-1	149
1	16	150
0	-1	147
0	27	114
0	17	150
1	31	149
0	15	144
0	15	151
0	-1	149
0	15	147
2	17	150
0	-1	151
0	19	150
1	11	150
1	-1	147
0	-1	143
0	14	132
0	-1	146
0	20	151
1	16	150
0	9	149
0	17	151
0	7	147
0	12	149
0	-1	135
1	14	150
1	14	131
0	-1	147
0	12	95
0	-1	149
1	-1	147
0	-1	150
0	21	149
1	21	150
0	-1	147
0	-1	150
0	-1	147
0	16	148
0	10	151
0	-1	150
0	-1	150
2	16	151
0	15	151
0	21	142
0	-1	149
1	13	148
0	15	99
0	-1	150
0	11	148
0	11	137
1	-1	146
0	12	145
0	13	150
0	-1	150
0	22	150
1	-1	147
0	16	126
0	15	148
0	16	146
0	-1	149
0	18	150
0	-1	146
0	12	151
0	27	116
0	-1	150
1	-1	146
0	-1	140
1	22	144
1	-1	150
0	27	150
0	-1	149
1	6	72
1	-1	144
0	23	151
1	21	150
0	19	151
0	19	147
2	-1	150
1	-1	150
1	-1	134
1	-1	150
0	15	143
1	-1	145
1	-1	143
0	-1	150
1	-1	151
1	16	150
1	-1	149
1	14	150
0	17	150
1	28	150
1	22	150
0	14	149
0	14	148
0	18	150
1	-1	148
0	-1	150
0	19	150
0	20	145
0	-1	148
0	21	150
0	37	151
0	19	150
1	16	150
0	17	150
0	7	150
1	18	150
0	22	151
0	-1	149
0	-1	146
1	15	151
0	11	113
0	15	150
2	23	146
0	31	150
0	12	149
3	-1	149
0	15	150
1	-1	146
0	-1	150
0	18	150
0	17	150
0	-1	150
0	8	149
0	-1	150
1	-1	150
2	-1	148
1	-1	147
1	25	147
0	-1	149
0	15	150
0	30	150
0	22	149
4	27	150
0	19	149
2	-1	150
1	17	150
1	18	150
0	13	119
1	-1	147
0	11	150
0	7	64
1	20	149
0	22	150
0	16	150
1	19	150
0	-1	149
0	16	150
1	-1	150
1	-1	150
0	-1	149
0	-1	150
1	14	144
0	19	151
0	21	146
0	17	134
0	21	129
1	-1	150
2	-1	136
1	-1	150
0	28	150
1	18	150
0	20	150
0	13	148
1	18	150
1	-1	150
0	20	149
1	19	150
0	10	150
0	11	150
0	20	147
0	13	143
0	10	150
0	18	150
0	-1	150
0	11	132
0	16	142
2	-1	150
0	22	148
0	19	145
0	14	150
0	-1	150
0	25	149
1	11	151
1	13	150
0	18	147
1	10	110
0	5	141
1	39	148
0	16	151
0	-1	150
0	-1	148
0	-1	151
0	17	145
0	-1	151
0	-1	132
0	19	148
0	11	145
0	-1	147
0	-1	148
0	22	148
1	33	149
0	-1	150
0	13	150
0	13	150
1	14	143
1	37	150
0	10	143
0	10	151
1	16	150
0	19	150
0	21	151
0	7	150
0	-1	150
0	-1	145
0	18	151
1	14	150
0	-1	149
0	-1	150
1	16	149
1	14	137
1	18	149
0	10	148
0	13	149
0	-1	150
0	22	134
0	-1	150
1	22	151
1	-1	149
1	24	149
0	6	148
1	-1	150
0	13	150
1	10	147
0	14	114
2	-1	150
0	-1	150
1	18	150
0	20	151
0	16	150
1	-1	150
0	9	150
1	-1	150
0	13	150
0	20	149
0	13	151
0	-1	150
0	-1	126
0	15	149
0	-1	135
0	-1	150
3	15	150
0	-1	151
0	17	145
1	24	150
1	33	150
1	-1	150
0	15	148
0	18	139
1	-1	150
0	12	150
1	25	135
0	10	150
0	19	132
1	13	150
1	-1	150
0	14	150
0	36	142
0	-1	118
0	24	148
1	-1	148
0	21	114
0	7	150
0	15	149
0	12	118
0	-1	137
1	-1	148
0	19	148
0	11	135
0	19	148
0	18	151
1	-1	128
1	16	149
1	13	150
1	-1	151
0	-1	150
0	18	148
1	11	147
0	17	151
0	-1	150
3	22	151
3	-1	143
0	24	149
1	-1	131
0	15	150
0	19	150
0	12	148
0	-1	136
1	-1	151
1	-1	149
0	-1	150
1	26	150
1	16	144
0	15	150
0	22	147
0	-1	149
0	21	150
1	13	150
1	14	151
0	23	140
0	-1	150
0	-1	145
0	15	149
0	14	143
0	22	150
1	16	150
0	-1	148
0	26	149
1	34	148
0	14	150
0	-1	149
0	23	123
0	13	126
0	12	151
0	22	150
1	28	150
0	-1	150
0	-1	149
0	15	151
0	16	147
1	21	149
1	-1	150
1	13	149
0	13	126
0	6	151
0	35	150
0	28	148
0	17	150
0	28	138
1	8	144
0	24	151
0	10	142
1	12	143
0	14	142
1	18	150
2	-1	142
1	15	150
1	21	149
0	16	150
1	17	151
1	11	149
1	-1	149
0	-1	147
1	21	151
1	15	150
1	27	148
1	-1	149
0	19	150
0	-1	150
2	14	142
0	11	147
0	-1	149
0	18	143
1	-1	151
1	8	151
0	-1	150
0	15	150
0	20	134
0	13	131
1	-1	143
0	18	150
0	23	150
0	7	150
0	-1	141
2	22	150
1	-1	150
1	14	117
0	12	150
1	16	150
0	11	149
0	17	147
2	14	150
0	-1	151
0	18	150
1	-1	150
0	12	150
1	15	150
2	18	150
1	19	147
0	14	150
0	19	150
0	-1	150
1	15	148
0	17	129
0	15	150
0	15	150
0	-1	151
2	15	151
0	19	149
0	-1	145
0	-1	150
0	-1	143
0	21	148
0	9	149
0	15	149
0	20	142
0	13	150
0	11	151
0	15	149
0	38	151
0	19	148
1	-1	116
0	13	151
1	15	149
2	20	150
0	-1	150
0	12	150
1	17	150
0	23	150
2	25	151
0	-1	150
0	14	143
1	16	150
0	13	137
0	22	148
0	19	148
2	-1	150
0	14	150
0	9	150
1	21	148
0	7	149
0	14	118
0	-1	147
0	10	149
0	47	151
0	16	147
0	-1	140
1	-1	130
1	-1	146
0	20	146
1	13	141
0	18	146
0	-1	149
0	14	149
0	18	139
0	-1	135
0	10	140
1	-1	151
0	3	150
1	-1	146
0	15	150
0	23	149
0	-1	151
0	18	149
1	-1	148
0	34	149
1	17	121
0	-1	75
0	-1	145
0	13	151
0	-1	148
0	-1	148
0	10	134
0	15	144
0	16	145
0	-1	149
0	18	136
1	-1	150
1	18	130
3	28	141
1	24	148
1	11	150
0	18	147
1	-1	147
0	-1	141
0	14	133
0	-1	150
1	13	150
0	46	150
1	-1	150
0	-1	150
1	18	143
2	-1	151
0	25	150
0	-1	148
1	-1	150
0	9	150
0	19	142
2	16	135
0	-1	134
0	-1	150
0	-1	145
0	-1	150
0	14	150
0	13	150
0	14	133
0	6	127
0	12	150
0	21	150
0	17	149
0	-1	149
0	19	151
0	18	150
1	-1	148
1	9	143
1	-1	144
0	24	150
0	-1	149
0	-1	151
1	14	150
1	11	144
0	-1	148
0	18	150
1	14	131
0	6	138
0	17	150
0	18	140
0	11	149
0	34	147
0	14	151
0	16	150
1	-1	146
0	-1	148
0	12	151
0	-1	130
0	-1	151
1	-1	147
0	22	150
2	-1	149
0	12	150
1	-1	150
0	33	150
0	-1	125
0	-1	150
0	17	148
0	13	150
0	16	151
0	-1	143
1	-1	150
1	15	151
0	-1	150
1	-1	146
1	16	150
1	-1	148
2	14	151
0	20	150
1	-1	134
0	16	150
0	-1	150
0	14	150
0	13	150
0	9	150
1	15	150
0	-1	150
0	16	149
0	-1	149
0	12	102
0	17	151
0	-1	144
0	-1	151
2	-1	151
0	22	151
0	13	147
0	8	150
0	12	143
0	16	150
0	21	139
0	35	150
0	14	150
0	13	149
2	18	150
0	21	150
0	12	146
0	29	150
0	13	150
1	31	151
0	-1	149
1	8	149
0	14	139
0	7	106
0	8	150
0	16	150
1	16	148
0	20	149
0	18	134
0	10	146
0	-1	148
0	14	149
0	16	97
0	-1	150
1	15	150
1	24	151
0	-1	150
0	-1	151
1	16	145
1	-1	138
1	36	150
0	23	147
0	-1	149
1	20	150
0	12	150
0	-1	149
0	19	150
1	17	148
0	23	140
2	20	150
2	-1	149
1	-1	149
0	-1	151
0	24	151
0	19	151
1	-1	150
0	15	136
0	-1	149
0	14	150
0	20	150
0	24	150
1	9	150
0	40	144
0	13	148
0	8	151
1	24	145
1	-1	140
0	16	148
0	12	150
1	-1	149
0	15	148
0	-1	150
0	17	150
0	19	150
0	13	147
0	-1	150
0	13	145
0	13	130
0	19	151
1	13	142
0	18	145
0	-1	147
2	18	149
0	23	139
0	-1	150
1	11	150
0	25	145
0	16	124
1	26	149
0	13	151
0	-1	151
1	35	151
0	13	138
0	-1	151
1	-1	151
1	24	149
1	12	135
1	-1	150
0	11	149
1	16	150
0	-1	151
0	8	146
0	-1	134
0	-1	150
0	13	145
0	19	151
0	19	148
0	14	150
1	16	145
0	21	149
1	17	136
0	14	146
1	-1	140
0	-1	150
0	14	145
0	13	151
0	9	122
0	15	150
0	9	149
2	22	150
0	16	151
1	13	147
0	14	150
1	-1	151
0	19	147
0	17	125
0	-1	150
0	17	129
1	16	150
1	-1	149
0	17	147
0	18	150
0	-1	149
1	-1	142
0	13	151
0	11	150
0	-1	151
0	19	151
0	21	151
0	20	150
0	-1	148
1	-1	151
0	16	147
0	16	150
1	-1	150
0	19	140
0	15	147
1	16	135
0	17	126
0	-1	130
1	10	130
1	-1	149
0	15	108
1	17	150
0	18	149
0	16	145
0	13	150
0	-1	150
0	12	151
1	-1	149
0	-1	151
0	21	150
0	10	135
1	-1	139
0	13	151
0	-1	150
1	15	150
1	39	147
0	42	150
0	-1	148
0	-1	140
2	-1	147
0	-1	149
2	-1	149
0	-1	148
0	-1	150
0	-1	150
0	-1	148
0	-1	145
0	-1	149
0	-1	145
0	-1	135
0	-1	146
0	13	150
1	29	136
0	20	147
0	-1	150
0	26	148
0	18	149
0	21	149
0	-1	150
1	14	120
1	-1	150
0	19	151
0	-1	149
0	15	150
1	26	150
0	-1	150
0	18	144
0	-1	150
0	17	151
1	-1	151
0	-1	150
0	-1	151
2	14	150
0	20	150
1	-1	148
0	33	149
2	27	149
0	-1	150
0	-1	149
1	-1	144
0	18	150
0	-1	148
0	-1	145
0	20	151
0	-1	148
1	-1	135
0	-1	150
1	14	150
0	-1	150
0	15	150
2	-1	150
0	-1	150
1	-1	150
0	-1	150
0	16	150
1	16	150
0	-1	150
0	18	137
1	17	142
1	-1	147
3	-1	150
0	12	149
0	-1	146
0	-1	147
2	-1	150
0	10	151
0	13	150
0	-1	130
0	-1	150
1	-1	151
1	-1	150
0	-1	150
0	-1	148
1	-1	149
0	-1	148
0	-1	150
0	16	151
0	10	131
0	11	149
0	-1	145
1	14	150
0	-1	149
0	22	150
0	-1	130
0	19	150
1	-1	150
0	29	147
0	18	147
0	17	150
0	17	150
0	-1	150
1	-1	150
0	-1	116
0	-1	150
0	10	149
0	27	148
1	-1	146
0	-1	147
1	14	150
2	37	150
1	-1	148
1	19	126
0	19	150
1	19	150
0	17	151
0	-1	139
1	21	151
0	-1	150
0	12	150
0	15	149
0	18	150
0	-1	150
0	-1	150
0	-1	143
1	19	148
0	-1	149
0	-1	149
0	-1	150
1	-1	151
0	-1	127
0	15	151
0	17	150
0	22	149
0	12	150
0	26	150
1	19	149
0	11	148
1	14	131
0	8	150
0	-1	147
0	-1	150
1	16	151
0	-1	149
1	9	151
0	18	150
1	-1	145
2	30	150
0	20	150
0	15	143
0	18	121
0	8	150
0	20	150
0	-1	144
0	10	151
1	11	149
1	16	149
0	16	148
1	16	139
0	-1	151
0	11	145
0	13	150
2	16	150
0	-1	150
1	14	150
1	16	129
1	10	135
0	-1	150
0	11	115
1	9	138
0	-1	150
2	13	150
0	25	150
0	13	148
0	16	144
0	-1	149
0	-1	145
0	17	150
1	-1	150
0	-1	150
1	33	150
0	-1	149
0	21	150
1	-1	149
1	-1	150
0	13	150
0	16	147
0	-1	151
2	19	151
1	20	130
0	15	150
0	32	150
2	-1	118
0	-1	150
1	22	151
1	-1	150
0	18	142
0	14	151
1	20	151
0	29	150
1	12	147
1	-1	148
0	-1	149
0	30	151
1	15	147
0	17	150
1	15	149
0	13	147
0	10	150
0	13	151
0	13	124
2	-1	147
0	-1	150
0	18	150
0	11	148
0	17	150
1	-1	150
0	20	150
0	-1	150
1	41	151
1	26	150
0	28	150
1	10	150
0	17	149
1	36	151
1	19	143
1	-1	151
0	16	149
1	-1	139
0	-1	149
0	-1	150
0	15	150
0	-1	144
0	-1	150
1	-1	150
0	-1	150
2	-1	150
0	12	150
0	19	150
0	-1	151
0	23	150
0	11	150
1	-1	149
0	15	124
2	23	144
0	9	149
0	-1	139
1	20	148
0	14	149
0	15	150
1	-1	133
1	21	150
0	9	150
0	-1	148
1	-1	148
0	20	149
0	10	145
0	16	150
0	19	150
0	8	150
2	24	150
0	22	150
0	-1	147
0	17	149
1	18	146
0	15	150
2	-1	150
1	-1	150
0	-1	149
0	18	143
1	13	150
0	14	147
0	-1	121
0	14	150
0	12	150
0	-1	146
0	12	150
2	15	150
0	19	144
0	12	145
0	10	151
2	-1	151
0	-1	150
0	-1	145
1	13	151
1	-1	148
0	-1	150
1	22	150
0	20	149
0	14	151
0	39	145
0	-1	147
0	21	150
0	16	151
1	-1	150
1	-1	88
0	14	135
1	18	138
1	-1	150
0	-1	149
1	12	149
0	10	149
0	-1	150
0	-1	150
0	-1	150
0	-1	150
4	22	150
1	21	149
0	21	151
0	-1	149
1	19	150
0	14	121
0	14	142
0	35	148
0	11	98
0	-1	149
2	13	150
0	17	150
1	13	150
0	16	145
0	-1	150
0	16	144
0	19	150
0	-1	149
1	-1	150
0	20	149
2	15	150
0	20	150
2	-1	150
1	-1	150
0	15	150
2	-1	140
0	15	150
0	-1	149
0	-1	146
0	-1	146
0	7	150
1	20	150
0	16	151
0	33	151
0	-1	149
1	-1	149
0	22	150
0	15	150
1	-1	150
0	18	143
1	15	150
0	15	150
1	21	149
0	13	131
0	21	150
0	34	148
1	17	150
0	34	151
1	-1	150
0	15	148
0	18	148
0	12	150
0	-1	150
0	6	130
0	18	149
0	19	150
0	-1	145
0	-1	150
1	17	150
1	15	150
2	16	148
1	-1	146
0	11	150
0	13	151
0	19	150
0	12	147
0	-1	150
5	20	150
0	19	151
1	14	150
1	-1	150
0	14	148
0	-1	150
0	13	150
0	15	150
1	-1	150
0	-1	149
0	40	150
3	-1	150
0	6	127
0	17	146
0	25	145
0	14	150
1	16	149
2	21	150
2	-1	151
0	17	150
0	16	151
3	14	150
0	-1	148
0	14	150
0	13	141
1	13	144
0	-1	150
0	14	126
1	-1	151
0	17	150
0	11	150
0	15	147
1	-1	150
1	18	144
1	-1	149
0	-1	149
0	18	150
0	-1	150
0	17	150
0	-1	150
0	16	151
1	14	149
0	25	150
1	-1	150
0	11	149
0	25	147
0	20	150
1	-1	150
0	15	147
1	38	151
0	16	150
0	-1	149
0	-1	136
1	24	149
0	15	151
0	14	137
0	14	150
0	-1	144
0	18	151
0	20	150
0	-1	102
0	-1	147
0	23	151
2	36	148
1	-1	147
0	11	150
0	18	150
0	18	150
0	20	151
0	-1	150
0	-1	150
0	16	150
0	-1	150
1	-1	151
1	-1	144
0	-1	149
0	-1	137
1	15	142
0	19	150
0	-1	148
1	-1	146
0	18	150
0	13	151
1	40	151
0	-1	149
0	11	147
0	7	150
0	14	149
0	16	150
0	9	138
1	13	150
0	14	150
0	21	150
0	23	147
0	-1	118
0	16	151
0	-1	147
1	14	150
0	19	150
0	14	142
1	14	151
0	17	150
1	-1	150
0	9	124
1	-1	146
0	9	150
0	18	150
0	37	150
0	39	150
1	-1	150
0	-1	150
0	13	137
1	-1	151
0	20	150
0	41	151
1	20	148
1	-1	150
1	17	150
0	20	148
1	-1	151
1	23	133
0	-1	150
1	-1	142
1	14	150
0	24	150
2	19	147
2	-1	136
0	15	150
0	5	142
0	15	151
1	-1	151
0	-1	150
0	8	149
0	17	147
2	-1	150
0	16	137
0	-1	150
0	15	147
0	16	128
0	-1	150
2	13	151
0	-1	150
1	-1	150
0	16	150
1	11	128
0	9	151
0	19	150
0	3	90
0	16	143
0	14	71
0	13	149
1	15	151
0	14	150
0	24	151
0	30	150
0	-1	150
0	20	149
0	19	149
1	-1	150
1	20	150
0	20	141
1	16	151
0	7	149
1	-1	151
1	9	122
0	13	150
0	32	149
0	17	148
0	21	150
0	-1	150
0	-1	146
1	-1	146
0	-1	137
0	14	148
0	15	145
1	-1	150
1	16	150
0	-1	130
0	26	141
1	34	150
0	17	150
0	25	150
0	16	150
1	20	150
0	12	141
0	16	148
0	18	149
0	-1	150
0	11	147
0	15	139
0	21	149
0	17	147
0	14	149
0	-1	149
1	-1	149
1	11	148
1	3	150
0	-1	150
0	13	150
0	-1	145
0	23	150
0	-1	149
0	-1	149
0	-1	148
1	-1	150
1	-1	151
2	-1	150
0	22	148
1	20	151
1	-1	150
1	21	148
0	23	138
1	21	151
0	-1	150
1	19	150
1	18	151
0	17	148
0	-1	149
0	23	150
1	16	150
0	14	141
2	41	150
0	14	140
0	-1	141
0	19	150
0	13	151
0	-1	151
0	28	150
2	16	150
0	8	133
1	8	149
0	17	149
3	24	149
1	10	150
1	-1	151
2	15	150
0	13	150
1	-1	150
1	10	150
0	16	150
2	17	149
0	17	138
0	36	148
0	-1	144
0	20	112
0	18	150
0	-1	150
0	16	150
0	22	151
1	28	150
1	24	149
0	16	127
0	21	150
0	-1	151
0	16	150
0	14	150
0	17	150
1	18	150
0	14	145
0	30	150
0	8	150
0	-1	150
0	-1	150
0	12	151
0	-1	129
0	-1	150
0	-1	145
0	18	150
0	18	150
0	-1	130
0	14	140
0	-1	150
0	20	150
1	18	148
1	-1	150
0	17	126
0	21	151
0	-1	151
0	23	151
0	-1	132
0	12	149
0	13	150
0	16	151
0	-1	149
1	16	150
0	20	150
0	20	150
0	-1	151
1	14	150
0	16	142
1	17	148
1	-1	150
0	13	150
0	33	150
0	21	150
1	22	149
0	10	148
1	-1	150
0	24	151
0	25	151
0	36	150
0	-1	150
0	-1	147
0	-1	148
0	4	150
0	16	150
0	-1	150
0	25	144
0	20	140
0	-1	150
0	-1	150
1	-1	146
1	21	137
0	12	146
0	-1	148
0	15	150
0	-1	150
1	18	150
0	27	150
1	15	150
0	13	119
0	14	150
0	-1	150
0	19	151
1	-1	150
0	20	128
0	32	140
0	-1	151
0	14	150
0	-1	135
0	16	128
0	12	150
0	27	147
0	8	144
0	23	151
1	15	149
0	18	149
0	-1	149
1	13	149
1	16	147
1	17	150
0	21	150
0	-1	150
2	-1	150
1	-1	149
0	13	149
0	19	150
0	30	150
0	-1	150
1	-1	150
1	14	150
1	22	148
0	-1	135
0	17	151
0	-1	149
0	19	136
0	-1	143
0	8	150
1	-1	150
0	-1	148
2	9	150
0	14	136
0	19	128
0	12	140
1	-1	149
0	-1	150
0	25	147
0	19	150
0	-1	151
0	6	63
1	19	150
1	-1	145
0	-1	149
2	-1	148
0	-1	150
0	12	117
1	-1	150
0	16	123
0	12	151
0	22	151
1	-1	146
0	16	150
1	15	151
1	16	150
0	19	147
1	16	150
1	-1	149
1	21	145
1	10	149
1	-1	148
0	21	151
0	15	150
1	7	120
0	16	150
0	16	139
0	9	150
0	15	149
0	-1	146
0	39	150
1	20	150
0	18	150
0	8	151
0	14	144
1	-1	137
0	-1	150
0	37	145
0	22	150
0	-1	150
3	-1	149
0	14	149
0	8	148
0	-1	150
0	9	150
0	16	147
0	-1	147
0	22	144
0	-1	150
0	15	150
0	16	150
1	28	150
0	15	151
0	13	125
0	-1	144
0	-1	150
0	-1	151
1	-1	148
1	-1	148
0	18	147
2	12	93
0	18	111
0	17	142
0	-1	139
0	16	148
0	-1	150
0	-1	150
0	19	150
0	-1	145
0	13	148
3	-1	150
0	-1	144
0	-1	142
0	13	142
0	17	151
2	-1	147
0	16	147
0	15	151
1	-1	148
0	16	139
0	8	75
1	-1	135
1	-1	149
0	13	138
0	14	150
0	-1	135
0	21	150
0	16	150
0	-1	137
0	26	148
0	18	149
1	-1	149
2	-1	143
0	-1	150
0	17	135
0	-1	151
0	14	147
0	13	144
0	23	140
0	12	112
0	18	135
1	20	136
1	15	150
0	39	145
1	-1	151
2	-1	150
1	12	98
0	15	151
2	-1	140
2	20	147
1	-1	143
0	-1	146
0	14	138
0	-1	147
0	16	150
0	-1	145
0	15	125
0	18	148
0	16	150
0	13	116
1	19	149
0	34	127
1	-1	150
0	14	150
0	35	151
0	18	147
0	18	150
0	-1	150
1	22	151
0	14	145
0	12	149
1	-1	150
0	-1	150
0	25	147
2	23	149
0	12	149
1	13	147
1	-1	150
0	19	146
1	-1	151
2	-1	149
0	8	150
1	-1	151
0	18	130
1	-1	149
1	13	148
0	17	150
0	10	125
3	15	135
1	10	146
0	7	150
2	-1	151
0	13	150
0	20	151
0	14	150
1	11	119
0	18	150
1	23	146
0	-1	136
0	-1	151
0	13	148
0	14	150
0	-1	150
1	37	149
0	15	148
0	17	149
0	-1	148
0	-1	150
0	-1	116
0	10	150
2	-1	140
0	11	150
0	13	149
0	12	149
1	13	151
1	35	151
1	-1	149
0	-1	140
0	-1	151
0	-1	151
1	-1	150
2	-1	149
0	21	150
2	27	123
0	17	147
0	20	151
1	21	150
0	18	150
1	-1	145
0	19	151
2	28	150
0	10	97
2	9	124
0	26	150
0	-1	145
1	19	149
0	20	136
0	42	151
0	-1	148
1	-1	150
0	30	149
0	-1	148
0	14	104
0	19	146
0	18	150
1	19	149
0	-1	148
0	15	150
0	19	139
1	-1	150
0	10	150
1	10	129
2	20	150
0	-1	146
1	-1	149
2	-1	148
1	-1	147
1	-1	151
0	11	151
0	17	150
0	-1	149
1	16	150
0	11	141
0	-1	147
0	17	146
0	38	150
0	9	147
0	-1	149
0	-1	149
0	13	122
0	17	148
0	44	150
0	18	151
0	11	146
2	20	150
1	12	102
0	23	151
1	31	149
1	28	122
0	33	145
0	13	150
0	13	150
1	15	126
0	-1	146
4	-1	150
1	11	148
0	-1	144
0	12	148
1	19	150
1	15	150
1	-1	149
0	21	149
0	16	150
0	-1	150
0	-1	151
0	-1	145
0	-1	150
0	15	147
0	15	150
0	9	150
0	-1	150
1	16	151
0	-1	146
0	13	150
0	17	150
0	12	149
1	22	150
1	-1	151
0	26	150
1	13	150
1	13	151
0	28	121
0	14	147
1	-1	148
0	-1	147
0	12	150
1	-1	151
0	19	150
0	45	150
1	-1	149
1	11	145
1	-1	148
1	12	148
0	15	129
0	11	127
0	24	151
1	33	151
1	20	150
0	-1	124
0	15	150
0	-1	143
1	-1	150
0	11	150
1	-1	147
0	-1	148
0	22	121
0	-1	150
1	7	147
0	-1	147
0	9	102
0	14	140
0	13	150
1	17	146
0	16	120
0	22	150
1	-1	149
0	11	145
0	9	122
0	-1	149
1	-1	150
1	-1	150
1	11	148
0	13	149
0	14	149
0	-1	144
2	22	151
0	13	113
0	-1	151
1	40	150
0	-1	140
0	17	149
0	-1	143
0	-1	150
0	-1	150
0	-1	151
0	15	150
0	17	151
0	15	148
1	9	149
1	-1	150
0	13	147
0	25	150
1	-1	148
1	32	148
0	15	150
0	11	149
0	11	150
2	-1	146
0	-1	149
0	13	150
0	-1	150
0	12	151
0	26	149
0	19	150
0	14	146
0	19	144
0	11	150
1	19	146
1	-1	150
0	37	143
0	30	150
2	-1	146
0	-1	142
3	-1	149
0	-1	148
0	19	150
0	10	149
0	10	150
0	-1	151
0	19	136
0	26	151
1	14	144
0	-1	145
2	17	147
0	20	150
0	-1	149
3	-1	150
0	17	147
0	9	139
1	17	150
0	22	150
0	-1	150
0	10	82
1	-1	150
0	12	149
1	-1	147
1	20	151
0	15	137
0	14	149
0	13	145
0	-1	150
0	12	119
0	15	150
0	13	145
0	22	151
0	23	148
0	10	118
0	10	147
0	-1	151
1	11	142
0	19	150
0	-1	150
1	14	149
0	14	146
0	19	149
0	33	138
1	-1	147
0	-1	150
1	-1	147
0	34	150
0	13	151
0	-1	150
0	-1	150
0	23	151
1	19	150
1	15	150
3	-1	149
0	-1	150
0	9	145
0	-1	148
1	20	150
0	-1	144
1	15	150
0	-1	122
2	-1	151
0	33	137
0	14	150
1	18	133
0	14	140
1	17	150
0	19	150
0	15	150
0	37	147
0	14	148
0	21	149
0	7	145
1	-1	150
0	18	147
0	13	151
2	-1	146
1	29	151
0	-1	150
0	15	150
0	14	150
0	-1	142
1	-1	150
0	17	150
1	11	148
0	-1	151
0	27	130
0	14	146
2	14	150
1	23	150
0	27	149
1	19	150
1	-1	149
0	22	151
0	10	150
0	32	149
0	13	150
0	17	145
2	20	150
2	24	150
0	24	134
0	-1	148
0	-1	150
1	-1	146
1	38	150
1	-1	150
0	39	146
0	20	149
0	16	148
0	24	149
0	12	150
1	-1	151
1	14	144
1	-1	120
0	-1	150
1	-1	144
0	18	151
1	-1	151
2	18	150
0	16	108
1	21	150
0	14	147
0	41	151
0	22	147
1	17	151
0	-1	151
1	19	139
2	17	148
0	23	150
0	-1	137
0	16	150
0	19	148
0	-1	150
0	15	143
0	16	148
1	-1	151
0	6	150
0	14	151
0	11	150
0	-1	151
0	-1	150
0	-1	150
1	-1	143
0	-1	150
2	39	151
1	-1	151
1	25	150
0	-1	150
0	-1	148
1	14	142
0	18	151
1	36	148
0	15	148
0	-1	149
0	8	62
0	-1	150
0	15	149
1	-1	150
2	-1	150
2	-1	150
0	11	151
0	20	122
2	21	137
0	17	150
0	-1	150
1	24	150
1	18	147
0	17	149
0	16	130
2	-1	150
0	13	151
1	16	135
0	-1	150
1	12	150
0	-1	145
1	-1	149
0	-1	149
0	11	118
0	16	148
0	14	151
0	15	147
0	8	143
0	9	145
0	16	150
1	7	123
0	13	125
2	37	124
0	17	141
0	21	147
0	18	149
0	17	149
0	-1	150
0	-1	135
0	25	139
0	-1	149
0	-1	151
0	-1	150
1	-1	151
0	-1	140
2	-1	151
1	-1	134
0	36	137
2	21	145
0	9	139
0	13	132
0	-1	151
0	22	148
0	7	136
0	16	149
0	16	149
1	-1	151
0	10	150
0	-1	134
2	13	150
4	13	131
2	37	149
1	11	104
0	11	135
1	34	146
1	13	150
0	39	149
0	12	150
0	15	144
0	15	142
0	21	105
3	-1	149
0	16	135
0	18	150
1	12	143
1	17	140
0	9	107
1	15	150
0	8	150
0	9	147
0	-1	147
1	21	150
0	20	150
0	20	150
1	-1	149
0	-1	142
0	20	150
0	12	143
0	20	150
0	16	145
0	13	148
0	20	142
0	21	145
0	12	126
1	-1	150
0	12	143
0	16	150
0	-1	150
1	14	150
0	-1	147
1	21	150
0	13	148
0	13	150
0	13	150
0	-1	150
0	17	150
1	-1	151
0	-1	150
1	11	147
0	-1	150
1	12	150
0	-1	144
0	-1	138
0	13	146
1	18	150
0	10	150
0	-1	119
1	18	150
1	-1	149
0	15	147
0	11	146
0	14	150
0	17	150
0	-1	151
0	-1	150
0	13	150
0	-1	147
1	14	131
2	23	151
0	15	150
0	22	147
42	-1	149
43	-1	150
0	17	135
1	-1	150
1	13	146
0	-1	131
0	-1	149
0	16	151
0	-1	151
0	20	150
0	23	140
0	13	150
1	12	149
0	30	150
0	-1	149
0	-1	83
0	21	150
1	16	147
0	13	140
0	13	149
1	34	140
0	12	150
0	19	149
2	-1	150
0	-1	149
0	-1	150
0	14	150
0	-1	128
0	11	134
0	-1	150
0	22	150
1	20	150
0	16	150
0	8	150
1	26	150
1	14	149
0	-1	150
0	18	131
0	18	147
1	-1	149
1	42	130
0	29	151
2	-1	150
0	13	150
1	17	136
0	14	149
0	-1	150
0	15	149
1	-1	149
1	18	151
0	17	150
0	-1	150
1	13	138
0	28	147
0	-1	148
1	-1	151
1	21	150
1	12	148
0	14	102
0	22	151
1	31	150
0	29	150
0	17	150
0	-1	150
0	-1	150
1	-1	139
0	19	150
2	24	150
1	-1	150
1	-1	150
1	9	113
0	-1	151
0	17	150
1	14	150
0	19	149
0	26	150
1	16	149
1	-1	150
0	-1	118
0	15	150
0	17	150
0	18	150
1	-1	150
2	-1	131
0	16	149
0	14	147
0	19	147
0	22	150
1	11	150
1	13	146
2	16	142
7	21	150
2	-1	150
0	19	123
1	19	150
0	-1	141
1	18	150
0	-1	149
0	12	150
0	-1	120
1	12	147
0	22	150
0	-1	150
0	17	149
1	19	151
0	-1	147
0	15	143
3	9	142
1	-1	148
0	6	150
0	-1	139
0	-1	151
1	14	150
5	18	126
5	-1	150
1	18	150
0	14	145
0	53	151
0	17	150
2	12	150
0	14	145
0	13	146
0	-1	122
1	-1	151
0	12	150
0	14	146
0	10	150
0	13	149
0	-1	150
1	-1	148
0	17	146
0	-1	130
0	-1	138
1	-1	150
0	-1	150
0	18	146
1	-1	150
1	19	150
0	22	151
0	22	146
0	9	150
0	17	149
0	-1	147
0	15	131
0	9	143
0	17	150
2	30	151
0	12	140
0	17	137
0	13	148
0	-1	150
0	6	148
3	-1	131
0	17	150
0	-1	142
1	17	150
1	40	149
0	12	144
0	8	144
0	15	136
1	-1	149
0	11	143
0	9	124
3	18	150
1	-1	150
0	27	150
0	17	150
0	10	149
1	14	151
1	-1	149
1	-1	148
0	-1	149
0	20	150
0	10	95
0	22	150
1	-1	150
0	-1	151
0	16	147
0	16	150
0	-1	151
0	10	140
0	21	146
0	13	145
1	18	144
1	17	150
0	22	150
1	-1	133
0	18	138
1	14	150
1	17	145
2	-1	150
1	13	150
0	12	149
1	-1	149
0	-1	145
2	36	150
1	-1	150
0	-1	151
0	15	144
0	7	149
0	12	107
0	-1	149
0	16	150
0	-1	136
0	12	146
0	-1	149
0	10	120
0	14	139
0	34	150
1	13	150
1	-1	139
0	-1	148
0	-1	144
1	-1	136
0	19	151
0	19	149
0	15	127
0	12	126
0	26	150
0	12	149
1	16	149
1	10	150
0	16	150
0	16	151
2	-1	151
0	9	124
1	-1	150
1	-1	150
0	-1	151
0	-1	150
1	18	150
0	13	150
0	13	150
0	9	109
1	21	150
0	5	150
1	13	127
0	16	134
0	14	150
0	-1	122
1	-1	150
0	11	151
0	16	148
0	4	117
0	-1	149
1	16	130
2	12	150
0	-1	151
0	22	150
0	34	147
1	18	150
0	17	149
0	13	142
0	15	148
0	-1	150
1	-1	150
1	12	118
1	-1	149
0	12	143
1	14	150
0	5	150
1	-1	150
0	20	151
0	24	150
0	-1	146
0	14	151
0	34	125
0	14	145
2	-1	120
0	14	147
0	-1	148
0	13	143
0	-1	149
1	10	150
1	-1	145
0	13	150
0	8	150
0	-1	151
0	-1	140
1	-1	150
0	7	97
0	25	150
1	19	123
0	12	150
0	18	149
0	6	147
0	9	150
0	-1	150
0	11	150
1	-1	148
3	15	147
0	-1	135
0	21	95
2	-1	149
0	10	66
1	14	149
1	13	124
0	13	139
1	-1	149
0	13	149
0	13	101
0	-1	147
0	10	133
0	-1	138
3	8	150
1	16	151
0	-1	150
0	13	134
1	19	150
0	15	139
0	15	139
0	-1	150
0	-1	141
0	19	150
0	9	150
2	-1	149
0	16	150
1	23	150
0	13	131
0	-1	150
0	13	149
0	-1	149
1	-1	150
0	-1	150
0	17	150
1	-1	140
0	-1	147
1	18	133
1	-1	150
1	16	151
0	12	150
0	-1	149
1	15	148
1	30	149
0	15	118
0	8	120
0	11	117
1	17	151
0	-1	149
1	28	149
1	-1	138
0	11	151
0	8	106
0	17	150
0	18	150
0	11	151
0	12	146
0	11	140
1	-1	146
0	10	75
0	-1	145
0	30	150
1	-1	143
0	-1	151
0	11	113
1	-1	151
0	-1	150
0	12	150
0	14	151
0	9	144
0	18	150
0	12	134
0	15	149
0	16	150
0	-1	147
1	9	124
0	17	150
1	18	150
0	15	151
2	12	150
2	14	151
0	20	150
0	-1	148
0	11	147
0	-1	150
0	-1	150
0	-1	150
0	15	150
1	21	145
0	-1	147
0	12	150
0	12	145
0	7	150
0	-1	148
0	18	150
0	21	146
0	-1	150
0	-1	146
0	13	149
0	11	149
0	18	150
0	14	150
0	4	149
0	-1	146
0	-1	148
1	-1	150
1	-1	150
0	-1	148
0	-1	150
0	23	150
0	-1	150
1	-1	150
1	-1	148
0	16	143
0	39	149
0	-1	150
0	18	144
0	11	132
0	-1	150
0	28	140
0	-1	147
0	27	150
0	22	150
1	16	144
0	19	150
0	21	149
0	14	116
0	13	150
0	24	150
1	-1	147
2	-1	150
1	-1	150
1	-1	150
0	-1	151
0	10	150
0	8	150
0	-1	151
1	15	149
0	17	141
0	-1	146
1	-1	150
1	16	124
0	-1	135
1	17	151
0	17	150
0	15	144
0	16	150
0	15	151
1	18	136
0	-1	151
0	-1	150
0	22	144
0	21	150
0	20	150
0	-1	120
1	22	150
0	13	150
0	17	150
0	36	149
2	12	143
0	-1	149
0	13	150
1	-1	146
0	10	150
1	-1	142
0	18	150
0	-1	149
0	20	150
1	-1	150
0	-1	151
0	13	150
0	-1	150
0	23	150
0	10	107
0	13	151
0	14	150
0	13	125
0	-1	150
0	19	150
0	20	146
2	-1	151
0	13	137
1	-1	149
2	-1	150
0	40	148
0	15	150
0	26	149
0	17	150
0	13	150
0	9	150
0	-1	148
1	13	150
0	19	150
0	-1	149
1	28	148
0	16	150
0	-1	151
0	10	108
2	-1	149
0	9	149
0	17	140
0	10	122
1	16	151
0	23	150
0	22	150
1	-1	151
0	12	150
0	9	100
1	33	146
0	11	149
0	-1	148
1	-1	147
0	-1	143
0	20	150
0	21	149
0	13	147
0	16	150
0	18	150
0	-1	145
0	-1	150
0	11	149
0	-1	148
0	6	83
0	15	150
1	15	135
0	11	96
0	18	150
1	-1	151
2	17	150
0	17	118
0	15	129
1	-1	144
0	17	140
0	17	150
0	-1	144
0	16	142
0	13	128
0	27	147
0	10	139
1	24	146
0	17	150
0	-1	151
1	21	144
0	15	150
1	22	149
1	26	147
0	20	150
0	-1	150
0	16	144
1	14	148
2	-1	148
0	15	150
0	34	145
0	13	127
1	15	143
0	32	150
0	15	140
0	12	148
1	15	150
0	-1	151
0	12	150
1	13	150
0	14	151
0	-1	150
0	-1	150
0	22	150
0	44	141
2	25	151
1	-1	145
0	11	147
0	-1	149
0	15	150
0	12	150
0	14	106
0	22	149
0	-1	148
0	-1	129
0	25	131
2	14	150
0	20	143
0	18	149
0	9	104
0	-1	146
0	-1	138
0	11	150
0	15	150
0	-1	150
1	41	150
1	13	124
0	21	146
0	19	138
0	25	132
0	17	150
0	12	150
0	18	150
0	-1	151
1	21	151
2	-1	149
0	23	130
0	22	148
0	29	150
0	42	149
1	-1	150
0	16	151
0	17	150
0	16	150
0	-1	151
0	11	145
0	17	151
0	-1	150
0	-1	149
1	15	102
0	20	134
0	13	146
1	-1	149
2	-1	150
0	19	142
0	16	150
1	18	151
1	13	151
0	18	150
0	-1	141
0	-1	148
0	12	96
0	-1	129
0	20	149
0	-1	149
0	8	130
0	12	150
0	-1	149
1	-1	150
0	-1	148
0	-1	150
0	15	149
0	-1	150
0	29	149
0	17	150
1	19	141
1	12	150
0	14	150
0	-1	150
1	-1	148
0	19	147
0	10	151
0	-1	101
1	-1	147
1	17	147
0	20	130
0	27	150
0	29	151
0	18	150
0	36	139
0	16	150
0	-1	150
0	19	146
1	14	142
1	9	128
0	11	145
0	10	126
0	16	150
1	11	99
0	19	150
0	19	141
0	-1	113
0	-1	150
0	-1	150
0	16	146
0	-1	128
0	-1	151
0	-1	149
0	-1	149
0	19	151
0	-1	145
0	19	150
0	-1	148
0	8	124
0	-1	149
1	12	146
2	14	148
0	10	151
1	-1	148
0	18	144
0	-1	150
0	11	150
1	18	148
0	-1	148
1	16	148
0	-1	150
0	-1	149
0	10	150
1	24	150
0	-1	133
1	7	130
1	14	137
0	-1	151
0	15	150
0	7	91
1	23	150
1	17	149
0	-1	149
0	16	146
1	32	150
0	37	146
1	21	147
1	-1	148
0	13	116
0	7	149
2	25	147
0	12	150
0	15	148
0	21	149
0	18	142
0	20	132
0	14	122
0	18	141
0	15	151
0	11	150
0	-1	145
0	18	149
0	20	148
0	13	149
1	-1	130
0	13	149
0	-1	145
1	16	133
1	-1	147
0	16	150
1	-1	151
0	13	150
0	9	145
0	8	148
0	17	150
1	-1	150
0	-1	150
2	-1	147
0	-1	150
1	18	145
0	15	150
0	13	150
0	16	150
0	-1	150
0	-1	150
0	-1	137
1	20	131
0	17	147
0	-1	149
1	-1	146
0	14	148
0	26	150
0	-1	140
0	16	150
1	14	150
0	15	148
1	26	151
0	18	150
1	19	150
0	-1	149
0	18	151
0	-1	151
0	-1	150
1	11	139
1	18	150
0	14	150
0	18	150
24	36	93
0	-1	117
1	-1	151
0	20	147
0	13	148
0	-1	149
0	17	150
1	17	150
1	13	132
0	12	150
0	-1	150
0	22	149
2	15	150
0	11	149
0	11	123
1	9	144
1	13	144
0	25	87
1	21	149
1	-1	118
0	11	150
0	21	148
2	-1	148
1	-1	150
0	-1	151
0	12	147
0	13	150
0	23	149
0	24	150
0	-1	149
0	14	151
1	-1	151
1	27	151
0	14	134
2	25	150
0	19	150
0	7	71
1	13	146
0	17	138
0	25	150
1	40	150
0	13	149
0	14	150
0	7	150
0	12	151
0	-1	146
0	-1	150
1	10	151
0	15	150
1	23	148
1	16	151
0	-1	145
0	9	150
1	44	150
0	13	149
1	15	150
0	-1	151
1	15	129
0	-1	149
0	11	146
0	12	126
1	20	150
0	16	130
0	-1	147
2	18	150
0	16	138
0	18	138
2	21	151
0	-1	150
2	18	150
0	36	137
1	19	150
1	13	148
1	14	148
0	-1	134
1	14	121
1	21	150
0	-1	149
2	13	150
1	-1	150
0	14	150
1	-1	150
0	16	149
1	-1	150
0	39	147
0	14	149
0	15	150
0	13	135
1	15	151
0	38	150
0	22	151
0	12	150
0	25	151
0	-1	149
0	14	122
0	11	151
0	18	150
1	13	151
0	15	150
1	30	150
0	20	131
0	18	149
0	15	148
0	11	142
0	-1	147
0	19	141
1	-1	147
0	14	119
3	14	150
1	-1	150
0	11	132
0	15	150
0	13	150
0	15	150
2	-1	149
0	10	147
1	-1	151
0	23	151
0	20	150
0	-1	150
0	16	151
0	30	150
0	-1	117
0	15	148
0	13	149
2	17	149
1	-1	150
0	13	148
0	5	90
0	15	149
0	8	123
0	17	150
1	-1	127
1	-1	150
0	15	150
1	-1	150
0	12	150
1	11	73
1	30	149
0	-1	150
0	-1	138
0	18	136
1	20	150
0	11	148
0	11	104
0	9	69
1	20	149
0	11	144
1	-1	150
1	20	149
0	14	151
0	26	149
0	27	150
0	16	150
0	18	150
0	19	151
0	15	150
0	18	150
0	10	125
0	40	132
1	-1	151
0	16	150
0	14	98
0	11	149
1	10	144
1	-1	145
0	17	150
0	11	144
0	15	150
0	13	150
0	-1	150
0	-1	150
0	25	150
1	-1	148
0	21	150
1	20	151
0	28	150
2	19	148
0	-1	119
0	20	150
2	16	150
1	-1	150
0	21	150
0	-1	150
0	12	151
0	10	151
1	-1	150
0	21	150
0	-1	149
1	23	150
0	-1	149
0	-1	136
0	-1	146
0	-1	150
0	16	151
0	23	149
0	-1	150
1	26	150
1	20	149
0	-1	151
0	17	148
0	21	151
0	27	151
0	10	129
1	-1	118
2	-1	150
0	6	147
1	27	146
0	19	149
2	14	150
0	27	149
1	-1	150
0	17	150
0	15	137
1	-1	135
0	13	146
0	22	151
0	13	99
0	8	146
1	-1	147
0	-1	150
0	19	150
0	-1	139
0	-1	150
1	12	149
0	13	150
0	15	146
40	60	113
0	16	149
1	-1	144
0	13	146
0	12	150
1	-1	150
0	-1	136
0	-1	150
1	-1	146
0	12	150
1	15	132
0	-1	150
0	18	150
2	17	150
0	18	149
0	-1	149
1	20	151
0	17	150
0	34	150
0	11	147
1	-1	150
0	20	148
1	-1	149
1	18	146
0	9	151
0	12	150
0	17	151
0	-1	150
0	15	150
1	-1	148
0	-1	148
0	13	147
1	17	150
0	-1	149
0	17	151
0	25	131
0	-1	150
0	-1	151
0	16	150
2	-1	150
0	26	150
0	22	150
2	12	150
0	-1	150
0	13	146
0	14	147
0	-1	137
0	-1	146
0	14	150
1	-1	150
0	-1	151
0	11	150
0	11	126
0	18	148
0	27	151
0	18	140
0	15	145
0	16	151
0	-1	148
0	9	151
0	16	150
0	13	133
1	-1	149
0	-1	151
1	-1	150
0	15	148
1	9	150
1	14	151
1	15	114
1	21	137
0	-1	149
0	-1	150
0	32	150
1	20	150
0	-1	101
0	13	132
0	14	151
1	16	150
0	17	150
0	-1	133
1	7	148
0	11	149
1	-1	146
1	-1	126
2	10	141
0	18	149
0	-1	113
4	-1	150
0	21	150
0	-1	150
1	19	147
0	-1	145
2	-1	148
0	36	150
0	25	151
0	27	149
1	-1	127
0	16	150
0	15	150
0	16	151
1	14	150
1	8	146
1	-1	150
1	8	143
0	14	149
0	-1	150
1	22	150
1	18	148
0	16	151
0	-1	149
0	-1	150
0	20	150
1	-1	146
0	13	147
0	21	150
0	13	150
0	-1	144
0	19	150
0	-1	148
0	15	149
0	20	150
1	20	150
0	12	151
0	37	150
0	14	148
1	-1	149
0	-1	144
0	15	150
0	-1	150
0	11	146
0	-1	151
0	19	150
1	16	137
4	23	150
1	18	146
0	17	150
0	14	145
0	12	150
0	-1	150
2	10	119
0	36	150
0	-1	149
1	-1	150
0	-1	145
1	-1	151
0	22	150
0	16	149
0	19	150
0	-1	148
0	-1	149
0	22	150
0	10	148
0	7	149
1	17	94
0	-1	150
2	37	150
1	-1	150
1	37	151
0	20	146
0	19	150
0	-1	150
1	-1	150
0	-1	149
0	-1	150
0	-1	150
0	-1	146
0	11	150
0	11	144
1	19	151
0	8	75
0	-1	149
0	19	150
0	-1	150
0	22	149
0	-1	150
0	-1	150
0	11	149
1	-1	142
1	-1	151
1	18	143
0	-1	149
2	11	149
1	-1	151
0	10	140
0	13	150
2	21	148
0	15	150
1	-1	151
1	-1	149
0	-1	148
1	17	150
0	-1	147
0	-1	147
1	16	144
0	19	150
0	16	141
0	15	151
1	20	150
0	-1	150
0	12	146
0	11	150
0	18	132
2	-1	149
0	-1	148
0	19	150
0	27	150
0	18	144
0	13	135
0	10	145
1	18	140
0	20	151
0	-1	149
0	-1	146
2	-1	151
1	-1	147
0	10	151
0	-1	146
1	15	133
0	13	149
0	15	144
0	16	150
0	-1	148
1	-1	149
3	18	146
0	16	148
0	17	150
0	15	147
4	25	150
0	15	148
1	15	150
0	20	150
0	18	151
0	-1	150
1	-1	150
0	21	130
1	18	149
1	-1	150
0	-1	149
2	12	140
0	12	150
0	14	150
0	-1	150
0	16	151
0	14	149
0	18	150
0	-1	148
0	-1	150
0	-1	101
1	14	150
1	22	149
0	31	128
2	-1	148
0	-1	150
0	-1	150
0	24	150
0	25	150
0	17	146
0	13	130
1	-1	150
0	-1	149
1	-1	147
1	18	150
0	-1	150
1	15	151
1	-1	150
0	37	150
0	25	150
0	-1	141
1	19	151
0	13	148
1	23	150
0	-1	142
0	19	150
2	-1	150
0	17	149
1	-1	134
1	-1	148
2	9	150
0	-1	149
1	10	151
0	12	67
0	15	147
0	14	150
1	-1	150
0	7	150
1	20	149
1	14	143
7	-1	151
0	-1	151
0	18	150
0	19	124
0	-1	149
0	6	149
0	9	151
0	-1	149
1	15	141
0	23	149
0	16	150
0	18	150
0	-1	151
0	-1	148
0	14	146
1	17	127
0	32	148
1	-1	150
0	13	150
1	-1	148
0	26	150
0	27	148
0	16	146
1	35	150
0	11	150
0	16	151
0	-1	147
1	16	150
1	-1	150
2	16	150
0	17	150
0	25	145
0	11	151
0	11	148
0	-1	149
0	-1	142
0	18	144
0	16	150
0	21	150
0	-1	139
0	12	150
1	-1	148
1	17	134
2	-1	149
0	20	150
0	18	149
0	-1	148
0	18	150
1	22	143
0	-1	149
1	-1	149
0	-1	150
1	-1	132
0	-1	151
0	7	149
1	-1	132
0	13	134
1	-1	150
0	15	151
0	11	148
0	-1	147
1	-1	149
2	-1	150
1	-1	150
0	15	150
1	22	148
0	-1	150
0	14	148
0	7	139
2	17	147
0	19	150
0	11	129
1	-1	150
0	16	150
1	-1	149
0	14	147
0	14	150
0	-1	149
0	18	138
0	-1	150
1	-1	147
0	13	145
0	13	150
0	-1	149
0	20	142
0	13	135
1	24	151
0	26	151
0	16	150
1	-1	110
0	15	149
0	-1	150
0	25	150
1	-1	150
0	-1	149
0	14	151
2	-1	146
0	-1	150
1	21	148
1	-1	145
0	16	148
0	-1	148
0	16	147
0	8	150
0	11	150
0	22	147
0	16	150
1	23	150
2	-1	150
1	18	150
0	17	150
0	-1	150
1	-1	147
0	15	99
0	-1	118
1	10	149
0	17	150
1	17	135
0	16	150
1	23	149
1	12	150
1	11	150
1	-1	151
0	15	121
0	25	148
3	22	64
3	-1	127
0	16	150
0	4	70
1	14	148
1	-1	145
0	12	147
2	-1	150
2	-1	149
0	-1	150
0	-1	150
1	19	151
0	-1	142
0	12	150
0	18	149
0	-1	148
0	15	145
0	10	150
0	-1	150
1	-1	147
0	16	150
0	20	150
0	14	150
0	24	151
0	-1	149
0	-1	150
0	-1	142
0	27	149
0	-1	149
0	15	145
0	15	149
0	-1	150
0	18	150
1	-1	150
1	21	137
2	26	150
0	15	148
0	16	151
0	15	150
0	-1	150
0	13	128
1	16	146
1	18	148
1	-1	150
0	27	147
1	17	151
0	38	150
0	-1	150
0	13	148
0	13	150
3	-1	146
1	-1	149
0	-1	150
0	-1	150
0	14	140
1	-1	138
0	20	146
0	20	150
1	18	148
0	16	150
0	16	151
0	17	141
0	23	149
0	19	150
0	38	151
0	19	150
1	-1	144
0	-1	150
0	20	147
0	13	145
0	-1	151
0	21	141
0	20	147
0	10	120
0	10	150
0	17	150
0	-1	139
0	9	95
0	10	151
0	14	148
0	13	150
2	-1	150
0	30	127
0	17	146
2	22	150
0	-1	78
0	25	150
1	13	150
1	-1	150
0	11	140
0	14	150
0	19	150
0	-1	148
0	29	150
0	16	151
0	14	150
0	20	147
0	13	151
0	11	149
0	-1	150
1	18	143
0	29	149
0	-1	151
0	4	150
3	16	148
0	-1	138
0	16	150
0	-1	149
0	-1	145
0	-1	150
0	18	151
0	-1	150
0	-1	150
1	22	151
1	35	150
0	17	140
0	-1	150
0	21	150
0	14	144
0	16	146
0	14	151
0	18	147
1	-1	149
0	-1	150
0	-1	150
0	29	149
0	32	150
1	23	150
0	16	150
0	-1	149
0	18	150
0	17	150
0	11	151
0	12	150
0	19	150
0	-1	150
0	-1	150
0	-1	147
0	-1	151
1	-1	142
0	-1	149
0	33	150
0	-1	149
0	-1	150
0	9	146
0	13	150
1	-1	150
0	11	148
0	18	151
1	8	87
1	-1	119
0	13	121
0	15	150
2	-1	150
0	-1	147
1	-1	151
0	13	141
1	-1	150
1	-1	150
1	20	137
2	-1	145
0	-1	151
0	22	149
0	-1	145
1	11	150
0	-1	149
2	20	150
0	-1	149
0	17	147
0	-1	151
1	-1	146
1	10	144
0	22	150
0	21	149
0	-1	149
0	16	148
0	10	131
0	18	147
0	13	132
0	-1	145
1	-1	150
0	12	151
1	12	146
1	10	147
0	-1	141
0	-1	150
0	14	135
0	19	150
1	16	151
0	15	150
1	12	97
0	13	139
3	15	146
1	-1	134
0	21	150
1	-1	150
0	12	150
1	35	149
0	15	149
0	22	151
0	15	149
0	20	151
2	-1	148
0	-1	151
0	-1	150
2	-1	151
0	5	144
0	11	144
0	-1	141
0	9	127
0	-1	126
1	-1	145
0	14	150
1	22	150
0	22	151
0	15	143
1	16	151
0	12	150
0	-1	150
0	14	150
1	-1	150
0	-1	150
0	15	148
3	22	147
0	13	146
0	22	151
0	17	150
1	-1	136
1	18	150
0	-1	148
0	37	150
0	15	145
0	18	150
2	-1	150
1	20	151
1	-1	147
0	12	150
0	17	151
0	19	150
0	17	150
0	14	149
1	16	151
1	35	142
0	6	63
0	21	150
1	9	131
0	-1	134
0	15	150
0	-1	145
2	-1	146
0	12	150
0	-1	151
0	9	149
0	-1	148
0	16	147
0	16	148
2	-1	149
0	-1	127
1	-1	151
1	13	150
0	-1	150
0	14	150
1	13	149
0	19	149
0	18	147
0	-1	149
1	-1	150
0	-1	147
0	-1	150
0	14	150
0	8	149
1	13	149
0	14	150
1	12	149
0	-1	150
1	12	150
0	-1	150
0	25	149
0	-1	146
2	-1	150
0	-1	150
0	-1	150
2	-1	147
1	-1	150
1	10	150
0	-1	148
0	15	150
1	32	150
1	-1	144
0	-1	150
0	-1	151
0	17	138
1	15	150
0	14	150
0	19	150
0	16	150
0	-1	147
1	25	147
0	14	138
0	6	150
0	11	151
0	-1	147
1	-1	130
0	-1	150
1	17	149
0	19	150
0	21	149
0	-1	125
0	8	148
0	17	136
0	14	135
0	31	149
1	10	144
1	-1	150
0	37	150
1	16	150
1	13	150
0	-1	147
1	17	144
0	-1	143
1	13	144
0	23	122
1	21	150
0	19	149
1	-1	146
0	-1	150
0	-1	148
1	15	150
0	11	151
0	17	150
1	-1	151
1	15	149
0	-1	150
0	-1	148
0	18	139
1	20	150
0	8	89
0	35	147
1	-1	148
0	15	121
0	16	150
0	21	151
2	12	148
1	19	150
1	12	150
1	16	146
1	40	147
0	19	150
1	16	149
0	14	150
0	18	150
1	-1	150
0	12	149
1	-1	151
0	19	147
0	-1	151
0	16	133
1	-1	150
0	-1	148
0	15	150
1	30	149
0	14	142
1	20	136
1	18	147
0	33	150
1	22	149
0	21	141
0	17	150
0	9	149
0	-1	149
0	20	148
0	-1	150
0	18	151
0	-1	148
1	23	98
0	20	151
0	27	136
1	-1	149
1	-1	150
1	-1	146
1	21	150
0	25	150
0	11	151
1	-1	151
0	16	150
0	20	148
0	16	150
0	17	150
0	-1	150
1	20	150
0	22	150
1	21	150
1	-1	150
0	-1	151
0	19	147
0	14	145
0	38	149
0	-1	150
1	-1	126
0	-1	145
0	20	146
1	-1	149
0	17	145
0	15	149
0	9	150
0	-1	150
0	-1	130
1	13	150
1	16	149
0	-1	149
0	-1	150
0	15	129
1	-1	147
0	15	148
1	-1	150
0	10	146
0	6	73
0	-1	150
0	15	150
0	-1	150
1	-1	146
1	29	150
0	20	145
0	14	150
0	-1	129
0	19	150
0	-1	150
0	18	145
0	43	150
0	16	125
1	12	150
0	-1	149
0	-1	151
1	37	150
0	17	151
1	13	111
0	22	150
0	7	146
0	15	150
0	15	150
1	20	151
1	-1	146
0	15	137
1	13	151
0	29	145
1	-1	150
0	-1	150
0	-1	151
0	14	103
1	18	148
0	19	150
0	18	142
0	-1	150
1	-1	151
1	-1	141
0	11	146
0	-1	145
0	9	149
1	-1	150
1	-1	145
0	-1	150
0	11	149
1	19	149
1	18	150
1	18	150
0	14	148
0	-1	150
1	-1	145
1	-1	128
0	7	137
0	18	150
3	-1	149
0	12	147
1	-1	122
0	16	150
0	-1	121
0	-1	149
0	-1	151
0	-1	150
0	13	149
1	35	147
2	20	149
1	23	151
0	-1	149
1	19	149
0	-1	150
0	9	149
0	15	140
0	16	150
0	17	147
4	27	150
0	15	135
0	14	150
0	12	150
0	11	150
1	36	150
0	19	143
0	16	148
0	-1	142
1	-1	150
1	-1	150
1	15	148
0	21	150
0	-1	149
0	24	151
1	-1	141
0	-1	150
0	18	147
1	14	150
1	-1	142
0	11	149
0	13	149
0	13	103
1	34	151
0	18	135
1	12	144
0	17	150
0	-1	150
0	16	131
0	41	143
0	15	124
1	-1	149
0	22	150
1	-1	128
1	25	147
0	16	150
0	-1	148
0	5	135
0	11	147
0	29	124
2	5	84
0	14	84
0	13	118
0	19	150
0	12	150
0	14	149
0	18	146
0	9	72
1	14	150
0	17	148
0	13	150
1	-1	145
0	34	149
0	11	150
0	14	149
0	15	142
2	11	151
1	16	147
0	-1	149
0	17	151
1	20	150
0	-1	151
0	30	150
0	22	150
0	17	108
0	-1	150
0	18	136
1	15	150
0	-1	149
1	14	146
1	13	150
0	20	150
0	16	150
0	-1	151
0	-1	131
1	16	145
0	21	151
0	42	148
0	14	145
0	14	148
0	-1	150
1	-1	150
0	12	143
0	-1	144
0	-1	117
0	9	149
0	13	147
1	14	147
0	-1	146
1	21	149
2	24	150
0	14	150
0	21	150
0	19	146
1	12	150
0	-1	130
0	17	150
2	17	143
0	30	132
0	-1	151
1	-1	129
0	23	150
0	20	147
1	16	135
1	21	149
1	18	132
0	36	150
0	15	129
0	20	149
0	-1	146
1	25	147
1	-1	151
0	-1	150
1	10	150
0	18	150
1	13	149
1	17	120
0	13	147
0	22	143
0	28	143
0	20	125
0	11	150
1	-1	150
0	-1	150
0	12	145
0	17	151
0	15	148
0	-1	109
0	14	117
0	-1	150
0	26	143
1	34	150
1	19	150
1	11	150
1	17	150
2	18	149
1	-1	144
0	-1	107
0	37	151
2	18	149
0	12	150
0	12	150
0	35	148
0	8	139
1	19	151
0	14	150
1	9	116
4	17	149
1	17	130
1	-1	147
0	-1	121
0	-1	149
0	-1	150
0	-1	139
0	18	151
0	20	150
0	8	150
0	15	149
1	25	151
0	11	134
0	-1	150
1	-1	150
0	-1	150
0	-1	150
0	13	121
0	-1	146
0	-1	150
0	16	151
0	-1	149
0	17	147
1	12	145
0	45	148
1	-1	149
0	18	150
0	21	129
1	21	150
0	35	143
1	18	148
1	-1	147
0	14	146
2	-1	150
0	7	150
0	13	126
1	-1	150
1	18	151
0	-1	147
0	10	151
2	17	147
1	34	150
0	-1	137
0	17	140
1	20	129
0	21	133
0	15	148
0	15	129
2	15	144
0	9	144
0	15	150
0	3	150
0	13	144
1	14	122
0	10	150
0	15	147
0	-1	150
1	10	117
0	21	150
0	10	133
0	-1	150
1	-1	149
0	21	149
0	9	92
0	-1	144
0	12	103
0	18	143
1	-1	151
1	15	148
1	26	148
0	12	148
1	-1	150
0	-1	150
2	13	127
0	14	148
0	14	131
0	-1	149
0	-1	150
0	15	150
1	-1	149
0	-1	105
1	-1	140
1	15	150
0	15	151
1	12	150
0	-1	148
1	-1	132
1	12	112
0	16	150
0	-1	150
0	24	149
0	13	134
0	19	147
0	20	150
1	-1	146
0	16	138
0	14	137
0	8	143
0	15	149
0	-1	148
0	16	136
0	16	150
1	-1	147
1	20	150
0	40	136
0	-1	139
0	-1	150
0	13	150
1	-1	150
0	-1	150
0	11	145
2	-1	137
1	8	136
1	13	150
0	-1	136
1	-1	150
3	14	132
0	15	150
1	23	130
4	11	151
0	16	148
0	-1	150
1	-1	143
1	40	149
1	19	147
1	-1	149
0	13	139
0	-1	145
0	19	151
0	-1	143
0	10	150
1	-1	151
0	13	150
1	6	116
1	16	148
2	21	151
1	12	150
0	17	150
1	16	145
1	-1	148
1	6	142
0	17	150
0	15	150
0	-1	150
0	19	140
1	19	150
0	18	135
0	12	150
0	15	148
1	-1	146
0	10	150
4	-1	149
0	13	145
0	20	151
0	-1	150
1	-1	150
0	10	133
1	19	100
0	9	102
0	2	147
0	-1	147
0	14	151
0	12	150
1	22	150
0	-1	150
0	-1	143
0	22	148
0	22	148
0	14	145
0	-1	150
0	15	145
1	13	149
3	-1	151
0	13	150
0	19	145
0	-1	148
0	15	150
0	17	150
0	14	147
0	-1	150
1	-1	148
0	-1	150
0	15	150
0	11	150
1	33	150
1	20	150
1	-1	150
1	-1	149
0	13	133
1	28	148
0	22	145
0	-1	145
0	16	150
1	-1	151
0	16	150
0	14	144
0	15	148
0	25	150
1	-1	148
0	-1	148
1	18	150
0	12	140
1	19	143
1	12	148
0	-1	151
0	27	150
0	14	150
0	15	148
0	34	142
0	19	139
0	-1	150
1	34	132
1	-1	150
0	15	148
0	31	150
0	12	138
0	18	150
0	-1	140
0	12	149
0	-1	150
0	21	150
0	39	150
1	-1	134
0	16	146
0	20	150
0	14	127
0	22	150
1	6	149
2	12	147
0	6	142
0	13	150
0	-1	148
0	16	148
0	-1	146
0	15	150
1	-1	148
1	38	148
1	-1	147
0	22	151
1	15	148
1	16	149
0	18	149
0	16	150
0	17	146
0	15	127
0	-1	149
0	16	150
1	11	150
0	16	150
0	21	149
0	-1	150
0	7	147
0	16	150
0	22	145
0	19	150
1	14	149
1	13	150
0	8	150
0	-1	147
1	-1	146
0	-1	150
0	-1	149
0	15	135
0	46	149
0	-1	148
0	-1	150
0	-1	147
0	-1	148
0	15	139
0	-1	149
0	-1	150
1	-1	150
0	11	150
2	14	151
0	21	149
0	20	150
0	14	148
0	19	148
0	16	150
1	14	140
1	-1	150
0	15	150
0	-1	140
0	10	147
1	-1	150
1	18	149
0	18	144
0	17	147
0	18	150
1	23	150
0	-1	150
0	15	146
0	11	150
0	11	138
0	23	123
0	6	78
0	-1	150
0	-1	145
0	19	150
0	-1	147
0	33	150
0	18	150
0	24	116
1	26	150
0	-1	149
0	13	142
0	-1	147
0	-1	150
1	14	149
0	16	151
2	-1	148
0	12	150
0	17	150
0	13	147
0	7	129
0	15	149
0	17	149
0	-1	150
1	16	151
1	13	149
0	14	151
0	12	146
0	13	148
1	-1	150
1	16	148
1	20	150
0	14	137
1	12	150
0	-1	150
1	20	146
0	15	151
0	15	149
0	18	134
1	-1	142
1	18	150
0	-1	150
0	17	141
3	-1	148
0	19	150
0	35	145
0	-1	147
0	-1	151
0	-1	150
1	-1	149
0	30	128
0	17	150
1	39	150
0	-1	144
0	14	108
0	16	149
1	-1	146
0	11	150
0	30	150
0	11	150
1	20	150
1	-1	148
0	23	150
1	-1	146
2	14	139
0	-1	129
1	44	147
1	-1	150
0	21	150
1	14	150
0	-1	150
0	10	150
1	-1	150
0	14	128
1	-1	150
0	19	150
1	14	150
1	-1	148
0	6	75
0	22	147
0	24	149
0	19	150
1	-1	150
1	-1	150
0	18	150
0	8	149
0	-1	150
0	13	151
0	-1	148
0	9	150
2	-1	150
0	-1	150
0	7	150
0	31	150
0	16	134
1	34	147
0	15	149
0	21	148
0	16	150
0	15	151
0	-1	150
1	-1	149
0	-1	150
0	9	145
0	-1	150
0	-1	149
0	-1	130
0	35	151
0	16	150
0	-1	150
0	18	129
1	11	149
0	13	150
1	-1	149
0	16	126
0	-1	148
0	21	150
1	39	149
0	7	150
1	13	150
0	9	140
1	20	150
0	18	150
0	17	148
1	-1	150
1	19	150
0	18	150
1	13	94
2	14	151
0	39	151
0	-1	149
0	20	151
0	8	149
1	20	149
0	9	150
1	17	149
0	-1	150
0	-1	150
0	-1	140
0	10	118
0	15	150
1	11	150
0	-1	140
0	13	150
0	14	143
0	15	149
0	11	69
1	22	150
1	-1	150
0	22	147
0	19	150
0	15	150
0	-1	151
0	8	149
0	39	151
0	36	150
0	21	150
1	-1	147
0	20	150
0	-1	151
0	15	147
0	40	151
0	12	145
2	20	151
0	15	149
0	6	146
0	-1	149
0	13	135
0	-1	150
1	-1	144
1	21	150
0	11	148
0	-1	146
0	16	148
1	16	149
0	11	150
2	-1	150
0	-1	127
1	14	150
1	-1	150
0	15	147
0	16	143
1	12	150
1	18	151
0	19	126
1	-1	149
0	13	150
0	11	149
0	12	149
0	13	150
0	-1	150
1	20	150
0	6	151
1	17	150
1	-1	150
2	12	150
3	-1	150
1	-1	148
2	17	149
1	-1	151
0	-1	150
0	16	150
0	30	150
0	-1	142
0	-1	145
3	18	150
1	22	134
0	-1	146
0	13	150
0	-1	151
1	-1	130
0	29	150
0	17	150
0	17	150
0	-1	151
1	-1	150
0	-1	150
1	-1	150
0	19	149
0	-1	150
0	15	150
0	-1	150
1	-1	151
0	15	150
1	-1	146
2	-1	150
0	40	150
1	17	151
1	-1	147
0	10	149
0	-1	146
0	13	149
1	-1	151
0	-1	151
1	11	150
0	14	150
1	13	130
0	21	146
1	23	137
1	-1	149
2	19	142
0	-1	148
1	16	144
1	-1	133
0	-1	149
1	-1	151
0	16	150
0	11	149
1	-1	144
0	17	140
0	14	148
1	20	149
0	14	150
0	-1	150
0	19	147
1	30	130
0	-1	145
0	9	150
0	18	149
1	20	151
0	16	147
1	16	150
0	38	147
0	22	149
0	15	148
0	-1	150
0	11	149
0	11	113
0	25	150
1	-1	150
0	17	146
0	18	145
0	-1	148
0	-1	150
1	-1	150
0	-1	150
0	13	147
0	14	150
0	27	149
0	15	150
1	17	150
0	18	143
0	21	150
0	16	151
0	15	151
0	20	151
0	9	149
0	14	149
0	13	150
1	-1	149
0	15	150
0	16	150
0	12	150
2	-1	151
1	11	151
0	13	150
0	14	117
1	15	150
0	10	150
0	-1	150
2	-1	150
2	-1	148
0	41	150
0	-1	150
1	16	150
0	-1	150
0	-1	150
0	36	137
0	16	150
0	16	150
0	13	150
0	-1	150
0	12	149
2	15	151
0	15	148
0	14	150
0	-1	145
0	17	150
0	-1	150
0	13	150
0	14	150
0	18	150
0	-1	151
0	-1	150
0	10	144
1	12	145
1	-1	147
0	-1	149
1	20	149
0	-1	90
1	15	148
2	-1	148
0	-1	146
0	-1	148
1	-1	147
0	16	151
0	13	150
1	-1	150
0	-1	148
0	-1	151
0	16	149
2	-1	150
1	16	150
2	25	150
0	11	140
1	-1	150
1	-1	150
0	14	150
0	37	137
0	-1	150
1	-1	150
0	15	151
0	-1	145
0	14	148
0	-1	149
0	19	150
0	14	129
0	-1	145
1	-1	149
0	13	150
1	16	150
0	-1	141
0	-1	117
0	-1	150
0	-1	150
0	-1	150
1	-1	151
0	-1	150
0	13	138
0	19	150
1	48	150
1	15	151
0	13	115
0	9	149
4	18	150
1	27	150
0	20	150
0	11	149
1	17	149
0	-1	150
0	-1	150
0	20	149
0	17	148
0	-1	144
0	14	150
2	-1	149
1	-1	151
1	-1	151
0	11	148
1	17	151
0	13	150
3	8	150
0	27	149
0	16	149
0	12	148
0	12	150
0	-1	149
2	29	127
0	12	150
1	-1	149
0	-1	150
0	-1	149
0	16	150
0	13	150
1	18	151
1	13	151
1	15	140
0	19	151
0	-1	150
0	-1	130
0	-1	151
0	13	118
0	-1	140
0	27	151
1	11	150
0	12	147
1	-1	147
0	11	150
0	18	150
1	18	150
0	22	151
0	14	151
0	15	132
0	-1	150
0	-1	132
1	18	150
0	-1	149
2	-1	149
1	-1	151
0	14	150
1	13	150
0	-1	150
0	-1	139
0	13	151
0	18	148
2	13	149
1	-1	146
1	16	150
1	17	151
0	14	150
0	19	146
0	17	139
1	-1	149
0	38	150
0	-1	147
0	17	150
1	-1	148
0	23	150
1	31	150
0	13	140
0	-1	149
0	-1	147
0	17	150
1	-1	150
1	-1	150
0	15	150
0	22	149
0	7	144
0	16	149
0	-1	149
1	23	148
0	-1	150
0	12	117
1	22	150
1	11	64
0	20	148
0	15	150
0	5	149
0	-1	147
2	-1	149
0	16	151
1	18	150
0	11	149
0	-1	150
1	16	135
1	-1	148
0	11	150
0	16	150
2	24	148
0	11	150
2	-1	133
1	37	150
1	-1	150
0	-1	150
0	-1	149
0	14	150
1	-1	150
0	-1	146
0	-1	149
1	17	150
0	14	150
0	19	150
1	15	150
0	-1	150
0	26	142
1	-1	146
1	-1	139
0	19	151
1	16	131
0	-1	142
1	15	150
1	14	150
0	21	150
0	14	150
0	19	150
1	14	149
0	17	149
1	17	151
1	-1	150
0	14	150
0	14	150
0	10	150
0	13	150
0	19	150
0	-1	151
5	-1	150
0	7	71
1	-1	149
0	25	149
0	17	150
0	16	148
1	18	150
0	38	148
0	14	118
0	21	150
0	26	136
0	17	123
1	15	150
0	20	150
1	22	149
0	8	144
1	21	150
0	17	151
0	13	149
1	-1	151
1	-1	149
1	36	138
1	12	147
1	17	148
0	30	150
0	-1	150
0	17	142
2	-1	148
0	-1	148
0	13	150
0	21	150
1	-1	138
0	-1	144
2	-1	150
0	15	150
1	13	150
0	-1	151
0	16	147
0	-1	148
1	-1	150
0	-1	149
0	12	150
0	-1	148
0	-1	143
0	13	150
1	-1	150
0	-1	150
1	18	148
0	-1	147
1	-1	150
0	-1	150
0	-1	145
0	-1	149
0	19	151
0	15	151
1	-1	150
0	-1	150
0	20	151
1	-1	150
1	18	150
1	12	149
1	13	116
0	12	111
1	14	150
1	12	149
0	15	150
0	9	147
1	36	150
0	17	149
1	-1	146
1	-1	150
0	-1	150
0	11	151
0	15	149
0	-1	150
0	-1	150
0	22	150
0	-1	149
1	-1	150
5	26	140
0	15	129
0	18	151
0	-1	147
0	33	150
0	17	150
0	15	150
0	12	151
0	-1	150
1	17	134
0	-1	150
0	18	150
0	-1	145
0	12	148
0	-1	150
0	41	150
1	12	149
0	-1	150
1	14	142
0	-1	150
0	-1	149
1	-1	149
0	-1	148
0	13	150
1	14	150
0	-1	130
1	11	151
0	29	150
1	15	150
0	15	150
0	-1	142
1	18	142
0	-1	131
0	13	130
0	12	142
0	-1	147
0	-1	147
0	23	126
0	9	150
1	-1	151
0	16	150
0	11	150
1	-1	141
0	15	147
0	12	150
0	16	150
0	20	150
0	9	150
0	17	145
0	15	150
0	9	148
0	12	151
0	15	148
0	14	149
0	14	147
0	21	146
0	-1	151
1	-1	150
0	17	149
0	17	150
0	11	140
0	-1	150
0	-1	124
0	15	151
0	11	150
1	17	144
1	20	147
0	26	150
1	-1	146
0	-1	150
0	-1	149
0	16	146
1	17	150
0	-1	150
0	14	150
0	-1	150
1	13	150
1	16	129
0	19	148
0	8	150
1	-1	123
0	-1	86
1	15	150
0	-1	151
0	9	149
2	21	150
0	-1	150
2	-1	149
2	16	150
2	12	117
1	24	150
0	12	150
0	-1	150
0	12	115
0	14	147
0	-1	150
0	-1	146
0	-1	150
1	21	149
0	-1	145
0	18	131
0	18	150
0	12	150
0	15	150
0	21	144
0	15	150
0	-1	149
0	15	150
0	14	151
0	8	144
0	14	151
0	16	150
1	-1	149
0	-1	150
0	16	141
0	19	150
2	-1	147
1	-1	146
0	17	151
1	-1	148
0	-1	151
1	-1	149
0	29	151
0	-1	132
0	-1	150
0	13	145
0	21	150
0	-1	151
1	-1	147
1	-1	150
1	-1	149
0	13	151
1	23	142
0	-1	146
1	10	150
0	19	150
0	-1	148
0	-1	150
0	-1	150
1	17	147
0	15	150
0	21	150
0	-1	149
0	19	122
1	-1	144
0	14	140
0	19	150
1	16	146
0	15	128
0	24	146
1	15	149
1	-1	151
0	-1	148
1	27	142
0	-1	149
0	11	150
0	18	150
0	-1	151
0	7	150
0	-1	151
0	-1	150
0	12	150
0	13	150
0	-1	150
0	27	149
0	-1	150
0	17	149
0	-1	138
0	15	150
0	44	150
0	-1	149
0	13	150
0	16	147
0	-1	134
0	13	150
1	5	99
0	-1	150
0	9	150
0	-1	151
1	18	151
1	13	150
0	-1	150
0	10	150
0	10	69
1	-1	150
2	19	144
0	-1	147
1	-1	151
0	20	145
1	-1	150
0	16	150
0	17	150
0	15	150
0	14	150
0	14	151
0	9	150
0	8	150
2	22	151
1	-1	150
0	13	150
0	8	149
0	14	150
1	18	146
1	13	151
1	-1	150
0	-1	150
0	11	151
0	17	150
0	35	150
0	12	132
0	14	150
1	11	149
0	-1	145
0	15	142
1	14	140
0	11	135
0	13	150
0	-1	139
0	13	150
0	-1	150
0	20	150
0	15	150
1	-1	150
0	19	150
0	12	114
1	40	150
0	12	150
0	-1	150
1	9	150
0	11	148
0	-1	145
1	22	151
0	18	146
1	14	147
0	21	149
1	20	150
1	-1	151
1	14	138
1	14	148
0	48	150
1	-1	151
0	15	146
0	16	150
0	-1	150
0	20	129
0	18	151
1	-1	146
1	37	151
0	-1	149
1	23	151
1	-1	149
0	-1	146
0	21	150
1	17	151
1	-1	148
1	19	143
0	23	151
0	-1	149
1	20	143
2	-1	146
1	-1	147
0	21	141
1	24	145
0	-1	150
0	18	150
0	19	151
0	15	150
0	13	149
0	13	149
2	-1	146
1	-1	150
0	13	149
0	7	150
0	14	150
0	-1	150
0	-1	150
1	15	142
1	-1	149
0	25	131
0	-1	150
1	20	145
0	18	150
0	-1	144
0	-1	148
1	-1	149
2	33	149
0	13	149
2	-1	150
0	9	150
1	9	145
0	14	150
1	-1	150
1	-1	149
0	13	149
0	16	149
0	14	148
0	18	150
1	11	151
1	15	132
0	-1	150
0	13	150
1	-1	150
1	-1	150
0	-1	150
0	15	149
0	12	150
0	-1	147
0	-1	148
0	17	150
0	24	143
0	23	148
0	19	147
1	18	149
0	15	150
1	23	150
0	36	148
0	-1	148
0	-1	149
0	15	150
0	12	150
1	20	150
0	16	134
1	15	146
1	-1	123
0	20	146
1	19	150
1	12	150
0	-1	151
0	-1	150
1	-1	150
0	12	146
0	20	148
0	23	113
0	13	150
0	13	141
1	-1	145
0	-1	150
0	-1	150
0	-1	148
1	12	149
0	35	150
0	16	151
1	12	139
0	-1	133
0	16	151
0	-1	150
0	16	146
1	14	151
0	16	146
0	14	150
0	13	99
0	28	130
1	13	147
0	28	145
1	21	150
0	18	150
0	11	150
0	13	145
0	19	151
1	10	150
0	-1	149
0	13	149
0	13	151
2	-1	149
1	16	137
0	17	150
0	13	149
1	13	148
0	-1	150
0	17	137
1	30	147
0	15	150
0	-1	151
0	14	146
1	14	149
0	-1	144
0	-1	127
0	13	151
0	10	151
0	-1	150
0	-1	148
1	14	139
1	24	150
1	16	151
0	17	150
0	13	150
1	-1	147
0	18	147
0	17	151
1	16	150
0	-1	150
1	16	150
3	-1	147
0	15	127
0	36	150
0	-1	150
0	-1	149
0	-1	150
0	14	150
1	9	150
0	17	147
0	12	151
0	-1	150
1	15	100
0	19	151
0	22	150
0	-1	149
0	17	148
2	23	149
1	26	150
1	4	71
0	-1	148
0	12	150
0	-1	148
0	32	150
1	-1	141
0	10	139
0	-1	150
0	-1	140
0	-1	150
0	-1	149
1	-1	150
1	-1	150
0	24	150
0	16	150
0	-1	147
0	15	150
0	-1	151
0	15	145
0	8	150
0	19	149
0	-1	147
0	-1	150
1	17	147
1	-1	150
0	19	113
0	-1	150
0	14	137
0	13	150
1	-1	147
0	23	149
0	-1	150
2	-1	148
0	15	147
1	-1	151
0	22	150
0	15	150
0	20	149
1	20	150
0	16	149
0	-1	147
0	18	142
0	14	150
0	-1	151
0	-1	148
1	-1	150
0	30	134
0	14	149
0	-1	148
0	14	147
0	-1	151
0	15	145
0	13	150
0	-1	150
0	10	150
0	-1	122
0	20	150
0	-1	143
3	21	146
1	9	130
0	10	148
0	33	149
1	-1	151
0	20	151
0	10	151
1	10	148
0	9	150
2	17	150
0	13	150
1	-1	149
1	16	149
0	10	150
0	34	146
0	24	132
0	14	149
0	21	150
1	18	149
1	15	132
0	20	144
1	19	149
0	14	149
0	-1	149
0	-1	150
0	-1	149
0	14	150
1	17	149
0	18	149
0	-1	147
0	12	144
0	20	150
1	-1	151
0	26	147
1	-1	151
1	-1	149
0	14	149
0	15	128
0	12	150
1	-1	137
0	23	150
0	6	150
0	14	104
0	-1	151
0	-1	134
0	-1	148
0	-1	150
0	15	126
1	-1	151
0	-1	150
0	-1	150
0	12	150
1	-1	150
0	10	147
0	9	150
0	19	150
0	15	125
0	26	150
0	-1	150
0	13	150
0	12	150
0	-1	151
0	11	141
0	12	149
0	16	150
0	19	149
0	13	150
0	19	150
0	-1	150
0	22	150
0	30	151
0	35	148
0	-1	150
0	8	151
0	27	150
0	14	144
1	12	150
0	-1	150
0	12	150
2	-1	150
0	-1	150
0	16	144
0	-1	150
0	14	150
2	14	143
0	13	147
0	14	150
1	10	149
1	7	104
0	19	143
0	19	149
1	-1	148
0	17	151
0	-1	147
0	24	151
0	-1	151
1	20	150
1	15	150
1	19	149
0	-1	146
1	11	134
0	12	143
1	-1	151
0	16	108
0	-1	129
1	-1	148
0	-1	146
0	-1	151
2	13	150
1	-1	145
0	25	148
0	-1	122
0	-1	148
0	-1	149
0	32	147
0	16	150
1	10	145
0	15	132
0	17	150
1	-1	149
0	-1	150
0	18	150
2	-1	147
0	8	151
0	18	150
0	12	151
0	16	150
0	-1	147
1	-1	140
0	-1	133
0	7	148
0	8	148
0	35	150
1	15	151
1	10	146
0	21	147
0	-1	150
1	38	150
1	33	150
0	32	150
0	-1	148
0	-1	145
0	14	148
0	20	145
0	15	149
1	16	149
0	23	150
1	-1	149
0	-1	150
0	16	150
0	20	150
1	-1	151
2	19	150
0	-1	138
0	-1	149
0	-1	151
1	-1	145
0	27	150
0	15	149
0	-1	150
0	17	150
1	-1	150
2	39	121
0	32	125
1	20	150
0	15	148
0	-1	150
0	12	149
0	10	147
0	28	149
0	-1	150
0	12	125
1	16	131
0	10	150
2	14	149
0	-1	150
1	-1	150
1	17	150
0	-1	151
2	-1	150
0	18	150
1	21	150
0	19	150
2	15	150
1	29	150
2	20	147
0	-1	143
0	26	144
0	14	150
0	11	125
0	15	150
0	13	145
0	-1	150
0	17	150
0	-1	148
1	-1	149
0	12	150
0	19	150
1	13	150
0	-1	143
0	13	151
0	6	135
0	9	150
0	-1	147
0	16	133
0	14	133
0	15	150
1	13	151
1	17	150
1	-1	150
1	16	143
0	31	148
0	17	150
0	31	150
0	13	150
1	16	150
0	14	148
0	-1	150
0	33	151
0	14	150
0	15	146
0	14	150
1	19	150
0	20	151
0	-1	149
1	13	151
2	-1	151
0	14	151
1	23	151
0	17	145
1	18	122
0	23	150
0	-1	146
0	12	144
0	22	150
0	12	145
0	23	148
1	-1	145
1	-1	150
0	-1	150
0	-1	144
1	-1	150
0	-1	150
0	-1	150
0	24	150
0	-1	142
1	-1	150
2	-1	149
0	16	150
0	16	148
1	-1	150
0	11	148
1	11	150
0	18	150
1	16	150
0	17	150
0	-1	148
1	14	148
0	18	150
0	-1	146
0	-1	151
1	16	134
1	22	150
0	12	148
1	11	150
0	-1	150
1	-1	149
2	17	150
0	15	151
1	-1	146
3	13	139
1	20	151
0	-1	150
0	16	139
0	18	149
0	-1	149
1	15	150
0	-1	147
1	18	148
0	14	150
1	16	142
1	12	139
0	-1	148
0	7	151
0	19	150
0	-1	150
0	23	150
1	13	150
1	-1	151
0	12	139
0	23	149
0	15	150
1	13	148
0	14	147
0	-1	150
0	4	150
0	11	136
1	-1	146
1	21	150
0	-1	150
0	13	148
1	15	150
1	-1	149
1	12	119
24	-1	137
0	20	146
0	14	130
1	-1	150
0	18	150
0	26	151
1	16	150
1	39	150
0	39	151
0	18	148
0	11	146
0	17	150
0	18	150
1	-1	150
0	35	150
0	14	150
0	18	140
1	23	150
1	-1	149
0	16	150
0	-1	148
0	14	151
0	17	151
0	11	150
1	18	151
0	-1	149
0	16	150
0	-1	150
0	-1	146
1	14	128
0	26	147
0	25	149
0	17	150
0	15	148
0	18	149
0	14	139
0	13	150
0	-1	134
2	-1	150
0	16	150
0	17	150
0	20	150
0	12	150
0	-1	150
1	12	150
0	25	146
1	17	150
4	16	150
0	19	150
0	11	121
1	15	121
1	-1	149
0	12	146
1	22	150
2	-1	151
0	-1	150
0	12	150
0	18	148
0	-1	148
0	18	150
0	11	146
0	14	148
2	17	150
0	24	150
1	36	150
1	-1	144
0	-1	149
0	-1	150
1	15	151
0	-1	150
4	-1	151
0	-1	150
1	24	150
1	-1	133
0	16	150
0	7	150
0	-1	128
0	32	150
0	17	147
0	14	150
1	20	150
0	21	149
0	21	149
0	20	150
0	11	149
0	39	146
0	-1	150
0	-1	147
0	-1	151
0	-1	151
0	17	148
0	16	135
0	10	148
1	-1	143
3	-1	149
0	-1	141
0	-1	147
2	16	145
0	23	127
2	34	150
0	15	149
1	-1	147
1	23	150
0	-1	148
0	16	137
0	18	150
1	-1	150
0	-1	142
0	18	151
0	-1	147
0	-1	150
1	12	150
1	-1	150
0	-1	150
0	23	150
0	48	150
0	11	150
0	35	146
0	14	150
0	16	150
0	18	150
2	15	151
0	17	134
1	12	143
0	16	150
1	19	150
0	16	151
0	17	150
0	27	149
0	10	150
0	12	150
0	14	149
1	-1	151
0	17	150
0	18	150
0	10	149
0	18	151
0	-1	151
0	14	147
0	-1	150
0	15	149
1	16	128
1	15	131
1	-1	150
0	-1	150
0	14	145
0	-1	150
0	-1	151
0	-1	149
0	19	148
0	18	146
0	39	150
0	-1	149
0	17	149
1	-1	149
1	-1	148
1	17	147
1	-1	151
0	14	142
0	-1	151
1	10	106
0	-1	150
1	21	151
2	20	151
0	5	148
1	20	151
0	-1	151
0	14	150
0	15	150
0	15	150
1	18	150
0	-1	126
0	20	150
1	-1	151
0	10	150
1	32	149
0	9	150
2	13	141
2	-1	146
0	-1	151
0	18	143
0	19	150
1	-1	143
1	-1	150
0	-1	123
0	-1	148
0	19	143
0	19	151
0	11	150
1	19	147
0	-1	150
1	10	129
0	20	150
1	22	147
1	-1	150
0	14	150
0	13	150
1	-1	149
0	16	150
0	10	128
0	38	149
1	24	150
0	14	150
3	17	149
0	10	151
0	17	148
0	35	146
0	-1	150
0	10	149
0	-1	149
0	18	145
0	-1	150
0	-1	150
0	17	149
1	-1	148
0	15	150
0	22	149
2	-1	146
0	-1	149
1	16	151
1	15	146
0	49	149
0	10	150
0	29	145
1	-1	148
2	22	151
1	18	150
0	-1	151
0	12	121
1	12	148
1	18	151
0	-1	96
0	-1	136
0	-1	147
1	16	127
0	11	150
0	21	148
0	-1	150
2	17	120
0	-1	150
1	-1	148
0	14	139
0	17	148
0	10	146
0	20	150
0	14	149
0	11	151
0	9	151
0	16	140
0	10	129
1	18	151
0	19	150
3	22	150
0	18	147
0	17	150
0	-1	146
1	22	151
1	-1	150
1	-1	145
1	15	151
2	-1	149
0	-1	147
1	13	148
1	13	150
2	-1	149
0	16	151
0	11	101
0	13	150
1	16	149
0	15	129
0	16	150
0	24	144
4	16	146
0	18	150
0	-1	143
1	-1	144
0	22	151
0	-1	150
1	27	149
0	10	146
0	25	150
0	-1	150
0	-1	151
0	17	150
0	17	150
1	24	147
1	-1	149
0	32	149
0	20	150
0	-1	150
0	17	149
1	-1	134
0	-1	150
0	17	151
0	16	151
0	12	149
1	26	149
0	15	151
0	10	150
1	16	149
0	11	133
0	15	150
0	20	148
1	16	148
0	12	149
1	-1	151
0	-1	148
0	8	70
1	17	140
0	-1	122
1	17	151
1	21	148
0	18	151
0	9	151
0	13	143
0	34	149
3	-1	133
1	13	150
1	-1	150
0	-1	148
2	14	150
2	-1	150
0	-1	150
0	16	151
1	-1	150
0	33	148
1	-1	149
0	12	150
0	-1	148
0	13	151
3	14	150
0	14	146
2	20	150
0	13	150
0	20	150
2	25	150
0	11	150
0	15	140
0	-1	146
0	20	150
1	-1	143
1	-1	148
0	14	150
0	-1	150
1	-1	150
0	22	150
0	12	147
1	20	149
1	8	150
2	11	150
1	-1	149
0	23	150
0	16	145
1	39	150
1	-1	150
2	20	150
0	17	150
0	8	150
1	-1	148
0	20	148
0	19	146
0	16	150
0	12	150
0	-1	139
1	30	149
2	20	149
2	-1	139
5	-1	120
1	14	140
1	-1	150
0	-1	132
0	14	138
0	8	147
2	17	149
0	-1	146
2	20	150
1	-1	138
0	30	134
0	18	150
0	13	151
0	19	149
0	14	102
1	-1	148
0	25	150
0	15	151
2	12	150
1	-1	151
0	19	149
0	15	150
1	40	151
1	-1	151
0	-1	150
0	14	149
0	26	149
0	12	150
0	14	146
0	-1	151
0	30	146
0	15	127
2	15	150
0	16	141
1	-1	134
0	-1	151
0	-1	146
0	17	146
1	11	147
0	-1	139
0	19	150
2	23	151
0	15	151
1	-1	139
0	18	126
1	17	148
0	15	150
0	39	150
0	-1	150
0	-1	150
2	-1	150
0	15	143
0	28	150
0	21	150
2	22	132
0	9	149
2	-1	144
3	17	147
0	43	150
34	35	104
32	36	108
1	-1	136
0	9	130
0	11	119
0	-1	149
1	-1	148
0	13	149
2	8	147
1	13	149
0	15	148
1	9	95
1	17	147
2	20	149
0	-1	150
0	19	149
0	20	150
0	-1	150
0	11	100
1	17	151
0	15	150
0	-1	147
0	-1	150
0	-1	150
1	14	150
1	42	151
0	18	150
0	35	150
0	12	150
0	16	150
2	-1	145
0	-1	148
2	17	151
0	5	150
0	-1	150
0	8	144
0	10	114
2	9	70
0	14	127
1	12	142
0	-1	150
0	-1	149
1	-1	149
1	-1	150
1	16	150
2	17	150
0	-1	147
0	43	146
2	-1	150
0	-1	151
2	22	145
0	12	124
0	9	148
1	-1	149
0	28	148
1	11	90
1	7	147
0	14	132
3	-1	149
0	-1	150
0	13	150
1	29	137
0	19	150
1	11	133
1	-1	149
0	22	150
0	19	150
0	39	148
0	19	147
0	-1	150
0	14	150
0	-1	147
1	-1	147
0	21	150
1	-1	150
0	-1	150
1	-1	149
0	11	147
0	-1	150
1	16	151
0	16	150
0	-1	137
1	-1	150
0	-1	148
0	-1	150
1	14	123
0	29	150
2	18	142
0	-1	148
0	13	150
0	-1	147
0	16	149
2	-1	146
0	18	141
3	17	142
0	-1	150
0	10	140
0	21	148
0	-1	148
1	-1	149
0	11	149
0	-1	103
0	19	150
0	18	150
0	10	135
0	-1	149
0	12	150
0	-1	150
0	12	130
0	40	148
0	13	146
1	11	135
0	12	121
0	-1	135
0	-1	150
1	-1	146
2	21	150
0	-1	148
0	18	139
1	7	147
2	18	149
0	18	150
0	15	148
1	-1	151
1	26	147
2	-1	150
0	19	151
0	17	150
0	-1	149
0	-1	146
0	19	150
0	13	143
0	16	150
1	-1	151
0	16	150
0	15	150
0	-1	150
0	15	150
1	10	151
1	-1	150
1	23	151
0	-1	149
0	12	150
1	15	150
0	-1	145
2	16	150
0	19	150
0	-1	150
0	15	151
1	23	150
0	15	148
1	-1	150
1	15	129
1	19	139
1	17	150
0	-1	147
0	29	150
1	-1	149
0	-1	151
0	-1	150
0	10	150
0	14	143
0	-1	150
0	-1	150
0	19	150
0	16	141
0	16	146
0	20	150
2	9	150
0	-1	150
1	-1	151
0	17	151
1	-1	148
0	-1	136
0	19	150
1	39	149
0	-1	149
0	41	150
1	-1	150
0	17	151
0	14	151
1	-1	150
1	17	150
0	-1	150
0	-1	148
0	20	151
1	15	150
0	18	151
0	14	150
0	11	104
1	18	150
1	15	149
0	-1	130
1	10	151
1	37	149
0	10	74
1	-1	150
1	-1	148
0	-1	139
2	16	147
1	18	150
0	-1	149
0	21	147
0	16	142
0	19	143
1	-1	150
0	10	150
0	-1	137
0	18	150
0	-1	146
0	11	147
0	-1	120
0	-1	146
2	-1	127
0	-1	150
0	16	147
0	-1	151
0	-1	151
2	-1	151
1	11	150
0	8	148
1	36	132
1	-1	150
4	27	151
0	14	127
1	-1	150
2	13	150
0	19	149
0	-1	150
0	-1	124
0	20	150
0	13	145
0	15	148
0	-1	151
0	16	150
0	19	150
0	17	149
1	10	94
0	-1	144
0	16	151
0	-1	150
0	11	149
0	10	148
0	-1	150
1	-1	148
0	20	147
0	19	149
0	40	149
0	17	150
1	-1	140
0	-1	148
0	-1	151
2	-1	142
0	13	149
0	-1	146
0	14	150
0	22	150
1	22	149
0	10	141
0	-1	143
0	19	150
1	18	151
0	8	150
0	22	150
0	14	145
0	-1	150
1	-1	146
0	11	124
1	13	150
1	17	150
1	17	150
0	22	143
0	16	143
1	13	150
0	15	150
0	17	150
0	20	151
0	14	150
0	-1	147
1	-1	150
2	16	150
0	20	151
0	17	150
2	-1	151
3	-1	150
0	9	150
0	20	149
0	-1	150
1	-1	151
2	19	145
1	-1	150
0	12	135
0	25	147
0	-1	150
0	16	149
2	-1	146
0	15	150
0	17	145
0	21	150
1	11	147
0	-1	148
0	9	127
1	-1	150
2	-1	143
0	5	149
0	-1	151
1	20	150
0	13	148
0	16	150
0	10	150
0	20	151
0	15	150
0	-1	150
0	-1	150
0	23	149
1	20	148
0	22	150
0	20	133
0	11	150
0	18	147
2	25	148
0	22	151
0	14	150
0	15	143
0	-1	151
0	-1	149
0	15	118
0	13	135
0	-1	143
0	-1	147
0	25	135
0	-1	150
0	13	150
1	18	150
0	-1	131
0	-1	150
0	19	148
0	19	148
0	-1	150
1	18	144
0	-1	150
0	14	145
0	13	150
0	-1	146
1	17	146
0	12	150
0	14	150
1	18	148
1	-1	145
1	-1	147
1	18	150
1	17	148
0	-1	151
0	14	150
2	19	150
2	18	147
0	-1	135
1	-1	151
1	-1	150
0	25	150
0	29	150
0	9	150
0	-1	150
0	16	151
1	-1	150
0	-1	150
0	16	149
0	9	150
0	-1	141
1	12	147
4	-1	150
0	-1	145
1	21	150
1	-1	142
0	-1	149
0	-1	150
0	-1	126
0	13	138
0	28	147
0	14	150
1	18	150
2	15	150
0	16	142
0	-1	139
0	-1	130
0	-1	150
0	-1	146
0	13	150
0	-1	151
2	-1	127
1	-1	146
0	19	149
0	20	147
1	-1	151
0	3	91
0	10	148
0	15	151
0	29	149
0	14	149
0	10	149
1	13	151
0	14	148
0	11	136
0	14	150
1	14	151
0	11	150
0	24	146
0	19	151
0	-1	148
0	-1	150
0	20	150
1	-1	150
0	17	147
1	14	150
1	17	150
4	24	150
0	15	137
0	15	150
0	12	149
0	11	150
0	11	119
0	-1	146
0	13	150
0	10	98
0	14	150
1	-1	150
0	-1	147
0	17	150
0	-1	151
0	15	150
0	-1	149
2	12	136
0	-1	150
0	34	148
1	-1	136
0	-1	149
1	14	150
3	17	150
0	-1	150
0	14	150
0	-1	147
0	-1	150
0	18	147
1	-1	150
0	14	148
0	17	150
0	17	151
0	16	127
0	-1	151
1	19	150
0	18	148
2	14	140
0	17	151
2	-1	131
0	8	150
0	-1	130
0	19	142
2	-1	150
0	15	147
0	20	146
1	22	139
0	12	147
1	15	150
0	20	147
1	21	150
0	18	150
1	14	151
0	26	150
2	19	150
0	17	142
0	-1	145
0	23	142
1	-1	150
0	18	138
1	16	151
0	11	150
0	-1	111
0	-1	145
1	11	149
0	14	150
0	17	150
1	-1	150
2	-1	142
0	11	138
0	27	150
2	-1	151
1	-1	149
0	-1	150
0	12	150
2	25	150
0	17	150
0	15	133
0	18	146
0	13	149
1	-1	149
1	-1	147
2	22	142
1	26	102
0	5	150
1	20	150
1	15	150
1	-1	150
0	19	148
1	19	150
3	18	150
2	17	150
0	-1	150
1	13	146
1	-1	146
0	32	148
0	19	146
0	19	147
0	17	150
0	12	150
0	10	141
0	-1	150
0	16	150
1	12	124
0	16	150
0	33	150
0	16	150
0	18	151
1	11	150
1	9	140
0	20	149
0	31	141
0	-1	151
0	12	147
0	-1	148
0	20	150
0	14	142
0	13	149
0	18	150
1	-1	149
1	-1	149
0	8	147
1	12	150
0	-1	149
0	18	147
0	15	150
0	16	109
1	25	150
0	14	150
2	-1	151
0	-1	150
0	-1	150
0	15	150
0	-1	150
0	19	148
0	28	150
1	19	150
0	6	149
0	20	150
0	20	147
0	11	141
0	16	148
0	16	147
1	33	146
0	13	150
1	12	150
0	14	149
0	13	150
0	16	151
0	19	140
0	-1	148
0	-1	131
0	33	149
1	11	150
1	-1	149
0	15	150
0	28	151
0	14	148
0	-1	149
0	-1	148
0	16	150
1	-1	148
0	14	148
0	22	150
1	11	150
0	11	150
0	17	127
0	20	149
0	12	150
1	17	145
0	20	149
1	21	150
0	-1	150
0	21	149
0	14	150
0	19	151
0	19	150
0	12	130
1	-1	138
0	-1	150
1	-1	150
2	14	143
1	20	150
0	14	150
0	15	150
0	-1	146
0	-1	150
1	26	150
2	-1	150
0	44	149
1	-1	150
1	9	143
0	16	150
1	16	150
0	16	151
0	-1	149
0	16	136
0	18	150
0	15	140
0	13	139
0	14	147
1	18	150
2	20	150
0	17	147
0	15	149
0	19	149
0	8	149
0	20	151
0	15	150
0	-1	147
0	15	151
0	13	149
0	-1	148
0	20	149
0	24	136
0	15	124
1	-1	149
1	14	151
0	14	150
0	19	150
0	17	150
0	14	150
0	15	148
0	22	150
0	15	151
0	21	140
0	-1	148
0	-1	147
0	10	150
1	-1	150
1	-1	150
0	8	150
3	11	150
0	-1	149
0	13	150
0	-1	149
1	32	150
1	-1	135
1	-1	148
0	11	146
0	-1	150
0	15	140
0	15	151
1	-1	149
0	-1	149
0	-1	150
1	-1	151
1	16	151
0	29	126
0	-1	150
0	18	142
0	-1	149
0	-1	150
1	16	149
0	12	150
0	-1	148
1	18	150
1	-1	139
0	28	133
0	17	144
0	9	144
1	13	150
0	22	151
0	17	150
0	-1	151
1	19	131
0	21	150
0	20	149
0	8	145
1	8	136
0	12	143
0	19	151
0	10	148
1	31	138
1	9	150
0	14	150
0	29	148
1	-1	150
0	-1	150
0	-1	150
1	-1	150
0	24	150
0	9	150
0	10	133
0	13	149
0	-1	150
1	12	150
0	14	151
0	-1	148
0	16	150
0	-1	149
0	-1	148
0	-1	151
0	12	150
2	-1	150
0	14	150
0	-1	148
1	20	151
0	13	147
0	18	150
0	41	148
1	-1	149
1	19	150
1	10	148
0	-1	140
1	11	150
3	-1	150
0	-1	150
0	-1	148
1	-1	150
0	-1	126
1	22	150
0	-1	150
0	20	150
0	2	150
0	12	150
0	18	141
2	-1	149
2	23	149
2	23	147
1	22	150
0	-1	140
0	37	150
0	17	150
0	17	150
1	-1	150
0	13	150
1	20	140
1	-1	151
0	10	150
0	15	151
0	16	142
2	16	150
0	16	150
0	16	150
1	-1	150
0	17	147
0	19	150
1	-1	148
0	-1	150
3	19	144
1	21	143
0	8	130
0	20	143
0	-1	149
0	10	150
1	16	150
0	-1	150
0	-1	149
1	10	147
0	-1	150
1	14	147
0	17	150
0	20	150
0	17	150
0	15	145
1	-1	148
0	21	150
1	-1	151
1	-1	150
0	-1	123
0	22	150
3	20	150
0	13	150
0	-1	150
0	-1	147
0	15	133
0	18	151
1	17	151
0	11	150
2	22	148
0	17	150
0	-1	147
1	9	150
0	13	150
0	22	146
0	11	131
1	-1	147
1	-1	150
1	18	150
0	18	150
0	18	125
0	-1	150
0	-1	150
0	22	149
0	-1	150
0	19	147
0	36	150
1	-1	150
0	11	144
0	-1	150
2	-1	150
1	44	148
0	17	146
1	18	150
0	13	143
1	-1	148
1	-1	147
1	19	149
0	13	150
0	-1	149
0	12	115
1	21	150
1	-1	151
0	18	150
0	8	150
0	14	150
0	18	148
1	-1	140
0	16	149
2	14	145
0	-1	111
0	-1	150
1	-1	151
0	22	150
0	-1	150
0	-1	150
1	-1	149
0	18	150
1	-1	148
1	12	148
0	10	148
2	10	150
0	18	150
0	11	150
1	12	138
0	17	138
0	-1	151
0	14	150
1	-1	145
0	11	150
3	16	146
0	21	147
0	14	145
1	18	150
0	18	150
0	11	147
0	19	150
0	21	150
1	-1	151
0	17	149
0	-1	146
1	18	150
2	-1	150
2	8	120
0	15	142
0	26	150
0	-1	150
0	-1	144
0	-1	132
0	-1	146
0	14	150
0	-1	150
1	14	150
0	17	150
1	16	150
0	13	148
0	19	150
1	-1	150
0	12	150
1	12	150
0	-1	137
0	22	151
0	14	150
0	14	150
0	17	150
1	14	150
2	-1	150
0	13	147
0	-1	150
0	12	150
1	-1	150
1	-1	147
0	12	151
0	-1	150
1	-1	141
1	-1	151
0	-1	150
0	15	115
1	23	150
0	-1	150
0	-1	151
0	-1	150
0	15	147
0	-1	151
0	17	149
1	19	150
3	13	131
1	19	150
0	7	146
0	10	150
0	11	137
0	-1	150
2	42	147
0	21	150
0	15	150
1	-1	150
2	-1	149
1	20	151
0	10	150
0	-1	145
1	-1	150
0	-1	150
1	-1	143
0	14	150
0	16	150
1	-1	148
0	25	138
0	15	150
0	28	150
0	19	150
0	19	150
0	-1	135
0	10	73
0	19	149
0	-1	150
1	17	151
0	18	150
0	12	150
1	17	150
0	14	150
0	-1	149
1	13	149
1	-1	132
0	18	150
0	9	150
0	-1	150
0	12	150
0	12	142
0	-1	139
0	-1	150
0	-1	149
0	15	146
2	22	150
1	27	151
0	8	150
0	20	144
0	-1	150
0	-1	150
0	11	150
0	17	150
0	-1	148
2	-1	150
0	-1	150
1	-1	150
0	15	150
0	15	149
0	-1	149
0	15	137
1	22	150
0	-1	148
1	16	141
1	24	150
0	-1	150
0	17	140
1	12	150
1	22	148
0	15	148
0	12	150
1	-1	147
0	-1	137
0	13	151
0	12	139
1	-1	101
0	15	149
0	-1	149
0	-1	149
0	-1	146
0	-1	139
0	18	151
3	32	145
0	11	150
0	8	112
1	16	150
1	21	149
0	12	145
0	13	150
0	15	148
0	23	140
0	16	143
1	24	145
1	14	151
0	-1	149
0	13	150
0	-1	150
1	13	148
0	21	150
1	12	150
0	18	127
0	34	150
0	31	141
0	16	150
0	-1	130
0	12	150
0	23	150
0	21	151
0	18	149
0	15	150
1	12	150
0	-1	151
0	-1	149
0	9	150
0	15	150
0	16	150
3	-1	133
0	15	150
1	15	150
0	21	150
1	27	150
0	25	149
0	-1	150
0	14	150
0	13	138
1	22	150
0	-1	133
1	15	144
1	8	117
0	14	140
0	12	135
2	18	141
1	17	150
0	-1	144
0	12	151
1	-1	150
0	12	149
0	15	133
0	-1	150
0	8	149
0	35	135
0	-1	150
0	23	149
0	31	134
3	19	149
0	11	148
0	15	142
1	14	129
1	18	151
0	33	151
0	27	150
1	17	149
0	-1	150
1	-1	145
1	-1	146
0	16	146
0	14	150
0	14	147
0	18	141
1	16	151
0	19	135
0	19	150
0	11	141
1	36	150
1	15	151
0	28	150
0	7	147
0	-1	149
1	15	145
0	-1	151
1	-1	148
2	-1	150
0	18	150
1	13	150
0	16	147
0	13	150
0	14	150
0	-1	150
1	23	150
1	33	149
1	-1	150
0	16	149
2	20	150
0	15	150
0	-1	143
0	14	143
0	-1	145
0	10	139
0	12	150
0	15	148
0	14	150
1	-1	126
0	12	150
0	21	142
0	14	150
0	15	151
2	19	150
0	15	150
0	8	141
2	-1	150
1	17	145
1	18	149
1	10	147
0	-1	141
0	12	136
0	35	142
1	-1	151
0	12	147
1	-1	149
1	-1	150
0	28	140
1	-1	147
0	15	151
0	18	145
1	-1	149
0	-1	150
0	-1	133
0	16	151
0	40	150
0	-1	105
0	7	147
1	26	147
0	-1	148
1	20	149
0	17	150
0	25	150
0	-1	150
0	43	151
0	22	150
0	-1	147
2	42	150
0	18	150
0	24	147
0	8	150
1	15	150
1	14	144
0	14	150
1	-1	145
1	21	144
0	12	142
1	13	147
1	23	150
0	19	150
1	11	151
0	-1	151
0	-1	150
1	19	150
0	-1	146
0	16	146
0	-1	149
0	18	150
0	6	150
1	-1	151
0	14	149
0	-1	150
0	-1	146
0	19	150
0	24	150
1	24	151
0	-1	151
0	19	150
0	10	150
1	20	148
0	13	148
1	20	150
0	8	147
0	-1	150
0	12	145
4	-1	150
1	-1	150
1	16	150
0	24	142
0	13	151
0	29	150
0	16	145
0	-1	150
0	13	150
0	22	150
0	-1	150
0	22	150
3	-1	149
0	17	151
0	21	146
0	12	124
1	6	146
0	10	144
0	34	147
0	-1	149
1	-1	147
0	19	150
0	14	148
0	12	138
0	-1	132
0	17	149
0	-1	149
1	-1	138
1	19	150
0	15	142
0	41	147
0	13	150
0	-1	150
0	-1	149
0	-1	141
0	22	143
0	18	151
0	39	150
2	15	150
1	13	147
1	17	148
0	-1	147
0	-1	149
0	18	150
1	39	149
0	9	150
1	27	151
0	14	150
0	10	149
0	-1	148
1	-1	150
1	22	145
0	-1	150
1	20	150
0	11	151
0	17	150
0	41	150
0	12	150
1	-1	150
0	15	141
1	-1	150
0	17	150
0	19	150
0	18	150
0	-1	145
0	14	151
0	15	150
0	18	149
1	-1	150
0	-1	149
0	17	150
1	-1	148
0	-1	151
0	-1	144
1	12	148
1	-1	148
0	25	147
0	-1	140
1	23	151
0	-1	129
5	19	149
0	-1	132
0	-1	147
1	13	150
1	13	147
0	12	136
1	17	151
1	13	150
0	13	150
1	-1	150
0	19	148
1	12	146
0	-1	146
0	-1	148
0	12	150
1	-1	150
0	11	150
0	20	150
0	-1	150
0	-1	141
2	15	149
1	-1	150
0	-1	151
0	13	146
0	15	142
0	-1	150
0	9	146
1	13	120
0	-1	150
1	20	149
0	32	150
1	6	118
2	16	147
1	35	148
0	15	149
0	12	150
0	17	150
0	-1	150
0	7	119
0	-1	150
1	-1	150
0	15	140
0	-1	144
0	15	143
1	31	151
1	-1	150
0	16	145
0	-1	147
0	7	104
0	-1	128
0	6	150
0	11	145
0	-1	150
0	12	149
1	-1	150
0	-1	151
2	-1	150
0	19	151
0	26	151
0	15	149
0	12	133
2	-1	151
1	18	148
0	14	150
0	15	129
1	21	151
0	9	143
0	13	143
0	17	150
0	21	150
1	30	151
0	19	138
1	20	147
0	-1	151
0	20	149
0	-1	138
0	21	150
0	-1	150
0	24	149
0	-1	130
1	-1	151
0	20	147
0	42	150
0	17	150
0	12	150
2	-1	150
0	34	149
1	-1	133
0	-1	150
0	21	150
1	-1	150
0	6	150
1	13	149
2	10	145
0	-1	147
1	-1	149
0	16	100
0	11	150
0	-1	136
2	-1	147
0	15	148
0	-1	150
1	-1	150
0	15	148
0	-1	141
0	17	150
1	17	144
1	-1	150
0	24	150
0	-1	150
2	12	150
1	-1	149
2	14	150
0	-1	124
0	20	151
0	14	148
0	-1	147
1	-1	150
0	23	136
0	18	150
2	13	150
2	10	150
0	42	150
1	10	148
2	14	146
0	14	151
1	13	150
2	16	125
0	16	149
1	-1	149
1	-1	145
0	-1	150
1	12	120
1	15	125
1	20	147
0	-1	119
0	-1	150
0	-1	149
1	-1	150
1	18	150
0	-1	151
0	-1	150
0	-1	143
0	-1	150
0	22	150
1	-1	146
0	16	148
0	18	147
0	26	150
0	44	146
1	-1	149
0	20	150
1	16	151
1	17	137
0	-1	150
0	-1	150
0	13	123
0	10	149
0	-1	150
1	14	149
0	19	150
0	35	150
2	32	133
0	14	146
1	-1	151
1	-1	150
0	35	148
0	-1	146
0	-1	150
0	19	151
0	13	150
1	-1	151
0	18	149
0	24	125
0	15	137
0	19	151
0	-1	150
1	14	151
0	10	150
2	15	149
0	18	150
0	15	151
0	18	151
3	-1	138
1	-1	149
0	18	151
0	17	151
1	30	150
2	42	151
0	-1	150
0	16	150
1	-1	150
0	28	151
1	35	150
0	16	149
1	-1	141
1	22	150
1	-1	149
0	13	147
2	13	151
0	24	150
0	13	146
0	20	144
0	28	140
0	9	132
0	17	149
0	21	150
1	18	132
0	12	133
0	-1	147
0	10	150
0	13	145
1	16	146
0	19	117
0	-1	149
0	15	150
0	18	150
0	19	146
0	22	150
2	-1	150
0	20	144
2	-1	149
0	-1	146
0	9	150
2	-1	148
0	-1	150
0	18	149
0	16	151
1	-1	150
0	17	145
0	24	150
0	-1	149
0	19	150
0	-1	151
0	-1	149
3	-1	146
1	18	151
1	17	112
0	-1	149
0	-1	149
1	17	137
0	19	150
0	16	144
3	-1	123
0	19	150
1	10	135
0	16	144
1	9	67
0	19	150
0	19	149
0	30	146
1	-1	151
0	16	149
0	5	148
1	12	149
0	19	128
0	16	130
1	-1	151
0	19	151
1	19	151
1	28	149
0	20	150
0	15	150
0	19	148
0	15	149
1	-1	151
0	23	150
0	13	151
0	11	150
0	15	150
1	-1	147
0	11	150
0	-1	148
0	14	147
2	21	150
0	-1	150
2	9	99
1	19	150
0	10	150
0	-1	150
0	14	146
0	20	151
0	-1	150
0	16	150
0	19	146
0	-1	150
1	19	150
0	23	150
0	5	151
0	15	140
1	-1	151
0	24	145
0	39	148
0	9	149
0	14	143
0	-1	102
0	17	150
1	17	150
1	22	150
1	24	150
0	14	136
0	16	150
0	10	149
0	-1	150
1	19	150
0	-1	138
0	14	144
0	13	149
0	12	150
0	23	150
0	11	150
0	-1	149
0	20	148
1	15	150
0	-1	150
0	13	149
0	-1	150
1	11	150
0	-1	146
1	16	149
0	-1	150
0	16	116
1	23	150
0	12	151
0	-1	148
0	19	151
1	16	150
0	12	149
0	15	145
0	-1	149
0	6	148
0	16	151
0	7	72
1	19	151
2	19	146
1	-1	150
0	32	141
0	11	111
4	-1	149
0	19	143
1	-1	150
0	-1	147
0	19	146
1	18	150
3	19	147
2	-1	149
1	21	150
0	12	148
0	11	121
0	-1	150
1	-1	150
0	18	150
0	16	147
1	-1	150
1	-1	150
0	-1	150
1	12	149
0	-1	142
0	-1	151
1	15	143
0	19	143
0	-1	101
0	-1	112
0	-1	151
2	-1	150
2	16	149
0	-1	149
1	16	150
0	12	150
0	-1	150
1	20	150
0	-1	148
1	-1	151
0	13	146
1	14	151
0	16	150
0	17	140
0	12	127
0	16	150
0	14	149
1	22	131
0	15	150
0	-1	150
2	20	150
0	20	149
1	-1	150
0	11	150
2	20	151
1	-1	141
0	29	150
1	-1	151
1	26	151
0	15	150
0	13	149
0	-1	148
0	16	151
0	15	150
0	-1	150
1	-1	148
0	19	148
0	-1	140
1	20	150
2	-1	146
0	18	150
1	30	144
0	-1	138
1	15	150
0	11	146
2	-1	130
0	16	142
0	12	150
1	-1	150
1	-1	146
0	-1	150
1	27	150
0	38	151
0	-1	150
2	-1	151
0	-1	150
1	30	146
1	-1	150
1	-1	151
0	14	147
0	-1	129
1	13	151
0	28	139
0	11	150
0	14	143
1	-1	151
0	-1	148
0	15	150
1	24	151
0	12	150
0	-1	150
0	11	143
0	6	87
0	8	148
0	-1	150
0	18	150
0	-1	136
0	17	134
0	19	150
0	-1	150
2	14	150
0	18	150
0	-1	150
1	7	134
1	11	150
0	30	144
0	-1	150
0	-1	150
1	20	150
0	17	150
1	20	143
0	18	150
0	-1	145
1	-1	93
0	-1	149
0	13	129
0	17	150
0	16	146
0	14	148
0	-1	148
0	15	150
0	-1	149
0	-1	149
1	12	150
0	-1	70
0	13	147
0	-1	147
0	14	147
0	30	149
0	-1	150
0	16	147
0	14	151
1	-1	149
0	19	150
0	-1	150
0	14	149
1	-1	149
1	-1	145
0	19	146
1	-1	150
1	-1	149
1	39	149
1	-1	150
1	-1	148
0	19	150
0	26	135
0	18	150
0	-1	146
1	19	148
1	18	151
0	-1	151
0	13	150
0	-1	148
1	26	149
1	-1	150
2	16	150
0	18	149
0	6	147
1	25	150
0	20	150
1	-1	150
0	16	145
0	12	151
0	14	148
0	14	115
0	12	150
0	17	144
0	17	150
0	6	103
0	16	147
1	-1	150
0	13	148
0	18	148
0	-1	131
0	18	149
1	24	150
1	-1	149
2	15	151
0	12	150
1	20	149
1	-1	149
1	16	150
0	18	132
0	11	95
1	19	149
0	14	148
0	19	150
0	14	148
1	21	149
0	14	151
1	15	150
0	-1	147
0	-1	148
0	-1	147
0	31	149
1	-1	150
0	-1	150
0	23	149
2	20	146
1	38	149
0	10	146
0	37	150
4	17	147
0	-1	150
1	-1	144
0	19	135
0	9	120
0	18	150
1	-1	151
0	-1	150
1	-1	150
1	-1	147
1	17	133
1	-1	150
0	18	146
0	-1	148
1	17	150
0	12	151
0	15	147
0	-1	149
1	-1	139
0	11	149
2	-1	151
0	18	151
0	20	149
0	23	150
0	25	150
0	-1	149
0	16	151
0	14	150
1	-1	150
1	38	150
0	14	149
0	19	148
0	12	150
0	19	151
1	38	150
0	-1	150
1	22	150
0	20	143
0	23	147
0	16	150
0	21	147
1	13	151
0	-1	150
0	17	141
0	21	148
0	22	150
0	12	124
2	26	137
0	11	151
0	-1	147
1	13	136
0	19	150
0	24	145
7	20	151
0	-1	149
0	-1	149
1	18	147
0	-1	140
0	-1	150
0	15	150
0	12	150
0	23	149
0	-1	150
0	15	150
0	13	136
0	14	150
0	25	139
0	16	151
1	-1	150
0	23	149
0	17	150
0	33	149
2	-1	149
2	-1	150
0	12	145
0	15	151
1	20	150
0	-1	151
1	-1	150
0	-1	149
1	-1	147
1	-1	145
1	15	148
0	15	150
1	22	151
1	27	150
0	10	150
0	-1	145
0	19	130
0	16	145
0	21	150
0	26	150
4	-1	147
0	22	149
0	20	148
2	14	150
0	-1	150
0	20	151
0	15	150
1	19	146
0	18	135
0	12	151
0	22	151
1	-1	134
0	11	150
1	-1	149
0	17	141
0	30	142
0	-1	150
0	8	125
1	10	146
0	-1	150
0	-1	150
0	-1	150
0	12	150
1	16	149
0	-1	150
0	15	151
0	-1	149
0	19	148
1	-1	150
0	-1	150
0	40	138
0	-1	132
0	21	150
1	14	123
0	19	150
0	35	151
1	13	151
0	27	150
3	-1	147
1	16	148
0	13	151
1	20	151
0	-1	150
0	30	150
0	-1	150
0	-1	150
0	-1	150
1	-1	150
0	-1	150
1	-1	149
0	-1	140
1	-1	151
0	10	149
3	-1	137
0	-1	150
0	10	151
0	18	150
0	-1	150
1	31	148
0	13	150
1	34	150
0	22	150
0	11	144
0	10	146
0	13	148
0	-1	150
0	-1	149
1	13	150
1	22	150
0	15	148
0	34	148
1	-1	151
0	15	116
0	16	150
0	-1	150
0	12	149
0	-1	145
0	20	150
0	21	148
0	17	149
0	-1	132
0	-1	149
1	-1	134
0	5	150
0	16	150
0	7	149
0	-1	150
0	14	150
1	-1	151
1	16	149
2	-1	147
0	19	150
0	14	150
1	13	150
0	20	150
2	-1	147
0	19	150
0	16	145
0	6	150
1	35	150
1	-1	147
2	-1	149
0	-1	150
0	-1	151
1	-1	150
0	-1	150
0	15	150
0	11	150
0	5	90
0	10	100
0	18	150
2	20	151
2	18	150
0	-1	149
0	18	150
0	-1	149
1	-1	150
0	11	151
3	18	149
0	18	145
0	-1	147
1	-1	150
0	9	134
0	15	148
0	41	150
1	10	87
2	28	150
1	12	150
0	17	150
0	-1	150
0	14	143
1	-1	149
1	-1	150
0	28	150
0	9	115
0	17	134
1	15	148
1	18	120
0	12	146
0	15	150
0	26	150
1	12	150
1	5	149
2	16	144
0	27	151
1	-1	150
1	9	150
2	19	151
0	23	148
1	15	149
0	21	150
0	16	150
0	13	150
0	11	150
1	-1	150
0	15	149
1	13	140
0	16	150
0	13	123
0	19	150
1	-1	131
0	-1	150
1	18	150
0	14	150
0	18	143
2	30	149
1	-1	139
3	-1	134
1	17	150
0	-1	150
1	13	150
0	-1	144
0	18	150
2	17	150
0	-1	146
1	17	145
1	-1	150
1	-1	150
0	17	150
0	12	144
0	12	150
0	12	151
0	21	150
1	6	91
0	23	149
0	42	150
1	14	148
0	22	150
1	18	120
1	38	149
0	12	146
0	23	150
0	5	124
0	9	148
0	-1	137
1	16	149
0	8	144
1	19	150
1	10	151
0	18	147
0	17	143
1	13	148
0	6	106
1	8	138
0	-1	150
0	-1	141
0	30	150
1	11	150
0	16	150
1	34	145
0	14	146
1	12	151
0	11	150
0	15	151
0	-1	150
0	-1	150
0	16	136
0	5	108
1	14	150
0	17	150
0	9	149
0	-1	150
1	15	149
0	14	150
0	11	125
1	31	149
2	19	150
1	-1	150
1	12	122
0	-1	151
0	19	151
0	-1	145
1	13	150
1	-1	149
0	13	134
2	-1	145
0	18	150
0	13	149
1	-1	138
0	15	149
1	14	146
0	23	150
0	13	130
1	18	150
1	-1	150
0	17	151
1	17	135
1	30	151
0	-1	150
2	22	150
0	-1	150
1	17	150
1	18	150
1	20	147
0	16	150
0	22	149
0	12	129
0	-1	145
1	19	147
0	16	150
1	23	146
0	20	146
1	-1	149
1	15	151
1	17	149
0	13	150
1	17	148
0	19	134
0	19	144
3	22	150
1	-1	151
0	-1	143
0	-1	150
0	17	98
0	-1	143
1	21	148
0	-1	150
0	14	145
1	21	146
0	21	151
0	13	150
0	22	151
0	-1	147
0	9	114
0	13	151
0	17	150
0	15	150
0	18	149
0	7	71
0	19	148
13	23	73
0	18	150
0	-1	150
0	21	128
1	-1	144
2	35	150
0	14	148
1	28	150
0	6	143
1	-1	150
0	9	133
1	-1	150
0	29	150
1	-1	147
3	-1	150
0	-1	89
0	15	150
0	-1	150
1	14	150
0	16	108
0	13	150
1	15	149
1	21	149
0	18	150
1	-1	147
1	19	140
0	12	138
0	25	123
0	-1	149
0	-1	150
2	17	150
1	-1	150
0	18	138
3	-1	143
0	11	143
0	12	149
0	18	151
0	10	138
0	7	132
0	-1	150
2	14	151
1	11	150
1	15	149
0	13	150
0	-1	148
1	-1	151
0	-1	150
2	-1	150
0	-1	150
1	14	150
0	-1	138
0	14	149
0	11	149
1	19	149
0	27	148
0	-1	150
0	14	150
0	-1	134
0	11	149
0	12	126
0	-1	114
1	-1	138
0	-1	149
0	14	146
0	-1	146
0	12	146
0	17	140
1	9	145
1	13	150
2	12	132
1	3	151
0	9	115
0	12	143
0	9	119
1	15	134
51	53	146
0	15	136
0	10	151
1	14	150
1	-1	142
0	8	148
0	14	146
1	-1	150
1	-1	151
0	-1	150
1	-1	144
1	23	149
0	-1	144
0	18	138
0	14	150
0	14	117
0	20	129
1	19	150
0	9	147
1	-1	150
0	14	149
0	8	148
0	13	147
0	17	148
0	16	138
0	11	149
0	13	151
0	16	150
1	-1	149
0	-1	147
1	15	150
1	23	150
0	36	147
0	12	133
1	24	148
0	-1	151
0	15	148
0	-1	148
1	15	145
0	10	149
0	5	120
1	-1	150
0	-1	150
0	21	130
1	-1	149
1	19	150
0	-1	150
0	18	150
0	15	150
0	12	150
2	13	147
1	-1	150
2	25	149
1	18	147
0	12	135
0	15	149
0	21	150
0	10	150
1	19	150
2	12	120
1	-1	151
0	-1	147
0	-1	151
0	-1	149
0	-1	148
0	-1	151
1	29	146
0	16	150
0	29	150
0	-1	149
0	-1	150
0	-1	150
0	7	100
1	17	150
1	-1	151
0	17	150
0	21	150
0	17	150
1	-1	149
0	14	151
0	-1	151
1	-1	139
0	-1	131
0	10	145
0	-1	151
0	15	142
0	-1	147
1	17	145
1	-1	150
0	-1	150
1	24	151
0	-1	149
0	-1	145
1	-1	142
0	20	151
0	25	149
2	-1	149
1	16	150
0	29	140
0	10	144
0	8	77
0	-1	143
0	11	147
0	28	143
0	12	150
0	16	143
2	16	150
0	17	151
0	13	150
1	16	150
0	-1	113
0	12	151
1	13	150
1	9	150
0	20	151
1	10	148
0	13	119
0	11	149
0	-1	134
0	-1	144
0	4	151
0	11	150
0	22	148
0	43	147
34	43	147
0	6	121
1	14	151
0	8	146
1	21	132
0	-1	145
3	-1	130
0	13	148
1	-1	130
0	-1	149
2	-1	151
2	-1	133
1	21	134
1	12	118
1	18	147
0	-1	148
0	26	150
0	9	142
0	11	150
0	-1	144
0	-1	147
0	12	149
0	12	148
0	11	129
0	16	146
1	14	149
0	7	100
1	14	150
1	22	150
0	21	149
0	-1	150
0	-1	127
0	14	147
0	-1	126
0	11	150
0	11	150
1	-1	151
0	38	150
0	13	96
0	12	150
0	21	142
0	15	148
0	16	150
1	21	149
0	17	150
0	-1	150
0	14	150
0	17	120
1	-1	151
0	10	150
4	23	151
0	11	149
0	14	147
0	16	150
0	13	150
0	19	148
0	37	150
0	15	150
1	34	148
0	-1	150
0	16	150
3	11	150
1	19	150
0	7	144
0	24	150
1	12	129
0	19	145
0	-1	150
1	-1	150
0	11	147
0	16	129
1	-1	150
1	18	150
0	-1	151
0	17	150
1	15	150
0	-1	148
0	16	150
0	-1	149
0	18	141
1	-1	149
1	34	151
0	14	150
0	-1	149
1	-1	150
0	9	150
0	-1	151
1	-1	150
0	13	149
0	13	135
0	17	150
0	-1	150
0	6	127
15	18	150
0	22	125
0	13	122
2	28	143
0	15	150
0	13	149
1	-1	123
0	-1	150
1	-1	123
0	15	150
1	-1	133
0	8	121
0	-1	151
0	17	149
0	-1	112
0	11	145
0	13	132
1	-1	151
1	-1	151
0	-1	148
0	20	150
1	-1	103
0	-1	145
0	19	151
47	47	149
0	9	150
0	-1	145
1	14	144
0	-1	150
0	14	150
1	-1	150
1	7	109
0	15	148
0	19	150
0	22	146
0	12	148
0	-1	151
0	-1	145
0	-1	146
1	-1	148
0	17	150
0	5	148
0	-1	122
0	-1	150
1	10	145
0	19	149
0	15	134
0	-1	141
0	-1	150
2	-1	150
0	10	147
0	19	149
1	-1	143
2	15	148
0	-1	150
0	12	151
0	11	146
0	18	150
0	8	150
0	20	150
0	17	142
0	15	150
0	18	150
0	11	125
2	-1	142
0	14	151
1	17	133
0	-1	149
1	19	151
2	11	150
0	-1	149
1	-1	150
0	47	150
0	-1	137
0	12	146
0	-1	147
1	29	151
0	-1	144
0	14	150
1	18	150
1	12	143
0	11	150
0	9	108
0	6	139
0	16	150
0	-1	148
0	17	150
1	-1	150
0	20	150
2	28	150
0	12	149
0	10	138
2	-1	148
1	-1	151
0	19	144
0	-1	145
0	12	144
0	12	151
2	12	127
1	-1	142
0	8	150
1	13	151
1	12	132
2	22	151
0	14	150
1	9	148
0	5	75
0	11	151
1	15	147
0	-1	147
1	11	143
1	11	90
0	14	150
0	11	150
0	12	150
1	-1	148
1	23	150
0	9	150
1	15	129
1	17	150
1	-1	145
0	-1	135
2	28	146
1	-1	150
0	13	149
0	17	148
0	-1	151
0	11	147
1	30	149
0	18	147
0	14	133
0	-1	150
0	-1	149
1	33	150
0	-1	149
0	14	149
0	18	150
8	14	118
0	-1	145
1	17	151
0	10	120
0	-1	149
0	15	144
0	-1	151
0	39	127
0	17	150
0	14	150
0	-1	150
1	18	150
0	21	149
0	23	150
0	-1	148
4	22	147
0	48	149
0	-1	116
0	13	149
0	-1	132
1	25	148
2	-1	121
0	-1	148
0	18	105
0	-1	149
0	16	148
2	-1	113
0	16	150
1	10	151
1	-1	150
0	12	140
0	-1	146
1	20	144
0	-1	151
0	-1	150
1	-1	151
0	37	146
0	15	150
0	16	150
0	-1	150
0	17	150
0	22	149
0	18	150
0	12	138
0	11	146
0	12	151
0	18	141
1	11	149
0	10	121
0	22	150
1	40	148
1	9	150
0	-1	148
0	10	150
0	-1	150
1	10	150
0	-1	147
0	18	150
0	20	150
3	16	149
0	25	150
0	17	149
0	-1	150
0	5	151
0	10	128
1	11	113
1	16	150
3	-1	149
1	24	150
0	17	149
1	-1	148
0	15	148
0	-1	150
0	19	150
0	14	151
0	29	150
1	12	148
1	20	151
1	-1	150
0	28	149
1	-1	148
0	21	150
1	-1	150
0	17	142
0	9	150
2	15	113
1	20	150
0	13	149
0	13	150
0	31	145
2	-1	148
1	18	151
0	12	148
0	18	138
0	21	151
1	-1	148
0	23	150
1	16	150
0	12	98
1	17	150
1	17	149
1	-1	150
0	-1	151
0	-1	149
0	9	111
0	20	149
0	-1	150
0	-1	150
0	7	110
2	-1	146
2	14	151
1	-1	150
0	16	151
1	-1	149
1	-1	150
0	11	150
0	33	146
1	17	150
2	-1	151
0	22	143
0	18	137
0	-1	150
0	16	150
0	-1	145
0	32	150
0	14	109
0	-1	150
1	-1	150
0	9	150
0	-1	151
0	-1	150
0	-1	145
0	17	150
0	32	150
0	-1	150
1	21	150
0	19	147
2	21	150
0	14	149
0	18	136
1	-1	145
0	-1	150
1	-1	150
0	-1	151
0	14	150
0	12	150
0	19	149
2	17	150
0	-1	150
0	18	151
0	25	150
0	-1	149
0	-1	149
0	22	151
0	14	146
0	-1	150
0	15	150
1	14	150
0	25	150
1	38	151
1	-1	145
0	10	146
1	11	150
2	-1	150
2	10	150
2	-1	141
0	-1	148
0	20	151
1	7	150
0	15	150
1	31	148
0	-1	149
1	18	149
0	34	150
0	20	150
0	11	149
2	-1	150
0	-1	150
1	-1	150
0	15	132
0	23	150
0	-1	151
1	-1	150
1	11	149
0	10	145
0	11	147
0	18	147
0	9	150
0	19	146
0	4	110
0	-1	150
2	-1	150
0	16	150
0	14	148
0	23	150
0	23	150
1	-1	150
1	15	150
42	25	128
0	-1	144
2	20	150
0	13	150
0	14	145
0	-1	148
0	-1	150
0	10	131
0	14	149
0	-1	147
0	-1	150
0	-1	142
0	-1	146
0	20	150
0	-1	150
1	15	151
0	18	150
3	34	150
0	15	150
0	16	150
0	18	150
0	11	115
0	-1	146
0	29	150
0	13	150
0	-1	150
1	15	148
2	-1	145
0	15	143
0	16	150
1	-1	150
0	25	150
0	27	151
1	-1	150
0	14	143
0	-1	150
1	-1	151
0	37	150
3	17	148
0	-1	149
1	-1	151
1	21	150
1	-1	150
0	19	148
0	15	138
1	-1	150
1	-1	150
3	-1	146
0	-1	149
2	-1	145
0	-1	150
0	8	149
0	26	148
0	-1	147
0	28	151
0	7	117
0	-1	147
2	30	149
1	-1	150
1	-1	149
0	15	140
0	18	150
0	7	151
2	19	147
0	40	150
0	10	151
0	-1	147
0	13	146
0	15	150
0	-1	151
0	-1	149
1	22	137
0	16	150
1	-1	146
0	34	145
2	-1	151
1	-1	136
1	22	150
0	12	150
0	20	151
0	16	149
0	19	150
1	17	150
0	16	150
1	16	150
2	11	137
0	16	150
0	24	148
1	19	135
0	-1	144
0	14	150
0	15	150
0	20	150
0	-1	147
1	32	150
1	13	150
0	17	151
0	-1	150
1	19	151
0	-1	148
0	9	150
0	-1	150
0	18	150
0	39	151
0	14	150
0	13	151
1	-1	150
0	10	149
2	18	150
0	12	150
0	14	146
0	17	148
0	16	150
0	16	150
0	17	144
0	11	134
0	-1	142
0	12	151
0	-1	137
0	19	150
0	-1	150
0	-1	150
1	11	148
0	34	150
1	11	122
0	16	120
0	19	151
0	15	151
0	-1	148
0	24	150
2	-1	149
0	-1	150
0	-1	150
0	-1	147
0	19	150
0	-1	148
0	-1	146
0	-1	87
0	-1	150
1	-1	146
0	14	151
0	17	151
0	-1	149
0	29	150
1	-1	147
1	16	150
0	-1	138
0	-1	141
1	17	150
0	19	149
0	13	150
0	-1	150
1	21	147
0	13	149
0	14	148
0	-1	144
1	27	148
1	15	143
1	24	150
0	-1	150
1	16	146
0	17	124
0	9	133
1	-1	151
0	15	150
0	15	131
1	-1	140
1	-1	145
0	-1	137
1	-1	144
0	17	150
1	23	150
0	16	150
0	16	137
1	-1	146
0	15	150
0	-1	149
1	-1	150
0	14	150
0	45	151
0	16	151
0	-1	150
0	20	150
0	24	150
0	-1	150
1	14	151
1	45	151
1	8	150
0	9	149
1	-1	130
0	-1	149
0	34	145
1	19	151
1	-1	151
1	16	144
1	42	150
0	23	150
0	10	150
0	-1	150
0	15	132
0	16	149
0	8	64
1	21	150
0	-1	149
0	-1	148
0	17	136
0	-1	148
1	-1	149
1	45	149
0	12	147
1	-1	150
1	-1	149
1	-1	150
0	27	147
1	-1	150
2	12	150
1	36	150
1	-1	138
0	19	151
1	-1	150
0	24	151
0	-1	149
0	-1	127
1	11	150
3	-1	150
0	15	150
1	-1	142
0	-1	139
0	13	150
0	17	150
0	16	131
0	25	151
1	-1	150
0	-1	150
0	-1	119
0	6	149
1	15	147
0	26	150
0	-1	151
0	16	146
0	20	150
0	16	149
0	19	150
1	-1	148
0	20	150
2	19	148
0	16	151
0	12	138
0	15	140
0	17	150
1	-1	150
1	15	148
0	-1	151
0	15	140
0	12	126
0	5	150
0	19	151
0	7	149
1	12	124
0	-1	136
0	15	124
2	-1	147
0	21	150
0	19	150
0	10	151
0	11	151
1	-1	150
0	29	150
0	-1	149
2	15	151
0	10	151
0	15	150
1	20	149
0	-1	126
0	19	150
0	38	150
0	17	147
0	19	139
1	20	151
0	15	123
0	-1	150
2	17	150
0	17	124
0	15	150
0	19	150
1	-1	135
2	11	128
0	-1	150
0	-1	149
1	9	146
0	15	142
0	17	130
0	19	150
1	-1	146
1	15	149
45	54	150
0	17	135
1	9	149
0	-1	151
1	16	150
2	18	151
1	-1	150
0	-1	148
2	15	150
0	11	130
1	-1	150
2	-1	148
0	-1	150
0	7	147
0	22	125
0	13	150
1	-1	150
3	-1	150
1	-1	150
0	19	151
0	11	150
1	10	136
1	19	143
0	18	150
0	19	149
0	33	150
2	8	150
0	-1	138
0	19	150
0	-1	145
0	-1	150
0	-1	150
0	14	150
0	23	150
0	37	150
1	22	150
2	15	150
2	18	151
0	15	150
0	-1	148
0	-1	149
0	9	128
1	-1	149
0	15	146
0	-1	148
0	12	149
0	-1	150
0	-1	149
1	28	147
1	-1	150
0	-1	150
0	-1	150
0	17	150
1	13	151
0	-1	150
0	12	150
0	13	150
0	25	150
0	-1	151
1	18	150
0	-1	150
0	-1	147
0	19	148
0	14	146
1	-1	150
0	17	148
0	13	143
0	14	150
0	-1	144
0	6	139
0	11	149
0	19	151
1	22	151
0	-1	150
0	-1	147
1	-1	146
1	33	149
0	9	124
0	-1	137
2	-1	148
2	-1	148
0	18	150
1	17	149
0	-1	150
1	16	150
0	-1	141
0	14	133
0	-1	126
0	33	148
0	15	151
0	14	125
1	-1	150
0	19	150
0	21	151
1	23	146
0	22	151
0	17	149
1	17	150
0	9	150
0	15	121
0	-1	141
0	9	150
0	15	150
0	-1	150
0	20	150
0	12	147
1	13	150
0	18	147
0	8	150
1	15	148
1	-1	147
0	-1	149
1	-1	150
0	12	150
0	16	150
0	7	150
0	19	150
0	-1	149
1	-1	148
1	23	150
1	-1	150
0	17	143
0	17	148
0	-1	150
1	-1	150
0	14	147
0	11	150
0	16	147
0	11	120
0	30	136
0	10	137
0	17	150
0	15	150
0	11	132
0	18	150
0	18	150
1	11	124
0	-1	147
1	-1	150
0	18	150
0	-1	150
0	-1	151
0	-1	147
0	27	145
0	13	150
1	-1	148
1	13	150
0	-1	151
0	20	148
1	20	137
0	20	150
0	-1	145
0	-1	150
0	11	147
0	16	150
0	14	150
0	-1	146
2	-1	129
0	-1	150
0	21	150
0	18	148
0	15	150
1	31	148
0	-1	141
2	14	150
0	-1	149
1	15	150
0	-1	150
0	16	144
1	24	149
0	-1	151
0	-1	115
0	16	150
1	-1	150
0	-1	150
0	-1	150
0	19	150
0	-1	135
0	12	144
0	16	150
1	-1	150
3	-1	142
0	12	150
1	35	151
0	17	150
0	4	99
1	-1	150
0	-1	150
2	-1	148
0	10	136
1	12	151
0	14	150
1	-1	150
1	23	139
1	12	150
0	23	151
1	16	151
0	-1	146
0	-1	146
0	13	147
0	-1	151
0	11	148
0	8	151
1	-1	149
0	17	150
1	11	73
0	-1	139
2	34	147
1	17	150
0	25	136
0	23	150
0	-1	130
0	18	150
0	-1	131
0	20	150
0	13	150
0	32	134
0	-1	150
0	14	150
0	-1	150
1	-1	150
0	12	150
1	-1	150
0	-1	150
1	16	151
0	18	142
0	-1	150
0	17	151
0	19	150
0	-1	150
1	13	150
6	19	148
0	9	150
1	16	151
1	-1	149
0	-1	151
0	14	150
2	-1	151
1	22	150
0	-1	149
0	-1	135
0	30	149
1	12	132
0	18	150
0	-1	149
0	-1	148
1	-1	150
0	7	150
0	15	147
0	33	150
0	26	151
0	-1	151
0	15	150
0	11	150
0	11	147
0	16	149
0	16	149
1	-1	151
0	-1	151
0	24	150
0	13	150
0	-1	148
0	-1	149
0	21	146
2	19	150
0	14	148
0	-1	150
0	15	94
0	20	151
1	20	148
0	11	150
0	20	139
1	14	144
0	-1	150
0	-1	150
1	18	150
0	17	102
0	-1	146
0	-1	138
0	13	150
1	11	151
1	25	148
3	-1	151
0	14	132
1	-1	147
2	13	143
0	31	151
1	-1	148
0	16	136
0	-1	144
0	7	141
0	33	151
0	9	150
0	11	130
2	-1	149
1	17	148
4	-1	151
2	-1	149
0	10	150
0	-1	150
0	13	149
1	8	144
2	16	147
0	16	150
1	-1	147
0	-1	142
0	-1	146
1	-1	150
1	22	136
1	12	135
0	14	150
0	19	149
25	39	90
1	10	150
0	-1	148
1	17	149
1	23	146
0	18	149
1	-1	150
0	13	150
1	19	150
0	-1	150
0	15	145
0	6	130
0	17	149
0	-1	150
1	-1	150
0	34	145
0	-1	148
3	28	150
3	16	150
0	17	150
1	-1	147
0	-1	149
0	9	127
1	22	150
2	-1	148
0	10	79
0	43	151
0	-1	150
0	12	151
0	15	148
1	28	150
1	16	150
0	-1	141
1	14	144
0	-1	147
0	-1	143
0	18	140
1	18	150
0	18	126
0	15	134
1	18	150
1	-1	148
0	14	150
2	14	144
0	16	139
0	14	150
0	15	150
0	12	151
1	-1	149
1	-1	150
0	16	148
0	11	150
0	21	149
0	10	136
0	-1	149
0	13	150
1	20	150
0	20	150
0	15	150
1	19	150
0	18	151
0	18	145
0	22	148
0	-1	150
0	-1	147
1	24	150
0	8	137
2	-1	148
0	19	146
2	17	151
1	-1	140
0	20	137
0	9	146
0	21	150
0	-1	150
0	-1	150
0	17	150
2	-1	150
0	-1	145
1	-1	150
2	-1	151
0	16	150
0	-1	149
0	25	142
1	14	150
0	10	146
1	16	151
1	-1	145
0	-1	111
0	-1	150
0	-1	147
0	25	149
0	10	150
0	21	150
1	15	146
1	20	150
1	24	149
1	17	147
0	14	150
1	13	149
0	16	149
1	-1	112
0	31	150
1	-1	151
0	41	150
0	12	150
0	15	150
0	17	114
0	-1	147
0	14	148
0	12	150
4	22	151
0	20	150
0	-1	148
0	37	150
0	-1	149
0	12	151
0	-1	149
0	17	150
0	15	150
0	10	107
1	-1	150
0	-1	149
0	13	149
0	21	151
0	-1	141
0	21	149
0	-1	150
1	-1	148
0	19	149
0	-1	150
0	-1	150
0	12	150
0	15	151
0	14	90
1	17	151
2	20	150
0	-1	146
0	12	148
0	22	132
0	21	150
3	19	139
0	12	149
0	-1	150
0	-1	149
2	23	150
0	16	150
1	-1	110
0	13	150
6	-1	150
0	13	148
0	14	138
0	15	149
0	-1	145
0	8	115
0	18	149
0	-1	150
0	14	150
1	10	147
0	17	149
0	16	145
0	-1	150
1	10	150
0	-1	150
1	-1	149
0	18	150
0	-1	139
0	18	150
0	13	148
0	16	151
0	29	150
0	-1	151
1	-1	142
0	23	150
1	-1	117
0	-1	146
0	-1	150
0	12	138
1	-1	150
0	12	150
0	14	150
0	16	150
0	-1	150
1	15	151
0	-1	144
1	-1	150
0	17	149
0	-1	150
1	24	151
0	-1	150
0	-1	148
0	15	147
0	10	151
0	15	149
0	18	150
1	-1	121
0	-1	150
0	9	139
0	12	146
0	13	150
0	11	148
0	21	150
0	-1	149
0	-1	137
0	16	150
0	18	150
1	14	148
1	19	147
1	-1	145
0	13	144
0	-1	148
0	-1	150
0	-1	150
2	25	147
0	8	150
0	-1	131
0	-1	147
0	13	151
1	19	150
0	35	147
0	18	149
1	-1	151
0	14	150
1	19	151
1	17	149
1	16	146
1	13	144
1	-1	145
0	13	113
0	13	150
0	16	150
0	9	109
1	32	150
0	-1	143
0	17	144
0	13	149
0	16	150
0	18	150
0	11	141
0	7	100
1	21	136
1	-1	150
2	-1	115
1	15	150
0	-1	150
0	10	150
1	-1	149
0	15	150
1	-1	150
0	17	149
1	20	135
2	14	150
0	-1	150
0	11	148
0	19	148
0	-1	150
0	22	150
0	9	148
0	20	151
1	24	116
12	-1	63
0	-1	150
0	12	150
0	10	147
1	18	150
0	-1	145
0	14	149
0	18	150
1	-1	148
1	-1	150
0	20	151
0	40	150
0	35	149
0	19	146
1	-1	150
0	-1	144
0	14	150
0	25	150
0	21	150
0	15	151
0	-1	150
1	11	130
0	22	149
0	13	117
0	15	130
1	-1	145
1	15	140
0	-1	151
1	15	148
0	15	150
0	-1	150
0	12	150
0	23	150
1	10	151
0	17	150
0	-1	144
0	6	73
1	15	149
0	-1	148
2	-1	142
1	-1	150
1	-1	146
0	-1	147
0	37	149
0	17	149
0	16	147
2	17	150
0	12	146
0	-1	150
0	14	147
0	-1	149
0	22	150
0	15	150
1	-1	150
1	35	151
1	10	148
0	18	141
1	-1	150
0	-1	151
0	-1	148
0	9	150
1	-1	129
0	12	149
0	8	149
3	10	78
1	16	148
1	13	150
0	32	145
1	-1	150
1	-1	151
1	10	150
0	18	150
0	17	128
0	17	151
1	-1	150
0	-1	150
1	17	97
1	15	151
0	17	149
0	11	141
0	-1	150
0	-1	146
0	21	146
0	16	141
0	21	149
1	17	149
0	13	151
0	15	150
0	-1	150
0	-1	151
0	17	150
0	-1	145
0	-1	151
1	-1	150
1	14	150
1	20	150
1	-1	150
0	-1	142
0	10	150
1	10	150
1	-1	133
0	15	147
2	19	149
0	-1	150
0	-1	119
0	-1	136
0	22	150
1	19	150
0	13	150
0	-1	147
1	-1	149
1	19	149
1	20	150
1	-1	149
0	17	150
0	15	151
0	-1	150
0	18	151
0	16	150
2	21	150
0	-1	151
1	-1	121
1	-1	151
1	18	151
1	-1	149
0	16	141
0	-1	144
0	22	146
0	-1	150
0	19	151
0	-1	147
0	18	151
0	-1	148
0	-1	148
0	20	150
0	-1	150
1	29	150
0	-1	151
0	-1	137
1	-1	147
0	10	150
0	18	123
0	17	150
0	-1	150
1	-1	141
0	11	150
1	-1	147
0	14	150
0	23	150
0	-1	143
0	10	148
2	14	150
1	13	148
0	21	140
0	15	147
0	11	150
0	15	150
1	21	150
0	12	150
0	-1	150
0	13	150
1	-1	150
1	19	148
0	-1	150
0	12	108
0	15	151
0	-1	150
0	16	149
1	-1	150
0	28	150
0	26	150
1	28	148
0	-1	151
1	-1	150
1	-1	151
0	17	147
1	-1	149
1	13	140
0	-1	132
0	-1	132
1	-1	151
1	-1	150
0	13	150
0	-1	150
0	13	144
0	-1	150
0	40	151
1	-1	148
0	38	151
1	17	150
1	-1	150
0	20	150
1	17	150
0	16	150
0	-1	149
0	-1	150
0	19	150
0	32	150
0	11	150
0	14	147
0	12	149
1	-1	139
0	37	150
0	11	150
0	12	149
0	22	150
1	16	131
2	41	144
0	30	148
0	12	145
0	-1	147
0	18	145
1	-1	147
2	-1	143
0	15	151
1	-1	149
0	18	151
0	24	150
0	12	150
1	-1	110
0	17	141
1	-1	150
1	-1	150
1	14	150
1	25	150
1	12	150
2	-1	150
0	-1	150
0	13	150
0	7	148
0	11	146
0	24	150
0	-1	148
1	-1	110
1	17	147
1	10	150
0	-1	150
0	21	150
0	9	151
1	15	151
0	12	114
0	-1	134
0	21	150
0	4	150
1	18	151
0	31	141
0	20	143
0	18	150
0	18	149
1	21	150
0	21	143
0	-1	150
0	19	150
0	16	150
0	-1	150
0	15	150
0	22	150
1	-1	151
1	23	150
0	13	142
0	-1	148
1	-1	150
0	12	145
0	10	149
0	-1	150
0	-1	146
0	-1	140
0	21	150
1	-1	144
1	12	150
1	25	146
1	8	82
0	18	149
0	-1	144
0	20	146
2	21	150
0	15	149
0	-1	151
1	-1	150
0	16	145
0	16	151
0	-1	149
0	10	138
0	-1	149
0	9	138
1	-1	150
0	14	140
0	26	150
0	21	150
0	-1	136
0	-1	142
0	16	149
1	-1	150
1	14	149
0	-1	150
0	17	149
0	-1	150
0	20	146
0	8	150
1	-1	149
0	-1	150
1	26	139
0	-1	150
0	41	145
0	13	150
1	13	145
0	20	150
2	-1	141
0	13	150
0	-1	149
0	11	150
0	14	148
1	27	146
0	15	132
0	15	151
0	-1	150
0	22	146
0	-1	146
0	15	150
0	27	141
0	17	150
0	-1	143
0	-1	150
0	15	150
0	35	150
0	-1	149
0	-1	150
0	26	149
1	14	150
0	-1	150
0	13	150
0	-1	149
0	-1	147
0	22	150
0	21	148
0	11	151
0	15	122
0	37	150
0	36	147
0	19	146
0	19	144
0	12	147
1	-1	151
1	16	150
2	-1	148
0	21	150
0	21	149
0	-1	148
0	-1	150
0	-1	150
0	16	132
0	15	149
0	13	126
0	9	150
0	17	151
1	14	150
0	9	149
0	14	150
0	-1	150
0	-1	150
0	33	146
0	22	150
0	-1	149
1	-1	151
1	9	135
0	-1	151
0	-1	136
1	-1	150
0	12	149
1	16	150
0	29	150
0	-1	150
1	23	150
0	21	150
0	-1	150
0	16	150
1	18	147
0	11	148
0	18	147
0	-1	151
0	11	150
0	17	137
0	-1	147
0	-1	150
0	19	150
0	35	150
0	14	150
0	18	150
0	-1	131
0	-1	151
0	20	145
0	-1	135
1	19	149
0	18	150
0	16	140
0	-1	151
0	10	150
0	14	150
0	25	150
1	15	150
0	-1	150
1	40	150
0	9	145
0	11	150
0	20	149
0	-1	149
1	18	146
0	17	145
0	9	150
0	12	146
0	16	126
0	22	149
0	-1	149
0	12	150
0	16	150
1	-1	150
0	-1	145
0	13	149
0	14	147
0	-1	150
0	15	150
1	21	151
0	-1	148
0	16	151
1	-1	150
1	-1	148
0	10	144
0	35	147
1	37	147
0	-1	149
1	15	148
0	-1	150
0	12	150
0	19	146
0	-1	140
1	16	151
2	12	150
0	16	131
0	-1	151
1	-1	150
2	-1	150
0	37	150
0	-1	150
0	-1	148
1	19	150
0	11	150
0	24	150
0	-1	150
0	15	149
0	40	148
0	25	150
0	33	150
0	-1	143
0	14	150
0	33	149
0	8	146
0	18	140
0	21	148
0	-1	145
0	16	151
0	12	143
1	27	150
0	42	146
1	-1	151
0	15	138
2	15	150
0	12	150
1	-1	150
0	13	147
0	19	147
1	11	147
1	9	150
0	19	143
1	15	151
0	-1	150
0	13	150
1	-1	146
0	12	146
1	18	149
0	12	149
0	16	150
1	-1	147
1	-1	147
0	18	149
1	-1	149
0	11	150
0	24	151
0	29	149
0	19	149
0	13	150
0	18	149
0	14	137
0	14	146
0	10	135
0	-1	143
0	-1	139
1	19	150
0	13	150
1	32	150
0	15	149
0	-1	151
0	16	148
0	-1	150
1	19	147
0	16	129
0	9	133
0	30	141
1	-1	150
1	13	146
1	-1	151
0	16	150
1	12	150
1	30	149
1	19	150
1	19	150
0	-1	149
0	15	135
0	18	150
2	-1	150
0	-1	150
0	-1	150
0	24	146
0	19	150
0	18	149
1	13	149
1	18	150
2	18	150
0	11	150
0	-1	147
0	13	150
0	-1	150
0	21	151
0	-1	136
0	15	150
0	-1	149
1	-1	147
0	23	150
0	-1	150
1	-1	150
1	-1	149
0	-1	151
0	13	150
0	12	112
1	22	150
0	16	138
0	17	150
1	15	151
0	25	139
0	36	145
0	20	150
0	-1	147
0	-1	150
1	14	135
0	-1	146
0	17	151
0	13	114
0	12	150
1	16	150
0	18	71
0	14	139
2	10	150
0	-1	150
0	-1	150
1	17	149
0	23	148
0	-1	150
0	-1	150
1	17	145
0	-1	150
0	22	150
0	17	145
1	-1	150
2	-1	140
0	-1	147
0	12	150
1	21	150
0	17	151
0	-1	151
1	12	150
0	15	143
2	23	150
0	18	150
1	15	149
0	8	74
1	15	150
0	18	128
0	13	145
1	15	128
1	38	150
0	19	150
0	12	129
0	17	150
1	15	150
0	36	150
0	8	91
0	11	151
1	-1	146
0	-1	144
0	23	149
0	-1	145
2	20	151
0	17	150
0	-1	151
1	6	121
0	16	150
1	-1	144
1	-1	150
0	-1	150
1	-1	150
0	26	151
1	19	150
0	-1	148
1	-1	149
0	-1	151
0	9	149
2	-1	140
1	-1	150
1	-1	146
0	17	150
0	13	108
0	16	148
0	18	139
0	7	144
0	-1	128
0	14	151
0	12	151
0	14	151
0	-1	149
0	17	150
2	13	145
1	-1	150
0	12	150
1	-1	150
1	18	150
0	10	144
0	23	150
0	16	148
0	-1	150
0	17	149
0	-1	150
0	17	150
0	16	150
2	-1	150
1	18	148
0	37	144
1	-1	141
0	-1	150
1	-1	150
1	16	151
0	12	148
1	-1	150
0	-1	150
0	16	150
2	-1	150
0	16	150
2	16	150
0	13	150
0	-1	150
0	14	147
1	-1	150
0	-1	145
1	-1	150
0	-1	151
0	15	150
1	20	150
0	16	149
1	16	150
2	22	149
0	13	150
1	12	146
0	13	149
1	40	151
1	-1	149
0	13	134
0	8	149
0	12	146
1	35	147
5	24	150
0	-1	148
0	13	150
0	11	149
0	14	150
0	8	150
0	-1	138
0	-1	147
0	-1	150
0	-1	151
0	8	151
0	-1	150
0	-1	149
1	25	146
0	15	151
1	23	133
1	8	141
0	-1	150
0	-1	150
1	-1	150
1	-1	150
0	-1	147
1	-1	148
0	12	150
1	-1	123
1	-1	146
0	20	142
0	-1	150
0	13	129
0	21	148
1	-1	148
0	13	66
0	15	147
0	17	147
0	7	99
0	11	127
0	34	145
2	14	149
1	23	151
1	15	147
0	-1	150
1	19	150
1	-1	150
0	13	128
0	13	143
0	-1	148
0	-1	146
0	13	148
0	-1	151
0	13	150
1	-1	148
0	16	147
1	17	150
1	23	150
0	18	150
0	17	150
0	20	147
0	26	149
0	15	150
0	14	150
0	-1	150
0	-1	149
1	23	150
0	-1	140
0	11	141
0	-1	150
1	18	150
0	14	130
1	-1	150
0	20	149
0	28	150
2	18	141
0	13	150
2	9	151
1	21	149
0	12	151
0	-1	149
0	20	150
0	-1	144
0	16	151
2	-1	151
0	-1	150
0	-1	150
0	15	150
0	10	148
1	-1	151
1	12	150
0	17	122
0	-1	147
0	-1	150
1	-1	150
0	16	151
0	17	150
0	-1	150
1	13	73
0	12	149
1	12	118
2	-1	149
1	20	150
2	-1	147
0	17	151
0	22	146
0	16	150
0	18	150
1	22	149
1	-1	148
1	32	150
0	37	150
0	11	149
1	-1	146
1	26	151
0	14	150
0	18	144
0	-1	136
0	12	136
0	-1	148
0	31	149
1	25	150
0	8	151
0	-1	143
1	-1	148
0	-1	122
0	15	130
0	-1	149
0	13	150
1	-1	139
0	16	150
0	19	150
0	10	147
0	12	115
0	-1	151
2	-1	147
0	11	151
0	37	151
2	-1	151
0	16	148
0	12	151
0	17	151
0	12	89
0	9	116
0	14	150
0	14	127
0	-1	149
0	17	150
0	13	149
1	-1	150
1	41	150
0	17	148
0	19	150
0	24	146
0	23	150
5	16	149
1	-1	143
0	-1	151
1	12	146
2	25	151
0	11	141
1	-1	149
0	5	134
1	32	122
0	-1	127
1	-1	148
0	-1	149
0	19	149
0	-1	150
0	20	150
0	18	150
0	17	150
0	9	142
2	22	141
1	15	150
0	37	150
0	-1	137
0	-1	150
0	26	150
1	-1	150
0	19	150
0	-1	126
0	18	150
1	15	115
0	18	150
0	11	150
1	14	151
1	-1	150
0	17	132
0	24	150
0	13	151
0	15	142
0	22	150
0	5	149
0	-1	149
2	13	151
0	17	151
0	-1	149
0	14	148
1	14	145
0	13	150
0	14	150
1	24	150
1	-1	150
0	-1	151
0	11	147
0	14	149
1	-1	150
1	27	151
0	11	151
1	-1	150
1	22	150
0	13	147
0	23	149
0	15	149
0	18	150
0	-1	150
0	18	150
1	17	129
1	22	126
1	-1	145
1	-1	149
0	-1	149
0	-1	150
0	-1	150
0	17	142
0	12	151
0	16	151
1	-1	150
0	-1	151
0	-1	150
1	21	151
0	-1	150
0	-1	148
0	13	151
0	11	150
0	-1	151
1	15	149
0	-1	150
0	-1	132
0	9	140
2	14	141
0	12	145
1	-1	150
0	21	150
0	-1	149
0	13	136
1	19	150
1	-1	151
0	16	150
0	16	128
1	18	151
1	16	150
0	6	115
0	16	148
0	4	150
0	13	147
0	19	150
3	-1	150
1	-1	151
0	-1	150
0	31	150
0	-1	127
0	-1	149
0	12	144
0	-1	149
2	43	146
0	17	150
2	15	104
1	-1	141
0	18	150
0	-1	87
0	22	150
1	-1	148
0	13	150
0	17	148
0	-1	149
0	21	150
0	-1	149
0	-1	146
0	24	144
1	-1	147
0	15	150
2	-1	148
0	15	150
1	18	150
1	20	133
0	-1	150
33	-1	147
0	13	146
0	15	150
0	-1	146
0	-1	150
1	42	150
0	-1	150
3	21	150
0	18	151
1	27	151
0	12	150
0	8	113
1	27	150
1	21	149
0	16	149
0	-1	149
0	-1	150
0	-1	147
1	16	143
0	29	151
0	19	150
0	9	124
0	20	150
0	14	148
0	17	150
1	6	150
0	16	125
1	-1	149
0	15	150
0	-1	150
0	-1	148
0	25	147
1	-1	82
0	18	150
1	40	150
1	38	150
0	22	150
0	21	147
1	16	133
1	-1	150
0	20	149
1	-1	150
2	-1	149
0	15	148
0	17	149
0	21	150
0	19	150
0	-1	148
1	-1	149
1	4	80
0	-1	150
0	-1	150
0	11	150
0	10	150
1	24	150
0	-1	131
0	37	151
0	-1	137
0	14	146
1	12	150
0	10	151
0	-1	150
0	12	149
1	19	150
1	39	150
0	-1	140
0	19	151
0	13	139
0	13	148
0	22	149
1	-1	150
0	-1	146
0	17	151
0	-1	140
0	18	150
1	20	150
0	11	128
0	-1	151
0	19	128
0	19	149
1	26	149
0	11	150
0	20	150
0	21	150
1	-1	150
0	15	148
0	21	151
1	-1	149
0	12	150
0	-1	147
1	18	142
0	-1	151
0	19	150
0	12	150
1	19	139
0	38	151
1	-1	148
0	45	141
0	9	136
1	13	150
0	13	150
0	32	143
0	20	147
0	18	150
0	27	147
2	15	150
0	15	126
1	20	150
1	-1	150
3	12	144
0	-1	150
0	-1	151
0	19	150
0	-1	151
0	15	151
0	29	150
0	-1	151
0	12	150
0	11	148
0	20	150
1	11	151
0	11	150
0	11	150
0	47	150
0	13	150
0	11	151
1	-1	149
0	17	150
0	14	149
0	10	150
0	-1	150
1	17	150
0	17	150
0	-1	150
0	20	150
0	10	149
1	18	150
1	17	148
0	13	149
0	-1	145
0	12	150
0	13	151
0	-1	151
0	40	141
2	32	150
0	18	151
0	18	141
1	15	151
0	14	150
0	-1	149
0	-1	151
0	12	146
1	-1	150
0	20	151
1	-1	150
1	-1	150
1	-1	150
1	14	149
1	-1	151
2	-1	140
0	18	150
1	-1	150
0	7	131
1	-1	148
0	-1	150
1	13	148
0	17	145
0	29	142
0	13	146
0	12	147
0	10	151
0	15	147
0	-1	148
0	-1	151
0	13	149
1	-1	145
0	-1	130
0	-1	147
1	-1	150
0	-1	137
0	22	150
0	21	150
0	17	151
0	-1	147
1	-1	151
0	10	147
0	-1	150
0	-1	146
0	23	150
1	40	150
0	33	149
0	-1	148
1	-1	149
0	-1	147
1	17	148
0	9	119
1	25	150
0	18	139
0	14	135
2	21	147
1	14	148
0	-1	149
0	-1	150
0	-1	150
0	16	150
0	21	149
1	19	146
2	-1	150
1	19	148
0	21	150
0	-1	149
0	-1	151
1	-1	150
0	15	144
0	22	150
3	12	150
0	21	150
0	11	149
0	13	146
0	11	145
0	-1	149
1	-1	150
0	-1	150
1	-1	148
1	-1	150
2	14	148
0	12	151
0	-1	143
0	13	143
0	11	150
0	14	150
0	13	122
1	18	142
0	19	149
0	19	149
1	18	150
0	-1	149
0	21	150
0	16	150
0	12	150
1	-1	150
1	-1	138
0	10	150
1	6	77
1	19	150
1	16	150
1	19	150
0	21	146
0	23	149
0	18	147
0	10	151
0	17	140
1	30	149
1	-1	151
1	-1	148
0	-1	151
0	12	151
1	17	151
1	14	150
0	-1	150
0	-1	150
2	-1	148
0	24	150
1	-1	107
0	13	148
0	9	149
2	-1	147
0	-1	150
0	-1	150
0	12	150
1	-1	150
0	18	147
0	17	150
0	20	147
0	15	146
0	15	150
0	9	150
0	-1	150
1	17	150
0	20	148
0	15	150
0	9	150
0	9	150
1	-1	151
0	17	151
0	11	150
0	9	149
0	14	149
0	15	150
1	-1	149
0	-1	145
0	-1	151
0	12	148
0	16	128
1	14	150
0	17	150
0	-1	150
0	-1	136
0	14	149
0	-1	148
1	15	150
1	-1	151
0	28	150
1	18	147
0	-1	147
0	13	148
0	9	68
1	15	150
0	17	150
3	-1	148
0	14	145
0	-1	150
0	-1	150
0	13	150
1	-1	137
0	15	147
1	16	146
0	32	151
1	-1	149
1	23	150
1	-1	117
0	17	151
0	-1	150
0	-1	147
0	-1	150
2	27	145
2	-1	133
0	-1	150
1	-1	149
1	-1	150
0	-1	139
0	35	151
0	-1	144
0	-1	150
0	14	150
0	26	150
1	-1	150
0	12	150
0	18	147
1	11	151
0	13	140
0	12	151
0	-1	144
0	8	135
0	20	150
0	13	151
0	15	150
1	16	150
0	19	150
0	28	146
0	-1	150
0	20	140
0	22	150
2	-1	151
0	-1	149
0	16	149
1	-1	150
0	24	151
0	-1	146
0	21	150
1	18	150
0	-1	144
0	14	142
0	19	149
0	17	150
0	10	150
1	20	150
1	11	150
0	20	149
0	11	149
0	15	145
0	14	150
0	11	150
1	-1	150
0	14	149
0	19	131
1	14	151
0	12	149
0	11	130
0	-1	146
0	14	150
0	-1	148
1	-1	139
0	-1	150
0	-1	150
0	-1	140
0	11	148
0	20	147
0	9	150
0	18	150
0	-1	151
0	16	150
1	17	147
2	16	150
0	31	150
1	19	143
0	33	147
0	8	150
0	15	151
0	16	150
1	-1	150
1	-1	150
0	-1	145
0	12	150
0	-1	150
1	-1	150
1	16	146
0	25	150
0	23	150
1	19	145
0	-1	151
0	15	138
1	14	150
0	-1	148
0	-1	150
0	39	140
0	19	150
1	17	149
0	18	150
1	13	150
0	-1	145
0	-1	150
0	-1	151
0	-1	150
1	-1	150
0	4	100
0	14	143
0	12	150
0	14	109
0	20	148
1	-1	150
0	12	144
0	18	146
1	11	123
0	-1	150
0	21	148
0	35	149
0	17	150
0	16	148
1	-1	150
1	-1	150
0	-1	147
1	-1	150
0	-1	151
0	-1	148
0	14	146
1	-1	141
0	37	146
1	-1	150
0	-1	149
0	16	150
1	20	150
0	9	144
0	-1	150
2	18	150
0	-1	150
1	-1	151
1	20	150
3	15	148
0	-1	149
0	22	151
1	-1	149
0	14	104
0	-1	150
1	-1	150
1	20	151
0	8	142
2	30	150
0	-1	150
1	26	150
1	19	149
0	-1	149
0	-1	150
3	-1	149
0	9	137
0	15	137
0	18	150
1	-1	149
0	-1	148
0	15	150
0	17	150
1	-1	150
0	5	149
0	8	133
1	-1	129
0	17	149
1	14	150
0	24	150
1	-1	150
1	15	148
0	15	149
0	15	148
0	12	147
1	-1	115
0	17	150
1	-1	150
0	7	131
1	28	130
0	-1	149
1	6	150
1	-1	150
0	-1	150
0	18	141
0	18	150
0	16	150
1	7	148
0	22	150
1	14	150
1	21	150
0	-1	148
0	18	150
1	12	150
0	20	151
1	-1	151
1	-1	139
0	20	150
1	-1	149
0	-1	150
0	-1	150
0	-1	150
0	31	150
1	23	146
0	-1	143
1	13	149
1	17	148
0	13	145
2	15	148
0	14	146
0	20	151
1	13	150
0	13	147
1	32	150
0	12	150
0	-1	150
0	-1	149
0	11	142
0	14	151
1	-1	150
0	-1	148
0	9	144
0	13	150
0	10	150
1	-1	150
0	-1	150
1	-1	146
1	-1	146
1	-1	130
0	-1	147
0	31	134
0	16	150
1	17	148
0	11	149
0	13	150
0	-1	147
0	22	146
0	19	150
0	-1	150
1	20	150
0	-1	150
0	19	146
0	-1	150
0	10	150
0	15	150
0	24	151
4	-1	150
0	-1	151
0	-1	150
0	18	142
0	-1	150
1	-1	135
0	-1	147
0	16	147
0	14	146
0	19	150
1	-1	150
0	18	150
1	14	150
1	-1	150
0	29	150
0	6	145
0	11	150
2	10	93
0	31	149
0	22	150
1	-1	151
1	-1	150
1	15	147
0	-1	134
5	14	149
0	13	150
0	18	147
1	19	149
0	13	135
0	-1	145
0	-1	149
0	-1	146
0	15	148
0	-1	149
2	17	150
1	22	150
1	16	150
0	15	150
0	14	73
0	21	150
0	-1	148
0	24	135
0	13	148
0	23	149
0	-1	150
0	16	149
1	-1	114
0	-1	145
0	12	150
1	-1	148
0	-1	135
1	39	146
0	18	150
0	16	151
0	25	146
0	9	120
0	-1	150
0	-1	139
1	13	143
2	19	150
0	-1	149
0	5	148
0	19	150
0	16	150
0	-1	145
1	23	149
2	19	150
1	-1	139
0	-1	150
1	-1	149
0	14	150
0	-1	147
1	-1	150
2	20	150
0	15	132
0	16	142
0	16	150
0	15	150
0	16	150
1	15	150
0	13	147
0	-1	150
2	35	145
1	13	140
0	-1	109
0	-1	117
0	20	150
1	-1	147
0	-1	150
0	13	146
0	9	135
0	34	150
1	-1	150
0	24	151
0	-1	147
1	35	150
0	15	148
1	15	149
0	-1	149
0	19	151
1	32	150
0	21	141
0	-1	148
2	-1	151
0	20	150
6	27	149
0	-1	149
0	14	150
0	12	149
0	16	150
0	36	150
0	12	150
0	39	146
2	-1	150
0	-1	150
0	33	146
1	-1	150
1	17	131
2	9	150
1	-1	150
0	-1	148
0	-1	148
0	21	150
0	14	150
0	19	150
0	17	149
1	9	150
0	11	137
0	11	126
0	-1	150
0	-1	150
1	-1	147
0	17	149
1	-1	150
1	-1	149
0	-1	150
0	38	149
0	14	150
0	-1	150
1	14	145
1	-1	151
0	-1	149
0	-1	150
0	40	138
1	16	150
0	10	150
0	14	146
0	10	149
0	17	142
0	20	149
0	17	148
1	16	149
0	-1	136
0	35	150
1	20	149
0	-1	150
1	9	151
1	-1	146
1	-1	150
0	15	150
0	17	150
0	22	148
0	9	150
0	-1	148
1	14	146
0	-1	150
1	-1	139
2	12	141
0	-1	148
1	37	150
0	17	150
0	13	142
0	-1	147
0	15	147
0	12	150
1	17	147
1	18	150
0	9	150
0	22	139
0	22	148
1	13	147
0	12	150
0	-1	142
8	25	151
0	8	151
0	11	143
0	16	149
0	-1	149
1	11	150
0	6	146
0	20	151
1	19	150
0	-1	149
1	-1	147
2	-1	148
0	30	131
1	12	147
0	-1	141
0	-1	150
1	20	150
1	24	148
0	18	150
0	-1	145
0	19	140
1	-1	145
0	21	151
0	-1	150
1	-1	125
0	-1	150
0	-1	146
0	19	148
0	-1	150
0	17	150
0	28	150
0	14	136
0	28	150
0	18	150
0	33	151
1	35	150
0	13	150
0	14	146
1	17	149
0	19	150
0	15	142
0	11	150
1	19	150
0	-1	134
0	23	149
0	15	150
0	19	147
0	-1	151
0	16	150
0	12	148
1	-1	149
0	12	150
0	21	147
4	27	148
0	18	143
0	25	149
0	18	146
0	14	150
0	17	150
0	-1	147
1	14	149
1	16	149
0	-1	148
0	19	150
0	26	150
0	28	143
1	18	151
0	10	150
0	-1	148
0	16	151
0	-1	151
0	19	150
0	-1	150
1	20	151
0	19	150
1	42	149
1	23	148
1	-1	131
0	8	150
0	6	150
1	-1	148
0	17	150
1	18	150
0	12	151
0	22	150
0	16	147
1	14	148
2	-1	150
0	14	150
1	18	150
0	38	149
1	-1	150
4	-1	132
0	18	134
1	-1	150
1	-1	147
0	17	150
0	7	109
1	18	150
0	12	149
0	20	149
0	13	150
0	-1	134
1	16	122
0	16	148
0	13	144
0	22	151
0	10	146
0	14	144
0	15	150
0	17	130
0	-1	121
0	21	135
2	20	150
0	9	149
1	-1	146
0	-1	146
0	16	104
1	-1	146
0	-1	146
0	-1	150
0	15	124
1	-1	150
2	-1	148
0	14	148
1	30	145
1	-1	139
0	19	142
0	-1	145
0	-1	150
0	-1	150
2	22	150
0	-1	146
1	-1	148
0	-1	149
2	21	150
0	17	150
0	-1	149
0	10	150
0	20	150
0	-1	150
1	15	150
0	22	148
1	-1	102
0	15	150
0	18	149
1	10	117
2	26	149
0	20	149
1	21	151
0	5	150
1	-1	150
0	24	131
1	-1	148
0	-1	151
1	-1	142
1	-1	146
1	-1	149
0	13	148
0	21	143
0	-1	150
0	16	133
0	17	150
0	14	150
1	20	151
0	20	148
0	13	150
0	12	149
0	16	149
2	20	142
1	17	148
0	17	151
0	-1	147
0	-1	150
0	16	149
0	16	148
0	-1	149
0	12	149
0	17	150
1	-1	151
0	8	149
0	14	150
1	-1	150
0	14	151
1	-1	149
0	11	150
0	-1	145
0	-1	148
0	-1	150
1	10	122
0	6	150
0	17	150
2	23	150
0	13	147
0	16	146
1	13	150
0	32	150
1	20	142
0	-1	150
0	21	150
1	-1	150
0	10	150
0	-1	150
0	17	150
0	14	150
0	-1	144
0	-1	147
0	10	150
0	17	149
0	-1	149
0	7	150
0	-1	150
0	5	137
1	-1	148
0	11	103
0	22	145
1	-1	151
0	24	151
0	17	150
2	-1	150
0	-1	128
0	26	150
0	20	150
0	18	150
0	34	150
2	13	150
0	-1	135
0	10	122
1	-1	126
0	21	151
0	35	135
0	20	147
0	14	136
0	21	148
1	-1	150
1	-1	150
0	13	140
0	14	148
0	-1	150
0	6	144
2	-1	131
1	-1	116
0	-1	149
1	14	145
0	-1	150
0	7	150
1	22	150
1	18	149
0	33	150
0	18	136
0	-1	149
0	14	144
0	15	148
0	12	150
1	-1	150
1	-1	148
0	25	149
1	23	150
0	-1	150
0	-1	150
0	-1	146
0	-1	145
0	18	139
1	10	150
0	18	150
0	6	150
1	-1	147
0	-1	150
0	-1	148
0	15	86
0	22	151
0	12	150
1	19	149
1	14	142
1	19	149
3	-1	150
1	36	145
0	-1	150
0	9	150
0	18	141
1	15	150
0	12	132
0	-1	148
0	-1	149
0	-1	144
1	21	150
0	-1	141
0	16	150
0	16	150
0	-1	147
1	-1	150
0	17	150
0	-1	148
0	12	150
0	-1	150
0	13	134
0	15	150
0	19	150
0	-1	134
0	18	151
3	-1	150
0	15	150
1	20	144
0	13	145
0	30	131
1	16	139
0	14	150
0	15	150
0	14	150
2	9	142
1	10	151
1	-1	150
0	15	148
0	-1	150
1	16	147
0	-1	150
0	14	150
0	-1	144
1	17	149
0	-1	151
2	31	150
0	36	150
0	22	150
2	11	150
0	38	150
0	14	150
0	12	147
2	-1	150
2	-1	147
1	-1	150
1	-1	150
0	11	135
0	-1	150
1	13	150
0	17	150
0	10	145
0	-1	150
1	19	151
0	15	148
1	16	139
0	-1	150
0	23	151
0	-1	150
0	46	150
0	13	79
0	-1	150
0	9	149
0	13	150
0	-1	148
1	-1	150
0	-1	150
0	14	151
0	13	150
0	14	149
0	9	147
1	18	147
1	9	150
1	-1	139
0	15	147
1	10	150
0	20	150
1	11	150
0	9	150
0	14	128
1	-1	150
0	15	140
1	-1	150
1	-1	150
1	-1	147
1	-1	146
0	10	151
0	17	150
0	-1	145
0	11	138
0	9	149
0	15	150
1	-1	150
0	14	123
0	43	151
1	15	151
1	23	150
0	12	149
0	18	142
2	-1	147
1	20	147
0	17	150
0	-1	150
0	13	148
0	-1	151
1	-1	145
0	-1	150
0	-1	150
0	19	150
0	14	146
0	16	150
0	8	106
0	14	150
0	20	148
0	16	149
2	-1	149
0	12	148
2	14	150
2	-1	150
0	16	146
0	10	108
0	35	150
0	-1	150
0	23	150
1	-1	149
1	12	150
0	-1	150
0	-1	151
2	18	150
0	-1	150
0	18	145
0	14	150
0	13	135
0	16	147
0	21	150
0	23	151
1	-1	147
0	17	150
0	1	83
0	10	142
0	35	150
0	-1	150
0	-1	150
2	13	150
0	11	117
0	22	150
1	-1	150
0	17	134
0	14	115
0	14	148
1	29	150
0	14	149
4	19	139
1	17	149
0	18	150
0	12	150
0	-1	149
1	19	150
0	-1	136
0	24	150
1	17	150
1	14	143
0	-1	147
0	-1	151
0	10	131
0	21	150
1	11	130
0	-1	150
0	-1	149
1	-1	148
0	10	145
1	13	139
0	19	150
0	14	150
0	-1	149
1	23	150
0	15	148
0	14	149
1	21	150
2	-1	147
0	16	151
0	-1	148
0	15	150
0	17	151
0	-1	130
1	-1	149
0	20	150
3	-1	149
1	-1	150
0	17	150
0	19	151
4	19	149
0	14	149
0	-1	147
0	24	147
0	14	146
0	7	150
0	15	149
0	15	150
2	18	144
0	-1	150
1	34	148
0	-1	148
0	15	133
0	16	149
0	19	150
0	16	151
1	8	149
1	8	149
0	-1	150
0	-1	150
0	20	151
0	27	127
0	-1	150
0	-1	148
0	16	151
2	15	150
2	18	150
0	18	149
1	-1	138
0	18	150
1	36	150
1	14	149
0	-1	135
0	33	137
0	-1	150
0	15	149
2	17	150
0	-1	148
0	44	150
0	30	150
0	-1	147
1	14	150
0	-1	151
0	21	149
2	-1	150
0	12	150
1	12	150
1	-1	146
2	14	150
0	10	149
0	-1	150
0	-1	145
0	-1	150
0	-1	150
0	17	146
0	-1	151
0	17	150
1	15	109
0	-1	134
0	15	142
1	14	150
0	19	150
0	18	150
0	-1	147
1	-1	150
0	-1	144
0	-1	149
0	-1	147
0	15	150
1	34	148
1	16	148
0	18	131
1	13	150
0	-1	150
1	15	129
1	31	150
0	-1	150
1	-1	150
0	13	150
0	-1	150
1	18	149
1	34	148
2	-1	142
0	13	150
0	14	150
1	-1	140
1	30	150
3	19	144
0	15	150
1	18	150
0	-1	150
1	12	148
1	-1	150
0	10	149
0	12	151
0	22	150
0	8	148
0	14	148
0	21	150
1	-1	134
3	16	145
1	15	149
0	-1	126
1	-1	149
1	22	143
0	14	150
0	-1	150
1	10	148
0	17	140
1	22	147
0	11	148
0	15	150
0	6	145
0	13	146
0	-1	149
0	-1	149
0	12	148
0	15	138
0	21	150
0	-1	149
0	19	149
0	-1	149
0	36	150
0	13	150
0	12	148
1	16	150
0	17	150
0	12	150
1	-1	150
0	10	151
0	13	134
1	14	150
0	-1	150
0	16	150
0	-1	147
0	-1	146
0	15	150
0	6	143
0	-1	151
0	12	140
0	-1	140
1	12	144
0	14	150
2	-1	119
0	15	149
0	-1	150
1	21	150
0	-1	149
0	-1	148
0	18	151
0	14	145
0	23	150
0	12	151
0	-1	149
1	19	120
0	15	150
0	-1	147
0	-1	145
2	-1	136
0	-1	150
1	15	150
1	16	150
0	-1	132
0	12	148
0	17	150
0	19	110
1	14	149
2	-1	146
0	-1	149
0	14	148
0	31	149
0	-1	148
0	24	151
0	-1	128
0	-1	150
0	16	144
0	19	144
0	16	146
0	-1	150
1	-1	148
1	17	150
1	17	145
0	23	142
0	-1	151
0	15	147
1	19	150
0	-1	149
0	13	150
0	-1	117
1	14	115
1	27	150
0	14	150
0	-1	142
0	15	102
0	13	149
0	17	129
0	-1	150
0	19	150
0	17	150
0	-1	146
0	17	150
1	-1	135
1	-1	150
2	20	147
0	15	151
0	14	150
1	17	150
1	37	128
0	12	150
3	18	148
0	-1	143
1	-1	145
0	11	108
0	-1	150
1	-1	147
0	-1	150
1	17	147
2	-1	147
0	12	151
0	13	147
0	20	142
0	-1	150
0	26	139
0	12	150
0	19	148
0	14	107
0	17	151
1	21	150
0	-1	149
2	-1	150
0	11	145
0	-1	134
0	28	151
1	16	150
1	-1	151
1	-1	150
2	-1	150
0	15	150
1	-1	151
0	22	150
0	7	131
0	21	150
0	20	149
1	-1	146
1	-1	148
0	13	145
0	10	81
0	-1	150
0	23	150
0	-1	135
0	-1	150
0	15	148
1	9	138
0	7	151
1	-1	145
0	13	150
0	13	149
1	-1	147
0	-1	150
0	10	150
0	16	145
0	-1	149
0	-1	149
0	15	147
0	20	150
0	11	121
1	20	151
0	18	146
0	24	151
0	-1	150
0	-1	148
0	-1	147
0	-1	143
0	12	130
1	-1	145
0	16	151
1	16	150
0	19	149
0	20	148
0	12	150
0	18	150
0	-1	146
0	-1	150
1	6	151
0	20	148
1	-1	142
0	-1	150
1	19	150
0	19	150
0	28	147
1	14	149
1	12	135
0	29	131
0	-1	149
2	13	122
0	22	150
0	15	151
0	16	110
0	35	147
3	-1	150
0	12	148
0	19	150
0	13	142
0	13	149
0	12	149
0	22	150
0	-1	106
0	-1	150
0	19	147
0	-1	131
4	17	150
0	11	91
0	25	150
2	-1	151
0	-1	150
1	16	147
0	18	150
0	18	147
0	-1	150
1	16	149
2	38	149
0	11	150
1	26	150
0	18	151
0	16	150
2	11	150
0	17	150
0	-1	150
0	-1	145
0	10	150
0	-1	150
1	33	150
0	12	148
0	-1	150
0	8	90
0	9	150
1	-1	148
0	-1	150
0	-1	150
1	10	149
0	-1	148
0	11	150
0	16	148
0	-1	131
0	22	150
0	15	149
1	24	150
0	12	149
2	-1	150
0	13	115
1	-1	150
1	15	149
0	17	150
0	18	147
2	-1	146
0	8	151
2	-1	138
0	9	81
0	-1	151
2	-1	150
0	13	150
0	-1	151
0	11	151
0	13	150
0	16	138
0	16	150
0	13	148
0	-1	149
1	14	140
1	-1	150
1	-1	150
0	17	150
0	14	150
0	23	150
0	-1	148
0	-1	139
1	19	150
0	23	119
0	-1	145
1	45	149
0	-1	150
1	-1	148
1	-1	148
1	17	150
1	16	150
0	19	147
0	14	150
1	-1	135
1	11	140
0	-1	151
0	18	151
0	-1	147
1	13	151
0	30	150
0	-1	144
0	16	149
41	37	112
0	-1	151
0	16	150
1	19	151
1	47	150
0	20	121
0	-1	150
0	-1	146
0	14	151
1	-1	150
0	25	150
0	32	150
0	18	149
0	-1	150
0	17	147
0	23	149
0	17	143
0	-1	151
0	18	150
0	16	141
1	18	110
0	16	147
0	7	148
1	-1	150
1	-1	150
1	19	149
0	24	149
0	-1	150
1	-1	150
0	16	150
0	-1	146
1	17	151
0	7	133
0	17	150
2	32	149
0	12	149
0	15	139
0	-1	150
0	13	138
0	-1	151
0	18	145
1	-1	150
0	-1	150
1	14	148
0	18	151
1	-1	130
0	-1	150
0	-1	150
0	15	149
0	16	142
0	18	135
0	14	149
0	-1	145
0	15	148
0	19	149
0	11	151
0	-1	151
1	40	150
0	13	150
4	22	149
1	18	149
0	-1	150
1	9	150
1	-1	146
0	10	147
1	-1	140
0	-1	144
0	13	150
0	16	142
0	19	150
0	-1	145
0	15	151
0	12	150
1	12	151
1	13	132
0	13	150
1	-1	151
0	7	150
0	-1	151
1	-1	150
0	18	150
4	-1	151
0	-1	150
0	13	147
0	-1	150
0	-1	150
1	14	147
0	22	150
0	17	148
0	19	150
0	5	65
0	-1	144
0	14	148
0	17	150
1	13	147
0	-1	150
0	-1	151
1	16	150
1	12	150
0	12	150
0	10	113
0	-1	150
0	-1	150
1	-1	150
0	12	111
0	12	150
0	18	151
0	-1	151
0	-1	149
0	-1	150
0	19	150
0	14	148
0	6	144
0	13	105
0	33	150
7	32	150
0	-1	151
0	-1	150
1	22	149
0	13	126
0	24	151
0	-1	149
0	-1	150
0	10	139
1	17	149
0	19	150
1	-1	141
0	23	145
1	11	150
0	13	122
0	13	150
0	-1	145
0	19	151
1	-1	150
0	-1	146
1	17	150
1	13	151
1	-1	149
0	12	148
0	-1	150
0	12	149
1	19	148
0	13	148
0	12	147
0	20	150
0	-1	150
1	-1	150
0	-1	149
1	24	151
0	-1	145
0	20	150
0	33	149
0	16	138
0	-1	148
0	35	151
1	-1	144
0	16	150
0	-1	150
1	-1	147
0	20	151
0	-1	147
0	12	135
0	21	150
0	-1	117
0	15	143
0	19	150
2	-1	150
0	-1	126
0	11	150
2	-1	150
1	-1	148
0	-1	150
0	-1	151
0	-1	138
1	9	148
0	18	133
0	16	151
0	36	150
1	19	150
0	13	109
1	13	150
0	-1	150
0	14	139
0	14	143
0	11	125
0	11	122
1	18	150
0	15	149
2	-1	149
1	18	147
0	21	151
0	15	130
0	-1	150
0	11	129
0	12	147
0	13	150
0	17	147
0	12	151
0	18	147
0	15	148
1	-1	148
1	-1	148
1	18	130
0	16	141
1	16	151
0	13	99
1	39	150
1	-1	150
0	9	150
1	-1	151
1	-1	150
0	-1	150
0	-1	150
0	13	143
0	-1	135
0	30	151
0	40	148
0	-1	133
0	14	133
0	14	150
1	15	150
0	12	150
1	-1	150
0	16	150
1	16	146
1	-1	151
0	11	150
1	35	150
0	-1	146
0	-1	146
1	-1	144
0	8	148
0	19	150
0	17	142
1	-1	149
0	-1	150
0	14	135
0	21	150
0	-1	150
1	-1	146
1	-1	150
0	15	151
0	12	141
0	-1	151
1	21	150
0	7	150
1	-1	135
1	-1	150
0	14	151
0	-1	150
0	-1	151
0	24	148
0	-1	150
1	-1	139
0	22	150
0	15	151
1	25	149
0	16	139
1	22	151
0	-1	145
0	-1	149
0	16	150
0	21	146
0	13	148
0	-1	151
0	18	150
0	11	151
1	18	150
0	15	150
0	18	140
0	14	150
1	41	150
1	21	125
0	18	124
0	18	150
0	-1	150
0	14	147
0	-1	148
0	18	150
0	16	150
0	-1	149
0	-1	145
0	-1	141
1	-1	145
0	-1	150
0	-1	151
0	20	150
1	-1	151
0	10	150
0	-1	147
1	-1	150
0	18	151
1	15	149
0	16	150
1	18	150
0	19	151
0	23	119
0	-1	147
0	19	150
0	10	135
0	-1	148
0	10	150
0	-1	150
0	-1	151
0	13	150
0	-1	150
1	11	150
0	12	150
0	19	141
0	11	150
0	-1	150
1	-1	148
0	15	151
0	21	151
1	11	141
0	10	106
0	18	149
1	10	64
0	19	150
0	11	148
0	20	149
0	19	150
0	16	131
0	17	151
0	-1	146
1	23	148
0	-1	150
1	22	149
1	-1	150
0	-1	146
0	-1	149
0	21	150
0	19	144
0	-1	148
0	9	121
1	-1	144
0	10	151
0	13	150
0	-1	150
0	-1	147
1	10	150
1	-1	150
1	-1	151
1	-1	150
0	18	151
0	16	149
0	15	150
0	16	151
2	-1	150
0	25	150
2	19	150
1	37	150
3	19	150
0	-1	148
0	17	151
1	25	150
1	13	150
1	-1	149
0	10	150
0	8	148
0	21	150
1	13	150
0	20	148
0	15	150
1	16	122
0	11	104
0	15	148
0	11	128
0	14	150
0	-1	151
1	-1	148
0	18	148
0	40	150
1	-1	140
1	17	150
0	20	150
1	-1	150
0	-1	149
0	18	150
0	16	150
0	-1	149
0	20	150
1	8	150
0	-1	147
0	19	147
1	9	150
0	-1	150
0	-1	150
0	18	151
0	17	151
0	16	122
1	-1	142
0	16	150
0	18	149
0	-1	150
0	18	150
0	-1	147
1	21	150
0	12	150
1	5	146
0	9	150
0	16	150
0	39	150
1	17	140
0	-1	150
1	22	150
0	-1	147
0	26	147
0	25	151
1	-1	138
0	20	151
0	-1	150
0	29	150
0	14	151
1	13	111
0	19	149
1	18	150
1	38	149
0	20	146
0	16	148
0	17	150
0	15	145
1	-1	148
1	7	93
2	-1	148
0	16	148
0	12	148
2	-1	150
1	-1	149
0	-1	150
0	18	141
0	-1	150
0	12	150
0	16	149
0	14	147
0	14	148
0	16	150
0	16	150
0	34	150
0	31	133
0	20	150
0	-1	148
0	21	150
0	21	151
1	17	150
1	15	150
0	-1	144
0	-1	149
1	16	150
2	-1	150
1	17	146
2	7	147
1	-1	149
1	-1	151
0	15	150
0	-1	112
0	17	150
0	16	150
0	20	150
0	17	150
0	-1	149
0	-1	150
1	-1	151
1	10	150
1	13	151
0	16	128
0	16	150
0	-1	137
0	15	150
0	7	69
0	20	150
0	17	150
0	8	104
1	-1	148
1	-1	150
1	13	150
0	16	150
0	16	146
0	-1	150
0	15	149
0	12	134
3	-1	144
0	17	151
1	16	150
1	16	150
0	24	150
0	14	150
0	19	147
1	-1	150
0	20	135
0	19	150
1	44	150
0	17	150
0	-1	150
0	18	150
0	15	122
0	-1	149
0	-1	133
0	24	150
0	12	126
0	-1	150
0	16	150
1	-1	150
0	-1	150
0	-1	150
0	6	122
0	-1	143
0	-1	148
0	35	150
1	17	151
1	16	150
0	20	151
0	16	150
0	13	147
0	28	145
0	20	150
0	-1	150
0	18	150
0	15	149
2	9	150
0	16	150
0	17	143
2	12	150
0	-1	150
2	20	150
0	15	150
0	-1	148
0	-1	148
0	-1	149
0	21	145
0	21	150
1	-1	150
1	-1	150
0	-1	150
2	-1	150
1	8	128
0	-1	148
0	-1	149
0	18	150
0	10	126
0	16	132
0	16	149
0	19	127
1	20	146
1	35	150
2	17	133
0	-1	150
0	15	131
0	-1	146
0	-1	147
0	9	138
0	19	144
0	14	139
0	-1	130
0	-1	150
0	14	145
0	-1	150
0	15	148
0	-1	145
0	30	136
0	6	149
1	-1	136
0	18	150
0	-1	151
0	12	150
0	-1	151
0	-1	150
2	21	150
0	15	147
0	-1	140
0	14	138
1	14	138
0	-1	150
0	-1	148
1	18	148
0	-1	150
3	20	142
1	20	150
3	-1	148
0	14	147
0	-1	143
1	-1	150
1	23	149
0	12	150
0	-1	148
0	9	150
0	17	150
0	-1	145
0	-1	150
0	15	150
0	21	150
0	-1	146
0	-1	149
0	15	133
0	16	150
0	8	148
0	12	150
1	-1	146
0	21	150
0	15	147
2	-1	145
0	11	150
0	16	147
0	16	135
1	-1	150
0	19	150
0	-1	150
1	18	149
0	-1	149
1	-1	149
0	-1	151
2	19	142
1	16	147
0	-1	149
1	19	150
0	40	149
1	-1	98
1	19	150
0	-1	150
0	-1	147
0	6	129
1	12	148
2	13	147
0	11	142
1	-1	149
0	39	150
2	17	149
1	18	147
1	18	150
0	13	131
1	25	147
1	21	146
1	-1	148
0	10	150
1	-1	150
1	17	150
1	18	150
1	-1	145
0	-1	151
0	9	144
0	11	150
1	-1	151
1	-1	150
0	21	146
2	12	149
1	-1	143
0	14	146
0	-1	151
0	-1	149
0	24	149
0	36	150
0	-1	115
0	14	150
3	18	149
0	19	151
0	29	129
1	-1	150
1	15	151
0	-1	151
0	18	150
0	18	150
0	16	150
1	15	135
0	-1	135
1	26	150
0	-1	148
0	-1	150
0	22	149
0	18	149
0	-1	146
27	28	123
0	18	116
0	19	143
1	14	112
0	10	140
2	20	119
0	20	151
1	17	149
0	31	132
0	16	150
1	33	150
0	18	151
0	37	150
0	17	150
0	35	150
0	13	146
0	14	148
0	25	150
1	29	151
0	15	131
1	14	150
0	22	150
0	8	150
0	14	150
1	-1	136
0	-1	126
1	14	136
0	-1	135
1	21	150
0	24	150
0	-1	143
0	10	149
0	18	150
0	14	149
1	-1	151
0	-1	150
0	-1	150
0	19	150
0	13	150
2	-1	150
1	14	150
1	13	146
0	-1	151
0	22	135
1	13	149
1	15	150
1	-1	150
1	13	150
1	-1	147
0	21	150
0	9	103
1	13	127
0	24	150
1	10	150
1	18	150
0	-1	150
0	-1	147
0	-1	142
1	-1	123
1	14	150
0	39	150
1	-1	148
0	17	149
3	-1	128
0	-1	151
0	16	150
1	12	150
0	13	150
0	24	150
0	14	149
0	-1	145
0	-1	147
0	26	149
1	17	150
0	22	144
0	16	149
0	16	150
1	19	151
0	14	150
1	17	130
0	5	150
0	-1	131
0	13	150
1	16	150
0	19	151
1	-1	151
0	-1	150
1	-1	150
0	9	111
0	7	90
0	17	150
1	-1	148
0	11	148
0	17	150
0	28	145
0	-1	146
0	18	150
2	18	149
1	-1	147
0	-1	150
1	-1	150
0	-1	150
0	1	65
12	12	71
0	25	150
0	1	104
1	16	151
1	16	150
0	-1	148
1	9	149
0	-1	147
0	12	150
0	-1	150
1	-1	145
0	-1	125
0	12	119
0	-1	134
1	12	149
0	17	150
0	-1	149
0	-1	142
1	-1	136
0	11	126
1	-1	149
0	13	150
0	-1	151
0	16	150
2	-1	149
1	29	150
1	-1	117
2	7	95
0	19	150
0	-1	147
0	23	150
0	16	150
0	6	150
0	11	150
0	20	149
0	16	149
0	-1	149
1	-1	150
0	18	142
0	14	150
0	-1	144
1	18	150
0	19	135
1	-1	143
0	24	151
0	20	150
2	22	149
1	-1	151
1	11	150
0	4	145
0	14	148
0	16	151
0	-1	137
0	21	150
1	17	149
0	-1	125
0	10	126
0	-1	121
0	27	150
0	11	150
2	40	149
1	16	138
0	-1	150
2	19	150
0	10	151
0	-1	141
1	17	146
0	24	147
0	15	149
1	21	143
1	20	145
0	15	151
0	-1	142
5	23	136
0	23	150
0	24	150
1	-1	150
0	15	135
0	17	142
1	17	131
0	12	150
1	20	149
0	37	131
1	30	137
0	18	150
1	-1	151
1	-1	146
0	15	149
1	-1	151
0	7	150
1	4	71
0	18	149
1	25	145
0	-1	148
0	17	150
0	16	150
0	13	151
0	7	139
1	-1	150
0	20	150
0	15	150
0	21	150
0	16	147
0	36	150
1	-1	148
0	13	147
0	20	148
0	16	149
0	17	148
0	-1	150
0	2	146
0	11	145
1	-1	150
0	17	145
2	15	151
1	25	149
0	21	150
0	-1	148
2	-1	143
0	14	147
0	12	150
1	-1	144
0	6	149
0	17	147
1	-1	149
1	15	149
0	16	146
1	13	150
1	34	148
0	23	150
0	14	139
0	-1	150
1	-1	150
2	-1	150
0	18	150
0	19	149
1	35	146
0	15	150
0	8	141
1	15	141
0	17	149
0	18	150
0	14	149
0	15	148
1	18	150
20	21	68
1	10	141
1	-1	150
0	39	150
0	19	126
1	41	145
0	11	149
0	23	149
0	16	150
1	-1	151
0	19	147
1	-1	144
0	10	150
0	-1	150
0	14	150
0	15	150
0	18	150
0	-1	150
0	17	150
1	-1	146
0	17	128
0	32	146
0	16	128
3	19	150
0	17	151
0	14	150
1	-1	151
0	14	150
0	14	150
1	-1	150
0	10	148
0	17	147
0	18	147
1	-1	145
1	35	151
0	17	150
0	22	148
0	14	148
1	-1	149
1	-1	146
0	17	151
0	15	150
0	22	149
0	16	128
0	13	150
0	-1	146
0	-1	146
0	24	141
0	16	150
0	11	150
0	16	151
0	-1	151
1	16	150
0	21	149
0	11	141
0	17	150
0	20	147
1	-1	150
0	-1	150
2	25	149
1	17	148
0	13	150
0	-1	134
0	-1	150
1	33	151
0	-1	148
0	13	146
0	20	150
0	16	151
0	-1	151
2	-1	150
0	-1	141
1	29	150
0	14	148
0	-1	148
0	-1	150
0	15	147
0	-1	119
0	-1	146
4	-1	115
1	19	150
1	-1	150
0	8	147
0	11	151
1	23	148
0	18	150
0	-1	140
0	14	150
0	12	151
1	38	151
0	-1	150
0	-1	150
0	-1	145
1	13	150
2	-1	150
0	-1	148
1	26	146
0	-1	151
0	35	150
0	21	150
0	-1	151
2	23	149
0	-1	150
1	17	150
0	18	151
0	-1	150
1	-1	151
0	13	148
0	22	132
0	16	150
0	21	150
1	-1	145
0	17	149
0	13	150
1	17	145
0	10	151
1	13	138
1	37	150
0	8	140
0	12	149
0	-1	147
2	-1	150
0	13	140
1	23	150
1	-1	137
0	15	150
0	7	145
1	8	128
0	10	144
1	-1	140
1	16	142
2	-1	149
2	-1	149
0	18	150
0	30	148
0	9	132
0	-1	150
1	-1	150
0	19	140
0	19	122
1	24	150
0	21	150
2	19	149
0	21	150
1	18	150
1	-1	150
1	17	151
0	21	150
0	21	150
0	20	149
40	-1	149
1	-1	150
0	30	150
0	-1	150
0	19	150
0	-1	133
0	16	150
1	14	149
0	36	150
0	17	151
0	15	149
0	21	151
0	-1	149
0	12	150
0	14	148
1	22	150
0	16	151
0	18	148
0	-1	144
0	14	150
0	16	149
0	15	151
0	16	150
0	19	151
0	17	149
1	14	140
0	16	150
2	-1	150
0	18	150
0	15	106
0	19	151
0	11	150
1	-1	140
0	-1	146
0	13	150
0	-1	150
0	-1	151
2	17	132
0	10	148
3	-1	150
0	11	148
0	10	149
1	16	150
0	-1	150
0	25	151
0	25	151
0	15	150
0	-1	134
0	-1	149
0	15	150
0	15	151
1	11	148
0	16	136
0	9	147
0	20	150
0	-1	150
0	24	150
0	-1	151
3	16	135
0	-1	149
0	17	149
0	-1	150
0	8	115
0	9	150
0	10	143
1	17	150
0	12	150
0	17	150
0	-1	131
0	-1	150
1	44	148
2	16	150
0	-1	150
1	-1	138
1	19	116
1	31	148
1	23	150
0	19	145
0	-1	150
0	16	150
0	-1	150
0	16	150
1	-1	126
0	22	150
0	20	150
0	-1	149
0	19	148
1	-1	151
0	14	150
0	21	149
1	20	150
0	17	134
0	17	149
1	14	150
0	-1	150
0	44	150
0	15	150
0	32	150
1	-1	150
1	10	150
0	14	149
0	19	126
0	12	150
0	10	150
0	-1	151
1	-1	143
2	27	150
0	16	142
0	-1	145
2	19	150
0	24	151
0	8	146
0	18	151
1	43	149
1	18	149
0	-1	149
0	-1	135
0	18	150
1	9	148
0	-1	147
1	-1	150
0	-1	149
1	-1	119
0	11	145
2	19	151
0	-1	151
1	15	146
0	-1	145
0	-1	134
0	14	149
0	14	150
1	-1	150
0	9	150
0	16	148
1	37	138
1	15	150
0	23	151
0	13	150
0	14	150
0	16	149
1	11	139
0	44	147
0	-1	151
0	-1	149
0	-1	150
0	11	151
0	13	147
1	21	150
0	14	150
1	13	142
1	17	150
0	12	148
0	20	143
1	-1	149
1	-1	150
0	6	150
0	8	150
0	31	150
0	11	148
0	18	150
1	16	149
0	20	150
0	25	150
0	-1	149
0	22	149
0	11	150
0	18	144
1	-1	150
1	15	150
0	-1	150
0	14	151
0	12	150
0	29	133
2	-1	148
0	12	150
0	-1	145
0	-1	150
0	14	150
0	38	149
0	-1	148
1	-1	147
0	10	139
0	17	147
1	-1	148
0	16	147
0	23	149
0	12	123
0	17	150
0	-1	149
0	-1	150
0	-1	150
0	11	151
1	-1	136
0	16	118
0	-1	150
0	11	150
0	15	145
0	4	80
0	-1	148
0	-1	150
0	-1	151
0	17	150
0	9	150
0	17	145
1	30	145
1	-1	148
0	16	150
1	-1	149
0	14	148
1	20	147
0	15	150
0	-1	115
1	19	148
0	20	150
1	14	142
0	13	151
1	-1	136
1	-1	146
1	17	150
0	19	150
0	12	145
1	15	150
1	-1	145
1	-1	143
1	13	150
1	16	150
2	29	151
0	-1	148
0	14	150
1	-1	149
1	-1	149
0	16	150
0	19	151
0	15	150
0	-1	119
0	9	145
0	15	150
0	-1	142
1	-1	149
0	-1	150
1	15	150
1	15	150
1	14	150
1	-1	148
0	14	150
0	32	150
0	14	150
0	18	149
1	-1	150
1	15	149
0	12	150
1	-1	149
1	12	147
0	-1	149
0	16	150
0	15	150
1	13	150
0	-1	151
0	14	150
1	30	150
1	18	146
0	19	145
1	-1	147
0	-1	136
1	-1	149
1	-1	146
0	16	151
0	9	146
0	15	142
0	14	150
1	18	147
0	17	146
0	18	148
0	18	150
1	17	139
0	14	150
1	-1	150
0	-1	147
0	8	142
0	33	141
0	17	145
1	14	150
1	-1	148
0	13	150
0	18	149
0	12	127
2	-1	148
3	-1	149
0	11	150
3	25	150
0	18	134
1	17	149
0	14	115
0	14	149
1	30	150
0	-1	100
0	36	151
0	-1	143
1	9	151
0	16	149
0	17	150
0	14	150
1	-1	145
1	12	150
0	-1	150
0	-1	150
2	14	150
0	12	149
1	20	147
0	19	137
44	75	149
0	10	129
0	-1	150
0	-1	150
0	18	136
1	11	150
0	-1	151
0	13	151
0	-1	151
0	13	136
0	9	149
2	11	141
0	13	150
0	-1	148
0	26	150
0	-1	150
0	8	149
0	8	128
0	-1	141
0	-1	150
0	13	145
0	-1	150
0	-1	150
0	13	150
0	10	144
0	14	149
0	15	150
1	33	150
1	31	149
0	16	151
0	18	151
0	17	150
0	19	150
1	19	149
0	-1	150
2	-1	142
1	18	150
0	-1	150
2	-1	150
0	-1	148
0	-1	145
0	-1	150
0	13	149
0	14	146
0	13	150
0	-1	121
0	16	137
0	13	150
1	17	139
0	-1	110
0	-1	135
0	15	150
0	18	150
0	-1	141
2	35	150
0	8	148
0	-1	150
0	10	149
1	-1	148
0	22	150
1	-1	150
1	16	146
0	27	151
1	14	147
1	18	146
2	15	146
0	31	146
0	-1	118
0	23	151
0	-1	150
0	23	150
1	13	147
0	-1	150
0	15	149
0	18	146
0	20	150
0	20	151
0	12	150
1	-1	150
1	-1	147
0	31	149
0	18	149
1	17	144
1	14	150
0	17	151
0	15	148
0	20	150
0	17	151
2	11	150
1	-1	150
0	-1	150
1	-1	150
0	-1	148
0	9	128
0	11	133
1	21	150
0	31	150
0	11	151
0	14	147
0	-1	150
1	-1	151
0	11	150
1	-1	150
0	26	147
0	-1	150
0	-1	150
0	16	144
1	-1	150
0	21	151
0	14	150
0	15	150
0	13	151
0	-1	150
0	-1	145
0	9	149
1	16	149
0	-1	147
0	25	148
0	13	150
1	17	147
0	22	150
1	-1	151
0	12	150
0	14	150
0	11	151
0	-1	101
0	5	149
0	-1	150
0	16	148
0	-1	150
0	-1	149
1	15	150
0	-1	150
2	-1	150
0	16	148
0	21	150
0	16	150
1	17	151
0	-1	150
0	16	150
0	6	134
1	-1	150
0	17	143
1	-1	147
1	31	149
0	27	151
0	15	150
2	-1	151
0	21	150
0	-1	149
1	40	150
1	19	151
1	14	150
0	-1	150
0	-1	148
0	22	150
0	21	151
0	17	131
0	-1	148
2	-1	150
1	34	151
0	6	151
0	18	150
0	17	143
1	17	149
1	-1	150
0	-1	150
0	-1	150
1	15	150
0	24	151
0	23	150
0	15	150
0	-1	147
0	-1	151
0	15	150
0	18	150
0	-1	149
1	-1	144
0	15	136
0	-1	151
0	12	147
1	15	148
1	16	147
1	14	150
0	18	149
0	-1	123
1	10	151
0	17	122
1	-1	150
1	-1	150
1	12	149
0	-1	148
0	15	151
0	9	147
2	-1	150
3	13	137
1	20	150
1	21	150
0	20	128
1	19	144
0	15	149
1	-1	149
0	27	151
0	13	151
0	12	142
1	-1	150
0	-1	134
1	18	148
0	38	136
0	-1	145
0	15	146
1	-1	139
0	14	149
1	-1	149
0	13	150
0	-1	150
0	-1	147
0	14	150
0	7	150
1	14	150
2	20	150
1	20	147
1	15	150
1	-1	148
0	27	150
1	26	110
0	-1	151
1	25	146
0	9	148
0	14	150
0	-1	150
0	22	148
0	14	150
0	11	147
0	14	150
0	-1	150
1	30	150
0	14	135
1	18	149
0	-1	147
1	-1	151
0	38	151
1	-1	144
0	22	150
1	14	150
0	-1	150
0	-1	135
0	7	149
0	15	150
1	20	142
0	23	145
1	16	150
0	16	148
1	-1	148
0	19	140
0	9	132
0	-1	151
0	15	149
1	-1	150
1	24	150
0	18	150
1	18	147
0	13	146
0	20	149
1	-1	150
0	8	102
0	32	150
0	16	142
1	-1	147
0	-1	149
0	15	149
0	16	147
0	-1	151
0	12	149
0	22	150
0	-1	150
1	21	150
1	20	149
2	15	150
0	18	149
0	22	151
0	16	142
0	15	136
2	22	143
1	37	151
0	-1	150
0	13	150
0	13	150
2	19	150
0	19	150
1	16	145
0	13	150
0	-1	145
0	23	150
0	14	149
1	-1	148
0	-1	149
2	31	150
0	16	150
0	15	148
0	-1	146
0	19	151
0	20	139
1	22	150
0	15	150
0	16	120
0	16	150
1	-1	147
1	-1	146
0	14	145
0	15	151
0	-1	151
0	-1	150
0	-1	147
0	21	147
0	36	146
0	-1	150
1	43	150
1	-1	148
0	9	149
0	39	147
0	16	146
1	17	151
0	19	150
1	-1	149
1	-1	136
1	11	150
0	18	150
0	13	138
1	-1	150
2	-1	150
0	-1	150
1	19	150
2	-1	150
0	-1	151
0	-1	146
0	11	150
0	20	149
0	14	151
0	20	147
0	9	151
0	-1	150
0	17	151
0	18	150
0	11	120
0	-1	150
0	19	145
0	9	151
1	-1	138
0	16	150
2	27	143
0	12	148
0	20	151
0	-1	146
1	-1	150
0	36	148
0	14	151
0	-1	150
0	-1	151
0	27	150
1	-1	150
0	-1	149
1	17	150
0	21	151
0	11	151
0	14	150
1	40	150
1	-1	151
0	9	135
0	20	143
0	-1	138
0	-1	143
1	-1	147
1	12	150
1	14	148
0	16	149
1	6	95
2	-1	117
0	17	150
0	17	150
0	17	137
1	-1	151
0	33	146
1	21	149
0	16	130
1	-1	149
0	-1	150
0	13	134
0	14	147
0	-1	145
1	17	147
1	12	151
0	9	150
0	-1	151
0	21	150
2	-1	150
0	-1	150
0	-1	150
1	17	132
1	-1	151
1	28	103
0	14	103
0	-1	149
0	18	138
0	18	151
0	25	150
1	-1	150
1	-1	149
0	-1	149
1	16	146
0	-1	149
0	22	143
0	24	148
0	15	151
0	12	132
1	-1	149
0	-1	142
0	13	151
0	-1	149
0	17	141
0	-1	147
0	18	120
0	31	149
0	12	150
1	15	150
0	-1	150
0	4	62
1	-1	150
0	16	148
1	-1	150
1	20	150
0	-1	149
0	-1	148
0	16	148
1	25	150
0	5	123
0	36	150
0	17	134
0	16	117
0	-1	141
0	-1	151
2	21	151
0	17	142
0	16	140
0	15	150
0	-1	150
0	9	150
0	15	151
0	-1	149
0	15	150
1	-1	147
0	24	148
0	27	150
1	-1	138
0	42	150
0	-1	147
1	18	150
0	-1	150
0	-1	119
0	14	121
0	29	148
0	24	142
0	-1	148
1	19	150
0	21	151
0	15	150
0	15	150
0	17	149
1	-1	149
0	-1	147
3	-1	149
0	13	150
0	22	131
2	19	121
1	12	150
0	-1	148
1	-1	119
0	-1	150
1	-1	149
1	-1	150
0	-1	148
0	40	145
0	13	150
1	23	150
0	-1	149
0	-1	151
2	22	140
0	8	150
0	16	149
0	-1	150
0	17	145
0	34	148
0	21	149
1	17	144
0	9	151
0	24	148
0	-1	146
0	-1	147
0	19	147
0	17	150
1	20	151
1	17	150
0	12	146
0	-1	147
2	31	148
0	12	150
1	17	148
0	25	149
2	-1	149
1	-1	149
1	18	149
0	-1	150
1	14	148
0	12	149
0	10	73
1	-1	150
0	23	151
0	11	145
0	5	150
0	-1	149
0	14	150
0	13	147
1	15	149
1	18	150
0	33	146
0	13	144
1	20	150
0	-1	148
1	14	149
0	17	148
1	15	146
1	-1	148
0	16	151
1	-1	150
0	-1	151
2	20	150
0	-1	150
0	-1	146
2	12	125
0	-1	148
0	12	150
0	-1	150
0	23	141
1	-1	148
0	-1	150
1	22	150
1	-1	147
0	25	150
0	11	150
0	27	149
0	-1	146
2	-1	147
0	20	146
0	-1	149
0	13	147
1	-1	150
0	23	150
0	14	149
1	-1	148
1	20	150
0	17	150
0	10	150
0	13	108
1	-1	150
1	14	150
0	21	150
0	18	123
0	17	150
0	32	147
0	-1	150
0	-1	147
0	19	145
1	-1	149
0	19	150
0	-1	151
0	23	149
0	-1	149
0	-1	151
0	-1	149
0	13	150
0	14	150
0	19	150
1	25	151
0	13	151
2	19	150
0	16	151
1	13	109
0	23	147
0	-1	148
1	13	150
1	10	149
0	15	150
0	-1	150
0	9	150
2	8	150
0	15	149
1	-1	150
1	12	147
0	15	150
0	17	150
0	-1	149
0	19	148
0	33	145
0	15	141
0	-1	150
0	15	151
1	17	146
0	9	150
1	-1	150
0	-1	149
1	-1	151
2	-1	151
6	27	149
0	21	148
1	17	150
0	17	150
0	26	130
0	-1	146
1	-1	150
1	15	149
1	21	150
0	-1	149
1	23	141
0	12	151
0	15	150
1	-1	150
0	-1	149
0	19	149
0	11	150
0	19	144
0	-1	150
0	20	151
1	18	150
1	19	150
0	13	124
0	15	150
0	-1	134
1	44	150
0	-1	149
0	13	151
0	20	149
0	7	147
0	19	146
0	12	150
0	18	148
0	17	119
1	33	150
0	25	151
0	14	150
0	15	118
3	12	150
0	24	150
0	-1	149
0	21	150
0	17	151
0	-1	150
0	9	150
0	21	150
1	-1	146
0	19	146
0	32	150
0	17	147
0	17	150
0	17	149
0	-1	150
0	22	150
0	11	146
0	17	150
0	17	148
0	19	142
0	16	149
1	-1	150
0	-1	150
1	22	149
0	22	149
0	11	150
0	-1	148
0	-1	149
0	-1	150
1	25	150
1	-1	142
3	-1	148
0	11	151
1	10	148
0	15	150
0	14	148
0	21	138
0	13	150
1	18	150
0	9	150
1	-1	151
0	26	151
0	14	146
0	-1	150
0	22	150
0	19	150
0	12	150
0	19	148
0	22	150
0	28	150
0	-1	149
0	-1	144
0	15	151
0	13	150
1	-1	151
0	19	148
0	-1	150
2	-1	147
1	-1	148
0	16	106
1	-1	147
0	31	149
0	21	150
0	17	150
1	-1	146
1	28	150
1	37	150
1	-1	150
0	23	149
0	11	149
0	18	139
0	19	134
2	-1	150
0	24	132
0	-1	150
0	-1	144
0	19	148
0	9	150
0	-1	140
0	11	135
0	-1	145
0	12	150
0	-1	143
0	-1	94
1	-1	150
1	27	150
1	-1	149
2	-1	143
0	17	150
0	23	132
0	17	150
0	17	150
0	-1	150
0	-1	147
0	21	150
0	14	150
0	17	136
1	15	150
1	14	144
0	18	149
0	29	149
0	13	150
0	21	142
0	16	147
0	20	151
0	11	149
0	13	150
0	15	150
0	16	150
0	19	149
1	21	148
1	-1	149
1	-1	150
1	20	150
1	14	150
0	31	149
0	16	150
0	19	134
0	-1	150
0	-1	150
0	15	150
1	18	150
0	12	150
0	14	146
0	14	148
0	24	150
1	19	150
0	-1	150
0	-1	122
0	15	150
1	-1	150
0	21	148
0	-1	150
0	-1	146
0	19	150
1	-1	150
1	22	148
0	18	146
0	30	133
0	13	126
0	-1	146
1	12	68
1	16	144
1	17	145
0	15	150
0	13	150
0	-1	151
0	14	150
0	-1	149
0	-1	148
1	-1	150
5	31	150
0	-1	150
0	33	147
0	22	150
0	20	149
0	18	150
0	-1	151
1	32	150
0	21	150
1	-1	151
1	-1	108
0	-1	151
0	21	150
0	-1	148
0	13	148
0	21	150
1	-1	148
0	-1	150
1	-1	149
7	19	148
0	20	128
0	19	151
0	28	150
1	37	150
1	41	143
1	23	151
0	-1	130
1	17	137
1	-1	138
1	-1	148
0	15	150
0	37	141
0	15	150
1	13	151
0	-1	150
0	-1	149
0	11	144
0	9	151
0	-1	149
0	22	150
0	-1	146
0	21	150
1	14	151
0	18	150
1	21	150
0	20	150
0	16	150
2	20	151
1	10	145
0	-1	150
0	22	146
2	20	137
1	16	148
0	18	150
0	15	148
0	11	145
2	19	146
0	35	147
0	30	146
1	21	151
0	19	150
1	-1	150
1	15	137
0	19	150
1	14	150
0	17	150
0	-1	150
0	16	150
0	12	151
0	-1	150
1	15	150
1	-1	128
0	-1	151
0	12	148
0	-1	139
0	16	136
0	-1	148
2	20	150
0	14	150
1	12	112
0	17	146
2	-1	143
1	19	138
1	36	150
1	-1	151
0	7	148
0	17	149
0	18	149
1	-1	150
0	20	150
0	22	150
2	15	150
0	16	150
0	20	150
1	13	150
1	18	149
0	12	148
1	-1	149
0	-1	150
0	-1	129
0	16	147
1	20	150
0	17	151
0	13	142
0	34	151
2	16	149
0	13	149
1	-1	145
0	17	128
0	15	150
1	-1	150
0	26	150
0	-1	149
0	16	132
1	36	149
0	-1	149
0	-1	150
0	-1	124
0	-1	149
0	-1	150
0	24	149
0	-1	151
0	-1	150
0	-1	111
0	20	150
1	16	141
0	-1	151
1	27	140
1	18	147
0	13	150
2	-1	150
0	-1	146
1	-1	129
0	-1	145
1	29	136
0	16	147
2	12	150
3	20	150
0	-1	150
0	19	148
0	-1	150
0	20	150
0	9	150
3	-1	150
0	25	149
0	-1	130
1	39	150
0	-1	150
1	16	150
0	-1	151
0	15	149
0	14	149
1	-1	150
1	-1	150
1	20	150
0	-1	149
3	21	150
0	22	150
0	-1	149
1	21	150
0	13	150
0	11	150
1	29	147
1	-1	150
0	24	143
0	14	149
1	13	121
0	-1	150
0	13	151
1	-1	150
1	22	148
1	-1	145
0	28	151
2	-1	150
0	-1	149
0	14	149
0	12	150
0	-1	150
1	-1	142
1	-1	150
0	18	150
1	11	149
3	27	150
0	-1	150
0	14	122
0	17	150
0	-1	150
0	-1	144
0	-1	139
0	15	141
0	13	151
0	30	116
1	-1	151
0	-1	150
1	16	145
0	-1	150
1	31	150
1	-1	145
0	40	149
0	17	145
0	16	150
0	18	146
0	10	138
3	17	147
0	15	149
0	11	149
0	19	148
0	17	150
0	16	147
0	-1	150
0	18	149
2	22	150
0	15	151
1	23	150
0	-1	144
1	14	148
1	19	151
1	-1	147
0	-1	147
0	14	143
0	17	142
0	-1	150
1	14	150
0	18	151
0	6	110
0	15	148
0	-1	147
1	16	150
1	-1	151
0	15	133
0	20	151
0	45	151
0	-1	149
0	17	134
0	16	150
0	-1	139
0	18	150
1	18	150
0	21	147
0	10	120
0	16	150
2	-1	151
0	22	150
0	18	143
1	22	148
0	-1	134
1	18	150
0	38	150
0	-1	144
0	-1	151
0	13	149
0	19	150
1	-1	150
1	15	149
0	-1	150
0	21	150
0	33	149
1	16	149
0	17	150
0	-1	143
0	-1	146
0	15	150
1	-1	147
2	-1	149
0	12	144
1	14	151
0	-1	150
0	-1	150
1	-1	137
1	-1	149
1	-1	149
0	-1	149
1	20	147
1	-1	148
0	21	150
0	-1	150
2	35	149
0	15	150
0	21	151
0	19	147
1	41	150
0	18	150
0	23	143
0	-1	143
1	22	150
0	-1	150
0	14	147
0	-1	150
1	26	147
0	-1	150
0	17	150
0	11	90
1	25	150
0	16	150
0	-1	150
1	-1	145
0	17	150
0	37	149
0	-1	150
0	-1	149
0	-1	147
1	18	142
0	22	144
1	-1	149
0	19	146
0	7	149
1	12	150
1	13	151
1	-1	147
0	17	150
0	11	148
2	17	150
1	15	149
0	29	150
0	-1	136
0	6	150
1	10	144
0	7	99
0	10	145
0	11	147
0	11	122
2	-1	149
1	26	150
0	-1	148
0	21	150
1	14	151
0	-1	150
0	-1	147
1	15	151
1	19	130
0	13	151
1	-1	147
0	18	144
0	40	149
0	-1	150
0	13	150
0	-1	144
0	9	150
1	16	150
0	19	148
0	-1	150
0	-1	150
0	11	145
1	29	150
0	-1	149
0	16	151
0	7	108
0	-1	150
0	-1	150
0	-1	126
1	32	150
0	-1	142
0	17	149
0	-1	145
0	13	150
1	23	149
0	16	150
0	17	142
0	6	145
1	25	150
0	20	150
0	10	151
5	19	149
0	30	149
0	19	149
2	-1	150
2	23	149
1	17	150
0	16	150
2	22	120
0	16	147
0	9	150
0	17	151
3	-1	150
0	8	150
0	10	134
1	18	144
0	16	150
0	17	150
1	15	143
0	17	148
1	13	150
0	35	150
0	7	150
0	-1	150
1	37	147
0	-1	141
0	17	112
0	5	148
0	15	150
0	13	147
1	-1	150
0	10	149
0	19	150
2	13	150
0	24	150
0	14	140
0	-1	150
0	19	150
0	13	150
0	-1	136
1	21	151
0	9	151
0	12	150
0	12	127
2	16	151
0	13	150
0	18	149
1	-1	150
0	20	148
0	-1	150
1	-1	149
0	12	147
0	-1	150
0	20	150
1	-1	150
0	13	150
0	14	150
0	34	149
0	21	129
0	18	150
1	21	151
0	11	150
0	22	150
0	-1	150
0	16	151
0	19	149
0	-1	149
2	-1	149
0	33	149
0	-1	149
1	-1	147
0	17	151
2	-1	150
0	34	150
0	22	147
1	21	149
0	-1	149
0	15	150
1	12	146
0	-1	149
1	-1	149
0	17	151
0	-1	151
0	17	149
0	-1	150
0	23	145
0	-1	150
0	20	150
0	20	150
0	11	150
0	-1	133
0	-1	144
0	31	149
1	-1	150
0	16	125
1	-1	147
0	46	149
0	10	147
0	11	147
1	10	121
1	11	143
0	9	127
1	8	148
0	17	110
0	-1	150
0	17	149
0	35	140
0	19	151
0	17	150
1	-1	149
0	-1	146
1	18	149
1	-1	150
1	18	150
0	-1	148
0	16	130
0	-1	146
1	17	150
1	8	95
0	22	151
0	-1	150
1	15	150
1	-1	147
0	13	127
0	21	144
2	-1	150
0	15	150
2	25	150
1	16	150
0	-1	150
0	14	150
0	17	150
0	-1	150
1	20	150
1	-1	148
0	21	149
0	21	149
0	15	146
0	19	150
0	13	145
0	-1	149
0	13	151
0	30	148
0	23	129
0	16	148
0	13	131
2	-1	145
0	13	148
0	-1	144
1	25	142
0	13	150
0	25	151
1	19	149
0	19	110
1	-1	150
0	12	150
1	-1	150
0	25	144
2	22	150
0	14	144
0	8	150
0	17	150
0	11	94
1	16	140
0	22	149
0	19	150
2	14	149
1	-1	151
0	19	150
0	20	143
0	18	138
0	15	137
0	-1	130
1	21	150
1	14	147
0	7	148
0	18	149
0	17	150
0	-1	130
0	17	143
0	11	150
1	-1	150
0	17	150
0	26	151
0	17	150
0	14	151
6	21	126
3	16	151
0	-1	150
1	11	133
0	15	148
0	-1	150
1	20	150
0	-1	147
1	-1	149
0	15	150
0	-1	151
0	17	146
0	-1	149
0	17	150
0	-1	150
1	-1	150
1	36	150
0	-1	149
2	16	115
1	-1	150
0	-1	150
0	-1	145
0	-1	150
0	18	151
0	19	150
0	-1	147
0	-1	151
0	13	150
0	6	146
0	26	146
0	17	147
1	-1	150
0	-1	149
0	-1	150
0	-1	123
0	13	150
1	-1	146
0	17	149
0	36	150
0	-1	150
2	17	150
0	-1	150
0	14	150
0	9	146
0	19	150
0	-1	135
1	13	150
0	-1	149
0	13	126
0	15	150
0	13	150
0	17	148
1	15	149
0	-1	150
0	-1	150
0	-1	150
0	17	150
0	12	150
0	-1	150
0	33	145
1	-1	141
0	-1	150
0	8	150
0	35	147
1	-1	150
0	19	150
0	-1	146
0	13	121
1	-1	150
1	14	150
0	14	150
0	-1	147
0	11	150
0	-1	144
0	16	147
0	-1	150
0	15	150
0	20	147
0	23	150
0	-1	150
0	10	150
0	9	149
0	21	129
0	-1	149
0	-1	149
0	13	150
0	15	150
1	22	150
1	-1	150
0	-1	150
1	-1	150
0	-1	148
1	27	150
1	22	150
0	15	150
0	21	150
0	17	133
0	11	149
0	12	138
1	21	123
0	19	147
1	14	150
0	14	150
0	17	150
1	-1	151
2	-1	122
2	11	149
0	14	148
0	16	148
0	-1	149
0	25	134
1	-1	148
0	11	151
0	9	150
0	16	151
0	-1	150
1	24	150
0	-1	150
1	-1	150
1	17	150
1	-1	148
1	21	150
1	19	148
1	-1	151
0	20	150
0	18	150
0	14	150
0	-1	150
0	39	150
1	14	120
0	26	148
0	24	150
0	18	146
0	16	147
1	13	113
0	20	150
0	15	150
1	17	150
0	14	150
1	-1	150
0	16	150
0	28	149
0	-1	150
0	43	150
1	-1	150
3	21	150
0	-1	150
1	13	148
0	17	143
1	-1	123
0	-1	150
1	18	149
0	16	144
0	11	135
0	-1	151
0	-1	149
0	13	150
1	19	146
0	12	150
1	-1	142
2	-1	150
1	20	150
0	-1	150
0	-1	149
1	20	151
0	15	150
0	15	151
0	11	144
0	16	150
1	16	147
2	-1	150
3	-1	150
0	16	151
1	-1	126
1	-1	147
0	14	115
0	18	151
0	11	150
0	15	150
0	14	150
0	11	150
0	15	142
1	-1	150
0	18	150
0	30	142
0	11	106
1	17	148
1	9	150
1	17	151
1	24	150
0	15	149
0	-1	148
1	23	150
0	14	151
0	12	150
0	9	149
1	14	149
0	14	151
0	16	143
0	-1	138
0	14	148
1	-1	139
0	16	116
0	13	150
1	-1	150
0	15	150
0	14	148
1	-1	151
0	19	150
1	13	150
0	18	150
0	-1	148
0	-1	137
0	-1	150
0	14	122
0	16	150
1	-1	144
0	18	151
1	-1	142
0	20	147
0	33	150
0	13	150
0	-1	150
1	-1	151
0	11	150
0	-1	151
0	12	149
0	11	149
0	17	150
0	-1	150
0	-1	150
1	20	150
0	-1	150
0	8	150
0	12	151
0	15	148
0	18	150
0	21	150
0	11	139
0	-1	150
0	14	150
0	16	148
1	21	150
1	-1	150
2	16	151
1	34	133
0	-1	151
0	13	150
1	-1	149
0	18	146
1	17	150
1	10	150
0	16	145
0	14	149
1	39	149
1	14	150
0	-1	150
4	24	150
1	12	145
0	31	147
2	10	104
1	-1	149
0	-1	151
1	24	150
0	43	150
0	29	148
0	18	116
0	-1	149
0	-1	150
0	-1	150
1	30	146
0	7	150
1	18	150
0	-1	147
1	15	150
0	23	151
3	-1	142
0	24	143
1	13	147
0	17	144
0	21	150
0	-1	145
0	11	144
2	-1	148
1	39	150
2	26	150
2	14	147
0	-1	150
1	-1	150
0	14	137
0	9	149
0	8	150
1	19	148
0	-1	139
1	-1	144
1	-1	150
0	-1	149
1	-1	149
1	21	140
1	-1	147
0	15	149
0	-1	147
0	19	150
1	22	133
0	-1	150
0	12	150
0	19	136
1	22	151
0	-1	150
1	10	126
0	-1	145
0	-1	150
0	-1	151
0	12	147
0	16	145
0	21	150
0	10	130
0	11	150
0	11	151
1	-1	145
0	25	149
0	7	147
0	9	141
0	-1	133
0	8	132
1	-1	148
0	16	149
1	-1	151
0	-1	131
0	-1	149
1	8	147
1	20	147
0	21	149
1	37	146
0	19	150
0	17	151
1	-1	150
1	16	149
0	-1	150
0	14	151
0	-1	150
0	-1	150
0	-1	150
0	-1	150
2	-1	150
0	19	151
1	-1	150
1	18	150
0	-1	150
0	-1	148
0	-1	110
0	23	147
0	-1	114
0	-1	150
0	-1	150
0	17	150
0	16	149
0	16	150
1	-1	150
2	-1	150
0	13	148
0	-1	150
0	15	150
0	-1	145
0	17	150
0	14	150
0	24	150
0	-1	150
2	-1	150
0	-1	150
0	-1	150
0	-1	147
2	11	131
1	-1	151
0	9	148
1	13	150
1	-1	150
0	15	149
0	16	150
0	-1	150
1	15	150
1	-1	149
0	18	133
0	10	151
1	32	139
0	28	147
1	12	150
0	22	151
1	-1	151
1	-1	150
0	37	151
1	18	150
1	-1	150
0	13	150
16	18	150
0	14	150
0	-1	147
0	16	144
0	15	150
1	13	149
0	12	149
0	-1	150
2	12	150
0	21	150
0	-1	149
0	15	147
0	13	136
40	61	149
0	-1	147
1	17	147
1	25	150
1	-1	149
0	-1	147
0	23	150
0	14	147
0	16	150
1	21	150
1	10	150
1	17	150
1	15	135
0	-1	149
1	15	150
1	16	150
0	12	150
0	21	150
0	22	150
1	-1	150
0	-1	150
0	16	150
0	33	150
1	16	147
0	-1	151
2	-1	150
3	20	149
0	23	151
0	8	150
0	16	150
1	7	150
1	-1	144
0	15	150
0	-1	149
0	-1	137
1	16	146
0	-1	150
1	-1	148
0	20	144
0	-1	143
0	10	150
0	21	149
1	15	148
0	12	150
0	13	150
0	-1	146
0	-1	150
0	-1	150
0	9	145
0	12	150
0	16	151
0	-1	150
0	19	150
1	19	150
0	9	150
0	19	150
1	-1	148
0	9	150
0	29	149
1	15	147
0	13	151
0	15	150
1	21	151
0	17	150
0	8	146
0	22	131
0	32	148
0	-1	147
0	23	150
0	16	114
0	11	150
0	6	149
0	-1	150
0	11	150
0	-1	151
0	8	137
0	25	150
0	18	150
1	15	131
0	37	151
0	-1	150
1	-1	150
0	19	141
1	-1	150
0	16	150
0	17	150
2	39	150
1	33	151
0	14	147
1	-1	151
0	35	150
0	15	150
1	-1	140
0	11	150
0	11	144
0	16	124
0	19	141
0	-1	146
0	-1	148
0	-1	148
1	40	149
0	16	150
0	14	150
0	22	150
0	-1	147
0	23	150
1	-1	142
1	20	147
0	20	148
0	16	150
0	8	97
0	-1	149
0	9	141
0	22	150
0	15	151
0	17	149
0	-1	150
0	-1	148
1	-1	150
0	12	142
0	33	149
1	22	149
2	-1	150
0	17	145
1	17	151
0	24	150
0	-1	150
0	20	148
1	20	150
0	-1	143
0	-1	144
0	12	123
0	-1	150
0	-1	150
0	17	128
0	14	147
0	22	148
0	19	150
0	22	149
0	19	150
0	12	150
0	13	134
1	25	150
1	14	150
0	-1	150
0	25	150
1	8	150
0	-1	151
0	-1	150
0	11	143
1	18	150
0	-1	150
0	12	150
0	20	150
0	-1	150
1	38	151
1	30	150
0	-1	150
2	15	129
0	19	145
0	10	150
1	13	133
1	36	150
0	13	150
0	43	148
1	34	148
3	-1	151
0	17	137
0	14	149
0	16	142
0	-1	150
0	-1	149
1	-1	136
0	18	150
0	-1	151
0	14	148
0	-1	150
0	11	132
1	39	150
0	12	150
0	-1	148
0	-1	151
1	21	150
0	-1	150
0	17	150
1	19	146
0	22	150
1	-1	149
0	15	148
0	17	150
0	12	136
0	-1	149
0	16	150
1	-1	148
0	14	150
0	-1	147
0	13	150
0	-1	137
1	20	149
0	40	149
1	-1	150
1	-1	150
0	9	146
1	14	150
1	10	147
0	-1	148
2	-1	150
0	20	143
2	15	149
1	14	150
0	13	136
1	18	148
0	-1	149
0	-1	146
0	11	144
0	22	146
1	34	150
0	14	91
0	-1	149
0	20	151
1	-1	148
1	17	150
1	35	149
0	14	148
0	13	150
3	18	135
0	15	140
0	-1	149
2	11	143
2	32	115
1	15	149
0	22	150
0	-1	136
1	17	150
3	22	150
1	-1	147
0	12	150
0	20	151
0	-1	150
0	19	148
0	-1	145
0	15	149
1	-1	149
0	11	128
1	-1	147
0	12	151
0	-1	150
0	19	148
0	11	149
0	-1	149
1	34	150
1	-1	149
1	17	150
2	15	133
1	14	125
0	-1	150
0	-1	150
1	20	151
0	16	144
1	16	150
0	18	148
1	6	138
0	18	150
0	9	142
0	18	149
1	-1	150
0	27	150
0	-1	150
1	6	96
0	23	150
0	12	147
1	14	150
1	23	150
0	15	144
0	17	150
0	-1	149
0	15	150
0	-1	148
0	8	94
0	13	150
0	20	146
0	17	143
0	14	146
0	22	150
0	20	147
0	18	150
0	14	150
0	20	150
0	13	134
0	30	150
1	25	150
1	-1	149
0	13	147
1	-1	147
0	11	151
0	18	140
0	19	150
1	17	144
0	-1	148
1	-1	149
0	-1	151
0	-1	149
0	16	149
0	18	151
1	-1	150
1	9	145
1	11	150
1	-1	123
0	13	149
0	11	150
0	-1	149
0	21	150
0	18	132
1	17	148
1	17	148
0	6	149
0	24	148
5	21	145
0	-1	150
0	17	150
1	12	150
1	-1	151
1	14	147
0	16	129
0	11	149
1	-1	150
0	11	150
1	-1	149
2	18	150
1	26	151
0	-1	145
0	-1	150
1	-1	138
0	-1	150
1	15	150
0	15	150
0	-1	150
1	-1	150
0	8	149
0	35	149
1	-1	150
0	8	150
1	15	150
0	-1	150
0	-1	148
1	15	150
0	-1	148
0	14	148
0	-1	145
0	9	150
0	13	150
0	-1	149
0	41	150
0	7	150
1	16	151
0	20	150
0	19	150
1	22	150
0	36	148
1	16	150
0	28	146
1	-1	150
0	19	150
0	19	150
2	-1	149
2	12	150
0	16	148
0	20	151
1	13	150
0	13	147
0	-1	150
0	23	144
0	18	149
0	10	150
0	-1	151
0	14	150
0	9	150
1	25	151
3	20	150
1	-1	150
1	-1	151
0	-1	150
0	10	150
0	11	104
0	16	150
1	-1	150
0	-1	147
0	16	143
1	-1	150
0	16	150
1	14	149
0	-1	150
0	12	148
0	14	150
0	-1	151
1	19	151
0	-1	149
0	13	142
1	13	147
1	-1	147
0	16	150
0	13	150
0	18	150
1	8	78
0	-1	150
1	34	150
1	-1	151
1	23	148
2	-1	150
1	-1	147
1	22	140
0	18	150
0	13	150
0	37	151
0	31	150
1	-1	139
0	17	129
1	17	143
1	12	149
0	17	146
0	19	151
0	16	151
1	33	150
1	3	151
0	11	150
1	21	147
1	-1	131
0	14	151
0	-1	150
0	-1	117
1	-1	150
0	27	151
0	-1	150
0	20	150
1	15	142
0	7	150
1	-1	150
1	-1	150
0	9	150
0	-1	147
0	18	149
0	-1	145
0	15	149
0	13	74
0	15	150
1	10	150
0	21	150
0	39	138
1	21	113
0	15	142
1	-1	151
0	14	150
0	16	150
0	27	146
1	-1	150
0	12	126
2	25	151
1	-1	150
1	14	148
0	-1	150
1	-1	151
0	19	150
0	20	145
0	-1	150
0	20	147
1	15	149
0	-1	150
0	12	148
0	15	150
0	15	149
0	15	150
0	-1	128
0	14	149
0	14	130
0	19	149
0	-1	150
0	17	150
2	17	150
0	16	150
0	-1	145
0	17	149
1	16	150
0	-1	150
0	19	150
1	-1	151
0	13	150
1	16	151
0	-1	151
0	32	150
0	19	150
0	17	150
0	20	150
1	-1	136
1	24	150
0	-1	150
2	-1	147
2	-1	150
0	-1	150
1	-1	149
0	-1	146
0	20	150
0	16	150
0	-1	150
0	14	146
1	-1	149
0	9	150
1	14	147
0	15	150
0	12	146
2	19	143
0	-1	147
0	23	151
0	-1	150
0	8	148
0	-1	149
0	-1	145
1	-1	105
0	18	150
0	-1	148
1	17	143
0	16	150
0	-1	143
1	13	127
0	8	150
0	9	149
0	14	149
0	21	148
1	5	92
1	-1	150
0	21	138
0	9	150
0	12	147
0	16	139
0	23	151
1	17	151
0	-1	150
0	-1	146
1	-1	148
1	-1	150
2	21	150
1	-1	146
0	18	150
0	12	132
0	14	146
0	15	146
0	29	150
1	17	145
0	19	149
0	9	141
2	29	150
2	-1	150
0	7	150
1	-1	145
0	17	139
0	11	149
0	-1	150
1	-1	150
0	9	149
0	14	149
0	14	134
0	9	106
2	-1	150
1	15	150
0	13	150
0	-1	148
0	17	150
0	20	150
1	-1	151
0	-1	149
0	31	137
1	18	150
0	-1	134
0	-1	148
0	11	150
0	-1	144
1	16	116
0	-1	148
0	12	148
0	14	144
0	16	150
1	-1	150
0	16	146
0	20	151
0	17	150
1	-1	150
1	19	150
1	12	147
0	15	151
0	24	150
0	18	136
0	17	148
0	-1	150
2	-1	150
0	35	150
0	12	147
0	12	149
0	20	150
1	-1	151
0	16	150
1	16	150
0	-1	150
1	36	150
1	-1	137
0	17	149
0	21	146
1	-1	150
1	-1	150
0	13	147
0	-1	151
0	13	148
0	14	148
0	18	150
0	13	150
0	17	143
0	26	150
0	11	150
0	-1	125
1	-1	149
0	-1	149
0	15	150
0	7	149
2	-1	147
0	13	147
1	-1	149
0	20	151
0	17	149
0	16	147
2	-1	145
0	17	139
0	16	150
4	16	151
0	32	148
0	31	150
1	17	150
0	-1	150
0	14	150
1	-1	149
0	20	150
1	19	150
0	-1	147
0	25	150
0	11	142
0	10	74
0	11	146
0	11	138
0	12	150
1	15	150
1	13	150
0	32	148
0	13	113
0	-1	140
0	24	150
0	-1	151
0	-1	148
0	15	146
1	10	150
0	26	147
1	-1	148
2	18	144
0	-1	150
0	6	75
0	-1	150
0	14	144
0	21	150
0	-1	149
1	-1	145
0	-1	151
0	-1	150
0	-1	150
0	15	150
0	27	150
0	13	150
1	-1	149
0	20	150
0	24	150
0	-1	147
0	14	150
1	-1	147
0	21	150
1	-1	150
0	13	150
0	14	151
0	33	134
0	11	137
1	-1	148
0	-1	150
1	-1	144
0	11	150
0	17	150
1	19	149
1	15	150
0	14	151
1	11	150
1	6	150
1	15	151
0	18	149
0	15	151
0	16	150
0	16	151
0	33	149
1	13	150
1	18	148
1	-1	151
0	17	148
0	-1	144
0	15	134
0	14	150
1	24	150
1	19	150
0	-1	149
2	-1	146
1	14	150
0	-1	141
0	14	123
0	-1	146
0	-1	150
1	-1	150
0	-1	148
0	14	149
0	16	123
0	43	149
0	23	150
0	16	149
0	-1	144
0	-1	146
1	-1	142
0	19	149
0	-1	149
0	13	150
0	18	150
0	-1	144
1	-1	148
0	8	150
0	37	150
1	27	150
1	15	147
0	20	150
0	13	150
0	13	126
0	-1	150
0	-1	150
1	-1	137
0	27	148
0	18	150
2	20	142
1	-1	150
1	-1	150
0	-1	151
0	15	151
1	21	151
1	6	100
0	16	150
0	22	149
0	16	150
0	38	146
0	-1	146
2	15	150
0	12	105
0	-1	149
0	16	141
0	19	151
0	12	150
1	-1	150
0	-1	150
0	-1	144
1	12	151
0	-1	150
0	-1	145
0	5	122
0	23	149
0	10	150
0	-1	150
2	14	150
1	19	150
0	29	150
0	14	141
0	14	122
1	22	149
1	-1	150
0	27	150
0	4	150
1	-1	149
1	16	149
1	-1	145
0	20	122
1	15	150
0	-1	147
0	20	151
1	-1	150
0	-1	148
0	15	151
0	23	146
0	13	75
0	17	146
0	-1	150
0	20	150
0	21	150
1	-1	151
0	16	148
0	9	137
0	4	77
0	18	150
0	13	150
2	19	150
0	15	150
0	7	146
1	6	149
1	14	143
2	-1	146
1	21	146
0	-1	149
0	-1	150
1	16	150
0	-1	150
1	20	150
0	16	150
1	19	150
0	19	150
1	-1	150
0	-1	149
1	-1	130
0	-1	151
0	26	150
0	18	150
0	-1	151
0	15	143
0	17	149
0	18	150
0	20	139
0	30	150
0	-1	150
0	-1	151
0	14	150
0	-1	150
0	10	151
0	-1	148
0	10	141
0	-1	146
0	27	141
0	-1	150
2	17	150
1	9	150
0	11	141
1	18	149
0	-1	149
0	-1	148
1	-1	150
0	13	150
0	15	150
0	-1	142
0	34	149
0	11	150
0	-1	150
0	14	147
0	-1	137
0	9	150
0	14	147
1	4	145
0	12	151
1	33	150
0	19	147
1	15	151
0	21	151
0	14	150
0	8	151
1	-1	150
0	16	149
1	34	145
0	14	140
0	4	147
0	21	150
1	23	150
0	-1	125
0	13	151
1	-1	150
0	16	148
0	12	121
0	-1	150
0	-1	150
0	18	150
0	-1	150
0	14	150
0	18	149
1	13	114
0	12	150
0	-1	149
0	34	135
1	24	150
0	15	148
0	15	150
0	20	143
0	-1	150
1	31	149
0	-1	150
0	13	148
0	-1	150
0	19	151
0	11	150
0	9	145
1	17	151
0	-1	150
0	12	145
1	-1	141
0	24	150
0	-1	150
1	-1	148
0	-1	147
2	40	147
0	30	150
0	-1	150
1	-1	147
0	-1	150
0	23	144
0	12	147
0	-1	148
1	-1	150
0	16	150
0	-1	150
0	-1	150
0	-1	150
0	19	147
3	9	147
1	24	147
1	-1	150
0	19	150
0	9	150
0	8	128
0	22	151
0	10	150
0	-1	151
1	-1	133
0	14	134
0	-1	150
0	16	150
0	20	150
0	31	149
0	15	151
2	15	150
2	20	149
0	18	150
0	-1	151
0	14	144
1	25	149
0	21	150
0	-1	149
0	-1	150
0	-1	149
0	13	147
0	-1	150
0	-1	147
0	-1	146
1	-1	151
0	-1	145
0	19	150
2	10	148
0	24	143
0	4	150
0	23	150
0	18	151
0	14	151
0	13	150
0	12	138
0	16	151
0	15	148
1	18	151
1	19	151
1	32	146
0	13	123
0	-1	134
1	13	127
0	29	151
0	12	150
1	19	146
1	-1	146
2	17	138
0	23	150
0	19	151
0	14	143
0	18	137
0	12	150
0	-1	150
2	12	150
0	-1	150
1	-1	151
0	-1	149
0	-1	150
0	15	140
0	16	151
0	16	151
0	11	148
2	-1	147
0	14	148
1	-1	149
0	-1	147
0	11	150
0	27	150
0	18	147
0	16	142
0	18	150
0	19	150
2	-1	128
1	17	149
0	35	151
1	12	150
1	11	151
0	11	151
1	-1	150
2	14	148
0	38	150
0	-1	150
0	-1	151
1	-1	137
0	18	140
1	19	133
1	-1	145
0	-1	151
1	-1	150
2	24	144
0	26	150
0	14	148
0	15	149
1	21	144
0	-1	148
0	10	151
0	16	149
0	23	150
0	11	150
0	12	147
0	16	146
0	-1	112
0	17	142
1	-1	119
0	32	146
0	12	144
0	42	150
0	-1	129
0	15	150
2	14	148
0	-1	150
1	-1	116
0	8	124
0	20	151
0	8	101
0	12	143
1	-1	149
2	14	145
2	-1	150
0	-1	150
0	-1	150
0	-1	151
0	14	148
0	11	149
0	-1	150
0	13	144
0	-1	150
0	18	150
0	13	150
0	-1	127
0	14	149
0	19	150
1	18	136
0	-1	149
0	12	149
0	11	82
1	-1	150
1	17	149
0	-1	151
0	-1	148
0	-1	149
0	25	146
1	-1	149
0	17	151
0	9	150
0	-1	149
0	14	131
0	31	146
0	34	150
0	16	150
0	20	150
0	-1	146
0	18	129
0	14	151
0	15	150
0	13	149
0	11	112
1	-1	151
0	-1	148
0	10	139
0	-1	147
1	13	150
1	7	150
0	12	147
1	16	151
0	15	151
0	17	150
0	13	150
0	13	140
0	-1	151
1	17	142
0	12	146
0	-1	147
0	20	124
0	-1	150
0	17	148
1	18	146
1	13	130
1	-1	145
1	-1	147
0	12	122
1	-1	143
0	14	150
0	-1	145
0	12	139
0	15	134
3	-1	151
0	-1	150
0	14	145
1	-1	150
0	12	137
0	-1	150
0	12	148
0	12	149
0	10	148
0	8	145
0	12	149
0	-1	150
0	16	150
0	-1	150
0	14	150
0	23	148
2	21	150
0	8	150
1	17	150
0	20	150
0	-1	150
1	14	145
0	32	135
0	22	146
0	16	149
1	15	147
1	15	147
1	-1	150
0	-1	149
1	17	151
2	-1	151
1	-1	151
2	14	149
0	-1	150
0	-1	149
0	16	131
0	-1	148
1	12	123
1	11	150
0	17	150
0	13	128
0	20	151
0	-1	150
0	-1	151
2	-1	150
0	10	133
0	-1	116
0	26	137
1	13	151
1	-1	150
0	-1	151
0	16	116
0	-1	149
0	21	143
1	14	147
0	10	93
1	14	149
1	15	150
0	-1	150
0	33	141
0	7	150
0	14	150
1	36	149
0	19	150
0	37	150
0	16	132
0	26	151
0	9	148
0	12	123
0	10	137
0	8	81
0	-1	150
0	10	98
0	17	147
3	-1	133
0	9	141
1	15	100
2	-1	151
0	12	149
0	12	121
0	14	150
0	11	150
0	-1	150
0	-1	150
0	16	149
1	34	146
0	13	151
0	23	150
0	15	142
0	-1	150
0	20	148
0	8	148
0	15	122
1	20	146
1	16	132
0	11	149
0	18	150
0	10	150
0	16	149
0	-1	150
0	35	131
0	16	145
1	18	149
1	-1	145
0	9	145
1	13	150
0	6	147
7	17	150
0	17	150
0	-1	148
1	-1	150
1	-1	144
0	14	112
1	15	102
0	14	150
2	17	150
0	-1	149
0	13	151
0	15	150
0	27	149
0	21	150
0	-1	150
0	19	146
0	23	150
0	-1	150
0	15	150
0	-1	148
0	24	151
1	16	139
0	-1	128
0	-1	141
0	22	135
2	-1	149
0	19	137
2	-1	140
1	-1	150
1	16	151
1	-1	150
0	16	150
1	-1	149
0	19	149
0	-1	149
0	-1	150
0	-1	146
0	14	140
1	-1	150
3	-1	131
0	24	148
0	20	147
1	20	141
1	11	146
0	8	105
0	16	150
0	-1	133
0	18	151
0	24	150
0	16	148
2	-1	149
0	14	146
2	19	149
0	-1	150
0	11	149
0	-1	150
0	19	147
1	15	148
0	18	150
0	9	151
0	16	147
0	-1	150
1	-1	150
0	17	150
0	12	149
2	-1	146
0	23	150
0	16	151
0	13	151
1	16	151
0	-1	147
0	15	147
0	20	150
0	12	151
0	-1	151
0	-1	150
0	15	150
2	18	132
0	40	144
0	11	147
0	18	150
0	-1	135
1	-1	151
1	15	149
0	15	146
0	-1	150
0	14	150
0	16	151
0	-1	150
0	20	151
1	-1	146
0	13	150
1	10	149
0	-1	150
1	15	149
1	17	150
0	12	150
0	-1	150
0	29	149
0	-1	150
0	12	145
1	-1	147
1	-1	135
1	16	150
0	25	134
0	12	133
0	16	150
1	15	150
1	14	150
1	30	128
0	18	149
0	12	111
0	-1	151
1	-1	149
0	18	150
0	18	150
2	11	150
0	11	135
0	-1	150
0	-1	150
1	-1	150
1	-1	150
1	17	151
0	10	149
0	9	149
1	11	150
0	20	150
0	-1	149
0	15	150
1	26	150
0	-1	118
1	15	148
2	-1	150
0	-1	150
1	-1	150
0	36	150
0	15	141
0	31	147
1	14	115
1	14	150
1	14	149
0	16	149
3	-1	150
0	17	150
1	-1	150
0	25	151
1	14	149
0	-1	150
1	-1	134
0	16	150
1	15	150
1	27	134
0	8	125
0	7	149
2	16	150
0	-1	147
1	-1	145
0	15	145
2	13	149
0	14	150
0	11	151
0	10	127
3	33	151
0	7	144
0	17	150
0	15	125
0	6	151
0	13	148
0	13	139
0	-1	151
0	-1	151
0	15	150
0	-1	150
0	-1	133
0	15	149
0	-1	150
0	19	150
0	18	150
0	-1	149
1	8	139
0	24	148
0	20	150
0	-1	150
1	18	151
0	16	150
0	-1	149
1	-1	135
1	18	150
1	-1	149
0	22	148
1	20	149
2	37	147
0	-1	150
0	-1	149
1	18	149
0	13	150
0	7	150
0	12	139
0	-1	130
0	21	148
0	21	150
0	-1	150
0	13	138
0	-1	150
0	-1	151
0	20	149
0	16	138
0	-1	150
1	-1	148
0	10	149
0	17	150
1	13	150
0	15	149
0	20	142
1	19	151
0	-1	150
1	16	95
0	35	149
0	-1	126
0	13	150
0	-1	133
0	15	146
0	15	150
0	16	150
0	14	150
0	-1	145
1	-1	149
0	6	113
1	20	148
0	16	151
1	12	150
0	19	148
0	15	150
0	21	140
0	13	150
1	-1	150
0	-1	150
1	10	151
0	16	150
0	19	150
0	17	150
0	-1	148
0	-1	148
2	23	150
0	14	150
1	16	151
0	15	150
1	14	146
2	12	150
1	20	148
0	13	150
0	19	150
0	13	150
0	16	150
0	24	151
0	-1	127
0	16	150
2	-1	146
0	16	140
2	18	150
0	26	142
0	-1	150
1	19	149
0	-1	150
1	21	150
0	13	148
2	15	149
0	20	150
0	18	148
0	17	150
0	12	146
0	21	136
1	10	132
2	-1	140
0	-1	150
0	12	149
1	14	150
0	19	148
2	-1	144
1	19	135
0	15	149
0	22	151
1	-1	151
1	14	150
0	17	150
1	-1	122
0	21	149
1	11	141
0	-1	150
1	22	150
1	17	151
0	22	151
0	13	150
0	14	150
0	14	150
0	-1	149
0	-1	151
0	-1	150
0	10	128
1	-1	150
0	12	133
0	-1	149
2	-1	150
0	13	89
0	-1	150
0	17	149
0	39	148
1	15	149
0	-1	150
0	23	150
0	16	138
0	14	150
0	18	146
0	-1	151
0	-1	151
0	14	149
0	23	149
0	17	150
1	-1	150
2	-1	150
1	11	145
0	16	140
0	-1	151
1	17	143
2	-1	146
1	9	129
0	21	150
2	12	149
0	-1	148
0	-1	150
0	13	149
0	13	150
0	-1	150
1	-1	150
1	11	150
1	21	150
0	-1	151
0	10	150
0	18	150
0	-1	150
0	7	149
0	-1	130
0	36	139
0	-1	148
1	38	147
0	14	150
0	10	148
1	-1	145
1	-1	150
0	10	147
0	-1	147
0	16	148
0	-1	149
0	14	150
0	-1	149
1	32	133
2	16	150
2	16	147
2	25	114
1	-1	149
1	19	151
0	18	150
1	-1	150
0	17	151
0	24	131
0	-1	151
0	-1	151
0	-1	148
0	18	150
0	23	151
0	13	135
1	-1	149
0	17	147
1	-1	150
0	18	147
1	17	135
0	8	150
0	19	150
0	10	150
0	18	151
0	13	150
1	12	150
1	-1	144
0	17	150
0	-1	149
1	-1	148
0	-1	150
1	22	150
0	21	150
1	-1	150
0	14	151
0	22	151
1	-1	151
1	27	150
0	18	150
0	15	150
0	19	150
0	12	148
0	10	150
0	18	146
0	-1	151
1	22	149
0	10	150
1	18	150
0	-1	151
1	-1	149
0	15	149
0	-1	150
1	8	147
0	15	151
6	18	141
2	22	150
0	12	150
0	20	149
0	-1	151
0	-1	149
0	14	147
1	22	151
0	20	150
0	26	150
1	20	142
0	13	151
0	21	149
0	-1	148
0	26	150
1	23	150
0	17	150
0	11	148
0	14	148
1	9	149
0	15	150
2	26	150
0	13	150
1	31	150
0	-1	143
0	15	150
0	10	150
0	21	150
1	18	143
0	16	150
0	15	144
1	-1	147
2	-1	150
0	-1	149
1	24	149
0	13	130
0	10	151
0	20	149
0	33	148
0	15	127
1	14	145
1	21	150
4	-1	150
1	-1	147
1	34	150
0	8	149
0	10	148
1	20	150
0	27	150
1	-1	151
1	-1	151
1	12	149
0	15	126
0	19	123
0	-1	151
0	31	149
0	16	147
0	19	151
2	29	146
0	-1	150
0	15	149
1	-1	148
1	20	150
0	19	150
0	19	148
1	24	139
1	10	140
0	12	135
0	17	120
0	26	142
0	14	69
1	20	149
0	15	149
0	16	145
1	16	150
0	17	150
0	20	138
0	20	143
0	31	137
0	8	147
2	15	139
1	-1	147
0	11	139
0	16	148
0	12	150
0	21	149
0	17	150
0	16	147
0	-1	137
0	18	144
1	-1	147
0	-1	126
0	9	150
0	-1	147
1	24	149
0	20	139
0	-1	120
0	8	136
0	13	141
2	18	120
1	-1	151
1	18	150
0	18	148
1	-1	150
5	23	147
0	34	151
2	-1	140
1	22	151
0	-1	150
0	31	150
1	24	145
0	15	150
0	14	150
0	20	151
0	26	143
1	-1	150
0	9	151
0	10	150
0	13	149
0	25	150
0	36	139
1	18	147
0	25	150
0	-1	149
0	25	151
1	39	148
0	-1	150
0	-1	146
0	12	135
0	7	150
1	-1	150
0	-1	151
0	-1	151
0	18	148
1	-1	150
0	-1	149
0	-1	150
2	24	151
0	-1	150
0	-1	151
0	15	143
0	-1	148
0	23	150
2	10	150
0	14	150
0	-1	151
0	31	150
0	20	143
0	-1	149
1	32	151
1	-1	148
0	-1	150
0	18	136
1	-1	150
0	18	150
0	-1	141
0	10	150
0	-1	149
0	-1	150
0	-1	123
0	22	150
0	20	149
0	34	150
0	16	150
0	-1	135
2	-1	150
0	-1	150
0	17	148
0	16	149
1	-1	146
0	-1	143
2	-1	150
0	-1	149
0	-1	150
0	-1	151
0	6	144
1	14	150
0	-1	151
2	-1	149
0	-1	150
0	-1	147
0	-1	150
1	-1	134
1	-1	151
0	18	150
2	-1	149
0	11	150
1	24	150
1	-1	147
0	27	151
0	18	151
0	13	149
1	-1	150
0	15	151
0	14	151
0	18	150
0	14	149
0	-1	147
2	-1	150
0	18	151
0	29	150
1	-1	121
0	32	150
0	21	151
0	16	150
0	-1	130
0	-1	148
0	20	148
0	-1	149
1	16	150
0	15	141
1	15	143
0	14	150
2	23	150
0	31	151
0	-1	150
0	-1	150
1	21	150
0	11	151
0	20	149
0	26	130
2	21	149
0	14	150
0	20	148
0	15	146
0	-1	149
1	15	138
0	-1	125
0	18	146
0	18	150
0	-1	150
0	19	145
0	14	147
1	19	150
0	-1	150
1	12	148
0	27	150
0	-1	150
0	10	136
0	-1	151
1	17	151
1	26	150
1	-1	150
1	-1	149
0	20	150
0	-1	134
1	8	150
0	19	148
0	22	150
0	-1	149
0	-1	150
0	-1	140
0	20	138
0	37	141
4	-1	150
0	18	150
0	32	150
1	19	150
2	-1	147
0	11	148
0	15	150
1	20	150
0	14	150
0	-1	128
3	15	151
2	24	145
0	14	150
1	14	149
0	17	149
0	-1	146
0	9	129
1	-1	150
0	-1	150
1	-1	150
0	22	140
0	12	150
0	16	150
0	-1	147
0	21	150
0	-1	148
6	-1	146
0	19	150
0	-1	144
0	10	150
0	16	136
0	20	148
0	11	141
0	15	139
0	14	132
6	23	132
0	-1	150
1	24	151
1	12	99
0	14	149
0	13	151
0	-1	144
0	-1	149
0	13	145
0	14	150
0	15	150
1	-1	151
0	-1	151
0	8	96
0	22	144
0	17	143
0	16	150
0	30	150
0	26	148
1	-1	147
0	-1	149
2	22	150
4	-1	150
0	-1	150
1	40	148
1	12	139
0	8	65
1	19	150
1	18	150
1	37	150
0	-1	150
0	13	134
0	15	92
0	23	149
0	-1	150
0	24	151
0	20	151
0	16	150
0	11	142
0	34	143
0	12	146
0	-1	145
0	15	146
0	19	151
0	13	150
0	14	145
0	15	150
1	19	145
0	-1	92
0	7	123
0	11	150
1	-1	150
1	31	143
0	-1	150
0	26	136
0	-1	148
1	12	151
1	17	150
0	15	150
0	15	150
0	14	148
0	-1	149
0	13	147
0	21	150
0	17	150
1	-1	146
1	-1	138
0	12	150
1	-1	150
0	-1	150
1	18	148
0	18	143
0	-1	148
0	18	151
0	12	150
0	11	150
1	-1	145
0	17	151
0	10	146
0	-1	150
0	16	145
2	30	150
0	8	150
0	7	151
0	34	149
0	17	150
0	17	151
1	-1	146
0	13	150
1	-1	146
2	19	142
1	-1	146
0	19	148
1	10	148
0	19	150
0	9	150
0	-1	150
1	10	121
0	9	145
0	18	150
0	-1	151
0	-1	149
0	16	151
2	-1	114
1	-1	148
1	-1	148
0	16	150
1	-1	137
0	18	150
0	13	151
0	24	129
0	22	150
0	17	149
0	17	149
0	22	150
1	20	150
0	15	149
0	14	150
0	-1	150
0	37	148
1	-1	149
0	24	149
1	12	151
0	22	150
0	16	151
0	16	146
0	18	150
0	11	71
1	-1	150
0	13	127
0	-1	150
1	-1	150
1	7	106
0	-1	150
1	30	150
1	6	100
0	-1	150
0	41	150
0	-1	146
0	-1	151
1	16	97
0	-1	150
0	8	132
0	35	151
0	19	149
2	-1	138
0	-1	150
0	16	150
0	35	151
0	-1	148
0	24	142
0	17	150
0	-1	151
0	-1	149
0	15	150
0	23	150
0	16	150
1	18	151
0	-1	146
0	33	151
0	-1	147
1	16	147
1	41	145
0	-1	149
0	18	137
0	14	150
2	22	151
0	-1	146
0	19	150
0	-1	150
0	18	151
0	39	150
1	23	150
1	19	151
1	-1	147
2	15	144
1	-1	150
0	13	149
0	-1	140
0	22	143
0	14	150
0	-1	148
0	13	148
0	16	150
0	27	150
0	-1	150
1	20	150
0	15	139
0	-1	150
0	15	150
2	37	150
0	12	149
0	-1	150
0	16	150
1	18	148
0	-1	150
0	15	150
0	16	150
0	20	150
0	13	150
0	-1	150
0	10	147
0	5	150
1	-1	149
0	14	129
0	-1	149
1	-1	150
0	-1	149
0	-1	150
0	27	133
0	14	140
0	12	149
0	21	150
1	18	151
1	14	141
1	19	150
0	-1	146
0	-1	150
0	19	142
1	11	150
0	11	85
1	-1	146
0	20	150
2	-1	150
0	16	150
0	11	141
0	-1	150
0	-1	151
0	-1	137
1	-1	150
1	21	151
1	32	150
0	6	145
0	-1	150
1	18	150
0	-1	150
0	17	151
0	-1	150
1	-1	150
0	19	130
1	18	148
0	13	148
0	11	151
0	-1	151
0	-1	126
0	11	123
0	19	147
0	18	150
0	17	151
0	35	148
1	-1	148
2	13	151
0	17	150
1	11	146
1	11	151
1	-1	150
2	-1	132
1	12	150
0	15	147
0	21	150
0	-1	148
0	-1	149
0	17	145
0	15	150
0	-1	151
1	-1	150
0	10	145
0	13	150
0	23	150
0	-1	150
0	19	151
0	18	148
1	-1	149
0	13	150
1	-1	128
1	11	120
1	20	145
0	40	150
0	-1	105
0	-1	148
0	13	145
0	19	150
0	11	147
0	-1	150
0	16	141
0	13	150
0	-1	121
0	25	133
0	22	150
0	-1	150
0	14	148
0	21	129
0	11	150
0	16	150
0	42	147
0	17	149
1	18	150
0	16	150
1	21	140
0	12	150
0	-1	151
0	-1	142
0	-1	150
0	30	149
0	-1	149
0	17	150
0	-1	148
1	16	150
0	17	129
0	13	104
0	22	140
0	-1	150
1	17	149
0	15	144
0	21	131
0	16	126
0	9	144
0	22	149
0	41	148
0	20	148
1	21	150
0	-1	148
1	17	151
0	18	149
0	16	142
1	13	147
4	26	151
0	18	147
1	18	151
0	17	146
1	38	148
0	-1	143
0	16	149
0	17	150
0	10	149
0	11	147
0	-1	139
1	13	135
0	19	150
1	-1	150
1	-1	147
1	21	149
1	-1	146
0	17	142
0	-1	147
0	19	150
0	17	138
0	23	147
0	18	142
0	18	148
1	-1	148
1	-1	150
0	20	150
0	17	139
0	-1	140
0	11	150
0	23	151
0	16	146
1	22	151
0	12	149
0	18	128
0	-1	150
0	-1	149
0	18	148
0	-1	148
0	20	148
0	-1	150
3	17	144
0	16	149
0	-1	137
1	-1	151
0	22	150
0	25	150
0	29	150
1	12	148
0	14	151
0	13	150
0	18	144
0	-1	134
0	14	150
0	18	150
2	14	127
0	-1	150
0	16	151
0	15	146
0	11	148
0	16	149
0	15	150
2	-1	150
1	13	147
2	-1	151
0	26	144
1	17	127
1	14	137
1	30	148
0	13	135
0	19	147
0	18	137
0	15	128
0	-1	151
0	-1	121
1	3	149
6	-1	130
0	12	147
0	-1	150
0	-1	150
0	19	150
0	-1	150
0	32	139
0	14	145
0	17	150
1	15	150
0	17	149
0	-1	116
0	18	150
0	14	145
1	15	150
0	43	148
1	-1	150
0	-1	150
1	22	150
0	-1	150
0	-1	150
0	-1	146
0	8	79
0	23	148
1	33	150
0	31	149
0	17	145
0	-1	150
1	-1	149
1	14	151
0	-1	150
0	19	134
0	15	146
1	-1	148
1	10	144
0	15	146
2	-1	150
0	18	139
0	14	121
0	18	135
0	25	141
1	-1	150
0	-1	150
0	9	118
0	14	151
1	19	150
0	16	143
1	27	150
1	-1	146
0	13	151
1	14	149
1	15	150
0	11	150
0	17	144
1	36	150
2	41	150
1	18	148
2	20	151
0	-1	149
1	26	147
0	-1	119
1	19	147
1	18	149
0	-1	150
2	-1	150
2	13	149
0	16	122
2	-1	150
0	10	148
0	17	150
1	38	149
0	17	150
0	15	150
1	-1	150
0	18	130
1	16	151
0	12	94
0	21	138
0	7	149
0	-1	150
0	35	148
0	-1	137
1	-1	151
0	21	141
0	-1	151
2	-1	151
1	-1	145
0	-1	149
0	13	151
2	-1	150
0	-1	150
1	-1	149
1	16	150
1	20	150
0	14	142
0	8	122
2	21	150
3	-1	149
0	20	146
0	15	148
0	16	142
0	-1	150
0	19	127
0	14	150
0	-1	150
0	9	148
1	16	143
1	14	148
0	14	150
0	19	150
0	9	147
0	-1	150
1	13	151
0	13	133
1	8	150
0	-1	145
1	16	141
0	20	143
0	14	149
0	20	150
0	18	150
0	18	150
0	-1	150
1	15	150
0	7	150
0	-1	150
0	15	151
3	-1	117
1	30	149
0	20	149
1	16	151
0	14	127
0	33	149
0	18	146
0	20	150
0	27	150
0	21	151
1	-1	145
0	-1	145
1	20	150
0	-1	150
0	20	149
0	11	150
1	14	150
0	11	150
1	18	150
0	20	142
0	40	140
1	-1	150
0	18	150
0	16	126
0	-1	150
0	-1	148
2	34	150
0	12	146
0	-1	151
0	22	151
1	20	148
1	15	150
0	42	150
0	-1	144
0	15	150
0	10	151
0	16	134
0	14	150
0	14	151
0	-1	141
0	-1	148
0	14	150
0	28	150
0	12	137
0	10	150
0	17	149
0	31	150
0	-1	150
0	-1	137
0	31	132
0	15	149
0	18	149
0	18	149
1	-1	150
0	-1	148
0	20	151
0	15	150
0	23	122
1	14	150
1	14	150
0	-1	150
1	10	151
0	-1	150
0	22	151
0	12	93
1	23	150
0	10	136
1	12	124
1	12	151
2	15	149
0	-1	128
0	-1	150
0	8	147
0	24	150
0	-1	146
1	-1	150
1	-1	151
0	10	150
0	16	150
1	18	147
2	-1	149
0	-1	147
1	-1	151
0	18	151
0	-1	126
1	14	151
0	16	151
0	19	122
0	14	146
0	19	149
0	-1	149
1	15	148
1	-1	150
0	10	150
0	-1	151
0	-1	144
0	-1	149
0	11	151
2	16	149
0	21	151
1	12	123
0	-1	94
1	18	126
1	-1	150
1	-1	145
0	-1	124
0	11	151
0	13	150
0	-1	151
0	-1	151
0	15	150
1	14	135
1	14	132
1	14	107
1	23	131
0	11	124
1	13	123
1	10	151
1	-1	146
1	-1	148
2	-1	150
0	10	150
1	14	151
1	16	150
1	-1	150
0	12	150
0	-1	147
1	14	150
1	-1	148
0	15	136
0	15	128
1	13	146
0	11	148
0	-1	150
0	-1	135
0	16	151
1	15	151
2	16	150
0	10	135
0	-1	150
0	9	142
0	9	150
0	11	150
1	-1	150
2	15	144
0	20	150
1	-1	147
1	18	150
0	-1	149
0	8	141
0	36	134
0	12	148
0	28	151
0	-1	146
0	10	149
0	16	150
0	27	145
0	14	146
0	-1	151
0	37	143
0	7	90
2	-1	148
0	20	150
0	17	149
1	9	150
0	19	118
1	-1	146
0	39	148
0	9	150
1	16	142
1	16	149
1	13	127
0	-1	149
0	17	150
0	20	150
0	12	148
1	9	139
1	15	107
1	20	150
0	7	127
0	-1	150
0	15	150
0	17	148
0	15	142
0	-1	146
1	12	131
0	17	139
2	21	146
0	17	150
2	16	148
1	15	147
2	-1	151
0	13	150
2	15	147
2	-1	126
1	15	141
0	18	151
1	20	150
0	11	148
0	38	150
1	16	131
0	12	146
0	15	148
0	19	150
0	20	150
0	14	150
0	-1	150
0	18	150
0	11	101
0	15	150
0	19	150
1	5	103
0	8	147
0	-1	150
0	-1	146
0	24	144
0	-1	126
0	19	149
0	19	150
0	16	147
1	24	134
1	14	143
2	14	150
0	13	148
0	27	147
1	-1	150
0	9	137
0	13	150
1	-1	148
1	14	150
1	13	147
0	24	151
0	16	128
1	15	151
0	-1	134
1	18	149
1	-1	150
0	14	148
0	12	130
0	11	150
0	17	148
0	15	143
0	19	151
0	16	151
4	17	150
2	35	150
0	-1	150
0	10	122
2	-1	142
0	22	150
0	18	148
0	17	151
1	27	150
1	-1	150
0	34	149
0	-1	127
0	-1	150
2	15	148
0	11	151
0	13	150
0	-1	134
1	12	150
0	9	151
1	-1	151
0	17	151
1	-1	150
1	20	147
2	28	146
0	-1	145
0	17	150
1	-1	150
0	19	147
2	-1	139
0	-1	145
1	-1	149
0	12	150
0	17	112
1	12	150
0	12	150
1	9	149
0	-1	150
0	18	145
1	-1	150
0	22	151
0	14	150
0	12	149
0	17	151
0	1	88
26	26	69
0	18	148
0	-1	151
1	-1	135
1	11	150
0	-1	148
1	9	150
0	15	127
0	13	150
0	8	149
2	-1	145
0	11	150
1	10	151
0	19	151
2	24	117
0	18	150
1	16	127
0	22	151
0	-1	149
1	-1	147
1	15	151
0	20	150
0	17	148
0	13	149
1	19	150
0	20	150
1	19	150
0	16	130
0	-1	150
0	9	151
0	-1	150
1	18	150
0	19	151
0	17	147
0	15	136
0	-1	146
0	14	151
0	11	150
0	17	151
0	-1	150
1	-1	149
1	14	150
1	14	150
0	15	123
1	11	142
3	-1	150
0	-1	141
0	-1	150
0	-1	138
0	20	150
0	18	132
1	12	150
0	14	150
0	22	132
0	15	147
1	-1	147
0	-1	150
0	15	151
1	13	144
1	10	150
0	16	149
0	-1	150
1	-1	149
1	9	92
3	15	150
0	11	141
0	20	133
1	13	150
0	8	139
0	10	142
1	-1	144
0	12	141
1	19	148
0	13	150
0	14	122
0	-1	148
1	-1	150
0	-1	129
0	14	131
0	14	150
1	18	143
1	15	150
0	19	137
0	-1	150
1	-1	150
1	15	143
0	18	150
0	12	151
1	13	150
0	7	150
0	-1	136
1	-1	151
0	13	150
1	12	149
4	21	147
0	11	79
1	-1	148
0	-1	150
1	-1	148
0	-1	150
0	16	150
0	9	150
0	-1	150
0	18	147
0	13	150
0	10	149
1	23	146
0	13	132
0	18	149
1	-1	147
0	14	150
0	-1	150
0	13	142
0	21	150
0	16	150
1	15	148
0	-1	79
0	-1	149
0	19	150
0	12	145
0	-1	147
0	11	150
0	11	148
3	-1	105
0	-1	149
1	-1	150
1	-1	149
0	-1	150
0	-1	149
1	-1	151
0	12	122
1	-1	150
1	20	149
1	14	129
1	14	151
0	19	151
0	18	150
0	18	150
1	13	146
0	-1	149
0	-1	150
0	19	141
1	24	142
1	-1	147
2	15	134
0	-1	151
2	-1	151
0	9	149
1	-1	151
0	9	88
0	18	149
0	30	145
0	17	149
1	10	151
1	13	151
1	10	150
5	15	117
0	21	147
0	-1	134
0	-1	151
0	13	149
1	-1	150
2	16	139
1	-1	150
1	-1	150
0	12	150
0	-1	150
0	20	150
0	-1	148
1	14	150
1	23	147
3	-1	147
1	-1	151
0	13	149
0	-1	148
0	13	104
1	17	138
0	-1	142
1	13	149
0	19	150
0	20	150
2	20	151
0	21	148
2	19	148
0	15	150
1	-1	148
1	11	143
0	15	149
0	-1	147
1	-1	149
0	15	150
1	-1	150
0	12	151
0	-1	150
1	16	150
0	-1	149
0	14	146
0	-1	150
1	-1	149
1	18	150
0	-1	150
0	20	150
0	11	131
1	31	150
1	-1	150
0	-1	150
1	15	150
2	20	137
1	17	150
0	22	147
0	-1	150
1	-1	149
0	-1	149
1	19	150
0	-1	150
0	17	150
1	15	150
0	19	150
0	-1	150
1	-1	151
0	13	141
0	-1	150
0	14	150
0	16	150
0	-1	150
0	19	149
1	20	149
1	-1	150
0	-1	150
0	-1	149
1	-1	150
0	-1	150
0	17	151
0	-1	151
1	11	150
1	-1	150
0	15	150
1	25	145
0	14	150
0	10	149
1	16	150
0	14	132
1	19	150
2	17	144
0	-1	149
1	15	151
0	11	139
0	18	146
1	-1	149
0	-1	149
0	22	151
0	-1	147
1	-1	151
1	-1	151
0	14	146
0	-1	151
0	20	150
0	6	150
0	22	150
2	17	122
2	-1	150
2	20	151
0	21	151
0	14	148
0	-1	150
0	14	149
2	14	117
0	10	145
0	38	150
0	-1	150
0	17	150
0	-1	151
1	-1	150
0	18	151
1	15	150
0	13	151
0	-1	150
0	-1	140
1	23	150
0	11	150
1	-1	149
0	16	150
2	-1	149
0	21	149
0	-1	148
1	12	147
1	-1	150
1	14	150
1	16	149
1	-1	123
0	21	148
0	27	150
0	21	144
2	-1	149
0	20	150
0	-1	150
1	20	150
0	-1	140
1	19	150
0	-1	134
0	14	151
0	22	150
0	-1	150
0	10	147
0	21	144
0	6	150
0	11	121
0	13	151
0	-1	150
1	12	146
1	22	150
2	-1	151
0	14	150
0	37	149
0	-1	151
0	13	151
1	-1	149
0	14	150
0	16	151
1	13	150
1	34	150
1	11	127
1	17	150
1	-1	150
0	20	147
1	12	150
0	6	150
0	-1	150
1	10	150
1	19	149
1	-1	150
1	16	151
0	-1	150
1	19	149
2	-1	151
1	-1	150
1	8	126
0	-1	150
0	16	151
0	16	150
0	18	149
0	20	146
1	18	147
0	-1	137
1	20	150
0	14	150
1	16	146
0	16	146
0	-1	134
0	-1	150
0	14	150
1	22	149
0	14	149
1	-1	150
0	14	145
0	21	150
0	15	150
1	19	148
1	16	149
0	14	149
0	10	150
0	-1	135
0	16	149
1	-1	148
1	-1	149
2	-1	150
1	-1	148
0	-1	150
0	-1	100
0	14	127
1	-1	146
1	-1	150
0	14	147
1	-1	118
0	-1	150
0	14	148
0	27	150
0	9	148
0	14	143
0	17	150
0	12	100
0	16	150
1	14	147
1	13	133
1	16	147
0	-1	150
1	17	148
0	22	150
2	14	150
0	22	150
2	25	150
1	-1	151
0	7	149
4	-1	150
0	15	123
0	17	146
0	27	144
4	23	145
0	17	149
1	19	149
1	-1	148
1	15	150
1	-1	149
1	17	151
0	15	150
0	11	143
0	-1	150
1	-1	150
0	18	150
2	35	144
1	18	151
0	12	136
1	-1	149
0	17	128
0	17	151
1	-1	143
2	-1	146
0	14	142
0	25	147
0	11	151
0	18	151
0	16	144
0	12	151
0	20	135
0	12	151
1	28	151
0	6	149
1	13	147
2	18	150
0	13	145
0	-1	149
0	-1	150
0	8	148
0	14	148
0	-1	150
2	29	150
1	-1	150
0	-1	143
0	14	150
0	-1	149
1	9	93
0	41	150
1	11	141
0	-1	151
2	16	133
1	-1	140
0	9	150
0	-1	149
3	-1	150
1	20	149
0	-1	150
0	15	91
0	-1	134
0	37	150
0	19	137
1	-1	150
0	-1	150
1	-1	150
0	-1	151
2	21	151
0	-1	150
0	-1	145
0	14	151
0	-1	151
3	-1	150
0	16	104
0	14	145
0	-1	150
0	14	150
0	16	110
0	16	150
0	16	150
0	37	150
0	22	149
0	-1	145
1	11	150
1	-1	150
1	16	151
0	10	87
0	-1	150
1	19	148
0	12	146
1	21	151
0	-1	150
1	11	150
1	-1	144
0	18	150
1	-1	145
1	16	150
1	22	146
0	14	150
1	-1	150
0	17	150
0	20	138
0	-1	145
0	26	150
0	13	148
0	14	149
1	-1	148
1	12	145
0	28	151
0	36	150
1	9	151
0	-1	146
0	17	135
1	-1	149
0	18	150
0	7	149
0	14	150
0	11	151
1	22	133
0	17	148
0	-1	150
0	14	150
0	-1	142
0	-1	149
0	18	141
0	-1	150
1	30	149
1	16	150
1	-1	150
0	9	150
0	16	142
0	16	150
0	21	150
0	20	150
0	18	151
0	19	150
0	-1	144
2	13	151
0	-1	150
0	14	149
0	-1	151
0	13	150
0	8	148
0	14	145
0	12	148
1	34	148
0	-1	149
0	15	150
1	14	95
2	15	150
0	18	151
0	13	148
0	18	151
0	16	150
1	-1	149
0	35	150
1	-1	151
1	-1	148
0	23	150
0	18	150
1	-1	132
0	16	126
0	10	128
2	23	134
0	-1	146
0	-1	149
0	16	150
1	-1	149
0	-1	146
0	15	150
0	-1	146
1	-1	148
0	13	150
0	-1	149
0	17	150
0	10	145
0	25	146
0	25	144
0	13	148
0	-1	150
0	-1	150
0	23	149
1	-1	150
0	15	147
1	-1	136
0	15	132
1	-1	147
0	15	142
1	-1	151
0	14	127
1	23	148
0	14	149
1	25	117
0	-1	140
0	-1	145
0	17	151
0	-1	150
1	-1	133
1	-1	151
0	22	150
0	-1	150
0	-1	149
0	14	150
0	18	151
0	11	138
0	18	150
0	13	150
2	-1	151
0	9	148
0	-1	149
1	-1	139
0	-1	146
0	8	150
2	18	141
1	-1	143
0	15	147
1	-1	149
1	13	149
0	-1	149
0	25	151
0	-1	150
0	10	150
1	-1	151
1	12	151
0	-1	150
0	-1	151
0	-1	149
0	45	150
0	19	148
0	20	150
0	-1	149
0	14	145
0	11	150
0	36	150
2	24	150
0	28	150
0	26	149
0	32	137
0	-1	145
0	19	134
1	22	150
0	8	102
2	13	125
1	14	148
0	10	141
0	12	138
0	14	150
1	18	135
0	7	150
0	20	150
0	12	150
1	9	148
0	10	148
0	10	150
0	-1	151
0	-1	146
2	-1	147
0	-1	151
0	21	150
0	-1	119
0	14	150
0	10	149
2	32	148
0	13	137
0	-1	151
0	32	148
1	16	138
0	-1	150
2	-1	151
0	14	131
1	15	150
0	-1	150
0	19	151
0	22	150
0	12	150
0	16	150
1	13	151
0	9	150
2	23	144
0	17	150
1	17	150
0	16	149
0	-1	151
0	21	150
1	22	150
1	-1	147
0	29	150
0	-1	147
0	23	74
2	-1	149
1	11	137
0	19	148
0	-1	147
1	30	131
1	-1	151
0	11	150
0	-1	131
0	40	150
0	-1	150
0	16	151
0	19	141
1	16	150
0	15	149
0	-1	147
1	-1	149
1	-1	150
1	11	149
1	27	149
0	-1	147
0	20	151
1	-1	151
1	15	141
0	22	151
0	16	147
0	34	131
0	13	150
1	12	150
1	-1	150
0	17	148
0	16	148
0	14	150
2	-1	150
0	16	150
1	14	133
0	18	142
0	-1	146
0	17	147
0	-1	150
1	34	135
0	-1	148
1	16	148
0	44	150
1	40	149
0	17	150
1	8	150
0	25	147
1	15	150
0	11	147
0	12	150
2	-1	151
0	13	150
1	30	150
0	15	124
0	17	149
0	-1	145
0	20	150
0	22	147
0	-1	147
0	7	151
0	-1	151
1	38	147
1	14	150
1	13	147
0	8	151
0	12	109
0	22	150
0	-1	151
1	-1	150
1	-1	150
0	-1	150
0	-1	150
0	18	149
0	23	151
0	15	144
1	13	135
0	8	151
1	16	102
2	15	133
0	17	150
0	10	150
1	21	145
0	19	150
0	-1	150
0	10	146
0	-1	146
0	-1	150
1	18	150
1	26	149
1	-1	150
0	11	150
0	12	150
0	16	150
1	14	142
0	16	150
0	14	151
0	7	143
0	15	150
1	20	145
0	17	150
0	14	151
0	-1	150
1	15	148
0	7	150
0	-1	150
0	12	146
1	29	149
0	-1	147
0	33	150
0	17	151
0	-1	150
0	13	149
0	-1	150
0	13	150
1	-1	149
0	23	150
1	18	148
1	-1	149
2	8	146
0	20	150
1	36	145
1	25	150
0	-1	131
1	-1	150
0	23	150
1	-1	147
0	-1	150
0	-1	151
0	-1	151
0	17	151
0	22	151
0	10	150
0	-1	140
0	-1	148
0	-1	146
0	18	150
0	13	151
0	18	150
0	15	148
1	34	147
0	12	150
0	11	148
0	16	145
0	12	147
0	11	138
0	13	150
1	15	150
0	11	150
0	-1	149
0	10	149
0	13	150
0	-1	150
0	18	150
0	37	150
1	-1	150
0	19	150
0	4	123
1	13	127
0	24	150
0	-1	150
0	16	138
0	-1	145
1	20	150
0	-1	148
1	11	141
1	14	122
1	28	150
0	-1	144
0	19	148
2	20	141
0	-1	150
0	37	129
0	18	150
0	19	149
1	-1	151
0	15	150
0	-1	150
1	-1	150
0	17	149
1	19	149
1	19	140
0	-1	149
1	11	150
0	-1	150
2	17	150
0	18	139
1	14	150
0	-1	150
0	14	150
1	-1	150
0	13	144
2	11	93
0	18	129
0	19	150
0	15	150
0	5	150
1	13	150
0	-1	147
1	-1	150
0	28	149
0	13	150
0	-1	147
0	15	151
1	-1	150
0	18	151
0	14	148
0	9	145
1	-1	141
1	23	151
0	-1	148
1	-1	141
0	-1	151
0	12	100
1	15	150
0	17	151
0	22	150
1	15	151
0	13	149
1	13	147
0	-1	151
1	38	121
0	7	140
0	-1	150
3	16	142
1	20	151
0	18	150
1	14	150
2	-1	151
0	-1	150
1	-1	135
0	12	147
0	13	150
0	17	149
0	12	150
0	-1	147
1	-1	148
0	16	150
0	17	150
0	-1	150
1	11	133
1	-1	144
1	10	110
0	5	148
0	13	123
0	-1	147
0	-1	150
0	24	149
0	-1	150
0	17	150
0	-1	150
1	10	150
0	21	150
0	32	150
0	-1	150
0	18	150
0	-1	150
1	10	150
1	-1	150
0	18	149
0	13	150
0	19	150
0	14	150
0	-1	150
1	22	147
0	-1	151
0	19	150
0	-1	147
1	17	103
0	15	147
0	17	149
0	14	149
0	21	150
0	-1	150
1	14	148
0	-1	149
0	17	146
1	-1	122
1	21	129
1	-1	150
1	18	151
0	18	149
0	14	128
1	9	150
0	-1	127
1	4	150
0	22	149
0	-1	147
0	-1	149
0	23	142
0	16	150
1	-1	137
0	22	150
0	19	150
1	19	150
0	-1	150
0	14	134
0	19	144
1	23	150
0	14	142
1	21	149
0	19	149
1	-1	150
0	18	151
0	20	148
0	16	150
1	14	151
0	-1	143
2	21	149
0	14	150
0	-1	150
0	-1	150
0	37	150
1	28	149
2	31	148
0	-1	150
0	13	150
0	-1	147
0	23	150
0	-1	147
0	-1	149
0	17	127
0	12	146
0	29	132
0	7	70
0	10	146
0	18	150
1	-1	150
0	16	133
1	16	149
1	13	150
0	17	143
0	19	150
0	15	146
0	11	151
1	18	150
0	18	150
0	12	150
0	-1	130
1	18	151
1	-1	149
0	9	150
0	12	150
0	12	133
0	31	106
1	20	151
1	41	150
0	41	149
0	10	150
0	-1	141
0	-1	149
0	18	142
0	11	149
0	-1	150
0	-1	151
0	-1	145
0	-1	145
0	17	132
0	16	120
0	-1	138
0	18	148
1	11	121
0	-1	150
0	30	150
0	-1	150
0	16	147
0	15	149
0	18	149
1	-1	147
0	16	150
2	15	149
0	-1	128
0	-1	150
0	28	148
0	-1	150
2	14	150
1	-1	148
0	6	138
1	-1	150
0	12	151
0	15	150
0	9	148
0	-1	145
2	-1	147
1	12	147
0	16	149
0	-1	148
0	11	150
0	20	149
1	16	145
0	-1	145
1	18	150
0	9	135
1	-1	149
0	14	141
0	-1	145
0	8	150
0	-1	146
0	-1	150
1	13	148
0	-1	150
0	21	150
2	-1	150
0	-1	150
1	16	150
0	18	150
0	-1	147
0	-1	150
0	12	130
0	34	150
0	11	150
1	-1	150
1	-1	150
0	-1	148
0	13	151
0	-1	148
0	16	150
0	-1	150
1	-1	150
0	10	147
0	30	146
0	17	147
1	-1	150
0	12	150
0	-1	150
0	17	149
0	-1	148
0	22	151
1	21	147
1	-1	149
0	14	150
1	20	150
0	-1	150
1	-1	146
0	24	139
0	-1	149
1	13	147
0	18	150
1	34	150
0	13	137
0	-1	149
0	12	149
0	-1	149
0	10	65
0	-1	141
1	-1	143
0	20	144
0	38	142
0	15	151
0	-1	136
1	19	150
0	-1	148
1	-1	148
0	17	150
0	-1	150
0	-1	150
0	20	149
0	10	150
0	-1	147
0	17	150
1	19	143
0	10	150
0	8	103
0	-1	138
1	21	150
2	-1	140
1	-1	150
0	17	151
1	-1	151
0	18	145
0	13	135
1	-1	150
1	18	150
4	-1	150
0	18	151
1	11	104
0	-1	150
0	-1	150
0	-1	149
1	-1	147
0	-1	146
3	18	150
0	-1	141
0	-1	130
1	-1	150
1	-1	144
1	1	131
1	20	150
0	17	145
0	18	146
0	-1	150
3	27	145
1	25	150
0	-1	150
0	-1	149
0	10	151
0	11	148
0	18	150
1	-1	150
0	17	144
1	12	103
0	17	147
1	8	77
0	19	151
1	-1	148
0	-1	150
1	11	149
1	7	139
1	-1	140
1	17	151
0	14	122
1	11	150
0	-1	123
0	12	149
1	14	150
0	16	145
0	11	150
0	17	151
0	9	149
0	17	150
0	32	150
0	13	150
0	12	150
0	16	150
1	-1	105
0	39	149
0	15	150
0	32	151
2	21	151
0	26	149
0	8	137
1	30	149
0	26	150
0	-1	150
0	14	151
1	16	150
1	16	149
0	14	149
0	-1	146
0	-1	150
0	11	149
1	-1	116
0	-1	138
0	16	134
1	14	150
0	19	150
0	15	139
0	29	150
0	-1	115
0	8	128
0	13	150
1	-1	145
0	14	149
0	-1	149
1	16	146
0	13	149
1	-1	148
0	9	150
0	19	150
0	18	150
0	15	149
1	16	149
0	23	142
0	15	144
0	-1	150
1	-1	150
0	12	150
0	-1	149
0	13	150
1	21	142
2	-1	124
0	4	147
0	-1	146
0	18	150
0	27	149
0	-1	129
0	19	150
0	18	144
1	-1	150
0	-1	150
1	17	150
0	17	149
0	-1	137
0	19	150
1	16	150
3	17	149
0	12	150
1	20	150
1	18	150
1	15	149
0	-1	147
1	-1	149
1	16	147
0	-1	148
1	21	150
0	-1	146
1	25	149
2	-1	149
0	13	150
1	19	148
1	27	142
0	10	150
1	32	147
0	16	145
0	14	144
0	19	147
0	12	138
1	-1	138
1	9	150
2	9	151
0	10	146
1	-1	151
0	16	148
0	-1	149
0	14	136
1	14	150
1	-1	138
3	-1	151
0	12	133
0	22	151
1	-1	151
0	-1	151
1	-1	146
1	22	150
0	17	147
0	5	145
0	-1	150
0	19	147
0	12	141
0	13	150
0	21	149
0	-1	148
0	17	144
0	-1	132
0	17	149
1	-1	149
0	9	143
0	12	121
0	18	147
0	23	150
0	11	140
2	23	151
1	10	150
1	25	148
1	17	132
0	-1	148
0	19	149
0	18	150
1	-1	149
1	-1	151
0	17	150
0	14	149
0	-1	144
0	29	150
0	12	136
0	16	150
0	24	150
0	-1	149
1	17	150
0	-1	148
0	32	150
0	14	117
1	11	140
1	33	133
0	14	144
0	14	147
0	17	150
0	8	150
0	16	133
2	17	132
0	-1	151
0	11	150
1	25	150
0	-1	150
1	21	149
0	9	144
0	14	148
0	-1	148
0	24	143
2	13	148
0	16	126
0	-1	150
1	19	149
0	-1	134
2	-1	151
0	20	150
0	-1	146
1	13	150
0	12	149
1	16	150
0	12	150
0	-1	145
1	10	117
0	-1	148
0	17	150
0	11	150
0	17	150
0	-1	150
0	-1	150
0	-1	151
0	12	150
0	23	150
0	-1	150
0	26	149
1	-1	150
1	15	150
0	15	150
0	-1	149
0	13	150
0	-1	151
0	-1	151
0	-1	149
0	-1	148
1	-1	148
0	-1	149
0	-1	147
0	-1	145
1	13	151
1	-1	150
0	20	136
1	45	144
0	17	144
1	12	150
2	16	149
0	17	121
3	20	150
0	13	150
0	22	128
0	6	150
1	-1	150
0	13	149
0	-1	130
0	-1	150
0	13	119
0	12	150
0	13	150
0	-1	150
0	8	140
0	-1	148
0	21	151
0	28	150
1	-1	141
0	13	150
0	-1	149
1	16	149
2	12	150
0	38	135
0	14	150
1	28	149
1	13	145
1	9	149
1	12	127
0	15	150
0	15	150
0	17	150
0	10	149
0	17	147
0	29	146
0	5	63
0	13	149
0	-1	150
1	-1	150
0	13	150
1	8	117
3	-1	150
0	22	148
1	-1	150
1	-1	148
1	-1	132
0	-1	148
0	12	150
0	14	150
1	14	150
0	12	147
0	12	151
1	29	150
1	-1	144
0	-1	147
0	-1	149
1	-1	146
0	14	150
1	18	148
0	14	150
1	22	150
0	-1	151
0	-1	151
0	10	150
1	-1	151
0	8	116
0	39	150
0	16	149
1	30	150
1	-1	150
0	-1	150
0	10	150
0	-1	150
0	17	150
1	-1	150
0	-1	116
0	7	149
1	11	142
0	7	126
0	28	150
0	-1	119
1	-1	131
0	30	149
0	-1	145
0	15	149
0	3	138
1	19	150
0	9	146
0	-1	149
1	5	122
0	-1	147
3	21	151
0	26	150
0	20	150
0	13	150
1	-1	145
0	9	87
1	20	150
1	13	150
0	9	148
0	13	150
1	-1	146
1	16	150
0	19	150
1	18	143
1	13	149
1	18	150
0	19	150
0	10	144
3	41	143
1	13	151
1	13	150
1	19	150
1	17	150
1	-1	149
2	-1	141
3	-1	150
0	17	142
0	12	123
0	-1	144
1	9	150
0	14	149
1	-1	151
0	13	150
0	32	148
1	22	147
0	29	150
1	17	146
1	13	150
0	-1	143
1	20	151
1	20	150
0	6	150
0	-1	150
0	30	150
0	10	149
1	44	149
1	-1	150
1	23	150
1	12	150
0	18	150
2	12	151
6	20	148
1	29	146
1	-1	149
1	-1	148
1	15	148
0	-1	134
0	18	150
4	24	150
1	16	150
1	-1	150
1	-1	150
0	12	150
0	14	147
0	17	149
0	13	125
0	13	148
0	23	146
0	19	147
1	-1	134
0	10	149
0	8	126
0	13	151
0	18	146
0	14	149
0	12	149
0	10	134
0	9	148
0	14	149
1	-1	136
0	16	145
1	-1	139
0	-1	149
1	-1	150
0	15	146
1	11	150
0	-1	141
0	10	150
0	12	136
0	9	141
0	14	145
1	14	151
0	-1	150
1	-1	149
0	-1	148
1	-1	145
0	-1	123
2	16	103
0	16	144
1	15	150
1	9	117
0	10	150
0	13	141
0	14	151
0	15	150
0	16	149
0	40	149
0	7	134
0	33	135
0	14	137
0	9	103
0	-1	151
1	13	100
1	31	145
0	9	151
0	-1	151
0	15	148
0	-1	150
0	13	138
0	19	150
1	12	150
0	13	150
1	-1	150
0	17	150
0	13	146
0	13	145
0	13	148
0	19	150
0	11	137
0	13	150
2	18	149
0	16	149
0	18	148
0	-1	150
0	14	147
2	-1	151
1	-1	150
1	-1	150
1	19	138
1	8	150
1	-1	150
0	14	130
0	-1	150
1	-1	150
1	-1	151
0	26	150
1	9	150
0	18	150
0	-1	150
1	11	150
0	17	151
0	17	145
0	-1	148
0	34	150
0	31	150
2	-1	148
0	19	148
0	-1	150
0	-1	137
0	33	150
2	-1	148
0	14	149
1	-1	147
0	18	150
0	14	145
0	11	150
0	-1	150
1	21	151
1	-1	150
0	25	150
0	11	147
1	-1	150
0	17	150
0	11	125
0	19	150
0	-1	149
0	15	150
0	12	150
0	17	150
1	-1	150
0	16	146
0	9	150
1	15	150
0	12	150
1	10	147
0	14	147
0	10	79
0	11	150
0	-1	150
0	15	149
0	13	151
0	5	136
1	21	149
0	15	149
0	-1	151
0	13	142
0	12	150
1	-1	138
0	8	147
1	-1	141
0	22	150
0	27	132
0	16	150
0	17	150
0	-1	145
0	13	150
1	27	140
3	-1	150
0	17	149
0	14	126
1	36	149
0	19	143
1	-1	148
0	23	151
0	-1	149
0	-1	146
0	20	150
0	12	150
0	-1	149
1	-1	149
0	22	145
0	-1	148
0	-1	148
0	19	150
1	16	140
0	-1	150
0	-1	149
0	-1	151
0	-1	147
1	19	149
1	11	150
0	-1	150
0	16	141
1	19	150
1	12	149
0	25	150
0	-1	146
0	-1	149
1	40	151
0	13	149
1	41	150
1	13	148
0	30	150
1	15	132
0	-1	149
2	-1	144
0	17	149
0	16	150
0	13	148
0	19	150
0	20	150
1	-1	146
0	14	150
1	15	150
0	30	144
0	17	141
0	10	150
0	-1	150
0	-1	150
0	10	150
0	43	147
0	-1	147
0	14	149
1	-1	150
0	-1	150
0	15	150
0	24	146
0	-1	150
0	-1	148
0	9	150
0	-1	147
0	-1	149
1	16	150
0	-1	145
0	18	138
0	14	150
0	18	150
0	39	151
0	-1	150
0	20	139
0	-1	150
0	-1	150
0	10	147
0	19	150
1	-1	147
0	-1	148
0	16	150
0	16	150
0	11	150
0	-1	150
0	14	148
0	5	65
1	9	150
0	-1	151
0	-1	147
0	-1	145
0	18	146
0	15	150
0	-1	149
1	24	149
0	17	141
0	15	149
0	-1	137
0	13	150
0	14	150
0	12	149
2	15	150
0	-1	149
0	-1	150
0	-1	151
1	-1	147
0	13	149
1	21	150
0	13	149
0	-1	146
2	-1	149
0	18	150
1	-1	151
1	16	151
0	5	149
2	13	149
0	17	150
0	10	150
0	-1	147
2	-1	149
63	64	150
0	12	151
0	-1	143
0	22	150
0	12	150
0	16	150
0	22	150
0	28	150
0	20	149
0	29	148
1	-1	148
0	21	150
0	-1	150
2	-1	151
3	17	150
0	16	105
0	17	151
0	17	151
0	14	148
1	24	150
2	-1	150
0	8	150
0	16	150
1	24	143
0	14	123
0	11	140
0	21	150
1	27	148
0	-1	147
1	36	149
1	-1	150
0	-1	150
2	17	149
2	34	148
0	-1	148
0	16	125
0	15	143
0	19	150
0	18	150
0	13	140
0	-1	147
0	-1	149
0	18	150
0	12	147
0	-1	141
0	-1	149
0	12	150
0	17	150
0	21	150
0	10	150
2	-1	130
0	17	129
0	-1	147
1	21	151
2	21	151
0	-1	150
0	13	150
0	27	151
1	-1	127
0	14	148
1	-1	150
0	17	149
0	6	146
0	12	149
0	-1	150
0	18	147
0	16	150
3	15	150
0	24	148
1	19	149
1	20	149
0	21	150
0	11	141
1	17	150
1	15	139
2	-1	148
0	21	151
0	-1	150
0	10	151
0	20	145
1	34	150
1	15	149
1	15	100
0	32	150
0	12	150
0	34	151
0	15	150
0	-1	150
0	-1	150
0	-1	147
0	-1	150
0	-1	150
1	-1	149
0	18	149
0	-1	148
0	10	120
0	15	144
2	16	150
0	12	143
0	16	142
0	-1	150
0	-1	145
1	25	148
0	21	151
0	9	135
0	-1	150
0	14	147
0	14	149
0	11	150
0	-1	150
1	18	148
0	24	143
0	-1	136
0	-1	149
1	-1	150
0	5	150
0	-1	150
0	15	151
2	24	104
1	21	150
0	17	150
0	-1	144
0	-1	150
0	7	150
2	22	144
0	15	150
0	-1	150
0	-1	148
0	11	149
0	-1	151
0	15	146
0	-1	150
0	-1	150
2	-1	150
0	-1	148
0	15	149
1	19	150
0	-1	148
0	40	147
0	28	149
0	-1	148
0	-1	149
0	9	151
0	15	149
1	32	150
0	15	150
2	-1	146
0	-1	148
0	26	149
0	-1	150
0	12	148
0	21	151
0	19	151
0	10	145
0	15	150
0	10	111
0	21	130
0	9	149
2	-1	150
1	22	150
1	-1	151
0	20	125
0	-1	149
0	-1	150
1	14	150
0	-1	150
0	-1	146
0	16	150
1	-1	142
0	-1	141
0	20	150
0	-1	150
0	9	115
1	41	150
0	26	150
0	-1	150
1	16	150
0	17	143
0	22	150
0	17	122
0	9	145
1	-1	149
0	19	135
0	-1	139
0	-1	150
1	16	147
0	17	147
1	19	147
0	-1	148
0	15	148
1	-1	148
0	-1	151
0	-1	150
0	-1	149
0	22	131
1	35	145
0	19	149
0	11	142
0	10	150
2	13	150
0	11	125
0	-1	150
0	-1	131
0	-1	150
1	16	148
0	-1	148
2	14	133
0	18	149
0	-1	150
1	19	149
0	-1	150
0	14	148
0	9	147
0	12	150
0	-1	149
0	16	149
0	-1	150
0	12	150
2	-1	146
0	15	143
0	23	150
0	16	149
0	23	149
2	17	150
0	10	148
2	15	147
0	20	150
2	19	150
1	13	148
1	29	150
1	-1	149
0	18	149
0	16	151
0	-1	147
0	-1	150
0	-1	150
1	-1	146
1	15	148
0	-1	150
1	17	150
0	-1	139
0	21	150
0	22	150
0	19	137
1	18	151
0	-1	145
0	19	150
1	22	139
0	20	150
1	-1	151
1	13	126
1	20	149
1	16	128
1	-1	150
0	16	149
0	12	150
0	-1	150
0	12	149
0	36	150
0	17	149
0	17	107
0	19	151
0	9	139
0	15	150
0	15	150
1	-1	148
0	-1	149
1	8	148
0	14	137
0	15	147
0	-1	150
1	-1	140
0	10	102
1	-1	150
0	16	133
0	26	149
0	12	149
0	9	150
1	15	145
0	17	141
0	-1	145
0	22	150
0	25	145
0	-1	144
1	42	150
0	19	150
1	30	150
0	15	141
1	-1	102
60	61	149
0	-1	145
1	-1	149
0	15	150
1	-1	150
0	28	148
1	-1	150
2	18	150
0	-1	145
0	-1	150
0	-1	148
0	13	150
0	7	150
0	16	146
0	-1	149
0	24	150
0	-1	150
0	-1	148
0	8	137
3	19	148
0	17	144
0	19	149
1	13	128
0	12	149
0	24	145
0	9	113
0	-1	150
0	20	150
0	-1	149
0	-1	151
1	-1	148
1	17	148
0	17	147
1	18	136
0	13	131
0	19	151
0	-1	149
0	-1	149
0	17	150
1	-1	150
1	40	150
0	16	150
1	-1	150
0	19	150
1	16	149
0	-1	150
0	-1	150
0	-1	145
1	-1	150
0	20	149
0	9	147
0	19	150
1	15	150
0	20	151
1	19	143
1	18	148
0	15	149
0	10	150
0	13	150
1	6	150
0	13	150
1	-1	138
0	18	146
1	32	151
0	18	146
1	19	150
1	-1	150
1	-1	143
0	13	149
0	-1	147
0	19	150
0	40	150
1	-1	149
0	12	150
0	11	150
0	11	150
0	14	149
0	26	148
0	21	147
1	-1	151
0	17	150
0	17	145
0	15	144
0	-1	150
0	10	149
0	22	150
0	10	142
0	16	148
0	10	150
0	17	150
0	11	147
0	-1	149
0	13	148
1	-1	150
0	19	150
0	20	149
0	22	151
1	18	147
1	-1	143
1	40	149
0	14	92
0	7	112
0	24	147
0	-1	148
1	18	145
1	-1	144
0	7	149
0	14	150
0	-1	126
0	27	150
0	-1	151
0	18	151
0	-1	145
0	15	150
0	23	150
1	-1	147
1	-1	145
1	-1	150
1	-1	149
0	-1	150
1	-1	149
1	15	150
0	-1	148
1	20	140
0	-1	149
0	-1	149
1	15	146
0	-1	150
4	16	120
0	-1	150
0	14	139
0	-1	149
0	14	150
1	-1	113
0	-1	148
1	16	150
0	-1	150
0	18	150
0	18	150
0	17	150
0	17	150
3	-1	150
2	20	150
0	10	148
0	9	151
0	-1	151
0	9	148
0	18	151
0	-1	150
0	23	146
0	-1	147
0	17	151
0	17	150
1	20	150
0	-1	151
0	-1	150
0	12	131
2	21	149
0	16	150
0	-1	75
0	13	145
0	22	151
0	12	143
1	9	151
0	8	150
1	9	145
0	-1	150
1	18	149
0	-1	149
1	-1	147
0	12	151
0	17	151
0	16	151
0	-1	150
0	-1	135
1	21	150
0	5	66
0	13	149
0	-1	151
0	-1	145
1	27	144
1	-1	147
0	18	149
0	18	145
0	20	150
0	17	151
1	-1	150
1	12	139
0	-1	144
1	-1	150
0	17	141
0	11	147
2	-1	149
0	21	151
0	21	150
1	-1	150
1	-1	147
0	-1	145
0	11	150
1	17	151
0	20	150
1	-1	149
0	-1	150
0	19	150
0	32	151
1	24	149
0	12	150
1	-1	150
0	11	129
1	-1	151
0	-1	150
0	13	150
0	-1	148
0	13	146
0	10	149
0	15	144
0	20	151
0	-1	149
0	20	149
1	-1	151
0	-1	140
1	18	139
0	-1	136
0	-1	150
0	-1	150
2	36	150
2	-1	149
0	11	125
0	20	151
1	19	141
0	20	122
1	31	151
0	31	150
2	-1	145
0	-1	150
0	19	150
0	-1	150
0	18	149
0	32	150
0	12	150
1	-1	148
1	-1	150
1	17	150
1	-1	131
0	-1	126
0	18	139
0	-1	150
0	-1	150
1	-1	147
0	16	150
1	17	149
1	18	145
0	-1	123
0	12	148
0	22	143
0	-1	141
1	16	134
0	-1	134
0	19	150
0	13	149
0	17	146
0	33	148
0	23	150
0	17	139
0	18	150
1	-1	148
1	-1	139
1	9	147
1	-1	151
0	-1	150
0	14	148
0	9	150
1	12	132
1	15	144
1	26	150
0	19	145
1	-1	150
1	13	146
0	20	146
0	-1	149
0	18	135
1	22	150
2	19	147
0	12	150
0	15	144
1	15	150
0	16	150
0	14	151
1	20	149
0	10	148
0	16	151
0	-1	150
0	19	151
0	-1	150
3	-1	148
0	-1	150
1	13	150
1	12	143
0	18	149
0	20	149
1	11	150
2	-1	149
0	18	149
1	-1	147
1	25	150
0	18	145
1	26	150
1	23	150
0	16	150
0	13	150
1	14	150
1	14	116
0	-1	149
0	13	147
0	-1	150
0	-1	147
1	-1	151
0	13	150
1	16	151
1	18	150
0	-1	150
0	14	150
0	-1	145
0	13	149
0	25	150
0	15	138
2	19	150
0	-1	150
0	15	142
0	-1	150
0	15	145
0	19	150
0	32	138
1	18	151
0	-1	147
0	-1	146
0	20	150
2	-1	150
0	9	150
1	12	150
0	17	144
0	16	146
0	15	150
0	13	150
1	17	150
2	16	149
0	13	150
0	18	150
0	16	144
0	10	143
0	-1	151
0	15	150
0	23	143
0	11	150
0	17	150
0	-1	150
0	20	151
0	12	140
0	7	146
0	43	149
0	13	150
1	11	150
0	18	141
0	19	145
0	12	149
1	15	148
0	18	149
0	16	107
0	15	148
0	25	150
1	14	145
0	13	149
0	11	150
0	10	146
1	33	145
0	-1	149
2	22	150
0	16	151
0	-1	146
1	-1	149
0	9	147
1	16	150
0	-1	150
0	-1	143
0	-1	150
1	-1	127
0	-1	150
0	13	149
0	17	151
1	-1	150
1	-1	148
1	10	101
0	-1	150
0	20	150
1	-1	149
1	17	151
0	-1	150
0	-1	150
0	13	148
1	-1	147
0	8	151
1	12	151
0	12	150
1	18	146
1	16	150
1	10	113
0	16	147
1	26	150
0	30	150
1	-1	139
1	-1	150
0	40	150
1	-1	151
0	-1	148
0	-1	150
0	38	150
0	37	149
1	-1	150
0	17	145
0	4	144
1	-1	150
0	20	149
1	14	142
1	-1	150
0	18	135
0	15	150
0	16	150
0	-1	146
0	18	146
0	-1	150
1	8	147
0	13	148
1	18	140
1	16	150
2	-1	150
2	-1	150
0	-1	150
0	33	113
0	18	128
0	18	147
0	-1	123
0	34	150
0	6	79
0	-1	150
0	21	151
0	14	149
0	13	144
0	15	148
1	16	141
0	-1	150
1	18	150
1	33	142
0	37	148
0	19	149
2	-1	150
0	6	90
1	19	147
0	17	150
1	-1	130
0	-1	150
0	-1	150
0	-1	150
0	15	149
0	-1	150
0	15	148
0	13	144
0	12	144
0	-1	150
1	17	150
0	23	148
1	-1	147
0	21	151
0	22	150
0	-1	136
1	20	150
0	-1	146
1	-1	146
0	11	148
2	-1	146
0	-1	150
0	-1	150
0	11	148
0	19	150
0	-1	150
1	17	150
0	-1	147
0	19	149
0	-1	149
0	24	148
0	18	149
0	19	148
0	11	150
0	12	149
0	11	136
0	12	148
0	10	150
0	26	148
0	-1	144
0	-1	148
2	17	113
0	14	150
0	18	149
1	13	150
1	15	145
0	15	149
1	13	120
0	21	138
0	34	150
1	-1	150
1	16	150
0	17	147
1	-1	147
0	-1	129
0	15	150
0	-1	149
0	22	150
0	-1	147
0	4	151
1	-1	150
1	-1	150
1	21	149
1	-1	151
0	-1	151
0	23	121
1	-1	141
1	-1	150
1	8	150
0	21	150
0	12	150
0	19	146
0	-1	139
0	12	148
0	-1	149
0	21	150
2	15	148
0	17	150
0	26	151
1	13	150
0	-1	148
2	43	144
0	-1	150
0	18	150
1	13	150
0	23	112
1	-1	149
1	19	146
0	8	150
0	-1	147
0	-1	150
0	-1	147
0	-1	147
0	-1	147
1	-1	150
0	-1	150
1	17	150
1	-1	149
0	-1	151
0	18	150
0	-1	148
0	36	149
1	33	137
0	14	150
0	17	150
0	-1	124
1	-1	151
1	40	148
1	18	150
0	11	144
0	-1	150
1	15	146
1	-1	150
0	-1	150
0	-1	148
0	-1	149
0	23	150
1	47	149
0	16	140
1	-1	149
0	18	149
0	14	146
1	17	151
1	-1	150
0	16	124
0	-1	149
0	20	149
1	21	150
2	18	151
0	18	150
0	20	93
0	11	128
0	22	150
0	-1	150
0	15	150
2	31	148
1	-1	150
0	15	150
0	-1	150
0	-1	150
0	-1	150
0	13	96
0	17	151
1	-1	151
1	11	130
1	18	138
0	26	146
1	41	151
0	-1	151
0	16	150
0	-1	145
1	15	148
0	-1	150
1	33	151
1	17	150
0	-1	145
0	12	149
1	22	151
0	-1	151
0	18	150
0	23	147
0	-1	148
0	15	151
0	9	149
0	13	143
1	34	150
0	-1	150
0	-1	150
0	16	147
2	20	150
0	34	146
0	-1	150
1	12	150
1	18	149
0	12	147
0	36	149
0	15	150
0	19	150
0	22	147
0	-1	150
0	32	150
0	-1	150
1	-1	149
0	14	150
0	-1	139
1	-1	150
0	17	144
0	-1	148
2	-1	151
0	22	150
0	21	151
0	18	149
0	18	149
0	18	150
0	10	78
1	-1	151
0	-1	149
0	-1	149
1	-1	151
0	-1	151
1	17	150
1	-1	149
1	-1	150
0	18	149
0	15	149
0	-1	150
1	-1	144
0	18	150
0	11	150
1	19	147
1	17	148
0	-1	150
0	22	150
2	-1	148
1	19	151
0	13	139
1	28	150
1	13	148
0	16	149
1	15	150
1	24	151
0	-1	150
1	-1	149
1	8	149
1	17	151
1	23	150
1	-1	150
2	-1	147
0	-1	148
0	20	141
0	-1	118
0	23	151
1	-1	148
1	-1	150
0	-1	150
0	-1	150
1	16	150
1	16	148
3	24	150
0	13	150
1	-1	150
0	-1	150
0	15	145
0	-1	150
0	23	151
1	9	110
0	18	150
0	16	150
1	-1	150
1	18	150
0	14	150
0	13	149
1	-1	149
0	17	149
0	-1	145
0	-1	138
1	15	151
3	-1	150
0	35	150
1	19	150
0	24	146
1	14	141
0	16	143
1	33	143
1	32	150
0	-1	149
0	24	143
0	-1	142
0	12	147
0	17	124
0	22	149
1	-1	149
0	11	76
0	-1	150
2	36	150
1	15	151
0	18	148
0	15	150
0	-1	151
0	4	78
0	-1	141
0	11	148
0	36	150
0	22	144
1	37	147
0	39	149
0	-1	150
0	-1	150
0	-1	150
0	-1	151
0	-1	150
1	16	147
0	17	149
0	14	148
0	-1	149
0	-1	150
1	15	150
1	-1	150
0	13	149
0	-1	150
1	20	145
0	14	149
1	24	150
0	-1	137
0	12	150
1	24	151
0	11	149
0	-1	150
0	14	150
0	12	150
0	11	151
0	17	151
0	9	150
0	-1	145
1	12	137
0	16	150
0	-1	149
0	-1	150
0	13	144
0	20	150
1	16	138
0	-1	148
0	-1	145
1	-1	147
0	-1	141
2	-1	148
0	-1	103
0	-1	147
0	24	150
0	38	145
0	-1	138
0	18	149
0	12	151
1	18	151
0	12	150
0	15	150
0	-1	149
2	28	150
0	18	138
1	-1	148
0	16	151
1	23	150
0	-1	150
1	-1	149
0	-1	125
0	-1	150
0	-1	150
0	-1	150
0	17	128
1	22	150
0	16	141
1	22	150
0	-1	150
0	-1	149
0	-1	148
0	21	150
0	22	147
0	-1	151
0	14	149
1	-1	150
2	-1	151
0	-1	151
0	-1	150
1	24	150
1	18	150
0	-1	149
0	17	150
0	22	150
0	-1	150
0	10	131
0	-1	150
0	15	151
0	20	150
0	-1	147
0	49	117
0	14	150
0	-1	143
1	10	87
0	8	146
1	12	149
1	-1	143
0	15	150
1	19	148
0	19	147
0	15	109
1	14	130
0	14	150
0	15	112
1	25	137
0	13	150
0	22	149
0	-1	151
1	6	137
0	21	150
0	-1	150
1	13	147
0	12	146
0	-1	150
1	36	150
1	-1	150
0	15	150
1	15	150
0	25	151
1	14	142
0	10	143
2	13	150
0	15	150
0	16	150
2	-1	150
1	-1	150
0	24	146
1	22	149
0	15	150
0	15	146
0	14	149
0	18	150
0	20	149
0	-1	149
0	13	139
0	19	149
1	-1	149
0	13	141
1	33	150
0	-1	150
0	34	142
2	-1	149
0	-1	145
0	16	150
1	17	148
0	-1	148
0	16	151
0	-1	149
0	-1	149
0	-1	150
0	-1	150
0	20	150
0	21	150
0	21	150
1	13	150
0	-1	151
0	13	149
1	25	142
0	14	151
0	12	145
0	20	151
0	13	129
0	19	150
0	18	150
0	-1	146
2	18	150
1	13	150
0	-1	150
1	13	150
1	-1	149
0	16	151
0	-1	150
1	15	150
0	23	150
1	12	150
0	14	149
0	11	141
0	14	150
0	20	148
2	16	150
0	26	150
0	-1	149
0	14	150
3	-1	150
0	-1	150
0	12	150
1	16	124
0	14	135
0	-1	149
0	-1	150
0	-1	150
2	17	150
0	-1	150
0	-1	142
1	19	150
0	11	151
1	23	150
1	-1	150
1	11	139
0	16	151
0	13	110
0	19	149
0	17	148
0	-1	149
0	20	150
1	12	150
0	11	151
1	-1	149
0	16	150
0	16	150
0	19	150
0	22	150
0	-1	150
0	12	95
1	16	150
0	13	150
0	14	150
0	7	150
0	16	149
0	20	149
0	-1	149
0	13	150
1	-1	150
0	7	72
0	12	150
1	17	150
1	-1	148
1	18	146
0	19	150
0	24	150
1	-1	145
0	-1	151
1	-1	147
2	-1	150
0	-1	146
0	-1	150
0	12	150
2	11	151
0	14	147
0	42	150
1	14	150
0	8	150
0	18	150
1	-1	149
0	-1	151
0	15	150
0	15	150
0	21	147
1	-1	150
0	12	150
0	18	149
0	-1	149
0	15	150
0	16	150
1	-1	147
1	13	150
0	11	146
1	21	151
0	-1	149
0	14	150
0	12	150
0	-1	150
0	20	151
0	23	104
0	12	141
0	8	150
1	-1	150
0	16	144
0	18	139
0	19	142
0	17	151
0	24	148
1	11	150
0	15	150
2	14	133
1	-1	150
0	11	151
1	16	150
0	17	144
0	20	150
0	12	150
0	16	147
0	-1	147
0	18	150
2	-1	150
0	19	149
0	12	150
1	10	136
0	-1	147
0	-1	148
0	20	150
0	8	147
0	-1	149
0	-1	151
0	10	147
0	9	150
0	-1	145
0	-1	149
0	14	150
0	-1	140
0	-1	150
0	-1	150
0	16	139
0	11	150
1	-1	150
1	14	143
0	10	147
0	12	136
0	14	151
0	-1	146
0	12	149
0	20	149
0	8	150
2	-1	150
1	17	150
0	-1	135
0	14	150
0	14	150
0	14	147
0	16	148
0	12	150
1	-1	150
0	13	138
0	-1	150
0	-1	151
2	-1	151
0	11	149
0	9	132
0	-1	151
0	13	150
0	16	150
0	-1	150
1	-1	151
0	16	149
1	-1	150
1	-1	148
0	17	143
2	-1	149
0	-1	150
0	19	146
0	-1	144
0	8	151
0	-1	144
0	-1	149
0	-1	150
0	14	149
0	12	149
1	-1	144
0	-1	145
0	17	130
0	14	148
0	-1	150
0	-1	149
0	21	150
0	14	150
1	18	142
1	37	151
0	14	149
0	13	150
1	-1	147
0	28	146
0	-1	150
0	20	150
1	-1	150
0	34	150
0	-1	148
0	13	150
1	21	150
0	-1	150
0	-1	150
0	14	149
0	-1	150
1	13	147
0	14	150
1	-1	132
0	-1	150
0	20	141
0	11	150
0	13	144
0	15	150
0	11	150
0	-1	151
0	-1	150
0	-1	135
0	22	150
0	18	144
0	-1	150
1	-1	142
0	-1	133
0	-1	150
0	-1	150
0	-1	147
0	19	136
0	23	150
0	-1	147
0	17	150
1	-1	139
1	-1	149
1	16	150
0	18	150
2	-1	145
0	-1	150
1	17	122
1	-1	147
0	15	148
1	13	150
0	-1	150
1	13	90
1	-1	131
0	13	135
0	-1	147
0	12	137
1	39	144
0	15	151
0	-1	150
1	17	147
0	21	151
2	18	146
0	9	150
2	18	150
1	14	149
0	15	141
0	5	75
0	19	148
1	10	150
0	-1	151
0	20	134
1	-1	141
0	11	137
3	-1	150
1	-1	150
0	-1	150
0	19	146
0	11	150
0	18	146
0	17	150
0	21	150
0	16	146
0	11	150
0	-1	150
1	-1	149
0	17	150
0	35	148
0	11	149
1	-1	149
0	-1	138
0	12	97
0	-1	144
1	16	130
0	13	148
1	-1	149
0	8	126
0	-1	118
0	-1	138
1	-1	150
0	24	150
1	23	150
0	14	149
0	12	149
2	21	151
0	17	150
1	13	148
1	15	150
0	23	151
1	-1	130
0	20	150
0	-1	149
0	19	150
0	12	150
0	11	148
0	-1	150
0	11	147
0	14	145
1	12	151
1	21	151
0	13	141
0	18	140
0	-1	150
0	25	146
0	17	150
0	8	150
0	15	151
0	19	142
1	21	138
0	-1	146
0	19	150
2	-1	150
2	10	150
1	25	151
1	12	150
0	41	151
0	-1	150
1	36	149
0	9	150
0	-1	135
1	-1	150
0	-1	142
1	18	151
1	-1	131
0	-1	150
1	-1	147
1	13	148
0	21	150
1	-1	127
0	14	150
0	18	150
2	13	147
0	11	151
0	-1	142
0	13	151
0	-1	149
0	20	148
0	-1	147
0	8	150
0	14	105
0	19	150
0	26	150
0	12	151
0	18	150
0	10	110
0	13	144
0	18	144
0	-1	146
1	22	145
0	17	142
2	16	148
0	37	151
0	19	148
1	13	147
0	28	151
1	-1	150
0	-1	150
2	-1	150
1	17	150
1	19	129
0	-1	150
1	-1	150
0	-1	149
1	-1	149
0	14	144
0	16	148
1	-1	150
1	-1	148
0	16	150
0	11	150
0	20	150
0	18	148
1	-1	151
0	-1	147
0	13	150
0	-1	151
0	16	150
0	15	150
1	12	150
0	19	151
1	13	150
0	12	151
0	14	144
0	8	142
0	-1	150
0	14	148
0	14	147
0	17	151
0	-1	150
1	-1	140
0	-1	151
0	16	150
0	11	143
1	-1	147
0	18	150
1	-1	144
0	-1	148
0	-1	145
0	37	150
2	10	149
0	16	150
0	8	150
0	-1	150
0	-1	147
0	12	128
0	15	151
1	-1	149
0	12	150
0	21	150
1	-1	149
0	-1	147
0	4	117
0	-1	150
2	-1	151
1	19	150
0	-1	149
0	16	150
0	-1	150
1	-1	126
0	11	149
0	38	150
0	-1	145
0	-1	150
0	23	150
0	11	148
0	21	149
1	12	150
2	-1	150
0	18	143
0	-1	149
0	14	149
1	22	150
0	19	148
0	-1	133
0	-1	150
0	-1	150
0	14	150
1	17	150
0	-1	148
0	12	149
1	30	150
0	21	150
0	-1	135
1	17	150
1	25	148
0	-1	149
0	-1	141
2	-1	142
1	-1	150
1	18	150
0	-1	144
0	-1	150
0	20	149
0	-1	149
0	17	150
0	15	148
0	11	151
0	-1	150
1	-1	150
0	15	150
1	-1	150
0	-1	132
0	24	147
0	-1	147
0	15	151
0	-1	150
0	16	150
0	-1	150
0	-1	150
0	12	150
0	16	150
1	43	150
1	24	143
1	-1	150
0	18	150
0	15	145
1	-1	149
0	-1	150
2	16	147
0	-1	141
1	14	149
0	15	150
0	14	150
0	31	149
0	21	150
0	18	150
0	-1	150
0	12	148
0	14	149
0	15	150
0	10	150
0	18	146
1	-1	150
0	10	150
0	19	148
1	-1	150
3	37	150
0	20	150
2	13	151
1	17	134
1	21	150
0	27	150
0	-1	150
0	11	149
0	9	150
0	15	150
2	19	116
0	41	150
1	25	150
0	-1	151
0	9	147
0	-1	149
0	-1	149
0	40	145
0	-1	150
0	-1	147
0	-1	150
0	-1	141
0	11	151
0	13	150
1	-1	149
0	17	150
0	20	150
0	37	146
0	13	150
0	-1	150
0	19	150
0	-1	150
0	-1	151
0	-1	125
0	19	150
0	21	150
1	-1	150
0	-1	150
0	18	150
0	18	144
0	-1	150
1	33	150
0	-1	149
0	-1	151
0	16	149
0	6	64
3	16	150
0	23	148
1	-1	150
0	-1	150
0	12	147
0	-1	150
1	-1	147
0	-1	150
1	15	121
0	24	136
0	19	130
1	-1	150
1	22	150
0	17	151
0	16	150
1	38	150
0	12	150
1	-1	145
0	19	149
0	15	143
1	-1	150
2	26	148
0	19	145
0	-1	150
1	19	150
1	-1	148
0	-1	151
1	-1	149
1	12	128
2	29	150
0	14	148
0	-1	150
1	12	143
0	14	148
1	17	151
0	21	149
0	-1	150
1	23	150
1	14	150
1	17	150
0	21	147
0	38	150
0	9	150
1	-1	150
0	19	151
1	20	149
0	28	148
0	9	151
0	20	150
0	9	144
0	-1	149
1	-1	147
0	33	147
1	-1	149
0	-1	150
0	15	128
0	15	145
1	-1	149
2	20	150
1	-1	149
0	14	149
1	14	136
1	-1	150
0	13	150
0	-1	151
1	-1	147
1	-1	150
0	23	134
2	19	150
0	14	148
0	16	126
0	11	146
0	9	149
0	19	148
0	-1	150
0	21	146
0	19	143
0	12	150
0	-1	150
0	16	150
0	16	151
0	-1	150
0	-1	142
0	-1	150
0	6	148
0	12	146
1	-1	151
0	10	144
0	16	143
0	-1	145
0	11	136
0	-1	151
0	19	150
1	15	150
2	-1	144
0	17	128
0	-1	145
1	16	138
0	-1	139
3	-1	150
1	34	150
1	13	150
0	10	128
0	16	141
0	-1	118
1	13	145
0	16	150
0	10	139
1	19	111
0	-1	148
1	-1	151
1	19	143
0	16	150
0	9	150
0	-1	147
0	12	150
0	16	150
0	-1	147
1	14	146
0	-1	144
0	7	149
0	20	150
0	10	147
0	18	145
0	-1	150
0	15	150
0	15	147
0	21	150
0	10	129
0	12	151
0	15	150
1	37	151
0	-1	133
1	20	144
0	26	150
0	-1	149
0	-1	150
0	13	144
0	15	150
0	35	150
0	-1	148
0	13	150
0	-1	149
0	26	148
1	-1	150
2	-1	151
1	24	151
1	10	127
0	17	150
0	20	125
0	18	150
0	14	150
0	17	114
0	14	150
0	-1	149
0	14	150
1	21	151
0	13	150
0	18	149
0	14	150
0	19	150
0	16	150
1	-1	151
2	10	150
0	17	145
0	-1	150
1	22	151
0	38	135
0	11	150
0	14	147
1	-1	149
0	17	149
0	15	150
1	11	150
1	37	143
1	-1	150
0	14	151
1	24	150
0	4	150
0	-1	149
0	21	150
2	-1	148
0	-1	150
0	17	150
0	19	130
0	10	138
2	-1	151
0	22	150
0	-1	150
1	12	150
1	-1	150
0	22	136
0	-1	144
0	-1	150
0	15	150
0	-1	151
0	13	150
0	-1	149
0	-1	148
0	20	149
1	20	150
0	12	146
0	13	150
0	10	140
2	25	148
0	39	150
1	15	123
0	13	138
0	-1	115
0	-1	150
1	12	142
0	15	149
1	40	149
1	-1	150
0	-1	148
1	16	149
0	-1	150
0	11	150
0	-1	151
1	35	142
0	-1	151
0	-1	150
0	22	151
0	21	147
0	17	148
0	19	146
0	4	150
0	23	151
0	38	151
0	13	116
0	29	149
1	13	143
0	23	147
1	10	150
1	8	111
1	-1	150
3	34	150
0	17	150
1	16	150
0	12	150
0	26	149
0	22	149
0	15	150
1	-1	150
0	-1	147
0	11	150
0	12	143
0	18	150
0	16	145
0	36	129
0	32	150
0	8	147
2	-1	150
0	-1	150
2	-1	150
0	16	129
0	9	149
0	15	150
0	-1	148
0	10	147
0	17	150
0	15	149
1	17	129
1	21	149
1	14	150
0	12	145
0	22	113
1	14	151
0	18	147
0	14	147
0	10	148
0	16	145
0	16	150
0	-1	150
0	15	150
1	26	151
0	12	150
1	7	150
1	-1	150
2	16	140
0	-1	149
0	36	150
1	-1	150
1	-1	150
0	26	148
2	-1	150
1	16	150
0	8	149
1	-1	140
0	15	147
0	-1	150
0	22	150
0	21	148
0	-1	147
0	12	147
0	-1	148
1	-1	150
1	19	148
0	13	150
0	17	146
0	15	110
0	16	142
0	12	130
0	22	150
0	-1	141
1	10	151
0	13	146
0	35	150
0	-1	150
0	16	151
2	19	151
2	-1	143
0	-1	150
1	13	151
1	-1	137
0	17	151
1	-1	150
0	-1	149
0	23	148
0	12	150
3	9	130
1	-1	150
0	9	145
0	13	136
1	13	150
1	14	150
1	-1	150
1	14	150
1	19	148
0	11	94
0	15	146
0	20	151
0	22	150
1	-1	145
0	-1	145
0	16	150
0	10	150
0	-1	150
0	-1	149
0	5	150
0	-1	148
1	-1	149
0	14	150
0	-1	150
1	15	146
0	15	127
0	22	150
0	16	150
0	-1	148
1	-1	150
0	12	150
0	-1	146
0	9	145
0	36	150
1	14	146
0	-1	147
0	-1	150
0	13	148
0	-1	149
0	-1	149
0	35	150
0	14	151
0	12	150
0	8	151
0	-1	148
1	15	144
0	14	135
1	16	148
1	14	150
0	21	149
0	20	149
1	15	150
0	-1	150
0	-1	151
1	-1	151
0	-1	124
0	20	151
2	14	144
1	39	150
2	14	150
0	-1	151
0	-1	146
0	17	146
0	16	150
0	-1	149
0	-1	150
0	-1	148
0	23	150
0	-1	150
2	-1	150
0	-1	151
0	-1	150
0	15	150
0	15	151
0	-1	148
0	16	150
0	13	150
0	13	128
1	14	149
0	20	149
1	17	150
0	34	149
1	-1	151
0	35	147
0	-1	148
0	-1	149
2	-1	142
1	-1	150
1	-1	150
0	-1	139
0	17	133
1	14	150
0	17	150
1	-1	150
0	43	150
0	-1	123
0	-1	150
0	21	149
0	-1	147
0	13	150
1	16	150
2	-1	148
0	-1	150
0	11	148
0	25	151
0	15	144
1	19	129
1	23	150
1	-1	150
0	17	146
0	-1	148
0	-1	148
0	17	150
0	8	150
0	-1	149
0	-1	131
2	20	150
0	17	151
0	12	150
0	18	151
0	12	146
2	-1	149
0	14	150
0	9	150
1	12	149
0	24	150
1	16	150
0	15	150
0	10	124
1	15	120
0	28	148
1	18	150
0	10	150
0	12	72
1	-1	150
0	-1	149
0	8	150
3	-1	149
1	19	150
0	15	146
0	10	150
0	-1	141
2	-1	150
0	12	110
0	-1	140
0	10	146
1	22	150
0	16	150
1	11	125
0	-1	150
0	9	150
0	16	150
0	18	150
2	-1	150
0	14	124
0	16	149
0	33	150
1	-1	150
0	19	134
1	-1	149
0	-1	150
0	11	129
0	20	150
0	10	142
0	-1	148
0	13	150
0	13	145
0	-1	150
0	15	123
0	-1	149
0	25	147
0	15	150
0	38	147
2	-1	151
1	18	150
0	14	138
1	20	149
1	14	146
2	-1	145
4	13	150
0	19	150
0	13	151
0	12	149
1	19	151
1	-1	150
1	18	151
1	-1	150
0	22	107
0	14	150
1	22	150
1	15	150
1	10	151
0	10	150
0	17	150
1	-1	149
0	23	149
1	-1	149
2	17	149
1	13	143
1	14	150
0	15	149
0	14	148
1	-1	149
0	-1	149
0	-1	150
0	12	151
0	11	147
0	-1	151
0	-1	135
0	21	150
2	16	147
0	18	150
1	16	150
0	13	151
0	7	150
0	-1	150
2	-1	151
0	17	150
0	17	126
0	19	150
0	25	150
1	-1	150
1	-1	150
0	36	150
0	7	151
0	16	143
1	30	151
1	-1	149
1	-1	147
0	21	121
0	19	145
0	21	146
0	11	145
1	18	148
1	20	150
0	-1	148
1	16	150
0	19	148
0	18	151
0	-1	149
4	-1	150
0	21	150
0	-1	146
0	-1	150
0	-1	150
0	-1	150
1	-1	147
0	-1	150
0	12	147
0	16	136
0	-1	149
0	42	151
33	42	116
1	22	150
1	19	150
0	32	150
0	9	147
0	16	150
0	-1	149
0	-1	150
0	12	149
1	-1	150
1	14	124
0	-1	150
0	13	147
0	13	150
1	14	106
0	15	150
1	-1	137
1	-1	150
0	-1	150
0	27	150
1	14	150
0	-1	150
1	13	150
1	-1	147
0	17	150
0	15	150
1	17	146
5	26	149
0	-1	147
0	-1	146
1	16	150
1	12	145
0	15	150
0	8	144
0	17	149
1	-1	151
0	16	141
0	18	150
0	19	148
0	15	150
0	-1	143
0	-1	145
0	-1	146
0	11	151
1	18	151
0	-1	148
0	18	145
0	19	150
0	-1	149
0	13	142
0	17	150
0	-1	150
0	18	150
0	10	149
0	-1	147
0	-1	147
1	17	150
1	18	150
0	17	150
1	21	151
1	15	149
0	15	134
0	-1	142
2	31	151
0	15	149
0	-1	144
1	-1	150
0	15	150
0	16	149
0	26	150
1	-1	151
0	12	143
1	25	148
1	-1	150
0	13	141
0	9	116
0	-1	139
0	-1	145
1	15	150
0	25	150
1	-1	151
0	28	150
0	12	145
0	18	142
1	25	151
0	12	150
2	21	150
0	11	150
0	18	150
3	-1	150
0	10	147
0	14	150
0	17	150
0	15	149
1	16	149
0	9	150
0	12	150
0	14	143
1	-1	150
1	17	148
0	12	151
0	15	151
1	20	150
1	-1	136
0	16	129
0	34	139
1	39	148
1	-1	150
0	-1	150
1	-1	150
0	18	150
1	17	150
2	15	145
0	-1	150
1	17	151
0	16	151
0	10	149
0	17	151
2	18	150
0	-1	148
1	-1	150
0	9	149
0	16	149
0	-1	145
0	29	150
0	36	148
1	10	148
0	-1	147
0	43	151
0	2	136
0	-1	149
0	14	150
0	15	150
0	18	150
1	-1	148
0	-1	150
0	12	133
0	-1	137
0	22	150
0	26	148
0	-1	148
0	21	146
0	-1	150
0	15	149
3	12	137
0	-1	151
0	12	149
0	15	120
0	-1	146
1	16	150
0	20	145
0	20	143
2	-1	151
0	-1	145
0	10	148
0	21	145
1	-1	150
0	-1	137
1	-1	150
0	22	148
0	17	128
1	16	150
0	30	150
1	12	139
1	-1	149
0	1	70
1	12	149
1	15	151
0	16	139
0	-1	150
0	20	151
0	-1	148
0	-1	130
0	12	129
0	15	146
2	-1	149
0	-1	150
2	-1	150
1	14	150
0	11	151
0	-1	150
0	24	151
1	-1	150
0	15	150
0	25	150
0	-1	150
1	-1	148
0	-1	150
1	15	150
0	-1	127
0	17	150
0	12	125
0	35	150
0	-1	150
0	-1	149
1	-1	149
1	-1	147
1	15	148
1	12	148
1	-1	150
0	23	150
0	-1	150
0	20	150
1	-1	151
1	20	145
0	27	150
0	-1	148
1	16	140
0	19	150
1	9	128
4	19	78
1	15	150
0	16	148
1	-1	139
0	20	151
0	13	141
0	11	136
0	18	150
0	-1	150
2	19	149
0	-1	150
0	14	149
1	22	150
1	11	151
0	15	137
0	-1	140
0	16	150
1	13	133
0	15	147
0	24	149
0	15	149
1	-1	150
2	25	149
0	8	150
0	15	150
3	17	150
0	17	151
0	-1	139
2	-1	150
1	-1	150
1	20	148
1	21	150
0	-1	143
0	17	151
0	-1	148
0	17	150
0	15	147
1	-1	150
1	18	148
0	-1	149
1	-1	150
1	25	150
0	15	149
0	18	150
1	-1	139
0	-1	150
0	-1	149
0	25	146
0	13	150
2	16	141
0	-1	149
0	20	150
0	19	130
0	38	150
0	-1	150
0	11	151
0	-1	145
0	-1	139
1	19	141
1	22	150
1	-1	148
0	18	151
0	34	150
0	-1	150
0	19	125
0	17	149
0	-1	149
0	14	147
0	17	150
1	17	150
0	14	116
1	-1	146
2	20	137
0	22	149
0	20	142
0	-1	150
0	21	150
0	30	150
0	-1	149
0	17	147
0	-1	150
1	17	150
0	-1	150
0	-1	137
1	10	150
2	-1	147
0	13	142
0	35	150
0	-1	144
0	-1	151
0	6	148
0	-1	147
0	18	150
0	33	151
0	46	150
0	17	150
1	7	151
0	-1	150
0	-1	146
1	11	150
0	19	150
1	-1	149
0	17	151
1	13	128
1	23	142
0	32	151
1	-1	150
0	11	150
0	11	150
0	14	151
0	16	151
1	-1	148
1	-1	150
0	13	138
0	16	150
0	26	149
1	-1	133
0	7	151
0	13	129
0	18	150
1	-1	150
0	13	148
0	17	150
0	17	151
0	13	150
0	13	150
0	19	139
0	17	141
0	-1	139
0	19	151
1	-1	150
0	38	150
1	-1	147
0	42	150
0	18	151
0	-1	151
2	-1	150
1	-1	143
0	13	150
0	12	150
0	12	151
0	7	145
0	0	93
0	16	149
1	20	148
1	31	148
0	-1	150
1	19	151
0	21	150
0	-1	150
1	-1	150
2	20	150
0	17	151
0	-1	147
2	21	149
0	14	150
0	8	149
0	-1	150
1	17	150
1	-1	92
0	-1	150
0	17	150
0	11	150
0	-1	150
0	19	147
1	-1	146
0	16	149
0	-1	124
0	16	138
0	14	150
2	17	146
0	17	136
0	19	150
1	21	149
0	14	121
1	16	150
1	17	150
1	15	150
1	-1	150
0	-1	151
0	30	150
0	-1	119
0	-1	128
0	10	150
0	18	149
0	29	150
0	19	149
0	11	138
0	-1	151
1	19	150
1	11	150
0	12	125
1	26	150
0	13	147
0	13	146
1	-1	150
0	13	141
0	-1	150
0	27	150
1	-1	143
0	17	145
0	-1	149
0	-1	113
1	16	150
0	-1	138
0	26	150
1	14	107
0	9	124
0	14	139
0	-1	150
0	16	151
0	16	151
2	-1	124
1	-1	150
0	20	150
0	22	150
0	40	149
1	-1	142
1	16	150
0	9	143
0	14	145
0	12	150
0	8	149
1	14	150
0	16	142
0	17	149
0	28	151
1	-1	150
1	-1	137
1	-1	150
1	-1	151
0	-1	140
1	15	151
1	18	151
1	-1	126
1	10	99
0	16	130
2	-1	150
0	12	145
0	20	141
0	19	150
0	-1	149
0	22	148
0	19	150
0	39	150
0	12	150
1	21	150
0	-1	149
1	16	145
0	20	140
0	10	106
0	17	150
1	24	150
2	15	150
1	20	151
0	-1	150
0	10	150
1	15	150
0	18	150
0	-1	150
0	17	124
0	-1	151
0	24	140
0	12	151
0	12	151
2	13	148
1	20	137
0	13	106
0	-1	149
3	-1	149
0	-1	141
2	16	148
0	11	150
1	14	150
2	-1	150
0	-1	147
2	-1	149
0	23	137
0	17	150
0	13	150
0	-1	150
0	19	150
0	-1	151
0	11	151
0	20	150
0	23	150
0	-1	151
1	32	148
1	14	150
0	22	150
0	21	147
0	-1	150
1	-1	151
1	10	150
1	16	148
1	19	150
1	18	147
0	16	146
0	18	136
0	-1	148
3	-1	151
1	-1	147
1	24	150
0	14	146
0	11	151
1	20	150
0	23	148
0	-1	148
0	13	150
0	30	145
0	-1	150
0	-1	149
1	14	148
0	11	101
0	45	150
1	12	150
0	2	122
1	12	149
1	14	125
0	8	149
1	13	150
0	14	147
0	34	149
2	16	132
0	14	150
0	17	150
1	22	144
0	23	150
0	-1	135
0	14	150
0	-1	150
0	16	150
0	24	147
0	21	149
0	21	150
0	18	149
3	11	150
0	18	134
0	17	137
1	12	150
1	-1	147
2	-1	150
0	6	122
1	18	149
1	-1	147
1	-1	149
1	24	150
0	16	141
0	13	149
1	41	150
0	-1	140
0	13	150
0	21	149
2	21	150
0	35	150
0	38	150
0	-1	150
0	15	150
0	-1	151
0	-1	150
0	-1	144
0	-1	150
0	-1	146
0	-1	150
0	-1	149
0	-1	150
0	14	150
0	17	149
0	16	150
0	12	151
1	19	150
3	-1	151
1	15	148
0	-1	150
0	17	147
1	16	141
2	26	150
1	-1	138
0	-1	150
0	13	144
0	15	136
1	12	151
2	9	121
0	12	146
0	12	151
1	21	150
0	38	149
0	20	150
0	-1	149
0	-1	151
1	-1	139
0	8	150
0	15	151
0	16	150
0	43	150
0	-1	151
1	24	148
2	10	123
0	29	150
0	-1	150
0	12	142
0	14	150
2	17	150
1	-1	149
0	16	137
1	8	139
1	19	150
1	19	150
0	16	149
0	18	144
1	16	150
1	-1	150
0	10	150
0	-1	151
0	14	150
1	-1	145
0	-1	149
0	17	150
0	18	149
0	13	122
0	29	150
0	16	147
0	15	150
0	-1	132
1	20	150
0	-1	144
1	16	150
1	17	127
0	-1	147
0	9	147
1	12	142
1	10	150
1	-1	149
0	17	148
0	15	150
0	15	149
0	14	150
0	-1	150
1	7	150
1	14	127
2	19	150
0	-1	150
1	38	150
0	-1	149
1	35	130
1	13	150
1	19	149
0	20	151
1	17	150
0	-1	149
1	18	148
1	-1	150
1	-1	149
0	10	147
0	17	137
0	13	142
0	11	151
2	20	150
0	14	150
1	-1	151
0	16	149
0	-1	150
1	-1	145
0	18	147
0	14	148
1	-1	134
0	18	150
0	17	150
1	-1	151
0	-1	127
1	21	146
0	13	150
0	11	148
0	21	148
1	10	149
1	13	150
0	14	150
2	20	150
3	21	149
0	15	150
2	20	129
0	14	149
1	-1	150
0	11	151
0	14	150
0	8	113
0	35	142
0	-1	146
0	20	146
1	24	150
1	-1	142
0	-1	149
0	-1	140
1	15	148
0	-1	149
0	15	149
0	-1	148
0	17	137
2	19	150
0	16	150
1	-1	150
0	17	150
2	13	149
0	-1	150
0	-1	150
1	40	145
0	11	91
0	-1	148
0	21	150
1	-1	147
0	15	147
1	14	149
0	-1	150
1	3	120
1	22	151
0	5	151
1	14	100
0	14	121
1	14	144
1	9	131
1	13	150
0	17	139
0	24	150
0	-1	114
0	20	151
0	11	150
2	19	148
0	13	148
0	-1	117
0	17	150
0	24	150
0	19	141
0	-1	149
0	-1	150
0	-1	151
0	7	74
0	14	147
0	15	151
0	-1	147
0	-1	151
1	18	145
1	40	151
0	13	150
0	13	145
2	-1	150
0	17	148
0	-1	150
0	13	150
0	-1	150
1	18	150
0	15	151
1	-1	151
1	35	146
0	-1	151
0	18	151
1	15	151
0	-1	150
0	7	120
0	9	138
0	12	139
0	13	143
0	-1	149
1	-1	150
0	19	150
0	9	150
0	9	150
0	10	149
0	37	148
0	14	146
0	15	151
0	7	76
0	4	134
1	8	150
0	3	106
0	-1	141
0	25	151
0	9	149
0	18	150
0	-1	150
0	-1	150
0	17	150
0	16	150
0	18	150
1	-1	151
0	16	126
0	14	143
0	4	148
0	14	150
0	14	149
0	17	132
0	12	150
0	23	150
0	18	144
1	-1	151
0	16	119
1	-1	150
1	21	146
1	-1	132
1	15	150
2	-1	150
0	13	146
0	10	99
1	9	148
0	38	151
1	17	149
0	15	145
3	16	130
3	-1	143
1	-1	147
1	14	146
0	-1	149
0	-1	150
0	14	136
1	10	130
0	5	73
1	-1	148
35	37	105
23	24	69
0	17	151
1	14	143
0	6	149
0	-1	150
0	9	151
4	25	132
0	-1	145
0	15	140
1	-1	151
0	22	123
0	12	147
1	30	128
1	12	150
0	20	145
0	-1	123
1	16	124
0	-1	102
0	16	150
0	15	151
1	10	119
1	23	150
0	-1	150
0	34	150
0	41	150
1	-1	150
0	17	150
0	36	146
0	2	72
11	11	62
0	12	146
0	24	148
2	-1	145
0	-1	151
0	-1	150
1	-1	138
0	-1	150
0	21	137
0	14	136
0	16	126
0	1	95
0	6	151
0	9	145
0	15	151
0	15	129
0	13	150
0	11	149
0	-1	151
1	9	143
2	-1	150
0	18	150
0	-1	143
0	17	148
0	17	148
1	11	149
0	12	143
0	16	121
0	17	143
0	16	127
0	20	150
0	13	148
1	-1	149
1	35	150
1	20	150
2	30	125
0	-1	148
1	17	150
0	5	129
0	8	90
0	17	142
0	10	149
0	-1	149
0	12	150
0	11	141
0	12	140
0	16	149
1	-1	148
0	-1	150
0	22	136
0	-1	107
0	10	102
0	39	145
1	10	148
0	13	142
0	-1	145
2	12	129
0	-1	146
1	13	150
0	18	146
0	-1	149
0	16	150
0	12	149
0	8	151
0	12	151
0	11	151
1	17	148
1	14	142
0	15	130
0	20	150
1	-1	147
0	15	142
0	12	149
0	16	148
0	32	133
0	-1	151
0	13	120
0	18	150
22	24	96
0	11	120
1	-1	148
0	44	149
0	-1	149
2	-1	148
0	16	150
3	-1	149
0	8	144
0	14	118
0	12	144
3	27	151
1	43	150
0	6	89
0	24	150
1	18	149
0	-1	144
0	-1	149
0	19	150
0	13	144
1	14	150
0	7	150
0	-1	146
1	-1	148
2	6	151
2	8	137
0	-1	150
0	20	146
0	13	150
0	-1	150
1	7	115
0	12	122
1	-1	132
2	-1	147
0	16	148
2	15	147
0	8	143
0	13	150
0	18	149
1	15	147
0	19	150
0	-1	150
0	12	150
0	2	68
0	-1	150
0	11	142
0	9	150
2	-1	150
3	-1	150
1	-1	150
1	37	151
2	6	115
0	-1	149
1	39	139
1	16	150
0	17	150
1	-1	151
1	-1	121
0	16	151
0	22	150
1	31	140
3	13	150
0	-1	125
0	19	151
1	-1	150
1	-1	149
0	13	146
0	16	141
2	21	150
0	26	151
1	-1	121
1	20	147
0	19	150
2	20	124
1	-1	150
0	30	145
0	21	150
1	-1	139
1	44	150
0	14	139
0	12	149
0	7	150
0	18	151
1	7	133
0	16	149
1	13	150
0	-1	145
0	10	151
2	19	136
1	-1	150
0	-1	151
0	24	148
1	-1	149
0	5	75
0	-1	149
0	12	136
0	25	150
1	17	150
1	-1	150
1	-1	149
0	23	135
0	17	150
0	17	146
0	-1	140
0	17	146
2	16	150
0	10	148
0	7	129
1	13	150
0	5	147
0	17	150
0	14	145
1	37	150
0	15	151
0	-1	141
1	-1	130
1	-1	115
0	19	148
0	-1	149
0	13	150
0	14	150
1	13	149
0	23	123
1	15	148
1	10	146
0	-1	150
1	-1	150
1	-1	151
0	-1	151
0	16	150
0	-1	149
1	30	151
0	10	98
1	-1	151
0	-1	149
0	-1	139
0	15	149
1	-1	136
0	14	104
0	13	146
0	15	151
0	-1	150
0	-1	150
0	17	105
0	19	147
1	14	149
0	-1	150
0	22	150
3	-1	150
0	19	150
0	-1	148
0	18	147
0	-1	150
1	13	133
1	22	150
0	12	149
0	14	151
0	14	151
0	18	151
0	16	150
2	-1	151
1	-1	151
0	14	150
1	-1	138
0	12	150
0	11	150
0	-1	148
0	-1	146
0	15	133
0	9	151
1	-1	150
2	22	145
1	15	141
0	-1	134
1	11	150
1	-1	150
0	-1	150
0	16	148
1	13	132
1	-1	150
0	18	133
1	41	147
0	-1	150
0	12	150
0	15	151
1	21	150
2	-1	145
0	17	150
0	32	149
0	10	150
2	-1	144
3	-1	146
0	26	129
1	-1	149
0	21	150
1	-1	151
0	15	149
1	-1	150
1	-1	150
0	9	150
0	12	145
0	21	138
0	-1	150
0	19	151
0	12	150
0	15	150
0	23	151
1	-1	150
0	14	135
0	12	150
0	8	144
0	18	131
0	6	127
0	9	115
0	12	150
1	17	150
0	21	150
0	17	150
0	-1	149
0	27	147
4	14	151
0	13	150
0	-1	147
0	16	139
0	14	147
1	-1	149
1	13	150
0	14	146
0	16	150
2	-1	148
1	-1	148
0	7	150
0	8	110
0	18	147
0	-1	151
0	-1	136
0	-1	148
0	-1	147
0	8	150
0	21	150
0	11	149
0	33	141
1	13	150
1	-1	150
0	10	150
0	33	150
1	-1	151
1	-1	147
0	19	120
0	16	149
0	-1	150
1	-1	149
0	15	149
1	14	149
1	-1	150
0	17	142
0	-1	145
0	13	149
0	17	148
0	18	150
0	15	145
1	13	150
0	14	127
0	14	150
1	12	150
1	-1	150
0	19	146
0	-1	145
0	13	143
0	24	123
1	-1	150
1	-1	151
0	-1	150
1	19	150
0	19	148
0	9	149
1	-1	149
1	-1	151
2	-1	151
0	-1	151
0	14	149
0	15	148
0	-1	150
1	-1	149
1	-1	107
0	-1	129
1	31	150
0	-1	150
0	18	150
0	-1	151
1	24	146
0	-1	150
1	-1	149
1	11	144
1	14	150
0	15	149
0	18	141
0	-1	118
0	-1	150
1	26	143
0	13	146
0	12	150
0	17	150
0	12	151
1	23	150
1	13	150
0	-1	150
0	21	149
0	-1	150
0	-1	147
1	15	150
0	-1	150
0	21	146
0	-1	150
0	-1	133
0	16	148
0	11	139
0	15	118
0	19	150
0	-1	147
1	16	150
1	-1	150
0	18	150
0	21	150
0	21	150
0	-1	151
0	-1	150
0	18	150
0	40	145
0	21	146
0	12	151
0	12	133
1	-1	148
0	13	150
0	16	150
0	10	144
1	-1	150
0	15	151
0	39	150
0	11	84
0	-1	140
1	21	150
1	14	150
0	-1	151
0	19	150
0	-1	150
1	23	144
0	17	147
0	-1	140
0	16	138
0	-1	150
1	-1	151
0	10	150
0	20	150
0	-1	150
0	22	150
0	14	150
0	16	140
0	15	151
0	15	150
0	15	150
0	11	84
0	12	150
0	17	150
0	13	148
0	-1	151
0	34	150
0	16	150
0	19	150
0	-1	148
1	16	117
1	12	145
1	9	151
0	12	147
0	-1	146
0	-1	151
0	-1	150
0	-1	150
1	-1	150
0	7	129
0	14	146
0	-1	147
1	29	150
0	18	139
0	11	150
1	39	151
0	10	150
1	-1	150
0	8	150
1	-1	130
1	-1	143
1	31	146
0	10	150
0	-1	146
0	11	148
0	18	150
0	32	147
3	-1	149
0	15	150
0	8	149
0	-1	151
0	23	150
0	14	142
1	-1	151
0	18	149
0	32	145
0	-1	149
2	-1	150
0	14	150
1	15	150
0	10	151
0	35	150
0	13	149
0	19	150
0	9	63
1	16	150
1	23	150
0	16	149
0	14	150
0	-1	150
1	11	148
1	-1	150
0	16	151
0	22	148
0	19	150
0	-1	150
0	-1	148
1	-1	150
1	-1	150
0	-1	139
0	-1	145
1	30	150
0	19	150
0	-1	150
0	15	146
1	-1	147
0	-1	150
0	12	146
0	13	142
1	14	149
0	-1	147
0	-1	149
0	25	150
1	-1	150
0	-1	148
0	27	128
3	-1	116
0	22	150
1	17	144
0	13	150
0	15	150
0	15	146
0	19	150
0	-1	151
0	16	151
0	13	150
1	16	146
4	-1	148
1	-1	148
1	19	129
0	-1	141
1	20	150
0	-1	150
0	22	151
1	17	149
0	-1	150
0	24	150
0	8	151
0	-1	147
1	14	150
0	22	150
0	20	150
0	29	150
0	19	150
0	9	133
1	-1	149
1	13	150
0	16	150
0	18	150
0	13	146
0	14	151
0	15	150
0	15	142
0	13	150
0	-1	150
1	16	150
0	-1	150
0	18	148
0	11	139
0	27	151
0	7	150
1	-1	150
0	12	150
0	34	150
0	20	150
1	17	151
0	24	148
1	19	146
1	43	150
1	-1	150
0	15	149
0	10	150
0	9	145
0	14	147
0	14	150
0	19	150
0	20	150
0	-1	149
0	-1	150
0	16	150
1	-1	150
0	11	150
0	22	151
0	-1	151
1	-1	151
1	15	150
1	-1	150
0	11	148
1	15	150
1	15	149
1	12	113
0	-1	148
1	-1	150
0	-1	148
0	18	147
2	23	146
1	-1	150
0	11	150
0	23	150
0	12	129
1	29	149
0	21	110
0	32	127
0	11	150
0	20	151
2	-1	119
0	15	149
0	21	150
0	19	149
0	19	150
0	14	149
0	6	149
1	17	150
0	13	133
0	-1	150
1	11	150
0	18	150
0	11	130
0	28	150
0	-1	150
1	10	134
1	16	150
1	11	151
0	-1	146
0	10	150
5	19	150
0	9	151
0	-1	150
0	-1	150
1	13	150
1	23	148
1	-1	150
3	14	127
0	14	150
1	-1	150
2	25	150
0	-1	149
0	21	150
0	14	147
0	19	141
0	-1	150
0	16	151
0	17	150
1	-1	135
0	-1	150
0	18	120
1	19	150
1	14	150
0	-1	150
0	16	150
0	-1	150
0	9	143
1	-1	150
0	44	151
0	-1	150
0	21	150
0	19	149
0	-1	150
1	-1	149
0	-1	151
1	16	149
0	12	150
1	42	150
0	8	150
0	-1	146
0	-1	149
0	-1	118
0	20	150
0	21	149
0	-1	150
0	15	150
0	20	148
0	-1	149
0	-1	150
0	-1	149
0	23	150
0	22	150
0	19	144
0	16	130
1	-1	150
0	19	150
2	-1	134
0	14	132
0	21	150
1	19	149
0	14	150
0	-1	150
0	22	150
0	13	151
0	-1	149
1	-1	87
0	19	149
0	16	150
1	-1	140
1	13	147
2	17	150
1	17	150
0	34	150
0	15	150
3	-1	150
0	-1	147
1	20	150
0	17	148
0	11	149
1	-1	144
1	-1	145
0	-1	146
0	12	149
0	-1	151
0	13	150
1	19	143
1	17	151
0	13	150
0	12	101
0	-1	123
0	11	150
3	16	150
0	19	143
0	15	148
0	16	144
0	24	141
0	14	149
2	-1	151
0	9	149
0	16	142
0	15	104
0	10	150
1	10	150
2	23	151
0	-1	150
0	15	149
1	15	149
0	38	143
1	15	150
0	-1	150
0	-1	146
0	-1	145
0	25	149
1	-1	150
0	12	150
0	20	150
0	-1	130
1	16	150
0	20	151
0	-1	141
0	-1	150
0	-1	148
0	-1	143
0	-1	138
0	11	150
0	18	151
0	-1	150
2	-1	150
0	22	149
0	16	146
0	18	150
0	9	150
0	-1	146
0	7	144
0	-1	138
0	-1	150
0	11	150
0	30	129
0	21	150
0	13	109
0	19	150
0	12	124
0	-1	150
1	-1	150
0	17	150
1	15	150
1	-1	145
1	39	147
1	-1	150
0	10	150
1	17	150
0	-1	151
1	-1	150
2	18	138
1	-1	151
0	14	102
0	-1	150
0	19	136
0	15	150
0	17	149
0	19	136
1	12	151
0	17	150
0	15	150
0	12	149
0	17	148
2	20	142
1	-1	151
0	21	150
0	19	147
0	18	128
0	-1	145
1	17	150
0	22	148
1	10	150
0	31	150
0	14	123
1	-1	150
1	38	150
1	13	149
0	-1	150
1	-1	149
0	13	148
1	-1	138
1	15	128
0	12	150
1	13	151
0	-1	150
0	18	150
0	-1	147
0	-1	145
0	17	151
0	32	151
1	20	150
0	-1	150
0	11	150
0	16	141
1	11	148
0	13	150
0	17	143
0	-1	147
0	-1	150
1	-1	150
3	-1	151
0	15	149
0	9	150
2	-1	150
1	-1	147
1	18	125
1	-1	147
0	14	150
3	13	112
1	27	149
0	-1	140
0	23	150
0	18	150
1	13	138
0	6	73
0	19	144
0	-1	126
0	12	145
0	16	149
0	-1	149
1	21	149
0	10	150
0	27	122
0	-1	148
1	32	150
0	14	149
0	-1	150
0	17	132
0	14	139
0	-1	104
1	22	150
0	23	147
0	-1	150
0	17	147
0	-1	131
0	-1	150
2	-1	149
1	-1	149
1	14	149
1	-1	150
1	16	150
0	19	151
0	15	149
0	14	151
2	-1	151
1	-1	141
1	9	150
0	-1	148
0	16	141
0	6	144
0	32	150
0	14	150
0	14	150
0	16	151
1	-1	150
0	19	141
1	-1	150
0	-1	148
0	-1	151
0	22	150
0	-1	149
0	10	150
0	23	150
0	15	150
0	18	150
1	15	150
1	-1	151
0	18	148
0	12	150
0	32	150
0	25	151
1	12	149
0	16	149
0	-1	149
0	-1	147
0	37	150
0	-1	150
0	18	150
0	13	151
0	15	125
0	13	142
0	17	149
2	-1	137
0	-1	150
0	-1	149
0	7	140
0	-1	149
1	13	151
0	14	151
0	21	150
0	-1	143
0	-1	145
1	22	150
0	-1	147
1	-1	149
0	-1	150
0	-1	150
2	-1	130
0	19	144
1	21	150
2	-1	149
1	-1	150
0	29	149
0	-1	150
0	14	118
0	17	141
1	-1	150
0	16	150
1	-1	150
0	10	148
0	24	141
1	20	150
0	15	142
0	21	145
1	-1	130
0	5	69
0	12	144
0	15	101
0	-1	146
1	-1	150
2	-1	150
2	15	150
0	-1	150
0	-1	146
0	-1	148
0	18	150
0	-1	148
0	16	151
0	22	150
0	-1	144
0	14	150
0	17	150
31	-1	150
0	16	150
2	21	150
0	17	144
2	-1	148
0	15	97
0	-1	150
1	-1	147
0	-1	150
0	-1	138
0	16	150
0	19	151
0	-1	138
0	21	150
0	15	149
0	17	150
1	18	131
0	18	149
0	9	149
0	-1	151
0	-1	149
0	15	150
0	11	146
0	9	149
0	16	129
0	14	151
0	2	95
0	-1	143
0	-1	110
1	-1	146
0	16	144
2	12	146
0	9	145
0	32	149
0	19	150
1	-1	150
0	16	136
0	16	131
0	16	151
0	36	133
0	6	150
0	-1	137
22	29	93
0	31	149
0	18	149
0	-1	148
0	13	150
0	18	150
1	-1	147
0	13	144
0	-1	138
1	-1	151
0	40	127
0	13	146
0	-1	150
0	11	137
0	8	107
1	-1	148
1	-1	150
0	20	148
1	-1	146
0	15	132
0	14	150
1	19	149
0	13	150
0	-1	150
0	20	149
0	19	150
0	17	150
0	17	150
1	-1	149
1	-1	149
0	13	148
0	16	142
0	15	150
0	39	150
0	-1	150
1	23	149
1	21	151
0	32	150
0	14	150
0	17	150
1	-1	147
0	16	151
0	22	151
0	-1	150
0	-1	150
0	-1	150
0	-1	150
1	31	150
0	6	142
0	12	139
0	16	148
1	-1	150
0	13	120
0	12	150
0	17	151
0	-1	135
1	-1	137
1	12	150
2	24	150
1	14	150
2	15	148
0	18	150
2	41	140
0	18	150
0	-1	150
0	17	151
0	36	139
2	22	150
0	-1	150
1	18	125
0	20	150
0	13	148
0	-1	149
1	-1	151
1	35	143
0	13	142
1	-1	150
0	11	150
1	-1	151
2	21	150
1	-1	150
0	-1	147
2	21	150
1	-1	150
0	-1	136
0	-1	150
0	14	127
0	34	150
1	-1	149
0	13	150
0	14	151
1	29	140
0	15	148
0	-1	149
1	13	136
1	16	137
1	-1	150
0	-1	149
0	19	122
0	19	151
3	-1	150
1	17	150
0	19	151
4	-1	145
1	16	144
0	20	149
1	15	150
1	21	150
0	16	150
0	14	148
0	24	150
1	-1	149
0	12	137
0	17	148
0	14	150
0	17	150
2	15	149
0	9	150
1	21	149
2	-1	151
1	-1	150
0	13	150
0	11	150
0	-1	151
1	-1	151
0	13	151
0	24	146
1	-1	149
1	-1	147
1	-1	150
0	16	150
0	7	99
1	-1	149
0	12	150
0	11	148
0	13	150
0	19	150
1	17	150
0	8	150
0	-1	140
0	19	150
0	-1	150
0	-1	151
0	9	150
2	-1	149
0	-1	150
0	13	117
1	-1	150
0	23	150
3	-1	150
0	-1	150
0	17	151
1	-1	148
1	38	150
0	-1	150
1	-1	150
1	-1	142
0	17	150
0	10	131
0	-1	149
0	14	138
0	4	69
0	11	148
0	16	150
1	12	148
0	17	150
1	39	151
0	-1	144
2	31	146
0	16	146
1	11	150
0	13	147
1	-1	150
1	-1	150
0	19	122
0	-1	150
0	12	150
0	24	150
0	-1	150
0	25	150
1	-1	148
2	26	151
1	15	144
0	14	147
1	17	149
0	13	150
1	21	150
0	26	151
0	15	147
1	15	147
1	12	150
1	-1	147
2	-1	148
3	-1	151
0	-1	151
0	15	139
0	-1	150
9	-1	150
0	11	150
0	-1	151
0	10	150
1	-1	148
0	12	124
0	-1	149
1	-1	151
1	26	150
0	15	145
0	-1	148
0	16	150
1	-1	137
0	19	150
1	22	151
1	15	148
0	17	150
0	33	125
1	-1	150
1	39	150
0	-1	146
0	23	150
0	13	145
2	-1	150
0	-1	149
0	11	145
0	-1	150
0	-1	150
0	21	150
2	-1	148
0	20	149
0	22	150
0	24	143
0	-1	150
3	-1	149
0	-1	150
0	-1	151
2	14	150
0	15	149
0	10	148
1	-1	151
0	11	144
0	29	150
0	-1	150
1	-1	149
0	37	148
1	-1	150
1	-1	149
0	13	150
0	16	149
0	14	150
1	-1	150
0	13	150
0	14	149
0	26	151
0	11	150
0	19	147
1	21	142
1	18	151
1	-1	150
1	20	150
0	17	150
0	16	148
0	-1	150
0	19	137
0	15	151
0	22	144
0	-1	136
1	-1	148
0	13	150
1	-1	150
1	-1	150
0	17	141
1	23	151
0	21	150
0	9	125
1	14	150
0	14	146
1	15	150
0	12	150
1	16	150
0	-1	147
1	13	150
0	-1	148
0	17	150
0	16	146
0	18	149
0	15	139
1	-1	150
1	21	150
0	11	149
0	11	98
0	13	148
0	-1	150
1	-1	149
0	-1	150
2	17	149
0	-1	145
1	17	150
1	-1	151
0	-1	150
1	14	150
0	11	150
0	10	150
1	20	150
0	21	150
1	-1	149
0	11	150
0	10	150
1	-1	149
1	-1	151
0	14	148
0	16	150
1	18	150
0	16	148
0	20	147
1	18	150
1	18	149
0	7	89
0	-1	146
0	19	150
1	26	145
1	13	150
1	-1	150
1	13	150
0	8	150
0	31	150
0	14	131
1	-1	150
1	17	150
0	-1	146
1	24	146
0	19	146
0	-1	121
0	-1	148
0	11	147
0	18	150
0	16	150
1	13	116
0	13	151
0	13	150
1	20	150
0	-1	151
0	18	134
0	-1	126
0	21	149
0	-1	150
0	17	150
0	17	150
0	16	143
0	13	150
0	-1	146
0	22	151
0	5	150
1	17	151
0	16	142
0	18	144
1	18	150
1	30	147
0	23	147
0	19	150
1	23	150
1	-1	150
0	-1	151
0	11	150
0	10	150
0	-1	150
0	-1	150
1	16	146
0	-1	150
0	10	151
1	18	150
0	18	149
0	15	149
1	17	150
1	-1	151
0	-1	150
0	17	150
0	29	148
0	17	150
0	-1	126
0	40	146
0	19	151
0	19	150
0	-1	149
1	13	147
0	-1	150
0	-1	151
2	10	135
0	10	141
0	17	150
0	-1	151
2	19	150
1	21	151
0	-1	149
1	-1	147
1	-1	149
0	21	149
0	9	123
0	-1	151
0	14	132
0	36	145
2	-1	150
2	12	150
2	-1	139
0	32	149
0	-1	149
0	12	70
1	13	150
0	-1	151
0	15	151
0	17	149
0	13	149
1	12	150
0	12	150
1	13	150
0	-1	148
0	-1	149
0	19	150
0	18	150
0	16	151
0	-1	151
0	25	150
0	17	151
0	18	150
0	11	149
0	17	150
0	23	146
1	-1	150
0	16	150
0	12	150
0	-1	148
1	16	148
0	-1	150
0	17	140
1	13	150
0	13	148
0	8	145
0	3	150
0	11	150
0	-1	120
1	27	142
0	19	149
0	12	150
0	-1	141
1	13	146
0	11	151
1	22	150
0	12	150
0	-1	115
1	13	146
0	21	150
1	-1	147
0	-1	150
0	-1	150
0	13	117
1	24	141
1	16	150
0	-1	150
0	-1	150
0	13	150
1	-1	149
0	-1	150
2	-1	151
1	-1	150
0	-1	149
0	12	150
0	18	148
1	-1	150
0	-1	95
0	-1	139
0	10	126
0	-1	146
0	14	137
0	11	148
0	-1	149
1	19	150
1	-1	150
1	-1	148
0	12	150
0	33	150
0	4	149
0	14	140
0	18	150
1	14	149
1	2	107
0	16	151
0	12	141
0	-1	151
0	19	149
0	10	149
0	22	146
0	23	150
1	30	150
0	19	124
0	15	148
0	18	150
0	-1	116
0	13	146
0	16	150
1	-1	151
0	21	148
0	-1	151
0	34	147
0	22	150
0	14	148
0	17	145
0	16	150
0	-1	150
0	15	75
0	-1	150
1	18	150
1	17	149
1	-1	150
0	10	150
0	-1	148
0	17	149
1	9	149
1	14	150
0	9	150
0	-1	148
0	13	131
1	-1	146
0	18	127
0	12	150
1	-1	130
2	-1	151
0	17	150
0	14	150
0	23	151
0	15	147
1	-1	144
0	15	149
0	15	150
0	18	150
1	14	147
0	15	149
1	13	151
0	14	150
0	-1	149
0	17	151
0	13	151
0	10	146
0	13	132
2	-1	137
0	16	150
0	-1	150
2	6	98
0	8	150
0	8	150
1	24	145
0	37	148
0	25	151
1	18	136
0	-1	150
0	-1	98
0	-1	150
1	-1	140
2	-1	146
0	18	150
0	-1	149
0	15	149
1	-1	150
1	10	150
0	21	151
0	22	138
0	-1	150
0	-1	151
1	-1	146
0	47	149
0	-1	149
0	-1	127
0	16	145
0	-1	135
0	15	133
0	15	150
0	-1	150
0	20	150
0	-1	138
2	13	150
0	20	150
1	14	150
0	-1	134
0	17	151
0	17	148
0	-1	150
0	-1	150
0	26	149
0	-1	140
0	17	148
0	20	145
0	-1	150
1	18	150
1	19	151
1	15	148
0	19	150
1	15	117
0	21	147
0	-1	148
0	17	150
0	22	150
0	-1	147
0	9	149
1	-1	145
1	39	150
0	16	151
0	8	150
0	-1	150
0	16	148
0	10	141
1	-1	148
0	-1	151
1	30	146
1	-1	150
0	10	149
0	-1	140
1	-1	133
0	13	137
0	10	150
0	17	142
0	18	149
0	8	150
0	40	151
1	15	144
0	30	138
0	-1	142
1	-1	151
0	11	148
0	19	149
1	-1	149
0	19	150
0	-1	148
0	-1	150
0	-1	148
2	32	148
0	19	150
0	-1	150
0	17	150
0	12	149
0	11	145
0	18	150
0	11	145
0	24	151
0	-1	141
0	12	136
1	15	123
3	18	149
1	16	150
0	-1	150
1	-1	147
1	-1	148
0	14	123
0	14	145
0	17	149
0	11	150
1	13	150
0	-1	150
1	23	150
0	21	145
0	-1	145
1	-1	141
0	18	147
0	14	151
0	-1	133
1	30	147
0	11	150
0	-1	150
0	12	150
0	36	148
0	11	151
0	17	149
0	26	146
0	11	151
0	10	146
0	20	147
0	-1	147
0	5	149
1	25	151
1	-1	150
1	19	149
0	40	148
0	19	150
0	9	109
0	35	151
2	30	144
1	-1	145
0	-1	151
0	10	148
0	33	135
0	10	136
1	8	148
0	11	145
1	17	123
0	13	140
1	-1	150
1	18	151
0	9	150
0	-1	149
0	12	144
0	38	149
0	9	89
0	18	136
0	9	151
1	-1	151
0	-1	150
0	22	150
0	19	145
0	22	150
0	27	149
0	-1	150
0	11	146
0	-1	150
0	10	144
0	18	150
1	16	145
0	14	150
0	14	151
0	13	150
1	-1	150
0	12	145
1	-1	151
2	20	150
0	12	150
0	20	147
1	24	150
0	-1	151
0	-1	150
0	10	149
0	17	150
0	14	141
0	-1	141
1	37	143
1	12	150
0	14	151
0	14	150
1	-1	150
0	-1	150
1	27	150
0	-1	149
0	33	150
0	14	144
0	-1	146
0	12	148
0	16	146
3	-1	150
0	-1	151
0	15	129
1	-1	150
0	18	150
2	-1	151
0	16	150
0	22	139
0	12	150
1	13	149
0	22	151
0	11	151
0	10	150
0	29	146
1	13	150
0	-1	150
0	15	128
1	19	150
1	18	149
0	15	150
0	16	150
0	-1	150
0	19	147
0	13	149
1	-1	149
1	28	148
1	-1	150
0	17	150
2	-1	144
0	11	105
1	36	148
0	11	100
0	9	122
0	6	150
1	-1	150
0	15	150
1	-1	149
0	-1	150
1	16	143
0	-1	150
0	-1	150
0	-1	150
1	-1	148
1	14	128
0	17	150
0	-1	150
0	13	148
1	-1	150
0	16	150
0	23	145
1	-1	148
1	37	138
0	-1	149
0	-1	130
0	16	151
1	-1	150
0	-1	149
0	20	150
0	-1	120
0	19	150
0	22	149
0	22	151
1	-1	150
2	15	144
1	-1	149
2	33	150
3	-1	128
1	-1	149
0	11	149
0	17	151
0	-1	150
0	-1	150
0	12	149
0	12	130
0	-1	150
0	-1	146
0	10	149
1	13	149
0	14	149
2	18	150
1	9	151
0	8	128
0	10	145
0	18	149
0	7	150
1	10	96
0	-1	141
0	7	136
1	13	150
1	39	150
0	16	110
1	17	150
0	7	107
0	17	149
0	15	149
1	17	144
0	-1	150
0	10	135
2	-1	149
0	-1	150
0	32	145
1	25	150
0	20	150
1	17	150
0	31	147
0	16	112
0	12	150
0	42	150
1	16	150
0	14	150
1	19	150
0	-1	148
0	17	144
0	13	150
0	18	150
0	14	150
0	14	150
0	-1	149
0	8	136
1	11	150
0	37	150
2	-1	129
1	-1	149
0	7	150
0	-1	124
1	-1	138
0	19	121
0	-1	150
0	-1	135
0	18	151
0	11	135
0	27	150
0	21	148
1	21	150
0	-1	148
3	22	151
0	-1	149
0	40	150
0	14	151
0	13	150
1	-1	150
0	-1	147
0	18	147
0	-1	149
0	15	150
0	17	148
1	19	150
1	-1	151
0	-1	150
0	19	150
1	32	145
0	28	144
0	-1	107
0	18	140
0	19	136
1	17	146
0	22	146
0	-1	150
0	15	107
0	16	150
0	15	140
0	-1	148
2	18	150
1	17	150
0	-1	150
0	18	150
1	22	150
1	16	149
0	20	150
0	19	150
2	-1	133
0	15	150
1	21	150
0	-1	145
0	13	150
0	15	150
0	14	149
2	18	143
0	13	149
0	-1	150
0	18	150
1	-1	151
0	15	142
0	-1	151
1	-1	145
0	16	150
0	-1	150
0	12	128
0	15	150
1	14	144
0	-1	148
0	16	150
0	20	150
0	12	150
1	-1	149
1	-1	150
0	14	150
2	-1	147
0	15	144
0	14	129
0	20	149
0	-1	149
0	-1	136
0	17	150
0	17	149
0	-1	150
2	-1	150
1	-1	151
1	33	149
1	-1	151
0	9	148
1	-1	112
0	21	149
0	-1	150
2	17	149
0	14	150
0	11	149
1	20	149
1	20	121
0	12	147
0	18	151
0	-1	144
0	41	151
0	13	143
0	9	148
0	-1	149
2	-1	148
1	13	147
0	-1	150
0	15	138
2	-1	145
1	14	149
0	13	151
0	-1	150
0	13	149
0	15	146
0	16	132
0	-1	150
0	11	150
1	29	150
0	15	149
0	19	144
0	-1	144
0	-1	149
0	-1	151
0	-1	147
0	-1	148
1	-1	150
1	-1	150
0	13	150
0	-1	149
0	-1	150
0	17	150
0	14	149
0	19	149
0	-1	150
0	-1	145
1	26	148
1	-1	150
1	16	143
0	-1	140
0	15	148
1	-1	150
0	23	150
0	-1	149
0	19	145
0	-1	150
0	-1	148
1	-1	149
1	17	140
0	41	141
1	13	150
0	-1	150
1	14	150
1	12	151
0	15	150
0	16	148
0	18	150
0	10	150
1	15	150
0	12	145
0	14	151
1	14	150
0	10	91
1	17	150
0	17	148
0	38	144
0	16	150
0	15	118
1	31	124
0	12	146
0	8	149
0	2	105
1	17	150
0	22	151
0	-1	149
0	17	143
0	14	150
0	20	150
1	-1	149
0	-1	151
0	-1	151
1	30	150
0	16	151
1	23	150
1	23	147
1	17	150
0	12	150
1	47	143
0	14	151
0	19	151
0	-1	140
0	10	150
1	16	131
0	41	148
0	-1	151
0	-1	150
0	9	150
0	-1	150
0	-1	148
1	19	150
1	-1	150
2	21	149
0	-1	143
0	36	148
0	18	127
0	12	147
0	-1	146
1	31	150
0	15	150
0	8	149
0	9	150
0	20	150
0	14	149
0	-1	150
1	-1	150
0	-1	149
1	22	150
1	41	150
0	-1	150
1	28	148
1	16	135
0	15	150
1	14	130
0	16	145
1	15	150
0	16	150
0	14	150
0	43	151
1	-1	149
0	-1	150
0	13	150
0	12	133
0	4	144
0	21	150
0	14	149
2	-1	150
0	-1	149
1	5	149
0	-1	150
0	-1	149
0	17	148
0	-1	117
0	18	150
0	-1	138
0	20	150
0	-1	150
0	18	145
0	20	150
0	17	146
0	13	150
0	7	148
0	11	98
0	-1	145
0	19	150
0	17	149
0	7	141
0	-1	150
0	14	150
0	15	147
0	-1	150
0	10	112
0	16	146
0	12	149
52	-1	148
0	16	149
0	16	150
8	-1	147
0	16	149
2	21	146
0	18	128
0	-1	149
1	36	139
0	17	151
3	-1	148
1	-1	148
0	-1	151
0	-1	149
0	13	149
0	16	151
1	16	150
0	14	140
1	15	150
0	8	137
0	-1	150
0	25	149
0	-1	145
1	17	146
3	15	92
1	-1	141
2	23	149
0	14	150
2	19	145
0	-1	147
1	-1	149
0	-1	149
0	24	148
2	-1	150
1	15	140
1	-1	150
0	-1	151
0	-1	151
1	-1	149
0	16	150
1	-1	150
0	21	115
2	19	151
0	12	147
0	-1	150
0	-1	149
3	-1	150
0	-1	143
0	17	151
1	20	148
2	-1	150
0	-1	147
0	-1	106
1	33	145
0	24	147
0	12	150
0	14	150
0	39	147
0	12	150
0	29	150
0	17	148
0	11	148
0	28	150
1	-1	150
0	25	150
0	17	150
0	19	151
0	15	141
1	23	134
1	-1	150
0	14	150
1	-1	151
1	13	150
1	18	149
1	11	149
2	24	151
0	-1	149
0	17	134
0	13	144
2	17	119
0	17	149
1	29	149
1	19	140
1	-1	150
0	-1	149
0	-1	150
0	11	131
0	16	148
1	-1	150
0	-1	150
0	14	129
1	11	130
0	19	148
0	-1	150
0	32	147
0	10	150
0	-1	148
0	20	147
1	15	151
0	16	150
1	-1	148
0	-1	142
0	15	148
0	11	150
0	-1	150
1	-1	150
0	20	147
0	-1	132
0	15	151
0	21	146
1	-1	151
0	-1	150
0	-1	149
0	14	150
1	18	150
0	-1	149
1	14	150
1	19	151
0	-1	151
0	16	147
0	-1	139
0	18	150
1	-1	143
0	-1	150
0	-1	149
0	18	150
0	20	150
1	-1	147
0	14	149
0	14	147
1	11	149
0	11	144
1	19	150
1	18	150
1	11	136
0	17	150
0	12	139
0	-1	147
1	39	150
1	14	151
0	32	147
1	10	121
0	-1	149
1	19	145
1	11	150
1	26	106
0	13	150
0	-1	151
1	12	139
0	18	149
1	40	147
0	15	150
0	13	147
0	19	148
0	13	132
0	19	129
1	12	131
0	15	143
1	13	124
0	30	142
1	21	150
0	8	138
1	10	142
0	-1	147
0	-1	139
0	13	148
1	14	150
1	-1	148
0	14	147
1	13	119
0	-1	129
1	19	147
0	15	149
0	17	150
0	-1	148
0	-1	134
0	13	119
0	16	148
1	22	151
1	14	115
1	16	149
1	22	121
0	15	151
0	6	142
0	-1	149
1	15	150
0	16	149
0	10	150
1	24	150
0	12	130
0	9	120
2	-1	148
1	-1	150
1	13	127
0	20	150
0	7	148
2	13	150
2	9	149
0	23	150
0	11	145
0	13	150
1	-1	145
1	18	150
0	19	150
1	14	148
0	-1	150
2	14	142
0	14	147
1	-1	145
1	-1	150
0	15	150
0	16	131
0	-1	150
0	17	150
0	14	146
1	19	150
0	13	151
0	-1	148
1	-1	131
0	14	150
0	-1	111
0	13	150
1	14	150
0	13	150
2	-1	148
0	-1	122
0	14	147
0	13	143
1	20	151
1	22	150
1	20	151
0	-1	141
0	12	139
1	-1	151
0	10	136
1	31	150
1	14	151
0	12	151
0	11	149
0	-1	150
0	11	150
0	19	150
2	18	150
1	-1	150
0	-1	141
0	-1	102
1	-1	149
1	20	150
0	9	149
2	-1	148
0	23	150
0	15	150
0	-1	148
1	-1	142
0	-1	131
0	10	140
1	13	150
2	18	150
0	16	150
0	-1	150
1	14	151
0	-1	151
0	17	150
0	-1	150
0	11	109
0	-1	118
1	13	150
0	-1	149
1	11	141
0	12	148
0	13	151
1	16	149
0	11	145
0	15	135
0	11	140
1	18	150
2	-1	150
0	10	149
1	19	146
1	13	149
2	13	150
0	8	150
1	17	138
0	13	149
0	14	150
0	15	150
2	-1	150
0	35	133
0	-1	150
1	13	151
2	13	148
0	16	145
1	-1	150
0	-1	150
1	16	150
0	11	151
0	9	148
1	9	150
0	21	136
0	16	150
2	-1	150
0	-1	148
0	14	150
2	-1	150
0	7	137
0	23	151
0	-1	139
1	13	149
0	9	148
0	17	149
1	-1	148
0	-1	150
0	-1	150
0	7	72
0	31	150
1	-1	133
0	17	148
0	14	142
0	11	147
2	24	150
0	35	141
1	-1	146
0	6	147
0	19	145
0	9	131
0	28	150
0	18	148
0	13	151
0	13	139
0	14	136
0	26	150
1	19	150
0	17	144
0	20	151
0	-1	142
0	18	139
2	19	145
0	12	150
0	18	145
2	14	150
1	19	150
1	-1	150
0	41	149
2	17	151
1	-1	150
1	23	151
0	12	147
1	-1	150
0	11	149
0	20	150
0	18	145
0	-1	151
1	-1	146
0	16	150
1	24	150
0	30	148
0	-1	146
0	15	142
1	24	146
0	-1	150
0	-1	133
0	-1	63
0	-1	149
0	-1	150
0	-1	150
0	14	147
0	21	150
0	-1	134
2	-1	151
0	17	150
0	13	150
0	16	150
0	11	138
0	13	149
0	-1	148
1	37	150
0	16	122
1	17	151
0	-1	151
0	-1	145
0	7	149
0	14	149
0	-1	140
0	-1	150
0	15	99
0	-1	150
1	21	150
1	19	150
0	-1	150
0	20	148
0	22	150
0	20	150
0	15	126
0	-1	150
1	-1	135
0	14	151
0	-1	149
2	-1	150
0	17	150
0	32	146
0	9	98
0	31	150
1	22	150
1	12	68
0	12	150
0	19	150
0	-1	149
0	13	121
0	20	150
0	12	149
1	18	144
1	-1	150
0	30	150
0	-1	150
0	11	150
1	15	150
0	19	151
0	13	149
1	-1	148
0	11	150
0	16	143
1	-1	150
0	-1	150
0	18	150
1	-1	149
0	21	150
1	26	150
0	20	149
1	32	150
1	19	150
0	13	145
1	14	147
0	-1	150
0	18	142
1	20	146
0	-1	148
0	-1	149
1	19	150
1	-1	141
0	-1	150
1	16	150
0	18	151
0	-1	146
0	12	150
1	17	150
0	15	141
0	15	150
0	19	150
0	16	150
0	-1	147
0	14	151
0	23	150
0	14	148
0	14	150
1	-1	150
0	-1	146
0	13	149
0	4	150
1	8	150
0	22	151
1	14	149
1	-1	150
0	-1	149
0	18	149
0	18	151
0	15	150
0	6	77
0	27	150
0	-1	150
0	14	146
1	18	143
0	-1	149
0	-1	150
0	12	150
0	-1	150
0	15	150
0	13	146
0	-1	150
1	16	149
1	9	148
0	31	150
0	17	150
1	-1	150
0	17	150
1	-1	150
0	-1	150
1	-1	150
0	17	151
1	18	150
3	16	150
1	-1	151
0	-1	149
1	14	150
0	-1	133
1	16	150
0	-1	147
0	20	148
1	12	138
0	13	148
0	19	150
0	19	149
0	16	150
0	-1	148
1	-1	148
0	-1	150
0	34	147
2	31	100
0	38	146
0	11	150
0	19	150
0	-1	150
2	-1	148
1	11	150
0	13	142
0	11	148
0	15	151
1	-1	139
0	-1	151
0	24	151
1	27	150
2	49	150
0	14	150
0	-1	149
0	16	139
0	-1	149
0	10	125
0	12	144
0	-1	149
0	24	150
1	-1	150
0	15	150
0	10	150
1	24	150
0	-1	149
1	-1	151
9	23	95
1	16	150
1	-1	150
0	16	148
3	20	151
0	14	150
0	15	143
0	13	147
0	45	149
2	-1	151
0	19	148
0	-1	150
0	20	151
0	41	150
1	17	148
0	-1	145
0	21	137
0	-1	149
1	18	146
1	11	149
0	-1	127
0	-1	149
0	13	139
0	14	149
0	18	151
1	-1	151
0	26	147
0	-1	147
1	-1	150
0	12	140
0	11	149
0	-1	150
1	-1	151
2	17	140
0	-1	150
1	24	148
0	-1	150
0	8	132
0	16	146
0	-1	150
0	-1	150
1	22	150
1	-1	121
1	-1	150
0	17	149
0	15	150
0	5	151
0	15	150
0	-1	148
0	-1	150
0	-1	150
0	16	151
0	16	149
0	21	149
1	-1	150
0	17	150
1	19	145
0	18	150
0	17	151
0	16	137
1	-1	151
0	14	144
0	36	150
0	18	150
0	18	145
0	20	149
0	10	150
0	7	150
0	9	150
0	-1	150
0	-1	148
1	14	150
1	23	150
0	6	89
0	22	148
0	-1	142
0	-1	147
1	13	143
0	12	150
0	-1	149
0	16	146
2	-1	150
0	11	150
0	20	150
0	10	150
1	14	149
0	11	147
2	39	148
1	-1	150
1	11	149
0	15	150
0	-1	148
3	29	147
0	-1	150
1	14	145
1	13	150
0	7	150
0	10	148
0	-1	148
1	-1	150
0	21	151
0	6	147
0	17	151
0	-1	151
0	15	150
0	27	151
0	27	150
1	19	150
1	-1	148
0	18	150
1	14	122
0	-1	146
0	-1	149
1	20	150
0	6	67
0	6	143
0	11	80
0	12	150
34	57	147
0	-1	149
1	-1	144
1	-1	141
1	20	150
1	20	150
1	-1	150
0	19	151
0	11	149
0	23	149
0	16	150
1	-1	149
0	20	150
0	19	151
1	19	148
1	17	150
0	9	148
1	-1	151
0	17	151
0	28	150
0	13	151
0	21	149
0	19	139
0	13	140
0	14	150
0	13	150
0	13	146
0	15	145
0	-1	150
0	17	150
2	12	121
0	8	148
0	-1	147
0	31	151
0	18	150
0	15	150
1	21	149
0	24	150
1	-1	150
0	-1	150
0	19	150
0	13	150
0	-1	150
1	-1	150
0	-1	151
0	21	151
0	6	150
0	15	150
1	-1	147
0	10	150
0	-1	149
0	16	150
0	11	150
0	-1	150
0	12	149
0	-1	145
0	5	105
1	-1	150
0	17	141
1	-1	148
0	15	150
2	-1	150
1	-1	150
0	16	150
1	16	149
0	22	142
0	10	150
1	-1	146
0	10	148
0	-1	150
0	-1	150
1	11	148
0	21	148
1	13	151
1	-1	150
0	13	150
0	-1	120
0	15	150
0	-1	145
0	19	150
0	-1	151
0	13	150
2	-1	149
0	24	150
0	-1	148
0	24	150
0	19	129
0	20	151
0	14	150
0	11	148
0	16	151
0	15	151
0	15	130
0	-1	150
2	8	135
0	-1	150
1	29	129
0	17	150
1	20	150
0	17	150
0	10	150
0	11	132
0	-1	116
1	-1	150
1	11	150
0	9	77
0	18	140
0	16	130
0	23	151
2	-1	150
1	18	150
0	-1	145
1	19	137
0	-1	150
1	-1	150
0	9	143
0	16	147
0	-1	150
0	-1	151
0	15	151
1	14	150
0	14	149
0	-1	150
0	13	145
0	12	123
1	-1	150
1	-1	150
0	15	150
0	-1	149
0	23	142
0	-1	150
1	-1	150
0	17	150
0	24	127
0	14	150
0	15	150
0	36	151
0	18	149
0	17	149
0	-1	150
0	-1	150
2	36	145
0	-1	134
0	13	151
1	26	150
0	-1	149
0	-1	150
0	17	75
0	15	149
1	25	150
0	12	150
0	10	150
0	14	142
1	17	150
0	11	147
0	12	150
0	12	146
0	-1	150
0	-1	145
0	19	151
0	13	150
0	13	148
1	22	150
0	15	109
0	13	149
1	21	150
0	14	148
0	18	150
0	18	150
0	18	149
1	11	112
0	13	150
1	-1	150
1	35	149
1	-1	147
0	-1	150
1	18	147
1	20	151
0	-1	150
4	20	128
5	27	147
1	16	151
0	19	150
1	15	149
0	18	143
1	-1	150
0	-1	148
0	8	151
0	19	149
0	-1	146
0	24	150
1	11	147
0	-1	150
0	-1	150
0	-1	149
0	33	150
1	15	146
0	-1	149
0	19	145
1	18	150
0	15	114
0	33	151
1	-1	149
0	-1	150
1	-1	151
0	20	141
0	10	150
0	21	148
0	-1	113
1	-1	149
1	30	151
0	11	151
0	13	151
0	-1	151
1	-1	145
0	11	127
0	29	150
0	18	144
1	21	150
0	-1	143
0	14	136
0	8	148
1	18	149
0	15	135
0	-1	150
0	27	140
0	24	141
0	19	150
0	13	148
0	-1	150
1	36	148
1	-1	150
1	13	135
0	14	149
1	-1	150
0	20	139
0	23	148
1	-1	150
2	-1	132
0	19	148
1	-1	150
1	9	150
0	17	147
2	-1	139
1	19	140
0	12	144
2	-1	150
0	27	150
0	17	149
0	14	149
0	14	149
0	-1	134
1	14	151
1	15	151
0	-1	145
1	13	149
0	12	144
1	13	149
0	10	148
1	-1	150
0	19	134
1	16	149
0	18	148
0	21	140
0	12	149
0	-1	148
0	9	145
0	12	149
0	15	127
0	-1	147
1	13	136
0	14	150
1	-1	151
0	17	149
0	14	149
0	9	149
1	-1	150
1	13	122
0	21	148
0	-1	150
1	7	149
1	13	150
0	-1	150
0	-1	150
2	-1	88
0	-1	130
1	14	121
0	-1	148
0	-1	138
1	-1	150
0	11	149
0	14	151
0	15	150
0	17	150
0	11	149
0	11	150
1	-1	150
1	-1	150
0	11	151
0	-1	148
0	-1	150
0	14	150
0	15	150
0	16	150
2	-1	148
0	11	151
1	11	149
0	-1	150
1	-1	149
0	16	150
0	-1	150
1	20	150
0	-1	147
0	-1	104
0	32	132
0	37	150
0	-1	151
0	-1	150
0	14	150
0	-1	151
0	-1	146
0	17	138
0	13	148
0	12	149
0	16	147
1	11	151
0	9	130
0	-1	149
0	16	150
0	15	149
0	15	150
0	-1	149
0	21	118
1	10	150
1	18	150
2	14	151
1	-1	150
0	21	123
1	-1	148
1	22	150
0	-1	149
0	15	150
0	14	150
0	14	150
0	-1	149
1	16	146
0	14	145
0	11	151
2	14	147
1	21	151
0	12	146
1	12	143
1	18	148
0	13	150
1	-1	150
1	11	147
1	18	147
1	-1	65
1	17	150
0	-1	149
0	24	151
0	16	150
0	-1	147
0	-1	149
1	16	133
0	6	132
1	19	150
1	24	150
1	-1	151
0	19	141
0	16	140
0	19	151
1	19	150
0	13	129
0	14	151
2	16	150
1	24	150
0	13	146
2	-1	150
2	-1	150
0	-1	150
1	-1	143
0	13	149
0	14	150
0	-1	150
0	12	150
0	-1	149
0	14	151
1	-1	146
0	14	150
1	-1	151
0	19	145
1	15	150
0	-1	147
0	18	149
2	14	150
0	18	150
0	-1	149
2	-1	144
1	35	149
0	20	150
0	28	151
1	-1	149
0	8	146
0	15	150
1	-1	151
0	30	149
0	15	102
0	11	150
1	-1	150
0	16	150
1	-1	150
0	12	149
1	-1	146
0	16	150
0	16	150
0	13	146
0	-1	150
0	14	149
2	10	110
0	-1	150
1	-1	151
0	-1	150
0	12	150
1	-1	148
0	15	147
1	11	148
1	-1	145
0	19	151
1	-1	150
1	-1	151
0	17	149
0	-1	148
0	-1	150
0	-1	150
0	17	129
0	15	149
2	34	148
1	20	149
1	19	149
0	-1	147
1	10	149
0	17	133
0	-1	130
1	-1	149
0	-1	148
0	-1	150
0	11	151
0	15	149
1	-1	150
0	19	149
1	-1	145
0	-1	149
1	8	138
0	10	150
1	13	150
0	12	150
1	12	101
0	21	150
1	15	150
1	18	148
1	37	151
0	7	90
0	-1	150
43	53	142
0	20	145
1	16	142
0	13	147
0	14	150
0	16	146
0	14	147
0	15	146
1	-1	105
1	25	150
1	-1	148
0	-1	139
0	21	150
0	-1	150
0	-1	147
0	21	150
0	14	151
0	-1	146
0	15	139
1	20	150
0	6	143
0	20	150
0	34	147
0	12	137
2	13	136
0	-1	150
0	28	150
0	-1	151
0	14	150
1	18	142
1	29	151
1	-1	145
1	12	150
1	42	147
0	13	124
0	14	113
1	23	150
0	22	150
0	15	150
0	15	149
0	-1	150
1	-1	148
0	-1	147
0	-1	151
0	17	150
1	16	150
0	13	146
0	18	150
1	17	151
0	19	150
0	12	149
0	16	150
1	43	141
0	-1	150
1	14	141
52	53	108
0	13	150
1	20	147
0	12	138
0	-1	150
1	-1	150
0	20	150
0	-1	135
1	13	150
0	13	144
1	-1	150
0	10	149
0	16	142
0	33	149
0	13	151
1	18	149
0	-1	147
4	4	85
2	2	76
1	11	148
2	17	136
0	17	145
0	22	150
0	18	149
0	11	150
0	15	149
0	10	149
0	22	150
0	20	141
0	-1	150
1	18	151
0	-1	134
1	11	145
0	14	145
0	13	150
1	15	150
0	12	151
0	14	143
0	-1	150
0	9	142
0	-1	147
1	14	150
0	13	150
0	-1	138
0	12	113
2	11	146
1	27	150
0	-1	150
1	19	134
0	-1	150
0	25	150
0	28	150
0	18	150
1	-1	150
1	-1	150
2	-1	149
0	-1	151
0	15	151
0	19	127
2	19	150
0	14	150
0	12	145
0	29	148
0	15	140
0	15	147
0	20	150
0	24	150
0	-1	134
0	-1	149
1	19	146
2	19	150
0	22	150
2	18	127
0	20	149
1	-1	150
0	17	151
0	-1	151
0	-1	150
0	14	149
0	-1	150
0	13	150
0	16	138
0	30	149
0	13	77
0	32	150
1	17	150
0	12	148
1	12	150
2	-1	151
0	19	150
1	37	149
0	10	147
3	20	150
0	-1	150
0	-1	150
1	11	136
0	-1	148
0	-1	151
0	16	150
1	12	150
0	-1	150
2	-1	150
0	38	146
1	15	151
1	-1	134
0	9	151
0	19	150
0	9	150
0	9	150
0	-1	146
1	-1	150
0	-1	149
1	-1	151
0	-1	150
0	37	150
0	36	151
0	9	90
0	11	149
2	19	150
0	17	150
1	16	150
0	16	151
0	-1	149
0	9	151
0	23	150
0	-1	149
0	20	150
2	15	150
0	16	136
0	12	146
0	-1	150
1	20	148
0	12	149
1	19	146
0	-1	147
0	13	148
0	-1	150
0	21	150
0	37	147
2	12	150
0	14	150
0	43	147
0	18	150
1	15	150
0	14	150
0	-1	149
0	15	97
0	-1	138
2	19	139
0	-1	150
0	-1	150
0	-1	150
4	-1	131
0	15	151
1	-1	149
1	-1	149
2	18	149
0	16	150
0	-1	148
0	7	150
0	16	149
0	20	150
0	-1	150
1	-1	148
1	12	139
0	14	143
0	16	150
1	12	149
1	31	151
0	15	149
1	18	103
0	17	151
0	15	151
0	11	148
0	-1	146
1	14	129
1	16	150
0	11	118
0	-1	150
0	-1	150
0	-1	148
1	17	149
0	-1	149
0	-1	150
1	-1	150
0	10	139
0	42	150
0	-1	147
1	-1	150
0	19	150
1	36	150
0	23	149
0	-1	148
0	15	151
0	-1	151
0	-1	150
0	20	146
0	15	145
1	-1	150
0	14	151
0	15	151
0	16	150
0	14	150
0	5	150
1	-1	148
1	-1	150
0	16	151
0	-1	150
0	21	147
0	15	135
1	16	130
0	-1	150
0	20	150
0	14	149
0	25	145
0	13	150
1	-1	151
0	12	149
0	27	150
0	11	150
2	11	123
0	19	149
0	36	149
0	12	150
0	13	144
0	44	148
1	-1	150
1	-1	150
0	17	150
0	-1	124
6	-1	149
1	15	129
0	19	146
1	17	150
0	17	150
0	12	144
3	15	150
1	-1	150
0	-1	150
0	13	151
1	29	150
1	-1	149
1	19	150
0	17	139
0	31	151
1	-1	146
0	15	150
0	13	129
0	20	151
2	17	143
0	7	150
0	12	151
0	-1	142
0	34	148
0	-1	150
1	19	150
0	14	150
1	23	150
0	17	148
0	8	150
0	17	150
0	-1	150
1	14	150
1	-1	132
0	17	150
4	20	136
0	14	151
0	20	146
0	15	151
0	10	113
0	19	135
0	-1	142
2	26	151
0	27	150
1	21	150
1	10	130
0	15	151
1	36	150
1	20	150
0	16	138
0	13	121
1	13	150
0	15	127
0	-1	150
0	19	86
0	14	124
1	-1	150
0	22	141
0	16	151
0	-1	150
0	-1	150
0	4	150
1	14	150
1	34	147
0	38	147
0	13	151
1	-1	149
2	14	149
1	17	150
1	25	151
0	16	151
1	16	150
0	-1	150
1	-1	151
1	15	150
0	-1	146
1	20	150
2	-1	150
0	33	150
0	-1	139
0	-1	145
0	-1	150
0	22	146
0	-1	149
0	15	147
0	16	150
0	-1	151
0	18	150
0	19	150
1	-1	149
0	-1	150
0	15	124
2	-1	149
0	16	143
0	12	147
0	6	150
1	-1	147
0	17	151
1	-1	147
0	-1	147
0	13	149
0	-1	147
0	17	150
0	19	150
1	-1	145
0	-1	144
2	-1	150
0	13	151
1	-1	150
0	-1	147
0	14	150
1	16	151
0	9	133
0	16	150
0	17	126
0	15	150
0	15	150
0	15	148
1	-1	135
1	-1	140
1	35	150
0	12	148
2	18	149
0	-1	149
1	-1	128
0	19	151
0	11	149
0	8	134
0	-1	149
0	-1	141
0	9	151
0	14	139
0	20	150
0	15	136
1	-1	150
0	-1	147
0	-1	150
0	13	150
1	-1	144
1	-1	151
1	-1	150
3	-1	150
0	17	120
0	-1	150
0	32	150
2	14	148
0	22	151
1	18	151
0	22	149
0	13	151
0	18	151
0	15	144
0	-1	150
0	15	150
0	18	150
0	18	150
0	22	150
0	15	149
1	19	145
0	27	149
2	-1	150
1	-1	150
0	15	150
1	-1	145
0	-1	150
0	-1	150
2	-1	146
1	-1	149
1	14	150
1	-1	150
1	-1	96
0	-1	147
0	-1	147
0	14	150
0	11	150
0	-1	147
0	-1	147
1	-1	145
0	-1	150
0	16	150
0	26	151
1	-1	150
0	14	149
0	10	148
0	17	149
0	18	140
0	14	146
1	-1	150
0	31	150
1	44	151
0	14	150
0	19	150
0	13	150
0	12	150
0	-1	150
0	-1	151
0	12	151
1	13	150
0	15	150
1	-1	144
0	-1	150
0	20	148
0	-1	148
1	-1	151
0	16	148
0	-1	145
0	25	150
1	21	149
1	16	150
0	16	151
0	7	148
0	-1	135
1	36	150
3	15	132
0	23	145
0	8	150
0	9	150
1	14	120
0	-1	148
0	-1	150
2	-1	144
0	-1	151
0	13	133
1	19	151
0	14	148
0	-1	149
0	16	120
1	22	150
0	13	150
1	10	148
0	17	149
0	-1	144
0	9	150
0	12	150
1	10	150
0	22	151
0	17	148
2	-1	149
0	27	150
0	8	150
0	-1	149
0	21	150
0	-1	147
2	27	150
0	14	140
0	-1	150
1	-1	148
1	18	150
0	9	150
0	10	145
0	23	150
0	21	150
0	-1	150
0	18	150
0	-1	150
1	18	150
0	13	150
0	15	143
0	-1	151
0	22	151
0	19	133
0	22	145
0	-1	150
0	-1	150
0	-1	137
0	11	149
1	19	150
0	-1	130
0	17	148
0	15	150
0	-1	145
1	10	100
0	-1	147
0	25	151
0	-1	139
1	-1	111
0	-1	145
2	-1	126
3	-1	148
0	19	151
0	20	149
1	-1	151
0	14	149
0	-1	146
0	21	146
0	22	150
0	9	150
0	-1	149
0	20	146
0	19	151
0	10	141
1	-1	150
0	9	123
0	7	144
0	10	142
1	30	151
1	17	151
0	9	150
1	-1	120
0	13	150
1	-1	150
0	23	150
0	42	147
0	8	150
0	13	140
1	-1	149
0	15	148
0	11	149
0	19	150
0	19	137
1	5	144
0	-1	148
3	35	149
0	16	146
0	16	132
0	-1	150
0	6	149
0	16	150
0	17	148
0	18	150
0	14	150
1	23	151
0	14	145
0	18	150
0	12	149
1	16	140
0	16	124
1	18	151
0	24	142
0	17	150
0	-1	137
1	-1	121
0	16	151
0	-1	149
1	36	150
1	-1	126
1	18	150
0	15	141
0	-1	150
0	19	150
4	13	121
0	-1	149
1	14	144
0	-1	127
0	23	150
1	-1	148
1	14	148
1	22	146
1	-1	105
2	15	149
1	18	150
0	-1	149
0	13	149
1	-1	146
2	-1	147
0	32	151
0	21	151
1	15	149
0	19	149
0	-1	150
0	23	145
0	36	151
0	27	150
0	10	149
1	19	150
0	21	149
1	-1	150
1	18	145
1	-1	146
0	-1	149
1	23	146
0	-1	151
1	19	150
1	9	142
1	-1	136
0	18	149
1	4	139
0	16	151
0	13	151
1	7	109
1	16	137
0	-1	150
0	18	150
0	-1	136
0	21	150
0	14	126
0	-1	149
0	-1	127
0	15	126
0	-1	151
1	13	140
0	14	140
0	38	150
0	17	138
0	-1	145
0	-1	149
1	22	150
0	-1	150
0	15	150
0	43	151
2	14	145
0	-1	149
0	12	148
0	-1	149
1	15	150
0	14	150
1	15	151
0	12	149
1	10	151
1	14	140
0	11	150
0	-1	126
0	-1	144
0	30	147
1	-1	150
1	17	118
0	13	113
0	16	143
0	15	150
0	16	147
0	13	150
0	7	150
0	-1	150
0	21	150
1	20	149
0	15	148
1	15	146
0	-1	150
1	-1	133
0	-1	144
0	9	149
0	17	150
0	13	147
0	-1	120
0	21	151
0	-1	150
1	-1	149
0	38	150
0	30	149
1	13	148
1	-1	135
0	-1	146
0	44	141
0	17	151
1	-1	151
0	14	151
0	20	149
0	-1	150
0	11	148
0	10	129
0	-1	146
1	17	150
0	11	145
0	17	148
0	16	145
1	18	148
1	27	151
0	12	140
0	13	150
0	12	149
0	15	150
1	19	151
1	18	125
3	28	150
1	30	150
1	-1	151
1	11	150
1	11	150
1	20	147
2	13	151
0	-1	151
0	-1	151
2	16	150
0	17	150
1	16	145
17	48	150
0	34	150
0	16	150
0	13	150
0	-1	150
0	-1	151
1	24	150
0	-1	149
0	19	150
1	-1	151
0	17	150
0	11	150
0	-1	148
1	16	128
1	14	101
1	-1	150
0	18	150
0	-1	150
0	15	150
1	-1	149
0	15	150
2	14	150
0	16	142
0	19	151
0	35	144
0	-1	147
0	17	150
0	6	149
0	15	147
0	-1	150
0	-1	150
0	-1	150
1	10	145
1	-1	150
1	16	150
0	23	147
1	17	149
1	-1	149
1	-1	150
0	19	149
0	20	124
0	16	151
0	-1	134
0	17	150
0	-1	150
1	-1	150
2	-1	151
1	14	150
0	-1	150
1	20	150
0	15	148
1	42	137
1	-1	150
1	-1	148
2	14	151
0	-1	150
1	24	150
0	19	143
1	13	149
0	7	119
1	12	147
0	20	144
0	38	138
0	-1	150
0	19	150
0	13	136
0	13	151
0	11	149
1	-1	150
0	-1	150
0	10	150
0	12	151
1	-1	139
0	19	150
0	15	133
1	19	150
0	19	150
0	22	147
0	15	149
1	18	147
0	38	151
1	38	147
0	35	149
0	-1	137
0	15	150
1	26	150
1	23	143
1	-1	150
0	-1	146
0	-1	136
0	16	151
3	-1	149
0	-1	150
0	-1	146
1	20	149
1	-1	150
0	-1	147
0	12	150
0	17	149
1	10	67
0	-1	150
0	-1	145
0	15	150
0	36	149
0	25	151
0	20	146
0	10	142
1	17	150
0	14	148
0	14	150
1	39	148
1	15	150
2	16	149
1	-1	144
0	36	133
0	14	133
1	-1	146
0	16	150
1	15	151
0	12	150
0	20	148
0	13	147
0	-1	149
0	-1	145
0	-1	150
1	-1	151
0	14	110
0	10	148
0	24	141
1	9	134
0	19	150
0	14	138
0	14	151
0	-1	150
0	11	146
0	-1	151
1	-1	149
0	30	151
3	-1	150
0	11	146
1	-1	151
0	-1	150
0	-1	150
0	19	150
0	-1	149
0	-1	147
0	-1	151
0	16	145
1	13	150
0	15	151
0	14	148
0	13	146
0	7	128
1	10	149
0	-1	150
0	13	141
0	-1	148
0	21	143
0	-1	150
0	-1	137
0	-1	150
1	16	151
1	-1	151
0	-1	150
0	-1	150
2	16	149
1	-1	150
0	-1	150
0	-1	150
0	12	146
0	-1	150
0	11	150
1	17	150
0	13	149
0	17	149
1	9	150
1	14	150
2	29	145
1	-1	151
0	22	150
2	13	150
0	20	150
0	17	151
1	17	150
1	18	143
0	38	149
0	18	147
1	17	140
0	16	150
0	20	150
0	-1	150
0	-1	146
0	-1	131
1	10	151
0	14	148
1	17	150
1	-1	150
0	11	148
0	15	136
1	13	150
0	12	149
0	16	150
0	17	142
1	29	140
0	16	150
1	16	150
1	-1	143
0	21	150
0	-1	142
0	-1	132
0	15	151
2	-1	148
0	13	151
0	14	148
0	18	150
1	9	141
0	20	146
0	-1	149
0	15	148
1	13	147
1	-1	149
0	17	144
0	17	143
1	-1	148
0	17	133
1	19	150
0	19	149
0	-1	150
1	-1	150
0	10	129
0	13	150
0	13	145
1	26	150
0	11	149
2	33	150
1	15	149
0	18	150
0	16	151
0	19	151
2	15	136
2	-1	150
1	19	150
1	-1	149
1	16	149
0	18	151
0	-1	150
0	15	150
0	15	147
0	32	150
1	20	135
0	13	150
0	17	148
0	12	150
1	15	150
0	-1	141
0	12	143
1	-1	150
2	-1	151
0	-1	149
1	15	146
1	-1	150
2	18	147
1	23	149
0	10	149
2	-1	149
1	-1	150
0	42	150
0	14	149
0	22	147
0	14	150
0	15	150
0	11	147
1	-1	149
1	-1	151
1	-1	149
2	20	150
0	31	150
1	18	150
0	-1	132
0	11	151
0	3	148
1	-1	150
0	14	129
0	-1	150
0	20	129
0	-1	150
0	-1	149
1	-1	150
0	-1	149
0	14	148
0	17	145
0	10	149
0	15	149
0	16	150
0	22	138
0	17	147
0	15	151
2	-1	151
0	25	151
0	-1	149
0	12	150
0	3	117
0	22	150
0	9	146
1	-1	150
0	-1	150
0	14	150
0	18	149
0	-1	139
0	27	150
0	22	149
0	38	148
0	10	150
0	18	140
1	14	142
1	15	150
0	13	130
1	17	151
0	-1	150
3	11	151
0	20	150
1	18	150
0	37	148
1	21	149
0	8	150
1	17	148
1	16	148
0	-1	148
0	-1	150
1	20	151
1	23	140
1	-1	150
0	-1	150
2	-1	147
0	14	150
0	-1	150
0	13	150
0	15	150
0	26	151
1	16	150
0	13	151
0	29	151
0	15	144
1	-1	145
0	13	136
0	-1	150
0	17	147
1	-1	150
1	17	151
0	13	150
0	-1	148
0	14	150
0	-1	150
0	14	146
0	16	150
0	16	150
0	14	151
0	-1	150
0	15	149
1	18	148
0	-1	151
0	22	150
0	14	151
0	-1	143
0	20	150
0	15	148
0	-1	149
1	-1	150
1	8	150
0	-1	150
0	-1	149
1	20	150
0	14	150
0	13	150
0	-1	150
1	19	150
1	-1	150
0	-1	150
3	17	150
0	17	150
2	-1	150
0	5	144
0	-1	150
0	-1	150
0	17	150
0	13	145
0	-1	148
1	-1	149
0	-1	145
0	18	140
0	15	142
1	-1	150
1	-1	147
1	18	150
0	10	148
0	13	150
1	18	150
1	29	150
1	-1	149
1	16	150
0	-1	150
0	15	150
1	20	142
0	15	150
0	24	150
0	13	150
0	14	151
1	15	150
0	10	150
0	10	149
0	-1	145
0	15	150
2	16	150
1	13	150
0	15	150
0	20	150
1	-1	149
0	15	150
0	11	146
0	21	150
0	20	150
0	16	150
0	14	150
0	-1	122
0	27	147
0	20	151
2	18	148
1	-1	148
0	-1	149
0	10	149
0	22	151
0	16	145
0	-1	149
0	17	150
0	14	151
2	15	150
0	30	150
0	13	150
0	11	147
0	15	150
0	13	150
0	14	150
0	13	150
0	22	151
1	9	148
1	-1	147
0	-1	150
0	16	150
0	18	141
0	15	151
0	-1	150
0	12	131
0	-1	150
0	15	150
0	22	128
1	15	151
0	16	150
1	20	149
0	13	151
1	20	129
0	-1	148
0	18	149
1	-1	150
1	22	150
0	12	139
0	17	148
0	15	151
2	26	132
2	20	150
0	18	150
0	-1	149
1	-1	149
0	13	150
1	12	149
2	24	151
0	-1	150
0	13	138
0	38	151
0	24	133
1	-1	148
0	14	146
3	38	140
0	-1	150
1	24	147
0	14	143
0	19	149
1	-1	149
0	15	150
1	-1	137
0	9	150
0	22	151
1	10	150
1	20	149
0	10	149
1	14	149
1	-1	148
0	15	150
2	21	149
0	17	150
0	33	149
0	20	132
0	-1	149
0	-1	150
0	13	137
0	12	150
0	32	150
1	18	132
0	-1	150
0	16	150
0	18	149
0	19	150
0	14	151
0	15	146
0	13	150
2	18	142
1	-1	150
0	-1	141
0	22	145
0	-1	136
0	-1	151
1	15	141
0	22	150
0	11	124
0	15	126
0	16	151
0	7	140
1	20	150
0	-1	150
1	-1	149
1	14	150
0	20	142
1	16	142
2	18	147
1	-1	149
0	12	142
0	-1	147
0	-1	150
0	11	119
0	-1	148
0	16	150
1	16	151
2	-1	151
1	-1	140
0	18	150
1	13	148
0	13	130
0	-1	148
0	34	149
0	13	148
0	-1	146
0	12	151
0	-1	150
0	21	151
1	13	150
0	15	149
0	-1	149
1	-1	150
1	16	150
5	27	150
0	13	134
2	-1	150
1	19	136
1	-1	149
0	-1	150
0	-1	131
1	-1	148
0	20	143
0	17	138
1	-1	150
0	12	145
1	13	150
1	12	132
0	-1	151
0	19	150
1	-1	150
2	20	150
0	-1	149
0	19	148
0	15	146
0	14	150
1	-1	151
0	21	150
0	18	142
1	25	150
2	19	150
0	-1	151
1	12	145
0	-1	146
0	7	150
0	19	147
0	-1	148
0	-1	150
0	42	151
0	10	146
1	-1	150
2	-1	150
1	11	147
0	17	151
1	35	123
1	19	122
0	-1	149
0	38	150
0	16	150
0	-1	135
1	19	127
0	-1	146
1	-1	123
1	30	141
0	18	150
0	18	148
0	17	150
1	16	147
0	-1	145
0	10	150
0	17	150
0	27	145
0	14	150
0	10	95
1	16	150
0	21	150
0	-1	150
1	22	150
0	14	142
0	15	150
1	-1	150
0	14	149
0	27	147
0	-1	150
0	-1	145
0	-1	148
0	15	149
0	15	150
1	-1	146
1	-1	150
0	9	145
0	15	143
0	-1	147
1	20	151
0	13	150
1	15	150
0	5	150
0	11	150
0	16	150
0	41	150
1	12	150
3	10	149
0	-1	144
0	13	134
0	22	150
0	-1	149
0	43	144
1	-1	150
0	-1	150
1	-1	150
0	-1	150
0	22	149
0	-1	150
1	-1	147
1	9	138
0	37	147
2	19	150
0	17	150
0	15	145
1	-1	135
2	-1	149
2	15	150
0	16	150
0	21	151
1	-1	150
2	-1	150
0	32	122
0	5	151
0	36	151
0	23	150
0	24	150
0	-1	133
1	-1	150
0	14	150
0	-1	150
0	8	138
1	-1	151
0	-1	151
0	12	111
0	13	137
1	19	136
0	-1	150
0	17	151
0	22	127
0	17	150
1	-1	147
2	-1	151
0	-1	151
0	20	150
0	-1	150
0	16	150
0	8	151
0	21	113
0	14	148
0	21	151
0	-1	151
0	-1	150
0	11	128
0	18	147
0	-1	150
0	-1	149
0	23	150
1	16	148
0	-1	151
1	18	150
0	13	151
0	15	149
0	-1	144
2	-1	151
0	42	151
0	15	147
0	7	151
1	-1	147
0	-1	117
1	20	145
0	-1	141
0	16	150
1	12	150
1	23	150
1	-1	150
0	39	149
0	10	65
0	16	147
3	9	125
0	22	151
0	9	151
0	-1	149
1	14	148
0	-1	148
0	14	150
2	19	141
0	-1	150
0	42	148
0	16	131
0	20	150
2	21	150
0	-1	150
0	14	147
1	12	149
0	22	150
1	12	95
0	10	149
1	19	146
0	-1	150
0	7	126
0	11	150
0	12	150
0	15	149
0	10	151
0	21	149
0	-1	141
1	17	150
0	23	150
1	9	149
0	13	150
1	-1	150
0	45	150
0	18	150
0	-1	150
0	17	148
0	32	148
0	-1	149
1	-1	150
3	-1	144
0	11	149
0	17	130
0	17	117
1	18	150
1	17	150
0	17	150
0	13	150
1	-1	150
2	20	150
1	22	146
0	16	150
0	7	92
0	17	134
0	17	132
0	15	151
0	10	72
0	11	118
0	15	144
0	9	136
0	11	137
0	-1	150
0	18	150
1	16	145
0	-1	148
0	2	137
1	20	150
0	15	149
0	20	150
0	-1	143
2	10	151
0	11	147
0	15	125
0	-1	150
0	44	151
0	20	147
1	21	122
0	9	150
4	23	150
0	22	139
0	14	127
2	-1	150
0	11	151
0	18	151
1	16	150
0	20	130
1	-1	150
0	-1	146
1	-1	134
0	8	101
0	14	118
1	-1	148
0	-1	150
1	11	151
1	15	138
1	15	148
0	-1	149
0	-1	150
0	20	150
0	15	150
0	36	147
0	11	148
0	13	151
0	21	147
1	-1	150
1	-1	141
1	18	128
1	18	146
0	-1	150
1	13	144
0	-1	150
0	17	151
1	13	147
0	-1	145
1	19	150
0	-1	150
1	11	129
0	-1	149
1	-1	142
0	11	132
0	10	120
0	29	147
0	13	127
0	15	150
0	-1	150
1	-1	144
0	-1	150
0	16	150
0	20	140
0	15	147
1	17	150
0	-1	150
0	-1	149
0	-1	148
0	18	150
1	19	150
1	11	148
0	-1	149
0	-1	143
1	21	126
0	18	150
1	12	123
1	42	151
0	33	143
0	36	141
0	18	150
0	17	150
1	16	150
1	-1	147
2	-1	150
1	-1	149
0	18	145
2	7	75
0	20	150
0	30	150
0	-1	137
0	13	150
0	22	141
0	-1	116
0	18	150
0	-1	149
0	-1	150
1	16	151
0	18	149
0	17	143
0	20	146
1	-1	148
0	12	150
1	26	150
1	17	151
1	-1	150
0	-1	150
0	20	150
0	-1	150
0	-1	140
1	38	151
1	-1	150
0	18	151
0	-1	150
0	-1	150
0	22	150
0	-1	144
1	16	125
1	13	150
0	-1	149
0	-1	150
1	-1	89
1	20	148
2	13	138
1	9	151
0	-1	150
0	31	148
0	20	150
0	11	130
0	-1	149
0	17	151
0	20	150
1	15	151
0	7	132
1	14	151
0	13	99
0	-1	149
0	-1	150
1	16	138
0	7	150
0	18	146
1	-1	150
0	15	150
0	14	134
1	7	137
1	10	150
1	13	150
0	-1	126
2	14	138
0	-1	149
1	18	149
0	-1	146
0	-1	115
0	11	150
0	15	148
0	32	150
0	39	143
0	-1	120
0	-1	150
1	10	127
0	24	124
0	11	145
1	15	120
0	17	150
0	-1	149
1	12	123
1	20	145
2	-1	134
1	22	147
0	-1	147
1	40	150
0	28	149
1	20	140
1	12	143
1	19	151
0	-1	146
0	28	135
1	-1	141
0	15	150
0	18	148
0	11	150
3	39	150
0	11	150
1	-1	150
1	17	150
0	-1	146
0	15	150
0	-1	149
0	-1	150
1	15	141
1	21	150
0	15	151
2	34	145
0	10	148
0	38	150
0	17	150
0	-1	149
0	13	103
0	-1	148
2	-1	150
0	19	137
0	10	150
0	17	150
0	17	148
1	20	150
2	-1	139
1	-1	149
0	19	151
0	-1	150
0	26	148
0	8	148
0	29	150
0	19	150
0	-1	151
0	14	150
0	16	150
1	13	150
0	19	149
0	9	151
0	-1	144
0	-1	147
0	13	150
0	-1	150
1	31	150
0	36	150
0	18	131
0	15	150
0	18	148
0	18	149
1	14	150
0	28	150
0	16	150
0	23	150
0	13	137
0	-1	145
0	26	151
0	30	150
1	15	150
0	20	149
0	19	149
0	-1	151
0	17	148
0	17	150
0	31	150
1	-1	150
0	17	151
0	28	147
0	10	149
0	39	145
0	37	147
0	-1	150
0	-1	150
1	16	150
0	11	151
0	9	150
0	-1	146
0	16	150
0	14	150
0	18	142
0	9	148
0	13	150
0	7	150
0	20	150
1	15	151
1	17	144
2	-1	151
0	15	146
0	28	150
0	23	151
0	19	148
3	19	151
0	17	150
0	-1	150
0	-1	150
0	17	146
0	19	145
0	-1	141
0	22	151
1	16	147
0	12	150
1	17	135
0	-1	143
0	-1	150
0	23	149
0	25	151
0	-1	150
0	18	151
0	-1	148
0	15	150
0	16	146
0	16	150
0	17	150
0	-1	151
1	17	150
0	16	129
0	-1	151
0	-1	150
2	-1	139
1	17	151
1	-1	151
0	22	150
0	16	150
0	16	150
1	28	151
0	-1	148
0	45	150
1	-1	147
0	21	150
0	18	146
0	22	150
1	19	150
0	19	150
1	20	150
6	22	143
0	17	149
1	-1	149
0	9	150
0	22	150
0	-1	149
2	13	149
0	-1	144
2	30	150
1	20	150
0	12	148
1	-1	150
1	-1	150
2	-1	149
1	11	146
1	-1	150
0	10	124
0	17	132
0	15	150
0	17	150
1	18	150
0	17	97
0	-1	150
0	-1	149
0	13	149
0	-1	120
0	22	150
0	23	150
0	16	151
0	22	131
1	16	148
0	12	105
0	16	150
1	-1	145
0	24	149
0	18	150
0	16	151
0	9	95
0	11	107
0	-1	150
0	43	149
0	-1	150
1	15	146
0	14	146
0	19	150
0	-1	151
0	21	149
1	-1	145
1	-1	150
0	16	147
1	10	150
1	19	150
1	14	149
2	13	150
1	-1	150
1	13	150
1	20	151
1	-1	150
1	-1	133
0	-1	151
1	12	147
0	23	148
1	28	150
0	24	150
1	-1	143
1	15	103
0	17	148
0	-1	147
0	19	150
1	29	151
0	14	151
1	-1	148
1	-1	135
0	-1	149
0	6	141
0	11	149
0	16	139
1	14	134
1	17	148
1	15	151
0	12	150
0	16	135
1	17	144
1	-1	148
1	-1	150
0	15	145
0	-1	147
0	16	115
1	20	149
0	12	103
0	23	151
0	-1	148
0	22	150
0	-1	146
1	16	148
0	-1	147
1	16	147
0	-1	149
0	18	148
0	16	148
1	15	150
1	-1	149
1	16	142
0	16	150
0	-1	150
0	13	149
0	15	150
0	15	149
0	15	149
0	-1	149
0	5	151
0	16	131
1	-1	150
0	18	120
0	-1	150
0	17	150
0	8	107
0	35	149
0	20	144
0	-1	150
1	12	150
1	6	151
0	15	147
1	-1	151
1	-1	151
0	19	150
0	19	148
0	-1	147
0	20	150
0	17	149
1	-1	151
1	23	151
0	15	149
0	18	147
0	9	150
0	20	150
1	14	150
1	-1	150
0	16	149
1	-1	151
0	18	151
2	-1	149
1	-1	147
2	-1	147
0	16	142
0	-1	146
0	-1	147
0	-1	139
2	22	146
0	-1	150
0	16	151
0	20	151
0	-1	119
0	-1	150
0	6	148
1	-1	147
1	17	142
0	16	150
0	-1	148
0	14	150
0	15	150
0	-1	150
0	14	147
1	-1	147
0	18	135
2	-1	151
0	-1	143
1	15	150
1	21	151
3	-1	150
0	21	150
0	-1	122
0	-1	135
0	-1	150
0	19	141
0	19	101
0	21	148
0	-1	149
0	9	151
0	11	151
0	-1	150
1	-1	150
0	-1	150
0	16	150
1	12	125
1	15	147
0	11	144
0	17	150
0	20	146
0	23	129
0	17	151
0	11	150
0	11	149
1	-1	146
1	10	150
0	13	148
0	7	150
1	13	150
2	11	148
0	16	150
0	19	151
0	10	150
0	-1	149
2	8	150
1	21	150
0	16	151
0	11	148
0	-1	149
0	14	125
0	9	150
0	-1	150
1	-1	150
0	13	149
1	13	150
0	14	150
1	-1	150
0	17	145
0	-1	148
0	18	150
0	12	150
0	19	151
0	18	150
0	-1	150
0	-1	150
0	14	148
0	-1	149
0	14	151
1	-1	149
0	16	150
0	22	150
0	-1	150
0	15	150
0	13	149
0	11	119
0	21	151
0	-1	150
0	20	151
0	-1	116
0	18	151
0	-1	136
0	-1	150
0	13	149
0	-1	147
0	10	150
1	9	150
1	-1	133
0	17	151
0	10	147
0	23	150
1	18	149
1	18	150
1	-1	141
0	15	150
1	14	147
1	-1	150
2	19	149
1	-1	150
1	20	150
1	-1	150
1	-1	147
1	-1	150
1	-1	147
1	24	151
0	19	150
0	21	150
0	14	146
0	10	149
0	14	146
0	12	150
0	11	90
1	14	149
0	20	151
0	25	150
0	13	150
1	18	147
1	-1	150
0	22	150
0	-1	146
0	-1	135
1	15	101
0	17	150
0	15	137
0	11	149
0	19	150
2	12	142
1	30	143
0	-1	150
0	23	150
0	17	142
0	14	149
0	-1	145
0	-1	148
2	17	151
0	36	111
1	14	144
0	-1	150
1	14	150
2	21	151
0	21	150
0	-1	150
1	-1	151
0	-1	138
2	19	150
1	-1	150
0	16	142
0	20	150
0	9	112
2	20	150
1	17	151
0	-1	145
0	19	146
0	-1	147
0	14	149
0	-1	149
0	-1	150
0	10	150
2	14	147
0	17	145
0	20	150
0	15	148
0	17	144
0	25	150
0	13	148
1	17	144
0	9	139
0	15	151
0	8	147
0	13	148
1	15	150
1	17	148
0	9	138
1	13	149
0	17	150
1	-1	151
1	17	150
0	21	150
0	19	141
0	17	150
0	9	149
0	-1	150
0	8	148
0	-1	150
1	12	150
1	-1	145
0	16	133
1	-1	146
2	24	150
1	15	149
1	20	147
0	6	135
0	-1	149
0	11	150
0	-1	150
0	13	145
0	15	151
0	17	146
1	9	150
1	17	148
0	8	150
0	20	146
2	-1	150
0	17	150
0	22	143
0	18	150
0	14	150
0	11	148
0	-1	150
0	-1	150
2	18	150
0	17	150
0	-1	145
0	20	151
1	12	150
1	19	125
0	8	150
0	20	151
0	2	150
0	10	151
0	10	123
0	-1	149
0	20	150
1	-1	151
0	15	148
0	13	126
0	-1	151
0	21	121
0	15	150
0	-1	149
0	13	108
0	-1	151
0	-1	149
0	22	150
1	18	150
0	21	150
0	19	149
0	-1	145
0	-1	135
0	12	150
0	31	149
2	16	134
1	-1	134
0	-1	149
0	-1	150
1	-1	131
0	-1	148
0	14	142
1	13	150
0	13	133
0	21	147
0	9	150
0	14	149
0	-1	150
1	14	149
0	17	150
1	-1	139
0	12	138
0	-1	135
0	-1	140
2	14	127
0	-1	150
2	11	151
1	15	150
0	16	149
0	11	148
0	-1	143
1	-1	150
0	22	150
1	18	150
0	18	143
1	22	151
1	19	146
1	-1	140
1	-1	150
0	11	122
0	18	150
2	-1	128
1	14	150
0	26	118
0	17	150
0	-1	140
0	-1	150
1	-1	150
1	-1	148
0	-1	151
0	9	150
0	25	151
0	20	150
0	26	150
0	12	150
1	22	150
0	-1	148
0	12	137
1	20	149
1	15	144
0	24	150
0	11	148
0	-1	150
0	-1	148
0	14	148
1	-1	149
1	14	150
1	15	150
0	15	149
0	20	151
1	9	150
0	21	150
0	15	150
0	16	150
0	-1	150
2	-1	148
0	13	137
0	-1	150
2	-1	150
2	-1	147
0	-1	150
3	17	151
0	22	151
0	-1	149
0	14	149
1	17	142
1	-1	147
0	-1	138
0	13	150
0	21	149
1	35	126
0	-1	151
0	16	149
0	20	150
1	-1	151
0	-1	138
1	-1	150
0	14	150
0	15	150
0	20	131
2	38	145
1	10	101
2	16	150
0	-1	151
0	-1	148
0	-1	151
1	-1	150
2	31	117
0	10	149
0	13	150
1	15	150
0	16	136
0	-1	147
0	-1	150
0	15	150
0	23	146
0	-1	148
0	16	150
1	-1	150
0	14	129
0	-1	150
1	19	151
0	18	149
0	-1	145
0	14	145
1	-1	150
0	18	151
0	-1	150
0	-1	147
2	18	150
0	-1	146
0	12	133
1	-1	143
1	-1	149
0	25	147
0	17	150
0	-1	150
1	-1	151
1	-1	148
0	17	150
1	-1	135
0	-1	150
0	-1	150
1	-1	144
1	17	128
0	18	141
0	-1	150
0	20	147
1	-1	150
0	16	150
0	-1	151
0	11	151
0	16	149
0	-1	128
0	14	140
0	13	150
0	17	150
0	-1	139
0	15	150
1	17	151
0	16	126
2	-1	151
1	16	150
0	14	151
1	-1	150
0	13	109
0	14	147
0	13	125
1	38	150
0	15	150
0	-1	147
0	25	150
1	17	150
0	19	151
0	10	144
1	10	133
1	-1	150
0	-1	148
0	16	148
0	28	150
0	14	150
0	-1	148
0	17	129
1	15	150
0	16	149
0	16	150
0	11	150
1	24	150
0	29	145
0	15	150
0	15	133
0	-1	142
0	-1	145
1	-1	147
0	-1	148
0	-1	150
0	-1	148
0	-1	107
0	12	110
0	-1	150
1	16	150
0	24	138
0	-1	150
1	-1	151
0	15	150
1	21	149
1	-1	150
2	-1	148
0	11	149
1	19	151
0	37	147
1	12	150
0	-1	146
0	-1	151
0	9	150
0	17	143
0	11	146
0	-1	148
0	7	151
1	16	146
0	17	150
0	24	150
2	19	150
0	14	151
1	-1	139
0	13	146
0	18	151
0	21	150
2	-1	148
1	-1	146
0	15	150
0	-1	150
0	11	151
0	-1	133
1	27	150
0	27	150
0	12	151
0	20	150
0	14	125
0	11	141
0	-1	149
0	11	74
2	9	147
0	19	127
0	29	150
0	-1	146
0	13	150
0	10	149
0	28	141
2	19	150
1	-1	136
1	30	150
0	17	151
0	14	148
1	-1	129
0	13	150
0	18	151
0	-1	144
1	12	150
0	17	148
0	23	148
0	11	150
0	13	141
0	-1	147
0	-1	148
0	8	149
1	-1	150
1	-1	148
0	-1	148
0	14	150
0	9	148
0	15	151
0	20	150
2	-1	150
1	-1	151
0	10	100
0	17	147
0	18	150
0	9	150
0	16	146
0	18	151
2	14	149
1	-1	149
0	-1	150
0	18	150
0	13	148
1	-1	146
0	-1	137
0	10	147
1	17	150
0	-1	149
0	-1	147
0	15	150
1	18	149
0	11	147
0	18	148
1	13	150
0	11	150
1	13	150
0	-1	150
0	10	150
0	-1	149
1	-1	134
0	20	149
0	14	149
1	15	151
0	-1	150
1	19	148
0	-1	149
0	22	140
0	-1	150
2	19	143
0	15	147
0	11	150
0	15	147
0	-1	140
0	-1	151
1	14	148
0	14	150
0	19	150
0	-1	150
0	-1	147
0	21	149
0	7	78
1	-1	149
0	20	138
0	-1	150
1	15	150
0	41	151
0	19	149
1	15	144
0	13	149
0	35	150
2	18	150
1	30	150
0	17	150
0	9	147
0	-1	150
0	-1	150
1	-1	150
0	15	150
0	15	149
0	20	150
0	19	149
2	9	150
1	-1	149
1	18	148
2	13	151
0	14	150
0	14	150
0	-1	149
0	-1	150
0	-1	135
0	20	150
0	-1	140
0	22	138
0	18	148
0	14	149
0	17	145
1	-1	149
1	-1	150
0	24	150
0	14	148
0	19	150
1	-1	150
0	14	150
0	14	135
0	18	150
0	15	150
1	16	150
2	-1	145
0	-1	150
0	30	149
1	15	149
0	-1	150
2	16	150
1	21	150
1	-1	150
1	15	144
0	13	151
0	-1	150
1	20	150
0	-1	150
1	-1	150
0	11	109
0	18	150
0	11	131
0	12	149
1	13	150
0	12	150
1	17	150
0	22	150
0	17	147
0	15	150
0	8	110
0	8	150
1	-1	150
0	-1	150
0	-1	146
1	18	150
0	12	150
0	-1	145
0	15	95
0	16	150
1	-1	148
1	19	150
0	13	141
1	7	80
0	-1	119
0	21	145
1	6	67
0	20	151
0	-1	150
1	12	150
0	13	150
1	-1	151
0	17	151
0	-1	151
0	13	107
0	13	150
1	-1	148
0	17	151
0	14	112
0	14	151
0	20	149
0	-1	140
1	-1	145
0	-1	150
0	-1	150
1	15	149
0	20	144
1	-1	137
1	20	150
0	11	128
0	-1	128
1	16	150
0	14	150
0	28	120
0	-1	148
0	19	136
2	28	98
0	13	126
0	-1	151
0	-1	151
0	-1	150
2	17	150
1	14	137
0	21	150
0	-1	150
1	-1	150
0	-1	151
0	-1	147
0	20	139
0	-1	146
0	11	150
0	15	126
0	-1	150
0	14	140
1	-1	150
0	15	150
0	17	151
0	13	151
0	21	130
0	-1	139
0	19	150
0	-1	151
0	-1	149
0	-1	148
0	17	150
1	12	148
2	-1	126
1	-1	150
2	9	146
0	-1	150
2	-1	151
1	-1	150
1	-1	150
0	18	149
0	-1	150
0	12	150
0	-1	148
0	-1	144
0	17	148
0	16	148
2	21	151
0	16	150
2	-1	151
1	16	150
0	-1	151
0	-1	151
1	-1	150
0	12	144
1	10	150
0	14	150
1	-1	149
0	-1	130
0	-1	149
0	17	141
0	-1	149
1	24	150
1	15	146
0	14	149
0	34	143
1	14	150
1	-1	150
0	10	150
0	19	151
0	17	150
1	-1	145
0	24	145
0	21	149
0	19	150
2	16	67
0	8	150
0	-1	150
1	20	150
0	10	130
0	21	151
0	22	150
0	-1	148
0	11	150
0	-1	122
0	10	150
0	-1	143
0	22	149
0	31	147
0	-1	149
0	-1	148
2	-1	144
0	17	145
0	18	147
1	14	145
0	18	150
0	4	149
1	-1	148
1	-1	145
0	16	150
0	15	140
0	16	144
0	13	120
0	24	146
0	42	148
1	14	150
0	-1	150
0	14	140
0	-1	149
1	18	151
0	-1	150
3	-1	148
0	15	150
0	-1	147
0	-1	148
1	21	150
0	-1	76
0	12	86
1	-1	150
0	18	146
2	17	150
0	14	150
1	-1	149
0	16	150
0	10	146
0	-1	150
0	14	151
0	-1	149
0	17	150
0	-1	138
0	18	150
1	17	147
0	14	148
0	10	150
1	12	147
1	-1	146
1	14	148
0	28	149
1	-1	139
0	10	106
1	25	141
0	27	107
0	17	149
0	15	150
0	39	149
1	-1	150
0	26	150
0	17	150
0	29	147
1	-1	148
0	10	124
1	16	150
0	-1	150
2	10	147
1	12	139
0	17	150
1	-1	150
0	15	150
0	17	138
0	13	151
0	20	146
1	-1	150
0	-1	150
1	-1	148
0	17	150
0	-1	150
0	15	148
0	-1	150
2	12	151
0	14	142
0	23	147
1	27	151
1	26	150
0	-1	151
0	20	149
0	20	149
0	15	150
1	28	150
1	17	148
0	-1	149
0	17	143
0	25	150
1	19	150
0	-1	150
0	16	149
0	15	150
0	14	150
1	12	129
0	17	151
0	18	144
0	-1	151
0	-1	149
0	14	150
1	12	150
0	16	150
1	22	150
0	10	149
1	17	150
0	-1	144
0	10	150
0	22	150
0	21	151
0	21	151
2	-1	150
1	13	150
1	19	148
0	-1	149
0	-1	150
0	11	100
0	14	150
1	-1	150
2	21	150
1	-1	134
0	16	150
1	20	139
2	9	129
0	20	147
0	6	150
1	-1	151
0	21	133
0	18	151
0	12	150
0	-1	123
1	-1	151
0	19	145
1	15	150
0	23	150
0	-1	150
0	-1	149
0	-1	149
0	17	150
1	-1	149
1	-1	150
0	12	92
0	12	146
0	24	137
0	15	147
0	-1	148
1	17	150
1	-1	150
0	-1	151
0	-1	150
0	-1	150
0	-1	150
2	16	151
1	15	149
1	13	151
0	-1	147
0	18	151
1	-1	151
0	12	150
2	-1	146
0	22	150
2	9	81
1	-1	137
0	41	150
0	16	142
1	-1	141
1	31	150
0	-1	150
0	13	150
0	26	138
0	14	150
0	16	149
0	18	150
1	-1	147
1	-1	149
0	19	150
0	13	143
0	14	150
0	18	151
0	12	150
0	22	150
0	-1	149
0	10	98
0	13	144
0	23	150
1	-1	150
1	-1	150
0	11	150
1	-1	149
1	8	128
1	22	150
1	13	151
0	-1	136
0	19	150
0	18	147
0	22	89
0	20	143
1	-1	149
0	-1	151
3	-1	151
1	-1	151
0	17	150
2	-1	150
0	-1	147
0	43	149
1	15	142
0	-1	132
0	15	146
1	42	150
0	15	150
0	-1	112
0	17	150
2	-1	151
1	11	150
1	-1	151
0	14	149
0	14	150
0	18	140
0	12	134
0	15	149
1	37	151
0	-1	138
1	14	150
0	19	150
3	14	151
1	-1	137
1	-1	149
2	25	150
0	-1	151
0	-1	147
0	32	139
1	-1	151
0	17	148
0	10	146
0	12	139
0	14	149
0	-1	150
0	-1	150
0	14	150
2	21	144
0	11	123
0	13	142
0	11	147
1	-1	150
0	8	150
0	15	139
1	-1	150
0	-1	149
0	20	149
0	-1	150
0	17	150
0	-1	149
1	23	150
0	23	150
0	18	150
0	-1	148
0	20	150
0	21	150
0	-1	150
0	33	148
0	16	133
0	-1	150
0	39	146
0	33	148
0	-1	135
0	9	150
0	27	139
0	16	151
0	26	150
0	14	151
0	16	150
0	-1	151
0	18	149
0	9	150
0	15	141
5	-1	122
0	14	121
0	12	96
1	41	150
0	27	133
1	13	146
0	13	145
0	-1	151
1	-1	145
0	12	149
0	15	151
0	11	150
0	19	150
0	11	146
0	-1	141
0	9	148
0	-1	151
0	-1	150
0	13	150
0	9	132
0	21	150
0	29	151
0	-1	149
0	15	151
2	-1	150
0	14	143
0	10	149
0	20	150
0	13	146
0	16	145
1	20	141
1	-1	147
0	17	150
0	-1	126
0	26	150
1	12	148
0	16	129
0	-1	102
0	14	147
0	14	150
0	-1	150
0	17	148
0	15	149
0	-1	150
0	16	150
0	6	150
0	-1	150
0	18	149
2	-1	149
0	40	146
1	18	150
2	14	150
0	-1	151
0	28	147
0	-1	149
1	-1	149
3	-1	143
0	-1	150
0	12	150
1	-1	149
0	13	150
0	16	150
0	20	150
1	-1	148
1	44	148
0	15	148
0	-1	148
1	-1	149
0	16	150
0	-1	84
0	11	148
1	15	150
0	15	149
0	18	137
3	15	150
0	16	151
4	18	151
1	20	149
1	17	151
1	17	139
0	-1	146
1	8	90
1	10	108
0	22	139
4	-1	151
2	-1	151
0	-1	150
0	-1	150
0	22	150
0	17	150
0	12	138
1	20	150
0	15	150
0	19	134
0	-1	150
0	13	150
1	8	120
0	34	146
0	12	149
0	-1	127
0	20	139
0	-1	150
0	-1	150
0	11	150
0	15	150
1	-1	151
0	17	150
0	14	150
0	16	123
0	18	150
0	-1	150
3	17	143
0	18	149
0	15	150
0	25	150
1	18	151
3	-1	148
0	21	150
0	18	150
1	42	150
0	-1	150
0	-1	146
0	18	151
0	12	134
0	14	120
1	11	150
0	-1	149
1	18	150
0	20	139
0	14	150
0	16	150
0	10	150
0	-1	133
1	-1	151
0	-1	148
0	16	149
0	12	144
0	-1	141
0	15	150
1	-1	143
1	-1	145
1	19	150
0	-1	151
1	-1	150
0	-1	147
1	11	150
0	-1	148
1	25	150
2	19	150
1	-1	150
0	-1	148
0	15	140
0	14	150
0	14	151
0	10	135
0	-1	146
1	37	150
2	-1	150
1	16	147
0	11	150
1	14	150
0	-1	148
0	-1	150
1	-1	151
0	15	148
0	21	147
1	-1	146
0	-1	148
1	-1	150
0	17	151
0	17	151
0	13	150
0	-1	150
0	-1	148
0	4	101
1	13	151
0	24	150
0	15	150
0	-1	150
0	17	151
0	14	148
1	21	144
0	-1	150
1	-1	147
0	-1	105
0	15	149
0	19	150
0	-1	140
1	-1	149
0	19	151
0	-1	148
2	-1	145
0	14	149
0	11	84
0	18	149
1	14	150
0	15	150
0	40	111
0	10	150
0	7	95
1	17	150
0	11	148
1	-1	149
1	-1	149
1	-1	146
1	9	149
0	17	150
1	-1	150
0	20	138
1	-1	150
2	-1	146
0	12	150
2	17	146
0	17	146
0	23	136
0	-1	150
1	17	149
0	11	150
0	-1	147
1	-1	150
0	22	151
0	8	148
1	-1	146
0	40	142
3	-1	149
1	-1	144
0	-1	151
0	18	150
0	30	149
0	12	149
0	14	150
2	14	150
0	-1	150
1	39	149
0	17	148
0	-1	150
1	17	145
0	10	137
0	26	147
1	-1	145
1	17	150
0	14	129
0	19	150
0	14	150
1	15	139
3	18	149
0	12	147
0	13	149
0	40	149
1	21	150
0	17	150
0	-1	151
1	-1	146
1	19	150
0	11	111
0	-1	150
2	-1	150
1	12	150
0	-1	150
0	20	150
0	27	137
0	-1	150
1	19	150
1	18	150
0	-1	85
0	-1	150
0	17	150
1	-1	150
0	-1	150
0	-1	149
0	-1	150
1	38	150
0	15	130
0	-1	150
0	14	150
0	-1	151
0	18	148
0	-1	150
0	-1	150
0	13	120
0	19	146
1	-1	148
0	15	150
0	11	137
0	33	147
0	15	147
0	-1	144
0	12	133
0	15	150
0	-1	150
1	9	150
0	19	150
0	18	149
0	25	150
2	15	148
0	-1	148
0	18	147
0	-1	150
1	-1	150
1	14	147
0	14	150
1	-1	146
1	-1	142
0	17	150
1	-1	150
0	-1	150
0	-1	150
0	18	149
0	-1	147
0	-1	150
0	14	130
0	30	151
4	18	151
0	12	103
0	13	150
0	3	69
0	21	151
0	-1	151
1	-1	149
0	12	139
0	-1	141
0	11	130
0	22	150
1	-1	151
0	39	142
0	11	150
0	19	149
0	18	149
0	13	149
0	23	150
0	17	148
0	10	151
0	23	150
0	16	149
1	17	150
2	-1	145
0	19	151
0	13	148
0	10	149
0	16	150
0	20	149
0	11	145
0	23	149
1	24	147
1	-1	150
0	18	150
1	19	150
0	-1	150
1	-1	150
1	15	150
0	10	151
1	17	150
0	20	143
0	-1	149
0	-1	149
1	13	150
0	15	151
0	25	150
1	-1	139
1	10	142
0	-1	148
0	18	150
1	11	150
0	22	150
1	14	150
0	9	111
0	16	138
0	15	148
0	-1	150
0	25	150
0	15	147
0	14	105
0	-1	148
0	12	150
0	-1	148
0	16	150
0	12	146
0	12	151
1	15	150
0	38	150
2	-1	151
2	-1	146
0	11	136
0	14	136
0	17	148
0	47	150
0	14	151
0	-1	150
1	10	147
0	-1	150
0	14	149
0	10	150
0	13	139
1	21	151
1	34	150
0	11	135
0	-1	124
0	11	135
0	15	150
0	13	147
0	-1	147
0	16	146
0	11	150
40	25	99
0	20	149
1	19	149
0	-1	143
0	17	150
0	7	77
0	15	150
1	20	150
1	9	150
1	-1	150
0	-1	111
0	-1	149
1	15	147
0	11	148
1	15	146
0	17	150
1	14	146
0	-1	146
0	17	150
0	-1	150
0	14	150
0	18	123
1	-1	150
0	20	151
0	-1	145
0	-1	147
0	13	150
1	-1	145
0	-1	139
0	14	150
0	11	149
0	-1	151
1	11	151
0	-1	150
0	-1	143
0	-1	147
2	20	149
0	-1	151
0	14	150
1	18	139
0	11	150
1	12	149
1	18	148
0	-1	123
0	19	150
0	-1	150
0	-1	151
0	-1	148
0	23	150
1	-1	150
0	19	150
1	-1	150
0	-1	145
0	-1	150
0	15	150
1	12	149
0	23	148
0	13	151
0	12	150
0	7	124
0	15	149
1	15	150
0	19	150
0	19	147
0	22	151
1	12	150
0	8	100
1	24	150
0	23	150
0	12	150
0	11	150
0	13	147
0	15	148
1	17	150
0	-1	150
0	-1	145
0	-1	148
0	12	150
1	-1	150
0	-1	150
0	-1	148
0	17	150
1	8	144
1	26	148
0	15	151
0	30	146
0	-1	150
0	11	128
1	18	139
0	11	128
0	11	150
0	-1	148
0	16	151
1	-1	150
0	-1	150
0	18	151
2	-1	124
0	-1	150
0	13	150
0	-1	150
0	-1	150
1	39	133
1	-1	147
1	-1	148
0	13	150
0	-1	151
0	17	150
1	-1	149
1	16	150
1	-1	148
1	-1	150
0	-1	145
0	24	150
0	-1	147
0	35	149
1	-1	142
0	-1	149
0	19	147
0	13	113
1	-1	136
0	-1	146
0	10	107
0	-1	150
0	13	151
0	7	151
1	10	149
0	22	150
0	-1	150
1	12	150
1	9	150
1	-1	151
0	18	150
0	32	148
0	15	147
0	20	133
0	13	149
0	-1	150
0	16	150
0	15	103
0	14	150
0	-1	151
1	-1	150
0	13	150
1	-1	147
0	-1	150
0	-1	148
0	17	150
1	-1	150
0	18	149
0	-1	149
0	13	149
0	20	148
0	-1	149
0	14	149
0	15	147
0	10	138
0	20	123
1	-1	150
0	13	150
1	18	150
1	-1	150
2	-1	146
1	-1	150
0	18	150
0	18	151
0	18	151
1	13	150
0	17	149
0	8	137
0	43	148
0	-1	151
1	18	151
0	-1	150
0	23	143
0	16	146
1	14	147
0	13	126
1	23	150
0	-1	150
0	13	150
0	21	150
2	-1	150
0	-1	141
0	-1	146
1	-1	149
0	32	150
0	17	150
0	11	150
0	7	149
1	17	150
0	8	149
0	-1	150
1	-1	150
0	-1	137
0	-1	149
0	-1	142
0	19	150
0	21	147
0	15	149
1	9	150
0	-1	150
0	-1	145
1	16	149
1	-1	148
2	-1	150
0	23	149
1	-1	151
0	15	150
0	-1	150
1	18	149
1	-1	148
0	14	136
1	11	150
0	32	151
0	-1	150
1	17	151
2	-1	150
1	-1	149
0	-1	150
0	30	150
0	16	139
0	9	123
0	-1	150
0	18	150
1	19	149
1	14	145
0	-1	148
0	13	149
0	12	132
0	-1	150
0	15	149
0	14	150
1	-1	149
0	14	151
1	17	150
2	13	150
0	10	150
0	11	150
1	20	151
0	29	150
0	9	146
0	-1	150
0	21	150
0	-1	149
0	23	149
0	16	150
0	18	150
0	14	151
0	-1	151
1	-1	150
1	-1	149
1	-1	150
2	-1	150
1	-1	150
1	17	130
0	-1	148
1	-1	150
0	-1	150
0	16	150
0	-1	148
0	12	151
0	-1	150
0	-1	151
0	17	150
0	16	150
0	-1	150
0	33	132
0	-1	149
1	37	147
0	43	150
1	-1	150
0	-1	140
0	22	150
0	13	147
0	15	150
1	-1	132
0	11	145
1	22	128
0	12	150
0	13	111
0	-1	151
0	33	140
0	17	150
0	13	150
0	17	147
0	18	101
0	16	143
0	-1	150
0	15	148
0	-1	150
0	23	150
1	-1	151
1	22	142
0	15	149
0	13	145
0	11	150
0	-1	148
0	-1	147
1	16	151
1	-1	150
0	25	127
0	19	150
0	-1	143
0	12	124
0	18	150
0	16	150
0	-1	151
1	-1	150
0	-1	151
0	13	150
0	-1	136
1	7	150
0	7	118
0	21	151
0	-1	150
0	21	149
0	-1	149
0	-1	135
1	18	150
0	17	150
0	13	150
0	21	136
2	18	150
1	-1	149
0	19	130
1	20	150
0	19	150
0	13	148
1	19	148
0	19	147
1	-1	150
0	-1	150
0	-1	149
0	-1	150
0	18	147
0	11	147
0	23	150
1	15	151
0	11	108
2	11	151
0	20	150
0	16	150
2	-1	148
0	9	146
0	12	149
2	41	149
0	14	150
0	20	151
1	-1	150
0	-1	135
0	-1	150
1	19	150
0	14	150
0	22	138
1	14	150
1	-1	147
0	19	150
2	-1	149
0	14	150
0	15	150
0	-1	150
0	-1	149
2	-1	151
1	17	137
0	21	149
0	-1	141
0	-1	150
0	14	146
2	-1	150
1	-1	150
2	-1	149
1	17	143
0	-1	145
0	-1	150
2	26	150
0	12	149
0	-1	150
1	13	150
0	18	150
1	18	149
2	-1	150
0	-1	151
0	22	151
0	-1	136
0	-1	149
0	18	149
0	14	151
1	-1	150
0	-1	151
0	14	149
1	42	150
0	19	150
0	16	143
0	13	150
0	-1	150
0	10	150
1	16	141
1	-1	150
0	14	150
0	18	150
1	24	149
0	-1	151
0	-1	149
0	19	147
0	11	134
1	-1	150
0	-1	149
1	25	151
0	12	149
0	-1	150
1	-1	143
0	12	151
0	-1	149
1	-1	150
0	15	150
0	11	138
0	-1	150
0	16	128
1	13	151
2	-1	150
0	28	150
0	12	133
0	-1	151
1	19	148
1	15	151
0	15	149
1	25	151
0	13	133
1	35	150
1	11	150
0	20	150
0	15	147
0	24	150
0	17	148
0	11	149
0	-1	150
0	-1	151
0	-1	150
0	-1	148
1	18	150
1	23	151
0	-1	148
0	21	150
1	-1	146
0	-1	150
0	18	143
1	16	142
0	-1	145
0	14	145
0	41	147
0	17	134
1	-1	150
0	14	115
0	15	150
1	-1	140
0	19	151
0	-1	151
0	15	150
0	15	150
4	-1	149
0	21	147
0	43	150
0	19	148
0	-1	149
1	-1	150
0	19	149
1	16	150
0	-1	148
0	11	150
0	11	149
0	27	150
0	-1	150
1	16	144
0	28	149
0	16	151
1	-1	150
1	22	150
1	13	150
0	25	147
0	14	150
0	13	144
0	34	137
0	20	147
0	-1	150
1	-1	149
0	16	150
0	-1	151
2	17	142
0	10	146
0	-1	150
0	10	124
0	-1	150
0	14	150
1	14	150
1	25	150
0	13	151
0	-1	150
1	16	151
0	31	150
0	13	131
0	17	150
0	19	150
0	16	143
0	9	123
1	24	150
0	16	151
1	19	151
1	-1	150
0	-1	149
0	13	150
0	5	150
1	39	151
0	35	149
0	10	139
0	12	149
1	-1	142
4	15	128
0	-1	150
2	-1	150
2	18	150
0	10	150
1	41	150
0	12	136
1	22	150
1	-1	147
2	-1	150
1	20	132
0	-1	149
0	28	143
0	9	130
0	-1	150
0	5	150
0	-1	147
0	12	145
0	14	146
0	-1	145
0	11	148
1	-1	147
2	-1	151
0	13	146
0	-1	146
0	12	145
2	-1	148
0	-1	150
0	22	138
1	-1	145
1	16	150
1	-1	151
1	-1	150
0	12	112
0	12	135
0	-1	150
0	13	146
0	17	146
0	-1	144
1	21	150
0	18	151
0	-1	138
0	-1	113
0	16	151
1	-1	150
0	18	149
1	-1	148
0	24	151
0	12	149
0	11	150
2	24	147
0	26	150
2	-1	150
1	16	150
1	14	150
1	-1	147
1	-1	151
1	16	150
3	-1	150
0	37	151
0	14	150
1	20	149
0	15	151
0	19	150
0	-1	149
0	21	150
0	-1	147
0	10	140
1	19	134
0	-1	103
1	-1	150
0	13	145
0	16	151
0	24	151
0	13	151
0	-1	149
0	-1	146
0	34	144
1	-1	149
2	-1	146
1	-1	142
0	11	149
0	36	151
1	10	138
0	8	140
0	-1	150
0	-1	143
1	-1	150
0	-1	143
0	13	143
0	21	151
1	-1	149
0	27	150
0	-1	149
0	-1	148
0	18	148
1	13	150
0	-1	146
0	20	149
1	-1	151
1	44	150
0	19	149
0	17	150
0	18	151
1	-1	147
1	-1	116
2	30	151
0	19	145
0	15	149
0	23	150
0	8	151
0	-1	150
0	-1	150
0	16	149
0	21	150
0	14	150
0	13	147
0	13	148
0	20	149
1	-1	150
0	30	133
0	11	123
0	13	145
1	33	150
2	15	149
0	19	147
0	-1	150
0	11	125
2	17	150
0	11	150
1	16	146
0	16	148
0	15	150
0	16	147
1	17	150
1	10	149
1	16	150
0	22	147
0	13	150
0	-1	146
0	14	150
1	19	139
1	-1	149
0	-1	145
4	-1	127
1	-1	148
2	-1	147
0	16	150
0	19	149
0	16	103
0	18	150
1	-1	151
1	-1	143
0	-1	150
0	31	150
0	6	149
1	-1	150
0	13	150
0	18	150
0	-1	150
2	15	109
0	-1	141
0	-1	141
0	17	137
0	33	150
0	-1	148
0	21	150
0	15	150
0	27	150
2	17	150
0	13	148
0	-1	149
0	9	147
1	16	151
0	-1	151
0	-1	103
0	-1	148
1	43	150
0	33	148
0	-1	148
0	14	150
0	7	135
0	33	149
0	-1	151
1	18	149
0	-1	129
0	-1	148
0	16	149
3	21	150
1	-1	106
1	18	131
1	-1	150
0	13	150
0	-1	134
1	17	150
0	19	149
0	-1	150
2	15	144
1	20	150
0	-1	148
2	-1	150
0	14	148
1	-1	150
0	5	150
1	22	150
0	17	140
0	22	151
0	-1	150
0	11	146
0	-1	150
0	11	150
0	19	150
0	19	150
0	16	150
1	20	142
1	18	143
1	17	151
0	-1	150
0	15	147
0	-1	150
0	16	147
1	13	150
2	18	150
0	13	151
0	19	147
0	21	150
0	12	149
0	25	150
2	-1	147
0	-1	150
0	-1	150
0	21	148
1	-1	150
0	16	150
1	34	150
0	18	150
0	-1	150
1	18	150
0	16	150
1	10	124
1	16	148
0	-1	151
0	10	151
1	-1	147
0	-1	149
0	12	146
2	-1	147
0	-1	147
0	16	150
0	6	150
0	20	150
0	-1	139
1	14	150
2	-1	150
1	-1	149
0	23	150
0	-1	150
1	16	150
1	15	149
0	-1	149
0	12	146
0	-1	148
0	22	150
0	-1	148
0	-1	148
0	17	150
0	-1	148
0	20	148
0	16	150
0	22	151
1	-1	150
1	9	150
0	14	150
0	36	151
0	14	150
1	25	144
0	-1	149
0	19	150
0	-1	149
1	24	150
1	-1	147
1	14	149
0	15	148
0	-1	151
1	14	150
0	12	148
0	13	148
0	17	149
0	-1	150
2	-1	149
0	-1	150
1	-1	150
0	12	150
0	-1	150
2	12	148
1	16	150
0	-1	123
1	20	151
0	18	150
0	-1	141
0	-1	139
0	-1	150
0	17	150
0	15	150
0	17	151
0	16	150
0	15	129
1	18	151
0	15	149
0	17	150
0	-1	148
0	-1	146
0	-1	147
0	13	150
0	20	150
0	-1	150
0	-1	149
1	13	124
0	7	146
0	-1	149
1	12	148
0	16	150
0	-1	150
0	-1	150
0	-1	149
1	15	150
1	-1	148
0	18	144
1	10	117
0	-1	148
0	16	146
1	15	150
0	20	149
0	-1	149
2	21	145
0	-1	150
0	10	147
0	-1	150
0	26	150
1	12	127
0	-1	149
0	9	145
0	31	150
1	-1	145
1	19	150
0	29	150
0	13	150
0	-1	150
1	16	150
1	19	151
0	-1	150
1	20	150
0	15	150
0	-1	150
0	15	150
0	18	133
0	15	149
0	18	150
0	17	148
0	11	71
0	23	150
1	-1	146
0	9	151
0	-1	150
0	24	146
1	-1	148
0	-1	151
1	-1	150
0	15	150
0	9	151
0	29	150
0	-1	100
0	-1	150
0	11	148
0	12	150
0	11	120
0	-1	147
0	20	150
0	37	145
1	15	150
0	17	147
1	32	151
0	19	150
0	8	146
0	18	149
0	-1	151
0	-1	150
0	10	150
0	-1	140
0	23	149
0	9	92
0	8	150
0	8	148
2	15	147
0	-1	150
0	14	145
1	-1	150
0	27	150
0	17	132
0	13	150
1	10	108
0	9	150
1	11	139
0	31	149
1	39	150
1	-1	149
1	-1	150
1	-1	150
0	21	151
1	10	145
0	21	150
0	18	151
0	16	148
0	10	150
0	35	147
0	33	146
1	-1	148
0	13	151
0	-1	150
2	24	148
0	-1	150
1	15	150
0	18	136
0	-1	148
0	14	141
0	18	150
0	12	151
0	20	140
0	22	149
0	-1	144
1	-1	150
0	15	149
1	13	137
0	-1	150
1	-1	150
0	12	150
2	-1	149
2	18	150
0	19	150
0	-1	150
0	9	150
0	36	141
0	13	144
2	22	132
0	17	150
0	14	150
1	12	150
0	-1	151
0	-1	148
0	-1	150
0	-1	145
2	20	147
1	-1	146
0	8	150
0	6	150
0	-1	139
0	-1	150
0	21	144
0	10	150
0	-1	151
2	-1	147
0	20	150
0	23	147
1	-1	129
0	24	150
0	-1	143
0	-1	150
1	18	151
1	-1	132
0	14	128
0	10	145
0	-1	150
0	13	137
0	22	150
0	15	150
0	22	147
0	21	149
0	13	150
1	13	150
0	-1	147
1	18	151
0	42	150
0	17	137
0	20	151
1	11	149
0	7	63
1	18	151
0	-1	142
0	15	150
0	-1	149
1	15	150
0	23	151
0	8	149
0	17	151
1	-1	134
0	-1	150
1	17	147
1	22	150
0	16	150
0	13	151
0	19	151
0	-1	151
0	17	150
1	-1	149
0	-1	150
0	17	151
0	16	148
0	12	150
1	15	151
0	18	149
0	16	135
1	-1	143
0	-1	150
0	16	150
0	12	149
1	-1	150
0	12	108
2	19	150
2	-1	150
0	13	149
1	-1	151
0	-1	150
1	-1	149
0	22	150
1	-1	142
0	27	150
1	-1	149
0	21	151
0	-1	150
1	-1	116
0	15	149
0	12	138
0	-1	150
0	34	147
1	16	145
1	17	150
0	-1	151
1	20	150
0	13	150
0	22	149
1	-1	151
0	-1	140
1	15	151
0	21	150
0	-1	151
0	16	149
0	15	150
1	20	145
0	11	143
0	-1	151
0	12	150
0	15	150
1	20	150
0	7	149
0	14	150
0	-1	150
0	18	151
2	14	150
1	10	150
0	-1	148
0	16	137
0	11	149
0	19	141
0	17	150
0	17	150
0	-1	147
0	13	149
1	10	150
1	-1	150
1	-1	148
0	9	148
0	-1	149
0	-1	150
0	-1	150
0	21	150
0	-1	150
0	-1	150
1	-1	150
0	13	150
1	15	138
1	29	150
1	10	125
0	11	149
2	-1	148
0	-1	151
1	-1	149
0	-1	150
0	11	134
1	18	151
0	14	149
0	20	150
1	-1	150
0	16	149
0	30	150
0	-1	150
0	8	147
0	11	143
1	14	134
1	-1	151
1	-1	150
1	-1	133
2	23	151
3	15	146
3	37	145
0	15	150
0	-1	145
2	19	137
0	19	150
1	-1	149
0	8	147
0	-1	144
0	-1	150
0	-1	150
1	-1	150
0	14	150
0	6	151
0	10	149
0	13	147
0	27	150
0	-1	150
0	-1	150
0	-1	150
0	7	131
0	17	150
4	-1	150
0	11	99
0	18	150
0	14	149
0	-1	139
0	14	133
0	40	144
0	-1	150
0	11	150
0	16	150
0	12	150
0	-1	150
0	13	150
1	22	148
0	13	150
0	-1	147
0	-1	146
0	14	150
0	-1	150
1	-1	150
1	14	149
1	-1	136
0	12	151
1	21	142
1	9	151
0	15	150
2	-1	150
0	17	150
0	-1	151
0	-1	144
0	36	149
0	19	150
0	-1	149
0	6	150
0	15	148
1	21	151
1	21	137
0	20	151
1	-1	141
0	19	149
0	12	149
0	-1	148
0	11	151
0	22	148
1	-1	150
0	8	149
0	15	148
0	20	150
0	-1	149
0	33	151
1	16	148
0	-1	149
1	14	138
2	-1	149
0	12	149
1	-1	150
0	10	148
0	12	147
0	11	150
1	13	150
1	20	150
1	29	150
0	-1	150
0	16	150
0	-1	150
0	26	150
0	14	150
1	18	147
2	34	149
0	-1	150
0	11	126
0	-1	150
1	-1	150
0	-1	132
0	13	142
2	26	131
2	-1	150
0	12	148
2	17	150
0	-1	150
1	20	150
0	15	150
0	15	151
1	30	151
0	22	150
1	-1	150
0	9	136
0	18	148
0	-1	150
0	-1	149
0	18	150
2	12	150
0	18	109
0	20	150
0	23	130
0	13	148
1	-1	146
0	13	150
0	17	137
0	30	148
0	12	150
0	-1	148
0	-1	151
0	11	123
1	13	135
0	13	103
0	-1	150
1	17	149
2	-1	145
0	-1	149
0	-1	149
0	21	150
1	16	150
0	9	151
0	28	113
1	-1	145
1	20	150
0	-1	150
1	-1	150
0	-1	144
0	-1	150
0	15	148
0	-1	140
0	30	150
0	17	134
0	-1	146
1	18	150
0	12	147
0	-1	150
0	-1	150
0	-1	151
0	15	150
0	14	150
0	-1	150
0	-1	151
1	-1	142
1	13	146
1	22	147
0	16	150
0	22	147
0	15	148
0	18	150
4	13	150
0	29	150
0	7	137
0	-1	151
0	20	150
0	-1	151
0	9	150
0	9	149
0	-1	151
0	6	126
0	8	149
1	14	147
0	-1	150
0	23	144
0	16	150
0	18	150
0	13	149
0	19	150
0	17	151
0	-1	149
0	-1	150
1	20	150
0	12	150
1	-1	146
0	-1	150
0	15	150
0	21	75
1	16	150
1	11	150
0	13	150
0	39	150
0	17	139
0	16	150
0	14	150
1	-1	150
1	19	150
0	-1	150
0	11	69
1	18	150
1	18	149
0	18	150
1	-1	150
0	-1	151
0	16	150
0	-1	150
0	14	150
1	15	148
1	18	147
0	-1	149
0	15	149
0	-1	150
0	12	150
2	-1	150
1	-1	151
0	19	150
0	-1	151
0	-1	150
2	21	151
1	20	146
0	-1	150
0	17	150
0	-1	144
1	-1	150
0	11	137
0	-1	147
0	12	126
0	-1	151
0	15	146
0	15	147
0	13	150
0	-1	150
0	-1	149
1	19	148
0	-1	150
1	31	150
0	14	150
0	-1	148
0	14	150
1	20	149
0	-1	151
0	17	150
1	32	150
1	-1	150
2	-1	150
1	13	150
0	9	150
0	20	151
1	16	149
0	-1	141
0	-1	150
0	15	148
0	10	127
0	13	149
0	18	150
0	14	148
0	-1	150
0	22	150
2	23	146
0	22	150
1	19	150
0	-1	150
0	-1	147
0	40	151
0	16	150
0	20	150
0	-1	149
0	-1	150
0	20	151
0	13	150
0	13	148
1	13	150
2	15	150
0	-1	150
0	19	150
0	11	132
1	-1	148
0	15	137
0	13	150
1	-1	150
1	-1	149
0	10	148
0	13	150
1	-1	148
1	14	148
1	20	150
0	22	151
0	-1	150
0	13	146
1	32	150
0	9	149
0	24	134
0	11	149
1	-1	150
0	15	148
0	11	118
0	-1	118
0	8	142
2	-1	142
0	10	148
0	-1	151
0	19	150
1	19	149
0	8	149
0	19	150
1	16	150
1	-1	144
1	-1	149
0	-1	149
0	6	148
0	19	149
0	-1	148
0	19	148
1	-1	149
0	6	143
1	17	149
0	-1	122
0	20	149
0	-1	147
0	14	150
0	18	150
0	-1	150
0	28	147
0	-1	150
0	12	148
1	-1	150
1	19	131
0	11	151
1	17	151
1	17	151
2	-1	147
0	11	142
0	-1	149
0	9	93
0	36	147
0	-1	145
0	14	146
1	19	150
1	-1	149
0	17	150
0	-1	150
0	24	150
0	12	127
0	22	144
0	-1	149
0	-1	130
0	-1	147
1	14	150
0	17	151
0	15	142
0	22	150
1	-1	150
1	-1	149
0	42	150
2	23	150
1	-1	150
0	-1	150
0	13	146
0	18	150
0	17	150
0	-1	137
0	21	150
0	17	150
0	-1	150
0	16	148
1	38	150
1	-1	150
2	40	150
0	13	146
0	12	150
0	-1	148
0	-1	144
0	32	150
1	19	145
0	15	148
0	22	145
0	-1	149
1	14	150
0	21	151
1	25	150
2	18	148
1	17	151
0	25	146
2	18	150
0	-1	149
0	-1	145
0	-1	145
0	15	150
0	24	151
1	17	148
0	21	150
0	-1	150
0	18	150
1	-1	147
0	15	151
1	-1	150
0	26	150
1	-1	150
1	-1	150
0	12	150
0	31	147
0	11	95
0	13	149
0	12	150
0	-1	132
0	27	150
0	15	150
0	40	148
0	-1	148
0	22	150
0	-1	126
1	14	113
0	20	146
1	12	151
0	17	150
0	16	150
0	-1	150
0	10	150
0	32	148
1	-1	149
0	-1	147
0	13	142
1	-1	151
0	27	124
1	-1	150
1	30	144
1	20	151
0	10	145
0	-1	150
1	16	147
0	16	148
0	-1	151
0	8	143
0	-1	146
1	-1	151
1	10	150
2	-1	151
0	14	151
0	28	150
0	-1	150
2	38	150
0	14	125
1	22	138
0	15	150
2	15	150
2	36	150
0	18	151
0	19	109
0	-1	150
0	-1	148
0	11	150
0	9	150
0	26	150
0	14	150
0	20	150
1	45	150
1	15	151
1	18	134
0	-1	141
0	-1	150
0	-1	148
0	27	151
0	22	150
0	17	148
0	6	79
0	20	150
0	11	149
1	-1	150
0	22	150
0	19	145
0	17	150
0	17	149
0	29	150
0	-1	136
1	21	150
0	17	150
0	-1	146
0	12	151
0	-1	150
0	-1	147
0	-1	149
1	-1	145
0	23	149
0	22	148
2	-1	147
0	34	150
0	39	149
0	16	149
0	-1	148
1	14	145
0	11	150
0	17	141
1	19	151
0	24	147
0	24	151
0	21	149
0	9	150
1	-1	150
0	13	151
0	15	150
1	20	150
0	-1	123
2	-1	149
0	13	149
0	-1	151
0	15	142
1	12	151
0	-1	150
0	20	151
0	16	149
0	24	150
2	23	150
0	8	111
1	-1	150
0	45	150
1	-1	148
1	-1	146
0	15	151
1	-1	144
0	9	147
1	13	147
0	41	146
1	-1	146
0	-1	149
1	25	150
5	27	139
0	12	150
0	-1	149
0	12	150
1	15	150
2	16	148
0	33	151
0	15	150
1	-1	150
0	20	149
0	-1	150
0	16	120
1	28	148
0	-1	149
0	14	151
1	15	150
0	-1	150
1	-1	151
0	-1	126
0	15	114
1	40	150
1	11	144
1	-1	125
0	20	150
0	11	146
0	32	148
0	21	151
1	18	149
1	-1	150
0	-1	150
0	17	149
0	8	134
0	8	150
0	16	150
0	13	148
0	10	150
0	-1	150
0	12	149
0	17	148
0	19	139
0	15	148
1	-1	149
0	-1	141
1	-1	150
0	-1	151
0	13	119
0	14	150
1	-1	150
1	17	150
0	21	134
0	16	150
3	-1	150
0	17	150
0	-1	150
1	15	150
0	-1	150
1	-1	136
0	-1	150
0	10	150
1	-1	150
0	15	138
0	-1	151
0	15	141
1	22	150
0	-1	149
0	22	151
0	21	145
1	22	94
0	15	148
1	17	150
1	22	150
0	-1	148
0	17	150
0	-1	149
0	10	104
0	37	150
1	16	149
0	-1	149
1	29	151
0	-1	150
1	16	151
0	-1	148
0	20	150
1	-1	150
0	15	150
2	-1	150
1	19	144
1	-1	149
1	15	150
0	-1	151
0	12	144
0	-1	149
0	-1	108
0	-1	144
0	9	147
0	-1	149
0	28	147
1	16	148
0	18	151
0	31	151
1	12	133
0	-1	150
0	10	151
1	13	148
0	23	151
2	-1	145
4	13	135
2	12	132
0	15	147
0	-1	143
0	40	149
1	19	147
1	-1	149
0	-1	150
0	-1	149
1	-1	126
1	-1	150
0	11	146
0	18	150
0	11	150
1	31	139
0	15	151
0	14	149
0	18	150
0	16	151
0	20	149
0	-1	139
0	30	150
0	14	150
0	-1	151
0	-1	146
0	13	150
0	21	148
0	-1	147
0	16	149
0	-1	146
0	18	148
0	-1	150
1	-1	150
0	6	137
0	15	148
0	36	150
0	16	150
0	14	150
1	17	148
0	-1	150
0	16	150
0	17	140
0	12	151
1	15	137
1	-1	147
0	7	144
0	-1	150
1	14	142
2	16	127
1	-1	150
1	-1	150
0	14	150
0	14	150
0	-1	146
3	28	132
0	18	150
0	16	150
0	32	149
0	9	136
0	6	144
0	12	150
0	13	150
3	-1	137
0	-1	150
1	-1	112
0	16	147
0	-1	137
0	16	149
0	-1	126
1	-1	150
0	16	151
0	-1	150
0	23	150
0	18	150
0	13	146
1	15	151
1	6	142
0	19	146
0	13	149
0	11	149
0	-1	151
0	-1	150
0	34	143
0	7	149
1	32	150
2	-1	148
0	16	150
0	9	147
0	-1	151
0	-1	150
1	10	149
0	4	144
0	22	132
0	10	149
0	8	149
1	-1	150
0	13	148
1	15	150
0	-1	148
0	14	146
0	13	150
0	8	148
2	44	149
1	11	121
0	11	127
1	14	149
2	-1	150
0	-1	149
1	20	149
0	-1	150
0	20	150
0	-1	150
1	15	150
3	20	149
0	13	150
0	-1	151
0	-1	151
0	-1	149
1	18	144
0	21	151
0	13	149
0	11	135
0	14	137
0	16	145
0	-1	139
0	21	127
0	-1	150
0	13	146
0	22	151
0	-1	149
0	23	150
0	-1	150
0	21	149
0	-1	150
0	-1	149
2	-1	117
0	17	145
0	37	148
0	13	131
1	23	150
0	18	150
0	14	149
0	-1	150
0	18	150
1	-1	150
0	17	147
0	14	150
0	29	150
0	15	149
2	-1	148
1	18	150
0	24	151
0	34	150
0	-1	151
0	21	148
0	19	150
0	20	150
1	20	150
1	21	150
0	5	97
1	13	149
0	-1	151
1	-1	151
1	15	150
0	16	128
1	48	150
0	20	150
1	13	150
0	-1	150
1	13	150
0	15	140
0	22	127
2	19	151
0	-1	150
0	14	149
0	-1	149
0	32	150
0	13	149
0	10	150
0	-1	151
0	-1	151
0	19	150
0	-1	150
2	-1	150
0	12	135
1	-1	149
1	1	116
1	16	150
0	13	147
0	10	150
0	9	149
0	13	150
1	21	149
0	12	149
0	-1	150
0	42	145
0	-1	121
0	14	146
1	-1	150
2	25	149
0	9	150
1	20	150
0	16	150
0	-1	133
0	-1	132
0	14	147
0	19	149
0	12	151
0	13	150
0	18	145
1	-1	150
0	-1	150
0	22	147
0	15	149
0	-1	148
1	13	150
0	12	144
0	21	147
0	-1	148
1	-1	150
0	21	151
1	-1	127
0	12	149
0	12	150
0	18	150
0	21	151
1	24	150
0	20	146
0	10	151
0	-1	144
1	16	147
0	6	149
0	8	151
0	-1	150
0	18	147
1	10	150
0	-1	148
0	11	114
0	-1	143
0	15	150
0	24	150
0	-1	149
0	22	150
1	17	150
1	15	145
0	31	150
0	14	148
0	10	150
0	13	151
0	22	151
1	-1	137
1	-1	150
1	-1	147
0	7	147
0	23	124
0	10	149
0	17	150
1	5	112
0	20	151
0	5	76
1	14	150
0	21	150
0	14	150
0	31	148
1	-1	147
0	-1	149
0	15	150
0	15	85
0	-1	150
0	-1	150
0	-1	118
0	-1	148
1	18	149
1	-1	148
0	-1	126
1	20	150
1	-1	148
0	15	150
0	9	149
0	15	146
0	7	74
5	15	146
0	18	148
0	18	147
0	-1	150
0	16	138
1	-1	151
1	18	147
1	-1	145
1	-1	150
0	12	149
0	14	147
0	-1	135
1	21	150
0	39	148
4	-1	116
0	13	149
0	16	148
0	-1	149
0	30	142
1	20	149
1	26	143
0	-1	151
0	-1	147
1	16	132
1	28	150
0	-1	148
0	-1	150
0	12	150
0	16	150
0	12	144
1	25	121
0	9	126
0	19	151
0	-1	150
1	14	150
1	17	149
1	27	150
0	-1	150
2	-1	146
1	23	150
1	13	150
0	-1	151
1	33	126
0	-1	149
0	17	148
0	11	150
1	12	151
0	-1	151
0	-1	150
0	17	151
1	-1	150
0	17	150
0	6	131
0	17	143
0	15	149
0	-1	150
0	37	131
0	-1	145
0	12	147
0	9	135
1	21	149
1	33	150
0	16	148
1	-1	150
0	14	150
2	-1	133
0	11	148
0	19	147
0	-1	148
1	16	151
0	19	150
0	18	140
0	18	151
0	-1	146
1	38	150
0	15	151
2	19	150
0	16	151
0	29	150
1	11	138
0	-1	149
0	5	149
0	-1	150
0	21	150
0	16	146
2	35	140
0	26	144
1	22	142
0	-1	125
0	15	146
2	15	146
0	-1	139
0	-1	151
0	11	140
0	16	150
0	19	150
0	20	147
0	20	146
0	18	151
0	19	146
0	33	150
1	-1	150
1	-1	150
0	15	150
2	18	150
1	-1	147
0	-1	149
1	-1	149
0	14	147
1	-1	150
0	19	149
0	14	147
1	16	147
0	17	150
0	17	150
0	11	150
0	36	149
0	-1	150
0	17	146
0	13	149
0	13	151
0	14	149
0	-1	150
1	16	150
0	11	145
0	14	145
0	19	149
0	31	150
0	22	147
1	-1	137
1	-1	150
0	8	122
0	-1	150
0	11	150
1	41	136
1	-1	136
2	11	145
0	12	149
0	17	150
0	13	123
0	-1	150
0	-1	149
0	14	151
0	-1	150
0	11	150
2	40	149
0	15	147
1	-1	147
0	35	150
0	-1	150
0	-1	147
1	23	150
0	30	150
0	12	149
0	15	150
1	-1	150
1	20	150
1	-1	150
0	-1	127
0	21	140
3	-1	148
1	20	150
0	14	150
0	21	149
1	16	149
1	16	138
0	27	149
0	15	151
0	18	151
0	7	150
0	-1	141
1	20	149
1	39	144
1	-1	150
0	25	148
0	9	150
1	15	150
0	13	148
0	38	148
0	-1	127
0	-1	150
0	-1	149
0	-1	150
0	7	138
1	16	150
1	18	150
1	24	151
0	40	132
0	-1	149
1	14	151
1	10	135
0	-1	148
0	8	95
1	24	150
2	18	149
0	-1	150
1	-1	150
3	15	150
0	-1	150
1	-1	147
2	-1	147
0	12	150
1	29	149
0	-1	151
0	17	149
0	-1	149
0	10	149
0	8	149
0	-1	135
0	34	144
0	17	151
0	-1	150
0	14	146
0	16	149
2	15	151
0	-1	136
1	9	150
0	17	150
0	-1	140
0	12	145
0	17	150
4	13	145
0	-1	151
2	18	150
1	-1	150
1	-1	144
1	11	121
0	18	150
0	14	150
1	13	130
1	12	140
1	12	150
0	4	96
1	16	145
0	14	125
0	21	150
0	8	146
1	14	147
0	19	150
1	10	150
0	14	149
1	15	132
0	28	119
0	15	143
1	16	150
0	17	149
2	18	128
0	3	74
0	19	148
1	12	150
1	14	148
1	20	150
0	19	148
1	-1	118
0	14	146
1	46	146
0	-1	149
0	9	147
0	-1	150
0	17	150
0	13	151
0	13	150
0	16	143
0	15	150
0	11	150
2	-1	151
0	12	129
0	11	149
0	11	147
0	7	130
0	12	147
0	-1	138
0	-1	144
0	10	142
1	-1	151
1	15	146
2	24	147
0	11	150
0	-1	150
1	15	151
1	-1	148
1	14	149
1	30	135
1	15	148
0	10	139
1	-1	150
0	13	146
1	-1	140
0	14	125
1	-1	150
1	11	151
0	7	148
0	14	150
1	17	145
0	20	149
2	18	150
0	20	150
1	-1	144
1	-1	149
0	-1	149
0	12	147
0	15	150
0	-1	150
0	20	149
0	-1	149
0	16	117
0	4	148
2	-1	131
1	42	150
0	3	151
1	13	119
0	-1	138
0	12	148
0	10	146
0	38	151
0	9	151
1	10	136
0	12	149
0	13	151
0	8	144
0	-1	139
0	16	150
0	-1	146
1	36	150
1	15	151
0	9	151
1	11	146
0	14	150
0	15	150
0	12	150
0	11	126
1	33	150
0	13	151
0	12	130
1	-1	150
0	11	150
0	-1	147
1	14	151
1	-1	151
0	16	151
1	17	133
0	10	132
1	16	150
1	-1	145
0	8	134
0	-1	148
0	5	88
0	-1	148
1	33	150
0	21	149
1	10	150
0	26	145
0	13	150
1	11	123
0	20	149
0	-1	151
0	-1	143
0	13	150
0	-1	149
0	-1	150
0	-1	150
0	-1	150
0	12	149
0	-1	143
0	15	146
0	9	149
1	-1	150
0	15	149
1	25	141
0	19	150
1	-1	143
0	-1	151
0	12	147
0	22	151
1	6	127
1	-1	132
0	26	150
0	17	151
0	13	133
0	8	87
0	11	143
0	12	95
0	-1	149
0	-1	148
1	8	93
0	-1	148
0	12	136
0	7	151
0	-1	151
0	10	150
0	15	146
1	17	149
1	10	103
0	12	148
0	13	147
2	18	151
1	14	146
0	12	147
1	11	150
0	16	147
0	16	151
1	-1	150
1	34	133
0	20	150
0	18	147
0	21	143
0	11	147
0	19	148
0	21	151
0	24	151
0	4	92
0	15	148
0	33	148
1	-1	148
0	18	150
0	18	141
0	21	149
0	13	150
1	32	146
1	-1	134
0	17	104
0	17	102
2	-1	151
0	-1	139
1	-1	150
1	-1	151
1	10	140
0	20	150
0	14	149
1	13	151
0	9	148
1	35	149
0	6	96
0	-1	150
0	-1	150
0	18	150
0	-1	141
0	9	151
0	20	150
1	27	150
0	7	144
0	10	113
1	19	151
0	-1	147
0	14	151
0	-1	128
0	9	150
0	21	151
0	12	143
1	11	122
1	-1	150
0	17	132
0	20	145
1	-1	149
0	11	146
1	9	148
0	20	149
0	-1	146
3	11	136
0	-1	150
0	-1	149
1	-1	150
2	9	140
4	21	147
1	26	151
1	-1	150
0	9	150
0	-1	148
0	9	144
3	-1	151
0	15	150
0	13	151
2	-1	150
1	-1	150
1	16	151
0	10	150
1	-1	135
2	-1	131
0	38	149
0	-1	150
0	23	118
0	8	121
1	16	145
0	16	150
0	15	143
0	22	150
0	15	131
0	21	150
1	15	150
3	-1	150
1	11	151
0	17	149
0	9	150
0	7	132
1	11	149
0	-1	131
0	11	150
0	-1	144
0	-1	151
1	16	125
1	19	150
2	-1	146
1	38	137
0	11	143
0	6	144
0	19	151
1	10	130
1	-1	136
1	11	150
0	12	112
0	10	148
0	11	122
0	14	150
0	16	150
0	8	150
0	-1	150
1	15	119
0	16	150
0	10	134
0	10	109
0	-1	148
0	5	104
0	24	150
0	14	126
1	-1	149
0	3	105
1	18	150
2	13	151
1	-1	149
0	-1	130
0	22	123
0	12	150
1	16	150
1	19	146
0	19	150
0	15	150
0	19	150
0	2	150
0	-1	150
0	20	148
1	-1	145
1	21	147
0	-1	149
0	19	150
0	16	149
0	-1	149
0	19	151
0	-1	150
0	-1	148
0	15	150
1	-1	150
1	-1	145
0	15	149
0	9	124
0	15	129
1	15	150
0	15	150
1	36	151
1	-1	150
0	-1	150
0	-1	141
0	21	149
1	21	151
0	-1	151
0	18	134
0	-1	101
0	-1	151
1	19	150
0	-1	150
0	22	138
0	14	134
0	18	150
1	-1	150
0	11	127
1	12	146
0	22	150
1	14	150
0	-1	151
0	17	150
0	14	138
1	22	150
1	20	137
0	-1	150
1	16	124
1	-1	149
0	34	150
0	14	149
4	16	128
1	14	130
0	28	151
0	-1	150
0	16	150
0	-1	150
1	-1	149
6	21	150
1	-1	149
0	-1	150
0	34	150
0	16	150
1	13	138
0	-1	151
0	23	148
0	-1	150
1	-1	149
0	14	145
1	-1	150
0	15	149
0	19	150
0	16	146
0	-1	151
0	-1	150
0	17	150
0	22	149
0	13	150
0	-1	143
1	8	148
1	23	150
0	15	150
0	18	148
0	11	150
0	22	148
0	7	150
1	19	150
1	11	150
0	17	150
0	-1	150
2	-1	150
1	16	150
1	17	149
0	10	137
1	17	142
0	14	150
1	23	150
0	23	134
1	-1	149
0	17	150
0	-1	150
0	17	151
1	-1	150
2	29	143
0	-1	146
0	-1	150
0	15	151
1	-1	149
0	20	147
0	-1	148
0	-1	149
1	-1	150
1	-1	150
0	20	149
0	20	150
0	-1	150
0	19	150
2	15	150
2	-1	149
1	4	107
0	25	130
1	11	150
0	12	147
0	-1	133
0	19	150
0	-1	149
0	11	150
0	-1	126
0	-1	150
1	32	146
1	17	141
0	11	150
0	-1	151
1	-1	149
0	17	149
0	13	145
1	-1	150
1	-1	150
1	-1	147
0	21	151
1	16	151
0	-1	103
0	-1	108
1	17	151
0	11	146
0	-1	141
1	18	150
0	25	145
1	-1	150
0	13	150
0	16	150
0	-1	147
0	9	104
2	-1	150
0	17	150
1	-1	150
0	15	150
1	-1	150
4	-1	148
0	15	150
1	21	150
0	-1	150
0	15	151
0	16	147
1	-1	148
1	31	150
0	-1	150
0	19	143
1	-1	150
2	20	148
0	24	150
0	-1	149
1	15	133
0	17	150
1	15	150
0	-1	140
2	-1	147
2	7	149
1	20	150
0	15	150
0	-1	150
1	-1	138
1	16	121
0	18	150
0	17	150
0	12	149
1	17	150
1	29	150
0	-1	150
0	19	151
0	18	142
0	11	150
0	-1	150
0	14	149
1	-1	149
0	18	150
0	19	151
1	-1	147
0	11	146
0	15	149
0	21	150
0	9	150
1	22	144
1	20	148
0	-1	141
0	29	147
0	9	150
1	-1	150
0	40	151
1	-1	137
0	13	150
0	38	150
0	19	150
0	-1	150
0	13	150
1	23	149
0	-1	147
0	15	150
1	15	151
1	16	150
0	-1	150
0	11	149
0	14	150
0	-1	151
0	16	129
0	20	150
0	19	130
0	13	149
0	14	129
0	-1	149
0	14	150
0	13	150
2	-1	138
0	9	150
0	19	150
0	21	147
0	16	150
0	10	123
2	-1	150
1	14	142
1	19	150
0	-1	145
0	23	149
0	-1	150
1	17	148
1	-1	149
0	-1	149
0	14	150
0	-1	149
0	13	145
0	12	138
0	-1	151
1	13	148
0	-1	147
1	16	126
1	-1	147
1	-1	149
0	18	150
1	27	150
0	13	150
1	-1	151
0	16	150
0	-1	150
0	8	151
0	-1	149
1	37	150
0	15	150
0	7	151
0	14	148
0	12	146
0	15	150
2	14	150
1	-1	149
0	13	149
1	18	150
0	-1	150
0	13	146
0	20	147
0	19	150
1	-1	127
0	33	151
0	17	149
0	-1	151
0	19	148
0	14	149
0	20	149
0	-1	150
0	-1	151
0	13	150
0	20	150
0	-1	147
0	-1	121
1	10	150
0	-1	151
0	7	97
2	12	150
1	11	150
0	-1	130
1	-1	150
0	-1	150
0	25	151
0	21	150
1	-1	149
0	-1	150
0	11	150
1	-1	150
0	20	150
0	18	150
0	33	150
0	14	138
1	33	149
1	17	150
0	-1	150
0	12	148
0	-1	147
0	15	149
2	-1	150
0	23	150
0	23	149
1	16	150
0	17	150
0	12	147
0	-1	149
0	-1	151
0	15	145
0	10	150
1	14	150
2	-1	125
0	13	149
0	17	150
0	-1	148
0	-1	141
0	7	149
0	18	147
0	-1	146
0	-1	149
1	-1	149
2	14	150
0	15	151
0	-1	150
2	14	150
1	13	151
0	11	150
0	-1	151
0	19	151
0	15	137
0	-1	150
0	16	151
1	14	148
1	16	151
0	12	151
0	10	146
0	12	148
2	16	151
0	15	138
0	-1	150
0	14	148
0	19	150
0	13	150
0	-1	149
0	-1	151
0	-1	149
0	17	151
1	11	151
0	11	150
0	16	136
0	3	151
0	13	150
0	16	139
1	-1	138
1	12	146
0	18	150
1	-1	100
0	-1	151
1	17	150
0	29	146
1	-1	147
0	11	136
1	23	150
0	15	148
2	15	144
0	23	127
0	-1	150
1	-1	150
0	19	151
0	16	149
1	-1	149
0	-1	150
0	20	150
1	11	147
1	13	150
0	-1	137
0	19	148
1	-1	150
0	-1	146
0	13	150
1	18	145
0	10	150
0	14	149
0	11	150
0	13	150
0	10	150
0	14	147
0	17	133
1	-1	117
0	-1	150
2	14	151
0	17	149
0	-1	123
0	-1	137
1	17	150
0	20	147
0	14	140
0	16	150
0	14	147
0	-1	150
1	-1	145
0	12	150
1	18	148
0	12	146
1	-1	106
0	22	150
1	-1	149
0	-1	150
0	17	133
0	11	150
0	-1	149
0	10	130
0	7	150
1	13	147
0	11	128
2	10	129
0	20	151
1	-1	151
0	-1	107
0	-1	146
0	11	144
1	17	147
1	-1	150
1	15	147
1	-1	151
1	-1	140
0	-1	151
0	13	147
1	-1	151
1	-1	150
0	15	150
0	30	149
1	24	151
0	14	135
0	24	150
0	14	140
0	5	97
1	9	147
0	23	148
0	11	149
0	12	151
0	19	150
1	15	149
0	-1	149
0	30	150
0	16	147
0	15	150
1	-1	149
1	19	150
0	8	150
0	-1	148
0	15	128
0	15	150
1	-1	150
0	-1	147
2	-1	150
0	20	150
1	-1	150
0	12	149
0	14	150
1	12	145
0	8	136
1	-1	149
0	-1	150
0	15	150
1	18	149
1	11	145
0	17	100
0	-1	149
0	17	144
0	-1	150
0	23	150
0	-1	149
0	12	150
0	22	150
0	-1	151
0	-1	149
0	-1	150
2	15	148
1	-1	150
0	12	148
0	-1	147
1	-1	150
0	18	151
1	19	150
0	18	150
0	8	145
1	-1	142
0	19	144
0	-1	150
0	11	150
1	12	147
0	28	151
0	13	148
0	11	150
1	32	147
0	23	149
0	-1	151
0	-1	149
0	22	150
1	13	150
1	-1	141
0	-1	150
0	13	150
0	21	146
1	12	149
1	13	150
0	23	147
0	16	149
0	13	148
1	19	149
0	45	150
0	13	111
1	-1	150
0	16	150
0	17	150
0	-1	150
0	-1	151
0	18	140
0	19	148
0	12	77
0	17	150
0	-1	143
0	14	139
0	11	106
2	14	151
1	17	150
0	14	146
0	-1	147
0	11	145
0	16	146
1	-1	150
0	17	150
1	16	149
0	16	150
0	23	150
0	17	147
1	-1	148
0	21	151
0	20	151
2	-1	150
1	14	150
1	11	150
0	17	150
1	-1	147
0	15	150
0	23	147
0	17	150
0	18	150
1	19	151
1	17	150
2	14	150
0	27	150
0	-1	150
1	-1	149
0	13	150
0	21	150
1	25	149
0	18	149
0	9	81
0	9	124
0	25	145
0	10	142
0	19	150
0	17	150
0	-1	149
0	15	145
0	7	129
0	10	99
0	18	150
1	11	151
1	-1	148
1	-1	141
2	18	127
0	14	150
0	16	151
2	-1	150
1	-1	150
0	14	149
0	22	146
0	19	150
0	-1	150
1	14	131
1	-1	143
0	22	150
0	11	149
0	25	150
1	14	149
0	8	67
0	10	151
2	38	149
0	20	151
1	-1	150
0	10	147
0	16	126
0	18	150
0	-1	151
0	20	137
0	34	151
1	-1	148
0	-1	148
0	-1	145
4	18	150
1	-1	149
0	-1	145
0	22	144
0	11	113
0	15	150
0	13	151
0	-1	150
0	11	150
0	10	150
0	12	148
0	-1	151
0	18	151
0	12	150
0	15	147
0	13	151
0	-1	149
0	13	132
0	-1	150
1	-1	150
0	-1	148
0	11	150
0	10	145
1	12	150
0	12	140
0	-1	151
0	12	149
1	14	146
0	13	150
0	14	150
0	19	149
0	11	150
0	-1	148
1	22	147
0	10	151
0	7	150
0	-1	151
0	36	149
0	21	150
0	14	150
0	12	148
0	11	150
1	25	150
1	17	143
0	22	149
0	9	147
0	23	149
0	10	150
0	17	150
2	21	138
0	24	150
0	-1	149
0	10	146
1	12	148
0	15	145
1	18	151
1	-1	150
0	-1	150
1	13	151
3	-1	142
0	-1	149
0	11	148
0	-1	141
0	-1	148
0	13	145
0	-1	150
0	8	130
1	6	108
0	-1	134
0	-1	122
0	36	150
0	15	151
0	16	147
1	-1	150
0	17	150
1	14	148
0	-1	150
1	-1	150
0	-1	149
0	17	150
0	16	146
0	-1	134
1	-1	149
0	-1	143
2	19	150
0	-1	149
1	-1	150
0	22	149
0	-1	150
0	-1	150
0	13	150
0	17	150
0	-1	143
0	15	150
0	-1	125
1	-1	150
0	14	150
0	14	148
0	12	150
0	13	150
0	-1	148
1	-1	151
0	21	145
0	11	150
0	12	150
1	-1	150
0	18	150
0	15	150
0	19	150
0	-1	149
0	-1	139
2	18	150
0	16	151
0	26	150
2	18	148
0	16	150
0	25	150
0	-1	150
3	14	150
0	11	126
2	20	146
0	15	150
0	21	150
1	15	150
1	18	150
0	25	150
0	16	151
0	-1	151
0	16	149
0	-1	150
0	14	149
0	10	145
1	27	148
0	29	139
1	15	149
0	14	150
2	13	145
0	21	144
0	-1	147
0	15	124
0	-1	151
0	-1	150
0	29	149
0	-1	143
1	-1	147
0	11	149
0	-1	150
1	-1	150
0	33	150
0	21	150
1	34	150
2	-1	150
0	18	136
0	-1	149
1	24	133
0	-1	149
0	-1	150
1	-1	151
0	-1	140
0	33	150
0	-1	150
1	14	146
1	23	149
0	21	150
1	20	149
1	-1	150
2	16	149
0	14	150
0	-1	150
0	-1	138
0	-1	150
0	13	150
0	12	150
0	15	150
0	-1	144
0	13	150
0	-1	150
0	12	142
0	11	145
1	18	150
1	19	151
0	12	149
0	23	150
0	13	148
0	-1	150
0	21	150
0	-1	150
1	20	150
1	17	148
0	20	150
5	15	150
0	10	147
0	16	150
0	-1	151
0	-1	150
0	10	68
0	-1	150
0	-1	143
0	-1	150
0	-1	150
0	10	150
0	-1	150
0	-1	150
1	-1	150
2	-1	151
1	-1	148
1	-1	150
0	16	150
1	-1	150
0	17	150
1	-1	150
0	11	116
0	19	145
0	16	142
0	-1	150
0	17	151
0	12	149
0	21	150
0	14	150
0	14	151
0	-1	150
0	14	149
0	-1	148
1	21	150
0	17	145
0	19	150
0	20	149
0	25	139
0	21	150
1	21	147
0	14	150
0	-1	143
0	17	150
0	12	115
0	13	147
1	-1	134
0	-1	149
1	30	149
0	29	151
0	14	150
0	19	150
0	16	150
0	-1	151
0	-1	150
0	18	150
1	16	150
0	19	148
1	24	149
0	-1	148
0	24	149
0	12	125
0	-1	150
2	-1	148
0	9	149
0	16	81
1	8	151
1	12	149
0	15	150
0	-1	149
0	27	148
0	-1	150
3	20	150
1	42	150
0	-1	150
0	-1	149
0	15	150
0	-1	150
0	11	141
0	20	151
0	41	148
0	16	150
0	13	149
0	22	150
1	17	148
2	12	150
4	-1	151
2	-1	141
0	-1	151
0	18	150
0	-1	124
0	-1	150
0	15	150
0	15	151
0	10	128
1	36	150
1	-1	150
0	15	150
0	11	150
1	-1	150
2	-1	148
1	39	143
1	16	151
0	-1	150
0	15	149
1	-1	104
0	17	149
0	5	117
0	-1	150
0	-1	150
0	20	150
0	-1	148
2	-1	150
0	18	150
2	21	150
1	9	145
0	14	150
1	-1	150
0	15	150
1	18	145
1	14	142
0	12	149
2	-1	150
1	11	127
3	-1	142
0	-1	150
0	-1	133
0	19	150
1	-1	150
0	13	138
0	17	150
1	16	151
1	24	151
0	23	150
0	17	144
1	21	148
1	-1	150
2	-1	151
1	-1	147
0	20	150
1	23	150
1	24	150
0	-1	146
1	15	151
1	14	149
0	21	150
0	12	150
3	21	145
0	-1	149
0	35	150
2	-1	145
0	-1	151
1	-1	149
1	12	116
0	15	150
0	-1	151
1	16	150
1	11	148
1	17	150
5	19	151
2	17	150
1	-1	151
0	13	150
0	12	149
0	21	150
0	18	145
0	-1	149
0	15	150
0	8	151
0	-1	150
0	11	150
1	-1	150
0	8	145
0	13	137
1	-1	150
0	15	150
0	-1	150
1	18	133
0	12	150
1	12	150
0	15	151
0	13	150
1	-1	150
1	-1	150
1	-1	151
0	11	150
0	-1	145
0	-1	151
1	-1	150
0	31	149
0	33	151
0	18	151
0	12	148
1	-1	150
0	13	149
0	13	111
0	19	143
0	17	145
0	5	146
3	15	150
0	10	150
0	-1	150
0	17	139
1	12	150
0	15	144
0	-1	150
0	31	150
1	-1	150
0	-1	150
0	26	117
1	-1	149
0	12	149
0	28	148
0	13	145
1	-1	150
1	9	150
0	13	146
2	-1	150
2	-1	149
1	15	119
0	19	125
1	17	150
0	23	151
0	17	151
0	19	150
0	-1	146
1	13	149
1	-1	145
0	11	149
0	15	150
0	-1	147
2	15	150
3	26	141
0	-1	139
0	15	150
0	-1	149
0	18	150
0	15	149
0	19	150
1	-1	147
0	14	149
0	-1	150
0	15	150
0	-1	146
0	20	150
0	-1	148
2	16	150
1	16	150
1	-1	150
0	19	149
1	20	150
0	17	150
2	-1	145
1	21	134
1	-1	149
1	32	150
0	15	143
0	22	150
1	-1	149
0	14	107
1	-1	150
0	21	151
1	-1	150
0	22	150
0	11	149
1	16	150
0	14	150
1	10	146
2	-1	150
0	15	148
0	17	124
0	20	151
1	15	150
0	18	150
0	10	137
1	15	150
0	-1	150
1	20	146
0	-1	149
0	19	150
1	-1	150
0	-1	150
0	-1	148
0	-1	151
0	12	117
0	17	148
1	-1	149
0	11	150
1	14	149
0	-1	150
1	19	150
0	9	149
0	24	118
0	-1	137
0	23	138
0	18	149
1	29	149
0	16	119
0	-1	150
2	22	150
0	-1	149
0	-1	151
0	8	118
0	13	150
2	-1	150
0	-1	150
0	17	142
1	9	145
0	20	146
0	18	136
1	-1	150
0	-1	150
1	17	151
0	14	148
1	20	151
0	10	151
1	38	149
0	-1	145
0	11	149
0	17	150
0	18	150
2	-1	149
0	18	145
0	22	151
0	-1	149
0	-1	149
1	18	131
0	17	150
1	-1	140
0	16	150
0	-1	150
0	-1	149
1	21	150
0	-1	150
1	-1	149
1	-1	150
0	15	139
1	-1	150
1	-1	132
0	-1	150
0	-1	150
0	-1	141
1	13	150
1	18	151
0	30	151
0	19	137
1	15	139
0	32	150
1	17	150
0	22	151
0	20	149
0	10	150
0	-1	149
0	-1	150
0	-1	149
0	11	149
0	14	150
0	-1	150
0	15	139
0	13	145
0	13	149
0	20	150
0	10	150
0	-1	150
0	-1	147
0	-1	151
1	-1	150
0	-1	150
0	16	150
0	13	146
1	14	150
0	17	150
1	10	151
0	-1	150
0	22	150
1	19	149
0	-1	150
0	-1	149
0	18	150
2	17	150
1	17	151
1	-1	144
0	19	133
0	-1	150
3	-1	151
0	19	150
0	16	148
0	19	148
0	15	150
1	12	150
1	9	145
0	-1	144
0	7	92
0	18	149
1	-1	147
0	13	149
0	31	151
0	17	148
1	-1	151
0	22	150
0	14	150
1	14	140
1	-1	150
0	10	148
1	15	150
0	16	147
0	-1	150
0	13	149
2	16	151
1	16	151
1	15	150
0	21	150
1	17	151
0	-1	142
0	15	151
0	20	149
0	35	150
0	15	150
1	-1	150
0	19	150
1	-1	149
1	-1	150
1	37	148
1	22	142
0	-1	143
1	11	150
0	24	150
0	16	150
1	19	150
0	17	147
0	10	148
0	-1	149
2	14	150
0	18	145
0	12	143
0	23	151
0	36	150
0	9	147
0	13	123
1	-1	151
2	20	140
0	-1	149
0	-1	149
0	15	149
0	8	150
0	9	149
1	-1	148
0	13	151
0	16	149
1	-1	150
0	11	151
1	11	150
1	-1	148
0	18	150
0	16	150
0	17	150
0	22	150
2	-1	148
0	14	147
0	-1	150
0	19	148
0	22	149
0	18	146
9	27	151
0	12	150
1	13	149
2	-1	149
1	35	147
0	4	67
0	-1	151
0	8	151
0	14	148
0	10	150
1	16	134
1	22	150
0	13	151
1	28	150
0	17	150
0	18	150
0	13	145
0	17	149
1	-1	150
0	-1	150
0	32	150
0	9	140
0	11	145
0	13	148
1	-1	150
0	13	150
1	17	150
0	-1	148
1	-1	150
0	11	81
0	19	150
0	15	150
0	14	150
0	14	147
0	15	149
0	20	131
0	20	150
0	-1	129
0	-1	150
0	18	142
0	-1	148
1	-1	150
0	-1	150
0	-1	147
0	9	150
0	-1	146
1	14	145
0	-1	140
0	16	148
0	17	146
0	-1	150
1	-1	149
2	-1	149
1	-1	134
2	21	151
1	-1	149
0	9	150
1	23	147
0	-1	150
0	-1	146
0	-1	150
0	13	150
0	15	132
0	18	142
0	11	129
0	16	148
0	13	150
0	18	120
1	25	150
0	20	144
0	15	150
0	16	150
0	-1	150
0	-1	150
1	-1	148
0	-1	147
1	-1	148
0	-1	123
0	-1	151
0	18	150
0	21	145
0	14	147
1	21	148
0	21	151
2	-1	122
0	-1	150
0	-1	151
0	18	138
1	22	136
1	17	150
1	25	146
0	-1	149
0	10	150
1	17	150
1	-1	146
0	15	150
0	-1	150
1	14	150
0	28	150
0	22	135
1	21	150
0	17	150
0	24	150
0	15	150
0	14	150
1	12	143
1	-1	148
0	-1	149
0	18	151
0	-1	150
0	11	141
1	-1	150
0	25	148
0	13	150
0	14	146
0	-1	150
1	34	146
1	-1	148
0	20	150
0	16	149
0	-1	150
1	8	148
0	16	146
1	13	151
0	11	150
0	-1	150
1	33	148
0	-1	150
0	17	143
0	20	149
0	19	149
0	-1	148
0	9	147
0	-1	150
0	13	150
0	-1	150
0	37	149
0	-1	150
0	-1	149
0	-1	147
0	13	150
0	14	147
0	17	148
0	11	149
1	18	150
0	-1	151
0	9	144
0	-1	147
0	-1	147
1	20	147
0	12	144
0	20	150
2	-1	151
0	-1	151
0	17	143
0	19	136
0	-1	147
0	17	151
0	-1	150
0	7	151
0	-1	150
1	4	93
2	-1	150
0	42	149
0	-1	148
0	-1	147
0	13	150
0	14	150
0	26	149
0	14	150
1	-1	149
0	35	150
0	14	98
1	-1	150
0	18	142
0	19	150
0	-1	150
0	13	147
0	21	142
0	20	151
0	-1	150
0	-1	141
0	20	150
0	19	149
0	17	149
1	-1	150
0	12	150
0	-1	148
0	35	142
0	13	150
0	18	150
0	13	128
0	22	150
1	-1	149
0	-1	151
1	18	150
0	20	145
0	16	139
1	18	151
0	20	150
1	-1	151
0	-1	150
0	18	150
1	-1	148
19	18	149
0	16	149
0	10	150
0	-1	143
1	14	150
0	18	150
0	-1	150
1	34	148
1	15	150
0	16	120
2	-1	150
1	-1	146
1	15	150
1	-1	150
0	21	150
2	14	150
0	-1	151
1	-1	143
0	-1	150
2	-1	124
0	15	147
2	-1	149
0	19	150
1	12	150
1	19	150
0	17	148
0	16	129
1	20	151
0	15	148
0	15	150
0	18	150
2	20	151
0	14	147
0	15	150
0	17	150
1	21	149
0	14	83
0	16	151
1	11	151
1	15	150
1	22	150
1	23	150
0	10	137
1	-1	149
0	-1	148
0	-1	149
1	-1	150
0	20	148
1	20	150
0	-1	149
0	11	147
1	27	149
0	-1	151
0	-1	150
0	-1	150
0	-1	150
0	18	150
0	23	149
0	20	150
0	20	150
1	16	150
0	-1	149
0	-1	150
0	35	150
0	15	150
0	-1	130
1	14	147
1	-1	146
0	14	149
1	15	151
0	20	150
1	15	151
0	-1	151
0	-1	149
2	-1	149
0	18	137
4	19	150
1	-1	141
0	21	150
0	23	150
0	20	150
0	21	144
0	10	148
0	15	151
0	-1	150
1	-1	146
0	41	150
0	17	151
1	-1	150
0	14	150
0	20	151
0	17	124
0	-1	150
0	-1	147
1	15	147
1	42	150
1	-1	148
1	-1	130
1	13	146
0	-1	150
0	-1	148
0	-1	147
0	-1	150
0	12	149
0	-1	143
0	16	146
0	12	150
1	-1	147
3	11	150
0	-1	145
1	13	148
0	-1	130
1	23	150
0	18	151
0	-1	150
0	12	149
0	9	150
0	-1	150
0	11	150
0	12	150
0	26	150
1	20	151
0	16	151
1	-1	150
0	14	150
0	-1	151
0	-1	148
1	-1	150
0	-1	146
0	-1	150
0	15	151
0	26	150
0	20	150
0	15	148
0	-1	150
0	39	150
2	-1	149
0	20	151
0	25	147
0	10	140
1	-1	150
0	13	150
1	10	107
1	35	150
0	17	146
1	-1	143
0	13	150
0	-1	149
0	14	149
3	-1	150
0	18	151
0	4	150
0	13	150
1	-1	150
0	-1	151
0	15	124
0	10	149
1	-1	150
1	-1	150
0	-1	151
1	-1	148
0	-1	150
0	-1	150
1	17	149
0	12	150
0	17	150
0	-1	150
0	15	151
0	-1	150
0	14	151
0	15	150
1	11	150
0	19	149
0	16	146
0	-1	150
0	13	150
1	-1	150
0	8	136
0	-1	149
1	-1	151
2	23	144
0	7	147
1	12	124
0	11	66
1	22	151
0	20	150
0	23	149
0	20	150
0	15	149
0	17	150
0	-1	151
0	38	150
1	16	90
0	9	150
0	20	150
0	9	150
2	22	147
1	-1	148
1	-1	150
5	-1	150
0	15	138
1	-1	145
1	-1	146
0	13	150
1	25	150
0	19	149
0	18	149
1	34	150
1	21	151
1	16	150
0	18	149
0	-1	131
0	-1	145
0	18	149
0	13	150
1	-1	149
0	13	150
0	19	151
0	-1	140
0	35	150
2	-1	151
0	15	147
1	18	150
0	11	150
0	23	139
0	-1	150
0	-1	147
0	20	146
0	18	151
0	10	150
2	-1	131
0	38	133
1	-1	149
0	10	150
0	20	143
0	19	147
1	-1	145
0	17	150
0	-1	150
0	-1	149
0	22	150
0	17	150
1	-1	147
2	16	149
0	12	108
0	28	131
2	11	146
0	17	150
1	-1	150
0	20	150
0	19	149
1	24	150
0	-1	149
1	-1	147
0	-1	135
1	15	133
0	18	144
2	12	150
0	-1	151
0	19	150
0	-1	150
1	22	150
0	20	149
0	15	122
0	22	150
0	14	143
1	22	151
0	28	150
0	15	140
1	-1	81
0	-1	124
0	-1	116
0	10	150
0	-1	150
0	15	128
0	-1	150
1	-1	151
0	11	150
37	39	111
0	1	106
0	-1	149
0	19	145
0	21	151
0	15	145
0	11	149
0	13	129
1	-1	151
0	-1	151
0	14	151
2	-1	150
0	22	151
0	-1	150
0	18	150
1	29	109
0	27	149
1	19	149
0	-1	150
0	13	151
0	15	150
2	-1	148
0	22	150
0	15	148
0	13	150
0	-1	143
1	40	150
0	-1	146
0	-1	149
0	-1	148
1	13	150
0	20	150
0	-1	139
0	-1	148
0	19	150
0	16	150
0	10	149
0	-1	149
3	-1	149
0	12	149
0	-1	148
0	-1	150
0	7	151
2	19	149
1	-1	141
0	10	115
0	13	150
0	-1	149
2	10	150
0	9	131
0	12	150
0	7	99
0	-1	144
0	22	144
0	18	150
0	8	150
1	-1	150
0	-1	145
0	22	146
0	8	103
2	16	149
0	21	149
0	-1	143
1	-1	147
0	-1	139
1	17	148
2	37	150
0	14	150
0	-1	150
0	-1	148
0	-1	149
0	15	150
0	13	150
0	14	148
0	21	149
1	17	150
0	-1	147
0	-1	149
0	12	147
0	-1	150
0	15	150
1	15	150
0	18	150
0	17	150
0	16	151
0	16	150
1	-1	145
0	14	151
1	18	131
1	-1	131
1	15	150
0	21	151
0	12	150
0	9	147
0	14	150
1	13	115
0	13	149
0	23	143
0	16	150
1	21	150
0	-1	149
0	-1	150
0	22	144
0	14	150
0	14	136
0	-1	150
1	18	148
0	-1	142
1	10	146
0	-1	149
0	15	150
0	5	150
0	1	97
0	2	149
1	15	150
0	-1	145
0	18	148
0	14	148
1	-1	150
0	46	150
0	12	151
0	18	149
1	20	147
0	24	117
0	11	149
0	17	150
0	12	150
1	13	150
1	20	150
0	12	149
1	39	151
2	21	151
0	17	149
0	-1	144
0	8	150
0	16	142
0	-1	150
2	30	148
1	-1	149
0	2	150
0	14	148
1	-1	147
0	-1	140
1	-1	145
1	23	132
0	7	138
0	5	93
0	34	151
2	15	147
0	14	149
0	11	150
0	13	149
0	16	150
0	40	137
0	19	150
0	-1	150
0	-1	147
0	26	147
1	-1	149
1	-1	148
0	14	150
0	26	150
1	15	140
1	-1	148
0	-1	134
0	3	62
0	9	149
1	24	145
0	24	150
1	-1	151
1	-1	149
0	-1	143
0	-1	151
0	19	145
0	15	148
0	40	146
0	-1	145
1	-1	136
0	-1	148
0	31	150
1	-1	150
0	-1	151
1	18	150
0	-1	149
0	-1	134
0	26	149
0	-1	150
0	18	150
1	8	138
0	-1	145
1	23	150
0	14	148
1	-1	150
2	7	78
0	18	123
2	-1	151
0	17	146
0	17	150
2	-1	150
2	-1	134
0	12	151
0	25	144
0	10	138
2	-1	144
1	11	146
0	-1	148
0	16	149
0	19	150
1	-1	151
1	9	85
1	14	150
1	-1	149
1	-1	147
0	16	142
1	16	132
1	21	134
1	-1	149
0	13	150
0	14	150
0	12	150
0	17	150
1	3	143
0	-1	132
0	10	126
0	3	149
0	12	124
1	16	148
1	13	150
1	15	150
0	13	149
0	17	144
0	11	149
1	5	71
0	-1	149
2	-1	148
2	-1	150
0	19	139
1	13	151
2	-1	150
0	12	90
2	14	146
0	14	125
1	13	150
0	18	139
0	26	148
0	-1	146
2	19	151
0	16	134
0	13	151
0	47	149
0	11	150
0	22	151
3	-1	145
0	12	145
0	25	150
0	33	151
0	12	150
0	17	150
1	12	150
0	6	120
0	17	147
0	11	150
0	16	151
1	-1	149
0	11	147
1	-1	132
0	-1	146
2	12	150
1	-1	148
0	18	137
0	17	151
0	18	150
0	-1	151
0	18	131
0	10	150
0	-1	150
0	14	148
0	12	147
0	48	150
0	17	150
0	7	149
0	24	147
0	19	104
1	14	150
0	-1	128
1	-1	150
0	22	150
0	6	145
0	-1	149
0	13	120
0	34	150
0	20	151
1	-1	149
0	32	150
1	17	150
0	17	150
0	-1	148
0	22	151
0	-1	151
0	-1	150
0	-1	135
1	-1	149
0	-1	150
0	13	150
1	-1	101
0	17	150
0	-1	149
1	21	150
0	39	142
0	-1	150
0	24	149
1	12	146
0	-1	147
0	19	150
0	16	112
0	11	115
0	12	149
2	19	150
2	15	140
0	21	150
0	18	150
1	19	150
0	13	150
0	10	150
0	-1	150
0	8	150
0	18	147
1	15	147
1	12	150
0	13	149
0	-1	114
1	25	150
3	17	149
0	19	150
0	20	149
0	34	150
1	13	150
0	13	138
0	16	147
1	17	150
3	21	150
0	14	145
0	12	149
1	-1	150
0	23	150
2	-1	149
1	-1	150
0	17	150
0	-1	150
2	37	146
0	-1	149
1	15	150
0	20	144
3	20	150
1	-1	130
0	17	150
0	17	149
0	5	148
0	2	145
1	22	150
0	15	150
0	11	116
0	-1	133
0	14	150
0	14	140
0	-1	149
1	18	137
0	12	148
0	20	148
0	16	148
1	-1	139
0	16	133
0	35	151
1	20	150
0	15	150
0	14	145
0	14	123
0	-1	149
0	-1	138
1	-1	148
1	-1	147
2	31	147
1	-1	150
0	37	151
1	-1	150
1	29	149
0	12	150
1	-1	150
1	13	150
0	9	101
0	14	150
1	16	141
0	-1	145
0	11	137
1	14	150
0	19	147
0	18	149
0	14	148
1	10	142
0	-1	150
1	31	150
0	13	126
0	19	149
0	11	150
0	-1	143
0	20	147
0	20	150
0	-1	150
0	17	148
0	15	150
0	17	150
1	-1	150
2	20	148
0	16	125
0	16	129
1	12	146
0	13	138
0	-1	146
1	-1	114
0	17	137
0	25	150
1	43	150
0	-1	150
1	-1	150
0	-1	148
0	-1	149
1	-1	133
2	23	150
0	14	133
0	44	150
1	20	150
0	14	149
0	-1	151
0	10	140
0	18	146
0	17	149
0	18	150
0	-1	150
3	15	148
0	-1	151
1	-1	141
1	20	150
0	11	138
0	20	150
0	21	149
0	21	150
1	-1	150
0	15	146
1	-1	146
1	-1	148
0	20	139
0	18	151
0	15	150
1	17	151
0	18	150
0	-1	148
0	-1	150
0	30	150
0	6	124
0	13	105
2	45	151
0	21	149
1	7	148
2	-1	150
0	19	150
0	14	145
1	22	149
0	13	150
1	-1	150
0	15	114
0	20	145
0	11	149
0	18	140
0	-1	151
0	13	150
0	15	148
0	12	151
1	15	151
0	-1	151
0	-1	150
0	-1	145
0	19	150
0	9	92
2	15	150
1	15	150
1	19	142
0	15	134
0	13	137
0	-1	148
1	-1	150
1	13	146
1	23	150
0	10	146
0	16	149
1	12	140
2	22	151
0	14	125
0	16	150
0	13	150
1	14	149
0	25	150
0	-1	151
0	40	144
0	-1	150
2	17	149
1	-1	149
1	12	149
1	17	150
1	-1	150
0	22	150
0	17	150
1	-1	150
0	14	147
1	13	149
1	-1	150
0	-1	149
0	-1	150
1	15	151
0	20	146
1	12	149
2	18	150
0	17	145
1	-1	149
0	-1	150
0	12	136
1	19	127
1	13	151
0	-1	150
1	16	151
0	36	151
0	20	150
0	-1	149
3	-1	148
0	-1	150
0	15	150
0	-1	149
0	17	151
0	16	150
0	15	147
1	24	149
0	-1	135
0	-1	150
0	21	150
0	15	150
0	-1	150
0	-1	150
0	16	122
0	-1	149
0	-1	145
0	-1	148
1	12	150
0	-1	149
0	-1	151
0	15	150
1	-1	149
0	14	142
1	21	150
1	-1	147
0	11	150
2	-1	150
0	-1	150
0	-1	136
1	19	150
0	-1	148
1	44	147
0	-1	150
0	12	148
0	13	147
1	12	150
0	12	150
0	12	150
0	-1	150
1	11	150
1	21	150
0	-1	149
0	-1	147
1	12	150
0	9	151
1	18	149
0	-1	151
0	14	147
0	9	139
1	-1	121
1	-1	150
0	21	150
0	-1	149
0	-1	148
0	-1	142
1	-1	150
0	18	151
0	17	150
0	10	134
0	8	149
0	-1	147
0	-1	136
0	-1	146
0	17	150
2	22	151
0	9	151
0	-1	150
2	19	147
1	-1	151
1	-1	150
1	16	150
0	32	150
0	6	151
1	-1	150
0	-1	150
0	-1	150
0	29	150
0	19	150
1	-1	150
0	12	150
0	13	149
0	-1	150
0	9	141
1	-1	150
0	18	127
1	-1	150
0	-1	150
36	41	149
0	12	92
1	-1	149
1	25	150
0	19	132
0	14	150
0	14	150
0	16	148
0	17	149
1	17	139
2	20	150
0	17	150
0	15	143
1	-1	147
1	20	149
3	13	115
0	-1	148
0	25	150
1	-1	149
1	11	150
0	40	149
0	-1	151
0	13	150
2	23	147
0	-1	150
0	13	150
1	13	151
1	29	151
0	11	143
0	-1	148
0	11	151
0	-1	149
0	32	149
1	-1	150
0	20	150
1	-1	149
0	16	150
1	18	150
0	17	151
0	-1	151
1	16	143
0	-1	150
3	23	149
0	-1	150
0	13	149
0	9	150
1	-1	146
0	17	148
1	-1	150
0	18	151
0	15	145
0	-1	131
0	-1	150
0	21	149
0	22	150
1	14	150
0	-1	122
0	17	150
1	14	147
1	19	150
1	18	150
0	16	150
0	30	143
0	17	150
0	-1	134
0	-1	136
0	-1	147
0	20	150
0	24	150
0	40	150
0	22	151
0	-1	140
1	15	148
0	14	150
0	9	150
0	-1	150
0	7	118
3	17	150
1	-1	151
0	17	149
0	25	150
0	16	142
0	28	151
0	14	141
0	13	150
2	11	128
0	-1	147
0	23	150
1	21	149
0	15	148
4	-1	129
1	-1	143
0	17	148
0	-1	151
1	11	138
0	17	145
0	-1	146
0	-1	150
0	15	150
0	13	151
0	31	146
1	17	150
1	9	150
0	42	148
1	-1	146
0	32	151
0	-1	148
0	9	149
0	21	137
1	21	151
0	-1	148
1	33	140
0	16	150
1	-1	151
0	-1	150
0	14	150
0	25	150
0	36	147
0	6	150
1	16	150
1	24	149
1	14	136
0	-1	151
0	-1	150
0	-1	148
0	19	150
0	-1	150
2	-1	125
1	19	149
0	19	150
1	13	146
1	-1	150
1	16	150
0	19	150
0	-1	150
0	-1	148
0	17	146
0	12	150
1	15	148
0	-1	150
1	18	150
0	11	150
0	-1	150
0	-1	151
0	15	150
0	14	147
1	9	93
0	40	150
0	7	121
0	19	148
0	-1	143
0	18	149
0	-1	148
1	13	150
0	-1	151
1	-1	149
0	32	147
0	13	149
1	16	151
1	19	142
0	-1	125
1	-1	150
0	18	125
0	20	145
1	-1	150
0	22	149
0	16	145
1	24	142
0	7	149
0	-1	147
1	-1	149
0	-1	146
0	18	150
1	19	148
0	11	150
0	12	151
0	14	144
0	18	151
0	-1	151
1	16	150
0	14	150
0	-1	151
1	15	148
0	19	149
0	15	118
1	32	150
0	27	150
0	-1	145
0	14	150
0	-1	149
1	18	151
0	18	151
0	20	151
0	-1	150
0	-1	133
0	11	137
0	-1	148
0	-1	150
5	19	143
0	-1	148
2	-1	147
0	-1	150
0	19	150
0	13	149
0	-1	150
0	11	150
0	13	136
1	11	150
1	9	75
0	16	122
37	40	120
0	20	151
0	9	150
0	16	150
1	19	150
0	16	151
1	13	147
0	18	149
0	-1	121
0	-1	150
0	12	150
0	22	145
1	20	148
0	19	150
0	30	151
1	-1	150
1	-1	149
0	12	149
0	14	150
0	-1	120
0	-1	150
0	14	148
0	21	146
0	-1	140
0	-1	150
0	12	122
3	14	148
0	13	150
0	-1	140
2	29	151
0	9	64
0	13	145
1	-1	148
0	7	148
0	9	150
0	15	149
0	-1	149
2	19	151
0	17	126
0	-1	149
0	-1	150
0	22	149
0	14	150
1	18	133
0	19	150
0	26	147
0	35	150
0	13	150
0	14	147
0	-1	110
0	14	150
1	-1	149
0	-1	150
1	20	149
0	38	151
1	13	148
0	16	149
0	16	151
0	-1	150
2	22	133
0	-1	150
1	40	150
0	13	150
0	21	151
1	21	151
1	18	151
0	19	150
0	-1	150
0	12	150
0	-1	150
0	-1	143
0	40	149
0	11	112
0	-1	151
0	-1	146
1	-1	145
2	25	140
2	38	150
0	17	151
1	-1	130
2	13	149
1	19	151
0	16	150
0	13	150
0	-1	140
0	22	150
1	13	150
0	-1	147
0	11	120
0	18	150
2	-1	145
1	8	148
0	10	146
0	14	108
0	17	150
1	43	151
0	-1	143
0	-1	143
0	20	125
0	19	151
0	-1	150
3	-1	84
3	13	148
0	12	151
1	18	143
0	14	150
0	16	151
1	-1	150
2	16	151
0	-1	138
0	-1	147
1	10	137
0	20	151
2	-1	140
0	-1	149
0	16	150
1	1	88
0	19	138
0	12	151
0	-1	148
0	9	123
0	14	150
0	17	148
1	-1	146
0	8	146
0	-1	149
0	21	149
2	-1	151
1	13	126
0	-1	151
0	17	150
0	18	103
1	9	140
0	12	148
0	-1	150
0	17	151
0	12	149
0	18	150
1	-1	149
0	-1	150
1	-1	150
1	-1	142
1	7	96
0	15	150
0	-1	150
0	20	147
0	16	105
0	11	129
0	11	147
1	28	150
1	23	127
0	-1	117
1	33	150
0	18	150
0	-1	149
0	35	134
0	13	134
0	11	133
0	-1	149
0	24	146
0	23	151
0	21	147
0	14	150
1	13	150
0	10	116
1	-1	145
0	20	150
2	-1	149
0	15	143
0	16	150
1	40	151
0	14	151
0	13	147
0	19	150
0	21	149
0	-1	150
0	-1	147
1	19	150
0	16	151
1	16	151
0	-1	116
1	22	143
2	37	150
0	16	150
0	-1	148
0	42	151
1	26	151
1	21	146
1	18	132
0	18	151
0	-1	150
0	17	140
0	23	151
0	14	148
1	16	149
0	-1	150
0	5	148
0	13	151
0	19	150
0	21	150
1	-1	149
0	-1	150
0	-1	147
0	-1	150
1	37	150
0	20	150
0	18	147
1	-1	135
0	9	130
0	-1	150
0	-1	150
1	-1	150
0	11	145
0	17	149
1	11	124
0	20	134
0	26	142
0	-1	149
1	-1	150
0	18	135
2	-1	147
0	16	146
1	21	132
0	17	150
1	46	151
0	17	147
0	21	150
0	23	146
0	-1	150
0	13	150
0	-1	151
0	22	151
0	16	151
0	15	150
0	17	150
2	21	150
0	11	149
0	-1	124
0	-1	148
1	12	142
0	-1	151
0	16	149
1	25	150
0	15	149
2	42	151
0	18	150
0	39	150
0	-1	147
0	18	149
1	-1	137
0	-1	148
1	45	146
1	15	150
0	23	150
0	-1	146
0	10	150
0	-1	137
2	-1	150
0	-1	149
0	19	142
0	27	151
0	16	150
0	17	151
0	17	149
0	-1	151
0	12	150
0	-1	145
0	10	147
0	11	147
0	18	137
0	22	150
0	13	150
2	13	149
1	17	149
0	24	145
1	-1	150
0	18	150
0	12	149
0	12	149
1	19	150
1	-1	147
1	16	151
1	-1	141
0	13	151
0	15	150
2	11	139
0	9	150
0	16	120
0	12	142
0	15	150
2	-1	148
0	15	149
0	12	150
1	14	141
0	-1	150
1	-1	149
1	20	147
0	17	146
0	-1	99
0	20	150
0	-1	150
0	13	125
0	-1	150
2	-1	151
0	-1	150
0	17	151
0	16	121
0	18	149
0	-1	139
0	17	150
0	14	131
0	-1	150
1	23	150
1	14	141
0	14	150
0	38	150
1	15	150
0	14	151
1	-1	148
0	16	150
0	-1	150
0	-1	150
0	10	151
0	-1	150
0	20	150
0	11	151
0	12	145
0	-1	149
1	-1	142
1	15	150
0	31	151
0	31	151
1	-1	150
2	-1	151
2	-1	150
0	16	146
0	13	146
0	-1	145
0	12	144
1	23	150
0	19	150
0	-1	140
1	19	150
0	6	145
0	-1	149
0	-1	139
1	-1	147
0	21	151
2	-1	147
0	-1	150
1	20	150
0	-1	145
0	16	151
0	21	151
0	33	150
0	42	151
0	-1	150
1	26	150
0	18	149
1	-1	147
0	15	150
0	27	151
1	44	151
0	13	150
0	18	149
0	8	146
0	18	132
1	-1	151
0	16	150
1	18	149
0	33	150
0	-1	150
0	24	150
0	-1	140
0	-1	150
0	23	138
1	-1	151
0	-1	150
1	21	150
0	-1	150
1	17	150
1	-1	150
0	-1	150
1	-1	147
1	-1	144
1	24	150
0	27	148
2	8	144
0	17	150
1	32	151
0	-1	151
1	15	112
0	-1	133
0	14	124
0	-1	150
1	-1	147
1	16	150
0	19	146
0	11	143
0	7	150
1	17	150
0	-1	147
0	19	148
0	-1	150
0	-1	149
0	20	150
0	-1	146
0	25	150
0	13	148
0	-1	150
3	13	132
0	41	149
0	7	150
0	-1	150
0	13	132
0	15	149
0	14	150
1	11	117
0	25	150
0	-1	140
1	16	151
0	-1	140
0	21	149
2	-1	151
1	11	148
1	22	150
0	-1	146
0	-1	150
0	15	142
1	-1	150
0	18	150
2	10	147
1	12	150
2	-1	151
0	14	150
1	16	146
1	14	150
0	-1	150
0	17	141
2	-1	118
2	-1	124
1	27	149
2	-1	148
0	-1	136
1	19	148
1	-1	149
0	11	150
3	22	151
1	30	149
1	17	151
0	-1	143
0	17	149
0	14	147
0	-1	149
1	-1	150
1	7	150
0	17	149
1	23	150
0	19	150
0	-1	149
0	-1	139
0	9	138
2	14	150
2	18	139
0	17	149
0	6	150
1	30	149
0	18	149
0	-1	148
0	-1	145
1	-1	151
1	8	142
1	-1	147
0	14	149
0	22	150
1	11	151
0	12	150
0	15	130
0	4	150
0	13	125
0	16	150
0	19	150
1	-1	147
1	-1	149
0	21	150
1	-1	148
0	11	150
0	15	147
2	-1	146
0	-1	149
0	20	150
0	12	150
0	19	151
0	13	150
1	-1	101
0	19	150
0	18	142
1	-1	150
0	11	142
3	21	150
1	14	149
0	17	140
0	17	149
0	18	150
0	14	144
0	-1	151
2	13	148
0	-1	150
0	20	151
0	-1	150
0	17	151
0	-1	150
0	21	150
0	18	149
0	22	145
0	-1	147
1	12	147
0	14	146
0	11	149
0	11	150
1	-1	150
1	41	150
0	20	149
0	17	149
0	23	150
1	-1	150
0	-1	149
0	25	135
0	24	149
0	-1	136
0	11	147
0	-1	150
1	-1	150
0	18	150
0	15	150
0	14	134
0	-1	150
2	-1	148
0	12	150
0	17	119
0	18	142
0	22	150
0	25	149
0	20	150
0	-1	119
0	14	131
0	19	147
0	-1	146
1	13	150
1	16	150
1	-1	149
1	16	150
0	-1	149
0	14	147
1	18	148
0	24	150
0	-1	124
2	9	120
0	11	151
0	13	150
0	19	143
0	-1	151
0	11	98
3	-1	148
0	8	99
1	11	138
0	11	150
0	22	151
1	-1	150
0	11	150
0	-1	148
0	13	149
0	29	150
1	14	147
0	19	151
0	17	139
1	-1	151
0	13	150
0	31	150
1	13	143
2	-1	150
1	21	150
1	10	135
0	-1	151
0	15	149
1	-1	150
0	17	150
1	-1	146
0	-1	148
0	-1	145
0	-1	149
0	13	144
1	16	142
1	18	150
0	25	150
0	16	150
1	-1	149
0	14	150
1	20	146
1	-1	150
0	27	150
1	-1	150
2	-1	150
0	20	150
1	16	139
1	37	150
1	-1	146
0	-1	151
0	14	151
1	-1	146
1	-1	150
1	-1	150
0	-1	141
0	15	150
0	14	151
1	11	131
0	16	150
0	-1	150
1	-1	138
1	11	150
0	18	151
2	-1	149
1	26	130
0	17	150
0	13	150
0	12	149
0	9	146
0	-1	119
0	11	150
0	-1	111
0	25	150
0	5	68
2	-1	142
0	15	150
0	23	150
0	13	147
0	-1	150
0	-1	148
0	-1	139
0	-1	128
1	14	139
1	21	151
0	14	151
0	18	150
1	8	150
1	12	147
2	-1	151
0	18	149
0	21	150
0	-1	150
0	-1	149
0	21	147
1	20	150
1	22	150
1	-1	150
0	22	150
1	18	145
1	12	148
1	14	150
0	-1	151
0	11	150
1	-1	150
1	14	143
0	-1	150
0	15	149
0	-1	128
0	-1	150
0	13	147
0	15	146
1	-1	132
0	-1	145
0	15	150
0	14	150
2	-1	150
0	-1	151
0	12	145
0	13	129
0	15	150
0	-1	149
0	14	149
1	14	149
0	17	149
0	18	151
0	-1	131
0	22	131
1	-1	138
0	-1	149
0	-1	131
0	13	146
1	10	148
0	9	150
1	-1	149
1	40	147
2	21	143
0	-1	150
1	19	131
1	-1	147
0	21	136
0	16	120
2	18	150
0	13	143
0	10	110
0	-1	137
1	-1	150
0	17	150
1	-1	147
0	-1	137
0	-1	149
1	-1	134
0	15	135
0	-1	149
0	13	106
1	18	143
0	19	150
1	-1	151
0	11	149
1	-1	150
0	-1	149
0	2	150
2	15	150
1	18	150
1	-1	149
0	16	149
0	-1	149
0	13	128
1	-1	150
0	8	150
0	-1	150
0	12	148
1	16	137
0	11	140
1	13	149
0	-1	147
0	9	150
0	16	148
0	22	149
0	16	150
0	9	150
0	12	147
0	19	143
0	13	144
0	15	150
1	-1	150
0	-1	149
1	37	150
0	-1	150
0	-1	150
1	17	151
0	11	124
1	-1	102
2	16	141
0	19	150
0	-1	130
0	-1	147
0	9	134
0	27	149
1	18	150
1	-1	151
0	19	132
0	-1	113
1	-1	150
0	23	117
0	-1	151
0	19	151
0	-1	93
1	12	149
0	19	150
0	13	142
0	6	101
0	14	150
0	-1	151
1	19	142
0	-1	142
0	13	142
1	-1	138
0	15	129
1	-1	151
33	-1	147
1	13	150
2	-1	149
1	-1	150
0	11	130
24	24	92
3	-1	132
1	11	150
1	15	146
0	11	118
0	-1	149
0	-1	149
1	26	150
0	-1	148
0	16	150
1	-1	144
1	-1	149
0	17	150
0	17	149
0	17	147
0	15	138
2	-1	141
0	23	135
1	16	150
0	-1	150
0	16	150
0	9	146
0	-1	149
0	24	146
0	38	150
0	9	150
1	10	146
0	-1	149
0	15	125
1	-1	136
0	8	79
0	14	150
0	37	150
0	-1	149
0	19	133
0	18	123
1	38	132
0	-1	148
0	-1	144
0	14	144
1	-1	132
0	11	150
0	5	142
1	18	150
1	18	150
2	-1	150
0	22	128
1	10	109
0	28	123
0	13	65
0	-1	150
0	8	149
0	-1	151
0	16	111
0	22	151
1	-1	150
0	17	148
0	11	150
0	12	150
0	8	137
0	-1	151
0	24	150
1	19	151
0	11	150
1	-1	151
0	22	150
0	-1	111
1	10	150
0	-1	140
1	11	133
1	-1	150
0	11	140
0	-1	144
1	16	117
1	9	150
0	-1	125
0	16	149
0	15	149
0	19	150
2	-1	150
0	8	126
0	-1	149
0	16	150
0	-1	141
1	32	125
0	-1	150
1	15	149
0	8	149
0	11	151
1	-1	149
1	13	151
0	-1	148
0	13	148
1	13	119
1	10	150
1	15	126
0	16	150
0	9	149
0	7	149
0	23	150
0	21	150
0	28	150
3	17	151
0	9	150
2	25	149
0	16	150
0	16	150
0	-1	146
0	21	150
0	14	150
1	34	150
0	-1	150
0	13	150
1	-1	139
0	-1	150
0	-1	148
0	20	148
0	13	146
0	15	144
0	19	149
0	-1	147
0	-1	131
0	-1	150
1	12	150
0	-1	147
0	17	149
0	17	150
0	32	150
0	-1	151
0	14	150
0	-1	146
0	12	150
1	-1	147
1	23	150
2	17	149
0	17	109
0	8	150
0	15	148
1	28	148
1	18	149
1	-1	104
0	-1	149
0	23	146
0	11	151
0	8	150
0	13	147
1	-1	150
2	9	151
2	14	150
0	16	150
1	7	128
0	21	129
0	15	143
0	12	143
0	15	150
0	17	150
1	20	150
0	21	150
0	22	142
0	-1	121
0	-1	151
1	-1	149
0	-1	143
1	19	150
0	-1	148
0	19	150
0	-1	149
1	-1	145
2	-1	145
0	-1	150
1	18	150
0	7	129
0	11	148
0	-1	149
1	18	121
0	5	145
0	25	145
0	-1	150
0	16	142
0	-1	150
0	15	149
0	16	144
1	-1	150
0	46	150
0	9	149
0	19	150
0	21	147
0	20	150
0	21	150
0	12	146
0	-1	146
0	14	134
0	18	150
39	44	150
1	-1	150
0	14	148
1	-1	148
1	-1	146
0	-1	151
0	5	147
1	21	149
0	19	150
0	11	150
1	-1	150
2	13	150
0	14	147
0	9	132
0	-1	147
0	11	110
0	12	122
0	18	146
0	12	150
0	10	150
0	12	101
0	-1	142
0	14	150
0	-1	148
0	-1	151
0	24	151
0	13	147
0	9	115
0	20	150
1	11	148
0	-1	146
1	17	149
0	-1	150
1	21	150
1	-1	150
0	14	145
0	32	147
1	17	150
0	9	150
0	-1	139
2	19	145
0	11	151
1	-1	146
1	21	145
0	37	147
1	23	150
3	13	148
0	14	140
0	15	137
0	8	151
2	15	145
1	-1	117
0	10	145
0	14	121
0	9	151
0	10	103
0	16	150
0	15	148
0	-1	149
0	25	146
0	11	150
0	18	151
1	13	144
0	1	78
0	8	150
1	10	150
2	18	148
1	-1	143
0	-1	131
1	17	150
0	8	146
1	15	128
0	-1	146
1	15	151
0	21	149
0	16	147
0	-1	148
0	25	150
1	13	147
0	22	151
0	20	149
0	39	150
0	-1	150
0	20	134
0	-1	143
0	13	119
0	11	132
1	-1	150
0	13	142
0	-1	148
0	-1	150
0	28	138
0	17	115
0	14	150
0	-1	148
0	16	148
1	13	150
1	15	148
1	-1	143
0	13	93
0	16	150
0	14	137
0	13	150
0	18	144
0	-1	150
0	12	149
0	8	149
0	12	148
0	-1	150
0	-1	149
0	35	128
0	24	150
1	23	146
0	17	151
0	15	148
0	16	148
0	16	147
0	19	150
2	-1	150
0	14	151
1	15	147
0	17	151
0	10	150
1	18	150
1	11	141
0	14	150
0	13	133
1	16	105
0	10	145
1	41	147
0	14	149
0	10	148
0	18	150
2	21	150
0	6	150
0	-1	151
0	35	149
1	11	148
1	10	131
0	-1	150
1	10	146
0	22	149
0	20	150
0	14	148
0	7	68
0	21	143
0	17	149
1	19	150
1	12	150
0	4	66
0	10	121
0	10	148
0	-1	150
0	-1	150
0	10	146
1	15	149
0	19	142
0	9	149
0	10	150
0	-1	136
0	12	148
1	15	149
0	8	150
0	17	144
1	7	148
0	13	107
1	-1	149
2	19	147
0	23	137
2	-1	131
0	22	150
0	32	150
0	14	146
0	19	126
4	-1	133
1	21	144
2	-1	130
0	22	147
1	-1	150
1	18	151
0	8	151
2	-1	150
52	64	148
1	14	139
0	-1	140
0	17	149
0	14	150
0	12	139
1	10	103
3	19	131
2	14	151
0	-1	148
0	-1	150
0	8	90
0	17	149
2	16	149
1	-1	141
0	15	150
0	14	149
0	6	116
0	14	123
0	14	150
0	-1	147
1	-1	143
0	-1	150
0	-1	150
0	10	112
0	-1	141
0	14	104
1	15	149
0	-1	135
0	9	125
1	-1	150
1	-1	148
1	7	149
0	-1	150
0	-1	115
1	-1	116
0	15	143
1	-1	151
1	13	150
0	7	135
1	15	151
0	-1	150
0	16	129
0	12	151
0	19	135
0	12	148
0	14	130
0	13	150
0	15	150
0	38	150
0	16	150
0	11	103
0	14	143
0	-1	145
18	18	108
0	44	145
0	-1	150
0	16	148
0	17	150
1	16	150
0	12	129
2	-1	149
0	23	150
0	12	149
0	16	144
0	7	103
0	16	149
0	-1	128
0	6	68
1	15	145
1	10	150
0	29	149
2	-1	150
0	17	140
1	16	150
0	22	148
0	-1	151
0	-1	130
0	4	150
0	6	150
1	24	126
0	-1	145
0	-1	150
1	22	147
1	11	150
0	11	150
2	14	150
0	17	136
0	23	150
0	14	149
0	8	151
0	16	150
0	-1	149
1	18	150
0	23	150
0	11	151
0	23	150
1	15	127
0	18	139
0	16	140
0	7	150
0	-1	151
0	-1	141
0	11	109
0	-1	150
33	-1	148
0	19	141
0	19	150
0	-1	150
0	14	145
1	-1	150
0	-1	150
1	16	130
0	14	150
1	9	135
0	13	150
0	-1	149
1	14	150
0	12	148
0	-1	143
0	22	140
0	38	150
0	12	149
1	15	150
0	16	150
1	21	144
1	-1	147
0	-1	150
0	13	141
0	11	150
2	-1	150
0	16	146
0	39	151
0	-1	147
0	-1	145
0	-1	135
0	-1	150
0	-1	146
0	-1	150
0	21	150
0	27	116
0	21	150
0	29	134
0	20	151
0	16	150
0	19	150
1	14	149
0	22	147
1	-1	150
1	7	150
1	20	149
0	18	125
0	-1	149
1	-1	142
1	-1	150
0	11	124
1	15	150
0	17	150
0	26	151
0	15	147
1	-1	141
0	11	150
0	-1	128
1	8	141
0	24	149
1	36	150
0	-1	149
0	-1	150
0	27	150
0	13	106
0	20	143
1	-1	150
2	10	120
0	-1	150
0	-1	133
0	20	151
0	-1	150
0	9	150
0	15	150
3	34	150
2	-1	150
0	-1	148
0	18	147
1	20	150
2	-1	149
0	20	147
1	-1	150
1	13	147
0	17	150
0	22	150
0	-1	149
0	-1	150
1	16	133
1	-1	145
0	18	131
0	14	150
0	25	151
0	-1	145
0	39	140
0	22	147
0	12	150
0	22	150
1	16	150
0	16	150
0	-1	132
1	9	150
0	-1	150
1	8	151
0	-1	149
0	-1	150
1	-1	150
2	17	135
3	20	148
0	-1	149
0	-1	151
2	16	148
0	9	141
0	-1	151
1	-1	137
0	16	149
1	-1	149
1	-1	151
0	11	68
1	-1	151
1	20	150
1	-1	150
0	20	150
0	8	150
0	20	150
0	13	150
0	10	144
0	-1	150
0	-1	150
0	6	150
1	-1	142
1	13	147
0	18	151
0	15	144
0	-1	151
0	17	149
0	11	149
0	12	121
1	10	150
0	-1	151
1	-1	151
0	31	150
0	-1	119
0	-1	140
0	14	146
0	-1	151
0	-1	96
1	15	143
0	-1	150
0	-1	134
0	20	150
0	12	123
2	13	99
0	-1	149
1	22	146
1	-1	137
0	13	145
1	18	126
0	12	118
1	-1	150
0	11	123
0	28	151
1	-1	150
0	17	150
0	17	150
2	39	149
0	18	138
1	12	138
1	13	147
2	10	146
0	10	149
0	15	151
0	-1	149
1	15	150
1	20	150
0	13	150
1	-1	150
0	13	149
1	-1	150
0	22	150
1	17	150
1	-1	148
0	-1	151
1	-1	150
1	-1	150
0	-1	151
0	21	136
0	13	151
0	9	150
0	1	150
1	17	150
0	-1	150
1	20	142
2	12	150
0	13	151
0	-1	133
0	18	144
0	-1	150
0	-1	150
0	12	149
0	-1	148
0	22	150
1	-1	150
0	-1	150
1	12	145
0	40	149
0	17	151
1	22	150
0	14	150
0	-1	150
0	-1	150
0	-1	151
0	10	150
0	22	150
0	-1	135
0	12	150
1	33	151
0	-1	124
1	18	150
0	-1	150
1	10	144
2	18	150
0	16	146
0	15	150
0	-1	151
2	-1	125
0	13	150
1	18	128
0	8	123
2	18	144
0	-1	150
0	-1	149
0	9	150
0	11	150
0	17	151
0	-1	150
2	15	147
0	-1	139
0	-1	149
0	15	150
0	-1	150
0	-1	149
0	30	150
1	18	150
0	15	150
1	19	147
0	8	150
0	22	150
0	-1	150
1	-1	151
0	21	150
0	26	150
2	11	150
1	31	151
0	-1	149
0	-1	148
1	19	148
0	18	150
0	-1	150
0	-1	150
1	13	137
0	-1	150
1	-1	150
0	17	149
0	15	150
0	13	150
1	-1	151
0	20	151
0	23	150
1	44	150
0	-1	151
0	-1	151
0	17	150
0	10	150
0	10	116
0	15	150
0	19	150
0	13	149
1	-1	144
0	-1	150
0	16	150
0	-1	150
1	17	150
0	-1	150
0	14	151
0	-1	146
0	15	150
1	-1	140
0	14	150
0	15	135
0	22	142
0	21	150
0	-1	148
1	17	149
1	40	151
0	-1	150
0	-1	146
0	19	148
0	-1	151
1	29	122
1	-1	150
0	19	151
0	16	151
0	18	150
1	44	151
1	13	150
1	16	151
0	22	150
0	12	148
2	-1	147
0	16	139
0	18	147
1	16	150
1	16	150
0	15	150
1	14	150
0	-1	150
0	7	151
0	16	150
1	-1	149
1	17	150
1	-1	150
0	14	150
0	17	151
0	24	149
0	-1	145
0	18	151
0	14	148
1	-1	146
1	-1	150
0	27	151
0	20	140
0	11	142
0	25	150
0	17	150
0	-1	140
0	1	62
0	-1	120
0	-1	150
0	-1	149
1	-1	142
0	-1	151
3	27	150
0	16	150
0	-1	142
0	19	149
1	-1	145
0	16	150
1	-1	148
0	-1	148
1	14	148
0	17	149
0	14	150
1	11	148
0	15	146
1	-1	150
2	-1	145
1	16	151
1	33	148
0	-1	134
0	12	136
0	9	150
0	12	148
1	17	150
0	21	148
1	-1	150
0	17	150
1	-1	148
1	18	150
0	5	145
0	14	150
1	12	146
0	15	151
0	13	129
0	7	148
0	16	96
0	14	150
0	-1	148
1	-1	150
0	11	150
2	21	130
1	-1	143
1	9	112
0	-1	149
0	15	150
0	16	149
0	11	127
1	22	149
1	-1	150
0	10	150
1	12	150
1	17	147
1	17	150
0	-1	150
0	-1	147
0	-1	150
0	18	148
1	10	150
0	-1	148
0	-1	146
1	15	151
0	-1	150
0	13	150
0	-1	150
0	-1	138
0	12	150
2	24	124
2	-1	150
1	36	146
0	-1	146
1	19	126
0	8	150
0	-1	149
0	16	147
0	15	107
1	-1	143
0	24	150
1	22	151
0	26	150
0	17	150
0	17	150
0	14	149
0	16	150
0	18	150
1	12	150
0	-1	148
0	27	149
0	15	141
0	18	149
0	13	147
0	-1	151
0	21	150
0	11	150
0	17	150
2	-1	146
0	16	150
1	-1	148
1	-1	149
0	15	150
3	16	97
0	8	150
0	19	147
1	-1	133
0	11	125
0	12	150
0	37	143
0	-1	149
0	-1	122
0	15	143
0	15	146
1	-1	113
0	13	147
0	16	148
1	-1	149
1	-1	150
1	17	145
0	9	151
0	16	150
0	17	150
0	-1	150
0	20	150
3	-1	150
0	40	150
0	-1	150
0	16	150
2	-1	150
0	14	116
0	11	146
1	20	147
0	-1	149
0	13	147
0	13	147
0	-1	150
0	-1	148
0	-1	149
1	21	150
1	-1	151
1	-1	145
0	-1	150
0	8	145
1	-1	147
2	13	147
1	-1	150
2	-1	150
0	32	150
0	18	149
1	12	148
1	-1	150
0	-1	146
1	15	150
2	-1	149
0	-1	150
2	15	150
0	19	125
0	-1	150
0	19	127
0	18	151
0	14	148
0	17	146
1	20	148
0	30	148
0	19	150
0	-1	150
0	-1	150
0	-1	109
0	22	150
1	15	150
0	-1	143
1	11	150
2	-1	143
0	17	150
0	14	150
2	-1	151
1	17	150
0	-1	150
0	18	150
1	12	150
0	-1	147
0	8	129
1	14	147
0	-1	148
0	8	150
0	-1	148
0	-1	151
1	11	150
0	19	147
0	19	151
0	17	151
0	19	150
0	17	145
0	13	150
0	-1	150
2	-1	150
0	14	149
0	15	151
0	14	150
1	12	149
0	25	150
1	-1	150
0	15	150
0	17	150
1	15	148
0	16	147
4	23	145
0	28	150
0	7	139
2	-1	127
0	13	150
1	29	150
1	15	148
0	-1	148
0	15	150
0	13	150
0	22	150
1	-1	148
0	-1	148
0	11	150
0	19	150
0	23	150
0	7	150
0	19	141
0	-1	132
0	17	150
0	10	150
0	15	151
1	-1	150
0	18	150
0	15	145
0	27	150
0	21	150
1	-1	146
0	10	150
2	-1	150
0	17	151
0	12	150
0	22	151
1	16	148
0	17	151
0	11	146
2	21	150
0	13	150
1	9	150
1	16	150
0	-1	150
0	17	150
1	22	150
0	-1	150
0	-1	149
0	-1	147
0	-1	150
0	15	147
1	9	103
0	16	150
0	-1	149
1	17	150
0	10	151
1	13	122
0	-1	148
1	-1	148
0	-1	150
2	13	150
0	15	150
0	-1	149
0	26	133
0	18	144
0	18	149
0	22	151
1	-1	150
0	15	150
1	-1	150
0	-1	144
0	-1	150
0	17	141
0	14	147
1	16	151
0	19	143
1	-1	151
0	11	93
0	-1	148
0	33	150
0	14	148
0	16	150
0	25	151
0	-1	150
0	13	150
1	-1	142
0	-1	147
2	15	150
0	12	150
1	18	149
1	21	150
2	-1	150
0	19	149
0	15	147
0	12	134
1	12	150
1	38	150
1	-1	148
0	16	146
0	20	147
0	14	147
1	12	121
1	20	150
0	15	144
1	15	150
1	-1	149
0	-1	150
0	8	146
0	-1	150
0	32	150
0	19	149
0	15	130
1	-1	151
0	19	147
0	-1	150
2	17	150
1	-1	150
2	-1	149
0	11	148
0	-1	144
0	-1	150
2	-1	150
0	19	150
1	-1	138
0	15	150
0	-1	150
2	-1	150
2	36	151
0	18	149
2	22	108
0	14	151
0	18	151
0	23	150
0	15	150
0	-1	148
0	21	137
0	13	141
0	21	150
1	20	140
0	17	151
1	23	150
0	19	130
0	21	151
14	20	72
0	-1	149
1	-1	146
0	-1	150
0	-1	150
1	19	137
0	-1	147
0	11	148
0	-1	148
1	13	149
1	17	151
1	18	150
0	20	150
0	17	150
0	39	131
0	22	134
1	-1	125
0	-1	148
0	-1	151
0	14	143
0	18	150
0	12	149
0	20	150
0	20	149
0	12	150
0	14	149
1	20	150
1	12	90
0	17	151
0	-1	130
0	18	150
0	17	150
1	-1	150
0	27	138
0	15	143
0	-1	149
0	26	141
47	46	151
2	36	150
2	-1	150
0	-1	147
0	17	150
0	-1	151
0	-1	150
1	-1	150
0	34	151
0	19	136
1	-1	150
0	-1	149
0	15	149
0	13	149
0	17	149
0	-1	141
0	11	149
0	-1	150
1	-1	150
0	13	150
0	15	150
0	17	151
0	-1	147
0	15	131
0	14	139
0	17	150
0	21	150
0	13	129
0	19	149
1	-1	150
0	17	145
0	-1	148
0	-1	145
0	19	150
0	-1	119
0	-1	149
0	20	149
0	18	150
0	19	149
2	25	146
0	15	150
0	13	147
0	15	151
0	18	150
0	13	150
0	16	150
0	-1	151
0	21	149
0	28	146
1	-1	150
0	11	151
0	17	122
0	13	142
0	-1	112
0	17	149
0	16	151
0	16	150
0	27	150
1	-1	150
1	-1	144
1	16	147
0	8	149
1	31	133
0	-1	147
0	-1	147
0	10	151
0	9	149
1	13	147
1	-1	150
0	11	149
1	-1	150
0	-1	145
0	20	151
2	12	150
0	-1	147
1	-1	145
0	-1	151
0	19	150
0	-1	145
0	15	150
0	32	137
0	9	134
0	12	150
2	18	151
0	-1	148
1	-1	151
0	-1	150
0	18	139
0	-1	151
0	18	147
0	14	116
0	10	144
0	-1	150
0	24	150
1	-1	130
1	16	110
0	10	149
0	12	149
0	18	150
2	-1	150
1	20	150
2	-1	150
2	-1	148
0	12	138
0	-1	149
0	15	150
3	-1	147
1	13	147
0	18	150
1	-1	146
0	17	148
0	19	116
2	15	139
0	18	150
0	-1	150
0	14	141
4	-1	150
0	18	149
0	-1	150
0	-1	150
0	8	103
0	21	150
0	5	76
0	19	126
0	19	150
0	18	149
1	-1	146
1	15	150
0	27	147
0	14	147
0	-1	150
0	16	146
0	-1	146
1	-1	144
0	15	149
0	-1	151
0	17	150
0	-1	147
1	25	150
1	-1	141
0	33	151
1	-1	150
0	27	132
1	17	145
1	23	150
1	32	138
0	14	149
0	-1	151
0	15	150
0	16	150
1	12	144
0	10	148
1	16	149
0	14	146
1	-1	142
0	-1	149
1	23	150
1	21	150
0	23	151
0	-1	151
0	11	131
1	20	139
0	15	146
0	16	146
0	-1	149
0	12	145
0	23	145
0	19	145
0	-1	150
2	-1	149
0	9	137
0	14	148
0	-1	146
1	-1	148
1	32	149
0	-1	145
0	20	145
0	-1	150
2	-1	150
0	13	150
0	-1	145
0	27	149
0	17	150
0	-1	150
2	32	148
0	-1	151
0	17	150
2	10	110
1	15	142
0	33	149
0	9	145
1	-1	150
2	-1	148
0	14	146
0	-1	151
0	18	150
0	-1	150
1	20	150
0	12	149
0	-1	150
0	-1	146
1	-1	147
0	17	134
0	-1	150
1	20	151
1	11	132
2	20	147
1	11	147
0	29	147
1	13	150
0	15	150
0	18	150
0	33	149
0	20	139
0	23	151
0	12	150
0	18	125
2	19	150
0	18	150
2	-1	150
0	13	126
1	10	149
0	23	149
2	36	150
1	34	145
1	13	149
1	16	139
0	16	150
0	14	145
1	19	150
1	14	150
0	35	150
0	11	151
0	-1	149
1	-1	146
1	-1	150
0	18	149
0	-1	148
0	-1	150
0	10	140
1	-1	133
0	-1	148
2	-1	139
1	-1	148
0	-1	151
1	10	137
0	-1	151
1	-1	151
0	12	147
0	19	149
1	16	141
0	-1	147
0	18	150
0	19	140
3	23	150
1	-1	150
0	18	150
0	13	150
0	13	146
0	19	150
0	-1	127
0	12	139
0	8	117
0	15	150
0	-1	150
0	9	127
0	30	150
0	8	92
0	16	149
0	-1	150
0	13	150
0	-1	151
0	-1	150
0	-1	150
0	11	150
0	-1	150
1	10	150
0	-1	141
3	25	150
0	-1	147
1	17	151
0	11	150
0	7	150
0	21	150
0	-1	149
0	19	134
0	-1	150
0	12	150
0	21	149
1	18	145
0	13	134
0	-1	151
0	-1	150
0	18	141
0	-1	137
0	14	150
0	-1	118
0	-1	150
1	24	106
0	37	149
0	-1	149
1	17	150
0	20	150
1	-1	151
0	-1	150
0	26	150
0	11	150
0	38	150
0	16	151
0	26	150
0	10	151
0	-1	151
0	10	150
0	-1	147
1	31	150
1	42	150
0	12	137
0	27	148
0	17	148
0	23	150
0	-1	150
0	20	150
1	44	148
0	-1	150
0	19	149
0	14	149
0	-1	150
0	19	150
0	16	145
0	34	150
0	27	150
1	13	150
0	-1	151
2	-1	146
1	23	151
0	-1	148
0	15	150
1	17	150
1	37	151
0	-1	144
0	-1	151
0	15	150
0	-1	150
0	16	150
0	7	148
0	-1	142
0	12	124
0	20	143
0	6	150
23	27	82
0	12	106
0	16	149
1	38	139
0	15	129
0	11	150
1	13	150
1	17	151
0	27	146
0	-1	150
0	26	150
0	18	116
0	-1	150
0	17	105
0	-1	149
0	-1	150
1	23	150
0	18	147
27	30	100
19	19	68
1	-1	150
1	21	151
0	16	150
0	-1	150
1	24	151
0	10	150
0	-1	147
0	15	146
0	11	148
0	9	150
1	-1	116
0	12	150
0	-1	150
0	13	150
0	-1	150
0	29	151
0	11	150
0	16	150
0	-1	146
0	11	140
1	-1	141
0	-1	150
1	16	150
0	16	151
1	18	144
0	13	122
1	-1	150
1	16	142
0	12	150
0	15	147
0	13	149
1	-1	150
0	15	150
0	17	150
3	13	138
0	3	92
1	-1	151
1	14	150
0	19	146
2	14	150
0	13	126
1	-1	151
0	-1	150
1	30	150
0	-1	150
0	-1	144
2	-1	149
0	20	150
0	9	149
0	-1	148
1	13	123
1	-1	150
0	11	140
0	22	150
0	-1	150
1	36	149
0	-1	150
0	-1	150
0	-1	145
1	17	150
0	15	150
0	15	150
1	-1	149
1	-1	124
0	-1	147
1	41	150
1	32	150
1	-1	149
0	15	151
2	11	146
1	15	150
0	15	131
0	15	151
0	19	150
0	-1	151
0	10	105
0	12	150
1	-1	150
0	15	134
0	21	150
0	10	150
2	-1	147
0	15	151
0	8	150
0	16	150
1	33	149
0	15	150
0	16	148
0	-1	145
0	18	150
1	-1	147
0	-1	150
1	-1	129
0	21	147
0	14	148
0	10	139
0	8	150
1	-1	150
0	19	138
0	-1	149
1	19	150
0	11	150
2	-1	151
1	12	150
2	38	151
0	20	150
0	13	147
1	16	149
1	22	151
0	-1	150
0	11	150
0	10	141
0	20	150
0	22	150
0	-1	146
1	-1	146
0	39	150
0	22	151
2	-1	150
1	-1	151
1	16	150
1	-1	149
0	20	146
0	-1	151
0	20	150
0	18	146
0	16	146
0	13	144
0	14	150
0	-1	150
1	-1	150
0	-1	148
1	-1	150
0	17	150
0	5	86
0	13	151
0	25	144
0	-1	147
0	10	150
0	17	149
1	16	150
0	15	150
1	-1	147
0	16	149
0	8	150
4	19	151
0	10	126
1	27	127
0	17	150
1	18	143
1	27	146
0	-1	149
0	5	109
1	4	76
0	25	149
0	14	149
0	15	148
0	18	149
2	16	140
1	-1	147
1	-1	150
2	8	79
0	12	147
1	10	151
0	18	148
0	-1	138
1	-1	151
0	27	149
0	16	142
0	-1	150
0	21	151
1	12	144
2	-1	148
0	15	148
1	-1	150
0	22	150
2	-1	141
3	-1	150
0	14	137
1	16	127
0	-1	149
1	-1	150
0	17	151
0	25	151
0	19	151
0	18	150
1	16	148
1	21	144
0	14	147
1	-1	147
0	-1	150
0	7	150
1	14	146
0	16	151
0	11	138
1	23	150
1	20	146
0	-1	149
1	24	136
0	11	119
1	16	150
0	21	150
0	21	149
1	9	150
1	18	150
0	20	150
0	-1	150
1	17	151
0	-1	141
1	11	151
0	22	151
1	-1	150
2	-1	150
2	-1	148
0	16	144
0	24	145
0	16	149
0	14	150
0	10	144
0	37	150
0	20	150
0	-1	149
1	21	150
1	25	150
1	17	151
0	14	129
1	26	150
0	13	151
1	15	150
0	18	148
1	14	148
1	-1	150
0	19	150
1	19	131
0	20	150
3	-1	149
0	27	144
0	13	139
0	16	151
1	-1	150
1	6	151
2	-1	149
0	-1	150
0	-1	148
0	10	133
0	10	127
0	11	145
0	37	151
0	23	147
3	18	133
0	19	150
0	25	150
0	-1	150
0	-1	150
0	22	151
0	14	124
1	7	150
0	16	150
0	-1	141
0	22	151
0	-1	150
0	25	150
0	-1	148
0	11	143
1	35	150
0	16	145
0	18	148
0	-1	150
1	-1	150
0	11	150
0	-1	150
0	-1	147
0	-1	151
0	11	139
0	-1	151
0	40	150
0	-1	144
0	-1	151
0	19	151
1	7	143
0	-1	140
2	9	126
0	16	150
1	-1	135
1	13	150
0	33	151
0	18	140
0	23	150
9	-1	124
0	10	149
1	16	129
0	-1	150
1	23	149
0	11	150
0	18	150
0	-1	150
0	-1	143
1	9	149
0	16	151
0	13	150
0	-1	145
1	-1	150
0	20	149
1	-1	149
1	-1	150
0	-1	149
0	11	150
1	-1	148
0	-1	150
0	-1	150
0	13	150
1	-1	150
0	14	150
1	-1	150
1	17	150
0	-1	150
0	18	150
0	-1	150
0	7	144
0	14	150
0	15	149
0	-1	150
0	17	150
0	14	150
1	-1	150
0	33	129
1	-1	147
0	23	150
0	-1	150
2	13	131
0	-1	147
0	11	150
0	15	150
0	14	148
0	13	151
0	11	150
1	-1	150
0	-1	148
0	6	151
0	-1	141
1	-1	151
0	22	149
0	23	150
0	-1	146
0	14	149
1	31	132
0	-1	150
0	-1	144
1	-1	150
0	18	150
0	17	149
0	12	114
0	17	150
1	30	148
1	18	149
0	9	150
0	-1	145
0	-1	150
1	12	151
0	9	147
0	19	121
2	-1	150
0	-1	150
0	19	149
0	16	150
0	-1	126
1	-1	150
0	-1	142
0	10	150
0	-1	150
0	13	150
0	15	150
1	-1	149
0	-1	150
0	15	149
0	9	150
1	-1	145
0	13	135
0	18	150
0	19	150
0	36	150
1	-1	148
1	-1	148
2	-1	151
1	-1	150
0	10	145
3	16	134
2	10	150
0	15	150
0	16	138
0	15	150
0	12	141
0	21	148
0	-1	150
1	16	150
0	-1	151
1	18	147
0	45	150
1	17	150
0	12	70
0	-1	150
0	-1	137
0	13	147
1	-1	148
0	19	139
2	18	131
1	18	123
0	10	142
0	-1	150
1	26	148
1	-1	150
0	44	148
0	14	150
1	20	134
0	-1	145
0	-1	151
0	-1	151
0	-1	143
0	12	134
1	10	150
1	-1	150
1	-1	145
0	-1	151
1	-1	150
0	20	146
1	17	151
0	-1	139
0	12	151
0	8	147
1	-1	150
1	17	150
1	13	149
1	-1	151
1	17	151
0	13	150
0	19	150
0	18	150
0	18	134
1	20	147
1	18	147
0	15	149
1	-1	150
1	16	147
1	15	150
0	24	144
1	23	150
0	20	151
0	11	136
0	15	149
0	-1	147
0	13	149
0	20	150
1	20	150
0	16	151
0	14	140
0	11	132
0	10	147
0	16	150
0	-1	150
1	-1	150
0	9	149
0	12	149
1	15	150
1	-1	151
0	28	150
0	18	127
0	18	147
1	22	147
0	16	137
1	18	150
0	12	138
0	-1	150
0	22	149
2	-1	133
1	20	150
0	18	150
1	15	151
1	-1	151
0	-1	120
1	-1	149
0	17	151
0	14	150
0	15	150
2	16	150
0	17	148
0	14	150
0	18	149
0	11	135
0	14	123
0	9	150
0	-1	150
0	15	150
1	15	146
0	16	151
0	17	150
0	20	150
0	-1	144
0	19	148
0	-1	151
0	-1	147
0	17	149
0	17	149
1	34	150
0	23	149
1	17	150
0	14	150
0	12	139
0	23	150
0	-1	150
0	-1	150
0	-1	140
1	-1	150
0	11	149
0	4	151
0	-1	150
0	18	150
0	8	136
0	21	140
1	-1	148
0	39	146
0	21	150
1	21	151
0	17	141
0	18	150
1	16	150
1	-1	149
1	-1	150
0	-1	150
0	-1	150
0	-1	146
0	15	150
2	24	150
1	20	150
0	17	150
0	11	110
1	-1	148
2	18	144
1	16	149
0	-1	125
0	14	144
0	-1	150
0	22	149
0	15	147
1	18	150
0	16	148
1	-1	149
2	14	149
1	-1	150
1	11	150
0	-1	143
0	-1	149
0	15	145
0	32	147
0	-1	144
0	-1	151
0	23	150
0	12	150
0	18	148
0	31	150
0	12	150
0	14	150
0	9	150
0	7	147
1	-1	150
0	-1	150
0	16	150
0	13	150
0	19	147
1	30	148
0	-1	150
0	-1	151
0	9	150
0	12	150
1	28	150
0	13	143
0	16	150
1	19	150
0	12	138
1	39	150
0	14	146
1	-1	150
0	-1	136
0	-1	150
1	-1	149
1	13	150
0	-1	148
1	19	150
0	-1	139
1	21	151
0	-1	123
1	17	150
0	22	150
1	-1	151
0	19	150
0	-1	149
1	37	149
0	16	150
0	23	132
1	-1	151
0	15	150
0	13	150
0	11	150
0	14	149
0	15	139
1	16	147
0	32	149
0	-1	148
1	16	150
0	11	150
1	9	148
0	12	150
0	20	150
0	-1	149
0	-1	149
0	-1	151
0	22	151
0	9	131
0	15	146
0	-1	149
1	-1	150
0	16	150
0	20	141
0	11	122
0	12	142
0	17	148
1	12	151
0	8	80
0	17	150
0	23	151
2	-1	148
1	13	150
0	38	149
1	20	132
0	18	135
1	-1	150
0	34	150
0	15	150
0	16	143
1	-1	150
0	14	149
0	11	150
0	-1	150
1	-1	149
1	14	150
1	14	150
1	20	151
0	13	135
0	20	146
1	-1	151
0	19	151
0	18	148
0	-1	150
0	11	150
1	-1	150
0	13	149
1	-1	150
0	11	150
0	-1	144
0	-1	135
0	-1	150
0	17	150
0	31	150
1	-1	146
1	-1	150
0	12	150
0	18	151
0	-1	148
0	-1	151
0	31	151
0	-1	150
0	14	150
0	-1	146
1	32	150
1	12	139
0	11	144
1	19	150
1	-1	138
0	15	133
1	-1	150
0	20	149
0	14	150
1	30	148
0	-1	150
0	-1	149
0	-1	144
0	9	150
0	12	150
0	17	151
1	-1	149
0	-1	151
0	10	150
0	17	134
1	-1	151
0	23	151
1	-1	137
0	-1	149
0	16	147
0	19	150
1	20	148
0	-1	147
1	-1	144
1	-1	146
1	16	150
1	-1	150
0	14	149
1	12	151
2	34	145
1	18	146
0	14	121
2	-1	149
1	-1	150
1	17	151
1	-1	118
0	18	150
0	18	109
0	7	130
0	-1	151
1	-1	150
0	18	146
0	20	150
0	15	149
1	13	150
0	10	135
0	10	140
3	34	147
1	-1	148
0	12	146
0	13	119
0	13	139
0	19	150
1	17	151
0	14	147
2	15	150
1	19	150
0	16	138
0	-1	147
1	13	150
0	12	140
3	21	151
0	-1	148
1	24	146
1	15	147
0	16	134
1	15	150
0	-1	148
2	44	150
0	14	151
0	13	136
0	-1	151
1	15	146
2	-1	149
0	12	150
0	15	150
1	16	151
1	-1	150
0	-1	149
0	13	151
1	20	145
1	13	139
2	13	142
0	-1	75
0	-1	151
0	-1	150
1	13	151
0	10	150
1	-1	151
2	19	150
2	-1	149
1	16	151
0	-1	150
1	16	120
0	13	150
0	35	141
0	13	149
1	-1	111
0	14	144
0	14	150
0	25	148
1	15	145
0	14	151
0	-1	150
0	12	147
1	18	150
0	19	131
3	29	149
0	15	149
0	16	149
1	15	84
0	17	149
0	-1	150
2	-1	151
0	10	150
0	-1	149
2	-1	150
1	-1	148
2	17	148
0	7	151
0	20	147
2	11	148
2	-1	149
0	-1	150
0	25	127
0	22	151
0	12	126
0	-1	148
1	16	149
1	21	141
0	18	149
1	-1	151
0	18	150
1	10	150
1	-1	150
0	17	144
0	14	122
0	10	150
0	18	143
0	23	150
0	16	150
0	11	150
0	11	123
1	-1	150
0	19	149
1	-1	149
0	15	151
2	40	148
0	13	116
0	11	147
0	10	151
1	-1	150
0	-1	151
0	-1	150
1	-1	151
0	11	149
0	19	149
0	21	147
0	19	149
0	-1	150
0	-1	146
0	17	150
0	12	151
0	-1	144
2	19	150
1	12	151
0	-1	150
1	18	150
2	16	140
1	17	123
1	14	142
0	19	148
0	22	145
0	12	147
0	15	149
0	15	149
0	18	129
0	-1	150
0	23	146
0	9	151
0	-1	150
0	14	150
3	-1	151
0	16	133
0	23	150
1	-1	148
1	-1	150
0	16	151
1	-1	150
0	9	151
0	15	150
0	-1	150
0	16	150
0	-1	150
2	-1	151
0	-1	150
0	16	149
2	9	150
0	-1	120
2	-1	142
0	11	113
0	-1	150
0	10	145
1	-1	151
1	9	139
0	-1	150
0	-1	111
0	12	149
0	-1	149
0	-1	146
0	-1	150
0	-1	151
1	-1	150
0	-1	148
0	13	150
0	-1	149
1	-1	146
0	25	150
0	19	150
0	17	150
1	-1	115
0	-1	149
0	-1	149
0	18	143
0	13	147
0	16	133
1	38	148
0	14	144
0	12	149
0	11	150
0	15	150
0	15	150
1	32	150
1	-1	151
0	23	107
1	-1	101
0	-1	149
0	15	150
0	-1	149
1	19	150
1	23	150
1	23	150
0	16	150
1	7	149
1	11	140
1	17	150
1	36	146
0	22	149
2	-1	148
0	17	150
0	27	151
0	-1	151
0	-1	150
0	-1	150
2	22	150
1	-1	149
0	17	151
0	17	150
1	6	147
1	14	104
1	20	106
0	33	150
0	13	141
0	-1	148
0	17	139
1	16	150
0	16	144
1	19	150
2	20	150
0	-1	149
1	-1	149
0	18	147
0	-1	130
0	13	150
0	35	150
3	-1	150
0	-1	148
0	23	151
1	-1	149
1	20	148
0	17	150
1	-1	146
1	27	148
0	-1	151
0	-1	150
0	13	150
1	22	150
0	22	149
0	13	147
0	-1	150
0	19	151
2	-1	150
1	-1	147
0	14	142
0	-1	147
1	17	150
0	-1	150
0	-1	150
0	17	151
0	17	150
0	-1	149
0	-1	132
1	-1	149
0	-1	136
0	16	150
1	-1	150
0	15	150
0	12	151
0	-1	143
0	-1	151
0	-1	150
1	23	150
2	14	150
0	24	150
0	-1	150
0	-1	150
0	-1	150
0	7	146
0	16	138
1	-1	131
0	-1	116
0	-1	150
0	15	120
0	15	150
0	14	149
2	-1	151
0	10	149
2	-1	149
0	14	150
0	17	150
1	-1	148
0	-1	149
1	-1	150
1	-1	131
2	-1	149
0	19	124
2	13	150
0	15	146
0	33	144
0	15	150
2	19	150
0	16	150
0	17	151
0	-1	149
0	18	149
0	15	148
1	-1	149
1	-1	144
0	-1	146
1	21	150
0	7	149
0	14	147
0	28	150
1	14	149
0	-1	133
2	-1	150
0	13	150
0	26	130
0	-1	149
2	18	146
0	34	149
2	-1	149
1	-1	135
0	18	149
0	37	148
1	19	151
0	15	150
0	-1	150
0	17	150
1	20	148
0	37	150
2	23	150
0	-1	151
0	15	151
0	17	147
0	12	132
0	-1	133
0	-1	150
3	19	151
1	27	150
0	16	150
0	-1	150
0	16	134
0	12	149
0	-1	148
0	14	150
3	-1	150
1	-1	150
0	18	130
0	-1	150
0	-1	146
1	-1	150
1	8	150
0	21	132
2	-1	140
1	16	140
1	14	151
0	14	149
1	14	129
1	-1	150
0	-1	137
0	-1	149
0	-1	132
1	18	149
0	-1	148
0	-1	144
0	18	148
0	23	147
0	20	141
0	-1	138
1	-1	149
0	7	131
0	12	150
3	14	150
1	8	124
1	11	150
0	22	149
0	-1	149
0	17	150
0	4	151
0	-1	150
1	32	149
0	14	148
1	12	149
2	28	150
0	21	150
0	-1	149
0	-1	151
0	14	104
0	15	150
1	19	150
0	23	149
3	-1	151
0	8	149
0	13	147
1	23	151
0	13	136
1	-1	144
0	-1	143
0	-1	150
0	-1	150
0	23	147
0	-1	150
0	16	150
1	17	149
0	6	85
0	-1	122
0	13	150
0	15	144
2	19	149
1	18	150
1	13	108
1	19	148
0	15	149
0	18	143
0	15	150
0	-1	150
0	18	138
0	46	151
0	-1	139
1	12	150
2	-1	149
6	20	150
0	18	150
1	9	150
1	15	149
1	-1	150
0	18	148
1	13	151
0	-1	140
0	29	149
1	13	150
0	11	106
0	16	117
1	-1	143
0	-1	150
0	19	139
0	-1	150
1	9	150
0	10	140
0	15	150
0	25	150
0	30	148
0	-1	150
1	14	151
1	37	143
0	14	150
1	-1	151
0	15	148
0	15	144
0	14	147
1	21	150
0	-1	150
0	19	150
1	18	145
0	11	149
0	20	149
0	-1	150
0	-1	150
0	18	147
1	-1	149
0	18	150
1	-1	150
0	22	150
0	-1	150
0	-1	147
0	5	121
0	13	150
1	16	122
0	14	137
0	22	146
1	18	150
0	-1	149
0	-1	147
1	18	145
0	21	148
1	17	150
0	18	150
1	-1	140
0	24	148
0	23	151
2	-1	151
0	17	147
0	-1	150
0	15	150
0	20	139
2	-1	150
0	22	139
0	-1	151
0	22	149
1	12	144
0	26	150
0	30	150
0	16	134
0	21	150
1	-1	148
1	-1	150
0	19	150
1	-1	151
1	20	151
1	14	150
0	-1	149
0	-1	139
0	-1	150
0	16	150
1	13	150
0	-1	151
0	16	150
0	-1	149
1	12	150
0	-1	150
0	18	145
0	-1	150
0	-1	149
2	-1	151
0	49	150
3	-1	150
0	19	151
1	-1	149
1	18	148
1	15	150
0	15	149
0	-1	147
1	-1	150
1	22	148
0	19	150
0	22	138
0	-1	150
1	-1	145
0	36	139
0	25	150
1	12	151
0	-1	150
1	19	150
0	-1	149
0	-1	150
0	15	146
0	-1	150
0	-1	148
0	18	139
2	29	140
0	17	151
0	-1	146
0	17	150
0	14	111
1	40	150
1	26	151
1	15	150
0	-1	148
0	17	150
1	16	147
0	-1	148
1	-1	148
1	22	150
0	-1	116
1	33	150
0	15	120
0	40	140
3	-1	146
0	19	150
1	13	150
1	15	148
0	26	151
0	-1	150
0	13	150
0	26	151
0	-1	150
0	12	150
1	11	147
0	-1	148
1	-1	150
1	18	150
0	-1	148
0	16	146
1	17	150
0	17	150
1	13	150
0	-1	147
0	10	150
0	19	150
0	13	150
0	17	150
1	22	150
2	-1	147
0	-1	150
0	17	148
0	12	147
1	-1	140
0	12	149
0	-1	149
0	20	151
0	17	150
0	22	150
0	-1	136
1	20	150
0	-1	150
1	15	150
0	-1	148
2	20	133
0	15	149
1	-1	150
0	20	150
1	14	149
0	-1	130
0	-1	146
0	9	149
1	-1	146
2	25	150
1	19	146
0	-1	150
1	-1	147
0	13	126
0	3	150
0	16	150
0	9	150
0	36	151
1	-1	138
0	-1	150
0	20	150
1	20	150
0	16	150
1	13	150
3	-1	128
0	16	150
0	15	139
0	12	149
2	13	150
0	15	145
1	16	149
0	-1	146
0	9	139
0	18	150
0	12	128
0	11	134
0	10	147
2	18	124
2	-1	147
0	14	139
0	7	147
0	10	148
2	-1	148
0	-1	150
1	16	151
0	-1	150
0	-1	145
0	12	150
0	14	145
2	14	150
1	17	150
0	13	150
1	13	150
0	21	151
0	10	134
1	-1	150
0	-1	149
1	13	130
2	19	150
1	15	147
0	-1	150
0	24	151
0	21	151
0	-1	150
0	-1	135
0	14	151
0	14	127
0	21	151
0	-1	149
1	17	150
1	-1	148
0	14	150
0	11	150
0	22	151
0	12	148
0	17	151
0	14	150
0	17	150
0	-1	144
0	19	146
31	38	121
0	18	150
0	-1	149
0	17	136
1	-1	150
0	15	150
0	39	150
1	22	150
0	17	150
0	-1	145
0	33	145
0	-1	149
1	20	150
2	17	135
2	-1	147
0	-1	149
0	19	147
0	14	148
0	-1	148
1	-1	151
0	-1	139
0	-1	150
0	15	150
3	19	150
1	-1	149
0	13	150
1	-1	150
0	17	150
1	-1	150
0	15	150
1	14	146
0	15	150
0	-1	151
0	20	150
1	17	150
0	17	151
0	19	150
0	-1	149
0	13	129
0	-1	139
1	22	151
1	-1	147
0	14	148
0	27	148
0	11	150
0	-1	148
0	22	150
0	19	149
0	15	141
1	-1	150
1	-1	146
0	-1	150
0	-1	150
1	-1	150
0	39	151
0	20	150
0	15	148
0	11	124
0	15	150
0	15	149
0	15	151
0	19	150
0	12	150
0	13	150
1	-1	150
0	19	151
0	10	151
0	41	151
2	-1	149
3	-1	150
1	21	150
0	16	146
1	-1	147
1	-1	150
2	-1	151
1	-1	150
0	-1	149
0	-1	146
1	-1	150
0	-1	150
1	9	150
0	36	150
1	21	150
0	-1	150
1	22	151
1	19	142
0	11	123
0	-1	147
0	-1	150
0	-1	149
0	15	151
0	15	150
0	21	150
0	14	150
0	21	148
0	16	150
0	6	70
1	14	150
0	11	149
0	10	149
0	23	151
1	25	150
1	9	150
1	12	147
0	-1	148
2	-1	150
0	12	148
0	7	149
2	22	148
1	-1	136
1	16	150
0	15	150
1	13	145
0	26	150
0	-1	147
0	23	144
0	-1	131
0	-1	150
2	-1	150
0	17	145
2	12	144
0	16	150
1	-1	150
1	17	150
0	33	150
0	13	147
1	13	151
4	27	149
0	-1	150
0	16	147
0	-1	150
0	-1	150
0	14	136
0	15	150
2	-1	150
1	16	150
1	-1	150
0	-1	151
0	16	150
0	23	150
1	16	151
1	11	150
0	16	110
1	-1	150
0	20	147
0	19	150
1	-1	150
1	11	150
1	-1	151
0	17	142
0	16	150
1	15	150
1	19	150
0	-1	150
0	-1	148
0	15	148
1	-1	151
1	-1	150
0	-1	151
0	17	151
0	-1	150
2	12	150
2	12	151
1	18	148
0	12	127
0	12	142
0	25	151
1	-1	150
0	16	147
1	16	150
0	-1	141
0	14	90
0	-1	147
0	41	132
0	21	151
0	-1	128
1	-1	150
0	11	143
0	20	150
0	-1	149
1	-1	150
0	22	150
0	32	150
0	13	150
0	-1	150
1	23	139
1	25	147
1	19	150
0	17	124
0	-1	146
0	13	150
0	17	150
0	19	147
2	25	151
0	22	150
2	15	151
0	21	150
0	15	151
0	-1	150
0	-1	147
0	18	148
1	34	150
0	17	150
0	-1	147
1	21	150
0	-1	150
2	18	148
0	22	150
1	-1	151
0	19	150
2	-1	150
0	19	150
1	-1	150
1	19	148
1	16	150
0	37	147
0	17	144
1	18	145
0	-1	147
1	-1	148
0	22	150
0	8	151
4	19	151
0	10	150
0	-1	149
0	-1	150
1	-1	150
1	15	147
1	22	151
1	-1	150
0	14	144
0	26	150
0	16	149
0	29	150
1	11	150
1	23	149
0	-1	151
2	43	150
0	9	111
0	19	150
1	15	150
1	16	148
0	15	128
0	38	136
1	-1	108
0	16	150
0	-1	149
0	-1	147
1	17	150
1	-1	151
0	11	139
0	19	150
0	-1	150
0	19	145
0	-1	148
0	-1	114
0	8	150
1	-1	150
0	-1	151
1	33	147
0	15	137
0	-1	150
1	16	150
1	15	151
1	-1	148
1	-1	148
0	19	150
0	14	146
1	-1	151
0	-1	138
1	11	146
0	16	150
0	19	150
1	19	142
0	12	122
1	-1	151
2	25	150
1	7	146
0	19	139
0	19	148
0	-1	150
0	-1	146
0	8	135
0	18	143
0	13	131
0	16	133
1	-1	151
1	14	149
0	24	151
0	19	149
0	-1	150
0	13	120
1	-1	151
0	23	150
0	13	150
1	-1	150
0	13	149
0	14	149
0	14	148
0	15	150
0	20	149
0	16	150
0	-1	150
0	20	145
0	19	142
0	14	150
0	13	150
0	-1	150
1	12	134
2	-1	106
1	17	137
0	16	151
0	37	147
0	-1	145
0	16	150
0	49	151
0	-1	151
0	-1	123
0	18	146
0	-1	147
1	15	143
0	-1	144
0	-1	148
0	16	135
1	18	150
0	14	151
1	11	151
0	-1	151
1	-1	148
1	20	149
0	-1	146
0	-1	148
5	12	150
0	15	141
0	20	150
1	17	148
2	-1	149
0	11	151
0	13	150
0	-1	143
0	14	150
0	-1	150
0	-1	148
0	33	150
0	-1	150
1	-1	145
1	-1	150
0	16	125
0	15	147
0	15	150
0	12	144
0	10	150
0	20	147
2	14	150
0	13	150
0	18	150
0	-1	150
0	12	144
0	-1	150
0	17	148
0	-1	148
0	18	149
2	16	151
0	9	142
0	19	147
0	12	150
0	-1	150
0	16	141
0	38	141
0	-1	149
0	-1	150
1	19	151
0	-1	150
1	23	150
0	-1	150
0	11	147
6	45	142
0	12	130
1	-1	151
0	23	150
0	-1	142
0	10	146
0	16	122
0	20	148
0	19	147
0	-1	150
1	-1	135
0	-1	137
0	17	135
0	17	150
1	-1	149
0	27	150
0	9	149
1	15	133
1	16	135
1	39	151
1	-1	121
1	12	150
0	11	149
0	10	151
1	19	146
0	14	138
0	-1	150
0	-1	150
0	23	149
0	10	141
1	16	144
0	15	124
0	-1	133
1	-1	145
0	-1	150
4	14	149
0	18	150
1	-1	144
0	-1	150
0	-1	150
0	15	151
0	17	150
0	6	64
0	18	147
0	-1	150
1	31	149
0	30	141
0	-1	149
41	46	150
0	13	149
1	-1	149
1	14	144
1	-1	147
0	13	150
0	17	150
0	19	145
0	-1	148
0	25	150
0	15	149
0	-1	148
1	17	149
0	17	150
0	12	150
0	-1	150
1	-1	141
0	12	147
0	-1	151
2	11	150
0	-1	150
1	19	151
1	22	150
0	9	150
0	-1	151
1	17	149
0	-1	149
0	10	120
0	11	150
0	14	151
1	14	149
0	14	140
2	15	139
0	-1	150
1	-1	149
1	13	151
1	15	150
0	25	141
0	15	149
1	8	130
0	29	148
0	-1	151
1	19	137
1	-1	150
0	11	134
0	15	150
1	-1	142
1	11	149
0	7	125
0	26	150
0	-1	150
0	18	149
0	-1	132
1	6	88
0	14	150
1	-1	144
0	26	149
2	37	149
0	-1	149
1	9	150
0	-1	151
0	-1	151
0	14	149
0	15	150
1	11	150
0	26	150
0	19	112
1	-1	143
0	-1	150
0	17	150
0	15	151
0	-1	150
0	38	143
0	13	151
0	13	150
1	-1	150
0	14	144
0	10	92
0	15	146
0	-1	138
0	-1	145
0	-1	148
1	12	150
0	14	150
1	11	130
0	8	151
0	21	147
0	10	149
1	17	150
0	17	150
1	16	131
0	22	124
0	-1	150
0	17	147
0	22	150
1	17	150
0	-1	124
0	-1	150
1	20	151
0	13	150
0	6	150
0	-1	150
1	17	142
1	-1	149
0	13	146
0	12	136
0	14	119
0	16	146
0	-1	142
0	20	150
0	18	150
2	-1	142
0	13	150
1	-1	150
0	12	150
0	20	149
0	-1	150
1	-1	150
1	18	148
0	23	151
0	10	68
0	-1	150
1	40	151
0	17	150
0	19	150
1	15	149
0	11	150
0	13	150
0	9	150
0	12	150
0	-1	149
0	-1	151
0	17	151
0	23	146
0	12	150
0	21	143
0	9	149
0	20	147
0	19	130
0	13	137
6	12	147
0	16	134
1	20	150
0	-1	151
0	15	150
0	15	117
0	17	146
0	-1	148
1	-1	151
1	-1	150
1	-1	146
0	20	147
0	11	150
0	24	145
0	-1	150
0	-1	151
0	7	139
0	30	150
1	21	145
2	20	142
1	-1	146
0	22	150
0	14	151
0	-1	148
0	16	150
0	14	150
0	7	150
1	-1	137
1	-1	133
0	-1	142
0	30	151
0	15	149
0	25	150
1	18	141
0	13	150
0	10	150
0	13	150
0	15	139
1	14	131
0	-1	147
0	18	150
0	14	147
1	-1	149
1	26	151
0	15	146
0	14	145
0	14	139
0	10	150
1	17	150
2	-1	123
0	6	150
1	11	150
1	-1	117
0	10	150
0	41	150
0	19	149
0	12	137
0	7	147
0	-1	145
0	24	143
1	12	149
0	18	147
0	9	150
1	-1	149
0	-1	151
0	-1	142
0	-1	136
1	22	130
0	21	145
1	22	149
0	-1	150
0	-1	151
0	-1	150
1	-1	150
3	-1	150
0	23	146
1	33	150
0	25	145
0	12	150
1	30	150
0	13	151
0	-1	144
0	24	134
1	23	151
0	-1	147
2	24	142
3	17	149
0	-1	151
1	-1	126
0	26	150
1	-1	149
0	-1	134
0	-1	146
0	17	150
0	-1	150
0	-1	92
0	20	151
0	-1	150
0	21	132
0	19	150
0	28	150
0	38	150
0	-1	150
1	-1	128
1	-1	150
0	-1	149
3	-1	134
0	13	150
0	13	143
0	-1	150
0	28	148
0	-1	150
0	-1	150
0	18	150
0	15	146
0	-1	151
0	30	145
0	9	148
1	22	150
1	-1	144
2	-1	150
0	17	150
1	18	150
2	-1	149
1	14	129
0	-1	149
1	25	145
0	-1	150
0	31	149
0	16	142
0	21	141
0	10	147
0	-1	151
2	20	151
0	-1	150
2	-1	127
1	7	150
1	8	150
2	-1	150
0	18	146
2	-1	147
0	-1	139
0	11	150
0	-1	151
1	17	150
2	-1	150
0	13	150
0	16	149
1	-1	149
1	18	150
1	-1	148
0	15	143
2	15	150
0	15	143
2	-1	150
1	34	150
0	7	150
0	38	150
0	11	146
0	14	148
0	15	148
0	-1	149
1	17	150
0	21	150
1	16	150
3	17	151
0	11	150
1	8	133
0	-1	150
0	15	150
1	19	137
1	20	150
0	18	151
0	46	150
0	18	149
0	-1	150
0	-1	135
0	18	147
0	-1	151
0	36	151
0	17	150
1	-1	150
0	13	150
0	-1	150
0	13	150
0	18	150
0	17	150
0	17	146
0	-1	136
0	23	147
1	19	149
1	-1	150
1	13	150
2	11	150
2	16	121
1	20	144
0	-1	150
1	18	150
0	29	151
0	14	127
1	23	150
0	-1	151
0	-1	149
1	29	150
0	-1	149
2	26	148
0	34	150
0	15	151
0	-1	144
1	-1	128
0	15	146
0	13	150
1	17	150
1	-1	127
0	-1	149
1	33	148
0	-1	143
0	17	151
1	38	151
1	33	147
0	-1	143
0	38	150
0	21	147
0	13	150
0	-1	150
0	-1	151
0	28	149
0	20	126
0	29	147
0	-1	118
0	14	134
1	7	130
1	15	151
1	15	147
0	-1	150
0	11	149
0	24	150
0	18	148
0	15	149
0	19	149
1	15	151
3	-1	145
0	-1	151
1	-1	148
1	-1	149
0	19	140
1	-1	150
0	21	149
0	19	150
0	10	137
1	15	150
1	-1	150
0	17	143
1	13	150
1	16	151
0	-1	150
1	14	150
0	14	145
0	-1	150
0	13	148
1	-1	147
0	18	150
0	-1	149
0	16	151
0	-1	145
0	-1	150
0	16	149
1	25	146
1	-1	145
0	15	150
0	15	150
0	-1	130
0	10	151
0	22	150
0	-1	151
0	-1	147
0	21	138
0	18	150
1	-1	150
0	16	142
2	-1	150
0	21	151
0	11	149
0	-1	132
0	16	126
0	14	150
1	15	119
2	19	150
1	-1	149
0	-1	148
0	-1	136
1	19	151
0	-1	122
0	16	150
1	-1	150
0	16	151
0	20	150
1	-1	151
0	-1	145
0	41	147
1	20	141
0	21	151
1	-1	149
0	-1	148
0	15	149
0	-1	150
0	-1	151
2	-1	150
1	15	151
0	-1	150
0	32	149
0	19	150
0	15	146
0	15	141
1	22	150
1	-1	151
0	20	136
1	-1	150
0	18	146
0	19	149
0	17	151
0	-1	149
1	13	145
0	10	147
0	9	150
1	16	150
0	37	150
0	16	150
0	17	142
0	-1	130
0	20	151
0	43	147
1	-1	145
0	12	150
1	12	150
0	27	151
0	13	151
0	-1	147
0	-1	150
0	19	147
0	-1	149
0	24	150
0	12	96
1	20	151
0	15	150
0	30	148
1	-1	150
0	13	105
2	-1	150
0	42	151
0	17	151
1	-1	150
0	-1	150
0	-1	150
0	7	134
0	14	145
0	-1	143
0	-1	150
0	23	142
0	-1	151
0	21	151
0	-1	145
1	9	150
1	-1	150
0	-1	150
0	-1	150
1	-1	130
0	-1	148
0	22	149
1	7	91
0	18	149
0	26	150
1	-1	150
1	19	150
0	37	150
1	15	150
0	-1	148
0	13	128
0	9	149
1	19	146
1	18	149
0	-1	146
1	16	132
0	-1	129
0	12	149
1	18	150
0	14	150
0	13	150
0	15	150
1	13	150
0	17	149
1	-1	150
0	-1	149
0	10	150
1	-1	148
0	14	150
1	17	143
0	20	150
2	16	150
0	20	131
0	8	147
0	11	150
0	13	149
0	16	150
1	15	150
1	15	151
0	15	146
0	12	149
0	-1	148
0	-1	147
0	11	91
0	-1	150
0	18	150
1	-1	147
0	11	146
1	15	148
0	-1	147
0	-1	150
0	26	150
0	11	150
0	13	150
2	13	150
1	34	148
0	9	148
0	-1	150
2	-1	150
0	-1	150
0	15	142
1	30	150
0	14	110
0	11	63
1	-1	149
1	-1	150
1	12	150
4	17	132
1	-1	147
1	11	145
3	21	150
1	-1	151
0	18	150
1	-1	148
0	-1	149
1	20	150
0	14	148
0	-1	151
1	-1	150
0	15	150
0	14	150
1	-1	149
0	10	147
0	19	150
0	16	151
0	20	150
0	10	147
0	18	150
2	18	150
0	-1	147
1	-1	147
1	12	139
0	16	135
0	-1	151
0	15	149
1	-1	150
1	18	144
1	33	150
0	26	148
1	-1	150
0	10	150
1	-1	147
1	16	150
0	-1	149
2	19	130
2	-1	149
0	-1	147
0	16	150
1	12	149
1	11	150
1	21	150
0	-1	150
0	-1	149
0	18	150
1	14	151
0	-1	148
2	21	150
1	-1	147
1	17	151
0	-1	151
0	17	142
0	17	150
0	23	128
0	11	139
0	12	150
1	-1	150
2	14	122
0	-1	151
0	16	151
0	-1	151
0	-1	151
0	38	143
0	15	150
0	25	148
0	12	130
0	23	150
0	22	151
0	14	147
0	26	126
0	16	151
0	15	151
0	11	105
0	26	148
1	41	139
1	-1	150
0	18	150
1	16	151
0	18	151
0	23	150
0	-1	144
0	19	150
2	15	151
0	26	150
1	-1	150
0	-1	150
1	-1	145
0	-1	150
1	18	145
0	15	148
0	16	148
0	19	150
0	13	141
0	16	150
0	14	151
1	-1	151
0	38	150
6	15	137
0	16	148
0	-1	149
0	17	151
2	16	123
0	20	148
0	24	146
0	15	150
1	16	130
1	31	146
0	14	145
0	-1	146
0	13	149
0	17	151
0	-1	150
0	-1	150
0	-1	146
0	-1	150
2	14	150
0	18	132
0	13	148
1	-1	147
0	14	141
0	-1	141
1	18	150
2	24	150
1	-1	149
0	16	150
0	18	142
0	12	150
1	14	129
1	20	150
0	-1	147
0	24	147
0	-1	115
2	-1	150
0	14	130
1	15	150
0	19	150
0	11	142
0	15	150
0	15	145
0	15	148
1	-1	150
0	-1	148
0	17	149
0	-1	132
0	22	150
1	18	150
0	-1	151
0	15	150
0	10	135
0	8	88
0	13	150
1	-1	150
1	9	145
0	-1	148
0	12	149
0	-1	150
0	11	147
1	18	148
2	13	151
2	18	151
2	-1	151
0	-1	150
0	14	147
3	16	149
0	11	147
0	-1	150
0	16	150
2	19	151
1	15	150
0	21	148
2	13	150
1	9	145
0	23	137
0	11	150
0	16	150
0	15	139
0	-1	140
0	19	144
1	26	130
0	12	138
1	-1	148
0	16	150
0	16	151
0	-1	139
0	16	150
1	-1	150
1	13	145
1	18	137
2	20	149
0	-1	150
0	14	147
1	15	151
0	13	149
0	-1	146
0	13	138
0	12	150
0	12	151
0	-1	148
2	13	151
0	15	136
0	9	150
0	-1	145
0	15	150
1	-1	150
0	15	146
0	-1	143
0	12	150
0	-1	150
0	18	148
1	-1	148
0	20	149
2	-1	150
0	20	148
1	-1	150
0	5	110
0	20	146
2	20	149
0	16	134
0	14	146
1	16	145
1	-1	134
1	19	150
0	20	150
0	15	140
0	21	150
0	23	149
0	16	150
0	20	150
2	-1	136
0	-1	150
1	16	132
1	-1	148
0	-1	149
0	17	150
1	22	149
0	27	150
0	22	150
0	12	122
0	15	138
1	-1	150
1	15	150
1	16	134
1	-1	145
0	3	149
1	9	150
0	-1	150
0	-1	150
2	-1	150
1	-1	151
0	-1	146
2	-1	150
0	-1	150
1	17	150
1	-1	151
1	20	149
0	36	150
0	11	150
2	-1	150
0	11	150
3	-1	110
1	22	150
1	21	145
0	16	149
1	12	150
1	17	149
2	-1	151
1	16	150
1	30	150
1	32	130
1	21	150
0	10	150
0	-1	122
1	14	150
0	-1	147
0	15	148
1	12	135
0	-1	150
0	-1	150
0	-1	149
0	10	150
0	20	151
0	18	150
0	-1	149
0	15	148
0	11	146
0	17	145
2	21	149
1	12	142
0	-1	142
0	-1	134
1	19	150
0	16	146
0	-1	150
0	13	151
1	16	151
0	9	140
0	19	148
1	21	133
2	-1	150
0	4	118
0	3	96
1	21	150
1	-1	150
1	15	132
0	13	150
1	-1	150
0	16	150
0	40	150
0	-1	131
0	23	150
1	-1	150
1	16	150
0	-1	150
1	-1	150
0	-1	137
1	-1	150
1	14	141
1	18	151
0	20	145
1	20	150
0	21	150
0	24	147
1	-1	130
0	18	150
2	21	142
0	15	145
0	-1	143
0	8	93
0	16	112
0	17	147
0	-1	147
1	-1	150
0	11	111
1	-1	150
0	15	146
0	11	151
0	19	141
0	-1	148
0	13	150
2	32	138
2	35	150
0	14	129
0	16	148
0	17	150
0	23	138
0	11	149
2	19	126
0	-1	150
1	35	149
0	16	151
0	-1	151
0	23	150
0	19	140
1	-1	139
0	-1	147
1	-1	149
0	31	135
2	-1	150
4	-1	151
0	16	148
1	-1	150
0	-1	150
0	20	150
0	-1	148
1	19	150
0	18	146
0	20	150
0	21	127
1	-1	151
0	20	141
1	-1	150
0	16	150
0	12	136
0	11	148
1	19	150
0	11	150
0	33	148
1	-1	149
2	10	135
0	-1	149
5	-1	150
1	18	150
0	14	149
1	-1	138
1	11	150
0	-1	148
0	16	147
0	-1	123
1	-1	149
0	-1	150
1	16	150
0	-1	147
2	20	150
0	17	150
0	-1	150
0	-1	151
1	24	150
0	5	127
0	17	150
0	15	151
0	-1	146
0	17	150
0	15	136
1	20	150
1	12	123
0	13	146
1	-1	150
0	14	148
0	18	125
0	-1	151
1	-1	151
1	19	148
0	16	150
0	-1	149
1	34	150
0	13	140
1	-1	150
0	-1	150
0	17	148
0	35	150
0	13	150
1	9	81
0	-1	149
0	21	151
0	-1	147
0	-1	150
0	-1	150
2	16	145
0	18	151
0	-1	150
0	14	150
0	17	147
0	15	139
0	14	127
1	27	150
1	-1	150
1	24	147
0	-1	146
0	-1	147
1	-1	151
0	9	103
0	13	120
1	-1	148
0	27	137
0	10	135
0	13	145
0	18	149
0	20	150
0	12	150
0	19	143
0	16	138
1	12	150
1	19	148
2	18	136
0	-1	149
0	12	150
0	14	150
0	14	128
0	13	150
0	44	150
1	19	151
0	17	149
0	12	146
0	-1	151
1	17	145
2	14	135
0	17	150
0	42	151
1	-1	149
0	-1	128
0	20	150
2	-1	140
0	17	118
0	-1	139
0	15	150
1	-1	148
0	13	148
0	16	150
1	21	151
0	21	151
1	-1	150
0	-1	150
1	-1	148
0	-1	148
0	-1	117
1	-1	149
0	-1	147
1	15	149
1	12	149
0	14	137
0	22	144
1	18	121
1	-1	147
0	10	142
0	25	151
0	19	140
0	26	127
0	10	148
1	19	150
1	12	145
0	16	139
0	21	149
0	10	128
1	22	142
0	18	150
0	7	115
0	-1	121
0	17	149
0	22	148
0	17	132
0	13	125
0	23	150
0	14	150
0	19	119
1	21	150
0	-1	149
0	10	118
0	12	150
1	11	105
1	-1	135
0	-1	116
0	-1	150
0	17	127
0	-1	150
0	16	150
0	-1	143
0	4	75
0	16	150
1	-1	149
6	21	145
1	6	115
0	42	144
0	16	150
0	21	142
0	-1	136
0	-1	138
1	3	65
0	-1	149
1	19	143
0	15	144
0	-1	132
0	18	150
1	21	123
1	23	150
1	-1	142
0	15	149
1	11	151
1	-1	150
0	-1	134
0	15	147
0	40	150
1	11	151
0	11	140
0	16	149
0	-1	135
0	16	150
1	-1	142
0	30	150
0	10	151
0	-1	147
0	16	151
2	9	149
1	18	125
0	-1	150
1	20	148
0	-1	150
0	-1	146
1	8	151
1	19	147
0	16	127
1	25	150
1	11	149
1	14	141
1	-1	150
0	13	147
0	17	148
0	18	114
0	-1	146
1	-1	149
0	17	146
2	12	136
0	36	150
0	16	148
1	-1	148
0	18	140
0	9	151
1	23	149
0	28	150
1	-1	150
0	15	150
0	36	145
0	-1	149
0	-1	126
0	24	151
0	9	150
0	10	145
0	-1	145
0	14	149
0	-1	148
0	14	150
0	18	151
0	14	137
0	-1	132
0	-1	148
0	1	65
0	32	150
1	-1	148
2	14	148
0	-1	147
1	9	151
1	-1	151
1	15	147
0	8	115
1	-1	149
0	7	111
0	10	129
0	10	136
1	-1	111
1	-1	149
0	18	135
0	30	145
1	16	143
1	-1	132
1	13	116
1	13	114
0	-1	151
1	16	151
0	12	147
1	10	123
0	18	151
0	-1	150
1	13	147
0	16	150
0	18	150
0	-1	150
0	13	146
1	15	150
0	17	131
0	-1	150
0	9	150
0	-1	144
2	18	139
0	15	151
2	-1	151
1	-1	146
2	-1	147
0	25	150
0	-1	150
1	13	130
0	-1	130
2	-1	148
0	-1	149
1	19	150
0	-1	148
0	13	150
0	20	135
1	26	150
0	30	151
1	-1	151
0	8	149
0	15	137
0	5	98
0	10	151
0	-1	150
1	16	150
1	-1	150
39	43	147
25	28	99
21	21	83
1	11	149
1	-1	150
0	5	136
0	10	121
0	-1	147
0	16	149
0	19	151
0	-1	140
0	13	150
0	6	137
0	6	148
0	14	149
1	13	138
0	14	150
1	-1	147
0	10	149
1	26	126
0	30	150
0	22	150
0	13	149
0	13	147
0	17	139
0	20	151
1	22	149
1	-1	146
0	23	150
0	21	150
0	12	138
0	21	145
1	-1	150
0	-1	147
0	11	146
0	-1	149
0	12	129
1	-1	150
1	15	151
1	-1	147
1	-1	100
0	12	94
0	15	150
0	18	150
17	23	63
0	13	146
1	10	148
0	-1	151
0	17	149
0	14	150
0	13	150
0	14	149
1	-1	126
1	-1	149
0	18	146
1	18	150
1	14	148
1	25	132
0	11	151
0	12	149
0	-1	150
0	15	150
0	13	149
0	-1	149
1	16	134
0	13	149
0	18	149
0	19	150
0	13	149
0	13	150
1	-1	142
0	-1	151
1	40	150
0	-1	147
1	12	149
1	-1	143
2	18	150
0	-1	146
3	18	124
0	-1	149
1	11	118
0	-1	151
0	3	150
1	11	147
1	11	132
0	-1	135
1	23	150
1	11	104
0	9	120
0	9	148
0	15	149
0	16	139
2	15	140
0	20	146
0	11	147
52	44	148
2	-1	151
20	20	62
0	18	139
1	18	147
0	33	134
0	12	147
1	-1	150
0	-1	149
0	17	147
0	22	151
0	-1	143
1	23	149
1	17	150
0	5	74
0	12	150
0	10	150
0	6	72
0	33	146
2	-1	146
0	22	150
0	20	148
0	34	146
1	17	142
0	-1	150
0	9	148
0	14	134
0	27	149
1	-1	138
0	11	91
1	-1	150
0	29	148
1	-1	136
0	32	150
1	20	150
0	11	150
0	18	151
0	-1	148
1	-1	150
0	10	150
1	16	149
1	-1	136
1	-1	150
0	20	151
0	-1	151
1	42	150
0	14	146
0	-1	151
0	7	140
0	21	148
0	-1	150
0	-1	149
0	20	144
0	-1	149
1	-1	141
0	-1	150
0	13	150
1	-1	142
0	16	148
0	-1	134
0	20	148
0	15	151
0	20	141
0	16	146
0	32	146
0	-1	147
0	16	150
1	34	151
0	19	150
1	-1	146
1	-1	149
0	-1	147
1	13	123
0	13	150
0	-1	151
0	-1	149
0	16	150
0	-1	130
0	19	151
0	17	149
1	-1	147
4	13	138
0	18	148
0	42	151
0	10	150
0	16	148
4	22	151
0	-1	150
0	15	150
1	20	150
2	-1	149
0	-1	149
1	-1	148
1	-1	151
0	16	150
0	13	150
0	32	145
1	34	147
1	17	138
0	12	143
0	11	150
1	-1	147
0	-1	149
1	-1	148
0	-1	145
0	-1	150
1	-1	150
2	17	148
0	17	147
1	-1	149
0	27	150
0	12	150
0	31	150
0	-1	144
1	22	150
1	-1	145
1	-1	147
0	14	135
47	51	150
0	-1	148
0	-1	149
0	-1	151
0	10	150
1	-1	151
1	27	151
0	9	149
2	13	150
0	23	143
1	16	150
1	22	151
0	-1	150
8	25	151
1	20	150
1	15	143
0	-1	150
0	16	134
0	16	150
0	-1	143
0	37	151
0	14	150
3	15	150
0	-1	150
0	-1	150
1	-1	150
0	24	150
0	18	150
2	-1	146
0	30	150
0	-1	150
1	20	145
1	15	147
0	20	138
0	13	150
0	18	150
0	-1	134
0	-1	150
0	6	151
0	-1	150
1	-1	143
0	21	150
4	26	148
0	17	148
0	-1	150
0	12	144
0	24	151
2	-1	149
1	18	150
0	-1	127
0	10	139
1	-1	148
1	24	150
0	22	145
0	22	150
0	-1	151
0	8	108
0	-1	139
0	18	145
0	-1	141
0	24	150
0	14	150
0	14	150
0	15	151
0	16	149
0	-1	150
0	-1	151
0	-1	150
0	18	147
0	10	150
2	-1	147
0	18	135
2	20	151
0	23	150
1	19	146
1	20	150
1	-1	151
0	12	150
1	16	149
2	16	150
0	17	135
0	13	149
0	-1	149
0	10	131
0	-1	143
0	15	141
0	19	150
0	20	148
0	-1	151
2	19	150
0	10	150
0	16	138
0	-1	150
1	-1	150
1	14	149
0	12	135
0	-1	145
0	-1	150
0	-1	150
0	15	150
0	16	149
1	31	151
0	-1	150
0	11	150
1	20	150
1	-1	150
2	15	150
1	12	150
0	-1	150
0	14	148
0	15	143
0	-1	147
1	34	148
0	10	150
0	-1	149
0	19	150
0	19	149
1	13	151
0	-1	145
0	20	150
0	21	138
0	10	150
0	-1	150
2	14	150
2	14	149
0	19	150
0	-1	150
1	11	151
0	41	147
0	12	150
0	23	147
0	10	126
0	-1	151
0	30	150
0	15	141
0	-1	150
1	-1	84
0	19	149
2	-1	150
0	17	149
0	-1	135
0	-1	147
0	16	142
0	21	150
0	16	149
0	22	132
0	18	150
0	11	109
0	38	149
3	38	145
1	17	144
0	9	150
0	17	148
2	22	149
0	13	150
1	25	150
1	19	150
0	23	148
0	18	150
0	27	149
0	-1	143
0	23	150
0	12	151
0	9	113
0	-1	148
0	-1	145
0	-1	150
2	-1	147
1	18	140
1	18	110
1	-1	150
1	35	150
0	-1	148
0	16	136
1	-1	151
0	-1	145
0	19	142
0	-1	149
1	-1	149
1	-1	148
1	-1	146
0	36	145
0	15	150
2	-1	146
0	38	150
0	12	144
1	-1	151
0	43	150
0	-1	149
0	-1	151
0	20	119
1	18	151
1	-1	151
0	13	140
0	8	150
0	-1	151
0	-1	150
0	14	122
1	18	151
0	21	150
0	13	141
0	12	148
0	21	135
0	16	150
0	11	149
1	20	149
0	18	151
0	-1	147
2	-1	150
0	13	149
0	38	150
0	-1	150
1	34	149
0	-1	150
0	22	150
0	22	150
0	15	151
0	-1	150
0	-1	150
1	-1	150
0	15	140
2	18	139
1	20	145
0	25	151
0	-1	150
0	11	151
0	16	150
0	21	151
0	-1	150
0	-1	149
0	15	148
0	18	150
0	-1	150
1	9	125
0	12	149
0	-1	150
0	29	147
0	12	148
0	13	150
0	9	150
0	13	150
1	23	149
1	20	150
0	20	149
0	-1	151
2	15	147
1	12	150
0	10	151
0	10	131
1	10	150
0	-1	146
1	15	150
1	15	150
0	15	147
1	11	149
0	-1	150
0	13	149
0	23	151
1	38	150
4	-1	150
2	29	123
0	13	149
0	9	148
0	8	151
0	-1	141
1	-1	150
0	10	145
0	-1	148
1	-1	148
0	-1	149
0	16	150
2	-1	151
0	11	150
0	18	150
0	-1	149
0	-1	149
0	-1	150
0	18	126
0	14	149
0	11	149
0	-1	148
1	15	145
0	16	148
0	13	150
0	16	150
1	40	143
2	-1	151
0	13	151
0	-1	150
0	6	114
1	15	145
2	-1	147
0	10	149
0	17	150
1	18	149
1	18	150
0	-1	151
1	-1	150
0	14	129
1	17	150
0	17	149
1	-1	146
0	16	150
0	25	148
0	23	150
2	-1	147
1	-1	150
0	18	149
2	-1	150
0	19	150
0	17	147
2	13	150
0	-1	150
1	16	151
1	27	150
0	15	149
0	-1	149
0	35	150
0	-1	146
0	41	149
0	21	148
0	9	149
0	20	151
0	24	150
0	16	150
0	14	148
1	-1	149
0	19	142
0	29	147
1	-1	150
0	14	150
0	-1	147
1	13	151
2	-1	151
1	21	150
1	9	150
1	19	149
0	22	150
0	-1	149
0	15	151
0	14	150
1	13	150
0	19	150
0	11	147
0	13	146
0	47	145
3	18	149
1	-1	150
1	37	150
0	18	149
0	12	79
0	15	151
1	18	130
0	20	148
0	12	148
0	-1	151
2	-1	150
0	25	149
2	23	150
0	18	151
1	-1	149
2	-1	150
1	18	137
1	-1	150
0	4	100
0	16	123
0	17	149
2	16	146
0	15	149
1	30	150
0	12	142
0	18	151
0	12	144
0	26	150
0	10	63
1	15	145
0	15	151
0	-1	146
0	18	150
1	14	132
1	15	151
0	-1	150
0	-1	150
0	4	151
0	37	139
1	8	148
0	-1	150
0	20	138
1	-1	140
1	-1	150
0	32	148
1	24	150
0	15	141
0	26	149
1	19	139
1	21	149
0	16	149
0	16	150
2	20	145
0	21	151
1	18	148
0	20	83
0	18	119
0	33	150
1	19	150
0	22	150
0	19	150
1	14	139
1	-1	150
0	-1	150
1	16	151
0	-1	149
0	-1	151
0	10	147
0	7	150
0	19	150
0	15	129
0	11	147
0	14	147
1	13	148
0	-1	150
2	13	146
0	20	150
0	23	150
2	-1	144
0	13	151
0	-1	146
0	11	147
0	-1	150
1	28	146
0	-1	151
0	-1	150
0	10	122
0	6	149
0	-1	148
1	20	150
0	29	149
1	-1	148
0	16	150
0	-1	148
1	19	150
0	-1	147
0	20	150
0	15	148
0	16	148
1	-1	150
0	-1	150
0	17	150
1	15	150
0	-1	150
0	15	105
1	-1	147
0	-1	150
0	16	150
1	-1	150
1	10	148
0	19	149
0	12	150
0	28	150
1	42	149
0	-1	150
1	-1	150
1	-1	150
0	9	143
1	-1	149
0	17	132
1	40	150
1	15	150
0	13	151
1	15	150
1	11	149
3	-1	150
0	20	149
1	-1	151
1	-1	150
0	19	147
1	-1	146
0	14	148
0	23	138
1	-1	149
0	38	150
0	15	145
0	11	148
1	-1	125
1	11	150
1	-1	150
0	12	148
0	17	144
0	15	150
0	-1	150
0	26	150
0	31	134
0	14	140
0	23	144
0	10	150
1	18	124
0	-1	147
0	-1	150
0	-1	146
0	-1	150
0	20	151
0	12	143
1	15	150
1	-1	150
0	-1	148
0	12	150
1	18	142
0	-1	149
0	-1	150
0	30	150
1	-1	147
0	-1	124
5	13	142
0	18	150
0	14	147
0	16	121
0	13	151
1	-1	151
1	23	147
0	12	98
1	16	148
1	-1	150
1	21	150
0	-1	146
0	11	150
0	11	65
1	-1	148
1	19	149
0	13	150
1	-1	147
0	-1	146
1	25	150
0	16	149
1	-1	150
2	-1	149
0	-1	151
1	10	140
0	16	150
1	-1	150
1	13	151
0	19	126
0	8	145
1	20	150
0	19	148
0	21	146
0	11	149
0	-1	150
0	16	147
0	17	150
0	21	150
0	20	150
0	-1	150
0	-1	135
1	12	150
1	12	128
0	-1	149
1	-1	133
0	-1	146
0	14	117
0	15	150
0	22	150
1	-1	150
0	19	150
0	15	131
0	32	145
1	13	147
2	-1	147
1	-1	144
2	-1	151
0	13	148
0	19	150
1	10	134
1	-1	148
0	14	150
0	-1	150
1	-1	149
0	-1	150
0	17	151
2	-1	151
0	-1	150
0	-1	150
0	12	150
0	12	148
0	17	150
0	-1	150
0	-1	150
1	-1	150
2	15	111
0	12	127
0	20	150
0	-1	149
2	21	150
0	-1	151
2	18	151
0	16	149
1	-1	151
0	12	150
0	-1	150
0	20	150
1	-1	151
1	-1	150
1	25	151
0	15	150
0	-1	132
2	-1	150
0	-1	150
0	15	149
0	-1	148
0	17	149
0	20	150
0	18	132
0	11	137
0	11	129
0	17	149
1	20	143
1	-1	145
0	-1	149
0	14	150
0	-1	149
0	32	150
1	15	147
0	-1	147
0	7	145
0	-1	151
0	-1	151
1	14	150
0	21	148
0	15	145
0	15	147
0	17	147
1	-1	150
0	-1	151
0	14	142
0	-1	141
0	-1	150
0	16	144
1	-1	148
1	18	146
0	20	146
0	18	144
4	-1	150
0	-1	143
1	12	151
0	8	149
0	-1	151
0	16	117
2	18	150
1	14	150
1	8	139
0	-1	149
0	11	148
0	17	148
0	18	150
0	25	150
0	12	115
1	-1	150
0	2	92
0	15	149
0	27	149
0	-1	144
0	-1	121
2	-1	150
0	-1	145
1	-1	137
1	13	150
0	13	148
2	-1	147
0	18	148
1	-1	138
1	18	148
1	-1	151
2	-1	138
2	-1	149
0	16	150
0	-1	146
0	26	130
0	-1	148
0	20	149
0	9	133
0	-1	120
0	10	149
0	-1	119
3	-1	149
2	-1	150
2	-1	148
1	9	150
2	-1	147
0	-1	150
0	15	150
0	9	141
0	9	143
0	13	150
0	42	149
1	18	143
1	19	150
0	21	151
1	-1	142
0	13	142
0	-1	88
2	37	150
1	20	141
0	26	150
1	-1	147
0	18	148
1	-1	147
1	-1	150
4	16	151
0	24	150
3	-1	150
0	15	150
1	-1	150
1	-1	148
0	30	150
1	20	150
0	12	145
0	16	137
1	27	150
1	-1	150
0	18	147
0	24	137
0	23	134
0	11	144
0	14	146
0	20	151
0	-1	146
0	30	151
0	10	135
1	-1	151
0	-1	147
0	18	150
0	20	150
0	14	150
0	33	148
1	13	115
1	-1	151
0	16	147
0	-1	150
0	11	122
0	13	123
1	18	151
0	19	150
1	-1	147
0	20	150
0	15	150
0	15	150
0	20	147
0	-1	149
0	-1	150
3	15	149
0	17	150
0	-1	146
0	18	150
0	20	149
0	16	111
1	-1	149
0	39	150
3	-1	150
0	12	149
2	-1	150
1	17	149
0	10	150
0	-1	140
0	-1	124
1	-1	150
1	-1	150
0	17	149
3	16	150
0	-1	149
0	13	150
1	9	145
0	-1	147
0	-1	145
1	-1	149
1	-1	148
0	15	150
1	36	148
0	17	146
0	10	139
0	14	137
0	12	149
0	19	150
2	18	150
2	-1	150
1	15	146
1	11	129
0	-1	150
2	-1	150
0	-1	150
0	19	150
0	-1	146
1	-1	150
2	27	150
0	-1	150
0	-1	149
1	-1	150
0	9	146
0	-1	150
0	-1	150
0	11	148
0	30	150
1	-1	150
1	-1	138
0	17	150
0	8	126
1	-1	150
1	21	150
1	-1	150
0	-1	140
0	11	150
0	-1	150
0	-1	147
0	10	149
1	-1	150
0	-1	148
0	10	150
1	21	139
0	17	138
0	13	146
2	-1	150
1	-1	150
0	13	149
0	18	150
0	-1	150
1	23	150
1	-1	151
1	17	151
0	16	150
0	12	150
0	-1	145
0	13	151
0	-1	150
0	-1	151
1	13	150
0	29	146
1	-1	150
0	17	151
0	18	151
2	-1	150
0	18	150
0	35	150
1	14	148
0	-1	149
0	34	150
0	-1	150
0	31	150
1	20	151
0	-1	149
0	16	151
1	17	150
0	-1	148
0	14	150
0	16	147
1	-1	141
0	18	151
1	13	150
0	20	151
1	-1	136
1	19	143
0	-1	150
1	-1	149
0	27	139
0	8	150
0	24	150
1	15	150
0	-1	148
0	15	147
0	-1	136
0	-1	150
0	16	150
2	9	150
0	20	121
0	18	142
0	17	150
0	9	150
0	11	149
3	16	150
0	13	151
0	13	150
0	19	149
0	12	149
0	-1	138
0	-1	150
0	18	150
0	-1	146
2	-1	150
0	19	150
0	12	146
0	13	150
0	15	150
0	-1	150
1	-1	150
0	-1	151
0	10	150
0	15	148
1	16	150
0	19	150
0	-1	150
0	23	150
0	-1	149
1	15	150
1	26	150
0	-1	150
1	-1	147
2	22	150
0	19	150
1	-1	151
2	-1	150
0	11	150
0	45	150
0	17	148
0	18	151
1	10	150
3	-1	150
0	15	148
0	15	148
0	23	150
0	15	150
1	18	150
0	-1	151
0	11	141
0	7	150
0	19	150
0	16	149
0	16	143
0	12	140
0	-1	149
0	15	139
0	-1	149
1	15	150
0	-1	149
0	-1	150
1	-1	148
2	33	150
0	10	151
0	-1	150
0	15	149
0	15	114
1	16	150
1	-1	150
0	13	149
1	-1	149
0	-1	150
2	-1	150
0	35	150
0	33	151
0	-1	148
1	42	149
0	38	151
0	-1	148
1	-1	138
0	18	150
1	19	145
0	15	149
1	-1	151
0	10	150
0	-1	150
0	29	142
1	13	149
0	24	151
0	26	151
1	12	148
0	10	128
1	20	150
1	17	144
1	15	143
1	-1	150
0	17	150
0	17	150
0	16	150
4	20	145
2	-1	148
0	16	150
1	41	150
1	-1	151
0	-1	140
0	-1	151
1	21	150
2	-1	150
1	6	123
1	12	143
1	14	150
1	-1	141
0	15	150
0	21	150
1	20	150
1	-1	136
1	17	150
0	16	149
1	11	149
2	19	150
1	-1	145
1	17	148
1	-1	150
1	-1	146
0	21	142
0	24	150
2	38	150
0	34	150
0	18	149
0	13	118
0	22	150
0	-1	151
0	-1	150
0	21	150
0	22	150
0	-1	140
0	14	149
0	-1	150
0	17	146
0	15	146
0	16	149
1	17	150
0	18	148
0	-1	150
0	18	147
1	19	151
0	14	150
0	-1	150
1	18	150
0	13	143
0	19	150
0	8	150
0	12	133
0	16	150
0	21	151
1	-1	143
1	14	146
0	12	150
1	17	151
1	9	148
0	14	120
0	9	148
0	16	150
0	-1	150
0	13	147
0	14	149
0	-1	149
1	-1	145
1	21	150
1	-1	150
4	18	150
0	18	150
0	-1	149
0	-1	151
0	26	150
1	18	150
1	-1	150
2	-1	145
0	-1	150
0	-1	150
1	14	148
0	13	137
0	19	150
2	-1	150
1	36	150
0	-1	148
0	17	150
0	40	147
1	17	148
1	-1	151
0	13	149
0	15	145
1	14	151
0	-1	151
1	16	150
1	16	150
0	10	151
1	17	145
1	-1	147
0	30	150
0	6	132
0	16	146
0	-1	149
0	18	146
1	-1	151
0	13	147
0	20	147
0	18	143
1	44	149
0	-1	146
1	20	150
0	-1	145
0	4	125
1	-1	150
1	-1	151
0	21	150
0	19	150
0	14	149
0	14	151
0	14	148
0	17	149
0	7	150
1	18	136
0	22	150
1	-1	117
0	12	151
1	-1	150
0	36	150
0	-1	149
1	-1	150
0	14	149
2	14	148
0	11	145
3	18	148
1	22	150
2	15	151
0	11	148
1	-1	149
2	-1	146
2	17	136
1	35	146
2	-1	151
0	18	150
0	22	149
1	-1	129
1	-1	150
1	-1	150
1	-1	146
0	14	139
0	-1	146
0	12	150
0	12	150
0	22	147
0	16	150
1	15	150
0	11	130
0	17	149
1	33	136
0	21	148
1	23	150
1	13	121
1	-1	150
0	13	142
0	-1	151
0	19	149
0	18	150
0	29	128
1	18	149
0	13	150
0	-1	135
0	11	150
0	14	150
2	-1	146
0	15	150
0	18	150
1	16	142
1	-1	109
0	-1	150
0	11	150
0	-1	150
1	24	151
0	16	145
0	-1	151
1	34	149
0	16	145
0	8	133
0	12	149
1	13	149
1	10	144
0	13	149
0	17	102
1	21	146
1	17	150
1	21	150
0	-1	122
0	38	149
0	25	148
2	19	149
0	14	97
0	12	149
0	-1	140
0	18	149
0	20	150
1	22	148
2	-1	128
3	-1	148
0	16	148
0	-1	111
1	20	149
0	15	151
0	22	151
0	38	150
0	33	150
0	21	149
0	36	146
1	-1	149
1	-1	151
3	-1	150
0	22	151
0	36	149
0	23	150
0	-1	150
1	34	149
0	14	150
0	19	150
0	-1	150
1	23	147
0	-1	148
2	16	145
0	14	150
0	17	148
0	22	151
0	42	150
1	14	149
0	14	150
0	-1	150
0	26	150
0	20	151
0	14	151
0	22	142
0	-1	150
1	16	150
0	21	150
0	-1	151
0	16	148
1	-1	121
0	-1	149
0	-1	150
1	17	151
0	13	150
0	14	150
0	-1	142
0	14	150
0	-1	150
0	18	150
0	18	150
0	12	150
0	13	151
0	19	151
1	-1	144
0	-1	150
0	17	151
0	15	147
0	-1	147
1	19	150
0	16	150
0	19	150
1	20	148
1	21	150
0	18	148
0	17	147
0	14	139
0	11	150
0	17	151
0	23	150
0	18	150
0	12	150
1	-1	144
0	15	150
0	16	150
0	16	150
0	24	151
0	25	151
1	-1	151
0	-1	150
0	16	150
0	9	150
2	19	150
1	18	146
0	21	141
0	-1	150
1	15	130
0	-1	150
1	23	149
1	8	151
1	-1	149
1	14	143
0	16	150
0	-1	150
0	16	140
0	23	137
1	20	149
0	24	151
0	13	142
0	-1	149
0	17	137
0	-1	150
0	20	150
0	19	150
0	18	150
1	13	136
0	12	149
1	17	148
0	31	145
0	-1	151
0	29	149
0	17	149
0	18	147
1	16	151
0	13	150
0	14	133
1	-1	128
0	16	131
2	-1	146
1	-1	148
1	15	151
1	13	101
0	17	150
0	23	148
2	17	149
0	27	90
0	30	150
0	18	150
0	43	151
1	-1	150
0	-1	150
0	-1	148
0	17	150
1	-1	145
1	-1	148
0	-1	146
0	-1	141
0	18	151
1	15	151
0	14	137
0	21	150
1	14	149
0	11	149
1	36	147
0	14	150
0	-1	150
0	18	151
1	23	147
0	21	151
0	20	150
0	-1	148
0	-1	146
0	23	150
0	-1	148
1	17	151
0	-1	149
1	34	150
1	25	150
1	-1	150
0	-1	149
1	12	150
0	12	150
0	-1	150
0	22	151
0	22	150
0	-1	151
0	13	146
0	12	149
1	12	135
1	19	136
0	21	140
0	36	150
0	-1	150
0	21	149
0	18	150
0	29	148
0	23	148
0	19	150
0	17	138
43	-1	128
0	18	150
0	21	148
0	17	146
0	-1	147
0	17	149
1	-1	150
0	13	130
0	16	148
1	15	150
0	13	150
0	-1	151
1	-1	151
0	8	90
0	-1	150
1	12	147
1	-1	137
0	-1	150
0	-1	145
0	-1	148
0	12	134
0	16	147
0	19	150
0	19	145
1	-1	150
0	-1	144
0	11	129
1	31	150
0	18	150
0	-1	150
0	18	150
0	26	151
0	11	151
0	13	147
0	15	150
0	-1	134
0	36	151
0	-1	137
1	-1	131
0	18	150
0	16	150
0	10	148
1	18	150
0	12	150
0	11	139
0	17	150
2	21	144
1	-1	149
0	2	76
1	-1	150
0	18	151
0	12	149
0	10	151
0	-1	148
0	21	150
0	11	127
0	18	124
1	-1	133
0	10	150
2	-1	150
0	27	151
0	14	149
0	22	146
1	13	150
0	16	147
0	15	151
0	-1	135
3	37	150
1	9	147
0	-1	150
1	40	149
1	19	151
4	21	151
0	6	145
0	25	149
1	-1	151
0	16	150
0	12	150
0	-1	151
1	15	149
0	-1	141
0	16	150
0	13	139
0	-1	149
1	11	150
0	21	150
0	-1	151
0	13	120
0	17	145
0	-1	149
1	-1	144
0	-1	150
1	15	150
0	-1	150
0	15	141
0	9	150
0	34	147
1	-1	145
0	11	117
0	13	151
0	19	151
0	17	132
1	17	150
0	-1	85
0	14	150
0	-1	146
0	16	142
0	12	146
0	7	147
0	-1	150
0	-1	148
0	-1	151
0	-1	150
1	10	149
1	19	140
0	4	110
0	16	136
0	11	146
0	15	150
0	-1	149
0	16	139
1	13	150
0	22	151
1	6	74
0	17	150
1	-1	151
0	20	130
0	-1	150
0	21	149
0	16	112
0	17	138
1	17	150
1	22	150
0	-1	150
0	26	144
0	-1	143
0	7	118
1	10	121
0	-1	149
0	10	137
0	33	135
1	16	149
0	13	150
0	12	150
0	14	142
0	-1	139
0	31	151
0	18	150
0	-1	149
0	23	133
1	-1	145
1	18	146
0	7	151
0	21	150
0	11	149
0	13	122
0	11	149
1	14	149
0	3	149
0	14	128
0	21	151
1	-1	145
1	-1	150
0	15	150
1	23	149
0	-1	149
0	14	150
0	18	149
0	26	149
0	19	150
1	34	149
0	12	110
1	13	131
0	24	146
0	-1	151
1	15	150
1	18	137
1	15	151
1	-1	142
0	-1	149
0	10	150
0	17	144
1	-1	150
4	22	150
0	13	150
0	11	150
0	11	119
0	-1	145
0	-1	101
1	-1	150
0	7	151
0	-1	151
0	-1	149
2	12	150
1	-1	150
0	10	151
0	12	149
0	20	133
0	16	150
0	-1	143
2	17	150
0	12	122
0	30	149
0	-1	151
0	-1	150
0	18	151
0	15	151
1	15	149
0	-1	150
0	19	150
0	-1	151
1	28	151
0	16	141
0	14	127
0	18	151
0	20	150
0	20	151
0	31	148
1	18	147
0	-1	150
0	30	147
1	-1	150
1	15	150
0	12	146
0	14	150
0	14	127
0	13	131
0	-1	150
2	-1	150
0	19	145
0	-1	151
0	10	150
0	11	125
1	-1	150
0	7	149
0	15	110
0	15	150
0	-1	126
0	-1	141
2	-1	148
2	15	147
0	12	133
0	14	149
0	-1	150
0	17	150
0	-1	151
0	15	142
0	15	151
0	11	104
1	-1	151
0	10	150
0	10	150
1	-1	150
0	35	150
0	10	145
1	-1	127
1	7	145
1	-1	150
0	15	147
1	12	151
2	-1	150
1	2	97
1	14	150
0	-1	127
0	-1	151
0	17	150
0	14	150
0	-1	131
1	13	146
0	13	151
1	-1	150
0	17	140
0	26	123
0	-1	147
0	-1	139
1	18	150
0	6	90
0	27	151
0	25	150
1	18	150
2	12	127
0	17	148
0	-1	150
0	13	150
0	14	150
0	22	147
1	19	150
0	14	150
0	20	146
1	-1	151
1	16	150
1	18	150
0	14	110
0	12	150
1	21	150
1	-1	150
0	-1	150
0	38	149
1	7	150
1	11	126
0	15	143
0	16	150
0	16	150
0	16	150
0	21	150
0	21	142
1	14	150
0	16	144
0	-1	145
1	-1	149
1	17	136
1	21	151
0	13	150
0	16	150
0	13	144
0	16	150
1	9	150
0	-1	147
0	36	148
0	11	147
0	21	150
0	-1	128
0	19	150
0	15	150
1	-1	150
2	22	149
0	5	131
6	23	149
0	20	148
0	-1	150
0	19	149
0	1	106
1	23	148
1	-1	150
1	18	150
1	14	150
0	-1	145
1	-1	150
0	18	144
1	31	149
0	15	150
2	-1	121
0	20	150
0	16	150
2	-1	146
0	-1	149
0	12	150
1	11	125
0	21	147
0	-1	151
0	16	150
1	16	141
38	-1	148
36	40	149
0	-1	151
0	38	143
0	23	140
1	37	148
0	16	140
0	13	137
0	10	149
0	10	147
0	-1	130
0	17	151
0	26	132
1	-1	150
1	13	134
0	21	150
0	19	138
0	17	134
0	-1	149
0	17	150
2	40	150
0	29	150
1	-1	147
1	15	148
0	-1	149
0	11	112
0	-1	146
2	-1	151
1	9	107
0	21	150
1	-1	151
0	10	82
0	-1	151
1	17	151
1	28	137
2	-1	139
0	14	150
0	-1	150
1	24	151
0	28	150
0	-1	103
0	13	150
1	18	150
0	13	146
0	12	151
0	19	150
0	-1	148
0	14	150
0	-1	151
0	9	150
0	33	148
1	38	150
0	9	150
0	14	148
0	45	147
0	11	147
0	14	145
1	13	150
0	12	150
0	-1	150
0	15	141
1	-1	150
0	20	134
0	-1	137
0	15	148
2	-1	150
0	-1	150
0	25	146
0	-1	148
0	21	150
0	15	151
0	15	122
0	17	150
0	10	150
0	15	149
0	14	149
0	-1	137
2	36	149
0	-1	150
0	13	150
0	-1	150
0	26	150
0	13	145
0	-1	150
0	36	149
0	11	150
0	11	100
1	-1	145
0	18	149
0	25	150
0	-1	151
0	-1	150
1	-1	150
1	-1	150
0	11	139
0	13	148
0	16	138
0	15	150
1	24	150
0	20	150
0	-1	129
0	-1	150
0	12	150
0	18	136
1	37	151
0	38	150
0	26	137
1	16	121
1	7	151
1	17	149
0	11	151
0	15	137
0	18	148
1	13	149
0	-1	147
0	-1	150
0	14	150
1	16	147
0	22	145
0	-1	150
2	17	147
1	16	150
0	13	146
0	6	62
0	-1	143
1	21	149
0	10	150
1	7	121
0	18	144
0	17	147
0	16	148
0	13	149
0	30	144
0	11	150
1	-1	150
0	7	150
0	18	145
0	-1	150
0	19	148
1	-1	140
3	-1	151
0	19	147
0	36	143
1	6	125
0	14	141
1	-1	149
0	-1	149
1	10	151
1	20	150
1	37	150
0	12	150
1	11	151
0	11	149
2	-1	131
0	17	150
0	13	148
2	10	150
1	18	150
0	-1	150
0	16	149
1	27	151
0	10	150
0	12	145
0	11	150
1	16	151
0	29	149
0	16	150
0	13	150
0	11	126
0	45	150
0	18	150
1	-1	148
1	22	150
1	-1	147
0	24	150
0	14	149
0	14	151
0	21	151
0	-1	149
0	34	149
0	18	144
0	10	148
1	21	150
1	20	151
0	11	150
0	14	150
0	37	146
1	33	141
0	15	150
0	12	151
0	39	150
0	22	150
1	-1	150
0	16	142
0	-1	151
0	19	149
1	18	151
0	17	150
1	21	151
1	8	149
1	-1	147
0	10	144
0	-1	150
1	14	150
0	6	101
0	-1	147
0	12	127
0	12	150
0	-1	140
0	-1	149
0	16	150
0	21	146
2	-1	139
0	-1	149
0	6	118
1	13	145
1	16	121
0	23	150
2	-1	151
1	-1	147
1	16	150
0	13	150
0	14	149
0	-1	150
0	16	150
0	17	150
0	18	146
0	11	120
0	16	147
0	22	150
0	18	138
3	20	150
1	35	150
1	-1	150
0	-1	150
0	17	134
1	-1	150
0	17	132
3	-1	148
0	11	100
0	-1	147
0	14	121
2	-1	148
0	10	149
0	12	151
0	12	145
1	-1	150
0	15	151
1	15	140
0	-1	150
1	15	149
0	18	150
1	47	150
0	16	150
0	-1	149
0	-1	150
0	19	146
0	18	150
0	34	145
1	15	148
0	18	150
1	32	149
0	15	121
1	19	150
0	30	123
0	8	128
1	-1	151
1	19	139
1	16	141
0	-1	150
0	6	150
0	21	148
0	-1	151
1	-1	144
1	43	150
0	20	151
1	-1	146
1	14	139
0	13	149
1	12	144
0	19	150
0	18	150
0	30	150
0	15	150
0	12	132
0	-1	149
1	15	150
0	10	150
1	-1	140
0	12	150
0	11	150
0	-1	149
0	40	150
1	-1	150
1	17	149
0	9	151
0	36	150
0	-1	150
1	-1	151
0	22	150
1	-1	144
0	13	150
1	11	149
0	13	151
0	10	148
0	-1	150
0	12	147
0	15	150
0	17	151
0	12	149
3	28	150
0	9	151
1	-1	146
0	17	151
0	15	150
0	9	147
2	34	111
0	-1	150
1	-1	150
0	19	149
0	12	126
0	8	150
0	-1	151
0	20	137
0	-1	150
0	-1	140
0	23	150
0	13	150
0	12	150
0	16	128
1	12	149
0	-1	150
0	8	116
2	21	144
0	19	136
1	-1	150
0	12	149
0	14	121
0	18	146
0	-1	150
4	13	148
0	27	148
1	13	150
1	4	69
2	17	130
1	18	150
0	-1	151
0	20	150
0	12	112
0	13	150
0	15	143
0	15	150
0	13	121
0	12	151
0	-1	150
1	-1	147
1	21	150
1	18	150
0	13	150
0	17	128
0	-1	149
0	43	149
0	19	150
0	15	150
0	13	149
0	-1	148
1	33	148
1	19	139
0	15	134
1	-1	149
0	-1	150
0	-1	150
0	16	150
0	17	150
0	-1	151
0	-1	149
0	-1	150
0	19	149
0	4	111
1	-1	148
1	16	132
1	-1	145
0	23	150
0	20	150
2	10	137
2	12	150
0	-1	148
0	22	143
0	19	150
0	5	81
0	-1	149
0	11	148
0	-1	149
0	9	120
0	19	151
0	12	148
0	-1	136
0	16	150
1	16	134
1	14	150
1	-1	151
0	10	150
1	16	151
0	19	146
0	13	98
0	12	85
1	14	151
0	-1	150
0	-1	149
1	-1	150
1	10	139
1	-1	150
0	18	149
0	15	150
0	13	130
0	-1	149
1	-1	150
0	31	140
1	-1	150
0	-1	150
1	-1	147
0	23	151
0	20	150
0	21	151
1	22	145
1	-1	145
0	14	149
1	13	150
0	22	151
0	18	150
2	20	150
1	15	150
0	-1	150
0	19	150
0	11	147
1	-1	150
0	44	150
0	-1	150
0	-1	147
0	21	148
0	-1	134
0	-1	150
0	20	147
2	13	143
0	15	150
0	15	150
0	-1	147
0	-1	151
0	16	150
0	43	150
0	-1	148
1	21	120
1	22	147
1	-1	151
1	12	150
0	-1	149
0	-1	149
0	9	146
0	21	151
1	19	151
0	16	150
0	17	150
2	-1	150
1	-1	150
0	16	150
2	-1	150
0	40	149
0	19	150
1	-1	144
0	20	150
0	15	150
1	13	150
1	16	150
1	10	113
0	35	149
1	18	150
0	12	151
0	23	150
0	14	145
0	-1	149
0	37	149
0	-1	147
0	-1	146
0	16	150
0	14	148
0	-1	150
1	15	147
0	19	150
1	18	150
0	-1	138
0	-1	148
0	15	150
0	-1	150
0	14	150
0	11	145
0	-1	151
0	-1	150
0	17	151
0	8	151
1	14	137
0	-1	151
0	16	148
2	-1	149
0	-1	150
0	-1	149
0	21	149
0	17	150
0	-1	150
0	22	151
0	20	151
0	43	150
0	12	150
0	14	150
0	18	149
0	12	148
0	-1	147
0	9	150
1	18	150
1	13	148
1	15	146
0	-1	151
0	22	150
0	-1	150
0	30	151
2	15	150
0	-1	150
0	23	147
1	14	147
0	10	103
0	11	150
0	11	147
1	-1	151
0	23	148
0	19	149
1	14	147
1	-1	150
0	10	150
0	-1	150
1	26	136
0	10	80
0	30	147
1	-1	148
1	23	151
0	-1	150
0	-1	150
2	-1	150
0	12	150
1	-1	151
1	17	146
2	14	149
0	34	150
0	-1	150
0	16	150
1	-1	151
0	20	150
0	14	150
0	20	141
0	-1	146
1	16	144
0	11	150
0	-1	147
1	20	150
1	14	115
1	-1	150
0	40	150
1	18	150
0	19	150
0	19	150
0	-1	150
0	23	147
1	-1	149
0	17	150
0	12	150
0	-1	150
0	25	127
0	12	150
0	14	150
0	-1	150
1	-1	149
0	-1	150
0	18	150
0	-1	150
0	-1	150
0	-1	150
0	14	150
0	17	150
0	17	151
0	10	135
1	26	150
0	8	150
1	-1	150
1	28	139
1	14	150
0	-1	150
1	27	151
1	-1	149
0	24	148
1	16	147
0	12	139
1	-1	118
2	29	149
2	18	127
0	40	150
1	-1	133
0	-1	150
0	-1	147
0	12	147
0	20	150
3	21	150
1	-1	150
0	22	150
2	-1	151
9	24	126
0	-1	150
2	10	150
0	17	151
0	-1	151
1	19	150
1	-1	147
0	12	133
1	16	150
0	13	132
0	-1	133
1	-1	151
1	-1	150
1	17	150
1	-1	150
0	9	151
0	17	150
0	34	149
1	18	147
1	19	150
0	15	150
0	14	150
0	-1	151
0	12	105
0	-1	149
0	-1	145
0	37	145
0	13	133
0	15	150
0	32	150
0	14	150
1	17	151
0	-1	143
0	-1	147
0	-1	122
0	-1	151
0	17	150
0	11	121
0	-1	148
1	15	150
0	12	150
0	29	150
1	-1	149
0	-1	150
1	-1	139
0	13	151
2	23	130
1	-1	150
0	-1	149
1	16	129
1	-1	150
0	16	122
0	-1	149
1	-1	150
0	-1	150
0	-1	150
0	-1	148
0	-1	150
0	-1	149
1	-1	148
0	12	144
0	15	151
1	15	150
0	15	139
0	11	151
0	18	150
0	10	150
0	39	150
0	15	151
0	-1	147
0	22	150
0	-1	149
0	12	149
0	36	151
1	18	150
1	-1	151
1	20	148
0	16	150
0	13	151
0	15	149
2	21	151
1	14	150
0	18	150
0	-1	126
1	-1	145
2	19	127
0	-1	150
1	15	150
0	12	150
0	16	128
0	15	115
0	13	144
2	-1	149
0	8	150
0	-1	149
0	-1	150
0	14	148
0	14	150
0	30	144
0	12	150
1	18	151
0	-1	150
0	-1	149
0	-1	145
0	-1	147
1	-1	151
0	-1	150
1	14	149
0	18	150
1	34	140
0	21	136
0	-1	150
0	-1	150
0	-1	149
0	15	150
0	20	150
0	-1	148
0	-1	145
0	14	151
1	18	150
0	16	148
0	34	150
0	16	110
0	23	151
0	19	149
1	-1	150
0	17	146
0	-1	150
0	10	150
1	-1	147
0	13	151
0	19	144
0	8	151
0	18	150
1	-1	150
2	15	150
0	12	149
0	25	150
0	-1	150
0	-1	149
0	14	150
0	17	146
0	12	150
1	17	130
0	-1	149
0	16	149
1	12	150
0	21	150
0	-1	150
0	-1	148
1	21	139
0	-1	150
0	17	150
0	26	147
0	16	146
0	17	149
0	-1	106
0	11	151
0	7	150
3	14	151
1	-1	150
0	-1	150
0	11	140
0	15	144
1	-1	150
0	-1	150
0	14	148
0	15	150
2	13	150
0	-1	150
0	14	150
0	-1	135
0	13	148
0	14	150
2	-1	150
1	-1	149
1	17	150
0	-1	151
1	-1	148
0	-1	149
0	-1	149
0	-1	150
0	16	131
0	17	151
0	18	149
0	-1	151
1	-1	151
1	20	143
0	15	148
2	15	150
0	21	151
0	-1	150
0	-1	141
0	-1	150
2	24	151
0	-1	149
0	11	147
0	18	131
0	-1	150
0	13	144
0	-1	143
0	-1	150
0	36	150
1	20	150
0	15	148
0	38	150
0	19	150
0	14	150
0	16	151
0	15	146
0	11	148
1	17	145
0	13	150
0	-1	150
1	-1	148
0	-1	149
0	14	150
2	21	150
0	18	150
1	-1	150
1	17	150
0	17	150
0	-1	151
1	-1	149
0	18	151
0	-1	149
0	-1	150
1	-1	150
1	-1	145
0	17	150
0	16	149
0	-1	149
0	17	145
1	14	150
1	-1	144
1	-1	150
0	12	147
0	-1	150
0	15	149
0	-1	150
0	11	131
2	22	150
0	12	151
0	16	150
1	17	146
0	16	150
0	13	148
0	10	133
0	14	146
0	28	148
0	-1	147
0	11	149
0	15	149
1	-1	148
0	8	149
2	15	151
1	34	150
0	12	151
0	24	150
0	12	150
0	17	147
0	16	150
0	17	150
0	-1	151
0	23	120
0	19	151
1	32	150
1	-1	150
0	19	146
0	12	150
0	31	149
0	-1	150
0	-1	150
0	-1	147
0	-1	150
1	-1	140
0	-1	150
1	-1	150
1	-1	150
0	-1	150
0	-1	150
1	-1	150
1	15	148
1	15	147
0	15	150
1	16	148
1	35	150
0	-1	136
0	-1	148
1	18	150
1	11	120
0	-1	150
1	17	150
0	21	151
1	-1	137
0	12	127
0	9	143
0	-1	151
1	-1	145
0	-1	137
1	14	150
0	11	151
1	14	126
1	17	150
0	20	150
0	12	150
1	18	150
1	-1	151
1	12	150
2	-1	150
0	-1	150
0	13	151
0	-1	151
0	18	150
0	16	151
0	20	150
0	22	149
1	19	151
1	7	151
1	-1	150
3	-1	144
0	14	150
0	16	136
0	-1	148
0	-1	150
0	14	150
0	-1	149
0	28	151
1	11	150
1	-1	143
0	12	150
0	14	148
0	-1	150
0	10	150
0	-1	143
1	-1	148
0	21	150
0	17	150
0	19	150
0	20	150
0	16	150
0	15	150
0	18	150
0	21	151
1	-1	149
0	14	150
0	17	131
1	-1	147
0	-1	129
1	-1	150
1	-1	150
0	21	149
1	-1	147
0	-1	147
2	18	147
1	-1	150
1	14	150
0	15	150
0	11	150
0	15	150
0	26	151
1	-1	149
1	41	148
0	16	149
0	13	150
1	34	139
0	-1	149
1	16	149
1	-1	151
1	14	150
0	22	151
0	13	150
39	56	149
0	-1	148
1	16	149
2	34	150
0	8	150
0	40	150
0	31	150
3	-1	151
1	-1	96
0	-1	148
0	-1	150
0	14	150
0	13	140
0	16	146
0	14	149
0	19	150
0	15	148
0	14	132
0	13	145
1	18	150
0	19	150
1	15	145
0	28	150
0	-1	149
1	-1	150
0	5	73
0	30	145
1	14	150
1	20	150
0	5	148
0	26	150
0	-1	150
0	-1	150
0	-1	150
0	-1	150
0	19	150
0	30	150
0	18	150
0	-1	140
0	31	132
1	13	150
0	-1	137
1	9	101
2	-1	150
1	-1	145
0	19	125
1	21	150
1	-1	151
1	20	150
0	-1	149
1	21	133
3	-1	150
0	20	147
0	21	138
0	19	150
1	-1	151
0	-1	135
0	15	150
0	13	149
0	13	151
0	20	129
1	35	150
0	26	139
0	12	146
0	11	127
1	-1	148
0	-1	149
1	17	150
0	-1	149
1	23	150
1	17	150
0	27	150
0	14	150
1	-1	150
0	18	145
0	-1	146
1	-1	136
2	31	150
1	-1	150
2	-1	150
0	15	149
0	13	145
0	-1	149
0	-1	136
0	-1	135
1	-1	145
0	20	150
1	-1	150
0	19	150
0	-1	151
0	-1	141
0	18	151
0	30	148
1	22	150
1	-1	150
1	13	146
0	18	149
0	25	150
1	16	150
1	-1	150
1	-1	150
1	13	150
0	-1	151
3	24	148
0	21	151
1	24	150
0	-1	148
0	14	138
1	18	143
0	15	151
0	17	141
1	17	150
0	24	150
0	16	150
0	10	121
0	-1	150
2	-1	150
0	-1	150
0	12	149
0	-1	149
0	-1	150
0	18	149
0	-1	134
0	20	150
0	37	147
0	32	150
1	-1	150
0	3	149
0	-1	150
0	-1	149
0	18	150
0	18	150
2	-1	151
1	13	150
0	17	150
0	10	149
0	-1	150
0	-1	150
1	19	150
0	18	144
0	11	150
0	15	150
0	-1	147
6	20	151
0	24	148
0	32	150
0	16	150
0	-1	150
1	16	148
1	-1	97
0	-1	144
0	18	150
1	17	148
0	-1	150
0	21	151
0	12	103
0	42	150
1	-1	151
0	39	135
0	-1	150
0	18	146
0	13	137
1	24	150
0	3	75
0	-1	127
0	-1	150
1	-1	150
0	22	148
0	11	150
1	-1	147
0	-1	143
0	15	150
0	13	133
0	12	108
0	-1	150
0	-1	151
1	12	150
0	13	151
1	-1	150
0	21	150
2	-1	151
0	-1	142
0	-1	149
0	21	148
1	13	148
0	35	150
0	12	151
2	12	150
0	-1	150
0	15	150
1	16	150
1	22	150
1	-1	150
1	16	150
1	-1	151
0	-1	148
0	13	151
0	21	139
0	-1	150
1	15	150
0	-1	150
0	16	135
0	31	144
0	12	149
0	-1	150
0	19	150
0	-1	150
0	19	151
0	12	151
1	14	151
0	19	151
0	18	144
0	21	150
0	-1	150
0	-1	142
0	-1	146
0	21	150
0	14	111
1	-1	146
2	21	146
0	35	151
0	12	150
1	18	128
0	-1	150
0	-1	150
2	14	135
0	14	111
1	19	151
1	-1	148
1	16	149
0	16	146
0	15	145
0	24	151
0	13	148
1	13	150
1	36	147
3	20	147
0	17	150
0	13	127
1	-1	108
1	18	150
0	18	145
0	9	146
0	-1	150
0	13	150
0	-1	150
1	-1	150
0	13	150
5	36	147
0	13	149
0	-1	150
0	14	150
1	31	150
2	13	151
0	18	150
1	10	151
0	15	148
1	9	149
0	-1	150
0	14	141
0	-1	145
0	14	145
1	-1	150
0	10	149
0	-1	151
1	-1	107
1	-1	150
0	9	140
1	13	149
0	17	150
0	18	147
1	-1	150
0	-1	149
0	5	147
0	28	150
1	18	144
1	10	150
0	-1	122
0	-1	130
1	12	150
0	-1	146
0	15	149
0	18	147
0	17	151
0	9	124
0	22	151
0	18	149
1	-1	151
0	17	146
0	13	116
0	11	120
0	8	150
0	-1	149
0	11	149
0	8	151
1	-1	151
0	-1	151
0	11	149
0	21	149
0	-1	149
0	22	149
2	-1	150
0	16	147
0	8	83
2	-1	146
0	-1	150
0	15	150
0	13	150
0	22	151
1	13	147
1	-1	150
0	20	149
2	-1	150
0	21	150
0	-1	151
3	24	139
0	14	138
1	25	144
0	11	150
1	-1	151
1	17	149
1	22	150
0	-1	150
0	8	148
2	-1	151
2	18	150
0	8	143
0	-1	149
0	-1	148
0	17	149
0	14	99
1	20	149
1	12	149
0	19	150
0	14	130
3	23	151
0	-1	150
0	-1	147
0	15	150
0	20	136
1	20	148
0	19	145
0	27	151
0	-1	146
0	14	143
0	5	133
0	-1	151
0	23	148
0	10	150
1	13	133
1	10	150
0	15	148
0	-1	148
1	9	150
0	16	150
0	16	123
0	15	149
0	40	142
0	-1	142
0	19	130
0	11	144
0	25	151
1	-1	149
0	9	131
0	-1	146
1	30	141
0	16	148
0	12	150
1	19	145
1	-1	151
0	13	151
0	15	149
1	30	146
0	14	150
1	-1	150
0	19	138
0	-1	150
1	-1	150
0	-1	151
0	-1	149
0	14	149
0	-1	151
0	11	99
0	21	150
1	21	145
0	-1	151
0	-1	150
0	15	149
0	-1	148
1	15	149
0	15	149
1	-1	149
0	16	150
0	13	149
0	-1	150
1	9	142
2	20	146
2	-1	150
0	24	150
1	23	148
0	12	120
0	15	150
2	9	116
0	44	150
0	-1	151
2	-1	149
2	17	150
0	18	151
1	15	136
1	-1	149
0	42	151
0	-1	120
0	-1	148
1	-1	143
0	14	150
0	18	129
0	27	130
2	-1	148
0	13	147
0	-1	150
0	12	151
1	6	150
0	9	147
1	-1	141
0	12	148
0	-1	145
1	17	149
1	13	150
0	-1	147
0	11	150
0	9	105
1	-1	151
0	12	149
1	-1	150
0	15	130
1	-1	150
0	9	122
0	-1	150
0	-1	150
0	12	103
0	13	148
0	12	146
1	-1	145
0	-1	150
0	-1	150
0	16	151
0	16	150
1	20	150
0	-1	146
0	34	139
0	16	149
0	-1	119
0	20	150
0	15	147
0	16	144
1	-1	150
0	16	148
3	-1	146
2	-1	150
0	11	150
2	38	149
0	-1	151
0	8	151
0	20	151
1	13	149
0	-1	150
0	-1	150
0	12	111
0	18	146
2	-1	150
1	-1	150
1	18	141
0	15	150
0	17	142
0	-1	150
1	27	150
0	8	126
0	6	93
1	39	150
0	16	140
1	-1	146
1	-1	150
0	12	149
0	9	140
0	-1	149
1	18	141
0	18	150
0	-1	150
0	-1	151
0	-1	147
0	15	150
1	15	150
0	-1	136
0	11	146
1	11	143
0	-1	149
0	18	124
0	-1	150
1	-1	149
0	14	150
0	-1	150
0	37	149
0	15	150
0	43	151
1	40	150
0	23	145
0	39	149
3	16	150
0	-1	148
1	-1	122
0	13	147
3	16	123
0	-1	150
0	17	150
0	14	149
0	21	149
0	10	150
0	32	147
2	-1	149
0	10	150
0	17	149
0	44	149
1	9	131
0	15	151
0	25	150
0	-1	151
0	19	150
0	16	144
0	-1	145
2	-1	148
0	16	150
0	14	150
1	14	150
0	2	70
1	-1	146
0	-1	150
0	-1	150
1	17	150
0	17	150
0	19	148
0	20	150
0	14	150
0	19	150
1	29	150
0	19	149
0	12	149
0	15	132
1	29	150
1	20	147
0	-1	149
1	-1	150
0	12	151
1	-1	147
0	-1	150
0	14	150
1	-1	151
1	-1	150
1	17	150
0	7	151
0	11	150
0	9	149
0	22	150
0	-1	150
0	16	150
1	-1	143
0	-1	150
0	14	140
1	16	150
0	37	151
1	23	143
0	-1	150
0	-1	151
0	29	150
0	-1	148
0	17	148
0	16	150
0	9	89
1	-1	147
0	22	145
0	13	150
0	11	148
1	10	134
0	-1	150
0	7	146
0	-1	150
0	11	150
0	-1	137
0	-1	151
2	-1	150
1	20	149
0	9	149
2	-1	148
0	16	139
0	38	150
0	39	144
2	18	126
0	11	145
0	13	138
0	17	149
0	10	150
0	12	147
1	-1	151
1	-1	148
0	-1	150
2	12	134
0	18	130
0	18	148
0	17	149
1	13	147
1	19	126
0	25	150
0	20	140
1	15	147
2	-1	134
0	19	150
2	-1	147
1	19	150
0	-1	151
1	13	147
0	-1	141
0	18	150
0	-1	151
0	22	119
1	19	150
1	42	151
0	13	150
0	14	129
0	18	150
0	17	147
0	20	143
1	20	133
1	-1	131
1	-1	149
0	17	150
1	-1	150
1	17	150
0	13	150
1	-1	141
2	-1	140
0	19	149
0	24	129
2	35	150
1	19	150
0	-1	149
0	-1	150
0	18	149
0	12	150
0	-1	149
0	16	150
1	13	151
0	15	147
4	37	151
0	21	144
0	10	151
2	16	146
1	11	150
0	35	150
1	13	150
1	-1	149
0	19	150
1	15	151
1	13	151
0	12	131
0	-1	149
0	9	148
1	-1	143
3	-1	150
0	-1	130
0	-1	138
3	-1	151
0	41	150
0	10	150
1	18	150
0	14	148
2	14	150
0	-1	150
0	-1	97
1	-1	148
0	8	150
1	-1	151
1	16	150
0	10	150
0	14	150
1	24	151
0	24	149
0	6	116
0	-1	150
2	-1	150
0	11	150
1	-1	150
0	9	72
0	11	150
0	-1	149
2	-1	125
0	12	150
1	21	114
0	23	151
0	-1	149
0	37	150
1	-1	147
0	11	148
1	15	144
0	31	150
1	-1	141
0	-1	150
0	19	150
1	-1	151
2	11	139
1	14	148
0	19	150
2	41	150
0	13	124
1	-1	150
0	-1	143
0	10	148
0	32	150
0	24	131
0	-1	151
0	9	129
1	15	142
0	7	62
1	19	148
0	12	142
2	22	150
1	11	128
0	12	150
0	-1	143
1	-1	146
0	16	150
0	22	150
0	-1	145
0	15	151
0	13	149
1	15	147
0	14	149
0	39	147
1	17	150
0	15	148
0	-1	141
1	18	147
0	5	120
0	17	150
0	28	150
1	-1	150
0	15	150
0	20	150
0	7	150
0	12	141
1	8	146
0	16	148
0	19	148
0	17	149
0	7	104
0	-1	150
0	19	151
1	-1	147
0	-1	150
1	-1	150
0	20	151
1	17	148
0	13	150
0	14	146
1	22	147
0	10	135
0	-1	150
1	15	132
0	21	150
0	38	149
1	-1	150
0	-1	150
0	-1	151
0	16	146
0	11	95
0	-1	130
0	-1	148
0	17	150
1	-1	150
1	-1	149
0	-1	148
0	14	151
0	-1	150
0	16	141
1	18	147
1	16	150
0	-1	148
0	11	147
0	7	98
0	10	150
0	15	135
0	-1	146
0	12	150
0	-1	149
0	28	148
1	-1	140
0	-1	150
0	13	151
0	17	150
0	12	139
3	22	150
0	16	150
0	15	150
0	18	149
1	-1	149
1	-1	150
0	17	150
0	19	147
1	-1	129
3	17	117
0	21	145
0	-1	127
0	22	150
0	-1	124
0	23	147
2	23	150
0	16	150
0	16	150
0	18	144
0	15	147
0	-1	151
1	18	149
1	19	149
0	12	147
0	27	150
0	14	149
1	-1	150
1	-1	147
1	-1	151
0	11	150
2	21	149
0	23	150
1	22	149
0	15	151
0	-1	151
0	-1	137
1	12	147
2	18	150
0	11	150
1	-1	148
1	-1	145
0	12	150
0	22	145
1	16	140
0	21	151
1	21	150
0	8	112
0	13	148
0	-1	150
0	-1	149
0	-1	148
1	-1	150
1	-1	145
0	17	150
0	16	150
1	-1	145
0	8	146
0	12	150
0	32	149
1	-1	150
0	-1	104
1	-1	150
2	15	150
0	14	150
0	15	139
0	-1	148
1	-1	150
1	13	137
0	17	150
1	-1	148
0	15	148
1	-1	150
0	24	150
0	15	151
0	13	121
1	27	141
0	18	150
2	-1	151
0	-1	149
1	-1	145
0	16	148
0	16	150
0	-1	150
1	19	148
0	-1	150
2	-1	150
2	-1	148
0	-1	151
1	-1	149
0	24	151
0	27	150
0	-1	150
1	10	150
1	-1	150
0	-1	148
1	12	63
0	17	150
0	26	127
0	22	150
1	19	136
1	11	149
2	20	148
1	15	147
0	22	148
0	19	148
0	-1	150
1	13	120
0	10	142
0	12	150
0	-1	149
2	23	151
0	-1	151
0	-1	136
0	13	148
0	16	151
0	14	134
0	17	148
0	19	150
0	11	149
0	17	150
0	14	150
0	-1	138
1	11	150
0	22	143
0	19	148
0	-1	147
0	17	150
0	16	105
1	20	148
1	16	143
0	16	150
0	-1	150
0	35	145
0	-1	151
0	16	150
0	29	149
0	-1	150
1	-1	150
0	14	149
0	16	151
0	-1	148
0	23	135
1	8	150
0	17	151
2	16	150
2	21	151
1	-1	150
0	36	150
0	18	144
0	41	149
0	17	117
0	-1	150
0	11	148
0	12	150
0	17	151
1	-1	150
0	-1	145
0	17	151
1	8	129
1	13	143
1	24	149
1	-1	150
0	-1	150
0	-1	150
46	29	117
0	10	148
0	20	149
0	18	149
1	-1	149
1	-1	147
1	24	147
0	-1	148
0	-1	150
1	-1	136
0	-1	151
0	-1	146
0	18	145
0	-1	151
2	25	148
0	-1	147
0	15	150
0	10	149
0	19	145
0	21	149
0	-1	150
0	16	147
0	-1	150
0	11	150
0	-1	148
0	14	151
2	15	145
0	24	149
1	16	148
0	-1	146
0	17	150
0	9	149
2	-1	150
0	12	149
1	21	151
0	17	149
0	-1	149
0	18	136
0	18	138
2	17	150
0	16	150
0	14	150
0	-1	151
0	-1	148
0	17	150
0	-1	131
0	-1	143
1	16	149
1	12	147
1	-1	151
0	14	150
0	11	149
0	21	148
0	-1	150
0	15	149
2	-1	147
1	-1	151
0	-1	150
0	12	148
0	10	150
1	16	150
0	37	147
2	-1	146
0	16	150
1	-1	149
1	30	146
0	14	143
0	10	151
0	19	141
0	-1	128
0	12	151
0	-1	148
0	13	122
3	-1	143
1	12	128
4	-1	146
0	25	134
0	21	148
0	-1	151
0	-1	151
1	-1	150
0	16	147
0	16	150
0	-1	145
0	-1	149
1	-1	146
1	-1	148
0	-1	150
1	14	148
0	12	147
0	13	150
0	-1	150
0	14	150
0	9	148
0	-1	127
1	1	104
0	15	150
0	-1	145
0	-1	150
1	14	122
0	-1	150
0	-1	150
0	-1	149
0	18	150
0	9	143
0	8	150
0	18	150
0	-1	129
0	-1	149
0	16	130
1	18	149
1	-1	150
0	7	150
1	19	150
1	-1	123
0	19	149
0	12	150
0	13	151
1	14	151
0	39	150
2	16	117
0	-1	150
0	-1	151
0	-1	150
0	9	149
0	15	150
1	-1	151
0	-1	150
1	16	150
0	-1	149
0	18	149
0	16	145
1	-1	150
1	14	150
0	13	130
0	15	151
0	-1	145
0	20	150
0	19	149
0	-1	150
2	18	150
0	13	149
0	16	147
1	-1	146
0	5	150
1	18	149
2	-1	151
0	20	143
0	-1	148
0	-1	150
1	13	147
0	15	149
0	18	145
0	-1	150
1	-1	148
1	13	147
1	-1	150
0	20	150
1	20	151
2	12	148
1	23	151
0	17	129
0	18	150
0	18	150
0	16	149
0	16	121
0	-1	124
1	-1	151
1	-1	150
0	16	149
0	10	150
1	20	150
0	14	150
1	15	148
1	12	150
0	9	108
3	20	151
0	4	146
0	12	95
0	9	148
0	15	150
1	18	150
1	9	129
1	-1	133
0	14	147
0	9	150
2	21	139
0	14	150
0	-1	147
0	-1	149
2	-1	150
1	20	150
0	15	144
0	-1	151
2	-1	150
1	-1	150
1	-1	151
0	15	150
0	23	150
0	35	150
1	29	150
1	-1	147
1	14	151
0	14	149
0	11	143
0	29	150
0	18	149
0	-1	150
1	44	150
27	32	99
0	-1	141
2	20	150
1	20	131
2	-1	121
0	19	149
0	14	140
0	17	149
0	19	149
0	-1	149
0	14	141
1	17	144
0	16	143
0	14	149
0	-1	142
0	16	150
0	17	143
0	-1	150
1	-1	150
1	18	149
1	14	150
1	15	148
0	12	150
3	-1	150
0	-1	132
0	20	150
0	14	150
2	19	126
0	-1	150
0	8	141
1	17	140
0	11	151
0	26	148
0	14	150
1	16	150
1	9	129
0	17	150
1	10	150
1	-1	148
1	12	143
0	15	150
0	22	149
0	-1	146
0	21	148
0	23	149
0	19	150
0	15	150
1	14	148
0	-1	132
1	-1	149
0	-1	150
0	17	150
0	-1	75
0	-1	150
0	13	150
0	14	150
0	10	106
0	-1	149
0	-1	151
0	11	140
0	-1	151
2	16	116
0	12	149
0	33	147
1	-1	151
0	7	145
0	16	149
1	16	136
0	17	151
0	-1	150
0	12	150
0	20	149
0	-1	147
1	-1	147
0	17	145
1	11	124
0	-1	150
0	20	151
0	15	150
1	15	150
0	-1	148
0	-1	150
0	-1	124
3	-1	150
0	20	150
0	-1	144
1	14	149
0	14	149
0	-1	150
0	42	150
1	29	150
0	11	146
0	-1	143
0	17	147
0	13	151
0	17	148
0	14	151
0	18	147
0	9	150
0	10	150
0	7	122
0	19	145
0	-1	144
1	-1	150
0	34	151
0	22	150
0	19	150
1	19	148
0	16	130
0	-1	149
2	12	149
1	18	141
1	13	150
0	20	149
1	15	149
0	17	150
1	21	150
0	17	144
1	-1	127
3	12	108
1	38	150
0	17	147
0	14	148
1	28	149
0	21	149
0	6	151
1	-1	151
1	34	147
0	-1	148
35	47	144
0	11	150
0	-1	144
0	-1	138
0	40	151
0	-1	148
0	12	148
1	-1	151
1	-1	145
1	-1	151
0	15	137
1	-1	150
0	35	151
0	11	148
2	-1	148
0	-1	151
1	15	131
2	9	128
0	20	151
1	-1	150
0	-1	150
0	15	151
0	21	151
1	10	151
1	9	150
0	10	150
0	-1	150
1	-1	139
0	35	147
1	16	151
0	14	150
0	17	146
0	13	137
1	13	141
1	14	131
1	30	150
0	12	137
0	5	150
1	13	150
0	11	140
1	14	133
1	12	118
0	6	148
2	-1	145
0	-1	148
1	19	149
0	-1	151
1	20	151
0	-1	151
0	15	147
2	-1	141
0	18	150
0	-1	147
0	14	150
0	22	150
0	-1	150
1	-1	150
1	-1	151
0	19	150
4	23	137
0	-1	147
0	15	97
2	37	143
0	-1	137
0	-1	150
0	16	148
1	29	135
1	19	150
0	-1	146
1	34	150
0	21	150
1	17	150
0	-1	148
0	17	146
0	-1	150
0	17	146
0	26	151
1	16	150
0	-1	150
0	-1	149
0	17	150
0	12	143
3	-1	149
0	17	142
1	-1	150
1	15	149
0	11	96
2	18	148
0	16	149
0	29	149
0	19	145
0	-1	143
1	10	150
0	15	150
0	14	151
1	15	133
0	-1	150
0	14	150
0	-1	151
3	11	150
0	33	150
0	19	146
0	-1	148
1	8	91
0	-1	150
1	-1	150
0	14	150
1	-1	150
0	14	150
0	-1	141
0	12	150
0	-1	130
0	6	150
0	-1	150
0	-1	150
2	12	144
0	17	151
1	15	147
1	17	105
0	22	151
0	-1	147
1	20	149
0	18	132
0	11	133
0	-1	151
1	-1	150
0	15	140
0	12	148
0	-1	151
0	8	136
1	17	150
0	18	145
1	13	126
2	-1	148
0	-1	147
0	18	150
0	22	150
0	34	142
1	8	105
2	19	150
0	-1	147
1	13	149
0	-1	140
0	12	148
1	17	150
1	10	150
0	17	150
0	-1	150
0	24	151
0	17	151
1	-1	151
0	13	142
0	-1	143
0	-1	148
0	19	150
0	-1	150
0	-1	145
0	9	138
0	20	151
0	-1	150
1	-1	150
0	11	150
0	12	101
0	10	149
0	33	144
1	-1	150
0	-1	147
0	-1	140
1	-1	150
0	14	151
1	-1	148
1	-1	146
1	16	143
1	10	150
0	19	145
1	20	145
0	15	151
0	9	150
0	-1	150
0	19	150
2	-1	147
0	-1	151
1	15	150
0	26	150
1	15	150
0	20	150
0	16	129
0	-1	150
0	19	150
0	11	148
1	-1	150
0	29	149
0	18	150
0	6	145
0	17	147
1	-1	151
1	20	150
0	19	146
1	-1	135
0	14	148
0	-1	148
0	22	146
1	-1	150
0	11	150
0	9	146
1	19	150
1	19	150
0	12	150
1	-1	150
2	19	151
1	14	144
0	-1	149
1	18	150
1	-1	125
0	-1	149
0	16	148
0	13	134
0	-1	150
0	18	150
0	12	150
2	-1	135
0	-1	149
2	-1	147
0	-1	147
0	-1	149
1	13	150
1	19	151
0	9	139
0	18	150
0	11	150
1	19	150
0	-1	150
22	22	79
27	29	101
1	-1	145
0	15	150
0	-1	150
0	3	110
0	-1	146
0	-1	151
0	10	151
0	13	150
0	14	148
0	17	146
1	31	138
0	22	147
1	34	150
0	-1	149
1	-1	150
0	-1	150
1	-1	150
1	-1	150
0	-1	150
1	18	150
0	-1	147
0	-1	138
1	19	150
5	16	150
1	20	151
0	14	136
0	-1	146
0	18	147
0	-1	119
1	-1	147
0	18	150
0	11	150
0	18	150
0	-1	149
1	12	150
0	17	131
0	8	149
0	14	133
0	15	150
0	14	151
0	15	150
0	19	150
1	17	150
0	25	150
0	-1	150
0	-1	146
0	16	148
1	-1	151
0	11	150
0	13	147
1	43	150
2	-1	151
1	27	151
2	11	151
0	36	150
0	31	150
0	16	137
0	-1	147
0	13	150
1	19	137
3	16	150
0	17	148
1	-1	149
0	20	150
0	-1	145
0	-1	147
0	15	147
0	-1	150
0	17	149
0	17	150
0	23	147
0	13	148
1	15	150
1	-1	149
0	13	150
0	17	150
0	9	124
0	-1	151
0	27	114
0	-1	151
0	11	144
0	-1	148
0	-1	149
0	-1	150
0	-1	149
1	6	83
0	14	151
1	-1	151
1	-1	150
1	-1	150
0	18	147
1	17	150
2	6	151
0	-1	150
0	11	149
0	15	150
0	15	150
0	16	148
1	-1	148
0	13	148
1	-1	135
0	15	150
0	12	150
1	31	150
0	11	149
0	18	148
0	16	138
0	-1	148
0	-1	138
0	13	150
0	11	150
0	12	150
0	-1	150
0	-1	148
1	-1	139
0	19	150
0	6	150
0	16	147
1	13	145
0	-1	138
0	14	150
0	21	150
0	18	149
0	19	150
0	12	150
0	-1	150
0	-1	149
0	14	150
0	17	151
2	-1	149
0	-1	134
1	17	150
1	-1	150
0	16	151
0	17	150
0	-1	150
2	16	146
0	16	150
0	11	150
0	11	141
0	-1	150
0	-1	145
1	18	150
0	35	146
0	-1	151
0	-1	150
0	-1	151
1	-1	137
0	16	130
0	13	149
0	-1	146
0	18	146
0	-1	143
0	15	150
1	16	150
4	16	150
1	-1	150
0	18	150
0	12	150
0	-1	150
0	18	150
0	37	150
1	-1	151
1	14	150
1	-1	148
0	10	150
0	-1	151
1	38	150
0	20	151
0	7	149
0	16	150
0	34	150
0	17	151
0	14	148
1	-1	148
0	19	149
0	12	137
2	12	137
0	-1	149
1	-1	151
1	36	146
1	-1	147
0	18	150
0	18	150
0	10	150
0	-1	146
1	14	151
2	12	150
0	21	151
1	-1	149
0	17	150
1	20	150
0	13	148
0	33	146
0	-1	149
1	16	148
0	18	150
0	-1	145
0	-1	149
1	-1	145
1	20	150
1	-1	150
0	10	147
0	-1	150
2	-1	147
0	14	150
1	8	151
0	-1	150
0	11	148
0	15	150
0	-1	126
0	14	148
1	16	129
1	21	151
0	16	151
0	12	149
1	20	151
0	-1	151
0	20	150
0	21	150
1	-1	151
2	-1	150
0	-1	151
0	-1	150
1	14	150
0	-1	150
1	-1	150
1	-1	150
0	16	150
0	-1	150
0	15	135
1	21	151
1	13	150
0	10	150
0	16	144
0	11	123
0	17	146
3	12	150
1	-1	148
0	15	150
0	-1	148
0	11	147
0	27	151
0	14	151
1	-1	147
1	24	150
1	13	141
2	18	150
0	16	150
0	10	150
0	18	151
1	17	149
0	12	149
0	31	150
1	-1	151
0	-1	148
0	15	150
1	10	129
0	6	129
0	-1	150
0	20	150
0	36	147
1	-1	151
2	17	150
0	15	151
0	-1	144
2	-1	151
1	-1	150
1	21	146
0	-1	150
1	-1	150
0	-1	146
2	19	148
0	17	148
1	19	144
0	14	150
1	16	146
0	17	151
2	17	150
0	-1	137
0	-1	150
0	-1	149
0	18	149
1	14	148
0	-1	116
1	22	150
0	-1	150
0	21	150
0	20	149
0	17	150
0	18	148
1	21	143
2	18	150
2	15	132
0	-1	70
1	22	150
0	9	150
0	11	143
2	-1	150
0	15	142
0	12	150
0	14	150
0	-1	149
0	21	151
0	24	147
1	15	150
0	-1	150
1	-1	151
0	-1	150
0	-1	147
0	15	146
1	-1	145
1	18	150
1	9	120
0	-1	150
0	19	149
0	17	150
1	16	148
0	-1	150
0	7	151
0	17	150
0	-1	144
0	17	150
0	11	144
1	14	134
0	15	149
0	11	148
2	-1	150
1	-1	150
2	37	142
0	9	144
0	9	143
0	-1	149
0	20	140
0	19	150
0	-1	150
1	15	150
2	-1	150
0	14	147
0	22	142
1	-1	150
0	-1	146
0	19	149
0	21	149
1	-1	150
1	19	150
0	12	150
0	-1	148
0	10	151
1	-1	150
1	16	150
0	-1	150
1	-1	149
0	14	150
0	-1	150
1	15	148
0	19	145
0	15	146
1	17	150
0	20	140
0	19	150
0	15	123
1	19	151
0	34	150
0	9	149
0	15	126
1	10	148
0	-1	150
0	-1	151
0	-1	149
0	39	151
0	14	151
0	15	150
0	18	148
1	-1	136
0	-1	150
1	16	150
0	-1	150
4	41	150
1	-1	149
0	-1	147
0	9	150
1	-1	151
1	20	143
1	-1	151
1	-1	150
0	11	150
0	15	148
0	-1	149
0	-1	130
0	-1	117
0	15	150
1	-1	150
1	-1	130
0	-1	144
0	11	139
0	14	148
1	-1	137
0	13	151
0	16	151
0	-1	151
0	17	150
1	-1	150
0	19	149
1	42	149
0	14	149
1	-1	150
1	-1	119
0	-1	150
2	-1	148
1	30	128
0	-1	147
0	-1	150
1	19	151
0	-1	150
0	-1	151
1	-1	150
0	16	149
1	-1	151
0	17	150
0	19	150
0	-1	150
0	18	149
0	29	146
0	15	150
0	-1	146
0	-1	143
1	21	146
1	20	150
0	17	150
2	-1	150
0	-1	150
0	-1	150
1	20	150
1	-1	150
0	-1	151
0	-1	150
0	14	130
1	19	150
0	14	150
0	12	150
0	22	148
0	19	149
0	19	133
0	16	148
0	-1	146
0	17	150
1	18	150
0	-1	151
0	51	150
0	9	149
0	12	149
0	-1	150
0	-1	150
0	9	93
0	10	147
1	15	149
0	11	150
0	24	146
0	16	150
0	-1	147
1	41	150
0	-1	150
1	23	150
0	-1	145
0	6	125
0	-1	149
2	23	150
0	9	150
1	23	151
0	12	134
0	14	141
0	19	137
0	14	150
0	26	147
1	35	147
1	20	145
0	17	150
0	13	150
1	18	150
0	13	149
0	24	149
0	13	150
0	15	149
0	35	125
0	10	150
0	-1	151
1	19	146
1	20	150
3	17	149
2	17	150
1	19	150
0	-1	146
0	9	148
0	20	148
0	14	113
0	20	149
0	21	150
0	-1	149
0	-1	150
0	20	150
1	22	150
1	-1	150
1	20	150
0	14	146
0	30	146
0	17	150
0	16	150
1	9	150
1	14	134
0	14	111
0	15	150
1	17	150
1	-1	141
0	11	151
1	-1	138
1	-1	143
0	10	148
1	15	150
1	14	151
0	22	151
0	19	140
1	26	149
0	20	150
0	34	145
1	-1	125
1	-1	135
1	17	150
4	-1	151
1	10	78
0	-1	150
0	-1	148
0	-1	150
1	17	147
1	13	150
0	-1	149
0	11	146
1	-1	151
0	19	148
1	-1	128
0	15	150
1	17	150
0	15	146
0	17	150
0	18	150
0	-1	151
2	18	149
1	14	150
0	-1	135
1	16	149
0	30	150
0	16	150
0	-1	150
0	25	149
1	-1	149
0	11	142
0	-1	150
0	18	150
0	22	150
0	4	149
0	16	150
0	18	151
0	-1	151
0	33	144
0	18	141
1	23	147
1	-1	151
0	10	150
1	18	129
0	18	151
0	-1	136
0	-1	149
0	-1	141
1	29	132
0	-1	145
0	25	150
0	-1	144
1	-1	149
0	14	150
1	17	127
0	12	150
1	10	151
2	9	150
0	-1	126
0	14	134
0	-1	150
0	-1	145
1	17	150
0	17	150
0	-1	133
0	11	150
0	13	122
0	16	119
0	14	150
0	-1	151
0	16	150
1	17	145
0	14	151
1	17	148
0	15	150
1	16	147
0	-1	141
0	-1	94
0	-1	150
0	14	133
1	-1	150
0	12	108
0	16	143
0	15	123
0	19	136
0	28	150
0	20	150
0	21	151
0	16	115
0	-1	133
0	19	150
0	16	127
0	14	150
0	19	144
0	13	150
0	22	151
1	13	146
0	-1	149
0	8	85
0	17	140
0	14	150
0	19	147
0	22	146
0	20	151
0	15	145
0	-1	144
0	42	150
0	-1	150
0	26	150
0	14	150
0	-1	150
1	23	151
0	12	148
1	24	150
0	15	151
0	19	144
0	19	140
0	-1	106
0	17	147
0	14	149
0	16	150
0	-1	150
0	10	150
0	18	150
0	14	147
3	18	150
0	37	145
2	17	133
1	9	150
0	-1	150
1	-1	147
1	-1	151
0	18	150
1	14	150
0	25	130
0	17	150
0	15	150
0	10	151
0	-1	150
1	-1	132
0	-1	150
1	-1	146
0	10	148
1	7	134
0	15	150
0	12	150
0	-1	150
0	-1	128
0	35	142
0	10	146
0	-1	150
0	-1	150
0	-1	150
0	17	150
0	-1	150
0	10	149
1	24	139
0	-1	146
0	5	150
0	18	151
1	-1	151
1	-1	150
0	-1	149
0	23	151
1	-1	150
0	-1	150
0	13	148
1	-1	147
0	9	148
0	8	141
0	-1	150
1	-1	150
0	-1	148
1	-1	150
1	-1	146
0	14	150
0	-1	149
1	-1	149
0	18	150
1	-1	150
0	-1	146
0	-1	147
1	-1	148
0	-1	148
0	8	117
0	16	150
0	11	150
0	14	150
0	16	150
0	4	122
0	38	150
0	-1	149
1	29	144
0	21	150
0	11	146
0	-1	150
0	-1	150
0	15	131
0	13	150
0	-1	150
1	39	151
0	-1	149
0	-1	149
0	25	151
0	26	150
1	15	147
0	17	150
1	-1	150
0	27	147
3	22	150
0	16	145
0	16	144
0	8	150
2	13	150
0	43	150
0	-1	150
0	17	150
1	-1	149
0	-1	150
1	-1	151
1	22	148
0	18	148
1	-1	146
1	7	133
0	16	150
1	-1	149
1	-1	148
1	-1	145
0	22	150
0	-1	147
1	20	150
1	14	150
1	16	150
0	-1	150
0	18	147
0	19	147
0	-1	147
1	-1	150
0	24	150
0	-1	145
2	-1	142
0	29	150
0	13	148
0	11	138
0	-1	149
1	-1	150
2	-1	148
0	26	149
0	16	150
0	28	149
2	-1	146
1	13	151
1	23	147
1	-1	149
0	9	73
1	-1	150
0	32	149
0	13	149
0	-1	150
0	-1	150
1	15	150
2	-1	149
1	-1	149
1	16	136
0	-1	136
0	11	150
1	-1	151
0	-1	150
2	-1	150
0	29	149
0	22	148
0	-1	150
0	11	150
1	-1	150
0	29	146
1	18	150
1	-1	151
2	22	150
1	16	145
0	-1	150
0	13	150
0	13	150
1	-1	146
1	14	146
0	17	150
0	-1	149
1	-1	150
0	27	150
0	18	133
0	-1	150
0	15	151
0	12	148
1	13	150
0	16	150
0	-1	149
0	21	150
1	8	131
0	20	151
0	-1	150
1	-1	148
1	-1	148
1	-1	147
1	-1	147
0	-1	132
0	-1	151
0	17	140
1	-1	150
0	15	147
0	-1	148
0	-1	150
0	-1	149
0	-1	148
0	-1	150
0	25	148
0	10	151
2	17	150
0	-1	150
1	16	147
0	-1	151
0	14	146
1	-1	149
3	-1	147
1	-1	146
0	25	150
0	21	150
0	16	150
0	-1	151
2	19	123
0	13	150
0	-1	151
0	-1	150
0	13	146
0	11	150
0	-1	138
0	-1	150
0	21	151
1	-1	150
1	-1	151
1	14	151
1	19	150
0	36	150
0	20	150
0	17	151
1	-1	136
0	24	148
0	-1	150
0	-1	150
1	18	142
0	19	150
0	21	150
0	19	150
1	16	124
0	11	151
0	10	150
0	-1	150
0	19	137
1	22	148
0	11	150
0	11	150
0	7	151
0	-1	149
0	13	151
1	21	139
0	15	146
1	-1	150
0	7	147
1	49	150
0	13	145
0	8	147
0	-1	147
1	16	147
0	-1	146
0	14	147
0	15	151
0	6	109
1	-1	145
0	25	150
0	12	150
1	44	150
0	14	146
0	17	147
0	-1	119
1	-1	149
1	43	149
0	18	149
1	15	131
0	14	148
0	19	150
0	-1	148
0	18	150
0	18	150
0	11	149
0	14	150
0	-1	140
0	8	150
1	-1	145
0	-1	148
0	-1	146
1	-1	150
0	-1	150
0	-1	149
1	-1	149
0	13	151
0	17	150
0	27	150
1	-1	145
0	14	151
1	-1	150
1	-1	131
1	14	150
2	-1	147
1	18	150
0	-1	147
1	15	150
0	15	148
0	19	140
1	27	150
2	22	150
1	12	132
0	-1	142
0	16	150
0	-1	146
0	12	145
0	-1	150
1	13	150
1	17	129
0	13	117
0	-1	151
1	15	150
0	30	150
0	15	150
0	12	144
1	-1	150
0	16	148
3	29	147
0	22	150
0	8	150
0	33	145
0	13	150
1	16	149
0	9	97
1	16	148
0	11	121
0	14	150
0	12	149
0	-1	133
0	-1	151
1	17	150
0	17	151
0	34	144
1	24	150
1	-1	150
2	13	149
0	20	122
0	-1	144
1	-1	150
1	13	148
2	-1	150
2	19	151
0	18	150
0	33	137
1	-1	149
0	12	134
0	31	144
0	-1	142
0	15	151
1	-1	147
0	-1	149
0	-1	141
0	8	147
2	23	148
0	-1	150
1	15	149
0	18	150
0	17	116
0	9	137
0	12	150
0	-1	100
0	16	149
0	-1	149
0	18	145
0	30	148
0	-1	140
1	16	149
0	-1	139
0	-1	150
0	20	150
1	15	147
0	-1	150
1	-1	148
1	-1	150
0	16	150
0	16	151
0	14	150
0	16	113
0	-1	150
0	17	150
0	-1	151
0	17	150
0	14	150
0	20	150
1	-1	150
0	13	143
0	18	146
1	20	150
0	9	128
1	-1	141
0	10	141
0	-1	148
1	21	150
0	15	148
1	15	150
1	-1	150
0	24	150
0	15	150
1	-1	125
0	15	150
1	-1	148
0	13	150
0	-1	151
1	-1	150
3	-1	150
0	-1	140
0	10	121
0	14	148
0	15	148
1	-1	149
0	-1	150
0	-1	149
0	11	150
1	-1	150
0	-1	150
0	16	149
0	14	137
1	20	150
0	-1	150
4	15	148
0	11	116
0	-1	146
0	-1	117
0	32	147
0	14	150
0	-1	150
0	11	148
1	8	149
1	7	150
1	10	150
0	-1	148
1	-1	150
0	18	149
0	-1	148
0	20	148
0	-1	145
0	19	134
0	7	93
0	-1	149
0	21	150
0	-1	148
0	13	150
0	35	148
0	14	146
0	14	142
0	-1	151
1	17	150
1	20	150
0	16	149
1	16	147
1	14	128
0	18	150
0	19	149
0	18	150
1	-1	150
1	12	149
0	-1	148
0	-1	146
0	10	150
0	-1	144
0	-1	148
0	15	148
0	-1	148
2	24	149
0	19	147
0	12	150
0	-1	150
0	-1	146
0	-1	147
1	-1	150
1	22	150
0	-1	150
0	6	149
0	13	149
1	18	149
0	-1	150
0	15	148
1	-1	134
0	29	151
0	17	150
0	-1	148
0	22	150
1	-1	147
1	17	151
0	14	151
0	-1	149
0	13	141
0	-1	149
0	15	148
1	16	139
0	17	147
0	23	143
0	12	149
0	-1	146
1	7	126
0	-1	148
0	22	147
0	-1	150
0	14	150
2	15	149
1	8	126
1	11	150
0	19	137
1	15	151
0	13	147
0	-1	149
0	22	150
1	14	150
0	3	65
0	22	150
0	7	150
1	19	149
1	-1	148
1	17	151
1	-1	150
0	-1	150
0	-1	150
0	14	145
0	45	147
0	19	139
0	3	132
0	13	97
0	18	141
0	13	149
2	20	148
0	19	151
2	13	149
0	-1	149
1	22	150
0	9	150
0	-1	150
0	22	150
0	7	148
0	14	150
0	8	137
2	20	150
1	21	151
1	18	145
0	18	148
0	22	150
0	-1	150
0	-1	150
0	29	150
0	-1	150
0	15	150
0	13	150
1	-1	151
0	13	151
0	-1	150
0	-1	150
0	13	148
0	13	149
0	-1	150
0	-1	139
1	-1	151
0	10	150
0	-1	149
0	-1	151
0	20	150
0	13	150
0	-1	150
2	19	149
0	-1	149
0	21	147
0	-1	145
0	17	150
0	16	121
2	14	150
0	10	133
0	8	92
0	16	148
0	10	137
0	9	141
1	25	151
0	-1	150
1	15	150
0	13	151
0	14	144
0	12	150
0	-1	150
1	-1	150
0	-1	150
0	13	147
0	11	122
0	21	150
0	-1	149
0	16	149
1	-1	150
1	31	147
0	23	150
2	19	121
0	-1	149
3	18	151
1	19	150
0	19	150
1	14	150
0	21	138
0	23	150
0	9	150
0	-1	147
0	-1	70
0	18	151
0	15	150
0	11	147
1	-1	137
0	25	145
1	-1	147
0	11	150
0	-1	150
0	16	150
0	-1	151
0	-1	150
0	-1	128
0	29	150
0	13	129
0	-1	136
0	-1	150
0	15	147
0	17	151
1	30	137
1	-1	148
0	20	150
1	-1	149
0	46	150
0	17	117
0	16	150
0	15	139
2	31	150
0	-1	144
0	-1	144
1	28	138
2	-1	148
0	17	126
0	21	132
1	37	150
0	16	150
0	14	151
1	16	141
0	9	151
0	-1	144
0	17	149
0	-1	146
0	-1	146
0	-1	150
0	13	150
2	12	150
0	-1	135
1	10	126
0	-1	151
0	-1	102
0	44	150
0	15	147
0	11	150
1	21	138
0	17	149
0	-1	150
0	11	150
0	20	150
1	-1	150
1	-1	150
0	16	149
2	34	148
1	-1	151
1	-1	150
1	13	132
0	-1	151
0	14	150
0	14	150
1	-1	150
0	22	150
2	-1	149
0	13	147
0	-1	150
0	15	150
1	16	151
0	-1	140
0	16	130
1	14	150
1	41	144
0	13	141
0	-1	150
0	-1	134
0	11	148
1	-1	144
0	-1	150
1	15	146
0	29	144
0	17	151
0	13	145
0	8	151
0	31	150
0	10	150
0	19	148
0	-1	150
0	-1	144
0	18	147
1	-1	150
0	34	149
0	19	150
0	-1	150
0	-1	150
0	18	107
0	11	150
0	15	136
0	19	150
1	-1	146
0	-1	150
0	-1	148
0	12	150
0	-1	150
0	15	148
0	-1	149
1	12	150
0	19	149
0	-1	126
1	15	150
0	19	150
0	21	149
0	-1	149
1	18	150
0	-1	146
0	23	150
2	17	146
1	-1	143
0	18	148
0	18	149
0	19	147
1	40	150
2	18	149
0	21	147
1	-1	150
4	-1	147
0	14	150
0	12	150
1	16	148
0	-1	149
0	16	149
0	19	148
0	-1	150
0	-1	150
0	18	150
0	10	103
0	6	68
0	29	146
1	-1	150
1	29	137
1	-1	150
1	14	147
0	-1	150
1	-1	150
0	-1	150
1	-1	151
0	-1	109
1	-1	150
0	8	126
0	14	148
1	33	150
0	17	144
1	38	150
0	10	126
0	45	147
1	-1	147
1	26	151
1	19	150
0	17	150
1	12	150
0	21	135
0	17	150
0	-1	150
0	-1	148
0	11	151
0	19	147
0	12	151
1	22	148
0	21	143
1	12	129
1	17	149
1	-1	149
1	-1	151
1	-1	151
0	11	149
0	19	151
0	21	148
0	-1	146
0	-1	140
0	-1	148
0	-1	147
0	-1	150
0	-1	146
0	-1	150
0	15	150
0	15	147
1	-1	149
1	-1	151
0	-1	150
0	14	147
0	11	140
0	16	150
0	15	150
0	18	146
0	20	150
0	-1	140
0	-1	149
0	27	149
0	-1	150
0	-1	150
0	-1	150
0	30	150
0	-1	150
3	-1	145
1	29	150
0	-1	132
2	-1	147
0	16	130
0	-1	146
1	-1	150
0	17	150
0	42	149
1	12	139
0	21	150
0	12	141
0	12	150
0	-1	140
0	16	142
0	16	145
0	11	65
0	14	108
0	17	151
2	18	149
0	12	148
0	17	150
1	-1	150
0	12	135
1	24	150
1	21	150
0	25	150
0	20	148
1	14	150
3	-1	150
0	16	150
0	12	140
1	20	150
0	22	150
0	16	148
0	-1	150
0	-1	149
1	-1	110
0	-1	150
2	16	150
0	-1	150
2	22	150
1	14	148
1	17	140
0	13	151
0	10	150
1	30	150
0	-1	149
0	-1	150
2	19	150
0	-1	147
0	18	147
0	10	150
0	-1	149
0	19	148
1	-1	150
0	22	150
0	14	149
2	14	150
0	14	115
0	21	145
1	-1	150
0	8	106
0	19	149
1	-1	151
0	15	150
0	-1	151
0	20	150
1	20	150
0	15	150
1	16	148
0	43	150
0	16	150
0	22	149
0	-1	150
0	15	148
0	8	75
0	12	142
0	-1	151
1	-1	139
1	-1	150
2	41	141
0	12	146
0	31	146
0	30	147
0	23	150
0	19	150
2	14	124
0	16	150
1	11	145
0	-1	149
0	17	150
0	-1	145
0	20	148
0	-1	150
0	18	151
0	19	150
0	15	150
0	12	149
0	17	150
0	-1	150
1	22	151
0	-1	149
0	-1	148
0	-1	150
0	-1	150
0	-1	150
0	18	150
0	-1	151
0	15	149
0	15	150
1	17	150
1	-1	147
1	-1	149
0	18	149
1	-1	150
1	-1	149
0	14	150
0	-1	143
1	15	150
0	20	150
1	-1	151
0	18	126
0	-1	149
0	-1	138
1	17	150
0	24	151
0	13	131
1	17	150
0	-1	150
0	-1	150
0	14	151
0	23	149
0	-1	142
0	-1	150
2	38	148
0	13	150
0	17	149
2	-1	147
0	16	150
1	20	149
1	-1	150
1	16	150
2	17	150
0	15	147
0	-1	130
0	47	150
1	15	144
0	24	151
1	20	147
0	-1	145
0	8	143
1	19	145
0	17	146
0	-1	133
1	15	149
0	40	148
0	15	151
0	12	149
3	-1	150
0	-1	137
0	10	150
0	22	150
0	8	94
1	30	148
0	15	151
0	-1	151
0	-1	150
2	-1	129
2	9	134
1	8	146
0	12	123
1	-1	150
1	10	148
0	-1	149
0	-1	149
0	17	150
1	-1	151
0	33	146
0	20	150
0	6	145
1	43	151
0	20	137
0	10	148
0	21	150
0	19	145
0	17	149
0	16	150
1	21	149
0	30	150
0	13	150
0	21	150
1	-1	145
0	-1	150
0	18	149
0	20	150
0	14	142
0	-1	150
0	11	147
0	-1	148
0	-1	147
1	18	150
0	-1	148
0	16	150
0	16	150
0	-1	150
0	-1	148
0	-1	131
1	19	149
0	-1	148
0	8	63
0	16	150
0	18	150
0	13	137
0	13	150
1	-1	150
0	16	150
0	18	132
1	-1	151
0	11	149
0	18	150
0	-1	149
0	16	150
1	11	150
0	17	148
0	14	150
0	-1	148
0	-1	146
1	12	144
0	16	150
1	31	150
0	-1	150
1	11	150
0	8	90
0	21	150
1	16	149
0	9	150
0	-1	149
1	-1	150
0	23	151
0	-1	150
0	14	147
0	-1	142
1	-1	149
0	12	147
0	-1	150
0	-1	150
1	-1	147
1	-1	150
0	16	149
0	17	149
0	12	150
0	19	145
0	18	102
0	-1	149
1	20	138
0	-1	150
0	6	103
0	37	147
2	-1	149
1	16	150
1	-1	150
0	-1	149
1	-1	150
0	12	149
0	-1	150
0	-1	151
0	18	145
0	14	149
0	19	150
0	16	148
0	14	148
2	-1	151
1	13	150
0	15	150
1	12	150
0	14	124
1	12	102
1	19	149
0	36	145
0	-1	148
0	13	149
0	19	150
1	-1	150
1	13	144
1	11	136
1	-1	150
0	13	134
1	17	150
0	23	151
1	18	147
0	-1	144
1	12	145
0	15	138
0	10	121
0	18	151
0	16	142
2	-1	149
0	-1	145
0	9	150
0	14	148
0	24	150
0	13	147
0	27	150
1	-1	149
0	-1	148
1	15	151
0	-1	150
0	-1	150
1	-1	150
1	-1	146
0	-1	150
0	15	150
0	17	150
2	-1	150
0	-1	148
0	37	149
0	11	148
1	37	150
1	21	145
0	34	147
0	15	151
0	15	151
0	16	151
0	-1	150
1	-1	108
1	14	147
1	-1	149
0	11	148
0	13	143
0	8	148
1	-1	150
0	10	123
0	17	150
0	22	149
0	-1	149
0	13	147
0	21	150
1	17	138
0	7	146
0	14	145
0	-1	121
0	-1	150
0	-1	150
0	-1	150
0	-1	143
0	7	142
1	-1	150
1	-1	150
1	14	150
0	16	111
0	10	112
0	-1	148
0	-1	144
0	16	147
0	13	150
0	14	149
0	11	150
0	13	134
1	12	149
0	18	150
1	21	150
1	10	123
1	-1	150
0	9	150
1	18	150
2	14	148
0	-1	150
0	16	151
0	16	150
1	-1	149
0	-1	150
1	-1	149
3	34	148
0	20	150
0	-1	150
1	27	143
1	30	147
1	16	149
0	-1	149
1	17	150
1	-1	150
0	-1	150
0	18	150
31	49	102
0	-1	150
0	18	150
0	-1	145
0	-1	150
0	-1	130
0	-1	150
0	-1	150
0	20	150
1	27	151
0	18	149
1	-1	149
1	-1	142
1	12	149
1	29	147
0	16	143
0	7	150
0	13	148
1	16	150
0	11	150
0	-1	139
0	-1	142
0	11	149
0	16	150
1	17	146
0	-1	146
0	16	147
0	-1	150
0	17	150
0	12	131
1	12	149
1	-1	150
0	36	147
1	-1	150
0	18	150
0	-1	150
0	-1	150
0	-1	146
0	-1	150
0	17	150
0	18	150
0	9	151
1	31	140
0	-1	151
0	-1	150
0	12	151
0	21	150
0	41	150
0	-1	146
3	14	150
1	10	151
0	-1	147
1	22	150
0	12	150
0	12	98
0	-1	149
0	15	150
0	-1	148
0	22	149
0	-1	150
1	14	121
0	17	151
0	-1	150
0	7	149
0	-1	150
1	19	148
1	14	150
0	15	146
1	-1	150
1	-1	150
0	13	150
0	13	150
0	20	150
0	18	150
0	20	140
1	16	150
1	7	150
1	-1	149
0	9	150
0	-1	150
0	11	150
0	19	149
1	-1	150
0	-1	148
0	18	148
0	8	92
1	-1	150
0	-1	151
0	20	150
0	38	150
1	-1	150
0	13	150
0	16	150
0	14	149
0	-1	148
0	13	150
0	38	150
0	-1	145
0	-1	150
1	-1	150
0	11	149
0	-1	148
0	-1	150
0	11	150
1	20	149
0	-1	150
0	17	150
1	43	151
1	5	150
1	-1	150
0	14	149
0	9	148
1	17	130
1	21	151
0	15	146
1	35	150
0	24	150
0	14	150
0	15	149
0	13	150
0	-1	150
0	-1	150
0	30	150
0	-1	148
0	19	126
0	-1	150
1	33	120
0	9	150
2	18	149
0	-1	149
0	16	150
0	17	150
0	18	151
0	16	149
1	12	144
0	-1	149
0	-1	150
2	-1	150
1	-1	146
0	11	150
0	17	150
0	44	139
1	10	146
0	23	150
0	-1	150
0	15	145
0	16	150
0	13	149
1	20	150
0	-1	150
0	13	136
0	-1	149
1	-1	147
0	-1	150
0	12	150
0	14	142
1	12	145
0	16	150
0	-1	145
0	10	146
0	18	148
1	24	150
1	-1	139
0	-1	150
0	11	150
0	11	150
0	23	147
1	-1	150
1	22	150
0	-1	150
0	13	150
0	12	150
0	16	150
0	-1	145
0	15	146
3	24	148
0	15	123
0	-1	146
1	-1	149
0	15	145
0	-1	132
2	17	151
0	26	150
2	14	132
0	12	85
0	24	144
0	-1	150
3	16	116
0	-1	144
1	-1	150
0	9	99
1	16	150
0	14	150
0	20	149
0	15	150
0	22	150
0	-1	144
0	9	149
1	-1	149
0	10	150
0	-1	130
0	-1	150
0	16	149
1	-1	146
1	-1	150
0	-1	141
0	4	133
1	-1	140
0	19	123
0	20	151
0	18	147
0	9	150
0	-1	150
0	-1	150
1	16	149
0	-1	144
0	27	150
0	13	149
0	14	126
1	44	151
0	-1	150
1	13	143
0	-1	146
0	15	150
1	-1	148
0	8	146
0	18	149
0	14	150
0	5	147
0	10	142
0	-1	150
0	-1	148
0	-1	151
0	-1	150
1	-1	145
0	16	150
0	18	150
0	20	150
0	14	136
0	10	151
0	24	150
0	16	151
2	41	148
1	16	150
1	21	140
0	19	150
1	21	150
0	14	150
0	-1	150
0	-1	145
1	41	149
1	-1	143
1	-1	150
1	-1	151
0	-1	136
0	14	150
0	19	150
2	42	150
0	-1	150
0	15	150
1	6	150
0	18	150
0	15	150
0	-1	151
0	17	150
1	-1	147
0	-1	150
1	15	150
0	-1	150
1	-1	150
1	14	150
0	-1	151
1	-1	149
1	-1	150
1	-1	139
2	34	145
0	17	146
0	15	150
0	-1	148
0	13	151
0	25	150
0	-1	150
2	-1	149
0	-1	150
1	20	150
1	12	150
0	16	138
0	-1	150
0	18	150
1	-1	148
0	19	150
0	13	115
2	18	138
1	-1	147
0	25	151
2	-1	150
0	9	150
0	15	145
2	30	150
0	-1	149
1	14	151
0	14	150
0	18	150
0	22	150
0	-1	149
0	24	143
2	17	150
0	13	147
0	13	150
0	23	145
0	19	148
0	15	150
0	15	150
0	18	150
0	20	145
1	-1	150
1	18	151
0	32	150
0	40	147
0	-1	150
1	17	150
0	32	150
0	20	150
0	22	148
0	16	150
1	38	145
1	-1	149
0	13	149
0	10	151
0	13	146
0	10	143
0	15	148
0	-1	147
0	-1	150
0	14	150
0	8	137
1	-1	145
1	15	150
1	31	150
0	11	144
0	7	149
0	39	149
1	11	150
0	-1	150
0	13	151
1	15	151
0	28	150
0	-1	147
0	-1	139
0	10	133
0	26	145
1	-1	133
2	21	150
2	15	150
1	-1	149
2	18	151
1	21	148
0	13	146
0	40	151
1	18	150
1	-1	150
0	-1	145
1	13	149
0	-1	150
1	-1	150
1	16	147
0	11	142
0	12	147
0	12	130
0	23	149
1	37	150
1	16	120
0	-1	148
0	14	150
0	-1	151
0	14	138
0	30	151
0	-1	150
0	13	148
0	-1	137
0	10	150
0	18	148
0	18	145
1	-1	147
0	-1	136
0	17	150
0	-1	150
0	11	150
1	-1	144
1	22	150
0	24	151
1	16	137
0	25	141
1	21	148
0	18	134
1	12	150
1	24	150
0	13	150
1	-1	146
0	10	146
0	14	150
0	18	150
0	-1	149
0	13	150
1	-1	147
2	-1	146
0	16	149
1	-1	144
0	17	150
0	-1	141
0	-1	119
0	14	143
2	13	149
0	37	150
0	20	151
0	19	144
0	20	150
0	44	150
1	16	150
0	12	150
1	-1	148
0	12	134
0	17	150
0	11	148
1	19	148
0	19	149
0	-1	146
0	19	142
1	31	145
0	14	148
0	17	108
0	12	150
1	25	148
0	18	123
0	20	150
1	18	150
0	-1	150
0	21	138
0	7	150
0	17	148
1	-1	150
0	24	150
0	-1	150
0	14	151
0	16	150
0	14	150
1	20	150
0	13	150
1	-1	146
0	-1	149
0	8	150
0	-1	150
39	-1	128
21	22	75
0	15	150
0	25	150
0	37	150
1	-1	150
1	21	147
0	20	151
1	-1	130
0	1	88
0	35	147
0	14	150
1	4	150
37	51	150
0	10	137
1	-1	149
1	10	149
0	-1	150
0	12	145
0	12	150
0	13	129
1	-1	150
0	14	150
1	14	150
0	10	148
1	25	146
1	-1	145
0	14	147
0	20	137
0	24	150
1	-1	150
1	-1	138
1	-1	150
1	13	147
0	-1	147
0	-1	150
0	-1	136
2	-1	150
0	14	146
1	18	150
1	19	150
0	22	132
1	-1	149
0	-1	149
0	10	142
1	11	150
1	17	147
0	8	150
0	19	150
0	15	149
0	15	151
1	-1	150
1	-1	147
0	11	149
2	22	150
2	-1	150
1	34	144
0	-1	150
0	8	148
1	-1	139
0	20	151
0	-1	148
0	16	151
0	14	148
3	-1	133
0	-1	148
0	-1	150
1	10	149
1	19	145
0	21	150
1	11	135
0	19	149
1	14	139
0	-1	131
0	12	105
0	4	146
0	15	147
0	-1	150
0	8	125
0	9	150
1	-1	150
0	-1	150
0	15	151
0	18	151
0	-1	151
0	16	145
0	37	150
0	-1	150
1	17	150
1	18	149
0	-1	147
1	15	151
0	13	150
1	19	150
0	14	151
0	-1	144
0	14	149
0	19	146
0	-1	136
0	24	150
0	21	150
0	12	150
1	14	150
2	16	148
3	-1	126
0	23	132
0	-1	150
0	13	149
1	13	147
0	12	127
1	-1	151
2	31	150
0	-1	150
0	-1	149
0	23	145
0	-1	149
0	17	150
0	17	149
0	34	149
0	-1	150
0	-1	149
0	14	150
1	11	145
0	14	150
0	-1	149
0	-1	147
0	12	150
0	16	150
1	20	144
1	-1	149
0	-1	124
1	-1	150
0	-1	150
1	20	151
1	-1	148
0	22	150
0	-1	150
1	-1	140
0	17	145
0	13	140
1	-1	150
0	19	121
1	18	149
0	21	144
0	-1	137
0	-1	105
0	9	149
0	-1	149
0	-1	148
0	-1	149
0	25	151
1	-1	150
0	8	131
0	-1	150
0	16	147
0	15	149
2	-1	150
0	14	132
0	13	150
1	-1	140
0	17	150
0	24	150
0	12	150
0	12	150
0	16	150
1	-1	150
0	18	148
1	24	149
1	17	145
1	-1	140
0	17	151
0	-1	150
0	17	150
1	39	147
0	-1	150
1	15	150
0	10	140
0	21	149
0	13	150
0	15	113
1	-1	150
1	23	141
0	15	151
0	-1	148
0	-1	142
0	26	150
0	13	150
1	16	151
0	-1	145
0	18	148
1	-1	149
0	12	121
0	18	151
0	20	150
1	24	150
0	20	151
0	14	146
0	-1	150
0	-1	149
1	-1	147
1	-1	150
0	11	113
0	14	147
0	24	150
0	15	102
0	19	150
0	-1	150
1	32	150
0	-1	150
0	13	151
0	15	150
0	15	149
0	5	150
0	22	151
0	16	147
1	15	150
1	23	150
0	-1	147
0	36	150
0	5	150
0	21	151
0	20	140
0	8	68
0	43	149
1	18	149
0	-1	150
0	-1	148
0	-1	143
0	15	150
1	19	148
0	12	150
1	8	148
0	17	150
1	12	145
1	14	150
0	11	140
0	19	149
1	11	151
1	14	151
0	14	150
0	-1	149
0	-1	141
0	7	140
0	16	150
0	-1	150
0	14	150
0	12	150
0	-1	150
0	18	151
0	-1	149
2	11	150
0	17	147
0	23	149
0	12	150
0	21	150
2	-1	150
0	21	150
0	11	130
0	14	150
1	15	151
0	15	148
0	-1	145
1	-1	150
1	13	150
0	16	149
0	-1	151
0	19	150
0	20	141
1	14	148
0	-1	145
1	14	135
0	-1	150
0	35	150
1	16	150
1	-1	150
0	22	150
0	17	151
2	-1	150
0	-1	150
0	26	145
0	17	142
0	15	149
0	-1	141
0	15	134
1	19	150
0	16	151
0	12	150
1	-1	150
1	12	144
1	11	150
0	14	151
0	-1	146
1	-1	150
0	13	150
0	12	151
0	18	150
0	17	149
0	-1	145
2	-1	150
0	-1	150
0	-1	150
1	20	147
1	-1	146
0	18	150
0	-1	130
0	15	150
0	-1	111
1	-1	151
0	11	148
1	11	148
2	-1	151
1	-1	150
0	-1	150
0	-1	142
1	16	150
1	19	151
0	30	150
3	20	150
0	-1	147
1	23	151
0	18	148
1	23	150
0	-1	142
0	10	150
0	11	150
1	17	150
0	14	151
0	15	150
0	-1	151
0	10	150
0	-1	150
0	9	150
1	14	146
0	12	150
0	26	150
0	6	150
2	-1	148
1	19	150
1	-1	150
0	17	111
0	-1	149
1	-1	150
0	17	149
0	-1	146
1	-1	151
0	-1	129
0	17	151
1	14	150
0	-1	150
1	-1	150
4	24	150
0	9	150
0	-1	150
0	13	150
0	16	150
0	-1	150
0	20	150
3	-1	149
0	10	138
0	-1	151
1	15	150
1	-1	150
0	14	143
0	-1	140
0	5	94
0	26	149
0	22	150
0	11	150
0	18	145
1	12	150
0	14	150
1	14	149
1	-1	150
0	-1	150
0	9	151
1	-1	150
0	14	147
0	22	150
0	-1	148
0	17	141
0	-1	148
1	-1	151
0	-1	134
0	-1	150
1	26	148
0	13	143
0	-1	150
2	-1	150
0	10	98
1	13	150
2	-1	142
0	9	119
1	-1	151
0	20	150
0	-1	150
0	19	150
0	15	144
0	13	147
0	19	149
0	17	142
0	18	128
1	-1	151
0	19	151
0	18	146
0	13	148
1	-1	151
0	19	150
0	-1	127
1	18	149
0	15	150
0	17	149
0	-1	150
0	30	150
0	-1	151
1	9	108
0	17	145
0	20	145
0	-1	150
0	9	149
3	23	150
0	-1	122
0	-1	150
1	-1	149
0	-1	148
0	14	151
1	15	148
0	18	151
1	-1	148
0	14	150
2	-1	149
0	10	149
0	17	143
0	-1	148
0	23	149
1	32	150
1	15	150
0	16	151
0	20	150
1	23	150
1	9	150
1	35	151
0	11	149
0	13	150
1	-1	150
0	-1	132
0	-1	149
0	-1	141
0	-1	150
1	34	150
0	-1	150
1	-1	135
0	-1	139
1	-1	150
0	11	136
1	-1	150
0	15	142
0	-1	148
0	-1	150
0	32	150
1	21	149
0	21	150
0	19	150
1	-1	135
0	16	150
0	-1	145
2	17	150
1	10	150
1	-1	150
1	-1	142
0	-1	144
0	14	150
0	38	132
0	9	149
1	-1	149
0	16	144
0	14	151
2	-1	151
1	18	135
1	16	150
0	20	146
0	8	131
0	-1	149
0	-1	123
0	-1	150
0	-1	148
1	-1	151
1	17	132
0	14	144
0	4	70
0	18	150
0	14	150
1	18	149
0	19	150
0	21	151
0	12	135
1	40	149
1	30	144
0	20	150
0	-1	150
0	11	150
0	33	146
0	-1	150
0	11	144
0	-1	147
0	-1	149
0	19	149
1	14	149
0	17	145
1	-1	150
0	10	149
2	-1	150
2	10	128
0	-1	138
0	18	134
1	19	140
0	13	151
1	-1	150
0	-1	147
0	16	150
1	-1	145
0	9	132
0	11	151
0	18	149
2	13	150
0	2	150
0	17	150
1	13	109
0	8	96
0	-1	141
0	-1	150
0	23	137
0	24	147
0	17	147
0	20	151
0	-1	151
0	26	150
0	27	142
1	13	150
0	18	149
0	-1	150
0	-1	151
0	17	136
1	17	150
0	8	147
0	19	149
0	17	142
0	18	150
0	-1	150
0	7	116
0	15	149
2	13	151
0	-1	149
0	15	143
0	32	137
0	39	150
0	11	146
0	-1	150
0	12	150
0	-1	150
0	16	150
1	-1	149
2	-1	151
0	13	143
0	21	150
0	20	149
0	14	150
1	20	135
0	18	150
1	-1	150
1	36	151
1	36	149
1	-1	151
0	-1	150
0	-1	150
0	10	149
0	-1	150
1	-1	150
0	-1	148
0	26	150
0	36	149
0	8	140
0	-1	151
0	15	149
1	-1	148
0	16	141
0	15	145
1	-1	135
0	13	117
0	16	150
0	17	149
0	-1	150
0	20	150
2	-1	150
0	-1	151
1	18	149
1	-1	122
0	-1	145
1	-1	150
0	-1	147
0	12	150
1	-1	138
0	-1	150
0	12	150
0	15	136
1	-1	151
0	-1	140
0	-1	132
0	21	140
0	13	147
0	-1	150
0	-1	150
0	20	150
0	29	151
1	-1	150
0	-1	151
1	-1	150
1	17	150
1	22	150
1	-1	109
0	19	150
1	14	145
1	-1	146
1	-1	129
0	16	149
0	15	129
0	-1	143
0	-1	134
1	17	150
0	19	150
0	-1	147
0	14	111
0	18	148
1	15	150
1	-1	150
1	-1	150
2	12	148
0	15	150
0	29	151
0	10	149
1	-1	149
0	15	146
0	13	150
0	18	147
0	13	148
1	-1	146
1	17	150
0	11	150
0	-1	150
1	31	141
0	12	149
2	15	141
0	13	142
0	-1	150
1	-1	147
0	13	144
2	-1	118
0	-1	129
0	17	150
0	-1	149
0	19	150
1	26	150
0	14	150
0	-1	150
0	15	151
0	22	135
0	-1	150
1	-1	150
0	16	150
0	-1	148
0	18	148
1	19	146
0	33	151
0	14	147
0	-1	149
0	30	146
1	-1	149
0	-1	149
1	19	150
0	37	150
0	16	149
1	37	149
1	19	148
0	13	147
0	-1	136
0	14	144
0	18	151
0	-1	142
0	16	149
0	10	151
0	28	150
0	-1	149
1	-1	150
0	12	146
0	-1	145
0	16	150
0	-1	145
0	21	149
0	18	141
0	11	148
0	-1	148
0	12	150
0	18	151
0	16	144
0	-1	150
0	12	150
0	14	151
0	8	127
0	15	151
0	15	150
0	10	149
0	19	148
0	7	149
0	-1	138
0	-1	148
1	10	149
0	24	149
1	43	150
0	14	150
1	12	127
0	21	148
2	-1	148
1	-1	147
0	-1	124
1	18	150
0	16	149
1	15	144
0	-1	150
1	-1	128
0	-1	150
0	36	149
1	-1	151
0	19	151
0	-1	150
0	32	148
1	23	150
0	14	151
0	21	150
0	21	123
0	26	150
1	-1	150
0	-1	137
0	-1	150
0	-1	150
0	-1	150
0	16	150
0	21	150
0	16	151
0	7	150
0	12	146
0	12	150
1	-1	150
0	4	150
1	-1	147
3	13	142
2	20	151
0	-1	147
0	15	149
1	20	141
3	-1	147
0	17	141
1	21	150
2	-1	150
1	-1	140
1	20	150
1	22	107
0	24	150
0	13	149
0	28	148
0	11	150
0	-1	150
0	12	150
0	17	145
1	-1	143
0	-1	148
0	15	140
0	15	151
1	-1	148
0	10	149
0	18	148
2	-1	151
1	15	150
0	25	151
0	11	85
0	-1	150
1	16	150
0	22	150
0	14	148
1	17	146
0	-1	151
2	-1	149
1	36	149
0	-1	150
1	15	149
2	18	151
0	20	150
4	18	147
1	-1	150
2	-1	150
0	14	150
0	20	150
0	17	151
0	21	148
0	7	148
0	31	149
0	-1	150
0	13	147
0	8	149
0	15	150
0	-1	148
0	10	76
0	19	149
0	-1	151
0	13	149
1	11	148
0	17	149
0	-1	150
1	21	149
0	-1	146
0	24	150
0	-1	144
0	-1	147
0	5	136
0	-1	148
2	22	133
0	-1	149
0	-1	148
0	4	151
0	20	150
0	-1	150
0	-1	150
0	20	150
1	-1	150
0	-1	149
0	-1	150
0	34	150
0	13	145
0	-1	150
1	16	123
42	55	147
0	16	150
3	21	150
1	13	150
0	16	125
2	-1	150
2	15	150
0	38	151
0	10	149
0	19	133
0	18	150
0	15	150
0	14	149
0	11	106
0	13	145
1	14	134
1	-1	151
0	12	151
2	19	150
0	13	150
1	-1	146
0	18	148
0	21	150
1	-1	150
1	-1	150
2	38	150
0	15	148
0	21	150
0	16	151
1	38	150
0	-1	136
0	-1	150
0	8	102
1	16	150
0	-1	149
0	9	151
0	-1	150
0	11	149
1	21	149
0	17	148
0	14	145
2	16	146
0	-1	150
1	16	151
1	15	150
0	12	131
1	18	150
0	10	150
0	-1	148
0	15	136
0	21	149
0	14	136
0	-1	150
0	30	149
1	-1	151
1	19	150
0	-1	107
1	-1	147
0	14	150
0	-1	140
0	-1	146
0	20	150
0	-1	148
0	-1	150
0	20	151
1	18	146
1	-1	150
0	15	139
0	17	118
0	18	137
0	19	150
0	-1	147
0	11	141
0	6	68
0	12	146
1	-1	109
1	-1	151
0	-1	150
0	16	150
0	-1	147
1	20	150
0	7	148
1	-1	148
0	-1	137
0	37	150
0	13	149
0	-1	150
0	21	150
2	13	142
1	17	150
0	-1	136
1	16	149
0	-1	150
0	14	151
1	14	151
1	20	148
1	-1	150
2	-1	150
1	19	145
0	21	146
0	2	147
0	12	114
0	-1	126
1	17	150
1	20	145
0	20	147
1	17	128
1	13	142
0	31	150
46	-1	149
0	-1	150
0	18	143
0	18	146
0	-1	150
0	17	129
0	13	150
1	14	150
0	12	151
1	-1	148
1	18	150
0	15	146
0	-1	150
0	-1	148
0	12	147
1	-1	149
0	14	146
0	11	149
0	13	151
0	11	150
0	8	147
0	-1	149
0	13	142
1	-1	150
0	15	150
1	22	150
2	-1	146
0	15	149
0	9	151
2	-1	148
0	9	150
0	18	148
0	-1	113
0	18	134
0	13	149
0	22	151
1	-1	146
0	20	150
0	19	140
0	-1	149
0	21	150
0	-1	146
0	9	146
1	14	148
0	44	150
0	13	147
0	6	148
0	18	151
0	-1	150
0	29	150
2	-1	150
2	-1	144
0	14	150
0	15	150
1	13	149
0	15	129
0	15	150
0	13	150
0	15	150
0	-1	150
0	-1	147
1	21	145
0	21	150
0	14	131
0	10	150
0	8	149
0	19	147
1	19	144
0	13	149
0	19	137
0	14	148
0	13	151
0	11	151
1	16	132
1	23	150
1	-1	147
0	19	139
2	-1	150
0	-1	144
0	-1	150
1	20	151
1	23	151
1	19	150
0	-1	144
0	-1	149
1	-1	131
0	-1	143
1	-1	149
0	24	150
1	19	151
0	21	141
0	18	150
0	14	136
0	14	147
0	-1	150
0	-1	150
2	-1	150
1	18	150
1	14	142
0	15	150
0	2	106
0	-1	150
0	13	137
1	18	150
1	9	141
1	26	136
0	19	149
0	14	124
0	18	150
0	12	150
0	20	150
1	-1	148
2	15	150
1	11	138
0	10	149
1	-1	146
1	18	140
1	18	150
0	18	144
0	-1	136
0	25	148
0	12	140
0	16	148
1	22	125
0	12	150
0	11	120
0	15	150
0	17	148
1	15	150
0	-1	148
0	-1	140
1	-1	149
0	14	150
0	16	125
1	19	150
0	14	119
1	-1	145
1	18	150
0	-1	149
1	18	147
0	28	145
0	17	148
0	-1	151
0	-1	150
1	12	125
0	-1	151
0	20	141
0	13	109
1	3	139
1	-1	142
0	-1	150
0	13	151
1	12	146
0	-1	137
0	16	147
0	-1	114
1	19	111
1	19	150
0	18	150
0	-1	151
0	7	82
0	-1	150
0	12	150
0	13	150
0	-1	150
0	16	138
0	12	149
2	19	144
0	16	149
0	-1	149
0	17	151
0	13	150
2	43	149
1	14	125
0	24	150
1	19	149
1	12	150
0	-1	151
1	38	150
1	-1	145
0	14	102
0	11	151
1	22	150
1	21	151
0	-1	130
0	13	150
0	17	149
0	18	148
1	19	151
0	17	145
0	15	126
1	11	136
2	17	150
0	12	104
0	-1	150
0	14	147
1	12	151
1	16	143
1	-1	150
1	40	148
0	-1	135
0	-1	145
1	16	150
0	14	150
1	22	109
0	18	150
0	-1	150
1	15	125
0	12	125
1	-1	144
0	17	146
0	-1	151
1	-1	140
1	13	150
3	19	150
0	16	148
0	13	149
0	-1	151
1	-1	144
0	21	150
0	14	125
2	-1	143
4	-1	146
0	16	148
1	-1	150
0	9	150
0	-1	150
2	-1	149
0	3	131
1	17	151
0	14	150
0	-1	150
0	-1	150
0	12	150
0	10	150
0	-1	150
0	-1	140
0	20	150
0	22	150
1	17	151
2	-1	150
0	15	150
0	17	147
0	-1	149
0	27	150
1	29	150
1	-1	150
1	20	150
0	9	138
0	-1	146
0	3	149
1	-1	150
0	17	72
1	-1	150
2	17	146
0	43	150
0	18	150
0	14	135
0	-1	148
0	9	148
0	8	151
0	-1	149
0	8	150
0	10	91
0	17	133
0	13	149
1	11	150
1	15	146
0	18	147
3	-1	150
0	-1	151
0	17	110
0	8	144
1	-1	150
0	11	150
1	14	145
0	16	130
1	-1	143
0	3	126
0	4	109
0	-1	150
1	11	144
0	18	151
0	14	148
0	-1	150
0	16	142
0	-1	150
1	-1	146
1	16	150
0	18	151
0	25	143
1	-1	148
0	-1	148
1	12	150
0	-1	132
0	15	147
0	14	138
0	-1	146
0	18	146
0	18	150
0	10	147
0	9	149
0	8	140
0	19	150
0	18	130
1	10	150
1	22	150
0	39	138
0	29	136
0	9	80
0	10	143
0	15	144
0	-1	150
0	13	150
0	13	150
0	16	143
0	8	72
0	-1	147
0	-1	151
0	15	150
1	-1	150
0	16	131
1	32	146
2	18	150
1	20	147
0	10	139
1	-1	150
0	23	147
0	-1	142
1	16	150
0	33	148
0	20	145
0	-1	142
0	38	150
0	15	146
0	17	150
0	19	150
1	-1	150
0	35	150
0	17	151
0	21	150
0	-1	142
1	-1	147
0	20	150
0	13	150
0	16	147
2	-1	150
0	19	145
0	-1	140
0	-1	150
0	15	149
0	-1	150
0	17	150
1	-1	148
1	11	149
1	17	149
1	20	146
0	-1	145
1	18	150
0	-1	144
0	35	150
0	33	150
1	18	143
0	34	151
0	11	150
0	12	150
0	-1	150
0	12	128
2	-1	149
0	11	150
1	13	149
1	-1	149
0	15	151
0	-1	149
1	22	150
0	18	149
0	37	150
1	12	150
0	13	149
1	19	149
0	-1	116
1	-1	145
1	19	125
0	12	119
0	11	150
0	-1	150
0	-1	150
0	18	151
0	-1	150
0	12	150
1	-1	150
0	-1	150
0	-1	146
0	9	150
0	9	144
0	-1	150
1	8	97
0	13	150
1	-1	146
0	17	150
0	15	148
0	19	130
0	-1	144
1	26	150
0	29	150
0	15	149
1	20	150
0	13	150
0	22	150
0	16	148
0	12	149
0	17	149
0	-1	150
1	13	137
0	12	143
0	-1	150
1	14	150
0	25	150
0	18	149
1	11	71
0	15	145
1	-1	150
0	15	132
0	10	149
0	17	149
0	-1	150
0	11	148
0	27	149
0	4	150
0	-1	150
1	16	150
0	16	146
0	3	103
0	9	149
0	8	150
0	-1	150
0	-1	138
0	21	151
0	16	150
0	15	144
3	-1	151
0	13	146
2	24	150
1	21	146
0	-1	150
0	-1	151
3	-1	147
0	-1	148
0	-1	150
0	-1	150
0	-1	150
1	11	150
2	-1	150
0	15	150
1	13	111
0	18	150
1	27	104
0	15	147
24	29	86
0	19	148
0	15	150
1	14	146
0	-1	148
1	16	146
0	10	145
1	14	113
1	10	146
1	-1	150
0	21	151
0	-1	150
1	-1	149
0	13	148
1	-1	134
1	22	146
0	-1	149
0	16	149
0	15	150
0	18	145
1	19	150
1	-1	147
0	-1	151
0	11	150
0	18	150
0	9	130
0	10	150
1	-1	147
1	-1	150
1	14	150
0	14	132
0	36	146
0	10	150
0	12	128
1	-1	142
0	33	146
1	44	147
0	12	150
1	16	150
1	11	125
1	-1	149
0	-1	148
0	17	143
0	14	97
0	20	150
0	-1	150
0	22	149
0	14	149
1	15	136
0	15	150
0	-1	147
0	15	150
0	6	147
0	-1	150
0	22	147
0	19	149
0	16	139
0	19	126
1	15	150
0	-1	150
1	13	146
1	15	145
0	23	150
0	20	150
0	14	150
0	-1	151
1	-1	150
0	23	149
0	6	151
0	15	127
1	-1	150
0	13	142
0	-1	147
1	-1	147
0	23	144
0	18	118
0	15	150
0	-1	150
1	42	150
0	22	150
0	16	147
0	18	145
0	9	150
0	44	146
0	37	149
0	-1	146
0	18	134
3	-1	149
0	-1	151
1	26	147
0	-1	149
0	17	146
0	17	146
0	-1	116
0	-1	127
0	14	140
0	18	150
0	-1	150
1	-1	150
1	-1	151
1	15	150
1	22	150
0	28	150
0	-1	151
1	15	149
0	24	150
0	12	129
2	-1	146
0	13	150
0	14	150
1	38	148
0	26	151
1	13	147
0	32	151
1	14	121
0	11	132
0	18	116
1	-1	145
0	0	68
0	15	148
1	-1	150
0	-1	145
0	16	143
0	13	150
0	13	147
0	11	127
1	-1	150
0	18	145
1	-1	151
1	-1	151
1	-1	141
0	17	151
0	19	148
0	18	123
0	15	151
0	18	150
0	10	130
0	15	150
0	11	145
1	19	139
1	14	150
0	-1	144
2	12	144
0	9	151
0	-1	149
0	-1	141
0	26	143
0	14	131
1	-1	149
1	17	109
1	10	114
1	24	149
2	17	147
0	-1	148
1	19	150
2	-1	146
0	-1	150
2	13	146
1	18	149
1	16	151
0	-1	150
0	-1	150
0	18	150
0	-1	144
0	17	148
0	20	151
0	-1	145
0	-1	143
0	21	150
0	35	145
1	14	149
0	19	147
0	-1	151
0	15	150
0	21	140
1	-1	151
0	16	150
0	24	149
0	17	150
0	18	149
0	-1	108
18	18	100
20	32	124
0	-1	150
1	20	150
1	18	150
0	-1	145
1	-1	145
1	19	150
0	23	150
0	-1	150
1	26	147
1	-1	150
0	33	145
2	31	142
0	17	151
0	15	128
1	-1	150
0	-1	150
1	-1	147
0	19	149
1	19	150
0	17	135
1	-1	144
0	21	145
1	-1	144
0	21	150
0	16	150
0	22	151
1	44	149
0	-1	150
0	21	142
0	-1	147
0	18	150
1	-1	149
1	-1	134
2	22	150
0	15	141
1	32	149
0	18	150
0	23	150
0	31	149
0	20	141
0	13	140
1	17	150
2	-1	150
0	-1	143
2	21	151
0	11	150
2	-1	150
0	16	150
0	14	149
0	-1	105
0	3	148
0	18	147
0	13	150
0	-1	148
0	-1	145
0	-1	146
0	12	128
3	11	100
1	11	151
0	14	145
0	21	143
1	31	150
0	-1	145
0	15	150
0	-1	150
0	17	151
1	-1	150
0	13	129
1	10	149
1	15	150
0	-1	150
0	18	150
1	13	149
0	24	150
0	21	150
0	19	150
1	-1	150
0	-1	150
0	11	139
0	9	62
0	-1	149
0	15	150
0	21	148
0	7	150
0	-1	149
0	-1	148
1	42	151
0	12	150
0	-1	145
0	10	142
0	-1	151
1	-1	150
2	15	147
1	21	150
3	37	151
0	14	149
0	41	150
0	21	150
0	-1	149
1	23	149
0	-1	150
0	14	124
0	15	149
4	22	150
0	13	146
0	-1	150
0	8	151
0	14	150
1	17	150
33	39	106
1	-1	147
1	22	150
0	14	145
0	18	150
0	13	148
0	15	150
0	-1	151
0	19	140
0	22	150
0	-1	142
0	14	141
0	-1	150
0	14	150
1	-1	150
0	-1	142
1	-1	150
1	22	146
0	-1	149
0	-1	150
1	29	150
1	-1	116
0	18	129
0	-1	115
0	19	150
1	18	151
0	42	149
0	-1	149
0	17	144
1	16	150
1	-1	131
0	19	146
0	17	149
0	10	147
0	36	150
0	21	148
0	15	147
2	15	139
0	21	147
0	11	146
0	6	150
1	19	142
4	19	150
0	14	147
0	43	150
1	-1	120
0	16	149
2	8	70
0	-1	147
0	17	150
0	13	128
0	-1	151
1	21	131
0	-1	132
0	12	145
0	15	151
0	18	149
1	-1	147
1	-1	148
1	14	151
0	11	139
1	22	150
0	45	145
0	33	148
0	13	146
0	37	148
0	14	150
0	16	110
0	12	147
1	-1	149
1	15	150
0	14	150
0	-1	150
0	21	146
0	-1	150
0	17	150
1	14	119
1	15	137
1	21	150
1	13	150
2	18	147
0	-1	150
1	-1	149
0	-1	148
2	-1	149
0	-1	143
0	-1	146
0	-1	149
1	17	149
1	11	145
1	20	151
0	11	148
1	20	150
0	-1	124
0	16	141
1	-1	150
0	17	147
2	-1	149
1	11	149
0	16	150
0	15	150
2	14	151
1	-1	114
0	-1	148
1	17	151
3	-1	150
0	12	149
1	-1	151
0	12	145
1	17	147
3	19	137
1	-1	143
2	-1	148
0	38	150
0	4	66
0	-1	151
0	7	149
0	23	150
0	14	151
0	13	150
0	18	150
0	-1	146
1	12	113
0	-1	150
0	-1	149
0	17	150
0	35	149
0	35	136
1	-1	150
0	5	146
0	21	147
0	12	150
0	-1	150
0	-1	150
0	21	145
0	-1	136
0	14	148
0	-1	150
0	-1	146
1	-1	151
0	-1	150
0	8	137
1	21	151
0	14	150
0	16	150
0	26	147
3	13	147
0	-1	150
1	-1	150
2	-1	149
0	14	149
0	17	150
0	-1	149
0	-1	150
1	-1	149
0	18	150
0	14	150
1	24	148
0	-1	149
0	-1	151
0	-1	150
0	14	151
0	-1	150
0	-1	150
0	-1	150
0	13	140
0	7	104
0	13	150
0	21	150
0	27	149
0	-1	150
0	-1	151
0	-1	150
1	-1	148
0	22	150
0	16	150
0	-1	142
0	21	149
0	16	146
0	-1	150
0	-1	151
1	16	151
0	18	149
2	21	149
0	-1	150
1	15	151
0	16	150
0	-1	151
0	16	145
1	-1	151
0	12	150
0	10	131
0	18	150
1	23	150
0	-1	147
1	-1	147
0	-1	146
0	19	150
0	12	148
0	19	150
2	30	150
0	-1	150
2	18	150
0	-1	146
1	15	147
0	17	151
0	-1	151
0	18	143
0	11	149
1	41	150
1	10	143
1	-1	150
0	22	137
0	13	150
1	-1	151
2	15	150
2	14	149
1	17	150
0	-1	145
0	-1	150
0	-1	150
0	13	147
1	18	150
0	24	150
1	-1	150
0	17	145
1	15	148
0	-1	122
1	12	150
0	12	147
0	16	150
2	14	147
0	-1	146
1	17	146
0	-1	150
0	-1	133
0	-1	150
0	-1	124
0	9	150
0	-1	144
0	-1	148
0	-1	151
0	-1	150
0	15	150
0	11	147
0	-1	150
0	-1	147
1	8	151
0	8	122
0	13	147
2	-1	150
2	-1	150
0	11	150
0	11	150
0	-1	149
0	20	144
0	-1	150
1	-1	150
0	35	150
1	-1	150
2	27	144
1	-1	146
0	-1	150
0	-1	149
1	-1	150
0	6	148
0	17	150
0	18	137
0	15	150
1	-1	143
1	17	150
1	-1	150
0	16	150
0	22	149
1	20	151
0	17	151
0	16	150
0	18	149
0	13	150
0	-1	128
0	10	145
1	37	150
0	15	150
1	22	147
0	15	151
0	10	151
0	-1	144
0	11	143
0	-1	149
1	15	148
0	13	149
1	7	151
1	37	146
1	18	150
1	22	148
0	19	150
0	-1	150
1	-1	149
0	20	147
0	30	137
0	8	141
0	-1	147
0	21	150
1	-1	150
0	39	148
1	12	151
0	13	147
0	-1	145
0	14	150
0	29	149
0	24	151
4	28	151
0	-1	141
1	-1	150
0	23	141
0	-1	148
0	-1	146
0	-1	150
1	19	150
0	14	151
2	11	150
0	-1	135
1	-1	150
1	30	151
1	15	143
0	17	150
0	17	150
0	-1	151
0	33	134
0	13	147
0	14	149
0	-1	149
1	20	150
0	10	146
0	24	151
0	-1	149
1	16	150
0	41	150
1	-1	149
0	13	150
0	20	151
0	-1	150
0	-1	150
0	16	150
0	10	139
0	-1	149
0	17	150
0	14	147
1	-1	150
2	-1	148
0	13	128
2	-1	150
0	16	148
3	17	149
0	13	141
1	21	150
1	-1	148
0	31	151
0	11	150
1	14	150
2	-1	143
0	21	149
0	27	143
0	22	150
0	22	148
0	13	134
1	22	150
0	15	144
0	16	150
0	14	133
0	19	104
2	-1	145
0	23	148
0	-1	130
0	13	134
0	-1	150
0	17	147
0	17	150
1	10	150
0	-1	151
0	12	148
1	8	149
0	10	150
1	14	148
0	-1	139
2	33	150
0	20	150
0	18	145
0	-1	151
0	15	147
0	17	151
0	12	148
0	14	151
0	18	143
0	15	149
2	-1	150
1	-1	151
0	23	139
0	16	149
0	-1	150
0	13	150
0	-1	151
0	18	150
1	-1	129
0	10	151
0	-1	150
0	-1	149
1	17	150
0	15	151
0	-1	148
1	-1	150
0	-1	150
0	6	133
1	-1	151
0	17	150
1	-1	149
0	18	150
0	20	121
2	22	133
0	15	146
0	2	150
0	-1	151
0	16	150
0	17	150
0	10	139
4	-1	150
0	29	140
1	13	150
0	-1	150
1	12	150
0	14	146
1	15	150
2	12	150
0	19	149
0	18	146
0	21	150
0	12	114
1	31	148
0	14	150
0	10	149
0	18	148
0	-1	144
0	11	150
1	-1	149
0	25	149
1	-1	150
0	-1	151
2	-1	150
0	13	150
1	17	150
1	-1	149
1	-1	148
1	-1	151
0	18	150
1	18	150
0	-1	129
1	-1	150
0	15	147
0	9	147
1	19	132
1	22	150
0	22	136
0	13	149
0	-1	149
0	22	150
0	-1	151
0	8	129
0	-1	150
0	-1	150
1	13	149
0	-1	147
0	19	144
0	16	117
0	15	147
0	13	138
0	-1	150
0	20	150
0	9	151
0	26	147
0	14	150
0	17	148
0	7	145
1	18	138
0	20	151
0	13	149
0	-1	150
0	-1	151
0	-1	149
1	15	150
1	31	151
1	23	139
0	-1	147
0	-1	139
0	-1	147
1	26	150
0	18	151
0	24	146
1	19	149
0	36	150
1	-1	150
1	21	139
0	14	142
1	14	150
0	-1	150
1	23	150
0	20	150
1	27	151
0	-1	151
3	17	150
1	-1	136
0	31	150
0	19	144
1	15	150
0	-1	149
32	39	147
0	13	151
0	24	150
1	24	150
2	18	150
0	-1	150
0	12	113
18	25	64
0	10	151
0	-1	109
2	13	137
0	24	147
0	16	150
1	14	150
0	-1	151
0	14	150
0	12	145
0	19	127
1	14	150
0	16	150
0	8	149
3	18	149
1	-1	150
0	-1	128
1	25	147
1	-1	149
0	23	150
0	16	150
0	-1	150
1	-1	150
0	18	150
36	37	140
2	-1	150
0	13	108
0	11	148
0	21	150
0	8	150
0	-1	149
3	27	150
1	-1	150
2	-1	150
0	35	139
1	20	150
0	-1	150
5	20	144
1	19	151
0	19	151
0	14	149
0	18	146
1	-1	150
0	19	150
2	14	149
0	17	128
0	18	111
2	22	151
0	-1	150
0	14	151
1	-1	146
0	26	150
0	-1	104
0	-1	150
0	-1	149
0	12	148
0	23	150
0	16	151
1	-1	148
0	23	150
0	22	149
0	17	140
0	10	119
0	-1	150
0	10	150
1	12	150
0	-1	146
0	6	150
0	9	149
1	-1	148
0	17	150
0	30	150
0	15	149
0	16	150
0	17	150
1	20	150
0	14	151
2	32	150
0	12	151
0	15	134
0	-1	150
2	-1	151
1	20	151
0	-1	139
1	21	147
1	30	150
0	-1	150
0	-1	150
0	-1	150
0	16	151
0	11	149
1	-1	151
0	-1	149
0	27	128
1	26	147
11	22	151
1	-1	150
0	28	150
0	16	150
2	16	151
0	-1	150
1	-1	148
0	14	132
0	16	150
1	-1	151
0	21	101
0	8	140
1	12	150
0	8	150
0	19	151
0	25	149
0	12	150
1	21	150
0	-1	146
0	19	150
1	15	149
0	12	150
0	13	150
0	-1	146
0	-1	148
0	30	148
1	-1	150
0	-1	149
0	18	136
1	23	151
0	15	147
0	14	150
0	-1	151
1	13	150
0	-1	113
1	-1	150
0	17	149
0	19	149
0	29	150
1	26	150
1	19	149
0	8	148
0	-1	150
1	19	147
0	-1	150
1	-1	150
0	27	150
0	13	143
1	12	148
0	18	146
0	19	150
0	-1	149
0	31	150
2	19	151
1	9	141
1	-1	150
0	-1	84
0	18	127
1	8	75
0	19	148
1	13	151
0	15	148
0	19	151
1	14	150
0	16	150
1	-1	147
1	14	149
37	43	87
0	14	149
0	-1	150
1	-1	149
3	17	150
0	18	151
0	15	150
3	-1	143
0	13	147
0	-1	151
1	14	150
0	-1	149
1	21	147
0	-1	146
0	21	147
1	-1	150
0	17	150
1	-1	151
1	-1	151
0	-1	150
0	15	151
1	-1	134
0	14	151
0	-1	149
1	17	146
0	15	151
0	10	132
0	15	147
0	18	151
1	17	151
0	-1	147
0	-1	150
1	-1	119
0	16	150
0	12	150
0	7	150
0	15	148
0	18	150
0	13	150
0	-1	146
0	-1	150
0	-1	150
3	19	150
0	-1	149
0	15	150
0	9	148
0	20	149
0	-1	150
1	-1	148
3	-1	150
0	-1	150
0	4	145
0	17	150
0	15	150
0	10	137
0	16	148
0	-1	150
0	-1	137
0	12	151
0	23	149
0	-1	150
0	40	150
2	26	150
0	-1	135
0	12	146
0	23	150
0	22	150
0	19	150
0	-1	141
0	11	147
1	-1	149
0	24	150
0	12	149
0	27	147
1	-1	146
1	13	149
0	13	143
0	26	142
1	38	146
3	-1	149
0	16	124
1	18	139
0	15	150
2	14	151
0	16	150
0	17	150
0	12	150
0	-1	151
0	15	150
1	34	146
0	18	148
0	17	148
0	16	150
0	17	150
0	15	133
0	10	149
0	-1	150
1	-1	151
1	16	151
0	17	150
0	17	150
1	-1	150
1	12	150
0	-1	149
0	12	149
0	17	150
0	15	150
0	20	150
0	-1	150
1	13	145
0	22	150
1	-1	144
1	11	146
0	-1	146
0	19	150
0	12	150
0	-1	145
0	-1	148
1	-1	150
0	23	149
0	-1	150
0	30	149
0	-1	150
0	-1	150
1	18	150
0	33	133
1	15	150
0	19	150
1	-1	150
0	10	136
1	-1	150
1	30	150
0	15	151
0	18	151
0	11	150
0	-1	144
0	-1	146
0	-1	148
0	22	151
0	15	151
0	-1	147
1	17	150
0	14	150
0	-1	150
0	-1	151
1	-1	147
0	11	105
0	-1	151
0	15	150
0	30	144
0	19	150
0	12	151
0	23	148
0	17	151
0	19	150
0	6	150
1	-1	150
0	11	148
0	11	145
0	-1	151
1	-1	150
1	-1	146
0	18	150
0	22	150
0	22	150
1	-1	150
0	-1	150
0	15	150
0	-1	105
0	11	151
0	22	150
0	19	150
0	14	150
0	-1	150
0	21	151
0	11	137
0	-1	150
1	12	150
3	-1	150
0	10	147
1	21	150
0	10	149
0	23	150
2	-1	140
1	-1	149
7	19	150
0	-1	150
0	-1	134
1	-1	150
0	-1	150
0	-1	147
1	18	151
0	43	150
0	22	140
1	-1	148
1	11	150
0	16	151
2	9	107
0	13	148
0	17	150
1	-1	149
0	-1	151
0	-1	150
0	-1	151
1	-1	149
1	-1	150
0	-1	131
0	20	146
1	-1	148
0	-1	150
0	-1	149
3	-1	150
0	14	149
1	12	150
1	14	150
0	-1	150
0	20	150
0	-1	150
0	13	128
0	-1	150
1	-1	139
0	-1	149
0	14	150
0	-1	150
0	-1	148
1	21	150
0	10	150
2	-1	151
1	18	147
0	-1	149
0	19	147
0	14	151
1	17	147
0	38	149
2	-1	150
1	36	150
1	16	150
0	-1	150
1	-1	148
0	15	148
0	-1	149
1	-1	148
0	16	150
0	20	150
1	-1	150
0	7	148
1	33	150
0	15	147
0	25	150
0	15	148
1	15	150
0	20	150
2	-1	150
0	29	150
1	-1	150
0	-1	146
1	-1	150
0	-1	151
0	-1	147
0	-1	150
0	17	146
0	15	150
0	-1	150
0	9	147
0	14	149
0	9	145
1	13	147
1	15	150
0	9	147
0	18	150
0	-1	151
0	16	134
0	17	150
0	-1	147
0	34	150
0	18	149
0	21	150
0	20	150
0	10	150
0	-1	151
1	20	150
0	10	150
3	26	150
0	13	150
0	9	150
0	22	148
1	-1	147
0	-1	150
0	-1	150
1	-1	141
1	-1	151
1	11	150
0	11	147
1	27	150
0	8	149
0	-1	150
0	-1	148
0	-1	137
0	-1	148
0	20	150
1	12	150
1	-1	150
0	-1	146
0	-1	151
0	16	150
2	13	149
1	30	151
2	-1	148
1	12	149
1	-1	149
0	-1	147
0	12	149
0	-1	149
0	17	149
0	18	150
0	18	150
1	-1	148
0	16	149
0	-1	150
1	21	148
0	21	149
0	17	142
0	14	150
0	-1	146
0	12	150
0	-1	149
1	22	149
0	-1	148
1	15	150
0	19	143
0	-1	150
1	12	149
0	19	146
0	12	150
1	-1	151
0	20	147
2	13	150
0	18	149
0	20	150
1	12	150
0	-1	128
0	27	148
2	14	145
0	16	145
0	15	150
0	11	138
0	11	150
0	-1	149
0	15	148
1	-1	150
0	16	150
0	-1	148
0	-1	151
0	-1	145
0	-1	150
1	-1	149
0	12	135
0	14	145
0	17	134
0	17	145
0	19	151
0	16	150
0	10	149
0	-1	145
0	-1	149
0	9	150
0	-1	150
0	-1	150
0	-1	150
1	-1	149
0	-1	150
0	-1	145
0	-1	146
0	-1	150
0	-1	149
0	16	150
0	15	150
0	32	148
0	17	150
1	20	151
1	13	145
1	18	125
0	-1	150
0	11	145
1	14	151
0	17	124
0	15	150
0	7	149
0	11	148
0	18	146
2	18	146
0	13	150
0	-1	150
0	16	145
0	18	146
0	-1	150
0	14	121
0	-1	150
0	-1	130
0	15	145
0	16	150
0	-1	151
0	14	146
0	-1	146
1	-1	151
0	-1	149
1	19	150
1	19	150
0	-1	143
0	15	148
0	25	150
1	16	137
1	17	144
1	19	150
2	-1	150
0	6	150
2	-1	146
0	14	151
0	14	151
0	19	148
1	-1	150
0	-1	150
0	-1	150
0	16	150
0	35	149
0	19	151
0	-1	149
0	19	150
0	13	147
1	16	137
0	14	109
1	-1	149
1	34	148
0	14	132
0	-1	151
0	-1	151
1	17	147
1	20	150
0	8	148
0	19	150
1	-1	150
1	-1	131
0	24	148
0	-1	150
1	9	151
0	12	145
0	20	150
1	31	150
0	11	144
0	13	149
1	-1	145
0	21	150
0	-1	150
0	17	148
1	18	148
0	16	147
0	-1	150
0	27	149
0	15	150
1	-1	140
0	31	150
0	19	150
2	14	150
2	-1	150
0	19	135
0	-1	150
1	19	150
1	-1	151
0	-1	151
0	-1	151
0	11	148
0	14	149
1	15	122
0	-1	148
0	13	150
0	-1	150
0	-1	146
0	28	150
0	-1	150
0	17	149
0	-1	151
0	14	142
0	10	112
0	-1	150
0	22	151
0	11	150
0	-1	149
0	-1	150
1	-1	150
0	-1	147
0	16	139
0	15	146
0	-1	147
1	19	150
1	27	150
1	-1	148
0	-1	150
1	15	150
0	16	151
0	-1	150
0	-1	150
0	15	150
67	49	148
1	10	149
0	16	139
5	-1	149
0	25	150
0	25	143
2	27	150
0	16	150
0	12	150
1	12	151
0	-1	150
1	-1	147
1	-1	150
0	5	150
0	20	150
0	-1	151
0	11	150
0	-1	145
2	15	149
0	-1	150
0	12	150
0	11	151
0	21	148
0	17	149
0	42	147
0	17	150
0	14	150
0	9	110
0	14	150
0	-1	151
0	-1	151
0	19	104
0	14	150
1	-1	148
0	20	145
1	-1	147
0	14	147
0	10	123
0	14	143
0	14	147
0	22	146
0	-1	150
0	-1	150
2	19	150
0	13	122
0	-1	146
1	20	150
1	17	150
1	16	130
0	12	151
0	17	151
0	32	144
0	21	151
0	-1	150
0	-1	147
1	-1	149
0	-1	150
1	14	151
1	-1	148
0	-1	146
1	17	150
0	9	134
0	21	147
1	-1	148
1	-1	150
0	-1	148
0	-1	136
0	-1	150
0	18	130
1	15	148
0	22	150
0	16	125
1	-1	132
0	14	131
1	-1	150
0	17	150
0	14	149
0	10	76
0	16	150
0	29	147
0	20	150
0	14	134
0	19	148
0	-1	106
0	-1	150
0	13	146
0	19	133
0	-1	150
0	35	148
1	14	135
0	16	150
1	26	148
1	15	150
2	11	150
0	13	144
0	28	150
0	-1	150
1	19	150
0	16	148
0	15	144
1	12	150
1	19	147
1	19	150
0	15	150
0	17	150
0	18	150
1	15	150
1	-1	150
0	14	150
0	-1	143
0	17	150
1	12	148
0	39	149
1	-1	150
0	35	150
0	-1	145
1	-1	150
1	25	150
0	18	150
1	13	150
0	-1	150
0	15	147
0	-1	150
1	-1	150
0	22	150
0	-1	146
0	30	150
2	25	151
0	14	151
0	-1	146
1	-1	149
0	20	150
0	-1	145
0	-1	150
0	-1	145
0	17	142
0	12	149
0	-1	150
0	-1	150
0	-1	143
0	13	147
1	18	146
2	16	150
0	-1	139
2	20	150
1	13	149
0	15	138
0	13	150
0	16	145
1	-1	150
0	14	150
0	-1	148
0	10	150
0	-1	148
1	11	150
0	11	148
0	26	147
0	8	145
0	17	149
0	-1	145
0	12	147
0	17	150
2	-1	150
0	-1	150
0	12	149
0	17	141
1	-1	145
1	19	150
1	-1	148
1	37	151
1	10	122
1	-1	148
0	24	150
1	-1	149
0	13	150
0	15	150
0	-1	150
0	11	119
2	-1	150
1	-1	148
0	17	120
0	12	150
0	10	116
0	20	150
0	8	98
0	33	141
0	12	90
2	23	150
1	36	150
1	-1	148
0	7	142
1	17	150
1	19	149
0	30	151
0	12	127
0	-1	150
2	-1	150
0	13	146
0	14	150
0	13	149
0	12	147
0	9	150
0	15	150
0	11	150
0	12	151
1	15	142
0	17	150
0	-1	147
1	-1	151
4	13	149
0	20	151
3	22	150
1	-1	151
0	-1	150
0	18	150
0	15	150
0	4	122
1	21	150
0	13	150
0	13	148
0	15	150
0	24	150
0	-1	146
0	-1	151
0	13	143
0	18	148
3	-1	142
0	11	121
0	-1	137
0	-1	150
0	20	148
0	15	144
0	11	140
0	20	131
0	-1	151
1	10	150
0	14	150
0	-1	150
1	-1	150
0	19	150
0	11	143
0	-1	151
0	8	150
0	34	135
0	-1	149
0	-1	150
1	-1	150
0	30	150
0	-1	148
0	-1	149
0	15	117
1	9	150
0	11	69
1	18	126
2	-1	150
0	19	141
1	17	150
0	19	150
0	15	150
1	19	150
0	-1	150
0	15	150
1	-1	150
0	14	149
1	-1	149
1	-1	149
1	-1	151
2	-1	146
1	-1	150
0	13	151
1	20	149
0	-1	146
0	13	150
2	-1	150
0	15	149
0	-1	150
0	-1	142
0	12	150
0	18	144
0	-1	150
0	-1	150
0	14	150
0	-1	150
0	14	147
0	-1	150
0	17	151
0	24	150
0	-1	149
0	15	146
0	16	148
1	12	150
0	16	149
1	11	132
0	39	148
0	12	150
0	11	131
2	17	151
0	8	136
0	17	149
0	20	150
2	20	149
1	-1	150
1	12	150
0	15	148
0	22	146
0	23	150
1	-1	150
2	18	150
1	-1	134
1	-1	151
0	20	150
1	15	151
0	-1	148
1	-1	115
0	-1	131
0	10	142
0	13	150
0	16	138
0	14	150
0	-1	132
0	22	150
1	17	136
1	-1	143
0	14	149
0	19	149
1	16	148
0	21	148
1	25	151
0	-1	105
0	-1	150
0	11	150
1	16	134
0	17	142
1	-1	148
0	16	148
1	12	149
2	-1	149
0	31	150
0	-1	147
0	13	132
1	15	148
0	-1	147
2	37	149
0	15	150
1	-1	150
1	18	149
2	19	137
1	-1	150
0	18	142
1	-1	147
0	13	140
0	24	151
2	14	150
1	11	143
0	16	142
0	7	68
0	12	149
0	21	150
0	17	149
0	-1	150
0	-1	150
0	-1	151
0	-1	146
0	11	150
1	24	150
0	-1	128
1	30	150
0	-1	149
0	17	146
0	-1	150
1	18	149
0	11	149
0	11	149
0	25	118
0	19	147
0	-1	149
1	-1	141
1	20	150
1	19	141
1	-1	119
0	16	134
0	17	148
0	-1	150
0	13	151
0	18	142
1	12	130
0	-1	150
0	-1	147
0	14	150
0	10	149
1	17	141
0	22	150
0	14	150
0	16	150
0	-1	146
0	-1	150
0	16	149
0	-1	151
0	16	150
0	12	150
0	-1	150
0	10	150
1	-1	150
0	-1	150
0	19	150
0	-1	148
0	21	126
0	24	149
0	20	150
0	14	134
2	11	150
0	15	151
0	13	144
0	25	148
0	18	144
0	32	135
0	-1	151
0	15	142
0	30	150
0	17	151
0	-1	151
0	-1	151
1	-1	150
1	20	150
0	32	150
0	9	150
0	27	143
1	22	149
1	16	150
0	29	148
1	-1	150
0	-1	150
0	15	150
2	-1	150
0	21	150
0	14	150
0	-1	150
0	25	150
0	17	151
0	-1	148
0	28	150
0	8	150
1	-1	149
1	-1	150
0	16	145
0	-1	150
1	-1	149
0	17	150
0	14	144
0	-1	151
0	13	150
1	-1	145
1	-1	145
0	17	130
0	18	148
0	16	150
0	-1	150
0	16	150
0	18	151
0	12	151
0	-1	150
0	8	150
0	14	150
0	-1	149
1	14	150
0	-1	142
0	-1	113
0	19	151
0	-1	150
0	14	129
1	22	148
0	-1	150
1	10	148
2	21	150
0	17	150
0	-1	142
0	12	109
0	16	142
0	-1	150
0	12	150
1	26	150
0	15	144
0	17	148
0	25	148
3	18	150
0	-1	150
0	-1	150
1	15	150
2	12	150
0	17	148
0	11	131
0	14	150
0	19	140
0	13	150
0	18	150
1	19	151
0	15	150
0	14	150
0	22	150
2	18	150
0	-1	150
0	-1	150
1	9	146
2	20	148
0	12	150
0	16	147
1	19	150
0	17	150
1	-1	133
2	15	151
0	21	149
0	21	144
1	9	148
0	16	150
0	-1	150
1	15	147
1	-1	150
0	13	148
0	-1	146
0	24	150
0	24	150
0	-1	138
2	-1	138
0	19	148
0	6	104
0	15	150
0	17	151
1	24	144
0	20	150
1	-1	143
0	34	146
0	14	148
0	17	150
0	18	148
1	-1	148
0	18	150
0	-1	148
0	23	123
0	-1	150
0	22	151
1	-1	150
0	13	141
0	-1	139
1	-1	150
1	13	135
0	-1	150
0	-1	150
0	15	147
0	15	150
0	13	147
0	15	143
0	25	149
0	12	150
0	18	150
0	-1	149
0	-1	148
1	-1	150
0	16	151
0	28	150
0	20	135
1	12	150
0	16	150
1	-1	150
1	-1	114
0	34	150
1	14	150
0	15	151
0	13	150
0	-1	135
1	-1	150
1	14	150
0	-1	148
0	16	150
0	20	150
1	-1	144
1	14	150
0	-1	149
0	26	150
0	-1	150
0	-1	150
0	-1	137
0	18	147
1	18	150
0	-1	150
0	11	144
2	12	151
0	14	150
1	12	151
1	-1	150
0	-1	139
0	9	106
0	21	119
0	-1	150
0	13	143
0	16	150
2	15	150
0	37	150
0	23	137
0	42	150
1	19	150
0	9	150
1	17	150
0	15	144
1	-1	150
0	17	150
0	24	149
1	4	105
0	12	143
1	6	84
0	17	141
2	-1	150
1	10	125
0	13	149
1	9	150
0	9	149
1	37	150
0	14	150
1	19	134
1	19	150
1	12	151
0	-1	151
0	20	148
0	17	149
1	35	148
0	-1	145
0	21	150
0	15	150
0	35	144
0	-1	144
0	15	127
0	12	149
2	14	132
0	15	149
1	31	146
1	13	150
1	34	150
2	20	140
0	14	134
0	20	140
0	14	148
0	-1	150
0	27	106
0	-1	151
0	18	150
0	20	150
7	17	150
1	15	143
0	17	148
0	9	151
0	16	147
0	22	150
0	10	138
0	17	147
1	36	150
0	15	148
1	-1	150
1	16	147
0	15	130
0	18	143
1	18	130
0	18	150
1	18	150
0	28	147
1	-1	150
0	21	150
0	19	151
0	17	134
1	-1	148
0	16	151
1	19	145
0	-1	134
0	19	150
0	16	145
0	-1	115
0	27	149
0	-1	149
2	-1	151
1	23	150
0	21	145
0	10	149
0	12	130
1	23	150
1	38	151
0	9	137
0	17	150
3	22	150
1	-1	150
1	32	150
0	-1	146
0	10	150
0	-1	134
0	12	148
0	29	149
0	13	150
0	-1	146
1	-1	146
1	15	149
0	31	149
1	14	150
1	-1	148
1	11	151
1	-1	150
0	18	150
0	16	147
1	11	143
0	16	145
1	-1	150
3	-1	120
1	17	138
3	25	150
0	-1	148
0	44	150
1	13	151
1	30	147
0	8	100
0	16	146
1	27	150
1	16	149
0	7	135
1	15	118
1	16	148
1	32	146
0	13	149
1	12	150
1	-1	146
0	25	130
1	-1	148
0	16	150
1	15	141
1	9	150
0	14	150
0	14	110
0	23	145
0	8	65
1	-1	142
0	-1	148
0	35	150
0	28	148
1	16	111
0	16	149
0	14	142
0	13	148
1	17	112
0	15	148
1	21	139
1	41	150
1	11	150
0	-1	150
0	9	123
0	16	151
0	14	114
1	-1	149
0	18	150
0	14	151
0	-1	106
1	6	90
1	-1	103
0	10	151
2	19	150
1	22	148
0	15	150
0	16	144
0	25	150
0	11	148
0	-1	147
0	10	138
0	19	150
1	-1	149
0	23	150
0	8	151
2	8	147
0	20	151
0	-1	147
0	-1	144
0	16	150
0	21	151
0	19	150
0	-1	146
0	-1	150
0	-1	149
0	19	147
0	12	150
0	19	144
0	11	150
0	-1	150
1	-1	149
0	-1	136
0	-1	149
0	-1	137
1	-1	150
0	24	147
1	23	150
0	31	150
0	16	150
0	16	146
0	15	65
1	19	150
0	-1	141
0	15	151
0	28	150
1	-1	144
0	-1	151
0	18	150
0	13	136
1	15	150
2	-1	149
0	-1	144
2	22	140
0	11	149
0	-1	150
0	-1	149
1	11	151
0	12	132
0	-1	144
0	33	149
1	-1	145
0	21	150
0	17	148
0	-1	150
0	18	151
0	17	129
0	31	126
0	19	142
0	16	150
1	-1	145
0	19	150
0	-1	149
0	-1	147
1	-1	150
0	17	150
0	14	149
0	-1	149
1	11	103
0	15	148
0	18	133
0	14	149
0	13	133
0	44	151
1	17	151
2	-1	150
1	12	150
0	16	149
0	-1	145
0	-1	144
0	13	150
0	-1	150
1	10	151
2	10	100
0	20	150
0	-1	149
3	16	150
1	14	135
0	-1	151
0	13	140
1	-1	149
1	-1	148
0	-1	151
0	19	149
0	21	147
1	22	150
0	13	148
1	-1	150
2	13	150
0	-1	151
1	15	150
0	18	150
0	20	150
0	-1	149
0	18	148
0	16	148
0	-1	131
0	-1	150
0	-1	144
0	16	133
1	14	142
0	14	150
1	-1	150
0	13	144
0	-1	104
1	15	133
1	20	149
0	19	149
0	12	150
0	-1	150
0	19	150
1	13	146
0	38	149
0	11	150
0	16	141
0	-1	149
0	34	150
0	14	150
0	14	151
0	-1	149
0	26	149
0	11	112
0	15	145
0	17	146
0	5	151
0	14	147
1	16	150
0	-1	149
0	22	150
0	-1	146
0	15	142
0	9	147
0	8	150
1	35	150
0	-1	123
0	-1	150
1	11	150
0	-1	150
0	7	148
1	-1	150
1	29	151
0	8	149
0	-1	151
0	9	151
0	21	125
0	25	148
0	-1	150
0	13	143
1	18	115
1	-1	142
0	15	150
0	25	150
0	12	150
0	-1	151
1	18	151
0	15	150
1	11	151
1	15	149
0	9	150
0	18	150
1	12	150
1	-1	149
0	15	141
1	17	151
1	-1	147
0	18	150
0	15	149
0	19	151
0	19	150
0	16	144
0	17	139
0	9	98
1	-1	148
0	19	148
1	19	150
0	16	126
1	-1	147
1	11	147
0	8	150
0	19	150
1	-1	147
1	-1	149
1	-1	150
1	14	118
0	19	146
0	-1	151
0	-1	150
0	17	149
0	20	150
0	22	150
1	-1	150
1	15	150
0	19	142
1	-1	151
0	-1	150
2	-1	147
1	18	150
1	-1	140
1	20	142
0	15	149
0	-1	144
0	-1	132
0	14	139
0	-1	150
2	-1	150
0	21	148
1	19	150
1	17	150
0	-1	150
0	18	150
0	12	150
0	18	142
0	22	148
0	-1	150
1	18	151
0	20	149
0	11	147
0	-1	150
1	14	135
1	-1	129
0	12	150
0	-1	150
0	-1	150
1	12	132
1	-1	150
0	24	150
1	15	146
0	18	150
0	15	150
0	17	135
1	15	151
0	-1	151
0	16	149
0	-1	149
1	18	147
0	9	149
0	13	149
2	-1	149
0	32	148
0	16	150
0	18	133
0	18	150
0	-1	150
0	18	150
0	18	148
1	16	147
0	16	149
0	10	109
0	11	127
0	18	148
2	8	103
0	-1	151
1	25	144
0	9	149
1	-1	150
1	17	144
0	15	149
0	38	151
0	-1	142
0	-1	150
0	23	144
0	-1	149
0	15	150
1	-1	133
0	9	136
0	13	141
0	18	150
0	-1	150
0	-1	150
0	-1	146
0	16	147
0	20	150
1	32	150
1	-1	150
0	10	138
0	19	150
0	-1	151
0	-1	146
0	8	146
1	19	150
0	34	149
0	16	147
1	19	148
0	15	148
0	16	150
1	-1	148
2	23	144
0	16	140
1	-1	150
0	16	148
1	20	151
1	-1	150
0	-1	147
0	-1	148
0	-1	150
1	19	150
0	-1	150
0	14	150
0	23	150
1	15	151
0	12	146
1	-1	149
0	-1	148
0	32	125
0	-1	146
0	29	150
0	-1	150
0	-1	150
0	8	150
0	14	149
1	16	151
0	20	151
0	-1	150
0	-1	142
1	30	150
0	-1	150
1	-1	150
0	18	141
1	-1	116
1	20	150
1	-1	150
1	19	151
0	-1	151
1	-1	150
1	-1	150
0	15	123
0	17	148
1	16	150
1	-1	150
0	21	148
0	18	150
2	18	150
1	9	132
0	14	149
0	-1	143
1	13	150
0	-1	150
1	13	117
0	-1	149
0	-1	149
0	-1	150
3	20	150
1	11	150
0	20	151
0	22	151
0	14	127
1	-1	150
0	13	149
0	17	150
0	-1	150
0	18	143
0	-1	148
0	13	149
1	19	145
0	-1	149
0	15	150
1	-1	148
0	10	150
0	16	147
1	36	147
0	14	150
0	-1	150
1	-1	150
3	-1	150
0	18	150
0	-1	149
1	-1	146
1	20	147
0	16	144
0	8	150
0	15	150
2	25	150
0	15	148
0	18	150
0	19	150
0	23	150
0	20	150
0	17	145
0	14	151
0	12	150
0	10	148
0	10	148
0	13	148
0	17	150
0	17	150
0	40	149
0	16	150
1	23	150
0	-1	148
0	14	148
1	18	150
0	11	147
0	-1	151
1	16	150
0	-1	150
0	-1	136
0	13	150
1	21	151
2	-1	150
0	16	149
1	16	148
0	-1	140
1	15	149
0	-1	100
0	18	151
0	-1	150
0	-1	151
0	17	150
0	25	146
0	18	147
2	15	150
1	7	151
3	20	149
1	-1	144
0	13	150
0	22	150
2	-1	149
0	5	150
0	8	150
0	35	149
0	-1	150
1	-1	150
0	12	94
0	13	125
0	18	143
0	9	151
0	-1	150
0	14	130
0	13	150
0	21	150
1	20	149
0	15	150
0	-1	150
1	-1	148
0	15	114
1	-1	150
0	14	148
0	-1	150
1	43	150
1	17	149
1	-1	151
0	16	120
0	-1	147
0	16	150
1	-1	150
0	-1	150
0	19	150
0	21	150
1	21	150
0	17	142
0	11	146
1	10	151
0	16	150
0	11	151
0	21	150
2	22	150
1	24	141
2	26	143
0	17	150
1	24	148
0	-1	150
1	-1	150
0	21	151
1	13	149
0	21	149
1	-1	150
0	14	151
0	14	150
0	-1	147
1	17	134
0	-1	150
0	12	132
1	-1	116
1	14	145
0	14	148
0	13	150
1	-1	150
1	-1	150
1	27	150
1	-1	137
1	28	148
0	9	148
0	12	151
0	17	149
1	16	126
0	-1	150
0	-1	151
0	18	145
0	21	151
0	14	148
0	-1	148
1	20	149
2	16	147
0	-1	148
0	-1	148
1	18	150
1	-1	150
0	14	150
0	15	151
1	-1	92
0	18	151
0	-1	151
0	14	146
0	-1	150
0	14	149
0	21	150
0	19	148
0	20	147
1	13	150
0	-1	150
0	-1	150
0	15	137
0	-1	145
0	23	150
0	-1	150
0	-1	147
0	-1	149
1	-1	147
0	14	150
0	19	138
0	20	150
0	-1	123
0	-1	149
0	7	144
0	19	149
0	-1	150
2	-1	147
0	18	150
1	-1	150
0	-1	150
0	-1	150
0	-1	150
0	-1	145
1	14	146
2	15	150
0	23	151
0	27	150
0	-1	145
0	16	144
0	-1	150
1	23	150
1	13	149
0	16	150
0	14	150
0	11	98
1	-1	149
1	-1	150
1	21	144
1	19	150
1	17	150
2	20	148
0	-1	149
1	-1	150
1	-1	150
1	10	146
0	16	147
1	15	146
1	18	126
0	6	150
0	23	147
0	-1	126
0	20	150
0	14	147
0	-1	150
0	12	150
0	13	151
0	13	150
0	14	150
0	21	148
0	29	150
0	19	151
0	11	150
1	9	149
0	23	150
0	-1	150
0	16	146
0	15	145
1	28	150
1	13	66
0	12	148
0	-1	151
1	21	150
0	23	147
0	40	150
0	-1	138
0	16	145
1	-1	126
0	13	121
0	-1	146
0	-1	150
0	24	148
1	17	150
1	14	150
0	26	150
0	-1	150
0	7	151
0	13	150
0	-1	150
0	-1	151
0	-1	148
0	20	150
1	-1	150
1	-1	150
0	11	151
0	18	150
3	22	151
0	18	146
0	11	149
1	22	147
0	23	148
0	13	93
0	23	150
0	-1	150
0	18	150
1	28	140
0	-1	151
0	20	150
0	17	148
1	-1	150
0	-1	150
0	-1	149
0	-1	150
2	14	132
0	15	150
1	20	150
1	-1	150
0	-1	148
0	16	149
0	-1	147
0	-1	151
0	15	149
1	15	126
0	13	147
0	18	149
1	-1	151
0	-1	150
3	13	147
0	15	149
0	12	143
1	-1	146
0	10	150
0	-1	150
0	12	148
0	-1	150
0	-1	144
0	16	140
1	23	151
0	8	149
0	-1	150
0	19	148
0	18	150
0	19	148
0	18	150
0	13	149
0	20	143
0	-1	147
0	19	151
1	16	140
0	-1	150
1	-1	150
1	15	150
0	15	150
0	-1	142
1	22	149
1	-1	147
1	-1	146
1	16	149
0	15	150
0	18	146
0	-1	143
2	16	149
1	28	151
0	22	140
1	-1	149
0	10	150
0	-1	150
1	-1	150
0	8	148
1	14	150
0	22	148
0	14	150
1	-1	149
0	-1	150
0	-1	147
0	-1	150
0	19	150
0	-1	150
0	39	150
0	-1	126
0	-1	150
0	14	142
1	18	150
1	10	150
0	23	150
1	22	150
0	-1	150
0	9	103
1	17	150
0	36	150
0	31	150
1	16	142
0	14	150
0	14	148
0	-1	149
0	16	150
0	13	150
0	15	150
1	14	151
1	20	150
0	19	150
0	-1	147
0	19	150
0	18	150
2	-1	150
0	18	150
1	15	147
0	-1	149
0	15	150
0	-1	150
0	14	148
0	-1	140
0	24	150
1	-1	145
1	-1	150
1	-1	151
1	-1	137
0	15	129
0	10	151
1	18	146
0	14	151
0	13	148
0	12	144
0	19	149
0	19	114
1	-1	150
0	16	114
0	-1	145
0	12	136
1	-1	150
1	-1	149
0	8	151
0	22	146
0	13	145
0	22	150
1	17	150
0	18	147
0	11	150
0	17	145
0	-1	149
0	20	150
0	15	150
0	-1	149
1	18	139
0	20	150
0	-1	150
0	-1	147
1	21	151
0	7	134
0	24	145
1	-1	150
0	15	151
0	13	150
0	10	150
1	-1	148
0	-1	150
0	-1	150
1	-1	144
0	20	146
0	6	134
0	14	149
0	6	120
1	21	151
0	12	131
1	25	143
2	23	143
1	-1	150
0	-1	148
1	24	150
1	-1	145
0	14	98
0	13	150
1	-1	150
0	21	151
0	20	150
2	15	150
0	-1	150
0	-1	143
2	10	147
0	-1	147
0	-1	149
0	-1	150
0	18	150
1	24	142
1	26	150
0	10	116
2	-1	145
1	13	149
0	16	150
0	15	150
0	17	150
0	18	149
0	-1	150
0	30	151
0	-1	149
1	28	150
0	18	123
0	-1	151
0	20	148
0	18	149
1	34	141
0	19	147
1	10	124
0	-1	151
0	16	150
1	17	147
1	35	150
1	-1	150
1	26	143
0	-1	139
0	13	139
1	-1	150
0	-1	150
0	-1	147
0	25	141
2	-1	150
0	-1	151
1	18	150
0	17	151
0	-1	143
0	19	150
0	13	151
0	20	150
0	17	150
2	16	151
0	18	136
0	-1	148
0	11	148
0	16	150
0	17	150
1	-1	151
0	20	150
0	20	148
0	15	150
0	-1	150
1	17	133
2	16	151
0	19	144
1	9	142
1	-1	131
0	7	150
0	-1	151
0	21	141
0	-1	150
0	-1	141
1	-1	150
0	16	131
0	-1	149
0	18	149
0	14	150
0	-1	150
0	-1	150
0	16	150
0	8	98
1	17	149
1	-1	150
0	15	144
1	27	150
0	22	150
0	-1	151
0	-1	150
0	11	147
0	14	144
0	15	125
0	19	150
0	38	149
1	19	150
0	19	149
0	14	147
0	-1	150
0	11	149
0	-1	148
0	19	151
0	-1	149
0	-1	150
1	10	150
0	14	148
0	13	150
0	37	150
0	-1	151
0	11	142
1	-1	147
1	17	150
0	12	149
0	31	150
0	17	151
0	-1	148
0	15	123
2	-1	150
0	16	149
0	15	151
1	25	151
0	14	150
1	11	138
1	-1	149
0	9	150
0	-1	149
1	41	150
0	14	148
1	-1	151
0	41	149
0	17	138
0	17	149
0	17	149
0	17	146
0	18	150
2	-1	112
0	15	150
1	18	100
1	8	131
0	13	150
1	-1	148
0	17	149
0	11	127
1	16	150
1	-1	149
3	18	139
0	-1	146
0	-1	147
0	-1	150
0	19	150
0	-1	149
0	-1	146
0	-1	150
0	15	140
0	17	137
3	16	151
0	14	150
0	-1	124
1	15	150
0	-1	145
0	16	151
0	9	79
3	-1	150
1	17	150
0	15	150
1	-1	148
0	13	145
0	7	150
0	-1	150
1	13	145
0	-1	139
0	19	147
0	25	122
0	18	150
1	-1	150
0	20	150
0	31	150
1	36	149
0	-1	151
0	-1	150
0	18	148
0	-1	150
0	-1	145
0	17	151
1	18	150
1	-1	146
0	-1	150
0	16	150
0	-1	122
0	17	147
0	12	147
1	32	150
0	9	128
1	-1	149
0	-1	148
0	27	150
0	14	151
1	-1	150
0	21	150
1	16	151
0	-1	149
1	16	151
0	10	106
1	21	144
0	11	149
0	23	150
0	10	131
1	21	150
0	-1	148
0	-1	150
0	-1	147
0	10	150
0	13	137
0	-1	142
0	10	82
1	-1	149
0	15	148
1	18	141
0	-1	147
0	-1	150
0	14	150
0	21	149
0	-1	150
1	-1	150
0	-1	150
0	-1	134
0	19	148
0	-1	149
0	-1	151
0	-1	151
0	15	150
1	11	148
1	18	150
1	17	145
0	-1	142
0	14	150
0	18	149
2	-1	150
0	18	150
0	-1	146
1	-1	149
0	-1	150
1	18	150
0	-1	142
0	12	151
0	-1	150
0	16	149
0	-1	148
0	13	139
0	10	146
1	14	136
0	-1	147
2	-1	150
1	14	150
0	16	148
0	15	147
1	-1	150
0	16	147
0	14	127
0	11	150
3	18	149
1	13	149
0	30	149
3	16	135
0	-1	150
1	12	150
0	13	149
1	-1	150
2	-1	150
1	-1	144
0	14	132
1	17	151
0	-1	150
0	-1	150
2	35	151
0	16	151
0	-1	131
1	16	146
1	12	127
0	18	151
0	8	150
0	-1	147
2	17	151
0	20	149
0	23	151
0	13	150
0	-1	150
0	23	130
0	10	147
0	12	146
0	15	148
0	-1	150
1	18	150
0	14	150
0	-1	114
0	-1	150
0	-1	150
0	-1	148
0	41	151
0	14	139
1	-1	147
0	16	151
0	10	150
1	17	151
0	15	143
0	15	151
1	9	150
0	39	150
0	-1	145
0	-1	144
1	19	144
1	-1	150
1	11	150
0	9	122
0	15	148
0	19	150
1	-1	151
0	16	151
0	-1	150
2	-1	150
0	15	150
0	19	149
0	17	149
0	11	97
1	9	150
0	10	136
0	5	150
0	26	150
0	12	138
0	9	150
0	-1	148
0	20	150
0	-1	150
0	19	150
2	10	138
0	15	132
0	40	151
1	13	131
0	-1	144
3	10	150
0	-1	148
0	4	150
0	11	150
0	26	149
0	-1	147
1	-1	150
1	-1	150
1	14	150
0	20	150
0	4	141
2	-1	145
0	14	146
0	19	138
0	-1	147
0	-1	144
0	10	137
0	21	150
1	8	141
1	16	150
0	14	149
0	23	136
0	8	150
0	14	151
0	-1	150
1	-1	149
0	18	150
0	18	150
0	19	150
0	-1	150
0	-1	150
0	14	150
0	17	151
0	-1	149
0	20	150
0	16	145
0	10	149
0	14	147
0	8	131
0	23	150
0	14	150
0	14	151
0	18	139
0	6	147
0	18	144
0	19	120
1	-1	150
0	19	150
0	19	151
0	-1	149
2	-1	149
0	-1	150
0	12	151
1	10	136
0	-1	126
1	-1	150
0	15	150
0	-1	148
0	23	146
0	13	149
0	10	146
0	-1	151
1	-1	142
0	21	150
1	-1	142
1	-1	151
0	17	150
3	19	145
0	20	150
1	15	150
0	18	149
1	18	149
1	14	150
0	16	126
0	19	149
1	16	150
0	14	131
0	-1	150
1	13	150
0	21	150
0	14	150
1	19	151
1	19	150
1	-1	151
0	-1	149
1	-1	150
2	14	151
0	18	151
0	13	150
0	45	148
1	21	150
0	-1	151
0	15	150
1	15	150
1	15	150
1	-1	134
0	11	150
0	17	149
2	15	150
0	11	122
0	22	142
3	19	151
0	-1	148
0	10	149
0	-1	148
1	8	149
1	-1	150
0	21	150
0	10	84
1	38	150
0	-1	151
0	-1	149
0	17	150
1	17	145
0	-1	143
0	-1	148
0	24	150
2	19	139
0	-1	132
1	19	150
0	-1	121
2	-1	102
0	6	150
1	-1	151
1	11	145
0	14	146
1	-1	149
2	-1	144
0	15	150
1	36	150
0	-1	143
0	-1	150
0	20	150
0	15	148
1	19	146
0	17	150
0	-1	150
0	-1	150
0	-1	150
1	-1	150
0	21	150
0	16	146
1	1	99
0	-1	138
0	-1	150
0	10	151
0	21	150
0	13	150
1	8	146
0	13	147
0	19	150
1	-1	150
0	17	151
0	18	150
0	14	150
0	9	143
2	22	148
1	15	148
0	-1	150
1	21	150
0	20	145
0	-1	150
0	13	151
2	-1	150
0	-1	149
0	17	150
1	-1	146
0	-1	147
1	24	151
2	26	150
0	18	149
1	20	150
0	21	150
0	-1	149
0	11	146
0	29	145
1	14	150
0	14	150
1	13	146
0	34	150
0	12	150
0	20	150
0	16	150
1	23	150
1	-1	149
0	17	149
2	10	114
0	20	150
0	-1	148
0	11	145
0	12	145
1	28	150
0	21	149
0	-1	144
0	18	150
0	18	148
0	19	150
0	8	120
1	-1	136
0	11	150
1	-1	151
0	10	127
0	16	150
0	13	130
1	-1	150
2	15	149
0	-1	149
1	-1	150
0	-1	149
0	28	149
0	15	150
1	-1	150
0	-1	136
0	23	149
0	-1	149
1	18	143
1	-1	137
0	-1	149
1	-1	150
1	17	131
0	14	150
0	23	150
0	19	139
0	-1	150
0	14	138
0	-1	149
1	19	150
0	17	140
1	-1	138
0	15	150
1	12	150
0	13	150
0	13	149
0	20	151
0	-1	150
0	15	150
0	13	150
0	13	150
1	22	150
0	17	140
1	15	142
0	23	149
2	16	133
0	10	146
0	-1	146
0	12	150
1	-1	149
0	42	141
1	-1	150
0	29	148
1	17	150
2	12	149
2	19	150
3	24	150
1	-1	150
1	-1	144
0	15	150
0	-1	146
0	6	122
0	9	151
0	18	150
0	15	150
0	16	125
0	16	123
0	-1	149
0	-1	149
0	14	147
1	21	133
0	17	150
0	19	150
1	-1	150
0	-1	148
0	-1	150
1	20	149
0	-1	126
0	-1	150
1	20	150
0	-1	150
0	17	148
0	-1	151
0	11	138
0	-1	149
0	12	149
1	14	143
1	-1	150
1	12	143
0	-1	150
0	18	146
1	-1	147
1	18	145
23	28	62
0	-1	150
0	-1	121
0	14	148
0	25	150
0	13	150
0	21	150
2	-1	149
1	14	151
0	18	151
0	-1	147
0	-1	150
2	-1	150
0	15	143
0	11	150
2	-1	149
1	13	150
0	16	150
0	11	150
0	13	150
0	-1	150
0	16	122
2	25	151
0	14	150
0	17	145
0	24	150
0	-1	144
0	20	147
1	-1	140
0	18	150
0	17	150
0	41	149
0	32	147
0	24	137
0	-1	145
1	19	150
0	15	151
0	-1	148
0	-1	142
0	16	150
0	16	141
0	-1	150
0	-1	150
0	14	150
0	13	150
0	15	146
1	-1	148
0	12	149
0	15	150
0	18	150
0	7	150
1	15	150
0	22	138
0	-1	150
0	20	150
1	-1	150
0	19	149
0	36	149
0	36	150
0	1	151
0	12	150
0	-1	140
0	19	150
0	12	147
2	14	126
0	-1	150
0	-1	144
0	-1	147
0	16	146
0	16	120
2	-1	150
0	33	150
0	12	150
0	14	146
0	17	151
0	16	148
0	13	150
0	-1	146
1	-1	142
0	17	150
1	-1	150
1	16	135
1	24	149
0	14	151
1	15	150
1	37	151
0	29	149
0	9	137
2	18	146
1	13	147
0	8	149
0	-1	147
0	-1	147
0	-1	150
1	11	149
0	20	150
0	17	127
2	-1	149
1	20	142
1	25	148
2	-1	144
0	16	150
0	31	121
1	26	147
0	-1	150
0	-1	151
1	11	150
0	18	150
0	15	150
0	-1	147
0	15	106
0	15	147
1	-1	150
0	16	148
0	13	150
0	-1	146
1	41	150
0	-1	126
0	16	150
0	-1	150
0	9	150
1	-1	148
0	21	149
1	39	145
0	15	150
0	13	149
0	-1	148
0	-1	150
0	-1	149
1	20	150
0	15	119
0	11	149
0	-1	146
0	17	150
0	-1	149
0	16	149
0	19	151
0	-1	150
2	13	133
0	-1	127
0	14	149
2	-1	144
0	13	146
0	-1	150
1	12	149
0	-1	150
0	15	149
0	19	110
1	15	147
0	19	135
0	-1	144
1	-1	150
0	10	148
0	-1	142
0	-1	149
1	13	151
0	11	124
0	20	150
0	27	150
0	-1	150
2	-1	151
0	13	149
0	16	150
0	17	150
0	13	149
2	-1	150
1	19	150
0	19	145
0	-1	146
0	14	149
1	9	110
0	23	125
0	16	150
0	8	147
0	28	149
0	-1	150
0	9	149
0	15	150
0	11	149
0	21	150
1	15	150
0	17	150
1	15	149
0	-1	150
0	-1	148
0	14	150
1	7	88
0	21	149
0	17	149
0	12	150
0	15	149
0	16	149
0	21	150
0	-1	150
0	13	147
1	17	151
0	19	150
0	-1	150
0	12	151
0	-1	149
1	-1	150
0	16	150
0	-1	150
0	12	146
1	-1	142
1	17	151
1	16	145
0	18	149
0	14	104
0	17	150
0	19	150
1	25	149
0	-1	136
1	18	150
0	-1	150
0	18	143
0	-1	145
0	-1	150
1	13	150
0	12	150
0	22	132
0	15	150
0	35	150
0	10	151
1	-1	151
0	-1	150
2	13	148
0	11	149
2	17	150
0	-1	150
0	15	150
1	15	150
0	13	139
0	28	150
0	16	142
0	21	145
2	-1	151
0	-1	139
0	43	148
1	14	150
0	16	151
0	16	145
0	-1	150
0	13	133
0	13	151
0	-1	113
0	7	148
1	17	130
0	12	150
0	19	150
0	-1	147
0	18	146
2	19	147
1	18	147
0	-1	148
2	-1	149
0	14	150
0	-1	149
0	31	146
2	19	150
1	14	150
0	8	150
0	19	148
1	14	149
0	-1	116
1	-1	148
0	12	102
1	15	151
1	17	151
0	20	148
1	-1	149
1	-1	150
0	9	146
0	16	148
0	22	151
0	20	151
1	17	151
1	9	151
1	17	150
1	6	149
2	13	151
1	-1	150
0	15	147
0	10	124
1	15	149
0	17	150
0	18	148
0	22	149
0	19	149
2	29	150
0	-1	148
1	33	147
1	21	150
3	-1	150
1	20	125
0	-1	148
0	20	149
1	14	150
0	2	73
1	-1	147
1	-1	148
0	-1	149
0	-1	151
0	7	150
0	-1	144
0	10	97
0	14	150
0	13	150
0	18	150
0	-1	146
0	-1	150
0	19	133
2	-1	151
0	15	150
0	7	151
1	17	143
0	11	150
0	17	150
0	22	150
1	-1	150
0	13	148
0	-1	148
0	17	150
0	20	144
1	-1	148
0	10	108
0	14	151
0	17	150
0	19	150
0	11	148
0	-1	146
0	15	150
1	-1	150
0	23	151
0	18	150
0	12	150
0	-1	139
0	-1	147
0	-1	151
0	24	144
0	13	148
1	-1	110
0	-1	145
0	18	150
0	21	150
0	-1	150
0	16	151
0	15	150
0	13	150
0	-1	143
0	8	147
0	10	150
0	16	150
0	-1	150
1	-1	143
0	-1	151
0	-1	149
0	10	150
2	17	147
0	10	151
0	16	150
0	36	147
2	19	145
1	9	150
0	-1	140
0	35	151
1	45	151
0	-1	128
0	8	144
0	-1	149
0	34	150
0	21	149
0	10	150
0	16	150
0	-1	151
1	19	151
1	-1	150
0	13	149
2	-1	151
0	16	85
1	19	150
1	-1	146
0	-1	147
0	14	150
0	13	150
0	40	151
0	16	150
1	-1	149
0	13	150
0	17	149
0	-1	150
0	17	148
1	46	150
0	-1	150
0	22	150
0	-1	147
0	17	150
0	20	150
0	-1	148
0	12	147
0	13	149
0	-1	149
0	15	138
0	10	148
0	15	150
1	14	149
0	-1	149
0	22	150
1	11	147
0	-1	151
0	12	150
1	22	147
0	16	151
1	-1	143
0	-1	150
0	12	133
0	-1	149
0	-1	150
0	18	148
1	19	150
0	17	151
0	11	150
0	-1	147
0	32	150
0	20	150
0	16	150
0	17	147
0	19	150
0	14	150
0	10	150
0	14	138
0	16	151
0	16	150
0	-1	148
0	18	151
0	-1	150
0	-1	150
0	31	148
1	-1	148
0	-1	148
0	36	151
0	14	150
1	10	148
0	-1	140
0	17	150
1	-1	150
0	15	147
0	19	150
1	19	150
0	15	142
0	18	149
0	9	130
0	-1	117
0	18	150
0	14	148
0	-1	150
0	20	150
0	-1	148
0	12	147
1	-1	146
0	-1	150
0	13	147
0	-1	148
1	-1	145
1	-1	130
0	19	150
1	13	144
0	-1	150
0	19	149
1	-1	144
0	-1	146
1	-1	150
0	9	150
0	22	150
1	10	151
1	40	150
0	9	150
0	19	147
0	16	151
0	-1	150
0	-1	150
1	10	145
0	24	147
1	-1	150
0	22	150
0	17	145
0	9	147
0	13	150
2	14	124
0	16	151
1	9	150
0	-1	146
0	22	147
0	12	133
0	21	132
0	23	147
0	15	150
0	12	148
0	24	149
0	20	149
0	12	150
0	11	150
1	14	145
0	-1	150
0	-1	149
0	-1	150
1	10	146
0	18	150
0	21	150
0	12	142
1	-1	150
0	24	144
0	21	146
0	-1	150
0	16	150
0	13	150
1	27	114
0	12	143
0	14	150
0	9	150
0	14	150
0	15	148
1	22	150
1	11	150
0	8	149
0	31	150
0	16	149
0	17	149
0	13	150
0	13	150
1	36	149
0	-1	150
1	22	150
0	-1	147
0	-1	150
0	15	144
0	18	150
0	-1	149
0	16	122
0	-1	149
0	16	150
0	12	150
2	9	151
0	-1	149
1	-1	151
0	14	136
0	23	150
0	-1	146
0	19	143
0	22	151
0	21	151
1	20	150
0	-1	150
2	-1	150
0	-1	150
1	14	151
1	-1	149
1	16	150
0	-1	150
0	12	150
0	27	150
0	12	147
0	-1	137
3	-1	147
0	13	148
1	-1	146
1	18	150
0	15	150
1	-1	150
0	13	151
1	-1	131
0	-1	150
0	7	150
0	30	151
0	-1	123
0	17	150
1	-1	150
0	15	91
0	-1	150
1	-1	149
47	65	145
0	33	149
0	-1	149
0	20	149
0	28	147
0	28	145
0	12	151
1	10	151
1	30	144
0	11	119
1	16	151
0	14	150
0	21	116
0	11	140
0	21	147
0	-1	150
1	14	150
0	12	150
0	-1	145
0	-1	146
0	-1	150
1	14	146
0	17	149
1	12	145
1	-1	150
0	-1	150
0	13	150
0	16	149
0	-1	150
0	8	129
0	-1	150
0	-1	147
2	7	146
2	22	150
0	14	134
0	-1	141
0	16	131
1	17	150
1	-1	148
1	21	150
1	-1	145
0	17	150
1	12	151
0	19	144
0	16	151
1	18	146
0	-1	150
0	-1	150
1	-1	149
0	18	150
1	11	149
3	31	150
0	18	150
0	-1	148
0	18	143
0	18	147
0	13	146
0	19	150
0	14	150
0	16	136
0	16	149
0	-1	150
0	18	133
0	18	151
1	22	145
0	16	148
0	18	147
0	-1	149
1	-1	149
0	30	151
0	37	149
1	-1	150
0	17	149
0	21	146
1	-1	151
0	19	141
2	-1	150
0	14	147
0	43	150
0	15	148
0	12	150
0	18	150
2	18	149
0	-1	139
1	17	131
2	-1	150
0	16	150
0	-1	150
1	9	145
1	15	146
0	16	147
1	38	149
1	18	150
0	-1	141
0	-1	143
2	-1	150
2	-1	150
0	-1	149
1	18	151
0	-1	150
0	14	150
1	14	108
0	12	145
0	-1	149
1	18	150
0	9	150
1	-1	150
2	-1	138
0	24	150
0	15	150
0	-1	150
1	26	150
1	-1	150
1	21	151
0	9	147
1	15	150
1	16	150
0	19	149
2	32	103
0	-1	148
0	-1	150
1	12	131
0	23	149
3	14	136
0	13	148
0	27	150
2	-1	145
1	21	145
2	-1	149
0	17	151
0	-1	150
0	20	149
0	-1	139
0	11	149
1	21	150
0	18	150
0	12	148
1	12	150
1	20	150
0	14	150
0	-1	150
0	-1	150
0	31	150
0	6	133
0	5	144
0	-1	147
0	19	150
0	27	149
3	16	148
1	-1	115
0	-1	151
1	-1	150
1	-1	147
0	17	142
1	14	149
1	21	150
0	16	150
3	19	149
2	18	150
0	19	151
0	19	150
0	15	151
1	16	144
0	19	150
0	19	147
0	5	150
1	41	150
1	-1	148
0	34	148
0	33	148
2	19	150
0	-1	146
0	14	143
0	16	132
0	14	137
0	18	150
0	32	149
0	33	148
29	24	73
0	37	147
0	-1	149
0	17	148
0	-1	123
0	8	132
0	11	151
0	12	120
0	7	133
0	12	133
3	-1	150
0	18	132
0	36	150
1	13	150
0	-1	149
1	-1	150
0	11	101
0	-1	150
0	-1	151
0	14	150
0	13	150
0	-1	150
0	13	147
0	11	150
0	13	148
0	16	149
0	-1	150
0	15	150
0	19	150
0	-1	132
0	15	149
0	20	150
0	-1	150
0	13	149
0	13	150
0	18	150
1	17	151
0	18	148
0	-1	150
2	14	138
0	-1	146
0	6	108
1	22	150
0	-1	145
0	8	150
1	-1	150
0	13	143
1	18	150
0	14	150
0	-1	134
1	-1	151
0	12	148
1	-1	144
0	17	140
0	-1	150
0	15	145
0	27	149
1	-1	149
0	16	150
0	10	150
0	15	147
0	11	150
0	-1	114
0	-1	150
0	14	151
1	19	148
0	-1	150
0	42	146
1	21	148
1	-1	149
3	21	149
1	12	135
0	-1	145
0	-1	150
0	-1	150
0	17	148
0	5	142
0	-1	151
0	17	149
2	-1	150
0	-1	149
0	19	151
0	-1	149
1	-1	150
1	7	126
1	40	151
0	16	136
0	-1	150
0	18	149
0	18	150
1	23	151
0	14	150
0	20	145
0	25	130
0	7	85
0	18	132
0	-1	142
0	-1	147
2	-1	140
0	12	151
0	-1	150
0	26	137
1	19	151
2	35	149
0	9	147
0	20	148
0	-1	139
0	19	148
0	12	150
1	14	138
3	10	150
0	-1	151
0	15	150
0	-1	149
1	14	150
2	-1	150
1	9	151
1	-1	140
0	16	150
0	19	151
0	-1	148
0	-1	150
0	-1	150
0	16	151
3	24	84
0	-1	150
0	16	146
0	6	151
0	16	148
0	17	151
0	15	150
0	14	137
0	-1	149
2	39	149
0	6	94
0	17	149
0	13	119
0	8	147
0	5	150
1	19	150
0	10	150
1	-1	150
1	-1	151
0	17	150
0	-1	149
0	30	150
0	15	149
1	38	150
0	11	151
0	-1	145
0	21	150
0	21	150
1	-1	150
0	-1	150
0	26	150
1	28	137
0	10	148
5	41	150
0	15	150
0	15	149
0	-1	150
5	-1	149
0	-1	149
0	24	150
0	14	146
0	-1	151
0	14	151
0	15	137
0	-1	149
0	-1	150
0	8	146
0	13	130
0	17	150
0	9	140
0	9	148
0	-1	150
0	13	148
0	24	133
0	6	147
0	-1	145
0	-1	144
1	18	140
1	-1	150
1	34	135
0	11	150
0	16	147
0	-1	125
0	-1	150
1	10	150
1	14	150
0	24	144
0	21	146
0	9	150
0	16	150
0	-1	150
1	-1	151
1	40	147
0	11	149
0	13	148
0	19	142
0	25	134
0	-1	146
0	-1	131
1	20	151
0	-1	149
0	10	147
1	-1	150
0	15	148
0	10	98
1	15	150
1	20	150
0	21	150
0	14	151
0	14	150
0	15	149
1	18	149
0	14	147
1	-1	150
0	-1	150
2	22	140
1	29	149
0	12	146
0	-1	142
0	-1	150
1	-1	134
1	-1	149
0	15	147
0	14	150
1	19	147
0	-1	150
0	24	150
0	-1	150
0	-1	151
1	15	143
1	-1	142
1	-1	151
0	-1	144
0	-1	148
0	40	148
2	10	144
3	-1	150
0	-1	150
0	-1	141
0	-1	150
1	-1	149
0	37	151
0	25	150
0	-1	150
0	31	119
0	-1	146
1	27	149
0	16	149
0	15	140
1	10	151
1	-1	150
0	13	151
0	21	151
0	-1	150
0	41	149
1	-1	147
0	12	150
1	17	151
0	-1	147
0	20	151
1	14	126
1	-1	148
1	40	149
0	14	151
3	-1	148
0	-1	151
0	36	148
0	12	145
0	14	130
0	38	150
0	31	151
0	10	130
0	12	128
0	9	148
0	7	150
0	13	148
0	-1	151
0	-1	146
0	-1	150
2	15	151
0	-1	151
0	12	151
0	4	151
0	16	147
0	18	149
1	-1	130
0	7	118
0	-1	150
0	8	150
1	20	150
0	12	150
0	-1	132
0	-1	149
0	-1	151
0	22	150
1	14	148
1	17	143
1	-1	144
0	6	148
1	12	122
1	-1	150
0	8	149
0	-1	151
0	19	150
0	12	126
1	-1	148
0	-1	149
0	22	138
1	-1	119
2	-1	150
0	18	151
1	15	150
1	-1	130
0	15	147
0	12	148
0	9	143
2	-1	150
1	-1	149
2	21	145
0	-1	148
0	-1	150
0	-1	149
0	24	144
2	-1	151
0	-1	150
0	11	136
0	12	148
0	14	145
1	13	149
0	21	150
1	-1	134
1	-1	148
2	12	150
1	21	145
0	23	139
0	1	151
0	24	150
0	17	151
0	11	132
1	24	149
0	17	149
1	-1	150
1	19	148
0	17	143
1	14	134
1	16	151
0	14	149
1	34	149
0	14	149
1	17	150
1	-1	148
3	-1	150
1	18	110
0	8	122
0	15	145
0	-1	150
1	19	137
0	21	150
0	17	150
1	-1	151
2	-1	150
0	8	89
0	15	151
0	-1	150
1	-1	137
0	-1	150
1	21	127
0	15	150
0	15	150
0	16	150
0	14	150
0	23	144
1	25	151
2	-1	146
0	-1	151
0	-1	150
0	-1	149
0	11	150
1	15	150
1	-1	150
0	14	146
0	-1	149
0	-1	148
0	8	149
2	38	150
0	-1	150
0	16	150
2	-1	149
1	16	141
1	14	151
1	20	150
0	-1	147
1	20	150
0	-1	142
0	18	148
1	-1	146
0	17	129
1	-1	146
1	15	135
1	-1	147
0	19	148
0	12	143
0	17	149
0	-1	151
1	-1	150
0	29	150
1	37	151
0	8	151
1	19	150
0	17	150
1	20	148
1	14	147
0	-1	150
0	12	64
0	14	86
0	-1	150
0	-1	150
0	-1	148
0	-1	148
0	9	147
2	-1	146
0	20	149
1	-1	150
1	-1	148
1	15	148
1	-1	132
0	22	143
0	14	150
0	11	150
1	12	135
0	25	150
0	18	149
1	-1	150
0	18	150
0	19	150
0	7	150
0	11	150
1	14	149
0	-1	150
1	-1	146
0	19	133
1	-1	151
2	18	148
0	11	150
0	12	104
0	14	141
0	12	150
0	13	111
0	15	137
1	13	150
2	26	150
0	19	150
0	-1	151
0	19	151
1	-1	150
0	20	148
0	-1	142
0	14	150
0	-1	151
0	7	147
1	19	150
0	-1	150
0	17	150
0	13	134
0	-1	114
0	-1	150
1	34	150
0	6	149
0	14	150
0	12	150
0	10	122
0	16	150
0	23	123
0	-1	149
1	19	140
1	18	136
0	40	146
0	-1	149
0	8	150
0	14	150
0	13	146
1	29	149
0	7	148
0	14	133
0	12	148
0	-1	149
0	12	141
0	-1	150
0	15	151
2	-1	150
0	11	150
0	11	150
2	-1	150
0	13	130
1	14	145
0	15	150
0	18	150
0	13	118
1	10	150
0	-1	150
0	-1	150
1	10	150
0	-1	149
0	11	99
0	15	137
1	15	138
1	16	151
0	11	147
2	13	116
0	18	150
1	14	139
0	-1	141
0	-1	150
0	-1	150
1	10	146
0	12	148
0	5	114
1	5	133
1	11	151
0	7	150
1	25	150
1	13	122
0	-1	149
0	11	110
1	20	150
0	-1	150
1	11	128
0	8	149
0	7	139
0	-1	150
0	15	148
1	13	151
1	18	151
0	12	149
2	46	150
1	32	151
0	15	140
0	15	146
0	15	150
0	7	135
1	8	148
0	13	145
0	-1	146
1	-1	151
1	-1	143
0	-1	141
0	11	151
0	17	143
1	20	150
0	16	150
1	16	144
0	31	149
1	11	150
0	17	150
1	17	150
0	15	150
2	-1	120
0	13	150
0	21	150
0	14	149
0	-1	116
0	9	149
36	37	105
0	-1	138
1	-1	148
1	15	150
0	-1	146
0	14	150
0	-1	123
0	21	150
1	-1	150
0	8	150
1	-1	149
1	20	150
0	10	146
0	11	149
0	-1	146
0	25	138
0	21	150
0	-1	150
0	-1	150
0	20	144
0	16	151
1	-1	151
0	16	144
0	18	150
0	23	149
1	14	150
0	19	150
1	21	150
0	17	149
0	16	136
0	30	150
0	28	150
1	19	149
0	18	150
0	32	150
0	-1	149
0	-1	148
0	15	148
1	9	149
0	-1	141
0	-1	150
0	-1	150
2	-1	150
0	12	150
0	14	137
0	10	149
0	-1	150
0	11	150
1	16	137
1	14	150
0	-1	145
2	-1	146
0	-1	146
0	19	150
0	-1	147
2	-1	145
0	-1	149
0	12	148
1	14	123
0	-1	150
0	38	151
1	18	140
1	17	144
0	14	105
1	-1	150
1	-1	148
0	22	137
0	19	127
0	-1	150
0	17	150
0	14	150
0	14	150
0	-1	148
0	36	150
0	23	126
0	-1	148
0	18	149
0	12	149
2	21	144
0	22	150
1	19	144
1	19	150
1	-1	150
0	14	150
0	28	150
0	11	150
0	-1	151
35	36	150
0	-1	144
3	-1	148
0	6	96
0	2	83
0	-1	150
0	19	150
1	-1	137
2	-1	150
0	16	150
0	18	144
0	21	123
0	23	144
0	11	149
0	26	150
0	20	146
0	17	149
1	28	120
1	-1	145
0	32	150
0	13	140
0	-1	149
0	21	150
0	24	150
0	-1	149
1	28	150
0	-1	148
1	-1	146
2	-1	150
0	11	149
0	23	146
0	13	146
0	19	150
0	12	150
2	10	148
1	12	130
0	9	75
0	-1	146
1	-1	150
0	8	150
1	-1	150
0	-1	150
0	13	150
1	29	129
0	18	150
1	19	100
0	25	150
2	-1	148
1	-1	148
1	19	142
1	-1	150
1	18	150
0	21	147
0	24	149
0	15	118
0	-1	151
1	37	150
0	14	146
0	-1	150
1	-1	110
1	-1	148
0	12	147
0	24	150
1	17	145
0	-1	150
0	15	150
0	35	147
0	9	123
1	36	148
0	7	95
0	18	150
1	19	148
1	-1	148
1	17	150
0	19	150
0	18	149
0	26	149
0	-1	150
1	25	150
1	15	150
0	11	149
0	-1	148
0	-1	148
1	-1	150
0	25	139
0	14	150
1	14	143
0	16	150
0	15	149
0	-1	150
0	14	150
1	-1	140
0	8	130
0	17	139
0	-1	150
1	-1	126
0	15	150
0	15	150
1	26	151
0	17	151
0	34	129
0	14	149
1	-1	148
0	10	150
0	24	150
0	37	150
0	26	146
0	8	145
0	13	149
1	15	151
0	16	150
0	9	114
0	12	147
1	-1	149
0	18	150
0	19	146
0	18	150
1	-1	150
2	-1	148
1	20	151
0	46	151
0	33	150
1	23	151
1	-1	137
0	-1	146
1	29	150
1	12	148
1	12	139
1	16	137
0	14	150
1	33	150
1	19	150
0	10	126
1	-1	149
1	17	150
2	15	150
0	11	135
1	-1	146
1	10	148
0	11	145
0	20	146
0	17	147
1	-1	149
0	19	150
0	8	148
0	-1	150
0	-1	149
2	13	151
2	13	67
2	-1	150
0	17	151
1	-1	150
0	11	150
0	-1	145
0	21	147
0	-1	150
1	-1	147
1	15	135
1	12	150
0	17	150
0	29	150
0	18	150
0	27	146
0	11	143
0	12	149
1	-1	146
0	-1	150
0	11	147
1	-1	148
0	-1	150
0	13	148
0	13	150
0	12	151
0	34	150
0	24	150
0	-1	151
1	40	142
0	14	143
0	15	151
0	11	145
0	20	149
0	-1	150
0	20	150
0	19	149
0	-1	144
0	14	150
1	26	139
0	-1	146
0	17	150
0	13	150
0	14	132
1	-1	150
0	43	150
2	9	145
0	41	150
1	18	145
1	-1	149
0	13	150
0	-1	135
0	21	137
2	21	145
0	14	150
0	-1	150
0	-1	150
1	12	140
0	9	145
0	14	140
0	26	147
0	14	150
0	22	150
0	-1	149
0	16	150
1	-1	149
1	-1	150
0	15	151
1	17	149
1	-1	150
0	-1	147
1	20	150
0	37	151
1	21	144
0	15	117
0	12	149
0	20	150
0	-1	135
0	19	148
3	38	150
1	39	150
0	13	124
0	-1	150
0	6	147
0	-1	148
1	39	150
1	38	143
0	20	150
1	16	149
1	-1	151
0	8	150
1	-1	147
0	17	149
0	-1	151
1	18	150
0	-1	148
2	14	127
0	44	150
1	-1	145
0	7	151
0	21	150
0	-1	151
2	16	151
0	-1	145
1	-1	107
1	-1	150
0	9	150
0	13	147
1	-1	141
0	15	150
0	13	147
0	29	151
0	15	150
0	12	142
1	9	149
0	-1	150
1	10	150
0	-1	151
2	-1	150
0	16	136
1	-1	150
0	19	145
0	19	150
1	-1	128
0	-1	150
0	16	151
0	16	149
0	18	150
1	30	150
0	2	93
0	-1	151
0	17	150
0	17	150
0	-1	150
0	25	149
0	18	147
0	-1	149
1	15	130
0	32	150
0	-1	142
0	14	150
0	33	148
0	-1	150
1	-1	140
2	15	150
0	10	150
0	-1	146
1	18	142
0	-1	150
1	11	138
1	-1	150
2	18	146
1	-1	122
1	17	126
0	-1	151
1	16	129
0	-1	147
0	11	150
0	-1	150
0	13	116
1	8	149
0	-1	146
0	-1	142
1	14	145
3	12	150
0	18	150
0	29	149
2	36	151
0	20	151
1	-1	150
0	3	150
0	-1	120
1	-1	147
0	-1	142
0	11	151
1	15	150
0	-1	125
1	17	150
0	-1	142
0	21	150
1	10	150
1	-1	140
1	11	149
0	8	145
0	6	131
0	13	150
0	15	150
0	20	150
0	-1	150
3	-1	150
1	-1	150
0	28	144
0	-1	147
0	18	151
1	-1	150
0	-1	150
0	41	151
1	-1	147
1	-1	146
1	-1	145
0	-1	150
1	15	150
0	15	149
0	-1	150
0	12	150
1	-1	150
0	-1	148
3	-1	146
2	15	150
0	-1	145
0	-1	149
2	12	150
0	-1	134
3	-1	150
1	1	146
0	-1	148
0	31	148
1	19	150
0	16	148
1	10	112
1	27	145
0	18	107
0	-1	150
0	-1	148
0	-1	149
1	20	149
0	17	122
0	23	149
0	22	150
0	-1	139
1	25	147
0	11	135
0	17	151
2	19	143
1	22	150
0	-1	150
0	17	149
0	22	150
1	25	150
0	9	150
0	14	146
0	-1	149
0	18	150
0	12	150
1	-1	145
0	17	150
0	-1	147
1	9	93
0	10	133
0	16	145
0	10	149
0	6	150
0	-1	150
0	17	148
0	15	141
1	12	149
1	12	150
0	9	127
0	13	149
0	22	150
0	22	150
0	15	150
1	24	150
1	5	114
0	-1	149
0	16	150
0	12	150
0	7	149
1	8	149
0	37	150
2	-1	145
0	27	148
1	13	122
0	12	148
1	13	146
0	18	144
0	15	150
0	-1	142
1	12	150
0	14	126
0	17	150
0	16	150
0	27	143
1	13	150
0	16	149
0	35	151
0	17	150
0	8	147
0	21	150
0	16	150
0	20	147
0	19	151
0	15	146
0	24	150
1	19	150
2	-1	148
0	14	151
0	-1	148
1	14	150
0	-1	150
0	19	147
1	-1	150
0	16	128
0	-1	150
1	-1	150
0	16	151
0	19	120
1	-1	149
0	-1	150
1	-1	150
1	-1	150
0	-1	149
0	14	146
0	10	151
0	-1	151
2	-1	149
1	-1	150
0	21	150
0	17	149
0	11	148
0	-1	150
0	21	147
0	19	150
0	21	150
0	-1	151
0	19	150
0	-1	150
0	-1	145
0	22	150
0	-1	151
0	22	148
1	-1	150
1	-1	150
0	16	134
0	16	150
0	-1	140
0	-1	127
0	18	151
0	16	150
1	6	68
1	16	149
0	18	150
1	-1	91
0	20	150
0	16	150
0	15	150
0	14	149
0	12	133
1	14	114
1	13	146
1	12	150
0	10	140
0	14	143
0	14	130
0	-1	150
0	-1	150
1	16	141
1	-1	150
1	-1	149
0	-1	151
0	-1	147
1	17	150
0	20	146
1	25	150
1	22	150
0	17	145
0	-1	150
0	12	151
0	17	150
2	-1	137
0	-1	146
0	13	150
2	-1	150
1	16	133
2	14	150
0	-1	149
0	-1	149
0	25	147
1	21	151
0	-1	149
1	-1	147
0	19	147
2	14	105
0	16	150
1	28	151
1	-1	149
0	23	150
0	21	150
0	13	134
0	7	129
1	-1	151
0	16	130
2	14	150
0	13	150
1	11	139
0	13	147
1	-1	150
0	-1	150
0	13	149
0	12	147
0	18	151
0	-1	151
0	20	139
0	11	146
0	-1	150
1	-1	150
0	19	138
0	17	75
2	-1	122
0	-1	150
0	14	150
0	11	149
1	13	135
0	11	150
0	-1	150
0	13	150
1	12	148
0	14	150
0	17	144
0	-1	150
0	-1	150
0	-1	135
1	-1	150
0	15	143
0	20	149
0	32	136
0	13	148
1	14	150
0	-1	138
1	-1	141
0	16	145
0	11	148
1	18	145
0	-1	148
0	17	149
0	-1	150
0	22	150
0	18	150
0	22	150
0	14	149
0	14	149
1	-1	150
0	19	150
1	16	150
2	-1	149
0	15	69
1	15	149
0	14	150
1	15	120
0	21	150
0	12	150
0	14	150
0	9	95
0	16	150
0	17	144
0	-1	147
0	14	150
0	-1	147
1	-1	147
2	-1	143
1	12	149
1	-1	150
1	29	147
0	17	145
2	19	150
1	-1	151
1	-1	115
0	13	122
1	-1	143
0	-1	141
0	19	151
1	-1	151
0	19	151
2	12	143
0	-1	150
1	-1	150
1	14	122
2	14	150
0	-1	149
0	-1	140
0	11	149
1	12	148
0	14	147
0	11	136
0	8	115
0	16	111
0	16	150
1	-1	148
0	29	149
1	11	145
1	-1	150
0	19	136
0	20	85
0	12	146
0	-1	143
0	-1	141
0	15	149
1	18	129
0	16	149
1	15	151
0	-1	150
1	37	149
0	-1	133
0	12	150
0	15	150
0	19	135
0	-1	71
0	9	97
1	16	147
0	20	143
3	19	138
0	11	149
0	-1	151
0	-1	149
0	-1	144
0	23	150
1	-1	151
1	-1	150
1	-1	151
1	-1	149
0	-1	149
1	-1	141
0	-1	135
0	19	150
0	12	150
0	-1	150
0	18	143
0	17	150
0	16	150
0	-1	127
0	-1	150
2	-1	145
0	28	134
2	20	150
0	12	149
0	-1	150
0	-1	113
0	-1	150
0	-1	150
1	-1	145
0	21	150
0	20	150
0	-1	137
0	-1	133
1	16	148
1	-1	150
0	27	151
0	-1	150
0	20	150
0	14	150
0	-1	150
0	16	132
0	14	146
1	-1	151
1	11	131
1	31	150
0	10	93
0	18	150
0	-1	150
2	36	150
0	16	148
0	24	150
0	22	150
0	12	149
1	-1	146
0	12	150
0	12	143
0	-1	149
0	18	150
1	17	150
0	12	131
0	8	135
0	15	150
0	17	146
0	11	148
1	7	150
0	8	150
1	-1	147
0	-1	148
0	16	151
0	-1	150
0	-1	150
0	-1	150
0	21	150
0	-1	149
1	-1	146
1	13	150
0	-1	137
1	12	142
0	15	150
0	8	150
0	11	129
0	8	151
1	7	150
1	-1	150
1	-1	148
1	-1	150
1	18	150
2	-1	149
1	7	149
0	-1	149
1	-1	145
0	11	145
0	15	132
1	15	150
0	16	150
0	51	150
0	15	146
0	23	150
1	16	149
0	18	151
1	19	151
1	18	140
0	14	143
0	-1	147
0	16	148
0	15	150
0	26	147
0	9	150
0	9	150
0	-1	117
1	25	150
2	15	150
0	-1	151
0	10	150
1	18	151
1	-1	149
0	18	150
1	22	151
0	17	151
1	-1	151
0	-1	150
0	15	150
1	-1	151
1	14	145
1	19	147
0	7	68
0	21	136
0	12	145
1	-1	149
0	44	151
0	18	150
0	19	148
0	7	135
0	18	150
0	14	150
0	34	143
0	13	151
1	-1	135
0	17	150
0	20	150
0	21	150
0	15	150
0	16	147
0	3	148
0	28	150
1	-1	150
1	19	142
1	-1	148
0	21	141
0	18	151
0	13	148
0	19	150
0	-1	149
0	20	150
0	18	150
0	-1	150
0	-1	150
0	10	131
1	-1	150
1	29	150
0	8	150
0	21	147
0	13	150
0	-1	150
0	12	149
1	-1	150
0	-1	148
1	-1	150
0	-1	144
1	18	150
0	-1	149
0	-1	149
0	-1	150
1	-1	148
0	12	150
0	17	150
0	-1	148
0	11	150
1	-1	151
0	13	150
1	17	151
1	-1	150
1	38	147
0	19	149
0	19	150
0	14	150
0	15	150
0	-1	149
1	19	151
0	-1	146
0	17	151
0	11	150
1	20	146
1	10	149
1	19	150
0	-1	147
1	17	148
0	-1	142
0	-1	141
1	-1	148
0	17	150
0	16	150
0	10	112
0	-1	150
1	17	150
0	14	150
0	-1	150
1	-1	149
0	-1	150
0	29	135
0	8	149
0	16	146
0	-1	147
0	-1	150
1	14	150
0	16	150
0	-1	145
0	19	149
0	27	144
0	14	150
0	14	149
2	-1	151
0	13	148
0	19	149
0	12	150
1	-1	150
0	-1	148
1	18	148
0	11	109
1	-1	147
0	13	150
0	12	140
0	15	150
0	15	151
1	-1	151
0	22	150
0	14	149
0	-1	72
0	18	148
0	-1	147
0	24	138
0	24	151
0	18	149
0	-1	147
1	13	149
0	23	150
1	9	151
0	14	142
0	17	150
1	-1	149
1	11	149
0	14	148
1	13	146
0	19	146
1	26	150
2	-1	150
0	18	150
0	14	150
1	16	150
1	32	148
0	45	151
0	8	142
0	-1	150
1	18	149
0	14	146
0	-1	120
0	-1	150
0	14	147
0	13	148
0	18	135
0	-1	151
1	12	121
1	18	151
0	-1	143
1	11	123
0	20	141
1	10	147
1	16	145
0	5	150
0	16	150
0	38	148
1	-1	149
0	-1	151
0	15	150
0	15	146
1	-1	149
0	15	146
0	11	147
0	12	149
0	20	150
0	21	149
0	-1	148
0	-1	150
0	18	150
0	-1	148
0	18	150
0	-1	151
0	16	151
0	-1	151
0	12	150
3	-1	147
0	9	146
1	19	150
0	14	142
0	20	143
0	-1	149
0	19	141
0	8	147
0	22	151
0	9	64
1	-1	150
0	-1	150
1	20	141
0	23	150
1	-1	151
1	-1	149
1	13	150
0	21	150
1	17	150
1	-1	150
1	15	150
0	18	150
0	23	147
0	23	150
0	-1	150
1	-1	150
1	-1	151
0	16	150
0	-1	151
0	18	129
0	-1	141
0	-1	144
0	-1	150
1	42	150
1	13	150
1	13	145
0	13	125
0	13	148
0	10	150
0	19	151
0	36	151
1	18	150
1	17	149
0	14	144
0	-1	149
0	7	150
0	8	147
0	11	88
2	-1	150
5	16	150
0	12	137
1	-1	150
1	14	150
1	-1	150
0	13	150
0	18	150
0	15	150
0	19	151
0	-1	139
0	20	150
0	8	150
0	-1	147
0	10	147
0	18	150
0	-1	150
0	30	150
0	13	148
0	33	142
1	-1	146
1	-1	150
0	-1	150
0	-1	150
0	-1	149
0	-1	150
0	-1	150
0	13	133
0	17	150
1	33	150
0	29	142
0	16	129
1	-1	147
0	24	150
0	-1	146
0	-1	149
1	-1	151
1	-1	151
3	-1	148
1	37	150
1	23	151
0	-1	149
0	5	150
0	-1	147
0	19	151
0	15	150
0	20	150
0	15	150
0	11	65
1	16	150
0	-1	150
0	14	151
0	33	147
1	15	139
1	21	151
0	14	151
1	-1	146
0	20	150
0	-1	150
2	-1	151
1	-1	150
1	12	115
0	17	150
0	-1	151
0	14	151
0	18	151
0	-1	151
1	16	150
1	8	93
0	14	146
0	9	149
3	34	147
0	-1	146
0	24	149
0	14	150
1	-1	141
1	-1	87
1	21	150
0	-1	149
1	15	150
0	-1	148
1	18	146
0	13	129
2	18	150
0	14	146
1	-1	136
0	17	150
2	27	126
0	-1	146
0	-1	142
0	13	147
0	23	151
0	17	150
0	-1	149
1	-1	149
2	23	150
0	15	150
0	13	150
0	-1	109
0	18	147
0	17	150
1	18	149
1	16	150
0	-1	149
0	21	150
0	12	149
0	12	149
0	13	150
1	-1	145
0	16	148
0	19	150
1	18	150
0	-1	149
1	-1	138
3	17	151
0	11	150
1	-1	150
1	15	150
1	-1	151
1	-1	148
0	-1	148
0	9	150
1	19	138
1	-1	150
1	-1	151
0	13	150
0	18	151
0	18	150
0	19	150
0	17	150
0	23	150
1	16	148
0	17	151
0	19	150
0	-1	149
1	18	150
0	-1	150
0	16	151
1	14	150
2	-1	148
1	38	149
0	-1	150
0	15	150
0	14	149
0	14	150
0	-1	148
0	17	148
2	-1	145
1	19	150
0	13	150
1	-1	148
0	-1	147
0	-1	142
1	-1	146
1	47	151
0	-1	150
0	19	151
0	15	150
0	10	139
0	10	138
1	9	145
0	20	149
1	20	150
0	15	148
0	14	151
0	28	135
0	17	149
0	7	151
0	14	147
0	11	149
1	33	150
1	21	150
1	13	149
0	-1	150
1	13	149
0	-1	148
1	16	151
0	41	148
0	-1	145
1	17	151
0	-1	147
0	20	150
0	-1	146
0	-1	147
1	18	150
0	13	150
1	16	151
1	-1	151
0	11	150
0	16	150
0	13	151
0	14	149
1	20	150
0	16	150
0	48	149
0	-1	149
0	8	148
2	-1	138
1	26	150
2	-1	150
0	8	142
0	-1	150
1	-1	150
1	-1	150
0	19	148
0	-1	149
0	-1	149
0	7	149
1	19	151
3	16	150
1	-1	150
1	-1	150
1	-1	149
0	-1	151
0	22	151
1	23	150
0	14	150
0	12	150
0	19	148
0	19	150
2	31	146
1	17	148
0	12	148
0	15	150
0	17	110
2	-1	149
0	11	150
0	-1	151
0	-1	151
0	8	150
0	13	147
0	17	145
0	15	149
0	15	149
0	24	148
0	14	147
0	15	151
1	14	150
0	18	150
0	12	150
0	16	137
0	17	150
0	7	148
0	12	145
0	11	148
2	20	149
0	12	149
0	18	146
0	21	151
0	30	150
1	17	150
0	20	149
0	15	145
2	22	148
1	15	150
0	16	151
0	18	150
0	11	149
0	17	150
0	5	92
0	14	149
1	18	150
0	-1	147
0	23	147
0	13	139
0	14	151
0	-1	150
0	-1	105
0	14	147
1	16	150
1	-1	146
1	-1	150
0	12	124
0	33	148
0	-1	147
0	15	150
0	-1	149
0	19	151
0	16	148
1	-1	151
0	14	150
1	7	123
0	16	150
0	-1	146
1	12	150
1	11	149
0	7	114
0	13	150
0	5	150
0	21	151
0	-1	147
0	14	150
0	10	125
1	-1	149
1	14	142
0	-1	146
0	13	142
1	-1	150
0	17	148
1	-1	150
1	-1	150
0	9	128
1	19	150
2	18	149
1	14	136
1	-1	150
1	22	132
2	-1	146
0	-1	151
3	-1	128
0	17	150
1	35	151
2	20	137
0	18	150
0	21	134
0	-1	149
1	33	149
0	-1	143
0	9	150
0	17	150
0	-1	132
1	-1	150
0	15	151
2	16	151
0	18	120
0	-1	150
0	12	146
1	-1	147
1	15	150
0	-1	150
0	-1	119
0	13	150
0	-1	150
0	17	141
1	16	150
1	9	150
0	31	149
1	-1	150
1	14	145
1	22	146
0	12	150
0	15	151
0	14	104
0	18	151
0	15	150
0	12	126
0	-1	148
0	13	150
0	-1	150
0	-1	150
1	15	150
1	23	150
0	7	148
0	-1	151
0	22	150
0	15	144
0	-1	148
1	15	151
0	15	151
1	23	147
0	-1	150
0	-1	150
1	-1	133
1	46	150
0	-1	150
0	14	150
0	-1	140
1	-1	149
0	33	131
1	-1	146
1	17	149
1	17	150
0	18	150
1	-1	149
1	-1	128
1	31	150
0	-1	150
0	-1	150
1	-1	150
2	-1	151
0	12	124
0	-1	143
3	-1	150
0	15	150
2	-1	146
0	17	133
0	20	150
2	-1	151
1	-1	151
0	6	85
0	12	150
0	17	132
0	-1	150
0	17	148
1	-1	149
0	13	149
0	20	145
0	17	150
0	-1	151
0	-1	149
2	-1	150
2	24	151
1	-1	151
4	20	135
0	39	149
0	16	149
0	-1	150
0	-1	146
0	10	151
0	-1	141
1	13	150
0	14	150
0	-1	146
0	-1	150
1	-1	145
0	25	150
0	27	149
0	19	150
0	13	150
0	-1	149
0	17	150
1	15	148
0	8	77
0	11	138
1	-1	150
1	19	122
0	15	148
3	-1	151
1	-1	149
0	13	147
0	21	150
0	33	146
0	16	141
2	16	150
1	-1	150
0	14	150
1	-1	150
0	-1	150
0	28	149
1	-1	129
1	13	150
1	15	150
1	17	126
0	10	150
0	-1	150
0	34	149
0	16	151
0	8	151
0	18	149
0	22	150
2	9	151
0	-1	149
1	-1	133
1	18	143
0	-1	151
0	-1	151
0	-1	151
0	-1	148
1	19	149
1	19	146
1	-1	149
0	18	144
0	-1	150
2	10	150
1	23	118
0	13	151
0	18	150
0	16	137
0	20	150
0	15	147
0	28	150
1	-1	149
1	22	146
0	13	150
0	11	150
1	14	150
0	8	150
1	-1	149
0	18	151
0	20	151
0	-1	150
6	21	150
0	39	150
0	12	120
0	-1	150
1	33	125
1	34	148
0	2	143
38	39	143
3	-1	150
2	15	147
1	-1	143
0	14	149
7	-1	136
0	15	150
1	14	150
0	-1	144
0	18	150
0	20	151
1	-1	150
0	26	151
0	26	150
1	17	147
0	28	148
0	19	149
0	17	123
0	-1	150
0	17	150
0	17	150
0	24	143
0	11	150
0	20	150
0	18	149
0	-1	118
0	10	151
1	-1	150
0	11	150
0	15	150
0	17	136
1	-1	150
0	13	137
0	15	150
1	35	139
0	33	151
0	12	151
1	-1	149
0	-1	148
0	15	150
0	16	149
1	-1	149
0	15	151
2	18	147
0	13	136
1	-1	147
1	-1	150
0	19	139
0	37	148
0	12	147
1	-1	150
1	19	151
0	11	150
1	-1	149
0	30	119
1	10	149
1	18	150
0	12	143
1	27	151
2	23	151
0	-1	150
1	-1	147
1	14	149
0	10	140
0	18	139
0	27	146
1	-1	150
0	-1	148
0	-1	149
0	12	149
0	9	150
1	-1	150
0	19	135
0	18	150
0	-1	147
0	18	150
0	14	131
0	-1	150
0	-1	151
0	30	146
0	19	151
0	18	145
1	-1	147
1	-1	143
0	14	151
0	14	150
2	-1	149
1	16	150
2	18	149
0	-1	150
0	13	150
1	17	150
0	17	151
1	36	150
1	18	144
0	-1	150
0	7	150
2	16	150
0	-1	149
0	29	150
0	-1	150
0	11	149
0	15	150
4	16	150
0	18	146
0	16	151
0	14	149
0	8	121
1	13	150
0	12	150
0	19	144
0	10	131
1	-1	150
0	11	146
1	38	140
0	17	150
0	14	151
1	-1	146
0	11	150
0	-1	125
0	17	132
1	18	121
0	15	150
0	16	148
0	12	150
2	22	151
1	-1	150
0	-1	134
3	21	131
0	11	122
0	-1	149
0	12	149
0	12	113
0	-1	149
1	15	142
0	36	150
0	29	151
1	15	127
0	-1	149
1	29	151
0	19	149
0	17	147
1	-1	150
2	16	150
1	-1	127
0	-1	149
0	19	150
1	14	150
2	-1	149
0	30	149
0	19	151
1	-1	151
0	19	88
0	25	150
1	17	150
3	-1	127
4	-1	151
0	-1	149
1	20	149
0	18	144
1	21	148
0	11	149
0	17	151
0	-1	150
0	-1	148
0	-1	150
0	29	150
0	32	133
0	18	150
0	14	121
0	21	123
0	14	150
0	-1	151
1	-1	150
0	16	148
1	-1	120
0	-1	150
0	16	150
1	15	109
0	-1	151
0	-1	146
0	10	150
0	17	144
0	-1	151
0	12	113
0	-1	150
2	48	150
1	13	150
0	-1	149
0	8	114
0	18	149
1	-1	150
1	15	150
0	-1	149
0	14	149
0	-1	150
1	-1	141
0	14	150
1	18	150
0	15	150
2	-1	149
1	21	139
0	19	150
0	9	85
0	10	151
0	13	151
0	10	98
0	14	148
1	16	150
0	24	144
0	19	144
0	-1	150
0	-1	150
0	14	148
0	-1	147
2	-1	150
1	30	150
0	-1	150
0	14	149
1	20	146
1	11	123
1	-1	149
0	-1	148
0	-1	149
1	17	150
1	11	96
0	15	149
0	16	150
2	17	150
0	-1	150
1	20	150
1	-1	150
0	16	135
0	11	150
0	-1	125
1	17	148
0	-1	151
0	17	150
0	25	150
0	13	149
1	21	150
1	15	150
0	18	150
0	18	136
1	7	150
0	18	149
1	31	150
1	-1	112
0	11	130
1	18	147
1	19	150
1	23	150
0	-1	145
1	-1	149
1	36	149
0	15	145
0	15	150
0	13	146
0	-1	136
0	-1	144
0	10	149
2	4	117
0	-1	148
0	16	149
1	-1	150
0	-1	150
0	18	130
0	12	150
0	17	150
0	18	148
0	-1	150
2	-1	146
0	-1	147
0	-1	148
1	14	150
0	-1	146
0	15	141
0	14	148
0	-1	149
1	-1	148
0	15	144
0	14	150
0	22	147
1	19	149
0	-1	133
0	22	149
1	12	127
1	31	150
0	-1	149
2	15	149
1	21	151
0	15	150
0	12	122
1	14	150
1	-1	125
1	21	150
4	-1	151
1	15	149
0	-1	150
0	13	144
0	9	121
0	-1	109
0	-1	151
1	-1	148
1	14	118
0	17	150
1	17	150
0	15	134
0	9	148
0	14	149
0	12	140
0	42	148
0	-1	118
0	14	150
1	30	150
1	-1	149
0	14	151
0	10	135
4	16	145
0	-1	151
3	-1	150
0	14	150
0	11	130
1	13	137
0	8	147
0	14	150
0	22	150
3	-1	151
0	-1	145
3	21	148
0	-1	151
0	13	150
1	20	150
1	-1	149
1	-1	150
1	24	148
1	-1	141
0	35	150
0	17	150
1	-1	141
1	17	150
0	12	139
0	15	151
5	-1	137
0	-1	150
1	-1	150
0	18	150
1	17	150
0	-1	150
0	18	148
0	19	149
0	14	146
0	-1	149
1	-1	150
0	-1	150
0	13	150
0	-1	150
0	6	88
0	-1	147
0	17	150
1	-1	139
0	20	150
1	-1	150
0	16	151
1	19	132
0	-1	151
1	-1	149
0	-1	151
1	-1	147
2	-1	150
0	-1	86
1	14	127
0	-1	145
0	10	146
0	18	151
0	11	151
0	-1	150
1	-1	148
0	11	150
0	14	109
1	-1	150
1	-1	150
0	13	150
2	-1	150
0	14	151
0	13	103
2	16	151
1	-1	150
1	-1	146
1	-1	151
0	-1	150
0	17	148
0	-1	149
0	13	151
0	12	150
1	16	150
0	12	147
0	18	137
3	18	148
1	15	139
0	-1	150
3	-1	135
0	18	151
2	-1	150
0	-1	150
0	20	150
0	16	149
0	21	150
0	-1	147
0	18	147
0	21	150
0	11	150
0	17	151
0	14	147
0	-1	149
1	16	150
0	26	150
0	-1	151
0	19	150
0	14	119
0	-1	150
1	13	140
1	-1	148
0	13	125
0	-1	147
0	10	142
1	-1	150
0	22	148
1	-1	151
0	14	150
0	21	150
0	-1	141
0	10	149
2	-1	150
0	18	145
0	-1	151
0	19	150
1	20	149
1	20	150
0	13	150
0	-1	150
0	21	151
0	21	150
0	-1	149
1	18	150
0	-1	105
1	13	123
1	19	112
1	16	150
0	21	133
1	8	150
0	-1	150
1	22	150
2	17	150
0	10	125
1	-1	128
0	-1	150
0	17	150
0	15	150
0	12	150
0	-1	143
0	7	150
0	12	147
0	16	147
0	18	150
0	19	145
0	18	150
1	17	151
1	14	150
1	12	146
1	-1	150
0	18	149
0	10	138
0	18	150
0	-1	149
0	-1	144
0	16	147
1	25	149
0	37	147
1	-1	148
0	-1	143
1	14	148
0	-1	150
0	21	150
0	10	151
0	10	134
1	20	151
0	14	140
1	16	150
0	16	151
0	15	140
0	-1	144
0	12	150
0	-1	140
0	23	149
0	18	149
0	20	138
1	-1	149
3	17	127
0	12	150
1	12	150
0	17	149
0	13	150
0	-1	146
0	-1	147
0	13	149
0	19	151
2	-1	104
0	20	150
1	23	122
0	-1	149
2	-1	145
0	10	149
0	19	150
0	17	149
0	21	148
0	10	128
0	-1	140
0	-1	150
0	15	150
0	-1	148
3	-1	147
0	15	151
0	-1	147
0	-1	147
0	-1	144
0	11	147
1	13	149
0	-1	150
0	8	148
0	29	150
0	-1	149
0	14	125
0	-1	151
0	-1	120
0	11	150
1	-1	151
1	10	147
2	-1	150
0	13	146
1	15	150
1	-1	148
0	20	150
0	12	147
0	-1	148
0	7	138
0	11	151
0	12	150
0	-1	150
0	-1	150
1	15	147
0	13	132
1	20	148
0	-1	149
2	-1	139
0	16	149
0	-1	149
1	-1	150
1	23	149
1	-1	149
2	10	150
0	14	135
1	-1	141
1	-1	151
1	10	90
0	15	149
0	36	134
0	19	146
0	18	149
0	-1	150
1	18	149
0	-1	148
0	37	150
1	13	150
2	17	149
2	13	133
0	-1	149
0	-1	147
2	45	150
1	-1	151
0	13	146
0	-1	146
2	16	150
0	19	150
0	-1	150
0	-1	147
0	-1	149
2	18	150
0	14	151
0	18	147
0	18	150
0	-1	150
0	35	151
0	11	149
0	14	142
0	24	149
0	-1	149
0	-1	150
0	16	133
1	15	151
0	-1	123
0	-1	145
1	20	150
0	10	150
0	11	146
0	-1	131
0	15	148
0	25	123
0	13	118
1	14	151
1	7	150
0	12	116
0	20	150
0	15	150
0	-1	150
2	34	144
0	16	150
0	18	150
0	-1	148
1	11	150
0	36	150
1	-1	150
0	18	105
1	11	145
0	-1	149
1	14	151
0	25	150
1	12	149
0	15	150
1	-1	151
0	16	149
1	31	147
0	12	151
1	15	126
1	35	141
1	-1	150
0	22	150
0	19	136
0	19	151
0	11	151
1	13	149
0	16	109
2	18	150
1	-1	150
0	-1	149
1	17	148
0	14	150
0	17	143
0	11	149
0	28	150
0	18	150
0	14	141
0	14	96
0	18	151
0	-1	139
1	15	151
0	-1	150
2	20	150
0	20	140
0	16	150
1	-1	149
0	-1	150
0	22	150
0	11	150
1	33	150
0	14	148
0	17	149
0	-1	150
0	-1	123
1	-1	151
1	-1	144
0	11	134
0	19	146
0	-1	149
0	-1	150
1	-1	140
1	-1	142
1	-1	147
1	-1	145
0	15	134
0	-1	151
2	18	150
0	18	124
1	-1	151
0	15	151
1	-1	104
0	27	150
0	24	145
1	-1	148
0	15	65
1	-1	150
0	-1	141
0	16	138
1	22	148
0	10	120
2	-1	146
0	19	148
0	16	145
0	-1	100
0	-1	146
0	8	149
1	-1	149
0	-1	143
0	11	150
1	12	150
1	-1	133
1	46	150
0	9	147
0	5	150
1	-1	151
1	-1	151
0	35	150
1	-1	151
0	11	150
1	-1	145
1	-1	150
0	18	147
1	-1	150
1	18	147
0	13	129
2	-1	149
0	10	137
0	8	119
0	13	146
0	11	151
0	-1	151
1	19	147
0	19	151
1	-1	149
0	-1	148
0	-1	150
0	19	151
0	2	150
2	-1	145
0	15	145
0	30	145
0	23	150
0	-1	151
0	-1	150
0	17	150
0	-1	145
1	-1	145
0	-1	150
0	9	150
0	-1	149
0	15	148
0	13	142
1	21	151
1	10	150
0	-1	150
0	14	150
1	-1	150
1	-1	150
1	14	145
0	-1	150
0	16	150
1	35	150
1	-1	151
1	23	148
0	20	146
0	-1	149
0	-1	151
0	5	107
1	11	141
0	39	151
1	13	150
1	-1	151
1	-1	151
0	12	150
1	-1	149
1	16	150
0	-1	150
0	15	149
0	13	150
0	18	149
0	16	138
1	19	151
0	8	133
0	-1	151
0	-1	151
0	-1	146
2	11	149
0	20	150
0	-1	142
0	8	149
0	-1	150
0	38	148
0	14	149
1	-1	140
1	20	142
0	21	151
0	18	150
2	-1	151
0	10	150
0	10	105
0	13	142
1	16	150
0	22	150
0	23	107
0	-1	130
0	-1	150
0	18	143
0	12	141
0	35	135
0	-1	137
2	10	150
0	16	150
0	10	149
1	26	125
0	14	147
0	-1	150
0	16	150
0	12	150
0	15	147
0	-1	130
0	12	150
0	14	133
0	-1	150
0	24	148
0	21	150
0	-1	151
1	24	151
1	-1	149
0	-1	149
1	-1	150
1	-1	150
0	-1	137
1	-1	148
0	16	142
1	-1	150
0	19	150
0	-1	151
0	19	150
0	15	144
0	-1	150
0	17	150
1	32	147
4	13	149
0	16	148
0	13	150
0	-1	149
0	20	150
0	18	150
0	15	151
0	-1	150
0	18	150
1	18	150
1	-1	149
1	9	74
0	-1	147
1	38	150
1	19	150
0	28	150
0	-1	144
0	15	141
0	-1	150
2	37	150
1	19	149
0	16	150
0	11	131
0	18	150
1	-1	150
0	-1	151
0	14	150
0	-1	150
0	19	150
0	-1	150
0	19	150
0	16	150
0	-1	149
1	22	150
0	19	150
1	21	150
1	11	95
0	15	148
0	16	149
1	15	150
0	17	144
0	12	151
1	18	150
0	17	148
1	18	150
1	13	150
0	7	136
1	20	151
0	-1	150
0	14	150
1	-1	148
0	11	151
0	19	149
0	18	149
0	-1	150
0	21	150
0	24	150
26	-1	137
0	18	133
0	19	150
0	16	150
0	26	149
1	15	147
0	-1	116
0	16	147
1	16	148
0	-1	149
0	17	149
0	-1	150
0	-1	150
1	-1	151
0	11	149
0	17	150
2	15	149
0	16	148
0	-1	149
5	30	150
0	16	151
0	22	150
0	14	148
0	-1	143
0	16	151
0	17	149
1	22	150
1	-1	149
0	-1	146
0	22	150
0	-1	151
1	11	147
1	-1	145
0	-1	150
0	19	150
0	18	150
0	12	150
1	-1	148
1	-1	150
1	21	150
0	17	147
0	10	144
1	-1	150
1	16	146
0	10	113
1	15	150
0	22	150
0	-1	148
0	12	134
0	10	150
0	20	150
1	-1	150
0	11	145
0	-1	150
1	-1	150
0	-1	151
0	11	150
1	20	149
2	-1	135
0	25	151
0	-1	150
0	20	151
0	19	151
0	17	150
0	7	150
0	11	145
0	18	150
1	13	150
1	12	151
1	-1	147
2	15	149
1	14	147
1	15	149
0	18	148
1	-1	149
0	12	149
0	13	150
3	14	150
0	-1	146
0	18	150
1	-1	150
1	-1	124
0	-1	139
0	7	149
0	28	137
1	11	150
1	22	147
0	12	150
0	-1	148
1	-1	147
0	9	108
1	16	150
1	-1	150
0	17	150
2	-1	141
1	-1	151
0	13	150
0	14	150
0	19	121
0	-1	150
0	-1	151
0	-1	147
0	-1	150
0	11	149
2	13	150
0	24	143
0	-1	149
0	16	150
2	41	147
0	19	150
0	-1	147
0	11	151
1	11	149
0	21	150
0	16	150
0	-1	149
0	-1	150
0	12	137
0	47	150
1	-1	149
1	13	150
1	-1	149
0	19	151
0	17	149
0	12	112
1	19	144
1	18	141
1	16	150
1	7	97
1	25	144
0	36	144
0	-1	147
0	14	134
0	6	148
1	37	138
4	-1	150
1	21	146
0	9	149
0	13	150
0	22	146
0	-1	127
1	-1	137
0	21	151
0	22	150
0	18	132
0	-1	151
0	18	150
0	-1	148
0	19	149
1	16	150
1	-1	150
0	16	149
0	29	143
2	18	138
0	-1	144
0	-1	150
0	16	149
0	21	151
0	-1	146
1	-1	150
0	14	151
0	14	151
1	-1	145
0	-1	151
0	21	146
0	11	150
0	12	150
0	-1	143
1	-1	149
0	13	151
2	18	151
0	-1	144
0	15	149
1	21	148
1	15	137
0	-1	130
0	16	150
0	16	138
0	11	120
1	13	148
0	17	150
0	-1	115
1	15	149
0	24	151
0	14	150
1	-1	150
0	16	150
0	14	150
0	10	127
0	-1	150
0	14	136
0	19	150
1	-1	150
0	16	150
0	22	148
0	13	150
2	-1	145
0	-1	151
0	-1	151
0	18	149
0	-1	150
0	13	150
0	16	149
1	19	149
1	18	136
1	-1	138
0	-1	150
0	-1	151
1	14	150
0	22	124
0	32	150
0	15	137
1	-1	120
0	-1	150
0	13	137
1	-1	139
0	15	128
0	12	140
1	9	151
0	20	150
0	18	150
1	11	121
0	20	150
0	10	139
0	15	148
0	13	112
0	14	150
0	-1	140
1	31	150
0	-1	144
0	-1	150
0	-1	150
0	17	130
0	19	149
2	-1	150
0	11	150
1	17	134
0	15	142
1	-1	148
1	20	150
0	38	144
2	8	140
0	15	104
0	-1	146
0	20	150
1	-1	146
0	19	134
0	12	147
0	-1	151
0	10	143
0	-1	148
0	-1	147
0	-1	130
1	20	149
0	11	142
0	13	151
1	23	149
1	-1	149
0	12	151
0	11	150
1	10	132
0	21	150
0	9	149
0	17	122
0	-1	150
0	3	150
0	17	151
0	-1	146
0	25	151
1	20	150
0	29	148
2	-1	147
0	15	145
1	-1	150
0	13	148
0	10	66
0	7	93
1	12	138
0	20	150
0	14	142
1	14	150
0	11	80
0	17	143
2	-1	146
0	17	150
0	30	111
0	15	140
0	10	115
0	20	128
1	-1	135
0	-1	150
1	8	150
2	11	147
1	-1	147
0	6	151
0	-1	150
0	13	149
1	19	150
0	23	147
0	-1	149
0	-1	150
0	16	149
1	11	150
1	31	146
0	-1	147
2	16	150
0	10	149
0	-1	138
0	-1	150
0	14	151
0	-1	149
0	12	119
0	9	128
0	-1	148
1	14	149
0	-1	150
1	11	95
0	-1	151
0	12	150
0	13	144
1	14	150
1	16	149
3	-1	151
1	12	150
0	10	110
0	-1	134
0	17	150
1	18	151
1	21	150
0	17	148
0	15	150
1	-1	150
0	-1	151
0	15	148
0	25	150
0	6	151
0	6	150
0	14	145
0	17	132
0	-1	150
0	15	150
0	18	150
0	16	149
0	-1	150
1	13	150
0	18	147
0	28	150
0	14	144
0	11	150
0	12	139
0	-1	150
1	19	145
0	11	149
0	20	151
0	-1	149
2	31	150
2	-1	149
0	19	117
1	-1	150
0	21	140
3	10	151
1	9	140
0	15	150
0	14	150
0	-1	148
0	15	142
0	17	148
2	13	100
1	23	150
0	12	150
0	-1	150
1	11	118
0	14	136
1	17	150
0	16	146
0	24	149
1	-1	141
0	14	148
0	15	141
0	-1	112
0	22	128
0	15	150
0	-1	142
0	15	147
5	43	150
0	11	150
1	-1	147
0	-1	122
0	12	150
0	9	128
0	-1	148
0	-1	148
1	19	150
2	41	143
1	-1	138
0	-1	150
0	-1	132
0	21	149
0	-1	148
0	19	147
1	18	143
0	-1	148
0	7	148
2	-1	147
0	-1	143
0	-1	150
1	-1	149
0	-1	145
1	15	113
0	32	150
1	13	146
0	23	146
1	14	140
0	13	127
1	-1	141
0	20	147
1	-1	146
2	24	151
1	13	149
1	-1	145
0	25	150
0	15	146
1	25	150
0	-1	125
0	11	150
0	15	143
0	-1	140
0	16	151
0	12	112
0	15	150
0	-1	150
1	-1	149
0	16	137
0	24	150
0	15	151
1	13	151
0	-1	146
0	15	150
0	15	150
0	8	151
0	14	150
0	17	148
0	15	150
0	16	115
2	33	150
1	16	151
0	-1	150
0	21	151
1	18	149
0	21	148
2	-1	148
0	-1	150
0	21	151
0	15	134
0	10	148
0	-1	150
0	15	143
0	18	149
0	-1	147
0	11	130
0	16	150
0	18	148
1	-1	149
0	26	146
0	19	147
0	14	145
0	-1	151
0	11	150
1	14	140
0	12	124
0	-1	150
1	39	146
1	-1	147
1	18	151
0	12	148
0	-1	148
1	20	150
0	-1	150
2	15	150
0	23	149
1	16	150
1	40	150
0	17	150
0	6	151
0	14	149
1	31	144
1	20	150
2	31	149
0	19	148
2	-1	150
1	-1	150
0	12	150
0	20	150
0	17	149
1	16	149
0	17	150
0	15	148
0	-1	150
0	-1	150
0	15	150
1	18	150
2	-1	150
0	11	150
1	17	138
1	-1	120
0	4	150
0	12	151
1	-1	150
1	26	150
2	15	142
1	25	150
1	13	150
0	7	110
0	9	149
0	39	151
0	7	149
1	-1	150
0	19	150
0	-1	149
0	20	150
0	10	134
1	19	150
1	18	134
0	18	149
0	17	146
0	16	140
1	-1	142
0	-1	146
0	31	118
1	23	150
0	34	150
0	15	149
0	-1	150
0	13	151
1	-1	150
0	-1	138
2	-1	148
2	32	147
2	17	149
0	9	147
2	17	147
1	18	134
0	-1	148
0	14	149
0	15	150
0	20	130
0	-1	149
0	-1	146
0	10	150
1	10	151
1	-1	139
1	14	150
0	21	150
0	14	149
0	24	150
0	11	150
0	-1	149
0	15	144
0	-1	149
1	-1	133
1	21	149
0	18	143
2	-1	148
0	-1	126
0	-1	146
0	15	150
0	15	150
0	-1	150
0	18	150
1	16	128
0	19	150
2	22	149
1	-1	149
0	26	148
0	40	145
0	-1	150
1	31	150
0	8	149
1	19	151
0	-1	150
0	16	150
0	16	148
1	-1	143
1	20	150
0	-1	148
0	21	150
1	15	133
0	18	146
1	34	150
1	-1	149
0	18	149
0	-1	151
0	-1	146
2	-1	140
0	20	150
2	32	150
1	35	116
0	19	143
0	30	140
0	15	150
0	22	150
1	16	149
0	11	86
2	-1	150
51	54	147
0	26	149
1	25	147
1	8	150
1	22	150
0	25	145
1	13	98
0	22	150
2	17	151
3	-1	149
0	12	150
1	-1	150
0	-1	150
0	15	144
0	18	150
0	14	150
0	17	149
0	-1	146
44	38	104
1	16	150
0	40	150
0	20	151
0	14	150
1	-1	150
0	18	150
0	11	123
0	-1	89
1	-1	150
0	14	150
1	21	150
1	12	150
1	-1	139
1	22	116
1	15	150
0	-1	150
0	12	149
0	17	133
0	-1	149
2	-1	150
0	18	149
0	10	150
0	-1	149
1	16	150
1	13	151
1	14	130
0	-1	134
0	-1	148
0	12	149
0	18	150
2	44	149
0	35	150
1	-1	150
0	20	150
0	20	149
1	18	150
0	-1	147
2	33	134
0	28	121
1	23	151
1	-1	128
1	-1	122
0	-1	73
1	13	125
0	22	151
2	27	151
0	-1	151
0	-1	150
0	10	123
0	16	148
0	-1	150
1	16	131
1	28	150
0	-1	146
1	31	148
0	9	150
0	47	150
0	18	135
0	15	150
0	13	122
0	-1	147
0	11	150
0	-1	150
0	24	148
0	-1	150
0	14	149
6	15	148
1	15	150
0	-1	149
0	-1	149
0	12	149
0	-1	134
2	21	145
2	15	130
0	12	112
1	13	150
0	19	147
2	15	124
0	35	140
0	12	148
0	-1	150
1	-1	146
0	14	139
0	18	150
0	19	151
0	-1	150
0	26	150
0	17	151
1	24	150
0	15	122
0	19	150
0	-1	151
0	-1	149
1	21	149
0	8	151
1	-1	150
0	15	150
4	-1	137
0	12	149
1	16	150
1	10	150
1	-1	140
0	41	150
0	-1	150
0	14	147
0	17	147
0	9	150
1	-1	138
0	15	151
0	13	150
1	-1	150
2	-1	150
0	9	144
1	41	145
0	24	123
0	20	132
0	15	150
2	27	149
0	-1	150
0	38	146
0	13	143
0	-1	145
0	20	144
1	-1	147
0	25	149
0	20	150
1	19	150
0	16	150
0	-1	144
0	17	133
0	13	150
0	20	132
0	9	150
0	-1	150
0	13	149
0	17	146
1	15	150
0	-1	120
0	-1	149
0	-1	150
1	13	151
0	13	149
0	11	150
0	31	150
0	12	151
0	18	149
0	-1	151
0	13	107
0	15	147
1	18	147
1	-1	150
0	14	149
0	32	144
1	-1	151
0	13	150
0	13	147
0	15	148
1	-1	150
0	12	148
0	-1	136
0	27	151
0	25	148
0	9	150
1	17	151
0	22	146
0	-1	144
2	-1	150
0	-1	150
1	-1	150
0	19	147
0	44	150
0	15	147
0	14	150
0	14	150
0	-1	149
0	36	150
0	12	142
0	16	143
0	20	148
0	-1	150
0	11	148
0	12	145
1	16	144
1	17	150
1	-1	151
0	-1	148
1	-1	142
0	16	145
1	-1	150
0	-1	148
0	12	150
0	12	150
0	-1	151
1	-1	150
0	33	147
0	-1	151
0	16	150
0	18	148
1	-1	150
0	15	145
0	15	133
0	10	150
0	20	151
1	-1	147
0	16	135
0	-1	148
0	12	149
0	-1	131
0	-1	149
1	15	150
1	-1	150
3	26	150
0	-1	147
0	16	150
0	-1	138
0	20	148
1	-1	146
0	16	151
0	12	150
0	-1	150
0	16	150
0	13	150
1	13	150
2	12	122
0	20	150
0	14	151
0	17	151
0	-1	150
0	21	151
1	11	92
0	17	122
0	20	150
0	29	151
0	-1	119
0	-1	146
0	31	140
0	-1	150
0	18	151
1	-1	149
0	15	150
0	-1	137
1	15	150
0	13	150
1	13	150
1	21	150
1	37	147
0	39	150
0	13	150
0	20	151
0	17	150
1	37	151
0	-1	150
0	18	150
0	9	150
3	17	150
2	-1	151
0	19	148
1	22	144
0	-1	150
0	13	147
0	17	137
0	19	147
1	-1	134
0	11	149
1	-1	150
1	28	136
1	-1	150
0	-1	149
0	23	138
1	19	149
0	18	150
1	17	150
0	12	149
0	16	145
1	12	149
1	18	150
0	-1	146
0	18	149
0	-1	148
0	-1	150
1	28	146
0	-1	149
0	11	133
0	18	150
1	-1	150
0	16	150
0	-1	151
0	36	147
0	-1	148
0	11	146
0	12	143
0	13	149
0	18	150
2	21	151
1	-1	144
1	-1	148
0	-1	144
0	21	132
1	-1	150
0	15	150
1	-1	150
1	-1	147
0	13	150
0	10	150
1	20	150
0	17	150
0	12	150
0	16	150
0	16	149
0	-1	142
0	11	150
0	20	149
0	11	141
1	-1	123
0	-1	146
0	-1	150
0	-1	147
0	13	150
1	-1	120
0	21	149
0	-1	150
0	14	150
0	13	150
0	11	150
0	10	142
1	23	148
1	-1	150
0	9	150
0	-1	142
0	12	142
0	15	150
1	-1	147
0	-1	148
1	40	150
1	17	148
1	21	149
1	19	130
0	13	143
0	-1	147
1	18	150
2	9	127
0	-1	150
0	-1	150
1	-1	150
0	18	128
0	24	149
0	13	92
2	22	150
1	-1	151
0	-1	145
0	18	150
0	11	149
1	-1	130
0	-1	149
1	10	150
0	-1	150
0	9	151
2	-1	136
0	19	147
0	-1	149
1	-1	150
1	15	148
0	-1	151
0	9	149
0	17	150
0	10	149
0	14	150
1	21	150
1	-1	149
0	21	127
0	22	150
2	13	150
0	20	150
0	-1	146
0	-1	150
1	20	150
0	-1	151
1	-1	150
0	13	146
1	20	149
0	6	149
2	-1	145
0	10	150
0	11	146
0	16	147
0	14	150
0	14	150
1	21	150
1	-1	144
1	17	150
1	-1	145
0	39	148
0	20	149
0	11	138
0	12	151
0	18	147
0	-1	147
0	-1	150
0	12	137
1	-1	147
0	12	150
0	15	139
1	-1	150
0	12	150
0	13	150
0	-1	146
0	17	129
0	-1	149
1	-1	148
0	-1	134
0	38	150
2	39	148
0	18	150
0	18	149
0	15	150
0	21	144
1	15	150
0	9	147
0	-1	149
2	12	150
1	-1	148
1	21	150
4	14	150
0	17	123
1	-1	150
0	11	143
0	12	148
0	-1	149
0	19	150
0	-1	147
1	26	150
1	27	148
0	-1	150
0	-1	151
0	11	149
0	-1	145
0	20	149
0	17	129
0	-1	150
1	-1	146
0	14	150
0	21	147
0	-1	144
1	14	150
0	-1	150
1	6	102
0	-1	149
1	21	150
0	10	150
1	-1	71
0	12	150
0	12	150
1	20	146
0	26	150
0	21	150
0	20	150
0	-1	148
1	20	149
0	23	151
2	28	151
0	24	151
2	18	151
0	17	150
0	29	150
0	9	148
0	-1	151
0	18	135
0	15	150
0	13	145
1	1	148
0	14	150
0	-1	151
0	-1	150
0	16	132
0	14	148
0	-1	150
1	-1	150
0	16	150
0	6	151
0	14	149
1	-1	148
1	15	150
1	12	146
1	-1	124
1	18	148
1	30	133
2	-1	148
0	-1	146
0	16	142
0	21	135
1	-1	145
1	-1	151
0	14	149
0	7	75
1	19	141
0	-1	147
0	23	144
2	32	148
0	12	150
0	16	150
0	42	140
1	23	150
0	-1	150
0	-1	149
0	20	150
0	15	123
1	-1	148
0	-1	151
0	-1	150
1	14	150
0	-1	150
0	-1	147
1	-1	150
0	12	150
1	11	126
1	23	151
0	-1	126
0	19	129
0	17	150
0	13	149
0	38	150
0	-1	149
1	29	116
1	-1	147
1	21	149
0	12	150
0	18	149
0	14	148
1	10	135
0	-1	149
1	19	151
3	-1	150
0	17	150
1	-1	150
0	13	150
1	-1	150
0	20	135
1	17	140
1	18	151
0	24	101
1	18	131
0	-1	150
0	11	147
1	-1	128
0	19	113
0	6	142
1	21	139
0	-1	148
0	-1	146
1	17	149
0	10	109
0	13	150
1	16	148
0	17	145
0	15	149
0	10	131
1	19	149
1	-1	150
0	15	150
0	-1	148
0	-1	149
1	32	139
0	-1	150
0	-1	150
0	18	145
0	19	147
2	-1	147
0	10	150
0	13	147
0	-1	145
1	17	148
1	17	145
0	16	150
0	-1	149
0	19	150
1	11	149
0	18	150
0	18	141
0	12	140
0	-1	149
0	19	149
0	10	150
0	13	149
0	18	150
0	12	150
1	21	146
0	-1	125
0	13	120
0	-1	144
1	21	151
0	19	134
0	-1	137
1	-1	148
0	20	150
0	-1	148
1	17	150
1	33	149
0	18	142
0	12	149
1	22	151
0	10	149
0	14	150
0	21	147
0	-1	147
1	-1	151
0	-1	151
1	22	149
0	17	149
0	-1	150
0	15	148
0	-1	148
0	18	150
20	24	82
1	44	145
1	14	150
0	30	150
0	14	150
0	17	136
1	-1	147
0	14	147
0	15	146
1	-1	151
2	19	150
1	-1	148
0	-1	145
0	15	119
0	19	150
1	16	132
0	-1	150
0	-1	145
0	-1	151
0	-1	150
1	14	148
0	23	151
1	16	151
1	-1	136
0	10	147
0	15	150
0	23	150
0	8	150
0	8	94
0	11	137
0	14	138
0	-1	148
0	21	134
0	-1	118
0	-1	150
1	-1	150
8	23	150
0	20	150
1	-1	142
1	16	151
0	25	146
0	-1	149
2	-1	147
0	10	149
0	16	151
0	16	150
1	-1	150
0	-1	151
2	-1	121
0	-1	150
0	13	150
0	17	124
0	19	148
0	-1	151
1	-1	148
0	8	150
1	17	148
0	15	150
0	10	146
3	16	148
0	16	151
0	-1	148
0	32	150
2	20	150
2	8	145
0	21	140
0	15	150
0	14	150
1	16	150
1	-1	149
0	17	150
0	24	144
0	16	123
0	21	149
1	7	108
0	14	150
1	10	103
1	-1	151
0	11	89
1	16	150
0	12	150
0	12	151
0	25	150
0	-1	147
1	18	134
0	18	151
0	21	150
0	16	150
0	15	147
1	16	150
0	18	147
1	32	146
1	-1	149
1	17	150
0	18	142
1	18	151
1	-1	149
1	20	151
0	12	128
0	-1	149
1	18	149
0	13	150
3	18	151
0	12	140
0	-1	148
1	18	150
0	-1	150
1	14	143
0	37	151
0	20	141
0	16	150
0	-1	151
0	12	149
0	19	150
0	17	150
0	10	150
0	-1	149
0	11	151
1	16	150
0	30	145
0	-1	151
1	13	143
0	17	147
1	-1	150
2	-1	151
0	24	149
0	21	134
0	6	102
0	24	151
0	-1	150
0	19	148
0	44	149
0	13	129
0	13	150
0	19	151
0	13	147
0	-1	148
0	-1	150
0	21	151
0	17	138
0	12	150
0	-1	150
0	10	129
0	23	138
1	18	150
0	-1	146
1	15	150
3	16	150
1	33	150
0	-1	149
0	19	150
0	16	151
1	32	150
0	13	151
0	-1	149
0	19	148
0	28	150
0	10	149
0	46	143
0	17	151
0	2	143
0	4	97
1	13	150
1	28	150
1	15	150
1	-1	125
1	19	150
0	38	150
1	18	150
4	27	150
0	34	146
0	14	151
0	-1	130
0	20	146
0	19	150
0	19	150
0	15	150
0	-1	149
0	19	150
0	17	147
0	15	151
1	21	150
0	-1	151
1	20	149
1	28	150
0	-1	116
1	-1	150
0	14	150
0	22	150
0	16	150
0	14	149
0	10	151
0	-1	150
0	-1	150
0	24	151
0	14	149
1	17	150
0	12	150
0	-1	150
0	20	145
0	25	150
0	-1	118
0	17	150
0	12	149
0	10	140
0	19	151
0	19	150
0	17	150
0	17	149
0	-1	114
1	-1	145
0	14	150
0	22	146
0	17	149
1	18	150
2	15	150
2	21	146
0	14	120
2	-1	147
0	-1	151
2	-1	146
0	21	145
1	-1	149
1	17	109
0	14	118
0	19	139
0	16	150
0	18	150
0	18	150
1	18	144
0	16	150
0	12	150
0	18	141
0	19	150
0	-1	147
0	10	150
1	19	147
0	-1	150
1	21	150
0	18	139
0	-1	150
0	16	143
1	8	150
0	-1	134
0	-1	150
3	9	149
0	14	150
0	-1	147
0	19	150
2	17	150
0	12	141
0	12	147
0	28	148
0	11	149
0	15	144
0	11	147
0	14	127
0	12	151
0	11	150
0	18	150
0	-1	147
0	13	140
0	-1	148
0	34	151
0	17	150
0	10	151
1	13	149
1	-1	149
0	-1	140
0	-1	150
1	-1	151
3	-1	94
1	19	150
0	-1	150
0	-1	150
0	13	82
0	34	150
0	11	150
1	-1	150
1	-1	150
1	21	150
0	20	146
0	15	143
0	13	150
0	16	148
0	17	150
0	10	150
3	18	150
0	-1	150
2	-1	150
0	19	143
0	16	149
0	22	150
0	12	150
1	-1	149
2	-1	150
2	20	150
1	13	149
0	-1	150
0	15	148
0	16	149
1	15	150
0	-1	150
12	23	113
1	17	150
0	11	150
0	26	151
0	17	150
0	-1	148
0	16	149
1	-1	150
0	-1	137
0	-1	148
0	-1	147
1	13	123
1	20	146
0	11	148
1	-1	150
0	14	148
0	11	145
0	11	130
0	17	150
0	11	142
0	13	150
11	-1	147
0	17	150
1	15	132
2	19	150
1	14	143
1	11	150
0	35	150
0	-1	136
0	26	148
1	-1	121
2	-1	148
0	12	108
1	15	148
2	-1	146
0	20	146
1	15	149
1	14	138
0	18	150
1	26	147
1	-1	151
0	11	147
0	8	151
0	-1	109
2	19	149
0	11	132
0	15	145
0	18	135
0	11	150
1	28	151
1	19	151
1	16	150
0	21	150
0	16	150
0	15	150
0	16	151
2	17	150
0	15	136
0	14	148
1	-1	148
0	18	150
1	19	150
0	14	149
0	-1	150
1	16	150
1	-1	150
0	12	150
0	13	145
1	24	149
0	-1	118
0	19	149
0	4	95
1	12	150
0	21	150
0	7	131
1	24	150
0	-1	146
0	15	150
0	20	130
2	16	150
0	14	150
1	-1	150
0	-1	150
0	-1	150
0	31	149
0	49	149
1	-1	150
1	9	150
0	-1	151
0	-1	150
0	18	151
1	7	92
0	-1	139
0	15	104
0	-1	150
0	40	149
0	-1	149
1	-1	150
1	-1	150
0	11	145
0	21	150
0	13	151
0	22	142
2	16	149
2	23	148
0	17	151
0	15	149
0	-1	150
0	13	149
2	-1	150
0	20	151
0	16	149
0	8	150
0	-1	118
0	-1	149
1	-1	149
1	-1	150
0	9	143
0	-1	150
1	7	150
0	-1	151
1	-1	151
0	-1	149
1	-1	145
0	17	151
3	-1	150
0	28	135
1	-1	149
0	9	151
0	-1	150
0	14	105
0	16	146
0	15	151
0	13	146
2	-1	150
0	28	150
0	16	150
0	18	150
1	23	150
1	-1	150
1	10	134
1	15	150
1	-1	143
0	18	148
0	19	150
0	40	150
0	-1	151
0	-1	149
0	17	128
0	17	150
1	6	144
0	22	150
0	-1	151
1	-1	149
0	-1	148
0	-1	149
0	41	148
2	-1	150
0	16	150
0	17	147
0	15	150
1	18	150
0	14	149
1	35	150
2	-1	150
0	19	150
0	15	151
1	-1	150
0	19	149
0	21	146
0	14	147
0	-1	149
0	15	142
0	15	130
1	17	145
0	13	150
0	11	150
1	-1	151
1	-1	151
0	17	130
0	-1	150
0	19	151
0	20	146
0	13	141
1	-1	148
0	10	150
3	16	151
1	13	144
0	17	137
0	9	133
0	-1	150
6	23	151
0	15	149
0	9	145
0	47	149
0	17	150
0	36	142
0	-1	150
0	8	150
0	-1	138
0	8	133
0	12	146
0	10	150
0	48	150
0	-1	147
1	-1	150
0	20	143
0	9	129
1	13	150
0	12	150
0	-1	148
0	-1	149
0	14	149
0	14	130
0	16	147
0	16	125
1	-1	144
0	-1	150
0	15	150
0	-1	150
0	17	147
0	18	151
0	10	150
0	-1	150
0	18	150
0	23	148
0	19	149
0	12	148
0	20	150
0	-1	135
1	-1	149
0	-1	150
0	14	145
2	16	150
2	17	149
0	-1	143
0	25	147
0	16	149
0	13	148
1	-1	150
0	22	138
0	20	150
1	12	138
0	16	146
0	29	150
0	-1	150
0	10	150
1	-1	149
0	15	146
1	17	151
1	18	149
0	10	150
0	-1	131
0	10	149
0	-1	151
0	-1	149
0	-1	149
1	-1	150
0	30	111
0	6	147
1	-1	146
0	20	147
1	20	150
2	28	150
0	4	64
2	11	150
1	19	151
1	-1	150
0	26	146
1	14	150
0	12	143
0	-1	121
1	-1	150
0	-1	118
1	35	147
0	22	148
0	14	142
2	13	151
1	-1	147
0	44	150
3	17	151
0	-1	146
0	14	150
0	16	150
1	-1	145
0	13	150
1	18	130
1	-1	151
0	15	127
0	19	149
0	-1	148
0	12	143
0	13	145
1	20	150
0	-1	150
0	22	139
1	17	150
0	20	151
0	21	148
0	20	150
0	13	147
0	43	150
0	19	150
1	-1	145
1	14	138
1	22	150
0	-1	150
0	-1	150
0	-1	149
0	17	125
0	17	151
0	15	150
0	16	138
0	13	150
0	-1	151
0	-1	136
0	21	150
1	-1	147
0	8	62
0	8	150
0	10	147
5	13	139
2	-1	147
0	20	149
0	-1	150
0	-1	149
0	-1	151
0	18	151
0	-1	150
0	18	147
1	20	114
1	16	150
0	17	150
0	19	151
1	-1	151
0	-1	130
1	13	148
2	-1	147
0	25	140
0	15	147
1	-1	146
1	9	135
0	-1	149
0	11	150
0	18	145
0	11	150
0	-1	142
0	14	151
0	-1	151
1	23	150
0	-1	138
1	-1	148
1	-1	148
1	-1	151
0	19	149
0	-1	147
0	13	151
0	-1	150
0	-1	150
0	10	150
0	18	150
0	15	151
0	-1	148
1	18	150
0	13	137
0	31	149
0	26	123
0	-1	149
0	17	116
0	-1	139
0	30	147
0	19	139
1	-1	149
1	21	136
1	11	150
0	13	116
1	-1	138
0	14	150
0	-1	150
0	16	145
0	14	149
0	19	145
2	-1	150
2	12	147
0	15	150
1	-1	150
0	14	150
0	-1	148
0	17	150
1	20	150
0	-1	151
0	10	125
0	-1	150
0	20	150
1	15	115
0	-1	142
1	20	150
0	9	150
0	35	146
0	20	138
0	19	150
0	19	149
0	-1	149
0	7	112
0	-1	142
1	5	146
1	28	151
0	10	145
0	11	150
0	17	138
1	19	150
0	-1	136
1	15	150
0	-1	148
0	-1	150
0	-1	149
0	17	146
1	11	149
0	21	150
0	17	150
0	12	120
1	38	146
0	17	150
0	18	150
0	15	149
0	15	146
0	20	150
0	12	149
0	34	148
0	17	151
0	27	117
0	-1	150
2	16	149
0	16	150
0	18	126
0	14	151
1	16	150
0	9	147
1	20	150
0	16	150
0	-1	150
0	13	150
0	15	150
0	11	150
1	-1	150
1	22	150
0	20	151
0	17	151
0	-1	149
0	-1	151
0	18	146
3	-1	150
0	-1	149
0	18	150
0	-1	149
0	-1	148
0	23	144
0	18	136
0	-1	149
0	20	150
1	11	150
0	19	150
0	14	150
0	8	149
0	15	148
0	18	132
0	25	150
0	16	151
1	-1	150
0	13	150
0	-1	147
0	15	150
0	18	149
0	13	151
1	26	150
0	16	150
0	-1	143
1	26	151
0	6	150
0	16	150
2	14	150
1	12	112
0	-1	151
1	-1	145
0	-1	150
0	16	150
1	-1	151
0	15	125
0	-1	150
0	15	150
0	12	150
0	-1	143
0	-1	150
0	10	148
0	18	150
0	11	149
0	27	151
0	10	137
0	-1	150
0	11	150
0	-1	150
1	15	148
1	12	149
2	-1	150
0	19	147
2	35	150
1	23	151
1	15	150
0	-1	149
0	23	136
0	15	151
0	-1	150
0	-1	121
1	14	150
1	20	151
1	25	149
1	13	150
0	14	151
1	16	150
0	36	150
0	-1	145
0	13	151
0	15	150
0	18	150
0	10	149
0	20	150
0	-1	150
0	-1	150
0	-1	146
0	-1	150
1	21	144
0	-1	126
1	16	151
0	18	150
1	16	149
0	14	149
1	14	150
0	27	150
0	-1	147
1	15	141
0	16	149
1	25	150
1	19	150
0	-1	149
1	12	151
0	24	148
2	-1	150
0	24	147
1	19	130
2	-1	150
0	-1	150
2	-1	150
0	-1	151
0	21	146
1	19	150
0	8	150
1	-1	147
1	-1	150
2	-1	147
0	21	149
1	19	150
1	20	146
1	17	150
0	-1	150
1	-1	123
2	-1	146
2	20	150
2	-1	147
1	9	146
0	22	150
3	-1	150
0	16	150
1	-1	150
0	18	147
0	-1	147
1	-1	149
0	15	150
0	-1	150
0	15	151
0	38	149
2	20	150
0	18	149
0	-1	150
0	14	149
0	-1	151
1	-1	128
0	17	145
0	19	151
1	21	148
0	-1	150
0	16	148
0	31	138
0	17	150
0	13	142
0	-1	134
0	14	147
0	13	146
4	-1	147
0	23	147
1	9	146
0	13	106
0	-1	149
0	-1	148
0	20	132
0	17	138
0	21	150
0	-1	139
0	-1	138
0	-1	150
0	-1	147
0	10	148
2	-1	139
0	20	131
0	5	146
0	11	130
0	27	140
1	12	150
0	18	145
0	-1	148
0	13	127
0	-1	147
0	12	124
0	9	98
0	-1	150
0	11	150
0	20	150
0	17	140
0	17	150
0	21	151
0	20	142
0	14	145
0	17	150
1	12	150
0	-1	149
0	16	147
0	9	146
0	16	151
0	23	150
0	13	151
0	9	150
0	24	150
0	-1	150
1	-1	146
2	17	150
0	8	69
2	-1	150
0	14	150
1	37	150
0	47	150
0	7	149
0	16	151
3	13	151
1	-1	150
0	18	150
1	38	150
0	17	143
1	-1	141
0	18	148
0	15	150
0	17	126
0	14	151
0	17	145
0	-1	150
0	-1	150
0	18	151
0	16	149
1	-1	149
0	11	149
2	17	150
0	-1	147
0	15	150
0	17	143
0	12	135
1	16	140
0	14	150
0	21	150
0	15	150
0	16	151
0	19	141
0	13	150
1	-1	141
0	16	150
1	-1	141
0	-1	150
0	14	150
0	-1	150
1	12	128
1	13	150
0	-1	149
1	26	150
0	-1	150
0	-1	149
0	42	150
1	24	145
1	15	151
0	15	151
2	-1	151
1	15	150
1	-1	151
1	15	150
1	22	149
1	20	138
0	-1	148
1	-1	151
0	12	134
2	16	150
0	16	148
1	19	149
1	-1	150
0	18	150
0	9	121
0	-1	133
1	13	128
0	22	148
0	-1	149
1	-1	150
0	35	150
0	14	150
0	14	147
0	-1	117
1	19	150
0	9	80
0	20	147
1	-1	149
0	12	150
0	18	150
0	14	103
1	-1	149
0	-1	144
1	14	128
0	-1	150
1	13	151
0	16	151
1	-1	144
0	20	104
0	11	103
0	-1	87
0	23	150
0	19	151
0	-1	147
0	42	147
0	16	148
1	20	151
1	10	148
0	11	83
0	12	151
0	-1	151
0	17	149
0	14	150
0	12	140
1	19	123
0	-1	148
2	15	150
1	21	149
2	-1	151
0	10	92
0	16	147
0	10	147
0	-1	149
0	26	146
0	7	149
0	16	148
0	-1	135
1	15	151
1	-1	144
0	-1	149
0	-1	151
1	-1	150
0	-1	147
1	-1	150
0	31	149
0	12	148
1	-1	150
0	13	150
1	16	146
0	10	148
0	11	151
0	-1	151
1	18	150
0	-1	149
1	17	150
1	-1	120
0	-1	147
1	28	150
0	22	150
1	-1	150
0	11	106
0	-1	149
0	23	151
1	-1	145
2	-1	147
0	15	150
0	16	150
0	18	150
0	11	67
1	18	99
0	-1	148
0	10	150
1	16	150
2	19	151
0	19	150
0	16	151
1	24	150
0	9	151
0	13	139
0	18	151
4	-1	150
2	17	151
0	10	149
2	35	150
0	13	150
1	29	140
0	15	149
0	13	121
1	13	150
1	30	150
0	15	150
2	33	149
0	17	151
0	27	148
0	12	149
1	11	129
0	14	150
0	41	151
0	-1	149
3	-1	150
0	23	141
0	16	150
0	29	144
0	15	150
0	-1	150
0	21	148
1	-1	145
0	15	148
0	9	91
0	-1	150
1	-1	150
0	-1	151
1	-1	149
0	22	150
3	17	150
0	-1	140
0	8	150
0	-1	150
1	13	150
0	18	149
0	17	150
0	23	151
0	-1	150
0	-1	151
0	16	150
2	16	147
0	19	150
0	15	150
0	-1	151
0	23	151
0	-1	144
2	18	133
0	15	150
0	-1	150
1	-1	151
0	-1	149
0	12	150
0	14	108
0	19	149
0	14	150
0	-1	150
1	-1	150
1	12	148
0	22	150
0	-1	141
2	22	150
0	18	140
2	35	147
1	19	151
0	19	149
0	-1	151
0	-1	151
0	37	149
1	9	150
2	-1	150
0	15	149
0	-1	149
0	-1	150
1	-1	150
0	-1	134
0	15	148
1	14	149
0	32	146
0	-1	150
1	-1	149
0	-1	151
0	14	151
0	12	150
0	-1	150
0	20	140
1	8	95
0	-1	150
0	-1	150
0	19	149
1	21	150
1	13	151
0	11	70
0	-1	149
0	19	150
0	16	151
0	12	150
2	18	150
1	40	147
1	22	148
0	17	126
0	14	151
0	10	151
0	7	150
0	18	113
0	-1	150
0	17	122
0	13	148
0	-1	149
0	-1	149
0	-1	146
0	-1	134
1	-1	149
0	-1	151
1	17	150
0	12	137
0	19	151
1	19	150
0	22	148
0	21	151
0	14	150
0	16	150
0	-1	150
0	19	148
0	13	148
0	20	135
1	-1	151
0	-1	148
0	35	150
0	-1	128
0	21	151
0	27	150
0	8	76
0	-1	150
1	12	108
0	25	147
0	-1	149
0	6	148
2	-1	150
1	-1	148
1	18	150
0	13	150
2	12	148
1	-1	150
0	16	150
1	12	149
1	-1	151
0	37	150
0	12	146
0	-1	144
0	17	150
1	14	150
0	15	94
0	11	122
0	13	144
1	-1	146
0	17	149
1	-1	150
0	11	148
0	12	148
0	21	149
0	-1	150
0	12	134
0	17	149
0	12	147
0	22	143
0	20	150
0	-1	143
0	22	150
0	16	147
0	12	151
0	16	115
0	14	149
0	-1	151
0	21	149
1	26	151
0	-1	146
0	-1	150
1	29	140
1	9	138
1	7	111
2	31	150
1	13	149
0	-1	148
0	-1	150
0	8	71
0	17	146
2	-1	148
1	-1	150
1	15	150
0	-1	150
0	-1	140
0	-1	148
1	-1	139
0	14	150
1	10	146
1	-1	149
0	14	140
1	-1	147
0	25	150
0	-1	150
0	24	145
1	21	151
1	-1	150
1	-1	148
0	21	145
0	13	150
0	21	150
1	12	147
0	-1	142
0	-1	151
1	-1	148
0	11	142
0	19	150
0	23	150
1	-1	146
1	-1	150
0	-1	150
0	29	150
0	12	150
0	-1	150
0	14	150
1	15	126
0	24	150
0	24	150
0	-1	147
1	-1	145
1	-1	149
1	-1	150
0	13	148
0	16	150
0	12	149
1	22	150
0	19	151
0	-1	150
1	15	150
0	16	141
0	-1	149
0	-1	151
0	16	150
0	13	149
0	27	142
0	15	149
0	12	135
0	18	150
0	11	150
1	12	132
1	17	150
0	14	95
0	34	143
0	5	127
0	41	150
0	-1	147
0	19	140
0	15	150
0	-1	150
1	15	146
1	-1	150
0	22	150
0	12	149
0	17	150
0	10	150
1	-1	116
0	15	151
0	15	150
1	-1	149
0	-1	150
0	-1	150
0	17	147
0	13	151
1	35	150
0	19	150
0	11	144
0	-1	121
0	-1	132
0	22	143
0	14	150
0	-1	138
0	-1	151
0	11	148
0	23	151
0	-1	150
0	18	150
2	22	148
0	-1	150
0	16	148
0	18	150
0	-1	150
0	20	150
0	13	147
0	-1	150
0	-1	150
0	21	150
1	21	139
1	-1	151
1	22	150
0	14	150
0	21	151
0	20	150
0	7	150
0	-1	147
0	15	150
0	-1	150
3	10	149
0	14	128
1	-1	146
3	12	150
1	-1	149
0	-1	150
0	15	149
1	19	144
0	-1	148
0	12	142
0	-1	150
0	16	149
0	15	151
0	16	150
1	-1	149
0	-1	150
1	25	149
0	14	150
1	-1	150
0	10	150
0	21	150
0	22	150
0	18	150
1	16	150
0	16	147
1	-1	150
1	14	150
0	8	117
0	14	149
0	18	150
1	20	151
0	27	137
0	-1	144
0	40	150
1	26	144
0	14	142
0	-1	150
0	14	150
0	14	143
0	19	149
0	-1	150
0	17	146
0	-1	149
0	13	139
0	11	150
0	18	150
1	-1	149
0	15	149
0	18	147
0	17	149
0	-1	149
4	-1	141
1	-1	145
1	-1	146
1	13	150
1	13	149
0	17	150
0	21	150
0	-1	149
0	17	150
1	-1	149
0	14	151
0	9	150
0	34	150
1	40	150
2	17	146
0	-1	150
1	17	150
0	9	145
1	11	143
2	18	150
0	-1	72
0	17	147
0	21	150
1	-1	145
0	12	150
3	-1	150
1	10	141
0	-1	150
1	22	150
1	-1	151
1	9	150
0	17	151
0	39	150
0	11	149
0	15	146
1	14	149
0	-1	147
0	29	145
2	-1	150
0	-1	147
0	42	150
0	17	149
40	-1	150
2	-1	116
0	-1	149
0	-1	150
1	16	150
0	21	150
0	28	151
0	42	150
1	14	150
0	42	151
1	12	120
0	16	143
0	9	149
0	18	147
0	8	148
0	19	151
0	13	150
1	12	150
0	-1	150
0	21	150
1	12	150
0	-1	150
0	15	148
1	16	126
0	-1	149
1	18	150
0	21	149
0	15	145
0	33	148
0	16	150
0	-1	150
1	-1	150
0	-1	149
0	-1	150
0	14	131
0	-1	150
1	16	150
1	-1	149
0	-1	149
0	18	139
1	14	130
0	-1	145
24	24	70
0	-1	149
0	18	150
1	-1	144
0	20	150
0	13	108
0	8	150
0	11	150
1	17	151
0	17	149
0	14	131
0	19	151
0	-1	148
1	16	150
0	21	150
1	-1	147
0	14	148
0	-1	150
1	-1	150
1	-1	143
1	11	150
0	17	150
0	17	140
1	-1	146
2	-1	143
0	13	104
1	18	150
0	16	132
0	-1	146
0	19	150
1	20	150
1	18	149
0	22	151
1	24	135
0	9	148
0	16	150
2	16	150
0	18	150
1	20	150
1	-1	113
0	19	150
0	12	151
0	13	137
0	16	149
0	-1	120
0	14	149
0	13	150
0	23	146
1	8	147
0	11	148
0	12	150
1	15	150
0	-1	150
0	17	150
0	-1	149
0	-1	151
0	19	143
1	12	149
2	-1	113
0	-1	150
0	17	150
2	-1	148
1	-1	149
1	19	150
1	-1	149
1	17	150
0	-1	150
0	-1	148
0	13	151
0	21	124
0	14	144
2	16	145
0	8	150
0	8	125
0	39	150
0	28	118
0	12	150
0	11	149
0	14	148
0	19	151
2	13	150
0	-1	149
0	-1	127
0	11	149
0	16	120
0	8	150
0	10	146
0	21	150
1	10	150
0	14	149
0	18	149
0	20	142
0	6	149
1	-1	150
0	20	147
0	14	149
0	12	144
0	-1	151
2	-1	150
0	-1	151
4	16	150
1	29	149
2	-1	150
0	14	150
0	-1	150
0	18	136
0	-1	150
0	39	145
0	3	150
0	21	151
0	12	148
0	41	150
0	-1	148
0	-1	150
0	9	151
1	14	151
0	13	138
0	18	143
0	21	150
0	-1	148
0	12	149
0	19	150
1	19	148
0	11	150
0	16	144
3	24	150
4	16	149
1	12	145
0	10	140
0	-1	150
0	19	136
0	10	150
2	-1	150
1	11	150
0	8	148
0	29	148
2	40	150
0	-1	149
0	12	148
0	6	149
0	6	117
1	-1	150
19	22	63
0	-1	144
0	16	117
0	10	151
1	17	143
1	-1	126
0	17	148
0	10	150
0	12	149
1	14	148
0	14	148
0	-1	150
1	-1	144
1	17	151
0	10	129
2	23	150
1	-1	149
0	12	145
0	10	143
0	13	151
0	12	136
0	-1	148
0	-1	150
1	-1	150
0	13	147
0	33	151
1	16	150
1	9	150
0	21	150
1	17	150
0	23	144
0	8	144
0	16	144
0	-1	150
0	11	122
0	10	149
0	-1	150
0	14	144
1	26	150
0	21	136
0	12	150
0	14	150
0	17	150
1	-1	151
0	22	148
0	13	150
0	13	124
1	37	150
2	-1	144
1	-1	150
2	-1	150
0	-1	150
1	20	137
29	35	103
0	-1	134
0	11	144
1	36	150
0	19	151
0	15	130
1	-1	147
0	14	150
0	-1	125
0	16	151
0	15	150
1	39	133
0	10	150
0	14	150
0	19	147
0	7	121
0	-1	149
0	12	150
0	-1	113
53	54	140
0	20	150
0	21	150
0	-1	150
0	17	150
0	-1	138
2	16	150
0	16	149
0	-1	150
0	-1	129
1	-1	148
0	8	151
0	-1	147
0	16	151
0	35	150
1	13	150
0	18	150
0	14	135
0	-1	150
1	15	139
0	21	150
3	18	150
0	19	150
1	13	147
1	11	117
1	14	116
0	12	128
0	22	149
0	21	148
1	-1	134
1	26	151
1	-1	148
1	18	147
0	16	149
1	-1	146
1	9	151
1	13	138
0	15	128
0	16	150
0	31	150
0	23	149
1	-1	151
1	18	106
0	12	146
1	-1	148
1	-1	147
3	18	143
1	-1	149
0	16	150
0	16	150
0	-1	147
0	-1	144
1	18	149
1	24	151
0	-1	150
1	12	150
0	-1	150
0	14	151
0	17	150
0	16	149
1	16	150
1	-1	145
0	-1	133
0	-1	151
0	37	149
2	-1	150
0	24	105
0	-1	150
0	-1	150
0	36	150
2	20	150
2	13	147
0	10	149
0	19	150
0	16	151
32	31	99
30	29	94
1	15	149
0	10	121
0	18	133
0	3	151
0	-1	140
0	17	150
2	15	147
0	14	145
0	-1	150
1	-1	150
0	21	150
0	27	147
0	18	150
3	-1	147
1	14	145
1	16	146
0	-1	151
0	-1	136
0	27	150
1	21	146
1	-1	147
0	12	150
0	12	150
0	15	145
0	17	150
1	12	138
0	-1	149
0	14	150
0	16	150
2	11	118
0	-1	142
0	9	136
0	17	150
1	-1	146
1	13	123
0	14	134
1	12	105
1	14	138
0	20	150
0	22	149
0	14	151
0	-1	134
1	15	146
0	11	150
0	13	143
1	10	150
0	9	148
0	-1	132
0	20	150
1	-1	146
1	18	150
0	13	150
0	14	145
0	7	150
0	18	150
0	17	150
1	-1	150
0	14	145
2	-1	137
2	13	151
0	4	124
2	17	150
3	18	139
0	-1	148
0	9	143
0	27	150
0	-1	150
0	11	129
0	-1	150
0	-1	151
0	-1	146
0	-1	141
0	-1	123
1	16	146
1	11	150
0	15	125
1	17	131
1	13	146
0	14	150
0	20	146
0	11	111
0	-1	146
0	-1	150
0	10	108
1	17	150
1	17	120
1	10	150
0	18	129
0	9	144
0	9	150
1	19	151
0	17	151
0	14	149
0	15	150
0	32	120
1	-1	150
0	14	120
0	8	138
1	15	148
1	12	150
1	19	150
0	12	150
0	13	150
0	17	144
1	21	150
1	15	105
0	18	149
1	-1	151
2	-1	151
0	18	150
0	11	148
0	-1	147
0	10	128
0	-1	150
0	-1	150
0	15	150
0	10	148
0	11	143
0	-1	150
0	18	128
0	-1	147
1	20	135
0	-1	139
0	22	150
1	13	148
0	13	150
1	9	71
0	-1	149
1	45	148
0	14	150
1	24	144
0	15	150
1	25	151
1	37	151
0	18	150
0	9	102
1	-1	142
0	15	126
0	10	140
0	15	131
0	-1	151
1	12	147
1	-1	135
1	19	150
0	14	150
0	9	149
0	17	132
0	20	150
1	-1	151
1	15	123
0	11	150
0	31	126
0	23	150
0	15	150
1	-1	140
0	12	113
0	20	151
0	18	150
0	-1	144
0	-1	150
0	10	151
1	-1	149
1	11	134
0	11	145
0	-1	149
0	15	147
0	-1	144
0	-1	150
1	-1	151
1	11	141
0	9	123
0	11	141
0	25	146
0	-1	149
1	14	150
1	22	149
0	18	150
0	-1	135
0	11	150
0	14	151
0	-1	150
0	15	150
1	12	151
0	12	149
1	15	146
0	-1	141
1	10	150
0	11	149
0	14	76
1	-1	148
0	14	150
0	-1	148
1	15	130
0	14	139
0	-1	146
0	13	145
0	-1	137
0	13	150
1	16	149
0	-1	150
0	17	149
0	34	150
0	14	150
0	-1	150
0	16	150
0	8	149
0	15	150
2	14	148
0	22	149
0	9	118
0	-1	150
0	-1	150
1	13	148
0	7	149
2	15	148
1	8	69
0	9	88
1	-1	148
1	32	150
1	-1	142
0	16	150
0	19	151
1	-1	150
0	34	150
0	-1	150
0	-1	150
0	-1	150
1	13	150
1	43	148
0	18	145
0	35	150
1	18	150
0	16	147
0	36	146
1	-1	142
1	12	150
0	14	150
2	-1	146
0	15	150
2	14	143
1	-1	146
0	37	147
0	13	135
1	-1	149
0	9	146
1	33	150
0	-1	150
1	20	149
0	14	150
0	13	142
1	-1	150
0	-1	133
0	11	150
0	14	150
0	33	150
1	18	149
1	-1	149
0	-1	150
0	-1	148
0	5	151
1	10	150
0	14	145
0	-1	147
3	-1	139
0	-1	150
1	16	120
0	33	143
0	11	150
0	17	148
1	22	150
2	-1	135
1	-1	150
0	-1	150
0	-1	142
1	-1	136
2	40	150
0	-1	143
1	9	149
0	-1	150
0	-1	148
1	10	146
0	-1	150
0	-1	149
1	-1	151
0	20	150
1	-1	133
1	19	150
0	-1	149
0	18	149
0	34	148
0	13	104
0	18	147
1	23	151
2	-1	150
0	17	150
0	-1	150
0	19	151
0	16	148
0	24	150
0	-1	150
0	8	150
0	-1	150
0	-1	149
0	7	73
1	7	124
0	-1	150
0	16	150
0	33	149
0	10	150
0	22	150
0	15	142
0	14	150
0	-1	150
0	-1	149
1	23	146
0	14	150
0	20	150
0	20	150
1	-1	150
0	16	150
0	-1	138
1	-1	151
0	16	150
0	-1	149
3	16	138
0	11	150
1	17	147
0	16	150
0	-1	150
0	20	150
2	-1	150
1	15	150
0	19	150
1	8	96
0	-1	149
0	8	149
0	14	148
1	27	146
0	22	151
0	13	150
0	26	147
2	-1	150
0	29	149
0	-1	146
0	9	149
0	-1	149
1	-1	148
1	-1	123
0	23	132
1	10	151
1	27	150
1	38	150
0	5	147
1	38	151
0	-1	150
0	-1	150
0	-1	149
0	16	150
1	44	151
1	-1	151
0	11	151
0	16	150
0	17	150
0	18	150
0	19	147
0	-1	150
1	12	150
1	14	150
0	31	115
0	16	146
0	16	147
0	19	150
0	-1	149
0	15	149
1	25	151
0	-1	150
1	-1	150
0	-1	150
0	-1	149
0	-1	150
0	-1	148
0	14	150
0	7	146
1	14	150
1	-1	149
0	11	151
0	13	149
0	17	150
0	13	150
1	21	151
0	-1	106
1	-1	151
0	14	150
0	-1	150
1	21	150
0	25	100
0	14	149
0	-1	150
1	3	149
0	19	133
0	14	150
0	23	150
0	24	150
0	-1	149
1	-1	150
0	18	151
0	-1	151
0	23	151
0	33	150
0	18	108
0	-1	124
0	-1	149
1	11	148
1	-1	147
1	34	148
0	20	104
0	48	150
0	-1	150
0	12	150
0	42	146
0	-1	151
0	13	151
0	13	150
1	19	147
0	10	150
2	-1	146
1	11	132
0	14	151
3	41	149
1	-1	148
0	-1	146
1	25	151
0	-1	149
1	45	149
0	7	70
0	13	148
1	-1	149
0	27	145
0	-1	151
0	-1	151
0	13	148
2	-1	144
1	17	145
0	-1	146
0	-1	149
1	18	149
0	24	147
0	15	150
1	20	150
0	11	145
1	20	148
1	14	151
1	16	138
0	-1	150
0	-1	151
0	32	151
0	17	138
0	43	150
0	11	151
0	9	89
0	14	146
0	-1	150
0	-1	151
1	11	149
0	16	150
0	15	150
1	-1	148
0	16	146
0	17	150
2	12	150
1	23	141
0	16	148
0	-1	149
0	-1	140
0	-1	147
0	6	82
0	20	151
0	20	147
0	19	150
1	18	147
0	10	150
1	22	147
1	18	150
0	35	146
0	-1	150
0	22	150
1	15	128
1	-1	151
0	19	150
1	-1	150
1	14	151
0	14	101
0	40	145
0	-1	149
0	22	151
0	11	150
0	14	149
0	21	144
0	16	126
0	20	150
0	-1	150
0	14	150
0	17	150
0	9	121
0	17	116
0	19	150
0	14	150
0	22	150
0	17	147
0	-1	150
0	13	150
0	20	151
0	14	151
1	25	150
3	12	147
0	37	151
2	-1	139
2	-1	150
1	18	143
0	15	147
1	15	150
1	18	150
1	-1	143
1	8	142
0	-1	131
0	17	150
0	15	151
0	12	150
0	-1	109
0	-1	150
0	19	147
0	-1	150
0	22	150
0	15	148
0	20	117
0	-1	141
0	40	139
0	-1	151
0	22	145
2	29	149
1	23	151
0	20	151
0	22	150
0	-1	146
0	18	148
1	15	151
0	-1	149
0	21	150
1	20	149
2	-1	135
0	21	150
0	31	149
0	22	149
0	11	148
1	37	146
2	22	150
1	-1	150
1	9	150
0	-1	149
0	-1	151
0	-1	149
0	6	149
0	20	150
0	14	145
0	2	77
0	40	150
0	-1	147
0	-1	150
0	-1	150
0	8	147
0	-1	148
1	44	150
0	12	150
0	-1	150
1	-1	149
0	-1	150
0	-1	119
0	-1	115
1	16	150
1	16	147
1	-1	151
0	17	151
0	20	150
1	-1	150
0	17	151
0	-1	145
0	15	150
0	18	150
0	18	150
0	22	151
0	6	148
0	36	151
0	-1	150
0	20	150
1	13	150
1	10	97
0	9	150
0	19	151
0	17	150
0	10	146
0	16	128
1	10	70
0	20	147
1	-1	147
1	14	150
1	-1	145
0	17	150
0	17	147
0	10	149
1	-1	140
1	24	150
0	23	151
0	18	147
1	18	149
0	14	150
0	13	120
2	12	151
0	19	147
0	-1	150
1	32	145
0	13	123
0	-1	150
1	14	149
0	-1	127
0	12	150
1	-1	138
0	14	149
0	17	150
0	16	150
0	18	150
0	18	150
0	14	144
1	-1	146
1	-1	150
1	-1	145
0	11	149
0	12	149
0	-1	150
0	-1	150
0	21	146
0	-1	150
1	22	151
0	21	147
1	-1	147
1	17	148
1	14	150
1	24	105
0	-1	148
0	16	150
1	14	151
0	-1	150
0	-1	150
1	21	150
1	19	150
0	17	150
0	11	149
0	17	150
0	21	150
0	19	151
0	-1	150
36	-1	144
0	-1	151
0	13	146
0	16	148
0	13	106
0	10	140
0	14	150
1	30	149
0	-1	150
0	-1	138
1	18	150
1	16	151
2	-1	150
0	15	150
0	-1	150
1	46	150
0	12	150
0	-1	145
1	17	150
1	-1	150
0	11	149
2	-1	145
0	-1	145
1	-1	144
1	-1	150
0	-1	150
0	16	150
0	-1	148
0	17	147
0	19	150
0	17	148
0	15	151
0	10	106
1	15	146
0	11	77
0	-1	116
1	12	70
0	21	151
0	-1	147
0	-1	148
0	-1	151
0	24	149
3	22	150
0	14	151
1	16	149
0	15	118
0	10	150
0	36	150
0	23	150
1	11	134
0	19	148
1	15	130
0	14	147
1	12	150
1	13	144
0	18	138
1	14	134
2	19	144
2	-1	146
2	21	150
0	21	149
0	19	144
0	-1	151
0	14	150
2	30	150
0	-1	149
2	16	141
6	35	147
0	8	97
0	24	151
0	9	99
0	-1	145
2	-1	150
0	10	132
0	15	150
3	-1	150
0	-1	146
0	-1	146
0	13	128
0	12	150
0	19	150
1	-1	150
0	23	136
1	-1	149
0	32	148
0	10	150
0	-1	150
1	9	139
0	-1	150
2	20	150
0	-1	146
0	15	131
0	20	150
2	-1	150
0	24	149
0	10	118
1	15	151
1	-1	147
0	37	146
0	-1	148
0	-1	151
0	13	148
1	16	150
1	16	128
1	19	146
2	16	127
1	30	149
0	13	101
0	11	147
0	-1	149
0	16	150
0	-1	151
2	21	149
2	-1	144
0	15	151
2	37	123
0	14	147
2	17	151
0	-1	151
0	15	151
0	40	148
0	12	150
0	14	141
0	-1	126
0	-1	148
1	16	151
0	-1	139
1	14	149
0	10	150
1	14	143
1	8	79
0	-1	149
0	18	150
0	24	150
0	11	150
0	22	148
3	21	151
0	16	151
0	18	150
2	17	136
1	24	142
0	-1	150
1	19	150
1	-1	150
1	36	150
2	-1	147
0	17	151
0	-1	150
1	28	150
0	13	149
1	-1	151
0	18	148
0	10	91
0	35	149
0	13	150
0	-1	150
1	-1	150
0	-1	150
0	16	149
1	-1	149
1	13	145
0	18	149
1	8	123
2	-1	145
0	14	145
0	13	150
0	-1	148
0	-1	123
0	19	142
0	21	146
1	-1	146
0	8	150
0	-1	151
1	16	150
0	-1	150
0	-1	149
0	13	151
1	28	148
0	24	151
1	-1	145
0	13	137
0	17	145
1	14	150
1	23	150
0	15	150
1	18	149
0	-1	140
0	-1	151
1	15	150
0	16	148
0	8	142
0	38	150
0	14	150
0	-1	150
1	19	150
1	-1	139
2	33	146
0	11	133
0	10	145
0	11	134
0	-1	150
0	7	150
2	-1	151
0	12	151
0	16	149
0	14	150
0	-1	151
1	10	150
0	-1	149
0	17	150
0	-1	129
0	18	150
0	20	146
0	11	150
2	19	149
0	23	150
0	9	77
0	20	150
1	19	150
0	16	150
0	23	144
1	-1	150
0	-1	141
1	32	150
1	48	149
1	16	112
2	12	145
0	18	148
1	21	150
1	-1	147
1	17	150
1	-1	144
1	20	150
0	45	149
0	14	141
0	-1	151
0	33	151
0	24	151
0	-1	150
0	12	136
0	15	150
1	16	150
0	16	147
0	-1	150
2	-1	120
0	25	143
0	9	148
2	14	150
0	13	150
2	7	104
0	23	149
0	-1	145
0	-1	150
0	-1	141
2	-1	145
0	-1	147
0	45	149
0	-1	150
0	-1	150
1	20	150
0	10	104
0	32	145
0	17	142
0	13	151
0	10	149
0	-1	151
0	-1	147
1	-1	146
0	28	150
1	14	148
1	42	151
0	14	150
0	-1	145
1	25	150
0	-1	149
0	3	150
2	13	148
3	21	131
0	14	142
2	17	146
0	12	149
1	11	147
0	16	147
0	19	138
0	13	150
0	4	127
0	12	148
0	11	150
0	11	150
0	17	151
0	16	134
0	-1	145
0	15	150
0	24	150
0	-1	118
0	19	150
0	13	150
1	-1	151
0	-1	148
1	19	150
0	19	148
0	-1	149
1	-1	111
0	31	151
0	29	150
0	11	149
0	-1	151
0	19	133
3	18	149
1	-1	150
1	16	122
1	44	150
0	-1	148
0	-1	149
1	-1	151
0	7	150
1	-1	123
0	-1	150
0	-1	150
0	19	128
1	18	150
0	2	64
0	-1	146
0	14	148
0	-1	149
0	-1	149
0	19	150
0	-1	150
1	13	149
0	8	142
1	35	150
0	17	150
1	20	150
1	-1	139
1	11	150
0	16	145
1	-1	148
0	16	148
0	15	150
0	14	95
0	13	105
1	-1	146
1	-1	147
1	11	137
1	18	130
2	-1	139
1	8	114
0	19	146
0	13	150
0	18	150
0	-1	146
0	20	147
0	18	151
0	17	150
0	16	151
1	19	138
0	-1	151
0	26	146
0	12	143
0	21	145
0	19	151
1	-1	123
0	18	148
1	20	148
0	-1	149
0	16	150
0	18	150
0	23	150
1	16	144
0	15	150
0	13	129
0	20	146
0	15	149
0	16	145
1	17	133
0	18	151
0	9	141
1	-1	148
0	15	145
0	4	150
0	17	151
0	11	143
1	12	132
1	34	137
0	14	142
1	-1	149
1	-1	150
0	21	150
0	-1	117
0	20	148
0	41	148
0	-1	149
1	18	150
0	18	147
0	-1	135
0	17	129
1	-1	142
0	14	141
0	-1	147
0	-1	119
0	-1	150
1	13	150
0	8	128
0	9	136
1	-1	149
0	-1	150
0	20	134
0	16	150
1	-1	150
0	-1	148
2	-1	148
0	15	150
2	20	148
0	10	150
0	16	151
0	16	115
0	-1	141
0	-1	151
1	-1	130
0	-1	147
0	16	136
1	19	150
1	15	150
0	11	149
1	-1	150
0	-1	150
0	-1	151
1	-1	150
1	25	146
1	15	150
0	-1	150
3	-1	151
0	-1	150
0	31	134
0	-1	141
0	26	149
0	17	151
0	-1	146
1	32	151
2	18	151
1	-1	151
0	19	150
0	16	113
0	15	150
0	18	150
0	-1	151
0	-1	150
0	16	143
0	12	151
0	15	151
0	6	148
0	22	150
1	20	151
1	15	150
0	21	139
1	18	140
0	-1	150
1	15	143
1	14	147
0	17	150
0	-1	135
0	11	150
0	11	150
0	13	150
1	14	150
0	15	150
0	20	150
0	12	149
0	19	146
0	-1	151
1	19	150
1	40	148
1	13	137
1	36	150
0	21	122
0	16	150
0	15	150
3	-1	147
2	-1	150
0	11	150
1	15	150
0	16	150
0	20	147
1	18	150
0	-1	148
1	21	151
2	15	136
1	16	142
0	18	151
1	-1	151
1	36	149
2	17	150
0	15	150
0	24	133
0	15	132
0	13	150
0	10	149
0	-1	147
0	16	147
0	11	150
0	5	150
1	-1	151
0	15	150
1	23	129
0	20	140
0	14	149
3	25	150
0	12	150
2	16	141
1	14	148
0	20	150
0	13	144
0	10	150
0	-1	151
0	15	149
0	-1	150
1	11	104
0	35	149
0	-1	151
0	14	150
0	13	150
0	16	150
3	19	151
0	15	149
1	14	136
2	-1	147
1	-1	149
1	18	150
1	22	137
0	21	136
1	-1	150
1	-1	149
1	16	149
0	-1	120
0	17	150
0	14	129
0	-1	111
1	14	149
0	9	150
0	-1	149
0	-1	150
0	14	150
1	14	148
1	-1	151
1	-1	150
0	-1	150
0	12	149
1	-1	115
0	20	150
0	11	138
0	-1	147
0	36	150
0	-1	150
0	-1	148
0	-1	151
0	15	151
0	21	143
0	-1	104
1	33	131
0	14	132
0	15	148
0	23	147
0	15	148
0	19	148
1	11	150
0	-1	150
1	17	120
0	11	151
0	16	122
1	39	151
0	7	150
1	-1	150
0	20	150
1	-1	150
1	-1	146
0	11	147
0	45	147
0	-1	147
0	-1	145
0	14	150
1	24	151
1	-1	147
1	-1	147
0	-1	146
0	-1	141
9	20	150
0	-1	146
0	16	150
1	-1	150
1	16	138
0	16	144
1	19	139
0	-1	150
1	21	145
0	-1	142
2	12	146
0	18	150
0	-1	119
0	12	150
1	19	150
0	-1	147
0	19	150
0	9	150
0	13	141
1	26	150
0	14	150
1	-1	148
0	8	150
0	-1	150
0	15	148
0	17	150
1	46	144
0	15	144
1	-1	147
1	-1	149
0	12	100
0	18	150
1	33	149
0	-1	151
2	-1	150
1	-1	149
0	17	146
0	22	150
0	12	148
0	-1	150
0	-1	145
2	14	151
1	-1	143
2	-1	136
0	27	137
1	10	145
3	-1	148
0	15	150
0	23	149
0	11	146
2	-1	149
0	10	150
1	-1	151
0	14	150
0	9	150
0	-1	148
1	16	150
1	-1	145
1	10	139
0	-1	150
0	13	136
1	-1	150
0	-1	151
0	15	150
0	-1	137
2	12	149
0	19	150
0	9	149
0	-1	147
0	-1	150
0	-1	145
0	16	150
0	14	149
0	36	150
1	15	150
1	12	149
1	19	150
2	-1	150
0	-1	151
0	20	150
0	17	150
0	14	150
0	21	149
0	-1	150
0	16	149
0	14	150
0	12	150
0	14	127
0	-1	141
0	12	140
1	-1	149
1	-1	145
1	14	138
0	-1	150
1	-1	150
1	15	123
0	13	148
0	12	149
1	-1	151
0	20	151
1	-1	141
0	-1	150
0	-1	149
1	-1	150
0	-1	148
0	16	136
1	16	139
1	15	148
0	19	150
2	26	150
1	19	150
0	24	151
1	-1	149
0	-1	149
0	32	150
3	21	148
0	16	149
0	14	150
0	12	127
0	13	141
0	19	150
0	-1	150
1	17	149
3	15	151
0	14	148
0	14	148
0	24	150
1	18	146
1	19	150
1	22	151
0	31	150
1	19	151
0	21	151
0	12	149
0	13	137
0	23	150
0	24	151
1	21	149
1	4	119
0	13	150
1	-1	151
0	-1	150
1	-1	149
1	-1	148
0	-1	151
1	19	150
1	-1	140
1	12	148
0	17	147
0	12	150
0	12	135
0	10	95
0	-1	150
1	-1	149
0	-1	150
0	-1	149
0	11	150
0	-1	147
0	-1	150
0	-1	150
0	11	150
0	11	151
1	-1	150
0	-1	146
0	14	151
0	20	149
0	20	146
0	12	106
0	9	139
0	18	150
0	27	150
0	-1	150
0	-1	149
1	-1	131
0	17	133
0	10	150
1	18	150
1	11	136
0	12	146
0	13	128
0	-1	131
2	15	150
0	24	150
0	24	151
0	18	150
1	27	136
0	40	150
0	14	143
1	26	150
0	11	117
0	16	150
0	12	137
1	18	150
0	17	151
0	20	150
0	19	150
0	-1	150
0	-1	150
0	16	151
0	23	150
0	16	144
1	13	150
1	18	150
0	14	150
1	15	149
0	19	150
1	16	150
0	18	150
1	20	150
2	15	130
0	12	104
0	-1	149
0	43	148
1	42	147
1	22	148
0	-1	134
1	-1	150
1	10	151
0	-1	151
0	13	150
1	19	127
0	-1	150
2	-1	140
0	21	151
1	-1	150
0	20	147
1	-1	150
1	23	145
1	18	148
0	46	149
1	-1	125
0	-1	149
1	22	151
0	7	151
2	16	131
0	-1	151
0	19	139
1	-1	137
0	23	134
1	-1	148
0	15	148
0	-1	142
2	-1	147
0	-1	150
0	18	150
0	17	150
2	30	150
1	-1	140
1	-1	121
1	13	150
0	12	148
0	12	149
1	-1	147
0	-1	115
0	-1	136
1	15	146
0	14	140
0	17	120
0	-1	145
0	14	150
0	15	121
0	-1	145
0	12	150
1	-1	151
0	19	136
1	-1	150
0	37	151
0	-1	150
0	-1	141
5	-1	126
0	21	141
1	-1	150
0	-1	144
0	17	145
0	29	141
0	10	150
1	17	150
0	12	147
2	21	150
0	-1	149
1	-1	145
0	13	150
2	35	132
0	20	137
0	42	149
1	20	137
0	14	151
0	-1	150
0	14	133
0	22	148
0	16	150
0	18	150
0	-1	144
1	-1	150
0	-1	149
1	-1	150
0	18	150
0	-1	150
0	18	148
0	19	148
0	13	148
0	23	151
0	-1	137
37	64	143
0	20	148
0	-1	149
0	20	150
0	-1	133
0	23	150
0	12	150
0	25	150
1	14	148
1	24	150
0	21	150
0	9	145
0	13	134
0	34	150
1	12	151
0	14	150
0	26	150
2	-1	143
0	17	151
1	20	150
0	-1	145
0	14	148
1	16	150
0	13	149
1	18	151
2	-1	150
0	16	150
1	14	131
0	9	95
1	18	149
1	5	123
0	15	146
0	-1	141
0	-1	106
1	-1	138
0	-1	148
1	-1	151
0	-1	151
0	-1	145
0	11	125
0	-1	119
1	-1	150
0	14	147
0	15	150
3	10	138
1	13	145
0	-1	150
0	-1	141
0	19	133
0	8	150
1	17	150
0	13	149
2	-1	145
1	23	150
1	20	150
0	-1	151
0	11	100
0	15	131
0	14	150
1	19	150
1	15	150
1	9	131
1	18	150
1	-1	150
0	25	151
1	13	93
0	14	150
0	19	148
0	17	151
0	13	151
0	15	143
0	19	148
0	-1	148
0	-1	149
2	27	122
1	-1	150
0	-1	150
0	16	147
0	11	146
0	-1	147
1	11	116
0	14	144
0	12	150
0	15	146
0	24	141
0	-1	150
1	-1	150
0	18	147
0	20	150
0	-1	150
0	18	146
1	-1	143
1	22	145
0	16	150
1	23	150
0	9	149
0	-1	150
0	-1	150
1	-1	149
1	23	150
1	41	151
0	22	150
0	-1	150
0	-1	150
1	20	150
0	-1	149
0	12	148
1	14	147
0	-1	149
0	19	151
0	21	150
0	15	147
0	28	147
1	19	151
0	20	151
0	14	147
0	12	144
1	10	114
0	-1	146
1	-1	145
2	21	150
1	-1	147
0	-1	150
0	15	127
0	11	123
0	13	150
0	-1	149
0	11	123
0	18	150
0	13	139
0	32	149
0	-1	143
0	-1	144
1	-1	140
0	-1	139
2	-1	149
1	-1	143
0	15	144
0	5	62
1	-1	147
2	20	140
1	28	150
0	27	147
0	16	146
0	21	150
0	19	148
0	-1	147
1	-1	150
1	19	150
0	18	146
0	-1	149
0	22	147
0	17	151
1	-1	144
0	11	130
0	21	150
0	11	149
0	17	151
1	-1	148
1	17	150
0	16	144
0	17	147
0	8	150
1	14	151
0	-1	148
1	15	146
0	-1	113
0	12	140
0	15	135
0	-1	145
0	22	149
0	8	106
0	-1	150
0	12	150
0	8	151
1	-1	150
0	15	150
1	-1	150
1	28	150
0	10	148
0	11	149
0	-1	147
0	-1	149
1	-1	150
0	-1	149
1	14	150
0	15	149
0	-1	144
0	-1	150
0	-1	139
0	16	146
2	-1	149
0	12	147
4	-1	149
0	10	148
0	10	147
0	13	150
1	29	147
1	-1	148
0	-1	134
2	18	134
0	16	148
2	-1	150
1	40	150
1	21	151
0	-1	150
2	16	150
1	11	151
0	13	136
0	-1	138
0	44	150
0	41	149
0	-1	150
0	17	138
0	-1	150
0	16	147
0	16	150
0	12	109
0	10	147
3	19	150
0	18	150
0	-1	149
1	9	150
0	-1	150
0	-1	147
0	15	150
0	12	147
0	-1	150
0	13	147
0	17	149
0	-1	144
1	20	150
0	17	150
0	-1	145
1	12	151
1	-1	151
0	19	150
0	-1	149
0	-1	150
0	13	150
2	16	150
1	11	150
0	19	151
0	8	122
1	-1	150
0	-1	151
0	18	147
0	13	150
1	22	151
0	12	149
0	-1	149
0	-1	147
1	9	136
1	-1	151
0	14	150
0	12	151
0	17	150
0	-1	124
1	20	150
0	12	150
0	41	150
0	10	149
0	11	133
1	11	150
0	13	102
0	-1	148
0	13	130
0	16	122
0	-1	150
0	16	150
0	-1	149
1	-1	116
1	-1	149
0	-1	146
1	22	150
0	18	151
0	15	148
0	14	148
0	21	151
2	-1	150
0	-1	149
1	-1	147
1	13	129
0	22	150
0	-1	149
0	17	146
0	-1	131
0	18	151
1	-1	137
0	18	150
0	11	151
0	15	149
2	16	151
0	14	151
1	32	150
0	9	150
0	-1	101
0	-1	148
1	-1	145
0	17	149
0	-1	150
0	10	106
0	10	150
0	8	118
0	25	149
1	-1	148
0	18	146
1	15	148
0	-1	144
0	15	123
1	-1	144
1	-1	147
0	9	126
0	9	138
0	40	150
0	12	137
1	-1	150
1	-1	149
0	-1	104
0	-1	150
0	17	116
1	15	144
0	18	148
0	11	150
1	15	150
0	14	149
0	14	150
0	19	150
0	29	147
0	13	151
0	-1	150
1	17	148
0	11	149
0	-1	151
2	-1	149
0	14	150
0	14	149
2	14	148
0	10	149
1	12	144
0	11	150
0	14	150
1	18	148
0	19	146
0	5	149
1	17	131
0	16	147
1	-1	149
0	-1	150
0	-1	148
1	21	150
0	-1	149
2	-1	150
0	22	148
0	8	150
0	18	146
0	14	148
0	18	139
0	6	150
0	11	137
2	-1	149
2	-1	146
0	6	147
0	-1	151
0	14	141
1	14	144
0	18	122
0	28	136
0	14	150
0	17	150
1	15	90
0	10	150
0	22	135
0	15	150
0	6	151
1	-1	149
0	15	150
0	-1	148
3	16	134
2	-1	149
0	17	149
0	15	150
1	-1	121
1	-1	147
0	14	151
0	18	135
0	15	151
1	19	149
0	-1	149
0	-1	150
0	8	151
1	21	151
1	-1	149
0	-1	151
0	-1	149
0	13	151
1	22	148
0	33	150
0	19	149
0	-1	150
1	15	144
0	5	101
0	15	131
1	19	147
0	41	149
1	12	151
1	-1	141
0	11	148
1	15	132
0	16	124
0	16	145
0	11	150
0	-1	150
1	13	150
0	-1	151
0	18	139
0	21	135
0	-1	150
0	-1	150
0	11	149
0	14	131
0	16	119
0	6	107
1	-1	150
0	15	145
1	-1	133
0	-1	150
0	16	151
0	-1	145
0	35	150
1	17	147
0	-1	150
0	16	150
0	-1	151
0	19	142
0	-1	148
1	25	150
0	-1	132
2	-1	150
0	-1	148
0	12	150
0	16	147
1	21	127
0	15	150
1	-1	146
0	14	151
0	-1	148
0	-1	135
0	45	150
1	13	144
0	-1	150
1	17	151
0	-1	149
2	11	147
0	-1	149
0	16	150
0	-1	148
1	-1	135
1	-1	150
0	15	149
0	18	137
1	29	151
0	-1	150
0	13	150
0	18	147
0	18	150
1	-1	150
0	21	150
0	17	145
0	-1	147
1	9	150
1	16	132
2	24	150
0	30	150
0	-1	150
0	13	151
0	12	150
0	-1	149
1	-1	149
2	-1	150
0	-1	150
0	15	147
0	18	148
0	25	150
0	17	150
0	-1	150
0	20	139
1	16	149
0	8	149
2	-1	150
0	13	109
0	-1	150
0	18	146
1	16	148
1	-1	149
0	-1	150
0	-1	150
0	-1	142
0	-1	150
0	-1	148
0	-1	111
0	25	150
1	-1	144
0	11	145
1	16	149
0	13	150
1	-1	146
1	17	147
0	-1	150
0	14	127
1	-1	143
1	12	107
1	14	148
0	16	151
0	-1	148
0	-1	150
0	6	150
0	14	150
2	-1	151
0	18	135
1	-1	150
0	15	149
0	15	150
0	-1	150
0	-1	150
0	16	150
0	-1	151
0	22	150
0	23	150
0	-1	150
0	15	149
0	-1	151
1	8	150
1	20	150
1	-1	150
0	13	150
0	40	147
0	10	150
0	25	151
0	-1	146
0	5	96
0	15	132
0	21	146
0	14	147
1	20	148
0	14	150
0	32	149
0	12	151
0	-1	105
0	18	151
0	19	151
0	-1	149
1	20	147
0	-1	148
1	-1	150
0	-1	150
0	-1	117
0	13	150
0	21	147
1	28	149
1	37	149
0	17	150
1	-1	148
1	27	150
2	-1	149
0	29	150
0	17	149
0	-1	140
0	-1	146
1	-1	150
1	11	150
0	21	150
0	26	150
0	12	140
1	-1	150
1	14	147
3	13	150
1	16	151
0	14	142
0	10	148
0	19	150
1	-1	150
0	14	149
0	11	126
0	21	138
0	-1	151
0	27	150
1	-1	150
0	-1	142
0	16	148
1	-1	146
0	12	150
0	12	150
0	-1	150
0	15	150
1	18	123
0	-1	146
0	19	150
0	6	99
1	13	150
0	-1	150
1	14	149
0	17	150
0	-1	145
0	12	150
2	-1	150
0	10	141
1	13	149
1	-1	151
0	13	147
0	12	151
0	-1	141
1	14	105
0	8	146
0	17	151
0	-1	148
1	-1	140
0	15	148
0	18	149
0	-1	150
0	13	150
0	-1	149
0	-1	149
0	19	149
0	13	149
0	12	150
0	-1	151
0	20	150
0	23	150
0	14	147
1	16	151
0	13	150
1	-1	150
0	15	149
0	12	148
1	-1	147
0	11	150
0	-1	134
0	23	124
1	-1	149
0	16	150
1	11	150
0	25	146
0	13	150
0	21	150
0	-1	70
0	36	147
0	12	150
0	14	150
0	14	149
0	14	145
0	19	97
0	14	120
1	43	145
0	-1	148
1	-1	150
1	-1	150
0	11	85
1	17	151
0	-1	138
0	16	151
0	10	150
1	20	151
0	16	150
0	-1	149
2	19	147
0	15	150
1	13	149
0	15	148
0	18	150
0	18	149
0	16	135
0	14	149
0	11	151
0	-1	148
0	-1	150
1	13	150
2	28	149
0	16	144
0	19	142
0	14	150
1	-1	151
1	-1	141
0	-1	150
0	23	150
1	28	148
0	-1	150
1	15	150
0	-1	139
1	38	151
2	26	150
0	-1	149
0	15	150
0	23	150
0	16	129
0	-1	150
1	19	149
1	-1	151
0	25	150
0	20	151
1	-1	151
0	14	145
0	18	150
0	13	149
0	31	150
1	13	150
0	14	150
0	24	149
2	15	150
0	-1	144
0	15	149
0	13	145
1	15	137
0	-1	150
0	-1	150
0	-1	150
0	11	150
1	-1	147
1	-1	150
0	13	124
0	10	148
2	12	150
0	17	147
0	13	143
0	11	105
1	15	151
0	11	150
1	-1	145
0	14	151
1	-1	149
1	22	134
1	-1	150
0	-1	121
0	20	150
0	12	150
0	-1	141
0	13	134
0	23	150
0	14	146
0	19	119
1	22	147
1	15	146
0	-1	148
1	13	148
1	-1	150
1	13	150
0	14	150
0	-1	148
1	31	150
1	-1	150
1	17	150
0	-1	145
0	22	147
1	-1	145
1	13	150
0	9	150
0	14	131
1	-1	148
0	24	139
1	-1	147
1	15	150
0	-1	150
0	-1	150
1	17	149
0	-1	150
0	16	135
1	22	133
1	15	150
0	13	139
0	13	150
0	17	149
1	-1	150
1	19	150
0	14	148
0	22	150
1	15	147
0	-1	150
1	13	122
0	17	150
1	-1	150
0	-1	150
1	-1	123
0	16	147
0	17	148
0	-1	150
0	11	122
1	-1	137
28	-1	140
1	16	150
1	-1	150
0	-1	150
0	-1	151
0	26	150
0	10	150
0	-1	150
0	14	123
0	15	150
1	12	150
0	-1	127
0	19	150
2	19	145
0	-1	149
1	-1	151
0	-1	150
1	22	150
0	34	141
1	14	150
1	19	127
0	14	149
1	-1	138
0	29	145
0	19	148
1	35	150
0	36	150
1	-1	150
0	-1	150
0	17	150
0	18	150
1	16	151
1	-1	150
0	9	150
0	10	122
0	14	139
0	20	144
0	5	137
3	-1	150
0	27	150
0	-1	116
0	41	151
0	14	150
1	16	147
1	16	146
0	15	150
0	13	151
0	-1	118
1	-1	149
0	14	136
2	-1	150
2	21	150
0	11	129
0	14	150
1	18	143
1	21	148
0	19	150
0	7	144
0	8	142
0	7	150
1	14	149
1	21	150
0	14	150
1	-1	151
2	-1	136
1	21	144
0	8	149
1	-1	146
1	16	143
1	16	150
0	11	150
1	-1	150
0	24	151
1	-1	151
1	-1	151
0	-1	150
0	-1	151
1	-1	145
0	-1	145
0	15	151
1	-1	142
0	15	151
1	25	150
0	13	149
0	17	150
0	15	150
2	13	123
0	18	150
0	13	127
0	22	149
0	19	150
0	-1	126
1	25	150
1	10	150
0	14	149
0	-1	150
0	16	125
0	16	150
0	-1	150
1	15	151
0	12	151
0	26	130
0	-1	151
2	-1	146
1	19	146
0	9	68
0	14	135
0	25	150
0	14	150
0	9	150
1	-1	150
0	-1	150
2	-1	150
0	-1	150
1	33	150
0	15	150
0	-1	116
0	-1	150
1	13	151
2	19	150
0	-1	100
0	10	132
0	13	150
0	14	147
1	-1	117
0	15	151
0	9	150
0	-1	146
1	21	149
0	-1	148
1	19	150
0	19	138
1	25	145
49	-1	146
0	18	148
0	15	150
0	11	118
0	-1	148
0	-1	139
0	-1	149
0	18	150
0	18	151
3	13	134
0	13	130
1	18	145
0	18	150
1	-1	150
0	14	150
1	-1	150
0	11	143
0	-1	147
1	21	150
1	18	147
0	-1	148
1	-1	150
1	15	150
1	-1	147
0	12	140
0	15	150
1	10	146
0	16	151
0	16	148
2	-1	151
1	11	151
0	8	151
0	14	150
0	10	124
0	16	147
1	-1	132
0	10	150
3	16	151
0	17	150
1	15	150
0	-1	79
0	24	141
0	-1	149
2	-1	150
1	18	150
0	12	150
0	18	148
0	-1	149
1	11	150
0	18	149
0	16	151
1	21	150
0	17	151
0	-1	150
0	14	150
0	12	113
2	19	150
2	-1	148
1	-1	149
0	17	147
1	-1	147
1	41	151
0	18	150
0	34	147
2	21	150
0	13	140
0	10	151
0	-1	150
0	14	142
1	-1	143
0	13	148
1	-1	149
1	-1	150
1	-1	149
0	11	150
1	-1	142
0	-1	148
0	10	150
1	34	148
1	22	150
0	14	151
1	-1	149
0	10	147
2	17	148
0	21	150
0	-1	150
0	12	148
0	21	151
0	21	149
0	-1	150
0	-1	145
1	-1	151
1	-1	150
0	-1	150
1	-1	150
0	-1	150
0	14	150
0	37	150
1	17	151
0	6	124
0	-1	150
1	19	133
0	13	145
0	-1	150
1	-1	150
1	36	149
0	-1	151
1	-1	150
0	17	150
1	-1	149
1	-1	150
0	23	148
0	-1	150
0	28	150
0	-1	150
1	19	130
0	-1	148
0	13	151
0	-1	148
0	23	150
1	-1	136
1	16	149
0	35	145
1	-1	150
1	14	148
1	-1	149
1	21	148
0	16	138
0	-1	151
1	-1	133
0	-1	144
2	21	149
0	20	150
0	10	142
0	-1	151
2	24	150
1	21	150
0	16	144
0	-1	134
3	27	149
0	12	150
0	13	150
1	-1	122
0	15	150
0	-1	149
0	11	126
0	-1	147
0	20	148
0	20	151
0	34	150
0	13	151
1	-1	144
0	-1	149
0	-1	149
0	12	151
0	19	150
1	17	141
0	22	150
0	16	150
0	11	149
0	-1	143
1	21	148
0	18	150
0	34	126
0	7	149
1	14	151
0	19	150
0	17	151
0	15	145
0	15	150
0	-1	150
0	20	149
1	-1	150
0	-1	131
0	20	150
3	14	150
0	-1	150
0	32	137
1	21	150
0	-1	147
0	14	150
0	13	150
0	15	150
0	18	135
0	11	150
0	-1	150
0	22	146
0	-1	146
1	17	150
0	15	150
1	33	145
0	-1	150
1	-1	151
2	8	150
0	18	150
1	14	149
0	10	150
0	-1	149
0	15	145
0	14	150
1	-1	150
0	-1	148
0	-1	147
0	11	118
0	8	120
0	-1	144
2	-1	143
0	16	151
0	-1	144
0	19	146
3	-1	150
0	-1	148
0	34	147
0	-1	150
0	-1	149
1	19	148
0	26	140
1	-1	131
0	-1	150
0	15	150
1	-1	150
0	-1	133
1	-1	150
0	-1	149
0	11	150
0	34	130
0	-1	150
0	16	145
0	-1	150
0	8	150
0	-1	148
0	12	149
0	31	150
0	18	151
0	15	151
0	-1	150
0	11	150
0	13	147
0	-1	150
1	-1	150
0	-1	150
0	19	150
1	-1	150
0	18	149
2	-1	150
0	21	134
0	-1	147
1	12	150
0	-1	145
0	15	150
0	34	149
0	-1	147
0	13	138
0	13	144
0	15	150
0	14	147
1	36	150
1	23	150
0	37	150
0	14	149
0	17	145
1	18	150
1	-1	150
1	15	150
0	19	151
0	-1	151
1	14	122
2	17	149
0	-1	147
1	16	145
1	18	150
0	22	150
1	11	148
0	-1	150
0	-1	149
0	-1	141
0	-1	150
0	10	150
0	-1	145
0	-1	148
0	-1	148
0	-1	150
0	16	150
0	-1	147
0	26	150
0	31	151
0	16	150
1	-1	148
1	18	150
1	18	150
1	-1	148
1	24	135
0	16	150
0	12	150
0	18	145
0	16	150
1	-1	149
0	17	118
0	20	148
0	-1	142
0	10	136
0	-1	150
0	17	113
0	19	142
0	-1	151
0	-1	151
0	13	150
1	11	148
1	-1	148
1	15	149
0	18	150
0	13	146
0	-1	150
0	9	122
0	13	132
0	13	144
1	-1	124
0	16	151
1	22	151
1	-1	150
0	15	127
2	19	151
0	20	151
0	26	150
0	-1	149
0	22	151
1	17	102
0	-1	150
0	-1	150
0	17	127
0	15	133
0	-1	100
0	28	149
1	-1	143
0	-1	148
1	-1	150
0	17	151
0	14	149
2	31	150
0	15	151
0	16	150
0	15	150
1	-1	137
5	13	138
2	14	150
0	14	150
0	16	150
0	18	150
0	-1	150
0	-1	149
0	-1	149
0	19	147
0	15	140
3	-1	149
0	23	147
1	20	149
0	17	150
0	16	147
0	-1	150
0	18	144
0	12	141
1	18	148
0	15	148
1	-1	150
0	-1	147
0	12	146
1	-1	150
0	8	150
1	-1	149
0	17	151
0	11	141
0	10	149
0	12	127
0	-1	147
0	17	150
0	17	150
0	-1	150
0	-1	134
1	-1	150
0	14	150
0	23	130
0	16	151
1	21	150
0	-1	150
0	38	150
0	7	129
0	16	150
0	12	150
0	-1	150
0	20	150
1	-1	145
1	15	150
0	16	150
0	-1	145
1	-1	150
0	20	146
3	-1	150
0	11	151
0	-1	147
0	18	150
1	16	149
0	-1	148
0	16	146
0	-1	150
0	32	150
1	11	150
0	14	127
0	11	144
1	17	140
0	18	150
0	13	150
1	14	150
0	13	113
1	-1	141
0	-1	151
1	-1	140
1	17	150
2	17	150
0	6	150
1	19	149
0	18	133
0	24	150
0	16	146
0	19	114
0	15	150
1	-1	150
0	12	148
0	13	150
0	15	151
0	14	148
1	20	150
0	27	138
0	-1	147
1	-1	148
1	11	150
1	-1	149
1	16	151
0	13	150
0	9	151
1	32	106
1	14	150
0	11	149
0	32	148
0	-1	150
0	17	150
1	-1	150
2	29	150
1	-1	150
0	-1	137
0	14	131
0	17	150
0	16	148
0	16	151
0	-1	151
0	22	142
1	-1	151
0	15	138
2	-1	148
1	15	140
0	19	146
1	16	150
0	-1	151
0	-1	149
0	19	151
0	4	83
0	-1	149
2	11	143
0	-1	150
0	-1	141
0	27	150
0	14	149
0	28	150
1	19	151
0	-1	150
1	15	150
2	18	137
0	16	134
0	-1	149
0	16	141
1	-1	148
1	-1	149
0	18	132
0	18	150
0	17	140
0	-1	149
0	12	144
1	8	144
5	23	147
1	17	150
1	-1	138
1	-1	150
0	11	124
2	-1	148
0	-1	151
0	14	150
1	22	149
0	23	150
0	17	149
0	7	147
0	13	149
0	-1	147
0	22	150
1	-1	139
1	-1	143
0	16	147
2	-1	75
0	-1	150
0	-1	150
0	-1	133
3	17	150
0	16	150
0	12	148
0	19	150
1	24	147
1	19	150
0	11	148
0	14	150
2	15	150
0	14	148
0	-1	138
0	14	145
0	-1	150
0	12	143
1	15	122
0	14	150
0	-1	149
0	27	150
0	13	150
1	-1	150
0	14	130
1	16	150
0	-1	150
0	14	150
0	21	150
0	-1	150
1	15	150
1	17	151
0	12	147
0	16	150
0	12	148
37	39	125
1	-1	151
1	-1	147
0	19	114
0	13	150
0	-1	149
0	-1	122
0	-1	149
1	-1	148
0	17	151
1	-1	150
0	24	150
0	-1	146
1	22	150
0	10	133
0	14	132
1	17	151
0	-1	150
0	14	151
0	21	148
3	14	146
0	9	147
0	12	137
0	-1	148
1	-1	134
4	15	151
0	-1	145
0	16	146
0	-1	129
0	24	150
1	14	149
0	-1	149
1	-1	141
0	-1	150
0	15	150
1	-1	146
1	-1	147
1	19	150
1	16	146
0	14	121
0	17	146
0	25	145
0	-1	150
1	11	129
0	21	143
0	20	150
0	7	72
0	-1	147
0	18	137
0	21	150
1	13	147
0	-1	150
0	17	147
1	18	136
0	17	149
3	16	150
0	-1	150
0	-1	149
0	36	150
1	23	131
0	16	109
0	14	150
1	14	109
0	13	150
0	14	150
1	20	146
0	-1	147
1	14	110
0	10	150
1	15	126
1	24	151
0	-1	149
0	21	150
1	21	151
1	-1	149
0	-1	148
0	12	149
1	34	151
0	18	151
0	15	150
0	15	150
0	25	127
0	-1	149
0	17	151
1	-1	148
1	26	150
0	1	109
1	7	114
2	13	140
2	-1	148
0	13	151
0	21	151
0	16	151
3	17	150
1	-1	150
1	-1	150
0	14	146
1	-1	149
0	18	150
0	9	149
1	15	150
1	27	150
0	-1	150
0	16	144
0	8	125
0	-1	148
1	-1	132
0	13	125
1	-1	146
0	10	144
0	14	150
1	-1	148
0	-1	149
0	-1	149
2	17	150
2	13	150
0	16	150
0	19	146
0	-1	149
0	16	149
1	-1	125
1	13	149
1	16	148
0	17	150
0	17	151
1	-1	149
3	-1	150
0	20	150
1	17	150
0	-1	132
1	-1	150
0	10	147
0	15	150
0	17	148
0	13	124
0	19	107
1	19	148
0	-1	150
0	-1	130
0	22	149
0	20	137
0	-1	143
0	15	151
0	19	150
0	10	150
1	-1	150
35	36	105
35	36	108
0	13	115
0	13	150
0	10	150
0	-1	143
0	22	151
0	14	143
0	28	142
0	6	96
0	14	143
0	20	139
0	14	150
0	20	150
1	-1	151
1	-1	150
2	19	150
0	19	149
1	-1	150
1	7	150
0	13	149
1	-1	150
0	23	151
0	17	148
1	-1	146
2	13	143
3	14	151
1	-1	144
0	14	147
0	8	141
0	16	135
0	15	116
1	-1	151
1	-1	114
0	8	98
0	32	134
1	20	144
2	17	147
0	22	150
0	15	137
0	-1	150
0	-1	145
0	-1	151
1	-1	148
1	-1	147
0	32	150
1	-1	139
0	31	151
2	-1	131
3	10	125
1	14	149
1	14	112
0	-1	151
0	16	150
1	-1	145
2	10	147
1	-1	149
1	-1	117
0	14	150
3	16	147
2	17	147
1	-1	134
1	35	146
1	-1	149
0	10	97
0	15	147
0	21	147
1	-1	150
0	-1	135
0	27	150
0	-1	146
0	-1	148
0	14	149
0	-1	149
0	16	151
1	18	149
0	-1	150
0	-1	129
0	11	133
2	-1	134
0	17	149
0	18	150
1	16	150
0	-1	149
0	12	142
1	-1	149
0	15	151
0	14	147
1	-1	146
0	14	147
0	18	132
0	-1	149
3	-1	151
0	12	145
0	19	149
0	33	149
1	-1	150
0	22	122
1	10	127
0	16	151
1	13	130
1	21	151
0	11	123
1	12	70
0	19	150
1	34	150
1	41	140
0	-1	149
0	-1	151
0	23	135
0	17	150
1	16	148
1	-1	150
1	-1	149
0	5	147
0	8	149
1	12	150
1	13	150
0	11	149
1	38	151
1	-1	123
0	18	150
0	-1	149
0	9	147
0	10	150
0	22	145
1	-1	145
1	12	151
1	15	151
0	8	128
0	-1	150
0	-1	147
0	10	150
0	-1	147
0	-1	149
0	10	150
0	11	75
0	34	148
0	17	147
0	17	144
1	12	145
0	-1	149
0	8	150
1	18	149
0	12	131
1	10	150
0	-1	141
1	-1	150
1	-1	151
0	12	122
2	10	151
1	18	150
0	14	127
1	21	151
0	-1	150
3	11	134
0	32	146
0	13	108
0	10	105
0	16	150
1	17	118
0	12	149
1	-1	150
2	21	148
0	12	147
1	-1	145
0	23	138
1	14	150
0	17	145
0	16	102
0	14	92
1	21	151
0	19	151
0	17	145
0	-1	146
2	10	150
0	20	150
2	-1	147
0	10	128
1	-1	150
0	19	150
1	31	150
0	16	146
0	-1	150
0	-1	148
0	16	150
0	-1	137
1	34	149
0	16	151
0	-1	150
0	13	150
1	-1	150
0	11	149
0	25	151
0	19	150
0	-1	147
0	-1	150
0	-1	134
1	-1	143
0	-1	145
0	-1	151
1	15	146
5	17	107
0	16	103
0	-1	104
0	18	147
2	19	147
0	11	112
0	14	133
0	18	151
0	15	151
0	20	150
0	-1	146
0	19	150
0	-1	138
0	13	150
0	13	150
0	13	147
0	-1	150
0	17	150
0	19	150
1	-1	150
0	29	150
2	17	150
0	-1	150
0	14	147
1	19	135
0	25	124
2	-1	150
0	21	150
1	-1	150
0	-1	150
0	18	150
1	-1	150
2	-1	150
3	13	150
0	12	148
0	18	148
0	11	135
0	34	143
1	16	151
1	22	150
1	20	151
0	-1	149
0	-1	150
0	-1	150
0	-1	150
0	30	150
0	22	150
0	41	150
0	13	150
2	-1	150
1	20	151
2	-1	149
1	12	149
0	19	142
0	15	140
0	16	150
0	-1	142
1	17	150
2	23	131
0	16	150
0	23	147
0	14	130
0	-1	150
1	18	150
0	12	143
2	-1	150
1	14	149
0	22	150
3	-1	150
1	-1	151
1	16	150
0	25	147
0	14	150
0	17	150
1	38	150
0	-1	147
1	17	150
0	19	150
2	-1	145
0	11	140
0	14	148
0	15	149
0	39	150
0	-1	150
1	24	149
0	15	149
0	13	149
0	-1	126
0	21	150
0	14	150
0	21	150
0	30	145
2	-1	149
0	12	150
1	10	150
0	-1	150
1	-1	151
0	18	143
0	-1	150
0	-1	148
0	23	151
0	15	150
0	-1	150
0	14	111
0	23	150
0	-1	141
0	18	147
0	15	151
1	14	150
0	12	150
1	19	151
2	8	150
0	-1	148
0	-1	131
0	-1	150
0	19	150
2	19	148
0	15	150
1	-1	143
0	18	151
0	-1	147
0	21	146
1	-1	151
0	16	151
0	-1	150
0	10	124
0	18	151
0	11	139
3	-1	149
0	-1	149
0	14	143
1	-1	150
0	26	150
0	-1	149
0	17	150
2	-1	148
0	31	151
0	16	138
0	26	150
0	15	150
0	-1	150
0	7	67
0	19	150
0	14	145
0	-1	150
0	-1	150
0	22	146
1	-1	119
1	16	149
0	15	150
0	41	150
0	-1	150
0	15	150
0	17	147
0	7	149
0	19	150
0	17	148
0	9	150
0	15	150
0	14	150
0	16	140
1	12	149
15	29	76
3	16	151
1	16	147
3	-1	147
0	13	148
0	8	150
0	15	150
1	16	144
1	21	148
1	-1	149
0	29	150
0	38	150
0	-1	147
0	20	150
0	19	145
3	21	150
0	-1	148
1	-1	148
0	16	150
0	-1	142
0	-1	151
0	-1	150
0	-1	150
0	11	67
2	-1	147
0	19	143
0	19	127
0	14	148
1	30	147
1	-1	149
1	35	148
0	21	151
1	-1	131
0	10	149
0	12	150
0	13	150
2	14	150
1	13	133
0	14	147
1	15	150
0	22	145
0	11	128
0	16	150
2	-1	148
1	9	124
0	-1	148
0	17	151
0	-1	151
0	-1	150
0	17	135
1	13	141
1	-1	147
0	12	149
0	17	148
0	12	150
2	-1	150
0	-1	150
2	21	150
0	26	150
1	11	150
0	-1	150
0	14	131
1	10	150
2	-1	149
0	14	150
0	19	151
3	-1	150
0	20	148
1	16	146
0	8	150
0	32	141
1	15	136
1	-1	150
0	17	150
0	-1	148
0	-1	141
0	12	74
1	-1	150
0	22	145
1	11	107
0	37	145
0	14	150
0	19	140
1	-1	151
0	9	113
0	35	150
1	-1	149
0	34	150
0	-1	150
1	-1	150
0	16	142
0	24	130
0	14	150
0	-1	150
1	30	118
0	21	150
1	-1	150
1	13	139
2	15	150
0	30	148
1	24	150
0	-1	150
0	15	134
0	12	150
0	-1	150
0	14	143
0	10	145
0	15	150
0	-1	147
2	20	149
0	10	121
0	11	150
0	14	150
1	-1	149
0	14	146
0	7	149
1	16	135
0	22	144
1	20	143
1	-1	120
1	-1	150
0	20	147
1	-1	150
0	-1	141
2	-1	147
0	-1	150
0	14	144
1	-1	137
0	34	150
1	-1	150
1	-1	150
0	15	135
1	16	148
0	16	130
0	18	151
1	-1	149
0	28	143
1	-1	151
0	-1	149
0	17	151
0	-1	150
0	15	98
1	26	150
1	21	150
0	-1	148
1	-1	149
0	12	150
1	20	150
1	9	148
0	14	150
1	16	140
0	15	150
0	11	151
0	13	150
0	43	145
0	20	150
0	16	150
1	18	147
1	16	148
0	-1	150
1	12	150
1	15	147
0	-1	151
0	22	150
0	20	150
0	-1	148
0	-1	150
0	-1	150
1	13	146
0	-1	150
0	-1	150
0	13	150
0	28	145
0	10	149
0	26	150
3	-1	149
0	18	145
0	19	148
0	10	148
0	16	150
0	18	142
0	-1	150
0	9	105
1	22	127
0	-1	141
1	20	148
1	-1	150
0	19	150
0	11	150
0	20	150
0	-1	150
0	-1	150
0	-1	150
1	10	143
0	-1	151
0	-1	140
1	10	148
0	3	146
0	-1	150
0	18	139
0	18	134
1	11	146
0	15	150
0	-1	151
0	14	150
0	-1	149
0	26	150
1	16	150
1	-1	150
0	11	129
2	-1	150
0	12	136
0	-1	150
1	-1	149
1	18	151
0	18	151
1	34	146
0	-1	149
0	11	135
1	11	90
1	-1	148
0	-1	150
0	15	150
0	17	149
1	17	150
0	12	150
1	16	128
1	13	146
3	20	151
0	12	151
0	33	151
1	-1	147
0	-1	147
1	10	140
0	-1	143
0	15	150
1	-1	147
0	14	150
0	4	122
0	17	141
0	15	147
1	-1	151
2	-1	139
1	16	115
0	10	96
1	21	150
1	-1	144
0	15	148
0	13	148
0	17	149
0	14	142
1	12	140
0	-1	150
0	14	150
0	-1	150
0	6	146
0	10	147
1	16	151
0	22	150
0	13	135
0	9	112
1	16	148
0	19	150
1	-1	138
1	23	141
0	10	150
1	-1	150
0	20	150
1	12	138
0	12	145
0	12	150
1	-1	132
0	-1	150
1	-1	147
0	23	150
1	-1	150
1	20	148
0	-1	145
1	19	151
0	18	146
2	-1	131
1	-1	117
0	-1	149
2	-1	151
1	14	150
0	-1	150
0	-1	150
0	-1	136
0	-1	145
0	17	150
0	14	150
0	30	146
0	14	150
0	-1	148
0	17	126
2	20	141
0	21	151
1	17	151
0	-1	150
0	-1	150
0	-1	137
0	-1	151
1	13	140
0	23	146
0	17	148
0	20	144
1	-1	150
1	13	145
1	19	131
0	20	149
2	21	150
0	17	149
0	21	121
1	-1	150
0	20	132
1	19	144
0	23	150
0	16	127
0	-1	147
0	9	150
0	-1	149
0	12	143
0	-1	146
0	-1	148
0	9	151
1	-1	150
0	-1	149
0	17	150
0	14	151
0	9	146
1	8	150
0	23	147
0	-1	127
1	15	149
2	29	150
0	-1	151
1	-1	148
0	11	107
0	13	150
0	18	151
0	-1	150
0	15	150
0	16	142
0	-1	132
0	18	136
0	13	151
0	-1	150
0	-1	148
0	16	150
1	28	150
0	14	150
0	16	150
0	16	150
0	14	111
0	18	150
0	21	130
0	18	132
0	25	151
0	17	150
0	-1	150
1	14	150
0	14	151
0	-1	147
0	20	148
0	-1	150
0	14	150
0	22	150
1	-1	137
1	13	140
1	20	151
2	-1	151
0	13	150
0	13	149
1	-1	150
0	14	150
0	17	151
0	-1	150
0	18	142
0	13	144
0	10	147
0	18	150
0	-1	140
1	10	144
0	-1	130
2	21	151
0	-1	149
1	21	146
0	16	149
0	14	130
0	14	132
0	15	148
0	-1	149
0	-1	148
0	15	146
1	16	147
2	-1	150
1	-1	145
1	13	141
1	16	146
0	12	151
4	16	149
1	-1	150
1	17	150
1	-1	141
0	19	145
0	17	151
1	14	149
1	-1	150
0	-1	151
1	14	150
0	-1	150
2	-1	145
1	35	149
0	24	146
0	19	148
0	12	126
1	20	148
0	30	150
0	28	151
0	17	150
0	17	143
0	14	150
0	12	146
0	10	150
1	15	148
0	12	121
0	10	132
2	24	131
0	11	150
0	15	150
0	10	150
0	5	122
1	-1	150
0	7	150
0	22	150
1	15	150
2	16	148
1	18	148
0	-1	151
0	26	137
1	-1	143
0	17	151
1	24	149
0	21	151
0	16	150
1	-1	134
0	23	150
1	14	135
1	-1	150
0	11	151
0	23	150
1	12	150
2	12	149
0	15	149
1	-1	137
1	13	150
0	-1	150
0	-1	149
0	20	150
0	-1	150
0	14	140
1	12	150
0	15	148
1	13	151
0	20	150
0	18	150
0	16	150
1	-1	150
0	-1	149
1	13	150
0	-1	144
1	-1	149
0	-1	149
0	-1	150
0	-1	147
0	20	150
1	12	150
0	25	150
1	-1	150
1	-1	150
2	24	150
2	-1	149
3	17	151
0	-1	150
0	-1	150
0	19	150
0	10	149
1	-1	143
0	13	150
1	16	150
0	15	150
0	17	150
0	13	147
2	-1	151
0	20	147
0	-1	149
0	12	150
0	-1	151
0	16	147
0	12	151
0	15	148
0	14	150
0	-1	149
0	13	147
0	46	149
0	-1	139
0	-1	149
0	21	150
0	11	150
0	30	151
0	-1	148
1	22	150
0	-1	151
0	19	140
1	16	143
1	19	150
0	16	150
0	-1	150
0	-1	149
0	11	145
1	22	151
0	29	150
0	-1	150
0	-1	151
0	8	150
1	20	148
0	17	150
1	16	150
0	14	150
0	19	147
0	28	149
0	20	150
0	21	151
0	14	151
0	38	148
0	22	150
0	-1	119
1	-1	147
8	20	133
1	-1	150
0	21	150
0	-1	150
0	15	150
1	17	150
0	15	150
0	16	148
0	-1	148
1	-1	147
0	48	150
1	13	147
0	12	148
0	20	149
1	18	150
0	-1	149
0	20	147
1	-1	149
0	31	132
0	-1	150
0	22	149
2	16	150
0	13	147
0	-1	141
1	-1	150
1	21	151
0	-1	144
2	-1	151
1	15	150
0	-1	144
0	36	150
0	20	148
1	41	151
0	19	135
1	-1	150
0	-1	149
0	13	146
1	-1	150
1	14	144
0	-1	151
0	10	128
0	22	151
1	35	143
1	-1	151
0	-1	150
0	-1	146
1	-1	151
0	15	149
0	16	150
0	16	150
0	-1	149
1	-1	150
1	13	133
0	11	150
0	15	147
0	23	150
0	17	150
0	-1	149
0	-1	148
0	16	123
0	-1	151
0	-1	151
0	-1	147
0	17	143
1	14	150
0	18	150
0	-1	132
2	20	150
2	-1	149
0	-1	150
0	20	150
0	-1	133
2	11	150
0	36	150
1	14	151
1	15	150
0	41	150
0	16	150
0	14	147
0	16	149
1	21	150
0	28	150
0	-1	151
0	8	150
1	-1	148
0	18	150
0	14	145
0	-1	150
0	10	148
0	20	150
0	18	151
1	17	151
0	6	62
1	20	149
1	17	150
2	18	150
1	-1	150
0	36	150
1	17	144
0	14	150
1	21	143
2	-1	139
0	17	149
0	13	127
0	-1	148
2	15	150
0	13	148
0	-1	149
1	18	103
0	-1	150
1	36	144
0	16	150
0	-1	147
1	20	150
0	14	150
0	-1	149
0	-1	145
0	17	151
0	14	147
0	12	151
0	22	148
0	-1	149
0	-1	150
1	27	150
0	24	150
0	18	147
0	18	150
1	33	149
1	-1	150
1	16	150
0	20	148
0	-1	149
0	16	149
0	29	150
1	-1	149
0	-1	150
1	22	139
1	-1	147
1	17	134
0	16	150
1	-1	145
0	24	150
0	20	150
0	-1	150
1	-1	142
0	15	150
0	-1	150
0	-1	150
0	13	151
0	-1	150
0	14	150
1	19	150
0	20	150
0	21	151
1	-1	146
0	20	150
2	18	151
0	16	149
1	12	141
0	-1	146
0	8	149
0	-1	151
1	-1	150
2	14	151
0	-1	150
0	-1	147
0	12	94
1	35	138
2	17	151
0	18	148
0	14	146
1	17	150
0	-1	151
0	31	136
0	-1	150
0	-1	150
0	-1	150
0	-1	139
0	21	150
0	-1	150
0	16	147
1	28	140
0	12	150
0	22	151
1	-1	134
0	-1	147
0	14	150
0	25	150
1	34	148
0	14	148
0	15	147
0	12	124
1	14	149
1	14	149
0	16	150
0	15	150
0	-1	150
0	-1	149
0	5	151
0	32	151
1	-1	151
0	-1	151
0	25	150
0	18	150
0	17	148
0	-1	150
1	15	150
0	-1	150
1	5	74
0	13	149
0	15	150
1	12	150
1	17	150
1	15	147
0	-1	150
0	20	150
0	15	151
1	-1	146
1	18	151
0	-1	149
0	16	151
0	24	143
0	-1	139
0	19	142
1	21	150
0	20	136
0	-1	150
1	17	150
0	22	149
0	16	144
1	-1	143
0	16	150
0	12	150
0	29	150
0	-1	148
2	-1	149
0	13	148
0	14	136
0	-1	145
0	14	151
0	17	149
1	-1	151
2	-1	150
1	17	142
0	22	150
0	-1	145
0	-1	145
2	19	150
0	15	140
0	15	150
0	22	141
2	-1	150
1	26	146
1	-1	151
1	8	150
0	18	150
0	17	149
0	-1	151
0	-1	150
0	14	133
0	19	151
0	24	150
0	-1	151
1	9	124
0	13	145
0	-1	150
0	19	150
1	9	149
3	24	149
1	20	150
0	-1	150
0	11	148
0	17	150
0	9	149
1	22	150
0	18	127
0	17	149
1	-1	146
0	6	151
0	-1	150
0	7	120
0	14	150
0	7	149
1	20	150
0	-1	149
1	22	144
0	13	151
0	18	150
1	-1	150
1	22	131
1	20	128
0	15	104
0	23	147
0	14	146
0	18	151
0	-1	149
0	19	140
0	10	150
0	8	139
1	-1	149
1	-1	149
1	18	150
0	-1	150
0	19	146
0	21	147
0	-1	74
0	-1	148
0	13	150
1	31	150
0	13	147
0	18	151
1	15	151
0	9	149
0	20	150
0	13	150
1	14	150
0	26	146
0	19	134
0	12	150
1	32	150
0	14	147
0	-1	150
1	-1	150
0	11	150
0	-1	148
0	9	151
0	-1	150
0	21	150
0	22	133
0	11	148
1	23	147
0	43	150
0	36	150
0	26	150
0	-1	150
0	15	150
2	9	148
0	10	120
0	21	151
0	16	150
0	-1	150
0	11	150
0	14	132
0	-1	134
0	-1	136
0	10	147
0	-1	149
0	18	150
0	-1	87
0	14	150
0	16	150
0	19	150
0	12	150
0	12	150
0	-1	148
0	16	141
0	17	146
0	12	148
1	13	145
0	15	150
0	-1	151
0	17	151
0	14	147
1	24	151
0	15	148
0	15	150
0	24	151
0	22	150
0	16	151
0	19	150
2	11	130
0	17	150
0	10	148
0	-1	146
0	10	150
0	14	146
0	22	150
0	36	150
0	21	149
0	-1	144
0	-1	149
1	12	145
0	23	149
1	10	132
0	15	150
0	10	150
0	-1	146
1	16	143
0	19	150
0	32	151
1	18	150
0	-1	150
0	12	151
0	9	148
0	-1	150
0	15	135
0	14	150
0	18	150
1	-1	150
0	-1	150
0	23	150
1	15	123
1	-1	150
0	14	146
0	38	150
0	24	150
0	10	150
0	-1	148
0	13	151
0	20	119
2	11	150
1	-1	149
0	13	147
0	13	151
1	-1	150
0	22	129
0	41	150
0	-1	150
0	-1	150
0	26	150
3	18	150
0	10	147
1	-1	150
0	13	150
0	10	147
0	13	150
0	20	149
0	18	150
0	-1	150
2	14	147
2	9	150
0	14	125
1	12	147
0	-1	149
0	-1	100
1	21	150
2	-1	150
0	9	150
0	8	149
0	15	150
0	17	150
0	-1	150
1	-1	150
1	-1	151
0	-1	148
1	18	149
0	15	146
1	-1	150
1	-1	146
0	20	136
0	-1	150
0	19	150
0	14	135
0	30	145
1	15	145
0	10	141
1	-1	150
3	-1	132
0	35	145
0	-1	149
1	-1	150
1	-1	143
0	23	150
0	-1	149
0	-1	129
0	-1	149
0	9	149
0	-1	151
0	14	149
1	20	143
0	10	131
0	19	150
0	-1	151
0	17	143
0	14	149
0	-1	150
0	-1	151
5	14	150
2	-1	150
2	-1	150
1	-1	147
0	18	149
0	20	130
0	20	149
0	-1	150
2	15	150
0	-1	150
0	-1	149
0	-1	150
0	16	150
1	-1	148
1	-1	149
0	12	150
0	-1	150
0	-1	151
0	11	150
0	27	149
2	14	149
2	-1	150
1	-1	141
2	24	136
0	-1	150
0	11	120
0	34	150
0	31	150
0	35	146
0	11	148
0	-1	135
0	12	141
0	12	138
0	-1	150
0	-1	151
0	-1	150
0	-1	149
1	-1	126
1	-1	149
0	-1	150
0	22	149
0	12	150
0	21	150
1	-1	151
1	16	151
0	9	150
0	15	150
0	15	130
0	-1	151
1	-1	147
0	-1	148
0	9	121
0	-1	150
0	14	151
0	-1	150
0	11	138
0	19	150
0	-1	151
0	14	150
0	7	147
1	7	151
0	25	151
0	20	146
0	10	150
0	16	150
0	10	148
0	37	150
0	39	150
1	36	138
1	17	147
0	-1	150
0	-1	145
0	-1	148
1	21	150
0	-1	151
0	-1	148
0	17	138
1	17	150
0	-1	149
0	17	121
0	16	142
1	-1	147
1	-1	147
1	-1	150
0	-1	138
1	-1	150
0	-1	150
2	16	149
0	17	126
0	-1	150
0	-1	148
0	-1	121
0	11	144
1	17	145
1	-1	147
0	-1	150
0	-1	119
0	12	104
0	31	151
1	-1	150
1	18	150
0	-1	150
0	11	146
0	18	148
1	-1	138
0	-1	133
0	-1	128
0	11	102
0	23	147
0	-1	148
0	14	150
0	-1	150
0	16	148
0	18	151
0	21	147
0	13	145
0	13	137
0	27	151
0	15	151
0	10	122
0	10	149
0	24	151
0	31	151
1	-1	149
0	14	143
1	16	146
0	-1	150
1	17	146
0	3	73
0	10	150
0	26	150
1	18	151
0	19	145
0	-1	146
0	22	150
0	9	150
1	11	148
0	-1	147
0	22	150
1	19	150
1	16	142
1	9	126
2	12	139
1	15	147
1	12	148
0	-1	150
0	8	150
1	-1	150
3	-1	148
2	12	141
0	18	149
2	18	141
1	14	151
2	12	104
1	-1	148
0	10	127
0	14	150
1	16	149
1	16	147
2	-1	143
0	12	124
0	11	97
0	13	141
0	-1	150
0	-1	150
1	-1	150
1	16	150
0	17	151
1	12	106
0	10	150
0	-1	126
0	9	149
0	17	150
1	-1	141
0	16	148
38	49	150
0	-1	149
0	13	150
1	20	150
0	-1	151
1	16	151
0	-1	150
0	44	150
0	13	150
1	16	148
0	14	151
0	12	146
0	-1	136
0	8	124
0	10	150
0	23	150
0	25	148
0	17	150
0	-1	150
0	12	150
0	16	151
0	18	150
0	17	151
1	23	150
1	13	150
0	25	146
0	17	151
1	-1	150
0	40	148
0	18	150
0	-1	151
0	-1	147
0	11	100
1	-1	141
2	-1	130
0	-1	150
0	-1	150
0	12	150
0	14	142
0	-1	86
0	15	150
0	27	148
0	11	150
1	13	149
2	20	150
2	-1	145
0	15	150
0	19	150
0	15	145
0	-1	145
1	30	149
0	15	150
0	-1	145
0	-1	130
0	-1	148
0	18	150
0	9	149
1	-1	151
0	-1	149
0	30	123
0	17	140
0	36	150
0	-1	150
0	-1	150
0	6	149
1	10	151
1	17	150
0	8	147
0	17	149
0	12	145
0	11	150
0	15	150
0	14	150
0	-1	139
0	-1	150
0	13	151
1	27	140
1	20	150
2	23	143
0	16	90
0	20	150
0	13	150
0	-1	150
0	14	150
0	16	151
2	10	151
2	-1	150
0	13	151
0	20	150
0	14	151
0	-1	150
1	-1	149
0	18	151
0	-1	145
0	-1	148
0	-1	147
1	17	143
0	22	150
0	17	150
0	21	150
0	-1	151
0	-1	144
0	15	150
0	23	151
0	-1	151
0	-1	150
0	19	150
0	11	150
0	13	150
0	-1	149
0	-1	149
0	20	151
1	21	150
0	18	150
0	-1	150
0	-1	150
0	10	103
0	17	147
1	12	150
0	16	134
0	-1	148
1	16	145
0	-1	150
0	-1	148
1	-1	138
0	27	150
0	9	145
0	-1	149
0	-1	148
0	-1	146
0	18	150
0	16	150
0	11	151
0	-1	151
0	8	143
0	18	146
0	10	150
1	21	150
1	38	150
0	-1	151
0	14	147
1	12	145
1	-1	150
1	20	151
1	-1	121
0	16	127
0	36	150
0	17	151
0	33	150
0	15	149
0	17	151
0	9	150
0	34	150
0	-1	145
1	25	141
0	-1	141
0	14	138
0	15	150
0	21	143
0	-1	150
2	12	150
1	37	149
0	16	150
0	15	150
0	13	146
0	13	150
1	16	151
0	39	140
0	19	146
0	18	147
0	-1	130
0	-1	150
0	-1	150
0	-1	147
0	17	141
0	-1	150
0	-1	151
3	-1	150
1	20	150
1	-1	131
0	12	150
0	12	150
0	14	150
2	20	149
0	-1	149
0	14	150
0	-1	150
1	34	150
0	15	150
0	35	151
1	12	151
0	6	146
1	20	150
0	10	140
0	20	150
2	-1	148
0	21	148
1	16	150
0	18	147
1	-1	150
0	-1	151
1	19	150
0	10	149
1	28	150
0	-1	140
1	23	150
0	13	137
1	6	150
0	-1	147
1	-1	150
0	24	150
2	-1	150
1	12	146
0	-1	147
1	24	151
0	16	149
1	16	150
0	16	142
1	-1	147
0	10	150
1	21	116
1	15	147
1	-1	118
0	6	150
0	-1	150
0	29	146
1	-1	150
0	13	150
1	13	150
0	-1	150
0	-1	148
0	14	147
0	-1	150
0	11	139
0	18	150
1	16	150
1	-1	151
2	-1	147
2	32	150
0	19	151
1	20	149
1	22	150
0	14	141
1	23	145
0	34	146
2	-1	151
0	15	150
0	17	150
0	19	131
1	23	150
0	38	150
1	22	149
1	-1	147
1	24	151
0	22	149
0	18	151
1	26	149
0	22	148
0	-1	140
0	13	144
0	17	146
1	7	150
0	11	150
0	-1	145
3	22	150
1	21	150
2	13	146
0	25	151
0	11	150
3	-1	150
0	41	150
1	14	150
1	13	150
0	10	151
0	-1	115
1	25	150
0	-1	150
0	12	150
1	14	150
1	20	151
1	9	150
0	16	141
1	20	148
0	16	151
0	-1	150
0	16	140
0	-1	146
3	-1	132
0	13	150
0	19	150
0	14	150
1	-1	150
0	10	150
0	-1	150
0	24	150
0	13	149
0	-1	151
0	11	149
0	-1	150
0	13	150
0	10	151
0	-1	148
1	-1	150
0	19	148
0	14	150
1	-1	150
4	21	150
0	40	150
0	34	150
2	-1	151
0	-1	149
0	-1	146
0	14	142
1	12	150
0	15	150
0	-1	150
1	20	150
0	21	144
0	19	147
0	30	142
0	13	149
1	8	151
0	-1	149
0	-1	150
0	11	132
0	16	120
1	17	148
0	11	150
0	-1	149
1	17	150
1	11	150
1	-1	150
0	12	150
1	9	150
0	-1	150
0	6	150
0	20	146
1	37	150
0	34	150
0	7	148
0	10	138
0	37	150
0	13	150
2	-1	150
0	19	98
0	16	150
1	-1	149
0	19	150
0	-1	148
1	-1	151
1	22	150
1	-1	149
0	19	150
0	18	150
0	19	147
0	12	150
1	-1	130
0	-1	151
0	-1	138
0	14	150
0	12	150
0	21	129
1	13	147
1	-1	138
0	12	148
0	12	150
0	13	151
1	-1	150
0	17	150
1	-1	149
0	-1	151
0	-1	150
0	19	148
0	29	144
0	-1	150
0	15	147
0	16	144
1	17	130
0	12	149
1	-1	133
0	-1	151
2	12	147
0	23	150
0	16	149
0	18	150
1	15	147
0	12	150
1	15	149
1	-1	146
2	11	148
0	8	143
0	-1	149
0	18	149
0	-1	143
1	-1	151
0	-1	150
2	-1	151
0	-1	150
1	19	151
1	-1	147
1	18	151
0	16	146
1	21	150
0	19	150
0	28	142
0	15	150
0	18	145
2	-1	150
2	17	150
2	23	150
0	14	150
0	19	150
0	17	143
0	9	149
0	16	105
0	-1	150
1	-1	151
0	13	150
0	14	145
0	-1	141
0	-1	147
0	21	150
0	15	149
0	13	144
1	20	150
1	25	150
0	12	143
0	10	145
0	-1	150
0	-1	150
0	17	144
2	-1	147
0	41	145
0	15	146
0	11	150
2	20	151
0	23	149
2	37	148
0	-1	150
0	10	149
1	16	150
0	-1	137
0	13	149
0	18	150
0	17	150
0	-1	147
0	-1	150
0	-1	149
0	14	149
0	14	136
0	15	150
0	11	150
0	-1	149
0	10	147
0	14	150
1	21	150
0	10	149
1	13	146
0	7	148
0	15	144
0	-1	146
0	-1	148
0	17	142
0	-1	149
0	-1	149
0	21	150
0	13	132
0	18	150
1	14	150
0	7	150
0	13	151
0	13	149
0	-1	148
0	39	149
0	-1	150
34	37	82
0	24	150
0	34	149
0	15	149
1	10	150
3	14	150
0	15	142
2	16	150
0	21	143
0	-1	151
1	-1	150
0	7	113
0	21	148
0	32	150
0	13	149
0	7	150
0	14	150
1	-1	150
2	19	150
0	-1	150
1	-1	137
0	-1	147
0	35	150
46	48	101
1	32	150
0	11	127
0	-1	150
0	-1	150
0	6	66
0	16	150
1	-1	150
0	32	129
0	-1	148
0	9	150
0	13	139
1	-1	150
0	-1	148
0	30	150
1	18	150
1	-1	150
0	-1	151
0	-1	148
0	18	146
0	15	149
1	-1	127
1	-1	148
1	20	150
1	16	150
0	-1	132
0	12	149
0	28	150
0	16	151
0	-1	150
0	-1	151
0	19	150
0	9	146
1	10	138
0	-1	148
0	16	150
0	-1	150
1	-1	150
1	16	134
1	16	149
2	20	148
1	-1	146
0	-1	150
2	16	125
0	13	146
0	22	150
1	-1	150
1	-1	151
0	14	151
0	12	150
0	11	150
0	-1	147
0	16	150
1	19	150
0	-1	150
0	-1	150
0	-1	150
1	16	121
0	16	146
0	12	149
0	22	151
1	-1	148
0	35	150
0	30	148
1	-1	148
0	13	150
0	-1	146
2	-1	150
1	-1	151
0	-1	151
0	12	149
0	14	150
0	17	150
1	23	151
0	24	149
1	-1	150
0	-1	146
0	-1	150
0	17	150
1	14	150
2	15	149
0	-1	146
0	15	150
1	16	143
0	11	150
0	-1	150
0	14	150
0	16	150
1	-1	122
0	-1	150
0	31	149
1	-1	149
1	16	149
0	25	151
0	18	124
0	13	138
0	9	117
0	11	150
1	-1	150
1	-1	150
0	-1	147
0	13	150
0	13	150
1	-1	150
1	-1	139
0	14	148
0	15	143
0	18	117
0	-1	150
1	14	130
0	7	148
0	15	143
0	32	150
0	-1	150
1	37	150
1	19	151
0	15	150
0	-1	149
0	16	150
0	15	151
0	25	151
0	21	139
0	16	148
1	-1	150
0	6	151
0	-1	143
0	-1	132
0	22	142
0	14	150
0	27	151
0	20	121
0	-1	150
0	16	150
2	-1	150
3	-1	146
1	28	148
0	11	148
0	11	146
0	17	151
0	-1	132
0	-1	147
1	22	120
0	-1	150
3	14	150
0	12	130
0	-1	150
0	9	150
1	15	149
0	-1	150
0	-1	150
0	15	146
0	-1	150
0	21	151
0	14	150
0	18	150
0	-1	148
0	20	150
0	-1	150
1	-1	146
2	-1	147
0	15	138
0	-1	149
0	18	149
0	13	142
0	-1	149
0	10	147
1	16	148
0	13	145
0	9	151
0	13	147
0	-1	143
0	-1	141
0	12	138
0	-1	149
0	17	149
1	-1	150
0	35	149
0	-1	149
1	18	150
0	35	149
0	-1	150
0	19	151
0	15	149
0	26	150
0	14	149
1	-1	148
0	-1	151
0	20	150
0	-1	150
1	19	147
0	18	151
0	-1	150
0	13	145
0	15	118
0	-1	146
0	-1	150
0	13	130
0	-1	150
0	24	150
0	-1	144
0	15	142
0	-1	150
0	-1	143
0	19	141
0	33	147
0	17	151
0	27	150
0	11	133
0	-1	149
1	9	136
1	-1	147
0	16	148
0	-1	150
3	15	149
0	-1	151
0	16	147
0	11	150
0	-1	144
0	18	129
2	20	149
0	-1	147
0	12	148
0	12	150
0	-1	151
0	13	141
3	15	151
0	-1	148
0	-1	151
0	-1	150
0	17	150
0	12	142
1	17	150
0	23	150
0	-1	148
0	13	149
1	16	149
1	16	150
0	18	150
0	14	150
1	21	150
0	-1	150
1	13	136
0	-1	151
0	-1	150
1	17	146
0	17	150
0	18	125
0	16	147
0	-1	149
0	16	132
0	12	149
0	-1	149
2	17	150
0	19	121
0	14	150
0	22	150
1	-1	149
1	15	146
1	24	150
0	17	150
0	15	150
0	-1	150
1	-1	140
0	15	150
0	25	109
0	17	150
0	13	142
0	15	150
0	30	146
0	14	148
0	15	144
0	-1	150
0	12	133
0	15	149
3	14	148
0	8	137
0	14	150
1	17	151
1	17	150
0	-1	148
1	19	146
2	-1	150
0	16	150
0	-1	150
0	16	123
1	16	150
0	-1	147
1	18	147
0	-1	145
0	32	145
0	9	150
0	15	147
2	-1	150
0	-1	149
0	-1	105
1	6	150
0	16	150
1	26	143
0	15	146
0	14	150
0	19	150
1	11	128
1	20	144
0	16	123
2	22	150
0	14	145
0	15	136
0	17	151
1	-1	146
0	16	151
0	-1	150
0	20	149
1	14	146
0	10	91
0	43	147
0	-1	149
0	11	109
0	19	150
0	21	150
2	23	146
1	14	146
1	-1	150
0	8	138
0	13	150
1	-1	150
1	-1	151
0	19	150
0	20	147
0	-1	150
0	14	138
0	15	150
1	-1	149
1	-1	150
0	5	64
0	10	132
1	-1	149
0	-1	150
0	-1	150
0	9	126
1	-1	151
0	13	151
0	-1	150
0	20	150
0	15	150
0	-1	142
1	12	150
0	16	114
1	14	150
2	17	149
1	-1	150
0	9	111
1	10	127
0	-1	150
1	17	141
0	-1	150
1	-1	135
0	-1	150
0	20	150
0	21	151
1	19	150
1	-1	150
1	7	138
0	14	115
2	23	150
0	17	150
0	16	150
1	21	150
1	19	148
0	13	148
0	26	147
0	-1	150
0	19	151
2	-1	150
0	-1	149
0	-1	138
0	8	77
2	22	150
0	5	150
0	13	95
0	18	149
0	12	150
0	-1	149
0	28	150
1	-1	105
0	14	150
0	18	151
0	11	111
0	-1	131
0	-1	137
0	-1	148
41	59	149
0	14	135
0	21	150
0	11	147
0	-1	151
0	-1	150
0	-1	149
1	20	144
1	16	125
0	-1	150
0	27	146
0	12	122
1	16	140
0	17	151
0	10	150
1	17	95
0	-1	147
0	13	148
0	14	148
0	17	150
0	17	151
0	-1	150
1	15	146
0	16	150
0	-1	150
0	20	146
1	9	147
2	-1	148
0	-1	147
1	11	146
1	-1	151
1	-1	146
0	7	84
0	17	150
0	8	72
0	11	150
1	16	147
0	4	115
1	17	145
1	21	145
1	17	148
0	-1	148
0	10	148
0	12	151
2	-1	141
0	21	150
0	-1	145
1	9	150
0	28	150
0	13	135
0	18	147
0	13	149
0	15	143
1	13	142
0	15	144
0	16	149
1	25	146
0	-1	146
1	7	107
0	11	150
1	-1	151
0	8	146
0	8	144
0	11	133
0	-1	150
0	-1	149
0	7	93
0	9	150
1	-1	150
1	-1	147
0	-1	149
0	17	138
0	12	147
0	8	146
2	16	151
0	-1	140
0	-1	151
0	15	147
2	17	147
1	26	150
2	22	148
1	-1	147
0	-1	112
1	-1	150
0	22	150
1	17	150
1	7	142
0	10	151
0	8	144
0	-1	151
0	4	126
0	12	147
1	18	124
1	14	150
0	15	141
1	-1	145
0	-1	151
0	16	150
0	-1	144
0	14	140
0	-1	149
0	5	95
1	16	151
0	9	150
0	-1	147
0	13	114
1	-1	150
0	19	149
1	21	149
0	13	138
0	-1	149
0	12	148
0	-1	148
0	18	149
0	15	150
1	-1	148
1	11	128
1	12	149
0	11	150
0	-1	139
1	29	148
0	19	143
0	-1	148
0	19	122
0	10	149
0	14	146
0	18	148
0	17	150
0	23	151
0	14	150
1	17	150
1	15	150
1	13	132
1	22	150
0	13	131
1	16	134
1	-1	149
1	16	151
2	20	150
1	12	151
0	12	120
1	17	142
0	14	94
0	18	148
1	-1	141
0	10	149
1	5	67
0	21	150
0	14	150
0	31	134
1	15	151
0	-1	150
1	27	150
0	-1	149
0	-1	150
0	25	150
0	15	150
0	-1	143
2	23	150
0	12	138
0	-1	150
0	17	150
1	8	130
0	11	148
0	21	145
0	-1	150
0	15	134
0	21	149
0	-1	149
1	-1	73
0	18	150
0	13	124
0	14	119
0	41	151
0	14	145
0	11	150
0	18	151
1	9	149
0	16	145
1	-1	149
2	19	143
2	-1	142
1	-1	150
0	15	149
0	17	150
0	20	141
2	-1	136
1	16	150
0	14	146
0	-1	149
0	14	148
1	-1	149
0	-1	136
1	-1	150
0	14	151
0	-1	130
2	21	147
1	-1	151
0	-1	132
1	18	151
0	13	150
0	15	150
1	-1	146
0	6	117
0	-1	149
0	30	146
2	-1	149
0	11	151
0	18	150
0	14	131
0	-1	149
1	-1	136
0	14	149
0	11	71
1	-1	150
0	8	118
0	13	149
0	34	148
1	18	150
1	13	149
0	21	150
0	12	150
0	-1	149
0	14	130
0	42	147
0	10	145
0	-1	147
0	12	145
1	14	136
0	16	150
0	12	150
0	-1	150
0	-1	150
0	18	149
0	17	150
0	13	113
2	14	122
0	6	147
1	-1	143
1	17	130
0	10	146
0	-1	146
1	13	124
1	12	125
0	8	119
0	28	149
0	13	150
0	13	150
0	10	151
0	-1	144
0	11	144
0	13	147
0	18	150
0	6	129
0	17	151
1	16	122
0	18	149
0	15	151
0	14	150
0	-1	150
0	-1	150
0	26	145
0	-1	150
0	-1	149
0	11	148
1	32	150
0	14	151
0	-1	147
0	12	117
0	16	119
2	41	147
0	-1	149
1	-1	149
1	19	151
2	21	149
0	17	122
0	15	149
2	17	149
0	-1	134
0	-1	150
0	11	139
0	21	145
1	9	143
0	-1	150
0	10	150
0	-1	141
1	10	143
1	-1	151
0	13	150
0	16	146
0	29	150
0	20	145
0	-1	150
1	10	150
0	42	150
1	18	151
0	8	151
0	14	150
0	-1	150
0	-1	151
0	18	151
1	-1	120
2	21	150
0	15	151
0	15	150
1	12	101
1	-1	145
0	9	129
0	-1	142
0	14	148
0	16	150
0	16	146
0	13	150
0	12	150
0	26	129
0	18	149
0	16	144
0	11	141
1	25	123
0	15	150
1	-1	143
1	-1	150
0	-1	150
1	9	150
1	31	150
0	11	151
0	15	148
0	23	150
1	22	150
0	12	130
0	17	150
0	18	150
1	13	150
0	12	150
0	20	151
1	25	126
1	-1	150
0	19	148
1	16	149
1	-1	149
0	10	135
0	11	144
0	26	135
0	20	148
0	-1	150
0	13	137
0	17	150
1	15	151
0	41	148
1	4	134
1	13	150
2	-1	150
0	15	150
1	15	150
0	-1	149
0	-1	150
0	13	147
0	-1	150
0	19	141
0	7	151
0	-1	149
1	-1	149
0	-1	117
0	18	143
1	-1	150
0	18	148
1	20	129
1	16	150
0	19	148
0	18	149
0	-1	136
0	24	151
0	12	147
0	-1	106
0	-1	131
0	15	146
0	17	150
1	22	150
0	33	102
0	-1	151
0	31	149
0	-1	149
1	18	148
1	12	150
1	40	147
0	2	74
0	15	148
1	20	120
0	15	150
0	18	150
3	-1	143
0	-1	122
0	14	128
1	18	150
0	30	149
0	13	144
2	-1	149
1	-1	150
1	2	146
2	-1	147
1	14	148
1	12	149
1	16	138
0	18	151
0	27	150
0	18	150
0	15	151
1	-1	150
3	44	150
1	15	99
1	14	149
0	-1	143
0	9	151
0	20	148
0	19	150
1	-1	141
1	7	148
0	11	151
0	7	115
0	17	142
0	18	144
0	-1	150
0	-1	139
0	-1	150
10	21	151
0	16	147
1	-1	149
1	-1	149
0	-1	150
2	35	144
0	-1	150
0	28	151
0	-1	143
0	22	146
0	24	143
1	9	149
0	-1	150
1	7	69
3	-1	146
1	-1	122
0	16	150
0	-1	150
0	11	150
0	-1	151
0	-1	150
1	-1	134
0	-1	145
0	-1	149
0	16	146
0	-1	135
1	16	134
1	18	150
0	25	142
3	15	146
1	-1	105
1	-1	151
0	-1	150
1	-1	148
0	41	149
1	13	150
0	-1	147
1	-1	147
1	13	122
0	-1	111
0	-1	150
0	13	130
1	-1	143
1	-1	137
0	20	150
1	17	147
0	25	149
0	-1	130
0	-1	150
0	-1	148
1	17	151
0	25	149
0	15	149
0	15	150
2	12	150
2	28	129
0	17	150
0	-1	150
0	16	148
0	16	144
0	-1	133
2	-1	150
1	11	150
0	-1	150
0	-1	150
0	25	150
0	21	149
0	-1	149
0	20	144
0	18	148
2	-1	148
1	20	149
1	30	149
1	-1	150
1	24	151
0	-1	144
0	11	150
0	-1	149
0	15	150
0	19	150
0	19	149
2	-1	144
1	14	149
1	-1	150
0	17	149
0	-1	150
0	-1	150
1	-1	105
0	-1	150
0	15	147
0	37	150
0	11	151
0	6	150
0	-1	125
0	26	151
0	-1	149
0	-1	147
0	-1	145
0	13	150
0	-1	96
0	31	149
2	-1	150
0	28	147
1	30	150
0	10	147
0	13	150
0	18	150
0	-1	150
0	23	150
0	11	124
0	18	150
0	-1	150
1	-1	151
1	-1	139
0	-1	149
1	-1	140
2	12	146
0	15	151
1	11	93
0	14	150
0	15	151
0	18	144
1	17	148
0	-1	129
0	26	149
0	12	140
0	20	150
0	-1	151
1	11	148
0	17	148
0	31	141
1	13	149
1	12	149
0	-1	130
0	9	85
0	22	145
1	-1	130
2	19	150
1	16	150
0	-1	150
0	17	150
0	-1	130
0	17	150
1	-1	148
1	19	139
1	40	150
1	-1	148
0	22	150
0	15	144
1	13	151
0	16	149
1	-1	150
0	16	150
0	10	148
0	-1	150
1	10	135
0	15	150
1	-1	150
0	-1	137
1	23	151
1	17	143
0	12	142
2	-1	149
1	12	150
1	10	143
0	17	149
1	-1	115
1	16	127
0	16	145
1	-1	149
1	11	135
0	13	150
0	-1	150
1	15	150
0	21	150
0	-1	145
1	21	133
0	-1	149
1	21	147
1	-1	148
1	13	114
0	13	148
0	12	148
0	16	147
0	43	147
0	11	150
0	-1	150
1	-1	145
0	18	148
0	-1	142
0	-1	147
0	18	148
0	-1	150
1	-1	133
1	19	149
1	13	135
0	14	142
2	-1	148
1	-1	149
0	14	135
0	23	150
0	12	150
0	-1	148
1	-1	148
1	16	150
0	-1	148
0	12	150
1	13	151
0	19	122
0	17	150
1	25	150
0	-1	150
1	9	151
0	-1	150
0	34	150
0	-1	150
0	-1	147
1	-1	147
0	15	145
0	20	148
0	15	150
0	35	145
0	21	150
0	25	151
0	15	140
1	20	150
0	20	123
1	-1	150
0	18	148
1	25	151
0	9	124
0	-1	146
1	-1	150
0	19	151
0	7	145
0	-1	150
0	-1	149
0	8	149
1	-1	151
0	19	147
0	24	141
0	13	150
0	-1	128
0	-1	150
1	-1	139
1	-1	150
3	-1	142
1	10	150
2	20	139
1	-1	150
1	19	151
0	16	150
0	5	134
2	33	149
0	11	142
0	5	130
0	14	150
0	18	149
0	2	150
0	25	149
0	-1	150
0	15	151
0	16	150
0	9	146
0	15	150
1	-1	150
0	13	149
2	-1	149
17	25	62
1	17	142
0	-1	147
0	22	150
1	-1	148
0	14	150
0	-1	147
0	18	150
0	10	150
0	-1	150
1	-1	140
0	-1	150
0	7	150
0	-1	143
0	-1	150
0	18	150
0	-1	131
0	13	141
1	14	151
0	14	151
0	-1	150
1	8	151
1	-1	148
0	-1	134
0	16	150
0	18	150
0	8	120
1	14	131
0	15	150
0	15	145
0	15	149
0	20	149
1	13	147
2	-1	133
0	15	150
0	-1	150
1	18	145
2	19	150
0	12	106
0	12	126
1	-1	134
0	20	150
0	14	150
3	18	151
0	21	148
0	13	150
0	-1	150
0	-1	149
0	17	151
0	-1	150
0	15	150
0	14	145
1	43	151
0	12	138
1	20	150
0	15	128
0	9	150
0	12	151
0	22	148
0	-1	142
0	18	150
1	15	109
0	11	150
1	14	150
1	-1	149
0	19	149
1	-1	150
0	16	147
0	16	151
1	13	143
0	13	120
0	10	114
0	-1	148
1	20	151
0	15	123
0	-1	132
0	14	150
0	10	150
0	17	150
1	-1	149
2	13	123
0	45	150
3	17	145
0	-1	149
0	-1	150
0	23	123
1	-1	150
0	17	145
1	18	151
0	12	149
0	11	150
0	9	138
0	11	151
0	12	144
1	21	149
0	15	147
0	12	146
0	-1	151
0	-1	117
0	12	150
0	13	84
0	16	147
0	16	151
1	12	150
35	40	103
0	13	144
0	14	149
0	-1	139
0	14	149
1	-1	147
1	16	149
0	-1	149
0	17	150
0	14	146
0	27	145
0	-1	140
0	19	149
2	13	149
0	18	148
0	18	150
0	28	123
0	16	147
1	25	151
0	14	144
0	15	150
0	20	149
1	-1	149
2	17	148
0	20	149
0	16	151
0	16	151
0	10	151
0	-1	149
1	-1	144
0	-1	146
0	19	150
0	15	148
0	23	148
0	8	149
1	35	151
1	-1	150
0	17	150
1	-1	148
0	15	147
1	10	148
0	10	125
0	9	125
0	14	149
1	16	151
0	29	128
0	-1	150
0	15	151
1	9	114
1	14	134
3	-1	145
0	-1	148
1	8	93
0	-1	128
0	14	147
0	17	141
0	18	151
1	6	110
1	16	150
0	-1	143
0	13	151
0	-1	142
0	18	150
0	13	151
0	17	125
0	-1	133
0	13	150
0	-1	137
1	-1	150
0	14	141
1	17	150
0	16	146
0	13	135
2	9	123
0	16	149
0	17	123
0	-1	150
1	-1	144
1	15	135
0	17	150
1	8	146
1	-1	115
0	-1	146
1	-1	150
0	-1	149
0	-1	148
0	9	150
0	11	150
0	-1	151
1	27	149
0	17	146
1	32	151
0	21	149
0	-1	148
0	15	149
0	11	144
0	-1	147
11	39	140
0	13	150
0	15	145
0	15	150
0	-1	149
0	12	127
1	-1	151
0	-1	148
0	-1	150
0	17	146
0	16	148
1	-1	149
0	11	118
1	-1	133
1	17	150
0	12	151
0	14	150
0	14	148
0	17	150
0	19	149
1	19	151
3	15	113
0	5	151
0	11	149
1	-1	151
0	-1	149
1	-1	133
0	17	148
0	12	148
0	28	149
1	18	151
0	-1	143
0	10	133
1	27	150
0	14	93
1	-1	151
0	18	150
0	12	120
0	18	146
0	17	150
0	14	150
0	15	127
0	-1	138
0	-1	144
0	27	150
0	12	149
0	17	150
1	-1	149
0	14	151
0	42	150
1	28	147
0	22	150
0	12	150
1	21	125
0	10	123
0	12	122
0	-1	148
0	14	150
0	23	148
1	-1	149
2	20	149
0	-1	150
0	17	150
0	14	150
1	14	150
0	-1	150
2	-1	151
0	-1	150
0	19	151
0	23	147
1	11	150
0	22	150
0	-1	150
0	20	147
0	24	148
0	-1	141
0	25	151
2	15	150
0	7	150
0	-1	123
0	18	149
1	16	148
0	-1	151
0	17	151
1	-1	150
0	14	150
0	17	150
0	-1	146
0	9	104
1	23	150
0	22	150
0	25	150
0	7	66
0	-1	150
0	-1	150
0	5	145
0	22	150
0	19	150
0	35	149
0	21	151
0	-1	118
1	-1	151
2	13	148
0	24	151
1	14	150
0	13	150
0	20	151
0	-1	150
0	11	139
0	27	149
0	19	147
1	34	150
0	17	147
0	17	150
0	14	127
1	-1	150
0	-1	150
0	13	103
0	-1	151
0	-1	146
0	21	149
1	12	150
0	23	150
0	-1	150
0	21	148
0	-1	150
0	-1	150
0	37	150
0	18	150
0	14	150
2	18	149
1	-1	150
0	14	133
0	-1	147
1	25	151
0	14	146
1	15	133
0	-1	151
1	16	147
0	23	150
0	17	150
0	-1	141
0	23	151
0	18	150
0	-1	150
0	16	151
2	-1	129
0	-1	148
0	18	150
0	13	147
0	23	150
0	23	149
1	14	149
0	21	135
1	-1	123
1	16	150
1	-1	147
1	30	150
0	-1	150
1	22	147
0	15	150
0	17	142
1	-1	146
1	17	124
1	15	150
0	13	147
0	-1	150
1	13	147
0	18	146
1	14	124
2	19	144
0	14	149
0	-1	113
1	-1	149
1	20	149
0	33	149
0	14	150
0	10	150
1	15	148
0	15	144
0	-1	150
0	12	150
0	20	145
0	15	121
1	-1	146
0	14	143
0	16	150
0	-1	125
0	-1	149
0	16	150
0	14	135
0	-1	149
1	-1	151
1	18	150
0	-1	141
0	15	147
0	14	115
0	13	149
1	11	149
1	17	150
0	-1	150
0	20	149
0	16	150
0	20	150
0	12	149
0	27	120
1	17	150
1	-1	150
1	6	150
0	-1	108
0	12	148
0	8	150
0	-1	145
0	-1	145
1	-1	148
1	-1	149
1	12	150
0	-1	148
0	-1	149
0	24	151
1	-1	150
0	-1	145
1	14	150
1	17	145
1	7	150
0	14	150
0	18	139
0	-1	150
0	18	150
0	10	150
1	-1	150
1	-1	149
1	11	151
0	19	151
0	19	149
0	14	150
1	24	150
0	19	150
0	9	145
1	19	147
0	13	147
0	-1	150
2	-1	150
1	-1	150
0	18	148
0	25	149
0	-1	150
0	-1	138
1	33	150
0	-1	147
0	17	150
0	-1	150
0	18	149
1	-1	149
2	-1	151
2	16	150
0	-1	145
0	14	149
1	8	149
1	18	150
0	-1	148
0	21	149
0	15	147
1	29	132
0	12	146
0	21	151
0	8	150
1	12	150
0	-1	148
0	13	151
1	20	151
1	-1	145
1	-1	151
0	11	149
0	-1	150
1	-1	121
0	20	150
0	-1	150
1	20	120
0	15	141
0	18	151
0	16	151
0	13	149
0	18	150
0	24	150
1	-1	138
0	14	148
1	16	149
0	25	149
0	-1	133
0	18	149
2	-1	150
0	-1	147
0	15	149
0	11	121
0	11	150
1	-1	150
0	19	150
0	36	138
0	16	146
1	34	144
0	-1	150
0	5	136
1	19	151
0	16	117
1	13	150
0	14	149
0	16	128
0	13	151
0	6	150
0	-1	134
0	14	148
1	16	151
2	21	150
0	-1	150
1	-1	147
1	16	151
1	13	150
0	22	149
0	20	150
0	-1	150
0	13	96
0	11	148
0	11	150
1	-1	144
0	-1	150
0	-1	140
1	17	134
0	-1	150
0	-1	150
0	-1	150
0	26	149
1	33	150
0	16	150
0	18	135
0	-1	150
0	13	124
0	-1	137
0	11	151
0	17	147
1	18	150
0	11	150
0	12	151
2	-1	148
0	13	151
1	-1	151
0	10	150
0	15	151
1	-1	151
0	12	149
0	-1	142
0	19	129
0	7	150
0	30	150
0	23	145
0	10	149
1	13	107
2	25	150
1	-1	148
0	21	150
1	16	151
0	23	148
0	-1	150
0	16	147
0	10	147
0	-1	150
1	6	149
0	11	136
1	45	150
0	19	150
0	32	149
0	8	131
1	-1	149
0	19	150
1	14	151
0	13	150
0	18	150
1	-1	150
0	-1	150
1	-1	150
1	13	141
1	-1	147
0	17	150
1	-1	147
1	11	129
0	32	150
0	18	150
0	-1	149
0	29	150
1	17	151
0	9	151
0	13	147
1	-1	151
0	14	148
0	-1	124
0	13	144
1	20	151
2	-1	147
0	15	149
1	17	147
0	7	150
1	14	150
0	22	149
1	12	147
1	-1	136
0	-1	133
1	-1	151
1	14	149
1	-1	150
0	9	150
0	-1	151
0	10	133
0	-1	145
0	-1	151
0	19	148
2	-1	147
0	-1	150
1	-1	144
0	21	114
0	12	148
0	20	148
1	-1	147
0	12	122
1	-1	147
1	-1	151
2	-1	150
0	1	151
0	5	67
0	16	85
1	-1	150
1	31	147
3	9	99
1	-1	150
0	13	151
1	17	150
0	17	150
0	14	150
1	-1	149
1	12	148
1	17	123
0	-1	150
1	14	133
0	19	148
0	32	150
0	25	147
0	14	150
0	-1	148
2	10	150
0	8	143
1	13	150
0	10	150
0	14	150
1	12	147
0	18	146
1	18	148
0	17	150
0	-1	111
0	20	150
1	-1	151
0	20	151
1	20	151
0	18	148
0	20	149
2	-1	150
0	-1	151
0	15	127
0	10	133
0	39	150
0	-1	145
1	14	127
0	15	146
0	13	151
0	16	132
1	14	108
0	-1	124
1	18	144
0	14	116
2	19	145
0	-1	150
1	23	145
1	14	140
0	-1	148
0	13	143
0	-1	150
1	-1	150
2	-1	150
0	-1	148
0	8	151
0	13	138
0	24	138
0	-1	148
1	-1	149
0	-1	148
0	19	149
0	8	148
0	12	127
0	11	110
1	-1	150
1	-1	149
0	-1	149
0	14	150
0	17	145
1	11	148
0	7	147
0	-1	134
1	-1	145
1	-1	149
0	4	150
0	16	146
0	17	150
1	-1	151
2	10	145
1	-1	149
0	19	151
0	12	149
2	-1	150
0	9	150
0	20	151
0	-1	151
0	-1	143
0	-1	141
1	-1	149
0	11	145
0	12	109
0	12	147
2	14	151
0	10	96
0	20	150
0	23	150
1	-1	147
0	16	150
1	-1	150
0	-1	148
0	-1	149
0	-1	148
1	-1	140
0	34	151
0	8	150
1	37	150
0	-1	149
1	-1	133
0	-1	150
0	19	145
0	16	150
1	9	70
0	12	149
3	-1	151
0	12	148
0	17	149
2	19	150
1	6	149
0	21	150
0	9	134
0	9	83
0	12	150
0	24	149
2	35	150
1	16	142
1	-1	135
0	37	150
0	14	145
0	6	144
0	14	150
1	20	149
0	14	149
1	8	130
0	-1	124
0	-1	144
0	15	131
0	8	142
0	-1	149
1	14	150
0	13	146
0	-1	150
2	21	150
1	15	150
0	37	149
0	22	151
0	10	147
0	31	149
0	11	151
0	15	150
1	-1	150
1	21	151
0	18	151
0	32	150
0	-1	150
1	-1	140
0	-1	150
0	20	150
0	-1	134
0	-1	145
0	-1	140
1	18	149
0	16	141
0	-1	151
1	18	151
0	9	149
2	22	151
0	-1	143
0	8	88
0	22	149
0	15	134
0	-1	133
0	17	151
0	-1	129
0	-1	149
0	14	150
1	17	150
0	-1	150
0	-1	149
1	-1	148
0	37	150
0	17	150
1	-1	144
1	-1	147
0	-1	149
0	15	115
1	-1	135
1	-1	147
0	9	149
0	-1	151
2	-1	149
1	19	151
0	13	129
0	12	135
0	16	148
1	23	151
1	-1	117
0	8	67
1	18	139
0	-1	95
0	16	148
0	-1	144
0	14	147
0	19	135
0	15	143
2	23	140
1	15	145
0	18	150
0	6	151
2	43	144
1	10	150
1	29	150
0	17	145
0	-1	151
0	-1	148
0	11	146
1	-1	150
1	18	150
1	10	150
0	14	143
0	17	150
0	14	151
2	-1	148
1	13	136
0	21	146
1	12	145
1	12	136
0	17	149
0	7	147
0	-1	147
1	12	149
1	18	139
1	18	150
0	11	150
1	-1	140
0	-1	146
2	21	149
0	10	149
0	21	140
1	-1	145
0	32	151
0	8	150
0	10	150
0	14	131
0	10	146
0	-1	150
1	21	150
0	-1	150
0	17	150
0	-1	151
0	37	150
0	-1	149
0	20	149
0	19	149
0	12	150
0	-1	150
0	-1	150
0	21	146
0	23	149
0	23	148
2	17	149
2	-1	150
0	19	147
0	8	146
1	-1	147
0	16	150
0	10	150
0	-1	150
0	-1	146
1	14	116
0	20	141
0	12	143
0	17	146
1	24	150
1	-1	149
0	15	143
1	32	151
1	11	149
0	-1	149
1	15	146
0	-1	144
1	-1	127
2	-1	145
0	-1	150
0	18	150
0	18	149
0	-1	151
0	12	149
0	16	150
0	-1	150
1	-1	150
1	17	150
0	18	147
1	39	151
1	-1	133
0	16	150
1	22	151
0	-1	151
0	17	150
0	7	91
0	18	149
0	15	150
0	-1	151
0	17	151
1	15	150
0	15	151
0	-1	148
0	-1	150
1	-1	137
1	20	149
1	11	149
0	14	145
1	16	135
0	15	151
0	12	106
0	18	151
0	20	150
0	-1	151
0	-1	150
0	13	150
1	20	151
1	11	150
1	10	135
0	8	150
0	22	150
1	-1	150
0	13	149
1	14	150
1	21	136
1	-1	149
0	-1	78
1	15	150
1	11	147
0	9	150
0	23	147
0	-1	151
1	-1	143
0	20	141
0	24	109
0	4	144
0	-1	149
0	-1	150
1	30	150
0	17	130
0	-1	146
0	14	145
0	15	150
0	14	151
0	1	88
2	24	151
0	9	149
1	-1	146
0	21	135
0	14	150
1	-1	150
2	-1	149
1	15	146
1	27	150
0	12	139
0	22	150
0	12	150
0	8	149
0	20	149
0	20	151
0	16	149
0	15	148
2	35	150
1	14	149
0	-1	141
1	-1	150
0	-1	150
0	-1	144
0	-1	149
1	14	150
0	17	150
1	8	103
1	16	151
0	20	141
0	14	145
1	-1	150
0	6	140
0	-1	150
0	17	150
0	19	150
0	12	136
0	13	143
0	-1	121
2	-1	149
1	23	150
1	-1	146
0	11	139
0	21	145
1	24	151
0	9	146
0	19	148
0	-1	149
0	15	150
0	-1	148
1	-1	119
1	14	149
0	-1	151
1	14	151
0	13	150
1	-1	149
0	-1	150
1	21	151
0	14	151
0	16	151
0	-1	150
0	14	121
0	-1	150
0	-1	150
3	-1	147
1	-1	131
1	-1	149
0	20	138
0	14	149
0	6	142
1	16	150
0	-1	150
0	8	151
2	-1	150
1	13	149
1	17	149
1	-1	150
0	14	145
0	9	150
0	-1	149
0	11	147
0	16	150
1	15	113
0	19	144
0	30	150
0	11	150
0	19	139
0	16	125
1	18	151
1	-1	150
2	40	147
0	13	150
2	-1	148
0	17	150
1	-1	146
2	21	145
0	-1	150
1	12	150
1	7	151
2	20	149
1	27	148
0	9	151
0	-1	150
0	10	150
1	-1	150
0	14	148
0	22	150
2	13	151
0	20	148
2	-1	134
0	12	147
1	19	148
1	-1	139
1	11	139
0	27	151
3	21	150
0	14	126
0	11	120
0	-1	145
0	-1	149
0	13	145
0	26	150
0	13	137
1	15	149
0	16	150
1	18	151
1	-1	148
0	22	151
0	10	78
0	13	139
0	-1	149
1	-1	150
0	10	135
1	-1	150
1	-1	149
0	-1	146
0	-1	149
0	34	113
0	16	150
0	15	149
0	18	146
0	13	150
0	18	150
0	21	151
0	-1	142
1	14	150
1	36	149
0	12	146
1	-1	122
0	14	141
0	11	117
0	-1	150
1	-1	150
0	-1	150
0	35	150
0	18	150
0	18	151
1	-1	145
0	12	149
0	14	150
0	-1	136
0	16	135
0	-1	150
0	15	134
0	-1	148
1	-1	150
0	11	143
2	-1	151
0	15	124
0	13	92
0	18	148
1	15	150
1	21	151
0	15	150
0	-1	151
1	-1	145
0	11	150
0	-1	149
1	17	145
1	-1	149
0	17	139
0	11	150
1	-1	150
0	-1	151
0	-1	151
1	20	150
0	21	151
1	18	148
1	18	150
1	-1	150
2	36	135
0	15	150
0	-1	140
0	11	150
0	16	150
0	12	150
1	13	95
2	-1	149
0	13	150
1	6	151
1	21	147
0	38	150
0	18	138
0	5	151
0	28	151
1	-1	151
0	13	150
0	24	145
1	33	149
0	-1	143
0	-1	150
0	-1	151
0	12	147
1	19	150
28	41	108
0	16	136
0	15	123
0	-1	127
0	13	149
0	-1	119
0	-1	142
2	-1	136
0	15	143
0	-1	150
1	14	147
1	17	150
0	-1	139
0	14	132
0	7	150
0	11	90
0	-1	113
0	-1	142
0	-1	132
1	-1	150
0	14	150
0	17	120
1	-1	138
0	12	146
0	19	119
0	13	151
0	17	151
0	-1	150
0	35	144
0	16	150
1	-1	141
0	14	151
0	18	144
0	17	150
0	13	151
0	17	150
0	20	150
0	8	118
1	16	147
1	-1	149
0	-1	150
0	-1	150
0	15	150
2	10	150
0	14	147
0	17	149
1	23	150
0	22	150
0	16	150
0	18	147
0	20	116
2	17	150
0	15	150
0	17	151
0	13	148
0	16	149
0	-1	150
0	18	143
0	10	146
0	13	140
0	18	151
1	15	150
0	25	143
0	15	146
0	17	150
1	12	145
0	-1	133
0	-1	150
1	-1	149
0	13	126
1	18	149
0	17	149
1	21	147
1	22	145
0	-1	147
0	22	150
0	13	143
0	-1	150
0	16	150
0	17	150
0	18	148
0	17	147
0	-1	149
0	15	151
0	17	150
0	-1	134
0	14	147
1	17	150
0	19	150
0	17	144
0	-1	150
0	-1	138
0	-1	148
1	16	150
0	11	75
0	15	150
1	17	150
0	15	150
0	12	149
1	34	150
0	-1	149
0	15	149
0	21	149
2	-1	150
3	20	151
0	19	151
1	15	144
0	-1	149
2	-1	144
0	6	150
0	37	149
1	-1	150
0	17	147
0	18	150
0	-1	148
0	-1	151
1	18	147
0	-1	150
0	10	150
0	13	145
0	13	148
1	-1	150
0	12	150
0	23	148
1	-1	148
2	20	128
0	-1	148
0	10	150
0	5	148
0	11	151
0	-1	146
1	14	150
0	33	150
2	17	144
0	17	150
0	15	150
0	-1	151
1	15	148
1	-1	147
0	-1	151
1	-1	149
1	14	150
1	-1	150
0	-1	150
0	17	145
1	7	118
0	-1	135
0	13	150
1	11	139
0	13	150
1	13	151
0	15	149
1	-1	151
1	18	148
0	13	151
0	12	97
1	16	146
0	18	148
2	-1	138
2	-1	146
1	13	136
0	19	150
1	-1	148
0	-1	150
1	-1	150
0	13	130
0	14	144
0	12	150
0	-1	131
0	-1	151
0	5	147
1	-1	150
0	-1	147
1	16	149
1	-1	150
1	-1	148
1	19	149
0	9	125
0	11	134
1	31	150
0	-1	150
0	15	149
0	13	147
1	-1	149
1	-1	150
0	10	150
2	15	150
0	14	150
0	19	150
0	14	136
1	16	151
0	9	102
0	13	150
0	16	124
0	15	147
0	-1	149
2	16	149
0	-1	149
1	-1	147
0	-1	150
0	18	147
0	10	135
0	13	150
0	31	148
0	17	148
0	12	140
0	-1	150
0	18	145
1	-1	150
1	-1	150
0	15	151
0	13	97
1	-1	150
1	-1	151
0	18	151
0	15	150
1	-1	150
2	15	150
0	20	149
2	-1	135
0	11	150
0	11	144
0	-1	151
1	-1	150
0	13	148
0	19	150
1	12	150
0	11	99
0	15	150
0	11	93
1	38	151
0	6	148
0	12	115
1	14	134
0	13	137
0	16	144
0	-1	150
1	-1	108
2	-1	149
0	19	150
0	7	148
0	15	151
0	15	145
1	-1	150
0	11	149
1	13	146
0	16	150
0	31	130
0	31	145
0	12	117
0	16	145
0	5	147
0	8	150
0	10	135
0	29	147
0	13	136
1	13	146
1	-1	148
0	-1	150
0	-1	135
1	10	110
0	-1	151
0	-1	149
0	10	124
0	36	151
1	20	151
0	-1	151
0	15	149
0	19	150
1	14	150
0	22	149
0	12	150
1	11	149
1	-1	116
0	-1	149
0	-1	151
0	-1	150
1	23	150
0	17	119
1	10	148
0	11	150
1	17	150
1	-1	149
0	8	64
0	8	149
0	7	139
1	-1	147
1	-1	149
0	-1	148
0	14	151
0	-1	136
0	-1	147
1	22	131
1	-1	144
0	-1	147
0	16	147
1	21	151
1	-1	150
0	19	150
0	-1	150
3	30	150
1	10	150
0	12	151
0	16	150
0	21	148
1	4	69
1	11	149
0	6	105
0	9	150
0	7	149
1	-1	150
0	-1	149
0	17	150
0	14	150
0	-1	150
0	-1	150
0	8	77
0	-1	150
1	18	135
0	19	150
0	18	149
0	12	150
2	18	151
0	18	149
0	20	150
0	-1	149
2	19	149
0	13	150
3	14	148
2	-1	144
0	-1	147
1	12	150
1	21	150
0	14	150
0	25	147
0	17	150
0	14	140
0	26	117
0	17	150
0	-1	151
0	17	132
2	16	150
1	22	150
0	-1	132
1	23	150
0	20	150
0	12	142
0	5	97
0	20	149
0	31	150
1	-1	150
1	27	151
0	-1	150
0	-1	131
0	18	126
1	12	151
1	-1	140
0	-1	150
0	-1	146
1	18	151
2	18	150
0	-1	150
2	39	145
0	-1	146
0	16	135
0	8	139
0	7	150
0	32	149
2	-1	150
0	-1	149
1	10	148
1	-1	149
0	15	146
0	22	149
0	-1	137
1	-1	150
0	10	150
0	-1	150
0	32	150
0	20	150
3	-1	151
0	16	137
0	-1	134
1	19	150
0	13	131
1	17	150
0	10	150
0	13	151
0	-1	124
0	-1	147
0	12	141
0	15	148
0	16	91
1	24	146
0	14	150
1	-1	149
1	8	147
0	19	148
2	18	147
1	23	150
0	8	150
0	19	150
0	13	150
2	23	150
0	-1	150
1	-1	149
1	-1	151
1	-1	150
0	12	145
1	8	151
1	14	141
2	17	150
0	6	104
0	-1	140
0	16	150
1	16	151
1	21	147
1	9	149
0	-1	148
1	10	150
1	38	132
0	-1	145
0	-1	150
0	11	125
0	-1	151
1	37	144
0	22	150
0	40	132
0	14	150
0	14	150
0	-1	149
0	15	150
0	-1	150
2	26	151
0	-1	150
0	13	138
0	12	139
0	15	150
0	14	145
0	17	139
0	17	150
0	-1	150
0	-1	148
0	11	151
0	13	150
0	20	151
0	17	151
1	11	147
0	-1	121
1	-1	147
0	-1	150
1	16	133
0	-1	135
1	9	149
0	5	137
0	-1	132
1	-1	150
0	17	150
2	-1	148
1	28	148
2	-1	150
1	24	150
0	20	147
1	-1	144
0	15	148
0	-1	151
1	-1	150
0	44	150
0	13	151
1	-1	151
2	20	149
0	12	147
0	-1	150
0	22	150
0	41	150
0	31	150
0	-1	148
0	14	151
0	17	150
1	-1	144
0	-1	150
0	18	151
1	17	142
0	26	149
0	46	150
0	21	148
0	5	150
1	13	103
0	-1	128
1	13	148
0	5	147
0	-1	150
2	24	136
1	18	129
2	19	146
0	21	148
0	14	148
1	-1	150
2	-1	138
1	15	149
0	-1	150
0	-1	150
0	16	151
0	-1	150
0	19	145
0	-1	150
1	11	115
0	38	151
0	14	148
0	17	146
0	15	150
1	-1	150
2	14	150
0	15	149
2	-1	151
1	-1	150
1	10	98
0	5	100
1	12	113
0	20	151
1	-1	150
1	-1	151
0	-1	150
1	-1	150
0	-1	130
0	6	140
0	17	139
0	19	149
0	-1	138
1	-1	150
0	13	150
1	16	148
1	19	150
1	-1	147
0	18	150
0	36	150
0	-1	149
0	-1	141
0	17	145
1	-1	142
0	27	139
0	15	151
1	-1	149
0	13	150
1	-1	146
0	19	150
0	15	109
0	-1	151
1	24	148
0	18	146
0	-1	142
0	-1	150
0	18	149
0	-1	149
0	-1	150
0	28	151
0	13	151
0	20	141
1	18	148
2	15	150
0	12	150
0	22	149
1	-1	110
0	11	150
0	31	151
0	17	146
1	25	150
0	13	126
0	21	149
0	10	151
0	11	150
0	12	150
0	22	143
36	51	150
35	50	149
0	12	145
0	13	151
0	-1	146
0	35	149
0	-1	150
0	14	148
0	-1	147
0	20	139
0	9	150
0	15	150
1	-1	148
0	8	135
2	18	150
0	-1	149
1	21	151
1	40	150
0	19	146
0	11	133
0	-1	148
1	-1	149
1	7	150
0	18	150
0	9	95
0	-1	146
1	14	151
0	-1	151
0	18	150
0	18	150
0	-1	150
1	7	149
0	-1	151
1	17	148
0	-1	150
0	-1	147
0	-1	147
0	15	144
0	14	149
0	12	145
0	-1	151
0	-1	149
0	16	138
1	8	135
0	9	130
0	-1	150
0	-1	150
0	7	150
1	15	150
1	19	150
0	11	149
0	14	150
0	20	124
0	11	118
1	17	149
1	18	149
0	-1	147
0	19	151
0	35	148
0	-1	149
0	20	147
0	-1	149
1	16	150
0	7	151
1	14	150
1	19	149
1	15	86
0	21	149
0	16	146
1	24	150
0	25	143
0	-1	150
1	30	135
0	16	150
1	-1	150
1	16	150
1	20	132
0	19	150
1	-1	143
0	-1	145
0	-1	125
1	12	148
0	-1	144
1	31	150
0	-1	150
0	-1	103
0	-1	148
0	-1	150
0	13	150
0	-1	150
0	-1	144
0	17	150
0	39	151
0	-1	148
1	-1	150
0	-1	130
0	24	128
0	20	150
0	-1	150
0	12	131
0	12	150
0	-1	148
0	-1	150
0	20	150
0	13	151
1	29	148
0	26	138
0	16	150
0	-1	149
0	16	150
0	-1	149
0	16	148
0	-1	144
0	18	144
0	-1	150
0	-1	150
0	-1	150
5	46	150
0	-1	149
2	-1	148
0	13	147
0	-1	150
0	19	147
1	-1	149
1	-1	150
0	9	150
0	-1	151
0	12	143
1	-1	150
0	-1	143
1	-1	135
0	7	150
0	24	150
0	-1	150
0	-1	142
0	17	147
0	15	141
1	-1	150
0	19	150
0	13	136
1	23	150
0	-1	143
1	-1	150
0	20	148
0	17	150
1	16	150
0	20	150
0	16	134
0	9	148
0	-1	149
1	14	136
0	7	150
0	-1	150
0	20	150
0	13	150
0	17	149
0	15	145
1	-1	149
0	20	129
1	19	150
0	27	148
1	14	137
0	12	137
0	-1	149
2	14	146
0	-1	150
1	-1	137
1	15	147
0	7	150
1	20	148
0	20	150
0	-1	151
1	20	150
0	20	150
1	16	150
0	-1	149
1	-1	149
0	13	150
0	47	151
1	17	149
0	-1	151
0	-1	150
0	-1	150
0	18	137
2	19	142
0	11	126
1	21	144
5	24	149
1	22	150
0	19	150
0	15	151
0	-1	147
0	19	148
1	-1	150
0	14	147
0	14	150
0	-1	150
0	9	150
1	15	98
2	-1	146
0	-1	150
1	-1	148
0	13	150
1	17	150
0	-1	149
0	18	150
4	-1	149
2	16	150
1	23	150
1	9	94
0	16	121
0	-1	149
1	-1	147
0	-1	147
4	25	144
2	17	147
0	23	150
0	15	148
1	9	150
0	7	133
1	21	151
0	20	150
0	19	148
1	-1	130
0	-1	150
0	-1	150
1	18	133
0	10	150
0	14	149
0	17	149
0	17	148
0	-1	149
0	6	73
0	11	151
0	19	150
0	19	150
0	-1	151
2	12	150
0	18	136
0	14	138
0	20	150
0	14	150
0	-1	150
0	11	150
0	22	146
0	-1	146
0	-1	150
0	11	145
0	14	148
0	18	146
1	11	150
0	21	150
1	-1	150
1	20	150
1	-1	144
0	24	150
0	-1	146
1	13	151
1	-1	149
0	-1	150
0	16	150
2	-1	150
0	-1	104
0	17	122
0	-1	146
0	-1	146
0	-1	150
1	-1	146
0	30	150
0	17	137
5	31	151
0	14	150
1	17	150
0	16	148
0	-1	148
0	-1	151
0	41	144
0	20	151
0	12	150
0	11	148
0	13	151
0	11	149
0	13	150
0	13	150
0	13	135
0	-1	150
0	17	141
0	14	148
0	11	149
0	-1	151
0	16	151
0	16	138
1	17	142
1	19	145
1	-1	149
0	17	151
0	-1	150
0	17	150
0	17	150
0	-1	149
0	23	138
0	18	135
0	24	150
1	24	149
1	42	148
0	15	150
0	14	150
0	15	150
0	31	147
0	-1	150
1	15	150
1	-1	150
2	39	148
0	13	148
1	21	148
0	15	150
0	11	150
2	-1	150
0	20	150
2	14	138
1	-1	150
0	19	150
0	8	110
0	-1	150
0	12	131
0	-1	150
0	-1	100
0	21	150
0	17	151
0	10	150
0	15	150
0	19	145
0	10	149
1	16	150
0	16	150
0	-1	148
0	10	150
0	11	148
0	15	150
0	41	145
0	13	143
0	10	149
2	-1	86
1	31	150
0	17	150
1	-1	149
1	-1	148
0	12	146
0	-1	151
0	19	150
0	23	143
0	16	145
0	12	151
0	13	151
0	18	151
0	15	150
0	15	124
1	16	150
1	-1	148
0	11	150
0	34	151
1	13	148
1	21	150
0	-1	150
0	15	147
0	37	148
1	12	150
0	14	151
1	15	149
0	-1	149
0	15	145
1	-1	148
0	21	151
0	13	149
0	17	150
0	23	150
0	7	76
2	23	140
1	16	134
1	-1	149
0	-1	125
1	-1	149
1	44	150
2	-1	117
0	-1	147
0	19	149
1	-1	150
2	20	150
0	16	150
0	-1	142
0	26	151
0	13	150
1	-1	146
0	9	150
0	-1	149
1	-1	150
1	-1	147
1	-1	149
0	14	148
0	17	149
0	-1	149
0	-1	149
0	44	145
0	9	150
1	7	133
0	22	150
0	13	149
0	16	150
0	-1	147
2	-1	144
1	20	146
1	-1	143
1	26	149
0	19	151
0	23	136
1	15	150
0	-1	126
0	18	150
1	20	128
0	-1	149
0	18	149
0	-1	140
0	7	111
0	23	150
0	17	150
0	12	149
1	-1	150
0	15	151
0	-1	147
1	-1	143
0	37	148
0	8	150
0	18	150
0	14	151
0	12	150
0	16	150
0	14	150
0	23	150
0	17	150
0	14	148
1	-1	151
0	-1	116
0	13	150
1	17	149
0	14	150
0	15	150
0	11	150
0	13	150
1	14	141
0	42	136
0	13	150
1	-1	151
0	17	119
0	20	147
0	20	151
1	14	135
0	16	147
0	-1	125
1	12	141
0	22	150
1	17	150
0	14	147
1	-1	145
0	10	150
1	-1	150
0	13	150
2	-1	147
35	69	149
0	-1	150
0	15	149
0	16	151
0	15	138
0	-1	150
0	20	150
0	15	150
3	-1	150
0	19	150
0	17	148
0	13	150
0	-1	150
0	-1	149
1	-1	149
0	16	148
0	13	150
0	16	150
0	36	150
1	-1	149
0	11	150
1	15	129
0	7	151
0	19	150
0	12	145
1	14	148
1	-1	151
0	11	150
1	17	150
0	17	150
1	-1	150
3	19	149
0	-1	150
2	11	149
0	-1	150
1	-1	146
0	21	147
0	-1	148
0	20	150
1	-1	149
1	18	150
1	18	150
0	18	148
1	8	148
1	-1	150
0	14	150
0	20	147
1	9	112
1	13	151
0	-1	151
0	11	139
0	-1	150
0	12	146
0	10	149
1	-1	149
0	-1	118
0	13	149
0	-1	142
1	-1	149
0	15	114
1	-1	144
0	-1	150
0	-1	150
0	31	133
0	-1	150
1	-1	147
0	23	145
0	21	150
0	23	150
1	-1	150
0	19	150
0	18	147
1	26	150
2	-1	143
0	-1	146
0	37	149
0	-1	150
1	-1	147
1	21	150
1	10	114
0	-1	150
0	18	140
1	-1	146
1	-1	150
0	17	150
0	-1	150
0	-1	150
0	14	150
0	13	143
0	18	150
0	15	149
0	18	150
1	-1	149
0	-1	150
0	-1	150
0	17	149
2	22	150
1	14	150
1	19	149
1	-1	151
0	33	148
0	12	134
1	15	150
1	17	151
0	-1	149
1	-1	150
2	-1	151
1	-1	148
0	5	125
0	18	150
1	16	151
1	-1	147
0	21	143
0	-1	141
0	14	149
1	20	150
1	17	130
1	12	120
1	-1	148
2	14	128
0	-1	145
1	-1	148
2	16	148
0	19	150
0	12	150
0	37	146
0	14	138
0	34	148
1	14	150
0	-1	148
1	-1	149
0	-1	150
0	22	142
1	14	150
0	7	150
1	-1	150
2	14	150
1	27	150
0	16	149
0	-1	150
1	19	150
0	11	150
0	21	136
1	-1	150
0	18	150
0	16	150
1	-1	149
0	33	147
0	12	104
2	22	150
1	-1	134
0	16	150
0	-1	151
0	14	148
0	13	146
0	16	109
0	10	149
1	-1	150
0	20	150
1	27	150
1	14	150
0	15	148
0	-1	150
2	18	144
1	-1	150
0	13	148
1	12	105
0	20	149
1	20	141
1	-1	151
0	-1	151
1	16	144
0	-1	150
0	13	148
1	-1	150
0	25	150
20	22	83
21	23	88
1	24	149
0	-1	150
1	18	150
0	3	68
1	15	151
0	-1	148
1	12	129
0	15	150
0	-1	124
0	19	151
0	11	111
0	10	150
1	-1	151
0	18	150
0	25	117
0	10	147
0	22	146
0	12	150
1	-1	150
0	-1	151
0	13	128
0	16	150
0	-1	150
2	16	149
0	-1	148
0	-1	150
0	13	151
0	-1	148
0	18	149
2	11	126
1	-1	150
0	-1	150
2	-1	132
1	-1	150
1	-1	143
0	21	151
1	-1	108
1	25	134
0	-1	149
1	-1	151
0	16	148
0	-1	131
1	21	142
0	18	148
0	15	150
0	18	125
0	12	150
1	-1	148
0	-1	151
2	32	151
1	-1	150
1	24	150
0	18	150
0	12	146
0	16	148
1	-1	149
0	12	150
2	-1	144
0	25	147
2	-1	147
0	-1	143
0	19	150
1	13	146
0	-1	150
0	24	150
0	18	150
1	16	150
1	-1	150
0	23	144
1	40	150
0	16	143
1	-1	150
0	-1	151
0	18	147
0	-1	147
0	16	150
0	19	150
0	15	108
0	11	145
1	27	149
0	-1	150
2	17	150
0	-1	149
0	15	151
0	13	146
2	16	150
0	19	139
0	12	149
0	17	150
0	20	150
0	13	151
2	-1	135
0	13	150
0	3	151
1	16	151
0	20	142
0	-1	150
1	15	147
0	-1	146
0	6	84
1	9	151
0	-1	150
0	-1	149
0	11	124
0	34	151
0	11	148
0	21	146
0	12	114
0	19	150
0	22	144
0	19	149
1	-1	130
0	-1	149
0	-1	150
1	-1	151
0	14	146
1	-1	148
0	14	149
0	7	145
0	-1	140
1	16	151
0	15	151
0	17	149
0	-1	150
1	14	150
1	-1	146
0	-1	151
0	11	150
0	13	150
0	30	147
0	16	117
0	28	150
0	19	146
0	-1	146
0	-1	149
0	-1	151
0	11	148
2	-1	150
0	14	135
0	11	151
0	12	151
0	21	148
1	21	148
0	29	150
0	32	151
2	15	149
0	-1	148
1	-1	145
0	40	144
1	14	147
0	16	150
2	-1	146
1	14	148
1	16	143
0	-1	150
1	34	142
0	13	147
1	20	150
0	16	149
0	15	145
0	11	137
0	20	148
1	-1	147
2	20	150
0	26	150
0	15	150
0	9	82
0	16	139
0	16	134
0	-1	149
1	-1	130
0	-1	124
0	14	148
2	22	151
0	-1	150
2	10	145
1	-1	134
1	11	113
1	11	112
0	19	150
0	-1	151
0	11	146
0	-1	150
1	-1	146
0	14	149
0	15	150
0	18	140
0	43	151
0	-1	147
0	25	144
0	14	150
0	24	150
0	-1	151
1	19	150
0	20	150
0	-1	150
0	14	139
1	-1	149
0	-1	150
1	36	151
0	15	147
1	-1	132
0	14	150
2	-1	149
0	-1	149
0	10	104
1	6	81
2	20	148
0	19	150
2	-1	150
1	16	148
0	5	149
0	14	127
0	-1	150
1	-1	151
0	9	87
0	20	149
1	13	149
1	-1	150
0	17	123
1	19	149
1	8	146
2	-1	105
0	8	144
0	-1	151
1	-1	149
0	14	124
0	-1	132
1	19	143
1	16	98
0	18	149
1	16	150
0	14	148
0	15	128
1	16	150
0	-1	150
4	20	151
0	14	146
0	17	132
3	14	148
0	40	150
0	19	149
1	-1	149
0	-1	150
1	15	146
0	22	150
0	14	150
0	13	150
0	-1	150
0	12	151
0	9	150
1	18	149
1	14	149
0	-1	151
2	17	145
0	19	148
0	-1	148
0	20	150
0	19	150
0	-1	150
1	29	137
0	-1	150
1	6	150
0	-1	150
1	17	150
0	-1	148
2	-1	149
0	-1	150
1	-1	107
0	-1	151
0	8	137
1	-1	145
1	28	151
0	16	151
0	17	146
0	-1	145
0	14	150
2	24	150
0	13	150
0	16	123
1	-1	150
1	23	150
0	-1	149
1	23	149
0	-1	151
1	13	150
0	-1	150
0	15	150
1	-1	151
0	17	150
0	14	138
0	15	129
0	19	148
0	-1	151
0	14	150
1	-1	150
1	13	151
0	6	140
1	18	149
2	-1	151
0	18	147
1	9	129
0	22	151
0	13	151
0	16	150
0	-1	149
0	19	150
1	21	150
1	-1	151
1	18	150
1	19	150
1	-1	147
0	32	144
0	13	122
1	-1	151
0	-1	115
0	-1	147
0	12	150
1	32	148
0	14	150
0	10	141
0	-1	150
1	14	128
0	-1	149
0	22	148
1	-1	150
0	-1	151
0	15	150
0	12	149
0	8	150
0	12	150
0	15	151
0	10	151
1	16	142
1	-1	107
0	-1	150
0	16	143
0	-1	149
1	16	150
0	18	146
0	-1	148
0	-1	148
0	19	134
0	-1	151
1	-1	151
0	10	140
1	13	135
1	10	149
1	12	135
0	11	149
0	16	150
1	-1	142
0	13	96
0	15	142
2	-1	136
0	13	135
1	-1	103
0	14	131
0	13	139
2	16	150
0	-1	151
3	10	145
0	38	150
1	15	150
0	16	150
0	11	149
0	21	151
0	-1	132
1	18	129
0	20	146
0	-1	150
1	-1	150
0	7	150
0	7	150
1	19	149
0	11	148
0	12	149
0	-1	151
0	-1	148
0	17	150
0	28	144
0	-1	150
0	15	150
0	16	149
0	-1	150
2	22	150
1	19	147
0	22	124
0	10	130
1	14	146
0	18	146
0	32	150
0	20	151
1	-1	143
0	23	150
2	17	149
1	36	150
0	15	146
0	-1	149
0	18	139
0	-1	149
0	12	150
1	17	149
0	-1	150
0	-1	144
0	14	110
0	16	150
0	19	141
0	16	150
1	-1	148
0	8	149
1	12	150
2	-1	131
1	-1	151
1	-1	150
0	-1	150
0	14	150
1	13	146
0	-1	149
0	-1	151
0	14	151
1	-1	150
0	-1	140
0	16	150
0	-1	150
0	-1	151
0	16	144
0	18	150
0	19	138
6	15	145
0	-1	150
0	22	143
1	43	150
0	-1	149
0	14	138
0	-1	145
0	-1	140
0	19	150
0	10	95
1	-1	148
0	17	139
0	-1	146
0	33	148
2	-1	149
0	17	150
0	-1	150
1	16	137
1	11	150
1	11	148
0	14	149
0	-1	149
0	14	148
0	11	138
1	-1	146
2	-1	150
1	-1	147
0	-1	148
0	27	150
0	14	147
1	-1	142
0	21	149
2	19	150
0	17	121
1	-1	150
1	20	137
0	-1	150
0	13	150
0	23	150
1	-1	149
1	13	150
0	27	150
0	-1	114
0	17	150
1	17	139
0	17	150
0	-1	148
1	21	150
0	-1	145
0	21	151
0	11	150
1	13	117
0	21	148
0	20	150
0	11	150
0	10	111
0	19	150
0	16	147
1	16	136
1	-1	149
0	14	150
0	17	145
1	21	150
1	16	150
0	17	150
0	18	149
0	12	150
1	24	146
1	-1	148
0	22	149
1	25	146
0	14	150
0	-1	150
1	14	150
0	-1	149
0	15	150
0	-1	151
1	-1	150
1	13	147
1	-1	149
3	-1	150
1	-1	150
1	7	150
0	-1	150
1	11	123
4	20	150
0	16	123
1	-1	150
1	-1	150
1	-1	150
0	10	150
0	14	150
0	-1	149
0	-1	150
0	-1	125
2	25	151
0	-1	149
0	7	150
1	-1	151
0	9	71
1	5	102
1	16	150
2	20	149
0	15	146
2	34	148
0	22	150
0	11	151
0	12	150
0	17	148
0	18	147
1	19	122
1	16	150
0	36	150
0	16	135
0	-1	150
6	20	135
1	-1	151
0	11	149
0	13	150
1	-1	128
0	15	147
1	-1	150
0	18	150
0	34	148
1	-1	130
1	-1	150
0	-1	142
0	15	151
0	-1	150
0	41	151
0	14	141
1	-1	149
1	14	150
0	-1	143
0	17	150
0	11	149
0	19	149
0	10	150
1	25	150
1	11	141
0	23	148
0	9	148
0	22	149
0	21	151
0	13	151
0	16	150
0	12	147
1	-1	150
1	13	150
0	18	151
2	21	150
1	13	140
0	21	151
0	13	151
0	17	141
0	-1	136
0	11	150
0	19	150
0	10	148
2	18	150
0	10	148
0	18	149
0	-1	149
0	19	150
0	-1	150
1	26	151
0	18	150
0	-1	151
0	-1	150
0	-1	150
0	17	141
0	15	144
0	21	130
1	-1	151
0	20	148
1	13	150
0	8	149
0	18	142
0	17	150
1	-1	150
0	13	142
0	13	150
0	8	148
0	-1	139
0	5	148
0	13	148
0	-1	144
1	16	150
0	-1	151
0	12	150
0	17	151
1	-1	150
0	37	139
0	-1	150
0	10	131
0	15	148
0	21	148
1	-1	149
0	16	143
0	-1	142
2	-1	151
0	-1	150
0	19	146
1	-1	151
0	10	149
1	-1	151
0	15	150
0	13	119
0	9	150
0	18	150
1	-1	136
0	37	150
0	-1	117
2	13	144
0	20	146
0	-1	150
0	14	150
2	-1	149
0	12	150
0	15	151
1	20	147
0	30	151
1	17	135
0	3	70
0	15	118
0	25	151
0	-1	147
1	-1	149
1	-1	151
0	-1	149
1	17	150
0	13	151
4	26	149
0	-1	150
1	17	151
0	15	150
1	15	151
0	-1	150
1	-1	148
0	10	150
3	-1	126
1	-1	150
0	-1	149
1	14	150
2	19	150
0	10	146
0	29	148
1	-1	129
0	13	121
0	17	150
1	14	144
0	13	83
0	11	150
0	14	150
0	10	149
0	12	150
2	-1	151
0	17	149
0	21	123
0	18	136
1	8	82
0	23	146
1	13	147
0	-1	150
2	-1	149
0	13	149
0	-1	146
0	-1	148
0	22	114
0	21	150
1	-1	149
0	14	149
1	16	150
0	19	150
1	19	149
0	18	151
2	16	150
1	15	150
0	-1	140
0	23	127
0	15	143
1	25	150
1	-1	150
0	9	150
0	-1	150
0	16	141
0	11	136
1	21	146
0	9	96
0	16	150
0	34	145
0	21	151
0	17	151
0	26	151
1	-1	150
0	-1	151
1	18	131
0	11	150
0	14	135
1	18	149
0	-1	148
1	36	151
1	17	151
0	16	147
1	16	150
0	12	150
0	20	151
1	9	150
0	-1	144
0	20	149
0	16	151
0	-1	149
1	15	135
1	17	136
1	-1	146
0	11	150
0	10	147
0	-1	148
0	-1	134
1	38	149
0	12	139
0	30	148
1	31	150
1	-1	149
1	15	148
0	-1	150
0	15	150
1	20	149
1	16	150
0	20	151
0	12	97
1	-1	148
0	-1	151
0	10	150
0	11	148
1	18	150
0	16	151
1	-1	151
0	-1	151
1	7	62
0	-1	150
0	-1	143
1	-1	135
0	21	149
1	16	124
0	-1	149
0	6	145
2	15	150
1	-1	151
4	20	149
0	17	150
1	18	150
0	8	83
2	-1	147
0	-1	146
0	18	150
0	31	148
0	15	149
0	-1	151
1	-1	150
2	14	150
1	17	150
0	-1	148
0	15	148
0	13	146
0	14	150
3	-1	143
0	-1	132
0	14	141
1	-1	102
0	-1	150
0	-1	150
2	-1	136
0	18	148
0	-1	144
0	15	140
0	20	150
0	42	150
0	28	135
0	-1	125
0	23	146
1	15	141
0	12	149
0	-1	151
1	18	150
0	-1	150
0	17	149
1	9	66
0	19	151
1	-1	149
0	18	113
2	20	151
1	12	147
1	15	146
1	-1	150
0	-1	151
1	-1	147
0	12	151
1	26	149
0	24	150
0	15	148
0	21	147
0	-1	150
0	15	146
0	-1	150
0	-1	142
0	11	150
0	-1	151
0	8	150
0	17	146
0	-1	150
1	-1	150
1	15	149
2	12	150
1	49	150
2	15	99
1	23	150
0	-1	147
2	-1	134
0	8	149
2	36	145
1	16	150
2	-1	150
0	-1	128
0	12	99
2	-1	145
0	-1	149
0	15	149
1	20	148
2	-1	148
0	20	150
0	13	150
1	-1	150
1	36	149
2	-1	146
0	16	151
0	17	125
0	22	150
1	23	149
0	17	147
0	-1	150
1	-1	132
0	32	147
0	-1	149
1	-1	148
0	-1	149
1	-1	148
1	-1	151
0	16	149
0	23	150
1	14	147
1	15	141
0	19	150
0	17	147
0	14	149
1	34	148
0	35	148
0	-1	136
0	11	150
0	25	150
0	15	151
0	20	150
0	-1	149
0	-1	150
0	16	149
0	-1	148
0	-1	150
0	16	134
0	19	149
0	22	138
1	16	141
2	11	139
0	14	149
0	10	150
0	12	148
0	17	148
0	9	130
0	7	148
0	16	144
0	10	150
0	-1	150
0	-1	150
0	21	131
0	10	145
0	32	150
0	17	144
0	-1	150
1	17	146
0	16	149
1	19	132
1	12	150
1	-1	150
0	-1	148
0	15	151
0	18	117
0	-1	150
0	16	147
1	-1	150
0	12	150
0	12	142
0	-1	141
0	11	128
0	-1	151
0	-1	150
2	-1	149
0	12	104
0	21	135
1	-1	150
0	-1	122
0	11	120
1	19	148
1	16	151
0	-1	148
0	13	113
0	21	150
1	16	141
0	34	142
0	17	146
0	25	149
1	-1	151
0	15	150
0	23	147
0	19	108
1	-1	148
0	17	128
0	19	149
0	23	134
0	19	150
0	16	149
1	14	151
0	24	102
0	-1	149
1	11	131
0	12	144
1	15	150
2	-1	151
1	-1	148
1	-1	150
0	-1	151
0	-1	150
0	20	151
1	-1	146
0	-1	150
0	18	148
1	-1	150
0	12	149
0	14	151
0	8	150
0	15	118
0	-1	150
0	4	83
0	11	149
0	6	145
0	19	150
1	-1	149
1	15	150
0	-1	148
0	18	150
0	18	150
0	8	147
1	15	149
1	13	131
1	17	147
0	-1	149
1	19	123
1	14	150
0	-1	148
0	-1	149
0	11	150
1	17	148
0	16	150
0	18	150
1	21	150
1	-1	150
0	14	143
0	16	150
0	11	149
0	14	149
1	-1	146
0	19	150
1	17	146
0	17	151
1	-1	118
0	17	149
0	20	147
0	-1	149
0	24	151
1	11	150
1	-1	150
1	-1	149
0	20	150
0	8	150
0	15	150
0	12	148
0	14	131
0	12	150
0	17	149
0	22	150
0	10	146
0	13	150
1	34	150
0	31	132
1	20	150
0	-1	144
1	-1	150
0	19	150
0	38	149
1	15	148
0	14	151
1	17	148
0	16	149
0	19	129
1	17	147
1	-1	150
0	17	150
1	-1	139
0	14	150
0	15	150
3	-1	149
0	9	145
0	-1	145
1	33	150
1	-1	150
0	11	150
1	-1	148
0	-1	149
0	12	150
0	14	150
0	19	148
1	15	151
2	27	150
0	-1	144
0	-1	150
0	21	148
0	14	151
0	19	150
2	3	69
0	14	148
0	17	148
0	-1	150
0	5	69
0	16	150
0	12	146
1	-1	150
0	-1	150
0	-1	150
0	14	150
0	13	151
1	21	146
0	13	136
1	-1	146
0	15	150
0	-1	150
1	24	151
1	40	149
0	31	149
0	10	150
0	12	136
1	34	150
0	-1	150
0	14	150
0	15	150
0	12	147
0	-1	146
0	20	148
1	-1	145
1	20	148
1	25	147
0	22	142
0	18	147
0	31	150
0	-1	140
0	32	151
1	-1	151
0	39	150
0	17	145
0	15	147
1	-1	149
0	-1	147
1	-1	150
0	-1	148
0	18	149
1	-1	147
0	16	149
0	9	139
0	19	151
0	16	150
0	19	148
2	-1	149
0	34	149
0	-1	150
0	18	151
1	21	150
0	14	150
0	14	149
0	20	150
1	15	143
0	13	140
1	15	143
0	18	150
1	7	150
0	7	67
0	-1	148
1	-1	124
0	16	150
0	10	150
0	22	150
0	-1	149
1	37	141
0	10	150
0	-1	150
2	12	130
2	19	149
2	-1	150
0	18	149
0	18	150
0	15	150
0	10	149
0	19	147
0	-1	142
1	22	151
0	-1	146
0	16	149
0	4	150
1	24	149
0	15	150
2	15	151
0	-1	140
0	19	150
1	18	151
0	20	150
0	19	146
1	-1	149
1	21	145
0	-1	149
0	10	150
1	-1	149
0	14	150
0	15	150
1	-1	144
1	-1	148
1	18	149
0	-1	137
0	12	140
1	-1	151
0	-1	150
1	27	150
0	15	150
0	17	150
0	2	74
2	-1	127
0	-1	151
0	18	151
0	38	150
0	22	142
0	6	149
0	-1	146
0	10	150
0	14	150
0	8	151
1	22	140
0	7	132
1	32	150
4	-1	151
0	10	148
0	13	149
1	19	149
1	14	148
0	25	150
0	17	150
0	-1	150
0	18	150
0	-1	145
0	-1	107
0	-1	129
0	-1	150
0	-1	146
0	-1	151
0	-1	150
0	14	150
0	16	151
0	16	134
0	-1	150
0	19	150
0	37	150
1	-1	145
0	13	147
1	41	149
1	10	120
0	14	151
1	13	102
1	11	136
0	16	136
0	17	132
1	40	150
0	17	147
0	12	150
0	12	150
1	17	150
1	18	150
1	-1	150
1	-1	104
0	13	150
0	11	149
0	14	151
0	-1	150
0	13	149
0	34	138
0	-1	150
0	18	149
0	-1	151
0	20	149
1	-1	149
0	13	150
0	-1	150
0	11	150
0	18	147
0	-1	148
0	35	150
0	13	150
0	12	118
2	17	144
1	10	149
1	7	79
0	14	151
0	14	149
0	14	148
0	22	150
0	20	139
0	13	135
0	2	102
0	15	150
1	20	149
1	-1	150
1	13	131
1	17	148
0	11	91
0	14	125
0	19	149
0	14	138
0	14	142
0	14	150
0	17	150
0	19	151
0	-1	150
0	39	128
1	28	141
1	18	146
0	-1	146
0	28	150
0	18	150
0	10	149
0	19	150
2	26	122
1	-1	130
1	-1	138
1	20	149
0	39	150
2	20	132
1	9	149
0	19	149
0	20	150
0	-1	150
1	-1	149
0	14	146
0	21	150
0	-1	149
1	-1	139
0	4	150
0	-1	150
0	28	147
1	-1	145
0	-1	150
0	7	145
1	28	151
1	22	147
0	13	149
0	-1	151
1	16	150
0	18	150
1	10	148
0	15	150
0	13	147
0	14	147
1	14	135
0	8	150
0	28	122
0	-1	151
0	11	150
0	16	150
0	14	151
0	20	149
0	11	148
0	-1	137
0	30	151
0	-1	142
1	15	148
0	28	133
0	14	150
1	-1	150
0	17	147
1	-1	149
0	9	149
0	17	146
0	6	145
0	-1	149
0	-1	150
0	17	150
0	16	151
0	11	134
2	19	149
0	18	151
1	-1	150
0	15	145
0	14	148
0	23	146
0	13	103
0	13	150
0	15	149
0	14	148
1	10	108
0	23	146
0	24	146
0	21	150
1	18	150
2	23	151
1	13	151
0	16	150
0	14	114
0	16	148
0	12	148
0	-1	145
1	11	151
0	17	149
2	14	150
0	15	117
1	-1	146
0	-1	138
1	-1	115
1	-1	150
0	18	138
0	8	150
0	-1	149
3	-1	139
0	-1	121
0	37	151
0	31	143
0	14	150
0	-1	144
0	16	98
0	13	150
0	10	150
0	10	136
0	13	150
0	-1	150
0	23	142
0	27	149
1	-1	151
0	11	149
1	5	136
0	15	150
1	-1	140
0	10	144
0	19	147
1	6	150
0	16	148
1	17	150
0	-1	133
3	10	150
0	13	130
0	15	149
0	9	149
0	-1	147
0	8	149
0	-1	150
0	31	150
1	10	150
0	24	150
0	18	149
0	11	146
0	15	150
2	27	132
0	8	149
1	-1	150
0	-1	126
3	17	150
0	27	104
0	10	126
1	15	147
1	-1	149
0	20	151
1	-1	149
1	13	146
0	5	124
0	13	126
0	26	150
0	-1	150
0	19	149
0	13	92
1	12	150
0	17	148
0	23	149
1	-1	150
0	36	149
0	11	151
0	18	150
0	35	150
1	14	150
0	17	150
0	12	150
0	17	142
0	14	146
0	13	150
0	28	134
1	9	146
0	9	148
0	-1	139
0	-1	147
0	10	130
1	-1	151
0	15	134
0	17	123
1	-1	151
0	17	148
0	10	147
0	-1	149
1	13	124
0	14	150
0	25	151
1	-1	145
0	19	150
0	19	149
0	45	149
1	16	150
1	-1	150
0	15	128
1	17	151
0	11	92
1	33	108
0	13	129
0	6	144
1	-1	150
0	9	149
0	11	134
1	20	140
0	-1	148
0	-1	105
0	-1	149
0	-1	151
0	-1	148
0	-1	146
2	-1	149
0	15	149
1	12	143
0	7	136
1	-1	144
0	12	82
0	-1	150
0	-1	122
1	-1	150
1	29	150
0	-1	138
2	17	146
1	41	150
0	20	145
1	10	139
0	9	151
0	11	148
0	6	150
2	-1	146
1	-1	150
1	19	118
0	-1	149
0	8	151
0	13	148
0	14	150
1	14	124
1	20	150
0	-1	145
2	-1	151
0	19	138
0	17	150
0	10	151
1	-1	135
0	-1	150
0	11	129
0	15	142
0	-1	145
0	-1	149
1	-1	150
0	17	150
3	19	147
0	11	134
0	25	150
0	-1	149
1	15	149
0	7	150
1	11	151
0	-1	148
0	-1	150
1	24	149
0	10	150
0	14	150
0	10	149
0	-1	129
0	16	137
0	20	151
0	-1	149
1	15	151
1	18	110
1	19	151
1	23	150
0	-1	146
0	19	151
1	-1	150
0	13	149
0	-1	147
0	14	150
0	5	150
1	-1	146
0	-1	150
0	31	150
1	-1	150
0	29	150
0	12	151
0	14	131
0	14	148
0	12	147
1	12	149
1	-1	150
0	7	148
0	-1	106
19	22	103
0	16	149
0	13	122
0	15	150
3	12	124
1	17	149
0	13	143
0	15	145
0	14	144
0	-1	150
0	15	144
0	19	148
1	7	104
2	-1	149
0	22	121
1	40	147
0	11	151
0	33	151
1	-1	151
1	7	108
2	-1	150
2	18	150
0	19	148
0	39	151
0	-1	151
0	19	151
0	16	150
0	-1	150
0	20	140
1	38	151
0	9	122
0	-1	135
1	15	150
1	-1	148
0	19	146
0	19	149
0	19	150
0	15	150
0	12	148
0	-1	150
1	20	150
0	-1	148
0	8	150
0	22	149
0	18	150
0	20	149
0	7	78
0	29	151
1	13	150
0	19	150
2	15	146
0	12	151
0	6	150
0	15	141
0	18	150
0	3	67
1	14	150
0	12	150
0	22	148
0	30	138
2	-1	149
1	-1	149
0	13	133
0	15	150
0	13	150
0	-1	146
1	-1	150
0	10	149
1	17	150
0	35	150
0	12	150
2	-1	150
0	8	150
10	16	63
0	2	150
0	8	150
0	-1	149
0	12	150
0	6	149
0	-1	150
1	-1	147
0	12	150
2	-1	147
0	19	150
1	13	125
0	11	150
0	-1	150
0	14	149
1	-1	150
0	22	150
0	22	150
0	11	148
0	-1	150
0	10	146
0	13	150
1	26	146
0	17	149
0	16	147
0	-1	151
0	5	123
0	37	150
1	-1	146
0	-1	126
1	-1	151
3	24	151
0	-1	151
0	-1	151
1	19	151
1	-1	150
0	14	150
1	20	151
1	-1	146
0	11	150
0	17	150
0	-1	147
0	16	150
0	14	151
0	-1	150
0	17	137
0	20	150
0	10	140
1	-1	150
0	19	150
0	14	148
0	18	151
0	14	141
0	-1	150
0	18	149
1	15	148
0	-1	150
2	16	150
0	17	150
0	34	150
0	10	150
0	35	149
0	17	150
0	-1	150
0	11	150
1	-1	150
1	16	150
0	16	150
0	15	150
0	8	149
1	23	149
0	17	120
0	-1	150
1	-1	150
0	20	147
1	16	150
0	12	149
0	14	150
0	14	125
0	-1	128
0	-1	81
0	17	150
0	16	150
1	18	146
0	21	150
0	-1	150
0	17	149
0	15	147
0	9	150
0	-1	151
0	18	150
1	-1	150
1	-1	150
0	-1	150
1	-1	149
0	14	150
1	17	150
0	16	150
0	23	151
1	13	150
0	11	148
1	14	141
1	16	140
1	21	144
0	19	151
0	15	150
2	18	151
0	23	150
0	15	145
1	14	150
1	15	149
0	11	147
1	-1	148
0	15	148
1	13	150
1	18	150
0	18	147
0	-1	150
0	15	150
0	15	142
1	19	150
0	9	149
0	-1	150
1	11	150
0	14	151
3	16	150
0	18	150
0	16	129
0	17	150
1	-1	150
0	15	150
0	-1	148
0	20	151
0	16	150
0	-1	150
0	15	148
1	-1	142
3	20	148
0	9	150
0	-1	140
1	-1	150
0	19	150
0	17	150
0	-1	147
0	-1	150
0	7	148
2	18	150
0	20	151
0	8	146
0	24	150
0	-1	150
1	-1	150
0	7	149
2	41	149
0	17	148
0	-1	147
0	-1	150
0	12	150
1	11	150
0	-1	150
0	16	145
0	16	147
0	23	150
0	13	151
1	15	150
1	16	150
1	21	150
0	18	150
1	-1	149
0	11	135
0	20	148
0	-1	149
0	17	150
0	13	150
0	-1	147
0	11	146
0	13	150
0	15	150
0	-1	150
0	15	150
0	20	150
0	-1	150
0	-1	150
0	12	148
0	27	150
0	28	150
0	10	150
0	11	151
1	12	151
0	18	149
0	13	150
1	-1	147
1	37	148
0	-1	150
0	18	150
1	-1	149
0	11	100
2	-1	131
1	18	150
0	12	149
0	-1	150
2	35	140
0	20	151
0	8	150
0	-1	149
0	17	148
2	16	151
2	11	151
1	-1	150
0	14	150
2	-1	148
0	-1	146
1	42	150
0	-1	149
2	19	150
0	-1	150
1	-1	150
1	18	149
0	16	149
0	17	150
0	38	151
0	-1	150
1	-1	146
0	12	150
2	15	150
0	-1	150
0	16	130
2	-1	150
0	24	150
0	29	150
0	-1	149
1	17	149
0	15	146
0	13	149
0	17	132
0	15	150
1	20	148
0	-1	150
0	21	150
0	10	148
0	21	150
0	15	136
0	10	150
0	-1	150
0	22	150
1	25	151
0	-1	146
0	10	133
0	19	151
0	15	150
1	19	149
1	-1	135
0	-1	150
0	17	146
0	15	144
2	22	145
1	-1	144
1	30	149
0	16	148
0	22	150
1	11	136
0	6	147
0	17	150
0	14	145
1	16	150
0	-1	150
0	-1	149
1	16	101
2	-1	135
0	10	135
1	-1	135
0	20	150
0	21	150
0	-1	137
1	18	146
1	29	150
0	20	150
1	13	151
0	-1	150
0	23	139
2	21	150
4	21	148
1	18	149
1	14	148
2	14	141
0	-1	149
0	-1	150
0	-1	150
0	-1	150
1	-1	151
0	23	144
2	-1	151
0	-1	134
0	-1	150
0	-1	149
2	-1	150
0	11	143
2	18	136
1	16	149
3	24	150
1	10	150
0	15	130
3	-1	150
0	12	150
0	20	147
2	-1	150
1	10	133
0	11	150
0	18	143
0	13	149
0	13	131
0	25	150
2	23	150
1	-1	146
2	-1	150
2	-1	150
1	21	150
2	29	150
0	16	150
0	11	145
1	-1	146
0	15	150
0	13	135
0	13	149
1	-1	138
0	32	148
0	17	151
0	22	150
0	13	150
0	6	149
4	-1	146
0	15	128
1	19	148
0	11	150
0	-1	149
0	-1	151
0	17	144
0	19	150
0	13	149
0	16	133
0	11	151
0	9	147
0	18	150
1	-1	141
1	11	150
1	19	150
1	29	150
0	-1	150
2	-1	150
0	-1	149
0	-1	145
1	10	136
0	-1	143
0	-1	150
0	16	151
2	24	149
0	-1	130
0	-1	147
0	7	149
0	16	151
2	-1	150
1	-1	150
0	8	144
0	14	150
1	-1	151
0	18	150
0	10	127
0	17	149
0	16	146
0	16	150
0	-1	150
1	26	150
0	18	150
0	-1	150
0	17	149
0	-1	149
0	14	150
0	-1	149
0	13	150
1	28	151
1	-1	150
0	-1	142
0	11	147
0	-1	146
0	18	137
1	9	150
1	-1	147
1	11	150
2	16	150
0	-1	147
0	-1	150
2	21	149
1	20	150
0	-1	150
0	9	150
0	9	147
0	8	150
0	22	149
0	18	141
0	10	149
3	16	148
0	-1	151
0	-1	147
0	-1	146
0	17	150
1	16	151
0	-1	151
0	-1	150
1	16	136
0	-1	150
0	-1	150
4	19	149
0	19	150
0	11	146
0	-1	142
0	14	150
0	15	150
0	12	149
0	-1	149
0	13	151
0	17	141
0	20	150
1	16	150
1	37	150
0	-1	146
0	15	122
0	-1	151
0	21	147
0	-1	150
1	16	133
0	14	134
0	27	149
0	18	147
0	16	150
1	-1	150
0	12	149
1	-1	150
0	9	149
0	16	147
0	-1	150
1	-1	151
0	16	130
0	-1	150
0	-1	150
0	-1	118
0	16	149
0	22	150
0	13	150
0	17	150
0	13	150
0	-1	150
0	15	149
1	13	151
0	34	150
0	15	111
0	12	150
3	-1	149
0	16	150
0	-1	150
1	16	150
1	-1	147
2	14	149
0	5	100
0	-1	138
0	17	147
1	-1	150
0	21	151
0	32	151
0	17	151
0	-1	144
2	-1	149
0	-1	150
1	14	138
1	-1	151
1	16	150
1	-1	150
0	-1	150
1	21	145
2	20	133
0	12	144
0	11	136
0	31	151
0	-1	148
1	-1	149
0	34	150
1	10	150
0	25	150
1	-1	148
0	-1	150
0	8	150
0	11	150
0	-1	149
0	-1	142
0	-1	148
0	16	151
1	15	149
1	16	148
0	13	144
0	14	149
1	12	151
0	-1	149
0	28	149
0	-1	150
0	14	151
0	16	150
0	12	150
1	15	150
1	31	150
1	21	150
0	18	148
0	14	150
1	-1	150
0	16	151
1	11	76
0	-1	150
1	21	151
0	-1	150
0	-1	151
0	-1	149
1	9	94
0	11	150
0	20	151
0	-1	120
1	11	149
1	-1	150
0	10	147
2	20	146
0	7	150
0	-1	137
0	-1	150
0	14	147
0	14	119
0	-1	150
1	14	150
1	12	150
0	-1	151
0	-1	150
0	19	143
1	21	147
0	20	150
0	13	143
1	16	151
1	17	150
0	22	140
0	9	147
0	10	151
0	15	147
0	-1	148
1	-1	150
0	10	150
0	-1	150
0	12	150
1	-1	150
0	-1	143
0	8	148
0	12	150
0	15	150
0	15	150
0	21	148
0	21	124
0	-1	150
0	9	146
5	35	148
0	18	150
1	28	150
0	-1	149
1	20	150
1	-1	150
1	11	150
0	-1	150
0	15	151
0	18	148
0	12	135
0	19	150
0	-1	150
0	7	136
0	30	130
0	14	150
1	19	151
0	-1	150
0	-1	150
0	19	151
0	13	140
0	16	144
0	8	149
0	13	150
1	-1	150
0	-1	150
0	-1	151
0	31	149
0	18	149
0	19	150
0	-1	149
0	17	147
0	16	150
0	-1	145
0	16	151
1	13	150
0	-1	150
0	22	131
0	16	150
0	10	151
0	21	149
1	17	136
0	-1	149
0	11	150
1	-1	150
0	21	150
1	18	151
0	-1	150
1	16	150
1	-1	150
1	10	117
1	18	150
0	-1	147
0	-1	150
0	22	150
0	-1	149
0	16	128
0	-1	146
0	-1	144
1	18	151
0	-1	148
0	13	151
0	11	105
1	18	146
0	11	127
1	33	150
0	14	121
0	19	150
0	-1	150
0	17	146
0	15	112
0	11	149
1	-1	151
0	16	150
0	13	150
0	17	149
0	14	150
2	16	149
1	17	146
1	-1	150
0	28	150
0	6	141
0	-1	149
2	15	151
0	32	150
0	14	149
0	17	149
0	14	150
1	15	145
0	21	150
0	17	138
0	20	150
0	-1	148
0	-1	151
0	-1	148
0	-1	145
0	-1	150
1	23	150
1	-1	148
1	18	151
1	22	150
0	16	150
0	11	149
0	14	141
0	16	141
0	-1	150
1	20	150
0	18	151
0	-1	150
0	35	150
0	23	147
2	-1	147
0	21	146
0	20	135
0	16	148
0	16	150
0	20	127
0	23	150
0	-1	124
1	15	149
1	-1	150
2	-1	147
0	-1	150
0	-1	149
2	15	151
0	34	150
0	20	149
2	14	135
0	-1	151
0	12	150
1	21	150
1	-1	145
0	22	142
0	14	127
1	13	143
1	-1	150
0	-1	150
1	17	103
0	24	147
0	16	150
0	1	142
1	11	147
0	20	122
0	11	150
0	13	148
0	-1	102
0	-1	148
0	18	151
0	9	150
0	15	151
0	12	150
1	-1	150
1	15	150
1	23	147
0	-1	108
0	18	143
0	12	149
3	-1	150
0	12	150
0	15	146
0	-1	145
0	-1	147
1	-1	147
1	-1	141
1	-1	149
0	-1	151
0	-1	150
0	-1	149
0	20	150
0	-1	140
0	14	150
0	15	148
1	-1	133
0	10	150
0	-1	148
0	-1	133
1	20	151
0	10	128
1	-1	150
0	19	149
0	16	149
0	-1	148
1	13	128
0	38	149
0	-1	151
0	12	139
0	8	150
0	14	143
1	16	150
3	17	151
0	13	138
0	14	150
0	19	144
1	-1	151
1	10	150
1	-1	150
0	18	150
0	34	150
0	-1	150
0	-1	150
0	15	150
0	17	150
0	-1	149
0	-1	147
0	13	150
0	-1	146
2	-1	148
0	-1	145
0	-1	147
0	21	150
0	29	150
0	7	145
0	12	148
0	25	128
0	12	150
2	29	150
0	8	150
0	-1	150
0	15	138
0	17	123
0	-1	150
0	17	150
0	-1	148
0	-1	149
2	12	150
0	-1	150
0	18	150
0	16	145
0	-1	150
0	18	106
1	-1	148
1	20	150
0	16	150
1	7	145
1	-1	150
0	-1	150
0	5	134
1	12	149
0	15	126
1	27	122
0	11	150
0	37	150
0	10	151
0	16	150
25	26	79
0	7	120
0	19	126
0	-1	150
0	-1	150
2	23	150
0	21	146
0	-1	145
1	9	95
1	12	150
0	-1	137
0	19	144
0	13	150
1	17	143
1	-1	145
0	-1	147
0	-1	151
0	26	150
0	17	147
0	10	150
0	13	151
1	17	150
1	14	149
1	-1	147
1	15	150
0	9	130
1	19	150
2	-1	149
0	14	148
1	-1	150
0	8	141
0	11	121
0	28	149
0	-1	147
0	-1	150
0	10	120
0	18	147
0	20	148
0	18	141
2	-1	150
0	21	149
0	10	143
1	-1	149
0	-1	123
0	9	151
0	2	150
0	16	143
0	-1	138
1	28	150
0	7	151
0	14	150
0	-1	150
1	-1	149
1	13	150
0	8	150
0	18	150
0	9	149
0	16	131
2	-1	147
3	-1	139
1	23	151
1	-1	148
0	14	148
0	-1	145
0	-1	148
1	12	150
0	-1	149
21	22	64
0	-1	143
0	-1	118
0	40	144
1	40	145
1	13	148
0	-1	150
0	20	151
0	-1	150
1	19	134
2	22	150
1	14	147
2	12	137
0	13	145
2	-1	145
2	20	151
0	12	149
2	-1	149
0	-1	140
0	10	150
0	-1	145
1	-1	147
1	12	147
0	-1	142
2	15	150
0	20	142
0	8	148
1	-1	150
1	28	150
0	13	132
0	-1	147
2	24	150
0	11	140
0	10	150
0	10	150
1	12	128
0	6	148
0	-1	148
1	10	125
0	-1	144
0	10	138
1	-1	143
0	-1	149
0	23	150
1	10	107
0	15	148
0	17	150
0	11	137
0	19	146
0	17	142
1	8	144
1	11	132
1	10	142
1	24	129
0	16	150
1	18	148
1	18	150
0	-1	149
1	-1	144
1	11	121
1	13	146
0	-1	149
0	20	140
0	21	147
1	-1	151
2	32	151
0	17	145
0	17	150
0	-1	150
0	6	62
0	-1	149
0	44	150
0	17	149
0	-1	150
1	6	107
0	16	150
1	-1	150
1	12	150
1	-1	148
1	11	151
1	18	149
1	-1	148
0	11	148
0	14	148
0	13	149
1	-1	150
0	-1	144
2	-1	150
2	18	148
0	16	125
0	15	147
1	-1	151
2	-1	150
1	15	150
2	-1	145
0	15	114
0	18	148
0	15	150
1	4	115
0	-1	150
0	16	150
0	-1	149
0	17	123
0	18	139
0	29	151
1	-1	150
2	11	142
1	13	119
0	9	133
0	10	150
0	-1	127
0	-1	150
0	-1	150
0	15	150
0	37	119
2	-1	148
0	-1	147
0	20	150
0	20	150
0	15	149
0	13	130
0	14	150
0	20	150
0	13	147
0	15	150
1	31	150
0	13	130
0	7	150
1	13	150
0	11	150
0	-1	151
0	-1	88
0	-1	150
1	21	150
0	15	135
0	-1	149
1	-1	149
0	17	150
0	13	150
0	18	125
0	27	124
0	20	141
3	-1	150
0	11	150
0	17	129
1	10	138
0	10	149
0	12	150
0	17	149
0	14	149
0	-1	151
0	10	138
0	18	150
1	15	150
0	17	151
0	-1	144
0	11	150
0	11	130
0	26	149
1	-1	148
1	32	130
1	-1	150
0	9	150
0	-1	151
1	11	151
0	18	130
0	23	150
0	12	148
2	14	151
0	-1	113
0	28	132
0	17	149
0	20	149
0	-1	120
1	-1	151
0	17	149
0	20	132
0	-1	149
0	7	118
1	19	150
0	-1	148
0	11	150
2	24	150
0	-1	150
0	17	151
0	9	151
1	13	146
0	-1	150
0	-1	151
0	-1	150
0	-1	149
0	23	145
0	20	150
1	-1	149
1	17	150
1	-1	151
0	29	147
0	11	149
0	-1	149
1	12	147
0	21	147
0	18	145
0	-1	120
0	16	150
1	17	150
1	21	151
0	-1	149
1	-1	139
0	14	150
0	1	125
0	18	149
0	20	150
0	-1	150
0	15	149
0	-1	150
0	7	150
0	17	135
0	-1	151
0	11	150
0	36	142
0	15	147
0	-1	150
0	-1	149
0	-1	149
1	21	147
0	-1	119
1	14	147
0	18	150
0	19	150
0	-1	149
0	12	145
0	-1	151
0	15	150
0	21	119
0	11	139
0	31	148
0	-1	149
1	-1	150
0	-1	150
0	25	149
0	10	148
1	-1	150
0	-1	149
0	22	151
0	14	140
0	17	148
3	-1	150
1	-1	150
0	36	150
0	28	136
0	15	151
0	15	150
0	10	147
2	14	144
1	-1	103
0	-1	149
0	16	150
0	-1	148
0	9	86
1	18	149
0	11	151
1	15	151
1	-1	140
0	33	151
0	18	149
2	22	150
0	22	144
0	9	136
0	12	150
1	19	149
1	11	132
0	22	151
0	13	149
0	13	149
3	12	150
0	17	145
0	11	150
1	23	143
0	14	107
0	17	150
0	23	150
0	-1	137
0	18	150
0	10	150
0	18	150
0	48	149
0	14	147
0	15	148
1	14	150
0	-1	149
1	10	133
2	17	150
1	-1	147
0	21	150
0	10	149
0	13	150
0	23	151
1	10	129
0	-1	150
0	13	116
0	15	146
0	11	103
0	23	114
0	13	150
0	-1	144
1	-1	142
0	19	149
0	39	150
0	16	150
1	11	146
0	15	147
1	11	143
1	13	150
2	8	138
1	-1	146
1	-1	151
0	13	148
0	11	124
1	20	145
0	26	136
2	16	106
0	-1	142
0	19	148
0	14	147
0	20	149
1	16	141
1	19	124
0	17	150
0	9	150
1	15	136
1	11	127
2	19	147
1	17	150
0	-1	150
1	9	88
0	16	150
0	24	149
2	20	150
1	19	150
0	42	147
0	-1	147
0	13	145
0	13	150
0	9	105
0	9	143
0	16	119
2	-1	150
0	15	132
0	-1	150
0	13	136
1	12	150
1	7	148
0	16	151
0	-1	147
1	22	150
0	18	150
0	13	147
0	21	150
0	-1	147
0	-1	150
1	30	146
0	-1	148
1	11	150
0	18	144
0	15	150
0	-1	150
1	15	151
0	13	150
0	10	147
1	19	151
0	7	148
0	13	148
0	18	151
0	14	144
1	15	150
0	-1	150
0	13	151
1	18	150
0	18	150
0	14	150
1	16	150
0	19	124
1	19	145
1	15	150
2	19	136
0	-1	150
0	11	150
1	-1	151
0	17	151
1	-1	151
2	19	150
0	-1	148
1	-1	150
1	-1	151
1	16	148
0	-1	148
0	14	151
0	14	150
1	10	145
0	15	150
0	23	147
0	16	125
0	8	148
1	-1	151
0	-1	150
0	18	150
0	37	148
1	-1	151
1	15	150
1	22	150
0	22	149
1	14	137
0	-1	149
0	-1	150
3	-1	147
0	19	144
1	-1	146
0	-1	148
0	-1	151
0	10	147
0	13	145
1	20	150
1	-1	138
0	15	150
1	-1	150
1	10	149
0	-1	146
1	-1	146
0	17	150
0	14	150
0	-1	150
0	9	150
0	-1	146
1	-1	144
0	18	150
1	-1	150
1	43	150
1	-1	148
0	10	150
0	36	150
0	16	148
1	13	150
1	23	148
0	18	139
1	-1	150
1	14	150
0	22	150
1	31	150
0	13	151
0	-1	141
0	22	150
0	17	151
0	10	147
2	-1	151
1	17	150
0	-1	150
2	9	150
0	-1	150
0	16	148
0	27	151
0	17	150
1	14	150
0	17	133
0	18	150
0	13	150
3	20	150
0	19	150
0	9	148
0	15	147
0	18	150
0	15	150
1	34	142
0	-1	148
1	14	150
0	11	136
1	20	146
0	-1	127
0	21	150
0	39	150
0	15	149
0	29	147
1	27	129
0	15	150
0	7	118
0	38	150
0	22	150
1	11	147
1	16	150
1	-1	150
0	9	136
1	22	146
0	2	150
1	-1	146
0	17	98
0	12	150
1	19	150
0	10	150
1	-1	125
0	13	147
0	-1	150
0	10	146
1	40	148
1	-1	150
1	42	150
0	-1	146
0	-1	148
1	10	149
0	19	147
0	12	143
1	-1	135
2	-1	149
0	6	150
0	12	130
0	-1	150
0	15	149
0	14	150
1	21	150
0	16	148
1	16	150
0	16	150
0	16	151
0	10	139
1	17	144
0	7	150
0	-1	148
0	-1	150
0	14	144
1	31	147
0	12	150
6	-1	145
0	-1	149
0	15	150
1	14	148
0	-1	146
0	13	151
0	24	118
1	21	130
0	16	151
0	9	150
0	17	149
1	14	150
0	18	150
0	11	150
0	21	149
0	-1	150
0	10	121
0	14	150
1	17	150
0	20	149
0	-1	120
0	33	150
1	-1	149
1	10	150
0	18	150
0	27	150
0	15	150
1	18	150
0	-1	150
1	-1	149
0	31	150
0	16	151
2	17	151
0	17	149
0	18	150
1	17	147
0	18	137
1	-1	150
0	21	150
0	17	146
1	-1	143
0	16	138
2	14	151
0	-1	150
27	37	124
0	11	147
0	14	150
1	16	143
0	-1	150
0	15	116
1	-1	151
0	17	150
0	-1	149
0	13	148
0	16	151
0	25	105
0	19	148
0	18	118
0	24	118
0	17	149
0	17	146
0	17	150
0	19	147
0	13	146
0	13	142
2	9	150
0	17	151
0	17	149
1	-1	149
0	14	149
0	16	114
1	17	150
1	16	148
0	12	150
1	12	150
0	14	150
0	-1	147
0	19	150
0	-1	129
1	-1	150
0	-1	151
0	5	112
0	-1	150
0	16	150
1	16	150
0	-1	130
1	24	150
1	17	150
0	17	149
0	-1	147
0	-1	150
0	15	150
0	34	144
0	-1	150
2	-1	150
0	15	149
0	16	150
0	-1	150
0	14	144
0	35	150
0	12	149
0	14	150
0	18	144
1	-1	150
0	-1	148
1	8	150
0	16	149
2	6	145
0	-1	147
1	16	150
1	-1	150
0	7	150
2	9	151
0	-1	149
0	6	150
1	-1	150
0	11	144
1	20	150
0	-1	147
0	13	148
1	-1	150
0	-1	149
0	10	150
0	-1	139
1	-1	145
0	13	147
0	26	112
0	15	139
0	16	150
1	-1	150
0	-1	151
0	7	151
1	18	143
0	18	149
1	18	148
0	11	133
0	11	150
0	12	150
0	11	145
1	22	150
0	-1	150
0	17	147
0	21	150
1	-1	149
0	25	150
0	-1	140
0	18	150
1	-1	142
1	21	150
0	15	150
1	-1	148
1	16	150
0	16	150
0	15	149
1	24	150
1	-1	150
0	23	150
0	-1	145
0	-1	145
0	-1	147
0	-1	150
1	-1	149
0	10	148
0	-1	150
0	15	147
0	-1	131
0	22	149
0	20	149
0	-1	142
0	19	150
0	-1	147
0	-1	131
0	21	150
0	14	150
1	28	127
1	26	150
0	11	150
1	16	131
1	-1	149
1	17	150
0	-1	145
0	-1	150
1	19	150
1	9	149
0	14	140
0	15	120
1	36	150
0	18	150
1	-1	150
1	11	133
0	-1	149
1	-1	150
0	21	150
0	16	150
0	17	128
0	-1	102
0	25	147
0	9	151
0	26	151
0	-1	150
0	-1	150
1	-1	150
0	8	112
1	19	150
0	-1	151
0	11	133
0	15	149
0	13	144
0	9	149
0	-1	148
0	14	146
0	12	141
0	22	149
0	19	151
2	-1	148
0	19	134
2	-1	150
0	16	148
0	20	151
0	9	150
0	15	146
0	16	150
0	31	142
0	22	147
3	30	130
1	-1	150
0	12	140
0	14	120
0	-1	148
1	-1	148
0	5	149
2	10	149
0	-1	148
0	-1	146
0	-1	126
0	-1	149
0	13	92
1	8	150
1	29	150
0	9	150
0	10	148
0	21	149
0	-1	100
0	6	151
0	-1	146
0	9	150
0	14	150
1	12	137
1	-1	149
0	15	151
1	36	149
2	-1	151
1	-1	148
0	26	151
1	-1	151
0	9	94
1	-1	150
0	34	150
0	-1	146
1	-1	147
0	-1	150
0	20	130
0	-1	151
0	15	149
0	21	150
0	16	117
1	19	146
0	-1	146
0	19	150
0	12	118
0	10	150
0	11	150
0	-1	151
1	12	149
0	13	150
0	12	150
0	17	143
1	15	147
0	-1	150
1	14	149
0	19	139
1	18	147
0	27	150
0	15	151
0	-1	150
0	-1	151
1	16	150
0	-1	134
0	10	145
0	23	149
1	-1	150
0	17	150
0	19	141
1	9	149
1	-1	150
1	-1	146
0	16	147
0	17	150
1	12	150
1	-1	148
0	16	123
0	-1	114
0	10	139
3	-1	149
0	13	146
0	12	150
0	16	147
1	22	149
0	-1	150
1	37	150
0	14	134
0	-1	150
1	-1	150
2	-1	150
0	2	68
0	15	150
0	-1	144
3	-1	149
0	22	150
0	-1	147
0	17	150
0	9	148
0	-1	149
1	31	118
0	5	81
1	15	129
0	19	150
0	14	150
0	12	150
1	-1	150
1	14	129
0	19	150
1	-1	151
1	21	124
1	18	150
2	17	142
3	-1	150
0	-1	150
1	23	149
2	-1	149
1	14	146
1	15	148
0	19	150
0	-1	150
0	-1	149
0	20	150
1	24	145
0	17	148
0	18	144
1	23	150
0	25	144
0	45	151
1	22	147
0	14	150
0	14	151
2	25	150
1	20	150
0	-1	149
0	14	151
0	12	146
1	15	147
0	16	150
0	-1	150
0	10	150
0	-1	145
0	17	147
0	-1	150
0	-1	151
0	23	150
0	-1	150
1	15	149
1	-1	149
0	-1	149
1	-1	141
0	14	150
2	18	148
0	-1	148
0	-1	151
0	13	142
0	-1	150
0	15	149
2	-1	150
1	-1	150
0	23	148
0	15	150
0	14	149
0	19	148
1	11	149
0	34	147
2	-1	150
0	20	150
1	18	150
0	15	150
0	15	150
0	-1	144
1	47	151
0	13	150
0	13	148
1	18	151
0	22	137
0	-1	150
1	12	151
0	12	148
0	-1	146
1	-1	151
0	-1	144
0	8	139
0	12	150
1	-1	149
1	-1	151
0	17	150
0	-1	150
2	-1	151
0	24	136
0	17	150
1	-1	150
1	20	150
0	-1	150
0	-1	147
0	-1	142
0	-1	150
1	-1	149
0	-1	151
0	10	140
0	-1	150
0	12	150
0	15	147
0	14	149
0	16	137
0	13	138
0	-1	150
0	-1	143
0	7	149
0	8	150
0	-1	150
0	-1	150
1	-1	149
1	18	149
0	16	150
1	-1	149
0	16	148
2	15	150
2	17	150
1	22	150
1	25	146
0	-1	149
0	-1	150
0	-1	130
0	22	149
0	20	139
0	20	149
0	-1	150
0	-1	151
0	15	133
0	15	150
0	9	149
0	18	149
0	22	143
0	17	150
0	23	145
1	16	98
1	-1	150
1	-1	148
0	-1	150
0	11	150
1	-1	150
1	-1	150
0	35	149
0	19	150
1	16	147
1	20	149
0	16	137
0	-1	137
1	26	140
0	16	150
0	11	134
0	9	100
2	15	150
1	12	105
1	42	151
0	-1	150
1	13	150
0	18	148
0	-1	151
0	17	150
1	10	150
0	20	150
1	41	147
0	-1	150
1	13	150
0	-1	151
0	32	149
0	-1	137
0	-1	151
1	-1	149
1	17	140
0	15	150
1	8	150
0	23	150
0	21	150
0	-1	147
1	21	149
1	-1	147
0	15	147
0	23	132
0	14	150
0	17	150
0	16	145
1	8	147
0	-1	129
0	15	121
0	25	150
0	15	150
0	17	151
0	17	150
1	7	150
0	-1	150
0	14	146
0	17	151
1	-1	147
2	22	150
1	39	150
0	9	142
0	-1	148
0	15	148
0	15	150
0	12	150
0	22	150
1	15	146
0	20	150
2	12	145
0	30	150
0	-1	150
1	-1	148
0	-1	149
1	17	150
0	-1	148
0	20	122
0	12	151
0	16	150
0	29	148
0	-1	134
0	14	149
0	14	146
1	10	129
0	12	97
0	-1	150
1	19	151
0	18	150
0	18	150
0	-1	146
1	-1	133
0	9	100
0	-1	150
1	22	150
1	-1	150
0	4	150
0	24	149
0	20	149
0	15	149
0	17	144
0	18	140
2	18	151
0	24	142
0	9	126
0	10	150
0	14	139
0	-1	150
0	13	142
1	18	150
0	20	150
0	-1	150
0	-1	146
1	14	147
2	16	150
0	13	150
0	12	150
0	22	150
0	13	149
0	15	140
0	-1	150
0	15	129
0	-1	150
0	13	149
0	10	150
0	14	150
0	10	151
0	10	134
1	-1	148
1	14	150
0	-1	150
0	-1	149
0	31	122
0	-1	150
1	-1	151
1	-1	150
1	13	150
0	-1	150
0	26	145
0	21	150
0	15	150
0	12	146
1	-1	148
0	13	149
0	17	147
2	40	150
0	-1	129
0	11	151
0	13	149
1	38	148
1	16	147
0	12	141
0	19	151
1	23	146
0	17	149
0	-1	147
1	5	151
0	7	150
0	15	150
0	16	151
0	9	150
0	16	149
1	16	118
0	36	150
0	-1	147
0	10	147
0	-1	144
1	-1	150
1	15	91
0	-1	151
1	18	148
0	15	149
0	19	149
1	20	150
0	-1	151
0	-1	149
0	17	136
1	38	146
2	18	120
0	-1	150
0	23	143
1	12	142
0	15	151
0	28	150
2	14	104
1	24	146
0	33	144
0	21	150
0	5	137
0	17	150
0	-1	148
0	-1	149
1	23	147
30	53	150
2	16	129
0	15	149
1	3	64
1	14	150
0	9	149
2	20	150
0	-1	149
0	-1	150
1	36	142
0	21	151
0	8	90
0	18	139
1	14	137
0	10	141
0	13	144
0	25	150
0	13	149
0	16	140
0	-1	150
1	-1	149
1	-1	135
0	26	150
0	-1	150
0	12	149
1	-1	150
0	43	150
2	11	138
0	-1	149
0	13	150
0	21	151
0	15	150
2	-1	150
0	15	150
0	25	149
0	22	150
0	13	150
1	13	151
0	11	150
1	-1	151
1	11	150
1	10	142
1	-1	150
0	40	150
0	-1	150
0	33	150
1	-1	142
0	15	145
0	-1	146
1	13	151
1	16	151
0	16	150
0	4	121
0	14	135
2	14	147
1	25	105
1	12	150
0	-1	150
0	41	149
2	37	150
1	19	144
0	-1	148
1	8	149
0	14	150
0	28	145
0	14	135
0	18	150
0	-1	109
0	14	148
0	-1	143
0	-1	146
0	8	148
0	15	150
0	14	147
0	-1	150
0	23	150
0	19	138
1	25	121
0	-1	150
0	-1	150
0	-1	151
0	-1	150
1	14	150
2	12	150
0	17	148
0	-1	129
0	15	149
0	27	150
0	12	151
1	20	150
0	-1	150
0	-1	136
1	22	148
2	13	123
1	-1	148
1	-1	150
0	19	147
0	15	149
0	15	138
0	16	151
0	18	151
1	-1	151
1	16	150
0	21	147
0	-1	150
1	-1	150
0	18	149
2	16	127
0	14	135
1	21	150
1	13	103
0	-1	148
0	7	141
1	-1	131
0	-1	148
1	-1	149
0	10	150
0	15	149
1	-1	149
1	15	150
1	13	149
0	-1	150
1	13	98
0	-1	151
0	8	150
1	15	150
1	-1	150
0	23	145
1	24	149
0	15	148
1	-1	150
0	6	148
0	12	149
0	-1	148
1	17	142
0	7	115
1	23	144
1	10	151
0	20	146
0	14	131
1	11	150
1	20	149
0	-1	149
0	16	150
1	20	144
0	20	150
0	-1	151
0	-1	149
0	10	150
0	16	150
0	-1	148
1	16	146
0	23	150
0	-1	138
1	7	104
0	12	149
0	22	150
0	24	150
1	12	140
0	17	150
0	13	151
1	14	149
0	30	145
0	-1	150
0	12	132
0	-1	150
1	20	148
0	-1	150
0	19	142
0	-1	149
1	15	115
0	13	130
0	19	150
3	15	145
1	-1	148
0	27	150
0	10	138
0	34	150
0	15	150
4	-1	151
1	-1	150
0	14	146
0	-1	149
1	17	150
1	17	151
1	-1	146
1	20	151
0	-1	150
2	17	150
0	15	151
0	-1	148
1	-1	150
0	12	144
0	5	131
1	12	151
2	16	145
1	18	149
0	-1	151
0	17	150
0	-1	150
0	29	150
0	31	145
0	14	150
1	13	151
0	-1	150
0	16	150
1	10	144
0	17	134
1	8	150
2	-1	148
1	10	151
0	15	121
1	19	150
0	8	144
0	14	150
1	16	150
0	-1	151
0	13	150
1	-1	151
33	34	105
25	26	81
26	27	84
36	39	115
0	10	136
0	-1	147
0	-1	150
0	33	149
0	14	125
0	20	148
0	23	150
0	17	150
30	-1	98
0	8	149
0	12	150
1	19	149
1	34	147
0	-1	150
0	15	150
0	20	148
3	16	149
0	-1	150
0	15	150
0	40	150
1	16	150
0	17	150
0	-1	150
0	18	151
1	25	144
0	12	143
1	-1	140
0	15	150
0	-1	145
0	12	151
0	-1	150
1	15	150
0	21	150
1	-1	149
1	-1	149
0	-1	125
0	-1	149
1	19	151
0	-1	145
0	13	149
5	15	116
1	13	127
1	12	143
1	-1	145
0	-1	133
0	-1	150
0	14	133
0	23	150
0	-1	150
0	-1	150
0	16	150
0	22	151
1	7	151
0	16	135
0	23	149
0	11	135
0	6	142
0	12	150
1	-1	151
0	18	149
1	20	150
1	19	143
0	-1	148
0	25	145
0	29	140
0	16	151
0	13	150
0	14	148
0	-1	149
0	18	148
2	18	150
1	-1	150
0	-1	150
1	20	148
0	-1	150
2	14	120
0	-1	149
2	-1	147
0	25	144
0	13	151
0	-1	150
1	11	151
0	32	151
0	22	149
1	-1	151
0	14	150
0	-1	150
0	18	150
0	10	136
1	-1	134
0	-1	149
0	-1	149
1	7	125
0	7	132
0	-1	141
0	18	136
0	-1	149
0	14	135
0	11	141
0	-1	149
3	9	150
0	13	132
1	37	120
1	24	150
1	10	141
0	-1	149
0	28	150
0	15	150
0	14	148
1	-1	150
0	20	144
0	11	150
0	6	65
0	15	147
0	18	150
1	18	150
1	15	150
0	17	150
0	13	142
0	12	151
0	10	124
1	-1	139
0	18	144
0	-1	150
1	-1	131
0	-1	150
0	33	138
0	18	130
0	10	150
0	-1	83
0	-1	122
1	23	149
0	9	150
0	10	129
1	17	150
1	11	128
0	-1	150
0	-1	150
0	-1	149
0	24	148
0	8	149
0	-1	150
0	27	145
0	23	141
0	29	147
0	-1	139
0	8	97
0	16	150
0	12	149
0	-1	81
0	8	149
0	19	151
0	-1	150
0	20	150
2	17	151
1	11	146
1	-1	139
0	13	146
0	23	142
0	19	150
0	-1	122
1	-1	147
0	-1	132
1	9	136
0	-1	122
1	16	150
0	8	144
2	15	150
0	17	150
0	17	132
1	15	148
2	18	150
1	16	151
0	12	149
2	17	138
0	-1	151
0	14	141
0	13	145
0	16	148
2	17	150
0	15	149
0	20	150
0	21	144
0	8	121
1	15	150
1	14	148
0	21	151
2	31	125
0	17	150
1	26	135
0	1	106
0	-1	148
0	15	149
0	14	148
0	22	150
1	25	151
0	14	147
0	15	151
1	-1	134
1	-1	150
1	-1	142
0	19	150
1	-1	151
0	19	142
0	13	149
0	11	117
1	36	149
0	-1	150
0	13	131
0	-1	148
0	10	148
0	-1	146
1	16	150
0	9	149
0	27	149
1	-1	151
0	47	147
0	-1	150
0	17	144
1	-1	148
0	-1	120
1	21	149
0	25	150
1	10	150
1	-1	145
0	19	150
2	24	147
0	23	139
2	39	150
0	12	142
0	6	125
1	14	150
0	24	151
0	16	146
0	12	150
0	-1	149
0	21	151
0	19	150
0	-1	150
0	24	149
0	17	132
0	19	148
1	-1	134
0	14	150
0	-1	149
1	-1	137
0	-1	150
2	33	149
0	-1	131
1	-1	141
0	-1	150
0	11	150
0	11	150
0	13	150
0	9	123
0	26	132
0	-1	149
1	13	113
0	13	98
0	13	135
1	14	147
0	13	146
0	16	139
1	-1	136
0	5	146
0	-1	150
0	14	123
0	15	151
0	-1	112
0	12	150
0	-1	121
0	-1	149
0	18	140
0	-1	151
1	-1	147
1	24	149
0	20	150
0	16	148
1	19	150
1	21	141
0	16	150
0	15	148
1	9	92
0	-1	150
1	15	133
0	-1	150
33	33	117
0	45	151
1	18	142
0	13	149
1	-1	149
0	10	149
0	-1	128
1	-1	150
1	37	150
0	11	150
2	9	148
1	18	146
0	12	119
1	-1	149
0	-1	131
0	18	150
1	-1	150
1	-1	143
2	15	145
1	-1	123
0	-1	148
0	35	142
0	31	149
0	16	120
0	-1	147
0	-1	144
4	15	148
1	19	151
0	5	147
1	8	115
0	-1	150
3	-1	148
0	17	148
0	13	123
0	8	150
0	20	150
0	13	122
0	13	150
1	23	149
1	-1	150
0	29	147
2	20	150
0	-1	150
0	22	150
0	11	122
1	-1	148
0	35	135
0	-1	150
0	-1	135
0	-1	146
1	-1	121
0	15	151
1	-1	142
0	15	132
0	20	148
0	24	134
0	15	144
0	18	151
0	-1	148
2	26	149
0	30	149
1	19	143
0	-1	127
0	-1	118
0	20	144
0	-1	134
0	9	149
0	26	144
0	-1	148
2	-1	148
0	16	99
1	16	150
1	-1	150
1	-1	138
1	7	140
0	-1	150
0	30	149
2	13	128
0	-1	150
0	23	150
0	15	150
0	14	150
0	17	150
0	19	137
0	22	150
0	-1	122
57	77	149
0	25	150
0	17	150
1	16	146
0	11	151
0	22	115
0	17	150
0	23	150
0	-1	151
0	15	151
0	12	146
0	8	142
0	7	150
0	-1	150
1	-1	151
0	-1	150
0	19	151
0	10	103
0	22	149
0	21	149
0	17	146
0	13	150
0	23	143
1	-1	149
0	14	127
0	-1	138
0	12	124
1	-1	147
0	9	139
0	5	149
0	8	151
0	31	151
0	11	147
1	16	135
0	21	151
0	-1	146
32	47	148
0	17	149
0	37	145
0	-1	150
0	-1	149
41	41	149
0	23	104
1	17	150
0	13	150
0	12	121
0	-1	150
0	9	147
0	-1	150
0	-1	145
1	15	148
0	33	150
1	-1	150
35	41	147
1	43	149
1	35	148
0	11	150
0	-1	149
0	23	150
0	-1	147
0	18	147
0	18	149
0	-1	150
1	-1	149
0	19	150
0	13	145
1	17	148
1	25	149
0	8	151
0	31	150
0	15	150
0	13	148
28	28	81
0	-1	150
0	19	114
1	19	150
0	5	150
1	-1	147
0	13	148
0	-1	151
0	-1	136
1	41	151
0	-1	146
1	11	118
1	13	146
1	14	150
0	19	133
0	22	151
0	-1	149
0	13	150
1	-1	150
2	34	150
1	17	151
0	17	120
0	17	150
0	-1	150
1	21	149
1	16	150
0	14	111
0	-1	149
1	16	148
1	-1	150
0	13	150
0	13	105
0	30	139
0	-1	143
0	17	150
1	-1	150
1	23	137
0	-1	151
0	13	150
0	14	150
0	10	150
1	17	148
0	20	149
0	-1	150
0	16	151
1	19	150
0	18	150
1	13	146
0	-1	150
0	20	151
2	-1	151
0	-1	150
1	2	144
0	-1	149
1	21	150
0	16	150
0	42	142
0	18	130
0	8	150
1	-1	138
0	12	149
0	16	149
0	18	151
1	16	147
0	21	150
1	-1	151
0	22	147
1	15	144
0	-1	149
0	-1	145
1	21	150
0	22	150
0	20	151
0	14	141
1	22	150
0	17	148
0	13	150
0	12	149
0	23	151
1	13	150
1	-1	133
0	16	150
1	22	147
4	-1	143
0	15	150
1	14	145
0	17	151
0	14	149
0	-1	132
1	14	143
0	-1	149
1	19	129
0	17	147
0	13	130
0	25	150
0	-1	149
0	6	145
0	14	150
1	19	150
0	-1	143
1	-1	150
1	-1	150
0	-1	149
0	12	150
1	-1	147
0	11	151
0	11	150
1	18	138
0	21	150
0	22	150
0	13	149
2	21	151
0	17	150
0	20	142
1	19	150
0	-1	140
0	12	146
0	16	150
0	-1	150
0	15	150
1	24	150
0	33	147
0	10	150
2	-1	150
0	20	149
0	-1	136
1	-1	151
0	-1	150
1	-1	148
0	22	151
0	17	150
0	11	150
0	10	149
0	11	146
0	22	150
0	-1	149
0	13	149
0	19	144
0	15	151
0	-1	149
0	34	150
0	-1	150
0	-1	151
0	-1	150
0	-1	149
2	22	142
0	18	150
0	21	150
2	14	149
0	38	146
0	-1	145
0	-1	150
0	-1	151
0	-1	150
0	33	150
1	16	150
0	17	150
0	16	150
0	30	149
0	21	151
0	-1	150
0	-1	149
0	15	150
0	32	151
1	-1	150
0	16	137
0	-1	150
1	19	147
0	15	150
0	1	70
0	16	147
0	10	149
0	-1	149
0	22	150
0	15	150
1	-1	149
1	-1	128
0	-1	146
1	10	150
0	-1	143
0	-1	149
0	-1	150
1	-1	150
0	-1	149
1	18	150
2	21	143
0	16	135
1	21	124
0	15	147
0	-1	145
0	14	149
0	-1	145
0	22	150
1	-1	151
0	12	150
1	-1	149
0	23	151
1	15	150
0	12	124
1	29	150
0	22	146
0	8	143
1	11	150
0	-1	150
0	22	150
0	-1	146
1	8	141
1	17	150
1	-1	150
0	-1	149
1	-1	145
0	-1	147
0	-1	126
0	11	150
0	-1	148
1	-1	150
0	13	150
0	16	146
0	20	150
0	13	150
0	14	148
0	11	150
0	-1	148
0	22	150
0	-1	150
0	-1	150
0	-1	151
0	24	149
0	15	147
0	17	148
1	-1	145
0	-1	151
0	14	150
0	13	150
1	32	149
1	-1	148
2	18	150
0	9	150
0	-1	150
0	-1	150
0	-1	149
0	22	150
0	7	150
0	16	145
0	21	143
1	16	96
1	17	150
2	-1	149
0	-1	149
0	-1	150
0	12	149
3	-1	150
1	-1	145
0	14	146
0	10	148
1	13	150
1	-1	150
1	13	144
0	14	140
2	22	139
0	-1	150
0	13	150
1	-1	150
0	-1	150
0	-1	144
0	26	140
0	-1	150
0	-1	150
1	-1	150
0	9	148
2	-1	150
0	-1	146
0	12	150
0	-1	148
0	-1	149
0	-1	151
0	20	150
0	-1	150
0	-1	149
0	-1	150
1	15	148
0	15	148
1	-1	140
0	-1	150
0	4	139
0	23	150
1	10	90
1	-1	149
0	21	148
0	18	150
1	16	146
2	20	150
1	-1	150
1	24	150
0	15	123
0	-1	150
1	-1	127
1	-1	149
2	-1	150
1	13	147
0	13	145
0	-1	146
1	19	150
0	38	150
0	12	150
0	11	150
0	13	149
1	18	148
0	14	150
0	15	150
0	-1	147
0	17	132
0	14	143
2	-1	150
1	14	137
0	2	68
2	18	147
0	14	132
0	18	148
1	43	148
0	-1	150
0	39	150
0	-1	149
0	-1	150
1	20	149
1	17	150
1	13	150
1	-1	146
0	-1	126
0	13	150
1	25	145
0	12	150
0	19	109
1	12	140
1	-1	150
0	-1	149
0	-1	146
1	-1	150
0	13	145
0	11	146
1	18	150
0	18	143
1	-1	150
0	18	151
0	29	150
0	21	149
0	14	142
0	12	148
1	14	143
0	21	150
1	-1	148
0	18	145
0	20	150
0	-1	151
0	-1	146
0	-1	151
0	-1	151
0	36	150
0	-1	151
1	15	147
1	-1	147
0	24	151
0	21	149
1	26	150
1	27	151
1	19	147
0	-1	150
0	8	146
2	18	149
0	-1	149
0	7	147
0	27	141
0	-1	142
0	18	151
0	-1	150
0	16	150
1	-1	145
0	12	136
0	10	149
3	19	150
1	22	151
0	-1	150
0	-1	149
0	14	150
3	10	149
0	13	150
0	40	151
2	-1	150
0	-1	150
0	-1	148
0	-1	148
0	15	149
0	-1	150
0	-1	150
0	16	150
0	16	141
0	15	150
0	-1	131
0	16	147
1	18	150
0	23	151
0	9	150
0	-1	148
0	17	147
0	11	150
0	25	150
0	10	150
1	37	150
0	13	150
0	-1	133
0	22	150
0	-1	150
0	11	144
0	16	150
1	-1	148
4	-1	150
1	-1	147
1	13	151
1	-1	144
0	17	149
0	-1	150
0	17	150
0	-1	150
1	18	150
0	13	151
1	34	150
1	-1	145
1	8	151
0	22	148
0	-1	150
1	-1	148
0	18	146
0	-1	148
2	-1	150
1	18	150
0	-1	149
1	13	144
0	7	148
1	-1	149
0	16	148
0	17	149
0	11	146
0	-1	147
0	12	148
2	-1	150
0	10	150
0	19	146
0	20	151
5	-1	151
0	5	135
0	21	150
0	30	150
0	12	136
2	17	150
1	26	150
2	17	150
0	20	150
0	-1	150
1	15	150
0	26	150
0	18	139
0	13	150
0	15	151
0	7	147
0	20	143
0	-1	148
0	10	150
0	19	150
1	13	133
0	31	146
0	15	150
0	18	149
0	-1	148
0	-1	149
1	24	150
1	13	150
1	-1	146
1	-1	151
0	15	136
0	-1	150
0	14	145
0	16	150
2	-1	149
0	-1	131
0	-1	150
0	10	131
1	-1	150
1	-1	149
0	-1	150
0	34	149
0	16	142
3	14	150
0	-1	150
0	16	150
0	-1	150
0	-1	147
1	43	144
0	-1	150
1	-1	151
0	11	130
0	-1	150
0	21	150
0	-1	146
2	-1	151
0	22	150
0	40	150
0	-1	151
0	-1	148
0	-1	151
1	9	147
1	20	146
0	19	145
1	14	151
0	17	151
0	19	145
0	20	148
0	-1	150
1	18	150
0	18	139
1	-1	140
0	-1	147
0	-1	140
0	18	148
1	10	150
0	19	148
0	14	150
1	-1	150
0	-1	125
0	-1	146
0	18	150
0	30	140
0	14	150
2	18	137
0	15	150
3	18	150
0	18	151
0	16	151
0	-1	148
0	-1	147
0	25	150
1	23	150
0	15	150
0	12	149
1	13	150
0	10	148
0	20	149
1	-1	150
0	12	146
0	21	128
0	-1	150
0	15	118
0	18	147
0	5	144
0	-1	147
1	-1	149
0	10	146
0	31	147
0	14	150
1	-1	144
0	19	150
0	15	142
1	37	149
0	-1	151
0	12	146
2	-1	150
0	9	150
1	-1	145
0	11	120
1	17	149
1	-1	150
2	-1	148
0	-1	147
0	20	141
0	12	147
1	-1	123
0	24	121
1	-1	136
0	-1	144
3	16	150
1	20	150
0	-1	146
0	11	150
1	-1	150
1	-1	150
1	-1	150
1	-1	150
0	15	150
0	14	147
0	7	94
0	-1	146
0	22	144
0	-1	150
0	16	141
0	-1	150
0	12	136
0	18	151
0	9	149
1	18	143
1	-1	145
0	12	150
0	10	150
1	18	147
2	-1	137
0	15	147
0	-1	147
0	-1	150
0	-1	147
0	10	150
1	19	151
0	-1	150
1	-1	139
0	33	142
0	9	121
1	11	114
1	18	148
1	-1	149
0	-1	150
0	18	150
0	12	149
0	18	146
1	-1	148
0	7	143
0	22	150
0	11	98
0	17	138
0	10	148
1	-1	148
0	18	145
0	21	151
0	14	146
0	17	147
0	-1	146
0	-1	151
0	16	139
1	-1	150
0	16	144
1	-1	150
0	14	150
1	-1	150
1	19	150
0	14	150
0	15	148
0	22	150
0	21	150
0	13	150
1	16	143
1	-1	122
0	14	150
1	17	150
3	8	150
0	13	151
0	11	146
0	9	149
1	-1	150
0	31	149
0	30	139
1	21	148
0	13	150
0	13	151
0	17	142
0	25	145
0	19	142
1	22	143
0	16	149
0	20	138
1	18	150
0	-1	149
0	29	150
0	-1	150
1	-1	151
0	17	150
0	15	140
1	-1	146
0	-1	149
0	13	105
0	17	148
0	12	150
1	-1	149
0	-1	150
0	9	150
0	14	149
0	17	150
1	15	147
0	15	148
0	5	148
2	18	150
0	-1	143
1	27	150
1	-1	149
0	8	122
0	16	150
0	41	150
0	15	150
0	8	150
0	20	148
0	18	150
0	-1	148
1	8	118
0	24	149
0	20	149
1	-1	144
0	19	150
1	10	150
1	-1	146
0	-1	150
0	18	151
0	12	131
0	20	150
0	12	150
0	15	144
1	18	147
2	-1	150
0	-1	150
1	20	150
1	29	144
1	38	150
0	-1	150
0	33	135
0	20	149
0	-1	115
0	16	149
1	-1	144
0	21	147
0	14	149
0	-1	151
0	-1	108
0	-1	148
0	-1	117
0	-1	149
0	-1	146
0	16	144
0	13	151
0	-1	150
0	16	145
0	13	135
1	-1	148
0	17	150
1	19	150
2	-1	150
1	-1	151
1	13	150
1	19	148
0	4	150
0	17	150
0	-1	151
0	12	144
0	-1	143
0	-1	143
1	18	149
1	-1	150
0	-1	148
0	-1	148
1	12	136
0	43	150
0	14	150
1	-1	146
1	43	150
1	17	150
0	17	150
1	-1	147
0	-1	149
0	10	146
1	25	150
0	18	147
0	15	146
1	-1	150
1	13	135
0	12	148
0	-1	136
1	-1	148
1	-1	136
0	32	150
0	-1	149
0	-1	150
0	13	149
0	18	150
1	19	150
0	22	149
1	-1	150
0	15	150
1	18	150
0	18	131
1	20	150
0	25	150
0	-1	149
0	-1	150
0	-1	149
2	22	150
0	-1	137
0	18	150
1	-1	149
0	-1	150
0	22	147
2	-1	135
0	-1	148
0	23	146
0	17	150
0	-1	151
0	39	150
1	-1	138
1	-1	150
1	16	151
1	20	150
1	-1	150
1	25	149
0	-1	149
0	15	151
1	39	150
0	11	149
0	13	151
0	16	130
0	-1	150
0	15	147
0	38	150
0	15	114
1	10	150
0	-1	150
0	9	105
0	19	151
0	16	150
1	14	146
0	10	149
1	20	151
0	-1	150
0	-1	149
1	-1	151
0	8	149
0	17	149
0	16	148
0	-1	123
1	15	150
1	5	125
0	12	150
0	24	150
0	22	137
0	20	150
0	-1	151
0	20	150
1	15	149
0	13	151
0	-1	145
0	13	149
1	-1	145
1	-1	146
0	10	150
0	-1	148
0	12	148
1	15	148
0	-1	150
2	-1	150
0	8	144
2	-1	148
0	39	150
1	-1	150
0	13	132
1	-1	146
0	-1	149
0	20	150
0	8	112
0	-1	150
0	13	150
1	19	147
0	-1	150
0	15	147
0	-1	134
0	16	150
0	13	147
0	-1	150
0	33	147
0	-1	150
2	11	150
0	-1	146
1	19	150
1	14	142
0	14	151
0	37	150
0	21	150
0	-1	150
0	17	150
1	-1	149
1	13	150
0	14	145
1	-1	150
0	15	150
0	26	149
0	-1	149
1	-1	136
1	-1	150
0	18	147
0	11	149
0	27	124
0	17	148
0	-1	150
0	-1	148
0	-1	150
0	17	149
1	25	149
0	16	150
1	13	147
0	-1	145
0	22	150
1	22	147
1	30	144
2	-1	151
0	16	150
1	17	150
0	47	148
2	-1	130
0	14	150
0	-1	148
0	-1	145
0	16	150
0	18	150
0	-1	150
0	13	150
1	13	139
0	-1	148
0	13	108
0	17	150
0	18	147
2	-1	150
1	8	123
0	-1	150
0	13	150
1	-1	149
0	-1	148
1	-1	135
0	32	149
0	15	128
1	17	150
0	18	150
1	15	151
0	-1	151
1	24	146
0	11	145
1	13	121
0	44	150
0	13	150
0	15	151
0	16	143
0	12	147
0	13	85
0	16	150
0	10	132
0	16	150
0	-1	151
0	12	150
0	22	151
0	-1	149
0	14	150
2	17	146
0	15	147
0	22	145
1	-1	150
0	11	147
0	-1	145
0	17	144
0	33	150
0	15	146
0	29	150
1	24	149
0	15	150
0	13	148
0	8	149
0	10	150
2	11	102
0	-1	150
0	27	149
0	10	133
1	7	141
1	-1	150
0	17	131
1	16	151
1	17	147
1	17	151
0	-1	150
2	-1	142
0	14	151
0	15	150
0	31	150
0	20	150
0	18	150
0	10	146
1	-1	150
0	-1	151
0	15	151
0	-1	148
0	16	146
0	-1	121
1	21	149
0	-1	149
0	8	148
0	18	151
0	22	148
0	19	150
0	19	150
0	18	146
1	34	145
0	21	150
0	20	151
0	-1	150
1	18	143
0	-1	151
0	15	150
1	13	146
0	-1	149
0	17	145
1	-1	151
1	-1	135
0	21	148
0	-1	149
1	18	150
2	-1	148
1	14	150
0	18	150
1	15	148
0	-1	151
0	16	149
0	18	150
0	-1	146
0	11	150
0	18	138
1	-1	150
0	17	138
0	-1	149
0	9	127
0	22	150
0	14	142
0	12	151
0	15	140
0	-1	149
0	11	148
0	-1	150
0	13	148
0	17	150
0	11	149
0	-1	150
0	42	150
0	-1	150
0	11	151
0	-1	149
1	39	151
0	-1	146
0	17	144
0	9	148
1	-1	151
0	18	150
0	16	150
1	-1	145
0	16	150
0	16	148
0	16	150
0	8	131
0	33	148
0	-1	147
0	18	145
1	14	150
1	-1	150
0	16	147
0	27	151
0	-1	149
1	-1	150
0	17	150
0	18	150
0	-1	149
0	13	149
0	12	127
3	-1	151
1	-1	134
1	13	135
0	-1	150
0	-1	151
0	20	150
2	11	150
0	14	151
0	20	148
0	19	150
1	26	150
0	13	150
1	15	139
0	19	147
0	24	148
0	23	147
2	17	145
1	16	151
0	-1	149
0	-1	150
0	9	146
0	-1	140
0	-1	148
0	-1	148
0	-1	150
0	10	150
0	17	136
0	15	150
0	21	150
0	16	150
1	-1	149
0	24	151
0	16	149
1	-1	147
0	15	151
0	16	149
3	12	148
3	-1	146
0	-1	148
1	16	150
0	-1	146
0	14	145
0	24	150
0	-1	151
0	17	146
2	-1	149
0	-1	149
0	6	80
0	11	151
0	-1	150
0	12	101
0	27	145
0	20	151
1	10	150
0	6	143
0	17	151
0	11	150
1	-1	148
0	18	111
1	19	151
1	14	147
0	-1	150
2	36	151
0	16	140
1	16	150
1	19	127
0	-1	151
0	17	151
0	11	151
0	-1	150
1	-1	150
1	-1	115
0	-1	146
1	-1	149
0	-1	150
0	-1	149
0	14	141
0	18	150
0	-1	150
0	18	133
0	-1	149
1	-1	147
0	7	138
0	-1	150
0	9	150
0	-1	116
2	-1	148
0	19	148
1	42	149
0	19	151
0	33	136
0	17	150
2	-1	146
0	8	141
1	15	150
0	13	150
0	21	151
0	15	149
0	12	132
0	14	143
0	-1	146
0	16	150
1	17	151
1	12	150
0	16	150
0	13	151
1	-1	150
0	42	151
0	-1	150
0	17	150
0	14	150
0	25	119
1	-1	150
1	-1	150
0	13	150
0	19	149
0	-1	137
0	17	146
0	19	150
2	-1	147
0	11	131
0	-1	150
0	14	134
1	18	148
0	26	151
0	11	150
0	15	141
1	-1	145
1	17	150
0	-1	151
0	-1	151
0	-1	144
0	9	150
0	-1	150
1	-1	147
0	17	150
0	17	149
0	-1	151
0	-1	150
0	12	151
0	12	151
1	-1	150
1	-1	142
0	22	151
2	12	135
0	-1	147
0	13	150
0	-1	149
0	10	150
1	-1	150
0	12	143
0	-1	148
1	16	147
1	-1	147
0	34	150
0	19	151
0	32	150
1	10	150
1	41	131
1	23	141
0	12	150
0	12	149
0	-1	146
0	18	148
0	6	116
0	19	150
1	-1	150
0	-1	132
0	-1	148
0	17	149
1	24	150
0	13	149
1	-1	146
1	-1	143
0	18	147
0	16	151
0	15	151
1	11	150
45	46	99
1	19	144
0	17	146
2	33	151
0	-1	151
0	7	102
0	23	150
1	22	150
0	-1	147
1	11	150
0	11	150
0	25	150
0	15	136
1	-1	142
0	18	149
0	16	128
0	22	150
0	15	144
3	19	138
0	17	132
0	-1	149
1	30	151
0	-1	150
0	14	150
0	-1	150
0	20	149
0	-1	148
1	15	145
1	18	104
0	16	149
0	13	150
0	-1	150
1	19	149
0	36	138
1	-1	149
0	10	147
1	16	147
0	26	151
1	-1	151
2	17	147
1	18	150
0	12	150
1	12	148
0	25	151
0	14	149
1	-1	144
1	-1	150
0	31	150
2	17	150
1	16	150
1	36	141
0	18	141
2	-1	149
0	13	151
0	10	144
0	12	136
0	20	148
1	23	150
0	-1	151
1	-1	150
0	-1	150
0	-1	148
0	-1	138
1	-1	149
0	16	150
1	20	149
0	11	151
1	17	150
1	13	146
0	-1	150
2	-1	151
0	21	137
0	14	150
1	23	150
0	24	137
0	-1	149
0	-1	149
0	13	150
0	10	149
0	14	150
0	16	151
0	-1	138
0	15	149
0	-1	149
1	16	150
2	26	151
1	15	150
1	16	133
0	23	148
1	14	150
0	30	145
0	15	150
0	17	150
0	10	144
0	31	150
0	34	150
0	18	150
0	17	150
2	-1	147
0	13	149
1	38	150
0	-1	151
1	-1	147
0	17	151
0	14	144
0	-1	151
0	-1	139
1	18	150
0	20	150
1	17	133
0	10	130
1	-1	150
0	23	150
0	-1	150
0	16	150
0	18	150
0	16	147
0	-1	132
0	-1	144
0	19	151
1	20	150
0	-1	151
0	8	92
1	17	151
0	14	150
0	22	137
0	12	150
0	11	143
1	-1	148
0	-1	135
0	-1	150
0	22	150
1	35	150
0	17	149
0	8	149
0	15	150
0	31	122
1	15	151
0	18	148
1	-1	150
1	12	150
0	7	146
1	22	150
0	16	150
0	21	151
0	9	134
2	-1	150
0	-1	150
0	15	150
0	13	150
0	9	150
0	16	150
0	13	150
0	11	140
0	14	90
0	-1	147
0	16	150
0	14	148
0	-1	147
0	18	150
1	-1	145
1	-1	150
1	16	150
1	-1	150
0	15	135
1	15	144
1	-1	151
0	15	150
1	17	149
0	15	150
1	20	149
0	31	122
1	-1	149
0	15	149
2	18	143
1	19	150
0	-1	149
0	15	150
1	-1	151
1	-1	150
1	-1	148
0	14	148
0	-1	134
0	19	138
0	27	138
0	-1	150
0	14	150
0	22	147
0	-1	150
1	17	148
0	-1	149
1	-1	150
0	39	146
0	12	150
0	-1	118
0	-1	150
1	-1	150
1	-1	150
0	14	150
0	6	151
0	33	149
0	16	150
0	16	150
0	9	101
0	21	150
1	-1	124
0	12	150
0	-1	150
0	10	150
0	17	150
0	12	151
0	16	146
2	19	149
0	-1	146
1	21	127
0	16	150
1	-1	150
0	32	151
0	-1	151
0	17	149
0	20	145
0	-1	150
0	13	150
0	-1	148
1	27	127
0	-1	150
0	12	150
1	-1	113
1	13	145
0	-1	150
0	-1	148
0	16	149
1	24	151
1	-1	150
0	19	150
0	-1	149
1	-1	149
0	16	150
0	19	150
0	22	146
1	-1	139
0	17	150
1	16	150
0	8	143
0	11	149
0	21	150
0	14	151
0	11	150
0	14	150
0	-1	134
1	21	144
0	13	150
0	-1	147
0	7	149
0	39	149
0	-1	150
1	30	148
0	19	144
1	15	151
0	13	150
0	19	150
2	19	150
0	-1	148
0	9	150
0	-1	150
0	-1	151
0	-1	150
0	18	150
0	-1	150
0	23	146
0	15	145
0	9	149
0	-1	149
0	-1	149
0	7	150
0	22	150
0	9	150
2	17	151
0	-1	150
0	16	151
0	23	150
0	16	150
0	-1	149
0	-1	149
0	-1	147
0	39	150
1	16	148
0	-1	150
0	18	150
1	-1	150
0	15	149
1	36	150
0	43	147
0	-1	150
1	16	150
0	17	141
1	-1	150
0	25	150
1	-1	151
0	8	147
1	-1	144
0	17	141
1	-1	150
0	12	119
1	-1	150
0	-1	144
0	14	144
1	14	150
2	16	134
1	13	142
0	12	149
0	16	150
0	-1	146
1	19	150
1	20	150
0	-1	147
0	16	147
1	-1	150
2	-1	145
0	20	150
0	15	144
1	-1	150
0	-1	149
1	25	150
1	-1	144
1	-1	148
0	15	150
0	17	150
0	14	149
1	-1	150
0	16	130
0	-1	147
0	-1	150
0	13	138
0	-1	150
0	12	146
0	13	146
1	16	150
0	-1	150
0	-1	150
0	-1	150
2	-1	150
0	22	150
1	-1	149
1	32	137
0	31	148
0	-1	151
0	21	149
1	-1	147
2	-1	150
1	-1	150
1	-1	122
0	-1	146
0	19	145
1	-1	150
0	8	148
0	13	129
0	18	150
0	34	150
0	16	150
0	11	148
1	14	146
2	21	125
0	17	149
1	21	133
0	-1	148
1	-1	148
1	28	150
0	15	151
0	-1	150
0	15	150
0	-1	108
0	-1	145
0	17	150
0	15	129
1	-1	148
1	-1	149
0	-1	149
0	18	149
2	19	150
1	16	150
0	18	134
1	-1	149
1	13	148
1	10	151
0	28	136
0	-1	147
0	35	150
1	30	133
0	-1	149
0	32	147
0	-1	150
0	12	134
0	-1	147
0	13	143
1	19	135
0	23	151
0	-1	147
0	-1	150
0	21	150
0	-1	150
0	8	146
0	11	121
0	-1	150
1	15	148
1	13	150
0	16	145
0	21	150
0	17	150
0	40	150
0	14	150
0	11	151
0	10	150
0	-1	150
1	-1	150
2	-1	150
1	20	150
0	24	145
0	21	150
1	-1	149
0	10	139
0	11	149
0	10	137
0	40	143
0	4	140
0	-1	150
0	11	145
1	-1	150
0	-1	148
0	-1	144
0	16	150
1	21	145
1	22	143
0	14	150
0	12	148
0	-1	150
0	11	150
0	17	150
2	-1	150
0	22	146
0	18	150
1	12	150
0	18	151
0	-1	150
0	11	142
1	-1	144
0	17	147
0	11	150
0	-1	150
1	18	151
0	10	150
0	24	150
0	-1	150
0	18	150
1	-1	138
0	-1	150
1	23	149
1	12	145
0	11	148
0	17	150
0	22	150
1	-1	150
0	18	149
0	-1	141
1	17	149
1	16	150
0	11	150
1	-1	147
0	19	132
0	24	146
0	15	150
1	19	150
0	16	150
0	-1	147
0	27	149
1	-1	146
0	22	151
0	13	138
0	-1	144
0	8	149
0	19	149
0	-1	150
1	-1	150
1	11	148
0	-1	126
0	20	150
0	15	151
0	13	150
1	18	151
0	-1	148
0	18	150
0	15	148
0	-1	139
0	18	143
0	15	150
0	16	151
0	12	150
2	18	125
1	-1	147
0	-1	150
0	12	147
0	14	150
1	-1	151
1	13	150
1	-1	150
0	16	148
0	36	150
0	-1	150
0	-1	150
0	14	150
1	14	141
0	21	149
0	-1	146
0	13	136
1	16	139
0	16	144
0	20	150
1	9	114
1	-1	134
1	-1	150
0	-1	143
1	-1	107
0	-1	150
1	13	150
0	18	132
0	-1	150
0	15	150
1	-1	130
0	-1	149
1	10	150
1	13	150
0	-1	149
1	9	148
0	-1	136
0	14	150
0	14	150
0	-1	150
1	12	149
1	17	151
0	-1	150
0	-1	151
1	-1	149
0	10	150
0	-1	149
0	13	151
0	11	151
0	27	150
1	15	150
0	14	146
0	22	145
0	13	125
1	19	150
1	16	151
1	-1	149
0	-1	142
0	19	150
0	20	150
0	18	150
0	10	147
0	32	121
0	15	149
1	11	150
0	9	147
0	-1	150
0	21	150
1	-1	151
0	18	150
0	10	143
0	11	146
1	45	142
1	-1	147
1	9	150
0	-1	149
2	-1	150
1	23	150
0	21	151
1	-1	150
1	-1	147
0	22	150
1	14	151
0	14	150
0	9	139
0	-1	149
1	11	147
0	-1	149
0	21	144
1	-1	147
1	17	150
0	20	150
1	19	150
0	12	150
0	22	149
0	-1	147
0	11	150
3	19	144
1	20	150
0	15	140
0	16	150
0	13	145
0	18	150
1	10	148
1	17	148
2	16	143
0	-1	137
1	22	142
0	19	148
1	42	149
1	14	150
0	9	149
0	-1	142
1	-1	148
0	-1	123
0	-1	150
0	14	151
1	-1	145
0	15	149
0	15	130
1	18	151
0	9	118
0	-1	149
0	-1	149
0	5	145
2	23	150
1	9	150
1	14	150
3	16	150
1	18	144
0	-1	150
1	-1	150
1	-1	150
2	10	151
1	-1	146
0	20	151
0	15	137
0	12	148
0	14	150
0	12	151
1	-1	142
1	-1	127
0	11	141
2	38	149
1	-1	140
1	-1	148
0	-1	149
0	-1	150
0	11	131
0	20	148
1	-1	150
1	-1	149
0	18	142
0	23	150
0	22	150
0	17	150
2	16	149
15	-1	92
22	22	128
18	17	103
17	18	108
16	17	101
17	17	94
17	17	104
0	3	98
11	11	63
15	13	72
0	14	149
0	22	150
0	16	145
0	17	147
0	-1	151
0	18	150
0	-1	151
0	14	149
0	17	151
0	-1	146
1	12	132
1	-1	151
0	20	151
0	-1	150
0	18	150
0	42	143
0	-1	147
0	-1	150
0	16	150
0	-1	150
0	17	141
0	28	148
0	21	149
0	17	150
1	18	146
1	18	151
0	18	150
0	14	147
0	-1	150
0	20	147
1	13	151
0	12	150
0	30	138
0	-1	149
0	-1	146
0	15	149
1	19	150
0	16	148
0	14	133
0	19	139
0	17	148
0	-1	149
0	11	148
1	-1	148
0	-1	136
1	-1	124
0	20	150
0	23	150
1	-1	149
2	19	117
0	10	150
0	14	137
0	16	146
0	20	150
0	-1	150
0	16	150
0	-1	149
2	-1	150
1	13	147
2	18	120
0	16	145
0	-1	150
0	18	150
0	-1	151
0	18	149
0	16	150
1	29	150
0	15	145
0	14	148
1	-1	145
0	19	151
0	20	141
0	-1	149
0	32	147
2	12	150
0	9	149
0	-1	145
1	-1	143
1	-1	150
0	18	151
1	18	150
0	24	150
0	16	128
1	21	150
0	-1	148
0	14	147
0	36	150
0	8	126
0	2	150
13	15	67
0	8	150
0	-1	150
1	4	151
1	6	149
0	1	150
0	5	149
0	-1	150
0	4	149
1	20	148
1	18	150
0	-1	131
17	20	68
0	4	134
24	31	83
19	25	69
41	43	140
32	37	106
20	23	69
0	-1	150
1	-1	148
0	26	150
1	-1	150
0	16	150
44	48	134
31	39	119
0	10	124
2	18	150
1	-1	150
0	17	150
0	-1	150
0	5	150
0	5	150
1	-1	149
0	20	150
0	36	140
0	15	147
0	3	146
0	-1	150
0	12	129
1	-1	148
1	-1	131
0	-1	150
1	10	150
0	9	150
1	-1	151
0	22	149
0	19	150
1	12	148
0	14	121
1	-1	139
1	-1	150
0	13	150
1	-1	150
0	21	150
0	-1	149
0	-1	150
1	15	148
0	17	151
0	15	128
0	10	113
1	39	150
0	17	147
0	-1	142
0	18	150
0	14	150
1	15	150
0	15	150
0	16	150
0	-1	150
0	-1	149
0	-1	141
1	-1	150
0	13	148
0	-1	150
0	13	148
0	-1	151
0	14	102
1	-1	149
0	10	129
0	-1	149
0	43	150
1	-1	151
0	12	147
1	18	150
1	21	151
1	15	150
0	-1	150
0	-1	149
0	12	149
0	25	146
0	20	140
0	16	149
0	12	150
0	10	150
0	28	148
0	-1	149
0	12	148
0	25	150
0	30	150
0	18	151
0	-1	149
0	11	151
0	18	150
1	-1	148
0	18	145
0	16	147
0	-1	147
1	30	150
0	15	150
0	16	150
2	-1	150
0	15	149
0	11	99
1	-1	137
0	-1	148
0	10	110
0	-1	150
0	17	150
0	13	150
1	14	146
0	-1	150
1	-1	150
0	9	150
0	25	148
0	-1	149
0	-1	138
0	-1	150
0	-1	147
1	-1	136
0	-1	150
0	30	147
0	17	98
0	21	148
0	17	150
2	-1	142
1	-1	140
1	15	137
0	21	150
0	10	149
0	44	136
0	-1	147
0	-1	150
0	13	147
0	20	150
0	17	150
0	13	126
1	-1	150
1	-1	150
0	2	150
24	25	99
0	6	128
0	-1	150
2	7	150
1	10	68
0	6	150
1	-1	150
0	7	150
0	11	150
0	3	143
0	0	99
0	9	150
1	20	150
0	12	150
0	23	150
0	41	150
1	17	139
0	6	73
0	14	147
0	21	150
0	12	151
0	15	147
0	-1	150
1	25	149
1	4	149
2	10	150
0	-1	150
0	-1	149
0	11	146
30	28	148
1	2	148
0	5	145
2	-1	146
0	12	150
4	6	139
0	6	150
0	11	150
0	-1	150
0	-1	149
0	-1	149
0	-1	150
0	-1	145
1	9	150
0	8	150
0	-1	148
1	-1	146
0	7	148
0	-1	150
0	28	150
0	6	150
0	-1	150
0	-1	150
1	-1	148
1	-1	151
0	11	150
0	22	148
0	15	150
1	18	150
1	17	146
0	27	148
0	-1	150
0	-1	150
1	13	147
0	3	78
1	6	151
1	40	151
1	-1	150
0	10	150
2	-1	145
1	17	150
0	31	151
0	21	150
0	-1	133
0	-1	150
0	33	135
0	-1	150
0	-1	146
0	-1	144
1	10	95
0	-1	151
0	-1	149
0	-1	129
1	15	150
0	19	151
1	14	150
0	-1	133
0	-1	149
0	40	150
0	20	149
0	15	150
1	13	147
0	-1	149
0	13	150
1	-1	150
0	13	150
1	16	150
1	20	150
0	12	148
1	17	141
1	17	150
0	21	150
0	17	149
1	16	150
0	-1	149
0	14	149
0	-1	128
0	17	123
0	24	147
0	15	142
0	-1	150
0	-1	151
0	-1	150
0	7	150
1	15	138
0	14	150
1	-1	148
1	-1	150
0	-1	148
1	18	148
0	12	151
1	19	147
0	-1	151
0	-1	138
0	-1	147
0	-1	141
0	17	151
0	-1	150
0	-1	150
0	-1	150
0	-1	149
0	20	149
0	-1	143
0	4	118
0	13	98
0	-1	151
0	-1	148
0	21	150
0	14	150
0	20	150
0	-1	148
0	-1	150
0	-1	148
0	20	144
1	-1	132
1	-1	148
1	24	150
1	14	136
0	13	149
0	9	147
0	-1	150
1	7	150
1	11	150
0	11	150
0	23	150
0	15	147
2	20	149
1	11	126
1	-1	148
0	10	150
0	11	135
1	8	118
0	12	148
0	10	150
0	11	145
1	-1	150
0	20	150
1	20	148
0	14	149
1	17	148
1	16	148
0	14	149
0	18	148
1	-1	144
0	-1	149
0	13	150
0	11	141
0	25	145
0	16	136
0	-1	149
0	24	148
0	12	150
1	-1	148
0	12	142
0	13	145
0	19	150
0	15	148
1	16	150
0	13	150
0	15	141
0	13	145
0	-1	151
1	-1	150
0	13	146
1	-1	150
2	-1	151
2	16	125
0	-1	124
0	7	143
0	-1	150
0	-1	149
0	4	150
0	-1	150
1	7	150
1	8	150
1	-1	112
1	19	147
1	12	138
1	-1	151
0	6	134
0	9	149
1	17	150
0	12	150
0	18	149
0	14	149
1	-1	150
19	19	63
0	-1	150
1	-1	147
0	-1	145
3	27	143
0	2	148
0	0	149
36	36	143
19	-1	75
0	4	124
38	40	150
0	2	147
0	2	97
41	42	148
0	3	149
0	5	150
0	-1	148
13	22	64
0	-1	145
19	-1	72
0	-1	149
0	23	150
0	-1	140
0	22	151
2	-1	149
0	44	150
0	20	141
1	-1	146
0	20	143
1	15	133
0	17	150
1	-1	140
0	21	150
0	10	148
0	16	150
0	4	150
1	30	151
0	-1	150
0	40	150
0	30	150
0	16	150
0	7	150
0	18	139
1	-1	151
0	-1	143
1	-1	151
0	-1	150
1	16	150
0	32	150
0	14	147
0	11	148
0	16	151
0	-1	148
0	19	150
2	19	150
0	19	150
0	21	149
0	8	151
0	13	138
0	15	106
0	11	145
0	11	150
1	-1	149
1	6	150
0	16	150
0	-1	149
0	7	150
0	30	150
0	7	85
1	8	149
0	16	134
0	17	149
1	22	148
1	10	150
0	12	148
0	10	150
0	24	143
2	11	141
0	19	150
0	24	150
0	22	127
1	-1	149
0	-1	139
1	15	151
1	32	137
0	10	151
0	29	150
1	-1	132
0	-1	91
0	20	150
0	5	107
0	12	148
0	-1	108
0	-1	146
0	15	150
0	24	117
0	40	141
0	-1	150
1	23	147
0	12	150
1	22	151
1	9	151
0	-1	149
0	16	151
0	-1	119
17	24	64
0	11	145
0	14	148
0	-1	146
0	-1	150
0	7	149
0	8	147
1	8	135
1	-1	121
0	41	148
2	8	149
0	28	141
1	14	150
0	14	140
1	25	149
0	18	145
0	10	150
0	-1	150
0	11	139
0	-1	146
0	18	123
0	17	146
0	11	150
1	31	150
1	18	147
0	18	151
0	17	149
0	-1	137
1	-1	151
1	-1	145
1	-1	144
1	35	149
0	-1	150
