dataset,cell,uniq_preDedup,uniq_postDedup,rate_preDedup,rate_postDedup
nagano,SRR921530,5067262,1081947,88.016,70.606
nagano,SRR921536,1744909,333499,86.004,55.07
nagano,SRR921528,5250628,1086304,87.089,64.923
nagano,SRR921529,2637071,726127,87.655,73.059
nagano,SRR921531,3636519,663416,84.836,54.666
nagano,SRR921532,2770386,470169,87.357,64.712
nagano,SRR921540,3458361,541126,88.473,66.248
nagano,SRR921538,4215102,547680,87.386,58.602
nagano,SRR921533,25798709,1322146,92.763,58.021
nagano,SRR921527,11997613,947900,91.824,56.23
nagano,SRR921537,18828426,742219,92.578,46.286
nagano,SRR921534,1728555,348081,85.614,63.583
nagano,SRR921539,7031520,395414,93.29,57.571
nagano,SRR921535,5079298,707298,86.438,57.778
nagano,SRR921526,2457163,480298,85.537,63.866
smallwood,SRR1248475,49680,39170,69.267,70.018
smallwood,SRR1248483,4860016,3824247,75.233,74.263
smallwood,SRR1248487,4293484,3595115,75.176,73.788
smallwood,SRR1248496,5586727,4248224,77.137,74.228
smallwood,SRR1248485,5311896,4711503,75.3,74.562
smallwood,SRR1248488,2723467,2015367,77.404,74.214
smallwood,SRR1248459,3895058,3196311,74.516,72.881
smallwood,SRR1248484,3864999,3274615,75.746,74.994
smallwood,SRR1248494,4916195,3776526,77.167,74.66
smallwood,SRR1248470,70706,39112,81.869,80.044
smallwood,SRR1248471,189625,79679,87.976,81.692
smallwood,SRR1248452,5405941,3659786,82.744,83.243
smallwood,SRR1248480,5704633,4895487,75.932,75.305
smallwood,SRR1248444,5312351,3692829,81.261,80.764
smallwood,SRR1248478,3772191,3083920,75.747,74.547
smallwood,SRR1248455,5483677,3671042,83.071,83.576
smallwood,SRR1248458,2691816,2373147,74.617,74.011
smallwood,SRR1248450,2013637,1482459,82.72,82.14
smallwood,SRR1248491,4150971,3318620,76.933,75.366
smallwood,SRR1248464,4206651,3612867,74.587,73.689
smallwood,SRR1248466,4426134,3612616,73.626,71.59
smallwood,SRR1248449,8340493,5407079,81.839,80.705
smallwood,SRR1248473,81419,50823,82.932,79.407
smallwood,SRR1248479,6698299,5388234,76.254,75.057
smallwood,SRR1248462,4377262,3376834,73.966,71.26
smallwood,SRR1248465,4728979,4056559,72.717,72.247
smallwood,SRR1248447,3366502,2466333,81.406,81.161
smallwood,SRR1248453,3846543,2726241,83.97,83.23
smallwood,SRR1248472,51509,30253,83.438,80.025
smallwood,SRR1248451,3738237,2714598,82.834,83.15
smallwood,SRR1248468,3774003,3258130,74.403,74.581
smallwood,SRR1248457,4052549,3529458,73.763,73.115
smallwood,SRR1248446,16784893,9829863,78.828,78.048
smallwood,SRR1248492,6478849,5209119,76.275,74.261
smallwood,SRR1248477,6244100,4913548,76.212,74.805
smallwood,SRR1248490,7582722,6891409,75.358,75.153
smallwood,SRR1248481,4819707,3940449,76.088,74.778
smallwood,SRR1248460,5006562,4140787,74.079,72.562
smallwood,SRR1248486,5673907,4846939,74.921,74.006
smallwood,SRR1248461,4711399,3875822,74.43,73.319
smallwood,SRR1248448,7057673,5307913,81.756,81.642
smallwood,SRR1248495,5874675,4231203,77.213,73.245
smallwood,SRR1248467,3608108,2974440,73.39,73.65
smallwood,SRR1248493,5442580,4216745,77.223,74.689
smallwood,SRR1248474,295746,100550,91.241,82.664
smallwood,SRR1248454,3578856,2578093,83.942,83.633
smallwood,SRR1248445,12956157,7277184,81.348,79.372
smallwood,SRR1248489,3204311,2643912,75.897,74.587
smallwood,SRR1248476,90333,49407,87.512,82.543
smallwood,SRR1248463,4531742,3942333,73.51,72.939
smallwood,SRR1248482,6772643,5738296,75.886,74.846
scnome,SRR3729647,7824447,2646544,73.701,68.261
scnome,K562_06,15636021,3882860,72.993,64.334
scnome,K562_08,11354941,3320087,71.429,63.273
scnome,SRR3729649,10645130,3286186,75.706,69.206
scnome,K562_11,12767504,3399243,73.576,65.505
scnome,SRR3729653,10946822,3245658,76.407,69.779
scnome,K562_01,11823676,3427714,74.594,66.598
scnome,SRR3729646,5904608,2450612,73.837,68.979
scnome,K562_02,10508228,3222405,71.806,63.926
scnome,SRR3729643,8504383,4114152,77.358,72.947
scnome,K562_10,12398792,2474689,73.816,63.997
scnome,SRR3729644,4634493,1674385,74.324,69.158
scnome,SRR3729645,9300065,2578525,74.941,68.332
scnome,SRR3729651,6359867,2190341,74.254,68.34
scnome,K562_07,11405153,3386344,73.303,66.017
scnome,SRR3729650,13532726,3623822,73.57,66.944
scnome,K562_05,12212529,3538228,72.32,64.878
scnome,SRR3729652,15092659,4943567,76.278,69.685
scnome,K562_09,12877480,3754207,72.162,64.253
scnome,K562_03,10127058,3131742,72.026,64.789
scnome,SRR3729648,9887627,2887600,74.046,67.702
scnome,K562_04,12039098,3413731,72.68,64.912
scnome,SRR3729642,12670192,4137118,75.374,69.082
snmCseq3,SRR21549438,886848,778292,74.627,73.534
snmCseq3,SRR21549332,1694317,1494559,73.371,72.538
snmCseq3,SRR21549413,1112211,983147,73.598,72.773
snmCseq3,SRR21549344,1557205,1319787,74.094,72.904
snmCseq3,SRR21549380,1334894,1167454,74.407,73.491
snmCseq3,SRR21549333,134826,119553,71.823,70.55
snmCseq3,SRR21549338,1937356,1596081,71.401,70.09
snmCseq3,SRR21549421,850429,762879,76.043,75.177
snmCseq3,SRR21549385,1334440,1170244,74.032,73.098
snmCseq3,SRR21549356,1057907,913391,72.491,71.304
snmCseq3,SRR21549420,1144845,1029269,72.964,72.223
snmCseq3,SRR21549399,1601561,1275226,79.57,77.748
snmCseq3,SRR21549376,1504374,1258121,74.621,73.13
snmCseq3,SRR21549316,2887104,2236150,74.898,72.774
snmCseq3,SRR21549393,807429,659399,71.994,70.098
snmCseq3,SRR21549342,1785085,1472516,72.533,71.189
snmCseq3,SRR21549391,1835672,1503906,74.76,73.097
snmCseq3,SRR21549419,1072016,960578,76.017,75.295
snmCseq3,SRR21549357,1702087,1409577,74.849,73.411
snmCseq3,SRR21549343,1450903,1238746,75.059,73.911
snmCseq3,SRR21549340,136487,114840,63.891,61.592
snmCseq3,SRR21549345,1499144,1276337,71.887,70.776
snmCseq3,SRR21549308,3997832,2990443,73.452,71.169
snmCseq3,SRR21549418,1059322,950122,73.647,72.937
snmCseq3,SRR21549431,878963,779586,73.793,72.9
snmCseq3,SRR21549439,908749,795660,74.216,73.068
snmCseq3,SRR21549427,914392,811901,73.665,72.84
snmCseq3,SRR21549318,1842126,1421780,75.024,72.724
snmCseq3,SRR21549310,3242903,2431504,74.591,72.142
snmCseq3,SRR21549379,1069705,940274,74.496,73.52
snmCseq3,SRR21549291,1269796,1133046,73.714,73.003
snmCseq3,SRR21549430,827352,735991,74.868,73.94
snmCseq3,SRR21549309,3577083,2654434,73.637,71.268
snmCseq3,SRR21549301,1833919,1485948,73.993,72.321
snmCseq3,SRR21549390,481880,397450,55.686,53.525
snmCseq3,SRR21549423,1020828,915088,73.787,73.001
snmCseq3,SRR21549409,783393,696762,74.12,73.272
snmCseq3,SRR21549373,1769248,1473358,73.349,72.001
snmCseq3,SRR21549402,2823203,2279331,75.735,74.443
snmCseq3,SRR21549426,186853,166733,76.176,74.972
snmCseq3,SRR21549395,2617631,2087574,73.648,71.974
snmCseq3,SRR21549335,1549150,1364299,73.748,72.905
snmCseq3,SRR21549322,2271472,1896167,74.156,73.013
snmCseq3,SRR21549304,2284936,1847012,74.27,72.742
snmCseq3,SRR21549387,1375280,1127710,74.801,73.171
snmCseq3,SRR21549360,2379461,1970301,73.503,72.132
snmCseq3,SRR21549362,1984339,1638623,73.87,72.511
snmCseq3,SRR21549411,1073290,953050,73.388,72.575
snmCseq3,SRR21549436,1175607,1032354,73.409,72.442
snmCseq3,SRR21549349,1491764,1271687,74.065,72.895
snmCseq3,SRR21549327,863494,742988,79.069,77.673
snmCseq3,SRR21549382,1482044,1303464,73.373,72.451
snmCseq3,SRR21549383,1334166,1168049,74.047,73.151
snmCseq3,SRR21549312,3522711,2620399,74.196,71.879
snmCseq3,SRR21549337,2080247,1716645,74.23,72.963
snmCseq3,SRR21549292,1292798,1155999,72.925,72.153
snmCseq3,SRR21549392,2141284,1746490,74.282,72.681
snmCseq3,SRR21549336,1386297,1218807,73.603,72.759
snmCseq3,SRR21549410,1007490,894316,73.978,73.23
snmCseq3,SRR21549370,1472042,1263494,73.006,71.712
snmCseq3,SRR21549358,2117365,1741514,74.132,72.808
snmCseq3,SRR21549388,2170579,1768562,74.905,73.428
snmCseq3,SRR21549437,1018242,888552,73.913,72.896
snmCseq3,SRR21549326,1792233,1537251,74.607,73.597
snmCseq3,SRR21549401,2142609,1749674,75.232,73.634
snmCseq3,SRR21549289,965851,863478,74.743,73.971
snmCseq3,SRR21549348,1318577,1128112,74.011,72.741
snmCseq3,SRR21549363,1616558,1357172,73.928,72.601
snmCseq3,SRR21549384,869297,766158,75.499,74.337
snmCseq3,SRR21549396,605284,487983,74.536,72.127
snmCseq3,SRR21549374,1856356,1551779,73.697,72.311
snmCseq3,SRR21549397,2531150,2010515,74.165,72.429
snmCseq3,SRR21549302,2032592,1655369,74.031,72.31
snmCseq3,SRR21549412,1169289,1041212,73.395,72.553
snmCseq3,SRR21549361,1965279,1623747,73.589,72.128
snmCseq3,SRR21549415,1118175,988245,73.921,73.035
snmCseq3,SRR21549405,3057510,2477400,74.211,72.716
snmCseq3,SRR21549416,959153,849018,73.36,72.486
snmCseq3,SRR21549377,1764002,1468074,74.346,72.9
snmCseq3,SRR21549428,1036202,923065,73.569,72.726
snmCseq3,SRR21549354,1554548,1338636,73.321,72.233
snmCseq3,SRR21549307,3780362,2812778,73.352,71.104
snmCseq3,SRR21549331,1648698,1448678,73.26,72.522
snmCseq3,SRR21549313,3227144,2488371,74.421,72.483
snmCseq3,SRR21549404,3105696,2527405,73.79,72.31
snmCseq3,SRR21549371,1437580,1201214,75.295,73.879
snmCseq3,SRR21549353,1487892,1277364,73.463,72.443
snmCseq3,SRR21549424,1297163,1162278,74.769,74.079
snmCseq3,SRR21549299,2003872,1623694,70.294,68.784
snmCseq3,SRR21549350,1584575,1346776,74.131,72.982
snmCseq3,SRR21549305,3369795,2524737,74.298,71.926
snmCseq3,SRR21549298,2563336,2074039,74.289,72.893
snmCseq3,SRR21549329,435895,386552,73.697,72.626
snmCseq3,SRR21549324,1360691,1171784,75.137,74.055
snmCseq3,SRR21549325,1745497,1493933,74.53,73.563
snmCseq3,SRR21549359,2150510,1774355,74.289,72.928
snmCseq3,SRR21549317,3339639,2570418,74.191,72.203
snmCseq3,SRR21549319,136096,115410,74.198,72.52
scnomehic,scNH_GM_4plex_23_S22.CGATGT,3903178,1957685,70.706,56.512
scnomehic,scNH_GM_4plex_39_S38.CGATGT,3471203,1868632,79.187,69.805
scnomehic,scNH_GM_4plex_6_S5.CGATGT,5077326,2659922,83.174,74.886
scnomehic,scNH_GM_4plex_17_S16.CGATGT,4313133,2123115,77.627,65.518
scnomehic,scNH_GM_4plex_2_S2.ATCACG,5233378,2653975,71.867,58.456
scnomehic,scNH_GM_4plex_5_S4.GCCAAT,2876833,1654068,68.428,56.614
scnomehic,scNH_GM_4plex_35_S34.ATCACG,5795448,2979437,75.037,62.817
scnomehic,scNH_GM_4plex_23_S22.TGACCA,7516741,3557414,78.62,66.917
scnomehic,scNH_GM_4plex_37_S36.GCCAAT,3607037,2096071,71.997,61.826
scnomehic,scNH_GM_4plex_9_S8.TGACCA,5002010,2538253,71.498,57.998
scnomehic,scNH_GM_4plex_46_S45.TGACCA,9628143,4955348,85.323,78.276
scnomehic,scNH_GM_4plex_48_S47.GCCAAT,5877204,3393981,46.261,35.758
scnomehic,scNH_GM_4plex_8_S7.CGATGT,4684887,2257845,77.757,65.494
scnomehic,scNH_GM_4plex_40_S39.ATCACG,4019303,2182762,65.985,51.949
scnomehic,scNH_GM_4plex_7_S6.CGATGT,4033749,1931979,67.321,50.869
scnomehic,scNH_GM_4plex_7_S6.ATCACG,6691546,3260684,68.355,52.41
scnomehic,scNH_GM_4plex_7_S6.TGACCA,5322666,2452243,71.726,56.305
scnomehic,scNH_GM_4plex_45_S44.CGATGT,5553060,2728370,76.484,64.481
scnomehic,scNH_GM_4plex_47_S46.CGATGT,3316947,1703678,73.343,60.765
scnomehic,scNH_GM_4plex_11_S10.ATCACG,4413183,2554573,67.37,55.604
scnomehic,scNH_GM_4plex_5_S4.TGACCA,2719452,1574798,66.662,54.759
scnomehic,scNH_GM_4plex_14_S13.ATCACG,7169794,2945963,72.813,55.31
scnomehic,scNH_GM_4plex_32_S31.CGATGT,5089403,2356861,79.638,67.512
scnomehic,scNH_GM_4plex_38_S37.CGATGT,2794948,1431905,72.073,58.782
scnomehic,scNH_GM_4plex_11_S10.TGACCA,5674342,3012759,75.891,65.375
scnomehic,scNH_GM_4plex_38_S37.GCCAAT,8095437,3954496,79.397,68.445
scnomehic,scNH_GM_4plex_10_S9.GCCAAT,6334363,2998047,69.477,53.326
scnomehic,scNH_GM_4plex_25_S24.TGACCA,5780170,2944313,80.105,70.041
scnomehic,scNH_GM_4plex_18_S17.TGACCA,6718843,3402676,73.29,60.506
scnomehic,scNH_GM_4plex_45_S44.ATCACG,4436431,2370912,68.865,55.291
scnomehic,scNH_GM_4plex_47_S46.GCCAAT,8696674,4263484,79.843,69.376
scnomehic,scNH_GM_4plex_19_S18.ATCACG,2788141,1621742,70.537,59.781
scnomehic,scNH_GM_4plex_35_S34.GCCAAT,6825218,3429854,76.116,64.122
scnomehic,scNH_GM_4plex_17_S16.GCCAAT,4853577,2532784,71.124,57.733
scnomehic,scNH_GM_4plex_28_S27.CGATGT,2280131,1303011,64.999,52.017
scnomehic,scNH_GM_4plex_18_S17.ATCACG,8346522,4190145,76.283,64.305
scnomehic,scNH_GM_4plex_44_S43.CGATGT,2237466,1249692,70.808,58.964
scnomehic,scNH_GM_4plex_32_S31.ATCACG,4301027,2195780,70.358,56.158
scnomehic,scNH_GM_4plex_33_S32.CGATGT,2142705,1256519,73.291,63.196
scnomehic,scNH_GM_4plex_42_S41.CGATGT,7032093,3541001,83.136,74.478
scnomehic,scNH_GM_4plex_24_S23.GCCAAT,9528289,3724752,76.694,60.02
scnomehic,scNH_GM_4plex_46_S45.ATCACG,4728196,2576752,78.926,69.57
scnomehic,scNH_GM_4plex_1_S1.TGACCA,3795417,1912604,69.849,57.001
scnomehic,scNH_GM_4plex_10_S9.TGACCA,8275600,3546321,80.57,67.896
scnomehic,scNH_GM_4plex_31_S30.CGATGT,3346457,1728752,79.512,69.56
scnomehic,scNH_GM_4plex_19_S18.TGACCA,2961848,1615312,74.419,63.647
scnomehic,scNH_GM_4plex_31_S30.GCCAAT,5941702,3107723,79.303,69.763
scnomehic,scNH_GM_4plex_44_S43.ATCACG,5472296,2942308,79.0,69.382
scnomehic,scNH_GM_4plex_21_S20.CGATGT,3080616,1527377,65.955,49.969
scnomehic,scNH_GM_4plex_36_S35.ATCACG,7225843,3586245,76.821,64.751
scnomehic,scNH_GM_4plex_1_S1.GCCAAT,4788868,2462666,68.12,54.817
scnomehic,scNH_GM_4plex_6_S5.ATCACG,2614573,1532168,67.075,55.041
scnomehic,scNH_GM_4plex_10_S9.CGATGT,3844836,1794096,69.584,53.009
scnomehic,scNH_GM_4plex_29_S28.ATCACG,4224256,2592369,79.265,71.955
scnomehic,scNH_GM_4plex_39_S38.GCCAAT,5193177,2804661,79.877,70.878
scnomehic,scNH_GM_4plex_16_S15.CGATGT,4674396,2231060,78.728,66.552
scnomehic,scNH_GM_4plex_18_S17.CGATGT,4425361,2190582,74.476,61.209
scnomehic,scNH_GM_4plex_48_S47.ATCACG,4875510,2767460,69.437,57.651
scnomehic,scNH_GM_4plex_34_S33.CGATGT,4043727,2109723,74.493,62.802
scnomehic,scNH_GM_4plex_5_S4.ATCACG,4011658,2234301,76.443,66.354
scnomehic,scNH_GM_4plex_15_S14.ATCACG,3104814,1781753,72.931,62.254
scnomehic,scNH_GM_4plex_4_S3.ATCACG,6349430,3046796,68.66,53.011
scnomehic,scNH_GM_4plex_15_S14.CGATGT,1577055,887872,71.746,60.176
scnomehic,scNH_GM_4plex_21_S20.GCCAAT,4680084,2326898,67.497,52.065
scnomehic,scNH_GM_4plex_21_S20.ATCACG,7303289,3437562,76.359,63.088
scnomehic,scNH_GM_4plex_19_S18.CGATGT,3485891,1851699,78.219,68.255
scnomehic,scNH_GM_4plex_15_S14.GCCAAT,6554262,3499884,82.733,74.879
scnomehic,scNH_GM_4plex_24_S23.TGACCA,9310777,3608953,76.326,59.511
scnomehic,scNH_GM_4plex_29_S28.TGACCA,4418190,2628585,81.405,74.534
scnomehic,scNH_GM_4plex_12_S11.GCCAAT,7153128,3186057,72.029,55.164
scnomehic,scNH_GM_4plex_37_S36.CGATGT,2805504,1586737,74.742,64.692
scnomehic,scNH_GM_4plex_19_S18.GCCAAT,3166549,1794701,69.19,57.34
scnomehic,scNH_GM_4plex_11_S10.GCCAAT,3705852,2137977,65.068,52.641
scnomehic,scNH_GM_4plex_30_S29.CGATGT,3970970,2026128,76.887,65.565
scnomehic,scNH_GM_4plex_35_S34.TGACCA,9736236,4607118,82.945,73.456
scnomehic,scNH_GM_4plex_34_S33.GCCAAT,5922167,3126019,75.073,63.595
scnomehic,scNH_GM_4plex_1_S1.ATCACG,7120556,3358041,83.407,73.749
scnomehic,scNH_GM_4plex_4_S3.GCCAAT,7204386,3163442,78.756,65.451
scnomehic,scNH_GM_4plex_31_S30.TGACCA,6231011,3235985,80.152,70.827
scnomehic,scNH_GM_4plex_31_S30.ATCACG,2861565,1593422,71.483,59.822
scnomehic,scNH_GM_4plex_46_S45.CGATGT,1951443,1105732,68.834,56.861
scnomehic,scNH_GM_4plex_42_S41.ATCACG,5926237,3171249,78.101,67.98
scnomehic,scNH_GM_4plex_26_S25.GCCAAT,6673380,3309954,76.846,64.831
scnomehic,scNH_GM_4plex_40_S39.TGACCA,8841705,4210671,82.228,72.432
scnomehic,scNH_GM_4plex_10_S9.ATCACG,9499213,4193578,80.016,67.279
scnomehic,scNH_GM_4plex_29_S28.GCCAAT,2777590,1747279,71.967,62.934
scnomehic,scNH_GM_4plex_2_S2.TGACCA,7221311,3317713,78.852,66.3
scnomehic,scNH_GM_4plex_14_S13.TGACCA,11116237,4160297,79.731,64.368
scnomehic,scNH_GM_4plex_12_S11.CGATGT,7195528,2948320,79.536,65.149
scnomehic,scNH_GM_4plex_41_S40.ATCACG,3063410,1735206,69.443,57.249
scnomehic,scNH_GM_4plex_12_S11.ATCACG,6366415,2805306,77.254,63.112
scnomehic,scNH_GM_4plex_41_S40.CGATGT,5531388,2800359,81.962,72.74
scnomehic,scNH_GM_4plex_17_S16.TGACCA,6651187,3166663,82.163,72.024
scnomehic,scNH_GM_4plex_9_S8.GCCAAT,5246050,2621519,73.739,60.343
scnomehic,scNH_GM_4plex_13_S12.CGATGT,2142423,1173405,71.889,59.956
scnomehic,scNH_GM_4plex_8_S7.GCCAAT,5692911,2825497,77.2,65.18
scnomehic,scNH_GM_4plex_28_S27.TGACCA,5170566,2808880,75.196,64.689
scnomehic,scNH_GM_4plex_28_S27.GCCAAT,2863278,1725928,60.79,47.613
scnomehic,scNH_GM_4plex_30_S29.GCCAAT,3328046,1828311,69.1,56.338
scnomehic,scNH_GM_4plex_22_S21.CGATGT,3003384,1569386,68.02,54.081
scnomehic,scNH_GM_4plex_8_S7.ATCACG,5471377,2838977,73.474,60.584
scnomehic,scNH_GM_4plex_9_S8.CGATGT,6012090,2776773,81.943,71.031
scnomehic,scNH_GM_4plex_36_S35.TGACCA,8461751,4050710,78.665,67.367
scnomehic,scNH_GM_4plex_28_S27.ATCACG,4854357,2700629,74.301,63.561
scnomehic,scNH_GM_4plex_6_S5.TGACCA,4545893,2478477,77.373,67.78
scnomehic,scNH_GM_4plex_38_S37.TGACCA,4222634,2143779,72.187,59.169
scnomehic,scNH_GM_4plex_43_S42.CGATGT,4288239,2269497,73.413,61.47
scnomehic,scNH_GM_4plex_25_S24.ATCACG,3458234,1930668,69.524,56.79
scnomehic,scNH_GM_4plex_46_S45.GCCAAT,3082641,1764314,68.528,56.759
scnomehic,scNH_GM_4plex_2_S2.GCCAAT,5652937,2617248,78.215,65.515
scnomehic,scNH_GM_4plex_38_S37.ATCACG,11559396,5515455,84.136,75.194
scnomehic,scNH_GM_4plex_34_S33.ATCACG,4125416,2241971,71.502,59.37
scnomehic,scNH_GM_4plex_27_S26.TGACCA,5164502,2879311,76.331,66.692
scnomehic,scNH_GM_4plex_37_S36.ATCACG,5290472,2940451,80.569,72.327
scnomehic,scNH_GM_4plex_14_S13.CGATGT,4823062,1927152,71.88,53.294
scnomehic,scNH_GM_4plex_39_S38.TGACCA,4064123,2205054,79.535,70.439
scnomehic,scNH_GM_4plex_43_S42.GCCAAT,5168885,2839518,71.19,58.958
scnomehic,scNH_GM_4plex_44_S43.GCCAAT,5307955,2936558,76.064,66.167
scnomehic,scNH_GM_4plex_48_S47.CGATGT,3421493,1806620,73.395,61.106
scnomehic,scNH_GM_4plex_25_S24.GCCAAT,4873971,2607790,74.603,62.713
scnomehic,scNH_GM_4plex_24_S23.CGATGT,8632739,3204907,79.302,63.508
scnomehic,scNH_GM_4plex_23_S22.ATCACG,5701476,2793886,77.201,64.876
scnomehic,scNH_GM_4plex_26_S25.TGACCA,3542190,1844570,69.723,56.205
scnomehic,scNH_GM_4plex_22_S21.ATCACG,3317923,1786279,67.009,53.246
scnomehic,scNH_GM_4plex_24_S23.ATCACG,5991210,2523381,70.227,51.826
scnomehic,scNH_GM_4plex_5_S4.CGATGT,1950653,1112233,67.917,55.668
scnomehic,scNH_GM_4plex_23_S22.GCCAAT,6409110,3115181,76.672,64.276
scnomehic,scNH_GM_4plex_20_S19.GCCAAT,9205802,4314637,77.951,65.146
scnomehic,scNH_GM_4plex_1_S1.CGATGT,2198806,1088192,73.619,59.938
scnomehic,scNH_GM_4plex_33_S32.GCCAAT,2094753,1293832,65.533,54.49
scnomehic,scNH_GM_4plex_47_S46.ATCACG,5046646,2591527,77.708,66.648
scnomehic,scNH_GM_4plex_27_S26.ATCACG,3314576,1948522,70.758,60.153
scnomehic,scNH_GM_4plex_42_S41.GCCAAT,5865506,3121681,76.807,66.001
scnomehic,scNH_GM_4plex_36_S35.GCCAAT,5005769,2586798,70.683,57.01
scnomehic,scNH_GM_4plex_43_S42.ATCACG,5056458,2804438,71.728,59.837
scnomehic,scNH_GM_4plex_18_S17.GCCAAT,6794782,3410924,74.96,62.329
scnomehic,scNH_GM_4plex_37_S36.TGACCA,2729475,1581651,69.821,59.038
scnomehic,scNH_GM_4plex_15_S14.TGACCA,6526745,3439650,84.446,77.249
scnomehic,scNH_GM_4plex_20_S19.TGACCA,6434140,2988544,76.785,63.43
scnomehic,scNH_GM_4plex_35_S34.CGATGT,3164386,1614000,72.027,58.711
scnomehic,scNH_GM_4plex_12_S11.TGACCA,10236086,4158128,80.637,67.025
scnomehic,scNH_GM_4plex_29_S28.CGATGT,1565866,994309,66.558,56.509
scnomehic,scNH_GM_4plex_16_S15.ATCACG,4435853,2308144,71.058,57.193
scnomehic,scNH_GM_4plex_43_S42.TGACCA,5005008,2637861,75.418,64.178
scnomehic,scNH_GM_4plex_26_S25.CGATGT,3596506,1789366,74.705,61.967
scnomehic,scNH_GM_4plex_20_S19.ATCACG,6665178,3299372,72.281,58.16
scnomehic,scNH_GM_4plex_25_S24.CGATGT,2878726,1522019,75.504,63.701
scnomehic,scNH_GM_4plex_30_S29.TGACCA,4402110,2290846,77.04,66.309
scnomehic,scNH_GM_4plex_26_S25.ATCACG,4982493,2499347,77.295,65.583
scnomehic,scNH_GM_4plex_13_S12.TGACCA,4632811,2433086,77.856,67.681
scnomehic,scNH_GM_4plex_8_S7.TGACCA,3922177,1998342,70.961,57.35
scnomehic,scNH_GM_4plex_2_S2.CGATGT,3325763,1667047,66.999,50.891
scnomehic,scNH_GM_4plex_48_S47.TGACCA,5459157,2824353,78.513,67.953
scnomehic,scNH_GM_4plex_16_S15.TGACCA,4062570,2026705,73.698,60.322
scnomehic,scNH_GM_4plex_40_S39.CGATGT,6402861,3024988,82.052,71.883
scnomehic,scNH_GM_4plex_32_S31.TGACCA,4199585,2078256,72.153,58.333
scnomehic,scNH_GM_4plex_41_S40.TGACCA,3168065,1735701,70.764,58.724
scnomehic,scNH_GM_4plex_22_S21.GCCAAT,4670117,2437089,71.405,58.316
scnomehic,scNH_GM_4plex_11_S10.CGATGT,3620932,1987193,69.192,57.145
scnomehic,scNH_GM_4plex_13_S12.GCCAAT,5309206,2830717,77.368,67.182
scnomehic,scNH_GM_4plex_27_S26.CGATGT,3392932,1899544,74.021,63.367
scnomehic,scNH_GM_4plex_32_S31.GCCAAT,6375905,3112725,75.377,62.457
scnomehic,scNH_GM_4plex_41_S40.GCCAAT,2973673,1693189,66.355,53.362
scnomehic,scNH_GM_4plex_42_S41.TGACCA,3696431,2021381,71.2,59.148
scnomehic,scNH_GM_4plex_17_S16.ATCACG,3342086,1814971,67.195,52.814
scnomehic,scNH_GM_4plex_33_S32.TGACCA,2563741,1536451,70.657,60.525
scnomehic,scNH_GM_4plex_16_S15.GCCAAT,9262044,4462663,78.763,67.02
scnomehic,scNH_GM_4plex_39_S38.ATCACG,2900966,1677667,71.58,60.613
scnomehic,scNH_GM_4plex_40_S39.GCCAAT,4455464,2281184,71.678,58.273
scnomehic,scNH_GM_4plex_45_S44.GCCAAT,6829378,3439347,75.481,63.315
scnomehic,scNH_GM_4plex_4_S3.CGATGT,3632055,1728252,68.171,51.567
scnomehic,scNH_GM_4plex_9_S8.ATCACG,5738372,2865239,75.668,62.971
scnomehic,scNH_GM_4plex_21_S20.TGACCA,4714248,2313611,69.347,54.522
scnomehic,scNH_GM_4plex_14_S13.GCCAAT,11352669,4444907,75.726,58.918
scnomehic,scNH_GM_4plex_4_S3.TGACCA,5190795,2410497,72.191,56.781
scnomehic,scNH_GM_4plex_13_S12.ATCACG,3375974,1849443,75.398,64.683
scnomehic,scNH_GM_4plex_47_S46.TGACCA,4319281,2201358,74.171,61.889
scnomehic,scNH_GM_4plex_34_S33.TGACCA,3780284,2015593,71.368,59.349
scnomehic,scNH_GM_4plex_45_S44.TGACCA,7132871,3457877,79.645,68.796
scnomehic,scNH_GM_4plex_6_S5.GCCAAT,5334421,2872458,81.211,72.693
scnomehic,scNH_GM_4plex_7_S6.GCCAAT,6370089,2910154,75.943,61.894
scnomehic,scNH_GM_4plex_36_S35.CGATGT,3122426,1634850,66.053,51.355
scnomehic,scNH_GM_4plex_44_S43.TGACCA,2731734,1539834,68.921,56.958
scnomehic,scNH_GM_4plex_27_S26.GCCAAT,3877710,2340029,58.45,47.194
scnomehic,scNH_GM_4plex_20_S19.CGATGT,5260177,2469072,73.782,59.084
scnomehic,scNH_GM_4plex_30_S29.ATCACG,3318555,1838225,68.407,55.665
scnomehic,scNH_GM_4plex_33_S32.ATCACG,3599629,2151542,74.861,65.743
snmCseq2,SRR6911852,1412572,1160582,57.419,59.308
snmCseq2,SRR6911794,2953311,2103373,61.198,62.61
snmCseq2,SRR6911790,3010521,2133323,58.851,60.142
snmCseq2,SRR6911870,696393,578241,60.355,61.403
snmCseq2,SRR6911827,1444703,1178480,55.609,57.234
snmCseq2,SRR6911824,1598510,1256753,59.615,61.302
snmCseq2,SRR6911780,1470879,1216186,52.287,54.168
snmCseq2,SRR6911868,1643297,1343427,59.988,61.913
snmCseq2,SRR6911817,1748697,1323158,60.01,61.51
snmCseq2,SRR6911858,1105441,895240,59.63,61.559
snmCseq2,SRR6911825,1640601,1328616,56.945,58.904
snmCseq2,SRR6911789,2717320,1928051,59.54,60.69
snmCseq2,SRR6911803,2241677,1739730,60.699,62.294
snmCseq2,SRR6911828,2332136,1895582,55.037,56.966
snmCseq2,SRR6911837,1975280,1588870,55.769,57.796
snmCseq2,SRR6911835,3353930,2511723,54.75,56.424
snmCseq2,SRR6911793,2511456,1791414,61.5,63.012
snmCseq2,SRR6911850,1184864,972047,58.661,60.382
snmCseq2,SRR6911800,2647377,1889421,58.278,59.575
snmCseq2,SRR6911864,2669548,2022259,60.142,61.729
snmCseq2,SRR6911815,2344681,1773220,60.888,62.637
snmCseq2,SRR6911849,1260707,1037307,59.125,60.967
snmCseq2,SRR6911806,1160281,907778,61.036,61.882
snmCseq2,SRR6911839,1914939,1539321,55.366,57.296
snmCseq2,SRR6911798,2391578,1706669,59.21,60.435
snmCseq2,SRR6911809,2293153,1685960,61.772,63.017
snmCseq2,SRR6911862,1482739,1200580,57.84,59.559
snmCseq2,SRR6911871,1475922,1212115,58.577,60.405
snmCseq2,SRR6911840,1855208,1485156,54.773,56.65
snmCseq2,SRR6911811,2835179,2078393,60.827,62.124
snmCseq2,SRR6911788,6385357,4534094,58.242,59.496
snmCseq2,SRR6911787,3124261,2231359,59.056,60.474
snmCseq2,SRR6911869,1320936,1079610,59.744,61.646
snmCseq2,SRR6911854,1319740,1086647,57.106,58.718
snmCseq2,SRR6911859,1730977,1405646,58.629,60.517
snmCseq2,SRR6911867,1983745,1490628,58.794,60.115
snmCseq2,SRR6911841,2245109,1795656,55.403,57.106
snmCseq2,SRR6911831,2234608,1813119,53.074,54.733
snmCseq2,SRR6911872,948781,778703,57.443,59.003
snmCseq2,SRR6911832,2252710,1711721,56.142,57.973
snmCseq2,SRR6911855,1163328,958754,55.597,57.308
snmCseq2,SRR6911783,1355917,1120917,51.775,53.623
snmCseq2,SRR6911818,2343750,1778917,59.333,60.834
snmCseq2,SRR6911865,1891385,1433581,60.482,61.558
snmCseq2,SRR6911847,2200661,1743195,55.451,57.353
snmCseq2,SRR6911808,2112269,1630998,59.08,60.688
snmCseq2,SRR6911782,1460821,1209208,51.84,53.641
snmCseq2,SRR6911791,2004293,1413474,57.665,59.102
snmCseq2,SRR6911814,2087774,1530232,59.428,60.591
snmCseq2,SRR6911860,1497934,1220447,57.848,59.415
snmCseq2,SRR6911801,2211254,1713952,62.212,63.87
snmCseq2,SRR6911833,3349851,2524119,55.813,57.596
snmCseq2,SRR6911853,1311799,1074889,56.826,58.487
snmCseq2,SRR6911804,2398147,1862746,60.606,62.212
snmCseq2,SRR6911823,1179958,921132,59.689,61.566
snmCseq2,SRR6911778,1324564,1097053,55.003,56.976
snmCseq2,SRR6911812,1854016,1348913,60.324,61.806
snmCseq2,SRR6911795,2647357,1895702,60.957,62.208
snmCseq2,SRR6911863,1207785,982117,57.808,59.498
snmCseq2,SRR6911799,2049904,1461711,57.945,59.353
snmCseq2,SRR6911802,1923304,1489377,61.821,63.464
snmCseq2,SRR6911843,900312,724672,54.348,55.888
snmCseq2,SRR6911810,1747133,1292224,62.571,63.185
snmCseq2,SRR6911844,1538021,1218143,56.228,58.254
snmCseq2,SRR6911777,1153103,960154,55.494,57.251
snmCseq2,SRR6911813,2206881,1617232,59.796,61.08
snmCseq2,SRR6911822,1542022,1208078,61.011,63.052
snmCseq2,SRR6911830,1805192,1459933,54.415,56.105
snmCseq2,SRR6911829,2180098,1769814,54.31,56.017
snmCseq2,SRR6911842,2154093,1717071,54.008,56.017
snmCseq2,SRR6911851,1294297,1066161,58.548,60.221
snmCseq2,SRR6911820,2128027,1618386,59.743,61.502
snmCseq2,SRR6911838,2038252,1636281,55.786,57.673
snmCseq2,SRR6911784,2669829,1897492,61.191,62.581
snmCseq2,SRR6911826,1365914,1116702,56.389,58.176
snmCseq2,SRR6911834,6119364,4579403,54.835,56.688
snmCseq2,SRR6911792,1569137,1086083,57.384,58.871
snmCseq2,SRR6911856,1102100,909578,56.876,58.213
snmCseq2,SRR6911819,2921849,2215292,59.889,61.676
snmCseq2,SRR6911816,3026402,2308021,60.553,62.021
snmCseq2,SRR6911845,1669728,1328254,56.625,58.387
snmCseq2,SRR6911836,2101464,1691836,56.736,58.476
snmCseq2,SRR6911786,2980381,2126871,59.935,61.225
snmCseq2,SRR6911785,2456184,1754773,60.438,61.717
snmCseq2,SRR6911781,1285413,1062916,52.481,54.285
snmCseq2,SRR6911796,3013796,2155481,59.98,61.398
snmCseq2,SRR6911807,2274389,1761734,59.601,61.103
snmCseq2,SRR6911846,1735996,1373592,56.035,57.911
snmCseq2,SRR6911779,1588481,1314120,54.397,56.415
snmCseq2,SRR6911805,1594273,1235342,60.255,61.719
snmCseq2,SRR6911797,3075710,2193141,59.456,60.63
snmCseq2,SRR6911861,1423524,1151313,59.164,60.855
snmCseq2,SRR6911866,2155808,1618406,59.8,61.139
snmCseq2,SRR6911848,1659469,1310928,54.845,56.514
snmCseq2,SRR6911821,1540315,1161913,59.144,61.161
snmCseq2,SRR6911857,1447423,1173359,60.341,62.181
snmCAT,SRR10471461,1361817,1355033,82.898,82.938
snmCAT,SRR10471426,1701981,1691707,82.117,82.166
snmCAT,SRR10470937,1214008,1207088,81.26,81.25
snmCAT,SRR10470331,1497266,1487013,81.425,81.49
snmCAT,SRR10470918,1453946,1438901,80.347,80.446
snmCAT,SRR10471411,1827412,1817440,82.987,83.025
snmCAT,SRR10470920,14998541,14823373,80.766,80.863
snmCAT,SRR10471428,643246,639089,81.937,81.993
snmCAT,SRR10471400,1414683,1403818,81.467,81.538
snmCAT,SRR10471398,1475755,1464647,82.344,82.41
snmCAT,SRR10470345,1160063,1151075,81.245,81.313
snmCAT,SRR10470791,1636806,1624455,81.525,81.589
snmCAT,SRR10471401,1452871,1442413,82.107,82.093
snmCAT,SRR10471449,1531609,1520570,81.432,81.496
snmCAT,SRR10470923,1294503,1285012,82.977,83.034
snmCAT,SRR10471388,1477359,1466774,81.592,81.653
snmCAT,SRR10470775,1238310,1227313,81.829,81.91
snmCAT,SRR10470902,1918958,1907462,82.555,82.599
snmCAT,SRR10470760,2413134,2393714,81.485,81.56
snmCAT,SRR10470343,1836994,1823844,81.45,81.517
snmCAT,SRR10471379,2017780,2005253,83.619,83.661
snmCAT,SRR10470933,1591432,1581639,81.554,81.611
snmCAT,SRR10471384,1594253,1581662,81.206,81.278
snmCAT,SRR10470339,2015453,2001177,80.724,80.788
snmCAT,SRR10470361,1471235,1463125,81.065,81.113
snmCAT,SRR10470786,1237673,1227677,82.164,82.235
snmCAT,SRR10471417,1683150,1672928,81.329,81.314
snmCAT,SRR10470911,1981377,1966481,80.902,80.969
snmCAT,SRR10470337,1725768,1713976,81.642,81.705
snmCAT,SRR10470326,674269,668749,81.865,81.84
snmCAT,SRR10471455,1472360,1465027,81.309,81.359
snmCAT,SRR10470354,1462770,1448854,80.382,80.475
snmCAT,SRR10471456,1510483,1502458,81.47,81.518
snmCAT,SRR10471397,1294384,1283787,82.183,82.25
snmCAT,SRR10471448,1719908,1706635,81.641,81.713
snmCAT,SRR10470342,1505354,1495362,83.29,83.336
snmCAT,SRR10470360,1554045,1545422,81.428,81.478
snmCAT,SRR10470362,1146516,1139863,81.264,81.319
snmCAT,SRR10470919,1681345,1663941,81.296,81.384
snmCAT,SRR10471402,1358817,1350368,83.329,83.378
snmCAT,SRR10470928,1423722,1411796,80.473,80.542
snmCAT,SRR10471451,1569037,1558263,81.254,81.316
snmCAT,SRR10471376,1019943,1010330,81.036,81.125
snmCAT,SRR10470929,1412277,1400809,81.06,81.038
snmCAT,SRR10471432,2033918,2019727,81.826,81.888
snmCAT,SRR10470352,398658,388957,79.774,79.98
snmCAT,SRR10470764,1808464,1795345,81.234,81.221
snmCAT,SRR10470363,1132011,1125628,79.649,79.702
snmCAT,SRR10471410,1735496,1725736,83.214,83.262
snmCAT,SRR10470905,1766194,1753426,81.039,81.103
snmCAT,SRR10470900,1729105,1717484,81.44,81.426
snmCAT,SRR10471421,1518002,1508825,82.132,82.13
snmCAT,SRR10470350,1344848,1333107,82.573,82.626
snmCAT,SRR10470776,868715,854595,81.215,81.344
snmCAT,SRR10470346,1547600,1535328,80.822,80.899
snmCAT,SRR10470334,872968,867429,82.762,82.817
snmCAT,SRR10471452,1391832,1381588,81.193,81.178
snmCAT,SRR10470332,1355980,1345716,81.229,81.301
snmCAT,SRR10471389,1721657,1708323,82.161,82.233
snmCAT,SRR10470335,1593401,1574663,80.667,80.765
snmCAT,SRR10470934,1405342,1396702,81.385,81.439
snmCAT,SRR10470895,1624100,1612336,81.097,81.166
snmCAT,SRR10470323,1502204,1490384,81.837,81.906
snmCAT,SRR10471381,2193645,2175481,82.18,82.253
snmCAT,SRR10471420,2036761,2024875,81.642,81.698
snmCAT,SRR10471454,1666884,1659800,83.197,83.233
snmCAT,SRR10470897,1723699,1711442,81.812,81.875
snmCAT,SRR10470340,1735122,1722684,80.638,80.621
snmCAT,SRR10470355,858358,850282,80.05,80.133
snmCAT,SRR10470324,1290997,1281824,81.554,81.624
snmCAT,SRR10471377,1220334,1208074,81.076,81.052
snmCAT,SRR10471378,1556900,1545583,83.034,83.091
snmCAT,SRR10470899,1487095,1475941,80.51,80.576
snmCAT,SRR10470754,1230972,1220590,80.95,81.031
snmCAT,SRR10471408,1347454,1338761,81.569,81.631
snmCAT,SRR10471405,1199451,1186800,81.054,81.139
snmCAT,SRR10470915,1714490,1699585,79.607,79.687
snmCAT,SRR10470338,1384476,1374562,81.231,81.296
snmCAT,SRR10470333,1804331,1791412,80.971,80.955
snmCAT,SRR10470910,1934098,1922532,82.7,82.746
snmCAT,SRR10470755,1548098,1535510,79.936,80.011
snmCAT,SRR10470325,1847654,1836617,82.126,82.181
snmCAT,SRR10471412,676400,672767,82.018,82.07
snmCAT,SRR10470785,1683895,1671274,82.575,82.641
snmCAT,SRR10470322,1580873,1570142,81.908,81.971
snmCAT,SRR10471393,1118943,1110365,82.116,82.105
snmCAT,SRR10471404,1934966,1921044,81.639,81.706
snmCAT,SRR10470796,1399931,1389927,82.066,82.058
snmCAT,SRR10471445,1492888,1482917,82.88,82.934
snmCAT,SRR10471413,2147893,2133819,81.604,81.666
snmCAT,SRR10470364,1175083,1168094,80.386,80.371
snmCAT,SRR10471453,1386912,1380354,82.92,82.961
snmCAT,SRR10471434,1768768,1754554,82.069,82.145
snmCAT,SRR10471382,1839734,1826107,82.197,82.258
snmCAT,SRR10471464,1851212,1839903,81.124,81.18
snmCAT,SRR10470341,1265797,1257082,82.952,83.005
snmCAT,SRR10470336,2259926,2244080,81.859,81.919
snmCAT,SRR10471444,1574636,1564382,82.016,82.003
snmCAT,SRR10470770,1186255,1172391,81.0,81.111
snmCAT,SRR10471457,1575970,1567786,81.637,81.685
droplethic,BC444399,284548,284548,82.63772720244036,82.63772720244036
droplethic,BC414162,418896,418896,83.1447423704213,83.1447423704213
droplethic,BC481486,338016,338016,84.72735018460665,84.72735018460665
droplethic,BC14456,450674,450674,85.04772851329342,85.04772851329342
droplethic,BC536136,309436,309436,83.88487441668067,83.88487441668067
droplethic,BC641684,269088,269088,84.38503389225829,84.38503389225829
droplethic,BC431981,383554,383554,84.30260145898622,84.30260145898622
droplethic,BC713243,206186,206186,84.2637230461816,84.2637230461816
droplethic,BC314217,195542,195542,86.15028996328155,86.15028996328155
droplethic,BC677672,232184,232184,85.25135237570203,85.25135237570203
droplethic,BC7568,163032,163032,77.62525148437116,77.62525148437116
droplethic,BC304361,245822,245822,83.42377818096021,83.42377818096021
droplethic,BC20071,298624,298624,86.93072224603515,86.93072224603515
droplethic,BC565722,129430,129430,87.51603183187824,87.51603183187824
droplethic,BC584390,250806,250806,82.50998779933495,82.50998779933495
droplethic,BC343302,458674,458674,85.11797049756471,85.11797049756471
droplethic,BC404190,267354,267354,84.73709015013802,84.73709015013802
droplethic,BC545201,293932,293932,84.112651905883,84.112651905883
droplethic,BC27667,100860,100860,84.62819750148721,84.62819750148721
droplethic,BC661652,225914,225914,79.57010189718211,79.57010189718211
droplethic,BC3329,255924,255924,82.38539566433785,82.38539566433785
droplethic,BC232145,262446,262446,84.9431883130244,84.9431883130244
droplethic,BC319973,182446,182446,86.53190533089243,86.53190533089243
droplethic,BC194707,323216,323216,82.58130785604673,82.58130785604673
droplethic,BC285979,292728,292728,80.41936541772567,80.41936541772567
droplethic,BC628580,340384,340384,85.2619394566137,85.2619394566137
droplethic,BC98689,252396,252396,83.99023756319434,83.99023756319434
droplethic,BC90063,284510,284510,83.32150012301852,83.32150012301852
droplethic,BC426852,241498,241498,85.03838541105931,85.03838541105931
droplethic,BC486194,314076,314076,84.33882245061704,84.33882245061704
droplethic,BC500102,319056,319056,85.13552479815455,85.13552479815455
droplethic,BC106021,197516,197516,85.11209218493691,85.11209218493691
droplethic,BC348823,388694,388694,84.41498968340134,84.41498968340134
droplethic,BC487913,199766,199766,85.85044502067419,85.85044502067419
droplethic,BC56608,303568,303568,83.05882042903073,83.05882042903073
droplethic,BC688858,325248,325248,84.51827528532074,84.51827528532074
droplethic,BC191205,254548,254548,85.79835630215126,85.79835630215126
droplethic,BC105739,401326,401326,84.8482281237697,84.8482281237697
droplethic,BC353964,201882,201882,83.66372435383046,83.66372435383046
droplethic,BC56805,245994,245994,84.05489564786133,84.05489564786133
droplethic,BC7543,305542,305542,85.16210537340201,85.16210537340201
droplethic,BC354043,324844,324844,83.28613118912463,83.28613118912463
droplethic,BC138451,455356,455356,84.03490895035972,84.03490895035972
droplethic,BC195978,205904,205904,84.94346880099464,84.94346880099464
droplethic,BC425455,281976,281976,84.37242885919369,84.37242885919369
droplethic,BC687342,368706,368706,83.76755463702787,83.76755463702787
droplethic,BC572593,306648,306648,83.81662362056821,83.81662362056821
droplethic,BC593491,251758,251758,85.04277917682855,85.04277917682855
droplethic,BC438265,263950,263950,83.98181473763971,83.98181473763971
droplethic,BC242373,212164,212164,80.22284647725344,80.22284647725344
droplethic,BC159975,271360,271360,84.4089033018868,84.4089033018868
droplethic,BC654100,368292,368292,87.0738435806371,87.0738435806371
droplethic,BC94506,178994,178994,84.37601260377443,84.37601260377443
droplethic,BC583052,229072,229072,86.3222043724244,86.3222043724244
droplethic,BC475667,373668,373668,82.33512101651733,82.33512101651733
droplethic,BC610337,296754,296754,81.69527622205598,81.69527622205598
droplethic,BC624923,227180,227180,81.31173518795669,81.31173518795669
droplethic,BC127404,312932,312932,83.04679610905883,83.04679610905883
droplethic,BC260556,245192,245192,82.79062938431923,82.79062938431923
droplethic,BC118609,259330,259330,77.81745266648672,77.81745266648672
droplethic,BC31399,194234,194234,83.30776280156924,83.30776280156924
droplethic,BC461356,281474,281474,84.61953857194625,84.61953857194625
droplethic,BC599113,238540,238540,80.33034291942651,80.33034291942651
droplethic,BC633888,263990,263990,85.91764839577257,85.91764839577257
droplethic,BC52976,173532,173532,84.52734942258488,84.52734942258488
droplethic,BC384443,393852,393852,83.49583092125977,83.49583092125977
droplethic,BC409578,302248,302248,84.10444403271485,84.10444403271485
droplethic,BC87482,423252,423252,83.10793569788211,83.10793569788211
droplethic,BC109796,241668,241668,86.33993743482795,86.33993743482795
droplethic,BC161839,215904,215904,82.36623684600563,82.36623684600563
droplethic,BC336696,465464,465464,83.7302132925425,83.7302132925425
droplethic,BC523441,276536,276536,83.03873636705528,83.03873636705528
droplethic,BC726546,371714,371714,83.53788127431305,83.53788127431305
droplethic,BC445876,444514,444514,83.28556580895089,83.28556580895089
droplethic,BC298343,281118,281118,84.45777218107699,84.45777218107699
droplethic,BC621829,294862,294862,85.78453649503835,85.78453649503835
droplethic,BC647703,588944,588944,84.04194626314217,84.04194626314217
droplethic,BC80399,199048,199048,84.74538804710421,84.74538804710421
droplethic,BC180861,391012,391012,84.07926099454748,84.07926099454748
droplethic,BC323212,268738,268738,84.51205263118726,84.51205263118726
droplethic,BC415887,306686,306686,82.70413386982125,82.70413386982125
droplethic,BC686271,262478,262478,81.64722376732526,81.64722376732526
droplethic,BC298853,242950,242950,83.55381765795431,83.55381765795431
droplethic,BC404139,306262,306262,81.7463478982048,81.7463478982048
droplethic,BC728881,266902,266902,84.84162726393957,84.84162726393957
droplethic,BC194362,280742,280742,83.63408396321178,83.63408396321178
droplethic,BC393079,252800,252800,85.30696202531645,85.30696202531645
droplethic,BC320268,321894,321894,83.0459716552654,83.0459716552654
droplethic,BC115860,210370,210370,82.54313828017303,82.54313828017303
droplethic,BC584469,262996,262996,85.99522426196596,85.99522426196596
droplethic,BC419758,167332,167332,82.22695001553797,82.22695001553797
droplethic,BC13905,289704,289704,85.49899207466932,85.49899207466932
droplethic,BC450434,218662,218662,85.75061053132231,85.75061053132231
droplethic,BC621051,407254,407254,85.30253846493834,85.30253846493834
droplethic,BC657117,232820,232820,80.49823898290525,80.49823898290525
droplethic,BC692056,246666,246666,84.51185003202711,84.51185003202711
droplethic,BC261637,269758,269758,85.65010120181793,85.65010120181793
droplethic,BC69848,252214,252214,85.00321155843847,85.00321155843847
droplethic,BC628808,323604,323604,84.4377696196586,84.4377696196586
droplethic,BC252693,220832,220832,83.85378930589769,83.85378930589769
droplethic,BC515731,131972,131972,84.49822689661444,84.49822689661444
droplethic,BC180856,241506,241506,82.50395435310095,82.50395435310095
droplethic,BC441700,187268,187268,82.12828673345152,82.12828673345152
droplethic,BC540314,254792,254792,85.13375616188891,85.13375616188891
droplethic,BC427569,377618,377618,84.88048768861654,84.88048768861654
droplethic,BC594495,322082,322082,84.54306667246229,84.54306667246229
droplethic,BC431908,263250,263250,85.62886989553657,85.62886989553657
droplethic,BC555383,348268,348268,85.45430530510986,85.45430530510986
droplethic,BC114407,409430,409430,83.28945118823731,83.28945118823731
droplethic,BC80285,282356,282356,84.51883437929422,84.51883437929422
droplethic,BC659419,237136,237136,84.20062748802376,84.20062748802376
droplethic,BC615882,366184,366184,84.66672492517424,84.66672492517424
droplethic,BC734829,231098,231098,81.90464651360028,81.90464651360028
droplethic,BC132332,229116,229116,85.275580928438,85.275580928438
droplethic,BC138225,264378,264378,85.02976798372028,85.02976798372028
droplethic,BC209729,358098,358098,84.33892398170333,84.33892398170333
droplethic,BC428446,314078,314078,82.52281280446259,82.52281280446259
droplethic,BC488154,204022,204022,80.20801678250385,80.20801678250385
droplethic,BC723776,291862,291862,85.64252968868848,85.64252968868848
droplethic,BC400009,255772,255772,84.97333562704283,84.97333562704283
droplethic,BC185051,261418,261418,84.34384778400876,84.34384778400876
droplethic,BC483567,227242,227242,84.4421365768652,84.4421365768652
droplethic,BC52738,314564,314564,85.07648681985224,85.07648681985224
droplethic,BC430184,370002,370002,84.16278830925238,84.16278830925238
droplethic,BC77300,435748,435748,83.21598722197233,83.21598722197233
droplethic,BC292771,224632,224632,86.28245307881335,86.28245307881335
droplethic,BC304222,295148,295148,84.07781858592978,84.07781858592978
droplethic,BC311658,240116,240116,84.98142564427194,84.98142564427194
droplethic,BC371339,269064,269064,84.99687806618499,84.99687806618499
droplethic,BC612355,245600,245600,84.98452768729642,84.98452768729642
droplethic,BC576758,409662,409662,82.46163910736168,82.46163910736168
droplethic,BC200816,285282,285282,83.39888250923647,83.39888250923647
droplethic,BC735120,186906,186906,83.16265930467722,83.16265930467722
droplethic,BC383953,266756,266756,84.09032973953725,84.09032973953725
droplethic,BC713869,229710,229710,84.94188324409038,84.94188324409038
droplethic,BC691235,225708,225708,83.89955163308345,83.89955163308345
droplethic,BC239561,358386,358386,83.35202826003248,83.35202826003248
droplethic,BC467099,279748,279748,85.12947366915938,85.12947366915938
droplethic,BC512862,258606,258606,84.85340634014679,84.85340634014679
droplethic,BC683813,239450,239450,83.2182083942368,83.2182083942368
droplethic,BC593919,244286,244286,84.32411190162351,84.32411190162351
droplethic,BC484877,393804,393804,84.01489065626555,84.01489065626555
droplethic,BC122667,316692,316692,83.54805299786544,83.54805299786544
droplethic,BC29871,359892,359892,84.80044013203961,84.80044013203961
droplethic,BC483219,209940,209940,83.14851862436886,83.14851862436886
droplethic,BC620098,202280,202280,86.35752422384813,86.35752422384813
droplethic,BC633067,295680,295680,81.67207792207792,81.67207792207792
droplethic,BC695223,372936,372936,84.93950704678551,84.93950704678551
droplethic,BC645949,426314,426314,83.26538654606698,83.26538654606698
droplethic,BC439155,192906,192906,84.90249136885322,84.90249136885322
droplethic,BC475905,354508,354508,84.38511965879472,84.38511965879472
droplethic,BC565309,295920,295920,86.04622871046229,86.04622871046229
droplethic,BC727715,135614,135614,85.55458875927265,85.55458875927265
droplethic,BC99705,240558,240558,86.52466349071742,86.52466349071742
droplethic,BC179466,503818,503818,84.99339047036827,84.99339047036827
droplethic,BC267963,235872,235872,84.62386379053046,84.62386379053046
droplethic,BC645099,243778,243778,84.6475071581521,84.6475071581521
droplethic,BC337046,343058,343058,86.1679366171318,86.1679366171318
droplethic,BC680147,225152,225152,83.30816515065378,83.30816515065378
droplethic,BC89866,282406,282406,84.9231248627862,84.9231248627862
droplethic,BC318729,224542,224542,83.66987022472411,83.66987022472411
droplethic,BC300357,90838,90838,86.97021070477113,86.97021070477113
droplethic,BC279024,127402,127402,84.11327922638577,84.11327922638577
droplethic,BC440799,346068,346068,84.36607834298462,84.36607834298462
droplethic,BC604186,370674,370674,83.57586450627775,83.57586450627775
droplethic,BC281786,269848,269848,84.83887225400966,84.83887225400966
droplethic,BC568779,236324,236324,82.85404783263655,82.85404783263655
droplethic,BC502986,215078,215078,87.4994188154995,87.4994188154995
droplethic,BC617134,243800,243800,85.31829368334701,85.31829368334701
droplethic,BC222914,407632,407632,83.35753817168427,83.35753817168427
droplethic,BC537765,282888,282888,83.95548768417183,83.95548768417183
droplethic,BC416943,244276,244276,84.96045456778398,84.96045456778398
droplethic,BC22663,262112,262112,84.09229642290319,84.09229642290319
droplethic,BC249091,171812,171812,86.35601704188299,86.35601704188299
droplethic,BC696257,203084,203084,85.87973449410096,85.87973449410096
droplethic,BC46179,202490,202490,85.24174033285594,85.24174033285594
droplethic,BC149026,320326,320326,83.98007030337844,83.98007030337844
droplethic,BC145044,222702,222702,85.71184811990912,85.71184811990912
droplethic,BC337354,243372,243372,86.18246963496212,86.18246963496212
droplethic,BC382272,291372,291372,84.2785168101259,84.2785168101259
droplethic,BC676235,215494,215494,84.27798453785256,84.27798453785256
droplethic,BC141815,341260,341260,83.66992908632714,83.66992908632714
droplethic,BC337641,289216,289216,86.43505200265545,86.43505200265545
droplethic,BC716825,290044,290044,84.35685620112811,84.35685620112811
droplethic,BC93311,320012,320012,84.81619439271027,84.81619439271027
droplethic,BC512796,241088,241088,85.46339925670294,85.46339925670294
droplethic,BC74979,258858,258858,84.74144125350578,84.74144125350578
droplethic,BC369726,289834,289834,83.7824409834595,83.7824409834595
droplethic,BC572614,415202,415202,83.40229575002047,83.40229575002047
droplethic,BC103885,357540,357540,83.55988141187,83.55988141187
droplethic,BC20844,240546,240546,83.549923923075,83.549923923075
droplethic,BC251679,360118,360118,83.25326698471056,83.25326698471056
droplethic,BC616670,397190,397190,85.01422493013419,85.01422493013419
droplethic,BC430153,231934,231934,81.84052359723024,81.84052359723024
droplethic,BC681302,356330,356330,83.23632587769764,83.23632587769764
droplethic,BC249124,265900,265900,85.45994734862731,85.45994734862731
droplethic,BC322912,249420,249420,84.88332932403175,84.88332932403175
droplethic,BC473498,413308,413308,83.9475645281485,83.9475645281485
droplethic,BC152716,243504,243504,82.01179446744202,82.01179446744202
droplethic,BC147707,306008,306008,84.85595147839273,84.85595147839273
droplethic,BC224151,323272,323272,86.33163404192135,86.33163404192135
droplethic,BC268170,321548,321548,84.34199559630288,84.34199559630288
droplethic,BC353645,306548,306548,83.60256795020682,83.60256795020682
droplethic,BC625811,334034,334034,79.89186729494602,79.89186729494602
droplethic,BC137768,260952,260952,85.79508875195438,85.79508875195438
droplethic,BC618844,391508,391508,85.10579605014458,85.10579605014458
droplethic,BC617621,308118,308118,85.60097105654327,85.60097105654327
droplethic,BC700991,351972,351972,83.79416544497857,83.79416544497857
droplethic,BC388094,310026,310026,84.52903949991291,84.52903949991291
droplethic,BC303618,278438,278438,84.55095927998333,84.55095927998333
droplethic,BC533659,190788,190788,83.04715181248297,83.04715181248297
droplethic,BC559750,209096,209096,80.85377051689176,80.85377051689176
droplethic,BC640781,443554,443554,83.66557397746385,83.66557397746385
droplethic,BC382046,240850,240850,86.5725555324891,86.5725555324891
droplethic,BC178105,92040,92040,87.18383311603651,87.18383311603651
droplethic,BC419539,236180,236180,84.002032348209,84.002032348209
droplethic,BC65221,322516,322516,83.37756886480051,83.37756886480051
droplethic,BC370084,153934,153934,85.0260501253784,85.0260501253784
droplethic,BC9820,251554,251554,86.28445582260667,86.28445582260667
droplethic,BC281797,450244,450244,84.71673137232256,84.71673137232256
droplethic,BC283955,364574,364574,84.9989302583289,84.9989302583289
droplethic,BC257152,204946,204946,84.68084275858031,84.68084275858031
droplethic,BC561855,210368,210368,85.357088530575,85.357088530575
droplethic,BC732385,332338,332338,84.47664726874447,84.47664726874447
droplethic,BC78123,242296,242296,84.2283818139796,84.2283818139796
droplethic,BC135238,318678,318678,83.9568467230245,83.9568467230245
droplethic,BC157193,378218,378218,83.01561533295613,83.01561533295613
droplethic,BC410719,282502,282502,82.77038746628342,82.77038746628342
droplethic,BC140217,223562,223562,85.36066057737898,85.36066057737898
droplethic,BC365849,243940,243940,82.18086414692138,82.18086414692138
droplethic,BC395699,240578,240578,84.03594676154927,84.03594676154927
droplethic,BC513150,242624,242624,84.55222896333422,84.55222896333422
droplethic,BC403561,262886,262886,83.14706755019286,83.14706755019286
droplethic,BC736074,290642,290642,84.75306390679943,84.75306390679943
droplethic,BC413704,222202,222202,84.61309979208107,84.61309979208107
droplethic,BC87515,190592,190592,84.46839321692411,84.46839321692411
droplethic,BC680256,239990,239990,86.18692445518563,86.18692445518563
droplethic,BC605708,197716,197716,79.78110016387141,79.78110016387141
droplethic,BC76588,158120,158120,83.84897546167468,83.84897546167468
droplethic,BC518018,217280,217280,81.8510677466863,81.8510677466863
droplethic,BC720662,244882,244882,84.21035437476009,84.21035437476009
droplethic,BC422069,396476,396476,83.00174537676934,83.00174537676934
droplethic,BC592223,222772,222772,85.44341299624729,85.44341299624729
droplethic,BC466419,200728,200728,78.32489737356025,78.32489737356025
droplethic,BC335354,386680,386680,83.21557877314575,83.21557877314575
droplethic,BC695218,206066,206066,82.15037900478488,82.15037900478488
droplethic,BC389871,312128,312128,84.933745130203,84.933745130203
droplethic,BC256571,179826,179826,84.82533115344833,84.82533115344833
droplethic,BC296318,374628,374628,83.36696669763072,83.36696669763072
droplethic,BC439972,174788,174788,83.53319449847815,83.53319449847815
droplethic,BC577818,369736,369736,84.4029253305061,84.4029253305061
droplethic,BC222671,272602,272602,81.75215148825026,81.75215148825026
droplethic,BC191618,287668,287668,83.33565081969492,83.33565081969492
droplethic,BC308710,239976,239976,83.49418275160849,83.49418275160849
droplethic,BC575210,260490,260490,84.3057315060079,84.3057315060079
droplethic,BC469941,317288,317288,84.2672902851668,84.2672902851668
droplethic,BC384131,192214,192214,85.1883837805779,85.1883837805779
droplethic,BC684454,274388,274388,85.90827587212269,85.90827587212269
droplethic,BC665406,258600,258600,84.49806651198763,84.49806651198763
droplethic,BC377420,315480,315480,84.17839482693039,84.17839482693039
droplethic,BC698457,359636,359636,83.0645430379606,83.0645430379606
droplethic,BC466113,211300,211300,84.4070042593469,84.4070042593469
droplethic,BC671276,247526,247526,85.28477816471805,85.28477816471805
droplethic,BC115129,170430,170430,88.37763304582526,88.37763304582526
droplethic,BC315986,250174,250174,84.19260194904346,84.19260194904346
droplethic,BC333448,344138,344138,84.63930167549064,84.63930167549064
droplethic,BC537630,357884,357884,84.76321936716926,84.76321936716926
droplethic,BC60300,202016,202016,86.69115317598606,86.69115317598606
droplethic,BC336791,237276,237276,85.10342386082031,85.10342386082031
droplethic,BC472476,309556,309556,85.44043727144684,85.44043727144684
droplethic,BC624450,387796,387796,85.9266212132152,85.9266212132152
droplethic,BC677899,292102,292102,83.80565692805938,83.80565692805938
droplethic,BC412101,315032,315032,85.62241296122299,85.62241296122299
droplethic,BC704504,348018,348018,80.75099563815665,80.75099563815665
droplethic,BC667993,267148,267148,84.41163699522362,84.41163699522362
droplethic,BC708416,300882,300882,85.82500781037085,85.82500781037085
droplethic,BC654038,303594,303594,83.17358050554358,83.17358050554358
droplethic,BC120119,280224,280224,83.23840927258193,83.23840927258193
droplethic,BC445852,265878,265878,82.44909319311864,82.44909319311864
droplethic,BC31573,230264,230264,86.21321613452385,86.21321613452385
droplethic,BC93478,220324,220324,83.53334180570432,83.53334180570432
droplethic,BC488011,294466,294466,84.5184163876305,84.5184163876305
droplethic,BC180227,325884,325884,85.12354089185109,85.12354089185109
droplethic,BC490515,336012,336012,84.17318429103723,84.17318429103723
droplethic,BC36376,241670,241670,79.8708983324368,79.8708983324368
droplethic,BC532463,278608,278608,83.29767989433182,83.29767989433182
droplethic,BC306848,333468,333468,83.84072834574832,83.84072834574832
droplethic,BC32653,381902,381902,83.9340982765212,83.9340982765212
droplethic,BC304270,125126,125126,85.48023592219043,85.48023592219043
droplethic,BC453386,389216,389216,85.48312505138534,85.48312505138534
droplethic,BC624422,223948,223948,84.78575383571186,84.78575383571186
droplethic,BC454400,266564,266564,85.37762038384778,85.37762038384778
droplethic,BC91273,205084,205084,82.57884574125724,82.57884574125724
droplethic,BC89695,203872,203872,83.32581227436823,83.32581227436823
droplethic,BC102041,211582,211582,81.36703500297757,81.36703500297757
droplethic,BC157005,330988,330988,85.80673619587417,85.80673619587417
droplethic,BC566538,532500,532500,79.1218779342723,79.1218779342723
droplethic,BC645945,349966,349966,82.6234548498997,82.6234548498997
droplethic,BC590990,364192,364192,84.80746419471048,84.80746419471048
droplethic,BC413301,330728,330728,83.71108584698,83.71108584698
droplethic,BC630079,366178,366178,85.32735445602958,85.32735445602958
droplethic,BC123185,378324,378324,84.31714614986096,84.31714614986096
droplethic,BC731329,328420,328420,84.77863711101638,84.77863711101638
droplethic,BC134221,388368,388368,83.347752646974,83.347752646974
droplethic,BC52593,256094,256094,83.94495771084055,83.94495771084055
droplethic,BC706142,252566,252566,84.49039063056784,84.49039063056784
droplethic,BC399888,172624,172624,81.58888682917787,81.58888682917787
droplethic,BC667926,364060,364060,82.4984892600121,82.4984892600121
droplethic,BC521487,287726,287726,84.30868256605243,84.30868256605243
droplethic,BC405991,404482,404482,85.41888143353721,85.41888143353721
droplethic,BC260149,273480,273480,83.57832382623958,83.57832382623958
droplethic,BC540073,305166,305166,86.73115615763224,86.73115615763224
droplethic,BC643974,311764,311764,84.64094635685967,84.64094635685967
droplethic,BC21276,353302,353302,83.48608272809098,83.48608272809098
droplethic,BC445716,304196,304196,85.25029914923273,85.25029914923273
droplethic,BC52318,303916,303916,81.30207030890115,81.30207030890115
droplethic,BC508330,371250,371250,82.79164983164983,82.79164983164983
droplethic,BC53351,289098,289098,84.31466146427854,84.31466146427854
droplethic,BC665503,269468,269468,84.8575712143928,84.8575712143928
droplethic,BC541169,188806,188806,83.04926750209209,83.04926750209209
droplethic,BC607268,222100,222100,84.60333183250788,84.60333183250788
droplethic,BC147611,639708,639708,84.5848418340868,84.5848418340868
droplethic,BC151064,338866,338866,82.54295208135369,82.54295208135369
droplethic,BC228331,228000,228000,84.42894736842105,84.42894736842105
droplethic,BC637442,335056,335056,83.50842844181271,83.50842844181271
droplethic,BC648173,255784,255784,80.4155068338911,80.4155068338911
droplethic,BC730133,199714,199714,83.89096407863245,83.89096407863245
droplethic,BC448678,308236,308236,78.51191943835244,78.51191943835244
droplethic,BC677335,390828,390828,82.66398518018157,82.66398518018157
droplethic,BC301441,320814,320814,85.56110394184792,85.56110394184792
droplethic,BC715238,244410,244410,86.10285994844727,86.10285994844727
droplethic,BC316607,269636,269636,85.4930350546663,85.4930350546663
droplethic,BC687766,262470,262470,85.13811102221206,85.13811102221206
droplethic,BC712527,223204,223204,85.01550151430978,85.01550151430978
droplethic,BC177980,135500,135500,87.94243542435424,87.94243542435424
droplethic,BC265212,343266,343266,85.01919793979013,85.01919793979013
droplethic,BC248715,292292,292292,86.41700764988437,86.41700764988437
droplethic,BC174955,310938,310938,83.08022821269836,83.08022821269836
droplethic,BC121506,212308,212308,83.44951673983081,83.44951673983081
droplethic,BC502270,296692,296692,85.64369784153263,85.64369784153263
droplethic,BC315097,363776,363776,83.08904380717804,83.08904380717804
droplethic,BC652034,226298,226298,84.9976579554393,84.9976579554393
droplethic,BC195227,313304,313304,86.07295151035416,86.07295151035416
droplethic,BC456167,245318,245318,82.23530274990013,82.23530274990013
droplethic,BC602189,281790,281790,83.67365768834948,83.67365768834948
droplethic,BC194797,227582,227582,83.7280628520709,83.7280628520709
droplethic,BC604775,317212,317212,83.41929056908313,83.41929056908313
droplethic,BC124143,176232,176232,85.25579917381633,85.25579917381633
droplethic,BC172281,93354,93354,84.10137755211346,84.10137755211346
droplethic,BC263034,430492,430492,84.31190358938146,84.31190358938146
droplethic,BC29924,426632,426632,83.12081606630538,83.12081606630538
droplethic,BC356740,236534,236534,84.0386582901401,84.0386582901401
droplethic,BC354175,217000,217000,84.20829493087558,84.20829493087558
droplethic,BC113833,377738,377738,83.57856503714214,83.57856503714214
droplethic,BC715928,203396,203396,86.8738814922614,86.8738814922614
droplethic,BC83113,145670,145670,81.10935676529141,81.10935676529141
droplethic,BC678235,249270,249270,85.56103823163637,85.56103823163637
droplethic,BC94519,283060,283060,84.18992439765421,84.18992439765421
droplethic,BC388676,184622,184622,82.60337337912058,82.60337337912058
droplethic,BC203158,322148,322148,85.06897450861095,85.06897450861095
droplethic,BC413525,260446,260446,84.54266911375103,84.54266911375103
droplethic,BC372284,194242,194242,83.87269488576106,83.87269488576106
droplethic,BC357011,172060,172060,82.00627688015808,82.00627688015808
droplethic,BC644045,313794,313794,85.75052422927143,85.75052422927143
droplethic,BC714582,286506,286506,84.32284140646269,84.32284140646269
droplethic,BC568102,237166,237166,85.45997318333994,85.45997318333994
droplethic,BC568647,231702,231702,84.67859578251375,84.67859578251375
droplethic,BC488493,218046,218046,84.25653302514148,84.25653302514148
droplethic,BC107328,434122,434122,83.41249694786258,83.41249694786258
droplethic,BC440692,194638,194638,85.21049332607198,85.21049332607198
droplethic,BC12636,323446,323446,83.21018037013907,83.21018037013907
droplethic,BC665635,172956,172956,81.63810448900298,81.63810448900298
droplethic,BC269661,236706,236706,84.3417572854089,84.3417572854089
droplethic,BC454353,342140,342140,83.12094464254399,83.12094464254399
droplethic,BC99113,184036,184036,82.62513855984699,82.62513855984699
droplethic,BC339079,274286,274286,84.57595356671503,84.57595356671503
droplethic,BC712787,222968,222968,84.57446808510639,84.57446808510639
droplethic,BC651882,233446,233446,85.0989093837547,85.0989093837547
droplethic,BC690712,375924,375924,84.66764558793798,84.66764558793798
droplethic,BC333501,395686,395686,84.37296239947837,84.37296239947837
droplethic,BC463637,334152,334152,83.92288539347363,83.92288539347363
droplethic,BC452586,281652,281652,82.47056651470609,82.47056651470609
droplethic,BC5736,354356,354356,84.45574506992968,84.45574506992968
droplethic,BC140601,145596,145596,84.21797302123684,84.21797302123684
droplethic,BC507703,258834,258834,84.82347759567908,84.82347759567908
droplethic,BC584767,230782,230782,86.88632562331551,86.88632562331551
droplethic,BC375480,355144,355144,84.67776451242312,84.67776451242312
droplethic,BC21878,279738,279738,82.89756843903939,82.89756843903939
droplethic,BC262111,297394,297394,87.24116828180797,87.24116828180797
droplethic,BC368802,410144,410144,83.99391433252711,83.99391433252711
droplethic,BC550073,280896,280896,84.11084529505582,84.11084529505582
droplethic,BC53729,264602,264602,85.28053453866562,85.28053453866562
droplethic,BC125851,289778,289778,87.6615892165727,87.6615892165727
droplethic,BC100762,80802,80802,87.33199673275413,87.33199673275413
droplethic,BC142867,178520,178520,85.64530584808425,85.64530584808425
droplethic,BC690472,292870,292870,83.57974527947553,83.57974527947553
droplethic,BC665341,121028,121028,84.44326932610636,84.44326932610636
droplethic,BC665908,268786,268786,85.70014807318833,85.70014807318833
droplethic,BC499842,313196,313196,84.89572025185507,84.89572025185507
droplethic,BC355030,208238,208238,83.87614172245219,83.87614172245219
droplethic,BC627959,205624,205624,84.68077656304712,84.68077656304712
droplethic,BC734807,314868,314868,85.00832094719057,85.00832094719057
droplethic,BC692439,215294,215294,84.3126143784778,84.3126143784778
droplethic,BC338479,299418,299418,83.87271306334289,83.87271306334289
droplethic,BC220673,401640,401640,84.5822129269993,84.5822129269993
droplethic,BC23769,267176,267176,83.38398658562146,83.38398658562146
droplethic,BC268919,472512,472512,83.81374441284031,83.81374441284031
droplethic,BC686432,340612,340612,82.96419386281164,82.96419386281164
droplethic,BC60126,310818,310818,86.19835402068091,86.19835402068091
droplethic,BC389075,254234,254234,81.85372530818066,81.85372530818066
droplethic,BC586216,320596,320596,85.9742479631686,85.9742479631686
droplethic,BC245886,201278,201278,83.78859090412266,83.78859090412266
droplethic,BC390757,211972,211972,85.70471571717019,85.70471571717019
droplethic,BC311670,234808,234808,84.9843276208647,84.9843276208647
droplethic,BC55722,276084,276084,84.93357094217701,84.93357094217701
droplethic,BC264861,272210,272210,84.26435472613056,84.26435472613056
droplethic,BC266912,217736,217736,84.99099827313812,84.99099827313812
droplethic,BC299943,135948,135948,82.5550945949922,82.5550945949922
droplethic,BC416154,363908,363908,82.9160117392308,82.9160117392308
droplethic,BC435904,258044,258044,81.86743346096014,81.86743346096014
droplethic,BC611517,233982,233982,72.75175013462574,72.75175013462574
droplethic,BC71239,354948,354948,84.14866402966068,84.14866402966068
droplethic,BC134024,266756,266756,84.37973278951551,84.37973278951551
droplethic,BC392167,306206,306206,84.81479788116496,84.81479788116496
droplethic,BC365853,281102,281102,84.02003543197843,84.02003543197843
droplethic,BC632781,252540,252540,84.69866159816267,84.69866159816267
droplethic,BC292913,225508,225508,84.83690157333665,84.83690157333665
droplethic,BC302691,170326,170326,84.79621431842467,84.79621431842467
droplethic,BC341258,402776,402776,85.23596242079965,85.23596242079965
droplethic,BC521924,199546,199546,84.16204784861635,84.16204784861635
droplethic,BC535552,290400,290400,83.1763085399449,83.1763085399449
droplethic,BC398483,266040,266040,80.99007668019847,80.99007668019847
droplethic,BC450777,289402,289402,85.75752759137808,85.75752759137808
droplethic,BC166799,196782,196782,84.85735483936539,84.85735483936539
droplethic,BC551108,219706,219706,86.4227649677296,86.4227649677296
droplethic,BC639909,315086,315086,82.88721174536475,82.88721174536475
droplethic,BC228245,229912,229912,84.50972546017607,84.50972546017607
droplethic,BC698022,384292,384292,82.56534093866122,82.56534093866122
droplethic,BC320238,379416,379416,83.43717713538702,83.43717713538702
droplethic,BC479057,385092,385092,84.72416980877297,84.72416980877297
droplethic,BC187571,320448,320448,85.21569802276812,85.21569802276812
droplethic,BC630715,321350,321350,85.27648980861989,85.27648980861989
droplethic,BC317039,308802,308802,85.28118341202453,85.28118341202453
droplethic,BC123200,347854,347854,84.45209771915803,84.45209771915803
droplethic,BC703625,259264,259264,84.33257220439398,84.33257220439398
droplethic,BC11946,291736,291736,83.68250747250939,83.68250747250939
droplethic,BC576986,238346,238346,85.87263893667189,85.87263893667189
droplethic,BC549937,299110,299110,85.01688342081509,85.01688342081509
droplethic,BC110335,268948,268948,84.82606303077175,84.82606303077175
droplethic,BC17442,372586,372586,84.61187484231829,84.61187484231829
droplethic,BC651608,156230,156230,85.18466363694553,85.18466363694553
droplethic,BC281590,288686,288686,84.75367700546614,84.75367700546614
droplethic,BC211875,261964,261964,84.68491853842512,84.68491853842512
droplethic,BC438468,239912,239912,83.60565540698256,83.60565540698256
droplethic,BC333760,242680,242680,82.83171254326686,82.83171254326686
droplethic,BC684305,318108,318108,84.6536396443975,84.6536396443975
droplethic,BC737116,230122,230122,85.12528137248937,85.12528137248937
droplethic,BC252429,369236,369236,84.29947242414066,84.29947242414066
droplethic,BC624568,186026,186026,82.59705632545989,82.59705632545989
droplethic,BC610238,188174,188174,84.83743769064802,84.83743769064802
droplethic,BC75468,312366,312366,84.4919101310642,84.4919101310642
droplethic,BC648823,294168,294168,83.9996192651818,83.9996192651818
droplethic,BC363941,186850,186850,85.11319240032111,85.11319240032111
droplethic,BC135381,180856,180856,84.57115052859734,84.57115052859734
droplethic,BC542227,175676,175676,84.08775245338009,84.08775245338009
droplethic,BC561860,157786,157786,85.430900079855,85.430900079855
droplethic,BC352497,270090,270090,84.85023510681624,84.85023510681624
droplethic,BC645275,300632,300632,85.66420075041911,85.66420075041911
droplethic,BC616292,354598,354598,83.96381254265394,83.96381254265394
droplethic,BC632971,286860,286860,81.46552325176044,81.46552325176044
droplethic,BC158142,374888,374888,83.88425343035787,83.88425343035787
droplethic,BC77649,178052,178052,85.7580931413295,85.7580931413295
droplethic,BC307911,239698,239698,85.1755125199209,85.1755125199209
droplethic,BC67445,308112,308112,82.9555486316664,82.9555486316664
droplethic,BC150560,230824,230824,82.64305271548886,82.64305271548886
droplethic,BC40759,235066,235066,84.32440250823173,84.32440250823173
droplethic,BC532757,315570,315570,85.49355135152264,85.49355135152264
droplethic,BC233280,372560,372560,83.15653854412712,83.15653854412712
droplethic,BC542513,420346,420346,84.12117636423328,84.12117636423328
droplethic,BC629327,211908,211908,80.32070521169564,80.32070521169564
droplethic,BC1099,421486,421486,83.69957721015645,83.69957721015645
droplethic,BC133313,322056,322056,83.76245125071416,83.76245125071416
droplethic,BC19561,168026,168026,73.24342661254806,73.24342661254806
droplethic,BC161357,465980,465980,84.91008197776729,84.91008197776729
droplethic,BC75021,150746,150746,87.64013638836188,87.64013638836188
droplethic,BC344107,344718,344718,84.43539356807594,84.43539356807594
droplethic,BC716434,201282,201282,86.11102830854225,86.11102830854225
droplethic,BC394483,171202,171202,85.13101482459317,85.13101482459317
droplethic,BC386026,239224,239224,84.94632645553958,84.94632645553958
droplethic,BC195142,377386,377386,84.13083686199276,84.13083686199276
droplethic,BC562051,300296,300296,84.50329008711405,84.50329008711405
droplethic,BC626936,341954,341954,85.34656708212216,85.34656708212216
droplethic,BC207283,212168,212168,84.49907620376305,84.49907620376305
droplethic,BC337275,452118,452118,84.92650148854945,84.92650148854945
droplethic,BC463031,137948,137948,86.99364978107693,86.99364978107693
droplethic,BC177605,313072,313072,82.44748811774927,82.44748811774927
droplethic,BC577644,315950,315950,84.70833992720367,84.70833992720367
droplethic,BC545485,123540,123540,85.08984944147645,85.08984944147645
droplethic,BC643297,346428,346428,83.75477732746775,83.75477732746775
droplethic,BC211025,359516,359516,85.09607361007576,85.09607361007576
droplethic,BC630905,108980,108980,84.41365388144614,84.41365388144614
droplethic,BC149879,240090,240090,85.85280519805073,85.85280519805073
droplethic,BC158423,350190,350190,83.89045946486193,83.89045946486193
droplethic,BC229849,376928,376928,83.49923592834706,83.49923592834706
droplethic,BC148990,300434,300434,83.84403895697558,83.84403895697558
droplethic,BC439466,309712,309712,84.19305677532675,84.19305677532675
droplethic,BC455103,312934,312934,85.804035355698,85.804035355698
droplethic,BC105131,343866,343866,86.64886903619433,86.64886903619433
droplethic,BC29258,298276,298276,85.54224946023146,85.54224946023146
droplethic,BC499100,169652,169652,85.18850352486265,85.18850352486265
droplethic,BC458963,250928,250928,82.98476056876873,82.98476056876873
droplethic,BC431035,178034,178034,84.66023343855667,84.66023343855667
droplethic,BC36528,370028,370028,83.04290486125375,83.04290486125375
droplethic,BC659890,285764,285764,84.16455536736608,84.16455536736608
droplethic,BC2830,282348,282348,83.74134047345828,83.74134047345828
droplethic,BC713979,318482,318482,84.98565068041522,84.98565068041522
droplethic,BC393692,267234,267234,79.45770373530314,79.45770373530314
droplethic,BC459649,281078,281078,84.5950234454493,84.5950234454493
droplethic,BC304198,372314,372314,83.84374479605924,83.84374479605924
droplethic,BC598985,448936,448936,84.39911256838391,84.39911256838391
droplethic,BC205328,121786,121786,84.21986106777462,84.21986106777462
droplethic,BC276967,267170,267170,85.67129542987611,85.67129542987611
droplethic,BC530561,253946,253946,85.23544375575909,85.23544375575909
droplethic,BC412240,303942,303942,85.5163156128472,85.5163156128472
droplethic,BC179676,261862,261862,81.02741138462244,81.02741138462244
droplethic,BC295411,228912,228912,84.77930383728246,84.77930383728246
droplethic,BC123195,271288,271288,83.19940432308101,83.19940432308101
droplethic,BC406337,401424,401424,83.62678863246842,83.62678863246842
droplethic,BC487779,242424,242424,85.42388542388542,85.42388542388542
droplethic,BC694752,364118,364118,83.4322939266941,83.4322939266941
droplethic,BC6113,317706,317706,81.48162137321927,81.48162137321927
droplethic,BC393010,335160,335160,83.77849385368182,83.77849385368182
droplethic,BC64390,381140,381140,84.18743768693918,84.18743768693918
droplethic,BC554357,249532,249532,80.58846160011542,80.58846160011542
droplethic,BC288849,251450,251450,86.11572877311593,86.11572877311593
droplethic,BC9345,192746,192746,86.52423396594482,86.52423396594482
droplethic,BC288932,355008,355008,83.59191905534523,83.59191905534523
droplethic,BC451905,242534,242534,86.2130670339004,86.2130670339004
droplethic,BC210181,304222,304222,84.65988653023122,84.65988653023122
droplethic,BC363521,194478,194478,82.24992029946831,82.24992029946831
droplethic,BC385021,853892,853892,84.36429899799975,84.36429899799975
droplethic,BC465384,318490,318490,85.35966592357688,85.35966592357688
droplethic,BC56544,363484,363484,86.19856719965665,86.19856719965665
droplethic,BC20138,317466,317466,82.77232837532208,82.77232837532208
droplethic,BC232372,226794,226794,85.16891981269346,85.16891981269346
droplethic,BC580821,180166,180166,87.04528046357248,87.04528046357248
droplethic,BC620792,229978,229978,84.56374087956239,84.56374087956239
droplethic,BC695090,259472,259472,85.6331318986249,85.6331318986249
droplethic,BC234926,238916,238916,81.23692008906896,81.23692008906896
droplethic,BC358641,245836,245836,85.0461283131844,85.0461283131844
droplethic,BC163790,678192,678192,84.00452969070706,84.00452969070706
droplethic,BC356925,318648,318648,84.98468529537296,84.98468529537296
droplethic,BC103554,274882,274882,80.00814895118633,80.00814895118633
droplethic,BC441890,323576,323576,84.32454817415383,84.32454817415383
droplethic,BC658611,350528,350528,84.95127350739456,84.95127350739456
droplethic,BC555654,200714,200714,86.01791603973814,86.01791603973814
droplethic,BC627068,259536,259536,82.23367856482338,82.23367856482338
droplethic,BC571003,295320,295320,85.69619395909523,85.69619395909523
droplethic,BC358097,384708,384708,85.55839753787288,85.55839753787288
droplethic,BC662082,376290,376290,84.40458157272316,84.40458157272316
droplethic,BC118762,336388,336388,86.4989238617311,86.4989238617311
droplethic,BC334513,375760,375760,84.31977858207367,84.31977858207367
droplethic,BC163170,315934,315934,85.22539517747377,85.22539517747377
droplethic,BC388178,283512,283512,80.15533734021841,80.15533734021841
droplethic,BC43715,339498,339498,83.57987381368963,83.57987381368963
droplethic,BC91501,251684,251684,86.56648813591647,86.56648813591647
droplethic,BC388322,314974,314974,83.24623619727343,83.24623619727343
droplethic,BC209617,368986,368986,84.73546421815462,84.73546421815462
droplethic,BC67560,220720,220720,85.75027183762232,85.75027183762232
droplethic,BC679996,309606,309606,83.92666808782775,83.92666808782775
droplethic,BC209919,306210,306210,85.01028705790144,85.01028705790144
droplethic,BC273893,356130,356130,85.47159745036925,85.47159745036925
droplethic,BC105093,243280,243280,83.5284445905952,83.5284445905952
droplethic,BC92452,321860,321860,85.64406884981048,85.64406884981048
droplethic,BC639404,339020,339020,85.69346941183412,85.69346941183412
droplethic,BC274636,291494,291494,84.66520751713585,84.66520751713585
droplethic,BC607228,296408,296408,85.06248144449542,85.06248144449542
droplethic,BC628022,322684,322684,84.06800461132254,84.06800461132254
droplethic,BC6312,274578,274578,83.05545236690485,83.05545236690485
droplethic,BC529699,318066,318066,81.86854300679732,81.86854300679732
droplethic,BC538302,228064,228064,85.12785884663954,85.12785884663954
droplethic,BC656863,267194,267194,81.67473820519922,81.67473820519922
droplethic,BC262212,298550,298550,83.83118405627198,83.83118405627198
droplethic,BC393000,293170,293170,85.39618651294471,85.39618651294471
droplethic,BC526990,320262,320262,84.09677076893294,84.09677076893294
droplethic,BC606205,197140,197140,84.03266714010348,84.03266714010348
droplethic,BC637918,155488,155488,85.26574398024285,85.26574398024285
droplethic,BC5319,352780,352780,84.54560916151709,84.54560916151709
droplethic,BC11505,200380,200380,84.26789100708653,84.26789100708653
droplethic,BC474925,306732,306732,83.1298984129468,83.1298984129468
droplethic,BC475208,309702,309702,85.45375877456394,85.45375877456394
droplethic,BC498970,269758,269758,83.15749671928172,83.15749671928172
droplethic,BC522096,257088,257088,84.65739357729649,84.65739357729649
droplethic,BC587375,453860,453860,84.02370775128894,84.02370775128894
droplethic,BC629292,426040,426040,83.34193972396957,83.34193972396957
droplethic,BC669967,213706,213706,82.53582023901996,82.53582023901996
droplethic,BC733690,390764,390764,83.9222651011864,83.9222651011864
droplethic,BC145701,397880,397880,83.47139841158138,83.47139841158138
droplethic,BC103155,348250,348250,85.7475951184494,85.7475951184494
droplethic,BC345830,173726,173726,83.00427109356113,83.00427109356113
droplethic,BC93501,222446,222446,84.98332179495249,84.98332179495249
droplethic,BC537143,210524,210524,86.13269745967206,86.13269745967206
droplethic,BC311374,332874,332874,84.74137361283849,84.74137361283849
droplethic,BC198838,384130,384130,83.57847603675839,83.57847603675839
droplethic,BC139709,318614,318614,83.56067216129863,83.56067216129863
droplethic,BC169190,251952,251952,82.9459579602464,82.9459579602464
droplethic,BC461137,287400,287400,86.19624217118998,86.19624217118998
droplethic,BC549566,299338,299338,84.60469435888527,84.60469435888527
droplethic,BC516968,284776,284776,85.45523499171279,85.45523499171279
droplethic,BC564358,179296,179296,80.86739246832055,80.86739246832055
droplethic,BC691937,293294,293294,83.71190682386957,83.71190682386957
droplethic,BC3160,634214,634214,85.80384538972649,85.80384538972649
droplethic,BC458626,362612,362612,81.50143955522708,81.50143955522708
droplethic,BC548514,300390,300390,83.41822297679683,83.41822297679683
droplethic,BC561177,271540,271540,81.7772703837372,81.7772703837372
droplethic,BC277931,287682,287682,85.02513191649112,85.02513191649112
droplethic,BC324891,212462,212462,80.73820259622897,80.73820259622897
droplethic,BC233783,431580,431580,83.53491820751657,83.53491820751657
droplethic,BC392150,330066,330066,84.94664703422951,84.94664703422951
droplethic,BC268591,279494,279494,83.73489234115938,83.73489234115938
droplethic,BC302659,253676,253676,84.1435531938378,84.1435531938378
droplethic,BC355129,232626,232626,85.43756931727322,85.43756931727322
droplethic,BC477752,311060,311060,83.75490259113997,83.75490259113997
droplethic,BC517235,224308,224308,85.05982845016673,85.05982845016673
droplethic,BC672313,261684,261684,85.51306155515813,85.51306155515813
droplethic,BC446992,243556,243556,79.92330305966595,79.92330305966595
droplethic,BC139575,227770,227770,83.90832857707336,83.90832857707336
droplethic,BC89904,198322,198322,84.93964360988696,84.93964360988696
droplethic,BC536202,351418,351418,84.22391567876431,84.22391567876431
droplethic,BC646719,140014,140014,85.22290628080049,85.22290628080049
droplethic,BC691417,267496,267496,85.61922421269851,85.61922421269851
droplethic,BC195783,273958,273958,85.88031742091853,85.88031742091853
droplethic,BC474538,314048,314048,84.53803240269004,84.53803240269004
droplethic,BC453038,282026,282026,87.28131448873508,87.28131448873508
droplethic,BC74233,283152,283152,85.0348929197039,85.0348929197039
droplethic,BC322986,276302,276302,84.5176654530188,84.5176654530188
droplethic,BC694973,371362,371362,83.9412756286319,83.9412756286319
droplethic,BC543208,351188,351188,84.98183309224689,84.98183309224689
droplethic,BC109541,324876,324876,82.46100050480798,82.46100050480798
droplethic,BC680953,184606,184606,78.56516039565345,78.56516039565345
droplethic,BC48211,215120,215120,85.7381926366679,85.7381926366679
droplethic,BC145152,307992,307992,85.93924517519936,85.93924517519936
droplethic,BC320385,279258,279258,85.33542458944775,85.33542458944775
droplethic,BC735287,272004,272004,83.22818782076735,83.22818782076735
droplethic,BC429804,434900,434900,83.89836744079099,83.89836744079099
droplethic,BC611323,387820,387820,83.12567686039915,83.12567686039915
droplethic,BC726938,332832,332832,80.10047110854725,80.10047110854725
droplethic,BC289015,219836,219836,79.77856220091341,79.77856220091341
droplethic,BC507243,276308,276308,85.66382442781244,85.66382442781244
droplethic,BC158484,397056,397056,83.28850338491296,83.28850338491296
droplethic,BC245999,281284,281284,84.47832084299142,84.47832084299142
droplethic,BC651946,244646,244646,84.55564366472372,84.55564366472372
droplethic,BC121852,339730,339730,84.54243075383393,84.54243075383393
droplethic,BC425587,193334,193334,83.19592001406892,83.19592001406892
droplethic,BC551088,142852,142852,82.97538711393611,82.97538711393611
droplethic,BC162621,280634,280634,84.95193027216945,84.95193027216945
droplethic,BC28713,349702,349702,84.05442348056346,84.05442348056346
droplethic,BC682762,245972,245972,85.74715821312995,85.74715821312995
droplethic,BC717503,158122,158122,85.70597386827892,85.70597386827892
droplethic,BC11679,401106,401106,83.01795535344772,83.01795535344772
droplethic,BC384192,332738,332738,83.9705714405929,83.9705714405929
droplethic,BC371643,291416,291416,84.56845197243803,84.56845197243803
droplethic,BC228195,133554,133554,83.78483609626069,83.78483609626069
droplethic,BC222014,154396,154396,86.00222803699577,86.00222803699577
droplethic,BC296427,240658,240658,83.62489507932419,83.62489507932419
droplethic,BC196068,299056,299056,84.61024022256701,84.61024022256701
droplethic,BC409158,182774,182774,84.89500694847189,84.89500694847189
droplethic,BC514452,385698,385698,83.55656498089179,83.55656498089179
droplethic,BC624658,372986,372986,83.13609626098567,83.13609626098567
droplethic,BC730264,251466,251466,85.03734103218726,85.03734103218726
droplethic,BC409233,276400,276400,71.17076700434153,71.17076700434153
droplethic,BC237216,269410,269410,86.18462566348688,86.18462566348688
droplethic,BC210572,297792,297792,81.4346926713948,81.4346926713948
droplethic,BC508607,179500,179500,86.0791086350975,86.0791086350975
droplethic,BC427916,283778,283778,86.46829563954923,86.46829563954923
droplethic,BC287736,354740,354740,84.32203867621357,84.32203867621357
droplethic,BC464662,376650,376650,84.39240674366123,84.39240674366123
droplethic,BC609773,309040,309040,82.90641988092156,82.90641988092156
droplethic,BC170242,465938,465938,84.85635427889548,84.85635427889548
droplethic,BC352496,253946,253946,85.12360895623479,85.12360895623479
droplethic,BC367476,347898,347898,84.65009859211608,84.65009859211608
droplethic,BC435552,205790,205790,85.78065017736527,85.78065017736527
droplethic,BC373972,426886,426886,85.34784462362317,85.34784462362317
droplethic,BC6293,439420,439420,84.25287879477493,84.25287879477493
droplethic,BC79189,193550,193550,86.87884267631102,86.87884267631102
droplethic,BC652468,347762,347762,83.82169414714662,83.82169414714662
droplethic,BC157300,101750,101750,82.92088452088453,82.92088452088453
droplethic,BC176417,303032,303032,85.28076242773041,85.28076242773041
droplethic,BC58961,275594,275594,84.27396822862617,84.27396822862617
droplethic,BC603484,324198,324198,77.62601866760437,77.62601866760437
droplethic,BC162460,382322,382322,83.0540748374407,83.0540748374407
droplethic,BC451545,228870,228870,85.44938174509547,85.44938174509547
droplethic,BC518190,234958,234958,85.58380646753888,85.58380646753888
droplethic,BC322907,262042,262042,85.86562459453064,85.86562459453064
droplethic,BC376791,120254,120254,87.3467826434048,87.3467826434048
droplethic,BC432954,337220,337220,84.09524939208825,84.09524939208825
droplethic,BC569386,253456,253456,80.64595038192033,80.64595038192033
droplethic,BC459679,247260,247260,84.48839278492275,84.48839278492275
droplethic,BC59896,324148,324148,84.15230080086874,84.15230080086874
droplethic,BC596090,210570,210570,85.73111079451014,85.73111079451014
droplethic,BC424489,277404,277404,84.37946100272526,84.37946100272526
droplethic,BC482226,209474,209474,86.09469432960654,86.09469432960654
droplethic,BC494954,293570,293570,84.94055932145655,84.94055932145655
droplethic,BC341512,275124,275124,84.11552609005393,84.11552609005393
droplethic,BC707084,346984,346984,84.50418463099163,84.50418463099163
droplethic,BC186443,203372,203372,84.76093070825875,84.76093070825875
droplethic,BC454805,267496,267496,85.3052008254329,85.3052008254329
droplethic,BC669665,181104,181104,78.35939570633448,78.35939570633448
droplethic,BC146424,215678,215678,82.60462355919472,82.60462355919472
droplethic,BC309888,246658,246658,84.13025322511332,84.13025322511332
droplethic,BC665912,226390,226390,83.71129466849243,83.71129466849243
droplethic,BC176979,250638,250638,83.29622802607744,83.29622802607744
droplethic,BC665447,220018,220018,86.13931587415576,86.13931587415576
droplethic,BC223659,166072,166072,83.83713088299051,83.83713088299051
droplethic,BC723399,258434,258434,84.99810396464862,84.99810396464862
droplethic,BC180724,254144,254144,85.01400780659783,85.01400780659783
droplethic,BC349165,163898,163898,80.5574198586926,80.5574198586926
droplethic,BC698524,258124,258124,85.50774046582262,85.50774046582262
droplethic,BC243155,317500,317500,84.50141732283464,84.50141732283464
droplethic,BC311052,336666,336666,84.88709878633424,84.88709878633424
droplethic,BC121719,360202,360202,82.65362213424689,82.65362213424689
droplethic,BC331439,232018,232018,84.4106922738753,84.4106922738753
droplethic,BC714916,421780,421780,83.3235335957134,83.3235335957134
droplethic,BC360598,363732,363732,83.82985274872709,83.82985274872709
droplethic,BC607107,316936,316936,84.27758285584471,84.27758285584471
droplethic,BC378264,424432,424432,85.37197949259246,85.37197949259246
droplethic,BC372068,238730,238730,82.97574665940603,82.97574665940603
droplethic,BC555363,383356,383356,84.55221778190507,84.55221778190507
droplethic,BC73190,450650,450650,86.46088982580717,86.46088982580717
droplethic,BC138549,387080,387080,84.62488374496228,84.62488374496228
droplethic,BC345286,216152,216152,83.75124912098893,83.75124912098893
droplethic,BC423117,404758,404758,83.21120274336764,83.21120274336764
droplethic,BC672168,180074,180074,82.92146561968968,82.92146561968968
droplethic,BC231867,342018,342018,83.1991298703577,83.1991298703577
droplethic,BC44565,305900,305900,84.73291925465838,84.73291925465838
droplethic,BC499339,400116,400116,83.12989233122394,83.12989233122394
droplethic,BC699207,179480,179480,83.41653666146645,83.41653666146645
droplethic,BC235575,182352,182352,80.38628586470124,80.38628586470124
droplethic,BC367191,210840,210840,86.62303168279264,86.62303168279264
droplethic,BC498427,186920,186920,78.85298523432485,78.85298523432485
droplethic,BC132072,203554,203554,82.78589465203336,82.78589465203336
droplethic,BC473268,248864,248864,84.86643307187862,84.86643307187862
droplethic,BC593552,211184,211184,84.70812182741116,84.70812182741116
droplethic,BC44867,345290,345290,85.0091227663703,85.0091227663703
droplethic,BC310433,301196,301196,82.68967715374706,82.68967715374706
droplethic,BC216685,404336,404336,84.82747022278501,84.82747022278501
droplethic,BC239696,266246,266246,84.67507493070319,84.67507493070319
droplethic,BC520365,197558,197558,85.39568126828577,85.39568126828577
droplethic,BC355302,380688,380688,85.5587777917875,85.5587777917875
droplethic,BC374004,284120,284120,83.7554554413628,83.7554554413628
droplethic,BC174269,263592,263592,83.81969103766427,83.81969103766427
droplethic,BC205572,353746,353746,83.64532743833146,83.64532743833146
droplethic,BC67230,289048,289048,84.71188176358253,84.71188176358253
droplethic,BC400517,246058,246058,84.91819002023914,84.91819002023914
droplethic,BC412834,237646,237646,83.30710384353198,83.30710384353198
droplethic,BC517958,116808,116808,84.64831175946853,84.64831175946853
droplethic,BC330638,96146,96146,83.3170386703555,83.3170386703555
droplethic,BC576599,370714,370714,84.30596092944965,84.30596092944965
droplethic,BC570626,303996,303996,84.01228963538993,84.01228963538993
droplethic,BC143380,282840,282840,85.38254843727903,85.38254843727903
droplethic,BC183820,198632,198632,85.57130774497563,85.57130774497563
droplethic,BC536385,235198,235198,84.79748977457291,84.79748977457291
droplethic,BC686778,187820,187820,82.46938558194016,82.46938558194016
droplethic,BC5009,159484,159484,83.98961651325524,83.98961651325524
droplethic,BC71587,295888,295888,84.62931920186017,84.62931920186017
droplethic,BC95394,361222,361222,85.06181794021406,85.06181794021406
droplethic,BC695397,397308,397308,81.37817511854783,81.37817511854783
droplethic,BC243958,315884,315884,82.50940218561244,82.50940218561244
droplethic,BC611033,210416,210416,83.768344612577,83.768344612577
droplethic,BC398986,334426,334426,86.456794627212,86.456794627212
droplethic,BC11390,246416,246416,82.91344717875462,82.91344717875462
droplethic,BC145642,356200,356200,84.97641774284111,84.97641774284111
droplethic,BC147076,180944,180944,84.31006278185517,84.31006278185517
droplethic,BC23708,316306,316306,84.80395566318691,84.80395566318691
droplethic,BC36789,191376,191376,85.08903937797842,85.08903937797842
droplethic,BC268449,175328,175328,83.53143821865304,83.53143821865304
droplethic,BC646122,217062,217062,83.25271120693627,83.25271120693627
droplethic,BC626005,363926,363926,84.09291998922858,84.09291998922858
droplethic,BC219139,329548,329548,84.71300083751078,84.71300083751078
droplethic,BC711953,253278,253278,85.70503557355948,85.70503557355948
droplethic,BC520618,181116,181116,81.76417323704145,81.76417323704145
droplethic,BC525515,207920,207920,86.65448249326664,86.65448249326664
droplethic,BC563133,223474,223474,84.65772304608143,84.65772304608143
droplethic,BC553387,209458,209458,83.11737914044821,83.11737914044821
droplethic,BC130484,153458,153458,85.04346466134056,85.04346466134056
droplethic,BC457901,244510,244510,85.40264201873134,85.40264201873134
droplethic,BC729444,330460,330460,86.07758881559039,86.07758881559039
droplethic,BC465622,213640,213640,83.79891406103727,83.79891406103727
droplethic,BC481720,262086,262086,83.53746480163,83.53746480163
droplethic,BC248831,432650,432650,83.6135444354559,83.6135444354559
droplethic,BC219451,206720,206720,84.07604489164086,84.07604489164086
droplethic,BC334703,417026,417026,83.9060394315942,83.9060394315942
droplethic,BC444603,226136,226136,86.32150564262214,86.32150564262214
droplethic,BC540968,282558,282558,84.89301311589125,84.89301311589125
droplethic,BC663210,359388,359388,84.74462141195588,84.74462141195588
droplethic,BC69243,329276,329276,83.46918694347599,83.46918694347599
droplethic,BC172391,303794,303794,83.85419066867681,83.85419066867681
droplethic,BC390727,205844,205844,84.62330697032705,84.62330697032705
droplethic,BC463812,340566,340566,84.80294568453692,84.80294568453692
droplethic,BC97012,274230,274230,85.34223097399993,85.34223097399993
droplethic,BC96395,346736,346736,82.34218540907203,82.34218540907203
droplethic,BC467027,267858,267858,83.67045225455279,83.67045225455279
droplethic,BC585151,314596,314596,84.82053172958334,84.82053172958334
droplethic,BC273852,338414,338414,79.8134828937337,79.8134828937337
droplethic,BC467090,616778,616778,77.40807875767294,77.40807875767294
droplethic,BC671959,137346,137346,83.98934078895635,83.98934078895635
droplethic,BC141202,278636,278636,85.06007838183149,85.06007838183149
droplethic,BC128221,170056,170056,84.42277837888696,84.42277837888696
droplethic,BC347046,208676,208676,85.71565489083555,85.71565489083555
droplethic,BC546033,234334,234334,87.26262514189149,87.26262514189149
droplethic,BC285729,254942,254942,85.30489287759569,85.30489287759569
droplethic,BC60211,196526,196526,82.81855835869045,82.81855835869045
droplethic,BC605675,191918,191918,84.10466970268553,84.10466970268553
droplethic,BC228720,318716,318716,85.20563762095408,85.20563762095408
droplethic,BC561266,280922,280922,87.18007133652758,87.18007133652758
droplethic,BC73045,166906,166906,84.31332606377242,84.31332606377242
droplethic,BC380425,186794,186794,83.45021788708416,83.45021788708416
droplethic,BC84721,282246,282246,86.72788985494923,86.72788985494923
droplethic,BC227683,126430,126430,80.07276753934984,80.07276753934984
droplethic,BC114704,241264,241264,85.00978181577028,85.00978181577028
droplethic,BC736224,358160,358160,84.5711413893232,84.5711413893232
droplethic,BC73277,345188,345188,84.63851582326153,84.63851582326153
droplethic,BC654995,323194,323194,83.385830182491,83.385830182491
droplethic,BC530004,426274,426274,84.84824314877285,84.84824314877285
droplethic,BC330670,318872,318872,83.37577460548434,83.37577460548434
droplethic,BC195729,379592,379592,84.16088853295116,84.16088853295116
droplethic,BC240540,167084,167084,73.13806229202078,73.13806229202078
droplethic,BC461630,329128,329128,85.54483362096205,85.54483362096205
droplethic,BC609600,195234,195234,85.68999252179437,85.68999252179437
droplethic,BC153401,293642,293642,84.31627628200326,84.31627628200326
droplethic,BC671904,124020,124020,84.1170778906628,84.1170778906628
droplethic,BC287643,246262,246262,86.88307574859296,86.88307574859296
droplethic,BC627572,159012,159012,83.13083289311498,83.13083289311498
droplethic,BC478735,259250,259250,83.26171648987464,83.26171648987464
droplethic,BC270033,274416,274416,81.1257361086817,81.1257361086817
droplethic,BC327914,312310,312310,85.3907976049438,85.3907976049438
droplethic,BC103686,243752,243752,78.64140601923266,78.64140601923266
droplethic,BC593778,206356,206356,84.39686754928377,84.39686754928377
droplethic,BC51963,253620,253620,83.06600425833925,83.06600425833925
droplethic,BC599447,216156,216156,82.88365809878051,82.88365809878051
droplethic,BC488373,253764,253764,84.55651707886068,84.55651707886068
droplethic,BC580556,304556,304556,83.46445317117377,83.46445317117377
droplethic,BC88138,206676,206676,84.0194313805183,84.0194313805183
droplethic,BC551679,241578,241578,86.24874781644024,86.24874781644024
droplethic,BC703212,208710,208710,81.24287288582244,81.24287288582244
droplethic,BC674574,239020,239020,83.14450673583801,83.14450673583801
droplethic,BC469,465846,465846,83.12231939310416,83.12231939310416
droplethic,BC679621,177032,177032,82.37154864657236,82.37154864657236
droplethic,BC447765,173934,173934,81.53207538491611,81.53207538491611
droplethic,BC690865,380768,380768,84.90419362971679,84.90419362971679
droplethic,BC307523,355396,355396,84.23955249918401,84.23955249918401
droplethic,BC409648,326604,326604,84.98854882365188,84.98854882365188
droplethic,BC202478,305236,305236,82.71894534065444,82.71894534065444
droplethic,BC184541,94324,94324,84.85221152622874,84.85221152622874
droplethic,BC35911,168942,168942,84.20641403558618,84.20641403558618
droplethic,BC696632,198848,198848,86.24074670099775,86.24074670099775
droplethic,BC405203,220090,220090,78.08351129083557,78.08351129083557
droplethic,BC76339,213314,213314,83.51913142128505,83.51913142128505
droplethic,BC84847,149444,149444,82.12574609887315,82.12574609887315
droplethic,BC322011,270968,270968,84.45056242803578,84.45056242803578
droplethic,BC124028,173840,173840,83.01426599171653,83.01426599171653
droplethic,BC663810,193164,193164,84.68658756289992,84.68658756289992
droplethic,BC726617,263792,263792,84.44986959422576,84.44986959422576
droplethic,BC132611,263900,263900,84.10382720727549,84.10382720727549
droplethic,BC351393,389226,389226,84.56577926448901,84.56577926448901
droplethic,BC199325,404668,404668,85.21355778069923,85.21355778069923
droplethic,BC466279,278474,278474,85.97786507896608,85.97786507896608
droplethic,BC74130,352444,352444,83.23591833028793,83.23591833028793
droplethic,BC659085,273520,273520,87.01667154138637,87.01667154138637
droplethic,BC716167,391402,391402,85.63267433482712,85.63267433482712
droplethic,BC500420,180940,180940,85.01713275118824,85.01713275118824
droplethic,BC623437,226188,226188,83.1361522273507,83.1361522273507
droplethic,BC379569,102786,102786,85.04854746755395,85.04854746755395
droplethic,BC397694,398334,398334,84.97943936495504,84.97943936495504
droplethic,BC706272,253012,253012,82.39292997960571,82.39292997960571
droplethic,BC694006,377630,377630,83.21743505547758,83.21743505547758
droplethic,BC642363,272590,272590,84.65460948677502,84.65460948677502
droplethic,BC659995,297426,297426,83.0182969881584,83.0182969881584
droplethic,BC650771,337308,337308,84.76525905107498,84.76525905107498
droplethic,BC105014,241578,241578,82.0231974765914,82.0231974765914
droplethic,BC355203,297744,297744,85.40423988392713,85.40423988392713
droplethic,BC106201,238598,238598,84.86491923654012,84.86491923654012
droplethic,BC664468,255264,255264,86.61072458317663,86.61072458317663
droplethic,BC725756,137700,137700,88.3921568627451,88.3921568627451
droplethic,BC630595,396592,396592,84.77831121152217,84.77831121152217
droplethic,BC306911,359326,359326,82.34917595720877,82.34917595720877
droplethic,BC279949,246348,246348,86.24303830353809,86.24303830353809
droplethic,BC388808,270568,270568,86.22970935217764,86.22970935217764
droplethic,BC515860,344336,344336,84.30138004739557,84.30138004739557
droplethic,BC525488,194786,194786,82.4422699783352,82.4422699783352
droplethic,BC580442,249322,249322,83.21447766342321,83.21447766342321
droplethic,BC618434,246458,246458,83.13302875134912,83.13302875134912
droplethic,BC429402,239156,239156,84.15427587014334,84.15427587014334
droplethic,BC98579,378754,378754,82.87912470891396,82.87912470891396
droplethic,BC90653,199688,199688,78.51548415528224,78.51548415528224
droplethic,BC438181,159972,159972,83.82967019228364,83.82967019228364
droplethic,BC297078,395282,395282,84.73393678437166,84.73393678437166
droplethic,BC309267,361188,361188,84.32506063324362,84.32506063324362
droplethic,BC655535,247434,247434,83.63442372511457,83.63442372511457
droplethic,BC12408,307658,307658,84.34105402752407,84.34105402752407
droplethic,BC607083,219036,219036,84.17976953560145,84.17976953560145
droplethic,BC300329,258350,258350,86.35571898587187,86.35571898587187
droplethic,BC276092,214982,214982,84.2954293847857,84.2954293847857
droplethic,BC236966,256078,256078,85.10610048500847,85.10610048500847
droplethic,BC48904,111794,111794,85.40529903214842,85.40529903214842
droplethic,BC681211,145032,145032,85.40735837608251,85.40735837608251
droplethic,BC139742,430286,430286,85.2711917189962,85.2711917189962
droplethic,BC539978,215680,215680,84.85163204747775,84.85163204747775
droplethic,BC64321,238024,238024,84.55449870601284,84.55449870601284
droplethic,BC248598,236214,236214,82.41171141422608,82.41171141422608
droplethic,BC287082,226892,226892,82.65782839412584,82.65782839412584
droplethic,BC714575,217342,217342,82.88963937020917,82.88963937020917
droplethic,BC226564,272346,272346,85.24597387147232,85.24597387147232
droplethic,BC539724,214584,214584,84.9438914364538,84.9438914364538
droplethic,BC111179,346598,346598,83.45633846704251,83.45633846704251
droplethic,BC563532,199310,199310,83.56530028598665,83.56530028598665
droplethic,BC192226,187984,187984,85.48706272874287,85.48706272874287
droplethic,BC227724,103550,103550,86.40077257363592,86.40077257363592
droplethic,BC657735,292572,292572,83.79885976785202,83.79885976785202
droplethic,BC331999,354862,354862,84.1594760780247,84.1594760780247
droplethic,BC301302,233952,233952,83.13842155655861,83.13842155655861
droplethic,BC489715,240196,240196,86.06221585705008,86.06221585705008
droplethic,BC234348,308154,308154,85.14638784503852,85.14638784503852
droplethic,BC283165,151348,151348,82.10085366175966,82.10085366175966
droplethic,BC354743,482386,482386,85.35529638090658,85.35529638090658
droplethic,BC173411,354780,354780,83.19803822086926,83.19803822086926
droplethic,BC489925,408064,408064,84.52056540150565,84.52056540150565
droplethic,BC514923,297562,297562,85.85908146873592,85.85908146873592
droplethic,BC549950,160366,160366,86.00576181983712,86.00576181983712
droplethic,BC567036,252162,252162,82.76822042972375,82.76822042972375
droplethic,BC438530,344728,344728,85.58341649068251,85.58341649068251
droplethic,BC386957,295260,295260,83.76414007992955,83.76414007992955
droplethic,BC270148,223470,223470,83.3767396071061,83.3767396071061
droplethic,BC8358,250662,250662,82.04993178064485,82.04993178064485
droplethic,BC545654,308390,308390,83.8250267518402,83.8250267518402
droplethic,BC131541,283772,283772,85.82453519022313,85.82453519022313
droplethic,BC23937,334974,334974,82.9843510242586,82.9843510242586
droplethic,BC457029,82688,82688,86.05359907120743,86.05359907120743
droplethic,BC17928,251322,251322,83.87009493796802,83.87009493796802
droplethic,BC723409,171896,171896,84.28584725648066,84.28584725648066
droplethic,BC108634,211018,211018,82.25933332701476,82.25933332701476
droplethic,BC279383,323310,323310,83.73325910117225,83.73325910117225
droplethic,BC625573,294264,294264,84.88568088519153,84.88568088519153
droplethic,BC478007,344708,344708,85.08070598883693,85.08070598883693
droplethic,BC125052,233206,233206,85.48407845424217,85.48407845424217
droplethic,BC639371,161174,161174,84.29027014282701,84.29027014282701
droplethic,BC599319,244246,244246,84.25603694635736,84.25603694635736
droplethic,BC727550,216292,216292,84.4155123629168,84.4155123629168
droplethic,BC453361,308438,308438,85.0225977343907,85.0225977343907
droplethic,BC554306,157040,157040,85.8889454915945,85.8889454915945
droplethic,BC65474,361126,361126,84.42925737831118,84.42925737831118
droplethic,BC472274,257798,257798,85.12090861837562,85.12090861837562
droplethic,BC685760,341120,341120,84.36444652908068,84.36444652908068
droplethic,BC5876,299130,299130,84.91291411760773,84.91291411760773
droplethic,BC26866,137622,137622,83.16402900699016,83.16402900699016
droplethic,BC22532,380054,380054,84.05068753387677,84.05068753387677
droplethic,BC287149,220760,220760,85.07338285921362,85.07338285921362
droplethic,BC64399,235830,235830,82.05826230759445,82.05826230759445
droplethic,BC459316,231668,231668,85.83058514771137,85.83058514771137
droplethic,BC109120,344628,344628,83.9125085599545,83.9125085599545
droplethic,BC41524,200656,200656,84.71613109002472,84.71613109002472
droplethic,BC499516,260676,260676,86.5772069542267,86.5772069542267
droplethic,BC514484,412088,412088,85.49047776203142,85.49047776203142
droplethic,BC480962,189094,189094,83.37229102985816,83.37229102985816
droplethic,BC103286,410470,410470,83.11788924890979,83.11788924890979
droplethic,BC10062,256842,256842,82.46859937237679,82.46859937237679
droplethic,BC191501,230678,230678,82.06591005644232,82.06591005644232
droplethic,BC140539,343738,343738,82.64317590723167,82.64317590723167
droplethic,BC392397,273294,273294,85.5393824965056,85.5393824965056
droplethic,BC610570,302724,302724,84.16313209392054,84.16313209392054
droplethic,BC127885,207136,207136,85.7909779082342,85.7909779082342
droplethic,BC352770,213830,213830,76.56175466492073,76.56175466492073
droplethic,BC551210,221168,221168,85.90935397525863,85.90935397525863
droplethic,BC147256,228744,228744,78.87507431888923,78.87507431888923
droplethic,BC373741,267672,267672,85.50165874652559,85.50165874652559
droplethic,BC323756,276356,276356,84.46713659193215,84.46713659193215
droplethic,BC405816,202094,202094,83.32657080368541,83.32657080368541
droplethic,BC306322,190572,190572,84.2075436055664,84.2075436055664
droplethic,BC637282,148398,148398,84.30167522473349,84.30167522473349
droplethic,BC678355,321072,321072,82.97453530672247,82.97453530672247
droplethic,BC105847,193892,193892,85.12367709859097,85.12367709859097
droplethic,BC338898,492974,492974,85.13106167870922,85.13106167870922
droplethic,BC192349,414218,414218,84.70322390625226,84.70322390625226
droplethic,BC674767,420224,420224,84.38547060615291,84.38547060615291
droplethic,BC479570,444096,444096,83.94085963395302,83.94085963395302
droplethic,BC633374,191682,191682,83.16795525923143,83.16795525923143
droplethic,BC13548,251774,251774,84.05236442206106,84.05236442206106
droplethic,BC333036,238166,238166,82.83970004114776,82.83970004114776
droplethic,BC687201,167062,167062,82.57293699345153,82.57293699345153
droplethic,BC355902,230182,230182,85.68176486432475,85.68176486432475
droplethic,BC628386,270508,270508,84.14982181673001,84.14982181673001
droplethic,BC142869,366588,366588,85.46815498597881,85.46815498597881
droplethic,BC77854,381684,381684,83.47271564959495,83.47271564959495
droplethic,BC145124,321578,321578,82.78302620204119,82.78302620204119
droplethic,BC370876,198298,198298,84.01093304017186,84.01093304017186
droplethic,BC523321,135556,135556,85.8198825577621,85.8198825577621
droplethic,BC662371,237220,237220,85.06365399207486,85.06365399207486
droplethic,BC291534,280934,280934,83.29144923718738,83.29144923718738
droplethic,BC679004,238920,238920,84.78067972543111,84.78067972543111
droplethic,BC721059,238318,238318,83.84595372569424,83.84595372569424
droplethic,BC288133,253938,253938,85.57758192944735,85.57758192944735
droplethic,BC276950,365588,365588,85.79001498955108,85.79001498955108
droplethic,BC196943,214710,214710,85.46411438684737,85.46411438684737
droplethic,BC649756,223390,223390,82.16124266977036,82.16124266977036
droplethic,BC517836,369408,369408,84.56016112266113,84.56016112266113
droplethic,BC512306,330414,330414,85.39226546090661,85.39226546090661
droplethic,BC671868,418160,418160,85.73512531088579,85.73512531088579
droplethic,BC629967,313704,313704,83.8733328232984,83.8733328232984
droplethic,BC656944,353832,353832,85.22066969635307,85.22066969635307
droplethic,BC128832,381036,381036,84.05872411005784,84.05872411005784
droplethic,BC352468,195790,195790,81.92042494509424,81.92042494509424
droplethic,BC494433,346964,346964,83.41672334882006,83.41672334882006
droplethic,BC375813,302698,302698,84.61635028972772,84.61635028972772
droplethic,BC546112,371934,371934,86.03246812606538,86.03246812606538
droplethic,BC343264,283116,283116,84.90442080278049,84.90442080278049
droplethic,BC132297,333008,333008,82.50792773747177,82.50792773747177
droplethic,BC309261,329694,329694,83.83046097290215,83.83046097290215
droplethic,BC669768,535810,535810,82.33814225191766,82.33814225191766
droplethic,BC192132,290442,290442,83.06787585817479,83.06787585817479
droplethic,BC10351,424640,424640,83.69348153730219,83.69348153730219
droplethic,BC194844,314564,314564,84.0859093856894,84.0859093856894
droplethic,BC554464,97398,97398,83.10232242961868,83.10232242961868
droplethic,BC246316,246654,246654,85.49466053662215,85.49466053662215
droplethic,BC60583,227448,227448,85.20453026625866,85.20453026625866
droplethic,BC322874,390870,390870,84.17376621383069,84.17376621383069
droplethic,BC281331,336908,336908,83.12655086848635,83.12655086848635
droplethic,BC643817,296294,296294,82.41678873011266,82.41678873011266
droplethic,BC664918,297876,297876,84.1054667042662,84.1054667042662
droplethic,BC81830,220960,220960,82.71904417089065,82.71904417089065
droplethic,BC58654,454290,454290,84.6314028484008,84.6314028484008
droplethic,BC289413,191440,191440,80.23715002089428,80.23715002089428
droplethic,BC135966,326444,326444,84.70488046954455,84.70488046954455
droplethic,BC521961,275196,275196,85.92203375049056,85.92203375049056
droplethic,BC534475,90492,90492,85.7379657870309,85.7379657870309
droplethic,BC628809,281234,281234,84.45849363874923,84.45849363874923
droplethic,BC284250,220758,220758,85.27437284266028,85.27437284266028
droplethic,BC604814,312138,312138,84.43573035003749,84.43573035003749
droplethic,BC86088,265016,265016,84.6137591692577,84.6137591692577
droplethic,BC335169,283164,283164,86.25814015905976,86.25814015905976
droplethic,BC642099,321534,321534,83.93140383287616,83.93140383287616
droplethic,BC327267,381526,381526,83.46534705367392,83.46534705367392
droplethic,BC79806,207460,207460,82.61544394100068,82.61544394100068
droplethic,BC279962,377878,377878,83.61587602347848,83.61587602347848
droplethic,BC341907,343642,343642,83.38910843261301,83.38910843261301
droplethic,BC733531,506746,506746,84.96011808677325,84.96011808677325
droplethic,BC307759,252602,252602,84.47280702448911,84.47280702448911
droplethic,BC280321,275442,275442,83.64664793314019,83.64664793314019
droplethic,BC55841,354866,354866,83.41740262521628,83.41740262521628
droplethic,BC685789,192624,192624,84.91672896419968,84.91672896419968
droplethic,BC65704,193810,193810,86.88818946390795,86.88818946390795
droplethic,BC333289,248726,248726,84.7824513721927,84.7824513721927
droplethic,BC277309,219366,219366,84.21815595853505,84.21815595853505
droplethic,BC367356,163232,163232,82.4262399529504,82.4262399529504
droplethic,BC404118,101070,101070,85.9879291580093,85.9879291580093
droplethic,BC271222,193362,193362,83.58519254041641,83.58519254041641
droplethic,BC222638,204302,204302,85.41962389012345,85.41962389012345
droplethic,BC707414,445090,445090,85.05830281516099,85.05830281516099
droplethic,BC621763,188830,188830,83.51744955780332,83.51744955780332
droplethic,BC483084,290556,290556,86.541664945828,86.541664945828
droplethic,BC549535,402618,402618,84.62562528252587,84.62562528252587
droplethic,BC332282,259470,259470,85.52356727174624,85.52356727174624
droplethic,BC544157,286728,286728,84.63282274490109,84.63282274490109
droplethic,BC311054,192250,192250,86.59141742522756,86.59141742522756
droplethic,BC317023,463746,463746,84.64116132538071,84.64116132538071
droplethic,BC461650,102504,102504,85.79372512292203,85.79372512292203
droplethic,BC677940,282464,282464,83.43647332049395,83.43647332049395
droplethic,BC326056,331096,331096,82.40389494285645,82.40389494285645
droplethic,BC164115,208382,208382,83.63774222341661,83.63774222341661
droplethic,BC537181,379024,379024,83.88017645320613,83.88017645320613
droplethic,BC634297,79888,79888,88.82185059082715,88.82185059082715
droplethic,BC414025,292688,292688,83.11239271852621,83.11239271852621
droplethic,BC500468,277204,277204,83.23112220602877,83.23112220602877
droplethic,BC672943,248464,248464,83.69663210766952,83.69663210766952
droplethic,BC61431,197516,197516,86.11656777172482,86.11656777172482
droplethic,BC83075,204958,204958,84.76468349613091,84.76468349613091
droplethic,BC707466,411650,411650,83.39220211344589,83.39220211344589
droplethic,BC236841,190308,190308,84.77835929125418,84.77835929125418
droplethic,BC657083,327174,327174,84.36856229406982,84.36856229406982
droplethic,BC105606,210094,210094,83.24178700962426,83.24178700962426
droplethic,BC31724,252878,252878,84.17576855242449,84.17576855242449
droplethic,BC70950,287590,287590,86.23178830974652,86.23178830974652
droplethic,BC421797,281686,281686,85.22539281327435,85.22539281327435
droplethic,BC396428,320298,320298,81.5765318547103,81.5765318547103
droplethic,BC316857,312848,312848,85.0317086892037,85.0317086892037
droplethic,BC681020,190054,190054,86.42385848232608,86.42385848232608
droplethic,BC297629,290148,290148,86.35317148489736,86.35317148489736
droplethic,BC303597,234254,234254,86.57269459646366,86.57269459646366
droplethic,BC237012,289830,289830,81.32698478418384,81.32698478418384
droplethic,BC700170,275396,275396,84.28009121410624,84.28009121410624
droplethic,BC168549,270608,270608,84.22663040264885,84.22663040264885
droplethic,BC149639,364906,364906,82.54454571862343,82.54454571862343
droplethic,BC89742,295438,295438,86.40459250333403,86.40459250333403
droplethic,BC663549,129902,129902,83.45675971116688,83.45675971116688
droplethic,BC402431,335132,335132,82.84019431149517,82.84019431149517
droplethic,BC250989,297372,297372,84.60850382685659,84.60850382685659
droplethic,BC251113,305664,305664,85.5808992881072,85.5808992881072
droplethic,BC290656,285574,285574,76.31997310679543,76.31997310679543
droplethic,BC594031,237032,237032,86.86168956090317,86.86168956090317
droplethic,BC144950,289868,289868,84.92486235113914,84.92486235113914
droplethic,BC181457,402876,402876,83.29510817224158,83.29510817224158
droplethic,BC323528,265908,265908,85.25204205965973,85.25204205965973
droplethic,BC357620,209344,209344,86.43381228981963,86.43381228981963
droplethic,BC381652,290586,290586,84.6654690866043,84.6654690866043
droplethic,BC551361,163690,163690,86.37668764127314,86.37668764127314
droplethic,BC578554,234828,234828,85.20789684364726,85.20789684364726
droplethic,BC168664,216416,216416,84.98447434570457,84.98447434570457
droplethic,BC212071,109712,109712,84.95515531573574,84.95515531573574
droplethic,BC298592,245634,245634,81.44882223145004,81.44882223145004
droplethic,BC36237,342714,342714,83.75321696808417,83.75321696808417
droplethic,BC51131,478126,478126,84.22047744736743,84.22047744736743
droplethic,BC20509,159982,159982,84.45825155329975,84.45825155329975
droplethic,BC501293,372872,372872,82.57042631251475,82.57042631251475
droplethic,BC676216,222744,222744,84.50418417555579,84.50418417555579
droplethic,BC99288,298510,298510,82.62168771565442,82.62168771565442
droplethic,BC629906,257490,257490,79.63649073750437,79.63649073750437
droplethic,BC729991,260512,260512,84.76384964992016,84.76384964992016
droplethic,BC368739,236516,236516,84.9659219672242,84.9659219672242
droplethic,BC57913,250046,250046,84.56843940714909,84.56843940714909
droplethic,BC366670,387784,387784,84.02873764776267,84.02873764776267
droplethic,BC449590,569384,569384,76.41872620235202,76.41872620235202
droplethic,BC185044,401860,401860,84.15368536306177,84.15368536306177
droplethic,BC149785,269200,269200,83.74368499257058,83.74368499257058
droplethic,BC238116,116482,116482,87.03662368434608,87.03662368434608
droplethic,BC378424,275664,275664,83.65183701897963,83.65183701897963
droplethic,BC593449,193372,193372,85.22640299526302,85.22640299526302
droplethic,BC286769,206162,206162,85.04380050639789,85.04380050639789
droplethic,BC230981,454680,454680,84.73431864168207,84.73431864168207
droplethic,BC657550,381872,381872,83.6269744835966,83.6269744835966
droplethic,BC248103,254956,254956,84.93857763692559,84.93857763692559
droplethic,BC239287,150234,150234,83.33133644847372,83.33133644847372
droplethic,BC327613,273466,273466,83.38806286704745,83.38806286704745
droplethic,BC600934,275170,275170,84.40382309118,84.40382309118
droplethic,BC176937,295790,295790,83.66273369620339,83.66273369620339
droplethic,BC309167,215990,215990,84.35668317977684,84.35668317977684
droplethic,BC247777,391964,391964,83.56532742802911,83.56532742802911
droplethic,BC310084,225262,225262,80.31802967211513,80.31802967211513
droplethic,BC490855,255364,255364,84.67285913441205,84.67285913441205
droplethic,BC199251,315430,315430,84.08141267476144,84.08141267476144
droplethic,BC689994,259482,259482,87.37176374469135,87.37176374469135
droplethic,BC452024,108834,108834,88.37495635555065,88.37495635555065
droplethic,BC478801,99908,99908,87.30832365776514,87.30832365776514
droplethic,BC177002,363892,363892,82.91690941268288,82.91690941268288
droplethic,BC299015,304322,304322,86.11339305078174,86.11339305078174
droplethic,BC720425,280892,280892,84.03158509320308,84.03158509320308
droplethic,BC111599,263916,263916,85.3294229982267,85.3294229982267
droplethic,BC550164,453928,453928,85.65323134946512,85.65323134946512
droplethic,BC672822,256842,256842,81.01868074536097,81.01868074536097
droplethic,BC231476,308736,308736,83.88526119402985,83.88526119402985
droplethic,BC473893,289712,289712,84.39277627436903,84.39277627436903
droplethic,BC554502,230442,230442,84.45335485718749,84.45335485718749
droplethic,BC10086,360632,360632,82.94327735752789,82.94327735752789
droplethic,BC194068,283526,283526,86.11344285885598,86.11344285885598
droplethic,BC192279,291662,291662,84.31472046409885,84.31472046409885
droplethic,BC458896,162228,162228,83.51825825381562,83.51825825381562
droplethic,BC429430,255928,255928,84.70663624144291,84.70663624144291
droplethic,BC321879,203796,203796,83.82794559265147,83.82794559265147
droplethic,BC392677,287530,287530,84.13939415017563,84.13939415017563
droplethic,BC201509,323566,323566,84.02736999561141,84.02736999561141
droplethic,BC205031,286830,286830,82.88393822124604,82.88393822124604
droplethic,BC536212,232374,232374,84.5068725416785,84.5068725416785
droplethic,BC550717,420500,420500,83.79024970273484,83.79024970273484
droplethic,BC3177,304266,304266,85.23068630737578,85.23068630737578
droplethic,BC297464,208822,208822,84.34743465726791,84.34743465726791
droplethic,BC481930,195624,195624,83.39774260826893,83.39774260826893
droplethic,BC29140,313544,313544,82.4745490266119,82.4745490266119
droplethic,BC229711,245456,245456,85.5778632422919,85.5778632422919
droplethic,BC310472,213832,213832,85.09297018219911,85.09297018219911
droplethic,BC625491,302230,302230,84.55811798961057,84.55811798961057
droplethic,BC602170,244446,244446,84.80809667574843,84.80809667574843
droplethic,BC466928,403906,403906,83.73780037929617,83.73780037929617
droplethic,BC707949,103496,103496,88.5812012058437,88.5812012058437
droplethic,BC565700,455456,455456,84.25050937961076,84.25050937961076
droplethic,BC727584,243712,243712,84.09598214285714,84.09598214285714
droplethic,BC396954,358836,358836,84.72171131101673,84.72171131101673
droplethic,BC517200,286460,286460,82.4247713467849,82.4247713467849
droplethic,BC312705,316732,316732,85.82966040690552,85.82966040690552
droplethic,BC102583,245042,245042,85.68490299622106,85.68490299622106
droplethic,BC717301,277646,277646,82.1542539780872,82.1542539780872
droplethic,BC490904,195644,195644,74.65703011592484,74.65703011592484
droplethic,BC208503,202016,202016,82.935015048313,82.935015048313
droplethic,BC396773,287168,287168,85.250445732115,85.250445732115
droplethic,BC262479,295706,295706,83.38958289652561,83.38958289652561
droplethic,BC265328,212122,212122,85.49042532127737,85.49042532127737
droplethic,BC442916,335198,335198,84.83702170060681,84.83702170060681
droplethic,BC141504,213816,213816,84.53530138062634,84.53530138062634
droplethic,BC34366,278182,278182,85.9624274755376,85.9624274755376
droplethic,BC701086,267446,267446,81.30538501230154,81.30538501230154
droplethic,BC400962,121236,121236,84.58543666897621,84.58543666897621
droplethic,BC652320,248950,248950,84.10363526812613,84.10363526812613
droplethic,BC135457,193184,193184,84.21401358290542,84.21401358290542
droplethic,BC233344,222544,222544,82.89416924293623,82.89416924293623
droplethic,BC542154,306786,306786,84.76462420058282,84.76462420058282
droplethic,BC252697,366394,366394,81.82666746726201,81.82666746726201
droplethic,BC29042,287502,287502,85.14305987436609,85.14305987436609
droplethic,BC404410,408352,408352,83.90163388449182,83.90163388449182
droplethic,BC6439,329030,329030,83.7194176822782,83.7194176822782
droplethic,BC55259,180324,180324,83.5374104389876,83.5374104389876
droplethic,BC455568,284476,284476,82.83440430827206,82.83440430827206
droplethic,BC191902,402788,402788,84.75029047538655,84.75029047538655
droplethic,BC410362,342200,342200,86.03857393337229,86.03857393337229
droplethic,BC600363,248460,248460,81.85220961120503,81.85220961120503
droplethic,BC215642,415968,415968,84.49928840680052,84.49928840680052
droplethic,BC66966,460154,460154,83.73109871912446,83.73109871912446
droplethic,BC687066,108230,108230,85.81724106070406,85.81724106070406
droplethic,BC732017,198106,198106,85.11402986280072,85.11402986280072
droplethic,BC509153,325654,325654,84.44299778292297,84.44299778292297
droplethic,BC656151,153462,153462,84.50170074676467,84.50170074676467
droplethic,BC370844,221686,221686,82.25959239645265,82.25959239645265
droplethic,BC268685,161360,161360,84.17823500247893,84.17823500247893
droplethic,BC662014,192142,192142,85.34937702324322,85.34937702324322
droplethic,BC240311,228358,228358,82.97585370339554,82.97585370339554
droplethic,BC317258,273664,273664,84.7966849859682,84.7966849859682
droplethic,BC590478,429532,429532,84.6539955113938,84.6539955113938
droplethic,BC109493,361988,361988,83.4276274351636,83.4276274351636
droplethic,BC218984,362824,362824,84.74577205477036,84.74577205477036
droplethic,BC198390,394104,394104,84.0656273470962,84.0656273470962
droplethic,BC526731,265562,265562,84.71618680383489,84.71618680383489
droplethic,BC4649,225876,225876,87.22484903221236,87.22484903221236
droplethic,BC612045,368700,368700,84.53973420124763,84.53973420124763
droplethic,BC623537,262506,262506,84.7218730238547,84.7218730238547
droplethic,BC480668,328362,328362,85.65972920130831,85.65972920130831
droplethic,BC585817,376410,376410,82.63329879652507,82.63329879652507
droplethic,BC322226,189198,189198,84.49772196323428,84.49772196323428
droplethic,BC372692,267614,267614,82.77444378844156,82.77444378844156
droplethic,BC259417,289210,289210,84.09529407696829,84.09529407696829
droplethic,BC474403,251616,251616,83.57815083301539,83.57815083301539
droplethic,BC99390,198200,198200,87.59939455095862,87.59939455095862
droplethic,BC271964,281308,281308,85.99613235315029,85.99613235315029
droplethic,BC487940,253592,253592,81.67765544654405,81.67765544654405
droplethic,BC646597,225616,225616,85.31398482377136,85.31398482377136
droplethic,BC116046,309904,309904,84.04667251794103,84.04667251794103
droplethic,BC494535,380006,380006,83.3660521149666,83.3660521149666
droplethic,BC123762,271792,271792,85.54703596868194,85.54703596868194
droplethic,BC130615,364774,364774,84.77852039893195,84.77852039893195
droplethic,BC343682,374022,374022,83.54000566811578,83.54000566811578
droplethic,BC594658,171740,171740,85.00174682659835,85.00174682659835
droplethic,BC354525,264284,264284,86.58715624101346,86.58715624101346
droplethic,BC9909,155472,155472,82.8071935782649,82.8071935782649
droplethic,BC384917,338034,338034,85.04351633267659,85.04351633267659
droplethic,BC635174,207938,207938,85.75152208831479,85.75152208831479
droplethic,BC366122,358548,358548,84.1711569998996,84.1711569998996
droplethic,BC643759,317408,317408,82.04078032059684,82.04078032059684
droplethic,BC679408,277020,277020,84.99963901523356,84.99963901523356
droplethic,BC200852,221308,221308,81.71146095034973,81.71146095034973
droplethic,BC280387,240694,240694,83.92481740300963,83.92481740300963
droplethic,BC354838,227558,227558,84.67731303667637,84.67731303667637
droplethic,BC245363,278602,278602,85.5198455143897,85.5198455143897
droplethic,BC380538,259390,259390,82.80658467944022,82.80658467944022
droplethic,BC22774,217312,217312,85.35377705787072,85.35377705787072
droplethic,BC423899,142510,142510,85.17998736930741,85.17998736930741
droplethic,BC41210,222046,222046,85.15532817524297,85.15532817524297
droplethic,BC651815,236158,236158,86.00513215728454,86.00513215728454
droplethic,BC672946,280992,280992,86.57399498918119,86.57399498918119
droplethic,BC10756,289254,289254,84.74558692360348,84.74558692360348
droplethic,BC149865,228286,228286,83.13694225664298,83.13694225664298
droplethic,BC609326,228274,228274,84.0472414729667,84.0472414729667
droplethic,BC101780,358112,358112,78.15934679653293,78.15934679653293
droplethic,BC131255,126660,126660,84.38180956892468,84.38180956892468
droplethic,BC33636,298644,298644,85.26004205676324,85.26004205676324
droplethic,BC343269,263124,263124,85.86293914656208,85.86293914656208
droplethic,BC416676,306144,306144,84.26818751959863,84.26818751959863
droplethic,BC419514,297014,297014,83.12672129933269,83.12672129933269
droplethic,BC325409,250750,250750,84.37088733798605,84.37088733798605
droplethic,BC435003,276484,276484,84.70291228425515,84.70291228425515
droplethic,BC566748,355740,355740,84.00179906673414,84.00179906673414
droplethic,BC574066,301182,301182,86.34978185947368,86.34978185947368
droplethic,BC717569,295448,295448,82.98177682705587,82.98177682705587
droplethic,BC371920,384038,384038,83.2792588233456,83.2792588233456
droplethic,BC289433,229914,229914,85.72422731978044,85.72422731978044
droplethic,BC337145,315578,315578,84.07049921097162,84.07049921097162
droplethic,BC507164,192544,192544,84.12103207578528,84.12103207578528
droplethic,BC141565,186830,186830,84.56564791521704,84.56564791521704
droplethic,BC253821,136272,136272,83.47863097334742,83.47863097334742
droplethic,BC188954,328436,328436,82.84353724926622,82.84353724926622
droplethic,BC399907,372114,372114,84.43863977168287,84.43863977168287
droplethic,BC613637,277970,277970,85.19048818217793,85.19048818217793
droplethic,BC506366,320014,320014,82.80512727568168,82.80512727568168
droplethic,BC681730,277326,277326,85.18710831296019,85.18710831296019
droplethic,BC368279,286766,286766,83.67867878339831,83.67867878339831
droplethic,BC223946,290438,290438,84.6714272925719,84.6714272925719
droplethic,BC131777,230480,230480,83.89187782020132,83.89187782020132
droplethic,BC318791,265108,265108,80.87647298459495,80.87647298459495
droplethic,BC142168,371170,371170,83.45124875394025,83.45124875394025
droplethic,BC518394,308408,308408,86.55222951415008,86.55222951415008
droplethic,BC556984,278708,278708,82.67936334802015,82.67936334802015
droplethic,BC618806,232612,232612,84.15644936632675,84.15644936632675
droplethic,BC59908,208880,208880,86.12504787437763,86.12504787437763
droplethic,BC383191,283604,283604,85.83588383802767,85.83588383802767
droplethic,BC423758,259586,259586,82.79722327090059,82.79722327090059
droplethic,BC732341,363318,363318,85.0979032142641,85.0979032142641
droplethic,BC297574,320634,320634,83.08725836935571,83.08725836935571
droplethic,BC233097,238446,238446,83.11064140308497,83.11064140308497
droplethic,BC452898,240854,240854,83.84664568576814,83.84664568576814
droplethic,BC143435,226992,226992,85.58098963840135,85.58098963840135
droplethic,BC570479,140022,140022,83.75683821113824,83.75683821113824
droplethic,BC159847,378214,378214,84.76365232381667,84.76365232381667
droplethic,BC186722,265632,265632,84.75108420672208,84.75108420672208
droplethic,BC523318,292498,292498,82.71577925319147,82.71577925319147
droplethic,BC570261,326716,326716,83.59553863294114,83.59553863294114
droplethic,BC719342,376602,376602,84.09620766751105,84.09620766751105
droplethic,BC139033,303328,303328,82.87662200654077,82.87662200654077
droplethic,BC321526,392804,392804,83.86930886650849,83.86930886650849
droplethic,BC568420,278872,278872,82.9427120686193,82.9427120686193
droplethic,BC705103,365468,365468,82.96868672496635,82.96868672496635
droplethic,BC729651,297524,297524,84.7266102902623,84.7266102902623
droplethic,BC51166,287794,287794,85.03304446930791,85.03304446930791
droplethic,BC80983,235952,235952,84.32477792093307,84.32477792093307
droplethic,BC254106,315862,315862,84.61606651005819,84.61606651005819
droplethic,BC203117,233370,233370,86.52183228349831,86.52183228349831
droplethic,BC241649,295048,295048,85.97516336324937,85.97516336324937
droplethic,BC153705,288818,288818,82.831402474915,82.831402474915
droplethic,BC139903,331386,331386,82.80192886844948,82.80192886844948
droplethic,BC28349,357278,357278,82.2664703676129,82.2664703676129
droplethic,BC409824,222704,222704,84.65676413535455,84.65676413535455
droplethic,BC64788,365482,365482,84.4539539566928,84.4539539566928
droplethic,BC411221,249628,249628,82.71267646257631,82.71267646257631
droplethic,BC51999,271738,271738,83.77849251852888,83.77849251852888
droplethic,BC592591,257504,257504,84.2332546290543,84.2332546290543
droplethic,BC113144,243508,243508,84.99186885030471,84.99186885030471
droplethic,BC83851,469478,469478,83.7632434320671,83.7632434320671
droplethic,BC701578,233786,233786,85.541478103907,85.541478103907
droplethic,BC154036,335580,335580,83.39293164074141,83.39293164074141
droplethic,BC618757,377868,377868,82.890321487927,82.890321487927
droplethic,BC428636,240274,240274,84.55513288995064,84.55513288995064
droplethic,BC334788,343320,343320,83.99627169987184,83.99627169987184
droplethic,BC205455,335898,335898,84.1422098375102,84.1422098375102
droplethic,BC418458,346664,346664,83.07929291763783,83.07929291763783
droplethic,BC627233,181910,181910,84.57369028640537,84.57369028640537
droplethic,BC527955,259910,259910,82.6624600823362,82.6624600823362
droplethic,BC34399,312990,312990,84.45828940221732,84.45828940221732
droplethic,BC688603,260106,260106,84.44172760336171,84.44172760336171
droplethic,BC691890,179924,179924,81.77897334430092,81.77897334430092
droplethic,BC202715,108104,108104,84.0172426552209,84.0172426552209
droplethic,BC531189,277736,277736,84.17417979664141,84.17417979664141
droplethic,BC368930,400798,400798,83.76089701046412,83.76089701046412
droplethic,BC320264,366778,366778,85.17959092421029,85.17959092421029
droplethic,BC708500,244428,244428,82.48973112736675,82.48973112736675
droplethic,BC319415,188124,188124,82.20854330122685,82.20854330122685
droplethic,BC112998,322706,322706,84.76136173482985,84.76136173482985
droplethic,BC143246,239792,239792,84.4807166210716,84.4807166210716
droplethic,BC69147,219848,219848,86.09675775990685,86.09675775990685
droplethic,BC295085,213294,213294,85.2804110757921,85.2804110757921
droplethic,BC86315,233450,233450,81.8736346112658,81.8736346112658
droplethic,BC721467,180154,180154,83.03229459240427,83.03229459240427
droplethic,BC253623,267126,267126,84.48821904269896,84.48821904269896
droplethic,BC14881,232014,232014,84.23371003473929,84.23371003473929
droplethic,BC242578,296040,296040,84.40616132955006,84.40616132955006
droplethic,BC293706,241532,241532,86.72888064521472,86.72888064521472
droplethic,BC4530,363332,363332,83.82636266555106,83.82636266555106
droplethic,BC450091,373548,373548,82.48043089509247,82.48043089509247
droplethic,BC487499,263964,263964,81.85661681138338,81.85661681138338
droplethic,BC737098,320126,320126,84.36990435016213,84.36990435016213
droplethic,BC168238,207350,207350,84.06751868820834,84.06751868820834
droplethic,BC581103,215492,215492,80.86982347372525,80.86982347372525
droplethic,BC17238,419606,419606,84.49021224672668,84.49021224672668
droplethic,BC227998,395028,395028,84.78031936976619,84.78031936976619
droplethic,BC321132,208218,208218,85.8119855151812,85.8119855151812
droplethic,BC447316,265084,265084,85.5872100918954,85.5872100918954
droplethic,BC462587,210888,210888,84.94651189256857,84.94651189256857
droplethic,BC37833,321858,321858,84.1669307582847,84.1669307582847
droplethic,BC160563,290026,290026,85.69438602056367,85.69438602056367
droplethic,BC600418,206358,206358,82.19695868345303,82.19695868345303
droplethic,BC627158,314456,314456,83.4768616276999,83.4768616276999
droplethic,BC367877,214326,214326,82.54901411867903,82.54901411867903
droplethic,BC374985,287790,287790,85.59366204524132,85.59366204524132
droplethic,BC217440,377652,377652,84.35279039962717,84.35279039962717
droplethic,BC215137,489224,489224,83.59892401026933,83.59892401026933
droplethic,BC241241,146092,146092,84.21816389672261,84.21816389672261
droplethic,BC464555,158710,158710,86.30206036166594,86.30206036166594
droplethic,BC52238,322526,322526,83.04694815301713,83.04694815301713
droplethic,BC104251,241908,241908,84.62059956677746,84.62059956677746
droplethic,BC109934,273202,273202,84.70948236103689,84.70948236103689
droplethic,BC229124,426922,426922,83.80734654105434,83.80734654105434
droplethic,BC29355,270140,270140,83.83875027763382,83.83875027763382
droplethic,BC444403,244404,244404,81.97901834667191,81.97901834667191
droplethic,BC472824,266774,266774,84.59370103533328,84.59370103533328
droplethic,BC198187,293768,293768,84.30462133384167,84.30462133384167
droplethic,BC694505,355380,355380,83.14367719061286,83.14367719061286
droplethic,BC328697,310430,310430,85.42602196952615,85.42602196952615
droplethic,BC416155,230326,230326,84.66955532592934,84.66955532592934
droplethic,BC114903,478434,478434,84.38154478987697,84.38154478987697
droplethic,BC343845,230048,230048,87.04878981777716,87.04878981777716
droplethic,BC185438,342264,342264,84.80997125026296,84.80997125026296
droplethic,BC35459,213574,213574,84.20032400947682,84.20032400947682
droplethic,BC385011,243606,243606,84.4954557769513,84.4954557769513
droplethic,BC604633,318974,318974,83.78175023669641,83.78175023669641
droplethic,BC191300,189068,189068,86.43662597583938,86.43662597583938
droplethic,BC458271,208656,208656,86.88559159573653,86.88559159573653
droplethic,BC172782,210632,210632,84.35660298530138,84.35660298530138
droplethic,BC472321,338276,338276,84.46180042332297,84.46180042332297
droplethic,BC92775,250374,250374,85.34432488996461,85.34432488996461
droplethic,BC239131,331526,331526,85.48107840712342,85.48107840712342
droplethic,BC125996,221960,221960,81.75887547305821,81.75887547305821
droplethic,BC401849,210486,210486,86.6879507425672,86.6879507425672
droplethic,BC544566,277624,277624,83.6102066103795,83.6102066103795
droplethic,BC640065,340490,340490,83.91670827337073,83.91670827337073
droplethic,BC373932,256500,256500,80.59493177387914,80.59493177387914
droplethic,BC435414,328744,328744,86.10712286764169,86.10712286764169
droplethic,BC665187,235266,235266,85.40545595198627,85.40545595198627
droplethic,BC398486,253258,253258,81.8106436914135,81.8106436914135
droplethic,BC396290,313372,313372,84.46702321841134,84.46702321841134
droplethic,BC461867,414120,414120,83.93122766347919,83.93122766347919
droplethic,BC284381,244562,244562,84.77768418642307,84.77768418642307
droplethic,BC45063,154636,154636,83.40489924726454,83.40489924726454
droplethic,BC690550,313188,313188,83.25925642106338,83.25925642106338
droplethic,BC122112,229866,229866,86.23197863102851,86.23197863102851
droplethic,BC483066,396104,396104,84.0930664673924,84.0930664673924
droplethic,BC728362,359532,359532,81.57660514224047,81.57660514224047
droplethic,BC8074,361768,361768,85.34585701333451,85.34585701333451
droplethic,BC201260,208676,208676,83.67229580785524,83.67229580785524
droplethic,BC574646,284354,284354,84.31813865815145,84.31813865815145
droplethic,BC316782,271736,271736,83.58774693084465,83.58774693084465
droplethic,BC734878,277260,277260,85.41585515400708,85.41585515400708
droplethic,BC562206,228190,228190,86.39730049520136,86.39730049520136
droplethic,BC436321,185826,185826,84.18412923918073,84.18412923918073
droplethic,BC191443,265030,265030,80.95385428064748,80.95385428064748
droplethic,BC418374,304434,304434,85.05226091698036,85.05226091698036
droplethic,BC139836,199984,199984,84.92879430354428,84.92879430354428
droplethic,BC63199,144582,144582,81.96870979790015,81.96870979790015
droplethic,BC166578,199346,199346,85.04710403017869,85.04710403017869
droplethic,BC663785,279572,279572,85.10008155323136,85.10008155323136
droplethic,BC571427,278980,278980,85.28998494515736,85.28998494515736
droplethic,BC367618,342986,342986,83.08968879196236,83.08968879196236
droplethic,BC736930,365416,365416,85.38104516496267,85.38104516496267
droplethic,BC697481,244308,244308,85.55184439314309,85.55184439314309
droplethic,BC107737,288696,288696,80.72089672181117,80.72089672181117
droplethic,BC145807,338468,338468,84.45288771759812,84.45288771759812
droplethic,BC592025,256050,256050,84.14762741652021,84.14762741652021
droplethic,BC379939,289172,289172,85.3920849874815,85.3920849874815
droplethic,BC424748,212814,212814,84.81020985461483,84.81020985461483
droplethic,BC55826,405596,405596,84.90517657965069,84.90517657965069
droplethic,BC332827,261138,261138,85.0768559152632,85.0768559152632
droplethic,BC596156,215042,215042,85.93205048316143,85.93205048316143
droplethic,BC696820,191568,191568,84.47653052701912,84.47653052701912
droplethic,BC655795,239938,239938,84.86859105268861,84.86859105268861
droplethic,BC331366,435854,435854,83.67572627531237,83.67572627531237
droplethic,BC419571,188196,188196,84.25790133690408,84.25790133690408
droplethic,BC260028,394552,394552,84.07054076522233,84.07054076522233
droplethic,BC77412,329490,329490,82.95729764181007,82.95729764181007
droplethic,BC502893,219904,219904,85.25811263096624,85.25811263096624
droplethic,BC439686,236366,236366,84.69830686308522,84.69830686308522
droplethic,BC730870,237686,237686,83.45884906978114,83.45884906978114
droplethic,BC341517,360674,360674,84.78071610373911,84.78071610373911
droplethic,BC595996,402770,402770,84.51423889564764,84.51423889564764
droplethic,BC676943,252990,252990,83.36060713862209,83.36060713862209
droplethic,BC315506,329490,329490,82.27745910346293,82.27745910346293
droplethic,BC337577,348580,348580,85.04159733777038,85.04159733777038
droplethic,BC331236,257728,257728,86.15284330767321,86.15284330767321
droplethic,BC564922,238612,238612,83.10562754597422,83.10562754597422
droplethic,BC391055,147238,147238,84.20923946263872,84.20923946263872
droplethic,BC63428,283924,283924,83.93443315816909,83.93443315816909
droplethic,BC162519,368024,368024,82.02073777797101,82.02073777797101
droplethic,BC654739,290370,290370,85.90419120432551,85.90419120432551
droplethic,BC288427,190638,190638,85.73946432505586,85.73946432505586
droplethic,BC351118,389994,389994,83.60385031564589,83.60385031564589
droplethic,BC108209,298876,298876,81.70144140044701,81.70144140044701
droplethic,BC253833,301508,301508,83.52017193573637,83.52017193573637
droplethic,BC157934,383986,383986,84.79111217596476,84.79111217596476
droplethic,BC26403,140726,140726,85.75956113298183,85.75956113298183
droplethic,BC547997,305534,305534,85.4870489045409,85.4870489045409
droplethic,BC367744,215252,215252,84.61338338319737,84.61338338319737
droplethic,BC686491,293580,293580,86.1216704135159,86.1216704135159
droplethic,BC275958,198094,198094,83.68350379112947,83.68350379112947
droplethic,BC333735,299708,299708,84.35944319137293,84.35944319137293
droplethic,BC585446,450922,450922,84.31302974793867,84.31302974793867
droplethic,BC410066,350378,350378,83.69018602766155,83.69018602766155
droplethic,BC298871,401776,401776,85.82692843773646,85.82692843773646
droplethic,BC124295,481214,481214,84.51042571496258,84.51042571496258
droplethic,BC661198,173212,173212,82.05089716647808,82.05089716647808
droplethic,BC337547,248706,248706,84.28988444187112,84.28988444187112
droplethic,BC79219,374180,374180,84.86931423379123,84.86931423379123
droplethic,BC632505,341726,341726,81.92294411311987,81.92294411311987
droplethic,BC7504,383042,383042,83.89941572986774,83.89941572986774
droplethic,BC198266,369074,369074,82.40623831535139,82.40623831535139
droplethic,BC159797,435686,435686,83.81127692879734,83.81127692879734
droplethic,BC295153,215626,215626,83.93514696743435,83.93514696743435
droplethic,BC410155,310106,310106,84.362121339155,84.362121339155
droplethic,BC608062,232302,232302,85.90541622543068,85.90541622543068
droplethic,BC424938,203240,203240,82.40602243652825,82.40602243652825
droplethic,BC83734,290860,290860,85.45760847142955,85.45760847142955
droplethic,BC66774,281650,281650,83.91052725013314,83.91052725013314
droplethic,BC213479,100302,100302,80.76808039720045,80.76808039720045
droplethic,BC155080,418492,418492,84.18082066084895,84.18082066084895
droplethic,BC169978,235960,235960,82.47160535684014,82.47160535684014
droplethic,BC243665,239696,239696,86.41946465522996,86.41946465522996
droplethic,BC257128,372156,372156,83.92717032642226,83.92717032642226
droplethic,BC434565,211798,211798,85.26048404611942,85.26048404611942
droplethic,BC472534,322644,322644,84.74541600029754,84.74541600029754
droplethic,BC507263,309810,309810,85.43494399793421,85.43494399793421
droplethic,BC349658,423592,423592,83.71593420083477,83.71593420083477
droplethic,BC429330,293620,293620,84.0739731625911,84.0739731625911
droplethic,BC724458,225488,225488,84.18097637124814,84.18097637124814
droplethic,BC230758,172674,172674,82.44321669736034,82.44321669736034
droplethic,BC186193,355336,355336,83.98867550712565,83.98867550712565
droplethic,BC567388,303062,303062,85.02220667718157,85.02220667718157
droplethic,BC329179,352126,352126,85.1490659593441,85.1490659593441
droplethic,BC349394,157352,157352,85.60552137881946,85.60552137881946
droplethic,BC351150,313794,313794,83.9442436757873,83.9442436757873
droplethic,BC220085,470210,470210,84.31892133302142,84.31892133302142
droplethic,BC67467,234022,234022,80.01726333421644,80.01726333421644
droplethic,BC112817,234140,234140,81.59477235841804,81.59477235841804
droplethic,BC174544,285010,285010,84.73667590610856,84.73667590610856
droplethic,BC214044,208718,208718,82.39634339156181,82.39634339156181
droplethic,BC301384,237602,237602,87.35532529187465,87.35532529187465
droplethic,BC507574,263280,263280,82.99908842297174,82.99908842297174
droplethic,BC619227,313606,313606,84.78600536979522,84.78600536979522
droplethic,BC561756,307488,307488,85.54610261213446,85.54610261213446
droplethic,BC506052,166766,166766,84.48844488684743,84.48844488684743
droplethic,BC702701,243818,243818,86.13884126684658,86.13884126684658
droplethic,BC417282,437998,437998,83.2209279494427,83.2209279494427
droplethic,BC151241,200462,200462,81.41692689886362,81.41692689886362
droplethic,BC17253,449934,449934,83.49046749078754,83.49046749078754
droplethic,BC497606,320950,320950,85.76476086617853,85.76476086617853
droplethic,BC55328,295362,295362,81.59952871391715,81.59952871391715
droplethic,BC640282,413860,413860,86.43550959261586,86.43550959261586
droplethic,BC353751,245538,245538,85.38800511529783,85.38800511529783
droplethic,BC590729,251740,251740,84.8963216016525,84.8963216016525
droplethic,BC721674,239618,239618,83.2900700281281,83.2900700281281
droplethic,BC7928,350480,350480,84.08011869436201,84.08011869436201
droplethic,BC641210,449034,449034,83.0778961058628,83.0778961058628
droplethic,BC142793,308150,308150,84.41278598085349,84.41278598085349
droplethic,BC400749,144382,144382,85.7835464254547,85.7835464254547
droplethic,BC711858,317802,317802,84.65837219400758,84.65837219400758
droplethic,BC448384,265806,265806,84.78589648089208,84.78589648089208
droplethic,BC271867,239652,239652,84.31058367966885,84.31058367966885
droplethic,BC725378,313242,313242,84.72235523971881,84.72235523971881
droplethic,BC118484,267178,267178,83.20146119815254,83.20146119815254
droplethic,BC11858,340652,340652,85.22950107441025,85.22950107441025
droplethic,BC649255,218230,218230,84.36603583375339,84.36603583375339
droplethic,BC348047,280276,280276,83.98935335169618,83.98935335169618
droplethic,BC608332,244098,244098,83.56152037296496,83.56152037296496
droplethic,BC400970,163744,163744,81.72146765683017,81.72146765683017
droplethic,BC190684,392366,392366,84.61334570273674,84.61334570273674
droplethic,BC460976,228680,228680,85.26499912541543,85.26499912541543
droplethic,BC40780,312736,312736,83.34633684641359,83.34633684641359
droplethic,BC516487,210754,210754,81.24922895888098,81.24922895888098
droplethic,BC41207,250884,250884,83.92723330304045,83.92723330304045
droplethic,BC592620,318762,318762,84.9135091384795,84.9135091384795
droplethic,BC51541,187558,187558,85.70042333571482,85.70042333571482
droplethic,BC428759,265714,265714,85.8742858863289,85.8742858863289
droplethic,BC706267,368456,368456,83.75979764205223,83.75979764205223
droplethic,BC564142,135766,135766,84.89312493555087,84.89312493555087
droplethic,BC545656,324016,324016,84.33719322502593,84.33719322502593
droplethic,BC563664,364940,364940,84.01764673644983,84.01764673644983
droplethic,BC171223,237980,237980,85.27439280611816,85.27439280611816
droplethic,BC641284,220524,220524,83.83667990785584,83.83667990785584
droplethic,BC390557,123980,123980,83.27149540248428,83.27149540248428
droplethic,BC605735,262646,262646,81.00561211668938,81.00561211668938
droplethic,BC656167,295252,295252,84.0007857694444,84.0007857694444
droplethic,BC196103,208894,208894,85.4691853284441,85.4691853284441
droplethic,BC19480,350156,350156,85.10149761820446,85.10149761820446
droplethic,BC212105,350054,350054,83.89505619133048,83.89505619133048
droplethic,BC228188,217004,217004,86.16246705129859,86.16246705129859
droplethic,BC56520,278960,278960,86.52064812159449,86.52064812159449
droplethic,BC51465,231278,231278,85.54121014536618,85.54121014536618
droplethic,BC665124,160576,160576,82.50049820645675,82.50049820645675
droplethic,BC668838,315480,315480,83.92861671104349,83.92861671104349
droplethic,BC128294,271078,271078,84.42514700565889,84.42514700565889
droplethic,BC160325,288722,288722,83.49554242489315,83.49554242489315
droplethic,BC287817,263942,263942,85.55061339233619,85.55061339233619
droplethic,BC259488,299592,299592,82.15172634783305,82.15172634783305
droplethic,BC316665,228450,228450,83.45283431823157,83.45283431823157
droplethic,BC706758,401960,401960,84.03323713802368,84.03323713802368
droplethic,BC40646,247648,247648,83.23346039539992,83.23346039539992
droplethic,BC82988,344480,344480,84.31955411054342,84.31955411054342
droplethic,BC701433,340594,340594,83.61039830413924,83.61039830413924
droplethic,BC211010,310620,310620,80.9522889704462,80.9522889704462
droplethic,BC297306,109874,109874,84.21100533338188,84.21100533338188
droplethic,BC730475,201420,201420,86.52963955913017,86.52963955913017
droplethic,BC20134,289416,289416,84.53091743372862,84.53091743372862
droplethic,BC412604,124946,124946,82.87580234661374,82.87580234661374
droplethic,BC306359,106426,106426,86.63672410877041,86.63672410877041
droplethic,BC554274,386964,386964,83.52714981238564,83.52714981238564
droplethic,BC179684,328010,328010,83.96146458949423,83.96146458949423
droplethic,BC190535,234650,234650,84.8727892606009,84.8727892606009
droplethic,BC611365,197942,197942,83.4456557981631,83.4456557981631
droplethic,BC75594,288534,288534,85.39305593101679,85.39305593101679
droplethic,BC656909,302450,302450,85.41246487022649,85.41246487022649
droplethic,BC361646,259318,259318,83.00233689909686,83.00233689909686
droplethic,BC416850,371270,371270,85.20968567349907,85.20968567349907
droplethic,BC617814,271800,271800,85.55114054451803,85.55114054451803
droplethic,BC174012,284116,284116,80.22709034338087,80.22709034338087
droplethic,BC193211,359630,359630,82.73558935572672,82.73558935572672
droplethic,BC229743,348180,348180,84.22137974610834,84.22137974610834
droplethic,BC159871,274176,274176,85.11831816059757,85.11831816059757
droplethic,BC557871,316608,316608,80.53997372144734,80.53997372144734
droplethic,BC397344,322056,322056,85.48575403035497,85.48575403035497
droplethic,BC244597,289262,289262,84.3456796952244,84.3456796952244
droplethic,BC526027,302360,302360,82.3951580896944,82.3951580896944
droplethic,BC25880,245776,245776,84.402870906842,84.402870906842
droplethic,BC619579,250234,250234,84.44016400648992,84.44016400648992
droplethic,BC90153,191758,191758,81.60181061546324,81.60181061546324
droplethic,BC255260,202918,202918,82.97933155264688,82.97933155264688
droplethic,BC561904,268680,268680,84.87494417150513,84.87494417150513
droplethic,BC665364,258160,258160,85.86458010536101,85.86458010536101
droplethic,BC617473,294570,294570,81.19088841361986,81.19088841361986
droplethic,BC341363,176638,176638,84.21970357454228,84.21970357454228
droplethic,BC267461,330678,330678,84.27473251924833,84.27473251924833
droplethic,BC27800,176518,176518,84.79135272323502,84.79135272323502
droplethic,BC385023,380108,380108,84.13345680701275,84.13345680701275
droplethic,BC472444,324918,324918,85.95030130679125,85.95030130679125
droplethic,BC575564,409086,409086,69.19278586898598,69.19278586898598
droplethic,BC311609,251088,251088,85.10482380679284,85.10482380679284
droplethic,BC639904,339656,339656,83.52450714840897,83.52450714840897
droplethic,BC600783,309570,309570,84.79310010659948,84.79310010659948
droplethic,BC235329,410926,410926,82.41775891523048,82.41775891523048
droplethic,BC567714,218162,218162,85.25041024559731,85.25041024559731
droplethic,BC661872,217244,217244,84.7406602713999,84.7406602713999
droplethic,BC673116,409046,409046,84.8031761708952,84.8031761708952
droplethic,BC64156,292080,292080,85.84565872363736,85.84565872363736
droplethic,BC15114,354742,354742,84.25672742443804,84.25672742443804
droplethic,BC590633,250682,250682,79.94830103477713,79.94830103477713
droplethic,BC94458,213680,213680,86.92811681018345,86.92811681018345
droplethic,BC12224,228382,228382,83.89978194428633,83.89978194428633
droplethic,BC575037,173300,173300,81.57414887478362,81.57414887478362
droplethic,BC684713,269964,269964,82.49248047887866,82.49248047887866
droplethic,BC688832,248540,248540,82.83897964110405,82.83897964110405
droplethic,BC171075,213390,213390,85.37513472983738,85.37513472983738
droplethic,BC144347,212494,212494,82.08325882142555,82.08325882142555
droplethic,BC181627,267548,267548,81.47771614813043,81.47771614813043
droplethic,BC255679,310052,310052,81.85143137280198,81.85143137280198
droplethic,BC337155,341048,341048,83.85564495320307,83.85564495320307
droplethic,BC566727,368632,368632,84.82280431432974,84.82280431432974
droplethic,BC272181,269008,269008,83.66591328138941,83.66591328138941
droplethic,BC702251,214420,214420,84.6488200727544,84.6488200727544
droplethic,BC633942,464934,464934,84.15000838828738,84.15000838828738
droplethic,BC108647,236390,236390,86.86238842590635,86.86238842590635
droplethic,BC206861,240470,240470,83.85245560776812,83.85245560776812
droplethic,BC47702,387032,387032,84.55476549742657,84.55476549742657
droplethic,BC482449,437928,437928,86.19727443780712,86.19727443780712
droplethic,BC548135,297124,297124,85.10049676229453,85.10049676229453
droplethic,BC74287,182512,182512,84.3276058560533,84.3276058560533
droplethic,BC171421,207428,207428,85.49954683070752,85.49954683070752
droplethic,BC279919,366282,366282,85.02028491708575,85.02028491708575
droplethic,BC31756,219722,219722,85.79022583082258,85.79022583082258
droplethic,BC406137,230912,230912,85.1467225609756,85.1467225609756
droplethic,BC294023,360320,360320,84.9911190053286,84.9911190053286
droplethic,BC40007,251820,251820,86.03208641092844,86.03208641092844
droplethic,BC442203,226320,226320,84.07299399080948,84.07299399080948
droplethic,BC488773,255250,255250,82.16023506366308,82.16023506366308
droplethic,BC200491,262972,262972,84.37780448108543,84.37780448108543
droplethic,BC699893,274322,274322,85.28444674506602,85.28444674506602
droplethic,BC154916,201768,201768,85.97002497918402,85.97002497918402
droplethic,BC220736,325344,325344,77.29172814006098,77.29172814006098
droplethic,BC9959,297728,297728,84.0465122527945,84.0465122527945
droplethic,BC209665,136392,136392,80.16599214030148,80.16599214030148
droplethic,BC542578,171858,171858,86.09200619115782,86.09200619115782
droplethic,BC402023,439394,439394,84.00751944723869,84.00751944723869
droplethic,BC273067,350806,350806,84.54017320114251,84.54017320114251
droplethic,BC424802,177826,177826,81.37167793236085,81.37167793236085
droplethic,BC93623,344712,344712,83.64199679732647,83.64199679732647
droplethic,BC99245,305980,305980,85.683377998562,85.683377998562
droplethic,BC106809,254634,254634,85.94217582883668,85.94217582883668
droplethic,BC453954,355686,355686,83.64062684502623,83.64062684502623
droplethic,BC256998,264612,264612,84.75579338805497,84.75579338805497
droplethic,BC176155,263504,263504,83.96305179428016,83.96305179428016
droplethic,BC115627,410978,410978,84.13735041778392,84.13735041778392
droplethic,BC311632,290670,290670,86.32745037327554,86.32745037327554
droplethic,BC661521,186504,186504,83.73761420666581,83.73761420666581
droplethic,BC104328,475824,475824,84.4816570832913,84.4816570832913
droplethic,BC90429,229668,229668,84.73187383527527,84.73187383527527
droplethic,BC368707,284090,284090,84.5506705621458,84.5506705621458
droplethic,BC314756,154718,154718,83.37232901149187,83.37232901149187
droplethic,BC294714,282318,282318,84.91275795379678,84.91275795379678
droplethic,BC1566,339082,339082,83.95491356073163,83.95491356073163
droplethic,BC109276,206206,206206,87.33402519810286,87.33402519810286
droplethic,BC628005,191756,191756,84.62733890986462,84.62733890986462
droplethic,BC670580,268820,268820,84.49668923443197,84.49668923443197
droplethic,BC190610,285532,285532,85.05666615300562,85.05666615300562
droplethic,BC129222,251980,251980,86.38383998730058,86.38383998730058
droplethic,BC330347,329844,329844,83.12717527073404,83.12717527073404
droplethic,BC16546,203928,203928,83.25781648424935,83.25781648424935
droplethic,BC672059,224236,224236,87.01903351825754,87.01903351825754
droplethic,BC613501,245986,245986,85.93171969136455,85.93171969136455
droplethic,BC320613,186244,186244,83.65584931595112,83.65584931595112
droplethic,BC71518,294626,294626,84.38223374719135,84.38223374719135
droplethic,BC517845,239338,239338,84.61840576924683,84.61840576924683
droplethic,BC578112,138558,138558,85.20186492299254,85.20186492299254
droplethic,BC711134,159360,159360,81.78589357429719,81.78589357429719
droplethic,BC38646,283762,283762,86.77624206200971,86.77624206200971
droplethic,BC401306,255126,255126,83.94832357344998,83.94832357344998
droplethic,BC708755,318734,318734,82.8471389936436,82.8471389936436
droplethic,BC26940,392644,392644,84.23253634335428,84.23253634335428
droplethic,BC189532,396914,396914,85.21594098469694,85.21594098469694
droplethic,BC38899,414360,414360,84.16497731441258,84.16497731441258
droplethic,BC342223,200900,200900,84.41015430562469,84.41015430562469
droplethic,BC356573,241778,241778,82.84128415323147,82.84128415323147
droplethic,BC186459,350000,350000,83.48228571428571,83.48228571428571
droplethic,BC472162,168374,168374,83.27176404908121,83.27176404908121
droplethic,BC174181,162524,162524,86.57552115379882,86.57552115379882
droplethic,BC226167,335428,335428,82.3121504465936,82.3121504465936
droplethic,BC229914,260808,260808,86.21514677463881,86.21514677463881
droplethic,BC623570,251544,251544,82.92465731641383,82.92465731641383
droplethic,BC47603,172826,172826,82.51073333873376,82.51073333873376
droplethic,BC674045,341078,341078,85.83549803857183,85.83549803857183
droplethic,BC237085,258464,258464,83.86622508357063,83.86622508357063
droplethic,BC381678,203526,203526,84.40788891836915,84.40788891836915
droplethic,BC448449,285968,285968,84.67660717283053,84.67660717283053
droplethic,BC668496,189018,189018,84.31789565014972,84.31789565014972
droplethic,BC8208,402518,402518,84.63074943232353,84.63074943232353
droplethic,BC496259,298110,298110,82.76877662607762,82.76877662607762
droplethic,BC19874,211952,211952,85.71374650864347,85.71374650864347
droplethic,BC346322,158046,158046,84.56651860850639,84.56651860850639
droplethic,BC560127,186870,186870,84.03596082838337,84.03596082838337
droplethic,BC150239,202362,202362,85.00311323272156,85.00311323272156
droplethic,BC461766,257182,257182,82.73362832546601,82.73362832546601
droplethic,BC640878,191512,191512,84.35398304022725,84.35398304022725
droplethic,BC684659,423200,423200,83.09404536862004,83.09404536862004
droplethic,BC115868,335356,335356,84.00923198034327,84.00923198034327
droplethic,BC613516,317224,317224,82.79197034272312,82.79197034272312
droplethic,BC358320,316694,316694,84.82067863615983,84.82067863615983
droplethic,BC727121,339948,339948,84.70942614752845,84.70942614752845
droplethic,BC542080,418762,418762,85.05451784068278,85.05451784068278
droplethic,BC433702,271844,271844,85.41075028325069,85.41075028325069
droplethic,BC655610,207920,207920,83.14159292035399,83.14159292035399
droplethic,BC348192,215960,215960,85.14076680866827,85.14076680866827
droplethic,BC361425,348018,348018,83.50487618456516,83.50487618456516
droplethic,BC638997,270060,270060,86.54669332740872,86.54669332740872
droplethic,BC539425,208726,208726,86.06019374682599,86.06019374682599
droplethic,BC159464,231084,231084,85.67793529625591,85.67793529625591
droplethic,BC581388,223596,223596,85.0918621084456,85.0918621084456
droplethic,BC594296,318586,318586,83.77204271374134,83.77204271374134
droplethic,BC173707,370360,370360,84.25261907333406,84.25261907333406
droplethic,BC11686,199440,199440,81.84215804251906,81.84215804251906
droplethic,BC228564,351716,351716,83.37692911326184,83.37692911326184
droplethic,BC301972,408344,408344,83.25872303743903,83.25872303743903
droplethic,BC695245,240298,240298,82.728944893424,82.728944893424
droplethic,BC257890,229676,229676,83.63782023372055,83.63782023372055
droplethic,BC19047,291134,291134,86.16032479888986,86.16032479888986
droplethic,BC203992,123974,123974,82.01719715424201,82.01719715424201
droplethic,BC469803,279256,279256,84.36416764545793,84.36416764545793
droplethic,BC267656,321460,321460,84.20829963292478,84.20829963292478
droplethic,BC115670,237528,237528,83.76359839682058,83.76359839682058
droplethic,BC398590,250776,250776,81.16964940823684,81.16964940823684
droplethic,BC551879,234020,234020,84.04495342278437,84.04495342278437
droplethic,BC477692,161324,161324,83.63789640723017,83.63789640723017
droplethic,BC707025,390338,390338,82.37937377349887,82.37937377349887
droplethic,BC154736,230126,230126,83.14054039960718,83.14054039960718
droplethic,BC261554,193562,193562,84.66227875306103,84.66227875306103
droplethic,BC297477,286694,286694,85.57695661576454,85.57695661576454
droplethic,BC181998,260756,260756,82.842197303226,82.842197303226
droplethic,BC409514,223122,223122,83.07473041654342,83.07473041654342
droplethic,BC107113,297470,297470,84.89662823141829,84.89662823141829
droplethic,BC104335,409900,409900,84.50353744815808,84.50353744815808
droplethic,BC370605,173042,173042,82.07949515146612,82.07949515146612
droplethic,BC372355,225706,225706,83.80105092465419,83.80105092465419
droplethic,BC291463,294494,294494,82.63122508438202,82.63122508438202
droplethic,BC232646,232450,232450,85.13228651322865,85.13228651322865
droplethic,BC74906,389804,389804,84.41370534935506,84.41370534935506
droplethic,BC170628,177788,177788,85.39721466015705,85.39721466015705
droplethic,BC397304,389094,389094,83.63017676962379,83.63017676962379
droplethic,BC594198,340938,340938,83.8234517712898,83.8234517712898
droplethic,BC492209,375784,375784,84.83330849637025,84.83330849637025
droplethic,BC150501,241316,241316,86.78827761109913,86.78827761109913
droplethic,BC462115,242048,242048,84.12794156530936,84.12794156530936
droplethic,BC308146,135534,135534,84.3566927855741,84.3566927855741
droplethic,BC400192,349174,349174,83.99995417757336,83.99995417757336
droplethic,BC319729,369906,369906,83.60015787794737,83.60015787794737
droplethic,BC220144,333796,333796,84.30957830531223,84.30957830531223
droplethic,BC181286,334906,334906,84.0134246624426,84.0134246624426
droplethic,BC100691,240130,240130,85.75688168908508,85.75688168908508
droplethic,BC112287,206860,206860,83.63724257952238,83.63724257952238
droplethic,BC377499,84620,84620,85.62514771921532,85.62514771921532
droplethic,BC462301,207996,207996,85.5247216292621,85.5247216292621
droplethic,BC77775,251596,251596,84.48782969522568,84.48782969522568
droplethic,BC435685,345120,345120,83.442280945758,83.442280945758
droplethic,BC354245,227592,227592,82.6742592006749,82.6742592006749
droplethic,BC487965,169948,169948,84.1857509355803,84.1857509355803
droplethic,BC78498,245388,245388,83.7856781912726,83.7856781912726
droplethic,BC336103,145504,145504,84.47740268308775,84.47740268308775
droplethic,BC451920,175810,175810,85.27728798134349,85.27728798134349
droplethic,BC463407,283098,283098,81.8649372302171,81.8649372302171
droplethic,BC15892,436042,436042,83.60891840694245,83.60891840694245
droplethic,BC238752,299062,299062,84.06551149928778,84.06551149928778
droplethic,BC469107,204564,204564,79.67188752664202,79.67188752664202
droplethic,BC465941,248728,248728,86.49850439033804,86.49850439033804
droplethic,BC91417,255750,255750,85.27468230694038,85.27468230694038
droplethic,BC576663,285310,285310,85.42778030913743,85.42778030913743
droplethic,BC599744,250000,250000,84.044,84.044
droplethic,BC268502,387964,387964,84.83312884700642,84.83312884700642
droplethic,BC121936,406380,406380,83.71967124366357,83.71967124366357
droplethic,BC366825,206318,206318,84.50741088998537,84.50741088998537
droplethic,BC515431,388958,388958,83.23777888615223,83.23777888615223
droplethic,BC129442,255580,255580,84.72415681978245,84.72415681978245
droplethic,BC420195,297902,297902,85.82889675128062,85.82889675128062
droplethic,BC71977,365068,365068,84.10652262044331,84.10652262044331
droplethic,BC518211,392490,392490,84.44954011567174,84.44954011567174
droplethic,BC719591,357808,357808,82.70133702991548,82.70133702991548
droplethic,BC111916,245102,245102,84.2694062063957,84.2694062063957
droplethic,BC599181,308186,308186,81.92455205622579,81.92455205622579
droplethic,BC428655,241976,241976,85.84239759314974,85.84239759314974
droplethic,BC550025,292936,292936,84.3720129994265,84.3720129994265
droplethic,BC256495,397644,397644,84.63298830109343,84.63298830109343
droplethic,BC416011,236982,236982,81.74629296739836,81.74629296739836
droplethic,BC719081,321978,321978,83.93182142879327,83.93182142879327
droplethic,BC278561,300218,300218,84.58187050743126,84.58187050743126
droplethic,BC556018,424102,424102,84.02742736417183,84.02742736417183
droplethic,BC336179,278718,278718,84.40215558378002,84.40215558378002
droplethic,BC701866,234842,234842,84.85534955416833,84.85534955416833
droplethic,BC95588,226186,226186,85.12993730823305,85.12993730823305
droplethic,BC503059,190528,190528,82.7804837084313,82.7804837084313
droplethic,BC241720,238924,238924,85.39703001791365,85.39703001791365
droplethic,BC248516,149548,149548,85.44280097360046,85.44280097360046
droplethic,BC350259,297572,297572,84.46829674834999,84.46829674834999
droplethic,BC150396,267946,267946,85.42019660677897,85.42019660677897
droplethic,BC122731,321176,321176,82.57964480534038,82.57964480534038
droplethic,BC551764,240008,240008,80.71564281190626,80.71564281190626
droplethic,BC660184,240504,240504,80.55915909922496,80.55915909922496
droplethic,BC235676,250534,250534,87.08678263229741,87.08678263229741
droplethic,BC463209,220328,220328,84.48041102356487,84.48041102356487
droplethic,BC535380,450188,450188,84.35809039778937,84.35809039778937
droplethic,BC15266,280458,280458,83.44137090045568,83.44137090045568
droplethic,BC159884,220560,220560,84.93017772941603,84.93017772941603
droplethic,BC409689,374568,374568,83.17101300698404,83.17101300698404
droplethic,BC641068,272314,272314,83.80031874967868,83.80031874967868
droplethic,BC620083,166884,166884,85.3167469619616,85.3167469619616
droplethic,BC52729,288698,288698,83.83501098033238,83.83501098033238
droplethic,BC196533,334182,334182,84.86633032299765,84.86633032299765
droplethic,BC383046,193706,193706,83.43985214706824,83.43985214706824
droplethic,BC621568,241406,241406,81.70633704216134,81.70633704216134
droplethic,BC336629,272068,272068,83.47030889336489,83.47030889336489
droplethic,BC227134,215668,215668,84.49654097965391,84.49654097965391
droplethic,BC713012,355164,355164,85.3436722190312,85.3436722190312
droplethic,BC143551,276342,276342,83.77807209906565,83.77807209906565
droplethic,BC582722,231154,231154,82.80626768301651,82.80626768301651
droplethic,BC663667,253960,253960,86.2868168215467,86.2868168215467
droplethic,BC409874,350368,350368,83.31582792949128,83.31582792949128
droplethic,BC165742,248388,248388,81.60861233231878,81.60861233231878
droplethic,BC194404,223376,223376,83.33124418021632,83.33124418021632
droplethic,BC590926,306122,306122,83.84369630408791,83.84369630408791
droplethic,BC735080,265452,265452,84.91629371788497,84.91629371788497
droplethic,BC299998,257768,257768,84.3913907079234,84.3913907079234
droplethic,BC362599,183452,183452,82.70501275538015,82.70501275538015
droplethic,BC508869,216642,216642,83.63105953600872,83.63105953600872
droplethic,BC433205,326438,326438,85.21924530845061,85.21924530845061
droplethic,BC701726,271624,271624,85.94527729508438,85.94527729508438
droplethic,BC285902,171000,171000,83.35204678362572,83.35204678362572
droplethic,BC541495,154292,154292,85.42503823918285,85.42503823918285
droplethic,BC17999,351202,351202,83.76432936031117,83.76432936031117
droplethic,BC149407,289890,289890,82.6327227569078,82.6327227569078
droplethic,BC293029,181826,181826,84.95374698887947,84.95374698887947
droplethic,BC512981,283010,283010,85.8782375181089,85.8782375181089
droplethic,BC627374,322006,322006,84.81394756619441,84.81394756619441
droplethic,BC137276,273252,273252,83.69124471184108,83.69124471184108
droplethic,BC243454,240166,240166,84.20592423573694,84.20592423573694
droplethic,BC426017,246498,246498,83.0822156772063,83.0822156772063
droplethic,BC455532,194002,194002,86.55374686858899,86.55374686858899
droplethic,BC467729,203100,203100,82.59773510585919,82.59773510585919
droplethic,BC272583,327136,327136,85.36205125696958,85.36205125696958
droplethic,BC173980,222700,222700,84.92411315671306,84.92411315671306
droplethic,BC498539,284722,284722,85.1750128195222,85.1750128195222
droplethic,BC328583,248442,248442,85.62722889044525,85.62722889044525
droplethic,BC442149,154676,154676,85.94998577672037,85.94998577672037
droplethic,BC561395,271042,271042,84.97428442824359,84.97428442824359
droplethic,BC312045,108362,108362,87.48454255181706,87.48454255181706
droplethic,BC663431,332372,332372,84.94999578785216,84.94999578785216
droplethic,BC650783,365222,365222,83.29016324317813,83.29016324317813
droplethic,BC610859,290416,290416,84.11037959341083,84.11037959341083
droplethic,BC676270,311158,311158,82.38836861015947,82.38836861015947
droplethic,BC15618,201762,201762,84.73250661670681,84.73250661670681
droplethic,BC599509,281872,281872,84.46883691888517,84.46883691888517
droplethic,BC348331,376982,376982,84.25017640099527,84.25017640099527
droplethic,BC412776,326272,326272,84.10528638681836,84.10528638681836
droplethic,BC173121,279318,279318,83.40028211572474,83.40028211572474
droplethic,BC642707,179482,179482,80.04256694264606,80.04256694264606
droplethic,BC392353,423126,423126,83.48482485122635,83.48482485122635
droplethic,BC186212,225680,225680,78.74246721020914,78.74246721020914
droplethic,BC11119,254804,254804,84.39977394389413,84.39977394389413
droplethic,BC341558,250046,250046,85.20032314054214,85.20032314054214
droplethic,BC696507,242006,242006,84.12436055304414,84.12436055304414
droplethic,BC385999,203586,203586,83.01651390567132,83.01651390567132
droplethic,BC626848,414230,414230,82.88100813557685,82.88100813557685
droplethic,BC10705,177120,177120,84.31458897922313,84.31458897922313
droplethic,BC544976,243816,243816,84.29717491879121,84.29717491879121
droplethic,BC642580,275920,275920,83.0255146419252,83.0255146419252
droplethic,BC496492,256098,256098,82.59182031878422,82.59182031878422
droplethic,BC706794,276236,276236,86.5332541739672,86.5332541739672
droplethic,BC719629,330954,330954,85.92009765707621,85.92009765707621
droplethic,BC581501,244620,244620,86.69937045212983,86.69937045212983
droplethic,BC415087,194048,194048,83.77411774406332,83.77411774406332
droplethic,BC352254,307900,307900,83.91425787593374,83.91425787593374
droplethic,BC651444,363242,363242,83.70232517164865,83.70232517164865
droplethic,BC249083,324516,324516,83.84486435183473,83.84486435183473
droplethic,BC406415,257904,257904,84.99364104472983,84.99364104472983
droplethic,BC381670,232528,232528,81.55060895892107,81.55060895892107
droplethic,BC118569,326066,326066,80.62478148595683,80.62478148595683
droplethic,BC678887,337090,337090,83.65421697469519,83.65421697469519
droplethic,BC137394,244768,244768,83.9807491175317,83.9807491175317
droplethic,BC708,265866,265866,84.9555791263268,84.9555791263268
droplethic,BC554982,208406,208406,83.5283053271019,83.5283053271019
droplethic,BC640030,418502,418502,85.85669841482239,85.85669841482239
droplethic,BC688914,267896,267896,83.48986173739063,83.48986173739063
droplethic,BC489256,206930,206930,84.11250181220703,84.11250181220703
droplethic,BC241748,193464,193464,79.44010255137907,79.44010255137907
droplethic,BC397827,211014,211014,86.40658913626584,86.40658913626584
droplethic,BC662270,213320,213320,84.620288768048,84.620288768048
droplethic,BC43573,353924,353924,84.3214927498559,84.3214927498559
droplethic,BC179957,210764,210764,85.37321364179842,85.37321364179842
droplethic,BC474419,312074,312074,82.65667758288099,82.65667758288099
droplethic,BC631847,264376,264376,85.36024450025721,85.36024450025721
droplethic,BC118572,256922,256922,83.47747565408957,83.47747565408957
droplethic,BC33036,301036,301036,83.23788516988002,83.23788516988002
droplethic,BC543729,376574,376574,85.23796119753355,85.23796119753355
droplethic,BC266172,293818,293818,83.94516333240306,83.94516333240306
droplethic,BC155622,236638,236638,81.34957191997904,81.34957191997904
droplethic,BC32240,226708,226708,84.98067999364822,84.98067999364822
droplethic,BC682761,195722,195722,85.44977059298392,85.44977059298392
droplethic,BC83839,106700,106700,88.3880037488285,88.3880037488285
droplethic,BC611748,339652,339652,84.94871221132217,84.94871221132217
droplethic,BC41888,247830,247830,84.13025057499092,84.13025057499092
droplethic,BC276850,202728,202728,85.84408665798509,85.84408665798509
droplethic,BC281385,343860,343860,80.92421334263945,80.92421334263945
droplethic,BC702195,358064,358064,85.40484382680191,85.40484382680191
droplethic,BC395922,168916,168916,86.3221956475408,86.3221956475408
droplethic,BC350170,270006,270006,83.22259505344326,83.22259505344326
droplethic,BC370893,192356,192356,86.35550749651688,86.35550749651688
droplethic,BC689766,371266,371266,85.58769184358384,85.58769184358384
droplethic,BC149983,262768,262768,84.74395664616696,84.74395664616696
droplethic,BC393455,259788,259788,84.71676905784717,84.71676905784717
droplethic,BC52324,223978,223978,80.32396038896677,80.32396038896677
droplethic,BC334867,230188,230188,86.15566406589396,86.15566406589396
droplethic,BC272958,277848,277848,76.33310299156373,76.33310299156373
droplethic,BC339723,296622,296622,83.26422180418176,83.26422180418176
droplethic,BC408877,368406,368406,83.60178715873249,83.60178715873249
droplethic,BC410962,171914,171914,84.81217352862478,84.81217352862478
droplethic,BC541626,407908,407908,83.84488659207469,83.84488659207469
droplethic,BC45438,281256,281256,84.67730466194499,84.67730466194499
droplethic,BC602049,353078,353078,84.02222738318446,84.02222738318446
droplethic,BC322171,365184,365184,84.36349894847528,84.36349894847528
droplethic,BC112571,410840,410840,83.59263947035342,83.59263947035342
droplethic,BC340485,146694,146694,86.31300530355706,86.31300530355706
droplethic,BC385165,300900,300900,84.82220006646726,84.82220006646726
droplethic,BC162901,92460,92460,88.89033095392602,88.89033095392602
droplethic,BC177409,398870,398870,83.4808333542257,83.4808333542257
droplethic,BC560670,303630,303630,85.60748279155551,85.60748279155551
droplethic,BC321245,174598,174598,83.82913893629939,83.82913893629939
droplethic,BC90729,154704,154704,84.76962457337883,84.76962457337883
droplethic,BC276665,237794,237794,83.19385686770903,83.19385686770903
droplethic,BC277514,345822,345822,84.29885895055838,84.29885895055838
droplethic,BC248976,183518,183518,86.91136564260727,86.91136564260727
droplethic,BC514375,186342,186342,80.13866975775724,80.13866975775724
droplethic,BC253210,193180,193180,84.7717154984988,84.7717154984988
droplethic,BC357040,160106,160106,80.76774137134149,80.76774137134149
droplethic,BC512760,218194,218194,83.13060854102312,83.13060854102312
droplethic,BC684015,268750,268750,84.3460465116279,84.3460465116279
droplethic,BC629599,302514,302514,86.05221576522078,86.05221576522078
droplethic,BC258067,186982,186982,83.68399097239306,83.68399097239306
droplethic,BC124419,290516,290516,84.97156783103168,84.97156783103168
droplethic,BC382368,182332,182332,84.25728890156418,84.25728890156418
droplethic,BC556339,228884,228884,82.62176473672253,82.62176473672253
droplethic,BC93513,391758,391758,83.17532762572813,83.17532762572813
droplethic,BC19496,163160,163160,82.64648198087767,82.64648198087767
droplethic,BC659016,237320,237320,84.74296308781392,84.74296308781392
droplethic,BC439526,356264,356264,83.48584195989491,83.48584195989491
droplethic,BC218221,402040,402040,84.60451696348622,84.60451696348622
droplethic,BC393480,328546,328546,84.31696018213583,84.31696018213583
droplethic,BC735375,283738,283738,85.77560989363427,85.77560989363427
droplethic,BC328384,235052,235052,86.34600003403503,86.34600003403503
droplethic,BC342262,341660,341660,84.13042205701575,84.13042205701575
droplethic,BC201427,195934,195934,83.69042636806272,83.69042636806272
droplethic,BC381596,376844,376844,84.55435140270245,84.55435140270245
droplethic,BC220235,311906,311906,84.12470423781524,84.12470423781524
droplethic,BC299393,265540,265540,84.3187467048279,84.3187467048279
droplethic,BC596181,271342,271342,83.68405923152332,83.68405923152332
droplethic,BC670097,298670,298670,84.37071014832424,84.37071014832424
droplethic,BC216098,195096,195096,84.74597121417149,84.74597121417149
droplethic,BC21405,395372,395372,84.47436844288417,84.47436844288417
droplethic,BC120888,116642,116642,84.91109548876048,84.91109548876048
droplethic,BC26769,325498,325498,83.62263362601307,83.62263362601307
droplethic,BC395332,176540,176540,87.26181035459386,87.26181035459386
droplethic,BC599430,275550,275550,85.78987479586281,85.78987479586281
droplethic,BC692709,141260,141260,85.40563499929209,85.40563499929209
droplethic,BC69678,481964,481964,84.58972039405432,84.58972039405432
droplethic,BC240020,290884,290884,83.75091101607514,83.75091101607514
droplethic,BC551208,408842,408842,84.12345111314396,84.12345111314396
droplethic,BC561000,296332,296332,86.75674581212964,86.75674581212964
droplethic,BC110236,287762,287762,85.56028940582843,85.56028940582843
droplethic,BC177698,329388,329388,82.63871179277933,82.63871179277933
droplethic,BC261145,311916,311916,84.47338385975712,84.47338385975712
droplethic,BC170311,273128,273128,85.1651972701444,85.1651972701444
droplethic,BC52289,320172,320172,85.38473070724486,85.38473070724486
droplethic,BC502736,248326,248326,82.80083438705573,82.80083438705573
droplethic,BC79956,226414,226414,84.33224093916454,84.33224093916454
droplethic,BC731089,259340,259340,85.06670779671474,85.06670779671474
droplethic,BC628178,224226,224226,81.22697635421405,81.22697635421405
droplethic,BC655899,305116,305116,84.65763840637659,84.65763840637659
droplethic,BC620329,235222,235222,83.40886481706643,83.40886481706643
droplethic,BC405793,246374,246374,86.66823609634133,86.66823609634133
droplethic,BC645495,458022,458022,85.04394985393715,85.04394985393715
droplethic,BC671412,364326,364326,83.8249260277883,83.8249260277883
droplethic,BC17434,245740,245740,82.1184992268251,82.1184992268251
droplethic,BC449781,219718,219718,84.63758089915255,84.63758089915255
droplethic,BC264199,294772,294772,84.19184997218188,84.19184997218188
droplethic,BC2767,488340,488340,84.3486095752959,84.3486095752959
droplethic,BC168832,241506,241506,84.89395708595232,84.89395708595232
droplethic,BC541657,214048,214048,83.45885035132306,83.45885035132306
droplethic,BC390347,277976,277976,85.27858520160014,85.27858520160014
droplethic,BC511402,184290,184290,84.38873514569428,84.38873514569428
droplethic,BC433679,254150,254150,83.6749950816447,83.6749950816447
droplethic,BC135002,219752,219752,84.60628344679456,84.60628344679456
droplethic,BC631720,361258,361258,84.27107496581391,84.27107496581391
droplethic,BC149930,240410,240410,85.22690403893348,85.22690403893348
droplethic,BC403829,207988,207988,82.31628747812374,82.31628747812374
droplethic,BC247419,307944,307944,85.87925077286779,85.87925077286779
droplethic,BC658036,511788,511788,83.85347057766106,83.85347057766106
droplethic,BC492354,384504,384504,84.09847491833635,84.09847491833635
droplethic,BC511453,363136,363136,84.48460081071555,84.48460081071555
droplethic,BC269522,222376,222376,86.41220275569306,86.41220275569306
droplethic,BC23041,333026,333026,82.47163885102064,82.47163885102064
droplethic,BC12465,237068,237068,84.5706717060084,84.5706717060084
droplethic,BC591061,261756,261756,86.05648008068583,86.05648008068583
droplethic,BC195799,218024,218024,82.59182475323817,82.59182475323817
droplethic,BC195968,269812,269812,84.71083569300106,84.71083569300106
droplethic,BC230538,251690,251690,85.81906313321943,85.81906313321943
droplethic,BC694130,231038,231038,83.98618409092876,83.98618409092876
droplethic,BC447766,385368,385368,82.76296942143614,82.76296942143614
droplethic,BC189293,252938,252938,84.76622729680791,84.76622729680791
droplethic,BC370183,129690,129690,86.07140103323309,86.07140103323309
droplethic,BC577761,312754,312754,85.0751709010916,85.0751709010916
droplethic,BC565212,210394,210394,82.20766751903571,82.20766751903571
droplethic,BC59428,277428,277428,85.18967083351356,85.18967083351356
droplethic,BC60912,298712,298712,83.77902461233563,83.77902461233563
droplethic,BC200224,244690,244690,84.33446401569333,84.33446401569333
droplethic,BC402961,107682,107682,82.05456808008766,82.05456808008766
droplethic,BC63239,362314,362314,82.4064209497839,82.4064209497839
droplethic,BC423931,287990,287990,82.98552033056703,82.98552033056703
droplethic,BC537517,198592,198592,84.52404930712214,84.52404930712214
droplethic,BC661279,316866,316866,82.42032909810456,82.42032909810456
droplethic,BC492576,219132,219132,83.59892667433328,83.59892667433328
droplethic,BC106387,235330,235330,84.95644414226831,84.95644414226831
droplethic,BC497697,264352,264352,85.64338457813824,85.64338457813824
droplethic,BC387215,310970,310970,83.59262951410103,83.59262951410103
droplethic,BC363231,404792,404792,84.70621949050377,84.70621949050377
droplethic,BC102028,329246,329246,81.38170243526118,81.38170243526118
droplethic,BC638864,214680,214680,85.85149990683809,85.85149990683809
droplethic,BC621386,426060,426060,83.69384593719194,83.69384593719194
droplethic,BC267659,214360,214360,85.7921253965292,85.7921253965292
droplethic,BC588647,240778,240778,82.68446452749005,82.68446452749005
droplethic,BC413508,152500,152500,82.27409836065574,82.27409836065574
droplethic,BC501516,270406,270406,84.08467267738142,84.08467267738142
droplethic,BC501718,187084,187084,86.24788864894913,86.24788864894913
droplethic,BC330557,206298,206298,84.71240632483106,84.71240632483106
droplethic,BC231511,239686,239686,80.814899493504,80.814899493504
droplethic,BC332636,342754,342754,83.0379805924949,83.0379805924949
droplethic,BC274101,125824,125824,85.58144710071211,85.58144710071211
droplethic,BC293345,259008,259008,79.68479738077589,79.68479738077589
droplethic,BC584855,405252,405252,84.56367889609429,84.56367889609429
droplethic,BC263343,295686,295686,83.71989204764513,83.71989204764513
droplethic,BC45026,371880,371880,84.78433903409702,84.78433903409702
droplethic,BC651237,235244,235244,84.80641376613218,84.80641376613218
droplethic,BC680036,236486,236486,84.63503124920715,84.63503124920715
droplethic,BC403096,214374,214374,85.26500415162286,85.26500415162286
droplethic,BC683527,227160,227160,82.63338615953514,82.63338615953514
droplethic,BC66843,315052,315052,83.23959219430444,83.23959219430444
droplethic,BC488617,369400,369400,84.15863562533839,84.15863562533839
droplethic,BC79539,203726,203726,83.7438520365589,83.7438520365589
droplethic,BC575022,321930,321930,84.6668530425869,84.6668530425869
droplethic,BC606287,315354,315354,83.33491885309843,83.33491885309843
droplethic,BC725896,350472,350472,83.7413545161953,83.7413545161953
droplethic,BC427235,349108,349108,84.7519965168372,84.7519965168372
droplethic,BC60486,400534,400534,84.10521953192487,84.10521953192487
droplethic,BC235050,239140,239140,84.96780128794848,84.96780128794848
droplethic,BC301284,263012,263012,84.19083539914529,84.19083539914529
droplethic,BC479988,205032,205032,86.82742206094659,86.82742206094659
droplethic,BC360806,444212,444212,84.66137790064204,84.66137790064204
droplethic,BC154600,321352,321352,85.34441982623416,85.34441982623416
droplethic,BC699435,215510,215510,85.35659598162498,85.35659598162498
droplethic,BC504762,367808,367808,85.10037845832608,85.10037845832608
droplethic,BC545885,264264,264264,82.98746707837617,82.98746707837617
droplethic,BC496953,238680,238680,84.880174291939,84.880174291939
droplethic,BC252292,255098,255098,82.99241859991062,82.99241859991062
droplethic,BC182538,187644,187644,79.81283707446015,79.81283707446015
droplethic,BC684420,336216,336216,81.83251243248388,81.83251243248388
droplethic,BC607659,255978,255978,85.32295744165515,85.32295744165515
droplethic,BC256833,201856,201856,83.01066106531388,83.01066106531388
droplethic,BC215458,404076,404076,84.24157831695028,84.24157831695028
droplethic,BC239586,353796,353796,85.84551549480491,85.84551549480491
droplethic,BC597934,198564,198564,83.68989343486231,83.68989343486231
droplethic,BC489098,171250,171250,84.42978102189781,84.42978102189781
droplethic,BC625023,254646,254646,83.7523463946027,83.7523463946027
droplethic,BC394030,182610,182610,84.74563276928974,84.74563276928974
droplethic,BC613697,342918,342918,84.25979388658513,84.25979388658513
droplethic,BC158426,315292,315292,83.38619438488766,83.38619438488766
droplethic,BC298408,342664,342664,84.59248710106694,84.59248710106694
droplethic,BC319420,413384,413384,85.36566485398563,85.36566485398563
droplethic,BC303196,272666,272666,83.28724520108851,83.28724520108851
droplethic,BC610555,338814,338814,84.02132143299863,84.02132143299863
droplethic,BC431056,260394,260394,85.67862546756069,85.67862546756069
droplethic,BC384258,368760,368760,84.68163575225078,84.68163575225078
droplethic,BC532196,263052,263052,75.99257941395618,75.99257941395618
droplethic,BC682491,392424,392424,84.45151163027745,84.45151163027745
droplethic,BC600503,410998,410998,84.59992506046258,84.59992506046258
droplethic,BC580965,153272,153272,85.69601753744976,85.69601753744976
droplethic,BC427093,78034,78034,85.93433631493964,85.93433631493964
droplethic,BC86038,211840,211840,85.25868580060423,85.25868580060423
droplethic,BC406839,211122,211122,82.93024886084822,82.93024886084822
droplethic,BC12661,259204,259204,85.18387061928057,85.18387061928057
droplethic,BC24933,384944,384944,83.55137370630533,83.55137370630533
droplethic,BC568055,316992,316992,84.64188370684434,84.64188370684434
droplethic,BC444879,200744,200744,83.22042003746064,83.22042003746064
droplethic,BC543899,349906,349906,83.52071699256372,83.52071699256372
droplethic,BC612660,179052,179052,83.96220092487098,83.96220092487098
droplethic,BC675729,188846,188846,85.40821621850608,85.40821621850608
droplethic,BC3632,254692,254692,84.57352409969688,84.57352409969688
droplethic,BC654555,214530,214530,84.17657204120636,84.17657204120636
droplethic,BC688921,251194,251194,84.20901773131524,84.20901773131524
droplethic,BC443222,333966,333966,85.31407388776103,85.31407388776103
droplethic,BC491836,350920,350920,85.42288840761427,85.42288840761427
droplethic,BC603518,233690,233690,84.20728315289486,84.20728315289486
droplethic,BC644504,268798,268798,82.83246155105321,82.83246155105321
droplethic,BC370591,373490,373490,85.13159656215696,85.13159656215696
droplethic,BC65816,314110,314110,82.79519913406132,82.79519913406132
droplethic,BC431212,273198,273198,79.07158910387338,79.07158910387338
droplethic,BC428723,288746,288746,83.22747328101515,83.22747328101515
droplethic,BC52683,299744,299744,81.15124906586954,81.15124906586954
droplethic,BC533545,265976,265976,82.24050290251752,82.24050290251752
droplethic,BC151776,391834,391834,83.91257522318125,83.91257522318125
droplethic,BC243099,215262,215262,82.47252185708578,82.47252185708578
droplethic,BC449480,377416,377416,84.61008542298154,84.61008542298154
droplethic,BC54769,291924,291924,84.49185404420328,84.49185404420328
droplethic,BC98071,183622,183622,82.30713095380727,82.30713095380727
droplethic,BC59866,202230,202230,86.31854818770707,86.31854818770707
droplethic,BC627110,288986,288986,82.94242627670545,82.94242627670545
droplethic,BC675744,183386,183386,82.79257958622796,82.79257958622796
droplethic,BC268057,339236,339236,82.91278048320343,82.91278048320343
droplethic,BC450426,355620,355620,84.15837129520274,84.15837129520274
droplethic,BC589602,337562,337562,84.53972899793223,84.53972899793223
droplethic,BC500572,400190,400190,73.69249606436942,73.69249606436942
droplethic,BC528323,258038,258038,84.12559390477371,84.12559390477371
droplethic,BC557423,178018,178018,84.30945185318339,84.30945185318339
droplethic,BC632078,248914,248914,85.52753159725849,85.52753159725849
droplethic,BC382179,366412,366412,84.72921192537362,84.72921192537362
droplethic,BC135345,392434,392434,82.99026078270487,82.99026078270487
droplethic,BC508250,227284,227284,85.07682018971859,85.07682018971859
droplethic,BC75301,237062,237062,85.52868026086003,85.52868026086003
droplethic,BC290111,351636,351636,82.70029234776871,82.70029234776871
droplethic,BC493553,285140,285140,85.74594935821,85.74594935821
droplethic,BC728784,193870,193870,86.18146180430185,86.18146180430185
droplethic,BC549878,221974,221974,85.88122933316515,85.88122933316515
droplethic,BC278722,353816,353816,83.35688606507337,83.35688606507337
droplethic,BC374200,257750,257750,85.87002909796314,85.87002909796314
droplethic,BC120855,279824,279824,85.6838584252959,85.6838584252959
droplethic,BC281397,386418,386418,84.80298536817644,84.80298536817644
droplethic,BC654319,256138,256138,80.68853508655491,80.68853508655491
droplethic,BC429261,296750,296750,83.06722830665544,83.06722830665544
droplethic,BC568038,354368,354368,84.20681325627596,84.20681325627596
droplethic,BC129771,233442,233442,84.1074014102004,84.1074014102004
droplethic,BC190135,280088,280088,77.65130958841507,77.65130958841507
droplethic,BC528811,311142,311142,82.61758296854812,82.61758296854812
droplethic,BC512996,344052,344052,84.64592561589527,84.64592561589527
droplethic,BC69713,270634,270634,85.4548948025747,85.4548948025747
droplethic,BC115026,409634,409634,83.94664505387736,83.94664505387736
droplethic,BC647130,172972,172972,86.36195453599427,86.36195453599427
droplethic,BC139075,232950,232950,83.72440437862203,83.72440437862203
droplethic,BC53464,251978,251978,85.41856828770766,85.41856828770766
droplethic,BC400656,219528,219528,78.95667067526693,78.95667067526693
droplethic,BC399656,280652,280652,84.0671008936334,84.0671008936334
droplethic,BC467513,417754,417754,84.99786955959728,84.99786955959728
droplethic,BC49962,309966,309966,85.5964847757496,85.5964847757496
droplethic,BC117174,206930,206930,85.15440003866041,85.15440003866041
droplethic,BC36583,340552,340552,85.32793817096949,85.32793817096949
droplethic,BC603629,310892,310892,84.923381753149,84.923381753149
droplethic,BC221454,259012,259012,77.21804395163159,77.21804395163159
droplethic,BC313355,145654,145654,82.54630837464127,82.54630837464127
droplethic,BC320605,475088,475088,85.19221702084667,85.19221702084667
droplethic,BC386642,240290,240290,84.14998543426692,84.14998543426692
droplethic,BC441686,284682,284682,83.91117106104355,83.91117106104355
droplethic,BC478555,292474,292474,85.39972783905579,85.39972783905579
droplethic,BC494323,326832,326832,80.4358202379204,80.4358202379204
droplethic,BC82730,238850,238850,83.5001046682018,83.5001046682018
droplethic,BC86647,263024,263024,86.07427459091186,86.07427459091186
droplethic,BC90350,229890,229890,83.0771238418374,83.0771238418374
droplethic,BC314869,254292,254292,82.88581630566435,82.88581630566435
droplethic,BC439732,279486,279486,82.77409244112407,82.77409244112407
droplethic,BC589516,358496,358496,82.85224939748282,82.85224939748282
droplethic,BC206332,224700,224700,86.68179795282599,86.68179795282599
droplethic,BC725006,359242,359242,83.9985302386692,83.9985302386692
droplethic,BC354604,312662,312662,84.94348529722193,84.94348529722193
droplethic,BC26213,221442,221442,85.67028838251099,85.67028838251099
droplethic,BC721134,367270,367270,84.57701418574891,84.57701418574891
droplethic,BC63651,193368,193368,85.63878201150139,85.63878201150139
droplethic,BC709915,211626,211626,83.96794344740249,83.96794344740249
droplethic,BC665660,171676,171676,86.33355856380624,86.33355856380624
droplethic,BC206324,245742,245742,84.24526535960479,84.24526535960479
droplethic,BC92832,218580,218580,86.1798883703907,86.1798883703907
droplethic,BC398532,312670,312670,84.7583714459334,84.7583714459334
droplethic,BC136073,243042,243042,85.44119946346721,85.44119946346721
droplethic,BC104040,352806,352806,81.52298997182588,81.52298997182588
droplethic,BC100575,405536,405536,84.33480628106999,84.33480628106999
droplethic,BC17216,447142,447142,84.61786188727518,84.61786188727518
droplethic,BC338731,189848,189848,84.3285154439341,84.3285154439341
droplethic,BC83921,348660,348660,79.42694889003614,79.42694889003614
droplethic,BC510717,313878,313878,86.04043609300429,86.04043609300429
droplethic,BC581822,347574,347574,83.51430199036751,83.51430199036751
droplethic,BC14818,308872,308872,84.69268823331348,84.69268823331348
droplethic,BC346273,268342,268342,83.69916002712957,83.69916002712957
droplethic,BC329767,322650,322650,84.47109871377654,84.47109871377654
droplethic,BC708788,301628,301628,84.35622687548901,84.35622687548901
droplethic,BC25084,271180,271180,81.16822774540896,81.16822774540896
droplethic,BC168135,221978,221978,86.00311742605123,86.00311742605123
droplethic,BC507314,321498,321498,84.31343274297197,84.31343274297197
droplethic,BC333070,309900,309900,84.0296869958051,84.0296869958051
droplethic,BC509811,318662,318662,83.24745341458976,83.24745341458976
droplethic,BC406171,242736,242736,84.61456067497198,84.61456067497198
droplethic,BC442955,172828,172828,85.34843891036175,85.34843891036175
droplethic,BC688161,183374,183374,82.2123092695802,82.2123092695802
droplethic,BC102959,344838,344838,85.62803403337219,85.62803403337219
droplethic,BC456608,286364,286364,84.67963850204634,84.67963850204634
droplethic,BC649119,202310,202310,86.00464633483269,86.00464633483269
droplethic,BC120098,204112,204112,85.31884455593008,85.31884455593008
droplethic,BC307126,211774,211774,82.06200950069413,82.06200950069413
droplethic,BC415081,238700,238700,83.30875576036867,83.30875576036867
droplethic,BC301377,247790,247790,85.92356430848703,85.92356430848703
droplethic,BC536253,302576,302576,85.38945587224367,85.38945587224367
droplethic,BC57020,258710,258710,81.84994781802018,81.84994781802018
droplethic,BC16329,252326,252326,81.47317359289174,81.47317359289174
droplethic,BC351259,241696,241696,84.66668873295379,84.66668873295379
droplethic,BC573761,276226,276226,85.33012822833477,85.33012822833477
droplethic,BC541538,222308,222308,84.39462367526134,84.39462367526134
droplethic,BC493068,374360,374360,82.78021156106422,82.78021156106422
droplethic,BC447208,342718,342718,84.30896538845349,84.30896538845349
droplethic,BC371009,186626,186626,84.25192631251808,84.25192631251808
droplethic,BC99842,388692,388692,83.3065769298056,83.3065769298056
droplethic,BC152015,335472,335472,84.64074498020699,84.64074498020699
droplethic,BC14874,212962,212962,82.8175918708502,82.8175918708502
droplethic,BC201877,286710,286710,82.63402043877089,82.63402043877089
droplethic,BC383552,329006,329006,85.22215400327046,85.22215400327046
droplethic,BC289410,352066,352066,85.485107905904,85.485107905904
droplethic,BC43895,247784,247784,86.12259064346367,86.12259064346367
droplethic,BC343773,138958,138958,84.39384562241828,84.39384562241828
droplethic,BC88931,204194,204194,85.69105850318815,85.69105850318815
droplethic,BC321077,256620,256620,84.67383680149638,84.67383680149638
droplethic,BC617676,321978,321978,82.40811484014436,82.40811484014436
droplethic,BC112233,418276,418276,85.3900295498666,85.3900295498666
droplethic,BC729680,220246,220246,83.66644570162455,83.66644570162455
droplethic,BC720733,312544,312544,83.071823487253,83.071823487253
droplethic,BC62821,229672,229672,86.03225469365007,86.03225469365007
droplethic,BC725101,280220,280220,83.37020912140461,83.37020912140461
droplethic,BC272279,315538,315538,84.38349739175631,84.38349739175631
droplethic,BC190218,335654,335654,83.92332580574043,83.92332580574043
droplethic,BC284362,249296,249296,85.04909826070214,85.04909826070214
droplethic,BC516460,267228,267228,84.15959405451524,84.15959405451524
droplethic,BC281308,212904,212904,82.36200353210837,82.36200353210837
droplethic,BC387173,239020,239020,84.01640030123002,84.01640030123002
droplethic,BC485617,313150,313150,85.09468305923679,85.09468305923679
droplethic,BC632480,213350,213350,83.1863135692524,83.1863135692524
droplethic,BC75412,236788,236788,81.8394513235468,81.8394513235468
droplethic,BC13807,359412,359412,85.48629428065841,85.48629428065841
droplethic,BC369286,304040,304040,81.46099197474017,81.46099197474017
droplethic,BC678172,268920,268920,85.1532054142496,85.1532054142496
droplethic,BC393223,289856,289856,85.62044601457275,85.62044601457275
droplethic,BC354143,347018,347018,83.6446524387784,83.6446524387784
droplethic,BC635456,288376,288376,85.93641634532693,85.93641634532693
droplethic,BC286430,272962,272962,76.02083806537173,76.02083806537173
droplethic,BC2931,316782,316782,83.58429456219103,83.58429456219103
droplethic,BC73835,167738,167738,84.24805351202471,84.24805351202471
droplethic,BC215033,225502,225502,85.36332271997587,85.36332271997587
droplethic,BC119363,437822,437822,85.30498695817022,85.30498695817022
droplethic,BC207442,155276,155276,81.7666606558644,81.7666606558644
droplethic,BC426946,210260,210260,83.95985922191572,83.95985922191572
droplethic,BC89980,200402,200402,84.9312881108971,84.9312881108971
droplethic,BC519102,180934,180934,83.21597930737175,83.21597930737175
droplethic,BC394051,227200,227200,85.45598591549296,85.45598591549296
droplethic,BC295080,195890,195890,77.48634437694625,77.48634437694625
droplethic,BC8519,533194,533194,84.31377697423451,84.31377697423451
droplethic,BC671665,274846,274846,84.64012574314343,84.64012574314343
droplethic,BC245444,281348,281348,83.71625175938695,83.71625175938695
droplethic,BC632223,181346,181346,83.9092122241461,83.9092122241461
droplethic,BC249968,234842,234842,84.88515682884663,84.88515682884663
droplethic,BC286868,438634,438634,83.74271032341314,83.74271032341314
droplethic,BC217496,219386,219386,84.68635190941993,84.68635190941993
droplethic,BC356664,340906,340906,83.48342358304049,83.48342358304049
droplethic,BC208752,187532,187532,86.36392722308726,86.36392722308726
droplethic,BC664268,220704,220704,83.59975351602147,83.59975351602147
droplethic,BC18741,234828,234828,85.60648644965677,85.60648644965677
droplethic,BC151857,422968,422968,84.47352991242836,84.47352991242836
droplethic,BC659575,258826,258826,81.2074521106844,81.2074521106844
droplethic,BC384556,279778,279778,85.38770024805382,85.38770024805382
droplethic,BC241070,193276,193276,82.85870982429272,82.85870982429272
droplethic,BC385730,252980,252980,86.96734919756503,86.96734919756503
droplethic,BC233481,327334,327334,84.19840285457667,84.19840285457667
droplethic,BC56766,317588,317588,84.78280035769613,84.78280035769613
droplethic,BC725845,196822,196822,85.21405127475587,85.21405127475587
droplethic,BC492896,316164,316164,84.08547462709227,84.08547462709227
droplethic,BC103559,278194,278194,84.54387945103058,84.54387945103058
droplethic,BC633219,289626,289626,85.48610967247416,85.48610967247416
droplethic,BC274762,270398,270398,84.5450040310949,84.5450040310949
droplethic,BC498088,493516,493516,83.62160497329367,83.62160497329367
droplethic,BC515435,222206,222206,84.00403229435749,84.00403229435749
droplethic,BC6470,133062,133062,85.28505508710225,85.28505508710225
droplethic,BC19205,185818,185818,85.41153171382751,85.41153171382751
droplethic,BC573744,306684,306684,84.07285675157492,84.07285675157492
droplethic,BC552785,341578,341578,85.44461294345655,85.44461294345655
droplethic,BC295151,283124,283124,83.94978878512595,83.94978878512595
droplethic,BC31032,184608,184608,83.25641358987693,83.25641358987693
droplethic,BC106154,259634,259634,86.31150003466418,86.31150003466418
droplethic,BC552740,309504,309504,85.23831679073615,85.23831679073615
droplethic,BC582862,337706,337706,85.01655285958793,85.01655285958793
droplethic,BC62898,114470,114470,84.96898750764393,84.96898750764393
droplethic,BC690342,246806,246806,84.36504785134883,84.36504785134883
droplethic,BC583064,269824,269824,81.6932518975332,81.6932518975332
droplethic,BC73555,288822,288822,86.93866810700015,86.93866810700015
droplethic,BC189071,364636,364636,85.06565451573624,85.06565451573624
droplethic,BC444466,226776,226776,82.41524676332592,82.41524676332592
droplethic,BC323268,326246,326246,83.61420523163503,83.61420523163503
droplethic,BC511072,192604,192604,84.2339722954871,84.2339722954871
droplethic,BC572892,305890,305890,86.1858838144431,86.1858838144431
droplethic,BC599403,188642,188642,84.07035548817336,84.07035548817336
droplethic,BC250436,177012,177012,83.97848733419204,83.97848733419204
droplethic,BC687253,262886,262886,85.91024246251227,85.91024246251227
droplethic,BC187628,253094,253094,84.85384876765154,84.85384876765154
droplethic,BC735867,252058,252058,84.5178490664847,84.5178490664847
droplethic,BC371952,151228,151228,86.74055069167085,86.74055069167085
droplethic,BC493053,152676,152676,83.37394220440672,83.37394220440672
droplethic,BC699432,257056,257056,81.14418648076683,81.14418648076683
droplethic,BC112063,171234,171234,82.0386138266933,82.0386138266933
droplethic,BC360534,180076,180076,83.99453564050734,83.99453564050734
droplethic,BC39775,367618,367618,84.9631954909716,84.9631954909716
droplethic,BC130849,212830,212830,86.28106939811117,86.28106939811117
droplethic,BC497213,224908,224908,82.31810340228004,82.31810340228004
droplethic,BC45377,161688,161688,83.50526940774826,83.50526940774826
droplethic,BC209102,206136,206136,75.55982458182947,75.55982458182947
droplethic,BC536361,346838,346838,83.1027742058252,83.1027742058252
droplethic,BC713499,197322,197322,80.57287073919785,80.57287073919785
droplethic,BC460359,115100,115100,82.67593397046046,82.67593397046046
droplethic,BC399909,297076,297076,84.87592400597826,84.87592400597826
droplethic,BC656150,260020,260020,84.68502422890546,84.68502422890546
droplethic,BC441390,212568,212568,79.37224793948289,79.37224793948289
droplethic,BC681116,286100,286100,86.17476406850751,86.17476406850751
droplethic,BC21785,241048,241048,86.19942915933756,86.19942915933756
droplethic,BC163108,220880,220880,87.2211155378486,87.2211155378486
droplethic,BC555917,288542,288542,85.85855785292955,85.85855785292955
droplethic,BC542016,239528,239528,83.17941952506597,83.17941952506597
droplethic,BC149733,407106,407106,84.13877466802258,84.13877466802258
droplethic,BC427881,278966,278966,85.41327616985582,85.41327616985582
droplethic,BC310186,406944,406944,84.75957379885193,84.75957379885193
droplethic,BC663453,237094,237094,86.9520105949539,86.9520105949539
droplethic,BC677958,249722,249722,85.95798527963095,85.95798527963095
droplethic,BC491776,226236,226236,84.2279743276932,84.2279743276932
droplethic,BC256829,209158,209158,83.72426586599605,83.72426586599605
droplethic,BC271519,157494,157494,83.4609572428156,83.4609572428156
droplethic,BC163908,205472,205472,84.86119763276749,84.86119763276749
droplethic,BC371656,239730,239730,83.86935302214992,83.86935302214992
droplethic,BC691645,269186,269186,83.72797990980214,83.72797990980214
droplethic,BC592570,110534,110534,84.35413537915936,84.35413537915936
droplethic,BC585698,257132,257132,81.20965107415647,81.20965107415647
droplethic,BC485161,220668,220668,85.54933202820527,85.54933202820527
droplethic,BC700728,409974,409974,82.76085800562963,82.76085800562963
droplethic,BC184650,254484,254484,81.66014366325584,81.66014366325584
droplethic,BC199468,384664,384664,84.11808747374332,84.11808747374332
droplethic,BC8429,271788,271788,86.76174076854018,86.76174076854018
droplethic,BC316956,390030,390030,84.97500192292901,84.97500192292901
droplethic,BC513851,174522,174522,83.39005970593965,83.39005970593965
droplethic,BC75083,405954,405954,82.73055567872223,82.73055567872223
droplethic,BC255431,169588,169588,83.20871759794325,83.20871759794325
droplethic,BC116427,262464,262464,84.72628627164106,84.72628627164106
droplethic,BC326587,252280,252280,85.91564927857935,85.91564927857935
droplethic,BC435897,220586,220586,84.82043284705286,84.82043284705286
droplethic,BC415858,288940,288940,84.83629819339656,84.83629819339656
droplethic,BC423372,147112,147112,84.20930991353526,84.20930991353526
droplethic,BC489697,226788,226788,85.29375451963949,85.29375451963949
droplethic,BC406955,416470,416470,82.54712224169808,82.54712224169808
droplethic,BC524395,310036,310036,83.29806861138707,83.29806861138707
droplethic,BC659460,254192,254192,86.69588342670107,86.69588342670107
droplethic,BC10520,353278,353278,82.92053283816145,82.92053283816145
droplethic,BC88435,317652,317652,82.86426655585358,82.86426655585358
droplethic,BC207999,248728,248728,85.6212408735647,85.6212408735647
droplethic,BC600320,162278,162278,86.25075487743256,86.25075487743256
droplethic,BC433894,264670,264670,85.99312351229834,85.99312351229834
droplethic,BC382133,328172,328172,84.88353668198384,84.88353668198384
droplethic,BC648738,262536,262536,84.80513148672944,84.80513148672944
droplethic,BC404857,314186,314186,84.33412055279356,84.33412055279356
droplethic,BC539129,333004,333004,84.10950018618395,84.10950018618395
droplethic,BC70586,321352,321352,85.53548756503771,85.53548756503771
droplethic,BC609757,314894,314894,80.85641517463019,80.85641517463019
droplethic,BC60988,175956,175956,83.39243901884562,83.39243901884562
droplethic,BC164265,294312,294312,84.72573323547799,84.72573323547799
droplethic,BC691985,312202,312202,84.00971166103997,84.00971166103997
droplethic,BC76874,393814,393814,84.47896722818386,84.47896722818386
droplethic,BC40281,226048,226048,83.03457672706682,83.03457672706682
droplethic,BC457176,369122,369122,83.2526915220442,83.2526915220442
droplethic,BC701710,180730,180730,81.02805289658606,81.02805289658606
droplethic,BC63732,247908,247908,84.63784952482372,84.63784952482372
droplethic,BC370586,85000,85000,84.6470588235294,84.6470588235294
droplethic,BC634054,327954,327954,84.66492251962165,84.66492251962165
droplethic,BC64013,303910,303910,85.10743312164786,85.10743312164786
droplethic,BC45953,269772,269772,79.53901813383153,79.53901813383153
droplethic,BC416946,337730,337730,85.14493826429397,85.14493826429397
droplethic,BC590075,235974,235974,84.59830320289524,84.59830320289524
droplethic,BC19414,167044,167044,86.27547233064342,86.27547233064342
droplethic,BC10262,411654,411654,83.9855801231131,83.9855801231131
droplethic,BC4961,299634,299634,84.36559268974815,84.36559268974815
droplethic,BC683953,324436,324436,84.8407698282558,84.8407698282558
droplethic,BC381384,290580,290580,85.84555027875284,85.84555027875284
droplethic,BC297307,178510,178510,84.49386588986611,84.49386588986611
droplethic,BC201815,333312,333312,85.01164074500768,85.01164074500768
droplethic,BC707168,260848,260848,84.42387904066736,84.42387904066736
droplethic,BC61705,292862,292862,81.9860548654315,81.9860548654315
droplethic,BC300960,273254,273254,81.60539278473509,81.60539278473509
droplethic,BC486949,229812,229812,83.98081910431135,83.98081910431135
droplethic,BC727484,83570,83570,85.23632882613379,85.23632882613379
droplethic,BC253718,219664,219664,85.39496685847476,85.39496685847476
droplethic,BC531954,239866,239866,83.20562313958627,83.20562313958627
droplethic,BC271878,289162,289162,85.10039355101985,85.10039355101985
droplethic,BC654859,241032,241032,84.54479073318066,84.54479073318066
droplethic,BC493028,408478,408478,84.27430608257973,84.27430608257973
droplethic,BC252340,226908,226908,84.20064519540959,84.20064519540959
droplethic,BC661986,224108,224108,86.45920716797258,86.45920716797258
droplethic,BC701465,234064,234064,85.85002392508032,85.85002392508032
droplethic,BC449452,398174,398174,84.17425547624907,84.17425547624907
droplethic,BC413770,249786,249786,83.48025910179113,83.48025910179113
droplethic,BC405643,334104,334104,83.34650288532912,83.34650288532912
droplethic,BC276675,406422,406422,84.56038305013016,84.56038305013016
droplethic,BC527480,217066,217066,84.82857748334608,84.82857748334608
droplethic,BC542118,399838,399838,84.05404188696421,84.05404188696421
droplethic,BC633825,385218,385218,83.07711477656807,83.07711477656807
droplethic,BC424038,333876,333876,84.81352358360589,84.81352358360589
droplethic,BC256206,246580,246580,84.7854651634358,84.7854651634358
droplethic,BC294147,219336,219336,84.53149505781084,84.53149505781084
droplethic,BC106395,267064,267064,86.08723002725938,86.08723002725938
droplethic,BC622414,286328,286328,84.53451985135928,84.53451985135928
droplethic,BC200465,294250,294250,86.33882752761258,86.33882752761258
droplethic,BC32919,427052,427052,83.54158275807161,83.54158275807161
droplethic,BC93709,347766,347766,84.61436713192204,84.61436713192204
droplethic,BC111247,293898,293898,83.0784830111127,83.0784830111127
droplethic,BC423692,301624,301624,85.73588308622656,85.73588308622656
droplethic,BC465495,363900,363900,84.98488595768067,84.98488595768067
droplethic,BC594883,410750,410750,84.66804625684723,84.66804625684723
droplethic,BC107753,250226,250226,84.73380064421762,84.73380064421762
droplethic,BC204401,167888,167888,84.37529781759268,84.37529781759268
droplethic,BC641368,192418,192418,85.25605712563274,85.25605712563274
droplethic,BC593439,373898,373898,83.21841785727658,83.21841785727658
droplethic,BC13291,164054,164054,82.32898923525181,82.32898923525181
droplethic,BC697741,286126,286126,83.78057219546633,83.78057219546633
droplethic,BC21205,324044,324044,85.7173717149523,85.7173717149523
droplethic,BC23626,255482,255482,85.16686107044724,85.16686107044724
droplethic,BC573635,135024,135024,82.05059841213414,82.05059841213414
droplethic,BC173309,172958,172958,81.37698169497797,81.37698169497797
droplethic,BC332529,230754,230754,85.55604669908215,85.55604669908215
droplethic,BC469491,223058,223058,83.98712442503744,83.98712442503744
droplethic,BC508597,325740,325740,85.30852827408363,85.30852827408363
droplethic,BC660006,294582,294582,83.58419726935115,83.58419726935115
droplethic,BC158216,224932,224932,79.31108068216172,79.31108068216172
droplethic,BC165620,184986,184986,83.49496718670602,83.49496718670602
droplethic,BC223817,311458,311458,84.92124138728175,84.92124138728175
droplethic,BC159604,244130,244130,84.8613443657068,84.8613443657068
droplethic,BC173072,217158,217158,84.82763702004992,84.82763702004992
droplethic,BC708380,369700,369700,84.71896131998918,84.71896131998918
droplethic,BC571068,225560,225560,82.26281255541763,82.26281255541763
droplethic,BC84858,313024,313024,84.21846248211,84.21846248211
droplethic,BC160766,319442,319442,83.74352777656037,83.74352777656037
droplethic,BC547285,421692,421692,81.95507621676484,81.95507621676484
droplethic,BC707652,122592,122592,84.48185852257896,84.48185852257896
droplethic,BC32832,119448,119448,84.10354296430246,84.10354296430246
droplethic,BC257428,439240,439240,84.01693834805573,84.01693834805573
droplethic,BC364619,190452,190452,81.9944132904879,81.9944132904879
droplethic,BC13544,290864,290864,86.0443368722152,86.0443368722152
droplethic,BC489806,305350,305350,79.09611920746684,79.09611920746684
droplethic,BC81786,263362,263362,84.65989778327929,84.65989778327929
droplethic,BC435840,257510,257510,85.61298590346006,85.61298590346006
droplethic,BC593750,221308,221308,82.55372602888282,82.55372602888282
droplethic,BC393806,249796,249796,85.7523739371327,85.7523739371327
droplethic,BC150484,245156,245156,82.67388927866338,82.67388927866338
droplethic,BC162904,228088,228088,84.71204096664445,84.71204096664445
droplethic,BC33811,187028,187028,87.19122270462177,87.19122270462177
droplethic,BC369869,319724,319724,86.39764296705908,86.39764296705908
droplethic,BC131287,251182,251182,82.7607073755285,82.7607073755285
droplethic,BC638969,432462,432462,84.72883166613482,84.72883166613482
droplethic,BC691704,188910,188910,78.61415488857128,78.61415488857128
droplethic,BC251180,325350,325350,82.00829875518673,82.00829875518673
droplethic,BC114549,401468,401468,85.22173622804308,85.22173622804308
droplethic,BC191589,255390,255390,82.44958690630017,82.44958690630017
droplethic,BC195145,325508,325508,83.50639615616205,83.50639615616205
droplethic,BC105899,267476,267476,83.28597705962405,83.28597705962405
droplethic,BC210533,270196,270196,84.72886349168752,84.72886349168752
droplethic,BC167456,357624,357624,83.67838847504642,83.67838847504642
droplethic,BC321651,293630,293630,82.35125838640465,82.35125838640465
droplethic,BC68032,264476,264476,85.26293501111633,85.26293501111633
droplethic,BC596651,235710,235710,83.32018157905901,83.32018157905901
droplethic,BC533556,326712,326712,84.76517544504028,84.76517544504028
droplethic,BC402119,263824,263824,83.5140093395597,83.5140093395597
droplethic,BC45381,91988,91988,88.53980954037483,88.53980954037483
droplethic,BC61635,391828,391828,84.59323989097257,84.59323989097257
droplethic,BC230366,263628,263628,85.65933815831399,85.65933815831399
droplethic,BC297693,305120,305120,83.13712637650761,83.13712637650761
droplethic,BC41997,210668,210668,84.49408548047164,84.49408548047164
droplethic,BC412614,414928,414928,83.92010180079436,83.92010180079436
droplethic,BC661303,172564,172564,83.19695880948518,83.19695880948518
droplethic,BC86805,226938,226938,84.37282429562259,84.37282429562259
droplethic,BC559929,377378,377378,82.91951306117474,82.91951306117474
droplethic,BC138978,401588,401588,84.68031913304182,84.68031913304182
droplethic,BC158667,119480,119480,81.39939738868429,81.39939738868429
droplethic,BC665408,201760,201760,83.2355273592387,83.2355273592387
droplethic,BC76244,228358,228358,85.35982974102068,85.35982974102068
droplethic,BC433953,424630,424630,83.14626851611992,83.14626851611992
droplethic,BC680659,209834,209834,86.59511804569327,86.59511804569327
droplethic,BC131928,209216,209216,87.35660752523708,87.35660752523708
droplethic,BC534955,198374,198374,86.20484539304546,86.20484539304546
droplethic,BC587710,204742,204742,86.01459397680983,86.01459397680983
droplethic,BC467860,180278,180278,82.78769456062304,82.78769456062304
droplethic,BC381829,362842,362842,82.43422757012694,82.43422757012694
droplethic,BC584538,290600,290600,84.51273227804542,84.51273227804542
droplethic,BC342780,310630,310630,85.10575282490423,85.10575282490423
droplethic,BC671557,87832,87832,87.12086710993715,87.12086710993715
droplethic,BC84170,351252,351252,84.48407411203353,84.48407411203353
droplethic,BC608718,204360,204360,82.6531610882756,82.6531610882756
droplethic,BC594356,317658,317658,85.11669783225985,85.11669783225985
droplethic,BC272797,323440,323440,83.15669057630473,83.15669057630473
droplethic,BC606447,267036,267036,84.87320061714526,84.87320061714526
droplethic,BC257544,387084,387084,82.99697223341704,82.99697223341704
droplethic,BC177593,381616,381616,83.95455117185863,83.95455117185863
droplethic,BC447604,251482,251482,85.43116405945555,85.43116405945555
droplethic,BC553466,271786,271786,85.16185528320075,85.16185528320075
droplethic,BC626431,197810,197810,85.0128911581821,85.0128911581821
droplethic,BC64804,192720,192720,83.40805313408053,83.40805313408053
droplethic,BC727510,295082,295082,84.41382395401956,84.41382395401956
droplethic,BC556979,233564,233564,85.77263619393399,85.77263619393399
droplethic,BC565277,209950,209950,84.49535603715171,84.49535603715171
droplethic,BC248725,135012,135012,84.88726927976772,84.88726927976772
droplethic,BC311567,188202,188202,84.53470207542959,84.53470207542959
droplethic,BC106636,272340,272340,86.2267753543365,86.2267753543365
droplethic,BC479969,313496,313496,84.61160588970831,84.61160588970831
droplethic,BC677564,246418,246418,85.04735855335244,85.04735855335244
droplethic,BC20871,243690,243690,85.52669375025647,85.52669375025647
droplethic,BC167313,402686,402686,84.06252017701136,84.06252017701136
droplethic,BC261436,283874,283874,84.74886745527945,84.74886745527945
droplethic,BC173824,182464,182464,85.67936688881095,85.67936688881095
droplethic,BC333398,333384,333384,82.55225205768723,82.55225205768723
droplethic,BC581746,234298,234298,85.51075980162015,85.51075980162015
droplethic,BC326537,289530,289530,83.23420716333368,83.23420716333368
droplethic,BC161545,395312,395312,83.62053264257094,83.62053264257094
droplethic,BC252087,218944,218944,84.06989915229465,84.06989915229465
droplethic,BC266561,265422,265422,83.055662303803,83.055662303803
droplethic,BC311104,256226,256226,84.52069657255704,84.52069657255704
droplethic,BC451291,286762,286762,84.10458847406561,84.10458847406561
droplethic,BC703486,335800,335800,81.91661703394878,81.91661703394878
droplethic,BC310824,335136,335136,85.10395779623795,85.10395779623795
droplethic,BC7972,162386,162386,78.83807717414062,78.83807717414062
droplethic,BC169280,246438,246438,84.62250139994644,84.62250139994644
droplethic,BC253376,202988,202988,84.18428675586735,84.18428675586735
droplethic,BC290739,355408,355408,86.74931346508801,86.74931346508801
droplethic,BC23191,262340,262340,83.00830982694214,83.00830982694214
droplethic,BC561826,287346,287346,83.3858832209253,83.3858832209253
droplethic,BC266103,259772,259772,80.67228184715827,80.67228184715827
droplethic,BC403533,247766,247766,83.89448108295731,83.89448108295731
droplethic,BC580696,96182,96182,82.86581688881496,82.86581688881496
droplethic,BC334837,212282,212282,86.59801584684523,86.59801584684523
droplethic,BC513647,424084,424084,84.2229369653182,84.2229369653182
droplethic,BC678489,292316,292316,83.97761326783343,83.97761326783343
droplethic,BC633984,228824,228824,83.50610075866167,83.50610075866167
droplethic,BC365271,260930,260930,85.52485340896025,85.52485340896025
droplethic,BC280973,165932,165932,85.4434346599812,85.4434346599812
droplethic,BC289641,334450,334450,85.64867693227687,85.64867693227687
droplethic,BC563144,263916,263916,83.52581882114006,83.52581882114006
droplethic,BC480923,284212,284212,85.54600087258807,85.54600087258807
droplethic,BC243611,244844,244844,85.52221006028329,85.52221006028329
droplethic,BC384752,308856,308856,83.77237288574611,83.77237288574611
droplethic,BC295369,341144,341144,83.95281757850057,83.95281757850057
droplethic,BC50993,178270,178270,82.44124081449486,82.44124081449486
droplethic,BC184767,230540,230540,83.76941094820856,83.76941094820856
droplethic,BC303106,292340,292340,79.38017377026749,79.38017377026749
droplethic,BC474572,388126,388126,84.53337318293543,84.53337318293543
droplethic,BC519720,143582,143582,82.21086208577677,82.21086208577677
droplethic,BC548292,175428,175428,84.7937615431972,84.7937615431972
droplethic,BC144296,194150,194150,84.97553438063353,84.97553438063353
droplethic,BC260796,421200,421200,83.52136752136752,83.52136752136752
droplethic,BC352083,294032,294032,81.30815693529956,81.30815693529956
droplethic,BC392729,294648,294648,85.56718525155439,85.56718525155439
droplethic,BC397997,246616,246616,85.74139552989263,85.74139552989263
droplethic,BC432736,143198,143198,87.05009846506236,87.05009846506236
droplethic,BC638209,347908,347908,81.71700564517056,81.71700564517056
droplethic,BC416496,360596,360596,83.56609612974076,83.56609612974076
droplethic,BC64295,286336,286336,86.20571636119803,86.20571636119803
droplethic,BC66022,306634,306634,83.92546162526008,83.92546162526008
droplethic,BC630833,323708,323708,83.62598391142635,83.62598391142635
droplethic,BC471300,353348,353348,84.23763541890715,84.23763541890715
droplethic,BC660555,298572,298572,83.75467223986175,83.75467223986175
droplethic,BC650204,242830,242830,84.6460486760285,84.6460486760285
droplethic,BC266693,255018,255018,85.72100792885207,85.72100792885207
droplethic,BC259461,210210,210210,84.36991579848723,84.36991579848723
droplethic,BC650101,207508,207508,80.30148235248761,80.30148235248761
droplethic,BC196722,164898,164898,81.66381641984742,81.66381641984742
droplethic,BC194470,203684,203684,84.90504899746666,84.90504899746666
droplethic,BC92324,108042,108042,81.54421428703652,81.54421428703652
droplethic,BC390777,199560,199560,85.14431749849669,85.14431749849669
droplethic,BC371701,269826,269826,84.85616656660218,84.85616656660218
droplethic,BC198973,212994,212994,85.07375794623323,85.07375794623323
droplethic,BC684432,250870,250870,84.61832821780204,84.61832821780204
droplethic,BC623687,226884,226884,84.44315156643924,84.44315156643924
droplethic,BC78551,442964,442964,84.45200964412457,84.45200964412457
droplethic,BC635750,229392,229392,86.24973843900398,86.24973843900398
droplethic,BC347224,355548,355548,83.82271873277307,83.82271873277307
droplethic,BC733462,307930,307930,83.96323839833728,83.96323839833728
droplethic,BC101032,265970,265970,85.917208707749,85.917208707749
droplethic,BC102113,222234,222234,84.43352502317377,84.43352502317377
droplethic,BC46313,463322,463322,83.46506317420715,83.46506317420715
droplethic,BC643174,215058,215058,83.6648718020255,83.6648718020255
droplethic,BC368896,341972,341972,83.42144970933293,83.42144970933293
droplethic,BC50508,281876,281876,86.22940583802807,86.22940583802807
droplethic,BC563371,260620,260620,82.41577776072442,82.41577776072442
droplethic,BC71553,258976,258976,85.58476461139256,85.58476461139256
droplethic,BC626776,204902,204902,84.03236669237,84.03236669237
droplethic,BC248105,239714,239714,86.06005489875434,86.06005489875434
droplethic,BC45825,463604,463604,85.4185900035375,85.4185900035375
droplethic,BC56468,322304,322304,84.3092235901509,84.3092235901509
droplethic,BC663089,234296,234296,86.20804452487452,86.20804452487452
droplethic,BC573568,216724,216724,81.26464996954653,81.26464996954653
droplethic,BC405669,471282,471282,85.12101035049079,85.12101035049079
droplethic,BC308781,316672,316672,83.11186337914309,83.11186337914309
droplethic,BC386412,166076,166076,85.43799224451456,85.43799224451456
droplethic,BC709379,160936,160936,85.09221056817617,85.09221056817617
droplethic,BC127327,183574,183574,84.34091973808927,84.34091973808927
droplethic,BC83400,209292,209292,82.09391663322057,82.09391663322057
droplethic,BC447793,322576,322576,82.47048757502108,82.47048757502108
droplethic,BC78387,362376,362376,83.87089652736384,83.87089652736384
droplethic,BC89188,194294,194294,85.42723913244876,85.42723913244876
droplethic,BC152300,159854,159854,84.93500319041125,84.93500319041125
droplethic,BC54334,287464,287464,85.51192497147468,85.51192497147468
droplethic,BC639805,305828,305828,84.4657781498097,84.4657781498097
droplethic,BC482471,363488,363488,83.84595915133374,83.84595915133374
droplethic,BC420500,509650,509650,83.61699205336996,83.61699205336996
droplethic,BC438960,162890,162890,84.58837252133341,84.58837252133341
droplethic,BC111219,337178,337178,84.86793325780448,84.86793325780448
droplethic,BC135594,468534,468534,83.97384181297409,83.97384181297409
droplethic,BC275253,301062,301062,82.07478858175392,82.07478858175392
droplethic,BC379244,332806,332806,83.18239454817521,83.18239454817521
droplethic,BC485350,181412,181412,83.30099442153771,83.30099442153771
droplethic,BC574460,245244,245244,84.33396943452236,84.33396943452236
droplethic,BC248835,181034,181034,87.29299468608107,87.29299468608107
droplethic,BC232987,229848,229848,82.93567923149212,82.93567923149212
droplethic,BC300335,425898,425898,84.15911791086128,84.15911791086128
droplethic,BC33020,120144,120144,87.05719802903182,87.05719802903182
droplethic,BC554389,270136,270136,83.509047294696,83.509047294696
droplethic,BC29055,412120,412120,83.7736581578181,83.7736581578181
droplethic,BC569533,208118,208118,83.2027984124391,83.2027984124391
droplethic,BC207629,376736,376736,84.15176675443811,84.15176675443811
droplethic,BC45915,294970,294970,85.0445808048276,85.0445808048276
droplethic,BC726513,290222,290222,83.83237659446907,83.83237659446907
droplethic,BC670230,160574,160574,84.6127019318196,84.6127019318196
droplethic,BC565951,375168,375168,85.03390481064483,85.03390481064483
droplethic,BC667575,251866,251866,84.24797312856836,84.24797312856836
droplethic,BC708088,350620,350620,84.06479949803206,84.06479949803206
droplethic,BC257695,108360,108360,81.58176448874123,81.58176448874123
droplethic,BC553999,278766,278766,80.96037536858871,80.96037536858871
droplethic,BC347271,387550,387550,82.71603664043349,82.71603664043349
droplethic,BC338848,236572,236572,85.55281267436553,85.55281267436553
droplethic,BC516538,113772,113772,81.93931723095314,81.93931723095314
droplethic,BC312283,104890,104890,84.29020879016112,84.29020879016112
droplethic,BC340731,302116,302116,85.13220087648453,85.13220087648453
droplethic,BC641661,169720,169720,84.03723780344096,84.03723780344096
droplethic,BC25041,209446,209446,83.0600727633853,83.0600727633853
droplethic,BC229100,139480,139480,79.46085460281044,79.46085460281044
droplethic,BC51955,239828,239828,85.3628433710826,85.3628433710826
droplethic,BC683040,176584,176584,84.40289040909708,84.40289040909708
droplethic,BC647339,292754,292754,83.48715986801206,83.48715986801206
droplethic,BC510549,77210,77210,87.57932910244787,87.57932910244787
droplethic,BC645751,340226,340226,83.87130907102926,83.87130907102926
droplethic,BC536091,389930,389930,83.89762265021928,83.89762265021928
droplethic,BC535148,405924,405924,84.84445364156838,84.84445364156838
droplethic,BC58668,208612,208612,87.49544609130827,87.49544609130827
droplethic,BC416498,314816,314816,83.55166192315511,83.55166192315511
droplethic,BC629243,298632,298632,85.66931876021324,85.66931876021324
droplethic,BC306927,365006,365006,86.46268828457615,86.46268828457615
droplethic,BC439068,390718,390718,84.66669055431282,84.66669055431282
droplethic,BC326551,291216,291216,85.04477775946377,85.04477775946377
droplethic,BC402454,422628,422628,84.14634146341463,84.14634146341463
droplethic,BC286665,350142,350142,82.83953367490903,82.83953367490903
droplethic,BC696772,192192,192192,83.94001831501832,83.94001831501832
droplethic,BC99460,330786,330786,85.09549980954453,85.09549980954453
droplethic,BC606239,188540,188540,83.5228598705845,83.5228598705845
droplethic,BC657068,312116,312116,85.02864319676019,85.02864319676019
droplethic,BC474985,335078,335078,84.1320528354592,84.1320528354592
droplethic,BC242628,203148,203148,85.9373461712643,85.9373461712643
droplethic,BC95252,410696,410696,83.41595730175118,83.41595730175118
droplethic,BC361436,263058,263058,84.91511377718982,84.91511377718982
droplethic,BC374896,206246,206246,84.1810265411208,84.1810265411208
droplethic,BC318106,220974,220974,84.97922832550435,84.97922832550435
droplethic,BC434398,190420,190420,83.08265938451844,83.08265938451844
droplethic,BC95540,276962,276962,82.54778633892015,82.54778633892015
droplethic,BC210292,328056,328056,82.599312312532,82.599312312532
droplethic,BC115604,274356,274356,85.87091224540379,85.87091224540379
droplethic,BC390218,267514,267514,83.49992897567978,83.49992897567978
droplethic,BC91871,378942,378942,82.10385758242687,82.10385758242687
droplethic,BC526945,339430,339430,85.2305335415255,85.2305335415255
droplethic,BC280567,256384,256384,83.81646280579132,83.81646280579132
droplethic,BC724842,237510,237510,84.95894909688013,84.95894909688013
droplethic,BC299315,214896,214896,86.03510535328716,86.03510535328716
droplethic,BC571127,307318,307318,84.23457135605464,84.23457135605464
droplethic,BC112543,178338,178338,84.2164877928428,84.2164877928428
droplethic,BC218391,221250,221250,83.03367231638418,83.03367231638418
droplethic,BC683575,233706,233706,81.03514672280558,81.03514672280558
droplethic,BC266658,217814,217814,84.8338490638802,84.8338490638802
droplethic,BC438727,199742,199742,85.20891950616296,85.20891950616296
droplethic,BC215276,330060,330060,83.97564079258316,83.97564079258316
droplethic,BC139617,228424,228424,84.8343431513326,84.8343431513326
droplethic,BC477989,246468,246468,85.1258581235698,85.1258581235698
droplethic,BC530910,355730,355730,84.40615073229696,84.40615073229696
droplethic,BC481823,368910,368910,83.99989157247025,83.99989157247025
droplethic,BC651267,200924,200924,84.528478429655,84.528478429655
droplethic,BC493738,268474,268474,84.77766934600743,84.77766934600743
droplethic,BC508502,223562,223562,86.26779148513612,86.26779148513612
droplethic,BC197782,288948,288948,84.43180087766657,84.43180087766657
droplethic,BC385410,319058,319058,85.20331726519943,85.20331726519943
droplethic,BC609455,273860,273860,84.15540787263565,84.15540787263565
droplethic,BC728228,358500,358500,83.32663877266388,83.32663877266388
droplethic,BC298878,303856,303856,86.02759201727135,86.02759201727135
droplethic,BC693049,267440,267440,84.7711636254861,84.7711636254861
droplethic,BC262503,245400,245400,85.31132844335778,85.31132844335778
droplethic,BC507427,275920,275920,83.66265584227313,83.66265584227313
droplethic,BC378583,283664,283664,82.95800665576175,82.95800665576175
droplethic,BC548217,411818,411818,83.49173664094333,83.49173664094333
droplethic,BC418722,322602,322602,83.4514355149689,83.4514355149689
droplethic,BC255840,276764,276764,86.05165411686491,86.05165411686491
droplethic,BC290740,208874,208874,84.66348133324396,84.66348133324396
droplethic,BC487066,140226,140226,81.87354698843296,81.87354698843296
droplethic,BC516127,380370,380370,84.95675263559166,84.95675263559166
droplethic,BC536271,238252,238252,80.29733223645552,80.29733223645552
droplethic,BC58336,241120,241120,85.35086264100863,85.35086264100863
droplethic,BC67418,363184,363184,83.93651702718181,83.93651702718181
droplethic,BC496554,397940,397940,82.28325878273107,82.28325878273107
droplethic,BC82410,180212,180212,82.75031629414245,82.75031629414245
droplethic,BC330787,385966,385966,83.27780167164984,83.27780167164984
droplethic,BC20227,287538,287538,85.87247598578274,85.87247598578274
droplethic,BC79978,406136,406136,86.14158803947446,86.14158803947446
droplethic,BC375162,147886,147886,84.99114182546015,84.99114182546015
droplethic,BC450710,237064,237064,83.79593696217056,83.79593696217056
droplethic,BC378318,262882,262882,84.55200432133049,84.55200432133049
droplethic,BC125118,254404,254404,82.38628323454034,82.38628323454034
droplethic,BC643867,369556,369556,84.33742112156209,84.33742112156209
droplethic,BC491611,187636,187636,82.79114882005585,82.79114882005585
droplethic,BC78706,300464,300464,84.2523563555035,84.2523563555035
droplethic,BC727760,185510,185510,84.5485418575818,84.5485418575818
droplethic,BC460447,261152,261152,86.21109545398848,86.21109545398848
droplethic,BC355569,322028,322028,83.86103071782578,83.86103071782578
droplethic,BC82663,277994,277994,85.28961056713455,85.28961056713455
droplethic,BC472743,361710,361710,84.78947222913384,84.78947222913384
droplethic,BC125203,316190,316190,85.2791043360005,85.2791043360005
droplethic,BC302579,317822,317822,83.76638495761779,83.76638495761779
droplethic,BC421805,308322,308322,83.66253462289424,83.66253462289424
droplethic,BC369216,177942,177942,85.33904305897427,85.33904305897427
droplethic,BC426213,167878,167878,84.40176795053551,84.40176795053551
droplethic,BC448050,297936,297936,81.6645185543204,81.6645185543204
droplethic,BC96088,201652,201652,83.77005931009859,83.77005931009859
droplethic,BC568548,171420,171420,83.77202193443006,83.77202193443006
droplethic,BC31221,374582,374582,82.5149099529609,82.5149099529609
droplethic,BC610958,250296,250296,83.08962188768498,83.08962188768498
droplethic,BC672508,264298,264298,84.72557491921997,84.72557491921997
droplethic,BC682108,295078,295078,83.97305119324382,83.97305119324382
droplethic,BC393306,253824,253824,86.96183182047403,86.96183182047403
droplethic,BC141683,300358,300358,86.55670899393391,86.55670899393391
droplethic,BC512583,237134,237134,83.60505030910792,83.60505030910792
droplethic,BC401670,360184,360184,82.04695377917953,82.04695377917953
droplethic,BC667840,201954,201954,83.97456846608634,83.97456846608634
droplethic,BC732250,319248,319248,84.61634841878414,84.61634841878414
droplethic,BC719524,329218,329218,85.30517772418276,85.30517772418276
droplethic,BC469404,270838,270838,84.29467061490632,84.29467061490632
droplethic,BC522180,293074,293074,83.66965339811789,83.66965339811789
droplethic,BC336552,248806,248806,83.14751251979453,83.14751251979453
droplethic,BC42382,306714,306714,83.34213632243718,83.34213632243718
droplethic,BC141838,353262,353262,84.38099767311513,84.38099767311513
droplethic,BC283966,146320,146320,83.76981957353745,83.76981957353745
droplethic,BC181333,88774,88774,88.52817266316714,88.52817266316714
droplethic,BC450632,372576,372576,83.1411577772052,83.1411577772052
droplethic,BC517169,270464,270464,85.43687884524373,85.43687884524373
droplethic,BC298802,424396,424396,83.62142904268654,83.62142904268654
droplethic,BC403896,301494,301494,84.46536249477602,84.46536249477602
droplethic,BC258800,286930,286930,85.04513295925835,85.04513295925835
droplethic,BC374835,328494,328494,83.39391282641388,83.39391282641388
droplethic,BC566684,263168,263168,84.6181906614786,84.6181906614786
droplethic,BC267989,223258,223258,83.00441641508927,83.00441641508927
droplethic,BC451546,348900,348900,84.50272284322155,84.50272284322155
droplethic,BC215128,244106,244106,81.8406757720007,81.8406757720007
droplethic,BC284882,146632,146632,83.27377380108025,83.27377380108025
droplethic,BC467692,99574,99574,86.55070600759234,86.55070600759234
droplethic,BC273275,244270,244270,85.46772014574037,85.46772014574037
droplethic,BC469964,170340,170340,82.49618410238347,82.49618410238347
droplethic,BC498721,261732,261732,83.53888710589457,83.53888710589457
droplethic,BC552499,219072,219072,85.39201723634238,85.39201723634238
droplethic,BC648419,377290,377290,83.18004717856292,83.18004717856292
droplethic,BC69790,245218,245218,84.42773369002275,84.42773369002275
droplethic,BC402574,365204,365204,83.7783813977941,83.7783813977941
droplethic,BC327061,187532,187532,82.2334321609112,82.2334321609112
droplethic,BC351306,309022,309022,83.89111454847875,83.89111454847875
droplethic,BC427711,297032,297032,84.52893964286676,84.52893964286676
droplethic,BC668003,236116,236116,82.58229006081757,82.58229006081757
droplethic,BC53689,158046,158046,88.90449615934601,88.90449615934601
droplethic,BC408808,272524,272524,84.96499390879336,84.96499390879336
droplethic,BC13098,250358,250358,83.87668858195065,83.87668858195065
droplethic,BC49443,122054,122054,82.99277369033379,82.99277369033379
droplethic,BC45411,176774,176774,84.05195334155475,84.05195334155475
droplethic,BC215761,323488,323488,85.48199624097339,85.48199624097339
droplethic,BC490994,217146,217146,85.59770845421974,85.59770845421974
droplethic,BC428284,333380,333380,82.69182314475974,82.69182314475974
droplethic,BC330970,209292,209292,83.51203103797565,83.51203103797565
droplethic,BC172973,184890,184890,84.62004435069501,84.62004435069501
droplethic,BC256187,370692,370692,84.29801560325014,84.29801560325014
droplethic,BC132075,393280,393280,84.32770545158665,84.32770545158665
droplethic,BC583182,333796,333796,84.15918704837685,84.15918704837685
droplethic,BC144633,212864,212864,83.81877630787733,83.81877630787733
droplethic,BC312993,224398,224398,86.21645469210955,86.21645469210955
droplethic,BC373801,335828,335828,85.09236871255524,85.09236871255524
droplethic,BC321090,312170,312170,84.0426690585258,84.0426690585258
droplethic,BC661985,273350,273350,85.81818181818181,85.81818181818181
droplethic,BC648953,236048,236048,83.17545583949027,83.17545583949027
droplethic,BC724213,380098,380098,83.43427221400796,83.43427221400796
droplethic,BC702773,268724,268724,86.13596106041886,86.13596106041886
droplethic,BC269459,294090,294090,85.09231867795573,85.09231867795573
droplethic,BC479991,263370,263370,83.81440558909519,83.81440558909519
droplethic,BC239595,257602,257602,85.45585826197002,85.45585826197002
droplethic,BC549690,384168,384168,84.92482455592345,84.92482455592345
droplethic,BC164496,278868,278868,85.25538964671458,85.25538964671458
droplethic,BC503923,449246,449246,83.23724640842656,83.23724640842656
droplethic,BC633586,220120,220120,83.61893512629474,83.61893512629474
droplethic,BC644876,305362,305362,83.37055691277894,83.37055691277894
droplethic,BC568401,259610,259610,84.16008628327106,84.16008628327106
droplethic,BC395958,329234,329234,82.81769197591986,82.81769197591986
droplethic,BC389507,261968,261968,84.00949734318695,84.00949734318695
droplethic,BC398415,266846,266846,82.75484736514694,82.75484736514694
droplethic,BC419703,347860,347860,84.01138389007072,84.01138389007072
droplethic,BC207440,283030,283030,84.00805568314313,84.00805568314313
droplethic,BC112432,240060,240060,83.91485461967841,83.91485461967841
droplethic,BC356284,238976,238976,81.39729512587039,81.39729512587039
droplethic,BC139230,320480,320480,82.34585621567649,82.34585621567649
droplethic,BC87054,178752,178752,80.72413175796635,80.72413175796635
droplethic,BC227992,315870,315870,86.25890397948523,86.25890397948523
droplethic,BC254924,158372,158372,79.87649331952618,79.87649331952618
droplethic,BC343900,266750,266750,86.86635426429241,86.86635426429241
droplethic,BC330090,193350,193350,86.72562710111197,86.72562710111197
droplethic,BC27785,335208,335208,81.84768859931744,81.84768859931744
droplethic,BC22262,310476,310476,83.73143173707469,83.73143173707469
droplethic,BC393155,257756,257756,81.55775229286613,81.55775229286613
droplethic,BC576747,327126,327126,84.25193961959611,84.25193961959611
droplethic,BC532281,291702,291702,81.58668778410843,81.58668778410843
droplethic,BC77365,242722,242722,83.65949522498991,83.65949522498991
droplethic,BC334762,149912,149912,84.54560008538343,84.54560008538343
droplethic,BC358030,270534,270534,86.61610000961062,86.61610000961062
droplethic,BC202582,406722,406722,84.12822517591869,84.12822517591869
droplethic,BC66408,378514,378514,84.13744273659627,84.13744273659627
droplethic,BC232856,172394,172394,86.98910634940891,86.98910634940891
droplethic,BC594255,278456,278456,84.635992760077,84.635992760077
droplethic,BC728331,200860,200860,84.94175047296625,84.94175047296625
droplethic,BC386857,207080,207080,85.11493142746764,85.11493142746764
droplethic,BC50506,435970,435970,86.1779480239466,86.1779480239466
droplethic,BC219162,255984,255984,85.47018563660228,85.47018563660228
droplethic,BC292722,396706,396706,83.6528814789794,83.6528814789794
droplethic,BC35155,321966,321966,84.30641744780505,84.30641744780505
droplethic,BC142476,188824,188824,84.4458331568021,84.4458331568021
droplethic,BC587956,240494,240494,80.37373073756518,80.37373073756518
droplethic,BC535745,307646,307646,82.93623190290138,82.93623190290138
droplethic,BC60311,429496,429496,84.60102073127572,84.60102073127572
droplethic,BC735662,489890,489890,84.3266855824777,84.3266855824777
droplethic,BC261340,205504,205504,83.65676580504515,83.65676580504515
droplethic,BC719754,203278,203278,82.76449000875648,82.76449000875648
droplethic,BC314924,251826,251826,85.93790950894666,85.93790950894666
droplethic,BC264446,225702,225702,84.87386022277163,84.87386022277163
droplethic,BC33053,116264,116264,85.1544760200922,85.1544760200922
droplethic,BC589445,218446,218446,83.53368795949571,83.53368795949571
droplethic,BC666285,280518,280518,83.61602464013005,83.61602464013005
droplethic,BC66898,243102,243102,82.89195481731947,82.89195481731947
droplethic,BC549382,347634,347634,85.64294631710362,85.64294631710362
droplethic,BC570101,138158,138158,83.31765080559938,83.31765080559938
droplethic,BC325405,347970,347970,85.60910423312355,85.60910423312355
droplethic,BC577795,424880,424880,84.54622481641876,84.54622481641876
droplethic,BC401785,225334,225334,83.14235756698945,83.14235756698945
droplethic,BC153025,439348,439348,84.03452388539381,84.03452388539381
droplethic,BC267780,407976,407976,84.53046257622998,84.53046257622998
droplethic,BC411792,214924,214924,81.95548193780127,81.95548193780127
droplethic,BC411706,195236,195236,80.06002991251613,80.06002991251613
droplethic,BC408570,280854,280854,82.59665164106617,82.59665164106617
droplethic,BC489165,345530,345530,82.54912742743032,82.54912742743032
droplethic,BC229296,330434,330434,84.18262043252207,84.18262043252207
droplethic,BC266065,232548,232548,79.99122761752412,79.99122761752412
droplethic,BC207804,198442,198442,83.21827032583828,83.21827032583828
droplethic,BC653462,296908,296908,83.34770366578199,83.34770366578199
droplethic,BC152142,244474,244474,85.22787699305448,85.22787699305448
droplethic,BC560387,339728,339728,84.89203127207648,84.89203127207648
droplethic,BC702300,274608,274608,84.52048010254617,84.52048010254617
droplethic,BC164921,251982,251982,81.93363017993349,81.93363017993349
droplethic,BC427657,225522,225522,84.65249510025629,84.65249510025629
droplethic,BC64045,331534,331534,84.12832469671285,84.12832469671285
droplethic,BC311566,254222,254222,84.32000377622708,84.32000377622708
droplethic,BC469833,259530,259530,82.51839864370207,82.51839864370207
droplethic,BC28724,324440,324440,85.24966095425965,85.24966095425965
droplethic,BC472746,240734,240734,84.7757275665257,84.7757275665257
droplethic,BC581908,212986,212986,83.42426262759055,83.42426262759055
droplethic,BC41679,225468,225468,85.56868380435361,85.56868380435361
droplethic,BC571841,284726,284726,83.85324838616775,83.85324838616775
droplethic,BC670914,177856,177856,83.53611910759265,83.53611910759265
droplethic,BC430259,320800,320800,83.78428927680798,83.78428927680798
droplethic,BC320533,152514,152514,82.2193372411713,82.2193372411713
droplethic,BC43848,399238,399238,83.12986238784885,83.12986238784885
droplethic,BC651103,239936,239936,83.14633902373967,83.14633902373967
droplethic,BC447838,319774,319774,85.4816213951103,85.4816213951103
droplethic,BC612603,227150,227150,83.77812018489985,83.77812018489985
droplethic,BC460795,494640,494640,83.59170305676857,83.59170305676857
droplethic,BC68447,162248,162248,86.22232631527045,86.22232631527045
droplethic,BC702733,333412,333412,84.37788681871078,84.37788681871078
droplethic,BC91798,391194,391194,85.5406780267591,85.5406780267591
droplethic,BC276871,281636,281636,85.89881975315656,85.89881975315656
droplethic,BC409369,262760,262760,83.19378900898158,83.19378900898158
droplethic,BC670538,326812,326812,84.58869319364038,84.58869319364038
droplethic,BC433403,281256,281256,85.26253662144096,85.26253662144096
droplethic,BC258194,481490,481490,84.11348106918108,84.11348106918108
droplethic,BC450300,390330,390330,83.74503625137704,83.74503625137704
droplethic,BC520325,222272,222272,83.61826950763029,83.61826950763029
droplethic,BC694944,308198,308198,84.4411709355674,84.4411709355674
droplethic,BC86138,245810,245810,85.14950571579675,85.14950571579675
droplethic,BC112831,455902,455902,84.46464371729012,84.46464371729012
droplethic,BC552443,363184,363184,83.73056081765716,83.73056081765716
droplethic,BC379281,398750,398750,83.68050156739812,83.68050156739812
droplethic,BC104851,275080,275080,83.77272066307984,83.77272066307984
droplethic,BC358918,233820,233820,84.31870669745959,84.31870669745959
droplethic,BC174459,291672,291672,85.9396856743191,85.9396856743191
droplethic,BC662894,154042,154042,83.93425169758896,83.93425169758896
droplethic,BC66378,317148,317148,83.70350751068902,83.70350751068902
droplethic,BC526380,259352,259352,85.80616305253092,85.80616305253092
droplethic,BC116424,159670,159670,79.24093442725622,79.24093442725622
droplethic,BC440678,173408,173408,85.85763055914376,85.85763055914376
droplethic,BC87975,306462,306462,83.44590846499729,83.44590846499729
droplethic,BC124937,336284,336284,84.57137419562036,84.57137419562036
droplethic,BC263741,222764,222764,85.5254888581638,85.5254888581638
droplethic,BC273731,250626,250626,84.90260387988477,84.90260387988477
droplethic,BC274924,349744,349744,83.1722631410403,83.1722631410403
droplethic,BC350270,280006,280006,85.30102926365863,85.30102926365863
droplethic,BC658809,343448,343448,83.51948475460622,83.51948475460622
droplethic,BC702817,202910,202910,82.35276723670593,82.35276723670593
droplethic,BC659783,243080,243080,81.38472930722396,81.38472930722396
droplethic,BC26663,234406,234406,85.66333626272365,85.66333626272365
droplethic,BC517763,249412,249412,85.57647587124917,85.57647587124917
droplethic,BC338830,200392,200392,86.72901113816918,86.72901113816918
droplethic,BC599159,336280,336280,83.19317235636969,83.19317235636969
droplethic,BC603939,137740,137740,86.60519819950632,86.60519819950632
droplethic,BC643452,223268,223268,85.88781195693069,85.88781195693069
droplethic,BC66940,344316,344316,85.0950870711788,85.0950870711788
droplethic,BC263897,150136,150136,82.47322427665583,82.47322427665583
droplethic,BC435146,177528,177528,84.8970303276103,84.8970303276103
droplethic,BC695399,412168,412168,83.18015954659265,83.18015954659265
droplethic,BC211179,390888,390888,83.67921245983504,83.67921245983504
droplethic,BC396611,399934,399934,84.54995074187241,84.54995074187241
droplethic,BC440608,322238,322238,83.22606272382525,83.22606272382525
droplethic,BC51916,272234,272234,84.39724648647855,84.39724648647855
droplethic,BC678409,223988,223988,84.72686036751969,84.72686036751969
droplethic,BC54213,506082,506082,84.22469086037441,84.22469086037441
droplethic,BC268903,218160,218160,75.98734873487349,75.98734873487349
droplethic,BC6458,313478,313478,82.37898672315123,82.37898672315123
droplethic,BC416964,273918,273918,85.23645762600486,85.23645762600486
droplethic,BC456651,380796,380796,83.77188836017186,83.77188836017186
droplethic,BC630570,199326,199326,85.34059781463532,85.34059781463532
droplethic,BC433356,254522,254522,87.04080590282962,87.04080590282962
droplethic,BC264110,456624,456624,84.0770524545359,84.0770524545359
droplethic,BC603573,289626,289626,83.7176220366956,83.7176220366956
droplethic,BC631682,156044,156044,81.58980800287098,81.58980800287098
droplethic,BC669620,285226,285226,82.8129272927433,82.8129272927433
droplethic,BC689954,341082,341082,86.56628024932421,86.56628024932421
droplethic,BC75669,269898,269898,83.4485620493668,83.4485620493668
droplethic,BC649207,348294,348294,86.13068269909904,86.13068269909904
droplethic,BC723220,221904,221904,83.42165981685774,83.42165981685774
droplethic,BC699174,381162,381162,85.52216642792304,85.52216642792304
droplethic,BC526047,338752,338752,84.81603060646137,84.81603060646137
droplethic,BC482161,276552,276552,84.94243397263445,84.94243397263445
droplethic,BC253230,398924,398924,84.58102295174018,84.58102295174018
droplethic,BC137917,278022,278022,82.22155081252562,82.22155081252562
droplethic,BC175686,227304,227304,86.11463062682574,86.11463062682574
droplethic,BC346057,275900,275900,84.82058716926423,84.82058716926423
droplethic,BC621329,374793,374793,84.61764227186741,84.61764227186741
droplethic,BC561127,219876,219876,85.61916716694864,85.61916716694864
droplethic,BC698158,161242,161242,85.5385073367981,85.5385073367981
droplethic,BC185010,306684,306684,80.90738349571546,80.90738349571546
droplethic,BC661281,194858,194858,83.7276375617116,83.7276375617116
droplethic,BC287260,199788,199788,80.05285602738903,80.05285602738903
droplethic,BC252055,392002,392002,84.11436676343489,84.11436676343489
droplethic,BC350271,355332,355332,83.38849301498317,83.38849301498317
droplethic,BC611804,222892,222892,80.86248048382176,80.86248048382176
droplethic,BC51275,159056,159056,85.1498843174731,85.1498843174731
droplethic,BC481764,290660,290660,83.54916397165073,83.54916397165073
droplethic,BC488279,162772,162772,76.76750301034576,76.76750301034576
droplethic,BC372679,212652,212652,84.36788744051314,84.36788744051314
droplethic,BC244241,213398,213398,85.82273498345813,85.82273498345813
droplethic,BC654152,331892,331892,84.5401516155858,84.5401516155858
droplethic,BC675372,364766,364766,82.45889145369908,82.45889145369908
droplethic,BC615488,294288,294288,85.2165225901158,85.2165225901158
droplethic,BC27515,216150,216150,82.26416840157299,82.26416840157299
droplethic,BC60722,179878,179878,82.82613771556277,82.82613771556277
droplethic,BC17190,429446,429446,84.02220535294309,84.02220535294309
droplethic,BC241525,226792,226792,82.71279410208473,82.71279410208473
droplethic,BC721337,295970,295970,84.68628577220665,84.68628577220665
droplethic,BC615173,259508,259508,85.33840960586957,85.33840960586957
droplethic,BC540163,219356,219356,85.05534382465034,85.05534382465034
droplethic,BC146555,222002,222002,83.14880046125711,83.14880046125711
droplethic,BC172030,245514,245514,84.89210391260784,84.89210391260784
droplethic,BC358756,217860,217860,84.98026255393371,84.98026255393371
droplethic,BC404151,234094,234094,86.62673968576726,86.62673968576726
droplethic,BC172931,224480,224480,82.09729151817534,82.09729151817534
droplethic,BC565539,159010,159010,84.87893843154518,84.87893843154518
droplethic,BC382886,232272,232272,84.03079148584418,84.03079148584418
droplethic,BC473144,340612,340612,86.39860016675865,86.39860016675865
droplethic,BC20664,333650,333650,84.22418702232879,84.22418702232879
droplethic,BC280046,297570,297570,85.23103807507478,85.23103807507478
droplethic,BC495256,287796,287796,84.34168647236237,84.34168647236237
droplethic,BC375520,166310,166310,82.81041428657326,82.81041428657326
droplethic,BC302225,201228,201228,84.81622835788261,84.81622835788261
droplethic,BC480085,274004,274004,85.76809097677406,85.76809097677406
droplethic,BC48512,476082,476082,83.6628984082574,83.6628984082574
droplethic,BC375567,238838,238838,84.27888359473785,84.27888359473785
droplethic,BC349634,329880,329880,82.36267733721353,82.36267733721353
droplethic,BC150987,322468,322468,82.27793145366363,82.27793145366363
droplethic,BC381635,250524,250524,81.2832303491881,81.2832303491881
droplethic,BC62554,348284,348284,85.96317947422219,85.96317947422219
droplethic,BC474065,251092,251092,84.79680754464499,84.79680754464499
droplethic,BC218969,415852,415852,84.92155863143618,84.92155863143618
droplethic,BC673723,125708,125708,81.26292678270278,81.26292678270278
droplethic,BC430724,264404,264404,85.15377982178786,85.15377982178786
droplethic,BC538938,249020,249020,86.40832061681793,86.40832061681793
droplethic,BC162629,254098,254098,81.25054112980031,81.25054112980031
droplethic,BC385767,217386,217386,82.5664946224688,82.5664946224688
droplethic,BC66284,305152,305152,83.21361157718121,83.21361157718121
droplethic,BC257178,273870,273870,82.98973965750173,82.98973965750173
droplethic,BC53318,272726,272726,84.92186296869386,84.92186296869386
droplethic,BC42321,331164,331164,86.23159522170285,86.23159522170285
droplethic,BC327998,276712,276712,85.95001300991645,85.95001300991645
droplethic,BC429737,297538,297538,79.52597651392428,79.52597651392428
droplethic,BC447697,264846,264846,83.82758282171527,83.82758282171527
droplethic,BC22188,281718,281718,84.24949772467502,84.24949772467502
droplethic,BC467869,286354,286354,84.1063858021889,84.1063858021889
droplethic,BC703024,227146,227146,83.08136616977627,83.08136616977627
droplethic,BC193692,385274,385274,82.446778137118,82.446778137118
droplethic,BC337621,458578,458578,84.52869522742041,84.52869522742041
droplethic,BC458933,285594,285594,82.98843813245377,82.98843813245377
droplethic,BC47302,210394,210394,83.64877325399013,83.64877325399013
droplethic,BC636234,208316,208316,85.04099541081818,85.04099541081818
droplethic,BC640807,188652,188652,83.98956809363273,83.98956809363273
droplethic,BC80400,279964,279964,85.22238573530882,85.22238573530882
droplethic,BC428476,253522,253522,85.58152744140548,85.58152744140548
droplethic,BC488862,240776,240776,84.30657540618667,84.30657540618667
droplethic,BC459132,247172,247172,86.09874904924506,86.09874904924506
droplethic,BC579801,392308,392308,84.80836485618443,84.80836485618443
droplethic,BC523350,323862,323862,84.91456237533271,84.91456237533271
droplethic,BC633719,243830,243830,86.06242053890006,86.06242053890006
droplethic,BC516822,225434,225434,83.97313626161093,83.97313626161093
droplethic,BC441158,291684,291684,83.92506959586402,83.92506959586402
droplethic,BC64407,339622,339622,83.90622515620308,83.90622515620308
droplethic,BC245792,350394,350394,83.5145578976809,83.5145578976809
droplethic,BC606806,262166,262166,81.03873118558471,81.03873118558471
droplethic,BC105410,235196,235196,85.58648956614908,85.58648956614908
droplethic,BC678969,232340,232340,84.48222432641818,84.48222432641818
droplethic,BC116606,308896,308896,83.84051590179219,83.84051590179219
droplethic,BC269785,240394,240394,83.37396108055941,83.37396108055941
droplethic,BC223025,301676,301676,83.4729975205187,83.4729975205187
droplethic,BC200240,450374,450374,84.09721697966579,84.09721697966579
droplethic,BC378147,190652,190652,85.1320730965319,85.1320730965319
droplethic,BC521243,269030,269030,83.53046128684534,83.53046128684534
droplethic,BC7278,286626,286626,83.34693991473209,83.34693991473209
droplethic,BC730942,255168,255168,84.4831640331076,84.4831640331076
droplethic,BC288033,453876,453876,83.62283971833716,83.62283971833716
droplethic,BC89024,269178,269178,86.06646902792947,86.06646902792947
droplethic,BC222035,387562,387562,85.79788524158715,85.79788524158715
droplethic,BC306672,240122,240122,85.42657482446423,85.42657482446423
droplethic,BC39605,445262,445262,84.4689194227219,84.4689194227219
droplethic,BC348750,273530,273530,83.58351917522758,83.58351917522758
droplethic,BC640023,135954,135954,83.7621548464922,83.7621548464922
droplethic,BC586386,203866,203866,85.00191302129831,85.00191302129831
droplethic,BC662048,187098,187098,84.01265646880245,84.01265646880245
droplethic,BC657148,410756,410756,84.64684630291462,84.64684630291462
droplethic,BC574932,151502,151502,83.72958772821481,83.72958772821481
droplethic,BC466505,557882,557882,83.70802427753539,83.70802427753539
droplethic,BC524446,321038,321038,83.9638921249198,83.9638921249198
droplethic,BC56829,243346,243346,85.13721203553787,85.13721203553787
droplethic,BC30536,193064,193064,82.00907471097668,82.00907471097668
droplethic,BC249242,408610,408610,84.91617924181983,84.91617924181983
droplethic,BC365194,278476,278476,83.97420244473491,83.97420244473491
droplethic,BC576520,369030,369030,84.71452185459177,84.71452185459177
droplethic,BC270665,355348,355348,83.6971081869041,83.6971081869041
droplethic,BC134196,311690,311690,84.80349064775899,84.80349064775899
droplethic,BC361164,484182,484182,84.78216868863362,84.78216868863362
droplethic,BC657717,556754,556754,83.86253174651641,83.86253174651641
droplethic,BC700996,116508,116508,85.53404058090432,85.53404058090432
droplethic,BC716786,205416,205416,83.30315067959653,83.30315067959653
droplethic,BC509950,194356,194356,86.58955730720945,86.58955730720945
droplethic,BC600792,345212,345212,84.2925506645192,84.2925506645192
droplethic,BC682145,303962,303962,84.43489646732158,84.43489646732158
droplethic,BC716032,172170,172170,82.00731834814428,82.00731834814428
droplethic,BC709604,358336,358336,84.76122968387212,84.76122968387212
droplethic,BC526528,209108,209108,86.44049964611588,86.44049964611588
droplethic,BC732095,258700,258700,85.61345187475841,85.61345187475841
droplethic,BC733877,263520,263520,86.06405585913782,86.06405585913782
droplethic,BC350332,166608,166608,84.45812926150005,84.45812926150005
droplethic,BC198224,390584,390584,83.66292526063536,83.66292526063536
droplethic,BC486419,229146,229146,84.76255313206427,84.76255313206427
droplethic,BC566608,127034,127034,82.49445030464285,82.49445030464285
droplethic,BC690318,268922,268922,86.46298926826366,86.46298926826366
droplethic,BC154714,189618,189618,81.37940490881667,81.37940490881667
droplethic,BC642649,176656,176656,79.9191649307128,79.9191649307128
droplethic,BC36611,133408,133408,79.13018709522667,79.13018709522667
droplethic,BC571276,422800,422800,84.19489120151371,84.19489120151371
droplethic,BC121886,142336,142336,83.25230440647482,83.25230440647482
droplethic,BC565025,177192,177192,84.14262494920764,84.14262494920764
droplethic,BC676955,224792,224792,85.12224634328624,85.12224634328624
droplethic,BC550794,269356,269356,83.74270482187143,83.74270482187143
droplethic,BC535794,263172,263172,82.23443223443223,82.23443223443223
droplethic,BC627919,375324,375324,82.91556095533458,82.91556095533458
droplethic,BC422838,265752,265752,86.30301935639243,86.30301935639243
droplethic,BC42194,111220,111220,82.84481208415752,82.84481208415752
droplethic,BC254754,234202,234202,85.58594717380723,85.58594717380723
droplethic,BC299745,196226,196226,84.32623607473016,84.32623607473016
droplethic,BC206482,276710,276710,84.56073145170033,84.56073145170033
droplethic,BC392969,260086,260086,84.38747183623879,84.38747183623879
droplethic,BC386227,227578,227578,83.41667472251272,83.41667472251272
droplethic,BC704783,439064,439064,84.7398101415739,84.7398101415739
droplethic,BC229753,230304,230304,85.31332499652633,85.31332499652633
droplethic,BC539755,198048,198048,85.00565519470028,85.00565519470028
droplethic,BC161304,279254,279254,84.24659986965271,84.24659986965271
droplethic,BC427882,201026,201026,82.73855123217892,82.73855123217892
droplethic,BC154842,391252,391252,80.41517998630039,80.41517998630039
droplethic,BC311097,458396,458396,84.35632073578303,84.35632073578303
droplethic,BC613057,223098,223098,82.2947762866543,82.2947762866543
droplethic,BC172282,211510,211510,81.91480308259656,81.91480308259656
droplethic,BC351685,292296,292296,84.71686235870487,84.71686235870487
droplethic,BC675834,221532,221532,83.65924561688605,83.65924561688605
droplethic,BC3791,336814,336814,84.52439625431246,84.52439625431246
droplethic,BC642722,232556,232556,82.89100259722389,82.89100259722389
droplethic,BC43283,790026,790026,84.12128208438709,84.12128208438709
droplethic,BC476692,283846,283846,86.32075139336119,86.32075139336119
droplethic,BC519617,372968,372968,84.35415370755668,84.35415370755668
droplethic,BC499983,265398,265398,83.87478428624179,83.87478428624179
droplethic,BC484651,368322,368322,84.99790943793745,84.99790943793745
droplethic,BC663509,249990,249990,85.70342813712548,85.70342813712548
droplethic,BC28753,82876,82876,87.66349727303441,87.66349727303441
droplethic,BC661671,208396,208396,83.28470795984568,83.28470795984568
droplethic,BC384289,193704,193704,84.35757650848717,84.35757650848717
droplethic,BC33945,188834,188834,83.3250368048127,83.3250368048127
droplethic,BC247407,211160,211160,83.12085622276946,83.12085622276946
droplethic,BC201936,308528,308528,85.52286988539127,85.52286988539127
droplethic,BC660251,218298,218298,86.34435496431483,86.34435496431483
droplethic,BC541570,325726,325726,82.9758754290416,82.9758754290416
droplethic,BC146167,262510,262510,84.19107843510723,84.19107843510723
droplethic,BC599650,175476,175476,81.88128291048349,81.88128291048349
droplethic,BC704768,238868,238868,84.22643468359094,84.22643468359094
droplethic,BC178546,303602,303602,85.02908412988057,85.02908412988057
droplethic,BC345712,312272,312272,83.38691909617256,83.38691909617256
droplethic,BC327163,407728,407728,82.55994192206569,82.55994192206569
droplethic,BC163750,355014,355014,84.15837121916319,84.15837121916319
droplethic,BC349684,236720,236720,85.57536329841163,85.57536329841163
droplethic,BC203907,207548,207548,84.21569950083835,84.21569950083835
droplethic,BC226040,226252,226252,86.29846365998975,86.29846365998975
droplethic,BC372967,394944,394944,84.58971398476746,84.58971398476746
droplethic,BC516373,276506,276506,86.39740186469733,86.39740186469733
droplethic,BC164328,306992,306992,85.51232605409913,85.51232605409913
droplethic,BC618518,240364,240364,83.5158343179511,83.5158343179511
droplethic,BC472374,248392,248392,83.40284711262842,83.40284711262842
droplethic,BC606471,414580,414580,84.2153504751797,84.2153504751797
droplethic,BC37037,239804,239804,82.85099497923304,82.85099497923304
droplethic,BC19255,236600,236600,83.59594251901945,83.59594251901945
droplethic,BC205440,304924,304924,85.1943435085464,85.1943435085464
droplethic,BC628238,190406,190406,79.43657237692089,79.43657237692089
droplethic,BC31550,270152,270152,83.08285705824869,83.08285705824869
droplethic,BC191623,373924,373924,84.67763502743873,84.67763502743873
droplethic,BC515843,96722,96722,83.90438576538946,83.90438576538946
droplethic,BC59280,238222,238222,85.20371754078128,85.20371754078128
droplethic,BC273229,246024,246024,82.95776021851526,82.95776021851526
droplethic,BC133103,242804,242804,86.36431030790267,86.36431030790267
droplethic,BC666489,383564,383564,84.31604634428675,84.31604634428675
droplethic,BC260296,308298,308298,86.14262823631681,86.14262823631681
droplethic,BC647447,334150,334150,81.11806075115966,81.11806075115966
droplethic,BC77177,410798,410798,84.27450961299714,84.27450961299714
droplethic,BC145917,169806,169806,81.54482173774778,81.54482173774778
droplethic,BC120599,366712,366712,83.82054582342546,83.82054582342546
droplethic,BC568341,267542,267542,84.62671281518416,84.62671281518416
droplethic,BC257675,190298,190298,85.22212529821648,85.22212529821648
droplethic,BC658352,209252,209252,83.87112190086594,83.87112190086594
droplethic,BC730868,239650,239650,84.45900271228875,84.45900271228875
droplethic,BC446826,351152,351152,82.60297534970611,82.60297534970611
droplethic,BC335059,292144,292144,81.98422695656936,81.98422695656936
droplethic,BC290043,337198,337198,81.67664102396812,81.67664102396812
droplethic,BC64364,271424,271424,85.23269865597736,85.23269865597736
droplethic,BC155735,244972,244972,85.1770814623712,85.1770814623712
droplethic,BC650939,200576,200576,84.94037172941927,84.94037172941927
droplethic,BC271065,289190,289190,84.32172620076766,84.32172620076766
droplethic,BC453131,222192,222192,82.67084323467992,82.67084323467992
droplethic,BC87263,177674,177674,84.27907290881052,84.27907290881052
droplethic,BC78656,245734,245734,85.20514051779567,85.20514051779567
droplethic,BC430824,288346,288346,84.36392389698487,84.36392389698487
droplethic,BC437222,301702,301702,83.43066999887306,83.43066999887306
droplethic,BC686490,119432,119432,85.16143077232232,85.16143077232232
droplethic,BC538188,387136,387136,85.02386758141841,85.02386758141841
droplethic,BC413062,282472,282472,82.63615508793792,82.63615508793792
droplethic,BC677395,174518,174518,83.43093549089492,83.43093549089492
droplethic,BC416019,241482,241482,82.88485270123653,82.88485270123653
droplethic,BC651171,266356,266356,85.37671387166048,85.37671387166048
droplethic,BC151965,327146,327146,84.47237624791377,84.47237624791377
droplethic,BC293790,349904,349904,84.7701083725822,84.7701083725822
droplethic,BC506570,146920,146920,81.52055540430166,81.52055540430166
droplethic,BC446215,336416,336416,82.78916579473034,82.78916579473034
droplethic,BC263072,279116,279116,83.57887043379813,83.57887043379813
droplethic,BC296900,111250,111250,85.70966292134831,85.70966292134831
droplethic,BC651572,383388,383388,84.1194820912496,84.1194820912496
droplethic,BC431160,359036,359036,82.78557024922291,82.78557024922291
droplethic,BC715495,352402,352402,83.55854961095567,83.55854961095567
droplethic,BC612895,297408,297408,84.3104422207876,84.3104422207876
droplethic,BC713694,270780,270780,81.63896890464584,81.63896890464584
droplethic,BC452089,327896,327896,83.55576158294093,83.55576158294093
droplethic,BC477129,529100,529100,83.97694197694197,83.97694197694197
droplethic,BC666731,396560,396560,83.6201331450474,83.6201331450474
droplethic,BC90194,367472,367472,84.6110724082379,84.6110724082379
droplethic,BC154312,208720,208720,83.89421234189345,83.89421234189345
droplethic,BC411580,297936,297936,85.98155308522635,85.98155308522635
droplethic,BC530917,191460,191460,83.9423378251332,83.9423378251332
droplethic,BC617131,186372,186372,85.92277809971455,85.92277809971455
droplethic,BC639435,389018,389018,84.72667074531256,84.72667074531256
droplethic,BC71392,122598,122598,81.50377657058027,81.50377657058027
droplethic,BC732597,247288,247288,84.6680793245123,84.6680793245123
droplethic,BC89970,263214,263214,85.63298304801417,85.63298304801417
droplethic,BC464613,231516,231516,84.56175815062458,84.56175815062458
droplethic,BC674934,369510,369510,84.70569132093854,84.70569132093854
droplethic,BC100166,132734,132734,82.50937966157879,82.50937966157879
droplethic,BC213040,229028,229028,85.34676982727002,85.34676982727002
droplethic,BC361753,439518,439518,84.38562243184579,84.38562243184579
droplethic,BC450272,344288,344288,82.94218793568176,82.94218793568176
droplethic,BC502207,442828,442828,84.70557417326818,84.70557417326818
droplethic,BC553214,240766,240766,82.87964247443576,82.87964247443576
droplethic,BC272832,464632,464632,84.36741335078084,84.36741335078084
droplethic,BC170717,362822,362822,83.07103758867984,83.07103758867984
droplethic,BC307811,223386,223386,83.72771794114225,83.72771794114225
droplethic,BC245802,352166,352166,84.45562603999251,84.45562603999251
droplethic,BC124015,331632,331632,81.94142905389106,81.94142905389106
droplethic,BC18949,407200,407200,86.28781925343812,86.28781925343812
droplethic,BC518192,238732,238732,83.05547643382538,83.05547643382538
droplethic,BC17908,222668,222668,83.21536996784451,83.21536996784451
droplethic,BC561251,253766,253766,79.13904936043441,79.13904936043441
droplethic,BC21251,151804,151804,80.19551526968986,80.19551526968986
droplethic,BC361554,159908,159908,83.14655927158115,83.14655927158115
droplethic,BC103211,348504,348504,83.39990358790718,83.39990358790718
droplethic,BC92252,251668,251668,84.45968498180142,84.45968498180142
droplethic,BC644796,357032,357032,85.95924174863877,85.95924174863877
droplethic,BC264622,251738,251738,84.31623354439934,84.31623354439934
droplethic,BC17724,189712,189712,81.40128194315594,81.40128194315594
droplethic,BC399109,378078,378078,83.76525478869439,83.76525478869439
droplethic,BC42975,232004,232004,83.25632316684195,83.25632316684195
droplethic,BC708510,443110,443110,83.658233847126,83.658233847126
droplethic,BC530315,223136,223136,83.88785314785602,83.88785314785602
droplethic,BC126291,230822,230822,84.17481869145922,84.17481869145922
droplethic,BC114253,340662,340662,84.1573172235236,84.1573172235236
droplethic,BC675444,240000,240000,84.13333333333334,84.13333333333334
droplethic,BC476594,201152,201152,84.06478682787146,84.06478682787146
droplethic,BC650201,359122,359122,84.57738595797528,84.57738595797528
droplethic,BC688501,291292,291292,83.93090095162243,83.93090095162243
droplethic,BC577358,348814,348814,83.32922417104818,83.32922417104818
droplethic,BC648172,200358,200358,84.14038870421945,84.14038870421945
droplethic,BC515940,366812,366812,84.58229283665747,84.58229283665747
droplethic,BC652808,277628,277628,86.19591683835924,86.19591683835924
droplethic,BC685556,224650,224650,84.32049855330514,84.32049855330514
droplethic,BC386565,205160,205160,84.97270423084422,84.97270423084422
droplethic,BC52903,344664,344664,83.27356497922615,83.27356497922615
droplethic,BC639001,293750,293750,85.62246808510638,85.62246808510638
droplethic,BC675056,342054,342054,84.26856578201102,84.26856578201102
droplethic,BC446382,179298,179298,84.47054624145278,84.47054624145278
droplethic,BC655608,266054,266054,85.4029633082006,85.4029633082006
droplethic,BC56653,187542,187542,83.42664576468205,83.42664576468205
droplethic,BC462630,294628,294628,85.86420842554,85.86420842554
droplethic,BC322684,296152,296152,83.63002782355007,83.63002782355007
droplethic,BC506606,385920,385920,83.7028399668325,83.7028399668325
droplethic,BC134536,276444,276444,86.23373992562689,86.23373992562689
droplethic,BC241172,161948,161948,84.90626620890656,84.90626620890656
droplethic,BC319959,132668,132668,87.31419784725782,87.31419784725782
droplethic,BC176271,242024,242024,84.93455194526163,84.93455194526163
droplethic,BC539599,152014,152014,81.6280079466365,81.6280079466365
droplethic,BC353165,190926,190926,84.80877408001005,84.80877408001005
droplethic,BC680042,351180,351180,82.62201719915713,82.62201719915713
droplethic,BC92623,243644,243644,84.84428100014776,84.84428100014776
droplethic,BC126720,229360,229360,86.37338681548657,86.37338681548657
droplethic,BC306443,165666,165666,81.49046877452223,81.49046877452223
droplethic,BC480649,210440,210440,85.32313248431858,85.32313248431858
droplethic,BC512825,309422,309422,85.58667450924627,85.58667450924627
droplethic,BC15725,274254,274254,85.90430768557614,85.90430768557614
droplethic,BC54448,234411,234411,84.45721403859034,84.45721403859034
droplethic,BC622147,271092,271092,84.82507783335546,84.82507783335546
droplethic,BC328023,263430,263430,86.54063698136127,86.54063698136127
droplethic,BC331958,400470,400470,84.15212125752241,84.15212125752241
droplethic,BC190278,317354,317354,84.03423306465335,84.03423306465335
droplethic,BC112552,418940,418940,84.9391320952881,84.9391320952881
droplethic,BC181940,281478,281478,82.381571561543,82.381571561543
droplethic,BC203581,356844,356844,81.1772090885653,81.1772090885653
droplethic,BC11251,230248,230248,81.40266147805845,81.40266147805845
droplethic,BC321456,335698,335698,82.03980959076313,82.03980959076313
droplethic,BC664526,356880,356880,85.65175969513562,85.65175969513562
droplethic,BC65920,262042,262042,86.01674540722479,86.01674540722479
droplethic,BC681761,253288,253288,85.42133855532043,85.42133855532043
droplethic,BC623775,256808,256808,84.31590916170836,84.31590916170836
droplethic,BC196849,224720,224720,84.88519045923816,84.88519045923816
droplethic,BC35811,223986,223986,84.8651254989151,84.8651254989151
droplethic,BC220708,275920,275920,82.02015076833865,82.02015076833865
droplethic,BC373608,260728,260728,86.2554079347059,86.2554079347059
droplethic,BC137597,362470,362470,85.03931359836676,85.03931359836676
droplethic,BC640875,362694,362694,83.27074613861824,83.27074613861824
droplethic,BC180666,336282,336282,84.48980320088498,84.48980320088498
droplethic,BC2669,280854,280854,85.62527149337379,85.62527149337379
droplethic,BC690941,412300,412300,82.52049478535048,82.52049478535048
droplethic,BC374769,422334,422334,82.93246577353469,82.93246577353469
droplethic,BC499977,236226,236226,83.69358157019126,83.69358157019126
droplethic,BC181791,236264,236264,85.88274134019571,85.88274134019571
droplethic,BC736660,326768,326768,84.66496107329971,84.66496107329971
droplethic,BC504080,288182,288182,83.97887446127794,83.97887446127794
droplethic,BC347054,250182,250182,84.41694446442989,84.41694446442989
droplethic,BC438956,466646,466646,85.17762929501164,85.17762929501164
droplethic,BC304794,280470,280470,84.87253538702892,84.87253538702892
droplethic,BC99368,354794,354794,82.20263025868532,82.20263025868532
droplethic,BC351317,282362,282362,80.5172084062303,80.5172084062303
droplethic,BC713419,186888,186888,81.06780531655323,81.06780531655323
droplethic,BC114218,242698,242698,82.86018014157513,82.86018014157513
droplethic,BC484154,201800,201800,85.61050545094153,85.61050545094153
droplethic,BC258036,242082,242082,86.53018398724399,86.53018398724399
droplethic,BC476591,251558,251558,81.55971982604409,81.55971982604409
droplethic,BC503453,187558,187558,83.17747043581186,83.17747043581186
droplethic,BC564285,218462,218462,86.79770394851279,86.79770394851279
droplethic,BC118445,374744,374744,84.81096428495187,84.81096428495187
droplethic,BC489596,263980,263980,84.18137737707401,84.18137737707401
droplethic,BC718807,213262,213262,84.38540386941884,84.38540386941884
droplethic,BC161406,262782,262782,84.21200843284548,84.21200843284548
droplethic,BC537202,349364,349364,84.41167378436243,84.41167378436243
droplethic,BC387388,354610,354610,82.86681142663771,82.86681142663771
droplethic,BC378279,319640,319640,83.98385683894381,83.98385683894381
droplethic,BC418881,327390,327390,85.45221295702373,85.45221295702373
droplethic,BC524268,278140,278140,85.60077658733012,85.60077658733012
droplethic,BC694644,368306,368306,86.11643578980522,86.11643578980522
droplethic,BC447409,383644,383644,83.49146604664742,83.49146604664742
droplethic,BC547168,389952,389952,87.54359510914163,87.54359510914163
droplethic,BC616755,196462,196462,81.55877472488318,81.55877472488318
droplethic,BC15676,209224,209224,84.71781439987764,84.71781439987764
droplethic,BC312037,232714,232714,85.53159672387567,85.53159672387567
droplethic,BC402295,283542,283542,85.22970141989546,85.22970141989546
droplethic,BC275749,290476,290476,85.35025268869029,85.35025268869029
droplethic,BC357965,278432,278432,84.20942995058039,84.20942995058039
droplethic,BC363610,232538,232538,84.55994289105436,84.55994289105436
droplethic,BC348137,229042,229042,83.81781507321801,83.81781507321801
droplethic,BC620136,222438,222438,83.40481392567817,83.40481392567817
droplethic,BC47133,257812,257812,84.7004794191116,84.7004794191116
droplethic,BC94452,280684,280684,83.93210870587565,83.93210870587565
droplethic,BC602184,199796,199796,84.9666659993193,84.9666659993193
droplethic,BC525583,400338,400338,84.17087561010946,84.17087561010946
droplethic,BC532716,283138,283138,84.83919502150894,84.83919502150894
droplethic,BC707262,254458,254458,83.67431953406849,83.67431953406849
droplethic,BC355520,220352,220352,84.66181382515248,84.66181382515248
droplethic,BC237521,218304,218304,85.36261360304896,85.36261360304896
droplethic,BC449405,213918,213918,81.16942005815312,81.16942005815312
droplethic,BC457292,373574,373574,85.00805730591529,85.00805730591529
droplethic,BC541073,249246,249246,79.66025533007551,79.66025533007551
droplethic,BC225683,440380,440380,83.98610291112222,83.98610291112222
droplethic,BC163123,325068,325068,82.88358128145495,82.88358128145495
droplethic,BC699686,362394,362394,83.93571637499517,83.93571637499517
droplethic,BC394111,98420,98420,86.71814671814671,86.71814671814671
droplethic,BC46466,328480,328480,86.29444715051144,86.29444715051144
droplethic,BC172490,390398,390398,85.58394254068925,85.58394254068925
droplethic,BC95989,286030,286030,85.43928958500857,85.43928958500857
droplethic,BC264910,333572,333572,86.17150120513712,86.17150120513712
droplethic,BC627681,180416,180416,85.46692089393402,85.46692089393402
droplethic,BC254763,299264,299264,83.23887938408896,83.23887938408896
droplethic,BC611913,167332,167332,85.35605861401287,85.35605861401287
droplethic,BC473937,158190,158190,84.6905619824262,84.6905619824262
droplethic,BC636524,168128,168128,83.91106775789875,83.91106775789875
droplethic,BC621454,423486,423486,86.38538227946142,86.38538227946142
droplethic,BC206889,336610,336610,83.0937880633374,83.0937880633374
droplethic,BC236893,324920,324920,84.24165948541179,84.24165948541179
droplethic,BC405605,163762,163762,84.4041963337038,84.4041963337038
droplethic,BC100661,280222,280222,85.68563496085247,85.68563496085247
droplethic,BC681606,418242,418242,83.86006187805147,83.86006187805147
droplethic,BC502685,375830,375830,84.29609131788308,84.29609131788308
droplethic,BC660660,200196,200196,84.08759415772543,84.08759415772543
droplethic,BC518437,156850,156850,82.5757092763787,82.5757092763787
droplethic,BC720932,430522,430522,83.96179521604006,83.96179521604006
droplethic,BC721552,331882,331882,84.86450003314431,84.86450003314431
droplethic,BC417026,240534,240534,83.60897004165732,83.60897004165732
droplethic,BC137748,256454,256454,84.70680901838146,84.70680901838146
droplethic,BC177527,337216,337216,82.78373505408996,82.78373505408996
droplethic,BC508071,369208,369208,84.08214339884293,84.08214339884293
droplethic,BC35388,286232,286232,82.43313116632662,82.43313116632662
droplethic,BC312048,324876,324876,84.98257796820941,84.98257796820941
droplethic,BC140092,214064,214064,85.2530084460722,85.2530084460722
droplethic,BC341431,298514,298514,83.30195568717045,83.30195568717045
droplethic,BC648146,343040,343040,84.51434235074628,84.51434235074628
droplethic,BC536631,224162,224162,84.63878801937884,84.63878801937884
droplethic,BC678926,186372,186372,83.75077801386475,83.75077801386475
droplethic,BC20262,261606,261606,83.49502687247234,83.49502687247234
droplethic,BC582479,200884,200884,77.27444694450529,77.27444694450529
droplethic,BC272346,188626,188626,85.27986597817905,85.27986597817905
droplethic,BC290896,307044,307044,86.18569325568974,86.18569325568974
droplethic,BC416683,270626,270626,84.90093339147015,84.90093339147015
droplethic,BC598295,144530,144530,83.34878571922785,83.34878571922785
droplethic,BC419987,393064,393064,82.87607107239533,82.87607107239533
droplethic,BC652672,223934,223934,84.83838988273331,84.83838988273331
droplethic,BC520596,334702,334702,83.79035679499974,83.79035679499974
droplethic,BC734055,398372,398372,84.80164268573093,84.80164268573093
droplethic,BC159009,334360,334360,83.50400765641824,83.50400765641824
droplethic,BC669484,425392,425392,85.4722232670102,85.4722232670102
droplethic,BC105370,83716,83716,87.42892637010846,87.42892637010846
droplethic,BC733736,220686,220686,85.12637865564649,85.12637865564649
droplethic,BC366091,197842,197842,83.87501137271155,83.87501137271155
droplethic,BC390089,413744,413744,85.36437990641556,85.36437990641556
droplethic,BC682917,284672,284672,82.60383880395683,82.60383880395683
droplethic,BC198303,281646,281646,83.52541843306847,83.52541843306847
droplethic,BC432310,270252,270252,84.91778044195787,84.91778044195787
droplethic,BC517467,286770,286770,86.25867419883531,86.25867419883531
droplethic,BC676999,307426,307426,84.57905317051909,84.57905317051909
droplethic,BC117423,196346,196346,79.535106393815,79.535106393815
droplethic,BC30266,435490,435490,84.72433350938024,84.72433350938024
droplethic,BC708425,240626,240626,85.83278614946016,85.83278614946016
droplethic,BC2997,295114,295114,84.7313241662544,84.7313241662544
droplethic,BC135504,350182,350182,85.44299821235815,85.44299821235815
droplethic,BC354471,437858,437858,85.05862631264017,85.05862631264017
droplethic,BC217259,285944,285944,85.40203676244299,85.40203676244299
droplethic,BC184918,305492,305492,84.9357757322614,84.9357757322614
droplethic,BC237665,387366,387366,83.61652803808285,83.61652803808285
droplethic,BC258046,341744,341744,84.13432276791984,84.13432276791984
droplethic,BC444547,209044,209044,85.54275654886052,85.54275654886052
droplethic,BC595945,343156,343156,85.57740502861672,85.57740502861672
droplethic,BC556223,242064,242064,86.73160816974024,86.73160816974024
droplethic,BC624894,306568,306568,85.11194906187208,85.11194906187208
droplethic,BC515799,276088,276088,86.34058705919851,86.34058705919851
droplethic,BC553038,142334,142334,84.30311801818259,84.30311801818259
droplethic,BC107361,239642,239642,78.46537752146952,78.46537752146952
droplethic,BC735750,249966,249966,83.43374698959059,83.43374698959059
droplethic,BC511550,244850,244850,83.00102103328568,83.00102103328568
droplethic,BC98084,455556,455556,83.99362537207281,83.99362537207281
droplethic,BC34985,282406,282406,84.25458382612267,84.25458382612267
droplethic,BC314750,253470,253470,85.59750660827711,85.59750660827711
droplethic,BC65042,465662,465662,84.06354823885135,84.06354823885135
droplethic,BC17276,259632,259632,84.89785542614162,84.89785542614162
droplethic,BC46824,233224,233224,85.50234967241794,85.50234967241794
droplethic,BC226210,351356,351356,84.843292842587,84.843292842587
droplethic,BC532653,276700,276700,83.29526563064691,83.29526563064691
droplethic,BC452152,322900,322900,81.7949829668628,81.7949829668628
droplethic,BC392759,181660,181660,83.47682483760872,83.47682483760872
droplethic,BC479372,267538,267538,85.97059109360166,85.97059109360166
droplethic,BC177804,180912,180912,82.74851861678606,82.74851861678606
droplethic,BC298039,253908,253908,82.28177135025285,82.28177135025285
droplethic,BC55981,210176,210176,85.71578105968331,85.71578105968331
droplethic,BC58533,376720,376720,83.5538330855808,83.5538330855808
droplethic,BC433458,252038,252038,84.17143446623129,84.17143446623129
droplethic,BC728304,319080,319080,84.78187288454306,84.78187288454306
droplethic,BC49553,190632,190632,85.77573544840321,85.77573544840321
droplethic,BC30300,308754,308754,82.41771766519624,82.41771766519624
droplethic,BC340856,424142,424142,83.02172385663292,83.02172385663292
droplethic,BC144782,202506,202506,85.25475788371702,85.25475788371702
droplethic,BC664475,272912,272912,82.68672685700885,82.68672685700885
droplethic,BC727356,317046,317046,84.56753909527325,84.56753909527325
droplethic,BC282849,285096,285096,85.34107809299324,85.34107809299324
droplethic,BC564141,226730,226730,83.29819609226834,83.29819609226834
droplethic,BC81230,207982,207982,85.06120721985556,85.06120721985556
droplethic,BC319694,249296,249296,84.67203645465631,84.67203645465631
droplethic,BC677530,200202,200202,84.2309267639684,84.2309267639684
droplethic,BC358290,371560,371560,84.35192162773173,84.35192162773173
droplethic,BC603141,590526,590526,83.03139912552538,83.03139912552538
droplethic,BC227882,398878,398878,85.13029046475363,85.13029046475363
droplethic,BC81303,300946,300946,83.22423291886253,83.22423291886253
droplethic,BC103818,304124,304124,83.0634872617748,83.0634872617748
droplethic,BC151069,142702,142702,80.02971226752253,80.02971226752253
droplethic,BC626927,198112,198112,83.87780649329672,83.87780649329672
droplethic,BC339814,178322,178322,84.22404414486154,84.22404414486154
droplethic,BC47391,337544,337544,84.67222051051122,84.67222051051122
droplethic,BC21747,282484,282484,83.65925149742995,83.65925149742995
droplethic,BC288202,217888,217888,87.3815905419298,87.3815905419298
droplethic,BC443268,346612,346612,85.225554799026,85.225554799026
droplethic,BC414119,173258,173258,83.03685832688822,83.03685832688822
droplethic,BC667832,206112,206112,80.25927650985872,80.25927650985872
droplethic,BC318728,183348,183348,84.66413596003228,84.66413596003228
droplethic,BC52696,314004,314004,83.34097654806945,83.34097654806945
droplethic,BC411181,173676,173676,83.86996476197056,83.86996476197056
droplethic,BC131096,238312,238312,83.40159119137937,83.40159119137937
droplethic,BC432314,423376,423376,84.31370696496731,84.31370696496731
droplethic,BC554627,158680,158680,74.58658936223847,74.58658936223847
droplethic,BC604353,183928,183928,84.98977860902092,84.98977860902092
droplethic,BC15581,301480,301480,84.58670558577684,84.58670558577684
droplethic,BC239842,159146,159146,85.82810752390887,85.82810752390887
droplethic,BC245317,334360,334360,85.58739083622443,85.58739083622443
droplethic,BC707464,251188,251188,84.52712709205854,84.52712709205854
droplethic,BC542309,245988,245988,84.23662942907784,84.23662942907784
droplethic,BC642003,125058,125058,84.30008476067106,84.30008476067106
droplethic,BC259175,422242,422242,85.10853965261627,85.10853965261627
droplethic,BC313862,274858,274858,83.25317072815781,83.25317072815781
droplethic,BC34561,184564,184564,86.80782817884311,86.80782817884311
droplethic,BC261332,181104,181104,86.79543245869776,86.79543245869776
droplethic,BC143732,198890,198890,87.15169188998944,87.15169188998944
droplethic,BC325559,314646,314646,83.8536005542737,83.8536005542737
droplethic,BC149163,182100,182100,85.06974190005492,85.06974190005492
droplethic,BC4586,274042,274042,83.33394151261486,83.33394151261486
droplethic,BC180103,158480,158480,84.72993437657749,84.72993437657749
droplethic,BC140540,153120,153120,83.90412748171369,83.90412748171369
droplethic,BC27882,366712,366712,83.84127053382491,83.84127053382491
droplethic,BC665862,322524,322524,83.9385596110677,83.9385596110677
droplethic,BC128768,281138,281138,84.74841536896471,84.74841536896471
droplethic,BC427135,299790,299790,84.93345341739217,84.93345341739217
droplethic,BC60775,263326,263326,82.99370362212619,82.99370362212619
droplethic,BC144372,327402,327402,83.38922792163763,83.38922792163763
droplethic,BC443710,242378,242378,83.97379300101494,83.97379300101494
droplethic,BC3672,190406,190406,83.43644633047278,83.43644633047278
droplethic,BC435287,377358,377358,84.04326925625003,84.04326925625003
droplethic,BC139338,131624,131624,83.65191758341943,83.65191758341943
droplethic,BC217065,255128,255128,85.86199868301402,85.86199868301402
droplethic,BC28600,239554,239554,83.28393598103142,83.28393598103142
droplethic,BC25083,231766,231766,84.52836050154035,84.52836050154035
droplethic,BC691109,298948,298948,84.25010369696402,84.25010369696402
droplethic,BC69459,343482,343482,84.56338323405593,84.56338323405593
droplethic,BC325809,277618,277618,83.74240863344596,83.74240863344596
droplethic,BC114589,320218,320218,82.63682866047505,82.63682866047505
droplethic,BC38238,211410,211410,81.69623007426328,81.69623007426328
droplethic,BC477068,274944,274944,79.51946578212291,79.51946578212291
droplethic,BC492369,296246,296246,83.76011828007805,83.76011828007805
droplethic,BC66044,189074,189074,84.54467562964766,84.54467562964766
droplethic,BC176189,199798,199798,85.95281234046386,85.95281234046386
droplethic,BC657423,216414,216414,83.92617852819134,83.92617852819134
droplethic,BC599160,427258,427258,84.45669829470718,84.45669829470718
droplethic,BC192458,274730,274730,83.49506788483238,83.49506788483238
droplethic,BC468249,178008,178008,83.33220978832412,83.33220978832412
droplethic,BC715087,347306,347306,84.1367554836369,84.1367554836369
droplethic,BC735440,274162,274162,86.35843041705269,86.35843041705269
droplethic,BC286812,230548,230548,82.76888110068185,82.76888110068185
droplethic,BC572339,268426,268426,81.39971537779499,81.39971537779499
droplethic,BC166168,269060,269060,84.19757674868059,84.19757674868059
droplethic,BC206432,241182,241182,84.7318622451095,84.7318622451095
droplethic,BC77920,167946,167946,87.0791802126874,87.0791802126874
droplethic,BC105109,342214,342214,84.01935630921002,84.01935630921002
droplethic,BC110387,221346,221346,86.07067667814191,86.07067667814191
droplethic,BC710360,102074,102074,84.57589591864726,84.57589591864726
droplethic,BC332464,300874,300874,83.66425812798713,83.66425812798713
droplethic,BC242183,159494,159494,85.13172909325742,85.13172909325742
droplethic,BC304160,238396,238396,84.5131629725331,84.5131629725331
droplethic,BC321221,229134,229134,83.57205827157908,83.57205827157908
droplethic,BC200042,238744,238744,81.86258083972791,81.86258083972791
droplethic,BC244026,238338,238338,86.61312925341322,86.61312925341322
droplethic,BC129647,440140,440140,84.4081428636343,84.4081428636343
droplethic,BC228366,234770,234770,84.41112578268093,84.41112578268093
droplethic,BC219966,273894,273894,84.16467684578706,84.16467684578706
droplethic,BC103604,352564,352564,86.40700695476566,86.40700695476566
droplethic,BC323608,244400,244400,85.56955810147299,85.56955810147299
droplethic,BC634240,379050,379050,83.14048278591216,83.14048278591216
droplethic,BC206508,282610,282610,84.67074767347228,84.67074767347228
droplethic,BC398692,291848,291848,84.35075792878484,84.35075792878484
droplethic,BC248683,246708,246708,84.00538288178737,84.00538288178737
droplethic,BC422231,274802,274802,85.84144220202182,85.84144220202182
droplethic,BC62147,300946,300946,86.70592066350774,86.70592066350774
droplethic,BC562497,173582,173582,82.87956124482953,82.87956124482953
droplethic,BC245671,195310,195310,84.6838359531002,84.6838359531002
droplethic,BC687138,237552,237552,84.30322624099145,84.30322624099145
droplethic,BC6251,313702,313702,84.89330638631567,84.89330638631567
droplethic,BC434025,208944,208944,85.82012405237766,85.82012405237766
droplethic,BC654200,267646,267646,84.6222248791314,84.6222248791314
droplethic,BC619814,209126,209126,82.2843644501401,82.2843644501401
droplethic,BC42129,307036,307036,83.93543428132206,83.93543428132206
droplethic,BC242466,308898,308898,85.18022130282488,85.18022130282488
droplethic,BC160806,277216,277216,82.31992381392128,82.31992381392128
droplethic,BC595936,261358,261358,80.50413608919567,80.50413608919567
droplethic,BC439788,197944,197944,83.71256516994706,83.71256516994706
droplethic,BC642726,394016,394016,84.44834727523755,84.44834727523755
droplethic,BC724776,273498,273498,84.41377999107854,84.41377999107854
droplethic,BC394353,171242,171242,88.22485137991848,88.22485137991848
droplethic,BC573374,248020,248020,82.69494395613258,82.69494395613258
droplethic,BC701025,262116,262116,83.57139587053061,83.57139587053061
droplethic,BC181682,347632,347632,84.05785428268975,84.05785428268975
droplethic,BC137683,362686,362686,84.23705353942529,84.23705353942529
droplethic,BC311821,255018,255018,84.37914186449584,84.37914186449584
droplethic,BC119558,242928,242928,86.37209378910623,86.37209378910623
droplethic,BC21948,302420,302420,84.47192645989021,84.47192645989021
droplethic,BC430542,425622,425622,84.73904074507426,84.73904074507426
droplethic,BC611607,254430,254430,84.76751955351178,84.76751955351178
droplethic,BC196164,361816,361816,82.22908881862604,82.22908881862604
droplethic,BC647446,363492,363492,83.09618918710729,83.09618918710729
droplethic,BC360273,395828,395828,83.84550865527451,83.84550865527451
droplethic,BC481257,313116,313116,84.24609409931143,84.24609409931143
droplethic,BC608378,288364,288364,84.35935137534506,84.35935137534506
droplethic,BC183141,223884,223884,81.82630290686248,81.82630290686248
droplethic,BC31958,397686,397686,84.34091217694362,84.34091217694362
droplethic,BC315873,203404,203404,85.02585986509607,85.02585986509607
droplethic,BC403422,315550,315550,84.22437014736175,84.22437014736175
droplethic,BC563683,247520,247520,85.80478345184227,85.80478345184227
droplethic,BC9621,276274,276274,83.17467441742617,83.17467441742617
droplethic,BC304821,262502,262502,83.57650608376318,83.57650608376318
droplethic,BC160145,287776,287776,84.28221950405872,84.28221950405872
droplethic,BC385207,256212,256212,84.86721933398904,84.86721933398904
droplethic,BC563677,257520,257520,84.67691829760795,84.67691829760795
droplethic,BC31874,203590,203590,83.35969350164547,83.35969350164547
droplethic,BC192792,313764,313764,83.9930648512895,83.9930648512895
droplethic,BC413407,301174,301174,82.89360967414186,82.89360967414186
droplethic,BC45439,101882,101882,86.65515007557762,86.65515007557762
droplethic,BC46379,126398,126398,83.26555799933543,83.26555799933543
droplethic,BC412899,201266,201266,83.32058072401698,83.32058072401698
droplethic,BC243431,221384,221384,85.74603404040039,85.74603404040039
droplethic,BC718825,152286,152286,85.16475578845068,85.16475578845068
droplethic,BC326751,332238,332238,83.3360422347835,83.3360422347835
droplethic,BC496303,236662,236662,82.19993070285894,82.19993070285894
droplethic,BC178267,242900,242900,85.98929600658707,85.98929600658707
droplethic,BC14864,229372,229372,83.92829116021136,83.92829116021136
droplethic,BC419171,224624,224624,82.9314766008975,82.9314766008975
droplethic,BC438669,211214,211214,84.06450329997065,84.06450329997065
droplethic,BC641791,241114,241114,83.23365710825584,83.23365710825584
droplethic,BC663491,226004,226004,84.13833383479938,84.13833383479938
droplethic,BC728154,141064,141064,84.83525208416039,84.83525208416039
droplethic,BC12709,211410,211410,85.26843574097725,85.26843574097725
droplethic,BC442394,415160,415160,84.40842084979285,84.40842084979285
droplethic,BC569771,330876,330876,84.87288289268487,84.87288289268487
droplethic,BC306674,262988,262988,85.63812797542093,85.63812797542093
droplethic,BC354811,274446,274446,84.39911676613978,84.39911676613978
droplethic,BC433602,319564,319564,86.01344331651876,86.01344331651876
droplethic,BC293792,245456,245456,84.29372270386546,84.29372270386546
droplethic,BC423821,149784,149784,85.7087539390055,85.7087539390055
droplethic,BC325512,222648,222648,79.84082497933959,79.84082497933959
droplethic,BC652922,118234,118234,84.58988108327554,84.58988108327554
droplethic,BC583891,146278,146278,84.85896717209697,84.85896717209697
droplethic,BC154692,251194,251194,86.01240475489064,86.01240475489064
droplethic,BC48832,332328,332328,83.9405647432657,83.9405647432657
droplethic,BC112744,256490,256490,84.30738040469414,84.30738040469414
droplethic,BC563362,380786,380786,83.47103097277736,83.47103097277736
droplethic,BC241356,361030,361030,83.7492729136083,83.7492729136083
droplethic,BC272277,351756,351756,83.39587668724911,83.39587668724911
droplethic,BC235089,147628,147628,85.84143929335899,85.84143929335899
droplethic,BC526663,261818,261818,85.53040661833793,85.53040661833793
droplethic,BC554672,227384,227384,82.64521690180487,82.64521690180487
droplethic,BC67310,238750,238750,83.88774869109947,83.88774869109947
droplethic,BC585265,483064,483064,83.60093072553533,83.60093072553533
droplethic,BC184515,418050,418050,83.8186819758402,83.8186819758402
droplethic,BC554064,289358,289358,83.06526862917217,83.06526862917217
droplethic,BC213512,289496,289496,85.44021333628099,85.44021333628099
droplethic,BC2066,259330,259330,84.92499903597732,84.92499903597732
droplethic,BC626269,238478,238478,86.66040473335066,86.66040473335066
droplethic,BC1331,257962,257962,85.75914281948504,85.75914281948504
droplethic,BC208273,269104,269104,86.19418514774956,86.19418514774956
droplethic,BC609023,224046,224046,87.65432098765432,87.65432098765432
droplethic,BC502955,305244,305244,83.75660127635597,83.75660127635597
droplethic,BC88159,259492,259492,83.99334083517026,83.99334083517026
droplethic,BC492902,233198,233198,82.61991955334094,82.61991955334094
droplethic,BC98654,306962,306962,83.52239039359921,83.52239039359921
droplethic,BC135889,248346,248346,83.85075660570334,83.85075660570334
droplethic,BC644295,273312,273312,82.9198864301604,82.9198864301604
droplethic,BC241605,316902,316902,85.30839186877962,85.30839186877962
droplethic,BC290508,204180,204180,83.1207757860711,83.1207757860711
droplethic,BC703922,314968,314968,84.75845165223134,84.75845165223134
droplethic,BC576908,447528,447528,83.78827693462756,83.78827693462756
droplethic,BC187058,324458,324458,83.59972631280473,83.59972631280473
droplethic,BC372844,304546,304546,83.69113368752176,83.69113368752176
droplethic,BC392055,384456,384456,83.33125247102399,83.33125247102399
droplethic,BC482695,197676,197676,85.56526841902912,85.56526841902912
droplethic,BC119290,242128,242128,85.33172536840019,85.33172536840019
droplethic,BC440814,251264,251264,81.23408048904737,81.23408048904737
droplethic,BC115892,262242,262242,84.59972086851076,84.59972086851076
droplethic,BC735495,274150,274150,84.36768192595295,84.36768192595295
droplethic,BC597120,274460,274460,85.37273190993223,85.37273190993223
droplethic,BC182728,358728,358728,83.6923797417542,83.6923797417542
droplethic,BC476914,249618,249618,72.68386093951558,72.68386093951558
droplethic,BC153940,247970,247970,83.70448038069121,83.70448038069121
droplethic,BC532549,294432,294432,85.84189218563199,85.84189218563199
droplethic,BC613579,215210,215210,83.72287533107198,83.72287533107198
droplethic,BC522690,327250,327250,84.91061879297173,84.91061879297173
droplethic,BC211937,359478,359478,85.06556729479968,85.06556729479968
droplethic,BC214913,359612,359612,84.05392478560226,84.05392478560226
droplethic,BC106999,405904,405904,83.16153573258701,83.16153573258701
droplethic,BC165034,224944,224944,82.55654740735471,82.55654740735471
droplethic,BC3251,213276,213276,86.05750295391887,86.05750295391887
droplethic,BC504665,325892,325892,77.65517410675929,77.65517410675929
droplethic,BC538708,260210,260210,84.49406248799048,84.49406248799048
droplethic,BC685781,284296,284296,85.09229816810648,85.09229816810648
droplethic,BC341460,252120,252120,85.47675709979374,85.47675709979374
droplethic,BC497847,225608,225608,85.70706712527925,85.70706712527925
droplethic,BC380604,329116,329116,82.11876663547199,82.11876663547199
droplethic,BC333916,538240,538240,83.07297859690844,83.07297859690844
droplethic,BC462784,345112,345112,83.24485963976912,83.24485963976912
droplethic,BC453514,184670,184670,84.75226078951644,84.75226078951644
droplethic,BC464371,185140,185140,83.21810521767311,83.21810521767311
droplethic,BC594019,477682,477682,83.19132812205609,83.19132812205609
droplethic,BC547035,246456,246456,83.81536663745253,83.81536663745253
droplethic,BC574102,196882,196882,82.44532257900671,82.44532257900671
droplethic,BC19572,173356,173356,84.17591545720944,84.17591545720944
