dataset,cell,cis_n,cis_gt1kb,trans_ratio,cis_per_million
nagano,SRR921526,38659.0,33647.0,0.06751411066621642,30518.211881486266
nagano,SRR921540,27058.0,14458.0,0.4599201596806387,8419.162241530612
nagano,SRR921539,34070.0,16199.0,0.22685910091451653,3228.1090801553096
nagano,SRR921534,28545.0,21276.0,0.08970597614643791,26455.644890539086
nagano,SRR921527,78534.0,51622.0,0.07981627727134254,6365.1048925440045
nagano,SRR921533,91330.0,46228.0,0.25829374264019167,2637.044844080474
nagano,SRR921528,91105.0,31300.0,0.36137027976194647,11309.776958912991
nagano,SRR921536,36548.0,11305.0,0.10126395514680568,11210.384356035063
nagano,SRR921537,62160.0,17838.0,0.13409299863483132,1228.287718169459
nagano,SRR921538,19158.0,11494.0,0.2751967312348668,5304.70191165876
nagano,SRR921530,81854.0,26308.0,0.5061420021237572,10565.139377272018
nagano,SRR921532,25174.0,20942.0,0.17318619239990804,15605.974117720702
nagano,SRR921535,24830.0,16723.0,0.11822152775311623,6467.036598330242
nagano,SRR921531,83643.0,20143.0,0.13484691766652876,10402.749552629608
nagano,SRR921529,74606.0,24198.0,0.5125957090966107,19030.09283835274
scnomehic,scNH_GM_4plex_2_S2.TGACCA,1846454.0,50918.0,0.018881619393099534,9856.525016463676
scnomehic,scNH_GM_4plex_46_S45.ATCACG,1533260.0,40396.0,0.01841645502926646,11920.82021003378
scnomehic,scNH_GM_4plex_46_S45.GCCAAT,855883.0,24838.0,0.018148383107549244,12975.54716918049
scnomehic,scNH_GM_4plex_48_S47.CGATGT,943320.0,22939.0,0.02045037766844511,10005.570039208365
scnomehic,scNH_GM_4plex_34_S33.CGATGT,1138258.0,26938.0,0.01877693872625082,9772.190214169785
scnomehic,scNH_GM_4plex_21_S20.GCCAAT,1020435.0,21927.0,0.021001127287554266,7636.169120581612
scnomehic,scNH_GM_4plex_6_S5.CGATGT,1705722.0,48516.0,0.02235425201923055,12608.314533216111
scnomehic,scNH_GM_4plex_30_S29.ATCACG,870782.0,21139.0,0.019123433274120565,10251.180347838905
scnomehic,scNH_GM_4plex_10_S9.GCCAAT,1335607.0,26088.0,0.023428525886393367,6519.797938246358
scnomehic,scNH_GM_4plex_26_S25.TGACCA,880593.0,18137.0,0.021861122280550142,8066.079859393956
scnomehic,scNH_GM_4plex_1_S1.GCCAAT,1145932.0,33323.0,0.019219642789895137,11250.377707891268
scnomehic,scNH_GM_4plex_42_S41.ATCACG,1835509.0,46590.0,0.018796463942617383,11097.3172074872
scnomehic,scNH_GM_4plex_5_S4.ATCACG,1260170.0,31966.0,0.02056763661432592,11520.333753071453
scnomehic,scNH_GM_4plex_20_S19.CGATGT,1234731.0,39469.0,0.01588163139407822,11161.12267846584
scnomehic,scNH_GM_4plex_48_S47.ATCACG,1370408.0,21587.0,0.016727164188528407,7007.433001383503
scnomehic,scNH_GM_4plex_13_S12.TGACCA,1412911.0,45245.0,0.017110177550439754,13787.401889128507
scnomehic,scNH_GM_4plex_32_S31.TGACCA,1033125.0,19742.0,0.021526650464931706,7128.897927701376
scnomehic,scNH_GM_4plex_14_S13.CGATGT,843130.0,21474.0,0.02023375965379958,6798.022071253554
scnomehic,scNH_GM_4plex_18_S17.GCCAAT,1819354.0,44200.0,0.016942686860718318,9508.760644917707
scnomehic,scNH_GM_4plex_7_S6.GCCAAT,1513173.0,42104.0,0.018487683850357567,9567.120951913083
scnomehic,scNH_GM_4plex_36_S35.TGACCA,2321485.0,52032.0,0.020823711277155287,8573.220779053872
scnomehic,scNH_GM_4plex_48_S47.GCCAAT,1021809.0,25601.0,0.017927612925796425,10495.981344121907
scnomehic,scNH_GM_4plex_47_S46.TGACCA,1151040.0,22139.0,0.025774190599682435,7588.062691059699
scnomehic,scNH_GM_4plex_28_S27.ATCACG,1482627.0,43673.0,0.01434839550328744,13307.42114287264
scnomehic,scNH_GM_4plex_13_S12.GCCAAT,1639991.0,45168.0,0.017711242656003583,12062.398234864786
scnomehic,scNH_GM_4plex_28_S27.GCCAAT,705348.0,13097.0,0.01996343001961885,8276.500980768842
scnomehic,scNH_GM_4plex_35_S34.TGACCA,2906503.0,77182.0,0.01620809453599189,10459.407897393672
scnomehic,scNH_GM_4plex_15_S14.TGACCA,2281302.0,70065.0,0.01876149770250258,13991.182150554425
scnomehic,scNH_GM_4plex_9_S8.ATCACG,1512189.0,56365.0,0.01711513849989698,14385.39904328738
scnomehic,scNH_GM_4plex_21_S20.TGACCA,1070372.0,22093.0,0.021613009669868018,7399.518041621242
scnomehic,scNH_GM_4plex_23_S22.CGATGT,938103.0,23476.0,0.02019963590521838,9318.032432913024
scnomehic,scNH_GM_4plex_37_S36.ATCACG,1806655.0,26672.0,0.03174883902899145,6876.865890028415
scnomehic,scNH_GM_4plex_11_S10.TGACCA,1693850.0,36371.0,0.020897085668109053,9257.211301682873
scnomehic,scNH_GM_4plex_1_S1.TGACCA,923740.0,24695.0,0.020241317573587436,10240.620367202646
scnomehic,scNH_GM_4plex_9_S8.CGATGT,1657382.0,42120.0,0.023767577116071845,9404.791888835896
scnomehic,scNH_GM_4plex_41_S40.TGACCA,871030.0,18697.0,0.020743557197961508,9165.047820304866
scnomehic,scNH_GM_4plex_46_S45.TGACCA,3334172.0,86355.0,0.02099898757607861,11525.14096960395
scnomehic,scNH_GM_4plex_6_S5.GCCAAT,1792206.0,45393.0,0.020747173634025562,11515.419342596473
scnomehic,scNH_GM_4plex_41_S40.ATCACG,852339.0,19288.0,0.02099430633677036,9928.133245348632
scnomehic,scNH_GM_4plex_39_S38.CGATGT,1121525.0,35471.0,0.018004742191494876,14170.981030117779
scnomehic,scNH_GM_4plex_10_S9.ATCACG,2363249.0,57536.0,0.02162709082922754,8308.424857751294
scnomehic,scNH_GM_4plex_42_S41.GCCAAT,1767387.0,52130.0,0.01634721184087571,12712.866747793598
scnomehic,scNH_GM_4plex_6_S5.ATCACG,712146.0,21681.0,0.018058774783072707,13750.61044059541
scnomehic,scNH_GM_4plex_12_S11.ATCACG,1483546.0,32565.0,0.01952949449340954,7260.445432173194
scnomehic,scNH_GM_4plex_4_S3.ATCACG,1318384.0,32777.0,0.020233930905737246,8378.420244606825
scnomehic,scNH_GM_4plex_30_S29.TGACCA,1309896.0,34372.0,0.019016122364613478,11072.43340336554
scnomehic,scNH_GM_4plex_37_S36.GCCAAT,1124165.0,24133.0,0.016408001273932164,10189.230988131212
scnomehic,scNH_GM_4plex_21_S20.ATCACG,1828009.0,55382.0,0.01754543426911491,10931.157707539916
scnomehic,scNH_GM_4plex_38_S37.ATCACG,3514449.0,90748.0,0.01860009488818525,10270.81249180156
scnomehic,scNH_GM_4plex_37_S36.TGACCA,800083.0,15872.0,0.02249016788211477,9162.644443559277
scnomehic,scNH_GM_4plex_29_S28.ATCACG,1629897.0,37035.0,0.017392053997417327,12112.219294780054
scnomehic,scNH_GM_4plex_23_S22.ATCACG,1529414.0,46082.0,0.0188768571501886,11519.659064888263
scnomehic,scNH_GM_4plex_19_S18.ATCACG,809411.0,4526.0,0.04229396703093867,2541.160511960186
scnomehic,scNH_GM_4plex_18_S17.CGATGT,1147900.0,31862.0,0.019574348874035075,10542.954548688285
scnomehic,scNH_GM_4plex_15_S14.CGATGT,455889.0,12898.0,0.021670132428587063,12548.059710785612
scnomehic,scNH_GM_4plex_26_S25.CGATGT,948847.0,34042.0,0.018566462245952355,13852.931529682353
scnomehic,scNH_GM_4plex_17_S16.GCCAAT,1234685.0,29053.0,0.020103712968724208,9289.243239855787
scnomehic,scNH_GM_4plex_7_S6.CGATGT,815520.0,22463.0,0.020943256919558444,9130.706945889699
scnomehic,scNH_GM_4plex_46_S45.CGATGT,534559.0,11926.0,0.024240698453377726,9774.272174878006
scnomehic,scNH_GM_4plex_17_S16.ATCACG,805232.0,29583.0,0.015248850129815177,14605.845102897076
scnomehic,scNH_GM_4plex_48_S47.TGACCA,1651492.0,36789.0,0.02168360093264838,9361.711873334809
scnomehic,scNH_GM_4plex_27_S26.GCCAAT,952506.0,20709.0,0.017150486984677964,10059.98391102095
scnomehic,scNH_GM_4plex_44_S43.CGATGT,635243.0,13616.0,0.02100263380548676,9389.826768178307
scnomehic,scNH_GM_4plex_26_S25.GCCAAT,1831307.0,57421.0,0.016544628017066614,12314.119966433778
scnomehic,scNH_GM_4plex_29_S28.CGATGT,486486.0,10290.0,0.023641990422786224,10813.480595634674
scnomehic,scNH_GM_4plex_14_S13.GCCAAT,2173088.0,46717.0,0.0220610140812111,5945.611470065385
scnomehic,scNH_GM_4plex_25_S24.ATCACG,939397.0,23032.0,0.020214272751356413,10513.419307954813
scnomehic,scNH_GM_4plex_2_S2.CGATGT,709144.0,24504.0,0.01651339503030992,12140.42343838948
scnomehic,scNH_GM_4plex_1_S1.ATCACG,2098145.0,56362.0,0.022175234780566214,10420.189009900863
scnomehic,scNH_GM_4plex_39_S38.TGACCA,1343040.0,31826.0,0.019518519816378737,10763.204760619643
scnomehic,scNH_GM_4plex_31_S30.ATCACG,811920.0,15389.0,0.021996408012228658,8283.070113020929
scnomehic,scNH_GM_4plex_27_S26.CGATGT,1047316.0,31972.0,0.01846730289282029,13865.861279803556
scnomehic,scNH_GM_4plex_20_S19.ATCACG,1621780.0,37306.0,0.021017181607838237,8491.321239660976
scnomehic,scNH_GM_4plex_5_S4.GCCAAT,793969.0,15663.0,0.023399955473171356,8796.374296593322
scnomehic,scNH_GM_4plex_10_S9.CGATGT,793219.0,16894.0,0.023550193881947436,6932.726210251933
scnomehic,scNH_GM_4plex_43_S42.CGATGT,1199856.0,35798.0,0.018038345294243297,12435.940904442172
scnomehic,scNH_GM_4plex_35_S34.ATCACG,1595966.0,44656.0,0.018081588329934076,11278.39393003385
scnomehic,scNH_GM_4plex_21_S20.CGATGT,644816.0,13883.0,0.02166455518551954,7484.968600117319
scnomehic,scNH_GM_4plex_18_S17.ATCACG,2288516.0,60691.0,0.019465729313592247,10466.540647155774
scnomehic,scNH_GM_4plex_16_S15.TGACCA,1035820.0,25301.0,0.020448383506250455,9280.20376027797
scnomehic,scNH_GM_4plex_17_S16.TGACCA,1937620.0,57031.0,0.02059033894321292,11449.143447241915
scnomehic,scNH_GM_4plex_38_S37.CGATGT,712985.0,18576.0,0.020265674361338568,10136.390547881294
scnomehic,scNH_GM_4plex_23_S22.GCCAAT,1704953.0,51729.0,0.017906845464390222,11544.652087049208
scnomehic,scNH_GM_4plex_38_S37.GCCAAT,2299058.0,56531.0,0.017709830515426565,9680.403360699867
scnomehic,scNH_GM_4plex_4_S3.GCCAAT,1741756.0,45312.0,0.019750130708912236,8750.803151540573
scnomehic,scNH_GM_4plex_22_S21.ATCACG,796303.0,20576.0,0.018827402742541428,10257.852172465125
scnomehic,scNH_GM_4plex_37_S36.CGATGT,886573.0,23170.0,0.019360098044854637,12106.208598804322
scnomehic,scNH_GM_4plex_19_S18.TGACCA,877229.0,16356.0,0.024452384685787747,8164.610039535161
scnomehic,scNH_GM_4plex_6_S5.TGACCA,1432696.0,37252.0,0.021922994738563184,11678.584976346256
scnomehic,scNH_GM_4plex_44_S43.TGACCA,750418.0,14350.0,0.023450167742875807,8365.971309673861
scnomehic,scNH_GM_4plex_41_S40.GCCAAT,776204.0,19502.0,0.01661309714601358,10864.872122427309
scnomehic,scNH_GM_4plex_40_S39.GCCAAT,1127056.0,31572.0,0.01573092975183155,10899.344354656076
scnomehic,scNH_GM_4plex_45_S44.GCCAAT,1862129.0,44862.0,0.017454020877919467,9553.023196883374
scnomehic,scNH_GM_4plex_29_S28.GCCAAT,963932.0,22022.0,0.01679521990048939,12046.95368853849
scnomehic,scNH_GM_4plex_34_S33.ATCACG,1129181.0,23302.0,0.020438242415251995,8712.194005777223
scnomehic,scNH_GM_4plex_42_S41.TGACCA,1020873.0,30104.0,0.019373858115234545,12585.747301740197
scnomehic,scNH_GM_4plex_27_S26.ATCACG,1012562.0,18194.0,0.01951837818419144,8512.035870881296
scnomehic,scNH_GM_4plex_5_S4.CGATGT,525932.0,11004.0,0.024664708325915375,9137.903115307483
scnomehic,scNH_GM_4plex_11_S10.CGATGT,980637.0,27130.0,0.01828507701456199,11832.884602551594
scnomehic,scNH_GM_4plex_34_S33.GCCAAT,1716018.0,37184.0,0.018470969981885375,9132.900103501617
scnomehic,scNH_GM_4plex_16_S15.ATCACG,1110912.0,24773.0,0.022341830803336092,8655.112308930176
scnomehic,scNH_GM_4plex_32_S31.CGATGT,1361597.0,36128.0,0.01930848707689759,9721.578281873568
scnomehic,scNH_GM_4plex_40_S39.CGATGT,1857138.0,52287.0,0.01785083442100342,10889.127782676442
scnomehic,scNH_GM_4plex_30_S29.CGATGT,1139144.0,36521.0,0.018707666120233172,13111.482967924778
scnomehic,scNH_GM_4plex_7_S6.TGACCA,1133605.0,31884.0,0.0225756776238416,9252.847911898865
scnomehic,scNH_GM_4plex_39_S38.GCCAAT,1714185.0,42761.0,0.017356067372060843,11318.176789175037
scnomehic,scNH_GM_4plex_20_S19.GCCAAT,2407963.0,55033.0,0.019034606041421983,8358.495036512315
scnomehic,scNH_GM_4plex_47_S46.ATCACG,1478163.0,31522.0,0.018928998336079986,8800.116582979666
scnomehic,scNH_GM_4plex_8_S7.ATCACG,1439631.0,32959.0,0.022938329570003035,9062.017036339075
scnomehic,scNH_GM_4plex_14_S13.TGACCA,2212183.0,50472.0,0.022048938599744747,6237.411666945549
scnomehic,scNH_GM_4plex_42_S41.CGATGT,2259024.0,52083.0,0.021286680238822575,9757.381545410519
scnomehic,scNH_GM_4plex_32_S31.ATCACG,1047146.0,25513.0,0.018809617510916213,9271.854345429907
scnomehic,scNH_GM_4plex_4_S3.TGACCA,1139611.0,27171.0,0.021972787831248165,7991.900740539858
scnomehic,scNH_GM_4plex_11_S10.GCCAAT,964400.0,17834.0,0.02216156640713323,8123.700351431806
scnomehic,scNH_GM_4plex_33_S32.GCCAAT,612112.0,11878.0,0.016938645390173434,9494.356381273785
scnomehic,scNH_GM_4plex_43_S42.ATCACG,1439585.0,30495.0,0.018974014397980684,9224.386258432245
scnomehic,scNH_GM_4plex_12_S11.GCCAAT,1460269.0,31966.0,0.02204218909684151,6821.472508501232
scnomehic,scNH_GM_4plex_34_S33.TGACCA,1021383.0,19892.0,0.021037407076558563,8094.56298637776
scnomehic,scNH_GM_4plex_1_S1.CGATGT,550112.0,14190.0,0.02422792233016597,9624.665188488114
scnomehic,scNH_GM_4plex_24_S23.ATCACG,1061882.0,30022.0,0.01873663550054613,7894.638577439878
scnomehic,scNH_GM_4plex_45_S44.TGACCA,2042975.0,42795.0,0.01972991621299231,8214.046201346722
scnomehic,scNH_GM_4plex_25_S24.CGATGT,835609.0,21468.0,0.021176379633284798,10773.052314640572
scnomehic,scNH_GM_4plex_16_S15.GCCAAT,2561702.0,79561.0,0.01518225860893113,11947.219062932943
scnomehic,scNH_GM_4plex_11_S10.ATCACG,1219255.0,27277.0,0.019331772957234435,10082.401649733292
scnomehic,scNH_GM_4plex_2_S2.GCCAAT,1451816.0,37917.0,0.01951559822869118,9394.464953792027
scnomehic,scNH_GM_4plex_2_S2.ATCACG,1307763.0,21464.0,0.018415549674322112,6298.578564819692
scnomehic,scNH_GM_4plex_15_S14.ATCACG,931858.0,21292.0,0.02878142480299081,10435.382671540301
scnomehic,scNH_GM_4plex_9_S8.GCCAAT,1333921.0,42499.0,0.020344118999252363,12104.294191966661
scnomehic,scNH_GM_4plex_8_S7.GCCAAT,1568016.0,42591.0,0.020211677108054302,10630.005862713666
scnomehic,scNH_GM_4plex_45_S44.CGATGT,1496467.0,44827.0,0.019175171377766476,11580.334485588714
scnomehic,scNH_GM_4plex_29_S28.TGACCA,1716297.0,37059.0,0.018034486428220788,11251.616742468865
scnomehic,scNH_GM_4plex_36_S35.ATCACG,1965870.0,46788.0,0.018906512476082393,9274.78911788208
scnomehic,scNH_GM_4plex_31_S30.GCCAAT,1866856.0,38429.0,0.020211854199217262,8936.407307999443
scnomehic,scNH_GM_4plex_14_S13.ATCACG,1339145.0,29652.0,0.02120159163601705,6243.5187066575845
scnomehic,scNH_GM_4plex_47_S46.CGATGT,878056.0,21704.0,0.0214192973168761,9797.420367746336
scnomehic,scNH_GM_4plex_7_S6.ATCACG,1413767.0,51293.0,0.015989671060873924,12445.718464663289
scnomehic,scNH_GM_4plex_35_S34.GCCAAT,1888965.0,43287.0,0.016707434068985838,9127.78391399678
scnomehic,scNH_GM_4plex_25_S24.GCCAAT,1423813.0,37721.0,0.015858237325437046,11296.36417650131
scnomehic,scNH_GM_4plex_40_S39.TGACCA,2591847.0,59126.0,0.02097252026445879,8921.235984843282
scnomehic,scNH_GM_4plex_10_S9.TGACCA,2032117.0,45932.0,0.020514980871739676,7535.1044623823045
scnomehic,scNH_GM_4plex_27_S26.TGACCA,1672780.0,38077.0,0.016642848618915743,10553.579990964448
scnomehic,scNH_GM_4plex_12_S11.TGACCA,2319595.0,76638.0,0.01853972138586078,10199.925894220389
scnomehic,scNH_GM_4plex_13_S12.ATCACG,1027557.0,27914.0,0.01913230240549828,12030.600150845814
scnomehic,scNH_GM_4plex_33_S32.CGATGT,694264.0,18987.0,0.01712858685973076,13167.558165904158
scnomehic,scNH_GM_4plex_16_S15.CGATGT,1259510.0,29644.0,0.022081602546682712,8823.593319381396
scnomehic,scNH_GM_4plex_13_S12.CGATGT,599439.0,13296.0,0.02566524009758968,9468.453443209932
scnomehic,scNH_GM_4plex_25_S24.TGACCA,1776814.0,43591.0,0.01896678714154307,10302.911409757642
scnomehic,scNH_GM_4plex_23_S22.TGACCA,2024216.0,64678.0,0.016938995043939205,12021.580035381861
scnomehic,scNH_GM_4plex_12_S11.CGATGT,1599634.0,45178.0,0.022122211340842707,8654.048206983041
scnomehic,scNH_GM_4plex_45_S44.ATCACG,1109301.0,24746.0,0.02061535283154299,8920.219440426192
scnomehic,scNH_GM_4plex_39_S38.ATCACG,866732.0,17479.0,0.022307751311888894,9275.995767186781
scnomehic,scNH_GM_4plex_35_S34.CGATGT,806639.0,17713.0,0.021456317039617822,8518.216084631047
scnomehic,scNH_GM_4plex_4_S3.CGATGT,736618.0,19534.0,0.02248131864923649,8713.615392061394
scnomehic,scNH_GM_4plex_44_S43.ATCACG,1756609.0,38468.0,0.019095870797841866,9751.82384050693
scnomehic,scNH_GM_4plex_22_S21.CGATGT,713409.0,21087.0,0.021076637453020092,11387.827709894724
scnomehic,scNH_GM_4plex_20_S19.TGACCA,1610733.0,51170.0,0.01869001730827928,11337.705192633528
scnomehic,scNH_GM_4plex_19_S18.GCCAAT,879139.0,20198.0,0.022398980520014856,10156.439744977723
scnomehic,scNH_GM_4plex_33_S32.ATCACG,1233831.0,26542.0,0.018896385561329363,10751.825728225345
scnomehic,scNH_GM_4plex_19_S18.CGATGT,1087795.0,27695.0,0.022424663985017274,11100.885585723528
scnomehic,scNH_GM_4plex_24_S23.GCCAAT,1851733.0,50901.0,0.019590890198995625,7631.709625300914
scnomehic,scNH_GM_4plex_24_S23.TGACCA,1756988.0,54107.0,0.020471013381784205,8370.025448701399
scnomehic,scNH_GM_4plex_36_S35.CGATGT,710949.0,14253.0,0.02158448625372093,7585.171529822608
scnomehic,scNH_GM_4plex_28_S27.TGACCA,1574489.0,42317.0,0.01526121246614839,11931.3391847656
scnomehic,scNH_GM_4plex_43_S42.GCCAAT,1445369.0,31565.0,0.01985357841814239,9362.96537111781
scnomehic,scNH_GM_4plex_8_S7.TGACCA,959709.0,20512.0,0.024789046686122605,8134.840372793971
scnomehic,scNH_GM_4plex_9_S8.TGACCA,1246013.0,32606.0,0.019516609419939174,10017.918327819372
scnomehic,scNH_GM_4plex_36_S35.GCCAAT,1255296.0,25238.0,0.02207333889049025,7821.581900838407
scnomehic,scNH_GM_4plex_43_S42.TGACCA,1453657.0,32040.0,0.02129291185585508,9284.208934109645
scnomehic,scNH_GM_4plex_40_S39.ATCACG,930718.0,5225.0,0.0390108415074858,2184.3006266539023
scnomehic,scNH_GM_4plex_38_S37.TGACCA,1071455.0,26106.0,0.01892909988572768,9436.478898593095
scnomehic,scNH_GM_4plex_47_S46.GCCAAT,2518809.0,66100.0,0.01838743783590823,10472.808485604959
scnomehic,scNH_GM_4plex_17_S16.CGATGT,1181242.0,38716.0,0.020534706680806994,12669.47003288774
scnomehic,scNH_GM_4plex_5_S4.TGACCA,732059.0,17040.0,0.02255943280971487,10382.46338567013
scnomehic,scNH_GM_4plex_31_S30.CGATGT,1036687.0,30725.0,0.020368686935502464,12607.093618697478
scnomehic,scNH_GM_4plex_24_S23.CGATGT,1660005.0,45652.0,0.021579990310134634,7331.950308097057
scnomehic,scNH_GM_4plex_15_S14.GCCAAT,2245294.0,60251.0,0.01932827760251264,12238.583622264063
scnomehic,scNH_GM_4plex_30_S29.GCCAAT,880764.0,17171.0,0.020292389269494008,8201.572107299166
scnomehic,scNH_GM_4plex_22_S21.GCCAAT,1202333.0,27358.0,0.021399531997151288,9034.010119095185
scnomehic,scNH_GM_4plex_33_S32.TGACCA,807477.0,16408.0,0.020898204464103832,9908.984455914742
scnomehic,scNH_GM_4plex_32_S31.GCCAAT,1677595.0,37869.0,0.01763242619045667,8580.317586626225
scnomehic,scNH_GM_4plex_18_S17.TGACCA,1748814.0,35417.0,0.024593021277734987,7894.154977483482
scnomehic,scNH_GM_4plex_41_S40.CGATGT,1757642.0,45402.0,0.018754647628788167,10929.548441765404
scnomehic,scNH_GM_4plex_44_S43.GCCAAT,1690072.0,33618.0,0.015013698885614159,9103.742532361235
scnomehic,scNH_GM_4plex_8_S7.CGATGT,1243028.0,40812.0,0.018950482187209707,12366.163519878217
scnomehic,scNH_GM_4plex_31_S30.TGACCA,1972733.0,47823.0,0.019188326910542144,10493.25518228309
scnomehic,scNH_GM_4plex_28_S27.CGATGT,583142.0,15531.0,0.019029226819905324,11490.273107611723
scnomehic,scNH_GM_4plex_26_S25.ATCACG,1402274.0,43501.0,0.01658711602144852,12371.01029870042
droplethic,BC100166,81140.0,3527.0,0.030133515018945508,42158.233824601666
droplethic,BC100575,255255.0,15868.0,0.02959625912408759,60325.425790754256
droplethic,BC10062,157812.0,5126.0,0.03179852142703764,31448.81744838799
droplethic,BC100661,180828.0,9069.0,0.029918725356079503,48652.128430031386
droplethic,BC100691,154669.0,8887.0,0.03227844933303301,55603.523788072176
droplethic,BC100762,50995.0,8291.0,0.06098661314379362,152669.08501666453
droplethic,BC10086,228300.0,8713.0,0.02186347219187414,37330.28281555935
droplethic,BC101032,175900.0,7328.0,0.02855249351079693,40470.5362566963
droplethic,BC101780,209679.0,6161.0,0.02520223152022315,28642.491864249183
droplethic,BC102028,200260.0,6520.0,0.02693352380674723,31680.78210716073
droplethic,BC102041,127202.0,3873.0,0.028814439286586856,29570.302956266794
droplethic,BC102113,136392.0,5566.0,0.029984069185252617,39585.22985889849
droplethic,BC102583,156851.0,6651.0,0.03242302923377769,41028.45651329061
droplethic,BC10262,260030.0,13756.0,0.024680244551967292,51595.96414238025
droplethic,BC102959,224663.0,9996.0,0.028219579820664656,43237.72530462353
droplethic,BC103155,220306.0,15585.0,0.03360998034811903,68364.85822571589
droplethic,BC103211,215330.0,8500.0,0.031515222387636786,38230.2540737709
droplethic,BC103286,260393.0,14760.0,0.025577409552891166,55233.73299205173
droplethic,BC10351,269382.0,11327.0,0.02429995907146557,41026.3282758221
droplethic,BC103554,167414.0,8897.0,0.029973288834037326,51550.81205421034
droplethic,BC103559,178765.0,5576.0,0.02484726161902684,30416.757582369624
droplethic,BC103604,231686.0,10396.0,0.03141304347826087,43461.53846153846
droplethic,BC103686,139339.0,5446.0,0.03258975373699083,37810.77947414829
droplethic,BC103818,190780.0,10243.0,0.030796273153087247,52036.658843133075
droplethic,BC103885,218550.0,8795.0,0.028718468348354755,39086.80425932839
droplethic,BC104040,212445.0,8968.0,0.02880065830076116,40997.50851448033
droplethic,BC104251,155718.0,7440.0,0.027285334132903565,46475.01967692365
droplethic,BC104328,304119.0,15806.0,0.02473134486308289,50687.7122543942
droplethic,BC104335,253376.0,16811.0,0.03142620137081083,64262.969376560126
droplethic,BC104851,177546.0,9887.0,0.023614166300043996,54371.975362956444
droplethic,BC105014,149079.0,6588.0,0.029332482550265652,42895.09323887905
droplethic,BC105093,150904.0,6896.0,0.030852621573714902,44288.02630564903
droplethic,BC105109,221790.0,10630.0,0.023747166406232804,46790.06096353193
droplethic,BC105131,225104.0,12389.0,0.025464746781190203,53635.285255383445
droplethic,BC10520,218193.0,11460.0,0.023758070361471657,51274.47953718742
droplethic,BC105370,51695.0,8588.0,0.06899470518315744,154666.28246226994
droplethic,BC105410,151566.0,7864.0,0.03228154409980718,50210.05988941528
droplethic,BC105606,129559.0,5577.0,0.03217396500978591,41661.06404912375
droplethic,BC105739,256254.0,14481.0,0.024437228036379835,55129.38139816426
droplethic,BC105847,123868.0,5990.0,0.030539250215230494,46881.1145026219
droplethic,BC105899,166474.0,9485.0,0.030357746117912934,55246.20528173526
droplethic,BC106021,120566.0,8515.0,0.03875561083339313,67888.09426997376
droplethic,BC106154,169553.0,8681.0,0.029994965559852628,49663.607862880155
droplethic,BC106201,151956.0,7060.0,0.028321130543210667,45144.99472455798
droplethic,BC106387,151773.0,7059.0,0.027040021539704213,45252.61072754198
droplethic,BC106395,169143.0,9145.0,0.03061025652781917,52411.68244652805
droplethic,BC106636,178135.0,7546.0,0.029057155004196963,41130.23666510417
droplethic,BC106809,164060.0,8117.0,0.027452561191764823,48117.56406684411
droplethic,BC106999,261540.0,11394.0,0.02224382219896071,42595.98489663165
droplethic,BC10705,110500.0,4492.0,0.02749419136802084,39533.90128846018
droplethic,BC107113,191102.0,10703.0,0.026693083023076963,54511.747299368966
droplethic,BC107328,276843.0,12370.0,0.022757598220904375,43665.50178262558
droplethic,BC107361,139499.0,5543.0,0.033431723067542475,38406.640614173666
droplethic,BC10756,186866.0,9692.0,0.02958512279098269,50331.5797946646
droplethic,BC107737,170469.0,11808.0,0.03379772376893081,66926.63462410447
droplethic,BC107753,161475.0,8044.0,0.029410703981534912,48350.644354683594
droplethic,BC108209,183766.0,1428.0,0.03708788329735281,7482.551193645071
droplethic,BC108634,130271.0,4411.0,0.032751221395583674,32751.22139558367
droplethic,BC108647,151582.0,7449.0,0.03108440666048771,47614.177506471926
droplethic,BC109120,216566.0,11314.0,0.028995709155147445,50727.91918684679
droplethic,BC109276,134130.0,6026.0,0.030922621197890326,43537.316667870815
droplethic,BC109493,226963.0,7842.0,0.023096557037649196,33753.85767596813
droplethic,BC109541,199497.0,8979.0,0.02754122653511872,43768.61470067805
droplethic,BC109796,155460.0,7532.0,0.028805967351987555,47054.11973436788
droplethic,BC1099,263212.0,14378.0,0.02809245993648918,53090.61369175098
droplethic,BC109934,170536.0,5380.0,0.04049332425604699,30270.12428755493
droplethic,BC110236,186211.0,9436.0,0.027679727641087764,49271.063954216974
droplethic,BC110335,166669.0,7033.0,0.033388236112883204,40788.51217333813
droplethic,BC110387,142672.0,6485.0,0.026694409387045058,44240.54302964151
droplethic,BC111179,216788.0,9886.0,0.024040193041849744,44505.87048908738
droplethic,BC11119,162381.0,8817.0,0.028351055236089252,52758.81258265069
droplethic,BC111219,204719.0,15419.0,0.03121864884817051,72966.5524617161
droplethic,BC111247,173747.0,8597.0,0.03011035999575753,47990.13067918567
droplethic,BC111599,170954.0,8545.0,0.026163933305610464,48676.422838328195
droplethic,BC111916,159720.0,7300.0,0.023400001222890057,44635.487046537084
droplethic,BC112063,107893.0,6973.0,0.024307973340809,63057.848997567395
droplethic,BC112233,270889.0,14651.0,0.022474261773907774,52869.36564700108
droplethic,BC112287,132446.0,6265.0,0.0288102658111824,45939.505041246564
droplethic,BC112432,150749.0,6846.0,0.025558651092738992,44252.53550351318
droplethic,BC11251,137562.0,6013.0,0.03237787078394823,42295.923750571514
droplethic,BC112543,112376.0,3616.0,0.02633106615257982,31330.416323701425
droplethic,BC112552,262199.0,17127.0,0.029801704328906616,63373.94959537914
droplethic,BC112571,271258.0,11661.0,0.02027651766881447,42116.93490132624
droplethic,BC112744,161117.0,6872.0,0.031015071508473966,41329.37200043302
droplethic,BC112817,140321.0,9194.0,0.031099602969100637,63483.514586569996
droplethic,BC112831,289669.0,14958.0,0.025293923670697813,50332.11524096021
droplethic,BC112998,210612.0,11055.0,0.02150612569166655,51361.03251703904
droplethic,BC113144,160172.0,8728.0,0.02894869261035363,52913.96630432805
droplethic,BC113833,240883.0,9702.0,0.023507998151466262,39329.98759536569
droplethic,BC11390,151063.0,6281.0,0.03278824975669723,40215.38697946013
droplethic,BC114218,149577.0,5008.0,0.02446389439632683,32662.00563497861
droplethic,BC114253,214084.0,13696.0,0.026625443302718925,62271.52859870874
droplethic,BC114407,261082.0,11956.0,0.021688462547307677,44800.83935998801
droplethic,BC114549,256719.0,14401.0,0.02590809229473301,54643.00485302432
droplethic,BC114589,196796.0,6644.0,0.034485465472832086,32596.59021219183
droplethic,BC114704,151720.0,8594.0,0.030927044876790027,54891.99167103128
droplethic,BC114903,303865.0,14954.0,0.02406554512811619,48028.314673141525
droplethic,BC115026,256429.0,15153.0,0.02696785258939955,57498.7857446421
droplethic,BC11505,127749.0,6558.0,0.029432545983604688,49824.118884997304
droplethic,BC115129,108869.0,8920.0,0.04673134511321647,78104.47787331663
droplethic,BC115604,176566.0,10868.0,0.030411193603655053,59680.18275271274
droplethic,BC115627,260019.0,14810.0,0.026605422160328834,55442.00115301394
droplethic,BC115670,147222.0,4383.0,0.03361493471967862,28770.603178354108
droplethic,BC115860,132074.0,5889.0,0.025701175880434943,43442.65923073518
droplethic,BC115868,206244.0,11630.0,0.029563302545088387,54722.45879347095
droplethic,BC115892,165203.0,8032.0,0.027256347449243958,47293.79622214894
droplethic,BC116046,200434.0,8940.0,0.025922398040511645,43446.98884180242
droplethic,BC116424,96020.0,3288.0,0.025197457919636148,33380.03289273314
droplethic,BC116427,167419.0,8998.0,0.02915678440332392,52178.350449703394
droplethic,BC116606,196595.0,11195.0,0.02664177922129362,55427.377510199236
droplethic,BC11679,250454.0,13919.0,0.026289188852948495,54114.052002985816
droplethic,BC11686,123044.0,4623.0,0.026103750138512925,36591.157334853015
droplethic,BC117174,133702.0,5661.0,0.02714069503463531,41191.28005122533
droplethic,BC117423,116214.0,6853.0,0.027465354488853184,57349.19997322086
droplethic,BC118445,234558.0,14857.0,0.02843154310709049,61539.54486335131
droplethic,BC118484,167665.0,7385.0,0.024585347691269466,42963.27323710957
droplethic,BC118569,195072.0,7647.0,0.03229935063968688,37934.74648159815
droplethic,BC118572,159858.0,7461.0,0.027142491997224894,45405.859370245504
droplethic,BC11858,223375.0,10288.0,0.024354556215085324,44935.37918593935
droplethic,BC118609,149600.0,5020.0,0.029592247116669478,32563.14785744866
droplethic,BC118762,219237.0,11260.0,0.026945337049727486,49976.03280842225
droplethic,BC119290,153941.0,6684.0,0.030738620980588455,42084.584726393536
droplethic,BC119363,281104.0,16960.0,0.02415790990165346,58876.0097617535
droplethic,BC11946,182942.0,8825.0,0.027736884901759663,46901.32386626347
droplethic,BC119558,156817.0,7846.0,0.030197897340754485,48521.954236239944
droplethic,BC120098,131680.0,6680.0,0.02968852471096243,49222.96973671606
droplethic,BC120119,170970.0,8442.0,0.029087068123480907,47940.84910160598
droplethic,BC120599,230688.0,11201.0,0.027039337998051447,47241.869430069295
droplethic,BC120855,174100.0,8879.0,0.030272648787144568,49455.53791739772
droplethic,BC120888,74311.0,2403.0,0.02851278565078701,31415.04993986299
droplethic,BC121506,129420.0,6602.0,0.031852660871646794,49387.33374227622
droplethic,BC121719,223135.0,8978.0,0.035129443610843254,38822.27286289399
droplethic,BC121852,217007.0,13704.0,0.0206646629299685,61845.06241369039
droplethic,BC121886,88875.0,3884.0,0.031102825745682888,42342.57805686377
droplethic,BC121936,255464.0,12563.0,0.02410103410206553,47991.962501862305
droplethic,BC122112,148444.0,5767.0,0.02887647358986772,37727.825825275744
droplethic,BC12224,141055.0,5440.0,0.035508177889612164,37197.089874733334
droplethic,BC122667,198032.0,7653.0,0.03399495612216526,37331.52521207214
droplethic,BC122731,200165.0,11431.0,0.02789581805554881,55514.81479682772
droplethic,BC123185,242314.0,12693.0,0.022604248178833324,51198.38010955235
droplethic,BC123195,170518.0,7858.0,0.02514349745020467,44924.420864872285
droplethic,BC123200,218067.0,12493.0,0.025990906086133123,55800.72000929044
droplethic,BC123762,179253.0,10160.0,0.026412696343609463,55182.60227248039
droplethic,BC124015,200134.0,12913.0,0.03258489425981873,62419.335347432025
droplethic,BC124028,96362.0,4186.0,0.07514972358722359,40175.829238329236
droplethic,BC12408,195455.0,9583.0,0.02699164165135879,47705.81002304893
droplethic,BC124143,111026.0,4876.0,0.034447372311652624,42404.79358536182
droplethic,BC124295,304011.0,17419.0,0.02467733708049008,55883.32483165064
droplethic,BC124419,182822.0,9620.0,0.02797686140235214,51147.35969035112
droplethic,BC12465,148894.0,6647.0,0.029955958616735726,43305.18854402836
droplethic,BC124937,214859.0,9702.0,0.025852258558856735,43987.831030871275
droplethic,BC125052,149374.0,6233.0,0.025698892469050445,40655.12608111458
droplethic,BC125118,151538.0,5264.0,0.042940058230230456,33245.545892621434
droplethic,BC125203,202038.0,10132.0,0.032788062445245514,48504.693925423795
droplethic,BC125851,194234.0,10983.0,0.02370444835385775,55204.82533299825
droplethic,BC125996,135739.0,5273.0,0.03158397899633292,37619.679522851475
droplethic,BC126291,145521.0,8573.0,0.03375717937651473,56923.74091165632
droplethic,BC12636,204240.0,10397.0,0.02638077168762573,49562.86289053934
droplethic,BC12661,159492.0,9414.0,0.033112261600203696,57070.45600591681
droplethic,BC126720,147305.0,7564.0,0.028965253561328685,49861.89757348433
droplethic,BC12709,134413.0,4673.0,0.02956507927339937,33738.123429693595
droplethic,BC127327,117675.0,5327.0,0.02769629917291183,44014.97186578202
droplethic,BC127404,195237.0,9417.0,0.02646302058401149,46957.276208712305
droplethic,BC127885,133483.0,4055.0,0.030138558900247765,29462.839040623116
droplethic,BC128221,108635.0,5304.0,0.025284200515015298,47589.566902640574
droplethic,BC128294,170543.0,9365.0,0.02934564226318875,53301.384754608735
droplethic,BC128768,177211.0,10123.0,0.02585823049226287,55646.86804276723
droplethic,BC128832,244178.0,13070.0,0.023280186241489934,52280.41824334595
droplethic,BC129222,161147.0,8834.0,0.0321327110998997,53058.01305729232
droplethic,BC129442,160251.0,6471.0,0.03283803683943703,39054.39007314777
droplethic,BC129647,279854.0,15632.0,0.02496690126123615,54463.10361647272
droplethic,BC129771,146052.0,7206.0,0.03303076648062447,47708.90023238723
droplethic,BC130484,95356.0,2875.0,0.037692625970067915,29013.73484978454
droplethic,BC130615,234990.0,11919.0,0.026388077511093434,49382.869501448055
droplethic,BC130849,138078.0,6505.0,0.03157525599663347,45623.50960864076
droplethic,BC13098,152023.0,9252.0,0.03073754813700237,58988.54913162122
droplethic,BC131096,146170.0,6439.0,0.02976356419344989,42740.31887636571
droplethic,BC131255,78820.0,3506.0,0.032075842420670006,43054.32753708615
droplethic,BC131287,154769.0,8593.0,0.028857738065358164,53919.23096230109
droplethic,BC131541,181456.0,8839.0,0.03105125726887772,47198.979019709404
droplethic,BC131777,141923.0,12001.0,0.036098018174656,81507.49127263342
droplethic,BC131928,136907.0,8775.0,0.028980162135708865,62237.13233990339
droplethic,BC132072,125565.0,5573.0,0.03137342631449025,42990.928165884965
droplethic,BC132075,247475.0,11890.0,0.02229781249135782,46973.95296283567
droplethic,BC132297,200752.0,11712.0,0.034590877395465146,56322.585298997335
droplethic,BC132332,144674.0,7154.0,0.030828800342988825,47924.649642273376
droplethic,BC132611,164595.0,8177.0,0.030648001460550415,48156.93849787101
droplethic,BC13291,95614.0,4851.0,0.03158043997893287,49133.00652270794
droplethic,BC1331,164423.0,9510.0,0.03026746483441951,56087.99504585532
droplethic,BC133103,155105.0,9031.0,0.03154404740348533,56388.41886398971
droplethic,BC133313,205563.0,8427.0,0.021408169094544415,40117.10939731506
droplethic,BC134024,173014.0,7370.0,0.02273510356475127,41629.24553347003
droplethic,BC134196,199792.0,10304.0,0.02410527189867482,50330.44004943169
droplethic,BC134221,242425.0,15275.0,0.027460183736510612,61278.934488707026
droplethic,BC134536,176097.0,7573.0,0.03667375999037204,41427.563306546464
droplethic,BC135002,137090.0,5464.0,0.030803056975404215,38629.30991820258
droplethic,BC135238,201018.0,11506.0,0.023539812691874246,55891.2680216065
droplethic,BC135345,243882.0,12905.0,0.024791868267208354,51603.07419166513
droplethic,BC135381,116885.0,6514.0,0.02981481942611453,54068.411398026175
droplethic,BC13544,190040.0,7930.0,0.027535423521525323,40579.0575219654
droplethic,BC135457,118149.0,5043.0,0.037741381135824995,41072.46117133479
droplethic,BC13548,158590.0,6908.0,0.02975167173438236,42262.913498069785
droplethic,BC135504,224464.0,11413.0,0.026684820785888352,49488.7649706441
droplethic,BC135594,296509.0,14164.0,0.020410523081599144,46794.213164093606
droplethic,BC135889,146202.0,7326.0,0.035091308680759506,48350.37190055373
droplethic,BC135966,202081.0,15448.0,0.033951133696332875,73849.21336819914
droplethic,BC136073,158087.0,9300.0,0.028322935554257966,57162.17462122376
droplethic,BC137276,169947.0,6628.0,0.03280936987798215,37720.81588053178
droplethic,BC137394,157172.0,8391.0,0.026533544742840153,51970.815578238035
droplethic,BC137597,232926.0,9790.0,0.02696131673489849,40897.318071685186
droplethic,BC137683,232357.0,10886.0,0.024709961216232097,45692.65123151055
droplethic,BC137748,159661.0,6264.0,0.0364919014169503,37801.43384749077
droplethic,BC137768,168920.0,6613.0,0.02463810794112722,38184.15931911748
droplethic,BC137917,171077.0,6392.0,0.0294990270993947,36261.11177294826
droplethic,BC13807,230710.0,13222.0,0.028389014996778282,55683.067243347046
droplethic,BC138225,167246.0,7704.0,0.03380185676239334,44506.837206884
droplethic,BC138451,290874.0,14641.0,0.022377424949249155,49208.15240041407
droplethic,BC138549,250238.0,10601.0,0.02501003284539288,41304.15301355505
droplethic,BC138978,257759.0,12492.0,0.023429301023327007,47328.400450097186
droplethic,BC139033,192348.0,8957.0,0.023262190941913074,45483.39756968248
droplethic,BC13905,185072.0,11045.0,0.028554631729234906,57975.350634080794
droplethic,BC139075,146865.0,8188.0,0.032790232080292935,53923.76386291193
droplethic,BC139230,190929.0,9703.0,0.028632915642790642,49364.81529530874
droplethic,BC139338,82943.0,3458.0,0.02734681911462914,40551.15801817649
droplethic,BC139575,146170.0,5667.0,0.027898779636218535,37688.29182323014
droplethic,BC139617,144187.0,6110.0,0.032626635357262665,40992.955384099296
droplethic,BC139709,192005.0,8633.0,0.029046923119712364,43656.35224451198
droplethic,BC139742,276921.0,15334.0,0.026167350067871235,53924.223349111344
droplethic,BC139836,127611.0,6448.0,0.029942987457240593,49015.583428354235
droplethic,BC139903,205175.0,9804.0,0.02298549537623451,46685.269664098436
droplethic,BC140092,138783.0,6769.0,0.031494249665029034,47237.88521661456
droplethic,BC140217,150799.0,8286.0,0.02394205750236249,53631.762223459205
droplethic,BC140539,215811.0,10449.0,0.02388598411520996,47260.868778608
droplethic,BC140540,91960.0,4692.0,0.05249600741847406,48343.7226314976
droplethic,BC140601,92352.0,4592.0,0.02706461162440345,48377.07145942415
droplethic,BC141202,176942.0,8299.0,0.03187647728267531,45407.292304998686
droplethic,BC141504,135312.0,6686.0,0.031368562715649924,47861.75497873924
droplethic,BC141565,117831.0,3276.0,0.03237965411335753,26902.29441424278
droplethic,BC141683,201191.0,9588.0,0.02437238442999365,46494.71188117371
droplethic,BC141815,214189.0,9168.0,0.024733518197258005,41744.64190582868
droplethic,BC141838,235588.0,1565.0,0.021384421108600293,6500.897248438123
droplethic,BC142168,238386.0,10677.0,0.021757329043695216,43814.22146351072
droplethic,BC142476,117732.0,5255.0,0.030477711989327447,43274.89232745629
droplethic,BC142793,191017.0,13159.0,0.03210490846351462,66677.47640015607
droplethic,BC142867,114571.0,6897.0,0.03137417358516088,58309.80199861348
droplethic,BC142869,237678.0,13181.0,0.023937710209562764,54129.860743222984
droplethic,BC143246,148953.0,7209.0,0.032420880320116405,46828.716936028686
droplethic,BC143380,180048.0,8996.0,0.02844284719861428,48543.32259509278
droplethic,BC143435,146782.0,8522.0,0.030898839312830943,56264.93774015924
droplethic,BC143551,166806.0,11276.0,0.03546894876835897,65201.8040939054
droplethic,BC143732,127704.0,9063.0,0.030871505327383662,68777.88908114015
droplethic,BC144296,122052.0,5724.0,0.0314716945198305,45422.08255963434
droplethic,BC144347,131148.0,3767.0,0.025052409342987556,28003.68723888253
droplethic,BC144372,205860.0,11500.0,0.030046598849399492,54184.70860406055
droplethic,BC14456,290473.0,16107.0,0.024548076955366826,54089.72305336436
droplethic,BC144633,136237.0,7962.0,0.02837071639981457,56784.22422707984
droplethic,BC144782,130877.0,5639.0,0.022335601753979695,42123.89909387675
droplethic,BC144950,184831.0,7406.0,0.034209783778699744,38698.28297923481
droplethic,BC145044,138368.0,8953.0,0.03407353628995665,62499.56369677974
droplethic,BC145124,201411.0,8249.0,0.024993464811641348,39932.42131149128
droplethic,BC145152,202471.0,11228.0,0.02906042746641986,53843.31346418518
droplethic,BC145642,225184.0,11499.0,0.029672081699487225,49549.70483043909
droplethic,BC145701,247931.0,11893.0,0.023162995941846263,46857.885820101656
droplethic,BC145807,216579.0,10168.0,0.025147862409189526,45767.57919753698
droplethic,BC145917,101220.0,4272.0,0.030766137140559018,40906.609979604145
droplethic,BC146167,163831.0,7666.0,0.03178317938171137,45304.918769096206
droplethic,BC146424,133010.0,5552.0,0.02861357793877074,40546.856742229495
droplethic,BC146555,137267.0,5310.0,0.02975748708270602,37532.602472486695
droplethic,BC147076,116449.0,5405.0,0.025058187237320204,45252.08887995847
droplethic,BC147256,132481.0,3649.0,0.03026731861568191,26709.902207647716
droplethic,BC147611,410735.0,21299.0,0.023932643545957043,50614.77260305224
droplethic,BC147707,194287.0,6814.0,0.035044675007325804,33842.745960872744
droplethic,BC14818,189227.0,10140.0,0.03154700062950699,51895.94198299819
droplethic,BC14864,146135.0,6038.0,0.026992655920207206,40202.67795910486
droplethic,BC14874,138093.0,792.0,0.02277938179347826,5604.619565217392
droplethic,BC14881,148575.0,8676.0,0.029967681911663893,56644.79482910587
droplethic,BC148990,185050.0,8835.0,0.02872619053867512,46372.35399400597
droplethic,BC149026,199892.0,9460.0,0.030582255889969833,45878.23354251739
droplethic,BC149163,120103.0,6632.0,0.025723185748819703,53798.854584097215
droplethic,BC149407,169624.0,11029.0,0.030797536197104233,63017.81571759973
droplethic,BC149639,228926.0,11254.0,0.02220191009892194,48068.5448736567
droplethic,BC149733,255341.0,13962.0,0.025516454411186634,53284.58517633679
droplethic,BC149785,166781.0,7474.0,0.033338549726718944,43319.24907119218
droplethic,BC149865,143568.0,8468.0,0.030581308196654895,57178.74096031654
droplethic,BC149879,153011.0,7760.0,0.033557767615775246,49013.415527652156
droplethic,BC149930,151687.0,4855.0,0.03365611263298719,30929.47697012168
droplethic,BC149983,163763.0,9486.0,0.028706488022158562,56262.344086404155
droplethic,BC150239,128288.0,7350.0,0.03187635836754407,55466.67471625211
droplethic,BC150396,170512.0,4899.0,0.038128063811903805,27635.653885858374
droplethic,BC150484,148393.0,5646.0,0.03886809072891433,36568.77857947848
droplethic,BC150501,158941.0,8584.0,0.03008463974711816,52382.66685380574
droplethic,BC150560,142436.0,8010.0,0.032824064643172404,54389.896109187204
droplethic,BC150987,200206.0,7932.0,0.023256721616993457,38697.779707571244
droplethic,BC151064,208093.0,10909.0,0.02635617566416814,51041.9883402113
droplethic,BC151069,85861.0,2750.0,0.026154910567445868,31190.808352331373
droplethic,BC15114,223631.0,11611.0,0.028206777274663006,50455.84516039318
droplethic,BC151241,119525.0,6663.0,0.032084348959809536,53957.09669843789
droplethic,BC151776,251230.0,12050.0,0.021167834865173398,46948.72264408973
droplethic,BC151857,270031.0,15542.0,0.024073699275728968,56170.76026773452
droplethic,BC151965,219033.0,1745.0,0.022802305660646727,7785.173816832036
droplethic,BC152015,215269.0,9977.0,0.023404467671983595,45261.9449434736
droplethic,BC152142,158472.0,8015.0,0.028553914056274138,49132.59363697664
droplethic,BC152300,103302.0,4749.0,0.024974515800203875,44823.87586363121
droplethic,BC15266,176867.0,10541.0,0.030190872552406333,57799.12596711136
droplethic,BC152716,147944.0,5747.0,0.03158997185311252,37618.642403613274
droplethic,BC153025,277833.0,15355.0,0.025068689753909964,53881.541317369476
droplethic,BC153401,183216.0,11608.0,0.0323950356482704,61304.4626353314
droplethic,BC153705,180446.0,9844.0,0.02499567735800121,53190.10979510677
droplethic,BC153940,153728.0,5742.0,0.030492611769454413,36212.73563189394
droplethic,BC154036,212188.0,11919.0,0.0254356392897495,54743.11749630269
droplethic,BC154312,131682.0,4652.0,0.027222291991401155,34365.83510013519
droplethic,BC154600,205166.0,12809.0,0.027220528479377167,60732.92967990631
droplethic,BC154692,162116.0,9380.0,0.030644399399668742,56086.725145149816
droplethic,BC154714,116098.0,4787.0,0.029808214599089125,40003.34266493963
droplethic,BC154736,144091.0,7337.0,0.034637313162848966,49155.50612685162
droplethic,BC154842,232878.0,3282.0,0.041066332854301606,13514.459483386932
droplethic,BC154916,130036.0,5440.0,0.034890193488054506,40374.95268560232
droplethic,BC155080,261250.0,14118.0,0.025608318787390533,52656.31293917558
droplethic,BC155622,145280.0,6927.0,0.029376590925793544,46279.655524896945
droplethic,BC155735,156582.0,8662.0,0.02709654971014583,53820.296626756055
droplethic,BC15581,186525.0,4099.0,0.057668990603213094,20708.295443063555
droplethic,BC15618,129458.0,7121.0,0.0284577861163227,53440.90056285178
droplethic,BC1566,212276.0,9849.0,0.027621778604344362,45115.57172042912
droplethic,BC15676,132596.0,6970.0,0.030660135974851965,50954.01710651364
droplethic,BC157005,211371.0,9608.0,0.03479595051851446,43873.94915772795
droplethic,BC157193,232874.0,14281.0,0.02753603821805001,59636.36059932852
droplethic,BC15725,177681.0,7163.0,0.026517496616827653,39244.79922858192
droplethic,BC157300,64647.0,3162.0,0.02619528213780014,47630.524508179435
droplethic,BC157934,242729.0,14038.0,0.027087583721797127,56267.46082962239
droplethic,BC158142,233103.0,12497.0,0.02368915936153192,52341.48241532256
droplethic,BC158216,133101.0,4437.0,0.029012678912735814,32368.43257123681
droplethic,BC158423,219142.0,13701.0,0.02721586697029826,60819.53895939593
droplethic,BC158426,184660.0,11200.0,0.032737939343145984,58666.3873029176
droplethic,BC158484,245887.0,12640.0,0.026502389332530952,50043.35242951766
droplethic,BC158667,73261.0,3274.0,0.026987900601649555,43483.457957579056
droplethic,BC15892,270543.0,14670.0,0.026893748651176174,52765.988058413066
droplethic,BC159009,209000.0,11550.0,0.027830107496871846,53725.17826990971
droplethic,BC159464,154352.0,8398.0,0.027446631549764348,52914.786904251836
droplethic,BC159604,155580.0,8489.0,0.029977305035289423,52927.899842881016
droplethic,BC159797,274948.0,14294.0,0.023965296291431633,50742.10416082414
droplethic,BC159847,239816.0,14594.0,0.0275456289105426,59178.69988524344
droplethic,BC159871,176205.0,10314.0,0.02900770930572164,56836.15383343712
droplethic,BC159884,143825.0,7556.0,0.029016425538235115,51011.659229154146
droplethic,BC159975,166581.0,8752.0,0.03202919351745858,50856.223088678795
droplethic,BC160145,185825.0,8951.0,0.024658440188323718,46981.20436902631
droplethic,BC160325,178231.0,10947.0,0.03184260129391123,59464.50978581478
droplethic,BC160563,185672.0,8875.0,0.03462260374042666,46144.4072978355
droplethic,BC160766,203708.0,9681.0,0.02457383642980272,46356.062057077186
droplethic,BC160806,172967.0,4661.0,0.026623822440320095,26229.895665679975
droplethic,BC161304,175615.0,6962.0,0.02778008448068736,38542.23757563679
droplethic,BC161357,294206.0,16666.0,0.027527484514137255,55088.02316433855
droplethic,BC161406,167467.0,8019.0,0.029789871907026866,46457.60070448238
droplethic,BC161545,241991.0,12575.0,0.024800016119607488,50676.016039009446
droplethic,BC161839,132276.0,4926.0,0.02644459000949444,36255.510822925025
droplethic,BC162460,240126.0,10534.0,0.025454752067792758,42751.97038937004
droplethic,BC162519,226766.0,12652.0,0.025927612305736206,54346.612142507365
droplethic,BC162621,173890.0,12708.0,0.035289679391515165,70501.68931101631
droplethic,BC162629,154067.0,9822.0,0.0294441889618939,61874.37398025715
droplethic,BC162901,60231.0,9806.0,0.05497764179807013,153855.8092100102
droplethic,BC162904,145782.0,5456.0,0.029317175483570265,36328.5281486167
droplethic,BC163108,143279.0,8313.0,0.031519108839950793,56190.93969258223
droplethic,BC163123,203439.0,10584.0,0.027831006914743647,50577.502950832204
droplethic,BC163170,203467.0,6783.0,0.031317098716941605,32293.080054274084
droplethic,BC16329,153182.0,5420.0,0.03218428567818241,34243.978872349566
droplethic,BC163750,225872.0,13144.0,0.023669969050953543,56814.84171032384
droplethic,BC163790,424296.0,23024.0,0.026408600176684525,52830.96797879786
droplethic,BC163908,130251.0,5739.0,0.03190058197007648,42655.5079045361
droplethic,BC164115,132669.0,6355.0,0.027552994986366434,46581.3469375788
droplethic,BC164265,188096.0,8224.0,0.027027586242570647,42540.64483423943
droplethic,BC164328,202811.0,9775.0,0.02512990352770394,46986.38236099962
droplethic,BC164496,177843.0,12039.0,0.028403317271445898,65771.79008096502
droplethic,BC164921,151267.0,2917.0,0.058933681722035586,18147.318651238023
droplethic,BC165034,138425.0,5125.0,0.03235164589348004,35825.88271479801
droplethic,BC16546,127949.0,4319.0,0.029932447288414446,32745.2481860846
droplethic,BC165620,122498.0,4259.0,0.020141421897997055,34067.639342164206
droplethic,BC165742,149038.0,5316.0,0.0388427780034954,34283.28206318803
droplethic,BC166168,170138.0,7270.0,0.029236229188300943,41480.754527507386
droplethic,BC166578,128857.0,6856.0,0.028432910094399372,51693.458394909074
droplethic,BC166799,128226.0,6585.0,0.028892540953188783,49870.8734408252
droplethic,BC167313,253697.0,14058.0,0.024932355563754883,54030.993450788665
droplethic,BC167456,222898.0,11659.0,0.026599530981837555,50915.10945940635
droplethic,BC168135,140698.0,7400.0,0.03178568233585884,50923.154207697655
droplethic,BC168238,132277.0,6297.0,0.026344070191967967,46350.547638676246
droplethic,BC168549,167970.0,9469.0,0.03010670731707317,54675.95158906134
droplethic,BC168664,136100.0,5458.0,0.02847475533410903,38960.94625559466
droplethic,BC168832,150584.0,11237.0,0.036952712295826355,71865.28696230541
droplethic,BC169190,156302.0,6294.0,0.02921027297288904,39091.95366603522
droplethic,BC169280,153794.0,7328.0,0.029004722579993435,46266.131272571154
droplethic,BC169978,145523.0,4833.0,0.030421949643211696,32200.894136145886
droplethic,BC170242,298245.0,15972.0,0.022929197625506152,52325.352832488104
droplethic,BC170311,177235.0,10069.0,0.02755983276454257,55245.86026402133
droplethic,BC170628,113965.0,5811.0,0.030002553408800748,49459.52847050813
droplethic,BC170717,223765.0,12472.0,0.026909846794779802,54237.170204346105
droplethic,BC171075,135782.0,7707.0,0.030675547369698526,55018.953590473946
droplethic,BC171223,152753.0,8367.0,0.03089650622053888,53082.35473249462
droplethic,BC171421,129042.0,6607.0,0.031630608523379636,49580.88505669496
droplethic,BC17190,277715.0,14297.0,0.021492873879111394,50374.36358191075
droplethic,BC172030,154437.0,5360.0,0.0351004342257349,33488.48833213583
droplethic,BC17216,285175.0,14561.0,0.022372223612534752,49917.55256238409
droplethic,BC172281,60305.0,2835.0,0.027636691981489544,45711.7979973879
droplethic,BC172282,124587.0,3729.0,0.047900347713117575,28497.191547896527
droplethic,BC17238,262841.0,15704.0,0.025439188437608916,58227.22857079295
droplethic,BC172391,186946.0,9084.0,0.023571626301192423,47446.18952360558
droplethic,BC172490,249574.0,15872.0,0.02942743475369544,61724.890235318366
droplethic,BC17253,290627.0,11787.0,0.02108546349284408,39701.97415178165
droplethic,BC17276,162771.0,8626.0,0.029848789181005968,51412.87050226786
droplethic,BC172782,131676.0,6907.0,0.033563549090268555,50693.95004733979
droplethic,BC172931,138426.0,6754.0,0.03147804792723456,47255.55361203429
droplethic,BC172973,116543.0,6065.0,0.028832612518020384,50540.40315658775
droplethic,BC173072,131401.0,7056.0,0.0332474985285462,51912.889935256026
droplethic,BC173121,173073.0,9946.0,0.028171149418833176,55848.1666573081
droplethic,BC173309,103191.0,2871.0,0.03350254757979919,26890.07942454668
droplethic,BC173411,221468.0,10665.0,0.0264543752142989,46882.00592563938
droplethic,BC173707,236949.0,12926.0,0.024636320976067574,53207.86715733491
droplethic,BC173824,117284.0,4974.0,0.02464905861220145,41364.5133390992
droplethic,BC173980,142872.0,5703.0,0.02931644778411137,38746.628438652864
droplethic,BC174012,169541.0,4747.0,0.029708353364008882,27167.319094384544
droplethic,BC174181,105871.0,6254.0,0.02898258293512854,57359.83344186516
droplethic,BC174269,161996.0,5699.0,0.033246402931364764,34010.27648642036
droplethic,BC17434,150951.0,8448.0,0.029459985983681918,54316.447313431876
droplethic,BC17442,246115.0,10908.0,0.02286072743009374,43307.53991098688
droplethic,BC174459,186702.0,10152.0,0.027502578366721882,52879.957496015246
droplethic,BC174544,185206.0,8734.0,0.02604662414085055,45929.984907367
droplethic,BC174955,192866.0,9947.0,0.02679436460519942,50192.75795252705
droplethic,BC175686,148987.0,6508.0,0.030487011296787964,42349.94013222968
droplethic,BC176155,162680.0,10623.0,0.03345592385524416,63115.30440672327
droplethic,BC176189,127380.0,7889.0,0.03136762860727729,59990.1144443177
droplethic,BC176271,152341.0,7643.0,0.02929182224827639,48700.760810001404
droplethic,BC176417,192095.0,7396.0,0.03529961230188224,37142.68496012535
droplethic,BC176937,184732.0,7688.0,0.03236079828191294,40270.28442721701
droplethic,BC176979,154780.0,7264.0,0.0338568325385134,45342.188709395516
droplethic,BC177002,228237.0,9508.0,0.021026083152110974,40782.537456195656
droplethic,BC17724,116285.0,2875.0,0.028399786103405635,24021.590187493734
droplethic,BC177409,252739.0,12625.0,0.02278904857462118,48814.343103934916
droplethic,BC177527,211304.0,9157.0,0.024374027509084278,42279.40327726553
droplethic,BC177593,241457.0,14225.0,0.02604532216817122,57378.76844389587
droplethic,BC177605,191392.0,8040.0,0.026302133677923504,40903.12471383075
droplethic,BC177698,199305.0,9645.0,0.025241360421781617,47171.656901391914
droplethic,BC177804,111323.0,4726.0,0.030118487541383517,41174.420630771914
droplethic,BC177980,86242.0,8475.0,0.05181683249958771,93177.94513770546
droplethic,BC178105,56215.0,5485.0,0.05433594078560013,92270.165699386
droplethic,BC178267,157425.0,7718.0,0.03047304662721019,47532.53311819083
droplethic,BC178546,188613.0,6974.0,0.03973179510938463,35506.09163157975
droplethic,BC17908,139013.0,7288.0,0.02914391071752825,50898.83089128825
droplethic,BC17928,157974.0,8325.0,0.02840835706334221,51201.46623778392
droplethic,BC179466,321032.0,18130.0,0.025338668642107244,55043.14192204701
droplethic,BC179676,156681.0,5590.0,0.03441284318861122,34449.81973931532
droplethic,BC179684,204752.0,12954.0,0.030162940507768094,61358.46911708981
droplethic,BC179957,132067.0,7133.0,0.033191557894890956,52217.772929919985
droplethic,BC17999,212707.0,12321.0,0.027811802990968592,56313.75918680756
droplethic,BC180103,103644.0,5133.0,0.025993797575415846,48237.94756131942
droplethic,BC180227,210171.0,10357.0,0.025040706223993247,48044.94152684291
droplethic,BC180666,212930.0,9820.0,0.026868181838955434,44879.32397661888
droplethic,BC180724,159906.0,8513.0,0.02891879417980421,51697.96195982218
droplethic,BC180856,147923.0,4413.0,0.034552301637546745,28802.286952492217
droplethic,BC180861,244155.0,14476.0,0.027731872140300016,57645.976608699464
droplethic,BC181286,213998.0,10490.0,0.021607139591448582,47959.98610120517
droplethic,BC181333,57087.0,8452.0,0.05975459112245738,139207.77402618792
droplethic,BC181457,251542.0,13881.0,0.0226368468496472,53934.44406453017
droplethic,BC181627,170595.0,850.0,0.021127285872490346,4877.293044980118
droplethic,BC181682,223124.0,9579.0,0.02697658191967206,41773.1455235271
droplethic,BC181791,153771.0,7294.0,0.02919284068310237,46049.43337857887
droplethic,BC181940,193875.0,2108.0,0.012625156604907463,10735.7120303126
droplethic,BC181998,158082.0,5130.0,0.03803861671119008,31217.10186024718
droplethic,BC182538,113188.0,3908.0,0.027502599042864874,33577.05625102029
droplethic,BC182728,223081.0,11883.0,0.02900184553241869,51722.78710216589
droplethic,BC183141,137216.0,4865.0,0.03082356265009182,34362.198050572115
droplethic,BC183820,127435.0,7602.0,0.031052547540659524,57801.5343790631
droplethic,BC184515,249049.0,14453.0,0.029843013517198397,56300.884266292705
droplethic,BC184541,59273.0,3247.0,0.031486928104575165,53055.555555555555
droplethic,BC184650,154190.0,5691.0,0.02847961691134774,35857.85394745133
droplethic,BC184767,150801.0,7705.0,0.0285130808428946,49636.98325677878
droplethic,BC184918,196479.0,9911.0,0.028274545490514155,49016.79558448239
droplethic,BC185010,193128.0,864.0,0.02220602083902913,4374.37346213433
droplethic,BC185044,250015.0,14254.0,0.026281045166164908,55514.229075061434
droplethic,BC185051,166645.0,8089.0,0.027367597791448282,47211.87855300174
droplethic,BC185438,223005.0,10407.0,0.022765118317265555,45604.732690622266
droplethic,BC186193,225315.0,10844.0,0.025066202814268655,46921.78548557384
droplethic,BC186212,132872.0,4079.0,0.02674274664342272,29877.7495367081
droplethic,BC186443,131231.0,8130.0,0.028659615256508,60176.30992650052
droplethic,BC186459,216065.0,11798.0,0.02728631497438391,53113.99836129044
droplethic,BC186722,169392.0,7359.0,0.029705919417108685,42153.077707385804
droplethic,BC187058,204222.0,10337.0,0.028564361380793143,49170.65838355682
droplethic,BC18741,156016.0,9769.0,0.02701623967869883,60923.74086362163
droplethic,BC187571,205359.0,12102.0,0.028718589043233964,57238.531719568084
droplethic,BC187628,155185.0,11816.0,0.03473906823412328,73496.29906077005
droplethic,BC188954,203645.0,11923.0,0.029258805527616633,56834.91989341367
droplethic,BC189071,229741.0,10568.0,0.03381262590366766,44444.25753108953
droplethic,BC189293,157813.0,7566.0,0.033257372489922936,46348.36622927923
droplethic,BC18949,267813.0,15813.0,0.024293120470997992,57610.544992185256
droplethic,BC189532,252262.0,15899.0,0.025684402422444692,61406.96452848845
droplethic,BC190135,161169.0,8521.0,0.028786472707989345,51348.02887686356
droplethic,BC190218,202355.0,12548.0,0.03188226907601701,60032.81998287237
droplethic,BC190278,197331.0,14364.0,0.03182741465425036,70474.63913883956
droplethic,BC19047,190171.0,10012.0,0.02815807359937858,51164.90614827193
droplethic,BC190535,146681.0,6297.0,0.030599229401695845,41616.273767274026
droplethic,BC190610,177771.0,8156.0,0.034152463638981403,44312.35975811841
droplethic,BC190684,251300.0,13815.0,0.023357040146127238,53690.10143406786
droplethic,BC191205,161763.0,7683.0,0.030575615018128426,46043.20858178767
droplethic,BC191300,125689.0,7271.0,0.028250465815699344,56214.87053802679
droplethic,BC191443,160495.0,7590.0,0.03260319220754171,45749.34902112065
droplethic,BC191501,143189.0,5885.0,0.026865205040029358,39995.378613856
droplethic,BC191589,155824.0,4837.0,0.031938620196937224,30050.01087192868
droplethic,BC191618,183313.0,8115.0,0.024469030551697347,43185.33773967464
droplethic,BC191623,245320.0,11011.0,0.022508756061505604,43873.944590766194
droplethic,BC191902,262266.0,14515.0,0.025797608567257654,53916.81617764505
droplethic,BC19205,121001.0,4696.0,0.02315349280288046,37911.01889899813
droplethic,BC192132,184782.0,7297.0,0.022818976504122224,38588.66084602083
droplethic,BC192226,115344.0,3174.0,0.05088539266671055,26117.43795668488
droplethic,BC192279,178648.0,9562.0,0.031061694915254238,51861.69491525424
droplethic,BC192349,265825.0,12475.0,0.024294900970474667,45789.226409831004
droplethic,BC192458,171511.0,6964.0,0.031941073545182594,39306.88039735847
droplethic,BC19255,145995.0,7566.0,0.028713800054553557,50335.63744503064
droplethic,BC192792,197058.0,10337.0,0.028169847610593282,50978.941658036194
droplethic,BC193211,214733.0,10603.0,0.02774155573666576,48007.787738839084
droplethic,BC193692,239212.0,10236.0,0.023692233600117543,41776.693045788656
droplethic,BC194068,181832.0,10195.0,0.02912123703853999,54435.462341018545
droplethic,BC19414,112743.0,6176.0,0.027012332467442803,53299.73332873059
droplethic,BC194362,179982.0,9497.0,0.028243157877686772,51276.09833003083
droplethic,BC194404,137088.0,4046.0,0.03178235443681668,28575.868011413397
droplethic,BC194470,128453.0,5681.0,0.0298038504822544,42908.17906479657
droplethic,BC194707,194414.0,6826.0,0.039219174697306645,33733.62984927106
droplethic,BC194797,136876.0,8347.0,0.035418810164761595,58822.28580287804
droplethic,BC19480,223855.0,12589.0,0.025280739873117335,54815.57600114952
droplethic,BC194844,198298.0,9545.0,0.02383097288063838,46987.53070557599
droplethic,BC19496,100616.0,3747.0,0.030879774999518408,36090.616632312995
droplethic,BC195142,235542.0,14127.0,0.025498024451293934,58447.280776152744
droplethic,BC195145,200795.0,11910.0,0.02777307038652793,57666.88777955852
droplethic,BC195227,203581.0,12843.0,0.030848182194695827,61139.38332198742
droplethic,BC19561,89231.0,3413.0,0.03376322429046335,36957.62812807935
droplethic,BC19572,108918.0,5240.0,0.02846337046981063,46740.22603002435
droplethic,BC195729,243812.0,12495.0,0.024876815767581748,49973.603378767526
droplethic,BC195783,174400.0,9038.0,0.034875098228021824,50016.0485218758
droplethic,BC195799,133907.0,4212.0,0.03039716157995728,30498.533724340174
droplethic,BC195968,173834.0,8174.0,0.02471947935368043,45859.515260323155
droplethic,BC195978,131256.0,6321.0,0.031178033658104516,46656.33303808681
droplethic,BC196068,187118.0,9073.0,0.028281506408259074,47116.80272532768
droplethic,BC196103,135954.0,7705.0,0.02974550748633334,54987.796348895965
droplethic,BC196164,226407.0,9768.0,0.022502471731593695,42172.706038796474
droplethic,BC196533,212958.0,13258.0,0.028680112750061576,60470.886584019776
droplethic,BC196722,97853.0,3340.0,0.037618757253289795,32848.79718326482
droplethic,BC196849,141229.0,7572.0,0.030726256983240222,51967.66090620839
droplethic,BC196943,137469.0,7852.0,0.032140191785065546,55282.53798386302
droplethic,BC197782,181469.0,12804.0,0.03309871537342619,68222.14289139552
droplethic,BC198187,188589.0,9492.0,0.028212342320059362,48911.699233242645
droplethic,BC198224,250509.0,12202.0,0.021582986701036967,47657.54681977073
droplethic,BC198266,231031.0,10479.0,0.023933653293676277,44271.97755771116
droplethic,BC198303,172557.0,6644.0,0.03094885100074129,37311.58883123301
droplethic,BC198390,246904.0,13114.0,0.028438089017081742,51603.30695586135
droplethic,BC19874,140274.0,5660.0,0.026118470382404398,39295.731622649895
droplethic,BC198838,246632.0,10003.0,0.021868282661632547,39671.46018576539
droplethic,BC198973,136614.0,6959.0,0.027810591935782298,49522.49469833905
droplethic,BC199251,200257.0,8941.0,0.02566036267035143,43501.9534766045
droplethic,BC199325,264606.0,14688.0,0.02467019782601484,54139.528711864026
droplethic,BC199468,241828.0,13545.0,0.025515796260477112,54581.72147001934
droplethic,BC200042,144177.0,5705.0,0.03426171529619806,38213.702006805455
droplethic,BC200224,153076.0,8212.0,0.026803651806830607,52208.63108104672
droplethic,BC200240,285425.0,15669.0,0.024504861668859686,53551.837864625166
droplethic,BC200465,192614.0,9963.0,0.029153519692738838,50217.2400931461
droplethic,BC200491,166938.0,10277.0,0.0315922591423798,59616.901800631145
droplethic,BC20071,195416.0,9533.0,0.032162844831855775,47214.105294438115
droplethic,BC200816,176938.0,7993.0,0.02865110865901393,43879.73012291594
droplethic,BC200852,133635.0,7498.0,0.03200921378590986,54312.08077998464
droplethic,BC201260,130173.0,5379.0,0.027805162215450797,40172.97006632013
droplethic,BC20134,183195.0,10030.0,0.028375188946935744,53196.849558460846
droplethic,BC20138,193419.0,6731.0,0.03755840511128693,33493.0610498241
droplethic,BC201427,124415.0,6747.0,0.028038186306677915,52709.29033467704
droplethic,BC201509,205125.0,11436.0,0.02780213374030172,54201.36403922442
droplethic,BC201815,210565.0,10724.0,0.029873438716603164,49408.19814880511
droplethic,BC201877,172234.0,9183.0,0.029290259312070608,51755.33024105145
droplethic,BC201936,200428.0,12179.0,0.02696824495225334,59126.23857308613
droplethic,BC20227,184888.0,9105.0,0.028684304536953368,47833.441906403015
droplethic,BC202478,194367.0,9741.0,0.0229622741096338,48965.74257923442
droplethic,BC202582,260373.0,13464.0,0.023606131969340152,50489.74755126224
droplethic,BC20262,157420.0,6678.0,0.03897340724280238,40768.23520793143
droplethic,BC202715,67719.0,3218.0,0.027863910422049956,46195.80821131209
droplethic,BC203117,150258.0,8479.0,0.03207977428207011,54619.35866218324
droplethic,BC203158,209105.0,10286.0,0.024546688622782423,47983.13173202965
droplethic,BC203581,218210.0,8304.0,0.030500944129734534,36894.368543818724
droplethic,BC203907,134510.0,7175.0,0.02291795300185232,52119.27505175607
droplethic,BC203992,74823.0,3259.0,0.039141657356397117,41851.26683874613
droplethic,BC204401,100977.0,4420.0,0.04196394686907021,41935.48387096774
droplethic,BC205031,172584.0,10015.0,0.029090602233411155,56341.59376670136
droplethic,BC20509,101570.0,4404.0,0.030172825360450684,42050.98825551418
droplethic,BC205328,76128.0,2475.0,0.03258272759619783,31451.735881665227
droplethic,BC205440,199095.0,9639.0,0.02816014526710403,47050.72633552015
droplethic,BC205455,209233.0,14177.0,0.02865751186132234,65815.25120005943
droplethic,BC205572,217690.0,12314.0,0.026753221205862102,55053.336552303794
droplethic,BC206324,159218.0,7024.0,0.026582541604000833,42942.909895699595
droplethic,BC206332,146143.0,7627.0,0.02614832041688046,50823.96529550134
droplethic,BC206432,149955.0,10612.0,0.03613644690410536,68210.59668202883
droplethic,BC206482,179542.0,8594.0,0.02099862044898115,46861.112474303816
droplethic,BC206508,169710.0,9072.0,0.032864705915875016,51699.083070715824
droplethic,BC2066,161161.0,7892.0,0.0323334093883972,47386.30768676522
droplethic,BC20664,210991.0,10118.0,0.024972850574181474,46757.087733080705
droplethic,BC206861,150532.0,7668.0,0.03212905631747134,49302.702389907994
droplethic,BC206889,212371.0,12288.0,0.02443382792043732,56447.24149019248
droplethic,BC207283,136219.0,5493.0,0.025350238262188577,39302.52858430761
droplethic,BC207440,176620.0,6968.0,0.03033830004501883,38255.02618778343
droplethic,BC207442,93859.0,3632.0,0.028736702678090982,37584.33710004553
droplethic,BC207629,233537.0,14634.0,0.028459343201124896,60879.11539325562
droplethic,BC207804,125746.0,6125.0,0.029535474211448372,47270.65052132775
droplethic,BC207999,162371.0,9032.0,0.02850971663794754,54039.823856021445
droplethic,BC208273,176542.0,9941.0,0.02824840098197871,54718.89208142056
droplethic,BC20844,150103.0,11385.0,0.03093083011607938,73501.87870414606
droplethic,BC208503,125996.0,4443.0,0.02807112276777105,34273.15154086473
droplethic,BC20871,154641.0,9805.0,0.028209639917048952,61616.28856909445
droplethic,BC208752,122269.0,5357.0,0.02494477539335072,42720.3202628452
droplethic,BC209102,115206.0,4114.0,0.031800991679973106,34574.33397764518
droplethic,BC209617,235005.0,10302.0,0.02048599533177726,42939.31310436812
droplethic,BC209665,80371.0,2505.0,0.030389673060682833,30220.774520448787
droplethic,BC209729,228603.0,9085.0,0.02303070190433861,38826.11371328934
droplethic,BC209919,196318.0,8903.0,0.028037290636247963,44078.403414182525
droplethic,BC210181,189349.0,12720.0,0.03212137011649364,65019.70526444925
droplethic,BC210292,198644.0,10251.0,0.029409321665371854,50087.216546224765
droplethic,BC210533,173485.0,8359.0,0.02409868987281247,47021.696696274375
droplethic,BC210572,188172.0,10213.0,0.02139521338006927,53113.59121308883
droplethic,BC211010,178706.0,5157.0,0.05441057416040087,27287.30243559149
droplethic,BC211025,232514.0,13800.0,0.024804133742681228,57879.10815843777
droplethic,BC211179,249931.0,10138.0,0.0206388764802232,39726.01666157258
droplethic,BC211875,167641.0,9407.0,0.02668416193965292,54616.60386560379
droplethic,BC211937,223130.0,13013.0,0.03136463284929782,56491.068133967136
droplethic,BC21205,205995.0,11744.0,0.02902164485840341,55356.53682265545
droplethic,BC212071,69467.0,2835.0,0.02648653951259162,39729.809268887424
droplethic,BC212105,214335.0,12893.0,0.030031090052540833,58347.02291250888
droplethic,BC21251,91436.0,3870.0,0.02847549832122062,41119.46959071783
droplethic,BC21276,215236.0,13158.0,0.02790248132457749,59427.13649543389
droplethic,BC213040,146586.0,5194.0,0.02876224929933014,34413.98821947034
droplethic,BC213479,61322.0,2623.0,0.028038864497313406,41574.86804774057
droplethic,BC213512,182115.0,9422.0,0.031802740075599294,50091.17636113282
droplethic,BC214044,122301.0,4377.0,0.03357566179375741,34587.119715527464
droplethic,BC21405,252540.0,16716.0,0.02493455547919289,64541.03892694152
droplethic,BC214913,225308.0,12271.0,0.028212327851317023,52926.68935384668
droplethic,BC215033,141053.0,7486.0,0.031349146396736666,51408.47972091362
droplethic,BC215128,145895.0,5220.0,0.035596245372818615,34505.552617662615
droplethic,BC215137,304383.0,14408.0,0.024247708745395852,46187.333104662015
droplethic,BC215276,201924.0,14831.0,0.03198991356539164,71098.81733677858
droplethic,BC215458,251404.0,16206.0,0.02970281744500193,62547.2790428406
droplethic,BC215642,260483.0,16902.0,0.027304467969902352,63115.44278272559
droplethic,BC215761,208155.0,10146.0,0.032372779717272766,47164.59262082847
droplethic,BC216098,118455.0,5400.0,0.033998238517745305,44037.05636743215
droplethic,BC216685,257807.0,14859.0,0.025249068945308806,56180.87982305234
droplethic,BC217065,164536.0,9504.0,0.028323057661871355,56126.42619233222
droplethic,BC217259,179869.0,10034.0,0.028575286238928493,54190.96997191618
droplethic,BC217440,229920.0,14172.0,0.031054958299794766,59724.63957452727
droplethic,BC21747,178749.0,8269.0,0.029935147749165603,44875.5867907633
droplethic,BC217496,139643.0,6692.0,0.029643733192503595,46501.608655469776
droplethic,BC21785,154154.0,9843.0,0.029146880628786637,61990.65385245179
droplethic,BC218221,256890.0,14652.0,0.026072253162829316,55549.02622390216
droplethic,BC218391,140864.0,7464.0,0.025769416972128086,51621.82723563179
droplethic,BC21878,172124.0,5502.0,0.03182004826162526,30948.189064073216
droplethic,BC218969,264425.0,14594.0,0.025768277091876398,53769.264495116404
droplethic,BC218984,235047.0,11053.0,0.024170814841262264,45888.01381663892
droplethic,BC219139,205158.0,10745.0,0.027087779200455256,50955.565040072084
droplethic,BC219162,162648.0,8460.0,0.03573143619386394,50155.62472209871
droplethic,BC219451,129300.0,4761.0,0.02986922367029059,35721.52069687352
droplethic,BC21948,193162.0,10199.0,0.024611686764022703,51500.73723969379
droplethic,BC219966,172790.0,6864.0,0.034288109543104656,38362.442364119044
droplethic,BC220085,300570.0,16372.0,0.023987115084248774,53163.26630016528
droplethic,BC220144,213354.0,9814.0,0.02675406784995826,44768.017370757094
droplethic,BC220235,200605.0,9112.0,0.02536135066197012,44270.61824365359
droplethic,BC220673,258555.0,14339.0,0.02627188539191281,54001.227728589125
droplethic,BC220708,171710.0,9984.0,0.027799796172573887,56528.13950854943
droplethic,BC220736,183127.0,6441.0,0.03487330297664221,33945.737414621806
droplethic,BC221454,146956.0,4847.0,0.03350849386061256,31877.46216729913
droplethic,BC22188,178329.0,9933.0,0.03160484173142401,53940.015965332415
droplethic,BC222014,101264.0,5102.0,0.02782204642767996,48981.39436646762
droplethic,BC222035,249656.0,13433.0,0.025869536377328452,52414.09987279835
droplethic,BC22262,196382.0,8678.0,0.025539748621786443,43060.80018260399
droplethic,BC222638,131483.0,5981.0,0.02979612015849942,44133.38154234399
droplethic,BC222671,169084.0,10871.0,0.02644003777148253,62593.56502913471
droplethic,BC222914,262537.0,11096.0,0.020720498933202033,41388.776987004465
droplethic,BC223025,183986.0,10586.0,0.03111209411566453,55746.890370417175
droplethic,BC223659,100742.0,3416.0,0.029955802913733835,32892.64633664892
droplethic,BC223817,197171.0,11017.0,0.029536550312050873,54224.9916327053
droplethic,BC223946,184247.0,9491.0,0.02882218063938012,50027.67308858024
droplethic,BC224151,210229.0,12603.0,0.02750999185848568,58299.71874768707
droplethic,BC22532,237113.0,13759.0,0.027775158167512002,56415.47109932059
droplethic,BC225683,275049.0,14142.0,0.02303798817198572,50231.76514465342
droplethic,BC226040,143823.0,9026.0,0.0327065090190065,60705.11009778997
droplethic,BC226167,204737.0,11956.0,0.03142681426814268,56561.64253950232
droplethic,BC226210,222620.0,14901.0,0.028996632761658845,64993.80637507197
droplethic,BC226564,172922.0,11926.0,0.03338830039967579,66664.80337628217
droplethic,BC22663,168339.0,9381.0,0.02714464042164636,54214.15196837652
droplethic,BC227134,136934.0,7304.0,0.02741594102021393,51877.210676591334
droplethic,BC227683,74720.0,2618.0,0.030516919244342952,33968.23749221507
droplethic,BC227724,67314.0,3747.0,0.02853184396241936,54076.28696367493
droplethic,BC22774,139306.0,4986.0,0.030712496521013082,34692.45755635959
droplethic,BC227882,252789.0,15830.0,0.030233628725975372,60728.12368128284
droplethic,BC227992,204653.0,10040.0,0.030985288616789064,47538.554051430656
droplethic,BC227998,250827.0,12036.0,0.027225447649187308,46678.84443099978
droplethic,BC228188,143248.0,6769.0,0.0271188052240884,45972.24957722373
droplethic,BC228195,82477.0,4213.0,0.02962527207482793,49567.62162480146
droplethic,BC228245,147545.0,6414.0,0.028273554709624733,42242.38991556791
droplethic,BC228331,142039.0,8477.0,0.02992740112415569,57894.70089672929
droplethic,BC228366,147461.0,7361.0,0.03445453533521473,48198.37221636558
droplethic,BC228564,224163.0,10561.0,0.022675746847805236,46044.71495090773
droplethic,BC228720,206121.0,10028.0,0.029022715067692974,47239.04994300035
droplethic,BC229100,84078.0,2761.0,0.024549272571176648,32032.392045850058
droplethic,BC229124,270660.0,12273.0,0.024680280639546824,44225.592683480536
droplethic,BC229296,205408.0,9189.0,0.024208566108007448,43652.37715197811
droplethic,BC229711,151227.0,6410.0,0.033909349346791455,40949.30846136647
droplethic,BC229743,223386.0,11139.0,0.025948713029297497,48570.44436789528
droplethic,BC229753,151238.0,7844.0,0.025088635338103526,50564.043060658805
droplethic,BC229849,238805.0,11955.0,0.025305606008040653,48794.92255260097
droplethic,BC229914,166933.0,8375.0,0.028199351484773864,48755.0719828615
droplethic,BC230366,172209.0,8767.0,0.025007643268827918,49635.953936566526
droplethic,BC23041,207701.0,10758.0,0.026983851851157824,50397.96496783956
droplethic,BC230538,162798.0,8537.0,0.029224980470962857,50906.68399930829
droplethic,BC230758,105249.0,5459.0,0.033996310335649316,50104.17335915487
droplethic,BC230981,286291.0,16525.0,0.027256696102448755,56147.70669321437
droplethic,BC231476,195725.0,11069.0,0.028799825335311544,54925.097628629126
droplethic,BC231511,145406.0,6586.0,0.028210149237771258,44016.12008527872
droplethic,BC231867,210903.0,12944.0,0.030112531098960227,59526.054145531634
droplethic,BC23191,170693.0,1600.0,0.024734033435796644,9141.707899578338
droplethic,BC232145,167804.0,8091.0,0.02735287468917188,46898.094746787385
droplethic,BC232372,147667.0,5522.0,0.022920512667817985,36537.838034552806
droplethic,BC232646,145521.0,6996.0,0.02655027092113185,46799.11699779249
droplethic,BC232856,111731.0,5721.0,0.028527458004382153,49742.63555107293
droplethic,BC232987,138730.0,7311.0,0.03317978131032608,50950.93072039361
droplethic,BC233097,145098.0,8761.0,0.027551957321609286,58716.2972742931
droplethic,BC233280,231723.0,15627.0,0.027787334379431584,65564.34762907705
droplethic,BC233344,138731.0,6313.0,0.028228998115731888,44220.76057186486
droplethic,BC233481,211208.0,10717.0,0.026112297172051588,49416.473387405415
droplethic,BC233783,274104.0,12411.0,0.023209570339644426,44227.541453297556
droplethic,BC234348,197113.0,9815.0,0.02947808961102905,48325.9478089611
droplethic,BC234926,138328.0,8910.0,0.03438647437418851,62197.216133580914
droplethic,BC235050,152826.0,7951.0,0.0303657081948075,50446.66649747481
droplethic,BC235089,94486.0,3697.0,0.03359891992513117,37812.84839062708
droplethic,BC235329,250987.0,12974.0,0.025607279983539285,50368.23082268628
droplethic,BC235575,107375.0,4093.0,0.0297381309525961,36985.16256122025
droplethic,BC235676,159925.0,8982.0,0.032112618092246616,54360.25927338091
droplethic,BC23626,162816.0,8621.0,0.030118185284025923,51354.603507434236
droplethic,BC236841,120474.0,4877.0,0.030031238929503077,39266.046182087535
droplethic,BC236893,202182.0,9732.0,0.030046295185780423,46688.574923840824
droplethic,BC236966,164967.0,9212.0,0.027793002245363414,54289.46918665983
droplethic,BC237012,179354.0,11368.0,0.027459358630936244,61642.57285080632
droplethic,BC23708,203313.0,11034.0,0.026539816907342858,52830.65844409545
droplethic,BC237085,162492.0,6940.0,0.02645185642303798,41580.04158004158
droplethic,BC237216,172475.0,10559.0,0.03617251939110803,59005.96821422983
droplethic,BC237521,140203.0,5748.0,0.03040131674492908,39751.312249738934
droplethic,BC237665,242974.0,11425.0,0.023424249001213815,45920.04887420519
droplethic,BC23769,160449.0,7405.0,0.030080096720568234,44763.48798549192
droplethic,BC238116,77001.0,3768.0,0.026191319303925535,47652.77215702145
droplethic,BC238752,187467.0,10910.0,0.030020334352638033,56449.818646549626
droplethic,BC239131,210928.0,10890.0,0.026330366704826618,50269.5815945936
droplethic,BC239287,93257.0,4504.0,0.02800592012007004,46944.05069623947
droplethic,BC23937,204390.0,12880.0,0.03035737158959908,61103.75778622224
droplethic,BC239561,219618.0,14431.0,0.030448314681146945,63708.80515639141
droplethic,BC239586,232883.0,11697.0,0.023690543067235698,49037.03455272624
droplethic,BC239595,166020.0,8289.0,0.02743361276603223,48558.02182738441
droplethic,BC239696,168199.0,8167.0,0.026845792905536365,47252.06695248179
droplethic,BC239842,101856.0,5566.0,0.03360595077705459,52809.35122108579
droplethic,BC240020,182440.0,8432.0,0.029693175834871265,44845.57740276455
droplethic,BC240311,140052.0,8129.0,0.029364677834069125,56338.321008531486
droplethic,BC240540,91047.0,2929.0,0.027805362462760674,31275.69379931875
droplethic,BC241070,118257.0,8227.0,0.03163282017687521,67368.16246315099
droplethic,BC241172,100846.0,4086.0,0.030671780232032833,39274.488883762504
droplethic,BC241241,91854.0,4572.0,0.03085104138091118,48239.042815843335
droplethic,BC241356,221765.0,11434.0,0.025821132211401185,50227.768918877366
droplethic,BC241525,136651.0,9323.0,0.03600578462840817,65768.4032309266
droplethic,BC241605,205635.0,9438.0,0.025832828014856365,44711.210490411584
droplethic,BC241649,195079.0,11324.0,0.02736242751798651,56459.93608120977
droplethic,BC241720,148221.0,7053.0,0.03384958347999531,45973.63995463256
droplethic,BC241748,113990.0,4664.0,0.031158631943972257,39640.987284966344
droplethic,BC242183,103951.0,5544.0,0.02678537991985919,51904.28041793057
droplethic,BC242373,123179.0,4933.0,0.033533930154645245,38704.46360619208
droplethic,BC242466,202543.0,10575.0,0.025396855948147685,50885.13672824209
droplethic,BC242578,188106.0,8427.0,0.02749400281247415,43567.499379601286
droplethic,BC242628,132754.0,7503.0,0.0290650049733778,54875.373003335095
droplethic,BC243099,130447.0,5133.0,0.038419861564658445,37837.51907355944
droplethic,BC243155,200636.0,12224.0,0.02701654163049751,59280.237819278685
droplethic,BC243431,141670.0,6661.0,0.028712857710924324,45667.70420546011
droplethic,BC243454,152015.0,5515.0,0.024719634562578592,35382.50314368568
droplethic,BC243611,161173.0,7513.0,0.027918842957262276,45313.08428125113
droplethic,BC243665,156178.0,8600.0,0.027419184087781243,53555.52649441715
droplethic,BC243958,206437.0,1194.0,0.02091099665158457,5662.900885006118
droplethic,BC244026,153667.0,6225.0,0.031036200493098513,39252.40716569245
droplethic,BC244241,136117.0,7587.0,0.03330800315325232,53882.264376060855
droplethic,BC244597,186031.0,6988.0,0.02440674410677295,36646.82591708839
droplethic,BC245317,218668.0,11998.0,0.024691798540614797,53513.7642504148
droplethic,BC245363,175990.0,8981.0,0.029641718955041186,49518.652889736775
droplethic,BC245444,176507.0,8319.0,0.026925260900485692,45862.25336427938
droplethic,BC245671,123436.0,6058.0,0.030505812126924284,47580.898523405594
droplethic,BC245792,214951.0,10092.0,0.02694835765762503,45685.00344040851
droplethic,BC245802,223583.0,12169.0,0.023608120914105045,53142.29067771814
droplethic,BC245886,125907.0,5857.0,0.028045391384900416,45213.83356492204
droplethic,BC245999,178347.0,10382.0,0.02805526036131775,56579.19834327911
droplethic,BC246316,156344.0,7504.0,0.030238371407836546,46545.38236808316
droplethic,BC247407,130319.0,5297.0,0.03509577295848481,39219.89648968228
droplethic,BC247419,193308.0,11528.0,0.031125011277178,57779.24798765024
droplethic,BC247777,242355.0,14357.0,0.02573987570248997,57714.726762556376
droplethic,BC248103,163637.0,8255.0,0.029384723976961995,48964.65410371847
droplethic,BC248105,153285.0,8335.0,0.02992772792284228,52748.490640069875
droplethic,BC248516,96047.0,3933.0,0.02297926881370415,40007.73096250483
droplethic,BC248598,142894.0,6748.0,0.02902844406996181,45852.9823464659
droplethic,BC248683,154687.0,8855.0,0.031123164804329306,55462.99544019643
droplethic,BC248715,185105.0,9645.0,0.033495196324143696,50360.27568922306
droplethic,BC248725,88543.0,4054.0,0.025940308687473185,44597.969219260514
droplethic,BC248831,269368.0,14976.0,0.02664223949468998,54115.580994503885
droplethic,BC248835,120226.0,7012.0,0.027698926818222256,56707.99265675167
droplethic,BC248976,118008.0,7712.0,0.03260236914374718,63220.887814075504
droplethic,BC249083,205685.0,10348.0,0.023857207942594633,49109.68525760279
droplethic,BC249091,111836.0,5096.0,0.030253631042705398,44188.16388467375
droplethic,BC249124,174175.0,9585.0,0.02762347660546105,53510.71610010998
droplethic,BC249242,264767.0,13336.0,0.019969499781612512,49362.974807707964
droplethic,BC24933,243723.0,12363.0,0.02452661786424709,49481.4909686173
droplethic,BC249968,149932.0,7798.0,0.03169098224607496,50361.988904604135
droplethic,BC25041,128593.0,4681.0,0.034057704297400224,35161.91306046106
droplethic,BC250436,111089.0,4917.0,0.031211846373879373,42880.315345170406
droplethic,BC25083,148621.0,6323.0,0.02974336878251957,41279.0431983914
droplethic,BC25084,162432.0,6710.0,0.037012005335704756,39780.643248851346
droplethic,BC250989,191842.0,10272.0,0.027125984451623047,52091.6268998078
droplethic,BC251113,196624.0,9895.0,0.03240982235126224,48693.46980955661
droplethic,BC251180,195447.0,6876.0,0.053598752639020704,33295.24104669856
droplethic,BC251679,219480.0,14369.0,0.028505665722379604,63602.16005665722
droplethic,BC252055,249966.0,10735.0,0.02256232990271217,41976.88240998529
droplethic,BC252087,133694.0,6854.0,0.03252091353807856,49599.09688250789
droplethic,BC252292,149387.0,7731.0,0.03318145928524276,50034.30109892954
droplethic,BC252340,143016.0,5841.0,0.03069571994984581,39587.922328781046
droplethic,BC252429,232875.0,13610.0,0.028837733016389342,56757.99658034113
droplethic,BC252693,140259.0,7940.0,0.025911521633446767,55142.71824432252
droplethic,BC252697,228749.0,9699.0,0.023808507732750676,41390.70021508313
droplethic,BC253210,122480.0,7087.0,0.025073628910292127,56411.68510706042
droplethic,BC253230,257889.0,13767.0,0.022877538107128108,52162.15089778612
droplethic,BC253376,130324.0,7155.0,0.02968483594046653,53271.88391122097
droplethic,BC253623,169368.0,8762.0,0.03125285988834996,50116.683444678325
droplethic,BC253718,140534.0,8414.0,0.02939429518613164,58111.7480488984
droplethic,BC253821,85131.0,2967.0,0.03277813124886384,33709.78003999273
droplethic,BC253833,191178.0,2092.0,0.035886108505552364,10549.991426871211
droplethic,BC254106,201158.0,10029.0,0.02644913683375036,48537.67489582476
droplethic,BC254754,151712.0,8799.0,0.028719958002023073,56332.34740521645
droplethic,BC254763,188658.0,2385.0,0.03739042584674415,12169.236578122927
droplethic,BC254924,93281.0,3471.0,0.029707604772356115,36104.725547915994
droplethic,BC255260,116699.0,5766.0,0.038699473627849125,47497.055116683274
droplethic,BC255431,105705.0,3834.0,0.02843776137648324,35239.29447880955
droplethic,BC255679,190327.0,10577.0,0.029042954800530558,53958.77971635547
droplethic,BC255840,182516.0,10195.0,0.02749419211833159,54322.342760928404
droplethic,BC256187,233697.0,13959.0,0.027648101455426018,58079.73637566468
droplethic,BC256206,159047.0,8580.0,0.02829335646818754,52419.99535673701
droplethic,BC256495,252700.0,12512.0,0.025069637883008356,48271.977407233084
droplethic,BC256571,110295.0,8678.0,0.03948479913610673,75573.24369279537
droplethic,BC256829,132961.0,5435.0,0.027799916644121583,39740.28063145734
droplethic,BC256833,122251.0,6796.0,0.02974626782752244,53936.93600742863
droplethic,BC256998,168071.0,9406.0,0.03040250142782146,54262.98452183846
droplethic,BC257128,232393.0,12444.0,0.027135531135531136,52094.19152276295
droplethic,BC257152,127984.0,5112.0,0.032118035861484824,38659.618395081336
droplethic,BC257178,159533.0,12053.0,0.03512740336637615,72897.82933452683
droplethic,BC257428,280928.0,14434.0,0.022046153149922892,50246.98793083642
droplethic,BC257544,242662.0,11954.0,0.026349261121298085,47963.920731536055
droplethic,BC257675,121437.0,6059.0,0.030412148890982545,48376.79446848602
droplethic,BC257695,68317.0,2397.0,0.026851086863622118,34144.32637246802
droplethic,BC257890,144399.0,9550.0,0.028414366648275492,64256.97406844208
droplethic,BC258036,153326.0,8901.0,0.029944514390196065,56314.41423772136
droplethic,BC258046,214075.0,10189.0,0.025740564599442045,46370.33463644183
droplethic,BC258067,118181.0,6559.0,0.03061199379885656,53800.661127197265
droplethic,BC258194,307352.0,14070.0,0.021059739333171956,44814.05511459912
droplethic,BC25880,154120.0,8407.0,0.028798285966349486,52977.50330833701
droplethic,BC258800,185124.0,8726.0,0.02720427112837032,45853.673916584776
droplethic,BC259175,272114.0,16086.0,0.0258855537059908,57584.70708263975
droplethic,BC259417,181042.0,10002.0,0.033127720366364924,53416.64663942962
droplethic,BC259461,136211.0,5294.0,0.024549015676136324,37912.044629365715
droplethic,BC259488,182264.0,12091.0,0.027375476269250885,64521.80966306285
droplethic,BC260028,251453.0,11763.0,0.024248938696634095,45645.745861498945
droplethic,BC260149,171428.0,7016.0,0.02848334410101216,39761.070873995486
droplethic,BC260296,198912.0,11638.0,0.0279763679100065,56871.43576186124
droplethic,BC260556,146895.0,7415.0,0.03481106226961818,48721.03184771967
droplethic,BC260796,261885.0,16402.0,0.02792779751233255,60881.41079177013
droplethic,BC261145,196775.0,10180.0,0.025716817927503726,50403.774836732366
droplethic,BC261332,120047.0,6755.0,0.02587717874647019,54813.52851439515
droplethic,BC261340,125677.0,4603.0,0.03596057223948146,35308.55674452498
droplethic,BC261436,178160.0,9001.0,0.029428748869591747,49035.20336453078
droplethic,BC261554,116329.0,4567.0,0.03601408742490159,37845.45266210897
droplethic,BC261637,170680.0,7792.0,0.0357606914863567,44020.11185808711
droplethic,BC262111,195443.0,9334.0,0.03454902018899707,46108.17192509274
droplethic,BC26213,143767.0,7228.0,0.030043179058156795,48765.34880582918
droplethic,BC262212,185390.0,9333.0,0.02850704815804643,48907.4044961484
droplethic,BC262479,184338.0,8699.0,0.02712715988135826,45910.34315329484
droplethic,BC262503,155613.0,7232.0,0.03267856032821533,44955.5541741779
droplethic,BC263034,272515.0,15491.0,0.02555584956125609,55391.865895259274
droplethic,BC263072,171189.0,5573.0,0.03736089477206143,31338.390512447073
droplethic,BC263343,187039.0,8946.0,0.026244273219491878,46574.34402332362
droplethic,BC263741,143110.0,8125.0,0.027071492671253364,55237.538411334404
droplethic,BC263897,91788.0,2952.0,0.034176522580916704,31061.91338019277
droplethic,BC26403,86625.0,6066.0,0.036214953271028034,67489.98664886515
droplethic,BC264110,291263.0,13036.0,0.020902175264974905,43821.286065328546
droplethic,BC264199,183709.0,11656.0,0.02754192428220547,61700.686033708815
droplethic,BC264446,142038.0,7459.0,0.030073339615684026,50934.84109749935
droplethic,BC264622,158774.0,9472.0,0.03066600731393127,57827.676941580125
droplethic,BC264861,169140.0,5636.0,0.03307684392257297,32219.33846312155
droplethic,BC264910,217452.0,10691.0,0.028798570790531487,47748.99508709245
droplethic,BC265212,217549.0,10479.0,0.026168893663689876,46907.94332908077
droplethic,BC265328,134681.0,6456.0,0.03063956584951561,46466.76935035771
droplethic,BC266065,134785.0,5492.0,0.0304283710390965,39506.52807251016
droplethic,BC266103,159009.0,10693.0,0.026026289676463022,65497.55601563171
droplethic,BC266172,180595.0,9831.0,0.035720960034172515,52492.19104573244
droplethic,BC266561,160128.0,9738.0,0.02616310892172961,59222.769567597155
droplethic,BC26663,149990.0,9499.0,0.0341048130546218,61171.00060533467
droplethic,BC266658,138061.0,5103.0,0.033213355368196966,35734.293157054424
droplethic,BC266693,157244.0,8836.0,0.03247560330293745,54368.024021363264
droplethic,BC2669,175327.0,7369.0,0.04197084280468613,40265.99930057702
droplethic,BC266912,135518.0,6734.0,0.02839157429845567,48280.015486313256
droplethic,BC267461,215711.0,11054.0,0.024858731522083087,49970.616156593285
droplethic,BC267656,203264.0,10515.0,0.027091191055120523,50329.30635063468
droplethic,BC267659,139098.0,6890.0,0.026571958431015782,48217.22243605445
droplethic,BC26769,202225.0,11079.0,0.025675245960087495,53378.87971323126
droplethic,BC267780,261054.0,12845.0,0.02288081986173442,48078.54263438224
droplethic,BC267963,150172.0,7910.0,0.029118932478212522,51139.15539579508
droplethic,BC267989,138559.0,4921.0,0.031908947361066475,34382.29252546707
droplethic,BC268057,207702.0,13588.0,0.02976994044143408,63473.08186383277
droplethic,BC268170,204128.0,9631.0,0.023894799760908546,46053.79557680813
droplethic,BC268449,108686.0,3478.0,0.031258634674177534,31000.15152460492
droplethic,BC268502,245707.0,11678.0,0.02168009810791871,46497.7384213544
droplethic,BC268591,167384.0,8720.0,0.029939148073022313,50536.07649956534
droplethic,BC26866,85853.0,3291.0,0.029108756375315233,37217.139561446165
droplethic,BC268685,100519.0,4514.0,0.03734030531134479,43230.09442816373
droplethic,BC268903,124052.0,4047.0,0.028650625239799235,31688.73472136308
droplethic,BC268919,296209.0,14716.0,0.02410023589567876,48483.81017646051
droplethic,BC26940,245104.0,14999.0,0.027743179239819435,59496.70366286127
droplethic,BC269459,187645.0,10745.0,0.0289335320540686,55605.580740648744
droplethic,BC269522,140319.0,11528.0,0.03635002609675027,79169.29923357966
droplethic,BC269661,146665.0,7858.0,0.0316073739534638,51884.4254285186
droplethic,BC269785,148758.0,7038.0,0.02879191476026324,45949.54559699154
droplethic,BC270033,170828.0,9888.0,0.028983612521102504,56205.13053709777
droplethic,BC270148,131887.0,8830.0,0.036526478043934045,64505.760225587524
droplethic,BC270665,226619.0,11724.0,0.02487941101802488,50447.28723198265
droplethic,BC271065,183562.0,8926.0,0.028520621748495643,47239.76057284693
droplethic,BC271222,120289.0,5309.0,0.02841519461742874,42881.258733351104
droplethic,BC271519,95656.0,1527.0,0.05084342131375273,15151.815836475493
droplethic,BC271867,155555.0,5934.0,0.026436515436947285,37138.797964688725
droplethic,BC271878,186010.0,8458.0,0.03270930837233489,43983.359334373374
droplethic,BC271964,181213.0,9671.0,0.03338116295320343,51586.64540115538
droplethic,BC272181,162056.0,9769.0,0.03541540183088699,58146.732854779
droplethic,BC272277,221980.0,11885.0,0.02700949408701598,52094.74800781969
droplethic,BC272279,203566.0,10776.0,0.027739833981296626,51467.70850248837
droplethic,BC272346,117187.0,5731.0,0.036346591890269474,47127.22129482678
droplethic,BC272583,207555.0,9206.0,0.028659812148128735,43083.31656363049
droplethic,BC272797,197949.0,12351.0,0.03047920380855357,60493.1136492761
droplethic,BC272832,295127.0,14338.0,0.024850651582035897,47375.1685125955
droplethic,BC272958,162587.0,2304.0,0.02480761502612117,13819.32906677543
droplethic,BC273067,225719.0,11414.0,0.022971440443932716,49405.69459714491
droplethic,BC273229,153237.0,4932.0,0.031102202888287512,31184.40021244847
droplethic,BC273275,158083.0,9235.0,0.030302472657232415,56648.44837844967
droplethic,BC273731,159117.0,6612.0,0.029283112794890098,40337.48787496111
droplethic,BC273852,201763.0,12300.0,0.025247718477793505,59423.44762282053
droplethic,BC273893,232558.0,10139.0,0.027543958686152753,42396.87219051203
droplethic,BC274101,82386.0,3711.0,0.025744119768693164,43884.441185861426
droplethic,BC274636,183093.0,9196.0,0.028756484929501256,48781.522857718795
droplethic,BC274762,168731.0,5140.0,0.032733130399390055,29465.54995671889
droplethic,BC274924,218744.0,9812.0,0.0275667385360866,43619.551445909
droplethic,BC27515,132041.0,6356.0,0.0317658187471127,46607.46628731494
droplethic,BC275253,179009.0,10545.0,0.031530483615293474,57050.26590996391
droplethic,BC275749,185075.0,8840.0,0.031299887466959775,46269.39886420141
droplethic,BC275958,122934.0,6643.0,0.031832787298387094,52316.97328629032
droplethic,BC276092,126816.0,5961.0,0.05647069327262176,44350.69862952547
droplethic,BC276665,143685.0,7325.0,0.0318179061634559,49357.51009049438
droplethic,BC27667,64463.0,3379.0,0.031810876976915335,50750.21402502215
droplethic,BC276675,260236.0,12001.0,0.02307212949823937,45051.84284223408
droplethic,BC2767,307619.0,15863.0,0.02413808418033931,50322.306394102045
droplethic,BC276850,131953.0,5923.0,0.027454708943233243,43654.829817656515
droplethic,BC276871,180148.0,8859.0,0.029003552005346874,47749.94744756884
droplethic,BC276950,237496.0,14466.0,0.023237067440961396,59495.11815945975
droplethic,BC276967,168948.0,5154.0,0.034444920702957564,29455.636519502787
droplethic,BC277309,137010.0,7259.0,0.030402106067682903,51370.78397237202
droplethic,BC277514,223589.0,9559.0,0.019974051703733574,41898.608785602206
droplethic,BC27785,202285.0,12684.0,0.02893256269441991,60889.435078152004
droplethic,BC277931,184367.0,6678.0,0.03213833869672265,35057.142407173116
droplethic,BC27800,111208.0,6497.0,0.03063056780739527,56632.555220445945
droplethic,BC278561,190221.0,9288.0,0.02838419025631072,47441.48985074932
droplethic,BC278722,225098.0,10019.0,0.023626623869526558,43457.89325294411
droplethic,BC27882,227894.0,15380.0,0.029375061224663636,65505.06620781887
droplethic,BC279024,82495.0,3020.0,0.026653609269179035,35632.536517450506
droplethic,BC279383,203205.0,10672.0,0.024094476088021437,51252.98959764098
droplethic,BC279919,231666.0,9328.0,0.031674775542960325,38989.48353981709
droplethic,BC279949,155905.0,7929.0,0.02994082766602164,49335.166783849876
droplethic,BC279962,220336.0,15230.0,0.03407158012871096,66766.61932067266
droplethic,BC280046,189557.0,12966.0,0.028799352386027113,66431.66750350963
droplethic,BC280321,170577.0,5350.0,0.039370832582447286,30129.302577040908
droplethic,BC280387,151721.0,5420.0,0.029594238493616802,34666.25732340676
droplethic,BC280567,159976.0,6353.0,0.031246972192616993,38471.32060846817
droplethic,BC280973,101700.0,6738.0,0.034628089759653716,63959.44868436041
droplethic,BC281308,130230.0,5827.0,0.030478544414996575,43380.18522378726
droplethic,BC281331,211149.0,6388.0,0.02658184081322177,29449.32346771777
droplethic,BC281385,202226.0,10301.0,0.029797972528869635,49420.20850424829
droplethic,BC281397,252067.0,12696.0,0.023298977061376316,49194.04835709858
droplethic,BC281590,183976.0,9349.0,0.023647788061475758,49614.71512269678
droplethic,BC281786,168648.0,8592.0,0.03013433934486566,49411.11520058889
droplethic,BC281797,278508.0,17873.0,0.028647958649842008,62335.64218999589
droplethic,BC282849,181375.0,9703.0,0.029104126073271525,51939.918206539194
droplethic,BC2830,182002.0,8074.0,0.02174181792772794,43397.63608120529
droplethic,BC283165,89891.0,3722.0,0.03072029329307742,40133.70713823593
droplethic,BC28349,227058.0,9658.0,0.020976789710378013,41643.13155659421
droplethic,BC283955,234237.0,13591.0,0.02438648518068074,56607.467137597254
droplethic,BC283966,93795.0,3045.0,0.026123703419131773,31616.326276333963
droplethic,BC284250,143005.0,6282.0,0.02366338729168231,42889.036054918724
droplethic,BC284362,151289.0,7995.0,0.031948656915063794,51157.52293930203
droplethic,BC284381,157344.0,6914.0,0.024205101490260283,42878.31711597735
droplethic,BC284882,86536.0,6425.0,0.03718373795589577,71485.79185117604
droplethic,BC285729,164900.0,6665.0,0.02863437420844599,39261.07881079871
droplethic,BC285902,107684.0,5718.0,0.025686961085023028,51735.8377894194
droplethic,BC285979,175864.0,5657.0,0.030726580283180573,31178.522809318838
droplethic,BC28600,146733.0,7561.0,0.030274792814941116,49968.93876310189
droplethic,BC286430,154948.0,5364.0,0.03106630981265164,33542.60987018185
droplethic,BC286665,216318.0,10693.0,0.024491654979278372,48221.18701775431
droplethic,BC286769,131774.0,8200.0,0.021569806725621664,60885.51296044669
droplethic,BC286812,139968.0,6851.0,0.03694172853437184,47138.718977273515
droplethic,BC286868,279684.0,15261.0,0.022699000628974772,53326.57767838424
droplethic,BC287082,136663.0,6279.0,0.035669428019023695,44306.298423630025
droplethic,BC28713,226399.0,10863.0,0.02461732001223542,46800.480800299854
droplethic,BC287149,142361.0,8105.0,0.023660766334501513,55585.655403227465
droplethic,BC28724,204050.0,10702.0,0.02806489411361233,50975.98384315668
droplethic,BC287260,117820.0,3770.0,0.030112448344556217,31034.425986598395
droplethic,BC28753,51837.0,7792.0,0.058074246361274146,141587.7746079625
droplethic,BC287643,163907.0,9248.0,0.030950325761785955,54675.95274976056
droplethic,BC287736,223318.0,10755.0,0.026436250446852848,46886.85249932427
droplethic,BC287817,168895.0,8397.0,0.03347735271395462,48052.877049414856
droplethic,BC288033,284695.0,14176.0,0.02258362429748037,48669.11797523285
droplethic,BC288133,161367.0,8221.0,0.03198579475581737,49316.43261207325
droplethic,BC288202,142206.0,7664.0,0.03060751486066423,52244.09663521841
droplethic,BC288427,121314.0,6480.0,0.03129366860172638,51743.550022757576
droplethic,BC288849,163073.0,7923.0,0.03046427700850788,47105.47750554409
droplethic,BC288932,227548.0,10448.0,0.02280359704197408,44868.546496147865
droplethic,BC289015,129632.0,4966.0,0.02791067384555394,37239.22791967245
droplethic,BC289410,233767.0,12491.0,0.021805354467775276,52268.40964440242
droplethic,BC289413,104643.0,1621.0,0.026694446253011265,15077.246472519602
droplethic,BC289433,146870.0,6403.0,0.028663262876643475,42346.76331313986
droplethic,BC289641,214060.0,7428.0,0.03452195170354601,33502.62049306765
droplethic,BC290043,209804.0,12072.0,0.025839373354568207,56052.63524462666
droplethic,BC290111,223318.0,9542.0,0.023759251244792418,41713.114144951105
droplethic,BC29042,181729.0,9383.0,0.03028217113828947,50068.301637104865
droplethic,BC290508,127133.0,5683.0,0.029844937578218003,43367.11333597876
droplethic,BC29055,255144.0,14456.0,0.0243208516886931,55280.22515907978
droplethic,BC290656,160289.0,5752.0,0.03511274846197373,34625.15500656144
droplethic,BC290739,232874.0,13568.0,0.02411693465588843,56858.135431988565
droplethic,BC290740,131348.0,7786.0,0.027390464060660362,57654.00194006531
droplethic,BC290896,200127.0,8220.0,0.03201512967602759,39758.93124897216
droplethic,BC29140,190289.0,11438.0,0.038342194101356405,57803.877175604925
droplethic,BC291463,182234.0,9583.0,0.026179241502033313,51209.5675268392
droplethic,BC291534,172175.0,10274.0,0.03273015320138651,57718.77686080416
droplethic,BC29258,196211.0,11341.0,0.02770537457507854,56198.650162040016
droplethic,BC292722,246146.0,14089.0,0.025573422642375873,55774.60551214144
droplethic,BC292771,143895.0,8924.0,0.029650958918889758,60178.56661181992
droplethic,BC292913,143118.0,8041.0,0.027572430287546884,54635.26661955754
droplethic,BC293029,117413.0,6209.0,0.02716026878557639,51445.42675095906
droplethic,BC2931,203410.0,9689.0,0.023878763448600192,46495.44595126352
droplethic,BC293345,151122.0,7380.0,0.03674619311988884,47040.22640499213
droplethic,BC29355,161523.0,8741.0,0.03126499376259476,52424.19153632089
droplethic,BC293706,158674.0,7386.0,0.02876834747267007,45209.15200705131
droplethic,BC293790,223207.0,10026.0,0.02633863333987655,43734.86880848001
droplethic,BC293792,156328.0,6599.0,0.02871699285492389,41000.31065548307
droplethic,BC294023,230375.0,14337.0,0.02640487188481255,60590.05253081907
droplethic,BC294147,140836.0,7421.0,0.030969402148110944,51060.638378389536
droplethic,BC294714,177937.0,10081.0,0.02636849132176235,55160.979666878244
droplethic,BC295080,115221.0,5005.0,0.025903538064843388,42313.05744599907
droplethic,BC295085,135200.0,6497.0,0.02531864582732568,46838.05294422977
droplethic,BC295151,176877.0,12322.0,0.033353371953218934,67340.69297190949
droplethic,BC295153,138369.0,6468.0,0.029207476215867313,45379.283248673986
droplethic,BC295369,215857.0,12013.0,0.027259289969626777,54135.53486611448
droplethic,BC295411,142774.0,8438.0,0.02952731820715344,57355.32021914382
droplethic,BC296318,235346.0,12178.0,0.02252772355359887,50579.391120156164
droplethic,BC296427,146449.0,8362.0,0.03211330531102123,55264.7579771063
droplethic,BC296900,72236.0,3666.0,0.0280932134976589,49324.578870889614
droplethic,BC297078,254141.0,11519.0,0.022045638203717244,44326.00915842537
droplethic,BC297306,68280.0,2748.0,0.03541610747736166,38820.68741435574
droplethic,BC297307,111019.0,5675.0,0.03234550684215114,49463.95885993201
droplethic,BC297464,128996.0,5443.0,0.03469228927203065,40731.26197318007
droplethic,BC297477,185857.0,9494.0,0.02673816393751669,49716.437215586266
droplethic,BC297574,198995.0,2631.0,0.043854085584416835,12641.62366304379
droplethic,BC297629,181186.0,8871.0,0.045198484425309465,46747.78539546698
droplethic,BC297693,185270.0,11235.0,0.030563389862435966,58787.82487664237
droplethic,BC298039,154290.0,5525.0,0.03736008684909969,34471.35601891713
droplethic,BC298343,180621.0,10297.0,0.024477054112004668,55613.46562032481
droplethic,BC298408,214488.0,10162.0,0.026536864320239634,46120.679873828485
droplethic,BC298592,147087.0,4922.0,0.03702321561849393,32224.273611711254
droplethic,BC29871,230925.0,12515.0,0.02672527880100815,52746.70622845245
droplethic,BC298802,270766.0,15453.0,0.024790292779732683,55656.602400873046
droplethic,BC298853,152946.0,8929.0,0.027716679592641093,56761.97983547989
droplethic,BC298871,261554.0,15817.0,0.024387150679617445,58998.403533115496
droplethic,BC298878,198865.0,10150.0,0.025916456043417777,49716.88316777366
droplethic,BC299015,200391.0,9827.0,0.028496768782512158,47641.67179750714
droplethic,BC29924,260021.0,14765.0,0.02625892679930945,55292.7915276389
droplethic,BC299315,138478.0,7326.0,0.03200145397606532,51210.714685158266
droplethic,BC299393,161367.0,8721.0,0.03230507214219749,52298.59553593917
droplethic,BC2997,188972.0,9101.0,0.026123345066248884,46902.45875871594
droplethic,BC299745,124112.0,5045.0,0.029723095204590586,39440.56162734337
droplethic,BC299943,81916.0,3860.0,0.027980159954434345,45802.97600683485
droplethic,BC299998,155233.0,10613.0,0.03001805832401257,66315.91444478463
droplethic,BC300329,175600.0,7927.0,0.024514896146389426,44035.70853216157
droplethic,BC300335,269200.0,17093.0,0.02800093878066834,61717.60755357368
droplethic,BC300357,52095.0,9287.0,0.08865874779140354,162465.23100607036
droplethic,BC300960,171095.0,883.0,0.028415834275038472,5014.224953009387
droplethic,BC301284,166976.0,8840.0,0.026435776339572038,51542.18412920529
droplethic,BC301302,147488.0,6315.0,0.026738814834367165,41672.16576481457
droplethic,BC301377,158555.0,7732.0,0.030582610343794517,47274.03902003582
droplethic,BC301384,162131.0,9688.0,0.02781675361276009,58091.98297055825
droplethic,BC301441,203066.0,10963.0,0.027689862053445313,52492.47063668009
droplethic,BC301972,261274.0,12635.0,0.022284258070793216,47281.54504189291
droplethic,BC302225,126217.0,8396.0,0.031706942846183354,64411.20061373226
droplethic,BC302579,201620.0,11343.0,0.026549954374055496,54765.61783322631
droplethic,BC302659,157587.0,8204.0,0.029421546648271783,50528.442265526835
droplethic,BC30266,277823.0,15211.0,0.024261495938271562,53422.353027945675
droplethic,BC302691,106427.0,5357.0,0.03015418823357877,48817.16118684844
droplethic,BC30300,188111.0,9972.0,0.02916464528648548,51465.19957473602
droplethic,BC303106,173696.0,13212.0,0.02598007054377022,74087.78157226251
droplethic,BC303196,173636.0,7831.0,0.022446417412159463,44087.75890509675
droplethic,BC303597,152057.0,9098.0,0.031983498959135735,57919.16272496356
droplethic,BC303618,169530.0,2276.0,0.06920690696461416,12496.225327367063
droplethic,BC304160,153778.0,6173.0,0.024406026962727995,39162.569389373515
droplethic,BC304198,232726.0,11693.0,0.027374245641017068,48868.25256189505
droplethic,BC304222,189209.0,8180.0,0.023986505656172784,42195.61640161148
droplethic,BC304270,80352.0,3439.0,0.028591462456326995,41575.49234135667
droplethic,BC304361,152856.0,10388.0,0.032826301536281036,65728.53129508239
droplethic,BC304794,175888.0,9577.0,0.029412089306801753,52847.95108653666
droplethic,BC304821,163404.0,8905.0,0.025890179854185173,53085.89721425718
droplethic,BC30536,119341.0,3642.0,0.02942444229377272,29619.629307330088
droplethic,BC306322,118872.0,3876.0,0.0345264491605955,31480.714407543677
droplethic,BC306359,70780.0,5103.0,0.031909509936673366,69796.06909851874
droplethic,BC306443,99917.0,3443.0,0.030797734062778876,33397.35381988903
droplethic,BC306672,151447.0,8251.0,0.03005014762487271,52843.94033521414
droplethic,BC306674,168112.0,7579.0,0.030143593116299463,43724.0750676428
droplethic,BC306848,208675.0,15131.0,0.031364885439489024,70235.61959226112
droplethic,BC306911,220661.0,16327.0,0.02868675664016762,71868.75489704109
droplethic,BC306927,237104.0,12028.0,0.021945021945021945,49615.549615549615
droplethic,BC307126,123546.0,6405.0,0.03053273382141764,50260.1285340992
droplethic,BC307523,221678.0,7275.0,0.029018453546383535,31865.547101877768
droplethic,BC307759,164022.0,7463.0,0.022106957610445357,44494.12746676206
droplethic,BC307811,138370.0,4331.0,0.032161043030608245,30293.492250013987
droplethic,BC307911,155700.0,8267.0,0.02847194923344752,51583.95886761137
droplethic,BC308146,81989.0,4013.0,0.030175065057960727,47468.65389164892
droplethic,BC308710,149931.0,6402.0,0.025669185929386995,41603.5767898571
droplethic,BC308781,196517.0,7312.0,0.034319241674488084,35931.02736595889
droplethic,BC309167,133608.0,7437.0,0.02940663683384669,54025.97779973267
droplethic,BC309261,205233.0,12782.0,0.028381653947393337,60512.81080159827
droplethic,BC309267,229230.0,12572.0,0.0238096252038787,53538.65284621052
droplethic,BC309888,153489.0,7902.0,0.02924490712338644,49976.915244160824
droplethic,BC310084,134831.0,5447.0,0.028420104485678256,39250.58548009367
droplethic,BC310186,260542.0,15207.0,0.024106855246499713,56959.74949246755
droplethic,BC31032,117180.0,6084.0,0.027406583556049868,50497.16970169818
droplethic,BC310433,186741.0,7990.0,0.033791754625605366,41340.70118796308
droplethic,BC310472,134258.0,6833.0,0.033015946183431524,49214.214718889096
droplethic,BC310824,216036.0,9936.0,0.025460122699386502,44821.36412847348
droplethic,BC311052,217711.0,10339.0,0.027520190108633505,46182.64008004574
droplethic,BC311054,117940.0,10680.0,0.041535623440687196,86793.28083477583
droplethic,BC311097,292928.0,15885.0,0.02499683794992644,52872.80570367264
droplethic,BC311104,159883.0,8565.0,0.030148071312017372,51955.378428054086
droplethic,BC311374,216144.0,10751.0,0.02451969292841766,48520.37892019479
droplethic,BC311566,154922.0,8546.0,0.029420240824969614,53540.327531982606
droplethic,BC311567,120516.0,5476.0,0.026495201783579437,44234.06248990274
droplethic,BC311609,154441.0,8031.0,0.034037389841321465,50230.48103925996
droplethic,BC311632,186918.0,11391.0,0.030473098089660932,59084.095376906844
droplethic,BC311658,153432.0,9426.0,0.03202362025891438,59467.03005526534
droplethic,BC311670,150806.0,5385.0,0.031195796019580887,34594.184836376255
droplethic,BC311821,159061.0,8576.0,0.02797621593874321,52408.04453706023
droplethic,BC312037,150594.0,6775.0,0.025867924162154818,43824.752737834184
droplethic,BC312045,65795.0,7534.0,0.06342970206829796,107244.02499608547
droplethic,BC312048,203628.0,9748.0,0.03073056491689039,46400.48742407799
droplethic,BC31221,228222.0,12330.0,0.02652693001650735,52593.18975776421
droplethic,BC312283,66111.0,3722.0,0.03369094948550047,54402.47895229186
droplethic,BC312705,199811.0,6731.0,0.03632628060749579,32463.11667140921
droplethic,BC312993,145929.0,8751.0,0.026809115099133706,58359.842346397774
droplethic,BC313355,89959.0,1204.0,0.03124057721300883,12965.754899849235
droplethic,BC313862,170146.0,8864.0,0.024968052125178365,50795.688326275194
droplethic,BC31399,120759.0,4985.0,0.027133500366560055,40160.48079789248
droplethic,BC314217,126789.0,6889.0,0.03163498331182073,52615.499767052876
droplethic,BC314750,162264.0,11434.0,0.03144473891555046,68249.64782847457
droplethic,BC314756,94155.0,3915.0,0.028558752824407004,40392.889200705715
droplethic,BC314869,156895.0,4326.0,0.03393347536421068,26636.946910828417
droplethic,BC314924,165513.0,7860.0,0.026061832860623035,46251.07389579974
droplethic,BC315097,227209.0,11985.0,0.027849801898013844,51279.747387877695
droplethic,BC31550,158145.0,11025.0,0.03229655556439424,67462.9642094442
droplethic,BC315506,198637.0,10836.0,0.0296758372738286,52932.90085583649
droplethic,BC31573,151141.0,8132.0,0.026792958236210737,52362.493721909574
droplethic,BC315873,129638.0,6305.0,0.029917088209763836,47180.40049088569
droplethic,BC315986,154918.0,7556.0,0.03125390830185847,47249.80614822782
droplethic,BC3160,413499.0,19647.0,0.025396324073593952,46307.33912518797
droplethic,BC316607,169154.0,12832.0,0.03751963037986208,73013.63315656509
droplethic,BC316665,146975.0,4251.0,0.02260364158697647,28269.514676739327
droplethic,BC316782,173431.0,8067.0,0.03170677237451845,45039.36128636034
droplethic,BC316857,198744.0,6938.0,0.030796014805495004,33834.164801349856
droplethic,BC316956,250303.0,13302.0,0.02368024838712194,51885.13655830935
droplethic,BC317023,299118.0,15792.0,0.02523292304984993,51463.0402690469
droplethic,BC317039,195743.0,8146.0,0.032703930105109184,40254.792178334756
droplethic,BC31724,156116.0,6723.0,0.03049799102013948,41750.762294522036
droplethic,BC317258,172017.0,9590.0,0.03180651552333566,53977.08084742328
droplethic,BC31756,141808.0,7457.0,0.026899429073342116,51170.67413263066
droplethic,BC3177,197313.0,9089.0,0.026811476258822485,44828.82776240573
droplethic,BC318106,138498.0,6752.0,0.032382469451489176,47172.90911250375
droplethic,BC318728,119897.0,4209.0,0.022254660512452496,34323.87911209695
droplethic,BC318729,143130.0,6379.0,0.02715378079864061,43357.689039932025
droplethic,BC31874,127369.0,5408.0,0.03025665623596233,41174.634354324175
droplethic,BC318791,162581.0,11204.0,0.028293936586677823,66963.51193855901
droplethic,BC319415,114992.0,4342.0,0.03285982220203702,36518.38955752361
droplethic,BC319420,259565.0,16907.0,0.0289956456029568,63247.24296338416
droplethic,BC31958,259748.0,11631.0,0.021609507128463,43810.38476750098
droplethic,BC319694,154878.0,9563.0,0.031788601114007616,59782.574720404096
droplethic,BC319729,230612.0,11255.0,0.02747882999898789,47463.81701022232
droplethic,BC319959,85180.0,8644.0,0.047619047619047616,96646.8766421807
droplethic,BC319973,119767.0,4880.0,0.02305188713874365,39806.51423817021
droplethic,BC320238,230006.0,10798.0,0.028493951476650674,45608.907210921134
droplethic,BC320264,237243.0,13628.0,0.02627193774523485,55934.06773817537
droplethic,BC320268,194506.0,8899.0,0.03194724399651611,44290.15801916138
droplethic,BC320385,175461.0,10356.0,0.029690869877785766,57269.25841951004
droplethic,BC320533,93279.0,3423.0,0.028252648685814296,35659.59308685189
droplethic,BC320605,305490.0,10369.0,0.019004007604172018,33297.15357344705
droplethic,BC320613,119409.0,5345.0,0.026496221231218257,43576.09307103433
droplethic,BC321077,164305.0,6680.0,0.029939306631399962,39438.8815416588
droplethic,BC321090,189785.0,13346.0,0.03202525705891954,68069.60992329037
droplethic,BC321132,139463.0,7492.0,0.026640145170295924,52289.2238972641
droplethic,BC321221,145319.0,6666.0,0.032084243619118664,44399.74423189642
droplethic,BC321245,109921.0,4300.0,0.029489409417186852,37965.40733350403
droplethic,BC321456,207480.0,9827.0,0.028569823299716267,46010.431590677115
droplethic,BC321526,246209.0,12758.0,0.02562874725448681,50489.74019035558
droplethic,BC321651,184953.0,1247.0,0.027632761856694478,6555.94635374772
droplethic,BC321879,126873.0,4625.0,0.02882009828686906,35403.17518639293
droplethic,BC322011,168588.0,9038.0,0.028412037944190227,52086.81520072845
droplethic,BC322171,234744.0,10281.0,0.023234912286541728,42779.035318398186
droplethic,BC322226,121926.0,5399.0,0.025247033993156597,43162.99446771769
droplethic,BC32240,144827.0,7799.0,0.03102419311673714,52179.78911309746
droplethic,BC322684,186653.0,8822.0,0.025702459063457514,46049.369183148294
droplethic,BC322874,244617.0,13910.0,0.02853432458836705,55241.81698318519
droplethic,BC322907,168043.0,9941.0,0.03002684060146036,57381.16540159889
droplethic,BC322912,159327.0,8197.0,0.029381663113006398,49936.034115138595
droplethic,BC322986,169656.0,11874.0,0.033541448297862646,67641.16119035683
droplethic,BC323212,170551.0,10248.0,0.02804989941472477,58402.14733890684
droplethic,BC323268,203089.0,9943.0,0.028189300411522632,47578.71566657096
droplethic,BC323528,170440.0,7809.0,0.029953956392321134,44444.31796838984
droplethic,BC323608,156789.0,6375.0,0.029464744442862536,39461.71130740518
droplethic,BC323756,175036.0,6284.0,0.029260393096410667,34850.70322552021
droplethic,BC324891,125811.0,4825.0,0.0357980411091185,36978.28052911513
droplethic,BC3251,135487.0,8625.0,0.03336805456465283,61535.058930966574
droplethic,BC325405,221792.0,13610.0,0.027803712713963223,59657.65884235212
droplethic,BC325409,159702.0,7572.0,0.028233805113726255,46074.64920714121
droplethic,BC325512,132701.0,4078.0,0.030133602291995555,29804.71262351634
droplethic,BC325559,196705.0,9582.0,0.027781896543202553,47359.21236025029
droplethic,BC325809,176874.0,6071.0,0.024073450785435643,33497.57499848265
droplethic,BC326056,211001.0,12450.0,0.025710050838300958,57487.45203607164
droplethic,BC32653,241514.0,13255.0,0.026592829044947443,53423.45392403431
droplethic,BC326537,172873.0,4662.0,0.06657055539357026,25172.514335698317
droplethic,BC326551,183180.0,9145.0,0.028938872661538707,48478.840536686475
droplethic,BC326587,158185.0,8546.0,0.03331764820914585,52225.35245696267
droplethic,BC326751,212060.0,11668.0,0.022215254659301544,53799.832163704945
droplethic,BC327061,116569.0,3717.0,0.026514898450026723,31041.221272047034
droplethic,BC327163,255838.0,11726.0,0.021842776361015635,44832.55655684743
droplethic,BC327267,243210.0,11926.0,0.0244910073962361,47834.87622134159
droplethic,BC327613,167682.0,9915.0,0.032149701013552516,57228.77657977975
droplethic,BC327914,200433.0,12986.0,0.02861338489946059,62935.8767453244
droplethic,BC327998,179691.0,11418.0,0.029027952643153953,61697.908279883064
droplethic,BC328023,175941.0,10200.0,0.02961761834637722,56256.92870261594
droplethic,BC32832,76503.0,2834.0,0.025935828877005348,36083.52431881844
droplethic,BC328384,152538.0,7456.0,0.030618470220391977,47383.004143470855
droplethic,BC328583,160884.0,8122.0,0.02859558024393189,49039.971017993
droplethic,BC328697,194390.0,12140.0,0.029229486174298228,60626.33899811729
droplethic,BC329179,227529.0,13323.0,0.02625564913722268,57017.76910435497
droplethic,BC32919,263815.0,13335.0,0.024973020120337655,49284.47880785891
droplethic,BC329767,200170.0,7699.0,0.03963421947790876,36937.88352020572
droplethic,BC330090,126543.0,6829.0,0.025962929893161735,52564.7341359032
droplethic,BC33020,76608.0,5217.0,0.037878026725610366,65520.446096654276
droplethic,BC330347,207559.0,11134.0,0.026084141180003566,52243.35813962218
droplethic,BC33036,192067.0,9354.0,0.024991116300319815,47484.64389055282
droplethic,BC33053,74998.0,3097.0,0.022903746938350095,40348.63724008546
droplethic,BC330557,128141.0,6425.0,0.030850098320980183,48593.25366812888
droplethic,BC330638,60251.0,2988.0,0.030086928525434643,48100.45074050225
droplethic,BC330670,201733.0,9023.0,0.025566837015640546,43583.8976746882
droplethic,BC330787,241333.0,10547.0,0.026164468135761468,42559.63069523076
droplethic,BC330970,134494.0,6647.0,0.028327854640031788,48022.25192356319
droplethic,BC331236,168213.0,8072.0,0.028664314545234066,46611.27054978433
droplethic,BC331366,276420.0,14376.0,0.022774356399940607,50823.369699712224
droplethic,BC331439,148458.0,7497.0,0.031218595424230954,48922.61912530508
droplethic,BC331958,249372.0,15143.0,0.029307009314872266,58944.885383863824
droplethic,BC331999,228418.0,9842.0,0.02230877883833412,42126.43924153576
droplethic,BC332282,163895.0,8995.0,0.03717476486726236,52842.44784782315
droplethic,BC332464,192894.0,9797.0,0.025108408891045274,49514.30795200695
droplethic,BC332529,148067.0,6166.0,0.03018811077052058,40386.17726427205
droplethic,BC332636,215520.0,8628.0,0.022181489866566248,39145.406947992145
droplethic,BC332827,163895.0,6795.0,0.03662579499900074,39940.98491706147
droplethic,BC3329,158661.0,7517.0,0.024980642306699604,46194.216044147826
droplethic,BC333036,148902.0,6247.0,0.026141439773968437,40857.03634425339
droplethic,BC333070,191703.0,9760.0,0.028604292924174556,49455.783691752644
droplethic,BC333289,154116.0,8005.0,0.03395535719882407,50177.70617991262
droplethic,BC333398,203419.0,12383.0,0.03090892633404317,58992.79204600132
droplethic,BC333448,215376.0,10444.0,0.026337917378685544,47214.76297682661
droplethic,BC333501,244889.0,15537.0,0.03130500824752871,61458.922560254425
droplethic,BC333735,187215.0,9903.0,0.029737811798728187,51323.37926852653
droplethic,BC333760,152792.0,7334.0,0.030981056209846713,46512.807828662386
droplethic,BC333916,338710.0,15884.0,0.020182997914298194,45949.081105161604
droplethic,BC334513,233284.0,12709.0,0.029002880309008872,52898.62311239865
droplethic,BC334703,250402.0,16543.0,0.03242359723794693,63923.67645183602
droplethic,BC334762,94091.0,3509.0,0.029319220492505134,36200.2620366645
droplethic,BC334788,213334.0,7966.0,0.032915523923933,36111.425916271895
droplethic,BC334837,137144.0,6720.0,0.026173400553859263,47717.10573031314
droplethic,BC334867,145115.0,9747.0,0.034009212908722976,64883.10789221429
droplethic,BC335059,169936.0,13450.0,0.03245899212580493,76578.39749027825
droplethic,BC335169,180549.0,9786.0,0.031685589707010194,52483.950723223046
droplethic,BC335354,242512.0,10644.0,0.024932351746792487,42796.31543184313
droplethic,BC336103,91979.0,3563.0,0.02907117899781491,37610.96977821879
droplethic,BC336179,177528.0,9154.0,0.027451667862758097,50148.18751061417
droplethic,BC33636,195979.0,8289.0,0.030051818600254392,41024.29584609826
droplethic,BC336552,151307.0,11386.0,0.03588655464862144,72550.48139723077
droplethic,BC336629,168435.0,7554.0,0.03037228500210119,43486.01988359977
droplethic,BC336696,294099.0,15188.0,0.025952605693278355,50302.217364664575
droplethic,BC336791,151512.0,5504.0,0.030292169349419182,35226.72725527217
droplethic,BC337046,222369.0,10529.0,0.027835583379966423,46031.232512590934
droplethic,BC337145,194448.0,10654.0,0.03214438593172927,53029.775118712234
droplethic,BC337155,217115.0,1567.0,0.031065352826719506,6993.163033970617
droplethic,BC337275,286682.0,17609.0,0.027194125471672503,59753.101501208024
droplethic,BC337354,160116.0,7794.0,0.031156022146249962,47160.6208211055
droplethic,BC337547,154243.0,7389.0,0.032225073566781066,46361.18936622767
droplethic,BC337577,217013.0,12822.0,0.030919410369880815,57257.17500904272
droplethic,BC337621,288986.0,15714.0,0.024121244457651903,53064.71166282263
droplethic,BC337641,183787.0,9366.0,0.029266669483647426,49469.70337192597
droplethic,BC33811,123985.0,5685.0,0.02834595069042805,44552.59321954202
droplethic,BC338479,183944.0,8610.0,0.0268594494791584,45550.49438951228
droplethic,BC338731,116587.0,6388.0,0.03133152760929892,53074.992937735755
droplethic,BC338830,134077.0,7331.0,0.03019146335288714,53026.74121706172
droplethic,BC338848,153343.0,8724.0,0.028620115164606837,55263.80803364985
droplethic,BC338898,312188.0,16956.0,0.024314931493149314,52992.799279928
droplethic,BC339079,172829.0,8236.0,0.030553748120891202,46198.03002086652
droplethic,BC33945,116645.0,6282.0,0.031131378070153582,52179.1134036032
droplethic,BC339723,181574.0,12294.0,0.03187382699198089,65549.82084968436
droplethic,BC339814,110961.0,3476.0,0.03172857928218016,30332.382174053422
droplethic,BC340485,97187.0,4183.0,0.026796711494747806,41887.385718434256
droplethic,BC340731,192274.0,10197.0,0.027312784244686934,51585.19372903735
droplethic,BC340856,259121.0,16464.0,0.024863770472061657,61958.092485549125
droplethic,BC341258,259966.0,14849.0,0.02642114290636317,55609.85840065013
droplethic,BC341363,113902.0,4785.0,0.02929947162093063,40778.93301516959
droplethic,BC341431,182837.0,11756.0,0.03137333848982035,62280.474043621754
droplethic,BC341460,161393.0,7857.0,0.03022418776250879,47211.02251491681
droplethic,BC341512,176229.0,10023.0,0.030211480362537766,55156.58791870966
droplethic,BC341517,230257.0,13744.0,0.02636041117843808,58116.376521728096
droplethic,BC341558,160246.0,10014.0,0.03176377467477931,60506.456076324896
droplethic,BC341907,215742.0,9643.0,0.026197719660928206,43525.94946421962
droplethic,BC342223,129793.0,4827.0,0.027541976039379933,36165.70139882669
droplethic,BC342262,209988.0,10419.0,0.0283191737464601,48212.005108556834
droplethic,BC342780,201604.0,11466.0,0.02847532443750512,55254.36960575964
droplethic,BC343264,177996.0,9522.0,0.031045351362827232,51834.79496350007
droplethic,BC343269,169492.0,6774.0,0.028571101062031097,38824.60152340996
droplethic,BC343302,294916.0,16509.0,0.024090325484122887,54630.10761227812
droplethic,BC34366,179912.0,8849.0,0.027839017853283188,47815.89071888644
droplethic,BC343682,225779.0,12139.0,0.02689854322903198,52318.76562365313
droplethic,BC343773,88339.0,3478.0,0.02820588979461624,38260.56345775167
droplethic,BC343845,150132.0,8029.0,0.030167568894458728,51866.25495794628
droplethic,BC343900,174115.0,10267.0,0.032818028807430163,57031.60151758387
droplethic,BC34399,197741.0,11280.0,0.02775988632508469,55460.77182907462
droplethic,BC344107,221371.0,9716.0,0.022048753766091483,42922.39863581343
droplethic,BC345286,137234.0,5016.0,0.029002426892516257,35490.64974209845
droplethic,BC34561,119762.0,6795.0,0.02763749736128477,55169.446113375445
droplethic,BC345712,192711.0,9148.0,0.025752635171001743,46247.567048355704
droplethic,BC345830,108793.0,4057.0,0.03204768895413497,36095.91173984608
droplethic,BC346057,174688.0,5636.0,0.03420594333102972,31159.6406357982
droplethic,BC346273,162913.0,8645.0,0.036080491802308726,51150.516830265486
droplethic,BC346322,97230.0,5628.0,0.038050575804345246,55680.873797934226
droplethic,BC347046,133199.0,7067.0,0.029359897397032677,51498.23651149911
droplethic,BC347054,160636.0,9112.0,0.026902596969898895,55198.4831321141
droplethic,BC347224,228955.0,9784.0,0.02256650202142238,41768.94736617415
droplethic,BC347271,241514.0,12414.0,0.025469482620871096,50091.5965233672
droplethic,BC348047,174405.0,8605.0,0.029676364061222104,47874.97426824451
droplethic,BC348137,139168.0,4787.0,0.03951854459121841,33037.944980468485
droplethic,BC348192,137851.0,7620.0,0.030078944035574068,53614.39849147939
droplethic,BC348331,239435.0,14285.0,0.023061198676388384,58285.425175549906
droplethic,BC348750,171343.0,9005.0,0.02846952892880633,51059.173073869955
droplethic,BC348823,248414.0,12919.0,0.026029883984897258,50652.21738226957
droplethic,BC349165,99704.0,2812.0,0.025700158305157622,27478.64834756777
droplethic,BC349394,98909.0,7289.0,0.038374037489305436,70866.06517850199
droplethic,BC349634,195094.0,10035.0,0.03268926604094463,49755.31392702554
droplethic,BC349658,262790.0,14508.0,0.026728936657197777,53731.9402830297
droplethic,BC349684,144775.0,10618.0,0.03606074931254203,70696.64627041567
droplethic,BC34985,176937.0,8952.0,0.02906702371675977,49123.65420283811
droplethic,BC350170,160864.0,8043.0,0.03160480152184644,48418.55593146875
droplethic,BC350259,184280.0,9959.0,0.030819396234353633,52377.19575049963
droplethic,BC350270,185304.0,7446.0,0.024099431219717717,39214.24057299347
droplethic,BC350271,218061.0,10835.0,0.02706501224752038,48343.126887880535
droplethic,BC350332,104910.0,4001.0,0.02979691488181112,37001.07276291939
droplethic,BC351118,247186.0,10408.0,0.020583958380385212,41239.23750203066
droplethic,BC351150,203041.0,10876.0,0.02466662823764507,52244.254861271234
droplethic,BC351259,153137.0,5169.0,0.03153853937416205,32689.53479547697
droplethic,BC351306,190748.0,10807.0,0.031126191105061055,54892.4195940592
droplethic,BC351317,170634.0,7024.0,0.026916979367450983,40056.115058681295
droplethic,BC351393,250406.0,13699.0,0.024287033537381302,53378.48105704901
droplethic,BC35155,203429.0,9348.0,0.028370962272351686,44648.44365689286
droplethic,BC351685,189238.0,10150.0,0.025972287990776388,52243.10802742377
droplethic,BC352083,174064.0,11796.0,0.03755473968239926,65223.160967841824
droplethic,BC352254,192708.0,10321.0,0.028606281788258067,52025.627195878675
droplethic,BC352468,119192.0,4495.0,0.03039966159327742,36565.82254797485
droplethic,BC352496,161820.0,7646.0,0.03067550811364494,45800.61219233142
droplethic,BC352497,174222.0,10392.0,0.02665467364645545,58058.1363517009
droplethic,BC352770,121198.0,3991.0,0.032992109021566546,31843.16979566435
droplethic,BC353165,117119.0,5843.0,0.04432440371763592,47678.10952175013
droplethic,BC353645,189292.0,3807.0,0.04570042902443574,19192.667765695187
droplethic,BC353751,152839.0,9343.0,0.03874842767295598,58761.00628930818
droplethic,BC35388,173219.0,11788.0,0.032587934366168865,65834.88779921141
droplethic,BC353964,122158.0,7160.0,0.031944147271156756,56740.28639580312
droplethic,BC354043,204913.0,10036.0,0.023475140464832563,47827.143667287775
droplethic,BC354143,221741.0,10067.0,0.02401869734768792,44309.36892050106
droplethic,BC354175,132085.0,9200.0,0.031450276445656795,67461.53958965786
droplethic,BC354245,139798.0,4875.0,0.0247921200959875,34007.19906244768
droplethic,BC354471,275593.0,16067.0,0.02730738008682455,56707.725973246736
droplethic,BC354525,174044.0,9180.0,0.027850080992012513,51276.32240406636
droplethic,BC35459,133899.0,6825.0,0.03132483053483712,49374.58854509546
droplethic,BC354604,195252.0,13028.0,0.03266847002169971,64544.25651239064
droplethic,BC354743,310863.0,17865.0,0.025031049666921754,56030.535308803046
droplethic,BC354811,169637.0,5805.0,0.04133889416338894,32805.506578055065
droplethic,BC354838,141723.0,6833.0,0.031278409285094226,46705.71910949494
droplethic,BC355030,129163.0,4906.0,0.030868041747638377,36810.55245841368
droplethic,BC355129,152696.0,8598.0,0.028200118375581534,54720.06720678178
droplethic,BC355203,185681.0,10126.0,0.03264442788894851,52754.14567562921
droplethic,BC355302,250802.0,11353.0,0.0221724908280667,44263.10679990175
droplethic,BC355520,140206.0,4968.0,0.03380836870830806,34235.62489663157
droplethic,BC355569,194918.0,9360.0,0.030398599207079574,46560.44650274338
droplethic,BC355902,148840.0,6275.0,0.02734211626934337,41006.63948138854
droplethic,BC356284,146766.0,2368.0,0.03794696994526564,15522.270656484547
droplethic,BC356573,152558.0,5749.0,0.028181574957638456,36622.03309933623
droplethic,BC356664,218584.0,10456.0,0.02259902163317504,46754.12944132929
droplethic,BC356740,148542.0,8673.0,0.029054756286481857,56691.091399922865
droplethic,BC356925,203316.0,11263.0,0.027907799553436956,53850.53047290739
droplethic,BC357011,106202.0,4677.0,0.02856620169220215,42780.699748456434
droplethic,BC357040,95131.0,2981.0,0.03057137907491007,30377.760340768975
droplethic,BC357620,136688.0,6935.0,0.03217401155545485,49103.60258298403
droplethic,BC357965,174434.0,9100.0,0.032690249488435026,50463.31982099386
droplethic,BC358030,180819.0,9187.0,0.02557069259123537,49508.525360522515
droplethic,BC358097,250271.0,14292.0,0.021801922227563914,55861.074305547416
droplethic,BC35811,139380.0,5858.0,0.035419175351907986,40540.35349970242
droplethic,BC358290,234214.0,13064.0,0.025959011212030477,54330.10613168313
droplethic,BC358320,197688.0,8832.0,0.029075478370201562,43377.47043338179
droplethic,BC358641,155637.0,8310.0,0.03163245624405025,51704.50656728119
droplethic,BC358756,135687.0,6619.0,0.0356838275009239,47040.67998976604
droplethic,BC358918,148729.0,8616.0,0.029684431657304652,56211.22267238174
droplethic,BC35911,108145.0,6447.0,0.03273556638790752,57662.89521935512
droplethic,BC360273,241724.0,11775.0,0.028936194145271505,47303.024581503814
droplethic,BC360534,112025.0,4208.0,0.025717068758588302,36597.03257901237
droplethic,BC360598,226925.0,12182.0,0.026047881061314882,52284.608187335296
droplethic,BC360806,279392.0,14007.0,0.024503334380782792,48905.41531371111
droplethic,BC361164,315302.0,15718.0,0.022104091133241736,48748.7167717544
droplethic,BC361425,213277.0,10626.0,0.028917077968200776,48381.80924108037
droplethic,BC361436,168007.0,6842.0,0.02824339175198103,39574.29579501417
droplethic,BC361554,98452.0,4843.0,0.02719260108296115,47853.83976917908
droplethic,BC361646,161601.0,6942.0,0.030285391963899958,41656.66554654121
droplethic,BC361753,276169.0,15082.0,0.02531225625659541,53229.14791717401
droplethic,BC36237,212410.0,13513.0,0.02870756511559848,61791.22768510389
droplethic,BC362599,114940.0,4417.0,0.026773467003099016,37399.87468459467
droplethic,BC3632,161592.0,7920.0,0.027959576515880654,47641.96342637151
droplethic,BC363231,257556.0,13870.0,0.026407904982951667,52430.237920632644
droplethic,BC363521,115750.0,5320.0,0.029138428504327987,44621.88821042743
droplethic,BC363610,145720.0,5856.0,0.032744120595009724,38870.782526733616
droplethic,BC36376,144772.0,6350.0,0.02930744319210422,42576.58757031842
droplethic,BC363941,120101.0,5084.0,0.029369216470683315,41087.80862326747
droplethic,BC364619,115711.0,4329.0,0.03062823058299195,36266.30475759632
droplethic,BC365194,179064.0,8812.0,0.02261909960263744,48098.33631719139
droplethic,BC365271,166238.0,8423.0,0.030687867709226185,49113.416248301764
droplethic,BC36528,221861.0,10042.0,0.03821377169709896,43532.920633269176
droplethic,BC36583,218758.0,12034.0,0.027110925311535486,53519.1724407838
droplethic,BC365849,149637.0,3887.0,0.031137096460898954,25167.372414954094
droplethic,BC365853,176007.0,7635.0,0.029606840999685736,42094.64265039117
droplethic,BC366091,121741.0,5845.0,0.026017456977590746,46762.61870664757
droplethic,BC36611,77818.0,2838.0,0.03287225184246175,35270.86984079639
droplethic,BC366122,215440.0,14877.0,0.03373235677988527,66724.67382187916
droplethic,BC366670,244465.0,12911.0,0.024255414261880243,51532.278021249935
droplethic,BC366825,129310.0,3747.0,0.031102719146417306,28075.617596151686
droplethic,BC367191,141639.0,6750.0,0.026281778058874484,46403.87180157017
droplethic,BC3672,117563.0,6669.0,0.03244310933706432,54886.63017982799
droplethic,BC367356,96794.0,4423.0,0.03133350012509382,44263.197398048535
droplethic,BC367476,216443.0,14820.0,0.03213357838205242,66270.47475953477
droplethic,BC367618,219162.0,10272.0,0.023194245117352897,45782.337787365286
droplethic,BC367744,136169.0,7500.0,0.02831514874729729,53519.0563519984
droplethic,BC367877,130357.0,7183.0,0.032055185113681925,53336.20446411335
droplethic,BC36789,120078.0,5201.0,0.029366830758784587,42041.53228088044
droplethic,BC368279,188336.0,2017.0,0.021712481040536892,10477.051258077252
droplethic,BC368707,177824.0,6453.0,0.03409016838674633,35051.60239000543
droplethic,BC368739,148148.0,7392.0,0.029867263880976234,48405.79140718621
droplethic,BC368802,256555.0,14792.0,0.02546171436385599,56188.22599883005
droplethic,BC368896,215567.0,11476.0,0.02631959312357155,51835.18975220647
droplethic,BC368930,253897.0,12348.0,0.02371714763616788,47480.43758291197
droplethic,BC369216,112604.0,4982.0,0.030846559025028402,42878.78266258133
droplethic,BC369286,184392.0,10754.0,0.02564915506800672,56825.507540449995
droplethic,BC369726,182060.0,9174.0,0.027763685590545716,48990.96972642169
droplethic,BC369869,207788.0,11542.0,0.029735333121649637,53895.291282989965
droplethic,BC370084,97339.0,4427.0,0.026648934042638295,44268.22927082917
droplethic,BC370183,80521.0,6014.0,0.042100880323578393,71544.13514156555
droplethic,BC37037,148514.0,5112.0,0.02896484987969453,33423.998326184745
droplethic,BC370586,55128.0,2726.0,0.02222379879746723,48349.62132633334
droplethic,BC370591,238726.0,12867.0,0.02414637436486492,52597.155739413734
droplethic,BC370605,105302.0,5430.0,0.032932921901403275,49867.754022481815
droplethic,BC370844,135277.0,7858.0,0.031723081548074926,56245.48167977725
droplethic,BC370876,127694.0,6360.0,0.026982131291195185,48462.6814493085
droplethic,BC370893,125121.0,6930.0,0.030310310620621242,53707.60741521483
droplethic,BC371009,119769.0,5435.0,0.02753329002923027,44129.58752841831
droplethic,BC371339,169297.0,7697.0,0.02790027331817451,44196.00817657732
droplethic,BC371643,185306.0,11143.0,0.029958802066701914,58331.457527391125
droplethic,BC371656,151087.0,5755.0,0.02977704143227762,36956.41005882202
droplethic,BC371701,170907.0,10186.0,0.02695270466462842,57993.29313770703
droplethic,BC371920,244802.0,12327.0,0.02514375826311346,49088.86729638892
droplethic,BC371952,98680.0,5346.0,0.026305922286030035,52749.985199218514
droplethic,BC372068,144552.0,7201.0,0.03385956235212341,48129.23578713791
droplethic,BC372284,122590.0,5041.0,0.029712530868106123,39899.00588868486
droplethic,BC372355,143661.0,7301.0,0.030130161216278255,49289.78423483027
droplethic,BC372679,131606.0,5753.0,0.031275992786426704,42346.61955761658
droplethic,BC372692,162603.0,11328.0,0.035283298724414124,67208.54345891427
droplethic,BC372844,196945.0,8977.0,0.022833383776488858,44540.479391903624
droplethic,BC372967,248817.0,14973.0,0.0283963778217729,58467.95450019329
droplethic,BC373608,169691.0,9431.0,0.030580882520966156,53877.8821324924
droplethic,BC373741,169050.0,10350.0,0.03175921418139122,59280.04811134339
droplethic,BC373801,219211.0,9603.0,0.024228368958487272,42745.73343897727
droplethic,BC373932,155078.0,6781.0,0.03444969522635436,42220.022289880515
droplethic,BC373972,271928.0,14893.0,0.023839695012725752,53462.517365536005
droplethic,BC374004,175366.0,8408.0,0.028728406617447508,46568.04373231129
droplethic,BC374200,165224.0,8645.0,0.03177905266427186,50660.13466395542
droplethic,BC374769,269077.0,14490.0,0.021758730758883453,52679.032363612576
droplethic,BC374835,208686.0,8896.0,0.02487278572396488,41568.345256507906
droplethic,BC374896,128224.0,6110.0,0.029480998191024756,46246.187149463745
droplethic,BC374985,188560.0,9697.0,0.02805626717112622,49983.76313768343
droplethic,BC375162,93832.0,4826.0,0.025294233745728027,50131.4053621698
droplethic,BC375480,223606.0,11106.0,0.027601292438019943,48296.8258731132
droplethic,BC375520,102899.0,4551.0,0.02871409558150291,42957.8727782445
droplethic,BC375567,149211.0,4637.0,0.03862608404314266,29876.42230326147
droplethic,BC375813,194869.0,10074.0,0.029551351324432405,50168.57317868757
droplethic,BC376791,76087.0,5840.0,0.04884116308723154,73005.47541065581
droplethic,BC377420,200573.0,8755.0,0.022396280121656398,42672.346564766434
droplethic,BC377499,52199.0,6950.0,0.05898577635160714,125290.69243388437
droplethic,BC378147,117159.0,8415.0,0.03587122895373525,69249.0001481262
droplethic,BC378264,275506.0,15315.0,0.024757522123893805,54212.38938053098
droplethic,BC378279,200076.0,9240.0,0.02738334248866117,44917.82080511791
droplethic,BC378318,161148.0,8229.0,0.032516029874402635,49404.43313080858
droplethic,BC37833,200069.0,11409.0,0.03184611662230825,55209.291071860636
droplethic,BC378424,174453.0,6469.0,0.02835516642160139,36030.165307668314
droplethic,BC378583,173123.0,5410.0,0.034353699757923274,30175.923963364978
droplethic,BC3791,215159.0,12821.0,0.026526771090660657,58007.800128494
droplethic,BC379244,210607.0,10509.0,0.024859243619661443,48658.184242693635
droplethic,BC379281,254291.0,11365.0,0.022949774075554052,43667.19945901085
droplethic,BC379569,65682.0,2582.0,0.02727918962146792,38238.256027486525
droplethic,BC379939,181795.0,9540.0,0.03491495551355828,50644.469454058984
droplethic,BC380425,116516.0,3892.0,0.030358510036283745,32389.06827335974
droplethic,BC380538,158380.0,5151.0,0.027466488182594118,31629.751984918916
droplethic,BC380604,198692.0,9475.0,0.027711580338137067,46365.39355533263
droplethic,BC381384,182958.0,6123.0,0.030876066678320012,32433.377298224983
droplethic,BC381596,226477.0,15357.0,0.03342182085118733,65541.93625484405
droplethic,BC381635,152065.0,4914.0,0.028791681835310046,31384.721503707537
droplethic,BC381652,184839.0,6515.0,0.024601453290483955,34379.76580598519
droplethic,BC381670,138753.0,6859.0,0.029258054360373598,47986.84716829328
droplethic,BC381678,132123.0,6300.0,0.026244804103652604,46431.41416821438
droplethic,BC381829,224805.0,11436.0,0.02704983661898682,49494.709051957325
droplethic,BC382046,163026.0,8946.0,0.026187205065408278,53437.6680007168
droplethic,BC382133,208044.0,10780.0,0.02820868541640392,50354.30183620372
droplethic,BC382179,236010.0,10380.0,0.02517100089217857,42874.13673462644
droplethic,BC382272,181706.0,8409.0,0.03146437537644783,44821.94351017275
droplethic,BC382368,117302.0,4764.0,0.022467041117351955,39700.66167769463
droplethic,BC38238,128996.0,1622.0,0.038871048259110516,12085.267448011742
droplethic,BC382886,144234.0,6677.0,0.030574729639811,44877.43895471929
droplethic,BC383046,120622.0,5861.0,0.031226407517468475,47072.52429523733
droplethic,BC383191,181684.0,6627.0,0.03215942808742762,35302.39024935942
droplethic,BC383552,207477.0,9737.0,0.030866244715883877,45481.934745545
droplethic,BC383953,170197.0,9748.0,0.02865018805252915,55633.871142640266
droplethic,BC384131,122066.0,6105.0,0.031006890420093355,48463.15054139015
droplethic,BC384192,210570.0,10279.0,0.025387054222304507,47575.84874221842
droplethic,BC384258,235440.0,11607.0,0.022729914160952366,48178.618273589134
droplethic,BC384289,121045.0,6457.0,0.036427030512414325,51400.64161246925
droplethic,BC384443,247152.0,13304.0,0.026772881382628934,52388.059113766045
droplethic,BC384556,179713.0,8212.0,0.027095356164531882,44456.956008618545
droplethic,BC384752,190693.0,12722.0,0.033447884354155265,64483.10119011415
droplethic,BC384917,213634.0,10973.0,0.029659708217510582,49840.11918388111
droplethic,BC385011,152344.0,4699.0,0.03477726457711632,29771.97417523585
droplethic,BC385021,538915.0,28448.0,0.025903485971882308,51420.163905387475
droplethic,BC385023,238790.0,13613.0,0.025923433070223746,55530.400375288096
droplethic,BC385165,187374.0,11053.0,0.027477318496065772,57368.11509954948
droplethic,BC385207,159586.0,7602.0,0.03184396517729851,46118.846118846115
droplethic,BC385410,202644.0,4916.0,0.027993092862624712,23580.199539524176
droplethic,BC385730,166030.0,10068.0,0.028120865869791727,58934.40415842279
droplethic,BC385767,134991.0,4554.0,0.030814959471005075,32696.02176862934
droplethic,BC385999,126062.0,6485.0,0.026863874264717234,50060.98408238255
droplethic,BC386026,156512.0,8974.0,0.026866376925133523,55797.00683317478
droplethic,BC386227,142381.0,9632.0,0.02789043190911201,65762.70260674832
droplethic,BC386412,100102.0,7679.0,0.04166427326861585,73515.61452888353
droplethic,BC38646,187573.0,9365.0,0.02727244440756721,48565.590773315635
droplethic,BC386565,133381.0,6455.0,0.028904048751010186,46996.38153344351
droplethic,BC386642,145124.0,8246.0,0.03602197320438136,54773.59230007905
droplethic,BC386857,136476.0,6975.0,0.024021167804912934,49880.2159688204
droplethic,BC386957,184568.0,10144.0,0.023351553859911844,53677.35380805477
droplethic,BC387173,149200.0,5844.0,0.03392903392903393,37839.93783993784
droplethic,BC387215,192360.0,9243.0,0.02750252780586451,46729.01921132457
droplethic,BC387388,222760.0,12351.0,0.022853884283019696,54178.18133964995
droplethic,BC388094,193508.0,12754.0,0.031951774681707894,63803.49683583882
droplethic,BC388178,171425.0,9469.0,0.025396265890432767,53834.17096854888
droplethic,BC388322,197134.0,9845.0,0.024359583481807025,48724.116086629445
droplethic,BC388676,113852.0,6021.0,0.031170488873760796,51236.01242394588
droplethic,BC388808,176623.0,7431.0,0.022870483577399493,41110.44108941839
droplethic,BC38899,257205.0,12602.0,0.023274624621203492,47855.57504917709
droplethic,BC389075,156386.0,6065.0,0.02680871718919188,37742.54172526665
droplethic,BC389507,163715.0,9635.0,0.031186199958576206,57016.89499067965
droplethic,BC389871,199798.0,10328.0,0.029164237123420797,50184.6452866861
droplethic,BC390089,259529.0,15771.0,0.02659590428324957,59151.60153026779
droplethic,BC390218,164621.0,9672.0,0.030020740531240424,56989.32334016828
droplethic,BC390347,175161.0,10293.0,0.03196551438282351,56884.68871756611
droplethic,BC390557,78328.0,3893.0,0.027561205740676366,48331.429706510404
droplethic,BC390727,129123.0,7363.0,0.03345260195221271,55115.575782981025
droplethic,BC390757,141971.0,7426.0,0.027242766209651447,50881.48437446471
droplethic,BC390777,127610.0,4686.0,0.028310794346978557,35681.65204678362
droplethic,BC391055,90748.0,4939.0,0.034081958488557745,52570.51623203832
droplethic,BC392055,231201.0,12717.0,0.026940008922483816,53522.27674851222
droplethic,BC392150,211132.0,11561.0,0.023612871003246425,53464.23847797334
droplethic,BC392167,195708.0,10880.0,0.02787601827935625,54043.31412676336
droplethic,BC392353,262002.0,12321.0,0.024132061486660136,45891.515600731516
droplethic,BC392397,177361.0,8890.0,0.025943927286706758,48823.35173133427
droplethic,BC392677,179817.0,9397.0,0.027795499518809677,50806.12895900691
droplethic,BC392729,191366.0,8405.0,0.028056275077454416,42688.81101122454
droplethic,BC392759,113285.0,1843.0,0.046181695714405994,15517.38654542393
droplethic,BC392969,164470.0,8927.0,0.023708329376009116,52990.549909773006
droplethic,BC393000,184148.0,9330.0,0.031070280395468632,49091.56919385645
droplethic,BC393010,216800.0,11674.0,0.023665308144378644,52572.56085204116
droplethic,BC393079,161669.0,8417.0,0.03361188819549052,50313.2247806231
droplethic,BC393155,157526.0,7451.0,0.03128881892088012,45820.163085589185
droplethic,BC393223,185981.0,12416.0,0.02706703983678167,64952.52543747221
droplethic,BC393306,168648.0,8236.0,0.02945898818532863,47396.80146402942
droplethic,BC393455,158616.0,11062.0,0.03524116537923484,67283.01198223952
droplethic,BC393480,208152.0,10230.0,0.026999738229684753,47819.82723159194
droplethic,BC393692,155885.0,5775.0,0.03249731568200297,35842.62759044445
droplethic,BC393806,163913.0,7927.0,0.02842188870711525,46986.509234891055
droplethic,BC394030,119911.0,5042.0,0.02803761044013942,40868.930858393454
droplethic,BC394051,146125.0,6924.0,0.026203376050434168,46142.46586297207
droplethic,BC394111,60119.0,6745.0,0.05412294088956717,106121.87101747982
droplethic,BC394353,113728.0,7061.0,0.0367992682493034,59801.986906405364
droplethic,BC394483,110108.0,5535.0,0.027202770636203806,48901.375599671344
droplethic,BC395332,105291.0,11312.0,0.0652681480429321,100423.46173308595
droplethic,BC395699,153585.0,6761.0,0.027395178296635448,42815.25669522706
droplethic,BC395922,103014.0,7308.0,0.047331039840195314,67584.06392187327
droplethic,BC395958,204507.0,11281.0,0.026935594381637548,53676.106733660694
droplethic,BC39605,288484.0,13634.0,0.022247227569751362,46209.43032998021
droplethic,BC396290,196419.0,9816.0,0.027777915270428794,48586.60304606719
droplethic,BC396428,202728.0,1808.0,0.025898768967604915,8687.379275218866
droplethic,BC396611,248607.0,14018.0,0.026254357447808546,54905.80079119502
droplethic,BC396773,184679.0,10478.0,0.02818939569344756,55136.921425414126
droplethic,BC396954,226385.0,14837.0,0.02946106654891386,63607.95174421347
droplethic,BC397304,242384.0,12095.0,0.025975696007201184,48603.96708030605
droplethic,BC397344,212009.0,10612.0,0.02329706172316254,48888.35653672155
droplethic,BC397694,251880.0,16181.0,0.025846698870294667,62580.49295529523
droplethic,BC39775,236210.0,12299.0,0.02306171573209367,50867.29587321019
droplethic,BC397827,134148.0,8024.0,0.030883595934201685,57967.24532772733
droplethic,BC397997,156112.0,7434.0,0.03037229351188184,46173.339461621596
droplethic,BC398415,162385.0,7434.0,0.03175123725478505,44326.51600977879
droplethic,BC398483,164679.0,9927.0,0.02519889188805228,58761.897996874555
droplethic,BC398486,156710.0,6739.0,0.02944910661753321,41736.59926299817
droplethic,BC398532,197536.0,10238.0,0.029664742723811862,50291.047525482005
droplethic,BC398590,155021.0,1789.0,0.024190502568234466,11261.204552321482
droplethic,BC398692,184486.0,8150.0,0.029690055803630128,42865.18242685307
droplethic,BC398986,219498.0,12205.0,0.02371569630387404,54285.4601254281
droplethic,BC399109,241029.0,9305.0,0.0230309957804881,37716.1942515737
droplethic,BC399656,179769.0,8397.0,0.020668653268904952,45744.512783077196
droplethic,BC399888,108616.0,5329.0,0.025069787898643735,47832.76036944951
droplethic,BC399907,235404.0,14180.0,0.026286508465041634,58653.452405081094
droplethic,BC399909,186898.0,9351.0,0.028475485507547717,48607.934461679215
droplethic,BC400009,156386.0,9744.0,0.03207318280847692,60308.972073677956
droplethic,BC40007,162692.0,6630.0,0.029637184556933337,39544.08001860898
droplethic,BC400192,223268.0,9802.0,0.0238113976407216,42857.017935063006
droplethic,BC400517,158047.0,7202.0,0.030237766528608684,44190.826813928514
droplethic,BC400656,131745.0,6377.0,0.028192701763703556,47039.47125775447
droplethic,BC400749,89486.0,5445.0,0.04032344550972696,58393.925744804066
droplethic,BC400962,75341.0,8393.0,0.046328527486993835,106239.16152960088
droplethic,BC400970,99677.0,3955.0,0.027958729911062567,38568.80948665939
droplethic,BC401306,161543.0,6683.0,0.0288268465413796,40177.229496567226
droplethic,BC401670,222732.0,11786.0,0.02168928712610357,51767.90969385514
droplethic,BC401785,138332.0,5050.0,0.0296440746924059,35424.178229211975
droplethic,BC401849,135163.0,6720.0,0.03459137465537191,47997.94294530235
droplethic,BC402023,278810.0,15423.0,0.025197802927797996,53923.368191401205
droplethic,BC402119,157116.0,9117.0,0.03415461788138094,56045.293596931246
droplethic,BC402295,180798.0,9323.0,0.027894572709773854,50127.42894626477
droplethic,BC402431,208320.0,11216.0,0.025403508771929824,52472.51461988304
droplethic,BC402454,271775.0,14264.0,0.0238037083066932,51235.26411448194
droplethic,BC402574,230589.0,11127.0,0.02483284770004356,47056.38561961592
droplethic,BC40281,142627.0,6685.0,0.025612122205826093,45670.05520030606
droplethic,BC402961,56570.0,6963.0,0.10904967398494346,109663.90525088986
droplethic,BC403096,131382.0,6539.0,0.035161929940515535,48020.856282587934
droplethic,BC403422,194566.0,9060.0,0.029169909985430013,45206.87383988983
droplethic,BC403533,152651.0,8773.0,0.03075037779216986,55703.70934765769
droplethic,BC403561,165912.0,7358.0,0.02357607787285632,43303.240386539386
droplethic,BC403829,126879.0,4122.0,0.030762531893114144,31488.24347241532
droplethic,BC403896,185486.0,7183.0,0.03779594546925902,37261.63550723134
droplethic,BC404118,64744.0,3946.0,0.03470896946564885,58832.299618320605
droplethic,BC404139,184755.0,7050.0,0.025018997762485753,37203.951534597036
droplethic,BC404151,151940.0,8219.0,0.033085357549685314,52304.01109845423
droplethic,BC404190,168822.0,6937.0,0.028854450695475098,39904.968994120965
droplethic,BC404410,260807.0,12810.0,0.021534663680326548,48059.06650609461
droplethic,BC404857,199855.0,8426.0,0.02461224609317807,41122.90017472108
droplethic,BC405203,128085.0,4103.0,0.02977669373409284,31079.5661131984
droplethic,BC405605,103239.0,4660.0,0.03023727667249056,43773.131187886305
droplethic,BC405643,207626.0,11428.0,0.026984216248640946,53556.03044276984
droplethic,BC405669,302833.0,16603.0,0.025846983285510248,53408.52065828584
droplethic,BC405793,163368.0,7742.0,0.033897102306327614,45783.560023654645
droplethic,BC405816,123878.0,7454.0,0.030240878026632015,58352.447530550104
droplethic,BC405991,259804.0,14749.0,0.024789045374012792,55362.4515780307
droplethic,BC406137,146483.0,6425.0,0.028730373435179292,42601.580734139614
droplethic,BC406171,153969.0,7196.0,0.030983309417717694,45288.62371925585
droplethic,BC406337,249994.0,13358.0,0.025254317252242944,52083.861333250155
droplethic,BC406415,162819.0,10470.0,0.03360042735042735,62143.874643874646
droplethic,BC40646,153159.0,8486.0,0.026523529860422546,53936.89777032009
droplethic,BC406839,131571.0,4761.0,0.028214578517035845,35164.81893183446
droplethic,BC406955,263004.0,12914.0,0.01860150976346044,48188.5450522223
droplethic,BC40759,149313.0,6870.0,0.024901061870616355,44865.01312644489
droplethic,BC40780,193693.0,10088.0,0.027728557301836692,50638.248743832104
droplethic,BC408570,171741.0,12536.0,0.031091327601381086,70724.16672308352
droplethic,BC408808,167639.0,8898.0,0.03363059380998772,51293.28483395111
droplethic,BC408877,223667.0,13802.0,0.03583082951474056,59496.76479336492
droplethic,BC409158,115287.0,5518.0,0.03177935853398393,46342.09841187191
droplethic,BC409233,150614.0,3286.0,0.026796156654454287,21232.73951447716
droplethic,BC409369,167769.0,6439.0,0.02313353751557569,37492.28493903646
droplethic,BC409514,140918.0,6405.0,0.030124918269727106,44082.72824254104
droplethic,BC409578,190485.0,9721.0,0.026995964652398223,49655.20764162027
droplethic,BC409648,206897.0,12228.0,0.02768483185142019,57465.64655901649
droplethic,BC409689,233656.0,10831.0,0.026628007731786977,45120.142638139034
droplethic,BC409824,144524.0,5060.0,0.024587121288816,34150.654329236604
droplethic,BC409874,222331.0,10657.0,0.024012186074687997,46782.0597802468
droplethic,BC410066,211389.0,10693.0,0.030596943057217933,49036.73742668336
droplethic,BC410155,198940.0,13072.0,0.02623592755751346,63984.33675966715
droplethic,BC410362,221262.0,12645.0,0.026401246138817752,55640.62623755841
droplethic,BC410719,173616.0,7807.0,0.03200338990610852,43527.95557438837
droplethic,BC410962,108972.0,4634.0,0.029142129130547118,41285.42537173811
droplethic,BC411181,104894.0,4776.0,0.028957064301716316,44213.21582640573
droplethic,BC411221,155671.0,5624.0,0.029343359708686408,35067.372503538536
droplethic,BC411580,201202.0,9080.0,0.025467402886757726,43979.46333430204
droplethic,BC411706,112115.0,4565.0,0.03123649874708373,39445.26052017627
droplethic,BC411792,129488.0,6215.0,0.03919982785614116,46115.26218548501
droplethic,BC41207,159520.0,9080.0,0.026064021393378066,55437.178320888466
droplethic,BC41210,135399.0,8236.0,0.03506984036488028,58694.41277080958
droplethic,BC412101,198626.0,10620.0,0.02766341781013036,51988.23166582631
droplethic,BC412240,197756.0,10393.0,0.027958553705196516,51085.31094551818
droplethic,BC412604,77674.0,3545.0,0.021811953756643077,44643.98156310606
droplethic,BC412614,258037.0,15940.0,0.026293843512386558,60149.80849417936
droplethic,BC412776,203745.0,13813.0,0.0322557662347532,65608.73199832808
droplethic,BC412834,148871.0,5729.0,0.02892273572290532,37369.94879488601
droplethic,BC412899,125726.0,5660.0,0.029704804167470577,43681.26567624928
droplethic,BC413062,173287.0,9362.0,0.030345252084382518,52386.54803872195
droplethic,BC413301,211370.0,8618.0,0.023266560384464313,39823.47912478917
droplethic,BC413407,189078.0,9738.0,0.022706245380444613,50333.12486109029
droplethic,BC413508,92897.0,3275.0,0.0287007799920537,34242.278496894665
droplethic,BC413525,162376.0,8165.0,0.03218000298018179,48666.36864848756
droplethic,BC413704,144413.0,6478.0,0.025105986552534227,43731.266708071176
droplethic,BC413770,154504.0,9039.0,0.030465803625775764,56720.98846001795
droplethic,BC414025,182663.0,10070.0,0.02670574130811243,53656.58718529372
droplethic,BC414119,108501.0,3600.0,0.030661199110181985,32162.09696872236
droplethic,BC414162,262594.0,12877.0,0.024147875076182122,47853.52221545048
droplethic,BC415081,148417.0,7792.0,0.0312965041902723,50857.635172179725
droplethic,BC415087,121253.0,4728.0,0.027353745698402893,37926.24916775627
droplethic,BC41524,126736.0,6612.0,0.03061084000061191,50574.43130535881
droplethic,BC415858,181237.0,9711.0,0.03603493394038678,51650.95844946067
droplethic,BC415887,186383.0,10368.0,0.027309827989311957,54108.21643286573
droplethic,BC416011,145752.0,4996.0,0.03201126371436921,33180.13973381505
droplethic,BC416019,146552.0,7312.0,0.03256428029177806,48268.805492292966
droplethic,BC416154,227090.0,12101.0,0.025172351623067215,51945.87772693321
droplethic,BC416155,146097.0,7995.0,0.029281613777706904,53121.51172061872
droplethic,BC416496,218239.0,14335.0,0.030858660319377586,63657.92138124589
droplethic,BC416498,198846.0,10873.0,0.028768755861206627,53107.41638011879
droplethic,BC416676,194392.0,9212.0,0.027860154128513774,46068.52267669519
droplethic,BC416683,172052.0,10127.0,0.029172450372978526,57143.01836115155
droplethic,BC41679,144626.0,6809.0,0.029954658868349745,45669.78778204062
droplethic,BC416850,240040.0,12405.0,0.02804828175424247,50229.38287301543
droplethic,BC416943,153000.0,6869.0,0.029575740662044995,43567.60939472165
droplethic,BC416946,215233.0,11196.0,0.026504683549456565,50639.323723500966
droplethic,BC416964,173631.0,10190.0,0.030005251337973878,56926.738248734655
droplethic,BC417026,147155.0,9122.0,0.03731543448537541,59675.910479592305
droplethic,BC417282,272436.0,12124.0,0.022202123306845834,43514.1517898802
droplethic,BC418374,190769.0,9335.0,0.029565420869768697,47486.7866172214
droplethic,BC418458,215453.0,12118.0,0.025487588652482268,54810.75408886959
droplethic,BC418722,207021.0,9263.0,0.02287745199841411,43720.61849831027
droplethic,BC41888,151495.0,7462.0,0.032388896695323376,47660.4115836133
droplethic,BC418881,205050.0,7182.0,0.03494528768090364,33801.623720437696
droplethic,BC419171,139208.0,5690.0,0.028779136695666733,39697.76673899242
droplethic,BC419514,185490.0,10545.0,0.027626336758230237,55278.88446215139
droplethic,BC419539,146567.0,6800.0,0.031602246448629,44928.97258011232
droplethic,BC419571,115971.0,5018.0,0.030999072534487512,41928.12560055481
droplethic,BC419703,219691.0,10352.0,0.02560497463009616,45914.203597913634
droplethic,BC419758,102677.0,5714.0,0.029160087366798725,54027.477047304776
droplethic,BC41997,133646.0,7703.0,0.029151744528145635,55957.11141298425
droplethic,BC419987,240633.0,11511.0,0.026577347362289293,46564.96887173699
droplethic,BC420195,189865.0,11996.0,0.027360839318463573,61453.02910771185
droplethic,BC420500,324059.0,8537.0,0.031523548521100876,25513.512867333917
droplethic,BC42129,190234.0,9293.0,0.02799507442019692,47482.793682586234
droplethic,BC421797,178253.0,9654.0,0.030522394147880237,52505.91466565143
droplethic,BC421805,196523.0,9173.0,0.023982875759863322,45557.034447137354
droplethic,BC42194,66602.0,4175.0,0.03827993011133092,60286.19698785613
droplethic,BC422069,244737.0,11834.0,0.028150389554692526,46992.764845567974
droplethic,BC422231,178012.0,10184.0,0.027341871748918126,55645.40805175503
droplethic,BC422838,168956.0,9267.0,0.031104484459226974,53142.56222043812
droplethic,BC423117,262181.0,12782.0,0.021614117840230172,47698.83533042508
droplethic,BC42321,209503.0,11355.0,0.028770241390020816,52640.36271087437
droplethic,BC423372,93513.0,4065.0,0.028173844363152643,42245.177918190886
droplethic,BC423692,195321.0,10090.0,0.026238383918956647,50303.11490447892
droplethic,BC423758,156875.0,11207.0,0.0319943230902135,69153.39997531778
droplethic,BC42382,192028.0,9491.0,0.028129523346795825,48034.77979209053
droplethic,BC423821,95083.0,6139.0,0.03215528999816779,62488.54868589809
droplethic,BC423899,91239.0,3882.0,0.029103794666609912,41309.29831655564
droplethic,BC423931,179425.0,5951.0,0.03066957677388683,32149.841708895638
droplethic,BC424038,213035.0,10045.0,0.024533753371216112,45995.06394435719
droplethic,BC424489,169755.0,8286.0,0.03247593372584111,47226.322718904776
droplethic,BC424748,135846.0,5059.0,0.030066330137015644,36121.00787536503
droplethic,BC424802,108408.0,5223.0,0.029923401818311976,46737.418569690024
droplethic,BC424938,125360.0,7014.0,0.03059172878839432,54239.22793776486
droplethic,BC425455,176869.0,8417.0,0.028565936178392926,46229.47218102927
droplethic,BC425587,122099.0,4568.0,0.030167517891609808,36283.628680588095
droplethic,BC426017,150804.0,10280.0,0.033010156971375805,65917.71827228891
droplethic,BC426213,106952.0,7851.0,0.03335080710760832,70958.58715496828
droplethic,BC426852,153246.0,10628.0,0.03360554942456251,67021.91392085764
droplethic,BC426946,131026.0,6551.0,0.03278289177438048,48358.64084980106
droplethic,BC427093,47076.0,6955.0,0.06361140947607113,138341.88646218722
droplethic,BC427135,193196.0,10297.0,0.02963881926899953,51718.50906844403
droplethic,BC427235,225327.0,9533.0,0.023907713367353128,41295.92888765671
droplethic,BC427569,235110.0,13975.0,0.03096573696640467,57599.65048655733
droplethic,BC427657,144639.0,6330.0,0.03032923714325939,42436.797329096364
droplethic,BC427711,186079.0,9540.0,0.028242126097332978,49820.61445424494
droplethic,BC427881,179770.0,8438.0,0.02859582194075499,45595.53014665355
droplethic,BC427882,123120.0,4066.0,0.03130630453426069,31990.810313220405
droplethic,BC427916,182574.0,9800.0,0.026593872959341444,52249.389535193695
droplethic,BC428284,200702.0,10510.0,0.028552620752077675,50871.00256049099
droplethic,BC428446,196585.0,10759.0,0.025972739028970356,53308.03113557651
droplethic,BC428476,163857.0,9467.0,0.02801060630327621,56157.64715652602
droplethic,BC428636,152751.0,7932.0,0.02958553567798333,50391.339703191705
droplethic,BC428655,155397.0,7870.0,0.029690543983215946,49140.81622458665
droplethic,BC428723,182076.0,9087.0,0.025236897050163284,48648.21457251458
droplethic,BC428759,172487.0,8790.0,0.029576244486452425,49453.146097758574
droplethic,BC429261,186794.0,8762.0,0.02810166757720024,45589.11522151981
droplethic,BC429330,177571.0,12557.0,0.03632288455694004,68146.78938913732
droplethic,BC429402,143999.0,8298.0,0.03264184659205417,55744.40070402666
droplethic,BC429430,161426.0,8634.0,0.02739602224458195,52020.50935995614
droplethic,BC429737,166735.0,9032.0,0.036920873116267246,52169.79442836761
droplethic,BC42975,143910.0,6438.0,0.02785846494724185,43490.00905197455
droplethic,BC429804,270916.0,15993.0,0.02553108836245657,57525.8799916551
droplethic,BC430153,143568.0,5148.0,0.029578759530633214,34796.95019737198
droplethic,BC430184,232277.0,10953.0,0.02496389952313789,45977.73524078179
droplethic,BC430259,195093.0,11414.0,0.027811275999880404,56878.32006139311
droplethic,BC430542,270007.0,14324.0,0.02625438624962584,51657.668769181386
droplethic,BC430724,169934.0,8675.0,0.026573410550314196,49692.678707474806
droplethic,BC430824,180584.0,8525.0,0.027911007756945452,45890.326157755066
droplethic,BC431035,114310.0,4449.0,0.026767926166839782,37878.6588792208
droplethic,BC431056,166916.0,8158.0,0.030240354169450562,47396.88939757496
droplethic,BC431160,219665.0,10920.0,0.0242358553844377,48507.24721372062
droplethic,BC431212,161063.0,6101.0,0.030266722861099403,36733.09651393823
droplethic,BC431908,165827.0,10309.0,0.030121010428303223,60294.65951560737
droplethic,BC431981,237328.0,15020.0,0.033322607317858,61179.01991373025
droplethic,BC432310,169244.0,8139.0,0.028645220535483684,46712.772979022586
droplethic,BC432314,265557.0,14618.0,0.024852657670063342,53678.50913430644
droplethic,BC432736,91103.0,8843.0,0.040536270957957705,93131.26632403741
droplethic,BC43283,499948.0,24428.0,0.025624834338993093,47609.024432075086
droplethic,BC432954,215565.0,9860.0,0.024544208082755252,44617.605401173816
droplethic,BC433205,209520.0,11351.0,0.026868860453774877,52720.55920670676
droplethic,BC433356,170677.0,9022.0,0.027354012206727948,51414.145443562404
droplethic,BC433403,176965.0,8808.0,0.029046576575093686,48326.83159679357
droplethic,BC433458,159462.0,8169.0,0.025347016362180563,49930.0160749103
droplethic,BC433602,207224.0,9985.0,0.029382145884953886,46768.80705583685
droplethic,BC433679,159988.0,5007.0,0.03429709663789461,30222.731936983157
droplethic,BC433702,180574.0,10067.0,0.026780854033835823,54256.964692820526
droplethic,BC433894,174893.0,10135.0,0.02568744986184152,56461.137356270614
droplethic,BC433953,264454.0,15778.0,0.025733221828845524,58127.240374448775
droplethic,BC434025,133713.0,5491.0,0.026741977042951663,39967.39138346422
droplethic,BC434398,113789.0,5539.0,0.032299488889077875,47105.54738193848
droplethic,BC434565,135909.0,5169.0,0.028680264718914824,36942.010548734295
droplethic,BC435003,175356.0,8359.0,0.028008580503189974,46333.60863371561
droplethic,BC435146,111911.0,5129.0,0.028356355869661478,44531.460274186684
droplethic,BC435287,240665.0,10871.0,0.024534083447498765,44062.45186812474
droplethic,BC435414,217197.0,10836.0,0.027483376989723956,48519.04090267983
droplethic,BC435552,131668.0,5826.0,0.0315324923687985,42852.414401824135
droplethic,BC435685,223844.0,9974.0,0.02294621149623965,43535.38395729395
droplethic,BC43573,220592.0,11797.0,0.028203388635822974,51970.53666616739
droplethic,BC435840,167986.0,8459.0,0.03140694100891987,48773.87809701729
droplethic,BC435897,141458.0,8169.0,0.028834667508822034,56083.42830465885
droplethic,BC435904,157187.0,4819.0,0.03576314126747517,29561.334093990197
droplethic,BC436321,115948.0,3667.0,0.03034864564255668,30666.432507923764
droplethic,BC43715,211582.0,10181.0,0.02749535768785277,46795.42571381295
droplethic,BC437222,186430.0,6776.0,0.03260790601616904,35160.91202507343
droplethic,BC438181,101163.0,3864.0,0.02697009628055056,37165.63909702117
droplethic,BC438265,166580.0,8684.0,0.03380353579880284,50368.89239478446
droplethic,BC438468,149540.0,8142.0,0.029112346127876176,52861.891653248844
droplethic,BC43848,247827.0,12629.0,0.026889172474722684,49588.69146951998
droplethic,BC438530,221867.0,14674.0,0.030864925545902075,64097.35599498543
droplethic,BC438669,128418.0,7392.0,0.033331827830721285,55643.3765412583
droplethic,BC438727,127380.0,5178.0,0.026511475059037518,39572.33146604101
droplethic,BC43895,162513.0,8956.0,0.030137918275514285,53448.55367831801
droplethic,BC438956,304435.0,16257.0,0.026259815445633227,51998.27280142014
droplethic,BC438960,99893.0,4409.0,0.039471912921402334,42395.04605857805
droplethic,BC439068,250509.0,12348.0,0.023843851801050548,48116.339604407935
droplethic,BC439155,121612.0,5711.0,0.03075611097385053,45516.493851168794
droplethic,BC439466,194214.0,9524.0,0.02722764838467318,47703.48109191084
droplethic,BC439526,217016.0,15209.0,0.031511489354105957,67873.98974459672
droplethic,BC439686,151183.0,7364.0,0.029328864662185154,47280.59530917939
droplethic,BC439732,171901.0,9277.0,0.03066989962783354,52311.94316003158
droplethic,BC439788,125755.0,4738.0,0.027732677707163953,36631.56592599465
droplethic,BC439972,108843.0,5542.0,0.03499423707775512,49135.56166326802
droplethic,BC440608,204551.0,12075.0,0.02666140068711516,57457.864232895874
droplethic,BC440678,109217.0,5921.0,0.030509347204715324,52559.163456246555
droplethic,BC440692,122582.0,7463.0,0.026926191118802293,59242.38334894502
droplethic,BC440799,222435.0,10378.0,0.025314181550488143,45475.259846108005
droplethic,BC440814,150850.0,6751.0,0.03323591991591684,43265.65664333871
droplethic,BC441158,182153.0,10127.0,0.026742110943694632,54109.3621432159
droplethic,BC441390,125735.0,4321.0,0.026690818451344217,33448.673587081896
droplethic,BC441686,175151.0,8799.0,0.030799537398252516,48689.38727402514
droplethic,BC441700,109371.0,3394.0,0.04658501503726627,29586.36621191649
droplethic,BC441890,209180.0,8977.0,0.024083007530022113,41881.6657491299
droplethic,BC442149,100405.0,5784.0,0.030727497393520486,55836.58338803722
droplethic,BC442203,141923.0,6007.0,0.02963276971358636,41071.53845627901
droplethic,BC442394,265330.0,15538.0,0.026494124035501613,57009.513815762926
droplethic,BC442916,213012.0,11334.0,0.026560157935144227,51795.04990311849
droplethic,BC442955,111694.0,5073.0,0.02906865557467967,44098.47180931518
droplethic,BC443222,211267.0,14464.0,0.03261596226933468,66230.13874261641
droplethic,BC443268,226124.0,10968.0,0.022170714937448918,47428.9840908796
droplethic,BC443710,154305.0,7037.0,0.028758638921409417,44292.96171809107
droplethic,BC444399,172737.0,6391.0,0.03651748064523326,35647.35280337342
droplethic,BC444403,146556.0,7288.0,0.03532710649473746,47971.66985907334
droplethic,BC444466,142334.0,4909.0,0.02438121611339973,33648.408743513995
droplethic,BC444547,135446.0,5856.0,0.029610471489264146,41954.73531118578
droplethic,BC444603,148236.0,7341.0,0.026575520576820787,48206.30011229093
droplethic,BC444879,122487.0,5629.0,0.03605914896630964,44298.76681173221
droplethic,BC44565,191178.0,7400.0,0.03455206544793455,37369.96263003737
droplethic,BC445716,191990.0,13352.0,0.03191323070406769,67325.87397072393
droplethic,BC445852,165808.0,7530.0,0.02516917613719876,44270.9405076166
droplethic,BC445876,267112.0,15777.0,0.026935658965559953,57474.153570413764
droplethic,BC446215,211936.0,8934.0,0.02085017717799574,41275.311967253256
droplethic,BC446382,113305.0,2563.0,0.04624618052340508,21574.255675552824
droplethic,BC446826,215243.0,14050.0,0.02947515555956353,63351.06862656687
droplethic,BC446992,146570.0,5373.0,0.028250160775967804,35622.65051614058
droplethic,BC447208,218197.0,9998.0,0.02585841268990888,44636.120523775724
droplethic,BC447316,165607.0,8828.0,0.028464322799030852,51789.57989897864
droplethic,BC447409,246140.0,11528.0,0.020537124802527645,45873.27547443106
droplethic,BC447604,162898.0,8184.0,0.03178103361169723,48643.34749918274
droplethic,BC447697,162305.0,5677.0,0.034358638743455495,33775.58305568776
droplethic,BC447765,106485.0,3451.0,0.03165523889202117,31382.427295709585
droplethic,BC447766,243467.0,11167.0,0.02310362122579998,44806.9013943224
droplethic,BC447793,190825.0,13953.0,0.03183171908533275,70791.8355750156
droplethic,BC447838,212692.0,11670.0,0.028133553271890665,53324.4383113471
droplethic,BC448050,183838.0,7716.0,0.03116699692229858,40663.60301867701
droplethic,BC448384,169534.0,8750.0,0.028881404087618,50121.43708184401
droplethic,BC448449,183960.0,9849.0,0.02895299427274407,51988.70384544327
droplethic,BC44867,222954.0,9485.0,0.02451040445230053,41499.6762281454
droplethic,BC448678,180032.0,8061.0,0.02939860366067337,43459.03981454026
droplethic,BC449405,138189.0,3357.0,0.021393669003611643,23773.10388782664
droplethic,BC449452,254092.0,13112.0,0.022843342357863648,50424.56313069161
droplethic,BC449480,243985.0,14727.0,0.025276454984179745,58834.57445108505
droplethic,BC449590,332729.0,3569.0,0.02528986823372256,10455.176616026389
droplethic,BC449781,140634.0,6337.0,0.03167302422297809,43633.03358717656
droplethic,BC450091,235967.0,10723.0,0.023198148784415347,44388.60624826655
droplethic,BC45026,237220.0,14111.0,0.025510413671281273,57967.38282052335
droplethic,BC450272,217591.0,9337.0,0.024749790464921363,41848.74928847714
droplethic,BC450300,245690.0,12056.0,0.025117054202047455,47837.47321641139
droplethic,BC450426,223691.0,12068.0,0.034774541531823085,52073.35490830636
droplethic,BC450434,139173.0,6468.0,0.030821941656975327,45042.096393428925
droplethic,BC45063,96637.0,3548.0,0.029398176047567393,35635.370214133625
droplethic,BC450632,235999.0,10815.0,0.02465242763386289,44696.7317452183
droplethic,BC450710,151762.0,7685.0,0.0325558268364049,48989.921526879116
droplethic,BC450777,184683.0,11323.0,0.02865392808116509,59553.67614960212
droplethic,BC451291,182381.0,10085.0,0.025383287643415575,53892.72755449391
droplethic,BC451545,150142.0,7718.0,0.028219699421366713,49954.045902318416
droplethic,BC451546,219342.0,12063.0,0.028066786011804533,53452.73755295202
droplethic,BC451905,153921.0,8864.0,0.029563079250993003,55885.50532753294
droplethic,BC451920,110380.0,4178.0,0.040357496826694025,36323.485941819825
droplethic,BC452024,70914.0,8662.0,0.04611121573269484,116515.5632078771
droplethic,BC452089,198555.0,7666.0,0.03341933599454776,37318.664200175255
droplethic,BC452152,191503.0,6932.0,0.03722826633418465,34850.282542683046
droplethic,BC452586,170270.0,9821.0,0.029275106182834014,55990.42216584476
droplethic,BC452898,150581.0,6857.0,0.03267852095485264,44048.873243055736
droplethic,BC4530,223237.0,11798.0,0.025570178310307952,51498.28673694319
droplethic,BC453038,186038.0,11333.0,0.027689509553873812,59230.881799556795
droplethic,BC453131,138229.0,6024.0,0.02691267986371188,42407.00588516881
droplethic,BC453361,196166.0,8585.0,0.02927524470264546,42482.75452539068
droplethic,BC453386,249597.0,13110.0,0.02930023995550906,50985.684339889005
droplethic,BC453514,114358.0,4702.0,0.03009176801859108,39879.22582396146
droplethic,BC45377,100083.0,4563.0,0.030203488372093024,44215.11627906977
droplethic,BC45381,58678.0,5035.0,0.0553024326630496,81061.93550464476
droplethic,BC453954,215958.0,10443.0,0.030317453190247406,46890.57518746352
droplethic,BC45411,110023.0,5915.0,0.03310484225327357,51981.72071359522
droplethic,BC454353,203632.0,10778.0,0.031716293710949015,51250.10698899678
droplethic,BC45438,176139.0,10477.0,0.028155725494090775,57806.6893987045
droplethic,BC45439,62169.0,7583.0,0.06009615384615385,114643.80745041123
droplethic,BC454400,167289.0,11622.0,0.03093900249087644,67323.17673637258
droplethic,BC454805,172339.0,9628.0,0.027014972561595265,54357.399336058355
droplethic,BC455103,197489.0,12812.0,0.03240046643344994,62772.53530097696
droplethic,BC455532,123988.0,7906.0,0.02969119281275923,61870.99904524894
droplethic,BC455568,180541.0,7880.0,0.022485841445850974,42665.16508386845
droplethic,BC456167,149525.0,6566.0,0.029531072529612203,42615.60928119423
droplethic,BC456608,176022.0,12509.0,0.03301086078744829,68719.06433519565
droplethic,BC456651,237691.0,13472.0,0.028877385509828036,55041.89835715949
droplethic,BC457029,46728.0,7898.0,0.0752424302394617,156303.18622600436
droplethic,BC457176,229186.0,14119.0,0.028539456338828158,59846.81182948385
droplethic,BC457292,235839.0,14017.0,0.027876934237970007,57777.75945787751
droplethic,BC457901,159543.0,9712.0,0.027627440942002486,59192.08171822814
droplethic,BC45825,301295.0,14845.0,0.021934608442730447,48189.91598820978
droplethic,BC458271,136533.0,7408.0,0.029919570283635538,52634.57056783948
droplethic,BC4586,171985.0,9521.0,0.02893681892609113,53757.551803963644
droplethic,BC458626,204338.0,5545.0,0.07126689634484451,25202.48343317365
droplethic,BC458896,102449.0,4262.0,0.02919548943428409,40386.619918506585
droplethic,BC458933,176326.0,6477.0,0.02826596125761208,35694.80036372654
droplethic,BC458963,151863.0,7108.0,0.0323437768814635,45291.482677983164
droplethic,BC459132,160319.0,8884.0,0.030719467956469165,53712.212817412335
droplethic,BC45915,183873.0,8533.0,0.03384914483881985,44836.19262801145
droplethic,BC459316,149935.0,6594.0,0.026882662564821486,42796.78342646859
droplethic,BC45953,158042.0,8341.0,0.03261900826952152,51055.572898494844
droplethic,BC459649,180629.0,11131.0,0.027040274927416792,59957.231118939504
droplethic,BC459679,148969.0,7391.0,0.03286979328970604,47983.53588864651
droplethic,BC460359,70968.0,2688.0,0.02998824526393483,36740.38435253273
droplethic,BC460447,167611.0,8759.0,0.03106627742289794,50634.44807353239
droplethic,BC460795,312577.0,15148.0,0.02191925702949478,47399.415486479214
droplethic,BC460976,144630.0,7522.0,0.029895296035200924,50453.76189741561
droplethic,BC461137,186081.0,9006.0,0.033370561803589514,46783.2004363523
droplethic,BC461356,178612.0,9676.0,0.02551707958469957,52790.947629153954
droplethic,BC461630,210279.0,13114.0,0.029236607390172288,60541.42891437224
droplethic,BC461650,66024.0,2568.0,0.025044300059066747,37920.85056113408
droplethic,BC461766,156714.0,7956.0,0.026802459169098927,49406.94280568838
droplethic,BC46179,127962.0,7081.0,0.030466044869415,53650.8489729738
droplethic,BC461867,256484.0,16522.0,0.02664096180703139,62701.13546663428
droplethic,BC462115,157173.0,5001.0,0.029664522342540346,30874.563212288085
droplethic,BC462301,134036.0,7627.0,0.032140200885281654,55073.761436091474
droplethic,BC462587,132961.0,6846.0,0.03047250984395508,49919.7899956249
droplethic,BC462630,189132.0,10651.0,0.02906660369415896,54678.27551156607
droplethic,BC462784,216680.0,11429.0,0.02355051237911548,51503.78989301777
droplethic,BC463031,88085.0,5260.0,0.034462725668372995,57657.10464874108
droplethic,BC46313,283879.0,14512.0,0.023581612121003664,49914.87093057251
droplethic,BC463209,140591.0,8193.0,0.030680979860866927,56487.47595507477
droplethic,BC463407,174057.0,8178.0,0.028938207136640557,45624.95815759524
droplethic,BC463637,212584.0,9278.0,0.023984426650995372,42597.149783295376
droplethic,BC46379,79249.0,2278.0,0.030071230998947446,27880.449416199543
droplethic,BC463812,212877.0,14203.0,0.030976593439608163,64652.54322156572
droplethic,BC464371,109122.0,5034.0,0.03274358247057155,44621.330307757766
droplethic,BC464555,101995.0,5659.0,0.02974638990886779,53832.689636802956
droplethic,BC464613,145232.0,9784.0,0.03339123721289326,65118.569840731056
droplethic,BC46466,217025.0,11553.0,0.02510185838203519,51897.23870573596
droplethic,BC464662,233430.0,14384.0,0.0290821971367013,59828.13552836263
droplethic,BC4649,150591.0,9140.0,0.028106566158532652,58988.29269551973
droplethic,BC465384,198077.0,14878.0,0.03228848089268441,72686.94488142813
droplethic,BC465495,230807.0,12815.0,0.030845716829097262,53809.94570717144
droplethic,BC465622,136677.0,4853.0,0.027348420153714775,34536.009109023624
droplethic,BC465941,160114.0,9200.0,0.032391795689957335,55597.85827380736
droplethic,BC466113,135353.0,4771.0,0.02597112879780084,34333.12704192513
droplethic,BC466279,181971.0,10332.0,0.029508703814318627,55102.824473077904
droplethic,BC466419,117210.0,3650.0,0.026397979865102835,30318.636408944414
droplethic,BC466505,347304.0,9354.0,0.034877936946825804,25993.80305956566
droplethic,BC466928,258356.0,10127.0,0.023018192956516147,38295.58732883835
droplethic,BC467027,166267.0,4270.0,0.029987106710927792,24911.468026393322
droplethic,BC467090,362566.0,2878.0,0.023051780955537414,7754.883178262616
droplethic,BC467099,177973.0,8790.0,0.02648046648506132,48081.6567658932
droplethic,BC467513,261062.0,17001.0,0.02438459267453202,63534.476637504806
droplethic,BC467692,63532.0,8269.0,0.05273673381144791,123290.93918203641
droplethic,BC467729,127771.0,5138.0,0.02631378406389075,39154.422971407665
droplethic,BC467860,115556.0,4372.0,0.024283977303431504,36915.69845987571
droplethic,BC467869,179015.0,8344.0,0.02656864291113153,45372.23832388078
droplethic,BC46824,149260.0,4165.0,0.03618658952371113,26894.5655542928
droplethic,BC468249,110212.0,3836.0,0.027401007792299478,33851.937485108145
droplethic,BC469,290479.0,13988.0,0.02288399566741343,47052.96654355124
droplethic,BC469107,121379.0,4607.0,0.027816935251337584,36899.68923205075
droplethic,BC469404,167553.0,7270.0,0.03459382220250408,41888.255731546415
droplethic,BC469491,134854.0,4837.0,0.03187502692147544,34725.11378810286
droplethic,BC469803,176954.0,9656.0,0.02744205730240125,53070.39962186791
droplethic,BC469833,156684.0,4418.0,0.03821151685910539,27119.434776470298
droplethic,BC469941,197865.0,9823.0,0.03356973302464613,47978.39189598413
droplethic,BC469964,102753.0,4014.0,0.031974525893336596,37815.48230284417
droplethic,BC471300,227015.0,8855.0,0.026964587280224255,37954.44609225652
droplethic,BC47133,168892.0,6380.0,0.027327124979123114,36743.320835996936
droplethic,BC472162,106005.0,3405.0,0.026914638736150253,31256.597850133563
droplethic,BC472274,159746.0,10781.0,0.031126044711847548,65387.7412389767
droplethic,BC472321,217017.0,7892.0,0.02316756990331467,35523.30710646189
droplethic,BC472374,159666.0,1404.0,0.028050695788743196,8546.696373132692
droplethic,BC472444,212677.0,8750.0,0.027455517397487663,40012.62112392023
droplethic,BC472476,205015.0,11454.0,0.026075514004484476,54412.267700376244
droplethic,BC472534,201769.0,11382.0,0.02884083153238577,54784.102887452405
droplethic,BC472743,228739.0,11722.0,0.027035879112699123,49860.69461281609
droplethic,BC472746,152717.0,5461.0,0.031001947932463216,34650.35564043832
droplethic,BC472824,167418.0,7179.0,0.03085419223377405,41557.644661587976
droplethic,BC47302,124298.0,4463.0,0.03529795259457026,34638.25031432874
droplethic,BC473144,222460.0,11639.0,0.026092286139567464,50954.38227825934
droplethic,BC473268,164655.0,7727.0,0.02434760967978953,45785.83110141973
droplethic,BC473498,263786.0,12783.0,0.02224347355506381,47381.82343849036
droplethic,BC473893,178437.0,9716.0,0.029442480282839273,52847.429970084304
droplethic,BC47391,219419.0,10554.0,0.02453998639631189,46919.38703381806
droplethic,BC473937,99494.0,5319.0,0.02831248229859463,51946.910433330406
droplethic,BC474065,162595.0,8832.0,0.027053064936930035,52849.51770028005
droplethic,BC474403,155908.0,4289.0,0.03384169202263136,26578.83484436292
droplethic,BC474419,188878.0,13232.0,0.0328777925130185,67752.52305439352
droplethic,BC474538,201718.0,8293.0,0.025761644417827405,40052.7403743987
droplethic,BC474572,250431.0,12262.0,0.02569678955477054,47705.37979115766
droplethic,BC474925,187962.0,9038.0,0.035449273874890955,46379.63770718941
droplethic,BC474985,212848.0,9099.0,0.025465866947484088,41660.18039467058
droplethic,BC475208,202771.0,9190.0,0.024163586663586662,44226.91922691923
droplethic,BC475667,221313.0,14555.0,0.034297233967352174,63510.972060408516
droplethic,BC475905,227170.0,13038.0,0.02305499051739338,56069.9433623904
droplethic,BC47603,104714.0,4644.0,0.030390014444979442,43001.59265157969
droplethic,BC476591,155234.0,2790.0,0.02420105101707274,17537.904503281286
droplethic,BC476594,125783.0,3830.0,0.031283453348222884,29496.707612923103
droplethic,BC476692,182517.0,9301.0,0.030186293159332193,49421.35410578221
droplethic,BC476914,137798.0,6022.0,0.027131974498909216,42515.93818174116
droplethic,BC47702,248604.0,10566.0,0.02674642571916253,41364.56881567203
droplethic,BC477068,164626.0,7726.0,0.02680877980149089,45672.46587570421
droplethic,BC477129,339180.0,17649.0,0.022485316241188304,50864.30996420563
droplethic,BC477692,98686.0,4260.0,0.02887226923833891,41920.8817161976
droplethic,BC477752,193775.0,10961.0,0.033107130382715434,54692.879596826504
droplethic,BC477989,160667.0,9496.0,0.028092504431042095,57443.24334133844
droplethic,BC478007,220543.0,10656.0,0.02749813695271608,46988.4777691056
droplethic,BC478555,182650.0,9742.0,0.02893264997979712,51793.803032558535
droplethic,BC478735,160263.0,6096.0,0.03312157246022696,36777.614884798466
droplethic,BC478801,57371.0,7048.0,0.0643540942968508,114943.65347293572
droplethic,BC479057,244893.0,12730.0,0.023564311431681438,50756.96861680283
droplethic,BC479372,175793.0,9255.0,0.028107498465808258,51167.36787982994
droplethic,BC479570,278246.0,14166.0,0.02494699770469399,49641.68696231143
droplethic,BC479969,199499.0,9827.0,0.028081047241831213,47875.16503217823
droplethic,BC479988,135170.0,7052.0,0.027288035578071704,50747.686417869634
droplethic,BC479991,160668.0,8479.0,0.03467916366258111,50943.28286469598
droplethic,BC480085,177787.0,9541.0,0.028406700002732464,52140.88586496161
droplethic,BC480649,135103.0,6788.0,0.028839449376415197,48794.16310246918
droplethic,BC480668,212323.0,9202.0,0.027018728891618052,42168.647093057894
droplethic,BC480923,177739.0,10411.0,0.02994662329582046,56820.53856985363
droplethic,BC480962,116857.0,3728.0,0.03440725163401393,30804.57110749374
droplethic,BC481257,197650.0,10513.0,0.024355329147415394,51894.522765865026
droplethic,BC481486,209730.0,14443.0,0.031458100507060986,66698.37722012357
droplethic,BC481720,160885.0,5560.0,0.03711262463641478,33276.27688735142
droplethic,BC481764,183743.0,9498.0,0.024832556707815437,50408.12643958773
droplethic,BC481823,227169.0,13269.0,0.027683971288794153,56793.23052427483
droplethic,BC481930,118066.0,7042.0,0.03268991282689913,57694.828603264075
droplethic,BC48211,137484.0,7079.0,0.03301495308697548,49789.700234916796
droplethic,BC482161,176778.0,9806.0,0.028265171503957784,53902.8144239226
droplethic,BC482226,139394.0,7106.0,0.029134192802468362,49492.60675456375
droplethic,BC482449,283634.0,18884.0,0.028048207964525958,64711.34504607308
droplethic,BC482471,223622.0,14014.0,0.029018041293067887,60849.74273246347
droplethic,BC482695,127045.0,6003.0,0.028745078552043116,45892.74110316884
droplethic,BC483066,246584.0,14393.0,0.029468140795289505,56649.51922887697
droplethic,BC483084,191753.0,10232.0,0.028754495264144253,51825.96363267994
droplethic,BC483219,130123.0,4414.0,0.030885529157667388,32874.05973039398
droplethic,BC483567,142863.0,6474.0,0.040253938396426055,43491.98884820799
droplethic,BC484154,128201.0,6824.0,0.0322553859625285,51511.99480652807
droplethic,BC484651,236295.0,11176.0,0.02189705486681706,46261.150319763234
droplethic,BC484877,238196.0,14408.0,0.030600492440428954,58637.03884581731
droplethic,BC48512,298190.0,13886.0,0.0219270192701927,45546.53546535465
droplethic,BC485161,138575.0,7362.0,0.028593660184782762,51607.38570246891
droplethic,BC485350,116916.0,5707.0,0.022947970115826243,47692.667680633785
droplethic,BC485617,201933.0,10033.0,0.027358595078342877,48325.49021496727
droplethic,BC486194,196964.0,10384.0,0.0272902365548916,51281.544767642845
droplethic,BC486419,146637.0,6430.0,0.025713089756622617,42722.26540958228
droplethic,BC486949,142105.0,8051.0,0.030337561667951773,54936.506745092156
droplethic,BC487066,82262.0,6350.0,0.030340893017115376,74850.29940119761
droplethic,BC487499,165258.0,9078.0,0.0213138928205523,53761.4668032714
droplethic,BC487779,153811.0,10436.0,0.032689973523511245,65631.50513492947
droplethic,BC487913,127326.0,6821.0,0.029512645009832465,51990.1218006372
droplethic,BC487940,153580.0,11503.0,0.02758079221963327,72833.29956438052
droplethic,BC487965,109286.0,3777.0,0.023630629584297468,33744.003001849356
droplethic,BC488011,182784.0,11818.0,0.036442326446912705,62299.3510703912
droplethic,BC488154,119550.0,3759.0,0.037826961770623745,30253.521126760563
droplethic,BC488279,94628.0,2643.0,0.025237437936504667,27225.529986196667
droplethic,BC48832,211806.0,13356.0,0.028247913636718157,61276.455178172444
droplethic,BC488373,159552.0,9943.0,0.034212246676835915,60186.19403888526
droplethic,BC488493,138087.0,5540.0,0.02706987296465134,39033.6013076961
droplethic,BC488617,231271.0,11796.0,0.022287702447335158,49868.31146979619
droplethic,BC488773,159800.0,9733.0,0.02649422171319959,59293.69048851958
droplethic,BC488862,147807.0,5797.0,0.02923327509884538,38073.53308200554
droplethic,BC48904,71640.0,3138.0,0.02539894159739889,42689.81185465329
droplethic,BC489098,107164.0,2968.0,0.03520175738696725,26720.924788879485
droplethic,BC489165,219210.0,9907.0,0.023706982937920038,44122.69020589401
droplethic,BC489256,129185.0,4388.0,0.02945043386799895,32966.45505428046
droplethic,BC489596,159396.0,7185.0,0.053181189077452194,42679.19619362158
droplethic,BC489697,146593.0,7230.0,0.024709428037283692,48101.552156586185
droplethic,BC489715,154552.0,7302.0,0.02961656066152233,45846.96331363919
droplethic,BC489806,179056.0,15306.0,0.029585670541690378,82952.60547922933
droplethic,BC489925,262003.0,13463.0,0.023717432778870805,50166.18970965242
droplethic,BC490515,213532.0,10573.0,0.024317581584069745,48310.745976769904
droplethic,BC490855,161698.0,9583.0,0.029854686393798673,57495.47019931123
droplethic,BC490904,109775.0,4149.0,0.027153732308864843,36769.20213755882
droplethic,BC490994,140463.0,5739.0,0.02920076302112131,39664.65774632312
droplethic,BC491611,116350.0,3316.0,0.03024695988464648,27638.170013085622
droplethic,BC491776,140781.0,6434.0,0.031667641090896585,44254.909378546625
droplethic,BC491836,225677.0,12863.0,0.025426985943471595,55548.118238939394
droplethic,BC492209,238790.0,14200.0,0.030251097510954804,57667.55063170334
droplethic,BC492354,246126.0,13108.0,0.02402214256257336,51977.92088316467
droplethic,BC492369,186846.0,9672.0,0.03145945105357282,50136.0702900241
droplethic,BC492576,132786.0,4525.0,0.036218209267216354,32843.16571826733
droplethic,BC492896,198790.0,11316.0,0.028648492814666776,55293.5945234128
droplethic,BC492902,141909.0,6391.0,0.029695320405874793,43698.54771216804
droplethic,BC493028,257321.0,13864.0,0.023060422559274093,52635.77516657492
droplethic,BC493053,95133.0,4717.0,0.03251296654123868,47971.11766500559
droplethic,BC493068,233806.0,9728.0,0.02328923348135399,40638.145884594014
droplethic,BC493553,192194.0,7041.0,0.022321473990497605,35817.11448657558
droplethic,BC493738,170624.0,11438.0,0.030710674316877806,64977.560643072204
droplethic,BC494323,198060.0,11125.0,0.02644992897203612,54684.15904365393
droplethic,BC49443,72805.0,7318.0,0.041976445818803866,96295.80893479835
droplethic,BC494433,220835.0,8412.0,0.02431319530966961,37165.65490549532
droplethic,BC494535,237634.0,12643.0,0.022086328862844187,52028.59247492809
droplethic,BC494954,189459.0,7254.0,0.030096550594354402,37135.631571941965
droplethic,BC495256,183544.0,9568.0,0.02931454832960489,50601.04607931798
droplethic,BC49553,123006.0,5586.0,0.029216781892224642,44085.61416800834
droplethic,BC4961,187615.0,7334.0,0.031774456577833746,37848.605577689246
droplethic,BC496259,187945.0,14611.0,0.02575254130100097,75738.80453883357
droplethic,BC496303,145661.0,5568.0,0.02939902580744038,37101.94372072258
droplethic,BC496492,159861.0,5649.0,0.02712423471561241,34378.4612763057
droplethic,BC496554,251545.0,11441.0,0.02058925449611226,44546.45625756815
droplethic,BC496953,151917.0,5133.0,0.027108549471661865,32872.23823246878
droplethic,BC497213,137523.0,4915.0,0.031187037689327228,34624.86791123635
droplethic,BC497606,207313.0,10330.0,0.029710616350199615,48347.61608342187
droplethic,BC497697,166915.0,9976.0,0.025877011246053377,58220.3572825053
droplethic,BC497847,148043.0,7819.0,0.02993231156338665,51234.83890414191
droplethic,BC498088,310573.0,15166.0,0.024125611545603942,47654.21004175949
droplethic,BC498427,110084.0,3459.0,0.028393394586102506,30529.298064447798
droplethic,BC498539,176742.0,11047.0,0.031540071672018326,60532.17021556401
droplethic,BC498721,162173.0,5864.0,0.03940174737153858,34734.192210869245
droplethic,BC498970,170087.0,6574.0,0.02754638232183185,37586.11817843973
droplethic,BC499100,109884.0,5277.0,0.027841919473418797,46686.307296228464
droplethic,BC499339,254428.0,12290.0,0.02196116721316517,47243.61019600908
droplethic,BC499516,174907.0,9233.0,0.02824045780321129,51297.294294127445
droplethic,BC49962,200950.0,9635.0,0.025139231172258553,46741.893543942715
droplethic,BC499842,199670.0,12522.0,0.027806856525189768,60969.61257370448
droplethic,BC499977,148498.0,8525.0,0.029380429169962023,55721.503598203846
droplethic,BC499983,161527.0,8636.0,0.031682372970769486,51770.85581373043
droplethic,BC500102,203655.0,6883.0,0.035473252977811454,32598.451301238485
droplethic,BC500420,115459.0,5558.0,0.027582663769434197,46810.51762763825
droplethic,BC500468,171374.0,4774.0,0.036499387179112365,26840.430436395938
droplethic,BC500572,204666.0,10013.0,0.02338631559358105,47779.4690958023
droplethic,BC5009,100953.0,5371.0,0.028373162914697644,51693.43894668964
droplethic,BC501293,233192.0,9828.0,0.022735178130644507,41187.342058612754
droplethic,BC501516,172806.0,8410.0,0.024923401590087064,47454.33719099666
droplethic,BC501718,121656.0,6569.0,0.030397704630588985,52355.14465609309
droplethic,BC502207,279152.0,16981.0,0.0260757921472581,59244.450956996225
droplethic,BC502270,190332.0,9662.0,0.028457380287585436,49319.319881372285
droplethic,BC502685,241647.0,14276.0,0.024554959027974003,57627.25547975618
droplethic,BC502736,157020.0,7749.0,0.030327732182225762,47853.71547140449
droplethic,BC502893,136838.0,6475.0,0.025620211341821186,46106.41146144863
droplethic,BC502955,192239.0,7386.0,0.03199508542597171,37191.64320998223
droplethic,BC502986,141916.0,7954.0,0.030621793864712192,54330.9722060943
droplethic,BC503059,117761.0,4637.0,0.030574192220621528,38172.46346984976
droplethic,BC503453,118050.0,5209.0,0.03311410154554315,42664.1986027045
droplethic,BC503923,283271.0,14462.0,0.024605997582786133,49797.36034736259
droplethic,BC504080,183076.0,6842.0,0.028867269968915435,36293.616524681995
droplethic,BC504665,189314.0,15289.0,0.03131491961480602,78231.0140507793
droplethic,BC504762,240458.0,12687.0,0.02351684676892089,51521.02140516307
droplethic,BC50506,283600.0,16150.0,0.022530735480135247,55663.359033835746
droplethic,BC50508,177206.0,9985.0,0.029226310801409,54700.039991015714
droplethic,BC506052,104478.0,5554.0,0.030132560989194607,51557.684452861016
droplethic,BC506366,192566.0,10038.0,0.03032408806171571,50546.860837512846
droplethic,BC506570,89973.0,5459.0,0.029050882210111692,58911.131495170775
droplethic,BC506606,247518.0,11384.0,0.018759167492566897,45129.83151635283
droplethic,BC507164,121517.0,6036.0,0.029137771244127704,48224.729155348185
droplethic,BC507243,179697.0,6258.0,0.028239391301056137,33841.844266949316
droplethic,BC507263,197673.0,11873.0,0.028619586529531147,58344.84046447859
droplethic,BC507314,206275.0,8879.0,0.027073556116312524,41879.112326958
droplethic,BC507427,168646.0,10109.0,0.02983898339210622,58153.51515535025
droplethic,BC507574,162349.0,6296.0,0.03592657913645568,37387.39541208677
droplethic,BC507703,162843.0,5435.0,0.03430055685032646,32230.900152407383
droplethic,BC508071,230594.0,13124.0,0.02610083877452761,55428.383183964455
droplethic,BC508250,142772.0,8369.0,0.030233047825407713,56845.73741874572
droplethic,BC508330,232884.0,11954.0,0.02528000535735213,50032.64636453433
droplethic,BC508502,143475.0,8140.0,0.03232007122286146,54900.95570828303
droplethic,BC508597,209248.0,11539.0,0.02728282748457816,53640.57698833658
droplethic,BC508607,113474.0,10178.0,0.037474977097682625,86333.25416482883
droplethic,BC508869,137169.0,6856.0,0.02897452959748552,48533.929860825985
droplethic,BC509153,209111.0,12238.0,0.027901614500285898,56891.02936596115
droplethic,BC509811,200179.0,9865.0,0.02784199075333152,47908.81541629434
droplethic,BC50993,109565.0,5075.0,0.028954551900170166,44978.37492909813
droplethic,BC509950,125373.0,6520.0,0.029049595737430687,50494.09869582727
droplethic,BC510549,47841.0,6499.0,0.07284883720930233,125949.61240310078
droplethic,BC510717,200862.0,10240.0,0.02972717084669784,49464.77566951347
droplethic,BC511072,124692.0,6090.0,0.026778954598315682,47532.44928701327
droplethic,BC51131,307196.0,14474.0,0.0226492531377758,46049.34540190573
droplethic,BC511402,111583.0,5252.0,0.03691524253409287,45330.57137925082
droplethic,BC511453,228692.0,10325.0,0.027115788757200106,43923.834157215424
droplethic,BC511550,151049.0,5806.0,0.031569566527540026,37224.39140107582
droplethic,BC51166,189255.0,10945.0,0.02610534765962702,56322.30044049236
droplethic,BC512306,213831.0,12016.0,0.027227317392728465,54663.900716963275
droplethic,BC512583,144692.0,5129.0,0.03642732515549873,34156.44437341005
droplethic,BC51275,102313.0,4117.0,0.027988105530168443,39113.04496527612
droplethic,BC512760,134678.0,4977.0,0.029424694258473202,35867.42672652979
droplethic,BC512796,153498.0,7514.0,0.03169887019549213,47400.061820682175
droplethic,BC512825,199999.0,12060.0,0.027303721068220394,58653.878888980755
droplethic,BC512862,159559.0,8623.0,0.033836521402144756,52214.08805488444
droplethic,BC512981,178554.0,9760.0,0.031708070997445784,52928.129456998606
droplethic,BC512996,213323.0,14195.0,0.033254630405916766,64329.446526572436
droplethic,BC513150,152678.0,8074.0,0.02963626772424225,51315.296076674225
droplethic,BC513647,271119.0,15173.0,0.02449213099889899,54593.66881831855
droplethic,BC513851,110047.0,3885.0,0.026511800714765933,34367.14907469658
droplethic,BC514375,111346.0,1087.0,0.03308555351002119,9439.369203515233
droplethic,BC514452,238876.0,14627.0,0.028196918720785006,59506.035222756065
droplethic,BC514484,266822.0,15313.0,0.02767685675450136,55801.93646895053
droplethic,BC51465,149545.0,7539.0,0.02863842446445042,48969.17261000039
droplethic,BC514923,190686.0,10611.0,0.03293437468303073,53813.77421645197
droplethic,BC51541,118160.0,6653.0,0.031943568274359124,54506.4272196233
droplethic,BC515431,243795.0,12593.0,0.028147622540421597,50200.11480690117
droplethic,BC515435,142670.0,6215.0,0.028120274118175997,42337.08906115887
droplethic,BC515731,83549.0,4791.0,0.03496350027721309,55338.66198484568
droplethic,BC515799,178415.0,8357.0,0.030242582033819077,45423.66248321819
droplethic,BC515843,61460.0,3066.0,0.026545869234668017,48561.834769386725
droplethic,BC515860,220451.0,11509.0,0.027067224517176854,50793.52469724252
droplethic,BC515940,227808.0,11555.0,0.03198419274651029,49100.21883697708
droplethic,BC516127,239444.0,14999.0,0.02693125154934958,60953.95231457587
droplethic,BC516373,178046.0,9167.0,0.028965351745501945,49995.364234798784
droplethic,BC516460,167907.0,8696.0,0.028175372594414702,50331.35580957893
droplethic,BC516487,128098.0,5069.0,0.03022916020016504,38375.059617990635
droplethic,BC516538,69447.0,2646.0,0.030503127094036186,36938.79830243467
droplethic,BC516822,142292.0,6219.0,0.031111050585247275,42346.16405989337
droplethic,BC516968,179290.0,9986.0,0.036085633487811956,53687.59475704563
droplethic,BC517169,175493.0,8880.0,0.02777193001894674,49195.04060806843
droplethic,BC517200,175986.0,6934.0,0.03557689146088844,37999.10126152194
droplethic,BC517235,138082.0,6484.0,0.034263293724341,45348.68269210595
droplethic,BC517467,179888.0,8604.0,0.04054104507464438,45890.69225394557
droplethic,BC517763,159523.0,9342.0,0.02787968165364599,56929.395848822045
droplethic,BC517836,236881.0,11831.0,0.02664710764856225,48614.02167928141
droplethic,BC517845,151357.0,4868.0,0.03413398338289536,31064.5412428369
droplethic,BC517958,75179.0,2530.0,0.023484484393469028,32862.69110369283
droplethic,BC518018,131280.0,4348.0,0.03713428632199673,31890.159377452455
droplethic,BC518190,152779.0,7344.0,0.02702169122798079,46770.516233394046
droplethic,BC518192,147910.0,8319.0,0.030797457571587708,54511.499901710245
droplethic,BC518211,253267.0,12055.0,0.023940280330970908,46458.4802623719
droplethic,BC518394,198933.0,9310.0,0.02773596340319049,45501.64216452924
droplethic,BC518437,97600.0,4227.0,0.023541064300221105,42289.87624183366
droplethic,BC519102,114247.0,5633.0,0.028090413359535174,47920.44168814707
droplethic,BC51916,170600.0,8622.0,0.026850040215165395,49182.291636956885
droplethic,BC51955,153202.0,8963.0,0.0313969955996156,56667.59395073592
droplethic,BC519617,230358.0,13973.0,0.029053618319838482,58895.431420731635
droplethic,BC51963,158263.0,9962.0,0.028065564105556,61179.24499333673
droplethic,BC519720,87502.0,3373.0,0.02786357071436507,37473.614042884125
droplethic,BC51999,162990.0,7271.0,0.03310771129079142,43133.16050803519
droplethic,BC520325,138146.0,7233.0,0.03104396375164829,50732.261594141906
droplethic,BC520365,122396.0,6459.0,0.028780460709553018,51252.54913785579
droplethic,BC520596,215627.0,10425.0,0.02360974637861629,47205.90832318274
droplethic,BC520618,118621.0,2536.0,0.015683215640066053,21043.72214984524
droplethic,BC521243,166246.0,1574.0,0.038768206023671446,9100.843591537488
droplethic,BC521487,179991.0,7771.0,0.02923235406745015,41912.29215095113
droplethic,BC521924,124464.0,8012.0,0.029754990996328372,62456.638161536
droplethic,BC521961,177581.0,8631.0,0.028863769352342514,47200.30187193411
droplethic,BC522096,156454.0,9544.0,0.03328575577264105,58971.45964248861
droplethic,BC522180,193697.0,7314.0,0.01844560320669717,37063.500509281075
droplethic,BC52238,199642.0,11044.0,0.030421648713490623,53636.12522218876
droplethic,BC522690,210420.0,10456.0,0.02870225906812286,48264.84734903387
droplethic,BC52289,212336.0,11172.0,0.021339749085110108,51491.938829125305
droplethic,BC52318,192872.0,8092.0,0.019436182922799257,41139.83578636976
droplethic,BC52324,139403.0,5113.0,0.02397305831530453,35798.5534947874
droplethic,BC523318,178840.0,6199.0,0.032753547940463826,33526.95569401177
droplethic,BC523321,86366.0,5026.0,0.035846255177110195,56108.15276242785
droplethic,BC523350,210162.0,10792.0,0.02523619801208703,50054.962129469444
droplethic,BC523441,171775.0,6366.0,0.03251515083245094,35855.09270732421
droplethic,BC524268,183289.0,9920.0,0.02683918786900565,52669.58331563522
droplethic,BC524395,190713.0,8368.0,0.027480596832260763,42671.67086516201
droplethic,BC524446,203057.0,10271.0,0.02592798687530581,49270.37061910564
droplethic,BC525488,120118.0,6077.0,0.029239671558802614,49112.62688304132
droplethic,BC525515,138412.0,7742.0,0.02909652076318743,54306.95847362514
droplethic,BC525583,249937.0,15306.0,0.028986239209317866,59464.33150218727
droplethic,BC52593,158449.0,6969.0,0.03005056379240686,42660.9042715998
droplethic,BC526027,181463.0,10979.0,0.032109577935066115,58559.976104500136
droplethic,BC526047,216419.0,11287.0,0.02535915334384148,50830.89394280568
droplethic,BC526380,167109.0,7589.0,0.029547553093259463,44071.615649517706
droplethic,BC526528,136444.0,6353.0,0.030703436909480984,45131.6369009562
droplethic,BC526663,167554.0,7996.0,0.03190505904920382,46199.357507684486
droplethic,BC526731,167497.0,8635.0,0.031529343740965596,49927.72477594681
droplethic,BC52683,179770.0,6570.0,0.0317037962683673,35388.029473865645
droplethic,BC526945,210466.0,13846.0,0.03326473992687453,63598.949051022464
droplethic,BC52696,190676.0,11155.0,0.029925009411980178,56751.696700210625
droplethic,BC526990,202458.0,10435.0,0.027275566339154875,50135.72921421193
droplethic,BC52729,181687.0,9880.0,0.03147788818286494,52667.491151008566
droplethic,BC52738,195054.0,10956.0,0.031062009766178025,54424.3369579796
droplethic,BC527480,136442.0,5623.0,0.03190055201577999,39896.975975251524
droplethic,BC527955,156029.0,5830.0,0.050843436524786026,35465.09152183567
droplethic,BC528323,161795.0,9617.0,0.028835707297162647,57725.43652723006
droplethic,BC528811,195502.0,7970.0,0.023744488332492746,39798.85846687007
droplethic,BC52903,218194.0,9819.0,0.023355952231751204,43950.190679104075
droplethic,BC529699,195384.0,7070.0,0.03123218119524204,35055.01207340232
droplethic,BC52976,107380.0,6964.0,0.029806919108412617,62920.698596843125
droplethic,BC530004,273325.0,14791.0,0.024925796969091585,52766.20337338394
droplethic,BC530315,138716.0,7200.0,0.031001578719421042,50295.48598013328
droplethic,BC530561,159133.0,6006.0,0.03583805923125394,36389.41398865784
droplethic,BC530910,236070.0,11783.0,0.021560728140853476,48836.99724791936
droplethic,BC530917,130996.0,2026.0,0.015585781919290598,15225.069512286767
droplethic,BC531189,175013.0,8659.0,0.028099715115536477,48086.053989215485
droplethic,BC5319,214518.0,11215.0,0.03304499907594805,50552.402760436154
droplethic,BC531954,145374.0,7328.0,0.03096274471900226,48847.14602816976
droplethic,BC532196,150388.0,4931.0,0.03074910253353012,31780.302786174183
droplethic,BC532281,176858.0,11562.0,0.029005001619624358,63478.29428849078
droplethic,BC532463,171546.0,5186.0,0.03477262752776746,29179.74860178027
droplethic,BC532549,186174.0,13554.0,0.03306325958242443,70395.76191960112
droplethic,BC532653,170310.0,8072.0,0.027144668745930012,46109.378391655526
droplethic,BC532716,181575.0,9495.0,0.028595120907340038,50797.132463085814
droplethic,BC532757,201055.0,9835.0,0.030658489783717588,47417.24280906786
droplethic,BC53318,169859.0,11517.0,0.03316162449839201,65554.82824373168
droplethic,BC53351,178723.0,6375.0,0.03730177540291304,34339.17952253728
droplethic,BC533545,176621.0,1252.0,0.021202901683042667,6938.325380859754
droplethic,BC533556,207914.0,10441.0,0.027157282025847145,48854.09745552551
droplethic,BC533659,119120.0,6443.0,0.030346444386559,52446.92628288617
droplethic,BC534475,54391.0,7117.0,0.05958123692446012,123052.71711879938
droplethic,BC53464,161438.0,8171.0,0.02775720127433799,49208.95890922449
droplethic,BC534955,126397.0,6350.0,0.03176706704252972,48642.60326020346
droplethic,BC535148,254370.0,15413.0,0.028335905389093464,58875.8843033294
droplethic,BC535380,286104.0,15580.0,0.0240288182078677,53147.215740854444
droplethic,BC535552,179247.0,7978.0,0.02881895907155164,43225.729549321106
droplethic,BC535745,190519.0,8985.0,0.02447029667482514,46006.61553113703
droplethic,BC535794,163251.0,5077.0,0.027266172904240677,30251.389824044996
droplethic,BC536091,241980.0,15534.0,0.031498899339603766,62173.303982389436
droplethic,BC536136,192576.0,6423.0,0.03287917518317824,32256.444509172725
droplethic,BC536202,214642.0,16030.0,0.03339668014662836,72188.34718857236
droplethic,BC536212,149305.0,5884.0,0.027544387562364037,38323.75890682194
droplethic,BC536253,188046.0,7486.0,0.037487843578850384,38317.039463581925
droplethic,BC536271,144394.0,9004.0,0.02906863371369783,60544.524163343805
droplethic,BC536361,215632.0,10259.0,0.026900669244967125,46296.588791162176
droplethic,BC536385,148539.0,7679.0,0.029524755321512105,50170.52359236368
droplethic,BC536631,140854.0,4925.0,0.03661247409494758,33685.117675624286
droplethic,BC53689,103999.0,9867.0,0.04122760922274156,90964.40523273502
droplethic,BC537143,132829.0,8300.0,0.031060567376921224,60545.49300808976
droplethic,BC537181,241903.0,12839.0,0.02460040967081176,51769.32630118869
droplethic,BC537202,222775.0,9786.0,0.024106571811563095,42868.7827999194
droplethic,BC53729,168768.0,7670.0,0.029622815087396503,44100.73597056118
droplethic,BC537517,124506.0,4459.0,0.03163936721265575,34680.417502761054
droplethic,BC537630,221718.0,14350.0,0.03165112571790448,62673.33435241194
droplethic,BC537765,176231.0,11745.0,0.027379796017484217,64820.74263764405
droplethic,BC538188,245205.0,13606.0,0.023406695820488925,54189.46798257143
droplethic,BC538302,144311.0,8834.0,0.03086490225442726,59325.61934630339
droplethic,BC538708,164242.0,7371.0,0.031106391764740584,43482.87762144943
droplethic,BC538938,161986.0,6467.0,0.025026483050847457,38924.06587057011
droplethic,BC539129,204778.0,9327.0,0.029649110337147868,44196.46030279338
droplethic,BC539425,136739.0,6397.0,0.02807611113875285,45469.0842923043
droplethic,BC539599,92207.0,3718.0,0.027998271191086093,39193.36306041344
droplethic,BC539724,137929.0,6448.0,0.025746252843036152,45545.08596211168
droplethic,BC539755,128078.0,7680.0,0.029572438457050636,58190.19404308197
droplethic,BC539978,138789.0,7240.0,0.028421620032341843,50682.8889246687
droplethic,BC540073,199128.0,11766.0,0.029557538512522356,57341.137368233816
droplethic,BC540163,138529.0,8011.0,0.0324024921770228,55955.24139472508
droplethic,BC540314,155286.0,9275.0,0.0359098528590054,57583.65927857454
droplethic,BC540968,178514.0,9028.0,0.02725117837778928,49194.88870119608
droplethic,BC541073,150363.0,9222.0,0.02920839063317128,59540.18090607992
droplethic,BC541169,118238.0,3071.0,0.028877901342050365,25222.990620431363
droplethic,BC541495,99005.0,6418.0,0.029705202085538437,62899.36885020973
droplethic,BC541538,142929.0,6362.0,0.028434118222850618,43245.96226004677
droplethic,BC541570,200133.0,9740.0,0.03347274272688637,47038.59676235367
droplethic,BC541626,262832.0,13562.0,0.021492526200182424,50490.49719848849
droplethic,BC541657,133115.0,7682.0,0.03087597192696351,55927.662424648355
droplethic,BC542016,148869.0,5074.0,0.02534372135655362,33219.850726725155
droplethic,BC542080,271943.0,13085.0,0.02397855173997933,46962.932123578736
droplethic,BC542118,253516.0,11353.0,0.02627920017821615,43605.3434117638
droplethic,BC54213,325233.0,16754.0,0.022901795370971232,50334.07840026919
droplethic,BC542154,198678.0,9874.0,0.02278774881831283,48565.99003497106
droplethic,BC542227,111007.0,4996.0,0.028861127149930887,43707.24196455129
droplethic,BC542309,154387.0,7710.0,0.03083509626551328,48399.55053076291
droplethic,BC542513,265349.0,13240.0,0.02257641503178895,48770.06608270283
droplethic,BC542578,110771.0,6053.0,0.02861427293614185,53080.66015398916
droplethic,BC543208,227235.0,14882.0,0.021201169897956985,64103.17156062492
droplethic,BC54334,182315.0,7374.0,0.03214418431809736,39146.36088549132
droplethic,BC543729,244033.0,12181.0,0.02646539033857668,48594.35027347039
droplethic,BC543899,209500.0,13334.0,0.0292206889521144,61786.97533896185
droplethic,BC544157,179487.0,11814.0,0.031496190455634454,63747.81463814725
droplethic,BC54448,149205.0,7007.0,0.03012870514820593,45547.32189287571
droplethic,BC544566,169594.0,7722.0,0.03003231433555435,44164.831708084304
droplethic,BC544976,154867.0,8476.0,0.030566510172143974,53057.90297339593
droplethic,BC545201,186985.0,10843.0,0.02913352302228499,56299.196244989515
droplethic,BC545485,79833.0,4517.0,0.02825181975314653,54982.106775080945
droplethic,BC545654,195826.0,14211.0,0.03067952322496337,70343.12754920206
droplethic,BC545656,208888.0,9191.0,0.024812911117024505,42907.89578110484
droplethic,BC545885,165439.0,9889.0,0.030462326459091523,57953.433311649875
droplethic,BC546033,153725.0,7831.0,0.02891922452511955,49468.424477110355
droplethic,BC546112,238002.0,17527.0,0.030675995992408382,71383.18929353979
droplethic,BC547035,160352.0,7609.0,0.021533917903844863,46430.03154728126
droplethic,BC547168,256869.0,13629.0,0.027453430258973194,51601.54475238528
droplethic,BC547285,256953.0,11476.0,0.023812689717005862,43598.34511684098
droplethic,BC54769,181793.0,10687.0,0.028478746486249613,57112.47207704064
droplethic,BC547997,196033.0,9332.0,0.028086545230988903,46267.1915437932
droplethic,BC548135,195124.0,10133.0,0.027215666332640352,50517.740785609945
droplethic,BC548217,257073.0,17672.0,0.025038399544894282,67021.9019626434
droplethic,BC548292,112066.0,4366.0,0.028823488630061008,37836.245146977264
droplethic,BC548514,196622.0,10572.0,0.02523399698580154,52411.35876893789
droplethic,BC549382,226513.0,10563.0,0.027536524318777986,45348.97199551791
droplethic,BC549535,254605.0,13791.0,0.028451391088334395,52625.15215923011
droplethic,BC549566,193947.0,8692.0,0.026174934725848566,43643.301867844944
droplethic,BC549690,249619.0,13375.0,0.022753698650516185,52362.47753796524
droplethic,BC549878,143879.0,7766.0,0.027187288708586884,52508.451656524674
droplethic,BC549937,188688.0,7306.0,0.04067355405515334,37145.12324086879
droplethic,BC549950,105189.0,4538.0,0.026406397512078635,42002.18433572129
droplethic,BC550025,184680.0,8883.0,0.02698089051164114,46801.65014936697
droplethic,BC550073,174557.0,6561.0,0.035095574497252716,36267.45381579384
droplethic,BC550164,295001.0,14624.0,0.02665311684412315,48251.445992628986
droplethic,BC550717,264009.0,14884.0,0.024904709845171964,54972.81645195604
droplethic,BC550794,168403.0,6149.0,0.03753764909613593,35142.96654874236
droplethic,BC551088,87021.0,2961.0,0.035789077129339285,32808.50073683394
droplethic,BC551108,144837.0,8452.0,0.02904088651127245,56660.56620343369
droplethic,BC551208,261254.0,13798.0,0.02075774386038562,51718.19244954872
droplethic,BC551210,141586.0,7042.0,0.03218177095437954,48135.945424966165
droplethic,BC551361,107355.0,4022.0,0.02991885493286104,36343.59243127971
droplethic,BC551679,154541.0,6635.0,0.031679793479827315,41573.46316033509
droplethic,BC551764,143719.0,4165.0,0.034444996842373996,27981.941066605752
droplethic,BC551879,145870.0,7842.0,0.030976596493792058,52094.88949266938
droplethic,BC552443,227632.0,12612.0,0.026089932828477304,53959.697086381726
droplethic,BC552499,142646.0,8837.0,0.0281977041250809,60203.69928807439
droplethic,BC55259,112280.0,5719.0,0.02819010360317474,49499.294598267225
droplethic,BC552740,196896.0,9699.0,0.02774129196006202,47892.98517633349
droplethic,BC552785,217890.0,7449.0,0.028919818699610925,33198.293957990725
droplethic,BC553038,89155.0,2882.0,0.03341392282923339,31245.595585285733
droplethic,BC553214,148550.0,4161.0,0.0354772942719493,27017.02442635085
droplethic,BC55328,181284.0,5625.0,0.028993502841502542,30129.03260363048
droplethic,BC553387,121373.0,8880.0,0.03567370871503142,70552.90275934945
droplethic,BC553466,176594.0,7298.0,0.029921830796359062,40089.86986448108
droplethic,BC553999,164931.0,8647.0,0.035767528602914954,50552.76558179235
droplethic,BC554064,173993.0,8087.0,0.026950092834932778,45226.271167483166
droplethic,BC554274,245914.0,10290.0,0.023875774523774554,40844.84120526021
droplethic,BC554306,98798.0,5289.0,0.031657976241815974,51838.71094209433
droplethic,BC554357,151881.0,8928.0,0.025028886891770446,57311.59327256387
droplethic,BC554389,166671.0,6256.0,0.032922336012068815,36299.283414082216
droplethic,BC554464,61052.0,2218.0,0.02819031246517995,35305.54096429652
droplethic,BC554502,144315.0,4659.0,0.036448248694700015,31106.867680638832
droplethic,BC554627,92568.0,1047.0,0.012460527438764189,11169.668003755227
droplethic,BC554672,142015.0,7282.0,0.027287858136014632,49877.053952424336
droplethic,BC554982,129744.0,5422.0,0.025338611897804186,40731.08618733895
droplethic,BC555363,244011.0,13005.0,0.026863731171260275,51865.02729843229
droplethic,BC555383,231856.0,10337.0,0.020969335619157006,43648.816410637526
droplethic,BC555654,130508.0,5390.0,0.02445077329027725,40290.32957340091
droplethic,BC555917,180548.0,12689.0,0.029656143518966387,68196.23144475615
droplethic,BC556018,271305.0,13311.0,0.02029430351178117,48067.16620023472
droplethic,BC556223,156771.0,7711.0,0.029618212879744484,47729.57983609399
droplethic,BC556339,137766.0,5936.0,0.033390633222241714,41648.83353797579
droplethic,BC556979,151588.0,5497.0,0.0286120741030291,35225.21194722306
droplethic,BC556984,171045.0,8155.0,0.029465835971810846,46272.65402467118
droplethic,BC55722,174437.0,8577.0,0.032453629747958825,47573.88178913738
droplethic,BC557423,111293.0,5689.0,0.030160168708716035,49575.61392195479
droplethic,BC557871,195885.0,11194.0,0.02767781357185758,55564.10421868252
droplethic,BC55826,261943.0,14588.0,0.02533199876465576,54280.72825775532
droplethic,BC55841,225380.0,10678.0,0.024468365991005613,46218.50558145373
droplethic,BC559750,124299.0,5911.0,0.029156773306673333,46168.145463634086
droplethic,BC55981,135107.0,6233.0,0.03329278763594734,44597.882083571836
droplethic,BC559929,233020.0,13711.0,0.029996753057537486,57075.42064555877
droplethic,BC560127,117362.0,4427.0,0.03292737190790883,36478.84770678489
droplethic,BC560387,216849.0,11600.0,0.024055555055492048,52206.63024204074
droplethic,BC560670,199387.0,11015.0,0.02938799750759405,53620.80380091908
droplethic,BC561000,197240.0,9349.0,0.02786676786893649,46078.247754985365
droplethic,BC561127,141195.0,7729.0,0.030966254195062694,53044.809103200256
droplethic,BC561177,158920.0,9018.0,0.03056182516927957,55011.28530470323
droplethic,BC561251,150465.0,8074.0,0.027815468113975575,52167.73276474769
droplethic,BC561266,182473.0,10125.0,0.029796306831776347,53834.33381008842
droplethic,BC561395,170812.0,7951.0,0.0312551397151818,45093.37976327535
droplethic,BC561756,190863.0,11185.0,0.03993420589330087,56262.00943652478
droplethic,BC561826,181527.0,8729.0,0.023150315612740745,46973.29265077033
droplethic,BC561855,134441.0,6266.0,0.027832815098705617,45310.57921758623
droplethic,BC561860,100515.0,4824.0,0.02921576202433842,46590.68958856481
droplethic,BC561904,166692.0,6793.0,0.035084774215208996,39322.03782278745
droplethic,BC562051,185486.0,8954.0,0.02954487189548639,46846.95997028247
droplethic,BC562206,149118.0,7498.0,0.026047313625853982,48972.60721330321
droplethic,BC562497,105894.0,4018.0,0.035310194042088,36603.807962102575
droplethic,BC563133,143540.0,7888.0,0.030226870431175428,53292.2561379329
droplethic,BC563144,157682.0,12190.0,0.035896620667306624,74532.41456897763
droplethic,BC563362,243501.0,11061.0,0.022990719453037545,44380.51446248661
droplethic,BC563371,159509.0,3211.0,0.041135664133884774,19302.443012407424
droplethic,BC563532,128338.0,4921.0,0.02538710975767195,37370.61535073397
droplethic,BC563664,223384.0,14487.0,0.0284315047342348,63008.598605608015
droplethic,BC563677,163496.0,7118.0,0.03348880652159777,42078.256808602455
droplethic,BC563683,158929.0,7611.0,0.03159389205064772,46376.29940163544
droplethic,BC564141,141124.0,4768.0,0.0298422300897123,32777.64410682982
droplethic,BC564142,87474.0,3720.0,0.02606468852641541,41418.47130212103
droplethic,BC564285,142305.0,7532.0,0.02995910020449898,51342.87661895024
droplethic,BC564358,110161.0,3831.0,0.028176966168232544,33796.48008468969
droplethic,BC56468,199017.0,12845.0,0.02870208591591914,62689.72854786284
droplethic,BC564922,149706.0,6718.0,0.027169286554419803,43655.40948878073
droplethic,BC565025,115177.0,4537.0,0.025179429886925318,38399.68853680006
droplethic,BC56520,185568.0,8058.0,0.02685014264138278,42257.50964927001
droplethic,BC565212,126518.0,6146.0,0.031218653087790496,47061.52609211685
droplethic,BC565277,130475.0,4488.0,0.03831270776057137,33079.536827519114
droplethic,BC565309,189686.0,11063.0,0.0278445461487605,56698.7325683301
droplethic,BC56544,233865.0,11566.0,0.023263098544490154,48305.385595255495
droplethic,BC565539,98246.0,7574.0,0.036954987452948555,74243.25595984944
droplethic,BC565700,292160.0,17048.0,0.02454659579582788,56919.25532199044
droplethic,BC565722,81393.0,7217.0,0.04678643369091676,84520.07307818429
droplethic,BC565951,243948.0,2789.0,0.031410432027443924,11073.65629181407
droplethic,BC56608,182712.0,8772.0,0.0252656736801673,46796.97836199906
droplethic,BC56653,120913.0,4623.0,0.02590068316576437,37243.8128383604
droplethic,BC566538,319751.0,4278.0,0.027334921228824256,13013.442356655929
droplethic,BC566608,78901.0,2861.0,0.027738071766561515,35254.83044164038
droplethic,BC566684,167008.0,8578.0,0.025800467826705788,50037.624466986716
droplethic,BC566727,237319.0,9832.0,0.02572008013662638,40363.89910667367
droplethic,BC566748,219642.0,11203.0,0.02907359682431626,49522.80754490118
droplethic,BC567036,149370.0,8292.0,0.031235001880845215,53779.201743348945
droplethic,BC567388,194850.0,10689.0,0.02578896844126235,53442.862285508585
droplethic,BC56766,205900.0,10414.0,0.021541298180418472,49488.43574914581
droplethic,BC567714,134346.0,11422.0,0.03783597963173839,81802.49088656368
droplethic,BC568038,229422.0,11302.0,0.024927004041872265,48034.953057329985
droplethic,BC56805,156924.0,8011.0,0.024516995300494816,49798.59263495536
droplethic,BC568055,200078.0,12067.0,0.030230472820686815,58488.234011099536
droplethic,BC568102,151868.0,7653.0,0.026880170187680616,49037.88854501067
droplethic,BC56829,153316.0,7592.0,0.027188913775927817,48172.28317079206
droplethic,BC568341,172619.0,9683.0,0.02677484100852465,54592.71119931442
droplethic,BC568401,164534.0,3009.0,0.05055541129288208,17363.455379555093
droplethic,BC568420,173239.0,6287.0,0.027779492561269215,35282.761562161526
droplethic,BC568548,109972.0,5233.0,0.022114726255791,46532.514071795056
droplethic,BC568647,147890.0,8059.0,0.030254944132612916,52844.51555369039
droplethic,BC568779,145795.0,6497.0,0.027579537117321418,43333.555659307676
droplethic,BC569386,153000.0,1874.0,0.03651179485887732,11801.15618584617
droplethic,BC569533,130996.0,4872.0,0.0296448836279056,36089.42354701551
droplethic,BC569771,216786.0,10058.0,0.0232841039134235,45315.69604512647
droplethic,BC570101,84253.0,2853.0,0.03129634952572578,32802.52946248922
droplethic,BC57020,156900.0,9602.0,0.03331341223730338,59159.49404523526
droplethic,BC570261,203306.0,10026.0,0.029672160096982193,47851.54851734655
droplethic,BC570479,87617.0,3169.0,0.02587165347327226,35233.03388775238
droplethic,BC570626,194848.0,9305.0,0.02614954018392643,46506.39744102359
droplethic,BC571003,198101.0,9941.0,0.023406573362451874,49006.89675571484
droplethic,BC571068,138061.0,5301.0,0.03055900795573438,37222.72545343472
droplethic,BC571127,196843.0,10475.0,0.022757624350260887,52003.951803879325
droplethic,BC571276,273822.0,13180.0,0.021833717947801982,47082.526595554664
droplethic,BC571427,180784.0,8923.0,0.02452395469678248,48146.80918798461
droplethic,BC571841,177449.0,5857.0,0.034952903043355306,31852.987883138634
droplethic,BC572339,162690.0,5596.0,0.031203477639492647,33323.40856309176
droplethic,BC572593,193253.0,9356.0,0.028024644788130264,47056.4566830127
droplethic,BC572614,267299.0,12278.0,0.022794241300898608,44886.558892130415
droplethic,BC572892,201557.0,11903.0,0.03078957491825351,57236.96864781689
droplethic,BC573374,155151.0,5594.0,0.02906223598986201,35007.35317125067
droplethic,BC573568,130981.0,4060.0,0.029461235801032923,30083.656275702633
droplethic,BC5736,229073.0,10572.0,0.023417716122541204,45070.47057118252
droplethic,BC573635,83431.0,3201.0,0.031662391624786734,37152.24178553605
droplethic,BC573744,194470.0,9968.0,0.0275867931415542,49843.239810587685
droplethic,BC573761,181078.0,9610.0,0.028061361416164804,51581.806275696974
droplethic,BC574066,196696.0,11641.0,0.029438177852779506,57440.46737918307
droplethic,BC574102,122758.0,4962.0,0.027882704170923114,39293.944361295224
droplethic,BC574460,154899.0,6108.0,0.03090609926238277,38213.45228636315
droplethic,BC574646,181509.0,8764.0,0.026615255909734438,46999.01325668197
droplethic,BC574932,95236.0,3734.0,0.027936268155512232,38112.54121033346
droplethic,BC575022,206353.0,10028.0,0.028145001389353316,47228.59336218793
droplethic,BC575037,104067.0,3839.0,0.03588997693184239,35565.725720532515
droplethic,BC575210,165562.0,8857.0,0.027941357789115846,52001.80835011537
droplethic,BC575564,201200.0,10561.0,0.019029463245296266,51491.20198144347
droplethic,BC576520,237986.0,10647.0,0.02542640103196216,43600.401318618315
droplethic,BC576599,229131.0,15441.0,0.032030348988015024,65230.891417032435
droplethic,BC576663,181969.0,9638.0,0.030734157527205323,51337.22881234054
droplethic,BC576747,210288.0,10882.0,0.023768847953650748,50518.08660773974
droplethic,BC576758,247325.0,9644.0,0.022423102158910347,38118.87841010601
droplethic,BC576908,285636.0,13235.0,0.018355402660691394,45484.69466658877
droplethic,BC576986,155188.0,7797.0,0.028879307647541035,48791.32431806662
droplethic,BC577358,221288.0,11560.0,0.02298084267504956,51039.10496130123
droplethic,BC577644,208849.0,10238.0,0.023778139256600106,47855.43340064319
droplethic,BC577761,198034.0,7185.0,0.039005784386039834,34866.454443107265
droplethic,BC577795,268042.0,15601.0,0.026017252781593156,56689.26824659704
droplethic,BC577818,232876.0,14439.0,0.02642184651917256,60364.721818090606
droplethic,BC578112,86440.0,2940.0,0.039896925537586635,32655.055980095967
droplethic,BC578554,146950.0,8801.0,0.03649453172126203,57705.421070576194
droplethic,BC57913,157707.0,8439.0,0.026770341571785615,52078.12644635749
droplethic,BC579801,251245.0,11260.0,0.026250106581711355,43640.36617600322
droplethic,BC580442,154003.0,4616.0,0.03143985610243896,29031.08137004566
droplethic,BC580556,186856.0,10705.0,0.03124692170901531,55499.966300814485
droplethic,BC580696,59995.0,2593.0,0.028027541514783313,42008.91049007695
droplethic,BC580821,118597.0,5459.0,0.026880441114931118,44792.52992869627
droplethic,BC580965,97938.0,4199.0,0.030710305717481023,41557.38759513465
droplethic,BC581103,127775.0,6717.0,0.030626953539890145,50958.941522774854
droplethic,BC581388,143503.0,7141.0,0.02854725155699973,48341.45681018143
droplethic,BC581501,163955.0,9319.0,0.02994965003520356,55136.46556263571
droplethic,BC581746,147685.0,7867.0,0.029919863373620598,51674.98686284814
droplethic,BC581822,218077.0,11403.0,0.033363770145919396,50544.316590131384
droplethic,BC581908,133846.0,4911.0,0.030417617443587237,35575.35586221884
droplethic,BC582479,115069.0,4099.0,0.02931400998785261,34577.878256174925
droplethic,BC582722,144070.0,4882.0,0.027880865305461466,32941.52575538791
droplethic,BC582862,216409.0,10101.0,0.026224256086970217,45451.4774767478
droplethic,BC583052,146339.0,9219.0,0.03132943232366024,61023.88265198051
droplethic,BC583064,166240.0,5081.0,0.03079488345518359,29623.022119611476
droplethic,BC583182,210043.0,11472.0,0.028756785750617308,53046.76734701427
droplethic,BC58336,156198.0,7128.0,0.023658763743647764,44554.73394048118
droplethic,BC583891,92005.0,3556.0,0.029892450442851118,37494.72796288486
droplethic,BC584390,153759.0,8759.0,0.02953818188703539,55283.10580097072
droplethic,BC584469,171040.0,6060.0,0.024879706278078038,34548.81302592871
droplethic,BC584538,181976.0,10369.0,0.030386990553018717,55248.58934670367
droplethic,BC584767,149174.0,6854.0,0.03417242897469764,44376.24634190557
droplethic,BC584855,255078.0,15249.0,0.02782615986797724,58118.21830253184
droplethic,BC585151,201395.0,9746.0,0.0275752513205798,47058.02825606211
droplethic,BC585265,299331.0,15140.0,0.02457058503410228,49336.69196502765
droplethic,BC58533,227307.0,14399.0,0.029050694551232763,61505.80074153809
droplethic,BC585446,288613.0,14162.0,0.023547482347846385,47913.71336353456
droplethic,BC585698,151809.0,8487.0,0.029074861692942343,54280.32362252566
droplethic,BC585817,231410.0,12511.0,0.024422119450428537,52743.852312154566
droplethic,BC586216,206555.0,10732.0,0.02773855249284531,50515.89094743184
droplethic,BC586386,126249.0,8118.0,0.042015085062146205,61599.86645015404
droplethic,BC58654,290714.0,16462.0,0.023519058431525346,55294.30732644534
droplethic,BC58668,135137.0,8251.0,0.029202166635536847,59273.57365555093
droplethic,BC587375,286798.0,14436.0,0.021457792396114464,49254.99936878811
droplethic,BC5876,190319.0,9521.0,0.02647638047008875,48702.012839203046
droplethic,BC587710,135515.0,6180.0,0.02768809103563075,44341.12531749107
droplethic,BC587956,144327.0,7067.0,0.02776711193743306,47605.57497861218
droplethic,BC588647,145932.0,7803.0,0.03202440965773415,51757.760679225255
droplethic,BC589445,136695.0,6872.0,0.029416776722191455,48793.64944120195
droplethic,BC589516,220822.0,14493.0,0.027674180012064797,63815.73443354894
droplethic,BC589602,215866.0,9945.0,0.027486067748809507,44803.95734501074
droplethic,BC58961,175230.0,8899.0,0.027591258698571604,49383.469661823954
droplethic,BC590075,148177.0,6881.0,0.030654900139340455,45014.163008707146
droplethic,BC590478,272307.0,15378.0,0.026894612143671403,54954.20482930891
droplethic,BC590633,149599.0,6071.0,0.02937836978595574,39389.59429561336
droplethic,BC590729,158647.0,7867.0,0.03168373637373503,48016.94356620564
droplethic,BC590926,196129.0,8810.0,0.03039396471175665,43554.13615982044
droplethic,BC590990,227654.0,8599.0,0.035670867309117865,36424.86497934978
droplethic,BC591061,167465.0,8700.0,0.03089066740739455,50346.348153677885
droplethic,BC592025,160509.0,5433.0,0.035843004397030205,32635.334823037552
droplethic,BC592223,145706.0,7835.0,0.028704370317041303,52229.15500093326
droplethic,BC592570,70126.0,3675.0,0.022279850538174113,51238.07930399867
droplethic,BC592591,167478.0,8307.0,0.0273877138576257,48242.09902784069
droplethic,BC592620,200479.0,13896.0,0.02964138952483749,67259.42992115313
droplethic,BC59280,149764.0,9429.0,0.03531791274549589,60735.4731492396
droplethic,BC593439,238638.0,10093.0,0.022840436335047662,41328.168506567956
droplethic,BC593449,121210.0,6724.0,0.030575927955019875,53777.80266009773
droplethic,BC593491,160675.0,7154.0,0.030969181593390023,43145.76925396538
droplethic,BC593552,132722.0,6641.0,0.028631233807105114,48604.3005401291
droplethic,BC593750,134265.0,4275.0,0.02998229960625655,30885.380919698007
droplethic,BC593778,129119.0,5477.0,0.030921877228138907,41106.58290740699
droplethic,BC593919,157003.0,7330.0,0.027236847811944312,45415.39910408367
droplethic,BC594019,299147.0,15705.0,0.023445380620182876,51268.40749651518
droplethic,BC594031,148438.0,9631.0,0.03365710119264621,62698.55736680381
droplethic,BC594198,216246.0,14691.0,0.028007389527906254,66033.79225717715
droplethic,BC594255,175912.0,7407.0,0.027750603814671728,40937.80570708494
droplethic,BC59428,174144.0,10489.0,0.031220098355548634,58351.32067914284
droplethic,BC594296,203557.0,11189.0,0.02726247479236555,53468.857222047
droplethic,BC594356,201711.0,8865.0,0.03387248961840763,42460.35357284836
droplethic,BC594495,202906.0,9710.0,0.028437357849122553,46493.811199693555
droplethic,BC594658,105362.0,7456.0,0.04843531271167306,67337.99954843079
droplethic,BC594883,259122.0,14320.0,0.026380554814517006,53805.66086652664
droplethic,BC595936,160995.0,11348.0,0.02597284739364019,68655.92178500557
droplethic,BC595945,208442.0,4894.0,0.06372905718007456,21982.661815568434
droplethic,BC595996,254654.0,16923.0,0.021453521213355517,65029.18493527054
droplethic,BC596090,136897.0,6844.0,0.03168832271161504,48409.57157104762
droplethic,BC596156,138974.0,7899.0,0.02771189701612621,55262.88172945744
droplethic,BC596181,167865.0,5864.0,0.03388718468170334,33749.05757022901
droplethic,BC596651,142671.0,7953.0,0.03355145504795968,53873.35392619086
droplethic,BC597120,176051.0,6194.0,0.03311181898066784,34018.01405975396
droplethic,BC597934,126217.0,6609.0,0.026276200982850266,50986.321871890024
droplethic,BC598295,88939.0,3382.0,0.025571636738137237,37053.67414240794
droplethic,BC59866,128321.0,5118.0,0.03349451675102434,38548.44540853218
droplethic,BC59896,210445.0,8016.0,0.02323951506600078,37205.5028498227
droplethic,BC598985,286757.0,15067.0,0.022758021367594188,51346.976332066726
droplethic,BC59908,138559.0,8395.0,0.02801083113530501,58890.79072899713
droplethic,BC599113,142278.0,4823.0,0.03298421134906988,32780.311423153515
droplethic,BC599159,208391.0,12527.0,0.026856011431666837,58498.56637184672
droplethic,BC599160,272171.0,17142.0,0.027130300506503766,61273.73007674408
droplethic,BC599181,185073.0,5268.0,0.03956968935847803,27338.114562683575
droplethic,BC599319,152234.0,6731.0,0.03046166975550418,42867.969710286154
droplethic,BC599403,120985.0,4514.0,0.02500644703758623,36377.409580297855
droplethic,BC599430,178092.0,8456.0,0.02843894056354164,46130.765663784405
droplethic,BC599447,135084.0,5624.0,0.02639355368803425,40534.50189555014
droplethic,BC599509,179953.0,13921.0,0.026823425070168133,75284.05250036504
droplethic,BC599650,107275.0,4525.0,0.030203587184494105,40907.28285239025
droplethic,BC599744,156143.0,5739.0,0.031965480257162164,35579.88580214384
droplethic,BC600320,101882.0,6244.0,0.03418398301228576,59191.56681328682
droplethic,BC600363,153137.0,7420.0,0.03041642132188602,46979.568319815626
droplethic,BC600418,121501.0,4341.0,0.035606848325620895,34455.93592989753
droplethic,BC600503,261637.0,13655.0,0.0238008178616202,50948.450838755896
droplethic,BC600783,197838.0,9303.0,0.02800459864988356,45706.452849099434
droplethic,BC600792,222361.0,12292.0,0.025108729963873592,53891.480481217775
droplethic,BC600934,172490.0,8152.0,0.029963220821289185,45844.627652993506
droplethic,BC60126,201923.0,12364.0,0.028464340186394276,59488.353966291215
droplethic,BC602049,222015.0,10638.0,0.02420425277555577,46755.91810901803
droplethic,BC60211,121125.0,6029.0,0.02978140544523922,48292.65557540271
droplethic,BC602170,156598.0,4739.0,0.029325167824755624,29374.75593352714
droplethic,BC602184,126809.0,6310.0,0.02840264795120905,48346.562873517425
droplethic,BC602189,170055.0,10346.0,0.03114709267214366,58944.17793780836
droplethic,BC60300,133736.0,6183.0,0.029125649737201265,44886.31413886227
droplethic,BC60311,284054.0,12454.0,0.02145499893207295,42903.10801220882
droplethic,BC603141,358507.0,18274.0,0.028330984388551604,49528.4041630529
droplethic,BC603484,190505.0,12053.0,0.027375719238054395,61536.6549750596
droplethic,BC603518,146363.0,7373.0,0.03328864025151417,48697.846145717056
droplethic,BC603573,181279.0,5318.0,0.0273792533613761,28532.798231588888
droplethic,BC603629,196137.0,13179.0,0.028856485034535688,65253.8806228802
droplethic,BC603939,84843.0,4566.0,0.04859997532996176,51201.54299875528
droplethic,BC604186,231285.0,12039.0,0.02583207675913368,50708.03393171537
droplethic,BC604353,120106.0,5272.0,0.027387276496501686,42692.407359419536
droplethic,BC604633,203761.0,9400.0,0.02516493558063544,44971.55788174394
droplethic,BC604775,199638.0,10425.0,0.027635988154613465,50776.37936408978
droplethic,BC604814,196976.0,9922.0,0.027144494053498756,49004.306768343275
droplethic,BC60486,255100.0,14006.0,0.027727489280609814,53381.610290614575
droplethic,BC605675,118390.0,4916.0,0.02962197960722599,40293.76086029966
droplethic,BC605708,115528.0,5149.0,0.03169893554605649,43156.483111222864
droplethic,BC605735,158058.0,10100.0,0.030051241140192076,61980.30131017766
droplethic,BC60583,144819.0,7579.0,0.02903788132752263,50814.61615822997
droplethic,BC606205,122848.0,4780.0,0.031220673937558653,37695.07992460984
droplethic,BC606239,119808.0,4312.0,0.026536880250905958,35035.8321010124
droplethic,BC606287,196820.0,10569.0,0.024933986614021096,52359.88565936597
droplethic,BC606447,167787.0,9477.0,0.032375822515441084,54653.664050380336
droplethic,BC606471,262170.0,13437.0,0.0223702217631419,50106.46271567557
droplethic,BC606806,159313.0,10194.0,0.030765954857942448,62018.61653586421
droplethic,BC607083,137837.0,6863.0,0.03612511625630232,47992.00016782865
droplethic,BC607107,200447.0,9824.0,0.026408074449690115,47716.18969905384
droplethic,BC60722,111251.0,4963.0,0.027058463422099787,43403.73431282522
droplethic,BC607228,189709.0,7998.0,0.03167206018967506,40824.035035781
droplethic,BC607268,138244.0,6849.0,0.030818844643858666,48015.98429613012
droplethic,BC607659,160749.0,7625.0,0.037788365995857824,45641.73779794328
droplethic,BC60775,163260.0,6291.0,0.0316323928039717,37314.716506616525
droplethic,BC608062,148130.0,6572.0,0.02674752465489714,43179.74257724982
droplethic,BC608332,149275.0,5330.0,0.041068170722306445,34239.535421538145
droplethic,BC608378,185372.0,8947.0,0.027316899117421738,46946.65701182718
droplethic,BC608718,126819.0,5312.0,0.02622950819672131,40787.80665719661
droplethic,BC609023,147647.0,8488.0,0.030901512913918152,55711.988448032556
droplethic,BC60912,183510.0,8728.0,0.03383753560391077,45952.0788471967
droplethic,BC609326,144441.0,8185.0,0.029052923105879824,55020.401578349454
droplethic,BC609455,167824.0,8653.0,0.03461208805747781,49775.36944679334
droplethic,BC609600,131016.0,5344.0,0.024641543707100637,39783.80953798967
droplethic,BC609757,194540.0,12021.0,0.027353495557744325,60101.69440680763
droplethic,BC609773,189612.0,9755.0,0.03060358490373112,49872.69808484749
droplethic,BC60988,105919.0,5909.0,0.03618876028244886,53769.01798063624
droplethic,BC610238,114165.0,6961.0,0.03112880093012993,59075.131754262395
droplethic,BC610337,181332.0,11168.0,0.031439284684164986,59652.38385198005
droplethic,BC610555,210501.0,15582.0,0.03096746275802383,71731.08439059422
droplethic,BC610570,193641.0,9816.0,0.02709587306691319,49318.20693951788
droplethic,BC610859,181808.0,7145.0,0.03783909651880312,37812.635612146616
droplethic,BC610958,156239.0,5563.0,0.029812468951813213,34544.21261798311
droplethic,BC611033,133241.0,7550.0,0.02779277635899307,55089.38343670193
droplethic,BC6113,197422.0,8082.0,0.02271174694322063,40007.9203999802
droplethic,BC611323,247160.0,11388.0,0.02337637705669443,44998.34041947873
droplethic,BC611365,117500.0,4121.0,0.04141886324514387,33619.683953759675
droplethic,BC611517,126408.0,3640.0,0.02810923852872432,27986.22216754828
droplethic,BC611607,160136.0,5780.0,0.03294261161536557,34905.27866852668
droplethic,BC611748,219980.0,11927.0,0.02327914999800198,52956.403209263706
droplethic,BC611804,134063.0,4192.0,0.03163756925232767,30279.609658848767
droplethic,BC611913,104479.0,4674.0,0.038256547153311546,43024.807842776274
droplethic,BC612045,238271.0,11567.0,0.022682433624144283,47444.432139326746
droplethic,BC612355,152860.0,6738.0,0.029657466419521113,42772.26214356448
droplethic,BC612603,140264.0,7617.0,0.02907970788772367,52725.57366836257
droplethic,BC612660,111567.0,4905.0,0.030796094238654526,42610.67482104385
droplethic,BC612895,190581.0,10059.0,0.022942129439750637,51569.80559429087
droplethic,BC613057,134546.0,5088.0,0.03235643137113884,36592.470063648456
droplethic,BC613501,161408.0,8539.0,0.028487850681048026,51396.10330983923
droplethic,BC613516,192922.0,11776.0,0.029933375235700818,59213.073538654935
droplethic,BC613579,133615.0,5368.0,0.031213747099767982,38921.11368909513
droplethic,BC613637,179447.0,10137.0,0.02725572570809053,54950.53530288657
droplethic,BC613697,214065.0,12119.0,0.029218894552578593,54959.45725325158
droplethic,BC61431,128413.0,5016.0,0.02960757494464638,37904.95046512155
droplethic,BC615173,163577.0,7752.0,0.03327856838920146,45813.4367169401
droplethic,BC615488,175624.0,11040.0,0.03536158012105766,60638.68352539245
droplethic,BC615882,236949.0,11426.0,0.0211833424901994,47199.857896454436
droplethic,BC616292,215479.0,10374.0,0.02881391072329992,46756.68854114084
droplethic,BC61635,253731.0,11148.0,0.023202365278451483,42916.86877786247
droplethic,BC616670,257329.0,13563.0,0.025519941833164184,51361.77045306512
droplethic,BC616755,118717.0,1696.0,0.046350221308249055,13623.912537052061
droplethic,BC61705,172228.0,12556.0,0.03436366388759623,70398.13407940255
droplethic,BC617131,120047.0,5856.0,0.02825064555558254,47402.80239928119
droplethic,BC617134,155172.0,7349.0,0.03103495647612744,45890.5221615816
droplethic,BC617473,172583.0,7925.0,0.03457091232525746,44332.44015819828
droplethic,BC617621,198596.0,12481.0,0.029639112292462695,60983.475193245446
droplethic,BC617676,197759.0,9396.0,0.027790887459933532,46191.96507580674
droplethic,BC617814,178687.0,9597.0,0.027336711864960346,52240.22775149829
droplethic,BC618434,151986.0,8130.0,0.035462703237843805,51594.80624976202
droplethic,BC618518,148737.0,6459.0,0.03179883089661637,42044.75921417505
droplethic,BC618757,234958.0,10554.0,0.02623824542353775,43740.07932396421
droplethic,BC618806,146554.0,7576.0,0.03117604283731077,50082.633701328756
droplethic,BC618844,254271.0,14791.0,0.027532795349370864,56568.63120052014
droplethic,BC619227,197235.0,9355.0,0.02945084145261293,46033.854935537835
droplethic,BC619579,154662.0,5636.0,0.035183590972040275,35158.63807064166
droplethic,BC619814,127075.0,4462.0,0.0323108789351041,33978.586332414445
droplethic,BC620083,106431.0,6499.0,0.035103306347062185,58919.521681187274
droplethic,BC620098,128344.0,6848.0,0.030861354214647627,51709.947066774395
droplethic,BC620136,136391.0,6797.0,0.0300808556332269,48335.59710142866
droplethic,BC620329,148257.0,5858.0,0.027510478776787296,38425.46129576061
droplethic,BC620792,144909.0,6694.0,0.03252103084523968,44692.21524903191
droplethic,BC621051,262655.0,13025.0,0.020598182557172634,48568.3069889887
droplethic,BC621329,230764.0,12022.0,0.029371558841962252,50566.35835573109
droplethic,BC621386,270908.0,13583.0,0.02072714916751614,49099.5582738702
droplethic,BC621454,279551.0,13787.0,0.02334802993355087,48166.88443720872
droplethic,BC62147,199281.0,9745.0,0.02785962379019669,47538.440524508274
droplethic,BC621568,146082.0,4412.0,0.035367609186597815,29134.03505064779
droplethic,BC621763,117203.0,4959.0,0.03181224907892346,40965.18908916682
droplethic,BC621829,194086.0,8725.0,0.026835407495061123,43747.9316880434
droplethic,BC622147,173418.0,6300.0,0.03551108713425249,35038.347524791025
droplethic,BC622414,182449.0,9158.0,0.029413016416814732,48718.46705465533
droplethic,BC623437,138947.0,5429.0,0.03730314346883206,37614.92680020232
droplethic,BC623537,169159.0,8073.0,0.026361381152188054,46466.251100789115
droplethic,BC623570,156992.0,4826.0,0.03421632196070229,29688.595789706804
droplethic,BC623687,142717.0,8086.0,0.030264114533433896,54942.889563840705
droplethic,BC623775,162168.0,8629.0,0.02868985014195187,51683.6569676206
droplethic,BC624422,144715.0,7555.0,0.028992994981078397,50692.45014627338
droplethic,BC624450,251391.0,14011.0,0.02599757459289193,54284.950465127986
droplethic,BC624568,114163.0,5320.0,0.031186883687774742,45146.72686230249
droplethic,BC624658,231373.0,10766.0,0.027378660366730284,45256.97182684143
droplethic,BC624894,200532.0,10360.0,0.022796160031187562,50484.86915842308
droplethic,BC624923,135617.0,7298.0,0.029233863751870065,52240.14144494313
droplethic,BC625023,155510.0,7247.0,0.030734039304167887,45169.2522484901
droplethic,BC6251,200661.0,9222.0,0.026664014978802667,44732.68075941753
droplethic,BC625491,191023.0,11935.0,0.03045329733076849,60576.68394045365
droplethic,BC62554,229020.0,14151.0,0.024196950136131812,60294.24922986464
droplethic,BC625573,187554.0,7699.0,0.028967273969836758,39860.4186405314
droplethic,BC625811,202947.0,12910.0,0.026072559746616757,61954.12227661004
droplethic,BC626005,228786.0,11073.0,0.029218574968600426,46984.792423368075
droplethic,BC626269,157759.0,6029.0,0.026191034678584215,37215.589930988506
droplethic,BC626431,121455.0,4783.0,0.028188961257181264,38270.73564947431
droplethic,BC626776,126840.0,5672.0,0.03567192774381899,43122.586138734296
droplethic,BC626848,260703.0,12377.0,0.02080805880342394,46487.607185916626
droplethic,BC626927,119153.0,6179.0,0.03562785803893003,50010.116951964716
droplethic,BC626936,217061.0,14499.0,0.02928325782951491,64840.86060936724
droplethic,BC627068,158189.0,8595.0,0.028830156245203672,52767.28980569113
droplethic,BC627110,181474.0,9852.0,0.02594105428137429,52880.460744899545
droplethic,BC627158,194198.0,9314.0,0.02450810490413257,46785.91700698724
droplethic,BC627233,115633.0,5388.0,0.02645337823616081,45363.08145653547
droplethic,BC627374,204512.0,11802.0,0.026309524943105532,56189.832316057094
droplethic,BC627572,96204.0,4437.0,0.030641342133104942,44707.54194165953
droplethic,BC627681,116045.0,5172.0,0.03043747075730232,43212.352115500296
droplethic,BC627919,221702.0,13817.0,0.03122596658043767,60376.31965321961
droplethic,BC627959,129800.0,6483.0,0.02878478379611963,48508.38402657748
droplethic,BC628005,120086.0,5284.0,0.029623763656344948,42698.29982545737
droplethic,BC628022,208640.0,8607.0,0.021718744138939945,40356.91511309502
droplethic,BC628178,136217.0,7855.0,0.02386992289391464,56288.875512368504
droplethic,BC62821,148969.0,9422.0,0.02754766987185764,61505.721690199694
droplethic,BC628238,111549.0,4476.0,0.03355512813848313,38779.43546291002
droplethic,BC628386,170078.0,8793.0,0.02798685526503786,50252.89327046721
droplethic,BC628580,213502.0,12527.0,0.02986268255223243,56921.76267982588
droplethic,BC628808,206521.0,10300.0,0.02773383801291829,48490.66907707663
droplethic,BC628809,176960.0,10424.0,0.02927107561328828,57181.726422960455
droplethic,BC62898,72630.0,2512.0,0.035009632631369164,33375.406895635424
droplethic,BC629243,189647.0,10555.0,0.02926829268292683,54027.0775215622
droplethic,BC629292,264788.0,11295.0,0.025264033631387333,41579.08492882412
droplethic,BC6293,278946.0,13907.0,0.02317519015001891,48700.11626115337
droplethic,BC629327,129454.0,7907.0,0.02481393316660138,59563.98589809262
droplethic,BC629599,200610.0,9168.0,0.027741428945302276,44432.81281805228
droplethic,BC629906,156539.0,854.0,0.023931112316604,5324.953079306883
droplethic,BC629967,195360.0,11458.0,0.031014865112864744,56831.6527208067
droplethic,BC630079,237469.0,9666.0,0.027854081294289585,39570.48056887172
droplethic,BC630570,128517.0,6043.0,0.029261807826816023,45645.0967210762
droplethic,BC630595,254922.0,13517.0,0.023291098501538307,51789.073605081976
droplethic,BC630715,207483.0,10872.0,0.02679237317948357,50995.56743826075
droplethic,BC630833,210972.0,8667.0,0.02027510239716167,40248.353750847506
droplethic,BC630905,68533.0,2874.0,0.023746438746438746,40940.17094017094
droplethic,BC6312,169116.0,8525.0,0.03048717566529461,48872.35286698694
droplethic,BC631682,97462.0,846.0,0.02482414976536626,8464.824950221626
droplethic,BC631720,225517.0,9489.0,0.02705069740753364,40938.44779905689
droplethic,BC631847,171238.0,7573.0,0.030828876248691173,42861.58983501712
droplethic,BC63199,89703.0,3090.0,0.02536995588778548,33573.08937612725
droplethic,BC632078,157436.0,9471.0,0.03260375317987981,58196.409040075705
droplethic,BC632223,112036.0,3468.0,0.030453031024187616,30011.682748474752
droplethic,BC63239,224037.0,12131.0,0.024747303262203882,52807.30622230348
droplethic,BC632480,131357.0,4818.0,0.026790543293843953,35696.02809450779
droplethic,BC632505,212188.0,9248.0,0.022017376074482058,42624.386421773095
droplethic,BC632781,158947.0,7701.0,0.027746004171687575,47105.815283546304
droplethic,BC632971,170505.0,11251.0,0.030257358168633584,63989.76254798805
droplethic,BC633067,178738.0,2873.0,0.04481009817072193,15353.537512758987
droplethic,BC633219,190707.0,9815.0,0.02637423228316307,50108.99919846023
droplethic,BC633374,122515.0,5419.0,0.024965778499347405,43127.049310794886
droplethic,BC633586,136166.0,5644.0,0.027601031200234234,40305.36095578836
droplethic,BC633719,156050.0,8475.0,0.02848853859275584,52762.31743304322
droplethic,BC633825,242658.0,11257.0,0.02402355297609711,45275.93099814585
droplethic,BC633888,168830.0,8219.0,0.027969692782460503,47320.482704619775
droplethic,BC633942,302832.0,13818.0,0.022731673314487087,44592.03036053131
droplethic,BC633984,134236.0,6534.0,0.035550063225658124,46945.051155305206
droplethic,BC634054,211208.0,10830.0,0.02487130358503197,50001.15422793693
droplethic,BC634240,227745.0,14362.0,0.02995595839473886,61172.68227857807
droplethic,BC63428,179400.0,8729.0,0.028195335987649305,47284.74310013272
droplethic,BC634297,51601.0,6113.0,0.053088413403310455,112177.48742980878
droplethic,BC635174,128871.0,5823.0,0.0332548160595331,43682.110064214125
droplethic,BC635456,190962.0,9608.0,0.029171326893746824,48845.95831215048
droplethic,BC635750,148402.0,6494.0,0.027694605874375118,42547.615459709494
droplethic,BC636234,135432.0,8700.0,0.02706896551724138,62500.00000000001
droplethic,BC63651,127864.0,4734.0,0.02507758114568481,36095.247535321345
droplethic,BC636524,100110.0,4166.0,0.03492620477572229,40160.797431868355
droplethic,BC637282,93624.0,3870.0,0.03227006801314783,40001.65381514481
droplethic,BC63732,156370.0,9817.0,0.03181266562647052,60783.36676820962
droplethic,BC637442,207674.0,11001.0,0.033143538197241064,51216.752873697
droplethic,BC637918,98101.0,4019.0,0.036004520218149656,39492.94944234265
droplethic,BC638209,217696.0,8592.0,0.02154703582183469,38617.465953526
droplethic,BC638864,140240.0,6211.0,0.027030027196536605,43091.24715546429
droplethic,BC638969,277291.0,14748.0,0.02404935873069505,51906.913882670946
droplethic,BC638997,176376.0,8539.0,0.028397353620042858,47038.79778109524
droplethic,BC639001,185699.0,9572.0,0.030064506019691312,49996.08263038312
droplethic,BC639371,100645.0,4507.0,0.03231544333980732,43334.038420860335
droplethic,BC639404,220297.0,15218.0,0.02846722410386678,67112.96923511148
droplethic,BC639435,250541.0,12923.0,0.02334239013912657,50376.37070272757
droplethic,BC639805,188911.0,6772.0,0.03848385520583086,34468.01579868887
droplethic,BC639904,211475.0,13771.0,0.02910281249139174,63223.66790013498
droplethic,BC639909,190360.0,11205.0,0.030640044404385443,57058.616844131444
droplethic,BC640023,84856.0,2673.0,0.02543900954393541,30699.084655051625
droplethic,BC640030,267962.0,15632.0,0.02627964272476871,56803.564031192545
droplethic,BC640065,222107.0,12347.0,0.02251102446065962,54338.92844882978
droplethic,BC64013,195943.0,10762.0,0.02730300879156883,53424.541929975225
droplethic,BC640282,273125.0,14766.0,0.025482843146000064,52685.47492212783
droplethic,BC64045,202703.0,9910.0,0.0259674109953053,47619.73407910354
droplethic,BC640781,285157.0,13186.0,0.020580527496230454,45289.525294608604
droplethic,BC640807,120087.0,2722.0,0.03941926968763748,21773.38719353678
droplethic,BC640875,224021.0,14076.0,0.028382451803179148,61050.02927590918
droplethic,BC640878,122349.0,4965.0,0.02668968370139375,39497.54979952905
droplethic,BC641068,171260.0,8614.0,0.027070018463286466,48936.230649055535
droplethic,BC641210,281752.0,12432.0,0.024357136426281054,43049.17828426586
droplethic,BC641284,137706.0,4624.0,0.03454319827809833,32418.86519949801
droplethic,BC641368,124284.0,5696.0,0.02913743809270861,44495.13334479042
droplethic,BC64156,185030.0,6966.0,0.03470834659307294,36341.25091948686
droplethic,BC641661,107834.0,3555.0,0.026065751445086705,32108.02023121387
droplethic,BC641684,172216.0,8602.0,0.027522728556101418,48574.17132531481
droplethic,BC641791,147031.0,5147.0,0.03338395492705889,33837.577000703444
droplethic,BC642003,79291.0,2471.0,0.023870491197833313,30419.79564200419
droplethic,BC642099,202277.0,10103.0,0.025438795126158115,48675.78544688929
droplethic,BC642363,173667.0,8446.0,0.02701567043347209,47319.44265472942
droplethic,BC642580,172094.0,6234.0,0.029253158844765342,35164.711191335744
droplethic,BC642649,106425.0,3409.0,0.0250817584712769,31228.5298132151
droplethic,BC642707,105513.0,3641.0,0.03002417746072312,33471.53402770755
droplethic,BC642722,144449.0,3957.0,0.034760876973758945,26441.520604606718
droplethic,BC642726,248941.0,15032.0,0.027741325709643654,58708.659449157174
droplethic,BC64295,189414.0,10580.0,0.027833522380246053,54301.8009926246
droplethic,BC643174,133859.0,6616.0,0.03162121102510309,47862.25855458294
droplethic,BC64321,149859.0,7436.0,0.028347089754977923,48213.394194422646
droplethic,BC643297,223257.0,8913.0,0.023539291197039874,38982.85069476336
droplethic,BC643452,144395.0,6286.0,0.0270272091424875,42356.778027842534
droplethic,BC64364,175158.0,9057.0,0.02539477637684869,50394.49816939496
droplethic,BC643759,195371.0,6508.0,0.03286470966783823,32216.226919459434
droplethic,BC643817,187970.0,1281.0,0.02217112655541221,6663.822880685839
droplethic,BC643867,238084.0,12811.0,0.022743971267316573,52584.91534120061
droplethic,BC6439,212125.0,8556.0,0.022686121567019428,39419.67021271695
droplethic,BC64390,237517.0,14999.0,0.024642942205504316,61592.98285958327
droplethic,BC643974,199870.0,8874.0,0.025447488651268474,43269.019791407634
droplethic,BC64399,140645.0,9491.0,0.03447589364784062,65155.45731016634
droplethic,BC644045,206784.0,11445.0,0.024852160298791816,53972.101445858134
droplethic,BC64407,215203.0,12108.0,0.02268856806797488,54986.625733995155
droplethic,BC644295,164494.0,5605.0,0.03937817177362369,32732.41180352377
droplethic,BC644504,164217.0,6321.0,0.033659532650335125,37196.137392092365
droplethic,BC644796,228386.0,15704.0,0.030055677537447496,66694.1302879858
droplethic,BC644876,187473.0,11403.0,0.0285920068811499,59085.65684410154
droplethic,BC645099,156731.0,8844.0,0.028579043274534838,54815.237198001756
droplethic,BC645275,194639.0,4788.0,0.018219328023566086,24151.202263796902
droplethic,BC645495,299858.0,17367.0,0.021644936898842383,56663.79546611331
droplethic,BC645751,212459.0,9358.0,0.029144980053647237,42762.4213455677
droplethic,BC6458,182587.0,6288.0,0.036139426604657056,33193.79411190236
droplethic,BC645945,213117.0,13448.0,0.029004524268394363,61271.26018871621
droplethic,BC645949,274818.0,13616.0,0.023400603405080968,48386.122393862184
droplethic,BC646122,136302.0,4481.0,0.029602733874412646,31902.3209454649
droplethic,BC646597,142119.0,7735.0,0.03044050729630716,52769.458524638256
droplethic,BC646719,90330.0,4165.0,0.026207134463837174,44900.33527021054
droplethic,BC6470,83640.0,3669.0,0.03101358944356268,42506.111194782025
droplethic,BC647130,106830.0,9812.0,0.041066379426417124,88075.04151519231
droplethic,BC647339,181026.0,8920.0,0.02731717801300306,47928.64435011552
droplethic,BC647446,227211.0,10192.0,0.027466742000102726,43624.90797335936
droplethic,BC647447,187913.0,3693.0,0.08513186529632569,17979.639628235775
droplethic,BC647703,371310.0,19710.0,0.029921909902472288,51494.00542894689
droplethic,BC64788,230338.0,14529.0,0.030682282044699933,61141.5273388349
droplethic,BC64804,121533.0,4525.0,0.03120042727207506,36071.010067996845
droplethic,BC648146,213966.0,13779.0,0.028306213924677224,62575.21605456882
droplethic,BC648172,129290.0,5274.0,0.027243794719774887,39680.68858108057
droplethic,BC648173,153443.0,6060.0,0.030308583851010183,38296.50086261921
droplethic,BC648419,241178.0,9271.0,0.023831688698566375,37524.38619640096
droplethic,BC648738,167523.0,5587.0,0.02990943203928472,32353.14555730566
droplethic,BC648823,183845.0,10107.0,0.0276095522703832,53457.805516621265
droplethic,BC648953,146120.0,5289.0,0.031291434632723415,35063.64359586316
droplethic,BC649119,128942.0,6409.0,0.034879717369500456,47970.838759898805
droplethic,BC649207,229021.0,10934.0,0.025085776071243092,46544.69295146308
droplethic,BC649255,141130.0,7813.0,0.02886633407878892,53762.25701014966
droplethic,BC649756,136828.0,3711.0,0.032853628884051,26230.59741581611
droplethic,BC650101,122581.0,4677.0,0.03453680512893215,36836.63342942205
droplethic,BC650201,228669.0,11933.0,0.023958306656081133,50934.3440810647
droplethic,BC650204,152700.0,7141.0,0.030192945241149797,45352.92847434806
droplethic,BC65042,295200.0,13089.0,0.030287103344064124,42996.51796859602
droplethic,BC650771,215754.0,10693.0,0.024999322144193488,48322.080926945215
droplethic,BC650783,229496.0,10154.0,0.025031012625962242,43137.28822199943
droplethic,BC650939,129487.0,4238.0,0.026494049364338287,31862.026448940316
droplethic,BC651103,145541.0,5604.0,0.03427202632940958,37184.982681512345
droplethic,BC651171,171580.0,7197.0,0.026976754736668992,40813.89611936236
droplethic,BC651237,152979.0,6989.0,0.025617671225024046,44515.640027770525
droplethic,BC651267,126781.0,5276.0,0.031644312731050075,40298.18826189239
droplethic,BC651444,226720.0,12166.0,0.02671051162950434,52227.59313477174
droplethic,BC651572,241829.0,13634.0,0.02817473075068317,54790.22665166372
droplethic,BC651608,99241.0,5284.0,0.02771627314588028,51768.39423924758
droplethic,BC651815,155367.0,9078.0,0.029471843083361964,56707.37420745229
droplethic,BC651882,147390.0,5713.0,0.03027790936365072,37587.50460550556
droplethic,BC651946,154609.0,4943.0,0.03400769749831305,30883.712793342165
droplethic,BC652034,141660.0,4823.0,0.035217358732147847,32847.28701704681
droplethic,BC65221,208757.0,8068.0,0.020917656659647215,37839.38428924523
droplethic,BC652320,157719.0,7117.0,0.029373753784801712,43799.07933929055
droplethic,BC652468,221394.0,5191.0,0.027467965753996317,22802.84826946984
droplethic,BC652672,143848.0,6952.0,0.028690655448793696,46942.20679689663
droplethic,BC652808,179555.0,6831.0,0.03216330138743653,36820.43100009702
droplethic,BC652922,74457.0,2826.0,0.025125693935267625,37001.15219440662
droplethic,BC653462,185009.0,7268.0,0.02638627955563274,38248.00155770617
droplethic,BC654038,187240.0,10117.0,0.030136021299298658,52403.940784634666
droplethic,BC654100,244204.0,10930.0,0.019268921534766788,43895.229757190704
droplethic,BC654152,211321.0,7655.0,0.029092178835118283,35170.661557616935
droplethic,BC654200,166738.0,9019.0,0.02405075886611998,52789.923147611604
droplethic,BC654319,146822.0,8737.0,0.03564555432219588,57386.25541054457
droplethic,BC654555,135976.0,4420.0,0.023750035897877716,31733.723902242902
droplethic,BC654739,189121.0,9832.0,0.027160354113404766,50575.871523294634
droplethic,BC65474,227144.0,12644.0,0.02795323439292011,54109.10833804071
droplethic,BC654859,155033.0,8150.0,0.026168506083580928,51193.7889057092
droplethic,BC654995,204642.0,10391.0,0.025416827397025415,49485.90097104949
droplethic,BC655535,152563.0,6193.0,0.030779884122789185,39343.616588737554
droplethic,BC655608,168548.0,8370.0,0.029336220499648704,48202.623789175435
droplethic,BC655610,125476.0,9057.0,0.037081376431224486,69504.55843079473
droplethic,BC655795,149676.0,7260.0,0.034466742786368125,46832.96886188145
droplethic,BC655899,190683.0,10106.0,0.02919793501613905,51451.49629870989
droplethic,BC656150,165272.0,9620.0,0.02830904184329196,56559.29024558021
droplethic,BC656151,94139.0,4310.0,0.032129050830728735,44312.38690574108
droplethic,BC656167,185744.0,9185.0,0.027212736985440453,48104.11647638001
droplethic,BC656863,158267.0,4872.0,0.03722922128878804,29637.380084799894
droplethic,BC656909,198024.0,10955.0,0.02681822872897224,53837.950472034245
droplethic,BC656944,229124.0,10741.0,0.026160430807679394,45652.18315276757
droplethic,BC65704,128198.0,6221.0,0.027181666413719836,47207.46699043861
droplethic,BC657068,200427.0,8821.0,0.028251573302820795,42767.655415167705
droplethic,BC657083,202960.0,13538.0,0.032611700555762096,64527.50688744626
droplethic,BC657117,140214.0,6435.0,0.027709590180986062,44622.425629290614
droplethic,BC657148,259694.0,15071.0,0.028807353859616976,56361.88887683856
droplethic,BC657423,133584.0,9141.0,0.03811978859142557,65820.3603162488
droplethic,BC657550,231394.0,14346.0,0.03912929735027012,59572.20628111803
droplethic,BC657717,357456.0,16369.0,0.01964785255882837,44893.31358674785
droplethic,BC657735,185556.0,10349.0,0.02879753792042207,54166.79751698437
droplethic,BC658036,318591.0,15490.0,0.022484114151062072,47527.14631549556
droplethic,BC65816,193400.0,7424.0,0.032303258346009125,37146.74565687295
droplethic,BC658352,130000.0,6409.0,0.03054528099272163,47794.117647058825
droplethic,BC658611,223859.0,11051.0,0.027858116852097936,47990.654611462865
droplethic,BC658809,212424.0,12755.0,0.028763459296344558,58317.9022929383
droplethic,BC659016,147973.0,6264.0,0.034288996064662236,40880.52366749985
droplethic,BC659085,177519.0,9662.0,0.0288788717600849,52856.15816365606
droplethic,BC65920,168364.0,10322.0,0.028947474665913037,59532.941522525274
droplethic,BC659419,151997.0,7135.0,0.02802166531311749,45626.33090120796
droplethic,BC659460,166444.0,8405.0,0.033617055865856914,48799.88852375257
droplethic,BC659575,155632.0,7347.0,0.027585646716277095,45905.26532830981
droplethic,BC659783,149099.0,10719.0,0.024444662544574215,70134.45873000294
droplethic,BC659890,169578.0,9840.0,0.03400779274044706,56053.04532093786
droplethic,BC659995,182145.0,12060.0,0.02934170348146293,64268.242641925695
droplethic,BC660006,185606.0,9154.0,0.029303013979467493,47874.315539540505
droplethic,BC660184,146390.0,6568.0,0.02929552808869556,43552.066203384435
droplethic,BC66022,191728.0,10187.0,0.03199454724459142,51432.61050665186
droplethic,BC660251,143825.0,4979.0,0.02682860816022735,33689.6948372691
droplethic,BC66044,119179.0,3910.0,0.03048964019296005,31807.495505462593
droplethic,BC660555,188004.0,7565.0,0.02839305832618425,39096.01132828246
droplethic,BC660660,124571.0,6670.0,0.031412554136115885,51861.815863339834
droplethic,BC661198,104592.0,4306.0,0.027295469974983028,40045.755949668455
droplethic,BC661279,199896.0,9622.0,0.023306264841253553,47013.18245336304
droplethic,BC661281,123362.0,4427.0,0.032545956458999936,34718.301022648855
droplethic,BC661303,102751.0,5475.0,0.037001283985791805,51312.57087695292
droplethic,BC661521,116272.0,6393.0,0.033507061336791266,53140.819430936885
droplethic,BC661652,133067.0,8971.0,0.03340694143797306,65164.96447924687
droplethic,BC661671,127537.0,6056.0,0.03381060606060606,45878.78787878788
droplethic,BC661872,135529.0,7179.0,0.03357863061367104,51191.54580071022
droplethic,BC661985,173238.0,9978.0,0.03312980678000156,55688.88343174791
droplethic,BC661986,148405.0,9137.0,0.030609245481445675,59683.45624497847
droplethic,BC662014,119657.0,5535.0,0.034424602374054855,44664.832194185095
droplethic,BC662048,120959.0,6897.0,0.025608596884112843,55559.135800480115
droplethic,BC662082,238990.0,12218.0,0.02269167699221801,49963.40052098029
droplethic,BC662270,138314.0,5299.0,0.02375776397515528,37401.18577075099
droplethic,BC662371,147796.0,7148.0,0.03972451432655448,46442.72626859853
droplethic,BC66284,189796.0,10144.0,0.023502294663620835,52190.734909756946
droplethic,BC662894,95092.0,4555.0,0.03198485249506281,46368.87432050003
droplethic,BC663089,155169.0,8866.0,0.02731216228075674,55577.14729887291
droplethic,BC663210,231866.0,11794.0,0.0262395323248528,49530.89696531914
droplethic,BC663431,210337.0,12024.0,0.029309421841541755,55489.9209923946
droplethic,BC663453,161874.0,8306.0,0.02756768771438698,49896.97410235307
droplethic,BC663491,143833.0,7211.0,0.028811613774476705,48690.07427413909
droplethic,BC663509,158117.0,8025.0,0.029015855860281745,49280.89804841503
droplethic,BC663549,81507.0,3386.0,0.029782523301074885,40305.20539466009
droplethic,BC663667,163486.0,7953.0,0.03149825536276014,47114.09157420188
droplethic,BC66378,198543.0,6608.0,0.028098275431631608,32347.282935927124
droplethic,BC663785,175267.0,8817.0,0.03304166482764709,48643.906960321314
droplethic,BC663810,123397.0,5657.0,0.030720771671850944,44435.54214974707
droplethic,BC66408,235259.0,11550.0,0.028922754327887528,47674.869771243175
droplethic,BC664268,136596.0,7295.0,0.02925123656830974,51843.4817215305
droplethic,BC664468,163001.0,9243.0,0.032853125111250873,54842.23142555388
droplethic,BC664475,165628.0,6765.0,0.032399780340472265,39521.18896561394
droplethic,BC664526,225236.0,14984.0,0.028384580874486663,64637.47109776719
droplethic,BC664918,184050.0,6213.0,0.032715806070161606,32652.739456050454
droplethic,BC665124,98484.0,5400.0,0.025518735838041616,53432.01765235546
droplethic,BC665187,150017.0,6606.0,0.0328971119133574,42586.38473439917
droplethic,BC665341,78048.0,4001.0,0.03065229271200755,49691.986685876094
droplethic,BC665364,165664.0,6892.0,0.02913804824304367,40390.070090719426
droplethic,BC665406,163715.0,8062.0,0.027653218190781072,47882.35503738768
droplethic,BC665408,127200.0,6865.0,0.02668207243260615,52530.09098074024
droplethic,BC665447,141828.0,7520.0,0.030255789624828208,51417.74869575325
droplethic,BC665503,170958.0,7410.0,0.033157826276290714,41906.787089768746
droplethic,BC665635,104710.0,3045.0,0.032255083179297594,28142.329020332716
droplethic,BC665660,112022.0,7134.0,0.03084256880098973,61719.74356977861
droplethic,BC665862,200977.0,10253.0,0.029551369648039325,49508.201470808366
droplethic,BC665908,170547.0,8028.0,0.028853052717892652,45713.895247531516
droplethic,BC665912,143862.0,6728.0,0.027860931851201136,45464.06730411866
droplethic,BC666285,178850.0,8197.0,0.02572287712723073,44652.7792909594
droplethic,BC666489,245857.0,13656.0,0.023714504683733803,54227.273268765704
droplethic,BC666731,249306.0,10817.0,0.02287736680998499,42395.83292506555
droplethic,BC667575,154920.0,5108.0,0.03447760077780271,31835.065938723106
droplethic,BC66774,174444.0,8293.0,0.030484246563922436,46090.40232536167
droplethic,BC667832,125582.0,5994.0,0.028491857811472555,46369.86036436778
droplethic,BC667840,126858.0,6202.0,0.030811896921866287,47382.936947536495
droplethic,BC667926,228467.0,10529.0,0.022337571195659153,45055.99370097609
droplethic,BC667993,171684.0,7761.0,0.02880481513327601,43903.01850929991
droplethic,BC668003,153580.0,4187.0,0.02219449148765487,26657.583436262463
droplethic,BC66843,196862.0,9811.0,0.025252275180479497,48578.44545013418
droplethic,BC668496,120740.0,4283.0,0.025991836207870152,34550.91076297575
droplethic,BC668838,202055.0,8961.0,0.024496811165988345,43262.89413843547
droplethic,BC66898,149516.0,5486.0,0.03402204390691424,35443.397811114985
droplethic,BC66940,222415.0,11804.0,0.023321886828908425,51834.221827986265
droplethic,BC669484,276381.0,15981.0,0.025935715796151407,56322.68978642419
droplethic,BC669620,172979.0,6617.0,0.03878661250618196,36769.48638300946
droplethic,BC66966,293653.0,14135.0,0.022411238910065415,47056.277776853036
droplethic,BC669665,104510.0,3948.0,0.030069605568445474,36640.37122969838
droplethic,BC669768,322716.0,17410.0,0.030539350280279497,52300.81530392151
droplethic,BC669967,128623.0,5178.0,0.031322016538386226,38996.24949164796
droplethic,BC670097,190561.0,9861.0,0.021429231669867613,50638.30661312355
droplethic,BC670230,102173.0,3372.0,0.025355095343934524,32166.05775009301
droplethic,BC670538,205331.0,10901.0,0.028350100794048892,51584.78530394374
droplethic,BC670580,172335.0,8375.0,0.02395718290714468,47432.956701498035
droplethic,BC670914,111921.0,4745.0,0.025791232895790536,41302.531248911946
droplethic,BC671276,159329.0,8718.0,0.027437982224826643,53215.64605918547
droplethic,BC671412,233584.0,10091.0,0.024656664815503007,42135.54693534985
droplethic,BC671557,58559.0,3151.0,0.029692962834087257,52211.230965518385
droplethic,BC671665,170312.0,11742.0,0.030699008571135875,66827.54146130467
droplethic,BC671868,265067.0,14393.0,0.0237014828620047,53012.500828723176
droplethic,BC671904,79296.0,3181.0,0.028949301983835416,38954.20034288514
droplethic,BC671959,85836.0,3228.0,0.025255507608448784,36656.82489211901
droplethic,BC672059,143844.0,8315.0,0.03250670917492282,55926.60599823779
droplethic,BC672168,112534.0,4832.0,0.029737116646405076,41661.277945905866
droplethic,BC67230,183305.0,8806.0,0.027564840504824908,46715.93254147193
droplethic,BC672313,164413.0,8728.0,0.034245167202175714,51267.89354040988
droplethic,BC672508,170169.0,6313.0,0.029020570026532768,36021.796810362044
droplethic,BC672822,151665.0,3837.0,0.05914428749558,23802.877189064446
droplethic,BC672943,155000.0,7258.0,0.029101887927038574,45463.08708016486
droplethic,BC672946,182178.0,9827.0,0.030029070696099416,52321.92867563279
droplethic,BC67310,148553.0,4780.0,0.03420992751032084,31076.292949322236
droplethic,BC673116,259091.0,16374.0,0.027939730920168982,61432.14100803638
droplethic,BC673723,77103.0,2414.0,0.024358455231057348,30546.13554689477
droplethic,BC674045,217687.0,9918.0,0.030140074492541837,44187.62140680412
droplethic,BC67418,229780.0,9582.0,0.025579699082319815,40634.06442420233
droplethic,BC67445,197210.0,1962.0,0.030022526732049932,9650.097878158907
droplethic,BC674574,149029.0,5596.0,0.028968887440951295,36461.96448933051
droplethic,BC67467,139139.0,5432.0,0.02982909975804821,37875.56565818557
droplethic,BC674767,269422.0,14473.0,0.025126100895189712,52368.96000231577
droplethic,BC674934,233127.0,13381.0,0.027255392036184746,55833.496759979804
droplethic,BC675056,205587.0,12894.0,0.03282305564441768,60659.3778814851
droplethic,BC675372,225554.0,13493.0,0.0262693242502342,58250.12195701069
droplethic,BC675444,152664.0,8927.0,0.026203658816625418,56942.56627458985
droplethic,BC67560,144365.0,7719.0,0.029902899573295703,51869.77119242012
droplethic,BC675729,116152.0,5197.0,0.028260687693466076,43478.62461306785
droplethic,BC675744,112328.0,3589.0,0.03841116294996362,30723.794033300517
droplethic,BC675834,135794.0,6024.0,0.03686733999092147,42725.82841579664
droplethic,BC676216,141721.0,7023.0,0.02676180142564793,48228.92774244942
droplethic,BC676235,136898.0,5580.0,0.03055667679321309,39514.775551825966
droplethic,BC676270,185378.0,9051.0,0.03287771285475793,47219.32387312187
droplethic,BC676943,160732.0,1098.0,0.031180494861517135,6618.245381392966
droplethic,BC676955,142915.0,6839.0,0.03398606219963094,46227.26320271997
droplethic,BC676999,188380.0,10145.0,0.029934137687764234,52241.84187895547
droplethic,BC677335,243304.0,11861.0,0.024778945511972617,47541.745829425294
droplethic,BC677395,107748.0,7054.0,0.030642172121561076,63461.50385951023
droplethic,BC677530,119162.0,8601.0,0.033662306488367,69749.33705286546
droplethic,BC677564,155207.0,9255.0,0.03368261142967432,57621.54690972935
droplethic,BC677672,150096.0,7874.0,0.02712582884477026,51036.74464127145
droplethic,BC677899,183481.0,9894.0,0.02401127689566212,52629.05928349158
droplethic,BC677940,173679.0,7923.0,0.03710130785991096,43926.13003198962
droplethic,BC677958,158209.0,5912.0,0.036063316435952425,36020.66679664652
droplethic,BC678172,169447.0,8569.0,0.030994984759846054,49002.95653267912
droplethic,BC678235,159473.0,8927.0,0.027253707126344232,54452.51645409019
droplethic,BC678355,195640.0,10846.0,0.03039554350681211,53753.47544022243
droplethic,BC678409,139650.0,8076.0,0.030814074536747865,56048.30314386842
droplethic,BC678489,181591.0,10977.0,0.029246987629769808,58681.07900054527
droplethic,BC678887,208194.0,12812.0,0.03259622041829106,59532.826229386315
droplethic,BC678926,113926.0,6357.0,0.0297068492684007,54141.75481629107
droplethic,BC678969,148760.0,6578.0,0.028493433383619704,42958.92844314701
droplethic,BC679004,153022.0,8431.0,0.03028497918264143,53428.051786744065
droplethic,BC679408,175166.0,7959.0,0.02901868614918986,44118.38071851043
droplethic,BC679621,108510.0,3488.0,0.03208541839492628,31113.13298901942
droplethic,BC679996,191087.0,11609.0,0.03246108821355153,58780.34207941346
droplethic,BC680036,148367.0,7187.0,0.032702450727916395,46856.561678934435
droplethic,BC680042,211406.0,12872.0,0.032134599977108845,58930.98317500286
droplethic,BC680147,139608.0,6625.0,0.030594247781465692,46002.471981890645
droplethic,BC680256,153541.0,8796.0,0.02897130064127699,55627.93286196734
droplethic,BC68032,163785.0,5936.0,0.040908585181324696,34760.000234231804
droplethic,BC680659,138977.0,6454.0,0.02730301375999104,45171.404974873665
droplethic,BC680953,109349.0,3343.0,0.02788791494052593,29719.253951602866
droplethic,BC681020,121130.0,4466.0,0.036754882626121255,35514.345696291115
droplethic,BC681116,185758.0,9625.0,0.02941161102896226,50290.772100508395
droplethic,BC681211,94584.0,4546.0,0.026933602189255366,46768.58500853892
droplethic,BC681302,229831.0,10034.0,0.022341045503077635,42682.79713973363
droplethic,BC681606,270111.0,12082.0,0.02295121104262523,43703.15710275777
droplethic,BC681730,174476.0,8108.0,0.03202254671341707,44982.4685988194
droplethic,BC681761,161606.0,8202.0,0.030069141018869736,49226.9649973592
droplethic,BC682108,181622.0,6924.0,0.037361332690238565,36698.803737723334
droplethic,BC682145,188559.0,5220.0,0.038729378657802974,26611.472501478416
droplethic,BC682491,248374.0,14521.0,0.026518774006427843,56913.851218938624
droplethic,BC682761,127553.0,5839.0,0.02675873645658477,44552.11353578513
droplethic,BC682762,157744.0,8411.0,0.029333398969915884,51756.49648331498
droplethic,BC682917,171482.0,6881.0,0.032765340598225515,38811.896824993935
droplethic,BC683040,111918.0,4318.0,0.027611732814346285,37516.50795857371
droplethic,BC683527,135562.0,3370.0,0.059061157346030776,23391.24459467901
droplethic,BC683575,142494.0,4482.0,0.024648345254799957,30678.667990006503
droplethic,BC683813,149622.0,5310.0,0.032111575433739145,34349.811755268915
droplethic,BC683953,200992.0,14616.0,0.0337573432557424,70264.5014277885
droplethic,BC684015,167115.0,7224.0,0.03804310285280099,41583.20093942116
droplethic,BC684305,198802.0,12124.0,0.03348728669356799,58943.069667946904
droplethic,BC684420,206463.0,7528.0,0.03073564621379278,35341.063799821604
droplethic,BC684432,159747.0,5861.0,0.02854519250065373,35641.96277084182
droplethic,BC684454,176218.0,8460.0,0.02695748205411375,46714.52236333517
droplethic,BC68447,105010.0,6486.0,0.02909659106669009,59968.37930046136
droplethic,BC684659,253407.0,14482.0,0.03089649159037195,55383.46221212608
droplethic,BC684713,164143.0,9584.0,0.031233216277628588,56564.46424882698
droplethic,BC685556,140453.0,6751.0,0.029826415511393856,46632.26751213986
droplethic,BC685760,214093.0,13643.0,0.028673444851256506,61897.43799140704
droplethic,BC685781,179770.0,6489.0,0.029225302675206014,35041.202708686586
droplethic,BC685789,123837.0,6278.0,0.027913621627561953,49280.572715926304
droplethic,BC686271,155098.0,6592.0,0.03137002641752175,41168.86604505342
droplethic,BC686432,213031.0,12025.0,0.02508329062019477,55031.30262868858
droplethic,BC686490,76886.0,3105.0,0.029119102939690878,39208.50590968785
droplethic,BC686491,188810.0,9040.0,0.030729583769687263,46407.523768455205
droplethic,BC686778,116214.0,4001.0,0.02536104262064107,33554.73926097385
droplethic,BC687066,68036.0,4430.0,0.04204331052349976,62375.03872039649
droplethic,BC687138,148336.0,4768.0,0.032664905931070465,31093.2863803841
droplethic,BC687201,101052.0,4455.0,0.03154949014797209,42695.31549490148
droplethic,BC687253,168560.0,9729.0,0.028881220005415587,56051.344391120736
droplethic,BC687342,234114.0,13111.0,0.02462660139568795,54623.47672117488
droplethic,BC687766,165136.0,5071.0,0.03439404039340888,29651.849512916768
droplethic,BC688161,113943.0,3514.0,0.02645272088790916,30024.179974196635
droplethic,BC688501,176144.0,8078.0,0.030823236825019532,44446.645318191324
droplethic,BC688603,160139.0,10597.0,0.03325143226258248,63973.3891950956
droplethic,BC688832,151974.0,4783.0,0.03219766923517799,30459.147933515887
droplethic,BC688858,208826.0,10392.0,0.025784570311588827,48480.777036010695
droplethic,BC688914,161461.0,8462.0,0.03387345771352664,50633.668816792524
droplethic,BC688921,156468.0,4886.0,0.04354736172917991,29866.986160692457
droplethic,BC689766,238480.0,13612.0,0.028091925354460354,55474.72623312263
droplethic,BC689954,225442.0,12078.0,0.023895809249180597,52294.54323457207
droplethic,BC689994,171334.0,8954.0,0.031009461759898653,50639.927156325466
droplethic,BC690318,167667.0,10594.0,0.031117814298592332,61218.59325520652
droplethic,BC690342,154994.0,7523.0,0.029273241977102488,47116.51677230253
droplethic,BC690472,183031.0,8740.0,0.027362100116909344,46444.8931873738
droplethic,BC690550,198844.0,9592.0,0.02340749472029861,47109.670448406265
droplethic,BC690712,240669.0,14351.0,0.02471552227193153,58155.8386824872
droplethic,BC690865,237771.0,13367.0,0.02763282732447818,54664.496499378394
droplethic,BC690941,255292.0,10998.0,0.022944118919043046,42091.646350564704
droplethic,BC691109,190537.0,10520.0,0.028055928217632385,53663.33906354413
droplethic,BC691235,141309.0,6786.0,0.029471153846153845,46607.142857142855
droplethic,BC691417,172852.0,8750.0,0.030163610656013647,49094.418385438876
droplethic,BC69147,145873.0,7441.0,0.02753926561958348,49605.34385749714
droplethic,BC691645,167225.0,5842.0,0.03296226687870464,33783.432123753075
droplethic,BC691704,111608.0,4434.0,0.03131509512567699,38484.23830023608
droplethic,BC691890,109902.0,4683.0,0.02981991525423729,41340.042372881355
droplethic,BC691937,181929.0,9674.0,0.029033618154550647,51630.739343221125
droplethic,BC691985,194457.0,10183.0,0.02799202227365201,50900.49335939257
droplethic,BC692056,156275.0,8836.0,0.02855135887808638,54927.02091155481
droplethic,BC69243,207080.0,9750.0,0.03188858397108943,45581.83458702858
droplethic,BC692439,136321.0,6719.0,0.03120558303485133,47750.01421342885
droplethic,BC692709,91420.0,3879.0,0.026525114203873882,41305.06543429418
droplethic,BC693049,168124.0,9092.0,0.029816897588449486,52466.66012660784
droplethic,BC694006,242145.0,10861.0,0.021410991622313018,43892.93695921889
droplethic,BC694130,144138.0,5281.0,0.032578930412371136,35444.856099656354
droplethic,BC694505,222722.0,11627.0,0.02539754776261782,50878.237049613606
droplethic,BC69459,213570.0,11256.0,0.031169337827355165,51061.28170349436
droplethic,BC694644,241121.0,12159.0,0.02287988264233062,49273.201035794904
droplethic,BC694752,224698.0,11975.0,0.026548135825253654,51878.90445617045
droplethic,BC694944,196737.0,10603.0,0.02765737670078534,52403.710714515175
droplethic,BC694973,232587.0,14306.0,0.028539804527608386,59752.73577813048
droplethic,BC695090,171375.0,9631.0,0.020820596620938298,55028.31121192556
droplethic,BC695218,126384.0,4337.0,0.02892838208514856,33323.34478175015
droplethic,BC695223,236148.0,14285.0,0.027561243776792223,58824.498334301046
droplethic,BC695245,147896.0,9681.0,0.029884816204444678,63501.954713614774
droplethic,BC695397,237669.0,10600.0,0.023886481713452572,43534.509312688664
droplethic,BC695399,261372.0,10090.0,0.023656636969798847,37690.741674604506
droplethic,BC696257,132928.0,6607.0,0.030090768467443015,48207.979453054315
droplethic,BC696507,153409.0,7183.0,0.02836205640743063,45494.56256689911
droplethic,BC696632,132335.0,6103.0,0.026325664211664816,44903.72517713537
droplethic,BC696772,119525.0,5403.0,0.028859981962511272,43899.34756290777
droplethic,BC69678,306779.0,15534.0,0.023736785493797694,49433.86859641418
droplethic,BC696820,116680.0,4853.0,0.032464032505493595,40242.13275840624
droplethic,BC69713,172791.0,8693.0,0.029683788473525496,48815.9616345738
droplethic,BC697481,156591.0,8323.0,0.03109221859221859,51498.613998614
droplethic,BC697741,175668.0,6509.0,0.038536689489844504,35624.95553037891
droplethic,BC69790,154060.0,5697.0,0.02743582945090464,35964.5467974698
droplethic,BC698022,242517.0,13085.0,0.0241746303188814,52650.63876873554
droplethic,BC698158,102924.0,5224.0,0.027927579074621508,49338.40821299383
droplethic,BC698457,224383.0,11148.0,0.02437083673930814,48472.09419621893
droplethic,BC69848,163521.0,9199.0,0.028603507271171943,54646.65906282672
droplethic,BC698524,162756.0,8877.0,0.03383099344038467,52696.565848446175
droplethic,BC699174,243361.0,15044.0,0.027369119416168083,60125.734885635604
droplethic,BC699207,110621.0,3906.0,0.03159415214917272,34194.16965770813
droplethic,BC699432,154145.0,6258.0,0.030595560027671217,39356.015344946856
droplethic,BC699435,136159.0,8055.0,0.03311958983972788,57199.463155876525
droplethic,BC699686,231612.0,8668.0,0.023763962065331927,36535.30031612224
droplethic,BC699893,176994.0,8760.0,0.02723825226710635,48145.09480626546
droplethic,BC700170,171102.0,8959.0,0.030473708068902993,50764.95920217589
droplethic,BC700728,250515.0,15938.0,0.02750388198757764,61871.11801242236
droplethic,BC700991,219159.0,10623.0,0.02664783552955911,47179.99280508441
droplethic,BC700996,64157.0,6108.0,0.09162088690037945,86481.28221102113
droplethic,BC701025,164650.0,6185.0,0.030489671903337495,36419.200602963
droplethic,BC701086,163745.0,7888.0,0.029871968812764015,46733.45696054791
droplethic,BC701433,214844.0,9749.0,0.02588935136066451,44202.326867796546
droplethic,BC701465,152124.0,5591.0,0.030371791521394107,35636.66031397995
droplethic,BC701578,150752.0,8891.0,0.02835302382839943,57305.46370954747
droplethic,BC701710,110729.0,3252.0,0.027438890499152414,28563.14721614714
droplethic,BC701726,179954.0,10225.0,0.027848456855150208,55237.724799982716
droplethic,BC701866,149560.0,4758.0,0.02734692550320294,30943.322602672906
droplethic,BC702195,228633.0,14257.0,0.031601819614221455,60386.964514134204
droplethic,BC702251,132902.0,6869.0,0.03154535054032981,50054.28802530041
droplethic,BC702300,174303.0,12310.0,0.02893641676462559,68580.53337938795
droplethic,BC702701,152953.0,9156.0,0.032604295797809095,57909.78318617654
droplethic,BC702733,201843.0,11379.0,0.032248320699624584,54557.484573450514
droplethic,BC702773,176035.0,6017.0,0.026349703261633085,33280.05132771752
droplethic,BC702817,126269.0,4361.0,0.03221380832669078,33424.79612483904
droplethic,BC703024,141662.0,7029.0,0.02886757659059593,48185.75061868886
droplethic,BC703212,128884.0,4610.0,0.025223303761184097,34866.39590376572
droplethic,BC703486,212440.0,11467.0,0.021523354198044336,52815.81480611479
droplethic,BC703625,158395.0,7371.0,0.03211712730139137,45040.971335341674
droplethic,BC703922,190704.0,11527.0,0.03467406380027739,58348.60341982445
droplethic,BC704504,211924.0,6229.0,0.024133723205857296,28683.25927290309
droplethic,BC704768,155205.0,5987.0,0.026433486598209748,37555.12203689648
droplethic,BC704783,282680.0,15183.0,0.022923349187036833,52479.67592080522
droplethic,BC705103,233714.0,10817.0,0.02239530175514916,45246.54073318052
droplethic,BC70586,207027.0,10743.0,0.027800344686706082,50449.172798865446
droplethic,BC706142,162490.0,9058.0,0.02832095487543803,54166.21817181538
droplethic,BC706267,226470.0,13938.0,0.0297954375066938,59710.82788904359
droplethic,BC706272,156552.0,7579.0,0.029664431194139012,46975.91391984529
droplethic,BC706758,254990.0,13024.0,0.02533464822756844,49782.50731983273
droplethic,BC706794,179641.0,7761.0,0.02714807152837198,42029.958733631545
droplethic,BC707025,235991.0,12386.0,0.028331796172469448,50998.05658947923
droplethic,BC707084,218817.0,10694.0,0.027588045772691923,47523.608487945785
droplethic,BC707168,163564.0,9367.0,0.029909790222232766,55555.22605823008
droplethic,BC707262,156567.0,6925.0,0.03680713626576438,42602.276222700704
droplethic,BC707414,288083.0,13950.0,0.020851885336723112,47413.82240379583
droplethic,BC707464,159872.0,5662.0,0.02642924999391031,34479.818770857186
droplethic,BC707466,264919.0,12853.0,0.022486006206344344,47425.76924354182
droplethic,BC707652,76490.0,3142.0,0.026646645627608673,39982.69367810241
droplethic,BC707949,65260.0,5345.0,0.05166024849233452,77672.01918186442
droplethic,BC708,168794.0,5117.0,0.03430954683021437,29274.962669702672
droplethic,BC708088,223146.0,10248.0,0.024941665865573684,44779.64116860531
droplethic,BC708380,238550.0,10097.0,0.027295265123713525,41171.241702141546
droplethic,BC708416,199181.0,8948.0,0.026362098800434074,43739.673663319874
droplethic,BC708425,155807.0,7137.0,0.029892657899980076,44437.38792588165
droplethic,BC708500,148413.0,6065.0,0.033322694735196605,39503.93736688183
droplethic,BC708510,273672.0,15533.0,0.028094735832773995,55163.1312969888
droplethic,BC708755,198597.0,9394.0,0.024428943361006043,46146.28874588593
droplethic,BC708788,188347.0,7372.0,0.031072036710273834,37924.34679273819
droplethic,BC709379,104864.0,4131.0,0.025228206510624848,38400.04461878823
droplethic,BC70950,183268.0,10012.0,0.03012277730736664,52984.75867908552
droplethic,BC709604,228183.0,10537.0,0.02954123055854446,44813.698012580324
droplethic,BC709915,131532.0,6008.0,0.027842038743819245,44405.35406765756
droplethic,BC710360,64970.0,3177.0,0.030848175661565082,47391.03195202721
droplethic,BC711134,97149.0,3624.0,0.026670407069361093,36308.623298033286
droplethic,BC711858,203131.0,9188.0,0.025914115136547823,44059.75016184334
droplethic,BC711953,160277.0,8527.0,0.030357845064883995,51586.55736713149
droplethic,BC71239,222735.0,14271.0,0.027608607389362567,62302.72549867065
droplethic,BC712527,142695.0,7271.0,0.028234621120804135,49516.14331147295
droplethic,BC712787,139291.0,4418.0,0.031638881550590234,30714.25591968966
droplethic,BC713012,229403.0,13211.0,0.02122221890373202,56366.4523396067
droplethic,BC713243,127327.0,4512.0,0.03573754600669464,34169.91048573982
droplethic,BC713419,112412.0,4674.0,0.030897617159212385,40294.49291354874
droplethic,BC713499,118634.0,5663.0,0.029642232001177837,46320.07721376106
droplethic,BC713694,164324.0,8702.0,0.03317212082700839,51199.67992845459
droplethic,BC713869,138438.0,10171.0,0.03446784767750035,70937.36922862324
droplethic,BC71392,75302.0,2978.0,0.027043090638930165,38477.93785128238
droplethic,BC713979,208136.0,9336.0,0.033588707805172494,43348.65580164368
droplethic,BC714575,134110.0,5701.0,0.032102079995381,41145.22438256904
droplethic,BC714582,178827.0,10178.0,0.030054022390002603,55204.807775752844
droplethic,BC714916,260081.0,14843.0,0.02710901963131434,55523.55159205171
droplethic,BC715087,226677.0,9560.0,0.023583686550191253,41179.91660636135
droplethic,BC71518,184516.0,8367.0,0.030933899141833764,43942.9429744861
droplethic,BC715238,162606.0,8555.0,0.027726123066436265,51153.11253684758
droplethic,BC715495,220990.0,11049.0,0.02495951854646212,48749.817998914616
droplethic,BC71553,164404.0,5063.0,0.03438311268780322,29737.222333164962
droplethic,BC71587,189516.0,8502.0,0.02799347605321735,43605.814108547806
droplethic,BC715928,134794.0,8618.0,0.030677405436502228,61973.24895728463
droplethic,BC716032,104260.0,4341.0,0.029001434239201297,40428.78164173823
droplethic,BC716167,250631.0,14230.0,0.0250476523903995,55354.572684482824
droplethic,BC716434,130616.0,7583.0,0.029230986480761657,56358.65000854707
droplethic,BC716786,127094.0,3584.0,0.031310498315574455,27316.656758281122
droplethic,BC716825,178456.0,7100.0,0.03520608970200251,38385.01794905065
droplethic,BC717301,174002.0,6765.0,0.02373858937458271,37955.934086280315
droplethic,BC717503,102160.0,5457.0,0.02825998040539898,51906.66882270691
droplethic,BC717569,184046.0,10403.0,0.027585368817596306,54964.67952680605
droplethic,BC718807,131965.0,6339.0,0.030553025182921453,46567.83520907408
droplethic,BC718825,98033.0,4082.0,0.025642809577291203,40571.2979436057
droplethic,BC719081,203472.0,9918.0,0.026989804701696665,47428.22165687944
droplethic,BC719342,240179.0,14655.0,0.02219987623762376,59662.421834288696
droplethic,BC719524,206175.0,11623.0,0.02963227922869474,54703.936066569084
droplethic,BC719591,224540.0,11733.0,0.025962476954777138,50896.86584969092
droplethic,BC719629,211818.0,10482.0,0.02747002998149687,48126.50079659873
droplethic,BC719754,125401.0,4735.0,0.027371441867680136,36725.35484371365
droplethic,BC71977,234418.0,13637.0,0.022199048969717194,56882.45599399349
droplethic,BC720425,174832.0,8435.0,0.030966805048248797,46752.28218757448
droplethic,BC720662,150363.0,7032.0,0.03476100604706698,45141.16242344875
droplethic,BC720733,194781.0,8710.0,0.025368899830373628,43582.468939359824
droplethic,BC720932,266451.0,15382.0,0.0280548037148631,56109.6074297262
droplethic,BC721059,147330.0,7951.0,0.02823673743989552,52443.424289794275
droplethic,BC721134,235375.0,11839.0,0.027299664023208433,48925.3288481327
droplethic,BC721337,183807.0,9914.0,0.030016623129897887,52318.003113538616
droplethic,BC721467,114760.0,5896.0,0.021703919663103338,50261.70869350246
droplethic,BC721552,204865.0,10303.0,0.028974585027822807,48834.475632530404
droplethic,BC721674,146224.0,5876.0,0.02847651318849246,39040.59530928177
droplethic,BC723220,137628.0,6504.0,0.027776207968352642,45945.182254874264
droplethic,BC723399,163254.0,7908.0,0.0268656004673315,47138.48868330542
droplethic,BC723409,109723.0,5625.0,0.030552831305607833,49699.154451718925
droplethic,BC723776,189399.0,12472.0,0.02786560453322931,64015.43925924405
droplethic,BC724213,242484.0,11027.0,0.02430741374107233,44369.7817121014
droplethic,BC724458,144415.0,4405.0,0.028267481294073315,29640.146417613178
droplethic,BC724776,171859.0,10102.0,0.02978519208513281,57029.94890902419
droplethic,BC724842,152372.0,6051.0,0.02761965539246969,38615.188257817485
droplethic,BC725006,228620.0,13279.0,0.026979175090122105,56516.24325946229
droplethic,BC725101,175021.0,8713.0,0.027585478870578824,48409.32072494527
droplethic,BC725378,196237.0,9214.0,0.027494610600391507,45662.46252199123
droplethic,BC725756,87787.0,7277.0,0.04167894765569565,79438.89525680912
droplethic,BC725845,124744.0,7048.0,0.02936553634510341,54840.56708009773
droplethic,BC725896,218493.0,12622.0,0.029614364832275572,56057.665403866566
droplethic,BC726513,185077.0,9094.0,0.029195931662846262,47701.72521414371
droplethic,BC726546,234615.0,13889.0,0.024786140046055748,57731.79592481441
droplethic,BC726617,168057.0,7816.0,0.0295819378681141,45132.232359394846
droplethic,BC726938,195487.0,7191.0,0.030678223271219888,35656.554637682595
droplethic,BC727121,220862.0,12172.0,0.024719597279872826,53749.00644705467
droplethic,BC727356,202223.0,11709.0,0.02862399246812885,56244.05568204744
droplethic,BC727484,54134.0,2795.0,0.025174674061802203,50331.34048836707
droplethic,BC727510,186240.0,9595.0,0.027848101265822784,50084.82317630171
droplethic,BC727550,138045.0,7454.0,0.025112816999879946,52640.871180288275
droplethic,BC727584,144951.0,8614.0,0.03468323577008371,57365.85885627902
droplethic,BC727715,89585.0,4777.0,0.019836320269590143,52265.91391496532
droplethic,BC727760,119505.0,5883.0,0.026269259914119727,47934.8809164908
droplethic,BC7278,177040.0,10111.0,0.028837556295495812,55464.434411976064
droplethic,BC728154,89879.0,4744.0,0.02968832655000054,51215.062237528204
droplethic,BC728228,225764.0,10648.0,0.026573016509505144,45910.997857084345
droplethic,BC728304,205616.0,11491.0,0.028146579635205202,54312.736622694036
droplethic,BC728331,128063.0,4118.0,0.03130814964977837,31149.30182599356
droplethic,BC728362,208148.0,3473.0,0.06603549233841115,15583.424943351356
droplethic,BC728784,117942.0,11771.0,0.04105178427689831,95706.18988381264
droplethic,BC728881,167773.0,8473.0,0.02981009437453738,48997.27054034049
droplethic,BC729444,213224.0,10863.0,0.02925563396312315,49455.952651946274
droplethic,BC729651,186160.0,8688.0,0.029582714311778353,45288.92016576746
droplethic,BC729680,140576.0,7408.0,0.029841269841269842,51124.913733609385
droplethic,BC729991,171317.0,9494.0,0.025943825335455993,53979.9863543325
droplethic,BC730133,124780.0,5013.0,0.03355226470041514,38826.7550653696
droplethic,BC730264,158878.0,9652.0,0.03294174934566924,58749.771745084916
droplethic,BC73045,100746.0,5751.0,0.03598801994124796,55029.806615824775
droplethic,BC730475,132229.0,7548.0,0.029070108967016183,55423.38532029254
droplethic,BC730868,150398.0,6071.0,0.032119390690460714,39069.6896176692
droplethic,BC730870,148749.0,8380.0,0.02983244523000463,54655.857242553306
droplethic,BC730942,163871.0,8011.0,0.026738253758025337,47578.88735129742
droplethic,BC731089,163986.0,7344.0,0.029766236532419815,43451.250465929465
droplethic,BC731329,199378.0,9130.0,0.028206565447322886,44500.767674798335
droplethic,BC73190,294988.0,16932.0,0.024662172215297224,55983.36237423416
droplethic,BC732017,124893.0,6658.0,0.029467303881571278,51738.741889109064
droplethic,BC732095,166559.0,8462.0,0.027352942894016106,49415.15857582499
droplethic,BC732250,197892.0,7502.0,0.03794883761631129,36470.942838530274
droplethic,BC732341,234219.0,13566.0,0.025326148020224298,56453.257318824
droplethic,BC732385,210020.0,13018.0,0.026666790252764465,60331.64329344592
droplethic,BC732597,158215.0,5297.0,0.033447370028712814,32359.94868348708
droplethic,BC73277,223105.0,10099.0,0.026086842645177907,44084.84335235135
droplethic,BC733462,200380.0,8517.0,0.021902014477685524,41573.313417973615
droplethic,BC733531,327550.0,14560.0,0.02115769656038012,43510.743208917316
droplethic,BC733690,247368.0,11227.0,0.026278912314402228,44193.1318984113
droplethic,BC733736,136004.0,7564.0,0.03146230647619319,53866.20330147698
droplethic,BC733877,167530.0,8276.0,0.0300767115356781,47914.31466203503
droplethic,BC734055,255066.0,11490.0,0.024294517954073377,43952.765122390665
droplethic,BC734807,197438.0,10197.0,0.03768113116503955,49700.49081488919
droplethic,BC734829,139858.0,6296.0,0.02916166292977183,43704.31559291679
droplethic,BC734878,176909.0,9353.0,0.03119301223953342,51219.8461159333
droplethic,BC735080,170811.0,8277.0,0.027139244543673394,47141.978402515146
droplethic,BC735120,113469.0,6005.0,0.03176838009420438,51240.69902382415
droplethic,BC735287,165948.0,8506.0,0.027855397971916135,49829.23557289562
droplethic,BC735375,179815.0,10838.0,0.030782747431626834,58417.68808684497
droplethic,BC735440,178151.0,8980.0,0.029953390107376996,48896.82660684337
droplethic,BC735495,173919.0,9690.0,0.025068529241946063,54318.88380019172
droplethic,BC73555,195753.0,10991.0,0.028925906818001428,54523.176442574804
droplethic,BC735662,303910.0,17578.0,0.029986754121383317,56105.07333109909
droplethic,BC735750,155747.0,7238.0,0.029389952824015506,45106.97170064127
droplethic,BC735867,158427.0,7524.0,0.031400744667192455,46000.62361291979
droplethic,BC736074,184760.0,9166.0,0.02600004217362883,48320.43523184952
droplethic,BC736224,229027.0,10825.0,0.024129703012484554,46124.67510332779
droplethic,BC736660,213349.0,9142.0,0.02354755736999643,41840.96588464672
droplethic,BC736930,239166.0,10481.0,0.02075861052424704,42913.41161827085
droplethic,BC737098,208359.0,11293.0,0.02418474824726142,52888.91594816484
droplethic,BC737116,145566.0,7827.0,0.029158718937160693,52201.5766516827
droplethic,BC73835,104082.0,5196.0,0.03431959250702814,48208.86798229744
droplethic,BC74130,225614.0,12677.0,0.022368010538357543,54932.05532637709
droplethic,BC74233,182559.0,9124.0,0.024030493868080875,48777.35840987095
droplethic,BC74287,115913.0,5389.0,0.02779571741300209,45199.493403339846
droplethic,BC74906,246248.0,12083.0,0.024667691186489014,47858.014227094856
droplethic,BC74979,163641.0,7372.0,0.03478276256650426,43482.87699512794
droplethic,BC75021,95742.0,9280.0,0.04861180118051553,92215.35465150943
droplethic,BC7504,241154.0,10207.0,0.02299954219688775,41352.18023668016
droplethic,BC75083,251722.0,10555.0,0.024779364476712203,40892.150101891384
droplethic,BC75301,144759.0,9078.0,0.03862526979910344,60288.89257844928
droplethic,BC75412,146613.0,7247.0,0.02919442200474103,47986.38608944393
droplethic,BC7543,194123.0,9751.0,0.029598488332566834,48744.27625922297
droplethic,BC75468,197655.0,13416.0,0.03211352852169059,65696.1114130834
droplethic,BC75594,186220.0,8701.0,0.028119911485950482,45410.42127677341
droplethic,BC75669,168456.0,7880.0,0.03163945734651644,45297.7696022074
droplethic,BC7568,94618.0,3696.0,0.02826332545958714,37958.303378864126
droplethic,BC76244,146867.0,7735.0,0.03135449574926956,51015.36066903661
droplethic,BC76339,131890.0,7032.0,0.029649793996468513,51736.315479693934
droplethic,BC76588,98621.0,3994.0,0.027291198169408608,39393.22207756342
droplethic,BC76874,251692.0,12459.0,0.022980295948946478,48363.430274987186
droplethic,BC77177,259340.0,10546.0,0.021151639591762788,39804.63796122954
droplethic,BC77300,273136.0,9912.0,0.02033672159135743,35551.60218933596
droplethic,BC77365,148049.0,7213.0,0.0322266454872891,47150.2624543238
droplethic,BC77412,209218.0,8628.0,0.024269897678409865,40238.40837227523
droplethic,BC77649,117911.0,5766.0,0.025802667019184693,47639.5062544409
droplethic,BC77775,151932.0,6276.0,0.0390436735081117,39695.1393061573
droplethic,BC77854,238283.0,12961.0,0.025594785353845146,53001.12046192474
droplethic,BC77920,107800.0,9912.0,0.042160913412412813,88071.43809143009
droplethic,BC78123,151659.0,8555.0,0.02981083553502773,54727.8321893052
droplethic,BC78387,229219.0,9716.0,0.025404559640126875,41310.577650790416
droplethic,BC78498,148481.0,6252.0,0.03236296571454639,40743.70955443899
droplethic,BC78551,283013.0,15251.0,0.022738416701772804,52662.65651005877
droplethic,BC78656,157985.0,8856.0,0.02770683193116988,54502.82176420268
droplethic,BC78706,185482.0,8789.0,0.02814207793432642,46051.149313869835
droplethic,BC79189,126188.0,5983.0,0.027655131494794916,46102.15985883477
droplethic,BC79219,240922.0,12954.0,0.025932334961348124,52374.098392470165
droplethic,BC7928,219705.0,9976.0,0.0280045125754861,44134.757891476984
droplethic,BC79539,128623.0,4116.0,0.02829233651637858,31095.12873201982
droplethic,BC7972,94148.0,3954.0,0.03129951641115341,40683.19785986213
droplethic,BC79806,125258.0,8322.0,0.03522271260330738,64098.71294220949
droplethic,BC79956,142907.0,8429.0,0.030632940585932994,57175.610318607
droplethic,BC79978,271418.0,11946.0,0.01994287591941966,43135.54150523036
droplethic,BC80285,182391.0,7882.0,0.02812398424886369,41999.47780400599
droplethic,BC80399,123537.0,6567.0,0.031902388564980254,51462.29076546925
droplethic,BC80400,183700.0,10651.0,0.026094517076481003,56467.432218935224
droplethic,BC8074,230837.0,14310.0,0.030381820472970136,60108.37148737766
droplethic,BC80983,149809.0,4745.0,0.028778330999429492,30762.149266116903
droplethic,BC81230,133831.0,8484.0,0.02853471929850031,61584.47177015433
droplethic,BC81303,192557.0,7696.0,0.02317806884936538,39041.01944948916
droplethic,BC81786,169082.0,9509.0,0.02689979051083128,54726.1677294597
droplethic,BC81830,134680.0,4631.0,0.031037310963063156,33317.984948990605
droplethic,BC8208,253889.0,15057.0,0.02836575443645451,57623.20082969449
droplethic,BC82410,112775.0,5433.0,0.027038452579178494,46872.97793959054
droplethic,BC82663,175572.0,11624.0,0.032954201206246043,64024.67571810196
droplethic,BC82730,148016.0,6899.0,0.02945419256694731,45236.971175282604
droplethic,BC82988,216269.0,13179.0,0.025942557053357896,59357.11100802147
droplethic,BC83075,130488.0,6217.0,0.031075271212492483,46163.67052044583
droplethic,BC83113,89433.0,4381.0,0.02763794509377548,47632.508833922264
droplethic,BC83400,127513.0,6405.0,0.028953280280242164,48775.844343753575
droplethic,BC8358,151302.0,5146.0,0.03373886387585018,32863.93971325478
droplethic,BC83734,183622.0,10893.0,0.030547812130427437,57510.770400405476
droplethic,BC83839,67527.0,7435.0,0.0579512004575829,103723.44135823999
droplethic,BC83851,298472.0,15366.0,0.02417717504667061,50237.52153713869
droplethic,BC83921,205137.0,12316.0,0.027731434963125867,58372.98803723434
droplethic,BC84170,219397.0,13374.0,0.028511840450592466,59219.9649303034
droplethic,BC8429,182007.0,9428.0,0.027963662192979178,50351.68203884792
droplethic,BC84721,181497.0,10528.0,0.031752636717187074,56164.61010728251
droplethic,BC84847,91753.0,3929.0,0.028852972618253793,41585.96090136433
droplethic,BC84858,201117.0,9476.0,0.02528897181767514,45925.315627498974
droplethic,BC8519,339720.0,18613.0,0.022371609293973423,53563.51476572257
droplethic,BC86038,131013.0,9656.0,0.035924794878398766,71054.8585304831
droplethic,BC86088,163909.0,12273.0,0.034318404091107264,72307.25723779561
droplethic,BC86138,155842.0,8563.0,0.029354426831926753,53333.7485596836
droplethic,BC86315,143715.0,9811.0,0.027019890864284458,66422.48791518286
droplethic,BC86647,176316.0,9726.0,0.029876861113862202,53514.245155326666
droplethic,BC86805,144476.0,7693.0,0.03127262974386483,51582.40579321443
droplethic,BC87054,106718.0,3937.0,0.031166308068015725,35741.845285108626
droplethic,BC87263,112773.0,3768.0,0.029442139869528546,32428.524708676865
droplethic,BC87482,267898.0,13224.0,0.019708435180983884,48389.22146924079
droplethic,BC87515,118574.0,8018.0,0.0335794741389147,65349.56884607235
droplethic,BC87975,186892.0,13680.0,0.03186838233770539,70864.6733387207
droplethic,BC88138,131503.0,6416.0,0.029598417875643844,47345.661702849895
droplethic,BC88159,159061.0,7992.0,0.03201640681101739,48636.214262241214
droplethic,BC88435,192964.0,12616.0,0.03107660944098256,63348.27996565455
droplethic,BC88931,131624.0,4749.0,0.028411565404176477,35054.955600008856
droplethic,BC89024,173403.0,7587.0,0.03106246018707882,42394.47480470714
droplethic,BC89188,124037.0,6080.0,0.029952998037022845,47549.40680550884
droplethic,BC89695,126432.0,5586.0,0.030012888970723624,42855.82765604861
droplethic,BC89742,196398.0,9911.0,0.026035467745774817,49150.00396730937
droplethic,BC89866,177232.0,8773.0,0.029976629503746393,48016.2444105107
droplethic,BC89904,124825.0,6192.0,0.031395736822093415,48048.04804804804
droplethic,BC89970,172153.0,8563.0,0.026757346539579164,48409.71020883507
droplethic,BC89980,126176.0,6216.0,0.03156828281742895,47709.323120140616
droplethic,BC90063,174141.0,10022.0,0.04047144132329766,55221.890393749374
droplethic,BC90153,118507.0,3374.0,0.030284433097669546,27608.66719036397
droplethic,BC90194,236861.0,13055.0,0.022467551226759662,53878.37642640474
droplethic,BC90350,139455.0,5131.0,0.03421171093181897,35534.47141521521
droplethic,BC90429,144972.0,8539.0,0.028227076811701064,57238.42528974481
droplethic,BC90653,116482.0,3777.0,0.03337648542786961,31343.3578968333
droplethic,BC90729,96115.0,3528.0,0.028964862298195632,35642.84415348245
droplethic,BC91273,125958.0,5331.0,0.028529119137416414,41116.175756033226
droplethic,BC91417,160752.0,5516.0,0.03763215555741807,33022.42603479448
droplethic,BC91501,161946.0,8111.0,0.03232051626781393,48465.836096919724
droplethic,BC91798,251842.0,12704.0,0.025989897974180273,49133.28331309318
droplethic,BC91871,238052.0,9663.0,0.021795230033366756,39707.26014563027
droplethic,BC92252,161861.0,9424.0,0.029330982536941087,56515.064287085006
droplethic,BC92324,67167.0,2389.0,0.027396863551456003,34593.60836386279
droplethic,BC92452,202914.0,7195.0,0.03459792754988439,34231.58535773077
droplethic,BC92623,154202.0,8829.0,0.032985915139657096,55367.422959702
droplethic,BC92775,160187.0,8229.0,0.029669564163915557,49847.04849017173
droplethic,BC92832,142915.0,7656.0,0.030716746697051083,51924.798567591766
droplethic,BC93311,204159.0,9551.0,0.026265584310283977,45553.403985386285
droplethic,BC9345,122900.0,6652.0,0.031459824102386284,52422.53254736311
droplethic,BC93478,135704.0,6898.0,0.0324342438307915,49182.54867988564
droplethic,BC93501,140233.0,8303.0,0.0322685271446218,57298.028417834634
droplethic,BC93513,247221.0,11206.0,0.022266077650473996,44318.590790623726
droplethic,BC93623,211705.0,13481.0,0.03036618041083656,61744.56683536767
droplethic,BC93709,218897.0,9531.0,0.030206233524577453,42225.81574108943
droplethic,BC94452,174351.0,7758.0,0.02976627712854758,43171.95325542571
droplethic,BC94458,138089.0,7439.0,0.03210227870104928,52141.67058015407
droplethic,BC94506,112519.0,6651.0,0.03231105301179951,57200.11008290618
droplethic,BC94519,180419.0,8867.0,0.024102772143340095,47962.13657876944
droplethic,BC95252,254898.0,10222.0,0.02495208877634161,39101.67890108292
droplethic,BC95394,222961.0,12261.0,0.02923683798045943,53383.89731621937
droplethic,BC95540,170300.0,5400.0,0.02843385591383127,30807.147258163895
droplethic,BC95588,146088.0,7186.0,0.030417266760026814,47693.31855499731
droplethic,BC95989,189836.0,10492.0,0.026157437094416088,53823.06922820427
droplethic,BC96088,126758.0,6212.0,0.02822753756516406,47623.42839619749
droplethic,BC9621,166515.0,9038.0,0.02794479924344141,52760.621592275624
droplethic,BC96395,213030.0,6207.0,0.03679120302757645,28064.765539162712
droplethic,BC97012,179905.0,9868.0,0.029083510529213034,53255.9068291472
droplethic,BC98071,111294.0,4171.0,0.028992208834640584,36390.76227784709
droplethic,BC98084,286999.0,15564.0,0.024791450755194618,52885.7099169201
droplethic,BC9820,167928.0,7280.0,0.024434452229077346,42292.632483995025
droplethic,BC98579,230056.0,14481.0,0.030735071687079472,61010.90789590101
droplethic,BC98654,191420.0,10882.0,0.030200475223045784,55131.952923533674
droplethic,BC98689,156494.0,5579.0,0.032183453103934494,34502.5912503556
droplethic,BC9909,98321.0,2847.0,0.029369372926867792,28105.749486652978
droplethic,BC99113,111143.0,3951.0,0.026819956919951666,34595.38027774372
droplethic,BC99245,197010.0,10923.0,0.025975952220859865,54003.678360954
droplethic,BC99288,181326.0,10776.0,0.031222952396217342,57573.32905914409
droplethic,BC99368,219724.0,10240.0,0.022414821010669064,45559.30272910902
droplethic,BC99390,131996.0,6218.0,0.02867697379555974,45756.58790371836
droplethic,BC99460,206095.0,13978.0,0.030250701097287835,65771.3952306563
droplethic,BC9959,192335.0,8683.0,0.020742430336695365,44208.76843729157
droplethic,BC99705,153617.0,8501.0,0.03125985344381803,53609.04057411682
droplethic,BC99842,248234.0,10773.0,0.024747282277740017,42324.57088078952
snmCseq3,SRR21549324,558274.0,7069.0,0.012840915520851016,12499.646353194137
snmCseq3,SRR21549381,566212.0,7140.0,0.014421311164375096,12428.263332967796
snmCseq3,SRR21549310,1060917.0,12528.0,0.015441424854021508,11626.309908719362
snmCseq3,SRR21549358,811645.0,11994.0,0.01388215597439346,14572.254398466232
snmCseq3,SRR21549378,587599.0,7311.0,0.014687486375633428,12259.414646906722
snmCseq3,SRR21549353,597202.0,8120.0,0.013948650210517626,13407.083298935027
snmCseq3,SRR21549319,54885.0,1003.0,0.01332110883399849,18031.136518894044
snmCseq3,SRR21549387,532327.0,7345.0,0.013189555132896586,13615.921637543981
snmCseq3,SRR21549355,186625.0,3014.0,0.01476077098104223,15911.6465439418
snmCseq3,SRR21549356,409103.0,5570.0,0.01465838449477226,13415.57700228089
snmCseq3,SRR21549357,669788.0,9058.0,0.0131178990144263,13346.27982395523
snmCseq3,SRR21549348,516561.0,6385.0,0.013373748717919333,12195.284999130954
snmCseq3,SRR21549323,722493.0,8498.0,0.013410913897590379,11604.311811599942
snmCseq3,SRR21549382,597904.0,6815.0,0.01430476721163373,11235.10297882723
snmCseq3,SRR21549328,586577.0,7274.0,0.015025397758280509,12214.43264346585
snmCseq3,SRR21549373,677073.0,8904.0,0.014243160138369614,12963.415912505678
snmCseq3,SRR21549389,732305.0,9363.0,0.013549956625051861,12612.4111621792
snmCseq3,SRR21549368,651277.0,8499.0,0.01399799855568996,12867.076543890222
snmCseq3,SRR21549380,548673.0,7597.0,0.013722638758814827,13656.128720292932
snmCseq3,SRR21549326,712748.0,8124.0,0.013952047015009,11239.110555273488
snmCseq3,SRR21549325,696638.0,9817.0,0.01333609044067451,13904.035668659904
snmCseq3,SRR21549371,577021.0,7631.0,0.012727988228450194,13056.496595147659
snmCseq3,SRR21549350,623093.0,8161.0,0.01371413375712497,12917.941550311274
snmCseq3,SRR21549338,711901.0,9619.0,0.015112924981842078,13307.508733095838
snmCseq3,SRR21549385,528050.0,7231.0,0.014931331544956291,13489.31264387543
snmCseq3,SRR21549390,128990.0,2286.0,0.026189235914509397,17258.17045274387
snmCseq3,SRR21549298,964666.0,16173.0,0.014238708358880033,16526.670754138566
snmCseq3,SRR21549379,446348.0,5656.0,0.013658793138119326,12498.646495583707
snmCseq3,SRR21549322,862156.0,10657.0,0.014574120449373477,12180.723208295281
snmCseq3,SRR21549304,821379.0,11142.0,0.014770425084533516,13364.63182490437
snmCseq3,SRR21549341,667565.0,8832.0,0.014393619502918882,13039.742276108274
snmCseq3,SRR21549303,728391.0,9307.0,0.015206087302166736,12583.18258391267
snmCseq3,SRR21549327,360150.0,4176.0,0.010574204874189214,11472.558990546677
snmCseq3,SRR21549362,738471.0,10020.0,0.014826870868547263,13367.396626133128
snmCseq3,SRR21549308,1316985.0,15707.0,0.015245548365677814,11744.657814493177
snmCseq3,SRR21549363,639727.0,9108.0,0.013056356932380938,14051.435535876826
snmCseq3,SRR21549377,657840.0,8668.0,0.014288796720289612,12988.180575867278
snmCseq3,SRR21549386,490093.0,6452.0,0.01472604529791845,12970.98215183206
snmCseq3,SRR21549376,566449.0,6595.0,0.014127184692446124,11478.228784856743
snmCseq3,SRR21549367,717871.0,10283.0,0.01202572497725737,14152.04050596676
snmCseq3,SRR21549361,731809.0,10775.0,0.014439801166550623,14511.178657860748
snmCseq3,SRR21549369,702411.0,9897.0,0.01449887407137195,13885.75156612814
snmCseq3,SRR21549352,601287.0,8198.0,0.013262899819321298,13453.260668002473
snmCseq3,SRR21549336,523860.0,5943.0,0.015173020560937415,11172.501696648624
snmCseq3,SRR21549346,719252.0,8351.0,0.013578768790637904,11453.014662217669
snmCseq3,SRR21549320,239234.0,3963.0,0.01926348628516847,16246.264343077812
snmCseq3,SRR21549289,414729.0,5518.0,0.012397156702823056,13140.128829461702
snmCseq3,SRR21549360,901576.0,11001.0,0.014304768985196685,12027.420024927294
snmCseq3,SRR21549384,355717.0,4171.0,0.012456830018545046,11579.54936647011
snmCseq3,SRR21549329,173803.0,2490.0,0.014045915849307065,14125.33540580557
snmCseq3,SRR21549306,1296304.0,20302.0,0.014286452962986619,15437.703217721652
snmCseq3,SRR21549293,409441.0,5054.0,0.014760271912410515,12161.463033146843
snmCseq3,SRR21549370,567316.0,7695.0,0.013754546023489815,13377.304303684801
snmCseq3,SRR21549372,676229.0,10252.0,0.01393008273766299,14949.357084321256
snmCseq3,SRR21549374,707620.0,8837.0,0.014094318802456613,12312.32653789137
snmCseq3,SRR21549330,149428.0,2398.0,0.014255651795314964,15819.089775643351
snmCseq3,SRR21549332,663134.0,7791.0,0.014387334389593557,11579.723370797872
snmCseq3,SRR21549331,646303.0,8057.0,0.014830069264913906,12281.413101799913
snmCseq3,SRR21549354,621831.0,7446.0,0.013638331992976212,11811.004887148274
snmCseq3,SRR21549292,527196.0,5562.0,0.014050633148123558,10401.919548763908
snmCseq3,SRR21549318,619327.0,8311.0,0.01416057673787811,13229.378739715037
snmCseq3,SRR21549343,600650.0,7485.0,0.012293504964431714,12308.304528995635
snmCseq3,SRR21549359,828533.0,10832.0,0.013726335136370562,12894.255675758037
snmCseq3,SRR21549347,655037.0,9171.0,0.01406718714958089,13803.784865055248
snmCseq3,SRR21549296,437526.0,5205.0,0.014769694990823829,11720.729139691726
snmCseq3,SRR21549291,522351.0,5294.0,0.013641127319076619,9996.695463343247
snmCseq3,SRR21549375,747122.0,10760.0,0.014006215893419204,14200.215114782872
snmCseq3,SRR21549301,671786.0,9781.0,0.014619664306574374,14346.838224400919
snmCseq3,SRR21549313,1138579.0,13338.0,0.014992529688755776,11538.970628310706
snmCseq3,SRR21549337,799698.0,12482.0,0.013439560222652086,15398.622241522246
snmCseq3,SRR21549314,925151.0,8898.0,0.015443834651359052,9469.35231034956
snmCseq3,SRR21549294,347046.0,3255.0,0.013148690533739016,9255.836437569313
snmCseq3,SRR21549339,855619.0,9792.0,0.013783214631093263,11286.6062608852
snmCseq3,SRR21549365,788427.0,10235.0,0.014169268492133255,12797.605278590176
snmCseq3,SRR21549349,580417.0,7190.0,0.014635728085454588,12206.34322403648
snmCseq3,SRR21549345,586389.0,7671.0,0.014038114262078428,12898.116481543133
snmCseq3,SRR21549290,462649.0,6729.0,0.013608879564720532,14346.569104027018
snmCseq3,SRR21549300,602968.0,7293.0,0.014244352857126509,11922.881371172229
snmCseq3,SRR21549335,587818.0,6714.0,0.015193830658064256,11248.36024239094
snmCseq3,SRR21549364,718821.0,11889.0,0.013778976599200948,16311.685033147474
snmCseq3,SRR21549316,1001397.0,11994.0,0.015239543157890596,11794.739668047998
snmCseq3,SRR21549295,452691.0,5486.0,0.015392545805710707,11932.104887682483
snmCseq3,SRR21549315,1097130.0,14520.0,0.015942179775119653,13023.54283418124
snmCseq3,SRR21549333,51064.0,844.0,0.016733098415265824,16251.70893266324
snmCseq3,SRR21549307,1259510.0,17337.0,0.0150336191889791,13557.940900922318
snmCseq3,SRR21549342,648220.0,8392.0,0.015351057075066152,12747.483769439457
snmCseq3,SRR21549302,741814.0,9261.0,0.014452126500613796,12303.837426198232
snmCseq3,SRR21549317,1124233.0,14689.0,0.0162572671620529,12853.382708616991
snmCseq3,SRR21549366,760851.0,8881.0,0.013918013452740446,11509.998833577418
snmCseq3,SRR21549297,780480.0,11722.0,0.013011385120054023,14823.545181968437
snmCseq3,SRR21549305,1156122.0,17346.0,0.013795174248098173,14796.629514439212
snmCseq3,SRR21549334,168376.0,2144.0,0.014584357515743147,12547.69763794274
snmCseq3,SRR21549344,619634.0,9086.0,0.0132855184186682,14468.682770228846
snmCseq3,SRR21549311,1050056.0,13870.0,0.016148360662649644,12995.518560542532
snmCseq3,SRR21549299,710118.0,9774.0,0.015980045728538766,13543.961754313032
snmCseq3,SRR21549309,1156725.0,16535.0,0.0154744294437172,14073.466302836141
snmCseq3,SRR21549383,542425.0,7177.0,0.014217225687326442,13043.209607304343
snmCseq3,SRR21549312,1118238.0,14023.0,0.01591017295349801,12340.746464234891
snmCseq3,SRR21549388,822778.0,12259.0,0.013618849638788786,14696.608954393636
snmCseq3,SRR21549340,43559.0,594.0,0.01403381697186446,13445.302066592723
